design,domain,tool,flow,datatype,bram,dsp,ff,lut,bram_avail,dsp_avail,ff_avail,lut_avail,bram_util,dsp_util,ff_util,lut_util,cycles,latency_ns,ii,target_clock_ns,achieved_clock_ns,fmax_mhz,power_w,power_dyn_w,power_static_w,timing_met,throughput,notes
config_CIN16_HIN28_WIN28_COUT16_K1_UFCIN1_UFCOU1_PAD1_STRIDE1_BIASFalse_conv2d_ACTIVATIONrelu_ap_fixed_16_5_,conv,vitis,csynth,,52,2,5008,8786,1824,2520,548160,274080,2.8509,0.0794,0.9136,3.2056,295438,2156697.4,,7.3,,,,,,,,
config_CIN16_HIN28_WIN28_COUT16_K1_UFCIN1_UFCOU1_PAD1_STRIDE1_BIASFalse_conv2d_ACTIVATIONsigmoid_ap_fixed_16_5_,conv,vitis,csynth,,52,5,6711,10238,1824,2520,548160,274080,2.8509,0.1984,1.2243,3.7354,295467,2156909.1,,7.3,,,,,,,,
config_CIN16_HIN28_WIN28_COUT16_K1_UFCIN1_UFCOU1_PAD1_STRIDE1_BIASFalse_group_conv2d_GROUPS2_ACTIVATIONrelu_ap_fixed_16_5_,conv,vitis,csynth,,52,6,5400,9442,1824,2520,548160,274080,2.8509,0.2381,0.9851,3.445,991204,7235789.2,,7.3,,,,,,,,
config_CIN16_HIN28_WIN28_COUT16_K1_UFCIN1_UFCOU1_PAD1_STRIDE1_BIASFalse_group_conv2d_GROUPS2_ACTIVATIONsigmoid_ap_fixed_16_5_,conv,vitis,csynth,,52,9,7103,10895,1824,2520,548160,274080,2.8509,0.3571,1.2958,3.9751,991233,7236000.899999999,,7.3,,,,,,,,
config_CIN16_HIN28_WIN28_COUT16_K1_UFCIN1_UFCOU1_PAD1_STRIDE1_BIASFalse_group_conv2d_GROUPS4_ACTIVATIONrelu_ap_fixed_16_5_,conv,vitis,csynth,,52,6,5402,9445,1824,2520,548160,274080,2.8509,0.2381,0.9855,3.4461,1923730,14043229.0,,7.3,,,,,,,,
config_CIN16_HIN28_WIN28_COUT16_K1_UFCIN1_UFCOU1_PAD1_STRIDE1_BIASFalse_group_conv2d_GROUPS4_ACTIVATIONsigmoid_ap_fixed_16_5_,conv,vitis,csynth,,52,9,7105,10898,1824,2520,548160,274080,2.8509,0.3571,1.2962,3.9762,1923759,14043440.7,,7.3,,,,,,,,
config_CIN16_HIN28_WIN28_COUT16_K1_UFCIN1_UFCOU1_PAD1_STRIDE1_BIASTrue_conv2d_ACTIVATIONrelu_ap_fixed_16_5_,conv,vitis,csynth,,52,2,5141,8996,1824,2520,548160,274080,2.8509,0.0794,0.9379,3.2823,307947,2248013.1,,7.3,,,,,,,,
config_CIN16_HIN28_WIN28_COUT16_K1_UFCIN1_UFCOU1_PAD1_STRIDE1_BIASTrue_conv2d_ACTIVATIONsigmoid_ap_fixed_16_5_,conv,vitis,csynth,,52,5,6844,10449,1824,2520,548160,274080,2.8509,0.1984,1.2485,3.8124,307976,2248224.8,,7.3,,,,,,,,
config_CIN16_HIN28_WIN28_COUT16_K1_UFCIN1_UFCOU1_PAD1_STRIDE1_BIASTrue_group_conv2d_GROUPS2_ACTIVATIONrelu_ap_fixed_16_5_,conv,vitis,csynth,,52,6,5533,9653,1824,2520,548160,274080,2.8509,0.2381,1.0094,3.522,1003713,7327104.899999999,,7.3,,,,,,,,
config_CIN16_HIN28_WIN28_COUT16_K1_UFCIN1_UFCOU1_PAD1_STRIDE1_BIASTrue_group_conv2d_GROUPS2_ACTIVATIONsigmoid_ap_fixed_16_5_,conv,vitis,csynth,,52,9,7236,11106,1824,2520,548160,274080,2.8509,0.3571,1.3201,4.0521,1003742,7327316.6,,7.3,,,,,,,,
config_CIN16_HIN28_WIN28_COUT16_K1_UFCIN1_UFCOU1_PAD1_STRIDE1_BIASTrue_group_conv2d_GROUPS4_ACTIVATIONrelu_ap_fixed_16_5_,conv,vitis,csynth,,52,6,5535,9656,1824,2520,548160,274080,2.8509,0.2381,1.0097,3.5231,1936239,14134544.7,,7.3,,,,,,,,
config_CIN16_HIN28_WIN28_COUT16_K1_UFCIN1_UFCOU1_PAD1_STRIDE1_BIASTrue_group_conv2d_GROUPS4_ACTIVATIONsigmoid_ap_fixed_16_5_,conv,vitis,csynth,,52,9,7238,11109,1824,2520,548160,274080,2.8509,0.3571,1.3204,4.0532,1936268,14134756.4,,7.3,,,,,,,,
config_CIN16_HIN28_WIN28_COUT16_K1_UFCIN1_UFCOU4_PAD1_STRIDE1_BIASFalse_conv2d_ACTIVATIONrelu_ap_fixed_16_5_,conv,vitis,csynth,,55,5,5137,9576,1824,2520,548160,274080,3.0154,0.1984,0.9371,3.4939,124319,907528.7,,7.3,,,,,,,,
config_CIN16_HIN28_WIN28_COUT16_K1_UFCIN1_UFCOU4_PAD1_STRIDE1_BIASFalse_conv2d_ACTIVATIONsigmoid_ap_fixed_16_5_,conv,vitis,csynth,,55,8,7032,11121,1824,2520,548160,274080,3.0154,0.3175,1.2828,4.0576,124348,907740.4,,7.3,,,,,,,,
config_CIN16_HIN28_WIN28_COUT16_K1_UFCIN1_UFCOU4_PAD1_STRIDE1_BIASFalse_group_conv2d_GROUPS2_ACTIVATIONrelu_ap_fixed_16_5_,conv,vitis,csynth,,55,21,5951,10781,1824,2520,548160,274080,3.0154,0.8333,1.0856,3.9335,301685,2202300.5,,7.3,,,,,,,,
config_CIN16_HIN28_WIN28_COUT16_K1_UFCIN1_UFCOU4_PAD1_STRIDE1_BIASFalse_group_conv2d_GROUPS2_ACTIVATIONsigmoid_ap_fixed_16_5_,conv,vitis,csynth,,55,24,7846,12326,1824,2520,548160,274080,3.0154,0.9524,1.4313,4.4972,301714,2202512.1999999997,,7.3,,,,,,,,
config_CIN16_HIN28_WIN28_COUT16_K1_UFCIN1_UFCOU4_PAD1_STRIDE1_BIASFalse_group_conv2d_GROUPS4_ACTIVATIONrelu_ap_fixed_16_5_,conv,vitis,csynth,,55,5,5441,9757,1824,2520,548160,274080,3.0154,0.1984,0.9926,3.5599,150607,1099431.0999999999,,7.3,,,,,,,,
config_CIN16_HIN28_WIN28_COUT16_K1_UFCIN1_UFCOU4_PAD1_STRIDE1_BIASFalse_group_conv2d_GROUPS4_ACTIVATIONsigmoid_ap_fixed_16_5_,conv,vitis,csynth,,55,8,7336,11302,1824,2520,548160,274080,3.0154,0.3175,1.3383,4.1236,150636,1099642.8,,7.3,,,,,,,,
config_CIN16_HIN28_WIN28_COUT16_K1_UFCIN1_UFCOU4_PAD1_STRIDE1_BIASTrue_conv2d_ACTIVATIONrelu_ap_fixed_16_5_,conv,vitis,csynth,,55,5,5313,9897,1824,2520,548160,274080,3.0154,0.1984,0.9692,3.611,124348,907740.4,,7.3,,,,,,,,
config_CIN16_HIN28_WIN28_COUT16_K1_UFCIN1_UFCOU4_PAD1_STRIDE1_BIASTrue_conv2d_ACTIVATIONsigmoid_ap_fixed_16_5_,conv,vitis,csynth,,55,8,7208,11446,1824,2520,548160,274080,3.0154,0.3175,1.3149,4.1762,124377,907952.1,,7.3,,,,,,,,
config_CIN16_HIN28_WIN28_COUT16_K1_UFCIN1_UFCOU4_PAD1_STRIDE1_BIASTrue_group_conv2d_GROUPS2_ACTIVATIONrelu_ap_fixed_16_5_,conv,vitis,csynth,,55,21,6127,11102,1824,2520,548160,274080,3.0154,0.8333,1.1177,4.0506,301714,2202512.1999999997,,7.3,,,,,,,,
config_CIN16_HIN28_WIN28_COUT16_K1_UFCIN1_UFCOU4_PAD1_STRIDE1_BIASTrue_group_conv2d_GROUPS2_ACTIVATIONsigmoid_ap_fixed_16_5_,conv,vitis,csynth,,55,24,8022,12651,1824,2520,548160,274080,3.0154,0.9524,1.4634,4.6158,301743,2202723.9,,7.3,,,,,,,,
config_CIN16_HIN28_WIN28_COUT16_K1_UFCIN1_UFCOU4_PAD1_STRIDE1_BIASTrue_group_conv2d_GROUPS4_ACTIVATIONrelu_ap_fixed_16_5_,conv,vitis,csynth,,55,5,5617,10078,1824,2520,548160,274080,3.0154,0.1984,1.0247,3.677,150636,1099642.8,,7.3,,,,,,,,
config_CIN16_HIN28_WIN28_COUT16_K1_UFCIN1_UFCOU4_PAD1_STRIDE1_BIASTrue_group_conv2d_GROUPS4_ACTIVATIONsigmoid_ap_fixed_16_5_,conv,vitis,csynth,,55,8,7512,11627,1824,2520,548160,274080,3.0154,0.3175,1.3704,4.2422,150665,1099854.5,,7.3,,,,,,,,
config_CIN16_HIN28_WIN28_COUT16_K1_UFCIN1_UFCOU8_PAD1_STRIDE1_BIASFalse_conv2d_ACTIVATIONrelu_ap_fixed_16_5_,conv,vitis,csynth,,51,9,5472,10374,1824,2520,548160,274080,2.7961,0.3571,0.9982,3.785,121619,887818.7,,7.3,,,,,,,,
config_CIN16_HIN28_WIN28_COUT16_K1_UFCIN1_UFCOU8_PAD1_STRIDE1_BIASFalse_conv2d_ACTIVATIONsigmoid_ap_fixed_16_5_,conv,vitis,csynth,,51,12,7239,11855,1824,2520,548160,274080,2.7961,0.4762,1.3206,4.3254,121648,888030.4,,7.3,,,,,,,,
config_CIN16_HIN28_WIN28_COUT16_K1_UFCIN1_UFCOU8_PAD1_STRIDE1_BIASFalse_group_conv2d_GROUPS2_ACTIVATIONrelu_ap_fixed_16_5_,conv,vitis,csynth,,51,9,5800,10569,1824,2520,548160,274080,2.7961,0.3571,1.0581,3.8562,103683,756885.9,,7.3,,,,,,,,
config_CIN16_HIN28_WIN28_COUT16_K1_UFCIN1_UFCOU8_PAD1_STRIDE1_BIASFalse_group_conv2d_GROUPS2_ACTIVATIONsigmoid_ap_fixed_16_5_,conv,vitis,csynth,,51,12,7567,12050,1824,2520,548160,274080,2.7961,0.4762,1.3804,4.3965,103712,757097.6,,7.3,,,,,,,,
config_CIN16_HIN28_WIN28_COUT16_K1_UFCIN1_UFCOU8_PAD1_STRIDE1_BIASFalse_group_conv2d_GROUPS4_ACTIVATIONrelu_ap_fixed_16_5_,conv,vitis,csynth,,51,5,5610,10582,1824,2520,548160,274080,2.7961,0.1984,1.0234,3.8609,148807,1086291.0999999999,,7.3,,,,,,,,
config_CIN16_HIN28_WIN28_COUT16_K1_UFCIN1_UFCOU8_PAD1_STRIDE1_BIASFalse_group_conv2d_GROUPS4_ACTIVATIONsigmoid_ap_fixed_16_5_,conv,vitis,csynth,,51,8,7377,12063,1824,2520,548160,274080,2.7961,0.3175,1.3458,4.4013,148836,1086502.8,,7.3,,,,,,,,
config_CIN16_HIN28_WIN28_COUT16_K1_UFCIN1_UFCOU8_PAD1_STRIDE1_BIASTrue_conv2d_ACTIVATIONrelu_ap_fixed_16_5_,conv,vitis,csynth,,51,9,5711,10847,1824,2520,548160,274080,2.7961,0.3571,1.0418,3.9576,121648,888030.4,,7.3,,,,,,,,
config_CIN16_HIN28_WIN28_COUT16_K1_UFCIN1_UFCOU8_PAD1_STRIDE1_BIASTrue_conv2d_ACTIVATIONsigmoid_ap_fixed_16_5_,conv,vitis,csynth,,51,12,7478,12332,1824,2520,548160,274080,2.7961,0.4762,1.3642,4.4994,121677,888242.1,,7.3,,,,,,,,
config_CIN16_HIN28_WIN28_COUT16_K1_UFCIN1_UFCOU8_PAD1_STRIDE1_BIASTrue_group_conv2d_GROUPS2_ACTIVATIONrelu_ap_fixed_16_5_,conv,vitis,csynth,,51,9,6039,11042,1824,2520,548160,274080,2.7961,0.3571,1.1017,4.0288,103712,757097.6,,7.3,,,,,,,,
config_CIN16_HIN28_WIN28_COUT16_K1_UFCIN1_UFCOU8_PAD1_STRIDE1_BIASTrue_group_conv2d_GROUPS2_ACTIVATIONsigmoid_ap_fixed_16_5_,conv,vitis,csynth,,51,12,7806,12527,1824,2520,548160,274080,2.7961,0.4762,1.424,4.5706,103741,757309.2999999999,,7.3,,,,,,,,
config_CIN16_HIN28_WIN28_COUT16_K1_UFCIN1_UFCOU8_PAD1_STRIDE1_BIASTrue_group_conv2d_GROUPS4_ACTIVATIONrelu_ap_fixed_16_5_,conv,vitis,csynth,,51,5,5849,11055,1824,2520,548160,274080,2.7961,0.1984,1.067,4.0335,148836,1086502.8,,7.3,,,,,,,,
config_CIN16_HIN28_WIN28_COUT16_K1_UFCIN1_UFCOU8_PAD1_STRIDE1_BIASTrue_group_conv2d_GROUPS4_ACTIVATIONsigmoid_ap_fixed_16_5_,conv,vitis,csynth,,51,8,7616,12540,1824,2520,548160,274080,2.7961,0.3175,1.3894,4.5753,148865,1086714.5,,7.3,,,,,,,,
config_CIN16_HIN28_WIN28_COUT16_K1_UFCIN4_UFCOU1_PAD1_STRIDE1_BIASFalse_conv2d_ACTIVATIONrelu_ap_fixed_16_5_,conv,vitis,csynth,,55,5,5401,9504,1824,2520,548160,274080,3.0154,0.1984,0.9853,3.4676,407819,2977078.6999999997,,7.3,,,,,,,,
config_CIN16_HIN28_WIN28_COUT16_K1_UFCIN4_UFCOU1_PAD1_STRIDE1_BIASFalse_conv2d_ACTIVATIONsigmoid_ap_fixed_16_5_,conv,vitis,csynth,,55,8,7104,10953,1824,2520,548160,274080,3.0154,0.3175,1.296,3.9963,407848,2977290.4,,7.3,,,,,,,,
config_CIN16_HIN28_WIN28_COUT16_K1_UFCIN4_UFCOU1_PAD1_STRIDE1_BIASFalse_group_conv2d_GROUPS2_ACTIVATIONrelu_ap_fixed_16_5_,conv,vitis,csynth,,55,5,5521,9691,1824,2520,548160,274080,3.0154,0.1984,1.0072,3.5358,757083,5526705.899999999,,7.3,,,,,,,,
config_CIN16_HIN28_WIN28_COUT16_K1_UFCIN4_UFCOU1_PAD1_STRIDE1_BIASFalse_group_conv2d_GROUPS2_ACTIVATIONsigmoid_ap_fixed_16_5_,conv,vitis,csynth,,55,8,7224,11140,1824,2520,548160,274080,3.0154,0.3175,1.3179,4.0645,757112,5526917.6,,7.3,,,,,,,,
config_CIN16_HIN28_WIN28_COUT16_K1_UFCIN4_UFCOU1_PAD1_STRIDE1_BIASFalse_group_conv2d_GROUPS4_ACTIVATIONrelu_ap_fixed_16_5_,conv,vitis,csynth,,55,5,5531,9694,1824,2520,548160,274080,3.0154,0.1984,1.009,3.5369,1443007,10533951.1,,7.3,,,,,,,,
config_CIN16_HIN28_WIN28_COUT16_K1_UFCIN4_UFCOU1_PAD1_STRIDE1_BIASFalse_group_conv2d_GROUPS4_ACTIVATIONsigmoid_ap_fixed_16_5_,conv,vitis,csynth,,55,8,7234,11143,1824,2520,548160,274080,3.0154,0.3175,1.3197,4.0656,1443036,10534162.799999999,,7.3,,,,,,,,
config_CIN16_HIN28_WIN28_COUT16_K1_UFCIN4_UFCOU1_PAD1_STRIDE1_BIASTrue_conv2d_ACTIVATIONrelu_ap_fixed_16_5_,conv,vitis,csynth,,55,5,5534,9714,1824,2520,548160,274080,3.0154,0.1984,1.0096,3.5442,407848,2977290.4,,7.3,,,,,,,,
config_CIN16_HIN28_WIN28_COUT16_K1_UFCIN4_UFCOU1_PAD1_STRIDE1_BIASTrue_conv2d_ACTIVATIONsigmoid_ap_fixed_16_5_,conv,vitis,csynth,,55,8,7237,11167,1824,2520,548160,274080,3.0154,0.3175,1.3202,4.0744,407877,2977502.1,,7.3,,,,,,,,
config_CIN16_HIN28_WIN28_COUT16_K1_UFCIN4_UFCOU1_PAD1_STRIDE1_BIASTrue_group_conv2d_GROUPS2_ACTIVATIONrelu_ap_fixed_16_5_,conv,vitis,csynth,,55,5,5654,9901,1824,2520,548160,274080,3.0154,0.1984,1.0315,3.6124,757112,5526917.6,,7.3,,,,,,,,
config_CIN16_HIN28_WIN28_COUT16_K1_UFCIN4_UFCOU1_PAD1_STRIDE1_BIASTrue_group_conv2d_GROUPS2_ACTIVATIONsigmoid_ap_fixed_16_5_,conv,vitis,csynth,,55,8,7357,11354,1824,2520,548160,274080,3.0154,0.3175,1.3421,4.1426,757141,5527129.3,,7.3,,,,,,,,
config_CIN16_HIN28_WIN28_COUT16_K1_UFCIN4_UFCOU1_PAD1_STRIDE1_BIASTrue_group_conv2d_GROUPS4_ACTIVATIONrelu_ap_fixed_16_5_,conv,vitis,csynth,,55,5,5664,9904,1824,2520,548160,274080,3.0154,0.1984,1.0333,3.6135,1443036,10534162.799999999,,7.3,,,,,,,,
config_CIN16_HIN28_WIN28_COUT16_K1_UFCIN4_UFCOU1_PAD1_STRIDE1_BIASTrue_group_conv2d_GROUPS4_ACTIVATIONsigmoid_ap_fixed_16_5_,conv,vitis,csynth,,55,8,7367,11357,1824,2520,548160,274080,3.0154,0.3175,1.344,4.1437,1443065,10534374.5,,7.3,,,,,,,,
config_CIN16_HIN28_WIN28_COUT16_K1_UFCIN4_UFCOU4_PAD1_STRIDE1_BIASFalse_conv2d_ACTIVATIONrelu_ap_fixed_16_5_,conv,vitis,csynth,,51,17,5959,10923,1824,2520,548160,274080,2.7961,0.6746,1.0871,3.9853,224219,1636798.7,,7.3,,,,,,,,
config_CIN16_HIN28_WIN28_COUT16_K1_UFCIN4_UFCOU4_PAD1_STRIDE1_BIASFalse_conv2d_ACTIVATIONsigmoid_ap_fixed_16_5_,conv,vitis,csynth,,51,20,7854,12468,1824,2520,548160,274080,2.7961,0.7937,1.4328,4.549,224248,1637010.4,,7.3,,,,,,,,
config_CIN16_HIN28_WIN28_COUT16_K1_UFCIN4_UFCOU4_PAD1_STRIDE1_BIASFalse_group_conv2d_GROUPS2_ACTIVATIONrelu_ap_fixed_16_5_,conv,vitis,csynth,,51,17,7814,13289,1824,2520,548160,274080,2.7961,0.6746,1.4255,4.8486,487083,3555705.9,,7.3,,,,,,,,
config_CIN16_HIN28_WIN28_COUT16_K1_UFCIN4_UFCOU4_PAD1_STRIDE1_BIASFalse_group_conv2d_GROUPS2_ACTIVATIONsigmoid_ap_fixed_16_5_,conv,vitis,csynth,,51,20,9709,14834,1824,2520,548160,274080,2.7961,0.7937,1.7712,5.4123,487112,3555917.6,,7.3,,,,,,,,
config_CIN16_HIN28_WIN28_COUT16_K1_UFCIN4_UFCOU4_PAD1_STRIDE1_BIASFalse_group_conv2d_GROUPS4_ACTIVATIONrelu_ap_fixed_16_5_,conv,vitis,csynth,,51,17,6013,10078,1824,2520,548160,274080,2.7961,0.6746,1.0969,3.677,89411,652700.2999999999,,7.3,,,,,,,,
config_CIN16_HIN28_WIN28_COUT16_K1_UFCIN4_UFCOU4_PAD1_STRIDE1_BIASFalse_group_conv2d_GROUPS4_ACTIVATIONsigmoid_ap_fixed_16_5_,conv,vitis,csynth,,51,20,7908,11623,1824,2520,548160,274080,2.7961,0.7937,1.4426,4.2407,89440,652912.0,,7.3,,,,,,,,
config_CIN16_HIN28_WIN28_COUT16_K1_UFCIN4_UFCOU4_PAD1_STRIDE1_BIASTrue_conv2d_ACTIVATIONrelu_ap_fixed_16_5_,conv,vitis,csynth,,51,17,6135,11244,1824,2520,548160,274080,2.7961,0.6746,1.1192,4.1025,224248,1637010.4,,7.3,,,,,,,,
config_CIN16_HIN28_WIN28_COUT16_K1_UFCIN4_UFCOU4_PAD1_STRIDE1_BIASTrue_conv2d_ACTIVATIONsigmoid_ap_fixed_16_5_,conv,vitis,csynth,,51,20,8030,12793,1824,2520,548160,274080,2.7961,0.7937,1.4649,4.6676,224277,1637222.0999999999,,7.3,,,,,,,,
config_CIN16_HIN28_WIN28_COUT16_K1_UFCIN4_UFCOU4_PAD1_STRIDE1_BIASTrue_group_conv2d_GROUPS2_ACTIVATIONrelu_ap_fixed_16_5_,conv,vitis,csynth,,51,17,7990,13610,1824,2520,548160,274080,2.7961,0.6746,1.4576,4.9657,487112,3555917.6,,7.3,,,,,,,,
config_CIN16_HIN28_WIN28_COUT16_K1_UFCIN4_UFCOU4_PAD1_STRIDE1_BIASTrue_group_conv2d_GROUPS2_ACTIVATIONsigmoid_ap_fixed_16_5_,conv,vitis,csynth,,51,20,9885,15159,1824,2520,548160,274080,2.7961,0.7937,1.8033,5.5309,487141,3556129.3,,7.3,,,,,,,,
config_CIN16_HIN28_WIN28_COUT16_K1_UFCIN4_UFCOU4_PAD1_STRIDE1_BIASTrue_group_conv2d_GROUPS4_ACTIVATIONrelu_ap_fixed_16_5_,conv,vitis,csynth,,51,17,6189,10399,1824,2520,548160,274080,2.7961,0.6746,1.129,3.7941,89440,652912.0,,7.3,,,,,,,,
config_CIN16_HIN28_WIN28_COUT16_K1_UFCIN4_UFCOU4_PAD1_STRIDE1_BIASTrue_group_conv2d_GROUPS4_ACTIVATIONsigmoid_ap_fixed_16_5_,conv,vitis,csynth,,51,20,8084,11948,1824,2520,548160,274080,2.7961,0.7937,1.4748,4.3593,89469,653123.7,,7.3,,,,,,,,
config_CIN16_HIN28_WIN28_COUT16_K1_UFCIN4_UFCOU8_PAD1_STRIDE1_BIASFalse_conv2d_ACTIVATIONrelu_ap_fixed_16_5_,conv,vitis,csynth,,51,33,6531,12492,1824,2520,548160,274080,2.7961,1.3095,1.1914,4.5578,193619,1413418.7,,7.3,,,,,,,,
config_CIN16_HIN28_WIN28_COUT16_K1_UFCIN4_UFCOU8_PAD1_STRIDE1_BIASFalse_conv2d_ACTIVATIONsigmoid_ap_fixed_16_5_,conv,vitis,csynth,,51,36,8298,13973,1824,2520,548160,274080,2.7961,1.4286,1.5138,5.0981,193648,1413630.4,,7.3,,,,,,,,
config_CIN16_HIN28_WIN28_COUT16_K1_UFCIN4_UFCOU8_PAD1_STRIDE1_BIASFalse_group_conv2d_GROUPS2_ACTIVATIONrelu_ap_fixed_16_5_,conv,vitis,csynth,,51,33,7398,11653,1824,2520,548160,274080,2.7961,1.3095,1.3496,4.2517,110883,809445.9,,7.3,,,,,,,,
config_CIN16_HIN28_WIN28_COUT16_K1_UFCIN4_UFCOU8_PAD1_STRIDE1_BIASFalse_group_conv2d_GROUPS2_ACTIVATIONsigmoid_ap_fixed_16_5_,conv,vitis,csynth,,51,36,9165,13134,1824,2520,548160,274080,2.7961,1.4286,1.672,4.792,110912,809657.6,,7.3,,,,,,,,
config_CIN16_HIN28_WIN28_COUT16_K1_UFCIN4_UFCOU8_PAD1_STRIDE1_BIASFalse_group_conv2d_GROUPS4_ACTIVATIONrelu_ap_fixed_16_5_,conv,vitis,csynth,,51,17,6310,11421,1824,2520,548160,274080,2.7961,0.6746,1.1511,4.167,87611,639560.2999999999,,7.3,,,,,,,,
config_CIN16_HIN28_WIN28_COUT16_K1_UFCIN4_UFCOU8_PAD1_STRIDE1_BIASFalse_group_conv2d_GROUPS4_ACTIVATIONsigmoid_ap_fixed_16_5_,conv,vitis,csynth,,51,20,8077,12902,1824,2520,548160,274080,2.7961,0.7937,1.4735,4.7074,87640,639772.0,,7.3,,,,,,,,
config_CIN16_HIN28_WIN28_COUT16_K1_UFCIN4_UFCOU8_PAD1_STRIDE1_BIASTrue_conv2d_ACTIVATIONrelu_ap_fixed_16_5_,conv,vitis,csynth,,51,33,6770,12965,1824,2520,548160,274080,2.7961,1.3095,1.235,4.7304,193648,1413630.4,,7.3,,,,,,,,
config_CIN16_HIN28_WIN28_COUT16_K1_UFCIN4_UFCOU8_PAD1_STRIDE1_BIASTrue_conv2d_ACTIVATIONsigmoid_ap_fixed_16_5_,conv,vitis,csynth,,51,36,8537,14450,1824,2520,548160,274080,2.7961,1.4286,1.5574,5.2722,193677,1413842.0999999999,,7.3,,,,,,,,
config_CIN16_HIN28_WIN28_COUT16_K1_UFCIN4_UFCOU8_PAD1_STRIDE1_BIASTrue_group_conv2d_GROUPS2_ACTIVATIONrelu_ap_fixed_16_5_,conv,vitis,csynth,,51,33,7637,12126,1824,2520,548160,274080,2.7961,1.3095,1.3932,4.4243,110912,809657.6,,7.3,,,,,,,,
config_CIN16_HIN28_WIN28_COUT16_K1_UFCIN4_UFCOU8_PAD1_STRIDE1_BIASTrue_group_conv2d_GROUPS2_ACTIVATIONsigmoid_ap_fixed_16_5_,conv,vitis,csynth,,51,36,9404,13611,1824,2520,548160,274080,2.7961,1.4286,1.7156,4.9661,110941,809869.2999999999,,7.3,,,,,,,,
config_CIN16_HIN28_WIN28_COUT16_K1_UFCIN4_UFCOU8_PAD1_STRIDE1_BIASTrue_group_conv2d_GROUPS4_ACTIVATIONrelu_ap_fixed_16_5_,conv,vitis,csynth,,51,17,6549,11894,1824,2520,548160,274080,2.7961,0.6746,1.1947,4.3396,87640,639772.0,,7.3,,,,,,,,
config_CIN16_HIN28_WIN28_COUT16_K1_UFCIN4_UFCOU8_PAD1_STRIDE1_BIASTrue_group_conv2d_GROUPS4_ACTIVATIONsigmoid_ap_fixed_16_5_,conv,vitis,csynth,,51,20,8316,13379,1824,2520,548160,274080,2.7961,0.7937,1.5171,4.8814,87669,639983.7,,7.3,,,,,,,,
config_CIN16_HIN28_WIN28_COUT16_K1_UFCIN8_UFCOU1_PAD1_STRIDE1_BIASFalse_conv2d_ACTIVATIONrelu_ap_fixed_16_5_,conv,vitis,csynth,,51,9,5988,10557,1824,2520,548160,274080,2.7961,0.3571,1.0924,3.8518,406019,2963938.6999999997,,7.3,,,,,,,,
config_CIN16_HIN28_WIN28_COUT16_K1_UFCIN8_UFCOU1_PAD1_STRIDE1_BIASFalse_conv2d_ACTIVATIONsigmoid_ap_fixed_16_5_,conv,vitis,csynth,,51,12,7691,12006,1824,2520,548160,274080,2.7961,0.4762,1.4031,4.3805,406048,2964150.4,,7.3,,,,,,,,
config_CIN16_HIN28_WIN28_COUT16_K1_UFCIN8_UFCOU1_PAD1_STRIDE1_BIASFalse_group_conv2d_GROUPS2_ACTIVATIONrelu_ap_fixed_16_5_,conv,vitis,csynth,,51,9,6199,10850,1824,2520,548160,274080,2.7961,0.3571,1.1309,3.9587,767883,5605545.899999999,,7.3,,,,,,,,
config_CIN16_HIN28_WIN28_COUT16_K1_UFCIN8_UFCOU1_PAD1_STRIDE1_BIASFalse_group_conv2d_GROUPS2_ACTIVATIONsigmoid_ap_fixed_16_5_,conv,vitis,csynth,,51,12,7902,12299,1824,2520,548160,274080,2.7961,0.4762,1.4415,4.4874,767912,5605757.6,,7.3,,,,,,,,
config_CIN16_HIN28_WIN28_COUT16_K1_UFCIN8_UFCOU1_PAD1_STRIDE1_BIASFalse_group_conv2d_GROUPS4_ACTIVATIONrelu_ap_fixed_16_5_,conv,vitis,csynth,,51,9,6190,11862,1824,2520,548160,274080,2.7961,0.3571,1.1292,4.3279,1464607,10691631.1,,7.3,,,,,,,,
config_CIN16_HIN28_WIN28_COUT16_K1_UFCIN8_UFCOU1_PAD1_STRIDE1_BIASFalse_group_conv2d_GROUPS4_ACTIVATIONsigmoid_ap_fixed_16_5_,conv,vitis,csynth,,51,12,7893,13311,1824,2520,548160,274080,2.7961,0.4762,1.4399,4.8566,1464636,10691842.799999999,,7.3,,,,,,,,
config_CIN16_HIN28_WIN28_COUT16_K1_UFCIN8_UFCOU1_PAD1_STRIDE1_BIASTrue_conv2d_ACTIVATIONrelu_ap_fixed_16_5_,conv,vitis,csynth,,51,9,6121,10767,1824,2520,548160,274080,2.7961,0.3571,1.1166,3.9284,406048,2964150.4,,7.3,,,,,,,,
config_CIN16_HIN28_WIN28_COUT16_K1_UFCIN8_UFCOU1_PAD1_STRIDE1_BIASTrue_conv2d_ACTIVATIONsigmoid_ap_fixed_16_5_,conv,vitis,csynth,,51,12,7824,12220,1824,2520,548160,274080,2.7961,0.4762,1.4273,4.4586,406077,2964362.1,,7.3,,,,,,,,
config_CIN16_HIN28_WIN28_COUT16_K1_UFCIN8_UFCOU1_PAD1_STRIDE1_BIASTrue_group_conv2d_GROUPS2_ACTIVATIONrelu_ap_fixed_16_5_,conv,vitis,csynth,,51,9,6332,11060,1824,2520,548160,274080,2.7961,0.3571,1.1551,4.0353,767912,5605757.6,,7.3,,,,,,,,
config_CIN16_HIN28_WIN28_COUT16_K1_UFCIN8_UFCOU1_PAD1_STRIDE1_BIASTrue_group_conv2d_GROUPS2_ACTIVATIONsigmoid_ap_fixed_16_5_,conv,vitis,csynth,,51,12,8035,12513,1824,2520,548160,274080,2.7961,0.4762,1.4658,4.5655,767941,5605969.3,,7.3,,,,,,,,
config_CIN16_HIN28_WIN28_COUT16_K1_UFCIN8_UFCOU1_PAD1_STRIDE1_BIASTrue_group_conv2d_GROUPS4_ACTIVATIONrelu_ap_fixed_16_5_,conv,vitis,csynth,,51,9,6323,12072,1824,2520,548160,274080,2.7961,0.3571,1.1535,4.4046,1464636,10691842.799999999,,7.3,,,,,,,,
config_CIN16_HIN28_WIN28_COUT16_K1_UFCIN8_UFCOU1_PAD1_STRIDE1_BIASTrue_group_conv2d_GROUPS4_ACTIVATIONsigmoid_ap_fixed_16_5_,conv,vitis,csynth,,51,12,8026,13525,1824,2520,548160,274080,2.7961,0.4762,1.4642,4.9347,1464665,10692054.5,,7.3,,,,,,,,
config_CIN16_HIN28_WIN28_COUT16_K1_UFCIN8_UFCOU4_PAD1_STRIDE1_BIASFalse_conv2d_ACTIVATIONrelu_ap_fixed_16_5_,conv,vitis,csynth,,51,33,6918,12710,1824,2520,548160,274080,2.7961,1.3095,1.262,4.6373,222419,1623658.7,,7.3,,,,,,,,
config_CIN16_HIN28_WIN28_COUT16_K1_UFCIN8_UFCOU4_PAD1_STRIDE1_BIASFalse_conv2d_ACTIVATIONsigmoid_ap_fixed_16_5_,conv,vitis,csynth,,51,36,8813,14255,1824,2520,548160,274080,2.7961,1.4286,1.6077,5.201,222448,1623870.4,,7.3,,,,,,,,
config_CIN16_HIN28_WIN28_COUT16_K1_UFCIN8_UFCOU4_PAD1_STRIDE1_BIASFalse_group_conv2d_GROUPS2_ACTIVATIONrelu_ap_fixed_16_5_,conv,vitis,csynth,,51,33,10607,17431,1824,2520,548160,274080,2.7961,1.3095,1.935,6.3598,497883,3634545.9,,7.3,,,,,,,,
config_CIN16_HIN28_WIN28_COUT16_K1_UFCIN8_UFCOU4_PAD1_STRIDE1_BIASFalse_group_conv2d_GROUPS2_ACTIVATIONsigmoid_ap_fixed_16_5_,conv,vitis,csynth,,51,36,12502,18976,1824,2520,548160,274080,2.7961,1.4286,2.2807,6.9235,497912,3634757.6,,7.3,,,,,,,,
config_CIN16_HIN28_WIN28_COUT16_K1_UFCIN8_UFCOU4_PAD1_STRIDE1_BIASFalse_group_conv2d_GROUPS4_ACTIVATIONrelu_ap_fixed_16_5_,conv,vitis,csynth,,51,33,7903,12686,1824,2520,548160,274080,2.7961,1.3095,1.4417,4.6286,179407,1309671.0999999999,,7.3,,,,,,,,
config_CIN16_HIN28_WIN28_COUT16_K1_UFCIN8_UFCOU4_PAD1_STRIDE1_BIASFalse_group_conv2d_GROUPS4_ACTIVATIONsigmoid_ap_fixed_16_5_,conv,vitis,csynth,,51,36,9798,14231,1824,2520,548160,274080,2.7961,1.4286,1.7874,5.1923,179436,1309882.8,,7.3,,,,,,,,
config_CIN16_HIN28_WIN28_COUT16_K1_UFCIN8_UFCOU4_PAD1_STRIDE1_BIASTrue_conv2d_ACTIVATIONrelu_ap_fixed_16_5_,conv,vitis,csynth,,51,33,7094,13031,1824,2520,548160,274080,2.7961,1.3095,1.2941,4.7545,222448,1623870.4,,7.3,,,,,,,,
config_CIN16_HIN28_WIN28_COUT16_K1_UFCIN8_UFCOU4_PAD1_STRIDE1_BIASTrue_conv2d_ACTIVATIONsigmoid_ap_fixed_16_5_,conv,vitis,csynth,,51,36,8989,14580,1824,2520,548160,274080,2.7961,1.4286,1.6398,5.3196,222477,1624082.0999999999,,7.3,,,,,,,,
config_CIN16_HIN28_WIN28_COUT16_K1_UFCIN8_UFCOU4_PAD1_STRIDE1_BIASTrue_group_conv2d_GROUPS2_ACTIVATIONrelu_ap_fixed_16_5_,conv,vitis,csynth,,51,33,10783,17752,1824,2520,548160,274080,2.7961,1.3095,1.9671,6.4769,497912,3634757.6,,7.3,,,,,,,,
config_CIN16_HIN28_WIN28_COUT16_K1_UFCIN8_UFCOU4_PAD1_STRIDE1_BIASTrue_group_conv2d_GROUPS2_ACTIVATIONsigmoid_ap_fixed_16_5_,conv,vitis,csynth,,51,36,12678,19301,1824,2520,548160,274080,2.7961,1.4286,2.3128,7.0421,497941,3634969.3,,7.3,,,,,,,,
config_CIN16_HIN28_WIN28_COUT16_K1_UFCIN8_UFCOU4_PAD1_STRIDE1_BIASTrue_group_conv2d_GROUPS4_ACTIVATIONrelu_ap_fixed_16_5_,conv,vitis,csynth,,51,33,8079,13007,1824,2520,548160,274080,2.7961,1.3095,1.4738,4.7457,179436,1309882.8,,7.3,,,,,,,,
config_CIN16_HIN28_WIN28_COUT16_K1_UFCIN8_UFCOU4_PAD1_STRIDE1_BIASTrue_group_conv2d_GROUPS4_ACTIVATIONsigmoid_ap_fixed_16_5_,conv,vitis,csynth,,51,36,9974,14556,1824,2520,548160,274080,2.7961,1.4286,1.8195,5.3109,179465,1310094.5,,7.3,,,,,,,,
config_CIN16_HIN28_WIN28_COUT16_K1_UFCIN8_UFCOU8_PAD1_STRIDE1_BIASFalse_conv2d_ACTIVATIONrelu_ap_fixed_16_5_,conv,vitis,csynth,,51,65,8058,15359,1824,2520,548160,274080,2.7961,2.5794,1.47,5.6038,191819,1400278.7,,7.3,,,,,,,,
config_CIN16_HIN28_WIN28_COUT16_K1_UFCIN8_UFCOU8_PAD1_STRIDE1_BIASFalse_conv2d_ACTIVATIONsigmoid_ap_fixed_16_5_,conv,vitis,csynth,,51,68,9825,16840,1824,2520,548160,274080,2.7961,2.6984,1.7924,6.1442,191848,1400490.4,,7.3,,,,,,,,
config_CIN16_HIN28_WIN28_COUT16_K1_UFCIN8_UFCOU8_PAD1_STRIDE1_BIASFalse_group_conv2d_GROUPS2_ACTIVATIONrelu_ap_fixed_16_5_,conv,vitis,csynth,,51,65,8884,12759,1824,2520,548160,274080,2.7961,2.5794,1.6207,4.6552,80285,586080.5,,7.3,,,,,,,,
config_CIN16_HIN28_WIN28_COUT16_K1_UFCIN8_UFCOU8_PAD1_STRIDE1_BIASFalse_group_conv2d_GROUPS2_ACTIVATIONsigmoid_ap_fixed_16_5_,conv,vitis,csynth,,51,68,10651,14240,1824,2520,548160,274080,2.7961,2.6984,1.943,5.1956,80314,586292.2,,7.3,,,,,,,,
config_CIN16_HIN28_WIN28_COUT16_K1_UFCIN8_UFCOU8_PAD1_STRIDE1_BIASFalse_group_conv2d_GROUPS4_ACTIVATIONrelu_ap_fixed_16_5_,conv,vitis,csynth,,51,33,8967,15729,1824,2520,548160,274080,2.7961,1.3095,1.6358,5.7388,177607,1296531.0999999999,,7.3,,,,,,,,
config_CIN16_HIN28_WIN28_COUT16_K1_UFCIN8_UFCOU8_PAD1_STRIDE1_BIASFalse_group_conv2d_GROUPS4_ACTIVATIONsigmoid_ap_fixed_16_5_,conv,vitis,csynth,,51,36,10734,17210,1824,2520,548160,274080,2.7961,1.4286,1.9582,6.2792,177636,1296742.8,,7.3,,,,,,,,
config_CIN16_HIN28_WIN28_COUT16_K1_UFCIN8_UFCOU8_PAD1_STRIDE1_BIASTrue_conv2d_ACTIVATIONrelu_ap_fixed_16_5_,conv,vitis,csynth,,51,65,8297,15832,1824,2520,548160,274080,2.7961,2.5794,1.5136,5.7764,191848,1400490.4,,7.3,,,,,,,,
config_CIN16_HIN28_WIN28_COUT16_K1_UFCIN8_UFCOU8_PAD1_STRIDE1_BIASTrue_conv2d_ACTIVATIONsigmoid_ap_fixed_16_5_,conv,vitis,csynth,,51,68,10064,17317,1824,2520,548160,274080,2.7961,2.6984,1.836,6.3182,191877,1400702.0999999999,,7.3,,,,,,,,
config_CIN16_HIN28_WIN28_COUT16_K1_UFCIN8_UFCOU8_PAD1_STRIDE1_BIASTrue_group_conv2d_GROUPS2_ACTIVATIONrelu_ap_fixed_16_5_,conv,vitis,csynth,,51,65,9123,13232,1824,2520,548160,274080,2.7961,2.5794,1.6643,4.8278,80314,586292.2,,7.3,,,,,,,,
config_CIN16_HIN28_WIN28_COUT16_K1_UFCIN8_UFCOU8_PAD1_STRIDE1_BIASTrue_group_conv2d_GROUPS2_ACTIVATIONsigmoid_ap_fixed_16_5_,conv,vitis,csynth,,51,68,10890,14717,1824,2520,548160,274080,2.7961,2.6984,1.9866,5.3696,80343,586503.9,,7.3,,,,,,,,
config_CIN16_HIN28_WIN28_COUT16_K1_UFCIN8_UFCOU8_PAD1_STRIDE1_BIASTrue_group_conv2d_GROUPS4_ACTIVATIONrelu_ap_fixed_16_5_,conv,vitis,csynth,,51,33,9206,16202,1824,2520,548160,274080,2.7961,1.3095,1.6794,5.9114,177636,1296742.8,,7.3,,,,,,,,
config_CIN16_HIN28_WIN28_COUT16_K1_UFCIN8_UFCOU8_PAD1_STRIDE1_BIASTrue_group_conv2d_GROUPS4_ACTIVATIONsigmoid_ap_fixed_16_5_,conv,vitis,csynth,,51,36,10973,17687,1824,2520,548160,274080,2.7961,1.4286,2.0018,6.4532,177665,1296954.5,,7.3,,,,,,,,
config_CIN16_HIN28_WIN28_COUT16_K3_UFCIN1_UFCOU1_PAD1_STRIDE1_BIASFalse_conv2d_ACTIVATIONrelu_ap_fixed_16_5_,conv,vitis,csynth,,55,2,5047,9147,1824,2520,548160,274080,3.0154,0.0794,0.9207,3.3373,1915359,13982120.7,,7.3,,,,,,,,
config_CIN16_HIN28_WIN28_COUT16_K3_UFCIN1_UFCOU1_PAD1_STRIDE1_BIASFalse_conv2d_ACTIVATIONsigmoid_ap_fixed_16_5_,conv,vitis,csynth,,55,5,6750,10600,1824,2520,548160,274080,3.0154,0.1984,1.2314,3.8675,1915388,13982332.4,,7.3,,,,,,,,
config_CIN16_HIN28_WIN28_COUT16_K3_UFCIN1_UFCOU1_PAD1_STRIDE1_BIASFalse_group_conv2d_GROUPS2_ACTIVATIONrelu_ap_fixed_16_5_,conv,vitis,csynth,,55,6,5443,9806,1824,2520,548160,274080,3.0154,0.2381,0.993,3.5778,7375981,53844661.3,,7.3,,,,,,,,
config_CIN16_HIN28_WIN28_COUT16_K3_UFCIN1_UFCOU1_PAD1_STRIDE1_BIASFalse_group_conv2d_GROUPS2_ACTIVATIONsigmoid_ap_fixed_16_5_,conv,vitis,csynth,,55,9,7146,11259,1824,2520,548160,274080,3.0154,0.3571,1.3036,4.1079,7376010,53844873.0,,7.3,,,,,,,,
config_CIN16_HIN28_WIN28_COUT16_K3_UFCIN1_UFCOU1_PAD1_STRIDE1_BIASFalse_group_conv2d_GROUPS4_ACTIVATIONrelu_ap_fixed_16_5_,conv,vitis,csynth,,55,6,5445,9809,1824,2520,548160,274080,3.0154,0.2381,0.9933,3.5789,14698659,107300210.7,,7.3,,,,,,,,
config_CIN16_HIN28_WIN28_COUT16_K3_UFCIN1_UFCOU1_PAD1_STRIDE1_BIASFalse_group_conv2d_GROUPS4_ACTIVATIONsigmoid_ap_fixed_16_5_,conv,vitis,csynth,,55,9,7148,11262,1824,2520,548160,274080,3.0154,0.3571,1.304,4.109,14698688,107300422.39999999,,7.3,,,,,,,,
config_CIN16_HIN28_WIN28_COUT16_K3_UFCIN1_UFCOU1_PAD1_STRIDE1_BIASTrue_conv2d_ACTIVATIONrelu_ap_fixed_16_5_,conv,vitis,csynth,,55,2,5180,9358,1824,2520,548160,274080,3.0154,0.0794,0.945,3.4143,1927867,14073429.1,,7.3,,,,,,,,
config_CIN16_HIN28_WIN28_COUT16_K3_UFCIN1_UFCOU1_PAD1_STRIDE1_BIASTrue_conv2d_ACTIVATIONsigmoid_ap_fixed_16_5_,conv,vitis,csynth,,55,5,6883,10811,1824,2520,548160,274080,3.0154,0.1984,1.2557,3.9445,1927896,14073640.799999999,,7.3,,,,,,,,
config_CIN16_HIN28_WIN28_COUT16_K3_UFCIN1_UFCOU1_PAD1_STRIDE1_BIASTrue_group_conv2d_GROUPS2_ACTIVATIONrelu_ap_fixed_16_5_,conv,vitis,csynth,,55,6,5576,10017,1824,2520,548160,274080,3.0154,0.2381,1.0172,3.6548,7388489,53935969.699999996,,7.3,,,,,,,,
config_CIN16_HIN28_WIN28_COUT16_K3_UFCIN1_UFCOU1_PAD1_STRIDE1_BIASTrue_group_conv2d_GROUPS2_ACTIVATIONsigmoid_ap_fixed_16_5_,conv,vitis,csynth,,55,9,7279,11469,1824,2520,548160,274080,3.0154,0.3571,1.3279,4.1845,7388518,53936181.4,,7.3,,,,,,,,
config_CIN16_HIN28_WIN28_COUT16_K3_UFCIN1_UFCOU1_PAD1_STRIDE1_BIASTrue_group_conv2d_GROUPS4_ACTIVATIONrelu_ap_fixed_16_5_,conv,vitis,csynth,,55,6,5578,10020,1824,2520,548160,274080,3.0154,0.2381,1.0176,3.6559,14711167,107391519.1,,7.3,,,,,,,,
config_CIN16_HIN28_WIN28_COUT16_K3_UFCIN1_UFCOU1_PAD1_STRIDE1_BIASTrue_group_conv2d_GROUPS4_ACTIVATIONsigmoid_ap_fixed_16_5_,conv,vitis,csynth,,55,9,7281,11472,1824,2520,548160,274080,3.0154,0.3571,1.3283,4.1856,14711196,107391730.8,,7.3,,,,,,,,
config_CIN16_HIN28_WIN28_COUT16_K3_UFCIN1_UFCOU4_PAD1_STRIDE1_BIASFalse_conv2d_ACTIVATIONrelu_ap_fixed_16_5_,conv,vitis,csynth,,55,5,5177,9951,1824,2520,548160,274080,3.0154,0.1984,0.9444,3.6307,563679,4114856.6999999997,,7.3,,,,,,,,
config_CIN16_HIN28_WIN28_COUT16_K3_UFCIN1_UFCOU4_PAD1_STRIDE1_BIASFalse_conv2d_ACTIVATIONsigmoid_ap_fixed_16_5_,conv,vitis,csynth,,55,8,7072,11496,1824,2520,548160,274080,3.0154,0.3175,1.2901,4.1944,563708,4115068.4,,7.3,,,,,,,,
config_CIN16_HIN28_WIN28_COUT16_K3_UFCIN1_UFCOU4_PAD1_STRIDE1_BIASFalse_group_conv2d_GROUPS2_ACTIVATIONrelu_ap_fixed_16_5_,conv,vitis,csynth,,55,21,5995,11158,1824,2520,548160,274080,3.0154,0.8333,1.0937,4.0711,1960045,14308328.5,,7.3,,,,,,,,
config_CIN16_HIN28_WIN28_COUT16_K3_UFCIN1_UFCOU4_PAD1_STRIDE1_BIASFalse_group_conv2d_GROUPS2_ACTIVATIONsigmoid_ap_fixed_16_5_,conv,vitis,csynth,,55,24,7890,12703,1824,2520,548160,274080,3.0154,0.9524,1.4394,4.6348,1960074,14308540.2,,7.3,,,,,,,,
config_CIN16_HIN28_WIN28_COUT16_K3_UFCIN1_UFCOU4_PAD1_STRIDE1_BIASFalse_group_conv2d_GROUPS4_ACTIVATIONrelu_ap_fixed_16_5_,conv,vitis,csynth,,55,5,5491,10077,1824,2520,548160,274080,3.0154,0.1984,1.0017,3.6767,787295,5747253.5,,7.3,,,,,,,,
config_CIN16_HIN28_WIN28_COUT16_K3_UFCIN1_UFCOU4_PAD1_STRIDE1_BIASFalse_group_conv2d_GROUPS4_ACTIVATIONsigmoid_ap_fixed_16_5_,conv,vitis,csynth,,55,8,7386,11622,1824,2520,548160,274080,3.0154,0.3175,1.3474,4.2404,787324,5747465.2,,7.3,,,,,,,,
config_CIN16_HIN28_WIN28_COUT16_K3_UFCIN1_UFCOU4_PAD1_STRIDE1_BIASTrue_conv2d_ACTIVATIONrelu_ap_fixed_16_5_,conv,vitis,csynth,,55,5,5353,10272,1824,2520,548160,274080,3.0154,0.1984,0.9765,3.7478,563708,4115068.4,,7.3,,,,,,,,
config_CIN16_HIN28_WIN28_COUT16_K3_UFCIN1_UFCOU4_PAD1_STRIDE1_BIASTrue_conv2d_ACTIVATIONsigmoid_ap_fixed_16_5_,conv,vitis,csynth,,55,8,7248,11821,1824,2520,548160,274080,3.0154,0.3175,1.3222,4.313,563737,4115280.1,,7.3,,,,,,,,
config_CIN16_HIN28_WIN28_COUT16_K3_UFCIN1_UFCOU4_PAD1_STRIDE1_BIASTrue_group_conv2d_GROUPS2_ACTIVATIONrelu_ap_fixed_16_5_,conv,vitis,csynth,,55,21,6171,11479,1824,2520,548160,274080,3.0154,0.8333,1.1258,4.1882,1960074,14308540.2,,7.3,,,,,,,,
config_CIN16_HIN28_WIN28_COUT16_K3_UFCIN1_UFCOU4_PAD1_STRIDE1_BIASTrue_group_conv2d_GROUPS2_ACTIVATIONsigmoid_ap_fixed_16_5_,conv,vitis,csynth,,55,24,8066,13028,1824,2520,548160,274080,3.0154,0.9524,1.4715,4.7534,1960103,14308751.9,,7.3,,,,,,,,
config_CIN16_HIN28_WIN28_COUT16_K3_UFCIN1_UFCOU4_PAD1_STRIDE1_BIASTrue_group_conv2d_GROUPS4_ACTIVATIONrelu_ap_fixed_16_5_,conv,vitis,csynth,,55,5,5667,10398,1824,2520,548160,274080,3.0154,0.1984,1.0338,3.7938,787324,5747465.2,,7.3,,,,,,,,
config_CIN16_HIN28_WIN28_COUT16_K3_UFCIN1_UFCOU4_PAD1_STRIDE1_BIASTrue_group_conv2d_GROUPS4_ACTIVATIONsigmoid_ap_fixed_16_5_,conv,vitis,csynth,,55,8,7562,11947,1824,2520,548160,274080,3.0154,0.3175,1.3795,4.3589,787353,5747676.899999999,,7.3,,,,,,,,
config_CIN16_HIN28_WIN28_COUT16_K3_UFCIN1_UFCOU8_PAD1_STRIDE1_BIASFalse_conv2d_ACTIVATIONrelu_ap_fixed_16_5_,conv,vitis,csynth,,59,9,5384,10689,1824,2520,548160,274080,3.2346,0.3571,0.9822,3.9,555055,4051901.5,,7.3,,,,,,,,
config_CIN16_HIN28_WIN28_COUT16_K3_UFCIN1_UFCOU8_PAD1_STRIDE1_BIASFalse_conv2d_ACTIVATIONsigmoid_ap_fixed_16_5_,conv,vitis,csynth,,59,12,7151,12170,1824,2520,548160,274080,3.2346,0.4762,1.3045,4.4403,555084,4052113.1999999997,,7.3,,,,,,,,
config_CIN16_HIN28_WIN28_COUT16_K3_UFCIN1_UFCOU8_PAD1_STRIDE1_BIASFalse_group_conv2d_GROUPS2_ACTIVATIONrelu_ap_fixed_16_5_,conv,vitis,csynth,,59,9,5721,10771,1824,2520,548160,274080,3.2346,0.3571,1.0437,3.9299,420267,3067949.1,,7.3,,,,,,,,
config_CIN16_HIN28_WIN28_COUT16_K3_UFCIN1_UFCOU8_PAD1_STRIDE1_BIASFalse_group_conv2d_GROUPS2_ACTIVATIONsigmoid_ap_fixed_16_5_,conv,vitis,csynth,,59,12,7488,12252,1824,2520,548160,274080,3.2346,0.4762,1.366,4.4702,420296,3068160.8,,7.3,,,,,,,,
config_CIN16_HIN28_WIN28_COUT16_K3_UFCIN1_UFCOU8_PAD1_STRIDE1_BIASFalse_group_conv2d_GROUPS4_ACTIVATIONrelu_ap_fixed_16_5_,conv,vitis,csynth,,59,5,5529,10784,1824,2520,548160,274080,3.2346,0.1984,1.0086,3.9346,785727,5735807.1,,7.3,,,,,,,,
config_CIN16_HIN28_WIN28_COUT16_K3_UFCIN1_UFCOU8_PAD1_STRIDE1_BIASFalse_group_conv2d_GROUPS4_ACTIVATIONsigmoid_ap_fixed_16_5_,conv,vitis,csynth,,59,8,7296,12265,1824,2520,548160,274080,3.2346,0.3175,1.331,4.475,785756,5736018.8,,7.3,,,,,,,,
config_CIN16_HIN28_WIN28_COUT16_K3_UFCIN1_UFCOU8_PAD1_STRIDE1_BIASTrue_conv2d_ACTIVATIONrelu_ap_fixed_16_5_,conv,vitis,csynth,,59,9,5623,11162,1824,2520,548160,274080,3.2346,0.3571,1.0258,4.0725,555084,4052113.1999999997,,7.3,,,,,,,,
config_CIN16_HIN28_WIN28_COUT16_K3_UFCIN1_UFCOU8_PAD1_STRIDE1_BIASTrue_conv2d_ACTIVATIONsigmoid_ap_fixed_16_5_,conv,vitis,csynth,,59,12,7390,12647,1824,2520,548160,274080,3.2346,0.4762,1.3481,4.6143,555113,4052324.9,,7.3,,,,,,,,
config_CIN16_HIN28_WIN28_COUT16_K3_UFCIN1_UFCOU8_PAD1_STRIDE1_BIASTrue_group_conv2d_GROUPS2_ACTIVATIONrelu_ap_fixed_16_5_,conv,vitis,csynth,,59,9,5960,11244,1824,2520,548160,274080,3.2346,0.3571,1.0873,4.1025,420296,3068160.8,,7.3,,,,,,,,
config_CIN16_HIN28_WIN28_COUT16_K3_UFCIN1_UFCOU8_PAD1_STRIDE1_BIASTrue_group_conv2d_GROUPS2_ACTIVATIONsigmoid_ap_fixed_16_5_,conv,vitis,csynth,,59,12,7727,12729,1824,2520,548160,274080,3.2346,0.4762,1.4096,4.6443,420325,3068372.5,,7.3,,,,,,,,
config_CIN16_HIN28_WIN28_COUT16_K3_UFCIN1_UFCOU8_PAD1_STRIDE1_BIASTrue_group_conv2d_GROUPS4_ACTIVATIONrelu_ap_fixed_16_5_,conv,vitis,csynth,,59,5,5768,11257,1824,2520,548160,274080,3.2346,0.1984,1.0522,4.1072,785756,5736018.8,,7.3,,,,,,,,
config_CIN16_HIN28_WIN28_COUT16_K3_UFCIN1_UFCOU8_PAD1_STRIDE1_BIASTrue_group_conv2d_GROUPS4_ACTIVATIONsigmoid_ap_fixed_16_5_,conv,vitis,csynth,,59,8,7535,12742,1824,2520,548160,274080,3.2346,0.3175,1.3746,4.649,785785,5736230.5,,7.3,,,,,,,,
config_CIN16_HIN28_WIN28_COUT16_K3_UFCIN4_UFCOU1_PAD1_STRIDE1_BIASFalse_conv2d_ACTIVATIONrelu_ap_fixed_16_5_,conv,vitis,csynth,,55,5,5434,10081,1824,2520,548160,274080,3.0154,0.1984,0.9913,3.6781,2711055,19790701.5,,7.3,,,,,,,,
config_CIN16_HIN28_WIN28_COUT16_K3_UFCIN4_UFCOU1_PAD1_STRIDE1_BIASFalse_conv2d_ACTIVATIONsigmoid_ap_fixed_16_5_,conv,vitis,csynth,,55,8,7137,11530,1824,2520,548160,274080,3.0154,0.3175,1.302,4.2068,2711084,19790913.2,,7.3,,,,,,,,
config_CIN16_HIN28_WIN28_COUT16_K3_UFCIN4_UFCOU1_PAD1_STRIDE1_BIASFalse_group_conv2d_GROUPS2_ACTIVATIONrelu_ap_fixed_16_5_,conv,vitis,csynth,,55,5,5566,10284,1824,2520,548160,274080,3.0154,0.1984,1.0154,3.7522,5455115,39822339.5,,7.3,,,,,,,,
config_CIN16_HIN28_WIN28_COUT16_K3_UFCIN4_UFCOU1_PAD1_STRIDE1_BIASFalse_group_conv2d_GROUPS2_ACTIVATIONsigmoid_ap_fixed_16_5_,conv,vitis,csynth,,55,8,7269,11733,1824,2520,548160,274080,3.0154,0.3175,1.3261,4.2809,5455144,39822551.199999996,,7.3,,,,,,,,
config_CIN16_HIN28_WIN28_COUT16_K3_UFCIN4_UFCOU1_PAD1_STRIDE1_BIASFalse_group_conv2d_GROUPS4_ACTIVATIONrelu_ap_fixed_16_5_,conv,vitis,csynth,,55,5,5576,10287,1824,2520,548160,274080,3.0154,0.1984,1.0172,3.7533,10844447,79164463.1,,7.3,,,,,,,,
config_CIN16_HIN28_WIN28_COUT16_K3_UFCIN4_UFCOU1_PAD1_STRIDE1_BIASFalse_group_conv2d_GROUPS4_ACTIVATIONsigmoid_ap_fixed_16_5_,conv,vitis,csynth,,55,8,7279,11736,1824,2520,548160,274080,3.0154,0.3175,1.3279,4.282,10844476,79164674.8,,7.3,,,,,,,,
config_CIN16_HIN28_WIN28_COUT16_K3_UFCIN4_UFCOU1_PAD1_STRIDE1_BIASTrue_conv2d_ACTIVATIONrelu_ap_fixed_16_5_,conv,vitis,csynth,,55,5,5567,10291,1824,2520,548160,274080,3.0154,0.1984,1.0156,3.7547,2711084,19790913.2,,7.3,,,,,,,,
config_CIN16_HIN28_WIN28_COUT16_K3_UFCIN4_UFCOU1_PAD1_STRIDE1_BIASTrue_conv2d_ACTIVATIONsigmoid_ap_fixed_16_5_,conv,vitis,csynth,,55,8,7270,11744,1824,2520,548160,274080,3.0154,0.3175,1.3263,4.2849,2711113,19791124.9,,7.3,,,,,,,,
config_CIN16_HIN28_WIN28_COUT16_K3_UFCIN4_UFCOU1_PAD1_STRIDE1_BIASTrue_group_conv2d_GROUPS2_ACTIVATIONrelu_ap_fixed_16_5_,conv,vitis,csynth,,55,5,5699,10494,1824,2520,548160,274080,3.0154,0.1984,1.0397,3.8288,5455144,39822551.199999996,,7.3,,,,,,,,
config_CIN16_HIN28_WIN28_COUT16_K3_UFCIN4_UFCOU1_PAD1_STRIDE1_BIASTrue_group_conv2d_GROUPS2_ACTIVATIONsigmoid_ap_fixed_16_5_,conv,vitis,csynth,,55,8,7402,11947,1824,2520,548160,274080,3.0154,0.3175,1.3503,4.3589,5455173,39822762.9,,7.3,,,,,,,,
config_CIN16_HIN28_WIN28_COUT16_K3_UFCIN4_UFCOU1_PAD1_STRIDE1_BIASTrue_group_conv2d_GROUPS4_ACTIVATIONrelu_ap_fixed_16_5_,conv,vitis,csynth,,55,5,5709,10497,1824,2520,548160,274080,3.0154,0.1984,1.0415,3.8299,10844476,79164674.8,,7.3,,,,,,,,
config_CIN16_HIN28_WIN28_COUT16_K3_UFCIN4_UFCOU1_PAD1_STRIDE1_BIASTrue_group_conv2d_GROUPS4_ACTIVATIONsigmoid_ap_fixed_16_5_,conv,vitis,csynth,,55,8,7412,11950,1824,2520,548160,274080,3.0154,0.3175,1.3522,4.36,10844505,79164886.5,,7.3,,,,,,,,
config_CIN16_HIN28_WIN28_COUT16_K3_UFCIN4_UFCOU4_PAD1_STRIDE1_BIASFalse_conv2d_ACTIVATIONrelu_ap_fixed_16_5_,conv,vitis,csynth,,67,17,5747,11402,1824,2520,548160,274080,3.6732,0.6746,1.0484,4.1601,1346895,9832333.5,,7.3,,,,,,,,
config_CIN16_HIN28_WIN28_COUT16_K3_UFCIN4_UFCOU4_PAD1_STRIDE1_BIASFalse_conv2d_ACTIVATIONsigmoid_ap_fixed_16_5_,conv,vitis,csynth,,67,20,7642,12947,1824,2520,548160,274080,3.6732,0.7937,1.3941,4.7238,1346924,9832545.2,,7.3,,,,,,,,
config_CIN16_HIN28_WIN28_COUT16_K3_UFCIN4_UFCOU4_PAD1_STRIDE1_BIASFalse_group_conv2d_GROUPS2_ACTIVATIONrelu_ap_fixed_16_5_,conv,vitis,csynth,,67,17,7618,13784,1824,2520,548160,274080,3.6732,0.6746,1.3897,5.0292,3413579,24919126.7,,7.3,,,,,,,,
config_CIN16_HIN28_WIN28_COUT16_K3_UFCIN4_UFCOU4_PAD1_STRIDE1_BIASFalse_group_conv2d_GROUPS2_ACTIVATIONsigmoid_ap_fixed_16_5_,conv,vitis,csynth,,67,20,9513,15329,1824,2520,548160,274080,3.6732,0.7937,1.7354,5.5929,3413608,24919338.4,,7.3,,,,,,,,
config_CIN16_HIN28_WIN28_COUT16_K3_UFCIN4_UFCOU4_PAD1_STRIDE1_BIASFalse_group_conv2d_GROUPS4_ACTIVATIONrelu_ap_fixed_16_5_,conv,vitis,csynth,,67,17,5471,10359,1824,2520,548160,274080,3.6732,0.6746,0.9981,3.7796,307487,2244655.1,,7.3,,,,,,,,
config_CIN16_HIN28_WIN28_COUT16_K3_UFCIN4_UFCOU4_PAD1_STRIDE1_BIASFalse_group_conv2d_GROUPS4_ACTIVATIONsigmoid_ap_fixed_16_5_,conv,vitis,csynth,,67,20,7366,11904,1824,2520,548160,274080,3.6732,0.7937,1.3438,4.3433,307516,2244866.8,,7.3,,,,,,,,
config_CIN16_HIN28_WIN28_COUT16_K3_UFCIN4_UFCOU4_PAD1_STRIDE1_BIASTrue_conv2d_ACTIVATIONrelu_ap_fixed_16_5_,conv,vitis,csynth,,67,17,5923,11723,1824,2520,548160,274080,3.6732,0.6746,1.0805,4.2772,1346924,9832545.2,,7.3,,,,,,,,
config_CIN16_HIN28_WIN28_COUT16_K3_UFCIN4_UFCOU4_PAD1_STRIDE1_BIASTrue_conv2d_ACTIVATIONsigmoid_ap_fixed_16_5_,conv,vitis,csynth,,67,20,7818,13272,1824,2520,548160,274080,3.6732,0.7937,1.4262,4.8424,1346953,9832756.9,,7.3,,,,,,,,
config_CIN16_HIN28_WIN28_COUT16_K3_UFCIN4_UFCOU4_PAD1_STRIDE1_BIASTrue_group_conv2d_GROUPS2_ACTIVATIONrelu_ap_fixed_16_5_,conv,vitis,csynth,,67,17,7794,14105,1824,2520,548160,274080,3.6732,0.6746,1.4218,5.1463,3413608,24919338.4,,7.3,,,,,,,,
config_CIN16_HIN28_WIN28_COUT16_K3_UFCIN4_UFCOU4_PAD1_STRIDE1_BIASTrue_group_conv2d_GROUPS2_ACTIVATIONsigmoid_ap_fixed_16_5_,conv,vitis,csynth,,67,20,9689,15654,1824,2520,548160,274080,3.6732,0.7937,1.7675,5.7115,3413637,24919550.099999998,,7.3,,,,,,,,
config_CIN16_HIN28_WIN28_COUT16_K3_UFCIN4_UFCOU4_PAD1_STRIDE1_BIASTrue_group_conv2d_GROUPS4_ACTIVATIONrelu_ap_fixed_16_5_,conv,vitis,csynth,,67,17,5647,10680,1824,2520,548160,274080,3.6732,0.6746,1.0302,3.8967,307516,2244866.8,,7.3,,,,,,,,
config_CIN16_HIN28_WIN28_COUT16_K3_UFCIN4_UFCOU4_PAD1_STRIDE1_BIASTrue_group_conv2d_GROUPS4_ACTIVATIONsigmoid_ap_fixed_16_5_,conv,vitis,csynth,,67,20,7542,12229,1824,2520,548160,274080,3.6732,0.7937,1.3759,4.4618,307545,2245078.5,,7.3,,,,,,,,
config_CIN16_HIN28_WIN28_COUT16_K3_UFCIN4_UFCOU8_PAD1_STRIDE1_BIASFalse_conv2d_ACTIVATIONrelu_ap_fixed_16_5_,conv,vitis,csynth,,83,33,6063,12917,1824,2520,548160,274080,4.5504,1.3095,1.1061,4.7129,1119535,8172605.5,,7.3,,,,,,,,
config_CIN16_HIN28_WIN28_COUT16_K3_UFCIN4_UFCOU8_PAD1_STRIDE1_BIASFalse_conv2d_ACTIVATIONsigmoid_ap_fixed_16_5_,conv,vitis,csynth,,83,36,7830,14398,1824,2520,548160,274080,4.5504,1.4286,1.4284,5.2532,1119564,8172817.2,,7.3,,,,,,,,
config_CIN16_HIN28_WIN28_COUT16_K3_UFCIN4_UFCOU8_PAD1_STRIDE1_BIASFalse_group_conv2d_GROUPS2_ACTIVATIONrelu_ap_fixed_16_5_,conv,vitis,csynth,,83,33,6937,11834,1824,2520,548160,274080,4.5504,1.3095,1.2655,4.3177,476715,3480019.5,,7.3,,,,,,,,
config_CIN16_HIN28_WIN28_COUT16_K3_UFCIN4_UFCOU8_PAD1_STRIDE1_BIASFalse_group_conv2d_GROUPS2_ACTIVATIONsigmoid_ap_fixed_16_5_,conv,vitis,csynth,,83,36,8704,13315,1824,2520,548160,274080,4.5504,1.4286,1.5879,4.8581,476744,3480231.1999999997,,7.3,,,,,,,,
config_CIN16_HIN28_WIN28_COUT16_K3_UFCIN4_UFCOU8_PAD1_STRIDE1_BIASFalse_group_conv2d_GROUPS4_ACTIVATIONrelu_ap_fixed_16_5_,conv,vitis,csynth,,83,17,5584,11694,1824,2520,548160,274080,4.5504,0.6746,1.0187,4.2666,305919,2233208.6999999997,,7.3,,,,,,,,
config_CIN16_HIN28_WIN28_COUT16_K3_UFCIN4_UFCOU8_PAD1_STRIDE1_BIASFalse_group_conv2d_GROUPS4_ACTIVATIONsigmoid_ap_fixed_16_5_,conv,vitis,csynth,,83,20,7351,13175,1824,2520,548160,274080,4.5504,0.7937,1.341,4.807,305948,2233420.4,,7.3,,,,,,,,
config_CIN16_HIN28_WIN28_COUT16_K3_UFCIN4_UFCOU8_PAD1_STRIDE1_BIASTrue_conv2d_ACTIVATIONrelu_ap_fixed_16_5_,conv,vitis,csynth,,83,33,6302,13390,1824,2520,548160,274080,4.5504,1.3095,1.1497,4.8854,1119564,8172817.2,,7.3,,,,,,,,
config_CIN16_HIN28_WIN28_COUT16_K3_UFCIN4_UFCOU8_PAD1_STRIDE1_BIASTrue_conv2d_ACTIVATIONsigmoid_ap_fixed_16_5_,conv,vitis,csynth,,83,36,8069,14875,1824,2520,548160,274080,4.5504,1.4286,1.472,5.4272,1119593,8173028.899999999,,7.3,,,,,,,,
config_CIN16_HIN28_WIN28_COUT16_K3_UFCIN4_UFCOU8_PAD1_STRIDE1_BIASTrue_group_conv2d_GROUPS2_ACTIVATIONrelu_ap_fixed_16_5_,conv,vitis,csynth,,83,33,7176,12307,1824,2520,548160,274080,4.5504,1.3095,1.3091,4.4903,476744,3480231.1999999997,,7.3,,,,,,,,
config_CIN16_HIN28_WIN28_COUT16_K3_UFCIN4_UFCOU8_PAD1_STRIDE1_BIASTrue_group_conv2d_GROUPS2_ACTIVATIONsigmoid_ap_fixed_16_5_,conv,vitis,csynth,,83,36,8943,13792,1824,2520,548160,274080,4.5504,1.4286,1.6315,5.0321,476773,3480442.9,,7.3,,,,,,,,
config_CIN16_HIN28_WIN28_COUT16_K3_UFCIN4_UFCOU8_PAD1_STRIDE1_BIASTrue_group_conv2d_GROUPS4_ACTIVATIONrelu_ap_fixed_16_5_,conv,vitis,csynth,,83,17,5823,12167,1824,2520,548160,274080,4.5504,0.6746,1.0623,4.4392,305948,2233420.4,,7.3,,,,,,,,
config_CIN16_HIN28_WIN28_COUT16_K3_UFCIN4_UFCOU8_PAD1_STRIDE1_BIASTrue_group_conv2d_GROUPS4_ACTIVATIONsigmoid_ap_fixed_16_5_,conv,vitis,csynth,,83,20,7590,13652,1824,2520,548160,274080,4.5504,0.7937,1.3846,4.981,305977,2233632.1,,7.3,,,,,,,,
config_CIN16_HIN28_WIN28_COUT16_K3_UFCIN8_UFCOU1_PAD1_STRIDE1_BIASFalse_conv2d_ACTIVATIONrelu_ap_fixed_16_5_,conv,vitis,csynth,,59,9,5881,11386,1824,2520,548160,274080,3.2346,0.3571,1.0729,4.1543,2696943,19687683.9,,7.3,,,,,,,,
config_CIN16_HIN28_WIN28_COUT16_K3_UFCIN8_UFCOU1_PAD1_STRIDE1_BIASFalse_conv2d_ACTIVATIONsigmoid_ap_fixed_16_5_,conv,vitis,csynth,,59,12,7584,12835,1824,2520,548160,274080,3.2346,0.4762,1.3835,4.6829,2696972,19687895.599999998,,7.3,,,,,,,,
config_CIN16_HIN28_WIN28_COUT16_K3_UFCIN8_UFCOU1_PAD1_STRIDE1_BIASFalse_group_conv2d_GROUPS2_ACTIVATIONrelu_ap_fixed_16_5_,conv,vitis,csynth,,59,9,6116,11662,1824,2520,548160,274080,3.2346,0.3571,1.1157,4.255,5539787,40440445.1,,7.3,,,,,,,,
config_CIN16_HIN28_WIN28_COUT16_K3_UFCIN8_UFCOU1_PAD1_STRIDE1_BIASFalse_group_conv2d_GROUPS2_ACTIVATIONsigmoid_ap_fixed_16_5_,conv,vitis,csynth,,59,12,7819,13111,1824,2520,548160,274080,3.2346,0.4762,1.4264,4.7836,5539816,40440656.8,,7.3,,,,,,,,
config_CIN16_HIN28_WIN28_COUT16_K3_UFCIN8_UFCOU1_PAD1_STRIDE1_BIASFalse_group_conv2d_GROUPS4_ACTIVATIONrelu_ap_fixed_16_5_,conv,vitis,csynth,,59,9,6107,12706,1824,2520,548160,274080,3.2346,0.3571,1.1141,4.6359,11013791,80400674.3,,7.3,,,,,,,,
config_CIN16_HIN28_WIN28_COUT16_K3_UFCIN8_UFCOU1_PAD1_STRIDE1_BIASFalse_group_conv2d_GROUPS4_ACTIVATIONsigmoid_ap_fixed_16_5_,conv,vitis,csynth,,59,12,7810,14155,1824,2520,548160,274080,3.2346,0.4762,1.4248,5.1646,11013820,80400886.0,,7.3,,,,,,,,
config_CIN16_HIN28_WIN28_COUT16_K3_UFCIN8_UFCOU1_PAD1_STRIDE1_BIASTrue_conv2d_ACTIVATIONrelu_ap_fixed_16_5_,conv,vitis,csynth,,59,9,6014,11596,1824,2520,548160,274080,3.2346,0.3571,1.0971,4.2309,2696972,19687895.599999998,,7.3,,,,,,,,
config_CIN16_HIN28_WIN28_COUT16_K3_UFCIN8_UFCOU1_PAD1_STRIDE1_BIASTrue_conv2d_ACTIVATIONsigmoid_ap_fixed_16_5_,conv,vitis,csynth,,59,12,7717,13049,1824,2520,548160,274080,3.2346,0.4762,1.4078,4.761,2697001,19688107.3,,7.3,,,,,,,,
config_CIN16_HIN28_WIN28_COUT16_K3_UFCIN8_UFCOU1_PAD1_STRIDE1_BIASTrue_group_conv2d_GROUPS2_ACTIVATIONrelu_ap_fixed_16_5_,conv,vitis,csynth,,59,9,6249,11872,1824,2520,548160,274080,3.2346,0.3571,1.14,4.3316,5539816,40440656.8,,7.3,,,,,,,,
config_CIN16_HIN28_WIN28_COUT16_K3_UFCIN8_UFCOU1_PAD1_STRIDE1_BIASTrue_group_conv2d_GROUPS2_ACTIVATIONsigmoid_ap_fixed_16_5_,conv,vitis,csynth,,59,12,7952,13325,1824,2520,548160,274080,3.2346,0.4762,1.4507,4.8617,5539845,40440868.5,,7.3,,,,,,,,
config_CIN16_HIN28_WIN28_COUT16_K3_UFCIN8_UFCOU1_PAD1_STRIDE1_BIASTrue_group_conv2d_GROUPS4_ACTIVATIONrelu_ap_fixed_16_5_,conv,vitis,csynth,,59,9,6240,12916,1824,2520,548160,274080,3.2346,0.3571,1.1384,4.7125,11013820,80400886.0,,7.3,,,,,,,,
config_CIN16_HIN28_WIN28_COUT16_K3_UFCIN8_UFCOU1_PAD1_STRIDE1_BIASTrue_group_conv2d_GROUPS4_ACTIVATIONsigmoid_ap_fixed_16_5_,conv,vitis,csynth,,59,12,7943,14369,1824,2520,548160,274080,3.2346,0.4762,1.449,5.2426,11013849,80401097.7,,7.3,,,,,,,,
config_CIN16_HIN28_WIN28_COUT16_K3_UFCIN8_UFCOU4_PAD1_STRIDE1_BIASFalse_conv2d_ACTIVATIONrelu_ap_fixed_16_5_,conv,vitis,csynth,,83,33,6449,13353,1824,2520,548160,274080,4.5504,1.3095,1.1765,4.8719,1332783,9729315.9,,7.3,,,,,,,,
config_CIN16_HIN28_WIN28_COUT16_K3_UFCIN8_UFCOU4_PAD1_STRIDE1_BIASFalse_conv2d_ACTIVATIONsigmoid_ap_fixed_16_5_,conv,vitis,csynth,,83,36,8344,14898,1824,2520,548160,274080,4.5504,1.4286,1.5222,5.4356,1332812,9729527.6,,7.3,,,,,,,,
config_CIN16_HIN28_WIN28_COUT16_K3_UFCIN8_UFCOU4_PAD1_STRIDE1_BIASFalse_group_conv2d_GROUPS2_ACTIVATIONrelu_ap_fixed_16_5_,conv,vitis,csynth,,83,33,10170,18073,1824,2520,548160,274080,4.5504,1.3095,1.8553,6.5941,3498251,25537232.3,,7.3,,,,,,,,
config_CIN16_HIN28_WIN28_COUT16_K3_UFCIN8_UFCOU4_PAD1_STRIDE1_BIASFalse_group_conv2d_GROUPS2_ACTIVATIONsigmoid_ap_fixed_16_5_,conv,vitis,csynth,,83,36,12065,19618,1824,2520,548160,274080,4.5504,1.4286,2.201,7.1578,3498280,25537444.0,,7.3,,,,,,,,
config_CIN16_HIN28_WIN28_COUT16_K3_UFCIN8_UFCOU4_PAD1_STRIDE1_BIASFalse_group_conv2d_GROUPS4_ACTIVATIONrelu_ap_fixed_16_5_,conv,vitis,csynth,,83,33,6930,13155,1824,2520,548160,274080,4.5504,1.3095,1.2642,4.7997,1013087,7395535.1,,7.3,,,,,,,,
config_CIN16_HIN28_WIN28_COUT16_K3_UFCIN8_UFCOU4_PAD1_STRIDE1_BIASFalse_group_conv2d_GROUPS4_ACTIVATIONsigmoid_ap_fixed_16_5_,conv,vitis,csynth,,83,36,8825,14700,1824,2520,548160,274080,4.5504,1.4286,1.6099,5.3634,1013116,7395746.8,,7.3,,,,,,,,
config_CIN16_HIN28_WIN28_COUT16_K3_UFCIN8_UFCOU4_PAD1_STRIDE1_BIASTrue_conv2d_ACTIVATIONrelu_ap_fixed_16_5_,conv,vitis,csynth,,83,33,6625,13674,1824,2520,548160,274080,4.5504,1.3095,1.2086,4.9891,1332812,9729527.6,,7.3,,,,,,,,
config_CIN16_HIN28_WIN28_COUT16_K3_UFCIN8_UFCOU4_PAD1_STRIDE1_BIASTrue_conv2d_ACTIVATIONsigmoid_ap_fixed_16_5_,conv,vitis,csynth,,83,36,8520,15223,1824,2520,548160,274080,4.5504,1.4286,1.5543,5.5542,1332841,9729739.299999999,,7.3,,,,,,,,
config_CIN16_HIN28_WIN28_COUT16_K3_UFCIN8_UFCOU4_PAD1_STRIDE1_BIASTrue_group_conv2d_GROUPS2_ACTIVATIONrelu_ap_fixed_16_5_,conv,vitis,csynth,,83,33,10346,18394,1824,2520,548160,274080,4.5504,1.3095,1.8874,6.7112,3498280,25537444.0,,7.3,,,,,,,,
config_CIN16_HIN28_WIN28_COUT16_K3_UFCIN8_UFCOU4_PAD1_STRIDE1_BIASTrue_group_conv2d_GROUPS2_ACTIVATIONsigmoid_ap_fixed_16_5_,conv,vitis,csynth,,83,36,12241,19943,1824,2520,548160,274080,4.5504,1.4286,2.2331,7.2763,3498309,25537655.7,,7.3,,,,,,,,
config_CIN16_HIN28_WIN28_COUT16_K3_UFCIN8_UFCOU4_PAD1_STRIDE1_BIASTrue_group_conv2d_GROUPS4_ACTIVATIONrelu_ap_fixed_16_5_,conv,vitis,csynth,,83,33,7106,13476,1824,2520,548160,274080,4.5504,1.3095,1.2963,4.9168,1013116,7395746.8,,7.3,,,,,,,,
config_CIN16_HIN28_WIN28_COUT16_K3_UFCIN8_UFCOU4_PAD1_STRIDE1_BIASTrue_group_conv2d_GROUPS4_ACTIVATIONsigmoid_ap_fixed_16_5_,conv,vitis,csynth,,83,36,9001,15025,1824,2520,548160,274080,4.5504,1.4286,1.642,5.482,1013145,7395958.5,,7.3,,,,,,,,
config_CIN16_HIN28_WIN28_COUT16_K3_UFCIN8_UFCOU8_PAD1_STRIDE1_BIASFalse_conv2d_ACTIVATIONrelu_ap_fixed_16_5_,conv,vitis,csynth,,51,65,8101,16470,1824,2520,548160,274080,2.7961,2.5794,1.4779,6.0092,1105423,8069587.899999999,,7.3,,,,,,,,
config_CIN16_HIN28_WIN28_COUT16_K3_UFCIN8_UFCOU8_PAD1_STRIDE1_BIASFalse_conv2d_ACTIVATIONsigmoid_ap_fixed_16_5_,conv,vitis,csynth,,51,68,9868,17951,1824,2520,548160,274080,2.7961,2.6984,1.8002,6.5495,1105452,8069799.6,,7.3,,,,,,,,
config_CIN16_HIN28_WIN28_COUT16_K3_UFCIN8_UFCOU8_PAD1_STRIDE1_BIASFalse_group_conv2d_GROUPS2_ACTIVATIONrelu_ap_fixed_16_5_,conv,vitis,csynth,,51,65,7536,13600,1824,2520,548160,274080,2.7961,2.5794,1.3748,4.9621,236811,1728720.3,,7.3,,,,,,,,
config_CIN16_HIN28_WIN28_COUT16_K3_UFCIN8_UFCOU8_PAD1_STRIDE1_BIASFalse_group_conv2d_GROUPS2_ACTIVATIONsigmoid_ap_fixed_16_5_,conv,vitis,csynth,,51,68,9303,15081,1824,2520,548160,274080,2.7961,2.6984,1.6971,5.5024,236840,1728932.0,,7.3,,,,,,,,
config_CIN16_HIN28_WIN28_COUT16_K3_UFCIN8_UFCOU8_PAD1_STRIDE1_BIASFalse_group_conv2d_GROUPS4_ACTIVATIONrelu_ap_fixed_16_5_,conv,vitis,csynth,,51,33,9014,16642,1824,2520,548160,274080,2.7961,1.3095,1.6444,6.0719,1011519,7384088.7,,7.3,,,,,,,,
config_CIN16_HIN28_WIN28_COUT16_K3_UFCIN8_UFCOU8_PAD1_STRIDE1_BIASFalse_group_conv2d_GROUPS4_ACTIVATIONsigmoid_ap_fixed_16_5_,conv,vitis,csynth,,51,36,10781,18123,1824,2520,548160,274080,2.7961,1.4286,1.9668,6.6123,1011548,7384300.399999999,,7.3,,,,,,,,
config_CIN16_HIN28_WIN28_COUT16_K3_UFCIN8_UFCOU8_PAD1_STRIDE1_BIASTrue_conv2d_ACTIVATIONrelu_ap_fixed_16_5_,conv,vitis,csynth,,51,65,8340,16943,1824,2520,548160,274080,2.7961,2.5794,1.5215,6.1818,1105452,8069799.6,,7.3,,,,,,,,
config_CIN16_HIN28_WIN28_COUT16_K3_UFCIN8_UFCOU8_PAD1_STRIDE1_BIASTrue_conv2d_ACTIVATIONsigmoid_ap_fixed_16_5_,conv,vitis,csynth,,51,68,10107,18428,1824,2520,548160,274080,2.7961,2.6984,1.8438,6.7236,1105481,8070011.3,,7.3,,,,,,,,
config_CIN16_HIN28_WIN28_COUT16_K3_UFCIN8_UFCOU8_PAD1_STRIDE1_BIASTrue_group_conv2d_GROUPS2_ACTIVATIONrelu_ap_fixed_16_5_,conv,vitis,csynth,,51,65,7775,14073,1824,2520,548160,274080,2.7961,2.5794,1.4184,5.1346,236840,1728932.0,,7.3,,,,,,,,
config_CIN16_HIN28_WIN28_COUT16_K3_UFCIN8_UFCOU8_PAD1_STRIDE1_BIASTrue_group_conv2d_GROUPS2_ACTIVATIONsigmoid_ap_fixed_16_5_,conv,vitis,csynth,,51,68,9542,15558,1824,2520,548160,274080,2.7961,2.6984,1.7407,5.6764,236869,1729143.7,,7.3,,,,,,,,
config_CIN16_HIN28_WIN28_COUT16_K3_UFCIN8_UFCOU8_PAD1_STRIDE1_BIASTrue_group_conv2d_GROUPS4_ACTIVATIONrelu_ap_fixed_16_5_,conv,vitis,csynth,,51,33,9253,17115,1824,2520,548160,274080,2.7961,1.3095,1.688,6.2445,1011548,7384300.399999999,,7.3,,,,,,,,
config_CIN16_HIN28_WIN28_COUT16_K3_UFCIN8_UFCOU8_PAD1_STRIDE1_BIASTrue_group_conv2d_GROUPS4_ACTIVATIONsigmoid_ap_fixed_16_5_,conv,vitis,csynth,,51,36,11020,18600,1824,2520,548160,274080,2.7961,1.4286,2.0104,6.7863,1011577,7384512.1,,7.3,,,,,,,,
config_CIN16_HIN28_WIN28_COUT32_K1_UFCIN1_UFCOU1_PAD1_STRIDE1_BIASFalse_conv2d_ACTIVATIONrelu_ap_fixed_16_5_,conv,vitis,csynth,,80,2,5031,8814,1824,2520,548160,274080,4.386,0.0794,0.9178,3.2158,584462,4266572.6,,7.3,,,,,,,,
config_CIN16_HIN28_WIN28_COUT32_K1_UFCIN1_UFCOU1_PAD1_STRIDE1_BIASFalse_conv2d_ACTIVATIONsigmoid_ap_fixed_16_5_,conv,vitis,csynth,,80,5,6734,10266,1824,2520,548160,274080,4.386,0.1984,1.2285,3.7456,584491,4266784.3,,7.3,,,,,,,,
config_CIN16_HIN28_WIN28_COUT32_K1_UFCIN1_UFCOU1_PAD1_STRIDE1_BIASFalse_group_conv2d_GROUPS2_ACTIVATIONrelu_ap_fixed_16_5_,conv,vitis,csynth,,80,6,5442,9531,1824,2520,548160,274080,4.386,0.2381,0.9928,3.4775,1971428,14391424.4,,7.3,,,,,,,,
config_CIN16_HIN28_WIN28_COUT32_K1_UFCIN1_UFCOU1_PAD1_STRIDE1_BIASFalse_group_conv2d_GROUPS2_ACTIVATIONsigmoid_ap_fixed_16_5_,conv,vitis,csynth,,80,9,7145,10984,1824,2520,548160,274080,4.386,0.3571,1.3035,4.0076,1971457,14391636.1,,7.3,,,,,,,,
config_CIN16_HIN28_WIN28_COUT32_K1_UFCIN1_UFCOU1_PAD1_STRIDE1_BIASFalse_group_conv2d_GROUPS4_ACTIVATIONrelu_ap_fixed_16_5_,conv,vitis,csynth,,80,6,5445,9534,1824,2520,548160,274080,4.386,0.2381,0.9933,3.4785,3825554,27926544.2,,7.3,,,,,,,,
config_CIN16_HIN28_WIN28_COUT32_K1_UFCIN1_UFCOU1_PAD1_STRIDE1_BIASFalse_group_conv2d_GROUPS4_ACTIVATIONsigmoid_ap_fixed_16_5_,conv,vitis,csynth,,80,9,7148,10987,1824,2520,548160,274080,4.386,0.3571,1.304,4.0087,3825583,27926755.9,,7.3,,,,,,,,
config_CIN16_HIN28_WIN28_COUT32_K1_UFCIN1_UFCOU1_PAD1_STRIDE1_BIASTrue_conv2d_ACTIVATIONrelu_ap_fixed_16_5_,conv,vitis,csynth,,80,2,5168,9030,1824,2520,548160,274080,4.386,0.0794,0.9428,3.2947,596923,4357537.899999999,,7.3,,,,,,,,
config_CIN16_HIN28_WIN28_COUT32_K1_UFCIN1_UFCOU1_PAD1_STRIDE1_BIASTrue_conv2d_ACTIVATIONsigmoid_ap_fixed_16_5_,conv,vitis,csynth,,80,5,6871,10483,1824,2520,548160,274080,4.386,0.1984,1.2535,3.8248,596952,4357749.6,,7.3,,,,,,,,
config_CIN16_HIN28_WIN28_COUT32_K1_UFCIN1_UFCOU1_PAD1_STRIDE1_BIASTrue_group_conv2d_GROUPS2_ACTIVATIONrelu_ap_fixed_16_5_,conv,vitis,csynth,,80,6,5579,9748,1824,2520,548160,274080,4.386,0.2381,1.0178,3.5566,1983889,14482389.7,,7.3,,,,,,,,
config_CIN16_HIN28_WIN28_COUT32_K1_UFCIN1_UFCOU1_PAD1_STRIDE1_BIASTrue_group_conv2d_GROUPS2_ACTIVATIONsigmoid_ap_fixed_16_5_,conv,vitis,csynth,,80,9,7282,11201,1824,2520,548160,274080,4.386,0.3571,1.3284,4.0868,1983918,14482601.4,,7.3,,,,,,,,
config_CIN16_HIN28_WIN28_COUT32_K1_UFCIN1_UFCOU1_PAD1_STRIDE1_BIASTrue_group_conv2d_GROUPS4_ACTIVATIONrelu_ap_fixed_16_5_,conv,vitis,csynth,,80,6,5582,9751,1824,2520,548160,274080,4.386,0.2381,1.0183,3.5577,3838015,28017509.5,,7.3,,,,,,,,
config_CIN16_HIN28_WIN28_COUT32_K1_UFCIN1_UFCOU1_PAD1_STRIDE1_BIASTrue_group_conv2d_GROUPS4_ACTIVATIONsigmoid_ap_fixed_16_5_,conv,vitis,csynth,,80,9,7285,11204,1824,2520,548160,274080,4.386,0.3571,1.329,4.0879,3838044,28017721.2,,7.3,,,,,,,,
config_CIN16_HIN28_WIN28_COUT32_K1_UFCIN1_UFCOU4_PAD1_STRIDE1_BIASFalse_conv2d_ACTIVATIONrelu_ap_fixed_16_5_,conv,vitis,csynth,,85,5,5166,9636,1824,2520,548160,274080,4.6601,0.1984,0.9424,3.5158,229679,1676656.7,,7.3,,,,,,,,
config_CIN16_HIN28_WIN28_COUT32_K1_UFCIN1_UFCOU4_PAD1_STRIDE1_BIASFalse_conv2d_ACTIVATIONsigmoid_ap_fixed_16_5_,conv,vitis,csynth,,85,8,7061,11181,1824,2520,548160,274080,4.6601,0.3175,1.2881,4.0795,229708,1676868.4,,7.3,,,,,,,,
config_CIN16_HIN28_WIN28_COUT32_K1_UFCIN1_UFCOU4_PAD1_STRIDE1_BIASFalse_group_conv2d_GROUPS2_ACTIVATIONrelu_ap_fixed_16_5_,conv,vitis,csynth,,85,5,5775,10347,1824,2520,548160,274080,4.6601,0.1984,1.0535,3.7752,831843,6072453.899999999,,7.3,,,,,,,,
config_CIN16_HIN28_WIN28_COUT32_K1_UFCIN1_UFCOU4_PAD1_STRIDE1_BIASFalse_group_conv2d_GROUPS2_ACTIVATIONsigmoid_ap_fixed_16_5_,conv,vitis,csynth,,85,8,7670,11892,1824,2520,548160,274080,4.6601,0.3175,1.3992,4.3389,831872,6072665.6,,7.3,,,,,,,,
config_CIN16_HIN28_WIN28_COUT32_K1_UFCIN1_UFCOU4_PAD1_STRIDE1_BIASFalse_group_conv2d_GROUPS4_ACTIVATIONrelu_ap_fixed_16_5_,conv,vitis,csynth,,85,5,5778,10350,1824,2520,548160,274080,4.6601,0.1984,1.0541,3.7763,1555567,11355639.1,,7.3,,,,,,,,
config_CIN16_HIN28_WIN28_COUT32_K1_UFCIN1_UFCOU4_PAD1_STRIDE1_BIASFalse_group_conv2d_GROUPS4_ACTIVATIONsigmoid_ap_fixed_16_5_,conv,vitis,csynth,,85,8,7673,11895,1824,2520,548160,274080,4.6601,0.3175,1.3998,4.34,1555596,11355850.799999999,,7.3,,,,,,,,
config_CIN16_HIN28_WIN28_COUT32_K1_UFCIN1_UFCOU4_PAD1_STRIDE1_BIASTrue_conv2d_ACTIVATIONrelu_ap_fixed_16_5_,conv,vitis,csynth,,85,5,5346,9963,1824,2520,548160,274080,4.6601,0.1984,0.9753,3.6351,229724,1676985.2,,7.3,,,,,,,,
config_CIN16_HIN28_WIN28_COUT32_K1_UFCIN1_UFCOU4_PAD1_STRIDE1_BIASTrue_conv2d_ACTIVATIONsigmoid_ap_fixed_16_5_,conv,vitis,csynth,,85,8,7241,11512,1824,2520,548160,274080,4.6601,0.3175,1.321,4.2002,229753,1677196.9,,7.3,,,,,,,,
config_CIN16_HIN28_WIN28_COUT32_K1_UFCIN1_UFCOU4_PAD1_STRIDE1_BIASTrue_group_conv2d_GROUPS2_ACTIVATIONrelu_ap_fixed_16_5_,conv,vitis,csynth,,85,5,5955,10674,1824,2520,548160,274080,4.6601,0.1984,1.0864,3.8945,831888,6072782.399999999,,7.3,,,,,,,,
config_CIN16_HIN28_WIN28_COUT32_K1_UFCIN1_UFCOU4_PAD1_STRIDE1_BIASTrue_group_conv2d_GROUPS2_ACTIVATIONsigmoid_ap_fixed_16_5_,conv,vitis,csynth,,85,8,7850,12223,1824,2520,548160,274080,4.6601,0.3175,1.4321,4.4596,831917,6072994.1,,7.3,,,,,,,,
config_CIN16_HIN28_WIN28_COUT32_K1_UFCIN1_UFCOU4_PAD1_STRIDE1_BIASTrue_group_conv2d_GROUPS4_ACTIVATIONrelu_ap_fixed_16_5_,conv,vitis,csynth,,85,5,5958,10677,1824,2520,548160,274080,4.6601,0.1984,1.0869,3.8956,1555612,11355967.6,,7.3,,,,,,,,
config_CIN16_HIN28_WIN28_COUT32_K1_UFCIN1_UFCOU4_PAD1_STRIDE1_BIASTrue_group_conv2d_GROUPS4_ACTIVATIONsigmoid_ap_fixed_16_5_,conv,vitis,csynth,,85,8,7853,12226,1824,2520,548160,274080,4.6601,0.3175,1.4326,4.4607,1555641,11356179.299999999,,7.3,,,,,,,,
config_CIN16_HIN28_WIN28_COUT32_K1_UFCIN1_UFCOU8_PAD1_STRIDE1_BIASFalse_conv2d_ACTIVATIONrelu_ap_fixed_16_5_,conv,vitis,csynth,,89,9,5250,10411,1824,2520,548160,274080,4.8794,0.3571,0.9577,3.7985,168479,1229896.7,,7.3,,,,,,,,
config_CIN16_HIN28_WIN28_COUT32_K1_UFCIN1_UFCOU8_PAD1_STRIDE1_BIASFalse_conv2d_ACTIVATIONsigmoid_ap_fixed_16_5_,conv,vitis,csynth,,89,12,7145,11956,1824,2520,548160,274080,4.8794,0.4762,1.3035,4.3622,168508,1230108.4,,7.3,,,,,,,,
config_CIN16_HIN28_WIN28_COUT32_K1_UFCIN1_UFCOU8_PAD1_STRIDE1_BIASFalse_group_conv2d_GROUPS2_ACTIVATIONrelu_ap_fixed_16_5_,conv,vitis,csynth,,89,9,6259,11588,1824,2520,548160,274080,4.8794,0.3571,1.1418,4.228,597843,4364253.899999999,,7.3,,,,,,,,
config_CIN16_HIN28_WIN28_COUT32_K1_UFCIN1_UFCOU8_PAD1_STRIDE1_BIASFalse_group_conv2d_GROUPS2_ACTIVATIONsigmoid_ap_fixed_16_5_,conv,vitis,csynth,,89,12,8154,13133,1824,2520,548160,274080,4.8794,0.4762,1.4875,4.7917,597872,4364465.6,,7.3,,,,,,,,
config_CIN16_HIN28_WIN28_COUT32_K1_UFCIN1_UFCOU8_PAD1_STRIDE1_BIASFalse_group_conv2d_GROUPS4_ACTIVATIONrelu_ap_fixed_16_5_,conv,vitis,csynth,,89,9,5376,10490,1824,2520,548160,274080,4.8794,0.3571,0.9807,3.8273,2016367,14719479.1,,7.3,,,,,,,,
config_CIN16_HIN28_WIN28_COUT32_K1_UFCIN1_UFCOU8_PAD1_STRIDE1_BIASFalse_group_conv2d_GROUPS4_ACTIVATIONsigmoid_ap_fixed_16_5_,conv,vitis,csynth,,89,12,7271,12035,1824,2520,548160,274080,4.8794,0.4762,1.3264,4.3911,2016396,14719690.799999999,,7.3,,,,,,,,
config_CIN16_HIN28_WIN28_COUT32_K1_UFCIN1_UFCOU8_PAD1_STRIDE1_BIASTrue_conv2d_ACTIVATIONrelu_ap_fixed_16_5_,conv,vitis,csynth,,89,9,5493,10886,1824,2520,548160,274080,4.8794,0.3571,1.0021,3.9718,168524,1230225.2,,7.3,,,,,,,,
config_CIN16_HIN28_WIN28_COUT32_K1_UFCIN1_UFCOU8_PAD1_STRIDE1_BIASTrue_conv2d_ACTIVATIONsigmoid_ap_fixed_16_5_,conv,vitis,csynth,,89,12,7388,12435,1824,2520,548160,274080,4.8794,0.4762,1.3478,4.537,168553,1230436.9,,7.3,,,,,,,,
config_CIN16_HIN28_WIN28_COUT32_K1_UFCIN1_UFCOU8_PAD1_STRIDE1_BIASTrue_group_conv2d_GROUPS2_ACTIVATIONrelu_ap_fixed_16_5_,conv,vitis,csynth,,89,9,6502,12063,1824,2520,548160,274080,4.8794,0.3571,1.1862,4.4013,597888,4364582.399999999,,7.3,,,,,,,,
config_CIN16_HIN28_WIN28_COUT32_K1_UFCIN1_UFCOU8_PAD1_STRIDE1_BIASTrue_group_conv2d_GROUPS2_ACTIVATIONsigmoid_ap_fixed_16_5_,conv,vitis,csynth,,89,12,8397,13612,1824,2520,548160,274080,4.8794,0.4762,1.5319,4.9664,597917,4364794.1,,7.3,,,,,,,,
config_CIN16_HIN28_WIN28_COUT32_K1_UFCIN1_UFCOU8_PAD1_STRIDE1_BIASTrue_group_conv2d_GROUPS4_ACTIVATIONrelu_ap_fixed_16_5_,conv,vitis,csynth,,89,9,5619,10965,1824,2520,548160,274080,4.8794,0.3571,1.0251,4.0007,2016412,14719807.6,,7.3,,,,,,,,
config_CIN16_HIN28_WIN28_COUT32_K1_UFCIN1_UFCOU8_PAD1_STRIDE1_BIASTrue_group_conv2d_GROUPS4_ACTIVATIONsigmoid_ap_fixed_16_5_,conv,vitis,csynth,,89,12,7514,12514,1824,2520,548160,274080,4.8794,0.4762,1.3708,4.5658,2016441,14720019.299999999,,7.3,,,,,,,,
config_CIN16_HIN28_WIN28_COUT32_K1_UFCIN4_UFCOU1_PAD1_STRIDE1_BIASFalse_conv2d_ACTIVATIONrelu_ap_fixed_16_5_,conv,vitis,csynth,,83,5,5438,9535,1824,2520,548160,274080,4.5504,0.1984,0.992,3.4789,696779,5086486.7,,7.3,,,,,,,,
config_CIN16_HIN28_WIN28_COUT32_K1_UFCIN4_UFCOU1_PAD1_STRIDE1_BIASFalse_conv2d_ACTIVATIONsigmoid_ap_fixed_16_5_,conv,vitis,csynth,,83,8,7141,10984,1824,2520,548160,274080,4.5504,0.3175,1.3027,4.0076,696808,5086698.399999999,,7.3,,,,,,,,
config_CIN16_HIN28_WIN28_COUT32_K1_UFCIN4_UFCOU1_PAD1_STRIDE1_BIASFalse_group_conv2d_GROUPS2_ACTIVATIONrelu_ap_fixed_16_5_,conv,vitis,csynth,,83,5,5566,9771,1824,2520,548160,274080,4.5504,0.1984,1.0154,3.565,1276443,9318033.9,,7.3,,,,,,,,
config_CIN16_HIN28_WIN28_COUT32_K1_UFCIN4_UFCOU1_PAD1_STRIDE1_BIASFalse_group_conv2d_GROUPS2_ACTIVATIONsigmoid_ap_fixed_16_5_,conv,vitis,csynth,,83,8,7269,11220,1824,2520,548160,274080,4.5504,0.3175,1.3261,4.0937,1276472,9318245.6,,7.3,,,,,,,,
config_CIN16_HIN28_WIN28_COUT32_K1_UFCIN4_UFCOU1_PAD1_STRIDE1_BIASFalse_group_conv2d_GROUPS4_ACTIVATIONrelu_ap_fixed_16_5_,conv,vitis,csynth,,83,5,5576,9774,1824,2520,548160,274080,4.5504,0.1984,1.0172,3.5661,2423167,17689119.099999998,,7.3,,,,,,,,
config_CIN16_HIN28_WIN28_COUT32_K1_UFCIN4_UFCOU1_PAD1_STRIDE1_BIASFalse_group_conv2d_GROUPS4_ACTIVATIONsigmoid_ap_fixed_16_5_,conv,vitis,csynth,,83,8,7279,11223,1824,2520,548160,274080,4.5504,0.3175,1.3279,4.0948,2423196,17689330.8,,7.3,,,,,,,,
config_CIN16_HIN28_WIN28_COUT32_K1_UFCIN4_UFCOU1_PAD1_STRIDE1_BIASTrue_conv2d_ACTIVATIONrelu_ap_fixed_16_5_,conv,vitis,csynth,,83,5,5575,9751,1824,2520,548160,274080,4.5504,0.1984,1.017,3.5577,696824,5086815.2,,7.3,,,,,,,,
config_CIN16_HIN28_WIN28_COUT32_K1_UFCIN4_UFCOU1_PAD1_STRIDE1_BIASTrue_conv2d_ACTIVATIONsigmoid_ap_fixed_16_5_,conv,vitis,csynth,,83,8,7278,11204,1824,2520,548160,274080,4.5504,0.3175,1.3277,4.0879,696853,5087026.899999999,,7.3,,,,,,,,
config_CIN16_HIN28_WIN28_COUT32_K1_UFCIN4_UFCOU1_PAD1_STRIDE1_BIASTrue_group_conv2d_GROUPS2_ACTIVATIONrelu_ap_fixed_16_5_,conv,vitis,csynth,,83,5,5703,9987,1824,2520,548160,274080,4.5504,0.1984,1.0404,3.6438,1276488,9318362.4,,7.3,,,,,,,,
config_CIN16_HIN28_WIN28_COUT32_K1_UFCIN4_UFCOU1_PAD1_STRIDE1_BIASTrue_group_conv2d_GROUPS2_ACTIVATIONsigmoid_ap_fixed_16_5_,conv,vitis,csynth,,83,8,7406,11440,1824,2520,548160,274080,4.5504,0.3175,1.3511,4.174,1276517,9318574.1,,7.3,,,,,,,,
config_CIN16_HIN28_WIN28_COUT32_K1_UFCIN4_UFCOU1_PAD1_STRIDE1_BIASTrue_group_conv2d_GROUPS4_ACTIVATIONrelu_ap_fixed_16_5_,conv,vitis,csynth,,83,5,5713,9990,1824,2520,548160,274080,4.5504,0.1984,1.0422,3.6449,2423212,17689447.599999998,,7.3,,,,,,,,
config_CIN16_HIN28_WIN28_COUT32_K1_UFCIN4_UFCOU1_PAD1_STRIDE1_BIASTrue_group_conv2d_GROUPS4_ACTIVATIONsigmoid_ap_fixed_16_5_,conv,vitis,csynth,,83,8,7416,11443,1824,2520,548160,274080,4.5504,0.3175,1.3529,4.1751,2423241,17689659.3,,7.3,,,,,,,,
config_CIN16_HIN28_WIN28_COUT32_K1_UFCIN4_UFCOU4_PAD1_STRIDE1_BIASFalse_conv2d_ACTIVATIONrelu_ap_fixed_16_5_,conv,vitis,csynth,,81,17,6020,11063,1824,2520,548160,274080,4.4408,0.6746,1.0982,4.0364,329579,2405926.6999999997,,7.3,,,,,,,,
config_CIN16_HIN28_WIN28_COUT32_K1_UFCIN4_UFCOU4_PAD1_STRIDE1_BIASFalse_conv2d_ACTIVATIONsigmoid_ap_fixed_16_5_,conv,vitis,csynth,,81,20,7915,12608,1824,2520,548160,274080,4.4408,0.7937,1.4439,4.6001,329608,2406138.4,,7.3,,,,,,,,
config_CIN16_HIN28_WIN28_COUT32_K1_UFCIN4_UFCOU4_PAD1_STRIDE1_BIASFalse_group_conv2d_GROUPS2_ACTIVATIONrelu_ap_fixed_16_5_,conv,vitis,csynth,,81,17,7834,13437,1824,2520,548160,274080,4.4408,0.6746,1.4291,4.9026,779643,5691393.899999999,,7.3,,,,,,,,
config_CIN16_HIN28_WIN28_COUT32_K1_UFCIN4_UFCOU4_PAD1_STRIDE1_BIASFalse_group_conv2d_GROUPS2_ACTIVATIONsigmoid_ap_fixed_16_5_,conv,vitis,csynth,,81,20,9729,14982,1824,2520,548160,274080,4.4408,0.7937,1.7748,5.4663,779672,5691605.6,,7.3,,,,,,,,
config_CIN16_HIN28_WIN28_COUT32_K1_UFCIN4_UFCOU4_PAD1_STRIDE1_BIASFalse_group_conv2d_GROUPS4_ACTIVATIONrelu_ap_fixed_16_5_,conv,vitis,csynth,,81,17,7845,13440,1824,2520,548160,274080,4.4408,0.6746,1.4312,4.9037,1451167,10593519.1,,7.3,,,,,,,,
config_CIN16_HIN28_WIN28_COUT32_K1_UFCIN4_UFCOU4_PAD1_STRIDE1_BIASFalse_group_conv2d_GROUPS4_ACTIVATIONsigmoid_ap_fixed_16_5_,conv,vitis,csynth,,81,20,9740,14985,1824,2520,548160,274080,4.4408,0.7937,1.7769,5.4674,1451196,10593730.799999999,,7.3,,,,,,,,
config_CIN16_HIN28_WIN28_COUT32_K1_UFCIN4_UFCOU4_PAD1_STRIDE1_BIASTrue_conv2d_ACTIVATIONrelu_ap_fixed_16_5_,conv,vitis,csynth,,81,17,6200,11390,1824,2520,548160,274080,4.4408,0.6746,1.1311,4.1557,329624,2406255.1999999997,,7.3,,,,,,,,
config_CIN16_HIN28_WIN28_COUT32_K1_UFCIN4_UFCOU4_PAD1_STRIDE1_BIASTrue_conv2d_ACTIVATIONsigmoid_ap_fixed_16_5_,conv,vitis,csynth,,81,20,8095,12939,1824,2520,548160,274080,4.4408,0.7937,1.4768,4.7209,329653,2406466.9,,7.3,,,,,,,,
config_CIN16_HIN28_WIN28_COUT32_K1_UFCIN4_UFCOU4_PAD1_STRIDE1_BIASTrue_group_conv2d_GROUPS2_ACTIVATIONrelu_ap_fixed_16_5_,conv,vitis,csynth,,81,17,8014,13764,1824,2520,548160,274080,4.4408,0.6746,1.462,5.0219,779688,5691722.399999999,,7.3,,,,,,,,
config_CIN16_HIN28_WIN28_COUT32_K1_UFCIN4_UFCOU4_PAD1_STRIDE1_BIASTrue_group_conv2d_GROUPS2_ACTIVATIONsigmoid_ap_fixed_16_5_,conv,vitis,csynth,,81,20,9909,15313,1824,2520,548160,274080,4.4408,0.7937,1.8077,5.5871,779717,5691934.1,,7.3,,,,,,,,
config_CIN16_HIN28_WIN28_COUT32_K1_UFCIN4_UFCOU4_PAD1_STRIDE1_BIASTrue_group_conv2d_GROUPS4_ACTIVATIONrelu_ap_fixed_16_5_,conv,vitis,csynth,,81,17,8025,13767,1824,2520,548160,274080,4.4408,0.6746,1.464,5.023,1451212,10593847.6,,7.3,,,,,,,,
config_CIN16_HIN28_WIN28_COUT32_K1_UFCIN4_UFCOU4_PAD1_STRIDE1_BIASTrue_group_conv2d_GROUPS4_ACTIVATIONsigmoid_ap_fixed_16_5_,conv,vitis,csynth,,81,20,9920,15316,1824,2520,548160,274080,4.4408,0.7937,1.8097,5.5881,1451241,10594059.299999999,,7.3,,,,,,,,
config_CIN16_HIN28_WIN28_COUT32_K1_UFCIN4_UFCOU8_PAD1_STRIDE1_BIASFalse_conv2d_ACTIVATIONrelu_ap_fixed_16_5_,conv,vitis,csynth,,81,33,6619,12712,1824,2520,548160,274080,4.4408,1.3095,1.2075,4.6381,268379,1959166.7,,7.3,,,,,,,,
config_CIN16_HIN28_WIN28_COUT32_K1_UFCIN4_UFCOU8_PAD1_STRIDE1_BIASFalse_conv2d_ACTIVATIONsigmoid_ap_fixed_16_5_,conv,vitis,csynth,,81,36,8514,14257,1824,2520,548160,274080,4.4408,1.4286,1.5532,5.2018,268408,1959378.4,,7.3,,,,,,,,
config_CIN16_HIN28_WIN28_COUT32_K1_UFCIN4_UFCOU8_PAD1_STRIDE1_BIASFalse_group_conv2d_GROUPS2_ACTIVATIONrelu_ap_fixed_16_5_,conv,vitis,csynth,,81,33,10000,16806,1824,2520,548160,274080,4.4408,1.3095,1.8243,6.1318,545643,3983193.9,,7.3,,,,,,,,
config_CIN16_HIN28_WIN28_COUT32_K1_UFCIN4_UFCOU8_PAD1_STRIDE1_BIASFalse_group_conv2d_GROUPS2_ACTIVATIONsigmoid_ap_fixed_16_5_,conv,vitis,csynth,,81,36,11895,18351,1824,2520,548160,274080,4.4408,1.4286,2.17,6.6955,545672,3983405.6,,7.3,,,,,,,,
config_CIN16_HIN28_WIN28_COUT32_K1_UFCIN4_UFCOU8_PAD1_STRIDE1_BIASFalse_group_conv2d_GROUPS4_ACTIVATIONrelu_ap_fixed_16_5_,conv,vitis,csynth,,81,33,6326,11923,1824,2520,548160,274080,4.4408,1.3095,1.154,4.3502,907567,6625239.1,,7.3,,,,,,,,
config_CIN16_HIN28_WIN28_COUT32_K1_UFCIN4_UFCOU8_PAD1_STRIDE1_BIASFalse_group_conv2d_GROUPS4_ACTIVATIONsigmoid_ap_fixed_16_5_,conv,vitis,csynth,,81,36,8221,13468,1824,2520,548160,274080,4.4408,1.4286,1.4997,4.9139,907596,6625450.8,,7.3,,,,,,,,
config_CIN16_HIN28_WIN28_COUT32_K1_UFCIN4_UFCOU8_PAD1_STRIDE1_BIASTrue_conv2d_ACTIVATIONrelu_ap_fixed_16_5_,conv,vitis,csynth,,81,33,6862,13187,1824,2520,548160,274080,4.4408,1.3095,1.2518,4.8114,268424,1959495.2,,7.3,,,,,,,,
config_CIN16_HIN28_WIN28_COUT32_K1_UFCIN4_UFCOU8_PAD1_STRIDE1_BIASTrue_conv2d_ACTIVATIONsigmoid_ap_fixed_16_5_,conv,vitis,csynth,,81,36,8757,14736,1824,2520,548160,274080,4.4408,1.4286,1.5975,5.3765,268453,1959706.9,,7.3,,,,,,,,
config_CIN16_HIN28_WIN28_COUT32_K1_UFCIN4_UFCOU8_PAD1_STRIDE1_BIASTrue_group_conv2d_GROUPS2_ACTIVATIONrelu_ap_fixed_16_5_,conv,vitis,csynth,,81,33,10243,17281,1824,2520,548160,274080,4.4408,1.3095,1.8686,6.3051,545688,3983522.4,,7.3,,,,,,,,
config_CIN16_HIN28_WIN28_COUT32_K1_UFCIN4_UFCOU8_PAD1_STRIDE1_BIASTrue_group_conv2d_GROUPS2_ACTIVATIONsigmoid_ap_fixed_16_5_,conv,vitis,csynth,,81,36,12138,18830,1824,2520,548160,274080,4.4408,1.4286,2.2143,6.8703,545717,3983734.1,,7.3,,,,,,,,
config_CIN16_HIN28_WIN28_COUT32_K1_UFCIN4_UFCOU8_PAD1_STRIDE1_BIASTrue_group_conv2d_GROUPS4_ACTIVATIONrelu_ap_fixed_16_5_,conv,vitis,csynth,,81,33,6569,12398,1824,2520,548160,274080,4.4408,1.3095,1.1984,4.5235,907612,6625567.6,,7.3,,,,,,,,
config_CIN16_HIN28_WIN28_COUT32_K1_UFCIN4_UFCOU8_PAD1_STRIDE1_BIASTrue_group_conv2d_GROUPS4_ACTIVATIONsigmoid_ap_fixed_16_5_,conv,vitis,csynth,,81,36,8464,13947,1824,2520,548160,274080,4.4408,1.4286,1.5441,5.0887,907641,6625779.3,,7.3,,,,,,,,
config_CIN16_HIN28_WIN28_COUT32_K1_UFCIN8_UFCOU1_PAD1_STRIDE1_BIASFalse_conv2d_ACTIVATIONrelu_ap_fixed_16_5_,conv,vitis,csynth,,87,9,5917,10532,1824,2520,548160,274080,4.7697,0.3571,1.0794,3.8427,694979,5073346.7,,7.3,,,,,,,,
config_CIN16_HIN28_WIN28_COUT32_K1_UFCIN8_UFCOU1_PAD1_STRIDE1_BIASFalse_conv2d_ACTIVATIONsigmoid_ap_fixed_16_5_,conv,vitis,csynth,,87,12,7620,11981,1824,2520,548160,274080,4.7697,0.4762,1.3901,4.3714,695008,5073558.399999999,,7.3,,,,,,,,
config_CIN16_HIN28_WIN28_COUT32_K1_UFCIN8_UFCOU1_PAD1_STRIDE1_BIASFalse_group_conv2d_GROUPS2_ACTIVATIONrelu_ap_fixed_16_5_,conv,vitis,csynth,,87,9,6136,10874,1824,2520,548160,274080,4.7697,0.3571,1.1194,3.9675,1287243,9396873.9,,7.3,,,,,,,,
config_CIN16_HIN28_WIN28_COUT32_K1_UFCIN8_UFCOU1_PAD1_STRIDE1_BIASFalse_group_conv2d_GROUPS2_ACTIVATIONsigmoid_ap_fixed_16_5_,conv,vitis,csynth,,87,12,7839,12323,1824,2520,548160,274080,4.7697,0.4762,1.4301,4.4961,1287272,9397085.6,,7.3,,,,,,,,
config_CIN16_HIN28_WIN28_COUT32_K1_UFCIN8_UFCOU1_PAD1_STRIDE1_BIASFalse_group_conv2d_GROUPS4_ACTIVATIONrelu_ap_fixed_16_5_,conv,vitis,csynth,,87,9,6127,11894,1824,2520,548160,274080,4.7697,0.3571,1.1177,4.3396,2444767,17846799.099999998,,7.3,,,,,,,,
config_CIN16_HIN28_WIN28_COUT32_K1_UFCIN8_UFCOU1_PAD1_STRIDE1_BIASFalse_group_conv2d_GROUPS4_ACTIVATIONsigmoid_ap_fixed_16_5_,conv,vitis,csynth,,87,12,7830,13343,1824,2520,548160,274080,4.7697,0.4762,1.4284,4.8683,2444796,17847010.8,,7.3,,,,,,,,
config_CIN16_HIN28_WIN28_COUT32_K1_UFCIN8_UFCOU1_PAD1_STRIDE1_BIASTrue_conv2d_ACTIVATIONrelu_ap_fixed_16_5_,conv,vitis,csynth,,87,9,6054,10748,1824,2520,548160,274080,4.7697,0.3571,1.1044,3.9215,695024,5073675.2,,7.3,,,,,,,,
config_CIN16_HIN28_WIN28_COUT32_K1_UFCIN8_UFCOU1_PAD1_STRIDE1_BIASTrue_conv2d_ACTIVATIONsigmoid_ap_fixed_16_5_,conv,vitis,csynth,,87,12,7757,12201,1824,2520,548160,274080,4.7697,0.4762,1.4151,4.4516,695053,5073886.899999999,,7.3,,,,,,,,
config_CIN16_HIN28_WIN28_COUT32_K1_UFCIN8_UFCOU1_PAD1_STRIDE1_BIASTrue_group_conv2d_GROUPS2_ACTIVATIONrelu_ap_fixed_16_5_,conv,vitis,csynth,,87,9,6273,11090,1824,2520,548160,274080,4.7697,0.3571,1.1444,4.0463,1287288,9397202.4,,7.3,,,,,,,,
config_CIN16_HIN28_WIN28_COUT32_K1_UFCIN8_UFCOU1_PAD1_STRIDE1_BIASTrue_group_conv2d_GROUPS2_ACTIVATIONsigmoid_ap_fixed_16_5_,conv,vitis,csynth,,87,12,7976,12543,1824,2520,548160,274080,4.7697,0.4762,1.455,4.5764,1287317,9397414.1,,7.3,,,,,,,,
config_CIN16_HIN28_WIN28_COUT32_K1_UFCIN8_UFCOU1_PAD1_STRIDE1_BIASTrue_group_conv2d_GROUPS4_ACTIVATIONrelu_ap_fixed_16_5_,conv,vitis,csynth,,87,9,6264,12110,1824,2520,548160,274080,4.7697,0.3571,1.1427,4.4184,2444812,17847127.599999998,,7.3,,,,,,,,
config_CIN16_HIN28_WIN28_COUT32_K1_UFCIN8_UFCOU1_PAD1_STRIDE1_BIASTrue_group_conv2d_GROUPS4_ACTIVATIONsigmoid_ap_fixed_16_5_,conv,vitis,csynth,,87,12,7967,13563,1824,2520,548160,274080,4.7697,0.4762,1.4534,4.9486,2444841,17847339.3,,7.3,,,,,,,,
config_CIN16_HIN28_WIN28_COUT32_K1_UFCIN8_UFCOU4_PAD1_STRIDE1_BIASFalse_conv2d_ACTIVATIONrelu_ap_fixed_16_5_,conv,vitis,csynth,,81,33,7024,12878,1824,2520,548160,274080,4.4408,1.3095,1.2814,4.6986,327779,2392786.6999999997,,7.3,,,,,,,,
config_CIN16_HIN28_WIN28_COUT32_K1_UFCIN8_UFCOU4_PAD1_STRIDE1_BIASFalse_conv2d_ACTIVATIONsigmoid_ap_fixed_16_5_,conv,vitis,csynth,,81,36,8919,14423,1824,2520,548160,274080,4.4408,1.4286,1.6271,5.2623,327808,2392998.4,,7.3,,,,,,,,
config_CIN16_HIN28_WIN28_COUT32_K1_UFCIN8_UFCOU4_PAD1_STRIDE1_BIASFalse_group_conv2d_GROUPS2_ACTIVATIONrelu_ap_fixed_16_5_,conv,vitis,csynth,,81,33,10665,17598,1824,2520,548160,274080,4.4408,1.3095,1.9456,6.4208,783243,5717673.899999999,,7.3,,,,,,,,
config_CIN16_HIN28_WIN28_COUT32_K1_UFCIN8_UFCOU4_PAD1_STRIDE1_BIASFalse_group_conv2d_GROUPS2_ACTIVATIONsigmoid_ap_fixed_16_5_,conv,vitis,csynth,,81,36,12560,19143,1824,2520,548160,274080,4.4408,1.4286,2.2913,6.9845,783272,5717885.6,,7.3,,,,,,,,
config_CIN16_HIN28_WIN28_COUT32_K1_UFCIN8_UFCOU4_PAD1_STRIDE1_BIASFalse_group_conv2d_GROUPS4_ACTIVATIONrelu_ap_fixed_16_5_,conv,vitis,csynth,,81,33,10706,19666,1824,2520,548160,274080,4.4408,1.3095,1.9531,7.1753,1458367,10646079.1,,7.3,,,,,,,,
config_CIN16_HIN28_WIN28_COUT32_K1_UFCIN8_UFCOU4_PAD1_STRIDE1_BIASFalse_group_conv2d_GROUPS4_ACTIVATIONsigmoid_ap_fixed_16_5_,conv,vitis,csynth,,81,36,12601,21211,1824,2520,548160,274080,4.4408,1.4286,2.2988,7.739,1458396,10646290.799999999,,7.3,,,,,,,,
config_CIN16_HIN28_WIN28_COUT32_K1_UFCIN8_UFCOU4_PAD1_STRIDE1_BIASTrue_conv2d_ACTIVATIONrelu_ap_fixed_16_5_,conv,vitis,csynth,,81,33,7204,13205,1824,2520,548160,274080,4.4408,1.3095,1.3142,4.8179,327824,2393115.1999999997,,7.3,,,,,,,,
config_CIN16_HIN28_WIN28_COUT32_K1_UFCIN8_UFCOU4_PAD1_STRIDE1_BIASTrue_conv2d_ACTIVATIONsigmoid_ap_fixed_16_5_,conv,vitis,csynth,,81,36,9099,14754,1824,2520,548160,274080,4.4408,1.4286,1.6599,5.3831,327853,2393326.9,,7.3,,,,,,,,
config_CIN16_HIN28_WIN28_COUT32_K1_UFCIN8_UFCOU4_PAD1_STRIDE1_BIASTrue_group_conv2d_GROUPS2_ACTIVATIONrelu_ap_fixed_16_5_,conv,vitis,csynth,,81,33,10845,17925,1824,2520,548160,274080,4.4408,1.3095,1.9784,6.5401,783288,5718002.399999999,,7.3,,,,,,,,
config_CIN16_HIN28_WIN28_COUT32_K1_UFCIN8_UFCOU4_PAD1_STRIDE1_BIASTrue_group_conv2d_GROUPS2_ACTIVATIONsigmoid_ap_fixed_16_5_,conv,vitis,csynth,,81,36,12740,19474,1824,2520,548160,274080,4.4408,1.4286,2.3241,7.1052,783317,5718214.1,,7.3,,,,,,,,
config_CIN16_HIN28_WIN28_COUT32_K1_UFCIN8_UFCOU4_PAD1_STRIDE1_BIASTrue_group_conv2d_GROUPS4_ACTIVATIONrelu_ap_fixed_16_5_,conv,vitis,csynth,,81,33,10886,19993,1824,2520,548160,274080,4.4408,1.3095,1.9859,7.2946,1458412,10646407.6,,7.3,,,,,,,,
config_CIN16_HIN28_WIN28_COUT32_K1_UFCIN8_UFCOU4_PAD1_STRIDE1_BIASTrue_group_conv2d_GROUPS4_ACTIVATIONsigmoid_ap_fixed_16_5_,conv,vitis,csynth,,81,36,12781,21542,1824,2520,548160,274080,4.4408,1.4286,2.3316,7.8597,1458441,10646619.299999999,,7.3,,,,,,,,
config_CIN16_HIN28_WIN28_COUT32_K1_UFCIN8_UFCOU8_PAD1_STRIDE1_BIASFalse_conv2d_ACTIVATIONrelu_ap_fixed_16_5_,conv,vitis,csynth,,81,65,8223,15647,1824,2520,548160,274080,4.4408,2.5794,1.5001,5.7089,266579,1946026.7,,7.3,,,,,,,,
config_CIN16_HIN28_WIN28_COUT32_K1_UFCIN8_UFCOU8_PAD1_STRIDE1_BIASFalse_conv2d_ACTIVATIONsigmoid_ap_fixed_16_5_,conv,vitis,csynth,,81,68,10118,17192,1824,2520,548160,274080,4.4408,2.6984,1.8458,6.2726,266608,1946238.4,,7.3,,,,,,,,
config_CIN16_HIN28_WIN28_COUT32_K1_UFCIN8_UFCOU8_PAD1_STRIDE1_BIASFalse_group_conv2d_GROUPS2_ACTIVATIONrelu_ap_fixed_16_5_,conv,vitis,csynth,,81,65,14987,23807,1824,2520,548160,274080,4.4408,2.5794,2.7341,8.6862,549243,4009473.9,,7.3,,,,,,,,
config_CIN16_HIN28_WIN28_COUT32_K1_UFCIN8_UFCOU8_PAD1_STRIDE1_BIASFalse_group_conv2d_GROUPS2_ACTIVATIONsigmoid_ap_fixed_16_5_,conv,vitis,csynth,,81,68,16882,25352,1824,2520,548160,274080,4.4408,2.6984,3.0798,9.2499,549272,4009685.6,,7.3,,,,,,,,
config_CIN16_HIN28_WIN28_COUT32_K1_UFCIN8_UFCOU8_PAD1_STRIDE1_BIASFalse_group_conv2d_GROUPS4_ACTIVATIONrelu_ap_fixed_16_5_,conv,vitis,csynth,,81,65,7485,16103,1824,2520,548160,274080,4.4408,2.5794,1.3655,5.8753,756367,5521479.1,,7.3,,,,,,,,
config_CIN16_HIN28_WIN28_COUT32_K1_UFCIN8_UFCOU8_PAD1_STRIDE1_BIASFalse_group_conv2d_GROUPS4_ACTIVATIONsigmoid_ap_fixed_16_5_,conv,vitis,csynth,,81,68,9380,17648,1824,2520,548160,274080,4.4408,2.6984,1.7112,6.439,756396,5521690.8,,7.3,,,,,,,,
config_CIN16_HIN28_WIN28_COUT32_K1_UFCIN8_UFCOU8_PAD1_STRIDE1_BIASTrue_conv2d_ACTIVATIONrelu_ap_fixed_16_5_,conv,vitis,csynth,,81,65,8466,16122,1824,2520,548160,274080,4.4408,2.5794,1.5444,5.8822,266624,1946355.2,,7.3,,,,,,,,
config_CIN16_HIN28_WIN28_COUT32_K1_UFCIN8_UFCOU8_PAD1_STRIDE1_BIASTrue_conv2d_ACTIVATIONsigmoid_ap_fixed_16_5_,conv,vitis,csynth,,81,68,10361,17671,1824,2520,548160,274080,4.4408,2.6984,1.8901,6.4474,266653,1946566.9,,7.3,,,,,,,,
config_CIN16_HIN28_WIN28_COUT32_K1_UFCIN8_UFCOU8_PAD1_STRIDE1_BIASTrue_group_conv2d_GROUPS2_ACTIVATIONrelu_ap_fixed_16_5_,conv,vitis,csynth,,81,65,15230,24282,1824,2520,548160,274080,4.4408,2.5794,2.7784,8.8595,549288,4009802.4,,7.3,,,,,,,,
config_CIN16_HIN28_WIN28_COUT32_K1_UFCIN8_UFCOU8_PAD1_STRIDE1_BIASTrue_group_conv2d_GROUPS2_ACTIVATIONsigmoid_ap_fixed_16_5_,conv,vitis,csynth,,81,68,17125,25831,1824,2520,548160,274080,4.4408,2.6984,3.1241,9.4246,549317,4010014.1,,7.3,,,,,,,,
config_CIN16_HIN28_WIN28_COUT32_K1_UFCIN8_UFCOU8_PAD1_STRIDE1_BIASTrue_group_conv2d_GROUPS4_ACTIVATIONrelu_ap_fixed_16_5_,conv,vitis,csynth,,81,65,7728,16578,1824,2520,548160,274080,4.4408,2.5794,1.4098,6.0486,756412,5521807.6,,7.3,,,,,,,,
config_CIN16_HIN28_WIN28_COUT32_K1_UFCIN8_UFCOU8_PAD1_STRIDE1_BIASTrue_group_conv2d_GROUPS4_ACTIVATIONsigmoid_ap_fixed_16_5_,conv,vitis,csynth,,81,68,9623,18127,1824,2520,548160,274080,4.4408,2.6984,1.7555,6.6138,756441,5522019.3,,7.3,,,,,,,,
config_CIN16_HIN28_WIN28_COUT32_K3_UFCIN1_UFCOU1_PAD1_STRIDE1_BIASFalse_conv2d_ACTIVATIONrelu_ap_fixed_16_5_,conv,vitis,csynth,,83,2,5070,9175,1824,2520,548160,274080,4.5504,0.0794,0.9249,3.3476,3774942,27557076.599999998,,7.3,,,,,,,,
config_CIN16_HIN28_WIN28_COUT32_K3_UFCIN1_UFCOU1_PAD1_STRIDE1_BIASFalse_conv2d_ACTIVATIONsigmoid_ap_fixed_16_5_,conv,vitis,csynth,,83,5,6773,10628,1824,2520,548160,274080,4.5504,0.1984,1.2356,3.8777,3774971,27557288.3,,7.3,,,,,,,,
config_CIN16_HIN28_WIN28_COUT32_K3_UFCIN1_UFCOU1_PAD1_STRIDE1_BIASFalse_group_conv2d_GROUPS2_ACTIVATIONrelu_ap_fixed_16_5_,conv,vitis,csynth,,83,6,5485,9895,1824,2520,548160,274080,4.5504,0.2381,1.0006,3.6103,14654572,106978375.6,,7.3,,,,,,,,
config_CIN16_HIN28_WIN28_COUT32_K3_UFCIN1_UFCOU1_PAD1_STRIDE1_BIASFalse_group_conv2d_GROUPS2_ACTIVATIONsigmoid_ap_fixed_16_5_,conv,vitis,csynth,,83,9,7188,11348,1824,2520,548160,274080,4.5504,0.3571,1.3113,4.1404,14654601,106978587.3,,7.3,,,,,,,,
config_CIN16_HIN28_WIN28_COUT32_K3_UFCIN1_UFCOU1_PAD1_STRIDE1_BIASFalse_group_conv2d_GROUPS4_ACTIVATIONrelu_ap_fixed_16_5_,conv,vitis,csynth,,83,6,5488,9898,1824,2520,548160,274080,4.5504,0.2381,1.0012,3.6114,29202594,213178936.2,,7.3,,,,,,,,
config_CIN16_HIN28_WIN28_COUT32_K3_UFCIN1_UFCOU1_PAD1_STRIDE1_BIASFalse_group_conv2d_GROUPS4_ACTIVATIONsigmoid_ap_fixed_16_5_,conv,vitis,csynth,,83,9,7191,11351,1824,2520,548160,274080,4.5504,0.3571,1.3118,4.1415,29202623,213179147.9,,7.3,,,,,,,,
config_CIN16_HIN28_WIN28_COUT32_K3_UFCIN1_UFCOU1_PAD1_STRIDE1_BIASTrue_conv2d_ACTIVATIONrelu_ap_fixed_16_5_,conv,vitis,csynth,,83,2,5207,9392,1824,2520,548160,274080,4.5504,0.0794,0.9499,3.4267,3787403,27648041.9,,7.3,,,,,,,,
config_CIN16_HIN28_WIN28_COUT32_K3_UFCIN1_UFCOU1_PAD1_STRIDE1_BIASTrue_conv2d_ACTIVATIONsigmoid_ap_fixed_16_5_,conv,vitis,csynth,,83,5,6910,10845,1824,2520,548160,274080,4.5504,0.1984,1.2606,3.9569,3787432,27648253.599999998,,7.3,,,,,,,,
config_CIN16_HIN28_WIN28_COUT32_K3_UFCIN1_UFCOU1_PAD1_STRIDE1_BIASTrue_group_conv2d_GROUPS2_ACTIVATIONrelu_ap_fixed_16_5_,conv,vitis,csynth,,83,6,5622,10112,1824,2520,548160,274080,4.5504,0.2381,1.0256,3.6894,14667033,107069340.89999999,,7.3,,,,,,,,
config_CIN16_HIN28_WIN28_COUT32_K3_UFCIN1_UFCOU1_PAD1_STRIDE1_BIASTrue_group_conv2d_GROUPS2_ACTIVATIONsigmoid_ap_fixed_16_5_,conv,vitis,csynth,,83,9,7325,11564,1824,2520,548160,274080,4.5504,0.3571,1.3363,4.2192,14667062,107069552.6,,7.3,,,,,,,,
config_CIN16_HIN28_WIN28_COUT32_K3_UFCIN1_UFCOU1_PAD1_STRIDE1_BIASTrue_group_conv2d_GROUPS4_ACTIVATIONrelu_ap_fixed_16_5_,conv,vitis,csynth,,83,6,5625,10115,1824,2520,548160,274080,4.5504,0.2381,1.0262,3.6905,29215055,213269901.5,,7.3,,,,,,,,
config_CIN16_HIN28_WIN28_COUT32_K3_UFCIN1_UFCOU1_PAD1_STRIDE1_BIASTrue_group_conv2d_GROUPS4_ACTIVATIONsigmoid_ap_fixed_16_5_,conv,vitis,csynth,,83,9,7328,11567,1824,2520,548160,274080,4.5504,0.3571,1.3368,4.2203,29215084,213270113.2,,7.3,,,,,,,,
config_CIN16_HIN28_WIN28_COUT32_K3_UFCIN1_UFCOU4_PAD1_STRIDE1_BIASFalse_conv2d_ACTIVATIONrelu_ap_fixed_16_5_,conv,vitis,csynth,,87,5,5206,10007,1824,2520,548160,274080,4.7697,0.1984,0.9497,3.6511,1059039,7730984.7,,7.3,,,,,,,,
config_CIN16_HIN28_WIN28_COUT32_K3_UFCIN1_UFCOU4_PAD1_STRIDE1_BIASFalse_conv2d_ACTIVATIONsigmoid_ap_fixed_16_5_,conv,vitis,csynth,,87,8,7101,11552,1824,2520,548160,274080,4.7697,0.3175,1.2954,4.2148,1059068,7731196.399999999,,7.3,,,,,,,,
config_CIN16_HIN28_WIN28_COUT32_K3_UFCIN1_UFCOU4_PAD1_STRIDE1_BIASFalse_group_conv2d_GROUPS2_ACTIVATIONrelu_ap_fixed_16_5_,conv,vitis,csynth,,87,5,5819,10717,1824,2520,548160,274080,4.7697,0.1984,1.0616,3.9102,5785835,42236595.5,,7.3,,,,,,,,
config_CIN16_HIN28_WIN28_COUT32_K3_UFCIN1_UFCOU4_PAD1_STRIDE1_BIASFalse_group_conv2d_GROUPS2_ACTIVATIONsigmoid_ap_fixed_16_5_,conv,vitis,csynth,,87,8,7714,12262,1824,2520,548160,274080,4.7697,0.3175,1.4073,4.4739,5785864,42236807.199999996,,7.3,,,,,,,,
config_CIN16_HIN28_WIN28_COUT32_K3_UFCIN1_UFCOU4_PAD1_STRIDE1_BIASFalse_group_conv2d_GROUPS4_ACTIVATIONrelu_ap_fixed_16_5_,conv,vitis,csynth,,87,5,5822,10720,1824,2520,548160,274080,4.7697,0.1984,1.0621,3.9113,11471519,83742088.7,,7.3,,,,,,,,
config_CIN16_HIN28_WIN28_COUT32_K3_UFCIN1_UFCOU4_PAD1_STRIDE1_BIASFalse_group_conv2d_GROUPS4_ACTIVATIONsigmoid_ap_fixed_16_5_,conv,vitis,csynth,,87,8,7717,12265,1824,2520,548160,274080,4.7697,0.3175,1.4078,4.475,11471548,83742300.39999999,,7.3,,,,,,,,
config_CIN16_HIN28_WIN28_COUT32_K3_UFCIN1_UFCOU4_PAD1_STRIDE1_BIASTrue_conv2d_ACTIVATIONrelu_ap_fixed_16_5_,conv,vitis,csynth,,87,5,5386,10334,1824,2520,548160,274080,4.7697,0.1984,0.9826,3.7704,1059084,7731313.2,,7.3,,,,,,,,
config_CIN16_HIN28_WIN28_COUT32_K3_UFCIN1_UFCOU4_PAD1_STRIDE1_BIASTrue_conv2d_ACTIVATIONsigmoid_ap_fixed_16_5_,conv,vitis,csynth,,87,8,7281,11883,1824,2520,548160,274080,4.7697,0.3175,1.3283,4.3356,1059113,7731524.899999999,,7.3,,,,,,,,
config_CIN16_HIN28_WIN28_COUT32_K3_UFCIN1_UFCOU4_PAD1_STRIDE1_BIASTrue_group_conv2d_GROUPS2_ACTIVATIONrelu_ap_fixed_16_5_,conv,vitis,csynth,,87,5,5999,11044,1824,2520,548160,274080,4.7697,0.1984,1.0944,4.0295,5785880,42236924.0,,7.3,,,,,,,,
config_CIN16_HIN28_WIN28_COUT32_K3_UFCIN1_UFCOU4_PAD1_STRIDE1_BIASTrue_group_conv2d_GROUPS2_ACTIVATIONsigmoid_ap_fixed_16_5_,conv,vitis,csynth,,87,8,7894,12593,1824,2520,548160,274080,4.7697,0.3175,1.4401,4.5946,5785909,42237135.699999996,,7.3,,,,,,,,
config_CIN16_HIN28_WIN28_COUT32_K3_UFCIN1_UFCOU4_PAD1_STRIDE1_BIASTrue_group_conv2d_GROUPS4_ACTIVATIONrelu_ap_fixed_16_5_,conv,vitis,csynth,,87,5,6002,11047,1824,2520,548160,274080,4.7697,0.1984,1.0949,4.0306,11471564,83742417.2,,7.3,,,,,,,,
config_CIN16_HIN28_WIN28_COUT32_K3_UFCIN1_UFCOU4_PAD1_STRIDE1_BIASTrue_group_conv2d_GROUPS4_ACTIVATIONsigmoid_ap_fixed_16_5_,conv,vitis,csynth,,87,8,7897,12596,1824,2520,548160,274080,4.7697,0.3175,1.4406,4.5957,11471593,83742628.89999999,,7.3,,,,,,,,
config_CIN16_HIN28_WIN28_COUT32_K3_UFCIN1_UFCOU8_PAD1_STRIDE1_BIASFalse_conv2d_ACTIVATIONrelu_ap_fixed_16_5_,conv,vitis,csynth,,87,9,5290,10786,1824,2520,548160,274080,4.7697,0.3571,0.965,3.9353,604319,4411528.7,,7.3,,,,,,,,
config_CIN16_HIN28_WIN28_COUT32_K3_UFCIN1_UFCOU8_PAD1_STRIDE1_BIASFalse_conv2d_ACTIVATIONsigmoid_ap_fixed_16_5_,conv,vitis,csynth,,87,12,7185,12331,1824,2520,548160,274080,4.7697,0.4762,1.3107,4.4991,604348,4411740.399999999,,7.3,,,,,,,,
config_CIN16_HIN28_WIN28_COUT32_K3_UFCIN1_UFCOU8_PAD1_STRIDE1_BIASFalse_group_conv2d_GROUPS2_ACTIVATIONrelu_ap_fixed_16_5_,conv,vitis,csynth,,87,9,6303,11964,1824,2520,548160,274080,4.7697,0.3571,1.1498,4.3651,3976363,29027449.9,,7.3,,,,,,,,
config_CIN16_HIN28_WIN28_COUT32_K3_UFCIN1_UFCOU8_PAD1_STRIDE1_BIASFalse_group_conv2d_GROUPS2_ACTIVATIONsigmoid_ap_fixed_16_5_,conv,vitis,csynth,,87,12,8198,13509,1824,2520,548160,274080,4.7697,0.4762,1.4955,4.9289,3976392,29027661.599999998,,7.3,,,,,,,,
config_CIN16_HIN28_WIN28_COUT32_K3_UFCIN1_UFCOU8_PAD1_STRIDE1_BIASFalse_group_conv2d_GROUPS4_ACTIVATIONrelu_ap_fixed_16_5_,conv,vitis,csynth,,87,9,5446,10854,1824,2520,548160,274080,4.7697,0.3571,0.9935,3.9602,15109279,110297736.7,,7.3,,,,,,,,
config_CIN16_HIN28_WIN28_COUT32_K3_UFCIN1_UFCOU8_PAD1_STRIDE1_BIASFalse_group_conv2d_GROUPS4_ACTIVATIONsigmoid_ap_fixed_16_5_,conv,vitis,csynth,,87,12,7341,12399,1824,2520,548160,274080,4.7697,0.4762,1.3392,4.5239,15109308,110297948.39999999,,7.3,,,,,,,,
config_CIN16_HIN28_WIN28_COUT32_K3_UFCIN1_UFCOU8_PAD1_STRIDE1_BIASTrue_conv2d_ACTIVATIONrelu_ap_fixed_16_5_,conv,vitis,csynth,,87,9,5533,11261,1824,2520,548160,274080,4.7697,0.3571,1.0094,4.1087,604364,4411857.2,,7.3,,,,,,,,
config_CIN16_HIN28_WIN28_COUT32_K3_UFCIN1_UFCOU8_PAD1_STRIDE1_BIASTrue_conv2d_ACTIVATIONsigmoid_ap_fixed_16_5_,conv,vitis,csynth,,87,12,7428,12810,1824,2520,548160,274080,4.7697,0.4762,1.3551,4.6738,604393,4412068.899999999,,7.3,,,,,,,,
config_CIN16_HIN28_WIN28_COUT32_K3_UFCIN1_UFCOU8_PAD1_STRIDE1_BIASTrue_group_conv2d_GROUPS2_ACTIVATIONrelu_ap_fixed_16_5_,conv,vitis,csynth,,87,9,6546,12439,1824,2520,548160,274080,4.7697,0.3571,1.1942,4.5385,3976408,29027778.4,,7.3,,,,,,,,
config_CIN16_HIN28_WIN28_COUT32_K3_UFCIN1_UFCOU8_PAD1_STRIDE1_BIASTrue_group_conv2d_GROUPS2_ACTIVATIONsigmoid_ap_fixed_16_5_,conv,vitis,csynth,,87,12,8441,13988,1824,2520,548160,274080,4.7697,0.4762,1.5399,5.1036,3976437,29027990.099999998,,7.3,,,,,,,,
config_CIN16_HIN28_WIN28_COUT32_K3_UFCIN1_UFCOU8_PAD1_STRIDE1_BIASTrue_group_conv2d_GROUPS4_ACTIVATIONrelu_ap_fixed_16_5_,conv,vitis,csynth,,87,9,5689,11329,1824,2520,548160,274080,4.7697,0.3571,1.0378,4.1335,15109324,110298065.2,,7.3,,,,,,,,
config_CIN16_HIN28_WIN28_COUT32_K3_UFCIN1_UFCOU8_PAD1_STRIDE1_BIASTrue_group_conv2d_GROUPS4_ACTIVATIONsigmoid_ap_fixed_16_5_,conv,vitis,csynth,,87,12,7584,12878,1824,2520,548160,274080,4.7697,0.4762,1.3835,4.6986,15109353,110298276.89999999,,7.3,,,,,,,,
config_CIN16_HIN28_WIN28_COUT32_K3_UFCIN4_UFCOU1_PAD1_STRIDE1_BIASFalse_conv2d_ACTIVATIONrelu_ap_fixed_16_5_,conv,vitis,csynth,,83,5,5471,10102,1824,2520,548160,274080,4.5504,0.1984,0.9981,3.6858,4570575,33365197.5,,7.3,,,,,,,,
config_CIN16_HIN28_WIN28_COUT32_K3_UFCIN4_UFCOU1_PAD1_STRIDE1_BIASFalse_conv2d_ACTIVATIONsigmoid_ap_fixed_16_5_,conv,vitis,csynth,,83,8,7174,11551,1824,2520,548160,274080,4.5504,0.3175,1.3087,4.2145,4570604,33365409.2,,7.3,,,,,,,,
config_CIN16_HIN28_WIN28_COUT32_K3_UFCIN4_UFCOU1_PAD1_STRIDE1_BIASFalse_group_conv2d_GROUPS2_ACTIVATIONrelu_ap_fixed_16_5_,conv,vitis,csynth,,83,5,5611,10346,1824,2520,548160,274080,4.5504,0.1984,1.0236,3.7748,9120971,66583088.3,,7.3,,,,,,,,
config_CIN16_HIN28_WIN28_COUT32_K3_UFCIN4_UFCOU1_PAD1_STRIDE1_BIASFalse_group_conv2d_GROUPS2_ACTIVATIONsigmoid_ap_fixed_16_5_,conv,vitis,csynth,,83,8,7314,11795,1824,2520,548160,274080,4.5504,0.3175,1.3343,4.3035,9121000,66583300.0,,7.3,,,,,,,,
config_CIN16_HIN28_WIN28_COUT32_K3_UFCIN4_UFCOU1_PAD1_STRIDE1_BIASFalse_group_conv2d_GROUPS4_ACTIVATIONrelu_ap_fixed_16_5_,conv,vitis,csynth,,83,5,5621,10349,1824,2520,548160,274080,4.5504,0.1984,1.0254,3.7759,18122975,132297717.5,,7.3,,,,,,,,
config_CIN16_HIN28_WIN28_COUT32_K3_UFCIN4_UFCOU1_PAD1_STRIDE1_BIASFalse_group_conv2d_GROUPS4_ACTIVATIONsigmoid_ap_fixed_16_5_,conv,vitis,csynth,,83,8,7324,11798,1824,2520,548160,274080,4.5504,0.3175,1.3361,4.3046,18123004,132297929.2,,7.3,,,,,,,,
config_CIN16_HIN28_WIN28_COUT32_K3_UFCIN4_UFCOU1_PAD1_STRIDE1_BIASTrue_conv2d_ACTIVATIONrelu_ap_fixed_16_5_,conv,vitis,csynth,,83,5,5608,10318,1824,2520,548160,274080,4.5504,0.1984,1.0231,3.7646,4570620,33365526.0,,7.3,,,,,,,,
config_CIN16_HIN28_WIN28_COUT32_K3_UFCIN4_UFCOU1_PAD1_STRIDE1_BIASTrue_conv2d_ACTIVATIONsigmoid_ap_fixed_16_5_,conv,vitis,csynth,,83,8,7311,11771,1824,2520,548160,274080,4.5504,0.3175,1.3337,4.2947,4570649,33365737.7,,7.3,,,,,,,,
config_CIN16_HIN28_WIN28_COUT32_K3_UFCIN4_UFCOU1_PAD1_STRIDE1_BIASTrue_group_conv2d_GROUPS2_ACTIVATIONrelu_ap_fixed_16_5_,conv,vitis,csynth,,83,5,5748,10562,1824,2520,548160,274080,4.5504,0.1984,1.0486,3.8536,9121016,66583416.8,,7.3,,,,,,,,
config_CIN16_HIN28_WIN28_COUT32_K3_UFCIN4_UFCOU1_PAD1_STRIDE1_BIASTrue_group_conv2d_GROUPS2_ACTIVATIONsigmoid_ap_fixed_16_5_,conv,vitis,csynth,,83,8,7451,12015,1824,2520,548160,274080,4.5504,0.3175,1.3593,4.3838,9121045,66583628.5,,7.3,,,,,,,,
config_CIN16_HIN28_WIN28_COUT32_K3_UFCIN4_UFCOU1_PAD1_STRIDE1_BIASTrue_group_conv2d_GROUPS4_ACTIVATIONrelu_ap_fixed_16_5_,conv,vitis,csynth,,83,5,5758,10565,1824,2520,548160,274080,4.5504,0.1984,1.0504,3.8547,18123020,132298046.0,,7.3,,,,,,,,
config_CIN16_HIN28_WIN28_COUT32_K3_UFCIN4_UFCOU1_PAD1_STRIDE1_BIASTrue_group_conv2d_GROUPS4_ACTIVATIONsigmoid_ap_fixed_16_5_,conv,vitis,csynth,,83,8,7461,12018,1824,2520,548160,274080,4.5504,0.3175,1.3611,4.3849,18123049,132298257.7,,7.3,,,,,,,,
config_CIN16_HIN28_WIN28_COUT32_K3_UFCIN4_UFCOU4_PAD1_STRIDE1_BIASFalse_conv2d_ACTIVATIONrelu_ap_fixed_16_5_,conv,vitis,csynth,,95,17,5808,11492,1824,2520,548160,274080,5.2083,0.6746,1.0595,4.1929,1842255,13448461.5,,7.3,,,,,,,,
config_CIN16_HIN28_WIN28_COUT32_K3_UFCIN4_UFCOU4_PAD1_STRIDE1_BIASFalse_conv2d_ACTIVATIONsigmoid_ap_fixed_16_5_,conv,vitis,csynth,,95,20,7703,13037,1824,2520,548160,274080,5.2083,0.7937,1.4052,4.7566,1842284,13448673.2,,7.3,,,,,,,,
config_CIN16_HIN28_WIN28_COUT32_K3_UFCIN4_UFCOU4_PAD1_STRIDE1_BIASFalse_group_conv2d_GROUPS2_ACTIVATIONrelu_ap_fixed_16_5_,conv,vitis,csynth,,95,17,7634,13882,1824,2520,548160,274080,5.2083,0.6746,1.3927,5.0649,5376587,39249085.1,,7.3,,,,,,,,
config_CIN16_HIN28_WIN28_COUT32_K3_UFCIN4_UFCOU4_PAD1_STRIDE1_BIASFalse_group_conv2d_GROUPS2_ACTIVATIONsigmoid_ap_fixed_16_5_,conv,vitis,csynth,,95,20,9529,15427,1824,2520,548160,274080,5.2083,0.7937,1.7384,5.6286,5376616,39249296.8,,7.3,,,,,,,,
config_CIN16_HIN28_WIN28_COUT32_K3_UFCIN4_UFCOU4_PAD1_STRIDE1_BIASFalse_group_conv2d_GROUPS4_ACTIVATIONrelu_ap_fixed_16_5_,conv,vitis,csynth,,95,17,7645,13885,1824,2520,548160,274080,5.2083,0.6746,1.3947,5.066,10653023,77767067.89999999,,7.3,,,,,,,,
config_CIN16_HIN28_WIN28_COUT32_K3_UFCIN4_UFCOU4_PAD1_STRIDE1_BIASFalse_group_conv2d_GROUPS4_ACTIVATIONsigmoid_ap_fixed_16_5_,conv,vitis,csynth,,95,20,9540,15430,1824,2520,548160,274080,5.2083,0.7937,1.7404,5.6297,10653052,77767279.6,,7.3,,,,,,,,
config_CIN16_HIN28_WIN28_COUT32_K3_UFCIN4_UFCOU4_PAD1_STRIDE1_BIASTrue_conv2d_ACTIVATIONrelu_ap_fixed_16_5_,conv,vitis,csynth,,95,17,5988,11819,1824,2520,548160,274080,5.2083,0.6746,1.0924,4.3122,1842300,13448790.0,,7.3,,,,,,,,
config_CIN16_HIN28_WIN28_COUT32_K3_UFCIN4_UFCOU4_PAD1_STRIDE1_BIASTrue_conv2d_ACTIVATIONsigmoid_ap_fixed_16_5_,conv,vitis,csynth,,95,20,7883,13368,1824,2520,548160,274080,5.2083,0.7937,1.4381,4.8774,1842329,13449001.7,,7.3,,,,,,,,
config_CIN16_HIN28_WIN28_COUT32_K3_UFCIN4_UFCOU4_PAD1_STRIDE1_BIASTrue_group_conv2d_GROUPS2_ACTIVATIONrelu_ap_fixed_16_5_,conv,vitis,csynth,,95,17,7814,14209,1824,2520,548160,274080,5.2083,0.6746,1.4255,5.1843,5376632,39249413.6,,7.3,,,,,,,,
config_CIN16_HIN28_WIN28_COUT32_K3_UFCIN4_UFCOU4_PAD1_STRIDE1_BIASTrue_group_conv2d_GROUPS2_ACTIVATIONsigmoid_ap_fixed_16_5_,conv,vitis,csynth,,95,20,9709,15758,1824,2520,548160,274080,5.2083,0.7937,1.7712,5.7494,5376661,39249625.3,,7.3,,,,,,,,
config_CIN16_HIN28_WIN28_COUT32_K3_UFCIN4_UFCOU4_PAD1_STRIDE1_BIASTrue_group_conv2d_GROUPS4_ACTIVATIONrelu_ap_fixed_16_5_,conv,vitis,csynth,,95,17,7825,14212,1824,2520,548160,274080,5.2083,0.6746,1.4275,5.1853,10653068,77767396.39999999,,7.3,,,,,,,,
config_CIN16_HIN28_WIN28_COUT32_K3_UFCIN4_UFCOU4_PAD1_STRIDE1_BIASTrue_group_conv2d_GROUPS4_ACTIVATIONsigmoid_ap_fixed_16_5_,conv,vitis,csynth,,95,20,9720,15761,1824,2520,548160,274080,5.2083,0.7937,1.7732,5.7505,10653097,77767608.1,,7.3,,,,,,,,
config_CIN16_HIN28_WIN28_COUT32_K3_UFCIN4_UFCOU8_PAD1_STRIDE1_BIASFalse_conv2d_ACTIVATIONrelu_ap_fixed_16_5_,conv,vitis,csynth,,111,33,6151,13127,1824,2520,548160,274080,6.0855,1.3095,1.1221,4.7895,1387535,10129005.5,,7.3,,,,,,,,
config_CIN16_HIN28_WIN28_COUT32_K3_UFCIN4_UFCOU8_PAD1_STRIDE1_BIASFalse_conv2d_ACTIVATIONsigmoid_ap_fixed_16_5_,conv,vitis,csynth,,111,36,8046,14672,1824,2520,548160,274080,6.0855,1.4286,1.4678,5.3532,1387564,10129217.2,,7.3,,,,,,,,
config_CIN16_HIN28_WIN28_COUT32_K3_UFCIN4_UFCOU8_PAD1_STRIDE1_BIASFalse_group_conv2d_GROUPS2_ACTIVATIONrelu_ap_fixed_16_5_,conv,vitis,csynth,,111,33,9544,17237,1824,2520,548160,274080,6.0855,1.3095,1.7411,6.289,3567115,26039939.5,,7.3,,,,,,,,
config_CIN16_HIN28_WIN28_COUT32_K3_UFCIN4_UFCOU8_PAD1_STRIDE1_BIASFalse_group_conv2d_GROUPS2_ACTIVATIONsigmoid_ap_fixed_16_5_,conv,vitis,csynth,,111,36,11439,18782,1824,2520,548160,274080,6.0855,1.4286,2.0868,6.8527,3567144,26040151.2,,7.3,,,,,,,,
config_CIN16_HIN28_WIN28_COUT32_K3_UFCIN4_UFCOU8_PAD1_STRIDE1_BIASFalse_group_conv2d_GROUPS4_ACTIVATIONrelu_ap_fixed_16_5_,conv,vitis,csynth,,111,33,5993,12222,1824,2520,548160,274080,6.0855,1.3095,1.0933,4.4593,6416287,46838895.1,,7.3,,,,,,,,
config_CIN16_HIN28_WIN28_COUT32_K3_UFCIN4_UFCOU8_PAD1_STRIDE1_BIASFalse_group_conv2d_GROUPS4_ACTIVATIONsigmoid_ap_fixed_16_5_,conv,vitis,csynth,,111,36,7888,13767,1824,2520,548160,274080,6.0855,1.4286,1.439,5.023,6416316,46839106.8,,7.3,,,,,,,,
config_CIN16_HIN28_WIN28_COUT32_K3_UFCIN4_UFCOU8_PAD1_STRIDE1_BIASTrue_conv2d_ACTIVATIONrelu_ap_fixed_16_5_,conv,vitis,csynth,,111,33,6394,13602,1824,2520,548160,274080,6.0855,1.3095,1.1664,4.9628,1387580,10129334.0,,7.3,,,,,,,,
config_CIN16_HIN28_WIN28_COUT32_K3_UFCIN4_UFCOU8_PAD1_STRIDE1_BIASTrue_conv2d_ACTIVATIONsigmoid_ap_fixed_16_5_,conv,vitis,csynth,,111,36,8289,15151,1824,2520,548160,274080,6.0855,1.4286,1.5121,5.5279,1387609,10129545.7,,7.3,,,,,,,,
config_CIN16_HIN28_WIN28_COUT32_K3_UFCIN4_UFCOU8_PAD1_STRIDE1_BIASTrue_group_conv2d_GROUPS2_ACTIVATIONrelu_ap_fixed_16_5_,conv,vitis,csynth,,111,33,9787,17712,1824,2520,548160,274080,6.0855,1.3095,1.7854,6.4623,3567160,26040268.0,,7.3,,,,,,,,
config_CIN16_HIN28_WIN28_COUT32_K3_UFCIN4_UFCOU8_PAD1_STRIDE1_BIASTrue_group_conv2d_GROUPS2_ACTIVATIONsigmoid_ap_fixed_16_5_,conv,vitis,csynth,,111,36,11682,19261,1824,2520,548160,274080,6.0855,1.4286,2.1311,7.0275,3567189,26040479.7,,7.3,,,,,,,,
config_CIN16_HIN28_WIN28_COUT32_K3_UFCIN4_UFCOU8_PAD1_STRIDE1_BIASTrue_group_conv2d_GROUPS4_ACTIVATIONrelu_ap_fixed_16_5_,conv,vitis,csynth,,111,33,6236,12697,1824,2520,548160,274080,6.0855,1.3095,1.1376,4.6326,6416332,46839223.6,,7.3,,,,,,,,
config_CIN16_HIN28_WIN28_COUT32_K3_UFCIN4_UFCOU8_PAD1_STRIDE1_BIASTrue_group_conv2d_GROUPS4_ACTIVATIONsigmoid_ap_fixed_16_5_,conv,vitis,csynth,,111,36,8131,14246,1824,2520,548160,274080,6.0855,1.4286,1.4833,5.1978,6416361,46839435.3,,7.3,,,,,,,,
config_CIN16_HIN28_WIN28_COUT32_K3_UFCIN8_UFCOU1_PAD1_STRIDE1_BIASFalse_conv2d_ACTIVATIONrelu_ap_fixed_16_5_,conv,vitis,csynth,,83,9,5938,11407,1824,2520,548160,274080,4.5504,0.3571,1.0833,4.1619,4556463,33262179.9,,7.3,,,,,,,,
config_CIN16_HIN28_WIN28_COUT32_K3_UFCIN8_UFCOU1_PAD1_STRIDE1_BIASFalse_conv2d_ACTIVATIONsigmoid_ap_fixed_16_5_,conv,vitis,csynth,,83,12,7641,12856,1824,2520,548160,274080,4.5504,0.4762,1.3939,4.6906,4556492,33262391.599999998,,7.3,,,,,,,,
config_CIN16_HIN28_WIN28_COUT32_K3_UFCIN8_UFCOU1_PAD1_STRIDE1_BIASFalse_group_conv2d_GROUPS2_ACTIVATIONrelu_ap_fixed_16_5_,conv,vitis,csynth,,83,9,6181,11748,1824,2520,548160,274080,4.5504,0.3571,1.1276,4.2863,9205643,67201193.89999999,,7.3,,,,,,,,
config_CIN16_HIN28_WIN28_COUT32_K3_UFCIN8_UFCOU1_PAD1_STRIDE1_BIASFalse_group_conv2d_GROUPS2_ACTIVATIONsigmoid_ap_fixed_16_5_,conv,vitis,csynth,,83,12,7884,13197,1824,2520,548160,274080,4.5504,0.4762,1.4383,4.815,9205672,67201405.6,,7.3,,,,,,,,
config_CIN16_HIN28_WIN28_COUT32_K3_UFCIN8_UFCOU1_PAD1_STRIDE1_BIASFalse_group_conv2d_GROUPS4_ACTIVATIONrelu_ap_fixed_16_5_,conv,vitis,csynth,,83,9,6172,12800,1824,2520,548160,274080,4.5504,0.3571,1.1259,4.6702,18292319,133533928.7,,7.3,,,,,,,,
config_CIN16_HIN28_WIN28_COUT32_K3_UFCIN8_UFCOU1_PAD1_STRIDE1_BIASFalse_group_conv2d_GROUPS4_ACTIVATIONsigmoid_ap_fixed_16_5_,conv,vitis,csynth,,83,12,7875,14249,1824,2520,548160,274080,4.5504,0.4762,1.4366,5.1988,18292348,133534140.39999999,,7.3,,,,,,,,
config_CIN16_HIN28_WIN28_COUT32_K3_UFCIN8_UFCOU1_PAD1_STRIDE1_BIASTrue_conv2d_ACTIVATIONrelu_ap_fixed_16_5_,conv,vitis,csynth,,83,9,6075,11623,1824,2520,548160,274080,4.5504,0.3571,1.1083,4.2407,4556508,33262508.4,,7.3,,,,,,,,
config_CIN16_HIN28_WIN28_COUT32_K3_UFCIN8_UFCOU1_PAD1_STRIDE1_BIASTrue_conv2d_ACTIVATIONsigmoid_ap_fixed_16_5_,conv,vitis,csynth,,83,12,7778,13076,1824,2520,548160,274080,4.5504,0.4762,1.4189,4.7709,4556537,33262720.099999998,,7.3,,,,,,,,
config_CIN16_HIN28_WIN28_COUT32_K3_UFCIN8_UFCOU1_PAD1_STRIDE1_BIASTrue_group_conv2d_GROUPS2_ACTIVATIONrelu_ap_fixed_16_5_,conv,vitis,csynth,,83,9,6318,11964,1824,2520,548160,274080,4.5504,0.3571,1.1526,4.3651,9205688,67201522.39999999,,7.3,,,,,,,,
config_CIN16_HIN28_WIN28_COUT32_K3_UFCIN8_UFCOU1_PAD1_STRIDE1_BIASTrue_group_conv2d_GROUPS2_ACTIVATIONsigmoid_ap_fixed_16_5_,conv,vitis,csynth,,83,12,8021,13417,1824,2520,548160,274080,4.5504,0.4762,1.4633,4.8953,9205717,67201734.1,,7.3,,,,,,,,
config_CIN16_HIN28_WIN28_COUT32_K3_UFCIN8_UFCOU1_PAD1_STRIDE1_BIASTrue_group_conv2d_GROUPS4_ACTIVATIONrelu_ap_fixed_16_5_,conv,vitis,csynth,,83,9,6309,13016,1824,2520,548160,274080,4.5504,0.3571,1.1509,4.749,18292364,133534257.2,,7.3,,,,,,,,
config_CIN16_HIN28_WIN28_COUT32_K3_UFCIN8_UFCOU1_PAD1_STRIDE1_BIASTrue_group_conv2d_GROUPS4_ACTIVATIONsigmoid_ap_fixed_16_5_,conv,vitis,csynth,,83,12,8012,14469,1824,2520,548160,274080,4.5504,0.4762,1.4616,5.2791,18292393,133534468.89999999,,7.3,,,,,,,,
config_CIN16_HIN28_WIN28_COUT32_K3_UFCIN8_UFCOU4_PAD1_STRIDE1_BIASFalse_conv2d_ACTIVATIONrelu_ap_fixed_16_5_,conv,vitis,csynth,,111,33,6555,13559,1824,2520,548160,274080,6.0855,1.3095,1.1958,4.9471,1828143,13345443.9,,7.3,,,,,,,,
config_CIN16_HIN28_WIN28_COUT32_K3_UFCIN8_UFCOU4_PAD1_STRIDE1_BIASFalse_conv2d_ACTIVATIONsigmoid_ap_fixed_16_5_,conv,vitis,csynth,,111,36,8450,15104,1824,2520,548160,274080,6.0855,1.4286,1.5415,5.5108,1828172,13345655.6,,7.3,,,,,,,,
config_CIN16_HIN28_WIN28_COUT32_K3_UFCIN8_UFCOU4_PAD1_STRIDE1_BIASFalse_group_conv2d_GROUPS2_ACTIVATIONrelu_ap_fixed_16_5_,conv,vitis,csynth,,111,33,10224,18278,1824,2520,548160,274080,6.0855,1.3095,1.8651,6.6689,5404811,39455120.3,,7.3,,,,,,,,
config_CIN16_HIN28_WIN28_COUT32_K3_UFCIN8_UFCOU4_PAD1_STRIDE1_BIASFalse_group_conv2d_GROUPS2_ACTIVATIONsigmoid_ap_fixed_16_5_,conv,vitis,csynth,,111,36,12119,19823,1824,2520,548160,274080,6.0855,1.4286,2.2109,7.2326,5404840,39455332.0,,7.3,,,,,,,,
config_CIN16_HIN28_WIN28_COUT32_K3_UFCIN8_UFCOU4_PAD1_STRIDE1_BIASFalse_group_conv2d_GROUPS4_ACTIVATIONrelu_ap_fixed_16_5_,conv,vitis,csynth,,111,33,10230,20346,1824,2520,548160,274080,6.0855,1.3095,1.8662,7.4234,10709471,78179138.3,,7.3,,,,,,,,
config_CIN16_HIN28_WIN28_COUT32_K3_UFCIN8_UFCOU4_PAD1_STRIDE1_BIASFalse_group_conv2d_GROUPS4_ACTIVATIONsigmoid_ap_fixed_16_5_,conv,vitis,csynth,,111,36,12125,21891,1824,2520,548160,274080,6.0855,1.4286,2.2119,7.9871,10709500,78179350.0,,7.3,,,,,,,,
config_CIN16_HIN28_WIN28_COUT32_K3_UFCIN8_UFCOU4_PAD1_STRIDE1_BIASTrue_conv2d_ACTIVATIONrelu_ap_fixed_16_5_,conv,vitis,csynth,,111,33,6735,13886,1824,2520,548160,274080,6.0855,1.3095,1.2287,5.0664,1828188,13345772.4,,7.3,,,,,,,,
config_CIN16_HIN28_WIN28_COUT32_K3_UFCIN8_UFCOU4_PAD1_STRIDE1_BIASTrue_conv2d_ACTIVATIONsigmoid_ap_fixed_16_5_,conv,vitis,csynth,,111,36,8630,15435,1824,2520,548160,274080,6.0855,1.4286,1.5744,5.6316,1828217,13345984.1,,7.3,,,,,,,,
config_CIN16_HIN28_WIN28_COUT32_K3_UFCIN8_UFCOU4_PAD1_STRIDE1_BIASTrue_group_conv2d_GROUPS2_ACTIVATIONrelu_ap_fixed_16_5_,conv,vitis,csynth,,111,33,10404,18605,1824,2520,548160,274080,6.0855,1.3095,1.898,6.7882,5404856,39455448.8,,7.3,,,,,,,,
config_CIN16_HIN28_WIN28_COUT32_K3_UFCIN8_UFCOU4_PAD1_STRIDE1_BIASTrue_group_conv2d_GROUPS2_ACTIVATIONsigmoid_ap_fixed_16_5_,conv,vitis,csynth,,111,36,12299,20154,1824,2520,548160,274080,6.0855,1.4286,2.2437,7.3533,5404885,39455660.5,,7.3,,,,,,,,
config_CIN16_HIN28_WIN28_COUT32_K3_UFCIN8_UFCOU4_PAD1_STRIDE1_BIASTrue_group_conv2d_GROUPS4_ACTIVATIONrelu_ap_fixed_16_5_,conv,vitis,csynth,,111,33,10410,20673,1824,2520,548160,274080,6.0855,1.3095,1.8991,7.5427,10709516,78179466.8,,7.3,,,,,,,,
config_CIN16_HIN28_WIN28_COUT32_K3_UFCIN8_UFCOU4_PAD1_STRIDE1_BIASTrue_group_conv2d_GROUPS4_ACTIVATIONsigmoid_ap_fixed_16_5_,conv,vitis,csynth,,111,36,12305,22222,1824,2520,548160,274080,6.0855,1.4286,2.2448,8.1079,10709545,78179678.5,,7.3,,,,,,,,
config_CIN16_HIN28_WIN28_COUT32_K3_UFCIN8_UFCOU8_PAD1_STRIDE1_BIASFalse_conv2d_ACTIVATIONrelu_ap_fixed_16_5_,conv,vitis,csynth,,143,65,7242,16226,1824,2520,548160,274080,7.8399,2.5794,1.3211,5.9202,1373423,10025987.9,,7.3,,,,,,,,
config_CIN16_HIN28_WIN28_COUT32_K3_UFCIN8_UFCOU8_PAD1_STRIDE1_BIASFalse_conv2d_ACTIVATIONsigmoid_ap_fixed_16_5_,conv,vitis,csynth,,143,68,9137,17771,1824,2520,548160,274080,7.8399,2.6984,1.6668,6.4839,1373452,10026199.6,,7.3,,,,,,,,
config_CIN16_HIN28_WIN28_COUT32_K3_UFCIN8_UFCOU8_PAD1_STRIDE1_BIASFalse_group_conv2d_GROUPS2_ACTIVATIONrelu_ap_fixed_16_5_,conv,vitis,csynth,,143,65,14034,24385,1824,2520,548160,274080,7.8399,2.5794,2.5602,8.897,3595339,26245974.7,,7.3,,,,,,,,
config_CIN16_HIN28_WIN28_COUT32_K3_UFCIN8_UFCOU8_PAD1_STRIDE1_BIASFalse_group_conv2d_GROUPS2_ACTIVATIONsigmoid_ap_fixed_16_5_,conv,vitis,csynth,,143,68,15929,25930,1824,2520,548160,274080,7.8399,2.6984,2.9059,9.4607,3595368,26246186.4,,7.3,,,,,,,,
config_CIN16_HIN28_WIN28_COUT32_K3_UFCIN8_UFCOU8_PAD1_STRIDE1_BIASFalse_group_conv2d_GROUPS4_ACTIVATIONrelu_ap_fixed_16_5_,conv,vitis,csynth,,143,65,6750,16639,1824,2520,548160,274080,7.8399,2.5794,1.2314,6.0709,5230879,38185416.699999996,,7.3,,,,,,,,
config_CIN16_HIN28_WIN28_COUT32_K3_UFCIN8_UFCOU8_PAD1_STRIDE1_BIASFalse_group_conv2d_GROUPS4_ACTIVATIONsigmoid_ap_fixed_16_5_,conv,vitis,csynth,,143,68,8645,18184,1824,2520,548160,274080,7.8399,2.6984,1.5771,6.6346,5230908,38185628.4,,7.3,,,,,,,,
config_CIN16_HIN28_WIN28_COUT32_K3_UFCIN8_UFCOU8_PAD1_STRIDE1_BIASTrue_conv2d_ACTIVATIONrelu_ap_fixed_16_5_,conv,vitis,csynth,,143,65,7485,16701,1824,2520,548160,274080,7.8399,2.5794,1.3655,6.0935,1373468,10026316.4,,7.3,,,,,,,,
config_CIN16_HIN28_WIN28_COUT32_K3_UFCIN8_UFCOU8_PAD1_STRIDE1_BIASTrue_conv2d_ACTIVATIONsigmoid_ap_fixed_16_5_,conv,vitis,csynth,,143,68,9380,18250,1824,2520,548160,274080,7.8399,2.6984,1.7112,6.6586,1373497,10026528.1,,7.3,,,,,,,,
config_CIN16_HIN28_WIN28_COUT32_K3_UFCIN8_UFCOU8_PAD1_STRIDE1_BIASTrue_group_conv2d_GROUPS2_ACTIVATIONrelu_ap_fixed_16_5_,conv,vitis,csynth,,143,65,14277,24860,1824,2520,548160,274080,7.8399,2.5794,2.6045,9.0703,3595384,26246303.2,,7.3,,,,,,,,
config_CIN16_HIN28_WIN28_COUT32_K3_UFCIN8_UFCOU8_PAD1_STRIDE1_BIASTrue_group_conv2d_GROUPS2_ACTIVATIONsigmoid_ap_fixed_16_5_,conv,vitis,csynth,,143,68,16172,26409,1824,2520,548160,274080,7.8399,2.6984,2.9502,9.6355,3595413,26246514.9,,7.3,,,,,,,,
config_CIN16_HIN28_WIN28_COUT32_K3_UFCIN8_UFCOU8_PAD1_STRIDE1_BIASTrue_group_conv2d_GROUPS4_ACTIVATIONrelu_ap_fixed_16_5_,conv,vitis,csynth,,143,65,6993,17114,1824,2520,548160,274080,7.8399,2.5794,1.2757,6.2442,5230924,38185745.199999996,,7.3,,,,,,,,
config_CIN16_HIN28_WIN28_COUT32_K3_UFCIN8_UFCOU8_PAD1_STRIDE1_BIASTrue_group_conv2d_GROUPS4_ACTIVATIONsigmoid_ap_fixed_16_5_,conv,vitis,csynth,,143,68,8888,18663,1824,2520,548160,274080,7.8399,2.6984,1.6214,6.8093,5230953,38185956.9,,7.3,,,,,,,,
config_CIN16_HIN28_WIN56_COUT16_K1_UFCIN1_UFCOU1_PAD1_STRIDE1_BIASFalse_conv2d_ACTIVATIONrelu_ap_fixed_16_5_,conv,vitis,csynth,,88,7,5095,8567,1824,2520,548160,274080,4.8246,0.2778,0.9295,3.1257,571865,4174614.5,,7.3,,,,,,,,
config_CIN16_HIN28_WIN56_COUT16_K1_UFCIN1_UFCOU1_PAD1_STRIDE1_BIASFalse_conv2d_ACTIVATIONsigmoid_ap_fixed_16_5_,conv,vitis,csynth,,88,10,6863,10055,1824,2520,548160,274080,4.8246,0.3968,1.252,3.6686,571895,4174833.5,,7.3,,,,,,,,
config_CIN16_HIN28_WIN56_COUT16_K1_UFCIN1_UFCOU1_PAD1_STRIDE1_BIASFalse_group_conv2d_GROUPS2_ACTIVATIONrelu_ap_fixed_16_5_,conv,vitis,csynth,,88,11,5475,9247,1824,2520,548160,274080,4.8246,0.4365,0.9988,3.3738,1922171,14031848.299999999,,7.3,,,,,,,,
config_CIN16_HIN28_WIN56_COUT16_K1_UFCIN1_UFCOU1_PAD1_STRIDE1_BIASFalse_group_conv2d_GROUPS2_ACTIVATIONsigmoid_ap_fixed_16_5_,conv,vitis,csynth,,88,14,7243,10735,1824,2520,548160,274080,4.8246,0.5556,1.3213,3.9167,1922201,14032067.299999999,,7.3,,,,,,,,
config_CIN16_HIN28_WIN56_COUT16_K1_UFCIN1_UFCOU1_PAD1_STRIDE1_BIASFalse_group_conv2d_GROUPS4_ACTIVATIONrelu_ap_fixed_16_5_,conv,vitis,csynth,,88,11,5477,9250,1824,2520,548160,274080,4.8246,0.4365,0.9992,3.3749,3731897,27242848.099999998,,7.3,,,,,,,,
config_CIN16_HIN28_WIN56_COUT16_K1_UFCIN1_UFCOU1_PAD1_STRIDE1_BIASFalse_group_conv2d_GROUPS4_ACTIVATIONsigmoid_ap_fixed_16_5_,conv,vitis,csynth,,88,14,7245,10738,1824,2520,548160,274080,4.8246,0.5556,1.3217,3.9178,3731927,27243067.099999998,,7.3,,,,,,,,
config_CIN16_HIN28_WIN56_COUT16_K1_UFCIN1_UFCOU1_PAD1_STRIDE1_BIASTrue_conv2d_ACTIVATIONrelu_ap_fixed_16_5_,conv,vitis,csynth,,88,7,5231,8751,1824,2520,548160,274080,4.8246,0.2778,0.9543,3.1929,596918,4357501.399999999,,7.3,,,,,,,,
config_CIN16_HIN28_WIN56_COUT16_K1_UFCIN1_UFCOU1_PAD1_STRIDE1_BIASTrue_conv2d_ACTIVATIONsigmoid_ap_fixed_16_5_,conv,vitis,csynth,,88,10,6999,10239,1824,2520,548160,274080,4.8246,0.3968,1.2768,3.7358,596948,4357720.399999999,,7.3,,,,,,,,
config_CIN16_HIN28_WIN56_COUT16_K1_UFCIN1_UFCOU1_PAD1_STRIDE1_BIASTrue_group_conv2d_GROUPS2_ACTIVATIONrelu_ap_fixed_16_5_,conv,vitis,csynth,,88,11,5611,9431,1824,2520,548160,274080,4.8246,0.4365,1.0236,3.441,1947224,14214735.2,,7.3,,,,,,,,
config_CIN16_HIN28_WIN56_COUT16_K1_UFCIN1_UFCOU1_PAD1_STRIDE1_BIASTrue_group_conv2d_GROUPS2_ACTIVATIONsigmoid_ap_fixed_16_5_,conv,vitis,csynth,,88,14,7379,10919,1824,2520,548160,274080,4.8246,0.5556,1.3461,3.9839,1947254,14214954.2,,7.3,,,,,,,,
config_CIN16_HIN28_WIN56_COUT16_K1_UFCIN1_UFCOU1_PAD1_STRIDE1_BIASTrue_group_conv2d_GROUPS4_ACTIVATIONrelu_ap_fixed_16_5_,conv,vitis,csynth,,88,11,5613,9434,1824,2520,548160,274080,4.8246,0.4365,1.024,3.4421,3756950,27425735.0,,7.3,,,,,,,,
config_CIN16_HIN28_WIN56_COUT16_K1_UFCIN1_UFCOU1_PAD1_STRIDE1_BIASTrue_group_conv2d_GROUPS4_ACTIVATIONsigmoid_ap_fixed_16_5_,conv,vitis,csynth,,88,14,7381,10922,1824,2520,548160,274080,4.8246,0.5556,1.3465,3.985,3756980,27425954.0,,7.3,,,,,,,,
config_CIN16_HIN28_WIN56_COUT16_K1_UFCIN1_UFCOU4_PAD1_STRIDE1_BIASFalse_conv2d_ACTIVATIONrelu_ap_fixed_16_5_,conv,vitis,csynth,,95,12,5401,9375,1824,2520,548160,274080,5.2083,0.4762,0.9853,3.4205,241930,1766089.0,,7.3,,,,,,,,
config_CIN16_HIN28_WIN56_COUT16_K1_UFCIN1_UFCOU4_PAD1_STRIDE1_BIASFalse_conv2d_ACTIVATIONsigmoid_ap_fixed_16_5_,conv,vitis,csynth,,95,15,7233,10895,1824,2520,548160,274080,5.2083,0.5952,1.3195,3.9751,241960,1766308.0,,7.3,,,,,,,,
config_CIN16_HIN28_WIN56_COUT16_K1_UFCIN1_UFCOU4_PAD1_STRIDE1_BIASFalse_group_conv2d_GROUPS2_ACTIVATIONrelu_ap_fixed_16_5_,conv,vitis,csynth,,95,28,6226,10597,1824,2520,548160,274080,5.2083,1.1111,1.1358,3.8664,589996,4306970.8,,7.3,,,,,,,,
config_CIN16_HIN28_WIN56_COUT16_K1_UFCIN1_UFCOU4_PAD1_STRIDE1_BIASFalse_group_conv2d_GROUPS2_ACTIVATIONsigmoid_ap_fixed_16_5_,conv,vitis,csynth,,95,31,8058,12117,1824,2520,548160,274080,5.2083,1.2302,1.47,4.421,590026,4307189.8,,7.3,,,,,,,,
config_CIN16_HIN28_WIN56_COUT16_K1_UFCIN1_UFCOU4_PAD1_STRIDE1_BIASFalse_group_conv2d_GROUPS4_ACTIVATIONrelu_ap_fixed_16_5_,conv,vitis,csynth,,95,11,5691,9629,1824,2520,548160,274080,5.2083,0.4365,1.0382,3.5132,290838,2123117.4,,7.3,,,,,,,,
config_CIN16_HIN28_WIN56_COUT16_K1_UFCIN1_UFCOU4_PAD1_STRIDE1_BIASFalse_group_conv2d_GROUPS4_ACTIVATIONsigmoid_ap_fixed_16_5_,conv,vitis,csynth,,95,14,7523,11149,1824,2520,548160,274080,5.2083,0.5556,1.3724,4.0678,290868,2123336.4,,7.3,,,,,,,,
config_CIN16_HIN28_WIN56_COUT16_K1_UFCIN1_UFCOU4_PAD1_STRIDE1_BIASTrue_conv2d_ACTIVATIONrelu_ap_fixed_16_5_,conv,vitis,csynth,,95,12,5577,9673,1824,2520,548160,274080,5.2083,0.4762,1.0174,3.5293,241959,1766300.7,,7.3,,,,,,,,
config_CIN16_HIN28_WIN56_COUT16_K1_UFCIN1_UFCOU4_PAD1_STRIDE1_BIASTrue_conv2d_ACTIVATIONsigmoid_ap_fixed_16_5_,conv,vitis,csynth,,95,15,7409,11193,1824,2520,548160,274080,5.2083,0.5952,1.3516,4.0838,241989,1766519.7,,7.3,,,,,,,,
config_CIN16_HIN28_WIN56_COUT16_K1_UFCIN1_UFCOU4_PAD1_STRIDE1_BIASTrue_group_conv2d_GROUPS2_ACTIVATIONrelu_ap_fixed_16_5_,conv,vitis,csynth,,95,28,6402,10895,1824,2520,548160,274080,5.2083,1.1111,1.1679,3.9751,590025,4307182.5,,7.3,,,,,,,,
config_CIN16_HIN28_WIN56_COUT16_K1_UFCIN1_UFCOU4_PAD1_STRIDE1_BIASTrue_group_conv2d_GROUPS2_ACTIVATIONsigmoid_ap_fixed_16_5_,conv,vitis,csynth,,95,31,8234,12415,1824,2520,548160,274080,5.2083,1.2302,1.5021,4.5297,590055,4307401.5,,7.3,,,,,,,,
config_CIN16_HIN28_WIN56_COUT16_K1_UFCIN1_UFCOU4_PAD1_STRIDE1_BIASTrue_group_conv2d_GROUPS4_ACTIVATIONrelu_ap_fixed_16_5_,conv,vitis,csynth,,95,11,5867,9927,1824,2520,548160,274080,5.2083,0.4365,1.0703,3.6219,290867,2123329.1,,7.3,,,,,,,,
config_CIN16_HIN28_WIN56_COUT16_K1_UFCIN1_UFCOU4_PAD1_STRIDE1_BIASTrue_group_conv2d_GROUPS4_ACTIVATIONsigmoid_ap_fixed_16_5_,conv,vitis,csynth,,95,14,7699,11447,1824,2520,548160,274080,5.2083,0.5556,1.4045,4.1765,290897,2123548.1,,7.3,,,,,,,,
config_CIN16_HIN28_WIN56_COUT16_K1_UFCIN1_UFCOU8_PAD1_STRIDE1_BIASFalse_conv2d_ACTIVATIONrelu_ap_fixed_16_5_,conv,vitis,csynth,,91,16,5728,10223,1824,2520,548160,274080,4.989,0.6349,1.045,3.7299,238450,1740685.0,,7.3,,,,,,,,
config_CIN16_HIN28_WIN56_COUT16_K1_UFCIN1_UFCOU8_PAD1_STRIDE1_BIASFalse_conv2d_ACTIVATIONsigmoid_ap_fixed_16_5_,conv,vitis,csynth,,91,19,7560,11743,1824,2520,548160,274080,4.989,0.754,1.3792,4.2845,238480,1740904.0,,7.3,,,,,,,,
config_CIN16_HIN28_WIN56_COUT16_K1_UFCIN1_UFCOU8_PAD1_STRIDE1_BIASFalse_group_conv2d_GROUPS2_ACTIVATIONrelu_ap_fixed_16_5_,conv,vitis,csynth,,91,15,6054,10454,1824,2520,548160,274080,4.989,0.5952,1.1044,3.8142,200234,1461708.2,,7.3,,,,,,,,
config_CIN16_HIN28_WIN56_COUT16_K1_UFCIN1_UFCOU8_PAD1_STRIDE1_BIASFalse_group_conv2d_GROUPS2_ACTIVATIONsigmoid_ap_fixed_16_5_,conv,vitis,csynth,,91,18,7886,11974,1824,2520,548160,274080,4.989,0.7143,1.4386,4.3688,200264,1461927.2,,7.3,,,,,,,,
config_CIN16_HIN28_WIN56_COUT16_K1_UFCIN1_UFCOU8_PAD1_STRIDE1_BIASFalse_group_conv2d_GROUPS4_ACTIVATIONrelu_ap_fixed_16_5_,conv,vitis,csynth,,91,12,5867,10439,1824,2520,548160,274080,4.989,0.4762,1.0703,3.8087,287718,2100341.4,,7.3,,,,,,,,
config_CIN16_HIN28_WIN56_COUT16_K1_UFCIN1_UFCOU8_PAD1_STRIDE1_BIASFalse_group_conv2d_GROUPS4_ACTIVATIONsigmoid_ap_fixed_16_5_,conv,vitis,csynth,,91,15,7699,11959,1824,2520,548160,274080,4.989,0.5952,1.4045,4.3633,287748,2100560.4,,7.3,,,,,,,,
config_CIN16_HIN28_WIN56_COUT16_K1_UFCIN1_UFCOU8_PAD1_STRIDE1_BIASTrue_conv2d_ACTIVATIONrelu_ap_fixed_16_5_,conv,vitis,csynth,,91,16,5966,10673,1824,2520,548160,274080,4.989,0.6349,1.0884,3.8941,238479,1740896.7,,7.3,,,,,,,,
config_CIN16_HIN28_WIN56_COUT16_K1_UFCIN1_UFCOU8_PAD1_STRIDE1_BIASTrue_conv2d_ACTIVATIONsigmoid_ap_fixed_16_5_,conv,vitis,csynth,,91,19,7798,12193,1824,2520,548160,274080,4.989,0.754,1.4226,4.4487,238509,1741115.7,,7.3,,,,,,,,
config_CIN16_HIN28_WIN56_COUT16_K1_UFCIN1_UFCOU8_PAD1_STRIDE1_BIASTrue_group_conv2d_GROUPS2_ACTIVATIONrelu_ap_fixed_16_5_,conv,vitis,csynth,,91,15,6292,10904,1824,2520,548160,274080,4.989,0.5952,1.1478,3.9784,200263,1461919.9,,7.3,,,,,,,,
config_CIN16_HIN28_WIN56_COUT16_K1_UFCIN1_UFCOU8_PAD1_STRIDE1_BIASTrue_group_conv2d_GROUPS2_ACTIVATIONsigmoid_ap_fixed_16_5_,conv,vitis,csynth,,91,18,8124,12424,1824,2520,548160,274080,4.989,0.7143,1.482,4.533,200293,1462138.9,,7.3,,,,,,,,
config_CIN16_HIN28_WIN56_COUT16_K1_UFCIN1_UFCOU8_PAD1_STRIDE1_BIASTrue_group_conv2d_GROUPS4_ACTIVATIONrelu_ap_fixed_16_5_,conv,vitis,csynth,,91,12,6105,10889,1824,2520,548160,274080,4.989,0.4762,1.1137,3.9729,287747,2100553.1,,7.3,,,,,,,,
config_CIN16_HIN28_WIN56_COUT16_K1_UFCIN1_UFCOU8_PAD1_STRIDE1_BIASTrue_group_conv2d_GROUPS4_ACTIVATIONsigmoid_ap_fixed_16_5_,conv,vitis,csynth,,91,15,7937,12409,1824,2520,548160,274080,4.989,0.5952,1.4479,4.5275,287777,2100772.1,,7.3,,,,,,,,
config_CIN16_HIN28_WIN56_COUT16_K1_UFCIN4_UFCOU1_PAD1_STRIDE1_BIASFalse_conv2d_ACTIVATIONrelu_ap_fixed_16_5_,conv,vitis,csynth,,95,13,5440,9134,1824,2520,548160,274080,5.2083,0.5159,0.9924,3.3326,816130,5957749.0,,7.3,,,,,,,,
config_CIN16_HIN28_WIN56_COUT16_K1_UFCIN4_UFCOU1_PAD1_STRIDE1_BIASFalse_conv2d_ACTIVATIONsigmoid_ap_fixed_16_5_,conv,vitis,csynth,,95,16,7208,10622,1824,2520,548160,274080,5.2083,0.6349,1.3149,3.8755,816160,5957968.0,,7.3,,,,,,,,
config_CIN16_HIN28_WIN56_COUT16_K1_UFCIN4_UFCOU1_PAD1_STRIDE1_BIASFalse_group_conv2d_GROUPS2_ACTIVATIONrelu_ap_fixed_16_5_,conv,vitis,csynth,,95,13,5547,9369,1824,2520,548160,274080,5.2083,0.5159,1.0119,3.4183,1519154,11089824.2,,7.3,,,,,,,,
config_CIN16_HIN28_WIN56_COUT16_K1_UFCIN4_UFCOU1_PAD1_STRIDE1_BIASFalse_group_conv2d_GROUPS2_ACTIVATIONsigmoid_ap_fixed_16_5_,conv,vitis,csynth,,95,16,7315,10857,1824,2520,548160,274080,5.2083,0.6349,1.3345,3.9613,1519184,11090043.2,,7.3,,,,,,,,
config_CIN16_HIN28_WIN56_COUT16_K1_UFCIN4_UFCOU1_PAD1_STRIDE1_BIASFalse_group_conv2d_GROUPS4_ACTIVATIONrelu_ap_fixed_16_5_,conv,vitis,csynth,,95,13,5557,9372,1824,2520,548160,274080,5.2083,0.5159,1.0138,3.4194,2900838,21176117.4,,7.3,,,,,,,,
config_CIN16_HIN28_WIN56_COUT16_K1_UFCIN4_UFCOU1_PAD1_STRIDE1_BIASFalse_group_conv2d_GROUPS4_ACTIVATIONsigmoid_ap_fixed_16_5_,conv,vitis,csynth,,95,16,7325,10860,1824,2520,548160,274080,5.2083,0.6349,1.3363,3.9623,2900868,21176336.4,,7.3,,,,,,,,
config_CIN16_HIN28_WIN56_COUT16_K1_UFCIN4_UFCOU1_PAD1_STRIDE1_BIASTrue_conv2d_ACTIVATIONrelu_ap_fixed_16_5_,conv,vitis,csynth,,95,13,5576,9321,1824,2520,548160,274080,5.2083,0.5159,1.0172,3.4008,816159,5957960.7,,7.3,,,,,,,,
config_CIN16_HIN28_WIN56_COUT16_K1_UFCIN4_UFCOU1_PAD1_STRIDE1_BIASTrue_conv2d_ACTIVATIONsigmoid_ap_fixed_16_5_,conv,vitis,csynth,,95,16,7344,10809,1824,2520,548160,274080,5.2083,0.6349,1.3398,3.9437,816189,5958179.7,,7.3,,,,,,,,
config_CIN16_HIN28_WIN56_COUT16_K1_UFCIN4_UFCOU1_PAD1_STRIDE1_BIASTrue_group_conv2d_GROUPS2_ACTIVATIONrelu_ap_fixed_16_5_,conv,vitis,csynth,,95,13,5683,9556,1824,2520,548160,274080,5.2083,0.5159,1.0367,3.4866,1519183,11090035.9,,7.3,,,,,,,,
config_CIN16_HIN28_WIN56_COUT16_K1_UFCIN4_UFCOU1_PAD1_STRIDE1_BIASTrue_group_conv2d_GROUPS2_ACTIVATIONsigmoid_ap_fixed_16_5_,conv,vitis,csynth,,95,16,7451,11044,1824,2520,548160,274080,5.2083,0.6349,1.3593,4.0295,1519213,11090254.9,,7.3,,,,,,,,
config_CIN16_HIN28_WIN56_COUT16_K1_UFCIN4_UFCOU1_PAD1_STRIDE1_BIASTrue_group_conv2d_GROUPS4_ACTIVATIONrelu_ap_fixed_16_5_,conv,vitis,csynth,,95,13,5693,9559,1824,2520,548160,274080,5.2083,0.5159,1.0386,3.4877,2900867,21176329.099999998,,7.3,,,,,,,,
config_CIN16_HIN28_WIN56_COUT16_K1_UFCIN4_UFCOU1_PAD1_STRIDE1_BIASTrue_group_conv2d_GROUPS4_ACTIVATIONsigmoid_ap_fixed_16_5_,conv,vitis,csynth,,95,16,7461,11047,1824,2520,548160,274080,5.2083,0.6349,1.3611,4.0306,2900897,21176548.099999998,,7.3,,,,,,,,
config_CIN16_HIN28_WIN56_COUT16_K1_UFCIN4_UFCOU4_PAD1_STRIDE1_BIASFalse_conv2d_ACTIVATIONrelu_ap_fixed_16_5_,conv,vitis,csynth,,95,27,6217,10575,1824,2520,548160,274080,5.2083,1.0714,1.1342,3.8584,461170,3366541.0,,7.3,,,,,,,,
config_CIN16_HIN28_WIN56_COUT16_K1_UFCIN4_UFCOU4_PAD1_STRIDE1_BIASFalse_conv2d_ACTIVATIONsigmoid_ap_fixed_16_5_,conv,vitis,csynth,,95,30,8049,12095,1824,2520,548160,274080,5.2083,1.1905,1.4684,4.4129,461200,3366760.0,,7.3,,,,,,,,
config_CIN16_HIN28_WIN56_COUT16_K1_UFCIN4_UFCOU4_PAD1_STRIDE1_BIASFalse_group_conv2d_GROUPS2_ACTIVATIONrelu_ap_fixed_16_5_,conv,vitis,csynth,,95,27,8003,12951,1824,2520,548160,274080,5.2083,1.0714,1.46,4.7253,1052834,7685688.2,,7.3,,,,,,,,
config_CIN16_HIN28_WIN56_COUT16_K1_UFCIN4_UFCOU4_PAD1_STRIDE1_BIASFalse_group_conv2d_GROUPS2_ACTIVATIONsigmoid_ap_fixed_16_5_,conv,vitis,csynth,,95,30,9835,14471,1824,2520,548160,274080,5.2083,1.1905,1.7942,5.2798,1052864,7685907.2,,7.3,,,,,,,,
config_CIN16_HIN28_WIN56_COUT16_K1_UFCIN4_UFCOU4_PAD1_STRIDE1_BIASFalse_group_conv2d_GROUPS4_ACTIVATIONrelu_ap_fixed_16_5_,conv,vitis,csynth,,95,23,6263,9952,1824,2520,548160,274080,5.2083,0.9127,1.1425,3.6311,172522,1259410.5999999999,,7.3,,,,,,,,
config_CIN16_HIN28_WIN56_COUT16_K1_UFCIN4_UFCOU4_PAD1_STRIDE1_BIASFalse_group_conv2d_GROUPS4_ACTIVATIONsigmoid_ap_fixed_16_5_,conv,vitis,csynth,,95,26,8095,11472,1824,2520,548160,274080,5.2083,1.0317,1.4768,4.1856,172552,1259629.5999999999,,7.3,,,,,,,,
config_CIN16_HIN28_WIN56_COUT16_K1_UFCIN4_UFCOU4_PAD1_STRIDE1_BIASTrue_conv2d_ACTIVATIONrelu_ap_fixed_16_5_,conv,vitis,csynth,,95,27,6393,10873,1824,2520,548160,274080,5.2083,1.0714,1.1663,3.9671,461199,3366752.6999999997,,7.3,,,,,,,,
config_CIN16_HIN28_WIN56_COUT16_K1_UFCIN4_UFCOU4_PAD1_STRIDE1_BIASTrue_conv2d_ACTIVATIONsigmoid_ap_fixed_16_5_,conv,vitis,csynth,,95,30,8225,12393,1824,2520,548160,274080,5.2083,1.1905,1.5005,4.5217,461229,3366971.6999999997,,7.3,,,,,,,,
config_CIN16_HIN28_WIN56_COUT16_K1_UFCIN4_UFCOU4_PAD1_STRIDE1_BIASTrue_group_conv2d_GROUPS2_ACTIVATIONrelu_ap_fixed_16_5_,conv,vitis,csynth,,95,27,8179,13249,1824,2520,548160,274080,5.2083,1.0714,1.4921,4.834,1052863,7685899.899999999,,7.3,,,,,,,,
config_CIN16_HIN28_WIN56_COUT16_K1_UFCIN4_UFCOU4_PAD1_STRIDE1_BIASTrue_group_conv2d_GROUPS2_ACTIVATIONsigmoid_ap_fixed_16_5_,conv,vitis,csynth,,95,30,10011,14769,1824,2520,548160,274080,5.2083,1.1905,1.8263,5.3886,1052893,7686118.899999999,,7.3,,,,,,,,
config_CIN16_HIN28_WIN56_COUT16_K1_UFCIN4_UFCOU4_PAD1_STRIDE1_BIASTrue_group_conv2d_GROUPS4_ACTIVATIONrelu_ap_fixed_16_5_,conv,vitis,csynth,,95,23,6439,10250,1824,2520,548160,274080,5.2083,0.9127,1.1747,3.7398,172551,1259622.3,,7.3,,,,,,,,
config_CIN16_HIN28_WIN56_COUT16_K1_UFCIN4_UFCOU4_PAD1_STRIDE1_BIASTrue_group_conv2d_GROUPS4_ACTIVATIONsigmoid_ap_fixed_16_5_,conv,vitis,csynth,,95,26,8271,11770,1824,2520,548160,274080,5.2083,1.0317,1.5089,4.2944,172581,1259841.3,,7.3,,,,,,,,
config_CIN16_HIN28_WIN56_COUT16_K1_UFCIN4_UFCOU8_PAD1_STRIDE1_BIASFalse_conv2d_ACTIVATIONrelu_ap_fixed_16_5_,conv,vitis,csynth,,95,43,6825,12172,1824,2520,548160,274080,5.2083,1.7063,1.2451,4.441,402010,2934673.0,,7.3,,,,,,,,
config_CIN16_HIN28_WIN56_COUT16_K1_UFCIN4_UFCOU8_PAD1_STRIDE1_BIASFalse_conv2d_ACTIVATIONsigmoid_ap_fixed_16_5_,conv,vitis,csynth,,95,46,8657,13692,1824,2520,548160,274080,5.2083,1.8254,1.5793,4.9956,402040,2934892.0,,7.3,,,,,,,,
config_CIN16_HIN28_WIN56_COUT16_K1_UFCIN4_UFCOU8_PAD1_STRIDE1_BIASFalse_group_conv2d_GROUPS2_ACTIVATIONrelu_ap_fixed_16_5_,conv,vitis,csynth,,95,39,7651,11538,1824,2520,548160,274080,5.2083,1.5476,1.3958,4.2097,214154,1563324.2,,7.3,,,,,,,,
config_CIN16_HIN28_WIN56_COUT16_K1_UFCIN4_UFCOU8_PAD1_STRIDE1_BIASFalse_group_conv2d_GROUPS2_ACTIVATIONsigmoid_ap_fixed_16_5_,conv,vitis,csynth,,95,42,9483,13058,1824,2520,548160,274080,5.2083,1.6667,1.73,4.7643,214184,1563543.2,,7.3,,,,,,,,
config_CIN16_HIN28_WIN56_COUT16_K1_UFCIN4_UFCOU8_PAD1_STRIDE1_BIASFalse_group_conv2d_GROUPS4_ACTIVATIONrelu_ap_fixed_16_5_,conv,vitis,csynth,,95,24,6565,11280,1824,2520,548160,274080,5.2083,0.9524,1.1976,4.1156,169402,1236634.5999999999,,7.3,,,,,,,,
config_CIN16_HIN28_WIN56_COUT16_K1_UFCIN4_UFCOU8_PAD1_STRIDE1_BIASFalse_group_conv2d_GROUPS4_ACTIVATIONsigmoid_ap_fixed_16_5_,conv,vitis,csynth,,95,27,8397,12800,1824,2520,548160,274080,5.2083,1.0714,1.5319,4.6702,169432,1236853.5999999999,,7.3,,,,,,,,
config_CIN16_HIN28_WIN56_COUT16_K1_UFCIN4_UFCOU8_PAD1_STRIDE1_BIASTrue_conv2d_ACTIVATIONrelu_ap_fixed_16_5_,conv,vitis,csynth,,95,43,7063,12622,1824,2520,548160,274080,5.2083,1.7063,1.2885,4.6052,402039,2934884.6999999997,,7.3,,,,,,,,
config_CIN16_HIN28_WIN56_COUT16_K1_UFCIN4_UFCOU8_PAD1_STRIDE1_BIASTrue_conv2d_ACTIVATIONsigmoid_ap_fixed_16_5_,conv,vitis,csynth,,95,46,8895,14142,1824,2520,548160,274080,5.2083,1.8254,1.6227,5.1598,402069,2935103.6999999997,,7.3,,,,,,,,
config_CIN16_HIN28_WIN56_COUT16_K1_UFCIN4_UFCOU8_PAD1_STRIDE1_BIASTrue_group_conv2d_GROUPS2_ACTIVATIONrelu_ap_fixed_16_5_,conv,vitis,csynth,,95,39,7889,11988,1824,2520,548160,274080,5.2083,1.5476,1.4392,4.3739,214183,1563535.9,,7.3,,,,,,,,
config_CIN16_HIN28_WIN56_COUT16_K1_UFCIN4_UFCOU8_PAD1_STRIDE1_BIASTrue_group_conv2d_GROUPS2_ACTIVATIONsigmoid_ap_fixed_16_5_,conv,vitis,csynth,,95,42,9721,13508,1824,2520,548160,274080,5.2083,1.6667,1.7734,4.9285,214213,1563754.9,,7.3,,,,,,,,
config_CIN16_HIN28_WIN56_COUT16_K1_UFCIN4_UFCOU8_PAD1_STRIDE1_BIASTrue_group_conv2d_GROUPS4_ACTIVATIONrelu_ap_fixed_16_5_,conv,vitis,csynth,,95,24,6803,11730,1824,2520,548160,274080,5.2083,0.9524,1.2411,4.2798,169431,1236846.3,,7.3,,,,,,,,
config_CIN16_HIN28_WIN56_COUT16_K1_UFCIN4_UFCOU8_PAD1_STRIDE1_BIASTrue_group_conv2d_GROUPS4_ACTIVATIONsigmoid_ap_fixed_16_5_,conv,vitis,csynth,,95,27,8635,13250,1824,2520,548160,274080,5.2083,1.0714,1.5753,4.8344,169461,1237065.3,,7.3,,,,,,,,
config_CIN16_HIN28_WIN56_COUT16_K1_UFCIN8_UFCOU1_PAD1_STRIDE1_BIASFalse_conv2d_ACTIVATIONrelu_ap_fixed_16_5_,conv,vitis,csynth,,91,21,5992,9979,1824,2520,548160,274080,4.989,0.8333,1.0931,3.6409,812650,5932345.0,,7.3,,,,,,,,
config_CIN16_HIN28_WIN56_COUT16_K1_UFCIN8_UFCOU1_PAD1_STRIDE1_BIASFalse_conv2d_ACTIVATIONsigmoid_ap_fixed_16_5_,conv,vitis,csynth,,91,24,7760,11467,1824,2520,548160,274080,4.989,0.9524,1.4156,4.1838,812680,5932564.0,,7.3,,,,,,,,
config_CIN16_HIN28_WIN56_COUT16_K1_UFCIN8_UFCOU1_PAD1_STRIDE1_BIASFalse_group_conv2d_GROUPS2_ACTIVATIONrelu_ap_fixed_16_5_,conv,vitis,csynth,,91,21,6177,10368,1824,2520,548160,274080,4.989,0.8333,1.1269,3.7828,1540034,11242248.2,,7.3,,,,,,,,
config_CIN16_HIN28_WIN56_COUT16_K1_UFCIN8_UFCOU1_PAD1_STRIDE1_BIASFalse_group_conv2d_GROUPS2_ACTIVATIONsigmoid_ap_fixed_16_5_,conv,vitis,csynth,,91,24,7945,11856,1824,2520,548160,274080,4.989,0.9524,1.4494,4.3257,1540064,11242467.2,,7.3,,,,,,,,
config_CIN16_HIN28_WIN56_COUT16_K1_UFCIN8_UFCOU1_PAD1_STRIDE1_BIASFalse_group_conv2d_GROUPS4_ACTIVATIONrelu_ap_fixed_16_5_,conv,vitis,csynth,,91,21,6183,11380,1824,2520,548160,274080,4.989,0.8333,1.128,4.1521,2942598,21480965.4,,7.3,,,,,,,,
config_CIN16_HIN28_WIN56_COUT16_K1_UFCIN8_UFCOU1_PAD1_STRIDE1_BIASFalse_group_conv2d_GROUPS4_ACTIVATIONsigmoid_ap_fixed_16_5_,conv,vitis,csynth,,91,24,7951,12868,1824,2520,548160,274080,4.989,0.9524,1.4505,4.695,2942628,21481184.4,,7.3,,,,,,,,
config_CIN16_HIN28_WIN56_COUT16_K1_UFCIN8_UFCOU1_PAD1_STRIDE1_BIASTrue_conv2d_ACTIVATIONrelu_ap_fixed_16_5_,conv,vitis,csynth,,91,21,6128,10166,1824,2520,548160,274080,4.989,0.8333,1.1179,3.7091,812679,5932556.7,,7.3,,,,,,,,
config_CIN16_HIN28_WIN56_COUT16_K1_UFCIN8_UFCOU1_PAD1_STRIDE1_BIASTrue_conv2d_ACTIVATIONsigmoid_ap_fixed_16_5_,conv,vitis,csynth,,91,24,7896,11654,1824,2520,548160,274080,4.989,0.9524,1.4405,4.252,812709,5932775.7,,7.3,,,,,,,,
config_CIN16_HIN28_WIN56_COUT16_K1_UFCIN8_UFCOU1_PAD1_STRIDE1_BIASTrue_group_conv2d_GROUPS2_ACTIVATIONrelu_ap_fixed_16_5_,conv,vitis,csynth,,91,21,6313,10555,1824,2520,548160,274080,4.989,0.8333,1.1517,3.8511,1540063,11242459.9,,7.3,,,,,,,,
config_CIN16_HIN28_WIN56_COUT16_K1_UFCIN8_UFCOU1_PAD1_STRIDE1_BIASTrue_group_conv2d_GROUPS2_ACTIVATIONsigmoid_ap_fixed_16_5_,conv,vitis,csynth,,91,24,8081,12043,1824,2520,548160,274080,4.989,0.9524,1.4742,4.394,1540093,11242678.9,,7.3,,,,,,,,
config_CIN16_HIN28_WIN56_COUT16_K1_UFCIN8_UFCOU1_PAD1_STRIDE1_BIASTrue_group_conv2d_GROUPS4_ACTIVATIONrelu_ap_fixed_16_5_,conv,vitis,csynth,,91,21,6319,11567,1824,2520,548160,274080,4.989,0.8333,1.1528,4.2203,2942627,21481177.099999998,,7.3,,,,,,,,
config_CIN16_HIN28_WIN56_COUT16_K1_UFCIN8_UFCOU1_PAD1_STRIDE1_BIASTrue_group_conv2d_GROUPS4_ACTIVATIONsigmoid_ap_fixed_16_5_,conv,vitis,csynth,,91,24,8087,13055,1824,2520,548160,274080,4.989,0.9524,1.4753,4.7632,2942657,21481396.099999998,,7.3,,,,,,,,
config_CIN16_HIN28_WIN56_COUT16_K1_UFCIN8_UFCOU4_PAD1_STRIDE1_BIASFalse_conv2d_ACTIVATIONrelu_ap_fixed_16_5_,conv,vitis,csynth,,95,47,7193,12154,1824,2520,548160,274080,5.2083,1.8651,1.3122,4.4345,457690,3341137.0,,7.3,,,,,,,,
config_CIN16_HIN28_WIN56_COUT16_K1_UFCIN8_UFCOU4_PAD1_STRIDE1_BIASFalse_conv2d_ACTIVATIONsigmoid_ap_fixed_16_5_,conv,vitis,csynth,,95,50,9025,13674,1824,2520,548160,274080,5.2083,1.9841,1.6464,4.9891,457720,3341356.0,,7.3,,,,,,,,
config_CIN16_HIN28_WIN56_COUT16_K1_UFCIN8_UFCOU4_PAD1_STRIDE1_BIASFalse_group_conv2d_GROUPS2_ACTIVATIONrelu_ap_fixed_16_5_,conv,vitis,csynth,,95,47,10736,16865,1824,2520,548160,274080,5.2083,1.8651,1.9586,6.1533,1073714,7838112.2,,7.3,,,,,,,,
config_CIN16_HIN28_WIN56_COUT16_K1_UFCIN8_UFCOU4_PAD1_STRIDE1_BIASFalse_group_conv2d_GROUPS2_ACTIVATIONsigmoid_ap_fixed_16_5_,conv,vitis,csynth,,95,50,12568,18385,1824,2520,548160,274080,5.2083,1.9841,2.2928,6.7079,1073744,7838331.2,,7.3,,,,,,,,
config_CIN16_HIN28_WIN56_COUT16_K1_UFCIN8_UFCOU4_PAD1_STRIDE1_BIASFalse_group_conv2d_GROUPS4_ACTIVATIONrelu_ap_fixed_16_5_,conv,vitis,csynth,,95,39,8152,12558,1824,2520,548160,274080,5.2083,1.5476,1.4872,4.5819,346518,2529581.4,,7.3,,,,,,,,
config_CIN16_HIN28_WIN56_COUT16_K1_UFCIN8_UFCOU4_PAD1_STRIDE1_BIASFalse_group_conv2d_GROUPS4_ACTIVATIONsigmoid_ap_fixed_16_5_,conv,vitis,csynth,,95,42,9984,14078,1824,2520,548160,274080,5.2083,1.6667,1.8214,5.1365,346548,2529800.4,,7.3,,,,,,,,
config_CIN16_HIN28_WIN56_COUT16_K1_UFCIN8_UFCOU4_PAD1_STRIDE1_BIASTrue_conv2d_ACTIVATIONrelu_ap_fixed_16_5_,conv,vitis,csynth,,95,47,7369,12452,1824,2520,548160,274080,5.2083,1.8651,1.3443,4.5432,457719,3341348.6999999997,,7.3,,,,,,,,
config_CIN16_HIN28_WIN56_COUT16_K1_UFCIN8_UFCOU4_PAD1_STRIDE1_BIASTrue_conv2d_ACTIVATIONsigmoid_ap_fixed_16_5_,conv,vitis,csynth,,95,50,9201,13972,1824,2520,548160,274080,5.2083,1.9841,1.6785,5.0978,457749,3341567.6999999997,,7.3,,,,,,,,
config_CIN16_HIN28_WIN56_COUT16_K1_UFCIN8_UFCOU4_PAD1_STRIDE1_BIASTrue_group_conv2d_GROUPS2_ACTIVATIONrelu_ap_fixed_16_5_,conv,vitis,csynth,,95,47,10912,17163,1824,2520,548160,274080,5.2083,1.8651,1.9907,6.262,1073743,7838323.899999999,,7.3,,,,,,,,
config_CIN16_HIN28_WIN56_COUT16_K1_UFCIN8_UFCOU4_PAD1_STRIDE1_BIASTrue_group_conv2d_GROUPS2_ACTIVATIONsigmoid_ap_fixed_16_5_,conv,vitis,csynth,,95,50,12744,18683,1824,2520,548160,274080,5.2083,1.9841,2.3249,6.8166,1073773,7838542.899999999,,7.3,,,,,,,,
config_CIN16_HIN28_WIN56_COUT16_K1_UFCIN8_UFCOU4_PAD1_STRIDE1_BIASTrue_group_conv2d_GROUPS4_ACTIVATIONrelu_ap_fixed_16_5_,conv,vitis,csynth,,95,39,8328,12856,1824,2520,548160,274080,5.2083,1.5476,1.5193,4.6906,346547,2529793.1,,7.3,,,,,,,,
config_CIN16_HIN28_WIN56_COUT16_K1_UFCIN8_UFCOU4_PAD1_STRIDE1_BIASTrue_group_conv2d_GROUPS4_ACTIVATIONsigmoid_ap_fixed_16_5_,conv,vitis,csynth,,95,42,10160,14376,1824,2520,548160,274080,5.2083,1.6667,1.8535,5.2452,346577,2530012.1,,7.3,,,,,,,,
config_CIN16_HIN28_WIN56_COUT16_K1_UFCIN8_UFCOU8_PAD1_STRIDE1_BIASFalse_conv2d_ACTIVATIONrelu_ap_fixed_16_5_,conv,vitis,csynth,,95,79,8405,14847,1824,2520,548160,274080,5.2083,3.1349,1.5333,5.417,398530,2909269.0,,7.3,,,,,,,,
config_CIN16_HIN28_WIN56_COUT16_K1_UFCIN8_UFCOU8_PAD1_STRIDE1_BIASFalse_conv2d_ACTIVATIONsigmoid_ap_fixed_16_5_,conv,vitis,csynth,,95,82,10237,16367,1824,2520,548160,274080,5.2083,3.254,1.8675,5.9716,398560,2909488.0,,7.3,,,,,,,,
config_CIN16_HIN28_WIN56_COUT16_K1_UFCIN8_UFCOU8_PAD1_STRIDE1_BIASFalse_group_conv2d_GROUPS2_ACTIVATIONrelu_ap_fixed_16_5_,conv,vitis,csynth,,95,71,9142,12646,1824,2520,548160,274080,5.2083,2.8175,1.6678,4.614,154996,1131470.8,,7.3,,,,,,,,
config_CIN16_HIN28_WIN56_COUT16_K1_UFCIN8_UFCOU8_PAD1_STRIDE1_BIASFalse_group_conv2d_GROUPS2_ACTIVATIONsigmoid_ap_fixed_16_5_,conv,vitis,csynth,,95,74,10974,14166,1824,2520,548160,274080,5.2083,2.9365,2.002,5.1686,155026,1131689.8,,7.3,,,,,,,,
config_CIN16_HIN28_WIN56_COUT16_K1_UFCIN8_UFCOU8_PAD1_STRIDE1_BIASFalse_group_conv2d_GROUPS4_ACTIVATIONrelu_ap_fixed_16_5_,conv,vitis,csynth,,95,40,9223,15586,1824,2520,548160,274080,5.2083,1.5873,1.6825,5.6867,343398,2506805.4,,7.3,,,,,,,,
config_CIN16_HIN28_WIN56_COUT16_K1_UFCIN8_UFCOU8_PAD1_STRIDE1_BIASFalse_group_conv2d_GROUPS4_ACTIVATIONsigmoid_ap_fixed_16_5_,conv,vitis,csynth,,95,43,11055,17106,1824,2520,548160,274080,5.2083,1.7063,2.0167,6.2412,343428,2507024.4,,7.3,,,,,,,,
config_CIN16_HIN28_WIN56_COUT16_K1_UFCIN8_UFCOU8_PAD1_STRIDE1_BIASTrue_conv2d_ACTIVATIONrelu_ap_fixed_16_5_,conv,vitis,csynth,,95,79,8643,15297,1824,2520,548160,274080,5.2083,3.1349,1.5767,5.5812,398559,2909480.6999999997,,7.3,,,,,,,,
config_CIN16_HIN28_WIN56_COUT16_K1_UFCIN8_UFCOU8_PAD1_STRIDE1_BIASTrue_conv2d_ACTIVATIONsigmoid_ap_fixed_16_5_,conv,vitis,csynth,,95,82,10475,16817,1824,2520,548160,274080,5.2083,3.254,1.9109,6.1358,398589,2909699.6999999997,,7.3,,,,,,,,
config_CIN16_HIN28_WIN56_COUT16_K1_UFCIN8_UFCOU8_PAD1_STRIDE1_BIASTrue_group_conv2d_GROUPS2_ACTIVATIONrelu_ap_fixed_16_5_,conv,vitis,csynth,,95,71,9380,13096,1824,2520,548160,274080,5.2083,2.8175,1.7112,4.7782,155025,1131682.5,,7.3,,,,,,,,
config_CIN16_HIN28_WIN56_COUT16_K1_UFCIN8_UFCOU8_PAD1_STRIDE1_BIASTrue_group_conv2d_GROUPS2_ACTIVATIONsigmoid_ap_fixed_16_5_,conv,vitis,csynth,,95,74,11212,14616,1824,2520,548160,274080,5.2083,2.9365,2.0454,5.3327,155055,1131901.5,,7.3,,,,,,,,
config_CIN16_HIN28_WIN56_COUT16_K1_UFCIN8_UFCOU8_PAD1_STRIDE1_BIASTrue_group_conv2d_GROUPS4_ACTIVATIONrelu_ap_fixed_16_5_,conv,vitis,csynth,,95,40,9461,16036,1824,2520,548160,274080,5.2083,1.5873,1.726,5.8508,343427,2507017.1,,7.3,,,,,,,,
config_CIN16_HIN28_WIN56_COUT16_K1_UFCIN8_UFCOU8_PAD1_STRIDE1_BIASTrue_group_conv2d_GROUPS4_ACTIVATIONsigmoid_ap_fixed_16_5_,conv,vitis,csynth,,95,43,11293,17556,1824,2520,548160,274080,5.2083,1.7063,2.0602,6.4054,343457,2507236.1,,7.3,,,,,,,,
config_CIN16_HIN28_WIN56_COUT16_K3_UFCIN1_UFCOU1_PAD1_STRIDE1_BIASFalse_conv2d_ACTIVATIONrelu_ap_fixed_16_5_,conv,vitis,csynth,,91,2,5070,9184,1824,2520,548160,274080,4.989,0.0794,0.9249,3.3508,3827535,27941005.5,,7.3,,,,,,,,
config_CIN16_HIN28_WIN56_COUT16_K3_UFCIN1_UFCOU1_PAD1_STRIDE1_BIASFalse_conv2d_ACTIVATIONsigmoid_ap_fixed_16_5_,conv,vitis,csynth,,91,5,6773,10637,1824,2520,548160,274080,4.989,0.1984,1.2356,3.881,3827564,27941217.2,,7.3,,,,,,,,
config_CIN16_HIN28_WIN56_COUT16_K3_UFCIN1_UFCOU1_PAD1_STRIDE1_BIASFalse_group_conv2d_GROUPS2_ACTIVATIONrelu_ap_fixed_16_5_,conv,vitis,csynth,,91,6,5472,9848,1824,2520,548160,274080,4.989,0.2381,0.9982,3.5931,14748717,107665634.1,,7.3,,,,,,,,
config_CIN16_HIN28_WIN56_COUT16_K3_UFCIN1_UFCOU1_PAD1_STRIDE1_BIASFalse_group_conv2d_GROUPS2_ACTIVATIONsigmoid_ap_fixed_16_5_,conv,vitis,csynth,,91,9,7175,11301,1824,2520,548160,274080,4.989,0.3571,1.3089,4.1232,14748746,107665845.8,,7.3,,,,,,,,
config_CIN16_HIN28_WIN56_COUT16_K3_UFCIN1_UFCOU1_PAD1_STRIDE1_BIASFalse_group_conv2d_GROUPS4_ACTIVATIONrelu_ap_fixed_16_5_,conv,vitis,csynth,,91,6,5474,9851,1824,2520,548160,274080,4.989,0.2381,0.9986,3.5942,29393955,214575871.5,,7.3,,,,,,,,
config_CIN16_HIN28_WIN56_COUT16_K3_UFCIN1_UFCOU1_PAD1_STRIDE1_BIASFalse_group_conv2d_GROUPS4_ACTIVATIONsigmoid_ap_fixed_16_5_,conv,vitis,csynth,,91,9,7177,11304,1824,2520,548160,274080,4.989,0.3571,1.3093,4.1243,29393984,214576083.2,,7.3,,,,,,,,
config_CIN16_HIN28_WIN56_COUT16_K3_UFCIN1_UFCOU1_PAD1_STRIDE1_BIASTrue_conv2d_ACTIVATIONrelu_ap_fixed_16_5_,conv,vitis,csynth,,91,2,5203,9395,1824,2520,548160,274080,4.989,0.0794,0.9492,3.4278,3852587,28123885.099999998,,7.3,,,,,,,,
config_CIN16_HIN28_WIN56_COUT16_K3_UFCIN1_UFCOU1_PAD1_STRIDE1_BIASTrue_conv2d_ACTIVATIONsigmoid_ap_fixed_16_5_,conv,vitis,csynth,,91,5,6906,10848,1824,2520,548160,274080,4.989,0.1984,1.2599,3.958,3852616,28124096.8,,7.3,,,,,,,,
config_CIN16_HIN28_WIN56_COUT16_K3_UFCIN1_UFCOU1_PAD1_STRIDE1_BIASTrue_group_conv2d_GROUPS2_ACTIVATIONrelu_ap_fixed_16_5_,conv,vitis,csynth,,91,6,5605,10059,1824,2520,548160,274080,4.989,0.2381,1.0225,3.6701,14773769,107848513.7,,7.3,,,,,,,,
config_CIN16_HIN28_WIN56_COUT16_K3_UFCIN1_UFCOU1_PAD1_STRIDE1_BIASTrue_group_conv2d_GROUPS2_ACTIVATIONsigmoid_ap_fixed_16_5_,conv,vitis,csynth,,91,9,7308,11511,1824,2520,548160,274080,4.989,0.3571,1.3332,4.1999,14773798,107848725.39999999,,7.3,,,,,,,,
config_CIN16_HIN28_WIN56_COUT16_K3_UFCIN1_UFCOU1_PAD1_STRIDE1_BIASTrue_group_conv2d_GROUPS4_ACTIVATIONrelu_ap_fixed_16_5_,conv,vitis,csynth,,91,6,5607,10062,1824,2520,548160,274080,4.989,0.2381,1.0229,3.6712,29419007,214758751.1,,7.3,,,,,,,,
config_CIN16_HIN28_WIN56_COUT16_K3_UFCIN1_UFCOU1_PAD1_STRIDE1_BIASTrue_group_conv2d_GROUPS4_ACTIVATIONsigmoid_ap_fixed_16_5_,conv,vitis,csynth,,91,9,7310,11514,1824,2520,548160,274080,4.989,0.3571,1.3336,4.201,29419036,214758962.79999998,,7.3,,,,,,,,
config_CIN16_HIN28_WIN56_COUT16_K3_UFCIN1_UFCOU4_PAD1_STRIDE1_BIASFalse_conv2d_ACTIVATIONrelu_ap_fixed_16_5_,conv,vitis,csynth,,95,5,5206,9989,1824,2520,548160,274080,5.2083,0.1984,0.9497,3.6446,1124239,8206944.7,,7.3,,,,,,,,
config_CIN16_HIN28_WIN56_COUT16_K3_UFCIN1_UFCOU4_PAD1_STRIDE1_BIASFalse_conv2d_ACTIVATIONsigmoid_ap_fixed_16_5_,conv,vitis,csynth,,95,8,7101,11534,1824,2520,548160,274080,5.2083,0.3175,1.2954,4.2083,1124268,8207156.399999999,,7.3,,,,,,,,
config_CIN16_HIN28_WIN56_COUT16_K3_UFCIN1_UFCOU4_PAD1_STRIDE1_BIASFalse_group_conv2d_GROUPS2_ACTIVATIONrelu_ap_fixed_16_5_,conv,vitis,csynth,,95,21,6026,11196,1824,2520,548160,274080,5.2083,0.8333,1.0993,4.0849,3916909,28593435.7,,7.3,,,,,,,,
config_CIN16_HIN28_WIN56_COUT16_K3_UFCIN1_UFCOU4_PAD1_STRIDE1_BIASFalse_group_conv2d_GROUPS2_ACTIVATIONsigmoid_ap_fixed_16_5_,conv,vitis,csynth,,95,24,7921,12741,1824,2520,548160,274080,5.2083,0.9524,1.445,4.6486,3916938,28593647.4,,7.3,,,,,,,,
config_CIN16_HIN28_WIN56_COUT16_K3_UFCIN1_UFCOU4_PAD1_STRIDE1_BIASFalse_group_conv2d_GROUPS4_ACTIVATIONrelu_ap_fixed_16_5_,conv,vitis,csynth,,95,5,5517,10117,1824,2520,548160,274080,5.2083,0.1984,1.0065,3.6913,1571295,11470453.5,,7.3,,,,,,,,
config_CIN16_HIN28_WIN56_COUT16_K3_UFCIN1_UFCOU4_PAD1_STRIDE1_BIASFalse_group_conv2d_GROUPS4_ACTIVATIONsigmoid_ap_fixed_16_5_,conv,vitis,csynth,,95,8,7412,11662,1824,2520,548160,274080,5.2083,0.3175,1.3522,4.255,1571324,11470665.2,,7.3,,,,,,,,
config_CIN16_HIN28_WIN56_COUT16_K3_UFCIN1_UFCOU4_PAD1_STRIDE1_BIASTrue_conv2d_ACTIVATIONrelu_ap_fixed_16_5_,conv,vitis,csynth,,95,5,5382,10310,1824,2520,548160,274080,5.2083,0.1984,0.9818,3.7617,1124268,8207156.399999999,,7.3,,,,,,,,
config_CIN16_HIN28_WIN56_COUT16_K3_UFCIN1_UFCOU4_PAD1_STRIDE1_BIASTrue_conv2d_ACTIVATIONsigmoid_ap_fixed_16_5_,conv,vitis,csynth,,95,8,7277,11859,1824,2520,548160,274080,5.2083,0.3175,1.3275,4.3268,1124297,8207368.1,,7.3,,,,,,,,
config_CIN16_HIN28_WIN56_COUT16_K3_UFCIN1_UFCOU4_PAD1_STRIDE1_BIASTrue_group_conv2d_GROUPS2_ACTIVATIONrelu_ap_fixed_16_5_,conv,vitis,csynth,,95,21,6202,11517,1824,2520,548160,274080,5.2083,0.8333,1.1314,4.2021,3916938,28593647.4,,7.3,,,,,,,,
config_CIN16_HIN28_WIN56_COUT16_K3_UFCIN1_UFCOU4_PAD1_STRIDE1_BIASTrue_group_conv2d_GROUPS2_ACTIVATIONsigmoid_ap_fixed_16_5_,conv,vitis,csynth,,95,24,8097,13066,1824,2520,548160,274080,5.2083,0.9524,1.4771,4.7672,3916967,28593859.099999998,,7.3,,,,,,,,
config_CIN16_HIN28_WIN56_COUT16_K3_UFCIN1_UFCOU4_PAD1_STRIDE1_BIASTrue_group_conv2d_GROUPS4_ACTIVATIONrelu_ap_fixed_16_5_,conv,vitis,csynth,,95,5,5693,10438,1824,2520,548160,274080,5.2083,0.1984,1.0386,3.8084,1571324,11470665.2,,7.3,,,,,,,,
config_CIN16_HIN28_WIN56_COUT16_K3_UFCIN1_UFCOU4_PAD1_STRIDE1_BIASTrue_group_conv2d_GROUPS4_ACTIVATIONsigmoid_ap_fixed_16_5_,conv,vitis,csynth,,95,8,7588,11987,1824,2520,548160,274080,5.2083,0.3175,1.3843,4.3735,1571353,11470876.9,,7.3,,,,,,,,
config_CIN16_HIN28_WIN56_COUT16_K3_UFCIN1_UFCOU8_PAD1_STRIDE1_BIASFalse_conv2d_ACTIVATIONrelu_ap_fixed_16_5_,conv,vitis,csynth,,99,9,5421,10727,1824,2520,548160,274080,5.4276,0.3571,0.9889,3.9138,1106991,8081034.3,,7.3,,,,,,,,
config_CIN16_HIN28_WIN56_COUT16_K3_UFCIN1_UFCOU8_PAD1_STRIDE1_BIASFalse_conv2d_ACTIVATIONsigmoid_ap_fixed_16_5_,conv,vitis,csynth,,99,12,7188,12208,1824,2520,548160,274080,5.4276,0.4762,1.3113,4.4542,1107020,8081246.0,,7.3,,,,,,,,
config_CIN16_HIN28_WIN56_COUT16_K3_UFCIN1_UFCOU8_PAD1_STRIDE1_BIASFalse_group_conv2d_GROUPS2_ACTIVATIONrelu_ap_fixed_16_5_,conv,vitis,csynth,,99,9,5751,10811,1824,2520,548160,274080,5.4276,0.3571,1.0491,3.9445,837355,6112691.5,,7.3,,,,,,,,
config_CIN16_HIN28_WIN56_COUT16_K3_UFCIN1_UFCOU8_PAD1_STRIDE1_BIASFalse_group_conv2d_GROUPS2_ACTIVATIONsigmoid_ap_fixed_16_5_,conv,vitis,csynth,,99,12,7518,12292,1824,2520,548160,274080,5.4276,0.4762,1.3715,4.4848,837384,6112903.2,,7.3,,,,,,,,
config_CIN16_HIN28_WIN56_COUT16_K3_UFCIN1_UFCOU8_PAD1_STRIDE1_BIASFalse_group_conv2d_GROUPS4_ACTIVATIONrelu_ap_fixed_16_5_,conv,vitis,csynth,,99,5,5559,10824,1824,2520,548160,274080,5.4276,0.1984,1.0141,3.9492,1568159,11447560.7,,7.3,,,,,,,,
config_CIN16_HIN28_WIN56_COUT16_K3_UFCIN1_UFCOU8_PAD1_STRIDE1_BIASFalse_group_conv2d_GROUPS4_ACTIVATIONsigmoid_ap_fixed_16_5_,conv,vitis,csynth,,99,8,7326,12305,1824,2520,548160,274080,5.4276,0.3175,1.3365,4.4896,1568188,11447772.4,,7.3,,,,,,,,
config_CIN16_HIN28_WIN56_COUT16_K3_UFCIN1_UFCOU8_PAD1_STRIDE1_BIASTrue_conv2d_ACTIVATIONrelu_ap_fixed_16_5_,conv,vitis,csynth,,99,9,5660,11200,1824,2520,548160,274080,5.4276,0.3571,1.0325,4.0864,1107020,8081246.0,,7.3,,,,,,,,
config_CIN16_HIN28_WIN56_COUT16_K3_UFCIN1_UFCOU8_PAD1_STRIDE1_BIASTrue_conv2d_ACTIVATIONsigmoid_ap_fixed_16_5_,conv,vitis,csynth,,99,12,7427,12685,1824,2520,548160,274080,5.4276,0.4762,1.3549,4.6282,1107049,8081457.7,,7.3,,,,,,,,
config_CIN16_HIN28_WIN56_COUT16_K3_UFCIN1_UFCOU8_PAD1_STRIDE1_BIASTrue_group_conv2d_GROUPS2_ACTIVATIONrelu_ap_fixed_16_5_,conv,vitis,csynth,,99,9,5990,11284,1824,2520,548160,274080,5.4276,0.3571,1.0927,4.117,837384,6112903.2,,7.3,,,,,,,,
config_CIN16_HIN28_WIN56_COUT16_K3_UFCIN1_UFCOU8_PAD1_STRIDE1_BIASTrue_group_conv2d_GROUPS2_ACTIVATIONsigmoid_ap_fixed_16_5_,conv,vitis,csynth,,99,12,7757,12769,1824,2520,548160,274080,5.4276,0.4762,1.4151,4.6589,837413,6113114.899999999,,7.3,,,,,,,,
config_CIN16_HIN28_WIN56_COUT16_K3_UFCIN1_UFCOU8_PAD1_STRIDE1_BIASTrue_group_conv2d_GROUPS4_ACTIVATIONrelu_ap_fixed_16_5_,conv,vitis,csynth,,99,5,5798,11297,1824,2520,548160,274080,5.4276,0.1984,1.0577,4.1218,1568188,11447772.4,,7.3,,,,,,,,
config_CIN16_HIN28_WIN56_COUT16_K3_UFCIN1_UFCOU8_PAD1_STRIDE1_BIASTrue_group_conv2d_GROUPS4_ACTIVATIONsigmoid_ap_fixed_16_5_,conv,vitis,csynth,,99,8,7565,12782,1824,2520,548160,274080,5.4276,0.3175,1.3801,4.6636,1568217,11447984.1,,7.3,,,,,,,,
config_CIN16_HIN28_WIN56_COUT16_K3_UFCIN4_UFCOU1_PAD1_STRIDE1_BIASFalse_conv2d_ACTIVATIONrelu_ap_fixed_16_5_,conv,vitis,csynth,,95,5,5466,10118,1824,2520,548160,274080,5.2083,0.1984,0.9972,3.6916,5418991,39558634.3,,7.3,,,,,,,,
config_CIN16_HIN28_WIN56_COUT16_K3_UFCIN4_UFCOU1_PAD1_STRIDE1_BIASFalse_conv2d_ACTIVATIONsigmoid_ap_fixed_16_5_,conv,vitis,csynth,,95,8,7169,11567,1824,2520,548160,274080,5.2083,0.3175,1.3078,4.2203,5419020,39558846.0,,7.3,,,,,,,,
config_CIN16_HIN28_WIN56_COUT16_K3_UFCIN4_UFCOU1_PAD1_STRIDE1_BIASFalse_group_conv2d_GROUPS2_ACTIVATIONrelu_ap_fixed_16_5_,conv,vitis,csynth,,95,5,5609,10329,1824,2520,548160,274080,5.2083,0.1984,1.0232,3.7686,10907051,79621472.3,,7.3,,,,,,,,
config_CIN16_HIN28_WIN56_COUT16_K3_UFCIN4_UFCOU1_PAD1_STRIDE1_BIASFalse_group_conv2d_GROUPS2_ACTIVATIONsigmoid_ap_fixed_16_5_,conv,vitis,csynth,,95,8,7312,11778,1824,2520,548160,274080,5.2083,0.3175,1.3339,4.2973,10907080,79621684.0,,7.3,,,,,,,,
config_CIN16_HIN28_WIN56_COUT16_K3_UFCIN4_UFCOU1_PAD1_STRIDE1_BIASFalse_group_conv2d_GROUPS4_ACTIVATIONrelu_ap_fixed_16_5_,conv,vitis,csynth,,95,5,5619,10332,1824,2520,548160,274080,5.2083,0.1984,1.0251,3.7697,21685599,158304872.7,,7.3,,,,,,,,
config_CIN16_HIN28_WIN56_COUT16_K3_UFCIN4_UFCOU1_PAD1_STRIDE1_BIASFalse_group_conv2d_GROUPS4_ACTIVATIONsigmoid_ap_fixed_16_5_,conv,vitis,csynth,,95,8,7322,11781,1824,2520,548160,274080,5.2083,0.3175,1.3357,4.2984,21685628,158305084.4,,7.3,,,,,,,,
config_CIN16_HIN28_WIN56_COUT16_K3_UFCIN4_UFCOU1_PAD1_STRIDE1_BIASTrue_conv2d_ACTIVATIONrelu_ap_fixed_16_5_,conv,vitis,csynth,,95,5,5599,10328,1824,2520,548160,274080,5.2083,0.1984,1.0214,3.7682,5419020,39558846.0,,7.3,,,,,,,,
config_CIN16_HIN28_WIN56_COUT16_K3_UFCIN4_UFCOU1_PAD1_STRIDE1_BIASTrue_conv2d_ACTIVATIONsigmoid_ap_fixed_16_5_,conv,vitis,csynth,,95,8,7302,11781,1824,2520,548160,274080,5.2083,0.3175,1.3321,4.2984,5419049,39559057.699999996,,7.3,,,,,,,,
config_CIN16_HIN28_WIN56_COUT16_K3_UFCIN4_UFCOU1_PAD1_STRIDE1_BIASTrue_group_conv2d_GROUPS2_ACTIVATIONrelu_ap_fixed_16_5_,conv,vitis,csynth,,95,5,5742,10539,1824,2520,548160,274080,5.2083,0.1984,1.0475,3.8452,10907080,79621684.0,,7.3,,,,,,,,
config_CIN16_HIN28_WIN56_COUT16_K3_UFCIN4_UFCOU1_PAD1_STRIDE1_BIASTrue_group_conv2d_GROUPS2_ACTIVATIONsigmoid_ap_fixed_16_5_,conv,vitis,csynth,,95,8,7445,11992,1824,2520,548160,274080,5.2083,0.3175,1.3582,4.3754,10907109,79621895.7,,7.3,,,,,,,,
config_CIN16_HIN28_WIN56_COUT16_K3_UFCIN4_UFCOU1_PAD1_STRIDE1_BIASTrue_group_conv2d_GROUPS4_ACTIVATIONrelu_ap_fixed_16_5_,conv,vitis,csynth,,95,5,5752,10542,1824,2520,548160,274080,5.2083,0.1984,1.0493,3.8463,21685628,158305084.4,,7.3,,,,,,,,
config_CIN16_HIN28_WIN56_COUT16_K3_UFCIN4_UFCOU1_PAD1_STRIDE1_BIASTrue_group_conv2d_GROUPS4_ACTIVATIONsigmoid_ap_fixed_16_5_,conv,vitis,csynth,,95,8,7455,11995,1824,2520,548160,274080,5.2083,0.3175,1.36,4.3765,21685657,158305296.1,,7.3,,,,,,,,
config_CIN16_HIN28_WIN56_COUT16_K3_UFCIN4_UFCOU4_PAD1_STRIDE1_BIASFalse_conv2d_ACTIVATIONrelu_ap_fixed_16_5_,conv,vitis,csynth,,111,17,5803,11440,1824,2520,548160,274080,6.0855,0.6746,1.0586,4.174,2690671,19641898.3,,7.3,,,,,,,,
config_CIN16_HIN28_WIN56_COUT16_K3_UFCIN4_UFCOU4_PAD1_STRIDE1_BIASFalse_conv2d_ACTIVATIONsigmoid_ap_fixed_16_5_,conv,vitis,csynth,,111,20,7698,12985,1824,2520,548160,274080,6.0855,0.7937,1.4043,4.7377,2690700,19642110.0,,7.3,,,,,,,,
config_CIN16_HIN28_WIN56_COUT16_K3_UFCIN4_UFCOU4_PAD1_STRIDE1_BIASFalse_group_conv2d_GROUPS2_ACTIVATIONrelu_ap_fixed_16_5_,conv,vitis,csynth,,111,17,7677,13822,1824,2520,548160,274080,6.0855,0.6746,1.4005,5.0431,6823979,49815046.699999996,,7.3,,,,,,,,
config_CIN16_HIN28_WIN56_COUT16_K3_UFCIN4_UFCOU4_PAD1_STRIDE1_BIASFalse_group_conv2d_GROUPS2_ACTIVATIONsigmoid_ap_fixed_16_5_,conv,vitis,csynth,,111,20,9572,15367,1824,2520,548160,274080,6.0855,0.7937,1.7462,5.6068,6824008,49815258.4,,7.3,,,,,,,,
config_CIN16_HIN28_WIN56_COUT16_K3_UFCIN4_UFCOU4_PAD1_STRIDE1_BIASFalse_group_conv2d_GROUPS4_ACTIVATIONrelu_ap_fixed_16_5_,conv,vitis,csynth,,111,17,5497,10401,1824,2520,548160,274080,6.0855,0.6746,1.0028,3.7949,611679,4465256.7,,7.3,,,,,,,,
config_CIN16_HIN28_WIN56_COUT16_K3_UFCIN4_UFCOU4_PAD1_STRIDE1_BIASFalse_group_conv2d_GROUPS4_ACTIVATIONsigmoid_ap_fixed_16_5_,conv,vitis,csynth,,111,20,7392,11946,1824,2520,548160,274080,6.0855,0.7937,1.3485,4.3586,611708,4465468.399999999,,7.3,,,,,,,,
config_CIN16_HIN28_WIN56_COUT16_K3_UFCIN4_UFCOU4_PAD1_STRIDE1_BIASTrue_conv2d_ACTIVATIONrelu_ap_fixed_16_5_,conv,vitis,csynth,,111,17,5979,11761,1824,2520,548160,274080,6.0855,0.6746,1.0907,4.2911,2690700,19642110.0,,7.3,,,,,,,,
config_CIN16_HIN28_WIN56_COUT16_K3_UFCIN4_UFCOU4_PAD1_STRIDE1_BIASTrue_conv2d_ACTIVATIONsigmoid_ap_fixed_16_5_,conv,vitis,csynth,,111,20,7874,13310,1824,2520,548160,274080,6.0855,0.7937,1.4364,4.8562,2690729,19642321.7,,7.3,,,,,,,,
config_CIN16_HIN28_WIN56_COUT16_K3_UFCIN4_UFCOU4_PAD1_STRIDE1_BIASTrue_group_conv2d_GROUPS2_ACTIVATIONrelu_ap_fixed_16_5_,conv,vitis,csynth,,111,17,7853,14143,1824,2520,548160,274080,6.0855,0.6746,1.4326,5.1602,6824008,49815258.4,,7.3,,,,,,,,
config_CIN16_HIN28_WIN56_COUT16_K3_UFCIN4_UFCOU4_PAD1_STRIDE1_BIASTrue_group_conv2d_GROUPS2_ACTIVATIONsigmoid_ap_fixed_16_5_,conv,vitis,csynth,,111,20,9748,15692,1824,2520,548160,274080,6.0855,0.7937,1.7783,5.7253,6824037,49815470.1,,7.3,,,,,,,,
config_CIN16_HIN28_WIN56_COUT16_K3_UFCIN4_UFCOU4_PAD1_STRIDE1_BIASTrue_group_conv2d_GROUPS4_ACTIVATIONrelu_ap_fixed_16_5_,conv,vitis,csynth,,111,17,5673,10722,1824,2520,548160,274080,6.0855,0.6746,1.0349,3.912,611708,4465468.399999999,,7.3,,,,,,,,
config_CIN16_HIN28_WIN56_COUT16_K3_UFCIN4_UFCOU4_PAD1_STRIDE1_BIASTrue_group_conv2d_GROUPS4_ACTIVATIONsigmoid_ap_fixed_16_5_,conv,vitis,csynth,,111,20,7568,12271,1824,2520,548160,274080,6.0855,0.7937,1.3806,4.4772,611737,4465680.1,,7.3,,,,,,,,
config_CIN16_HIN28_WIN56_COUT16_K3_UFCIN4_UFCOU8_PAD1_STRIDE1_BIASFalse_conv2d_ACTIVATIONrelu_ap_fixed_16_5_,conv,vitis,csynth,,127,33,6151,12955,1824,2520,548160,274080,6.9627,1.3095,1.1221,4.7267,2235951,16322442.299999999,,7.3,,,,,,,,
config_CIN16_HIN28_WIN56_COUT16_K3_UFCIN4_UFCOU8_PAD1_STRIDE1_BIASFalse_conv2d_ACTIVATIONsigmoid_ap_fixed_16_5_,conv,vitis,csynth,,127,36,7918,14436,1824,2520,548160,274080,6.9627,1.4286,1.4445,5.2671,2235980,16322654.0,,7.3,,,,,,,,
config_CIN16_HIN28_WIN56_COUT16_K3_UFCIN4_UFCOU8_PAD1_STRIDE1_BIASFalse_group_conv2d_GROUPS2_ACTIVATIONrelu_ap_fixed_16_5_,conv,vitis,csynth,,127,33,6966,11874,1824,2520,548160,274080,6.9627,1.3095,1.2708,4.3323,950251,6936832.3,,7.3,,,,,,,,
config_CIN16_HIN28_WIN56_COUT16_K3_UFCIN4_UFCOU8_PAD1_STRIDE1_BIASFalse_group_conv2d_GROUPS2_ACTIVATIONsigmoid_ap_fixed_16_5_,conv,vitis,csynth,,127,36,8733,13355,1824,2520,548160,274080,6.9627,1.4286,1.5931,4.8727,950280,6937044.0,,7.3,,,,,,,,
config_CIN16_HIN28_WIN56_COUT16_K3_UFCIN4_UFCOU8_PAD1_STRIDE1_BIASFalse_group_conv2d_GROUPS4_ACTIVATIONrelu_ap_fixed_16_5_,conv,vitis,csynth,,127,17,5614,11736,1824,2520,548160,274080,6.9627,0.6746,1.0242,4.282,608543,4442363.899999999,,7.3,,,,,,,,
config_CIN16_HIN28_WIN56_COUT16_K3_UFCIN4_UFCOU8_PAD1_STRIDE1_BIASFalse_group_conv2d_GROUPS4_ACTIVATIONsigmoid_ap_fixed_16_5_,conv,vitis,csynth,,127,20,7381,13217,1824,2520,548160,274080,6.9627,0.7937,1.3465,4.8223,608572,4442575.6,,7.3,,,,,,,,
config_CIN16_HIN28_WIN56_COUT16_K3_UFCIN4_UFCOU8_PAD1_STRIDE1_BIASTrue_conv2d_ACTIVATIONrelu_ap_fixed_16_5_,conv,vitis,csynth,,127,33,6390,13428,1824,2520,548160,274080,6.9627,1.3095,1.1657,4.8993,2235980,16322654.0,,7.3,,,,,,,,
config_CIN16_HIN28_WIN56_COUT16_K3_UFCIN4_UFCOU8_PAD1_STRIDE1_BIASTrue_conv2d_ACTIVATIONsigmoid_ap_fixed_16_5_,conv,vitis,csynth,,127,36,8157,14913,1824,2520,548160,274080,6.9627,1.4286,1.4881,5.4411,2236009,16322865.7,,7.3,,,,,,,,
config_CIN16_HIN28_WIN56_COUT16_K3_UFCIN4_UFCOU8_PAD1_STRIDE1_BIASTrue_group_conv2d_GROUPS2_ACTIVATIONrelu_ap_fixed_16_5_,conv,vitis,csynth,,127,33,7205,12347,1824,2520,548160,274080,6.9627,1.3095,1.3144,4.5049,950280,6937044.0,,7.3,,,,,,,,
config_CIN16_HIN28_WIN56_COUT16_K3_UFCIN4_UFCOU8_PAD1_STRIDE1_BIASTrue_group_conv2d_GROUPS2_ACTIVATIONsigmoid_ap_fixed_16_5_,conv,vitis,csynth,,127,36,8972,13832,1824,2520,548160,274080,6.9627,1.4286,1.6367,5.0467,950309,6937255.7,,7.3,,,,,,,,
config_CIN16_HIN28_WIN56_COUT16_K3_UFCIN4_UFCOU8_PAD1_STRIDE1_BIASTrue_group_conv2d_GROUPS4_ACTIVATIONrelu_ap_fixed_16_5_,conv,vitis,csynth,,127,17,5853,12209,1824,2520,548160,274080,6.9627,0.6746,1.0678,4.4545,608572,4442575.6,,7.3,,,,,,,,
config_CIN16_HIN28_WIN56_COUT16_K3_UFCIN4_UFCOU8_PAD1_STRIDE1_BIASTrue_group_conv2d_GROUPS4_ACTIVATIONsigmoid_ap_fixed_16_5_,conv,vitis,csynth,,127,20,7620,13694,1824,2520,548160,274080,6.9627,0.7937,1.3901,4.9964,608601,4442787.3,,7.3,,,,,,,,
config_CIN16_HIN28_WIN56_COUT16_K3_UFCIN8_UFCOU1_PAD1_STRIDE1_BIASFalse_conv2d_ACTIVATIONrelu_ap_fixed_16_5_,conv,vitis,csynth,,99,9,5926,11423,1824,2520,548160,274080,5.4276,0.3571,1.0811,4.1678,5390767,39352599.1,,7.3,,,,,,,,
config_CIN16_HIN28_WIN56_COUT16_K3_UFCIN8_UFCOU1_PAD1_STRIDE1_BIASFalse_conv2d_ACTIVATIONsigmoid_ap_fixed_16_5_,conv,vitis,csynth,,99,12,7629,12872,1824,2520,548160,274080,5.4276,0.4762,1.3917,4.6964,5390796,39352810.8,,7.3,,,,,,,,
config_CIN16_HIN28_WIN56_COUT16_K3_UFCIN8_UFCOU1_PAD1_STRIDE1_BIASFalse_group_conv2d_GROUPS2_ACTIVATIONrelu_ap_fixed_16_5_,conv,vitis,csynth,,99,9,6183,11715,1824,2520,548160,274080,5.4276,0.3571,1.128,4.2743,11076395,80857683.5,,7.3,,,,,,,,
config_CIN16_HIN28_WIN56_COUT16_K3_UFCIN8_UFCOU1_PAD1_STRIDE1_BIASFalse_group_conv2d_GROUPS2_ACTIVATIONsigmoid_ap_fixed_16_5_,conv,vitis,csynth,,99,12,7886,13164,1824,2520,548160,274080,5.4276,0.4762,1.4386,4.803,11076424,80857895.2,,7.3,,,,,,,,
config_CIN16_HIN28_WIN56_COUT16_K3_UFCIN8_UFCOU1_PAD1_STRIDE1_BIASFalse_group_conv2d_GROUPS4_ACTIVATIONrelu_ap_fixed_16_5_,conv,vitis,csynth,,99,9,6173,12759,1824,2520,548160,274080,5.4276,0.3571,1.1261,4.6552,22024287,160777295.1,,7.3,,,,,,,,
config_CIN16_HIN28_WIN56_COUT16_K3_UFCIN8_UFCOU1_PAD1_STRIDE1_BIASFalse_group_conv2d_GROUPS4_ACTIVATIONsigmoid_ap_fixed_16_5_,conv,vitis,csynth,,99,12,7876,14208,1824,2520,548160,274080,5.4276,0.4762,1.4368,5.1839,22024316,160777506.79999998,,7.3,,,,,,,,
config_CIN16_HIN28_WIN56_COUT16_K3_UFCIN8_UFCOU1_PAD1_STRIDE1_BIASTrue_conv2d_ACTIVATIONrelu_ap_fixed_16_5_,conv,vitis,csynth,,99,9,6059,11633,1824,2520,548160,274080,5.4276,0.3571,1.1053,4.2444,5390796,39352810.8,,7.3,,,,,,,,
config_CIN16_HIN28_WIN56_COUT16_K3_UFCIN8_UFCOU1_PAD1_STRIDE1_BIASTrue_conv2d_ACTIVATIONsigmoid_ap_fixed_16_5_,conv,vitis,csynth,,99,12,7762,13086,1824,2520,548160,274080,5.4276,0.4762,1.416,4.7745,5390825,39353022.5,,7.3,,,,,,,,
config_CIN16_HIN28_WIN56_COUT16_K3_UFCIN8_UFCOU1_PAD1_STRIDE1_BIASTrue_group_conv2d_GROUPS2_ACTIVATIONrelu_ap_fixed_16_5_,conv,vitis,csynth,,99,9,6316,11925,1824,2520,548160,274080,5.4276,0.3571,1.1522,4.3509,11076424,80857895.2,,7.3,,,,,,,,
config_CIN16_HIN28_WIN56_COUT16_K3_UFCIN8_UFCOU1_PAD1_STRIDE1_BIASTrue_group_conv2d_GROUPS2_ACTIVATIONsigmoid_ap_fixed_16_5_,conv,vitis,csynth,,99,12,8019,13378,1824,2520,548160,274080,5.4276,0.4762,1.4629,4.8811,11076453,80858106.89999999,,7.3,,,,,,,,
config_CIN16_HIN28_WIN56_COUT16_K3_UFCIN8_UFCOU1_PAD1_STRIDE1_BIASTrue_group_conv2d_GROUPS4_ACTIVATIONrelu_ap_fixed_16_5_,conv,vitis,csynth,,99,9,6306,12969,1824,2520,548160,274080,5.4276,0.3571,1.1504,4.7318,22024316,160777506.79999998,,7.3,,,,,,,,
config_CIN16_HIN28_WIN56_COUT16_K3_UFCIN8_UFCOU1_PAD1_STRIDE1_BIASTrue_group_conv2d_GROUPS4_ACTIVATIONsigmoid_ap_fixed_16_5_,conv,vitis,csynth,,99,12,8009,14422,1824,2520,548160,274080,5.4276,0.4762,1.4611,5.262,22024345,160777718.5,,7.3,,,,,,,,
config_CIN16_HIN28_WIN56_COUT16_K3_UFCIN8_UFCOU4_PAD1_STRIDE1_BIASFalse_conv2d_ACTIVATIONrelu_ap_fixed_16_5_,conv,vitis,csynth,,127,33,6542,13391,1824,2520,548160,274080,6.9627,1.3095,1.1934,4.8858,2662447,19435863.099999998,,7.3,,,,,,,,
config_CIN16_HIN28_WIN56_COUT16_K3_UFCIN8_UFCOU4_PAD1_STRIDE1_BIASFalse_conv2d_ACTIVATIONsigmoid_ap_fixed_16_5_,conv,vitis,csynth,,127,36,8437,14936,1824,2520,548160,274080,6.9627,1.4286,1.5391,5.4495,2662476,19436074.8,,7.3,,,,,,,,
config_CIN16_HIN28_WIN56_COUT16_K3_UFCIN8_UFCOU4_PAD1_STRIDE1_BIASFalse_group_conv2d_GROUPS2_ACTIVATIONrelu_ap_fixed_16_5_,conv,vitis,csynth,,127,33,10269,18111,1824,2520,548160,274080,6.9627,1.3095,1.8734,6.6079,6993323,51051257.9,,7.3,,,,,,,,
config_CIN16_HIN28_WIN56_COUT16_K3_UFCIN8_UFCOU4_PAD1_STRIDE1_BIASFalse_group_conv2d_GROUPS2_ACTIVATIONsigmoid_ap_fixed_16_5_,conv,vitis,csynth,,127,36,12164,19656,1824,2520,548160,274080,6.9627,1.4286,2.2191,7.1716,6993352,51051469.6,,7.3,,,,,,,,
config_CIN16_HIN28_WIN56_COUT16_K3_UFCIN8_UFCOU4_PAD1_STRIDE1_BIASFalse_group_conv2d_GROUPS4_ACTIVATIONrelu_ap_fixed_16_5_,conv,vitis,csynth,,127,33,6955,13195,1824,2520,548160,274080,6.9627,1.3095,1.2688,4.8143,2022879,14767016.7,,7.3,,,,,,,,
config_CIN16_HIN28_WIN56_COUT16_K3_UFCIN8_UFCOU4_PAD1_STRIDE1_BIASFalse_group_conv2d_GROUPS4_ACTIVATIONsigmoid_ap_fixed_16_5_,conv,vitis,csynth,,127,36,8850,14740,1824,2520,548160,274080,6.9627,1.4286,1.6145,5.378,2022908,14767228.4,,7.3,,,,,,,,
config_CIN16_HIN28_WIN56_COUT16_K3_UFCIN8_UFCOU4_PAD1_STRIDE1_BIASTrue_conv2d_ACTIVATIONrelu_ap_fixed_16_5_,conv,vitis,csynth,,127,33,6718,13712,1824,2520,548160,274080,6.9627,1.3095,1.2256,5.0029,2662476,19436074.8,,7.3,,,,,,,,
config_CIN16_HIN28_WIN56_COUT16_K3_UFCIN8_UFCOU4_PAD1_STRIDE1_BIASTrue_conv2d_ACTIVATIONsigmoid_ap_fixed_16_5_,conv,vitis,csynth,,127,36,8613,15261,1824,2520,548160,274080,6.9627,1.4286,1.5713,5.5681,2662505,19436286.5,,7.3,,,,,,,,
config_CIN16_HIN28_WIN56_COUT16_K3_UFCIN8_UFCOU4_PAD1_STRIDE1_BIASTrue_group_conv2d_GROUPS2_ACTIVATIONrelu_ap_fixed_16_5_,conv,vitis,csynth,,127,33,10445,18432,1824,2520,548160,274080,6.9627,1.3095,1.9055,6.725,6993352,51051469.6,,7.3,,,,,,,,
config_CIN16_HIN28_WIN56_COUT16_K3_UFCIN8_UFCOU4_PAD1_STRIDE1_BIASTrue_group_conv2d_GROUPS2_ACTIVATIONsigmoid_ap_fixed_16_5_,conv,vitis,csynth,,127,36,12340,19981,1824,2520,548160,274080,6.9627,1.4286,2.2512,7.2902,6993381,51051681.3,,7.3,,,,,,,,
config_CIN16_HIN28_WIN56_COUT16_K3_UFCIN8_UFCOU4_PAD1_STRIDE1_BIASTrue_group_conv2d_GROUPS4_ACTIVATIONrelu_ap_fixed_16_5_,conv,vitis,csynth,,127,33,7131,13516,1824,2520,548160,274080,6.9627,1.3095,1.3009,4.9314,2022908,14767228.4,,7.3,,,,,,,,
config_CIN16_HIN28_WIN56_COUT16_K3_UFCIN8_UFCOU4_PAD1_STRIDE1_BIASTrue_group_conv2d_GROUPS4_ACTIVATIONsigmoid_ap_fixed_16_5_,conv,vitis,csynth,,127,36,9026,15065,1824,2520,548160,274080,6.9627,1.4286,1.6466,5.4966,2022937,14767440.1,,7.3,,,,,,,,
config_CIN16_HIN28_WIN56_COUT16_K3_UFCIN8_UFCOU8_PAD1_STRIDE1_BIASFalse_conv2d_ACTIVATIONrelu_ap_fixed_16_5_,conv,vitis,csynth,,95,65,8258,16508,1824,2520,548160,274080,5.2083,2.5794,1.5065,6.0231,2207727,16116407.1,,7.3,,,,,,,,
config_CIN16_HIN28_WIN56_COUT16_K3_UFCIN8_UFCOU8_PAD1_STRIDE1_BIASFalse_conv2d_ACTIVATIONsigmoid_ap_fixed_16_5_,conv,vitis,csynth,,95,68,10025,17989,1824,2520,548160,274080,5.2083,2.6984,1.8288,6.5634,2207756,16116618.799999999,,7.3,,,,,,,,
config_CIN16_HIN28_WIN56_COUT16_K3_UFCIN8_UFCOU8_PAD1_STRIDE1_BIASFalse_group_conv2d_GROUPS2_ACTIVATIONrelu_ap_fixed_16_5_,conv,vitis,csynth,,95,65,7570,13642,1824,2520,548160,274080,5.2083,2.5794,1.381,4.9774,470443,3434233.9,,7.3,,,,,,,,
config_CIN16_HIN28_WIN56_COUT16_K3_UFCIN8_UFCOU8_PAD1_STRIDE1_BIASFalse_group_conv2d_GROUPS2_ACTIVATIONsigmoid_ap_fixed_16_5_,conv,vitis,csynth,,95,68,9337,15123,1824,2520,548160,274080,5.2083,2.6984,1.7033,5.5177,470472,3434445.6,,7.3,,,,,,,,
config_CIN16_HIN28_WIN56_COUT16_K3_UFCIN8_UFCOU8_PAD1_STRIDE1_BIASFalse_group_conv2d_GROUPS4_ACTIVATIONrelu_ap_fixed_16_5_,conv,vitis,csynth,,95,33,9043,16682,1824,2520,548160,274080,5.2083,1.3095,1.6497,6.0865,2019743,14744123.9,,7.3,,,,,,,,
config_CIN16_HIN28_WIN56_COUT16_K3_UFCIN8_UFCOU8_PAD1_STRIDE1_BIASFalse_group_conv2d_GROUPS4_ACTIVATIONsigmoid_ap_fixed_16_5_,conv,vitis,csynth,,95,36,10810,18163,1824,2520,548160,274080,5.2083,1.4286,1.9721,6.6269,2019772,14744335.6,,7.3,,,,,,,,
config_CIN16_HIN28_WIN56_COUT16_K3_UFCIN8_UFCOU8_PAD1_STRIDE1_BIASTrue_conv2d_ACTIVATIONrelu_ap_fixed_16_5_,conv,vitis,csynth,,95,65,8497,16981,1824,2520,548160,274080,5.2083,2.5794,1.5501,6.1956,2207756,16116618.799999999,,7.3,,,,,,,,
config_CIN16_HIN28_WIN56_COUT16_K3_UFCIN8_UFCOU8_PAD1_STRIDE1_BIASTrue_conv2d_ACTIVATIONsigmoid_ap_fixed_16_5_,conv,vitis,csynth,,95,68,10264,18466,1824,2520,548160,274080,5.2083,2.6984,1.8724,6.7374,2207785,16116830.5,,7.3,,,,,,,,
config_CIN16_HIN28_WIN56_COUT16_K3_UFCIN8_UFCOU8_PAD1_STRIDE1_BIASTrue_group_conv2d_GROUPS2_ACTIVATIONrelu_ap_fixed_16_5_,conv,vitis,csynth,,95,65,7809,14115,1824,2520,548160,274080,5.2083,2.5794,1.4246,5.15,470472,3434445.6,,7.3,,,,,,,,
config_CIN16_HIN28_WIN56_COUT16_K3_UFCIN8_UFCOU8_PAD1_STRIDE1_BIASTrue_group_conv2d_GROUPS2_ACTIVATIONsigmoid_ap_fixed_16_5_,conv,vitis,csynth,,95,68,9576,15600,1824,2520,548160,274080,5.2083,2.6984,1.7469,5.6918,470501,3434657.3,,7.3,,,,,,,,
config_CIN16_HIN28_WIN56_COUT16_K3_UFCIN8_UFCOU8_PAD1_STRIDE1_BIASTrue_group_conv2d_GROUPS4_ACTIVATIONrelu_ap_fixed_16_5_,conv,vitis,csynth,,95,33,9282,17155,1824,2520,548160,274080,5.2083,1.3095,1.6933,6.2591,2019772,14744335.6,,7.3,,,,,,,,
config_CIN16_HIN28_WIN56_COUT16_K3_UFCIN8_UFCOU8_PAD1_STRIDE1_BIASTrue_group_conv2d_GROUPS4_ACTIVATIONsigmoid_ap_fixed_16_5_,conv,vitis,csynth,,95,36,11049,18640,1824,2520,548160,274080,5.2083,1.4286,2.0157,6.8009,2019801,14744547.299999999,,7.3,,,,,,,,
config_CIN16_HIN28_WIN56_COUT32_K1_UFCIN1_UFCOU1_PAD1_STRIDE1_BIASFalse_conv2d_ACTIVATIONrelu_ap_fixed_16_5_,conv,vitis,csynth,,140,7,5117,8607,1824,2520,548160,274080,7.6754,0.2778,0.9335,3.1403,1129689,8246729.7,,7.3,,,,,,,,
config_CIN16_HIN28_WIN56_COUT32_K1_UFCIN1_UFCOU1_PAD1_STRIDE1_BIASFalse_conv2d_ACTIVATIONsigmoid_ap_fixed_16_5_,conv,vitis,csynth,,140,10,6885,10095,1824,2520,548160,274080,7.6754,0.3968,1.256,3.6832,1129719,8246948.7,,7.3,,,,,,,,
config_CIN16_HIN28_WIN56_COUT32_K1_UFCIN1_UFCOU1_PAD1_STRIDE1_BIASFalse_group_conv2d_GROUPS2_ACTIVATIONrelu_ap_fixed_16_5_,conv,vitis,csynth,,140,11,5517,9346,1824,2520,548160,274080,7.6754,0.4365,1.0065,3.41,3816315,27859099.5,,7.3,,,,,,,,
config_CIN16_HIN28_WIN56_COUT32_K1_UFCIN1_UFCOU1_PAD1_STRIDE1_BIASFalse_group_conv2d_GROUPS2_ACTIVATIONsigmoid_ap_fixed_16_5_,conv,vitis,csynth,,140,14,7285,10834,1824,2520,548160,274080,7.6754,0.5556,1.329,3.9529,3816345,27859318.5,,7.3,,,,,,,,
config_CIN16_HIN28_WIN56_COUT32_K1_UFCIN1_UFCOU1_PAD1_STRIDE1_BIASFalse_group_conv2d_GROUPS4_ACTIVATIONrelu_ap_fixed_16_5_,conv,vitis,csynth,,140,11,5520,9349,1824,2520,548160,274080,7.6754,0.4365,1.007,3.411,7407801,54076947.3,,7.3,,,,,,,,
config_CIN16_HIN28_WIN56_COUT32_K1_UFCIN1_UFCOU1_PAD1_STRIDE1_BIASFalse_group_conv2d_GROUPS4_ACTIVATIONsigmoid_ap_fixed_16_5_,conv,vitis,csynth,,140,14,7288,10837,1824,2520,548160,274080,7.6754,0.5556,1.3295,3.954,7407831,54077166.3,,7.3,,,,,,,,
config_CIN16_HIN28_WIN56_COUT32_K1_UFCIN1_UFCOU1_PAD1_STRIDE1_BIASTrue_conv2d_ACTIVATIONrelu_ap_fixed_16_5_,conv,vitis,csynth,,140,7,5258,8797,1824,2520,548160,274080,7.6754,0.2778,0.9592,3.2096,1154694,8429266.2,,7.3,,,,,,,,
config_CIN16_HIN28_WIN56_COUT32_K1_UFCIN1_UFCOU1_PAD1_STRIDE1_BIASTrue_conv2d_ACTIVATIONsigmoid_ap_fixed_16_5_,conv,vitis,csynth,,140,10,7026,10285,1824,2520,548160,274080,7.6754,0.3968,1.2817,3.7526,1154724,8429485.2,,7.3,,,,,,,,
config_CIN16_HIN28_WIN56_COUT32_K1_UFCIN1_UFCOU1_PAD1_STRIDE1_BIASTrue_group_conv2d_GROUPS2_ACTIVATIONrelu_ap_fixed_16_5_,conv,vitis,csynth,,140,11,5658,9536,1824,2520,548160,274080,7.6754,0.4365,1.0322,3.4793,3841320,28041636.0,,7.3,,,,,,,,
config_CIN16_HIN28_WIN56_COUT32_K1_UFCIN1_UFCOU1_PAD1_STRIDE1_BIASTrue_group_conv2d_GROUPS2_ACTIVATIONsigmoid_ap_fixed_16_5_,conv,vitis,csynth,,140,14,7426,11024,1824,2520,548160,274080,7.6754,0.5556,1.3547,4.0222,3841350,28041855.0,,7.3,,,,,,,,
config_CIN16_HIN28_WIN56_COUT32_K1_UFCIN1_UFCOU1_PAD1_STRIDE1_BIASTrue_group_conv2d_GROUPS4_ACTIVATIONrelu_ap_fixed_16_5_,conv,vitis,csynth,,140,11,5661,9539,1824,2520,548160,274080,7.6754,0.4365,1.0327,3.4804,7432806,54259483.8,,7.3,,,,,,,,
config_CIN16_HIN28_WIN56_COUT32_K1_UFCIN1_UFCOU1_PAD1_STRIDE1_BIASTrue_group_conv2d_GROUPS4_ACTIVATIONsigmoid_ap_fixed_16_5_,conv,vitis,csynth,,140,14,7429,11027,1824,2520,548160,274080,7.6754,0.5556,1.3553,4.0233,7432836,54259702.8,,7.3,,,,,,,,
config_CIN16_HIN28_WIN56_COUT32_K1_UFCIN1_UFCOU4_PAD1_STRIDE1_BIASFalse_conv2d_ACTIVATIONrelu_ap_fixed_16_5_,conv,vitis,csynth,,153,12,5430,9389,1824,2520,548160,274080,8.3882,0.4762,0.9906,3.4256,444730,3246529.0,,7.3,,,,,,,,
config_CIN16_HIN28_WIN56_COUT32_K1_UFCIN1_UFCOU4_PAD1_STRIDE1_BIASFalse_conv2d_ACTIVATIONsigmoid_ap_fixed_16_5_,conv,vitis,csynth,,153,15,7262,10909,1824,2520,548160,274080,8.3882,0.5952,1.3248,3.9802,444760,3246748.0,,7.3,,,,,,,,
config_CIN16_HIN28_WIN56_COUT32_K1_UFCIN1_UFCOU4_PAD1_STRIDE1_BIASFalse_group_conv2d_GROUPS2_ACTIVATIONrelu_ap_fixed_16_5_,conv,vitis,csynth,,153,12,6260,10252,1824,2520,548160,274080,8.3882,0.4762,1.142,3.7405,1718474,12544860.2,,7.3,,,,,,,,
config_CIN16_HIN28_WIN56_COUT32_K1_UFCIN1_UFCOU4_PAD1_STRIDE1_BIASFalse_group_conv2d_GROUPS2_ACTIVATIONsigmoid_ap_fixed_16_5_,conv,vitis,csynth,,153,15,8092,11772,1824,2520,548160,274080,8.3882,0.5952,1.4762,4.2951,1718504,12545079.2,,7.3,,,,,,,,
config_CIN16_HIN28_WIN56_COUT32_K1_UFCIN1_UFCOU4_PAD1_STRIDE1_BIASFalse_group_conv2d_GROUPS4_ACTIVATIONrelu_ap_fixed_16_5_,conv,vitis,csynth,,153,12,6263,10255,1824,2520,548160,274080,8.3882,0.4762,1.1425,3.7416,3228918,23571101.4,,7.3,,,,,,,,
config_CIN16_HIN28_WIN56_COUT32_K1_UFCIN1_UFCOU4_PAD1_STRIDE1_BIASFalse_group_conv2d_GROUPS4_ACTIVATIONsigmoid_ap_fixed_16_5_,conv,vitis,csynth,,153,15,8095,11775,1824,2520,548160,274080,8.3882,0.5952,1.4768,4.2962,3228948,23571320.4,,7.3,,,,,,,,
config_CIN16_HIN28_WIN56_COUT32_K1_UFCIN1_UFCOU4_PAD1_STRIDE1_BIASTrue_conv2d_ACTIVATIONrelu_ap_fixed_16_5_,conv,vitis,csynth,,153,12,5611,9693,1824,2520,548160,274080,8.3882,0.4762,1.0236,3.5366,444775,3246857.5,,7.3,,,,,,,,
config_CIN16_HIN28_WIN56_COUT32_K1_UFCIN1_UFCOU4_PAD1_STRIDE1_BIASTrue_conv2d_ACTIVATIONsigmoid_ap_fixed_16_5_,conv,vitis,csynth,,153,15,7443,11213,1824,2520,548160,274080,8.3882,0.5952,1.3578,4.0911,444805,3247076.5,,7.3,,,,,,,,
config_CIN16_HIN28_WIN56_COUT32_K1_UFCIN1_UFCOU4_PAD1_STRIDE1_BIASTrue_group_conv2d_GROUPS2_ACTIVATIONrelu_ap_fixed_16_5_,conv,vitis,csynth,,153,12,6441,10556,1824,2520,548160,274080,8.3882,0.4762,1.175,3.8514,1718519,12545188.7,,7.3,,,,,,,,
config_CIN16_HIN28_WIN56_COUT32_K1_UFCIN1_UFCOU4_PAD1_STRIDE1_BIASTrue_group_conv2d_GROUPS2_ACTIVATIONsigmoid_ap_fixed_16_5_,conv,vitis,csynth,,153,15,8273,12076,1824,2520,548160,274080,8.3882,0.5952,1.5092,4.406,1718549,12545407.7,,7.3,,,,,,,,
config_CIN16_HIN28_WIN56_COUT32_K1_UFCIN1_UFCOU4_PAD1_STRIDE1_BIASTrue_group_conv2d_GROUPS4_ACTIVATIONrelu_ap_fixed_16_5_,conv,vitis,csynth,,153,12,6444,10559,1824,2520,548160,274080,8.3882,0.4762,1.1756,3.8525,3228963,23571429.9,,7.3,,,,,,,,
config_CIN16_HIN28_WIN56_COUT32_K1_UFCIN1_UFCOU4_PAD1_STRIDE1_BIASTrue_group_conv2d_GROUPS4_ACTIVATIONsigmoid_ap_fixed_16_5_,conv,vitis,csynth,,153,15,8276,12079,1824,2520,548160,274080,8.3882,0.5952,1.5098,4.4071,3228993,23571648.9,,7.3,,,,,,,,
config_CIN16_HIN28_WIN56_COUT32_K1_UFCIN1_UFCOU8_PAD1_STRIDE1_BIASFalse_conv2d_ACTIVATIONrelu_ap_fixed_16_5_,conv,vitis,csynth,,157,16,5523,10185,1824,2520,548160,274080,8.6075,0.6349,1.0076,3.7161,326410,2382793.0,,7.3,,,,,,,,
config_CIN16_HIN28_WIN56_COUT32_K1_UFCIN1_UFCOU8_PAD1_STRIDE1_BIASFalse_conv2d_ACTIVATIONsigmoid_ap_fixed_16_5_,conv,vitis,csynth,,157,19,7355,11705,1824,2520,548160,274080,8.6075,0.754,1.3418,4.2707,326440,2383012.0,,7.3,,,,,,,,
config_CIN16_HIN28_WIN56_COUT32_K1_UFCIN1_UFCOU8_PAD1_STRIDE1_BIASFalse_group_conv2d_GROUPS2_ACTIVATIONrelu_ap_fixed_16_5_,conv,vitis,csynth,,157,16,6995,11654,1824,2520,548160,274080,8.6075,0.6349,1.2761,4.252,1266074,9242340.2,,7.3,,,,,,,,
config_CIN16_HIN28_WIN56_COUT32_K1_UFCIN1_UFCOU8_PAD1_STRIDE1_BIASFalse_group_conv2d_GROUPS2_ACTIVATIONsigmoid_ap_fixed_16_5_,conv,vitis,csynth,,157,19,8827,13174,1824,2520,548160,274080,8.6075,0.754,1.6103,4.8066,1266104,9242559.2,,7.3,,,,,,,,
config_CIN16_HIN28_WIN56_COUT32_K1_UFCIN1_UFCOU8_PAD1_STRIDE1_BIASFalse_group_conv2d_GROUPS4_ACTIVATIONrelu_ap_fixed_16_5_,conv,vitis,csynth,,157,15,5630,10337,1824,2520,548160,274080,8.6075,0.5952,1.0271,3.7715,3897078,28448669.4,,7.3,,,,,,,,
config_CIN16_HIN28_WIN56_COUT32_K1_UFCIN1_UFCOU8_PAD1_STRIDE1_BIASFalse_group_conv2d_GROUPS4_ACTIVATIONsigmoid_ap_fixed_16_5_,conv,vitis,csynth,,157,18,7462,11857,1824,2520,548160,274080,8.6075,0.7143,1.3613,4.3261,3897108,28448888.4,,7.3,,,,,,,,
config_CIN16_HIN28_WIN56_COUT32_K1_UFCIN1_UFCOU8_PAD1_STRIDE1_BIASTrue_conv2d_ACTIVATIONrelu_ap_fixed_16_5_,conv,vitis,csynth,,157,16,5766,10637,1824,2520,548160,274080,8.6075,0.6349,1.0519,3.881,326455,2383121.5,,7.3,,,,,,,,
config_CIN16_HIN28_WIN56_COUT32_K1_UFCIN1_UFCOU8_PAD1_STRIDE1_BIASTrue_conv2d_ACTIVATIONsigmoid_ap_fixed_16_5_,conv,vitis,csynth,,157,19,7598,12157,1824,2520,548160,274080,8.6075,0.754,1.3861,4.4356,326485,2383340.5,,7.3,,,,,,,,
config_CIN16_HIN28_WIN56_COUT32_K1_UFCIN1_UFCOU8_PAD1_STRIDE1_BIASTrue_group_conv2d_GROUPS2_ACTIVATIONrelu_ap_fixed_16_5_,conv,vitis,csynth,,157,16,7238,12106,1824,2520,548160,274080,8.6075,0.6349,1.3204,4.417,1266119,9242668.7,,7.3,,,,,,,,
config_CIN16_HIN28_WIN56_COUT32_K1_UFCIN1_UFCOU8_PAD1_STRIDE1_BIASTrue_group_conv2d_GROUPS2_ACTIVATIONsigmoid_ap_fixed_16_5_,conv,vitis,csynth,,157,19,9070,13626,1824,2520,548160,274080,8.6075,0.754,1.6546,4.9715,1266149,9242887.7,,7.3,,,,,,,,
config_CIN16_HIN28_WIN56_COUT32_K1_UFCIN1_UFCOU8_PAD1_STRIDE1_BIASTrue_group_conv2d_GROUPS4_ACTIVATIONrelu_ap_fixed_16_5_,conv,vitis,csynth,,157,15,5873,10789,1824,2520,548160,274080,8.6075,0.5952,1.0714,3.9364,3897123,28448997.9,,7.3,,,,,,,,
config_CIN16_HIN28_WIN56_COUT32_K1_UFCIN1_UFCOU8_PAD1_STRIDE1_BIASTrue_group_conv2d_GROUPS4_ACTIVATIONsigmoid_ap_fixed_16_5_,conv,vitis,csynth,,157,18,7705,12309,1824,2520,548160,274080,8.6075,0.7143,1.4056,4.491,3897153,28449216.9,,7.3,,,,,,,,
config_CIN16_HIN28_WIN56_COUT32_K1_UFCIN4_UFCOU1_PAD1_STRIDE1_BIASFalse_conv2d_ACTIVATIONrelu_ap_fixed_16_5_,conv,vitis,csynth,,147,13,5473,9178,1824,2520,548160,274080,8.0592,0.5159,0.9984,3.3487,1373890,10029397.0,,7.3,,,,,,,,
config_CIN16_HIN28_WIN56_COUT32_K1_UFCIN4_UFCOU1_PAD1_STRIDE1_BIASFalse_conv2d_ACTIVATIONsigmoid_ap_fixed_16_5_,conv,vitis,csynth,,147,16,7241,10666,1824,2520,548160,274080,8.0592,0.6349,1.321,3.8916,1373920,10029616.0,,7.3,,,,,,,,
config_CIN16_HIN28_WIN56_COUT32_K1_UFCIN4_UFCOU1_PAD1_STRIDE1_BIASFalse_group_conv2d_GROUPS2_ACTIVATIONrelu_ap_fixed_16_5_,conv,vitis,csynth,,147,13,5588,9462,1824,2520,548160,274080,8.0592,0.5159,1.0194,3.4523,2522354,18413184.2,,7.3,,,,,,,,
config_CIN16_HIN28_WIN56_COUT32_K1_UFCIN4_UFCOU1_PAD1_STRIDE1_BIASFalse_group_conv2d_GROUPS2_ACTIVATIONsigmoid_ap_fixed_16_5_,conv,vitis,csynth,,147,16,7356,10950,1824,2520,548160,274080,8.0592,0.6349,1.3419,3.9952,2522384,18413403.2,,7.3,,,,,,,,
config_CIN16_HIN28_WIN56_COUT32_K1_UFCIN4_UFCOU1_PAD1_STRIDE1_BIASFalse_group_conv2d_GROUPS4_ACTIVATIONrelu_ap_fixed_16_5_,conv,vitis,csynth,,147,13,5598,9465,1824,2520,548160,274080,8.0592,0.5159,1.0212,3.4534,4794918,35002901.4,,7.3,,,,,,,,
config_CIN16_HIN28_WIN56_COUT32_K1_UFCIN4_UFCOU1_PAD1_STRIDE1_BIASFalse_group_conv2d_GROUPS4_ACTIVATIONsigmoid_ap_fixed_16_5_,conv,vitis,csynth,,147,16,7366,10953,1824,2520,548160,274080,8.0592,0.6349,1.3438,3.9963,4794948,35003120.4,,7.3,,,,,,,,
config_CIN16_HIN28_WIN56_COUT32_K1_UFCIN4_UFCOU1_PAD1_STRIDE1_BIASTrue_conv2d_ACTIVATIONrelu_ap_fixed_16_5_,conv,vitis,csynth,,147,13,5614,9371,1824,2520,548160,274080,8.0592,0.5159,1.0242,3.4191,1373935,10029725.5,,7.3,,,,,,,,
config_CIN16_HIN28_WIN56_COUT32_K1_UFCIN4_UFCOU1_PAD1_STRIDE1_BIASTrue_conv2d_ACTIVATIONsigmoid_ap_fixed_16_5_,conv,vitis,csynth,,147,16,7382,10859,1824,2520,548160,274080,8.0592,0.6349,1.3467,3.962,1373965,10029944.5,,7.3,,,,,,,,
config_CIN16_HIN28_WIN56_COUT32_K1_UFCIN4_UFCOU1_PAD1_STRIDE1_BIASTrue_group_conv2d_GROUPS2_ACTIVATIONrelu_ap_fixed_16_5_,conv,vitis,csynth,,147,13,5729,9655,1824,2520,548160,274080,8.0592,0.5159,1.0451,3.5227,2522399,18413512.7,,7.3,,,,,,,,
config_CIN16_HIN28_WIN56_COUT32_K1_UFCIN4_UFCOU1_PAD1_STRIDE1_BIASTrue_group_conv2d_GROUPS2_ACTIVATIONsigmoid_ap_fixed_16_5_,conv,vitis,csynth,,147,16,7497,11143,1824,2520,548160,274080,8.0592,0.6349,1.3677,4.0656,2522429,18413731.7,,7.3,,,,,,,,
config_CIN16_HIN28_WIN56_COUT32_K1_UFCIN4_UFCOU1_PAD1_STRIDE1_BIASTrue_group_conv2d_GROUPS4_ACTIVATIONrelu_ap_fixed_16_5_,conv,vitis,csynth,,147,13,5739,9658,1824,2520,548160,274080,8.0592,0.5159,1.047,3.5238,4794963,35003229.9,,7.3,,,,,,,,
config_CIN16_HIN28_WIN56_COUT32_K1_UFCIN4_UFCOU1_PAD1_STRIDE1_BIASTrue_group_conv2d_GROUPS4_ACTIVATIONsigmoid_ap_fixed_16_5_,conv,vitis,csynth,,147,16,7507,11146,1824,2520,548160,274080,8.0592,0.6349,1.3695,4.0667,4794993,35003448.9,,7.3,,,,,,,,
config_CIN16_HIN28_WIN56_COUT32_K1_UFCIN4_UFCOU4_PAD1_STRIDE1_BIASFalse_conv2d_ACTIVATIONrelu_ap_fixed_16_5_,conv,vitis,csynth,,153,27,6275,10654,1824,2520,548160,274080,8.3882,1.0714,1.1447,3.8872,663970,4846981.0,,7.3,,,,,,,,
config_CIN16_HIN28_WIN56_COUT32_K1_UFCIN4_UFCOU4_PAD1_STRIDE1_BIASFalse_conv2d_ACTIVATIONsigmoid_ap_fixed_16_5_,conv,vitis,csynth,,153,30,8107,12174,1824,2520,548160,274080,8.3882,1.1905,1.4789,4.4418,664000,4847200.0,,7.3,,,,,,,,
config_CIN16_HIN28_WIN56_COUT32_K1_UFCIN4_UFCOU4_PAD1_STRIDE1_BIASFalse_group_conv2d_GROUPS2_ACTIVATIONrelu_ap_fixed_16_5_,conv,vitis,csynth,,153,27,8269,13173,1824,2520,548160,274080,8.3882,1.0714,1.5085,4.8063,1617554,11808144.2,,7.3,,,,,,,,
config_CIN16_HIN28_WIN56_COUT32_K1_UFCIN4_UFCOU4_PAD1_STRIDE1_BIASFalse_group_conv2d_GROUPS2_ACTIVATIONsigmoid_ap_fixed_16_5_,conv,vitis,csynth,,153,30,10101,14693,1824,2520,548160,274080,8.3882,1.1905,1.8427,5.3608,1617584,11808363.2,,7.3,,,,,,,,
config_CIN16_HIN28_WIN56_COUT32_K1_UFCIN4_UFCOU4_PAD1_STRIDE1_BIASFalse_group_conv2d_GROUPS4_ACTIVATIONrelu_ap_fixed_16_5_,conv,vitis,csynth,,153,27,8280,13176,1824,2520,548160,274080,8.3882,1.0714,1.5105,4.8074,3027078,22097669.4,,7.3,,,,,,,,
config_CIN16_HIN28_WIN56_COUT32_K1_UFCIN4_UFCOU4_PAD1_STRIDE1_BIASFalse_group_conv2d_GROUPS4_ACTIVATIONsigmoid_ap_fixed_16_5_,conv,vitis,csynth,,153,30,10112,14696,1824,2520,548160,274080,8.3882,1.1905,1.8447,5.3619,3027108,22097888.4,,7.3,,,,,,,,
config_CIN16_HIN28_WIN56_COUT32_K1_UFCIN4_UFCOU4_PAD1_STRIDE1_BIASTrue_conv2d_ACTIVATIONrelu_ap_fixed_16_5_,conv,vitis,csynth,,153,27,6456,10958,1824,2520,548160,274080,8.3882,1.0714,1.1778,3.9981,664015,4847309.5,,7.3,,,,,,,,
config_CIN16_HIN28_WIN56_COUT32_K1_UFCIN4_UFCOU4_PAD1_STRIDE1_BIASTrue_conv2d_ACTIVATIONsigmoid_ap_fixed_16_5_,conv,vitis,csynth,,153,30,8288,12478,1824,2520,548160,274080,8.3882,1.1905,1.512,4.5527,664045,4847528.5,,7.3,,,,,,,,
config_CIN16_HIN28_WIN56_COUT32_K1_UFCIN4_UFCOU4_PAD1_STRIDE1_BIASTrue_group_conv2d_GROUPS2_ACTIVATIONrelu_ap_fixed_16_5_,conv,vitis,csynth,,153,27,8450,13477,1824,2520,548160,274080,8.3882,1.0714,1.5415,4.9172,1617599,11808472.7,,7.3,,,,,,,,
config_CIN16_HIN28_WIN56_COUT32_K1_UFCIN4_UFCOU4_PAD1_STRIDE1_BIASTrue_group_conv2d_GROUPS2_ACTIVATIONsigmoid_ap_fixed_16_5_,conv,vitis,csynth,,153,30,10282,14997,1824,2520,548160,274080,8.3882,1.1905,1.8757,5.4718,1617629,11808691.7,,7.3,,,,,,,,
config_CIN16_HIN28_WIN56_COUT32_K1_UFCIN4_UFCOU4_PAD1_STRIDE1_BIASTrue_group_conv2d_GROUPS4_ACTIVATIONrelu_ap_fixed_16_5_,conv,vitis,csynth,,153,27,8461,13480,1824,2520,548160,274080,8.3882,1.0714,1.5435,4.9183,3027123,22097997.9,,7.3,,,,,,,,
config_CIN16_HIN28_WIN56_COUT32_K1_UFCIN4_UFCOU4_PAD1_STRIDE1_BIASTrue_group_conv2d_GROUPS4_ACTIVATIONsigmoid_ap_fixed_16_5_,conv,vitis,csynth,,153,30,10293,15000,1824,2520,548160,274080,8.3882,1.1905,1.8777,5.4729,3027153,22098216.9,,7.3,,,,,,,,
config_CIN16_HIN28_WIN56_COUT32_K1_UFCIN4_UFCOU8_PAD1_STRIDE1_BIASFalse_conv2d_ACTIVATIONrelu_ap_fixed_16_5_,conv,vitis,csynth,,153,43,6910,12339,1824,2520,548160,274080,8.3882,1.7063,1.2606,4.502,545650,3983245.0,,7.3,,,,,,,,
config_CIN16_HIN28_WIN56_COUT32_K1_UFCIN4_UFCOU8_PAD1_STRIDE1_BIASFalse_conv2d_ACTIVATIONsigmoid_ap_fixed_16_5_,conv,vitis,csynth,,153,46,8742,13859,1824,2520,548160,274080,8.3882,1.8254,1.5948,5.0566,545680,3983464.0,,7.3,,,,,,,,
config_CIN16_HIN28_WIN56_COUT32_K1_UFCIN4_UFCOU8_PAD1_STRIDE1_BIASFalse_group_conv2d_GROUPS2_ACTIVATIONrelu_ap_fixed_16_5_,conv,vitis,csynth,,153,43,10634,16720,1824,2520,548160,274080,8.3882,1.7063,1.9399,6.1004,1165154,8505624.2,,7.3,,,,,,,,
config_CIN16_HIN28_WIN56_COUT32_K1_UFCIN4_UFCOU8_PAD1_STRIDE1_BIASFalse_group_conv2d_GROUPS2_ACTIVATIONsigmoid_ap_fixed_16_5_,conv,vitis,csynth,,153,46,12466,18240,1824,2520,548160,274080,8.3882,1.8254,2.2742,6.655,1165184,8505843.2,,7.3,,,,,,,,
config_CIN16_HIN28_WIN56_COUT32_K1_UFCIN4_UFCOU8_PAD1_STRIDE1_BIASFalse_group_conv2d_GROUPS4_ACTIVATIONrelu_ap_fixed_16_5_,conv,vitis,csynth,,153,39,6592,11782,1824,2520,548160,274080,8.3882,1.5476,1.2026,4.2987,1753398,12799805.4,,7.3,,,,,,,,
config_CIN16_HIN28_WIN56_COUT32_K1_UFCIN4_UFCOU8_PAD1_STRIDE1_BIASFalse_group_conv2d_GROUPS4_ACTIVATIONsigmoid_ap_fixed_16_5_,conv,vitis,csynth,,153,42,8424,13302,1824,2520,548160,274080,8.3882,1.6667,1.5368,4.8533,1753428,12800024.4,,7.3,,,,,,,,
config_CIN16_HIN28_WIN56_COUT32_K1_UFCIN4_UFCOU8_PAD1_STRIDE1_BIASTrue_conv2d_ACTIVATIONrelu_ap_fixed_16_5_,conv,vitis,csynth,,153,43,7153,12791,1824,2520,548160,274080,8.3882,1.7063,1.3049,4.6669,545695,3983573.5,,7.3,,,,,,,,
config_CIN16_HIN28_WIN56_COUT32_K1_UFCIN4_UFCOU8_PAD1_STRIDE1_BIASTrue_conv2d_ACTIVATIONsigmoid_ap_fixed_16_5_,conv,vitis,csynth,,153,46,8985,14311,1824,2520,548160,274080,8.3882,1.8254,1.6391,5.2215,545725,3983792.5,,7.3,,,,,,,,
config_CIN16_HIN28_WIN56_COUT32_K1_UFCIN4_UFCOU8_PAD1_STRIDE1_BIASTrue_group_conv2d_GROUPS2_ACTIVATIONrelu_ap_fixed_16_5_,conv,vitis,csynth,,153,43,10877,17172,1824,2520,548160,274080,8.3882,1.7063,1.9843,6.2653,1165199,8505952.7,,7.3,,,,,,,,
config_CIN16_HIN28_WIN56_COUT32_K1_UFCIN4_UFCOU8_PAD1_STRIDE1_BIASTrue_group_conv2d_GROUPS2_ACTIVATIONsigmoid_ap_fixed_16_5_,conv,vitis,csynth,,153,46,12709,18692,1824,2520,548160,274080,8.3882,1.8254,2.3185,6.8199,1165229,8506171.7,,7.3,,,,,,,,
config_CIN16_HIN28_WIN56_COUT32_K1_UFCIN4_UFCOU8_PAD1_STRIDE1_BIASTrue_group_conv2d_GROUPS4_ACTIVATIONrelu_ap_fixed_16_5_,conv,vitis,csynth,,153,39,6835,12234,1824,2520,548160,274080,8.3882,1.5476,1.2469,4.4637,1753443,12800133.9,,7.3,,,,,,,,
config_CIN16_HIN28_WIN56_COUT32_K1_UFCIN4_UFCOU8_PAD1_STRIDE1_BIASTrue_group_conv2d_GROUPS4_ACTIVATIONsigmoid_ap_fixed_16_5_,conv,vitis,csynth,,153,42,8667,13754,1824,2520,548160,274080,8.3882,1.6667,1.5811,5.0182,1753473,12800352.9,,7.3,,,,,,,,
config_CIN16_HIN28_WIN56_COUT32_K1_UFCIN8_UFCOU1_PAD1_STRIDE1_BIASFalse_conv2d_ACTIVATIONrelu_ap_fixed_16_5_,conv,vitis,csynth,,151,21,5913,9971,1824,2520,548160,274080,8.2785,0.8333,1.0787,3.638,1370410,10003993.0,,7.3,,,,,,,,
config_CIN16_HIN28_WIN56_COUT32_K1_UFCIN8_UFCOU1_PAD1_STRIDE1_BIASFalse_conv2d_ACTIVATIONsigmoid_ap_fixed_16_5_,conv,vitis,csynth,,151,24,7681,11459,1824,2520,548160,274080,8.2785,0.9524,1.4012,4.1809,1370440,10004212.0,,7.3,,,,,,,,
config_CIN16_HIN28_WIN56_COUT32_K1_UFCIN8_UFCOU1_PAD1_STRIDE1_BIASFalse_group_conv2d_GROUPS2_ACTIVATIONrelu_ap_fixed_16_5_,conv,vitis,csynth,,151,21,6106,10409,1824,2520,548160,274080,8.2785,0.8333,1.1139,3.7978,2543234,18565608.2,,7.3,,,,,,,,
config_CIN16_HIN28_WIN56_COUT32_K1_UFCIN8_UFCOU1_PAD1_STRIDE1_BIASFalse_group_conv2d_GROUPS2_ACTIVATIONsigmoid_ap_fixed_16_5_,conv,vitis,csynth,,151,24,7874,11897,1824,2520,548160,274080,8.2785,0.9524,1.4364,4.3407,2543264,18565827.2,,7.3,,,,,,,,
config_CIN16_HIN28_WIN56_COUT32_K1_UFCIN8_UFCOU1_PAD1_STRIDE1_BIASFalse_group_conv2d_GROUPS4_ACTIVATIONrelu_ap_fixed_16_5_,conv,vitis,csynth,,151,21,6112,11429,1824,2520,548160,274080,8.2785,0.8333,1.115,4.17,4836678,35307749.4,,7.3,,,,,,,,
config_CIN16_HIN28_WIN56_COUT32_K1_UFCIN8_UFCOU1_PAD1_STRIDE1_BIASFalse_group_conv2d_GROUPS4_ACTIVATIONsigmoid_ap_fixed_16_5_,conv,vitis,csynth,,151,24,7880,12917,1824,2520,548160,274080,8.2785,0.9524,1.4375,4.7129,4836708,35307968.4,,7.3,,,,,,,,
config_CIN16_HIN28_WIN56_COUT32_K1_UFCIN8_UFCOU1_PAD1_STRIDE1_BIASTrue_conv2d_ACTIVATIONrelu_ap_fixed_16_5_,conv,vitis,csynth,,151,21,6054,10164,1824,2520,548160,274080,8.2785,0.8333,1.1044,3.7084,1370455,10004321.5,,7.3,,,,,,,,
config_CIN16_HIN28_WIN56_COUT32_K1_UFCIN8_UFCOU1_PAD1_STRIDE1_BIASTrue_conv2d_ACTIVATIONsigmoid_ap_fixed_16_5_,conv,vitis,csynth,,151,24,7822,11652,1824,2520,548160,274080,8.2785,0.9524,1.427,4.2513,1370485,10004540.5,,7.3,,,,,,,,
config_CIN16_HIN28_WIN56_COUT32_K1_UFCIN8_UFCOU1_PAD1_STRIDE1_BIASTrue_group_conv2d_GROUPS2_ACTIVATIONrelu_ap_fixed_16_5_,conv,vitis,csynth,,151,21,6247,10602,1824,2520,548160,274080,8.2785,0.8333,1.1396,3.8682,2543279,18565936.7,,7.3,,,,,,,,
config_CIN16_HIN28_WIN56_COUT32_K1_UFCIN8_UFCOU1_PAD1_STRIDE1_BIASTrue_group_conv2d_GROUPS2_ACTIVATIONsigmoid_ap_fixed_16_5_,conv,vitis,csynth,,151,24,8015,12090,1824,2520,548160,274080,8.2785,0.9524,1.4622,4.4111,2543309,18566155.7,,7.3,,,,,,,,
config_CIN16_HIN28_WIN56_COUT32_K1_UFCIN8_UFCOU1_PAD1_STRIDE1_BIASTrue_group_conv2d_GROUPS4_ACTIVATIONrelu_ap_fixed_16_5_,conv,vitis,csynth,,151,21,6253,11622,1824,2520,548160,274080,8.2785,0.8333,1.1407,4.2404,4836723,35308077.9,,7.3,,,,,,,,
config_CIN16_HIN28_WIN56_COUT32_K1_UFCIN8_UFCOU1_PAD1_STRIDE1_BIASTrue_group_conv2d_GROUPS4_ACTIVATIONsigmoid_ap_fixed_16_5_,conv,vitis,csynth,,151,24,8021,13110,1824,2520,548160,274080,8.2785,0.9524,1.4633,4.7833,4836753,35308296.9,,7.3,,,,,,,,
config_CIN16_HIN28_WIN56_COUT32_K1_UFCIN8_UFCOU4_PAD1_STRIDE1_BIASFalse_conv2d_ACTIVATIONrelu_ap_fixed_16_5_,conv,vitis,csynth,,153,47,7292,12241,1824,2520,548160,274080,8.3882,1.8651,1.3303,4.4662,660490,4821577.0,,7.3,,,,,,,,
config_CIN16_HIN28_WIN56_COUT32_K1_UFCIN8_UFCOU4_PAD1_STRIDE1_BIASFalse_conv2d_ACTIVATIONsigmoid_ap_fixed_16_5_,conv,vitis,csynth,,153,50,9124,13761,1824,2520,548160,274080,8.3882,1.9841,1.6645,5.0208,660520,4821796.0,,7.3,,,,,,,,
config_CIN16_HIN28_WIN56_COUT32_K1_UFCIN8_UFCOU4_PAD1_STRIDE1_BIASFalse_group_conv2d_GROUPS2_ACTIVATIONrelu_ap_fixed_16_5_,conv,vitis,csynth,,153,47,11031,17086,1824,2520,548160,274080,8.3882,1.8651,2.0124,6.2339,1624514,11858952.2,,7.3,,,,,,,,
config_CIN16_HIN28_WIN56_COUT32_K1_UFCIN8_UFCOU4_PAD1_STRIDE1_BIASFalse_group_conv2d_GROUPS2_ACTIVATIONsigmoid_ap_fixed_16_5_,conv,vitis,csynth,,153,50,12863,18606,1824,2520,548160,274080,8.3882,1.9841,2.3466,6.7885,1624544,11859171.2,,7.3,,,,,,,,
config_CIN16_HIN28_WIN56_COUT32_K1_UFCIN8_UFCOU4_PAD1_STRIDE1_BIASFalse_group_conv2d_GROUPS4_ACTIVATIONrelu_ap_fixed_16_5_,conv,vitis,csynth,,153,47,11044,19154,1824,2520,548160,274080,8.3882,1.8651,2.0147,6.9885,3040998,22199285.4,,7.3,,,,,,,,
config_CIN16_HIN28_WIN56_COUT32_K1_UFCIN8_UFCOU4_PAD1_STRIDE1_BIASFalse_group_conv2d_GROUPS4_ACTIVATIONsigmoid_ap_fixed_16_5_,conv,vitis,csynth,,153,50,12876,20674,1824,2520,548160,274080,8.3882,1.9841,2.3489,7.5431,3041028,22199504.4,,7.3,,,,,,,,
config_CIN16_HIN28_WIN56_COUT32_K1_UFCIN8_UFCOU4_PAD1_STRIDE1_BIASTrue_conv2d_ACTIVATIONrelu_ap_fixed_16_5_,conv,vitis,csynth,,153,47,7473,12545,1824,2520,548160,274080,8.3882,1.8651,1.3633,4.5771,660535,4821905.5,,7.3,,,,,,,,
config_CIN16_HIN28_WIN56_COUT32_K1_UFCIN8_UFCOU4_PAD1_STRIDE1_BIASTrue_conv2d_ACTIVATIONsigmoid_ap_fixed_16_5_,conv,vitis,csynth,,153,50,9305,14065,1824,2520,548160,274080,8.3882,1.9841,1.6975,5.1317,660565,4822124.5,,7.3,,,,,,,,
config_CIN16_HIN28_WIN56_COUT32_K1_UFCIN8_UFCOU4_PAD1_STRIDE1_BIASTrue_group_conv2d_GROUPS2_ACTIVATIONrelu_ap_fixed_16_5_,conv,vitis,csynth,,153,47,11212,17390,1824,2520,548160,274080,8.3882,1.8651,2.0454,6.3449,1624559,11859280.7,,7.3,,,,,,,,
config_CIN16_HIN28_WIN56_COUT32_K1_UFCIN8_UFCOU4_PAD1_STRIDE1_BIASTrue_group_conv2d_GROUPS2_ACTIVATIONsigmoid_ap_fixed_16_5_,conv,vitis,csynth,,153,50,13044,18910,1824,2520,548160,274080,8.3882,1.9841,2.3796,6.8994,1624589,11859499.7,,7.3,,,,,,,,
config_CIN16_HIN28_WIN56_COUT32_K1_UFCIN8_UFCOU4_PAD1_STRIDE1_BIASTrue_group_conv2d_GROUPS4_ACTIVATIONrelu_ap_fixed_16_5_,conv,vitis,csynth,,153,47,11225,19458,1824,2520,548160,274080,8.3882,1.8651,2.0478,7.0994,3041043,22199613.9,,7.3,,,,,,,,
config_CIN16_HIN28_WIN56_COUT32_K1_UFCIN8_UFCOU4_PAD1_STRIDE1_BIASTrue_group_conv2d_GROUPS4_ACTIVATIONsigmoid_ap_fixed_16_5_,conv,vitis,csynth,,153,50,13057,20978,1824,2520,548160,274080,8.3882,1.9841,2.382,7.654,3041073,22199832.9,,7.3,,,,,,,,
config_CIN16_HIN28_WIN56_COUT32_K1_UFCIN8_UFCOU8_PAD1_STRIDE1_BIASFalse_conv2d_ACTIVATIONrelu_ap_fixed_16_5_,conv,vitis,csynth,,153,79,8563,15066,1824,2520,548160,274080,8.3882,3.1349,1.5621,5.4969,542170,3957841.0,,7.3,,,,,,,,
config_CIN16_HIN28_WIN56_COUT32_K1_UFCIN8_UFCOU8_PAD1_STRIDE1_BIASFalse_conv2d_ACTIVATIONsigmoid_ap_fixed_16_5_,conv,vitis,csynth,,153,82,10395,16586,1824,2520,548160,274080,8.3882,3.254,1.8963,6.0515,542200,3958060.0,,7.3,,,,,,,,
config_CIN16_HIN28_WIN56_COUT32_K1_UFCIN8_UFCOU8_PAD1_STRIDE1_BIASFalse_group_conv2d_GROUPS2_ACTIVATIONrelu_ap_fixed_16_5_,conv,vitis,csynth,,153,79,15486,23473,1824,2520,548160,274080,8.3882,3.1349,2.8251,8.5643,1172114,8556432.2,,7.3,,,,,,,,
config_CIN16_HIN28_WIN56_COUT32_K1_UFCIN8_UFCOU8_PAD1_STRIDE1_BIASFalse_group_conv2d_GROUPS2_ACTIVATIONsigmoid_ap_fixed_16_5_,conv,vitis,csynth,,153,82,17318,24993,1824,2520,548160,274080,8.3882,3.254,3.1593,9.1189,1172144,8556651.2,,7.3,,,,,,,,
config_CIN16_HIN28_WIN56_COUT32_K1_UFCIN8_UFCOU8_PAD1_STRIDE1_BIASFalse_group_conv2d_GROUPS4_ACTIVATIONrelu_ap_fixed_16_5_,conv,vitis,csynth,,153,71,7756,15962,1824,2520,548160,274080,8.3882,2.8175,1.4149,5.8238,1461078,10665869.4,,7.3,,,,,,,,
config_CIN16_HIN28_WIN56_COUT32_K1_UFCIN8_UFCOU8_PAD1_STRIDE1_BIASFalse_group_conv2d_GROUPS4_ACTIVATIONsigmoid_ap_fixed_16_5_,conv,vitis,csynth,,153,74,9588,17482,1824,2520,548160,274080,8.3882,2.9365,1.7491,6.3784,1461108,10666088.4,,7.3,,,,,,,,
config_CIN16_HIN28_WIN56_COUT32_K1_UFCIN8_UFCOU8_PAD1_STRIDE1_BIASTrue_conv2d_ACTIVATIONrelu_ap_fixed_16_5_,conv,vitis,csynth,,153,79,8806,15518,1824,2520,548160,274080,8.3882,3.1349,1.6065,5.6619,542215,3958169.5,,7.3,,,,,,,,
config_CIN16_HIN28_WIN56_COUT32_K1_UFCIN8_UFCOU8_PAD1_STRIDE1_BIASTrue_conv2d_ACTIVATIONsigmoid_ap_fixed_16_5_,conv,vitis,csynth,,153,82,10638,17038,1824,2520,548160,274080,8.3882,3.254,1.9407,6.2164,542245,3958388.5,,7.3,,,,,,,,
config_CIN16_HIN28_WIN56_COUT32_K1_UFCIN8_UFCOU8_PAD1_STRIDE1_BIASTrue_group_conv2d_GROUPS2_ACTIVATIONrelu_ap_fixed_16_5_,conv,vitis,csynth,,153,79,15729,23925,1824,2520,548160,274080,8.3882,3.1349,2.8694,8.7292,1172159,8556760.7,,7.3,,,,,,,,
config_CIN16_HIN28_WIN56_COUT32_K1_UFCIN8_UFCOU8_PAD1_STRIDE1_BIASTrue_group_conv2d_GROUPS2_ACTIVATIONsigmoid_ap_fixed_16_5_,conv,vitis,csynth,,153,82,17561,25445,1824,2520,548160,274080,8.3882,3.254,3.2036,9.2838,1172189,8556979.7,,7.3,,,,,,,,
config_CIN16_HIN28_WIN56_COUT32_K1_UFCIN8_UFCOU8_PAD1_STRIDE1_BIASTrue_group_conv2d_GROUPS4_ACTIVATIONrelu_ap_fixed_16_5_,conv,vitis,csynth,,153,71,7999,16414,1824,2520,548160,274080,8.3882,2.8175,1.4592,5.9888,1461123,10666197.9,,7.3,,,,,,,,
config_CIN16_HIN28_WIN56_COUT32_K1_UFCIN8_UFCOU8_PAD1_STRIDE1_BIASTrue_group_conv2d_GROUPS4_ACTIVATIONsigmoid_ap_fixed_16_5_,conv,vitis,csynth,,153,74,9831,17934,1824,2520,548160,274080,8.3882,2.9365,1.7935,6.5433,1461153,10666416.9,,7.3,,,,,,,,
config_CIN16_HIN28_WIN56_COUT32_K3_UFCIN1_UFCOU1_PAD1_STRIDE1_BIASFalse_conv2d_ACTIVATIONrelu_ap_fixed_16_5_,conv,vitis,csynth,,143,2,5093,9213,1824,2520,548160,274080,7.8399,0.0794,0.9291,3.3614,7543630,55068499.0,,7.3,,,,,,,,
config_CIN16_HIN28_WIN56_COUT32_K3_UFCIN1_UFCOU1_PAD1_STRIDE1_BIASFalse_conv2d_ACTIVATIONsigmoid_ap_fixed_16_5_,conv,vitis,csynth,,143,5,6796,10666,1824,2520,548160,274080,7.8399,0.1984,1.2398,3.8916,7543659,55068710.699999996,,7.3,,,,,,,,
config_CIN16_HIN28_WIN56_COUT32_K3_UFCIN1_UFCOU1_PAD1_STRIDE1_BIASFalse_group_conv2d_GROUPS2_ACTIVATIONrelu_ap_fixed_16_5_,conv,vitis,csynth,,143,6,5514,9938,1824,2520,548160,274080,7.8399,0.2381,1.0059,3.6259,29302828,213910644.4,,7.3,,,,,,,,
config_CIN16_HIN28_WIN56_COUT32_K3_UFCIN1_UFCOU1_PAD1_STRIDE1_BIASFalse_group_conv2d_GROUPS2_ACTIVATIONsigmoid_ap_fixed_16_5_,conv,vitis,csynth,,143,9,7217,11391,1824,2520,548160,274080,7.8399,0.3571,1.3166,4.1561,29302857,213910856.1,,7.3,,,,,,,,
config_CIN16_HIN28_WIN56_COUT32_K3_UFCIN1_UFCOU1_PAD1_STRIDE1_BIASFalse_group_conv2d_GROUPS4_ACTIVATIONrelu_ap_fixed_16_5_,conv,vitis,csynth,,143,6,5517,9941,1824,2520,548160,274080,7.8399,0.2381,1.0065,3.627,58398754,426310904.2,,7.3,,,,,,,,
config_CIN16_HIN28_WIN56_COUT32_K3_UFCIN1_UFCOU1_PAD1_STRIDE1_BIASFalse_group_conv2d_GROUPS4_ACTIVATIONsigmoid_ap_fixed_16_5_,conv,vitis,csynth,,143,9,7220,11394,1824,2520,548160,274080,7.8399,0.3571,1.3171,4.1572,58398783,426311115.9,,7.3,,,,,,,,
config_CIN16_HIN28_WIN56_COUT32_K3_UFCIN1_UFCOU1_PAD1_STRIDE1_BIASTrue_conv2d_ACTIVATIONrelu_ap_fixed_16_5_,conv,vitis,csynth,,143,2,5231,9412,1824,2520,548160,274080,7.8399,0.0794,0.9543,3.434,7568635,55251035.5,,7.3,,,,,,,,
config_CIN16_HIN28_WIN56_COUT32_K3_UFCIN1_UFCOU1_PAD1_STRIDE1_BIASTrue_conv2d_ACTIVATIONsigmoid_ap_fixed_16_5_,conv,vitis,csynth,,143,5,6934,10865,1824,2520,548160,274080,7.8399,0.1984,1.265,3.9642,7568664,55251247.199999996,,7.3,,,,,,,,
config_CIN16_HIN28_WIN56_COUT32_K3_UFCIN1_UFCOU1_PAD1_STRIDE1_BIASTrue_group_conv2d_GROUPS2_ACTIVATIONrelu_ap_fixed_16_5_,conv,vitis,csynth,,143,6,5652,10137,1824,2520,548160,274080,7.8399,0.2381,1.0311,3.6986,29327833,214093180.9,,7.3,,,,,,,,
config_CIN16_HIN28_WIN56_COUT32_K3_UFCIN1_UFCOU1_PAD1_STRIDE1_BIASTrue_group_conv2d_GROUPS2_ACTIVATIONsigmoid_ap_fixed_16_5_,conv,vitis,csynth,,143,9,7355,11589,1824,2520,548160,274080,7.8399,0.3571,1.3418,4.2283,29327862,214093392.6,,7.3,,,,,,,,
config_CIN16_HIN28_WIN56_COUT32_K3_UFCIN1_UFCOU1_PAD1_STRIDE1_BIASTrue_group_conv2d_GROUPS4_ACTIVATIONrelu_ap_fixed_16_5_,conv,vitis,csynth,,143,6,5655,10140,1824,2520,548160,274080,7.8399,0.2381,1.0316,3.6996,58423759,426493440.7,,7.3,,,,,,,,
config_CIN16_HIN28_WIN56_COUT32_K3_UFCIN1_UFCOU1_PAD1_STRIDE1_BIASTrue_group_conv2d_GROUPS4_ACTIVATIONsigmoid_ap_fixed_16_5_,conv,vitis,csynth,,143,9,7358,11592,1824,2520,548160,274080,7.8399,0.3571,1.3423,4.2294,58423788,426493652.4,,7.3,,,,,,,,
config_CIN16_HIN28_WIN56_COUT32_K3_UFCIN1_UFCOU4_PAD1_STRIDE1_BIASFalse_conv2d_ACTIVATIONrelu_ap_fixed_16_5_,conv,vitis,csynth,,155,5,5235,10035,1824,2520,548160,274080,8.4978,0.1984,0.955,3.6613,2111951,15417242.299999999,,7.3,,,,,,,,
config_CIN16_HIN28_WIN56_COUT32_K3_UFCIN1_UFCOU4_PAD1_STRIDE1_BIASFalse_conv2d_ACTIVATIONsigmoid_ap_fixed_16_5_,conv,vitis,csynth,,155,8,7130,11580,1824,2520,548160,274080,8.4978,0.3175,1.3007,4.225,2111980,15417454.0,,7.3,,,,,,,,
config_CIN16_HIN28_WIN56_COUT32_K3_UFCIN1_UFCOU4_PAD1_STRIDE1_BIASFalse_group_conv2d_GROUPS2_ACTIVATIONrelu_ap_fixed_16_5_,conv,vitis,csynth,,155,5,5849,10745,1824,2520,548160,274080,8.4978,0.1984,1.067,3.9204,11565483,84428025.89999999,,7.3,,,,,,,,
config_CIN16_HIN28_WIN56_COUT32_K3_UFCIN1_UFCOU4_PAD1_STRIDE1_BIASFalse_group_conv2d_GROUPS2_ACTIVATIONsigmoid_ap_fixed_16_5_,conv,vitis,csynth,,155,8,7744,12290,1824,2520,548160,274080,8.4978,0.3175,1.4127,4.4841,11565512,84428237.6,,7.3,,,,,,,,
config_CIN16_HIN28_WIN56_COUT32_K3_UFCIN1_UFCOU4_PAD1_STRIDE1_BIASFalse_group_conv2d_GROUPS4_ACTIVATIONrelu_ap_fixed_16_5_,conv,vitis,csynth,,155,5,5852,10748,1824,2520,548160,274080,8.4978,0.1984,1.0676,3.9215,22936735,167438165.5,,7.3,,,,,,,,
config_CIN16_HIN28_WIN56_COUT32_K3_UFCIN1_UFCOU4_PAD1_STRIDE1_BIASFalse_group_conv2d_GROUPS4_ACTIVATIONsigmoid_ap_fixed_16_5_,conv,vitis,csynth,,155,8,7747,12293,1824,2520,548160,274080,8.4978,0.3175,1.4133,4.4852,22936764,167438377.2,,7.3,,,,,,,,
config_CIN16_HIN28_WIN56_COUT32_K3_UFCIN1_UFCOU4_PAD1_STRIDE1_BIASTrue_conv2d_ACTIVATIONrelu_ap_fixed_16_5_,conv,vitis,csynth,,155,5,5415,10362,1824,2520,548160,274080,8.4978,0.1984,0.9879,3.7806,2111996,15417570.799999999,,7.3,,,,,,,,
config_CIN16_HIN28_WIN56_COUT32_K3_UFCIN1_UFCOU4_PAD1_STRIDE1_BIASTrue_conv2d_ACTIVATIONsigmoid_ap_fixed_16_5_,conv,vitis,csynth,,155,8,7310,11911,1824,2520,548160,274080,8.4978,0.3175,1.3336,4.3458,2112025,15417782.5,,7.3,,,,,,,,
config_CIN16_HIN28_WIN56_COUT32_K3_UFCIN1_UFCOU4_PAD1_STRIDE1_BIASTrue_group_conv2d_GROUPS2_ACTIVATIONrelu_ap_fixed_16_5_,conv,vitis,csynth,,155,5,6029,11072,1824,2520,548160,274080,8.4978,0.1984,1.0999,4.0397,11565528,84428354.39999999,,7.3,,,,,,,,
config_CIN16_HIN28_WIN56_COUT32_K3_UFCIN1_UFCOU4_PAD1_STRIDE1_BIASTrue_group_conv2d_GROUPS2_ACTIVATIONsigmoid_ap_fixed_16_5_,conv,vitis,csynth,,155,8,7924,12621,1824,2520,548160,274080,8.4978,0.3175,1.4456,4.6049,11565557,84428566.1,,7.3,,,,,,,,
config_CIN16_HIN28_WIN56_COUT32_K3_UFCIN1_UFCOU4_PAD1_STRIDE1_BIASTrue_group_conv2d_GROUPS4_ACTIVATIONrelu_ap_fixed_16_5_,conv,vitis,csynth,,155,5,6032,11075,1824,2520,548160,274080,8.4978,0.1984,1.1004,4.0408,22936780,167438494.0,,7.3,,,,,,,,
config_CIN16_HIN28_WIN56_COUT32_K3_UFCIN1_UFCOU4_PAD1_STRIDE1_BIASTrue_group_conv2d_GROUPS4_ACTIVATIONsigmoid_ap_fixed_16_5_,conv,vitis,csynth,,155,8,7927,12624,1824,2520,548160,274080,8.4978,0.3175,1.4461,4.606,22936809,167438705.7,,7.3,,,,,,,,
config_CIN16_HIN28_WIN56_COUT32_K3_UFCIN1_UFCOU8_PAD1_STRIDE1_BIASFalse_conv2d_ACTIVATIONrelu_ap_fixed_16_5_,conv,vitis,csynth,,155,9,5327,10824,1824,2520,548160,274080,8.4978,0.3571,0.9718,3.9492,1202511,8778330.299999999,,7.3,,,,,,,,
config_CIN16_HIN28_WIN56_COUT32_K3_UFCIN1_UFCOU8_PAD1_STRIDE1_BIASFalse_conv2d_ACTIVATIONsigmoid_ap_fixed_16_5_,conv,vitis,csynth,,155,12,7222,12369,1824,2520,548160,274080,8.4978,0.4762,1.3175,4.5129,1202540,8778542.0,,7.3,,,,,,,,
config_CIN16_HIN28_WIN56_COUT32_K3_UFCIN1_UFCOU8_PAD1_STRIDE1_BIASFalse_group_conv2d_GROUPS2_ACTIVATIONrelu_ap_fixed_16_5_,conv,vitis,csynth,,155,9,6341,12002,1824,2520,548160,274080,8.4978,0.3571,1.1568,4.379,7946539,58009734.699999996,,7.3,,,,,,,,
config_CIN16_HIN28_WIN56_COUT32_K3_UFCIN1_UFCOU8_PAD1_STRIDE1_BIASFalse_group_conv2d_GROUPS2_ACTIVATIONsigmoid_ap_fixed_16_5_,conv,vitis,csynth,,155,12,8236,13547,1824,2520,548160,274080,8.4978,0.4762,1.5025,4.9427,7946568,58009946.4,,7.3,,,,,,,,
config_CIN16_HIN28_WIN56_COUT32_K3_UFCIN1_UFCOU8_PAD1_STRIDE1_BIASFalse_group_conv2d_GROUPS4_ACTIVATIONrelu_ap_fixed_16_5_,conv,vitis,csynth,,155,9,5475,10894,1824,2520,548160,274080,8.4978,0.3571,0.9988,3.9748,30212255,220549461.5,,7.3,,,,,,,,
config_CIN16_HIN28_WIN56_COUT32_K3_UFCIN1_UFCOU8_PAD1_STRIDE1_BIASFalse_group_conv2d_GROUPS4_ACTIVATIONsigmoid_ap_fixed_16_5_,conv,vitis,csynth,,155,12,7370,12439,1824,2520,548160,274080,8.4978,0.4762,1.3445,4.5385,30212284,220549673.2,,7.3,,,,,,,,
config_CIN16_HIN28_WIN56_COUT32_K3_UFCIN1_UFCOU8_PAD1_STRIDE1_BIASTrue_conv2d_ACTIVATIONrelu_ap_fixed_16_5_,conv,vitis,csynth,,155,9,5570,11299,1824,2520,548160,274080,8.4978,0.3571,1.0161,4.1225,1202556,8778658.799999999,,7.3,,,,,,,,
config_CIN16_HIN28_WIN56_COUT32_K3_UFCIN1_UFCOU8_PAD1_STRIDE1_BIASTrue_conv2d_ACTIVATIONsigmoid_ap_fixed_16_5_,conv,vitis,csynth,,155,12,7465,12848,1824,2520,548160,274080,8.4978,0.4762,1.3618,4.6877,1202585,8778870.5,,7.3,,,,,,,,
config_CIN16_HIN28_WIN56_COUT32_K3_UFCIN1_UFCOU8_PAD1_STRIDE1_BIASTrue_group_conv2d_GROUPS2_ACTIVATIONrelu_ap_fixed_16_5_,conv,vitis,csynth,,155,9,6584,12477,1824,2520,548160,274080,8.4978,0.3571,1.2011,4.5523,7946584,58010063.199999996,,7.3,,,,,,,,
config_CIN16_HIN28_WIN56_COUT32_K3_UFCIN1_UFCOU8_PAD1_STRIDE1_BIASTrue_group_conv2d_GROUPS2_ACTIVATIONsigmoid_ap_fixed_16_5_,conv,vitis,csynth,,155,12,8479,14026,1824,2520,548160,274080,8.4978,0.4762,1.5468,5.1175,7946613,58010274.9,,7.3,,,,,,,,
config_CIN16_HIN28_WIN56_COUT32_K3_UFCIN1_UFCOU8_PAD1_STRIDE1_BIASTrue_group_conv2d_GROUPS4_ACTIVATIONrelu_ap_fixed_16_5_,conv,vitis,csynth,,155,9,5718,11369,1824,2520,548160,274080,8.4978,0.3571,1.0431,4.1481,30212300,220549790.0,,7.3,,,,,,,,
config_CIN16_HIN28_WIN56_COUT32_K3_UFCIN1_UFCOU8_PAD1_STRIDE1_BIASTrue_group_conv2d_GROUPS4_ACTIVATIONsigmoid_ap_fixed_16_5_,conv,vitis,csynth,,155,12,7613,12918,1824,2520,548160,274080,8.4978,0.4762,1.3888,4.7132,30212329,220550001.7,,7.3,,,,,,,,
config_CIN16_HIN28_WIN56_COUT32_K3_UFCIN4_UFCOU1_PAD1_STRIDE1_BIASFalse_conv2d_ACTIVATIONrelu_ap_fixed_16_5_,conv,vitis,csynth,,147,5,5503,10140,1824,2520,548160,274080,8.0592,0.1984,1.0039,3.6996,9135023,66685667.9,,7.3,,,,,,,,
config_CIN16_HIN28_WIN56_COUT32_K3_UFCIN4_UFCOU1_PAD1_STRIDE1_BIASFalse_conv2d_ACTIVATIONsigmoid_ap_fixed_16_5_,conv,vitis,csynth,,147,8,7206,11589,1824,2520,548160,274080,8.0592,0.3175,1.3146,4.2283,9135052,66685879.6,,7.3,,,,,,,,
config_CIN16_HIN28_WIN56_COUT32_K3_UFCIN4_UFCOU1_PAD1_STRIDE1_BIASFalse_group_conv2d_GROUPS2_ACTIVATIONrelu_ap_fixed_16_5_,conv,vitis,csynth,,147,5,5654,10392,1824,2520,548160,274080,8.0592,0.1984,1.0315,3.7916,18235755,133121011.5,,7.3,,,,,,,,
config_CIN16_HIN28_WIN56_COUT32_K3_UFCIN4_UFCOU1_PAD1_STRIDE1_BIASFalse_group_conv2d_GROUPS2_ACTIVATIONsigmoid_ap_fixed_16_5_,conv,vitis,csynth,,147,8,7357,11841,1824,2520,548160,274080,8.0592,0.3175,1.3421,4.3203,18235784,133121223.2,,7.3,,,,,,,,
config_CIN16_HIN28_WIN56_COUT32_K3_UFCIN4_UFCOU1_PAD1_STRIDE1_BIASFalse_group_conv2d_GROUPS4_ACTIVATIONrelu_ap_fixed_16_5_,conv,vitis,csynth,,147,5,5664,10395,1824,2520,548160,274080,8.0592,0.1984,1.0333,3.7927,36239647,264549423.1,,7.3,,,,,,,,
config_CIN16_HIN28_WIN56_COUT32_K3_UFCIN4_UFCOU1_PAD1_STRIDE1_BIASFalse_group_conv2d_GROUPS4_ACTIVATIONsigmoid_ap_fixed_16_5_,conv,vitis,csynth,,147,8,7367,11844,1824,2520,548160,274080,8.0592,0.3175,1.344,4.3214,36239676,264549634.79999998,,7.3,,,,,,,,
config_CIN16_HIN28_WIN56_COUT32_K3_UFCIN4_UFCOU1_PAD1_STRIDE1_BIASTrue_conv2d_ACTIVATIONrelu_ap_fixed_16_5_,conv,vitis,csynth,,147,5,5641,10338,1824,2520,548160,274080,8.0592,0.1984,1.0291,3.7719,9135068,66685996.4,,7.3,,,,,,,,
config_CIN16_HIN28_WIN56_COUT32_K3_UFCIN4_UFCOU1_PAD1_STRIDE1_BIASTrue_conv2d_ACTIVATIONsigmoid_ap_fixed_16_5_,conv,vitis,csynth,,147,8,7344,11791,1824,2520,548160,274080,8.0592,0.3175,1.3398,4.302,9135097,66686208.1,,7.3,,,,,,,,
config_CIN16_HIN28_WIN56_COUT32_K3_UFCIN4_UFCOU1_PAD1_STRIDE1_BIASTrue_group_conv2d_GROUPS2_ACTIVATIONrelu_ap_fixed_16_5_,conv,vitis,csynth,,147,5,5792,10590,1824,2520,548160,274080,8.0592,0.1984,1.0566,3.8638,18235800,133121340.0,,7.3,,,,,,,,
config_CIN16_HIN28_WIN56_COUT32_K3_UFCIN4_UFCOU1_PAD1_STRIDE1_BIASTrue_group_conv2d_GROUPS2_ACTIVATIONsigmoid_ap_fixed_16_5_,conv,vitis,csynth,,147,8,7495,12043,1824,2520,548160,274080,8.0592,0.3175,1.3673,4.394,18235829,133121551.7,,7.3,,,,,,,,
config_CIN16_HIN28_WIN56_COUT32_K3_UFCIN4_UFCOU1_PAD1_STRIDE1_BIASTrue_group_conv2d_GROUPS4_ACTIVATIONrelu_ap_fixed_16_5_,conv,vitis,csynth,,147,5,5802,10593,1824,2520,548160,274080,8.0592,0.1984,1.0585,3.8649,36239692,264549751.6,,7.3,,,,,,,,
config_CIN16_HIN28_WIN56_COUT32_K3_UFCIN4_UFCOU1_PAD1_STRIDE1_BIASTrue_group_conv2d_GROUPS4_ACTIVATIONsigmoid_ap_fixed_16_5_,conv,vitis,csynth,,147,8,7505,12046,1824,2520,548160,274080,8.0592,0.3175,1.3691,4.3951,36239721,264549963.29999998,,7.3,,,,,,,,
config_CIN16_HIN28_WIN56_COUT32_K3_UFCIN4_UFCOU4_PAD1_STRIDE1_BIASFalse_conv2d_ACTIVATIONrelu_ap_fixed_16_5_,conv,vitis,csynth,,167,17,5864,11514,1824,2520,548160,274080,9.1557,0.6746,1.0698,4.201,3678383,26852195.9,,7.3,,,,,,,,
config_CIN16_HIN28_WIN56_COUT32_K3_UFCIN4_UFCOU4_PAD1_STRIDE1_BIASFalse_conv2d_ACTIVATIONsigmoid_ap_fixed_16_5_,conv,vitis,csynth,,167,20,7759,13059,1824,2520,548160,274080,9.1557,0.7937,1.4155,4.7647,3678412,26852407.599999998,,7.3,,,,,,,,
config_CIN16_HIN28_WIN56_COUT32_K3_UFCIN4_UFCOU4_PAD1_STRIDE1_BIASFalse_group_conv2d_GROUPS2_ACTIVATIONrelu_ap_fixed_16_5_,conv,vitis,csynth,,167,17,7693,13904,1824,2520,548160,274080,9.1557,0.6746,1.4034,5.073,10746987,78453005.1,,7.3,,,,,,,,
config_CIN16_HIN28_WIN56_COUT32_K3_UFCIN4_UFCOU4_PAD1_STRIDE1_BIASFalse_group_conv2d_GROUPS2_ACTIVATIONsigmoid_ap_fixed_16_5_,conv,vitis,csynth,,167,20,9588,15449,1824,2520,548160,274080,9.1557,0.7937,1.7491,5.6367,10747016,78453216.8,,7.3,,,,,,,,
config_CIN16_HIN28_WIN56_COUT32_K3_UFCIN4_UFCOU4_PAD1_STRIDE1_BIASFalse_group_conv2d_GROUPS4_ACTIVATIONrelu_ap_fixed_16_5_,conv,vitis,csynth,,167,17,7704,13907,1824,2520,548160,274080,9.1557,0.6746,1.4054,5.0741,21299743,155488123.9,,7.3,,,,,,,,
config_CIN16_HIN28_WIN56_COUT32_K3_UFCIN4_UFCOU4_PAD1_STRIDE1_BIASFalse_group_conv2d_GROUPS4_ACTIVATIONsigmoid_ap_fixed_16_5_,conv,vitis,csynth,,167,20,9599,15452,1824,2520,548160,274080,9.1557,0.7937,1.7511,5.6378,21299772,155488335.6,,7.3,,,,,,,,
config_CIN16_HIN28_WIN56_COUT32_K3_UFCIN4_UFCOU4_PAD1_STRIDE1_BIASTrue_conv2d_ACTIVATIONrelu_ap_fixed_16_5_,conv,vitis,csynth,,167,17,6044,11841,1824,2520,548160,274080,9.1557,0.6746,1.1026,4.3203,3678428,26852524.4,,7.3,,,,,,,,
config_CIN16_HIN28_WIN56_COUT32_K3_UFCIN4_UFCOU4_PAD1_STRIDE1_BIASTrue_conv2d_ACTIVATIONsigmoid_ap_fixed_16_5_,conv,vitis,csynth,,167,20,7939,13390,1824,2520,548160,274080,9.1557,0.7937,1.4483,4.8854,3678457,26852736.099999998,,7.3,,,,,,,,
config_CIN16_HIN28_WIN56_COUT32_K3_UFCIN4_UFCOU4_PAD1_STRIDE1_BIASTrue_group_conv2d_GROUPS2_ACTIVATIONrelu_ap_fixed_16_5_,conv,vitis,csynth,,167,17,7873,14231,1824,2520,548160,274080,9.1557,0.6746,1.4363,5.1923,10747032,78453333.6,,7.3,,,,,,,,
config_CIN16_HIN28_WIN56_COUT32_K3_UFCIN4_UFCOU4_PAD1_STRIDE1_BIASTrue_group_conv2d_GROUPS2_ACTIVATIONsigmoid_ap_fixed_16_5_,conv,vitis,csynth,,167,20,9768,15780,1824,2520,548160,274080,9.1557,0.7937,1.782,5.7574,10747061,78453545.3,,7.3,,,,,,,,
config_CIN16_HIN28_WIN56_COUT32_K3_UFCIN4_UFCOU4_PAD1_STRIDE1_BIASTrue_group_conv2d_GROUPS4_ACTIVATIONrelu_ap_fixed_16_5_,conv,vitis,csynth,,167,17,7884,14234,1824,2520,548160,274080,9.1557,0.6746,1.4383,5.1934,21299788,155488452.4,,7.3,,,,,,,,
config_CIN16_HIN28_WIN56_COUT32_K3_UFCIN4_UFCOU4_PAD1_STRIDE1_BIASTrue_group_conv2d_GROUPS4_ACTIVATIONsigmoid_ap_fixed_16_5_,conv,vitis,csynth,,167,20,9779,15783,1824,2520,548160,274080,9.1557,0.7937,1.784,5.7585,21299817,155488664.1,,7.3,,,,,,,,
config_CIN16_HIN28_WIN56_COUT32_K3_UFCIN4_UFCOU8_PAD1_STRIDE1_BIASFalse_conv2d_ACTIVATIONrelu_ap_fixed_16_5_,conv,vitis,csynth,,183,33,6239,13165,1824,2520,548160,274080,10.0329,1.3095,1.1382,4.8033,2768943,20213283.9,,7.3,,,,,,,,
config_CIN16_HIN28_WIN56_COUT32_K3_UFCIN4_UFCOU8_PAD1_STRIDE1_BIASFalse_conv2d_ACTIVATIONsigmoid_ap_fixed_16_5_,conv,vitis,csynth,,183,36,8134,14710,1824,2520,548160,274080,10.0329,1.4286,1.4839,5.367,2768972,20213495.599999998,,7.3,,,,,,,,
config_CIN16_HIN28_WIN56_COUT32_K3_UFCIN4_UFCOU8_PAD1_STRIDE1_BIASFalse_group_conv2d_GROUPS2_ACTIVATIONrelu_ap_fixed_16_5_,conv,vitis,csynth,,183,33,9635,17275,1824,2520,548160,274080,10.0329,1.3095,1.7577,6.3029,7128043,52034713.9,,7.3,,,,,,,,
config_CIN16_HIN28_WIN56_COUT32_K3_UFCIN4_UFCOU8_PAD1_STRIDE1_BIASFalse_group_conv2d_GROUPS2_ACTIVATIONsigmoid_ap_fixed_16_5_,conv,vitis,csynth,,183,36,11530,18820,1824,2520,548160,274080,10.0329,1.4286,2.1034,6.8666,7128072,52034925.6,,7.3,,,,,,,,
config_CIN16_HIN28_WIN56_COUT32_K3_UFCIN4_UFCOU8_PAD1_STRIDE1_BIASFalse_group_conv2d_GROUPS4_ACTIVATIONrelu_ap_fixed_16_5_,conv,vitis,csynth,,183,33,6032,12264,1824,2520,548160,274080,10.0329,1.3095,1.1004,4.4746,12826271,93631778.3,,7.3,,,,,,,,
config_CIN16_HIN28_WIN56_COUT32_K3_UFCIN4_UFCOU8_PAD1_STRIDE1_BIASFalse_group_conv2d_GROUPS4_ACTIVATIONsigmoid_ap_fixed_16_5_,conv,vitis,csynth,,183,36,7927,13809,1824,2520,548160,274080,10.0329,1.4286,1.4461,5.0383,12826300,93631990.0,,7.3,,,,,,,,
config_CIN16_HIN28_WIN56_COUT32_K3_UFCIN4_UFCOU8_PAD1_STRIDE1_BIASTrue_conv2d_ACTIVATIONrelu_ap_fixed_16_5_,conv,vitis,csynth,,183,33,6482,13640,1824,2520,548160,274080,10.0329,1.3095,1.1825,4.9766,2768988,20213612.4,,7.3,,,,,,,,
config_CIN16_HIN28_WIN56_COUT32_K3_UFCIN4_UFCOU8_PAD1_STRIDE1_BIASTrue_conv2d_ACTIVATIONsigmoid_ap_fixed_16_5_,conv,vitis,csynth,,183,36,8377,15189,1824,2520,548160,274080,10.0329,1.4286,1.5282,5.5418,2769017,20213824.099999998,,7.3,,,,,,,,
config_CIN16_HIN28_WIN56_COUT32_K3_UFCIN4_UFCOU8_PAD1_STRIDE1_BIASTrue_group_conv2d_GROUPS2_ACTIVATIONrelu_ap_fixed_16_5_,conv,vitis,csynth,,183,33,9878,17750,1824,2520,548160,274080,10.0329,1.3095,1.802,6.4762,7128088,52035042.4,,7.3,,,,,,,,
config_CIN16_HIN28_WIN56_COUT32_K3_UFCIN4_UFCOU8_PAD1_STRIDE1_BIASTrue_group_conv2d_GROUPS2_ACTIVATIONsigmoid_ap_fixed_16_5_,conv,vitis,csynth,,183,36,11773,19299,1824,2520,548160,274080,10.0329,1.4286,2.1477,7.0414,7128117,52035254.1,,7.3,,,,,,,,
config_CIN16_HIN28_WIN56_COUT32_K3_UFCIN4_UFCOU8_PAD1_STRIDE1_BIASTrue_group_conv2d_GROUPS4_ACTIVATIONrelu_ap_fixed_16_5_,conv,vitis,csynth,,183,33,6275,12739,1824,2520,548160,274080,10.0329,1.3095,1.1447,4.6479,12826316,93632106.8,,7.3,,,,,,,,
config_CIN16_HIN28_WIN56_COUT32_K3_UFCIN4_UFCOU8_PAD1_STRIDE1_BIASTrue_group_conv2d_GROUPS4_ACTIVATIONsigmoid_ap_fixed_16_5_,conv,vitis,csynth,,183,36,8170,14288,1824,2520,548160,274080,10.0329,1.4286,1.4904,5.2131,12826345,93632318.5,,7.3,,,,,,,,
config_CIN16_HIN28_WIN56_COUT32_K3_UFCIN8_UFCOU1_PAD1_STRIDE1_BIASFalse_conv2d_ACTIVATIONrelu_ap_fixed_16_5_,conv,vitis,csynth,,147,9,5983,11445,1824,2520,548160,274080,8.0592,0.3571,1.0915,4.1758,9106799,66479632.699999996,,7.3,,,,,,,,
config_CIN16_HIN28_WIN56_COUT32_K3_UFCIN8_UFCOU1_PAD1_STRIDE1_BIASFalse_conv2d_ACTIVATIONsigmoid_ap_fixed_16_5_,conv,vitis,csynth,,147,12,7686,12894,1824,2520,548160,274080,8.0592,0.4762,1.4021,4.7045,9106828,66479844.4,,7.3,,,,,,,,
config_CIN16_HIN28_WIN56_COUT32_K3_UFCIN8_UFCOU1_PAD1_STRIDE1_BIASFalse_group_conv2d_GROUPS2_ACTIVATIONrelu_ap_fixed_16_5_,conv,vitis,csynth,,147,9,6248,11802,1824,2520,548160,274080,8.0592,0.3571,1.1398,4.306,18405099,134357222.7,,7.3,,,,,,,,
config_CIN16_HIN28_WIN56_COUT32_K3_UFCIN8_UFCOU1_PAD1_STRIDE1_BIASFalse_group_conv2d_GROUPS2_ACTIVATIONsigmoid_ap_fixed_16_5_,conv,vitis,csynth,,147,12,7951,13251,1824,2520,548160,274080,8.0592,0.4762,1.4505,4.8347,18405128,134357434.4,,7.3,,,,,,,,
config_CIN16_HIN28_WIN56_COUT32_K3_UFCIN8_UFCOU1_PAD1_STRIDE1_BIASFalse_group_conv2d_GROUPS4_ACTIVATIONrelu_ap_fixed_16_5_,conv,vitis,csynth,,147,9,6238,12854,1824,2520,548160,274080,8.0592,0.3571,1.138,4.6899,36578335,267021845.5,,7.3,,,,,,,,
config_CIN16_HIN28_WIN56_COUT32_K3_UFCIN8_UFCOU1_PAD1_STRIDE1_BIASFalse_group_conv2d_GROUPS4_ACTIVATIONsigmoid_ap_fixed_16_5_,conv,vitis,csynth,,147,12,7941,14303,1824,2520,548160,274080,8.0592,0.4762,1.4487,5.2185,36578364,267022057.2,,7.3,,,,,,,,
config_CIN16_HIN28_WIN56_COUT32_K3_UFCIN8_UFCOU1_PAD1_STRIDE1_BIASTrue_conv2d_ACTIVATIONrelu_ap_fixed_16_5_,conv,vitis,csynth,,147,9,6121,11643,1824,2520,548160,274080,8.0592,0.3571,1.1166,4.248,9106844,66479961.199999996,,7.3,,,,,,,,
config_CIN16_HIN28_WIN56_COUT32_K3_UFCIN8_UFCOU1_PAD1_STRIDE1_BIASTrue_conv2d_ACTIVATIONsigmoid_ap_fixed_16_5_,conv,vitis,csynth,,147,12,7824,13096,1824,2520,548160,274080,8.0592,0.4762,1.4273,4.7782,9106873,66480172.9,,7.3,,,,,,,,
config_CIN16_HIN28_WIN56_COUT32_K3_UFCIN8_UFCOU1_PAD1_STRIDE1_BIASTrue_group_conv2d_GROUPS2_ACTIVATIONrelu_ap_fixed_16_5_,conv,vitis,csynth,,147,9,6386,12000,1824,2520,548160,274080,8.0592,0.3571,1.165,4.3783,18405144,134357551.2,,7.3,,,,,,,,
config_CIN16_HIN28_WIN56_COUT32_K3_UFCIN8_UFCOU1_PAD1_STRIDE1_BIASTrue_group_conv2d_GROUPS2_ACTIVATIONsigmoid_ap_fixed_16_5_,conv,vitis,csynth,,147,12,8089,13453,1824,2520,548160,274080,8.0592,0.4762,1.4757,4.9084,18405173,134357762.9,,7.3,,,,,,,,
config_CIN16_HIN28_WIN56_COUT32_K3_UFCIN8_UFCOU1_PAD1_STRIDE1_BIASTrue_group_conv2d_GROUPS4_ACTIVATIONrelu_ap_fixed_16_5_,conv,vitis,csynth,,147,9,6376,13052,1824,2520,548160,274080,8.0592,0.3571,1.1632,4.7621,36578380,267022174.0,,7.3,,,,,,,,
config_CIN16_HIN28_WIN56_COUT32_K3_UFCIN8_UFCOU1_PAD1_STRIDE1_BIASTrue_group_conv2d_GROUPS4_ACTIVATIONsigmoid_ap_fixed_16_5_,conv,vitis,csynth,,147,12,8079,14505,1824,2520,548160,274080,8.0592,0.4762,1.4738,5.2923,36578409,267022385.7,,7.3,,,,,,,,
config_CIN16_HIN28_WIN56_COUT32_K3_UFCIN8_UFCOU4_PAD1_STRIDE1_BIASFalse_conv2d_ACTIVATIONrelu_ap_fixed_16_5_,conv,vitis,csynth,,183,33,6648,13573,1824,2520,548160,274080,10.0329,1.3095,1.2128,4.9522,3650159,26646160.7,,7.3,,,,,,,,
config_CIN16_HIN28_WIN56_COUT32_K3_UFCIN8_UFCOU4_PAD1_STRIDE1_BIASFalse_conv2d_ACTIVATIONsigmoid_ap_fixed_16_5_,conv,vitis,csynth,,183,36,8543,15118,1824,2520,548160,274080,10.0329,1.4286,1.5585,5.5159,3650188,26646372.4,,7.3,,,,,,,,
config_CIN16_HIN28_WIN56_COUT32_K3_UFCIN8_UFCOU4_PAD1_STRIDE1_BIASFalse_group_conv2d_GROUPS2_ACTIVATIONrelu_ap_fixed_16_5_,conv,vitis,csynth,,183,33,10323,18292,1824,2520,548160,274080,10.0329,1.3095,1.8832,6.674,10803435,78865075.5,,7.3,,,,,,,,
config_CIN16_HIN28_WIN56_COUT32_K3_UFCIN8_UFCOU4_PAD1_STRIDE1_BIASFalse_group_conv2d_GROUPS2_ACTIVATIONsigmoid_ap_fixed_16_5_,conv,vitis,csynth,,183,36,12218,19837,1824,2520,548160,274080,10.0329,1.4286,2.2289,7.2377,10803464,78865287.2,,7.3,,,,,,,,
config_CIN16_HIN28_WIN56_COUT32_K3_UFCIN8_UFCOU4_PAD1_STRIDE1_BIASFalse_group_conv2d_GROUPS4_ACTIVATIONrelu_ap_fixed_16_5_,conv,vitis,csynth,,183,33,10328,20360,1824,2520,548160,274080,10.0329,1.3095,1.8841,7.4285,21412639,156312264.7,,7.3,,,,,,,,
config_CIN16_HIN28_WIN56_COUT32_K3_UFCIN8_UFCOU4_PAD1_STRIDE1_BIASFalse_group_conv2d_GROUPS4_ACTIVATIONsigmoid_ap_fixed_16_5_,conv,vitis,csynth,,183,36,12223,21905,1824,2520,548160,274080,10.0329,1.4286,2.2298,7.9922,21412668,156312476.4,,7.3,,,,,,,,
config_CIN16_HIN28_WIN56_COUT32_K3_UFCIN8_UFCOU4_PAD1_STRIDE1_BIASTrue_conv2d_ACTIVATIONrelu_ap_fixed_16_5_,conv,vitis,csynth,,183,33,6828,13900,1824,2520,548160,274080,10.0329,1.3095,1.2456,5.0715,3650204,26646489.2,,7.3,,,,,,,,
config_CIN16_HIN28_WIN56_COUT32_K3_UFCIN8_UFCOU4_PAD1_STRIDE1_BIASTrue_conv2d_ACTIVATIONsigmoid_ap_fixed_16_5_,conv,vitis,csynth,,183,36,8723,15449,1824,2520,548160,274080,10.0329,1.4286,1.5913,5.6367,3650233,26646700.9,,7.3,,,,,,,,
config_CIN16_HIN28_WIN56_COUT32_K3_UFCIN8_UFCOU4_PAD1_STRIDE1_BIASTrue_group_conv2d_GROUPS2_ACTIVATIONrelu_ap_fixed_16_5_,conv,vitis,csynth,,183,33,10503,18619,1824,2520,548160,274080,10.0329,1.3095,1.916,6.7933,10803480,78865404.0,,7.3,,,,,,,,
config_CIN16_HIN28_WIN56_COUT32_K3_UFCIN8_UFCOU4_PAD1_STRIDE1_BIASTrue_group_conv2d_GROUPS2_ACTIVATIONsigmoid_ap_fixed_16_5_,conv,vitis,csynth,,183,36,12398,20168,1824,2520,548160,274080,10.0329,1.4286,2.2617,7.3584,10803509,78865615.7,,7.3,,,,,,,,
config_CIN16_HIN28_WIN56_COUT32_K3_UFCIN8_UFCOU4_PAD1_STRIDE1_BIASTrue_group_conv2d_GROUPS4_ACTIVATIONrelu_ap_fixed_16_5_,conv,vitis,csynth,,183,33,10508,20687,1824,2520,548160,274080,10.0329,1.3095,1.917,7.5478,21412684,156312593.2,,7.3,,,,,,,,
config_CIN16_HIN28_WIN56_COUT32_K3_UFCIN8_UFCOU4_PAD1_STRIDE1_BIASTrue_group_conv2d_GROUPS4_ACTIVATIONsigmoid_ap_fixed_16_5_,conv,vitis,csynth,,183,36,12403,22236,1824,2520,548160,274080,10.0329,1.4286,2.2627,8.113,21412713,156312804.9,,7.3,,,,,,,,
config_CIN16_HIN28_WIN56_COUT32_K3_UFCIN8_UFCOU8_PAD1_STRIDE1_BIASFalse_conv2d_ACTIVATIONrelu_ap_fixed_16_5_,conv,vitis,csynth,,215,65,7399,16264,1824,2520,548160,274080,11.7873,2.5794,1.3498,5.934,2740719,20007248.7,,7.3,,,,,,,,
config_CIN16_HIN28_WIN56_COUT32_K3_UFCIN8_UFCOU8_PAD1_STRIDE1_BIASFalse_conv2d_ACTIVATIONsigmoid_ap_fixed_16_5_,conv,vitis,csynth,,215,68,9294,17809,1824,2520,548160,274080,11.7873,2.6984,1.6955,6.4977,2740748,20007460.4,,7.3,,,,,,,,
config_CIN16_HIN28_WIN56_COUT32_K3_UFCIN8_UFCOU8_PAD1_STRIDE1_BIASFalse_group_conv2d_GROUPS2_ACTIVATIONrelu_ap_fixed_16_5_,conv,vitis,csynth,,215,65,14197,24423,1824,2520,548160,274080,11.7873,2.5794,2.5899,8.9109,7184491,52446784.3,,7.3,,,,,,,,
config_CIN16_HIN28_WIN56_COUT32_K3_UFCIN8_UFCOU8_PAD1_STRIDE1_BIASFalse_group_conv2d_GROUPS2_ACTIVATIONsigmoid_ap_fixed_16_5_,conv,vitis,csynth,,215,68,16092,25968,1824,2520,548160,274080,11.7873,2.6984,2.9356,9.4746,7184520,52446996.0,,7.3,,,,,,,,
config_CIN16_HIN28_WIN56_COUT32_K3_UFCIN8_UFCOU8_PAD1_STRIDE1_BIASFalse_group_conv2d_GROUPS4_ACTIVATIONrelu_ap_fixed_16_5_,conv,vitis,csynth,,215,65,6794,16681,1824,2520,548160,274080,11.7873,2.5794,1.2394,6.0862,10455455,76324821.5,,7.3,,,,,,,,
config_CIN16_HIN28_WIN56_COUT32_K3_UFCIN8_UFCOU8_PAD1_STRIDE1_BIASFalse_group_conv2d_GROUPS4_ACTIVATIONsigmoid_ap_fixed_16_5_,conv,vitis,csynth,,215,68,8689,18226,1824,2520,548160,274080,11.7873,2.6984,1.5851,6.6499,10455484,76325033.2,,7.3,,,,,,,,
config_CIN16_HIN28_WIN56_COUT32_K3_UFCIN8_UFCOU8_PAD1_STRIDE1_BIASTrue_conv2d_ACTIVATIONrelu_ap_fixed_16_5_,conv,vitis,csynth,,215,65,7642,16739,1824,2520,548160,274080,11.7873,2.5794,1.3941,6.1073,2740764,20007577.2,,7.3,,,,,,,,
config_CIN16_HIN28_WIN56_COUT32_K3_UFCIN8_UFCOU8_PAD1_STRIDE1_BIASTrue_conv2d_ACTIVATIONsigmoid_ap_fixed_16_5_,conv,vitis,csynth,,215,68,9537,18288,1824,2520,548160,274080,11.7873,2.6984,1.7398,6.6725,2740793,20007788.9,,7.3,,,,,,,,
config_CIN16_HIN28_WIN56_COUT32_K3_UFCIN8_UFCOU8_PAD1_STRIDE1_BIASTrue_group_conv2d_GROUPS2_ACTIVATIONrelu_ap_fixed_16_5_,conv,vitis,csynth,,215,65,14440,24898,1824,2520,548160,274080,11.7873,2.5794,2.6343,9.0842,7184536,52447112.8,,7.3,,,,,,,,
config_CIN16_HIN28_WIN56_COUT32_K3_UFCIN8_UFCOU8_PAD1_STRIDE1_BIASTrue_group_conv2d_GROUPS2_ACTIVATIONsigmoid_ap_fixed_16_5_,conv,vitis,csynth,,215,68,16335,26447,1824,2520,548160,274080,11.7873,2.6984,2.98,9.6494,7184565,52447324.5,,7.3,,,,,,,,
config_CIN16_HIN28_WIN56_COUT32_K3_UFCIN8_UFCOU8_PAD1_STRIDE1_BIASTrue_group_conv2d_GROUPS4_ACTIVATIONrelu_ap_fixed_16_5_,conv,vitis,csynth,,215,65,7037,17156,1824,2520,548160,274080,11.7873,2.5794,1.2837,6.2595,10455500,76325150.0,,7.3,,,,,,,,
config_CIN16_HIN28_WIN56_COUT32_K3_UFCIN8_UFCOU8_PAD1_STRIDE1_BIASTrue_group_conv2d_GROUPS4_ACTIVATIONsigmoid_ap_fixed_16_5_,conv,vitis,csynth,,215,68,8932,18705,1824,2520,548160,274080,11.7873,2.6984,1.6295,6.8246,10455529,76325361.7,,7.3,,,,,,,,
config_CIN16_HIN56_WIN28_COUT16_K1_UFCIN1_UFCOU1_PAD1_STRIDE1_BIASFalse_conv2d_ACTIVATIONrelu_ap_fixed_16_5_,conv,vitis,csynth,,88,6,5213,8801,1824,2520,548160,274080,4.8246,0.2381,0.951,3.2111,571921,4175023.3,,7.3,,,,,,,,
config_CIN16_HIN56_WIN28_COUT16_K1_UFCIN1_UFCOU1_PAD1_STRIDE1_BIASFalse_conv2d_ACTIVATIONsigmoid_ap_fixed_16_5_,conv,vitis,csynth,,88,9,6981,10289,1824,2520,548160,274080,4.8246,0.3571,1.2735,3.754,571951,4175242.3,,7.3,,,,,,,,
config_CIN16_HIN56_WIN28_COUT16_K1_UFCIN1_UFCOU1_PAD1_STRIDE1_BIASFalse_group_conv2d_GROUPS2_ACTIVATIONrelu_ap_fixed_16_5_,conv,vitis,csynth,,88,10,5586,9474,1824,2520,548160,274080,4.8246,0.3968,1.019,3.4567,1922283,14032665.9,,7.3,,,,,,,,
config_CIN16_HIN56_WIN28_COUT16_K1_UFCIN1_UFCOU1_PAD1_STRIDE1_BIASFalse_group_conv2d_GROUPS2_ACTIVATIONsigmoid_ap_fixed_16_5_,conv,vitis,csynth,,88,13,7354,10962,1824,2520,548160,274080,4.8246,0.5159,1.3416,3.9996,1922313,14032884.9,,7.3,,,,,,,,
config_CIN16_HIN56_WIN28_COUT16_K1_UFCIN1_UFCOU1_PAD1_STRIDE1_BIASFalse_group_conv2d_GROUPS4_ACTIVATIONrelu_ap_fixed_16_5_,conv,vitis,csynth,,88,10,5588,9477,1824,2520,548160,274080,4.8246,0.3968,1.0194,3.4577,3732121,27244483.3,,7.3,,,,,,,,
config_CIN16_HIN56_WIN28_COUT16_K1_UFCIN1_UFCOU1_PAD1_STRIDE1_BIASFalse_group_conv2d_GROUPS4_ACTIVATIONsigmoid_ap_fixed_16_5_,conv,vitis,csynth,,88,13,7356,10965,1824,2520,548160,274080,4.8246,0.5159,1.3419,4.0007,3732151,27244702.3,,7.3,,,,,,,,
config_CIN16_HIN56_WIN28_COUT16_K1_UFCIN1_UFCOU1_PAD1_STRIDE1_BIASTrue_conv2d_ACTIVATIONrelu_ap_fixed_16_5_,conv,vitis,csynth,,88,6,5349,8985,1824,2520,548160,274080,4.8246,0.2381,0.9758,3.2782,596974,4357910.2,,7.3,,,,,,,,
config_CIN16_HIN56_WIN28_COUT16_K1_UFCIN1_UFCOU1_PAD1_STRIDE1_BIASTrue_conv2d_ACTIVATIONsigmoid_ap_fixed_16_5_,conv,vitis,csynth,,88,9,7117,10473,1824,2520,548160,274080,4.8246,0.3571,1.2983,3.8211,597004,4358129.2,,7.3,,,,,,,,
config_CIN16_HIN56_WIN28_COUT16_K1_UFCIN1_UFCOU1_PAD1_STRIDE1_BIASTrue_group_conv2d_GROUPS2_ACTIVATIONrelu_ap_fixed_16_5_,conv,vitis,csynth,,88,10,5722,9658,1824,2520,548160,274080,4.8246,0.3968,1.0439,3.5238,1947336,14215552.799999999,,7.3,,,,,,,,
config_CIN16_HIN56_WIN28_COUT16_K1_UFCIN1_UFCOU1_PAD1_STRIDE1_BIASTrue_group_conv2d_GROUPS2_ACTIVATIONsigmoid_ap_fixed_16_5_,conv,vitis,csynth,,88,13,7490,11146,1824,2520,548160,274080,4.8246,0.5159,1.3664,4.0667,1947366,14215771.799999999,,7.3,,,,,,,,
config_CIN16_HIN56_WIN28_COUT16_K1_UFCIN1_UFCOU1_PAD1_STRIDE1_BIASTrue_group_conv2d_GROUPS4_ACTIVATIONrelu_ap_fixed_16_5_,conv,vitis,csynth,,88,10,5724,9661,1824,2520,548160,274080,4.8246,0.3968,1.0442,3.5249,3757174,27427370.2,,7.3,,,,,,,,
config_CIN16_HIN56_WIN28_COUT16_K1_UFCIN1_UFCOU1_PAD1_STRIDE1_BIASTrue_group_conv2d_GROUPS4_ACTIVATIONsigmoid_ap_fixed_16_5_,conv,vitis,csynth,,88,13,7492,11149,1824,2520,548160,274080,4.8246,0.5159,1.3668,4.0678,3757204,27427589.2,,7.3,,,,,,,,
config_CIN16_HIN56_WIN28_COUT16_K1_UFCIN1_UFCOU4_PAD1_STRIDE1_BIASFalse_conv2d_ACTIVATIONrelu_ap_fixed_16_5_,conv,vitis,csynth,,95,10,5482,9649,1824,2520,548160,274080,5.2083,0.3968,1.0001,3.5205,241986,1766497.8,,7.3,,,,,,,,
config_CIN16_HIN56_WIN28_COUT16_K1_UFCIN1_UFCOU4_PAD1_STRIDE1_BIASFalse_conv2d_ACTIVATIONsigmoid_ap_fixed_16_5_,conv,vitis,csynth,,95,13,7373,11201,1824,2520,548160,274080,5.2083,0.5159,1.345,4.0868,242016,1766716.8,,7.3,,,,,,,,
config_CIN16_HIN56_WIN28_COUT16_K1_UFCIN1_UFCOU4_PAD1_STRIDE1_BIASFalse_group_conv2d_GROUPS2_ACTIVATIONrelu_ap_fixed_16_5_,conv,vitis,csynth,,95,26,6300,10869,1824,2520,548160,274080,5.2083,1.0317,1.1493,3.9656,590108,4307788.399999999,,7.3,,,,,,,,
config_CIN16_HIN56_WIN28_COUT16_K1_UFCIN1_UFCOU4_PAD1_STRIDE1_BIASFalse_group_conv2d_GROUPS2_ACTIVATIONsigmoid_ap_fixed_16_5_,conv,vitis,csynth,,95,29,8191,12421,1824,2520,548160,274080,5.2083,1.1508,1.4943,4.5319,590138,4308007.399999999,,7.3,,,,,,,,
config_CIN16_HIN56_WIN28_COUT16_K1_UFCIN1_UFCOU4_PAD1_STRIDE1_BIASFalse_group_conv2d_GROUPS4_ACTIVATIONrelu_ap_fixed_16_5_,conv,vitis,csynth,,95,9,5774,9882,1824,2520,548160,274080,5.2083,0.3571,1.0533,3.6055,291062,2124752.6,,7.3,,,,,,,,
config_CIN16_HIN56_WIN28_COUT16_K1_UFCIN1_UFCOU4_PAD1_STRIDE1_BIASFalse_group_conv2d_GROUPS4_ACTIVATIONsigmoid_ap_fixed_16_5_,conv,vitis,csynth,,95,12,7665,11434,1824,2520,548160,274080,5.2083,0.4762,1.3983,4.1718,291092,2124971.6,,7.3,,,,,,,,
config_CIN16_HIN56_WIN28_COUT16_K1_UFCIN1_UFCOU4_PAD1_STRIDE1_BIASTrue_conv2d_ACTIVATIONrelu_ap_fixed_16_5_,conv,vitis,csynth,,95,10,5658,9947,1824,2520,548160,274080,5.2083,0.3968,1.0322,3.6292,242015,1766709.5,,7.3,,,,,,,,
config_CIN16_HIN56_WIN28_COUT16_K1_UFCIN1_UFCOU4_PAD1_STRIDE1_BIASTrue_conv2d_ACTIVATIONsigmoid_ap_fixed_16_5_,conv,vitis,csynth,,95,13,7549,11499,1824,2520,548160,274080,5.2083,0.5159,1.3772,4.1955,242045,1766928.5,,7.3,,,,,,,,
config_CIN16_HIN56_WIN28_COUT16_K1_UFCIN1_UFCOU4_PAD1_STRIDE1_BIASTrue_group_conv2d_GROUPS2_ACTIVATIONrelu_ap_fixed_16_5_,conv,vitis,csynth,,95,26,6476,11167,1824,2520,548160,274080,5.2083,1.0317,1.1814,4.0744,590137,4308000.1,,7.3,,,,,,,,
config_CIN16_HIN56_WIN28_COUT16_K1_UFCIN1_UFCOU4_PAD1_STRIDE1_BIASTrue_group_conv2d_GROUPS2_ACTIVATIONsigmoid_ap_fixed_16_5_,conv,vitis,csynth,,95,29,8367,12719,1824,2520,548160,274080,5.2083,1.1508,1.5264,4.6406,590167,4308219.1,,7.3,,,,,,,,
config_CIN16_HIN56_WIN28_COUT16_K1_UFCIN1_UFCOU4_PAD1_STRIDE1_BIASTrue_group_conv2d_GROUPS4_ACTIVATIONrelu_ap_fixed_16_5_,conv,vitis,csynth,,95,9,5950,10180,1824,2520,548160,274080,5.2083,0.3571,1.0854,3.7142,291091,2124964.3,,7.3,,,,,,,,
config_CIN16_HIN56_WIN28_COUT16_K1_UFCIN1_UFCOU4_PAD1_STRIDE1_BIASTrue_group_conv2d_GROUPS4_ACTIVATIONsigmoid_ap_fixed_16_5_,conv,vitis,csynth,,95,12,7841,11732,1824,2520,548160,274080,5.2083,0.4762,1.4304,4.2805,291121,2125183.3,,7.3,,,,,,,,
config_CIN16_HIN56_WIN28_COUT16_K1_UFCIN1_UFCOU8_PAD1_STRIDE1_BIASFalse_conv2d_ACTIVATIONrelu_ap_fixed_16_5_,conv,vitis,csynth,,91,10,5667,10463,1824,2520,548160,274080,4.989,0.3968,1.0338,3.8175,235021,1715653.3,,7.3,,,,,,,,
config_CIN16_HIN56_WIN28_COUT16_K1_UFCIN1_UFCOU8_PAD1_STRIDE1_BIASFalse_conv2d_ACTIVATIONsigmoid_ap_fixed_16_5_,conv,vitis,csynth,,91,13,7488,11983,1824,2520,548160,274080,4.989,0.5159,1.366,4.3721,235051,1715872.3,,7.3,,,,,,,,
config_CIN16_HIN56_WIN28_COUT16_K1_UFCIN1_UFCOU8_PAD1_STRIDE1_BIASFalse_group_conv2d_GROUPS2_ACTIVATIONrelu_ap_fixed_16_5_,conv,vitis,csynth,,91,10,5996,10668,1824,2520,548160,274080,4.989,0.3968,1.0938,3.8923,200341,1462489.3,,7.3,,,,,,,,
config_CIN16_HIN56_WIN28_COUT16_K1_UFCIN1_UFCOU8_PAD1_STRIDE1_BIASFalse_group_conv2d_GROUPS2_ACTIVATIONsigmoid_ap_fixed_16_5_,conv,vitis,csynth,,91,13,7817,12188,1824,2520,548160,274080,4.989,0.5159,1.426,4.4469,200371,1462708.3,,7.3,,,,,,,,
config_CIN16_HIN56_WIN28_COUT16_K1_UFCIN1_UFCOU8_PAD1_STRIDE1_BIASFalse_group_conv2d_GROUPS4_ACTIVATIONrelu_ap_fixed_16_5_,conv,vitis,csynth,,91,6,5797,10671,1824,2520,548160,274080,4.989,0.2381,1.0575,3.8934,287577,2099312.1,,7.3,,,,,,,,
config_CIN16_HIN56_WIN28_COUT16_K1_UFCIN1_UFCOU8_PAD1_STRIDE1_BIASFalse_group_conv2d_GROUPS4_ACTIVATIONsigmoid_ap_fixed_16_5_,conv,vitis,csynth,,91,9,7618,12191,1824,2520,548160,274080,4.989,0.3571,1.3897,4.448,287607,2099531.1,,7.3,,,,,,,,
config_CIN16_HIN56_WIN28_COUT16_K1_UFCIN1_UFCOU8_PAD1_STRIDE1_BIASTrue_conv2d_ACTIVATIONrelu_ap_fixed_16_5_,conv,vitis,csynth,,91,10,5906,10940,1824,2520,548160,274080,4.989,0.3968,1.0774,3.9915,235050,1715865.0,,7.3,,,,,,,,
config_CIN16_HIN56_WIN28_COUT16_K1_UFCIN1_UFCOU8_PAD1_STRIDE1_BIASTrue_conv2d_ACTIVATIONsigmoid_ap_fixed_16_5_,conv,vitis,csynth,,91,13,7727,12460,1824,2520,548160,274080,4.989,0.5159,1.4096,4.5461,235080,1716084.0,,7.3,,,,,,,,
config_CIN16_HIN56_WIN28_COUT16_K1_UFCIN1_UFCOU8_PAD1_STRIDE1_BIASTrue_group_conv2d_GROUPS2_ACTIVATIONrelu_ap_fixed_16_5_,conv,vitis,csynth,,91,10,6235,11145,1824,2520,548160,274080,4.989,0.3968,1.1374,4.0663,200370,1462701.0,,7.3,,,,,,,,
config_CIN16_HIN56_WIN28_COUT16_K1_UFCIN1_UFCOU8_PAD1_STRIDE1_BIASTrue_group_conv2d_GROUPS2_ACTIVATIONsigmoid_ap_fixed_16_5_,conv,vitis,csynth,,91,13,8056,12665,1824,2520,548160,274080,4.989,0.5159,1.4696,4.6209,200400,1462920.0,,7.3,,,,,,,,
config_CIN16_HIN56_WIN28_COUT16_K1_UFCIN1_UFCOU8_PAD1_STRIDE1_BIASTrue_group_conv2d_GROUPS4_ACTIVATIONrelu_ap_fixed_16_5_,conv,vitis,csynth,,91,6,6036,11148,1824,2520,548160,274080,4.989,0.2381,1.1011,4.0674,287606,2099523.8,,7.3,,,,,,,,
config_CIN16_HIN56_WIN28_COUT16_K1_UFCIN1_UFCOU8_PAD1_STRIDE1_BIASTrue_group_conv2d_GROUPS4_ACTIVATIONsigmoid_ap_fixed_16_5_,conv,vitis,csynth,,91,9,7857,12668,1824,2520,548160,274080,4.989,0.3571,1.4333,4.622,287636,2099742.8,,7.3,,,,,,,,
config_CIN16_HIN56_WIN28_COUT16_K1_UFCIN4_UFCOU1_PAD1_STRIDE1_BIASFalse_conv2d_ACTIVATIONrelu_ap_fixed_16_5_,conv,vitis,csynth,,95,8,5590,9597,1824,2520,548160,274080,5.2083,0.3175,1.0198,3.5015,788346,5754925.8,,7.3,,,,,,,,
config_CIN16_HIN56_WIN28_COUT16_K1_UFCIN4_UFCOU1_PAD1_STRIDE1_BIASFalse_conv2d_ACTIVATIONsigmoid_ap_fixed_16_5_,conv,vitis,csynth,,95,11,7358,11085,1824,2520,548160,274080,5.2083,0.4365,1.3423,4.0444,788376,5755144.8,,7.3,,,,,,,,
config_CIN16_HIN56_WIN28_COUT16_K1_UFCIN4_UFCOU1_PAD1_STRIDE1_BIASFalse_group_conv2d_GROUPS2_ACTIVATIONrelu_ap_fixed_16_5_,conv,vitis,csynth,,95,12,5680,9636,1824,2520,548160,274080,5.2083,0.4762,1.0362,3.5158,1519266,11090641.799999999,,7.3,,,,,,,,
config_CIN16_HIN56_WIN28_COUT16_K1_UFCIN4_UFCOU1_PAD1_STRIDE1_BIASFalse_group_conv2d_GROUPS2_ACTIVATIONsigmoid_ap_fixed_16_5_,conv,vitis,csynth,,95,15,7448,11124,1824,2520,548160,274080,5.2083,0.5952,1.3587,4.0587,1519296,11090860.799999999,,7.3,,,,,,,,
config_CIN16_HIN56_WIN28_COUT16_K1_UFCIN4_UFCOU1_PAD1_STRIDE1_BIASFalse_group_conv2d_GROUPS4_ACTIVATIONrelu_ap_fixed_16_5_,conv,vitis,csynth,,95,12,5690,9639,1824,2520,548160,274080,5.2083,0.4762,1.038,3.5169,2901062,21177752.599999998,,7.3,,,,,,,,
config_CIN16_HIN56_WIN28_COUT16_K1_UFCIN4_UFCOU1_PAD1_STRIDE1_BIASFalse_group_conv2d_GROUPS4_ACTIVATIONsigmoid_ap_fixed_16_5_,conv,vitis,csynth,,95,15,7458,11127,1824,2520,548160,274080,5.2083,0.5952,1.3606,4.0598,2901092,21177971.599999998,,7.3,,,,,,,,
config_CIN16_HIN56_WIN28_COUT16_K1_UFCIN4_UFCOU1_PAD1_STRIDE1_BIASTrue_conv2d_ACTIVATIONrelu_ap_fixed_16_5_,conv,vitis,csynth,,95,8,5726,9784,1824,2520,548160,274080,5.2083,0.3175,1.0446,3.5698,788375,5755137.5,,7.3,,,,,,,,
config_CIN16_HIN56_WIN28_COUT16_K1_UFCIN4_UFCOU1_PAD1_STRIDE1_BIASTrue_conv2d_ACTIVATIONsigmoid_ap_fixed_16_5_,conv,vitis,csynth,,95,11,7494,11272,1824,2520,548160,274080,5.2083,0.4365,1.3671,4.1127,788405,5755356.5,,7.3,,,,,,,,
config_CIN16_HIN56_WIN28_COUT16_K1_UFCIN4_UFCOU1_PAD1_STRIDE1_BIASTrue_group_conv2d_GROUPS2_ACTIVATIONrelu_ap_fixed_16_5_,conv,vitis,csynth,,95,12,5816,9823,1824,2520,548160,274080,5.2083,0.4762,1.061,3.584,1519295,11090853.5,,7.3,,,,,,,,
config_CIN16_HIN56_WIN28_COUT16_K1_UFCIN4_UFCOU1_PAD1_STRIDE1_BIASTrue_group_conv2d_GROUPS2_ACTIVATIONsigmoid_ap_fixed_16_5_,conv,vitis,csynth,,95,15,7584,11311,1824,2520,548160,274080,5.2083,0.5952,1.3835,4.1269,1519325,11091072.5,,7.3,,,,,,,,
config_CIN16_HIN56_WIN28_COUT16_K1_UFCIN4_UFCOU1_PAD1_STRIDE1_BIASTrue_group_conv2d_GROUPS4_ACTIVATIONrelu_ap_fixed_16_5_,conv,vitis,csynth,,95,12,5826,9826,1824,2520,548160,274080,5.2083,0.4762,1.0628,3.5851,2901091,21177964.3,,7.3,,,,,,,,
config_CIN16_HIN56_WIN28_COUT16_K1_UFCIN4_UFCOU1_PAD1_STRIDE1_BIASTrue_group_conv2d_GROUPS4_ACTIVATIONsigmoid_ap_fixed_16_5_,conv,vitis,csynth,,95,15,7594,11314,1824,2520,548160,274080,5.2083,0.5952,1.3854,4.128,2901121,21178183.3,,7.3,,,,,,,,
config_CIN16_HIN56_WIN28_COUT16_K1_UFCIN4_UFCOU4_PAD1_STRIDE1_BIASFalse_conv2d_ACTIVATIONrelu_ap_fixed_16_5_,conv,vitis,csynth,,95,25,6314,10917,1824,2520,548160,274080,5.2083,0.9921,1.1519,3.9831,461226,3366949.8,,7.3,,,,,,,,
config_CIN16_HIN56_WIN28_COUT16_K1_UFCIN4_UFCOU4_PAD1_STRIDE1_BIASFalse_conv2d_ACTIVATIONsigmoid_ap_fixed_16_5_,conv,vitis,csynth,,95,28,8205,12469,1824,2520,548160,274080,5.2083,1.1111,1.4968,4.5494,461256,3367168.8,,7.3,,,,,,,,
config_CIN16_HIN56_WIN28_COUT16_K1_UFCIN4_UFCOU4_PAD1_STRIDE1_BIASFalse_group_conv2d_GROUPS2_ACTIVATIONrelu_ap_fixed_16_5_,conv,vitis,csynth,,95,25,8079,13293,1824,2520,548160,274080,5.2083,0.9921,1.4738,4.85,1052946,7686505.8,,7.3,,,,,,,,
config_CIN16_HIN56_WIN28_COUT16_K1_UFCIN4_UFCOU4_PAD1_STRIDE1_BIASFalse_group_conv2d_GROUPS2_ACTIVATIONsigmoid_ap_fixed_16_5_,conv,vitis,csynth,,95,28,9970,14845,1824,2520,548160,274080,5.2083,1.1111,1.8188,5.4163,1052976,7686724.8,,7.3,,,,,,,,
config_CIN16_HIN56_WIN28_COUT16_K1_UFCIN4_UFCOU4_PAD1_STRIDE1_BIASFalse_group_conv2d_GROUPS4_ACTIVATIONrelu_ap_fixed_16_5_,conv,vitis,csynth,,95,21,6346,10215,1824,2520,548160,274080,5.2083,0.8333,1.1577,3.727,172746,1261045.8,,7.3,,,,,,,,
config_CIN16_HIN56_WIN28_COUT16_K1_UFCIN4_UFCOU4_PAD1_STRIDE1_BIASFalse_group_conv2d_GROUPS4_ACTIVATIONsigmoid_ap_fixed_16_5_,conv,vitis,csynth,,95,24,8237,11767,1824,2520,548160,274080,5.2083,0.9524,1.5027,4.2933,172776,1261264.8,,7.3,,,,,,,,
config_CIN16_HIN56_WIN28_COUT16_K1_UFCIN4_UFCOU4_PAD1_STRIDE1_BIASTrue_conv2d_ACTIVATIONrelu_ap_fixed_16_5_,conv,vitis,csynth,,95,25,6490,11215,1824,2520,548160,274080,5.2083,0.9921,1.184,4.0919,461255,3367161.5,,7.3,,,,,,,,
config_CIN16_HIN56_WIN28_COUT16_K1_UFCIN4_UFCOU4_PAD1_STRIDE1_BIASTrue_conv2d_ACTIVATIONsigmoid_ap_fixed_16_5_,conv,vitis,csynth,,95,28,8381,12767,1824,2520,548160,274080,5.2083,1.1111,1.5289,4.6581,461285,3367380.5,,7.3,,,,,,,,
config_CIN16_HIN56_WIN28_COUT16_K1_UFCIN4_UFCOU4_PAD1_STRIDE1_BIASTrue_group_conv2d_GROUPS2_ACTIVATIONrelu_ap_fixed_16_5_,conv,vitis,csynth,,95,25,8255,13591,1824,2520,548160,274080,5.2083,0.9921,1.5059,4.9588,1052975,7686717.5,,7.3,,,,,,,,
config_CIN16_HIN56_WIN28_COUT16_K1_UFCIN4_UFCOU4_PAD1_STRIDE1_BIASTrue_group_conv2d_GROUPS2_ACTIVATIONsigmoid_ap_fixed_16_5_,conv,vitis,csynth,,95,28,10146,15143,1824,2520,548160,274080,5.2083,1.1111,1.8509,5.525,1053005,7686936.5,,7.3,,,,,,,,
config_CIN16_HIN56_WIN28_COUT16_K1_UFCIN4_UFCOU4_PAD1_STRIDE1_BIASTrue_group_conv2d_GROUPS4_ACTIVATIONrelu_ap_fixed_16_5_,conv,vitis,csynth,,95,21,6522,10513,1824,2520,548160,274080,5.2083,0.8333,1.1898,3.8357,172775,1261257.5,,7.3,,,,,,,,
config_CIN16_HIN56_WIN28_COUT16_K1_UFCIN4_UFCOU4_PAD1_STRIDE1_BIASTrue_group_conv2d_GROUPS4_ACTIVATIONsigmoid_ap_fixed_16_5_,conv,vitis,csynth,,95,24,8413,12065,1824,2520,548160,274080,5.2083,0.9524,1.5348,4.402,172805,1261476.5,,7.3,,,,,,,,
config_CIN16_HIN56_WIN28_COUT16_K1_UFCIN4_UFCOU8_PAD1_STRIDE1_BIASFalse_conv2d_ACTIVATIONrelu_ap_fixed_16_5_,conv,vitis,csynth,,95,34,6778,12592,1824,2520,548160,274080,5.2083,1.3492,1.2365,4.5943,374221,2731813.3,,7.3,,,,,,,,
config_CIN16_HIN56_WIN28_COUT16_K1_UFCIN4_UFCOU8_PAD1_STRIDE1_BIASFalse_conv2d_ACTIVATIONsigmoid_ap_fixed_16_5_,conv,vitis,csynth,,95,37,8599,14112,1824,2520,548160,274080,5.2083,1.4683,1.5687,5.1489,374251,2732032.3,,7.3,,,,,,,,
config_CIN16_HIN56_WIN28_COUT16_K1_UFCIN4_UFCOU8_PAD1_STRIDE1_BIASFalse_group_conv2d_GROUPS2_ACTIVATIONrelu_ap_fixed_16_5_,conv,vitis,csynth,,95,34,7594,11762,1824,2520,548160,274080,5.2083,1.3492,1.3854,4.2914,214261,1564105.3,,7.3,,,,,,,,
config_CIN16_HIN56_WIN28_COUT16_K1_UFCIN4_UFCOU8_PAD1_STRIDE1_BIASFalse_group_conv2d_GROUPS2_ACTIVATIONsigmoid_ap_fixed_16_5_,conv,vitis,csynth,,95,37,9415,13282,1824,2520,548160,274080,5.2083,1.4683,1.7176,4.846,214291,1564324.3,,7.3,,,,,,,,
config_CIN16_HIN56_WIN28_COUT16_K1_UFCIN4_UFCOU8_PAD1_STRIDE1_BIASFalse_group_conv2d_GROUPS4_ACTIVATIONrelu_ap_fixed_16_5_,conv,vitis,csynth,,95,18,6499,11522,1824,2520,548160,274080,5.2083,0.7143,1.1856,4.2039,169261,1235605.3,,7.3,,,,,,,,
config_CIN16_HIN56_WIN28_COUT16_K1_UFCIN4_UFCOU8_PAD1_STRIDE1_BIASFalse_group_conv2d_GROUPS4_ACTIVATIONsigmoid_ap_fixed_16_5_,conv,vitis,csynth,,95,21,8320,13042,1824,2520,548160,274080,5.2083,0.8333,1.5178,4.7585,169291,1235824.3,,7.3,,,,,,,,
config_CIN16_HIN56_WIN28_COUT16_K1_UFCIN4_UFCOU8_PAD1_STRIDE1_BIASTrue_conv2d_ACTIVATIONrelu_ap_fixed_16_5_,conv,vitis,csynth,,95,34,7017,13069,1824,2520,548160,274080,5.2083,1.3492,1.2801,4.7683,374250,2732025.0,,7.3,,,,,,,,
config_CIN16_HIN56_WIN28_COUT16_K1_UFCIN4_UFCOU8_PAD1_STRIDE1_BIASTrue_conv2d_ACTIVATIONsigmoid_ap_fixed_16_5_,conv,vitis,csynth,,95,37,8838,14589,1824,2520,548160,274080,5.2083,1.4683,1.6123,5.3229,374280,2732244.0,,7.3,,,,,,,,
config_CIN16_HIN56_WIN28_COUT16_K1_UFCIN4_UFCOU8_PAD1_STRIDE1_BIASTrue_group_conv2d_GROUPS2_ACTIVATIONrelu_ap_fixed_16_5_,conv,vitis,csynth,,95,34,7833,12239,1824,2520,548160,274080,5.2083,1.3492,1.429,4.4655,214290,1564317.0,,7.3,,,,,,,,
config_CIN16_HIN56_WIN28_COUT16_K1_UFCIN4_UFCOU8_PAD1_STRIDE1_BIASTrue_group_conv2d_GROUPS2_ACTIVATIONsigmoid_ap_fixed_16_5_,conv,vitis,csynth,,95,37,9654,13759,1824,2520,548160,274080,5.2083,1.4683,1.7612,5.0201,214320,1564536.0,,7.3,,,,,,,,
config_CIN16_HIN56_WIN28_COUT16_K1_UFCIN4_UFCOU8_PAD1_STRIDE1_BIASTrue_group_conv2d_GROUPS4_ACTIVATIONrelu_ap_fixed_16_5_,conv,vitis,csynth,,95,18,6738,11999,1824,2520,548160,274080,5.2083,0.7143,1.2292,4.3779,169290,1235817.0,,7.3,,,,,,,,
config_CIN16_HIN56_WIN28_COUT16_K1_UFCIN4_UFCOU8_PAD1_STRIDE1_BIASTrue_group_conv2d_GROUPS4_ACTIVATIONsigmoid_ap_fixed_16_5_,conv,vitis,csynth,,95,21,8559,13519,1824,2520,548160,274080,5.2083,0.8333,1.5614,4.9325,169320,1236036.0,,7.3,,,,,,,,
config_CIN16_HIN56_WIN28_COUT16_K1_UFCIN8_UFCOU1_PAD1_STRIDE1_BIASFalse_conv2d_ACTIVATIONrelu_ap_fixed_16_5_,conv,vitis,csynth,,91,12,6179,10673,1824,2520,548160,274080,4.989,0.4762,1.1272,3.8941,784866,5729521.8,,7.3,,,,,,,,
config_CIN16_HIN56_WIN28_COUT16_K1_UFCIN8_UFCOU1_PAD1_STRIDE1_BIASFalse_conv2d_ACTIVATIONsigmoid_ap_fixed_16_5_,conv,vitis,csynth,,91,15,7947,12161,1824,2520,548160,274080,4.989,0.5952,1.4498,4.437,784896,5729740.8,,7.3,,,,,,,,
config_CIN16_HIN56_WIN28_COUT16_K1_UFCIN8_UFCOU1_PAD1_STRIDE1_BIASFalse_group_conv2d_GROUPS2_ACTIVATIONrelu_ap_fixed_16_5_,conv,vitis,csynth,,91,20,6331,10670,1824,2520,548160,274080,4.989,0.7937,1.155,3.893,1540146,11243065.799999999,,7.3,,,,,,,,
config_CIN16_HIN56_WIN28_COUT16_K1_UFCIN8_UFCOU1_PAD1_STRIDE1_BIASFalse_group_conv2d_GROUPS2_ACTIVATIONsigmoid_ap_fixed_16_5_,conv,vitis,csynth,,91,23,8099,12158,1824,2520,548160,274080,4.989,0.9127,1.4775,4.4359,1540176,11243284.799999999,,7.3,,,,,,,,
config_CIN16_HIN56_WIN28_COUT16_K1_UFCIN8_UFCOU1_PAD1_STRIDE1_BIASFalse_group_conv2d_GROUPS4_ACTIVATIONrelu_ap_fixed_16_5_,conv,vitis,csynth,,91,20,6336,11690,1824,2520,548160,274080,4.989,0.7937,1.1559,4.2652,2942822,21482600.599999998,,7.3,,,,,,,,
config_CIN16_HIN56_WIN28_COUT16_K1_UFCIN8_UFCOU1_PAD1_STRIDE1_BIASFalse_group_conv2d_GROUPS4_ACTIVATIONsigmoid_ap_fixed_16_5_,conv,vitis,csynth,,91,23,8104,13178,1824,2520,548160,274080,4.989,0.9127,1.4784,4.8081,2942852,21482819.599999998,,7.3,,,,,,,,
config_CIN16_HIN56_WIN28_COUT16_K1_UFCIN8_UFCOU1_PAD1_STRIDE1_BIASTrue_conv2d_ACTIVATIONrelu_ap_fixed_16_5_,conv,vitis,csynth,,91,12,6315,10860,1824,2520,548160,274080,4.989,0.4762,1.152,3.9623,784895,5729733.5,,7.3,,,,,,,,
config_CIN16_HIN56_WIN28_COUT16_K1_UFCIN8_UFCOU1_PAD1_STRIDE1_BIASTrue_conv2d_ACTIVATIONsigmoid_ap_fixed_16_5_,conv,vitis,csynth,,91,15,8083,12348,1824,2520,548160,274080,4.989,0.5952,1.4746,4.5053,784925,5729952.5,,7.3,,,,,,,,
config_CIN16_HIN56_WIN28_COUT16_K1_UFCIN8_UFCOU1_PAD1_STRIDE1_BIASTrue_group_conv2d_GROUPS2_ACTIVATIONrelu_ap_fixed_16_5_,conv,vitis,csynth,,91,20,6467,10857,1824,2520,548160,274080,4.989,0.7937,1.1798,3.9613,1540175,11243277.5,,7.3,,,,,,,,
config_CIN16_HIN56_WIN28_COUT16_K1_UFCIN8_UFCOU1_PAD1_STRIDE1_BIASTrue_group_conv2d_GROUPS2_ACTIVATIONsigmoid_ap_fixed_16_5_,conv,vitis,csynth,,91,23,8235,12345,1824,2520,548160,274080,4.989,0.9127,1.5023,4.5042,1540205,11243496.5,,7.3,,,,,,,,
config_CIN16_HIN56_WIN28_COUT16_K1_UFCIN8_UFCOU1_PAD1_STRIDE1_BIASTrue_group_conv2d_GROUPS4_ACTIVATIONrelu_ap_fixed_16_5_,conv,vitis,csynth,,91,20,6472,11877,1824,2520,548160,274080,4.989,0.7937,1.1807,4.3334,2942851,21482812.3,,7.3,,,,,,,,
config_CIN16_HIN56_WIN28_COUT16_K1_UFCIN8_UFCOU1_PAD1_STRIDE1_BIASTrue_group_conv2d_GROUPS4_ACTIVATIONsigmoid_ap_fixed_16_5_,conv,vitis,csynth,,91,23,8240,13365,1824,2520,548160,274080,4.989,0.9127,1.5032,4.8763,2942881,21483031.3,,7.3,,,,,,,,
config_CIN16_HIN56_WIN28_COUT16_K1_UFCIN8_UFCOU4_PAD1_STRIDE1_BIASFalse_conv2d_ACTIVATIONrelu_ap_fixed_16_5_,conv,vitis,csynth,,95,45,7311,12571,1824,2520,548160,274080,5.2083,1.7857,1.3337,4.5866,457746,3341545.8,,7.3,,,,,,,,
config_CIN16_HIN56_WIN28_COUT16_K1_UFCIN8_UFCOU4_PAD1_STRIDE1_BIASFalse_conv2d_ACTIVATIONsigmoid_ap_fixed_16_5_,conv,vitis,csynth,,95,48,9202,14123,1824,2520,548160,274080,5.2083,1.9048,1.6787,5.1529,457776,3341764.8,,7.3,,,,,,,,
config_CIN16_HIN56_WIN28_COUT16_K1_UFCIN8_UFCOU4_PAD1_STRIDE1_BIASFalse_group_conv2d_GROUPS2_ACTIVATIONrelu_ap_fixed_16_5_,conv,vitis,csynth,,95,45,10813,17282,1824,2520,548160,274080,5.2083,1.7857,1.9726,6.3055,1073826,7838929.8,,7.3,,,,,,,,
config_CIN16_HIN56_WIN28_COUT16_K1_UFCIN8_UFCOU4_PAD1_STRIDE1_BIASFalse_group_conv2d_GROUPS2_ACTIVATIONsigmoid_ap_fixed_16_5_,conv,vitis,csynth,,95,48,12704,18834,1824,2520,548160,274080,5.2083,1.9048,2.3176,6.8717,1073856,7839148.8,,7.3,,,,,,,,
config_CIN16_HIN56_WIN28_COUT16_K1_UFCIN8_UFCOU4_PAD1_STRIDE1_BIASFalse_group_conv2d_GROUPS4_ACTIVATIONrelu_ap_fixed_16_5_,conv,vitis,csynth,,95,37,8236,12823,1824,2520,548160,274080,5.2083,1.4683,1.5025,4.6786,346742,2531216.6,,7.3,,,,,,,,
config_CIN16_HIN56_WIN28_COUT16_K1_UFCIN8_UFCOU4_PAD1_STRIDE1_BIASFalse_group_conv2d_GROUPS4_ACTIVATIONsigmoid_ap_fixed_16_5_,conv,vitis,csynth,,95,40,10127,14375,1824,2520,548160,274080,5.2083,1.5873,1.8475,5.2448,346772,2531435.6,,7.3,,,,,,,,
config_CIN16_HIN56_WIN28_COUT16_K1_UFCIN8_UFCOU4_PAD1_STRIDE1_BIASTrue_conv2d_ACTIVATIONrelu_ap_fixed_16_5_,conv,vitis,csynth,,95,45,7487,12869,1824,2520,548160,274080,5.2083,1.7857,1.3658,4.6953,457775,3341757.5,,7.3,,,,,,,,
config_CIN16_HIN56_WIN28_COUT16_K1_UFCIN8_UFCOU4_PAD1_STRIDE1_BIASTrue_conv2d_ACTIVATIONsigmoid_ap_fixed_16_5_,conv,vitis,csynth,,95,48,9378,14421,1824,2520,548160,274080,5.2083,1.9048,1.7108,5.2616,457805,3341976.5,,7.3,,,,,,,,
config_CIN16_HIN56_WIN28_COUT16_K1_UFCIN8_UFCOU4_PAD1_STRIDE1_BIASTrue_group_conv2d_GROUPS2_ACTIVATIONrelu_ap_fixed_16_5_,conv,vitis,csynth,,95,45,10989,17580,1824,2520,548160,274080,5.2083,1.7857,2.0047,6.4142,1073855,7839141.5,,7.3,,,,,,,,
config_CIN16_HIN56_WIN28_COUT16_K1_UFCIN8_UFCOU4_PAD1_STRIDE1_BIASTrue_group_conv2d_GROUPS2_ACTIVATIONsigmoid_ap_fixed_16_5_,conv,vitis,csynth,,95,48,12880,19132,1824,2520,548160,274080,5.2083,1.9048,2.3497,6.9804,1073885,7839360.5,,7.3,,,,,,,,
config_CIN16_HIN56_WIN28_COUT16_K1_UFCIN8_UFCOU4_PAD1_STRIDE1_BIASTrue_group_conv2d_GROUPS4_ACTIVATIONrelu_ap_fixed_16_5_,conv,vitis,csynth,,95,37,8412,13121,1824,2520,548160,274080,5.2083,1.4683,1.5346,4.7873,346771,2531428.3,,7.3,,,,,,,,
config_CIN16_HIN56_WIN28_COUT16_K1_UFCIN8_UFCOU4_PAD1_STRIDE1_BIASTrue_group_conv2d_GROUPS4_ACTIVATIONsigmoid_ap_fixed_16_5_,conv,vitis,csynth,,95,40,10303,14673,1824,2520,548160,274080,5.2083,1.5873,1.8796,5.3535,346801,2531647.3,,7.3,,,,,,,,
config_CIN16_HIN56_WIN28_COUT16_K1_UFCIN8_UFCOU8_PAD1_STRIDE1_BIASFalse_conv2d_ACTIVATIONrelu_ap_fixed_16_5_,conv,vitis,csynth,,95,66,8375,15458,1824,2520,548160,274080,5.2083,2.619,1.5278,5.64,370741,2706409.3,,7.3,,,,,,,,
config_CIN16_HIN56_WIN28_COUT16_K1_UFCIN8_UFCOU8_PAD1_STRIDE1_BIASFalse_conv2d_ACTIVATIONsigmoid_ap_fixed_16_5_,conv,vitis,csynth,,95,69,10196,16978,1824,2520,548160,274080,5.2083,2.7381,1.86,6.1945,370771,2706628.3,,7.3,,,,,,,,
config_CIN16_HIN56_WIN28_COUT16_K1_UFCIN8_UFCOU8_PAD1_STRIDE1_BIASFalse_group_conv2d_GROUPS2_ACTIVATIONrelu_ap_fixed_16_5_,conv,vitis,csynth,,95,66,9086,12865,1824,2520,548160,274080,5.2083,2.619,1.6575,4.6939,155103,1132251.9,,7.3,,,,,,,,
config_CIN16_HIN56_WIN28_COUT16_K1_UFCIN8_UFCOU8_PAD1_STRIDE1_BIASFalse_group_conv2d_GROUPS2_ACTIVATIONsigmoid_ap_fixed_16_5_,conv,vitis,csynth,,95,69,10907,14385,1824,2520,548160,274080,5.2083,2.7381,1.9897,5.2485,155133,1132470.9,,7.3,,,,,,,,
config_CIN16_HIN56_WIN28_COUT16_K1_UFCIN8_UFCOU8_PAD1_STRIDE1_BIASFalse_group_conv2d_GROUPS4_ACTIVATIONrelu_ap_fixed_16_5_,conv,vitis,csynth,,95,34,9154,15830,1824,2520,548160,274080,5.2083,1.3492,1.67,5.7757,343257,2505776.1,,7.3,,,,,,,,
config_CIN16_HIN56_WIN28_COUT16_K1_UFCIN8_UFCOU8_PAD1_STRIDE1_BIASFalse_group_conv2d_GROUPS4_ACTIVATIONsigmoid_ap_fixed_16_5_,conv,vitis,csynth,,95,37,10975,17350,1824,2520,548160,274080,5.2083,1.4683,2.0022,6.3303,343287,2505995.1,,7.3,,,,,,,,
config_CIN16_HIN56_WIN28_COUT16_K1_UFCIN8_UFCOU8_PAD1_STRIDE1_BIASTrue_conv2d_ACTIVATIONrelu_ap_fixed_16_5_,conv,vitis,csynth,,95,66,8614,15935,1824,2520,548160,274080,5.2083,2.619,1.5714,5.814,370770,2706621.0,,7.3,,,,,,,,
config_CIN16_HIN56_WIN28_COUT16_K1_UFCIN8_UFCOU8_PAD1_STRIDE1_BIASTrue_conv2d_ACTIVATIONsigmoid_ap_fixed_16_5_,conv,vitis,csynth,,95,69,10435,17455,1824,2520,548160,274080,5.2083,2.7381,1.9036,6.3686,370800,2706840.0,,7.3,,,,,,,,
config_CIN16_HIN56_WIN28_COUT16_K1_UFCIN8_UFCOU8_PAD1_STRIDE1_BIASTrue_group_conv2d_GROUPS2_ACTIVATIONrelu_ap_fixed_16_5_,conv,vitis,csynth,,95,66,9325,13342,1824,2520,548160,274080,5.2083,2.619,1.7011,4.8679,155132,1132463.5999999999,,7.3,,,,,,,,
config_CIN16_HIN56_WIN28_COUT16_K1_UFCIN8_UFCOU8_PAD1_STRIDE1_BIASTrue_group_conv2d_GROUPS2_ACTIVATIONsigmoid_ap_fixed_16_5_,conv,vitis,csynth,,95,69,11146,14862,1824,2520,548160,274080,5.2083,2.7381,2.0333,5.4225,155162,1132682.5999999999,,7.3,,,,,,,,
config_CIN16_HIN56_WIN28_COUT16_K1_UFCIN8_UFCOU8_PAD1_STRIDE1_BIASTrue_group_conv2d_GROUPS4_ACTIVATIONrelu_ap_fixed_16_5_,conv,vitis,csynth,,95,34,9393,16307,1824,2520,548160,274080,5.2083,1.3492,1.7136,5.9497,343286,2505987.8,,7.3,,,,,,,,
config_CIN16_HIN56_WIN28_COUT16_K1_UFCIN8_UFCOU8_PAD1_STRIDE1_BIASTrue_group_conv2d_GROUPS4_ACTIVATIONsigmoid_ap_fixed_16_5_,conv,vitis,csynth,,95,37,11214,17827,1824,2520,548160,274080,5.2083,1.4683,2.0458,6.5043,343316,2506206.8,,7.3,,,,,,,,
config_CIN16_HIN56_WIN28_COUT16_K3_UFCIN1_UFCOU1_PAD1_STRIDE1_BIASFalse_conv2d_ACTIVATIONrelu_ap_fixed_16_5_,conv,vitis,csynth,,91,2,5070,9174,1824,2520,548160,274080,4.989,0.0794,0.9249,3.3472,3827591,27941414.3,,7.3,,,,,,,,
config_CIN16_HIN56_WIN28_COUT16_K3_UFCIN1_UFCOU1_PAD1_STRIDE1_BIASFalse_conv2d_ACTIVATIONsigmoid_ap_fixed_16_5_,conv,vitis,csynth,,91,5,6773,10627,1824,2520,548160,274080,4.989,0.1984,1.2356,3.8773,3827620,27941626.0,,7.3,,,,,,,,
config_CIN16_HIN56_WIN28_COUT16_K3_UFCIN1_UFCOU1_PAD1_STRIDE1_BIASFalse_group_conv2d_GROUPS2_ACTIVATIONrelu_ap_fixed_16_5_,conv,vitis,csynth,,91,6,5470,9838,1824,2520,548160,274080,4.989,0.2381,0.9979,3.5895,14748829,107666451.7,,7.3,,,,,,,,
config_CIN16_HIN56_WIN28_COUT16_K3_UFCIN1_UFCOU1_PAD1_STRIDE1_BIASFalse_group_conv2d_GROUPS2_ACTIVATIONsigmoid_ap_fixed_16_5_,conv,vitis,csynth,,91,9,7173,11291,1824,2520,548160,274080,4.989,0.3571,1.3086,4.1196,14748858,107666663.39999999,,7.3,,,,,,,,
config_CIN16_HIN56_WIN28_COUT16_K3_UFCIN1_UFCOU1_PAD1_STRIDE1_BIASFalse_group_conv2d_GROUPS4_ACTIVATIONrelu_ap_fixed_16_5_,conv,vitis,csynth,,91,6,5472,9841,1824,2520,548160,274080,4.989,0.2381,0.9982,3.5906,29394179,214577506.7,,7.3,,,,,,,,
config_CIN16_HIN56_WIN28_COUT16_K3_UFCIN1_UFCOU1_PAD1_STRIDE1_BIASFalse_group_conv2d_GROUPS4_ACTIVATIONsigmoid_ap_fixed_16_5_,conv,vitis,csynth,,91,9,7175,11294,1824,2520,548160,274080,4.989,0.3571,1.3089,4.1207,29394208,214577718.4,,7.3,,,,,,,,
config_CIN16_HIN56_WIN28_COUT16_K3_UFCIN1_UFCOU1_PAD1_STRIDE1_BIASTrue_conv2d_ACTIVATIONrelu_ap_fixed_16_5_,conv,vitis,csynth,,91,2,5203,9385,1824,2520,548160,274080,4.989,0.0794,0.9492,3.4242,3852643,28124293.9,,7.3,,,,,,,,
config_CIN16_HIN56_WIN28_COUT16_K3_UFCIN1_UFCOU1_PAD1_STRIDE1_BIASTrue_conv2d_ACTIVATIONsigmoid_ap_fixed_16_5_,conv,vitis,csynth,,91,5,6906,10838,1824,2520,548160,274080,4.989,0.1984,1.2599,3.9543,3852672,28124505.599999998,,7.3,,,,,,,,
config_CIN16_HIN56_WIN28_COUT16_K3_UFCIN1_UFCOU1_PAD1_STRIDE1_BIASTrue_group_conv2d_GROUPS2_ACTIVATIONrelu_ap_fixed_16_5_,conv,vitis,csynth,,91,6,5603,10049,1824,2520,548160,274080,4.989,0.2381,1.0221,3.6664,14773881,107849331.3,,7.3,,,,,,,,
config_CIN16_HIN56_WIN28_COUT16_K3_UFCIN1_UFCOU1_PAD1_STRIDE1_BIASTrue_group_conv2d_GROUPS2_ACTIVATIONsigmoid_ap_fixed_16_5_,conv,vitis,csynth,,91,9,7306,11501,1824,2520,548160,274080,4.989,0.3571,1.3328,4.1962,14773910,107849543.0,,7.3,,,,,,,,
config_CIN16_HIN56_WIN28_COUT16_K3_UFCIN1_UFCOU1_PAD1_STRIDE1_BIASTrue_group_conv2d_GROUPS4_ACTIVATIONrelu_ap_fixed_16_5_,conv,vitis,csynth,,91,6,5605,10052,1824,2520,548160,274080,4.989,0.2381,1.0225,3.6675,29419231,214760386.29999998,,7.3,,,,,,,,
config_CIN16_HIN56_WIN28_COUT16_K3_UFCIN1_UFCOU1_PAD1_STRIDE1_BIASTrue_group_conv2d_GROUPS4_ACTIVATIONsigmoid_ap_fixed_16_5_,conv,vitis,csynth,,91,9,7308,11504,1824,2520,548160,274080,4.989,0.3571,1.3332,4.1973,29419260,214760598.0,,7.3,,,,,,,,
config_CIN16_HIN56_WIN28_COUT16_K3_UFCIN1_UFCOU4_PAD1_STRIDE1_BIASFalse_conv2d_ACTIVATIONrelu_ap_fixed_16_5_,conv,vitis,csynth,,95,5,5206,10010,1824,2520,548160,274080,5.2083,0.1984,0.9497,3.6522,1124295,8207353.5,,7.3,,,,,,,,
config_CIN16_HIN56_WIN28_COUT16_K3_UFCIN1_UFCOU4_PAD1_STRIDE1_BIASFalse_conv2d_ACTIVATIONsigmoid_ap_fixed_16_5_,conv,vitis,csynth,,95,8,7101,11555,1824,2520,548160,274080,5.2083,0.3175,1.2954,4.2159,1124324,8207565.2,,7.3,,,,,,,,
config_CIN16_HIN56_WIN28_COUT16_K3_UFCIN1_UFCOU4_PAD1_STRIDE1_BIASFalse_group_conv2d_GROUPS2_ACTIVATIONrelu_ap_fixed_16_5_,conv,vitis,csynth,,95,21,6024,11215,1824,2520,548160,274080,5.2083,0.8333,1.0989,4.0919,3917021,28594253.3,,7.3,,,,,,,,
config_CIN16_HIN56_WIN28_COUT16_K3_UFCIN1_UFCOU4_PAD1_STRIDE1_BIASFalse_group_conv2d_GROUPS2_ACTIVATIONsigmoid_ap_fixed_16_5_,conv,vitis,csynth,,95,24,7919,12760,1824,2520,548160,274080,5.2083,0.9524,1.4447,4.6556,3917050,28594465.0,,7.3,,,,,,,,
config_CIN16_HIN56_WIN28_COUT16_K3_UFCIN1_UFCOU4_PAD1_STRIDE1_BIASFalse_group_conv2d_GROUPS4_ACTIVATIONrelu_ap_fixed_16_5_,conv,vitis,csynth,,95,5,5516,10132,1824,2520,548160,274080,5.2083,0.1984,1.0063,3.6967,1571519,11472088.7,,7.3,,,,,,,,
config_CIN16_HIN56_WIN28_COUT16_K3_UFCIN1_UFCOU4_PAD1_STRIDE1_BIASFalse_group_conv2d_GROUPS4_ACTIVATIONsigmoid_ap_fixed_16_5_,conv,vitis,csynth,,95,8,7411,11677,1824,2520,548160,274080,5.2083,0.3175,1.352,4.2604,1571548,11472300.4,,7.3,,,,,,,,
config_CIN16_HIN56_WIN28_COUT16_K3_UFCIN1_UFCOU4_PAD1_STRIDE1_BIASTrue_conv2d_ACTIVATIONrelu_ap_fixed_16_5_,conv,vitis,csynth,,95,5,5382,10331,1824,2520,548160,274080,5.2083,0.1984,0.9818,3.7693,1124324,8207565.2,,7.3,,,,,,,,
config_CIN16_HIN56_WIN28_COUT16_K3_UFCIN1_UFCOU4_PAD1_STRIDE1_BIASTrue_conv2d_ACTIVATIONsigmoid_ap_fixed_16_5_,conv,vitis,csynth,,95,8,7277,11880,1824,2520,548160,274080,5.2083,0.3175,1.3275,4.3345,1124353,8207776.899999999,,7.3,,,,,,,,
config_CIN16_HIN56_WIN28_COUT16_K3_UFCIN1_UFCOU4_PAD1_STRIDE1_BIASTrue_group_conv2d_GROUPS2_ACTIVATIONrelu_ap_fixed_16_5_,conv,vitis,csynth,,95,21,6200,11536,1824,2520,548160,274080,5.2083,0.8333,1.1311,4.209,3917050,28594465.0,,7.3,,,,,,,,
config_CIN16_HIN56_WIN28_COUT16_K3_UFCIN1_UFCOU4_PAD1_STRIDE1_BIASTrue_group_conv2d_GROUPS2_ACTIVATIONsigmoid_ap_fixed_16_5_,conv,vitis,csynth,,95,24,8095,13085,1824,2520,548160,274080,5.2083,0.9524,1.4768,4.7742,3917079,28594676.7,,7.3,,,,,,,,
config_CIN16_HIN56_WIN28_COUT16_K3_UFCIN1_UFCOU4_PAD1_STRIDE1_BIASTrue_group_conv2d_GROUPS4_ACTIVATIONrelu_ap_fixed_16_5_,conv,vitis,csynth,,95,5,5692,10453,1824,2520,548160,274080,5.2083,0.1984,1.0384,3.8138,1571548,11472300.4,,7.3,,,,,,,,
config_CIN16_HIN56_WIN28_COUT16_K3_UFCIN1_UFCOU4_PAD1_STRIDE1_BIASTrue_group_conv2d_GROUPS4_ACTIVATIONsigmoid_ap_fixed_16_5_,conv,vitis,csynth,,95,8,7587,12002,1824,2520,548160,274080,5.2083,0.3175,1.3841,4.379,1571577,11472512.1,,7.3,,,,,,,,
config_CIN16_HIN56_WIN28_COUT16_K3_UFCIN1_UFCOU8_PAD1_STRIDE1_BIASFalse_conv2d_ACTIVATIONrelu_ap_fixed_16_5_,conv,vitis,csynth,,99,9,5422,10727,1824,2520,548160,274080,5.4276,0.3571,0.9891,3.9138,1107047,8081443.1,,7.3,,,,,,,,
config_CIN16_HIN56_WIN28_COUT16_K3_UFCIN1_UFCOU8_PAD1_STRIDE1_BIASFalse_conv2d_ACTIVATIONsigmoid_ap_fixed_16_5_,conv,vitis,csynth,,99,12,7189,12208,1824,2520,548160,274080,5.4276,0.4762,1.3115,4.4542,1107076,8081654.8,,7.3,,,,,,,,
config_CIN16_HIN56_WIN28_COUT16_K3_UFCIN1_UFCOU8_PAD1_STRIDE1_BIASFalse_group_conv2d_GROUPS2_ACTIVATIONrelu_ap_fixed_16_5_,conv,vitis,csynth,,99,9,5751,10810,1824,2520,548160,274080,5.4276,0.3571,1.0491,3.9441,837467,6113509.1,,7.3,,,,,,,,
config_CIN16_HIN56_WIN28_COUT16_K3_UFCIN1_UFCOU8_PAD1_STRIDE1_BIASFalse_group_conv2d_GROUPS2_ACTIVATIONsigmoid_ap_fixed_16_5_,conv,vitis,csynth,,99,12,7518,12291,1824,2520,548160,274080,5.4276,0.4762,1.3715,4.4845,837496,6113720.8,,7.3,,,,,,,,
config_CIN16_HIN56_WIN28_COUT16_K3_UFCIN1_UFCOU8_PAD1_STRIDE1_BIASFalse_group_conv2d_GROUPS4_ACTIVATIONrelu_ap_fixed_16_5_,conv,vitis,csynth,,99,5,5559,10822,1824,2520,548160,274080,5.4276,0.1984,1.0141,3.9485,1568383,11449195.9,,7.3,,,,,,,,
config_CIN16_HIN56_WIN28_COUT16_K3_UFCIN1_UFCOU8_PAD1_STRIDE1_BIASFalse_group_conv2d_GROUPS4_ACTIVATIONsigmoid_ap_fixed_16_5_,conv,vitis,csynth,,99,8,7326,12303,1824,2520,548160,274080,5.4276,0.3175,1.3365,4.4888,1568412,11449407.6,,7.3,,,,,,,,
config_CIN16_HIN56_WIN28_COUT16_K3_UFCIN1_UFCOU8_PAD1_STRIDE1_BIASTrue_conv2d_ACTIVATIONrelu_ap_fixed_16_5_,conv,vitis,csynth,,99,9,5661,11200,1824,2520,548160,274080,5.4276,0.3571,1.0327,4.0864,1107076,8081654.8,,7.3,,,,,,,,
config_CIN16_HIN56_WIN28_COUT16_K3_UFCIN1_UFCOU8_PAD1_STRIDE1_BIASTrue_conv2d_ACTIVATIONsigmoid_ap_fixed_16_5_,conv,vitis,csynth,,99,12,7428,12685,1824,2520,548160,274080,5.4276,0.4762,1.3551,4.6282,1107105,8081866.5,,7.3,,,,,,,,
config_CIN16_HIN56_WIN28_COUT16_K3_UFCIN1_UFCOU8_PAD1_STRIDE1_BIASTrue_group_conv2d_GROUPS2_ACTIVATIONrelu_ap_fixed_16_5_,conv,vitis,csynth,,99,9,5990,11283,1824,2520,548160,274080,5.4276,0.3571,1.0927,4.1167,837496,6113720.8,,7.3,,,,,,,,
config_CIN16_HIN56_WIN28_COUT16_K3_UFCIN1_UFCOU8_PAD1_STRIDE1_BIASTrue_group_conv2d_GROUPS2_ACTIVATIONsigmoid_ap_fixed_16_5_,conv,vitis,csynth,,99,12,7757,12768,1824,2520,548160,274080,5.4276,0.4762,1.4151,4.6585,837525,6113932.5,,7.3,,,,,,,,
config_CIN16_HIN56_WIN28_COUT16_K3_UFCIN1_UFCOU8_PAD1_STRIDE1_BIASTrue_group_conv2d_GROUPS4_ACTIVATIONrelu_ap_fixed_16_5_,conv,vitis,csynth,,99,5,5798,11295,1824,2520,548160,274080,5.4276,0.1984,1.0577,4.1211,1568412,11449407.6,,7.3,,,,,,,,
config_CIN16_HIN56_WIN28_COUT16_K3_UFCIN1_UFCOU8_PAD1_STRIDE1_BIASTrue_group_conv2d_GROUPS4_ACTIVATIONsigmoid_ap_fixed_16_5_,conv,vitis,csynth,,99,8,7565,12780,1824,2520,548160,274080,5.4276,0.3175,1.3801,4.6629,1568441,11449619.299999999,,7.3,,,,,,,,
config_CIN16_HIN56_WIN28_COUT16_K3_UFCIN4_UFCOU1_PAD1_STRIDE1_BIASFalse_conv2d_ACTIVATIONrelu_ap_fixed_16_5_,conv,vitis,csynth,,95,5,5467,10118,1824,2520,548160,274080,5.2083,0.1984,0.9973,3.6916,5419047,39559043.1,,7.3,,,,,,,,
config_CIN16_HIN56_WIN28_COUT16_K3_UFCIN4_UFCOU1_PAD1_STRIDE1_BIASFalse_conv2d_ACTIVATIONsigmoid_ap_fixed_16_5_,conv,vitis,csynth,,95,8,7170,11567,1824,2520,548160,274080,5.2083,0.3175,1.308,4.2203,5419076,39559254.8,,7.3,,,,,,,,
config_CIN16_HIN56_WIN28_COUT16_K3_UFCIN4_UFCOU1_PAD1_STRIDE1_BIASFalse_group_conv2d_GROUPS2_ACTIVATIONrelu_ap_fixed_16_5_,conv,vitis,csynth,,95,5,5609,10329,1824,2520,548160,274080,5.2083,0.1984,1.0232,3.7686,10907163,79622289.89999999,,7.3,,,,,,,,
config_CIN16_HIN56_WIN28_COUT16_K3_UFCIN4_UFCOU1_PAD1_STRIDE1_BIASFalse_group_conv2d_GROUPS2_ACTIVATIONsigmoid_ap_fixed_16_5_,conv,vitis,csynth,,95,8,7312,11778,1824,2520,548160,274080,5.2083,0.3175,1.3339,4.2973,10907192,79622501.6,,7.3,,,,,,,,
config_CIN16_HIN56_WIN28_COUT16_K3_UFCIN4_UFCOU1_PAD1_STRIDE1_BIASFalse_group_conv2d_GROUPS4_ACTIVATIONrelu_ap_fixed_16_5_,conv,vitis,csynth,,95,5,5619,10332,1824,2520,548160,274080,5.2083,0.1984,1.0251,3.7697,21685823,158306507.9,,7.3,,,,,,,,
config_CIN16_HIN56_WIN28_COUT16_K3_UFCIN4_UFCOU1_PAD1_STRIDE1_BIASFalse_group_conv2d_GROUPS4_ACTIVATIONsigmoid_ap_fixed_16_5_,conv,vitis,csynth,,95,8,7322,11781,1824,2520,548160,274080,5.2083,0.3175,1.3357,4.2984,21685852,158306719.6,,7.3,,,,,,,,
config_CIN16_HIN56_WIN28_COUT16_K3_UFCIN4_UFCOU1_PAD1_STRIDE1_BIASTrue_conv2d_ACTIVATIONrelu_ap_fixed_16_5_,conv,vitis,csynth,,95,5,5600,10328,1824,2520,548160,274080,5.2083,0.1984,1.0216,3.7682,5419076,39559254.8,,7.3,,,,,,,,
config_CIN16_HIN56_WIN28_COUT16_K3_UFCIN4_UFCOU1_PAD1_STRIDE1_BIASTrue_conv2d_ACTIVATIONsigmoid_ap_fixed_16_5_,conv,vitis,csynth,,95,8,7303,11781,1824,2520,548160,274080,5.2083,0.3175,1.3323,4.2984,5419105,39559466.5,,7.3,,,,,,,,
config_CIN16_HIN56_WIN28_COUT16_K3_UFCIN4_UFCOU1_PAD1_STRIDE1_BIASTrue_group_conv2d_GROUPS2_ACTIVATIONrelu_ap_fixed_16_5_,conv,vitis,csynth,,95,5,5742,10539,1824,2520,548160,274080,5.2083,0.1984,1.0475,3.8452,10907192,79622501.6,,7.3,,,,,,,,
config_CIN16_HIN56_WIN28_COUT16_K3_UFCIN4_UFCOU1_PAD1_STRIDE1_BIASTrue_group_conv2d_GROUPS2_ACTIVATIONsigmoid_ap_fixed_16_5_,conv,vitis,csynth,,95,8,7445,11992,1824,2520,548160,274080,5.2083,0.3175,1.3582,4.3754,10907221,79622713.3,,7.3,,,,,,,,
config_CIN16_HIN56_WIN28_COUT16_K3_UFCIN4_UFCOU1_PAD1_STRIDE1_BIASTrue_group_conv2d_GROUPS4_ACTIVATIONrelu_ap_fixed_16_5_,conv,vitis,csynth,,95,5,5752,10542,1824,2520,548160,274080,5.2083,0.1984,1.0493,3.8463,21685852,158306719.6,,7.3,,,,,,,,
config_CIN16_HIN56_WIN28_COUT16_K3_UFCIN4_UFCOU1_PAD1_STRIDE1_BIASTrue_group_conv2d_GROUPS4_ACTIVATIONsigmoid_ap_fixed_16_5_,conv,vitis,csynth,,95,8,7455,11995,1824,2520,548160,274080,5.2083,0.3175,1.36,4.3765,21685881,158306931.29999998,,7.3,,,,,,,,
config_CIN16_HIN56_WIN28_COUT16_K3_UFCIN4_UFCOU4_PAD1_STRIDE1_BIASFalse_conv2d_ACTIVATIONrelu_ap_fixed_16_5_,conv,vitis,csynth,,111,17,5804,11487,1824,2520,548160,274080,6.0855,0.6746,1.0588,4.1911,2690727,19642307.099999998,,7.3,,,,,,,,
config_CIN16_HIN56_WIN28_COUT16_K3_UFCIN4_UFCOU4_PAD1_STRIDE1_BIASFalse_conv2d_ACTIVATIONsigmoid_ap_fixed_16_5_,conv,vitis,csynth,,111,20,7699,13032,1824,2520,548160,274080,6.0855,0.7937,1.4045,4.7548,2690756,19642518.8,,7.3,,,,,,,,
config_CIN16_HIN56_WIN28_COUT16_K3_UFCIN4_UFCOU4_PAD1_STRIDE1_BIASFalse_group_conv2d_GROUPS2_ACTIVATIONrelu_ap_fixed_16_5_,conv,vitis,csynth,,111,17,7677,13869,1824,2520,548160,274080,6.0855,0.6746,1.4005,5.0602,6824091,49815864.3,,7.3,,,,,,,,
config_CIN16_HIN56_WIN28_COUT16_K3_UFCIN4_UFCOU4_PAD1_STRIDE1_BIASFalse_group_conv2d_GROUPS2_ACTIVATIONsigmoid_ap_fixed_16_5_,conv,vitis,csynth,,111,20,9572,15414,1824,2520,548160,274080,6.0855,0.7937,1.7462,5.6239,6824120,49816076.0,,7.3,,,,,,,,
config_CIN16_HIN56_WIN28_COUT16_K3_UFCIN4_UFCOU4_PAD1_STRIDE1_BIASFalse_group_conv2d_GROUPS4_ACTIVATIONrelu_ap_fixed_16_5_,conv,vitis,csynth,,111,17,5498,10426,1824,2520,548160,274080,6.0855,0.6746,1.003,3.804,611903,4466891.899999999,,7.3,,,,,,,,
config_CIN16_HIN56_WIN28_COUT16_K3_UFCIN4_UFCOU4_PAD1_STRIDE1_BIASFalse_group_conv2d_GROUPS4_ACTIVATIONsigmoid_ap_fixed_16_5_,conv,vitis,csynth,,111,20,7393,11971,1824,2520,548160,274080,6.0855,0.7937,1.3487,4.3677,611932,4467103.6,,7.3,,,,,,,,
config_CIN16_HIN56_WIN28_COUT16_K3_UFCIN4_UFCOU4_PAD1_STRIDE1_BIASTrue_conv2d_ACTIVATIONrelu_ap_fixed_16_5_,conv,vitis,csynth,,111,17,5980,11808,1824,2520,548160,274080,6.0855,0.6746,1.0909,4.3082,2690756,19642518.8,,7.3,,,,,,,,
config_CIN16_HIN56_WIN28_COUT16_K3_UFCIN4_UFCOU4_PAD1_STRIDE1_BIASTrue_conv2d_ACTIVATIONsigmoid_ap_fixed_16_5_,conv,vitis,csynth,,111,20,7875,13357,1824,2520,548160,274080,6.0855,0.7937,1.4366,4.8734,2690785,19642730.5,,7.3,,,,,,,,
config_CIN16_HIN56_WIN28_COUT16_K3_UFCIN4_UFCOU4_PAD1_STRIDE1_BIASTrue_group_conv2d_GROUPS2_ACTIVATIONrelu_ap_fixed_16_5_,conv,vitis,csynth,,111,17,7853,14190,1824,2520,548160,274080,6.0855,0.6746,1.4326,5.1773,6824120,49816076.0,,7.3,,,,,,,,
config_CIN16_HIN56_WIN28_COUT16_K3_UFCIN4_UFCOU4_PAD1_STRIDE1_BIASTrue_group_conv2d_GROUPS2_ACTIVATIONsigmoid_ap_fixed_16_5_,conv,vitis,csynth,,111,20,9748,15739,1824,2520,548160,274080,6.0855,0.7937,1.7783,5.7425,6824149,49816287.699999996,,7.3,,,,,,,,
config_CIN16_HIN56_WIN28_COUT16_K3_UFCIN4_UFCOU4_PAD1_STRIDE1_BIASTrue_group_conv2d_GROUPS4_ACTIVATIONrelu_ap_fixed_16_5_,conv,vitis,csynth,,111,17,5674,10747,1824,2520,548160,274080,6.0855,0.6746,1.0351,3.9211,611932,4467103.6,,7.3,,,,,,,,
config_CIN16_HIN56_WIN28_COUT16_K3_UFCIN4_UFCOU4_PAD1_STRIDE1_BIASTrue_group_conv2d_GROUPS4_ACTIVATIONsigmoid_ap_fixed_16_5_,conv,vitis,csynth,,111,20,7569,12296,1824,2520,548160,274080,6.0855,0.7937,1.3808,4.4863,611961,4467315.3,,7.3,,,,,,,,
config_CIN16_HIN56_WIN28_COUT16_K3_UFCIN4_UFCOU8_PAD1_STRIDE1_BIASFalse_conv2d_ACTIVATIONrelu_ap_fixed_16_5_,conv,vitis,csynth,,127,33,6153,12966,1824,2520,548160,274080,6.9627,1.3095,1.1225,4.7307,2236007,16322851.1,,7.3,,,,,,,,
config_CIN16_HIN56_WIN28_COUT16_K3_UFCIN4_UFCOU8_PAD1_STRIDE1_BIASFalse_conv2d_ACTIVATIONsigmoid_ap_fixed_16_5_,conv,vitis,csynth,,127,36,7920,14447,1824,2520,548160,274080,6.9627,1.4286,1.4448,5.2711,2236036,16323062.799999999,,7.3,,,,,,,,
config_CIN16_HIN56_WIN28_COUT16_K3_UFCIN4_UFCOU8_PAD1_STRIDE1_BIASFalse_group_conv2d_GROUPS2_ACTIVATIONrelu_ap_fixed_16_5_,conv,vitis,csynth,,127,33,6967,11883,1824,2520,548160,274080,6.9627,1.3095,1.271,4.3356,950363,6937649.899999999,,7.3,,,,,,,,
config_CIN16_HIN56_WIN28_COUT16_K3_UFCIN4_UFCOU8_PAD1_STRIDE1_BIASFalse_group_conv2d_GROUPS2_ACTIVATIONsigmoid_ap_fixed_16_5_,conv,vitis,csynth,,127,36,8734,13364,1824,2520,548160,274080,6.9627,1.4286,1.5933,4.8759,950392,6937861.6,,7.3,,,,,,,,
config_CIN16_HIN56_WIN28_COUT16_K3_UFCIN4_UFCOU8_PAD1_STRIDE1_BIASFalse_group_conv2d_GROUPS4_ACTIVATIONrelu_ap_fixed_16_5_,conv,vitis,csynth,,127,17,5616,11744,1824,2520,548160,274080,6.9627,0.6746,1.0245,4.2849,608767,4443999.1,,7.3,,,,,,,,
config_CIN16_HIN56_WIN28_COUT16_K3_UFCIN4_UFCOU8_PAD1_STRIDE1_BIASFalse_group_conv2d_GROUPS4_ACTIVATIONsigmoid_ap_fixed_16_5_,conv,vitis,csynth,,127,20,7383,13225,1824,2520,548160,274080,6.9627,0.7937,1.3469,4.8252,608796,4444210.8,,7.3,,,,,,,,
config_CIN16_HIN56_WIN28_COUT16_K3_UFCIN4_UFCOU8_PAD1_STRIDE1_BIASTrue_conv2d_ACTIVATIONrelu_ap_fixed_16_5_,conv,vitis,csynth,,127,33,6392,13439,1824,2520,548160,274080,6.9627,1.3095,1.1661,4.9033,2236036,16323062.799999999,,7.3,,,,,,,,
config_CIN16_HIN56_WIN28_COUT16_K3_UFCIN4_UFCOU8_PAD1_STRIDE1_BIASTrue_conv2d_ACTIVATIONsigmoid_ap_fixed_16_5_,conv,vitis,csynth,,127,36,8159,14924,1824,2520,548160,274080,6.9627,1.4286,1.4884,5.4451,2236065,16323274.5,,7.3,,,,,,,,
config_CIN16_HIN56_WIN28_COUT16_K3_UFCIN4_UFCOU8_PAD1_STRIDE1_BIASTrue_group_conv2d_GROUPS2_ACTIVATIONrelu_ap_fixed_16_5_,conv,vitis,csynth,,127,33,7206,12356,1824,2520,548160,274080,6.9627,1.3095,1.3146,4.5082,950392,6937861.6,,7.3,,,,,,,,
config_CIN16_HIN56_WIN28_COUT16_K3_UFCIN4_UFCOU8_PAD1_STRIDE1_BIASTrue_group_conv2d_GROUPS2_ACTIVATIONsigmoid_ap_fixed_16_5_,conv,vitis,csynth,,127,36,8973,13841,1824,2520,548160,274080,6.9627,1.4286,1.6369,5.05,950421,6938073.3,,7.3,,,,,,,,
config_CIN16_HIN56_WIN28_COUT16_K3_UFCIN4_UFCOU8_PAD1_STRIDE1_BIASTrue_group_conv2d_GROUPS4_ACTIVATIONrelu_ap_fixed_16_5_,conv,vitis,csynth,,127,17,5855,12217,1824,2520,548160,274080,6.9627,0.6746,1.0681,4.4575,608796,4444210.8,,7.3,,,,,,,,
config_CIN16_HIN56_WIN28_COUT16_K3_UFCIN4_UFCOU8_PAD1_STRIDE1_BIASTrue_group_conv2d_GROUPS4_ACTIVATIONsigmoid_ap_fixed_16_5_,conv,vitis,csynth,,127,20,7622,13702,1824,2520,548160,274080,6.9627,0.7937,1.3905,4.9993,608825,4444422.5,,7.3,,,,,,,,
config_CIN16_HIN56_WIN28_COUT16_K3_UFCIN8_UFCOU1_PAD1_STRIDE1_BIASFalse_conv2d_ACTIVATIONrelu_ap_fixed_16_5_,conv,vitis,csynth,,99,9,5928,11418,1824,2520,548160,274080,5.4276,0.3571,1.0814,4.1659,5390823,39353007.9,,7.3,,,,,,,,
config_CIN16_HIN56_WIN28_COUT16_K3_UFCIN8_UFCOU1_PAD1_STRIDE1_BIASFalse_conv2d_ACTIVATIONsigmoid_ap_fixed_16_5_,conv,vitis,csynth,,99,12,7631,12867,1824,2520,548160,274080,5.4276,0.4762,1.3921,4.6946,5390852,39353219.6,,7.3,,,,,,,,
config_CIN16_HIN56_WIN28_COUT16_K3_UFCIN8_UFCOU1_PAD1_STRIDE1_BIASFalse_group_conv2d_GROUPS2_ACTIVATIONrelu_ap_fixed_16_5_,conv,vitis,csynth,,99,9,6184,11710,1824,2520,548160,274080,5.4276,0.3571,1.1281,4.2725,11076507,80858501.1,,7.3,,,,,,,,
config_CIN16_HIN56_WIN28_COUT16_K3_UFCIN8_UFCOU1_PAD1_STRIDE1_BIASFalse_group_conv2d_GROUPS2_ACTIVATIONsigmoid_ap_fixed_16_5_,conv,vitis,csynth,,99,12,7887,13159,1824,2520,548160,274080,5.4276,0.4762,1.4388,4.8012,11076536,80858712.8,,7.3,,,,,,,,
config_CIN16_HIN56_WIN28_COUT16_K3_UFCIN8_UFCOU1_PAD1_STRIDE1_BIASFalse_group_conv2d_GROUPS4_ACTIVATIONrelu_ap_fixed_16_5_,conv,vitis,csynth,,99,9,6173,12762,1824,2520,548160,274080,5.4276,0.3571,1.1261,4.6563,22024511,160778930.29999998,,7.3,,,,,,,,
config_CIN16_HIN56_WIN28_COUT16_K3_UFCIN8_UFCOU1_PAD1_STRIDE1_BIASFalse_group_conv2d_GROUPS4_ACTIVATIONsigmoid_ap_fixed_16_5_,conv,vitis,csynth,,99,12,7876,14211,1824,2520,548160,274080,5.4276,0.4762,1.4368,5.185,22024540,160779142.0,,7.3,,,,,,,,
config_CIN16_HIN56_WIN28_COUT16_K3_UFCIN8_UFCOU1_PAD1_STRIDE1_BIASTrue_conv2d_ACTIVATIONrelu_ap_fixed_16_5_,conv,vitis,csynth,,99,9,6061,11628,1824,2520,548160,274080,5.4276,0.3571,1.1057,4.2426,5390852,39353219.6,,7.3,,,,,,,,
config_CIN16_HIN56_WIN28_COUT16_K3_UFCIN8_UFCOU1_PAD1_STRIDE1_BIASTrue_conv2d_ACTIVATIONsigmoid_ap_fixed_16_5_,conv,vitis,csynth,,99,12,7764,13081,1824,2520,548160,274080,5.4276,0.4762,1.4164,4.7727,5390881,39353431.3,,7.3,,,,,,,,
config_CIN16_HIN56_WIN28_COUT16_K3_UFCIN8_UFCOU1_PAD1_STRIDE1_BIASTrue_group_conv2d_GROUPS2_ACTIVATIONrelu_ap_fixed_16_5_,conv,vitis,csynth,,99,9,6317,11920,1824,2520,548160,274080,5.4276,0.3571,1.1524,4.3491,11076536,80858712.8,,7.3,,,,,,,,
config_CIN16_HIN56_WIN28_COUT16_K3_UFCIN8_UFCOU1_PAD1_STRIDE1_BIASTrue_group_conv2d_GROUPS2_ACTIVATIONsigmoid_ap_fixed_16_5_,conv,vitis,csynth,,99,12,8020,13373,1824,2520,548160,274080,5.4276,0.4762,1.4631,4.8792,11076565,80858924.5,,7.3,,,,,,,,
config_CIN16_HIN56_WIN28_COUT16_K3_UFCIN8_UFCOU1_PAD1_STRIDE1_BIASTrue_group_conv2d_GROUPS4_ACTIVATIONrelu_ap_fixed_16_5_,conv,vitis,csynth,,99,9,6306,12972,1824,2520,548160,274080,5.4276,0.3571,1.1504,4.7329,22024540,160779142.0,,7.3,,,,,,,,
config_CIN16_HIN56_WIN28_COUT16_K3_UFCIN8_UFCOU1_PAD1_STRIDE1_BIASTrue_group_conv2d_GROUPS4_ACTIVATIONsigmoid_ap_fixed_16_5_,conv,vitis,csynth,,99,12,8009,14425,1824,2520,548160,274080,5.4276,0.4762,1.4611,5.2631,22024569,160779353.7,,7.3,,,,,,,,
config_CIN16_HIN56_WIN28_COUT16_K3_UFCIN8_UFCOU4_PAD1_STRIDE1_BIASFalse_conv2d_ACTIVATIONrelu_ap_fixed_16_5_,conv,vitis,csynth,,127,33,6544,13457,1824,2520,548160,274080,6.9627,1.3095,1.1938,4.9099,2662503,19436271.9,,7.3,,,,,,,,
config_CIN16_HIN56_WIN28_COUT16_K3_UFCIN8_UFCOU4_PAD1_STRIDE1_BIASFalse_conv2d_ACTIVATIONsigmoid_ap_fixed_16_5_,conv,vitis,csynth,,127,36,8439,15002,1824,2520,548160,274080,6.9627,1.4286,1.5395,5.4736,2662532,19436483.599999998,,7.3,,,,,,,,
config_CIN16_HIN56_WIN28_COUT16_K3_UFCIN8_UFCOU4_PAD1_STRIDE1_BIASFalse_group_conv2d_GROUPS2_ACTIVATIONrelu_ap_fixed_16_5_,conv,vitis,csynth,,127,33,10270,18177,1824,2520,548160,274080,6.9627,1.3095,1.8735,6.632,6993435,51052075.5,,7.3,,,,,,,,
config_CIN16_HIN56_WIN28_COUT16_K3_UFCIN8_UFCOU4_PAD1_STRIDE1_BIASFalse_group_conv2d_GROUPS2_ACTIVATIONsigmoid_ap_fixed_16_5_,conv,vitis,csynth,,127,36,12165,19722,1824,2520,548160,274080,6.9627,1.4286,2.2192,7.1957,6993464,51052287.199999996,,7.3,,,,,,,,
config_CIN16_HIN56_WIN28_COUT16_K3_UFCIN8_UFCOU4_PAD1_STRIDE1_BIASFalse_group_conv2d_GROUPS4_ACTIVATIONrelu_ap_fixed_16_5_,conv,vitis,csynth,,127,33,6955,13222,1824,2520,548160,274080,6.9627,1.3095,1.2688,4.8241,2023103,14768651.9,,7.3,,,,,,,,
config_CIN16_HIN56_WIN28_COUT16_K3_UFCIN8_UFCOU4_PAD1_STRIDE1_BIASFalse_group_conv2d_GROUPS4_ACTIVATIONsigmoid_ap_fixed_16_5_,conv,vitis,csynth,,127,36,8850,14767,1824,2520,548160,274080,6.9627,1.4286,1.6145,5.3878,2023132,14768863.6,,7.3,,,,,,,,
config_CIN16_HIN56_WIN28_COUT16_K3_UFCIN8_UFCOU4_PAD1_STRIDE1_BIASTrue_conv2d_ACTIVATIONrelu_ap_fixed_16_5_,conv,vitis,csynth,,127,33,6720,13778,1824,2520,548160,274080,6.9627,1.3095,1.2259,5.027,2662532,19436483.599999998,,7.3,,,,,,,,
config_CIN16_HIN56_WIN28_COUT16_K3_UFCIN8_UFCOU4_PAD1_STRIDE1_BIASTrue_conv2d_ACTIVATIONsigmoid_ap_fixed_16_5_,conv,vitis,csynth,,127,36,8615,15327,1824,2520,548160,274080,6.9627,1.4286,1.5716,5.5922,2662561,19436695.3,,7.3,,,,,,,,
config_CIN16_HIN56_WIN28_COUT16_K3_UFCIN8_UFCOU4_PAD1_STRIDE1_BIASTrue_group_conv2d_GROUPS2_ACTIVATIONrelu_ap_fixed_16_5_,conv,vitis,csynth,,127,33,10446,18498,1824,2520,548160,274080,6.9627,1.3095,1.9056,6.7491,6993464,51052287.199999996,,7.3,,,,,,,,
config_CIN16_HIN56_WIN28_COUT16_K3_UFCIN8_UFCOU4_PAD1_STRIDE1_BIASTrue_group_conv2d_GROUPS2_ACTIVATIONsigmoid_ap_fixed_16_5_,conv,vitis,csynth,,127,36,12341,20047,1824,2520,548160,274080,6.9627,1.4286,2.2513,7.3143,6993493,51052498.9,,7.3,,,,,,,,
config_CIN16_HIN56_WIN28_COUT16_K3_UFCIN8_UFCOU4_PAD1_STRIDE1_BIASTrue_group_conv2d_GROUPS4_ACTIVATIONrelu_ap_fixed_16_5_,conv,vitis,csynth,,127,33,7131,13543,1824,2520,548160,274080,6.9627,1.3095,1.3009,4.9413,2023132,14768863.6,,7.3,,,,,,,,
config_CIN16_HIN56_WIN28_COUT16_K3_UFCIN8_UFCOU4_PAD1_STRIDE1_BIASTrue_group_conv2d_GROUPS4_ACTIVATIONsigmoid_ap_fixed_16_5_,conv,vitis,csynth,,127,36,9026,15092,1824,2520,548160,274080,6.9627,1.4286,1.6466,5.5064,2023161,14769075.299999999,,7.3,,,,,,,,
config_CIN16_HIN56_WIN28_COUT16_K3_UFCIN8_UFCOU8_PAD1_STRIDE1_BIASFalse_conv2d_ACTIVATIONrelu_ap_fixed_16_5_,conv,vitis,csynth,,95,65,8261,16518,1824,2520,548160,274080,5.2083,2.5794,1.507,6.0267,2207783,16116815.9,,7.3,,,,,,,,
config_CIN16_HIN56_WIN28_COUT16_K3_UFCIN8_UFCOU8_PAD1_STRIDE1_BIASFalse_conv2d_ACTIVATIONsigmoid_ap_fixed_16_5_,conv,vitis,csynth,,95,68,10028,17999,1824,2520,548160,274080,5.2083,2.6984,1.8294,6.5671,2207812,16117027.6,,7.3,,,,,,,,
config_CIN16_HIN56_WIN28_COUT16_K3_UFCIN8_UFCOU8_PAD1_STRIDE1_BIASFalse_group_conv2d_GROUPS2_ACTIVATIONrelu_ap_fixed_16_5_,conv,vitis,csynth,,95,65,7572,13646,1824,2520,548160,274080,5.2083,2.5794,1.3813,4.9788,470555,3435051.5,,7.3,,,,,,,,
config_CIN16_HIN56_WIN28_COUT16_K3_UFCIN8_UFCOU8_PAD1_STRIDE1_BIASFalse_group_conv2d_GROUPS2_ACTIVATIONsigmoid_ap_fixed_16_5_,conv,vitis,csynth,,95,68,9339,15127,1824,2520,548160,274080,5.2083,2.6984,1.7037,5.5192,470584,3435263.1999999997,,7.3,,,,,,,,
config_CIN16_HIN56_WIN28_COUT16_K3_UFCIN8_UFCOU8_PAD1_STRIDE1_BIASFalse_group_conv2d_GROUPS4_ACTIVATIONrelu_ap_fixed_16_5_,conv,vitis,csynth,,95,33,9044,16692,1824,2520,548160,274080,5.2083,1.3095,1.6499,6.0902,2019967,14745759.1,,7.3,,,,,,,,
config_CIN16_HIN56_WIN28_COUT16_K3_UFCIN8_UFCOU8_PAD1_STRIDE1_BIASFalse_group_conv2d_GROUPS4_ACTIVATIONsigmoid_ap_fixed_16_5_,conv,vitis,csynth,,95,36,10811,18173,1824,2520,548160,274080,5.2083,1.4286,1.9722,6.6305,2019996,14745970.799999999,,7.3,,,,,,,,
config_CIN16_HIN56_WIN28_COUT16_K3_UFCIN8_UFCOU8_PAD1_STRIDE1_BIASTrue_conv2d_ACTIVATIONrelu_ap_fixed_16_5_,conv,vitis,csynth,,95,65,8500,16991,1824,2520,548160,274080,5.2083,2.5794,1.5506,6.1993,2207812,16117027.6,,7.3,,,,,,,,
config_CIN16_HIN56_WIN28_COUT16_K3_UFCIN8_UFCOU8_PAD1_STRIDE1_BIASTrue_conv2d_ACTIVATIONsigmoid_ap_fixed_16_5_,conv,vitis,csynth,,95,68,10267,18476,1824,2520,548160,274080,5.2083,2.6984,1.873,6.7411,2207841,16117239.299999999,,7.3,,,,,,,,
config_CIN16_HIN56_WIN28_COUT16_K3_UFCIN8_UFCOU8_PAD1_STRIDE1_BIASTrue_group_conv2d_GROUPS2_ACTIVATIONrelu_ap_fixed_16_5_,conv,vitis,csynth,,95,65,7811,14119,1824,2520,548160,274080,5.2083,2.5794,1.4249,5.1514,470584,3435263.1999999997,,7.3,,,,,,,,
config_CIN16_HIN56_WIN28_COUT16_K3_UFCIN8_UFCOU8_PAD1_STRIDE1_BIASTrue_group_conv2d_GROUPS2_ACTIVATIONsigmoid_ap_fixed_16_5_,conv,vitis,csynth,,95,68,9578,15604,1824,2520,548160,274080,5.2083,2.6984,1.7473,5.6932,470613,3435474.9,,7.3,,,,,,,,
config_CIN16_HIN56_WIN28_COUT16_K3_UFCIN8_UFCOU8_PAD1_STRIDE1_BIASTrue_group_conv2d_GROUPS4_ACTIVATIONrelu_ap_fixed_16_5_,conv,vitis,csynth,,95,33,9283,17165,1824,2520,548160,274080,5.2083,1.3095,1.6935,6.2628,2019996,14745970.799999999,,7.3,,,,,,,,
config_CIN16_HIN56_WIN28_COUT16_K3_UFCIN8_UFCOU8_PAD1_STRIDE1_BIASTrue_group_conv2d_GROUPS4_ACTIVATIONsigmoid_ap_fixed_16_5_,conv,vitis,csynth,,95,36,11050,18650,1824,2520,548160,274080,5.2083,1.4286,2.0158,6.8046,2020025,14746182.5,,7.3,,,,,,,,
config_CIN16_HIN56_WIN28_COUT32_K1_UFCIN1_UFCOU1_PAD1_STRIDE1_BIASFalse_conv2d_ACTIVATIONrelu_ap_fixed_16_5_,conv,vitis,csynth,,140,6,5239,8783,1824,2520,548160,274080,7.6754,0.2381,0.9557,3.2045,1129745,8247138.5,,7.3,,,,,,,,
config_CIN16_HIN56_WIN28_COUT32_K1_UFCIN1_UFCOU1_PAD1_STRIDE1_BIASFalse_conv2d_ACTIVATIONsigmoid_ap_fixed_16_5_,conv,vitis,csynth,,140,9,7007,10271,1824,2520,548160,274080,7.6754,0.3571,1.2783,3.7474,1129775,8247357.5,,7.3,,,,,,,,
config_CIN16_HIN56_WIN28_COUT32_K1_UFCIN1_UFCOU1_PAD1_STRIDE1_BIASFalse_group_conv2d_GROUPS2_ACTIVATIONrelu_ap_fixed_16_5_,conv,vitis,csynth,,140,10,5632,9515,1824,2520,548160,274080,7.6754,0.3968,1.0274,3.4716,3816427,27859917.099999998,,7.3,,,,,,,,
config_CIN16_HIN56_WIN28_COUT32_K1_UFCIN1_UFCOU1_PAD1_STRIDE1_BIASFalse_group_conv2d_GROUPS2_ACTIVATIONsigmoid_ap_fixed_16_5_,conv,vitis,csynth,,140,13,7400,11003,1824,2520,548160,274080,7.6754,0.5159,1.35,4.0145,3816457,27860136.099999998,,7.3,,,,,,,,
config_CIN16_HIN56_WIN28_COUT32_K1_UFCIN1_UFCOU1_PAD1_STRIDE1_BIASFalse_group_conv2d_GROUPS4_ACTIVATIONrelu_ap_fixed_16_5_,conv,vitis,csynth,,140,10,5635,9518,1824,2520,548160,274080,7.6754,0.3968,1.028,3.4727,7408025,54078582.5,,7.3,,,,,,,,
config_CIN16_HIN56_WIN28_COUT32_K1_UFCIN1_UFCOU1_PAD1_STRIDE1_BIASFalse_group_conv2d_GROUPS4_ACTIVATIONsigmoid_ap_fixed_16_5_,conv,vitis,csynth,,140,13,7403,11006,1824,2520,548160,274080,7.6754,0.5159,1.3505,4.0156,7408055,54078801.5,,7.3,,,,,,,,
config_CIN16_HIN56_WIN28_COUT32_K1_UFCIN1_UFCOU1_PAD1_STRIDE1_BIASTrue_conv2d_ACTIVATIONrelu_ap_fixed_16_5_,conv,vitis,csynth,,140,6,5380,8973,1824,2520,548160,274080,7.6754,0.2381,0.9815,3.2739,1154750,8429675.0,,7.3,,,,,,,,
config_CIN16_HIN56_WIN28_COUT32_K1_UFCIN1_UFCOU1_PAD1_STRIDE1_BIASTrue_conv2d_ACTIVATIONsigmoid_ap_fixed_16_5_,conv,vitis,csynth,,140,9,7148,10461,1824,2520,548160,274080,7.6754,0.3571,1.304,3.8168,1154780,8429894.0,,7.3,,,,,,,,
config_CIN16_HIN56_WIN28_COUT32_K1_UFCIN1_UFCOU1_PAD1_STRIDE1_BIASTrue_group_conv2d_GROUPS2_ACTIVATIONrelu_ap_fixed_16_5_,conv,vitis,csynth,,140,10,5773,9705,1824,2520,548160,274080,7.6754,0.3968,1.0532,3.5409,3841432,28042453.599999998,,7.3,,,,,,,,
config_CIN16_HIN56_WIN28_COUT32_K1_UFCIN1_UFCOU1_PAD1_STRIDE1_BIASTrue_group_conv2d_GROUPS2_ACTIVATIONsigmoid_ap_fixed_16_5_,conv,vitis,csynth,,140,13,7541,11193,1824,2520,548160,274080,7.6754,0.5159,1.3757,4.0838,3841462,28042672.599999998,,7.3,,,,,,,,
config_CIN16_HIN56_WIN28_COUT32_K1_UFCIN1_UFCOU1_PAD1_STRIDE1_BIASTrue_group_conv2d_GROUPS4_ACTIVATIONrelu_ap_fixed_16_5_,conv,vitis,csynth,,140,10,5776,9708,1824,2520,548160,274080,7.6754,0.3968,1.0537,3.542,7433030,54261119.0,,7.3,,,,,,,,
config_CIN16_HIN56_WIN28_COUT32_K1_UFCIN1_UFCOU1_PAD1_STRIDE1_BIASTrue_group_conv2d_GROUPS4_ACTIVATIONsigmoid_ap_fixed_16_5_,conv,vitis,csynth,,140,13,7544,11196,1824,2520,548160,274080,7.6754,0.5159,1.3762,4.0849,7433060,54261338.0,,7.3,,,,,,,,
config_CIN16_HIN56_WIN28_COUT32_K1_UFCIN1_UFCOU4_PAD1_STRIDE1_BIASFalse_conv2d_ACTIVATIONrelu_ap_fixed_16_5_,conv,vitis,csynth,,153,10,5513,9640,1824,2520,548160,274080,8.3882,0.3968,1.0057,3.5172,444786,3246937.8,,7.3,,,,,,,,
config_CIN16_HIN56_WIN28_COUT32_K1_UFCIN1_UFCOU4_PAD1_STRIDE1_BIASFalse_conv2d_ACTIVATIONsigmoid_ap_fixed_16_5_,conv,vitis,csynth,,153,13,7404,11192,1824,2520,548160,274080,8.3882,0.5159,1.3507,4.0835,444816,3247156.8,,7.3,,,,,,,,
config_CIN16_HIN56_WIN28_COUT32_K1_UFCIN1_UFCOU4_PAD1_STRIDE1_BIASFalse_group_conv2d_GROUPS2_ACTIVATIONrelu_ap_fixed_16_5_,conv,vitis,csynth,,153,10,6342,10501,1824,2520,548160,274080,8.3882,0.3968,1.157,3.8314,1718586,12545677.799999999,,7.3,,,,,,,,
config_CIN16_HIN56_WIN28_COUT32_K1_UFCIN1_UFCOU4_PAD1_STRIDE1_BIASFalse_group_conv2d_GROUPS2_ACTIVATIONsigmoid_ap_fixed_16_5_,conv,vitis,csynth,,153,13,8233,12053,1824,2520,548160,274080,8.3882,0.5159,1.5019,4.3976,1718616,12545896.799999999,,7.3,,,,,,,,
config_CIN16_HIN56_WIN28_COUT32_K1_UFCIN1_UFCOU4_PAD1_STRIDE1_BIASFalse_group_conv2d_GROUPS4_ACTIVATIONrelu_ap_fixed_16_5_,conv,vitis,csynth,,153,10,6345,10504,1824,2520,548160,274080,8.3882,0.3968,1.1575,3.8325,3229142,23572736.599999998,,7.3,,,,,,,,
config_CIN16_HIN56_WIN28_COUT32_K1_UFCIN1_UFCOU4_PAD1_STRIDE1_BIASFalse_group_conv2d_GROUPS4_ACTIVATIONsigmoid_ap_fixed_16_5_,conv,vitis,csynth,,153,13,8236,12056,1824,2520,548160,274080,8.3882,0.5159,1.5025,4.3987,3229172,23572955.599999998,,7.3,,,,,,,,
config_CIN16_HIN56_WIN28_COUT32_K1_UFCIN1_UFCOU4_PAD1_STRIDE1_BIASTrue_conv2d_ACTIVATIONrelu_ap_fixed_16_5_,conv,vitis,csynth,,153,10,5694,9944,1824,2520,548160,274080,8.3882,0.3968,1.0387,3.6281,444831,3247266.3,,7.3,,,,,,,,
config_CIN16_HIN56_WIN28_COUT32_K1_UFCIN1_UFCOU4_PAD1_STRIDE1_BIASTrue_conv2d_ACTIVATIONsigmoid_ap_fixed_16_5_,conv,vitis,csynth,,153,13,7585,11496,1824,2520,548160,274080,8.3882,0.5159,1.3837,4.1944,444861,3247485.3,,7.3,,,,,,,,
config_CIN16_HIN56_WIN28_COUT32_K1_UFCIN1_UFCOU4_PAD1_STRIDE1_BIASTrue_group_conv2d_GROUPS2_ACTIVATIONrelu_ap_fixed_16_5_,conv,vitis,csynth,,153,10,6523,10805,1824,2520,548160,274080,8.3882,0.3968,1.19,3.9423,1718631,12546006.299999999,,7.3,,,,,,,,
config_CIN16_HIN56_WIN28_COUT32_K1_UFCIN1_UFCOU4_PAD1_STRIDE1_BIASTrue_group_conv2d_GROUPS2_ACTIVATIONsigmoid_ap_fixed_16_5_,conv,vitis,csynth,,153,13,8414,12357,1824,2520,548160,274080,8.3882,0.5159,1.535,4.5085,1718661,12546225.299999999,,7.3,,,,,,,,
config_CIN16_HIN56_WIN28_COUT32_K1_UFCIN1_UFCOU4_PAD1_STRIDE1_BIASTrue_group_conv2d_GROUPS4_ACTIVATIONrelu_ap_fixed_16_5_,conv,vitis,csynth,,153,10,6526,10808,1824,2520,548160,274080,8.3882,0.3968,1.1905,3.9434,3229187,23573065.099999998,,7.3,,,,,,,,
config_CIN16_HIN56_WIN28_COUT32_K1_UFCIN1_UFCOU4_PAD1_STRIDE1_BIASTrue_group_conv2d_GROUPS4_ACTIVATIONsigmoid_ap_fixed_16_5_,conv,vitis,csynth,,153,13,8417,12360,1824,2520,548160,274080,8.3882,0.5159,1.5355,4.5096,3229217,23573284.099999998,,7.3,,,,,,,,
config_CIN16_HIN56_WIN28_COUT32_K1_UFCIN1_UFCOU8_PAD1_STRIDE1_BIASFalse_conv2d_ACTIVATIONrelu_ap_fixed_16_5_,conv,vitis,csynth,,157,14,5606,10450,1824,2520,548160,274080,8.6075,0.5556,1.0227,3.8128,326466,2383201.8,,7.3,,,,,,,,
config_CIN16_HIN56_WIN28_COUT32_K1_UFCIN1_UFCOU8_PAD1_STRIDE1_BIASFalse_conv2d_ACTIVATIONsigmoid_ap_fixed_16_5_,conv,vitis,csynth,,157,17,7497,12002,1824,2520,548160,274080,8.6075,0.6746,1.3677,4.379,326496,2383420.8,,7.3,,,,,,,,
config_CIN16_HIN56_WIN28_COUT32_K1_UFCIN1_UFCOU8_PAD1_STRIDE1_BIASFalse_group_conv2d_GROUPS2_ACTIVATIONrelu_ap_fixed_16_5_,conv,vitis,csynth,,157,14,7077,11917,1824,2520,548160,274080,8.6075,0.5556,1.291,4.348,1266186,9243157.799999999,,7.3,,,,,,,,
config_CIN16_HIN56_WIN28_COUT32_K1_UFCIN1_UFCOU8_PAD1_STRIDE1_BIASFalse_group_conv2d_GROUPS2_ACTIVATIONsigmoid_ap_fixed_16_5_,conv,vitis,csynth,,157,17,8968,13469,1824,2520,548160,274080,8.6075,0.6746,1.636,4.9143,1266216,9243376.799999999,,7.3,,,,,,,,
config_CIN16_HIN56_WIN28_COUT32_K1_UFCIN1_UFCOU8_PAD1_STRIDE1_BIASFalse_group_conv2d_GROUPS4_ACTIVATIONrelu_ap_fixed_16_5_,conv,vitis,csynth,,157,13,5708,10587,1824,2520,548160,274080,8.6075,0.5159,1.0413,3.8627,3897302,28450304.599999998,,7.3,,,,,,,,
config_CIN16_HIN56_WIN28_COUT32_K1_UFCIN1_UFCOU8_PAD1_STRIDE1_BIASFalse_group_conv2d_GROUPS4_ACTIVATIONsigmoid_ap_fixed_16_5_,conv,vitis,csynth,,157,16,7599,12139,1824,2520,548160,274080,8.6075,0.6349,1.3863,4.429,3897332,28450523.599999998,,7.3,,,,,,,,
config_CIN16_HIN56_WIN28_COUT32_K1_UFCIN1_UFCOU8_PAD1_STRIDE1_BIASTrue_conv2d_ACTIVATIONrelu_ap_fixed_16_5_,conv,vitis,csynth,,157,14,5849,10902,1824,2520,548160,274080,8.6075,0.5556,1.067,3.9777,326511,2383530.3,,7.3,,,,,,,,
config_CIN16_HIN56_WIN28_COUT32_K1_UFCIN1_UFCOU8_PAD1_STRIDE1_BIASTrue_conv2d_ACTIVATIONsigmoid_ap_fixed_16_5_,conv,vitis,csynth,,157,17,7740,12454,1824,2520,548160,274080,8.6075,0.6746,1.412,4.5439,326541,2383749.3,,7.3,,,,,,,,
config_CIN16_HIN56_WIN28_COUT32_K1_UFCIN1_UFCOU8_PAD1_STRIDE1_BIASTrue_group_conv2d_GROUPS2_ACTIVATIONrelu_ap_fixed_16_5_,conv,vitis,csynth,,157,14,7320,12369,1824,2520,548160,274080,8.6075,0.5556,1.3354,4.5129,1266231,9243486.299999999,,7.3,,,,,,,,
config_CIN16_HIN56_WIN28_COUT32_K1_UFCIN1_UFCOU8_PAD1_STRIDE1_BIASTrue_group_conv2d_GROUPS2_ACTIVATIONsigmoid_ap_fixed_16_5_,conv,vitis,csynth,,157,17,9211,13921,1824,2520,548160,274080,8.6075,0.6746,1.6803,5.0792,1266261,9243705.299999999,,7.3,,,,,,,,
config_CIN16_HIN56_WIN28_COUT32_K1_UFCIN1_UFCOU8_PAD1_STRIDE1_BIASTrue_group_conv2d_GROUPS4_ACTIVATIONrelu_ap_fixed_16_5_,conv,vitis,csynth,,157,13,5951,11039,1824,2520,548160,274080,8.6075,0.5159,1.0856,4.0277,3897347,28450633.099999998,,7.3,,,,,,,,
config_CIN16_HIN56_WIN28_COUT32_K1_UFCIN1_UFCOU8_PAD1_STRIDE1_BIASTrue_group_conv2d_GROUPS4_ACTIVATIONsigmoid_ap_fixed_16_5_,conv,vitis,csynth,,157,16,7842,12591,1824,2520,548160,274080,8.6075,0.6349,1.4306,4.5939,3897377,28450852.099999998,,7.3,,,,,,,,
config_CIN16_HIN56_WIN28_COUT32_K1_UFCIN4_UFCOU1_PAD1_STRIDE1_BIASFalse_conv2d_ACTIVATIONrelu_ap_fixed_16_5_,conv,vitis,csynth,,147,8,5627,9588,1824,2520,548160,274080,8.0592,0.3175,1.0265,3.4982,1346106,9826573.799999999,,7.3,,,,,,,,
config_CIN16_HIN56_WIN28_COUT32_K1_UFCIN4_UFCOU1_PAD1_STRIDE1_BIASFalse_conv2d_ACTIVATIONsigmoid_ap_fixed_16_5_,conv,vitis,csynth,,147,11,7395,11076,1824,2520,548160,274080,8.0592,0.4365,1.3491,4.0412,1346136,9826792.799999999,,7.3,,,,,,,,
config_CIN16_HIN56_WIN28_COUT32_K1_UFCIN4_UFCOU1_PAD1_STRIDE1_BIASFalse_group_conv2d_GROUPS2_ACTIVATIONrelu_ap_fixed_16_5_,conv,vitis,csynth,,147,12,5725,9668,1824,2520,548160,274080,8.0592,0.4762,1.0444,3.5274,2522466,18414001.8,,7.3,,,,,,,,
config_CIN16_HIN56_WIN28_COUT32_K1_UFCIN4_UFCOU1_PAD1_STRIDE1_BIASFalse_group_conv2d_GROUPS2_ACTIVATIONsigmoid_ap_fixed_16_5_,conv,vitis,csynth,,147,15,7493,11156,1824,2520,548160,274080,8.0592,0.5952,1.3669,4.0703,2522496,18414220.8,,7.3,,,,,,,,
config_CIN16_HIN56_WIN28_COUT32_K1_UFCIN4_UFCOU1_PAD1_STRIDE1_BIASFalse_group_conv2d_GROUPS4_ACTIVATIONrelu_ap_fixed_16_5_,conv,vitis,csynth,,147,12,5735,9671,1824,2520,548160,274080,8.0592,0.4762,1.0462,3.5285,4795142,35004536.6,,7.3,,,,,,,,
config_CIN16_HIN56_WIN28_COUT32_K1_UFCIN4_UFCOU1_PAD1_STRIDE1_BIASFalse_group_conv2d_GROUPS4_ACTIVATIONsigmoid_ap_fixed_16_5_,conv,vitis,csynth,,147,15,7503,11159,1824,2520,548160,274080,8.0592,0.5952,1.3688,4.0714,4795172,35004755.6,,7.3,,,,,,,,
config_CIN16_HIN56_WIN28_COUT32_K1_UFCIN4_UFCOU1_PAD1_STRIDE1_BIASTrue_conv2d_ACTIVATIONrelu_ap_fixed_16_5_,conv,vitis,csynth,,147,8,5768,9781,1824,2520,548160,274080,8.0592,0.3175,1.0522,3.5687,1346151,9826902.299999999,,7.3,,,,,,,,
config_CIN16_HIN56_WIN28_COUT32_K1_UFCIN4_UFCOU1_PAD1_STRIDE1_BIASTrue_conv2d_ACTIVATIONsigmoid_ap_fixed_16_5_,conv,vitis,csynth,,147,11,7536,11269,1824,2520,548160,274080,8.0592,0.4365,1.3748,4.1116,1346181,9827121.299999999,,7.3,,,,,,,,
config_CIN16_HIN56_WIN28_COUT32_K1_UFCIN4_UFCOU1_PAD1_STRIDE1_BIASTrue_group_conv2d_GROUPS2_ACTIVATIONrelu_ap_fixed_16_5_,conv,vitis,csynth,,147,12,5866,9861,1824,2520,548160,274080,8.0592,0.4762,1.0701,3.5979,2522511,18414330.3,,7.3,,,,,,,,
config_CIN16_HIN56_WIN28_COUT32_K1_UFCIN4_UFCOU1_PAD1_STRIDE1_BIASTrue_group_conv2d_GROUPS2_ACTIVATIONsigmoid_ap_fixed_16_5_,conv,vitis,csynth,,147,15,7634,11349,1824,2520,548160,274080,8.0592,0.5952,1.3927,4.1408,2522541,18414549.3,,7.3,,,,,,,,
config_CIN16_HIN56_WIN28_COUT32_K1_UFCIN4_UFCOU1_PAD1_STRIDE1_BIASTrue_group_conv2d_GROUPS4_ACTIVATIONrelu_ap_fixed_16_5_,conv,vitis,csynth,,147,12,5876,9864,1824,2520,548160,274080,8.0592,0.4762,1.0719,3.5989,4795187,35004865.1,,7.3,,,,,,,,
config_CIN16_HIN56_WIN28_COUT32_K1_UFCIN4_UFCOU1_PAD1_STRIDE1_BIASTrue_group_conv2d_GROUPS4_ACTIVATIONsigmoid_ap_fixed_16_5_,conv,vitis,csynth,,147,15,7644,11352,1824,2520,548160,274080,8.0592,0.5952,1.3945,4.1419,4795217,35005084.1,,7.3,,,,,,,,
config_CIN16_HIN56_WIN28_COUT32_K1_UFCIN4_UFCOU4_PAD1_STRIDE1_BIASFalse_conv2d_ACTIVATIONrelu_ap_fixed_16_5_,conv,vitis,csynth,,153,25,6374,10964,1824,2520,548160,274080,8.3882,0.9921,1.1628,4.0003,664026,4847389.8,,7.3,,,,,,,,
config_CIN16_HIN56_WIN28_COUT32_K1_UFCIN4_UFCOU4_PAD1_STRIDE1_BIASFalse_conv2d_ACTIVATIONsigmoid_ap_fixed_16_5_,conv,vitis,csynth,,153,28,8265,12516,1824,2520,548160,274080,8.3882,1.1111,1.5078,4.5665,664056,4847608.8,,7.3,,,,,,,,
config_CIN16_HIN56_WIN28_COUT32_K1_UFCIN4_UFCOU4_PAD1_STRIDE1_BIASFalse_group_conv2d_GROUPS2_ACTIVATIONrelu_ap_fixed_16_5_,conv,vitis,csynth,,153,25,8352,13483,1824,2520,548160,274080,8.3882,0.9921,1.5236,4.9194,1617666,11808961.799999999,,7.3,,,,,,,,
config_CIN16_HIN56_WIN28_COUT32_K1_UFCIN4_UFCOU4_PAD1_STRIDE1_BIASFalse_group_conv2d_GROUPS2_ACTIVATIONsigmoid_ap_fixed_16_5_,conv,vitis,csynth,,153,28,10243,15035,1824,2520,548160,274080,8.3882,1.1111,1.8686,5.4856,1617696,11809180.799999999,,7.3,,,,,,,,
config_CIN16_HIN56_WIN28_COUT32_K1_UFCIN4_UFCOU4_PAD1_STRIDE1_BIASFalse_group_conv2d_GROUPS4_ACTIVATIONrelu_ap_fixed_16_5_,conv,vitis,csynth,,153,25,8363,13486,1824,2520,548160,274080,8.3882,0.9921,1.5256,4.9205,3027302,22099304.599999998,,7.3,,,,,,,,
config_CIN16_HIN56_WIN28_COUT32_K1_UFCIN4_UFCOU4_PAD1_STRIDE1_BIASFalse_group_conv2d_GROUPS4_ACTIVATIONsigmoid_ap_fixed_16_5_,conv,vitis,csynth,,153,28,10254,15038,1824,2520,548160,274080,8.3882,1.1111,1.8706,5.4867,3027332,22099523.599999998,,7.3,,,,,,,,
config_CIN16_HIN56_WIN28_COUT32_K1_UFCIN4_UFCOU4_PAD1_STRIDE1_BIASTrue_conv2d_ACTIVATIONrelu_ap_fixed_16_5_,conv,vitis,csynth,,153,25,6555,11268,1824,2520,548160,274080,8.3882,0.9921,1.1958,4.1112,664071,4847718.3,,7.3,,,,,,,,
config_CIN16_HIN56_WIN28_COUT32_K1_UFCIN4_UFCOU4_PAD1_STRIDE1_BIASTrue_conv2d_ACTIVATIONsigmoid_ap_fixed_16_5_,conv,vitis,csynth,,153,28,8446,12820,1824,2520,548160,274080,8.3882,1.1111,1.5408,4.6775,664101,4847937.3,,7.3,,,,,,,,
config_CIN16_HIN56_WIN28_COUT32_K1_UFCIN4_UFCOU4_PAD1_STRIDE1_BIASTrue_group_conv2d_GROUPS2_ACTIVATIONrelu_ap_fixed_16_5_,conv,vitis,csynth,,153,25,8533,13787,1824,2520,548160,274080,8.3882,0.9921,1.5567,5.0303,1617711,11809290.299999999,,7.3,,,,,,,,
config_CIN16_HIN56_WIN28_COUT32_K1_UFCIN4_UFCOU4_PAD1_STRIDE1_BIASTrue_group_conv2d_GROUPS2_ACTIVATIONsigmoid_ap_fixed_16_5_,conv,vitis,csynth,,153,28,10424,15339,1824,2520,548160,274080,8.3882,1.1111,1.9016,5.5965,1617741,11809509.299999999,,7.3,,,,,,,,
config_CIN16_HIN56_WIN28_COUT32_K1_UFCIN4_UFCOU4_PAD1_STRIDE1_BIASTrue_group_conv2d_GROUPS4_ACTIVATIONrelu_ap_fixed_16_5_,conv,vitis,csynth,,153,25,8544,13790,1824,2520,548160,274080,8.3882,0.9921,1.5587,5.0314,3027347,22099633.099999998,,7.3,,,,,,,,
config_CIN16_HIN56_WIN28_COUT32_K1_UFCIN4_UFCOU4_PAD1_STRIDE1_BIASTrue_group_conv2d_GROUPS4_ACTIVATIONsigmoid_ap_fixed_16_5_,conv,vitis,csynth,,153,28,10435,15342,1824,2520,548160,274080,8.3882,1.1111,1.9036,5.5976,3027377,22099852.099999998,,7.3,,,,,,,,
config_CIN16_HIN56_WIN28_COUT32_K1_UFCIN4_UFCOU8_PAD1_STRIDE1_BIASFalse_conv2d_ACTIVATIONrelu_ap_fixed_16_5_,conv,vitis,csynth,,153,41,7009,12672,1824,2520,548160,274080,8.3882,1.627,1.2786,4.6235,545706,3983653.8,,7.3,,,,,,,,
config_CIN16_HIN56_WIN28_COUT32_K1_UFCIN4_UFCOU8_PAD1_STRIDE1_BIASFalse_conv2d_ACTIVATIONsigmoid_ap_fixed_16_5_,conv,vitis,csynth,,153,44,8900,14224,1824,2520,548160,274080,8.3882,1.746,1.6236,5.1897,545736,3983872.8,,7.3,,,,,,,,
config_CIN16_HIN56_WIN28_COUT32_K1_UFCIN4_UFCOU8_PAD1_STRIDE1_BIASFalse_group_conv2d_GROUPS2_ACTIVATIONrelu_ap_fixed_16_5_,conv,vitis,csynth,,153,41,10717,17053,1824,2520,548160,274080,8.3882,1.627,1.9551,6.2219,1165266,8506441.799999999,,7.3,,,,,,,,
config_CIN16_HIN56_WIN28_COUT32_K1_UFCIN4_UFCOU8_PAD1_STRIDE1_BIASFalse_group_conv2d_GROUPS2_ACTIVATIONsigmoid_ap_fixed_16_5_,conv,vitis,csynth,,153,44,12608,18605,1824,2520,548160,274080,8.3882,1.746,2.3001,6.7882,1165296,8506660.799999999,,7.3,,,,,,,,
config_CIN16_HIN56_WIN28_COUT32_K1_UFCIN4_UFCOU8_PAD1_STRIDE1_BIASFalse_group_conv2d_GROUPS4_ACTIVATIONrelu_ap_fixed_16_5_,conv,vitis,csynth,,153,37,6680,12043,1824,2520,548160,274080,8.3882,1.4683,1.2186,4.394,1753622,12801440.6,,7.3,,,,,,,,
config_CIN16_HIN56_WIN28_COUT32_K1_UFCIN4_UFCOU8_PAD1_STRIDE1_BIASFalse_group_conv2d_GROUPS4_ACTIVATIONsigmoid_ap_fixed_16_5_,conv,vitis,csynth,,153,40,8571,13595,1824,2520,548160,274080,8.3882,1.5873,1.5636,4.9602,1753652,12801659.6,,7.3,,,,,,,,
config_CIN16_HIN56_WIN28_COUT32_K1_UFCIN4_UFCOU8_PAD1_STRIDE1_BIASTrue_conv2d_ACTIVATIONrelu_ap_fixed_16_5_,conv,vitis,csynth,,153,41,7252,13124,1824,2520,548160,274080,8.3882,1.627,1.323,4.7884,545751,3983982.3,,7.3,,,,,,,,
config_CIN16_HIN56_WIN28_COUT32_K1_UFCIN4_UFCOU8_PAD1_STRIDE1_BIASTrue_conv2d_ACTIVATIONsigmoid_ap_fixed_16_5_,conv,vitis,csynth,,153,44,9143,14676,1824,2520,548160,274080,8.3882,1.746,1.6679,5.3546,545781,3984201.3,,7.3,,,,,,,,
config_CIN16_HIN56_WIN28_COUT32_K1_UFCIN4_UFCOU8_PAD1_STRIDE1_BIASTrue_group_conv2d_GROUPS2_ACTIVATIONrelu_ap_fixed_16_5_,conv,vitis,csynth,,153,41,10960,17505,1824,2520,548160,274080,8.3882,1.627,1.9994,6.3868,1165311,8506770.299999999,,7.3,,,,,,,,
config_CIN16_HIN56_WIN28_COUT32_K1_UFCIN4_UFCOU8_PAD1_STRIDE1_BIASTrue_group_conv2d_GROUPS2_ACTIVATIONsigmoid_ap_fixed_16_5_,conv,vitis,csynth,,153,44,12851,19057,1824,2520,548160,274080,8.3882,1.746,2.3444,6.9531,1165341,8506989.299999999,,7.3,,,,,,,,
config_CIN16_HIN56_WIN28_COUT32_K1_UFCIN4_UFCOU8_PAD1_STRIDE1_BIASTrue_group_conv2d_GROUPS4_ACTIVATIONrelu_ap_fixed_16_5_,conv,vitis,csynth,,153,37,6923,12495,1824,2520,548160,274080,8.3882,1.4683,1.263,4.5589,1753667,12801769.1,,7.3,,,,,,,,
config_CIN16_HIN56_WIN28_COUT32_K1_UFCIN4_UFCOU8_PAD1_STRIDE1_BIASTrue_group_conv2d_GROUPS4_ACTIVATIONsigmoid_ap_fixed_16_5_,conv,vitis,csynth,,153,40,8814,14047,1824,2520,548160,274080,8.3882,1.5873,1.6079,5.1251,1753697,12801988.1,,7.3,,,,,,,,
config_CIN16_HIN56_WIN28_COUT32_K1_UFCIN8_UFCOU1_PAD1_STRIDE1_BIASFalse_conv2d_ACTIVATIONrelu_ap_fixed_16_5_,conv,vitis,csynth,,151,12,6104,10616,1824,2520,548160,274080,8.2785,0.4762,1.1135,3.8733,1342626,9801169.799999999,,7.3,,,,,,,,
config_CIN16_HIN56_WIN28_COUT32_K1_UFCIN8_UFCOU1_PAD1_STRIDE1_BIASFalse_conv2d_ACTIVATIONsigmoid_ap_fixed_16_5_,conv,vitis,csynth,,151,15,7872,12104,1824,2520,548160,274080,8.2785,0.5952,1.4361,4.4162,1342656,9801388.799999999,,7.3,,,,,,,,
config_CIN16_HIN56_WIN28_COUT32_K1_UFCIN8_UFCOU1_PAD1_STRIDE1_BIASFalse_group_conv2d_GROUPS2_ACTIVATIONrelu_ap_fixed_16_5_,conv,vitis,csynth,,151,20,6264,10646,1824,2520,548160,274080,8.2785,0.7937,1.1427,3.8843,2543346,18566425.8,,7.3,,,,,,,,
config_CIN16_HIN56_WIN28_COUT32_K1_UFCIN8_UFCOU1_PAD1_STRIDE1_BIASFalse_group_conv2d_GROUPS2_ACTIVATIONsigmoid_ap_fixed_16_5_,conv,vitis,csynth,,151,23,8032,12134,1824,2520,548160,274080,8.2785,0.9127,1.4653,4.4272,2543376,18566644.8,,7.3,,,,,,,,
config_CIN16_HIN56_WIN28_COUT32_K1_UFCIN8_UFCOU1_PAD1_STRIDE1_BIASFalse_group_conv2d_GROUPS4_ACTIVATIONrelu_ap_fixed_16_5_,conv,vitis,csynth,,151,20,6269,11674,1824,2520,548160,274080,8.2785,0.7937,1.1436,4.2593,4836902,35309384.6,,7.3,,,,,,,,
config_CIN16_HIN56_WIN28_COUT32_K1_UFCIN8_UFCOU1_PAD1_STRIDE1_BIASFalse_group_conv2d_GROUPS4_ACTIVATIONsigmoid_ap_fixed_16_5_,conv,vitis,csynth,,151,23,8037,13162,1824,2520,548160,274080,8.2785,0.9127,1.4662,4.8022,4836932,35309603.6,,7.3,,,,,,,,
config_CIN16_HIN56_WIN28_COUT32_K1_UFCIN8_UFCOU1_PAD1_STRIDE1_BIASTrue_conv2d_ACTIVATIONrelu_ap_fixed_16_5_,conv,vitis,csynth,,151,12,6245,10809,1824,2520,548160,274080,8.2785,0.4762,1.1393,3.9437,1342671,9801498.299999999,,7.3,,,,,,,,
config_CIN16_HIN56_WIN28_COUT32_K1_UFCIN8_UFCOU1_PAD1_STRIDE1_BIASTrue_conv2d_ACTIVATIONsigmoid_ap_fixed_16_5_,conv,vitis,csynth,,151,15,8013,12297,1824,2520,548160,274080,8.2785,0.5952,1.4618,4.4866,1342701,9801717.299999999,,7.3,,,,,,,,
config_CIN16_HIN56_WIN28_COUT32_K1_UFCIN8_UFCOU1_PAD1_STRIDE1_BIASTrue_group_conv2d_GROUPS2_ACTIVATIONrelu_ap_fixed_16_5_,conv,vitis,csynth,,151,20,6405,10839,1824,2520,548160,274080,8.2785,0.7937,1.1685,3.9547,2543391,18566754.3,,7.3,,,,,,,,
config_CIN16_HIN56_WIN28_COUT32_K1_UFCIN8_UFCOU1_PAD1_STRIDE1_BIASTrue_group_conv2d_GROUPS2_ACTIVATIONsigmoid_ap_fixed_16_5_,conv,vitis,csynth,,151,23,8173,12327,1824,2520,548160,274080,8.2785,0.9127,1.491,4.4976,2543421,18566973.3,,7.3,,,,,,,,
config_CIN16_HIN56_WIN28_COUT32_K1_UFCIN8_UFCOU1_PAD1_STRIDE1_BIASTrue_group_conv2d_GROUPS4_ACTIVATIONrelu_ap_fixed_16_5_,conv,vitis,csynth,,151,20,6410,11867,1824,2520,548160,274080,8.2785,0.7937,1.1694,4.3298,4836947,35309713.1,,7.3,,,,,,,,
config_CIN16_HIN56_WIN28_COUT32_K1_UFCIN8_UFCOU1_PAD1_STRIDE1_BIASTrue_group_conv2d_GROUPS4_ACTIVATIONsigmoid_ap_fixed_16_5_,conv,vitis,csynth,,151,23,8178,13355,1824,2520,548160,274080,8.2785,0.9127,1.4919,4.8727,4836977,35309932.1,,7.3,,,,,,,,
config_CIN16_HIN56_WIN28_COUT32_K1_UFCIN8_UFCOU4_PAD1_STRIDE1_BIASFalse_conv2d_ACTIVATIONrelu_ap_fixed_16_5_,conv,vitis,csynth,,153,45,7412,12614,1824,2520,548160,274080,8.3882,1.7857,1.3522,4.6023,660546,4821985.8,,7.3,,,,,,,,
config_CIN16_HIN56_WIN28_COUT32_K1_UFCIN8_UFCOU4_PAD1_STRIDE1_BIASFalse_conv2d_ACTIVATIONsigmoid_ap_fixed_16_5_,conv,vitis,csynth,,153,48,9303,14166,1824,2520,548160,274080,8.3882,1.9048,1.6971,5.1686,660576,4822204.8,,7.3,,,,,,,,
config_CIN16_HIN56_WIN28_COUT32_K1_UFCIN8_UFCOU4_PAD1_STRIDE1_BIASFalse_group_conv2d_GROUPS2_ACTIVATIONrelu_ap_fixed_16_5_,conv,vitis,csynth,,153,45,11115,17459,1824,2520,548160,274080,8.3882,1.7857,2.0277,6.37,1624626,11859769.799999999,,7.3,,,,,,,,
config_CIN16_HIN56_WIN28_COUT32_K1_UFCIN8_UFCOU4_PAD1_STRIDE1_BIASFalse_group_conv2d_GROUPS2_ACTIVATIONsigmoid_ap_fixed_16_5_,conv,vitis,csynth,,153,48,13006,19011,1824,2520,548160,274080,8.3882,1.9048,2.3727,6.9363,1624656,11859988.799999999,,7.3,,,,,,,,
config_CIN16_HIN56_WIN28_COUT32_K1_UFCIN8_UFCOU4_PAD1_STRIDE1_BIASFalse_group_conv2d_GROUPS4_ACTIVATIONrelu_ap_fixed_16_5_,conv,vitis,csynth,,153,45,11127,19535,1824,2520,548160,274080,8.3882,1.7857,2.0299,7.1275,3041222,22200920.599999998,,7.3,,,,,,,,
config_CIN16_HIN56_WIN28_COUT32_K1_UFCIN8_UFCOU4_PAD1_STRIDE1_BIASFalse_group_conv2d_GROUPS4_ACTIVATIONsigmoid_ap_fixed_16_5_,conv,vitis,csynth,,153,48,13018,21087,1824,2520,548160,274080,8.3882,1.9048,2.3749,7.6937,3041252,22201139.599999998,,7.3,,,,,,,,
config_CIN16_HIN56_WIN28_COUT32_K1_UFCIN8_UFCOU4_PAD1_STRIDE1_BIASTrue_conv2d_ACTIVATIONrelu_ap_fixed_16_5_,conv,vitis,csynth,,153,45,7593,12918,1824,2520,548160,274080,8.3882,1.7857,1.3852,4.7132,660591,4822314.3,,7.3,,,,,,,,
config_CIN16_HIN56_WIN28_COUT32_K1_UFCIN8_UFCOU4_PAD1_STRIDE1_BIASTrue_conv2d_ACTIVATIONsigmoid_ap_fixed_16_5_,conv,vitis,csynth,,153,48,9484,14470,1824,2520,548160,274080,8.3882,1.9048,1.7302,5.2795,660621,4822533.3,,7.3,,,,,,,,
config_CIN16_HIN56_WIN28_COUT32_K1_UFCIN8_UFCOU4_PAD1_STRIDE1_BIASTrue_group_conv2d_GROUPS2_ACTIVATIONrelu_ap_fixed_16_5_,conv,vitis,csynth,,153,45,11296,17763,1824,2520,548160,274080,8.3882,1.7857,2.0607,6.481,1624671,11860098.299999999,,7.3,,,,,,,,
config_CIN16_HIN56_WIN28_COUT32_K1_UFCIN8_UFCOU4_PAD1_STRIDE1_BIASTrue_group_conv2d_GROUPS2_ACTIVATIONsigmoid_ap_fixed_16_5_,conv,vitis,csynth,,153,48,13187,19315,1824,2520,548160,274080,8.3882,1.9048,2.4057,7.0472,1624701,11860317.299999999,,7.3,,,,,,,,
config_CIN16_HIN56_WIN28_COUT32_K1_UFCIN8_UFCOU4_PAD1_STRIDE1_BIASTrue_group_conv2d_GROUPS4_ACTIVATIONrelu_ap_fixed_16_5_,conv,vitis,csynth,,153,45,11308,19839,1824,2520,548160,274080,8.3882,1.7857,2.0629,7.2384,3041267,22201249.099999998,,7.3,,,,,,,,
config_CIN16_HIN56_WIN28_COUT32_K1_UFCIN8_UFCOU4_PAD1_STRIDE1_BIASTrue_group_conv2d_GROUPS4_ACTIVATIONsigmoid_ap_fixed_16_5_,conv,vitis,csynth,,153,48,13199,21391,1824,2520,548160,274080,8.3882,1.9048,2.4079,7.8047,3041297,22201468.099999998,,7.3,,,,,,,,
config_CIN16_HIN56_WIN28_COUT32_K1_UFCIN8_UFCOU8_PAD1_STRIDE1_BIASFalse_conv2d_ACTIVATIONrelu_ap_fixed_16_5_,conv,vitis,csynth,,153,77,8683,15474,1824,2520,548160,274080,8.3882,3.0556,1.584,5.6458,542226,3958249.8,,7.3,,,,,,,,
config_CIN16_HIN56_WIN28_COUT32_K1_UFCIN8_UFCOU8_PAD1_STRIDE1_BIASFalse_conv2d_ACTIVATIONsigmoid_ap_fixed_16_5_,conv,vitis,csynth,,153,80,10574,17026,1824,2520,548160,274080,8.3882,3.1746,1.929,6.2121,542256,3958468.8,,7.3,,,,,,,,
config_CIN16_HIN56_WIN28_COUT32_K1_UFCIN8_UFCOU8_PAD1_STRIDE1_BIASFalse_group_conv2d_GROUPS2_ACTIVATIONrelu_ap_fixed_16_5_,conv,vitis,csynth,,153,77,15570,23881,1824,2520,548160,274080,8.3882,3.0556,2.8404,8.7131,1172226,8557249.799999999,,7.3,,,,,,,,
config_CIN16_HIN56_WIN28_COUT32_K1_UFCIN8_UFCOU8_PAD1_STRIDE1_BIASFalse_group_conv2d_GROUPS2_ACTIVATIONsigmoid_ap_fixed_16_5_,conv,vitis,csynth,,153,80,17461,25433,1824,2520,548160,274080,8.3882,3.1746,3.1854,9.2794,1172256,8557468.799999999,,7.3,,,,,,,,
config_CIN16_HIN56_WIN28_COUT32_K1_UFCIN8_UFCOU8_PAD1_STRIDE1_BIASFalse_group_conv2d_GROUPS4_ACTIVATIONrelu_ap_fixed_16_5_,conv,vitis,csynth,,153,69,7844,16226,1824,2520,548160,274080,8.3882,2.7381,1.431,5.9202,1461302,10667504.6,,7.3,,,,,,,,
config_CIN16_HIN56_WIN28_COUT32_K1_UFCIN8_UFCOU8_PAD1_STRIDE1_BIASFalse_group_conv2d_GROUPS4_ACTIVATIONsigmoid_ap_fixed_16_5_,conv,vitis,csynth,,153,72,9735,17778,1824,2520,548160,274080,8.3882,2.8571,1.7759,6.4864,1461332,10667723.6,,7.3,,,,,,,,
config_CIN16_HIN56_WIN28_COUT32_K1_UFCIN8_UFCOU8_PAD1_STRIDE1_BIASTrue_conv2d_ACTIVATIONrelu_ap_fixed_16_5_,conv,vitis,csynth,,153,77,8926,15926,1824,2520,548160,274080,8.3882,3.0556,1.6284,5.8107,542271,3958578.3,,7.3,,,,,,,,
config_CIN16_HIN56_WIN28_COUT32_K1_UFCIN8_UFCOU8_PAD1_STRIDE1_BIASTrue_conv2d_ACTIVATIONsigmoid_ap_fixed_16_5_,conv,vitis,csynth,,153,80,10817,17478,1824,2520,548160,274080,8.3882,3.1746,1.9733,6.377,542301,3958797.3,,7.3,,,,,,,,
config_CIN16_HIN56_WIN28_COUT32_K1_UFCIN8_UFCOU8_PAD1_STRIDE1_BIASTrue_group_conv2d_GROUPS2_ACTIVATIONrelu_ap_fixed_16_5_,conv,vitis,csynth,,153,77,15813,24333,1824,2520,548160,274080,8.3882,3.0556,2.8847,8.8781,1172271,8557578.299999999,,7.3,,,,,,,,
config_CIN16_HIN56_WIN28_COUT32_K1_UFCIN8_UFCOU8_PAD1_STRIDE1_BIASTrue_group_conv2d_GROUPS2_ACTIVATIONsigmoid_ap_fixed_16_5_,conv,vitis,csynth,,153,80,17704,25885,1824,2520,548160,274080,8.3882,3.1746,3.2297,9.4443,1172301,8557797.299999999,,7.3,,,,,,,,
config_CIN16_HIN56_WIN28_COUT32_K1_UFCIN8_UFCOU8_PAD1_STRIDE1_BIASTrue_group_conv2d_GROUPS4_ACTIVATIONrelu_ap_fixed_16_5_,conv,vitis,csynth,,153,69,8087,16678,1824,2520,548160,274080,8.3882,2.7381,1.4753,6.0851,1461347,10667833.1,,7.3,,,,,,,,
config_CIN16_HIN56_WIN28_COUT32_K1_UFCIN8_UFCOU8_PAD1_STRIDE1_BIASTrue_group_conv2d_GROUPS4_ACTIVATIONsigmoid_ap_fixed_16_5_,conv,vitis,csynth,,153,72,9978,18230,1824,2520,548160,274080,8.3882,2.8571,1.8203,6.6513,1461377,10668052.1,,7.3,,,,,,,,
config_CIN16_HIN56_WIN28_COUT32_K3_UFCIN1_UFCOU1_PAD1_STRIDE1_BIASFalse_conv2d_ACTIVATIONrelu_ap_fixed_16_5_,conv,vitis,csynth,,143,2,5093,9210,1824,2520,548160,274080,7.8399,0.0794,0.9291,3.3603,7543686,55068907.8,,7.3,,,,,,,,
config_CIN16_HIN56_WIN28_COUT32_K3_UFCIN1_UFCOU1_PAD1_STRIDE1_BIASFalse_conv2d_ACTIVATIONsigmoid_ap_fixed_16_5_,conv,vitis,csynth,,143,5,6796,10663,1824,2520,548160,274080,7.8399,0.1984,1.2398,3.8905,7543715,55069119.5,,7.3,,,,,,,,
config_CIN16_HIN56_WIN28_COUT32_K3_UFCIN1_UFCOU1_PAD1_STRIDE1_BIASFalse_group_conv2d_GROUPS2_ACTIVATIONrelu_ap_fixed_16_5_,conv,vitis,csynth,,143,6,5512,9933,1824,2520,548160,274080,7.8399,0.2381,1.0055,3.6241,29302940,213911462.0,,7.3,,,,,,,,
config_CIN16_HIN56_WIN28_COUT32_K3_UFCIN1_UFCOU1_PAD1_STRIDE1_BIASFalse_group_conv2d_GROUPS2_ACTIVATIONsigmoid_ap_fixed_16_5_,conv,vitis,csynth,,143,9,7215,11386,1824,2520,548160,274080,7.8399,0.3571,1.3162,4.1543,29302969,213911673.7,,7.3,,,,,,,,
config_CIN16_HIN56_WIN28_COUT32_K3_UFCIN1_UFCOU1_PAD1_STRIDE1_BIASFalse_group_conv2d_GROUPS4_ACTIVATIONrelu_ap_fixed_16_5_,conv,vitis,csynth,,143,6,5515,9936,1824,2520,548160,274080,7.8399,0.2381,1.0061,3.6252,58398978,426312539.4,,7.3,,,,,,,,
config_CIN16_HIN56_WIN28_COUT32_K3_UFCIN1_UFCOU1_PAD1_STRIDE1_BIASFalse_group_conv2d_GROUPS4_ACTIVATIONsigmoid_ap_fixed_16_5_,conv,vitis,csynth,,143,9,7218,11389,1824,2520,548160,274080,7.8399,0.3571,1.3168,4.1554,58399007,426312751.09999996,,7.3,,,,,,,,
config_CIN16_HIN56_WIN28_COUT32_K3_UFCIN1_UFCOU1_PAD1_STRIDE1_BIASTrue_conv2d_ACTIVATIONrelu_ap_fixed_16_5_,conv,vitis,csynth,,143,2,5231,9409,1824,2520,548160,274080,7.8399,0.0794,0.9543,3.4329,7568691,55251444.3,,7.3,,,,,,,,
config_CIN16_HIN56_WIN28_COUT32_K3_UFCIN1_UFCOU1_PAD1_STRIDE1_BIASTrue_conv2d_ACTIVATIONsigmoid_ap_fixed_16_5_,conv,vitis,csynth,,143,5,6934,10862,1824,2520,548160,274080,7.8399,0.1984,1.265,3.9631,7568720,55251656.0,,7.3,,,,,,,,
config_CIN16_HIN56_WIN28_COUT32_K3_UFCIN1_UFCOU1_PAD1_STRIDE1_BIASTrue_group_conv2d_GROUPS2_ACTIVATIONrelu_ap_fixed_16_5_,conv,vitis,csynth,,143,6,5650,10132,1824,2520,548160,274080,7.8399,0.2381,1.0307,3.6967,29327945,214093998.5,,7.3,,,,,,,,
config_CIN16_HIN56_WIN28_COUT32_K3_UFCIN1_UFCOU1_PAD1_STRIDE1_BIASTrue_group_conv2d_GROUPS2_ACTIVATIONsigmoid_ap_fixed_16_5_,conv,vitis,csynth,,143,9,7353,11584,1824,2520,548160,274080,7.8399,0.3571,1.3414,4.2265,29327974,214094210.2,,7.3,,,,,,,,
config_CIN16_HIN56_WIN28_COUT32_K3_UFCIN1_UFCOU1_PAD1_STRIDE1_BIASTrue_group_conv2d_GROUPS4_ACTIVATIONrelu_ap_fixed_16_5_,conv,vitis,csynth,,143,6,5653,10135,1824,2520,548160,274080,7.8399,0.2381,1.0313,3.6978,58423983,426495075.9,,7.3,,,,,,,,
config_CIN16_HIN56_WIN28_COUT32_K3_UFCIN1_UFCOU1_PAD1_STRIDE1_BIASTrue_group_conv2d_GROUPS4_ACTIVATIONsigmoid_ap_fixed_16_5_,conv,vitis,csynth,,143,9,7356,11587,1824,2520,548160,274080,7.8399,0.3571,1.3419,4.2276,58424012,426495287.59999996,,7.3,,,,,,,,
config_CIN16_HIN56_WIN28_COUT32_K3_UFCIN1_UFCOU4_PAD1_STRIDE1_BIASFalse_conv2d_ACTIVATIONrelu_ap_fixed_16_5_,conv,vitis,csynth,,155,5,5235,10026,1824,2520,548160,274080,8.4978,0.1984,0.955,3.6581,2112007,15417651.1,,7.3,,,,,,,,
config_CIN16_HIN56_WIN28_COUT32_K3_UFCIN1_UFCOU4_PAD1_STRIDE1_BIASFalse_conv2d_ACTIVATIONsigmoid_ap_fixed_16_5_,conv,vitis,csynth,,155,8,7130,11571,1824,2520,548160,274080,8.4978,0.3175,1.3007,4.2218,2112036,15417862.799999999,,7.3,,,,,,,,
config_CIN16_HIN56_WIN28_COUT32_K3_UFCIN1_UFCOU4_PAD1_STRIDE1_BIASFalse_group_conv2d_GROUPS2_ACTIVATIONrelu_ap_fixed_16_5_,conv,vitis,csynth,,155,5,5848,10734,1824,2520,548160,274080,8.4978,0.1984,1.0668,3.9164,11565595,84428843.5,,7.3,,,,,,,,
config_CIN16_HIN56_WIN28_COUT32_K3_UFCIN1_UFCOU4_PAD1_STRIDE1_BIASFalse_group_conv2d_GROUPS2_ACTIVATIONsigmoid_ap_fixed_16_5_,conv,vitis,csynth,,155,8,7743,12279,1824,2520,548160,274080,8.4978,0.3175,1.4125,4.4801,11565624,84429055.2,,7.3,,,,,,,,
config_CIN16_HIN56_WIN28_COUT32_K3_UFCIN1_UFCOU4_PAD1_STRIDE1_BIASFalse_group_conv2d_GROUPS4_ACTIVATIONrelu_ap_fixed_16_5_,conv,vitis,csynth,,155,5,5851,10737,1824,2520,548160,274080,8.4978,0.1984,1.0674,3.9175,22936959,167439800.7,,7.3,,,,,,,,
config_CIN16_HIN56_WIN28_COUT32_K3_UFCIN1_UFCOU4_PAD1_STRIDE1_BIASFalse_group_conv2d_GROUPS4_ACTIVATIONsigmoid_ap_fixed_16_5_,conv,vitis,csynth,,155,8,7746,12282,1824,2520,548160,274080,8.4978,0.3175,1.4131,4.4812,22936988,167440012.4,,7.3,,,,,,,,
config_CIN16_HIN56_WIN28_COUT32_K3_UFCIN1_UFCOU4_PAD1_STRIDE1_BIASTrue_conv2d_ACTIVATIONrelu_ap_fixed_16_5_,conv,vitis,csynth,,155,5,5415,10353,1824,2520,548160,274080,8.4978,0.1984,0.9879,3.7774,2112052,15417979.6,,7.3,,,,,,,,
config_CIN16_HIN56_WIN28_COUT32_K3_UFCIN1_UFCOU4_PAD1_STRIDE1_BIASTrue_conv2d_ACTIVATIONsigmoid_ap_fixed_16_5_,conv,vitis,csynth,,155,8,7310,11902,1824,2520,548160,274080,8.4978,0.3175,1.3336,4.3425,2112081,15418191.299999999,,7.3,,,,,,,,
config_CIN16_HIN56_WIN28_COUT32_K3_UFCIN1_UFCOU4_PAD1_STRIDE1_BIASTrue_group_conv2d_GROUPS2_ACTIVATIONrelu_ap_fixed_16_5_,conv,vitis,csynth,,155,5,6028,11061,1824,2520,548160,274080,8.4978,0.1984,1.0997,4.0357,11565640,84429172.0,,7.3,,,,,,,,
config_CIN16_HIN56_WIN28_COUT32_K3_UFCIN1_UFCOU4_PAD1_STRIDE1_BIASTrue_group_conv2d_GROUPS2_ACTIVATIONsigmoid_ap_fixed_16_5_,conv,vitis,csynth,,155,8,7923,12610,1824,2520,548160,274080,8.4978,0.3175,1.4454,4.6008,11565669,84429383.7,,7.3,,,,,,,,
config_CIN16_HIN56_WIN28_COUT32_K3_UFCIN1_UFCOU4_PAD1_STRIDE1_BIASTrue_group_conv2d_GROUPS4_ACTIVATIONrelu_ap_fixed_16_5_,conv,vitis,csynth,,155,5,6031,11064,1824,2520,548160,274080,8.4978,0.1984,1.1002,4.0368,22937004,167440129.2,,7.3,,,,,,,,
config_CIN16_HIN56_WIN28_COUT32_K3_UFCIN1_UFCOU4_PAD1_STRIDE1_BIASTrue_group_conv2d_GROUPS4_ACTIVATIONsigmoid_ap_fixed_16_5_,conv,vitis,csynth,,155,8,7926,12613,1824,2520,548160,274080,8.4978,0.3175,1.4459,4.6019,22937033,167440340.9,,7.3,,,,,,,,
config_CIN16_HIN56_WIN28_COUT32_K3_UFCIN1_UFCOU8_PAD1_STRIDE1_BIASFalse_conv2d_ACTIVATIONrelu_ap_fixed_16_5_,conv,vitis,csynth,,155,9,5327,10847,1824,2520,548160,274080,8.4978,0.3571,0.9718,3.9576,1202567,8778739.1,,7.3,,,,,,,,
config_CIN16_HIN56_WIN28_COUT32_K3_UFCIN1_UFCOU8_PAD1_STRIDE1_BIASFalse_conv2d_ACTIVATIONsigmoid_ap_fixed_16_5_,conv,vitis,csynth,,155,12,7222,12392,1824,2520,548160,274080,8.4978,0.4762,1.3175,4.5213,1202596,8778950.799999999,,7.3,,,,,,,,
config_CIN16_HIN56_WIN28_COUT32_K3_UFCIN1_UFCOU8_PAD1_STRIDE1_BIASFalse_group_conv2d_GROUPS2_ACTIVATIONrelu_ap_fixed_16_5_,conv,vitis,csynth,,155,9,6340,12023,1824,2520,548160,274080,8.4978,0.3571,1.1566,4.3867,7946651,58010552.3,,7.3,,,,,,,,
config_CIN16_HIN56_WIN28_COUT32_K3_UFCIN1_UFCOU8_PAD1_STRIDE1_BIASFalse_group_conv2d_GROUPS2_ACTIVATIONsigmoid_ap_fixed_16_5_,conv,vitis,csynth,,155,12,8235,13568,1824,2520,548160,274080,8.4978,0.4762,1.5023,4.9504,7946680,58010764.0,,7.3,,,,,,,,
config_CIN16_HIN56_WIN28_COUT32_K3_UFCIN1_UFCOU8_PAD1_STRIDE1_BIASFalse_group_conv2d_GROUPS4_ACTIVATIONrelu_ap_fixed_16_5_,conv,vitis,csynth,,155,9,5475,10911,1824,2520,548160,274080,8.4978,0.3571,0.9988,3.981,30212479,220551096.7,,7.3,,,,,,,,
config_CIN16_HIN56_WIN28_COUT32_K3_UFCIN1_UFCOU8_PAD1_STRIDE1_BIASFalse_group_conv2d_GROUPS4_ACTIVATIONsigmoid_ap_fixed_16_5_,conv,vitis,csynth,,155,12,7370,12456,1824,2520,548160,274080,8.4978,0.4762,1.3445,4.5447,30212508,220551308.4,,7.3,,,,,,,,
config_CIN16_HIN56_WIN28_COUT32_K3_UFCIN1_UFCOU8_PAD1_STRIDE1_BIASTrue_conv2d_ACTIVATIONrelu_ap_fixed_16_5_,conv,vitis,csynth,,155,9,5570,11322,1824,2520,548160,274080,8.4978,0.3571,1.0161,4.1309,1202612,8779067.6,,7.3,,,,,,,,
config_CIN16_HIN56_WIN28_COUT32_K3_UFCIN1_UFCOU8_PAD1_STRIDE1_BIASTrue_conv2d_ACTIVATIONsigmoid_ap_fixed_16_5_,conv,vitis,csynth,,155,12,7465,12871,1824,2520,548160,274080,8.4978,0.4762,1.3618,4.6961,1202641,8779279.299999999,,7.3,,,,,,,,
config_CIN16_HIN56_WIN28_COUT32_K3_UFCIN1_UFCOU8_PAD1_STRIDE1_BIASTrue_group_conv2d_GROUPS2_ACTIVATIONrelu_ap_fixed_16_5_,conv,vitis,csynth,,155,9,6583,12498,1824,2520,548160,274080,8.4978,0.3571,1.2009,4.56,7946696,58010880.8,,7.3,,,,,,,,
config_CIN16_HIN56_WIN28_COUT32_K3_UFCIN1_UFCOU8_PAD1_STRIDE1_BIASTrue_group_conv2d_GROUPS2_ACTIVATIONsigmoid_ap_fixed_16_5_,conv,vitis,csynth,,155,12,8478,14047,1824,2520,548160,274080,8.4978,0.4762,1.5466,5.1251,7946725,58011092.5,,7.3,,,,,,,,
config_CIN16_HIN56_WIN28_COUT32_K3_UFCIN1_UFCOU8_PAD1_STRIDE1_BIASTrue_group_conv2d_GROUPS4_ACTIVATIONrelu_ap_fixed_16_5_,conv,vitis,csynth,,155,9,5718,11386,1824,2520,548160,274080,8.4978,0.3571,1.0431,4.1543,30212524,220551425.2,,7.3,,,,,,,,
config_CIN16_HIN56_WIN28_COUT32_K3_UFCIN1_UFCOU8_PAD1_STRIDE1_BIASTrue_group_conv2d_GROUPS4_ACTIVATIONsigmoid_ap_fixed_16_5_,conv,vitis,csynth,,155,12,7613,12935,1824,2520,548160,274080,8.4978,0.4762,1.3888,4.7194,30212553,220551636.9,,7.3,,,,,,,,
config_CIN16_HIN56_WIN28_COUT32_K3_UFCIN4_UFCOU1_PAD1_STRIDE1_BIASFalse_conv2d_ACTIVATIONrelu_ap_fixed_16_5_,conv,vitis,csynth,,147,5,5504,10137,1824,2520,548160,274080,8.0592,0.1984,1.0041,3.6986,9135079,66686076.699999996,,7.3,,,,,,,,
config_CIN16_HIN56_WIN28_COUT32_K3_UFCIN4_UFCOU1_PAD1_STRIDE1_BIASFalse_conv2d_ACTIVATIONsigmoid_ap_fixed_16_5_,conv,vitis,csynth,,147,8,7207,11586,1824,2520,548160,274080,8.0592,0.3175,1.3148,4.2272,9135108,66686288.4,,7.3,,,,,,,,
config_CIN16_HIN56_WIN28_COUT32_K3_UFCIN4_UFCOU1_PAD1_STRIDE1_BIASFalse_group_conv2d_GROUPS2_ACTIVATIONrelu_ap_fixed_16_5_,conv,vitis,csynth,,147,5,5654,10397,1824,2520,548160,274080,8.0592,0.1984,1.0315,3.7934,18235867,133121829.1,,7.3,,,,,,,,
config_CIN16_HIN56_WIN28_COUT32_K3_UFCIN4_UFCOU1_PAD1_STRIDE1_BIASFalse_group_conv2d_GROUPS2_ACTIVATIONsigmoid_ap_fixed_16_5_,conv,vitis,csynth,,147,8,7357,11846,1824,2520,548160,274080,8.0592,0.3175,1.3421,4.3221,18235896,133122040.8,,7.3,,,,,,,,
config_CIN16_HIN56_WIN28_COUT32_K3_UFCIN4_UFCOU1_PAD1_STRIDE1_BIASFalse_group_conv2d_GROUPS4_ACTIVATIONrelu_ap_fixed_16_5_,conv,vitis,csynth,,147,5,5664,10400,1824,2520,548160,274080,8.0592,0.1984,1.0333,3.7945,36239871,264551058.29999998,,7.3,,,,,,,,
config_CIN16_HIN56_WIN28_COUT32_K3_UFCIN4_UFCOU1_PAD1_STRIDE1_BIASFalse_group_conv2d_GROUPS4_ACTIVATIONsigmoid_ap_fixed_16_5_,conv,vitis,csynth,,147,8,7367,11849,1824,2520,548160,274080,8.0592,0.3175,1.344,4.3232,36239900,264551270.0,,7.3,,,,,,,,
config_CIN16_HIN56_WIN28_COUT32_K3_UFCIN4_UFCOU1_PAD1_STRIDE1_BIASTrue_conv2d_ACTIVATIONrelu_ap_fixed_16_5_,conv,vitis,csynth,,147,5,5642,10335,1824,2520,548160,274080,8.0592,0.1984,1.0293,3.7708,9135124,66686405.199999996,,7.3,,,,,,,,
config_CIN16_HIN56_WIN28_COUT32_K3_UFCIN4_UFCOU1_PAD1_STRIDE1_BIASTrue_conv2d_ACTIVATIONsigmoid_ap_fixed_16_5_,conv,vitis,csynth,,147,8,7345,11788,1824,2520,548160,274080,8.0592,0.3175,1.3399,4.3009,9135153,66686616.9,,7.3,,,,,,,,
config_CIN16_HIN56_WIN28_COUT32_K3_UFCIN4_UFCOU1_PAD1_STRIDE1_BIASTrue_group_conv2d_GROUPS2_ACTIVATIONrelu_ap_fixed_16_5_,conv,vitis,csynth,,147,5,5792,10595,1824,2520,548160,274080,8.0592,0.1984,1.0566,3.8657,18235912,133122157.6,,7.3,,,,,,,,
config_CIN16_HIN56_WIN28_COUT32_K3_UFCIN4_UFCOU1_PAD1_STRIDE1_BIASTrue_group_conv2d_GROUPS2_ACTIVATIONsigmoid_ap_fixed_16_5_,conv,vitis,csynth,,147,8,7495,12048,1824,2520,548160,274080,8.0592,0.3175,1.3673,4.3958,18235941,133122369.3,,7.3,,,,,,,,
config_CIN16_HIN56_WIN28_COUT32_K3_UFCIN4_UFCOU1_PAD1_STRIDE1_BIASTrue_group_conv2d_GROUPS4_ACTIVATIONrelu_ap_fixed_16_5_,conv,vitis,csynth,,147,5,5802,10598,1824,2520,548160,274080,8.0592,0.1984,1.0585,3.8668,36239916,264551386.79999998,,7.3,,,,,,,,
config_CIN16_HIN56_WIN28_COUT32_K3_UFCIN4_UFCOU1_PAD1_STRIDE1_BIASTrue_group_conv2d_GROUPS4_ACTIVATIONsigmoid_ap_fixed_16_5_,conv,vitis,csynth,,147,8,7505,12051,1824,2520,548160,274080,8.0592,0.3175,1.3691,4.3969,36239945,264551598.5,,7.3,,,,,,,,
config_CIN16_HIN56_WIN28_COUT32_K3_UFCIN4_UFCOU4_PAD1_STRIDE1_BIASFalse_conv2d_ACTIVATIONrelu_ap_fixed_16_5_,conv,vitis,csynth,,167,17,5865,11507,1824,2520,548160,274080,9.1557,0.6746,1.0699,4.1984,3678439,26852604.7,,7.3,,,,,,,,
config_CIN16_HIN56_WIN28_COUT32_K3_UFCIN4_UFCOU4_PAD1_STRIDE1_BIASFalse_conv2d_ACTIVATIONsigmoid_ap_fixed_16_5_,conv,vitis,csynth,,167,20,7760,13052,1824,2520,548160,274080,9.1557,0.7937,1.4156,4.7621,3678468,26852816.4,,7.3,,,,,,,,
config_CIN16_HIN56_WIN28_COUT32_K3_UFCIN4_UFCOU4_PAD1_STRIDE1_BIASFalse_group_conv2d_GROUPS2_ACTIVATIONrelu_ap_fixed_16_5_,conv,vitis,csynth,,167,17,7693,13897,1824,2520,548160,274080,9.1557,0.6746,1.4034,5.0704,10747099,78453822.7,,7.3,,,,,,,,
config_CIN16_HIN56_WIN28_COUT32_K3_UFCIN4_UFCOU4_PAD1_STRIDE1_BIASFalse_group_conv2d_GROUPS2_ACTIVATIONsigmoid_ap_fixed_16_5_,conv,vitis,csynth,,167,20,9588,15442,1824,2520,548160,274080,9.1557,0.7937,1.7491,5.6341,10747128,78454034.39999999,,7.3,,,,,,,,
config_CIN16_HIN56_WIN28_COUT32_K3_UFCIN4_UFCOU4_PAD1_STRIDE1_BIASFalse_group_conv2d_GROUPS4_ACTIVATIONrelu_ap_fixed_16_5_,conv,vitis,csynth,,167,17,7704,13900,1824,2520,548160,274080,9.1557,0.6746,1.4054,5.0715,21299967,155489759.1,,7.3,,,,,,,,
config_CIN16_HIN56_WIN28_COUT32_K3_UFCIN4_UFCOU4_PAD1_STRIDE1_BIASFalse_group_conv2d_GROUPS4_ACTIVATIONsigmoid_ap_fixed_16_5_,conv,vitis,csynth,,167,20,9599,15445,1824,2520,548160,274080,9.1557,0.7937,1.7511,5.6352,21299996,155489970.79999998,,7.3,,,,,,,,
config_CIN16_HIN56_WIN28_COUT32_K3_UFCIN4_UFCOU4_PAD1_STRIDE1_BIASTrue_conv2d_ACTIVATIONrelu_ap_fixed_16_5_,conv,vitis,csynth,,167,17,6045,11834,1824,2520,548160,274080,9.1557,0.6746,1.1028,4.3177,3678484,26852933.2,,7.3,,,,,,,,
config_CIN16_HIN56_WIN28_COUT32_K3_UFCIN4_UFCOU4_PAD1_STRIDE1_BIASTrue_conv2d_ACTIVATIONsigmoid_ap_fixed_16_5_,conv,vitis,csynth,,167,20,7940,13383,1824,2520,548160,274080,9.1557,0.7937,1.4485,4.8829,3678513,26853144.9,,7.3,,,,,,,,
config_CIN16_HIN56_WIN28_COUT32_K3_UFCIN4_UFCOU4_PAD1_STRIDE1_BIASTrue_group_conv2d_GROUPS2_ACTIVATIONrelu_ap_fixed_16_5_,conv,vitis,csynth,,167,17,7873,14224,1824,2520,548160,274080,9.1557,0.6746,1.4363,5.1897,10747144,78454151.2,,7.3,,,,,,,,
config_CIN16_HIN56_WIN28_COUT32_K3_UFCIN4_UFCOU4_PAD1_STRIDE1_BIASTrue_group_conv2d_GROUPS2_ACTIVATIONsigmoid_ap_fixed_16_5_,conv,vitis,csynth,,167,20,9768,15773,1824,2520,548160,274080,9.1557,0.7937,1.782,5.7549,10747173,78454362.89999999,,7.3,,,,,,,,
config_CIN16_HIN56_WIN28_COUT32_K3_UFCIN4_UFCOU4_PAD1_STRIDE1_BIASTrue_group_conv2d_GROUPS4_ACTIVATIONrelu_ap_fixed_16_5_,conv,vitis,csynth,,167,17,7884,14227,1824,2520,548160,274080,9.1557,0.6746,1.4383,5.1908,21300012,155490087.6,,7.3,,,,,,,,
config_CIN16_HIN56_WIN28_COUT32_K3_UFCIN4_UFCOU4_PAD1_STRIDE1_BIASTrue_group_conv2d_GROUPS4_ACTIVATIONsigmoid_ap_fixed_16_5_,conv,vitis,csynth,,167,20,9779,15776,1824,2520,548160,274080,9.1557,0.7937,1.784,5.756,21300041,155490299.29999998,,7.3,,,,,,,,
config_CIN16_HIN56_WIN28_COUT32_K3_UFCIN4_UFCOU8_PAD1_STRIDE1_BIASFalse_conv2d_ACTIVATIONrelu_ap_fixed_16_5_,conv,vitis,csynth,,183,33,6240,13214,1824,2520,548160,274080,10.0329,1.3095,1.1384,4.8212,2768999,20213692.7,,7.3,,,,,,,,
config_CIN16_HIN56_WIN28_COUT32_K3_UFCIN4_UFCOU8_PAD1_STRIDE1_BIASFalse_conv2d_ACTIVATIONsigmoid_ap_fixed_16_5_,conv,vitis,csynth,,183,36,8135,14759,1824,2520,548160,274080,10.0329,1.4286,1.4841,5.3849,2769028,20213904.4,,7.3,,,,,,,,
config_CIN16_HIN56_WIN28_COUT32_K3_UFCIN4_UFCOU8_PAD1_STRIDE1_BIASFalse_group_conv2d_GROUPS2_ACTIVATIONrelu_ap_fixed_16_5_,conv,vitis,csynth,,183,33,9635,17324,1824,2520,548160,274080,10.0329,1.3095,1.7577,6.3208,7128155,52035531.5,,7.3,,,,,,,,
config_CIN16_HIN56_WIN28_COUT32_K3_UFCIN4_UFCOU8_PAD1_STRIDE1_BIASFalse_group_conv2d_GROUPS2_ACTIVATIONsigmoid_ap_fixed_16_5_,conv,vitis,csynth,,183,36,11530,18869,1824,2520,548160,274080,10.0329,1.4286,2.1034,6.8845,7128184,52035743.199999996,,7.3,,,,,,,,
config_CIN16_HIN56_WIN28_COUT32_K3_UFCIN4_UFCOU8_PAD1_STRIDE1_BIASFalse_group_conv2d_GROUPS4_ACTIVATIONrelu_ap_fixed_16_5_,conv,vitis,csynth,,183,33,6034,12293,1824,2520,548160,274080,10.0329,1.3095,1.1008,4.4852,12826495,93633413.5,,7.3,,,,,,,,
config_CIN16_HIN56_WIN28_COUT32_K3_UFCIN4_UFCOU8_PAD1_STRIDE1_BIASFalse_group_conv2d_GROUPS4_ACTIVATIONsigmoid_ap_fixed_16_5_,conv,vitis,csynth,,183,36,7929,13838,1824,2520,548160,274080,10.0329,1.4286,1.4465,5.0489,12826524,93633625.2,,7.3,,,,,,,,
config_CIN16_HIN56_WIN28_COUT32_K3_UFCIN4_UFCOU8_PAD1_STRIDE1_BIASTrue_conv2d_ACTIVATIONrelu_ap_fixed_16_5_,conv,vitis,csynth,,183,33,6483,13689,1824,2520,548160,274080,10.0329,1.3095,1.1827,4.9945,2769044,20214021.2,,7.3,,,,,,,,
config_CIN16_HIN56_WIN28_COUT32_K3_UFCIN4_UFCOU8_PAD1_STRIDE1_BIASTrue_conv2d_ACTIVATIONsigmoid_ap_fixed_16_5_,conv,vitis,csynth,,183,36,8378,15238,1824,2520,548160,274080,10.0329,1.4286,1.5284,5.5597,2769073,20214232.9,,7.3,,,,,,,,
config_CIN16_HIN56_WIN28_COUT32_K3_UFCIN4_UFCOU8_PAD1_STRIDE1_BIASTrue_group_conv2d_GROUPS2_ACTIVATIONrelu_ap_fixed_16_5_,conv,vitis,csynth,,183,33,9878,17799,1824,2520,548160,274080,10.0329,1.3095,1.802,6.4941,7128200,52035860.0,,7.3,,,,,,,,
config_CIN16_HIN56_WIN28_COUT32_K3_UFCIN4_UFCOU8_PAD1_STRIDE1_BIASTrue_group_conv2d_GROUPS2_ACTIVATIONsigmoid_ap_fixed_16_5_,conv,vitis,csynth,,183,36,11773,19348,1824,2520,548160,274080,10.0329,1.4286,2.1477,7.0593,7128229,52036071.699999996,,7.3,,,,,,,,
config_CIN16_HIN56_WIN28_COUT32_K3_UFCIN4_UFCOU8_PAD1_STRIDE1_BIASTrue_group_conv2d_GROUPS4_ACTIVATIONrelu_ap_fixed_16_5_,conv,vitis,csynth,,183,33,6277,12768,1824,2520,548160,274080,10.0329,1.3095,1.1451,4.6585,12826540,93633742.0,,7.3,,,,,,,,
config_CIN16_HIN56_WIN28_COUT32_K3_UFCIN4_UFCOU8_PAD1_STRIDE1_BIASTrue_group_conv2d_GROUPS4_ACTIVATIONsigmoid_ap_fixed_16_5_,conv,vitis,csynth,,183,36,8172,14317,1824,2520,548160,274080,10.0329,1.4286,1.4908,5.2237,12826569,93633953.7,,7.3,,,,,,,,
config_CIN16_HIN56_WIN28_COUT32_K3_UFCIN8_UFCOU1_PAD1_STRIDE1_BIASFalse_conv2d_ACTIVATIONrelu_ap_fixed_16_5_,conv,vitis,csynth,,147,9,5985,11429,1824,2520,548160,274080,8.0592,0.3571,1.0918,4.17,9106855,66480041.5,,7.3,,,,,,,,
config_CIN16_HIN56_WIN28_COUT32_K3_UFCIN8_UFCOU1_PAD1_STRIDE1_BIASFalse_conv2d_ACTIVATIONsigmoid_ap_fixed_16_5_,conv,vitis,csynth,,147,12,7688,12878,1824,2520,548160,274080,8.0592,0.4762,1.4025,4.6986,9106884,66480253.199999996,,7.3,,,,,,,,
config_CIN16_HIN56_WIN28_COUT32_K3_UFCIN8_UFCOU1_PAD1_STRIDE1_BIASFalse_group_conv2d_GROUPS2_ACTIVATIONrelu_ap_fixed_16_5_,conv,vitis,csynth,,147,9,6249,11802,1824,2520,548160,274080,8.0592,0.3571,1.14,4.306,18405211,134358040.29999998,,7.3,,,,,,,,
config_CIN16_HIN56_WIN28_COUT32_K3_UFCIN8_UFCOU1_PAD1_STRIDE1_BIASFalse_group_conv2d_GROUPS2_ACTIVATIONsigmoid_ap_fixed_16_5_,conv,vitis,csynth,,147,12,7952,13251,1824,2520,548160,274080,8.0592,0.4762,1.4507,4.8347,18405240,134358252.0,,7.3,,,,,,,,
config_CIN16_HIN56_WIN28_COUT32_K3_UFCIN8_UFCOU1_PAD1_STRIDE1_BIASFalse_group_conv2d_GROUPS4_ACTIVATIONrelu_ap_fixed_16_5_,conv,vitis,csynth,,147,9,6238,12862,1824,2520,548160,274080,8.0592,0.3571,1.138,4.6928,36578559,267023480.7,,7.3,,,,,,,,
config_CIN16_HIN56_WIN28_COUT32_K3_UFCIN8_UFCOU1_PAD1_STRIDE1_BIASFalse_group_conv2d_GROUPS4_ACTIVATIONsigmoid_ap_fixed_16_5_,conv,vitis,csynth,,147,12,7941,14311,1824,2520,548160,274080,8.0592,0.4762,1.4487,5.2215,36578588,267023692.4,,7.3,,,,,,,,
config_CIN16_HIN56_WIN28_COUT32_K3_UFCIN8_UFCOU1_PAD1_STRIDE1_BIASTrue_conv2d_ACTIVATIONrelu_ap_fixed_16_5_,conv,vitis,csynth,,147,9,6123,11627,1824,2520,548160,274080,8.0592,0.3571,1.117,4.2422,9106900,66480370.0,,7.3,,,,,,,,
config_CIN16_HIN56_WIN28_COUT32_K3_UFCIN8_UFCOU1_PAD1_STRIDE1_BIASTrue_conv2d_ACTIVATIONsigmoid_ap_fixed_16_5_,conv,vitis,csynth,,147,12,7826,13080,1824,2520,548160,274080,8.0592,0.4762,1.4277,4.7723,9106929,66480581.699999996,,7.3,,,,,,,,
config_CIN16_HIN56_WIN28_COUT32_K3_UFCIN8_UFCOU1_PAD1_STRIDE1_BIASTrue_group_conv2d_GROUPS2_ACTIVATIONrelu_ap_fixed_16_5_,conv,vitis,csynth,,147,9,6387,12000,1824,2520,548160,274080,8.0592,0.3571,1.1652,4.3783,18405256,134358368.79999998,,7.3,,,,,,,,
config_CIN16_HIN56_WIN28_COUT32_K3_UFCIN8_UFCOU1_PAD1_STRIDE1_BIASTrue_group_conv2d_GROUPS2_ACTIVATIONsigmoid_ap_fixed_16_5_,conv,vitis,csynth,,147,12,8090,13453,1824,2520,548160,274080,8.0592,0.4762,1.4758,4.9084,18405285,134358580.5,,7.3,,,,,,,,
config_CIN16_HIN56_WIN28_COUT32_K3_UFCIN8_UFCOU1_PAD1_STRIDE1_BIASTrue_group_conv2d_GROUPS4_ACTIVATIONrelu_ap_fixed_16_5_,conv,vitis,csynth,,147,9,6376,13060,1824,2520,548160,274080,8.0592,0.3571,1.1632,4.765,36578604,267023809.2,,7.3,,,,,,,,
config_CIN16_HIN56_WIN28_COUT32_K3_UFCIN8_UFCOU1_PAD1_STRIDE1_BIASTrue_group_conv2d_GROUPS4_ACTIVATIONsigmoid_ap_fixed_16_5_,conv,vitis,csynth,,147,12,8079,14513,1824,2520,548160,274080,8.0592,0.4762,1.4738,5.2952,36578633,267024020.9,,7.3,,,,,,,,
config_CIN16_HIN56_WIN28_COUT32_K3_UFCIN8_UFCOU4_PAD1_STRIDE1_BIASFalse_conv2d_ACTIVATIONrelu_ap_fixed_16_5_,conv,vitis,csynth,,183,33,6650,13553,1824,2520,548160,274080,10.0329,1.3095,1.2131,4.9449,3650215,26646569.5,,7.3,,,,,,,,
config_CIN16_HIN56_WIN28_COUT32_K3_UFCIN8_UFCOU4_PAD1_STRIDE1_BIASFalse_conv2d_ACTIVATIONsigmoid_ap_fixed_16_5_,conv,vitis,csynth,,183,36,8545,15098,1824,2520,548160,274080,10.0329,1.4286,1.5589,5.5086,3650244,26646781.2,,7.3,,,,,,,,
config_CIN16_HIN56_WIN28_COUT32_K3_UFCIN8_UFCOU4_PAD1_STRIDE1_BIASFalse_group_conv2d_GROUPS2_ACTIVATIONrelu_ap_fixed_16_5_,conv,vitis,csynth,,183,33,10324,18272,1824,2520,548160,274080,10.0329,1.3095,1.8834,6.6667,10803547,78865893.1,,7.3,,,,,,,,
config_CIN16_HIN56_WIN28_COUT32_K3_UFCIN8_UFCOU4_PAD1_STRIDE1_BIASFalse_group_conv2d_GROUPS2_ACTIVATIONsigmoid_ap_fixed_16_5_,conv,vitis,csynth,,183,36,12219,19817,1824,2520,548160,274080,10.0329,1.4286,2.2291,7.2304,10803576,78866104.8,,7.3,,,,,,,,
config_CIN16_HIN56_WIN28_COUT32_K3_UFCIN8_UFCOU4_PAD1_STRIDE1_BIASFalse_group_conv2d_GROUPS4_ACTIVATIONrelu_ap_fixed_16_5_,conv,vitis,csynth,,183,33,10328,20348,1824,2520,548160,274080,10.0329,1.3095,1.8841,7.4241,21412863,156313899.9,,7.3,,,,,,,,
config_CIN16_HIN56_WIN28_COUT32_K3_UFCIN8_UFCOU4_PAD1_STRIDE1_BIASFalse_group_conv2d_GROUPS4_ACTIVATIONsigmoid_ap_fixed_16_5_,conv,vitis,csynth,,183,36,12223,21893,1824,2520,548160,274080,10.0329,1.4286,2.2298,7.9878,21412892,156314111.6,,7.3,,,,,,,,
config_CIN16_HIN56_WIN28_COUT32_K3_UFCIN8_UFCOU4_PAD1_STRIDE1_BIASTrue_conv2d_ACTIVATIONrelu_ap_fixed_16_5_,conv,vitis,csynth,,183,33,6830,13880,1824,2520,548160,274080,10.0329,1.3095,1.246,5.0642,3650260,26646898.0,,7.3,,,,,,,,
config_CIN16_HIN56_WIN28_COUT32_K3_UFCIN8_UFCOU4_PAD1_STRIDE1_BIASTrue_conv2d_ACTIVATIONsigmoid_ap_fixed_16_5_,conv,vitis,csynth,,183,36,8725,15429,1824,2520,548160,274080,10.0329,1.4286,1.5917,5.6294,3650289,26647109.7,,7.3,,,,,,,,
config_CIN16_HIN56_WIN28_COUT32_K3_UFCIN8_UFCOU4_PAD1_STRIDE1_BIASTrue_group_conv2d_GROUPS2_ACTIVATIONrelu_ap_fixed_16_5_,conv,vitis,csynth,,183,33,10504,18599,1824,2520,548160,274080,10.0329,1.3095,1.9162,6.786,10803592,78866221.6,,7.3,,,,,,,,
config_CIN16_HIN56_WIN28_COUT32_K3_UFCIN8_UFCOU4_PAD1_STRIDE1_BIASTrue_group_conv2d_GROUPS2_ACTIVATIONsigmoid_ap_fixed_16_5_,conv,vitis,csynth,,183,36,12399,20148,1824,2520,548160,274080,10.0329,1.4286,2.2619,7.3511,10803621,78866433.3,,7.3,,,,,,,,
config_CIN16_HIN56_WIN28_COUT32_K3_UFCIN8_UFCOU4_PAD1_STRIDE1_BIASTrue_group_conv2d_GROUPS4_ACTIVATIONrelu_ap_fixed_16_5_,conv,vitis,csynth,,183,33,10508,20675,1824,2520,548160,274080,10.0329,1.3095,1.917,7.5434,21412908,156314228.4,,7.3,,,,,,,,
config_CIN16_HIN56_WIN28_COUT32_K3_UFCIN8_UFCOU4_PAD1_STRIDE1_BIASTrue_group_conv2d_GROUPS4_ACTIVATIONsigmoid_ap_fixed_16_5_,conv,vitis,csynth,,183,36,12403,22224,1824,2520,548160,274080,10.0329,1.4286,2.2627,8.1086,21412937,156314440.1,,7.3,,,,,,,,
config_CIN16_HIN56_WIN28_COUT32_K3_UFCIN8_UFCOU8_PAD1_STRIDE1_BIASFalse_conv2d_ACTIVATIONrelu_ap_fixed_16_5_,conv,vitis,csynth,,215,65,7401,16332,1824,2520,548160,274080,11.7873,2.5794,1.3502,5.9588,2740775,20007657.5,,7.3,,,,,,,,
config_CIN16_HIN56_WIN28_COUT32_K3_UFCIN8_UFCOU8_PAD1_STRIDE1_BIASFalse_conv2d_ACTIVATIONsigmoid_ap_fixed_16_5_,conv,vitis,csynth,,215,68,9296,17877,1824,2520,548160,274080,11.7873,2.6984,1.6959,6.5225,2740804,20007869.2,,7.3,,,,,,,,
config_CIN16_HIN56_WIN28_COUT32_K3_UFCIN8_UFCOU8_PAD1_STRIDE1_BIASFalse_group_conv2d_GROUPS2_ACTIVATIONrelu_ap_fixed_16_5_,conv,vitis,csynth,,215,65,14198,24491,1824,2520,548160,274080,11.7873,2.5794,2.5901,8.9357,7184603,52447601.9,,7.3,,,,,,,,
config_CIN16_HIN56_WIN28_COUT32_K3_UFCIN8_UFCOU8_PAD1_STRIDE1_BIASFalse_group_conv2d_GROUPS2_ACTIVATIONsigmoid_ap_fixed_16_5_,conv,vitis,csynth,,215,68,16093,26036,1824,2520,548160,274080,11.7873,2.6984,2.9358,9.4994,7184632,52447813.6,,7.3,,,,,,,,
config_CIN16_HIN56_WIN28_COUT32_K3_UFCIN8_UFCOU8_PAD1_STRIDE1_BIASFalse_group_conv2d_GROUPS4_ACTIVATIONrelu_ap_fixed_16_5_,conv,vitis,csynth,,215,65,6796,16713,1824,2520,548160,274080,11.7873,2.5794,1.2398,6.0979,10455679,76326456.7,,7.3,,,,,,,,
config_CIN16_HIN56_WIN28_COUT32_K3_UFCIN8_UFCOU8_PAD1_STRIDE1_BIASFalse_group_conv2d_GROUPS4_ACTIVATIONsigmoid_ap_fixed_16_5_,conv,vitis,csynth,,215,68,8691,18258,1824,2520,548160,274080,11.7873,2.6984,1.5855,6.6616,10455708,76326668.39999999,,7.3,,,,,,,,
config_CIN16_HIN56_WIN28_COUT32_K3_UFCIN8_UFCOU8_PAD1_STRIDE1_BIASTrue_conv2d_ACTIVATIONrelu_ap_fixed_16_5_,conv,vitis,csynth,,215,65,7644,16807,1824,2520,548160,274080,11.7873,2.5794,1.3945,6.1322,2740820,20007986.0,,7.3,,,,,,,,
config_CIN16_HIN56_WIN28_COUT32_K3_UFCIN8_UFCOU8_PAD1_STRIDE1_BIASTrue_conv2d_ACTIVATIONsigmoid_ap_fixed_16_5_,conv,vitis,csynth,,215,68,9539,18356,1824,2520,548160,274080,11.7873,2.6984,1.7402,6.6973,2740849,20008197.7,,7.3,,,,,,,,
config_CIN16_HIN56_WIN28_COUT32_K3_UFCIN8_UFCOU8_PAD1_STRIDE1_BIASTrue_group_conv2d_GROUPS2_ACTIVATIONrelu_ap_fixed_16_5_,conv,vitis,csynth,,215,65,14441,24966,1824,2520,548160,274080,11.7873,2.5794,2.6344,9.109,7184648,52447930.4,,7.3,,,,,,,,
config_CIN16_HIN56_WIN28_COUT32_K3_UFCIN8_UFCOU8_PAD1_STRIDE1_BIASTrue_group_conv2d_GROUPS2_ACTIVATIONsigmoid_ap_fixed_16_5_,conv,vitis,csynth,,215,68,16336,26515,1824,2520,548160,274080,11.7873,2.6984,2.9802,9.6742,7184677,52448142.1,,7.3,,,,,,,,
config_CIN16_HIN56_WIN28_COUT32_K3_UFCIN8_UFCOU8_PAD1_STRIDE1_BIASTrue_group_conv2d_GROUPS4_ACTIVATIONrelu_ap_fixed_16_5_,conv,vitis,csynth,,215,65,7039,17188,1824,2520,548160,274080,11.7873,2.5794,1.2841,6.2712,10455724,76326785.2,,7.3,,,,,,,,
config_CIN16_HIN56_WIN28_COUT32_K3_UFCIN8_UFCOU8_PAD1_STRIDE1_BIASTrue_group_conv2d_GROUPS4_ACTIVATIONsigmoid_ap_fixed_16_5_,conv,vitis,csynth,,215,68,8934,18737,1824,2520,548160,274080,11.7873,2.6984,1.6298,6.8363,10455753,76326996.89999999,,7.3,,,,,,,,
config_CIN16_HIN56_WIN56_COUT16_K1_UFCIN1_UFCOU1_PAD1_STRIDE1_BIASFalse_conv2d_ACTIVATIONrelu_ap_fixed_16_5_,conv,vitis,csynth,,164,7,5129,8666,1824,2520,548160,274080,8.9912,0.2778,0.9357,3.1619,1104593,8063528.899999999,,7.3,,,,,,,,
config_CIN16_HIN56_WIN56_COUT16_K1_UFCIN1_UFCOU1_PAD1_STRIDE1_BIASFalse_conv2d_ACTIVATIONsigmoid_ap_fixed_16_5_,conv,vitis,csynth,,164,10,6897,10154,1824,2520,548160,274080,8.9912,0.3968,1.2582,3.7048,1104623,8063747.899999999,,7.3,,,,,,,,
config_CIN16_HIN56_WIN56_COUT16_K1_UFCIN1_UFCOU1_PAD1_STRIDE1_BIASFalse_group_conv2d_GROUPS2_ACTIVATIONrelu_ap_fixed_16_5_,conv,vitis,csynth,,164,12,5512,9319,1824,2520,548160,274080,8.9912,0.4762,1.0055,3.4001,3715179,27120806.7,,7.3,,,,,,,,
config_CIN16_HIN56_WIN56_COUT16_K1_UFCIN1_UFCOU1_PAD1_STRIDE1_BIASFalse_group_conv2d_GROUPS2_ACTIVATIONsigmoid_ap_fixed_16_5_,conv,vitis,csynth,,164,15,7280,10807,1824,2520,548160,274080,8.9912,0.5952,1.3281,3.943,3715209,27121025.7,,7.3,,,,,,,,
config_CIN16_HIN56_WIN56_COUT16_K1_UFCIN1_UFCOU1_PAD1_STRIDE1_BIASFalse_group_conv2d_GROUPS4_ACTIVATIONrelu_ap_fixed_16_5_,conv,vitis,csynth,,164,12,5514,9322,1824,2520,548160,274080,8.9912,0.4762,1.0059,3.4012,7213977,52662032.1,,7.3,,,,,,,,
config_CIN16_HIN56_WIN56_COUT16_K1_UFCIN1_UFCOU1_PAD1_STRIDE1_BIASFalse_group_conv2d_GROUPS4_ACTIVATIONsigmoid_ap_fixed_16_5_,conv,vitis,csynth,,164,15,7282,10810,1824,2520,548160,274080,8.9912,0.5952,1.3284,3.9441,7214007,52662251.1,,7.3,,,,,,,,
config_CIN16_HIN56_WIN56_COUT16_K1_UFCIN1_UFCOU1_PAD1_STRIDE1_BIASTrue_conv2d_ACTIVATIONrelu_ap_fixed_16_5_,conv,vitis,csynth,,164,7,5265,8850,1824,2520,548160,274080,8.9912,0.2778,0.9605,3.229,1154734,8429558.2,,7.3,,,,,,,,
config_CIN16_HIN56_WIN56_COUT16_K1_UFCIN1_UFCOU1_PAD1_STRIDE1_BIASTrue_conv2d_ACTIVATIONsigmoid_ap_fixed_16_5_,conv,vitis,csynth,,164,10,7033,10338,1824,2520,548160,274080,8.9912,0.3968,1.283,3.7719,1154764,8429777.2,,7.3,,,,,,,,
config_CIN16_HIN56_WIN56_COUT16_K1_UFCIN1_UFCOU1_PAD1_STRIDE1_BIASTrue_group_conv2d_GROUPS2_ACTIVATIONrelu_ap_fixed_16_5_,conv,vitis,csynth,,164,12,5648,9503,1824,2520,548160,274080,8.9912,0.4762,1.0304,3.4672,3765320,27486836.0,,7.3,,,,,,,,
config_CIN16_HIN56_WIN56_COUT16_K1_UFCIN1_UFCOU1_PAD1_STRIDE1_BIASTrue_group_conv2d_GROUPS2_ACTIVATIONsigmoid_ap_fixed_16_5_,conv,vitis,csynth,,164,15,7416,10991,1824,2520,548160,274080,8.9912,0.5952,1.3529,4.0101,3765350,27487055.0,,7.3,,,,,,,,
config_CIN16_HIN56_WIN56_COUT16_K1_UFCIN1_UFCOU1_PAD1_STRIDE1_BIASTrue_group_conv2d_GROUPS4_ACTIVATIONrelu_ap_fixed_16_5_,conv,vitis,csynth,,164,12,5650,9506,1824,2520,548160,274080,8.9912,0.4762,1.0307,3.4683,7264118,53028061.4,,7.3,,,,,,,,
config_CIN16_HIN56_WIN56_COUT16_K1_UFCIN1_UFCOU1_PAD1_STRIDE1_BIASTrue_group_conv2d_GROUPS4_ACTIVATIONsigmoid_ap_fixed_16_5_,conv,vitis,csynth,,164,15,7418,10994,1824,2520,548160,274080,8.9912,0.5952,1.3533,4.0112,7264148,53028280.4,,7.3,,,,,,,,
config_CIN16_HIN56_WIN56_COUT16_K1_UFCIN1_UFCOU4_PAD1_STRIDE1_BIASFalse_conv2d_ACTIVATIONrelu_ap_fixed_16_5_,conv,vitis,csynth,,177,12,5444,9488,1824,2520,548160,274080,9.7039,0.4762,0.9931,3.4618,468450,3419685.0,,7.3,,,,,,,,
config_CIN16_HIN56_WIN56_COUT16_K1_UFCIN1_UFCOU4_PAD1_STRIDE1_BIASFalse_conv2d_ACTIVATIONsigmoid_ap_fixed_16_5_,conv,vitis,csynth,,177,15,7276,11008,1824,2520,548160,274080,9.7039,0.5952,1.3273,4.0163,468480,3419904.0,,7.3,,,,,,,,
config_CIN16_HIN56_WIN56_COUT16_K1_UFCIN1_UFCOU4_PAD1_STRIDE1_BIASFalse_group_conv2d_GROUPS2_ACTIVATIONrelu_ap_fixed_16_5_,conv,vitis,csynth,,177,28,6267,10708,1824,2520,548160,274080,9.7039,1.1111,1.1433,3.9069,1141372,8332015.6,,7.3,,,,,,,,
config_CIN16_HIN56_WIN56_COUT16_K1_UFCIN1_UFCOU4_PAD1_STRIDE1_BIASFalse_group_conv2d_GROUPS2_ACTIVATIONsigmoid_ap_fixed_16_5_,conv,vitis,csynth,,177,31,8099,12228,1824,2520,548160,274080,9.7039,1.2302,1.4775,4.4615,1141402,8332234.6,,7.3,,,,,,,,
config_CIN16_HIN56_WIN56_COUT16_K1_UFCIN1_UFCOU4_PAD1_STRIDE1_BIASFalse_group_conv2d_GROUPS4_ACTIVATIONrelu_ap_fixed_16_5_,conv,vitis,csynth,,177,11,5740,9746,1824,2520,548160,274080,9.7039,0.4365,1.0471,3.5559,562998,4109885.4,,7.3,,,,,,,,
config_CIN16_HIN56_WIN56_COUT16_K1_UFCIN1_UFCOU4_PAD1_STRIDE1_BIASFalse_group_conv2d_GROUPS4_ACTIVATIONsigmoid_ap_fixed_16_5_,conv,vitis,csynth,,177,14,7572,11266,1824,2520,548160,274080,9.7039,0.5556,1.3813,4.1105,563028,4110104.4,,7.3,,,,,,,,
config_CIN16_HIN56_WIN56_COUT16_K1_UFCIN1_UFCOU4_PAD1_STRIDE1_BIASTrue_conv2d_ACTIVATIONrelu_ap_fixed_16_5_,conv,vitis,csynth,,177,12,5620,9786,1824,2520,548160,274080,9.7039,0.4762,1.0252,3.5705,468479,3419896.6999999997,,7.3,,,,,,,,
config_CIN16_HIN56_WIN56_COUT16_K1_UFCIN1_UFCOU4_PAD1_STRIDE1_BIASTrue_conv2d_ACTIVATIONsigmoid_ap_fixed_16_5_,conv,vitis,csynth,,177,15,7452,11306,1824,2520,548160,274080,9.7039,0.5952,1.3595,4.1251,468509,3420115.6999999997,,7.3,,,,,,,,
config_CIN16_HIN56_WIN56_COUT16_K1_UFCIN1_UFCOU4_PAD1_STRIDE1_BIASTrue_group_conv2d_GROUPS2_ACTIVATIONrelu_ap_fixed_16_5_,conv,vitis,csynth,,177,28,6443,11006,1824,2520,548160,274080,9.7039,1.1111,1.1754,4.0156,1141401,8332227.3,,7.3,,,,,,,,
config_CIN16_HIN56_WIN56_COUT16_K1_UFCIN1_UFCOU4_PAD1_STRIDE1_BIASTrue_group_conv2d_GROUPS2_ACTIVATIONsigmoid_ap_fixed_16_5_,conv,vitis,csynth,,177,31,8275,12526,1824,2520,548160,274080,9.7039,1.2302,1.5096,4.5702,1141431,8332446.3,,7.3,,,,,,,,
config_CIN16_HIN56_WIN56_COUT16_K1_UFCIN1_UFCOU4_PAD1_STRIDE1_BIASTrue_group_conv2d_GROUPS4_ACTIVATIONrelu_ap_fixed_16_5_,conv,vitis,csynth,,177,11,5916,10044,1824,2520,548160,274080,9.7039,0.4365,1.0792,3.6646,563027,4110097.1,,7.3,,,,,,,,
config_CIN16_HIN56_WIN56_COUT16_K1_UFCIN1_UFCOU4_PAD1_STRIDE1_BIASTrue_group_conv2d_GROUPS4_ACTIVATIONsigmoid_ap_fixed_16_5_,conv,vitis,csynth,,177,14,7748,11564,1824,2520,548160,274080,9.7039,0.5556,1.4135,4.2192,563057,4110316.1,,7.3,,,,,,,,
config_CIN16_HIN56_WIN56_COUT16_K1_UFCIN1_UFCOU8_PAD1_STRIDE1_BIASFalse_conv2d_ACTIVATIONrelu_ap_fixed_16_5_,conv,vitis,csynth,,173,16,5773,10283,1824,2520,548160,274080,9.4846,0.6349,1.0532,3.7518,461722,3370570.6,,7.3,,,,,,,,
config_CIN16_HIN56_WIN56_COUT16_K1_UFCIN1_UFCOU8_PAD1_STRIDE1_BIASFalse_conv2d_ACTIVATIONsigmoid_ap_fixed_16_5_,conv,vitis,csynth,,173,19,7605,11803,1824,2520,548160,274080,9.4846,0.754,1.3874,4.3064,461752,3370789.6,,7.3,,,,,,,,
config_CIN16_HIN56_WIN56_COUT16_K1_UFCIN1_UFCOU8_PAD1_STRIDE1_BIASFalse_group_conv2d_GROUPS2_ACTIVATIONrelu_ap_fixed_16_5_,conv,vitis,csynth,,173,15,6105,10524,1824,2520,548160,274080,9.4846,0.5952,1.1137,3.8398,387834,2831188.1999999997,,7.3,,,,,,,,
config_CIN16_HIN56_WIN56_COUT16_K1_UFCIN1_UFCOU8_PAD1_STRIDE1_BIASFalse_group_conv2d_GROUPS2_ACTIVATIONsigmoid_ap_fixed_16_5_,conv,vitis,csynth,,173,18,7937,12044,1824,2520,548160,274080,9.4846,0.7143,1.4479,4.3943,387864,2831407.1999999997,,7.3,,,,,,,,
config_CIN16_HIN56_WIN56_COUT16_K1_UFCIN1_UFCOU8_PAD1_STRIDE1_BIASFalse_group_conv2d_GROUPS4_ACTIVATIONrelu_ap_fixed_16_5_,conv,vitis,csynth,,173,12,5909,10498,1824,2520,548160,274080,9.4846,0.4762,1.078,3.8303,556966,4065851.8,,7.3,,,,,,,,
config_CIN16_HIN56_WIN56_COUT16_K1_UFCIN1_UFCOU8_PAD1_STRIDE1_BIASFalse_group_conv2d_GROUPS4_ACTIVATIONsigmoid_ap_fixed_16_5_,conv,vitis,csynth,,173,15,7741,12018,1824,2520,548160,274080,9.4846,0.5952,1.4122,4.3849,556996,4066070.8,,7.3,,,,,,,,
config_CIN16_HIN56_WIN56_COUT16_K1_UFCIN1_UFCOU8_PAD1_STRIDE1_BIASTrue_conv2d_ACTIVATIONrelu_ap_fixed_16_5_,conv,vitis,csynth,,173,16,6011,10733,1824,2520,548160,274080,9.4846,0.6349,1.0966,3.916,461751,3370782.3,,7.3,,,,,,,,
config_CIN16_HIN56_WIN56_COUT16_K1_UFCIN1_UFCOU8_PAD1_STRIDE1_BIASTrue_conv2d_ACTIVATIONsigmoid_ap_fixed_16_5_,conv,vitis,csynth,,173,19,7843,12253,1824,2520,548160,274080,9.4846,0.754,1.4308,4.4706,461781,3371001.3,,7.3,,,,,,,,
config_CIN16_HIN56_WIN56_COUT16_K1_UFCIN1_UFCOU8_PAD1_STRIDE1_BIASTrue_group_conv2d_GROUPS2_ACTIVATIONrelu_ap_fixed_16_5_,conv,vitis,csynth,,173,15,6343,10974,1824,2520,548160,274080,9.4846,0.5952,1.1571,4.0039,387863,2831399.9,,7.3,,,,,,,,
config_CIN16_HIN56_WIN56_COUT16_K1_UFCIN1_UFCOU8_PAD1_STRIDE1_BIASTrue_group_conv2d_GROUPS2_ACTIVATIONsigmoid_ap_fixed_16_5_,conv,vitis,csynth,,173,18,8175,12494,1824,2520,548160,274080,9.4846,0.7143,1.4914,4.5585,387893,2831618.9,,7.3,,,,,,,,
config_CIN16_HIN56_WIN56_COUT16_K1_UFCIN1_UFCOU8_PAD1_STRIDE1_BIASTrue_group_conv2d_GROUPS4_ACTIVATIONrelu_ap_fixed_16_5_,conv,vitis,csynth,,173,12,6147,10948,1824,2520,548160,274080,9.4846,0.4762,1.1214,3.9945,556995,4066063.5,,7.3,,,,,,,,
config_CIN16_HIN56_WIN56_COUT16_K1_UFCIN1_UFCOU8_PAD1_STRIDE1_BIASTrue_group_conv2d_GROUPS4_ACTIVATIONsigmoid_ap_fixed_16_5_,conv,vitis,csynth,,173,15,7979,12468,1824,2520,548160,274080,9.4846,0.5952,1.4556,4.549,557025,4066282.5,,7.3,,,,,,,,
config_CIN16_HIN56_WIN56_COUT16_K1_UFCIN4_UFCOU1_PAD1_STRIDE1_BIASFalse_conv2d_ACTIVATIONrelu_ap_fixed_16_5_,conv,vitis,csynth,,179,13,5520,9300,1824,2520,548160,274080,9.8136,0.5159,1.007,3.3932,1578570,11523561.0,,7.3,,,,,,,,
config_CIN16_HIN56_WIN56_COUT16_K1_UFCIN4_UFCOU1_PAD1_STRIDE1_BIASFalse_conv2d_ACTIVATIONsigmoid_ap_fixed_16_5_,conv,vitis,csynth,,179,16,7288,10788,1824,2520,548160,274080,9.8136,0.6349,1.3295,3.9361,1578600,11523780.0,,7.3,,,,,,,,
config_CIN16_HIN56_WIN56_COUT16_K1_UFCIN4_UFCOU1_PAD1_STRIDE1_BIASFalse_group_conv2d_GROUPS2_ACTIVATIONrelu_ap_fixed_16_5_,conv,vitis,csynth,,179,17,5593,9399,1824,2520,548160,274080,9.8136,0.6746,1.0203,3.4293,2937746,21445545.8,,7.3,,,,,,,,
config_CIN16_HIN56_WIN56_COUT16_K1_UFCIN4_UFCOU1_PAD1_STRIDE1_BIASFalse_group_conv2d_GROUPS2_ACTIVATIONsigmoid_ap_fixed_16_5_,conv,vitis,csynth,,179,20,7361,10887,1824,2520,548160,274080,9.8136,0.7937,1.3429,3.9722,2937776,21445764.8,,7.3,,,,,,,,
config_CIN16_HIN56_WIN56_COUT16_K1_UFCIN4_UFCOU1_PAD1_STRIDE1_BIASFalse_group_conv2d_GROUPS4_ACTIVATIONrelu_ap_fixed_16_5_,conv,vitis,csynth,,179,17,5603,9402,1824,2520,548160,274080,9.8136,0.6746,1.0221,3.4304,5608998,40945685.4,,7.3,,,,,,,,
config_CIN16_HIN56_WIN56_COUT16_K1_UFCIN4_UFCOU1_PAD1_STRIDE1_BIASFalse_group_conv2d_GROUPS4_ACTIVATIONsigmoid_ap_fixed_16_5_,conv,vitis,csynth,,179,20,7371,10890,1824,2520,548160,274080,9.8136,0.7937,1.3447,3.9733,5609028,40945904.4,,7.3,,,,,,,,
config_CIN16_HIN56_WIN56_COUT16_K1_UFCIN4_UFCOU1_PAD1_STRIDE1_BIASTrue_conv2d_ACTIVATIONrelu_ap_fixed_16_5_,conv,vitis,csynth,,179,13,5656,9487,1824,2520,548160,274080,9.8136,0.5159,1.0318,3.4614,1578599,11523772.7,,7.3,,,,,,,,
config_CIN16_HIN56_WIN56_COUT16_K1_UFCIN4_UFCOU1_PAD1_STRIDE1_BIASTrue_conv2d_ACTIVATIONsigmoid_ap_fixed_16_5_,conv,vitis,csynth,,179,16,7424,10975,1824,2520,548160,274080,9.8136,0.6349,1.3543,4.0043,1578629,11523991.7,,7.3,,,,,,,,
config_CIN16_HIN56_WIN56_COUT16_K1_UFCIN4_UFCOU1_PAD1_STRIDE1_BIASTrue_group_conv2d_GROUPS2_ACTIVATIONrelu_ap_fixed_16_5_,conv,vitis,csynth,,179,17,5729,9586,1824,2520,548160,274080,9.8136,0.6746,1.0451,3.4975,2937775,21445757.5,,7.3,,,,,,,,
config_CIN16_HIN56_WIN56_COUT16_K1_UFCIN4_UFCOU1_PAD1_STRIDE1_BIASTrue_group_conv2d_GROUPS2_ACTIVATIONsigmoid_ap_fixed_16_5_,conv,vitis,csynth,,179,20,7497,11074,1824,2520,548160,274080,9.8136,0.7937,1.3677,4.0404,2937805,21445976.5,,7.3,,,,,,,,
config_CIN16_HIN56_WIN56_COUT16_K1_UFCIN4_UFCOU1_PAD1_STRIDE1_BIASTrue_group_conv2d_GROUPS4_ACTIVATIONrelu_ap_fixed_16_5_,conv,vitis,csynth,,179,17,5739,9589,1824,2520,548160,274080,9.8136,0.6746,1.047,3.4986,5609027,40945897.1,,7.3,,,,,,,,
config_CIN16_HIN56_WIN56_COUT16_K1_UFCIN4_UFCOU1_PAD1_STRIDE1_BIASTrue_group_conv2d_GROUPS4_ACTIVATIONsigmoid_ap_fixed_16_5_,conv,vitis,csynth,,179,20,7507,11077,1824,2520,548160,274080,9.8136,0.7937,1.3695,4.0415,5609057,40946116.1,,7.3,,,,,,,,
config_CIN16_HIN56_WIN56_COUT16_K1_UFCIN4_UFCOU4_PAD1_STRIDE1_BIASFalse_conv2d_ACTIVATIONrelu_ap_fixed_16_5_,conv,vitis,csynth,,185,27,6284,10740,1824,2520,548160,274080,10.1425,1.0714,1.1464,3.9186,892314,6513892.2,,7.3,,,,,,,,
config_CIN16_HIN56_WIN56_COUT16_K1_UFCIN4_UFCOU4_PAD1_STRIDE1_BIASFalse_conv2d_ACTIVATIONsigmoid_ap_fixed_16_5_,conv,vitis,csynth,,185,30,8116,12260,1824,2520,548160,274080,10.1425,1.1905,1.4806,4.4731,892344,6514111.2,,7.3,,,,,,,,
config_CIN16_HIN56_WIN56_COUT16_K1_UFCIN4_UFCOU4_PAD1_STRIDE1_BIASFalse_group_conv2d_GROUPS2_ACTIVATIONrelu_ap_fixed_16_5_,conv,vitis,csynth,,185,27,8068,13116,1824,2520,548160,274080,10.1425,1.0714,1.4718,4.7855,2036194,14864216.2,,7.3,,,,,,,,
config_CIN16_HIN56_WIN56_COUT16_K1_UFCIN4_UFCOU4_PAD1_STRIDE1_BIASFalse_group_conv2d_GROUPS2_ACTIVATIONsigmoid_ap_fixed_16_5_,conv,vitis,csynth,,185,30,9900,14636,1824,2520,548160,274080,10.1425,1.1905,1.806,5.34,2036224,14864435.2,,7.3,,,,,,,,
config_CIN16_HIN56_WIN56_COUT16_K1_UFCIN4_UFCOU4_PAD1_STRIDE1_BIASFalse_group_conv2d_GROUPS4_ACTIVATIONrelu_ap_fixed_16_5_,conv,vitis,csynth,,185,23,6312,10079,1824,2520,548160,274080,10.1425,0.9127,1.1515,3.6774,334250,2440025.0,,7.3,,,,,,,,
config_CIN16_HIN56_WIN56_COUT16_K1_UFCIN4_UFCOU4_PAD1_STRIDE1_BIASFalse_group_conv2d_GROUPS4_ACTIVATIONsigmoid_ap_fixed_16_5_,conv,vitis,csynth,,185,26,8144,11599,1824,2520,548160,274080,10.1425,1.0317,1.4857,4.232,334280,2440244.0,,7.3,,,,,,,,
config_CIN16_HIN56_WIN56_COUT16_K1_UFCIN4_UFCOU4_PAD1_STRIDE1_BIASTrue_conv2d_ACTIVATIONrelu_ap_fixed_16_5_,conv,vitis,csynth,,185,27,6460,11038,1824,2520,548160,274080,10.1425,1.0714,1.1785,4.0273,892343,6514103.899999999,,7.3,,,,,,,,
config_CIN16_HIN56_WIN56_COUT16_K1_UFCIN4_UFCOU4_PAD1_STRIDE1_BIASTrue_conv2d_ACTIVATIONsigmoid_ap_fixed_16_5_,conv,vitis,csynth,,185,30,8292,12558,1824,2520,548160,274080,10.1425,1.1905,1.5127,4.5819,892373,6514322.899999999,,7.3,,,,,,,,
config_CIN16_HIN56_WIN56_COUT16_K1_UFCIN4_UFCOU4_PAD1_STRIDE1_BIASTrue_group_conv2d_GROUPS2_ACTIVATIONrelu_ap_fixed_16_5_,conv,vitis,csynth,,185,27,8244,13414,1824,2520,548160,274080,10.1425,1.0714,1.5039,4.8942,2036223,14864427.9,,7.3,,,,,,,,
config_CIN16_HIN56_WIN56_COUT16_K1_UFCIN4_UFCOU4_PAD1_STRIDE1_BIASTrue_group_conv2d_GROUPS2_ACTIVATIONsigmoid_ap_fixed_16_5_,conv,vitis,csynth,,185,30,10076,14934,1824,2520,548160,274080,10.1425,1.1905,1.8381,5.4488,2036253,14864646.9,,7.3,,,,,,,,
config_CIN16_HIN56_WIN56_COUT16_K1_UFCIN4_UFCOU4_PAD1_STRIDE1_BIASTrue_group_conv2d_GROUPS4_ACTIVATIONrelu_ap_fixed_16_5_,conv,vitis,csynth,,185,23,6488,10377,1824,2520,548160,274080,10.1425,0.9127,1.1836,3.7861,334279,2440236.6999999997,,7.3,,,,,,,,
config_CIN16_HIN56_WIN56_COUT16_K1_UFCIN4_UFCOU4_PAD1_STRIDE1_BIASTrue_group_conv2d_GROUPS4_ACTIVATIONsigmoid_ap_fixed_16_5_,conv,vitis,csynth,,185,26,8320,11897,1824,2520,548160,274080,10.1425,1.0317,1.5178,4.3407,334309,2440455.6999999997,,7.3,,,,,,,,
config_CIN16_HIN56_WIN56_COUT16_K1_UFCIN4_UFCOU8_PAD1_STRIDE1_BIASFalse_conv2d_ACTIVATIONrelu_ap_fixed_16_5_,conv,vitis,csynth,,185,43,6923,12236,1824,2520,548160,274080,10.1425,1.7063,1.263,4.4644,777938,5678947.399999999,,7.3,,,,,,,,
config_CIN16_HIN56_WIN56_COUT16_K1_UFCIN4_UFCOU8_PAD1_STRIDE1_BIASFalse_conv2d_ACTIVATIONsigmoid_ap_fixed_16_5_,conv,vitis,csynth,,185,46,8755,13756,1824,2520,548160,274080,10.1425,1.8254,1.5972,5.019,777968,5679166.399999999,,7.3,,,,,,,,
config_CIN16_HIN56_WIN56_COUT16_K1_UFCIN4_UFCOU8_PAD1_STRIDE1_BIASFalse_group_conv2d_GROUPS2_ACTIVATIONrelu_ap_fixed_16_5_,conv,vitis,csynth,,185,39,7702,11614,1824,2520,548160,274080,10.1425,1.5476,1.4051,4.2374,414746,3027645.8,,7.3,,,,,,,,
config_CIN16_HIN56_WIN56_COUT16_K1_UFCIN4_UFCOU8_PAD1_STRIDE1_BIASFalse_group_conv2d_GROUPS2_ACTIVATIONsigmoid_ap_fixed_16_5_,conv,vitis,csynth,,185,42,9534,13134,1824,2520,548160,274080,10.1425,1.6667,1.7393,4.792,414776,3027864.8,,7.3,,,,,,,,
config_CIN16_HIN56_WIN56_COUT16_K1_UFCIN4_UFCOU8_PAD1_STRIDE1_BIASFalse_group_conv2d_GROUPS4_ACTIVATIONrelu_ap_fixed_16_5_,conv,vitis,csynth,,185,24,6611,11349,1824,2520,548160,274080,10.1425,0.9524,1.206,4.1408,328218,2395991.4,,7.3,,,,,,,,
config_CIN16_HIN56_WIN56_COUT16_K1_UFCIN4_UFCOU8_PAD1_STRIDE1_BIASFalse_group_conv2d_GROUPS4_ACTIVATIONsigmoid_ap_fixed_16_5_,conv,vitis,csynth,,185,27,8443,12869,1824,2520,548160,274080,10.1425,1.0714,1.5402,4.6953,328248,2396210.4,,7.3,,,,,,,,
config_CIN16_HIN56_WIN56_COUT16_K1_UFCIN4_UFCOU8_PAD1_STRIDE1_BIASTrue_conv2d_ACTIVATIONrelu_ap_fixed_16_5_,conv,vitis,csynth,,185,43,7161,12686,1824,2520,548160,274080,10.1425,1.7063,1.3064,4.6286,777967,5679159.1,,7.3,,,,,,,,
config_CIN16_HIN56_WIN56_COUT16_K1_UFCIN4_UFCOU8_PAD1_STRIDE1_BIASTrue_conv2d_ACTIVATIONsigmoid_ap_fixed_16_5_,conv,vitis,csynth,,185,46,8993,14206,1824,2520,548160,274080,10.1425,1.8254,1.6406,5.1832,777997,5679378.1,,7.3,,,,,,,,
config_CIN16_HIN56_WIN56_COUT16_K1_UFCIN4_UFCOU8_PAD1_STRIDE1_BIASTrue_group_conv2d_GROUPS2_ACTIVATIONrelu_ap_fixed_16_5_,conv,vitis,csynth,,185,39,7940,12064,1824,2520,548160,274080,10.1425,1.5476,1.4485,4.4016,414775,3027857.5,,7.3,,,,,,,,
config_CIN16_HIN56_WIN56_COUT16_K1_UFCIN4_UFCOU8_PAD1_STRIDE1_BIASTrue_group_conv2d_GROUPS2_ACTIVATIONsigmoid_ap_fixed_16_5_,conv,vitis,csynth,,185,42,9772,13584,1824,2520,548160,274080,10.1425,1.6667,1.7827,4.9562,414805,3028076.5,,7.3,,,,,,,,
config_CIN16_HIN56_WIN56_COUT16_K1_UFCIN4_UFCOU8_PAD1_STRIDE1_BIASTrue_group_conv2d_GROUPS4_ACTIVATIONrelu_ap_fixed_16_5_,conv,vitis,csynth,,185,24,6849,11799,1824,2520,548160,274080,10.1425,0.9524,1.2495,4.3049,328247,2396203.1,,7.3,,,,,,,,
config_CIN16_HIN56_WIN56_COUT16_K1_UFCIN4_UFCOU8_PAD1_STRIDE1_BIASTrue_group_conv2d_GROUPS4_ACTIVATIONsigmoid_ap_fixed_16_5_,conv,vitis,csynth,,185,27,8681,13319,1824,2520,548160,274080,10.1425,1.0714,1.5837,4.8595,328277,2396422.1,,7.3,,,,,,,,
config_CIN16_HIN56_WIN56_COUT16_K1_UFCIN8_UFCOU1_PAD1_STRIDE1_BIASFalse_conv2d_ACTIVATIONrelu_ap_fixed_16_5_,conv,vitis,csynth,,175,21,6122,10220,1824,2520,548160,274080,9.5943,0.8333,1.1168,3.7288,1571842,11474446.6,,7.3,,,,,,,,
config_CIN16_HIN56_WIN56_COUT16_K1_UFCIN8_UFCOU1_PAD1_STRIDE1_BIASFalse_conv2d_ACTIVATIONsigmoid_ap_fixed_16_5_,conv,vitis,csynth,,175,24,7890,11708,1824,2520,548160,274080,9.5943,0.9524,1.4394,4.2717,1571872,11474665.6,,7.3,,,,,,,,
config_CIN16_HIN56_WIN56_COUT16_K1_UFCIN8_UFCOU1_PAD1_STRIDE1_BIASFalse_group_conv2d_GROUPS2_ACTIVATIONrelu_ap_fixed_16_5_,conv,vitis,csynth,,175,29,6240,10337,1824,2520,548160,274080,9.5943,1.1508,1.1384,3.7715,2978114,21740232.2,,7.3,,,,,,,,
config_CIN16_HIN56_WIN56_COUT16_K1_UFCIN8_UFCOU1_PAD1_STRIDE1_BIASFalse_group_conv2d_GROUPS2_ACTIVATIONsigmoid_ap_fixed_16_5_,conv,vitis,csynth,,175,32,8008,11825,1824,2520,548160,274080,9.5943,1.2698,1.4609,4.3144,2978144,21740451.2,,7.3,,,,,,,,
config_CIN16_HIN56_WIN56_COUT16_K1_UFCIN8_UFCOU1_PAD1_STRIDE1_BIASFalse_group_conv2d_GROUPS4_ACTIVATIONrelu_ap_fixed_16_5_,conv,vitis,csynth,,175,29,6244,11357,1824,2520,548160,274080,9.5943,1.1508,1.1391,4.1437,5689734,41535058.199999996,,7.3,,,,,,,,
config_CIN16_HIN56_WIN56_COUT16_K1_UFCIN8_UFCOU1_PAD1_STRIDE1_BIASFalse_group_conv2d_GROUPS4_ACTIVATIONsigmoid_ap_fixed_16_5_,conv,vitis,csynth,,175,32,8012,12845,1824,2520,548160,274080,9.5943,1.2698,1.4616,4.6866,5689764,41535277.199999996,,7.3,,,,,,,,
config_CIN16_HIN56_WIN56_COUT16_K1_UFCIN8_UFCOU1_PAD1_STRIDE1_BIASTrue_conv2d_ACTIVATIONrelu_ap_fixed_16_5_,conv,vitis,csynth,,175,21,6258,10407,1824,2520,548160,274080,9.5943,0.8333,1.1416,3.7971,1571871,11474658.299999999,,7.3,,,,,,,,
config_CIN16_HIN56_WIN56_COUT16_K1_UFCIN8_UFCOU1_PAD1_STRIDE1_BIASTrue_conv2d_ACTIVATIONsigmoid_ap_fixed_16_5_,conv,vitis,csynth,,175,24,8026,11895,1824,2520,548160,274080,9.5943,0.9524,1.4642,4.34,1571901,11474877.299999999,,7.3,,,,,,,,
config_CIN16_HIN56_WIN56_COUT16_K1_UFCIN8_UFCOU1_PAD1_STRIDE1_BIASTrue_group_conv2d_GROUPS2_ACTIVATIONrelu_ap_fixed_16_5_,conv,vitis,csynth,,175,29,6376,10524,1824,2520,548160,274080,9.5943,1.1508,1.1632,3.8398,2978143,21740443.9,,7.3,,,,,,,,
config_CIN16_HIN56_WIN56_COUT16_K1_UFCIN8_UFCOU1_PAD1_STRIDE1_BIASTrue_group_conv2d_GROUPS2_ACTIVATIONsigmoid_ap_fixed_16_5_,conv,vitis,csynth,,175,32,8144,12012,1824,2520,548160,274080,9.5943,1.2698,1.4857,4.3827,2978173,21740662.9,,7.3,,,,,,,,
config_CIN16_HIN56_WIN56_COUT16_K1_UFCIN8_UFCOU1_PAD1_STRIDE1_BIASTrue_group_conv2d_GROUPS4_ACTIVATIONrelu_ap_fixed_16_5_,conv,vitis,csynth,,175,29,6380,11544,1824,2520,548160,274080,9.5943,1.1508,1.1639,4.2119,5689763,41535269.9,,7.3,,,,,,,,
config_CIN16_HIN56_WIN56_COUT16_K1_UFCIN8_UFCOU1_PAD1_STRIDE1_BIASTrue_group_conv2d_GROUPS4_ACTIVATIONsigmoid_ap_fixed_16_5_,conv,vitis,csynth,,175,32,8148,13032,1824,2520,548160,274080,9.5943,1.2698,1.4864,4.7548,5689793,41535488.9,,7.3,,,,,,,,
config_CIN16_HIN56_WIN56_COUT16_K1_UFCIN8_UFCOU4_PAD1_STRIDE1_BIASFalse_conv2d_ACTIVATIONrelu_ap_fixed_16_5_,conv,vitis,csynth,,185,47,7294,12382,1824,2520,548160,274080,10.1425,1.8651,1.3306,4.5177,885586,6464777.8,,7.3,,,,,,,,
config_CIN16_HIN56_WIN56_COUT16_K1_UFCIN8_UFCOU4_PAD1_STRIDE1_BIASFalse_conv2d_ACTIVATIONsigmoid_ap_fixed_16_5_,conv,vitis,csynth,,185,50,9126,13902,1824,2520,548160,274080,10.1425,1.9841,1.6648,5.0722,885616,6464996.8,,7.3,,,,,,,,
config_CIN16_HIN56_WIN56_COUT16_K1_UFCIN8_UFCOU4_PAD1_STRIDE1_BIASFalse_group_conv2d_GROUPS2_ACTIVATIONrelu_ap_fixed_16_5_,conv,vitis,csynth,,185,47,10834,17093,1824,2520,548160,274080,10.1425,1.8651,1.9764,6.2365,2076562,15158902.6,,7.3,,,,,,,,
config_CIN16_HIN56_WIN56_COUT16_K1_UFCIN8_UFCOU4_PAD1_STRIDE1_BIASFalse_group_conv2d_GROUPS2_ACTIVATIONsigmoid_ap_fixed_16_5_,conv,vitis,csynth,,185,50,12666,18613,1824,2520,548160,274080,10.1425,1.9841,2.3106,6.7911,2076592,15159121.6,,7.3,,,,,,,,
config_CIN16_HIN56_WIN56_COUT16_K1_UFCIN8_UFCOU4_PAD1_STRIDE1_BIASFalse_group_conv2d_GROUPS4_ACTIVATIONrelu_ap_fixed_16_5_,conv,vitis,csynth,,185,39,8201,12687,1824,2520,548160,274080,10.1425,1.5476,1.4961,4.6289,670646,4895715.8,,7.3,,,,,,,,
config_CIN16_HIN56_WIN56_COUT16_K1_UFCIN8_UFCOU4_PAD1_STRIDE1_BIASFalse_group_conv2d_GROUPS4_ACTIVATIONsigmoid_ap_fixed_16_5_,conv,vitis,csynth,,185,42,10033,14207,1824,2520,548160,274080,10.1425,1.6667,1.8303,5.1835,670676,4895934.8,,7.3,,,,,,,,
config_CIN16_HIN56_WIN56_COUT16_K1_UFCIN8_UFCOU4_PAD1_STRIDE1_BIASTrue_conv2d_ACTIVATIONrelu_ap_fixed_16_5_,conv,vitis,csynth,,185,47,7470,12680,1824,2520,548160,274080,10.1425,1.8651,1.3627,4.6264,885615,6464989.5,,7.3,,,,,,,,
config_CIN16_HIN56_WIN56_COUT16_K1_UFCIN8_UFCOU4_PAD1_STRIDE1_BIASTrue_conv2d_ACTIVATIONsigmoid_ap_fixed_16_5_,conv,vitis,csynth,,185,50,9302,14200,1824,2520,548160,274080,10.1425,1.9841,1.6969,5.181,885645,6465208.5,,7.3,,,,,,,,
config_CIN16_HIN56_WIN56_COUT16_K1_UFCIN8_UFCOU4_PAD1_STRIDE1_BIASTrue_group_conv2d_GROUPS2_ACTIVATIONrelu_ap_fixed_16_5_,conv,vitis,csynth,,185,47,11010,17391,1824,2520,548160,274080,10.1425,1.8651,2.0085,6.3452,2076591,15159114.299999999,,7.3,,,,,,,,
config_CIN16_HIN56_WIN56_COUT16_K1_UFCIN8_UFCOU4_PAD1_STRIDE1_BIASTrue_group_conv2d_GROUPS2_ACTIVATIONsigmoid_ap_fixed_16_5_,conv,vitis,csynth,,185,50,12842,18911,1824,2520,548160,274080,10.1425,1.9841,2.3427,6.8998,2076621,15159333.299999999,,7.3,,,,,,,,
config_CIN16_HIN56_WIN56_COUT16_K1_UFCIN8_UFCOU4_PAD1_STRIDE1_BIASTrue_group_conv2d_GROUPS4_ACTIVATIONrelu_ap_fixed_16_5_,conv,vitis,csynth,,185,39,8377,12985,1824,2520,548160,274080,10.1425,1.5476,1.5282,4.7377,670675,4895927.5,,7.3,,,,,,,,
config_CIN16_HIN56_WIN56_COUT16_K1_UFCIN8_UFCOU4_PAD1_STRIDE1_BIASTrue_group_conv2d_GROUPS4_ACTIVATIONsigmoid_ap_fixed_16_5_,conv,vitis,csynth,,185,42,10209,14505,1824,2520,548160,274080,10.1425,1.6667,1.8624,5.2923,670705,4896146.5,,7.3,,,,,,,,
config_CIN16_HIN56_WIN56_COUT16_K1_UFCIN8_UFCOU8_PAD1_STRIDE1_BIASFalse_conv2d_ACTIVATIONrelu_ap_fixed_16_5_,conv,vitis,csynth,,185,79,8569,14910,1824,2520,548160,274080,10.1425,3.1349,1.5632,5.44,771210,5629833.0,,7.3,,,,,,,,
config_CIN16_HIN56_WIN56_COUT16_K1_UFCIN8_UFCOU8_PAD1_STRIDE1_BIASFalse_conv2d_ACTIVATIONsigmoid_ap_fixed_16_5_,conv,vitis,csynth,,185,82,10401,16430,1824,2520,548160,274080,10.1425,3.254,1.8974,5.9946,771240,5630052.0,,7.3,,,,,,,,
config_CIN16_HIN56_WIN56_COUT16_K1_UFCIN8_UFCOU8_PAD1_STRIDE1_BIASFalse_group_conv2d_GROUPS2_ACTIVATIONrelu_ap_fixed_16_5_,conv,vitis,csynth,,185,71,9199,12723,1824,2520,548160,274080,10.1425,2.8175,1.6782,4.6421,300372,2192715.6,,7.3,,,,,,,,
config_CIN16_HIN56_WIN56_COUT16_K1_UFCIN8_UFCOU8_PAD1_STRIDE1_BIASFalse_group_conv2d_GROUPS2_ACTIVATIONsigmoid_ap_fixed_16_5_,conv,vitis,csynth,,185,74,11031,14243,1824,2520,548160,274080,10.1425,2.9365,2.0124,5.1967,300402,2192934.6,,7.3,,,,,,,,
config_CIN16_HIN56_WIN56_COUT16_K1_UFCIN8_UFCOU8_PAD1_STRIDE1_BIASFalse_group_conv2d_GROUPS4_ACTIVATIONrelu_ap_fixed_16_5_,conv,vitis,csynth,,185,40,9265,15657,1824,2520,548160,274080,10.1425,1.5873,1.6902,5.7126,664614,4851682.2,,7.3,,,,,,,,
config_CIN16_HIN56_WIN56_COUT16_K1_UFCIN8_UFCOU8_PAD1_STRIDE1_BIASFalse_group_conv2d_GROUPS4_ACTIVATIONsigmoid_ap_fixed_16_5_,conv,vitis,csynth,,185,43,11097,17177,1824,2520,548160,274080,10.1425,1.7063,2.0244,6.2671,664644,4851901.2,,7.3,,,,,,,,
config_CIN16_HIN56_WIN56_COUT16_K1_UFCIN8_UFCOU8_PAD1_STRIDE1_BIASTrue_conv2d_ACTIVATIONrelu_ap_fixed_16_5_,conv,vitis,csynth,,185,79,8807,15360,1824,2520,548160,274080,10.1425,3.1349,1.6066,5.6042,771239,5630044.7,,7.3,,,,,,,,
config_CIN16_HIN56_WIN56_COUT16_K1_UFCIN8_UFCOU8_PAD1_STRIDE1_BIASTrue_conv2d_ACTIVATIONsigmoid_ap_fixed_16_5_,conv,vitis,csynth,,185,82,10639,16880,1824,2520,548160,274080,10.1425,3.254,1.9409,6.1588,771269,5630263.7,,7.3,,,,,,,,
config_CIN16_HIN56_WIN56_COUT16_K1_UFCIN8_UFCOU8_PAD1_STRIDE1_BIASTrue_group_conv2d_GROUPS2_ACTIVATIONrelu_ap_fixed_16_5_,conv,vitis,csynth,,185,71,9437,13173,1824,2520,548160,274080,10.1425,2.8175,1.7216,4.8063,300401,2192927.3,,7.3,,,,,,,,
config_CIN16_HIN56_WIN56_COUT16_K1_UFCIN8_UFCOU8_PAD1_STRIDE1_BIASTrue_group_conv2d_GROUPS2_ACTIVATIONsigmoid_ap_fixed_16_5_,conv,vitis,csynth,,185,74,11269,14693,1824,2520,548160,274080,10.1425,2.9365,2.0558,5.3608,300431,2193146.3,,7.3,,,,,,,,
config_CIN16_HIN56_WIN56_COUT16_K1_UFCIN8_UFCOU8_PAD1_STRIDE1_BIASTrue_group_conv2d_GROUPS4_ACTIVATIONrelu_ap_fixed_16_5_,conv,vitis,csynth,,185,40,9503,16107,1824,2520,548160,274080,10.1425,1.5873,1.7336,5.8768,664643,4851893.899999999,,7.3,,,,,,,,
config_CIN16_HIN56_WIN56_COUT16_K1_UFCIN8_UFCOU8_PAD1_STRIDE1_BIASTrue_group_conv2d_GROUPS4_ACTIVATIONsigmoid_ap_fixed_16_5_,conv,vitis,csynth,,185,43,11335,17627,1824,2520,548160,274080,10.1425,1.7063,2.0678,6.4313,664673,4852112.899999999,,7.3,,,,,,,,
config_CIN16_HIN56_WIN56_COUT16_K3_UFCIN1_UFCOU1_PAD1_STRIDE1_BIASFalse_conv2d_ACTIVATIONrelu_ap_fixed_16_5_,conv,vitis,csynth,,163,2,5093,9214,1824,2520,548160,274080,8.9364,0.0794,0.9291,3.3618,7651943,55859183.9,,7.3,,,,,,,,
config_CIN16_HIN56_WIN56_COUT16_K3_UFCIN1_UFCOU1_PAD1_STRIDE1_BIASFalse_conv2d_ACTIVATIONsigmoid_ap_fixed_16_5_,conv,vitis,csynth,,163,5,6796,10667,1824,2520,548160,274080,8.9364,0.1984,1.2398,3.8919,7651972,55859395.6,,7.3,,,,,,,,
config_CIN16_HIN56_WIN56_COUT16_K3_UFCIN1_UFCOU1_PAD1_STRIDE1_BIASFalse_group_conv2d_GROUPS2_ACTIVATIONrelu_ap_fixed_16_5_,conv,vitis,csynth,,163,6,5499,9883,1824,2520,548160,274080,8.9364,0.2381,1.0032,3.6059,29494301,215308397.29999998,,7.3,,,,,,,,
config_CIN16_HIN56_WIN56_COUT16_K3_UFCIN1_UFCOU1_PAD1_STRIDE1_BIASFalse_group_conv2d_GROUPS2_ACTIVATIONsigmoid_ap_fixed_16_5_,conv,vitis,csynth,,163,9,7202,11336,1824,2520,548160,274080,8.9364,0.3571,1.3138,4.136,29494330,215308609.0,,7.3,,,,,,,,
config_CIN16_HIN56_WIN56_COUT16_K3_UFCIN1_UFCOU1_PAD1_STRIDE1_BIASFalse_group_conv2d_GROUPS4_ACTIVATIONrelu_ap_fixed_16_5_,conv,vitis,csynth,,163,6,5501,9886,1824,2520,548160,274080,8.9364,0.2381,1.0035,3.607,58784771,429128828.3,,7.3,,,,,,,,
config_CIN16_HIN56_WIN56_COUT16_K3_UFCIN1_UFCOU1_PAD1_STRIDE1_BIASFalse_group_conv2d_GROUPS4_ACTIVATIONsigmoid_ap_fixed_16_5_,conv,vitis,csynth,,163,9,7204,11339,1824,2520,548160,274080,8.9364,0.3571,1.3142,4.1371,58784800,429129040.0,,7.3,,,,,,,,
config_CIN16_HIN56_WIN56_COUT16_K3_UFCIN1_UFCOU1_PAD1_STRIDE1_BIASTrue_conv2d_ACTIVATIONrelu_ap_fixed_16_5_,conv,vitis,csynth,,163,2,5226,9425,1824,2520,548160,274080,8.9364,0.0794,0.9534,3.4388,7702083,56225205.9,,7.3,,,,,,,,
config_CIN16_HIN56_WIN56_COUT16_K3_UFCIN1_UFCOU1_PAD1_STRIDE1_BIASTrue_conv2d_ACTIVATIONsigmoid_ap_fixed_16_5_,conv,vitis,csynth,,163,5,6929,10878,1824,2520,548160,274080,8.9364,0.1984,1.264,3.9689,7702112,56225417.6,,7.3,,,,,,,,
config_CIN16_HIN56_WIN56_COUT16_K3_UFCIN1_UFCOU1_PAD1_STRIDE1_BIASTrue_group_conv2d_GROUPS2_ACTIVATIONrelu_ap_fixed_16_5_,conv,vitis,csynth,,163,6,5632,10094,1824,2520,548160,274080,8.9364,0.2381,1.0274,3.6829,29544441,215674419.29999998,,7.3,,,,,,,,
config_CIN16_HIN56_WIN56_COUT16_K3_UFCIN1_UFCOU1_PAD1_STRIDE1_BIASTrue_group_conv2d_GROUPS2_ACTIVATIONsigmoid_ap_fixed_16_5_,conv,vitis,csynth,,163,9,7335,11546,1824,2520,548160,274080,8.9364,0.3571,1.3381,4.2126,29544470,215674631.0,,7.3,,,,,,,,
config_CIN16_HIN56_WIN56_COUT16_K3_UFCIN1_UFCOU1_PAD1_STRIDE1_BIASTrue_group_conv2d_GROUPS4_ACTIVATIONrelu_ap_fixed_16_5_,conv,vitis,csynth,,163,6,5634,10097,1824,2520,548160,274080,8.9364,0.2381,1.0278,3.684,58834911,429494850.3,,7.3,,,,,,,,
config_CIN16_HIN56_WIN56_COUT16_K3_UFCIN1_UFCOU1_PAD1_STRIDE1_BIASTrue_group_conv2d_GROUPS4_ACTIVATIONsigmoid_ap_fixed_16_5_,conv,vitis,csynth,,163,9,7337,11549,1824,2520,548160,274080,8.9364,0.3571,1.3385,4.2137,58834940,429495062.0,,7.3,,,,,,,,
config_CIN16_HIN56_WIN56_COUT16_K3_UFCIN1_UFCOU4_PAD1_STRIDE1_BIASFalse_conv2d_ACTIVATIONrelu_ap_fixed_16_5_,conv,vitis,csynth,,175,5,5235,10041,1824,2520,548160,274080,9.5943,0.1984,0.955,3.6635,2245415,16391529.5,,7.3,,,,,,,,
config_CIN16_HIN56_WIN56_COUT16_K3_UFCIN1_UFCOU4_PAD1_STRIDE1_BIASFalse_conv2d_ACTIVATIONsigmoid_ap_fixed_16_5_,conv,vitis,csynth,,175,8,7130,11586,1824,2520,548160,274080,9.5943,0.3175,1.3007,4.2272,2245444,16391741.2,,7.3,,,,,,,,
config_CIN16_HIN56_WIN56_COUT16_K3_UFCIN1_UFCOU4_PAD1_STRIDE1_BIASFalse_group_conv2d_GROUPS2_ACTIVATIONrelu_ap_fixed_16_5_,conv,vitis,csynth,,175,21,6055,11246,1824,2520,548160,274080,9.5943,0.8333,1.1046,4.1032,7830749,57164467.699999996,,7.3,,,,,,,,
config_CIN16_HIN56_WIN56_COUT16_K3_UFCIN1_UFCOU4_PAD1_STRIDE1_BIASFalse_group_conv2d_GROUPS2_ACTIVATIONsigmoid_ap_fixed_16_5_,conv,vitis,csynth,,175,24,7950,12791,1824,2520,548160,274080,9.5943,0.9524,1.4503,4.6669,7830778,57164679.4,,7.3,,,,,,,,
config_CIN16_HIN56_WIN56_COUT16_K3_UFCIN1_UFCOU4_PAD1_STRIDE1_BIASFalse_group_conv2d_GROUPS4_ACTIVATIONrelu_ap_fixed_16_5_,conv,vitis,csynth,,175,5,5542,10167,1824,2520,548160,274080,9.5943,0.1984,1.011,3.7095,3139519,22918488.7,,7.3,,,,,,,,
config_CIN16_HIN56_WIN56_COUT16_K3_UFCIN1_UFCOU4_PAD1_STRIDE1_BIASFalse_group_conv2d_GROUPS4_ACTIVATIONsigmoid_ap_fixed_16_5_,conv,vitis,csynth,,175,8,7437,11712,1824,2520,548160,274080,9.5943,0.3175,1.3567,4.2732,3139548,22918700.4,,7.3,,,,,,,,
config_CIN16_HIN56_WIN56_COUT16_K3_UFCIN1_UFCOU4_PAD1_STRIDE1_BIASTrue_conv2d_ACTIVATIONrelu_ap_fixed_16_5_,conv,vitis,csynth,,175,5,5411,10362,1824,2520,548160,274080,9.5943,0.1984,0.9871,3.7806,2245444,16391741.2,,7.3,,,,,,,,
config_CIN16_HIN56_WIN56_COUT16_K3_UFCIN1_UFCOU4_PAD1_STRIDE1_BIASTrue_conv2d_ACTIVATIONsigmoid_ap_fixed_16_5_,conv,vitis,csynth,,175,8,7306,11911,1824,2520,548160,274080,9.5943,0.3175,1.3328,4.3458,2245473,16391952.9,,7.3,,,,,,,,
config_CIN16_HIN56_WIN56_COUT16_K3_UFCIN1_UFCOU4_PAD1_STRIDE1_BIASTrue_group_conv2d_GROUPS2_ACTIVATIONrelu_ap_fixed_16_5_,conv,vitis,csynth,,175,21,6231,11567,1824,2520,548160,274080,9.5943,0.8333,1.1367,4.2203,7830778,57164679.4,,7.3,,,,,,,,
config_CIN16_HIN56_WIN56_COUT16_K3_UFCIN1_UFCOU4_PAD1_STRIDE1_BIASTrue_group_conv2d_GROUPS2_ACTIVATIONsigmoid_ap_fixed_16_5_,conv,vitis,csynth,,175,24,8126,13116,1824,2520,548160,274080,9.5943,0.9524,1.4824,4.7855,7830807,57164891.1,,7.3,,,,,,,,
config_CIN16_HIN56_WIN56_COUT16_K3_UFCIN1_UFCOU4_PAD1_STRIDE1_BIASTrue_group_conv2d_GROUPS4_ACTIVATIONrelu_ap_fixed_16_5_,conv,vitis,csynth,,175,5,5718,10488,1824,2520,548160,274080,9.5943,0.1984,1.0431,3.8266,3139548,22918700.4,,7.3,,,,,,,,
config_CIN16_HIN56_WIN56_COUT16_K3_UFCIN1_UFCOU4_PAD1_STRIDE1_BIASTrue_group_conv2d_GROUPS4_ACTIVATIONsigmoid_ap_fixed_16_5_,conv,vitis,csynth,,175,8,7613,12037,1824,2520,548160,274080,9.5943,0.3175,1.3888,4.3918,3139577,22918912.099999998,,7.3,,,,,,,,
config_CIN16_HIN56_WIN56_COUT16_K3_UFCIN1_UFCOU8_PAD1_STRIDE1_BIASFalse_conv2d_ACTIVATIONrelu_ap_fixed_16_5_,conv,vitis,csynth,,179,9,5459,10768,1824,2520,548160,274080,9.8136,0.3571,0.9959,3.9288,2210919,16139708.7,,7.3,,,,,,,,
config_CIN16_HIN56_WIN56_COUT16_K3_UFCIN1_UFCOU8_PAD1_STRIDE1_BIASFalse_conv2d_ACTIVATIONsigmoid_ap_fixed_16_5_,conv,vitis,csynth,,179,12,7226,12249,1824,2520,548160,274080,9.8136,0.4762,1.3182,4.4691,2210948,16139920.4,,7.3,,,,,,,,
config_CIN16_HIN56_WIN56_COUT16_K3_UFCIN1_UFCOU8_PAD1_STRIDE1_BIASFalse_group_conv2d_GROUPS2_ACTIVATIONrelu_ap_fixed_16_5_,conv,vitis,csynth,,179,9,5781,10853,1824,2520,548160,274080,9.8136,0.3571,1.0546,3.9598,1671643,12202993.9,,7.3,,,,,,,,
config_CIN16_HIN56_WIN56_COUT16_K3_UFCIN1_UFCOU8_PAD1_STRIDE1_BIASFalse_group_conv2d_GROUPS2_ACTIVATIONsigmoid_ap_fixed_16_5_,conv,vitis,csynth,,179,12,7548,12334,1824,2520,548160,274080,9.8136,0.4762,1.377,4.5001,1671672,12203205.6,,7.3,,,,,,,,
config_CIN16_HIN56_WIN56_COUT16_K3_UFCIN1_UFCOU8_PAD1_STRIDE1_BIASFalse_group_conv2d_GROUPS4_ACTIVATIONrelu_ap_fixed_16_5_,conv,vitis,csynth,,179,5,5589,10865,1824,2520,548160,274080,9.8136,0.1984,1.0196,3.9642,3133247,22872703.099999998,,7.3,,,,,,,,
config_CIN16_HIN56_WIN56_COUT16_K3_UFCIN1_UFCOU8_PAD1_STRIDE1_BIASFalse_group_conv2d_GROUPS4_ACTIVATIONsigmoid_ap_fixed_16_5_,conv,vitis,csynth,,179,8,7356,12346,1824,2520,548160,274080,9.8136,0.3175,1.3419,4.5045,3133276,22872914.8,,7.3,,,,,,,,
config_CIN16_HIN56_WIN56_COUT16_K3_UFCIN1_UFCOU8_PAD1_STRIDE1_BIASTrue_conv2d_ACTIVATIONrelu_ap_fixed_16_5_,conv,vitis,csynth,,179,9,5698,11241,1824,2520,548160,274080,9.8136,0.3571,1.0395,4.1014,2210948,16139920.4,,7.3,,,,,,,,
config_CIN16_HIN56_WIN56_COUT16_K3_UFCIN1_UFCOU8_PAD1_STRIDE1_BIASTrue_conv2d_ACTIVATIONsigmoid_ap_fixed_16_5_,conv,vitis,csynth,,179,12,7465,12726,1824,2520,548160,274080,9.8136,0.4762,1.3618,4.6432,2210977,16140132.1,,7.3,,,,,,,,
config_CIN16_HIN56_WIN56_COUT16_K3_UFCIN1_UFCOU8_PAD1_STRIDE1_BIASTrue_group_conv2d_GROUPS2_ACTIVATIONrelu_ap_fixed_16_5_,conv,vitis,csynth,,179,9,6020,11326,1824,2520,548160,274080,9.8136,0.3571,1.0982,4.1324,1671672,12203205.6,,7.3,,,,,,,,
config_CIN16_HIN56_WIN56_COUT16_K3_UFCIN1_UFCOU8_PAD1_STRIDE1_BIASTrue_group_conv2d_GROUPS2_ACTIVATIONsigmoid_ap_fixed_16_5_,conv,vitis,csynth,,179,12,7787,12811,1824,2520,548160,274080,9.8136,0.4762,1.4206,4.6742,1671701,12203417.299999999,,7.3,,,,,,,,
config_CIN16_HIN56_WIN56_COUT16_K3_UFCIN1_UFCOU8_PAD1_STRIDE1_BIASTrue_group_conv2d_GROUPS4_ACTIVATIONrelu_ap_fixed_16_5_,conv,vitis,csynth,,179,5,5828,11338,1824,2520,548160,274080,9.8136,0.1984,1.0632,4.1367,3133276,22872914.8,,7.3,,,,,,,,
config_CIN16_HIN56_WIN56_COUT16_K3_UFCIN1_UFCOU8_PAD1_STRIDE1_BIASTrue_group_conv2d_GROUPS4_ACTIVATIONsigmoid_ap_fixed_16_5_,conv,vitis,csynth,,179,8,7595,12823,1824,2520,548160,274080,9.8136,0.3175,1.3855,4.6786,3133305,22873126.5,,7.3,,,,,,,,
config_CIN16_HIN56_WIN56_COUT16_K3_UFCIN4_UFCOU1_PAD1_STRIDE1_BIASFalse_conv2d_ACTIVATIONrelu_ap_fixed_16_5_,conv,vitis,csynth,,175,5,5499,10154,1824,2520,548160,274080,9.5943,0.1984,1.0032,3.7048,10834919,79094908.7,,7.3,,,,,,,,
config_CIN16_HIN56_WIN56_COUT16_K3_UFCIN4_UFCOU1_PAD1_STRIDE1_BIASFalse_conv2d_ACTIVATIONsigmoid_ap_fixed_16_5_,conv,vitis,csynth,,175,8,7202,11603,1824,2520,548160,274080,9.5943,0.3175,1.3138,4.2334,10834948,79095120.39999999,,7.3,,,,,,,,
config_CIN16_HIN56_WIN56_COUT16_K3_UFCIN4_UFCOU1_PAD1_STRIDE1_BIASFalse_group_conv2d_GROUPS2_ACTIVATIONrelu_ap_fixed_16_5_,conv,vitis,csynth,,175,5,5652,10373,1824,2520,548160,274080,9.5943,0.1984,1.0311,3.7847,21811035,159220555.5,,7.3,,,,,,,,
config_CIN16_HIN56_WIN56_COUT16_K3_UFCIN4_UFCOU1_PAD1_STRIDE1_BIASFalse_group_conv2d_GROUPS2_ACTIVATIONsigmoid_ap_fixed_16_5_,conv,vitis,csynth,,175,8,7355,11822,1824,2520,548160,274080,9.5943,0.3175,1.3418,4.3133,21811064,159220767.2,,7.3,,,,,,,,
config_CIN16_HIN56_WIN56_COUT16_K3_UFCIN4_UFCOU1_PAD1_STRIDE1_BIASFalse_group_conv2d_GROUPS4_ACTIVATIONrelu_ap_fixed_16_5_,conv,vitis,csynth,,175,5,5662,10376,1824,2520,548160,274080,9.5943,0.1984,1.0329,3.7858,43368127,316587327.09999996,,7.3,,,,,,,,
config_CIN16_HIN56_WIN56_COUT16_K3_UFCIN4_UFCOU1_PAD1_STRIDE1_BIASFalse_group_conv2d_GROUPS4_ACTIVATIONsigmoid_ap_fixed_16_5_,conv,vitis,csynth,,175,8,7365,11825,1824,2520,548160,274080,9.5943,0.3175,1.3436,4.3144,43368156,316587538.8,,7.3,,,,,,,,
config_CIN16_HIN56_WIN56_COUT16_K3_UFCIN4_UFCOU1_PAD1_STRIDE1_BIASTrue_conv2d_ACTIVATIONrelu_ap_fixed_16_5_,conv,vitis,csynth,,175,5,5632,10364,1824,2520,548160,274080,9.5943,0.1984,1.0274,3.7814,10834948,79095120.39999999,,7.3,,,,,,,,
config_CIN16_HIN56_WIN56_COUT16_K3_UFCIN4_UFCOU1_PAD1_STRIDE1_BIASTrue_conv2d_ACTIVATIONsigmoid_ap_fixed_16_5_,conv,vitis,csynth,,175,8,7335,11817,1824,2520,548160,274080,9.5943,0.3175,1.3381,4.3115,10834977,79095332.1,,7.3,,,,,,,,
config_CIN16_HIN56_WIN56_COUT16_K3_UFCIN4_UFCOU1_PAD1_STRIDE1_BIASTrue_group_conv2d_GROUPS2_ACTIVATIONrelu_ap_fixed_16_5_,conv,vitis,csynth,,175,5,5785,10583,1824,2520,548160,274080,9.5943,0.1984,1.0553,3.8613,21811064,159220767.2,,7.3,,,,,,,,
config_CIN16_HIN56_WIN56_COUT16_K3_UFCIN4_UFCOU1_PAD1_STRIDE1_BIASTrue_group_conv2d_GROUPS2_ACTIVATIONsigmoid_ap_fixed_16_5_,conv,vitis,csynth,,175,8,7488,12036,1824,2520,548160,274080,9.5943,0.3175,1.366,4.3914,21811093,159220978.9,,7.3,,,,,,,,
config_CIN16_HIN56_WIN56_COUT16_K3_UFCIN4_UFCOU1_PAD1_STRIDE1_BIASTrue_group_conv2d_GROUPS4_ACTIVATIONrelu_ap_fixed_16_5_,conv,vitis,csynth,,175,5,5795,10586,1824,2520,548160,274080,9.5943,0.1984,1.0572,3.8624,43368156,316587538.8,,7.3,,,,,,,,
config_CIN16_HIN56_WIN56_COUT16_K3_UFCIN4_UFCOU1_PAD1_STRIDE1_BIASTrue_group_conv2d_GROUPS4_ACTIVATIONsigmoid_ap_fixed_16_5_,conv,vitis,csynth,,175,8,7498,12039,1824,2520,548160,274080,9.5943,0.3175,1.3678,4.3925,43368185,316587750.5,,7.3,,,,,,,,
config_CIN16_HIN56_WIN56_COUT16_K3_UFCIN4_UFCOU4_PAD1_STRIDE1_BIASFalse_conv2d_ACTIVATIONrelu_ap_fixed_16_5_,conv,vitis,csynth,,199,17,5860,11508,1824,2520,548160,274080,10.9101,0.6746,1.069,4.1988,5378279,39261436.699999996,,7.3,,,,,,,,
config_CIN16_HIN56_WIN56_COUT16_K3_UFCIN4_UFCOU4_PAD1_STRIDE1_BIASFalse_conv2d_ACTIVATIONsigmoid_ap_fixed_16_5_,conv,vitis,csynth,,199,20,7755,13053,1824,2520,548160,274080,10.9101,0.7937,1.4147,4.7625,5378308,39261648.4,,7.3,,,,,,,,
config_CIN16_HIN56_WIN56_COUT16_K3_UFCIN4_UFCOU4_PAD1_STRIDE1_BIASFalse_group_conv2d_GROUPS2_ACTIVATIONrelu_ap_fixed_16_5_,conv,vitis,csynth,,199,17,7736,13890,1824,2520,548160,274080,10.9101,0.6746,1.4113,5.0679,13644891,99607704.3,,7.3,,,,,,,,
config_CIN16_HIN56_WIN56_COUT16_K3_UFCIN4_UFCOU4_PAD1_STRIDE1_BIASFalse_group_conv2d_GROUPS2_ACTIVATIONsigmoid_ap_fixed_16_5_,conv,vitis,csynth,,199,20,9631,15435,1824,2520,548160,274080,10.9101,0.7937,1.757,5.6316,13644920,99607916.0,,7.3,,,,,,,,
config_CIN16_HIN56_WIN56_COUT16_K3_UFCIN4_UFCOU4_PAD1_STRIDE1_BIASFalse_group_conv2d_GROUPS4_ACTIVATIONrelu_ap_fixed_16_5_,conv,vitis,csynth,,199,17,5524,10461,1824,2520,548160,274080,10.9101,0.6746,1.0077,3.8168,1220287,8908095.1,,7.3,,,,,,,,
config_CIN16_HIN56_WIN56_COUT16_K3_UFCIN4_UFCOU4_PAD1_STRIDE1_BIASFalse_group_conv2d_GROUPS4_ACTIVATIONsigmoid_ap_fixed_16_5_,conv,vitis,csynth,,199,20,7419,12006,1824,2520,548160,274080,10.9101,0.7937,1.3534,4.3805,1220316,8908306.799999999,,7.3,,,,,,,,
config_CIN16_HIN56_WIN56_COUT16_K3_UFCIN4_UFCOU4_PAD1_STRIDE1_BIASTrue_conv2d_ACTIVATIONrelu_ap_fixed_16_5_,conv,vitis,csynth,,199,17,6036,11829,1824,2520,548160,274080,10.9101,0.6746,1.1011,4.3159,5378308,39261648.4,,7.3,,,,,,,,
config_CIN16_HIN56_WIN56_COUT16_K3_UFCIN4_UFCOU4_PAD1_STRIDE1_BIASTrue_conv2d_ACTIVATIONsigmoid_ap_fixed_16_5_,conv,vitis,csynth,,199,20,7931,13378,1824,2520,548160,274080,10.9101,0.7937,1.4468,4.8811,5378337,39261860.1,,7.3,,,,,,,,
config_CIN16_HIN56_WIN56_COUT16_K3_UFCIN4_UFCOU4_PAD1_STRIDE1_BIASTrue_group_conv2d_GROUPS2_ACTIVATIONrelu_ap_fixed_16_5_,conv,vitis,csynth,,199,17,7912,14211,1824,2520,548160,274080,10.9101,0.6746,1.4434,5.185,13644920,99607916.0,,7.3,,,,,,,,
config_CIN16_HIN56_WIN56_COUT16_K3_UFCIN4_UFCOU4_PAD1_STRIDE1_BIASTrue_group_conv2d_GROUPS2_ACTIVATIONsigmoid_ap_fixed_16_5_,conv,vitis,csynth,,199,20,9807,15760,1824,2520,548160,274080,10.9101,0.7937,1.7891,5.7501,13644949,99608127.7,,7.3,,,,,,,,
config_CIN16_HIN56_WIN56_COUT16_K3_UFCIN4_UFCOU4_PAD1_STRIDE1_BIASTrue_group_conv2d_GROUPS4_ACTIVATIONrelu_ap_fixed_16_5_,conv,vitis,csynth,,199,17,5700,10782,1824,2520,548160,274080,10.9101,0.6746,1.0398,3.9339,1220316,8908306.799999999,,7.3,,,,,,,,
config_CIN16_HIN56_WIN56_COUT16_K3_UFCIN4_UFCOU4_PAD1_STRIDE1_BIASTrue_group_conv2d_GROUPS4_ACTIVATIONsigmoid_ap_fixed_16_5_,conv,vitis,csynth,,199,20,7595,12331,1824,2520,548160,274080,10.9101,0.7937,1.3855,4.4991,1220345,8908518.5,,7.3,,,,,,,,
config_CIN16_HIN56_WIN56_COUT16_K3_UFCIN4_UFCOU8_PAD1_STRIDE1_BIASFalse_conv2d_ACTIVATIONrelu_ap_fixed_16_5_,conv,vitis,csynth,,215,33,6241,13003,1824,2520,548160,274080,11.7873,1.3095,1.1385,4.7442,4468839,32622524.7,,7.3,,,,,,,,
config_CIN16_HIN56_WIN56_COUT16_K3_UFCIN4_UFCOU8_PAD1_STRIDE1_BIASFalse_conv2d_ACTIVATIONsigmoid_ap_fixed_16_5_,conv,vitis,csynth,,215,36,8008,14484,1824,2520,548160,274080,11.7873,1.4286,1.4609,5.2846,4468868,32622736.4,,7.3,,,,,,,,
config_CIN16_HIN56_WIN56_COUT16_K3_UFCIN4_UFCOU8_PAD1_STRIDE1_BIASFalse_group_conv2d_GROUPS2_ACTIVATIONrelu_ap_fixed_16_5_,conv,vitis,csynth,,215,33,6996,11922,1824,2520,548160,274080,11.7873,1.3095,1.2763,4.3498,1897435,13851275.5,,7.3,,,,,,,,
config_CIN16_HIN56_WIN56_COUT16_K3_UFCIN4_UFCOU8_PAD1_STRIDE1_BIASFalse_group_conv2d_GROUPS2_ACTIVATIONsigmoid_ap_fixed_16_5_,conv,vitis,csynth,,215,36,8763,13403,1824,2520,548160,274080,11.7873,1.4286,1.5986,4.8902,1897464,13851487.2,,7.3,,,,,,,,
config_CIN16_HIN56_WIN56_COUT16_K3_UFCIN4_UFCOU8_PAD1_STRIDE1_BIASFalse_group_conv2d_GROUPS4_ACTIVATIONrelu_ap_fixed_16_5_,conv,vitis,csynth,,215,17,5646,11787,1824,2520,548160,274080,11.7873,0.6746,1.03,4.3006,1214015,8862309.5,,7.3,,,,,,,,
config_CIN16_HIN56_WIN56_COUT16_K3_UFCIN4_UFCOU8_PAD1_STRIDE1_BIASFalse_group_conv2d_GROUPS4_ACTIVATIONsigmoid_ap_fixed_16_5_,conv,vitis,csynth,,215,20,7413,13268,1824,2520,548160,274080,11.7873,0.7937,1.3523,4.8409,1214044,8862521.2,,7.3,,,,,,,,
config_CIN16_HIN56_WIN56_COUT16_K3_UFCIN4_UFCOU8_PAD1_STRIDE1_BIASTrue_conv2d_ACTIVATIONrelu_ap_fixed_16_5_,conv,vitis,csynth,,215,33,6480,13476,1824,2520,548160,274080,11.7873,1.3095,1.1821,4.9168,4468868,32622736.4,,7.3,,,,,,,,
config_CIN16_HIN56_WIN56_COUT16_K3_UFCIN4_UFCOU8_PAD1_STRIDE1_BIASTrue_conv2d_ACTIVATIONsigmoid_ap_fixed_16_5_,conv,vitis,csynth,,215,36,8247,14961,1824,2520,548160,274080,11.7873,1.4286,1.5045,5.4586,4468897,32622948.099999998,,7.3,,,,,,,,
config_CIN16_HIN56_WIN56_COUT16_K3_UFCIN4_UFCOU8_PAD1_STRIDE1_BIASTrue_group_conv2d_GROUPS2_ACTIVATIONrelu_ap_fixed_16_5_,conv,vitis,csynth,,215,33,7235,12395,1824,2520,548160,274080,11.7873,1.3095,1.3199,4.5224,1897464,13851487.2,,7.3,,,,,,,,
config_CIN16_HIN56_WIN56_COUT16_K3_UFCIN4_UFCOU8_PAD1_STRIDE1_BIASTrue_group_conv2d_GROUPS2_ACTIVATIONsigmoid_ap_fixed_16_5_,conv,vitis,csynth,,215,36,9002,13880,1824,2520,548160,274080,11.7873,1.4286,1.6422,5.0642,1897493,13851698.9,,7.3,,,,,,,,
config_CIN16_HIN56_WIN56_COUT16_K3_UFCIN4_UFCOU8_PAD1_STRIDE1_BIASTrue_group_conv2d_GROUPS4_ACTIVATIONrelu_ap_fixed_16_5_,conv,vitis,csynth,,215,17,5885,12260,1824,2520,548160,274080,11.7873,0.6746,1.0736,4.4731,1214044,8862521.2,,7.3,,,,,,,,
config_CIN16_HIN56_WIN56_COUT16_K3_UFCIN4_UFCOU8_PAD1_STRIDE1_BIASTrue_group_conv2d_GROUPS4_ACTIVATIONsigmoid_ap_fixed_16_5_,conv,vitis,csynth,,215,20,7652,13745,1824,2520,548160,274080,11.7873,0.7937,1.3959,5.015,1214073,8862732.9,,7.3,,,,,,,,
config_CIN16_HIN56_WIN56_COUT16_K3_UFCIN8_UFCOU1_PAD1_STRIDE1_BIASFalse_conv2d_ACTIVATIONrelu_ap_fixed_16_5_,conv,vitis,csynth,,179,9,5973,11458,1824,2520,548160,274080,9.8136,0.3571,1.0896,4.1805,10778471,78682838.3,,7.3,,,,,,,,
config_CIN16_HIN56_WIN56_COUT16_K3_UFCIN8_UFCOU1_PAD1_STRIDE1_BIASFalse_conv2d_ACTIVATIONsigmoid_ap_fixed_16_5_,conv,vitis,csynth,,179,12,7676,12907,1824,2520,548160,274080,9.8136,0.4762,1.4003,4.7092,10778500,78683050.0,,7.3,,,,,,,,
config_CIN16_HIN56_WIN56_COUT16_K3_UFCIN8_UFCOU1_PAD1_STRIDE1_BIASFalse_group_conv2d_GROUPS2_ACTIVATIONrelu_ap_fixed_16_5_,conv,vitis,csynth,,179,9,6251,11766,1824,2520,548160,274080,9.8136,0.3571,1.1404,4.2929,22149723,161692977.9,,7.3,,,,,,,,
config_CIN16_HIN56_WIN56_COUT16_K3_UFCIN8_UFCOU1_PAD1_STRIDE1_BIASFalse_group_conv2d_GROUPS2_ACTIVATIONsigmoid_ap_fixed_16_5_,conv,vitis,csynth,,179,12,7954,13215,1824,2520,548160,274080,9.8136,0.4762,1.451,4.8216,22149752,161693189.6,,7.3,,,,,,,,
config_CIN16_HIN56_WIN56_COUT16_K3_UFCIN8_UFCOU1_PAD1_STRIDE1_BIASFalse_group_conv2d_GROUPS4_ACTIVATIONrelu_ap_fixed_16_5_,conv,vitis,csynth,,179,9,6239,12818,1824,2520,548160,274080,9.8136,0.3571,1.1382,4.6767,44045503,321532171.9,,7.3,,,,,,,,
config_CIN16_HIN56_WIN56_COUT16_K3_UFCIN8_UFCOU1_PAD1_STRIDE1_BIASFalse_group_conv2d_GROUPS4_ACTIVATIONsigmoid_ap_fixed_16_5_,conv,vitis,csynth,,179,12,7942,14267,1824,2520,548160,274080,9.8136,0.4762,1.4488,5.2054,44045532,321532383.59999996,,7.3,,,,,,,,
config_CIN16_HIN56_WIN56_COUT16_K3_UFCIN8_UFCOU1_PAD1_STRIDE1_BIASTrue_conv2d_ACTIVATIONrelu_ap_fixed_16_5_,conv,vitis,csynth,,179,9,6106,11668,1824,2520,548160,274080,9.8136,0.3571,1.1139,4.2572,10778500,78683050.0,,7.3,,,,,,,,
config_CIN16_HIN56_WIN56_COUT16_K3_UFCIN8_UFCOU1_PAD1_STRIDE1_BIASTrue_conv2d_ACTIVATIONsigmoid_ap_fixed_16_5_,conv,vitis,csynth,,179,12,7809,13121,1824,2520,548160,274080,9.8136,0.4762,1.4246,4.7873,10778529,78683261.7,,7.3,,,,,,,,
config_CIN16_HIN56_WIN56_COUT16_K3_UFCIN8_UFCOU1_PAD1_STRIDE1_BIASTrue_group_conv2d_GROUPS2_ACTIVATIONrelu_ap_fixed_16_5_,conv,vitis,csynth,,179,9,6384,11976,1824,2520,548160,274080,9.8136,0.3571,1.1646,4.3695,22149752,161693189.6,,7.3,,,,,,,,
config_CIN16_HIN56_WIN56_COUT16_K3_UFCIN8_UFCOU1_PAD1_STRIDE1_BIASTrue_group_conv2d_GROUPS2_ACTIVATIONsigmoid_ap_fixed_16_5_,conv,vitis,csynth,,179,12,8087,13429,1824,2520,548160,274080,9.8136,0.4762,1.4753,4.8997,22149781,161693401.29999998,,7.3,,,,,,,,
config_CIN16_HIN56_WIN56_COUT16_K3_UFCIN8_UFCOU1_PAD1_STRIDE1_BIASTrue_group_conv2d_GROUPS4_ACTIVATIONrelu_ap_fixed_16_5_,conv,vitis,csynth,,179,9,6372,13028,1824,2520,548160,274080,9.8136,0.3571,1.1624,4.7534,44045532,321532383.59999996,,7.3,,,,,,,,
config_CIN16_HIN56_WIN56_COUT16_K3_UFCIN8_UFCOU1_PAD1_STRIDE1_BIASTrue_group_conv2d_GROUPS4_ACTIVATIONsigmoid_ap_fixed_16_5_,conv,vitis,csynth,,179,12,8075,14481,1824,2520,548160,274080,9.8136,0.4762,1.4731,5.2835,44045561,321532595.3,,7.3,,,,,,,,
config_CIN16_HIN56_WIN56_COUT16_K3_UFCIN8_UFCOU4_PAD1_STRIDE1_BIASFalse_conv2d_ACTIVATIONrelu_ap_fixed_16_5_,conv,vitis,csynth,,215,33,6637,13474,1824,2520,548160,274080,11.7873,1.3095,1.2108,4.9161,5321831,38849366.3,,7.3,,,,,,,,
config_CIN16_HIN56_WIN56_COUT16_K3_UFCIN8_UFCOU4_PAD1_STRIDE1_BIASFalse_conv2d_ACTIVATIONsigmoid_ap_fixed_16_5_,conv,vitis,csynth,,215,36,8532,15019,1824,2520,548160,274080,11.7873,1.4286,1.5565,5.4798,5321860,38849578.0,,7.3,,,,,,,,
config_CIN16_HIN56_WIN56_COUT16_K3_UFCIN8_UFCOU4_PAD1_STRIDE1_BIASFalse_group_conv2d_GROUPS2_ACTIVATIONrelu_ap_fixed_16_5_,conv,vitis,csynth,,215,33,10369,18194,1824,2520,548160,274080,11.7873,1.3095,1.8916,6.6382,13983579,102080126.7,,7.3,,,,,,,,
config_CIN16_HIN56_WIN56_COUT16_K3_UFCIN8_UFCOU4_PAD1_STRIDE1_BIASFalse_group_conv2d_GROUPS2_ACTIVATIONsigmoid_ap_fixed_16_5_,conv,vitis,csynth,,215,36,12264,19739,1824,2520,548160,274080,11.7873,1.4286,2.2373,7.2019,13983608,102080338.39999999,,7.3,,,,,,,,
config_CIN16_HIN56_WIN56_COUT16_K3_UFCIN8_UFCOU4_PAD1_STRIDE1_BIASFalse_group_conv2d_GROUPS4_ACTIVATIONrelu_ap_fixed_16_5_,conv,vitis,csynth,,215,33,6980,13257,1824,2520,548160,274080,11.7873,1.3095,1.2734,4.8369,4042687,29511615.099999998,,7.3,,,,,,,,
config_CIN16_HIN56_WIN56_COUT16_K3_UFCIN8_UFCOU4_PAD1_STRIDE1_BIASFalse_group_conv2d_GROUPS4_ACTIVATIONsigmoid_ap_fixed_16_5_,conv,vitis,csynth,,215,36,8875,14802,1824,2520,548160,274080,11.7873,1.4286,1.6191,5.4006,4042716,29511826.8,,7.3,,,,,,,,
config_CIN16_HIN56_WIN56_COUT16_K3_UFCIN8_UFCOU4_PAD1_STRIDE1_BIASTrue_conv2d_ACTIVATIONrelu_ap_fixed_16_5_,conv,vitis,csynth,,215,33,6813,13795,1824,2520,548160,274080,11.7873,1.3095,1.2429,5.0332,5321860,38849578.0,,7.3,,,,,,,,
config_CIN16_HIN56_WIN56_COUT16_K3_UFCIN8_UFCOU4_PAD1_STRIDE1_BIASTrue_conv2d_ACTIVATIONsigmoid_ap_fixed_16_5_,conv,vitis,csynth,,215,36,8708,15344,1824,2520,548160,274080,11.7873,1.4286,1.5886,5.5984,5321889,38849789.699999996,,7.3,,,,,,,,
config_CIN16_HIN56_WIN56_COUT16_K3_UFCIN8_UFCOU4_PAD1_STRIDE1_BIASTrue_group_conv2d_GROUPS2_ACTIVATIONrelu_ap_fixed_16_5_,conv,vitis,csynth,,215,33,10545,18515,1824,2520,548160,274080,11.7873,1.3095,1.9237,6.7553,13983608,102080338.39999999,,7.3,,,,,,,,
config_CIN16_HIN56_WIN56_COUT16_K3_UFCIN8_UFCOU4_PAD1_STRIDE1_BIASTrue_group_conv2d_GROUPS2_ACTIVATIONsigmoid_ap_fixed_16_5_,conv,vitis,csynth,,215,36,12440,20064,1824,2520,548160,274080,11.7873,1.4286,2.2694,7.3205,13983637,102080550.1,,7.3,,,,,,,,
config_CIN16_HIN56_WIN56_COUT16_K3_UFCIN8_UFCOU4_PAD1_STRIDE1_BIASTrue_group_conv2d_GROUPS4_ACTIVATIONrelu_ap_fixed_16_5_,conv,vitis,csynth,,215,33,7156,13578,1824,2520,548160,274080,11.7873,1.3095,1.3055,4.954,4042716,29511826.8,,7.3,,,,,,,,
config_CIN16_HIN56_WIN56_COUT16_K3_UFCIN8_UFCOU4_PAD1_STRIDE1_BIASTrue_group_conv2d_GROUPS4_ACTIVATIONsigmoid_ap_fixed_16_5_,conv,vitis,csynth,,215,36,9051,15127,1824,2520,548160,274080,11.7873,1.4286,1.6512,5.5192,4042745,29512038.5,,7.3,,,,,,,,
config_CIN16_HIN56_WIN56_COUT16_K3_UFCIN8_UFCOU8_PAD1_STRIDE1_BIASFalse_conv2d_ACTIVATIONrelu_ap_fixed_16_5_,conv,vitis,csynth,,183,65,8418,16559,1824,2520,548160,274080,10.0329,2.5794,1.5357,6.0417,4412391,32210454.3,,7.3,,,,,,,,
config_CIN16_HIN56_WIN56_COUT16_K3_UFCIN8_UFCOU8_PAD1_STRIDE1_BIASFalse_conv2d_ACTIVATIONsigmoid_ap_fixed_16_5_,conv,vitis,csynth,,183,68,10185,18040,1824,2520,548160,274080,10.0329,2.6984,1.858,6.582,4412420,32210666.0,,7.3,,,,,,,,
config_CIN16_HIN56_WIN56_COUT16_K3_UFCIN8_UFCOU8_PAD1_STRIDE1_BIASFalse_group_conv2d_GROUPS2_ACTIVATIONrelu_ap_fixed_16_5_,conv,vitis,csynth,,183,65,7606,13691,1824,2520,548160,274080,10.0329,2.5794,1.3876,4.9953,937819,6846078.7,,7.3,,,,,,,,
config_CIN16_HIN56_WIN56_COUT16_K3_UFCIN8_UFCOU8_PAD1_STRIDE1_BIASFalse_group_conv2d_GROUPS2_ACTIVATIONsigmoid_ap_fixed_16_5_,conv,vitis,csynth,,183,68,9373,15172,1824,2520,548160,274080,10.0329,2.6984,1.7099,5.5356,937848,6846290.399999999,,7.3,,,,,,,,
config_CIN16_HIN56_WIN56_COUT16_K3_UFCIN8_UFCOU8_PAD1_STRIDE1_BIASFalse_group_conv2d_GROUPS4_ACTIVATIONrelu_ap_fixed_16_5_,conv,vitis,csynth,,183,33,9073,16735,1824,2520,548160,274080,10.0329,1.3095,1.6552,6.1059,4036415,29465829.5,,7.3,,,,,,,,
config_CIN16_HIN56_WIN56_COUT16_K3_UFCIN8_UFCOU8_PAD1_STRIDE1_BIASFalse_group_conv2d_GROUPS4_ACTIVATIONsigmoid_ap_fixed_16_5_,conv,vitis,csynth,,183,36,10840,18216,1824,2520,548160,274080,10.0329,1.4286,1.9775,6.6462,4036444,29466041.2,,7.3,,,,,,,,
config_CIN16_HIN56_WIN56_COUT16_K3_UFCIN8_UFCOU8_PAD1_STRIDE1_BIASTrue_conv2d_ACTIVATIONrelu_ap_fixed_16_5_,conv,vitis,csynth,,183,65,8657,17032,1824,2520,548160,274080,10.0329,2.5794,1.5793,6.2142,4412420,32210666.0,,7.3,,,,,,,,
config_CIN16_HIN56_WIN56_COUT16_K3_UFCIN8_UFCOU8_PAD1_STRIDE1_BIASTrue_conv2d_ACTIVATIONsigmoid_ap_fixed_16_5_,conv,vitis,csynth,,183,68,10424,18517,1824,2520,548160,274080,10.0329,2.6984,1.9016,6.7561,4412449,32210877.7,,7.3,,,,,,,,
config_CIN16_HIN56_WIN56_COUT16_K3_UFCIN8_UFCOU8_PAD1_STRIDE1_BIASTrue_group_conv2d_GROUPS2_ACTIVATIONrelu_ap_fixed_16_5_,conv,vitis,csynth,,183,65,7845,14164,1824,2520,548160,274080,10.0329,2.5794,1.4312,5.1678,937848,6846290.399999999,,7.3,,,,,,,,
config_CIN16_HIN56_WIN56_COUT16_K3_UFCIN8_UFCOU8_PAD1_STRIDE1_BIASTrue_group_conv2d_GROUPS2_ACTIVATIONsigmoid_ap_fixed_16_5_,conv,vitis,csynth,,183,68,9612,15649,1824,2520,548160,274080,10.0329,2.6984,1.7535,5.7096,937877,6846502.1,,7.3,,,,,,,,
config_CIN16_HIN56_WIN56_COUT16_K3_UFCIN8_UFCOU8_PAD1_STRIDE1_BIASTrue_group_conv2d_GROUPS4_ACTIVATIONrelu_ap_fixed_16_5_,conv,vitis,csynth,,183,33,9312,17208,1824,2520,548160,274080,10.0329,1.3095,1.6988,6.2785,4036444,29466041.2,,7.3,,,,,,,,
config_CIN16_HIN56_WIN56_COUT16_K3_UFCIN8_UFCOU8_PAD1_STRIDE1_BIASTrue_group_conv2d_GROUPS4_ACTIVATIONsigmoid_ap_fixed_16_5_,conv,vitis,csynth,,183,36,11079,18693,1824,2520,548160,274080,10.0329,1.4286,2.0211,6.8203,4036473,29466252.9,,7.3,,,,,,,,
config_CIN16_HIN56_WIN56_COUT32_K1_UFCIN1_UFCOU1_PAD1_STRIDE1_BIASFalse_conv2d_ACTIVATIONrelu_ap_fixed_16_5_,conv,vitis,csynth,,264,7,5152,8702,1824,2520,548160,274080,14.4737,0.2778,0.9399,3.175,2182097,15929308.1,,7.3,,,,,,,,
config_CIN16_HIN56_WIN56_COUT32_K1_UFCIN1_UFCOU1_PAD1_STRIDE1_BIASFalse_conv2d_ACTIVATIONsigmoid_ap_fixed_16_5_,conv,vitis,csynth,,264,10,6920,10190,1824,2520,548160,274080,14.4737,0.3968,1.2624,3.7179,2182127,15929527.1,,7.3,,,,,,,,
config_CIN16_HIN56_WIN56_COUT32_K1_UFCIN1_UFCOU1_PAD1_STRIDE1_BIASFalse_group_conv2d_GROUPS2_ACTIVATIONrelu_ap_fixed_16_5_,conv,vitis,csynth,,264,12,5555,9413,1824,2520,548160,274080,14.4737,0.4762,1.0134,3.4344,7376235,53846515.5,,7.3,,,,,,,,
config_CIN16_HIN56_WIN56_COUT32_K1_UFCIN1_UFCOU1_PAD1_STRIDE1_BIASFalse_group_conv2d_GROUPS2_ACTIVATIONsigmoid_ap_fixed_16_5_,conv,vitis,csynth,,264,15,7323,10901,1824,2520,548160,274080,14.4737,0.5952,1.3359,3.9773,7376265,53846734.5,,7.3,,,,,,,,
config_CIN16_HIN56_WIN56_COUT32_K1_UFCIN1_UFCOU1_PAD1_STRIDE1_BIASFalse_group_conv2d_GROUPS4_ACTIVATIONrelu_ap_fixed_16_5_,conv,vitis,csynth,,264,12,5558,9416,1824,2520,548160,274080,14.4737,0.4762,1.0139,3.4355,14319769,104534313.7,,7.3,,,,,,,,
config_CIN16_HIN56_WIN56_COUT32_K1_UFCIN1_UFCOU1_PAD1_STRIDE1_BIASFalse_group_conv2d_GROUPS4_ACTIVATIONsigmoid_ap_fixed_16_5_,conv,vitis,csynth,,264,15,7326,10904,1824,2520,548160,274080,14.4737,0.5952,1.3365,3.9784,14319799,104534532.7,,7.3,,,,,,,,
config_CIN16_HIN56_WIN56_COUT32_K1_UFCIN1_UFCOU1_PAD1_STRIDE1_BIASTrue_conv2d_ACTIVATIONrelu_ap_fixed_16_5_,conv,vitis,csynth,,264,7,5293,8892,1824,2520,548160,274080,14.4737,0.2778,0.9656,3.2443,2232190,16294987.0,,7.3,,,,,,,,
config_CIN16_HIN56_WIN56_COUT32_K1_UFCIN1_UFCOU1_PAD1_STRIDE1_BIASTrue_conv2d_ACTIVATIONsigmoid_ap_fixed_16_5_,conv,vitis,csynth,,264,10,7061,10380,1824,2520,548160,274080,14.4737,0.3968,1.2881,3.7872,2232220,16295206.0,,7.3,,,,,,,,
config_CIN16_HIN56_WIN56_COUT32_K1_UFCIN1_UFCOU1_PAD1_STRIDE1_BIASTrue_group_conv2d_GROUPS2_ACTIVATIONrelu_ap_fixed_16_5_,conv,vitis,csynth,,264,12,5696,9603,1824,2520,548160,274080,14.4737,0.4762,1.0391,3.5037,7426328,54212194.4,,7.3,,,,,,,,
config_CIN16_HIN56_WIN56_COUT32_K1_UFCIN1_UFCOU1_PAD1_STRIDE1_BIASTrue_group_conv2d_GROUPS2_ACTIVATIONsigmoid_ap_fixed_16_5_,conv,vitis,csynth,,264,15,7464,11091,1824,2520,548160,274080,14.4737,0.5952,1.3616,4.0466,7426358,54212413.4,,7.3,,,,,,,,
config_CIN16_HIN56_WIN56_COUT32_K1_UFCIN1_UFCOU1_PAD1_STRIDE1_BIASTrue_group_conv2d_GROUPS4_ACTIVATIONrelu_ap_fixed_16_5_,conv,vitis,csynth,,264,12,5699,9606,1824,2520,548160,274080,14.4737,0.4762,1.0397,3.5048,14369862,104899992.6,,7.3,,,,,,,,
config_CIN16_HIN56_WIN56_COUT32_K1_UFCIN1_UFCOU1_PAD1_STRIDE1_BIASTrue_group_conv2d_GROUPS4_ACTIVATIONsigmoid_ap_fixed_16_5_,conv,vitis,csynth,,264,15,7467,11094,1824,2520,548160,274080,14.4737,0.5952,1.3622,4.0477,14369892,104900211.6,,7.3,,,,,,,,
config_CIN16_HIN56_WIN56_COUT32_K1_UFCIN1_UFCOU4_PAD1_STRIDE1_BIASFalse_conv2d_ACTIVATIONrelu_ap_fixed_16_5_,conv,vitis,csynth,,275,12,5473,9523,1824,2520,548160,274080,15.0768,0.4762,0.9984,3.4745,859634,6275328.2,,7.3,,,,,,,,
config_CIN16_HIN56_WIN56_COUT32_K1_UFCIN1_UFCOU4_PAD1_STRIDE1_BIASFalse_conv2d_ACTIVATIONsigmoid_ap_fixed_16_5_,conv,vitis,csynth,,275,15,7305,11043,1824,2520,548160,274080,15.0768,0.5952,1.3326,4.0291,859664,6275547.2,,7.3,,,,,,,,
config_CIN16_HIN56_WIN56_COUT32_K1_UFCIN1_UFCOU4_PAD1_STRIDE1_BIASFalse_group_conv2d_GROUPS2_ACTIVATIONrelu_ap_fixed_16_5_,conv,vitis,csynth,,275,12,6300,10384,1824,2520,548160,274080,15.0768,0.4762,1.1493,3.7887,3322202,24252074.599999998,,7.3,,,,,,,,
config_CIN16_HIN56_WIN56_COUT32_K1_UFCIN1_UFCOU4_PAD1_STRIDE1_BIASFalse_group_conv2d_GROUPS2_ACTIVATIONsigmoid_ap_fixed_16_5_,conv,vitis,csynth,,275,15,8132,11904,1824,2520,548160,274080,15.0768,0.5952,1.4835,4.3433,3322232,24252293.599999998,,7.3,,,,,,,,
config_CIN16_HIN56_WIN56_COUT32_K1_UFCIN1_UFCOU4_PAD1_STRIDE1_BIASFalse_group_conv2d_GROUPS4_ACTIVATIONrelu_ap_fixed_16_5_,conv,vitis,csynth,,275,12,6303,10387,1824,2520,548160,274080,15.0768,0.4762,1.1498,3.7898,6242390,45569447.0,,7.3,,,,,,,,
config_CIN16_HIN56_WIN56_COUT32_K1_UFCIN1_UFCOU4_PAD1_STRIDE1_BIASFalse_group_conv2d_GROUPS4_ACTIVATIONsigmoid_ap_fixed_16_5_,conv,vitis,csynth,,275,15,8135,11907,1824,2520,548160,274080,15.0768,0.5952,1.4841,4.3444,6242420,45569666.0,,7.3,,,,,,,,
config_CIN16_HIN56_WIN56_COUT32_K1_UFCIN1_UFCOU4_PAD1_STRIDE1_BIASTrue_conv2d_ACTIVATIONrelu_ap_fixed_16_5_,conv,vitis,csynth,,275,12,5654,9827,1824,2520,548160,274080,15.0768,0.4762,1.0315,3.5854,859679,6275656.7,,7.3,,,,,,,,
config_CIN16_HIN56_WIN56_COUT32_K1_UFCIN1_UFCOU4_PAD1_STRIDE1_BIASTrue_conv2d_ACTIVATIONsigmoid_ap_fixed_16_5_,conv,vitis,csynth,,275,15,7486,11347,1824,2520,548160,274080,15.0768,0.5952,1.3657,4.14,859709,6275875.7,,7.3,,,,,,,,
config_CIN16_HIN56_WIN56_COUT32_K1_UFCIN1_UFCOU4_PAD1_STRIDE1_BIASTrue_group_conv2d_GROUPS2_ACTIVATIONrelu_ap_fixed_16_5_,conv,vitis,csynth,,275,12,6481,10688,1824,2520,548160,274080,15.0768,0.4762,1.1823,3.8996,3322247,24252403.099999998,,7.3,,,,,,,,
config_CIN16_HIN56_WIN56_COUT32_K1_UFCIN1_UFCOU4_PAD1_STRIDE1_BIASTrue_group_conv2d_GROUPS2_ACTIVATIONsigmoid_ap_fixed_16_5_,conv,vitis,csynth,,275,15,8313,12208,1824,2520,548160,274080,15.0768,0.5952,1.5165,4.4542,3322277,24252622.099999998,,7.3,,,,,,,,
config_CIN16_HIN56_WIN56_COUT32_K1_UFCIN1_UFCOU4_PAD1_STRIDE1_BIASTrue_group_conv2d_GROUPS4_ACTIVATIONrelu_ap_fixed_16_5_,conv,vitis,csynth,,275,12,6484,10691,1824,2520,548160,274080,15.0768,0.4762,1.1829,3.9007,6242435,45569775.5,,7.3,,,,,,,,
config_CIN16_HIN56_WIN56_COUT32_K1_UFCIN1_UFCOU4_PAD1_STRIDE1_BIASTrue_group_conv2d_GROUPS4_ACTIVATIONsigmoid_ap_fixed_16_5_,conv,vitis,csynth,,275,15,8316,12211,1824,2520,548160,274080,15.0768,0.5952,1.5171,4.4553,6242465,45569994.5,,7.3,,,,,,,,
config_CIN16_HIN56_WIN56_COUT32_K1_UFCIN1_UFCOU8_PAD1_STRIDE1_BIASFalse_conv2d_ACTIVATIONrelu_ap_fixed_16_5_,conv,vitis,csynth,,295,16,5574,10324,1824,2520,548160,274080,16.1732,0.6349,1.0169,3.7668,630882,4605438.6,,7.3,,,,,,,,
config_CIN16_HIN56_WIN56_COUT32_K1_UFCIN1_UFCOU8_PAD1_STRIDE1_BIASFalse_conv2d_ACTIVATIONsigmoid_ap_fixed_16_5_,conv,vitis,csynth,,295,19,7406,11844,1824,2520,548160,274080,16.1732,0.754,1.3511,4.3214,630912,4605657.6,,7.3,,,,,,,,
config_CIN16_HIN56_WIN56_COUT32_K1_UFCIN1_UFCOU8_PAD1_STRIDE1_BIASFalse_group_conv2d_GROUPS2_ACTIVATIONrelu_ap_fixed_16_5_,conv,vitis,csynth,,295,16,7041,11791,1824,2520,548160,274080,16.1732,0.6349,1.2845,4.302,2447562,17867202.599999998,,7.3,,,,,,,,
config_CIN16_HIN56_WIN56_COUT32_K1_UFCIN1_UFCOU8_PAD1_STRIDE1_BIASFalse_group_conv2d_GROUPS2_ACTIVATIONsigmoid_ap_fixed_16_5_,conv,vitis,csynth,,295,19,8873,13311,1824,2520,548160,274080,16.1732,0.754,1.6187,4.8566,2447592,17867421.599999998,,7.3,,,,,,,,
config_CIN16_HIN56_WIN56_COUT32_K1_UFCIN1_UFCOU8_PAD1_STRIDE1_BIASFalse_group_conv2d_GROUPS4_ACTIVATIONrelu_ap_fixed_16_5_,conv,vitis,csynth,,295,15,5675,10486,1824,2520,548160,274080,16.1732,0.5952,1.0353,3.8259,7534166,54999411.8,,7.3,,,,,,,,
config_CIN16_HIN56_WIN56_COUT32_K1_UFCIN1_UFCOU8_PAD1_STRIDE1_BIASFalse_group_conv2d_GROUPS4_ACTIVATIONsigmoid_ap_fixed_16_5_,conv,vitis,csynth,,295,18,7507,12006,1824,2520,548160,274080,16.1732,0.7143,1.3695,4.3805,7534196,54999630.8,,7.3,,,,,,,,
config_CIN16_HIN56_WIN56_COUT32_K1_UFCIN1_UFCOU8_PAD1_STRIDE1_BIASTrue_conv2d_ACTIVATIONrelu_ap_fixed_16_5_,conv,vitis,csynth,,295,16,5817,10776,1824,2520,548160,274080,16.1732,0.6349,1.0612,3.9317,630927,4605767.1,,7.3,,,,,,,,
config_CIN16_HIN56_WIN56_COUT32_K1_UFCIN1_UFCOU8_PAD1_STRIDE1_BIASTrue_conv2d_ACTIVATIONsigmoid_ap_fixed_16_5_,conv,vitis,csynth,,295,19,7649,12296,1824,2520,548160,274080,16.1732,0.754,1.3954,4.4863,630957,4605986.1,,7.3,,,,,,,,
config_CIN16_HIN56_WIN56_COUT32_K1_UFCIN1_UFCOU8_PAD1_STRIDE1_BIASTrue_group_conv2d_GROUPS2_ACTIVATIONrelu_ap_fixed_16_5_,conv,vitis,csynth,,295,16,7284,12243,1824,2520,548160,274080,16.1732,0.6349,1.3288,4.4669,2447607,17867531.099999998,,7.3,,,,,,,,
config_CIN16_HIN56_WIN56_COUT32_K1_UFCIN1_UFCOU8_PAD1_STRIDE1_BIASTrue_group_conv2d_GROUPS2_ACTIVATIONsigmoid_ap_fixed_16_5_,conv,vitis,csynth,,295,19,9116,13763,1824,2520,548160,274080,16.1732,0.754,1.663,5.0215,2447637,17867750.099999998,,7.3,,,,,,,,
config_CIN16_HIN56_WIN56_COUT32_K1_UFCIN1_UFCOU8_PAD1_STRIDE1_BIASTrue_group_conv2d_GROUPS4_ACTIVATIONrelu_ap_fixed_16_5_,conv,vitis,csynth,,295,15,5918,10938,1824,2520,548160,274080,16.1732,0.5952,1.0796,3.9908,7534211,54999740.3,,7.3,,,,,,,,
config_CIN16_HIN56_WIN56_COUT32_K1_UFCIN1_UFCOU8_PAD1_STRIDE1_BIASTrue_group_conv2d_GROUPS4_ACTIVATIONsigmoid_ap_fixed_16_5_,conv,vitis,csynth,,295,18,7750,12458,1824,2520,548160,274080,16.1732,0.7143,1.4138,4.5454,7534241,54999959.3,,7.3,,,,,,,,
config_CIN16_HIN56_WIN56_COUT32_K1_UFCIN4_UFCOU1_PAD1_STRIDE1_BIASFalse_conv2d_ACTIVATIONrelu_ap_fixed_16_5_,conv,vitis,csynth,,279,13,5558,9341,1824,2520,548160,274080,15.2961,0.5159,1.0139,3.4081,2656010,19388873.0,,7.3,,,,,,,,
config_CIN16_HIN56_WIN56_COUT32_K1_UFCIN4_UFCOU1_PAD1_STRIDE1_BIASFalse_conv2d_ACTIVATIONsigmoid_ap_fixed_16_5_,conv,vitis,csynth,,279,16,7326,10829,1824,2520,548160,274080,15.2961,0.6349,1.3365,3.951,2656040,19389092.0,,7.3,,,,,,,,
config_CIN16_HIN56_WIN56_COUT32_K1_UFCIN4_UFCOU1_PAD1_STRIDE1_BIASFalse_group_conv2d_GROUPS2_ACTIVATIONrelu_ap_fixed_16_5_,conv,vitis,csynth,,279,17,5635,9485,1824,2520,548160,274080,15.2961,0.6746,1.028,3.4607,4876370,35597501.0,,7.3,,,,,,,,
config_CIN16_HIN56_WIN56_COUT32_K1_UFCIN4_UFCOU1_PAD1_STRIDE1_BIASFalse_group_conv2d_GROUPS2_ACTIVATIONsigmoid_ap_fixed_16_5_,conv,vitis,csynth,,279,20,7403,10973,1824,2520,548160,274080,15.2961,0.7937,1.3505,4.0036,4876400,35597720.0,,7.3,,,,,,,,
config_CIN16_HIN56_WIN56_COUT32_K1_UFCIN4_UFCOU1_PAD1_STRIDE1_BIASFalse_group_conv2d_GROUPS4_ACTIVATIONrelu_ap_fixed_16_5_,conv,vitis,csynth,,279,17,5645,9488,1824,2520,548160,274080,15.2961,0.6746,1.0298,3.4618,9269990,67670927.0,,7.3,,,,,,,,
config_CIN16_HIN56_WIN56_COUT32_K1_UFCIN4_UFCOU1_PAD1_STRIDE1_BIASFalse_group_conv2d_GROUPS4_ACTIVATIONsigmoid_ap_fixed_16_5_,conv,vitis,csynth,,279,20,7413,10976,1824,2520,548160,274080,15.2961,0.7937,1.3523,4.0047,9270020,67671146.0,,7.3,,,,,,,,
config_CIN16_HIN56_WIN56_COUT32_K1_UFCIN4_UFCOU1_PAD1_STRIDE1_BIASTrue_conv2d_ACTIVATIONrelu_ap_fixed_16_5_,conv,vitis,csynth,,279,13,5699,9534,1824,2520,548160,274080,15.2961,0.5159,1.0397,3.4785,2656055,19389201.5,,7.3,,,,,,,,
config_CIN16_HIN56_WIN56_COUT32_K1_UFCIN4_UFCOU1_PAD1_STRIDE1_BIASTrue_conv2d_ACTIVATIONsigmoid_ap_fixed_16_5_,conv,vitis,csynth,,279,16,7467,11022,1824,2520,548160,274080,15.2961,0.6349,1.3622,4.0215,2656085,19389420.5,,7.3,,,,,,,,
config_CIN16_HIN56_WIN56_COUT32_K1_UFCIN4_UFCOU1_PAD1_STRIDE1_BIASTrue_group_conv2d_GROUPS2_ACTIVATIONrelu_ap_fixed_16_5_,conv,vitis,csynth,,279,17,5776,9678,1824,2520,548160,274080,15.2961,0.6746,1.0537,3.5311,4876415,35597829.5,,7.3,,,,,,,,
config_CIN16_HIN56_WIN56_COUT32_K1_UFCIN4_UFCOU1_PAD1_STRIDE1_BIASTrue_group_conv2d_GROUPS2_ACTIVATIONsigmoid_ap_fixed_16_5_,conv,vitis,csynth,,279,20,7544,11166,1824,2520,548160,274080,15.2961,0.7937,1.3762,4.074,4876445,35598048.5,,7.3,,,,,,,,
config_CIN16_HIN56_WIN56_COUT32_K1_UFCIN4_UFCOU1_PAD1_STRIDE1_BIASTrue_group_conv2d_GROUPS4_ACTIVATIONrelu_ap_fixed_16_5_,conv,vitis,csynth,,279,17,5786,9681,1824,2520,548160,274080,15.2961,0.6746,1.0555,3.5322,9270035,67671255.5,,7.3,,,,,,,,
config_CIN16_HIN56_WIN56_COUT32_K1_UFCIN4_UFCOU1_PAD1_STRIDE1_BIASTrue_group_conv2d_GROUPS4_ACTIVATIONsigmoid_ap_fixed_16_5_,conv,vitis,csynth,,279,20,7554,11169,1824,2520,548160,274080,15.2961,0.7937,1.3781,4.0751,9270065,67671474.5,,7.3,,,,,,,,
config_CIN16_HIN56_WIN56_COUT32_K1_UFCIN4_UFCOU4_PAD1_STRIDE1_BIASFalse_conv2d_ACTIVATIONrelu_ap_fixed_16_5_,conv,vitis,csynth,,283,27,6342,10837,1824,2520,548160,274080,15.5154,1.0714,1.157,3.954,1283498,9369535.4,,7.3,,,,,,,,
config_CIN16_HIN56_WIN56_COUT32_K1_UFCIN4_UFCOU4_PAD1_STRIDE1_BIASFalse_conv2d_ACTIVATIONsigmoid_ap_fixed_16_5_,conv,vitis,csynth,,283,30,8174,12357,1824,2520,548160,274080,15.5154,1.1905,1.4912,4.5085,1283528,9369754.4,,7.3,,,,,,,,
config_CIN16_HIN56_WIN56_COUT32_K1_UFCIN4_UFCOU4_PAD1_STRIDE1_BIASFalse_group_conv2d_GROUPS2_ACTIVATIONrelu_ap_fixed_16_5_,conv,vitis,csynth,,283,27,8333,13356,1824,2520,548160,274080,15.5154,1.0714,1.5202,4.873,3127090,22827757.0,,7.3,,,,,,,,
config_CIN16_HIN56_WIN56_COUT32_K1_UFCIN4_UFCOU4_PAD1_STRIDE1_BIASFalse_group_conv2d_GROUPS2_ACTIVATIONsigmoid_ap_fixed_16_5_,conv,vitis,csynth,,283,30,10165,14876,1824,2520,548160,274080,15.5154,1.1905,1.8544,5.4276,3127120,22827976.0,,7.3,,,,,,,,
config_CIN16_HIN56_WIN56_COUT32_K1_UFCIN4_UFCOU4_PAD1_STRIDE1_BIASFalse_group_conv2d_GROUPS4_ACTIVATIONrelu_ap_fixed_16_5_,conv,vitis,csynth,,283,27,8344,13359,1824,2520,548160,274080,15.5154,1.0714,1.5222,4.8741,5852166,42720811.8,,7.3,,,,,,,,
config_CIN16_HIN56_WIN56_COUT32_K1_UFCIN4_UFCOU4_PAD1_STRIDE1_BIASFalse_group_conv2d_GROUPS4_ACTIVATIONsigmoid_ap_fixed_16_5_,conv,vitis,csynth,,283,30,10176,14879,1824,2520,548160,274080,15.5154,1.1905,1.8564,5.4287,5852196,42721030.8,,7.3,,,,,,,,
config_CIN16_HIN56_WIN56_COUT32_K1_UFCIN4_UFCOU4_PAD1_STRIDE1_BIASTrue_conv2d_ACTIVATIONrelu_ap_fixed_16_5_,conv,vitis,csynth,,283,27,6523,11141,1824,2520,548160,274080,15.5154,1.0714,1.19,4.0649,1283543,9369863.9,,7.3,,,,,,,,
config_CIN16_HIN56_WIN56_COUT32_K1_UFCIN4_UFCOU4_PAD1_STRIDE1_BIASTrue_conv2d_ACTIVATIONsigmoid_ap_fixed_16_5_,conv,vitis,csynth,,283,30,8355,12661,1824,2520,548160,274080,15.5154,1.1905,1.5242,4.6195,1283573,9370082.9,,7.3,,,,,,,,
config_CIN16_HIN56_WIN56_COUT32_K1_UFCIN4_UFCOU4_PAD1_STRIDE1_BIASTrue_group_conv2d_GROUPS2_ACTIVATIONrelu_ap_fixed_16_5_,conv,vitis,csynth,,283,27,8514,13660,1824,2520,548160,274080,15.5154,1.0714,1.5532,4.9839,3127135,22828085.5,,7.3,,,,,,,,
config_CIN16_HIN56_WIN56_COUT32_K1_UFCIN4_UFCOU4_PAD1_STRIDE1_BIASTrue_group_conv2d_GROUPS2_ACTIVATIONsigmoid_ap_fixed_16_5_,conv,vitis,csynth,,283,30,10346,15180,1824,2520,548160,274080,15.5154,1.1905,1.8874,5.5385,3127165,22828304.5,,7.3,,,,,,,,
config_CIN16_HIN56_WIN56_COUT32_K1_UFCIN4_UFCOU4_PAD1_STRIDE1_BIASTrue_group_conv2d_GROUPS4_ACTIVATIONrelu_ap_fixed_16_5_,conv,vitis,csynth,,283,27,8525,13663,1824,2520,548160,274080,15.5154,1.0714,1.5552,4.985,5852211,42721140.3,,7.3,,,,,,,,
config_CIN16_HIN56_WIN56_COUT32_K1_UFCIN4_UFCOU4_PAD1_STRIDE1_BIASTrue_group_conv2d_GROUPS4_ACTIVATIONsigmoid_ap_fixed_16_5_,conv,vitis,csynth,,283,30,10357,15183,1824,2520,548160,274080,15.5154,1.1905,1.8894,5.5396,5852241,42721359.3,,7.3,,,,,,,,
config_CIN16_HIN56_WIN56_COUT32_K1_UFCIN4_UFCOU8_PAD1_STRIDE1_BIASFalse_conv2d_ACTIVATIONrelu_ap_fixed_16_5_,conv,vitis,csynth,,299,43,7009,12530,1824,2520,548160,274080,16.3925,1.7063,1.2786,4.5717,1054746,7699645.8,,7.3,,,,,,,,
config_CIN16_HIN56_WIN56_COUT32_K1_UFCIN4_UFCOU8_PAD1_STRIDE1_BIASFalse_conv2d_ACTIVATIONsigmoid_ap_fixed_16_5_,conv,vitis,csynth,,299,46,8841,14050,1824,2520,548160,274080,16.3925,1.8254,1.6129,5.1262,1054776,7699864.8,,7.3,,,,,,,,
config_CIN16_HIN56_WIN56_COUT32_K1_UFCIN4_UFCOU8_PAD1_STRIDE1_BIASFalse_group_conv2d_GROUPS2_ACTIVATIONrelu_ap_fixed_16_5_,conv,vitis,csynth,,299,43,10722,16911,1824,2520,548160,274080,16.3925,1.7063,1.956,6.1701,2252450,16442885.0,,7.3,,,,,,,,
config_CIN16_HIN56_WIN56_COUT32_K1_UFCIN4_UFCOU8_PAD1_STRIDE1_BIASFalse_group_conv2d_GROUPS2_ACTIVATIONsigmoid_ap_fixed_16_5_,conv,vitis,csynth,,299,46,12554,18431,1824,2520,548160,274080,16.3925,1.8254,2.2902,6.7247,2252480,16443104.0,,7.3,,,,,,,,
config_CIN16_HIN56_WIN56_COUT32_K1_UFCIN4_UFCOU8_PAD1_STRIDE1_BIASFalse_group_conv2d_GROUPS4_ACTIVATIONrelu_ap_fixed_16_5_,conv,vitis,csynth,,299,39,6659,11959,1824,2520,548160,274080,16.3925,1.5476,1.2148,4.3633,3389718,24744941.4,,7.3,,,,,,,,
config_CIN16_HIN56_WIN56_COUT32_K1_UFCIN4_UFCOU8_PAD1_STRIDE1_BIASFalse_group_conv2d_GROUPS4_ACTIVATIONsigmoid_ap_fixed_16_5_,conv,vitis,csynth,,299,42,8491,13479,1824,2520,548160,274080,16.3925,1.6667,1.549,4.9179,3389748,24745160.4,,7.3,,,,,,,,
config_CIN16_HIN56_WIN56_COUT32_K1_UFCIN4_UFCOU8_PAD1_STRIDE1_BIASTrue_conv2d_ACTIVATIONrelu_ap_fixed_16_5_,conv,vitis,csynth,,299,43,7252,12982,1824,2520,548160,274080,16.3925,1.7063,1.323,4.7366,1054791,7699974.3,,7.3,,,,,,,,
config_CIN16_HIN56_WIN56_COUT32_K1_UFCIN4_UFCOU8_PAD1_STRIDE1_BIASTrue_conv2d_ACTIVATIONsigmoid_ap_fixed_16_5_,conv,vitis,csynth,,299,46,9084,14502,1824,2520,548160,274080,16.3925,1.8254,1.6572,5.2912,1054821,7700193.3,,7.3,,,,,,,,
config_CIN16_HIN56_WIN56_COUT32_K1_UFCIN4_UFCOU8_PAD1_STRIDE1_BIASTrue_group_conv2d_GROUPS2_ACTIVATIONrelu_ap_fixed_16_5_,conv,vitis,csynth,,299,43,10965,17363,1824,2520,548160,274080,16.3925,1.7063,2.0003,6.335,2252495,16443213.5,,7.3,,,,,,,,
config_CIN16_HIN56_WIN56_COUT32_K1_UFCIN4_UFCOU8_PAD1_STRIDE1_BIASTrue_group_conv2d_GROUPS2_ACTIVATIONsigmoid_ap_fixed_16_5_,conv,vitis,csynth,,299,46,12797,18883,1824,2520,548160,274080,16.3925,1.8254,2.3345,6.8896,2252525,16443432.5,,7.3,,,,,,,,
config_CIN16_HIN56_WIN56_COUT32_K1_UFCIN4_UFCOU8_PAD1_STRIDE1_BIASTrue_group_conv2d_GROUPS4_ACTIVATIONrelu_ap_fixed_16_5_,conv,vitis,csynth,,299,39,6902,12411,1824,2520,548160,274080,16.3925,1.5476,1.2591,4.5282,3389763,24745269.9,,7.3,,,,,,,,
config_CIN16_HIN56_WIN56_COUT32_K1_UFCIN4_UFCOU8_PAD1_STRIDE1_BIASTrue_group_conv2d_GROUPS4_ACTIVATIONsigmoid_ap_fixed_16_5_,conv,vitis,csynth,,299,42,8734,13931,1824,2520,548160,274080,16.3925,1.6667,1.5933,5.0828,3389793,24745488.9,,7.3,,,,,,,,
config_CIN16_HIN56_WIN56_COUT32_K1_UFCIN8_UFCOU1_PAD1_STRIDE1_BIASFalse_conv2d_ACTIVATIONrelu_ap_fixed_16_5_,conv,vitis,csynth,,283,21,6052,10209,1824,2520,548160,274080,15.5154,0.8333,1.1041,3.7248,2649282,19339758.599999998,,7.3,,,,,,,,
config_CIN16_HIN56_WIN56_COUT32_K1_UFCIN8_UFCOU1_PAD1_STRIDE1_BIASFalse_conv2d_ACTIVATIONsigmoid_ap_fixed_16_5_,conv,vitis,csynth,,283,24,7820,11697,1824,2520,548160,274080,15.5154,0.9524,1.4266,4.2677,2649312,19339977.599999998,,7.3,,,,,,,,
config_CIN16_HIN56_WIN56_COUT32_K1_UFCIN8_UFCOU1_PAD1_STRIDE1_BIASFalse_group_conv2d_GROUPS2_ACTIVATIONrelu_ap_fixed_16_5_,conv,vitis,csynth,,283,29,6170,10367,1824,2520,548160,274080,15.5154,1.1508,1.1256,3.7825,4916738,35892187.4,,7.3,,,,,,,,
config_CIN16_HIN56_WIN56_COUT32_K1_UFCIN8_UFCOU1_PAD1_STRIDE1_BIASFalse_group_conv2d_GROUPS2_ACTIVATIONsigmoid_ap_fixed_16_5_,conv,vitis,csynth,,283,32,7938,11855,1824,2520,548160,274080,15.5154,1.2698,1.4481,4.3254,4916768,35892406.4,,7.3,,,,,,,,
config_CIN16_HIN56_WIN56_COUT32_K1_UFCIN8_UFCOU1_PAD1_STRIDE1_BIASFalse_group_conv2d_GROUPS4_ACTIVATIONrelu_ap_fixed_16_5_,conv,vitis,csynth,,283,29,6174,11395,1824,2520,548160,274080,15.5154,1.1508,1.1263,4.1575,9350726,68260299.8,,7.3,,,,,,,,
config_CIN16_HIN56_WIN56_COUT32_K1_UFCIN8_UFCOU1_PAD1_STRIDE1_BIASFalse_group_conv2d_GROUPS4_ACTIVATIONsigmoid_ap_fixed_16_5_,conv,vitis,csynth,,283,32,7942,12883,1824,2520,548160,274080,15.5154,1.2698,1.4488,4.7005,9350756,68260518.8,,7.3,,,,,,,,
config_CIN16_HIN56_WIN56_COUT32_K1_UFCIN8_UFCOU1_PAD1_STRIDE1_BIASTrue_conv2d_ACTIVATIONrelu_ap_fixed_16_5_,conv,vitis,csynth,,283,21,6193,10402,1824,2520,548160,274080,15.5154,0.8333,1.1298,3.7952,2649327,19340087.099999998,,7.3,,,,,,,,
config_CIN16_HIN56_WIN56_COUT32_K1_UFCIN8_UFCOU1_PAD1_STRIDE1_BIASTrue_conv2d_ACTIVATIONsigmoid_ap_fixed_16_5_,conv,vitis,csynth,,283,24,7961,11890,1824,2520,548160,274080,15.5154,0.9524,1.4523,4.3381,2649357,19340306.099999998,,7.3,,,,,,,,
config_CIN16_HIN56_WIN56_COUT32_K1_UFCIN8_UFCOU1_PAD1_STRIDE1_BIASTrue_group_conv2d_GROUPS2_ACTIVATIONrelu_ap_fixed_16_5_,conv,vitis,csynth,,283,29,6311,10560,1824,2520,548160,274080,15.5154,1.1508,1.1513,3.8529,4916783,35892515.9,,7.3,,,,,,,,
config_CIN16_HIN56_WIN56_COUT32_K1_UFCIN8_UFCOU1_PAD1_STRIDE1_BIASTrue_group_conv2d_GROUPS2_ACTIVATIONsigmoid_ap_fixed_16_5_,conv,vitis,csynth,,283,32,8079,12048,1824,2520,548160,274080,15.5154,1.2698,1.4738,4.3958,4916813,35892734.9,,7.3,,,,,,,,
config_CIN16_HIN56_WIN56_COUT32_K1_UFCIN8_UFCOU1_PAD1_STRIDE1_BIASTrue_group_conv2d_GROUPS4_ACTIVATIONrelu_ap_fixed_16_5_,conv,vitis,csynth,,283,29,6315,11588,1824,2520,548160,274080,15.5154,1.1508,1.152,4.228,9350771,68260628.3,,7.3,,,,,,,,
config_CIN16_HIN56_WIN56_COUT32_K1_UFCIN8_UFCOU1_PAD1_STRIDE1_BIASTrue_group_conv2d_GROUPS4_ACTIVATIONsigmoid_ap_fixed_16_5_,conv,vitis,csynth,,283,32,8083,13076,1824,2520,548160,274080,15.5154,1.2698,1.4746,4.7709,9350801,68260847.3,,7.3,,,,,,,,
config_CIN16_HIN56_WIN56_COUT32_K1_UFCIN8_UFCOU4_PAD1_STRIDE1_BIASFalse_conv2d_ACTIVATIONrelu_ap_fixed_16_5_,conv,vitis,csynth,,283,47,7393,12483,1824,2520,548160,274080,15.5154,1.8651,1.3487,4.5545,1276770,9320421.0,,7.3,,,,,,,,
config_CIN16_HIN56_WIN56_COUT32_K1_UFCIN8_UFCOU4_PAD1_STRIDE1_BIASFalse_conv2d_ACTIVATIONsigmoid_ap_fixed_16_5_,conv,vitis,csynth,,283,50,9225,14003,1824,2520,548160,274080,15.5154,1.9841,1.6829,5.1091,1276800,9320640.0,,7.3,,,,,,,,
config_CIN16_HIN56_WIN56_COUT32_K1_UFCIN8_UFCOU4_PAD1_STRIDE1_BIASFalse_group_conv2d_GROUPS2_ACTIVATIONrelu_ap_fixed_16_5_,conv,vitis,csynth,,283,47,11128,17328,1824,2520,548160,274080,15.5154,1.8651,2.0301,6.3222,3140546,22925985.8,,7.3,,,,,,,,
config_CIN16_HIN56_WIN56_COUT32_K1_UFCIN8_UFCOU4_PAD1_STRIDE1_BIASFalse_group_conv2d_GROUPS2_ACTIVATIONsigmoid_ap_fixed_16_5_,conv,vitis,csynth,,283,50,12960,18848,1824,2520,548160,274080,15.5154,1.9841,2.3643,6.8768,3140576,22926204.8,,7.3,,,,,,,,
config_CIN16_HIN56_WIN56_COUT32_K1_UFCIN8_UFCOU4_PAD1_STRIDE1_BIASFalse_group_conv2d_GROUPS4_ACTIVATIONrelu_ap_fixed_16_5_,conv,vitis,csynth,,283,47,11139,19404,1824,2520,548160,274080,15.5154,1.8651,2.0321,7.0797,5879078,42917269.4,,7.3,,,,,,,,
config_CIN16_HIN56_WIN56_COUT32_K1_UFCIN8_UFCOU4_PAD1_STRIDE1_BIASFalse_group_conv2d_GROUPS4_ACTIVATIONsigmoid_ap_fixed_16_5_,conv,vitis,csynth,,283,50,12971,20924,1824,2520,548160,274080,15.5154,1.9841,2.3663,7.6343,5879108,42917488.4,,7.3,,,,,,,,
config_CIN16_HIN56_WIN56_COUT32_K1_UFCIN8_UFCOU4_PAD1_STRIDE1_BIASTrue_conv2d_ACTIVATIONrelu_ap_fixed_16_5_,conv,vitis,csynth,,283,47,7574,12787,1824,2520,548160,274080,15.5154,1.8651,1.3817,4.6654,1276815,9320749.5,,7.3,,,,,,,,
config_CIN16_HIN56_WIN56_COUT32_K1_UFCIN8_UFCOU4_PAD1_STRIDE1_BIASTrue_conv2d_ACTIVATIONsigmoid_ap_fixed_16_5_,conv,vitis,csynth,,283,50,9406,14307,1824,2520,548160,274080,15.5154,1.9841,1.7159,5.22,1276845,9320968.5,,7.3,,,,,,,,
config_CIN16_HIN56_WIN56_COUT32_K1_UFCIN8_UFCOU4_PAD1_STRIDE1_BIASTrue_group_conv2d_GROUPS2_ACTIVATIONrelu_ap_fixed_16_5_,conv,vitis,csynth,,283,47,11309,17632,1824,2520,548160,274080,15.5154,1.8651,2.0631,6.4332,3140591,22926314.3,,7.3,,,,,,,,
config_CIN16_HIN56_WIN56_COUT32_K1_UFCIN8_UFCOU4_PAD1_STRIDE1_BIASTrue_group_conv2d_GROUPS2_ACTIVATIONsigmoid_ap_fixed_16_5_,conv,vitis,csynth,,283,50,13141,19152,1824,2520,548160,274080,15.5154,1.9841,2.3973,6.9877,3140621,22926533.3,,7.3,,,,,,,,
config_CIN16_HIN56_WIN56_COUT32_K1_UFCIN8_UFCOU4_PAD1_STRIDE1_BIASTrue_group_conv2d_GROUPS4_ACTIVATIONrelu_ap_fixed_16_5_,conv,vitis,csynth,,283,47,11320,19708,1824,2520,548160,274080,15.5154,1.8651,2.0651,7.1906,5879123,42917597.9,,7.3,,,,,,,,
config_CIN16_HIN56_WIN56_COUT32_K1_UFCIN8_UFCOU4_PAD1_STRIDE1_BIASTrue_group_conv2d_GROUPS4_ACTIVATIONsigmoid_ap_fixed_16_5_,conv,vitis,csynth,,283,50,13152,21228,1824,2520,548160,274080,15.5154,1.9841,2.3993,7.7452,5879153,42917816.9,,7.3,,,,,,,,
config_CIN16_HIN56_WIN56_COUT32_K1_UFCIN8_UFCOU8_PAD1_STRIDE1_BIASFalse_conv2d_ACTIVATIONrelu_ap_fixed_16_5_,conv,vitis,csynth,,299,79,8728,15320,1824,2520,548160,274080,16.3925,3.1349,1.5922,5.5896,1048018,7650531.399999999,,7.3,,,,,,,,
config_CIN16_HIN56_WIN56_COUT32_K1_UFCIN8_UFCOU8_PAD1_STRIDE1_BIASFalse_conv2d_ACTIVATIONsigmoid_ap_fixed_16_5_,conv,vitis,csynth,,299,82,10560,16840,1824,2520,548160,274080,16.3925,3.254,1.9264,6.1442,1048048,7650750.399999999,,7.3,,,,,,,,
config_CIN16_HIN56_WIN56_COUT32_K1_UFCIN8_UFCOU8_PAD1_STRIDE1_BIASFalse_group_conv2d_GROUPS2_ACTIVATIONrelu_ap_fixed_16_5_,conv,vitis,csynth,,299,79,15631,23727,1824,2520,548160,274080,16.3925,3.1349,2.8515,8.657,2265906,16541113.799999999,,7.3,,,,,,,,
config_CIN16_HIN56_WIN56_COUT32_K1_UFCIN8_UFCOU8_PAD1_STRIDE1_BIASFalse_group_conv2d_GROUPS2_ACTIVATIONsigmoid_ap_fixed_16_5_,conv,vitis,csynth,,299,82,17463,25247,1824,2520,548160,274080,16.3925,3.254,3.1857,9.2115,2265936,16541332.799999999,,7.3,,,,,,,,
config_CIN16_HIN56_WIN56_COUT32_K1_UFCIN8_UFCOU8_PAD1_STRIDE1_BIASFalse_group_conv2d_GROUPS4_ACTIVATIONrelu_ap_fixed_16_5_,conv,vitis,csynth,,299,71,7828,16146,1824,2520,548160,274080,16.3925,2.8175,1.4281,5.891,2824566,20619331.8,,7.3,,,,,,,,
config_CIN16_HIN56_WIN56_COUT32_K1_UFCIN8_UFCOU8_PAD1_STRIDE1_BIASFalse_group_conv2d_GROUPS4_ACTIVATIONsigmoid_ap_fixed_16_5_,conv,vitis,csynth,,299,74,9660,17666,1824,2520,548160,274080,16.3925,2.9365,1.7623,6.4456,2824596,20619550.8,,7.3,,,,,,,,
config_CIN16_HIN56_WIN56_COUT32_K1_UFCIN8_UFCOU8_PAD1_STRIDE1_BIASTrue_conv2d_ACTIVATIONrelu_ap_fixed_16_5_,conv,vitis,csynth,,299,79,8971,15772,1824,2520,548160,274080,16.3925,3.1349,1.6366,5.7545,1048063,7650859.899999999,,7.3,,,,,,,,
config_CIN16_HIN56_WIN56_COUT32_K1_UFCIN8_UFCOU8_PAD1_STRIDE1_BIASTrue_conv2d_ACTIVATIONsigmoid_ap_fixed_16_5_,conv,vitis,csynth,,299,82,10803,17292,1824,2520,548160,274080,16.3925,3.254,1.9708,6.3091,1048093,7651078.899999999,,7.3,,,,,,,,
config_CIN16_HIN56_WIN56_COUT32_K1_UFCIN8_UFCOU8_PAD1_STRIDE1_BIASTrue_group_conv2d_GROUPS2_ACTIVATIONrelu_ap_fixed_16_5_,conv,vitis,csynth,,299,79,15874,24179,1824,2520,548160,274080,16.3925,3.1349,2.8959,8.8219,2265951,16541442.299999999,,7.3,,,,,,,,
config_CIN16_HIN56_WIN56_COUT32_K1_UFCIN8_UFCOU8_PAD1_STRIDE1_BIASTrue_group_conv2d_GROUPS2_ACTIVATIONsigmoid_ap_fixed_16_5_,conv,vitis,csynth,,299,82,17706,25699,1824,2520,548160,274080,16.3925,3.254,3.2301,9.3765,2265981,16541661.299999999,,7.3,,,,,,,,
config_CIN16_HIN56_WIN56_COUT32_K1_UFCIN8_UFCOU8_PAD1_STRIDE1_BIASTrue_group_conv2d_GROUPS4_ACTIVATIONrelu_ap_fixed_16_5_,conv,vitis,csynth,,299,71,8071,16598,1824,2520,548160,274080,16.3925,2.8175,1.4724,6.0559,2824611,20619660.3,,7.3,,,,,,,,
config_CIN16_HIN56_WIN56_COUT32_K1_UFCIN8_UFCOU8_PAD1_STRIDE1_BIASTrue_group_conv2d_GROUPS4_ACTIVATIONsigmoid_ap_fixed_16_5_,conv,vitis,csynth,,299,74,9903,18118,1824,2520,548160,274080,16.3925,2.9365,1.8066,6.6105,2824641,20619879.3,,7.3,,,,,,,,
config_CIN16_HIN56_WIN56_COUT32_K3_UFCIN1_UFCOU1_PAD1_STRIDE1_BIASFalse_conv2d_ACTIVATIONrelu_ap_fixed_16_5_,conv,vitis,csynth,,259,2,5116,9261,1824,2520,548160,274080,14.1996,0.0794,0.9333,3.3789,15081062,110091752.6,,7.3,,,,,,,,
config_CIN16_HIN56_WIN56_COUT32_K3_UFCIN1_UFCOU1_PAD1_STRIDE1_BIASFalse_conv2d_ACTIVATIONsigmoid_ap_fixed_16_5_,conv,vitis,csynth,,259,5,6819,10714,1824,2520,548160,274080,14.1996,0.1984,1.244,3.9091,15081091,110091964.3,,7.3,,,,,,,,
config_CIN16_HIN56_WIN56_COUT32_K3_UFCIN1_UFCOU1_PAD1_STRIDE1_BIASFalse_group_conv2d_GROUPS2_ACTIVATIONrelu_ap_fixed_16_5_,conv,vitis,csynth,,259,6,5541,9990,1824,2520,548160,274080,14.1996,0.2381,1.0108,3.6449,58599452,427775999.59999996,,7.3,,,,,,,,
config_CIN16_HIN56_WIN56_COUT32_K3_UFCIN1_UFCOU1_PAD1_STRIDE1_BIASFalse_group_conv2d_GROUPS2_ACTIVATIONsigmoid_ap_fixed_16_5_,conv,vitis,csynth,,259,9,7244,11443,1824,2520,548160,274080,14.1996,0.3571,1.3215,4.1751,58599481,427776211.3,,7.3,,,,,,,,
config_CIN16_HIN56_WIN56_COUT32_K3_UFCIN1_UFCOU1_PAD1_STRIDE1_BIASFalse_group_conv2d_GROUPS4_ACTIVATIONrelu_ap_fixed_16_5_,conv,vitis,csynth,,259,6,5544,9993,1824,2520,548160,274080,14.1996,0.2381,1.0114,3.646,116791298,852576475.4,,7.3,,,,,,,,
config_CIN16_HIN56_WIN56_COUT32_K3_UFCIN1_UFCOU1_PAD1_STRIDE1_BIASFalse_group_conv2d_GROUPS4_ACTIVATIONsigmoid_ap_fixed_16_5_,conv,vitis,csynth,,259,9,7247,11446,1824,2520,548160,274080,14.1996,0.3571,1.3221,4.1762,116791327,852576687.1,,7.3,,,,,,,,
config_CIN16_HIN56_WIN56_COUT32_K3_UFCIN1_UFCOU1_PAD1_STRIDE1_BIASTrue_conv2d_ACTIVATIONrelu_ap_fixed_16_5_,conv,vitis,csynth,,259,2,5254,9460,1824,2520,548160,274080,14.1996,0.0794,0.9585,3.4515,15131155,110457431.5,,7.3,,,,,,,,
config_CIN16_HIN56_WIN56_COUT32_K3_UFCIN1_UFCOU1_PAD1_STRIDE1_BIASTrue_conv2d_ACTIVATIONsigmoid_ap_fixed_16_5_,conv,vitis,csynth,,259,5,6957,10913,1824,2520,548160,274080,14.1996,0.1984,1.2692,3.9817,15131184,110457643.2,,7.3,,,,,,,,
config_CIN16_HIN56_WIN56_COUT32_K3_UFCIN1_UFCOU1_PAD1_STRIDE1_BIASTrue_group_conv2d_GROUPS2_ACTIVATIONrelu_ap_fixed_16_5_,conv,vitis,csynth,,259,6,5679,10189,1824,2520,548160,274080,14.1996,0.2381,1.036,3.7175,58649545,428141678.5,,7.3,,,,,,,,
config_CIN16_HIN56_WIN56_COUT32_K3_UFCIN1_UFCOU1_PAD1_STRIDE1_BIASTrue_group_conv2d_GROUPS2_ACTIVATIONsigmoid_ap_fixed_16_5_,conv,vitis,csynth,,259,9,7382,11641,1824,2520,548160,274080,14.1996,0.3571,1.3467,4.2473,58649574,428141890.2,,7.3,,,,,,,,
config_CIN16_HIN56_WIN56_COUT32_K3_UFCIN1_UFCOU1_PAD1_STRIDE1_BIASTrue_group_conv2d_GROUPS4_ACTIVATIONrelu_ap_fixed_16_5_,conv,vitis,csynth,,259,6,5682,10192,1824,2520,548160,274080,14.1996,0.2381,1.0366,3.7186,116841391,852942154.3,,7.3,,,,,,,,
config_CIN16_HIN56_WIN56_COUT32_K3_UFCIN1_UFCOU1_PAD1_STRIDE1_BIASTrue_group_conv2d_GROUPS4_ACTIVATIONsigmoid_ap_fixed_16_5_,conv,vitis,csynth,,259,9,7385,11644,1824,2520,548160,274080,14.1996,0.3571,1.3472,4.2484,116841420,852942366.0,,7.3,,,,,,,,
config_CIN16_HIN56_WIN56_COUT32_K3_UFCIN1_UFCOU4_PAD1_STRIDE1_BIASFalse_conv2d_ACTIVATIONrelu_ap_fixed_16_5_,conv,vitis,csynth,,273,5,5264,10071,1824,2520,548160,274080,14.9671,0.1984,0.9603,3.6745,4217831,30790166.3,,7.3,,,,,,,,
config_CIN16_HIN56_WIN56_COUT32_K3_UFCIN1_UFCOU4_PAD1_STRIDE1_BIASFalse_conv2d_ACTIVATIONsigmoid_ap_fixed_16_5_,conv,vitis,csynth,,273,8,7159,11616,1824,2520,548160,274080,14.9671,0.3175,1.306,4.2382,4217860,30790378.0,,7.3,,,,,,,,
config_CIN16_HIN56_WIN56_COUT32_K3_UFCIN1_UFCOU4_PAD1_STRIDE1_BIASFalse_group_conv2d_GROUPS2_ACTIVATIONrelu_ap_fixed_16_5_,conv,vitis,csynth,,273,5,5878,10779,1824,2520,548160,274080,14.9671,0.1984,1.0723,3.9328,23124891,168811704.29999998,,7.3,,,,,,,,
config_CIN16_HIN56_WIN56_COUT32_K3_UFCIN1_UFCOU4_PAD1_STRIDE1_BIASFalse_group_conv2d_GROUPS2_ACTIVATIONsigmoid_ap_fixed_16_5_,conv,vitis,csynth,,273,8,7773,12324,1824,2520,548160,274080,14.9671,0.3175,1.418,4.4965,23124920,168811916.0,,7.3,,,,,,,,
config_CIN16_HIN56_WIN56_COUT32_K3_UFCIN1_UFCOU4_PAD1_STRIDE1_BIASFalse_group_conv2d_GROUPS4_ACTIVATIONrelu_ap_fixed_16_5_,conv,vitis,csynth,,273,5,5881,10782,1824,2520,548160,274080,14.9671,0.1984,1.0729,3.9339,45867391,334831954.3,,7.3,,,,,,,,
config_CIN16_HIN56_WIN56_COUT32_K3_UFCIN1_UFCOU4_PAD1_STRIDE1_BIASFalse_group_conv2d_GROUPS4_ACTIVATIONsigmoid_ap_fixed_16_5_,conv,vitis,csynth,,273,8,7776,12327,1824,2520,548160,274080,14.9671,0.3175,1.4186,4.4976,45867420,334832166.0,,7.3,,,,,,,,
config_CIN16_HIN56_WIN56_COUT32_K3_UFCIN1_UFCOU4_PAD1_STRIDE1_BIASTrue_conv2d_ACTIVATIONrelu_ap_fixed_16_5_,conv,vitis,csynth,,273,5,5444,10398,1824,2520,548160,274080,14.9671,0.1984,0.9931,3.7938,4217876,30790494.8,,7.3,,,,,,,,
config_CIN16_HIN56_WIN56_COUT32_K3_UFCIN1_UFCOU4_PAD1_STRIDE1_BIASTrue_conv2d_ACTIVATIONsigmoid_ap_fixed_16_5_,conv,vitis,csynth,,273,8,7339,11947,1824,2520,548160,274080,14.9671,0.3175,1.3388,4.3589,4217905,30790706.5,,7.3,,,,,,,,
config_CIN16_HIN56_WIN56_COUT32_K3_UFCIN1_UFCOU4_PAD1_STRIDE1_BIASTrue_group_conv2d_GROUPS2_ACTIVATIONrelu_ap_fixed_16_5_,conv,vitis,csynth,,273,5,6058,11106,1824,2520,548160,274080,14.9671,0.1984,1.1052,4.0521,23124936,168812032.79999998,,7.3,,,,,,,,
config_CIN16_HIN56_WIN56_COUT32_K3_UFCIN1_UFCOU4_PAD1_STRIDE1_BIASTrue_group_conv2d_GROUPS2_ACTIVATIONsigmoid_ap_fixed_16_5_,conv,vitis,csynth,,273,8,7953,12655,1824,2520,548160,274080,14.9671,0.3175,1.4509,4.6173,23124965,168812244.5,,7.3,,,,,,,,
config_CIN16_HIN56_WIN56_COUT32_K3_UFCIN1_UFCOU4_PAD1_STRIDE1_BIASTrue_group_conv2d_GROUPS4_ACTIVATIONrelu_ap_fixed_16_5_,conv,vitis,csynth,,273,5,6061,11109,1824,2520,548160,274080,14.9671,0.1984,1.1057,4.0532,45867436,334832282.8,,7.3,,,,,,,,
config_CIN16_HIN56_WIN56_COUT32_K3_UFCIN1_UFCOU4_PAD1_STRIDE1_BIASTrue_group_conv2d_GROUPS4_ACTIVATIONsigmoid_ap_fixed_16_5_,conv,vitis,csynth,,273,8,7956,12658,1824,2520,548160,274080,14.9671,0.3175,1.4514,4.6184,45867465,334832494.5,,7.3,,,,,,,,
config_CIN16_HIN56_WIN56_COUT32_K3_UFCIN1_UFCOU8_PAD1_STRIDE1_BIASFalse_conv2d_ACTIVATIONrelu_ap_fixed_16_5_,conv,vitis,csynth,,289,9,5364,10882,1824,2520,548160,274080,15.8443,0.3571,0.9785,3.9704,2398951,17512342.3,,7.3,,,,,,,,
config_CIN16_HIN56_WIN56_COUT32_K3_UFCIN1_UFCOU8_PAD1_STRIDE1_BIASFalse_conv2d_ACTIVATIONsigmoid_ap_fixed_16_5_,conv,vitis,csynth,,289,12,7259,12427,1824,2520,548160,274080,15.8443,0.4762,1.3242,4.5341,2398980,17512554.0,,7.3,,,,,,,,
config_CIN16_HIN56_WIN56_COUT32_K3_UFCIN1_UFCOU8_PAD1_STRIDE1_BIASFalse_group_conv2d_GROUPS2_ACTIVATIONrelu_ap_fixed_16_5_,conv,vitis,csynth,,289,9,6378,12058,1824,2520,548160,274080,15.8443,0.3571,1.1635,4.3994,15887003,115975121.89999999,,7.3,,,,,,,,
config_CIN16_HIN56_WIN56_COUT32_K3_UFCIN1_UFCOU8_PAD1_STRIDE1_BIASFalse_group_conv2d_GROUPS2_ACTIVATIONsigmoid_ap_fixed_16_5_,conv,vitis,csynth,,289,12,8273,13603,1824,2520,548160,274080,15.8443,0.4762,1.5092,4.9631,15887032,115975333.6,,7.3,,,,,,,,
config_CIN16_HIN56_WIN56_COUT32_K3_UFCIN1_UFCOU8_PAD1_STRIDE1_BIASFalse_group_conv2d_GROUPS4_ACTIVATIONrelu_ap_fixed_16_5_,conv,vitis,csynth,,289,9,5504,10950,1824,2520,548160,274080,15.8443,0.3571,1.0041,3.9952,60418431,441054546.3,,7.3,,,,,,,,
config_CIN16_HIN56_WIN56_COUT32_K3_UFCIN1_UFCOU8_PAD1_STRIDE1_BIASFalse_group_conv2d_GROUPS4_ACTIVATIONsigmoid_ap_fixed_16_5_,conv,vitis,csynth,,289,12,7399,12495,1824,2520,548160,274080,15.8443,0.4762,1.3498,4.5589,60418460,441054758.0,,7.3,,,,,,,,
config_CIN16_HIN56_WIN56_COUT32_K3_UFCIN1_UFCOU8_PAD1_STRIDE1_BIASTrue_conv2d_ACTIVATIONrelu_ap_fixed_16_5_,conv,vitis,csynth,,289,9,5607,11357,1824,2520,548160,274080,15.8443,0.3571,1.0229,4.1437,2398996,17512670.8,,7.3,,,,,,,,
config_CIN16_HIN56_WIN56_COUT32_K3_UFCIN1_UFCOU8_PAD1_STRIDE1_BIASTrue_conv2d_ACTIVATIONsigmoid_ap_fixed_16_5_,conv,vitis,csynth,,289,12,7502,12906,1824,2520,548160,274080,15.8443,0.4762,1.3686,4.7088,2399025,17512882.5,,7.3,,,,,,,,
config_CIN16_HIN56_WIN56_COUT32_K3_UFCIN1_UFCOU8_PAD1_STRIDE1_BIASTrue_group_conv2d_GROUPS2_ACTIVATIONrelu_ap_fixed_16_5_,conv,vitis,csynth,,289,9,6621,12533,1824,2520,548160,274080,15.8443,0.3571,1.2079,4.5728,15887048,115975450.39999999,,7.3,,,,,,,,
config_CIN16_HIN56_WIN56_COUT32_K3_UFCIN1_UFCOU8_PAD1_STRIDE1_BIASTrue_group_conv2d_GROUPS2_ACTIVATIONsigmoid_ap_fixed_16_5_,conv,vitis,csynth,,289,12,8516,14082,1824,2520,548160,274080,15.8443,0.4762,1.5536,5.1379,15887077,115975662.1,,7.3,,,,,,,,
config_CIN16_HIN56_WIN56_COUT32_K3_UFCIN1_UFCOU8_PAD1_STRIDE1_BIASTrue_group_conv2d_GROUPS4_ACTIVATIONrelu_ap_fixed_16_5_,conv,vitis,csynth,,289,9,5747,11425,1824,2520,548160,274080,15.8443,0.3571,1.0484,4.1685,60418476,441054874.8,,7.3,,,,,,,,
config_CIN16_HIN56_WIN56_COUT32_K3_UFCIN1_UFCOU8_PAD1_STRIDE1_BIASTrue_group_conv2d_GROUPS4_ACTIVATIONsigmoid_ap_fixed_16_5_,conv,vitis,csynth,,289,12,7642,12974,1824,2520,548160,274080,15.8443,0.4762,1.3941,4.7337,60418505,441055086.5,,7.3,,,,,,,,
config_CIN16_HIN56_WIN56_COUT32_K3_UFCIN4_UFCOU1_PAD1_STRIDE1_BIASFalse_conv2d_ACTIVATIONrelu_ap_fixed_16_5_,conv,vitis,csynth,,271,5,5536,10190,1824,2520,548160,274080,14.8575,0.1984,1.0099,3.7179,18263975,133327017.5,,7.3,,,,,,,,
config_CIN16_HIN56_WIN56_COUT32_K3_UFCIN4_UFCOU1_PAD1_STRIDE1_BIASFalse_conv2d_ACTIVATIONsigmoid_ap_fixed_16_5_,conv,vitis,csynth,,271,8,7239,11639,1824,2520,548160,274080,14.8575,0.3175,1.3206,4.2466,18264004,133327229.2,,7.3,,,,,,,,
config_CIN16_HIN56_WIN56_COUT32_K3_UFCIN4_UFCOU1_PAD1_STRIDE1_BIASFalse_group_conv2d_GROUPS2_ACTIVATIONrelu_ap_fixed_16_5_,conv,vitis,csynth,,271,5,5697,10466,1824,2520,548160,274080,14.8575,0.1984,1.0393,3.8186,36465435,266197675.5,,7.3,,,,,,,,
config_CIN16_HIN56_WIN56_COUT32_K3_UFCIN4_UFCOU1_PAD1_STRIDE1_BIASFalse_group_conv2d_GROUPS2_ACTIVATIONsigmoid_ap_fixed_16_5_,conv,vitis,csynth,,271,8,7400,11915,1824,2520,548160,274080,14.8575,0.3175,1.35,4.3473,36465464,266197887.2,,7.3,,,,,,,,
config_CIN16_HIN56_WIN56_COUT32_K3_UFCIN4_UFCOU1_PAD1_STRIDE1_BIASFalse_group_conv2d_GROUPS4_ACTIVATIONrelu_ap_fixed_16_5_,conv,vitis,csynth,,271,5,5707,10469,1824,2520,548160,274080,14.8575,0.1984,1.0411,3.8197,72473215,529054469.5,,7.3,,,,,,,,
config_CIN16_HIN56_WIN56_COUT32_K3_UFCIN4_UFCOU1_PAD1_STRIDE1_BIASFalse_group_conv2d_GROUPS4_ACTIVATIONsigmoid_ap_fixed_16_5_,conv,vitis,csynth,,271,8,7410,11918,1824,2520,548160,274080,14.8575,0.3175,1.3518,4.3484,72473244,529054681.2,,7.3,,,,,,,,
config_CIN16_HIN56_WIN56_COUT32_K3_UFCIN4_UFCOU1_PAD1_STRIDE1_BIASTrue_conv2d_ACTIVATIONrelu_ap_fixed_16_5_,conv,vitis,csynth,,271,5,5674,10388,1824,2520,548160,274080,14.8575,0.1984,1.0351,3.7901,18264020,133327346.0,,7.3,,,,,,,,
config_CIN16_HIN56_WIN56_COUT32_K3_UFCIN4_UFCOU1_PAD1_STRIDE1_BIASTrue_conv2d_ACTIVATIONsigmoid_ap_fixed_16_5_,conv,vitis,csynth,,271,8,7377,11841,1824,2520,548160,274080,14.8575,0.3175,1.3458,4.3203,18264049,133327557.7,,7.3,,,,,,,,
config_CIN16_HIN56_WIN56_COUT32_K3_UFCIN4_UFCOU1_PAD1_STRIDE1_BIASTrue_group_conv2d_GROUPS2_ACTIVATIONrelu_ap_fixed_16_5_,conv,vitis,csynth,,271,5,5835,10664,1824,2520,548160,274080,14.8575,0.1984,1.0645,3.8908,36465480,266198004.0,,7.3,,,,,,,,
config_CIN16_HIN56_WIN56_COUT32_K3_UFCIN4_UFCOU1_PAD1_STRIDE1_BIASTrue_group_conv2d_GROUPS2_ACTIVATIONsigmoid_ap_fixed_16_5_,conv,vitis,csynth,,271,8,7538,12117,1824,2520,548160,274080,14.8575,0.3175,1.3751,4.421,36465509,266198215.7,,7.3,,,,,,,,
config_CIN16_HIN56_WIN56_COUT32_K3_UFCIN4_UFCOU1_PAD1_STRIDE1_BIASTrue_group_conv2d_GROUPS4_ACTIVATIONrelu_ap_fixed_16_5_,conv,vitis,csynth,,271,5,5845,10667,1824,2520,548160,274080,14.8575,0.1984,1.0663,3.8919,72473260,529054798.0,,7.3,,,,,,,,
config_CIN16_HIN56_WIN56_COUT32_K3_UFCIN4_UFCOU1_PAD1_STRIDE1_BIASTrue_group_conv2d_GROUPS4_ACTIVATIONsigmoid_ap_fixed_16_5_,conv,vitis,csynth,,271,8,7548,12120,1824,2520,548160,274080,14.8575,0.3175,1.377,4.4221,72473289,529055009.7,,7.3,,,,,,,,
config_CIN16_HIN56_WIN56_COUT32_K3_UFCIN4_UFCOU4_PAD1_STRIDE1_BIASFalse_conv2d_ACTIVATIONrelu_ap_fixed_16_5_,conv,vitis,csynth,,293,17,5921,11548,1824,2520,548160,274080,16.0636,0.6746,1.0802,4.2134,7350695,53660073.5,,7.3,,,,,,,,
config_CIN16_HIN56_WIN56_COUT32_K3_UFCIN4_UFCOU4_PAD1_STRIDE1_BIASFalse_conv2d_ACTIVATIONsigmoid_ap_fixed_16_5_,conv,vitis,csynth,,293,20,7816,13093,1824,2520,548160,274080,16.0636,0.7937,1.4259,4.7771,7350724,53660285.199999996,,7.3,,,,,,,,
config_CIN16_HIN56_WIN56_COUT32_K3_UFCIN4_UFCOU4_PAD1_STRIDE1_BIASFalse_group_conv2d_GROUPS2_ACTIVATIONrelu_ap_fixed_16_5_,conv,vitis,csynth,,293,17,7752,13938,1824,2520,548160,274080,16.0636,0.6746,1.4142,5.0854,21487899,156861662.7,,7.3,,,,,,,,
config_CIN16_HIN56_WIN56_COUT32_K3_UFCIN4_UFCOU4_PAD1_STRIDE1_BIASFalse_group_conv2d_GROUPS2_ACTIVATIONsigmoid_ap_fixed_16_5_,conv,vitis,csynth,,293,20,9647,15483,1824,2520,548160,274080,16.0636,0.7937,1.7599,5.6491,21487928,156861874.4,,7.3,,,,,,,,
config_CIN16_HIN56_WIN56_COUT32_K3_UFCIN4_UFCOU4_PAD1_STRIDE1_BIASFalse_group_conv2d_GROUPS4_ACTIVATIONrelu_ap_fixed_16_5_,conv,vitis,csynth,,293,17,7763,13941,1824,2520,548160,274080,16.0636,0.6746,1.4162,5.0865,42593407,310931871.09999996,,7.3,,,,,,,,
config_CIN16_HIN56_WIN56_COUT32_K3_UFCIN4_UFCOU4_PAD1_STRIDE1_BIASFalse_group_conv2d_GROUPS4_ACTIVATIONsigmoid_ap_fixed_16_5_,conv,vitis,csynth,,293,20,9658,15486,1824,2520,548160,274080,16.0636,0.7937,1.7619,5.6502,42593436,310932082.8,,7.3,,,,,,,,
config_CIN16_HIN56_WIN56_COUT32_K3_UFCIN4_UFCOU4_PAD1_STRIDE1_BIASTrue_conv2d_ACTIVATIONrelu_ap_fixed_16_5_,conv,vitis,csynth,,293,17,6101,11875,1824,2520,548160,274080,16.0636,0.6746,1.113,4.3327,7350740,53660402.0,,7.3,,,,,,,,
config_CIN16_HIN56_WIN56_COUT32_K3_UFCIN4_UFCOU4_PAD1_STRIDE1_BIASTrue_conv2d_ACTIVATIONsigmoid_ap_fixed_16_5_,conv,vitis,csynth,,293,20,7996,13424,1824,2520,548160,274080,16.0636,0.7937,1.4587,4.8978,7350769,53660613.699999996,,7.3,,,,,,,,
config_CIN16_HIN56_WIN56_COUT32_K3_UFCIN4_UFCOU4_PAD1_STRIDE1_BIASTrue_group_conv2d_GROUPS2_ACTIVATIONrelu_ap_fixed_16_5_,conv,vitis,csynth,,293,17,7932,14265,1824,2520,548160,274080,16.0636,0.6746,1.447,5.2047,21487944,156861991.2,,7.3,,,,,,,,
config_CIN16_HIN56_WIN56_COUT32_K3_UFCIN4_UFCOU4_PAD1_STRIDE1_BIASTrue_group_conv2d_GROUPS2_ACTIVATIONsigmoid_ap_fixed_16_5_,conv,vitis,csynth,,293,20,9827,15814,1824,2520,548160,274080,16.0636,0.7937,1.7927,5.7698,21487973,156862202.9,,7.3,,,,,,,,
config_CIN16_HIN56_WIN56_COUT32_K3_UFCIN4_UFCOU4_PAD1_STRIDE1_BIASTrue_group_conv2d_GROUPS4_ACTIVATIONrelu_ap_fixed_16_5_,conv,vitis,csynth,,293,17,7943,14268,1824,2520,548160,274080,16.0636,0.6746,1.449,5.2058,42593452,310932199.59999996,,7.3,,,,,,,,
config_CIN16_HIN56_WIN56_COUT32_K3_UFCIN4_UFCOU4_PAD1_STRIDE1_BIASTrue_group_conv2d_GROUPS4_ACTIVATIONsigmoid_ap_fixed_16_5_,conv,vitis,csynth,,293,20,9838,15817,1824,2520,548160,274080,16.0636,0.7937,1.7947,5.7709,42593481,310932411.3,,7.3,,,,,,,,
config_CIN16_HIN56_WIN56_COUT32_K3_UFCIN4_UFCOU8_PAD1_STRIDE1_BIASFalse_conv2d_ACTIVATIONrelu_ap_fixed_16_5_,conv,vitis,csynth,,325,33,6328,13239,1824,2520,548160,274080,17.818,1.3095,1.1544,4.8303,5531815,40382249.5,,7.3,,,,,,,,
config_CIN16_HIN56_WIN56_COUT32_K3_UFCIN4_UFCOU8_PAD1_STRIDE1_BIASFalse_conv2d_ACTIVATIONsigmoid_ap_fixed_16_5_,conv,vitis,csynth,,325,36,8223,14784,1824,2520,548160,274080,17.818,1.4286,1.5001,5.394,5531844,40382461.199999996,,7.3,,,,,,,,
config_CIN16_HIN56_WIN56_COUT32_K3_UFCIN4_UFCOU8_PAD1_STRIDE1_BIASFalse_group_conv2d_GROUPS2_ACTIVATIONrelu_ap_fixed_16_5_,conv,vitis,csynth,,325,33,9726,17349,1824,2520,548160,274080,17.818,1.3095,1.7743,6.3299,14250011,104025080.3,,7.3,,,,,,,,
config_CIN16_HIN56_WIN56_COUT32_K3_UFCIN4_UFCOU8_PAD1_STRIDE1_BIASFalse_group_conv2d_GROUPS2_ACTIVATIONsigmoid_ap_fixed_16_5_,conv,vitis,csynth,,325,36,11621,18894,1824,2520,548160,274080,17.818,1.4286,2.12,6.8936,14250040,104025292.0,,7.3,,,,,,,,
config_CIN16_HIN56_WIN56_COUT32_K3_UFCIN4_UFCOU8_PAD1_STRIDE1_BIASFalse_group_conv2d_GROUPS4_ACTIVATIONrelu_ap_fixed_16_5_,conv,vitis,csynth,,325,33,6073,12330,1824,2520,548160,274080,17.818,1.3095,1.1079,4.4987,25646463,187219179.9,,7.3,,,,,,,,
config_CIN16_HIN56_WIN56_COUT32_K3_UFCIN4_UFCOU8_PAD1_STRIDE1_BIASFalse_group_conv2d_GROUPS4_ACTIVATIONsigmoid_ap_fixed_16_5_,conv,vitis,csynth,,325,36,7968,13875,1824,2520,548160,274080,17.818,1.4286,1.4536,5.0624,25646492,187219391.6,,7.3,,,,,,,,
config_CIN16_HIN56_WIN56_COUT32_K3_UFCIN4_UFCOU8_PAD1_STRIDE1_BIASTrue_conv2d_ACTIVATIONrelu_ap_fixed_16_5_,conv,vitis,csynth,,325,33,6571,13714,1824,2520,548160,274080,17.818,1.3095,1.1987,5.0036,5531860,40382578.0,,7.3,,,,,,,,
config_CIN16_HIN56_WIN56_COUT32_K3_UFCIN4_UFCOU8_PAD1_STRIDE1_BIASTrue_conv2d_ACTIVATIONsigmoid_ap_fixed_16_5_,conv,vitis,csynth,,325,36,8466,15263,1824,2520,548160,274080,17.818,1.4286,1.5444,5.5688,5531889,40382789.699999996,,7.3,,,,,,,,
config_CIN16_HIN56_WIN56_COUT32_K3_UFCIN4_UFCOU8_PAD1_STRIDE1_BIASTrue_group_conv2d_GROUPS2_ACTIVATIONrelu_ap_fixed_16_5_,conv,vitis,csynth,,325,33,9969,17824,1824,2520,548160,274080,17.818,1.3095,1.8186,6.5032,14250056,104025408.8,,7.3,,,,,,,,
config_CIN16_HIN56_WIN56_COUT32_K3_UFCIN4_UFCOU8_PAD1_STRIDE1_BIASTrue_group_conv2d_GROUPS2_ACTIVATIONsigmoid_ap_fixed_16_5_,conv,vitis,csynth,,325,36,11864,19373,1824,2520,548160,274080,17.818,1.4286,2.1643,7.0684,14250085,104025620.5,,7.3,,,,,,,,
config_CIN16_HIN56_WIN56_COUT32_K3_UFCIN4_UFCOU8_PAD1_STRIDE1_BIASTrue_group_conv2d_GROUPS4_ACTIVATIONrelu_ap_fixed_16_5_,conv,vitis,csynth,,325,33,6316,12805,1824,2520,548160,274080,17.818,1.3095,1.1522,4.672,25646508,187219508.4,,7.3,,,,,,,,
config_CIN16_HIN56_WIN56_COUT32_K3_UFCIN4_UFCOU8_PAD1_STRIDE1_BIASTrue_group_conv2d_GROUPS4_ACTIVATIONsigmoid_ap_fixed_16_5_,conv,vitis,csynth,,325,36,8211,14354,1824,2520,548160,274080,17.818,1.4286,1.4979,5.2372,25646537,187219720.1,,7.3,,,,,,,,
config_CIN16_HIN56_WIN56_COUT32_K3_UFCIN8_UFCOU1_PAD1_STRIDE1_BIASFalse_conv2d_ACTIVATIONrelu_ap_fixed_16_5_,conv,vitis,csynth,,271,9,6030,11494,1824,2520,548160,274080,14.8575,0.3571,1.1,4.1937,18207527,132914947.1,,7.3,,,,,,,,
config_CIN16_HIN56_WIN56_COUT32_K3_UFCIN8_UFCOU1_PAD1_STRIDE1_BIASFalse_conv2d_ACTIVATIONsigmoid_ap_fixed_16_5_,conv,vitis,csynth,,271,12,7733,12943,1824,2520,548160,274080,14.8575,0.4762,1.4107,4.7223,18207556,132915158.8,,7.3,,,,,,,,
config_CIN16_HIN56_WIN56_COUT32_K3_UFCIN8_UFCOU1_PAD1_STRIDE1_BIASFalse_group_conv2d_GROUPS2_ACTIVATIONrelu_ap_fixed_16_5_,conv,vitis,csynth,,271,9,6316,11899,1824,2520,548160,274080,14.8575,0.3571,1.1522,4.3414,36804123,268670097.9,,7.3,,,,,,,,
config_CIN16_HIN56_WIN56_COUT32_K3_UFCIN8_UFCOU1_PAD1_STRIDE1_BIASFalse_group_conv2d_GROUPS2_ACTIVATIONsigmoid_ap_fixed_16_5_,conv,vitis,csynth,,271,12,8019,13348,1824,2520,548160,274080,14.8575,0.4762,1.4629,4.8701,36804152,268670309.59999996,,7.3,,,,,,,,
config_CIN16_HIN56_WIN56_COUT32_K3_UFCIN8_UFCOU1_PAD1_STRIDE1_BIASFalse_group_conv2d_GROUPS4_ACTIVATIONrelu_ap_fixed_16_5_,conv,vitis,csynth,,271,9,6304,12959,1824,2520,548160,274080,14.8575,0.3571,1.15,4.7282,73150591,533999314.3,,7.3,,,,,,,,
config_CIN16_HIN56_WIN56_COUT32_K3_UFCIN8_UFCOU1_PAD1_STRIDE1_BIASFalse_group_conv2d_GROUPS4_ACTIVATIONsigmoid_ap_fixed_16_5_,conv,vitis,csynth,,271,12,8007,14408,1824,2520,548160,274080,14.8575,0.4762,1.4607,5.2569,73150620,533999526.0,,7.3,,,,,,,,
config_CIN16_HIN56_WIN56_COUT32_K3_UFCIN8_UFCOU1_PAD1_STRIDE1_BIASTrue_conv2d_ACTIVATIONrelu_ap_fixed_16_5_,conv,vitis,csynth,,271,9,6168,11692,1824,2520,548160,274080,14.8575,0.3571,1.1252,4.2659,18207572,132915275.6,,7.3,,,,,,,,
config_CIN16_HIN56_WIN56_COUT32_K3_UFCIN8_UFCOU1_PAD1_STRIDE1_BIASTrue_conv2d_ACTIVATIONsigmoid_ap_fixed_16_5_,conv,vitis,csynth,,271,12,7871,13145,1824,2520,548160,274080,14.8575,0.4762,1.4359,4.796,18207601,132915487.3,,7.3,,,,,,,,
config_CIN16_HIN56_WIN56_COUT32_K3_UFCIN8_UFCOU1_PAD1_STRIDE1_BIASTrue_group_conv2d_GROUPS2_ACTIVATIONrelu_ap_fixed_16_5_,conv,vitis,csynth,,271,9,6454,12097,1824,2520,548160,274080,14.8575,0.3571,1.1774,4.4137,36804168,268670426.4,,7.3,,,,,,,,
config_CIN16_HIN56_WIN56_COUT32_K3_UFCIN8_UFCOU1_PAD1_STRIDE1_BIASTrue_group_conv2d_GROUPS2_ACTIVATIONsigmoid_ap_fixed_16_5_,conv,vitis,csynth,,271,12,8157,13550,1824,2520,548160,274080,14.8575,0.4762,1.4881,4.9438,36804197,268670638.09999996,,7.3,,,,,,,,
config_CIN16_HIN56_WIN56_COUT32_K3_UFCIN8_UFCOU1_PAD1_STRIDE1_BIASTrue_group_conv2d_GROUPS4_ACTIVATIONrelu_ap_fixed_16_5_,conv,vitis,csynth,,271,9,6442,13157,1824,2520,548160,274080,14.8575,0.3571,1.1752,4.8004,73150636,533999642.8,,7.3,,,,,,,,
config_CIN16_HIN56_WIN56_COUT32_K3_UFCIN8_UFCOU1_PAD1_STRIDE1_BIASTrue_group_conv2d_GROUPS4_ACTIVATIONsigmoid_ap_fixed_16_5_,conv,vitis,csynth,,271,12,8145,14610,1824,2520,548160,274080,14.8575,0.4762,1.4859,5.3306,73150665,533999854.5,,7.3,,,,,,,,
config_CIN16_HIN56_WIN56_COUT32_K3_UFCIN8_UFCOU4_PAD1_STRIDE1_BIASFalse_conv2d_ACTIVATIONrelu_ap_fixed_16_5_,conv,vitis,csynth,,309,33,6743,13598,1824,2520,548160,274080,16.9408,1.3095,1.2301,4.9613,7294247,53248003.1,,7.3,,,,,,,,
config_CIN16_HIN56_WIN56_COUT32_K3_UFCIN8_UFCOU4_PAD1_STRIDE1_BIASFalse_conv2d_ACTIVATIONsigmoid_ap_fixed_16_5_,conv,vitis,csynth,,309,36,8638,15143,1824,2520,548160,274080,16.9408,1.4286,1.5758,5.525,7294276,53248214.8,,7.3,,,,,,,,
config_CIN16_HIN56_WIN56_COUT32_K3_UFCIN8_UFCOU4_PAD1_STRIDE1_BIASFalse_group_conv2d_GROUPS2_ACTIVATIONrelu_ap_fixed_16_5_,conv,vitis,csynth,,309,33,10423,18317,1824,2520,548160,274080,16.9408,1.3095,1.9015,6.6831,21600795,157685803.5,,7.3,,,,,,,,
config_CIN16_HIN56_WIN56_COUT32_K3_UFCIN8_UFCOU4_PAD1_STRIDE1_BIASFalse_group_conv2d_GROUPS2_ACTIVATIONsigmoid_ap_fixed_16_5_,conv,vitis,csynth,,309,36,12318,19862,1824,2520,548160,274080,16.9408,1.4286,2.2472,7.2468,21600824,157686015.2,,7.3,,,,,,,,
config_CIN16_HIN56_WIN56_COUT32_K3_UFCIN8_UFCOU4_PAD1_STRIDE1_BIASFalse_group_conv2d_GROUPS4_ACTIVATIONrelu_ap_fixed_16_5_,conv,vitis,csynth,,309,33,10426,20393,1824,2520,548160,274080,16.9408,1.3095,1.902,7.4405,42819199,312580152.7,,7.3,,,,,,,,
config_CIN16_HIN56_WIN56_COUT32_K3_UFCIN8_UFCOU4_PAD1_STRIDE1_BIASFalse_group_conv2d_GROUPS4_ACTIVATIONsigmoid_ap_fixed_16_5_,conv,vitis,csynth,,309,36,12321,21938,1824,2520,548160,274080,16.9408,1.4286,2.2477,8.0042,42819228,312580364.4,,7.3,,,,,,,,
config_CIN16_HIN56_WIN56_COUT32_K3_UFCIN8_UFCOU4_PAD1_STRIDE1_BIASTrue_conv2d_ACTIVATIONrelu_ap_fixed_16_5_,conv,vitis,csynth,,309,33,6923,13925,1824,2520,548160,274080,16.9408,1.3095,1.263,5.0806,7294292,53248331.6,,7.3,,,,,,,,
config_CIN16_HIN56_WIN56_COUT32_K3_UFCIN8_UFCOU4_PAD1_STRIDE1_BIASTrue_conv2d_ACTIVATIONsigmoid_ap_fixed_16_5_,conv,vitis,csynth,,309,36,8818,15474,1824,2520,548160,274080,16.9408,1.4286,1.6087,5.6458,7294321,53248543.3,,7.3,,,,,,,,
config_CIN16_HIN56_WIN56_COUT32_K3_UFCIN8_UFCOU4_PAD1_STRIDE1_BIASTrue_group_conv2d_GROUPS2_ACTIVATIONrelu_ap_fixed_16_5_,conv,vitis,csynth,,309,33,10603,18644,1824,2520,548160,274080,16.9408,1.3095,1.9343,6.8024,21600840,157686132.0,,7.3,,,,,,,,
config_CIN16_HIN56_WIN56_COUT32_K3_UFCIN8_UFCOU4_PAD1_STRIDE1_BIASTrue_group_conv2d_GROUPS2_ACTIVATIONsigmoid_ap_fixed_16_5_,conv,vitis,csynth,,309,36,12498,20193,1824,2520,548160,274080,16.9408,1.4286,2.28,7.3676,21600869,157686343.7,,7.3,,,,,,,,
config_CIN16_HIN56_WIN56_COUT32_K3_UFCIN8_UFCOU4_PAD1_STRIDE1_BIASTrue_group_conv2d_GROUPS4_ACTIVATIONrelu_ap_fixed_16_5_,conv,vitis,csynth,,309,33,10606,20720,1824,2520,548160,274080,16.9408,1.3095,1.9348,7.5598,42819244,312580481.2,,7.3,,,,,,,,
config_CIN16_HIN56_WIN56_COUT32_K3_UFCIN8_UFCOU4_PAD1_STRIDE1_BIASTrue_group_conv2d_GROUPS4_ACTIVATIONsigmoid_ap_fixed_16_5_,conv,vitis,csynth,,309,36,12501,22269,1824,2520,548160,274080,16.9408,1.4286,2.2805,8.125,42819273,312580692.9,,7.3,,,,,,,,
config_CIN16_HIN56_WIN56_COUT32_K3_UFCIN8_UFCOU8_PAD1_STRIDE1_BIASFalse_conv2d_ACTIVATIONrelu_ap_fixed_16_5_,conv,vitis,csynth,,357,65,7558,16353,1824,2520,548160,274080,19.5724,2.5794,1.3788,5.9665,5475367,39970179.1,,7.3,,,,,,,,
config_CIN16_HIN56_WIN56_COUT32_K3_UFCIN8_UFCOU8_PAD1_STRIDE1_BIASFalse_conv2d_ACTIVATIONsigmoid_ap_fixed_16_5_,conv,vitis,csynth,,357,68,9453,17898,1824,2520,548160,274080,19.5724,2.6984,1.7245,6.5302,5475396,39970390.8,,7.3,,,,,,,,
config_CIN16_HIN56_WIN56_COUT32_K3_UFCIN8_UFCOU8_PAD1_STRIDE1_BIASFalse_group_conv2d_GROUPS2_ACTIVATIONrelu_ap_fixed_16_5_,conv,vitis,csynth,,357,65,14361,24512,1824,2520,548160,274080,19.5724,2.5794,2.6199,8.9434,14362907,104849221.1,,7.3,,,,,,,,
config_CIN16_HIN56_WIN56_COUT32_K3_UFCIN8_UFCOU8_PAD1_STRIDE1_BIASFalse_group_conv2d_GROUPS2_ACTIVATIONsigmoid_ap_fixed_16_5_,conv,vitis,csynth,,357,68,16256,26057,1824,2520,548160,274080,19.5724,2.6984,2.9656,9.5071,14362936,104849432.8,,7.3,,,,,,,,
config_CIN16_HIN56_WIN56_COUT32_K3_UFCIN8_UFCOU8_PAD1_STRIDE1_BIASFalse_group_conv2d_GROUPS4_ACTIVATIONrelu_ap_fixed_16_5_,conv,vitis,csynth,,357,65,6840,16754,1824,2520,548160,274080,19.5724,2.5794,1.2478,6.1128,20904831,152605266.29999998,,7.3,,,,,,,,
config_CIN16_HIN56_WIN56_COUT32_K3_UFCIN8_UFCOU8_PAD1_STRIDE1_BIASFalse_group_conv2d_GROUPS4_ACTIVATIONsigmoid_ap_fixed_16_5_,conv,vitis,csynth,,357,68,8735,18299,1824,2520,548160,274080,19.5724,2.6984,1.5935,6.6765,20904860,152605478.0,,7.3,,,,,,,,
config_CIN16_HIN56_WIN56_COUT32_K3_UFCIN8_UFCOU8_PAD1_STRIDE1_BIASTrue_conv2d_ACTIVATIONrelu_ap_fixed_16_5_,conv,vitis,csynth,,357,65,7801,16828,1824,2520,548160,274080,19.5724,2.5794,1.4231,6.1398,5475412,39970507.6,,7.3,,,,,,,,
config_CIN16_HIN56_WIN56_COUT32_K3_UFCIN8_UFCOU8_PAD1_STRIDE1_BIASTrue_conv2d_ACTIVATIONsigmoid_ap_fixed_16_5_,conv,vitis,csynth,,357,68,9696,18377,1824,2520,548160,274080,19.5724,2.6984,1.7688,6.705,5475441,39970719.3,,7.3,,,,,,,,
config_CIN16_HIN56_WIN56_COUT32_K3_UFCIN8_UFCOU8_PAD1_STRIDE1_BIASTrue_group_conv2d_GROUPS2_ACTIVATIONrelu_ap_fixed_16_5_,conv,vitis,csynth,,357,65,14604,24987,1824,2520,548160,274080,19.5724,2.5794,2.6642,9.1167,14362952,104849549.6,,7.3,,,,,,,,
config_CIN16_HIN56_WIN56_COUT32_K3_UFCIN8_UFCOU8_PAD1_STRIDE1_BIASTrue_group_conv2d_GROUPS2_ACTIVATIONsigmoid_ap_fixed_16_5_,conv,vitis,csynth,,357,68,16499,26536,1824,2520,548160,274080,19.5724,2.6984,3.0099,9.6818,14362981,104849761.3,,7.3,,,,,,,,
config_CIN16_HIN56_WIN56_COUT32_K3_UFCIN8_UFCOU8_PAD1_STRIDE1_BIASTrue_group_conv2d_GROUPS4_ACTIVATIONrelu_ap_fixed_16_5_,conv,vitis,csynth,,357,65,7083,17229,1824,2520,548160,274080,19.5724,2.5794,1.2921,6.2861,20904876,152605594.79999998,,7.3,,,,,,,,
config_CIN16_HIN56_WIN56_COUT32_K3_UFCIN8_UFCOU8_PAD1_STRIDE1_BIASTrue_group_conv2d_GROUPS4_ACTIVATIONsigmoid_ap_fixed_16_5_,conv,vitis,csynth,,357,68,8978,18778,1824,2520,548160,274080,19.5724,2.6984,1.6378,6.8513,20904905,152605806.5,,7.3,,,,,,,,
config_CIN32_HIN28_WIN28_COUT16_K1_UFCIN1_UFCOU1_PAD1_STRIDE1_BIASFalse_conv2d_ACTIVATIONrelu_ap_fixed_16_5_,conv,vitis,csynth,,64,2,5014,8801,1824,2520,548160,274080,3.5088,0.0794,0.9147,3.2111,536783,3918515.9,,7.3,,,,,,,,
config_CIN32_HIN28_WIN28_COUT16_K1_UFCIN1_UFCOU1_PAD1_STRIDE1_BIASFalse_conv2d_ACTIVATIONsigmoid_ap_fixed_16_5_,conv,vitis,csynth,,64,5,6717,10253,1824,2520,548160,274080,3.5088,0.1984,1.2254,3.7409,536812,3918727.6,,7.3,,,,,,,,
config_CIN32_HIN28_WIN28_COUT16_K1_UFCIN1_UFCOU1_PAD1_STRIDE1_BIASFalse_group_conv2d_GROUPS2_ACTIVATIONrelu_ap_fixed_16_5_,conv,vitis,csynth,,64,6,5419,9510,1824,2520,548160,274080,3.5088,0.2381,0.9886,3.4698,1923749,14043367.7,,7.3,,,,,,,,
config_CIN32_HIN28_WIN28_COUT16_K1_UFCIN1_UFCOU1_PAD1_STRIDE1_BIASFalse_group_conv2d_GROUPS2_ACTIVATIONsigmoid_ap_fixed_16_5_,conv,vitis,csynth,,64,9,7122,10963,1824,2520,548160,274080,3.5088,0.3571,1.2993,3.9999,1923778,14043579.4,,7.3,,,,,,,,
config_CIN32_HIN28_WIN28_COUT16_K1_UFCIN1_UFCOU1_PAD1_STRIDE1_BIASFalse_group_conv2d_GROUPS4_ACTIVATIONrelu_ap_fixed_16_5_,conv,vitis,csynth,,64,6,5421,9513,1824,2520,548160,274080,3.5088,0.2381,0.9889,3.4709,3777875,27578487.5,,7.3,,,,,,,,
config_CIN32_HIN28_WIN28_COUT16_K1_UFCIN1_UFCOU1_PAD1_STRIDE1_BIASFalse_group_conv2d_GROUPS4_ACTIVATIONsigmoid_ap_fixed_16_5_,conv,vitis,csynth,,64,9,7124,10966,1824,2520,548160,274080,3.5088,0.3571,1.2996,4.001,3777904,27578699.2,,7.3,,,,,,,,
config_CIN32_HIN28_WIN28_COUT16_K1_UFCIN1_UFCOU1_PAD1_STRIDE1_BIASTrue_conv2d_ACTIVATIONrelu_ap_fixed_16_5_,conv,vitis,csynth,,64,2,5147,9011,1824,2520,548160,274080,3.5088,0.0794,0.939,3.2877,551147,4023373.1,,7.3,,,,,,,,
config_CIN32_HIN28_WIN28_COUT16_K1_UFCIN1_UFCOU1_PAD1_STRIDE1_BIASTrue_conv2d_ACTIVATIONsigmoid_ap_fixed_16_5_,conv,vitis,csynth,,64,5,6850,10464,1824,2520,548160,274080,3.5088,0.1984,1.2496,3.8179,551176,4023584.8,,7.3,,,,,,,,
config_CIN32_HIN28_WIN28_COUT16_K1_UFCIN1_UFCOU1_PAD1_STRIDE1_BIASTrue_group_conv2d_GROUPS2_ACTIVATIONrelu_ap_fixed_16_5_,conv,vitis,csynth,,64,6,5552,9721,1824,2520,548160,274080,3.5088,0.2381,1.0128,3.5468,1938113,14148224.9,,7.3,,,,,,,,
config_CIN32_HIN28_WIN28_COUT16_K1_UFCIN1_UFCOU1_PAD1_STRIDE1_BIASTrue_group_conv2d_GROUPS2_ACTIVATIONsigmoid_ap_fixed_16_5_,conv,vitis,csynth,,64,9,7255,11174,1824,2520,548160,274080,3.5088,0.3571,1.3235,4.0769,1938142,14148436.6,,7.3,,,,,,,,
config_CIN32_HIN28_WIN28_COUT16_K1_UFCIN1_UFCOU1_PAD1_STRIDE1_BIASTrue_group_conv2d_GROUPS4_ACTIVATIONrelu_ap_fixed_16_5_,conv,vitis,csynth,,64,6,5554,9724,1824,2520,548160,274080,3.5088,0.2381,1.0132,3.5479,3792239,27683344.7,,7.3,,,,,,,,
config_CIN32_HIN28_WIN28_COUT16_K1_UFCIN1_UFCOU1_PAD1_STRIDE1_BIASTrue_group_conv2d_GROUPS4_ACTIVATIONsigmoid_ap_fixed_16_5_,conv,vitis,csynth,,64,9,7257,11177,1824,2520,548160,274080,3.5088,0.3571,1.3239,4.078,3792268,27683556.4,,7.3,,,,,,,,
config_CIN32_HIN28_WIN28_COUT16_K1_UFCIN1_UFCOU4_PAD1_STRIDE1_BIASFalse_conv2d_ACTIVATIONrelu_ap_fixed_16_5_,conv,vitis,csynth,,67,5,5148,9591,1824,2520,548160,274080,3.6732,0.1984,0.9391,3.4993,194719,1421448.7,,7.3,,,,,,,,
config_CIN32_HIN28_WIN28_COUT16_K1_UFCIN1_UFCOU4_PAD1_STRIDE1_BIASFalse_conv2d_ACTIVATIONsigmoid_ap_fixed_16_5_,conv,vitis,csynth,,67,8,7043,11136,1824,2520,548160,274080,3.6732,0.3175,1.2848,4.063,194748,1421660.4,,7.3,,,,,,,,
config_CIN32_HIN28_WIN28_COUT16_K1_UFCIN1_UFCOU4_PAD1_STRIDE1_BIASFalse_group_conv2d_GROUPS2_ACTIVATIONrelu_ap_fixed_16_5_,conv,vitis,csynth,,67,5,5754,10295,1824,2520,548160,274080,3.6732,0.1984,1.0497,3.7562,1056083,7709405.899999999,,7.3,,,,,,,,
config_CIN32_HIN28_WIN28_COUT16_K1_UFCIN1_UFCOU4_PAD1_STRIDE1_BIASFalse_group_conv2d_GROUPS2_ACTIVATIONsigmoid_ap_fixed_16_5_,conv,vitis,csynth,,67,8,7649,11840,1824,2520,548160,274080,3.6732,0.3175,1.3954,4.3199,1056112,7709617.6,,7.3,,,,,,,,
config_CIN32_HIN28_WIN28_COUT16_K1_UFCIN1_UFCOU4_PAD1_STRIDE1_BIASFalse_group_conv2d_GROUPS4_ACTIVATIONrelu_ap_fixed_16_5_,conv,vitis,csynth,,67,5,5279,9709,1824,2520,548160,274080,3.6732,0.1984,0.963,3.5424,2042607,14911031.1,,7.3,,,,,,,,
config_CIN32_HIN28_WIN28_COUT16_K1_UFCIN1_UFCOU4_PAD1_STRIDE1_BIASFalse_group_conv2d_GROUPS4_ACTIVATIONsigmoid_ap_fixed_16_5_,conv,vitis,csynth,,67,8,7174,11254,1824,2520,548160,274080,3.6732,0.3175,1.3087,4.1061,2042636,14911242.799999999,,7.3,,,,,,,,
config_CIN32_HIN28_WIN28_COUT16_K1_UFCIN1_UFCOU4_PAD1_STRIDE1_BIASTrue_conv2d_ACTIVATIONrelu_ap_fixed_16_5_,conv,vitis,csynth,,67,5,5324,9912,1824,2520,548160,274080,3.6732,0.1984,0.9712,3.6165,194748,1421660.4,,7.3,,,,,,,,
config_CIN32_HIN28_WIN28_COUT16_K1_UFCIN1_UFCOU4_PAD1_STRIDE1_BIASTrue_conv2d_ACTIVATIONsigmoid_ap_fixed_16_5_,conv,vitis,csynth,,67,8,7219,11461,1824,2520,548160,274080,3.6732,0.3175,1.317,4.1816,194777,1421872.0999999999,,7.3,,,,,,,,
config_CIN32_HIN28_WIN28_COUT16_K1_UFCIN1_UFCOU4_PAD1_STRIDE1_BIASTrue_group_conv2d_GROUPS2_ACTIVATIONrelu_ap_fixed_16_5_,conv,vitis,csynth,,67,5,5930,10616,1824,2520,548160,274080,3.6732,0.1984,1.0818,3.8733,1056112,7709617.6,,7.3,,,,,,,,
config_CIN32_HIN28_WIN28_COUT16_K1_UFCIN1_UFCOU4_PAD1_STRIDE1_BIASTrue_group_conv2d_GROUPS2_ACTIVATIONsigmoid_ap_fixed_16_5_,conv,vitis,csynth,,67,8,7825,12165,1824,2520,548160,274080,3.6732,0.3175,1.4275,4.4385,1056141,7709829.3,,7.3,,,,,,,,
config_CIN32_HIN28_WIN28_COUT16_K1_UFCIN1_UFCOU4_PAD1_STRIDE1_BIASTrue_group_conv2d_GROUPS4_ACTIVATIONrelu_ap_fixed_16_5_,conv,vitis,csynth,,67,5,5455,10030,1824,2520,548160,274080,3.6732,0.1984,0.9951,3.6595,2042636,14911242.799999999,,7.3,,,,,,,,
config_CIN32_HIN28_WIN28_COUT16_K1_UFCIN1_UFCOU4_PAD1_STRIDE1_BIASTrue_group_conv2d_GROUPS4_ACTIVATIONsigmoid_ap_fixed_16_5_,conv,vitis,csynth,,67,8,7350,11579,1824,2520,548160,274080,3.6732,0.3175,1.3408,4.2247,2042665,14911454.5,,7.3,,,,,,,,
config_CIN32_HIN28_WIN28_COUT16_K1_UFCIN1_UFCOU8_PAD1_STRIDE1_BIASFalse_conv2d_ACTIVATIONrelu_ap_fixed_16_5_,conv,vitis,csynth,,71,9,5350,10325,1824,2520,548160,274080,3.8925,0.3571,0.976,3.7671,192019,1401738.7,,7.3,,,,,,,,
config_CIN32_HIN28_WIN28_COUT16_K1_UFCIN1_UFCOU8_PAD1_STRIDE1_BIASFalse_conv2d_ACTIVATIONsigmoid_ap_fixed_16_5_,conv,vitis,csynth,,71,12,7117,11806,1824,2520,548160,274080,3.8925,0.4762,1.2983,4.3075,192048,1401950.4,,7.3,,,,,,,,
config_CIN32_HIN28_WIN28_COUT16_K1_UFCIN1_UFCOU8_PAD1_STRIDE1_BIASFalse_group_conv2d_GROUPS2_ACTIVATIONrelu_ap_fixed_16_5_,conv,vitis,csynth,,71,9,5358,10387,1824,2520,548160,274080,3.8925,0.3571,0.9775,3.7898,1977683,14437085.9,,7.3,,,,,,,,
config_CIN32_HIN28_WIN28_COUT16_K1_UFCIN1_UFCOU8_PAD1_STRIDE1_BIASFalse_group_conv2d_GROUPS2_ACTIVATIONsigmoid_ap_fixed_16_5_,conv,vitis,csynth,,71,12,7125,11868,1824,2520,548160,274080,3.8925,0.4762,1.2998,4.3301,1977712,14437297.6,,7.3,,,,,,,,
config_CIN32_HIN28_WIN28_COUT16_K1_UFCIN1_UFCOU8_PAD1_STRIDE1_BIASFalse_group_conv2d_GROUPS4_ACTIVATIONrelu_ap_fixed_16_5_,conv,vitis,csynth,,71,9,5625,11910,1824,2520,548160,274080,3.8925,0.3571,1.0262,4.3454,2152407,15712571.1,,7.3,,,,,,,,
config_CIN32_HIN28_WIN28_COUT16_K1_UFCIN1_UFCOU8_PAD1_STRIDE1_BIASFalse_group_conv2d_GROUPS4_ACTIVATIONsigmoid_ap_fixed_16_5_,conv,vitis,csynth,,71,12,7392,13391,1824,2520,548160,274080,3.8925,0.4762,1.3485,4.8858,2152436,15712782.799999999,,7.3,,,,,,,,
config_CIN32_HIN28_WIN28_COUT16_K1_UFCIN1_UFCOU8_PAD1_STRIDE1_BIASTrue_conv2d_ACTIVATIONrelu_ap_fixed_16_5_,conv,vitis,csynth,,71,9,5589,10798,1824,2520,548160,274080,3.8925,0.3571,1.0196,3.9397,192048,1401950.4,,7.3,,,,,,,,
config_CIN32_HIN28_WIN28_COUT16_K1_UFCIN1_UFCOU8_PAD1_STRIDE1_BIASTrue_conv2d_ACTIVATIONsigmoid_ap_fixed_16_5_,conv,vitis,csynth,,71,12,7356,12283,1824,2520,548160,274080,3.8925,0.4762,1.3419,4.4815,192077,1402162.0999999999,,7.3,,,,,,,,
config_CIN32_HIN28_WIN28_COUT16_K1_UFCIN1_UFCOU8_PAD1_STRIDE1_BIASTrue_group_conv2d_GROUPS2_ACTIVATIONrelu_ap_fixed_16_5_,conv,vitis,csynth,,71,9,5597,10860,1824,2520,548160,274080,3.8925,0.3571,1.0211,3.9623,1977712,14437297.6,,7.3,,,,,,,,
config_CIN32_HIN28_WIN28_COUT16_K1_UFCIN1_UFCOU8_PAD1_STRIDE1_BIASTrue_group_conv2d_GROUPS2_ACTIVATIONsigmoid_ap_fixed_16_5_,conv,vitis,csynth,,71,12,7364,12345,1824,2520,548160,274080,3.8925,0.4762,1.3434,4.5042,1977741,14437509.299999999,,7.3,,,,,,,,
config_CIN32_HIN28_WIN28_COUT16_K1_UFCIN1_UFCOU8_PAD1_STRIDE1_BIASTrue_group_conv2d_GROUPS4_ACTIVATIONrelu_ap_fixed_16_5_,conv,vitis,csynth,,71,9,5864,12383,1824,2520,548160,274080,3.8925,0.3571,1.0698,4.518,2152436,15712782.799999999,,7.3,,,,,,,,
config_CIN32_HIN28_WIN28_COUT16_K1_UFCIN1_UFCOU8_PAD1_STRIDE1_BIASTrue_group_conv2d_GROUPS4_ACTIVATIONsigmoid_ap_fixed_16_5_,conv,vitis,csynth,,71,12,7631,13868,1824,2520,548160,274080,3.8925,0.4762,1.3921,5.0598,2152465,15712994.5,,7.3,,,,,,,,
config_CIN32_HIN28_WIN28_COUT16_K1_UFCIN4_UFCOU1_PAD1_STRIDE1_BIASFalse_conv2d_ACTIVATIONrelu_ap_fixed_16_5_,conv,vitis,csynth,,71,5,5410,9522,1824,2520,548160,274080,3.8925,0.1984,0.9869,3.4742,755419,5514558.7,,7.3,,,,,,,,
config_CIN32_HIN28_WIN28_COUT16_K1_UFCIN4_UFCOU1_PAD1_STRIDE1_BIASFalse_conv2d_ACTIVATIONsigmoid_ap_fixed_16_5_,conv,vitis,csynth,,71,8,7113,10971,1824,2520,548160,274080,3.8925,0.3175,1.2976,4.0028,755448,5514770.399999999,,7.3,,,,,,,,
config_CIN32_HIN28_WIN28_COUT16_K1_UFCIN4_UFCOU1_PAD1_STRIDE1_BIASFalse_group_conv2d_GROUPS2_ACTIVATIONrelu_ap_fixed_16_5_,conv,vitis,csynth,,71,5,5541,9762,1824,2520,548160,274080,3.8925,0.1984,1.0108,3.5617,1439483,10508225.9,,7.3,,,,,,,,
config_CIN32_HIN28_WIN28_COUT16_K1_UFCIN4_UFCOU1_PAD1_STRIDE1_BIASFalse_group_conv2d_GROUPS2_ACTIVATIONsigmoid_ap_fixed_16_5_,conv,vitis,csynth,,71,8,7244,11211,1824,2520,548160,274080,3.8925,0.3175,1.3215,4.0904,1439512,10508437.6,,7.3,,,,,,,,
config_CIN32_HIN28_WIN28_COUT16_K1_UFCIN4_UFCOU1_PAD1_STRIDE1_BIASFalse_group_conv2d_GROUPS4_ACTIVATIONrelu_ap_fixed_16_5_,conv,vitis,csynth,,71,5,5544,9765,1824,2520,548160,274080,3.8925,0.1984,1.0114,3.5628,2795007,20403551.099999998,,7.3,,,,,,,,
config_CIN32_HIN28_WIN28_COUT16_K1_UFCIN4_UFCOU1_PAD1_STRIDE1_BIASFalse_group_conv2d_GROUPS4_ACTIVATIONsigmoid_ap_fixed_16_5_,conv,vitis,csynth,,71,8,7247,11214,1824,2520,548160,274080,3.8925,0.3175,1.3221,4.0915,2795036,20403762.8,,7.3,,,,,,,,
config_CIN32_HIN28_WIN28_COUT16_K1_UFCIN4_UFCOU1_PAD1_STRIDE1_BIASTrue_conv2d_ACTIVATIONrelu_ap_fixed_16_5_,conv,vitis,csynth,,71,5,5543,9732,1824,2520,548160,274080,3.8925,0.1984,1.0112,3.5508,755448,5514770.399999999,,7.3,,,,,,,,
config_CIN32_HIN28_WIN28_COUT16_K1_UFCIN4_UFCOU1_PAD1_STRIDE1_BIASTrue_conv2d_ACTIVATIONsigmoid_ap_fixed_16_5_,conv,vitis,csynth,,71,8,7246,11185,1824,2520,548160,274080,3.8925,0.3175,1.3219,4.0809,755477,5514982.1,,7.3,,,,,,,,
config_CIN32_HIN28_WIN28_COUT16_K1_UFCIN4_UFCOU1_PAD1_STRIDE1_BIASTrue_group_conv2d_GROUPS2_ACTIVATIONrelu_ap_fixed_16_5_,conv,vitis,csynth,,71,5,5674,9972,1824,2520,548160,274080,3.8925,0.1984,1.0351,3.6384,1439512,10508437.6,,7.3,,,,,,,,
config_CIN32_HIN28_WIN28_COUT16_K1_UFCIN4_UFCOU1_PAD1_STRIDE1_BIASTrue_group_conv2d_GROUPS2_ACTIVATIONsigmoid_ap_fixed_16_5_,conv,vitis,csynth,,71,8,7377,11425,1824,2520,548160,274080,3.8925,0.3175,1.3458,4.1685,1439541,10508649.299999999,,7.3,,,,,,,,
config_CIN32_HIN28_WIN28_COUT16_K1_UFCIN4_UFCOU1_PAD1_STRIDE1_BIASTrue_group_conv2d_GROUPS4_ACTIVATIONrelu_ap_fixed_16_5_,conv,vitis,csynth,,71,5,5677,9975,1824,2520,548160,274080,3.8925,0.1984,1.0356,3.6394,2795036,20403762.8,,7.3,,,,,,,,
config_CIN32_HIN28_WIN28_COUT16_K1_UFCIN4_UFCOU1_PAD1_STRIDE1_BIASTrue_group_conv2d_GROUPS4_ACTIVATIONsigmoid_ap_fixed_16_5_,conv,vitis,csynth,,71,8,7380,11428,1824,2520,548160,274080,3.8925,0.3175,1.3463,4.1696,2795065,20403974.5,,7.3,,,,,,,,
config_CIN32_HIN28_WIN28_COUT16_K1_UFCIN4_UFCOU4_PAD1_STRIDE1_BIASFalse_conv2d_ACTIVATIONrelu_ap_fixed_16_5_,conv,vitis,csynth,,67,17,5968,11005,1824,2520,548160,274080,3.6732,0.6746,1.0887,4.0153,399019,2912838.6999999997,,7.3,,,,,,,,
config_CIN32_HIN28_WIN28_COUT16_K1_UFCIN4_UFCOU4_PAD1_STRIDE1_BIASFalse_conv2d_ACTIVATIONsigmoid_ap_fixed_16_5_,conv,vitis,csynth,,67,20,7863,12550,1824,2520,548160,274080,3.6732,0.7937,1.4344,4.579,399048,2913050.4,,7.3,,,,,,,,
config_CIN32_HIN28_WIN28_COUT16_K1_UFCIN4_UFCOU4_PAD1_STRIDE1_BIASFalse_group_conv2d_GROUPS2_ACTIVATIONrelu_ap_fixed_16_5_,conv,vitis,csynth,,67,17,7788,13382,1824,2520,548160,274080,3.6732,0.6746,1.4208,4.8825,939083,6855305.899999999,,7.3,,,,,,,,
config_CIN32_HIN28_WIN28_COUT16_K1_UFCIN4_UFCOU4_PAD1_STRIDE1_BIASFalse_group_conv2d_GROUPS2_ACTIVATIONsigmoid_ap_fixed_16_5_,conv,vitis,csynth,,67,20,9683,14927,1824,2520,548160,274080,3.6732,0.7937,1.7665,5.4462,939112,6855517.6,,7.3,,,,,,,,
config_CIN32_HIN28_WIN28_COUT16_K1_UFCIN4_UFCOU4_PAD1_STRIDE1_BIASFalse_group_conv2d_GROUPS4_ACTIVATIONrelu_ap_fixed_16_5_,conv,vitis,csynth,,67,17,5768,10537,1824,2520,548160,274080,3.6732,0.6746,1.0522,3.8445,1005807,7342391.1,,7.3,,,,,,,,
config_CIN32_HIN28_WIN28_COUT16_K1_UFCIN4_UFCOU4_PAD1_STRIDE1_BIASFalse_group_conv2d_GROUPS4_ACTIVATIONsigmoid_ap_fixed_16_5_,conv,vitis,csynth,,67,20,7663,12082,1824,2520,548160,274080,3.6732,0.7937,1.3979,4.4082,1005836,7342602.8,,7.3,,,,,,,,
config_CIN32_HIN28_WIN28_COUT16_K1_UFCIN4_UFCOU4_PAD1_STRIDE1_BIASTrue_conv2d_ACTIVATIONrelu_ap_fixed_16_5_,conv,vitis,csynth,,67,17,6144,11326,1824,2520,548160,274080,3.6732,0.6746,1.1208,4.1324,399048,2913050.4,,7.3,,,,,,,,
config_CIN32_HIN28_WIN28_COUT16_K1_UFCIN4_UFCOU4_PAD1_STRIDE1_BIASTrue_conv2d_ACTIVATIONsigmoid_ap_fixed_16_5_,conv,vitis,csynth,,67,20,8039,12875,1824,2520,548160,274080,3.6732,0.7937,1.4665,4.6975,399077,2913262.1,,7.3,,,,,,,,
config_CIN32_HIN28_WIN28_COUT16_K1_UFCIN4_UFCOU4_PAD1_STRIDE1_BIASTrue_group_conv2d_GROUPS2_ACTIVATIONrelu_ap_fixed_16_5_,conv,vitis,csynth,,67,17,7964,13703,1824,2520,548160,274080,3.6732,0.6746,1.4529,4.9996,939112,6855517.6,,7.3,,,,,,,,
config_CIN32_HIN28_WIN28_COUT16_K1_UFCIN4_UFCOU4_PAD1_STRIDE1_BIASTrue_group_conv2d_GROUPS2_ACTIVATIONsigmoid_ap_fixed_16_5_,conv,vitis,csynth,,67,20,9859,15252,1824,2520,548160,274080,3.6732,0.7937,1.7986,5.5648,939141,6855729.3,,7.3,,,,,,,,
config_CIN32_HIN28_WIN28_COUT16_K1_UFCIN4_UFCOU4_PAD1_STRIDE1_BIASTrue_group_conv2d_GROUPS4_ACTIVATIONrelu_ap_fixed_16_5_,conv,vitis,csynth,,67,17,5944,10858,1824,2520,548160,274080,3.6732,0.6746,1.0844,3.9616,1005836,7342602.8,,7.3,,,,,,,,
config_CIN32_HIN28_WIN28_COUT16_K1_UFCIN4_UFCOU4_PAD1_STRIDE1_BIASTrue_group_conv2d_GROUPS4_ACTIVATIONsigmoid_ap_fixed_16_5_,conv,vitis,csynth,,67,20,7839,12407,1824,2520,548160,274080,3.6732,0.7937,1.4301,4.5268,1005865,7342814.5,,7.3,,,,,,,,
config_CIN32_HIN28_WIN28_COUT16_K1_UFCIN4_UFCOU8_PAD1_STRIDE1_BIASFalse_conv2d_ACTIVATIONrelu_ap_fixed_16_5_,conv,vitis,csynth,,67,33,6540,12574,1824,2520,548160,274080,3.6732,1.3095,1.1931,4.5877,339619,2479218.6999999997,,7.3,,,,,,,,
config_CIN32_HIN28_WIN28_COUT16_K1_UFCIN4_UFCOU8_PAD1_STRIDE1_BIASFalse_conv2d_ACTIVATIONsigmoid_ap_fixed_16_5_,conv,vitis,csynth,,67,36,8307,14055,1824,2520,548160,274080,3.6732,1.4286,1.5154,5.1281,339648,2479430.4,,7.3,,,,,,,,
config_CIN32_HIN28_WIN28_COUT16_K1_UFCIN4_UFCOU8_PAD1_STRIDE1_BIASFalse_group_conv2d_GROUPS2_ACTIVATIONrelu_ap_fixed_16_5_,conv,vitis,csynth,,67,33,6295,11831,1824,2520,548160,274080,3.6732,1.3095,1.1484,4.3166,796883,5817245.899999999,,7.3,,,,,,,,
config_CIN32_HIN28_WIN28_COUT16_K1_UFCIN4_UFCOU8_PAD1_STRIDE1_BIASFalse_group_conv2d_GROUPS2_ACTIVATIONsigmoid_ap_fixed_16_5_,conv,vitis,csynth,,67,36,8062,13312,1824,2520,548160,274080,3.6732,1.4286,1.4707,4.857,796912,5817457.6,,7.3,,,,,,,,
config_CIN32_HIN28_WIN28_COUT16_K1_UFCIN4_UFCOU8_PAD1_STRIDE1_BIASFalse_group_conv2d_GROUPS4_ACTIVATIONrelu_ap_fixed_16_5_,conv,vitis,csynth,,67,21,6765,14157,1824,2520,548160,274080,3.6732,0.8333,1.2341,5.1653,2480007,18104051.099999998,,7.3,,,,,,,,
config_CIN32_HIN28_WIN28_COUT16_K1_UFCIN4_UFCOU8_PAD1_STRIDE1_BIASFalse_group_conv2d_GROUPS4_ACTIVATIONsigmoid_ap_fixed_16_5_,conv,vitis,csynth,,67,24,8532,15638,1824,2520,548160,274080,3.6732,0.9524,1.5565,5.7056,2480036,18104262.8,,7.3,,,,,,,,
config_CIN32_HIN28_WIN28_COUT16_K1_UFCIN4_UFCOU8_PAD1_STRIDE1_BIASTrue_conv2d_ACTIVATIONrelu_ap_fixed_16_5_,conv,vitis,csynth,,67,33,6779,13047,1824,2520,548160,274080,3.6732,1.3095,1.2367,4.7603,339648,2479430.4,,7.3,,,,,,,,
config_CIN32_HIN28_WIN28_COUT16_K1_UFCIN4_UFCOU8_PAD1_STRIDE1_BIASTrue_conv2d_ACTIVATIONsigmoid_ap_fixed_16_5_,conv,vitis,csynth,,67,36,8546,14532,1824,2520,548160,274080,3.6732,1.4286,1.559,5.3021,339677,2479642.1,,7.3,,,,,,,,
config_CIN32_HIN28_WIN28_COUT16_K1_UFCIN4_UFCOU8_PAD1_STRIDE1_BIASTrue_group_conv2d_GROUPS2_ACTIVATIONrelu_ap_fixed_16_5_,conv,vitis,csynth,,67,33,6534,12304,1824,2520,548160,274080,3.6732,1.3095,1.192,4.4892,796912,5817457.6,,7.3,,,,,,,,
config_CIN32_HIN28_WIN28_COUT16_K1_UFCIN4_UFCOU8_PAD1_STRIDE1_BIASTrue_group_conv2d_GROUPS2_ACTIVATIONsigmoid_ap_fixed_16_5_,conv,vitis,csynth,,67,36,8301,13789,1824,2520,548160,274080,3.6732,1.4286,1.5143,5.031,796941,5817669.3,,7.3,,,,,,,,
config_CIN32_HIN28_WIN28_COUT16_K1_UFCIN4_UFCOU8_PAD1_STRIDE1_BIASTrue_group_conv2d_GROUPS4_ACTIVATIONrelu_ap_fixed_16_5_,conv,vitis,csynth,,67,21,7004,14630,1824,2520,548160,274080,3.6732,0.8333,1.2777,5.3379,2480036,18104262.8,,7.3,,,,,,,,
config_CIN32_HIN28_WIN28_COUT16_K1_UFCIN4_UFCOU8_PAD1_STRIDE1_BIASTrue_group_conv2d_GROUPS4_ACTIVATIONsigmoid_ap_fixed_16_5_,conv,vitis,csynth,,67,24,8771,16115,1824,2520,548160,274080,3.6732,0.9524,1.6001,5.8797,2480065,18104474.5,,7.3,,,,,,,,
config_CIN32_HIN28_WIN28_COUT16_K1_UFCIN8_UFCOU1_PAD1_STRIDE1_BIASFalse_conv2d_ACTIVATIONrelu_ap_fixed_16_5_,conv,vitis,csynth,,75,9,5863,10518,1824,2520,548160,274080,4.1118,0.3571,1.0696,3.8376,751819,5488278.7,,7.3,,,,,,,,
config_CIN32_HIN28_WIN28_COUT16_K1_UFCIN8_UFCOU1_PAD1_STRIDE1_BIASFalse_conv2d_ACTIVATIONsigmoid_ap_fixed_16_5_,conv,vitis,csynth,,75,12,7566,11967,1824,2520,548160,274080,4.1118,0.4762,1.3803,4.3662,751848,5488490.399999999,,7.3,,,,,,,,
config_CIN32_HIN28_WIN28_COUT16_K1_UFCIN8_UFCOU1_PAD1_STRIDE1_BIASFalse_group_conv2d_GROUPS2_ACTIVATIONrelu_ap_fixed_16_5_,conv,vitis,csynth,,75,9,6080,10868,1824,2520,548160,274080,4.1118,0.3571,1.1092,3.9653,1446683,10560785.9,,7.3,,,,,,,,
config_CIN32_HIN28_WIN28_COUT16_K1_UFCIN8_UFCOU1_PAD1_STRIDE1_BIASFalse_group_conv2d_GROUPS2_ACTIVATIONsigmoid_ap_fixed_16_5_,conv,vitis,csynth,,75,12,7783,12317,1824,2520,548160,274080,4.1118,0.4762,1.4198,4.4939,1446712,10560997.6,,7.3,,,,,,,,
config_CIN32_HIN28_WIN28_COUT16_K1_UFCIN8_UFCOU1_PAD1_STRIDE1_BIASFalse_group_conv2d_GROUPS4_ACTIVATIONrelu_ap_fixed_16_5_,conv,vitis,csynth,,75,9,6092,10871,1824,2520,548160,274080,4.1118,0.3571,1.1114,3.9664,2809407,20508671.099999998,,7.3,,,,,,,,
config_CIN32_HIN28_WIN28_COUT16_K1_UFCIN8_UFCOU1_PAD1_STRIDE1_BIASFalse_group_conv2d_GROUPS4_ACTIVATIONsigmoid_ap_fixed_16_5_,conv,vitis,csynth,,75,12,7795,12320,1824,2520,548160,274080,4.1118,0.4762,1.422,4.495,2809436,20508882.8,,7.3,,,,,,,,
config_CIN32_HIN28_WIN28_COUT16_K1_UFCIN8_UFCOU1_PAD1_STRIDE1_BIASTrue_conv2d_ACTIVATIONrelu_ap_fixed_16_5_,conv,vitis,csynth,,75,9,5996,10728,1824,2520,548160,274080,4.1118,0.3571,1.0938,3.9142,751848,5488490.399999999,,7.3,,,,,,,,
config_CIN32_HIN28_WIN28_COUT16_K1_UFCIN8_UFCOU1_PAD1_STRIDE1_BIASTrue_conv2d_ACTIVATIONsigmoid_ap_fixed_16_5_,conv,vitis,csynth,,75,12,7699,12181,1824,2520,548160,274080,4.1118,0.4762,1.4045,4.4443,751877,5488702.1,,7.3,,,,,,,,
config_CIN32_HIN28_WIN28_COUT16_K1_UFCIN8_UFCOU1_PAD1_STRIDE1_BIASTrue_group_conv2d_GROUPS2_ACTIVATIONrelu_ap_fixed_16_5_,conv,vitis,csynth,,75,9,6213,11078,1824,2520,548160,274080,4.1118,0.3571,1.1334,4.0419,1446712,10560997.6,,7.3,,,,,,,,
config_CIN32_HIN28_WIN28_COUT16_K1_UFCIN8_UFCOU1_PAD1_STRIDE1_BIASTrue_group_conv2d_GROUPS2_ACTIVATIONsigmoid_ap_fixed_16_5_,conv,vitis,csynth,,75,12,7916,12531,1824,2520,548160,274080,4.1118,0.4762,1.4441,4.572,1446741,10561209.299999999,,7.3,,,,,,,,
config_CIN32_HIN28_WIN28_COUT16_K1_UFCIN8_UFCOU1_PAD1_STRIDE1_BIASTrue_group_conv2d_GROUPS4_ACTIVATIONrelu_ap_fixed_16_5_,conv,vitis,csynth,,75,9,6225,11081,1824,2520,548160,274080,4.1118,0.3571,1.1356,4.043,2809436,20508882.8,,7.3,,,,,,,,
config_CIN32_HIN28_WIN28_COUT16_K1_UFCIN8_UFCOU1_PAD1_STRIDE1_BIASTrue_group_conv2d_GROUPS4_ACTIVATIONsigmoid_ap_fixed_16_5_,conv,vitis,csynth,,75,12,7928,12534,1824,2520,548160,274080,4.1118,0.4762,1.4463,4.5731,2809465,20509094.5,,7.3,,,,,,,,
config_CIN32_HIN28_WIN28_COUT16_K1_UFCIN8_UFCOU4_PAD1_STRIDE1_BIASFalse_conv2d_ACTIVATIONrelu_ap_fixed_16_5_,conv,vitis,csynth,,67,33,6922,12799,1824,2520,548160,274080,3.6732,1.3095,1.2628,4.6698,395419,2886558.6999999997,,7.3,,,,,,,,
config_CIN32_HIN28_WIN28_COUT16_K1_UFCIN8_UFCOU4_PAD1_STRIDE1_BIASFalse_conv2d_ACTIVATIONsigmoid_ap_fixed_16_5_,conv,vitis,csynth,,67,36,8817,14344,1824,2520,548160,274080,3.6732,1.4286,1.6085,5.2335,395448,2886770.4,,7.3,,,,,,,,
config_CIN32_HIN28_WIN28_COUT16_K1_UFCIN8_UFCOU4_PAD1_STRIDE1_BIASFalse_group_conv2d_GROUPS2_ACTIVATIONrelu_ap_fixed_16_5_,conv,vitis,csynth,,67,33,10568,17530,1824,2520,548160,274080,3.6732,1.3095,1.9279,6.3959,931883,6802745.899999999,,7.3,,,,,,,,
config_CIN32_HIN28_WIN28_COUT16_K1_UFCIN8_UFCOU4_PAD1_STRIDE1_BIASFalse_group_conv2d_GROUPS2_ACTIVATIONsigmoid_ap_fixed_16_5_,conv,vitis,csynth,,67,36,12463,19075,1824,2520,548160,274080,3.6732,1.4286,2.2736,6.9596,931912,6802957.6,,7.3,,,,,,,,
config_CIN32_HIN28_WIN28_COUT16_K1_UFCIN8_UFCOU4_PAD1_STRIDE1_BIASFalse_group_conv2d_GROUPS4_ACTIVATIONrelu_ap_fixed_16_5_,conv,vitis,csynth,,67,33,6414,11486,1824,2520,548160,274080,3.6732,1.3095,1.1701,4.1907,876207,6396311.1,,7.3,,,,,,,,
config_CIN32_HIN28_WIN28_COUT16_K1_UFCIN8_UFCOU4_PAD1_STRIDE1_BIASFalse_group_conv2d_GROUPS4_ACTIVATIONsigmoid_ap_fixed_16_5_,conv,vitis,csynth,,67,36,8309,13031,1824,2520,548160,274080,3.6732,1.4286,1.5158,4.7545,876236,6396522.8,,7.3,,,,,,,,
config_CIN32_HIN28_WIN28_COUT16_K1_UFCIN8_UFCOU4_PAD1_STRIDE1_BIASTrue_conv2d_ACTIVATIONrelu_ap_fixed_16_5_,conv,vitis,csynth,,67,33,7098,13120,1824,2520,548160,274080,3.6732,1.3095,1.2949,4.7869,395448,2886770.4,,7.3,,,,,,,,
config_CIN32_HIN28_WIN28_COUT16_K1_UFCIN8_UFCOU4_PAD1_STRIDE1_BIASTrue_conv2d_ACTIVATIONsigmoid_ap_fixed_16_5_,conv,vitis,csynth,,67,36,8993,14669,1824,2520,548160,274080,3.6732,1.4286,1.6406,5.3521,395477,2886982.1,,7.3,,,,,,,,
config_CIN32_HIN28_WIN28_COUT16_K1_UFCIN8_UFCOU4_PAD1_STRIDE1_BIASTrue_group_conv2d_GROUPS2_ACTIVATIONrelu_ap_fixed_16_5_,conv,vitis,csynth,,67,33,10744,17851,1824,2520,548160,274080,3.6732,1.3095,1.96,6.5131,931912,6802957.6,,7.3,,,,,,,,
config_CIN32_HIN28_WIN28_COUT16_K1_UFCIN8_UFCOU4_PAD1_STRIDE1_BIASTrue_group_conv2d_GROUPS2_ACTIVATIONsigmoid_ap_fixed_16_5_,conv,vitis,csynth,,67,36,12639,19400,1824,2520,548160,274080,3.6732,1.4286,2.3057,7.0782,931941,6803169.3,,7.3,,,,,,,,
config_CIN32_HIN28_WIN28_COUT16_K1_UFCIN8_UFCOU4_PAD1_STRIDE1_BIASTrue_group_conv2d_GROUPS4_ACTIVATIONrelu_ap_fixed_16_5_,conv,vitis,csynth,,67,33,6590,11807,1824,2520,548160,274080,3.6732,1.3095,1.2022,4.3079,876236,6396522.8,,7.3,,,,,,,,
config_CIN32_HIN28_WIN28_COUT16_K1_UFCIN8_UFCOU4_PAD1_STRIDE1_BIASTrue_group_conv2d_GROUPS4_ACTIVATIONsigmoid_ap_fixed_16_5_,conv,vitis,csynth,,67,36,8485,13356,1824,2520,548160,274080,3.6732,1.4286,1.5479,4.873,876265,6396734.5,,7.3,,,,,,,,
config_CIN32_HIN28_WIN28_COUT16_K1_UFCIN8_UFCOU8_PAD1_STRIDE1_BIASFalse_conv2d_ACTIVATIONrelu_ap_fixed_16_5_,conv,vitis,csynth,,67,65,8062,15448,1824,2520,548160,274080,3.6732,2.5794,1.4707,5.6363,336019,2452938.6999999997,,7.3,,,,,,,,
config_CIN32_HIN28_WIN28_COUT16_K1_UFCIN8_UFCOU8_PAD1_STRIDE1_BIASFalse_conv2d_ACTIVATIONsigmoid_ap_fixed_16_5_,conv,vitis,csynth,,67,68,9829,16929,1824,2520,548160,274080,3.6732,2.6984,1.7931,6.1767,336048,2453150.4,,7.3,,,,,,,,
config_CIN32_HIN28_WIN28_COUT16_K1_UFCIN8_UFCOU8_PAD1_STRIDE1_BIASFalse_group_conv2d_GROUPS2_ACTIVATIONrelu_ap_fixed_16_5_,conv,vitis,csynth,,67,65,7460,13481,1824,2520,548160,274080,3.6732,2.5794,1.3609,4.9186,616883,4503245.899999999,,7.3,,,,,,,,
config_CIN32_HIN28_WIN28_COUT16_K1_UFCIN8_UFCOU8_PAD1_STRIDE1_BIASFalse_group_conv2d_GROUPS2_ACTIVATIONsigmoid_ap_fixed_16_5_,conv,vitis,csynth,,67,68,9227,14962,1824,2520,548160,274080,3.6732,2.6984,1.6833,5.459,616912,4503457.6,,7.3,,,,,,,,
config_CIN32_HIN28_WIN28_COUT16_K1_UFCIN8_UFCOU8_PAD1_STRIDE1_BIASFalse_group_conv2d_GROUPS4_ACTIVATIONrelu_ap_fixed_16_5_,conv,vitis,csynth,,67,37,7874,17057,1824,2520,548160,274080,3.6732,1.4683,1.4364,6.2234,2796807,20416691.099999998,,7.3,,,,,,,,
config_CIN32_HIN28_WIN28_COUT16_K1_UFCIN8_UFCOU8_PAD1_STRIDE1_BIASFalse_group_conv2d_GROUPS4_ACTIVATIONsigmoid_ap_fixed_16_5_,conv,vitis,csynth,,67,40,9641,18538,1824,2520,548160,274080,3.6732,1.5873,1.7588,6.7637,2796836,20416902.8,,7.3,,,,,,,,
config_CIN32_HIN28_WIN28_COUT16_K1_UFCIN8_UFCOU8_PAD1_STRIDE1_BIASTrue_conv2d_ACTIVATIONrelu_ap_fixed_16_5_,conv,vitis,csynth,,67,65,8301,15921,1824,2520,548160,274080,3.6732,2.5794,1.5143,5.8089,336048,2453150.4,,7.3,,,,,,,,
config_CIN32_HIN28_WIN28_COUT16_K1_UFCIN8_UFCOU8_PAD1_STRIDE1_BIASTrue_conv2d_ACTIVATIONsigmoid_ap_fixed_16_5_,conv,vitis,csynth,,67,68,10068,17406,1824,2520,548160,274080,3.6732,2.6984,1.8367,6.3507,336077,2453362.1,,7.3,,,,,,,,
config_CIN32_HIN28_WIN28_COUT16_K1_UFCIN8_UFCOU8_PAD1_STRIDE1_BIASTrue_group_conv2d_GROUPS2_ACTIVATIONrelu_ap_fixed_16_5_,conv,vitis,csynth,,67,65,7699,13954,1824,2520,548160,274080,3.6732,2.5794,1.4045,5.0912,616912,4503457.6,,7.3,,,,,,,,
config_CIN32_HIN28_WIN28_COUT16_K1_UFCIN8_UFCOU8_PAD1_STRIDE1_BIASTrue_group_conv2d_GROUPS2_ACTIVATIONsigmoid_ap_fixed_16_5_,conv,vitis,csynth,,67,68,9466,15439,1824,2520,548160,274080,3.6732,2.6984,1.7269,5.633,616941,4503669.3,,7.3,,,,,,,,
config_CIN32_HIN28_WIN28_COUT16_K1_UFCIN8_UFCOU8_PAD1_STRIDE1_BIASTrue_group_conv2d_GROUPS4_ACTIVATIONrelu_ap_fixed_16_5_,conv,vitis,csynth,,67,37,8113,17530,1824,2520,548160,274080,3.6732,1.4683,1.48,6.3959,2796836,20416902.8,,7.3,,,,,,,,
config_CIN32_HIN28_WIN28_COUT16_K1_UFCIN8_UFCOU8_PAD1_STRIDE1_BIASTrue_group_conv2d_GROUPS4_ACTIVATIONsigmoid_ap_fixed_16_5_,conv,vitis,csynth,,67,40,9880,19015,1824,2520,548160,274080,3.6732,1.5873,1.8024,6.9378,2796865,20417114.5,,7.3,,,,,,,,
config_CIN32_HIN28_WIN28_COUT16_K3_UFCIN1_UFCOU1_PAD1_STRIDE1_BIASFalse_conv2d_ACTIVATIONrelu_ap_fixed_16_5_,conv,vitis,csynth,,71,2,5062,9165,1824,2520,548160,274080,3.8925,0.0794,0.9235,3.3439,3736543,27276763.9,,7.3,,,,,,,,
config_CIN32_HIN28_WIN28_COUT16_K3_UFCIN1_UFCOU1_PAD1_STRIDE1_BIASFalse_conv2d_ACTIVATIONsigmoid_ap_fixed_16_5_,conv,vitis,csynth,,71,5,6765,10618,1824,2520,548160,274080,3.8925,0.1984,1.2341,3.8741,3736572,27276975.599999998,,7.3,,,,,,,,
config_CIN32_HIN28_WIN28_COUT16_K3_UFCIN1_UFCOU1_PAD1_STRIDE1_BIASFalse_group_conv2d_GROUPS2_ACTIVATIONrelu_ap_fixed_16_5_,conv,vitis,csynth,,71,6,5463,9877,1824,2520,548160,274080,3.8925,0.2381,0.9966,3.6037,14616173,106698062.89999999,,7.3,,,,,,,,
config_CIN32_HIN28_WIN28_COUT16_K3_UFCIN1_UFCOU1_PAD1_STRIDE1_BIASFalse_group_conv2d_GROUPS2_ACTIVATIONsigmoid_ap_fixed_16_5_,conv,vitis,csynth,,71,9,7166,11330,1824,2520,548160,274080,3.8925,0.3571,1.3073,4.1338,14616202,106698274.6,,7.3,,,,,,,,
config_CIN32_HIN28_WIN28_COUT16_K3_UFCIN1_UFCOU1_PAD1_STRIDE1_BIASFalse_group_conv2d_GROUPS4_ACTIVATIONrelu_ap_fixed_16_5_,conv,vitis,csynth,,71,6,5465,9880,1824,2520,548160,274080,3.8925,0.2381,0.997,3.6048,29164195,212898623.5,,7.3,,,,,,,,
config_CIN32_HIN28_WIN28_COUT16_K3_UFCIN1_UFCOU1_PAD1_STRIDE1_BIASFalse_group_conv2d_GROUPS4_ACTIVATIONsigmoid_ap_fixed_16_5_,conv,vitis,csynth,,71,9,7168,11333,1824,2520,548160,274080,3.8925,0.3571,1.3076,4.1349,29164224,212898835.2,,7.3,,,,,,,,
config_CIN32_HIN28_WIN28_COUT16_K3_UFCIN1_UFCOU1_PAD1_STRIDE1_BIASTrue_conv2d_ACTIVATIONrelu_ap_fixed_16_5_,conv,vitis,csynth,,71,2,5195,9376,1824,2520,548160,274080,3.8925,0.0794,0.9477,3.4209,3749051,27368072.3,,7.3,,,,,,,,
config_CIN32_HIN28_WIN28_COUT16_K3_UFCIN1_UFCOU1_PAD1_STRIDE1_BIASTrue_conv2d_ACTIVATIONsigmoid_ap_fixed_16_5_,conv,vitis,csynth,,71,5,6898,10829,1824,2520,548160,274080,3.8925,0.1984,1.2584,3.951,3749080,27368284.0,,7.3,,,,,,,,
config_CIN32_HIN28_WIN28_COUT16_K3_UFCIN1_UFCOU1_PAD1_STRIDE1_BIASTrue_group_conv2d_GROUPS2_ACTIVATIONrelu_ap_fixed_16_5_,conv,vitis,csynth,,71,6,5596,10088,1824,2520,548160,274080,3.8925,0.2381,1.0209,3.6807,14628681,106789371.3,,7.3,,,,,,,,
config_CIN32_HIN28_WIN28_COUT16_K3_UFCIN1_UFCOU1_PAD1_STRIDE1_BIASTrue_group_conv2d_GROUPS2_ACTIVATIONsigmoid_ap_fixed_16_5_,conv,vitis,csynth,,71,9,7299,11540,1824,2520,548160,274080,3.8925,0.3571,1.3315,4.2104,14628710,106789583.0,,7.3,,,,,,,,
config_CIN32_HIN28_WIN28_COUT16_K3_UFCIN1_UFCOU1_PAD1_STRIDE1_BIASTrue_group_conv2d_GROUPS4_ACTIVATIONrelu_ap_fixed_16_5_,conv,vitis,csynth,,71,6,5598,10091,1824,2520,548160,274080,3.8925,0.2381,1.0212,3.6818,29176703,212989931.9,,7.3,,,,,,,,
config_CIN32_HIN28_WIN28_COUT16_K3_UFCIN1_UFCOU1_PAD1_STRIDE1_BIASTrue_group_conv2d_GROUPS4_ACTIVATIONsigmoid_ap_fixed_16_5_,conv,vitis,csynth,,71,9,7301,11543,1824,2520,548160,274080,3.8925,0.3571,1.3319,4.2115,29176732,212990143.6,,7.3,,,,,,,,
config_CIN32_HIN28_WIN28_COUT16_K3_UFCIN1_UFCOU4_PAD1_STRIDE1_BIASFalse_conv2d_ACTIVATIONrelu_ap_fixed_16_5_,conv,vitis,csynth,,71,5,5189,9965,1824,2520,548160,274080,3.8925,0.1984,0.9466,3.6358,1030111,7519810.3,,7.3,,,,,,,,
config_CIN32_HIN28_WIN28_COUT16_K3_UFCIN1_UFCOU4_PAD1_STRIDE1_BIASFalse_conv2d_ACTIVATIONsigmoid_ap_fixed_16_5_,conv,vitis,csynth,,71,8,7084,11510,1824,2520,548160,274080,3.8925,0.3175,1.2923,4.1995,1030140,7520022.0,,7.3,,,,,,,,
config_CIN32_HIN28_WIN28_COUT16_K3_UFCIN1_UFCOU4_PAD1_STRIDE1_BIASFalse_group_conv2d_GROUPS2_ACTIVATIONrelu_ap_fixed_16_5_,conv,vitis,csynth,,71,5,5799,10668,1824,2520,548160,274080,3.8925,0.1984,1.0579,3.8923,7789035,56859955.5,,7.3,,,,,,,,
config_CIN32_HIN28_WIN28_COUT16_K3_UFCIN1_UFCOU4_PAD1_STRIDE1_BIASFalse_group_conv2d_GROUPS2_ACTIVATIONsigmoid_ap_fixed_16_5_,conv,vitis,csynth,,71,8,7694,12213,1824,2520,548160,274080,3.8925,0.3175,1.4036,4.456,7789064,56860167.199999996,,7.3,,,,,,,,
config_CIN32_HIN28_WIN28_COUT16_K3_UFCIN1_UFCOU4_PAD1_STRIDE1_BIASFalse_group_conv2d_GROUPS4_ACTIVATIONrelu_ap_fixed_16_5_,conv,vitis,csynth,,71,5,5334,10067,1824,2520,548160,274080,3.8925,0.1984,0.9731,3.673,15535071,113406018.3,,7.3,,,,,,,,
config_CIN32_HIN28_WIN28_COUT16_K3_UFCIN1_UFCOU4_PAD1_STRIDE1_BIASFalse_group_conv2d_GROUPS4_ACTIVATIONsigmoid_ap_fixed_16_5_,conv,vitis,csynth,,71,8,7229,11612,1824,2520,548160,274080,3.8925,0.3175,1.3188,4.2367,15535100,113406230.0,,7.3,,,,,,,,
config_CIN32_HIN28_WIN28_COUT16_K3_UFCIN1_UFCOU4_PAD1_STRIDE1_BIASTrue_conv2d_ACTIVATIONrelu_ap_fixed_16_5_,conv,vitis,csynth,,71,5,5365,10286,1824,2520,548160,274080,3.8925,0.1984,0.9787,3.7529,1030140,7520022.0,,7.3,,,,,,,,
config_CIN32_HIN28_WIN28_COUT16_K3_UFCIN1_UFCOU4_PAD1_STRIDE1_BIASTrue_conv2d_ACTIVATIONsigmoid_ap_fixed_16_5_,conv,vitis,csynth,,71,8,7260,11835,1824,2520,548160,274080,3.8925,0.3175,1.3244,4.3181,1030169,7520233.7,,7.3,,,,,,,,
config_CIN32_HIN28_WIN28_COUT16_K3_UFCIN1_UFCOU4_PAD1_STRIDE1_BIASTrue_group_conv2d_GROUPS2_ACTIVATIONrelu_ap_fixed_16_5_,conv,vitis,csynth,,71,5,5975,10989,1824,2520,548160,274080,3.8925,0.1984,1.09,4.0094,7789064,56860167.199999996,,7.3,,,,,,,,
config_CIN32_HIN28_WIN28_COUT16_K3_UFCIN1_UFCOU4_PAD1_STRIDE1_BIASTrue_group_conv2d_GROUPS2_ACTIVATIONsigmoid_ap_fixed_16_5_,conv,vitis,csynth,,71,8,7870,12538,1824,2520,548160,274080,3.8925,0.3175,1.4357,4.5746,7789093,56860378.9,,7.3,,,,,,,,
config_CIN32_HIN28_WIN28_COUT16_K3_UFCIN1_UFCOU4_PAD1_STRIDE1_BIASTrue_group_conv2d_GROUPS4_ACTIVATIONrelu_ap_fixed_16_5_,conv,vitis,csynth,,71,5,5510,10388,1824,2520,548160,274080,3.8925,0.1984,1.0052,3.7901,15535100,113406230.0,,7.3,,,,,,,,
config_CIN32_HIN28_WIN28_COUT16_K3_UFCIN1_UFCOU4_PAD1_STRIDE1_BIASTrue_group_conv2d_GROUPS4_ACTIVATIONsigmoid_ap_fixed_16_5_,conv,vitis,csynth,,71,8,7405,11937,1824,2520,548160,274080,3.8925,0.3175,1.3509,4.3553,15535129,113406441.7,,7.3,,,,,,,,
config_CIN32_HIN28_WIN28_COUT16_K3_UFCIN1_UFCOU8_PAD1_STRIDE1_BIASFalse_conv2d_ACTIVATIONrelu_ap_fixed_16_5_,conv,vitis,csynth,,71,9,5391,10703,1824,2520,548160,274080,3.8925,0.3571,0.9835,3.9051,1021487,7456855.1,,7.3,,,,,,,,
config_CIN32_HIN28_WIN28_COUT16_K3_UFCIN1_UFCOU8_PAD1_STRIDE1_BIASFalse_conv2d_ACTIVATIONsigmoid_ap_fixed_16_5_,conv,vitis,csynth,,71,12,7158,12184,1824,2520,548160,274080,3.8925,0.4762,1.3058,4.4454,1021516,7457066.8,,7.3,,,,,,,,
config_CIN32_HIN28_WIN28_COUT16_K3_UFCIN1_UFCOU8_PAD1_STRIDE1_BIASFalse_group_conv2d_GROUPS2_ACTIVATIONrelu_ap_fixed_16_5_,conv,vitis,csynth,,71,9,5429,10754,1824,2520,548160,274080,3.8925,0.3571,0.9904,3.9237,15026923,109696537.89999999,,7.3,,,,,,,,
config_CIN32_HIN28_WIN28_COUT16_K3_UFCIN1_UFCOU8_PAD1_STRIDE1_BIASFalse_group_conv2d_GROUPS2_ACTIVATIONsigmoid_ap_fixed_16_5_,conv,vitis,csynth,,71,12,7196,12235,1824,2520,548160,274080,3.8925,0.4762,1.3128,4.464,15026952,109696749.6,,7.3,,,,,,,,
config_CIN32_HIN28_WIN28_COUT16_K3_UFCIN1_UFCOU8_PAD1_STRIDE1_BIASFalse_group_conv2d_GROUPS4_ACTIVATIONrelu_ap_fixed_16_5_,conv,vitis,csynth,,71,9,5670,12593,1824,2520,548160,274080,3.8925,0.3571,1.0344,4.5946,16408447,119781663.1,,7.3,,,,,,,,
config_CIN32_HIN28_WIN28_COUT16_K3_UFCIN1_UFCOU8_PAD1_STRIDE1_BIASFalse_group_conv2d_GROUPS4_ACTIVATIONsigmoid_ap_fixed_16_5_,conv,vitis,csynth,,71,12,7437,14074,1824,2520,548160,274080,3.8925,0.4762,1.3567,5.135,16408476,119781874.8,,7.3,,,,,,,,
config_CIN32_HIN28_WIN28_COUT16_K3_UFCIN1_UFCOU8_PAD1_STRIDE1_BIASTrue_conv2d_ACTIVATIONrelu_ap_fixed_16_5_,conv,vitis,csynth,,71,9,5630,11176,1824,2520,548160,274080,3.8925,0.3571,1.0271,4.0776,1021516,7457066.8,,7.3,,,,,,,,
config_CIN32_HIN28_WIN28_COUT16_K3_UFCIN1_UFCOU8_PAD1_STRIDE1_BIASTrue_conv2d_ACTIVATIONsigmoid_ap_fixed_16_5_,conv,vitis,csynth,,71,12,7397,12661,1824,2520,548160,274080,3.8925,0.4762,1.3494,4.6195,1021545,7457278.5,,7.3,,,,,,,,
config_CIN32_HIN28_WIN28_COUT16_K3_UFCIN1_UFCOU8_PAD1_STRIDE1_BIASTrue_group_conv2d_GROUPS2_ACTIVATIONrelu_ap_fixed_16_5_,conv,vitis,csynth,,71,9,5668,11227,1824,2520,548160,274080,3.8925,0.3571,1.034,4.0962,15026952,109696749.6,,7.3,,,,,,,,
config_CIN32_HIN28_WIN28_COUT16_K3_UFCIN1_UFCOU8_PAD1_STRIDE1_BIASTrue_group_conv2d_GROUPS2_ACTIVATIONsigmoid_ap_fixed_16_5_,conv,vitis,csynth,,71,12,7435,12712,1824,2520,548160,274080,3.8925,0.4762,1.3564,4.6381,15026981,109696961.3,,7.3,,,,,,,,
config_CIN32_HIN28_WIN28_COUT16_K3_UFCIN1_UFCOU8_PAD1_STRIDE1_BIASTrue_group_conv2d_GROUPS4_ACTIVATIONrelu_ap_fixed_16_5_,conv,vitis,csynth,,71,9,5909,13066,1824,2520,548160,274080,3.8925,0.3571,1.078,4.7672,16408476,119781874.8,,7.3,,,,,,,,
config_CIN32_HIN28_WIN28_COUT16_K3_UFCIN1_UFCOU8_PAD1_STRIDE1_BIASTrue_group_conv2d_GROUPS4_ACTIVATIONsigmoid_ap_fixed_16_5_,conv,vitis,csynth,,71,12,7676,14551,1824,2520,548160,274080,3.8925,0.4762,1.4003,5.309,16408505,119782086.5,,7.3,,,,,,,,
config_CIN32_HIN28_WIN28_COUT16_K3_UFCIN4_UFCOU1_PAD1_STRIDE1_BIASFalse_conv2d_ACTIVATIONrelu_ap_fixed_16_5_,conv,vitis,csynth,,75,5,5444,10092,1824,2520,548160,274080,4.1118,0.1984,0.9931,3.6821,5350735,39060365.5,,7.3,,,,,,,,
config_CIN32_HIN28_WIN28_COUT16_K3_UFCIN4_UFCOU1_PAD1_STRIDE1_BIASFalse_conv2d_ACTIVATIONsigmoid_ap_fixed_16_5_,conv,vitis,csynth,,75,8,7147,11541,1824,2520,548160,274080,4.1118,0.3175,1.3038,4.2108,5350764,39060577.199999996,,7.3,,,,,,,,
config_CIN32_HIN28_WIN28_COUT16_K3_UFCIN4_UFCOU1_PAD1_STRIDE1_BIASFalse_group_conv2d_GROUPS2_ACTIVATIONrelu_ap_fixed_16_5_,conv,vitis,csynth,,75,5,5587,10340,1824,2520,548160,274080,4.1118,0.1984,1.0192,3.7726,10719627,78253277.1,,7.3,,,,,,,,
config_CIN32_HIN28_WIN28_COUT16_K3_UFCIN4_UFCOU1_PAD1_STRIDE1_BIASFalse_group_conv2d_GROUPS2_ACTIVATIONsigmoid_ap_fixed_16_5_,conv,vitis,csynth,,75,8,7290,11789,1824,2520,548160,274080,4.1118,0.3175,1.3299,4.3013,10719656,78253488.8,,7.3,,,,,,,,
config_CIN32_HIN28_WIN28_COUT16_K3_UFCIN4_UFCOU1_PAD1_STRIDE1_BIASFalse_group_conv2d_GROUPS4_ACTIVATIONrelu_ap_fixed_16_5_,conv,vitis,csynth,,75,5,5590,10343,1824,2520,548160,274080,4.1118,0.1984,1.0198,3.7737,21358623,155917947.9,,7.3,,,,,,,,
config_CIN32_HIN28_WIN28_COUT16_K3_UFCIN4_UFCOU1_PAD1_STRIDE1_BIASFalse_group_conv2d_GROUPS4_ACTIVATIONsigmoid_ap_fixed_16_5_,conv,vitis,csynth,,75,8,7293,11792,1824,2520,548160,274080,4.1118,0.3175,1.3305,4.3024,21358652,155918159.6,,7.3,,,,,,,,
config_CIN32_HIN28_WIN28_COUT16_K3_UFCIN4_UFCOU1_PAD1_STRIDE1_BIASTrue_conv2d_ACTIVATIONrelu_ap_fixed_16_5_,conv,vitis,csynth,,75,5,5577,10302,1824,2520,548160,274080,4.1118,0.1984,1.0174,3.7588,5350764,39060577.199999996,,7.3,,,,,,,,
config_CIN32_HIN28_WIN28_COUT16_K3_UFCIN4_UFCOU1_PAD1_STRIDE1_BIASTrue_conv2d_ACTIVATIONsigmoid_ap_fixed_16_5_,conv,vitis,csynth,,75,8,7280,11755,1824,2520,548160,274080,4.1118,0.3175,1.3281,4.2889,5350793,39060788.9,,7.3,,,,,,,,
config_CIN32_HIN28_WIN28_COUT16_K3_UFCIN4_UFCOU1_PAD1_STRIDE1_BIASTrue_group_conv2d_GROUPS2_ACTIVATIONrelu_ap_fixed_16_5_,conv,vitis,csynth,,75,5,5720,10550,1824,2520,548160,274080,4.1118,0.1984,1.0435,3.8492,10719656,78253488.8,,7.3,,,,,,,,
config_CIN32_HIN28_WIN28_COUT16_K3_UFCIN4_UFCOU1_PAD1_STRIDE1_BIASTrue_group_conv2d_GROUPS2_ACTIVATIONsigmoid_ap_fixed_16_5_,conv,vitis,csynth,,75,8,7423,12003,1824,2520,548160,274080,4.1118,0.3175,1.3542,4.3794,10719685,78253700.5,,7.3,,,,,,,,
config_CIN32_HIN28_WIN28_COUT16_K3_UFCIN4_UFCOU1_PAD1_STRIDE1_BIASTrue_group_conv2d_GROUPS4_ACTIVATIONrelu_ap_fixed_16_5_,conv,vitis,csynth,,75,5,5723,10553,1824,2520,548160,274080,4.1118,0.1984,1.044,3.8503,21358652,155918159.6,,7.3,,,,,,,,
config_CIN32_HIN28_WIN28_COUT16_K3_UFCIN4_UFCOU1_PAD1_STRIDE1_BIASTrue_group_conv2d_GROUPS4_ACTIVATIONsigmoid_ap_fixed_16_5_,conv,vitis,csynth,,75,8,7426,12006,1824,2520,548160,274080,4.1118,0.3175,1.3547,4.3805,21358681,155918371.29999998,,7.3,,,,,,,,
config_CIN32_HIN28_WIN28_COUT16_K3_UFCIN4_UFCOU4_PAD1_STRIDE1_BIASFalse_conv2d_ACTIVATIONrelu_ap_fixed_16_5_,conv,vitis,csynth,,83,17,5757,11443,1824,2520,548160,274080,4.5504,0.6746,1.0502,4.1751,2631823,19212307.9,,7.3,,,,,,,,
config_CIN32_HIN28_WIN28_COUT16_K3_UFCIN4_UFCOU4_PAD1_STRIDE1_BIASFalse_conv2d_ACTIVATIONsigmoid_ap_fixed_16_5_,conv,vitis,csynth,,83,20,7652,12988,1824,2520,548160,274080,4.5504,0.7937,1.3959,4.7388,2631852,19212519.599999998,,7.3,,,,,,,,
config_CIN32_HIN28_WIN28_COUT16_K3_UFCIN4_UFCOU4_PAD1_STRIDE1_BIASFalse_group_conv2d_GROUPS2_ACTIVATIONrelu_ap_fixed_16_5_,conv,vitis,csynth,,83,17,7589,13836,1824,2520,548160,274080,4.5504,0.6746,1.3844,5.0482,6871755,50163811.5,,7.3,,,,,,,,
config_CIN32_HIN28_WIN28_COUT16_K3_UFCIN4_UFCOU4_PAD1_STRIDE1_BIASFalse_group_conv2d_GROUPS2_ACTIVATIONsigmoid_ap_fixed_16_5_,conv,vitis,csynth,,83,20,9484,15381,1824,2520,548160,274080,4.5504,0.7937,1.7302,5.6119,6871784,50164023.199999996,,7.3,,,,,,,,
config_CIN32_HIN28_WIN28_COUT16_K3_UFCIN4_UFCOU4_PAD1_STRIDE1_BIASFalse_group_conv2d_GROUPS4_ACTIVATIONrelu_ap_fixed_16_5_,conv,vitis,csynth,,83,17,5629,10852,1824,2520,548160,274080,4.5504,0.6746,1.0269,3.9594,7406559,54067880.699999996,,7.3,,,,,,,,
config_CIN32_HIN28_WIN28_COUT16_K3_UFCIN4_UFCOU4_PAD1_STRIDE1_BIASFalse_group_conv2d_GROUPS4_ACTIVATIONsigmoid_ap_fixed_16_5_,conv,vitis,csynth,,83,20,7524,12397,1824,2520,548160,274080,4.5504,0.7937,1.3726,4.5231,7406588,54068092.4,,7.3,,,,,,,,
config_CIN32_HIN28_WIN28_COUT16_K3_UFCIN4_UFCOU4_PAD1_STRIDE1_BIASTrue_conv2d_ACTIVATIONrelu_ap_fixed_16_5_,conv,vitis,csynth,,83,17,5933,11764,1824,2520,548160,274080,4.5504,0.6746,1.0823,4.2922,2631852,19212519.599999998,,7.3,,,,,,,,
config_CIN32_HIN28_WIN28_COUT16_K3_UFCIN4_UFCOU4_PAD1_STRIDE1_BIASTrue_conv2d_ACTIVATIONsigmoid_ap_fixed_16_5_,conv,vitis,csynth,,83,20,7828,13313,1824,2520,548160,274080,4.5504,0.7937,1.4281,4.8573,2631881,19212731.3,,7.3,,,,,,,,
config_CIN32_HIN28_WIN28_COUT16_K3_UFCIN4_UFCOU4_PAD1_STRIDE1_BIASTrue_group_conv2d_GROUPS2_ACTIVATIONrelu_ap_fixed_16_5_,conv,vitis,csynth,,83,17,7765,14157,1824,2520,548160,274080,4.5504,0.6746,1.4166,5.1653,6871784,50164023.199999996,,7.3,,,,,,,,
config_CIN32_HIN28_WIN28_COUT16_K3_UFCIN4_UFCOU4_PAD1_STRIDE1_BIASTrue_group_conv2d_GROUPS2_ACTIVATIONsigmoid_ap_fixed_16_5_,conv,vitis,csynth,,83,20,9660,15706,1824,2520,548160,274080,4.5504,0.7937,1.7623,5.7304,6871813,50164234.9,,7.3,,,,,,,,
config_CIN32_HIN28_WIN28_COUT16_K3_UFCIN4_UFCOU4_PAD1_STRIDE1_BIASTrue_group_conv2d_GROUPS4_ACTIVATIONrelu_ap_fixed_16_5_,conv,vitis,csynth,,83,17,5805,11173,1824,2520,548160,274080,4.5504,0.6746,1.059,4.0765,7406588,54068092.4,,7.3,,,,,,,,
config_CIN32_HIN28_WIN28_COUT16_K3_UFCIN4_UFCOU4_PAD1_STRIDE1_BIASTrue_group_conv2d_GROUPS4_ACTIVATIONsigmoid_ap_fixed_16_5_,conv,vitis,csynth,,83,20,7700,12722,1824,2520,548160,274080,4.5504,0.7937,1.4047,4.6417,7406617,54068304.1,,7.3,,,,,,,,
config_CIN32_HIN28_WIN28_COUT16_K3_UFCIN4_UFCOU8_PAD1_STRIDE1_BIASFalse_conv2d_ACTIVATIONrelu_ap_fixed_16_5_,conv,vitis,csynth,,99,33,6073,12998,1824,2520,548160,274080,5.4276,1.3095,1.1079,4.7424,2178671,15904298.299999999,,7.3,,,,,,,,
config_CIN32_HIN28_WIN28_COUT16_K3_UFCIN4_UFCOU8_PAD1_STRIDE1_BIASFalse_conv2d_ACTIVATIONsigmoid_ap_fixed_16_5_,conv,vitis,csynth,,99,36,7840,14479,1824,2520,548160,274080,5.4276,1.4286,1.4302,5.2828,2178700,15904510.0,,7.3,,,,,,,,
config_CIN32_HIN28_WIN28_COUT16_K3_UFCIN4_UFCOU8_PAD1_STRIDE1_BIASFalse_group_conv2d_GROUPS2_ACTIVATIONrelu_ap_fixed_16_5_,conv,vitis,csynth,,99,33,5961,12145,1824,2520,548160,274080,5.4276,1.3095,1.0875,4.4312,5769451,42116992.3,,7.3,,,,,,,,
config_CIN32_HIN28_WIN28_COUT16_K3_UFCIN4_UFCOU8_PAD1_STRIDE1_BIASFalse_group_conv2d_GROUPS2_ACTIVATIONsigmoid_ap_fixed_16_5_,conv,vitis,csynth,,99,36,7728,13626,1824,2520,548160,274080,5.4276,1.4286,1.4098,4.9715,5769480,42117204.0,,7.3,,,,,,,,
config_CIN32_HIN28_WIN28_COUT16_K3_UFCIN4_UFCOU8_PAD1_STRIDE1_BIASFalse_group_conv2d_GROUPS4_ACTIVATIONrelu_ap_fixed_16_5_,conv,vitis,csynth,,99,21,6268,14738,1824,2520,548160,274080,5.4276,0.8333,1.1435,5.3773,18976831,138530866.29999998,,7.3,,,,,,,,
config_CIN32_HIN28_WIN28_COUT16_K3_UFCIN4_UFCOU8_PAD1_STRIDE1_BIASFalse_group_conv2d_GROUPS4_ACTIVATIONsigmoid_ap_fixed_16_5_,conv,vitis,csynth,,99,24,8035,16219,1824,2520,548160,274080,5.4276,0.9524,1.4658,5.9176,18976860,138531078.0,,7.3,,,,,,,,
config_CIN32_HIN28_WIN28_COUT16_K3_UFCIN4_UFCOU8_PAD1_STRIDE1_BIASTrue_conv2d_ACTIVATIONrelu_ap_fixed_16_5_,conv,vitis,csynth,,99,33,6312,13471,1824,2520,548160,274080,5.4276,1.3095,1.1515,4.915,2178700,15904510.0,,7.3,,,,,,,,
config_CIN32_HIN28_WIN28_COUT16_K3_UFCIN4_UFCOU8_PAD1_STRIDE1_BIASTrue_conv2d_ACTIVATIONsigmoid_ap_fixed_16_5_,conv,vitis,csynth,,99,36,8079,14956,1824,2520,548160,274080,5.4276,1.4286,1.4738,5.4568,2178729,15904721.7,,7.3,,,,,,,,
config_CIN32_HIN28_WIN28_COUT16_K3_UFCIN4_UFCOU8_PAD1_STRIDE1_BIASTrue_group_conv2d_GROUPS2_ACTIVATIONrelu_ap_fixed_16_5_,conv,vitis,csynth,,99,33,6200,12618,1824,2520,548160,274080,5.4276,1.3095,1.1311,4.6038,5769480,42117204.0,,7.3,,,,,,,,
config_CIN32_HIN28_WIN28_COUT16_K3_UFCIN4_UFCOU8_PAD1_STRIDE1_BIASTrue_group_conv2d_GROUPS2_ACTIVATIONsigmoid_ap_fixed_16_5_,conv,vitis,csynth,,99,36,7967,14103,1824,2520,548160,274080,5.4276,1.4286,1.4534,5.1456,5769509,42117415.699999996,,7.3,,,,,,,,
config_CIN32_HIN28_WIN28_COUT16_K3_UFCIN4_UFCOU8_PAD1_STRIDE1_BIASTrue_group_conv2d_GROUPS4_ACTIVATIONrelu_ap_fixed_16_5_,conv,vitis,csynth,,99,21,6507,15211,1824,2520,548160,274080,5.4276,0.8333,1.1871,5.5498,18976860,138531078.0,,7.3,,,,,,,,
config_CIN32_HIN28_WIN28_COUT16_K3_UFCIN4_UFCOU8_PAD1_STRIDE1_BIASTrue_group_conv2d_GROUPS4_ACTIVATIONsigmoid_ap_fixed_16_5_,conv,vitis,csynth,,99,24,8274,16696,1824,2520,548160,274080,5.4276,0.9524,1.5094,6.0917,18976889,138531289.7,,7.3,,,,,,,,
config_CIN32_HIN28_WIN28_COUT16_K3_UFCIN8_UFCOU1_PAD1_STRIDE1_BIASFalse_conv2d_ACTIVATIONrelu_ap_fixed_16_5_,conv,vitis,csynth,,75,9,5885,11396,1824,2520,548160,274080,4.1118,0.3571,1.0736,4.1579,5322511,38854330.3,,7.3,,,,,,,,
config_CIN32_HIN28_WIN28_COUT16_K3_UFCIN8_UFCOU1_PAD1_STRIDE1_BIASFalse_conv2d_ACTIVATIONsigmoid_ap_fixed_16_5_,conv,vitis,csynth,,75,12,7588,12845,1824,2520,548160,274080,4.1118,0.4762,1.3843,4.6866,5322540,38854542.0,,7.3,,,,,,,,
config_CIN32_HIN28_WIN28_COUT16_K3_UFCIN8_UFCOU1_PAD1_STRIDE1_BIASFalse_group_conv2d_GROUPS2_ACTIVATIONrelu_ap_fixed_16_5_,conv,vitis,csynth,,75,9,6126,11745,1824,2520,548160,274080,4.1118,0.3571,1.1176,4.2852,10776075,78665347.5,,7.3,,,,,,,,
config_CIN32_HIN28_WIN28_COUT16_K3_UFCIN8_UFCOU1_PAD1_STRIDE1_BIASFalse_group_conv2d_GROUPS2_ACTIVATIONsigmoid_ap_fixed_16_5_,conv,vitis,csynth,,75,12,7829,13194,1824,2520,548160,274080,4.1118,0.4762,1.4282,4.8139,10776104,78665559.2,,7.3,,,,,,,,
config_CIN32_HIN28_WIN28_COUT16_K3_UFCIN8_UFCOU1_PAD1_STRIDE1_BIASFalse_group_conv2d_GROUPS4_ACTIVATIONrelu_ap_fixed_16_5_,conv,vitis,csynth,,75,9,6138,11748,1824,2520,548160,274080,4.1118,0.3571,1.1197,4.2863,21471519,156742088.7,,7.3,,,,,,,,
config_CIN32_HIN28_WIN28_COUT16_K3_UFCIN8_UFCOU1_PAD1_STRIDE1_BIASFalse_group_conv2d_GROUPS4_ACTIVATIONsigmoid_ap_fixed_16_5_,conv,vitis,csynth,,75,12,7841,13197,1824,2520,548160,274080,4.1118,0.4762,1.4304,4.815,21471548,156742300.4,,7.3,,,,,,,,
config_CIN32_HIN28_WIN28_COUT16_K3_UFCIN8_UFCOU1_PAD1_STRIDE1_BIASTrue_conv2d_ACTIVATIONrelu_ap_fixed_16_5_,conv,vitis,csynth,,75,9,6018,11606,1824,2520,548160,274080,4.1118,0.3571,1.0979,4.2345,5322540,38854542.0,,7.3,,,,,,,,
config_CIN32_HIN28_WIN28_COUT16_K3_UFCIN8_UFCOU1_PAD1_STRIDE1_BIASTrue_conv2d_ACTIVATIONsigmoid_ap_fixed_16_5_,conv,vitis,csynth,,75,12,7721,13059,1824,2520,548160,274080,4.1118,0.4762,1.4085,4.7647,5322569,38854753.699999996,,7.3,,,,,,,,
config_CIN32_HIN28_WIN28_COUT16_K3_UFCIN8_UFCOU1_PAD1_STRIDE1_BIASTrue_group_conv2d_GROUPS2_ACTIVATIONrelu_ap_fixed_16_5_,conv,vitis,csynth,,75,9,6259,11955,1824,2520,548160,274080,4.1118,0.3571,1.1418,4.3619,10776104,78665559.2,,7.3,,,,,,,,
config_CIN32_HIN28_WIN28_COUT16_K3_UFCIN8_UFCOU1_PAD1_STRIDE1_BIASTrue_group_conv2d_GROUPS2_ACTIVATIONsigmoid_ap_fixed_16_5_,conv,vitis,csynth,,75,12,7962,13408,1824,2520,548160,274080,4.1118,0.4762,1.4525,4.892,10776133,78665770.89999999,,7.3,,,,,,,,
config_CIN32_HIN28_WIN28_COUT16_K3_UFCIN8_UFCOU1_PAD1_STRIDE1_BIASTrue_group_conv2d_GROUPS4_ACTIVATIONrelu_ap_fixed_16_5_,conv,vitis,csynth,,75,9,6271,11958,1824,2520,548160,274080,4.1118,0.3571,1.144,4.363,21471548,156742300.4,,7.3,,,,,,,,
config_CIN32_HIN28_WIN28_COUT16_K3_UFCIN8_UFCOU1_PAD1_STRIDE1_BIASTrue_group_conv2d_GROUPS4_ACTIVATIONsigmoid_ap_fixed_16_5_,conv,vitis,csynth,,75,12,7974,13411,1824,2520,548160,274080,4.1118,0.4762,1.4547,4.8931,21471577,156742512.1,,7.3,,,,,,,,
config_CIN32_HIN28_WIN28_COUT16_K3_UFCIN8_UFCOU4_PAD1_STRIDE1_BIASFalse_conv2d_ACTIVATIONrelu_ap_fixed_16_5_,conv,vitis,csynth,,99,33,6454,13489,1824,2520,548160,274080,5.4276,1.3095,1.1774,4.9216,2603599,19006272.7,,7.3,,,,,,,,
config_CIN32_HIN28_WIN28_COUT16_K3_UFCIN8_UFCOU4_PAD1_STRIDE1_BIASFalse_conv2d_ACTIVATIONsigmoid_ap_fixed_16_5_,conv,vitis,csynth,,99,36,8349,15034,1824,2520,548160,274080,5.4276,1.4286,1.5231,5.4853,2603628,19006484.4,,7.3,,,,,,,,
config_CIN32_HIN28_WIN28_COUT16_K3_UFCIN8_UFCOU4_PAD1_STRIDE1_BIASFalse_group_conv2d_GROUPS2_ACTIVATIONrelu_ap_fixed_16_5_,conv,vitis,csynth,,99,33,10128,18219,1824,2520,548160,274080,5.4276,1.3095,1.8476,6.6473,6815307,49751741.1,,7.3,,,,,,,,
config_CIN32_HIN28_WIN28_COUT16_K3_UFCIN8_UFCOU4_PAD1_STRIDE1_BIASFalse_group_conv2d_GROUPS2_ACTIVATIONsigmoid_ap_fixed_16_5_,conv,vitis,csynth,,99,36,12023,19764,1824,2520,548160,274080,5.4276,1.4286,2.1933,7.211,6815336,49751952.8,,7.3,,,,,,,,
config_CIN32_HIN28_WIN28_COUT16_K3_UFCIN8_UFCOU4_PAD1_STRIDE1_BIASFalse_group_conv2d_GROUPS4_ACTIVATIONrelu_ap_fixed_16_5_,conv,vitis,csynth,,99,33,6079,11801,1824,2520,548160,274080,5.4276,1.3095,1.109,4.3057,6390495,46650613.5,,7.3,,,,,,,,
config_CIN32_HIN28_WIN28_COUT16_K3_UFCIN8_UFCOU4_PAD1_STRIDE1_BIASFalse_group_conv2d_GROUPS4_ACTIVATIONsigmoid_ap_fixed_16_5_,conv,vitis,csynth,,99,36,7974,13346,1824,2520,548160,274080,5.4276,1.4286,1.4547,4.8694,6390524,46650825.199999996,,7.3,,,,,,,,
config_CIN32_HIN28_WIN28_COUT16_K3_UFCIN8_UFCOU4_PAD1_STRIDE1_BIASTrue_conv2d_ACTIVATIONrelu_ap_fixed_16_5_,conv,vitis,csynth,,99,33,6630,13810,1824,2520,548160,274080,5.4276,1.3095,1.2095,5.0387,2603628,19006484.4,,7.3,,,,,,,,
config_CIN32_HIN28_WIN28_COUT16_K3_UFCIN8_UFCOU4_PAD1_STRIDE1_BIASTrue_conv2d_ACTIVATIONsigmoid_ap_fixed_16_5_,conv,vitis,csynth,,99,36,8525,15359,1824,2520,548160,274080,5.4276,1.4286,1.5552,5.6038,2603657,19006696.099999998,,7.3,,,,,,,,
config_CIN32_HIN28_WIN28_COUT16_K3_UFCIN8_UFCOU4_PAD1_STRIDE1_BIASTrue_group_conv2d_GROUPS2_ACTIVATIONrelu_ap_fixed_16_5_,conv,vitis,csynth,,99,33,10304,18540,1824,2520,548160,274080,5.4276,1.3095,1.8797,6.7644,6815336,49751952.8,,7.3,,,,,,,,
config_CIN32_HIN28_WIN28_COUT16_K3_UFCIN8_UFCOU4_PAD1_STRIDE1_BIASTrue_group_conv2d_GROUPS2_ACTIVATIONsigmoid_ap_fixed_16_5_,conv,vitis,csynth,,99,36,12199,20089,1824,2520,548160,274080,5.4276,1.4286,2.2254,7.3296,6815365,49752164.5,,7.3,,,,,,,,
config_CIN32_HIN28_WIN28_COUT16_K3_UFCIN8_UFCOU4_PAD1_STRIDE1_BIASTrue_group_conv2d_GROUPS4_ACTIVATIONrelu_ap_fixed_16_5_,conv,vitis,csynth,,99,33,6255,12122,1824,2520,548160,274080,5.4276,1.3095,1.1411,4.4228,6390524,46650825.199999996,,7.3,,,,,,,,
config_CIN32_HIN28_WIN28_COUT16_K3_UFCIN8_UFCOU4_PAD1_STRIDE1_BIASTrue_group_conv2d_GROUPS4_ACTIVATIONsigmoid_ap_fixed_16_5_,conv,vitis,csynth,,99,36,8150,13671,1824,2520,548160,274080,5.4276,1.4286,1.4868,4.988,6390553,46651036.9,,7.3,,,,,,,,
config_CIN32_HIN28_WIN28_COUT16_K3_UFCIN8_UFCOU8_PAD1_STRIDE1_BIASFalse_conv2d_ACTIVATIONrelu_ap_fixed_16_5_,conv,vitis,csynth,,131,65,7082,16030,1824,2520,548160,274080,7.182,2.5794,1.292,5.8487,2150447,15698263.1,,7.3,,,,,,,,
config_CIN32_HIN28_WIN28_COUT16_K3_UFCIN8_UFCOU8_PAD1_STRIDE1_BIASFalse_conv2d_ACTIVATIONsigmoid_ap_fixed_16_5_,conv,vitis,csynth,,131,68,8849,17511,1824,2520,548160,274080,7.182,2.6984,1.6143,6.389,2150476,15698474.799999999,,7.3,,,,,,,,
config_CIN32_HIN28_WIN28_COUT16_K3_UFCIN8_UFCOU8_PAD1_STRIDE1_BIASFalse_group_conv2d_GROUPS2_ACTIVATIONrelu_ap_fixed_16_5_,conv,vitis,csynth,,131,65,6742,13782,1824,2520,548160,274080,7.182,2.5794,1.2299,5.0285,4358251,31815232.3,,7.3,,,,,,,,
config_CIN32_HIN28_WIN28_COUT16_K3_UFCIN8_UFCOU8_PAD1_STRIDE1_BIASFalse_group_conv2d_GROUPS2_ACTIVATIONsigmoid_ap_fixed_16_5_,conv,vitis,csynth,,131,68,8509,15263,1824,2520,548160,274080,7.182,2.6984,1.5523,5.5688,4358280,31815444.0,,7.3,,,,,,,,
config_CIN32_HIN28_WIN28_COUT16_K3_UFCIN8_UFCOU8_PAD1_STRIDE1_BIASFalse_group_conv2d_GROUPS4_ACTIVATIONrelu_ap_fixed_16_5_,conv,vitis,csynth,,131,37,6991,17542,1824,2520,548160,274080,7.182,1.4683,1.2754,6.4003,21460543,156661963.9,,7.3,,,,,,,,
config_CIN32_HIN28_WIN28_COUT16_K3_UFCIN8_UFCOU8_PAD1_STRIDE1_BIASFalse_group_conv2d_GROUPS4_ACTIVATIONsigmoid_ap_fixed_16_5_,conv,vitis,csynth,,131,40,8758,19023,1824,2520,548160,274080,7.182,1.5873,1.5977,6.9407,21460572,156662175.6,,7.3,,,,,,,,
config_CIN32_HIN28_WIN28_COUT16_K3_UFCIN8_UFCOU8_PAD1_STRIDE1_BIASTrue_conv2d_ACTIVATIONrelu_ap_fixed_16_5_,conv,vitis,csynth,,131,65,7321,16503,1824,2520,548160,274080,7.182,2.5794,1.3356,6.0212,2150476,15698474.799999999,,7.3,,,,,,,,
config_CIN32_HIN28_WIN28_COUT16_K3_UFCIN8_UFCOU8_PAD1_STRIDE1_BIASTrue_conv2d_ACTIVATIONsigmoid_ap_fixed_16_5_,conv,vitis,csynth,,131,68,9088,17988,1824,2520,548160,274080,7.182,2.6984,1.6579,6.563,2150505,15698686.5,,7.3,,,,,,,,
config_CIN32_HIN28_WIN28_COUT16_K3_UFCIN8_UFCOU8_PAD1_STRIDE1_BIASTrue_group_conv2d_GROUPS2_ACTIVATIONrelu_ap_fixed_16_5_,conv,vitis,csynth,,131,65,6981,14255,1824,2520,548160,274080,7.182,2.5794,1.2735,5.201,4358280,31815444.0,,7.3,,,,,,,,
config_CIN32_HIN28_WIN28_COUT16_K3_UFCIN8_UFCOU8_PAD1_STRIDE1_BIASTrue_group_conv2d_GROUPS2_ACTIVATIONsigmoid_ap_fixed_16_5_,conv,vitis,csynth,,131,68,8748,15740,1824,2520,548160,274080,7.182,2.6984,1.5959,5.7428,4358309,31815655.7,,7.3,,,,,,,,
config_CIN32_HIN28_WIN28_COUT16_K3_UFCIN8_UFCOU8_PAD1_STRIDE1_BIASTrue_group_conv2d_GROUPS4_ACTIVATIONrelu_ap_fixed_16_5_,conv,vitis,csynth,,131,37,7230,18015,1824,2520,548160,274080,7.182,1.4683,1.319,6.5729,21460572,156662175.6,,7.3,,,,,,,,
config_CIN32_HIN28_WIN28_COUT16_K3_UFCIN8_UFCOU8_PAD1_STRIDE1_BIASTrue_group_conv2d_GROUPS4_ACTIVATIONsigmoid_ap_fixed_16_5_,conv,vitis,csynth,,131,40,8997,19500,1824,2520,548160,274080,7.182,1.5873,1.6413,7.1147,21460601,156662387.29999998,,7.3,,,,,,,,
config_CIN32_HIN28_WIN28_COUT32_K1_UFCIN1_UFCOU1_PAD1_STRIDE1_BIASFalse_conv2d_ACTIVATIONrelu_ap_fixed_16_5_,conv,vitis,csynth,,92,2,5037,8829,1824,2520,548160,274080,5.0439,0.0794,0.9189,3.2213,1045774,7634150.2,,7.3,,,,,,,,
config_CIN32_HIN28_WIN28_COUT32_K1_UFCIN1_UFCOU1_PAD1_STRIDE1_BIASFalse_conv2d_ACTIVATIONsigmoid_ap_fixed_16_5_,conv,vitis,csynth,,92,5,6740,10281,1824,2520,548160,274080,5.0439,0.1984,1.2296,3.7511,1045803,7634361.899999999,,7.3,,,,,,,,
config_CIN32_HIN28_WIN28_COUT32_K1_UFCIN1_UFCOU1_PAD1_STRIDE1_BIASFalse_group_conv2d_GROUPS2_ACTIVATIONrelu_ap_fixed_16_5_,conv,vitis,csynth,,92,6,5441,9495,1824,2520,548160,274080,5.0439,0.2381,0.9926,3.4643,3815140,27850522.0,,7.3,,,,,,,,
config_CIN32_HIN28_WIN28_COUT32_K1_UFCIN1_UFCOU1_PAD1_STRIDE1_BIASFalse_group_conv2d_GROUPS2_ACTIVATIONsigmoid_ap_fixed_16_5_,conv,vitis,csynth,,92,9,7144,10948,1824,2520,548160,274080,5.0439,0.3571,1.3033,3.9945,3815169,27850733.7,,7.3,,,,,,,,
config_CIN32_HIN28_WIN28_COUT32_K1_UFCIN1_UFCOU1_PAD1_STRIDE1_BIASFalse_group_conv2d_GROUPS4_ACTIVATIONrelu_ap_fixed_16_5_,conv,vitis,csynth,,92,6,5444,9498,1824,2520,548160,274080,5.0439,0.2381,0.9931,3.4654,7512466,54841001.8,,7.3,,,,,,,,
config_CIN32_HIN28_WIN28_COUT32_K1_UFCIN1_UFCOU1_PAD1_STRIDE1_BIASFalse_group_conv2d_GROUPS4_ACTIVATIONsigmoid_ap_fixed_16_5_,conv,vitis,csynth,,92,9,7147,10951,1824,2520,548160,274080,5.0439,0.3571,1.3038,3.9955,7512495,54841213.5,,7.3,,,,,,,,
config_CIN32_HIN28_WIN28_COUT32_K1_UFCIN1_UFCOU1_PAD1_STRIDE1_BIASTrue_conv2d_ACTIVATIONrelu_ap_fixed_16_5_,conv,vitis,csynth,,92,2,5174,9045,1824,2520,548160,274080,5.0439,0.0794,0.9439,3.3001,1070779,7816686.7,,7.3,,,,,,,,
config_CIN32_HIN28_WIN28_COUT32_K1_UFCIN1_UFCOU1_PAD1_STRIDE1_BIASTrue_conv2d_ACTIVATIONsigmoid_ap_fixed_16_5_,conv,vitis,csynth,,92,5,6877,10498,1824,2520,548160,274080,5.0439,0.1984,1.2546,3.8303,1070808,7816898.399999999,,7.3,,,,,,,,
config_CIN32_HIN28_WIN28_COUT32_K1_UFCIN1_UFCOU1_PAD1_STRIDE1_BIASTrue_group_conv2d_GROUPS2_ACTIVATIONrelu_ap_fixed_16_5_,conv,vitis,csynth,,92,6,5578,9712,1824,2520,548160,274080,5.0439,0.2381,1.0176,3.5435,3840145,28033058.5,,7.3,,,,,,,,
config_CIN32_HIN28_WIN28_COUT32_K1_UFCIN1_UFCOU1_PAD1_STRIDE1_BIASTrue_group_conv2d_GROUPS2_ACTIVATIONsigmoid_ap_fixed_16_5_,conv,vitis,csynth,,92,9,7281,11165,1824,2520,548160,274080,5.0439,0.3571,1.3283,4.0736,3840174,28033270.2,,7.3,,,,,,,,
config_CIN32_HIN28_WIN28_COUT32_K1_UFCIN1_UFCOU1_PAD1_STRIDE1_BIASTrue_group_conv2d_GROUPS4_ACTIVATIONrelu_ap_fixed_16_5_,conv,vitis,csynth,,92,6,5581,9715,1824,2520,548160,274080,5.0439,0.2381,1.0181,3.5446,7537471,55023538.3,,7.3,,,,,,,,
config_CIN32_HIN28_WIN28_COUT32_K1_UFCIN1_UFCOU1_PAD1_STRIDE1_BIASTrue_group_conv2d_GROUPS4_ACTIVATIONsigmoid_ap_fixed_16_5_,conv,vitis,csynth,,92,9,7284,11168,1824,2520,548160,274080,5.0439,0.3571,1.3288,4.0747,7537500,55023750.0,,7.3,,,,,,,,
config_CIN32_HIN28_WIN28_COUT32_K1_UFCIN1_UFCOU4_PAD1_STRIDE1_BIASFalse_conv2d_ACTIVATIONrelu_ap_fixed_16_5_,conv,vitis,csynth,,97,5,5177,9651,1824,2520,548160,274080,5.318,0.1984,0.9444,3.5212,357935,2612925.5,,7.3,,,,,,,,
config_CIN32_HIN28_WIN28_COUT32_K1_UFCIN1_UFCOU4_PAD1_STRIDE1_BIASFalse_conv2d_ACTIVATIONsigmoid_ap_fixed_16_5_,conv,vitis,csynth,,97,8,7072,11196,1824,2520,548160,274080,5.318,0.3175,1.2901,4.0849,357964,2613137.1999999997,,7.3,,,,,,,,
config_CIN32_HIN28_WIN28_COUT32_K1_UFCIN1_UFCOU4_PAD1_STRIDE1_BIASFalse_group_conv2d_GROUPS2_ACTIVATIONrelu_ap_fixed_16_5_,conv,vitis,csynth,,97,21,6001,10860,1824,2520,548160,274080,5.318,0.8333,1.0948,3.9623,1053701,7692017.3,,7.3,,,,,,,,
config_CIN32_HIN28_WIN28_COUT32_K1_UFCIN1_UFCOU4_PAD1_STRIDE1_BIASFalse_group_conv2d_GROUPS2_ACTIVATIONsigmoid_ap_fixed_16_5_,conv,vitis,csynth,,97,24,7896,12405,1824,2520,548160,274080,5.318,0.9524,1.4405,4.5261,1053730,7692229.0,,7.3,,,,,,,,
config_CIN32_HIN28_WIN28_COUT32_K1_UFCIN1_UFCOU4_PAD1_STRIDE1_BIASFalse_group_conv2d_GROUPS4_ACTIVATIONrelu_ap_fixed_16_5_,conv,vitis,csynth,,97,21,6004,10863,1824,2520,548160,274080,5.318,0.8333,1.0953,3.9634,1986227,14499457.1,,7.3,,,,,,,,
config_CIN32_HIN28_WIN28_COUT32_K1_UFCIN1_UFCOU4_PAD1_STRIDE1_BIASFalse_group_conv2d_GROUPS4_ACTIVATIONsigmoid_ap_fixed_16_5_,conv,vitis,csynth,,97,24,7899,12408,1824,2520,548160,274080,5.318,0.9524,1.441,4.5271,1986256,14499668.799999999,,7.3,,,,,,,,
config_CIN32_HIN28_WIN28_COUT32_K1_UFCIN1_UFCOU4_PAD1_STRIDE1_BIASTrue_conv2d_ACTIVATIONrelu_ap_fixed_16_5_,conv,vitis,csynth,,97,5,5357,9978,1824,2520,548160,274080,5.318,0.1984,0.9773,3.6405,357980,2613254.0,,7.3,,,,,,,,
config_CIN32_HIN28_WIN28_COUT32_K1_UFCIN1_UFCOU4_PAD1_STRIDE1_BIASTrue_conv2d_ACTIVATIONsigmoid_ap_fixed_16_5_,conv,vitis,csynth,,97,8,7252,11527,1824,2520,548160,274080,5.318,0.3175,1.323,4.2057,358009,2613465.6999999997,,7.3,,,,,,,,
config_CIN32_HIN28_WIN28_COUT32_K1_UFCIN1_UFCOU4_PAD1_STRIDE1_BIASTrue_group_conv2d_GROUPS2_ACTIVATIONrelu_ap_fixed_16_5_,conv,vitis,csynth,,97,21,6181,11187,1824,2520,548160,274080,5.318,0.8333,1.1276,4.0817,1053746,7692345.8,,7.3,,,,,,,,
config_CIN32_HIN28_WIN28_COUT32_K1_UFCIN1_UFCOU4_PAD1_STRIDE1_BIASTrue_group_conv2d_GROUPS2_ACTIVATIONsigmoid_ap_fixed_16_5_,conv,vitis,csynth,,97,24,8076,12736,1824,2520,548160,274080,5.318,0.9524,1.4733,4.6468,1053775,7692557.5,,7.3,,,,,,,,
config_CIN32_HIN28_WIN28_COUT32_K1_UFCIN1_UFCOU4_PAD1_STRIDE1_BIASTrue_group_conv2d_GROUPS4_ACTIVATIONrelu_ap_fixed_16_5_,conv,vitis,csynth,,97,21,6184,11190,1824,2520,548160,274080,5.318,0.8333,1.1281,4.0827,1986272,14499785.6,,7.3,,,,,,,,
config_CIN32_HIN28_WIN28_COUT32_K1_UFCIN1_UFCOU4_PAD1_STRIDE1_BIASTrue_group_conv2d_GROUPS4_ACTIVATIONsigmoid_ap_fixed_16_5_,conv,vitis,csynth,,97,24,8079,12739,1824,2520,548160,274080,5.318,0.9524,1.4738,4.6479,1986301,14499997.299999999,,7.3,,,,,,,,
config_CIN32_HIN28_WIN28_COUT32_K1_UFCIN1_UFCOU8_PAD1_STRIDE1_BIASFalse_conv2d_ACTIVATIONrelu_ap_fixed_16_5_,conv,vitis,csynth,,101,9,5261,10426,1824,2520,548160,274080,5.5373,0.3571,0.9598,3.804,239135,1745685.5,,7.3,,,,,,,,
config_CIN32_HIN28_WIN28_COUT32_K1_UFCIN1_UFCOU8_PAD1_STRIDE1_BIASFalse_conv2d_ACTIVATIONsigmoid_ap_fixed_16_5_,conv,vitis,csynth,,101,12,7156,11971,1824,2520,548160,274080,5.5373,0.4762,1.3055,4.3677,239164,1745897.2,,7.3,,,,,,,,
config_CIN32_HIN28_WIN28_COUT32_K1_UFCIN1_UFCOU8_PAD1_STRIDE1_BIASFalse_group_conv2d_GROUPS2_ACTIVATIONrelu_ap_fixed_16_5_,conv,vitis,csynth,,101,21,6472,12039,1824,2520,548160,274080,5.5373,0.8333,1.1807,4.3925,589301,4301897.3,,7.3,,,,,,,,
config_CIN32_HIN28_WIN28_COUT32_K1_UFCIN1_UFCOU8_PAD1_STRIDE1_BIASFalse_group_conv2d_GROUPS2_ACTIVATIONsigmoid_ap_fixed_16_5_,conv,vitis,csynth,,101,24,8367,13584,1824,2520,548160,274080,5.5373,0.9524,1.5264,4.9562,589330,4302109.0,,7.3,,,,,,,,
config_CIN32_HIN28_WIN28_COUT32_K1_UFCIN1_UFCOU8_PAD1_STRIDE1_BIASFalse_group_conv2d_GROUPS4_ACTIVATIONrelu_ap_fixed_16_5_,conv,vitis,csynth,,101,9,5706,10615,1824,2520,548160,274080,5.5373,0.3571,1.0409,3.873,265423,1937587.9,,7.3,,,,,,,,
config_CIN32_HIN28_WIN28_COUT32_K1_UFCIN1_UFCOU8_PAD1_STRIDE1_BIASFalse_group_conv2d_GROUPS4_ACTIVATIONsigmoid_ap_fixed_16_5_,conv,vitis,csynth,,101,12,7601,12160,1824,2520,548160,274080,5.5373,0.4762,1.3866,4.4367,265452,1937799.5999999999,,7.3,,,,,,,,
config_CIN32_HIN28_WIN28_COUT32_K1_UFCIN1_UFCOU8_PAD1_STRIDE1_BIASTrue_conv2d_ACTIVATIONrelu_ap_fixed_16_5_,conv,vitis,csynth,,101,9,5504,10901,1824,2520,548160,274080,5.5373,0.3571,1.0041,3.9773,239180,1746014.0,,7.3,,,,,,,,
config_CIN32_HIN28_WIN28_COUT32_K1_UFCIN1_UFCOU8_PAD1_STRIDE1_BIASTrue_conv2d_ACTIVATIONsigmoid_ap_fixed_16_5_,conv,vitis,csynth,,101,12,7399,12450,1824,2520,548160,274080,5.5373,0.4762,1.3498,4.5425,239209,1746225.7,,7.3,,,,,,,,
config_CIN32_HIN28_WIN28_COUT32_K1_UFCIN1_UFCOU8_PAD1_STRIDE1_BIASTrue_group_conv2d_GROUPS2_ACTIVATIONrelu_ap_fixed_16_5_,conv,vitis,csynth,,101,21,6715,12514,1824,2520,548160,274080,5.5373,0.8333,1.225,4.5658,589346,4302225.8,,7.3,,,,,,,,
config_CIN32_HIN28_WIN28_COUT32_K1_UFCIN1_UFCOU8_PAD1_STRIDE1_BIASTrue_group_conv2d_GROUPS2_ACTIVATIONsigmoid_ap_fixed_16_5_,conv,vitis,csynth,,101,24,8610,14063,1824,2520,548160,274080,5.5373,0.9524,1.5707,5.131,589375,4302437.5,,7.3,,,,,,,,
config_CIN32_HIN28_WIN28_COUT32_K1_UFCIN1_UFCOU8_PAD1_STRIDE1_BIASTrue_group_conv2d_GROUPS4_ACTIVATIONrelu_ap_fixed_16_5_,conv,vitis,csynth,,101,9,5949,11090,1824,2520,548160,274080,5.5373,0.3571,1.0853,4.0463,265468,1937916.4,,7.3,,,,,,,,
config_CIN32_HIN28_WIN28_COUT32_K1_UFCIN1_UFCOU8_PAD1_STRIDE1_BIASTrue_group_conv2d_GROUPS4_ACTIVATIONsigmoid_ap_fixed_16_5_,conv,vitis,csynth,,101,12,7844,12639,1824,2520,548160,274080,5.5373,0.4762,1.431,4.6114,265497,1938128.0999999999,,7.3,,,,,,,,
config_CIN32_HIN28_WIN28_COUT32_K1_UFCIN4_UFCOU1_PAD1_STRIDE1_BIASFalse_conv2d_ACTIVATIONrelu_ap_fixed_16_5_,conv,vitis,csynth,,99,5,5447,9553,1824,2520,548160,274080,5.4276,0.1984,0.9937,3.4855,1275035,9307755.5,,7.3,,,,,,,,
config_CIN32_HIN28_WIN28_COUT32_K1_UFCIN4_UFCOU1_PAD1_STRIDE1_BIASFalse_conv2d_ACTIVATIONsigmoid_ap_fixed_16_5_,conv,vitis,csynth,,99,8,7150,11002,1824,2520,548160,274080,5.4276,0.3175,1.3044,4.0142,1275064,9307967.2,,7.3,,,,,,,,
config_CIN32_HIN28_WIN28_COUT32_K1_UFCIN4_UFCOU1_PAD1_STRIDE1_BIASFalse_group_conv2d_GROUPS2_ACTIVATIONrelu_ap_fixed_16_5_,conv,vitis,csynth,,99,5,5575,9749,1824,2520,548160,274080,5.4276,0.1984,1.017,3.557,2419899,17665262.7,,7.3,,,,,,,,
config_CIN32_HIN28_WIN28_COUT32_K1_UFCIN4_UFCOU1_PAD1_STRIDE1_BIASFalse_group_conv2d_GROUPS2_ACTIVATIONsigmoid_ap_fixed_16_5_,conv,vitis,csynth,,99,8,7278,11198,1824,2520,548160,274080,5.4276,0.3175,1.3277,4.0857,2419928,17665474.4,,7.3,,,,,,,,
config_CIN32_HIN28_WIN28_COUT32_K1_UFCIN4_UFCOU1_PAD1_STRIDE1_BIASFalse_group_conv2d_GROUPS4_ACTIVATIONrelu_ap_fixed_16_5_,conv,vitis,csynth,,99,5,5578,9752,1824,2520,548160,274080,5.4276,0.1984,1.0176,3.5581,4697023,34288267.9,,7.3,,,,,,,,
config_CIN32_HIN28_WIN28_COUT32_K1_UFCIN4_UFCOU1_PAD1_STRIDE1_BIASFalse_group_conv2d_GROUPS4_ACTIVATIONsigmoid_ap_fixed_16_5_,conv,vitis,csynth,,99,8,7281,11201,1824,2520,548160,274080,5.4276,0.3175,1.3283,4.0868,4697052,34288479.6,,7.3,,,,,,,,
config_CIN32_HIN28_WIN28_COUT32_K1_UFCIN4_UFCOU1_PAD1_STRIDE1_BIASTrue_conv2d_ACTIVATIONrelu_ap_fixed_16_5_,conv,vitis,csynth,,99,5,5584,9769,1824,2520,548160,274080,5.4276,0.1984,1.0187,3.5643,1275080,9308084.0,,7.3,,,,,,,,
config_CIN32_HIN28_WIN28_COUT32_K1_UFCIN4_UFCOU1_PAD1_STRIDE1_BIASTrue_conv2d_ACTIVATIONsigmoid_ap_fixed_16_5_,conv,vitis,csynth,,99,8,7287,11222,1824,2520,548160,274080,5.4276,0.3175,1.3294,4.0944,1275109,9308295.7,,7.3,,,,,,,,
config_CIN32_HIN28_WIN28_COUT32_K1_UFCIN4_UFCOU1_PAD1_STRIDE1_BIASTrue_group_conv2d_GROUPS2_ACTIVATIONrelu_ap_fixed_16_5_,conv,vitis,csynth,,99,5,5712,9965,1824,2520,548160,274080,5.4276,0.1984,1.042,3.6358,2419944,17665591.2,,7.3,,,,,,,,
config_CIN32_HIN28_WIN28_COUT32_K1_UFCIN4_UFCOU1_PAD1_STRIDE1_BIASTrue_group_conv2d_GROUPS2_ACTIVATIONsigmoid_ap_fixed_16_5_,conv,vitis,csynth,,99,8,7415,11418,1824,2520,548160,274080,5.4276,0.3175,1.3527,4.1659,2419973,17665802.9,,7.3,,,,,,,,
config_CIN32_HIN28_WIN28_COUT32_K1_UFCIN4_UFCOU1_PAD1_STRIDE1_BIASTrue_group_conv2d_GROUPS4_ACTIVATIONrelu_ap_fixed_16_5_,conv,vitis,csynth,,99,5,5715,9968,1824,2520,548160,274080,5.4276,0.1984,1.0426,3.6369,4697068,34288596.4,,7.3,,,,,,,,
config_CIN32_HIN28_WIN28_COUT32_K1_UFCIN4_UFCOU1_PAD1_STRIDE1_BIASTrue_group_conv2d_GROUPS4_ACTIVATIONsigmoid_ap_fixed_16_5_,conv,vitis,csynth,,99,8,7418,11421,1824,2520,548160,274080,5.4276,0.3175,1.3533,4.167,4697097,34288808.1,,7.3,,,,,,,,
config_CIN32_HIN28_WIN28_COUT32_K1_UFCIN4_UFCOU4_PAD1_STRIDE1_BIASFalse_conv2d_ACTIVATIONrelu_ap_fixed_16_5_,conv,vitis,csynth,,113,17,5773,10953,1824,2520,548160,274080,6.1952,0.6746,1.0532,3.9963,562235,4104315.5,,7.3,,,,,,,,
config_CIN32_HIN28_WIN28_COUT32_K1_UFCIN4_UFCOU4_PAD1_STRIDE1_BIASFalse_conv2d_ACTIVATIONsigmoid_ap_fixed_16_5_,conv,vitis,csynth,,113,20,7668,12498,1824,2520,548160,274080,6.1952,0.7937,1.3989,4.56,562264,4104527.1999999997,,7.3,,,,,,,,
config_CIN32_HIN28_WIN28_COUT32_K1_UFCIN4_UFCOU4_PAD1_STRIDE1_BIASFalse_group_conv2d_GROUPS2_ACTIVATIONrelu_ap_fixed_16_5_,conv,vitis,csynth,,113,17,7631,13323,1824,2520,548160,274080,6.1952,0.6746,1.3921,4.861,1419099,10359422.7,,7.3,,,,,,,,
config_CIN32_HIN28_WIN28_COUT32_K1_UFCIN4_UFCOU4_PAD1_STRIDE1_BIASFalse_group_conv2d_GROUPS2_ACTIVATIONsigmoid_ap_fixed_16_5_,conv,vitis,csynth,,113,20,9526,14868,1824,2520,548160,274080,6.1952,0.7937,1.7378,5.4247,1419128,10359634.4,,7.3,,,,,,,,
config_CIN32_HIN28_WIN28_COUT32_K1_UFCIN4_UFCOU4_PAD1_STRIDE1_BIASFalse_group_conv2d_GROUPS4_ACTIVATIONrelu_ap_fixed_16_5_,conv,vitis,csynth,,113,17,7634,13326,1824,2520,548160,274080,6.1952,0.6746,1.3927,4.8621,2717023,19834267.9,,7.3,,,,,,,,
config_CIN32_HIN28_WIN28_COUT32_K1_UFCIN4_UFCOU4_PAD1_STRIDE1_BIASFalse_group_conv2d_GROUPS4_ACTIVATIONsigmoid_ap_fixed_16_5_,conv,vitis,csynth,,113,20,9529,14871,1824,2520,548160,274080,6.1952,0.7937,1.7384,5.4258,2717052,19834479.599999998,,7.3,,,,,,,,
config_CIN32_HIN28_WIN28_COUT32_K1_UFCIN4_UFCOU4_PAD1_STRIDE1_BIASTrue_conv2d_ACTIVATIONrelu_ap_fixed_16_5_,conv,vitis,csynth,,113,17,5953,11280,1824,2520,548160,274080,6.1952,0.6746,1.086,4.1156,562280,4104644.0,,7.3,,,,,,,,
config_CIN32_HIN28_WIN28_COUT32_K1_UFCIN4_UFCOU4_PAD1_STRIDE1_BIASTrue_conv2d_ACTIVATIONsigmoid_ap_fixed_16_5_,conv,vitis,csynth,,113,20,7848,12829,1824,2520,548160,274080,6.1952,0.7937,1.4317,4.6808,562309,4104855.6999999997,,7.3,,,,,,,,
config_CIN32_HIN28_WIN28_COUT32_K1_UFCIN4_UFCOU4_PAD1_STRIDE1_BIASTrue_group_conv2d_GROUPS2_ACTIVATIONrelu_ap_fixed_16_5_,conv,vitis,csynth,,113,17,7811,13650,1824,2520,548160,274080,6.1952,0.6746,1.4249,4.9803,1419144,10359751.2,,7.3,,,,,,,,
config_CIN32_HIN28_WIN28_COUT32_K1_UFCIN4_UFCOU4_PAD1_STRIDE1_BIASTrue_group_conv2d_GROUPS2_ACTIVATIONsigmoid_ap_fixed_16_5_,conv,vitis,csynth,,113,20,9706,15199,1824,2520,548160,274080,6.1952,0.7937,1.7707,5.5455,1419173,10359962.9,,7.3,,,,,,,,
config_CIN32_HIN28_WIN28_COUT32_K1_UFCIN4_UFCOU4_PAD1_STRIDE1_BIASTrue_group_conv2d_GROUPS4_ACTIVATIONrelu_ap_fixed_16_5_,conv,vitis,csynth,,113,17,7814,13653,1824,2520,548160,274080,6.1952,0.6746,1.4255,4.9814,2717068,19834596.4,,7.3,,,,,,,,
config_CIN32_HIN28_WIN28_COUT32_K1_UFCIN4_UFCOU4_PAD1_STRIDE1_BIASTrue_group_conv2d_GROUPS4_ACTIVATIONsigmoid_ap_fixed_16_5_,conv,vitis,csynth,,113,20,9709,15202,1824,2520,548160,274080,6.1952,0.7937,1.7712,5.5466,2717097,19834808.099999998,,7.3,,,,,,,,
config_CIN32_HIN28_WIN28_COUT32_K1_UFCIN4_UFCOU8_PAD1_STRIDE1_BIASFalse_conv2d_ACTIVATIONrelu_ap_fixed_16_5_,conv,vitis,csynth,,97,33,6628,12858,1824,2520,548160,274080,5.318,1.3095,1.2091,4.6913,443435,3237075.5,,7.3,,,,,,,,
config_CIN32_HIN28_WIN28_COUT32_K1_UFCIN4_UFCOU8_PAD1_STRIDE1_BIASFalse_conv2d_ACTIVATIONsigmoid_ap_fixed_16_5_,conv,vitis,csynth,,97,36,8523,14403,1824,2520,548160,274080,5.318,1.4286,1.5548,5.255,443464,3237287.1999999997,,7.3,,,,,,,,
config_CIN32_HIN28_WIN28_COUT32_K1_UFCIN4_UFCOU8_PAD1_STRIDE1_BIASFalse_group_conv2d_GROUPS2_ACTIVATIONrelu_ap_fixed_16_5_,conv,vitis,csynth,,97,33,10045,16894,1824,2520,548160,274080,5.318,1.3095,1.8325,6.1639,954699,6969302.7,,7.3,,,,,,,,
config_CIN32_HIN28_WIN28_COUT32_K1_UFCIN4_UFCOU8_PAD1_STRIDE1_BIASFalse_group_conv2d_GROUPS2_ACTIVATIONsigmoid_ap_fixed_16_5_,conv,vitis,csynth,,97,36,11940,18439,1824,2520,548160,274080,5.318,1.4286,2.1782,6.7276,954728,6969514.399999999,,7.3,,,,,,,,
config_CIN32_HIN28_WIN28_COUT32_K1_UFCIN4_UFCOU8_PAD1_STRIDE1_BIASFalse_group_conv2d_GROUPS4_ACTIVATIONrelu_ap_fixed_16_5_,conv,vitis,csynth,,97,33,7433,11968,1824,2520,548160,274080,5.318,1.3095,1.356,4.3666,279823,2042707.9,,7.3,,,,,,,,
config_CIN32_HIN28_WIN28_COUT32_K1_UFCIN4_UFCOU8_PAD1_STRIDE1_BIASFalse_group_conv2d_GROUPS4_ACTIVATIONsigmoid_ap_fixed_16_5_,conv,vitis,csynth,,97,36,9328,13513,1824,2520,548160,274080,5.318,1.4286,1.7017,4.9303,279852,2042919.5999999999,,7.3,,,,,,,,
config_CIN32_HIN28_WIN28_COUT32_K1_UFCIN4_UFCOU8_PAD1_STRIDE1_BIASTrue_conv2d_ACTIVATIONrelu_ap_fixed_16_5_,conv,vitis,csynth,,97,33,6871,13333,1824,2520,548160,274080,5.318,1.3095,1.2535,4.8646,443480,3237404.0,,7.3,,,,,,,,
config_CIN32_HIN28_WIN28_COUT32_K1_UFCIN4_UFCOU8_PAD1_STRIDE1_BIASTrue_conv2d_ACTIVATIONsigmoid_ap_fixed_16_5_,conv,vitis,csynth,,97,36,8766,14882,1824,2520,548160,274080,5.318,1.4286,1.5992,5.4298,443509,3237615.6999999997,,7.3,,,,,,,,
config_CIN32_HIN28_WIN28_COUT32_K1_UFCIN4_UFCOU8_PAD1_STRIDE1_BIASTrue_group_conv2d_GROUPS2_ACTIVATIONrelu_ap_fixed_16_5_,conv,vitis,csynth,,97,33,10288,17369,1824,2520,548160,274080,5.318,1.3095,1.8768,6.3372,954744,6969631.2,,7.3,,,,,,,,
config_CIN32_HIN28_WIN28_COUT32_K1_UFCIN4_UFCOU8_PAD1_STRIDE1_BIASTrue_group_conv2d_GROUPS2_ACTIVATIONsigmoid_ap_fixed_16_5_,conv,vitis,csynth,,97,36,12183,18918,1824,2520,548160,274080,5.318,1.4286,2.2225,6.9024,954773,6969842.899999999,,7.3,,,,,,,,
config_CIN32_HIN28_WIN28_COUT32_K1_UFCIN4_UFCOU8_PAD1_STRIDE1_BIASTrue_group_conv2d_GROUPS4_ACTIVATIONrelu_ap_fixed_16_5_,conv,vitis,csynth,,97,33,7676,12443,1824,2520,548160,274080,5.318,1.3095,1.4003,4.5399,279868,2043036.4,,7.3,,,,,,,,
config_CIN32_HIN28_WIN28_COUT32_K1_UFCIN4_UFCOU8_PAD1_STRIDE1_BIASTrue_group_conv2d_GROUPS4_ACTIVATIONsigmoid_ap_fixed_16_5_,conv,vitis,csynth,,97,36,9571,13992,1824,2520,548160,274080,5.318,1.4286,1.746,5.1051,279897,2043248.0999999999,,7.3,,,,,,,,
config_CIN32_HIN28_WIN28_COUT32_K1_UFCIN8_UFCOU1_PAD1_STRIDE1_BIASFalse_conv2d_ACTIVATIONrelu_ap_fixed_16_5_,conv,vitis,csynth,,103,9,5920,10557,1824,2520,548160,274080,5.6469,0.3571,1.08,3.8518,1271435,9281475.5,,7.3,,,,,,,,
config_CIN32_HIN28_WIN28_COUT32_K1_UFCIN8_UFCOU1_PAD1_STRIDE1_BIASFalse_conv2d_ACTIVATIONsigmoid_ap_fixed_16_5_,conv,vitis,csynth,,103,12,7623,12006,1824,2520,548160,274080,5.6469,0.4762,1.3907,4.3805,1271464,9281687.2,,7.3,,,,,,,,
config_CIN32_HIN28_WIN28_COUT32_K1_UFCIN8_UFCOU1_PAD1_STRIDE1_BIASFalse_group_conv2d_GROUPS2_ACTIVATIONrelu_ap_fixed_16_5_,conv,vitis,csynth,,103,9,6134,10863,1824,2520,548160,274080,5.6469,0.3571,1.119,3.9634,2427099,17717822.7,,7.3,,,,,,,,
config_CIN32_HIN28_WIN28_COUT32_K1_UFCIN8_UFCOU1_PAD1_STRIDE1_BIASFalse_group_conv2d_GROUPS2_ACTIVATIONsigmoid_ap_fixed_16_5_,conv,vitis,csynth,,103,12,7837,12312,1824,2520,548160,274080,5.6469,0.4762,1.4297,4.4921,2427128,17718034.4,,7.3,,,,,,,,
config_CIN32_HIN28_WIN28_COUT32_K1_UFCIN8_UFCOU1_PAD1_STRIDE1_BIASFalse_group_conv2d_GROUPS4_ACTIVATIONrelu_ap_fixed_16_5_,conv,vitis,csynth,,103,9,6146,10866,1824,2520,548160,274080,5.6469,0.3571,1.1212,3.9645,4711423,34393387.9,,7.3,,,,,,,,
config_CIN32_HIN28_WIN28_COUT32_K1_UFCIN8_UFCOU1_PAD1_STRIDE1_BIASFalse_group_conv2d_GROUPS4_ACTIVATIONsigmoid_ap_fixed_16_5_,conv,vitis,csynth,,103,12,7849,12315,1824,2520,548160,274080,5.6469,0.4762,1.4319,4.4932,4711452,34393599.6,,7.3,,,,,,,,
config_CIN32_HIN28_WIN28_COUT32_K1_UFCIN8_UFCOU1_PAD1_STRIDE1_BIASTrue_conv2d_ACTIVATIONrelu_ap_fixed_16_5_,conv,vitis,csynth,,103,9,6057,10773,1824,2520,548160,274080,5.6469,0.3571,1.105,3.9306,1271480,9281804.0,,7.3,,,,,,,,
config_CIN32_HIN28_WIN28_COUT32_K1_UFCIN8_UFCOU1_PAD1_STRIDE1_BIASTrue_conv2d_ACTIVATIONsigmoid_ap_fixed_16_5_,conv,vitis,csynth,,103,12,7760,12226,1824,2520,548160,274080,5.6469,0.4762,1.4156,4.4607,1271509,9282015.7,,7.3,,,,,,,,
config_CIN32_HIN28_WIN28_COUT32_K1_UFCIN8_UFCOU1_PAD1_STRIDE1_BIASTrue_group_conv2d_GROUPS2_ACTIVATIONrelu_ap_fixed_16_5_,conv,vitis,csynth,,103,9,6271,11079,1824,2520,548160,274080,5.6469,0.3571,1.144,4.0423,2427144,17718151.2,,7.3,,,,,,,,
config_CIN32_HIN28_WIN28_COUT32_K1_UFCIN8_UFCOU1_PAD1_STRIDE1_BIASTrue_group_conv2d_GROUPS2_ACTIVATIONsigmoid_ap_fixed_16_5_,conv,vitis,csynth,,103,12,7974,12532,1824,2520,548160,274080,5.6469,0.4762,1.4547,4.5724,2427173,17718362.9,,7.3,,,,,,,,
config_CIN32_HIN28_WIN28_COUT32_K1_UFCIN8_UFCOU1_PAD1_STRIDE1_BIASTrue_group_conv2d_GROUPS4_ACTIVATIONrelu_ap_fixed_16_5_,conv,vitis,csynth,,103,9,6283,11082,1824,2520,548160,274080,5.6469,0.3571,1.1462,4.0433,4711468,34393716.4,,7.3,,,,,,,,
config_CIN32_HIN28_WIN28_COUT32_K1_UFCIN8_UFCOU1_PAD1_STRIDE1_BIASTrue_group_conv2d_GROUPS4_ACTIVATIONsigmoid_ap_fixed_16_5_,conv,vitis,csynth,,103,12,7986,12535,1824,2520,548160,274080,5.6469,0.4762,1.4569,4.5735,4711497,34393928.1,,7.3,,,,,,,,
config_CIN32_HIN28_WIN28_COUT32_K1_UFCIN8_UFCOU4_PAD1_STRIDE1_BIASFalse_conv2d_ACTIVATIONrelu_ap_fixed_16_5_,conv,vitis,csynth,,97,33,7028,13031,1824,2520,548160,274080,5.318,1.3095,1.2821,4.7545,558635,4078035.5,,7.3,,,,,,,,
config_CIN32_HIN28_WIN28_COUT32_K1_UFCIN8_UFCOU4_PAD1_STRIDE1_BIASFalse_conv2d_ACTIVATIONsigmoid_ap_fixed_16_5_,conv,vitis,csynth,,97,36,8923,14576,1824,2520,548160,274080,5.318,1.4286,1.6278,5.3182,558664,4078247.1999999997,,7.3,,,,,,,,
config_CIN32_HIN28_WIN28_COUT32_K1_UFCIN8_UFCOU4_PAD1_STRIDE1_BIASFalse_group_conv2d_GROUPS2_ACTIVATIONrelu_ap_fixed_16_5_,conv,vitis,csynth,,97,33,10712,17757,1824,2520,548160,274080,5.318,1.3095,1.9542,6.4788,1426299,10411982.7,,7.3,,,,,,,,
config_CIN32_HIN28_WIN28_COUT32_K1_UFCIN8_UFCOU4_PAD1_STRIDE1_BIASFalse_group_conv2d_GROUPS2_ACTIVATIONsigmoid_ap_fixed_16_5_,conv,vitis,csynth,,97,36,12607,19302,1824,2520,548160,274080,5.318,1.4286,2.2999,7.0425,1426328,10412194.4,,7.3,,,,,,,,
config_CIN32_HIN28_WIN28_COUT32_K1_UFCIN8_UFCOU4_PAD1_STRIDE1_BIASFalse_group_conv2d_GROUPS4_ACTIVATIONrelu_ap_fixed_16_5_,conv,vitis,csynth,,97,33,10724,17760,1824,2520,548160,274080,5.318,1.3095,1.9564,6.4799,2731423,19939387.9,,7.3,,,,,,,,
config_CIN32_HIN28_WIN28_COUT32_K1_UFCIN8_UFCOU4_PAD1_STRIDE1_BIASFalse_group_conv2d_GROUPS4_ACTIVATIONsigmoid_ap_fixed_16_5_,conv,vitis,csynth,,97,36,12619,19305,1824,2520,548160,274080,5.318,1.4286,2.3021,7.0436,2731452,19939599.599999998,,7.3,,,,,,,,
config_CIN32_HIN28_WIN28_COUT32_K1_UFCIN8_UFCOU4_PAD1_STRIDE1_BIASTrue_conv2d_ACTIVATIONrelu_ap_fixed_16_5_,conv,vitis,csynth,,97,33,7208,13358,1824,2520,548160,274080,5.318,1.3095,1.3149,4.8738,558680,4078364.0,,7.3,,,,,,,,
config_CIN32_HIN28_WIN28_COUT32_K1_UFCIN8_UFCOU4_PAD1_STRIDE1_BIASTrue_conv2d_ACTIVATIONsigmoid_ap_fixed_16_5_,conv,vitis,csynth,,97,36,9103,14907,1824,2520,548160,274080,5.318,1.4286,1.6606,5.4389,558709,4078575.6999999997,,7.3,,,,,,,,
config_CIN32_HIN28_WIN28_COUT32_K1_UFCIN8_UFCOU4_PAD1_STRIDE1_BIASTrue_group_conv2d_GROUPS2_ACTIVATIONrelu_ap_fixed_16_5_,conv,vitis,csynth,,97,33,10892,18084,1824,2520,548160,274080,5.318,1.3095,1.987,6.5981,1426344,10412311.2,,7.3,,,,,,,,
config_CIN32_HIN28_WIN28_COUT32_K1_UFCIN8_UFCOU4_PAD1_STRIDE1_BIASTrue_group_conv2d_GROUPS2_ACTIVATIONsigmoid_ap_fixed_16_5_,conv,vitis,csynth,,97,36,12787,19633,1824,2520,548160,274080,5.318,1.4286,2.3327,7.1632,1426373,10412522.9,,7.3,,,,,,,,
config_CIN32_HIN28_WIN28_COUT32_K1_UFCIN8_UFCOU4_PAD1_STRIDE1_BIASTrue_group_conv2d_GROUPS4_ACTIVATIONrelu_ap_fixed_16_5_,conv,vitis,csynth,,97,33,10904,18087,1824,2520,548160,274080,5.318,1.3095,1.9892,6.5992,2731468,19939716.4,,7.3,,,,,,,,
config_CIN32_HIN28_WIN28_COUT32_K1_UFCIN8_UFCOU4_PAD1_STRIDE1_BIASTrue_group_conv2d_GROUPS4_ACTIVATIONsigmoid_ap_fixed_16_5_,conv,vitis,csynth,,97,36,12799,19636,1824,2520,548160,274080,5.318,1.4286,2.3349,7.1643,2731497,19939928.099999998,,7.3,,,,,,,,
config_CIN32_HIN28_WIN28_COUT32_K1_UFCIN8_UFCOU8_PAD1_STRIDE1_BIASFalse_conv2d_ACTIVATIONrelu_ap_fixed_16_5_,conv,vitis,csynth,,97,65,8227,15800,1824,2520,548160,274080,5.318,2.5794,1.5008,5.7647,439835,3210795.5,,7.3,,,,,,,,
config_CIN32_HIN28_WIN28_COUT32_K1_UFCIN8_UFCOU8_PAD1_STRIDE1_BIASFalse_conv2d_ACTIVATIONsigmoid_ap_fixed_16_5_,conv,vitis,csynth,,97,68,10122,17345,1824,2520,548160,274080,5.318,2.6984,1.8465,6.3284,439864,3211007.1999999997,,7.3,,,,,,,,
config_CIN32_HIN28_WIN28_COUT32_K1_UFCIN8_UFCOU8_PAD1_STRIDE1_BIASFalse_group_conv2d_GROUPS2_ACTIVATIONrelu_ap_fixed_16_5_,conv,vitis,csynth,,97,65,15019,23900,1824,2520,548160,274080,5.318,2.5794,2.7399,8.7201,961899,7021862.7,,7.3,,,,,,,,
config_CIN32_HIN28_WIN28_COUT32_K1_UFCIN8_UFCOU8_PAD1_STRIDE1_BIASFalse_group_conv2d_GROUPS2_ACTIVATIONsigmoid_ap_fixed_16_5_,conv,vitis,csynth,,97,68,16914,25445,1824,2520,548160,274080,5.318,2.6984,3.0856,9.2838,961928,7022074.399999999,,7.3,,,,,,,,
config_CIN32_HIN28_WIN28_COUT32_K1_UFCIN8_UFCOU8_PAD1_STRIDE1_BIASFalse_group_conv2d_GROUPS4_ACTIVATIONrelu_ap_fixed_16_5_,conv,vitis,csynth,,97,65,8925,13081,1824,2520,548160,274080,5.318,2.5794,1.6282,4.7727,161027,1175497.0999999999,,7.3,,,,,,,,
config_CIN32_HIN28_WIN28_COUT32_K1_UFCIN8_UFCOU8_PAD1_STRIDE1_BIASFalse_group_conv2d_GROUPS4_ACTIVATIONsigmoid_ap_fixed_16_5_,conv,vitis,csynth,,97,68,10820,14626,1824,2520,548160,274080,5.318,2.6984,1.9739,5.3364,161056,1175708.8,,7.3,,,,,,,,
config_CIN32_HIN28_WIN28_COUT32_K1_UFCIN8_UFCOU8_PAD1_STRIDE1_BIASTrue_conv2d_ACTIVATIONrelu_ap_fixed_16_5_,conv,vitis,csynth,,97,65,8470,16275,1824,2520,548160,274080,5.318,2.5794,1.5452,5.938,439880,3211124.0,,7.3,,,,,,,,
config_CIN32_HIN28_WIN28_COUT32_K1_UFCIN8_UFCOU8_PAD1_STRIDE1_BIASTrue_conv2d_ACTIVATIONsigmoid_ap_fixed_16_5_,conv,vitis,csynth,,97,68,10365,17824,1824,2520,548160,274080,5.318,2.6984,1.8909,6.5032,439909,3211335.6999999997,,7.3,,,,,,,,
config_CIN32_HIN28_WIN28_COUT32_K1_UFCIN8_UFCOU8_PAD1_STRIDE1_BIASTrue_group_conv2d_GROUPS2_ACTIVATIONrelu_ap_fixed_16_5_,conv,vitis,csynth,,97,65,15262,24375,1824,2520,548160,274080,5.318,2.5794,2.7842,8.8934,961944,7022191.2,,7.3,,,,,,,,
config_CIN32_HIN28_WIN28_COUT32_K1_UFCIN8_UFCOU8_PAD1_STRIDE1_BIASTrue_group_conv2d_GROUPS2_ACTIVATIONsigmoid_ap_fixed_16_5_,conv,vitis,csynth,,97,68,17157,25924,1824,2520,548160,274080,5.318,2.6984,3.1299,9.4586,961973,7022402.899999999,,7.3,,,,,,,,
config_CIN32_HIN28_WIN28_COUT32_K1_UFCIN8_UFCOU8_PAD1_STRIDE1_BIASTrue_group_conv2d_GROUPS4_ACTIVATIONrelu_ap_fixed_16_5_,conv,vitis,csynth,,97,65,9168,13556,1824,2520,548160,274080,5.318,2.5794,1.6725,4.946,161072,1175825.5999999999,,7.3,,,,,,,,
config_CIN32_HIN28_WIN28_COUT32_K1_UFCIN8_UFCOU8_PAD1_STRIDE1_BIASTrue_group_conv2d_GROUPS4_ACTIVATIONsigmoid_ap_fixed_16_5_,conv,vitis,csynth,,97,68,11063,15105,1824,2520,548160,274080,5.318,2.6984,2.0182,5.5112,161101,1176037.3,,7.3,,,,,,,,
config_CIN32_HIN28_WIN28_COUT32_K3_UFCIN1_UFCOU1_PAD1_STRIDE1_BIASFalse_conv2d_ACTIVATIONrelu_ap_fixed_16_5_,conv,vitis,csynth,,101,2,5085,9189,1824,2520,548160,274080,5.5373,0.0794,0.9276,3.3527,7392223,53963227.9,,7.3,,,,,,,,
config_CIN32_HIN28_WIN28_COUT32_K3_UFCIN1_UFCOU1_PAD1_STRIDE1_BIASFalse_conv2d_ACTIVATIONsigmoid_ap_fixed_16_5_,conv,vitis,csynth,,101,5,6788,10642,1824,2520,548160,274080,5.5373,0.1984,1.2383,3.8828,7392252,53963439.6,,7.3,,,,,,,,
config_CIN32_HIN28_WIN28_COUT32_K3_UFCIN1_UFCOU1_PAD1_STRIDE1_BIASFalse_group_conv2d_GROUPS2_ACTIVATIONrelu_ap_fixed_16_5_,conv,vitis,csynth,,101,6,5485,9856,1824,2520,548160,274080,5.5373,0.2381,1.0006,3.596,29109869,212502043.7,,7.3,,,,,,,,
config_CIN32_HIN28_WIN28_COUT32_K3_UFCIN1_UFCOU1_PAD1_STRIDE1_BIASFalse_group_conv2d_GROUPS2_ACTIVATIONsigmoid_ap_fixed_16_5_,conv,vitis,csynth,,101,9,7188,11309,1824,2520,548160,274080,5.5373,0.3571,1.3113,4.1262,29109898,212502255.4,,7.3,,,,,,,,
config_CIN32_HIN28_WIN28_COUT32_K3_UFCIN1_UFCOU1_PAD1_STRIDE1_BIASFalse_group_conv2d_GROUPS4_ACTIVATIONrelu_ap_fixed_16_5_,conv,vitis,csynth,,101,6,5488,9859,1824,2520,548160,274080,5.5373,0.2381,1.0012,3.5971,58108579,424192626.7,,7.3,,,,,,,,
config_CIN32_HIN28_WIN28_COUT32_K3_UFCIN1_UFCOU1_PAD1_STRIDE1_BIASFalse_group_conv2d_GROUPS4_ACTIVATIONsigmoid_ap_fixed_16_5_,conv,vitis,csynth,,101,9,7191,11312,1824,2520,548160,274080,5.5373,0.3571,1.3118,4.1273,58108608,424192838.4,,7.3,,,,,,,,
config_CIN32_HIN28_WIN28_COUT32_K3_UFCIN1_UFCOU1_PAD1_STRIDE1_BIASTrue_conv2d_ACTIVATIONrelu_ap_fixed_16_5_,conv,vitis,csynth,,101,2,5222,9406,1824,2520,548160,274080,5.5373,0.0794,0.9526,3.4318,7417227,54145757.1,,7.3,,,,,,,,
config_CIN32_HIN28_WIN28_COUT32_K3_UFCIN1_UFCOU1_PAD1_STRIDE1_BIASTrue_conv2d_ACTIVATIONsigmoid_ap_fixed_16_5_,conv,vitis,csynth,,101,5,6925,10859,1824,2520,548160,274080,5.5373,0.1984,1.2633,3.962,7417256,54145968.8,,7.3,,,,,,,,
config_CIN32_HIN28_WIN28_COUT32_K3_UFCIN1_UFCOU1_PAD1_STRIDE1_BIASTrue_group_conv2d_GROUPS2_ACTIVATIONrelu_ap_fixed_16_5_,conv,vitis,csynth,,101,6,5622,10073,1824,2520,548160,274080,5.5373,0.2381,1.0256,3.6752,29134873,212684572.9,,7.3,,,,,,,,
config_CIN32_HIN28_WIN28_COUT32_K3_UFCIN1_UFCOU1_PAD1_STRIDE1_BIASTrue_group_conv2d_GROUPS2_ACTIVATIONsigmoid_ap_fixed_16_5_,conv,vitis,csynth,,101,9,7325,11525,1824,2520,548160,274080,5.5373,0.3571,1.3363,4.205,29134902,212684784.6,,7.3,,,,,,,,
config_CIN32_HIN28_WIN28_COUT32_K3_UFCIN1_UFCOU1_PAD1_STRIDE1_BIASTrue_group_conv2d_GROUPS4_ACTIVATIONrelu_ap_fixed_16_5_,conv,vitis,csynth,,101,6,5625,10076,1824,2520,548160,274080,5.5373,0.2381,1.0262,3.6763,58133583,424375155.9,,7.3,,,,,,,,
config_CIN32_HIN28_WIN28_COUT32_K3_UFCIN1_UFCOU1_PAD1_STRIDE1_BIASTrue_group_conv2d_GROUPS4_ACTIVATIONsigmoid_ap_fixed_16_5_,conv,vitis,csynth,,101,9,7328,11528,1824,2520,548160,274080,5.5373,0.3571,1.3368,4.2061,58133612,424375367.59999996,,7.3,,,,,,,,
config_CIN32_HIN28_WIN28_COUT32_K3_UFCIN1_UFCOU4_PAD1_STRIDE1_BIASFalse_conv2d_ACTIVATIONrelu_ap_fixed_16_5_,conv,vitis,csynth,,107,5,5218,10025,1824,2520,548160,274080,5.8662,0.1984,0.9519,3.6577,1979359,14449320.7,,7.3,,,,,,,,
config_CIN32_HIN28_WIN28_COUT32_K3_UFCIN1_UFCOU4_PAD1_STRIDE1_BIASFalse_conv2d_ACTIVATIONsigmoid_ap_fixed_16_5_,conv,vitis,csynth,,107,8,7113,11570,1824,2520,548160,274080,5.8662,0.3175,1.2976,4.2214,1979388,14449532.4,,7.3,,,,,,,,
config_CIN32_HIN28_WIN28_COUT32_K3_UFCIN1_UFCOU4_PAD1_STRIDE1_BIASFalse_group_conv2d_GROUPS2_ACTIVATIONrelu_ap_fixed_16_5_,conv,vitis,csynth,,107,21,6046,11234,1824,2520,548160,274080,5.8662,0.8333,1.103,4.0988,7439981,54311861.3,,7.3,,,,,,,,
config_CIN32_HIN28_WIN28_COUT32_K3_UFCIN1_UFCOU4_PAD1_STRIDE1_BIASFalse_group_conv2d_GROUPS2_ACTIVATIONsigmoid_ap_fixed_16_5_,conv,vitis,csynth,,107,24,7941,12779,1824,2520,548160,274080,5.8662,0.9524,1.4487,4.6625,7440010,54312073.0,,7.3,,,,,,,,
config_CIN32_HIN28_WIN28_COUT32_K3_UFCIN1_UFCOU4_PAD1_STRIDE1_BIASFalse_group_conv2d_GROUPS4_ACTIVATIONrelu_ap_fixed_16_5_,conv,vitis,csynth,,107,21,6049,11237,1824,2520,548160,274080,5.8662,0.8333,1.1035,4.0999,14762659,107767410.7,,7.3,,,,,,,,
config_CIN32_HIN28_WIN28_COUT32_K3_UFCIN1_UFCOU4_PAD1_STRIDE1_BIASFalse_group_conv2d_GROUPS4_ACTIVATIONsigmoid_ap_fixed_16_5_,conv,vitis,csynth,,107,24,7944,12782,1824,2520,548160,274080,5.8662,0.9524,1.4492,4.6636,14762688,107767622.39999999,,7.3,,,,,,,,
config_CIN32_HIN28_WIN28_COUT32_K3_UFCIN1_UFCOU4_PAD1_STRIDE1_BIASTrue_conv2d_ACTIVATIONrelu_ap_fixed_16_5_,conv,vitis,csynth,,107,5,5398,10352,1824,2520,548160,274080,5.8662,0.1984,0.9847,3.777,1979404,14449649.2,,7.3,,,,,,,,
config_CIN32_HIN28_WIN28_COUT32_K3_UFCIN1_UFCOU4_PAD1_STRIDE1_BIASTrue_conv2d_ACTIVATIONsigmoid_ap_fixed_16_5_,conv,vitis,csynth,,107,8,7293,11901,1824,2520,548160,274080,5.8662,0.3175,1.3305,4.3422,1979433,14449860.9,,7.3,,,,,,,,
config_CIN32_HIN28_WIN28_COUT32_K3_UFCIN1_UFCOU4_PAD1_STRIDE1_BIASTrue_group_conv2d_GROUPS2_ACTIVATIONrelu_ap_fixed_16_5_,conv,vitis,csynth,,107,21,6226,11561,1824,2520,548160,274080,5.8662,0.8333,1.1358,4.2181,7440026,54312189.8,,7.3,,,,,,,,
config_CIN32_HIN28_WIN28_COUT32_K3_UFCIN1_UFCOU4_PAD1_STRIDE1_BIASTrue_group_conv2d_GROUPS2_ACTIVATIONsigmoid_ap_fixed_16_5_,conv,vitis,csynth,,107,24,8121,13110,1824,2520,548160,274080,5.8662,0.9524,1.4815,4.7833,7440055,54312401.5,,7.3,,,,,,,,
config_CIN32_HIN28_WIN28_COUT32_K3_UFCIN1_UFCOU4_PAD1_STRIDE1_BIASTrue_group_conv2d_GROUPS4_ACTIVATIONrelu_ap_fixed_16_5_,conv,vitis,csynth,,107,21,6229,11564,1824,2520,548160,274080,5.8662,0.8333,1.1363,4.2192,14762704,107767739.2,,7.3,,,,,,,,
config_CIN32_HIN28_WIN28_COUT32_K3_UFCIN1_UFCOU4_PAD1_STRIDE1_BIASTrue_group_conv2d_GROUPS4_ACTIVATIONsigmoid_ap_fixed_16_5_,conv,vitis,csynth,,107,24,8124,13113,1824,2520,548160,274080,5.8662,0.9524,1.482,4.7844,14762733,107767950.89999999,,7.3,,,,,,,,
config_CIN32_HIN28_WIN28_COUT32_K3_UFCIN1_UFCOU8_PAD1_STRIDE1_BIASFalse_conv2d_ACTIVATIONrelu_ap_fixed_16_5_,conv,vitis,csynth,,107,9,5302,10800,1824,2520,548160,274080,5.8662,0.3571,0.9672,3.9405,1073055,7833301.5,,7.3,,,,,,,,
config_CIN32_HIN28_WIN28_COUT32_K3_UFCIN1_UFCOU8_PAD1_STRIDE1_BIASFalse_conv2d_ACTIVATIONsigmoid_ap_fixed_16_5_,conv,vitis,csynth,,107,12,7197,12345,1824,2520,548160,274080,5.8662,0.4762,1.3129,4.5042,1073084,7833513.2,,7.3,,,,,,,,
config_CIN32_HIN28_WIN28_COUT32_K3_UFCIN1_UFCOU8_PAD1_STRIDE1_BIASFalse_group_conv2d_GROUPS2_ACTIVATIONrelu_ap_fixed_16_5_,conv,vitis,csynth,,107,21,6517,12413,1824,2520,548160,274080,5.8662,0.8333,1.1889,4.529,3824173,27916462.9,,7.3,,,,,,,,
config_CIN32_HIN28_WIN28_COUT32_K3_UFCIN1_UFCOU8_PAD1_STRIDE1_BIASFalse_group_conv2d_GROUPS2_ACTIVATIONsigmoid_ap_fixed_16_5_,conv,vitis,csynth,,107,24,8412,13958,1824,2520,548160,274080,5.8662,0.9524,1.5346,5.0927,3824202,27916674.599999998,,7.3,,,,,,,,
config_CIN32_HIN28_WIN28_COUT32_K3_UFCIN1_UFCOU8_PAD1_STRIDE1_BIASFalse_group_conv2d_GROUPS4_ACTIVATIONrelu_ap_fixed_16_5_,conv,vitis,csynth,,107,9,5758,10876,1824,2520,548160,274080,5.8662,0.3571,1.0504,3.9682,1296671,9465698.299999999,,7.3,,,,,,,,
config_CIN32_HIN28_WIN28_COUT32_K3_UFCIN1_UFCOU8_PAD1_STRIDE1_BIASFalse_group_conv2d_GROUPS4_ACTIVATIONsigmoid_ap_fixed_16_5_,conv,vitis,csynth,,107,12,7653,12421,1824,2520,548160,274080,5.8662,0.4762,1.3961,4.5319,1296700,9465910.0,,7.3,,,,,,,,
config_CIN32_HIN28_WIN28_COUT32_K3_UFCIN1_UFCOU8_PAD1_STRIDE1_BIASTrue_conv2d_ACTIVATIONrelu_ap_fixed_16_5_,conv,vitis,csynth,,107,9,5545,11275,1824,2520,548160,274080,5.8662,0.3571,1.0116,4.1138,1073100,7833630.0,,7.3,,,,,,,,
config_CIN32_HIN28_WIN28_COUT32_K3_UFCIN1_UFCOU8_PAD1_STRIDE1_BIASTrue_conv2d_ACTIVATIONsigmoid_ap_fixed_16_5_,conv,vitis,csynth,,107,12,7440,12824,1824,2520,548160,274080,5.8662,0.4762,1.3573,4.6789,1073129,7833841.7,,7.3,,,,,,,,
config_CIN32_HIN28_WIN28_COUT32_K3_UFCIN1_UFCOU8_PAD1_STRIDE1_BIASTrue_group_conv2d_GROUPS2_ACTIVATIONrelu_ap_fixed_16_5_,conv,vitis,csynth,,107,21,6760,12888,1824,2520,548160,274080,5.8662,0.8333,1.2332,4.7023,3824218,27916791.4,,7.3,,,,,,,,
config_CIN32_HIN28_WIN28_COUT32_K3_UFCIN1_UFCOU8_PAD1_STRIDE1_BIASTrue_group_conv2d_GROUPS2_ACTIVATIONsigmoid_ap_fixed_16_5_,conv,vitis,csynth,,107,24,8655,14437,1824,2520,548160,274080,5.8662,0.9524,1.5789,5.2674,3824247,27917003.099999998,,7.3,,,,,,,,
config_CIN32_HIN28_WIN28_COUT32_K3_UFCIN1_UFCOU8_PAD1_STRIDE1_BIASTrue_group_conv2d_GROUPS4_ACTIVATIONrelu_ap_fixed_16_5_,conv,vitis,csynth,,107,9,6001,11351,1824,2520,548160,274080,5.8662,0.3571,1.0948,4.1415,1296716,9466026.799999999,,7.3,,,,,,,,
config_CIN32_HIN28_WIN28_COUT32_K3_UFCIN1_UFCOU8_PAD1_STRIDE1_BIASTrue_group_conv2d_GROUPS4_ACTIVATIONsigmoid_ap_fixed_16_5_,conv,vitis,csynth,,107,12,7896,12900,1824,2520,548160,274080,5.8662,0.4762,1.4405,4.7067,1296745,9466238.5,,7.3,,,,,,,,
config_CIN32_HIN28_WIN28_COUT32_K3_UFCIN4_UFCOU1_PAD1_STRIDE1_BIASFalse_conv2d_ACTIVATIONrelu_ap_fixed_16_5_,conv,vitis,csynth,,107,5,5481,10113,1824,2520,548160,274080,5.8662,0.1984,0.9999,3.6898,9018895,65837933.5,,7.3,,,,,,,,
config_CIN32_HIN28_WIN28_COUT32_K3_UFCIN4_UFCOU1_PAD1_STRIDE1_BIASFalse_conv2d_ACTIVATIONsigmoid_ap_fixed_16_5_,conv,vitis,csynth,,107,8,7184,11562,1824,2520,548160,274080,5.8662,0.3175,1.3106,4.2185,9018924,65838145.199999996,,7.3,,,,,,,,
config_CIN32_HIN28_WIN28_COUT32_K3_UFCIN4_UFCOU1_PAD1_STRIDE1_BIASFalse_group_conv2d_GROUPS2_ACTIVATIONrelu_ap_fixed_16_5_,conv,vitis,csynth,,107,5,5621,10325,1824,2520,548160,274080,5.8662,0.1984,1.0254,3.7671,18000459,131403350.7,,7.3,,,,,,,,
config_CIN32_HIN28_WIN28_COUT32_K3_UFCIN4_UFCOU1_PAD1_STRIDE1_BIASFalse_group_conv2d_GROUPS2_ACTIVATIONsigmoid_ap_fixed_16_5_,conv,vitis,csynth,,107,8,7324,11774,1824,2520,548160,274080,5.8662,0.3175,1.3361,4.2958,18000488,131403562.39999999,,7.3,,,,,,,,
config_CIN32_HIN28_WIN28_COUT32_K3_UFCIN4_UFCOU1_PAD1_STRIDE1_BIASFalse_group_conv2d_GROUPS4_ACTIVATIONrelu_ap_fixed_16_5_,conv,vitis,csynth,,107,5,5624,10328,1824,2520,548160,274080,5.8662,0.1984,1.026,3.7682,35864799,261813032.7,,7.3,,,,,,,,
config_CIN32_HIN28_WIN28_COUT32_K3_UFCIN4_UFCOU1_PAD1_STRIDE1_BIASFalse_group_conv2d_GROUPS4_ACTIVATIONsigmoid_ap_fixed_16_5_,conv,vitis,csynth,,107,8,7327,11777,1824,2520,548160,274080,5.8662,0.3175,1.3367,4.2969,35864828,261813244.4,,7.3,,,,,,,,
config_CIN32_HIN28_WIN28_COUT32_K3_UFCIN4_UFCOU1_PAD1_STRIDE1_BIASTrue_conv2d_ACTIVATIONrelu_ap_fixed_16_5_,conv,vitis,csynth,,107,5,5618,10329,1824,2520,548160,274080,5.8662,0.1984,1.0249,3.7686,9018940,65838262.0,,7.3,,,,,,,,
config_CIN32_HIN28_WIN28_COUT32_K3_UFCIN4_UFCOU1_PAD1_STRIDE1_BIASTrue_conv2d_ACTIVATIONsigmoid_ap_fixed_16_5_,conv,vitis,csynth,,107,8,7321,11782,1824,2520,548160,274080,5.8662,0.3175,1.3356,4.2987,9018969,65838473.699999996,,7.3,,,,,,,,
config_CIN32_HIN28_WIN28_COUT32_K3_UFCIN4_UFCOU1_PAD1_STRIDE1_BIASTrue_group_conv2d_GROUPS2_ACTIVATIONrelu_ap_fixed_16_5_,conv,vitis,csynth,,107,5,5758,10541,1824,2520,548160,274080,5.8662,0.1984,1.0504,3.846,18000504,131403679.2,,7.3,,,,,,,,
config_CIN32_HIN28_WIN28_COUT32_K3_UFCIN4_UFCOU1_PAD1_STRIDE1_BIASTrue_group_conv2d_GROUPS2_ACTIVATIONsigmoid_ap_fixed_16_5_,conv,vitis,csynth,,107,8,7461,11994,1824,2520,548160,274080,5.8662,0.3175,1.3611,4.3761,18000533,131403890.89999999,,7.3,,,,,,,,
config_CIN32_HIN28_WIN28_COUT32_K3_UFCIN4_UFCOU1_PAD1_STRIDE1_BIASTrue_group_conv2d_GROUPS4_ACTIVATIONrelu_ap_fixed_16_5_,conv,vitis,csynth,,107,5,5761,10544,1824,2520,548160,274080,5.8662,0.1984,1.051,3.8471,35864844,261813361.2,,7.3,,,,,,,,
config_CIN32_HIN28_WIN28_COUT32_K3_UFCIN4_UFCOU1_PAD1_STRIDE1_BIASTrue_group_conv2d_GROUPS4_ACTIVATIONsigmoid_ap_fixed_16_5_,conv,vitis,csynth,,107,8,7464,11997,1824,2520,548160,274080,5.8662,0.3175,1.3616,4.3772,35864873,261813572.9,,7.3,,,,,,,,
config_CIN32_HIN28_WIN28_COUT32_K3_UFCIN4_UFCOU4_PAD1_STRIDE1_BIASFalse_conv2d_ACTIVATIONrelu_ap_fixed_16_5_,conv,vitis,csynth,,111,17,5818,11543,1824,2520,548160,274080,6.0855,0.6746,1.0614,4.2115,3581071,26141818.3,,7.3,,,,,,,,
config_CIN32_HIN28_WIN28_COUT32_K3_UFCIN4_UFCOU4_PAD1_STRIDE1_BIASFalse_conv2d_ACTIVATIONsigmoid_ap_fixed_16_5_,conv,vitis,csynth,,111,20,7713,13088,1824,2520,548160,274080,6.0855,0.7937,1.4071,4.7752,3581100,26142030.0,,7.3,,,,,,,,
config_CIN32_HIN28_WIN28_COUT32_K3_UFCIN4_UFCOU4_PAD1_STRIDE1_BIASFalse_group_conv2d_GROUPS2_ACTIVATIONrelu_ap_fixed_16_5_,conv,vitis,csynth,,111,17,7692,13929,1824,2520,548160,274080,6.0855,0.6746,1.4032,5.0821,10304715,75224419.5,,7.3,,,,,,,,
config_CIN32_HIN28_WIN28_COUT32_K3_UFCIN4_UFCOU4_PAD1_STRIDE1_BIASFalse_group_conv2d_GROUPS2_ACTIVATIONsigmoid_ap_fixed_16_5_,conv,vitis,csynth,,111,20,9587,15474,1824,2520,548160,274080,6.0855,0.7937,1.7489,5.6458,10304744,75224631.2,,7.3,,,,,,,,
config_CIN32_HIN28_WIN28_COUT32_K3_UFCIN4_UFCOU4_PAD1_STRIDE1_BIASFalse_group_conv2d_GROUPS4_ACTIVATIONrelu_ap_fixed_16_5_,conv,vitis,csynth,,111,17,7695,13932,1824,2520,548160,274080,6.0855,0.6746,1.4038,5.0832,20492127,149592527.1,,7.3,,,,,,,,
config_CIN32_HIN28_WIN28_COUT32_K3_UFCIN4_UFCOU4_PAD1_STRIDE1_BIASFalse_group_conv2d_GROUPS4_ACTIVATIONsigmoid_ap_fixed_16_5_,conv,vitis,csynth,,111,20,9590,15477,1824,2520,548160,274080,6.0855,0.7937,1.7495,5.6469,20492156,149592738.79999998,,7.3,,,,,,,,
config_CIN32_HIN28_WIN28_COUT32_K3_UFCIN4_UFCOU4_PAD1_STRIDE1_BIASTrue_conv2d_ACTIVATIONrelu_ap_fixed_16_5_,conv,vitis,csynth,,111,17,5998,11870,1824,2520,548160,274080,6.0855,0.6746,1.0942,4.3309,3581116,26142146.8,,7.3,,,,,,,,
config_CIN32_HIN28_WIN28_COUT32_K3_UFCIN4_UFCOU4_PAD1_STRIDE1_BIASTrue_conv2d_ACTIVATIONsigmoid_ap_fixed_16_5_,conv,vitis,csynth,,111,20,7893,13419,1824,2520,548160,274080,6.0855,0.7937,1.4399,4.896,3581145,26142358.5,,7.3,,,,,,,,
config_CIN32_HIN28_WIN28_COUT32_K3_UFCIN4_UFCOU4_PAD1_STRIDE1_BIASTrue_group_conv2d_GROUPS2_ACTIVATIONrelu_ap_fixed_16_5_,conv,vitis,csynth,,111,17,7872,14256,1824,2520,548160,274080,6.0855,0.6746,1.4361,5.2014,10304760,75224748.0,,7.3,,,,,,,,
config_CIN32_HIN28_WIN28_COUT32_K3_UFCIN4_UFCOU4_PAD1_STRIDE1_BIASTrue_group_conv2d_GROUPS2_ACTIVATIONsigmoid_ap_fixed_16_5_,conv,vitis,csynth,,111,20,9767,15805,1824,2520,548160,274080,6.0855,0.7937,1.7818,5.7666,10304789,75224959.7,,7.3,,,,,,,,
config_CIN32_HIN28_WIN28_COUT32_K3_UFCIN4_UFCOU4_PAD1_STRIDE1_BIASTrue_group_conv2d_GROUPS4_ACTIVATIONrelu_ap_fixed_16_5_,conv,vitis,csynth,,111,17,7875,14259,1824,2520,548160,274080,6.0855,0.6746,1.4366,5.2025,20492172,149592855.6,,7.3,,,,,,,,
config_CIN32_HIN28_WIN28_COUT32_K3_UFCIN4_UFCOU4_PAD1_STRIDE1_BIASTrue_group_conv2d_GROUPS4_ACTIVATIONsigmoid_ap_fixed_16_5_,conv,vitis,csynth,,111,20,9770,15808,1824,2520,548160,274080,6.0855,0.7937,1.7823,5.7677,20492201,149593067.29999998,,7.3,,,,,,,,
config_CIN32_HIN28_WIN28_COUT32_K3_UFCIN4_UFCOU8_PAD1_STRIDE1_BIASFalse_conv2d_ACTIVATIONrelu_ap_fixed_16_5_,conv,vitis,csynth,,127,33,6161,13168,1824,2520,548160,274080,6.9627,1.3095,1.1239,4.8044,2674767,19525799.099999998,,7.3,,,,,,,,
config_CIN32_HIN28_WIN28_COUT32_K3_UFCIN4_UFCOU8_PAD1_STRIDE1_BIASFalse_conv2d_ACTIVATIONsigmoid_ap_fixed_16_5_,conv,vitis,csynth,,127,36,8056,14713,1824,2520,548160,274080,6.9627,1.4286,1.4696,5.3681,2674796,19526010.8,,7.3,,,,,,,,
config_CIN32_HIN28_WIN28_COUT32_K3_UFCIN4_UFCOU8_PAD1_STRIDE1_BIASFalse_group_conv2d_GROUPS2_ACTIVATIONrelu_ap_fixed_16_5_,conv,vitis,csynth,,127,33,9594,17220,1824,2520,548160,274080,6.9627,1.3095,1.7502,6.2828,6688907,48829021.1,,7.3,,,,,,,,
config_CIN32_HIN28_WIN28_COUT32_K3_UFCIN4_UFCOU8_PAD1_STRIDE1_BIASFalse_group_conv2d_GROUPS2_ACTIVATIONsigmoid_ap_fixed_16_5_,conv,vitis,csynth,,127,36,11489,18765,1824,2520,548160,274080,6.9627,1.4286,2.0959,6.8465,6688936,48829232.8,,7.3,,,,,,,,
config_CIN32_HIN28_WIN28_COUT32_K3_UFCIN4_UFCOU8_PAD1_STRIDE1_BIASFalse_group_conv2d_GROUPS4_ACTIVATIONrelu_ap_fixed_16_5_,conv,vitis,csynth,,127,33,6975,11980,1824,2520,548160,274080,6.9627,1.3095,1.2724,4.371,1409567,10289839.1,,7.3,,,,,,,,
config_CIN32_HIN28_WIN28_COUT32_K3_UFCIN4_UFCOU8_PAD1_STRIDE1_BIASFalse_group_conv2d_GROUPS4_ACTIVATIONsigmoid_ap_fixed_16_5_,conv,vitis,csynth,,127,36,8870,13525,1824,2520,548160,274080,6.9627,1.4286,1.6181,4.9347,1409596,10290050.799999999,,7.3,,,,,,,,
config_CIN32_HIN28_WIN28_COUT32_K3_UFCIN4_UFCOU8_PAD1_STRIDE1_BIASTrue_conv2d_ACTIVATIONrelu_ap_fixed_16_5_,conv,vitis,csynth,,127,33,6404,13643,1824,2520,548160,274080,6.9627,1.3095,1.1683,4.9777,2674812,19526127.599999998,,7.3,,,,,,,,
config_CIN32_HIN28_WIN28_COUT32_K3_UFCIN4_UFCOU8_PAD1_STRIDE1_BIASTrue_conv2d_ACTIVATIONsigmoid_ap_fixed_16_5_,conv,vitis,csynth,,127,36,8299,15192,1824,2520,548160,274080,6.9627,1.4286,1.514,5.5429,2674841,19526339.3,,7.3,,,,,,,,
config_CIN32_HIN28_WIN28_COUT32_K3_UFCIN4_UFCOU8_PAD1_STRIDE1_BIASTrue_group_conv2d_GROUPS2_ACTIVATIONrelu_ap_fixed_16_5_,conv,vitis,csynth,,127,33,9837,17695,1824,2520,548160,274080,6.9627,1.3095,1.7945,6.4561,6688952,48829349.6,,7.3,,,,,,,,
config_CIN32_HIN28_WIN28_COUT32_K3_UFCIN4_UFCOU8_PAD1_STRIDE1_BIASTrue_group_conv2d_GROUPS2_ACTIVATIONsigmoid_ap_fixed_16_5_,conv,vitis,csynth,,127,36,11732,19244,1824,2520,548160,274080,6.9627,1.4286,2.1403,7.0213,6688981,48829561.3,,7.3,,,,,,,,
config_CIN32_HIN28_WIN28_COUT32_K3_UFCIN4_UFCOU8_PAD1_STRIDE1_BIASTrue_group_conv2d_GROUPS4_ACTIVATIONrelu_ap_fixed_16_5_,conv,vitis,csynth,,127,33,7218,12455,1824,2520,548160,274080,6.9627,1.3095,1.3168,4.5443,1409612,10290167.6,,7.3,,,,,,,,
config_CIN32_HIN28_WIN28_COUT32_K3_UFCIN4_UFCOU8_PAD1_STRIDE1_BIASTrue_group_conv2d_GROUPS4_ACTIVATIONsigmoid_ap_fixed_16_5_,conv,vitis,csynth,,127,36,9113,14004,1824,2520,548160,274080,6.9627,1.4286,1.6625,5.1095,1409641,10290379.299999999,,7.3,,,,,,,,
config_CIN32_HIN28_WIN28_COUT32_K3_UFCIN8_UFCOU1_PAD1_STRIDE1_BIASFalse_conv2d_ACTIVATIONrelu_ap_fixed_16_5_,conv,vitis,csynth,,107,9,5942,11417,1824,2520,548160,274080,5.8662,0.3571,1.084,4.1656,8990671,65631898.3,,7.3,,,,,,,,
config_CIN32_HIN28_WIN28_COUT32_K3_UFCIN8_UFCOU1_PAD1_STRIDE1_BIASFalse_conv2d_ACTIVATIONsigmoid_ap_fixed_16_5_,conv,vitis,csynth,,107,12,7645,12866,1824,2520,548160,274080,5.8662,0.4762,1.3947,4.6942,8990700,65632110.0,,7.3,,,,,,,,
config_CIN32_HIN28_WIN28_COUT32_K3_UFCIN8_UFCOU1_PAD1_STRIDE1_BIASFalse_group_conv2d_GROUPS2_ACTIVATIONrelu_ap_fixed_16_5_,conv,vitis,csynth,,107,9,6180,11706,1824,2520,548160,274080,5.8662,0.3571,1.1274,4.271,18056907,131815421.1,,7.3,,,,,,,,
config_CIN32_HIN28_WIN28_COUT32_K3_UFCIN8_UFCOU1_PAD1_STRIDE1_BIASFalse_group_conv2d_GROUPS2_ACTIVATIONsigmoid_ap_fixed_16_5_,conv,vitis,csynth,,107,12,7883,13155,1824,2520,548160,274080,5.8662,0.4762,1.4381,4.7997,18056936,131815632.8,,7.3,,,,,,,,
config_CIN32_HIN28_WIN28_COUT32_K3_UFCIN8_UFCOU1_PAD1_STRIDE1_BIASFalse_group_conv2d_GROUPS4_ACTIVATIONrelu_ap_fixed_16_5_,conv,vitis,csynth,,107,9,6192,11709,1824,2520,548160,274080,5.8662,0.3571,1.1296,4.2721,35977695,262637173.5,,7.3,,,,,,,,
config_CIN32_HIN28_WIN28_COUT32_K3_UFCIN8_UFCOU1_PAD1_STRIDE1_BIASFalse_group_conv2d_GROUPS4_ACTIVATIONsigmoid_ap_fixed_16_5_,conv,vitis,csynth,,107,12,7895,13158,1824,2520,548160,274080,5.8662,0.4762,1.4403,4.8008,35977724,262637385.2,,7.3,,,,,,,,
config_CIN32_HIN28_WIN28_COUT32_K3_UFCIN8_UFCOU1_PAD1_STRIDE1_BIASTrue_conv2d_ACTIVATIONrelu_ap_fixed_16_5_,conv,vitis,csynth,,107,9,6079,11633,1824,2520,548160,274080,5.8662,0.3571,1.109,4.2444,8990716,65632226.8,,7.3,,,,,,,,
config_CIN32_HIN28_WIN28_COUT32_K3_UFCIN8_UFCOU1_PAD1_STRIDE1_BIASTrue_conv2d_ACTIVATIONsigmoid_ap_fixed_16_5_,conv,vitis,csynth,,107,12,7782,13086,1824,2520,548160,274080,5.8662,0.4762,1.4197,4.7745,8990745,65632438.5,,7.3,,,,,,,,
config_CIN32_HIN28_WIN28_COUT32_K3_UFCIN8_UFCOU1_PAD1_STRIDE1_BIASTrue_group_conv2d_GROUPS2_ACTIVATIONrelu_ap_fixed_16_5_,conv,vitis,csynth,,107,9,6317,11922,1824,2520,548160,274080,5.8662,0.3571,1.1524,4.3498,18056952,131815749.6,,7.3,,,,,,,,
config_CIN32_HIN28_WIN28_COUT32_K3_UFCIN8_UFCOU1_PAD1_STRIDE1_BIASTrue_group_conv2d_GROUPS2_ACTIVATIONsigmoid_ap_fixed_16_5_,conv,vitis,csynth,,107,12,8020,13375,1824,2520,548160,274080,5.8662,0.4762,1.4631,4.88,18056981,131815961.3,,7.3,,,,,,,,
config_CIN32_HIN28_WIN28_COUT32_K3_UFCIN8_UFCOU1_PAD1_STRIDE1_BIASTrue_group_conv2d_GROUPS4_ACTIVATIONrelu_ap_fixed_16_5_,conv,vitis,csynth,,107,9,6329,11925,1824,2520,548160,274080,5.8662,0.3571,1.1546,4.3509,35977740,262637502.0,,7.3,,,,,,,,
config_CIN32_HIN28_WIN28_COUT32_K3_UFCIN8_UFCOU1_PAD1_STRIDE1_BIASTrue_group_conv2d_GROUPS4_ACTIVATIONsigmoid_ap_fixed_16_5_,conv,vitis,csynth,,107,12,8032,13378,1824,2520,548160,274080,5.8662,0.4762,1.4653,4.8811,35977769,262637713.7,,7.3,,,,,,,,
config_CIN32_HIN28_WIN28_COUT32_K3_UFCIN8_UFCOU4_PAD1_STRIDE1_BIASFalse_conv2d_ACTIVATIONrelu_ap_fixed_16_5_,conv,vitis,csynth,,127,33,6560,13623,1824,2520,548160,274080,6.9627,1.3095,1.1967,4.9704,3552847,25935783.099999998,,7.3,,,,,,,,
config_CIN32_HIN28_WIN28_COUT32_K3_UFCIN8_UFCOU4_PAD1_STRIDE1_BIASFalse_conv2d_ACTIVATIONsigmoid_ap_fixed_16_5_,conv,vitis,csynth,,127,36,8455,15168,1824,2520,548160,274080,6.9627,1.4286,1.5424,5.5342,3552876,25935994.8,,7.3,,,,,,,,
config_CIN32_HIN28_WIN28_COUT32_K3_UFCIN8_UFCOU4_PAD1_STRIDE1_BIASFalse_group_conv2d_GROUPS2_ACTIVATIONrelu_ap_fixed_16_5_,conv,vitis,csynth,,127,33,10276,18348,1824,2520,548160,274080,6.9627,1.3095,1.8746,6.6944,10361163,75636489.89999999,,7.3,,,,,,,,
config_CIN32_HIN28_WIN28_COUT32_K3_UFCIN8_UFCOU4_PAD1_STRIDE1_BIASFalse_group_conv2d_GROUPS2_ACTIVATIONsigmoid_ap_fixed_16_5_,conv,vitis,csynth,,127,36,12171,19893,1824,2520,548160,274080,6.9627,1.4286,2.2203,7.2581,10361192,75636701.6,,7.3,,,,,,,,
config_CIN32_HIN28_WIN28_COUT32_K3_UFCIN8_UFCOU4_PAD1_STRIDE1_BIASFalse_group_conv2d_GROUPS4_ACTIVATIONrelu_ap_fixed_16_5_,conv,vitis,csynth,,127,33,10288,18351,1824,2520,548160,274080,6.9627,1.3095,1.8768,6.6955,20605023,150416667.9,,7.3,,,,,,,,
config_CIN32_HIN28_WIN28_COUT32_K3_UFCIN8_UFCOU4_PAD1_STRIDE1_BIASFalse_group_conv2d_GROUPS4_ACTIVATIONsigmoid_ap_fixed_16_5_,conv,vitis,csynth,,127,36,12183,19896,1824,2520,548160,274080,6.9627,1.4286,2.2225,7.2592,20605052,150416879.6,,7.3,,,,,,,,
config_CIN32_HIN28_WIN28_COUT32_K3_UFCIN8_UFCOU4_PAD1_STRIDE1_BIASTrue_conv2d_ACTIVATIONrelu_ap_fixed_16_5_,conv,vitis,csynth,,127,33,6740,13950,1824,2520,548160,274080,6.9627,1.3095,1.2296,5.0898,3552892,25936111.599999998,,7.3,,,,,,,,
config_CIN32_HIN28_WIN28_COUT32_K3_UFCIN8_UFCOU4_PAD1_STRIDE1_BIASTrue_conv2d_ACTIVATIONsigmoid_ap_fixed_16_5_,conv,vitis,csynth,,127,36,8635,15499,1824,2520,548160,274080,6.9627,1.4286,1.5753,5.6549,3552921,25936323.3,,7.3,,,,,,,,
config_CIN32_HIN28_WIN28_COUT32_K3_UFCIN8_UFCOU4_PAD1_STRIDE1_BIASTrue_group_conv2d_GROUPS2_ACTIVATIONrelu_ap_fixed_16_5_,conv,vitis,csynth,,127,33,10456,18675,1824,2520,548160,274080,6.9627,1.3095,1.9075,6.8137,10361208,75636818.39999999,,7.3,,,,,,,,
config_CIN32_HIN28_WIN28_COUT32_K3_UFCIN8_UFCOU4_PAD1_STRIDE1_BIASTrue_group_conv2d_GROUPS2_ACTIVATIONsigmoid_ap_fixed_16_5_,conv,vitis,csynth,,127,36,12351,20224,1824,2520,548160,274080,6.9627,1.4286,2.2532,7.3789,10361237,75637030.1,,7.3,,,,,,,,
config_CIN32_HIN28_WIN28_COUT32_K3_UFCIN8_UFCOU4_PAD1_STRIDE1_BIASTrue_group_conv2d_GROUPS4_ACTIVATIONrelu_ap_fixed_16_5_,conv,vitis,csynth,,127,33,10468,18678,1824,2520,548160,274080,6.9627,1.3095,1.9097,6.8148,20605068,150416996.4,,7.3,,,,,,,,
config_CIN32_HIN28_WIN28_COUT32_K3_UFCIN8_UFCOU4_PAD1_STRIDE1_BIASTrue_group_conv2d_GROUPS4_ACTIVATIONsigmoid_ap_fixed_16_5_,conv,vitis,csynth,,127,36,12363,20227,1824,2520,548160,274080,6.9627,1.4286,2.2554,7.38,20605097,150417208.1,,7.3,,,,,,,,
config_CIN32_HIN28_WIN28_COUT32_K3_UFCIN8_UFCOU8_PAD1_STRIDE1_BIASFalse_conv2d_ACTIVATIONrelu_ap_fixed_16_5_,conv,vitis,csynth,,159,65,7247,16362,1824,2520,548160,274080,8.7171,2.5794,1.3221,5.9698,2646543,19319763.9,,7.3,,,,,,,,
config_CIN32_HIN28_WIN28_COUT32_K3_UFCIN8_UFCOU8_PAD1_STRIDE1_BIASFalse_conv2d_ACTIVATIONsigmoid_ap_fixed_16_5_,conv,vitis,csynth,,159,68,9142,17907,1824,2520,548160,274080,8.7171,2.6984,1.6678,6.5335,2646572,19319975.599999998,,7.3,,,,,,,,
config_CIN32_HIN28_WIN28_COUT32_K3_UFCIN8_UFCOU8_PAD1_STRIDE1_BIASFalse_group_conv2d_GROUPS2_ACTIVATIONrelu_ap_fixed_16_5_,conv,vitis,csynth,,159,65,14071,24461,1824,2520,548160,274080,8.7171,2.5794,2.567,8.9248,6745355,49241091.5,,7.3,,,,,,,,
config_CIN32_HIN28_WIN28_COUT32_K3_UFCIN8_UFCOU8_PAD1_STRIDE1_BIASFalse_group_conv2d_GROUPS2_ACTIVATIONsigmoid_ap_fixed_16_5_,conv,vitis,csynth,,159,68,15966,26006,1824,2520,548160,274080,8.7171,2.6984,2.9127,9.4885,6745384,49241303.199999996,,7.3,,,,,,,,
config_CIN32_HIN28_WIN28_COUT32_K3_UFCIN8_UFCOU8_PAD1_STRIDE1_BIASFalse_group_conv2d_GROUPS4_ACTIVATIONrelu_ap_fixed_16_5_,conv,vitis,csynth,,159,65,6667,13189,1824,2520,548160,274080,8.7171,2.5794,1.2163,4.8121,478175,3490677.5,,7.3,,,,,,,,
config_CIN32_HIN28_WIN28_COUT32_K3_UFCIN8_UFCOU8_PAD1_STRIDE1_BIASFalse_group_conv2d_GROUPS4_ACTIVATIONsigmoid_ap_fixed_16_5_,conv,vitis,csynth,,159,68,8562,14734,1824,2520,548160,274080,8.7171,2.6984,1.562,5.3758,478204,3490889.1999999997,,7.3,,,,,,,,
config_CIN32_HIN28_WIN28_COUT32_K3_UFCIN8_UFCOU8_PAD1_STRIDE1_BIASTrue_conv2d_ACTIVATIONrelu_ap_fixed_16_5_,conv,vitis,csynth,,159,65,7490,16837,1824,2520,548160,274080,8.7171,2.5794,1.3664,6.1431,2646588,19320092.4,,7.3,,,,,,,,
config_CIN32_HIN28_WIN28_COUT32_K3_UFCIN8_UFCOU8_PAD1_STRIDE1_BIASTrue_conv2d_ACTIVATIONsigmoid_ap_fixed_16_5_,conv,vitis,csynth,,159,68,9385,18386,1824,2520,548160,274080,8.7171,2.6984,1.7121,6.7083,2646617,19320304.099999998,,7.3,,,,,,,,
config_CIN32_HIN28_WIN28_COUT32_K3_UFCIN8_UFCOU8_PAD1_STRIDE1_BIASTrue_group_conv2d_GROUPS2_ACTIVATIONrelu_ap_fixed_16_5_,conv,vitis,csynth,,159,65,14314,24936,1824,2520,548160,274080,8.7171,2.5794,2.6113,9.0981,6745400,49241420.0,,7.3,,,,,,,,
config_CIN32_HIN28_WIN28_COUT32_K3_UFCIN8_UFCOU8_PAD1_STRIDE1_BIASTrue_group_conv2d_GROUPS2_ACTIVATIONsigmoid_ap_fixed_16_5_,conv,vitis,csynth,,159,68,16209,26485,1824,2520,548160,274080,8.7171,2.6984,2.957,9.6632,6745429,49241631.699999996,,7.3,,,,,,,,
config_CIN32_HIN28_WIN28_COUT32_K3_UFCIN8_UFCOU8_PAD1_STRIDE1_BIASTrue_group_conv2d_GROUPS4_ACTIVATIONrelu_ap_fixed_16_5_,conv,vitis,csynth,,159,65,6910,13664,1824,2520,548160,274080,8.7171,2.5794,1.2606,4.9854,478220,3491006.0,,7.3,,,,,,,,
config_CIN32_HIN28_WIN28_COUT32_K3_UFCIN8_UFCOU8_PAD1_STRIDE1_BIASTrue_group_conv2d_GROUPS4_ACTIVATIONsigmoid_ap_fixed_16_5_,conv,vitis,csynth,,159,68,8805,15213,1824,2520,548160,274080,8.7171,2.6984,1.6063,5.5506,478249,3491217.6999999997,,7.3,,,,,,,,
config_CIN32_HIN28_WIN56_COUT16_K1_UFCIN1_UFCOU1_PAD1_STRIDE1_BIASFalse_conv2d_ACTIVATIONrelu_ap_fixed_16_5_,conv,vitis,csynth,,112,7,5102,8582,1824,2520,548160,274080,6.1404,0.2778,0.9308,3.1312,1039896,7591240.8,,7.3,,,,,,,,
config_CIN32_HIN28_WIN56_COUT16_K1_UFCIN1_UFCOU1_PAD1_STRIDE1_BIASFalse_conv2d_ACTIVATIONsigmoid_ap_fixed_16_5_,conv,vitis,csynth,,112,10,6870,10070,1824,2520,548160,274080,6.1404,0.3968,1.2533,3.6741,1039926,7591459.8,,7.3,,,,,,,,
config_CIN32_HIN28_WIN56_COUT16_K1_UFCIN1_UFCOU1_PAD1_STRIDE1_BIASFalse_group_conv2d_GROUPS2_ACTIVATIONrelu_ap_fixed_16_5_,conv,vitis,csynth,,112,11,5494,9315,1824,2520,548160,274080,6.1404,0.4365,1.0023,3.3986,3726522,27203610.599999998,,7.3,,,,,,,,
config_CIN32_HIN28_WIN56_COUT16_K1_UFCIN1_UFCOU1_PAD1_STRIDE1_BIASFalse_group_conv2d_GROUPS2_ACTIVATIONsigmoid_ap_fixed_16_5_,conv,vitis,csynth,,112,14,7262,10803,1824,2520,548160,274080,6.1404,0.5556,1.3248,3.9415,3726552,27203829.599999998,,7.3,,,,,,,,
config_CIN32_HIN28_WIN56_COUT16_K1_UFCIN1_UFCOU1_PAD1_STRIDE1_BIASFalse_group_conv2d_GROUPS4_ACTIVATIONrelu_ap_fixed_16_5_,conv,vitis,csynth,,112,11,5496,9318,1824,2520,548160,274080,6.1404,0.4365,1.0026,3.3997,7318008,53421458.4,,7.3,,,,,,,,
config_CIN32_HIN28_WIN56_COUT16_K1_UFCIN1_UFCOU1_PAD1_STRIDE1_BIASFalse_group_conv2d_GROUPS4_ACTIVATIONsigmoid_ap_fixed_16_5_,conv,vitis,csynth,,112,14,7264,10806,1824,2520,548160,274080,6.1404,0.5556,1.3252,3.9426,7318038,53421677.4,,7.3,,,,,,,,
config_CIN32_HIN28_WIN56_COUT16_K1_UFCIN1_UFCOU1_PAD1_STRIDE1_BIASTrue_conv2d_ACTIVATIONrelu_ap_fixed_16_5_,conv,vitis,csynth,,112,7,5238,8766,1824,2520,548160,274080,6.1404,0.2778,0.9556,3.1983,1067702,7794224.6,,7.3,,,,,,,,
config_CIN32_HIN28_WIN56_COUT16_K1_UFCIN1_UFCOU1_PAD1_STRIDE1_BIASTrue_conv2d_ACTIVATIONsigmoid_ap_fixed_16_5_,conv,vitis,csynth,,112,10,7006,10254,1824,2520,548160,274080,6.1404,0.3968,1.2781,3.7412,1067732,7794443.6,,7.3,,,,,,,,
config_CIN32_HIN28_WIN56_COUT16_K1_UFCIN1_UFCOU1_PAD1_STRIDE1_BIASTrue_group_conv2d_GROUPS2_ACTIVATIONrelu_ap_fixed_16_5_,conv,vitis,csynth,,112,11,5630,9499,1824,2520,548160,274080,6.1404,0.4365,1.0271,3.4658,3754328,27406594.4,,7.3,,,,,,,,
config_CIN32_HIN28_WIN56_COUT16_K1_UFCIN1_UFCOU1_PAD1_STRIDE1_BIASTrue_group_conv2d_GROUPS2_ACTIVATIONsigmoid_ap_fixed_16_5_,conv,vitis,csynth,,112,14,7398,10987,1824,2520,548160,274080,6.1404,0.5556,1.3496,4.0087,3754358,27406813.4,,7.3,,,,,,,,
config_CIN32_HIN28_WIN56_COUT16_K1_UFCIN1_UFCOU1_PAD1_STRIDE1_BIASTrue_group_conv2d_GROUPS4_ACTIVATIONrelu_ap_fixed_16_5_,conv,vitis,csynth,,112,11,5632,9502,1824,2520,548160,274080,6.1404,0.4365,1.0274,3.4669,7345814,53624442.199999996,,7.3,,,,,,,,
config_CIN32_HIN28_WIN56_COUT16_K1_UFCIN1_UFCOU1_PAD1_STRIDE1_BIASTrue_group_conv2d_GROUPS4_ACTIVATIONsigmoid_ap_fixed_16_5_,conv,vitis,csynth,,112,14,7400,10990,1824,2520,548160,274080,6.1404,0.5556,1.35,4.0098,7345844,53624661.199999996,,7.3,,,,,,,,
config_CIN32_HIN28_WIN56_COUT16_K1_UFCIN1_UFCOU4_PAD1_STRIDE1_BIASFalse_conv2d_ACTIVATIONrelu_ap_fixed_16_5_,conv,vitis,csynth,,119,12,5408,9390,1824,2520,548160,274080,6.5241,0.4762,0.9866,3.426,378634,2764028.1999999997,,7.3,,,,,,,,
config_CIN32_HIN28_WIN56_COUT16_K1_UFCIN1_UFCOU4_PAD1_STRIDE1_BIASFalse_conv2d_ACTIVATIONsigmoid_ap_fixed_16_5_,conv,vitis,csynth,,119,15,7240,10910,1824,2520,548160,274080,6.5241,0.5952,1.3208,3.9806,378664,2764247.1999999997,,7.3,,,,,,,,
config_CIN32_HIN28_WIN56_COUT16_K1_UFCIN1_UFCOU4_PAD1_STRIDE1_BIASFalse_group_conv2d_GROUPS2_ACTIVATIONrelu_ap_fixed_16_5_,conv,vitis,csynth,,119,12,6241,10246,1824,2520,548160,274080,6.5241,0.4762,1.1385,3.7383,2264858,16533463.4,,7.3,,,,,,,,
config_CIN32_HIN28_WIN56_COUT16_K1_UFCIN1_UFCOU4_PAD1_STRIDE1_BIASFalse_group_conv2d_GROUPS2_ACTIVATIONsigmoid_ap_fixed_16_5_,conv,vitis,csynth,,119,15,8073,11766,1824,2520,548160,274080,6.5241,0.5952,1.4727,4.2929,2264888,16533682.4,,7.3,,,,,,,,
config_CIN32_HIN28_WIN56_COUT16_K1_UFCIN1_UFCOU4_PAD1_STRIDE1_BIASFalse_group_conv2d_GROUPS4_ACTIVATIONrelu_ap_fixed_16_5_,conv,vitis,csynth,,119,11,5528,9581,1824,2520,548160,274080,6.5241,0.4365,1.0085,3.4957,3949302,28829904.599999998,,7.3,,,,,,,,
config_CIN32_HIN28_WIN56_COUT16_K1_UFCIN1_UFCOU4_PAD1_STRIDE1_BIASFalse_group_conv2d_GROUPS4_ACTIVATIONsigmoid_ap_fixed_16_5_,conv,vitis,csynth,,119,14,7360,11101,1824,2520,548160,274080,6.5241,0.5556,1.3427,4.0503,3949332,28830123.599999998,,7.3,,,,,,,,
config_CIN32_HIN28_WIN56_COUT16_K1_UFCIN1_UFCOU4_PAD1_STRIDE1_BIASTrue_conv2d_ACTIVATIONrelu_ap_fixed_16_5_,conv,vitis,csynth,,119,12,5584,9688,1824,2520,548160,274080,6.5241,0.4762,1.0187,3.5347,378663,2764239.9,,7.3,,,,,,,,
config_CIN32_HIN28_WIN56_COUT16_K1_UFCIN1_UFCOU4_PAD1_STRIDE1_BIASTrue_conv2d_ACTIVATIONsigmoid_ap_fixed_16_5_,conv,vitis,csynth,,119,15,7416,11208,1824,2520,548160,274080,6.5241,0.5952,1.3529,4.0893,378693,2764458.9,,7.3,,,,,,,,
config_CIN32_HIN28_WIN56_COUT16_K1_UFCIN1_UFCOU4_PAD1_STRIDE1_BIASTrue_group_conv2d_GROUPS2_ACTIVATIONrelu_ap_fixed_16_5_,conv,vitis,csynth,,119,12,6417,10544,1824,2520,548160,274080,6.5241,0.4762,1.1706,3.8471,2264887,16533675.1,,7.3,,,,,,,,
config_CIN32_HIN28_WIN56_COUT16_K1_UFCIN1_UFCOU4_PAD1_STRIDE1_BIASTrue_group_conv2d_GROUPS2_ACTIVATIONsigmoid_ap_fixed_16_5_,conv,vitis,csynth,,119,15,8249,12064,1824,2520,548160,274080,6.5241,0.5952,1.5049,4.4016,2264917,16533894.1,,7.3,,,,,,,,
config_CIN32_HIN28_WIN56_COUT16_K1_UFCIN1_UFCOU4_PAD1_STRIDE1_BIASTrue_group_conv2d_GROUPS4_ACTIVATIONrelu_ap_fixed_16_5_,conv,vitis,csynth,,119,11,5704,9879,1824,2520,548160,274080,6.5241,0.4365,1.0406,3.6044,3949331,28830116.3,,7.3,,,,,,,,
config_CIN32_HIN28_WIN56_COUT16_K1_UFCIN1_UFCOU4_PAD1_STRIDE1_BIASTrue_group_conv2d_GROUPS4_ACTIVATIONsigmoid_ap_fixed_16_5_,conv,vitis,csynth,,119,14,7536,11399,1824,2520,548160,274080,6.5241,0.5556,1.3748,4.159,3949361,28830335.3,,7.3,,,,,,,,
config_CIN32_HIN28_WIN56_COUT16_K1_UFCIN1_UFCOU8_PAD1_STRIDE1_BIASFalse_conv2d_ACTIVATIONrelu_ap_fixed_16_5_,conv,vitis,csynth,,123,16,5607,10174,1824,2520,548160,274080,6.7434,0.6349,1.0229,3.7121,375154,2738624.1999999997,,7.3,,,,,,,,
config_CIN32_HIN28_WIN56_COUT16_K1_UFCIN1_UFCOU8_PAD1_STRIDE1_BIASFalse_conv2d_ACTIVATIONsigmoid_ap_fixed_16_5_,conv,vitis,csynth,,123,19,7439,11694,1824,2520,548160,274080,6.7434,0.754,1.3571,4.2666,375184,2738843.1999999997,,7.3,,,,,,,,
config_CIN32_HIN28_WIN56_COUT16_K1_UFCIN1_UFCOU8_PAD1_STRIDE1_BIASFalse_group_conv2d_GROUPS2_ACTIVATIONrelu_ap_fixed_16_5_,conv,vitis,csynth,,123,16,5614,10247,1824,2520,548160,274080,6.7434,0.6349,1.0242,3.7387,3824078,27915769.4,,7.3,,,,,,,,
config_CIN32_HIN28_WIN56_COUT16_K1_UFCIN1_UFCOU8_PAD1_STRIDE1_BIASFalse_group_conv2d_GROUPS2_ACTIVATIONsigmoid_ap_fixed_16_5_,conv,vitis,csynth,,123,19,7446,11767,1824,2520,548160,274080,6.7434,0.754,1.3584,4.2933,3824108,27915988.4,,7.3,,,,,,,,
config_CIN32_HIN28_WIN56_COUT16_K1_UFCIN1_UFCOU8_PAD1_STRIDE1_BIASFalse_group_conv2d_GROUPS4_ACTIVATIONrelu_ap_fixed_16_5_,conv,vitis,csynth,,123,20,6003,11542,1824,2520,548160,274080,6.7434,0.7937,1.0951,4.2112,4384302,32005404.599999998,,7.3,,,,,,,,
config_CIN32_HIN28_WIN56_COUT16_K1_UFCIN1_UFCOU8_PAD1_STRIDE1_BIASFalse_group_conv2d_GROUPS4_ACTIVATIONsigmoid_ap_fixed_16_5_,conv,vitis,csynth,,123,23,7835,13062,1824,2520,548160,274080,6.7434,0.9127,1.4293,4.7658,4384332,32005623.599999998,,7.3,,,,,,,,
config_CIN32_HIN28_WIN56_COUT16_K1_UFCIN1_UFCOU8_PAD1_STRIDE1_BIASTrue_conv2d_ACTIVATIONrelu_ap_fixed_16_5_,conv,vitis,csynth,,123,16,5845,10624,1824,2520,548160,274080,6.7434,0.6349,1.0663,3.8762,375183,2738835.9,,7.3,,,,,,,,
config_CIN32_HIN28_WIN56_COUT16_K1_UFCIN1_UFCOU8_PAD1_STRIDE1_BIASTrue_conv2d_ACTIVATIONsigmoid_ap_fixed_16_5_,conv,vitis,csynth,,123,19,7677,12144,1824,2520,548160,274080,6.7434,0.754,1.4005,4.4308,375213,2739054.9,,7.3,,,,,,,,
config_CIN32_HIN28_WIN56_COUT16_K1_UFCIN1_UFCOU8_PAD1_STRIDE1_BIASTrue_group_conv2d_GROUPS2_ACTIVATIONrelu_ap_fixed_16_5_,conv,vitis,csynth,,123,16,5852,10697,1824,2520,548160,274080,6.7434,0.6349,1.0676,3.9029,3824107,27915981.099999998,,7.3,,,,,,,,
config_CIN32_HIN28_WIN56_COUT16_K1_UFCIN1_UFCOU8_PAD1_STRIDE1_BIASTrue_group_conv2d_GROUPS2_ACTIVATIONsigmoid_ap_fixed_16_5_,conv,vitis,csynth,,123,19,7684,12217,1824,2520,548160,274080,6.7434,0.754,1.4018,4.4575,3824137,27916200.099999998,,7.3,,,,,,,,
config_CIN32_HIN28_WIN56_COUT16_K1_UFCIN1_UFCOU8_PAD1_STRIDE1_BIASTrue_group_conv2d_GROUPS4_ACTIVATIONrelu_ap_fixed_16_5_,conv,vitis,csynth,,123,20,6241,11992,1824,2520,548160,274080,6.7434,0.7937,1.1385,4.3754,4384331,32005616.3,,7.3,,,,,,,,
config_CIN32_HIN28_WIN56_COUT16_K1_UFCIN1_UFCOU8_PAD1_STRIDE1_BIASTrue_group_conv2d_GROUPS4_ACTIVATIONsigmoid_ap_fixed_16_5_,conv,vitis,csynth,,123,23,8073,13512,1824,2520,548160,274080,6.7434,0.9127,1.4727,4.9299,4384361,32005835.3,,7.3,,,,,,,,
config_CIN32_HIN28_WIN56_COUT16_K1_UFCIN4_UFCOU1_PAD1_STRIDE1_BIASFalse_conv2d_ACTIVATIONrelu_ap_fixed_16_5_,conv,vitis,csynth,,127,13,5449,9148,1824,2520,548160,274080,6.9627,0.5159,0.9941,3.3377,1516594,11071136.2,,7.3,,,,,,,,
config_CIN32_HIN28_WIN56_COUT16_K1_UFCIN4_UFCOU1_PAD1_STRIDE1_BIASFalse_conv2d_ACTIVATIONsigmoid_ap_fixed_16_5_,conv,vitis,csynth,,127,16,7217,10636,1824,2520,548160,274080,6.9627,0.6349,1.3166,3.8806,1516624,11071355.2,,7.3,,,,,,,,
config_CIN32_HIN28_WIN56_COUT16_K1_UFCIN4_UFCOU1_PAD1_STRIDE1_BIASFalse_group_conv2d_GROUPS2_ACTIVATIONrelu_ap_fixed_16_5_,conv,vitis,csynth,,127,13,5567,9436,1824,2520,548160,274080,6.9627,0.5159,1.0156,3.4428,2894738,21131587.4,,7.3,,,,,,,,
config_CIN32_HIN28_WIN56_COUT16_K1_UFCIN4_UFCOU1_PAD1_STRIDE1_BIASFalse_group_conv2d_GROUPS2_ACTIVATIONsigmoid_ap_fixed_16_5_,conv,vitis,csynth,,127,16,7335,10924,1824,2520,548160,274080,6.9627,0.6349,1.3381,3.9857,2894768,21131806.4,,7.3,,,,,,,,
config_CIN32_HIN28_WIN56_COUT16_K1_UFCIN4_UFCOU1_PAD1_STRIDE1_BIASFalse_group_conv2d_GROUPS4_ACTIVATIONrelu_ap_fixed_16_5_,conv,vitis,csynth,,127,13,5570,9439,1824,2520,548160,274080,6.9627,0.5159,1.0161,3.4439,5626662,41074632.6,,7.3,,,,,,,,
config_CIN32_HIN28_WIN56_COUT16_K1_UFCIN4_UFCOU1_PAD1_STRIDE1_BIASFalse_group_conv2d_GROUPS4_ACTIVATIONsigmoid_ap_fixed_16_5_,conv,vitis,csynth,,127,16,7338,10927,1824,2520,548160,274080,6.9627,0.6349,1.3387,3.9868,5626692,41074851.6,,7.3,,,,,,,,
config_CIN32_HIN28_WIN56_COUT16_K1_UFCIN4_UFCOU1_PAD1_STRIDE1_BIASTrue_conv2d_ACTIVATIONrelu_ap_fixed_16_5_,conv,vitis,csynth,,127,13,5585,9335,1824,2520,548160,274080,6.9627,0.5159,1.0189,3.4059,1516623,11071347.9,,7.3,,,,,,,,
config_CIN32_HIN28_WIN56_COUT16_K1_UFCIN4_UFCOU1_PAD1_STRIDE1_BIASTrue_conv2d_ACTIVATIONsigmoid_ap_fixed_16_5_,conv,vitis,csynth,,127,16,7353,10823,1824,2520,548160,274080,6.9627,0.6349,1.3414,3.9488,1516653,11071566.9,,7.3,,,,,,,,
config_CIN32_HIN28_WIN56_COUT16_K1_UFCIN4_UFCOU1_PAD1_STRIDE1_BIASTrue_group_conv2d_GROUPS2_ACTIVATIONrelu_ap_fixed_16_5_,conv,vitis,csynth,,127,13,5703,9623,1824,2520,548160,274080,6.9627,0.5159,1.0404,3.511,2894767,21131799.099999998,,7.3,,,,,,,,
config_CIN32_HIN28_WIN56_COUT16_K1_UFCIN4_UFCOU1_PAD1_STRIDE1_BIASTrue_group_conv2d_GROUPS2_ACTIVATIONsigmoid_ap_fixed_16_5_,conv,vitis,csynth,,127,16,7471,11111,1824,2520,548160,274080,6.9627,0.6349,1.3629,4.0539,2894797,21132018.099999998,,7.3,,,,,,,,
config_CIN32_HIN28_WIN56_COUT16_K1_UFCIN4_UFCOU1_PAD1_STRIDE1_BIASTrue_group_conv2d_GROUPS4_ACTIVATIONrelu_ap_fixed_16_5_,conv,vitis,csynth,,127,13,5706,9626,1824,2520,548160,274080,6.9627,0.5159,1.0409,3.5121,5626691,41074844.3,,7.3,,,,,,,,
config_CIN32_HIN28_WIN56_COUT16_K1_UFCIN4_UFCOU1_PAD1_STRIDE1_BIASTrue_group_conv2d_GROUPS4_ACTIVATIONsigmoid_ap_fixed_16_5_,conv,vitis,csynth,,127,16,7474,11114,1824,2520,548160,274080,6.9627,0.6349,1.3635,4.055,5626721,41075063.3,,7.3,,,,,,,,
config_CIN32_HIN28_WIN56_COUT16_K1_UFCIN4_UFCOU4_PAD1_STRIDE1_BIASFalse_conv2d_ACTIVATIONrelu_ap_fixed_16_5_,conv,vitis,csynth,,127,27,6226,10653,1824,2520,548160,274080,6.9627,1.0714,1.1358,3.8868,827554,6041144.2,,7.3,,,,,,,,
config_CIN32_HIN28_WIN56_COUT16_K1_UFCIN4_UFCOU4_PAD1_STRIDE1_BIASFalse_conv2d_ACTIVATIONsigmoid_ap_fixed_16_5_,conv,vitis,csynth,,127,30,8058,12173,1824,2520,548160,274080,6.9627,1.1905,1.47,4.4414,827584,6041363.2,,7.3,,,,,,,,
config_CIN32_HIN28_WIN56_COUT16_K1_UFCIN4_UFCOU4_PAD1_STRIDE1_BIASFalse_group_conv2d_GROUPS2_ACTIVATIONrelu_ap_fixed_16_5_,conv,vitis,csynth,,127,27,8234,13175,1824,2520,548160,274080,6.9627,1.0714,1.5021,4.807,2038658,14882203.4,,7.3,,,,,,,,
config_CIN32_HIN28_WIN56_COUT16_K1_UFCIN4_UFCOU4_PAD1_STRIDE1_BIASFalse_group_conv2d_GROUPS2_ACTIVATIONsigmoid_ap_fixed_16_5_,conv,vitis,csynth,,127,30,10066,14695,1824,2520,548160,274080,6.9627,1.1905,1.8363,5.3616,2038688,14882422.4,,7.3,,,,,,,,
config_CIN32_HIN28_WIN56_COUT16_K1_UFCIN4_UFCOU4_PAD1_STRIDE1_BIASFalse_group_conv2d_GROUPS4_ACTIVATIONrelu_ap_fixed_16_5_,conv,vitis,csynth,,127,23,6025,10417,1824,2520,548160,274080,6.9627,0.9127,1.0991,3.8007,1944822,14197200.6,,7.3,,,,,,,,
config_CIN32_HIN28_WIN56_COUT16_K1_UFCIN4_UFCOU4_PAD1_STRIDE1_BIASFalse_group_conv2d_GROUPS4_ACTIVATIONsigmoid_ap_fixed_16_5_,conv,vitis,csynth,,127,26,7857,11937,1824,2520,548160,274080,6.9627,1.0317,1.4333,4.3553,1944852,14197419.6,,7.3,,,,,,,,
config_CIN32_HIN28_WIN56_COUT16_K1_UFCIN4_UFCOU4_PAD1_STRIDE1_BIASTrue_conv2d_ACTIVATIONrelu_ap_fixed_16_5_,conv,vitis,csynth,,127,27,6402,10951,1824,2520,548160,274080,6.9627,1.0714,1.1679,3.9955,827583,6041355.899999999,,7.3,,,,,,,,
config_CIN32_HIN28_WIN56_COUT16_K1_UFCIN4_UFCOU4_PAD1_STRIDE1_BIASTrue_conv2d_ACTIVATIONsigmoid_ap_fixed_16_5_,conv,vitis,csynth,,127,30,8234,12471,1824,2520,548160,274080,6.9627,1.1905,1.5021,4.5501,827613,6041574.899999999,,7.3,,,,,,,,
config_CIN32_HIN28_WIN56_COUT16_K1_UFCIN4_UFCOU4_PAD1_STRIDE1_BIASTrue_group_conv2d_GROUPS2_ACTIVATIONrelu_ap_fixed_16_5_,conv,vitis,csynth,,127,27,8410,13473,1824,2520,548160,274080,6.9627,1.0714,1.5342,4.9157,2038687,14882415.1,,7.3,,,,,,,,
config_CIN32_HIN28_WIN56_COUT16_K1_UFCIN4_UFCOU4_PAD1_STRIDE1_BIASTrue_group_conv2d_GROUPS2_ACTIVATIONsigmoid_ap_fixed_16_5_,conv,vitis,csynth,,127,30,10242,14993,1824,2520,548160,274080,6.9627,1.1905,1.8684,5.4703,2038717,14882634.1,,7.3,,,,,,,,
config_CIN32_HIN28_WIN56_COUT16_K1_UFCIN4_UFCOU4_PAD1_STRIDE1_BIASTrue_group_conv2d_GROUPS4_ACTIVATIONrelu_ap_fixed_16_5_,conv,vitis,csynth,,127,23,6201,10715,1824,2520,548160,274080,6.9627,0.9127,1.1312,3.9094,1944851,14197412.299999999,,7.3,,,,,,,,
config_CIN32_HIN28_WIN56_COUT16_K1_UFCIN4_UFCOU4_PAD1_STRIDE1_BIASTrue_group_conv2d_GROUPS4_ACTIVATIONsigmoid_ap_fixed_16_5_,conv,vitis,csynth,,127,26,8033,12235,1824,2520,548160,274080,6.9627,1.0317,1.4654,4.464,1944881,14197631.299999999,,7.3,,,,,,,,
config_CIN32_HIN28_WIN56_COUT16_K1_UFCIN4_UFCOU8_PAD1_STRIDE1_BIASFalse_conv2d_ACTIVATIONrelu_ap_fixed_16_5_,conv,vitis,csynth,,127,43,6834,12250,1824,2520,548160,274080,6.9627,1.7063,1.2467,4.4695,712714,5202812.2,,7.3,,,,,,,,
config_CIN32_HIN28_WIN56_COUT16_K1_UFCIN4_UFCOU8_PAD1_STRIDE1_BIASFalse_conv2d_ACTIVATIONsigmoid_ap_fixed_16_5_,conv,vitis,csynth,,127,46,8666,13770,1824,2520,548160,274080,6.9627,1.8254,1.5809,5.0241,712744,5203031.2,,7.3,,,,,,,,
config_CIN32_HIN28_WIN56_COUT16_K1_UFCIN4_UFCOU8_PAD1_STRIDE1_BIASFalse_group_conv2d_GROUPS2_ACTIVATIONrelu_ap_fixed_16_5_,conv,vitis,csynth,,127,40,6563,11691,1824,2520,548160,274080,6.9627,1.5873,1.1973,4.2655,1541198,11250745.4,,7.3,,,,,,,,
config_CIN32_HIN28_WIN56_COUT16_K1_UFCIN4_UFCOU8_PAD1_STRIDE1_BIASFalse_group_conv2d_GROUPS2_ACTIVATIONsigmoid_ap_fixed_16_5_,conv,vitis,csynth,,127,43,8395,13211,1824,2520,548160,274080,6.9627,1.7063,1.5315,4.8201,1541228,11250964.4,,7.3,,,,,,,,
config_CIN32_HIN28_WIN56_COUT16_K1_UFCIN4_UFCOU8_PAD1_STRIDE1_BIASFalse_group_conv2d_GROUPS4_ACTIVATIONrelu_ap_fixed_16_5_,conv,vitis,csynth,,127,33,7158,13789,1824,2520,548160,274080,6.9627,1.3095,1.3058,5.031,4850982,35412168.6,,7.3,,,,,,,,
config_CIN32_HIN28_WIN56_COUT16_K1_UFCIN4_UFCOU8_PAD1_STRIDE1_BIASFalse_group_conv2d_GROUPS4_ACTIVATIONsigmoid_ap_fixed_16_5_,conv,vitis,csynth,,127,36,8990,15309,1824,2520,548160,274080,6.9627,1.4286,1.64,5.5856,4851012,35412387.6,,7.3,,,,,,,,
config_CIN32_HIN28_WIN56_COUT16_K1_UFCIN4_UFCOU8_PAD1_STRIDE1_BIASTrue_conv2d_ACTIVATIONrelu_ap_fixed_16_5_,conv,vitis,csynth,,127,43,7072,12700,1824,2520,548160,274080,6.9627,1.7063,1.2901,4.6337,712743,5203023.899999999,,7.3,,,,,,,,
config_CIN32_HIN28_WIN56_COUT16_K1_UFCIN4_UFCOU8_PAD1_STRIDE1_BIASTrue_conv2d_ACTIVATIONsigmoid_ap_fixed_16_5_,conv,vitis,csynth,,127,46,8904,14220,1824,2520,548160,274080,6.9627,1.8254,1.6243,5.1883,712773,5203242.899999999,,7.3,,,,,,,,
config_CIN32_HIN28_WIN56_COUT16_K1_UFCIN4_UFCOU8_PAD1_STRIDE1_BIASTrue_group_conv2d_GROUPS2_ACTIVATIONrelu_ap_fixed_16_5_,conv,vitis,csynth,,127,40,6801,12141,1824,2520,548160,274080,6.9627,1.5873,1.2407,4.4297,1541227,11250957.1,,7.3,,,,,,,,
config_CIN32_HIN28_WIN56_COUT16_K1_UFCIN4_UFCOU8_PAD1_STRIDE1_BIASTrue_group_conv2d_GROUPS2_ACTIVATIONsigmoid_ap_fixed_16_5_,conv,vitis,csynth,,127,43,8633,13661,1824,2520,548160,274080,6.9627,1.7063,1.5749,4.9843,1541257,11251176.1,,7.3,,,,,,,,
config_CIN32_HIN28_WIN56_COUT16_K1_UFCIN4_UFCOU8_PAD1_STRIDE1_BIASTrue_group_conv2d_GROUPS4_ACTIVATIONrelu_ap_fixed_16_5_,conv,vitis,csynth,,127,33,7396,14239,1824,2520,548160,274080,6.9627,1.3095,1.3492,5.1952,4851011,35412380.3,,7.3,,,,,,,,
config_CIN32_HIN28_WIN56_COUT16_K1_UFCIN4_UFCOU8_PAD1_STRIDE1_BIASTrue_group_conv2d_GROUPS4_ACTIVATIONsigmoid_ap_fixed_16_5_,conv,vitis,csynth,,127,36,9228,15759,1824,2520,548160,274080,6.9627,1.4286,1.6835,5.7498,4851041,35412599.3,,7.3,,,,,,,,
config_CIN32_HIN28_WIN56_COUT16_K1_UFCIN8_UFCOU1_PAD1_STRIDE1_BIASFalse_conv2d_ACTIVATIONrelu_ap_fixed_16_5_,conv,vitis,csynth,,131,21,5867,9940,1824,2520,548160,274080,7.182,0.8333,1.0703,3.6267,1509634,11020328.2,,7.3,,,,,,,,
config_CIN32_HIN28_WIN56_COUT16_K1_UFCIN8_UFCOU1_PAD1_STRIDE1_BIASFalse_conv2d_ACTIVATIONsigmoid_ap_fixed_16_5_,conv,vitis,csynth,,131,24,7635,11428,1824,2520,548160,274080,7.182,0.9524,1.3928,4.1696,1509664,11020547.2,,7.3,,,,,,,,
config_CIN32_HIN28_WIN56_COUT16_K1_UFCIN8_UFCOU1_PAD1_STRIDE1_BIASFalse_group_conv2d_GROUPS2_ACTIVATIONrelu_ap_fixed_16_5_,conv,vitis,csynth,,131,21,6058,10386,1824,2520,548160,274080,7.182,0.8333,1.1052,3.7894,2908658,21233203.4,,7.3,,,,,,,,
config_CIN32_HIN28_WIN56_COUT16_K1_UFCIN8_UFCOU1_PAD1_STRIDE1_BIASFalse_group_conv2d_GROUPS2_ACTIVATIONsigmoid_ap_fixed_16_5_,conv,vitis,csynth,,131,24,7826,11874,1824,2520,548160,274080,7.182,0.9524,1.4277,4.3323,2908688,21233422.4,,7.3,,,,,,,,
config_CIN32_HIN28_WIN56_COUT16_K1_UFCIN8_UFCOU1_PAD1_STRIDE1_BIASFalse_group_conv2d_GROUPS4_ACTIVATIONrelu_ap_fixed_16_5_,conv,vitis,csynth,,131,21,6070,10389,1824,2520,548160,274080,7.182,0.8333,1.1073,3.7905,5654502,41277864.6,,7.3,,,,,,,,
config_CIN32_HIN28_WIN56_COUT16_K1_UFCIN8_UFCOU1_PAD1_STRIDE1_BIASFalse_group_conv2d_GROUPS4_ACTIVATIONsigmoid_ap_fixed_16_5_,conv,vitis,csynth,,131,24,7838,11877,1824,2520,548160,274080,7.182,0.9524,1.4299,4.3334,5654532,41278083.6,,7.3,,,,,,,,
config_CIN32_HIN28_WIN56_COUT16_K1_UFCIN8_UFCOU1_PAD1_STRIDE1_BIASTrue_conv2d_ACTIVATIONrelu_ap_fixed_16_5_,conv,vitis,csynth,,131,21,6003,10127,1824,2520,548160,274080,7.182,0.8333,1.0951,3.6949,1509663,11020539.9,,7.3,,,,,,,,
config_CIN32_HIN28_WIN56_COUT16_K1_UFCIN8_UFCOU1_PAD1_STRIDE1_BIASTrue_conv2d_ACTIVATIONsigmoid_ap_fixed_16_5_,conv,vitis,csynth,,131,24,7771,11615,1824,2520,548160,274080,7.182,0.9524,1.4177,4.2378,1509693,11020758.9,,7.3,,,,,,,,
config_CIN32_HIN28_WIN56_COUT16_K1_UFCIN8_UFCOU1_PAD1_STRIDE1_BIASTrue_group_conv2d_GROUPS2_ACTIVATIONrelu_ap_fixed_16_5_,conv,vitis,csynth,,131,21,6194,10573,1824,2520,548160,274080,7.182,0.8333,1.13,3.8576,2908687,21233415.099999998,,7.3,,,,,,,,
config_CIN32_HIN28_WIN56_COUT16_K1_UFCIN8_UFCOU1_PAD1_STRIDE1_BIASTrue_group_conv2d_GROUPS2_ACTIVATIONsigmoid_ap_fixed_16_5_,conv,vitis,csynth,,131,24,7962,12061,1824,2520,548160,274080,7.182,0.9524,1.4525,4.4005,2908717,21233634.099999998,,7.3,,,,,,,,
config_CIN32_HIN28_WIN56_COUT16_K1_UFCIN8_UFCOU1_PAD1_STRIDE1_BIASTrue_group_conv2d_GROUPS4_ACTIVATIONrelu_ap_fixed_16_5_,conv,vitis,csynth,,131,21,6206,10576,1824,2520,548160,274080,7.182,0.8333,1.1322,3.8587,5654531,41278076.3,,7.3,,,,,,,,
config_CIN32_HIN28_WIN56_COUT16_K1_UFCIN8_UFCOU1_PAD1_STRIDE1_BIASTrue_group_conv2d_GROUPS4_ACTIVATIONsigmoid_ap_fixed_16_5_,conv,vitis,csynth,,131,24,7974,12064,1824,2520,548160,274080,7.182,0.9524,1.4547,4.4016,5654561,41278295.3,,7.3,,,,,,,,
config_CIN32_HIN28_WIN56_COUT16_K1_UFCIN8_UFCOU4_PAD1_STRIDE1_BIASFalse_conv2d_ACTIVATIONrelu_ap_fixed_16_5_,conv,vitis,csynth,,127,47,7197,12243,1824,2520,548160,274080,6.9627,1.8651,1.3129,4.4669,820594,5990336.2,,7.3,,,,,,,,
config_CIN32_HIN28_WIN56_COUT16_K1_UFCIN8_UFCOU4_PAD1_STRIDE1_BIASFalse_conv2d_ACTIVATIONsigmoid_ap_fixed_16_5_,conv,vitis,csynth,,127,50,9029,13763,1824,2520,548160,274080,6.9627,1.9841,1.6471,5.0215,820624,5990555.2,,7.3,,,,,,,,
config_CIN32_HIN28_WIN56_COUT16_K1_UFCIN8_UFCOU4_PAD1_STRIDE1_BIASFalse_group_conv2d_GROUPS2_ACTIVATIONrelu_ap_fixed_16_5_,conv,vitis,csynth,,127,47,10957,17099,1824,2520,548160,274080,6.9627,1.8651,1.9989,6.2387,2024738,14780587.4,,7.3,,,,,,,,
config_CIN32_HIN28_WIN56_COUT16_K1_UFCIN8_UFCOU4_PAD1_STRIDE1_BIASFalse_group_conv2d_GROUPS2_ACTIVATIONsigmoid_ap_fixed_16_5_,conv,vitis,csynth,,127,50,12789,18619,1824,2520,548160,274080,6.9627,1.9841,2.3331,6.7933,2024768,14780806.4,,7.3,,,,,,,,
config_CIN32_HIN28_WIN56_COUT16_K1_UFCIN8_UFCOU4_PAD1_STRIDE1_BIASFalse_group_conv2d_GROUPS4_ACTIVATIONrelu_ap_fixed_16_5_,conv,vitis,csynth,,127,39,6676,11370,1824,2520,548160,274080,6.9627,1.5476,1.2179,4.1484,1694262,12368112.6,,7.3,,,,,,,,
config_CIN32_HIN28_WIN56_COUT16_K1_UFCIN8_UFCOU4_PAD1_STRIDE1_BIASFalse_group_conv2d_GROUPS4_ACTIVATIONsigmoid_ap_fixed_16_5_,conv,vitis,csynth,,127,42,8508,12890,1824,2520,548160,274080,6.9627,1.6667,1.5521,4.703,1694292,12368331.6,,7.3,,,,,,,,
config_CIN32_HIN28_WIN56_COUT16_K1_UFCIN8_UFCOU4_PAD1_STRIDE1_BIASTrue_conv2d_ACTIVATIONrelu_ap_fixed_16_5_,conv,vitis,csynth,,127,47,7373,12541,1824,2520,548160,274080,6.9627,1.8651,1.345,4.5757,820623,5990547.899999999,,7.3,,,,,,,,
config_CIN32_HIN28_WIN56_COUT16_K1_UFCIN8_UFCOU4_PAD1_STRIDE1_BIASTrue_conv2d_ACTIVATIONsigmoid_ap_fixed_16_5_,conv,vitis,csynth,,127,50,9205,14061,1824,2520,548160,274080,6.9627,1.9841,1.6793,5.1303,820653,5990766.899999999,,7.3,,,,,,,,
config_CIN32_HIN28_WIN56_COUT16_K1_UFCIN8_UFCOU4_PAD1_STRIDE1_BIASTrue_group_conv2d_GROUPS2_ACTIVATIONrelu_ap_fixed_16_5_,conv,vitis,csynth,,127,47,11133,17397,1824,2520,548160,274080,6.9627,1.8651,2.031,6.3474,2024767,14780799.1,,7.3,,,,,,,,
config_CIN32_HIN28_WIN56_COUT16_K1_UFCIN8_UFCOU4_PAD1_STRIDE1_BIASTrue_group_conv2d_GROUPS2_ACTIVATIONsigmoid_ap_fixed_16_5_,conv,vitis,csynth,,127,50,12965,18917,1824,2520,548160,274080,6.9627,1.9841,2.3652,6.902,2024797,14781018.1,,7.3,,,,,,,,
config_CIN32_HIN28_WIN56_COUT16_K1_UFCIN8_UFCOU4_PAD1_STRIDE1_BIASTrue_group_conv2d_GROUPS4_ACTIVATIONrelu_ap_fixed_16_5_,conv,vitis,csynth,,127,39,6852,11668,1824,2520,548160,274080,6.9627,1.5476,1.25,4.2572,1694291,12368324.299999999,,7.3,,,,,,,,
config_CIN32_HIN28_WIN56_COUT16_K1_UFCIN8_UFCOU4_PAD1_STRIDE1_BIASTrue_group_conv2d_GROUPS4_ACTIVATIONsigmoid_ap_fixed_16_5_,conv,vitis,csynth,,127,42,8684,13188,1824,2520,548160,274080,6.9627,1.6667,1.5842,4.8117,1694321,12368543.299999999,,7.3,,,,,,,,
config_CIN32_HIN28_WIN56_COUT16_K1_UFCIN8_UFCOU8_PAD1_STRIDE1_BIASFalse_conv2d_ACTIVATIONrelu_ap_fixed_16_5_,conv,vitis,csynth,,127,79,8409,14936,1824,2520,548160,274080,6.9627,3.1349,1.534,5.4495,705754,5152004.2,,7.3,,,,,,,,
config_CIN32_HIN28_WIN56_COUT16_K1_UFCIN8_UFCOU8_PAD1_STRIDE1_BIASFalse_conv2d_ACTIVATIONsigmoid_ap_fixed_16_5_,conv,vitis,csynth,,127,82,10241,16456,1824,2520,548160,274080,6.9627,3.254,1.8683,6.0041,705784,5152223.2,,7.3,,,,,,,,
config_CIN32_HIN28_WIN56_COUT16_K1_UFCIN8_UFCOU8_PAD1_STRIDE1_BIASFalse_group_conv2d_GROUPS2_ACTIVATIONrelu_ap_fixed_16_5_,conv,vitis,csynth,,127,72,7733,13370,1824,2520,548160,274080,6.9627,2.8571,1.4107,4.8781,1193198,8710345.4,,7.3,,,,,,,,
config_CIN32_HIN28_WIN56_COUT16_K1_UFCIN8_UFCOU8_PAD1_STRIDE1_BIASFalse_group_conv2d_GROUPS2_ACTIVATIONsigmoid_ap_fixed_16_5_,conv,vitis,csynth,,127,75,9565,14890,1824,2520,548160,274080,6.9627,2.9762,1.7449,5.4327,1193228,8710564.4,,7.3,,,,,,,,
config_CIN32_HIN28_WIN56_COUT16_K1_UFCIN8_UFCOU8_PAD1_STRIDE1_BIASFalse_group_conv2d_GROUPS4_ACTIVATIONrelu_ap_fixed_16_5_,conv,vitis,csynth,,127,49,8271,16674,1824,2520,548160,274080,6.9627,1.9444,1.5089,6.0836,5435622,39680040.6,,7.3,,,,,,,,
config_CIN32_HIN28_WIN56_COUT16_K1_UFCIN8_UFCOU8_PAD1_STRIDE1_BIASFalse_group_conv2d_GROUPS4_ACTIVATIONsigmoid_ap_fixed_16_5_,conv,vitis,csynth,,127,52,10103,18194,1824,2520,548160,274080,6.9627,2.0635,1.8431,6.6382,5435652,39680259.6,,7.3,,,,,,,,
config_CIN32_HIN28_WIN56_COUT16_K1_UFCIN8_UFCOU8_PAD1_STRIDE1_BIASTrue_conv2d_ACTIVATIONrelu_ap_fixed_16_5_,conv,vitis,csynth,,127,79,8647,15386,1824,2520,548160,274080,6.9627,3.1349,1.5775,5.6137,705783,5152215.899999999,,7.3,,,,,,,,
config_CIN32_HIN28_WIN56_COUT16_K1_UFCIN8_UFCOU8_PAD1_STRIDE1_BIASTrue_conv2d_ACTIVATIONsigmoid_ap_fixed_16_5_,conv,vitis,csynth,,127,82,10479,16906,1824,2520,548160,274080,6.9627,3.254,1.9117,6.1683,705813,5152434.899999999,,7.3,,,,,,,,
config_CIN32_HIN28_WIN56_COUT16_K1_UFCIN8_UFCOU8_PAD1_STRIDE1_BIASTrue_group_conv2d_GROUPS2_ACTIVATIONrelu_ap_fixed_16_5_,conv,vitis,csynth,,127,72,7971,13820,1824,2520,548160,274080,6.9627,2.8571,1.4541,5.0423,1193227,8710557.1,,7.3,,,,,,,,
config_CIN32_HIN28_WIN56_COUT16_K1_UFCIN8_UFCOU8_PAD1_STRIDE1_BIASTrue_group_conv2d_GROUPS2_ACTIVATIONsigmoid_ap_fixed_16_5_,conv,vitis,csynth,,127,75,9803,15340,1824,2520,548160,274080,6.9627,2.9762,1.7883,5.5969,1193257,8710776.1,,7.3,,,,,,,,
config_CIN32_HIN28_WIN56_COUT16_K1_UFCIN8_UFCOU8_PAD1_STRIDE1_BIASTrue_group_conv2d_GROUPS4_ACTIVATIONrelu_ap_fixed_16_5_,conv,vitis,csynth,,127,49,8509,17124,1824,2520,548160,274080,6.9627,1.9444,1.5523,6.2478,5435651,39680252.3,,7.3,,,,,,,,
config_CIN32_HIN28_WIN56_COUT16_K1_UFCIN8_UFCOU8_PAD1_STRIDE1_BIASTrue_group_conv2d_GROUPS4_ACTIVATIONsigmoid_ap_fixed_16_5_,conv,vitis,csynth,,127,52,10341,18644,1824,2520,548160,274080,6.9627,2.0635,1.8865,6.8024,5435681,39680471.3,,7.3,,,,,,,,
config_CIN32_HIN28_WIN56_COUT16_K3_UFCIN1_UFCOU1_PAD1_STRIDE1_BIASFalse_conv2d_ACTIVATIONrelu_ap_fixed_16_5_,conv,vitis,csynth,,119,2,5086,9202,1824,2520,548160,274080,6.5241,0.0794,0.9278,3.3574,7467599,54513472.699999996,,7.3,,,,,,,,
config_CIN32_HIN28_WIN56_COUT16_K3_UFCIN1_UFCOU1_PAD1_STRIDE1_BIASFalse_conv2d_ACTIVATIONsigmoid_ap_fixed_16_5_,conv,vitis,csynth,,119,5,6789,10655,1824,2520,548160,274080,6.5241,0.1984,1.2385,3.8876,7467628,54513684.4,,7.3,,,,,,,,
config_CIN32_HIN28_WIN56_COUT16_K3_UFCIN1_UFCOU1_PAD1_STRIDE1_BIASFalse_group_conv2d_GROUPS2_ACTIVATIONrelu_ap_fixed_16_5_,conv,vitis,csynth,,119,6,5492,9919,1824,2520,548160,274080,6.5241,0.2381,1.0019,3.619,29226797,213355618.1,,7.3,,,,,,,,
config_CIN32_HIN28_WIN56_COUT16_K3_UFCIN1_UFCOU1_PAD1_STRIDE1_BIASFalse_group_conv2d_GROUPS2_ACTIVATIONsigmoid_ap_fixed_16_5_,conv,vitis,csynth,,119,9,7195,11372,1824,2520,548160,274080,6.5241,0.3571,1.3126,4.1492,29226826,213355829.79999998,,7.3,,,,,,,,
config_CIN32_HIN28_WIN56_COUT16_K3_UFCIN1_UFCOU1_PAD1_STRIDE1_BIASFalse_group_conv2d_GROUPS4_ACTIVATIONrelu_ap_fixed_16_5_,conv,vitis,csynth,,119,6,5494,9922,1824,2520,548160,274080,6.5241,0.2381,1.0023,3.6201,58322723,425755877.9,,7.3,,,,,,,,
config_CIN32_HIN28_WIN56_COUT16_K3_UFCIN1_UFCOU1_PAD1_STRIDE1_BIASFalse_group_conv2d_GROUPS4_ACTIVATIONsigmoid_ap_fixed_16_5_,conv,vitis,csynth,,119,9,7197,11375,1824,2520,548160,274080,6.5241,0.3571,1.3129,4.1502,58322752,425756089.59999996,,7.3,,,,,,,,
config_CIN32_HIN28_WIN56_COUT16_K3_UFCIN1_UFCOU1_PAD1_STRIDE1_BIASTrue_conv2d_ACTIVATIONrelu_ap_fixed_16_5_,conv,vitis,csynth,,119,2,5219,9413,1824,2520,548160,274080,6.5241,0.0794,0.9521,3.4344,7492651,54696352.3,,7.3,,,,,,,,
config_CIN32_HIN28_WIN56_COUT16_K3_UFCIN1_UFCOU1_PAD1_STRIDE1_BIASTrue_conv2d_ACTIVATIONsigmoid_ap_fixed_16_5_,conv,vitis,csynth,,119,5,6922,10866,1824,2520,548160,274080,6.5241,0.1984,1.2628,3.9645,7492680,54696564.0,,7.3,,,,,,,,
config_CIN32_HIN28_WIN56_COUT16_K3_UFCIN1_UFCOU1_PAD1_STRIDE1_BIASTrue_group_conv2d_GROUPS2_ACTIVATIONrelu_ap_fixed_16_5_,conv,vitis,csynth,,119,6,5625,10130,1824,2520,548160,274080,6.5241,0.2381,1.0262,3.696,29251849,213538497.7,,7.3,,,,,,,,
config_CIN32_HIN28_WIN56_COUT16_K3_UFCIN1_UFCOU1_PAD1_STRIDE1_BIASTrue_group_conv2d_GROUPS2_ACTIVATIONsigmoid_ap_fixed_16_5_,conv,vitis,csynth,,119,9,7328,11582,1824,2520,548160,274080,6.5241,0.3571,1.3368,4.2258,29251878,213538709.4,,7.3,,,,,,,,
config_CIN32_HIN28_WIN56_COUT16_K3_UFCIN1_UFCOU1_PAD1_STRIDE1_BIASTrue_group_conv2d_GROUPS4_ACTIVATIONrelu_ap_fixed_16_5_,conv,vitis,csynth,,119,6,5627,10133,1824,2520,548160,274080,6.5241,0.2381,1.0265,3.6971,58347775,425938757.5,,7.3,,,,,,,,
config_CIN32_HIN28_WIN56_COUT16_K3_UFCIN1_UFCOU1_PAD1_STRIDE1_BIASTrue_group_conv2d_GROUPS4_ACTIVATIONsigmoid_ap_fixed_16_5_,conv,vitis,csynth,,119,9,7330,11585,1824,2520,548160,274080,6.5241,0.3571,1.3372,4.2269,58347804,425938969.2,,7.3,,,,,,,,
config_CIN32_HIN28_WIN56_COUT16_K3_UFCIN1_UFCOU4_PAD1_STRIDE1_BIASFalse_conv2d_ACTIVATIONrelu_ap_fixed_16_5_,conv,vitis,csynth,,123,5,5218,10003,1824,2520,548160,274080,6.7434,0.1984,0.9519,3.6497,2054799,15000032.7,,7.3,,,,,,,,
config_CIN32_HIN28_WIN56_COUT16_K3_UFCIN1_UFCOU4_PAD1_STRIDE1_BIASFalse_conv2d_ACTIVATIONsigmoid_ap_fixed_16_5_,conv,vitis,csynth,,123,8,7113,11548,1824,2520,548160,274080,6.7434,0.3175,1.2976,4.2134,2054828,15000244.4,,7.3,,,,,,,,
config_CIN32_HIN28_WIN56_COUT16_K3_UFCIN1_UFCOU4_PAD1_STRIDE1_BIASFalse_group_conv2d_GROUPS2_ACTIVATIONrelu_ap_fixed_16_5_,conv,vitis,csynth,,123,5,5829,10706,1824,2520,548160,274080,6.7434,0.1984,1.0634,3.9062,15572587,113679885.1,,7.3,,,,,,,,
config_CIN32_HIN28_WIN56_COUT16_K3_UFCIN1_UFCOU4_PAD1_STRIDE1_BIASFalse_group_conv2d_GROUPS2_ACTIVATIONsigmoid_ap_fixed_16_5_,conv,vitis,csynth,,123,8,7724,12251,1824,2520,548160,274080,6.7434,0.3175,1.4091,4.4699,15572616,113680096.8,,7.3,,,,,,,,
config_CIN32_HIN28_WIN56_COUT16_K3_UFCIN1_UFCOU4_PAD1_STRIDE1_BIASFalse_group_conv2d_GROUPS4_ACTIVATIONrelu_ap_fixed_16_5_,conv,vitis,csynth,,123,5,5359,10107,1824,2520,548160,274080,6.7434,0.1984,0.9776,3.6876,31064543,226771163.9,,7.3,,,,,,,,
config_CIN32_HIN28_WIN56_COUT16_K3_UFCIN1_UFCOU4_PAD1_STRIDE1_BIASFalse_group_conv2d_GROUPS4_ACTIVATIONsigmoid_ap_fixed_16_5_,conv,vitis,csynth,,123,8,7254,11652,1824,2520,548160,274080,6.7434,0.3175,1.3233,4.2513,31064572,226771375.6,,7.3,,,,,,,,
config_CIN32_HIN28_WIN56_COUT16_K3_UFCIN1_UFCOU4_PAD1_STRIDE1_BIASTrue_conv2d_ACTIVATIONrelu_ap_fixed_16_5_,conv,vitis,csynth,,123,5,5394,10324,1824,2520,548160,274080,6.7434,0.1984,0.984,3.7668,2054828,15000244.4,,7.3,,,,,,,,
config_CIN32_HIN28_WIN56_COUT16_K3_UFCIN1_UFCOU4_PAD1_STRIDE1_BIASTrue_conv2d_ACTIVATIONsigmoid_ap_fixed_16_5_,conv,vitis,csynth,,123,8,7289,11873,1824,2520,548160,274080,6.7434,0.3175,1.3297,4.3319,2054857,15000456.1,,7.3,,,,,,,,
config_CIN32_HIN28_WIN56_COUT16_K3_UFCIN1_UFCOU4_PAD1_STRIDE1_BIASTrue_group_conv2d_GROUPS2_ACTIVATIONrelu_ap_fixed_16_5_,conv,vitis,csynth,,123,5,6005,11027,1824,2520,548160,274080,6.7434,0.1984,1.0955,4.0233,15572616,113680096.8,,7.3,,,,,,,,
config_CIN32_HIN28_WIN56_COUT16_K3_UFCIN1_UFCOU4_PAD1_STRIDE1_BIASTrue_group_conv2d_GROUPS2_ACTIVATIONsigmoid_ap_fixed_16_5_,conv,vitis,csynth,,123,8,7900,12576,1824,2520,548160,274080,6.7434,0.3175,1.4412,4.5884,15572645,113680308.5,,7.3,,,,,,,,
config_CIN32_HIN28_WIN56_COUT16_K3_UFCIN1_UFCOU4_PAD1_STRIDE1_BIASTrue_group_conv2d_GROUPS4_ACTIVATIONrelu_ap_fixed_16_5_,conv,vitis,csynth,,123,5,5535,10428,1824,2520,548160,274080,6.7434,0.1984,1.0097,3.8047,31064572,226771375.6,,7.3,,,,,,,,
config_CIN32_HIN28_WIN56_COUT16_K3_UFCIN1_UFCOU4_PAD1_STRIDE1_BIASTrue_group_conv2d_GROUPS4_ACTIVATIONsigmoid_ap_fixed_16_5_,conv,vitis,csynth,,123,8,7430,11977,1824,2520,548160,274080,6.7434,0.3175,1.3554,4.3699,31064601,226771587.29999998,,7.3,,,,,,,,
config_CIN32_HIN28_WIN56_COUT16_K3_UFCIN1_UFCOU8_PAD1_STRIDE1_BIASFalse_conv2d_ACTIVATIONrelu_ap_fixed_16_5_,conv,vitis,csynth,,123,9,5428,10741,1824,2520,548160,274080,6.7434,0.3571,0.9902,3.9189,2037551,14874122.299999999,,7.3,,,,,,,,
config_CIN32_HIN28_WIN56_COUT16_K3_UFCIN1_UFCOU8_PAD1_STRIDE1_BIASFalse_conv2d_ACTIVATIONsigmoid_ap_fixed_16_5_,conv,vitis,csynth,,123,12,7195,12222,1824,2520,548160,274080,6.7434,0.4762,1.3126,4.4593,2037580,14874334.0,,7.3,,,,,,,,
config_CIN32_HIN28_WIN56_COUT16_K3_UFCIN1_UFCOU8_PAD1_STRIDE1_BIASFalse_group_conv2d_GROUPS2_ACTIVATIONrelu_ap_fixed_16_5_,conv,vitis,csynth,,123,9,5458,10794,1824,2520,548160,274080,6.7434,0.3571,0.9957,3.9383,30048363,219353049.9,,7.3,,,,,,,,
config_CIN32_HIN28_WIN56_COUT16_K3_UFCIN1_UFCOU8_PAD1_STRIDE1_BIASFalse_group_conv2d_GROUPS2_ACTIVATIONsigmoid_ap_fixed_16_5_,conv,vitis,csynth,,123,12,7225,12275,1824,2520,548160,274080,6.7434,0.4762,1.318,4.4786,30048392,219353261.6,,7.3,,,,,,,,
config_CIN32_HIN28_WIN56_COUT16_K3_UFCIN1_UFCOU8_PAD1_STRIDE1_BIASFalse_group_conv2d_GROUPS4_ACTIVATIONrelu_ap_fixed_16_5_,conv,vitis,csynth,,123,9,5708,12631,1824,2520,548160,274080,6.7434,0.3571,1.0413,4.6085,32811295,239522453.5,,7.3,,,,,,,,
config_CIN32_HIN28_WIN56_COUT16_K3_UFCIN1_UFCOU8_PAD1_STRIDE1_BIASFalse_group_conv2d_GROUPS4_ACTIVATIONsigmoid_ap_fixed_16_5_,conv,vitis,csynth,,123,12,7475,14112,1824,2520,548160,274080,6.7434,0.4762,1.3637,5.1489,32811324,239522665.2,,7.3,,,,,,,,
config_CIN32_HIN28_WIN56_COUT16_K3_UFCIN1_UFCOU8_PAD1_STRIDE1_BIASTrue_conv2d_ACTIVATIONrelu_ap_fixed_16_5_,conv,vitis,csynth,,123,9,5667,11214,1824,2520,548160,274080,6.7434,0.3571,1.0338,4.0915,2037580,14874334.0,,7.3,,,,,,,,
config_CIN32_HIN28_WIN56_COUT16_K3_UFCIN1_UFCOU8_PAD1_STRIDE1_BIASTrue_conv2d_ACTIVATIONsigmoid_ap_fixed_16_5_,conv,vitis,csynth,,123,12,7434,12699,1824,2520,548160,274080,6.7434,0.4762,1.3562,4.6333,2037609,14874545.7,,7.3,,,,,,,,
config_CIN32_HIN28_WIN56_COUT16_K3_UFCIN1_UFCOU8_PAD1_STRIDE1_BIASTrue_group_conv2d_GROUPS2_ACTIVATIONrelu_ap_fixed_16_5_,conv,vitis,csynth,,123,9,5697,11267,1824,2520,548160,274080,6.7434,0.3571,1.0393,4.1108,30048392,219353261.6,,7.3,,,,,,,,
config_CIN32_HIN28_WIN56_COUT16_K3_UFCIN1_UFCOU8_PAD1_STRIDE1_BIASTrue_group_conv2d_GROUPS2_ACTIVATIONsigmoid_ap_fixed_16_5_,conv,vitis,csynth,,123,12,7464,12752,1824,2520,548160,274080,6.7434,0.4762,1.3616,4.6527,30048421,219353473.29999998,,7.3,,,,,,,,
config_CIN32_HIN28_WIN56_COUT16_K3_UFCIN1_UFCOU8_PAD1_STRIDE1_BIASTrue_group_conv2d_GROUPS4_ACTIVATIONrelu_ap_fixed_16_5_,conv,vitis,csynth,,123,9,5947,13104,1824,2520,548160,274080,6.7434,0.3571,1.0849,4.7811,32811324,239522665.2,,7.3,,,,,,,,
config_CIN32_HIN28_WIN56_COUT16_K3_UFCIN1_UFCOU8_PAD1_STRIDE1_BIASTrue_group_conv2d_GROUPS4_ACTIVATIONsigmoid_ap_fixed_16_5_,conv,vitis,csynth,,123,12,7714,14589,1824,2520,548160,274080,6.7434,0.4762,1.4073,5.3229,32811353,239522876.9,,7.3,,,,,,,,
config_CIN32_HIN28_WIN56_COUT16_K3_UFCIN4_UFCOU1_PAD1_STRIDE1_BIASFalse_conv2d_ACTIVATIONrelu_ap_fixed_16_5_,conv,vitis,csynth,,131,5,5476,10125,1824,2520,548160,274080,7.182,0.1984,0.999,3.6942,10696047,78081143.1,,7.3,,,,,,,,
config_CIN32_HIN28_WIN56_COUT16_K3_UFCIN4_UFCOU1_PAD1_STRIDE1_BIASFalse_conv2d_ACTIVATIONsigmoid_ap_fixed_16_5_,conv,vitis,csynth,,131,8,7179,11574,1824,2520,548160,274080,7.182,0.3175,1.3097,4.2229,10696076,78081354.8,,7.3,,,,,,,,
config_CIN32_HIN28_WIN56_COUT16_K3_UFCIN4_UFCOU1_PAD1_STRIDE1_BIASFalse_group_conv2d_GROUPS2_ACTIVATIONrelu_ap_fixed_16_5_,conv,vitis,csynth,,131,5,5630,10381,1824,2520,548160,274080,7.182,0.1984,1.0271,3.7876,21433771,156466528.29999998,,7.3,,,,,,,,
config_CIN32_HIN28_WIN56_COUT16_K3_UFCIN4_UFCOU1_PAD1_STRIDE1_BIASFalse_group_conv2d_GROUPS2_ACTIVATIONsigmoid_ap_fixed_16_5_,conv,vitis,csynth,,131,8,7333,11830,1824,2520,548160,274080,7.182,0.3175,1.3377,4.3163,21433800,156466740.0,,7.3,,,,,,,,
config_CIN32_HIN28_WIN56_COUT16_K3_UFCIN4_UFCOU1_PAD1_STRIDE1_BIASFalse_group_conv2d_GROUPS4_ACTIVATIONrelu_ap_fixed_16_5_,conv,vitis,csynth,,131,5,5633,10384,1824,2520,548160,274080,7.182,0.1984,1.0276,3.7887,42711647,311795023.09999996,,7.3,,,,,,,,
config_CIN32_HIN28_WIN56_COUT16_K3_UFCIN4_UFCOU1_PAD1_STRIDE1_BIASFalse_group_conv2d_GROUPS4_ACTIVATIONsigmoid_ap_fixed_16_5_,conv,vitis,csynth,,131,8,7336,11833,1824,2520,548160,274080,7.182,0.3175,1.3383,4.3174,42711676,311795234.8,,7.3,,,,,,,,
config_CIN32_HIN28_WIN56_COUT16_K3_UFCIN4_UFCOU1_PAD1_STRIDE1_BIASTrue_conv2d_ACTIVATIONrelu_ap_fixed_16_5_,conv,vitis,csynth,,131,5,5609,10335,1824,2520,548160,274080,7.182,0.1984,1.0232,3.7708,10696076,78081354.8,,7.3,,,,,,,,
config_CIN32_HIN28_WIN56_COUT16_K3_UFCIN4_UFCOU1_PAD1_STRIDE1_BIASTrue_conv2d_ACTIVATIONsigmoid_ap_fixed_16_5_,conv,vitis,csynth,,131,8,7312,11788,1824,2520,548160,274080,7.182,0.3175,1.3339,4.3009,10696105,78081566.5,,7.3,,,,,,,,
config_CIN32_HIN28_WIN56_COUT16_K3_UFCIN4_UFCOU1_PAD1_STRIDE1_BIASTrue_group_conv2d_GROUPS2_ACTIVATIONrelu_ap_fixed_16_5_,conv,vitis,csynth,,131,5,5763,10591,1824,2520,548160,274080,7.182,0.1984,1.0513,3.8642,21433800,156466740.0,,7.3,,,,,,,,
config_CIN32_HIN28_WIN56_COUT16_K3_UFCIN4_UFCOU1_PAD1_STRIDE1_BIASTrue_group_conv2d_GROUPS2_ACTIVATIONsigmoid_ap_fixed_16_5_,conv,vitis,csynth,,131,8,7466,12044,1824,2520,548160,274080,7.182,0.3175,1.362,4.3943,21433829,156466951.7,,7.3,,,,,,,,
config_CIN32_HIN28_WIN56_COUT16_K3_UFCIN4_UFCOU1_PAD1_STRIDE1_BIASTrue_group_conv2d_GROUPS4_ACTIVATIONrelu_ap_fixed_16_5_,conv,vitis,csynth,,131,5,5766,10594,1824,2520,548160,274080,7.182,0.1984,1.0519,3.8653,42711676,311795234.8,,7.3,,,,,,,,
config_CIN32_HIN28_WIN56_COUT16_K3_UFCIN4_UFCOU1_PAD1_STRIDE1_BIASTrue_group_conv2d_GROUPS4_ACTIVATIONsigmoid_ap_fixed_16_5_,conv,vitis,csynth,,131,8,7469,12047,1824,2520,548160,274080,7.182,0.3175,1.3626,4.3954,42711705,311795446.5,,7.3,,,,,,,,
config_CIN32_HIN28_WIN56_COUT16_K3_UFCIN4_UFCOU4_PAD1_STRIDE1_BIASFalse_conv2d_ACTIVATIONrelu_ap_fixed_16_5_,conv,vitis,csynth,,143,17,5813,11477,1824,2520,548160,274080,7.8399,0.6746,1.0605,4.1875,5258223,38385027.9,,7.3,,,,,,,,
config_CIN32_HIN28_WIN56_COUT16_K3_UFCIN4_UFCOU4_PAD1_STRIDE1_BIASFalse_conv2d_ACTIVATIONsigmoid_ap_fixed_16_5_,conv,vitis,csynth,,143,20,7708,13022,1824,2520,548160,274080,7.8399,0.7937,1.4062,4.7512,5258252,38385239.6,,7.3,,,,,,,,
config_CIN32_HIN28_WIN56_COUT16_K3_UFCIN4_UFCOU4_PAD1_STRIDE1_BIASFalse_group_conv2d_GROUPS2_ACTIVATIONrelu_ap_fixed_16_5_,conv,vitis,csynth,,143,17,7648,13870,1824,2520,548160,274080,7.8399,0.6746,1.3952,5.0606,13738027,100287597.1,,7.3,,,,,,,,
config_CIN32_HIN28_WIN56_COUT16_K3_UFCIN4_UFCOU4_PAD1_STRIDE1_BIASFalse_group_conv2d_GROUPS2_ACTIVATIONsigmoid_ap_fixed_16_5_,conv,vitis,csynth,,143,20,9543,15415,1824,2520,548160,274080,7.8399,0.7937,1.7409,5.6243,13738056,100287808.8,,7.3,,,,,,,,
config_CIN32_HIN28_WIN56_COUT16_K3_UFCIN4_UFCOU4_PAD1_STRIDE1_BIASFalse_group_conv2d_GROUPS4_ACTIVATIONrelu_ap_fixed_16_5_,conv,vitis,csynth,,143,17,5660,10890,1824,2520,548160,274080,7.8399,0.6746,1.0325,3.9733,14807519,108094888.7,,7.3,,,,,,,,
config_CIN32_HIN28_WIN56_COUT16_K3_UFCIN4_UFCOU4_PAD1_STRIDE1_BIASFalse_group_conv2d_GROUPS4_ACTIVATIONsigmoid_ap_fixed_16_5_,conv,vitis,csynth,,143,20,7555,12435,1824,2520,548160,274080,7.8399,0.7937,1.3782,4.537,14807548,108095100.39999999,,7.3,,,,,,,,
config_CIN32_HIN28_WIN56_COUT16_K3_UFCIN4_UFCOU4_PAD1_STRIDE1_BIASTrue_conv2d_ACTIVATIONrelu_ap_fixed_16_5_,conv,vitis,csynth,,143,17,5989,11798,1824,2520,548160,274080,7.8399,0.6746,1.0926,4.3046,5258252,38385239.6,,7.3,,,,,,,,
config_CIN32_HIN28_WIN56_COUT16_K3_UFCIN4_UFCOU4_PAD1_STRIDE1_BIASTrue_conv2d_ACTIVATIONsigmoid_ap_fixed_16_5_,conv,vitis,csynth,,143,20,7884,13347,1824,2520,548160,274080,7.8399,0.7937,1.4383,4.8697,5258281,38385451.3,,7.3,,,,,,,,
config_CIN32_HIN28_WIN56_COUT16_K3_UFCIN4_UFCOU4_PAD1_STRIDE1_BIASTrue_group_conv2d_GROUPS2_ACTIVATIONrelu_ap_fixed_16_5_,conv,vitis,csynth,,143,17,7824,14191,1824,2520,548160,274080,7.8399,0.6746,1.4273,5.1777,13738056,100287808.8,,7.3,,,,,,,,
config_CIN32_HIN28_WIN56_COUT16_K3_UFCIN4_UFCOU4_PAD1_STRIDE1_BIASTrue_group_conv2d_GROUPS2_ACTIVATIONsigmoid_ap_fixed_16_5_,conv,vitis,csynth,,143,20,9719,15740,1824,2520,548160,274080,7.8399,0.7937,1.773,5.7428,13738085,100288020.5,,7.3,,,,,,,,
config_CIN32_HIN28_WIN56_COUT16_K3_UFCIN4_UFCOU4_PAD1_STRIDE1_BIASTrue_group_conv2d_GROUPS4_ACTIVATIONrelu_ap_fixed_16_5_,conv,vitis,csynth,,143,17,5836,11211,1824,2520,548160,274080,7.8399,0.6746,1.0647,4.0904,14807548,108095100.39999999,,7.3,,,,,,,,
config_CIN32_HIN28_WIN56_COUT16_K3_UFCIN4_UFCOU4_PAD1_STRIDE1_BIASTrue_group_conv2d_GROUPS4_ACTIVATIONsigmoid_ap_fixed_16_5_,conv,vitis,csynth,,143,20,7731,12760,1824,2520,548160,274080,7.8399,0.7937,1.4104,4.6556,14807577,108095312.1,,7.3,,,,,,,,
config_CIN32_HIN28_WIN56_COUT16_K3_UFCIN4_UFCOU8_PAD1_STRIDE1_BIASFalse_conv2d_ACTIVATIONrelu_ap_fixed_16_5_,conv,vitis,csynth,,159,33,6161,13032,1824,2520,548160,274080,8.7171,1.3095,1.1239,4.7548,4351919,31769008.7,,7.3,,,,,,,,
config_CIN32_HIN28_WIN56_COUT16_K3_UFCIN4_UFCOU8_PAD1_STRIDE1_BIASFalse_conv2d_ACTIVATIONsigmoid_ap_fixed_16_5_,conv,vitis,csynth,,159,36,7928,14513,1824,2520,548160,274080,8.7171,1.4286,1.4463,5.2952,4351948,31769220.4,,7.3,,,,,,,,
config_CIN32_HIN28_WIN56_COUT16_K3_UFCIN4_UFCOU8_PAD1_STRIDE1_BIASFalse_group_conv2d_GROUPS2_ACTIVATIONrelu_ap_fixed_16_5_,conv,vitis,csynth,,159,33,6000,12183,1824,2520,548160,274080,8.7171,1.3095,1.0946,4.4451,11533419,84193958.7,,7.3,,,,,,,,
config_CIN32_HIN28_WIN56_COUT16_K3_UFCIN4_UFCOU8_PAD1_STRIDE1_BIASFalse_group_conv2d_GROUPS2_ACTIVATIONsigmoid_ap_fixed_16_5_,conv,vitis,csynth,,159,36,7767,13664,1824,2520,548160,274080,8.7171,1.4286,1.4169,4.9854,11533448,84194170.39999999,,7.3,,,,,,,,
config_CIN32_HIN28_WIN56_COUT16_K3_UFCIN4_UFCOU8_PAD1_STRIDE1_BIASFalse_group_conv2d_GROUPS4_ACTIVATIONrelu_ap_fixed_16_5_,conv,vitis,csynth,,159,21,6316,14774,1824,2520,548160,274080,8.7171,0.8333,1.1522,5.3904,37948063,277020859.9,,7.3,,,,,,,,
config_CIN32_HIN28_WIN56_COUT16_K3_UFCIN4_UFCOU8_PAD1_STRIDE1_BIASFalse_group_conv2d_GROUPS4_ACTIVATIONsigmoid_ap_fixed_16_5_,conv,vitis,csynth,,159,24,8083,16255,1824,2520,548160,274080,8.7171,0.9524,1.4746,5.9308,37948092,277021071.59999996,,7.3,,,,,,,,
config_CIN32_HIN28_WIN56_COUT16_K3_UFCIN4_UFCOU8_PAD1_STRIDE1_BIASTrue_conv2d_ACTIVATIONrelu_ap_fixed_16_5_,conv,vitis,csynth,,159,33,6400,13505,1824,2520,548160,274080,8.7171,1.3095,1.1675,4.9274,4351948,31769220.4,,7.3,,,,,,,,
config_CIN32_HIN28_WIN56_COUT16_K3_UFCIN4_UFCOU8_PAD1_STRIDE1_BIASTrue_conv2d_ACTIVATIONsigmoid_ap_fixed_16_5_,conv,vitis,csynth,,159,36,8167,14990,1824,2520,548160,274080,8.7171,1.4286,1.4899,5.4692,4351977,31769432.099999998,,7.3,,,,,,,,
config_CIN32_HIN28_WIN56_COUT16_K3_UFCIN4_UFCOU8_PAD1_STRIDE1_BIASTrue_group_conv2d_GROUPS2_ACTIVATIONrelu_ap_fixed_16_5_,conv,vitis,csynth,,159,33,6239,12656,1824,2520,548160,274080,8.7171,1.3095,1.1382,4.6176,11533448,84194170.39999999,,7.3,,,,,,,,
config_CIN32_HIN28_WIN56_COUT16_K3_UFCIN4_UFCOU8_PAD1_STRIDE1_BIASTrue_group_conv2d_GROUPS2_ACTIVATIONsigmoid_ap_fixed_16_5_,conv,vitis,csynth,,159,36,8006,14141,1824,2520,548160,274080,8.7171,1.4286,1.4605,5.1594,11533477,84194382.1,,7.3,,,,,,,,
config_CIN32_HIN28_WIN56_COUT16_K3_UFCIN4_UFCOU8_PAD1_STRIDE1_BIASTrue_group_conv2d_GROUPS4_ACTIVATIONrelu_ap_fixed_16_5_,conv,vitis,csynth,,159,21,6555,15247,1824,2520,548160,274080,8.7171,0.8333,1.1958,5.563,37948092,277021071.59999996,,7.3,,,,,,,,
config_CIN32_HIN28_WIN56_COUT16_K3_UFCIN4_UFCOU8_PAD1_STRIDE1_BIASTrue_group_conv2d_GROUPS4_ACTIVATIONsigmoid_ap_fixed_16_5_,conv,vitis,csynth,,159,24,8322,16732,1824,2520,548160,274080,8.7171,0.9524,1.5182,6.1048,37948121,277021283.3,,7.3,,,,,,,,
config_CIN32_HIN28_WIN56_COUT16_K3_UFCIN8_UFCOU1_PAD1_STRIDE1_BIASFalse_conv2d_ACTIVATIONrelu_ap_fixed_16_5_,conv,vitis,csynth,,131,9,5930,11433,1824,2520,548160,274080,7.182,0.3571,1.0818,4.1714,10639599,77669072.7,,7.3,,,,,,,,
config_CIN32_HIN28_WIN56_COUT16_K3_UFCIN8_UFCOU1_PAD1_STRIDE1_BIASFalse_conv2d_ACTIVATIONsigmoid_ap_fixed_16_5_,conv,vitis,csynth,,131,12,7633,12882,1824,2520,548160,274080,7.182,0.4762,1.3925,4.7001,10639628,77669284.39999999,,7.3,,,,,,,,
config_CIN32_HIN28_WIN56_COUT16_K3_UFCIN8_UFCOU1_PAD1_STRIDE1_BIASFalse_group_conv2d_GROUPS2_ACTIVATIONrelu_ap_fixed_16_5_,conv,vitis,csynth,,131,9,6193,11798,1824,2520,548160,274080,7.182,0.3571,1.1298,4.3046,21546667,157290669.1,,7.3,,,,,,,,
config_CIN32_HIN28_WIN56_COUT16_K3_UFCIN8_UFCOU1_PAD1_STRIDE1_BIASFalse_group_conv2d_GROUPS2_ACTIVATIONsigmoid_ap_fixed_16_5_,conv,vitis,csynth,,131,12,7896,13247,1824,2520,548160,274080,7.182,0.4762,1.4405,4.8333,21546696,157290880.79999998,,7.3,,,,,,,,
config_CIN32_HIN28_WIN56_COUT16_K3_UFCIN8_UFCOU1_PAD1_STRIDE1_BIASFalse_group_conv2d_GROUPS4_ACTIVATIONrelu_ap_fixed_16_5_,conv,vitis,csynth,,131,9,6205,11801,1824,2520,548160,274080,7.182,0.3571,1.132,4.3057,42937439,313443304.7,,7.3,,,,,,,,
config_CIN32_HIN28_WIN56_COUT16_K3_UFCIN8_UFCOU1_PAD1_STRIDE1_BIASFalse_group_conv2d_GROUPS4_ACTIVATIONsigmoid_ap_fixed_16_5_,conv,vitis,csynth,,131,12,7908,13250,1824,2520,548160,274080,7.182,0.4762,1.4426,4.8344,42937468,313443516.4,,7.3,,,,,,,,
config_CIN32_HIN28_WIN56_COUT16_K3_UFCIN8_UFCOU1_PAD1_STRIDE1_BIASTrue_conv2d_ACTIVATIONrelu_ap_fixed_16_5_,conv,vitis,csynth,,131,9,6063,11643,1824,2520,548160,274080,7.182,0.3571,1.1061,4.248,10639628,77669284.39999999,,7.3,,,,,,,,
config_CIN32_HIN28_WIN56_COUT16_K3_UFCIN8_UFCOU1_PAD1_STRIDE1_BIASTrue_conv2d_ACTIVATIONsigmoid_ap_fixed_16_5_,conv,vitis,csynth,,131,12,7766,13096,1824,2520,548160,274080,7.182,0.4762,1.4167,4.7782,10639657,77669496.1,,7.3,,,,,,,,
config_CIN32_HIN28_WIN56_COUT16_K3_UFCIN8_UFCOU1_PAD1_STRIDE1_BIASTrue_group_conv2d_GROUPS2_ACTIVATIONrelu_ap_fixed_16_5_,conv,vitis,csynth,,131,9,6326,12008,1824,2520,548160,274080,7.182,0.3571,1.154,4.3812,21546696,157290880.79999998,,7.3,,,,,,,,
config_CIN32_HIN28_WIN56_COUT16_K3_UFCIN8_UFCOU1_PAD1_STRIDE1_BIASTrue_group_conv2d_GROUPS2_ACTIVATIONsigmoid_ap_fixed_16_5_,conv,vitis,csynth,,131,12,8029,13461,1824,2520,548160,274080,7.182,0.4762,1.4647,4.9113,21546725,157291092.5,,7.3,,,,,,,,
config_CIN32_HIN28_WIN56_COUT16_K3_UFCIN8_UFCOU1_PAD1_STRIDE1_BIASTrue_group_conv2d_GROUPS4_ACTIVATIONrelu_ap_fixed_16_5_,conv,vitis,csynth,,131,9,6338,12011,1824,2520,548160,274080,7.182,0.3571,1.1562,4.3823,42937468,313443516.4,,7.3,,,,,,,,
config_CIN32_HIN28_WIN56_COUT16_K3_UFCIN8_UFCOU1_PAD1_STRIDE1_BIASTrue_group_conv2d_GROUPS4_ACTIVATIONsigmoid_ap_fixed_16_5_,conv,vitis,csynth,,131,12,8041,13464,1824,2520,548160,274080,7.182,0.4762,1.4669,4.9124,42937497,313443728.09999996,,7.3,,,,,,,,
config_CIN32_HIN28_WIN56_COUT16_K3_UFCIN8_UFCOU4_PAD1_STRIDE1_BIASFalse_conv2d_ACTIVATIONrelu_ap_fixed_16_5_,conv,vitis,csynth,,159,33,6547,13527,1824,2520,548160,274080,8.7171,1.3095,1.1944,4.9354,5201775,37972957.5,,7.3,,,,,,,,
config_CIN32_HIN28_WIN56_COUT16_K3_UFCIN8_UFCOU4_PAD1_STRIDE1_BIASFalse_conv2d_ACTIVATIONsigmoid_ap_fixed_16_5_,conv,vitis,csynth,,159,36,8442,15072,1824,2520,548160,274080,8.7171,1.4286,1.5401,5.4991,5201804,37973169.199999996,,7.3,,,,,,,,
config_CIN32_HIN28_WIN56_COUT16_K3_UFCIN8_UFCOU4_PAD1_STRIDE1_BIASFalse_group_conv2d_GROUPS2_ACTIVATIONrelu_ap_fixed_16_5_,conv,vitis,csynth,,159,33,10227,18257,1824,2520,548160,274080,8.7171,1.3095,1.8657,6.6612,13625131,99463456.3,,7.3,,,,,,,,
config_CIN32_HIN28_WIN56_COUT16_K3_UFCIN8_UFCOU4_PAD1_STRIDE1_BIASFalse_group_conv2d_GROUPS2_ACTIVATIONsigmoid_ap_fixed_16_5_,conv,vitis,csynth,,159,36,12122,19802,1824,2520,548160,274080,8.7171,1.4286,2.2114,7.2249,13625160,99463668.0,,7.3,,,,,,,,
config_CIN32_HIN28_WIN56_COUT16_K3_UFCIN8_UFCOU4_PAD1_STRIDE1_BIASFalse_group_conv2d_GROUPS4_ACTIVATIONrelu_ap_fixed_16_5_,conv,vitis,csynth,,159,33,6115,11843,1824,2520,548160,274080,8.7171,1.3095,1.1156,4.321,12775391,93260354.3,,7.3,,,,,,,,
config_CIN32_HIN28_WIN56_COUT16_K3_UFCIN8_UFCOU4_PAD1_STRIDE1_BIASFalse_group_conv2d_GROUPS4_ACTIVATIONsigmoid_ap_fixed_16_5_,conv,vitis,csynth,,159,36,8010,13388,1824,2520,548160,274080,8.7171,1.4286,1.4613,4.8847,12775420,93260566.0,,7.3,,,,,,,,
config_CIN32_HIN28_WIN56_COUT16_K3_UFCIN8_UFCOU4_PAD1_STRIDE1_BIASTrue_conv2d_ACTIVATIONrelu_ap_fixed_16_5_,conv,vitis,csynth,,159,33,6723,13848,1824,2520,548160,274080,8.7171,1.3095,1.2265,5.0525,5201804,37973169.199999996,,7.3,,,,,,,,
config_CIN32_HIN28_WIN56_COUT16_K3_UFCIN8_UFCOU4_PAD1_STRIDE1_BIASTrue_conv2d_ACTIVATIONsigmoid_ap_fixed_16_5_,conv,vitis,csynth,,159,36,8618,15397,1824,2520,548160,274080,8.7171,1.4286,1.5722,5.6177,5201833,37973380.9,,7.3,,,,,,,,
config_CIN32_HIN28_WIN56_COUT16_K3_UFCIN8_UFCOU4_PAD1_STRIDE1_BIASTrue_group_conv2d_GROUPS2_ACTIVATIONrelu_ap_fixed_16_5_,conv,vitis,csynth,,159,33,10403,18578,1824,2520,548160,274080,8.7171,1.3095,1.8978,6.7783,13625160,99463668.0,,7.3,,,,,,,,
config_CIN32_HIN28_WIN56_COUT16_K3_UFCIN8_UFCOU4_PAD1_STRIDE1_BIASTrue_group_conv2d_GROUPS2_ACTIVATIONsigmoid_ap_fixed_16_5_,conv,vitis,csynth,,159,36,12298,20127,1824,2520,548160,274080,8.7171,1.4286,2.2435,7.3435,13625189,99463879.7,,7.3,,,,,,,,
config_CIN32_HIN28_WIN56_COUT16_K3_UFCIN8_UFCOU4_PAD1_STRIDE1_BIASTrue_group_conv2d_GROUPS4_ACTIVATIONrelu_ap_fixed_16_5_,conv,vitis,csynth,,159,33,6291,12164,1824,2520,548160,274080,8.7171,1.3095,1.1477,4.4381,12775420,93260566.0,,7.3,,,,,,,,
config_CIN32_HIN28_WIN56_COUT16_K3_UFCIN8_UFCOU4_PAD1_STRIDE1_BIASTrue_group_conv2d_GROUPS4_ACTIVATIONsigmoid_ap_fixed_16_5_,conv,vitis,csynth,,159,36,8186,13713,1824,2520,548160,274080,8.7171,1.4286,1.4934,5.0033,12775449,93260777.7,,7.3,,,,,,,,
config_CIN32_HIN28_WIN56_COUT16_K3_UFCIN8_UFCOU8_PAD1_STRIDE1_BIASFalse_conv2d_ACTIVATIONrelu_ap_fixed_16_5_,conv,vitis,csynth,,191,65,7239,16068,1824,2520,548160,274080,10.4715,2.5794,1.3206,5.8625,4295471,31356938.3,,7.3,,,,,,,,
config_CIN32_HIN28_WIN56_COUT16_K3_UFCIN8_UFCOU8_PAD1_STRIDE1_BIASFalse_conv2d_ACTIVATIONsigmoid_ap_fixed_16_5_,conv,vitis,csynth,,191,68,9006,17549,1824,2520,548160,274080,10.4715,2.6984,1.643,6.4029,4295500,31357150.0,,7.3,,,,,,,,
config_CIN32_HIN28_WIN56_COUT16_K3_UFCIN8_UFCOU8_PAD1_STRIDE1_BIASFalse_group_conv2d_GROUPS2_ACTIVATIONrelu_ap_fixed_16_5_,conv,vitis,csynth,,191,65,6786,13824,1824,2520,548160,274080,10.4715,2.5794,1.238,5.0438,8711019,63590438.699999996,,7.3,,,,,,,,
config_CIN32_HIN28_WIN56_COUT16_K3_UFCIN8_UFCOU8_PAD1_STRIDE1_BIASFalse_group_conv2d_GROUPS2_ACTIVATIONsigmoid_ap_fixed_16_5_,conv,vitis,csynth,,191,68,8553,15305,1824,2520,548160,274080,10.4715,2.6984,1.5603,5.5841,8711048,63590650.4,,7.3,,,,,,,,
config_CIN32_HIN28_WIN56_COUT16_K3_UFCIN8_UFCOU8_PAD1_STRIDE1_BIASFalse_group_conv2d_GROUPS4_ACTIVATIONrelu_ap_fixed_16_5_,conv,vitis,csynth,,191,37,7043,17582,1824,2520,548160,274080,10.4715,1.4683,1.2848,6.4149,42915487,313283055.09999996,,7.3,,,,,,,,
config_CIN32_HIN28_WIN56_COUT16_K3_UFCIN8_UFCOU8_PAD1_STRIDE1_BIASFalse_group_conv2d_GROUPS4_ACTIVATIONsigmoid_ap_fixed_16_5_,conv,vitis,csynth,,191,40,8810,19063,1824,2520,548160,274080,10.4715,1.5873,1.6072,6.9553,42915516,313283266.8,,7.3,,,,,,,,
config_CIN32_HIN28_WIN56_COUT16_K3_UFCIN8_UFCOU8_PAD1_STRIDE1_BIASTrue_conv2d_ACTIVATIONrelu_ap_fixed_16_5_,conv,vitis,csynth,,191,65,7478,16541,1824,2520,548160,274080,10.4715,2.5794,1.3642,6.0351,4295500,31357150.0,,7.3,,,,,,,,
config_CIN32_HIN28_WIN56_COUT16_K3_UFCIN8_UFCOU8_PAD1_STRIDE1_BIASTrue_conv2d_ACTIVATIONsigmoid_ap_fixed_16_5_,conv,vitis,csynth,,191,68,9245,18026,1824,2520,548160,274080,10.4715,2.6984,1.6866,6.5769,4295529,31357361.7,,7.3,,,,,,,,
config_CIN32_HIN28_WIN56_COUT16_K3_UFCIN8_UFCOU8_PAD1_STRIDE1_BIASTrue_group_conv2d_GROUPS2_ACTIVATIONrelu_ap_fixed_16_5_,conv,vitis,csynth,,191,65,7025,14297,1824,2520,548160,274080,10.4715,2.5794,1.2816,5.2164,8711048,63590650.4,,7.3,,,,,,,,
config_CIN32_HIN28_WIN56_COUT16_K3_UFCIN8_UFCOU8_PAD1_STRIDE1_BIASTrue_group_conv2d_GROUPS2_ACTIVATIONsigmoid_ap_fixed_16_5_,conv,vitis,csynth,,191,68,8792,15782,1824,2520,548160,274080,10.4715,2.6984,1.6039,5.7582,8711077,63590862.1,,7.3,,,,,,,,
config_CIN32_HIN28_WIN56_COUT16_K3_UFCIN8_UFCOU8_PAD1_STRIDE1_BIASTrue_group_conv2d_GROUPS4_ACTIVATIONrelu_ap_fixed_16_5_,conv,vitis,csynth,,191,37,7282,18055,1824,2520,548160,274080,10.4715,1.4683,1.3284,6.5875,42915516,313283266.8,,7.3,,,,,,,,
config_CIN32_HIN28_WIN56_COUT16_K3_UFCIN8_UFCOU8_PAD1_STRIDE1_BIASTrue_group_conv2d_GROUPS4_ACTIVATIONsigmoid_ap_fixed_16_5_,conv,vitis,csynth,,191,40,9049,19540,1824,2520,548160,274080,10.4715,1.5873,1.6508,7.1293,42915545,313283478.5,,7.3,,,,,,,,
config_CIN32_HIN28_WIN56_COUT32_K1_UFCIN1_UFCOU1_PAD1_STRIDE1_BIASFalse_conv2d_ACTIVATIONrelu_ap_fixed_16_5_,conv,vitis,csynth,,164,7,5124,8622,1824,2520,548160,274080,8.9912,0.2778,0.9348,3.1458,2021081,14753891.299999999,,7.3,,,,,,,,
config_CIN32_HIN28_WIN56_COUT32_K1_UFCIN1_UFCOU1_PAD1_STRIDE1_BIASFalse_conv2d_ACTIVATIONsigmoid_ap_fixed_16_5_,conv,vitis,csynth,,164,10,6892,10110,1824,2520,548160,274080,8.9912,0.3968,1.2573,3.6887,2021111,14754110.299999999,,7.3,,,,,,,,
config_CIN32_HIN28_WIN56_COUT32_K1_UFCIN1_UFCOU1_PAD1_STRIDE1_BIASFalse_group_conv2d_GROUPS2_ACTIVATIONrelu_ap_fixed_16_5_,conv,vitis,csynth,,164,11,5516,9310,1824,2520,548160,274080,8.9912,0.4365,1.0063,3.3968,7380347,53876533.1,,7.3,,,,,,,,
config_CIN32_HIN28_WIN56_COUT32_K1_UFCIN1_UFCOU1_PAD1_STRIDE1_BIASFalse_group_conv2d_GROUPS2_ACTIVATIONsigmoid_ap_fixed_16_5_,conv,vitis,csynth,,164,14,7284,10798,1824,2520,548160,274080,8.9912,0.5556,1.3288,3.9397,7380377,53876752.1,,7.3,,,,,,,,
config_CIN32_HIN28_WIN56_COUT32_K1_UFCIN1_UFCOU1_PAD1_STRIDE1_BIASFalse_group_conv2d_GROUPS4_ACTIVATIONrelu_ap_fixed_16_5_,conv,vitis,csynth,,164,11,5519,9313,1824,2520,548160,274080,8.9912,0.4365,1.0068,3.3979,14535353,106108076.89999999,,7.3,,,,,,,,
config_CIN32_HIN28_WIN56_COUT32_K1_UFCIN1_UFCOU1_PAD1_STRIDE1_BIASFalse_group_conv2d_GROUPS4_ACTIVATIONsigmoid_ap_fixed_16_5_,conv,vitis,csynth,,164,14,7287,10801,1824,2520,548160,274080,8.9912,0.5556,1.3294,3.9408,14535383,106108295.89999999,,7.3,,,,,,,,
config_CIN32_HIN28_WIN56_COUT32_K1_UFCIN1_UFCOU1_PAD1_STRIDE1_BIASTrue_conv2d_ACTIVATIONrelu_ap_fixed_16_5_,conv,vitis,csynth,,164,7,5265,8812,1824,2520,548160,274080,8.9912,0.2778,0.9605,3.2151,2071174,15119570.2,,7.3,,,,,,,,
config_CIN32_HIN28_WIN56_COUT32_K1_UFCIN1_UFCOU1_PAD1_STRIDE1_BIASTrue_conv2d_ACTIVATIONsigmoid_ap_fixed_16_5_,conv,vitis,csynth,,164,10,7033,10300,1824,2520,548160,274080,8.9912,0.3968,1.283,3.758,2071204,15119789.2,,7.3,,,,,,,,
config_CIN32_HIN28_WIN56_COUT32_K1_UFCIN1_UFCOU1_PAD1_STRIDE1_BIASTrue_group_conv2d_GROUPS2_ACTIVATIONrelu_ap_fixed_16_5_,conv,vitis,csynth,,164,11,5657,9500,1824,2520,548160,274080,8.9912,0.4365,1.032,3.4661,7430440,54242212.0,,7.3,,,,,,,,
config_CIN32_HIN28_WIN56_COUT32_K1_UFCIN1_UFCOU1_PAD1_STRIDE1_BIASTrue_group_conv2d_GROUPS2_ACTIVATIONsigmoid_ap_fixed_16_5_,conv,vitis,csynth,,164,14,7425,10988,1824,2520,548160,274080,8.9912,0.5556,1.3545,4.009,7430470,54242431.0,,7.3,,,,,,,,
config_CIN32_HIN28_WIN56_COUT32_K1_UFCIN1_UFCOU1_PAD1_STRIDE1_BIASTrue_group_conv2d_GROUPS4_ACTIVATIONrelu_ap_fixed_16_5_,conv,vitis,csynth,,164,11,5660,9503,1824,2520,548160,274080,8.9912,0.4365,1.0325,3.4672,14585446,106473755.8,,7.3,,,,,,,,
config_CIN32_HIN28_WIN56_COUT32_K1_UFCIN1_UFCOU1_PAD1_STRIDE1_BIASTrue_group_conv2d_GROUPS4_ACTIVATIONsigmoid_ap_fixed_16_5_,conv,vitis,csynth,,164,14,7428,10991,1824,2520,548160,274080,8.9912,0.5556,1.3551,4.0101,14585476,106473974.8,,7.3,,,,,,,,
config_CIN32_HIN28_WIN56_COUT32_K1_UFCIN1_UFCOU4_PAD1_STRIDE1_BIASFalse_conv2d_ACTIVATIONrelu_ap_fixed_16_5_,conv,vitis,csynth,,177,12,5437,9404,1824,2520,548160,274080,9.7039,0.4762,0.9919,3.4311,693050,5059265.0,,7.3,,,,,,,,
config_CIN32_HIN28_WIN56_COUT32_K1_UFCIN1_UFCOU4_PAD1_STRIDE1_BIASFalse_conv2d_ACTIVATIONsigmoid_ap_fixed_16_5_,conv,vitis,csynth,,177,15,7269,10924,1824,2520,548160,274080,9.7039,0.5952,1.3261,3.9857,693080,5059484.0,,7.3,,,,,,,,
config_CIN32_HIN28_WIN56_COUT32_K1_UFCIN1_UFCOU4_PAD1_STRIDE1_BIASFalse_group_conv2d_GROUPS2_ACTIVATIONrelu_ap_fixed_16_5_,conv,vitis,csynth,,177,28,6271,10630,1824,2520,548160,274080,9.7039,1.1111,1.144,3.8784,2043356,14916498.799999999,,7.3,,,,,,,,
config_CIN32_HIN28_WIN56_COUT32_K1_UFCIN1_UFCOU4_PAD1_STRIDE1_BIASFalse_group_conv2d_GROUPS2_ACTIVATIONsigmoid_ap_fixed_16_5_,conv,vitis,csynth,,177,31,8103,12150,1824,2520,548160,274080,9.7039,1.2302,1.4782,4.433,2043386,14916717.799999999,,7.3,,,,,,,,
config_CIN32_HIN28_WIN56_COUT32_K1_UFCIN1_UFCOU4_PAD1_STRIDE1_BIASFalse_group_conv2d_GROUPS4_ACTIVATIONrelu_ap_fixed_16_5_,conv,vitis,csynth,,177,28,6274,10633,1824,2520,548160,274080,9.7039,1.1111,1.1446,3.8795,3853082,28127498.599999998,,7.3,,,,,,,,
config_CIN32_HIN28_WIN56_COUT32_K1_UFCIN1_UFCOU4_PAD1_STRIDE1_BIASFalse_group_conv2d_GROUPS4_ACTIVATIONsigmoid_ap_fixed_16_5_,conv,vitis,csynth,,177,31,8106,12153,1824,2520,548160,274080,9.7039,1.2302,1.4788,4.4341,3853112,28127717.599999998,,7.3,,,,,,,,
config_CIN32_HIN28_WIN56_COUT32_K1_UFCIN1_UFCOU4_PAD1_STRIDE1_BIASTrue_conv2d_ACTIVATIONrelu_ap_fixed_16_5_,conv,vitis,csynth,,177,12,5618,9708,1824,2520,548160,274080,9.7039,0.4762,1.0249,3.542,693095,5059593.5,,7.3,,,,,,,,
config_CIN32_HIN28_WIN56_COUT32_K1_UFCIN1_UFCOU4_PAD1_STRIDE1_BIASTrue_conv2d_ACTIVATIONsigmoid_ap_fixed_16_5_,conv,vitis,csynth,,177,15,7450,11228,1824,2520,548160,274080,9.7039,0.5952,1.3591,4.0966,693125,5059812.5,,7.3,,,,,,,,
config_CIN32_HIN28_WIN56_COUT32_K1_UFCIN1_UFCOU4_PAD1_STRIDE1_BIASTrue_group_conv2d_GROUPS2_ACTIVATIONrelu_ap_fixed_16_5_,conv,vitis,csynth,,177,28,6452,10934,1824,2520,548160,274080,9.7039,1.1111,1.177,3.9893,2043401,14916827.299999999,,7.3,,,,,,,,
config_CIN32_HIN28_WIN56_COUT32_K1_UFCIN1_UFCOU4_PAD1_STRIDE1_BIASTrue_group_conv2d_GROUPS2_ACTIVATIONsigmoid_ap_fixed_16_5_,conv,vitis,csynth,,177,31,8284,12454,1824,2520,548160,274080,9.7039,1.2302,1.5112,4.5439,2043431,14917046.299999999,,7.3,,,,,,,,
config_CIN32_HIN28_WIN56_COUT32_K1_UFCIN1_UFCOU4_PAD1_STRIDE1_BIASTrue_group_conv2d_GROUPS4_ACTIVATIONrelu_ap_fixed_16_5_,conv,vitis,csynth,,177,28,6455,10937,1824,2520,548160,274080,9.7039,1.1111,1.1776,3.9904,3853127,28127827.099999998,,7.3,,,,,,,,
config_CIN32_HIN28_WIN56_COUT32_K1_UFCIN1_UFCOU4_PAD1_STRIDE1_BIASTrue_group_conv2d_GROUPS4_ACTIVATIONsigmoid_ap_fixed_16_5_,conv,vitis,csynth,,177,31,8287,12457,1824,2520,548160,274080,9.7039,1.2302,1.5118,4.545,3853157,28128046.099999998,,7.3,,,,,,,,
config_CIN32_HIN28_WIN56_COUT32_K1_UFCIN1_UFCOU8_PAD1_STRIDE1_BIASFalse_conv2d_ACTIVATIONrelu_ap_fixed_16_5_,conv,vitis,csynth,,181,16,5530,10200,1824,2520,548160,274080,9.9232,0.6349,1.0088,3.7215,463370,3382601.0,,7.3,,,,,,,,
config_CIN32_HIN28_WIN56_COUT32_K1_UFCIN1_UFCOU8_PAD1_STRIDE1_BIASFalse_conv2d_ACTIVATIONsigmoid_ap_fixed_16_5_,conv,vitis,csynth,,181,19,7362,11720,1824,2520,548160,274080,9.9232,0.754,1.343,4.2761,463400,3382820.0,,7.3,,,,,,,,
config_CIN32_HIN28_WIN56_COUT32_K1_UFCIN1_UFCOU8_PAD1_STRIDE1_BIASFalse_group_conv2d_GROUPS2_ACTIVATIONrelu_ap_fixed_16_5_,conv,vitis,csynth,,181,28,6726,11838,1824,2520,548160,274080,9.9232,1.1111,1.227,4.3192,1145516,8362266.8,,7.3,,,,,,,,
config_CIN32_HIN28_WIN56_COUT32_K1_UFCIN1_UFCOU8_PAD1_STRIDE1_BIASFalse_group_conv2d_GROUPS2_ACTIVATIONsigmoid_ap_fixed_16_5_,conv,vitis,csynth,,181,31,8558,13358,1824,2520,548160,274080,9.9232,1.2302,1.5612,4.8738,1145546,8362485.8,,7.3,,,,,,,,
config_CIN32_HIN28_WIN56_COUT32_K1_UFCIN1_UFCOU8_PAD1_STRIDE1_BIASFalse_group_conv2d_GROUPS4_ACTIVATIONrelu_ap_fixed_16_5_,conv,vitis,csynth,,181,15,5961,10462,1824,2520,548160,274080,9.9232,0.5952,1.0875,3.8171,512278,3739629.4,,7.3,,,,,,,,
config_CIN32_HIN28_WIN56_COUT32_K1_UFCIN1_UFCOU8_PAD1_STRIDE1_BIASFalse_group_conv2d_GROUPS4_ACTIVATIONsigmoid_ap_fixed_16_5_,conv,vitis,csynth,,181,18,7793,11982,1824,2520,548160,274080,9.9232,0.7143,1.4217,4.3717,512308,3739848.4,,7.3,,,,,,,,
config_CIN32_HIN28_WIN56_COUT32_K1_UFCIN1_UFCOU8_PAD1_STRIDE1_BIASTrue_conv2d_ACTIVATIONrelu_ap_fixed_16_5_,conv,vitis,csynth,,181,16,5773,10652,1824,2520,548160,274080,9.9232,0.6349,1.0532,3.8865,463415,3382929.5,,7.3,,,,,,,,
config_CIN32_HIN28_WIN56_COUT32_K1_UFCIN1_UFCOU8_PAD1_STRIDE1_BIASTrue_conv2d_ACTIVATIONsigmoid_ap_fixed_16_5_,conv,vitis,csynth,,181,19,7605,12172,1824,2520,548160,274080,9.9232,0.754,1.3874,4.441,463445,3383148.5,,7.3,,,,,,,,
config_CIN32_HIN28_WIN56_COUT32_K1_UFCIN1_UFCOU8_PAD1_STRIDE1_BIASTrue_group_conv2d_GROUPS2_ACTIVATIONrelu_ap_fixed_16_5_,conv,vitis,csynth,,181,28,6969,12290,1824,2520,548160,274080,9.9232,1.1111,1.2713,4.4841,1145561,8362595.3,,7.3,,,,,,,,
config_CIN32_HIN28_WIN56_COUT32_K1_UFCIN1_UFCOU8_PAD1_STRIDE1_BIASTrue_group_conv2d_GROUPS2_ACTIVATIONsigmoid_ap_fixed_16_5_,conv,vitis,csynth,,181,31,8801,13810,1824,2520,548160,274080,9.9232,1.2302,1.6056,5.0387,1145591,8362814.3,,7.3,,,,,,,,
config_CIN32_HIN28_WIN56_COUT32_K1_UFCIN1_UFCOU8_PAD1_STRIDE1_BIASTrue_group_conv2d_GROUPS4_ACTIVATIONrelu_ap_fixed_16_5_,conv,vitis,csynth,,181,15,6204,10914,1824,2520,548160,274080,9.9232,0.5952,1.1318,3.982,512323,3739957.9,,7.3,,,,,,,,
config_CIN32_HIN28_WIN56_COUT32_K1_UFCIN1_UFCOU8_PAD1_STRIDE1_BIASTrue_group_conv2d_GROUPS4_ACTIVATIONsigmoid_ap_fixed_16_5_,conv,vitis,csynth,,181,18,8036,12434,1824,2520,548160,274080,9.9232,0.7143,1.466,4.5366,512353,3740176.9,,7.3,,,,,,,,
config_CIN32_HIN28_WIN56_COUT32_K1_UFCIN4_UFCOU1_PAD1_STRIDE1_BIASFalse_conv2d_ACTIVATIONrelu_ap_fixed_16_5_,conv,vitis,csynth,,179,13,5482,9192,1824,2520,548160,274080,9.8136,0.5159,1.0001,3.3538,2520050,18396365.0,,7.3,,,,,,,,
config_CIN32_HIN28_WIN56_COUT32_K1_UFCIN4_UFCOU1_PAD1_STRIDE1_BIASFalse_conv2d_ACTIVATIONsigmoid_ap_fixed_16_5_,conv,vitis,csynth,,179,16,7250,10680,1824,2520,548160,274080,9.8136,0.6349,1.3226,3.8967,2520080,18396584.0,,7.3,,,,,,,,
config_CIN32_HIN28_WIN56_COUT32_K1_UFCIN4_UFCOU1_PAD1_STRIDE1_BIASFalse_group_conv2d_GROUPS2_ACTIVATIONrelu_ap_fixed_16_5_,conv,vitis,csynth,,179,13,5597,9436,1824,2520,548160,274080,9.8136,0.5159,1.0211,3.4428,4789074,34960240.199999996,,7.3,,,,,,,,
config_CIN32_HIN28_WIN56_COUT32_K1_UFCIN4_UFCOU1_PAD1_STRIDE1_BIASFalse_group_conv2d_GROUPS2_ACTIVATIONsigmoid_ap_fixed_16_5_,conv,vitis,csynth,,179,16,7365,10924,1824,2520,548160,274080,9.8136,0.6349,1.3436,3.9857,4789104,34960459.199999996,,7.3,,,,,,,,
config_CIN32_HIN28_WIN56_COUT32_K1_UFCIN4_UFCOU1_PAD1_STRIDE1_BIASFalse_group_conv2d_GROUPS4_ACTIVATIONrelu_ap_fixed_16_5_,conv,vitis,csynth,,179,13,5600,9439,1824,2520,548160,274080,9.8136,0.5159,1.0216,3.4439,9302758,67910133.39999999,,7.3,,,,,,,,
config_CIN32_HIN28_WIN56_COUT32_K1_UFCIN4_UFCOU1_PAD1_STRIDE1_BIASFalse_group_conv2d_GROUPS4_ACTIVATIONsigmoid_ap_fixed_16_5_,conv,vitis,csynth,,179,16,7368,10927,1824,2520,548160,274080,9.8136,0.6349,1.3441,3.9868,9302788,67910352.39999999,,7.3,,,,,,,,
config_CIN32_HIN28_WIN56_COUT32_K1_UFCIN4_UFCOU1_PAD1_STRIDE1_BIASTrue_conv2d_ACTIVATIONrelu_ap_fixed_16_5_,conv,vitis,csynth,,179,13,5623,9385,1824,2520,548160,274080,9.8136,0.5159,1.0258,3.4242,2520095,18396693.5,,7.3,,,,,,,,
config_CIN32_HIN28_WIN56_COUT32_K1_UFCIN4_UFCOU1_PAD1_STRIDE1_BIASTrue_conv2d_ACTIVATIONsigmoid_ap_fixed_16_5_,conv,vitis,csynth,,179,16,7391,10873,1824,2520,548160,274080,9.8136,0.6349,1.3483,3.9671,2520125,18396912.5,,7.3,,,,,,,,
config_CIN32_HIN28_WIN56_COUT32_K1_UFCIN4_UFCOU1_PAD1_STRIDE1_BIASTrue_group_conv2d_GROUPS2_ACTIVATIONrelu_ap_fixed_16_5_,conv,vitis,csynth,,179,13,5738,9629,1824,2520,548160,274080,9.8136,0.5159,1.0468,3.5132,4789119,34960568.699999996,,7.3,,,,,,,,
config_CIN32_HIN28_WIN56_COUT32_K1_UFCIN4_UFCOU1_PAD1_STRIDE1_BIASTrue_group_conv2d_GROUPS2_ACTIVATIONsigmoid_ap_fixed_16_5_,conv,vitis,csynth,,179,16,7506,11117,1824,2520,548160,274080,9.8136,0.6349,1.3693,4.0561,4789149,34960787.699999996,,7.3,,,,,,,,
config_CIN32_HIN28_WIN56_COUT32_K1_UFCIN4_UFCOU1_PAD1_STRIDE1_BIASTrue_group_conv2d_GROUPS4_ACTIVATIONrelu_ap_fixed_16_5_,conv,vitis,csynth,,179,13,5741,9632,1824,2520,548160,274080,9.8136,0.5159,1.0473,3.5143,9302803,67910461.89999999,,7.3,,,,,,,,
config_CIN32_HIN28_WIN56_COUT32_K1_UFCIN4_UFCOU1_PAD1_STRIDE1_BIASTrue_group_conv2d_GROUPS4_ACTIVATIONsigmoid_ap_fixed_16_5_,conv,vitis,csynth,,179,16,7509,11120,1824,2520,548160,274080,9.8136,0.6349,1.3699,4.0572,9302833,67910680.89999999,,7.3,,,,,,,,
config_CIN32_HIN28_WIN56_COUT32_K1_UFCIN4_UFCOU4_PAD1_STRIDE1_BIASFalse_conv2d_ACTIVATIONrelu_ap_fixed_16_5_,conv,vitis,csynth,,201,27,6028,10540,1824,2520,548160,274080,11.0197,1.0714,1.0997,3.8456,1141970,8336381.0,,7.3,,,,,,,,
config_CIN32_HIN28_WIN56_COUT32_K1_UFCIN4_UFCOU4_PAD1_STRIDE1_BIASFalse_conv2d_ACTIVATIONsigmoid_ap_fixed_16_5_,conv,vitis,csynth,,201,30,7860,12060,1824,2520,548160,274080,11.0197,1.1905,1.4339,4.4002,1142000,8336600.0,,7.3,,,,,,,,
config_CIN32_HIN28_WIN56_COUT32_K1_UFCIN4_UFCOU4_PAD1_STRIDE1_BIASFalse_group_conv2d_GROUPS2_ACTIVATIONrelu_ap_fixed_16_5_,conv,vitis,csynth,,201,27,7817,12920,1824,2520,548160,274080,11.0197,1.0714,1.426,4.714,2965554,21648544.2,,7.3,,,,,,,,
config_CIN32_HIN28_WIN56_COUT32_K1_UFCIN4_UFCOU4_PAD1_STRIDE1_BIASFalse_group_conv2d_GROUPS2_ACTIVATIONsigmoid_ap_fixed_16_5_,conv,vitis,csynth,,201,30,9649,14440,1824,2520,548160,274080,11.0197,1.1905,1.7603,5.2685,2965584,21648763.2,,7.3,,,,,,,,
config_CIN32_HIN28_WIN56_COUT32_K1_UFCIN4_UFCOU4_PAD1_STRIDE1_BIASFalse_group_conv2d_GROUPS4_ACTIVATIONrelu_ap_fixed_16_5_,conv,vitis,csynth,,201,27,7820,12923,1824,2520,548160,274080,11.0197,1.0714,1.4266,4.715,5697478,41591589.4,,7.3,,,,,,,,
config_CIN32_HIN28_WIN56_COUT32_K1_UFCIN4_UFCOU4_PAD1_STRIDE1_BIASFalse_group_conv2d_GROUPS4_ACTIVATIONsigmoid_ap_fixed_16_5_,conv,vitis,csynth,,201,30,9652,14443,1824,2520,548160,274080,11.0197,1.1905,1.7608,5.2696,5697508,41591808.4,,7.3,,,,,,,,
config_CIN32_HIN28_WIN56_COUT32_K1_UFCIN4_UFCOU4_PAD1_STRIDE1_BIASTrue_conv2d_ACTIVATIONrelu_ap_fixed_16_5_,conv,vitis,csynth,,201,27,6209,10844,1824,2520,548160,274080,11.0197,1.0714,1.1327,3.9565,1142015,8336709.5,,7.3,,,,,,,,
config_CIN32_HIN28_WIN56_COUT32_K1_UFCIN4_UFCOU4_PAD1_STRIDE1_BIASTrue_conv2d_ACTIVATIONsigmoid_ap_fixed_16_5_,conv,vitis,csynth,,201,30,8041,12364,1824,2520,548160,274080,11.0197,1.1905,1.4669,4.5111,1142045,8336928.5,,7.3,,,,,,,,
config_CIN32_HIN28_WIN56_COUT32_K1_UFCIN4_UFCOU4_PAD1_STRIDE1_BIASTrue_group_conv2d_GROUPS2_ACTIVATIONrelu_ap_fixed_16_5_,conv,vitis,csynth,,201,27,7998,13224,1824,2520,548160,274080,11.0197,1.0714,1.4591,4.8249,2965599,21648872.7,,7.3,,,,,,,,
config_CIN32_HIN28_WIN56_COUT32_K1_UFCIN4_UFCOU4_PAD1_STRIDE1_BIASTrue_group_conv2d_GROUPS2_ACTIVATIONsigmoid_ap_fixed_16_5_,conv,vitis,csynth,,201,30,9830,14744,1824,2520,548160,274080,11.0197,1.1905,1.7933,5.3795,2965629,21649091.7,,7.3,,,,,,,,
config_CIN32_HIN28_WIN56_COUT32_K1_UFCIN4_UFCOU4_PAD1_STRIDE1_BIASTrue_group_conv2d_GROUPS4_ACTIVATIONrelu_ap_fixed_16_5_,conv,vitis,csynth,,201,27,8001,13227,1824,2520,548160,274080,11.0197,1.0714,1.4596,4.826,5697523,41591917.9,,7.3,,,,,,,,
config_CIN32_HIN28_WIN56_COUT32_K1_UFCIN4_UFCOU4_PAD1_STRIDE1_BIASTrue_group_conv2d_GROUPS4_ACTIVATIONsigmoid_ap_fixed_16_5_,conv,vitis,csynth,,201,30,9833,14747,1824,2520,548160,274080,11.0197,1.1905,1.7938,5.3805,5697553,41592136.9,,7.3,,,,,,,,
config_CIN32_HIN28_WIN56_COUT32_K1_UFCIN4_UFCOU8_PAD1_STRIDE1_BIASFalse_conv2d_ACTIVATIONrelu_ap_fixed_16_5_,conv,vitis,csynth,,185,43,6919,12481,1824,2520,548160,274080,10.1425,1.7063,1.2622,4.5538,912290,6659717.0,,7.3,,,,,,,,
config_CIN32_HIN28_WIN56_COUT32_K1_UFCIN4_UFCOU8_PAD1_STRIDE1_BIASFalse_conv2d_ACTIVATIONsigmoid_ap_fixed_16_5_,conv,vitis,csynth,,185,46,8751,14001,1824,2520,548160,274080,10.1425,1.8254,1.5964,5.1084,912320,6659936.0,,7.3,,,,,,,,
config_CIN32_HIN28_WIN56_COUT32_K1_UFCIN4_UFCOU8_PAD1_STRIDE1_BIASFalse_group_conv2d_GROUPS2_ACTIVATIONrelu_ap_fixed_16_5_,conv,vitis,csynth,,185,43,10167,16537,1824,2520,548160,274080,10.1425,1.7063,1.8548,6.0336,2067714,15094312.2,,7.3,,,,,,,,
config_CIN32_HIN28_WIN56_COUT32_K1_UFCIN4_UFCOU8_PAD1_STRIDE1_BIASFalse_group_conv2d_GROUPS2_ACTIVATIONsigmoid_ap_fixed_16_5_,conv,vitis,csynth,,185,46,11999,18057,1824,2520,548160,274080,10.1425,1.8254,2.189,6.5882,2067744,15094531.2,,7.3,,,,,,,,
config_CIN32_HIN28_WIN56_COUT32_K1_UFCIN4_UFCOU8_PAD1_STRIDE1_BIASFalse_group_conv2d_GROUPS4_ACTIVATIONrelu_ap_fixed_16_5_,conv,vitis,csynth,,185,39,7687,11811,1824,2520,548160,274080,10.1425,1.5476,1.4023,4.3093,540118,3942861.4,,7.3,,,,,,,,
config_CIN32_HIN28_WIN56_COUT32_K1_UFCIN4_UFCOU8_PAD1_STRIDE1_BIASFalse_group_conv2d_GROUPS4_ACTIVATIONsigmoid_ap_fixed_16_5_,conv,vitis,csynth,,185,42,9519,13331,1824,2520,548160,274080,10.1425,1.6667,1.7365,4.8639,540148,3943080.4,,7.3,,,,,,,,
config_CIN32_HIN28_WIN56_COUT32_K1_UFCIN4_UFCOU8_PAD1_STRIDE1_BIASTrue_conv2d_ACTIVATIONrelu_ap_fixed_16_5_,conv,vitis,csynth,,185,43,7162,12933,1824,2520,548160,274080,10.1425,1.7063,1.3066,4.7187,912335,6660045.5,,7.3,,,,,,,,
config_CIN32_HIN28_WIN56_COUT32_K1_UFCIN4_UFCOU8_PAD1_STRIDE1_BIASTrue_conv2d_ACTIVATIONsigmoid_ap_fixed_16_5_,conv,vitis,csynth,,185,46,8994,14453,1824,2520,548160,274080,10.1425,1.8254,1.6408,5.2733,912365,6660264.5,,7.3,,,,,,,,
config_CIN32_HIN28_WIN56_COUT32_K1_UFCIN4_UFCOU8_PAD1_STRIDE1_BIASTrue_group_conv2d_GROUPS2_ACTIVATIONrelu_ap_fixed_16_5_,conv,vitis,csynth,,185,43,10410,16989,1824,2520,548160,274080,10.1425,1.7063,1.8991,6.1986,2067759,15094640.7,,7.3,,,,,,,,
config_CIN32_HIN28_WIN56_COUT32_K1_UFCIN4_UFCOU8_PAD1_STRIDE1_BIASTrue_group_conv2d_GROUPS2_ACTIVATIONsigmoid_ap_fixed_16_5_,conv,vitis,csynth,,185,46,12242,18509,1824,2520,548160,274080,10.1425,1.8254,2.2333,6.7531,2067789,15094859.7,,7.3,,,,,,,,
config_CIN32_HIN28_WIN56_COUT32_K1_UFCIN4_UFCOU8_PAD1_STRIDE1_BIASTrue_group_conv2d_GROUPS4_ACTIVATIONrelu_ap_fixed_16_5_,conv,vitis,csynth,,185,39,7930,12263,1824,2520,548160,274080,10.1425,1.5476,1.4467,4.4742,540163,3943189.9,,7.3,,,,,,,,
config_CIN32_HIN28_WIN56_COUT32_K1_UFCIN4_UFCOU8_PAD1_STRIDE1_BIASTrue_group_conv2d_GROUPS4_ACTIVATIONsigmoid_ap_fixed_16_5_,conv,vitis,csynth,,185,42,9762,13783,1824,2520,548160,274080,10.1425,1.6667,1.7809,5.0288,540193,3943408.9,,7.3,,,,,,,,
config_CIN32_HIN28_WIN56_COUT32_K1_UFCIN8_UFCOU1_PAD1_STRIDE1_BIASFalse_conv2d_ACTIVATIONrelu_ap_fixed_16_5_,conv,vitis,csynth,,183,21,5916,9996,1824,2520,548160,274080,10.0329,0.8333,1.0792,3.6471,2513090,18345557.0,,7.3,,,,,,,,
config_CIN32_HIN28_WIN56_COUT32_K1_UFCIN8_UFCOU1_PAD1_STRIDE1_BIASFalse_conv2d_ACTIVATIONsigmoid_ap_fixed_16_5_,conv,vitis,csynth,,183,24,7684,11484,1824,2520,548160,274080,10.0329,0.9524,1.4018,4.19,2513120,18345776.0,,7.3,,,,,,,,
config_CIN32_HIN28_WIN56_COUT32_K1_UFCIN8_UFCOU1_PAD1_STRIDE1_BIASFalse_group_conv2d_GROUPS2_ACTIVATIONrelu_ap_fixed_16_5_,conv,vitis,csynth,,183,21,6104,10398,1824,2520,548160,274080,10.0329,0.8333,1.1135,3.7938,4802994,35061856.199999996,,7.3,,,,,,,,
config_CIN32_HIN28_WIN56_COUT32_K1_UFCIN8_UFCOU1_PAD1_STRIDE1_BIASFalse_group_conv2d_GROUPS2_ACTIVATIONsigmoid_ap_fixed_16_5_,conv,vitis,csynth,,183,24,7872,11886,1824,2520,548160,274080,10.0329,0.9524,1.4361,4.3367,4803024,35062075.199999996,,7.3,,,,,,,,
config_CIN32_HIN28_WIN56_COUT32_K1_UFCIN8_UFCOU1_PAD1_STRIDE1_BIASFalse_group_conv2d_GROUPS4_ACTIVATIONrelu_ap_fixed_16_5_,conv,vitis,csynth,,183,21,6116,10401,1824,2520,548160,274080,10.0329,0.8333,1.1157,3.7949,9330598,68113365.39999999,,7.3,,,,,,,,
config_CIN32_HIN28_WIN56_COUT32_K1_UFCIN8_UFCOU1_PAD1_STRIDE1_BIASFalse_group_conv2d_GROUPS4_ACTIVATIONsigmoid_ap_fixed_16_5_,conv,vitis,csynth,,183,24,7884,11889,1824,2520,548160,274080,10.0329,0.9524,1.4383,4.3378,9330628,68113584.39999999,,7.3,,,,,,,,
config_CIN32_HIN28_WIN56_COUT32_K1_UFCIN8_UFCOU1_PAD1_STRIDE1_BIASTrue_conv2d_ACTIVATIONrelu_ap_fixed_16_5_,conv,vitis,csynth,,183,21,6057,10189,1824,2520,548160,274080,10.0329,0.8333,1.105,3.7175,2513135,18345885.5,,7.3,,,,,,,,
config_CIN32_HIN28_WIN56_COUT32_K1_UFCIN8_UFCOU1_PAD1_STRIDE1_BIASTrue_conv2d_ACTIVATIONsigmoid_ap_fixed_16_5_,conv,vitis,csynth,,183,24,7825,11677,1824,2520,548160,274080,10.0329,0.9524,1.4275,4.2604,2513165,18346104.5,,7.3,,,,,,,,
config_CIN32_HIN28_WIN56_COUT32_K1_UFCIN8_UFCOU1_PAD1_STRIDE1_BIASTrue_group_conv2d_GROUPS2_ACTIVATIONrelu_ap_fixed_16_5_,conv,vitis,csynth,,183,21,6245,10591,1824,2520,548160,274080,10.0329,0.8333,1.1393,3.8642,4803039,35062184.699999996,,7.3,,,,,,,,
config_CIN32_HIN28_WIN56_COUT32_K1_UFCIN8_UFCOU1_PAD1_STRIDE1_BIASTrue_group_conv2d_GROUPS2_ACTIVATIONsigmoid_ap_fixed_16_5_,conv,vitis,csynth,,183,24,8013,12079,1824,2520,548160,274080,10.0329,0.9524,1.4618,4.4071,4803069,35062403.699999996,,7.3,,,,,,,,
config_CIN32_HIN28_WIN56_COUT32_K1_UFCIN8_UFCOU1_PAD1_STRIDE1_BIASTrue_group_conv2d_GROUPS4_ACTIVATIONrelu_ap_fixed_16_5_,conv,vitis,csynth,,183,21,6257,10594,1824,2520,548160,274080,10.0329,0.8333,1.1415,3.8653,9330643,68113693.89999999,,7.3,,,,,,,,
config_CIN32_HIN28_WIN56_COUT32_K1_UFCIN8_UFCOU1_PAD1_STRIDE1_BIASTrue_group_conv2d_GROUPS4_ACTIVATIONsigmoid_ap_fixed_16_5_,conv,vitis,csynth,,183,24,8025,12082,1824,2520,548160,274080,10.0329,0.9524,1.464,4.4082,9330673,68113912.89999999,,7.3,,,,,,,,
config_CIN32_HIN28_WIN56_COUT32_K1_UFCIN8_UFCOU4_PAD1_STRIDE1_BIASFalse_conv2d_ACTIVATIONrelu_ap_fixed_16_5_,conv,vitis,csynth,,185,47,7296,12394,1824,2520,548160,274080,10.1425,1.8651,1.331,4.522,1135010,8285573.0,,7.3,,,,,,,,
config_CIN32_HIN28_WIN56_COUT32_K1_UFCIN8_UFCOU4_PAD1_STRIDE1_BIASFalse_conv2d_ACTIVATIONsigmoid_ap_fixed_16_5_,conv,vitis,csynth,,185,50,9128,13914,1824,2520,548160,274080,10.1425,1.9841,1.6652,5.0766,1135040,8285792.0,,7.3,,,,,,,,
config_CIN32_HIN28_WIN56_COUT32_K1_UFCIN8_UFCOU4_PAD1_STRIDE1_BIASFalse_group_conv2d_GROUPS2_ACTIVATIONrelu_ap_fixed_16_5_,conv,vitis,csynth,,185,47,10834,17110,1824,2520,548160,274080,10.1425,1.8651,1.9764,6.2427,2979474,21750160.2,,7.3,,,,,,,,
config_CIN32_HIN28_WIN56_COUT32_K1_UFCIN8_UFCOU4_PAD1_STRIDE1_BIASFalse_group_conv2d_GROUPS2_ACTIVATIONsigmoid_ap_fixed_16_5_,conv,vitis,csynth,,185,50,12666,18630,1824,2520,548160,274080,10.1425,1.9841,2.3106,6.7973,2979504,21750379.2,,7.3,,,,,,,,
config_CIN32_HIN28_WIN56_COUT32_K1_UFCIN8_UFCOU4_PAD1_STRIDE1_BIASFalse_group_conv2d_GROUPS4_ACTIVATIONrelu_ap_fixed_16_5_,conv,vitis,csynth,,185,47,10846,17113,1824,2520,548160,274080,10.1425,1.8651,1.9786,6.2438,5725318,41794821.4,,7.3,,,,,,,,
config_CIN32_HIN28_WIN56_COUT32_K1_UFCIN8_UFCOU4_PAD1_STRIDE1_BIASFalse_group_conv2d_GROUPS4_ACTIVATIONsigmoid_ap_fixed_16_5_,conv,vitis,csynth,,185,50,12678,18633,1824,2520,548160,274080,10.1425,1.9841,2.3128,6.7984,5725348,41795040.4,,7.3,,,,,,,,
config_CIN32_HIN28_WIN56_COUT32_K1_UFCIN8_UFCOU4_PAD1_STRIDE1_BIASTrue_conv2d_ACTIVATIONrelu_ap_fixed_16_5_,conv,vitis,csynth,,185,47,7477,12698,1824,2520,548160,274080,10.1425,1.8651,1.364,4.633,1135055,8285901.5,,7.3,,,,,,,,
config_CIN32_HIN28_WIN56_COUT32_K1_UFCIN8_UFCOU4_PAD1_STRIDE1_BIASTrue_conv2d_ACTIVATIONsigmoid_ap_fixed_16_5_,conv,vitis,csynth,,185,50,9309,14218,1824,2520,548160,274080,10.1425,1.9841,1.6982,5.1875,1135085,8286120.5,,7.3,,,,,,,,
config_CIN32_HIN28_WIN56_COUT32_K1_UFCIN8_UFCOU4_PAD1_STRIDE1_BIASTrue_group_conv2d_GROUPS2_ACTIVATIONrelu_ap_fixed_16_5_,conv,vitis,csynth,,185,47,11015,17414,1824,2520,548160,274080,10.1425,1.8651,2.0094,6.3536,2979519,21750488.7,,7.3,,,,,,,,
config_CIN32_HIN28_WIN56_COUT32_K1_UFCIN8_UFCOU4_PAD1_STRIDE1_BIASTrue_group_conv2d_GROUPS2_ACTIVATIONsigmoid_ap_fixed_16_5_,conv,vitis,csynth,,185,50,12847,18934,1824,2520,548160,274080,10.1425,1.9841,2.3437,6.9082,2979549,21750707.7,,7.3,,,,,,,,
config_CIN32_HIN28_WIN56_COUT32_K1_UFCIN8_UFCOU4_PAD1_STRIDE1_BIASTrue_group_conv2d_GROUPS4_ACTIVATIONrelu_ap_fixed_16_5_,conv,vitis,csynth,,185,47,11027,17417,1824,2520,548160,274080,10.1425,1.8651,2.0116,6.3547,5725363,41795149.9,,7.3,,,,,,,,
config_CIN32_HIN28_WIN56_COUT32_K1_UFCIN8_UFCOU4_PAD1_STRIDE1_BIASTrue_group_conv2d_GROUPS4_ACTIVATIONsigmoid_ap_fixed_16_5_,conv,vitis,csynth,,185,50,12859,18937,1824,2520,548160,274080,10.1425,1.9841,2.3458,6.9093,5725393,41795368.9,,7.3,,,,,,,,
config_CIN32_HIN28_WIN56_COUT32_K1_UFCIN8_UFCOU8_PAD1_STRIDE1_BIASFalse_conv2d_ACTIVATIONrelu_ap_fixed_16_5_,conv,vitis,csynth,,185,79,8567,15219,1824,2520,548160,274080,10.1425,3.1349,1.5629,5.5528,905330,6608909.0,,7.3,,,,,,,,
config_CIN32_HIN28_WIN56_COUT32_K1_UFCIN8_UFCOU8_PAD1_STRIDE1_BIASFalse_conv2d_ACTIVATIONsigmoid_ap_fixed_16_5_,conv,vitis,csynth,,185,82,10399,16739,1824,2520,548160,274080,10.1425,3.254,1.8971,6.1073,905360,6609128.0,,7.3,,,,,,,,
config_CIN32_HIN28_WIN56_COUT32_K1_UFCIN8_UFCOU8_PAD1_STRIDE1_BIASFalse_group_conv2d_GROUPS2_ACTIVATIONrelu_ap_fixed_16_5_,conv,vitis,csynth,,185,79,15013,23299,1824,2520,548160,274080,10.1425,3.1349,2.7388,8.5008,2081634,15195928.2,,7.3,,,,,,,,
config_CIN32_HIN28_WIN56_COUT32_K1_UFCIN8_UFCOU8_PAD1_STRIDE1_BIASFalse_group_conv2d_GROUPS2_ACTIVATIONsigmoid_ap_fixed_16_5_,conv,vitis,csynth,,185,82,16845,24819,1824,2520,548160,274080,10.1425,3.254,3.073,9.0554,2081664,15196147.2,,7.3,,,,,,,,
config_CIN32_HIN28_WIN56_COUT32_K1_UFCIN8_UFCOU8_PAD1_STRIDE1_BIASFalse_group_conv2d_GROUPS4_ACTIVATIONrelu_ap_fixed_16_5_,conv,vitis,csynth,,185,71,9184,12930,1824,2520,548160,274080,10.1425,2.8175,1.6754,4.7176,310442,2266226.6,,7.3,,,,,,,,
config_CIN32_HIN28_WIN56_COUT32_K1_UFCIN8_UFCOU8_PAD1_STRIDE1_BIASFalse_group_conv2d_GROUPS4_ACTIVATIONsigmoid_ap_fixed_16_5_,conv,vitis,csynth,,185,74,11016,14450,1824,2520,548160,274080,10.1425,2.9365,2.0096,5.2722,310472,2266445.6,,7.3,,,,,,,,
config_CIN32_HIN28_WIN56_COUT32_K1_UFCIN8_UFCOU8_PAD1_STRIDE1_BIASTrue_conv2d_ACTIVATIONrelu_ap_fixed_16_5_,conv,vitis,csynth,,185,79,8810,15671,1824,2520,548160,274080,10.1425,3.1349,1.6072,5.7177,905375,6609237.5,,7.3,,,,,,,,
config_CIN32_HIN28_WIN56_COUT32_K1_UFCIN8_UFCOU8_PAD1_STRIDE1_BIASTrue_conv2d_ACTIVATIONsigmoid_ap_fixed_16_5_,conv,vitis,csynth,,185,82,10642,17191,1824,2520,548160,274080,10.1425,3.254,1.9414,6.2723,905405,6609456.5,,7.3,,,,,,,,
config_CIN32_HIN28_WIN56_COUT32_K1_UFCIN8_UFCOU8_PAD1_STRIDE1_BIASTrue_group_conv2d_GROUPS2_ACTIVATIONrelu_ap_fixed_16_5_,conv,vitis,csynth,,185,79,15256,23751,1824,2520,548160,274080,10.1425,3.1349,2.7831,8.6657,2081679,15196256.7,,7.3,,,,,,,,
config_CIN32_HIN28_WIN56_COUT32_K1_UFCIN8_UFCOU8_PAD1_STRIDE1_BIASTrue_group_conv2d_GROUPS2_ACTIVATIONsigmoid_ap_fixed_16_5_,conv,vitis,csynth,,185,82,17088,25271,1824,2520,548160,274080,10.1425,3.254,3.1173,9.2203,2081709,15196475.7,,7.3,,,,,,,,
config_CIN32_HIN28_WIN56_COUT32_K1_UFCIN8_UFCOU8_PAD1_STRIDE1_BIASTrue_group_conv2d_GROUPS4_ACTIVATIONrelu_ap_fixed_16_5_,conv,vitis,csynth,,185,71,9427,13382,1824,2520,548160,274080,10.1425,2.8175,1.7198,4.8825,310487,2266555.1,,7.3,,,,,,,,
config_CIN32_HIN28_WIN56_COUT32_K1_UFCIN8_UFCOU8_PAD1_STRIDE1_BIASTrue_group_conv2d_GROUPS4_ACTIVATIONsigmoid_ap_fixed_16_5_,conv,vitis,csynth,,185,74,11259,14902,1824,2520,548160,274080,10.1425,2.9365,2.054,5.4371,310517,2266774.1,,7.3,,,,,,,,
config_CIN32_HIN28_WIN56_COUT32_K3_UFCIN1_UFCOU1_PAD1_STRIDE1_BIASFalse_conv2d_ACTIVATIONrelu_ap_fixed_16_5_,conv,vitis,csynth,,173,2,5109,9227,1824,2520,548160,274080,9.4846,0.0794,0.932,3.3665,14773583,107847155.89999999,,7.3,,,,,,,,
config_CIN32_HIN28_WIN56_COUT32_K3_UFCIN1_UFCOU1_PAD1_STRIDE1_BIASFalse_conv2d_ACTIVATIONsigmoid_ap_fixed_16_5_,conv,vitis,csynth,,173,5,6812,10680,1824,2520,548160,274080,9.4846,0.1984,1.2427,3.8967,14773612,107847367.6,,7.3,,,,,,,,
config_CIN32_HIN28_WIN56_COUT32_K3_UFCIN1_UFCOU1_PAD1_STRIDE1_BIASFalse_group_conv2d_GROUPS2_ACTIVATIONrelu_ap_fixed_16_5_,conv,vitis,csynth,,173,6,5514,9899,1824,2520,548160,274080,9.4846,0.2381,1.0059,3.6117,58208813,424924334.9,,7.3,,,,,,,,
config_CIN32_HIN28_WIN56_COUT32_K3_UFCIN1_UFCOU1_PAD1_STRIDE1_BIASFalse_group_conv2d_GROUPS2_ACTIVATIONsigmoid_ap_fixed_16_5_,conv,vitis,csynth,,173,9,7217,11352,1824,2520,548160,274080,9.4846,0.3571,1.3166,4.1419,58208842,424924546.59999996,,7.3,,,,,,,,
config_CIN32_HIN28_WIN56_COUT32_K3_UFCIN1_UFCOU1_PAD1_STRIDE1_BIASFalse_group_conv2d_GROUPS4_ACTIVATIONrelu_ap_fixed_16_5_,conv,vitis,csynth,,173,6,5517,9902,1824,2520,548160,274080,9.4846,0.2381,1.0065,3.6128,116206115,848304639.5,,7.3,,,,,,,,
config_CIN32_HIN28_WIN56_COUT32_K3_UFCIN1_UFCOU1_PAD1_STRIDE1_BIASFalse_group_conv2d_GROUPS4_ACTIVATIONsigmoid_ap_fixed_16_5_,conv,vitis,csynth,,173,9,7220,11355,1824,2520,548160,274080,9.4846,0.3571,1.3171,4.143,116206144,848304851.1999999,,7.3,,,,,,,,
config_CIN32_HIN28_WIN56_COUT32_K3_UFCIN1_UFCOU1_PAD1_STRIDE1_BIASTrue_conv2d_ACTIVATIONrelu_ap_fixed_16_5_,conv,vitis,csynth,,173,2,5247,9426,1824,2520,548160,274080,9.4846,0.0794,0.9572,3.4391,14823675,108212827.5,,7.3,,,,,,,,
config_CIN32_HIN28_WIN56_COUT32_K3_UFCIN1_UFCOU1_PAD1_STRIDE1_BIASTrue_conv2d_ACTIVATIONsigmoid_ap_fixed_16_5_,conv,vitis,csynth,,173,5,6950,10879,1824,2520,548160,274080,9.4846,0.1984,1.2679,3.9693,14823704,108213039.2,,7.3,,,,,,,,
config_CIN32_HIN28_WIN56_COUT32_K3_UFCIN1_UFCOU1_PAD1_STRIDE1_BIASTrue_group_conv2d_GROUPS2_ACTIVATIONrelu_ap_fixed_16_5_,conv,vitis,csynth,,173,6,5652,10098,1824,2520,548160,274080,9.4846,0.2381,1.0311,3.6843,58258905,425290006.5,,7.3,,,,,,,,
config_CIN32_HIN28_WIN56_COUT32_K3_UFCIN1_UFCOU1_PAD1_STRIDE1_BIASTrue_group_conv2d_GROUPS2_ACTIVATIONsigmoid_ap_fixed_16_5_,conv,vitis,csynth,,173,9,7355,11550,1824,2520,548160,274080,9.4846,0.3571,1.3418,4.2141,58258934,425290218.2,,7.3,,,,,,,,
config_CIN32_HIN28_WIN56_COUT32_K3_UFCIN1_UFCOU1_PAD1_STRIDE1_BIASTrue_group_conv2d_GROUPS4_ACTIVATIONrelu_ap_fixed_16_5_,conv,vitis,csynth,,173,6,5655,10101,1824,2520,548160,274080,9.4846,0.2381,1.0316,3.6854,116256207,848670311.1,,7.3,,,,,,,,
config_CIN32_HIN28_WIN56_COUT32_K3_UFCIN1_UFCOU1_PAD1_STRIDE1_BIASTrue_group_conv2d_GROUPS4_ACTIVATIONsigmoid_ap_fixed_16_5_,conv,vitis,csynth,,173,9,7358,11553,1824,2520,548160,274080,9.4846,0.3571,1.3423,4.2152,116256236,848670522.8,,7.3,,,,,,,,
config_CIN32_HIN28_WIN56_COUT32_K3_UFCIN1_UFCOU4_PAD1_STRIDE1_BIASFalse_conv2d_ACTIVATIONrelu_ap_fixed_16_5_,conv,vitis,csynth,,187,5,5247,10053,1824,2520,548160,274080,10.2522,0.1984,0.9572,3.6679,3947983,28820275.9,,7.3,,,,,,,,
config_CIN32_HIN28_WIN56_COUT32_K3_UFCIN1_UFCOU4_PAD1_STRIDE1_BIASFalse_conv2d_ACTIVATIONsigmoid_ap_fixed_16_5_,conv,vitis,csynth,,187,8,7142,11598,1824,2520,548160,274080,10.2522,0.3175,1.3029,4.2316,3948012,28820487.599999998,,7.3,,,,,,,,
config_CIN32_HIN28_WIN56_COUT32_K3_UFCIN1_UFCOU4_PAD1_STRIDE1_BIASFalse_group_conv2d_GROUPS2_ACTIVATIONrelu_ap_fixed_16_5_,conv,vitis,csynth,,187,21,6077,11262,1824,2520,548160,274080,10.2522,0.8333,1.1086,4.109,14869165,108544904.5,,7.3,,,,,,,,
config_CIN32_HIN28_WIN56_COUT32_K3_UFCIN1_UFCOU4_PAD1_STRIDE1_BIASFalse_group_conv2d_GROUPS2_ACTIVATIONsigmoid_ap_fixed_16_5_,conv,vitis,csynth,,187,24,7972,12807,1824,2520,548160,274080,10.2522,0.9524,1.4543,4.6727,14869194,108545116.2,,7.3,,,,,,,,
config_CIN32_HIN28_WIN56_COUT32_K3_UFCIN1_UFCOU4_PAD1_STRIDE1_BIASFalse_group_conv2d_GROUPS4_ACTIVATIONrelu_ap_fixed_16_5_,conv,vitis,csynth,,187,21,6080,11265,1824,2520,548160,274080,10.2522,0.8333,1.1092,4.1101,29514403,215455141.9,,7.3,,,,,,,,
config_CIN32_HIN28_WIN56_COUT32_K3_UFCIN1_UFCOU4_PAD1_STRIDE1_BIASFalse_group_conv2d_GROUPS4_ACTIVATIONsigmoid_ap_fixed_16_5_,conv,vitis,csynth,,187,24,7975,12810,1824,2520,548160,274080,10.2522,0.9524,1.4549,4.6738,29514432,215455353.6,,7.3,,,,,,,,
config_CIN32_HIN28_WIN56_COUT32_K3_UFCIN1_UFCOU4_PAD1_STRIDE1_BIASTrue_conv2d_ACTIVATIONrelu_ap_fixed_16_5_,conv,vitis,csynth,,187,5,5427,10380,1824,2520,548160,274080,10.2522,0.1984,0.99,3.7872,3948028,28820604.4,,7.3,,,,,,,,
config_CIN32_HIN28_WIN56_COUT32_K3_UFCIN1_UFCOU4_PAD1_STRIDE1_BIASTrue_conv2d_ACTIVATIONsigmoid_ap_fixed_16_5_,conv,vitis,csynth,,187,8,7322,11929,1824,2520,548160,274080,10.2522,0.3175,1.3357,4.3524,3948057,28820816.099999998,,7.3,,,,,,,,
config_CIN32_HIN28_WIN56_COUT32_K3_UFCIN1_UFCOU4_PAD1_STRIDE1_BIASTrue_group_conv2d_GROUPS2_ACTIVATIONrelu_ap_fixed_16_5_,conv,vitis,csynth,,187,21,6257,11589,1824,2520,548160,274080,10.2522,0.8333,1.1415,4.2283,14869210,108545233.0,,7.3,,,,,,,,
config_CIN32_HIN28_WIN56_COUT32_K3_UFCIN1_UFCOU4_PAD1_STRIDE1_BIASTrue_group_conv2d_GROUPS2_ACTIVATIONsigmoid_ap_fixed_16_5_,conv,vitis,csynth,,187,24,8152,13138,1824,2520,548160,274080,10.2522,0.9524,1.4872,4.7935,14869239,108545444.7,,7.3,,,,,,,,
config_CIN32_HIN28_WIN56_COUT32_K3_UFCIN1_UFCOU4_PAD1_STRIDE1_BIASTrue_group_conv2d_GROUPS4_ACTIVATIONrelu_ap_fixed_16_5_,conv,vitis,csynth,,187,21,6260,11592,1824,2520,548160,274080,10.2522,0.8333,1.142,4.2294,29514448,215455470.4,,7.3,,,,,,,,
config_CIN32_HIN28_WIN56_COUT32_K3_UFCIN1_UFCOU4_PAD1_STRIDE1_BIASTrue_group_conv2d_GROUPS4_ACTIVATIONsigmoid_ap_fixed_16_5_,conv,vitis,csynth,,187,24,8155,13141,1824,2520,548160,274080,10.2522,0.9524,1.4877,4.7946,29514477,215455682.1,,7.3,,,,,,,,
config_CIN32_HIN28_WIN56_COUT32_K3_UFCIN1_UFCOU8_PAD1_STRIDE1_BIASFalse_conv2d_ACTIVATIONrelu_ap_fixed_16_5_,conv,vitis,csynth,,187,9,5339,10838,1824,2520,548160,274080,10.2522,0.3571,0.974,3.9543,2135375,15588237.5,,7.3,,,,,,,,
config_CIN32_HIN28_WIN56_COUT32_K3_UFCIN1_UFCOU8_PAD1_STRIDE1_BIASFalse_conv2d_ACTIVATIONsigmoid_ap_fixed_16_5_,conv,vitis,csynth,,187,12,7234,12383,1824,2520,548160,274080,10.2522,0.4762,1.3197,4.518,2135404,15588449.2,,7.3,,,,,,,,
config_CIN32_HIN28_WIN56_COUT32_K3_UFCIN1_UFCOU8_PAD1_STRIDE1_BIASFalse_group_conv2d_GROUPS2_ACTIVATIONrelu_ap_fixed_16_5_,conv,vitis,csynth,,187,21,6556,12451,1824,2520,548160,274080,10.2522,0.8333,1.196,4.5428,7637549,55754107.699999996,,7.3,,,,,,,,
config_CIN32_HIN28_WIN56_COUT32_K3_UFCIN1_UFCOU8_PAD1_STRIDE1_BIASFalse_group_conv2d_GROUPS2_ACTIVATIONsigmoid_ap_fixed_16_5_,conv,vitis,csynth,,187,24,8451,13996,1824,2520,548160,274080,10.2522,0.9524,1.5417,5.1065,7637578,55754319.4,,7.3,,,,,,,,
config_CIN32_HIN28_WIN56_COUT32_K3_UFCIN1_UFCOU8_PAD1_STRIDE1_BIASFalse_group_conv2d_GROUPS4_ACTIVATIONrelu_ap_fixed_16_5_,conv,vitis,csynth,,187,9,5788,10916,1824,2520,548160,274080,10.2522,0.3571,1.0559,3.9828,2582431,18851746.3,,7.3,,,,,,,,
config_CIN32_HIN28_WIN56_COUT32_K3_UFCIN1_UFCOU8_PAD1_STRIDE1_BIASFalse_group_conv2d_GROUPS4_ACTIVATIONsigmoid_ap_fixed_16_5_,conv,vitis,csynth,,187,12,7683,12461,1824,2520,548160,274080,10.2522,0.4762,1.4016,4.5465,2582460,18851958.0,,7.3,,,,,,,,
config_CIN32_HIN28_WIN56_COUT32_K3_UFCIN1_UFCOU8_PAD1_STRIDE1_BIASTrue_conv2d_ACTIVATIONrelu_ap_fixed_16_5_,conv,vitis,csynth,,187,9,5582,11313,1824,2520,548160,274080,10.2522,0.3571,1.0183,4.1276,2135420,15588566.0,,7.3,,,,,,,,
config_CIN32_HIN28_WIN56_COUT32_K3_UFCIN1_UFCOU8_PAD1_STRIDE1_BIASTrue_conv2d_ACTIVATIONsigmoid_ap_fixed_16_5_,conv,vitis,csynth,,187,12,7477,12862,1824,2520,548160,274080,10.2522,0.4762,1.364,4.6928,2135449,15588777.7,,7.3,,,,,,,,
config_CIN32_HIN28_WIN56_COUT32_K3_UFCIN1_UFCOU8_PAD1_STRIDE1_BIASTrue_group_conv2d_GROUPS2_ACTIVATIONrelu_ap_fixed_16_5_,conv,vitis,csynth,,187,21,6799,12926,1824,2520,548160,274080,10.2522,0.8333,1.2403,4.7161,7637594,55754436.199999996,,7.3,,,,,,,,
config_CIN32_HIN28_WIN56_COUT32_K3_UFCIN1_UFCOU8_PAD1_STRIDE1_BIASTrue_group_conv2d_GROUPS2_ACTIVATIONsigmoid_ap_fixed_16_5_,conv,vitis,csynth,,187,24,8694,14475,1824,2520,548160,274080,10.2522,0.9524,1.586,5.2813,7637623,55754647.9,,7.3,,,,,,,,
config_CIN32_HIN28_WIN56_COUT32_K3_UFCIN1_UFCOU8_PAD1_STRIDE1_BIASTrue_group_conv2d_GROUPS4_ACTIVATIONrelu_ap_fixed_16_5_,conv,vitis,csynth,,187,9,6031,11391,1824,2520,548160,274080,10.2522,0.3571,1.1002,4.1561,2582476,18852074.8,,7.3,,,,,,,,
config_CIN32_HIN28_WIN56_COUT32_K3_UFCIN1_UFCOU8_PAD1_STRIDE1_BIASTrue_group_conv2d_GROUPS4_ACTIVATIONsigmoid_ap_fixed_16_5_,conv,vitis,csynth,,187,12,7926,12940,1824,2520,548160,274080,10.2522,0.4762,1.4459,4.7212,2582505,18852286.5,,7.3,,,,,,,,
config_CIN32_HIN28_WIN56_COUT32_K3_UFCIN4_UFCOU1_PAD1_STRIDE1_BIASFalse_conv2d_ACTIVATIONrelu_ap_fixed_16_5_,conv,vitis,csynth,,187,5,5513,10147,1824,2520,548160,274080,10.2522,0.1984,1.0057,3.7022,18027055,131597501.5,,7.3,,,,,,,,
config_CIN32_HIN28_WIN56_COUT32_K3_UFCIN4_UFCOU1_PAD1_STRIDE1_BIASFalse_conv2d_ACTIVATIONsigmoid_ap_fixed_16_5_,conv,vitis,csynth,,187,8,7216,11596,1824,2520,548160,274080,10.2522,0.3175,1.3164,4.2309,18027084,131597713.2,,7.3,,,,,,,,
config_CIN32_HIN28_WIN56_COUT32_K3_UFCIN4_UFCOU1_PAD1_STRIDE1_BIASFalse_group_conv2d_GROUPS2_ACTIVATIONrelu_ap_fixed_16_5_,conv,vitis,csynth,,187,5,5664,10367,1824,2520,548160,274080,10.2522,0.1984,1.0333,3.7825,35990123,262727897.9,,7.3,,,,,,,,
config_CIN32_HIN28_WIN56_COUT32_K3_UFCIN4_UFCOU1_PAD1_STRIDE1_BIASFalse_group_conv2d_GROUPS2_ACTIVATIONsigmoid_ap_fixed_16_5_,conv,vitis,csynth,,187,8,7367,11816,1824,2520,548160,274080,10.2522,0.3175,1.344,4.3112,35990152,262728109.6,,7.3,,,,,,,,
config_CIN32_HIN28_WIN56_COUT32_K3_UFCIN4_UFCOU1_PAD1_STRIDE1_BIASFalse_group_conv2d_GROUPS4_ACTIVATIONrelu_ap_fixed_16_5_,conv,vitis,csynth,,187,5,5667,10370,1824,2520,548160,274080,10.2522,0.1984,1.0338,3.7836,71718687,523546415.09999996,,7.3,,,,,,,,
config_CIN32_HIN28_WIN56_COUT32_K3_UFCIN4_UFCOU1_PAD1_STRIDE1_BIASFalse_group_conv2d_GROUPS4_ACTIVATIONsigmoid_ap_fixed_16_5_,conv,vitis,csynth,,187,8,7370,11819,1824,2520,548160,274080,10.2522,0.3175,1.3445,4.3122,71718716,523546626.8,,7.3,,,,,,,,
config_CIN32_HIN28_WIN56_COUT32_K3_UFCIN4_UFCOU1_PAD1_STRIDE1_BIASTrue_conv2d_ACTIVATIONrelu_ap_fixed_16_5_,conv,vitis,csynth,,187,5,5651,10345,1824,2520,548160,274080,10.2522,0.1984,1.0309,3.7744,18027100,131597830.0,,7.3,,,,,,,,
config_CIN32_HIN28_WIN56_COUT32_K3_UFCIN4_UFCOU1_PAD1_STRIDE1_BIASTrue_conv2d_ACTIVATIONsigmoid_ap_fixed_16_5_,conv,vitis,csynth,,187,8,7354,11798,1824,2520,548160,274080,10.2522,0.3175,1.3416,4.3046,18027129,131598041.7,,7.3,,,,,,,,
config_CIN32_HIN28_WIN56_COUT32_K3_UFCIN4_UFCOU1_PAD1_STRIDE1_BIASTrue_group_conv2d_GROUPS2_ACTIVATIONrelu_ap_fixed_16_5_,conv,vitis,csynth,,187,5,5802,10565,1824,2520,548160,274080,10.2522,0.1984,1.0585,3.8547,35990168,262728226.4,,7.3,,,,,,,,
config_CIN32_HIN28_WIN56_COUT32_K3_UFCIN4_UFCOU1_PAD1_STRIDE1_BIASTrue_group_conv2d_GROUPS2_ACTIVATIONsigmoid_ap_fixed_16_5_,conv,vitis,csynth,,187,8,7505,12018,1824,2520,548160,274080,10.2522,0.3175,1.3691,4.3849,35990197,262728438.1,,7.3,,,,,,,,
config_CIN32_HIN28_WIN56_COUT32_K3_UFCIN4_UFCOU1_PAD1_STRIDE1_BIASTrue_group_conv2d_GROUPS4_ACTIVATIONrelu_ap_fixed_16_5_,conv,vitis,csynth,,187,5,5805,10568,1824,2520,548160,274080,10.2522,0.1984,1.059,3.8558,71718732,523546743.59999996,,7.3,,,,,,,,
config_CIN32_HIN28_WIN56_COUT32_K3_UFCIN4_UFCOU1_PAD1_STRIDE1_BIASTrue_group_conv2d_GROUPS4_ACTIVATIONsigmoid_ap_fixed_16_5_,conv,vitis,csynth,,187,8,7508,12021,1824,2520,548160,274080,10.2522,0.3175,1.3697,4.3859,71718761,523546955.3,,7.3,,,,,,,,
config_CIN32_HIN28_WIN56_COUT32_K3_UFCIN4_UFCOU4_PAD1_STRIDE1_BIASFalse_conv2d_ACTIVATIONrelu_ap_fixed_16_5_,conv,vitis,csynth,,199,17,5874,11561,1824,2520,548160,274080,10.9101,0.6746,1.0716,4.2181,7151407,52205271.1,,7.3,,,,,,,,
config_CIN32_HIN28_WIN56_COUT32_K3_UFCIN4_UFCOU4_PAD1_STRIDE1_BIASFalse_conv2d_ACTIVATIONsigmoid_ap_fixed_16_5_,conv,vitis,csynth,,199,20,7769,13106,1824,2520,548160,274080,10.9101,0.7937,1.4173,4.7818,7151436,52205482.8,,7.3,,,,,,,,
config_CIN32_HIN28_WIN56_COUT32_K3_UFCIN4_UFCOU4_PAD1_STRIDE1_BIASFalse_group_conv2d_GROUPS2_ACTIVATIONrelu_ap_fixed_16_5_,conv,vitis,csynth,,199,17,7751,13947,1824,2520,548160,274080,10.9101,0.6746,1.414,5.0887,20598635,150370035.5,,7.3,,,,,,,,
config_CIN32_HIN28_WIN56_COUT32_K3_UFCIN4_UFCOU4_PAD1_STRIDE1_BIASFalse_group_conv2d_GROUPS2_ACTIVATIONsigmoid_ap_fixed_16_5_,conv,vitis,csynth,,199,20,9646,15492,1824,2520,548160,274080,10.9101,0.7937,1.7597,5.6524,20598664,150370247.2,,7.3,,,,,,,,
config_CIN32_HIN28_WIN56_COUT32_K3_UFCIN4_UFCOU4_PAD1_STRIDE1_BIASFalse_group_conv2d_GROUPS4_ACTIVATIONrelu_ap_fixed_16_5_,conv,vitis,csynth,,199,17,7754,13950,1824,2520,548160,274080,10.9101,0.6746,1.4146,5.0898,40973343,299105403.9,,7.3,,,,,,,,
config_CIN32_HIN28_WIN56_COUT32_K3_UFCIN4_UFCOU4_PAD1_STRIDE1_BIASFalse_group_conv2d_GROUPS4_ACTIVATIONsigmoid_ap_fixed_16_5_,conv,vitis,csynth,,199,20,9649,15495,1824,2520,548160,274080,10.9101,0.7937,1.7603,5.6535,40973372,299105615.59999996,,7.3,,,,,,,,
config_CIN32_HIN28_WIN56_COUT32_K3_UFCIN4_UFCOU4_PAD1_STRIDE1_BIASTrue_conv2d_ACTIVATIONrelu_ap_fixed_16_5_,conv,vitis,csynth,,199,17,6054,11888,1824,2520,548160,274080,10.9101,0.6746,1.1044,4.3374,7151452,52205599.6,,7.3,,,,,,,,
config_CIN32_HIN28_WIN56_COUT32_K3_UFCIN4_UFCOU4_PAD1_STRIDE1_BIASTrue_conv2d_ACTIVATIONsigmoid_ap_fixed_16_5_,conv,vitis,csynth,,199,20,7949,13437,1824,2520,548160,274080,10.9101,0.7937,1.4501,4.9026,7151481,52205811.3,,7.3,,,,,,,,
config_CIN32_HIN28_WIN56_COUT32_K3_UFCIN4_UFCOU4_PAD1_STRIDE1_BIASTrue_group_conv2d_GROUPS2_ACTIVATIONrelu_ap_fixed_16_5_,conv,vitis,csynth,,199,17,7931,14274,1824,2520,548160,274080,10.9101,0.6746,1.4468,5.208,20598680,150370364.0,,7.3,,,,,,,,
config_CIN32_HIN28_WIN56_COUT32_K3_UFCIN4_UFCOU4_PAD1_STRIDE1_BIASTrue_group_conv2d_GROUPS2_ACTIVATIONsigmoid_ap_fixed_16_5_,conv,vitis,csynth,,199,20,9826,15823,1824,2520,548160,274080,10.9101,0.7937,1.7925,5.7731,20598709,150370575.7,,7.3,,,,,,,,
config_CIN32_HIN28_WIN56_COUT32_K3_UFCIN4_UFCOU4_PAD1_STRIDE1_BIASTrue_group_conv2d_GROUPS4_ACTIVATIONrelu_ap_fixed_16_5_,conv,vitis,csynth,,199,17,7934,14277,1824,2520,548160,274080,10.9101,0.6746,1.4474,5.2091,40973388,299105732.4,,7.3,,,,,,,,
config_CIN32_HIN28_WIN56_COUT32_K3_UFCIN4_UFCOU4_PAD1_STRIDE1_BIASTrue_group_conv2d_GROUPS4_ACTIVATIONsigmoid_ap_fixed_16_5_,conv,vitis,csynth,,199,20,9829,15826,1824,2520,548160,274080,10.9101,0.7937,1.7931,5.7742,40973417,299105944.09999996,,7.3,,,,,,,,
config_CIN32_HIN28_WIN56_COUT32_K3_UFCIN4_UFCOU8_PAD1_STRIDE1_BIASFalse_conv2d_ACTIVATIONrelu_ap_fixed_16_5_,conv,vitis,csynth,,215,33,6249,13202,1824,2520,548160,274080,11.7873,1.3095,1.14,4.8168,5338799,38973232.699999996,,7.3,,,,,,,,
config_CIN32_HIN28_WIN56_COUT32_K3_UFCIN4_UFCOU8_PAD1_STRIDE1_BIASFalse_conv2d_ACTIVATIONsigmoid_ap_fixed_16_5_,conv,vitis,csynth,,215,36,8144,14747,1824,2520,548160,274080,11.7873,1.4286,1.4857,5.3805,5338828,38973444.4,,7.3,,,,,,,,
config_CIN32_HIN28_WIN56_COUT32_K3_UFCIN4_UFCOU8_PAD1_STRIDE1_BIASFalse_group_conv2d_GROUPS2_ACTIVATIONrelu_ap_fixed_16_5_,conv,vitis,csynth,,215,33,9685,17254,1824,2520,548160,274080,11.7873,1.3095,1.7668,6.2952,13367019,97579238.7,,7.3,,,,,,,,
config_CIN32_HIN28_WIN56_COUT32_K3_UFCIN4_UFCOU8_PAD1_STRIDE1_BIASFalse_group_conv2d_GROUPS2_ACTIVATIONsigmoid_ap_fixed_16_5_,conv,vitis,csynth,,215,36,11580,18799,1824,2520,548160,274080,11.7873,1.4286,2.1125,6.8589,13367048,97579450.39999999,,7.3,,,,,,,,
config_CIN32_HIN28_WIN56_COUT32_K3_UFCIN4_UFCOU8_PAD1_STRIDE1_BIASFalse_group_conv2d_GROUPS4_ACTIVATIONrelu_ap_fixed_16_5_,conv,vitis,csynth,,215,33,7004,12016,1824,2520,548160,274080,11.7873,1.3095,1.2777,4.3841,2808223,20500027.9,,7.3,,,,,,,,
config_CIN32_HIN28_WIN56_COUT32_K3_UFCIN4_UFCOU8_PAD1_STRIDE1_BIASFalse_group_conv2d_GROUPS4_ACTIVATIONsigmoid_ap_fixed_16_5_,conv,vitis,csynth,,215,36,8899,13561,1824,2520,548160,274080,11.7873,1.4286,1.6234,4.9478,2808252,20500239.599999998,,7.3,,,,,,,,
config_CIN32_HIN28_WIN56_COUT32_K3_UFCIN4_UFCOU8_PAD1_STRIDE1_BIASTrue_conv2d_ACTIVATIONrelu_ap_fixed_16_5_,conv,vitis,csynth,,215,33,6492,13677,1824,2520,548160,274080,11.7873,1.3095,1.1843,4.9901,5338844,38973561.199999996,,7.3,,,,,,,,
config_CIN32_HIN28_WIN56_COUT32_K3_UFCIN4_UFCOU8_PAD1_STRIDE1_BIASTrue_conv2d_ACTIVATIONsigmoid_ap_fixed_16_5_,conv,vitis,csynth,,215,36,8387,15226,1824,2520,548160,274080,11.7873,1.4286,1.53,5.5553,5338873,38973772.9,,7.3,,,,,,,,
config_CIN32_HIN28_WIN56_COUT32_K3_UFCIN4_UFCOU8_PAD1_STRIDE1_BIASTrue_group_conv2d_GROUPS2_ACTIVATIONrelu_ap_fixed_16_5_,conv,vitis,csynth,,215,33,9928,17729,1824,2520,548160,274080,11.7873,1.3095,1.8112,6.4685,13367064,97579567.2,,7.3,,,,,,,,
config_CIN32_HIN28_WIN56_COUT32_K3_UFCIN4_UFCOU8_PAD1_STRIDE1_BIASTrue_group_conv2d_GROUPS2_ACTIVATIONsigmoid_ap_fixed_16_5_,conv,vitis,csynth,,215,36,11823,19278,1824,2520,548160,274080,11.7873,1.4286,2.1569,7.0337,13367093,97579778.89999999,,7.3,,,,,,,,
config_CIN32_HIN28_WIN56_COUT32_K3_UFCIN4_UFCOU8_PAD1_STRIDE1_BIASTrue_group_conv2d_GROUPS4_ACTIVATIONrelu_ap_fixed_16_5_,conv,vitis,csynth,,215,33,7247,12491,1824,2520,548160,274080,11.7873,1.3095,1.3221,4.5574,2808268,20500356.4,,7.3,,,,,,,,
config_CIN32_HIN28_WIN56_COUT32_K3_UFCIN4_UFCOU8_PAD1_STRIDE1_BIASTrue_group_conv2d_GROUPS4_ACTIVATIONsigmoid_ap_fixed_16_5_,conv,vitis,csynth,,215,36,9142,14040,1824,2520,548160,274080,11.7873,1.4286,1.6678,5.1226,2808297,20500568.099999998,,7.3,,,,,,,,
config_CIN32_HIN28_WIN56_COUT32_K3_UFCIN8_UFCOU1_PAD1_STRIDE1_BIASFalse_conv2d_ACTIVATIONrelu_ap_fixed_16_5_,conv,vitis,csynth,,187,9,5987,11455,1824,2520,548160,274080,10.2522,0.3571,1.0922,4.1794,17970607,131185431.1,,7.3,,,,,,,,
config_CIN32_HIN28_WIN56_COUT32_K3_UFCIN8_UFCOU1_PAD1_STRIDE1_BIASFalse_conv2d_ACTIVATIONsigmoid_ap_fixed_16_5_,conv,vitis,csynth,,187,12,7690,12904,1824,2520,548160,274080,10.2522,0.4762,1.4029,4.7081,17970636,131185642.8,,7.3,,,,,,,,
config_CIN32_HIN28_WIN56_COUT32_K3_UFCIN8_UFCOU1_PAD1_STRIDE1_BIASFalse_group_conv2d_GROUPS2_ACTIVATIONrelu_ap_fixed_16_5_,conv,vitis,csynth,,187,9,6247,11760,1824,2520,548160,274080,10.2522,0.3571,1.1396,4.2907,36103019,263552038.7,,7.3,,,,,,,,
config_CIN32_HIN28_WIN56_COUT32_K3_UFCIN8_UFCOU1_PAD1_STRIDE1_BIASFalse_group_conv2d_GROUPS2_ACTIVATIONsigmoid_ap_fixed_16_5_,conv,vitis,csynth,,187,12,7950,13209,1824,2520,548160,274080,10.2522,0.4762,1.4503,4.8194,36103048,263552250.4,,7.3,,,,,,,,
config_CIN32_HIN28_WIN56_COUT32_K3_UFCIN8_UFCOU1_PAD1_STRIDE1_BIASFalse_group_conv2d_GROUPS4_ACTIVATIONrelu_ap_fixed_16_5_,conv,vitis,csynth,,187,9,6259,11763,1824,2520,548160,274080,10.2522,0.3571,1.1418,4.2918,71944479,525194696.7,,7.3,,,,,,,,
config_CIN32_HIN28_WIN56_COUT32_K3_UFCIN8_UFCOU1_PAD1_STRIDE1_BIASFalse_group_conv2d_GROUPS4_ACTIVATIONsigmoid_ap_fixed_16_5_,conv,vitis,csynth,,187,12,7962,13212,1824,2520,548160,274080,10.2522,0.4762,1.4525,4.8205,71944508,525194908.4,,7.3,,,,,,,,
config_CIN32_HIN28_WIN56_COUT32_K3_UFCIN8_UFCOU1_PAD1_STRIDE1_BIASTrue_conv2d_ACTIVATIONrelu_ap_fixed_16_5_,conv,vitis,csynth,,187,9,6125,11653,1824,2520,548160,274080,10.2522,0.3571,1.1174,4.2517,17970652,131185759.6,,7.3,,,,,,,,
config_CIN32_HIN28_WIN56_COUT32_K3_UFCIN8_UFCOU1_PAD1_STRIDE1_BIASTrue_conv2d_ACTIVATIONsigmoid_ap_fixed_16_5_,conv,vitis,csynth,,187,12,7828,13106,1824,2520,548160,274080,10.2522,0.4762,1.4281,4.7818,17970681,131185971.3,,7.3,,,,,,,,
config_CIN32_HIN28_WIN56_COUT32_K3_UFCIN8_UFCOU1_PAD1_STRIDE1_BIASTrue_group_conv2d_GROUPS2_ACTIVATIONrelu_ap_fixed_16_5_,conv,vitis,csynth,,187,9,6385,11958,1824,2520,548160,274080,10.2522,0.3571,1.1648,4.363,36103064,263552367.2,,7.3,,,,,,,,
config_CIN32_HIN28_WIN56_COUT32_K3_UFCIN8_UFCOU1_PAD1_STRIDE1_BIASTrue_group_conv2d_GROUPS2_ACTIVATIONsigmoid_ap_fixed_16_5_,conv,vitis,csynth,,187,12,8088,13411,1824,2520,548160,274080,10.2522,0.4762,1.4755,4.8931,36103093,263552578.9,,7.3,,,,,,,,
config_CIN32_HIN28_WIN56_COUT32_K3_UFCIN8_UFCOU1_PAD1_STRIDE1_BIASTrue_group_conv2d_GROUPS4_ACTIVATIONrelu_ap_fixed_16_5_,conv,vitis,csynth,,187,9,6397,11961,1824,2520,548160,274080,10.2522,0.3571,1.167,4.3641,71944524,525195025.2,,7.3,,,,,,,,
config_CIN32_HIN28_WIN56_COUT32_K3_UFCIN8_UFCOU1_PAD1_STRIDE1_BIASTrue_group_conv2d_GROUPS4_ACTIVATIONsigmoid_ap_fixed_16_5_,conv,vitis,csynth,,187,12,8100,13414,1824,2520,548160,274080,10.2522,0.4762,1.4777,4.8942,71944553,525195236.9,,7.3,,,,,,,,
config_CIN32_HIN28_WIN56_COUT32_K3_UFCIN8_UFCOU4_PAD1_STRIDE1_BIASFalse_conv2d_ACTIVATIONrelu_ap_fixed_16_5_,conv,vitis,csynth,,215,33,6653,13637,1824,2520,548160,274080,11.7873,1.3095,1.2137,4.9756,7094959,51793200.699999996,,7.3,,,,,,,,
config_CIN32_HIN28_WIN56_COUT32_K3_UFCIN8_UFCOU4_PAD1_STRIDE1_BIASFalse_conv2d_ACTIVATIONsigmoid_ap_fixed_16_5_,conv,vitis,csynth,,215,36,8548,15182,1824,2520,548160,274080,11.7873,1.4286,1.5594,5.5393,7094988,51793412.4,,7.3,,,,,,,,
config_CIN32_HIN28_WIN56_COUT32_K3_UFCIN8_UFCOU4_PAD1_STRIDE1_BIASFalse_group_conv2d_GROUPS2_ACTIVATIONrelu_ap_fixed_16_5_,conv,vitis,csynth,,215,33,10375,18362,1824,2520,548160,274080,11.7873,1.3095,1.8927,6.6995,20711531,151194176.29999998,,7.3,,,,,,,,
config_CIN32_HIN28_WIN56_COUT32_K3_UFCIN8_UFCOU4_PAD1_STRIDE1_BIASFalse_group_conv2d_GROUPS2_ACTIVATIONsigmoid_ap_fixed_16_5_,conv,vitis,csynth,,215,36,12270,19907,1824,2520,548160,274080,11.7873,1.4286,2.2384,7.2632,20711560,151194388.0,,7.3,,,,,,,,
config_CIN32_HIN28_WIN56_COUT32_K3_UFCIN8_UFCOU4_PAD1_STRIDE1_BIASFalse_group_conv2d_GROUPS4_ACTIVATIONrelu_ap_fixed_16_5_,conv,vitis,csynth,,215,33,10387,18365,1824,2520,548160,274080,11.7873,1.3095,1.8949,6.7006,41199135,300753685.5,,7.3,,,,,,,,
config_CIN32_HIN28_WIN56_COUT32_K3_UFCIN8_UFCOU4_PAD1_STRIDE1_BIASFalse_group_conv2d_GROUPS4_ACTIVATIONsigmoid_ap_fixed_16_5_,conv,vitis,csynth,,215,36,12282,19910,1824,2520,548160,274080,11.7873,1.4286,2.2406,7.2643,41199164,300753897.2,,7.3,,,,,,,,
config_CIN32_HIN28_WIN56_COUT32_K3_UFCIN8_UFCOU4_PAD1_STRIDE1_BIASTrue_conv2d_ACTIVATIONrelu_ap_fixed_16_5_,conv,vitis,csynth,,215,33,6833,13964,1824,2520,548160,274080,11.7873,1.3095,1.2465,5.0949,7095004,51793529.199999996,,7.3,,,,,,,,
config_CIN32_HIN28_WIN56_COUT32_K3_UFCIN8_UFCOU4_PAD1_STRIDE1_BIASTrue_conv2d_ACTIVATIONsigmoid_ap_fixed_16_5_,conv,vitis,csynth,,215,36,8728,15513,1824,2520,548160,274080,11.7873,1.4286,1.5922,5.66,7095033,51793740.9,,7.3,,,,,,,,
config_CIN32_HIN28_WIN56_COUT32_K3_UFCIN8_UFCOU4_PAD1_STRIDE1_BIASTrue_group_conv2d_GROUPS2_ACTIVATIONrelu_ap_fixed_16_5_,conv,vitis,csynth,,215,33,10555,18689,1824,2520,548160,274080,11.7873,1.3095,1.9255,6.8188,20711576,151194504.79999998,,7.3,,,,,,,,
config_CIN32_HIN28_WIN56_COUT32_K3_UFCIN8_UFCOU4_PAD1_STRIDE1_BIASTrue_group_conv2d_GROUPS2_ACTIVATIONsigmoid_ap_fixed_16_5_,conv,vitis,csynth,,215,36,12450,20238,1824,2520,548160,274080,11.7873,1.4286,2.2712,7.384,20711605,151194716.5,,7.3,,,,,,,,
config_CIN32_HIN28_WIN56_COUT32_K3_UFCIN8_UFCOU4_PAD1_STRIDE1_BIASTrue_group_conv2d_GROUPS4_ACTIVATIONrelu_ap_fixed_16_5_,conv,vitis,csynth,,215,33,10567,18692,1824,2520,548160,274080,11.7873,1.3095,1.9277,6.8199,41199180,300754014.0,,7.3,,,,,,,,
config_CIN32_HIN28_WIN56_COUT32_K3_UFCIN8_UFCOU4_PAD1_STRIDE1_BIASTrue_group_conv2d_GROUPS4_ACTIVATIONsigmoid_ap_fixed_16_5_,conv,vitis,csynth,,215,36,12462,20241,1824,2520,548160,274080,11.7873,1.4286,2.2734,7.3851,41199209,300754225.7,,7.3,,,,,,,,
config_CIN32_HIN28_WIN56_COUT32_K3_UFCIN8_UFCOU8_PAD1_STRIDE1_BIASFalse_conv2d_ACTIVATIONrelu_ap_fixed_16_5_,conv,vitis,csynth,,247,65,7404,16400,1824,2520,548160,274080,13.5417,2.5794,1.3507,5.9837,5282351,38561162.3,,7.3,,,,,,,,
config_CIN32_HIN28_WIN56_COUT32_K3_UFCIN8_UFCOU8_PAD1_STRIDE1_BIASFalse_conv2d_ACTIVATIONsigmoid_ap_fixed_16_5_,conv,vitis,csynth,,247,68,9299,17945,1824,2520,548160,274080,13.5417,2.6984,1.6964,6.5474,5282380,38561374.0,,7.3,,,,,,,,
config_CIN32_HIN28_WIN56_COUT32_K3_UFCIN8_UFCOU8_PAD1_STRIDE1_BIASFalse_group_conv2d_GROUPS2_ACTIVATIONrelu_ap_fixed_16_5_,conv,vitis,csynth,,247,65,14234,24499,1824,2520,548160,274080,13.5417,2.5794,2.5967,8.9386,13479915,98403379.5,,7.3,,,,,,,,
config_CIN32_HIN28_WIN56_COUT32_K3_UFCIN8_UFCOU8_PAD1_STRIDE1_BIASFalse_group_conv2d_GROUPS2_ACTIVATIONsigmoid_ap_fixed_16_5_,conv,vitis,csynth,,247,68,16129,26044,1824,2520,548160,274080,13.5417,2.6984,2.9424,9.5023,13479944,98403591.2,,7.3,,,,,,,,
config_CIN32_HIN28_WIN56_COUT32_K3_UFCIN8_UFCOU8_PAD1_STRIDE1_BIASFalse_group_conv2d_GROUPS4_ACTIVATIONrelu_ap_fixed_16_5_,conv,vitis,csynth,,247,65,6701,13231,1824,2520,548160,274080,13.5417,2.5794,1.2225,4.8274,945439,6901704.7,,7.3,,,,,,,,
config_CIN32_HIN28_WIN56_COUT32_K3_UFCIN8_UFCOU8_PAD1_STRIDE1_BIASFalse_group_conv2d_GROUPS4_ACTIVATIONsigmoid_ap_fixed_16_5_,conv,vitis,csynth,,247,68,8596,14776,1824,2520,548160,274080,13.5417,2.6984,1.5682,5.3911,945468,6901916.399999999,,7.3,,,,,,,,
config_CIN32_HIN28_WIN56_COUT32_K3_UFCIN8_UFCOU8_PAD1_STRIDE1_BIASTrue_conv2d_ACTIVATIONrelu_ap_fixed_16_5_,conv,vitis,csynth,,247,65,7647,16875,1824,2520,548160,274080,13.5417,2.5794,1.395,6.157,5282396,38561490.8,,7.3,,,,,,,,
config_CIN32_HIN28_WIN56_COUT32_K3_UFCIN8_UFCOU8_PAD1_STRIDE1_BIASTrue_conv2d_ACTIVATIONsigmoid_ap_fixed_16_5_,conv,vitis,csynth,,247,68,9542,18424,1824,2520,548160,274080,13.5417,2.6984,1.7407,6.7221,5282425,38561702.5,,7.3,,,,,,,,
config_CIN32_HIN28_WIN56_COUT32_K3_UFCIN8_UFCOU8_PAD1_STRIDE1_BIASTrue_group_conv2d_GROUPS2_ACTIVATIONrelu_ap_fixed_16_5_,conv,vitis,csynth,,247,65,14477,24974,1824,2520,548160,274080,13.5417,2.5794,2.641,9.1119,13479960,98403708.0,,7.3,,,,,,,,
config_CIN32_HIN28_WIN56_COUT32_K3_UFCIN8_UFCOU8_PAD1_STRIDE1_BIASTrue_group_conv2d_GROUPS2_ACTIVATIONsigmoid_ap_fixed_16_5_,conv,vitis,csynth,,247,68,16372,26523,1824,2520,548160,274080,13.5417,2.6984,2.9867,9.6771,13479989,98403919.7,,7.3,,,,,,,,
config_CIN32_HIN28_WIN56_COUT32_K3_UFCIN8_UFCOU8_PAD1_STRIDE1_BIASTrue_group_conv2d_GROUPS4_ACTIVATIONrelu_ap_fixed_16_5_,conv,vitis,csynth,,247,65,6944,13706,1824,2520,548160,274080,13.5417,2.5794,1.2668,5.0007,945484,6902033.2,,7.3,,,,,,,,
config_CIN32_HIN28_WIN56_COUT32_K3_UFCIN8_UFCOU8_PAD1_STRIDE1_BIASTrue_group_conv2d_GROUPS4_ACTIVATIONsigmoid_ap_fixed_16_5_,conv,vitis,csynth,,247,68,8839,15255,1824,2520,548160,274080,13.5417,2.6984,1.6125,5.5659,945513,6902244.899999999,,7.3,,,,,,,,
config_CIN32_HIN56_WIN28_COUT16_K1_UFCIN1_UFCOU1_PAD1_STRIDE1_BIASFalse_conv2d_ACTIVATIONrelu_ap_fixed_16_5_,conv,vitis,csynth,,112,6,5220,8818,1824,2520,548160,274080,6.1404,0.2381,0.9523,3.2173,1039952,7591649.6,,7.3,,,,,,,,
config_CIN32_HIN56_WIN28_COUT16_K1_UFCIN1_UFCOU1_PAD1_STRIDE1_BIASFalse_conv2d_ACTIVATIONsigmoid_ap_fixed_16_5_,conv,vitis,csynth,,112,9,6988,10306,1824,2520,548160,274080,6.1404,0.3571,1.2748,3.7602,1039982,7591868.6,,7.3,,,,,,,,
config_CIN32_HIN56_WIN28_COUT16_K1_UFCIN1_UFCOU1_PAD1_STRIDE1_BIASFalse_group_conv2d_GROUPS2_ACTIVATIONrelu_ap_fixed_16_5_,conv,vitis,csynth,,112,10,5605,9544,1824,2520,548160,274080,6.1404,0.3968,1.0225,3.4822,3726634,27204428.2,,7.3,,,,,,,,
config_CIN32_HIN56_WIN28_COUT16_K1_UFCIN1_UFCOU1_PAD1_STRIDE1_BIASFalse_group_conv2d_GROUPS2_ACTIVATIONsigmoid_ap_fixed_16_5_,conv,vitis,csynth,,112,13,7373,11032,1824,2520,548160,274080,6.1404,0.5159,1.345,4.0251,3726664,27204647.2,,7.3,,,,,,,,
config_CIN32_HIN56_WIN28_COUT16_K1_UFCIN1_UFCOU1_PAD1_STRIDE1_BIASFalse_group_conv2d_GROUPS4_ACTIVATIONrelu_ap_fixed_16_5_,conv,vitis,csynth,,112,10,5607,9547,1824,2520,548160,274080,6.1404,0.3968,1.0229,3.4833,7318232,53423093.6,,7.3,,,,,,,,
config_CIN32_HIN56_WIN28_COUT16_K1_UFCIN1_UFCOU1_PAD1_STRIDE1_BIASFalse_group_conv2d_GROUPS4_ACTIVATIONsigmoid_ap_fixed_16_5_,conv,vitis,csynth,,112,13,7375,11035,1824,2520,548160,274080,6.1404,0.5159,1.3454,4.0262,7318262,53423312.6,,7.3,,,,,,,,
config_CIN32_HIN56_WIN28_COUT16_K1_UFCIN1_UFCOU1_PAD1_STRIDE1_BIASTrue_conv2d_ACTIVATIONrelu_ap_fixed_16_5_,conv,vitis,csynth,,112,6,5356,9002,1824,2520,548160,274080,6.1404,0.2381,0.9771,3.2844,1067758,7794633.399999999,,7.3,,,,,,,,
config_CIN32_HIN56_WIN28_COUT16_K1_UFCIN1_UFCOU1_PAD1_STRIDE1_BIASTrue_conv2d_ACTIVATIONsigmoid_ap_fixed_16_5_,conv,vitis,csynth,,112,9,7124,10490,1824,2520,548160,274080,6.1404,0.3571,1.2996,3.8273,1067788,7794852.399999999,,7.3,,,,,,,,
config_CIN32_HIN56_WIN28_COUT16_K1_UFCIN1_UFCOU1_PAD1_STRIDE1_BIASTrue_group_conv2d_GROUPS2_ACTIVATIONrelu_ap_fixed_16_5_,conv,vitis,csynth,,112,10,5741,9728,1824,2520,548160,274080,6.1404,0.3968,1.0473,3.5493,3754440,27407412.0,,7.3,,,,,,,,
config_CIN32_HIN56_WIN28_COUT16_K1_UFCIN1_UFCOU1_PAD1_STRIDE1_BIASTrue_group_conv2d_GROUPS2_ACTIVATIONsigmoid_ap_fixed_16_5_,conv,vitis,csynth,,112,13,7509,11216,1824,2520,548160,274080,6.1404,0.5159,1.3699,4.0922,3754470,27407631.0,,7.3,,,,,,,,
config_CIN32_HIN56_WIN28_COUT16_K1_UFCIN1_UFCOU1_PAD1_STRIDE1_BIASTrue_group_conv2d_GROUPS4_ACTIVATIONrelu_ap_fixed_16_5_,conv,vitis,csynth,,112,10,5743,9731,1824,2520,548160,274080,6.1404,0.3968,1.0477,3.5504,7346038,53626077.4,,7.3,,,,,,,,
config_CIN32_HIN56_WIN28_COUT16_K1_UFCIN1_UFCOU1_PAD1_STRIDE1_BIASTrue_group_conv2d_GROUPS4_ACTIVATIONsigmoid_ap_fixed_16_5_,conv,vitis,csynth,,112,13,7511,11219,1824,2520,548160,274080,6.1404,0.5159,1.3702,4.0933,7346068,53626296.4,,7.3,,,,,,,,
config_CIN32_HIN56_WIN28_COUT16_K1_UFCIN1_UFCOU4_PAD1_STRIDE1_BIASFalse_conv2d_ACTIVATIONrelu_ap_fixed_16_5_,conv,vitis,csynth,,119,10,5489,9666,1824,2520,548160,274080,6.5241,0.3968,1.0013,3.5267,378690,2764437.0,,7.3,,,,,,,,
config_CIN32_HIN56_WIN28_COUT16_K1_UFCIN1_UFCOU4_PAD1_STRIDE1_BIASFalse_conv2d_ACTIVATIONsigmoid_ap_fixed_16_5_,conv,vitis,csynth,,119,13,7380,11218,1824,2520,548160,274080,6.5241,0.5159,1.3463,4.093,378720,2764656.0,,7.3,,,,,,,,
config_CIN32_HIN56_WIN28_COUT16_K1_UFCIN1_UFCOU4_PAD1_STRIDE1_BIASFalse_group_conv2d_GROUPS2_ACTIVATIONrelu_ap_fixed_16_5_,conv,vitis,csynth,,119,10,6321,10520,1824,2520,548160,274080,6.5241,0.3968,1.1531,3.8383,2264970,16534281.0,,7.3,,,,,,,,
config_CIN32_HIN56_WIN28_COUT16_K1_UFCIN1_UFCOU4_PAD1_STRIDE1_BIASFalse_group_conv2d_GROUPS2_ACTIVATIONsigmoid_ap_fixed_16_5_,conv,vitis,csynth,,119,13,8212,12072,1824,2520,548160,274080,6.5241,0.5159,1.4981,4.4046,2265000,16534500.0,,7.3,,,,,,,,
config_CIN32_HIN56_WIN28_COUT16_K1_UFCIN1_UFCOU4_PAD1_STRIDE1_BIASFalse_group_conv2d_GROUPS4_ACTIVATIONrelu_ap_fixed_16_5_,conv,vitis,csynth,,119,9,5604,9842,1824,2520,548160,274080,6.5241,0.3571,1.0223,3.5909,3949526,28831539.8,,7.3,,,,,,,,
config_CIN32_HIN56_WIN28_COUT16_K1_UFCIN1_UFCOU4_PAD1_STRIDE1_BIASFalse_group_conv2d_GROUPS4_ACTIVATIONsigmoid_ap_fixed_16_5_,conv,vitis,csynth,,119,12,7495,11394,1824,2520,548160,274080,6.5241,0.4762,1.3673,4.1572,3949556,28831758.8,,7.3,,,,,,,,
config_CIN32_HIN56_WIN28_COUT16_K1_UFCIN1_UFCOU4_PAD1_STRIDE1_BIASTrue_conv2d_ACTIVATIONrelu_ap_fixed_16_5_,conv,vitis,csynth,,119,10,5665,9964,1824,2520,548160,274080,6.5241,0.3968,1.0335,3.6354,378719,2764648.6999999997,,7.3,,,,,,,,
config_CIN32_HIN56_WIN28_COUT16_K1_UFCIN1_UFCOU4_PAD1_STRIDE1_BIASTrue_conv2d_ACTIVATIONsigmoid_ap_fixed_16_5_,conv,vitis,csynth,,119,13,7556,11516,1824,2520,548160,274080,6.5241,0.5159,1.3784,4.2017,378749,2764867.6999999997,,7.3,,,,,,,,
config_CIN32_HIN56_WIN28_COUT16_K1_UFCIN1_UFCOU4_PAD1_STRIDE1_BIASTrue_group_conv2d_GROUPS2_ACTIVATIONrelu_ap_fixed_16_5_,conv,vitis,csynth,,119,10,6497,10818,1824,2520,548160,274080,6.5241,0.3968,1.1852,3.947,2264999,16534492.7,,7.3,,,,,,,,
config_CIN32_HIN56_WIN28_COUT16_K1_UFCIN1_UFCOU4_PAD1_STRIDE1_BIASTrue_group_conv2d_GROUPS2_ACTIVATIONsigmoid_ap_fixed_16_5_,conv,vitis,csynth,,119,13,8388,12370,1824,2520,548160,274080,6.5241,0.5159,1.5302,4.5133,2265029,16534711.7,,7.3,,,,,,,,
config_CIN32_HIN56_WIN28_COUT16_K1_UFCIN1_UFCOU4_PAD1_STRIDE1_BIASTrue_group_conv2d_GROUPS4_ACTIVATIONrelu_ap_fixed_16_5_,conv,vitis,csynth,,119,9,5780,10140,1824,2520,548160,274080,6.5241,0.3571,1.0544,3.6996,3949555,28831751.5,,7.3,,,,,,,,
config_CIN32_HIN56_WIN28_COUT16_K1_UFCIN1_UFCOU4_PAD1_STRIDE1_BIASTrue_group_conv2d_GROUPS4_ACTIVATIONsigmoid_ap_fixed_16_5_,conv,vitis,csynth,,119,12,7671,11692,1824,2520,548160,274080,6.5241,0.4762,1.3994,4.2659,3949585,28831970.5,,7.3,,,,,,,,
config_CIN32_HIN56_WIN28_COUT16_K1_UFCIN1_UFCOU8_PAD1_STRIDE1_BIASFalse_conv2d_ACTIVATIONrelu_ap_fixed_16_5_,conv,vitis,csynth,,123,10,5545,10416,1824,2520,548160,274080,6.7434,0.3968,1.0116,3.8004,371725,2713592.5,,7.3,,,,,,,,
config_CIN32_HIN56_WIN28_COUT16_K1_UFCIN1_UFCOU8_PAD1_STRIDE1_BIASFalse_conv2d_ACTIVATIONsigmoid_ap_fixed_16_5_,conv,vitis,csynth,,123,13,7366,11936,1824,2520,548160,274080,6.7434,0.5159,1.3438,4.3549,371755,2713811.5,,7.3,,,,,,,,
config_CIN32_HIN56_WIN28_COUT16_K1_UFCIN1_UFCOU8_PAD1_STRIDE1_BIASFalse_group_conv2d_GROUPS2_ACTIVATIONrelu_ap_fixed_16_5_,conv,vitis,csynth,,123,10,5545,10478,1824,2520,548160,274080,6.7434,0.3968,1.0116,3.823,3824005,27915236.5,,7.3,,,,,,,,
config_CIN32_HIN56_WIN28_COUT16_K1_UFCIN1_UFCOU8_PAD1_STRIDE1_BIASFalse_group_conv2d_GROUPS2_ACTIVATIONsigmoid_ap_fixed_16_5_,conv,vitis,csynth,,123,13,7366,11998,1824,2520,548160,274080,6.7434,0.5159,1.3438,4.3776,3824035,27915455.5,,7.3,,,,,,,,
config_CIN32_HIN56_WIN28_COUT16_K1_UFCIN1_UFCOU8_PAD1_STRIDE1_BIASFalse_group_conv2d_GROUPS4_ACTIVATIONrelu_ap_fixed_16_5_,conv,vitis,csynth,,123,10,5820,12003,1824,2520,548160,274080,6.7434,0.3968,1.0617,4.3794,4161801,30381147.3,,7.3,,,,,,,,
config_CIN32_HIN56_WIN28_COUT16_K1_UFCIN1_UFCOU8_PAD1_STRIDE1_BIASFalse_group_conv2d_GROUPS4_ACTIVATIONsigmoid_ap_fixed_16_5_,conv,vitis,csynth,,123,13,7641,13523,1824,2520,548160,274080,6.7434,0.5159,1.3939,4.934,4161831,30381366.3,,7.3,,,,,,,,
config_CIN32_HIN56_WIN28_COUT16_K1_UFCIN1_UFCOU8_PAD1_STRIDE1_BIASTrue_conv2d_ACTIVATIONrelu_ap_fixed_16_5_,conv,vitis,csynth,,123,10,5784,10893,1824,2520,548160,274080,6.7434,0.3968,1.0552,3.9744,371754,2713804.1999999997,,7.3,,,,,,,,
config_CIN32_HIN56_WIN28_COUT16_K1_UFCIN1_UFCOU8_PAD1_STRIDE1_BIASTrue_conv2d_ACTIVATIONsigmoid_ap_fixed_16_5_,conv,vitis,csynth,,123,13,7605,12413,1824,2520,548160,274080,6.7434,0.5159,1.3874,4.529,371784,2714023.1999999997,,7.3,,,,,,,,
config_CIN32_HIN56_WIN28_COUT16_K1_UFCIN1_UFCOU8_PAD1_STRIDE1_BIASTrue_group_conv2d_GROUPS2_ACTIVATIONrelu_ap_fixed_16_5_,conv,vitis,csynth,,123,10,5784,10955,1824,2520,548160,274080,6.7434,0.3968,1.0552,3.997,3824034,27915448.2,,7.3,,,,,,,,
config_CIN32_HIN56_WIN28_COUT16_K1_UFCIN1_UFCOU8_PAD1_STRIDE1_BIASTrue_group_conv2d_GROUPS2_ACTIVATIONsigmoid_ap_fixed_16_5_,conv,vitis,csynth,,123,13,7605,12475,1824,2520,548160,274080,6.7434,0.5159,1.3874,4.5516,3824064,27915667.2,,7.3,,,,,,,,
config_CIN32_HIN56_WIN28_COUT16_K1_UFCIN1_UFCOU8_PAD1_STRIDE1_BIASTrue_group_conv2d_GROUPS4_ACTIVATIONrelu_ap_fixed_16_5_,conv,vitis,csynth,,123,10,6059,12480,1824,2520,548160,274080,6.7434,0.3968,1.1053,4.5534,4161830,30381359.0,,7.3,,,,,,,,
config_CIN32_HIN56_WIN28_COUT16_K1_UFCIN1_UFCOU8_PAD1_STRIDE1_BIASTrue_group_conv2d_GROUPS4_ACTIVATIONsigmoid_ap_fixed_16_5_,conv,vitis,csynth,,123,13,7880,14000,1824,2520,548160,274080,6.7434,0.5159,1.4375,5.108,4161860,30381578.0,,7.3,,,,,,,,
config_CIN32_HIN56_WIN28_COUT16_K1_UFCIN4_UFCOU1_PAD1_STRIDE1_BIASFalse_conv2d_ACTIVATIONrelu_ap_fixed_16_5_,conv,vitis,csynth,,127,8,5599,9603,1824,2520,548160,274080,6.9627,0.3175,1.0214,3.5037,1460970,10665081.0,,7.3,,,,,,,,
config_CIN32_HIN56_WIN28_COUT16_K1_UFCIN4_UFCOU1_PAD1_STRIDE1_BIASFalse_conv2d_ACTIVATIONsigmoid_ap_fixed_16_5_,conv,vitis,csynth,,127,11,7367,11091,1824,2520,548160,274080,6.9627,0.4365,1.344,4.0466,1461000,10665300.0,,7.3,,,,,,,,
config_CIN32_HIN56_WIN28_COUT16_K1_UFCIN4_UFCOU1_PAD1_STRIDE1_BIASFalse_group_conv2d_GROUPS2_ACTIVATIONrelu_ap_fixed_16_5_,conv,vitis,csynth,,127,12,5700,9695,1824,2520,548160,274080,6.9627,0.4762,1.0398,3.5373,2894850,21132405.0,,7.3,,,,,,,,
config_CIN32_HIN56_WIN28_COUT16_K1_UFCIN4_UFCOU1_PAD1_STRIDE1_BIASFalse_group_conv2d_GROUPS2_ACTIVATIONsigmoid_ap_fixed_16_5_,conv,vitis,csynth,,127,15,7468,11183,1824,2520,548160,274080,6.9627,0.5952,1.3624,4.0802,2894880,21132624.0,,7.3,,,,,,,,
config_CIN32_HIN56_WIN28_COUT16_K1_UFCIN4_UFCOU1_PAD1_STRIDE1_BIASFalse_group_conv2d_GROUPS4_ACTIVATIONrelu_ap_fixed_16_5_,conv,vitis,csynth,,127,12,5703,9698,1824,2520,548160,274080,6.9627,0.4762,1.0404,3.5384,5626886,41076267.8,,7.3,,,,,,,,
config_CIN32_HIN56_WIN28_COUT16_K1_UFCIN4_UFCOU1_PAD1_STRIDE1_BIASFalse_group_conv2d_GROUPS4_ACTIVATIONsigmoid_ap_fixed_16_5_,conv,vitis,csynth,,127,15,7471,11186,1824,2520,548160,274080,6.9627,0.5952,1.3629,4.0813,5626916,41076486.8,,7.3,,,,,,,,
config_CIN32_HIN56_WIN28_COUT16_K1_UFCIN4_UFCOU1_PAD1_STRIDE1_BIASTrue_conv2d_ACTIVATIONrelu_ap_fixed_16_5_,conv,vitis,csynth,,127,8,5735,9790,1824,2520,548160,274080,6.9627,0.3175,1.0462,3.5719,1460999,10665292.7,,7.3,,,,,,,,
config_CIN32_HIN56_WIN28_COUT16_K1_UFCIN4_UFCOU1_PAD1_STRIDE1_BIASTrue_conv2d_ACTIVATIONsigmoid_ap_fixed_16_5_,conv,vitis,csynth,,127,11,7503,11278,1824,2520,548160,274080,6.9627,0.4365,1.3688,4.1149,1461029,10665511.7,,7.3,,,,,,,,
config_CIN32_HIN56_WIN28_COUT16_K1_UFCIN4_UFCOU1_PAD1_STRIDE1_BIASTrue_group_conv2d_GROUPS2_ACTIVATIONrelu_ap_fixed_16_5_,conv,vitis,csynth,,127,12,5836,9882,1824,2520,548160,274080,6.9627,0.4762,1.0647,3.6055,2894879,21132616.7,,7.3,,,,,,,,
config_CIN32_HIN56_WIN28_COUT16_K1_UFCIN4_UFCOU1_PAD1_STRIDE1_BIASTrue_group_conv2d_GROUPS2_ACTIVATIONsigmoid_ap_fixed_16_5_,conv,vitis,csynth,,127,15,7604,11370,1824,2520,548160,274080,6.9627,0.5952,1.3872,4.1484,2894909,21132835.7,,7.3,,,,,,,,
config_CIN32_HIN56_WIN28_COUT16_K1_UFCIN4_UFCOU1_PAD1_STRIDE1_BIASTrue_group_conv2d_GROUPS4_ACTIVATIONrelu_ap_fixed_16_5_,conv,vitis,csynth,,127,12,5839,9885,1824,2520,548160,274080,6.9627,0.4762,1.0652,3.6066,5626915,41076479.5,,7.3,,,,,,,,
config_CIN32_HIN56_WIN28_COUT16_K1_UFCIN4_UFCOU1_PAD1_STRIDE1_BIASTrue_group_conv2d_GROUPS4_ACTIVATIONsigmoid_ap_fixed_16_5_,conv,vitis,csynth,,127,15,7607,11373,1824,2520,548160,274080,6.9627,0.5952,1.3877,4.1495,5626945,41076698.5,,7.3,,,,,,,,
config_CIN32_HIN56_WIN28_COUT16_K1_UFCIN4_UFCOU4_PAD1_STRIDE1_BIASFalse_conv2d_ACTIVATIONrelu_ap_fixed_16_5_,conv,vitis,csynth,,127,25,6323,10987,1824,2520,548160,274080,6.9627,0.9921,1.1535,4.0087,827610,6041553.0,,7.3,,,,,,,,
config_CIN32_HIN56_WIN28_COUT16_K1_UFCIN4_UFCOU4_PAD1_STRIDE1_BIASFalse_conv2d_ACTIVATIONsigmoid_ap_fixed_16_5_,conv,vitis,csynth,,127,28,8214,12539,1824,2520,548160,274080,6.9627,1.1111,1.4985,4.5749,827640,6041772.0,,7.3,,,,,,,,
config_CIN32_HIN56_WIN28_COUT16_K1_UFCIN4_UFCOU4_PAD1_STRIDE1_BIASFalse_group_conv2d_GROUPS2_ACTIVATIONrelu_ap_fixed_16_5_,conv,vitis,csynth,,127,25,8315,13509,1824,2520,548160,274080,6.9627,0.9921,1.5169,4.9289,2038770,14883021.0,,7.3,,,,,,,,
config_CIN32_HIN56_WIN28_COUT16_K1_UFCIN4_UFCOU4_PAD1_STRIDE1_BIASFalse_group_conv2d_GROUPS2_ACTIVATIONsigmoid_ap_fixed_16_5_,conv,vitis,csynth,,127,28,10206,15061,1824,2520,548160,274080,6.9627,1.1111,1.8619,5.4951,2038800,14883240.0,,7.3,,,,,,,,
config_CIN32_HIN56_WIN28_COUT16_K1_UFCIN4_UFCOU4_PAD1_STRIDE1_BIASFalse_group_conv2d_GROUPS4_ACTIVATIONrelu_ap_fixed_16_5_,conv,vitis,csynth,,127,21,6111,10679,1824,2520,548160,274080,6.9627,0.8333,1.1148,3.8963,1945046,14198835.799999999,,7.3,,,,,,,,
config_CIN32_HIN56_WIN28_COUT16_K1_UFCIN4_UFCOU4_PAD1_STRIDE1_BIASFalse_group_conv2d_GROUPS4_ACTIVATIONsigmoid_ap_fixed_16_5_,conv,vitis,csynth,,127,24,8002,12231,1824,2520,548160,274080,6.9627,0.9524,1.4598,4.4626,1945076,14199054.799999999,,7.3,,,,,,,,
config_CIN32_HIN56_WIN28_COUT16_K1_UFCIN4_UFCOU4_PAD1_STRIDE1_BIASTrue_conv2d_ACTIVATIONrelu_ap_fixed_16_5_,conv,vitis,csynth,,127,25,6499,11285,1824,2520,548160,274080,6.9627,0.9921,1.1856,4.1174,827639,6041764.7,,7.3,,,,,,,,
config_CIN32_HIN56_WIN28_COUT16_K1_UFCIN4_UFCOU4_PAD1_STRIDE1_BIASTrue_conv2d_ACTIVATIONsigmoid_ap_fixed_16_5_,conv,vitis,csynth,,127,28,8390,12837,1824,2520,548160,274080,6.9627,1.1111,1.5306,4.6837,827669,6041983.7,,7.3,,,,,,,,
config_CIN32_HIN56_WIN28_COUT16_K1_UFCIN4_UFCOU4_PAD1_STRIDE1_BIASTrue_group_conv2d_GROUPS2_ACTIVATIONrelu_ap_fixed_16_5_,conv,vitis,csynth,,127,25,8491,13807,1824,2520,548160,274080,6.9627,0.9921,1.549,5.0376,2038799,14883232.7,,7.3,,,,,,,,
config_CIN32_HIN56_WIN28_COUT16_K1_UFCIN4_UFCOU4_PAD1_STRIDE1_BIASTrue_group_conv2d_GROUPS2_ACTIVATIONsigmoid_ap_fixed_16_5_,conv,vitis,csynth,,127,28,10382,15359,1824,2520,548160,274080,6.9627,1.1111,1.894,5.6038,2038829,14883451.7,,7.3,,,,,,,,
config_CIN32_HIN56_WIN28_COUT16_K1_UFCIN4_UFCOU4_PAD1_STRIDE1_BIASTrue_group_conv2d_GROUPS4_ACTIVATIONrelu_ap_fixed_16_5_,conv,vitis,csynth,,127,21,6287,10977,1824,2520,548160,274080,6.9627,0.8333,1.1469,4.005,1945075,14199047.5,,7.3,,,,,,,,
config_CIN32_HIN56_WIN28_COUT16_K1_UFCIN4_UFCOU4_PAD1_STRIDE1_BIASTrue_group_conv2d_GROUPS4_ACTIVATIONsigmoid_ap_fixed_16_5_,conv,vitis,csynth,,127,24,8178,12529,1824,2520,548160,274080,6.9627,0.9524,1.4919,4.5713,1945105,14199266.5,,7.3,,,,,,,,
config_CIN32_HIN56_WIN28_COUT16_K1_UFCIN4_UFCOU8_PAD1_STRIDE1_BIASFalse_conv2d_ACTIVATIONrelu_ap_fixed_16_5_,conv,vitis,csynth,,127,34,6787,12662,1824,2520,548160,274080,6.9627,1.3492,1.2381,4.6198,657085,4796720.5,,7.3,,,,,,,,
config_CIN32_HIN56_WIN28_COUT16_K1_UFCIN4_UFCOU8_PAD1_STRIDE1_BIASFalse_conv2d_ACTIVATIONsigmoid_ap_fixed_16_5_,conv,vitis,csynth,,127,37,8608,14182,1824,2520,548160,274080,6.9627,1.4683,1.5703,5.1744,657115,4796939.5,,7.3,,,,,,,,
config_CIN32_HIN56_WIN28_COUT16_K1_UFCIN4_UFCOU8_PAD1_STRIDE1_BIASFalse_group_conv2d_GROUPS2_ACTIVATIONrelu_ap_fixed_16_5_,conv,vitis,csynth,,127,34,6503,11931,1824,2520,548160,274080,6.9627,1.3492,1.1863,4.3531,1541125,11250212.5,,7.3,,,,,,,,
config_CIN32_HIN56_WIN28_COUT16_K1_UFCIN4_UFCOU8_PAD1_STRIDE1_BIASFalse_group_conv2d_GROUPS2_ACTIVATIONsigmoid_ap_fixed_16_5_,conv,vitis,csynth,,127,37,8324,13451,1824,2520,548160,274080,6.9627,1.4683,1.5185,4.9077,1541155,11250431.5,,7.3,,,,,,,,
config_CIN32_HIN56_WIN28_COUT16_K1_UFCIN4_UFCOU8_PAD1_STRIDE1_BIASFalse_group_conv2d_GROUPS4_ACTIVATIONrelu_ap_fixed_16_5_,conv,vitis,csynth,,127,22,6972,14249,1824,2520,548160,274080,6.9627,0.873,1.2719,5.1988,4795161,35004675.3,,7.3,,,,,,,,
config_CIN32_HIN56_WIN28_COUT16_K1_UFCIN4_UFCOU8_PAD1_STRIDE1_BIASFalse_group_conv2d_GROUPS4_ACTIVATIONsigmoid_ap_fixed_16_5_,conv,vitis,csynth,,127,25,8793,15769,1824,2520,548160,274080,6.9627,0.9921,1.6041,5.7534,4795191,35004894.3,,7.3,,,,,,,,
config_CIN32_HIN56_WIN28_COUT16_K1_UFCIN4_UFCOU8_PAD1_STRIDE1_BIASTrue_conv2d_ACTIVATIONrelu_ap_fixed_16_5_,conv,vitis,csynth,,127,34,7026,13139,1824,2520,548160,274080,6.9627,1.3492,1.2817,4.7939,657114,4796932.2,,7.3,,,,,,,,
config_CIN32_HIN56_WIN28_COUT16_K1_UFCIN4_UFCOU8_PAD1_STRIDE1_BIASTrue_conv2d_ACTIVATIONsigmoid_ap_fixed_16_5_,conv,vitis,csynth,,127,37,8847,14659,1824,2520,548160,274080,6.9627,1.4683,1.6139,5.3484,657144,4797151.2,,7.3,,,,,,,,
config_CIN32_HIN56_WIN28_COUT16_K1_UFCIN4_UFCOU8_PAD1_STRIDE1_BIASTrue_group_conv2d_GROUPS2_ACTIVATIONrelu_ap_fixed_16_5_,conv,vitis,csynth,,127,34,6742,12408,1824,2520,548160,274080,6.9627,1.3492,1.2299,4.5271,1541154,11250424.2,,7.3,,,,,,,,
config_CIN32_HIN56_WIN28_COUT16_K1_UFCIN4_UFCOU8_PAD1_STRIDE1_BIASTrue_group_conv2d_GROUPS2_ACTIVATIONsigmoid_ap_fixed_16_5_,conv,vitis,csynth,,127,37,8563,13928,1824,2520,548160,274080,6.9627,1.4683,1.5621,5.0817,1541184,11250643.2,,7.3,,,,,,,,
config_CIN32_HIN56_WIN28_COUT16_K1_UFCIN4_UFCOU8_PAD1_STRIDE1_BIASTrue_group_conv2d_GROUPS4_ACTIVATIONrelu_ap_fixed_16_5_,conv,vitis,csynth,,127,22,7211,14726,1824,2520,548160,274080,6.9627,0.873,1.3155,5.3729,4795190,35004887.0,,7.3,,,,,,,,
config_CIN32_HIN56_WIN28_COUT16_K1_UFCIN4_UFCOU8_PAD1_STRIDE1_BIASTrue_group_conv2d_GROUPS4_ACTIVATIONsigmoid_ap_fixed_16_5_,conv,vitis,csynth,,127,25,9032,16246,1824,2520,548160,274080,6.9627,0.9921,1.6477,5.9275,4795220,35005106.0,,7.3,,,,,,,,
config_CIN32_HIN56_WIN28_COUT16_K1_UFCIN8_UFCOU1_PAD1_STRIDE1_BIASFalse_conv2d_ACTIVATIONrelu_ap_fixed_16_5_,conv,vitis,csynth,,131,12,6053,10639,1824,2520,548160,274080,7.182,0.4762,1.1042,3.8817,1454010,10614273.0,,7.3,,,,,,,,
config_CIN32_HIN56_WIN28_COUT16_K1_UFCIN8_UFCOU1_PAD1_STRIDE1_BIASFalse_conv2d_ACTIVATIONsigmoid_ap_fixed_16_5_,conv,vitis,csynth,,131,15,7821,12127,1824,2520,548160,274080,7.182,0.5952,1.4268,4.4246,1454040,10614492.0,,7.3,,,,,,,,
config_CIN32_HIN56_WIN28_COUT16_K1_UFCIN8_UFCOU1_PAD1_STRIDE1_BIASFalse_group_conv2d_GROUPS2_ACTIVATIONrelu_ap_fixed_16_5_,conv,vitis,csynth,,131,20,6211,10693,1824,2520,548160,274080,7.182,0.7937,1.1331,3.9014,2908770,21234021.0,,7.3,,,,,,,,
config_CIN32_HIN56_WIN28_COUT16_K1_UFCIN8_UFCOU1_PAD1_STRIDE1_BIASFalse_group_conv2d_GROUPS2_ACTIVATIONsigmoid_ap_fixed_16_5_,conv,vitis,csynth,,131,23,7979,12181,1824,2520,548160,274080,7.182,0.9127,1.4556,4.4443,2908800,21234240.0,,7.3,,,,,,,,
config_CIN32_HIN56_WIN28_COUT16_K1_UFCIN8_UFCOU1_PAD1_STRIDE1_BIASFalse_group_conv2d_GROUPS4_ACTIVATIONrelu_ap_fixed_16_5_,conv,vitis,csynth,,131,20,6223,10696,1824,2520,548160,274080,7.182,0.7937,1.1353,3.9025,5654726,41279499.8,,7.3,,,,,,,,
config_CIN32_HIN56_WIN28_COUT16_K1_UFCIN8_UFCOU1_PAD1_STRIDE1_BIASFalse_group_conv2d_GROUPS4_ACTIVATIONsigmoid_ap_fixed_16_5_,conv,vitis,csynth,,131,23,7991,12184,1824,2520,548160,274080,7.182,0.9127,1.4578,4.4454,5654756,41279718.8,,7.3,,,,,,,,
config_CIN32_HIN56_WIN28_COUT16_K1_UFCIN8_UFCOU1_PAD1_STRIDE1_BIASTrue_conv2d_ACTIVATIONrelu_ap_fixed_16_5_,conv,vitis,csynth,,131,12,6189,10826,1824,2520,548160,274080,7.182,0.4762,1.129,3.9499,1454039,10614484.7,,7.3,,,,,,,,
config_CIN32_HIN56_WIN28_COUT16_K1_UFCIN8_UFCOU1_PAD1_STRIDE1_BIASTrue_conv2d_ACTIVATIONsigmoid_ap_fixed_16_5_,conv,vitis,csynth,,131,15,7957,12314,1824,2520,548160,274080,7.182,0.5952,1.4516,4.4928,1454069,10614703.7,,7.3,,,,,,,,
config_CIN32_HIN56_WIN28_COUT16_K1_UFCIN8_UFCOU1_PAD1_STRIDE1_BIASTrue_group_conv2d_GROUPS2_ACTIVATIONrelu_ap_fixed_16_5_,conv,vitis,csynth,,131,20,6347,10880,1824,2520,548160,274080,7.182,0.7937,1.1579,3.9696,2908799,21234232.7,,7.3,,,,,,,,
config_CIN32_HIN56_WIN28_COUT16_K1_UFCIN8_UFCOU1_PAD1_STRIDE1_BIASTrue_group_conv2d_GROUPS2_ACTIVATIONsigmoid_ap_fixed_16_5_,conv,vitis,csynth,,131,23,8115,12368,1824,2520,548160,274080,7.182,0.9127,1.4804,4.5126,2908829,21234451.7,,7.3,,,,,,,,
config_CIN32_HIN56_WIN28_COUT16_K1_UFCIN8_UFCOU1_PAD1_STRIDE1_BIASTrue_group_conv2d_GROUPS4_ACTIVATIONrelu_ap_fixed_16_5_,conv,vitis,csynth,,131,20,6359,10883,1824,2520,548160,274080,7.182,0.7937,1.1601,3.9707,5654755,41279711.5,,7.3,,,,,,,,
config_CIN32_HIN56_WIN28_COUT16_K1_UFCIN8_UFCOU1_PAD1_STRIDE1_BIASTrue_group_conv2d_GROUPS4_ACTIVATIONsigmoid_ap_fixed_16_5_,conv,vitis,csynth,,131,23,8127,12371,1824,2520,548160,274080,7.182,0.9127,1.4826,4.5136,5654785,41279930.5,,7.3,,,,,,,,
config_CIN32_HIN56_WIN28_COUT16_K1_UFCIN8_UFCOU4_PAD1_STRIDE1_BIASFalse_conv2d_ACTIVATIONrelu_ap_fixed_16_5_,conv,vitis,csynth,,127,45,7314,12665,1824,2520,548160,274080,6.9627,1.7857,1.3343,4.6209,820650,5990745.0,,7.3,,,,,,,,
config_CIN32_HIN56_WIN28_COUT16_K1_UFCIN8_UFCOU4_PAD1_STRIDE1_BIASFalse_conv2d_ACTIVATIONsigmoid_ap_fixed_16_5_,conv,vitis,csynth,,127,48,9205,14217,1824,2520,548160,274080,6.9627,1.9048,1.6793,5.1872,820680,5990964.0,,7.3,,,,,,,,
config_CIN32_HIN56_WIN28_COUT16_K1_UFCIN8_UFCOU4_PAD1_STRIDE1_BIASFalse_group_conv2d_GROUPS2_ACTIVATIONrelu_ap_fixed_16_5_,conv,vitis,csynth,,127,45,11038,17521,1824,2520,548160,274080,6.9627,1.7857,2.0136,6.3927,2024850,14781405.0,,7.3,,,,,,,,
config_CIN32_HIN56_WIN28_COUT16_K1_UFCIN8_UFCOU4_PAD1_STRIDE1_BIASFalse_group_conv2d_GROUPS2_ACTIVATIONsigmoid_ap_fixed_16_5_,conv,vitis,csynth,,127,48,12929,19073,1824,2520,548160,274080,6.9627,1.9048,2.3586,6.9589,2024880,14781624.0,,7.3,,,,,,,,
config_CIN32_HIN56_WIN28_COUT16_K1_UFCIN8_UFCOU4_PAD1_STRIDE1_BIASFalse_group_conv2d_GROUPS4_ACTIVATIONrelu_ap_fixed_16_5_,conv,vitis,csynth,,127,37,6762,11640,1824,2520,548160,274080,6.9627,1.4683,1.2336,4.2469,1694486,12369747.799999999,,7.3,,,,,,,,
config_CIN32_HIN56_WIN28_COUT16_K1_UFCIN8_UFCOU4_PAD1_STRIDE1_BIASFalse_group_conv2d_GROUPS4_ACTIVATIONsigmoid_ap_fixed_16_5_,conv,vitis,csynth,,127,40,8653,13192,1824,2520,548160,274080,6.9627,1.5873,1.5786,4.8132,1694516,12369966.799999999,,7.3,,,,,,,,
config_CIN32_HIN56_WIN28_COUT16_K1_UFCIN8_UFCOU4_PAD1_STRIDE1_BIASTrue_conv2d_ACTIVATIONrelu_ap_fixed_16_5_,conv,vitis,csynth,,127,45,7490,12963,1824,2520,548160,274080,6.9627,1.7857,1.3664,4.7296,820679,5990956.7,,7.3,,,,,,,,
config_CIN32_HIN56_WIN28_COUT16_K1_UFCIN8_UFCOU4_PAD1_STRIDE1_BIASTrue_conv2d_ACTIVATIONsigmoid_ap_fixed_16_5_,conv,vitis,csynth,,127,48,9381,14515,1824,2520,548160,274080,6.9627,1.9048,1.7114,5.2959,820709,5991175.7,,7.3,,,,,,,,
config_CIN32_HIN56_WIN28_COUT16_K1_UFCIN8_UFCOU4_PAD1_STRIDE1_BIASTrue_group_conv2d_GROUPS2_ACTIVATIONrelu_ap_fixed_16_5_,conv,vitis,csynth,,127,45,11214,17819,1824,2520,548160,274080,6.9627,1.7857,2.0458,6.5014,2024879,14781616.7,,7.3,,,,,,,,
config_CIN32_HIN56_WIN28_COUT16_K1_UFCIN8_UFCOU4_PAD1_STRIDE1_BIASTrue_group_conv2d_GROUPS2_ACTIVATIONsigmoid_ap_fixed_16_5_,conv,vitis,csynth,,127,48,13105,19371,1824,2520,548160,274080,6.9627,1.9048,2.3907,7.0676,2024909,14781835.7,,7.3,,,,,,,,
config_CIN32_HIN56_WIN28_COUT16_K1_UFCIN8_UFCOU4_PAD1_STRIDE1_BIASTrue_group_conv2d_GROUPS4_ACTIVATIONrelu_ap_fixed_16_5_,conv,vitis,csynth,,127,37,6938,11938,1824,2520,548160,274080,6.9627,1.4683,1.2657,4.3557,1694515,12369959.5,,7.3,,,,,,,,
config_CIN32_HIN56_WIN28_COUT16_K1_UFCIN8_UFCOU4_PAD1_STRIDE1_BIASTrue_group_conv2d_GROUPS4_ACTIVATIONsigmoid_ap_fixed_16_5_,conv,vitis,csynth,,127,40,8829,13490,1824,2520,548160,274080,6.9627,1.5873,1.6107,4.9219,1694545,12370178.5,,7.3,,,,,,,,
config_CIN32_HIN56_WIN28_COUT16_K1_UFCIN8_UFCOU8_PAD1_STRIDE1_BIASFalse_conv2d_ACTIVATIONrelu_ap_fixed_16_5_,conv,vitis,csynth,,127,66,8378,15552,1824,2520,548160,274080,6.9627,2.619,1.5284,5.6743,650125,4745912.5,,7.3,,,,,,,,
config_CIN32_HIN56_WIN28_COUT16_K1_UFCIN8_UFCOU8_PAD1_STRIDE1_BIASFalse_conv2d_ACTIVATIONsigmoid_ap_fixed_16_5_,conv,vitis,csynth,,127,69,10199,17072,1824,2520,548160,274080,6.9627,2.7381,1.8606,6.2288,650155,4746131.5,,7.3,,,,,,,,
config_CIN32_HIN56_WIN28_COUT16_K1_UFCIN8_UFCOU8_PAD1_STRIDE1_BIASFalse_group_conv2d_GROUPS2_ACTIVATIONrelu_ap_fixed_16_5_,conv,vitis,csynth,,127,66,7673,13593,1824,2520,548160,274080,6.9627,2.619,1.3998,4.9595,1193125,8709812.5,,7.3,,,,,,,,
config_CIN32_HIN56_WIN28_COUT16_K1_UFCIN8_UFCOU8_PAD1_STRIDE1_BIASFalse_group_conv2d_GROUPS2_ACTIVATIONsigmoid_ap_fixed_16_5_,conv,vitis,csynth,,127,69,9494,15113,1824,2520,548160,274080,6.9627,2.7381,1.732,5.5141,1193155,8710031.5,,7.3,,,,,,,,
config_CIN32_HIN56_WIN28_COUT16_K1_UFCIN8_UFCOU8_PAD1_STRIDE1_BIASFalse_group_conv2d_GROUPS4_ACTIVATIONrelu_ap_fixed_16_5_,conv,vitis,csynth,,127,38,8085,17161,1824,2520,548160,274080,6.9627,1.5079,1.4749,6.2613,5407641,39475779.3,,7.3,,,,,,,,
config_CIN32_HIN56_WIN28_COUT16_K1_UFCIN8_UFCOU8_PAD1_STRIDE1_BIASFalse_group_conv2d_GROUPS4_ACTIVATIONsigmoid_ap_fixed_16_5_,conv,vitis,csynth,,127,41,9906,18681,1824,2520,548160,274080,6.9627,1.627,1.8071,6.8159,5407671,39475998.3,,7.3,,,,,,,,
config_CIN32_HIN56_WIN28_COUT16_K1_UFCIN8_UFCOU8_PAD1_STRIDE1_BIASTrue_conv2d_ACTIVATIONrelu_ap_fixed_16_5_,conv,vitis,csynth,,127,66,8617,16029,1824,2520,548160,274080,6.9627,2.619,1.572,5.8483,650154,4746124.2,,7.3,,,,,,,,
config_CIN32_HIN56_WIN28_COUT16_K1_UFCIN8_UFCOU8_PAD1_STRIDE1_BIASTrue_conv2d_ACTIVATIONsigmoid_ap_fixed_16_5_,conv,vitis,csynth,,127,69,10438,17549,1824,2520,548160,274080,6.9627,2.7381,1.9042,6.4029,650184,4746343.2,,7.3,,,,,,,,
config_CIN32_HIN56_WIN28_COUT16_K1_UFCIN8_UFCOU8_PAD1_STRIDE1_BIASTrue_group_conv2d_GROUPS2_ACTIVATIONrelu_ap_fixed_16_5_,conv,vitis,csynth,,127,66,7912,14070,1824,2520,548160,274080,6.9627,2.619,1.4434,5.1335,1193154,8710024.2,,7.3,,,,,,,,
config_CIN32_HIN56_WIN28_COUT16_K1_UFCIN8_UFCOU8_PAD1_STRIDE1_BIASTrue_group_conv2d_GROUPS2_ACTIVATIONsigmoid_ap_fixed_16_5_,conv,vitis,csynth,,127,69,9733,15590,1824,2520,548160,274080,6.9627,2.7381,1.7756,5.6881,1193184,8710243.2,,7.3,,,,,,,,
config_CIN32_HIN56_WIN28_COUT16_K1_UFCIN8_UFCOU8_PAD1_STRIDE1_BIASTrue_group_conv2d_GROUPS4_ACTIVATIONrelu_ap_fixed_16_5_,conv,vitis,csynth,,127,38,8324,17638,1824,2520,548160,274080,6.9627,1.5079,1.5185,6.4353,5407670,39475991.0,,7.3,,,,,,,,
config_CIN32_HIN56_WIN28_COUT16_K1_UFCIN8_UFCOU8_PAD1_STRIDE1_BIASTrue_group_conv2d_GROUPS4_ACTIVATIONsigmoid_ap_fixed_16_5_,conv,vitis,csynth,,127,41,10145,19158,1824,2520,548160,274080,6.9627,1.627,1.8507,6.9899,5407700,39476210.0,,7.3,,,,,,,,
config_CIN32_HIN56_WIN28_COUT16_K3_UFCIN1_UFCOU1_PAD1_STRIDE1_BIASFalse_conv2d_ACTIVATIONrelu_ap_fixed_16_5_,conv,vitis,csynth,,119,2,5077,9194,1824,2520,548160,274080,6.5241,0.0794,0.9262,3.3545,7467655,54513881.5,,7.3,,,,,,,,
config_CIN32_HIN56_WIN28_COUT16_K3_UFCIN1_UFCOU1_PAD1_STRIDE1_BIASFalse_conv2d_ACTIVATIONsigmoid_ap_fixed_16_5_,conv,vitis,csynth,,119,5,6780,10647,1824,2520,548160,274080,6.5241,0.1984,1.2369,3.8846,7467684,54514093.199999996,,7.3,,,,,,,,
config_CIN32_HIN56_WIN28_COUT16_K3_UFCIN1_UFCOU1_PAD1_STRIDE1_BIASFalse_group_conv2d_GROUPS2_ACTIVATIONrelu_ap_fixed_16_5_,conv,vitis,csynth,,119,6,5490,9911,1824,2520,548160,274080,6.5241,0.2381,1.0015,3.6161,29226909,213356435.7,,7.3,,,,,,,,
config_CIN32_HIN56_WIN28_COUT16_K3_UFCIN1_UFCOU1_PAD1_STRIDE1_BIASFalse_group_conv2d_GROUPS2_ACTIVATIONsigmoid_ap_fixed_16_5_,conv,vitis,csynth,,119,9,7193,11364,1824,2520,548160,274080,6.5241,0.3571,1.3122,4.1462,29226938,213356647.4,,7.3,,,,,,,,
config_CIN32_HIN56_WIN28_COUT16_K3_UFCIN1_UFCOU1_PAD1_STRIDE1_BIASFalse_group_conv2d_GROUPS4_ACTIVATIONrelu_ap_fixed_16_5_,conv,vitis,csynth,,119,6,5492,9914,1824,2520,548160,274080,6.5241,0.2381,1.0019,3.6172,58322947,425757513.09999996,,7.3,,,,,,,,
config_CIN32_HIN56_WIN28_COUT16_K3_UFCIN1_UFCOU1_PAD1_STRIDE1_BIASFalse_group_conv2d_GROUPS4_ACTIVATIONsigmoid_ap_fixed_16_5_,conv,vitis,csynth,,119,9,7195,11367,1824,2520,548160,274080,6.5241,0.3571,1.3126,4.1473,58322976,425757724.8,,7.3,,,,,,,,
config_CIN32_HIN56_WIN28_COUT16_K3_UFCIN1_UFCOU1_PAD1_STRIDE1_BIASTrue_conv2d_ACTIVATIONrelu_ap_fixed_16_5_,conv,vitis,csynth,,119,2,5210,9405,1824,2520,548160,274080,6.5241,0.0794,0.9505,3.4315,7492707,54696761.1,,7.3,,,,,,,,
config_CIN32_HIN56_WIN28_COUT16_K3_UFCIN1_UFCOU1_PAD1_STRIDE1_BIASTrue_conv2d_ACTIVATIONsigmoid_ap_fixed_16_5_,conv,vitis,csynth,,119,5,6913,10858,1824,2520,548160,274080,6.5241,0.1984,1.2611,3.9616,7492736,54696972.8,,7.3,,,,,,,,
config_CIN32_HIN56_WIN28_COUT16_K3_UFCIN1_UFCOU1_PAD1_STRIDE1_BIASTrue_group_conv2d_GROUPS2_ACTIVATIONrelu_ap_fixed_16_5_,conv,vitis,csynth,,119,6,5623,10122,1824,2520,548160,274080,6.5241,0.2381,1.0258,3.6931,29251961,213539315.29999998,,7.3,,,,,,,,
config_CIN32_HIN56_WIN28_COUT16_K3_UFCIN1_UFCOU1_PAD1_STRIDE1_BIASTrue_group_conv2d_GROUPS2_ACTIVATIONsigmoid_ap_fixed_16_5_,conv,vitis,csynth,,119,9,7326,11574,1824,2520,548160,274080,6.5241,0.3571,1.3365,4.2229,29251990,213539527.0,,7.3,,,,,,,,
config_CIN32_HIN56_WIN28_COUT16_K3_UFCIN1_UFCOU1_PAD1_STRIDE1_BIASTrue_group_conv2d_GROUPS4_ACTIVATIONrelu_ap_fixed_16_5_,conv,vitis,csynth,,119,6,5625,10125,1824,2520,548160,274080,6.5241,0.2381,1.0262,3.6942,58347999,425940392.7,,7.3,,,,,,,,
config_CIN32_HIN56_WIN28_COUT16_K3_UFCIN1_UFCOU1_PAD1_STRIDE1_BIASTrue_group_conv2d_GROUPS4_ACTIVATIONsigmoid_ap_fixed_16_5_,conv,vitis,csynth,,119,9,7328,11577,1824,2520,548160,274080,6.5241,0.3571,1.3368,4.2239,58348028,425940604.4,,7.3,,,,,,,,
config_CIN32_HIN56_WIN28_COUT16_K3_UFCIN1_UFCOU4_PAD1_STRIDE1_BIASFalse_conv2d_ACTIVATIONrelu_ap_fixed_16_5_,conv,vitis,csynth,,123,5,5213,10026,1824,2520,548160,274080,6.7434,0.1984,0.951,3.6581,2054855,15000441.5,,7.3,,,,,,,,
config_CIN32_HIN56_WIN28_COUT16_K3_UFCIN1_UFCOU4_PAD1_STRIDE1_BIASFalse_conv2d_ACTIVATIONsigmoid_ap_fixed_16_5_,conv,vitis,csynth,,123,8,7108,11571,1824,2520,548160,274080,6.7434,0.3175,1.2967,4.2218,2054884,15000653.2,,7.3,,,,,,,,
config_CIN32_HIN56_WIN28_COUT16_K3_UFCIN1_UFCOU4_PAD1_STRIDE1_BIASFalse_group_conv2d_GROUPS2_ACTIVATIONrelu_ap_fixed_16_5_,conv,vitis,csynth,,123,5,5828,10727,1824,2520,548160,274080,6.7434,0.1984,1.0632,3.9138,15572699,113680702.7,,7.3,,,,,,,,
config_CIN32_HIN56_WIN28_COUT16_K3_UFCIN1_UFCOU4_PAD1_STRIDE1_BIASFalse_group_conv2d_GROUPS2_ACTIVATIONsigmoid_ap_fixed_16_5_,conv,vitis,csynth,,123,8,7723,12272,1824,2520,548160,274080,6.7434,0.3175,1.4089,4.4775,15572728,113680914.39999999,,7.3,,,,,,,,
config_CIN32_HIN56_WIN28_COUT16_K3_UFCIN1_UFCOU4_PAD1_STRIDE1_BIASFalse_group_conv2d_GROUPS4_ACTIVATIONrelu_ap_fixed_16_5_,conv,vitis,csynth,,123,5,5359,10124,1824,2520,548160,274080,6.7434,0.1984,0.9776,3.6938,31064767,226772799.1,,7.3,,,,,,,,
config_CIN32_HIN56_WIN28_COUT16_K3_UFCIN1_UFCOU4_PAD1_STRIDE1_BIASFalse_group_conv2d_GROUPS4_ACTIVATIONsigmoid_ap_fixed_16_5_,conv,vitis,csynth,,123,8,7254,11669,1824,2520,548160,274080,6.7434,0.3175,1.3233,4.2575,31064796,226773010.79999998,,7.3,,,,,,,,
config_CIN32_HIN56_WIN28_COUT16_K3_UFCIN1_UFCOU4_PAD1_STRIDE1_BIASTrue_conv2d_ACTIVATIONrelu_ap_fixed_16_5_,conv,vitis,csynth,,123,5,5389,10347,1824,2520,548160,274080,6.7434,0.1984,0.9831,3.7752,2054884,15000653.2,,7.3,,,,,,,,
config_CIN32_HIN56_WIN28_COUT16_K3_UFCIN1_UFCOU4_PAD1_STRIDE1_BIASTrue_conv2d_ACTIVATIONsigmoid_ap_fixed_16_5_,conv,vitis,csynth,,123,8,7284,11896,1824,2520,548160,274080,6.7434,0.3175,1.3288,4.3403,2054913,15000864.9,,7.3,,,,,,,,
config_CIN32_HIN56_WIN28_COUT16_K3_UFCIN1_UFCOU4_PAD1_STRIDE1_BIASTrue_group_conv2d_GROUPS2_ACTIVATIONrelu_ap_fixed_16_5_,conv,vitis,csynth,,123,5,6004,11048,1824,2520,548160,274080,6.7434,0.1984,1.0953,4.0309,15572728,113680914.39999999,,7.3,,,,,,,,
config_CIN32_HIN56_WIN28_COUT16_K3_UFCIN1_UFCOU4_PAD1_STRIDE1_BIASTrue_group_conv2d_GROUPS2_ACTIVATIONsigmoid_ap_fixed_16_5_,conv,vitis,csynth,,123,8,7899,12597,1824,2520,548160,274080,6.7434,0.3175,1.441,4.5961,15572757,113681126.1,,7.3,,,,,,,,
config_CIN32_HIN56_WIN28_COUT16_K3_UFCIN1_UFCOU4_PAD1_STRIDE1_BIASTrue_group_conv2d_GROUPS4_ACTIVATIONrelu_ap_fixed_16_5_,conv,vitis,csynth,,123,5,5535,10445,1824,2520,548160,274080,6.7434,0.1984,1.0097,3.8109,31064796,226773010.79999998,,7.3,,,,,,,,
config_CIN32_HIN56_WIN28_COUT16_K3_UFCIN1_UFCOU4_PAD1_STRIDE1_BIASTrue_group_conv2d_GROUPS4_ACTIVATIONsigmoid_ap_fixed_16_5_,conv,vitis,csynth,,123,8,7430,11994,1824,2520,548160,274080,6.7434,0.3175,1.3554,4.3761,31064825,226773222.5,,7.3,,,,,,,,
config_CIN32_HIN56_WIN28_COUT16_K3_UFCIN1_UFCOU8_PAD1_STRIDE1_BIASFalse_conv2d_ACTIVATIONrelu_ap_fixed_16_5_,conv,vitis,csynth,,123,9,5429,10743,1824,2520,548160,274080,6.7434,0.3571,0.9904,3.9197,2037607,14874531.1,,7.3,,,,,,,,
config_CIN32_HIN56_WIN28_COUT16_K3_UFCIN1_UFCOU8_PAD1_STRIDE1_BIASFalse_conv2d_ACTIVATIONsigmoid_ap_fixed_16_5_,conv,vitis,csynth,,123,12,7196,12224,1824,2520,548160,274080,6.7434,0.4762,1.3128,4.46,2037636,14874742.799999999,,7.3,,,,,,,,
config_CIN32_HIN56_WIN28_COUT16_K3_UFCIN1_UFCOU8_PAD1_STRIDE1_BIASFalse_group_conv2d_GROUPS2_ACTIVATIONrelu_ap_fixed_16_5_,conv,vitis,csynth,,123,9,5459,10794,1824,2520,548160,274080,6.7434,0.3571,0.9959,3.9383,30048475,219353867.5,,7.3,,,,,,,,
config_CIN32_HIN56_WIN28_COUT16_K3_UFCIN1_UFCOU8_PAD1_STRIDE1_BIASFalse_group_conv2d_GROUPS2_ACTIVATIONsigmoid_ap_fixed_16_5_,conv,vitis,csynth,,123,12,7226,12275,1824,2520,548160,274080,6.7434,0.4762,1.3182,4.4786,30048504,219354079.2,,7.3,,,,,,,,
config_CIN32_HIN56_WIN28_COUT16_K3_UFCIN1_UFCOU8_PAD1_STRIDE1_BIASFalse_group_conv2d_GROUPS4_ACTIVATIONrelu_ap_fixed_16_5_,conv,vitis,csynth,,123,9,5708,12635,1824,2520,548160,274080,6.7434,0.3571,1.0413,4.61,32811519,239524088.7,,7.3,,,,,,,,
config_CIN32_HIN56_WIN28_COUT16_K3_UFCIN1_UFCOU8_PAD1_STRIDE1_BIASFalse_group_conv2d_GROUPS4_ACTIVATIONsigmoid_ap_fixed_16_5_,conv,vitis,csynth,,123,12,7475,14116,1824,2520,548160,274080,6.7434,0.4762,1.3637,5.1503,32811548,239524300.4,,7.3,,,,,,,,
config_CIN32_HIN56_WIN28_COUT16_K3_UFCIN1_UFCOU8_PAD1_STRIDE1_BIASTrue_conv2d_ACTIVATIONrelu_ap_fixed_16_5_,conv,vitis,csynth,,123,9,5668,11216,1824,2520,548160,274080,6.7434,0.3571,1.034,4.0922,2037636,14874742.799999999,,7.3,,,,,,,,
config_CIN32_HIN56_WIN28_COUT16_K3_UFCIN1_UFCOU8_PAD1_STRIDE1_BIASTrue_conv2d_ACTIVATIONsigmoid_ap_fixed_16_5_,conv,vitis,csynth,,123,12,7435,12701,1824,2520,548160,274080,6.7434,0.4762,1.3564,4.634,2037665,14874954.5,,7.3,,,,,,,,
config_CIN32_HIN56_WIN28_COUT16_K3_UFCIN1_UFCOU8_PAD1_STRIDE1_BIASTrue_group_conv2d_GROUPS2_ACTIVATIONrelu_ap_fixed_16_5_,conv,vitis,csynth,,123,9,5698,11267,1824,2520,548160,274080,6.7434,0.3571,1.0395,4.1108,30048504,219354079.2,,7.3,,,,,,,,
config_CIN32_HIN56_WIN28_COUT16_K3_UFCIN1_UFCOU8_PAD1_STRIDE1_BIASTrue_group_conv2d_GROUPS2_ACTIVATIONsigmoid_ap_fixed_16_5_,conv,vitis,csynth,,123,12,7465,12752,1824,2520,548160,274080,6.7434,0.4762,1.3618,4.6527,30048533,219354290.9,,7.3,,,,,,,,
config_CIN32_HIN56_WIN28_COUT16_K3_UFCIN1_UFCOU8_PAD1_STRIDE1_BIASTrue_group_conv2d_GROUPS4_ACTIVATIONrelu_ap_fixed_16_5_,conv,vitis,csynth,,123,9,5947,13108,1824,2520,548160,274080,6.7434,0.3571,1.0849,4.7825,32811548,239524300.4,,7.3,,,,,,,,
config_CIN32_HIN56_WIN28_COUT16_K3_UFCIN1_UFCOU8_PAD1_STRIDE1_BIASTrue_group_conv2d_GROUPS4_ACTIVATIONsigmoid_ap_fixed_16_5_,conv,vitis,csynth,,123,12,7714,14593,1824,2520,548160,274080,6.7434,0.4762,1.4073,5.3244,32811577,239524512.1,,7.3,,,,,,,,
config_CIN32_HIN56_WIN28_COUT16_K3_UFCIN4_UFCOU1_PAD1_STRIDE1_BIASFalse_conv2d_ACTIVATIONrelu_ap_fixed_16_5_,conv,vitis,csynth,,131,5,5477,10117,1824,2520,548160,274080,7.182,0.1984,0.9992,3.6913,10696103,78081551.89999999,,7.3,,,,,,,,
config_CIN32_HIN56_WIN28_COUT16_K3_UFCIN4_UFCOU1_PAD1_STRIDE1_BIASFalse_conv2d_ACTIVATIONsigmoid_ap_fixed_16_5_,conv,vitis,csynth,,131,8,7180,11566,1824,2520,548160,274080,7.182,0.3175,1.3098,4.2199,10696132,78081763.6,,7.3,,,,,,,,
config_CIN32_HIN56_WIN28_COUT16_K3_UFCIN4_UFCOU1_PAD1_STRIDE1_BIASFalse_group_conv2d_GROUPS2_ACTIVATIONrelu_ap_fixed_16_5_,conv,vitis,csynth,,131,5,5630,10373,1824,2520,548160,274080,7.182,0.1984,1.0271,3.7847,21433883,156467345.9,,7.3,,,,,,,,
config_CIN32_HIN56_WIN28_COUT16_K3_UFCIN4_UFCOU1_PAD1_STRIDE1_BIASFalse_group_conv2d_GROUPS2_ACTIVATIONsigmoid_ap_fixed_16_5_,conv,vitis,csynth,,131,8,7333,11822,1824,2520,548160,274080,7.182,0.3175,1.3377,4.3133,21433912,156467557.6,,7.3,,,,,,,,
config_CIN32_HIN56_WIN28_COUT16_K3_UFCIN4_UFCOU1_PAD1_STRIDE1_BIASFalse_group_conv2d_GROUPS4_ACTIVATIONrelu_ap_fixed_16_5_,conv,vitis,csynth,,131,5,5633,10376,1824,2520,548160,274080,7.182,0.1984,1.0276,3.7858,42711871,311796658.3,,7.3,,,,,,,,
config_CIN32_HIN56_WIN28_COUT16_K3_UFCIN4_UFCOU1_PAD1_STRIDE1_BIASFalse_group_conv2d_GROUPS4_ACTIVATIONsigmoid_ap_fixed_16_5_,conv,vitis,csynth,,131,8,7336,11825,1824,2520,548160,274080,7.182,0.3175,1.3383,4.3144,42711900,311796870.0,,7.3,,,,,,,,
config_CIN32_HIN56_WIN28_COUT16_K3_UFCIN4_UFCOU1_PAD1_STRIDE1_BIASTrue_conv2d_ACTIVATIONrelu_ap_fixed_16_5_,conv,vitis,csynth,,131,5,5610,10327,1824,2520,548160,274080,7.182,0.1984,1.0234,3.7679,10696132,78081763.6,,7.3,,,,,,,,
config_CIN32_HIN56_WIN28_COUT16_K3_UFCIN4_UFCOU1_PAD1_STRIDE1_BIASTrue_conv2d_ACTIVATIONsigmoid_ap_fixed_16_5_,conv,vitis,csynth,,131,8,7313,11780,1824,2520,548160,274080,7.182,0.3175,1.3341,4.298,10696161,78081975.3,,7.3,,,,,,,,
config_CIN32_HIN56_WIN28_COUT16_K3_UFCIN4_UFCOU1_PAD1_STRIDE1_BIASTrue_group_conv2d_GROUPS2_ACTIVATIONrelu_ap_fixed_16_5_,conv,vitis,csynth,,131,5,5763,10583,1824,2520,548160,274080,7.182,0.1984,1.0513,3.8613,21433912,156467557.6,,7.3,,,,,,,,
config_CIN32_HIN56_WIN28_COUT16_K3_UFCIN4_UFCOU1_PAD1_STRIDE1_BIASTrue_group_conv2d_GROUPS2_ACTIVATIONsigmoid_ap_fixed_16_5_,conv,vitis,csynth,,131,8,7466,12036,1824,2520,548160,274080,7.182,0.3175,1.362,4.3914,21433941,156467769.29999998,,7.3,,,,,,,,
config_CIN32_HIN56_WIN28_COUT16_K3_UFCIN4_UFCOU1_PAD1_STRIDE1_BIASTrue_group_conv2d_GROUPS4_ACTIVATIONrelu_ap_fixed_16_5_,conv,vitis,csynth,,131,5,5766,10586,1824,2520,548160,274080,7.182,0.1984,1.0519,3.8624,42711900,311796870.0,,7.3,,,,,,,,
config_CIN32_HIN56_WIN28_COUT16_K3_UFCIN4_UFCOU1_PAD1_STRIDE1_BIASTrue_group_conv2d_GROUPS4_ACTIVATIONsigmoid_ap_fixed_16_5_,conv,vitis,csynth,,131,8,7469,12039,1824,2520,548160,274080,7.182,0.3175,1.3626,4.3925,42711929,311797081.7,,7.3,,,,,,,,
config_CIN32_HIN56_WIN28_COUT16_K3_UFCIN4_UFCOU4_PAD1_STRIDE1_BIASFalse_conv2d_ACTIVATIONrelu_ap_fixed_16_5_,conv,vitis,csynth,,143,17,5814,11516,1824,2520,548160,274080,7.8399,0.6746,1.0606,4.2017,5258279,38385436.699999996,,7.3,,,,,,,,
config_CIN32_HIN56_WIN28_COUT16_K3_UFCIN4_UFCOU4_PAD1_STRIDE1_BIASFalse_conv2d_ACTIVATIONsigmoid_ap_fixed_16_5_,conv,vitis,csynth,,143,20,7709,13061,1824,2520,548160,274080,7.8399,0.7937,1.4063,4.7654,5258308,38385648.4,,7.3,,,,,,,,
config_CIN32_HIN56_WIN28_COUT16_K3_UFCIN4_UFCOU4_PAD1_STRIDE1_BIASFalse_group_conv2d_GROUPS2_ACTIVATIONrelu_ap_fixed_16_5_,conv,vitis,csynth,,143,17,7648,13909,1824,2520,548160,274080,7.8399,0.6746,1.3952,5.0748,13738139,100288414.7,,7.3,,,,,,,,
config_CIN32_HIN56_WIN28_COUT16_K3_UFCIN4_UFCOU4_PAD1_STRIDE1_BIASFalse_group_conv2d_GROUPS2_ACTIVATIONsigmoid_ap_fixed_16_5_,conv,vitis,csynth,,143,20,9543,15454,1824,2520,548160,274080,7.8399,0.7937,1.7409,5.6385,13738168,100288626.39999999,,7.3,,,,,,,,
config_CIN32_HIN56_WIN28_COUT16_K3_UFCIN4_UFCOU4_PAD1_STRIDE1_BIASFalse_group_conv2d_GROUPS4_ACTIVATIONrelu_ap_fixed_16_5_,conv,vitis,csynth,,143,17,5662,10909,1824,2520,548160,274080,7.8399,0.6746,1.0329,3.9802,14807743,108096523.89999999,,7.3,,,,,,,,
config_CIN32_HIN56_WIN28_COUT16_K3_UFCIN4_UFCOU4_PAD1_STRIDE1_BIASFalse_group_conv2d_GROUPS4_ACTIVATIONsigmoid_ap_fixed_16_5_,conv,vitis,csynth,,143,20,7557,12454,1824,2520,548160,274080,7.8399,0.7937,1.3786,4.5439,14807772,108096735.6,,7.3,,,,,,,,
config_CIN32_HIN56_WIN28_COUT16_K3_UFCIN4_UFCOU4_PAD1_STRIDE1_BIASTrue_conv2d_ACTIVATIONrelu_ap_fixed_16_5_,conv,vitis,csynth,,143,17,5990,11837,1824,2520,548160,274080,7.8399,0.6746,1.0927,4.3188,5258308,38385648.4,,7.3,,,,,,,,
config_CIN32_HIN56_WIN28_COUT16_K3_UFCIN4_UFCOU4_PAD1_STRIDE1_BIASTrue_conv2d_ACTIVATIONsigmoid_ap_fixed_16_5_,conv,vitis,csynth,,143,20,7885,13386,1824,2520,548160,274080,7.8399,0.7937,1.4384,4.884,5258337,38385860.1,,7.3,,,,,,,,
config_CIN32_HIN56_WIN28_COUT16_K3_UFCIN4_UFCOU4_PAD1_STRIDE1_BIASTrue_group_conv2d_GROUPS2_ACTIVATIONrelu_ap_fixed_16_5_,conv,vitis,csynth,,143,17,7824,14230,1824,2520,548160,274080,7.8399,0.6746,1.4273,5.1919,13738168,100288626.39999999,,7.3,,,,,,,,
config_CIN32_HIN56_WIN28_COUT16_K3_UFCIN4_UFCOU4_PAD1_STRIDE1_BIASTrue_group_conv2d_GROUPS2_ACTIVATIONsigmoid_ap_fixed_16_5_,conv,vitis,csynth,,143,20,9719,15779,1824,2520,548160,274080,7.8399,0.7937,1.773,5.7571,13738197,100288838.1,,7.3,,,,,,,,
config_CIN32_HIN56_WIN28_COUT16_K3_UFCIN4_UFCOU4_PAD1_STRIDE1_BIASTrue_group_conv2d_GROUPS4_ACTIVATIONrelu_ap_fixed_16_5_,conv,vitis,csynth,,143,17,5838,11230,1824,2520,548160,274080,7.8399,0.6746,1.065,4.0973,14807772,108096735.6,,7.3,,,,,,,,
config_CIN32_HIN56_WIN28_COUT16_K3_UFCIN4_UFCOU4_PAD1_STRIDE1_BIASTrue_group_conv2d_GROUPS4_ACTIVATIONsigmoid_ap_fixed_16_5_,conv,vitis,csynth,,143,20,7733,12779,1824,2520,548160,274080,7.8399,0.7937,1.4107,4.6625,14807801,108096947.3,,7.3,,,,,,,,
config_CIN32_HIN56_WIN28_COUT16_K3_UFCIN4_UFCOU8_PAD1_STRIDE1_BIASFalse_conv2d_ACTIVATIONrelu_ap_fixed_16_5_,conv,vitis,csynth,,159,33,6163,13035,1824,2520,548160,274080,8.7171,1.3095,1.1243,4.7559,4351975,31769417.5,,7.3,,,,,,,,
config_CIN32_HIN56_WIN28_COUT16_K3_UFCIN4_UFCOU8_PAD1_STRIDE1_BIASFalse_conv2d_ACTIVATIONsigmoid_ap_fixed_16_5_,conv,vitis,csynth,,159,36,7930,14516,1824,2520,548160,274080,8.7171,1.4286,1.4467,5.2963,4352004,31769629.2,,7.3,,,,,,,,
config_CIN32_HIN56_WIN28_COUT16_K3_UFCIN4_UFCOU8_PAD1_STRIDE1_BIASFalse_group_conv2d_GROUPS2_ACTIVATIONrelu_ap_fixed_16_5_,conv,vitis,csynth,,159,33,6003,12185,1824,2520,548160,274080,8.7171,1.3095,1.0951,4.4458,11533531,84194776.3,,7.3,,,,,,,,
config_CIN32_HIN56_WIN28_COUT16_K3_UFCIN4_UFCOU8_PAD1_STRIDE1_BIASFalse_group_conv2d_GROUPS2_ACTIVATIONsigmoid_ap_fixed_16_5_,conv,vitis,csynth,,159,36,7770,13666,1824,2520,548160,274080,8.7171,1.4286,1.4175,4.9861,11533560,84194988.0,,7.3,,,,,,,,
config_CIN32_HIN56_WIN28_COUT16_K3_UFCIN4_UFCOU8_PAD1_STRIDE1_BIASFalse_group_conv2d_GROUPS4_ACTIVATIONrelu_ap_fixed_16_5_,conv,vitis,csynth,,159,21,6318,14779,1824,2520,548160,274080,8.7171,0.8333,1.1526,5.3922,37948287,277022495.09999996,,7.3,,,,,,,,
config_CIN32_HIN56_WIN28_COUT16_K3_UFCIN4_UFCOU8_PAD1_STRIDE1_BIASFalse_group_conv2d_GROUPS4_ACTIVATIONsigmoid_ap_fixed_16_5_,conv,vitis,csynth,,159,24,8085,16260,1824,2520,548160,274080,8.7171,0.9524,1.4749,5.9326,37948316,277022706.8,,7.3,,,,,,,,
config_CIN32_HIN56_WIN28_COUT16_K3_UFCIN4_UFCOU8_PAD1_STRIDE1_BIASTrue_conv2d_ACTIVATIONrelu_ap_fixed_16_5_,conv,vitis,csynth,,159,33,6402,13508,1824,2520,548160,274080,8.7171,1.3095,1.1679,4.9285,4352004,31769629.2,,7.3,,,,,,,,
config_CIN32_HIN56_WIN28_COUT16_K3_UFCIN4_UFCOU8_PAD1_STRIDE1_BIASTrue_conv2d_ACTIVATIONsigmoid_ap_fixed_16_5_,conv,vitis,csynth,,159,36,8169,14993,1824,2520,548160,274080,8.7171,1.4286,1.4903,5.4703,4352033,31769840.9,,7.3,,,,,,,,
config_CIN32_HIN56_WIN28_COUT16_K3_UFCIN4_UFCOU8_PAD1_STRIDE1_BIASTrue_group_conv2d_GROUPS2_ACTIVATIONrelu_ap_fixed_16_5_,conv,vitis,csynth,,159,33,6242,12658,1824,2520,548160,274080,8.7171,1.3095,1.1387,4.6184,11533560,84194988.0,,7.3,,,,,,,,
config_CIN32_HIN56_WIN28_COUT16_K3_UFCIN4_UFCOU8_PAD1_STRIDE1_BIASTrue_group_conv2d_GROUPS2_ACTIVATIONsigmoid_ap_fixed_16_5_,conv,vitis,csynth,,159,36,8009,14143,1824,2520,548160,274080,8.7171,1.4286,1.4611,5.1602,11533589,84195199.7,,7.3,,,,,,,,
config_CIN32_HIN56_WIN28_COUT16_K3_UFCIN4_UFCOU8_PAD1_STRIDE1_BIASTrue_group_conv2d_GROUPS4_ACTIVATIONrelu_ap_fixed_16_5_,conv,vitis,csynth,,159,21,6557,15252,1824,2520,548160,274080,8.7171,0.8333,1.1962,5.5648,37948316,277022706.8,,7.3,,,,,,,,
config_CIN32_HIN56_WIN28_COUT16_K3_UFCIN4_UFCOU8_PAD1_STRIDE1_BIASTrue_group_conv2d_GROUPS4_ACTIVATIONsigmoid_ap_fixed_16_5_,conv,vitis,csynth,,159,24,8324,16737,1824,2520,548160,274080,8.7171,0.9524,1.5185,6.1066,37948345,277022918.5,,7.3,,,,,,,,
config_CIN32_HIN56_WIN28_COUT16_K3_UFCIN8_UFCOU1_PAD1_STRIDE1_BIASFalse_conv2d_ACTIVATIONrelu_ap_fixed_16_5_,conv,vitis,csynth,,131,9,5931,11433,1824,2520,548160,274080,7.182,0.3571,1.082,4.1714,10639655,77669481.5,,7.3,,,,,,,,
config_CIN32_HIN56_WIN28_COUT16_K3_UFCIN8_UFCOU1_PAD1_STRIDE1_BIASFalse_conv2d_ACTIVATIONsigmoid_ap_fixed_16_5_,conv,vitis,csynth,,131,12,7634,12882,1824,2520,548160,274080,7.182,0.4762,1.3927,4.7001,10639684,77669693.2,,7.3,,,,,,,,
config_CIN32_HIN56_WIN28_COUT16_K3_UFCIN8_UFCOU1_PAD1_STRIDE1_BIASFalse_group_conv2d_GROUPS2_ACTIVATIONrelu_ap_fixed_16_5_,conv,vitis,csynth,,131,9,6193,11798,1824,2520,548160,274080,7.182,0.3571,1.1298,4.3046,21546779,157291486.7,,7.3,,,,,,,,
config_CIN32_HIN56_WIN28_COUT16_K3_UFCIN8_UFCOU1_PAD1_STRIDE1_BIASFalse_group_conv2d_GROUPS2_ACTIVATIONsigmoid_ap_fixed_16_5_,conv,vitis,csynth,,131,12,7896,13247,1824,2520,548160,274080,7.182,0.4762,1.4405,4.8333,21546808,157291698.4,,7.3,,,,,,,,
config_CIN32_HIN56_WIN28_COUT16_K3_UFCIN8_UFCOU1_PAD1_STRIDE1_BIASFalse_group_conv2d_GROUPS4_ACTIVATIONrelu_ap_fixed_16_5_,conv,vitis,csynth,,131,9,6205,11801,1824,2520,548160,274080,7.182,0.3571,1.132,4.3057,42937663,313444939.9,,7.3,,,,,,,,
config_CIN32_HIN56_WIN28_COUT16_K3_UFCIN8_UFCOU1_PAD1_STRIDE1_BIASFalse_group_conv2d_GROUPS4_ACTIVATIONsigmoid_ap_fixed_16_5_,conv,vitis,csynth,,131,12,7908,13250,1824,2520,548160,274080,7.182,0.4762,1.4426,4.8344,42937692,313445151.59999996,,7.3,,,,,,,,
config_CIN32_HIN56_WIN28_COUT16_K3_UFCIN8_UFCOU1_PAD1_STRIDE1_BIASTrue_conv2d_ACTIVATIONrelu_ap_fixed_16_5_,conv,vitis,csynth,,131,9,6064,11643,1824,2520,548160,274080,7.182,0.3571,1.1062,4.248,10639684,77669693.2,,7.3,,,,,,,,
config_CIN32_HIN56_WIN28_COUT16_K3_UFCIN8_UFCOU1_PAD1_STRIDE1_BIASTrue_conv2d_ACTIVATIONsigmoid_ap_fixed_16_5_,conv,vitis,csynth,,131,12,7767,13096,1824,2520,548160,274080,7.182,0.4762,1.4169,4.7782,10639713,77669904.89999999,,7.3,,,,,,,,
config_CIN32_HIN56_WIN28_COUT16_K3_UFCIN8_UFCOU1_PAD1_STRIDE1_BIASTrue_group_conv2d_GROUPS2_ACTIVATIONrelu_ap_fixed_16_5_,conv,vitis,csynth,,131,9,6326,12008,1824,2520,548160,274080,7.182,0.3571,1.154,4.3812,21546808,157291698.4,,7.3,,,,,,,,
config_CIN32_HIN56_WIN28_COUT16_K3_UFCIN8_UFCOU1_PAD1_STRIDE1_BIASTrue_group_conv2d_GROUPS2_ACTIVATIONsigmoid_ap_fixed_16_5_,conv,vitis,csynth,,131,12,8029,13461,1824,2520,548160,274080,7.182,0.4762,1.4647,4.9113,21546837,157291910.1,,7.3,,,,,,,,
config_CIN32_HIN56_WIN28_COUT16_K3_UFCIN8_UFCOU1_PAD1_STRIDE1_BIASTrue_group_conv2d_GROUPS4_ACTIVATIONrelu_ap_fixed_16_5_,conv,vitis,csynth,,131,9,6338,12011,1824,2520,548160,274080,7.182,0.3571,1.1562,4.3823,42937692,313445151.59999996,,7.3,,,,,,,,
config_CIN32_HIN56_WIN28_COUT16_K3_UFCIN8_UFCOU1_PAD1_STRIDE1_BIASTrue_group_conv2d_GROUPS4_ACTIVATIONsigmoid_ap_fixed_16_5_,conv,vitis,csynth,,131,12,8041,13464,1824,2520,548160,274080,7.182,0.4762,1.4669,4.9124,42937721,313445363.3,,7.3,,,,,,,,
config_CIN32_HIN56_WIN28_COUT16_K3_UFCIN8_UFCOU4_PAD1_STRIDE1_BIASFalse_conv2d_ACTIVATIONrelu_ap_fixed_16_5_,conv,vitis,csynth,,159,33,6548,13598,1824,2520,548160,274080,8.7171,1.3095,1.1945,4.9613,5201831,37973366.3,,7.3,,,,,,,,
config_CIN32_HIN56_WIN28_COUT16_K3_UFCIN8_UFCOU4_PAD1_STRIDE1_BIASFalse_conv2d_ACTIVATIONsigmoid_ap_fixed_16_5_,conv,vitis,csynth,,159,36,8443,15143,1824,2520,548160,274080,8.7171,1.4286,1.5402,5.525,5201860,37973578.0,,7.3,,,,,,,,
config_CIN32_HIN56_WIN28_COUT16_K3_UFCIN8_UFCOU4_PAD1_STRIDE1_BIASFalse_group_conv2d_GROUPS2_ACTIVATIONrelu_ap_fixed_16_5_,conv,vitis,csynth,,159,33,10227,18328,1824,2520,548160,274080,8.7171,1.3095,1.8657,6.6871,13625243,99464273.89999999,,7.3,,,,,,,,
config_CIN32_HIN56_WIN28_COUT16_K3_UFCIN8_UFCOU4_PAD1_STRIDE1_BIASFalse_group_conv2d_GROUPS2_ACTIVATIONsigmoid_ap_fixed_16_5_,conv,vitis,csynth,,159,36,12122,19873,1824,2520,548160,274080,8.7171,1.4286,2.2114,7.2508,13625272,99464485.6,,7.3,,,,,,,,
config_CIN32_HIN56_WIN28_COUT16_K3_UFCIN8_UFCOU4_PAD1_STRIDE1_BIASFalse_group_conv2d_GROUPS4_ACTIVATIONrelu_ap_fixed_16_5_,conv,vitis,csynth,,159,33,6117,11870,1824,2520,548160,274080,8.7171,1.3095,1.1159,4.3309,12775615,93261989.5,,7.3,,,,,,,,
config_CIN32_HIN56_WIN28_COUT16_K3_UFCIN8_UFCOU4_PAD1_STRIDE1_BIASFalse_group_conv2d_GROUPS4_ACTIVATIONsigmoid_ap_fixed_16_5_,conv,vitis,csynth,,159,36,8012,13415,1824,2520,548160,274080,8.7171,1.4286,1.4616,4.8946,12775644,93262201.2,,7.3,,,,,,,,
config_CIN32_HIN56_WIN28_COUT16_K3_UFCIN8_UFCOU4_PAD1_STRIDE1_BIASTrue_conv2d_ACTIVATIONrelu_ap_fixed_16_5_,conv,vitis,csynth,,159,33,6724,13919,1824,2520,548160,274080,8.7171,1.3095,1.2266,5.0784,5201860,37973578.0,,7.3,,,,,,,,
config_CIN32_HIN56_WIN28_COUT16_K3_UFCIN8_UFCOU4_PAD1_STRIDE1_BIASTrue_conv2d_ACTIVATIONsigmoid_ap_fixed_16_5_,conv,vitis,csynth,,159,36,8619,15468,1824,2520,548160,274080,8.7171,1.4286,1.5724,5.6436,5201889,37973789.699999996,,7.3,,,,,,,,
config_CIN32_HIN56_WIN28_COUT16_K3_UFCIN8_UFCOU4_PAD1_STRIDE1_BIASTrue_group_conv2d_GROUPS2_ACTIVATIONrelu_ap_fixed_16_5_,conv,vitis,csynth,,159,33,10403,18649,1824,2520,548160,274080,8.7171,1.3095,1.8978,6.8042,13625272,99464485.6,,7.3,,,,,,,,
config_CIN32_HIN56_WIN28_COUT16_K3_UFCIN8_UFCOU4_PAD1_STRIDE1_BIASTrue_group_conv2d_GROUPS2_ACTIVATIONsigmoid_ap_fixed_16_5_,conv,vitis,csynth,,159,36,12298,20198,1824,2520,548160,274080,8.7171,1.4286,2.2435,7.3694,13625301,99464697.3,,7.3,,,,,,,,
config_CIN32_HIN56_WIN28_COUT16_K3_UFCIN8_UFCOU4_PAD1_STRIDE1_BIASTrue_group_conv2d_GROUPS4_ACTIVATIONrelu_ap_fixed_16_5_,conv,vitis,csynth,,159,33,6293,12191,1824,2520,548160,274080,8.7171,1.3095,1.148,4.448,12775644,93262201.2,,7.3,,,,,,,,
config_CIN32_HIN56_WIN28_COUT16_K3_UFCIN8_UFCOU4_PAD1_STRIDE1_BIASTrue_group_conv2d_GROUPS4_ACTIVATIONsigmoid_ap_fixed_16_5_,conv,vitis,csynth,,159,36,8188,13740,1824,2520,548160,274080,8.7171,1.4286,1.4937,5.0131,12775673,93262412.89999999,,7.3,,,,,,,,
config_CIN32_HIN56_WIN28_COUT16_K3_UFCIN8_UFCOU8_PAD1_STRIDE1_BIASFalse_conv2d_ACTIVATIONrelu_ap_fixed_16_5_,conv,vitis,csynth,,191,65,7241,16083,1824,2520,548160,274080,10.4715,2.5794,1.321,5.868,4295527,31357347.099999998,,7.3,,,,,,,,
config_CIN32_HIN56_WIN28_COUT16_K3_UFCIN8_UFCOU8_PAD1_STRIDE1_BIASFalse_conv2d_ACTIVATIONsigmoid_ap_fixed_16_5_,conv,vitis,csynth,,191,68,9008,17564,1824,2520,548160,274080,10.4715,2.6984,1.6433,6.4083,4295556,31357558.8,,7.3,,,,,,,,
config_CIN32_HIN56_WIN28_COUT16_K3_UFCIN8_UFCOU8_PAD1_STRIDE1_BIASFalse_group_conv2d_GROUPS2_ACTIVATIONrelu_ap_fixed_16_5_,conv,vitis,csynth,,191,65,6789,13834,1824,2520,548160,274080,10.4715,2.5794,1.2385,5.0474,8711131,63591256.3,,7.3,,,,,,,,
config_CIN32_HIN56_WIN28_COUT16_K3_UFCIN8_UFCOU8_PAD1_STRIDE1_BIASFalse_group_conv2d_GROUPS2_ACTIVATIONsigmoid_ap_fixed_16_5_,conv,vitis,csynth,,191,68,8556,15315,1824,2520,548160,274080,10.4715,2.6984,1.5609,5.5878,8711160,63591468.0,,7.3,,,,,,,,
config_CIN32_HIN56_WIN28_COUT16_K3_UFCIN8_UFCOU8_PAD1_STRIDE1_BIASFalse_group_conv2d_GROUPS4_ACTIVATIONrelu_ap_fixed_16_5_,conv,vitis,csynth,,191,37,7045,17595,1824,2520,548160,274080,10.4715,1.4683,1.2852,6.4197,42915711,313284690.3,,7.3,,,,,,,,
config_CIN32_HIN56_WIN28_COUT16_K3_UFCIN8_UFCOU8_PAD1_STRIDE1_BIASFalse_group_conv2d_GROUPS4_ACTIVATIONsigmoid_ap_fixed_16_5_,conv,vitis,csynth,,191,40,8812,19076,1824,2520,548160,274080,10.4715,1.5873,1.6076,6.96,42915740,313284902.0,,7.3,,,,,,,,
config_CIN32_HIN56_WIN28_COUT16_K3_UFCIN8_UFCOU8_PAD1_STRIDE1_BIASTrue_conv2d_ACTIVATIONrelu_ap_fixed_16_5_,conv,vitis,csynth,,191,65,7480,16556,1824,2520,548160,274080,10.4715,2.5794,1.3646,6.0406,4295556,31357558.8,,7.3,,,,,,,,
config_CIN32_HIN56_WIN28_COUT16_K3_UFCIN8_UFCOU8_PAD1_STRIDE1_BIASTrue_conv2d_ACTIVATIONsigmoid_ap_fixed_16_5_,conv,vitis,csynth,,191,68,9247,18041,1824,2520,548160,274080,10.4715,2.6984,1.6869,6.5824,4295585,31357770.5,,7.3,,,,,,,,
config_CIN32_HIN56_WIN28_COUT16_K3_UFCIN8_UFCOU8_PAD1_STRIDE1_BIASTrue_group_conv2d_GROUPS2_ACTIVATIONrelu_ap_fixed_16_5_,conv,vitis,csynth,,191,65,7028,14307,1824,2520,548160,274080,10.4715,2.5794,1.2821,5.22,8711160,63591468.0,,7.3,,,,,,,,
config_CIN32_HIN56_WIN28_COUT16_K3_UFCIN8_UFCOU8_PAD1_STRIDE1_BIASTrue_group_conv2d_GROUPS2_ACTIVATIONsigmoid_ap_fixed_16_5_,conv,vitis,csynth,,191,68,8795,15792,1824,2520,548160,274080,10.4715,2.6984,1.6045,5.7618,8711189,63591679.699999996,,7.3,,,,,,,,
config_CIN32_HIN56_WIN28_COUT16_K3_UFCIN8_UFCOU8_PAD1_STRIDE1_BIASTrue_group_conv2d_GROUPS4_ACTIVATIONrelu_ap_fixed_16_5_,conv,vitis,csynth,,191,37,7284,18068,1824,2520,548160,274080,10.4715,1.4683,1.3288,6.5922,42915740,313284902.0,,7.3,,,,,,,,
config_CIN32_HIN56_WIN28_COUT16_K3_UFCIN8_UFCOU8_PAD1_STRIDE1_BIASTrue_group_conv2d_GROUPS4_ACTIVATIONsigmoid_ap_fixed_16_5_,conv,vitis,csynth,,191,40,9051,19553,1824,2520,548160,274080,10.4715,1.5873,1.6512,7.134,42915769,313285113.7,,7.3,,,,,,,,
config_CIN32_HIN56_WIN28_COUT32_K1_UFCIN1_UFCOU1_PAD1_STRIDE1_BIASFalse_conv2d_ACTIVATIONrelu_ap_fixed_16_5_,conv,vitis,csynth,,164,6,5246,8800,1824,2520,548160,274080,8.9912,0.2381,0.957,3.2107,2021137,14754300.1,,7.3,,,,,,,,
config_CIN32_HIN56_WIN28_COUT32_K1_UFCIN1_UFCOU1_PAD1_STRIDE1_BIASFalse_conv2d_ACTIVATIONsigmoid_ap_fixed_16_5_,conv,vitis,csynth,,164,9,7014,10288,1824,2520,548160,274080,8.9912,0.3571,1.2796,3.7536,2021167,14754519.1,,7.3,,,,,,,,
config_CIN32_HIN56_WIN28_COUT32_K1_UFCIN1_UFCOU1_PAD1_STRIDE1_BIASFalse_group_conv2d_GROUPS2_ACTIVATIONrelu_ap_fixed_16_5_,conv,vitis,csynth,,164,10,5631,9481,1824,2520,548160,274080,8.9912,0.3968,1.0273,3.4592,7380459,53877350.699999996,,7.3,,,,,,,,
config_CIN32_HIN56_WIN28_COUT32_K1_UFCIN1_UFCOU1_PAD1_STRIDE1_BIASFalse_group_conv2d_GROUPS2_ACTIVATIONsigmoid_ap_fixed_16_5_,conv,vitis,csynth,,164,13,7399,10969,1824,2520,548160,274080,8.9912,0.5159,1.3498,4.0021,7380489,53877569.699999996,,7.3,,,,,,,,
config_CIN32_HIN56_WIN28_COUT32_K1_UFCIN1_UFCOU1_PAD1_STRIDE1_BIASFalse_group_conv2d_GROUPS4_ACTIVATIONrelu_ap_fixed_16_5_,conv,vitis,csynth,,164,10,5634,9484,1824,2520,548160,274080,8.9912,0.3968,1.0278,3.4603,14535577,106109712.1,,7.3,,,,,,,,
config_CIN32_HIN56_WIN28_COUT32_K1_UFCIN1_UFCOU1_PAD1_STRIDE1_BIASFalse_group_conv2d_GROUPS4_ACTIVATIONsigmoid_ap_fixed_16_5_,conv,vitis,csynth,,164,13,7402,10972,1824,2520,548160,274080,8.9912,0.5159,1.3503,4.0032,14535607,106109931.1,,7.3,,,,,,,,
config_CIN32_HIN56_WIN28_COUT32_K1_UFCIN1_UFCOU1_PAD1_STRIDE1_BIASTrue_conv2d_ACTIVATIONrelu_ap_fixed_16_5_,conv,vitis,csynth,,164,6,5387,8990,1824,2520,548160,274080,8.9912,0.2381,0.9827,3.2801,2071230,15119979.0,,7.3,,,,,,,,
config_CIN32_HIN56_WIN28_COUT32_K1_UFCIN1_UFCOU1_PAD1_STRIDE1_BIASTrue_conv2d_ACTIVATIONsigmoid_ap_fixed_16_5_,conv,vitis,csynth,,164,9,7155,10478,1824,2520,548160,274080,8.9912,0.3571,1.3053,3.823,2071260,15120198.0,,7.3,,,,,,,,
config_CIN32_HIN56_WIN28_COUT32_K1_UFCIN1_UFCOU1_PAD1_STRIDE1_BIASTrue_group_conv2d_GROUPS2_ACTIVATIONrelu_ap_fixed_16_5_,conv,vitis,csynth,,164,10,5772,9671,1824,2520,548160,274080,8.9912,0.3968,1.053,3.5285,7430552,54243029.6,,7.3,,,,,,,,
config_CIN32_HIN56_WIN28_COUT32_K1_UFCIN1_UFCOU1_PAD1_STRIDE1_BIASTrue_group_conv2d_GROUPS2_ACTIVATIONsigmoid_ap_fixed_16_5_,conv,vitis,csynth,,164,13,7540,11159,1824,2520,548160,274080,8.9912,0.5159,1.3755,4.0714,7430582,54243248.6,,7.3,,,,,,,,
config_CIN32_HIN56_WIN28_COUT32_K1_UFCIN1_UFCOU1_PAD1_STRIDE1_BIASTrue_group_conv2d_GROUPS4_ACTIVATIONrelu_ap_fixed_16_5_,conv,vitis,csynth,,164,10,5775,9674,1824,2520,548160,274080,8.9912,0.3968,1.0535,3.5296,14585670,106475391.0,,7.3,,,,,,,,
config_CIN32_HIN56_WIN28_COUT32_K1_UFCIN1_UFCOU1_PAD1_STRIDE1_BIASTrue_group_conv2d_GROUPS4_ACTIVATIONsigmoid_ap_fixed_16_5_,conv,vitis,csynth,,164,13,7543,11162,1824,2520,548160,274080,8.9912,0.5159,1.3761,4.0725,14585700,106475610.0,,7.3,,,,,,,,
config_CIN32_HIN56_WIN28_COUT32_K1_UFCIN1_UFCOU4_PAD1_STRIDE1_BIASFalse_conv2d_ACTIVATIONrelu_ap_fixed_16_5_,conv,vitis,csynth,,177,10,5520,9657,1824,2520,548160,274080,9.7039,0.3968,1.007,3.5234,693106,5059673.8,,7.3,,,,,,,,
config_CIN32_HIN56_WIN28_COUT32_K1_UFCIN1_UFCOU4_PAD1_STRIDE1_BIASFalse_conv2d_ACTIVATIONsigmoid_ap_fixed_16_5_,conv,vitis,csynth,,177,13,7411,11209,1824,2520,548160,274080,9.7039,0.5159,1.352,4.0897,693136,5059892.8,,7.3,,,,,,,,
config_CIN32_HIN56_WIN28_COUT32_K1_UFCIN1_UFCOU4_PAD1_STRIDE1_BIASFalse_group_conv2d_GROUPS2_ACTIVATIONrelu_ap_fixed_16_5_,conv,vitis,csynth,,177,26,6347,10881,1824,2520,548160,274080,9.7039,1.0317,1.1579,3.97,2043468,14917316.4,,7.3,,,,,,,,
config_CIN32_HIN56_WIN28_COUT32_K1_UFCIN1_UFCOU4_PAD1_STRIDE1_BIASFalse_group_conv2d_GROUPS2_ACTIVATIONsigmoid_ap_fixed_16_5_,conv,vitis,csynth,,177,29,8238,12433,1824,2520,548160,274080,9.7039,1.1508,1.5028,4.5363,2043498,14917535.4,,7.3,,,,,,,,
config_CIN32_HIN56_WIN28_COUT32_K1_UFCIN1_UFCOU4_PAD1_STRIDE1_BIASFalse_group_conv2d_GROUPS4_ACTIVATIONrelu_ap_fixed_16_5_,conv,vitis,csynth,,177,26,6350,10884,1824,2520,548160,274080,9.7039,1.0317,1.1584,3.9711,3853306,28129133.8,,7.3,,,,,,,,
config_CIN32_HIN56_WIN28_COUT32_K1_UFCIN1_UFCOU4_PAD1_STRIDE1_BIASFalse_group_conv2d_GROUPS4_ACTIVATIONsigmoid_ap_fixed_16_5_,conv,vitis,csynth,,177,29,8241,12436,1824,2520,548160,274080,9.7039,1.1508,1.5034,4.5374,3853336,28129352.8,,7.3,,,,,,,,
config_CIN32_HIN56_WIN28_COUT32_K1_UFCIN1_UFCOU4_PAD1_STRIDE1_BIASTrue_conv2d_ACTIVATIONrelu_ap_fixed_16_5_,conv,vitis,csynth,,177,10,5701,9961,1824,2520,548160,274080,9.7039,0.3968,1.04,3.6343,693151,5060002.3,,7.3,,,,,,,,
config_CIN32_HIN56_WIN28_COUT32_K1_UFCIN1_UFCOU4_PAD1_STRIDE1_BIASTrue_conv2d_ACTIVATIONsigmoid_ap_fixed_16_5_,conv,vitis,csynth,,177,13,7592,11513,1824,2520,548160,274080,9.7039,0.5159,1.385,4.2006,693181,5060221.3,,7.3,,,,,,,,
config_CIN32_HIN56_WIN28_COUT32_K1_UFCIN1_UFCOU4_PAD1_STRIDE1_BIASTrue_group_conv2d_GROUPS2_ACTIVATIONrelu_ap_fixed_16_5_,conv,vitis,csynth,,177,26,6528,11185,1824,2520,548160,274080,9.7039,1.0317,1.1909,4.0809,2043513,14917644.9,,7.3,,,,,,,,
config_CIN32_HIN56_WIN28_COUT32_K1_UFCIN1_UFCOU4_PAD1_STRIDE1_BIASTrue_group_conv2d_GROUPS2_ACTIVATIONsigmoid_ap_fixed_16_5_,conv,vitis,csynth,,177,29,8419,12737,1824,2520,548160,274080,9.7039,1.1508,1.5359,4.6472,2043543,14917863.9,,7.3,,,,,,,,
config_CIN32_HIN56_WIN28_COUT32_K1_UFCIN1_UFCOU4_PAD1_STRIDE1_BIASTrue_group_conv2d_GROUPS4_ACTIVATIONrelu_ap_fixed_16_5_,conv,vitis,csynth,,177,26,6531,11188,1824,2520,548160,274080,9.7039,1.0317,1.1914,4.082,3853351,28129462.3,,7.3,,,,,,,,
config_CIN32_HIN56_WIN28_COUT32_K1_UFCIN1_UFCOU4_PAD1_STRIDE1_BIASTrue_group_conv2d_GROUPS4_ACTIVATIONsigmoid_ap_fixed_16_5_,conv,vitis,csynth,,177,29,8422,12740,1824,2520,548160,274080,9.7039,1.1508,1.5364,4.6483,3853381,28129681.3,,7.3,,,,,,,,
config_CIN32_HIN56_WIN28_COUT32_K1_UFCIN1_UFCOU8_PAD1_STRIDE1_BIASFalse_conv2d_ACTIVATIONrelu_ap_fixed_16_5_,conv,vitis,csynth,,181,14,5613,10467,1824,2520,548160,274080,9.9232,0.5556,1.024,3.819,463426,3383009.8,,7.3,,,,,,,,
config_CIN32_HIN56_WIN28_COUT32_K1_UFCIN1_UFCOU8_PAD1_STRIDE1_BIASFalse_conv2d_ACTIVATIONsigmoid_ap_fixed_16_5_,conv,vitis,csynth,,181,17,7504,12019,1824,2520,548160,274080,9.9232,0.6746,1.3689,4.3852,463456,3383228.8,,7.3,,,,,,,,
config_CIN32_HIN56_WIN28_COUT32_K1_UFCIN1_UFCOU8_PAD1_STRIDE1_BIASFalse_group_conv2d_GROUPS2_ACTIVATIONrelu_ap_fixed_16_5_,conv,vitis,csynth,,181,26,6802,12103,1824,2520,548160,274080,9.9232,1.0317,1.2409,4.4159,1145628,8363084.399999999,,7.3,,,,,,,,
config_CIN32_HIN56_WIN28_COUT32_K1_UFCIN1_UFCOU8_PAD1_STRIDE1_BIASFalse_group_conv2d_GROUPS2_ACTIVATIONsigmoid_ap_fixed_16_5_,conv,vitis,csynth,,181,29,8693,13655,1824,2520,548160,274080,9.9232,1.1508,1.5859,4.9821,1145658,8363303.399999999,,7.3,,,,,,,,
config_CIN32_HIN56_WIN28_COUT32_K1_UFCIN1_UFCOU8_PAD1_STRIDE1_BIASFalse_group_conv2d_GROUPS4_ACTIVATIONrelu_ap_fixed_16_5_,conv,vitis,csynth,,181,13,6046,10708,1824,2520,548160,274080,9.9232,0.5159,1.103,3.9069,512502,3741264.6,,7.3,,,,,,,,
config_CIN32_HIN56_WIN28_COUT32_K1_UFCIN1_UFCOU8_PAD1_STRIDE1_BIASFalse_group_conv2d_GROUPS4_ACTIVATIONsigmoid_ap_fixed_16_5_,conv,vitis,csynth,,181,16,7937,12260,1824,2520,548160,274080,9.9232,0.6349,1.4479,4.4731,512532,3741483.6,,7.3,,,,,,,,
config_CIN32_HIN56_WIN28_COUT32_K1_UFCIN1_UFCOU8_PAD1_STRIDE1_BIASTrue_conv2d_ACTIVATIONrelu_ap_fixed_16_5_,conv,vitis,csynth,,181,14,5856,10919,1824,2520,548160,274080,9.9232,0.5556,1.0683,3.9839,463471,3383338.3,,7.3,,,,,,,,
config_CIN32_HIN56_WIN28_COUT32_K1_UFCIN1_UFCOU8_PAD1_STRIDE1_BIASTrue_conv2d_ACTIVATIONsigmoid_ap_fixed_16_5_,conv,vitis,csynth,,181,17,7747,12471,1824,2520,548160,274080,9.9232,0.6746,1.4133,4.5501,463501,3383557.3,,7.3,,,,,,,,
config_CIN32_HIN56_WIN28_COUT32_K1_UFCIN1_UFCOU8_PAD1_STRIDE1_BIASTrue_group_conv2d_GROUPS2_ACTIVATIONrelu_ap_fixed_16_5_,conv,vitis,csynth,,181,26,7045,12555,1824,2520,548160,274080,9.9232,1.0317,1.2852,4.5808,1145673,8363412.899999999,,7.3,,,,,,,,
config_CIN32_HIN56_WIN28_COUT32_K1_UFCIN1_UFCOU8_PAD1_STRIDE1_BIASTrue_group_conv2d_GROUPS2_ACTIVATIONsigmoid_ap_fixed_16_5_,conv,vitis,csynth,,181,29,8936,14107,1824,2520,548160,274080,9.9232,1.1508,1.6302,5.147,1145703,8363631.899999999,,7.3,,,,,,,,
config_CIN32_HIN56_WIN28_COUT32_K1_UFCIN1_UFCOU8_PAD1_STRIDE1_BIASTrue_group_conv2d_GROUPS4_ACTIVATIONrelu_ap_fixed_16_5_,conv,vitis,csynth,,181,13,6289,11160,1824,2520,548160,274080,9.9232,0.5159,1.1473,4.0718,512547,3741593.1,,7.3,,,,,,,,
config_CIN32_HIN56_WIN28_COUT32_K1_UFCIN1_UFCOU8_PAD1_STRIDE1_BIASTrue_group_conv2d_GROUPS4_ACTIVATIONsigmoid_ap_fixed_16_5_,conv,vitis,csynth,,181,16,8180,12712,1824,2520,548160,274080,9.9232,0.6349,1.4923,4.6381,512577,3741812.1,,7.3,,,,,,,,
config_CIN32_HIN56_WIN28_COUT32_K1_UFCIN4_UFCOU1_PAD1_STRIDE1_BIASFalse_conv2d_ACTIVATIONrelu_ap_fixed_16_5_,conv,vitis,csynth,,179,8,5636,9594,1824,2520,548160,274080,9.8136,0.3175,1.0282,3.5004,2464426,17990309.8,,7.3,,,,,,,,
config_CIN32_HIN56_WIN28_COUT32_K1_UFCIN4_UFCOU1_PAD1_STRIDE1_BIASFalse_conv2d_ACTIVATIONsigmoid_ap_fixed_16_5_,conv,vitis,csynth,,179,11,7404,11082,1824,2520,548160,274080,9.8136,0.4365,1.3507,4.0433,2464456,17990528.8,,7.3,,,,,,,,
config_CIN32_HIN56_WIN28_COUT32_K1_UFCIN4_UFCOU1_PAD1_STRIDE1_BIASFalse_group_conv2d_GROUPS2_ACTIVATIONrelu_ap_fixed_16_5_,conv,vitis,csynth,,179,12,5734,9634,1824,2520,548160,274080,9.8136,0.4762,1.046,3.515,4789186,34961057.8,,7.3,,,,,,,,
config_CIN32_HIN56_WIN28_COUT32_K1_UFCIN4_UFCOU1_PAD1_STRIDE1_BIASFalse_group_conv2d_GROUPS2_ACTIVATIONsigmoid_ap_fixed_16_5_,conv,vitis,csynth,,179,15,7502,11122,1824,2520,548160,274080,9.8136,0.5952,1.3686,4.0579,4789216,34961276.8,,7.3,,,,,,,,
config_CIN32_HIN56_WIN28_COUT32_K1_UFCIN4_UFCOU1_PAD1_STRIDE1_BIASFalse_group_conv2d_GROUPS4_ACTIVATIONrelu_ap_fixed_16_5_,conv,vitis,csynth,,179,12,5737,9637,1824,2520,548160,274080,9.8136,0.4762,1.0466,3.5161,9302982,67911768.6,,7.3,,,,,,,,
config_CIN32_HIN56_WIN28_COUT32_K1_UFCIN4_UFCOU1_PAD1_STRIDE1_BIASFalse_group_conv2d_GROUPS4_ACTIVATIONsigmoid_ap_fixed_16_5_,conv,vitis,csynth,,179,15,7505,11125,1824,2520,548160,274080,9.8136,0.5952,1.3691,4.059,9303012,67911987.6,,7.3,,,,,,,,
config_CIN32_HIN56_WIN28_COUT32_K1_UFCIN4_UFCOU1_PAD1_STRIDE1_BIASTrue_conv2d_ACTIVATIONrelu_ap_fixed_16_5_,conv,vitis,csynth,,179,8,5777,9787,1824,2520,548160,274080,9.8136,0.3175,1.0539,3.5709,2464471,17990638.3,,7.3,,,,,,,,
config_CIN32_HIN56_WIN28_COUT32_K1_UFCIN4_UFCOU1_PAD1_STRIDE1_BIASTrue_conv2d_ACTIVATIONsigmoid_ap_fixed_16_5_,conv,vitis,csynth,,179,11,7545,11275,1824,2520,548160,274080,9.8136,0.4365,1.3764,4.1138,2464501,17990857.3,,7.3,,,,,,,,
config_CIN32_HIN56_WIN28_COUT32_K1_UFCIN4_UFCOU1_PAD1_STRIDE1_BIASTrue_group_conv2d_GROUPS2_ACTIVATIONrelu_ap_fixed_16_5_,conv,vitis,csynth,,179,12,5875,9827,1824,2520,548160,274080,9.8136,0.4762,1.0718,3.5854,4789231,34961386.3,,7.3,,,,,,,,
config_CIN32_HIN56_WIN28_COUT32_K1_UFCIN4_UFCOU1_PAD1_STRIDE1_BIASTrue_group_conv2d_GROUPS2_ACTIVATIONsigmoid_ap_fixed_16_5_,conv,vitis,csynth,,179,15,7643,11315,1824,2520,548160,274080,9.8136,0.5952,1.3943,4.1284,4789261,34961605.3,,7.3,,,,,,,,
config_CIN32_HIN56_WIN28_COUT32_K1_UFCIN4_UFCOU1_PAD1_STRIDE1_BIASTrue_group_conv2d_GROUPS4_ACTIVATIONrelu_ap_fixed_16_5_,conv,vitis,csynth,,179,12,5878,9830,1824,2520,548160,274080,9.8136,0.4762,1.0723,3.5865,9303027,67912097.1,,7.3,,,,,,,,
config_CIN32_HIN56_WIN28_COUT32_K1_UFCIN4_UFCOU1_PAD1_STRIDE1_BIASTrue_group_conv2d_GROUPS4_ACTIVATIONsigmoid_ap_fixed_16_5_,conv,vitis,csynth,,179,15,7646,11318,1824,2520,548160,274080,9.8136,0.5952,1.3948,4.1295,9303057,67912316.1,,7.3,,,,,,,,
config_CIN32_HIN56_WIN28_COUT32_K1_UFCIN4_UFCOU4_PAD1_STRIDE1_BIASFalse_conv2d_ACTIVATIONrelu_ap_fixed_16_5_,conv,vitis,csynth,,201,25,6127,10842,1824,2520,548160,274080,11.0197,0.9921,1.1177,3.9558,1142026,8336789.8,,7.3,,,,,,,,
config_CIN32_HIN56_WIN28_COUT32_K1_UFCIN4_UFCOU4_PAD1_STRIDE1_BIASFalse_conv2d_ACTIVATIONsigmoid_ap_fixed_16_5_,conv,vitis,csynth,,201,28,8018,12394,1824,2520,548160,274080,11.0197,1.1111,1.4627,4.522,1142056,8337008.8,,7.3,,,,,,,,
config_CIN32_HIN56_WIN28_COUT32_K1_UFCIN4_UFCOU4_PAD1_STRIDE1_BIASFalse_group_conv2d_GROUPS2_ACTIVATIONrelu_ap_fixed_16_5_,conv,vitis,csynth,,201,25,7895,13222,1824,2520,548160,274080,11.0197,0.9921,1.4403,4.8241,2965666,21649361.8,,7.3,,,,,,,,
config_CIN32_HIN56_WIN28_COUT32_K1_UFCIN4_UFCOU4_PAD1_STRIDE1_BIASFalse_group_conv2d_GROUPS2_ACTIVATIONsigmoid_ap_fixed_16_5_,conv,vitis,csynth,,201,28,9786,14774,1824,2520,548160,274080,11.0197,1.1111,1.7852,5.3904,2965696,21649580.8,,7.3,,,,,,,,
config_CIN32_HIN56_WIN28_COUT32_K1_UFCIN4_UFCOU4_PAD1_STRIDE1_BIASFalse_group_conv2d_GROUPS4_ACTIVATIONrelu_ap_fixed_16_5_,conv,vitis,csynth,,201,25,7898,13225,1824,2520,548160,274080,11.0197,0.9921,1.4408,4.8252,5697702,41593224.6,,7.3,,,,,,,,
config_CIN32_HIN56_WIN28_COUT32_K1_UFCIN4_UFCOU4_PAD1_STRIDE1_BIASFalse_group_conv2d_GROUPS4_ACTIVATIONsigmoid_ap_fixed_16_5_,conv,vitis,csynth,,201,28,9789,14777,1824,2520,548160,274080,11.0197,1.1111,1.7858,5.3915,5697732,41593443.6,,7.3,,,,,,,,
config_CIN32_HIN56_WIN28_COUT32_K1_UFCIN4_UFCOU4_PAD1_STRIDE1_BIASTrue_conv2d_ACTIVATIONrelu_ap_fixed_16_5_,conv,vitis,csynth,,201,25,6308,11146,1824,2520,548160,274080,11.0197,0.9921,1.1508,4.0667,1142071,8337118.3,,7.3,,,,,,,,
config_CIN32_HIN56_WIN28_COUT32_K1_UFCIN4_UFCOU4_PAD1_STRIDE1_BIASTrue_conv2d_ACTIVATIONsigmoid_ap_fixed_16_5_,conv,vitis,csynth,,201,28,8199,12698,1824,2520,548160,274080,11.0197,1.1111,1.4957,4.633,1142101,8337337.3,,7.3,,,,,,,,
config_CIN32_HIN56_WIN28_COUT32_K1_UFCIN4_UFCOU4_PAD1_STRIDE1_BIASTrue_group_conv2d_GROUPS2_ACTIVATIONrelu_ap_fixed_16_5_,conv,vitis,csynth,,201,25,8076,13526,1824,2520,548160,274080,11.0197,0.9921,1.4733,4.9351,2965711,21649690.3,,7.3,,,,,,,,
config_CIN32_HIN56_WIN28_COUT32_K1_UFCIN4_UFCOU4_PAD1_STRIDE1_BIASTrue_group_conv2d_GROUPS2_ACTIVATIONsigmoid_ap_fixed_16_5_,conv,vitis,csynth,,201,28,9967,15078,1824,2520,548160,274080,11.0197,1.1111,1.8183,5.5013,2965741,21649909.3,,7.3,,,,,,,,
config_CIN32_HIN56_WIN28_COUT32_K1_UFCIN4_UFCOU4_PAD1_STRIDE1_BIASTrue_group_conv2d_GROUPS4_ACTIVATIONrelu_ap_fixed_16_5_,conv,vitis,csynth,,201,25,8079,13529,1824,2520,548160,274080,11.0197,0.9921,1.4738,4.9362,5697747,41593553.1,,7.3,,,,,,,,
config_CIN32_HIN56_WIN28_COUT32_K1_UFCIN4_UFCOU4_PAD1_STRIDE1_BIASTrue_group_conv2d_GROUPS4_ACTIVATIONsigmoid_ap_fixed_16_5_,conv,vitis,csynth,,201,28,9970,15081,1824,2520,548160,274080,11.0197,1.1111,1.8188,5.5024,5697777,41593772.1,,7.3,,,,,,,,
config_CIN32_HIN56_WIN28_COUT32_K1_UFCIN4_UFCOU8_PAD1_STRIDE1_BIASFalse_conv2d_ACTIVATIONrelu_ap_fixed_16_5_,conv,vitis,csynth,,185,41,7018,12806,1824,2520,548160,274080,10.1425,1.627,1.2803,4.6724,912346,6660125.8,,7.3,,,,,,,,
config_CIN32_HIN56_WIN28_COUT32_K1_UFCIN4_UFCOU8_PAD1_STRIDE1_BIASFalse_conv2d_ACTIVATIONsigmoid_ap_fixed_16_5_,conv,vitis,csynth,,185,44,8909,14358,1824,2520,548160,274080,10.1425,1.746,1.6253,5.2386,912376,6660344.8,,7.3,,,,,,,,
config_CIN32_HIN56_WIN28_COUT32_K1_UFCIN4_UFCOU8_PAD1_STRIDE1_BIASFalse_group_conv2d_GROUPS2_ACTIVATIONrelu_ap_fixed_16_5_,conv,vitis,csynth,,185,41,10245,16862,1824,2520,548160,274080,10.1425,1.627,1.869,6.1522,2067826,15095129.799999999,,7.3,,,,,,,,
config_CIN32_HIN56_WIN28_COUT32_K1_UFCIN4_UFCOU8_PAD1_STRIDE1_BIASFalse_group_conv2d_GROUPS2_ACTIVATIONsigmoid_ap_fixed_16_5_,conv,vitis,csynth,,185,44,12136,18414,1824,2520,548160,274080,10.1425,1.746,2.214,6.7185,2067856,15095348.799999999,,7.3,,,,,,,,
config_CIN32_HIN56_WIN28_COUT32_K1_UFCIN4_UFCOU8_PAD1_STRIDE1_BIASFalse_group_conv2d_GROUPS4_ACTIVATIONrelu_ap_fixed_16_5_,conv,vitis,csynth,,185,37,7773,12057,1824,2520,548160,274080,10.1425,1.4683,1.418,4.3991,540342,3944496.6,,7.3,,,,,,,,
config_CIN32_HIN56_WIN28_COUT32_K1_UFCIN4_UFCOU8_PAD1_STRIDE1_BIASFalse_group_conv2d_GROUPS4_ACTIVATIONsigmoid_ap_fixed_16_5_,conv,vitis,csynth,,185,40,9664,13609,1824,2520,548160,274080,10.1425,1.5873,1.763,4.9653,540372,3944715.6,,7.3,,,,,,,,
config_CIN32_HIN56_WIN28_COUT32_K1_UFCIN4_UFCOU8_PAD1_STRIDE1_BIASTrue_conv2d_ACTIVATIONrelu_ap_fixed_16_5_,conv,vitis,csynth,,185,41,7261,13258,1824,2520,548160,274080,10.1425,1.627,1.3246,4.8373,912391,6660454.3,,7.3,,,,,,,,
config_CIN32_HIN56_WIN28_COUT32_K1_UFCIN4_UFCOU8_PAD1_STRIDE1_BIASTrue_conv2d_ACTIVATIONsigmoid_ap_fixed_16_5_,conv,vitis,csynth,,185,44,9152,14810,1824,2520,548160,274080,10.1425,1.746,1.6696,5.4035,912421,6660673.3,,7.3,,,,,,,,
config_CIN32_HIN56_WIN28_COUT32_K1_UFCIN4_UFCOU8_PAD1_STRIDE1_BIASTrue_group_conv2d_GROUPS2_ACTIVATIONrelu_ap_fixed_16_5_,conv,vitis,csynth,,185,41,10488,17314,1824,2520,548160,274080,10.1425,1.627,1.9133,6.3171,2067871,15095458.299999999,,7.3,,,,,,,,
config_CIN32_HIN56_WIN28_COUT32_K1_UFCIN4_UFCOU8_PAD1_STRIDE1_BIASTrue_group_conv2d_GROUPS2_ACTIVATIONsigmoid_ap_fixed_16_5_,conv,vitis,csynth,,185,44,12379,18866,1824,2520,548160,274080,10.1425,1.746,2.2583,6.8834,2067901,15095677.299999999,,7.3,,,,,,,,
config_CIN32_HIN56_WIN28_COUT32_K1_UFCIN4_UFCOU8_PAD1_STRIDE1_BIASTrue_group_conv2d_GROUPS4_ACTIVATIONrelu_ap_fixed_16_5_,conv,vitis,csynth,,185,37,8016,12509,1824,2520,548160,274080,10.1425,1.4683,1.4623,4.564,540387,3944825.1,,7.3,,,,,,,,
config_CIN32_HIN56_WIN28_COUT32_K1_UFCIN4_UFCOU8_PAD1_STRIDE1_BIASTrue_group_conv2d_GROUPS4_ACTIVATIONsigmoid_ap_fixed_16_5_,conv,vitis,csynth,,185,40,9907,14061,1824,2520,548160,274080,10.1425,1.5873,1.8073,5.1303,540417,3945044.1,,7.3,,,,,,,,
config_CIN32_HIN56_WIN28_COUT32_K1_UFCIN8_UFCOU1_PAD1_STRIDE1_BIASFalse_conv2d_ACTIVATIONrelu_ap_fixed_16_5_,conv,vitis,csynth,,183,12,6106,10646,1824,2520,548160,274080,10.0329,0.4762,1.1139,3.8843,2457466,17939501.8,,7.3,,,,,,,,
config_CIN32_HIN56_WIN28_COUT32_K1_UFCIN8_UFCOU1_PAD1_STRIDE1_BIASFalse_conv2d_ACTIVATIONsigmoid_ap_fixed_16_5_,conv,vitis,csynth,,183,15,7874,12134,1824,2520,548160,274080,10.0329,0.5952,1.4364,4.4272,2457496,17939720.8,,7.3,,,,,,,,
config_CIN32_HIN56_WIN28_COUT32_K1_UFCIN8_UFCOU1_PAD1_STRIDE1_BIASFalse_group_conv2d_GROUPS2_ACTIVATIONrelu_ap_fixed_16_5_,conv,vitis,csynth,,183,20,6261,10640,1824,2520,548160,274080,10.0329,0.7937,1.1422,3.8821,4803106,35062673.8,,7.3,,,,,,,,
config_CIN32_HIN56_WIN28_COUT32_K1_UFCIN8_UFCOU1_PAD1_STRIDE1_BIASFalse_group_conv2d_GROUPS2_ACTIVATIONsigmoid_ap_fixed_16_5_,conv,vitis,csynth,,183,23,8029,12128,1824,2520,548160,274080,10.0329,0.9127,1.4647,4.425,4803136,35062892.8,,7.3,,,,,,,,
config_CIN32_HIN56_WIN28_COUT32_K1_UFCIN8_UFCOU1_PAD1_STRIDE1_BIASFalse_group_conv2d_GROUPS4_ACTIVATIONrelu_ap_fixed_16_5_,conv,vitis,csynth,,183,20,6273,10643,1824,2520,548160,274080,10.0329,0.7937,1.1444,3.8832,9330822,68115000.6,,7.3,,,,,,,,
config_CIN32_HIN56_WIN28_COUT32_K1_UFCIN8_UFCOU1_PAD1_STRIDE1_BIASFalse_group_conv2d_GROUPS4_ACTIVATIONsigmoid_ap_fixed_16_5_,conv,vitis,csynth,,183,23,8041,12131,1824,2520,548160,274080,10.0329,0.9127,1.4669,4.4261,9330852,68115219.6,,7.3,,,,,,,,
config_CIN32_HIN56_WIN28_COUT32_K1_UFCIN8_UFCOU1_PAD1_STRIDE1_BIASTrue_conv2d_ACTIVATIONrelu_ap_fixed_16_5_,conv,vitis,csynth,,183,12,6247,10839,1824,2520,548160,274080,10.0329,0.4762,1.1396,3.9547,2457511,17939830.3,,7.3,,,,,,,,
config_CIN32_HIN56_WIN28_COUT32_K1_UFCIN8_UFCOU1_PAD1_STRIDE1_BIASTrue_conv2d_ACTIVATIONsigmoid_ap_fixed_16_5_,conv,vitis,csynth,,183,15,8015,12327,1824,2520,548160,274080,10.0329,0.5952,1.4622,4.4976,2457541,17940049.3,,7.3,,,,,,,,
config_CIN32_HIN56_WIN28_COUT32_K1_UFCIN8_UFCOU1_PAD1_STRIDE1_BIASTrue_group_conv2d_GROUPS2_ACTIVATIONrelu_ap_fixed_16_5_,conv,vitis,csynth,,183,20,6402,10833,1824,2520,548160,274080,10.0329,0.7937,1.1679,3.9525,4803151,35063002.3,,7.3,,,,,,,,
config_CIN32_HIN56_WIN28_COUT32_K1_UFCIN8_UFCOU1_PAD1_STRIDE1_BIASTrue_group_conv2d_GROUPS2_ACTIVATIONsigmoid_ap_fixed_16_5_,conv,vitis,csynth,,183,23,8170,12321,1824,2520,548160,274080,10.0329,0.9127,1.4904,4.4954,4803181,35063221.3,,7.3,,,,,,,,
config_CIN32_HIN56_WIN28_COUT32_K1_UFCIN8_UFCOU1_PAD1_STRIDE1_BIASTrue_group_conv2d_GROUPS4_ACTIVATIONrelu_ap_fixed_16_5_,conv,vitis,csynth,,183,20,6414,10836,1824,2520,548160,274080,10.0329,0.7937,1.1701,3.9536,9330867,68115329.1,,7.3,,,,,,,,
config_CIN32_HIN56_WIN28_COUT32_K1_UFCIN8_UFCOU1_PAD1_STRIDE1_BIASTrue_group_conv2d_GROUPS4_ACTIVATIONsigmoid_ap_fixed_16_5_,conv,vitis,csynth,,183,23,8182,12324,1824,2520,548160,274080,10.0329,0.9127,1.4926,4.4965,9330897,68115548.1,,7.3,,,,,,,,
config_CIN32_HIN56_WIN28_COUT32_K1_UFCIN8_UFCOU4_PAD1_STRIDE1_BIASFalse_conv2d_ACTIVATIONrelu_ap_fixed_16_5_,conv,vitis,csynth,,185,45,7415,12772,1824,2520,548160,274080,10.1425,1.7857,1.3527,4.66,1135066,8285981.8,,7.3,,,,,,,,
config_CIN32_HIN56_WIN28_COUT32_K1_UFCIN8_UFCOU4_PAD1_STRIDE1_BIASFalse_conv2d_ACTIVATIONsigmoid_ap_fixed_16_5_,conv,vitis,csynth,,185,48,9306,14324,1824,2520,548160,274080,10.1425,1.9048,1.6977,5.2262,1135096,8286200.8,,7.3,,,,,,,,
config_CIN32_HIN56_WIN28_COUT32_K1_UFCIN8_UFCOU4_PAD1_STRIDE1_BIASFalse_group_conv2d_GROUPS2_ACTIVATIONrelu_ap_fixed_16_5_,conv,vitis,csynth,,185,45,10912,17488,1824,2520,548160,274080,10.1425,1.7857,1.9907,6.3806,2979586,21750977.8,,7.3,,,,,,,,
config_CIN32_HIN56_WIN28_COUT32_K1_UFCIN8_UFCOU4_PAD1_STRIDE1_BIASFalse_group_conv2d_GROUPS2_ACTIVATIONsigmoid_ap_fixed_16_5_,conv,vitis,csynth,,185,48,12803,19040,1824,2520,548160,274080,10.1425,1.9048,2.3356,6.9469,2979616,21751196.8,,7.3,,,,,,,,
config_CIN32_HIN56_WIN28_COUT32_K1_UFCIN8_UFCOU4_PAD1_STRIDE1_BIASFalse_group_conv2d_GROUPS4_ACTIVATIONrelu_ap_fixed_16_5_,conv,vitis,csynth,,185,45,10924,17491,1824,2520,548160,274080,10.1425,1.7857,1.9928,6.3817,5725542,41796456.6,,7.3,,,,,,,,
config_CIN32_HIN56_WIN28_COUT32_K1_UFCIN8_UFCOU4_PAD1_STRIDE1_BIASFalse_group_conv2d_GROUPS4_ACTIVATIONsigmoid_ap_fixed_16_5_,conv,vitis,csynth,,185,48,12815,19043,1824,2520,548160,274080,10.1425,1.9048,2.3378,6.948,5725572,41796675.6,,7.3,,,,,,,,
config_CIN32_HIN56_WIN28_COUT32_K1_UFCIN8_UFCOU4_PAD1_STRIDE1_BIASTrue_conv2d_ACTIVATIONrelu_ap_fixed_16_5_,conv,vitis,csynth,,185,45,7596,13076,1824,2520,548160,274080,10.1425,1.7857,1.3857,4.7709,1135111,8286310.3,,7.3,,,,,,,,
config_CIN32_HIN56_WIN28_COUT32_K1_UFCIN8_UFCOU4_PAD1_STRIDE1_BIASTrue_conv2d_ACTIVATIONsigmoid_ap_fixed_16_5_,conv,vitis,csynth,,185,48,9487,14628,1824,2520,548160,274080,10.1425,1.9048,1.7307,5.3371,1135141,8286529.3,,7.3,,,,,,,,
config_CIN32_HIN56_WIN28_COUT32_K1_UFCIN8_UFCOU4_PAD1_STRIDE1_BIASTrue_group_conv2d_GROUPS2_ACTIVATIONrelu_ap_fixed_16_5_,conv,vitis,csynth,,185,45,11093,17792,1824,2520,548160,274080,10.1425,1.7857,2.0237,6.4915,2979631,21751306.3,,7.3,,,,,,,,
config_CIN32_HIN56_WIN28_COUT32_K1_UFCIN8_UFCOU4_PAD1_STRIDE1_BIASTrue_group_conv2d_GROUPS2_ACTIVATIONsigmoid_ap_fixed_16_5_,conv,vitis,csynth,,185,48,12984,19344,1824,2520,548160,274080,10.1425,1.9048,2.3687,7.0578,2979661,21751525.3,,7.3,,,,,,,,
config_CIN32_HIN56_WIN28_COUT32_K1_UFCIN8_UFCOU4_PAD1_STRIDE1_BIASTrue_group_conv2d_GROUPS4_ACTIVATIONrelu_ap_fixed_16_5_,conv,vitis,csynth,,185,45,11105,17795,1824,2520,548160,274080,10.1425,1.7857,2.0259,6.4926,5725587,41796785.1,,7.3,,,,,,,,
config_CIN32_HIN56_WIN28_COUT32_K1_UFCIN8_UFCOU4_PAD1_STRIDE1_BIASTrue_group_conv2d_GROUPS4_ACTIVATIONsigmoid_ap_fixed_16_5_,conv,vitis,csynth,,185,48,12996,19347,1824,2520,548160,274080,10.1425,1.9048,2.3708,7.0589,5725617,41797004.1,,7.3,,,,,,,,
config_CIN32_HIN56_WIN28_COUT32_K1_UFCIN8_UFCOU8_PAD1_STRIDE1_BIASFalse_conv2d_ACTIVATIONrelu_ap_fixed_16_5_,conv,vitis,csynth,,185,77,8686,15632,1824,2520,548160,274080,10.1425,3.0556,1.5846,5.7034,905386,6609317.8,,7.3,,,,,,,,
config_CIN32_HIN56_WIN28_COUT32_K1_UFCIN8_UFCOU8_PAD1_STRIDE1_BIASFalse_conv2d_ACTIVATIONsigmoid_ap_fixed_16_5_,conv,vitis,csynth,,185,80,10577,17184,1824,2520,548160,274080,10.1425,3.1746,1.9295,6.2697,905416,6609536.8,,7.3,,,,,,,,
config_CIN32_HIN56_WIN28_COUT32_K1_UFCIN8_UFCOU8_PAD1_STRIDE1_BIASFalse_group_conv2d_GROUPS2_ACTIVATIONrelu_ap_fixed_16_5_,conv,vitis,csynth,,185,77,15091,23712,1824,2520,548160,274080,10.1425,3.0556,2.753,8.6515,2081746,15196745.799999999,,7.3,,,,,,,,
config_CIN32_HIN56_WIN28_COUT32_K1_UFCIN8_UFCOU8_PAD1_STRIDE1_BIASFalse_group_conv2d_GROUPS2_ACTIVATIONsigmoid_ap_fixed_16_5_,conv,vitis,csynth,,185,80,16982,25264,1824,2520,548160,274080,10.1425,3.1746,3.098,9.2177,2081776,15196964.799999999,,7.3,,,,,,,,
config_CIN32_HIN56_WIN28_COUT32_K1_UFCIN8_UFCOU8_PAD1_STRIDE1_BIASFalse_group_conv2d_GROUPS4_ACTIVATIONrelu_ap_fixed_16_5_,conv,vitis,csynth,,185,69,9269,13184,1824,2520,548160,274080,10.1425,2.7381,1.6909,4.8103,310666,2267861.8,,7.3,,,,,,,,
config_CIN32_HIN56_WIN28_COUT32_K1_UFCIN8_UFCOU8_PAD1_STRIDE1_BIASFalse_group_conv2d_GROUPS4_ACTIVATIONsigmoid_ap_fixed_16_5_,conv,vitis,csynth,,185,72,11160,14736,1824,2520,548160,274080,10.1425,2.8571,2.0359,5.3765,310696,2268080.8,,7.3,,,,,,,,
config_CIN32_HIN56_WIN28_COUT32_K1_UFCIN8_UFCOU8_PAD1_STRIDE1_BIASTrue_conv2d_ACTIVATIONrelu_ap_fixed_16_5_,conv,vitis,csynth,,185,77,8929,16084,1824,2520,548160,274080,10.1425,3.0556,1.6289,5.8684,905431,6609646.3,,7.3,,,,,,,,
config_CIN32_HIN56_WIN28_COUT32_K1_UFCIN8_UFCOU8_PAD1_STRIDE1_BIASTrue_conv2d_ACTIVATIONsigmoid_ap_fixed_16_5_,conv,vitis,csynth,,185,80,10820,17636,1824,2520,548160,274080,10.1425,3.1746,1.9739,6.4346,905461,6609865.3,,7.3,,,,,,,,
config_CIN32_HIN56_WIN28_COUT32_K1_UFCIN8_UFCOU8_PAD1_STRIDE1_BIASTrue_group_conv2d_GROUPS2_ACTIVATIONrelu_ap_fixed_16_5_,conv,vitis,csynth,,185,77,15334,24164,1824,2520,548160,274080,10.1425,3.0556,2.7974,8.8164,2081791,15197074.299999999,,7.3,,,,,,,,
config_CIN32_HIN56_WIN28_COUT32_K1_UFCIN8_UFCOU8_PAD1_STRIDE1_BIASTrue_group_conv2d_GROUPS2_ACTIVATIONsigmoid_ap_fixed_16_5_,conv,vitis,csynth,,185,80,17225,25716,1824,2520,548160,274080,10.1425,3.1746,3.1423,9.3827,2081821,15197293.299999999,,7.3,,,,,,,,
config_CIN32_HIN56_WIN28_COUT32_K1_UFCIN8_UFCOU8_PAD1_STRIDE1_BIASTrue_group_conv2d_GROUPS4_ACTIVATIONrelu_ap_fixed_16_5_,conv,vitis,csynth,,185,69,9512,13636,1824,2520,548160,274080,10.1425,2.7381,1.7353,4.9752,310711,2268190.3,,7.3,,,,,,,,
config_CIN32_HIN56_WIN28_COUT32_K1_UFCIN8_UFCOU8_PAD1_STRIDE1_BIASTrue_group_conv2d_GROUPS4_ACTIVATIONsigmoid_ap_fixed_16_5_,conv,vitis,csynth,,185,72,11403,15188,1824,2520,548160,274080,10.1425,2.8571,2.0802,5.5414,310741,2268409.3,,7.3,,,,,,,,
config_CIN32_HIN56_WIN28_COUT32_K3_UFCIN1_UFCOU1_PAD1_STRIDE1_BIASFalse_conv2d_ACTIVATIONrelu_ap_fixed_16_5_,conv,vitis,csynth,,173,2,5100,9226,1824,2520,548160,274080,9.4846,0.0794,0.9304,3.3662,14773639,107847564.7,,7.3,,,,,,,,
config_CIN32_HIN56_WIN28_COUT32_K3_UFCIN1_UFCOU1_PAD1_STRIDE1_BIASFalse_conv2d_ACTIVATIONsigmoid_ap_fixed_16_5_,conv,vitis,csynth,,173,5,6803,10679,1824,2520,548160,274080,9.4846,0.1984,1.2411,3.8963,14773668,107847776.39999999,,7.3,,,,,,,,
config_CIN32_HIN56_WIN28_COUT32_K3_UFCIN1_UFCOU1_PAD1_STRIDE1_BIASFalse_group_conv2d_GROUPS2_ACTIVATIONrelu_ap_fixed_16_5_,conv,vitis,csynth,,173,6,5512,9896,1824,2520,548160,274080,9.4846,0.2381,1.0055,3.6106,58208925,424925152.5,,7.3,,,,,,,,
config_CIN32_HIN56_WIN28_COUT32_K3_UFCIN1_UFCOU1_PAD1_STRIDE1_BIASFalse_group_conv2d_GROUPS2_ACTIVATIONsigmoid_ap_fixed_16_5_,conv,vitis,csynth,,173,9,7215,11349,1824,2520,548160,274080,9.4846,0.3571,1.3162,4.1408,58208954,424925364.2,,7.3,,,,,,,,
config_CIN32_HIN56_WIN28_COUT32_K3_UFCIN1_UFCOU1_PAD1_STRIDE1_BIASFalse_group_conv2d_GROUPS4_ACTIVATIONrelu_ap_fixed_16_5_,conv,vitis,csynth,,173,6,5515,9899,1824,2520,548160,274080,9.4846,0.2381,1.0061,3.6117,116206339,848306274.6999999,,7.3,,,,,,,,
config_CIN32_HIN56_WIN28_COUT32_K3_UFCIN1_UFCOU1_PAD1_STRIDE1_BIASFalse_group_conv2d_GROUPS4_ACTIVATIONsigmoid_ap_fixed_16_5_,conv,vitis,csynth,,173,9,7218,11352,1824,2520,548160,274080,9.4846,0.3571,1.3168,4.1419,116206368,848306486.4,,7.3,,,,,,,,
config_CIN32_HIN56_WIN28_COUT32_K3_UFCIN1_UFCOU1_PAD1_STRIDE1_BIASTrue_conv2d_ACTIVATIONrelu_ap_fixed_16_5_,conv,vitis,csynth,,173,2,5238,9425,1824,2520,548160,274080,9.4846,0.0794,0.9556,3.4388,14823731,108213236.3,,7.3,,,,,,,,
config_CIN32_HIN56_WIN28_COUT32_K3_UFCIN1_UFCOU1_PAD1_STRIDE1_BIASTrue_conv2d_ACTIVATIONsigmoid_ap_fixed_16_5_,conv,vitis,csynth,,173,5,6941,10878,1824,2520,548160,274080,9.4846,0.1984,1.2662,3.9689,14823760,108213448.0,,7.3,,,,,,,,
config_CIN32_HIN56_WIN28_COUT32_K3_UFCIN1_UFCOU1_PAD1_STRIDE1_BIASTrue_group_conv2d_GROUPS2_ACTIVATIONrelu_ap_fixed_16_5_,conv,vitis,csynth,,173,6,5650,10095,1824,2520,548160,274080,9.4846,0.2381,1.0307,3.6832,58259017,425290824.09999996,,7.3,,,,,,,,
config_CIN32_HIN56_WIN28_COUT32_K3_UFCIN1_UFCOU1_PAD1_STRIDE1_BIASTrue_group_conv2d_GROUPS2_ACTIVATIONsigmoid_ap_fixed_16_5_,conv,vitis,csynth,,173,9,7353,11547,1824,2520,548160,274080,9.4846,0.3571,1.3414,4.213,58259046,425291035.8,,7.3,,,,,,,,
config_CIN32_HIN56_WIN28_COUT32_K3_UFCIN1_UFCOU1_PAD1_STRIDE1_BIASTrue_group_conv2d_GROUPS4_ACTIVATIONrelu_ap_fixed_16_5_,conv,vitis,csynth,,173,6,5653,10098,1824,2520,548160,274080,9.4846,0.2381,1.0313,3.6843,116256431,848671946.3,,7.3,,,,,,,,
config_CIN32_HIN56_WIN28_COUT32_K3_UFCIN1_UFCOU1_PAD1_STRIDE1_BIASTrue_group_conv2d_GROUPS4_ACTIVATIONsigmoid_ap_fixed_16_5_,conv,vitis,csynth,,173,9,7356,11550,1824,2520,548160,274080,9.4846,0.3571,1.3419,4.2141,116256460,848672158.0,,7.3,,,,,,,,
config_CIN32_HIN56_WIN28_COUT32_K3_UFCIN1_UFCOU4_PAD1_STRIDE1_BIASFalse_conv2d_ACTIVATIONrelu_ap_fixed_16_5_,conv,vitis,csynth,,187,5,5242,10046,1824,2520,548160,274080,10.2522,0.1984,0.9563,3.6654,3948039,28820684.7,,7.3,,,,,,,,
config_CIN32_HIN56_WIN28_COUT32_K3_UFCIN1_UFCOU4_PAD1_STRIDE1_BIASFalse_conv2d_ACTIVATIONsigmoid_ap_fixed_16_5_,conv,vitis,csynth,,187,8,7137,11591,1824,2520,548160,274080,10.2522,0.3175,1.302,4.2291,3948068,28820896.4,,7.3,,,,,,,,
config_CIN32_HIN56_WIN28_COUT32_K3_UFCIN1_UFCOU4_PAD1_STRIDE1_BIASFalse_group_conv2d_GROUPS2_ACTIVATIONrelu_ap_fixed_16_5_,conv,vitis,csynth,,187,21,6070,11253,1824,2520,548160,274080,10.2522,0.8333,1.1073,4.1057,14869277,108545722.1,,7.3,,,,,,,,
config_CIN32_HIN56_WIN28_COUT32_K3_UFCIN1_UFCOU4_PAD1_STRIDE1_BIASFalse_group_conv2d_GROUPS2_ACTIVATIONsigmoid_ap_fixed_16_5_,conv,vitis,csynth,,187,24,7965,12798,1824,2520,548160,274080,10.2522,0.9524,1.453,4.6694,14869306,108545933.8,,7.3,,,,,,,,
config_CIN32_HIN56_WIN28_COUT32_K3_UFCIN1_UFCOU4_PAD1_STRIDE1_BIASFalse_group_conv2d_GROUPS4_ACTIVATIONrelu_ap_fixed_16_5_,conv,vitis,csynth,,187,21,6073,11256,1824,2520,548160,274080,10.2522,0.8333,1.1079,4.1068,29514627,215456777.1,,7.3,,,,,,,,
config_CIN32_HIN56_WIN28_COUT32_K3_UFCIN1_UFCOU4_PAD1_STRIDE1_BIASFalse_group_conv2d_GROUPS4_ACTIVATIONsigmoid_ap_fixed_16_5_,conv,vitis,csynth,,187,24,7968,12801,1824,2520,548160,274080,10.2522,0.9524,1.4536,4.6705,29514656,215456988.79999998,,7.3,,,,,,,,
config_CIN32_HIN56_WIN28_COUT32_K3_UFCIN1_UFCOU4_PAD1_STRIDE1_BIASTrue_conv2d_ACTIVATIONrelu_ap_fixed_16_5_,conv,vitis,csynth,,187,5,5422,10373,1824,2520,548160,274080,10.2522,0.1984,0.9891,3.7847,3948084,28821013.2,,7.3,,,,,,,,
config_CIN32_HIN56_WIN28_COUT32_K3_UFCIN1_UFCOU4_PAD1_STRIDE1_BIASTrue_conv2d_ACTIVATIONsigmoid_ap_fixed_16_5_,conv,vitis,csynth,,187,8,7317,11922,1824,2520,548160,274080,10.2522,0.3175,1.3348,4.3498,3948113,28821224.9,,7.3,,,,,,,,
config_CIN32_HIN56_WIN28_COUT32_K3_UFCIN1_UFCOU4_PAD1_STRIDE1_BIASTrue_group_conv2d_GROUPS2_ACTIVATIONrelu_ap_fixed_16_5_,conv,vitis,csynth,,187,21,6250,11580,1824,2520,548160,274080,10.2522,0.8333,1.1402,4.225,14869322,108546050.6,,7.3,,,,,,,,
config_CIN32_HIN56_WIN28_COUT32_K3_UFCIN1_UFCOU4_PAD1_STRIDE1_BIASTrue_group_conv2d_GROUPS2_ACTIVATIONsigmoid_ap_fixed_16_5_,conv,vitis,csynth,,187,24,8145,13129,1824,2520,548160,274080,10.2522,0.9524,1.4859,4.7902,14869351,108546262.3,,7.3,,,,,,,,
config_CIN32_HIN56_WIN28_COUT32_K3_UFCIN1_UFCOU4_PAD1_STRIDE1_BIASTrue_group_conv2d_GROUPS4_ACTIVATIONrelu_ap_fixed_16_5_,conv,vitis,csynth,,187,21,6253,11583,1824,2520,548160,274080,10.2522,0.8333,1.1407,4.2261,29514672,215457105.6,,7.3,,,,,,,,
config_CIN32_HIN56_WIN28_COUT32_K3_UFCIN1_UFCOU4_PAD1_STRIDE1_BIASTrue_group_conv2d_GROUPS4_ACTIVATIONsigmoid_ap_fixed_16_5_,conv,vitis,csynth,,187,24,8148,13132,1824,2520,548160,274080,10.2522,0.9524,1.4864,4.7913,29514701,215457317.29999998,,7.3,,,,,,,,
config_CIN32_HIN56_WIN28_COUT32_K3_UFCIN1_UFCOU8_PAD1_STRIDE1_BIASFalse_conv2d_ACTIVATIONrelu_ap_fixed_16_5_,conv,vitis,csynth,,187,9,5334,10863,1824,2520,548160,274080,10.2522,0.3571,0.9731,3.9634,2135431,15588646.299999999,,7.3,,,,,,,,
config_CIN32_HIN56_WIN28_COUT32_K3_UFCIN1_UFCOU8_PAD1_STRIDE1_BIASFalse_conv2d_ACTIVATIONsigmoid_ap_fixed_16_5_,conv,vitis,csynth,,187,12,7229,12408,1824,2520,548160,274080,10.2522,0.4762,1.3188,4.5271,2135460,15588858.0,,7.3,,,,,,,,
config_CIN32_HIN56_WIN28_COUT32_K3_UFCIN1_UFCOU8_PAD1_STRIDE1_BIASFalse_group_conv2d_GROUPS2_ACTIVATIONrelu_ap_fixed_16_5_,conv,vitis,csynth,,187,21,6549,12474,1824,2520,548160,274080,10.2522,0.8333,1.1947,4.5512,7637661,55754925.3,,7.3,,,,,,,,
config_CIN32_HIN56_WIN28_COUT32_K3_UFCIN1_UFCOU8_PAD1_STRIDE1_BIASFalse_group_conv2d_GROUPS2_ACTIVATIONsigmoid_ap_fixed_16_5_,conv,vitis,csynth,,187,24,8444,14019,1824,2520,548160,274080,10.2522,0.9524,1.5404,5.1149,7637690,55755137.0,,7.3,,,,,,,,
config_CIN32_HIN56_WIN28_COUT32_K3_UFCIN1_UFCOU8_PAD1_STRIDE1_BIASFalse_group_conv2d_GROUPS4_ACTIVATIONrelu_ap_fixed_16_5_,conv,vitis,csynth,,187,9,5787,10935,1824,2520,548160,274080,10.2522,0.3571,1.0557,3.9897,2582655,18853381.5,,7.3,,,,,,,,
config_CIN32_HIN56_WIN28_COUT32_K3_UFCIN1_UFCOU8_PAD1_STRIDE1_BIASFalse_group_conv2d_GROUPS4_ACTIVATIONsigmoid_ap_fixed_16_5_,conv,vitis,csynth,,187,12,7682,12480,1824,2520,548160,274080,10.2522,0.4762,1.4014,4.5534,2582684,18853593.2,,7.3,,,,,,,,
config_CIN32_HIN56_WIN28_COUT32_K3_UFCIN1_UFCOU8_PAD1_STRIDE1_BIASTrue_conv2d_ACTIVATIONrelu_ap_fixed_16_5_,conv,vitis,csynth,,187,9,5577,11338,1824,2520,548160,274080,10.2522,0.3571,1.0174,4.1367,2135476,15588974.799999999,,7.3,,,,,,,,
config_CIN32_HIN56_WIN28_COUT32_K3_UFCIN1_UFCOU8_PAD1_STRIDE1_BIASTrue_conv2d_ACTIVATIONsigmoid_ap_fixed_16_5_,conv,vitis,csynth,,187,12,7472,12887,1824,2520,548160,274080,10.2522,0.4762,1.3631,4.7019,2135505,15589186.5,,7.3,,,,,,,,
config_CIN32_HIN56_WIN28_COUT32_K3_UFCIN1_UFCOU8_PAD1_STRIDE1_BIASTrue_group_conv2d_GROUPS2_ACTIVATIONrelu_ap_fixed_16_5_,conv,vitis,csynth,,187,21,6792,12949,1824,2520,548160,274080,10.2522,0.8333,1.2391,4.7245,7637706,55755253.8,,7.3,,,,,,,,
config_CIN32_HIN56_WIN28_COUT32_K3_UFCIN1_UFCOU8_PAD1_STRIDE1_BIASTrue_group_conv2d_GROUPS2_ACTIVATIONsigmoid_ap_fixed_16_5_,conv,vitis,csynth,,187,24,8687,14498,1824,2520,548160,274080,10.2522,0.9524,1.5848,5.2897,7637735,55755465.5,,7.3,,,,,,,,
config_CIN32_HIN56_WIN28_COUT32_K3_UFCIN1_UFCOU8_PAD1_STRIDE1_BIASTrue_group_conv2d_GROUPS4_ACTIVATIONrelu_ap_fixed_16_5_,conv,vitis,csynth,,187,9,6030,11410,1824,2520,548160,274080,10.2522,0.3571,1.1,4.163,2582700,18853710.0,,7.3,,,,,,,,
config_CIN32_HIN56_WIN28_COUT32_K3_UFCIN1_UFCOU8_PAD1_STRIDE1_BIASTrue_group_conv2d_GROUPS4_ACTIVATIONsigmoid_ap_fixed_16_5_,conv,vitis,csynth,,187,12,7925,12959,1824,2520,548160,274080,10.2522,0.4762,1.4457,4.7282,2582729,18853921.7,,7.3,,,,,,,,
config_CIN32_HIN56_WIN28_COUT32_K3_UFCIN4_UFCOU1_PAD1_STRIDE1_BIASFalse_conv2d_ACTIVATIONrelu_ap_fixed_16_5_,conv,vitis,csynth,,187,5,5514,10136,1824,2520,548160,274080,10.2522,0.1984,1.0059,3.6982,18027111,131597910.3,,7.3,,,,,,,,
config_CIN32_HIN56_WIN28_COUT32_K3_UFCIN4_UFCOU1_PAD1_STRIDE1_BIASFalse_conv2d_ACTIVATIONsigmoid_ap_fixed_16_5_,conv,vitis,csynth,,187,8,7217,11585,1824,2520,548160,274080,10.2522,0.3175,1.3166,4.2269,18027140,131598122.0,,7.3,,,,,,,,
config_CIN32_HIN56_WIN28_COUT32_K3_UFCIN4_UFCOU1_PAD1_STRIDE1_BIASFalse_group_conv2d_GROUPS2_ACTIVATIONrelu_ap_fixed_16_5_,conv,vitis,csynth,,187,5,5664,10364,1824,2520,548160,274080,10.2522,0.1984,1.0333,3.7814,35990235,262728715.5,,7.3,,,,,,,,
config_CIN32_HIN56_WIN28_COUT32_K3_UFCIN4_UFCOU1_PAD1_STRIDE1_BIASFalse_group_conv2d_GROUPS2_ACTIVATIONsigmoid_ap_fixed_16_5_,conv,vitis,csynth,,187,8,7367,11813,1824,2520,548160,274080,10.2522,0.3175,1.344,4.3101,35990264,262728927.2,,7.3,,,,,,,,
config_CIN32_HIN56_WIN28_COUT32_K3_UFCIN4_UFCOU1_PAD1_STRIDE1_BIASFalse_group_conv2d_GROUPS4_ACTIVATIONrelu_ap_fixed_16_5_,conv,vitis,csynth,,187,5,5667,10367,1824,2520,548160,274080,10.2522,0.1984,1.0338,3.7825,71718911,523548050.3,,7.3,,,,,,,,
config_CIN32_HIN56_WIN28_COUT32_K3_UFCIN4_UFCOU1_PAD1_STRIDE1_BIASFalse_group_conv2d_GROUPS4_ACTIVATIONsigmoid_ap_fixed_16_5_,conv,vitis,csynth,,187,8,7370,11816,1824,2520,548160,274080,10.2522,0.3175,1.3445,4.3112,71718940,523548262.0,,7.3,,,,,,,,
config_CIN32_HIN56_WIN28_COUT32_K3_UFCIN4_UFCOU1_PAD1_STRIDE1_BIASTrue_conv2d_ACTIVATIONrelu_ap_fixed_16_5_,conv,vitis,csynth,,187,5,5652,10334,1824,2520,548160,274080,10.2522,0.1984,1.0311,3.7704,18027156,131598238.8,,7.3,,,,,,,,
config_CIN32_HIN56_WIN28_COUT32_K3_UFCIN4_UFCOU1_PAD1_STRIDE1_BIASTrue_conv2d_ACTIVATIONsigmoid_ap_fixed_16_5_,conv,vitis,csynth,,187,8,7355,11787,1824,2520,548160,274080,10.2522,0.3175,1.3418,4.3006,18027185,131598450.5,,7.3,,,,,,,,
config_CIN32_HIN56_WIN28_COUT32_K3_UFCIN4_UFCOU1_PAD1_STRIDE1_BIASTrue_group_conv2d_GROUPS2_ACTIVATIONrelu_ap_fixed_16_5_,conv,vitis,csynth,,187,5,5802,10562,1824,2520,548160,274080,10.2522,0.1984,1.0585,3.8536,35990280,262729044.0,,7.3,,,,,,,,
config_CIN32_HIN56_WIN28_COUT32_K3_UFCIN4_UFCOU1_PAD1_STRIDE1_BIASTrue_group_conv2d_GROUPS2_ACTIVATIONsigmoid_ap_fixed_16_5_,conv,vitis,csynth,,187,8,7505,12015,1824,2520,548160,274080,10.2522,0.3175,1.3691,4.3838,35990309,262729255.7,,7.3,,,,,,,,
config_CIN32_HIN56_WIN28_COUT32_K3_UFCIN4_UFCOU1_PAD1_STRIDE1_BIASTrue_group_conv2d_GROUPS4_ACTIVATIONrelu_ap_fixed_16_5_,conv,vitis,csynth,,187,5,5805,10565,1824,2520,548160,274080,10.2522,0.1984,1.059,3.8547,71718956,523548378.8,,7.3,,,,,,,,
config_CIN32_HIN56_WIN28_COUT32_K3_UFCIN4_UFCOU1_PAD1_STRIDE1_BIASTrue_group_conv2d_GROUPS4_ACTIVATIONsigmoid_ap_fixed_16_5_,conv,vitis,csynth,,187,8,7508,12018,1824,2520,548160,274080,10.2522,0.3175,1.3697,4.3849,71718985,523548590.5,,7.3,,,,,,,,
config_CIN32_HIN56_WIN28_COUT32_K3_UFCIN4_UFCOU4_PAD1_STRIDE1_BIASFalse_conv2d_ACTIVATIONrelu_ap_fixed_16_5_,conv,vitis,csynth,,199,17,5875,11546,1824,2520,548160,274080,10.9101,0.6746,1.0718,4.2126,7151463,52205679.9,,7.3,,,,,,,,
config_CIN32_HIN56_WIN28_COUT32_K3_UFCIN4_UFCOU4_PAD1_STRIDE1_BIASFalse_conv2d_ACTIVATIONsigmoid_ap_fixed_16_5_,conv,vitis,csynth,,199,20,7770,13091,1824,2520,548160,274080,10.9101,0.7937,1.4175,4.7763,7151492,52205891.6,,7.3,,,,,,,,
config_CIN32_HIN56_WIN28_COUT32_K3_UFCIN4_UFCOU4_PAD1_STRIDE1_BIASFalse_group_conv2d_GROUPS2_ACTIVATIONrelu_ap_fixed_16_5_,conv,vitis,csynth,,199,17,7751,13932,1824,2520,548160,274080,10.9101,0.6746,1.414,5.0832,20598747,150370853.1,,7.3,,,,,,,,
config_CIN32_HIN56_WIN28_COUT32_K3_UFCIN4_UFCOU4_PAD1_STRIDE1_BIASFalse_group_conv2d_GROUPS2_ACTIVATIONsigmoid_ap_fixed_16_5_,conv,vitis,csynth,,199,20,9646,15477,1824,2520,548160,274080,10.9101,0.7937,1.7597,5.6469,20598776,150371064.79999998,,7.3,,,,,,,,
config_CIN32_HIN56_WIN28_COUT32_K3_UFCIN4_UFCOU4_PAD1_STRIDE1_BIASFalse_group_conv2d_GROUPS4_ACTIVATIONrelu_ap_fixed_16_5_,conv,vitis,csynth,,199,17,7754,13935,1824,2520,548160,274080,10.9101,0.6746,1.4146,5.0843,40973567,299107039.09999996,,7.3,,,,,,,,
config_CIN32_HIN56_WIN28_COUT32_K3_UFCIN4_UFCOU4_PAD1_STRIDE1_BIASFalse_group_conv2d_GROUPS4_ACTIVATIONsigmoid_ap_fixed_16_5_,conv,vitis,csynth,,199,20,9649,15480,1824,2520,548160,274080,10.9101,0.7937,1.7603,5.648,40973596,299107250.8,,7.3,,,,,,,,
config_CIN32_HIN56_WIN28_COUT32_K3_UFCIN4_UFCOU4_PAD1_STRIDE1_BIASTrue_conv2d_ACTIVATIONrelu_ap_fixed_16_5_,conv,vitis,csynth,,199,17,6055,11873,1824,2520,548160,274080,10.9101,0.6746,1.1046,4.3319,7151508,52206008.4,,7.3,,,,,,,,
config_CIN32_HIN56_WIN28_COUT32_K3_UFCIN4_UFCOU4_PAD1_STRIDE1_BIASTrue_conv2d_ACTIVATIONsigmoid_ap_fixed_16_5_,conv,vitis,csynth,,199,20,7950,13422,1824,2520,548160,274080,10.9101,0.7937,1.4503,4.8971,7151537,52206220.1,,7.3,,,,,,,,
config_CIN32_HIN56_WIN28_COUT32_K3_UFCIN4_UFCOU4_PAD1_STRIDE1_BIASTrue_group_conv2d_GROUPS2_ACTIVATIONrelu_ap_fixed_16_5_,conv,vitis,csynth,,199,17,7931,14259,1824,2520,548160,274080,10.9101,0.6746,1.4468,5.2025,20598792,150371181.6,,7.3,,,,,,,,
config_CIN32_HIN56_WIN28_COUT32_K3_UFCIN4_UFCOU4_PAD1_STRIDE1_BIASTrue_group_conv2d_GROUPS2_ACTIVATIONsigmoid_ap_fixed_16_5_,conv,vitis,csynth,,199,20,9826,15808,1824,2520,548160,274080,10.9101,0.7937,1.7925,5.7677,20598821,150371393.29999998,,7.3,,,,,,,,
config_CIN32_HIN56_WIN28_COUT32_K3_UFCIN4_UFCOU4_PAD1_STRIDE1_BIASTrue_group_conv2d_GROUPS4_ACTIVATIONrelu_ap_fixed_16_5_,conv,vitis,csynth,,199,17,7934,14262,1824,2520,548160,274080,10.9101,0.6746,1.4474,5.2036,40973612,299107367.59999996,,7.3,,,,,,,,
config_CIN32_HIN56_WIN28_COUT32_K3_UFCIN4_UFCOU4_PAD1_STRIDE1_BIASTrue_group_conv2d_GROUPS4_ACTIVATIONsigmoid_ap_fixed_16_5_,conv,vitis,csynth,,199,20,9829,15811,1824,2520,548160,274080,10.9101,0.7937,1.7931,5.7688,40973641,299107579.3,,7.3,,,,,,,,
config_CIN32_HIN56_WIN28_COUT32_K3_UFCIN4_UFCOU8_PAD1_STRIDE1_BIASFalse_conv2d_ACTIVATIONrelu_ap_fixed_16_5_,conv,vitis,csynth,,215,33,6250,13243,1824,2520,548160,274080,11.7873,1.3095,1.1402,4.8318,5338855,38973641.5,,7.3,,,,,,,,
config_CIN32_HIN56_WIN28_COUT32_K3_UFCIN4_UFCOU8_PAD1_STRIDE1_BIASFalse_conv2d_ACTIVATIONsigmoid_ap_fixed_16_5_,conv,vitis,csynth,,215,36,8145,14788,1824,2520,548160,274080,11.7873,1.4286,1.4859,5.3955,5338884,38973853.199999996,,7.3,,,,,,,,
config_CIN32_HIN56_WIN28_COUT32_K3_UFCIN4_UFCOU8_PAD1_STRIDE1_BIASFalse_group_conv2d_GROUPS2_ACTIVATIONrelu_ap_fixed_16_5_,conv,vitis,csynth,,215,33,9685,17295,1824,2520,548160,274080,11.7873,1.3095,1.7668,6.3102,13367131,97580056.3,,7.3,,,,,,,,
config_CIN32_HIN56_WIN28_COUT32_K3_UFCIN4_UFCOU8_PAD1_STRIDE1_BIASFalse_group_conv2d_GROUPS2_ACTIVATIONsigmoid_ap_fixed_16_5_,conv,vitis,csynth,,215,36,11580,18840,1824,2520,548160,274080,11.7873,1.4286,2.1125,6.8739,13367160,97580268.0,,7.3,,,,,,,,
config_CIN32_HIN56_WIN28_COUT32_K3_UFCIN4_UFCOU8_PAD1_STRIDE1_BIASFalse_group_conv2d_GROUPS4_ACTIVATIONrelu_ap_fixed_16_5_,conv,vitis,csynth,,215,33,7004,12035,1824,2520,548160,274080,11.7873,1.3095,1.2777,4.3911,2808447,20501663.099999998,,7.3,,,,,,,,
config_CIN32_HIN56_WIN28_COUT32_K3_UFCIN4_UFCOU8_PAD1_STRIDE1_BIASFalse_group_conv2d_GROUPS4_ACTIVATIONsigmoid_ap_fixed_16_5_,conv,vitis,csynth,,215,36,8899,13580,1824,2520,548160,274080,11.7873,1.4286,1.6234,4.9548,2808476,20501874.8,,7.3,,,,,,,,
config_CIN32_HIN56_WIN28_COUT32_K3_UFCIN4_UFCOU8_PAD1_STRIDE1_BIASTrue_conv2d_ACTIVATIONrelu_ap_fixed_16_5_,conv,vitis,csynth,,215,33,6493,13718,1824,2520,548160,274080,11.7873,1.3095,1.1845,5.0051,5338900,38973970.0,,7.3,,,,,,,,
config_CIN32_HIN56_WIN28_COUT32_K3_UFCIN4_UFCOU8_PAD1_STRIDE1_BIASTrue_conv2d_ACTIVATIONsigmoid_ap_fixed_16_5_,conv,vitis,csynth,,215,36,8388,15267,1824,2520,548160,274080,11.7873,1.4286,1.5302,5.5703,5338929,38974181.699999996,,7.3,,,,,,,,
config_CIN32_HIN56_WIN28_COUT32_K3_UFCIN4_UFCOU8_PAD1_STRIDE1_BIASTrue_group_conv2d_GROUPS2_ACTIVATIONrelu_ap_fixed_16_5_,conv,vitis,csynth,,215,33,9928,17770,1824,2520,548160,274080,11.7873,1.3095,1.8112,6.4835,13367176,97580384.8,,7.3,,,,,,,,
config_CIN32_HIN56_WIN28_COUT32_K3_UFCIN4_UFCOU8_PAD1_STRIDE1_BIASTrue_group_conv2d_GROUPS2_ACTIVATIONsigmoid_ap_fixed_16_5_,conv,vitis,csynth,,215,36,11823,19319,1824,2520,548160,274080,11.7873,1.4286,2.1569,7.0487,13367205,97580596.5,,7.3,,,,,,,,
config_CIN32_HIN56_WIN28_COUT32_K3_UFCIN4_UFCOU8_PAD1_STRIDE1_BIASTrue_group_conv2d_GROUPS4_ACTIVATIONrelu_ap_fixed_16_5_,conv,vitis,csynth,,215,33,7247,12510,1824,2520,548160,274080,11.7873,1.3095,1.3221,4.5644,2808492,20501991.599999998,,7.3,,,,,,,,
config_CIN32_HIN56_WIN28_COUT32_K3_UFCIN4_UFCOU8_PAD1_STRIDE1_BIASTrue_group_conv2d_GROUPS4_ACTIVATIONsigmoid_ap_fixed_16_5_,conv,vitis,csynth,,215,36,9142,14059,1824,2520,548160,274080,11.7873,1.4286,1.6678,5.1295,2808521,20502203.3,,7.3,,,,,,,,
config_CIN32_HIN56_WIN28_COUT32_K3_UFCIN8_UFCOU1_PAD1_STRIDE1_BIASFalse_conv2d_ACTIVATIONrelu_ap_fixed_16_5_,conv,vitis,csynth,,187,9,5988,11444,1824,2520,548160,274080,10.2522,0.3571,1.0924,4.1754,17970663,131185839.89999999,,7.3,,,,,,,,
config_CIN32_HIN56_WIN28_COUT32_K3_UFCIN8_UFCOU1_PAD1_STRIDE1_BIASFalse_conv2d_ACTIVATIONsigmoid_ap_fixed_16_5_,conv,vitis,csynth,,187,12,7691,12893,1824,2520,548160,274080,10.2522,0.4762,1.4031,4.7041,17970692,131186051.6,,7.3,,,,,,,,
config_CIN32_HIN56_WIN28_COUT32_K3_UFCIN8_UFCOU1_PAD1_STRIDE1_BIASFalse_group_conv2d_GROUPS2_ACTIVATIONrelu_ap_fixed_16_5_,conv,vitis,csynth,,187,9,6247,11765,1824,2520,548160,274080,10.2522,0.3571,1.1396,4.2925,36103131,263552856.29999998,,7.3,,,,,,,,
config_CIN32_HIN56_WIN28_COUT32_K3_UFCIN8_UFCOU1_PAD1_STRIDE1_BIASFalse_group_conv2d_GROUPS2_ACTIVATIONsigmoid_ap_fixed_16_5_,conv,vitis,csynth,,187,12,7950,13214,1824,2520,548160,274080,10.2522,0.4762,1.4503,4.8212,36103160,263553068.0,,7.3,,,,,,,,
config_CIN32_HIN56_WIN28_COUT32_K3_UFCIN8_UFCOU1_PAD1_STRIDE1_BIASFalse_group_conv2d_GROUPS4_ACTIVATIONrelu_ap_fixed_16_5_,conv,vitis,csynth,,187,9,6259,11768,1824,2520,548160,274080,10.2522,0.3571,1.1418,4.2936,71944703,525196331.9,,7.3,,,,,,,,
config_CIN32_HIN56_WIN28_COUT32_K3_UFCIN8_UFCOU1_PAD1_STRIDE1_BIASFalse_group_conv2d_GROUPS4_ACTIVATIONsigmoid_ap_fixed_16_5_,conv,vitis,csynth,,187,12,7962,13217,1824,2520,548160,274080,10.2522,0.4762,1.4525,4.8223,71944732,525196543.59999996,,7.3,,,,,,,,
config_CIN32_HIN56_WIN28_COUT32_K3_UFCIN8_UFCOU1_PAD1_STRIDE1_BIASTrue_conv2d_ACTIVATIONrelu_ap_fixed_16_5_,conv,vitis,csynth,,187,9,6126,11642,1824,2520,548160,274080,10.2522,0.3571,1.1176,4.2477,17970708,131186168.39999999,,7.3,,,,,,,,
config_CIN32_HIN56_WIN28_COUT32_K3_UFCIN8_UFCOU1_PAD1_STRIDE1_BIASTrue_conv2d_ACTIVATIONsigmoid_ap_fixed_16_5_,conv,vitis,csynth,,187,12,7829,13095,1824,2520,548160,274080,10.2522,0.4762,1.4282,4.7778,17970737,131186380.1,,7.3,,,,,,,,
config_CIN32_HIN56_WIN28_COUT32_K3_UFCIN8_UFCOU1_PAD1_STRIDE1_BIASTrue_group_conv2d_GROUPS2_ACTIVATIONrelu_ap_fixed_16_5_,conv,vitis,csynth,,187,9,6385,11963,1824,2520,548160,274080,10.2522,0.3571,1.1648,4.3648,36103176,263553184.79999998,,7.3,,,,,,,,
config_CIN32_HIN56_WIN28_COUT32_K3_UFCIN8_UFCOU1_PAD1_STRIDE1_BIASTrue_group_conv2d_GROUPS2_ACTIVATIONsigmoid_ap_fixed_16_5_,conv,vitis,csynth,,187,12,8088,13416,1824,2520,548160,274080,10.2522,0.4762,1.4755,4.8949,36103205,263553396.5,,7.3,,,,,,,,
config_CIN32_HIN56_WIN28_COUT32_K3_UFCIN8_UFCOU1_PAD1_STRIDE1_BIASTrue_group_conv2d_GROUPS4_ACTIVATIONrelu_ap_fixed_16_5_,conv,vitis,csynth,,187,9,6397,11966,1824,2520,548160,274080,10.2522,0.3571,1.167,4.3659,71944748,525196660.4,,7.3,,,,,,,,
config_CIN32_HIN56_WIN28_COUT32_K3_UFCIN8_UFCOU1_PAD1_STRIDE1_BIASTrue_group_conv2d_GROUPS4_ACTIVATIONsigmoid_ap_fixed_16_5_,conv,vitis,csynth,,187,12,8100,13419,1824,2520,548160,274080,10.2522,0.4762,1.4777,4.896,71944777,525196872.09999996,,7.3,,,,,,,,
config_CIN32_HIN56_WIN28_COUT32_K3_UFCIN8_UFCOU4_PAD1_STRIDE1_BIASFalse_conv2d_ACTIVATIONrelu_ap_fixed_16_5_,conv,vitis,csynth,,215,33,6654,13622,1824,2520,548160,274080,11.7873,1.3095,1.2139,4.9701,7095015,51793609.5,,7.3,,,,,,,,
config_CIN32_HIN56_WIN28_COUT32_K3_UFCIN8_UFCOU4_PAD1_STRIDE1_BIASFalse_conv2d_ACTIVATIONsigmoid_ap_fixed_16_5_,conv,vitis,csynth,,215,36,8549,15167,1824,2520,548160,274080,11.7873,1.4286,1.5596,5.5338,7095044,51793821.199999996,,7.3,,,,,,,,
config_CIN32_HIN56_WIN28_COUT32_K3_UFCIN8_UFCOU4_PAD1_STRIDE1_BIASFalse_group_conv2d_GROUPS2_ACTIVATIONrelu_ap_fixed_16_5_,conv,vitis,csynth,,215,33,10375,18347,1824,2520,548160,274080,11.7873,1.3095,1.8927,6.694,20711643,151194993.9,,7.3,,,,,,,,
config_CIN32_HIN56_WIN28_COUT32_K3_UFCIN8_UFCOU4_PAD1_STRIDE1_BIASFalse_group_conv2d_GROUPS2_ACTIVATIONsigmoid_ap_fixed_16_5_,conv,vitis,csynth,,215,36,12270,19892,1824,2520,548160,274080,11.7873,1.4286,2.2384,7.2577,20711672,151195205.6,,7.3,,,,,,,,
config_CIN32_HIN56_WIN28_COUT32_K3_UFCIN8_UFCOU4_PAD1_STRIDE1_BIASFalse_group_conv2d_GROUPS4_ACTIVATIONrelu_ap_fixed_16_5_,conv,vitis,csynth,,215,33,10387,18350,1824,2520,548160,274080,11.7873,1.3095,1.8949,6.6951,41199359,300755320.7,,7.3,,,,,,,,
config_CIN32_HIN56_WIN28_COUT32_K3_UFCIN8_UFCOU4_PAD1_STRIDE1_BIASFalse_group_conv2d_GROUPS4_ACTIVATIONsigmoid_ap_fixed_16_5_,conv,vitis,csynth,,215,36,12282,19895,1824,2520,548160,274080,11.7873,1.4286,2.2406,7.2588,41199388,300755532.4,,7.3,,,,,,,,
config_CIN32_HIN56_WIN28_COUT32_K3_UFCIN8_UFCOU4_PAD1_STRIDE1_BIASTrue_conv2d_ACTIVATIONrelu_ap_fixed_16_5_,conv,vitis,csynth,,215,33,6834,13949,1824,2520,548160,274080,11.7873,1.3095,1.2467,5.0894,7095060,51793938.0,,7.3,,,,,,,,
config_CIN32_HIN56_WIN28_COUT32_K3_UFCIN8_UFCOU4_PAD1_STRIDE1_BIASTrue_conv2d_ACTIVATIONsigmoid_ap_fixed_16_5_,conv,vitis,csynth,,215,36,8729,15498,1824,2520,548160,274080,11.7873,1.4286,1.5924,5.6546,7095089,51794149.699999996,,7.3,,,,,,,,
config_CIN32_HIN56_WIN28_COUT32_K3_UFCIN8_UFCOU4_PAD1_STRIDE1_BIASTrue_group_conv2d_GROUPS2_ACTIVATIONrelu_ap_fixed_16_5_,conv,vitis,csynth,,215,33,10555,18674,1824,2520,548160,274080,11.7873,1.3095,1.9255,6.8133,20711688,151195322.4,,7.3,,,,,,,,
config_CIN32_HIN56_WIN28_COUT32_K3_UFCIN8_UFCOU4_PAD1_STRIDE1_BIASTrue_group_conv2d_GROUPS2_ACTIVATIONsigmoid_ap_fixed_16_5_,conv,vitis,csynth,,215,36,12450,20223,1824,2520,548160,274080,11.7873,1.4286,2.2712,7.3785,20711717,151195534.1,,7.3,,,,,,,,
config_CIN32_HIN56_WIN28_COUT32_K3_UFCIN8_UFCOU4_PAD1_STRIDE1_BIASTrue_group_conv2d_GROUPS4_ACTIVATIONrelu_ap_fixed_16_5_,conv,vitis,csynth,,215,33,10567,18677,1824,2520,548160,274080,11.7873,1.3095,1.9277,6.8144,41199404,300755649.2,,7.3,,,,,,,,
config_CIN32_HIN56_WIN28_COUT32_K3_UFCIN8_UFCOU4_PAD1_STRIDE1_BIASTrue_group_conv2d_GROUPS4_ACTIVATIONsigmoid_ap_fixed_16_5_,conv,vitis,csynth,,215,36,12462,20226,1824,2520,548160,274080,11.7873,1.4286,2.2734,7.3796,41199433,300755860.9,,7.3,,,,,,,,
config_CIN32_HIN56_WIN28_COUT32_K3_UFCIN8_UFCOU8_PAD1_STRIDE1_BIASFalse_conv2d_ACTIVATIONrelu_ap_fixed_16_5_,conv,vitis,csynth,,247,65,7405,16473,1824,2520,548160,274080,13.5417,2.5794,1.3509,6.0103,5282407,38561571.1,,7.3,,,,,,,,
config_CIN32_HIN56_WIN28_COUT32_K3_UFCIN8_UFCOU8_PAD1_STRIDE1_BIASFalse_conv2d_ACTIVATIONsigmoid_ap_fixed_16_5_,conv,vitis,csynth,,247,68,9300,18018,1824,2520,548160,274080,13.5417,2.6984,1.6966,6.574,5282436,38561782.8,,7.3,,,,,,,,
config_CIN32_HIN56_WIN28_COUT32_K3_UFCIN8_UFCOU8_PAD1_STRIDE1_BIASFalse_group_conv2d_GROUPS2_ACTIVATIONrelu_ap_fixed_16_5_,conv,vitis,csynth,,247,65,14234,24572,1824,2520,548160,274080,13.5417,2.5794,2.5967,8.9653,13480027,98404197.1,,7.3,,,,,,,,
config_CIN32_HIN56_WIN28_COUT32_K3_UFCIN8_UFCOU8_PAD1_STRIDE1_BIASFalse_group_conv2d_GROUPS2_ACTIVATIONsigmoid_ap_fixed_16_5_,conv,vitis,csynth,,247,68,16129,26117,1824,2520,548160,274080,13.5417,2.6984,2.9424,9.529,13480056,98404408.8,,7.3,,,,,,,,
config_CIN32_HIN56_WIN28_COUT32_K3_UFCIN8_UFCOU8_PAD1_STRIDE1_BIASFalse_group_conv2d_GROUPS4_ACTIVATIONrelu_ap_fixed_16_5_,conv,vitis,csynth,,247,65,6702,13258,1824,2520,548160,274080,13.5417,2.5794,1.2226,4.8373,945663,6903339.899999999,,7.3,,,,,,,,
config_CIN32_HIN56_WIN28_COUT32_K3_UFCIN8_UFCOU8_PAD1_STRIDE1_BIASFalse_group_conv2d_GROUPS4_ACTIVATIONsigmoid_ap_fixed_16_5_,conv,vitis,csynth,,247,68,8597,14803,1824,2520,548160,274080,13.5417,2.6984,1.5683,5.401,945692,6903551.6,,7.3,,,,,,,,
config_CIN32_HIN56_WIN28_COUT32_K3_UFCIN8_UFCOU8_PAD1_STRIDE1_BIASTrue_conv2d_ACTIVATIONrelu_ap_fixed_16_5_,conv,vitis,csynth,,247,65,7648,16948,1824,2520,548160,274080,13.5417,2.5794,1.3952,6.1836,5282452,38561899.6,,7.3,,,,,,,,
config_CIN32_HIN56_WIN28_COUT32_K3_UFCIN8_UFCOU8_PAD1_STRIDE1_BIASTrue_conv2d_ACTIVATIONsigmoid_ap_fixed_16_5_,conv,vitis,csynth,,247,68,9543,18497,1824,2520,548160,274080,13.5417,2.6984,1.7409,6.7488,5282481,38562111.3,,7.3,,,,,,,,
config_CIN32_HIN56_WIN28_COUT32_K3_UFCIN8_UFCOU8_PAD1_STRIDE1_BIASTrue_group_conv2d_GROUPS2_ACTIVATIONrelu_ap_fixed_16_5_,conv,vitis,csynth,,247,65,14477,25047,1824,2520,548160,274080,13.5417,2.5794,2.641,9.1386,13480072,98404525.6,,7.3,,,,,,,,
config_CIN32_HIN56_WIN28_COUT32_K3_UFCIN8_UFCOU8_PAD1_STRIDE1_BIASTrue_group_conv2d_GROUPS2_ACTIVATIONsigmoid_ap_fixed_16_5_,conv,vitis,csynth,,247,68,16372,26596,1824,2520,548160,274080,13.5417,2.6984,2.9867,9.7037,13480101,98404737.3,,7.3,,,,,,,,
config_CIN32_HIN56_WIN28_COUT32_K3_UFCIN8_UFCOU8_PAD1_STRIDE1_BIASTrue_group_conv2d_GROUPS4_ACTIVATIONrelu_ap_fixed_16_5_,conv,vitis,csynth,,247,65,6945,13733,1824,2520,548160,274080,13.5417,2.5794,1.267,5.0106,945708,6903668.399999999,,7.3,,,,,,,,
config_CIN32_HIN56_WIN28_COUT32_K3_UFCIN8_UFCOU8_PAD1_STRIDE1_BIASTrue_group_conv2d_GROUPS4_ACTIVATIONsigmoid_ap_fixed_16_5_,conv,vitis,csynth,,247,68,8840,15282,1824,2520,548160,274080,13.5417,2.6984,1.6127,5.5757,945737,6903880.1,,7.3,,,,,,,,
config_CIN32_HIN56_WIN56_COUT16_K1_UFCIN1_UFCOU1_PAD1_STRIDE1_BIASFalse_conv2d_ACTIVATIONrelu_ap_fixed_16_5_,conv,vitis,csynth,,210,7,5136,8687,1824,2520,548160,274080,11.5132,0.2778,0.937,3.1695,2012560,14691688.0,,7.3,,,,,,,,
config_CIN32_HIN56_WIN56_COUT16_K1_UFCIN1_UFCOU1_PAD1_STRIDE1_BIASFalse_conv2d_ACTIVATIONsigmoid_ap_fixed_16_5_,conv,vitis,csynth,,210,10,6904,10175,1824,2520,548160,274080,11.5132,0.3968,1.2595,3.7124,2012590,14691907.0,,7.3,,,,,,,,
config_CIN32_HIN56_WIN56_COUT16_K1_UFCIN1_UFCOU1_PAD1_STRIDE1_BIASFalse_group_conv2d_GROUPS2_ACTIVATIONrelu_ap_fixed_16_5_,conv,vitis,csynth,,210,12,5531,9395,1824,2520,548160,274080,11.5132,0.4762,1.009,3.4278,7206698,52608895.4,,7.3,,,,,,,,
config_CIN32_HIN56_WIN56_COUT16_K1_UFCIN1_UFCOU1_PAD1_STRIDE1_BIASFalse_group_conv2d_GROUPS2_ACTIVATIONsigmoid_ap_fixed_16_5_,conv,vitis,csynth,,210,15,7299,10883,1824,2520,548160,274080,11.5132,0.5952,1.3315,3.9707,7206728,52609114.4,,7.3,,,,,,,,
config_CIN32_HIN56_WIN56_COUT16_K1_UFCIN1_UFCOU1_PAD1_STRIDE1_BIASFalse_group_conv2d_GROUPS4_ACTIVATIONrelu_ap_fixed_16_5_,conv,vitis,csynth,,210,12,5533,9398,1824,2520,548160,274080,11.5132,0.4762,1.0094,3.4289,14150232,103296693.6,,7.3,,,,,,,,
config_CIN32_HIN56_WIN56_COUT16_K1_UFCIN1_UFCOU1_PAD1_STRIDE1_BIASFalse_group_conv2d_GROUPS4_ACTIVATIONsigmoid_ap_fixed_16_5_,conv,vitis,csynth,,210,15,7301,10886,1824,2520,548160,274080,11.5132,0.5952,1.3319,3.9718,14150262,103296912.6,,7.3,,,,,,,,
config_CIN32_HIN56_WIN56_COUT16_K1_UFCIN1_UFCOU1_PAD1_STRIDE1_BIASTrue_conv2d_ACTIVATIONrelu_ap_fixed_16_5_,conv,vitis,csynth,,210,7,5272,8871,1824,2520,548160,274080,11.5132,0.2778,0.9618,3.2366,2066350,15084355.0,,7.3,,,,,,,,
config_CIN32_HIN56_WIN56_COUT16_K1_UFCIN1_UFCOU1_PAD1_STRIDE1_BIASTrue_conv2d_ACTIVATIONsigmoid_ap_fixed_16_5_,conv,vitis,csynth,,210,10,7040,10359,1824,2520,548160,274080,11.5132,0.3968,1.2843,3.7796,2066380,15084574.0,,7.3,,,,,,,,
config_CIN32_HIN56_WIN56_COUT16_K1_UFCIN1_UFCOU1_PAD1_STRIDE1_BIASTrue_group_conv2d_GROUPS2_ACTIVATIONrelu_ap_fixed_16_5_,conv,vitis,csynth,,210,12,5667,9579,1824,2520,548160,274080,11.5132,0.4762,1.0338,3.495,7260488,53001562.4,,7.3,,,,,,,,
config_CIN32_HIN56_WIN56_COUT16_K1_UFCIN1_UFCOU1_PAD1_STRIDE1_BIASTrue_group_conv2d_GROUPS2_ACTIVATIONsigmoid_ap_fixed_16_5_,conv,vitis,csynth,,210,15,7435,11067,1824,2520,548160,274080,11.5132,0.5952,1.3564,4.0379,7260518,53001781.4,,7.3,,,,,,,,
config_CIN32_HIN56_WIN56_COUT16_K1_UFCIN1_UFCOU1_PAD1_STRIDE1_BIASTrue_group_conv2d_GROUPS4_ACTIVATIONrelu_ap_fixed_16_5_,conv,vitis,csynth,,210,12,5669,9582,1824,2520,548160,274080,11.5132,0.4762,1.0342,3.4961,14204022,103689360.6,,7.3,,,,,,,,
config_CIN32_HIN56_WIN56_COUT16_K1_UFCIN1_UFCOU1_PAD1_STRIDE1_BIASTrue_group_conv2d_GROUPS4_ACTIVATIONsigmoid_ap_fixed_16_5_,conv,vitis,csynth,,210,15,7437,11070,1824,2520,548160,274080,11.5132,0.5952,1.3567,4.039,14204052,103689579.6,,7.3,,,,,,,,
config_CIN32_HIN56_WIN56_COUT16_K1_UFCIN1_UFCOU4_PAD1_STRIDE1_BIASFalse_conv2d_ACTIVATIONrelu_ap_fixed_16_5_,conv,vitis,csynth,,223,12,5451,9509,1824,2520,548160,274080,12.2259,0.4762,0.9944,3.4694,734178,5359499.399999999,,7.3,,,,,,,,
config_CIN32_HIN56_WIN56_COUT16_K1_UFCIN1_UFCOU4_PAD1_STRIDE1_BIASFalse_conv2d_ACTIVATIONsigmoid_ap_fixed_16_5_,conv,vitis,csynth,,223,15,7283,11029,1824,2520,548160,274080,12.2259,0.5952,1.3286,4.024,734208,5359718.399999999,,7.3,,,,,,,,
config_CIN32_HIN56_WIN56_COUT16_K1_UFCIN1_UFCOU4_PAD1_STRIDE1_BIASFalse_group_conv2d_GROUPS2_ACTIVATIONrelu_ap_fixed_16_5_,conv,vitis,csynth,,223,12,6281,10365,1824,2520,548160,274080,12.2259,0.4762,1.1458,3.7817,4380874,31980380.2,,7.3,,,,,,,,
config_CIN32_HIN56_WIN56_COUT16_K1_UFCIN1_UFCOU4_PAD1_STRIDE1_BIASFalse_group_conv2d_GROUPS2_ACTIVATIONsigmoid_ap_fixed_16_5_,conv,vitis,csynth,,223,15,8113,11885,1824,2520,548160,274080,12.2259,0.5952,1.48,4.3363,4380904,31980599.2,,7.3,,,,,,,,
config_CIN32_HIN56_WIN56_COUT16_K1_UFCIN1_UFCOU4_PAD1_STRIDE1_BIASFalse_group_conv2d_GROUPS4_ACTIVATIONrelu_ap_fixed_16_5_,conv,vitis,csynth,,223,11,5569,9712,1824,2520,548160,274080,12.2259,0.4365,1.0159,3.5435,7637462,55753472.6,,7.3,,,,,,,,
config_CIN32_HIN56_WIN56_COUT16_K1_UFCIN1_UFCOU4_PAD1_STRIDE1_BIASFalse_group_conv2d_GROUPS4_ACTIVATIONsigmoid_ap_fixed_16_5_,conv,vitis,csynth,,223,14,7401,11232,1824,2520,548160,274080,12.2259,0.5556,1.3502,4.0981,7637492,55753691.6,,7.3,,,,,,,,
config_CIN32_HIN56_WIN56_COUT16_K1_UFCIN1_UFCOU4_PAD1_STRIDE1_BIASTrue_conv2d_ACTIVATIONrelu_ap_fixed_16_5_,conv,vitis,csynth,,223,12,5627,9807,1824,2520,548160,274080,12.2259,0.4762,1.0265,3.5782,734207,5359711.1,,7.3,,,,,,,,
config_CIN32_HIN56_WIN56_COUT16_K1_UFCIN1_UFCOU4_PAD1_STRIDE1_BIASTrue_conv2d_ACTIVATIONsigmoid_ap_fixed_16_5_,conv,vitis,csynth,,223,15,7459,11327,1824,2520,548160,274080,12.2259,0.5952,1.3607,4.1327,734237,5359930.1,,7.3,,,,,,,,
config_CIN32_HIN56_WIN56_COUT16_K1_UFCIN1_UFCOU4_PAD1_STRIDE1_BIASTrue_group_conv2d_GROUPS2_ACTIVATIONrelu_ap_fixed_16_5_,conv,vitis,csynth,,223,12,6457,10663,1824,2520,548160,274080,12.2259,0.4762,1.1779,3.8905,4380903,31980591.9,,7.3,,,,,,,,
config_CIN32_HIN56_WIN56_COUT16_K1_UFCIN1_UFCOU4_PAD1_STRIDE1_BIASTrue_group_conv2d_GROUPS2_ACTIVATIONsigmoid_ap_fixed_16_5_,conv,vitis,csynth,,223,15,8289,12183,1824,2520,548160,274080,12.2259,0.5952,1.5121,4.4451,4380933,31980810.9,,7.3,,,,,,,,
config_CIN32_HIN56_WIN56_COUT16_K1_UFCIN1_UFCOU4_PAD1_STRIDE1_BIASTrue_group_conv2d_GROUPS4_ACTIVATIONrelu_ap_fixed_16_5_,conv,vitis,csynth,,223,11,5745,10010,1824,2520,548160,274080,12.2259,0.4365,1.0481,3.6522,7637491,55753684.3,,7.3,,,,,,,,
config_CIN32_HIN56_WIN56_COUT16_K1_UFCIN1_UFCOU4_PAD1_STRIDE1_BIASTrue_group_conv2d_GROUPS4_ACTIVATIONsigmoid_ap_fixed_16_5_,conv,vitis,csynth,,223,14,7577,11530,1824,2520,548160,274080,12.2259,0.5556,1.3823,4.2068,7637521,55753903.3,,7.3,,,,,,,,
config_CIN32_HIN56_WIN56_COUT16_K1_UFCIN1_UFCOU8_PAD1_STRIDE1_BIASFalse_conv2d_ACTIVATIONrelu_ap_fixed_16_5_,conv,vitis,csynth,,227,16,5652,10240,1824,2520,548160,274080,12.4452,0.6349,1.0311,3.7361,727450,5310385.0,,7.3,,,,,,,,
config_CIN32_HIN56_WIN56_COUT16_K1_UFCIN1_UFCOU8_PAD1_STRIDE1_BIASFalse_conv2d_ACTIVATIONsigmoid_ap_fixed_16_5_,conv,vitis,csynth,,227,19,7484,11760,1824,2520,548160,274080,12.4452,0.754,1.3653,4.2907,727480,5310604.0,,7.3,,,,,,,,
config_CIN32_HIN56_WIN56_COUT16_K1_UFCIN1_UFCOU8_PAD1_STRIDE1_BIASFalse_group_conv2d_GROUPS2_ACTIVATIONrelu_ap_fixed_16_5_,conv,vitis,csynth,,227,16,5656,10314,1824,2520,548160,274080,12.4452,0.6349,1.0318,3.7631,7395366,53986171.8,,7.3,,,,,,,,
config_CIN32_HIN56_WIN56_COUT16_K1_UFCIN1_UFCOU8_PAD1_STRIDE1_BIASFalse_group_conv2d_GROUPS2_ACTIVATIONsigmoid_ap_fixed_16_5_,conv,vitis,csynth,,227,19,7488,11834,1824,2520,548160,274080,12.4452,0.754,1.366,4.3177,7395396,53986390.8,,7.3,,,,,,,,
config_CIN32_HIN56_WIN56_COUT16_K1_UFCIN1_UFCOU8_PAD1_STRIDE1_BIASFalse_group_conv2d_GROUPS4_ACTIVATIONrelu_ap_fixed_16_5_,conv,vitis,csynth,,227,20,6052,11608,1824,2520,548160,274080,12.4452,0.7937,1.1041,4.2353,8478462,61892772.6,,7.3,,,,,,,,
config_CIN32_HIN56_WIN56_COUT16_K1_UFCIN1_UFCOU8_PAD1_STRIDE1_BIASFalse_group_conv2d_GROUPS4_ACTIVATIONsigmoid_ap_fixed_16_5_,conv,vitis,csynth,,227,23,7884,13128,1824,2520,548160,274080,12.4452,0.9127,1.4383,4.7898,8478492,61892991.6,,7.3,,,,,,,,
config_CIN32_HIN56_WIN56_COUT16_K1_UFCIN1_UFCOU8_PAD1_STRIDE1_BIASTrue_conv2d_ACTIVATIONrelu_ap_fixed_16_5_,conv,vitis,csynth,,227,16,5890,10690,1824,2520,548160,274080,12.4452,0.6349,1.0745,3.9003,727479,5310596.7,,7.3,,,,,,,,
config_CIN32_HIN56_WIN56_COUT16_K1_UFCIN1_UFCOU8_PAD1_STRIDE1_BIASTrue_conv2d_ACTIVATIONsigmoid_ap_fixed_16_5_,conv,vitis,csynth,,227,19,7722,12210,1824,2520,548160,274080,12.4452,0.754,1.4087,4.4549,727509,5310815.7,,7.3,,,,,,,,
config_CIN32_HIN56_WIN56_COUT16_K1_UFCIN1_UFCOU8_PAD1_STRIDE1_BIASTrue_group_conv2d_GROUPS2_ACTIVATIONrelu_ap_fixed_16_5_,conv,vitis,csynth,,227,16,5894,10764,1824,2520,548160,274080,12.4452,0.6349,1.0752,3.9273,7395395,53986383.5,,7.3,,,,,,,,
config_CIN32_HIN56_WIN56_COUT16_K1_UFCIN1_UFCOU8_PAD1_STRIDE1_BIASTrue_group_conv2d_GROUPS2_ACTIVATIONsigmoid_ap_fixed_16_5_,conv,vitis,csynth,,227,19,7726,12284,1824,2520,548160,274080,12.4452,0.754,1.4094,4.4819,7395425,53986602.5,,7.3,,,,,,,,
config_CIN32_HIN56_WIN56_COUT16_K1_UFCIN1_UFCOU8_PAD1_STRIDE1_BIASTrue_group_conv2d_GROUPS4_ACTIVATIONrelu_ap_fixed_16_5_,conv,vitis,csynth,,227,20,6290,12058,1824,2520,548160,274080,12.4452,0.7937,1.1475,4.3994,8478491,61892984.3,,7.3,,,,,,,,
config_CIN32_HIN56_WIN56_COUT16_K1_UFCIN1_UFCOU8_PAD1_STRIDE1_BIASTrue_group_conv2d_GROUPS4_ACTIVATIONsigmoid_ap_fixed_16_5_,conv,vitis,csynth,,227,23,8122,13578,1824,2520,548160,274080,12.4452,0.9127,1.4817,4.954,8478521,61893203.3,,7.3,,,,,,,,
config_CIN32_HIN56_WIN56_COUT16_K1_UFCIN4_UFCOU1_PAD1_STRIDE1_BIASFalse_conv2d_ACTIVATIONrelu_ap_fixed_16_5_,conv,vitis,csynth,,227,13,5529,9310,1824,2520,548160,274080,12.4452,0.5159,1.0086,3.3968,2934234,21419908.2,,7.3,,,,,,,,
config_CIN32_HIN56_WIN56_COUT16_K1_UFCIN4_UFCOU1_PAD1_STRIDE1_BIASFalse_conv2d_ACTIVATIONsigmoid_ap_fixed_16_5_,conv,vitis,csynth,,227,16,7297,10798,1824,2520,548160,274080,12.4452,0.6349,1.3312,3.9397,2934264,21420127.2,,7.3,,,,,,,,
config_CIN32_HIN56_WIN56_COUT16_K1_UFCIN4_UFCOU1_PAD1_STRIDE1_BIASFalse_group_conv2d_GROUPS2_ACTIVATIONrelu_ap_fixed_16_5_,conv,vitis,csynth,,227,17,5613,9462,1824,2520,548160,274080,12.4452,0.6746,1.024,3.4523,5598642,40870086.6,,7.3,,,,,,,,
config_CIN32_HIN56_WIN56_COUT16_K1_UFCIN4_UFCOU1_PAD1_STRIDE1_BIASFalse_group_conv2d_GROUPS2_ACTIVATIONsigmoid_ap_fixed_16_5_,conv,vitis,csynth,,227,20,7381,10950,1824,2520,548160,274080,12.4452,0.7937,1.3465,3.9952,5598672,40870305.6,,7.3,,,,,,,,
config_CIN32_HIN56_WIN56_COUT16_K1_UFCIN4_UFCOU1_PAD1_STRIDE1_BIASFalse_group_conv2d_GROUPS4_ACTIVATIONrelu_ap_fixed_16_5_,conv,vitis,csynth,,227,17,5616,9465,1824,2520,548160,274080,12.4452,0.6746,1.0245,3.4534,10880358,79426613.39999999,,7.3,,,,,,,,
config_CIN32_HIN56_WIN56_COUT16_K1_UFCIN4_UFCOU1_PAD1_STRIDE1_BIASFalse_group_conv2d_GROUPS4_ACTIVATIONsigmoid_ap_fixed_16_5_,conv,vitis,csynth,,227,20,7384,10953,1824,2520,548160,274080,12.4452,0.7937,1.3471,3.9963,10880388,79426832.39999999,,7.3,,,,,,,,
config_CIN32_HIN56_WIN56_COUT16_K1_UFCIN4_UFCOU1_PAD1_STRIDE1_BIASTrue_conv2d_ACTIVATIONrelu_ap_fixed_16_5_,conv,vitis,csynth,,227,13,5665,9497,1824,2520,548160,274080,12.4452,0.5159,1.0335,3.465,2934263,21420119.9,,7.3,,,,,,,,
config_CIN32_HIN56_WIN56_COUT16_K1_UFCIN4_UFCOU1_PAD1_STRIDE1_BIASTrue_conv2d_ACTIVATIONsigmoid_ap_fixed_16_5_,conv,vitis,csynth,,227,16,7433,10985,1824,2520,548160,274080,12.4452,0.6349,1.356,4.008,2934293,21420338.9,,7.3,,,,,,,,
config_CIN32_HIN56_WIN56_COUT16_K1_UFCIN4_UFCOU1_PAD1_STRIDE1_BIASTrue_group_conv2d_GROUPS2_ACTIVATIONrelu_ap_fixed_16_5_,conv,vitis,csynth,,227,17,5749,9649,1824,2520,548160,274080,12.4452,0.6746,1.0488,3.5205,5598671,40870298.3,,7.3,,,,,,,,
config_CIN32_HIN56_WIN56_COUT16_K1_UFCIN4_UFCOU1_PAD1_STRIDE1_BIASTrue_group_conv2d_GROUPS2_ACTIVATIONsigmoid_ap_fixed_16_5_,conv,vitis,csynth,,227,20,7517,11137,1824,2520,548160,274080,12.4452,0.7937,1.3713,4.0634,5598701,40870517.3,,7.3,,,,,,,,
config_CIN32_HIN56_WIN56_COUT16_K1_UFCIN4_UFCOU1_PAD1_STRIDE1_BIASTrue_group_conv2d_GROUPS4_ACTIVATIONrelu_ap_fixed_16_5_,conv,vitis,csynth,,227,17,5752,9652,1824,2520,548160,274080,12.4452,0.6746,1.0493,3.5216,10880387,79426825.1,,7.3,,,,,,,,
config_CIN32_HIN56_WIN56_COUT16_K1_UFCIN4_UFCOU1_PAD1_STRIDE1_BIASTrue_group_conv2d_GROUPS4_ACTIVATIONsigmoid_ap_fixed_16_5_,conv,vitis,csynth,,227,20,7520,11140,1824,2520,548160,274080,12.4452,0.7937,1.3719,4.0645,10880417,79427044.1,,7.3,,,,,,,,
config_CIN32_HIN56_WIN56_COUT16_K1_UFCIN4_UFCOU4_PAD1_STRIDE1_BIASFalse_conv2d_ACTIVATIONrelu_ap_fixed_16_5_,conv,vitis,csynth,,233,27,6293,10814,1824,2520,548160,274080,12.7741,1.0714,1.148,3.9456,1602090,11695257.0,,7.3,,,,,,,,
config_CIN32_HIN56_WIN56_COUT16_K1_UFCIN4_UFCOU4_PAD1_STRIDE1_BIASFalse_conv2d_ACTIVATIONsigmoid_ap_fixed_16_5_,conv,vitis,csynth,,233,30,8125,12334,1824,2520,548160,274080,12.7741,1.1905,1.4822,4.5001,1602120,11695476.0,,7.3,,,,,,,,
config_CIN32_HIN56_WIN56_COUT16_K1_UFCIN4_UFCOU4_PAD1_STRIDE1_BIASFalse_group_conv2d_GROUPS2_ACTIVATIONrelu_ap_fixed_16_5_,conv,vitis,csynth,,233,27,8298,13336,1824,2520,548160,274080,12.7741,1.0714,1.5138,4.8657,3943554,28787944.2,,7.3,,,,,,,,
config_CIN32_HIN56_WIN56_COUT16_K1_UFCIN4_UFCOU4_PAD1_STRIDE1_BIASFalse_group_conv2d_GROUPS2_ACTIVATIONsigmoid_ap_fixed_16_5_,conv,vitis,csynth,,233,30,10130,14856,1824,2520,548160,274080,12.7741,1.1905,1.848,5.4203,3943584,28788163.2,,7.3,,,,,,,,
config_CIN32_HIN56_WIN56_COUT16_K1_UFCIN4_UFCOU4_PAD1_STRIDE1_BIASFalse_group_conv2d_GROUPS4_ACTIVATIONrelu_ap_fixed_16_5_,conv,vitis,csynth,,233,23,6084,10564,1824,2520,548160,274080,12.7741,0.9127,1.1099,3.8543,3762134,27463578.2,,7.3,,,,,,,,
config_CIN32_HIN56_WIN56_COUT16_K1_UFCIN4_UFCOU4_PAD1_STRIDE1_BIASFalse_group_conv2d_GROUPS4_ACTIVATIONsigmoid_ap_fixed_16_5_,conv,vitis,csynth,,233,26,7916,12084,1824,2520,548160,274080,12.7741,1.0317,1.4441,4.4089,3762164,27463797.2,,7.3,,,,,,,,
config_CIN32_HIN56_WIN56_COUT16_K1_UFCIN4_UFCOU4_PAD1_STRIDE1_BIASTrue_conv2d_ACTIVATIONrelu_ap_fixed_16_5_,conv,vitis,csynth,,233,27,6469,11112,1824,2520,548160,274080,12.7741,1.0714,1.1801,4.0543,1602119,11695468.7,,7.3,,,,,,,,
config_CIN32_HIN56_WIN56_COUT16_K1_UFCIN4_UFCOU4_PAD1_STRIDE1_BIASTrue_conv2d_ACTIVATIONsigmoid_ap_fixed_16_5_,conv,vitis,csynth,,233,30,8301,12632,1824,2520,548160,274080,12.7741,1.1905,1.5143,4.6089,1602149,11695687.7,,7.3,,,,,,,,
config_CIN32_HIN56_WIN56_COUT16_K1_UFCIN4_UFCOU4_PAD1_STRIDE1_BIASTrue_group_conv2d_GROUPS2_ACTIVATIONrelu_ap_fixed_16_5_,conv,vitis,csynth,,233,27,8474,13634,1824,2520,548160,274080,12.7741,1.0714,1.5459,4.9745,3943583,28788155.9,,7.3,,,,,,,,
config_CIN32_HIN56_WIN56_COUT16_K1_UFCIN4_UFCOU4_PAD1_STRIDE1_BIASTrue_group_conv2d_GROUPS2_ACTIVATIONsigmoid_ap_fixed_16_5_,conv,vitis,csynth,,233,30,10306,15154,1824,2520,548160,274080,12.7741,1.1905,1.8801,5.529,3943613,28788374.9,,7.3,,,,,,,,
config_CIN32_HIN56_WIN56_COUT16_K1_UFCIN4_UFCOU4_PAD1_STRIDE1_BIASTrue_group_conv2d_GROUPS4_ACTIVATIONrelu_ap_fixed_16_5_,conv,vitis,csynth,,233,23,6260,10862,1824,2520,548160,274080,12.7741,0.9127,1.142,3.9631,3762163,27463789.9,,7.3,,,,,,,,
config_CIN32_HIN56_WIN56_COUT16_K1_UFCIN4_UFCOU4_PAD1_STRIDE1_BIASTrue_group_conv2d_GROUPS4_ACTIVATIONsigmoid_ap_fixed_16_5_,conv,vitis,csynth,,233,26,8092,12382,1824,2520,548160,274080,12.7741,1.0317,1.4762,4.5177,3762193,27464008.9,,7.3,,,,,,,,
config_CIN32_HIN56_WIN56_COUT16_K1_UFCIN4_UFCOU8_PAD1_STRIDE1_BIASFalse_conv2d_ACTIVATIONrelu_ap_fixed_16_5_,conv,vitis,csynth,,233,43,6932,12310,1824,2520,548160,274080,12.7741,1.7063,1.2646,4.4914,1380066,10074481.799999999,,7.3,,,,,,,,
config_CIN32_HIN56_WIN56_COUT16_K1_UFCIN4_UFCOU8_PAD1_STRIDE1_BIASFalse_conv2d_ACTIVATIONsigmoid_ap_fixed_16_5_,conv,vitis,csynth,,233,46,8764,13830,1824,2520,548160,274080,12.7741,1.8254,1.5988,5.046,1380096,10074700.799999999,,7.3,,,,,,,,
config_CIN32_HIN56_WIN56_COUT16_K1_UFCIN4_UFCOU8_PAD1_STRIDE1_BIASFalse_group_conv2d_GROUPS2_ACTIVATIONrelu_ap_fixed_16_5_,conv,vitis,csynth,,233,40,6633,11764,1824,2520,548160,274080,12.7741,1.5873,1.21,4.2922,2981798,21767125.4,,7.3,,,,,,,,
config_CIN32_HIN56_WIN56_COUT16_K1_UFCIN4_UFCOU8_PAD1_STRIDE1_BIASFalse_group_conv2d_GROUPS2_ACTIVATIONsigmoid_ap_fixed_16_5_,conv,vitis,csynth,,233,43,8465,13284,1824,2520,548160,274080,12.7741,1.7063,1.5443,4.8468,2981828,21767344.4,,7.3,,,,,,,,
config_CIN32_HIN56_WIN56_COUT16_K1_UFCIN4_UFCOU8_PAD1_STRIDE1_BIASFalse_group_conv2d_GROUPS4_ACTIVATIONrelu_ap_fixed_16_5_,conv,vitis,csynth,,233,33,7219,13850,1824,2520,548160,274080,12.7741,1.3095,1.317,5.0533,9380710,68479183.0,,7.3,,,,,,,,
config_CIN32_HIN56_WIN56_COUT16_K1_UFCIN4_UFCOU8_PAD1_STRIDE1_BIASFalse_group_conv2d_GROUPS4_ACTIVATIONsigmoid_ap_fixed_16_5_,conv,vitis,csynth,,233,36,9051,15370,1824,2520,548160,274080,12.7741,1.4286,1.6512,5.6079,9380740,68479402.0,,7.3,,,,,,,,
config_CIN32_HIN56_WIN56_COUT16_K1_UFCIN4_UFCOU8_PAD1_STRIDE1_BIASTrue_conv2d_ACTIVATIONrelu_ap_fixed_16_5_,conv,vitis,csynth,,233,43,7170,12760,1824,2520,548160,274080,12.7741,1.7063,1.308,4.6556,1380095,10074693.5,,7.3,,,,,,,,
config_CIN32_HIN56_WIN56_COUT16_K1_UFCIN4_UFCOU8_PAD1_STRIDE1_BIASTrue_conv2d_ACTIVATIONsigmoid_ap_fixed_16_5_,conv,vitis,csynth,,233,46,9002,14280,1824,2520,548160,274080,12.7741,1.8254,1.6422,5.2102,1380125,10074912.5,,7.3,,,,,,,,
config_CIN32_HIN56_WIN56_COUT16_K1_UFCIN4_UFCOU8_PAD1_STRIDE1_BIASTrue_group_conv2d_GROUPS2_ACTIVATIONrelu_ap_fixed_16_5_,conv,vitis,csynth,,233,40,6871,12214,1824,2520,548160,274080,12.7741,1.5873,1.2535,4.4564,2981827,21767337.099999998,,7.3,,,,,,,,
config_CIN32_HIN56_WIN56_COUT16_K1_UFCIN4_UFCOU8_PAD1_STRIDE1_BIASTrue_group_conv2d_GROUPS2_ACTIVATIONsigmoid_ap_fixed_16_5_,conv,vitis,csynth,,233,43,8703,13734,1824,2520,548160,274080,12.7741,1.7063,1.5877,5.0109,2981857,21767556.099999998,,7.3,,,,,,,,
config_CIN32_HIN56_WIN56_COUT16_K1_UFCIN4_UFCOU8_PAD1_STRIDE1_BIASTrue_group_conv2d_GROUPS4_ACTIVATIONrelu_ap_fixed_16_5_,conv,vitis,csynth,,233,33,7457,14300,1824,2520,548160,274080,12.7741,1.3095,1.3604,5.2175,9380739,68479394.7,,7.3,,,,,,,,
config_CIN32_HIN56_WIN56_COUT16_K1_UFCIN4_UFCOU8_PAD1_STRIDE1_BIASTrue_group_conv2d_GROUPS4_ACTIVATIONsigmoid_ap_fixed_16_5_,conv,vitis,csynth,,233,36,9289,15820,1824,2520,548160,274080,12.7741,1.4286,1.6946,5.772,9380769,68479613.7,,7.3,,,,,,,,
config_CIN32_HIN56_WIN56_COUT16_K1_UFCIN8_UFCOU1_PAD1_STRIDE1_BIASFalse_conv2d_ACTIVATIONrelu_ap_fixed_16_5_,conv,vitis,csynth,,247,21,5996,10182,1824,2520,548160,274080,13.5417,0.8333,1.0938,3.715,2920778,21321679.4,,7.3,,,,,,,,
config_CIN32_HIN56_WIN56_COUT16_K1_UFCIN8_UFCOU1_PAD1_STRIDE1_BIASFalse_conv2d_ACTIVATIONsigmoid_ap_fixed_16_5_,conv,vitis,csynth,,247,24,7764,11670,1824,2520,548160,274080,13.5417,0.9524,1.4164,4.2579,2920808,21321898.4,,7.3,,,,,,,,
config_CIN32_HIN56_WIN56_COUT16_K1_UFCIN8_UFCOU1_PAD1_STRIDE1_BIASFalse_group_conv2d_GROUPS2_ACTIVATIONrelu_ap_fixed_16_5_,conv,vitis,csynth,,247,29,6120,10356,1824,2520,548160,274080,13.5417,1.1508,1.1165,3.7785,5625554,41066544.199999996,,7.3,,,,,,,,
config_CIN32_HIN56_WIN56_COUT16_K1_UFCIN8_UFCOU1_PAD1_STRIDE1_BIASFalse_group_conv2d_GROUPS2_ACTIVATIONsigmoid_ap_fixed_16_5_,conv,vitis,csynth,,247,32,7888,11844,1824,2520,548160,274080,13.5417,1.2698,1.439,4.3214,5625584,41066763.199999996,,7.3,,,,,,,,
config_CIN32_HIN56_WIN56_COUT16_K1_UFCIN8_UFCOU1_PAD1_STRIDE1_BIASFalse_group_conv2d_GROUPS4_ACTIVATIONrelu_ap_fixed_16_5_,conv,vitis,csynth,,247,29,6132,10359,1824,2520,548160,274080,13.5417,1.1508,1.1187,3.7796,10934182,79819528.6,,7.3,,,,,,,,
config_CIN32_HIN56_WIN56_COUT16_K1_UFCIN8_UFCOU1_PAD1_STRIDE1_BIASFalse_group_conv2d_GROUPS4_ACTIVATIONsigmoid_ap_fixed_16_5_,conv,vitis,csynth,,247,32,7900,11847,1824,2520,548160,274080,13.5417,1.2698,1.4412,4.3225,10934212,79819747.6,,7.3,,,,,,,,
config_CIN32_HIN56_WIN56_COUT16_K1_UFCIN8_UFCOU1_PAD1_STRIDE1_BIASTrue_conv2d_ACTIVATIONrelu_ap_fixed_16_5_,conv,vitis,csynth,,247,21,6132,10369,1824,2520,548160,274080,13.5417,0.8333,1.1187,3.7832,2920807,21321891.099999998,,7.3,,,,,,,,
config_CIN32_HIN56_WIN56_COUT16_K1_UFCIN8_UFCOU1_PAD1_STRIDE1_BIASTrue_conv2d_ACTIVATIONsigmoid_ap_fixed_16_5_,conv,vitis,csynth,,247,24,7900,11857,1824,2520,548160,274080,13.5417,0.9524,1.4412,4.3261,2920837,21322110.099999998,,7.3,,,,,,,,
config_CIN32_HIN56_WIN56_COUT16_K1_UFCIN8_UFCOU1_PAD1_STRIDE1_BIASTrue_group_conv2d_GROUPS2_ACTIVATIONrelu_ap_fixed_16_5_,conv,vitis,csynth,,247,29,6256,10543,1824,2520,548160,274080,13.5417,1.1508,1.1413,3.8467,5625583,41066755.9,,7.3,,,,,,,,
config_CIN32_HIN56_WIN56_COUT16_K1_UFCIN8_UFCOU1_PAD1_STRIDE1_BIASTrue_group_conv2d_GROUPS2_ACTIVATIONsigmoid_ap_fixed_16_5_,conv,vitis,csynth,,247,32,8024,12031,1824,2520,548160,274080,13.5417,1.2698,1.4638,4.3896,5625613,41066974.9,,7.3,,,,,,,,
config_CIN32_HIN56_WIN56_COUT16_K1_UFCIN8_UFCOU1_PAD1_STRIDE1_BIASTrue_group_conv2d_GROUPS4_ACTIVATIONrelu_ap_fixed_16_5_,conv,vitis,csynth,,247,29,6268,10546,1824,2520,548160,274080,13.5417,1.1508,1.1435,3.8478,10934211,79819740.3,,7.3,,,,,,,,
config_CIN32_HIN56_WIN56_COUT16_K1_UFCIN8_UFCOU1_PAD1_STRIDE1_BIASTrue_group_conv2d_GROUPS4_ACTIVATIONsigmoid_ap_fixed_16_5_,conv,vitis,csynth,,247,32,8036,12034,1824,2520,548160,274080,13.5417,1.2698,1.466,4.3907,10934241,79819959.3,,7.3,,,,,,,,
config_CIN32_HIN56_WIN56_COUT16_K1_UFCIN8_UFCOU4_PAD1_STRIDE1_BIASFalse_conv2d_ACTIVATIONrelu_ap_fixed_16_5_,conv,vitis,csynth,,249,47,7297,12472,1824,2520,548160,274080,13.6513,1.8651,1.3312,4.5505,1588634,11597028.2,,7.3,,,,,,,,
config_CIN32_HIN56_WIN56_COUT16_K1_UFCIN8_UFCOU4_PAD1_STRIDE1_BIASFalse_conv2d_ACTIVATIONsigmoid_ap_fixed_16_5_,conv,vitis,csynth,,249,50,9129,13992,1824,2520,548160,274080,13.6513,1.9841,1.6654,5.1051,1588664,11597247.2,,7.3,,,,,,,,
config_CIN32_HIN56_WIN56_COUT16_K1_UFCIN8_UFCOU4_PAD1_STRIDE1_BIASFalse_group_conv2d_GROUPS2_ACTIVATIONrelu_ap_fixed_16_5_,conv,vitis,csynth,,249,47,11053,17328,1824,2520,548160,274080,13.6513,1.8651,2.0164,6.3222,3916642,28591486.599999998,,7.3,,,,,,,,
config_CIN32_HIN56_WIN56_COUT16_K1_UFCIN8_UFCOU4_PAD1_STRIDE1_BIASFalse_group_conv2d_GROUPS2_ACTIVATIONsigmoid_ap_fixed_16_5_,conv,vitis,csynth,,249,50,12885,18848,1824,2520,548160,274080,13.6513,1.9841,2.3506,6.8768,3916672,28591705.599999998,,7.3,,,,,,,,
config_CIN32_HIN56_WIN56_COUT16_K1_UFCIN8_UFCOU4_PAD1_STRIDE1_BIASFalse_group_conv2d_GROUPS4_ACTIVATIONrelu_ap_fixed_16_5_,conv,vitis,csynth,,249,39,6740,11521,1824,2520,548160,274080,13.6513,1.5476,1.2296,4.2035,3277718,23927341.4,,7.3,,,,,,,,
config_CIN32_HIN56_WIN56_COUT16_K1_UFCIN8_UFCOU4_PAD1_STRIDE1_BIASFalse_group_conv2d_GROUPS4_ACTIVATIONsigmoid_ap_fixed_16_5_,conv,vitis,csynth,,249,42,8572,13041,1824,2520,548160,274080,13.6513,1.6667,1.5638,4.7581,3277748,23927560.4,,7.3,,,,,,,,
config_CIN32_HIN56_WIN56_COUT16_K1_UFCIN8_UFCOU4_PAD1_STRIDE1_BIASTrue_conv2d_ACTIVATIONrelu_ap_fixed_16_5_,conv,vitis,csynth,,249,47,7473,12770,1824,2520,548160,274080,13.6513,1.8651,1.3633,4.6592,1588663,11597239.9,,7.3,,,,,,,,
config_CIN32_HIN56_WIN56_COUT16_K1_UFCIN8_UFCOU4_PAD1_STRIDE1_BIASTrue_conv2d_ACTIVATIONsigmoid_ap_fixed_16_5_,conv,vitis,csynth,,249,50,9305,14290,1824,2520,548160,274080,13.6513,1.9841,1.6975,5.2138,1588693,11597458.9,,7.3,,,,,,,,
config_CIN32_HIN56_WIN56_COUT16_K1_UFCIN8_UFCOU4_PAD1_STRIDE1_BIASTrue_group_conv2d_GROUPS2_ACTIVATIONrelu_ap_fixed_16_5_,conv,vitis,csynth,,249,47,11229,17626,1824,2520,548160,274080,13.6513,1.8651,2.0485,6.431,3916671,28591698.3,,7.3,,,,,,,,
config_CIN32_HIN56_WIN56_COUT16_K1_UFCIN8_UFCOU4_PAD1_STRIDE1_BIASTrue_group_conv2d_GROUPS2_ACTIVATIONsigmoid_ap_fixed_16_5_,conv,vitis,csynth,,249,50,13061,19146,1824,2520,548160,274080,13.6513,1.9841,2.3827,6.9856,3916701,28591917.3,,7.3,,,,,,,,
config_CIN32_HIN56_WIN56_COUT16_K1_UFCIN8_UFCOU4_PAD1_STRIDE1_BIASTrue_group_conv2d_GROUPS4_ACTIVATIONrelu_ap_fixed_16_5_,conv,vitis,csynth,,249,39,6916,11819,1824,2520,548160,274080,13.6513,1.5476,1.2617,4.3122,3277747,23927553.099999998,,7.3,,,,,,,,
config_CIN32_HIN56_WIN56_COUT16_K1_UFCIN8_UFCOU4_PAD1_STRIDE1_BIASTrue_group_conv2d_GROUPS4_ACTIVATIONsigmoid_ap_fixed_16_5_,conv,vitis,csynth,,249,42,8748,13339,1824,2520,548160,274080,13.6513,1.6667,1.5959,4.8668,3277777,23927772.099999998,,7.3,,,,,,,,
config_CIN32_HIN56_WIN56_COUT16_K1_UFCIN8_UFCOU8_PAD1_STRIDE1_BIASFalse_conv2d_ACTIVATIONrelu_ap_fixed_16_5_,conv,vitis,csynth,,249,79,8572,15000,1824,2520,548160,274080,13.6513,3.1349,1.5638,5.4729,1366610,9976253.0,,7.3,,,,,,,,
config_CIN32_HIN56_WIN56_COUT16_K1_UFCIN8_UFCOU8_PAD1_STRIDE1_BIASFalse_conv2d_ACTIVATIONsigmoid_ap_fixed_16_5_,conv,vitis,csynth,,249,82,10404,16520,1824,2520,548160,274080,13.6513,3.254,1.898,6.0274,1366640,9976472.0,,7.3,,,,,,,,
config_CIN32_HIN56_WIN56_COUT16_K1_UFCIN8_UFCOU8_PAD1_STRIDE1_BIASFalse_group_conv2d_GROUPS2_ACTIVATIONrelu_ap_fixed_16_5_,conv,vitis,csynth,,249,72,7808,13447,1824,2520,548160,274080,13.6513,2.8571,1.4244,4.9062,2308998,16855685.4,,7.3,,,,,,,,
config_CIN32_HIN56_WIN56_COUT16_K1_UFCIN8_UFCOU8_PAD1_STRIDE1_BIASFalse_group_conv2d_GROUPS2_ACTIVATIONsigmoid_ap_fixed_16_5_,conv,vitis,csynth,,249,75,9640,14967,1824,2520,548160,274080,13.6513,2.9762,1.7586,5.4608,2309028,16855904.4,,7.3,,,,,,,,
config_CIN32_HIN56_WIN56_COUT16_K1_UFCIN8_UFCOU8_PAD1_STRIDE1_BIASFalse_group_conv2d_GROUPS4_ACTIVATIONrelu_ap_fixed_16_5_,conv,vitis,csynth,,249,49,8336,16739,1824,2520,548160,274080,13.6513,1.9444,1.5207,6.1073,10511014,76730402.2,,7.3,,,,,,,,
config_CIN32_HIN56_WIN56_COUT16_K1_UFCIN8_UFCOU8_PAD1_STRIDE1_BIASFalse_group_conv2d_GROUPS4_ACTIVATIONsigmoid_ap_fixed_16_5_,conv,vitis,csynth,,249,52,10168,18259,1824,2520,548160,274080,13.6513,2.0635,1.8549,6.6619,10511044,76730621.2,,7.3,,,,,,,,
config_CIN32_HIN56_WIN56_COUT16_K1_UFCIN8_UFCOU8_PAD1_STRIDE1_BIASTrue_conv2d_ACTIVATIONrelu_ap_fixed_16_5_,conv,vitis,csynth,,249,79,8810,15450,1824,2520,548160,274080,13.6513,3.1349,1.6072,5.637,1366639,9976464.7,,7.3,,,,,,,,
config_CIN32_HIN56_WIN56_COUT16_K1_UFCIN8_UFCOU8_PAD1_STRIDE1_BIASTrue_conv2d_ACTIVATIONsigmoid_ap_fixed_16_5_,conv,vitis,csynth,,249,82,10642,16970,1824,2520,548160,274080,13.6513,3.254,1.9414,6.1916,1366669,9976683.7,,7.3,,,,,,,,
config_CIN32_HIN56_WIN56_COUT16_K1_UFCIN8_UFCOU8_PAD1_STRIDE1_BIASTrue_group_conv2d_GROUPS2_ACTIVATIONrelu_ap_fixed_16_5_,conv,vitis,csynth,,249,72,8046,13897,1824,2520,548160,274080,13.6513,2.8571,1.4678,5.0704,2309027,16855897.099999998,,7.3,,,,,,,,
config_CIN32_HIN56_WIN56_COUT16_K1_UFCIN8_UFCOU8_PAD1_STRIDE1_BIASTrue_group_conv2d_GROUPS2_ACTIVATIONsigmoid_ap_fixed_16_5_,conv,vitis,csynth,,249,75,9878,15417,1824,2520,548160,274080,13.6513,2.9762,1.802,5.625,2309057,16856116.099999998,,7.3,,,,,,,,
config_CIN32_HIN56_WIN56_COUT16_K1_UFCIN8_UFCOU8_PAD1_STRIDE1_BIASTrue_group_conv2d_GROUPS4_ACTIVATIONrelu_ap_fixed_16_5_,conv,vitis,csynth,,249,49,8574,17189,1824,2520,548160,274080,13.6513,1.9444,1.5641,6.2715,10511043,76730613.89999999,,7.3,,,,,,,,
config_CIN32_HIN56_WIN56_COUT16_K1_UFCIN8_UFCOU8_PAD1_STRIDE1_BIASTrue_group_conv2d_GROUPS4_ACTIVATIONsigmoid_ap_fixed_16_5_,conv,vitis,csynth,,249,52,10406,18709,1824,2520,548160,274080,13.6513,2.0635,1.8984,6.8261,10511073,76730832.89999999,,7.3,,,,,,,,
config_CIN32_HIN56_WIN56_COUT16_K3_UFCIN1_UFCOU1_PAD1_STRIDE1_BIASFalse_conv2d_ACTIVATIONrelu_ap_fixed_16_5_,conv,vitis,csynth,,213,2,5100,9238,1824,2520,548160,274080,11.6776,0.0794,0.9304,3.3705,14929767,108987299.1,,7.3,,,,,,,,
config_CIN32_HIN56_WIN56_COUT16_K3_UFCIN1_UFCOU1_PAD1_STRIDE1_BIASFalse_conv2d_ACTIVATIONsigmoid_ap_fixed_16_5_,conv,vitis,csynth,,213,5,6803,10691,1824,2520,548160,274080,11.6776,0.1984,1.2411,3.9007,14929796,108987510.8,,7.3,,,,,,,,
config_CIN32_HIN56_WIN56_COUT16_K3_UFCIN1_UFCOU1_PAD1_STRIDE1_BIASFalse_group_conv2d_GROUPS2_ACTIVATIONrelu_ap_fixed_16_5_,conv,vitis,csynth,,213,6,5519,9962,1824,2520,548160,274080,11.6776,0.2381,1.0068,3.6347,58448157,426671546.09999996,,7.3,,,,,,,,
config_CIN32_HIN56_WIN56_COUT16_K3_UFCIN1_UFCOU1_PAD1_STRIDE1_BIASFalse_group_conv2d_GROUPS2_ACTIVATIONsigmoid_ap_fixed_16_5_,conv,vitis,csynth,,213,9,7222,11415,1824,2520,548160,274080,11.6776,0.3571,1.3175,4.1648,58448186,426671757.8,,7.3,,,,,,,,
config_CIN32_HIN56_WIN56_COUT16_K3_UFCIN1_UFCOU1_PAD1_STRIDE1_BIASFalse_group_conv2d_GROUPS4_ACTIVATIONrelu_ap_fixed_16_5_,conv,vitis,csynth,,213,6,5521,9965,1824,2520,548160,274080,11.6776,0.2381,1.0072,3.6358,116640003,851472021.9,,7.3,,,,,,,,
config_CIN32_HIN56_WIN56_COUT16_K3_UFCIN1_UFCOU1_PAD1_STRIDE1_BIASFalse_group_conv2d_GROUPS4_ACTIVATIONsigmoid_ap_fixed_16_5_,conv,vitis,csynth,,213,9,7224,11418,1824,2520,548160,274080,11.6776,0.3571,1.3179,4.1659,116640032,851472233.6,,7.3,,,,,,,,
config_CIN32_HIN56_WIN56_COUT16_K3_UFCIN1_UFCOU1_PAD1_STRIDE1_BIASTrue_conv2d_ACTIVATIONrelu_ap_fixed_16_5_,conv,vitis,csynth,,213,2,5233,9449,1824,2520,548160,274080,11.6776,0.0794,0.9546,3.4475,14979907,109353321.1,,7.3,,,,,,,,
config_CIN32_HIN56_WIN56_COUT16_K3_UFCIN1_UFCOU1_PAD1_STRIDE1_BIASTrue_conv2d_ACTIVATIONsigmoid_ap_fixed_16_5_,conv,vitis,csynth,,213,5,6936,10902,1824,2520,548160,274080,11.6776,0.1984,1.2653,3.9777,14979936,109353532.8,,7.3,,,,,,,,
config_CIN32_HIN56_WIN56_COUT16_K3_UFCIN1_UFCOU1_PAD1_STRIDE1_BIASTrue_group_conv2d_GROUPS2_ACTIVATIONrelu_ap_fixed_16_5_,conv,vitis,csynth,,213,6,5652,10173,1824,2520,548160,274080,11.6776,0.2381,1.0311,3.7117,58498297,427037568.09999996,,7.3,,,,,,,,
config_CIN32_HIN56_WIN56_COUT16_K3_UFCIN1_UFCOU1_PAD1_STRIDE1_BIASTrue_group_conv2d_GROUPS2_ACTIVATIONsigmoid_ap_fixed_16_5_,conv,vitis,csynth,,213,9,7355,11625,1824,2520,548160,274080,11.6776,0.3571,1.3418,4.2415,58498326,427037779.8,,7.3,,,,,,,,
config_CIN32_HIN56_WIN56_COUT16_K3_UFCIN1_UFCOU1_PAD1_STRIDE1_BIASTrue_group_conv2d_GROUPS4_ACTIVATIONrelu_ap_fixed_16_5_,conv,vitis,csynth,,213,6,5654,10176,1824,2520,548160,274080,11.6776,0.2381,1.0315,3.7128,116690143,851838043.9,,7.3,,,,,,,,
config_CIN32_HIN56_WIN56_COUT16_K3_UFCIN1_UFCOU1_PAD1_STRIDE1_BIASTrue_group_conv2d_GROUPS4_ACTIVATIONsigmoid_ap_fixed_16_5_,conv,vitis,csynth,,213,9,7357,11628,1824,2520,548160,274080,11.6776,0.3571,1.3421,4.2426,116690172,851838255.6,,7.3,,,,,,,,
config_CIN32_HIN56_WIN56_COUT16_K3_UFCIN1_UFCOU4_PAD1_STRIDE1_BIASFalse_conv2d_ACTIVATIONrelu_ap_fixed_16_5_,conv,vitis,csynth,,225,5,5242,10061,1824,2520,548160,274080,12.3355,0.1984,0.9563,3.6708,4104231,29960886.3,,7.3,,,,,,,,
config_CIN32_HIN56_WIN56_COUT16_K3_UFCIN1_UFCOU4_PAD1_STRIDE1_BIASFalse_conv2d_ACTIVATIONsigmoid_ap_fixed_16_5_,conv,vitis,csynth,,225,8,7137,11606,1824,2520,548160,274080,12.3355,0.3175,1.302,4.2345,4104260,29961098.0,,7.3,,,,,,,,
config_CIN32_HIN56_WIN56_COUT16_K3_UFCIN1_UFCOU4_PAD1_STRIDE1_BIASFalse_group_conv2d_GROUPS2_ACTIVATIONrelu_ap_fixed_16_5_,conv,vitis,csynth,,225,5,5858,10764,1824,2520,548160,274080,12.3355,0.1984,1.0687,3.9273,31139803,227320561.9,,7.3,,,,,,,,
config_CIN32_HIN56_WIN56_COUT16_K3_UFCIN1_UFCOU4_PAD1_STRIDE1_BIASFalse_group_conv2d_GROUPS2_ACTIVATIONsigmoid_ap_fixed_16_5_,conv,vitis,csynth,,225,8,7753,12309,1824,2520,548160,274080,12.3355,0.3175,1.4144,4.491,31139832,227320773.6,,7.3,,,,,,,,
config_CIN32_HIN56_WIN56_COUT16_K3_UFCIN1_UFCOU4_PAD1_STRIDE1_BIASFalse_group_conv2d_GROUPS4_ACTIVATIONrelu_ap_fixed_16_5_,conv,vitis,csynth,,225,5,5384,10165,1824,2520,548160,274080,12.3355,0.1984,0.9822,3.7088,62123711,453503090.3,,7.3,,,,,,,,
config_CIN32_HIN56_WIN56_COUT16_K3_UFCIN1_UFCOU4_PAD1_STRIDE1_BIASFalse_group_conv2d_GROUPS4_ACTIVATIONsigmoid_ap_fixed_16_5_,conv,vitis,csynth,,225,8,7279,11710,1824,2520,548160,274080,12.3355,0.3175,1.3279,4.2725,62123740,453503302.0,,7.3,,,,,,,,
config_CIN32_HIN56_WIN56_COUT16_K3_UFCIN1_UFCOU4_PAD1_STRIDE1_BIASTrue_conv2d_ACTIVATIONrelu_ap_fixed_16_5_,conv,vitis,csynth,,225,5,5418,10382,1824,2520,548160,274080,12.3355,0.1984,0.9884,3.7879,4104260,29961098.0,,7.3,,,,,,,,
config_CIN32_HIN56_WIN56_COUT16_K3_UFCIN1_UFCOU4_PAD1_STRIDE1_BIASTrue_conv2d_ACTIVATIONsigmoid_ap_fixed_16_5_,conv,vitis,csynth,,225,8,7313,11931,1824,2520,548160,274080,12.3355,0.3175,1.3341,4.3531,4104289,29961309.7,,7.3,,,,,,,,
config_CIN32_HIN56_WIN56_COUT16_K3_UFCIN1_UFCOU4_PAD1_STRIDE1_BIASTrue_group_conv2d_GROUPS2_ACTIVATIONrelu_ap_fixed_16_5_,conv,vitis,csynth,,225,5,6034,11085,1824,2520,548160,274080,12.3355,0.1984,1.1008,4.0444,31139832,227320773.6,,7.3,,,,,,,,
config_CIN32_HIN56_WIN56_COUT16_K3_UFCIN1_UFCOU4_PAD1_STRIDE1_BIASTrue_group_conv2d_GROUPS2_ACTIVATIONsigmoid_ap_fixed_16_5_,conv,vitis,csynth,,225,8,7929,12634,1824,2520,548160,274080,12.3355,0.3175,1.4465,4.6096,31139861,227320985.29999998,,7.3,,,,,,,,
config_CIN32_HIN56_WIN56_COUT16_K3_UFCIN1_UFCOU4_PAD1_STRIDE1_BIASTrue_group_conv2d_GROUPS4_ACTIVATIONrelu_ap_fixed_16_5_,conv,vitis,csynth,,225,5,5560,10486,1824,2520,548160,274080,12.3355,0.1984,1.0143,3.8259,62123740,453503302.0,,7.3,,,,,,,,
config_CIN32_HIN56_WIN56_COUT16_K3_UFCIN1_UFCOU4_PAD1_STRIDE1_BIASTrue_group_conv2d_GROUPS4_ACTIVATIONsigmoid_ap_fixed_16_5_,conv,vitis,csynth,,225,8,7455,12035,1824,2520,548160,274080,12.3355,0.3175,1.36,4.3911,62123769,453503513.7,,7.3,,,,,,,,
config_CIN32_HIN56_WIN56_COUT16_K3_UFCIN1_UFCOU8_PAD1_STRIDE1_BIASFalse_conv2d_ACTIVATIONrelu_ap_fixed_16_5_,conv,vitis,csynth,,225,9,5466,10788,1824,2520,548160,274080,12.3355,0.3571,0.9972,3.9361,4069735,29709065.5,,7.3,,,,,,,,
config_CIN32_HIN56_WIN56_COUT16_K3_UFCIN1_UFCOU8_PAD1_STRIDE1_BIASFalse_conv2d_ACTIVATIONsigmoid_ap_fixed_16_5_,conv,vitis,csynth,,225,12,7233,12269,1824,2520,548160,274080,12.3355,0.4762,1.3195,4.4764,4069764,29709277.2,,7.3,,,,,,,,
config_CIN32_HIN56_WIN56_COUT16_K3_UFCIN1_UFCOU8_PAD1_STRIDE1_BIASFalse_group_conv2d_GROUPS2_ACTIVATIONrelu_ap_fixed_16_5_,conv,vitis,csynth,,225,9,5488,10843,1824,2520,548160,274080,12.3355,0.3571,1.0012,3.9561,60091355,438666891.5,,7.3,,,,,,,,
config_CIN32_HIN56_WIN56_COUT16_K3_UFCIN1_UFCOU8_PAD1_STRIDE1_BIASFalse_group_conv2d_GROUPS2_ACTIVATIONsigmoid_ap_fixed_16_5_,conv,vitis,csynth,,225,12,7255,12324,1824,2520,548160,274080,12.3355,0.4762,1.3235,4.4965,60091384,438667103.2,,7.3,,,,,,,,
config_CIN32_HIN56_WIN56_COUT16_K3_UFCIN1_UFCOU8_PAD1_STRIDE1_BIASFalse_group_conv2d_GROUPS4_ACTIVATIONrelu_ap_fixed_16_5_,conv,vitis,csynth,,225,9,5746,12682,1824,2520,548160,274080,12.3355,0.3571,1.0482,4.6271,65617215,479005669.5,,7.3,,,,,,,,
config_CIN32_HIN56_WIN56_COUT16_K3_UFCIN1_UFCOU8_PAD1_STRIDE1_BIASFalse_group_conv2d_GROUPS4_ACTIVATIONsigmoid_ap_fixed_16_5_,conv,vitis,csynth,,225,12,7513,14163,1824,2520,548160,274080,12.3355,0.4762,1.3706,5.1675,65617244,479005881.2,,7.3,,,,,,,,
config_CIN32_HIN56_WIN56_COUT16_K3_UFCIN1_UFCOU8_PAD1_STRIDE1_BIASTrue_conv2d_ACTIVATIONrelu_ap_fixed_16_5_,conv,vitis,csynth,,225,9,5705,11261,1824,2520,548160,274080,12.3355,0.3571,1.0408,4.1087,4069764,29709277.2,,7.3,,,,,,,,
config_CIN32_HIN56_WIN56_COUT16_K3_UFCIN1_UFCOU8_PAD1_STRIDE1_BIASTrue_conv2d_ACTIVATIONsigmoid_ap_fixed_16_5_,conv,vitis,csynth,,225,12,7472,12746,1824,2520,548160,274080,12.3355,0.4762,1.3631,4.6505,4069793,29709488.9,,7.3,,,,,,,,
config_CIN32_HIN56_WIN56_COUT16_K3_UFCIN1_UFCOU8_PAD1_STRIDE1_BIASTrue_group_conv2d_GROUPS2_ACTIVATIONrelu_ap_fixed_16_5_,conv,vitis,csynth,,225,9,5727,11316,1824,2520,548160,274080,12.3355,0.3571,1.0448,4.1287,60091384,438667103.2,,7.3,,,,,,,,
config_CIN32_HIN56_WIN56_COUT16_K3_UFCIN1_UFCOU8_PAD1_STRIDE1_BIASTrue_group_conv2d_GROUPS2_ACTIVATIONsigmoid_ap_fixed_16_5_,conv,vitis,csynth,,225,12,7494,12801,1824,2520,548160,274080,12.3355,0.4762,1.3671,4.6705,60091413,438667314.9,,7.3,,,,,,,,
config_CIN32_HIN56_WIN56_COUT16_K3_UFCIN1_UFCOU8_PAD1_STRIDE1_BIASTrue_group_conv2d_GROUPS4_ACTIVATIONrelu_ap_fixed_16_5_,conv,vitis,csynth,,225,9,5985,13155,1824,2520,548160,274080,12.3355,0.3571,1.0918,4.7997,65617244,479005881.2,,7.3,,,,,,,,
config_CIN32_HIN56_WIN56_COUT16_K3_UFCIN1_UFCOU8_PAD1_STRIDE1_BIASTrue_group_conv2d_GROUPS4_ACTIVATIONsigmoid_ap_fixed_16_5_,conv,vitis,csynth,,225,12,7752,14640,1824,2520,548160,274080,12.3355,0.4762,1.4142,5.3415,65617273,479006092.9,,7.3,,,,,,,,
config_CIN32_HIN56_WIN56_COUT16_K3_UFCIN4_UFCOU1_PAD1_STRIDE1_BIASFalse_conv2d_ACTIVATIONrelu_ap_fixed_16_5_,conv,vitis,csynth,,227,5,5509,10157,1824,2520,548160,274080,12.4452,0.1984,1.005,3.7059,21386727,156123107.1,,7.3,,,,,,,,
config_CIN32_HIN56_WIN56_COUT16_K3_UFCIN4_UFCOU1_PAD1_STRIDE1_BIASFalse_conv2d_ACTIVATIONsigmoid_ap_fixed_16_5_,conv,vitis,csynth,,227,8,7212,11606,1824,2520,548160,274080,12.4452,0.3175,1.3157,4.2345,21386756,156123318.79999998,,7.3,,,,,,,,
config_CIN32_HIN56_WIN56_COUT16_K3_UFCIN4_UFCOU1_PAD1_STRIDE1_BIASFalse_group_conv2d_GROUPS2_ACTIVATIONrelu_ap_fixed_16_5_,conv,vitis,csynth,,227,5,5673,10421,1824,2520,548160,274080,12.4452,0.1984,1.0349,3.8022,42862171,312893848.3,,7.3,,,,,,,,
config_CIN32_HIN56_WIN56_COUT16_K3_UFCIN4_UFCOU1_PAD1_STRIDE1_BIASFalse_group_conv2d_GROUPS2_ACTIVATIONsigmoid_ap_fixed_16_5_,conv,vitis,csynth,,227,8,7376,11870,1824,2520,548160,274080,12.4452,0.3175,1.3456,4.3309,42862200,312894060.0,,7.3,,,,,,,,
config_CIN32_HIN56_WIN56_COUT16_K3_UFCIN4_UFCOU1_PAD1_STRIDE1_BIASFalse_group_conv2d_GROUPS4_ACTIVATIONrelu_ap_fixed_16_5_,conv,vitis,csynth,,227,5,5676,10424,1824,2520,548160,274080,12.4452,0.1984,1.0355,3.8033,85417919,623550808.6999999,,7.3,,,,,,,,
config_CIN32_HIN56_WIN56_COUT16_K3_UFCIN4_UFCOU1_PAD1_STRIDE1_BIASFalse_group_conv2d_GROUPS4_ACTIVATIONsigmoid_ap_fixed_16_5_,conv,vitis,csynth,,227,8,7379,11873,1824,2520,548160,274080,12.4452,0.3175,1.3461,4.3319,85417948,623551020.4,,7.3,,,,,,,,
config_CIN32_HIN56_WIN56_COUT16_K3_UFCIN4_UFCOU1_PAD1_STRIDE1_BIASTrue_conv2d_ACTIVATIONrelu_ap_fixed_16_5_,conv,vitis,csynth,,227,5,5642,10367,1824,2520,548160,274080,12.4452,0.1984,1.0293,3.7825,21386756,156123318.79999998,,7.3,,,,,,,,
config_CIN32_HIN56_WIN56_COUT16_K3_UFCIN4_UFCOU1_PAD1_STRIDE1_BIASTrue_conv2d_ACTIVATIONsigmoid_ap_fixed_16_5_,conv,vitis,csynth,,227,8,7345,11820,1824,2520,548160,274080,12.4452,0.3175,1.3399,4.3126,21386785,156123530.5,,7.3,,,,,,,,
config_CIN32_HIN56_WIN56_COUT16_K3_UFCIN4_UFCOU1_PAD1_STRIDE1_BIASTrue_group_conv2d_GROUPS2_ACTIVATIONrelu_ap_fixed_16_5_,conv,vitis,csynth,,227,5,5806,10631,1824,2520,548160,274080,12.4452,0.1984,1.0592,3.8788,42862200,312894060.0,,7.3,,,,,,,,
config_CIN32_HIN56_WIN56_COUT16_K3_UFCIN4_UFCOU1_PAD1_STRIDE1_BIASTrue_group_conv2d_GROUPS2_ACTIVATIONsigmoid_ap_fixed_16_5_,conv,vitis,csynth,,227,8,7509,12084,1824,2520,548160,274080,12.4452,0.3175,1.3699,4.4089,42862229,312894271.7,,7.3,,,,,,,,
config_CIN32_HIN56_WIN56_COUT16_K3_UFCIN4_UFCOU1_PAD1_STRIDE1_BIASTrue_group_conv2d_GROUPS4_ACTIVATIONrelu_ap_fixed_16_5_,conv,vitis,csynth,,227,5,5809,10634,1824,2520,548160,274080,12.4452,0.1984,1.0597,3.8799,85417948,623551020.4,,7.3,,,,,,,,
config_CIN32_HIN56_WIN56_COUT16_K3_UFCIN4_UFCOU1_PAD1_STRIDE1_BIASTrue_group_conv2d_GROUPS4_ACTIVATIONsigmoid_ap_fixed_16_5_,conv,vitis,csynth,,227,8,7512,12087,1824,2520,548160,274080,12.4452,0.3175,1.3704,4.41,85417977,623551232.1,,7.3,,,,,,,,
config_CIN32_HIN56_WIN56_COUT16_K3_UFCIN4_UFCOU4_PAD1_STRIDE1_BIASFalse_conv2d_ACTIVATIONrelu_ap_fixed_16_5_,conv,vitis,csynth,,247,17,5870,11541,1824,2520,548160,274080,13.5417,0.6746,1.0709,4.2108,10511079,76730876.7,,7.3,,,,,,,,
config_CIN32_HIN56_WIN56_COUT16_K3_UFCIN4_UFCOU4_PAD1_STRIDE1_BIASFalse_conv2d_ACTIVATIONsigmoid_ap_fixed_16_5_,conv,vitis,csynth,,247,20,7765,13086,1824,2520,548160,274080,13.5417,0.7937,1.4166,4.7745,10511108,76731088.39999999,,7.3,,,,,,,,
config_CIN32_HIN56_WIN56_COUT16_K3_UFCIN4_UFCOU4_PAD1_STRIDE1_BIASFalse_group_conv2d_GROUPS2_ACTIVATIONrelu_ap_fixed_16_5_,conv,vitis,csynth,,247,17,7707,13934,1824,2520,548160,274080,13.5417,0.6746,1.406,5.0839,27470683,200535985.9,,7.3,,,,,,,,
config_CIN32_HIN56_WIN56_COUT16_K3_UFCIN4_UFCOU4_PAD1_STRIDE1_BIASFalse_group_conv2d_GROUPS2_ACTIVATIONsigmoid_ap_fixed_16_5_,conv,vitis,csynth,,247,20,9602,15479,1824,2520,548160,274080,13.5417,0.7937,1.7517,5.6476,27470712,200536197.6,,7.3,,,,,,,,
config_CIN32_HIN56_WIN56_COUT16_K3_UFCIN4_UFCOU4_PAD1_STRIDE1_BIASFalse_group_conv2d_GROUPS4_ACTIVATIONrelu_ap_fixed_16_5_,conv,vitis,csynth,,247,17,5693,10946,1824,2520,548160,274080,13.5417,0.6746,1.0386,3.9937,29609663,216150539.9,,7.3,,,,,,,,
config_CIN32_HIN56_WIN56_COUT16_K3_UFCIN4_UFCOU4_PAD1_STRIDE1_BIASFalse_group_conv2d_GROUPS4_ACTIVATIONsigmoid_ap_fixed_16_5_,conv,vitis,csynth,,247,20,7588,12491,1824,2520,548160,274080,13.5417,0.7937,1.3843,4.5574,29609692,216150751.6,,7.3,,,,,,,,
config_CIN32_HIN56_WIN56_COUT16_K3_UFCIN4_UFCOU4_PAD1_STRIDE1_BIASTrue_conv2d_ACTIVATIONrelu_ap_fixed_16_5_,conv,vitis,csynth,,247,17,6046,11862,1824,2520,548160,274080,13.5417,0.6746,1.103,4.3279,10511108,76731088.39999999,,7.3,,,,,,,,
config_CIN32_HIN56_WIN56_COUT16_K3_UFCIN4_UFCOU4_PAD1_STRIDE1_BIASTrue_conv2d_ACTIVATIONsigmoid_ap_fixed_16_5_,conv,vitis,csynth,,247,20,7941,13411,1824,2520,548160,274080,13.5417,0.7937,1.4487,4.8931,10511137,76731300.1,,7.3,,,,,,,,
config_CIN32_HIN56_WIN56_COUT16_K3_UFCIN4_UFCOU4_PAD1_STRIDE1_BIASTrue_group_conv2d_GROUPS2_ACTIVATIONrelu_ap_fixed_16_5_,conv,vitis,csynth,,247,17,7883,14255,1824,2520,548160,274080,13.5417,0.6746,1.4381,5.201,27470712,200536197.6,,7.3,,,,,,,,
config_CIN32_HIN56_WIN56_COUT16_K3_UFCIN4_UFCOU4_PAD1_STRIDE1_BIASTrue_group_conv2d_GROUPS2_ACTIVATIONsigmoid_ap_fixed_16_5_,conv,vitis,csynth,,247,20,9778,15804,1824,2520,548160,274080,13.5417,0.7937,1.7838,5.7662,27470741,200536409.29999998,,7.3,,,,,,,,
config_CIN32_HIN56_WIN56_COUT16_K3_UFCIN4_UFCOU4_PAD1_STRIDE1_BIASTrue_group_conv2d_GROUPS4_ACTIVATIONrelu_ap_fixed_16_5_,conv,vitis,csynth,,247,17,5869,11267,1824,2520,548160,274080,13.5417,0.6746,1.0707,4.1108,29609692,216150751.6,,7.3,,,,,,,,
config_CIN32_HIN56_WIN56_COUT16_K3_UFCIN4_UFCOU4_PAD1_STRIDE1_BIASTrue_group_conv2d_GROUPS4_ACTIVATIONsigmoid_ap_fixed_16_5_,conv,vitis,csynth,,247,20,7764,12816,1824,2520,548160,274080,13.5417,0.7937,1.4164,4.676,29609721,216150963.29999998,,7.3,,,,,,,,
config_CIN32_HIN56_WIN56_COUT16_K3_UFCIN4_UFCOU8_PAD1_STRIDE1_BIASFalse_conv2d_ACTIVATIONrelu_ap_fixed_16_5_,conv,vitis,csynth,,263,33,6251,13076,1824,2520,548160,274080,14.4189,1.3095,1.1404,4.7709,8698471,63498838.3,,7.3,,,,,,,,
config_CIN32_HIN56_WIN56_COUT16_K3_UFCIN4_UFCOU8_PAD1_STRIDE1_BIASFalse_conv2d_ACTIVATIONsigmoid_ap_fixed_16_5_,conv,vitis,csynth,,263,36,8018,14557,1824,2520,548160,274080,14.4189,1.4286,1.4627,5.3112,8698500,63499050.0,,7.3,,,,,,,,
config_CIN32_HIN56_WIN56_COUT16_K3_UFCIN4_UFCOU8_PAD1_STRIDE1_BIASFalse_group_conv2d_GROUPS2_ACTIVATIONrelu_ap_fixed_16_5_,conv,vitis,csynth,,263,33,6042,12230,1824,2520,548160,274080,14.4189,1.3095,1.1022,4.4622,23061467,168348709.1,,7.3,,,,,,,,
config_CIN32_HIN56_WIN56_COUT16_K3_UFCIN4_UFCOU8_PAD1_STRIDE1_BIASFalse_group_conv2d_GROUPS2_ACTIVATIONsigmoid_ap_fixed_16_5_,conv,vitis,csynth,,263,36,7809,13711,1824,2520,548160,274080,14.4189,1.4286,1.4246,5.0026,23061496,168348920.79999998,,7.3,,,,,,,,
config_CIN32_HIN56_WIN56_COUT16_K3_UFCIN4_UFCOU8_PAD1_STRIDE1_BIASFalse_group_conv2d_GROUPS4_ACTIVATIONrelu_ap_fixed_16_5_,conv,vitis,csynth,,263,21,6366,14822,1824,2520,548160,274080,14.4189,0.8333,1.1613,5.4079,75890751,554002482.3,,7.3,,,,,,,,
config_CIN32_HIN56_WIN56_COUT16_K3_UFCIN4_UFCOU8_PAD1_STRIDE1_BIASFalse_group_conv2d_GROUPS4_ACTIVATIONsigmoid_ap_fixed_16_5_,conv,vitis,csynth,,263,24,8133,16303,1824,2520,548160,274080,14.4189,0.9524,1.4837,5.9483,75890780,554002694.0,,7.3,,,,,,,,
config_CIN32_HIN56_WIN56_COUT16_K3_UFCIN4_UFCOU8_PAD1_STRIDE1_BIASTrue_conv2d_ACTIVATIONrelu_ap_fixed_16_5_,conv,vitis,csynth,,263,33,6490,13549,1824,2520,548160,274080,14.4189,1.3095,1.184,4.9434,8698500,63499050.0,,7.3,,,,,,,,
config_CIN32_HIN56_WIN56_COUT16_K3_UFCIN4_UFCOU8_PAD1_STRIDE1_BIASTrue_conv2d_ACTIVATIONsigmoid_ap_fixed_16_5_,conv,vitis,csynth,,263,36,8257,15034,1824,2520,548160,274080,14.4189,1.4286,1.5063,5.4853,8698529,63499261.699999996,,7.3,,,,,,,,
config_CIN32_HIN56_WIN56_COUT16_K3_UFCIN4_UFCOU8_PAD1_STRIDE1_BIASTrue_group_conv2d_GROUPS2_ACTIVATIONrelu_ap_fixed_16_5_,conv,vitis,csynth,,263,33,6281,12703,1824,2520,548160,274080,14.4189,1.3095,1.1458,4.6348,23061496,168348920.79999998,,7.3,,,,,,,,
config_CIN32_HIN56_WIN56_COUT16_K3_UFCIN4_UFCOU8_PAD1_STRIDE1_BIASTrue_group_conv2d_GROUPS2_ACTIVATIONsigmoid_ap_fixed_16_5_,conv,vitis,csynth,,263,36,8048,14188,1824,2520,548160,274080,14.4189,1.4286,1.4682,5.1766,23061525,168349132.5,,7.3,,,,,,,,
config_CIN32_HIN56_WIN56_COUT16_K3_UFCIN4_UFCOU8_PAD1_STRIDE1_BIASTrue_group_conv2d_GROUPS4_ACTIVATIONrelu_ap_fixed_16_5_,conv,vitis,csynth,,263,21,6605,15295,1824,2520,548160,274080,14.4189,0.8333,1.2049,5.5805,75890780,554002694.0,,7.3,,,,,,,,
config_CIN32_HIN56_WIN56_COUT16_K3_UFCIN4_UFCOU8_PAD1_STRIDE1_BIASTrue_group_conv2d_GROUPS4_ACTIVATIONsigmoid_ap_fixed_16_5_,conv,vitis,csynth,,263,24,8372,16780,1824,2520,548160,274080,14.4189,0.9524,1.5273,6.1223,75890809,554002905.6999999,,7.3,,,,,,,,
config_CIN32_HIN56_WIN56_COUT16_K3_UFCIN8_UFCOU1_PAD1_STRIDE1_BIASFalse_conv2d_ACTIVATIONrelu_ap_fixed_16_5_,conv,vitis,csynth,,243,9,5976,11469,1824,2520,548160,274080,13.3224,0.3571,1.0902,4.1845,21273831,155298966.29999998,,7.3,,,,,,,,
config_CIN32_HIN56_WIN56_COUT16_K3_UFCIN8_UFCOU1_PAD1_STRIDE1_BIASFalse_conv2d_ACTIVATIONsigmoid_ap_fixed_16_5_,conv,vitis,csynth,,243,12,7679,12918,1824,2520,548160,274080,13.3224,0.4762,1.4009,4.7132,21273860,155299178.0,,7.3,,,,,,,,
config_CIN32_HIN56_WIN56_COUT16_K3_UFCIN8_UFCOU1_PAD1_STRIDE1_BIASFalse_group_conv2d_GROUPS2_ACTIVATIONrelu_ap_fixed_16_5_,conv,vitis,csynth,,243,9,6260,11850,1824,2520,548160,274080,13.3224,0.3571,1.142,4.3236,43087963,314542129.9,,7.3,,,,,,,,
config_CIN32_HIN56_WIN56_COUT16_K3_UFCIN8_UFCOU1_PAD1_STRIDE1_BIASFalse_group_conv2d_GROUPS2_ACTIVATIONsigmoid_ap_fixed_16_5_,conv,vitis,csynth,,243,12,7963,13299,1824,2520,548160,274080,13.3224,0.4762,1.4527,4.8522,43087992,314542341.59999996,,7.3,,,,,,,,
config_CIN32_HIN56_WIN56_COUT16_K3_UFCIN8_UFCOU1_PAD1_STRIDE1_BIASFalse_group_conv2d_GROUPS4_ACTIVATIONrelu_ap_fixed_16_5_,conv,vitis,csynth,,243,9,6272,11853,1824,2520,548160,274080,13.3224,0.3571,1.1442,4.3246,85869503,626847371.9,,7.3,,,,,,,,
config_CIN32_HIN56_WIN56_COUT16_K3_UFCIN8_UFCOU1_PAD1_STRIDE1_BIASFalse_group_conv2d_GROUPS4_ACTIVATIONsigmoid_ap_fixed_16_5_,conv,vitis,csynth,,243,12,7975,13302,1824,2520,548160,274080,13.3224,0.4762,1.4549,4.8533,85869532,626847583.6,,7.3,,,,,,,,
config_CIN32_HIN56_WIN56_COUT16_K3_UFCIN8_UFCOU1_PAD1_STRIDE1_BIASTrue_conv2d_ACTIVATIONrelu_ap_fixed_16_5_,conv,vitis,csynth,,243,9,6109,11679,1824,2520,548160,274080,13.3224,0.3571,1.1145,4.2612,21273860,155299178.0,,7.3,,,,,,,,
config_CIN32_HIN56_WIN56_COUT16_K3_UFCIN8_UFCOU1_PAD1_STRIDE1_BIASTrue_conv2d_ACTIVATIONsigmoid_ap_fixed_16_5_,conv,vitis,csynth,,243,12,7812,13132,1824,2520,548160,274080,13.3224,0.4762,1.4251,4.7913,21273889,155299389.7,,7.3,,,,,,,,
config_CIN32_HIN56_WIN56_COUT16_K3_UFCIN8_UFCOU1_PAD1_STRIDE1_BIASTrue_group_conv2d_GROUPS2_ACTIVATIONrelu_ap_fixed_16_5_,conv,vitis,csynth,,243,9,6393,12060,1824,2520,548160,274080,13.3224,0.3571,1.1663,4.4002,43087992,314542341.59999996,,7.3,,,,,,,,
config_CIN32_HIN56_WIN56_COUT16_K3_UFCIN8_UFCOU1_PAD1_STRIDE1_BIASTrue_group_conv2d_GROUPS2_ACTIVATIONsigmoid_ap_fixed_16_5_,conv,vitis,csynth,,243,12,8096,13513,1824,2520,548160,274080,13.3224,0.4762,1.4769,4.9303,43088021,314542553.3,,7.3,,,,,,,,
config_CIN32_HIN56_WIN56_COUT16_K3_UFCIN8_UFCOU1_PAD1_STRIDE1_BIASTrue_group_conv2d_GROUPS4_ACTIVATIONrelu_ap_fixed_16_5_,conv,vitis,csynth,,243,9,6405,12063,1824,2520,548160,274080,13.3224,0.3571,1.1685,4.4013,85869532,626847583.6,,7.3,,,,,,,,
config_CIN32_HIN56_WIN56_COUT16_K3_UFCIN8_UFCOU1_PAD1_STRIDE1_BIASTrue_group_conv2d_GROUPS4_ACTIVATIONsigmoid_ap_fixed_16_5_,conv,vitis,csynth,,243,12,8108,13516,1824,2520,548160,274080,13.3224,0.4762,1.4791,4.9314,85869561,626847795.3,,7.3,,,,,,,,
config_CIN32_HIN56_WIN56_COUT16_K3_UFCIN8_UFCOU4_PAD1_STRIDE1_BIASFalse_conv2d_ACTIVATIONrelu_ap_fixed_16_5_,conv,vitis,csynth,,279,33,6641,13611,1824,2520,548160,274080,15.2961,1.3095,1.2115,4.9661,10398183,75906735.89999999,,7.3,,,,,,,,
config_CIN32_HIN56_WIN56_COUT16_K3_UFCIN8_UFCOU4_PAD1_STRIDE1_BIASFalse_conv2d_ACTIVATIONsigmoid_ap_fixed_16_5_,conv,vitis,csynth,,279,36,8536,15156,1824,2520,548160,274080,15.2961,1.4286,1.5572,5.5298,10398212,75906947.6,,7.3,,,,,,,,
config_CIN32_HIN56_WIN56_COUT16_K3_UFCIN8_UFCOU4_PAD1_STRIDE1_BIASFalse_group_conv2d_GROUPS2_ACTIVATIONrelu_ap_fixed_16_5_,conv,vitis,csynth,,279,33,10326,18341,1824,2520,548160,274080,15.2961,1.3095,1.8838,6.6918,27244891,198887704.29999998,,7.3,,,,,,,,
config_CIN32_HIN56_WIN56_COUT16_K3_UFCIN8_UFCOU4_PAD1_STRIDE1_BIASFalse_group_conv2d_GROUPS2_ACTIVATIONsigmoid_ap_fixed_16_5_,conv,vitis,csynth,,279,36,12221,19886,1824,2520,548160,274080,15.2961,1.4286,2.2295,7.2555,27244920,198887916.0,,7.3,,,,,,,,
config_CIN32_HIN56_WIN56_COUT16_K3_UFCIN8_UFCOU4_PAD1_STRIDE1_BIASFalse_group_conv2d_GROUPS4_ACTIVATIONrelu_ap_fixed_16_5_,conv,vitis,csynth,,279,33,6153,11903,1824,2520,548160,274080,15.2961,1.3095,1.1225,4.3429,25545407,186481471.1,,7.3,,,,,,,,
config_CIN32_HIN56_WIN56_COUT16_K3_UFCIN8_UFCOU4_PAD1_STRIDE1_BIASFalse_group_conv2d_GROUPS4_ACTIVATIONsigmoid_ap_fixed_16_5_,conv,vitis,csynth,,279,36,8048,13448,1824,2520,548160,274080,15.2961,1.4286,1.4682,4.9066,25545436,186481682.79999998,,7.3,,,,,,,,
config_CIN32_HIN56_WIN56_COUT16_K3_UFCIN8_UFCOU4_PAD1_STRIDE1_BIASTrue_conv2d_ACTIVATIONrelu_ap_fixed_16_5_,conv,vitis,csynth,,279,33,6817,13932,1824,2520,548160,274080,15.2961,1.3095,1.2436,5.0832,10398212,75906947.6,,7.3,,,,,,,,
config_CIN32_HIN56_WIN56_COUT16_K3_UFCIN8_UFCOU4_PAD1_STRIDE1_BIASTrue_conv2d_ACTIVATIONsigmoid_ap_fixed_16_5_,conv,vitis,csynth,,279,36,8712,15481,1824,2520,548160,274080,15.2961,1.4286,1.5893,5.6484,10398241,75907159.3,,7.3,,,,,,,,
config_CIN32_HIN56_WIN56_COUT16_K3_UFCIN8_UFCOU4_PAD1_STRIDE1_BIASTrue_group_conv2d_GROUPS2_ACTIVATIONrelu_ap_fixed_16_5_,conv,vitis,csynth,,279,33,10502,18662,1824,2520,548160,274080,15.2961,1.3095,1.9159,6.809,27244920,198887916.0,,7.3,,,,,,,,
config_CIN32_HIN56_WIN56_COUT16_K3_UFCIN8_UFCOU4_PAD1_STRIDE1_BIASTrue_group_conv2d_GROUPS2_ACTIVATIONsigmoid_ap_fixed_16_5_,conv,vitis,csynth,,279,36,12397,20211,1824,2520,548160,274080,15.2961,1.4286,2.2616,7.3741,27244949,198888127.7,,7.3,,,,,,,,
config_CIN32_HIN56_WIN56_COUT16_K3_UFCIN8_UFCOU4_PAD1_STRIDE1_BIASTrue_group_conv2d_GROUPS4_ACTIVATIONrelu_ap_fixed_16_5_,conv,vitis,csynth,,279,33,6329,12224,1824,2520,548160,274080,15.2961,1.3095,1.1546,4.46,25545436,186481682.79999998,,7.3,,,,,,,,
config_CIN32_HIN56_WIN56_COUT16_K3_UFCIN8_UFCOU4_PAD1_STRIDE1_BIASTrue_group_conv2d_GROUPS4_ACTIVATIONsigmoid_ap_fixed_16_5_,conv,vitis,csynth,,279,36,8224,13773,1824,2520,548160,274080,15.2961,1.4286,1.5003,5.0252,25545465,186481894.5,,7.3,,,,,,,,
config_CIN32_HIN56_WIN56_COUT16_K3_UFCIN8_UFCOU8_PAD1_STRIDE1_BIASFalse_conv2d_ACTIVATIONrelu_ap_fixed_16_5_,conv,vitis,csynth,,311,65,7398,16120,1824,2520,548160,274080,17.0504,2.5794,1.3496,5.8815,8585575,62674697.5,,7.3,,,,,,,,
config_CIN32_HIN56_WIN56_COUT16_K3_UFCIN8_UFCOU8_PAD1_STRIDE1_BIASFalse_conv2d_ACTIVATIONsigmoid_ap_fixed_16_5_,conv,vitis,csynth,,311,68,9165,17601,1824,2520,548160,274080,17.0504,2.6984,1.672,6.4218,8585604,62674909.199999996,,7.3,,,,,,,,
config_CIN32_HIN56_WIN56_COUT16_K3_UFCIN8_UFCOU8_PAD1_STRIDE1_BIASFalse_group_conv2d_GROUPS2_ACTIVATIONrelu_ap_fixed_16_5_,conv,vitis,csynth,,311,65,6833,13875,1824,2520,548160,274080,17.0504,2.5794,1.2465,5.0624,17416667,127141669.1,,7.3,,,,,,,,
config_CIN32_HIN56_WIN56_COUT16_K3_UFCIN8_UFCOU8_PAD1_STRIDE1_BIASFalse_group_conv2d_GROUPS2_ACTIVATIONsigmoid_ap_fixed_16_5_,conv,vitis,csynth,,311,68,8600,15356,1824,2520,548160,274080,17.0504,2.6984,1.5689,5.6027,17416696,127141880.8,,7.3,,,,,,,,
config_CIN32_HIN56_WIN56_COUT16_K3_UFCIN8_UFCOU8_PAD1_STRIDE1_BIASFalse_group_conv2d_GROUPS4_ACTIVATIONrelu_ap_fixed_16_5_,conv,vitis,csynth,,311,37,7097,17634,1824,2520,548160,274080,17.0504,1.4683,1.2947,6.4339,85825599,626526872.6999999,,7.3,,,,,,,,
config_CIN32_HIN56_WIN56_COUT16_K3_UFCIN8_UFCOU8_PAD1_STRIDE1_BIASFalse_group_conv2d_GROUPS4_ACTIVATIONsigmoid_ap_fixed_16_5_,conv,vitis,csynth,,311,40,8864,19115,1824,2520,548160,274080,17.0504,1.5873,1.617,6.9742,85825628,626527084.4,,7.3,,,,,,,,
config_CIN32_HIN56_WIN56_COUT16_K3_UFCIN8_UFCOU8_PAD1_STRIDE1_BIASTrue_conv2d_ACTIVATIONrelu_ap_fixed_16_5_,conv,vitis,csynth,,311,65,7637,16593,1824,2520,548160,274080,17.0504,2.5794,1.3932,6.0541,8585604,62674909.199999996,,7.3,,,,,,,,
config_CIN32_HIN56_WIN56_COUT16_K3_UFCIN8_UFCOU8_PAD1_STRIDE1_BIASTrue_conv2d_ACTIVATIONsigmoid_ap_fixed_16_5_,conv,vitis,csynth,,311,68,9404,18078,1824,2520,548160,274080,17.0504,2.6984,1.7156,6.5959,8585633,62675120.9,,7.3,,,,,,,,
config_CIN32_HIN56_WIN56_COUT16_K3_UFCIN8_UFCOU8_PAD1_STRIDE1_BIASTrue_group_conv2d_GROUPS2_ACTIVATIONrelu_ap_fixed_16_5_,conv,vitis,csynth,,311,65,7072,14348,1824,2520,548160,274080,17.0504,2.5794,1.2901,5.235,17416696,127141880.8,,7.3,,,,,,,,
config_CIN32_HIN56_WIN56_COUT16_K3_UFCIN8_UFCOU8_PAD1_STRIDE1_BIASTrue_group_conv2d_GROUPS2_ACTIVATIONsigmoid_ap_fixed_16_5_,conv,vitis,csynth,,311,68,8839,15833,1824,2520,548160,274080,17.0504,2.6984,1.6125,5.7768,17416725,127142092.5,,7.3,,,,,,,,
config_CIN32_HIN56_WIN56_COUT16_K3_UFCIN8_UFCOU8_PAD1_STRIDE1_BIASTrue_group_conv2d_GROUPS4_ACTIVATIONrelu_ap_fixed_16_5_,conv,vitis,csynth,,311,37,7336,18107,1824,2520,548160,274080,17.0504,1.4683,1.3383,6.6065,85825628,626527084.4,,7.3,,,,,,,,
config_CIN32_HIN56_WIN56_COUT16_K3_UFCIN8_UFCOU8_PAD1_STRIDE1_BIASTrue_group_conv2d_GROUPS4_ACTIVATIONsigmoid_ap_fixed_16_5_,conv,vitis,csynth,,311,40,9103,19592,1824,2520,548160,274080,17.0504,1.5873,1.6606,7.1483,85825657,626527296.1,,7.3,,,,,,,,
config_CIN32_HIN56_WIN56_COUT32_K1_UFCIN1_UFCOU1_PAD1_STRIDE1_BIASFalse_conv2d_ACTIVATIONrelu_ap_fixed_16_5_,conv,vitis,csynth,,310,7,5159,8723,1824,2520,548160,274080,16.9956,0.2778,0.9411,3.1826,3904977,28506332.099999998,,7.3,,,,,,,,
config_CIN32_HIN56_WIN56_COUT32_K1_UFCIN1_UFCOU1_PAD1_STRIDE1_BIASFalse_conv2d_ACTIVATIONsigmoid_ap_fixed_16_5_,conv,vitis,csynth,,310,10,6927,10211,1824,2520,548160,274080,16.9956,0.3968,1.2637,3.7256,3905007,28506551.099999998,,7.3,,,,,,,,
config_CIN32_HIN56_WIN56_COUT32_K1_UFCIN1_UFCOU1_PAD1_STRIDE1_BIASFalse_group_conv2d_GROUPS2_ACTIVATIONrelu_ap_fixed_16_5_,conv,vitis,csynth,,310,12,5554,9385,1824,2520,548160,274080,16.9956,0.4762,1.0132,3.4242,14266219,104143398.7,,7.3,,,,,,,,
config_CIN32_HIN56_WIN56_COUT32_K1_UFCIN1_UFCOU1_PAD1_STRIDE1_BIASFalse_group_conv2d_GROUPS2_ACTIVATIONsigmoid_ap_fixed_16_5_,conv,vitis,csynth,,310,15,7322,10873,1824,2520,548160,274080,16.9956,0.5952,1.3357,3.9671,14266249,104143617.7,,7.3,,,,,,,,
config_CIN32_HIN56_WIN56_COUT32_K1_UFCIN1_UFCOU1_PAD1_STRIDE1_BIASFalse_group_conv2d_GROUPS4_ACTIVATIONrelu_ap_fixed_16_5_,conv,vitis,csynth,,310,12,5557,9388,1824,2520,548160,274080,16.9956,0.4762,1.0138,3.4253,28099225,205124342.5,,7.3,,,,,,,,
config_CIN32_HIN56_WIN56_COUT32_K1_UFCIN1_UFCOU1_PAD1_STRIDE1_BIASFalse_group_conv2d_GROUPS4_ACTIVATIONsigmoid_ap_fixed_16_5_,conv,vitis,csynth,,310,15,7325,10876,1824,2520,548160,274080,16.9956,0.5952,1.3363,3.9682,28099255,205124561.5,,7.3,,,,,,,,
config_CIN32_HIN56_WIN56_COUT32_K1_UFCIN1_UFCOU1_PAD1_STRIDE1_BIASTrue_conv2d_ACTIVATIONrelu_ap_fixed_16_5_,conv,vitis,csynth,,310,7,5300,8913,1824,2520,548160,274080,16.9956,0.2778,0.9669,3.252,4005246,29238295.8,,7.3,,,,,,,,
config_CIN32_HIN56_WIN56_COUT32_K1_UFCIN1_UFCOU1_PAD1_STRIDE1_BIASTrue_conv2d_ACTIVATIONsigmoid_ap_fixed_16_5_,conv,vitis,csynth,,310,10,7068,10401,1824,2520,548160,274080,16.9956,0.3968,1.2894,3.7949,4005276,29238514.8,,7.3,,,,,,,,
config_CIN32_HIN56_WIN56_COUT32_K1_UFCIN1_UFCOU1_PAD1_STRIDE1_BIASTrue_group_conv2d_GROUPS2_ACTIVATIONrelu_ap_fixed_16_5_,conv,vitis,csynth,,310,12,5695,9575,1824,2520,548160,274080,16.9956,0.4762,1.0389,3.4935,14366488,104875362.39999999,,7.3,,,,,,,,
config_CIN32_HIN56_WIN56_COUT32_K1_UFCIN1_UFCOU1_PAD1_STRIDE1_BIASTrue_group_conv2d_GROUPS2_ACTIVATIONsigmoid_ap_fixed_16_5_,conv,vitis,csynth,,310,15,7463,11063,1824,2520,548160,274080,16.9956,0.5952,1.3615,4.0364,14366518,104875581.39999999,,7.3,,,,,,,,
config_CIN32_HIN56_WIN56_COUT32_K1_UFCIN1_UFCOU1_PAD1_STRIDE1_BIASTrue_group_conv2d_GROUPS4_ACTIVATIONrelu_ap_fixed_16_5_,conv,vitis,csynth,,310,12,5698,9578,1824,2520,548160,274080,16.9956,0.4762,1.0395,3.4946,28199494,205856306.2,,7.3,,,,,,,,
config_CIN32_HIN56_WIN56_COUT32_K1_UFCIN1_UFCOU1_PAD1_STRIDE1_BIASTrue_group_conv2d_GROUPS4_ACTIVATIONsigmoid_ap_fixed_16_5_,conv,vitis,csynth,,310,15,7466,11066,1824,2520,548160,274080,16.9956,0.5952,1.362,4.0375,28199524,205856525.2,,7.3,,,,,,,,
config_CIN32_HIN56_WIN56_COUT32_K1_UFCIN1_UFCOU4_PAD1_STRIDE1_BIASFalse_conv2d_ACTIVATIONrelu_ap_fixed_16_5_,conv,vitis,csynth,,321,12,5480,9544,1824,2520,548160,274080,17.5987,0.4762,0.9997,3.4822,1340914,9788672.2,,7.3,,,,,,,,
config_CIN32_HIN56_WIN56_COUT32_K1_UFCIN1_UFCOU4_PAD1_STRIDE1_BIASFalse_conv2d_ACTIVATIONsigmoid_ap_fixed_16_5_,conv,vitis,csynth,,321,15,7312,11064,1824,2520,548160,274080,17.5987,0.5952,1.3339,4.0368,1340944,9788891.2,,7.3,,,,,,,,
config_CIN32_HIN56_WIN56_COUT32_K1_UFCIN1_UFCOU4_PAD1_STRIDE1_BIASFalse_group_conv2d_GROUPS2_ACTIVATIONrelu_ap_fixed_16_5_,conv,vitis,csynth,,321,28,6312,10770,1824,2520,548160,274080,17.5987,1.1111,1.1515,3.9295,3951500,28845950.0,,7.3,,,,,,,,
config_CIN32_HIN56_WIN56_COUT32_K1_UFCIN1_UFCOU4_PAD1_STRIDE1_BIASFalse_group_conv2d_GROUPS2_ACTIVATIONsigmoid_ap_fixed_16_5_,conv,vitis,csynth,,321,31,8144,12290,1824,2520,548160,274080,17.5987,1.2302,1.4857,4.4841,3951530,28846169.0,,7.3,,,,,,,,
config_CIN32_HIN56_WIN56_COUT32_K1_UFCIN1_UFCOU4_PAD1_STRIDE1_BIASFalse_group_conv2d_GROUPS4_ACTIVATIONrelu_ap_fixed_16_5_,conv,vitis,csynth,,321,28,6315,10773,1824,2520,548160,274080,17.5987,1.1111,1.152,3.9306,7450298,54387175.4,,7.3,,,,,,,,
config_CIN32_HIN56_WIN56_COUT32_K1_UFCIN1_UFCOU4_PAD1_STRIDE1_BIASFalse_group_conv2d_GROUPS4_ACTIVATIONsigmoid_ap_fixed_16_5_,conv,vitis,csynth,,321,31,8147,12293,1824,2520,548160,274080,17.5987,1.2302,1.4862,4.4852,7450328,54387394.4,,7.3,,,,,,,,
config_CIN32_HIN56_WIN56_COUT32_K1_UFCIN1_UFCOU4_PAD1_STRIDE1_BIASTrue_conv2d_ACTIVATIONrelu_ap_fixed_16_5_,conv,vitis,csynth,,321,12,5661,9848,1824,2520,548160,274080,17.5987,0.4762,1.0327,3.5931,1340959,9789000.7,,7.3,,,,,,,,
config_CIN32_HIN56_WIN56_COUT32_K1_UFCIN1_UFCOU4_PAD1_STRIDE1_BIASTrue_conv2d_ACTIVATIONsigmoid_ap_fixed_16_5_,conv,vitis,csynth,,321,15,7493,11368,1824,2520,548160,274080,17.5987,0.5952,1.3669,4.1477,1340989,9789219.7,,7.3,,,,,,,,
config_CIN32_HIN56_WIN56_COUT32_K1_UFCIN1_UFCOU4_PAD1_STRIDE1_BIASTrue_group_conv2d_GROUPS2_ACTIVATIONrelu_ap_fixed_16_5_,conv,vitis,csynth,,321,28,6493,11074,1824,2520,548160,274080,17.5987,1.1111,1.1845,4.0404,3951545,28846278.5,,7.3,,,,,,,,
config_CIN32_HIN56_WIN56_COUT32_K1_UFCIN1_UFCOU4_PAD1_STRIDE1_BIASTrue_group_conv2d_GROUPS2_ACTIVATIONsigmoid_ap_fixed_16_5_,conv,vitis,csynth,,321,31,8325,12594,1824,2520,548160,274080,17.5987,1.2302,1.5187,4.595,3951575,28846497.5,,7.3,,,,,,,,
config_CIN32_HIN56_WIN56_COUT32_K1_UFCIN1_UFCOU4_PAD1_STRIDE1_BIASTrue_group_conv2d_GROUPS4_ACTIVATIONrelu_ap_fixed_16_5_,conv,vitis,csynth,,321,28,6496,11077,1824,2520,548160,274080,17.5987,1.1111,1.1851,4.0415,7450343,54387503.9,,7.3,,,,,,,,
config_CIN32_HIN56_WIN56_COUT32_K1_UFCIN1_UFCOU4_PAD1_STRIDE1_BIASTrue_group_conv2d_GROUPS4_ACTIVATIONsigmoid_ap_fixed_16_5_,conv,vitis,csynth,,321,31,8328,12597,1824,2520,548160,274080,17.5987,1.2302,1.5193,4.5961,7450373,54387722.9,,7.3,,,,,,,,
config_CIN32_HIN56_WIN56_COUT32_K1_UFCIN1_UFCOU8_PAD1_STRIDE1_BIASFalse_conv2d_ACTIVATIONrelu_ap_fixed_16_5_,conv,vitis,csynth,,341,16,5581,10345,1824,2520,548160,274080,18.6952,0.6349,1.0181,3.7744,896866,6547121.8,,7.3,,,,,,,,
config_CIN32_HIN56_WIN56_COUT32_K1_UFCIN1_UFCOU8_PAD1_STRIDE1_BIASFalse_conv2d_ACTIVATIONsigmoid_ap_fixed_16_5_,conv,vitis,csynth,,341,19,7413,11865,1824,2520,548160,274080,18.6952,0.754,1.3523,4.329,896896,6547340.8,,7.3,,,,,,,,
config_CIN32_HIN56_WIN56_COUT32_K1_UFCIN1_UFCOU8_PAD1_STRIDE1_BIASFalse_group_conv2d_GROUPS2_ACTIVATIONrelu_ap_fixed_16_5_,conv,vitis,csynth,,341,28,6773,11983,1824,2520,548160,274080,18.6952,1.1111,1.2356,4.3721,2215676,16174434.799999999,,7.3,,,,,,,,
config_CIN32_HIN56_WIN56_COUT32_K1_UFCIN1_UFCOU8_PAD1_STRIDE1_BIASFalse_group_conv2d_GROUPS2_ACTIVATIONsigmoid_ap_fixed_16_5_,conv,vitis,csynth,,341,31,8605,13503,1824,2520,548160,274080,18.6952,1.2302,1.5698,4.9267,2215706,16174653.799999999,,7.3,,,,,,,,
config_CIN32_HIN56_WIN56_COUT32_K1_UFCIN1_UFCOU8_PAD1_STRIDE1_BIASFalse_group_conv2d_GROUPS4_ACTIVATIONrelu_ap_fixed_16_5_,conv,vitis,csynth,,341,15,6014,10613,1824,2520,548160,274080,18.6952,0.5952,1.0971,3.8722,991414,7237322.2,,7.3,,,,,,,,
config_CIN32_HIN56_WIN56_COUT32_K1_UFCIN1_UFCOU8_PAD1_STRIDE1_BIASFalse_group_conv2d_GROUPS4_ACTIVATIONsigmoid_ap_fixed_16_5_,conv,vitis,csynth,,341,18,7846,12133,1824,2520,548160,274080,18.6952,0.7143,1.4313,4.4268,991444,7237541.2,,7.3,,,,,,,,
config_CIN32_HIN56_WIN56_COUT32_K1_UFCIN1_UFCOU8_PAD1_STRIDE1_BIASTrue_conv2d_ACTIVATIONrelu_ap_fixed_16_5_,conv,vitis,csynth,,341,16,5824,10797,1824,2520,548160,274080,18.6952,0.6349,1.0625,3.9394,896911,6547450.3,,7.3,,,,,,,,
config_CIN32_HIN56_WIN56_COUT32_K1_UFCIN1_UFCOU8_PAD1_STRIDE1_BIASTrue_conv2d_ACTIVATIONsigmoid_ap_fixed_16_5_,conv,vitis,csynth,,341,19,7656,12317,1824,2520,548160,274080,18.6952,0.754,1.3967,4.4939,896941,6547669.3,,7.3,,,,,,,,
config_CIN32_HIN56_WIN56_COUT32_K1_UFCIN1_UFCOU8_PAD1_STRIDE1_BIASTrue_group_conv2d_GROUPS2_ACTIVATIONrelu_ap_fixed_16_5_,conv,vitis,csynth,,341,28,7016,12435,1824,2520,548160,274080,18.6952,1.1111,1.2799,4.537,2215721,16174763.299999999,,7.3,,,,,,,,
config_CIN32_HIN56_WIN56_COUT32_K1_UFCIN1_UFCOU8_PAD1_STRIDE1_BIASTrue_group_conv2d_GROUPS2_ACTIVATIONsigmoid_ap_fixed_16_5_,conv,vitis,csynth,,341,31,8848,13955,1824,2520,548160,274080,18.6952,1.2302,1.6141,5.0916,2215751,16174982.299999999,,7.3,,,,,,,,
config_CIN32_HIN56_WIN56_COUT32_K1_UFCIN1_UFCOU8_PAD1_STRIDE1_BIASTrue_group_conv2d_GROUPS4_ACTIVATIONrelu_ap_fixed_16_5_,conv,vitis,csynth,,341,15,6257,11065,1824,2520,548160,274080,18.6952,0.5952,1.1415,4.0371,991459,7237650.7,,7.3,,,,,,,,
config_CIN32_HIN56_WIN56_COUT32_K1_UFCIN1_UFCOU8_PAD1_STRIDE1_BIASTrue_group_conv2d_GROUPS4_ACTIVATIONsigmoid_ap_fixed_16_5_,conv,vitis,csynth,,341,18,8089,12585,1824,2520,548160,274080,18.6952,0.7143,1.4757,4.5917,991489,7237869.7,,7.3,,,,,,,,
config_CIN32_HIN56_WIN56_COUT32_K1_UFCIN4_UFCOU1_PAD1_STRIDE1_BIASFalse_conv2d_ACTIVATIONrelu_ap_fixed_16_5_,conv,vitis,csynth,,327,13,5567,9351,1824,2520,548160,274080,17.9276,0.5159,1.0156,3.4118,4873114,35573732.199999996,,7.3,,,,,,,,
config_CIN32_HIN56_WIN56_COUT32_K1_UFCIN4_UFCOU1_PAD1_STRIDE1_BIASFalse_conv2d_ACTIVATIONsigmoid_ap_fixed_16_5_,conv,vitis,csynth,,327,16,7335,10839,1824,2520,548160,274080,17.9276,0.6349,1.3381,3.9547,4873144,35573951.199999996,,7.3,,,,,,,,
config_CIN32_HIN56_WIN56_COUT32_K1_UFCIN4_UFCOU1_PAD1_STRIDE1_BIASFalse_group_conv2d_GROUPS2_ACTIVATIONrelu_ap_fixed_16_5_,conv,vitis,csynth,,327,17,5644,9455,1824,2520,548160,274080,17.9276,0.6746,1.0296,3.4497,9259890,67597197.0,,7.3,,,,,,,,
config_CIN32_HIN56_WIN56_COUT32_K1_UFCIN4_UFCOU1_PAD1_STRIDE1_BIASFalse_group_conv2d_GROUPS2_ACTIVATIONsigmoid_ap_fixed_16_5_,conv,vitis,csynth,,327,20,7412,10943,1824,2520,548160,274080,17.9276,0.7937,1.3522,3.9926,9259920,67597416.0,,7.3,,,,,,,,
config_CIN32_HIN56_WIN56_COUT32_K1_UFCIN4_UFCOU1_PAD1_STRIDE1_BIASFalse_group_conv2d_GROUPS4_ACTIVATIONrelu_ap_fixed_16_5_,conv,vitis,csynth,,327,17,5647,9458,1824,2520,548160,274080,17.9276,0.6746,1.0302,3.4508,17986342,131300296.6,,7.3,,,,,,,,
config_CIN32_HIN56_WIN56_COUT32_K1_UFCIN4_UFCOU1_PAD1_STRIDE1_BIASFalse_group_conv2d_GROUPS4_ACTIVATIONsigmoid_ap_fixed_16_5_,conv,vitis,csynth,,327,20,7415,10946,1824,2520,548160,274080,17.9276,0.7937,1.3527,3.9937,17986372,131300515.6,,7.3,,,,,,,,
config_CIN32_HIN56_WIN56_COUT32_K1_UFCIN4_UFCOU1_PAD1_STRIDE1_BIASTrue_conv2d_ACTIVATIONrelu_ap_fixed_16_5_,conv,vitis,csynth,,327,13,5708,9544,1824,2520,548160,274080,17.9276,0.5159,1.0413,3.4822,4873159,35574060.699999996,,7.3,,,,,,,,
config_CIN32_HIN56_WIN56_COUT32_K1_UFCIN4_UFCOU1_PAD1_STRIDE1_BIASTrue_conv2d_ACTIVATIONsigmoid_ap_fixed_16_5_,conv,vitis,csynth,,327,16,7476,11032,1824,2520,548160,274080,17.9276,0.6349,1.3638,4.0251,4873189,35574279.699999996,,7.3,,,,,,,,
config_CIN32_HIN56_WIN56_COUT32_K1_UFCIN4_UFCOU1_PAD1_STRIDE1_BIASTrue_group_conv2d_GROUPS2_ACTIVATIONrelu_ap_fixed_16_5_,conv,vitis,csynth,,327,17,5785,9648,1824,2520,548160,274080,17.9276,0.6746,1.0553,3.5201,9259935,67597525.5,,7.3,,,,,,,,
config_CIN32_HIN56_WIN56_COUT32_K1_UFCIN4_UFCOU1_PAD1_STRIDE1_BIASTrue_group_conv2d_GROUPS2_ACTIVATIONsigmoid_ap_fixed_16_5_,conv,vitis,csynth,,327,20,7553,11136,1824,2520,548160,274080,17.9276,0.7937,1.3779,4.063,9259965,67597744.5,,7.3,,,,,,,,
config_CIN32_HIN56_WIN56_COUT32_K1_UFCIN4_UFCOU1_PAD1_STRIDE1_BIASTrue_group_conv2d_GROUPS4_ACTIVATIONrelu_ap_fixed_16_5_,conv,vitis,csynth,,327,17,5788,9651,1824,2520,548160,274080,17.9276,0.6746,1.0559,3.5212,17986387,131300625.1,,7.3,,,,,,,,
config_CIN32_HIN56_WIN56_COUT32_K1_UFCIN4_UFCOU1_PAD1_STRIDE1_BIASTrue_group_conv2d_GROUPS4_ACTIVATIONsigmoid_ap_fixed_16_5_,conv,vitis,csynth,,327,20,7556,11139,1824,2520,548160,274080,17.9276,0.7937,1.3784,4.0641,17986417,131300844.1,,7.3,,,,,,,,
config_CIN32_HIN56_WIN56_COUT32_K1_UFCIN4_UFCOU4_PAD1_STRIDE1_BIASFalse_conv2d_ACTIVATIONrelu_ap_fixed_16_5_,conv,vitis,csynth,,347,27,6095,10719,1824,2520,548160,274080,19.0241,1.0714,1.1119,3.9109,2208826,16124429.799999999,,7.3,,,,,,,,
config_CIN32_HIN56_WIN56_COUT32_K1_UFCIN4_UFCOU4_PAD1_STRIDE1_BIASFalse_conv2d_ACTIVATIONsigmoid_ap_fixed_16_5_,conv,vitis,csynth,,347,30,7927,12239,1824,2520,548160,274080,19.0241,1.1905,1.4461,4.4655,2208856,16124648.799999999,,7.3,,,,,,,,
config_CIN32_HIN56_WIN56_COUT32_K1_UFCIN4_UFCOU4_PAD1_STRIDE1_BIASFalse_group_conv2d_GROUPS2_ACTIVATIONrelu_ap_fixed_16_5_,conv,vitis,csynth,,347,27,7882,13099,1824,2520,548160,274080,19.0241,1.0714,1.4379,4.7793,5734418,41861251.4,,7.3,,,,,,,,
config_CIN32_HIN56_WIN56_COUT32_K1_UFCIN4_UFCOU4_PAD1_STRIDE1_BIASFalse_group_conv2d_GROUPS2_ACTIVATIONsigmoid_ap_fixed_16_5_,conv,vitis,csynth,,347,30,9714,14619,1824,2520,548160,274080,19.0241,1.1905,1.7721,5.3338,5734448,41861470.4,,7.3,,,,,,,,
config_CIN32_HIN56_WIN56_COUT32_K1_UFCIN4_UFCOU4_PAD1_STRIDE1_BIASFalse_group_conv2d_GROUPS4_ACTIVATIONrelu_ap_fixed_16_5_,conv,vitis,csynth,,347,27,7885,13102,1824,2520,548160,274080,19.0241,1.0714,1.4384,4.7804,11016134,80417778.2,,7.3,,,,,,,,
config_CIN32_HIN56_WIN56_COUT32_K1_UFCIN4_UFCOU4_PAD1_STRIDE1_BIASFalse_group_conv2d_GROUPS4_ACTIVATIONsigmoid_ap_fixed_16_5_,conv,vitis,csynth,,347,30,9717,14622,1824,2520,548160,274080,19.0241,1.1905,1.7727,5.3349,11016164,80417997.2,,7.3,,,,,,,,
config_CIN32_HIN56_WIN56_COUT32_K1_UFCIN4_UFCOU4_PAD1_STRIDE1_BIASTrue_conv2d_ACTIVATIONrelu_ap_fixed_16_5_,conv,vitis,csynth,,347,27,6276,11023,1824,2520,548160,274080,19.0241,1.0714,1.1449,4.0218,2208871,16124758.299999999,,7.3,,,,,,,,
config_CIN32_HIN56_WIN56_COUT32_K1_UFCIN4_UFCOU4_PAD1_STRIDE1_BIASTrue_conv2d_ACTIVATIONsigmoid_ap_fixed_16_5_,conv,vitis,csynth,,347,30,8108,12543,1824,2520,548160,274080,19.0241,1.1905,1.4791,4.5764,2208901,16124977.299999999,,7.3,,,,,,,,
config_CIN32_HIN56_WIN56_COUT32_K1_UFCIN4_UFCOU4_PAD1_STRIDE1_BIASTrue_group_conv2d_GROUPS2_ACTIVATIONrelu_ap_fixed_16_5_,conv,vitis,csynth,,347,27,8063,13403,1824,2520,548160,274080,19.0241,1.0714,1.4709,4.8902,5734463,41861579.9,,7.3,,,,,,,,
config_CIN32_HIN56_WIN56_COUT32_K1_UFCIN4_UFCOU4_PAD1_STRIDE1_BIASTrue_group_conv2d_GROUPS2_ACTIVATIONsigmoid_ap_fixed_16_5_,conv,vitis,csynth,,347,30,9895,14923,1824,2520,548160,274080,19.0241,1.1905,1.8051,5.4448,5734493,41861798.9,,7.3,,,,,,,,
config_CIN32_HIN56_WIN56_COUT32_K1_UFCIN4_UFCOU4_PAD1_STRIDE1_BIASTrue_group_conv2d_GROUPS4_ACTIVATIONrelu_ap_fixed_16_5_,conv,vitis,csynth,,347,27,8066,13406,1824,2520,548160,274080,19.0241,1.0714,1.4715,4.8913,11016179,80418106.7,,7.3,,,,,,,,
config_CIN32_HIN56_WIN56_COUT32_K1_UFCIN4_UFCOU4_PAD1_STRIDE1_BIASTrue_group_conv2d_GROUPS4_ACTIVATIONsigmoid_ap_fixed_16_5_,conv,vitis,csynth,,347,30,9898,14926,1824,2520,548160,274080,19.0241,1.1905,1.8057,5.4459,11016209,80418325.7,,7.3,,,,,,,,
config_CIN32_HIN56_WIN56_COUT32_K1_UFCIN4_UFCOU8_PAD1_STRIDE1_BIASFalse_conv2d_ACTIVATIONrelu_ap_fixed_16_5_,conv,vitis,csynth,,347,43,7018,12668,1824,2520,548160,274080,19.0241,1.7063,1.2803,4.622,1764778,12882879.4,,7.3,,,,,,,,
config_CIN32_HIN56_WIN56_COUT32_K1_UFCIN4_UFCOU8_PAD1_STRIDE1_BIASFalse_conv2d_ACTIVATIONsigmoid_ap_fixed_16_5_,conv,vitis,csynth,,347,46,8850,14188,1824,2520,548160,274080,19.0241,1.8254,1.6145,5.1766,1764808,12883098.4,,7.3,,,,,,,,
config_CIN32_HIN56_WIN56_COUT32_K1_UFCIN4_UFCOU8_PAD1_STRIDE1_BIASFalse_group_conv2d_GROUPS2_ACTIVATIONrelu_ap_fixed_16_5_,conv,vitis,csynth,,347,43,10256,16724,1824,2520,548160,274080,19.0241,1.7063,1.871,6.1019,3998594,29189736.2,,7.3,,,,,,,,
config_CIN32_HIN56_WIN56_COUT32_K1_UFCIN4_UFCOU8_PAD1_STRIDE1_BIASFalse_group_conv2d_GROUPS2_ACTIVATIONsigmoid_ap_fixed_16_5_,conv,vitis,csynth,,347,46,12088,18244,1824,2520,548160,274080,19.0241,1.8254,2.2052,6.6565,3998624,29189955.2,,7.3,,,,,,,,
config_CIN32_HIN56_WIN56_COUT32_K1_UFCIN4_UFCOU8_PAD1_STRIDE1_BIASFalse_group_conv2d_GROUPS4_ACTIVATIONrelu_ap_fixed_16_5_,conv,vitis,csynth,,347,39,7740,11956,1824,2520,548160,274080,19.0241,1.5476,1.412,4.3622,1045238,7630237.399999999,,7.3,,,,,,,,
config_CIN32_HIN56_WIN56_COUT32_K1_UFCIN4_UFCOU8_PAD1_STRIDE1_BIASFalse_group_conv2d_GROUPS4_ACTIVATIONsigmoid_ap_fixed_16_5_,conv,vitis,csynth,,347,42,9572,13476,1824,2520,548160,274080,19.0241,1.6667,1.7462,4.9168,1045268,7630456.399999999,,7.3,,,,,,,,
config_CIN32_HIN56_WIN56_COUT32_K1_UFCIN4_UFCOU8_PAD1_STRIDE1_BIASTrue_conv2d_ACTIVATIONrelu_ap_fixed_16_5_,conv,vitis,csynth,,347,43,7261,13120,1824,2520,548160,274080,19.0241,1.7063,1.3246,4.7869,1764823,12883207.9,,7.3,,,,,,,,
config_CIN32_HIN56_WIN56_COUT32_K1_UFCIN4_UFCOU8_PAD1_STRIDE1_BIASTrue_conv2d_ACTIVATIONsigmoid_ap_fixed_16_5_,conv,vitis,csynth,,347,46,9093,14640,1824,2520,548160,274080,19.0241,1.8254,1.6588,5.3415,1764853,12883426.9,,7.3,,,,,,,,
config_CIN32_HIN56_WIN56_COUT32_K1_UFCIN4_UFCOU8_PAD1_STRIDE1_BIASTrue_group_conv2d_GROUPS2_ACTIVATIONrelu_ap_fixed_16_5_,conv,vitis,csynth,,347,43,10499,17176,1824,2520,548160,274080,19.0241,1.7063,1.9153,6.2668,3998639,29190064.7,,7.3,,,,,,,,
config_CIN32_HIN56_WIN56_COUT32_K1_UFCIN4_UFCOU8_PAD1_STRIDE1_BIASTrue_group_conv2d_GROUPS2_ACTIVATIONsigmoid_ap_fixed_16_5_,conv,vitis,csynth,,347,46,12331,18696,1824,2520,548160,274080,19.0241,1.8254,2.2495,6.8214,3998669,29190283.7,,7.3,,,,,,,,
config_CIN32_HIN56_WIN56_COUT32_K1_UFCIN4_UFCOU8_PAD1_STRIDE1_BIASTrue_group_conv2d_GROUPS4_ACTIVATIONrelu_ap_fixed_16_5_,conv,vitis,csynth,,347,39,7983,12408,1824,2520,548160,274080,19.0241,1.5476,1.4563,4.5271,1045283,7630565.899999999,,7.3,,,,,,,,
config_CIN32_HIN56_WIN56_COUT32_K1_UFCIN4_UFCOU8_PAD1_STRIDE1_BIASTrue_group_conv2d_GROUPS4_ACTIVATIONsigmoid_ap_fixed_16_5_,conv,vitis,csynth,,347,42,9815,13928,1824,2520,548160,274080,19.0241,1.6667,1.7905,5.0817,1045313,7630784.899999999,,7.3,,,,,,,,
config_CIN32_HIN56_WIN56_COUT32_K1_UFCIN8_UFCOU1_PAD1_STRIDE1_BIASFalse_conv2d_ACTIVATIONrelu_ap_fixed_16_5_,conv,vitis,csynth,,347,21,6054,10235,1824,2520,548160,274080,19.0241,0.8333,1.1044,3.7343,4859658,35475503.4,,7.3,,,,,,,,
config_CIN32_HIN56_WIN56_COUT32_K1_UFCIN8_UFCOU1_PAD1_STRIDE1_BIASFalse_conv2d_ACTIVATIONsigmoid_ap_fixed_16_5_,conv,vitis,csynth,,347,24,7822,11723,1824,2520,548160,274080,19.0241,0.9524,1.427,4.2772,4859688,35475722.4,,7.3,,,,,,,,
config_CIN32_HIN56_WIN56_COUT32_K1_UFCIN8_UFCOU1_PAD1_STRIDE1_BIASFalse_group_conv2d_GROUPS2_ACTIVATIONrelu_ap_fixed_16_5_,conv,vitis,csynth,,347,29,6167,10357,1824,2520,548160,274080,19.0241,1.1508,1.125,3.7788,9286802,67793654.6,,7.3,,,,,,,,
config_CIN32_HIN56_WIN56_COUT32_K1_UFCIN8_UFCOU1_PAD1_STRIDE1_BIASFalse_group_conv2d_GROUPS2_ACTIVATIONsigmoid_ap_fixed_16_5_,conv,vitis,csynth,,347,32,7935,11845,1824,2520,548160,274080,19.0241,1.2698,1.4476,4.3217,9286832,67793873.6,,7.3,,,,,,,,
config_CIN32_HIN56_WIN56_COUT32_K1_UFCIN8_UFCOU1_PAD1_STRIDE1_BIASFalse_group_conv2d_GROUPS4_ACTIVATIONrelu_ap_fixed_16_5_,conv,vitis,csynth,,347,29,6179,10360,1824,2520,548160,274080,19.0241,1.1508,1.1272,3.7799,18040166,131693211.8,,7.3,,,,,,,,
config_CIN32_HIN56_WIN56_COUT32_K1_UFCIN8_UFCOU1_PAD1_STRIDE1_BIASFalse_group_conv2d_GROUPS4_ACTIVATIONsigmoid_ap_fixed_16_5_,conv,vitis,csynth,,347,32,7947,11848,1824,2520,548160,274080,19.0241,1.2698,1.4498,4.3228,18040196,131693430.8,,7.3,,,,,,,,
config_CIN32_HIN56_WIN56_COUT32_K1_UFCIN8_UFCOU1_PAD1_STRIDE1_BIASTrue_conv2d_ACTIVATIONrelu_ap_fixed_16_5_,conv,vitis,csynth,,347,21,6195,10428,1824,2520,548160,274080,19.0241,0.8333,1.1301,3.8047,4859703,35475831.9,,7.3,,,,,,,,
config_CIN32_HIN56_WIN56_COUT32_K1_UFCIN8_UFCOU1_PAD1_STRIDE1_BIASTrue_conv2d_ACTIVATIONsigmoid_ap_fixed_16_5_,conv,vitis,csynth,,347,24,7963,11916,1824,2520,548160,274080,19.0241,0.9524,1.4527,4.3476,4859733,35476050.9,,7.3,,,,,,,,
config_CIN32_HIN56_WIN56_COUT32_K1_UFCIN8_UFCOU1_PAD1_STRIDE1_BIASTrue_group_conv2d_GROUPS2_ACTIVATIONrelu_ap_fixed_16_5_,conv,vitis,csynth,,347,29,6308,10550,1824,2520,548160,274080,19.0241,1.1508,1.1508,3.8492,9286847,67793983.1,,7.3,,,,,,,,
config_CIN32_HIN56_WIN56_COUT32_K1_UFCIN8_UFCOU1_PAD1_STRIDE1_BIASTrue_group_conv2d_GROUPS2_ACTIVATIONsigmoid_ap_fixed_16_5_,conv,vitis,csynth,,347,32,8076,12038,1824,2520,548160,274080,19.0241,1.2698,1.4733,4.3921,9286877,67794202.1,,7.3,,,,,,,,
config_CIN32_HIN56_WIN56_COUT32_K1_UFCIN8_UFCOU1_PAD1_STRIDE1_BIASTrue_group_conv2d_GROUPS4_ACTIVATIONrelu_ap_fixed_16_5_,conv,vitis,csynth,,347,29,6320,10553,1824,2520,548160,274080,19.0241,1.1508,1.1529,3.8503,18040211,131693540.3,,7.3,,,,,,,,
config_CIN32_HIN56_WIN56_COUT32_K1_UFCIN8_UFCOU1_PAD1_STRIDE1_BIASTrue_group_conv2d_GROUPS4_ACTIVATIONsigmoid_ap_fixed_16_5_,conv,vitis,csynth,,347,32,8088,12041,1824,2520,548160,274080,19.0241,1.2698,1.4755,4.3932,18040241,131693759.3,,7.3,,,,,,,,
config_CIN32_HIN56_WIN56_COUT32_K1_UFCIN8_UFCOU4_PAD1_STRIDE1_BIASFalse_conv2d_ACTIVATIONrelu_ap_fixed_16_5_,conv,vitis,csynth,,347,47,7396,12637,1824,2520,548160,274080,19.0241,1.8651,1.3492,4.6107,2195370,16026201.0,,7.3,,,,,,,,
config_CIN32_HIN56_WIN56_COUT32_K1_UFCIN8_UFCOU4_PAD1_STRIDE1_BIASFalse_conv2d_ACTIVATIONsigmoid_ap_fixed_16_5_,conv,vitis,csynth,,347,50,9228,14157,1824,2520,548160,274080,19.0241,1.9841,1.6835,5.1653,2195400,16026420.0,,7.3,,,,,,,,
config_CIN32_HIN56_WIN56_COUT32_K1_UFCIN8_UFCOU4_PAD1_STRIDE1_BIASFalse_group_conv2d_GROUPS2_ACTIVATIONrelu_ap_fixed_16_5_,conv,vitis,csynth,,347,47,10931,17353,1824,2520,548160,274080,19.0241,1.8651,1.9941,6.3314,5761330,42057709.0,,7.3,,,,,,,,
config_CIN32_HIN56_WIN56_COUT32_K1_UFCIN8_UFCOU4_PAD1_STRIDE1_BIASFalse_group_conv2d_GROUPS2_ACTIVATIONsigmoid_ap_fixed_16_5_,conv,vitis,csynth,,347,50,12763,18873,1824,2520,548160,274080,19.0241,1.9841,2.3283,6.8859,5761360,42057928.0,,7.3,,,,,,,,
config_CIN32_HIN56_WIN56_COUT32_K1_UFCIN8_UFCOU4_PAD1_STRIDE1_BIASFalse_group_conv2d_GROUPS4_ACTIVATIONrelu_ap_fixed_16_5_,conv,vitis,csynth,,347,47,10943,17356,1824,2520,548160,274080,19.0241,1.8651,1.9963,6.3325,11069958,80810693.39999999,,7.3,,,,,,,,
config_CIN32_HIN56_WIN56_COUT32_K1_UFCIN8_UFCOU4_PAD1_STRIDE1_BIASFalse_group_conv2d_GROUPS4_ACTIVATIONsigmoid_ap_fixed_16_5_,conv,vitis,csynth,,347,50,12775,18876,1824,2520,548160,274080,19.0241,1.9841,2.3305,6.887,11069988,80810912.39999999,,7.3,,,,,,,,
config_CIN32_HIN56_WIN56_COUT32_K1_UFCIN8_UFCOU4_PAD1_STRIDE1_BIASTrue_conv2d_ACTIVATIONrelu_ap_fixed_16_5_,conv,vitis,csynth,,347,47,7577,12941,1824,2520,548160,274080,19.0241,1.8651,1.3823,4.7216,2195415,16026529.5,,7.3,,,,,,,,
config_CIN32_HIN56_WIN56_COUT32_K1_UFCIN8_UFCOU4_PAD1_STRIDE1_BIASTrue_conv2d_ACTIVATIONsigmoid_ap_fixed_16_5_,conv,vitis,csynth,,347,50,9409,14461,1824,2520,548160,274080,19.0241,1.9841,1.7165,5.2762,2195445,16026748.5,,7.3,,,,,,,,
config_CIN32_HIN56_WIN56_COUT32_K1_UFCIN8_UFCOU4_PAD1_STRIDE1_BIASTrue_group_conv2d_GROUPS2_ACTIVATIONrelu_ap_fixed_16_5_,conv,vitis,csynth,,347,47,11112,17657,1824,2520,548160,274080,19.0241,1.8651,2.0271,6.4423,5761375,42058037.5,,7.3,,,,,,,,
config_CIN32_HIN56_WIN56_COUT32_K1_UFCIN8_UFCOU4_PAD1_STRIDE1_BIASTrue_group_conv2d_GROUPS2_ACTIVATIONsigmoid_ap_fixed_16_5_,conv,vitis,csynth,,347,50,12944,19177,1824,2520,548160,274080,19.0241,1.9841,2.3614,6.9969,5761405,42058256.5,,7.3,,,,,,,,
config_CIN32_HIN56_WIN56_COUT32_K1_UFCIN8_UFCOU4_PAD1_STRIDE1_BIASTrue_group_conv2d_GROUPS4_ACTIVATIONrelu_ap_fixed_16_5_,conv,vitis,csynth,,347,47,11124,17660,1824,2520,548160,274080,19.0241,1.8651,2.0293,6.4434,11070003,80811021.89999999,,7.3,,,,,,,,
config_CIN32_HIN56_WIN56_COUT32_K1_UFCIN8_UFCOU4_PAD1_STRIDE1_BIASTrue_group_conv2d_GROUPS4_ACTIVATIONsigmoid_ap_fixed_16_5_,conv,vitis,csynth,,347,50,12956,19180,1824,2520,548160,274080,19.0241,1.9841,2.3635,6.998,11070033,80811240.89999999,,7.3,,,,,,,,
config_CIN32_HIN56_WIN56_COUT32_K1_UFCIN8_UFCOU8_PAD1_STRIDE1_BIASFalse_conv2d_ACTIVATIONrelu_ap_fixed_16_5_,conv,vitis,csynth,,363,79,8731,15474,1824,2520,548160,274080,19.9013,3.1349,1.5928,5.6458,1751322,12784650.6,,7.3,,,,,,,,
config_CIN32_HIN56_WIN56_COUT32_K1_UFCIN8_UFCOU8_PAD1_STRIDE1_BIASFalse_conv2d_ACTIVATIONsigmoid_ap_fixed_16_5_,conv,vitis,csynth,,363,82,10563,16994,1824,2520,548160,274080,19.9013,3.254,1.927,6.2004,1751352,12784869.6,,7.3,,,,,,,,
config_CIN32_HIN56_WIN56_COUT32_K1_UFCIN8_UFCOU8_PAD1_STRIDE1_BIASFalse_group_conv2d_GROUPS2_ACTIVATIONrelu_ap_fixed_16_5_,conv,vitis,csynth,,363,79,15158,23554,1824,2520,548160,274080,19.9013,3.1349,2.7653,8.5938,4025506,29386193.8,,7.3,,,,,,,,
config_CIN32_HIN56_WIN56_COUT32_K1_UFCIN8_UFCOU8_PAD1_STRIDE1_BIASFalse_group_conv2d_GROUPS2_ACTIVATIONsigmoid_ap_fixed_16_5_,conv,vitis,csynth,,363,82,16990,25074,1824,2520,548160,274080,19.9013,3.254,3.0995,9.1484,4025536,29386412.8,,7.3,,,,,,,,
config_CIN32_HIN56_WIN56_COUT32_K1_UFCIN8_UFCOU8_PAD1_STRIDE1_BIASFalse_group_conv2d_GROUPS4_ACTIVATIONrelu_ap_fixed_16_5_,conv,vitis,csynth,,363,71,9241,13083,1824,2520,548160,274080,19.9013,2.8175,1.6858,4.7734,601194,4388716.2,,7.3,,,,,,,,
config_CIN32_HIN56_WIN56_COUT32_K1_UFCIN8_UFCOU8_PAD1_STRIDE1_BIASFalse_group_conv2d_GROUPS4_ACTIVATIONsigmoid_ap_fixed_16_5_,conv,vitis,csynth,,363,74,11073,14603,1824,2520,548160,274080,19.9013,2.9365,2.02,5.328,601224,4388935.2,,7.3,,,,,,,,
config_CIN32_HIN56_WIN56_COUT32_K1_UFCIN8_UFCOU8_PAD1_STRIDE1_BIASTrue_conv2d_ACTIVATIONrelu_ap_fixed_16_5_,conv,vitis,csynth,,363,79,8974,15926,1824,2520,548160,274080,19.9013,3.1349,1.6371,5.8107,1751367,12784979.1,,7.3,,,,,,,,
config_CIN32_HIN56_WIN56_COUT32_K1_UFCIN8_UFCOU8_PAD1_STRIDE1_BIASTrue_conv2d_ACTIVATIONsigmoid_ap_fixed_16_5_,conv,vitis,csynth,,363,82,10806,17446,1824,2520,548160,274080,19.9013,3.254,1.9713,6.3653,1751397,12785198.1,,7.3,,,,,,,,
config_CIN32_HIN56_WIN56_COUT32_K1_UFCIN8_UFCOU8_PAD1_STRIDE1_BIASTrue_group_conv2d_GROUPS2_ACTIVATIONrelu_ap_fixed_16_5_,conv,vitis,csynth,,363,79,15401,24006,1824,2520,548160,274080,19.9013,3.1349,2.8096,8.7588,4025551,29386522.3,,7.3,,,,,,,,
config_CIN32_HIN56_WIN56_COUT32_K1_UFCIN8_UFCOU8_PAD1_STRIDE1_BIASTrue_group_conv2d_GROUPS2_ACTIVATIONsigmoid_ap_fixed_16_5_,conv,vitis,csynth,,363,82,17233,25526,1824,2520,548160,274080,19.9013,3.254,3.1438,9.3133,4025581,29386741.3,,7.3,,,,,,,,
config_CIN32_HIN56_WIN56_COUT32_K1_UFCIN8_UFCOU8_PAD1_STRIDE1_BIASTrue_group_conv2d_GROUPS4_ACTIVATIONrelu_ap_fixed_16_5_,conv,vitis,csynth,,363,71,9484,13535,1824,2520,548160,274080,19.9013,2.8175,1.7302,4.9383,601239,4389044.7,,7.3,,,,,,,,
config_CIN32_HIN56_WIN56_COUT32_K1_UFCIN8_UFCOU8_PAD1_STRIDE1_BIASTrue_group_conv2d_GROUPS4_ACTIVATIONsigmoid_ap_fixed_16_5_,conv,vitis,csynth,,363,74,11316,15055,1824,2520,548160,274080,19.9013,2.9365,2.0644,5.4929,601269,4389263.7,,7.3,,,,,,,,
config_CIN32_HIN56_WIN56_COUT32_K3_UFCIN1_UFCOU1_PAD1_STRIDE1_BIASFalse_conv2d_ACTIVATIONrelu_ap_fixed_16_5_,conv,vitis,csynth,,311,2,5123,9281,1824,2520,548160,274080,17.0504,0.0794,0.9346,3.3862,29536359,215615420.7,,7.3,,,,,,,,
config_CIN32_HIN56_WIN56_COUT32_K3_UFCIN1_UFCOU1_PAD1_STRIDE1_BIASFalse_conv2d_ACTIVATIONsigmoid_ap_fixed_16_5_,conv,vitis,csynth,,311,5,6826,10734,1824,2520,548160,274080,17.0504,0.1984,1.2453,3.9164,29536388,215615632.4,,7.3,,,,,,,,
config_CIN32_HIN56_WIN56_COUT32_K3_UFCIN1_UFCOU1_PAD1_STRIDE1_BIASFalse_group_conv2d_GROUPS2_ACTIVATIONrelu_ap_fixed_16_5_,conv,vitis,csynth,,311,6,5541,9959,1824,2520,548160,274080,17.0504,0.2381,1.0108,3.6336,116406813,849769734.9,,7.3,,,,,,,,
config_CIN32_HIN56_WIN56_COUT32_K3_UFCIN1_UFCOU1_PAD1_STRIDE1_BIASFalse_group_conv2d_GROUPS2_ACTIVATIONsigmoid_ap_fixed_16_5_,conv,vitis,csynth,,311,9,7244,11412,1824,2520,548160,274080,17.0504,0.3571,1.3215,4.1637,116406842,849769946.6,,7.3,,,,,,,,
config_CIN32_HIN56_WIN56_COUT32_K3_UFCIN1_UFCOU1_PAD1_STRIDE1_BIASFalse_group_conv2d_GROUPS4_ACTIVATIONrelu_ap_fixed_16_5_,conv,vitis,csynth,,311,6,5544,9962,1824,2520,548160,274080,17.0504,0.2381,1.0114,3.6347,232401411,1696530300.3,,7.3,,,,,,,,
config_CIN32_HIN56_WIN56_COUT32_K3_UFCIN1_UFCOU1_PAD1_STRIDE1_BIASFalse_group_conv2d_GROUPS4_ACTIVATIONsigmoid_ap_fixed_16_5_,conv,vitis,csynth,,311,9,7247,11415,1824,2520,548160,274080,17.0504,0.3571,1.3221,4.1648,232401440,1696530512.0,,7.3,,,,,,,,
config_CIN32_HIN56_WIN56_COUT32_K3_UFCIN1_UFCOU1_PAD1_STRIDE1_BIASTrue_conv2d_ACTIVATIONrelu_ap_fixed_16_5_,conv,vitis,csynth,,311,2,5261,9480,1824,2520,548160,274080,17.0504,0.0794,0.9598,3.4588,29636627,216347377.1,,7.3,,,,,,,,
config_CIN32_HIN56_WIN56_COUT32_K3_UFCIN1_UFCOU1_PAD1_STRIDE1_BIASTrue_conv2d_ACTIVATIONsigmoid_ap_fixed_16_5_,conv,vitis,csynth,,311,5,6964,10933,1824,2520,548160,274080,17.0504,0.1984,1.2704,3.989,29636656,216347588.79999998,,7.3,,,,,,,,
config_CIN32_HIN56_WIN56_COUT32_K3_UFCIN1_UFCOU1_PAD1_STRIDE1_BIASTrue_group_conv2d_GROUPS2_ACTIVATIONrelu_ap_fixed_16_5_,conv,vitis,csynth,,311,6,5679,10158,1824,2520,548160,274080,17.0504,0.2381,1.036,3.7062,116507081,850501691.3,,7.3,,,,,,,,
config_CIN32_HIN56_WIN56_COUT32_K3_UFCIN1_UFCOU1_PAD1_STRIDE1_BIASTrue_group_conv2d_GROUPS2_ACTIVATIONsigmoid_ap_fixed_16_5_,conv,vitis,csynth,,311,9,7382,11610,1824,2520,548160,274080,17.0504,0.3571,1.3467,4.236,116507110,850501903.0,,7.3,,,,,,,,
config_CIN32_HIN56_WIN56_COUT32_K3_UFCIN1_UFCOU1_PAD1_STRIDE1_BIASTrue_group_conv2d_GROUPS4_ACTIVATIONrelu_ap_fixed_16_5_,conv,vitis,csynth,,311,6,5682,10161,1824,2520,548160,274080,17.0504,0.2381,1.0366,3.7073,232501679,1697262256.7,,7.3,,,,,,,,
config_CIN32_HIN56_WIN56_COUT32_K3_UFCIN1_UFCOU1_PAD1_STRIDE1_BIASTrue_group_conv2d_GROUPS4_ACTIVATIONsigmoid_ap_fixed_16_5_,conv,vitis,csynth,,311,9,7385,11613,1824,2520,548160,274080,17.0504,0.3571,1.3472,4.2371,232501708,1697262468.3999999,,7.3,,,,,,,,
config_CIN32_HIN56_WIN56_COUT32_K3_UFCIN1_UFCOU4_PAD1_STRIDE1_BIASFalse_conv2d_ACTIVATIONrelu_ap_fixed_16_5_,conv,vitis,csynth,,327,5,5271,10095,1824,2520,548160,274080,17.9276,0.1984,0.9616,3.6832,7885287,57562595.1,,7.3,,,,,,,,
config_CIN32_HIN56_WIN56_COUT32_K3_UFCIN1_UFCOU4_PAD1_STRIDE1_BIASFalse_conv2d_ACTIVATIONsigmoid_ap_fixed_16_5_,conv,vitis,csynth,,327,8,7166,11640,1824,2520,548160,274080,17.9276,0.3175,1.3073,4.2469,7885316,57562806.8,,7.3,,,,,,,,
config_CIN32_HIN56_WIN56_COUT32_K3_UFCIN1_UFCOU4_PAD1_STRIDE1_BIASFalse_group_conv2d_GROUPS2_ACTIVATIONrelu_ap_fixed_16_5_,conv,vitis,csynth,,327,21,6101,11304,1824,2520,548160,274080,17.9276,0.8333,1.113,4.1243,29727645,217011808.5,,7.3,,,,,,,,
config_CIN32_HIN56_WIN56_COUT32_K3_UFCIN1_UFCOU4_PAD1_STRIDE1_BIASFalse_group_conv2d_GROUPS2_ACTIVATIONsigmoid_ap_fixed_16_5_,conv,vitis,csynth,,327,24,7996,12849,1824,2520,548160,274080,17.9276,0.9524,1.4587,4.688,29727674,217012020.2,,7.3,,,,,,,,
config_CIN32_HIN56_WIN56_COUT32_K3_UFCIN1_UFCOU4_PAD1_STRIDE1_BIASFalse_group_conv2d_GROUPS4_ACTIVATIONrelu_ap_fixed_16_5_,conv,vitis,csynth,,327,21,6104,11307,1824,2520,548160,274080,17.9276,0.8333,1.1135,4.1254,59018115,430832239.5,,7.3,,,,,,,,
config_CIN32_HIN56_WIN56_COUT32_K3_UFCIN1_UFCOU4_PAD1_STRIDE1_BIASFalse_group_conv2d_GROUPS4_ACTIVATIONsigmoid_ap_fixed_16_5_,conv,vitis,csynth,,327,24,7999,12852,1824,2520,548160,274080,17.9276,0.9524,1.4592,4.6891,59018144,430832451.2,,7.3,,,,,,,,
config_CIN32_HIN56_WIN56_COUT32_K3_UFCIN1_UFCOU4_PAD1_STRIDE1_BIASTrue_conv2d_ACTIVATIONrelu_ap_fixed_16_5_,conv,vitis,csynth,,327,5,5451,10422,1824,2520,548160,274080,17.9276,0.1984,0.9944,3.8025,7885332,57562923.6,,7.3,,,,,,,,
config_CIN32_HIN56_WIN56_COUT32_K3_UFCIN1_UFCOU4_PAD1_STRIDE1_BIASTrue_conv2d_ACTIVATIONsigmoid_ap_fixed_16_5_,conv,vitis,csynth,,327,8,7346,11971,1824,2520,548160,274080,17.9276,0.3175,1.3401,4.3677,7885361,57563135.3,,7.3,,,,,,,,
config_CIN32_HIN56_WIN56_COUT32_K3_UFCIN1_UFCOU4_PAD1_STRIDE1_BIASTrue_group_conv2d_GROUPS2_ACTIVATIONrelu_ap_fixed_16_5_,conv,vitis,csynth,,327,21,6281,11631,1824,2520,548160,274080,17.9276,0.8333,1.1458,4.2437,29727690,217012137.0,,7.3,,,,,,,,
config_CIN32_HIN56_WIN56_COUT32_K3_UFCIN1_UFCOU4_PAD1_STRIDE1_BIASTrue_group_conv2d_GROUPS2_ACTIVATIONsigmoid_ap_fixed_16_5_,conv,vitis,csynth,,327,24,8176,13180,1824,2520,548160,274080,17.9276,0.9524,1.4915,4.8088,29727719,217012348.7,,7.3,,,,,,,,
config_CIN32_HIN56_WIN56_COUT32_K3_UFCIN1_UFCOU4_PAD1_STRIDE1_BIASTrue_group_conv2d_GROUPS4_ACTIVATIONrelu_ap_fixed_16_5_,conv,vitis,csynth,,327,21,6284,11634,1824,2520,548160,274080,17.9276,0.8333,1.1464,4.2447,59018160,430832568.0,,7.3,,,,,,,,
config_CIN32_HIN56_WIN56_COUT32_K3_UFCIN1_UFCOU4_PAD1_STRIDE1_BIASTrue_group_conv2d_GROUPS4_ACTIVATIONsigmoid_ap_fixed_16_5_,conv,vitis,csynth,,327,24,8179,13183,1824,2520,548160,274080,17.9276,0.9524,1.4921,4.8099,59018189,430832779.7,,7.3,,,,,,,,
config_CIN32_HIN56_WIN56_COUT32_K3_UFCIN1_UFCOU8_PAD1_STRIDE1_BIASFalse_conv2d_ACTIVATIONrelu_ap_fixed_16_5_,conv,vitis,csynth,,343,9,5371,10902,1824,2520,548160,274080,18.8048,0.3571,0.9798,3.9777,4260071,31098518.3,,7.3,,,,,,,,
config_CIN32_HIN56_WIN56_COUT32_K3_UFCIN1_UFCOU8_PAD1_STRIDE1_BIASFalse_conv2d_ACTIVATIONsigmoid_ap_fixed_16_5_,conv,vitis,csynth,,343,12,7266,12447,1824,2520,548160,274080,18.8048,0.4762,1.3255,4.5414,4260100,31098730.0,,7.3,,,,,,,,
config_CIN32_HIN56_WIN56_COUT32_K3_UFCIN1_UFCOU8_PAD1_STRIDE1_BIASFalse_group_conv2d_GROUPS2_ACTIVATIONrelu_ap_fixed_16_5_,conv,vitis,csynth,,343,21,6588,12515,1824,2520,548160,274080,18.8048,0.8333,1.2018,4.5662,15264413,111430214.89999999,,7.3,,,,,,,,
config_CIN32_HIN56_WIN56_COUT32_K3_UFCIN1_UFCOU8_PAD1_STRIDE1_BIASFalse_group_conv2d_GROUPS2_ACTIVATIONsigmoid_ap_fixed_16_5_,conv,vitis,csynth,,343,24,8483,14060,1824,2520,548160,274080,18.8048,0.9524,1.5475,5.1299,15264442,111430426.6,,7.3,,,,,,,,
config_CIN32_HIN56_WIN56_COUT32_K3_UFCIN1_UFCOU8_PAD1_STRIDE1_BIASFalse_group_conv2d_GROUPS4_ACTIVATIONrelu_ap_fixed_16_5_,conv,vitis,csynth,,343,9,5817,10980,1824,2520,548160,274080,18.8048,0.3571,1.0612,4.0061,5154175,37625477.5,,7.3,,,,,,,,
config_CIN32_HIN56_WIN56_COUT32_K3_UFCIN1_UFCOU8_PAD1_STRIDE1_BIASFalse_group_conv2d_GROUPS4_ACTIVATIONsigmoid_ap_fixed_16_5_,conv,vitis,csynth,,343,12,7712,12525,1824,2520,548160,274080,18.8048,0.4762,1.4069,4.5698,5154204,37625689.199999996,,7.3,,,,,,,,
config_CIN32_HIN56_WIN56_COUT32_K3_UFCIN1_UFCOU8_PAD1_STRIDE1_BIASTrue_conv2d_ACTIVATIONrelu_ap_fixed_16_5_,conv,vitis,csynth,,343,9,5614,11377,1824,2520,548160,274080,18.8048,0.3571,1.0242,4.151,4260116,31098846.8,,7.3,,,,,,,,
config_CIN32_HIN56_WIN56_COUT32_K3_UFCIN1_UFCOU8_PAD1_STRIDE1_BIASTrue_conv2d_ACTIVATIONsigmoid_ap_fixed_16_5_,conv,vitis,csynth,,343,12,7509,12926,1824,2520,548160,274080,18.8048,0.4762,1.3699,4.7161,4260145,31099058.5,,7.3,,,,,,,,
config_CIN32_HIN56_WIN56_COUT32_K3_UFCIN1_UFCOU8_PAD1_STRIDE1_BIASTrue_group_conv2d_GROUPS2_ACTIVATIONrelu_ap_fixed_16_5_,conv,vitis,csynth,,343,21,6831,12990,1824,2520,548160,274080,18.8048,0.8333,1.2462,4.7395,15264458,111430543.39999999,,7.3,,,,,,,,
config_CIN32_HIN56_WIN56_COUT32_K3_UFCIN1_UFCOU8_PAD1_STRIDE1_BIASTrue_group_conv2d_GROUPS2_ACTIVATIONsigmoid_ap_fixed_16_5_,conv,vitis,csynth,,343,24,8726,14539,1824,2520,548160,274080,18.8048,0.9524,1.5919,5.3047,15264487,111430755.1,,7.3,,,,,,,,
config_CIN32_HIN56_WIN56_COUT32_K3_UFCIN1_UFCOU8_PAD1_STRIDE1_BIASTrue_group_conv2d_GROUPS4_ACTIVATIONrelu_ap_fixed_16_5_,conv,vitis,csynth,,343,9,6060,11455,1824,2520,548160,274080,18.8048,0.3571,1.1055,4.1794,5154220,37625806.0,,7.3,,,,,,,,
config_CIN32_HIN56_WIN56_COUT32_K3_UFCIN1_UFCOU8_PAD1_STRIDE1_BIASTrue_group_conv2d_GROUPS4_ACTIVATIONsigmoid_ap_fixed_16_5_,conv,vitis,csynth,,343,12,7955,13004,1824,2520,548160,274080,18.8048,0.4762,1.4512,4.7446,5154249,37626017.699999996,,7.3,,,,,,,,
config_CIN32_HIN56_WIN56_COUT32_K3_UFCIN4_UFCOU1_PAD1_STRIDE1_BIASFalse_conv2d_ACTIVATIONrelu_ap_fixed_16_5_,conv,vitis,csynth,,327,5,5546,10193,1824,2520,548160,274080,17.9276,0.1984,1.0117,3.719,36043431,263117046.29999998,,7.3,,,,,,,,
config_CIN32_HIN56_WIN56_COUT32_K3_UFCIN4_UFCOU1_PAD1_STRIDE1_BIASFalse_conv2d_ACTIVATIONsigmoid_ap_fixed_16_5_,conv,vitis,csynth,,327,8,7249,11642,1824,2520,548160,274080,17.9276,0.3175,1.3224,4.2477,36043460,263117258.0,,7.3,,,,,,,,
config_CIN32_HIN56_WIN56_COUT32_K3_UFCIN4_UFCOU1_PAD1_STRIDE1_BIASFalse_group_conv2d_GROUPS2_ACTIVATIONrelu_ap_fixed_16_5_,conv,vitis,csynth,,327,5,5707,10437,1824,2520,548160,274080,17.9276,0.1984,1.0411,3.808,71969563,525377809.9,,7.3,,,,,,,,
config_CIN32_HIN56_WIN56_COUT32_K3_UFCIN4_UFCOU1_PAD1_STRIDE1_BIASFalse_group_conv2d_GROUPS2_ACTIVATIONsigmoid_ap_fixed_16_5_,conv,vitis,csynth,,327,8,7410,11886,1824,2520,548160,274080,17.9276,0.3175,1.3518,4.3367,71969592,525378021.59999996,,7.3,,,,,,,,
config_CIN32_HIN56_WIN56_COUT32_K3_UFCIN4_UFCOU1_PAD1_STRIDE1_BIASFalse_group_conv2d_GROUPS4_ACTIVATIONrelu_ap_fixed_16_5_,conv,vitis,csynth,,327,5,5710,10440,1824,2520,548160,274080,17.9276,0.1984,1.0417,3.8091,143426687,1047014815.1,,7.3,,,,,,,,
config_CIN32_HIN56_WIN56_COUT32_K3_UFCIN4_UFCOU1_PAD1_STRIDE1_BIASFalse_group_conv2d_GROUPS4_ACTIVATIONsigmoid_ap_fixed_16_5_,conv,vitis,csynth,,327,8,7413,11889,1824,2520,548160,274080,17.9276,0.3175,1.3523,4.3378,143426716,1047015026.8,,7.3,,,,,,,,
config_CIN32_HIN56_WIN56_COUT32_K3_UFCIN4_UFCOU1_PAD1_STRIDE1_BIASTrue_conv2d_ACTIVATIONrelu_ap_fixed_16_5_,conv,vitis,csynth,,327,5,5684,10391,1824,2520,548160,274080,17.9276,0.1984,1.0369,3.7912,36043476,263117374.79999998,,7.3,,,,,,,,
config_CIN32_HIN56_WIN56_COUT32_K3_UFCIN4_UFCOU1_PAD1_STRIDE1_BIASTrue_conv2d_ACTIVATIONsigmoid_ap_fixed_16_5_,conv,vitis,csynth,,327,8,7387,11844,1824,2520,548160,274080,17.9276,0.3175,1.3476,4.3214,36043505,263117586.5,,7.3,,,,,,,,
config_CIN32_HIN56_WIN56_COUT32_K3_UFCIN4_UFCOU1_PAD1_STRIDE1_BIASTrue_group_conv2d_GROUPS2_ACTIVATIONrelu_ap_fixed_16_5_,conv,vitis,csynth,,327,5,5845,10635,1824,2520,548160,274080,17.9276,0.1984,1.0663,3.8803,71969608,525378138.4,,7.3,,,,,,,,
config_CIN32_HIN56_WIN56_COUT32_K3_UFCIN4_UFCOU1_PAD1_STRIDE1_BIASTrue_group_conv2d_GROUPS2_ACTIVATIONsigmoid_ap_fixed_16_5_,conv,vitis,csynth,,327,8,7548,12088,1824,2520,548160,274080,17.9276,0.3175,1.377,4.4104,71969637,525378350.09999996,,7.3,,,,,,,,
config_CIN32_HIN56_WIN56_COUT32_K3_UFCIN4_UFCOU1_PAD1_STRIDE1_BIASTrue_group_conv2d_GROUPS4_ACTIVATIONrelu_ap_fixed_16_5_,conv,vitis,csynth,,327,5,5848,10638,1824,2520,548160,274080,17.9276,0.1984,1.0668,3.8813,143426732,1047015143.6,,7.3,,,,,,,,
config_CIN32_HIN56_WIN56_COUT32_K3_UFCIN4_UFCOU1_PAD1_STRIDE1_BIASTrue_group_conv2d_GROUPS4_ACTIVATIONsigmoid_ap_fixed_16_5_,conv,vitis,csynth,,327,8,7551,12091,1824,2520,548160,274080,17.9276,0.3175,1.3775,4.4115,143426761,1047015355.3,,7.3,,,,,,,,
config_CIN32_HIN56_WIN56_COUT32_K3_UFCIN4_UFCOU4_PAD1_STRIDE1_BIASFalse_conv2d_ACTIVATIONrelu_ap_fixed_16_5_,conv,vitis,csynth,,341,17,5931,11591,1824,2520,548160,274080,18.6952,0.6746,1.082,4.2291,14292135,104332585.5,,7.3,,,,,,,,
config_CIN32_HIN56_WIN56_COUT32_K3_UFCIN4_UFCOU4_PAD1_STRIDE1_BIASFalse_conv2d_ACTIVATIONsigmoid_ap_fixed_16_5_,conv,vitis,csynth,,341,20,7826,13136,1824,2520,548160,274080,18.6952,0.7937,1.4277,4.7928,14292164,104332797.2,,7.3,,,,,,,,
config_CIN32_HIN56_WIN56_COUT32_K3_UFCIN4_UFCOU4_PAD1_STRIDE1_BIASFalse_group_conv2d_GROUPS2_ACTIVATIONrelu_ap_fixed_16_5_,conv,vitis,csynth,,341,17,7810,13977,1824,2520,548160,274080,18.6952,0.6746,1.4248,5.0996,41186587,300662085.09999996,,7.3,,,,,,,,
config_CIN32_HIN56_WIN56_COUT32_K3_UFCIN4_UFCOU4_PAD1_STRIDE1_BIASFalse_group_conv2d_GROUPS2_ACTIVATIONsigmoid_ap_fixed_16_5_,conv,vitis,csynth,,341,20,9705,15522,1824,2520,548160,274080,18.6952,0.7937,1.7705,5.6633,41186616,300662296.8,,7.3,,,,,,,,
config_CIN32_HIN56_WIN56_COUT32_K3_UFCIN4_UFCOU4_PAD1_STRIDE1_BIASFalse_group_conv2d_GROUPS4_ACTIVATIONrelu_ap_fixed_16_5_,conv,vitis,csynth,,341,17,7813,13980,1824,2520,548160,274080,18.6952,0.6746,1.4253,5.1007,81935999,598132792.6999999,,7.3,,,,,,,,
config_CIN32_HIN56_WIN56_COUT32_K3_UFCIN4_UFCOU4_PAD1_STRIDE1_BIASFalse_group_conv2d_GROUPS4_ACTIVATIONsigmoid_ap_fixed_16_5_,conv,vitis,csynth,,341,20,9708,15525,1824,2520,548160,274080,18.6952,0.7937,1.771,5.6644,81936028,598133004.4,,7.3,,,,,,,,
config_CIN32_HIN56_WIN56_COUT32_K3_UFCIN4_UFCOU4_PAD1_STRIDE1_BIASTrue_conv2d_ACTIVATIONrelu_ap_fixed_16_5_,conv,vitis,csynth,,341,17,6111,11918,1824,2520,548160,274080,18.6952,0.6746,1.1148,4.3484,14292180,104332914.0,,7.3,,,,,,,,
config_CIN32_HIN56_WIN56_COUT32_K3_UFCIN4_UFCOU4_PAD1_STRIDE1_BIASTrue_conv2d_ACTIVATIONsigmoid_ap_fixed_16_5_,conv,vitis,csynth,,341,20,8006,13467,1824,2520,548160,274080,18.6952,0.7937,1.4605,4.9135,14292209,104333125.7,,7.3,,,,,,,,
config_CIN32_HIN56_WIN56_COUT32_K3_UFCIN4_UFCOU4_PAD1_STRIDE1_BIASTrue_group_conv2d_GROUPS2_ACTIVATIONrelu_ap_fixed_16_5_,conv,vitis,csynth,,341,17,7990,14304,1824,2520,548160,274080,18.6952,0.6746,1.4576,5.2189,41186632,300662413.59999996,,7.3,,,,,,,,
config_CIN32_HIN56_WIN56_COUT32_K3_UFCIN4_UFCOU4_PAD1_STRIDE1_BIASTrue_group_conv2d_GROUPS2_ACTIVATIONsigmoid_ap_fixed_16_5_,conv,vitis,csynth,,341,20,9885,15853,1824,2520,548160,274080,18.6952,0.7937,1.8033,5.7841,41186661,300662625.3,,7.3,,,,,,,,
config_CIN32_HIN56_WIN56_COUT32_K3_UFCIN4_UFCOU4_PAD1_STRIDE1_BIASTrue_group_conv2d_GROUPS4_ACTIVATIONrelu_ap_fixed_16_5_,conv,vitis,csynth,,341,17,7993,14307,1824,2520,548160,274080,18.6952,0.6746,1.4582,5.22,81936044,598133121.1999999,,7.3,,,,,,,,
config_CIN32_HIN56_WIN56_COUT32_K3_UFCIN4_UFCOU4_PAD1_STRIDE1_BIASTrue_group_conv2d_GROUPS4_ACTIVATIONsigmoid_ap_fixed_16_5_,conv,vitis,csynth,,341,20,9888,15856,1824,2520,548160,274080,18.6952,0.7937,1.8039,5.7852,81936073,598133332.9,,7.3,,,,,,,,
config_CIN32_HIN56_WIN56_COUT32_K3_UFCIN4_UFCOU8_PAD1_STRIDE1_BIASFalse_conv2d_ACTIVATIONrelu_ap_fixed_16_5_,conv,vitis,csynth,,373,33,6338,13272,1824,2520,548160,274080,20.4496,1.3095,1.1562,4.8424,10666919,77868508.7,,7.3,,,,,,,,
config_CIN32_HIN56_WIN56_COUT32_K3_UFCIN4_UFCOU8_PAD1_STRIDE1_BIASFalse_conv2d_ACTIVATIONsigmoid_ap_fixed_16_5_,conv,vitis,csynth,,373,36,8233,14817,1824,2520,548160,274080,20.4496,1.4286,1.5019,5.4061,10666948,77868720.39999999,,7.3,,,,,,,,
config_CIN32_HIN56_WIN56_COUT32_K3_UFCIN4_UFCOU8_PAD1_STRIDE1_BIASFalse_group_conv2d_GROUPS2_ACTIVATIONrelu_ap_fixed_16_5_,conv,vitis,csynth,,373,33,9776,17324,1824,2520,548160,274080,20.4496,1.3095,1.7834,6.3208,26723355,195080491.5,,7.3,,,,,,,,
config_CIN32_HIN56_WIN56_COUT32_K3_UFCIN4_UFCOU8_PAD1_STRIDE1_BIASFalse_group_conv2d_GROUPS2_ACTIVATIONsigmoid_ap_fixed_16_5_,conv,vitis,csynth,,373,36,11671,18869,1824,2520,548160,274080,20.4496,1.4286,2.1291,6.8845,26723384,195080703.2,,7.3,,,,,,,,
config_CIN32_HIN56_WIN56_COUT32_K3_UFCIN4_UFCOU8_PAD1_STRIDE1_BIASFalse_group_conv2d_GROUPS4_ACTIVATIONrelu_ap_fixed_16_5_,conv,vitis,csynth,,373,33,7033,12074,1824,2520,548160,274080,20.4496,1.3095,1.283,4.4053,5605759,40922040.699999996,,7.3,,,,,,,,
config_CIN32_HIN56_WIN56_COUT32_K3_UFCIN4_UFCOU8_PAD1_STRIDE1_BIASFalse_group_conv2d_GROUPS4_ACTIVATIONsigmoid_ap_fixed_16_5_,conv,vitis,csynth,,373,36,8928,13619,1824,2520,548160,274080,20.4496,1.4286,1.6287,4.969,5605788,40922252.4,,7.3,,,,,,,,
config_CIN32_HIN56_WIN56_COUT32_K3_UFCIN4_UFCOU8_PAD1_STRIDE1_BIASTrue_conv2d_ACTIVATIONrelu_ap_fixed_16_5_,conv,vitis,csynth,,373,33,6581,13747,1824,2520,548160,274080,20.4496,1.3095,1.2006,5.0157,10666964,77868837.2,,7.3,,,,,,,,
config_CIN32_HIN56_WIN56_COUT32_K3_UFCIN4_UFCOU8_PAD1_STRIDE1_BIASTrue_conv2d_ACTIVATIONsigmoid_ap_fixed_16_5_,conv,vitis,csynth,,373,36,8476,15296,1824,2520,548160,274080,20.4496,1.4286,1.5463,5.5809,10666993,77869048.89999999,,7.3,,,,,,,,
config_CIN32_HIN56_WIN56_COUT32_K3_UFCIN4_UFCOU8_PAD1_STRIDE1_BIASTrue_group_conv2d_GROUPS2_ACTIVATIONrelu_ap_fixed_16_5_,conv,vitis,csynth,,373,33,10019,17799,1824,2520,548160,274080,20.4496,1.3095,1.8278,6.4941,26723400,195080820.0,,7.3,,,,,,,,
config_CIN32_HIN56_WIN56_COUT32_K3_UFCIN4_UFCOU8_PAD1_STRIDE1_BIASTrue_group_conv2d_GROUPS2_ACTIVATIONsigmoid_ap_fixed_16_5_,conv,vitis,csynth,,373,36,11914,19348,1824,2520,548160,274080,20.4496,1.4286,2.1735,7.0593,26723429,195081031.7,,7.3,,,,,,,,
config_CIN32_HIN56_WIN56_COUT32_K3_UFCIN4_UFCOU8_PAD1_STRIDE1_BIASTrue_group_conv2d_GROUPS4_ACTIVATIONrelu_ap_fixed_16_5_,conv,vitis,csynth,,373,33,7276,12549,1824,2520,548160,274080,20.4496,1.3095,1.3273,4.5786,5605804,40922369.199999996,,7.3,,,,,,,,
config_CIN32_HIN56_WIN56_COUT32_K3_UFCIN4_UFCOU8_PAD1_STRIDE1_BIASTrue_group_conv2d_GROUPS4_ACTIVATIONsigmoid_ap_fixed_16_5_,conv,vitis,csynth,,373,36,9171,14098,1824,2520,548160,274080,20.4496,1.4286,1.6731,5.1438,5605833,40922580.9,,7.3,,,,,,,,
config_CIN32_HIN56_WIN56_COUT32_K3_UFCIN8_UFCOU1_PAD1_STRIDE1_BIASFalse_conv2d_ACTIVATIONrelu_ap_fixed_16_5_,conv,vitis,csynth,,343,9,6033,11505,1824,2520,548160,274080,18.8048,0.3571,1.1006,4.1977,35930535,262292905.5,,7.3,,,,,,,,
config_CIN32_HIN56_WIN56_COUT32_K3_UFCIN8_UFCOU1_PAD1_STRIDE1_BIASFalse_conv2d_ACTIVATIONsigmoid_ap_fixed_16_5_,conv,vitis,csynth,,343,12,7736,12954,1824,2520,548160,274080,18.8048,0.4762,1.4113,4.7264,35930564,262293117.2,,7.3,,,,,,,,
config_CIN32_HIN56_WIN56_COUT32_K3_UFCIN8_UFCOU1_PAD1_STRIDE1_BIASFalse_group_conv2d_GROUPS2_ACTIVATIONrelu_ap_fixed_16_5_,conv,vitis,csynth,,343,9,6314,11858,1824,2520,548160,274080,18.8048,0.3571,1.1519,4.3265,72195355,527026091.5,,7.3,,,,,,,,
config_CIN32_HIN56_WIN56_COUT32_K3_UFCIN8_UFCOU1_PAD1_STRIDE1_BIASFalse_group_conv2d_GROUPS2_ACTIVATIONsigmoid_ap_fixed_16_5_,conv,vitis,csynth,,343,12,8017,13307,1824,2520,548160,274080,18.8048,0.4762,1.4625,4.8552,72195384,527026303.2,,7.3,,,,,,,,
config_CIN32_HIN56_WIN56_COUT32_K3_UFCIN8_UFCOU1_PAD1_STRIDE1_BIASFalse_group_conv2d_GROUPS4_ACTIVATIONrelu_ap_fixed_16_5_,conv,vitis,csynth,,343,9,6326,11861,1824,2520,548160,274080,18.8048,0.3571,1.154,4.3276,143878271,1050311378.3,,7.3,,,,,,,,
config_CIN32_HIN56_WIN56_COUT32_K3_UFCIN8_UFCOU1_PAD1_STRIDE1_BIASFalse_group_conv2d_GROUPS4_ACTIVATIONsigmoid_ap_fixed_16_5_,conv,vitis,csynth,,343,12,8029,13310,1824,2520,548160,274080,18.8048,0.4762,1.4647,4.8562,143878300,1050311590.0,,7.3,,,,,,,,
config_CIN32_HIN56_WIN56_COUT32_K3_UFCIN8_UFCOU1_PAD1_STRIDE1_BIASTrue_conv2d_ACTIVATIONrelu_ap_fixed_16_5_,conv,vitis,csynth,,343,9,6171,11703,1824,2520,548160,274080,18.8048,0.3571,1.1258,4.2699,35930580,262293234.0,,7.3,,,,,,,,
config_CIN32_HIN56_WIN56_COUT32_K3_UFCIN8_UFCOU1_PAD1_STRIDE1_BIASTrue_conv2d_ACTIVATIONsigmoid_ap_fixed_16_5_,conv,vitis,csynth,,343,12,7874,13156,1824,2520,548160,274080,18.8048,0.4762,1.4364,4.8001,35930609,262293445.7,,7.3,,,,,,,,
config_CIN32_HIN56_WIN56_COUT32_K3_UFCIN8_UFCOU1_PAD1_STRIDE1_BIASTrue_group_conv2d_GROUPS2_ACTIVATIONrelu_ap_fixed_16_5_,conv,vitis,csynth,,343,9,6452,12056,1824,2520,548160,274080,18.8048,0.3571,1.177,4.3987,72195400,527026420.0,,7.3,,,,,,,,
config_CIN32_HIN56_WIN56_COUT32_K3_UFCIN8_UFCOU1_PAD1_STRIDE1_BIASTrue_group_conv2d_GROUPS2_ACTIVATIONsigmoid_ap_fixed_16_5_,conv,vitis,csynth,,343,12,8155,13509,1824,2520,548160,274080,18.8048,0.4762,1.4877,4.9289,72195429,527026631.7,,7.3,,,,,,,,
config_CIN32_HIN56_WIN56_COUT32_K3_UFCIN8_UFCOU1_PAD1_STRIDE1_BIASTrue_group_conv2d_GROUPS4_ACTIVATIONrelu_ap_fixed_16_5_,conv,vitis,csynth,,343,9,6464,12059,1824,2520,548160,274080,18.8048,0.3571,1.1792,4.3998,143878316,1050311706.8,,7.3,,,,,,,,
config_CIN32_HIN56_WIN56_COUT32_K3_UFCIN8_UFCOU1_PAD1_STRIDE1_BIASTrue_group_conv2d_GROUPS4_ACTIVATIONsigmoid_ap_fixed_16_5_,conv,vitis,csynth,,343,12,8167,13512,1824,2520,548160,274080,18.8048,0.4762,1.4899,4.9299,143878345,1050311918.5,,7.3,,,,,,,,
config_CIN32_HIN56_WIN56_COUT32_K3_UFCIN8_UFCOU4_PAD1_STRIDE1_BIASFalse_conv2d_ACTIVATIONrelu_ap_fixed_16_5_,conv,vitis,csynth,,373,33,6747,13663,1824,2520,548160,274080,20.4496,1.3095,1.2308,4.985,14179239,103508444.7,,7.3,,,,,,,,
config_CIN32_HIN56_WIN56_COUT32_K3_UFCIN8_UFCOU4_PAD1_STRIDE1_BIASFalse_conv2d_ACTIVATIONsigmoid_ap_fixed_16_5_,conv,vitis,csynth,,373,36,8642,15208,1824,2520,548160,274080,20.4496,1.4286,1.5765,5.5487,14179268,103508656.39999999,,7.3,,,,,,,,
config_CIN32_HIN56_WIN56_COUT32_K3_UFCIN8_UFCOU4_PAD1_STRIDE1_BIASFalse_group_conv2d_GROUPS2_ACTIVATIONrelu_ap_fixed_16_5_,conv,vitis,csynth,,373,33,10474,18388,1824,2520,548160,274080,20.4496,1.3095,1.9108,6.709,41412379,302310366.7,,7.3,,,,,,,,
config_CIN32_HIN56_WIN56_COUT32_K3_UFCIN8_UFCOU4_PAD1_STRIDE1_BIASFalse_group_conv2d_GROUPS2_ACTIVATIONsigmoid_ap_fixed_16_5_,conv,vitis,csynth,,373,36,12369,19933,1824,2520,548160,274080,20.4496,1.4286,2.2565,7.2727,41412408,302310578.4,,7.3,,,,,,,,
config_CIN32_HIN56_WIN56_COUT32_K3_UFCIN8_UFCOU4_PAD1_STRIDE1_BIASFalse_group_conv2d_GROUPS4_ACTIVATIONrelu_ap_fixed_16_5_,conv,vitis,csynth,,373,33,10486,18391,1824,2520,548160,274080,20.4496,1.3095,1.9129,6.7101,82387583,601429355.9,,7.3,,,,,,,,
config_CIN32_HIN56_WIN56_COUT32_K3_UFCIN8_UFCOU4_PAD1_STRIDE1_BIASFalse_group_conv2d_GROUPS4_ACTIVATIONsigmoid_ap_fixed_16_5_,conv,vitis,csynth,,373,36,12381,19936,1824,2520,548160,274080,20.4496,1.4286,2.2586,7.2738,82387612,601429567.6,,7.3,,,,,,,,
config_CIN32_HIN56_WIN56_COUT32_K3_UFCIN8_UFCOU4_PAD1_STRIDE1_BIASTrue_conv2d_ACTIVATIONrelu_ap_fixed_16_5_,conv,vitis,csynth,,373,33,6927,13990,1824,2520,548160,274080,20.4496,1.3095,1.2637,5.1043,14179284,103508773.2,,7.3,,,,,,,,
config_CIN32_HIN56_WIN56_COUT32_K3_UFCIN8_UFCOU4_PAD1_STRIDE1_BIASTrue_conv2d_ACTIVATIONsigmoid_ap_fixed_16_5_,conv,vitis,csynth,,373,36,8822,15539,1824,2520,548160,274080,20.4496,1.4286,1.6094,5.6695,14179313,103508984.89999999,,7.3,,,,,,,,
config_CIN32_HIN56_WIN56_COUT32_K3_UFCIN8_UFCOU4_PAD1_STRIDE1_BIASTrue_group_conv2d_GROUPS2_ACTIVATIONrelu_ap_fixed_16_5_,conv,vitis,csynth,,373,33,10654,18715,1824,2520,548160,274080,20.4496,1.3095,1.9436,6.8283,41412424,302310695.2,,7.3,,,,,,,,
config_CIN32_HIN56_WIN56_COUT32_K3_UFCIN8_UFCOU4_PAD1_STRIDE1_BIASTrue_group_conv2d_GROUPS2_ACTIVATIONsigmoid_ap_fixed_16_5_,conv,vitis,csynth,,373,36,12549,20264,1824,2520,548160,274080,20.4496,1.4286,2.2893,7.3935,41412453,302310906.9,,7.3,,,,,,,,
config_CIN32_HIN56_WIN56_COUT32_K3_UFCIN8_UFCOU4_PAD1_STRIDE1_BIASTrue_group_conv2d_GROUPS4_ACTIVATIONrelu_ap_fixed_16_5_,conv,vitis,csynth,,373,33,10666,18718,1824,2520,548160,274080,20.4496,1.3095,1.9458,6.8294,82387628,601429684.4,,7.3,,,,,,,,
config_CIN32_HIN56_WIN56_COUT32_K3_UFCIN8_UFCOU4_PAD1_STRIDE1_BIASTrue_group_conv2d_GROUPS4_ACTIVATIONsigmoid_ap_fixed_16_5_,conv,vitis,csynth,,373,36,12561,20267,1824,2520,548160,274080,20.4496,1.4286,2.2915,7.3946,82387657,601429896.1,,7.3,,,,,,,,
config_CIN32_HIN56_WIN56_COUT32_K3_UFCIN8_UFCOU8_PAD1_STRIDE1_BIASFalse_conv2d_ACTIVATIONrelu_ap_fixed_16_5_,conv,vitis,csynth,,421,65,7562,16490,1824,2520,548160,274080,23.0811,2.5794,1.3795,6.0165,10554023,77044367.89999999,,7.3,,,,,,,,
config_CIN32_HIN56_WIN56_COUT32_K3_UFCIN8_UFCOU8_PAD1_STRIDE1_BIASFalse_conv2d_ACTIVATIONsigmoid_ap_fixed_16_5_,conv,vitis,csynth,,421,68,9457,18035,1824,2520,548160,274080,23.0811,2.6984,1.7252,6.5802,10554052,77044579.6,,7.3,,,,,,,,
config_CIN32_HIN56_WIN56_COUT32_K3_UFCIN8_UFCOU8_PAD1_STRIDE1_BIASFalse_group_conv2d_GROUPS2_ACTIVATIONrelu_ap_fixed_16_5_,conv,vitis,csynth,,421,65,14397,24589,1824,2520,548160,274080,23.0811,2.5794,2.6264,8.9715,26949147,196728773.1,,7.3,,,,,,,,
config_CIN32_HIN56_WIN56_COUT32_K3_UFCIN8_UFCOU8_PAD1_STRIDE1_BIASFalse_group_conv2d_GROUPS2_ACTIVATIONsigmoid_ap_fixed_16_5_,conv,vitis,csynth,,421,68,16292,26134,1824,2520,548160,274080,23.0811,2.6984,2.9721,9.5352,26949176,196728984.79999998,,7.3,,,,,,,,
config_CIN32_HIN56_WIN56_COUT32_K3_UFCIN8_UFCOU8_PAD1_STRIDE1_BIASFalse_group_conv2d_GROUPS4_ACTIVATIONrelu_ap_fixed_16_5_,conv,vitis,csynth,,421,65,6736,13297,1824,2520,548160,274080,23.0811,2.5794,1.2288,4.8515,1880191,13725394.299999999,,7.3,,,,,,,,
config_CIN32_HIN56_WIN56_COUT32_K3_UFCIN8_UFCOU8_PAD1_STRIDE1_BIASFalse_group_conv2d_GROUPS4_ACTIVATIONsigmoid_ap_fixed_16_5_,conv,vitis,csynth,,421,68,8631,14842,1824,2520,548160,274080,23.0811,2.6984,1.5745,5.4152,1880220,13725606.0,,7.3,,,,,,,,
config_CIN32_HIN56_WIN56_COUT32_K3_UFCIN8_UFCOU8_PAD1_STRIDE1_BIASTrue_conv2d_ACTIVATIONrelu_ap_fixed_16_5_,conv,vitis,csynth,,421,65,7805,16965,1824,2520,548160,274080,23.0811,2.5794,1.4239,6.1898,10554068,77044696.39999999,,7.3,,,,,,,,
config_CIN32_HIN56_WIN56_COUT32_K3_UFCIN8_UFCOU8_PAD1_STRIDE1_BIASTrue_conv2d_ACTIVATIONsigmoid_ap_fixed_16_5_,conv,vitis,csynth,,421,68,9700,18514,1824,2520,548160,274080,23.0811,2.6984,1.7696,6.755,10554097,77044908.1,,7.3,,,,,,,,
config_CIN32_HIN56_WIN56_COUT32_K3_UFCIN8_UFCOU8_PAD1_STRIDE1_BIASTrue_group_conv2d_GROUPS2_ACTIVATIONrelu_ap_fixed_16_5_,conv,vitis,csynth,,421,65,14640,25064,1824,2520,548160,274080,23.0811,2.5794,2.6708,9.1448,26949192,196729101.6,,7.3,,,,,,,,
config_CIN32_HIN56_WIN56_COUT32_K3_UFCIN8_UFCOU8_PAD1_STRIDE1_BIASTrue_group_conv2d_GROUPS2_ACTIVATIONsigmoid_ap_fixed_16_5_,conv,vitis,csynth,,421,68,16535,26613,1824,2520,548160,274080,23.0811,2.6984,3.0165,9.7099,26949221,196729313.29999998,,7.3,,,,,,,,
config_CIN32_HIN56_WIN56_COUT32_K3_UFCIN8_UFCOU8_PAD1_STRIDE1_BIASTrue_group_conv2d_GROUPS4_ACTIVATIONrelu_ap_fixed_16_5_,conv,vitis,csynth,,421,65,6979,13772,1824,2520,548160,274080,23.0811,2.5794,1.2732,5.0248,1880236,13725722.799999999,,7.3,,,,,,,,
config_CIN32_HIN56_WIN56_COUT32_K3_UFCIN8_UFCOU8_PAD1_STRIDE1_BIASTrue_group_conv2d_GROUPS4_ACTIVATIONsigmoid_ap_fixed_16_5_,conv,vitis,csynth,,421,68,8874,15321,1824,2520,548160,274080,23.0811,2.6984,1.6189,5.59,1880265,13725934.5,,7.3,,,,,,,,
