design,domain,tool,flow,datatype,bram,dsp,ff,lut,bram_avail,dsp_avail,ff_avail,lut_avail,bram_util,dsp_util,ff_util,lut_util,cycles,latency_ns,ii,target_clock_ns,achieved_clock_ns,fmax_mhz,power_w,power_dyn_w,power_static_w,timing_met,throughput,notes
gemm_0001,gemm,vitis,csynth,,14,3,2717,4177,1824,2520,548160,274080,0.7675,0.119,0.4957,1.524,12485,91140.5,,7.3,,,,,,,,
gemm_0002,gemm,vitis,csynth,,14,3,2928,4325,1824,2520,548160,274080,0.7675,0.119,0.5342,1.578,12485,91140.5,,7.3,,,,,,,,
gemm_0003,gemm,vitis,csynth,,14,3,2928,4325,1824,2520,548160,274080,0.7675,0.119,0.5342,1.578,12485,91140.5,,7.3,,,,,,,,
gemm_0004,gemm,vitis,csynth,,14,3,3139,4473,1824,2520,548160,274080,0.7675,0.119,0.5726,1.632,12485,91140.5,,7.3,,,,,,,,
gemm_0005,gemm,vitis,csynth,,14,3,2822,4242,1824,2520,548160,274080,0.7675,0.119,0.5148,1.5477,12494,91206.2,,7.3,,,,,,,,
gemm_0006,gemm,vitis,csynth,,14,3,3033,4390,1824,2520,548160,274080,0.7675,0.119,0.5533,1.6017,12494,91206.2,,7.3,,,,,,,,
gemm_0007,gemm,vitis,csynth,,14,3,3033,4390,1824,2520,548160,274080,0.7675,0.119,0.5533,1.6017,12494,91206.2,,7.3,,,,,,,,
gemm_0008,gemm,vitis,csynth,,14,3,3244,4538,1824,2520,548160,274080,0.7675,0.119,0.5918,1.6557,12494,91206.2,,7.3,,,,,,,,
gemm_0009,gemm,vitis,csynth,,16,3,2631,4250,1824,2520,548160,274080,0.8772,0.119,0.48,1.5506,278657,2034196.0999999999,,7.3,,,,,,,,
gemm_0010,gemm,vitis,csynth,,16,3,2842,4398,1824,2520,548160,274080,0.8772,0.119,0.5185,1.6046,278657,2034196.0999999999,,7.3,,,,,,,,
gemm_0011,gemm,vitis,csynth,,16,3,2842,4398,1824,2520,548160,274080,0.8772,0.119,0.5185,1.6046,278657,2034196.0999999999,,7.3,,,,,,,,
gemm_0012,gemm,vitis,csynth,,16,3,2842,4398,1824,2520,548160,274080,0.8772,0.119,0.5185,1.6046,278657,2034196.0999999999,,7.3,,,,,,,,
gemm_0013,gemm,vitis,csynth,,16,3,2842,4398,1824,2520,548160,274080,0.8772,0.119,0.5185,1.6046,278657,2034196.0999999999,,7.3,,,,,,,,
gemm_0014,gemm,vitis,csynth,,16,3,2842,4398,1824,2520,548160,274080,0.8772,0.119,0.5185,1.6046,278657,2034196.0999999999,,7.3,,,,,,,,
gemm_0015,gemm,vitis,csynth,,16,3,2732,4306,1824,2520,548160,274080,0.8772,0.119,0.4984,1.5711,278662,2034232.5999999999,,7.3,,,,,,,,
gemm_0016,gemm,vitis,csynth,,16,3,2943,4454,1824,2520,548160,274080,0.8772,0.119,0.5369,1.6251,278662,2034232.5999999999,,7.3,,,,,,,,
gemm_0017,gemm,vitis,csynth,,16,3,2943,4454,1824,2520,548160,274080,0.8772,0.119,0.5369,1.6251,278662,2034232.5999999999,,7.3,,,,,,,,
gemm_0018,gemm,vitis,csynth,,16,3,2943,4454,1824,2520,548160,274080,0.8772,0.119,0.5369,1.6251,278662,2034232.5999999999,,7.3,,,,,,,,
gemm_0019,gemm,vitis,csynth,,16,3,2943,4454,1824,2520,548160,274080,0.8772,0.119,0.5369,1.6251,278662,2034232.5999999999,,7.3,,,,,,,,
gemm_0020,gemm,vitis,csynth,,16,3,2943,4454,1824,2520,548160,274080,0.8772,0.119,0.5369,1.6251,278662,2034232.5999999999,,7.3,,,,,,,,
gemm_0021,gemm,vitis,csynth,,17,3,2956,4562,1824,2520,548160,274080,0.932,0.119,0.5393,1.6645,278665,2034254.5,,7.3,,,,,,,,
gemm_0022,gemm,vitis,csynth,,17,3,3167,4710,1824,2520,548160,274080,0.932,0.119,0.5778,1.7185,278665,2034254.5,,7.3,,,,,,,,
gemm_0023,gemm,vitis,csynth,,17,3,2745,4414,1824,2520,548160,274080,0.932,0.119,0.5008,1.6105,278665,2034254.5,,7.3,,,,,,,,
gemm_0024,gemm,vitis,csynth,,17,3,2745,4414,1824,2520,548160,274080,0.932,0.119,0.5008,1.6105,278665,2034254.5,,7.3,,,,,,,,
gemm_0025,gemm,vitis,csynth,,17,3,3167,4710,1824,2520,548160,274080,0.932,0.119,0.5778,1.7185,278665,2034254.5,,7.3,,,,,,,,
gemm_0026,gemm,vitis,csynth,,17,3,2745,4414,1824,2520,548160,274080,0.932,0.119,0.5008,1.6105,278665,2034254.5,,7.3,,,,,,,,
gemm_0027,gemm,vitis,csynth,,17,3,3059,4620,1824,2520,548160,274080,0.932,0.119,0.558,1.6856,278672,2034305.5999999999,,7.3,,,,,,,,
gemm_0028,gemm,vitis,csynth,,17,3,3270,4768,1824,2520,548160,274080,0.932,0.119,0.5965,1.7396,278672,2034305.5999999999,,7.3,,,,,,,,
gemm_0029,gemm,vitis,csynth,,17,3,2848,4472,1824,2520,548160,274080,0.932,0.119,0.5196,1.6316,278672,2034305.5999999999,,7.3,,,,,,,,
gemm_0030,gemm,vitis,csynth,,17,3,2848,4472,1824,2520,548160,274080,0.932,0.119,0.5196,1.6316,278672,2034305.5999999999,,7.3,,,,,,,,
gemm_0031,gemm,vitis,csynth,,17,3,3270,4768,1824,2520,548160,274080,0.932,0.119,0.5965,1.7396,278672,2034305.5999999999,,7.3,,,,,,,,
gemm_0032,gemm,vitis,csynth,,17,3,2848,4472,1824,2520,548160,274080,0.932,0.119,0.5196,1.6316,278672,2034305.5999999999,,7.3,,,,,,,,
gemm_0033,gemm,vitis,csynth,,14,3,2721,4187,1824,2520,548160,274080,0.7675,0.119,0.4964,1.5277,16655,121581.5,,7.3,,,,,,,,
gemm_0034,gemm,vitis,csynth,,14,3,2932,4335,1824,2520,548160,274080,0.7675,0.119,0.5349,1.5817,16655,121581.5,,7.3,,,,,,,,
gemm_0035,gemm,vitis,csynth,,14,3,2932,4335,1824,2520,548160,274080,0.7675,0.119,0.5349,1.5817,16655,121581.5,,7.3,,,,,,,,
gemm_0036,gemm,vitis,csynth,,14,3,3143,4483,1824,2520,548160,274080,0.7675,0.119,0.5734,1.6357,16655,121581.5,,7.3,,,,,,,,
gemm_0037,gemm,vitis,csynth,,14,3,2822,4238,1824,2520,548160,274080,0.7675,0.119,0.5148,1.5463,16660,121618.0,,7.3,,,,,,,,
gemm_0038,gemm,vitis,csynth,,14,3,3033,4386,1824,2520,548160,274080,0.7675,0.119,0.5533,1.6003,16660,121618.0,,7.3,,,,,,,,
gemm_0039,gemm,vitis,csynth,,14,3,3033,4386,1824,2520,548160,274080,0.7675,0.119,0.5533,1.6003,16660,121618.0,,7.3,,,,,,,,
gemm_0040,gemm,vitis,csynth,,14,3,3244,4534,1824,2520,548160,274080,0.7675,0.119,0.5918,1.6543,16660,121618.0,,7.3,,,,,,,,
gemm_0041,gemm,vitis,csynth,,14,3,2930,4330,1824,2520,548160,274080,0.7675,0.119,0.5345,1.5798,12554,91644.2,,7.3,,,,,,,,
gemm_0042,gemm,vitis,csynth,,14,3,2719,4182,1824,2520,548160,274080,0.7675,0.119,0.496,1.5258,12554,91644.2,,7.3,,,,,,,,
gemm_0043,gemm,vitis,csynth,,14,3,3141,4478,1824,2520,548160,274080,0.7675,0.119,0.573,1.6338,12554,91644.2,,7.3,,,,,,,,
gemm_0044,gemm,vitis,csynth,,14,3,2930,4330,1824,2520,548160,274080,0.7675,0.119,0.5345,1.5798,12554,91644.2,,7.3,,,,,,,,
gemm_0045,gemm,vitis,csynth,,14,3,3033,4388,1824,2520,548160,274080,0.7675,0.119,0.5533,1.601,12561,91695.3,,7.3,,,,,,,,
gemm_0046,gemm,vitis,csynth,,14,3,2822,4240,1824,2520,548160,274080,0.7675,0.119,0.5148,1.547,12561,91695.3,,7.3,,,,,,,,
gemm_0047,gemm,vitis,csynth,,14,3,3244,4536,1824,2520,548160,274080,0.7675,0.119,0.5918,1.655,12561,91695.3,,7.3,,,,,,,,
gemm_0048,gemm,vitis,csynth,,14,3,3033,4388,1824,2520,548160,274080,0.7675,0.119,0.5533,1.601,12561,91695.3,,7.3,,,,,,,,
gemm_0049,gemm,vitis,csynth,,16,17,3242,5180,1824,2520,548160,274080,0.8772,0.6746,0.5914,1.89,8901,64977.299999999996,,7.3,,,,,,,,
gemm_0050,gemm,vitis,csynth,,16,17,4117,5984,1824,2520,548160,274080,0.8772,0.6746,0.7511,2.1833,13011,94980.3,,7.3,,,,,,,,
gemm_0051,gemm,vitis,csynth,,16,17,3453,5328,1824,2520,548160,274080,0.8772,0.6746,0.6299,1.944,8901,64977.299999999996,,7.3,,,,,,,,
gemm_0052,gemm,vitis,csynth,,16,17,4328,6132,1824,2520,548160,274080,0.8772,0.6746,0.7896,2.2373,13011,94980.3,,7.3,,,,,,,,
gemm_0053,gemm,vitis,csynth,,16,17,3347,5245,1824,2520,548160,274080,0.8772,0.6746,0.6106,1.9137,8910,65043.0,,7.3,,,,,,,,
gemm_0054,gemm,vitis,csynth,,16,17,4222,6116,1824,2520,548160,274080,0.8772,0.6746,0.7702,2.2315,13020,95046.0,,7.3,,,,,,,,
gemm_0055,gemm,vitis,csynth,,16,17,3558,5393,1824,2520,548160,274080,0.8772,0.6746,0.6491,1.9677,8910,65043.0,,7.3,,,,,,,,
gemm_0056,gemm,vitis,csynth,,16,17,4433,6264,1824,2520,548160,274080,0.8772,0.6746,0.8087,2.2855,13020,95046.0,,7.3,,,,,,,,
gemm_0057,gemm,vitis,csynth,,22,24,3264,5815,1824,2520,548160,274080,1.2061,0.9524,0.5954,2.1216,42113,307424.89999999997,,7.3,,,,,,,,
gemm_0058,gemm,vitis,csynth,,22,24,4280,6677,1824,2520,548160,274080,1.2061,0.9524,0.7808,2.4362,301318,2199621.4,,7.3,,,,,,,,
gemm_0059,gemm,vitis,csynth,,22,24,4158,7440,1824,2520,548160,274080,1.2061,0.9524,0.7585,2.7145,46154,336924.2,,7.3,,,,,,,,
gemm_0060,gemm,vitis,csynth,,22,24,4785,8259,1824,2520,548160,274080,1.2061,0.9524,0.8729,3.0134,304945,2226098.5,,7.3,,,,,,,,
gemm_0061,gemm,vitis,csynth,,22,24,5421,8752,1824,2520,548160,274080,1.2061,0.9524,0.9889,3.1932,272040,1985892.0,,7.3,,,,,,,,
gemm_0062,gemm,vitis,csynth,,22,24,4563,9284,1824,2520,548160,274080,1.2061,0.9524,0.8324,3.3873,276081,2015391.3,,7.3,,,,,,,,
gemm_0063,gemm,vitis,csynth,,22,24,3365,5871,1824,2520,548160,274080,1.2061,0.9524,0.6139,2.1421,42118,307461.39999999997,,7.3,,,,,,,,
gemm_0064,gemm,vitis,csynth,,22,24,4385,6801,1824,2520,548160,274080,1.2061,0.9524,0.7999,2.4814,301327,2199687.1,,7.3,,,,,,,,
gemm_0065,gemm,vitis,csynth,,22,24,4261,7516,1824,2520,548160,274080,1.2061,0.9524,0.7773,2.7423,46161,336975.3,,7.3,,,,,,,,
gemm_0066,gemm,vitis,csynth,,22,24,4890,8335,1824,2520,548160,274080,1.2061,0.9524,0.8921,3.0411,304954,2226164.1999999997,,7.3,,,,,,,,
gemm_0067,gemm,vitis,csynth,,22,24,5526,8868,1824,2520,548160,274080,1.2061,0.9524,1.0081,3.2356,272049,1985957.7,,7.3,,,,,,,,
gemm_0068,gemm,vitis,csynth,,22,24,4668,9360,1824,2520,548160,274080,1.2061,0.9524,0.8516,3.4151,276090,2015457.0,,7.3,,,,,,,,
gemm_0069,gemm,vitis,csynth,,24,17,3177,5396,1824,2520,548160,274080,1.3158,0.6746,0.5796,1.9688,45705,333646.5,,7.3,,,,,,,,
gemm_0070,gemm,vitis,csynth,,24,17,4195,6326,1824,2520,548160,274080,1.3158,0.6746,0.7653,2.3081,305035,2226755.5,,7.3,,,,,,,,
gemm_0071,gemm,vitis,csynth,,24,17,3936,6187,1824,2520,548160,274080,1.3158,0.6746,0.718,2.2574,46154,336924.2,,7.3,,,,,,,,
gemm_0072,gemm,vitis,csynth,,24,17,4565,7004,1824,2520,548160,274080,1.3158,0.6746,0.8328,2.5555,305070,2227011.0,,7.3,,,,,,,,
gemm_0073,gemm,vitis,csynth,,24,17,5336,8393,1824,2520,548160,274080,1.3158,0.6746,0.9734,3.0622,275757,2013026.0999999999,,7.3,,,,,,,,
gemm_0074,gemm,vitis,csynth,,24,17,4343,8029,1824,2520,548160,274080,1.3158,0.6746,0.7923,2.9294,276206,2016303.8,,7.3,,,,,,,,
gemm_0075,gemm,vitis,csynth,,24,17,3280,5454,1824,2520,548160,274080,1.3158,0.6746,0.5984,1.9899,45712,333697.6,,7.3,,,,,,,,
gemm_0076,gemm,vitis,csynth,,24,17,4300,6421,1824,2520,548160,274080,1.3158,0.6746,0.7844,2.3427,305044,2226821.1999999997,,7.3,,,,,,,,
gemm_0077,gemm,vitis,csynth,,24,17,4041,6326,1824,2520,548160,274080,1.3158,0.6746,0.7372,2.3081,46163,336989.89999999997,,7.3,,,,,,,,
gemm_0078,gemm,vitis,csynth,,24,17,4670,7065,1824,2520,548160,274080,1.3158,0.6746,0.8519,2.5777,305079,2227076.6999999997,,7.3,,,,,,,,
gemm_0079,gemm,vitis,csynth,,24,17,5441,8496,1824,2520,548160,274080,1.3158,0.6746,0.9926,3.0998,275766,2013091.8,,7.3,,,,,,,,
gemm_0080,gemm,vitis,csynth,,24,17,4448,8099,1824,2520,548160,274080,1.3158,0.6746,0.8114,2.955,276215,2016369.5,,7.3,,,,,,,,
gemm_0081,gemm,vitis,csynth,,17,10,2961,4938,1824,2520,548160,274080,0.932,0.3968,0.5402,1.8017,13071,95418.3,,7.3,,,,,,,,
gemm_0082,gemm,vitis,csynth,,17,10,3172,5086,1824,2520,548160,274080,0.932,0.3968,0.5787,1.8557,13071,95418.3,,7.3,,,,,,,,
gemm_0083,gemm,vitis,csynth,,17,10,3900,5777,1824,2520,548160,274080,0.932,0.3968,0.7115,2.1078,17180,125414.0,,7.3,,,,,,,,
gemm_0084,gemm,vitis,csynth,,17,10,4111,5925,1824,2520,548160,274080,0.932,0.3968,0.75,2.1618,17180,125414.0,,7.3,,,,,,,,
gemm_0085,gemm,vitis,csynth,,17,10,3062,4989,1824,2520,548160,274080,0.932,0.3968,0.5586,1.8203,13076,95454.8,,7.3,,,,,,,,
gemm_0086,gemm,vitis,csynth,,17,10,3273,5137,1824,2520,548160,274080,0.932,0.3968,0.5971,1.8743,13076,95454.8,,7.3,,,,,,,,
gemm_0087,gemm,vitis,csynth,,17,10,4005,5880,1824,2520,548160,274080,0.932,0.3968,0.7306,2.1454,17189,125479.7,,7.3,,,,,,,,
gemm_0088,gemm,vitis,csynth,,17,10,4216,6028,1824,2520,548160,274080,0.932,0.3968,0.7691,2.1994,17189,125479.7,,7.3,,,,,,,,
gemm_0089,gemm,vitis,csynth,,20,17,3286,5480,1824,2520,548160,274080,1.0965,0.6746,0.5995,1.9994,12552,91629.59999999999,,7.3,,,,,,,,
gemm_0090,gemm,vitis,csynth,,20,17,4045,6271,1824,2520,548160,274080,1.0965,0.6746,0.7379,2.288,13001,94907.3,,7.3,,,,,,,,
gemm_0091,gemm,vitis,csynth,,20,17,4227,6324,1824,2520,548160,274080,1.0965,0.6746,0.7711,2.3074,17180,125414.0,,7.3,,,,,,,,
gemm_0092,gemm,vitis,csynth,,20,17,4922,7144,1824,2520,548160,274080,1.0965,0.6746,0.8979,2.6065,17629,128691.7,,7.3,,,,,,,,
gemm_0093,gemm,vitis,csynth,,20,17,3389,5538,1824,2520,548160,274080,1.0965,0.6746,0.6183,2.0206,12559,91680.7,,7.3,,,,,,,,
gemm_0094,gemm,vitis,csynth,,20,17,4150,6410,1824,2520,548160,274080,1.0965,0.6746,0.7571,2.3387,13010,94973.0,,7.3,,,,,,,,
gemm_0095,gemm,vitis,csynth,,20,17,4332,6427,1824,2520,548160,274080,1.0965,0.6746,0.7903,2.3449,17189,125479.7,,7.3,,,,,,,,
gemm_0096,gemm,vitis,csynth,,20,17,5027,7214,1824,2520,548160,274080,1.0965,0.6746,0.9171,2.6321,17638,128757.4,,7.3,,,,,,,,
gemm_0097,gemm,vitis,csynth,,21,17,3919,6081,1824,2520,548160,274080,1.1513,0.6746,0.7149,2.2187,13001,94907.3,,7.3,,,,,,,,
gemm_0098,gemm,vitis,csynth,,21,17,3155,5189,1824,2520,548160,274080,1.1513,0.6746,0.5756,1.8932,12483,91125.9,,7.3,,,,,,,,
gemm_0099,gemm,vitis,csynth,,21,17,4668,7074,1824,2520,548160,274080,1.1513,0.6746,0.8516,2.581,17629,128691.7,,7.3,,,,,,,,
gemm_0100,gemm,vitis,csynth,,21,17,4098,6038,1824,2520,548160,274080,1.1513,0.6746,0.7476,2.203,17180,125414.0,,7.3,,,,,,,,
gemm_0101,gemm,vitis,csynth,,21,17,4024,6220,1824,2520,548160,274080,1.1513,0.6746,0.7341,2.2694,13010,94973.0,,7.3,,,,,,,,
gemm_0102,gemm,vitis,csynth,,21,17,3260,5254,1824,2520,548160,274080,1.1513,0.6746,0.5947,1.917,12492,91191.59999999999,,7.3,,,,,,,,
gemm_0103,gemm,vitis,csynth,,21,17,4773,7144,1824,2520,548160,274080,1.1513,0.6746,0.8707,2.6065,17638,128757.4,,7.3,,,,,,,,
gemm_0104,gemm,vitis,csynth,,21,17,4203,6141,1824,2520,548160,274080,1.1513,0.6746,0.7667,2.2406,17189,125479.7,,7.3,,,,,,,,
gemm_0105,gemm,vitis,csynth,,24,10,3438,5517,1824,2520,548160,274080,1.3158,0.3968,0.6272,2.0129,308030,2248619.0,,7.3,,,,,,,,
gemm_0106,gemm,vitis,csynth,,24,10,2862,4793,1824,2520,548160,274080,1.3158,0.3968,0.5221,1.7488,278657,2034196.0999999999,,7.3,,,,,,,,
gemm_0107,gemm,vitis,csynth,,24,10,3501,6541,1824,2520,548160,274080,1.3158,0.3968,0.6387,2.3865,279166,2037911.8,,7.3,,,,,,,,
gemm_0108,gemm,vitis,csynth,,24,10,3501,6541,1824,2520,548160,274080,1.3158,0.3968,0.6387,2.3865,279166,2037911.8,,7.3,,,,,,,,
gemm_0109,gemm,vitis,csynth,,24,10,2862,4793,1824,2520,548160,274080,1.3158,0.3968,0.5221,1.7488,278657,2034196.0999999999,,7.3,,,,,,,,
gemm_0110,gemm,vitis,csynth,,24,10,3631,5401,1824,2520,548160,274080,1.3158,0.3968,0.6624,1.9706,308030,2248619.0,,7.3,,,,,,,,
gemm_0111,gemm,vitis,csynth,,24,10,3543,5633,1824,2520,548160,274080,1.3158,0.3968,0.6463,2.0552,308039,2248684.6999999997,,7.3,,,,,,,,
gemm_0112,gemm,vitis,csynth,,24,10,2963,4849,1824,2520,548160,274080,1.3158,0.3968,0.5405,1.7692,278662,2034232.5999999999,,7.3,,,,,,,,
gemm_0113,gemm,vitis,csynth,,24,10,3606,6640,1824,2520,548160,274080,1.3158,0.3968,0.6578,2.4227,279175,2037977.5,,7.3,,,,,,,,
gemm_0114,gemm,vitis,csynth,,24,10,3606,6640,1824,2520,548160,274080,1.3158,0.3968,0.6578,2.4227,279175,2037977.5,,7.3,,,,,,,,
gemm_0115,gemm,vitis,csynth,,24,10,2963,4849,1824,2520,548160,274080,1.3158,0.3968,0.5405,1.7692,278662,2034232.5999999999,,7.3,,,,,,,,
gemm_0116,gemm,vitis,csynth,,24,10,3736,5517,1824,2520,548160,274080,1.3158,0.3968,0.6816,2.0129,308039,2248684.6999999997,,7.3,,,,,,,,
gemm_0117,gemm,vitis,csynth,,25,10,3765,5889,1824,2520,548160,274080,1.3706,0.3968,0.6868,2.1486,308107,2249181.1,,7.3,,,,,,,,
gemm_0118,gemm,vitis,csynth,,25,10,3187,5105,1824,2520,548160,274080,1.3706,0.3968,0.5814,1.8626,278665,2034254.5,,7.3,,,,,,,,
gemm_0119,gemm,vitis,csynth,,25,10,3406,6600,1824,2520,548160,274080,1.3706,0.3968,0.6214,2.4081,279243,2038473.9,,7.3,,,,,,,,
gemm_0120,gemm,vitis,csynth,,25,10,3406,6600,1824,2520,548160,274080,1.3706,0.3968,0.6214,2.4081,279243,2038473.9,,7.3,,,,,,,,
gemm_0121,gemm,vitis,csynth,,25,10,3187,5105,1824,2520,548160,274080,1.3706,0.3968,0.5814,1.8626,278665,2034254.5,,7.3,,,,,,,,
gemm_0122,gemm,vitis,csynth,,25,10,3536,5477,1824,2520,548160,274080,1.3706,0.3968,0.6451,1.9983,308107,2249181.1,,7.3,,,,,,,,
gemm_0123,gemm,vitis,csynth,,25,10,3870,5992,1824,2520,548160,274080,1.3706,0.3968,0.706,2.1862,308116,2249246.8,,7.3,,,,,,,,
gemm_0124,gemm,vitis,csynth,,25,10,3290,5163,1824,2520,548160,274080,1.3706,0.3968,0.6002,1.8838,278672,2034305.5999999999,,7.3,,,,,,,,
gemm_0125,gemm,vitis,csynth,,25,10,3511,6717,1824,2520,548160,274080,1.3706,0.3968,0.6405,2.4507,279252,2038539.5999999999,,7.3,,,,,,,,
gemm_0126,gemm,vitis,csynth,,25,10,3511,6717,1824,2520,548160,274080,1.3706,0.3968,0.6405,2.4507,279252,2038539.5999999999,,7.3,,,,,,,,
gemm_0127,gemm,vitis,csynth,,25,10,3290,5163,1824,2520,548160,274080,1.3706,0.3968,0.6002,1.8838,278672,2034305.5999999999,,7.3,,,,,,,,
gemm_0128,gemm,vitis,csynth,,25,10,3641,5580,1824,2520,548160,274080,1.3706,0.3968,0.6642,2.0359,308116,2249246.8,,7.3,,,,,,,,
gemm_0129,gemm,vitis,csynth,,20,17,4116,6457,1824,2520,548160,274080,1.0965,0.6746,0.7509,2.3559,13532,98783.59999999999,,7.3,,,,,,,,
gemm_0130,gemm,vitis,csynth,,20,17,4925,7268,1824,2520,548160,274080,1.0965,0.6746,0.8985,2.6518,17573,128282.9,,7.3,,,,,,,,
gemm_0131,gemm,vitis,csynth,,20,17,3288,5517,1824,2520,548160,274080,1.0965,0.6746,0.5998,2.0129,13071,95418.3,,7.3,,,,,,,,
gemm_0132,gemm,vitis,csynth,,20,17,4161,6333,1824,2520,548160,274080,1.0965,0.6746,0.7591,2.3106,17112,124917.59999999999,,7.3,,,,,,,,
gemm_0133,gemm,vitis,csynth,,20,17,4221,6567,1824,2520,548160,274080,1.0965,0.6746,0.77,2.396,13541,98849.3,,7.3,,,,,,,,
gemm_0134,gemm,vitis,csynth,,20,17,5030,7338,1824,2520,548160,274080,1.0965,0.6746,0.9176,2.6773,17582,128348.59999999999,,7.3,,,,,,,,
gemm_0135,gemm,vitis,csynth,,20,17,3389,5568,1824,2520,548160,274080,1.0965,0.6746,0.6183,2.0315,13076,95454.8,,7.3,,,,,,,,
gemm_0136,gemm,vitis,csynth,,20,17,4264,6441,1824,2520,548160,274080,1.0965,0.6746,0.7779,2.35,17119,124968.7,,7.3,,,,,,,,
gemm_0137,gemm,vitis,csynth,,17,10,3835,5878,1824,2520,548160,274080,0.932,0.3968,0.6996,2.1446,13011,94980.3,,7.3,,,,,,,,
gemm_0138,gemm,vitis,csynth,,17,10,2959,4965,1824,2520,548160,274080,0.932,0.3968,0.5398,1.8115,8970,65481.0,,7.3,,,,,,,,
gemm_0139,gemm,vitis,csynth,,17,10,4046,6026,1824,2520,548160,274080,0.932,0.3968,0.7381,2.1986,13011,94980.3,,7.3,,,,,,,,
gemm_0140,gemm,vitis,csynth,,17,10,3170,5113,1824,2520,548160,274080,0.932,0.3968,0.5783,1.8655,8970,65481.0,,7.3,,,,,,,,
gemm_0141,gemm,vitis,csynth,,17,10,3940,6010,1824,2520,548160,274080,0.932,0.3968,0.7188,2.1928,13020,95046.0,,7.3,,,,,,,,
gemm_0142,gemm,vitis,csynth,,17,10,3062,5023,1824,2520,548160,274080,0.932,0.3968,0.5586,1.8327,8977,65532.1,,7.3,,,,,,,,
gemm_0143,gemm,vitis,csynth,,17,10,4151,6158,1824,2520,548160,274080,0.932,0.3968,0.7573,2.2468,13020,95046.0,,7.3,,,,,,,,
gemm_0144,gemm,vitis,csynth,,17,10,3273,5171,1824,2520,548160,274080,0.932,0.3968,0.5971,1.8867,8977,65532.1,,7.3,,,,,,,,
gemm_0145,gemm,vitis,csynth,,75,80,4344,10197,1824,2520,548160,274080,4.1118,3.1746,0.7925,3.7204,9417,68744.09999999999,,7.3,,,,,,,,
gemm_0146,gemm,vitis,csynth,,75,80,5662,9470,1824,2520,548160,274080,4.1118,3.1746,1.0329,3.4552,13009,94965.7,,7.3,,,,,,,,
gemm_0147,gemm,vitis,csynth,,75,80,5093,11190,1824,2520,548160,274080,4.1118,3.1746,0.9291,4.0827,13989,102119.7,,7.3,,,,,,,,
gemm_0148,gemm,vitis,csynth,,75,80,6539,10352,1824,2520,548160,274080,4.1118,3.1746,1.1929,3.777,17581,128341.3,,7.3,,,,,,,,
gemm_0149,gemm,vitis,csynth,,75,80,4449,10336,1824,2520,548160,274080,4.1118,3.1746,0.8116,3.7712,9426,68809.8,,7.3,,,,,,,,
gemm_0150,gemm,vitis,csynth,,75,80,5767,9602,1824,2520,548160,274080,4.1118,3.1746,1.0521,3.5034,13018,95031.4,,7.3,,,,,,,,
gemm_0151,gemm,vitis,csynth,,75,80,5198,11260,1824,2520,548160,274080,4.1118,3.1746,0.9483,4.1083,13998,102185.4,,7.3,,,,,,,,
gemm_0152,gemm,vitis,csynth,,75,80,6644,10418,1824,2520,548160,274080,4.1118,3.1746,1.2121,3.8011,17590,128407.0,,7.3,,,,,,,,
gemm_0153,gemm,vitis,csynth,,82,80,4862,10291,1824,2520,548160,274080,4.4956,3.1746,0.887,3.7547,71430,521439.0,,7.3,,,,,,,,
gemm_0154,gemm,vitis,csynth,,82,80,5582,9557,1824,2520,548160,274080,4.4956,3.1746,1.0183,3.4869,301318,2199621.4,,7.3,,,,,,,,
gemm_0155,gemm,vitis,csynth,,82,80,5542,12825,1824,2520,548160,274080,4.4956,3.1746,1.011,4.6793,46607,340231.1,,7.3,,,,,,,,
gemm_0156,gemm,vitis,csynth,,82,80,10104,17075,1824,2520,548160,274080,4.4956,3.1746,1.8433,6.2299,304889,2225689.6999999997,,7.3,,,,,,,,
gemm_0157,gemm,vitis,csynth,,82,80,5721,10952,1824,2520,548160,274080,4.4956,3.1746,1.0437,3.9959,272040,1985892.0,,7.3,,,,,,,,
gemm_0158,gemm,vitis,csynth,,82,80,10104,17075,1824,2520,548160,274080,4.4956,3.1746,1.8433,6.2299,304889,2225689.6999999997,,7.3,,,,,,,,
gemm_0159,gemm,vitis,csynth,,82,80,4967,10407,1824,2520,548160,274080,4.4956,3.1746,0.9061,3.7971,71439,521504.7,,7.3,,,,,,,,
gemm_0160,gemm,vitis,csynth,,82,80,5687,9681,1824,2520,548160,274080,4.4956,3.1746,1.0375,3.5322,301327,2199687.1,,7.3,,,,,,,,
gemm_0161,gemm,vitis,csynth,,82,80,5647,12908,1824,2520,548160,274080,4.4956,3.1746,1.0302,4.7096,46616,340296.8,,7.3,,,,,,,,
gemm_0162,gemm,vitis,csynth,,82,80,10209,17159,1824,2520,548160,274080,4.4956,3.1746,1.8624,6.2606,304898,2225755.4,,7.3,,,,,,,,
gemm_0163,gemm,vitis,csynth,,82,80,5826,11068,1824,2520,548160,274080,4.4956,3.1746,1.0628,4.0382,272049,1985957.7,,7.3,,,,,,,,
gemm_0164,gemm,vitis,csynth,,82,80,10209,17159,1824,2520,548160,274080,4.4956,3.1746,1.8624,6.2606,304898,2225755.4,,7.3,,,,,,,,
gemm_0165,gemm,vitis,csynth,,84,73,4777,9932,1824,2520,548160,274080,4.6053,2.8968,0.8715,3.6238,75147,548573.1,,7.3,,,,,,,,
gemm_0166,gemm,vitis,csynth,,84,73,5497,9206,1824,2520,548160,274080,4.6053,2.8968,1.0028,3.3589,305035,2226755.5,,7.3,,,,,,,,
gemm_0167,gemm,vitis,csynth,,84,73,5322,11577,1824,2520,548160,274080,4.6053,2.8968,0.9709,4.2239,46732,341143.6,,7.3,,,,,,,,
gemm_0168,gemm,vitis,csynth,,84,73,9884,15828,1824,2520,548160,274080,4.6053,2.8968,1.8031,5.775,305014,2226602.1999999997,,7.3,,,,,,,,
gemm_0169,gemm,vitis,csynth,,84,73,5636,10593,1824,2520,548160,274080,4.6053,2.8968,1.0282,3.8649,275757,2013026.0999999999,,7.3,,,,,,,,
gemm_0170,gemm,vitis,csynth,,84,73,9884,15828,1824,2520,548160,274080,4.6053,2.8968,1.8031,5.775,305014,2226602.1999999997,,7.3,,,,,,,,
gemm_0171,gemm,vitis,csynth,,84,73,4882,10035,1824,2520,548160,274080,4.6053,2.8968,0.8906,3.6613,75156,548638.7999999999,,7.3,,,,,,,,
gemm_0172,gemm,vitis,csynth,,84,73,5602,9301,1824,2520,548160,274080,4.6053,2.8968,1.022,3.3935,305044,2226821.1999999997,,7.3,,,,,,,,
gemm_0173,gemm,vitis,csynth,,84,73,5427,11651,1824,2520,548160,274080,4.6053,2.8968,0.99,4.2509,46741,341209.3,,7.3,,,,,,,,
gemm_0174,gemm,vitis,csynth,,84,73,9989,15911,1824,2520,548160,274080,4.6053,2.8968,1.8223,5.8052,305023,2226667.9,,7.3,,,,,,,,
gemm_0175,gemm,vitis,csynth,,84,73,5741,10696,1824,2520,548160,274080,4.6053,2.8968,1.0473,3.9025,275766,2013091.8,,7.3,,,,,,,,
gemm_0176,gemm,vitis,csynth,,84,73,9989,15911,1824,2520,548160,274080,4.6053,2.8968,1.8223,5.8052,305023,2226667.9,,7.3,,,,,,,,
gemm_0177,gemm,vitis,csynth,,75,73,4256,10321,1824,2520,548160,274080,4.1118,2.8968,0.7764,3.7657,9948,72620.4,,7.3,,,,,,,,
gemm_0178,gemm,vitis,csynth,,75,73,5086,11853,1824,2520,548160,274080,4.1118,2.8968,0.9278,4.3246,13989,102119.7,,7.3,,,,,,,,
gemm_0179,gemm,vitis,csynth,,75,73,5574,9595,1824,2520,548160,274080,4.1118,2.8968,1.0169,3.5008,13540,98842.0,,7.3,,,,,,,,
gemm_0180,gemm,vitis,csynth,,75,73,6404,11279,1824,2520,548160,274080,4.1118,2.8968,1.1683,4.1152,17581,128341.3,,7.3,,,,,,,,
gemm_0181,gemm,vitis,csynth,,75,73,4361,10431,1824,2520,548160,274080,4.1118,2.8968,0.7956,3.8058,9957,72686.09999999999,,7.3,,,,,,,,
gemm_0182,gemm,vitis,csynth,,75,73,5191,11923,1824,2520,548160,274080,4.1118,2.8968,0.947,4.3502,13998,102185.4,,7.3,,,,,,,,
gemm_0183,gemm,vitis,csynth,,75,73,5679,9698,1824,2520,548160,274080,4.1118,2.8968,1.036,3.5384,13549,98907.7,,7.3,,,,,,,,
gemm_0184,gemm,vitis,csynth,,75,73,6509,11345,1824,2520,548160,274080,4.1118,2.8968,1.1874,4.1393,17590,128407.0,,7.3,,,,,,,,
gemm_0185,gemm,vitis,csynth,,75,73,5503,9552,1824,2520,548160,274080,4.1118,2.8968,1.0039,3.4851,13009,94965.7,,7.3,,,,,,,,
gemm_0186,gemm,vitis,csynth,,75,73,4185,10279,1824,2520,548160,274080,4.1118,2.8968,0.7635,3.7504,9417,68744.09999999999,,7.3,,,,,,,,
gemm_0187,gemm,vitis,csynth,,75,73,6380,10418,1824,2520,548160,274080,4.1118,2.8968,1.1639,3.8011,17581,128341.3,,7.3,,,,,,,,
gemm_0188,gemm,vitis,csynth,,75,73,5062,11152,1824,2520,548160,274080,4.1118,2.8968,0.9235,4.0689,13989,102119.7,,7.3,,,,,,,,
gemm_0189,gemm,vitis,csynth,,75,73,5608,9684,1824,2520,548160,274080,4.1118,2.8968,1.0231,3.5333,13018,95031.4,,7.3,,,,,,,,
gemm_0190,gemm,vitis,csynth,,75,73,4290,10418,1824,2520,548160,274080,4.1118,2.8968,0.7826,3.8011,9426,68809.8,,7.3,,,,,,,,
gemm_0191,gemm,vitis,csynth,,75,73,6485,10484,1824,2520,548160,274080,4.1118,2.8968,1.183,3.8252,17590,128407.0,,7.3,,,,,,,,
gemm_0192,gemm,vitis,csynth,,75,73,5167,11222,1824,2520,548160,274080,4.1118,2.8968,0.9426,4.0944,13998,102185.4,,7.3,,,,,,,,
gemm_0193,gemm,vitis,csynth,,17,10,3876,5706,1824,2520,548160,274080,0.932,0.3968,0.7071,2.0819,17172,125355.59999999999,,7.3,,,,,,,,
gemm_0194,gemm,vitis,csynth,,17,10,4087,5854,1824,2520,548160,274080,0.932,0.3968,0.7456,2.1359,17172,125355.59999999999,,7.3,,,,,,,,
gemm_0195,gemm,vitis,csynth,,17,10,3044,4756,1824,2520,548160,274080,0.932,0.3968,0.5553,1.7353,12485,91140.5,,7.3,,,,,,,,
gemm_0196,gemm,vitis,csynth,,17,10,3255,4904,1824,2520,548160,274080,0.932,0.3968,0.5938,1.7893,12485,91140.5,,7.3,,,,,,,,
gemm_0197,gemm,vitis,csynth,,17,10,3981,5816,1824,2520,548160,274080,0.932,0.3968,0.7262,2.122,17181,125421.3,,7.3,,,,,,,,
gemm_0198,gemm,vitis,csynth,,17,10,4192,5964,1824,2520,548160,274080,0.932,0.3968,0.7647,2.176,17181,125421.3,,7.3,,,,,,,,
gemm_0199,gemm,vitis,csynth,,17,10,3149,4821,1824,2520,548160,274080,0.932,0.3968,0.5745,1.759,12494,91206.2,,7.3,,,,,,,,
gemm_0200,gemm,vitis,csynth,,17,10,3360,4969,1824,2520,548160,274080,0.932,0.3968,0.613,1.813,12494,91206.2,,7.3,,,,,,,,
gemm_0201,gemm,vitis,csynth,,23,17,4249,8492,1824,2520,548160,274080,1.261,0.6746,0.7751,3.0984,276129,2015741.7,,7.3,,,,,,,,
gemm_0202,gemm,vitis,csynth,,23,17,5937,9676,1824,2520,548160,274080,1.261,0.6746,1.0831,3.5304,276129,2015741.7,,7.3,,,,,,,,
gemm_0203,gemm,vitis,csynth,,23,17,3780,6541,1824,2520,548160,274080,1.261,0.6746,0.6896,2.3865,304544,2223171.1999999997,,7.3,,,,,,,,
gemm_0204,gemm,vitis,csynth,,23,17,3066,5439,1824,2520,548160,274080,1.261,0.6746,0.5593,1.9845,45697,333588.1,,7.3,,,,,,,,
gemm_0205,gemm,vitis,csynth,,23,17,4781,7225,1824,2520,548160,274080,1.261,0.6746,0.8722,2.6361,305407,2229471.1,,7.3,,,,,,,,
gemm_0206,gemm,vitis,csynth,,23,17,3066,5439,1824,2520,548160,274080,1.261,0.6746,0.5593,1.9845,45697,333588.1,,7.3,,,,,,,,
gemm_0207,gemm,vitis,csynth,,23,17,4354,8568,1824,2520,548160,274080,1.261,0.6746,0.7943,3.1261,276138,2015807.4,,7.3,,,,,,,,
gemm_0208,gemm,vitis,csynth,,23,17,6042,9752,1824,2520,548160,274080,1.261,0.6746,1.1022,3.5581,276138,2015807.4,,7.3,,,,,,,,
gemm_0209,gemm,vitis,csynth,,23,17,3885,6674,1824,2520,548160,274080,1.261,0.6746,0.7087,2.4351,304553,2223236.9,,7.3,,,,,,,,
gemm_0210,gemm,vitis,csynth,,23,17,3167,5495,1824,2520,548160,274080,1.261,0.6746,0.5778,2.0049,45702,333624.6,,7.3,,,,,,,,
gemm_0211,gemm,vitis,csynth,,23,17,4886,7301,1824,2520,548160,274080,1.261,0.6746,0.8913,2.6638,305416,2229536.8,,7.3,,,,,,,,
gemm_0212,gemm,vitis,csynth,,23,17,3167,5495,1824,2520,548160,274080,1.261,0.6746,0.5778,2.0049,45702,333624.6,,7.3,,,,,,,,
gemm_0213,gemm,vitis,csynth,,23,24,4674,9016,1824,2520,548160,274080,1.261,0.9524,0.8527,3.2896,276158,2015953.4,,7.3,,,,,,,,
gemm_0214,gemm,vitis,csynth,,23,24,6362,10200,1824,2520,548160,274080,1.261,0.9524,1.1606,3.7215,276158,2015953.4,,7.3,,,,,,,,
gemm_0215,gemm,vitis,csynth,,23,24,4091,7110,1824,2520,548160,274080,1.261,0.9524,0.7463,2.5941,300981,2197161.3,,7.3,,,,,,,,
gemm_0216,gemm,vitis,csynth,,23,24,3375,5932,1824,2520,548160,274080,1.261,0.9524,0.6157,2.1643,42121,307483.3,,7.3,,,,,,,,
gemm_0217,gemm,vitis,csynth,,23,24,5206,7750,1824,2520,548160,274080,1.261,0.9524,0.9497,2.8276,305436,2229682.8,,7.3,,,,,,,,
gemm_0218,gemm,vitis,csynth,,23,24,3375,5932,1824,2520,548160,274080,1.261,0.9524,0.6157,2.1643,42121,307483.3,,7.3,,,,,,,,
gemm_0219,gemm,vitis,csynth,,23,24,4779,9082,1824,2520,548160,274080,1.261,0.9524,0.8718,3.3136,276167,2016019.0999999999,,7.3,,,,,,,,
gemm_0220,gemm,vitis,csynth,,23,24,6467,10266,1824,2520,548160,274080,1.261,0.9524,1.1798,3.7456,276167,2016019.0999999999,,7.3,,,,,,,,
gemm_0221,gemm,vitis,csynth,,23,24,4196,7199,1824,2520,548160,274080,1.261,0.9524,0.7655,2.6266,300990,2197227.0,,7.3,,,,,,,,
gemm_0222,gemm,vitis,csynth,,23,24,3478,5990,1824,2520,548160,274080,1.261,0.9524,0.6345,2.1855,42128,307534.39999999997,,7.3,,,,,,,,
gemm_0223,gemm,vitis,csynth,,23,24,5311,7811,1824,2520,548160,274080,1.261,0.9524,0.9689,2.8499,305445,2229748.5,,7.3,,,,,,,,
gemm_0224,gemm,vitis,csynth,,23,24,3478,5990,1824,2520,548160,274080,1.261,0.9524,0.6345,2.1855,42128,307534.39999999997,,7.3,,,,,,,,
gemm_0225,gemm,vitis,csynth,,15,17,5174,11489,1824,2520,548160,274080,0.8224,0.6746,0.9439,4.1918,25296,184660.8,,7.3,,,,,,,,
gemm_0226,gemm,vitis,csynth,,15,17,3726,6303,1824,2520,548160,274080,0.8224,0.6746,0.6797,2.2997,20751,151482.3,,7.3,,,,,,,,
gemm_0227,gemm,vitis,csynth,,15,17,5346,11351,1824,2520,548160,274080,0.8224,0.6746,0.9753,4.1415,21200,154760.0,,7.3,,,,,,,,
gemm_0228,gemm,vitis,csynth,,15,17,3898,6165,1824,2520,548160,274080,0.8224,0.6746,0.7111,2.2493,16655,121581.5,,7.3,,,,,,,,
gemm_0229,gemm,vitis,csynth,,15,17,5277,11605,1824,2520,548160,274080,0.8224,0.6746,0.9627,4.2342,25303,184711.9,,7.3,,,,,,,,
gemm_0230,gemm,vitis,csynth,,15,17,3827,6354,1824,2520,548160,274080,0.8224,0.6746,0.6982,2.3183,20756,151518.8,,7.3,,,,,,,,
gemm_0231,gemm,vitis,csynth,,15,17,5449,11467,1824,2520,548160,274080,0.8224,0.6746,0.9941,4.1838,21207,154811.1,,7.3,,,,,,,,
gemm_0232,gemm,vitis,csynth,,15,17,3999,6216,1824,2520,548160,274080,0.8224,0.6746,0.7295,2.268,16660,121618.0,,7.3,,,,,,,,
gemm_0233,gemm,vitis,csynth,,15,17,5412,11388,1824,2520,548160,274080,0.8224,0.6746,0.9873,4.155,21268,155256.4,,7.3,,,,,,,,
gemm_0234,gemm,vitis,csynth,,15,17,5240,11526,1824,2520,548160,274080,0.8224,0.6746,0.9559,4.2053,25364,185157.19999999998,,7.3,,,,,,,,
gemm_0235,gemm,vitis,csynth,,15,17,3896,6160,1824,2520,548160,274080,0.8224,0.6746,0.7107,2.2475,12554,91644.2,,7.3,,,,,,,,
gemm_0236,gemm,vitis,csynth,,15,17,3724,6298,1824,2520,548160,274080,0.8224,0.6746,0.6794,2.2979,16650,121545.0,,7.3,,,,,,,,
gemm_0237,gemm,vitis,csynth,,15,17,5517,11498,1824,2520,548160,274080,0.8224,0.6746,1.0065,4.1951,21277,155322.1,,7.3,,,,,,,,
gemm_0238,gemm,vitis,csynth,,15,17,5345,11636,1824,2520,548160,274080,0.8224,0.6746,0.9751,4.2455,25373,185222.9,,7.3,,,,,,,,
gemm_0239,gemm,vitis,csynth,,15,17,3999,6218,1824,2520,548160,274080,0.8224,0.6746,0.7295,2.2687,12561,91695.3,,7.3,,,,,,,,
gemm_0240,gemm,vitis,csynth,,15,17,3827,6356,1824,2520,548160,274080,0.8224,0.6746,0.6982,2.319,16657,121596.09999999999,,7.3,,,,,,,,
gemm_0241,gemm,vitis,csynth,,19,24,4401,6709,1824,2520,548160,274080,1.0417,0.9524,0.8029,2.4478,13532,98783.59999999999,,7.3,,,,,,,,
gemm_0242,gemm,vitis,csynth,,19,24,5210,7520,1824,2520,548160,274080,1.0417,0.9524,0.9505,2.7437,17573,128282.9,,7.3,,,,,,,,
gemm_0243,gemm,vitis,csynth,,19,24,3569,5759,1824,2520,548160,274080,1.0417,0.9524,0.6511,2.1012,8901,64977.299999999996,,7.3,,,,,,,,
gemm_0244,gemm,vitis,csynth,,19,24,4444,6563,1824,2520,548160,274080,1.0417,0.9524,0.8107,2.3946,13011,94980.3,,7.3,,,,,,,,
gemm_0245,gemm,vitis,csynth,,19,24,4506,6819,1824,2520,548160,274080,1.0417,0.9524,0.822,2.488,13541,98849.3,,7.3,,,,,,,,
gemm_0246,gemm,vitis,csynth,,19,24,5315,7590,1824,2520,548160,274080,1.0417,0.9524,0.9696,2.7693,17582,128348.59999999999,,7.3,,,,,,,,
gemm_0247,gemm,vitis,csynth,,19,24,3674,5824,1824,2520,548160,274080,1.0417,0.9524,0.6702,2.1249,8910,65043.0,,7.3,,,,,,,,
gemm_0248,gemm,vitis,csynth,,19,24,4549,6695,1824,2520,548160,274080,1.0417,0.9524,0.8299,2.4427,13020,95046.0,,7.3,,,,,,,,
gemm_0249,gemm,vitis,csynth,,82,136,5072,14650,1824,2520,548160,274080,4.4956,5.3968,0.9253,5.3452,42665,311454.5,,7.3,,,,,,,,
gemm_0250,gemm,vitis,csynth,,82,136,12953,22035,1824,2520,548160,274080,4.4956,5.3968,2.363,8.0396,301361,2199935.3,,7.3,,,,,,,,
gemm_0251,gemm,vitis,csynth,,82,136,6640,12979,1824,2520,548160,274080,4.4956,5.3968,1.2113,4.7355,75121,548383.2999999999,,7.3,,,,,,,,
gemm_0252,gemm,vitis,csynth,,82,136,6633,12963,1824,2520,548160,274080,4.4956,5.3968,1.21,4.7296,75121,548383.2999999999,,7.3,,,,,,,,
gemm_0253,gemm,vitis,csynth,,82,136,12974,22035,1824,2520,548160,274080,4.4956,5.3968,2.3668,8.0396,301361,2199935.3,,7.3,,,,,,,,
gemm_0254,gemm,vitis,csynth,,82,136,6387,13916,1824,2520,548160,274080,4.4956,5.3968,1.1652,5.0773,46257,337676.1,,7.3,,,,,,,,
gemm_0255,gemm,vitis,csynth,,82,136,5177,14726,1824,2520,548160,274080,4.4956,5.3968,0.9444,5.3729,42674,311520.2,,7.3,,,,,,,,
gemm_0256,gemm,vitis,csynth,,82,136,13058,22119,1824,2520,548160,274080,4.4956,5.3968,2.3822,8.0703,301370,2200001.0,,7.3,,,,,,,,
gemm_0257,gemm,vitis,csynth,,82,136,6745,13055,1824,2520,548160,274080,4.4956,5.3968,1.2305,4.7632,75130,548449.0,,7.3,,,,,,,,
gemm_0258,gemm,vitis,csynth,,82,136,6738,13039,1824,2520,548160,274080,4.4956,5.3968,1.2292,4.7574,75130,548449.0,,7.3,,,,,,,,
gemm_0259,gemm,vitis,csynth,,82,136,13079,22119,1824,2520,548160,274080,4.4956,5.3968,2.386,8.0703,301370,2200001.0,,7.3,,,,,,,,
gemm_0260,gemm,vitis,csynth,,82,136,6492,13992,1824,2520,548160,274080,4.4956,5.3968,1.1843,5.1051,46266,337741.8,,7.3,,,,,,,,
gemm_0261,gemm,vitis,csynth,,82,136,6632,14299,1824,2520,548160,274080,4.4956,5.3968,1.2099,5.2171,46334,338238.2,,7.3,,,,,,,,
gemm_0262,gemm,vitis,csynth,,82,136,14577,21693,1824,2520,548160,274080,4.4956,5.3968,2.6593,7.9148,305030,2226719.0,,7.3,,,,,,,,
gemm_0263,gemm,vitis,csynth,,82,136,5564,14096,1824,2520,548160,274080,4.4956,5.3968,1.015,5.143,71606,522723.8,,7.3,,,,,,,,
gemm_0264,gemm,vitis,csynth,,82,136,5557,14080,1824,2520,548160,274080,4.4956,5.3968,1.0138,5.1372,71606,522723.8,,7.3,,,,,,,,
gemm_0265,gemm,vitis,csynth,,82,136,14598,21693,1824,2520,548160,274080,4.4956,5.3968,2.6631,7.9148,305030,2226719.0,,7.3,,,,,,,,
gemm_0266,gemm,vitis,csynth,,82,136,5311,15033,1824,2520,548160,274080,4.4956,5.3968,0.9689,5.4849,42742,312016.6,,7.3,,,,,,,,
gemm_0267,gemm,vitis,csynth,,82,136,6737,14365,1824,2520,548160,274080,4.4956,5.3968,1.229,5.2412,46343,338303.89999999997,,7.3,,,,,,,,
gemm_0268,gemm,vitis,csynth,,82,136,14682,21775,1824,2520,548160,274080,4.4956,5.3968,2.6784,7.9448,305039,2226784.6999999997,,7.3,,,,,,,,
gemm_0269,gemm,vitis,csynth,,82,136,5669,14157,1824,2520,548160,274080,4.4956,5.3968,1.0342,5.1653,71615,522789.5,,7.3,,,,,,,,
gemm_0270,gemm,vitis,csynth,,82,136,5662,14141,1824,2520,548160,274080,4.4956,5.3968,1.0329,5.1594,71615,522789.5,,7.3,,,,,,,,
gemm_0271,gemm,vitis,csynth,,82,136,14639,21777,1824,2520,548160,274080,4.4956,5.3968,2.6706,7.9455,305039,2226784.6999999997,,7.3,,,,,,,,
gemm_0272,gemm,vitis,csynth,,82,136,5416,15103,1824,2520,548160,274080,4.4956,5.3968,0.988,5.5104,42751,312082.3,,7.3,,,,,,,,
gemm_0273,gemm,vitis,csynth,,19,24,5065,11313,1824,2520,548160,274080,1.0417,0.9524,0.924,4.1276,17616,128596.8,,7.3,,,,,,,,
gemm_0274,gemm,vitis,csynth,,19,24,3617,6127,1824,2520,548160,274080,1.0417,0.9524,0.6598,2.2355,13071,95418.3,,7.3,,,,,,,,
gemm_0275,gemm,vitis,csynth,,19,24,5812,12285,1824,2520,548160,274080,1.0417,0.9524,1.0603,4.4823,21725,158592.5,,7.3,,,,,,,,
gemm_0276,gemm,vitis,csynth,,19,24,4556,6966,1824,2520,548160,274080,1.0417,0.9524,0.8311,2.5416,17180,125414.0,,7.3,,,,,,,,
gemm_0277,gemm,vitis,csynth,,19,24,5168,11429,1824,2520,548160,274080,1.0417,0.9524,0.9428,4.17,17623,128647.9,,7.3,,,,,,,,
gemm_0278,gemm,vitis,csynth,,19,24,3718,6178,1824,2520,548160,274080,1.0417,0.9524,0.6783,2.2541,13076,95454.8,,7.3,,,,,,,,
gemm_0279,gemm,vitis,csynth,,19,24,5917,12355,1824,2520,548160,274080,1.0417,0.9524,1.0794,4.5078,21734,158658.19999999998,,7.3,,,,,,,,
gemm_0280,gemm,vitis,csynth,,19,24,4661,7069,1824,2520,548160,274080,1.0417,0.9524,0.8503,2.5792,17189,125479.7,,7.3,,,,,,,,
gemm_0281,gemm,vitis,csynth,,74,80,4672,10727,1824,2520,548160,274080,4.057,3.1746,0.8523,3.9138,13588,99192.4,,7.3,,,,,,,,
gemm_0282,gemm,vitis,csynth,,74,80,6053,15838,1824,2520,548160,274080,4.057,3.1746,1.1042,5.7786,18133,132370.9,,7.3,,,,,,,,
gemm_0283,gemm,vitis,csynth,,74,80,5990,10001,1824,2520,548160,274080,4.057,3.1746,1.0927,3.6489,17180,125414.0,,7.3,,,,,,,,
gemm_0284,gemm,vitis,csynth,,74,80,7371,15104,1824,2520,548160,274080,4.057,3.1746,1.3447,5.5108,21725,158592.5,,7.3,,,,,,,,
gemm_0285,gemm,vitis,csynth,,74,80,4777,10837,1824,2520,548160,274080,4.057,3.1746,0.8715,3.954,13597,99258.09999999999,,7.3,,,,,,,,
gemm_0286,gemm,vitis,csynth,,74,80,6158,15912,1824,2520,548160,274080,4.057,3.1746,1.1234,5.8056,18142,132436.6,,7.3,,,,,,,,
gemm_0287,gemm,vitis,csynth,,74,80,6095,10104,1824,2520,548160,274080,4.057,3.1746,1.1119,3.6865,17189,125479.7,,7.3,,,,,,,,
gemm_0288,gemm,vitis,csynth,,74,80,7476,15174,1824,2520,548160,274080,4.057,3.1746,1.3638,5.5363,21734,158658.19999999998,,7.3,,,,,,,,
gemm_0289,gemm,vitis,csynth,,76,73,4912,10771,1824,2520,548160,274080,4.1667,2.8968,0.8961,3.9299,14037,102470.09999999999,,7.3,,,,,,,,
gemm_0290,gemm,vitis,csynth,,76,73,4214,9831,1824,2520,548160,274080,4.1667,2.8968,0.7688,3.5869,13588,99192.4,,7.3,,,,,,,,
gemm_0291,gemm,vitis,csynth,,76,73,6102,10141,1824,2520,548160,274080,4.1667,2.8968,1.1132,3.7,17629,128691.7,,7.3,,,,,,,,
gemm_0292,gemm,vitis,csynth,,76,73,5532,9105,1824,2520,548160,274080,4.1667,2.8968,1.0092,3.322,17180,125414.0,,7.3,,,,,,,,
gemm_0293,gemm,vitis,csynth,,76,73,5017,10845,1824,2520,548160,274080,4.1667,2.8968,0.9152,3.9569,14046,102535.8,,7.3,,,,,,,,
gemm_0294,gemm,vitis,csynth,,76,73,4319,9941,1824,2520,548160,274080,4.1667,2.8968,0.7879,3.627,13597,99258.09999999999,,7.3,,,,,,,,
gemm_0295,gemm,vitis,csynth,,76,73,6207,10211,1824,2520,548160,274080,4.1667,2.8968,1.1323,3.7256,17638,128757.4,,7.3,,,,,,,,
gemm_0296,gemm,vitis,csynth,,76,73,5637,9208,1824,2520,548160,274080,4.1667,2.8968,1.0283,3.3596,17189,125479.7,,7.3,,,,,,,,
gemm_0297,gemm,vitis,csynth,,83,73,10185,18074,1824,2520,548160,274080,4.5504,2.8968,1.858,6.5944,304937,2226040.1,,7.3,,,,,,,,
gemm_0298,gemm,vitis,csynth,,83,73,6224,11876,1824,2520,548160,274080,4.5504,2.8968,1.1354,4.333,276129,2015741.7,,7.3,,,,,,,,
gemm_0299,gemm,vitis,csynth,,83,73,9487,17173,1824,2520,548160,274080,4.5504,2.8968,1.7307,6.2657,304488,2222762.4,,7.3,,,,,,,,
gemm_0300,gemm,vitis,csynth,,83,73,4517,10967,1824,2520,548160,274080,4.5504,2.8968,0.824,4.0014,46206,337303.8,,7.3,,,,,,,,
gemm_0301,gemm,vitis,csynth,,83,73,6089,10129,1824,2520,548160,274080,4.5504,2.8968,1.1108,3.6956,305407,2229471.1,,7.3,,,,,,,,
gemm_0302,gemm,vitis,csynth,,83,73,4671,9899,1824,2520,548160,274080,4.5504,2.8968,0.8521,3.6117,75070,548011.0,,7.3,,,,,,,,
gemm_0303,gemm,vitis,csynth,,83,73,10290,18158,1824,2520,548160,274080,4.5504,2.8968,1.8772,6.6251,304946,2226105.8,,7.3,,,,,,,,
gemm_0304,gemm,vitis,csynth,,83,73,6329,11952,1824,2520,548160,274080,4.5504,2.8968,1.1546,4.3608,276138,2015807.4,,7.3,,,,,,,,
gemm_0305,gemm,vitis,csynth,,83,73,9592,17258,1824,2520,548160,274080,4.5504,2.8968,1.7499,6.2967,304497,2222828.1,,7.3,,,,,,,,
gemm_0306,gemm,vitis,csynth,,83,73,4622,11066,1824,2520,548160,274080,4.5504,2.8968,0.8432,4.0375,46215,337369.5,,7.3,,,,,,,,
gemm_0307,gemm,vitis,csynth,,83,73,6194,10205,1824,2520,548160,274080,4.5504,2.8968,1.13,3.7234,305416,2229536.8,,7.3,,,,,,,,
gemm_0308,gemm,vitis,csynth,,83,73,4776,10015,1824,2520,548160,274080,4.5504,2.8968,0.8713,3.654,75079,548076.7,,7.3,,,,,,,,
gemm_0309,gemm,vitis,csynth,,83,80,10610,18609,1824,2520,548160,274080,4.5504,3.1746,1.9356,6.7896,304966,2226251.8,,7.3,,,,,,,,
gemm_0310,gemm,vitis,csynth,,83,80,6649,12400,1824,2520,548160,274080,4.5504,3.1746,1.213,4.5242,276158,2015953.4,,7.3,,,,,,,,
gemm_0311,gemm,vitis,csynth,,83,80,9798,17688,1824,2520,548160,274080,4.5504,3.1746,1.7874,6.4536,300925,2196752.5,,7.3,,,,,,,,
gemm_0312,gemm,vitis,csynth,,83,80,4828,11503,1824,2520,548160,274080,4.5504,3.1746,0.8808,4.1969,42643,311293.89999999997,,7.3,,,,,,,,
gemm_0313,gemm,vitis,csynth,,83,80,6514,10654,1824,2520,548160,274080,4.5504,3.1746,1.1883,3.8872,305436,2229682.8,,7.3,,,,,,,,
gemm_0314,gemm,vitis,csynth,,83,80,4982,10452,1824,2520,548160,274080,4.5504,3.1746,0.9089,3.8135,71507,522001.1,,7.3,,,,,,,,
gemm_0315,gemm,vitis,csynth,,83,80,10715,18691,1824,2520,548160,274080,4.5504,3.1746,1.9547,6.8195,304975,2226317.5,,7.3,,,,,,,,
gemm_0316,gemm,vitis,csynth,,83,80,6754,12466,1824,2520,548160,274080,4.5504,3.1746,1.2321,4.5483,276167,2016019.0999999999,,7.3,,,,,,,,
gemm_0317,gemm,vitis,csynth,,83,80,9903,17770,1824,2520,548160,274080,4.5504,3.1746,1.8066,6.4835,300934,2196818.1999999997,,7.3,,,,,,,,
gemm_0318,gemm,vitis,csynth,,83,80,4933,11620,1824,2520,548160,274080,4.5504,3.1746,0.8999,4.2396,42652,311359.6,,7.3,,,,,,,,
gemm_0319,gemm,vitis,csynth,,83,80,6619,10715,1824,2520,548160,274080,4.5504,3.1746,1.2075,3.9094,305445,2229748.5,,7.3,,,,,,,,
gemm_0320,gemm,vitis,csynth,,83,80,5087,10555,1824,2520,548160,274080,4.5504,3.1746,0.928,3.8511,71516,522066.8,,7.3,,,,,,,,
gemm_0321,gemm,vitis,csynth,,74,80,6056,15982,1824,2520,548160,274080,4.057,3.1746,1.1048,5.8311,18077,131962.1,,7.3,,,,,,,,
gemm_0322,gemm,vitis,csynth,,74,80,7374,15088,1824,2520,548160,274080,4.057,3.1746,1.3452,5.505,21669,158183.69999999998,,7.3,,,,,,,,
gemm_0323,gemm,vitis,csynth,,74,80,4606,10722,1824,2520,548160,274080,4.057,3.1746,0.8403,3.912,13520,98696.0,,7.3,,,,,,,,
gemm_0324,gemm,vitis,csynth,,74,80,5924,9996,1824,2520,548160,274080,4.057,3.1746,1.0807,3.6471,17112,124917.59999999999,,7.3,,,,,,,,
gemm_0325,gemm,vitis,csynth,,74,80,6161,16056,1824,2520,548160,274080,4.057,3.1746,1.1239,5.8581,18086,132027.8,,7.3,,,,,,,,
gemm_0326,gemm,vitis,csynth,,74,80,7479,15158,1824,2520,548160,274080,4.057,3.1746,1.3644,5.5305,21678,158249.4,,7.3,,,,,,,,
gemm_0327,gemm,vitis,csynth,,74,80,4709,10838,1824,2520,548160,274080,4.057,3.1746,0.8591,3.9543,13527,98747.09999999999,,7.3,,,,,,,,
gemm_0328,gemm,vitis,csynth,,74,80,6027,10104,1824,2520,548160,274080,4.057,3.1746,1.0995,3.6865,17119,124968.7,,7.3,,,,,,,,
gemm_0329,gemm,vitis,csynth,,19,24,5943,12325,1824,2520,548160,274080,1.0417,0.9524,1.0842,4.4969,21669,158183.69999999998,,7.3,,,,,,,,
gemm_0330,gemm,vitis,csynth,,19,24,5131,11382,1824,2520,548160,274080,1.0417,0.9524,0.936,4.1528,17628,128684.4,,7.3,,,,,,,,
gemm_0331,gemm,vitis,csynth,,19,24,4491,7067,1824,2520,548160,274080,1.0417,0.9524,0.8193,2.5784,13011,94980.3,,7.3,,,,,,,,
gemm_0332,gemm,vitis,csynth,,19,24,3615,6154,1824,2520,548160,274080,1.0417,0.9524,0.6595,2.2453,8970,65481.0,,7.3,,,,,,,,
gemm_0333,gemm,vitis,csynth,,19,24,6048,12395,1824,2520,548160,274080,1.0417,0.9524,1.1033,4.5224,21678,158249.4,,7.3,,,,,,,,
gemm_0334,gemm,vitis,csynth,,19,24,5236,11492,1824,2520,548160,274080,1.0417,0.9524,0.9552,4.1929,17637,128750.09999999999,,7.3,,,,,,,,
gemm_0335,gemm,vitis,csynth,,19,24,4596,7199,1824,2520,548160,274080,1.0417,0.9524,0.8384,2.6266,13020,95046.0,,7.3,,,,,,,,
gemm_0336,gemm,vitis,csynth,,19,24,3718,6212,1824,2520,548160,274080,1.0417,0.9524,0.6783,2.2665,8977,65532.1,,7.3,,,,,,,,
gemm_0337,gemm,vitis,csynth,,130,136,5337,14887,1824,2520,548160,274080,7.1272,5.3968,0.9736,5.4316,10397,75898.09999999999,,7.3,,,,,,,,
gemm_0338,gemm,vitis,csynth,,130,136,6655,13993,1824,2520,548160,274080,7.1272,5.3968,1.2141,5.1054,13989,102119.7,,7.3,,,,,,,,
gemm_0339,gemm,vitis,csynth,,130,136,6527,14257,1824,2520,548160,274080,7.1272,5.3968,1.1907,5.2018,13989,102119.7,,7.3,,,,,,,,
gemm_0340,gemm,vitis,csynth,,130,136,7973,13419,1824,2520,548160,274080,7.1272,5.3968,1.4545,4.896,17581,128341.3,,7.3,,,,,,,,
gemm_0341,gemm,vitis,csynth,,130,136,5442,14961,1824,2520,548160,274080,7.1272,5.3968,0.9928,5.4586,10406,75963.8,,7.3,,,,,,,,
gemm_0342,gemm,vitis,csynth,,130,136,6760,14063,1824,2520,548160,274080,7.1272,5.3968,1.2332,5.131,13998,102185.4,,7.3,,,,,,,,
gemm_0343,gemm,vitis,csynth,,130,136,6632,14327,1824,2520,548160,274080,7.1272,5.3968,1.2099,5.2273,13998,102185.4,,7.3,,,,,,,,
gemm_0344,gemm,vitis,csynth,,130,136,8078,13485,1824,2520,548160,274080,7.1272,5.3968,1.4737,4.9201,17590,128407.0,,7.3,,,,,,,,
gemm_0345,gemm,vitis,csynth,,194,584,14678,41240,1824,2520,548160,274080,10.636,23.1746,2.6777,15.0467,71473,521752.89999999997,,7.3,,,,,,,,
gemm_0346,gemm,vitis,csynth,,194,584,23342,35379,1824,2520,548160,274080,10.636,23.1746,4.2582,12.9083,301361,2199935.3,,7.3,,,,,,,,
gemm_0347,gemm,vitis,csynth,,194,584,15996,40507,1824,2520,548160,274080,10.636,23.1746,2.9181,14.7793,75065,547974.5,,7.3,,,,,,,,
gemm_0348,gemm,vitis,csynth,,194,584,15996,40507,1824,2520,548160,274080,10.636,23.1746,2.9181,14.7793,75065,547974.5,,7.3,,,,,,,,
gemm_0349,gemm,vitis,csynth,,194,584,23342,35379,1824,2520,548160,274080,10.636,23.1746,4.2582,12.9083,301361,2199935.3,,7.3,,,,,,,,
gemm_0350,gemm,vitis,csynth,,194,584,15996,40507,1824,2520,548160,274080,10.636,23.1746,2.9181,14.7793,75065,547974.5,,7.3,,,,,,,,
gemm_0351,gemm,vitis,csynth,,194,584,14783,41324,1824,2520,548160,274080,10.636,23.1746,2.6968,15.0773,71482,521818.6,,7.3,,,,,,,,
gemm_0352,gemm,vitis,csynth,,194,584,23447,35463,1824,2520,548160,274080,10.636,23.1746,4.2774,12.9389,301370,2200001.0,,7.3,,,,,,,,
gemm_0353,gemm,vitis,csynth,,194,584,16101,40591,1824,2520,548160,274080,10.636,23.1746,2.9373,14.8099,75074,548040.2,,7.3,,,,,,,,
gemm_0354,gemm,vitis,csynth,,194,584,16101,40591,1824,2520,548160,274080,10.636,23.1746,2.9373,14.8099,75074,548040.2,,7.3,,,,,,,,
gemm_0355,gemm,vitis,csynth,,194,584,23447,35463,1824,2520,548160,274080,10.636,23.1746,4.2774,12.9389,301370,2200001.0,,7.3,,,,,,,,
gemm_0356,gemm,vitis,csynth,,194,584,16101,40591,1824,2520,548160,274080,10.636,23.1746,2.9373,14.8099,75074,548040.2,,7.3,,,,,,,,
gemm_0357,gemm,vitis,csynth,,194,584,16238,40900,1824,2520,548160,274080,10.636,23.1746,2.9623,14.9227,75142,548536.6,,7.3,,,,,,,,
gemm_0358,gemm,vitis,csynth,,194,584,24966,35037,1824,2520,548160,274080,10.636,23.1746,4.5545,12.7835,305030,2226719.0,,7.3,,,,,,,,
gemm_0359,gemm,vitis,csynth,,194,584,14920,41632,1824,2520,548160,274080,10.636,23.1746,2.7218,15.1897,71550,522315.0,,7.3,,,,,,,,
gemm_0360,gemm,vitis,csynth,,194,584,14920,41632,1824,2520,548160,274080,10.636,23.1746,2.7218,15.1897,71550,522315.0,,7.3,,,,,,,,
gemm_0361,gemm,vitis,csynth,,194,584,24966,35037,1824,2520,548160,274080,10.636,23.1746,4.5545,12.7835,305030,2226719.0,,7.3,,,,,,,,
gemm_0362,gemm,vitis,csynth,,194,584,14920,41632,1824,2520,548160,274080,10.636,23.1746,2.7218,15.1897,71550,522315.0,,7.3,,,,,,,,
gemm_0363,gemm,vitis,csynth,,194,584,16343,40982,1824,2520,548160,274080,10.636,23.1746,2.9814,14.9526,75151,548602.2999999999,,7.3,,,,,,,,
gemm_0364,gemm,vitis,csynth,,194,584,25007,35121,1824,2520,548160,274080,10.636,23.1746,4.562,12.8141,305039,2226784.6999999997,,7.3,,,,,,,,
gemm_0365,gemm,vitis,csynth,,194,584,15025,41715,1824,2520,548160,274080,10.636,23.1746,2.741,15.22,71559,522380.7,,7.3,,,,,,,,
gemm_0366,gemm,vitis,csynth,,194,584,15025,41715,1824,2520,548160,274080,10.636,23.1746,2.741,15.22,71559,522380.7,,7.3,,,,,,,,
gemm_0367,gemm,vitis,csynth,,194,584,25007,35121,1824,2520,548160,274080,10.636,23.1746,4.562,12.8141,305039,2226784.6999999997,,7.3,,,,,,,,
gemm_0368,gemm,vitis,csynth,,194,584,15025,41715,1824,2520,548160,274080,10.636,23.1746,2.741,15.22,71559,522380.7,,7.3,,,,,,,,
gemm_0369,gemm,vitis,csynth,,130,136,5337,14887,1824,2520,548160,274080,7.1272,5.3968,0.9736,5.4316,10397,75898.09999999999,,7.3,,,,,,,,
gemm_0370,gemm,vitis,csynth,,130,136,6655,13993,1824,2520,548160,274080,7.1272,5.3968,1.2141,5.1054,13989,102119.7,,7.3,,,,,,,,
gemm_0371,gemm,vitis,csynth,,130,136,6527,14257,1824,2520,548160,274080,7.1272,5.3968,1.1907,5.2018,13989,102119.7,,7.3,,,,,,,,
gemm_0372,gemm,vitis,csynth,,130,136,7973,13419,1824,2520,548160,274080,7.1272,5.3968,1.4545,4.896,17581,128341.3,,7.3,,,,,,,,
gemm_0373,gemm,vitis,csynth,,130,136,5442,14961,1824,2520,548160,274080,7.1272,5.3968,0.9928,5.4586,10406,75963.8,,7.3,,,,,,,,
gemm_0374,gemm,vitis,csynth,,130,136,6760,14063,1824,2520,548160,274080,7.1272,5.3968,1.2332,5.131,13998,102185.4,,7.3,,,,,,,,
gemm_0375,gemm,vitis,csynth,,130,136,6632,14327,1824,2520,548160,274080,7.1272,5.3968,1.2099,5.2273,13998,102185.4,,7.3,,,,,,,,
gemm_0376,gemm,vitis,csynth,,130,136,8078,13485,1824,2520,548160,274080,7.1272,5.3968,1.4737,4.9201,17590,128407.0,,7.3,,,,,,,,
gemm_0377,gemm,vitis,csynth,,130,136,6655,14153,1824,2520,548160,274080,7.1272,5.3968,1.2141,5.1638,13989,102119.7,,7.3,,,,,,,,
gemm_0378,gemm,vitis,csynth,,130,136,5337,14887,1824,2520,548160,274080,7.1272,5.3968,0.9736,5.4316,10397,75898.09999999999,,7.3,,,,,,,,
gemm_0379,gemm,vitis,csynth,,130,136,7973,13419,1824,2520,548160,274080,7.1272,5.3968,1.4545,4.896,17581,128341.3,,7.3,,,,,,,,
gemm_0380,gemm,vitis,csynth,,130,136,6655,14153,1824,2520,548160,274080,7.1272,5.3968,1.2141,5.1638,13989,102119.7,,7.3,,,,,,,,
gemm_0381,gemm,vitis,csynth,,130,136,6760,14223,1824,2520,548160,274080,7.1272,5.3968,1.2332,5.1894,13998,102185.4,,7.3,,,,,,,,
gemm_0382,gemm,vitis,csynth,,130,136,5442,14961,1824,2520,548160,274080,7.1272,5.3968,0.9928,5.4586,10406,75963.8,,7.3,,,,,,,,
gemm_0383,gemm,vitis,csynth,,130,136,8078,13485,1824,2520,548160,274080,7.1272,5.3968,1.4737,4.9201,17590,128407.0,,7.3,,,,,,,,
gemm_0384,gemm,vitis,csynth,,130,136,6760,14223,1824,2520,548160,274080,7.1272,5.3968,1.2332,5.1894,13998,102185.4,,7.3,,,,,,,,
gemm_0385,gemm,vitis,csynth,,18,3,2727,4207,1824,2520,548160,274080,0.9868,0.119,0.4975,1.535,20802,151854.6,,7.3,,,,,,,,
gemm_0386,gemm,vitis,csynth,,18,3,2938,4354,1824,2520,548160,274080,0.9868,0.119,0.536,1.5886,20802,151854.6,,7.3,,,,,,,,
gemm_0387,gemm,vitis,csynth,,18,3,2938,4355,1824,2520,548160,274080,0.9868,0.119,0.536,1.589,20802,151854.6,,7.3,,,,,,,,
gemm_0388,gemm,vitis,csynth,,18,3,3149,4502,1824,2520,548160,274080,0.9868,0.119,0.5745,1.6426,20802,151854.6,,7.3,,,,,,,,
gemm_0389,gemm,vitis,csynth,,18,3,2832,4271,1824,2520,548160,274080,0.9868,0.119,0.5166,1.5583,20811,151920.3,,7.3,,,,,,,,
gemm_0390,gemm,vitis,csynth,,18,3,3043,4418,1824,2520,548160,274080,0.9868,0.119,0.5551,1.6119,20811,151920.3,,7.3,,,,,,,,
gemm_0391,gemm,vitis,csynth,,18,3,3043,4419,1824,2520,548160,274080,0.9868,0.119,0.5551,1.6123,20811,151920.3,,7.3,,,,,,,,
gemm_0392,gemm,vitis,csynth,,18,3,3254,4566,1824,2520,548160,274080,0.9868,0.119,0.5936,1.6659,20811,151920.3,,7.3,,,,,,,,
gemm_0393,gemm,vitis,csynth,,24,3,2647,4288,1824,2520,548160,274080,1.3158,0.119,0.4829,1.5645,553153,4038016.9,,7.3,,,,,,,,
gemm_0394,gemm,vitis,csynth,,24,3,2858,4436,1824,2520,548160,274080,1.3158,0.119,0.5214,1.6185,553153,4038016.9,,7.3,,,,,,,,
gemm_0395,gemm,vitis,csynth,,24,3,2913,4354,1824,2520,548160,274080,1.3158,0.119,0.5314,1.5886,553726,4042199.8,,7.3,,,,,,,,
gemm_0396,gemm,vitis,csynth,,24,3,2858,4434,1824,2520,548160,274080,1.3158,0.119,0.5214,1.6178,553153,4038016.9,,7.3,,,,,,,,
gemm_0397,gemm,vitis,csynth,,24,3,2857,4431,1824,2520,548160,274080,1.3158,0.119,0.5212,1.6167,553153,4038016.9,,7.3,,,,,,,,
gemm_0398,gemm,vitis,csynth,,24,3,2857,4430,1824,2520,548160,274080,1.3158,0.119,0.5212,1.6163,553153,4038016.9,,7.3,,,,,,,,
gemm_0399,gemm,vitis,csynth,,24,3,2748,4344,1824,2520,548160,274080,1.3158,0.119,0.5013,1.5849,553158,4038053.4,,7.3,,,,,,,,
gemm_0400,gemm,vitis,csynth,,24,3,2959,4492,1824,2520,548160,274080,1.3158,0.119,0.5398,1.6389,553158,4038053.4,,7.3,,,,,,,,
gemm_0401,gemm,vitis,csynth,,24,3,3018,4420,1824,2520,548160,274080,1.3158,0.119,0.5506,1.6127,553735,4042265.5,,7.3,,,,,,,,
gemm_0402,gemm,vitis,csynth,,24,3,2959,4490,1824,2520,548160,274080,1.3158,0.119,0.5398,1.6382,553158,4038053.4,,7.3,,,,,,,,
gemm_0403,gemm,vitis,csynth,,24,3,2958,4487,1824,2520,548160,274080,1.3158,0.119,0.5396,1.6371,553158,4038053.4,,7.3,,,,,,,,
gemm_0404,gemm,vitis,csynth,,24,3,2958,4486,1824,2520,548160,274080,1.3158,0.119,0.5396,1.6367,553158,4038053.4,,7.3,,,,,,,,
gemm_0405,gemm,vitis,csynth,,25,3,2972,4606,1824,2520,548160,274080,1.3706,0.119,0.5422,1.6805,553097,4037608.1,,7.3,,,,,,,,
gemm_0406,gemm,vitis,csynth,,25,3,3183,4754,1824,2520,548160,274080,1.3706,0.119,0.5807,1.7345,553097,4037608.1,,7.3,,,,,,,,
gemm_0407,gemm,vitis,csynth,,25,3,2818,4375,1824,2520,548160,274080,1.3706,0.119,0.5141,1.5962,553739,4042294.6999999997,,7.3,,,,,,,,
gemm_0408,gemm,vitis,csynth,,25,3,2761,4454,1824,2520,548160,274080,1.3706,0.119,0.5037,1.6251,553097,4037608.1,,7.3,,,,,,,,
gemm_0409,gemm,vitis,csynth,,25,3,3182,4749,1824,2520,548160,274080,1.3706,0.119,0.5805,1.7327,553097,4037608.1,,7.3,,,,,,,,
gemm_0410,gemm,vitis,csynth,,25,3,2760,4450,1824,2520,548160,274080,1.3706,0.119,0.5035,1.6236,553097,4037608.1,,7.3,,,,,,,,
gemm_0411,gemm,vitis,csynth,,25,3,3075,4663,1824,2520,548160,274080,1.3706,0.119,0.561,1.7013,553104,4037659.1999999997,,7.3,,,,,,,,
gemm_0412,gemm,vitis,csynth,,25,3,3286,4811,1824,2520,548160,274080,1.3706,0.119,0.5995,1.7553,553104,4037659.1999999997,,7.3,,,,,,,,
gemm_0413,gemm,vitis,csynth,,25,3,2923,4439,1824,2520,548160,274080,1.3706,0.119,0.5332,1.6196,553748,4042360.4,,7.3,,,,,,,,
gemm_0414,gemm,vitis,csynth,,25,3,2864,4511,1824,2520,548160,274080,1.3706,0.119,0.5225,1.6459,553104,4037659.1999999997,,7.3,,,,,,,,
gemm_0415,gemm,vitis,csynth,,25,3,3285,4806,1824,2520,548160,274080,1.3706,0.119,0.5993,1.7535,553104,4037659.1999999997,,7.3,,,,,,,,
gemm_0416,gemm,vitis,csynth,,25,3,2863,4507,1824,2520,548160,274080,1.3706,0.119,0.5223,1.6444,553104,4037659.1999999997,,7.3,,,,,,,,
gemm_0417,gemm,vitis,csynth,,1,0,1497,2235,1824,2520,548160,274080,0.0548,0.0,0.2731,0.8155,12528,91454.4,,7.3,,,,,,,,
gemm_0418,gemm,vitis,csynth,,1,0,1497,2235,1824,2520,548160,274080,0.0548,0.0,0.2731,0.8155,12528,91454.4,,7.3,,,,,,,,
gemm_0419,gemm,vitis,csynth,,1,0,1497,2235,1824,2520,548160,274080,0.0548,0.0,0.2731,0.8155,12528,91454.4,,7.3,,,,,,,,
gemm_0420,gemm,vitis,csynth,,1,0,1497,2235,1824,2520,548160,274080,0.0548,0.0,0.2731,0.8155,12528,91454.4,,7.3,,,,,,,,
gemm_0421,gemm,vitis,csynth,,1,0,1497,2235,1824,2520,548160,274080,0.0548,0.0,0.2731,0.8155,12528,91454.4,,7.3,,,,,,,,
gemm_0422,gemm,vitis,csynth,,1,0,1497,2235,1824,2520,548160,274080,0.0548,0.0,0.2731,0.8155,12528,91454.4,,7.3,,,,,,,,
gemm_0423,gemm,vitis,csynth,,1,0,1497,2235,1824,2520,548160,274080,0.0548,0.0,0.2731,0.8155,12528,91454.4,,7.3,,,,,,,,
gemm_0424,gemm,vitis,csynth,,1,0,1497,2235,1824,2520,548160,274080,0.0548,0.0,0.2731,0.8155,12528,91454.4,,7.3,,,,,,,,
gemm_0425,gemm,vitis,csynth,,18,3,2937,4358,1824,2520,548160,274080,0.9868,0.119,0.5358,1.59,20808,151898.4,,7.3,,,,,,,,
gemm_0426,gemm,vitis,csynth,,18,3,2726,4207,1824,2520,548160,274080,0.9868,0.119,0.4973,1.535,20808,151898.4,,7.3,,,,,,,,
gemm_0427,gemm,vitis,csynth,,18,3,3148,4506,1824,2520,548160,274080,0.9868,0.119,0.5743,1.644,20808,151898.4,,7.3,,,,,,,,
gemm_0428,gemm,vitis,csynth,,18,3,2937,4355,1824,2520,548160,274080,0.9868,0.119,0.5358,1.589,20808,151898.4,,7.3,,,,,,,,
gemm_0429,gemm,vitis,csynth,,18,3,3040,4415,1824,2520,548160,274080,0.9868,0.119,0.5546,1.6108,20815,151949.5,,7.3,,,,,,,,
gemm_0430,gemm,vitis,csynth,,18,3,2829,4264,1824,2520,548160,274080,0.9868,0.119,0.5161,1.5558,20815,151949.5,,7.3,,,,,,,,
gemm_0431,gemm,vitis,csynth,,18,3,3251,4563,1824,2520,548160,274080,0.9868,0.119,0.5931,1.6648,20815,151949.5,,7.3,,,,,,,,
gemm_0432,gemm,vitis,csynth,,18,3,3040,4412,1824,2520,548160,274080,0.9868,0.119,0.5546,1.6097,20815,151949.5,,7.3,,,,,,,,
gemm_0433,gemm,vitis,csynth,,16,17,3269,5237,1824,2520,548160,274080,0.8772,0.6746,0.5964,1.9108,13571,99068.3,,7.3,,,,,,,,
gemm_0434,gemm,vitis,csynth,,16,17,4134,6038,1824,2520,548160,274080,0.8772,0.6746,0.7542,2.203,21793,159088.9,,7.3,,,,,,,,
gemm_0435,gemm,vitis,csynth,,16,17,3480,5385,1824,2520,548160,274080,0.8772,0.6746,0.6349,1.9648,13571,99068.3,,7.3,,,,,,,,
gemm_0436,gemm,vitis,csynth,,16,17,4345,6186,1824,2520,548160,274080,0.8772,0.6746,0.7927,2.257,21793,159088.9,,7.3,,,,,,,,
gemm_0437,gemm,vitis,csynth,,16,17,3374,5301,1824,2520,548160,274080,0.8772,0.6746,0.6155,1.9341,13580,99134.0,,7.3,,,,,,,,
gemm_0438,gemm,vitis,csynth,,16,17,4239,6169,1824,2520,548160,274080,0.8772,0.6746,0.7733,2.2508,21802,159154.6,,7.3,,,,,,,,
gemm_0439,gemm,vitis,csynth,,16,17,3585,5449,1824,2520,548160,274080,0.8772,0.6746,0.654,1.9881,13580,99134.0,,7.3,,,,,,,,
gemm_0440,gemm,vitis,csynth,,16,17,4450,6317,1824,2520,548160,274080,0.8772,0.6746,0.8118,2.3048,21802,159154.6,,7.3,,,,,,,,
gemm_0441,gemm,vitis,csynth,,22,24,3311,5860,1824,2520,548160,274080,1.2061,0.9524,0.604,2.1381,80065,584474.5,,7.3,,,,,,,,
gemm_0442,gemm,vitis,csynth,,22,24,4327,6729,1824,2520,548160,274080,1.2061,0.9524,0.7894,2.4551,598350,4367955.0,,7.3,,,,,,,,
gemm_0443,gemm,vitis,csynth,,22,24,4195,7482,1824,2520,548160,274080,1.2061,0.9524,0.7653,2.7299,88154,643524.2,,7.3,,,,,,,,
gemm_0444,gemm,vitis,csynth,,22,24,4821,8291,1824,2520,548160,274080,1.2061,0.9524,0.8795,3.025,605545,4420478.5,,7.3,,,,,,,,
gemm_0445,gemm,vitis,csynth,,22,24,5465,8787,1824,2520,548160,274080,1.2061,0.9524,0.997,3.206,539856,3940948.8,,7.3,,,,,,,,
gemm_0446,gemm,vitis,csynth,,22,24,4597,9316,1824,2520,548160,274080,1.2061,0.9524,0.8386,3.399,547945,3999998.5,,7.3,,,,,,,,
gemm_0447,gemm,vitis,csynth,,22,24,3412,5916,1824,2520,548160,274080,1.2061,0.9524,0.6224,2.1585,80070,584511.0,,7.3,,,,,,,,
gemm_0448,gemm,vitis,csynth,,22,24,4432,6853,1824,2520,548160,274080,1.2061,0.9524,0.8085,2.5004,598359,4368020.7,,7.3,,,,,,,,
gemm_0449,gemm,vitis,csynth,,22,24,4298,7558,1824,2520,548160,274080,1.2061,0.9524,0.7841,2.7576,88161,643575.2999999999,,7.3,,,,,,,,
gemm_0450,gemm,vitis,csynth,,22,24,4926,8367,1824,2520,548160,274080,1.2061,0.9524,0.8986,3.0528,605554,4420544.2,,7.3,,,,,,,,
gemm_0451,gemm,vitis,csynth,,22,24,5570,8903,1824,2520,548160,274080,1.2061,0.9524,1.0161,3.2483,539865,3941014.5,,7.3,,,,,,,,
gemm_0452,gemm,vitis,csynth,,22,24,4702,9392,1824,2520,548160,274080,1.2061,0.9524,0.8578,3.4267,547954,4000064.1999999997,,7.3,,,,,,,,
gemm_0453,gemm,vitis,csynth,,24,17,3207,5448,1824,2520,548160,274080,1.3158,0.6746,0.585,1.9877,87177,636392.1,,7.3,,,,,,,,
gemm_0454,gemm,vitis,csynth,,24,17,4225,6385,1824,2520,548160,274080,1.3158,0.6746,0.7708,2.3296,605643,4421193.899999999,,7.3,,,,,,,,
gemm_0455,gemm,vitis,csynth,,24,17,3967,6235,1824,2520,548160,274080,1.3158,0.6746,0.7237,2.2749,88082,642998.6,,7.3,,,,,,,,
gemm_0456,gemm,vitis,csynth,,24,17,4595,7042,1824,2520,548160,274080,1.3158,0.6746,0.8383,2.5693,605654,4421274.2,,7.3,,,,,,,,
gemm_0457,gemm,vitis,csynth,,24,17,5363,8435,1824,2520,548160,274080,1.3158,0.6746,0.9784,3.0776,547149,3994187.6999999997,,7.3,,,,,,,,
gemm_0458,gemm,vitis,csynth,,24,17,4371,8067,1824,2520,548160,274080,1.3158,0.6746,0.7974,2.9433,548054,4000794.1999999997,,7.3,,,,,,,,
gemm_0459,gemm,vitis,csynth,,24,17,3310,5505,1824,2520,548160,274080,1.3158,0.6746,0.6038,2.0085,87184,636443.2,,7.3,,,,,,,,
gemm_0460,gemm,vitis,csynth,,24,17,4330,6479,1824,2520,548160,274080,1.3158,0.6746,0.7899,2.3639,605652,4421259.6,,7.3,,,,,,,,
gemm_0461,gemm,vitis,csynth,,24,17,4072,6373,1824,2520,548160,274080,1.3158,0.6746,0.7428,2.3252,88091,643064.2999999999,,7.3,,,,,,,,
gemm_0462,gemm,vitis,csynth,,24,17,4700,7102,1824,2520,548160,274080,1.3158,0.6746,0.8574,2.5912,605663,4421339.899999999,,7.3,,,,,,,,
gemm_0463,gemm,vitis,csynth,,24,17,5468,8537,1824,2520,548160,274080,1.3158,0.6746,0.9975,3.1148,547158,3994253.4,,7.3,,,,,,,,
gemm_0464,gemm,vitis,csynth,,24,17,4476,8136,1824,2520,548160,274080,1.3158,0.6746,0.8165,2.9685,548063,4000859.9,,7.3,,,,,,,,
gemm_0465,gemm,vitis,csynth,,17,10,2971,4962,1824,2520,548160,274080,0.932,0.3968,0.542,1.8104,17743,129523.9,,7.3,,,,,,,,
gemm_0466,gemm,vitis,csynth,,17,10,3182,5110,1824,2520,548160,274080,0.932,0.3968,0.5805,1.8644,17743,129523.9,,7.3,,,,,,,,
gemm_0467,gemm,vitis,csynth,,17,10,3908,5798,1824,2520,548160,274080,0.932,0.3968,0.7129,2.1154,25900,189070.0,,7.3,,,,,,,,
gemm_0468,gemm,vitis,csynth,,17,10,4119,5946,1824,2520,548160,274080,0.932,0.3968,0.7514,2.1694,25900,189070.0,,7.3,,,,,,,,
gemm_0469,gemm,vitis,csynth,,17,10,3072,5012,1824,2520,548160,274080,0.932,0.3968,0.5604,1.8287,17748,129560.4,,7.3,,,,,,,,
gemm_0470,gemm,vitis,csynth,,17,10,3283,5160,1824,2520,548160,274080,0.932,0.3968,0.5989,1.8827,17748,129560.4,,7.3,,,,,,,,
gemm_0471,gemm,vitis,csynth,,17,10,4013,5900,1824,2520,548160,274080,0.932,0.3968,0.7321,2.1527,25909,189135.69999999998,,7.3,,,,,,,,
gemm_0472,gemm,vitis,csynth,,17,10,4224,6048,1824,2520,548160,274080,0.932,0.3968,0.7706,2.2067,25909,189135.69999999998,,7.3,,,,,,,,
gemm_0473,gemm,vitis,csynth,,20,17,3293,5520,1824,2520,548160,274080,1.0965,0.6746,0.6007,2.014,20808,151898.4,,7.3,,,,,,,,
gemm_0474,gemm,vitis,csynth,,20,17,4053,6307,1824,2520,548160,274080,1.0965,0.6746,0.7394,2.3012,21713,158504.9,,7.3,,,,,,,,
gemm_0475,gemm,vitis,csynth,,20,17,4234,6364,1824,2520,548160,274080,1.0965,0.6746,0.7724,2.3219,25436,185682.8,,7.3,,,,,,,,
gemm_0476,gemm,vitis,csynth,,20,17,4930,7180,1824,2520,548160,274080,1.0965,0.6746,0.8994,2.6197,26341,192289.3,,7.3,,,,,,,,
gemm_0477,gemm,vitis,csynth,,20,17,3396,5577,1824,2520,548160,274080,1.0965,0.6746,0.6195,2.0348,20815,151949.5,,7.3,,,,,,,,
gemm_0478,gemm,vitis,csynth,,20,17,4158,6445,1824,2520,548160,274080,1.0965,0.6746,0.7585,2.3515,21722,158570.6,,7.3,,,,,,,,
gemm_0479,gemm,vitis,csynth,,20,17,4339,6466,1824,2520,548160,274080,1.0965,0.6746,0.7916,2.3592,25445,185748.5,,7.3,,,,,,,,
gemm_0480,gemm,vitis,csynth,,20,17,5035,7249,1824,2520,548160,274080,1.0965,0.6746,0.9185,2.6448,26350,192355.0,,7.3,,,,,,,,
gemm_0481,gemm,vitis,csynth,,21,17,3942,6129,1824,2520,548160,274080,1.1513,0.6746,0.7191,2.2362,21384,156103.19999999998,,7.3,,,,,,,,
gemm_0482,gemm,vitis,csynth,,21,17,3166,5218,1824,2520,548160,274080,1.1513,0.6746,0.5776,1.9038,20802,151854.6,,7.3,,,,,,,,
gemm_0483,gemm,vitis,csynth,,21,17,4691,7122,1824,2520,548160,274080,1.1513,0.6746,0.8558,2.5985,26013,189894.9,,7.3,,,,,,,,
gemm_0484,gemm,vitis,csynth,,21,17,4109,6067,1824,2520,548160,274080,1.1513,0.6746,0.7496,2.2136,25564,186617.19999999998,,7.3,,,,,,,,
gemm_0485,gemm,vitis,csynth,,21,17,4047,6267,1824,2520,548160,274080,1.1513,0.6746,0.7383,2.2866,21393,156168.9,,7.3,,,,,,,,
gemm_0486,gemm,vitis,csynth,,21,17,3271,5282,1824,2520,548160,274080,1.1513,0.6746,0.5967,1.9272,20811,151920.3,,7.3,,,,,,,,
gemm_0487,gemm,vitis,csynth,,21,17,4796,7191,1824,2520,548160,274080,1.1513,0.6746,0.8749,2.6237,26022,189960.6,,7.3,,,,,,,,
gemm_0488,gemm,vitis,csynth,,21,17,4214,6169,1824,2520,548160,274080,1.1513,0.6746,0.7688,2.2508,25573,186682.9,,7.3,,,,,,,,
gemm_0489,gemm,vitis,csynth,,28,10,3487,5577,1824,2520,548160,274080,1.5351,0.3968,0.6361,2.0348,582590,4252907.0,,7.3,,,,,,,,
gemm_0490,gemm,vitis,csynth,,28,10,2876,4831,1824,2520,548160,274080,1.5351,0.3968,0.5247,1.7626,553153,4038016.9,,7.3,,,,,,,,
gemm_0491,gemm,vitis,csynth,,28,10,3558,6624,1824,2520,548160,274080,1.5351,0.3968,0.6491,2.4168,553726,4042199.8,,7.3,,,,,,,,
gemm_0492,gemm,vitis,csynth,,28,10,3558,6615,1824,2520,548160,274080,1.5351,0.3968,0.6491,2.4135,553726,4042199.8,,7.3,,,,,,,,
gemm_0493,gemm,vitis,csynth,,28,10,2875,4826,1824,2520,548160,274080,1.5351,0.3968,0.5245,1.7608,553153,4038016.9,,7.3,,,,,,,,
gemm_0494,gemm,vitis,csynth,,28,10,3661,5430,1824,2520,548160,274080,1.5351,0.3968,0.6679,1.9812,611902,4466884.6,,7.3,,,,,,,,
gemm_0495,gemm,vitis,csynth,,28,10,3592,5693,1824,2520,548160,274080,1.5351,0.3968,0.6553,2.0771,582599,4252972.7,,7.3,,,,,,,,
gemm_0496,gemm,vitis,csynth,,28,10,2977,4887,1824,2520,548160,274080,1.5351,0.3968,0.5431,1.7831,553158,4038053.4,,7.3,,,,,,,,
gemm_0497,gemm,vitis,csynth,,28,10,3663,6723,1824,2520,548160,274080,1.5351,0.3968,0.6682,2.4529,553735,4042265.5,,7.3,,,,,,,,
gemm_0498,gemm,vitis,csynth,,28,10,3663,6714,1824,2520,548160,274080,1.5351,0.3968,0.6682,2.4496,553735,4042265.5,,7.3,,,,,,,,
gemm_0499,gemm,vitis,csynth,,28,10,2976,4882,1824,2520,548160,274080,1.5351,0.3968,0.5429,1.7812,553158,4038053.4,,7.3,,,,,,,,
gemm_0500,gemm,vitis,csynth,,28,10,3766,5546,1824,2520,548160,274080,1.5351,0.3968,0.687,2.0235,611911,4466950.3,,7.3,,,,,,,,
gemm_0501,gemm,vitis,csynth,,29,10,3814,5955,1824,2520,548160,274080,1.5899,0.3968,0.6958,2.1727,582603,4253001.899999999,,7.3,,,,,,,,
gemm_0502,gemm,vitis,csynth,,29,10,3201,5149,1824,2520,548160,274080,1.5899,0.3968,0.584,1.8786,553097,4037608.1,,7.3,,,,,,,,
gemm_0503,gemm,vitis,csynth,,29,10,3463,6687,1824,2520,548160,274080,1.5899,0.3968,0.6317,2.4398,553739,4042294.6999999997,,7.3,,,,,,,,
gemm_0504,gemm,vitis,csynth,,29,10,3463,6678,1824,2520,548160,274080,1.5899,0.3968,0.6317,2.4365,553739,4042294.6999999997,,7.3,,,,,,,,
gemm_0505,gemm,vitis,csynth,,29,10,3200,5144,1824,2520,548160,274080,1.5899,0.3968,0.5838,1.8768,553097,4037608.1,,7.3,,,,,,,,
gemm_0506,gemm,vitis,csynth,,29,10,3566,5510,1824,2520,548160,274080,1.5899,0.3968,0.6505,2.0104,611915,4466979.5,,7.3,,,,,,,,
gemm_0507,gemm,vitis,csynth,,29,10,3919,6057,1824,2520,548160,274080,1.5899,0.3968,0.7149,2.2099,582612,4253067.6,,7.3,,,,,,,,
gemm_0508,gemm,vitis,csynth,,29,10,3304,5206,1824,2520,548160,274080,1.5899,0.3968,0.6027,1.8994,553104,4037659.1999999997,,7.3,,,,,,,,
gemm_0509,gemm,vitis,csynth,,29,10,3568,6803,1824,2520,548160,274080,1.5899,0.3968,0.6509,2.4821,553748,4042360.4,,7.3,,,,,,,,
gemm_0510,gemm,vitis,csynth,,29,10,3568,6794,1824,2520,548160,274080,1.5899,0.3968,0.6509,2.4788,553748,4042360.4,,7.3,,,,,,,,
gemm_0511,gemm,vitis,csynth,,29,10,3303,5201,1824,2520,548160,274080,1.5899,0.3968,0.6026,1.8976,553104,4037659.1999999997,,7.3,,,,,,,,
gemm_0512,gemm,vitis,csynth,,29,10,3671,5612,1824,2520,548160,274080,1.5899,0.3968,0.6697,2.0476,611924,4467045.2,,7.3,,,,,,,,
gemm_0513,gemm,vitis,csynth,,1,0,1519,2385,1824,2520,548160,274080,0.0548,0.0,0.2771,0.8702,12528,91454.4,,7.3,,,,,,,,
gemm_0514,gemm,vitis,csynth,,1,0,1519,2385,1824,2520,548160,274080,0.0548,0.0,0.2771,0.8702,12528,91454.4,,7.3,,,,,,,,
gemm_0515,gemm,vitis,csynth,,1,0,1519,2385,1824,2520,548160,274080,0.0548,0.0,0.2771,0.8702,12528,91454.4,,7.3,,,,,,,,
gemm_0516,gemm,vitis,csynth,,1,0,1519,2385,1824,2520,548160,274080,0.0548,0.0,0.2771,0.8702,12528,91454.4,,7.3,,,,,,,,
gemm_0517,gemm,vitis,csynth,,1,0,1519,2385,1824,2520,548160,274080,0.0548,0.0,0.2771,0.8702,12528,91454.4,,7.3,,,,,,,,
gemm_0518,gemm,vitis,csynth,,1,0,1519,2385,1824,2520,548160,274080,0.0548,0.0,0.2771,0.8702,12528,91454.4,,7.3,,,,,,,,
gemm_0519,gemm,vitis,csynth,,1,0,1519,2385,1824,2520,548160,274080,0.0548,0.0,0.2771,0.8702,12528,91454.4,,7.3,,,,,,,,
gemm_0520,gemm,vitis,csynth,,1,0,1519,2385,1824,2520,548160,274080,0.0548,0.0,0.2771,0.8702,12528,91454.4,,7.3,,,,,,,,
gemm_0521,gemm,vitis,csynth,,17,10,3848,5922,1824,2520,548160,274080,0.932,0.3968,0.702,2.1607,21265,155234.5,,7.3,,,,,,,,
gemm_0522,gemm,vitis,csynth,,17,10,2966,4990,1824,2520,548160,274080,0.932,0.3968,0.5411,1.8206,13640,99572.0,,7.3,,,,,,,,
gemm_0523,gemm,vitis,csynth,,17,10,4059,6070,1824,2520,548160,274080,0.932,0.3968,0.7405,2.2147,21265,155234.5,,7.3,,,,,,,,
gemm_0524,gemm,vitis,csynth,,17,10,3177,5138,1824,2520,548160,274080,0.932,0.3968,0.5796,1.8746,13640,99572.0,,7.3,,,,,,,,
gemm_0525,gemm,vitis,csynth,,17,10,3953,6053,1824,2520,548160,274080,0.932,0.3968,0.7211,2.2085,21274,155300.19999999998,,7.3,,,,,,,,
gemm_0526,gemm,vitis,csynth,,17,10,3069,5047,1824,2520,548160,274080,0.932,0.3968,0.5599,1.8414,13647,99623.09999999999,,7.3,,,,,,,,
gemm_0527,gemm,vitis,csynth,,17,10,4164,6201,1824,2520,548160,274080,0.932,0.3968,0.7596,2.2625,21274,155300.19999999998,,7.3,,,,,,,,
gemm_0528,gemm,vitis,csynth,,17,10,3280,5195,1824,2520,548160,274080,0.932,0.3968,0.5984,1.8954,13647,99623.09999999999,,7.3,,,,,,,,
gemm_0529,gemm,vitis,csynth,,75,80,4504,10258,1824,2520,548160,274080,4.1118,3.1746,0.8217,3.7427,14153,103316.9,,7.3,,,,,,,,
gemm_0530,gemm,vitis,csynth,,75,80,5680,9524,1824,2520,548160,274080,4.1118,3.1746,1.0362,3.4749,21793,159088.9,,7.3,,,,,,,,
gemm_0531,gemm,vitis,csynth,,75,80,5253,11251,1824,2520,548160,274080,4.1118,3.1746,0.9583,4.105,18733,136750.9,,7.3,,,,,,,,
gemm_0532,gemm,vitis,csynth,,75,80,6557,10406,1824,2520,548160,274080,4.1118,3.1746,1.1962,3.7967,26373,192522.9,,7.3,,,,,,,,
gemm_0533,gemm,vitis,csynth,,75,80,4609,10396,1824,2520,548160,274080,4.1118,3.1746,0.8408,3.7931,14162,103382.59999999999,,7.3,,,,,,,,
gemm_0534,gemm,vitis,csynth,,75,80,5785,9655,1824,2520,548160,274080,4.1118,3.1746,1.0553,3.5227,21802,159154.6,,7.3,,,,,,,,
gemm_0535,gemm,vitis,csynth,,75,80,5358,11320,1824,2520,548160,274080,4.1118,3.1746,0.9775,4.1302,18742,136816.6,,7.3,,,,,,,,
gemm_0536,gemm,vitis,csynth,,75,80,6662,10471,1824,2520,548160,274080,4.1118,3.1746,1.2153,3.8204,26382,192588.6,,7.3,,,,,,,,
gemm_0537,gemm,vitis,csynth,,82,80,5041,10336,1824,2520,548160,274080,4.4956,3.1746,0.9196,3.7712,109390,798547.0,,7.3,,,,,,,,
gemm_0538,gemm,vitis,csynth,,82,80,5630,9609,1824,2520,548160,274080,4.4956,3.1746,1.0271,3.5059,598350,4367955.0,,7.3,,,,,,,,
gemm_0539,gemm,vitis,csynth,,82,80,5719,12891,1824,2520,548160,274080,4.4956,3.1746,1.0433,4.7034,88615,646889.5,,7.3,,,,,,,,
gemm_0540,gemm,vitis,csynth,,82,80,10281,17114,1824,2520,548160,274080,4.4956,3.1746,1.8755,6.2442,605489,4420069.7,,7.3,,,,,,,,
gemm_0541,gemm,vitis,csynth,,82,80,5766,10987,1824,2520,548160,274080,4.4956,3.1746,1.0519,4.0087,539856,3940948.8,,7.3,,,,,,,,
gemm_0542,gemm,vitis,csynth,,82,80,10259,17107,1824,2520,548160,274080,4.4956,3.1746,1.8715,6.2416,605561,4420595.3,,7.3,,,,,,,,
gemm_0543,gemm,vitis,csynth,,82,80,5146,10452,1824,2520,548160,274080,4.4956,3.1746,0.9388,3.8135,109399,798612.7,,7.3,,,,,,,,
gemm_0544,gemm,vitis,csynth,,82,80,5735,9733,1824,2520,548160,274080,4.4956,3.1746,1.0462,3.5512,598359,4368020.7,,7.3,,,,,,,,
gemm_0545,gemm,vitis,csynth,,82,80,5824,12974,1824,2520,548160,274080,4.4956,3.1746,1.0625,4.7337,88624,646955.2,,7.3,,,,,,,,
gemm_0546,gemm,vitis,csynth,,82,80,10386,17198,1824,2520,548160,274080,4.4956,3.1746,1.8947,6.2748,605498,4420135.399999999,,7.3,,,,,,,,
gemm_0547,gemm,vitis,csynth,,82,80,5871,11103,1824,2520,548160,274080,4.4956,3.1746,1.071,4.051,539865,3941014.5,,7.3,,,,,,,,
gemm_0548,gemm,vitis,csynth,,82,80,10364,17191,1824,2520,548160,274080,4.4956,3.1746,1.8907,6.2723,605570,4420661.0,,7.3,,,,,,,,
gemm_0549,gemm,vitis,csynth,,84,73,4939,9984,1824,2520,548160,274080,4.6053,2.8968,0.901,3.6427,116683,851785.9,,7.3,,,,,,,,
gemm_0550,gemm,vitis,csynth,,84,73,5528,9265,1824,2520,548160,274080,4.6053,2.8968,1.0085,3.3804,605643,4421193.899999999,,7.3,,,,,,,,
gemm_0551,gemm,vitis,csynth,,84,73,5493,11649,1824,2520,548160,274080,4.6053,2.8968,1.0021,4.2502,88724,647685.2,,7.3,,,,,,,,
gemm_0552,gemm,vitis,csynth,,84,73,10055,15873,1824,2520,548160,274080,4.6053,2.8968,1.8343,5.7914,605598,4420865.399999999,,7.3,,,,,,,,
gemm_0553,gemm,vitis,csynth,,84,73,5664,10635,1824,2520,548160,274080,4.6053,2.8968,1.0333,3.8803,547149,3994187.6999999997,,7.3,,,,,,,,
gemm_0554,gemm,vitis,csynth,,84,73,10033,15866,1824,2520,548160,274080,4.6053,2.8968,1.8303,5.7888,605670,4421391.0,,7.3,,,,,,,,
gemm_0555,gemm,vitis,csynth,,84,73,5044,10086,1824,2520,548160,274080,4.6053,2.8968,0.9202,3.6799,116692,851851.6,,7.3,,,,,,,,
gemm_0556,gemm,vitis,csynth,,84,73,5633,9359,1824,2520,548160,274080,4.6053,2.8968,1.0276,3.4147,605652,4421259.6,,7.3,,,,,,,,
gemm_0557,gemm,vitis,csynth,,84,73,5598,11722,1824,2520,548160,274080,4.6053,2.8968,1.0212,4.2769,88733,647750.9,,7.3,,,,,,,,
gemm_0558,gemm,vitis,csynth,,84,73,10160,15955,1824,2520,548160,274080,4.6053,2.8968,1.8535,5.8213,605607,4420931.1,,7.3,,,,,,,,
gemm_0559,gemm,vitis,csynth,,84,73,5769,10737,1824,2520,548160,274080,4.6053,2.8968,1.0524,3.9175,547158,3994253.4,,7.3,,,,,,,,
gemm_0560,gemm,vitis,csynth,,84,73,10138,15948,1824,2520,548160,274080,4.6053,2.8968,1.8495,5.8187,605679,4421456.7,,7.3,,,,,,,,
gemm_0561,gemm,vitis,csynth,,75,73,4287,10365,1824,2520,548160,274080,4.1118,2.8968,0.7821,3.7817,14620,106726.0,,7.3,,,,,,,,
gemm_0562,gemm,vitis,csynth,,75,73,5117,11897,1824,2520,548160,274080,4.1118,2.8968,0.9335,4.3407,18661,136225.3,,7.3,,,,,,,,
gemm_0563,gemm,vitis,csynth,,75,73,5583,9632,1824,2520,548160,274080,4.1118,2.8968,1.0185,3.5143,22260,162498.0,,7.3,,,,,,,,
gemm_0564,gemm,vitis,csynth,,75,73,6413,11316,1824,2520,548160,274080,4.1118,2.8968,1.1699,4.1287,26301,191997.3,,7.3,,,,,,,,
gemm_0565,gemm,vitis,csynth,,75,73,4392,10474,1824,2520,548160,274080,4.1118,2.8968,0.8012,3.8215,14629,106791.7,,7.3,,,,,,,,
gemm_0566,gemm,vitis,csynth,,75,73,5222,11966,1824,2520,548160,274080,4.1118,2.8968,0.9526,4.3659,18670,136291.0,,7.3,,,,,,,,
gemm_0567,gemm,vitis,csynth,,75,73,5688,9734,1824,2520,548160,274080,4.1118,2.8968,1.0377,3.5515,22269,162563.69999999998,,7.3,,,,,,,,
gemm_0568,gemm,vitis,csynth,,75,73,6518,11381,1824,2520,548160,274080,4.1118,2.8968,1.1891,4.1524,26310,192063.0,,7.3,,,,,,,,
gemm_0569,gemm,vitis,csynth,,75,73,5517,9595,1824,2520,548160,274080,4.1118,2.8968,1.0065,3.5008,21265,155234.5,,7.3,,,,,,,,
gemm_0570,gemm,vitis,csynth,,75,73,4194,10315,1824,2520,548160,274080,4.1118,2.8968,0.7651,3.7635,14545,106178.5,,7.3,,,,,,,,
gemm_0571,gemm,vitis,csynth,,75,73,6394,10461,1824,2520,548160,274080,4.1118,2.8968,1.1664,3.8168,25837,188610.1,,7.3,,,,,,,,
gemm_0572,gemm,vitis,csynth,,75,73,5071,11188,1824,2520,548160,274080,4.1118,2.8968,0.9251,4.082,19117,139554.1,,7.3,,,,,,,,
gemm_0573,gemm,vitis,csynth,,75,73,5622,9726,1824,2520,548160,274080,4.1118,2.8968,1.0256,3.5486,21274,155300.19999999998,,7.3,,,,,,,,
gemm_0574,gemm,vitis,csynth,,75,73,4299,10453,1824,2520,548160,274080,4.1118,2.8968,0.7843,3.8138,14554,106244.2,,7.3,,,,,,,,
gemm_0575,gemm,vitis,csynth,,75,73,6499,10526,1824,2520,548160,274080,4.1118,2.8968,1.1856,3.8405,25846,188675.8,,7.3,,,,,,,,
gemm_0576,gemm,vitis,csynth,,75,73,5176,11257,1824,2520,548160,274080,4.1118,2.8968,0.9442,4.1072,19126,139619.8,,7.3,,,,,,,,
gemm_0577,gemm,vitis,csynth,,21,10,3886,5736,1824,2520,548160,274080,1.1513,0.3968,0.7089,2.0928,25556,186558.8,,7.3,,,,,,,,
gemm_0578,gemm,vitis,csynth,,21,10,4097,5883,1824,2520,548160,274080,1.1513,0.3968,0.7474,2.1465,25556,186558.8,,7.3,,,,,,,,
gemm_0579,gemm,vitis,csynth,,21,10,3054,4786,1824,2520,548160,274080,1.1513,0.3968,0.5571,1.7462,20802,151854.6,,7.3,,,,,,,,
gemm_0580,gemm,vitis,csynth,,21,10,3265,4933,1824,2520,548160,274080,1.1513,0.3968,0.5956,1.7998,20802,151854.6,,7.3,,,,,,,,
gemm_0581,gemm,vitis,csynth,,21,10,3991,5845,1824,2520,548160,274080,1.1513,0.3968,0.7281,2.1326,25565,186624.5,,7.3,,,,,,,,
gemm_0582,gemm,vitis,csynth,,21,10,4202,5992,1824,2520,548160,274080,1.1513,0.3968,0.7666,2.1862,25565,186624.5,,7.3,,,,,,,,
gemm_0583,gemm,vitis,csynth,,21,10,3159,4850,1824,2520,548160,274080,1.1513,0.3968,0.5763,1.7696,20811,151920.3,,7.3,,,,,,,,
gemm_0584,gemm,vitis,csynth,,21,10,3370,4997,1824,2520,548160,274080,1.1513,0.3968,0.6148,1.8232,20811,151920.3,,7.3,,,,,,,,
gemm_0585,gemm,vitis,csynth,,27,17,4328,8612,1824,2520,548160,274080,1.4803,0.6746,0.7896,3.1421,547105,3993866.5,,7.3,,,,,,,,
gemm_0586,gemm,vitis,csynth,,27,17,6016,9788,1824,2520,548160,274080,1.4803,0.6746,1.0975,3.5712,547105,3993866.5,,7.3,,,,,,,,
gemm_0587,gemm,vitis,csynth,,27,17,3839,6618,1824,2520,548160,274080,1.4803,0.6746,0.7003,2.4146,575520,4201296.0,,7.3,,,,,,,,
gemm_0588,gemm,vitis,csynth,,27,17,3097,5475,1824,2520,548160,274080,1.4803,0.6746,0.565,1.9976,87233,636800.9,,7.3,,,,,,,,
gemm_0589,gemm,vitis,csynth,,27,17,4828,7287,1824,2520,548160,274080,1.4803,0.6746,0.8808,2.6587,606207,4425311.1,,7.3,,,,,,,,
gemm_0590,gemm,vitis,csynth,,27,17,3096,5471,1824,2520,548160,274080,1.4803,0.6746,0.5648,1.9961,87233,636800.9,,7.3,,,,,,,,
gemm_0591,gemm,vitis,csynth,,27,17,4433,8688,1824,2520,548160,274080,1.4803,0.6746,0.8087,3.1699,547114,3993932.1999999997,,7.3,,,,,,,,
gemm_0592,gemm,vitis,csynth,,27,17,6121,9864,1824,2520,548160,274080,1.4803,0.6746,1.1166,3.5989,547114,3993932.1999999997,,7.3,,,,,,,,
gemm_0593,gemm,vitis,csynth,,27,17,3944,6751,1824,2520,548160,274080,1.4803,0.6746,0.7195,2.4631,575529,4201361.7,,7.3,,,,,,,,
gemm_0594,gemm,vitis,csynth,,27,17,3198,5531,1824,2520,548160,274080,1.4803,0.6746,0.5834,2.018,87238,636837.4,,7.3,,,,,,,,
gemm_0595,gemm,vitis,csynth,,27,17,4933,7363,1824,2520,548160,274080,1.4803,0.6746,0.8999,2.6864,606216,4425376.8,,7.3,,,,,,,,
gemm_0596,gemm,vitis,csynth,,27,17,3197,5527,1824,2520,548160,274080,1.4803,0.6746,0.5832,2.0166,87238,636837.4,,7.3,,,,,,,,
gemm_0597,gemm,vitis,csynth,,27,24,4746,9140,1824,2520,548160,274080,1.4803,0.9524,0.8658,3.3348,547070,3993611.0,,7.3,,,,,,,,
gemm_0598,gemm,vitis,csynth,,27,24,6434,10316,1824,2520,548160,274080,1.4803,0.9524,1.1737,3.7639,547070,3993611.0,,7.3,,,,,,,,
gemm_0599,gemm,vitis,csynth,,27,24,4149,7191,1824,2520,548160,274080,1.4803,0.9524,0.7569,2.6237,568309,4148655.6999999997,,7.3,,,,,,,,
gemm_0600,gemm,vitis,csynth,,27,24,3405,5972,1824,2520,548160,274080,1.4803,0.9524,0.6212,2.1789,80009,584065.7,,7.3,,,,,,,,
gemm_0601,gemm,vitis,csynth,,27,24,5246,7816,1824,2520,548160,274080,1.4803,0.9524,0.957,2.8517,606172,4425055.6,,7.3,,,,,,,,
gemm_0602,gemm,vitis,csynth,,27,24,3404,5968,1824,2520,548160,274080,1.4803,0.9524,0.621,2.1775,80009,584065.7,,7.3,,,,,,,,
gemm_0603,gemm,vitis,csynth,,27,24,4851,9205,1824,2520,548160,274080,1.4803,0.9524,0.885,3.3585,547079,3993676.6999999997,,7.3,,,,,,,,
gemm_0604,gemm,vitis,csynth,,27,24,6539,10381,1824,2520,548160,274080,1.4803,0.9524,1.1929,3.7876,547079,3993676.6999999997,,7.3,,,,,,,,
gemm_0605,gemm,vitis,csynth,,27,24,4254,7279,1824,2520,548160,274080,1.4803,0.9524,0.7761,2.6558,568318,4148721.4,,7.3,,,,,,,,
gemm_0606,gemm,vitis,csynth,,27,24,3508,6029,1824,2520,548160,274080,1.4803,0.9524,0.64,2.1997,80016,584116.7999999999,,7.3,,,,,,,,
gemm_0607,gemm,vitis,csynth,,27,24,5351,7876,1824,2520,548160,274080,1.4803,0.9524,0.9762,2.8736,606181,4425121.3,,7.3,,,,,,,,
gemm_0608,gemm,vitis,csynth,,27,24,3507,6025,1824,2520,548160,274080,1.4803,0.9524,0.6398,2.1983,80016,584116.7999999999,,7.3,,,,,,,,
gemm_0609,gemm,vitis,csynth,,19,17,5184,11517,1824,2520,548160,274080,1.0417,0.6746,0.9457,4.2021,37711,275290.3,,7.3,,,,,,,,
gemm_0610,gemm,vitis,csynth,,19,17,3736,6331,1824,2520,548160,274080,1.0417,0.6746,0.6816,2.3099,33166,242111.8,,7.3,,,,,,,,
gemm_0611,gemm,vitis,csynth,,19,17,5354,11378,1824,2520,548160,274080,1.0417,0.6746,0.9767,4.1513,29519,215488.69999999998,,7.3,,,,,,,,
gemm_0612,gemm,vitis,csynth,,19,17,3906,6192,1824,2520,548160,274080,1.0417,0.6746,0.7126,2.2592,24974,182310.19999999998,,7.3,,,,,,,,
gemm_0613,gemm,vitis,csynth,,19,17,5287,11632,1824,2520,548160,274080,1.0417,0.6746,0.9645,4.244,37718,275341.39999999997,,7.3,,,,,,,,
gemm_0614,gemm,vitis,csynth,,19,17,3837,6381,1824,2520,548160,274080,1.0417,0.6746,0.7,2.3282,33171,242148.3,,7.3,,,,,,,,
gemm_0615,gemm,vitis,csynth,,19,17,5457,11493,1824,2520,548160,274080,1.0417,0.6746,0.9955,4.1933,29526,215539.8,,7.3,,,,,,,,
gemm_0616,gemm,vitis,csynth,,19,17,4007,6242,1824,2520,548160,274080,1.0417,0.6746,0.731,2.2774,24979,182346.69999999998,,7.3,,,,,,,,
gemm_0617,gemm,vitis,csynth,,19,17,5419,11416,1824,2520,548160,274080,1.0417,0.6746,0.9886,4.1652,29524,215525.19999999998,,7.3,,,,,,,,
gemm_0618,gemm,vitis,csynth,,19,17,5249,11551,1824,2520,548160,274080,1.0417,0.6746,0.9576,4.2145,37716,275326.8,,7.3,,,,,,,,
gemm_0619,gemm,vitis,csynth,,19,17,3903,6188,1824,2520,548160,274080,1.0417,0.6746,0.712,2.2577,20808,151898.4,,7.3,,,,,,,,
gemm_0620,gemm,vitis,csynth,,19,17,3733,6323,1824,2520,548160,274080,1.0417,0.6746,0.681,2.307,29000,211700.0,,7.3,,,,,,,,
gemm_0621,gemm,vitis,csynth,,19,17,5524,11525,1824,2520,548160,274080,1.0417,0.6746,1.0077,4.205,29533,215590.9,,7.3,,,,,,,,
gemm_0622,gemm,vitis,csynth,,19,17,5354,11660,1824,2520,548160,274080,1.0417,0.6746,0.9767,4.2542,37725,275392.5,,7.3,,,,,,,,
gemm_0623,gemm,vitis,csynth,,19,17,4006,6245,1824,2520,548160,274080,1.0417,0.6746,0.7308,2.2785,20815,151949.5,,7.3,,,,,,,,
gemm_0624,gemm,vitis,csynth,,19,17,3836,6380,1824,2520,548160,274080,1.0417,0.6746,0.6998,2.3278,29007,211751.1,,7.3,,,,,,,,
gemm_0625,gemm,vitis,csynth,,19,24,4428,6766,1824,2520,548160,274080,1.0417,0.9524,0.8078,2.4686,18276,133414.8,,7.3,,,,,,,,
gemm_0626,gemm,vitis,csynth,,19,24,5227,7574,1824,2520,548160,274080,1.0417,0.9524,0.9536,2.7634,26365,192464.5,,7.3,,,,,,,,
gemm_0627,gemm,vitis,csynth,,19,24,3596,5816,1824,2520,548160,274080,1.0417,0.9524,0.656,2.122,13571,99068.3,,7.3,,,,,,,,
gemm_0628,gemm,vitis,csynth,,19,24,4461,6617,1824,2520,548160,274080,1.0417,0.9524,0.8138,2.4143,21793,159088.9,,7.3,,,,,,,,
gemm_0629,gemm,vitis,csynth,,19,24,4533,6875,1824,2520,548160,274080,1.0417,0.9524,0.8269,2.5084,18285,133480.5,,7.3,,,,,,,,
gemm_0630,gemm,vitis,csynth,,19,24,5332,7643,1824,2520,548160,274080,1.0417,0.9524,0.9727,2.7886,26374,192530.19999999998,,7.3,,,,,,,,
gemm_0631,gemm,vitis,csynth,,19,24,3701,5880,1824,2520,548160,274080,1.0417,0.9524,0.6752,2.1454,13580,99134.0,,7.3,,,,,,,,
gemm_0632,gemm,vitis,csynth,,19,24,4566,6748,1824,2520,548160,274080,1.0417,0.9524,0.833,2.4621,21802,159154.6,,7.3,,,,,,,,
gemm_0633,gemm,vitis,csynth,,82,136,5396,14727,1824,2520,548160,274080,4.4956,5.3968,0.9844,5.3732,80177,585292.1,,7.3,,,,,,,,
gemm_0634,gemm,vitis,csynth,,82,136,13205,22088,1824,2520,548160,274080,4.4956,5.3968,2.409,8.059,597945,4364998.5,,7.3,,,,,,,,
gemm_0635,gemm,vitis,csynth,,82,136,6814,13025,1824,2520,548160,274080,4.4956,5.3968,1.2431,4.7523,116681,851771.2999999999,,7.3,,,,,,,,
gemm_0636,gemm,vitis,csynth,,82,136,6781,12995,1824,2520,548160,274080,4.4956,5.3968,1.237,4.7413,145897,1065048.0999999999,,7.3,,,,,,,,
gemm_0637,gemm,vitis,csynth,,82,136,13198,22074,1824,2520,548160,274080,4.4956,5.3968,2.4077,8.0539,598049,4365757.7,,7.3,,,,,,,,
gemm_0638,gemm,vitis,csynth,,82,136,6533,13948,1824,2520,548160,274080,4.4956,5.3968,1.1918,5.089,88297,644568.1,,7.3,,,,,,,,
gemm_0639,gemm,vitis,csynth,,82,136,5501,14803,1824,2520,548160,274080,4.4956,5.3968,1.0035,5.401,80186,585357.7999999999,,7.3,,,,,,,,
gemm_0640,gemm,vitis,csynth,,82,136,13310,22172,1824,2520,548160,274080,4.4956,5.3968,2.4281,8.0896,597954,4365064.2,,7.3,,,,,,,,
gemm_0641,gemm,vitis,csynth,,82,136,6919,13101,1824,2520,548160,274080,4.4956,5.3968,1.2622,4.78,116690,851837.0,,7.3,,,,,,,,
gemm_0642,gemm,vitis,csynth,,82,136,6886,13071,1824,2520,548160,274080,4.4956,5.3968,1.2562,4.769,145906,1065113.8,,7.3,,,,,,,,
gemm_0643,gemm,vitis,csynth,,82,136,13303,22158,1824,2520,548160,274080,4.4956,5.3968,2.4268,8.0845,598058,4365823.399999999,,7.3,,,,,,,,
gemm_0644,gemm,vitis,csynth,,82,136,6638,14024,1824,2520,548160,274080,4.4956,5.3968,1.211,5.1168,88306,644633.7999999999,,7.3,,,,,,,,
gemm_0645,gemm,vitis,csynth,,82,136,6813,14382,1824,2520,548160,274080,4.4956,5.3968,1.2429,5.2474,87422,638180.6,,7.3,,,,,,,,
gemm_0646,gemm,vitis,csynth,,82,136,14686,21752,1824,2520,548160,274080,4.4956,5.3968,2.6791,7.9364,605190,4417887.0,,7.3,,,,,,,,
gemm_0647,gemm,vitis,csynth,,82,136,5732,14148,1824,2520,548160,274080,4.4956,5.3968,1.0457,5.162,109566,799831.7999999999,,7.3,,,,,,,,
gemm_0648,gemm,vitis,csynth,,82,136,5699,14118,1824,2520,548160,274080,4.4956,5.3968,1.0397,5.1511,138782,1013108.6,,7.3,,,,,,,,
gemm_0649,gemm,vitis,csynth,,82,136,14679,21738,1824,2520,548160,274080,4.4956,5.3968,2.6779,7.9313,605294,4418646.2,,7.3,,,,,,,,
gemm_0650,gemm,vitis,csynth,,82,136,5451,15071,1824,2520,548160,274080,4.4956,5.3968,0.9944,5.4988,81182,592628.6,,7.3,,,,,,,,
gemm_0651,gemm,vitis,csynth,,82,136,6918,14447,1824,2520,548160,274080,4.4956,5.3968,1.262,5.2711,87431,638246.2999999999,,7.3,,,,,,,,
gemm_0652,gemm,vitis,csynth,,82,136,14791,21833,1824,2520,548160,274080,4.4956,5.3968,2.6983,7.9659,605199,4417952.7,,7.3,,,,,,,,
gemm_0653,gemm,vitis,csynth,,82,136,5837,14208,1824,2520,548160,274080,4.4956,5.3968,1.0648,5.1839,109575,799897.5,,7.3,,,,,,,,
gemm_0654,gemm,vitis,csynth,,82,136,5804,14178,1824,2520,548160,274080,4.4956,5.3968,1.0588,5.1729,138791,1013174.2999999999,,7.3,,,,,,,,
gemm_0655,gemm,vitis,csynth,,82,136,14720,21821,1824,2520,548160,274080,4.4956,5.3968,2.6853,7.9615,605303,4418711.899999999,,7.3,,,,,,,,
gemm_0656,gemm,vitis,csynth,,82,136,5556,15140,1824,2520,548160,274080,4.4956,5.3968,1.0136,5.5239,81191,592694.2999999999,,7.3,,,,,,,,
gemm_0657,gemm,vitis,csynth,,19,24,5075,11337,1824,2520,548160,274080,1.0417,0.9524,0.9258,4.1364,22288,162702.4,,7.3,,,,,,,,
gemm_0658,gemm,vitis,csynth,,19,24,3627,6151,1824,2520,548160,274080,1.0417,0.9524,0.6617,2.2442,17743,129523.9,,7.3,,,,,,,,
gemm_0659,gemm,vitis,csynth,,19,24,5820,12306,1824,2520,548160,274080,1.0417,0.9524,1.0617,4.4899,30445,222248.5,,7.3,,,,,,,,
gemm_0660,gemm,vitis,csynth,,19,24,4564,6987,1824,2520,548160,274080,1.0417,0.9524,0.8326,2.5493,25900,189070.0,,7.3,,,,,,,,
gemm_0661,gemm,vitis,csynth,,19,24,5178,11452,1824,2520,548160,274080,1.0417,0.9524,0.9446,4.1783,22295,162753.5,,7.3,,,,,,,,
gemm_0662,gemm,vitis,csynth,,19,24,3728,6201,1824,2520,548160,274080,1.0417,0.9524,0.6801,2.2625,17748,129560.4,,7.3,,,,,,,,
gemm_0663,gemm,vitis,csynth,,19,24,5925,12375,1824,2520,548160,274080,1.0417,0.9524,1.0809,4.5151,30454,222314.19999999998,,7.3,,,,,,,,
gemm_0664,gemm,vitis,csynth,,19,24,4669,7089,1824,2520,548160,274080,1.0417,0.9524,0.8518,2.5865,25909,189135.69999999998,,7.3,,,,,,,,
gemm_0665,gemm,vitis,csynth,,74,80,4679,10767,1824,2520,548160,274080,4.057,3.1746,0.8536,3.9284,21844,159461.19999999998,,7.3,,,,,,,,
gemm_0666,gemm,vitis,csynth,,74,80,6061,15874,1824,2520,548160,274080,4.057,3.1746,1.1057,5.7917,30941,225869.3,,7.3,,,,,,,,
gemm_0667,gemm,vitis,csynth,,74,80,5997,10041,1824,2520,548160,274080,4.057,3.1746,1.094,3.6635,25436,185682.8,,7.3,,,,,,,,
gemm_0668,gemm,vitis,csynth,,74,80,7379,15140,1824,2520,548160,274080,4.057,3.1746,1.3461,5.5239,34533,252090.9,,7.3,,,,,,,,
gemm_0669,gemm,vitis,csynth,,74,80,4784,10876,1824,2520,548160,274080,4.057,3.1746,0.8727,3.9682,21853,159526.9,,7.3,,,,,,,,
gemm_0670,gemm,vitis,csynth,,74,80,6166,15947,1824,2520,548160,274080,4.057,3.1746,1.1249,5.8184,30950,225935.0,,7.3,,,,,,,,
gemm_0671,gemm,vitis,csynth,,74,80,6102,10143,1824,2520,548160,274080,4.057,3.1746,1.1132,3.7007,25445,185748.5,,7.3,,,,,,,,
gemm_0672,gemm,vitis,csynth,,74,80,7484,15209,1824,2520,548160,274080,4.057,3.1746,1.3653,5.5491,34542,252156.6,,7.3,,,,,,,,
gemm_0673,gemm,vitis,csynth,,76,73,4935,10819,1824,2520,548160,274080,4.1667,2.8968,0.9003,3.9474,22421,163673.3,,7.3,,,,,,,,
gemm_0674,gemm,vitis,csynth,,76,73,4225,9860,1824,2520,548160,274080,4.1667,2.8968,0.7708,3.5975,21972,160395.6,,7.3,,,,,,,,
gemm_0675,gemm,vitis,csynth,,76,73,6125,10189,1824,2520,548160,274080,4.1667,2.8968,1.1174,3.7175,26013,189894.9,,7.3,,,,,,,,
gemm_0676,gemm,vitis,csynth,,76,73,5543,9134,1824,2520,548160,274080,4.1667,2.8968,1.0112,3.3326,25564,186617.19999999998,,7.3,,,,,,,,
gemm_0677,gemm,vitis,csynth,,76,73,5040,10892,1824,2520,548160,274080,4.1667,2.8968,0.9194,3.974,22430,163739.0,,7.3,,,,,,,,
gemm_0678,gemm,vitis,csynth,,76,73,4330,9969,1824,2520,548160,274080,4.1667,2.8968,0.7899,3.6373,21981,160461.3,,7.3,,,,,,,,
gemm_0679,gemm,vitis,csynth,,76,73,6230,10258,1824,2520,548160,274080,4.1667,2.8968,1.1365,3.7427,26022,189960.6,,7.3,,,,,,,,
gemm_0680,gemm,vitis,csynth,,76,73,5648,9236,1824,2520,548160,274080,4.1667,2.8968,1.0304,3.3698,25573,186682.9,,7.3,,,,,,,,
gemm_0681,gemm,vitis,csynth,,83,73,10533,18394,1824,2520,548160,274080,4.5504,2.8968,1.9215,6.7112,575913,4204164.899999999,,7.3,,,,,,,,
gemm_0682,gemm,vitis,csynth,,83,73,6284,11988,1824,2520,548160,274080,4.5504,2.8968,1.1464,4.3739,547105,3993866.5,,7.3,,,,,,,,
gemm_0683,gemm,vitis,csynth,,83,73,9823,17474,1824,2520,548160,274080,4.5504,2.8968,1.792,6.3755,575464,4200887.2,,7.3,,,,,,,,
gemm_0684,gemm,vitis,csynth,,83,73,4687,11041,1824,2520,548160,274080,4.5504,2.8968,0.855,4.0284,87806,640983.7999999999,,7.3,,,,,,,,
gemm_0685,gemm,vitis,csynth,,83,73,6133,10191,1824,2520,548160,274080,4.5504,2.8968,1.1188,3.7183,606207,4425311.1,,7.3,,,,,,,,
gemm_0686,gemm,vitis,csynth,,83,73,4814,9928,1824,2520,548160,274080,4.5504,2.8968,0.8782,3.6223,145982,1065668.5999999999,,7.3,,,,,,,,
gemm_0687,gemm,vitis,csynth,,83,73,10638,18478,1824,2520,548160,274080,4.5504,2.8968,1.9407,6.7418,575922,4204230.6,,7.3,,,,,,,,
gemm_0688,gemm,vitis,csynth,,83,73,6389,12064,1824,2520,548160,274080,4.5504,2.8968,1.1655,4.4016,547114,3993932.1999999997,,7.3,,,,,,,,
gemm_0689,gemm,vitis,csynth,,83,73,9928,17559,1824,2520,548160,274080,4.5504,2.8968,1.8112,6.4065,575473,4200952.899999999,,7.3,,,,,,,,
gemm_0690,gemm,vitis,csynth,,83,73,4792,11140,1824,2520,548160,274080,4.5504,2.8968,0.8742,4.0645,87815,641049.5,,7.3,,,,,,,,
gemm_0691,gemm,vitis,csynth,,83,73,6238,10267,1824,2520,548160,274080,4.5504,2.8968,1.138,3.746,606216,4425376.8,,7.3,,,,,,,,
gemm_0692,gemm,vitis,csynth,,83,73,4919,10044,1824,2520,548160,274080,4.5504,2.8968,0.8974,3.6646,145991,1065734.3,,7.3,,,,,,,,
gemm_0693,gemm,vitis,csynth,,83,80,10951,18933,1824,2520,548160,274080,4.5504,3.1746,1.9978,6.9078,575878,4203909.399999999,,7.3,,,,,,,,
gemm_0694,gemm,vitis,csynth,,83,80,6702,12516,1824,2520,548160,274080,4.5504,3.1746,1.2226,4.5665,547070,3993611.0,,7.3,,,,,,,,
gemm_0695,gemm,vitis,csynth,,83,80,10133,17993,1824,2520,548160,274080,4.5504,3.1746,1.8485,6.5649,568253,4148246.9,,7.3,,,,,,,,
gemm_0696,gemm,vitis,csynth,,83,80,4997,11581,1824,2520,548160,274080,4.5504,3.1746,0.9116,4.2254,80595,588343.5,,7.3,,,,,,,,
gemm_0697,gemm,vitis,csynth,,83,80,6551,10720,1824,2520,548160,274080,4.5504,3.1746,1.1951,3.9113,606172,4425055.6,,7.3,,,,,,,,
gemm_0698,gemm,vitis,csynth,,83,80,5124,10485,1824,2520,548160,274080,4.5504,3.1746,0.9348,3.8255,138771,1013028.2999999999,,7.3,,,,,,,,
gemm_0699,gemm,vitis,csynth,,83,80,11056,19014,1824,2520,548160,274080,4.5504,3.1746,2.0169,6.9374,575887,4203975.1,,7.3,,,,,,,,
gemm_0700,gemm,vitis,csynth,,83,80,6807,12581,1824,2520,548160,274080,4.5504,3.1746,1.2418,4.5903,547079,3993676.6999999997,,7.3,,,,,,,,
gemm_0701,gemm,vitis,csynth,,83,80,10238,18074,1824,2520,548160,274080,4.5504,3.1746,1.8677,6.5944,568262,4148312.6,,7.3,,,,,,,,
gemm_0702,gemm,vitis,csynth,,83,80,5102,11697,1824,2520,548160,274080,4.5504,3.1746,0.9308,4.2677,80604,588409.2,,7.3,,,,,,,,
gemm_0703,gemm,vitis,csynth,,83,80,6656,10780,1824,2520,548160,274080,4.5504,3.1746,1.2142,3.9332,606181,4425121.3,,7.3,,,,,,,,
gemm_0704,gemm,vitis,csynth,,83,80,5229,10587,1824,2520,548160,274080,4.5504,3.1746,0.9539,3.8627,138780,1013094.0,,7.3,,,,,,,,
gemm_0705,gemm,vitis,csynth,,74,80,6078,16044,1824,2520,548160,274080,4.057,3.1746,1.1088,5.8538,30492,222591.6,,7.3,,,,,,,,
gemm_0706,gemm,vitis,csynth,,74,80,7396,15150,1824,2520,548160,274080,4.057,3.1746,1.3492,5.5276,34084,248813.19999999998,,7.3,,,,,,,,
gemm_0707,gemm,vitis,csynth,,74,80,4614,10765,1824,2520,548160,274080,4.057,3.1746,0.8417,3.9277,21839,159424.69999999998,,7.3,,,,,,,,
gemm_0708,gemm,vitis,csynth,,74,80,5932,10039,1824,2520,548160,274080,4.057,3.1746,1.0822,3.6628,25431,185646.3,,7.3,,,,,,,,
gemm_0709,gemm,vitis,csynth,,74,80,6183,16117,1824,2520,548160,274080,4.057,3.1746,1.128,5.8804,30501,222657.3,,7.3,,,,,,,,
gemm_0710,gemm,vitis,csynth,,74,80,7501,15219,1824,2520,548160,274080,4.057,3.1746,1.3684,5.5528,34093,248878.9,,7.3,,,,,,,,
gemm_0711,gemm,vitis,csynth,,74,80,4717,10880,1824,2520,548160,274080,4.057,3.1746,0.8605,3.9696,21846,159475.8,,7.3,,,,,,,,
gemm_0712,gemm,vitis,csynth,,74,80,6035,10146,1824,2520,548160,274080,4.057,3.1746,1.101,3.7018,25438,185697.4,,7.3,,,,,,,,
gemm_0713,gemm,vitis,csynth,,19,24,5956,12369,1824,2520,548160,274080,1.0417,0.9524,1.0865,4.5129,29925,218452.5,,7.3,,,,,,,,
gemm_0714,gemm,vitis,csynth,,19,24,5138,11407,1824,2520,548160,274080,1.0417,0.9524,0.9373,4.1619,22300,162790.0,,7.3,,,,,,,,
gemm_0715,gemm,vitis,csynth,,19,24,4504,7111,1824,2520,548160,274080,1.0417,0.9524,0.8217,2.5945,21265,155234.5,,7.3,,,,,,,,
gemm_0716,gemm,vitis,csynth,,19,24,3622,6179,1824,2520,548160,274080,1.0417,0.9524,0.6608,2.2545,13640,99572.0,,7.3,,,,,,,,
gemm_0717,gemm,vitis,csynth,,19,24,6061,12438,1824,2520,548160,274080,1.0417,0.9524,1.1057,4.5381,29934,218518.19999999998,,7.3,,,,,,,,
gemm_0718,gemm,vitis,csynth,,19,24,5243,11516,1824,2520,548160,274080,1.0417,0.9524,0.9565,4.2017,22309,162855.69999999998,,7.3,,,,,,,,
gemm_0719,gemm,vitis,csynth,,19,24,4609,7242,1824,2520,548160,274080,1.0417,0.9524,0.8408,2.6423,21274,155300.19999999998,,7.3,,,,,,,,
gemm_0720,gemm,vitis,csynth,,19,24,3725,6236,1824,2520,548160,274080,1.0417,0.9524,0.6795,2.2752,13647,99623.09999999999,,7.3,,,,,,,,
gemm_0721,gemm,vitis,csynth,,130,136,5497,14948,1824,2520,548160,274080,7.1272,5.3968,1.0028,5.4539,15141,110529.3,,7.3,,,,,,,,
gemm_0722,gemm,vitis,csynth,,130,136,6673,14047,1824,2520,548160,274080,7.1272,5.3968,1.2173,5.1251,22781,166301.3,,7.3,,,,,,,,
gemm_0723,gemm,vitis,csynth,,130,136,6687,14318,1824,2520,548160,274080,7.1272,5.3968,1.2199,5.224,18733,136750.9,,7.3,,,,,,,,
gemm_0724,gemm,vitis,csynth,,130,136,7991,13473,1824,2520,548160,274080,7.1272,5.3968,1.4578,4.9157,26373,192522.9,,7.3,,,,,,,,
gemm_0725,gemm,vitis,csynth,,130,136,5602,15021,1824,2520,548160,274080,7.1272,5.3968,1.022,5.4805,15150,110595.0,,7.3,,,,,,,,
gemm_0726,gemm,vitis,csynth,,130,136,6778,14116,1824,2520,548160,274080,7.1272,5.3968,1.2365,5.1503,22790,166367.0,,7.3,,,,,,,,
gemm_0727,gemm,vitis,csynth,,130,136,6792,14387,1824,2520,548160,274080,7.1272,5.3968,1.2391,5.2492,18742,136816.6,,7.3,,,,,,,,
gemm_0728,gemm,vitis,csynth,,130,136,8096,13538,1824,2520,548160,274080,7.1272,5.3968,1.4769,4.9394,26382,192588.6,,7.3,,,,,,,,
gemm_0729,gemm,vitis,csynth,,194,584,16059,41349,1824,2520,548160,274080,10.636,23.1746,2.9296,15.0865,108985,795590.5,,7.3,,,,,,,,
gemm_0730,gemm,vitis,csynth,,194,584,23595,35432,1824,2520,548160,274080,10.636,23.1746,4.3044,12.9276,597945,4364998.5,,7.3,,,,,,,,
gemm_0731,gemm,vitis,csynth,,194,584,17235,40609,1824,2520,548160,274080,10.636,23.1746,3.1442,14.8165,116625,851362.5,,7.3,,,,,,,,
gemm_0732,gemm,vitis,csynth,,194,584,17069,40546,1824,2520,548160,274080,10.636,23.1746,3.1139,14.7935,145841,1064639.3,,7.3,,,,,,,,
gemm_0733,gemm,vitis,csynth,,194,584,23567,35418,1824,2520,548160,274080,10.636,23.1746,4.2993,12.9225,598049,4365757.7,,7.3,,,,,,,,
gemm_0734,gemm,vitis,csynth,,194,584,17047,40539,1824,2520,548160,274080,10.636,23.1746,3.1099,14.7909,145913,1065164.9,,7.3,,,,,,,,
gemm_0735,gemm,vitis,csynth,,194,584,16164,41433,1824,2520,548160,274080,10.636,23.1746,2.9488,15.1171,108994,795656.2,,7.3,,,,,,,,
gemm_0736,gemm,vitis,csynth,,194,584,23700,35516,1824,2520,548160,274080,10.636,23.1746,4.3236,12.9583,597954,4365064.2,,7.3,,,,,,,,
gemm_0737,gemm,vitis,csynth,,194,584,17340,40693,1824,2520,548160,274080,10.636,23.1746,3.1633,14.8471,116634,851428.2,,7.3,,,,,,,,
gemm_0738,gemm,vitis,csynth,,194,584,17174,40630,1824,2520,548160,274080,10.636,23.1746,3.133,14.8241,145850,1064705.0,,7.3,,,,,,,,
gemm_0739,gemm,vitis,csynth,,194,584,23672,35502,1824,2520,548160,274080,10.636,23.1746,4.3184,12.9532,598058,4365823.399999999,,7.3,,,,,,,,
gemm_0740,gemm,vitis,csynth,,194,584,17152,40623,1824,2520,548160,274080,10.636,23.1746,3.129,14.8216,145922,1065230.5999999999,,7.3,,,,,,,,
gemm_0741,gemm,vitis,csynth,,194,584,17476,41015,1824,2520,548160,274080,10.636,23.1746,3.1881,14.9646,116230,848479.0,,7.3,,,,,,,,
gemm_0742,gemm,vitis,csynth,,194,584,25076,35096,1824,2520,548160,274080,10.636,23.1746,4.5746,12.805,605190,4417887.0,,7.3,,,,,,,,
gemm_0743,gemm,vitis,csynth,,194,584,16153,41740,1824,2520,548160,274080,10.636,23.1746,2.9468,15.2291,109510,799423.0,,7.3,,,,,,,,
gemm_0744,gemm,vitis,csynth,,194,584,15987,41677,1824,2520,548160,274080,10.636,23.1746,2.9165,15.2061,138726,1012699.7999999999,,7.3,,,,,,,,
gemm_0745,gemm,vitis,csynth,,194,584,25048,35082,1824,2520,548160,274080,10.636,23.1746,4.5695,12.7999,605294,4418646.2,,7.3,,,,,,,,
gemm_0746,gemm,vitis,csynth,,194,584,15965,41670,1824,2520,548160,274080,10.636,23.1746,2.9125,15.2036,138798,1013225.4,,7.3,,,,,,,,
gemm_0747,gemm,vitis,csynth,,194,584,17581,41096,1824,2520,548160,274080,10.636,23.1746,3.2073,14.9942,116239,848544.7,,7.3,,,,,,,,
gemm_0748,gemm,vitis,csynth,,194,584,25181,35177,1824,2520,548160,274080,10.636,23.1746,4.5937,12.8346,605199,4417952.7,,7.3,,,,,,,,
gemm_0749,gemm,vitis,csynth,,194,584,16258,41822,1824,2520,548160,274080,10.636,23.1746,2.9659,15.259,109519,799488.7,,7.3,,,,,,,,
gemm_0750,gemm,vitis,csynth,,194,584,16092,41759,1824,2520,548160,274080,10.636,23.1746,2.9356,15.2361,138735,1012765.5,,7.3,,,,,,,,
gemm_0751,gemm,vitis,csynth,,194,584,25089,35165,1824,2520,548160,274080,10.636,23.1746,4.5769,12.8302,605303,4418711.899999999,,7.3,,,,,,,,
gemm_0752,gemm,vitis,csynth,,194,584,16070,41752,1824,2520,548160,274080,10.636,23.1746,2.9316,15.2335,138807,1013291.1,,7.3,,,,,,,,
gemm_0753,gemm,vitis,csynth,,130,136,5368,14931,1824,2520,548160,274080,7.1272,5.3968,0.9793,5.4477,15069,110003.7,,7.3,,,,,,,,
gemm_0754,gemm,vitis,csynth,,130,136,6686,14037,1824,2520,548160,274080,7.1272,5.3968,1.2197,5.1215,18661,136225.3,,7.3,,,,,,,,
gemm_0755,gemm,vitis,csynth,,130,136,6536,14294,1824,2520,548160,274080,7.1272,5.3968,1.1924,5.2153,22709,165775.69999999998,,7.3,,,,,,,,
gemm_0756,gemm,vitis,csynth,,130,136,7982,13456,1824,2520,548160,274080,7.1272,5.3968,1.4561,4.9095,26301,191997.3,,7.3,,,,,,,,
gemm_0757,gemm,vitis,csynth,,130,136,5473,15004,1824,2520,548160,274080,7.1272,5.3968,0.9984,5.4743,15078,110069.4,,7.3,,,,,,,,
gemm_0758,gemm,vitis,csynth,,130,136,6791,14106,1824,2520,548160,274080,7.1272,5.3968,1.2389,5.1467,18670,136291.0,,7.3,,,,,,,,
gemm_0759,gemm,vitis,csynth,,130,136,6641,14363,1824,2520,548160,274080,7.1272,5.3968,1.2115,5.2404,22718,165841.4,,7.3,,,,,,,,
gemm_0760,gemm,vitis,csynth,,130,136,8087,13521,1824,2520,548160,274080,7.1272,5.3968,1.4753,4.9332,26310,192063.0,,7.3,,,,,,,,
gemm_0761,gemm,vitis,csynth,,130,136,6669,14196,1824,2520,548160,274080,7.1272,5.3968,1.2166,5.1795,22245,162388.5,,7.3,,,,,,,,
gemm_0762,gemm,vitis,csynth,,130,136,5346,14923,1824,2520,548160,274080,7.1272,5.3968,0.9753,5.4448,15525,113332.5,,7.3,,,,,,,,
gemm_0763,gemm,vitis,csynth,,130,136,7987,13462,1824,2520,548160,274080,7.1272,5.3968,1.4571,4.9117,25837,188610.1,,7.3,,,,,,,,
gemm_0764,gemm,vitis,csynth,,130,136,6664,14189,1824,2520,548160,274080,7.1272,5.3968,1.2157,5.177,19117,139554.1,,7.3,,,,,,,,
gemm_0765,gemm,vitis,csynth,,130,136,6774,14265,1824,2520,548160,274080,7.1272,5.3968,1.2358,5.2047,22254,162454.19999999998,,7.3,,,,,,,,
gemm_0766,gemm,vitis,csynth,,130,136,5451,14996,1824,2520,548160,274080,7.1272,5.3968,0.9944,5.4714,15534,113398.2,,7.3,,,,,,,,
gemm_0767,gemm,vitis,csynth,,130,136,8092,13527,1824,2520,548160,274080,7.1272,5.3968,1.4762,4.9354,25846,188675.8,,7.3,,,,,,,,
gemm_0768,gemm,vitis,csynth,,130,136,6769,14258,1824,2520,548160,274080,7.1272,5.3968,1.2349,5.2021,19126,139619.8,,7.3,,,,,,,,
gemm_0769,gemm,vitis,csynth,,22,3,2727,4201,1824,2520,548160,274080,1.2061,0.119,0.4975,1.5328,24836,181302.8,,7.3,,,,,,,,
gemm_0770,gemm,vitis,csynth,,22,3,2938,4352,1824,2520,548160,274080,1.2061,0.119,0.536,1.5879,24836,181302.8,,7.3,,,,,,,,
gemm_0771,gemm,vitis,csynth,,22,3,2938,4348,1824,2520,548160,274080,1.2061,0.119,0.536,1.5864,24836,181302.8,,7.3,,,,,,,,
gemm_0772,gemm,vitis,csynth,,22,3,3149,4499,1824,2520,548160,274080,1.2061,0.119,0.5745,1.6415,24836,181302.8,,7.3,,,,,,,,
gemm_0773,gemm,vitis,csynth,,22,3,2832,4266,1824,2520,548160,274080,1.2061,0.119,0.5166,1.5565,24845,181368.5,,7.3,,,,,,,,
gemm_0774,gemm,vitis,csynth,,22,3,3043,4417,1824,2520,548160,274080,1.2061,0.119,0.5551,1.6116,24845,181368.5,,7.3,,,,,,,,
gemm_0775,gemm,vitis,csynth,,22,3,3043,4413,1824,2520,548160,274080,1.2061,0.119,0.5551,1.6101,24845,181368.5,,7.3,,,,,,,,
gemm_0776,gemm,vitis,csynth,,22,3,3254,4564,1824,2520,548160,274080,1.2061,0.119,0.5936,1.6652,24845,181368.5,,7.3,,,,,,,,
gemm_0777,gemm,vitis,csynth,,24,3,2638,4271,1824,2520,548160,274080,1.3158,0.119,0.4812,1.5583,548993,4007648.9,,7.3,,,,,,,,
gemm_0778,gemm,vitis,csynth,,24,3,2849,4421,1824,2520,548160,274080,1.3158,0.119,0.5197,1.613,548993,4007648.9,,7.3,,,,,,,,
gemm_0779,gemm,vitis,csynth,,24,3,2848,4415,1824,2520,548160,274080,1.3158,0.119,0.5196,1.6108,548993,4007648.9,,7.3,,,,,,,,
gemm_0780,gemm,vitis,csynth,,24,3,2848,4415,1824,2520,548160,274080,1.3158,0.119,0.5196,1.6108,548993,4007648.9,,7.3,,,,,,,,
gemm_0781,gemm,vitis,csynth,,24,3,2849,4421,1824,2520,548160,274080,1.3158,0.119,0.5197,1.613,548993,4007648.9,,7.3,,,,,,,,
gemm_0782,gemm,vitis,csynth,,24,3,2849,4419,1824,2520,548160,274080,1.3158,0.119,0.5197,1.6123,548993,4007648.9,,7.3,,,,,,,,
gemm_0783,gemm,vitis,csynth,,24,3,2739,4327,1824,2520,548160,274080,1.3158,0.119,0.4997,1.5787,548998,4007685.4,,7.3,,,,,,,,
gemm_0784,gemm,vitis,csynth,,24,3,2950,4477,1824,2520,548160,274080,1.3158,0.119,0.5382,1.6335,548998,4007685.4,,7.3,,,,,,,,
gemm_0785,gemm,vitis,csynth,,24,3,2949,4471,1824,2520,548160,274080,1.3158,0.119,0.538,1.6313,548998,4007685.4,,7.3,,,,,,,,
gemm_0786,gemm,vitis,csynth,,24,3,2949,4471,1824,2520,548160,274080,1.3158,0.119,0.538,1.6313,548998,4007685.4,,7.3,,,,,,,,
gemm_0787,gemm,vitis,csynth,,24,3,2950,4477,1824,2520,548160,274080,1.3158,0.119,0.5382,1.6335,548998,4007685.4,,7.3,,,,,,,,
gemm_0788,gemm,vitis,csynth,,24,3,2950,4475,1824,2520,548160,274080,1.3158,0.119,0.5382,1.6327,548998,4007685.4,,7.3,,,,,,,,
gemm_0789,gemm,vitis,csynth,,25,3,2963,4583,1824,2520,548160,274080,1.3706,0.119,0.5405,1.6721,549001,4007707.3,,7.3,,,,,,,,
gemm_0790,gemm,vitis,csynth,,25,3,3174,4733,1824,2520,548160,274080,1.3706,0.119,0.579,1.7269,549001,4007707.3,,7.3,,,,,,,,
gemm_0791,gemm,vitis,csynth,,25,3,2751,4431,1824,2520,548160,274080,1.3706,0.119,0.5019,1.6167,549001,4007707.3,,7.3,,,,,,,,
gemm_0792,gemm,vitis,csynth,,25,3,2751,4431,1824,2520,548160,274080,1.3706,0.119,0.5019,1.6167,549001,4007707.3,,7.3,,,,,,,,
gemm_0793,gemm,vitis,csynth,,25,3,3174,4733,1824,2520,548160,274080,1.3706,0.119,0.579,1.7269,549001,4007707.3,,7.3,,,,,,,,
gemm_0794,gemm,vitis,csynth,,25,3,2752,4435,1824,2520,548160,274080,1.3706,0.119,0.502,1.6181,549001,4007707.3,,7.3,,,,,,,,
gemm_0795,gemm,vitis,csynth,,25,3,3066,4641,1824,2520,548160,274080,1.3706,0.119,0.5593,1.6933,549008,4007758.4,,7.3,,,,,,,,
gemm_0796,gemm,vitis,csynth,,25,3,3277,4791,1824,2520,548160,274080,1.3706,0.119,0.5978,1.748,549008,4007758.4,,7.3,,,,,,,,
gemm_0797,gemm,vitis,csynth,,25,3,2854,4489,1824,2520,548160,274080,1.3706,0.119,0.5207,1.6378,549008,4007758.4,,7.3,,,,,,,,
gemm_0798,gemm,vitis,csynth,,25,3,2854,4489,1824,2520,548160,274080,1.3706,0.119,0.5207,1.6378,549008,4007758.4,,7.3,,,,,,,,
gemm_0799,gemm,vitis,csynth,,25,3,3277,4791,1824,2520,548160,274080,1.3706,0.119,0.5978,1.748,549008,4007758.4,,7.3,,,,,,,,
gemm_0800,gemm,vitis,csynth,,25,3,2855,4493,1824,2520,548160,274080,1.3706,0.119,0.5208,1.6393,549008,4007758.4,,7.3,,,,,,,,
gemm_0801,gemm,vitis,csynth,,11,1,1641,2726,1824,2520,548160,274080,0.6031,0.0397,0.2994,0.9946,24761,180755.3,,7.3,,,,,,,,
gemm_0802,gemm,vitis,csynth,,11,1,1641,2726,1824,2520,548160,274080,0.6031,0.0397,0.2994,0.9946,24761,180755.3,,7.3,,,,,,,,
gemm_0803,gemm,vitis,csynth,,11,1,1852,2877,1824,2520,548160,274080,0.6031,0.0397,0.3379,1.0497,24761,180755.3,,7.3,,,,,,,,
gemm_0804,gemm,vitis,csynth,,11,1,1852,2877,1824,2520,548160,274080,0.6031,0.0397,0.3379,1.0497,24761,180755.3,,7.3,,,,,,,,
gemm_0805,gemm,vitis,csynth,,11,1,1641,2726,1824,2520,548160,274080,0.6031,0.0397,0.2994,0.9946,24761,180755.3,,7.3,,,,,,,,
gemm_0806,gemm,vitis,csynth,,11,1,1641,2726,1824,2520,548160,274080,0.6031,0.0397,0.2994,0.9946,24761,180755.3,,7.3,,,,,,,,
gemm_0807,gemm,vitis,csynth,,11,1,1852,2877,1824,2520,548160,274080,0.6031,0.0397,0.3379,1.0497,24761,180755.3,,7.3,,,,,,,,
gemm_0808,gemm,vitis,csynth,,11,1,1852,2877,1824,2520,548160,274080,0.6031,0.0397,0.3379,1.0497,24761,180755.3,,7.3,,,,,,,,
gemm_0809,gemm,vitis,csynth,,22,3,2943,4358,1824,2520,548160,274080,1.2061,0.119,0.5369,1.59,24969,182273.69999999998,,7.3,,,,,,,,
gemm_0810,gemm,vitis,csynth,,22,3,2732,4211,1824,2520,548160,274080,1.2061,0.119,0.4984,1.5364,24969,182273.69999999998,,7.3,,,,,,,,
gemm_0811,gemm,vitis,csynth,,22,3,3154,4505,1824,2520,548160,274080,1.2061,0.119,0.5754,1.6437,24969,182273.69999999998,,7.3,,,,,,,,
gemm_0812,gemm,vitis,csynth,,22,3,2943,4358,1824,2520,548160,274080,1.2061,0.119,0.5369,1.59,24969,182273.69999999998,,7.3,,,,,,,,
gemm_0813,gemm,vitis,csynth,,22,3,3046,4416,1824,2520,548160,274080,1.2061,0.119,0.5557,1.6112,24976,182324.8,,7.3,,,,,,,,
gemm_0814,gemm,vitis,csynth,,22,3,2835,4269,1824,2520,548160,274080,1.2061,0.119,0.5172,1.5576,24976,182324.8,,7.3,,,,,,,,
gemm_0815,gemm,vitis,csynth,,22,3,3257,4563,1824,2520,548160,274080,1.2061,0.119,0.5942,1.6648,24976,182324.8,,7.3,,,,,,,,
gemm_0816,gemm,vitis,csynth,,22,3,3046,4416,1824,2520,548160,274080,1.2061,0.119,0.5557,1.6112,24976,182324.8,,7.3,,,,,,,,
gemm_0817,gemm,vitis,csynth,,20,17,3252,5202,1824,2520,548160,274080,1.0965,0.6746,0.5933,1.898,17668,128976.4,,7.3,,,,,,,,
gemm_0818,gemm,vitis,csynth,,20,17,4133,6018,1824,2520,548160,274080,1.0965,0.6746,0.754,2.1957,25362,185142.6,,7.3,,,,,,,,
gemm_0819,gemm,vitis,csynth,,20,17,3463,5349,1824,2520,548160,274080,1.0965,0.6746,0.6317,1.9516,17668,128976.4,,7.3,,,,,,,,
gemm_0820,gemm,vitis,csynth,,20,17,4344,6165,1824,2520,548160,274080,1.0965,0.6746,0.7925,2.2493,25362,185142.6,,7.3,,,,,,,,
gemm_0821,gemm,vitis,csynth,,20,17,3357,5267,1824,2520,548160,274080,1.0965,0.6746,0.6124,1.9217,17677,129042.09999999999,,7.3,,,,,,,,
gemm_0822,gemm,vitis,csynth,,20,17,4238,6150,1824,2520,548160,274080,1.0965,0.6746,0.7731,2.2439,25371,185208.3,,7.3,,,,,,,,
gemm_0823,gemm,vitis,csynth,,20,17,3568,5414,1824,2520,548160,274080,1.0965,0.6746,0.6509,1.9753,17677,129042.09999999999,,7.3,,,,,,,,
gemm_0824,gemm,vitis,csynth,,20,17,4449,6297,1824,2520,548160,274080,1.0965,0.6746,0.8116,2.2975,25371,185208.3,,7.3,,,,,,,,
gemm_0825,gemm,vitis,csynth,,26,24,3271,5834,1824,2520,548160,274080,1.4254,0.9524,0.5967,2.1286,83073,606432.9,,7.3,,,,,,,,
gemm_0826,gemm,vitis,csynth,,26,24,4292,6711,1824,2520,548160,274080,1.4254,0.9524,0.783,2.4486,571654,4173074.1999999997,,7.3,,,,,,,,
gemm_0827,gemm,vitis,csynth,,26,24,4164,7455,1824,2520,548160,274080,1.4254,0.9524,0.7596,2.72,87114,635932.2,,7.3,,,,,,,,
gemm_0828,gemm,vitis,csynth,,26,24,4793,8271,1824,2520,548160,274080,1.4254,0.9524,0.8744,3.0177,604593,4413528.899999999,,7.3,,,,,,,,
gemm_0829,gemm,vitis,csynth,,26,24,5441,8826,1824,2520,548160,274080,1.4254,0.9524,0.9926,3.2202,542376,3959344.8,,7.3,,,,,,,,
gemm_0830,gemm,vitis,csynth,,26,24,4583,9334,1824,2520,548160,274080,1.4254,0.9524,0.8361,3.4056,546417,3988844.1,,7.3,,,,,,,,
gemm_0831,gemm,vitis,csynth,,26,24,3372,5890,1824,2520,548160,274080,1.4254,0.9524,0.6151,2.149,83078,606469.4,,7.3,,,,,,,,
gemm_0832,gemm,vitis,csynth,,26,24,4397,6835,1824,2520,548160,274080,1.4254,0.9524,0.8021,2.4938,571663,4173139.9,,7.3,,,,,,,,
gemm_0833,gemm,vitis,csynth,,26,24,4267,7531,1824,2520,548160,274080,1.4254,0.9524,0.7784,2.7477,87121,635983.2999999999,,7.3,,,,,,,,
gemm_0834,gemm,vitis,csynth,,26,24,4898,8347,1824,2520,548160,274080,1.4254,0.9524,0.8935,3.0455,604602,4413594.6,,7.3,,,,,,,,
gemm_0835,gemm,vitis,csynth,,26,24,5546,8942,1824,2520,548160,274080,1.4254,0.9524,1.0117,3.2626,542385,3959410.5,,7.3,,,,,,,,
gemm_0836,gemm,vitis,csynth,,26,24,4688,9410,1824,2520,548160,274080,1.4254,0.9524,0.8552,3.4333,546426,3988909.8,,7.3,,,,,,,,
gemm_0837,gemm,vitis,csynth,,28,17,3184,5415,1824,2520,548160,274080,1.5351,0.6746,0.5809,1.9757,86665,632654.5,,7.3,,,,,,,,
gemm_0838,gemm,vitis,csynth,,28,17,4207,6360,1824,2520,548160,274080,1.5351,0.6746,0.7675,2.3205,575371,4200208.3,,7.3,,,,,,,,
gemm_0839,gemm,vitis,csynth,,28,17,3942,6202,1824,2520,548160,274080,1.5351,0.6746,0.7191,2.2628,87114,635932.2,,7.3,,,,,,,,
gemm_0840,gemm,vitis,csynth,,28,17,4573,7016,1824,2520,548160,274080,1.5351,0.6746,0.8342,2.5598,604718,4414441.399999999,,7.3,,,,,,,,
gemm_0841,gemm,vitis,csynth,,28,17,5356,8467,1824,2520,548160,274080,1.5351,0.6746,0.9771,3.0892,546093,3986478.9,,7.3,,,,,,,,
gemm_0842,gemm,vitis,csynth,,28,17,4363,8079,1824,2520,548160,274080,1.5351,0.6746,0.7959,2.9477,546542,3989756.6,,7.3,,,,,,,,
gemm_0843,gemm,vitis,csynth,,28,17,3287,5473,1824,2520,548160,274080,1.5351,0.6746,0.5996,1.9969,86672,632705.6,,7.3,,,,,,,,
gemm_0844,gemm,vitis,csynth,,28,17,4312,6455,1824,2520,548160,274080,1.5351,0.6746,0.7866,2.3552,575380,4200274.0,,7.3,,,,,,,,
gemm_0845,gemm,vitis,csynth,,28,17,4047,6341,1824,2520,548160,274080,1.5351,0.6746,0.7383,2.3136,87123,635997.9,,7.3,,,,,,,,
gemm_0846,gemm,vitis,csynth,,28,17,4678,7077,1824,2520,548160,274080,1.5351,0.6746,0.8534,2.5821,604727,4414507.1,,7.3,,,,,,,,
gemm_0847,gemm,vitis,csynth,,28,17,5461,8570,1824,2520,548160,274080,1.5351,0.6746,0.9962,3.1268,546102,3986544.6,,7.3,,,,,,,,
gemm_0848,gemm,vitis,csynth,,28,17,4468,8149,1824,2520,548160,274080,1.5351,0.6746,0.8151,2.9732,546551,3989822.3,,7.3,,,,,,,,
gemm_0849,gemm,vitis,csynth,,10,8,1920,3396,1824,2520,548160,274080,0.5482,0.3175,0.3503,1.2391,17593,128428.9,,7.3,,,,,,,,
gemm_0850,gemm,vitis,csynth,,10,8,1920,3396,1824,2520,548160,274080,0.5482,0.3175,0.3503,1.2391,17593,128428.9,,7.3,,,,,,,,
gemm_0851,gemm,vitis,csynth,,10,8,2800,4207,1824,2520,548160,274080,0.5482,0.3175,0.5108,1.535,25219,184098.69999999998,,7.3,,,,,,,,
gemm_0852,gemm,vitis,csynth,,10,8,2800,4207,1824,2520,548160,274080,0.5482,0.3175,0.5108,1.535,25219,184098.69999999998,,7.3,,,,,,,,
gemm_0853,gemm,vitis,csynth,,10,8,1920,3396,1824,2520,548160,274080,0.5482,0.3175,0.3503,1.2391,17593,128428.9,,7.3,,,,,,,,
gemm_0854,gemm,vitis,csynth,,10,8,1920,3396,1824,2520,548160,274080,0.5482,0.3175,0.3503,1.2391,17593,128428.9,,7.3,,,,,,,,
gemm_0855,gemm,vitis,csynth,,10,8,2800,4207,1824,2520,548160,274080,0.5482,0.3175,0.5108,1.535,25219,184098.69999999998,,7.3,,,,,,,,
gemm_0856,gemm,vitis,csynth,,10,8,2800,4207,1824,2520,548160,274080,0.5482,0.3175,0.5108,1.535,25219,184098.69999999998,,7.3,,,,,,,,
gemm_0857,gemm,vitis,csynth,,20,17,3317,5518,1824,2520,548160,274080,1.0965,0.6746,0.6051,2.0133,24967,182259.1,,7.3,,,,,,,,
gemm_0858,gemm,vitis,csynth,,20,17,4088,6321,1824,2520,548160,274080,1.0965,0.6746,0.7458,2.3063,25416,185536.8,,7.3,,,,,,,,
gemm_0859,gemm,vitis,csynth,,20,17,4248,6359,1824,2520,548160,274080,1.0965,0.6746,0.775,2.3201,34156,249338.8,,7.3,,,,,,,,
gemm_0860,gemm,vitis,csynth,,20,17,4955,7191,1824,2520,548160,274080,1.0965,0.6746,0.9039,2.6237,34605,252616.5,,7.3,,,,,,,,
gemm_0861,gemm,vitis,csynth,,20,17,3420,5576,1824,2520,548160,274080,1.0965,0.6746,0.6239,2.0344,24974,182310.19999999998,,7.3,,,,,,,,
gemm_0862,gemm,vitis,csynth,,20,17,4193,6460,1824,2520,548160,274080,1.0965,0.6746,0.7649,2.357,25425,185602.5,,7.3,,,,,,,,
gemm_0863,gemm,vitis,csynth,,20,17,4353,6462,1824,2520,548160,274080,1.0965,0.6746,0.7941,2.3577,34165,249404.5,,7.3,,,,,,,,
gemm_0864,gemm,vitis,csynth,,20,17,5060,7261,1824,2520,548160,274080,1.0965,0.6746,0.9231,2.6492,34614,252682.19999999998,,7.3,,,,,,,,
gemm_0865,gemm,vitis,csynth,,21,17,3948,6121,1824,2520,548160,274080,1.1513,0.6746,0.7202,2.2333,25745,187938.5,,7.3,,,,,,,,
gemm_0866,gemm,vitis,csynth,,21,17,3182,5226,1824,2520,548160,274080,1.1513,0.6746,0.5805,1.9067,24771,180828.3,,7.3,,,,,,,,
gemm_0867,gemm,vitis,csynth,,21,17,4687,7111,1824,2520,548160,274080,1.1513,0.6746,0.855,2.5945,34933,255010.9,,7.3,,,,,,,,
gemm_0868,gemm,vitis,csynth,,21,17,4115,6072,1824,2520,548160,274080,1.1513,0.6746,0.7507,2.2154,34028,248404.4,,7.3,,,,,,,,
gemm_0869,gemm,vitis,csynth,,21,17,4053,6260,1824,2520,548160,274080,1.1513,0.6746,0.7394,2.284,25754,188004.19999999998,,7.3,,,,,,,,
gemm_0870,gemm,vitis,csynth,,21,17,3287,5291,1824,2520,548160,274080,1.1513,0.6746,0.5996,1.9305,24780,180894.0,,7.3,,,,,,,,
gemm_0871,gemm,vitis,csynth,,21,17,4792,7181,1824,2520,548160,274080,1.1513,0.6746,0.8742,2.62,34942,255076.6,,7.3,,,,,,,,
gemm_0872,gemm,vitis,csynth,,21,17,4220,6175,1824,2520,548160,274080,1.1513,0.6746,0.7698,2.253,34037,248470.1,,7.3,,,,,,,,
gemm_0873,gemm,vitis,csynth,,24,10,3447,5536,1824,2520,548160,274080,1.3158,0.3968,0.6288,2.0198,607550,4435115.0,,7.3,,,,,,,,
gemm_0874,gemm,vitis,csynth,,24,10,2869,4813,1824,2520,548160,274080,1.3158,0.3968,0.5234,1.7561,548993,4007648.9,,7.3,,,,,,,,
gemm_0875,gemm,vitis,csynth,,24,10,3508,6560,1824,2520,548160,274080,1.3158,0.3968,0.64,2.3935,549950,4014635.0,,7.3,,,,,,,,
gemm_0876,gemm,vitis,csynth,,24,10,3508,6560,1824,2520,548160,274080,1.3158,0.3968,0.64,2.3935,549950,4014635.0,,7.3,,,,,,,,
gemm_0877,gemm,vitis,csynth,,24,10,2869,4813,1824,2520,548160,274080,1.3158,0.3968,0.5234,1.7561,548993,4007648.9,,7.3,,,,,,,,
gemm_0878,gemm,vitis,csynth,,24,10,3639,5413,1824,2520,548160,274080,1.3158,0.3968,0.6639,1.975,607550,4435115.0,,7.3,,,,,,,,
gemm_0879,gemm,vitis,csynth,,24,10,3552,5652,1824,2520,548160,274080,1.3158,0.3968,0.648,2.0622,607559,4435180.7,,7.3,,,,,,,,
gemm_0880,gemm,vitis,csynth,,24,10,2970,4869,1824,2520,548160,274080,1.3158,0.3968,0.5418,1.7765,548998,4007685.4,,7.3,,,,,,,,
gemm_0881,gemm,vitis,csynth,,24,10,3613,6659,1824,2520,548160,274080,1.3158,0.3968,0.6591,2.4296,549959,4014700.6999999997,,7.3,,,,,,,,
gemm_0882,gemm,vitis,csynth,,24,10,3613,6659,1824,2520,548160,274080,1.3158,0.3968,0.6591,2.4296,549959,4014700.6999999997,,7.3,,,,,,,,
gemm_0883,gemm,vitis,csynth,,24,10,2970,4869,1824,2520,548160,274080,1.3158,0.3968,0.5418,1.7765,548998,4007685.4,,7.3,,,,,,,,
gemm_0884,gemm,vitis,csynth,,24,10,3744,5529,1824,2520,548160,274080,1.3158,0.3968,0.683,2.0173,607559,4435180.7,,7.3,,,,,,,,
gemm_0885,gemm,vitis,csynth,,25,10,3774,5908,1824,2520,548160,274080,1.3706,0.3968,0.6885,2.1556,607627,4435677.1,,7.3,,,,,,,,
gemm_0886,gemm,vitis,csynth,,25,10,3194,5125,1824,2520,548160,274080,1.3706,0.3968,0.5827,1.8699,549001,4007707.3,,7.3,,,,,,,,
gemm_0887,gemm,vitis,csynth,,25,10,3413,6619,1824,2520,548160,274080,1.3706,0.3968,0.6226,2.415,550027,4015197.1,,7.3,,,,,,,,
gemm_0888,gemm,vitis,csynth,,25,10,3413,6619,1824,2520,548160,274080,1.3706,0.3968,0.6226,2.415,550027,4015197.1,,7.3,,,,,,,,
gemm_0889,gemm,vitis,csynth,,25,10,3194,5125,1824,2520,548160,274080,1.3706,0.3968,0.5827,1.8699,549001,4007707.3,,7.3,,,,,,,,
gemm_0890,gemm,vitis,csynth,,25,10,3544,5489,1824,2520,548160,274080,1.3706,0.3968,0.6465,2.0027,607627,4435677.1,,7.3,,,,,,,,
gemm_0891,gemm,vitis,csynth,,25,10,3879,6011,1824,2520,548160,274080,1.3706,0.3968,0.7076,2.1932,607636,4435742.8,,7.3,,,,,,,,
gemm_0892,gemm,vitis,csynth,,25,10,3297,5183,1824,2520,548160,274080,1.3706,0.3968,0.6015,1.8911,549008,4007758.4,,7.3,,,,,,,,
gemm_0893,gemm,vitis,csynth,,25,10,3518,6736,1824,2520,548160,274080,1.3706,0.3968,0.6418,2.4577,550036,4015262.8,,7.3,,,,,,,,
gemm_0894,gemm,vitis,csynth,,25,10,3518,6736,1824,2520,548160,274080,1.3706,0.3968,0.6418,2.4577,550036,4015262.8,,7.3,,,,,,,,
gemm_0895,gemm,vitis,csynth,,25,10,3297,5183,1824,2520,548160,274080,1.3706,0.3968,0.6015,1.8911,549008,4007758.4,,7.3,,,,,,,,
gemm_0896,gemm,vitis,csynth,,25,10,3649,5592,1824,2520,548160,274080,1.3706,0.3968,0.6657,2.0403,607636,4435742.8,,7.3,,,,,,,,
gemm_0897,gemm,vitis,csynth,,20,17,3793,6225,1824,2520,548160,274080,1.0965,0.6746,0.692,2.2712,26796,195610.8,,7.3,,,,,,,,
gemm_0898,gemm,vitis,csynth,,20,17,4600,7033,1824,2520,548160,274080,1.0965,0.6746,0.8392,2.566,34885,254660.5,,7.3,,,,,,,,
gemm_0899,gemm,vitis,csynth,,20,17,3301,5538,1824,2520,548160,274080,1.0965,0.6746,0.6022,2.0206,25871,188858.3,,7.3,,,,,,,,
gemm_0900,gemm,vitis,csynth,,20,17,4172,6351,1824,2520,548160,274080,1.0965,0.6746,0.7611,2.3172,33960,247908.0,,7.3,,,,,,,,
gemm_0901,gemm,vitis,csynth,,20,17,3898,6335,1824,2520,548160,274080,1.0965,0.6746,0.7111,2.3114,26805,195676.5,,7.3,,,,,,,,
gemm_0902,gemm,vitis,csynth,,20,17,4705,7103,1824,2520,548160,274080,1.0965,0.6746,0.8583,2.5916,34894,254726.19999999998,,7.3,,,,,,,,
gemm_0903,gemm,vitis,csynth,,20,17,3402,5589,1824,2520,548160,274080,1.0965,0.6746,0.6206,2.0392,25876,188894.8,,7.3,,,,,,,,
gemm_0904,gemm,vitis,csynth,,20,17,4275,6459,1824,2520,548160,274080,1.0965,0.6746,0.7799,2.3566,33967,247959.1,,7.3,,,,,,,,
gemm_0905,gemm,vitis,csynth,,21,10,3856,5925,1824,2520,548160,274080,1.1513,0.3968,0.7034,2.1618,25890,188997.0,,7.3,,,,,,,,
gemm_0906,gemm,vitis,csynth,,21,10,2989,5008,1824,2520,548160,274080,1.1513,0.3968,0.5453,1.8272,17801,129947.3,,7.3,,,,,,,,
gemm_0907,gemm,vitis,csynth,,21,10,4067,6072,1824,2520,548160,274080,1.1513,0.3968,0.7419,2.2154,25890,188997.0,,7.3,,,,,,,,
gemm_0908,gemm,vitis,csynth,,21,10,3200,5155,1824,2520,548160,274080,1.1513,0.3968,0.5838,1.8808,17801,129947.3,,7.3,,,,,,,,
gemm_0909,gemm,vitis,csynth,,21,10,3961,6057,1824,2520,548160,274080,1.1513,0.3968,0.7226,2.2099,25899,189062.69999999998,,7.3,,,,,,,,
gemm_0910,gemm,vitis,csynth,,21,10,3092,5066,1824,2520,548160,274080,1.1513,0.3968,0.5641,1.8484,17808,129998.4,,7.3,,,,,,,,
gemm_0911,gemm,vitis,csynth,,21,10,4172,6204,1824,2520,548160,274080,1.1513,0.3968,0.7611,2.2636,25899,189062.69999999998,,7.3,,,,,,,,
gemm_0912,gemm,vitis,csynth,,21,10,3303,5213,1824,2520,548160,274080,1.1513,0.3968,0.6026,1.902,17808,129998.4,,7.3,,,,,,,,
gemm_0913,gemm,vitis,csynth,,75,80,4373,10228,1824,2520,548160,274080,4.1118,3.1746,0.7978,3.7318,18577,135612.1,,7.3,,,,,,,,
gemm_0914,gemm,vitis,csynth,,75,80,5696,9508,1824,2520,548160,274080,4.1118,3.1746,1.0391,3.4691,25297,184668.1,,7.3,,,,,,,,
gemm_0915,gemm,vitis,csynth,,75,80,5112,11218,1824,2520,548160,274080,4.1118,3.1746,0.9326,4.093,27709,202275.69999999998,,7.3,,,,,,,,
gemm_0916,gemm,vitis,csynth,,75,80,6563,10387,1824,2520,548160,274080,4.1118,3.1746,1.1973,3.7898,34429,251331.69999999998,,7.3,,,,,,,,
gemm_0917,gemm,vitis,csynth,,75,80,4478,10367,1824,2520,548160,274080,4.1118,3.1746,0.8169,3.7825,18586,135677.8,,7.3,,,,,,,,
gemm_0918,gemm,vitis,csynth,,75,80,5801,9640,1824,2520,548160,274080,4.1118,3.1746,1.0583,3.5172,25306,184733.8,,7.3,,,,,,,,
gemm_0919,gemm,vitis,csynth,,75,80,5217,11288,1824,2520,548160,274080,4.1118,3.1746,0.9517,4.1185,27718,202341.4,,7.3,,,,,,,,
gemm_0920,gemm,vitis,csynth,,75,80,6668,10453,1824,2520,548160,274080,4.1118,3.1746,1.2164,3.8138,34438,251397.4,,7.3,,,,,,,,
gemm_0921,gemm,vitis,csynth,,82,80,4871,10301,1824,2520,548160,274080,4.4956,3.1746,0.8886,3.7584,141574,1033490.2,,7.3,,,,,,,,
gemm_0922,gemm,vitis,csynth,,82,80,5595,9574,1824,2520,548160,274080,4.4956,3.1746,1.0207,3.4931,571654,4173074.1999999997,,7.3,,,,,,,,
gemm_0923,gemm,vitis,csynth,,82,80,5549,12835,1824,2520,548160,274080,4.4956,3.1746,1.0123,4.6829,88015,642509.5,,7.3,,,,,,,,
gemm_0924,gemm,vitis,csynth,,82,80,10119,17085,1824,2520,548160,274080,4.4956,3.1746,1.846,6.2336,604481,4412711.3,,7.3,,,,,,,,
gemm_0925,gemm,vitis,csynth,,82,80,5742,11001,1824,2520,548160,274080,4.4956,3.1746,1.0475,4.0138,542376,3959344.8,,7.3,,,,,,,,
gemm_0926,gemm,vitis,csynth,,82,80,10141,17092,1824,2520,548160,274080,4.4956,3.1746,1.85,6.2361,604409,4412185.7,,7.3,,,,,,,,
gemm_0927,gemm,vitis,csynth,,82,80,4976,10417,1824,2520,548160,274080,4.4956,3.1746,0.9078,3.8007,141583,1033555.9,,7.3,,,,,,,,
gemm_0928,gemm,vitis,csynth,,82,80,5700,9698,1824,2520,548160,274080,4.4956,3.1746,1.0398,3.5384,571663,4173139.9,,7.3,,,,,,,,
gemm_0929,gemm,vitis,csynth,,82,80,5654,12918,1824,2520,548160,274080,4.4956,3.1746,1.0315,4.7132,88024,642575.2,,7.3,,,,,,,,
gemm_0930,gemm,vitis,csynth,,82,80,10224,17169,1824,2520,548160,274080,4.4956,3.1746,1.8651,6.2642,604490,4412777.0,,7.3,,,,,,,,
gemm_0931,gemm,vitis,csynth,,82,80,5847,11117,1824,2520,548160,274080,4.4956,3.1746,1.0667,4.0561,542385,3959410.5,,7.3,,,,,,,,
gemm_0932,gemm,vitis,csynth,,82,80,10246,17176,1824,2520,548160,274080,4.4956,3.1746,1.8692,6.2668,604418,4412251.399999999,,7.3,,,,,,,,
gemm_0933,gemm,vitis,csynth,,84,73,4786,9942,1824,2520,548160,274080,4.6053,2.8968,0.8731,3.6274,145291,1060624.3,,7.3,,,,,,,,
gemm_0934,gemm,vitis,csynth,,84,73,5510,9223,1824,2520,548160,274080,4.6053,2.8968,1.0052,3.3651,575371,4200208.3,,7.3,,,,,,,,
gemm_0935,gemm,vitis,csynth,,84,73,5329,11587,1824,2520,548160,274080,4.6053,2.8968,0.9722,4.2276,88140,643422.0,,7.3,,,,,,,,
gemm_0936,gemm,vitis,csynth,,84,73,9899,15838,1824,2520,548160,274080,4.6053,2.8968,1.8059,5.7786,604606,4413623.8,,7.3,,,,,,,,
gemm_0937,gemm,vitis,csynth,,84,73,5657,10642,1824,2520,548160,274080,4.6053,2.8968,1.032,3.8828,546093,3986478.9,,7.3,,,,,,,,
gemm_0938,gemm,vitis,csynth,,84,73,9921,15845,1824,2520,548160,274080,4.6053,2.8968,1.8099,5.7812,604534,4413098.2,,7.3,,,,,,,,
gemm_0939,gemm,vitis,csynth,,84,73,4891,10045,1824,2520,548160,274080,4.6053,2.8968,0.8923,3.665,145300,1060690.0,,7.3,,,,,,,,
gemm_0940,gemm,vitis,csynth,,84,73,5615,9318,1824,2520,548160,274080,4.6053,2.8968,1.0243,3.3997,575380,4200274.0,,7.3,,,,,,,,
gemm_0941,gemm,vitis,csynth,,84,73,5434,11661,1824,2520,548160,274080,4.6053,2.8968,0.9913,4.2546,88149,643487.7,,7.3,,,,,,,,
gemm_0942,gemm,vitis,csynth,,84,73,10004,15921,1824,2520,548160,274080,4.6053,2.8968,1.825,5.8089,604615,4413689.5,,7.3,,,,,,,,
gemm_0943,gemm,vitis,csynth,,84,73,5762,10745,1824,2520,548160,274080,4.6053,2.8968,1.0512,3.9204,546102,3986544.6,,7.3,,,,,,,,
gemm_0944,gemm,vitis,csynth,,84,73,10026,15928,1824,2520,548160,274080,4.6053,2.8968,1.829,5.8114,604543,4413163.899999999,,7.3,,,,,,,,
gemm_0945,gemm,vitis,csynth,,75,73,4269,10352,1824,2520,548160,274080,4.1118,2.8968,0.7788,3.777,19628,143284.4,,7.3,,,,,,,,
gemm_0946,gemm,vitis,csynth,,75,73,5097,11881,1824,2520,548160,274080,4.1118,2.8968,0.9298,4.3349,27717,202334.1,,7.3,,,,,,,,
gemm_0947,gemm,vitis,csynth,,75,73,5592,9633,1824,2520,548160,274080,4.1118,2.8968,1.0201,3.5147,26348,192340.4,,7.3,,,,,,,,
gemm_0948,gemm,vitis,csynth,,75,73,6420,11314,1824,2520,548160,274080,4.1118,2.8968,1.1712,4.128,34437,251390.1,,7.3,,,,,,,,
gemm_0949,gemm,vitis,csynth,,75,73,4374,10462,1824,2520,548160,274080,4.1118,2.8968,0.7979,3.8171,19637,143350.1,,7.3,,,,,,,,
gemm_0950,gemm,vitis,csynth,,75,73,5202,11951,1824,2520,548160,274080,4.1118,2.8968,0.949,4.3604,27726,202399.8,,7.3,,,,,,,,
gemm_0951,gemm,vitis,csynth,,75,73,5697,9736,1824,2520,548160,274080,4.1118,2.8968,1.0393,3.5522,26357,192406.1,,7.3,,,,,,,,
gemm_0952,gemm,vitis,csynth,,75,73,6525,11380,1824,2520,548160,274080,4.1118,2.8968,1.1903,4.1521,34446,251455.8,,7.3,,,,,,,,
gemm_0953,gemm,vitis,csynth,,75,73,5541,9602,1824,2520,548160,274080,4.1118,2.8968,1.0108,3.5034,25825,188522.5,,7.3,,,,,,,,
gemm_0954,gemm,vitis,csynth,,75,73,4365,10336,1824,2520,548160,274080,4.1118,2.8968,0.7963,3.7712,18185,132750.5,,7.3,,,,,,,,
gemm_0955,gemm,vitis,csynth,,75,73,6408,10465,1824,2520,548160,274080,4.1118,2.8968,1.169,3.8182,34965,255244.5,,7.3,,,,,,,,
gemm_0956,gemm,vitis,csynth,,75,73,5232,11206,1824,2520,548160,274080,4.1118,2.8968,0.9545,4.0886,27325,199472.5,,7.3,,,,,,,,
gemm_0957,gemm,vitis,csynth,,75,73,5646,9734,1824,2520,548160,274080,4.1118,2.8968,1.03,3.5515,25834,188588.19999999998,,7.3,,,,,,,,
gemm_0958,gemm,vitis,csynth,,75,73,4470,10475,1824,2520,548160,274080,4.1118,2.8968,0.8155,3.8219,18194,132816.19999999998,,7.3,,,,,,,,
gemm_0959,gemm,vitis,csynth,,75,73,6513,10531,1824,2520,548160,274080,4.1118,2.8968,1.1882,3.8423,34974,255310.19999999998,,7.3,,,,,,,,
gemm_0960,gemm,vitis,csynth,,75,73,5337,11276,1824,2520,548160,274080,4.1118,2.8968,0.9736,4.1141,27334,199538.19999999998,,7.3,,,,,,,,
gemm_0961,gemm,vitis,csynth,,21,10,3899,5748,1824,2520,548160,274080,1.1513,0.3968,0.7113,2.0972,33619,245418.69999999998,,7.3,,,,,,,,
gemm_0962,gemm,vitis,csynth,,21,10,4110,5899,1824,2520,548160,274080,1.1513,0.3968,0.7498,2.1523,33619,245418.69999999998,,7.3,,,,,,,,
gemm_0963,gemm,vitis,csynth,,21,10,3055,4779,1824,2520,548160,274080,1.1513,0.3968,0.5573,1.7437,24836,181302.8,,7.3,,,,,,,,
gemm_0964,gemm,vitis,csynth,,21,10,3266,4930,1824,2520,548160,274080,1.1513,0.3968,0.5958,1.7987,24836,181302.8,,7.3,,,,,,,,
gemm_0965,gemm,vitis,csynth,,21,10,4004,5858,1824,2520,548160,274080,1.1513,0.3968,0.7304,2.1373,33628,245484.4,,7.3,,,,,,,,
gemm_0966,gemm,vitis,csynth,,21,10,4215,6009,1824,2520,548160,274080,1.1513,0.3968,0.7689,2.1924,33628,245484.4,,7.3,,,,,,,,
gemm_0967,gemm,vitis,csynth,,21,10,3160,4844,1824,2520,548160,274080,1.1513,0.3968,0.5765,1.7674,24845,181368.5,,7.3,,,,,,,,
gemm_0968,gemm,vitis,csynth,,21,10,3371,4995,1824,2520,548160,274080,1.1513,0.3968,0.615,1.8225,24845,181368.5,,7.3,,,,,,,,
gemm_0969,gemm,vitis,csynth,,27,17,4272,8551,1824,2520,548160,274080,1.4803,0.6746,0.7793,3.1199,546465,3989194.5,,7.3,,,,,,,,
gemm_0970,gemm,vitis,csynth,,27,17,5960,9759,1824,2520,548160,274080,1.4803,0.6746,1.0873,3.5606,546465,3989194.5,,7.3,,,,,,,,
gemm_0971,gemm,vitis,csynth,,27,17,3792,6563,1824,2520,548160,274080,1.4803,0.6746,0.6918,2.3946,604192,4410601.6,,7.3,,,,,,,,
gemm_0972,gemm,vitis,csynth,,27,17,3072,5456,1824,2520,548160,274080,1.4803,0.6746,0.5604,1.9907,86657,632596.1,,7.3,,,,,,,,
gemm_0973,gemm,vitis,csynth,,27,17,4796,7260,1824,2520,548160,274080,1.4803,0.6746,0.8749,2.6489,575743,4202923.899999999,,7.3,,,,,,,,
gemm_0974,gemm,vitis,csynth,,27,17,3073,5460,1824,2520,548160,274080,1.4803,0.6746,0.5606,1.9921,86657,632596.1,,7.3,,,,,,,,
gemm_0975,gemm,vitis,csynth,,27,17,4377,8627,1824,2520,548160,274080,1.4803,0.6746,0.7985,3.1476,546474,3989260.1999999997,,7.3,,,,,,,,
gemm_0976,gemm,vitis,csynth,,27,17,6065,9835,1824,2520,548160,274080,1.4803,0.6746,1.1064,3.5884,546474,3989260.1999999997,,7.3,,,,,,,,
gemm_0977,gemm,vitis,csynth,,27,17,3897,6696,1824,2520,548160,274080,1.4803,0.6746,0.7109,2.4431,604201,4410667.3,,7.3,,,,,,,,
gemm_0978,gemm,vitis,csynth,,27,17,3173,5512,1824,2520,548160,274080,1.4803,0.6746,0.5788,2.0111,86662,632632.6,,7.3,,,,,,,,
gemm_0979,gemm,vitis,csynth,,27,17,4901,7336,1824,2520,548160,274080,1.4803,0.6746,0.8941,2.6766,575752,4202989.6,,7.3,,,,,,,,
gemm_0980,gemm,vitis,csynth,,27,17,3174,5516,1824,2520,548160,274080,1.4803,0.6746,0.579,2.0126,86662,632632.6,,7.3,,,,,,,,
gemm_0981,gemm,vitis,csynth,,27,24,4697,9075,1824,2520,548160,274080,1.4803,0.9524,0.8569,3.3111,546494,3989406.1999999997,,7.3,,,,,,,,
gemm_0982,gemm,vitis,csynth,,27,24,6385,10283,1824,2520,548160,274080,1.4803,0.9524,1.1648,3.7518,546494,3989406.1999999997,,7.3,,,,,,,,
gemm_0983,gemm,vitis,csynth,,27,24,4103,7132,1824,2520,548160,274080,1.4803,0.9524,0.7485,2.6022,600629,4384591.7,,7.3,,,,,,,,
gemm_0984,gemm,vitis,csynth,,27,24,3381,5949,1824,2520,548160,274080,1.4803,0.9524,0.6168,2.1705,83081,606491.2999999999,,7.3,,,,,,,,
gemm_0985,gemm,vitis,csynth,,27,24,5221,7785,1824,2520,548160,274080,1.4803,0.9524,0.9525,2.8404,575772,4203135.6,,7.3,,,,,,,,
gemm_0986,gemm,vitis,csynth,,27,24,3382,5953,1824,2520,548160,274080,1.4803,0.9524,0.617,2.172,83081,606491.2999999999,,7.3,,,,,,,,
gemm_0987,gemm,vitis,csynth,,27,24,4802,9141,1824,2520,548160,274080,1.4803,0.9524,0.876,3.3352,546503,3989471.9,,7.3,,,,,,,,
gemm_0988,gemm,vitis,csynth,,27,24,6490,10349,1824,2520,548160,274080,1.4803,0.9524,1.184,3.7759,546503,3989471.9,,7.3,,,,,,,,
gemm_0989,gemm,vitis,csynth,,27,24,4208,7221,1824,2520,548160,274080,1.4803,0.9524,0.7677,2.6346,600638,4384657.399999999,,7.3,,,,,,,,
gemm_0990,gemm,vitis,csynth,,27,24,3484,6007,1824,2520,548160,274080,1.4803,0.9524,0.6356,2.1917,83088,606542.4,,7.3,,,,,,,,
gemm_0991,gemm,vitis,csynth,,27,24,5326,7846,1824,2520,548160,274080,1.4803,0.9524,0.9716,2.8627,575781,4203201.3,,7.3,,,,,,,,
gemm_0992,gemm,vitis,csynth,,27,24,3485,6011,1824,2520,548160,274080,1.4803,0.9524,0.6358,2.1932,83088,606542.4,,7.3,,,,,,,,
gemm_0993,gemm,vitis,csynth,,19,17,5199,11547,1824,2520,548160,274080,1.0417,0.6746,0.9484,4.213,49935,364525.5,,7.3,,,,,,,,
gemm_0994,gemm,vitis,csynth,,19,17,3737,6342,1824,2520,548160,274080,1.0417,0.6746,0.6817,2.3139,41294,301446.2,,7.3,,,,,,,,
gemm_0995,gemm,vitis,csynth,,19,17,5369,11412,1824,2520,548160,274080,1.0417,0.6746,0.9795,4.1637,41743,304723.89999999997,,7.3,,,,,,,,
gemm_0996,gemm,vitis,csynth,,19,17,3907,6207,1824,2520,548160,274080,1.0417,0.6746,0.7127,2.2647,33102,241644.6,,7.3,,,,,,,,
gemm_0997,gemm,vitis,csynth,,19,17,5302,11663,1824,2520,548160,274080,1.0417,0.6746,0.9672,4.2553,49942,364576.6,,7.3,,,,,,,,
gemm_0998,gemm,vitis,csynth,,19,17,3838,6393,1824,2520,548160,274080,1.0417,0.6746,0.7002,2.3325,41299,301482.7,,7.3,,,,,,,,
gemm_0999,gemm,vitis,csynth,,19,17,5472,11528,1824,2520,548160,274080,1.0417,0.6746,0.9982,4.2061,41750,304775.0,,7.3,,,,,,,,
gemm_1000,gemm,vitis,csynth,,19,17,4008,6258,1824,2520,548160,274080,1.0417,0.6746,0.7312,2.2833,33107,241681.1,,7.3,,,,,,,,
gemm_1001,gemm,vitis,csynth,,19,17,5591,11465,1824,2520,548160,274080,1.0417,0.6746,1.02,4.1831,41939,306154.7,,7.3,,,,,,,,
gemm_1002,gemm,vitis,csynth,,19,17,5420,11604,1824,2520,548160,274080,1.0417,0.6746,0.9888,4.2338,50131,365956.3,,7.3,,,,,,,,
gemm_1003,gemm,vitis,csynth,,19,17,3941,6218,1824,2520,548160,274080,1.0417,0.6746,0.719,2.2687,24969,182273.69999999998,,7.3,,,,,,,,
gemm_1004,gemm,vitis,csynth,,19,17,3770,6357,1824,2520,548160,274080,1.0417,0.6746,0.6878,2.3194,33161,242075.3,,7.3,,,,,,,,
gemm_1005,gemm,vitis,csynth,,19,17,5696,11575,1824,2520,548160,274080,1.0417,0.6746,1.0391,4.2232,41948,306220.39999999997,,7.3,,,,,,,,
gemm_1006,gemm,vitis,csynth,,19,17,5525,11714,1824,2520,548160,274080,1.0417,0.6746,1.0079,4.2739,50140,366022.0,,7.3,,,,,,,,
gemm_1007,gemm,vitis,csynth,,19,17,4044,6276,1824,2520,548160,274080,1.0417,0.6746,0.7377,2.2898,24976,182324.8,,7.3,,,,,,,,
gemm_1008,gemm,vitis,csynth,,19,17,3873,6415,1824,2520,548160,274080,1.0417,0.6746,0.7065,2.3406,33168,242126.4,,7.3,,,,,,,,
gemm_1009,gemm,vitis,csynth,,19,24,4424,6749,1824,2520,548160,274080,1.0417,0.9524,0.8071,2.4624,26395,192683.5,,7.3,,,,,,,,
gemm_1010,gemm,vitis,csynth,,19,24,5239,7572,1824,2520,548160,274080,1.0417,0.9524,0.9557,2.7627,34020,248346.0,,7.3,,,,,,,,
gemm_1011,gemm,vitis,csynth,,19,24,3580,5780,1824,2520,548160,274080,1.0417,0.9524,0.6531,2.1089,17668,128976.4,,7.3,,,,,,,,
gemm_1012,gemm,vitis,csynth,,19,24,4461,6596,1824,2520,548160,274080,1.0417,0.9524,0.8138,2.4066,25362,185142.6,,7.3,,,,,,,,
gemm_1013,gemm,vitis,csynth,,19,24,4529,6859,1824,2520,548160,274080,1.0417,0.9524,0.8262,2.5026,26404,192749.19999999998,,7.3,,,,,,,,
gemm_1014,gemm,vitis,csynth,,19,24,5344,7642,1824,2520,548160,274080,1.0417,0.9524,0.9749,2.7882,34029,248411.69999999998,,7.3,,,,,,,,
gemm_1015,gemm,vitis,csynth,,19,24,3685,5845,1824,2520,548160,274080,1.0417,0.9524,0.6722,2.1326,17677,129042.09999999999,,7.3,,,,,,,,
gemm_1016,gemm,vitis,csynth,,19,24,4566,6728,1824,2520,548160,274080,1.0417,0.9524,0.833,2.4548,25371,185208.3,,7.3,,,,,,,,
gemm_1017,gemm,vitis,csynth,,82,136,5092,14700,1824,2520,548160,274080,4.4956,5.3968,0.9289,5.3634,83625,610462.5,,7.3,,,,,,,,
gemm_1018,gemm,vitis,csynth,,82,136,13021,22237,1824,2520,548160,274080,4.4956,5.3968,2.3754,8.1133,571697,4173388.1,,7.3,,,,,,,,
gemm_1019,gemm,vitis,csynth,,82,136,6649,12992,1824,2520,548160,274080,4.4956,5.3968,1.213,4.7402,145393,1061368.9,,7.3,,,,,,,,
gemm_1020,gemm,vitis,csynth,,82,136,6641,12975,1824,2520,548160,274080,4.4956,5.3968,1.2115,4.734,145393,1061368.9,,7.3,,,,,,,,
gemm_1021,gemm,vitis,csynth,,82,136,13042,22237,1824,2520,548160,274080,4.4956,5.3968,2.3792,8.1133,571697,4173388.1,,7.3,,,,,,,,
gemm_1022,gemm,vitis,csynth,,82,136,6407,13966,1824,2520,548160,274080,4.4956,5.3968,1.1688,5.0956,87217,636684.1,,7.3,,,,,,,,
gemm_1023,gemm,vitis,csynth,,82,136,5197,14776,1824,2520,548160,274080,4.4956,5.3968,0.9481,5.3911,83634,610528.2,,7.3,,,,,,,,
gemm_1024,gemm,vitis,csynth,,82,136,13126,22321,1824,2520,548160,274080,4.4956,5.3968,2.3946,8.144,571706,4173453.8,,7.3,,,,,,,,
gemm_1025,gemm,vitis,csynth,,82,136,6754,13068,1824,2520,548160,274080,4.4956,5.3968,1.2321,4.768,145402,1061434.5999999999,,7.3,,,,,,,,
gemm_1026,gemm,vitis,csynth,,82,136,6746,13051,1824,2520,548160,274080,4.4956,5.3968,1.2307,4.7617,145402,1061434.5999999999,,7.3,,,,,,,,
gemm_1027,gemm,vitis,csynth,,82,136,13147,22321,1824,2520,548160,274080,4.4956,5.3968,2.3984,8.144,571706,4173453.8,,7.3,,,,,,,,
gemm_1028,gemm,vitis,csynth,,82,136,6512,14042,1824,2520,548160,274080,4.4956,5.3968,1.188,5.1233,87226,636749.7999999999,,7.3,,,,,,,,
gemm_1029,gemm,vitis,csynth,,82,136,6652,14349,1824,2520,548160,274080,4.4956,5.3968,1.2135,5.2353,87294,637246.2,,7.3,,,,,,,,
gemm_1030,gemm,vitis,csynth,,82,136,14581,21897,1824,2520,548160,274080,4.4956,5.3968,2.66,7.9893,575366,4200171.8,,7.3,,,,,,,,
gemm_1031,gemm,vitis,csynth,,82,136,5573,14109,1824,2520,548160,274080,4.4956,5.3968,1.0167,5.1478,141878,1035709.4,,7.3,,,,,,,,
gemm_1032,gemm,vitis,csynth,,82,136,5565,14092,1824,2520,548160,274080,4.4956,5.3968,1.0152,5.1416,141878,1035709.4,,7.3,,,,,,,,
gemm_1033,gemm,vitis,csynth,,82,136,14666,21895,1824,2520,548160,274080,4.4956,5.3968,2.6755,7.9885,575366,4200171.8,,7.3,,,,,,,,
gemm_1034,gemm,vitis,csynth,,82,136,5331,15083,1824,2520,548160,274080,4.4956,5.3968,0.9725,5.5031,83702,611024.6,,7.3,,,,,,,,
gemm_1035,gemm,vitis,csynth,,82,136,6757,14415,1824,2520,548160,274080,4.4956,5.3968,1.2327,5.2594,87303,637311.9,,7.3,,,,,,,,
gemm_1036,gemm,vitis,csynth,,82,136,14686,21979,1824,2520,548160,274080,4.4956,5.3968,2.6791,8.0192,575375,4200237.5,,7.3,,,,,,,,
gemm_1037,gemm,vitis,csynth,,82,136,5678,14170,1824,2520,548160,274080,4.4956,5.3968,1.0358,5.17,141887,1035775.1,,7.3,,,,,,,,
gemm_1038,gemm,vitis,csynth,,82,136,5670,14153,1824,2520,548160,274080,4.4956,5.3968,1.0344,5.1638,141887,1035775.1,,7.3,,,,,,,,
gemm_1039,gemm,vitis,csynth,,82,136,14707,21979,1824,2520,548160,274080,4.4956,5.3968,2.683,8.0192,575375,4200237.5,,7.3,,,,,,,,
gemm_1040,gemm,vitis,csynth,,82,136,5436,15153,1824,2520,548160,274080,4.4956,5.3968,0.9917,5.5287,83711,611090.2999999999,,7.3,,,,,,,,
gemm_1041,gemm,vitis,csynth,,19,24,5088,11369,1824,2520,548160,274080,1.0417,0.9524,0.9282,4.1481,34575,252397.5,,7.3,,,,,,,,
gemm_1042,gemm,vitis,csynth,,19,24,3626,6164,1824,2520,548160,274080,1.0417,0.9524,0.6615,2.249,25934,189318.19999999998,,7.3,,,,,,,,
gemm_1043,gemm,vitis,csynth,,19,24,5841,12353,1824,2520,548160,274080,1.0417,0.9524,1.0656,4.5071,42269,308563.7,,7.3,,,,,,,,
gemm_1044,gemm,vitis,csynth,,19,24,4571,7015,1824,2520,548160,274080,1.0417,0.9524,0.8339,2.5595,33628,245484.4,,7.3,,,,,,,,
gemm_1045,gemm,vitis,csynth,,19,24,5191,11485,1824,2520,548160,274080,1.0417,0.9524,0.947,4.1904,34582,252448.6,,7.3,,,,,,,,
gemm_1046,gemm,vitis,csynth,,19,24,3727,6215,1824,2520,548160,274080,1.0417,0.9524,0.6799,2.2676,25939,189354.69999999998,,7.3,,,,,,,,
gemm_1047,gemm,vitis,csynth,,19,24,5946,12423,1824,2520,548160,274080,1.0417,0.9524,1.0847,4.5326,42278,308629.39999999997,,7.3,,,,,,,,
gemm_1048,gemm,vitis,csynth,,19,24,4676,7118,1824,2520,548160,274080,1.0417,0.9524,0.853,2.5971,33637,245550.1,,7.3,,,,,,,,
gemm_1049,gemm,vitis,csynth,,74,80,4850,10784,1824,2520,548160,274080,4.057,3.1746,0.8848,3.9346,26516,193566.8,,7.3,,,,,,,,
gemm_1050,gemm,vitis,csynth,,74,80,6365,15907,1824,2520,548160,274080,4.057,3.1746,1.1612,5.8038,35157,256646.1,,7.3,,,,,,,,
gemm_1051,gemm,vitis,csynth,,74,80,6026,10051,1824,2520,548160,274080,4.057,3.1746,1.0993,3.6672,34156,249338.8,,7.3,,,,,,,,
gemm_1052,gemm,vitis,csynth,,74,80,7541,15166,1824,2520,548160,274080,4.057,3.1746,1.3757,5.5334,42797,312418.1,,7.3,,,,,,,,
gemm_1053,gemm,vitis,csynth,,74,80,4955,10894,1824,2520,548160,274080,4.057,3.1746,0.9039,3.9748,26525,193632.5,,7.3,,,,,,,,
gemm_1054,gemm,vitis,csynth,,74,80,6470,15981,1824,2520,548160,274080,4.057,3.1746,1.1803,5.8308,35166,256711.8,,7.3,,,,,,,,
gemm_1055,gemm,vitis,csynth,,74,80,6131,10154,1824,2520,548160,274080,4.057,3.1746,1.1185,3.7048,34165,249404.5,,7.3,,,,,,,,
gemm_1056,gemm,vitis,csynth,,74,80,7646,15236,1824,2520,548160,274080,4.057,3.1746,1.3948,5.559,42806,312483.8,,7.3,,,,,,,,
gemm_1057,gemm,vitis,csynth,,76,73,5074,10815,1824,2520,548160,274080,4.1667,2.8968,0.9256,3.9459,27293,199238.9,,7.3,,,,,,,,
gemm_1058,gemm,vitis,csynth,,76,73,4374,9872,1824,2520,548160,274080,4.1667,2.8968,0.7979,3.6019,26388,192632.4,,7.3,,,,,,,,
gemm_1059,gemm,vitis,csynth,,76,73,6122,10178,1824,2520,548160,274080,4.1667,2.8968,1.1168,3.7135,34933,255010.9,,7.3,,,,,,,,
gemm_1060,gemm,vitis,csynth,,76,73,5550,9139,1824,2520,548160,274080,4.1667,2.8968,1.0125,3.3344,34028,248404.4,,7.3,,,,,,,,
gemm_1061,gemm,vitis,csynth,,76,73,5179,10889,1824,2520,548160,274080,4.1667,2.8968,0.9448,3.9729,27302,199304.6,,7.3,,,,,,,,
gemm_1062,gemm,vitis,csynth,,76,73,4479,9982,1824,2520,548160,274080,4.1667,2.8968,0.8171,3.642,26397,192698.1,,7.3,,,,,,,,
gemm_1063,gemm,vitis,csynth,,76,73,6227,10248,1824,2520,548160,274080,4.1667,2.8968,1.136,3.7391,34942,255076.6,,7.3,,,,,,,,
gemm_1064,gemm,vitis,csynth,,76,73,5655,9242,1824,2520,548160,274080,4.1667,2.8968,1.0316,3.372,34037,248470.1,,7.3,,,,,,,,
gemm_1065,gemm,vitis,csynth,,83,73,9974,18156,1824,2520,548160,274080,4.5504,2.8968,1.8195,6.6243,604457,4412536.1,,7.3,,,,,,,,
gemm_1066,gemm,vitis,csynth,,83,73,6245,11934,1824,2520,548160,274080,4.5504,2.8968,1.1393,4.3542,546465,3989194.5,,7.3,,,,,,,,
gemm_1067,gemm,vitis,csynth,,83,73,9247,17248,1824,2520,548160,274080,4.5504,2.8968,1.6869,6.2931,604080,4409784.0,,7.3,,,,,,,,
gemm_1068,gemm,vitis,csynth,,83,73,4525,10986,1824,2520,548160,274080,4.5504,2.8968,0.8255,4.0083,87614,639582.2,,7.3,,,,,,,,
gemm_1069,gemm,vitis,csynth,,83,73,6102,10147,1824,2520,548160,274080,4.5504,2.8968,1.1132,3.7022,575743,4202923.899999999,,7.3,,,,,,,,
gemm_1070,gemm,vitis,csynth,,83,73,4680,9911,1824,2520,548160,274080,4.5504,2.8968,0.8538,3.6161,145214,1060062.2,,7.3,,,,,,,,
gemm_1071,gemm,vitis,csynth,,83,73,10079,18240,1824,2520,548160,274080,4.5504,2.8968,1.8387,6.655,604466,4412601.8,,7.3,,,,,,,,
gemm_1072,gemm,vitis,csynth,,83,73,6350,12010,1824,2520,548160,274080,4.5504,2.8968,1.1584,4.3819,546474,3989260.1999999997,,7.3,,,,,,,,
gemm_1073,gemm,vitis,csynth,,83,73,9352,17333,1824,2520,548160,274080,4.5504,2.8968,1.7061,6.3241,604089,4409849.7,,7.3,,,,,,,,
gemm_1074,gemm,vitis,csynth,,83,73,4630,11085,1824,2520,548160,274080,4.5504,2.8968,0.8446,4.0444,87623,639647.9,,7.3,,,,,,,,
gemm_1075,gemm,vitis,csynth,,83,73,6207,10223,1824,2520,548160,274080,4.5504,2.8968,1.1323,3.7299,575752,4202989.6,,7.3,,,,,,,,
gemm_1076,gemm,vitis,csynth,,83,73,4785,10027,1824,2520,548160,274080,4.5504,2.8968,0.8729,3.6584,145223,1060127.9,,7.3,,,,,,,,
gemm_1077,gemm,vitis,csynth,,83,80,10399,18691,1824,2520,548160,274080,4.5504,3.1746,1.8971,6.8195,604486,4412747.8,,7.3,,,,,,,,
gemm_1078,gemm,vitis,csynth,,83,80,6670,12458,1824,2520,548160,274080,4.5504,3.1746,1.2168,4.5454,546494,3989406.1999999997,,7.3,,,,,,,,
gemm_1079,gemm,vitis,csynth,,83,80,9558,17763,1824,2520,548160,274080,4.5504,3.1746,1.7437,6.481,600517,4383774.1,,7.3,,,,,,,,
gemm_1080,gemm,vitis,csynth,,83,80,4836,11522,1824,2520,548160,274080,4.5504,3.1746,0.8822,4.2039,84051,613572.2999999999,,7.3,,,,,,,,
gemm_1081,gemm,vitis,csynth,,83,80,6527,10672,1824,2520,548160,274080,4.5504,3.1746,1.1907,3.8938,575772,4203135.6,,7.3,,,,,,,,
gemm_1082,gemm,vitis,csynth,,83,80,4991,10464,1824,2520,548160,274080,4.5504,3.1746,0.9105,3.8179,141651,1034052.2999999999,,7.3,,,,,,,,
gemm_1083,gemm,vitis,csynth,,83,80,10504,18773,1824,2520,548160,274080,4.5504,3.1746,1.9162,6.8495,604495,4412813.5,,7.3,,,,,,,,
gemm_1084,gemm,vitis,csynth,,83,80,6775,12524,1824,2520,548160,274080,4.5504,3.1746,1.236,4.5695,546503,3989471.9,,7.3,,,,,,,,
gemm_1085,gemm,vitis,csynth,,83,80,9663,17845,1824,2520,548160,274080,4.5504,3.1746,1.7628,6.5109,600526,4383839.8,,7.3,,,,,,,,
gemm_1086,gemm,vitis,csynth,,83,80,4941,11639,1824,2520,548160,274080,4.5504,3.1746,0.9014,4.2466,84060,613638.0,,7.3,,,,,,,,
gemm_1087,gemm,vitis,csynth,,83,80,6632,10733,1824,2520,548160,274080,4.5504,3.1746,1.2099,3.916,575781,4203201.3,,7.3,,,,,,,,
gemm_1088,gemm,vitis,csynth,,83,80,5096,10567,1824,2520,548160,274080,4.5504,3.1746,0.9297,3.8554,141660,1034118.0,,7.3,,,,,,,,
gemm_1089,gemm,vitis,csynth,,74,80,6090,16026,1824,2520,548160,274080,4.057,3.1746,1.111,5.8472,35437,258690.1,,7.3,,,,,,,,
gemm_1090,gemm,vitis,csynth,,74,80,7386,15125,1824,2520,548160,274080,4.057,3.1746,1.3474,5.5185,43077,314462.1,,7.3,,,,,,,,
gemm_1091,gemm,vitis,csynth,,74,80,4638,10763,1824,2520,548160,274080,4.057,3.1746,0.8461,3.927,26320,192136.0,,7.3,,,,,,,,
gemm_1092,gemm,vitis,csynth,,74,80,5934,10030,1824,2520,548160,274080,4.057,3.1746,1.0825,3.6595,33960,247908.0,,7.3,,,,,,,,
gemm_1093,gemm,vitis,csynth,,74,80,6195,16100,1824,2520,548160,274080,4.057,3.1746,1.1301,5.8742,35446,258755.8,,7.3,,,,,,,,
gemm_1094,gemm,vitis,csynth,,74,80,7491,15195,1824,2520,548160,274080,4.057,3.1746,1.3666,5.544,43086,314527.8,,7.3,,,,,,,,
gemm_1095,gemm,vitis,csynth,,74,80,4741,10879,1824,2520,548160,274080,4.057,3.1746,0.8649,3.9693,26327,192187.1,,7.3,,,,,,,,
gemm_1096,gemm,vitis,csynth,,74,80,6037,10138,1824,2520,548160,274080,4.057,3.1746,1.1013,3.6989,33967,247959.1,,7.3,,,,,,,,
gemm_1097,gemm,vitis,csynth,,19,24,6113,12405,1824,2520,548160,274080,1.0417,0.9524,1.1152,4.5261,42748,312060.39999999997,,7.3,,,,,,,,
gemm_1098,gemm,vitis,csynth,,19,24,5310,11458,1824,2520,548160,274080,1.0417,0.9524,0.9687,4.1805,34659,253010.69999999998,,7.3,,,,,,,,
gemm_1099,gemm,vitis,csynth,,19,24,4527,7128,1824,2520,548160,274080,1.0417,0.9524,0.8259,2.6007,25890,188997.0,,7.3,,,,,,,,
gemm_1100,gemm,vitis,csynth,,19,24,3660,6211,1824,2520,548160,274080,1.0417,0.9524,0.6677,2.2661,17801,129947.3,,7.3,,,,,,,,
gemm_1101,gemm,vitis,csynth,,19,24,6218,12475,1824,2520,548160,274080,1.0417,0.9524,1.1343,4.5516,42757,312126.1,,7.3,,,,,,,,
gemm_1102,gemm,vitis,csynth,,19,24,5415,11568,1824,2520,548160,274080,1.0417,0.9524,0.9879,4.2207,34668,253076.4,,7.3,,,,,,,,
gemm_1103,gemm,vitis,csynth,,19,24,4632,7260,1824,2520,548160,274080,1.0417,0.9524,0.845,2.6489,25899,189062.69999999998,,7.3,,,,,,,,
gemm_1104,gemm,vitis,csynth,,19,24,3763,6269,1824,2520,548160,274080,1.0417,0.9524,0.6865,2.2873,17808,129998.4,,7.3,,,,,,,,
gemm_1105,gemm,vitis,csynth,,130,136,5499,14922,1824,2520,548160,274080,7.1272,5.3968,1.0032,5.4444,20069,146503.69999999998,,7.3,,,,,,,,
gemm_1106,gemm,vitis,csynth,,130,136,6822,14035,1824,2520,548160,274080,7.1272,5.3968,1.2445,5.1208,26789,195559.69999999998,,7.3,,,,,,,,
gemm_1107,gemm,vitis,csynth,,130,136,6547,14285,1824,2520,548160,274080,7.1272,5.3968,1.1944,5.212,27709,202275.69999999998,,7.3,,,,,,,,
gemm_1108,gemm,vitis,csynth,,130,136,7998,13454,1824,2520,548160,274080,7.1272,5.3968,1.4591,4.9088,34429,251331.69999999998,,7.3,,,,,,,,
gemm_1109,gemm,vitis,csynth,,130,136,5604,14996,1824,2520,548160,274080,7.1272,5.3968,1.0223,5.4714,20078,146569.4,,7.3,,,,,,,,
gemm_1110,gemm,vitis,csynth,,130,136,6927,14105,1824,2520,548160,274080,7.1272,5.3968,1.2637,5.1463,26798,195625.4,,7.3,,,,,,,,
gemm_1111,gemm,vitis,csynth,,130,136,6652,14355,1824,2520,548160,274080,7.1272,5.3968,1.2135,5.2375,27718,202341.4,,7.3,,,,,,,,
gemm_1112,gemm,vitis,csynth,,130,136,8103,13520,1824,2520,548160,274080,7.1272,5.3968,1.4782,4.9329,34438,251397.4,,7.3,,,,,,,,
gemm_1113,gemm,vitis,csynth,,194,584,14716,41257,1824,2520,548160,274080,10.636,23.1746,2.6846,15.0529,141617,1033804.1,,7.3,,,,,,,,
gemm_1114,gemm,vitis,csynth,,194,584,23412,35452,1824,2520,548160,274080,10.636,23.1746,4.271,12.9349,571697,4173388.1,,7.3,,,,,,,,
gemm_1115,gemm,vitis,csynth,,194,584,16012,40517,1824,2520,548160,274080,10.636,23.1746,2.921,14.7829,145281,1060551.3,,7.3,,,,,,,,
gemm_1116,gemm,vitis,csynth,,194,584,16012,40517,1824,2520,548160,274080,10.636,23.1746,2.921,14.7829,145281,1060551.3,,7.3,,,,,,,,
gemm_1117,gemm,vitis,csynth,,194,584,23412,35452,1824,2520,548160,274080,10.636,23.1746,4.271,12.9349,571697,4173388.1,,7.3,,,,,,,,
gemm_1118,gemm,vitis,csynth,,194,584,16034,40524,1824,2520,548160,274080,10.636,23.1746,2.9251,14.7855,145209,1060025.7,,7.3,,,,,,,,
gemm_1119,gemm,vitis,csynth,,194,584,14821,41341,1824,2520,548160,274080,10.636,23.1746,2.7038,15.0836,141626,1033869.7999999999,,7.3,,,,,,,,
gemm_1120,gemm,vitis,csynth,,194,584,23517,35536,1824,2520,548160,274080,10.636,23.1746,4.2902,12.9656,571706,4173453.8,,7.3,,,,,,,,
gemm_1121,gemm,vitis,csynth,,194,584,16117,40601,1824,2520,548160,274080,10.636,23.1746,2.9402,14.8136,145290,1060617.0,,7.3,,,,,,,,
gemm_1122,gemm,vitis,csynth,,194,584,16117,40601,1824,2520,548160,274080,10.636,23.1746,2.9402,14.8136,145290,1060617.0,,7.3,,,,,,,,
gemm_1123,gemm,vitis,csynth,,194,584,23517,35536,1824,2520,548160,274080,10.636,23.1746,4.2902,12.9656,571706,4173453.8,,7.3,,,,,,,,
gemm_1124,gemm,vitis,csynth,,194,584,16139,40608,1824,2520,548160,274080,10.636,23.1746,2.9442,14.8161,145218,1060091.4,,7.3,,,,,,,,
gemm_1125,gemm,vitis,csynth,,194,584,16276,40917,1824,2520,548160,274080,10.636,23.1746,2.9692,14.9289,145286,1060587.8,,7.3,,,,,,,,
gemm_1126,gemm,vitis,csynth,,194,584,25036,35110,1824,2520,548160,274080,10.636,23.1746,4.5673,12.8101,575366,4200171.8,,7.3,,,,,,,,
gemm_1127,gemm,vitis,csynth,,194,584,14936,41642,1824,2520,548160,274080,10.636,23.1746,2.7248,15.1934,141766,1034891.7999999999,,7.3,,,,,,,,
gemm_1128,gemm,vitis,csynth,,194,584,14936,41642,1824,2520,548160,274080,10.636,23.1746,2.7248,15.1934,141766,1034891.7999999999,,7.3,,,,,,,,
gemm_1129,gemm,vitis,csynth,,194,584,25036,35110,1824,2520,548160,274080,10.636,23.1746,4.5673,12.8101,575366,4200171.8,,7.3,,,,,,,,
gemm_1130,gemm,vitis,csynth,,194,584,14958,41649,1824,2520,548160,274080,10.636,23.1746,2.7288,15.1959,141694,1034366.2,,7.3,,,,,,,,
gemm_1131,gemm,vitis,csynth,,194,584,16381,40999,1824,2520,548160,274080,10.636,23.1746,2.9884,14.9588,145295,1060653.5,,7.3,,,,,,,,
gemm_1132,gemm,vitis,csynth,,194,584,25077,35194,1824,2520,548160,274080,10.636,23.1746,4.5748,12.8408,575375,4200237.5,,7.3,,,,,,,,
gemm_1133,gemm,vitis,csynth,,194,584,15041,41725,1824,2520,548160,274080,10.636,23.1746,2.7439,15.2237,141775,1034957.5,,7.3,,,,,,,,
gemm_1134,gemm,vitis,csynth,,194,584,15041,41725,1824,2520,548160,274080,10.636,23.1746,2.7439,15.2237,141775,1034957.5,,7.3,,,,,,,,
gemm_1135,gemm,vitis,csynth,,194,584,25077,35194,1824,2520,548160,274080,10.636,23.1746,4.5748,12.8408,575375,4200237.5,,7.3,,,,,,,,
gemm_1136,gemm,vitis,csynth,,194,584,15063,41732,1824,2520,548160,274080,10.636,23.1746,2.7479,15.2262,141703,1034431.9,,7.3,,,,,,,,
gemm_1137,gemm,vitis,csynth,,130,136,5371,14922,1824,2520,548160,274080,7.1272,5.3968,0.9798,5.4444,20077,146562.1,,7.3,,,,,,,,
gemm_1138,gemm,vitis,csynth,,130,136,6667,14021,1824,2520,548160,274080,7.1272,5.3968,1.2163,5.1157,27717,202334.1,,7.3,,,,,,,,
gemm_1139,gemm,vitis,csynth,,130,136,6566,14299,1824,2520,548160,274080,7.1272,5.3968,1.1978,5.2171,26797,195618.1,,7.3,,,,,,,,
gemm_1140,gemm,vitis,csynth,,130,136,7990,13454,1824,2520,548160,274080,7.1272,5.3968,1.4576,4.9088,34437,251390.1,,7.3,,,,,,,,
gemm_1141,gemm,vitis,csynth,,130,136,5476,14996,1824,2520,548160,274080,7.1272,5.3968,0.999,5.4714,20086,146627.8,,7.3,,,,,,,,
gemm_1142,gemm,vitis,csynth,,130,136,6772,14091,1824,2520,548160,274080,7.1272,5.3968,1.2354,5.1412,27726,202399.8,,7.3,,,,,,,,
gemm_1143,gemm,vitis,csynth,,130,136,6671,14369,1824,2520,548160,274080,7.1272,5.3968,1.217,5.2426,26806,195683.8,,7.3,,,,,,,,
gemm_1144,gemm,vitis,csynth,,130,136,8095,13520,1824,2520,548160,274080,7.1272,5.3968,1.4768,4.9329,34446,251455.8,,7.3,,,,,,,,
gemm_1145,gemm,vitis,csynth,,130,136,6826,14206,1824,2520,548160,274080,7.1272,5.3968,1.2453,5.1832,27325,199472.5,,7.3,,,,,,,,
gemm_1146,gemm,vitis,csynth,,130,136,5650,14947,1824,2520,548160,274080,7.1272,5.3968,1.0307,5.4535,19685,143700.5,,7.3,,,,,,,,
gemm_1147,gemm,vitis,csynth,,130,136,8002,13465,1824,2520,548160,274080,7.1272,5.3968,1.4598,4.9128,34965,255244.5,,7.3,,,,,,,,
gemm_1148,gemm,vitis,csynth,,130,136,6826,14206,1824,2520,548160,274080,7.1272,5.3968,1.2453,5.1832,27325,199472.5,,7.3,,,,,,,,
gemm_1149,gemm,vitis,csynth,,130,136,6931,14276,1824,2520,548160,274080,7.1272,5.3968,1.2644,5.2087,27334,199538.19999999998,,7.3,,,,,,,,
gemm_1150,gemm,vitis,csynth,,130,136,5755,15021,1824,2520,548160,274080,7.1272,5.3968,1.0499,5.4805,19694,143766.19999999998,,7.3,,,,,,,,
gemm_1151,gemm,vitis,csynth,,130,136,8107,13531,1824,2520,548160,274080,7.1272,5.3968,1.4789,4.9369,34974,255310.19999999998,,7.3,,,,,,,,
gemm_1152,gemm,vitis,csynth,,130,136,6931,14276,1824,2520,548160,274080,7.1272,5.3968,1.2644,5.2087,27334,199538.19999999998,,7.3,,,,,,,,
gemm_1153,gemm,vitis,csynth,,30,3,2737,4231,1824,2520,548160,274080,1.6447,0.119,0.4993,1.5437,41282,301358.6,,7.3,,,,,,,,
gemm_1154,gemm,vitis,csynth,,30,3,2948,4381,1824,2520,548160,274080,1.6447,0.119,0.5378,1.5984,41282,301358.6,,7.3,,,,,,,,
gemm_1155,gemm,vitis,csynth,,30,3,2948,4378,1824,2520,548160,274080,1.6447,0.119,0.5378,1.5973,41282,301358.6,,7.3,,,,,,,,
gemm_1156,gemm,vitis,csynth,,30,3,3159,4528,1824,2520,548160,274080,1.6447,0.119,0.5763,1.6521,41282,301358.6,,7.3,,,,,,,,
gemm_1157,gemm,vitis,csynth,,30,3,2842,4295,1824,2520,548160,274080,1.6447,0.119,0.5185,1.5671,41291,301424.3,,7.3,,,,,,,,
gemm_1158,gemm,vitis,csynth,,30,3,3053,4445,1824,2520,548160,274080,1.6447,0.119,0.557,1.6218,41291,301424.3,,7.3,,,,,,,,
gemm_1159,gemm,vitis,csynth,,30,3,3053,4442,1824,2520,548160,274080,1.6447,0.119,0.557,1.6207,41291,301424.3,,7.3,,,,,,,,
gemm_1160,gemm,vitis,csynth,,30,3,3264,4592,1824,2520,548160,274080,1.6447,0.119,0.5954,1.6754,41291,301424.3,,7.3,,,,,,,,
gemm_1161,gemm,vitis,csynth,,36,3,2654,4309,1824,2520,548160,274080,1.9737,0.119,0.4842,1.5722,1089729,7955021.7,,7.3,,,,,,,,
gemm_1162,gemm,vitis,csynth,,36,3,2865,4459,1824,2520,548160,274080,1.9737,0.119,0.5227,1.6269,1089729,7955021.7,,7.3,,,,,,,,
gemm_1163,gemm,vitis,csynth,,36,3,2920,4368,1824,2520,548160,274080,1.9737,0.119,0.5327,1.5937,1090750,7962475.0,,7.3,,,,,,,,
gemm_1164,gemm,vitis,csynth,,36,3,2864,4451,1824,2520,548160,274080,1.9737,0.119,0.5225,1.624,1089729,7955021.7,,7.3,,,,,,,,
gemm_1165,gemm,vitis,csynth,,36,3,2864,4454,1824,2520,548160,274080,1.9737,0.119,0.5225,1.6251,1089729,7955021.7,,7.3,,,,,,,,
gemm_1166,gemm,vitis,csynth,,36,3,2864,4451,1824,2520,548160,274080,1.9737,0.119,0.5225,1.624,1089729,7955021.7,,7.3,,,,,,,,
gemm_1167,gemm,vitis,csynth,,36,3,2755,4365,1824,2520,548160,274080,1.9737,0.119,0.5026,1.5926,1089734,7955058.2,,7.3,,,,,,,,
gemm_1168,gemm,vitis,csynth,,36,3,2966,4515,1824,2520,548160,274080,1.9737,0.119,0.5411,1.6473,1089734,7955058.2,,7.3,,,,,,,,
gemm_1169,gemm,vitis,csynth,,36,3,3025,4434,1824,2520,548160,274080,1.9737,0.119,0.5518,1.6178,1090759,7962540.7,,7.3,,,,,,,,
gemm_1170,gemm,vitis,csynth,,36,3,2965,4507,1824,2520,548160,274080,1.9737,0.119,0.5409,1.6444,1089734,7955058.2,,7.3,,,,,,,,
gemm_1171,gemm,vitis,csynth,,36,3,2965,4510,1824,2520,548160,274080,1.9737,0.119,0.5409,1.6455,1089734,7955058.2,,7.3,,,,,,,,
gemm_1172,gemm,vitis,csynth,,36,3,2965,4507,1824,2520,548160,274080,1.9737,0.119,0.5409,1.6444,1089734,7955058.2,,7.3,,,,,,,,
gemm_1173,gemm,vitis,csynth,,37,3,2979,4627,1824,2520,548160,274080,2.0285,0.119,0.5435,1.6882,1089673,7954612.899999999,,7.3,,,,,,,,
gemm_1174,gemm,vitis,csynth,,37,3,3190,4777,1824,2520,548160,274080,2.0285,0.119,0.5819,1.7429,1089673,7954612.899999999,,7.3,,,,,,,,
gemm_1175,gemm,vitis,csynth,,37,3,2825,4389,1824,2520,548160,274080,2.0285,0.119,0.5154,1.6014,1090763,7962569.899999999,,7.3,,,,,,,,
gemm_1176,gemm,vitis,csynth,,37,3,2767,4471,1824,2520,548160,274080,2.0285,0.119,0.5048,1.6313,1089673,7954612.899999999,,7.3,,,,,,,,
gemm_1177,gemm,vitis,csynth,,37,3,3189,4772,1824,2520,548160,274080,2.0285,0.119,0.5818,1.7411,1089673,7954612.899999999,,7.3,,,,,,,,
gemm_1178,gemm,vitis,csynth,,37,3,2767,4471,1824,2520,548160,274080,2.0285,0.119,0.5048,1.6313,1089673,7954612.899999999,,7.3,,,,,,,,
gemm_1179,gemm,vitis,csynth,,37,3,3082,4684,1824,2520,548160,274080,2.0285,0.119,0.5622,1.709,1089680,7954664.0,,7.3,,,,,,,,
gemm_1180,gemm,vitis,csynth,,37,3,3293,4834,1824,2520,548160,274080,2.0285,0.119,0.6007,1.7637,1089680,7954664.0,,7.3,,,,,,,,
gemm_1181,gemm,vitis,csynth,,37,3,2930,4453,1824,2520,548160,274080,2.0285,0.119,0.5345,1.6247,1090772,7962635.6,,7.3,,,,,,,,
gemm_1182,gemm,vitis,csynth,,37,3,2870,4528,1824,2520,548160,274080,2.0285,0.119,0.5236,1.6521,1089680,7954664.0,,7.3,,,,,,,,
gemm_1183,gemm,vitis,csynth,,37,3,3292,4829,1824,2520,548160,274080,2.0285,0.119,0.6006,1.7619,1089680,7954664.0,,7.3,,,,,,,,
gemm_1184,gemm,vitis,csynth,,37,3,2870,4528,1824,2520,548160,274080,2.0285,0.119,0.5236,1.6521,1089680,7954664.0,,7.3,,,,,,,,
gemm_1185,gemm,vitis,csynth,,19,1,1692,2786,1824,2520,548160,274080,1.0417,0.0397,0.3087,1.0165,41273,301292.89999999997,,7.3,,,,,,,,
gemm_1186,gemm,vitis,csynth,,19,1,1692,2786,1824,2520,548160,274080,1.0417,0.0397,0.3087,1.0165,41273,301292.89999999997,,7.3,,,,,,,,
gemm_1187,gemm,vitis,csynth,,19,1,1903,2936,1824,2520,548160,274080,1.0417,0.0397,0.3472,1.0712,41273,301292.89999999997,,7.3,,,,,,,,
gemm_1188,gemm,vitis,csynth,,19,1,1903,2936,1824,2520,548160,274080,1.0417,0.0397,0.3472,1.0712,41273,301292.89999999997,,7.3,,,,,,,,
gemm_1189,gemm,vitis,csynth,,19,1,1692,2786,1824,2520,548160,274080,1.0417,0.0397,0.3087,1.0165,41273,301292.89999999997,,7.3,,,,,,,,
gemm_1190,gemm,vitis,csynth,,19,1,1692,2786,1824,2520,548160,274080,1.0417,0.0397,0.3087,1.0165,41273,301292.89999999997,,7.3,,,,,,,,
gemm_1191,gemm,vitis,csynth,,19,1,1903,2936,1824,2520,548160,274080,1.0417,0.0397,0.3472,1.0712,41273,301292.89999999997,,7.3,,,,,,,,
gemm_1192,gemm,vitis,csynth,,19,1,1903,2936,1824,2520,548160,274080,1.0417,0.0397,0.3472,1.0712,41273,301292.89999999997,,7.3,,,,,,,,
gemm_1193,gemm,vitis,csynth,,30,3,2950,4386,1824,2520,548160,274080,1.6447,0.119,0.5382,1.6003,41415,302329.5,,7.3,,,,,,,,
gemm_1194,gemm,vitis,csynth,,30,3,2739,4236,1824,2520,548160,274080,1.6447,0.119,0.4997,1.5455,41415,302329.5,,7.3,,,,,,,,
gemm_1195,gemm,vitis,csynth,,30,3,3161,4533,1824,2520,548160,274080,1.6447,0.119,0.5767,1.6539,41415,302329.5,,7.3,,,,,,,,
gemm_1196,gemm,vitis,csynth,,30,3,2950,4383,1824,2520,548160,274080,1.6447,0.119,0.5382,1.5992,41415,302329.5,,7.3,,,,,,,,
gemm_1197,gemm,vitis,csynth,,30,3,3053,4443,1824,2520,548160,274080,1.6447,0.119,0.557,1.6211,41422,302380.6,,7.3,,,,,,,,
gemm_1198,gemm,vitis,csynth,,30,3,2842,4293,1824,2520,548160,274080,1.6447,0.119,0.5185,1.5663,41422,302380.6,,7.3,,,,,,,,
gemm_1199,gemm,vitis,csynth,,30,3,3264,4590,1824,2520,548160,274080,1.6447,0.119,0.5954,1.6747,41422,302380.6,,7.3,,,,,,,,
gemm_1200,gemm,vitis,csynth,,30,3,3053,4440,1824,2520,548160,274080,1.6447,0.119,0.557,1.62,41422,302380.6,,7.3,,,,,,,,
gemm_1201,gemm,vitis,csynth,,28,17,3279,5259,1824,2520,548160,274080,1.5351,0.6746,0.5982,1.9188,26946,196705.8,,7.3,,,,,,,,
gemm_1202,gemm,vitis,csynth,,28,17,4150,6072,1824,2520,548160,274080,1.5351,0.6746,0.7571,2.2154,42336,309052.8,,7.3,,,,,,,,
gemm_1203,gemm,vitis,csynth,,28,17,3490,5406,1824,2520,548160,274080,1.5351,0.6746,0.6367,1.9724,26946,196705.8,,7.3,,,,,,,,
gemm_1204,gemm,vitis,csynth,,28,17,4361,6219,1824,2520,548160,274080,1.5351,0.6746,0.7956,2.269,42336,309052.8,,7.3,,,,,,,,
gemm_1205,gemm,vitis,csynth,,28,17,3384,5323,1824,2520,548160,274080,1.5351,0.6746,0.6173,1.9421,26955,196771.5,,7.3,,,,,,,,
gemm_1206,gemm,vitis,csynth,,28,17,4255,6203,1824,2520,548160,274080,1.5351,0.6746,0.7762,2.2632,42345,309118.5,,7.3,,,,,,,,
gemm_1207,gemm,vitis,csynth,,28,17,3595,5470,1824,2520,548160,274080,1.5351,0.6746,0.6558,1.9958,26955,196771.5,,7.3,,,,,,,,
gemm_1208,gemm,vitis,csynth,,28,17,4466,6350,1824,2520,548160,274080,1.5351,0.6746,0.8147,2.3168,42345,309118.5,,7.3,,,,,,,,
gemm_1209,gemm,vitis,csynth,,34,24,3318,5879,1824,2520,548160,274080,1.864,0.9524,0.6053,2.145,157889,1152589.7,,7.3,,,,,,,,
gemm_1210,gemm,vitis,csynth,,34,24,4339,6763,1824,2520,548160,274080,1.864,0.9524,0.7916,2.4675,1134926,8284959.8,,7.3,,,,,,,,
gemm_1211,gemm,vitis,csynth,,34,24,4201,7497,1824,2520,548160,274080,1.864,0.9524,0.7664,2.7353,165978,1211639.4,,7.3,,,,,,,,
gemm_1212,gemm,vitis,csynth,,34,24,4829,8303,1824,2520,548160,274080,1.864,0.9524,0.8809,3.0294,1200617,8764504.1,,7.3,,,,,,,,
gemm_1213,gemm,vitis,csynth,,34,24,5485,8861,1824,2520,548160,274080,1.864,0.9524,1.0006,3.233,1076432,7857953.6,,7.3,,,,,,,,
gemm_1214,gemm,vitis,csynth,,34,24,4617,9366,1824,2520,548160,274080,1.864,0.9524,0.8423,3.4173,1084521,7917003.3,,7.3,,,,,,,,
gemm_1215,gemm,vitis,csynth,,34,24,3419,5935,1824,2520,548160,274080,1.864,0.9524,0.6237,2.1654,157894,1152626.2,,7.3,,,,,,,,
gemm_1216,gemm,vitis,csynth,,34,24,4444,6887,1824,2520,548160,274080,1.864,0.9524,0.8107,2.5128,1134935,8285025.5,,7.3,,,,,,,,
gemm_1217,gemm,vitis,csynth,,34,24,4304,7573,1824,2520,548160,274080,1.864,0.9524,0.7852,2.7631,165985,1211690.5,,7.3,,,,,,,,
gemm_1218,gemm,vitis,csynth,,34,24,4934,8379,1824,2520,548160,274080,1.864,0.9524,0.9001,3.0571,1200626,8764569.799999999,,7.3,,,,,,,,
gemm_1219,gemm,vitis,csynth,,34,24,5590,8977,1824,2520,548160,274080,1.864,0.9524,1.0198,3.2753,1076441,7858019.3,,7.3,,,,,,,,
gemm_1220,gemm,vitis,csynth,,34,24,4722,9442,1824,2520,548160,274080,1.864,0.9524,0.8614,3.445,1084530,7917069.0,,7.3,,,,,,,,
gemm_1221,gemm,vitis,csynth,,36,17,3214,5467,1824,2520,548160,274080,1.9737,0.6746,0.5863,1.9947,165001,1204507.3,,7.3,,,,,,,,
gemm_1222,gemm,vitis,csynth,,36,17,4237,6419,1824,2520,548160,274080,1.9737,0.6746,0.7729,2.342,1142219,8338198.7,,7.3,,,,,,,,
gemm_1223,gemm,vitis,csynth,,36,17,3973,6250,1824,2520,548160,274080,1.9737,0.6746,0.7248,2.2804,165906,1211113.8,,7.3,,,,,,,,
gemm_1224,gemm,vitis,csynth,,36,17,4603,7054,1824,2520,548160,274080,1.9737,0.6746,0.8397,2.5737,1200726,8765299.799999999,,7.3,,,,,,,,
gemm_1225,gemm,vitis,csynth,,36,17,5383,8509,1824,2520,548160,274080,1.9737,0.6746,0.982,3.1046,1083725,7911192.5,,7.3,,,,,,,,
gemm_1226,gemm,vitis,csynth,,36,17,4391,8117,1824,2520,548160,274080,1.9737,0.6746,0.801,2.9615,1084630,7917799.0,,7.3,,,,,,,,
gemm_1227,gemm,vitis,csynth,,36,17,3317,5524,1824,2520,548160,274080,1.9737,0.6746,0.6051,2.0155,165008,1204558.4,,7.3,,,,,,,,
gemm_1228,gemm,vitis,csynth,,36,17,4342,6513,1824,2520,548160,274080,1.9737,0.6746,0.7921,2.3763,1142228,8338264.399999999,,7.3,,,,,,,,
gemm_1229,gemm,vitis,csynth,,36,17,4078,6388,1824,2520,548160,274080,1.9737,0.6746,0.7439,2.3307,165915,1211179.5,,7.3,,,,,,,,
gemm_1230,gemm,vitis,csynth,,36,17,4708,7114,1824,2520,548160,274080,1.9737,0.6746,0.8589,2.5956,1200735,8765365.5,,7.3,,,,,,,,
gemm_1231,gemm,vitis,csynth,,36,17,5488,8611,1824,2520,548160,274080,1.9737,0.6746,1.0012,3.1418,1083734,7911258.2,,7.3,,,,,,,,
gemm_1232,gemm,vitis,csynth,,36,17,4496,8186,1824,2520,548160,274080,1.9737,0.6746,0.8202,2.9867,1084639,7917864.7,,7.3,,,,,,,,
gemm_1233,gemm,vitis,csynth,,18,8,1946,3420,1824,2520,548160,274080,0.9868,0.3175,0.355,1.2478,26873,196172.9,,7.3,,,,,,,,
gemm_1234,gemm,vitis,csynth,,18,8,1946,3420,1824,2520,548160,274080,0.9868,0.3175,0.355,1.2478,26873,196172.9,,7.3,,,,,,,,
gemm_1235,gemm,vitis,csynth,,18,8,2816,4228,1824,2520,548160,274080,0.9868,0.3175,0.5137,1.5426,42131,307556.3,,7.3,,,,,,,,
gemm_1236,gemm,vitis,csynth,,18,8,2816,4228,1824,2520,548160,274080,0.9868,0.3175,0.5137,1.5426,42131,307556.3,,7.3,,,,,,,,
gemm_1237,gemm,vitis,csynth,,18,8,1946,3420,1824,2520,548160,274080,0.9868,0.3175,0.355,1.2478,26873,196172.9,,7.3,,,,,,,,
gemm_1238,gemm,vitis,csynth,,18,8,1946,3420,1824,2520,548160,274080,0.9868,0.3175,0.355,1.2478,26873,196172.9,,7.3,,,,,,,,
gemm_1239,gemm,vitis,csynth,,18,8,2816,4228,1824,2520,548160,274080,0.9868,0.3175,0.5137,1.5426,42131,307556.3,,7.3,,,,,,,,
gemm_1240,gemm,vitis,csynth,,18,8,2816,4228,1824,2520,548160,274080,0.9868,0.3175,0.5137,1.5426,42131,307556.3,,7.3,,,,,,,,
gemm_1241,gemm,vitis,csynth,,28,17,3324,5558,1824,2520,548160,274080,1.5351,0.6746,0.6064,2.0279,41415,302329.5,,7.3,,,,,,,,
gemm_1242,gemm,vitis,csynth,,28,17,4096,6357,1824,2520,548160,274080,1.5351,0.6746,0.7472,2.3194,42320,308936.0,,7.3,,,,,,,,
gemm_1243,gemm,vitis,csynth,,28,17,4255,6399,1824,2520,548160,274080,1.5351,0.6746,0.7762,2.3347,50604,369409.2,,7.3,,,,,,,,
gemm_1244,gemm,vitis,csynth,,28,17,4963,7227,1824,2520,548160,274080,1.5351,0.6746,0.9054,2.6368,51509,376015.7,,7.3,,,,,,,,
gemm_1245,gemm,vitis,csynth,,28,17,3427,5615,1824,2520,548160,274080,1.5351,0.6746,0.6252,2.0487,41422,302380.6,,7.3,,,,,,,,
gemm_1246,gemm,vitis,csynth,,28,17,4201,6495,1824,2520,548160,274080,1.5351,0.6746,0.7664,2.3697,42329,309001.7,,7.3,,,,,,,,
gemm_1247,gemm,vitis,csynth,,28,17,4360,6501,1824,2520,548160,274080,1.5351,0.6746,0.7954,2.3719,50613,369474.89999999997,,7.3,,,,,,,,
gemm_1248,gemm,vitis,csynth,,28,17,5068,7296,1824,2520,548160,274080,1.5351,0.6746,0.9245,2.662,51518,376081.39999999997,,7.3,,,,,,,,
gemm_1249,gemm,vitis,csynth,,29,17,3971,6169,1824,2520,548160,274080,1.5899,0.6746,0.7244,2.2508,42320,308936.0,,7.3,,,,,,,,
gemm_1250,gemm,vitis,csynth,,29,17,3193,5255,1824,2520,548160,274080,1.5899,0.6746,0.5825,1.9173,41282,301358.6,,7.3,,,,,,,,
gemm_1251,gemm,vitis,csynth,,29,17,4710,7159,1824,2520,548160,274080,1.5899,0.6746,0.8592,2.612,51509,376015.7,,7.3,,,,,,,,
gemm_1252,gemm,vitis,csynth,,29,17,4126,6101,1824,2520,548160,274080,1.5899,0.6746,0.7527,2.226,50604,369409.2,,7.3,,,,,,,,
gemm_1253,gemm,vitis,csynth,,29,17,4076,6307,1824,2520,548160,274080,1.5899,0.6746,0.7436,2.3012,42329,309001.7,,7.3,,,,,,,,
gemm_1254,gemm,vitis,csynth,,29,17,3298,5319,1824,2520,548160,274080,1.5899,0.6746,0.6016,1.9407,41291,301424.3,,7.3,,,,,,,,
gemm_1255,gemm,vitis,csynth,,29,17,4815,7228,1824,2520,548160,274080,1.5899,0.6746,0.8784,2.6372,51518,376081.39999999997,,7.3,,,,,,,,
gemm_1256,gemm,vitis,csynth,,29,17,4231,6203,1824,2520,548160,274080,1.5899,0.6746,0.7719,2.2632,50613,369474.89999999997,,7.3,,,,,,,,
gemm_1257,gemm,vitis,csynth,,36,10,3496,5596,1824,2520,548160,274080,1.9737,0.3968,0.6378,2.0417,1148350,8382955.0,,7.3,,,,,,,,
gemm_1258,gemm,vitis,csynth,,36,10,2883,4851,1824,2520,548160,274080,1.9737,0.3968,0.5259,1.7699,1089729,7955021.7,,7.3,,,,,,,,
gemm_1259,gemm,vitis,csynth,,36,10,3565,6643,1824,2520,548160,274080,1.9737,0.3968,0.6504,2.4237,1090750,7962475.0,,7.3,,,,,,,,
gemm_1260,gemm,vitis,csynth,,36,10,3565,6634,1824,2520,548160,274080,1.9737,0.3968,0.6504,2.4205,1090750,7962475.0,,7.3,,,,,,,,
gemm_1261,gemm,vitis,csynth,,36,10,2882,4846,1824,2520,548160,274080,1.9737,0.3968,0.5258,1.7681,1089729,7955021.7,,7.3,,,,,,,,
gemm_1262,gemm,vitis,csynth,,36,10,3669,5442,1824,2520,548160,274080,1.9737,0.3968,0.6693,1.9856,1206846,8809975.799999999,,7.3,,,,,,,,
gemm_1263,gemm,vitis,csynth,,36,10,3601,5712,1824,2520,548160,274080,1.9737,0.3968,0.6569,2.0841,1148359,8383020.7,,7.3,,,,,,,,
gemm_1264,gemm,vitis,csynth,,36,10,2984,4907,1824,2520,548160,274080,1.9737,0.3968,0.5444,1.7904,1089734,7955058.2,,7.3,,,,,,,,
gemm_1265,gemm,vitis,csynth,,36,10,3670,6742,1824,2520,548160,274080,1.9737,0.3968,0.6695,2.4599,1090759,7962540.7,,7.3,,,,,,,,
gemm_1266,gemm,vitis,csynth,,36,10,3670,6733,1824,2520,548160,274080,1.9737,0.3968,0.6695,2.4566,1090759,7962540.7,,7.3,,,,,,,,
gemm_1267,gemm,vitis,csynth,,36,10,2983,4902,1824,2520,548160,274080,1.9737,0.3968,0.5442,1.7885,1089734,7955058.2,,7.3,,,,,,,,
gemm_1268,gemm,vitis,csynth,,36,10,3774,5558,1824,2520,548160,274080,1.9737,0.3968,0.6885,2.0279,1206855,8810041.5,,7.3,,,,,,,,
gemm_1269,gemm,vitis,csynth,,37,10,3823,5974,1824,2520,548160,274080,2.0285,0.3968,0.6974,2.1797,1148363,8383049.899999999,,7.3,,,,,,,,
gemm_1270,gemm,vitis,csynth,,37,10,3208,5169,1824,2520,548160,274080,2.0285,0.3968,0.5852,1.8859,1089673,7954612.899999999,,7.3,,,,,,,,
gemm_1271,gemm,vitis,csynth,,37,10,3470,6706,1824,2520,548160,274080,2.0285,0.3968,0.633,2.4467,1090763,7962569.899999999,,7.3,,,,,,,,
gemm_1272,gemm,vitis,csynth,,37,10,3470,6697,1824,2520,548160,274080,2.0285,0.3968,0.633,2.4434,1090763,7962569.899999999,,7.3,,,,,,,,
gemm_1273,gemm,vitis,csynth,,37,10,3207,5164,1824,2520,548160,274080,2.0285,0.3968,0.585,1.8841,1089673,7954612.899999999,,7.3,,,,,,,,
gemm_1274,gemm,vitis,csynth,,37,10,3574,5522,1824,2520,548160,274080,2.0285,0.3968,0.652,2.0147,1206859,8810070.7,,7.3,,,,,,,,
gemm_1275,gemm,vitis,csynth,,37,10,3928,6076,1824,2520,548160,274080,2.0285,0.3968,0.7166,2.2169,1148372,8383115.6,,7.3,,,,,,,,
gemm_1276,gemm,vitis,csynth,,37,10,3311,5226,1824,2520,548160,274080,2.0285,0.3968,0.604,1.9067,1089680,7954664.0,,7.3,,,,,,,,
gemm_1277,gemm,vitis,csynth,,37,10,3575,6822,1824,2520,548160,274080,2.0285,0.3968,0.6522,2.4891,1090772,7962635.6,,7.3,,,,,,,,
gemm_1278,gemm,vitis,csynth,,37,10,3575,6813,1824,2520,548160,274080,2.0285,0.3968,0.6522,2.4858,1090772,7962635.6,,7.3,,,,,,,,
gemm_1279,gemm,vitis,csynth,,37,10,3310,5221,1824,2520,548160,274080,2.0285,0.3968,0.6038,1.9049,1089680,7954664.0,,7.3,,,,,,,,
gemm_1280,gemm,vitis,csynth,,37,10,3679,5624,1824,2520,548160,274080,2.0285,0.3968,0.6712,2.052,1206868,8810136.4,,7.3,,,,,,,,
gemm_1281,gemm,vitis,csynth,,28,17,4151,6543,1824,2520,548160,274080,1.5351,0.6746,0.7573,2.3873,43307,316141.1,,7.3,,,,,,,,
gemm_1282,gemm,vitis,csynth,,28,17,4958,7351,1824,2520,548160,274080,1.5351,0.6746,0.9045,2.6821,51396,375190.8,,7.3,,,,,,,,
gemm_1283,gemm,vitis,csynth,,28,17,3309,5581,1824,2520,548160,274080,1.5351,0.6746,0.6037,2.0363,42382,309388.6,,7.3,,,,,,,,
gemm_1284,gemm,vitis,csynth,,28,17,4180,6394,1824,2520,548160,274080,1.5351,0.6746,0.7626,2.3329,50471,368438.3,,7.3,,,,,,,,
gemm_1285,gemm,vitis,csynth,,28,17,4256,6652,1824,2520,548160,274080,1.5351,0.6746,0.7764,2.427,43316,316206.8,,7.3,,,,,,,,
gemm_1286,gemm,vitis,csynth,,28,17,5063,7420,1824,2520,548160,274080,1.5351,0.6746,0.9236,2.7072,51405,375256.5,,7.3,,,,,,,,
gemm_1287,gemm,vitis,csynth,,28,17,3410,5631,1824,2520,548160,274080,1.5351,0.6746,0.6221,2.0545,42387,309425.1,,7.3,,,,,,,,
gemm_1288,gemm,vitis,csynth,,28,17,4283,6501,1824,2520,548160,274080,1.5351,0.6746,0.7813,2.3719,50478,368489.39999999997,,7.3,,,,,,,,
gemm_1289,gemm,vitis,csynth,,29,10,3869,5969,1824,2520,548160,274080,1.5899,0.3968,0.7058,2.1778,42336,309052.8,,7.3,,,,,,,,
gemm_1290,gemm,vitis,csynth,,29,10,2996,5033,1824,2520,548160,274080,1.5899,0.3968,0.5466,1.8363,27079,197676.69999999998,,7.3,,,,,,,,
gemm_1291,gemm,vitis,csynth,,29,10,4080,6116,1824,2520,548160,274080,1.5899,0.3968,0.7443,2.2315,42336,309052.8,,7.3,,,,,,,,
gemm_1292,gemm,vitis,csynth,,29,10,3207,5180,1824,2520,548160,274080,1.5899,0.3968,0.585,1.89,27079,197676.69999999998,,7.3,,,,,,,,
gemm_1293,gemm,vitis,csynth,,29,10,3974,6100,1824,2520,548160,274080,1.5899,0.3968,0.725,2.2256,42345,309118.5,,7.3,,,,,,,,
gemm_1294,gemm,vitis,csynth,,29,10,3099,5090,1824,2520,548160,274080,1.5899,0.3968,0.5653,1.8571,27086,197727.8,,7.3,,,,,,,,
gemm_1295,gemm,vitis,csynth,,29,10,4185,6247,1824,2520,548160,274080,1.5899,0.3968,0.7635,2.2793,42345,309118.5,,7.3,,,,,,,,
gemm_1296,gemm,vitis,csynth,,29,10,3310,5237,1824,2520,548160,274080,1.5899,0.3968,0.6038,1.9108,27086,197727.8,,7.3,,,,,,,,
gemm_1297,gemm,vitis,csynth,,75,80,4533,10289,1824,2520,548160,274080,4.1118,3.1746,0.8269,3.754,27921,203823.3,,7.3,,,,,,,,
gemm_1298,gemm,vitis,csynth,,75,80,5714,9562,1824,2520,548160,274080,4.1118,3.1746,1.0424,3.4888,42273,308592.89999999997,,7.3,,,,,,,,
gemm_1299,gemm,vitis,csynth,,75,80,5272,11279,1824,2520,548160,274080,4.1118,3.1746,0.9618,4.1152,37061,270545.3,,7.3,,,,,,,,
gemm_1300,gemm,vitis,csynth,,75,80,6581,10441,1824,2520,548160,274080,4.1118,3.1746,1.2006,3.8095,51413,375314.89999999997,,7.3,,,,,,,,
gemm_1301,gemm,vitis,csynth,,75,80,4638,10427,1824,2520,548160,274080,4.1118,3.1746,0.8461,3.8044,27930,203889.0,,7.3,,,,,,,,
gemm_1302,gemm,vitis,csynth,,75,80,5819,9693,1824,2520,548160,274080,4.1118,3.1746,1.0616,3.5366,42282,308658.6,,7.3,,,,,,,,
gemm_1303,gemm,vitis,csynth,,75,80,5377,11348,1824,2520,548160,274080,4.1118,3.1746,0.9809,4.1404,37070,270611.0,,7.3,,,,,,,,
gemm_1304,gemm,vitis,csynth,,75,80,6686,10506,1824,2520,548160,274080,4.1118,3.1746,1.2197,3.8332,51422,375380.6,,7.3,,,,,,,,
gemm_1305,gemm,vitis,csynth,,82,80,5050,10346,1824,2520,548160,274080,4.4956,3.1746,0.9213,3.7748,216398,1579705.4,,7.3,,,,,,,,
gemm_1306,gemm,vitis,csynth,,82,80,5643,9626,1824,2520,548160,274080,4.4956,3.1746,1.0294,3.5121,1134926,8284959.8,,7.3,,,,,,,,
gemm_1307,gemm,vitis,csynth,,82,80,5726,12901,1824,2520,548160,274080,4.4956,3.1746,1.0446,4.707,166887,1218275.0999999999,,7.3,,,,,,,,
gemm_1308,gemm,vitis,csynth,,82,80,10296,17124,1824,2520,548160,274080,4.4956,3.1746,1.8783,6.2478,1200505,8763686.5,,7.3,,,,,,,,
gemm_1309,gemm,vitis,csynth,,82,80,5787,11036,1824,2520,548160,274080,4.4956,3.1746,1.0557,4.0266,1076432,7857953.6,,7.3,,,,,,,,
gemm_1310,gemm,vitis,csynth,,82,80,10296,17124,1824,2520,548160,274080,4.4956,3.1746,1.8783,6.2478,1200505,8763686.5,,7.3,,,,,,,,
gemm_1311,gemm,vitis,csynth,,82,80,5155,10462,1824,2520,548160,274080,4.4956,3.1746,0.9404,3.8171,216407,1579771.0999999999,,7.3,,,,,,,,
gemm_1312,gemm,vitis,csynth,,82,80,5748,9750,1824,2520,548160,274080,4.4956,3.1746,1.0486,3.5574,1134935,8285025.5,,7.3,,,,,,,,
gemm_1313,gemm,vitis,csynth,,82,80,5831,12984,1824,2520,548160,274080,4.4956,3.1746,1.0637,4.7373,166896,1218340.8,,7.3,,,,,,,,
gemm_1314,gemm,vitis,csynth,,82,80,10401,17208,1824,2520,548160,274080,4.4956,3.1746,1.8974,6.2785,1200514,8763752.2,,7.3,,,,,,,,
gemm_1315,gemm,vitis,csynth,,82,80,5892,11152,1824,2520,548160,274080,4.4956,3.1746,1.0749,4.0689,1076441,7858019.3,,7.3,,,,,,,,
gemm_1316,gemm,vitis,csynth,,82,80,10401,17208,1824,2520,548160,274080,4.4956,3.1746,1.8974,6.2785,1200514,8763752.2,,7.3,,,,,,,,
gemm_1317,gemm,vitis,csynth,,84,73,4948,9994,1824,2520,548160,274080,4.6053,2.8968,0.9027,3.6464,223691,1632944.3,,7.3,,,,,,,,
gemm_1318,gemm,vitis,csynth,,84,73,5541,9282,1824,2520,548160,274080,4.6053,2.8968,1.0108,3.3866,1142219,8338198.7,,7.3,,,,,,,,
gemm_1319,gemm,vitis,csynth,,84,73,5500,11659,1824,2520,548160,274080,4.6053,2.8968,1.0034,4.2539,166996,1219070.8,,7.3,,,,,,,,
gemm_1320,gemm,vitis,csynth,,84,73,10070,15883,1824,2520,548160,274080,4.6053,2.8968,1.8371,5.795,1200614,8764482.2,,7.3,,,,,,,,
gemm_1321,gemm,vitis,csynth,,84,73,5685,10684,1824,2520,548160,274080,4.6053,2.8968,1.0371,3.8981,1083725,7911192.5,,7.3,,,,,,,,
gemm_1322,gemm,vitis,csynth,,84,73,10070,15883,1824,2520,548160,274080,4.6053,2.8968,1.8371,5.795,1200614,8764482.2,,7.3,,,,,,,,
gemm_1323,gemm,vitis,csynth,,84,73,5053,10096,1824,2520,548160,274080,4.6053,2.8968,0.9218,3.6836,223700,1633010.0,,7.3,,,,,,,,
gemm_1324,gemm,vitis,csynth,,84,73,5646,9376,1824,2520,548160,274080,4.6053,2.8968,1.03,3.4209,1142228,8338264.399999999,,7.3,,,,,,,,
gemm_1325,gemm,vitis,csynth,,84,73,5605,11732,1824,2520,548160,274080,4.6053,2.8968,1.0225,4.2805,167005,1219136.5,,7.3,,,,,,,,
gemm_1326,gemm,vitis,csynth,,84,73,10175,15965,1824,2520,548160,274080,4.6053,2.8968,1.8562,5.8249,1200623,8764547.9,,7.3,,,,,,,,
gemm_1327,gemm,vitis,csynth,,84,73,5790,10786,1824,2520,548160,274080,4.6053,2.8968,1.0563,3.9353,1083734,7911258.2,,7.3,,,,,,,,
gemm_1328,gemm,vitis,csynth,,84,73,10175,15965,1824,2520,548160,274080,4.6053,2.8968,1.8562,5.8249,1200623,8764547.9,,7.3,,,,,,,,
gemm_1329,gemm,vitis,csynth,,75,73,4428,10396,1824,2520,548160,274080,4.1118,2.8968,0.8078,3.7931,28908,211028.4,,7.3,,,,,,,,
gemm_1330,gemm,vitis,csynth,,75,73,5256,11925,1824,2520,548160,274080,4.1118,2.8968,0.9588,4.3509,36997,270078.1,,7.3,,,,,,,,
gemm_1331,gemm,vitis,csynth,,75,73,5609,9670,1824,2520,548160,274080,4.1118,2.8968,1.0232,3.5282,43260,315798.0,,7.3,,,,,,,,
gemm_1332,gemm,vitis,csynth,,75,73,6437,11351,1824,2520,548160,274080,4.1118,2.8968,1.1743,4.1415,51349,374847.7,,7.3,,,,,,,,
gemm_1333,gemm,vitis,csynth,,75,73,4533,10505,1824,2520,548160,274080,4.1118,2.8968,0.8269,3.8328,28917,211094.1,,7.3,,,,,,,,
gemm_1334,gemm,vitis,csynth,,75,73,5361,11994,1824,2520,548160,274080,4.1118,2.8968,0.978,4.3761,37006,270143.8,,7.3,,,,,,,,
gemm_1335,gemm,vitis,csynth,,75,73,5714,9772,1824,2520,548160,274080,4.1118,2.8968,1.0424,3.5654,43269,315863.7,,7.3,,,,,,,,
gemm_1336,gemm,vitis,csynth,,75,73,6542,11416,1824,2520,548160,274080,4.1118,2.8968,1.1934,4.1652,51358,374913.39999999997,,7.3,,,,,,,,
gemm_1337,gemm,vitis,csynth,,75,73,5555,9645,1824,2520,548160,274080,4.1118,2.8968,1.0134,3.519,42273,308592.89999999997,,7.3,,,,,,,,
gemm_1338,gemm,vitis,csynth,,75,73,4374,10372,1824,2520,548160,274080,4.1118,2.8968,0.7979,3.7843,27921,203823.3,,7.3,,,,,,,,
gemm_1339,gemm,vitis,csynth,,75,73,6422,10508,1824,2520,548160,274080,4.1118,2.8968,1.1716,3.8339,51413,375314.89999999997,,7.3,,,,,,,,
gemm_1340,gemm,vitis,csynth,,75,73,5241,11242,1824,2520,548160,274080,4.1118,2.8968,0.9561,4.1017,37061,270545.3,,7.3,,,,,,,,
gemm_1341,gemm,vitis,csynth,,75,73,5660,9776,1824,2520,548160,274080,4.1118,2.8968,1.0325,3.5668,42282,308658.6,,7.3,,,,,,,,
gemm_1342,gemm,vitis,csynth,,75,73,4479,10510,1824,2520,548160,274080,4.1118,2.8968,0.8171,3.8346,27930,203889.0,,7.3,,,,,,,,
gemm_1343,gemm,vitis,csynth,,75,73,6527,10573,1824,2520,548160,274080,4.1118,2.8968,1.1907,3.8576,51422,375380.6,,7.3,,,,,,,,
gemm_1344,gemm,vitis,csynth,,75,73,5346,11311,1824,2520,548160,274080,4.1118,2.8968,0.9753,4.1269,37070,270611.0,,7.3,,,,,,,,
gemm_1345,gemm,vitis,csynth,,29,10,3909,5778,1824,2520,548160,274080,1.5899,0.3968,0.7131,2.1081,50195,366423.5,,7.3,,,,,,,,
gemm_1346,gemm,vitis,csynth,,29,10,4120,5928,1824,2520,548160,274080,1.5899,0.3968,0.7516,2.1629,50195,366423.5,,7.3,,,,,,,,
gemm_1347,gemm,vitis,csynth,,29,10,3065,4809,1824,2520,548160,274080,1.5899,0.3968,0.5591,1.7546,41282,301358.6,,7.3,,,,,,,,
gemm_1348,gemm,vitis,csynth,,29,10,3276,4959,1824,2520,548160,274080,1.5899,0.3968,0.5976,1.8093,41282,301358.6,,7.3,,,,,,,,
gemm_1349,gemm,vitis,csynth,,29,10,4014,5887,1824,2520,548160,274080,1.5899,0.3968,0.7323,2.1479,50204,366489.2,,7.3,,,,,,,,
gemm_1350,gemm,vitis,csynth,,29,10,4225,6037,1824,2520,548160,274080,1.5899,0.3968,0.7708,2.2026,50204,366489.2,,7.3,,,,,,,,
gemm_1351,gemm,vitis,csynth,,29,10,3170,4873,1824,2520,548160,274080,1.5899,0.3968,0.5783,1.7779,41291,301424.3,,7.3,,,,,,,,
gemm_1352,gemm,vitis,csynth,,29,10,3381,5023,1824,2520,548160,274080,1.5899,0.3968,0.6168,1.8327,41291,301424.3,,7.3,,,,,,,,
gemm_1353,gemm,vitis,csynth,,35,17,4345,8671,1824,2520,548160,274080,1.9189,0.6746,0.7927,3.1637,1083681,7910871.3,,7.3,,,,,,,,
gemm_1354,gemm,vitis,csynth,,35,17,6033,9871,1824,2520,548160,274080,1.9189,0.6746,1.1006,3.6015,1083681,7910871.3,,7.3,,,,,,,,
gemm_1355,gemm,vitis,csynth,,35,17,3845,6640,1824,2520,548160,274080,1.9189,0.6746,0.7014,2.4227,1141408,8332278.399999999,,7.3,,,,,,,,
gemm_1356,gemm,vitis,csynth,,35,17,3103,5492,1824,2520,548160,274080,1.9189,0.6746,0.5661,2.0038,165057,1204916.0999999999,,7.3,,,,,,,,
gemm_1357,gemm,vitis,csynth,,35,17,4837,7322,1824,2520,548160,274080,1.9189,0.6746,0.8824,2.6715,1142783,8342315.899999999,,7.3,,,,,,,,
gemm_1358,gemm,vitis,csynth,,35,17,3103,5492,1824,2520,548160,274080,1.9189,0.6746,0.5661,2.0038,165057,1204916.0999999999,,7.3,,,,,,,,
gemm_1359,gemm,vitis,csynth,,35,17,4450,8747,1824,2520,548160,274080,1.9189,0.6746,0.8118,3.1914,1083690,7910937.0,,7.3,,,,,,,,
gemm_1360,gemm,vitis,csynth,,35,17,6138,9947,1824,2520,548160,274080,1.9189,0.6746,1.1197,3.6292,1083690,7910937.0,,7.3,,,,,,,,
gemm_1361,gemm,vitis,csynth,,35,17,3950,6773,1824,2520,548160,274080,1.9189,0.6746,0.7206,2.4712,1141417,8332344.1,,7.3,,,,,,,,
gemm_1362,gemm,vitis,csynth,,35,17,3204,5548,1824,2520,548160,274080,1.9189,0.6746,0.5845,2.0242,165062,1204952.5999999999,,7.3,,,,,,,,
gemm_1363,gemm,vitis,csynth,,35,17,4942,7398,1824,2520,548160,274080,1.9189,0.6746,0.9016,2.6992,1142792,8342381.6,,7.3,,,,,,,,
gemm_1364,gemm,vitis,csynth,,35,17,3204,5548,1824,2520,548160,274080,1.9189,0.6746,0.5845,2.0242,165062,1204952.5999999999,,7.3,,,,,,,,
gemm_1365,gemm,vitis,csynth,,35,24,4763,9199,1824,2520,548160,274080,1.9189,0.9524,0.8689,3.3563,1083646,7910615.8,,7.3,,,,,,,,
gemm_1366,gemm,vitis,csynth,,35,24,6451,10399,1824,2520,548160,274080,1.9189,0.9524,1.1768,3.7941,1083646,7910615.8,,7.3,,,,,,,,
gemm_1367,gemm,vitis,csynth,,35,24,4155,7213,1824,2520,548160,274080,1.9189,0.9524,0.758,2.6317,1134197,8279638.1,,7.3,,,,,,,,
gemm_1368,gemm,vitis,csynth,,35,24,3411,5989,1824,2520,548160,274080,1.9189,0.9524,0.6223,2.1851,157833,1152180.9,,7.3,,,,,,,,
gemm_1369,gemm,vitis,csynth,,35,24,5255,7851,1824,2520,548160,274080,1.9189,0.9524,0.9587,2.8645,1142748,8342060.399999999,,7.3,,,,,,,,
gemm_1370,gemm,vitis,csynth,,35,24,3411,5989,1824,2520,548160,274080,1.9189,0.9524,0.6223,2.1851,157833,1152180.9,,7.3,,,,,,,,
gemm_1371,gemm,vitis,csynth,,35,24,4868,9264,1824,2520,548160,274080,1.9189,0.9524,0.8881,3.38,1083655,7910681.5,,7.3,,,,,,,,
gemm_1372,gemm,vitis,csynth,,35,24,6556,10464,1824,2520,548160,274080,1.9189,0.9524,1.196,3.8179,1083655,7910681.5,,7.3,,,,,,,,
gemm_1373,gemm,vitis,csynth,,35,24,4260,7301,1824,2520,548160,274080,1.9189,0.9524,0.7771,2.6638,1134206,8279703.8,,7.3,,,,,,,,
gemm_1374,gemm,vitis,csynth,,35,24,3514,6046,1824,2520,548160,274080,1.9189,0.9524,0.6411,2.2059,157840,1152232.0,,7.3,,,,,,,,
gemm_1375,gemm,vitis,csynth,,35,24,5360,7911,1824,2520,548160,274080,1.9189,0.9524,0.9778,2.8864,1142757,8342126.1,,7.3,,,,,,,,
gemm_1376,gemm,vitis,csynth,,35,24,3514,6046,1824,2520,548160,274080,1.9189,0.9524,0.6411,2.2059,157840,1152232.0,,7.3,,,,,,,,
gemm_1377,gemm,vitis,csynth,,27,17,5226,11575,1824,2520,548160,274080,1.4803,0.6746,0.9534,4.2232,74575,544397.5,,7.3,,,,,,,,
gemm_1378,gemm,vitis,csynth,,27,17,3764,6370,1824,2520,548160,274080,1.4803,0.6746,0.6867,2.3241,65934,481318.2,,7.3,,,,,,,,
gemm_1379,gemm,vitis,csynth,,27,17,5395,11439,1824,2520,548160,274080,1.4803,0.6746,0.9842,4.1736,58191,424794.3,,7.3,,,,,,,,
gemm_1380,gemm,vitis,csynth,,27,17,3933,6234,1824,2520,548160,274080,1.4803,0.6746,0.7175,2.2745,49550,361715.0,,7.3,,,,,,,,
gemm_1381,gemm,vitis,csynth,,27,17,5329,11690,1824,2520,548160,274080,1.4803,0.6746,0.9722,4.2652,74582,544448.6,,7.3,,,,,,,,
gemm_1382,gemm,vitis,csynth,,27,17,3865,6420,1824,2520,548160,274080,1.4803,0.6746,0.7051,2.3424,65939,481354.7,,7.3,,,,,,,,
gemm_1383,gemm,vitis,csynth,,27,17,5498,11554,1824,2520,548160,274080,1.4803,0.6746,1.003,4.2156,58198,424845.39999999997,,7.3,,,,,,,,
gemm_1384,gemm,vitis,csynth,,27,17,4034,6284,1824,2520,548160,274080,1.4803,0.6746,0.7359,2.2928,49555,361751.5,,7.3,,,,,,,,
gemm_1385,gemm,vitis,csynth,,27,17,5598,11493,1824,2520,548160,274080,1.4803,0.6746,1.0212,4.1933,58387,426225.1,,7.3,,,,,,,,
gemm_1386,gemm,vitis,csynth,,27,17,5429,11629,1824,2520,548160,274080,1.4803,0.6746,0.9904,4.2429,74771,545828.2999999999,,7.3,,,,,,,,
gemm_1387,gemm,vitis,csynth,,27,17,3948,6246,1824,2520,548160,274080,1.4803,0.6746,0.7202,2.2789,41415,302329.5,,7.3,,,,,,,,
gemm_1388,gemm,vitis,csynth,,27,17,3779,6382,1824,2520,548160,274080,1.4803,0.6746,0.6894,2.3285,57799,421932.7,,7.3,,,,,,,,
gemm_1389,gemm,vitis,csynth,,27,17,5703,11602,1824,2520,548160,274080,1.4803,0.6746,1.0404,4.2331,58396,426290.8,,7.3,,,,,,,,
gemm_1390,gemm,vitis,csynth,,27,17,5534,11738,1824,2520,548160,274080,1.4803,0.6746,1.0096,4.2827,74780,545894.0,,7.3,,,,,,,,
gemm_1391,gemm,vitis,csynth,,27,17,4051,6303,1824,2520,548160,274080,1.4803,0.6746,0.739,2.2997,41422,302380.6,,7.3,,,,,,,,
gemm_1392,gemm,vitis,csynth,,27,17,3882,6439,1824,2520,548160,274080,1.4803,0.6746,0.7082,2.3493,57806,421983.8,,7.3,,,,,,,,
gemm_1393,gemm,vitis,csynth,,27,24,4451,6806,1824,2520,548160,274080,1.4803,0.9524,0.812,2.4832,35747,260953.1,,7.3,,,,,,,,
gemm_1394,gemm,vitis,csynth,,27,24,5256,7626,1824,2520,548160,274080,1.4803,0.9524,0.9588,2.7824,51004,372329.2,,7.3,,,,,,,,
gemm_1395,gemm,vitis,csynth,,27,24,3607,5837,1824,2520,548160,274080,1.4803,0.9524,0.658,2.1297,26946,196705.8,,7.3,,,,,,,,
gemm_1396,gemm,vitis,csynth,,27,24,4478,6650,1824,2520,548160,274080,1.4803,0.9524,0.8169,2.4263,42336,309052.8,,7.3,,,,,,,,
gemm_1397,gemm,vitis,csynth,,27,24,4556,6915,1824,2520,548160,274080,1.4803,0.9524,0.8311,2.523,35756,261018.8,,7.3,,,,,,,,
gemm_1398,gemm,vitis,csynth,,27,24,5361,7695,1824,2520,548160,274080,1.4803,0.9524,0.978,2.8076,51013,372394.89999999997,,7.3,,,,,,,,
gemm_1399,gemm,vitis,csynth,,27,24,3712,5901,1824,2520,548160,274080,1.4803,0.9524,0.6772,2.153,26955,196771.5,,7.3,,,,,,,,
gemm_1400,gemm,vitis,csynth,,27,24,4583,6781,1824,2520,548160,274080,1.4803,0.9524,0.8361,2.4741,42345,309118.5,,7.3,,,,,,,,
gemm_1401,gemm,vitis,csynth,,90,136,5416,14777,1824,2520,548160,274080,4.9342,5.3968,0.988,5.3915,158001,1153407.3,,7.3,,,,,,,,
gemm_1402,gemm,vitis,csynth,,90,136,13273,22290,1824,2520,548160,274080,4.9342,5.3968,2.4214,8.1327,1134521,8282003.3,,7.3,,,,,,,,
gemm_1403,gemm,vitis,csynth,,90,136,6823,13038,1824,2520,548160,274080,4.9342,5.3968,1.2447,4.757,223817,1633864.0999999999,,7.3,,,,,,,,
gemm_1404,gemm,vitis,csynth,,90,136,6789,13007,1824,2520,548160,274080,4.9342,5.3968,1.2385,4.7457,282217,2060184.0999999999,,7.3,,,,,,,,
gemm_1405,gemm,vitis,csynth,,90,136,13266,22276,1824,2520,548160,274080,4.9342,5.3968,2.4201,8.1276,1134625,8282762.5,,7.3,,,,,,,,
gemm_1406,gemm,vitis,csynth,,90,136,6553,13998,1824,2520,548160,274080,4.9342,5.3968,1.1955,5.1073,166121,1212683.3,,7.3,,,,,,,,
gemm_1407,gemm,vitis,csynth,,90,136,5521,14853,1824,2520,548160,274080,4.9342,5.3968,1.0072,5.4192,158010,1153473.0,,7.3,,,,,,,,
gemm_1408,gemm,vitis,csynth,,90,136,13378,22374,1824,2520,548160,274080,4.9342,5.3968,2.4405,8.1633,1134530,8282069.0,,7.3,,,,,,,,
gemm_1409,gemm,vitis,csynth,,90,136,6928,13114,1824,2520,548160,274080,4.9342,5.3968,1.2639,4.7847,223826,1633929.8,,7.3,,,,,,,,
gemm_1410,gemm,vitis,csynth,,90,136,6894,13083,1824,2520,548160,274080,4.9342,5.3968,1.2577,4.7734,282226,2060249.8,,7.3,,,,,,,,
gemm_1411,gemm,vitis,csynth,,90,136,13371,22360,1824,2520,548160,274080,4.9342,5.3968,2.4393,8.1582,1134634,8282828.2,,7.3,,,,,,,,
gemm_1412,gemm,vitis,csynth,,90,136,6658,14074,1824,2520,548160,274080,4.9342,5.3968,1.2146,5.135,166130,1212749.0,,7.3,,,,,,,,
gemm_1413,gemm,vitis,csynth,,90,136,6833,14432,1824,2520,548160,274080,4.9342,5.3968,1.2465,5.2656,165246,1206295.8,,7.3,,,,,,,,
gemm_1414,gemm,vitis,csynth,,90,136,14754,21954,1824,2520,548160,274080,4.9342,5.3968,2.6915,8.0101,1141766,8334891.8,,7.3,,,,,,,,
gemm_1415,gemm,vitis,csynth,,90,136,5741,14161,1824,2520,548160,274080,4.9342,5.3968,1.0473,5.1667,216702,1581924.5999999999,,7.3,,,,,,,,
gemm_1416,gemm,vitis,csynth,,90,136,5707,14130,1824,2520,548160,274080,4.9342,5.3968,1.0411,5.1554,275102,2008244.5999999999,,7.3,,,,,,,,
gemm_1417,gemm,vitis,csynth,,90,136,14747,21940,1824,2520,548160,274080,4.9342,5.3968,2.6903,8.005,1141870,8335651.0,,7.3,,,,,,,,
gemm_1418,gemm,vitis,csynth,,90,136,5471,15121,1824,2520,548160,274080,4.9342,5.3968,0.9981,5.517,159006,1160743.8,,7.3,,,,,,,,
gemm_1419,gemm,vitis,csynth,,90,136,6938,14497,1824,2520,548160,274080,4.9342,5.3968,1.2657,5.2893,165255,1206361.5,,7.3,,,,,,,,
gemm_1420,gemm,vitis,csynth,,90,136,14859,22035,1824,2520,548160,274080,4.9342,5.3968,2.7107,8.0396,1141775,8334957.5,,7.3,,,,,,,,
gemm_1421,gemm,vitis,csynth,,90,136,5846,14221,1824,2520,548160,274080,4.9342,5.3968,1.0665,5.1886,216711,1581990.3,,7.3,,,,,,,,
gemm_1422,gemm,vitis,csynth,,90,136,5812,14190,1824,2520,548160,274080,4.9342,5.3968,1.0603,5.1773,275111,2008310.3,,7.3,,,,,,,,
gemm_1423,gemm,vitis,csynth,,90,136,14788,22023,1824,2520,548160,274080,4.9342,5.3968,2.6978,8.0352,1141879,8335716.7,,7.3,,,,,,,,
gemm_1424,gemm,vitis,csynth,,90,136,5576,15190,1824,2520,548160,274080,4.9342,5.3968,1.0172,5.5422,159015,1160809.5,,7.3,,,,,,,,
gemm_1425,gemm,vitis,csynth,,27,24,5114,11393,1824,2520,548160,274080,1.4803,0.9524,0.9329,4.1568,43855,320141.5,,7.3,,,,,,,,
gemm_1426,gemm,vitis,csynth,,27,24,3652,6188,1824,2520,548160,274080,1.4803,0.9524,0.6662,2.2577,35214,257062.19999999998,,7.3,,,,,,,,
gemm_1427,gemm,vitis,csynth,,27,24,5857,12374,1824,2520,548160,274080,1.4803,0.9524,1.0685,4.5147,59181,432021.3,,7.3,,,,,,,,
gemm_1428,gemm,vitis,csynth,,27,24,4587,7036,1824,2520,548160,274080,1.4803,0.9524,0.8368,2.5671,50540,368942.0,,7.3,,,,,,,,
gemm_1429,gemm,vitis,csynth,,27,24,5217,11508,1824,2520,548160,274080,1.4803,0.9524,0.9517,4.1988,43862,320192.6,,7.3,,,,,,,,
gemm_1430,gemm,vitis,csynth,,27,24,3753,6238,1824,2520,548160,274080,1.4803,0.9524,0.6847,2.276,35219,257098.69999999998,,7.3,,,,,,,,
gemm_1431,gemm,vitis,csynth,,27,24,5962,12443,1824,2520,548160,274080,1.4803,0.9524,1.0876,4.5399,59190,432087.0,,7.3,,,,,,,,
gemm_1432,gemm,vitis,csynth,,27,24,4692,7138,1824,2520,548160,274080,1.4803,0.9524,0.856,2.6043,50549,369007.7,,7.3,,,,,,,,
gemm_1433,gemm,vitis,csynth,,82,80,4857,10824,1824,2520,548160,274080,4.4956,3.1746,0.8861,3.9492,42964,313637.2,,7.3,,,,,,,,
gemm_1434,gemm,vitis,csynth,,82,80,6373,15943,1824,2520,548160,274080,4.4956,3.1746,1.1626,5.8169,60253,439846.89999999997,,7.3,,,,,,,,
gemm_1435,gemm,vitis,csynth,,82,80,6033,10091,1824,2520,548160,274080,4.4956,3.1746,1.1006,3.6818,50604,369409.2,,7.3,,,,,,,,
gemm_1436,gemm,vitis,csynth,,82,80,7549,15202,1824,2520,548160,274080,4.4956,3.1746,1.3772,5.5466,67893,495618.89999999997,,7.3,,,,,,,,
gemm_1437,gemm,vitis,csynth,,82,80,4962,10933,1824,2520,548160,274080,4.4956,3.1746,0.9052,3.989,42973,313702.89999999997,,7.3,,,,,,,,
gemm_1438,gemm,vitis,csynth,,82,80,6478,16016,1824,2520,548160,274080,4.4956,3.1746,1.1818,5.8435,60262,439912.6,,7.3,,,,,,,,
gemm_1439,gemm,vitis,csynth,,82,80,6138,10193,1824,2520,548160,274080,4.4956,3.1746,1.1197,3.719,50613,369474.89999999997,,7.3,,,,,,,,
gemm_1440,gemm,vitis,csynth,,82,80,7654,15271,1824,2520,548160,274080,4.4956,3.1746,1.3963,5.5717,67902,495684.6,,7.3,,,,,,,,
gemm_1441,gemm,vitis,csynth,,84,73,5097,10863,1824,2520,548160,274080,4.6053,2.8968,0.9298,3.9634,43869,320243.7,,7.3,,,,,,,,
gemm_1442,gemm,vitis,csynth,,84,73,4385,9901,1824,2520,548160,274080,4.6053,2.8968,0.7999,3.6124,42964,313637.2,,7.3,,,,,,,,
gemm_1443,gemm,vitis,csynth,,84,73,6145,10226,1824,2520,548160,274080,4.6053,2.8968,1.121,3.731,51509,376015.7,,7.3,,,,,,,,
gemm_1444,gemm,vitis,csynth,,84,73,5561,9168,1824,2520,548160,274080,4.6053,2.8968,1.0145,3.345,50604,369409.2,,7.3,,,,,,,,
gemm_1445,gemm,vitis,csynth,,84,73,5202,10936,1824,2520,548160,274080,4.6053,2.8968,0.949,3.9901,43878,320309.39999999997,,7.3,,,,,,,,
gemm_1446,gemm,vitis,csynth,,84,73,4490,10010,1824,2520,548160,274080,4.6053,2.8968,0.8191,3.6522,42973,313702.89999999997,,7.3,,,,,,,,
gemm_1447,gemm,vitis,csynth,,84,73,6250,10295,1824,2520,548160,274080,4.6053,2.8968,1.1402,3.7562,51518,376081.39999999997,,7.3,,,,,,,,
gemm_1448,gemm,vitis,csynth,,84,73,5666,9270,1824,2520,548160,274080,4.6053,2.8968,1.0336,3.3822,50613,369474.89999999997,,7.3,,,,,,,,
gemm_1449,gemm,vitis,csynth,,91,73,10322,18476,1824,2520,548160,274080,4.989,2.8968,1.883,6.7411,1141673,8334212.899999999,,7.3,,,,,,,,
gemm_1450,gemm,vitis,csynth,,91,73,6305,12046,1824,2520,548160,274080,4.989,2.8968,1.1502,4.3951,1083681,7910871.3,,7.3,,,,,,,,
gemm_1451,gemm,vitis,csynth,,91,73,9583,17549,1824,2520,548160,274080,4.989,2.8968,1.7482,6.4029,1141296,8331460.8,,7.3,,,,,,,,
gemm_1452,gemm,vitis,csynth,,91,73,4695,11060,1824,2520,548160,274080,4.989,2.8968,0.8565,4.0353,166078,1212369.4,,7.3,,,,,,,,
gemm_1453,gemm,vitis,csynth,,91,73,6146,10209,1824,2520,548160,274080,4.989,2.8968,1.1212,3.7248,1142783,8342315.899999999,,7.3,,,,,,,,
gemm_1454,gemm,vitis,csynth,,91,73,4823,9940,1824,2520,548160,274080,4.989,2.8968,0.8799,3.6267,282174,2059870.2,,7.3,,,,,,,,
gemm_1455,gemm,vitis,csynth,,91,73,10427,18560,1824,2520,548160,274080,4.989,2.8968,1.9022,6.7717,1141682,8334278.6,,7.3,,,,,,,,
gemm_1456,gemm,vitis,csynth,,91,73,6410,12122,1824,2520,548160,274080,4.989,2.8968,1.1694,4.4228,1083690,7910937.0,,7.3,,,,,,,,
gemm_1457,gemm,vitis,csynth,,91,73,9688,17634,1824,2520,548160,274080,4.989,2.8968,1.7674,6.4339,1141305,8331526.5,,7.3,,,,,,,,
gemm_1458,gemm,vitis,csynth,,91,73,4800,11159,1824,2520,548160,274080,4.989,2.8968,0.8757,4.0714,166087,1212435.0999999999,,7.3,,,,,,,,
gemm_1459,gemm,vitis,csynth,,91,73,6251,10285,1824,2520,548160,274080,4.989,2.8968,1.1404,3.7526,1142792,8342381.6,,7.3,,,,,,,,
gemm_1460,gemm,vitis,csynth,,91,73,4928,10056,1824,2520,548160,274080,4.989,2.8968,0.899,3.669,282183,2059935.9,,7.3,,,,,,,,
gemm_1461,gemm,vitis,csynth,,91,80,10740,19015,1824,2520,548160,274080,4.989,3.1746,1.9593,6.9378,1141638,8333957.399999999,,7.3,,,,,,,,
gemm_1462,gemm,vitis,csynth,,91,80,6723,12574,1824,2520,548160,274080,4.989,3.1746,1.2265,4.5877,1083646,7910615.8,,7.3,,,,,,,,
gemm_1463,gemm,vitis,csynth,,91,80,9893,18068,1824,2520,548160,274080,4.989,3.1746,1.8048,6.5922,1134085,8278820.5,,7.3,,,,,,,,
gemm_1464,gemm,vitis,csynth,,91,80,5005,11600,1824,2520,548160,274080,4.989,3.1746,0.9131,4.2323,158867,1159729.0999999999,,7.3,,,,,,,,
gemm_1465,gemm,vitis,csynth,,91,80,6564,10738,1824,2520,548160,274080,4.989,3.1746,1.1975,3.9178,1142748,8342060.399999999,,7.3,,,,,,,,
gemm_1466,gemm,vitis,csynth,,91,80,5133,10497,1824,2520,548160,274080,4.989,3.1746,0.9364,3.8299,274963,2007229.9,,7.3,,,,,,,,
gemm_1467,gemm,vitis,csynth,,91,80,10845,19096,1824,2520,548160,274080,4.989,3.1746,1.9784,6.9673,1141647,8334023.1,,7.3,,,,,,,,
gemm_1468,gemm,vitis,csynth,,91,80,6828,12639,1824,2520,548160,274080,4.989,3.1746,1.2456,4.6114,1083655,7910681.5,,7.3,,,,,,,,
gemm_1469,gemm,vitis,csynth,,91,80,9998,18149,1824,2520,548160,274080,4.989,3.1746,1.8239,6.6218,1134094,8278886.2,,7.3,,,,,,,,
gemm_1470,gemm,vitis,csynth,,91,80,5110,11716,1824,2520,548160,274080,4.989,3.1746,0.9322,4.2747,158876,1159794.8,,7.3,,,,,,,,
gemm_1471,gemm,vitis,csynth,,91,80,6669,10798,1824,2520,548160,274080,4.989,3.1746,1.2166,3.9397,1142757,8342126.1,,7.3,,,,,,,,
gemm_1472,gemm,vitis,csynth,,91,80,5238,10599,1824,2520,548160,274080,4.989,3.1746,0.9556,3.8671,274972,2007295.5999999999,,7.3,,,,,,,,
gemm_1473,gemm,vitis,csynth,,82,80,6248,16088,1824,2520,548160,274080,4.4956,3.1746,1.1398,5.8698,60140,439022.0,,7.3,,,,,,,,
gemm_1474,gemm,vitis,csynth,,82,80,7544,15187,1824,2520,548160,274080,4.4956,3.1746,1.3762,5.5411,67780,494794.0,,7.3,,,,,,,,
gemm_1475,gemm,vitis,csynth,,82,80,4662,10806,1824,2520,548160,274080,4.4956,3.1746,0.8505,3.9426,42831,312666.3,,7.3,,,,,,,,
gemm_1476,gemm,vitis,csynth,,82,80,5958,10073,1824,2520,548160,274080,4.4956,3.1746,1.0869,3.6752,50471,368438.3,,7.3,,,,,,,,
gemm_1477,gemm,vitis,csynth,,82,80,6353,16161,1824,2520,548160,274080,4.4956,3.1746,1.159,5.8965,60149,439087.7,,7.3,,,,,,,,
gemm_1478,gemm,vitis,csynth,,82,80,7649,15256,1824,2520,548160,274080,4.4956,3.1746,1.3954,5.5663,67789,494859.7,,7.3,,,,,,,,
gemm_1479,gemm,vitis,csynth,,82,80,4765,10921,1824,2520,548160,274080,4.4956,3.1746,0.8693,3.9846,42838,312717.39999999997,,7.3,,,,,,,,
gemm_1480,gemm,vitis,csynth,,82,80,6061,10180,1824,2520,548160,274080,4.4956,3.1746,1.1057,3.7142,50478,368489.39999999997,,7.3,,,,,,,,
gemm_1481,gemm,vitis,csynth,,27,24,6126,12449,1824,2520,548160,274080,1.4803,0.9524,1.1176,4.5421,59196,432130.8,,7.3,,,,,,,,
gemm_1482,gemm,vitis,csynth,,27,24,5317,11483,1824,2520,548160,274080,1.4803,0.9524,0.97,4.1897,43939,320754.7,,7.3,,,,,,,,
gemm_1483,gemm,vitis,csynth,,27,24,4540,7172,1824,2520,548160,274080,1.4803,0.9524,0.8282,2.6168,42336,309052.8,,7.3,,,,,,,,
gemm_1484,gemm,vitis,csynth,,27,24,3667,6236,1824,2520,548160,274080,1.4803,0.9524,0.669,2.2752,27079,197676.69999999998,,7.3,,,,,,,,
gemm_1485,gemm,vitis,csynth,,27,24,6231,12518,1824,2520,548160,274080,1.4803,0.9524,1.1367,4.5673,59205,432196.5,,7.3,,,,,,,,
gemm_1486,gemm,vitis,csynth,,27,24,5422,11592,1824,2520,548160,274080,1.4803,0.9524,0.9891,4.2294,43948,320820.39999999997,,7.3,,,,,,,,
gemm_1487,gemm,vitis,csynth,,27,24,4645,7303,1824,2520,548160,274080,1.4803,0.9524,0.8474,2.6646,42345,309118.5,,7.3,,,,,,,,
gemm_1488,gemm,vitis,csynth,,27,24,3770,6293,1824,2520,548160,274080,1.4803,0.9524,0.6878,2.296,27086,197727.8,,7.3,,,,,,,,
gemm_1489,gemm,vitis,csynth,,130,136,5659,14983,1824,2520,548160,274080,7.1272,5.3968,1.0324,5.4667,29421,214773.3,,7.3,,,,,,,,
gemm_1490,gemm,vitis,csynth,,130,136,6840,14089,1824,2520,548160,274080,7.1272,5.3968,1.2478,5.1405,43773,319542.89999999997,,7.3,,,,,,,,
gemm_1491,gemm,vitis,csynth,,130,136,6707,14346,1824,2520,548160,274080,7.1272,5.3968,1.2235,5.2342,37061,270545.3,,7.3,,,,,,,,
gemm_1492,gemm,vitis,csynth,,130,136,8016,13508,1824,2520,548160,274080,7.1272,5.3968,1.4623,4.9285,51413,375314.89999999997,,7.3,,,,,,,,
gemm_1493,gemm,vitis,csynth,,130,136,5764,15056,1824,2520,548160,274080,7.1272,5.3968,1.0515,5.4933,29430,214839.0,,7.3,,,,,,,,
gemm_1494,gemm,vitis,csynth,,130,136,6945,14158,1824,2520,548160,274080,7.1272,5.3968,1.267,5.1656,43782,319608.6,,7.3,,,,,,,,
gemm_1495,gemm,vitis,csynth,,130,136,6812,14415,1824,2520,548160,274080,7.1272,5.3968,1.2427,5.2594,37070,270611.0,,7.3,,,,,,,,
gemm_1496,gemm,vitis,csynth,,130,136,8121,13573,1824,2520,548160,274080,7.1272,5.3968,1.4815,4.9522,51422,375380.6,,7.3,,,,,,,,
gemm_1497,gemm,vitis,csynth,,194,584,16097,41366,1824,2520,548160,274080,10.636,23.1746,2.9366,15.0927,215993,1576748.9,,7.3,,,,,,,,
gemm_1498,gemm,vitis,csynth,,194,584,23665,35505,1824,2520,548160,274080,10.636,23.1746,4.3172,12.9542,1134521,8282003.3,,7.3,,,,,,,,
gemm_1499,gemm,vitis,csynth,,194,584,17251,40619,1824,2520,548160,274080,10.636,23.1746,3.1471,14.8201,223705,1633046.5,,7.3,,,,,,,,
gemm_1500,gemm,vitis,csynth,,194,584,17085,40556,1824,2520,548160,274080,10.636,23.1746,3.1168,14.7971,282105,2059366.5,,7.3,,,,,,,,
gemm_1501,gemm,vitis,csynth,,194,584,23637,35491,1824,2520,548160,274080,10.636,23.1746,4.3121,12.9491,1134625,8282762.5,,7.3,,,,,,,,
gemm_1502,gemm,vitis,csynth,,194,584,17085,40556,1824,2520,548160,274080,10.636,23.1746,3.1168,14.7971,282105,2059366.5,,7.3,,,,,,,,
gemm_1503,gemm,vitis,csynth,,194,584,16202,41450,1824,2520,548160,274080,10.636,23.1746,2.9557,15.1233,216002,1576814.5999999999,,7.3,,,,,,,,
gemm_1504,gemm,vitis,csynth,,194,584,23770,35589,1824,2520,548160,274080,10.636,23.1746,4.3363,12.9849,1134530,8282069.0,,7.3,,,,,,,,
gemm_1505,gemm,vitis,csynth,,194,584,17356,40703,1824,2520,548160,274080,10.636,23.1746,3.1662,14.8508,223714,1633112.2,,7.3,,,,,,,,
gemm_1506,gemm,vitis,csynth,,194,584,17190,40640,1824,2520,548160,274080,10.636,23.1746,3.1359,14.8278,282114,2059432.2,,7.3,,,,,,,,
gemm_1507,gemm,vitis,csynth,,194,584,23742,35575,1824,2520,548160,274080,10.636,23.1746,4.3312,12.9798,1134634,8282828.2,,7.3,,,,,,,,
gemm_1508,gemm,vitis,csynth,,194,584,17190,40640,1824,2520,548160,274080,10.636,23.1746,3.1359,14.8278,282114,2059432.2,,7.3,,,,,,,,
gemm_1509,gemm,vitis,csynth,,194,584,17514,41032,1824,2520,548160,274080,10.636,23.1746,3.1951,14.9708,223238,1629637.4,,7.3,,,,,,,,
gemm_1510,gemm,vitis,csynth,,194,584,25146,35169,1824,2520,548160,274080,10.636,23.1746,4.5873,12.8317,1141766,8334891.8,,7.3,,,,,,,,
gemm_1511,gemm,vitis,csynth,,194,584,16169,41750,1824,2520,548160,274080,10.636,23.1746,2.9497,15.2328,216590,1581107.0,,7.3,,,,,,,,
gemm_1512,gemm,vitis,csynth,,194,584,16003,41687,1824,2520,548160,274080,10.636,23.1746,2.9194,15.2098,274990,2007427.0,,7.3,,,,,,,,
gemm_1513,gemm,vitis,csynth,,194,584,25118,35155,1824,2520,548160,274080,10.636,23.1746,4.5822,12.8265,1141870,8335651.0,,7.3,,,,,,,,
gemm_1514,gemm,vitis,csynth,,194,584,16003,41687,1824,2520,548160,274080,10.636,23.1746,2.9194,15.2098,274990,2007427.0,,7.3,,,,,,,,
gemm_1515,gemm,vitis,csynth,,194,584,17619,41113,1824,2520,548160,274080,10.636,23.1746,3.2142,15.0004,223247,1629703.0999999999,,7.3,,,,,,,,
gemm_1516,gemm,vitis,csynth,,194,584,25251,35250,1824,2520,548160,274080,10.636,23.1746,4.6065,12.8612,1141775,8334957.5,,7.3,,,,,,,,
gemm_1517,gemm,vitis,csynth,,194,584,16274,41832,1824,2520,548160,274080,10.636,23.1746,2.9688,15.2627,216599,1581172.7,,7.3,,,,,,,,
gemm_1518,gemm,vitis,csynth,,194,584,16108,41769,1824,2520,548160,274080,10.636,23.1746,2.9386,15.2397,274999,2007492.7,,7.3,,,,,,,,
gemm_1519,gemm,vitis,csynth,,194,584,25159,35238,1824,2520,548160,274080,10.636,23.1746,4.5897,12.8568,1141879,8335716.7,,7.3,,,,,,,,
gemm_1520,gemm,vitis,csynth,,194,584,16108,41769,1824,2520,548160,274080,10.636,23.1746,2.9386,15.2397,274999,2007492.7,,7.3,,,,,,,,
gemm_1521,gemm,vitis,csynth,,130,136,5530,14966,1824,2520,548160,274080,7.1272,5.3968,1.0088,5.4604,29357,214306.1,,7.3,,,,,,,,
gemm_1522,gemm,vitis,csynth,,130,136,6826,14065,1824,2520,548160,274080,7.1272,5.3968,1.2453,5.1317,36997,270078.1,,7.3,,,,,,,,
gemm_1523,gemm,vitis,csynth,,130,136,6583,14336,1824,2520,548160,274080,7.1272,5.3968,1.2009,5.2306,43709,319075.7,,7.3,,,,,,,,
gemm_1524,gemm,vitis,csynth,,130,136,8007,13491,1824,2520,548160,274080,7.1272,5.3968,1.4607,4.9223,51349,374847.7,,7.3,,,,,,,,
gemm_1525,gemm,vitis,csynth,,130,136,5635,15039,1824,2520,548160,274080,7.1272,5.3968,1.028,5.4871,29366,214371.8,,7.3,,,,,,,,
gemm_1526,gemm,vitis,csynth,,130,136,6931,14134,1824,2520,548160,274080,7.1272,5.3968,1.2644,5.1569,37006,270143.8,,7.3,,,,,,,,
gemm_1527,gemm,vitis,csynth,,130,136,6688,14405,1824,2520,548160,274080,7.1272,5.3968,1.2201,5.2558,43718,319141.39999999997,,7.3,,,,,,,,
gemm_1528,gemm,vitis,csynth,,130,136,8112,13556,1824,2520,548160,274080,7.1272,5.3968,1.4799,4.946,51358,374913.39999999997,,7.3,,,,,,,,
gemm_1529,gemm,vitis,csynth,,130,136,6840,14249,1824,2520,548160,274080,7.1272,5.3968,1.2478,5.1988,43773,319542.89999999997,,7.3,,,,,,,,
gemm_1530,gemm,vitis,csynth,,130,136,5659,14983,1824,2520,548160,274080,7.1272,5.3968,1.0324,5.4667,29421,214773.3,,7.3,,,,,,,,
gemm_1531,gemm,vitis,csynth,,130,136,8016,13508,1824,2520,548160,274080,7.1272,5.3968,1.4623,4.9285,51413,375314.89999999997,,7.3,,,,,,,,
gemm_1532,gemm,vitis,csynth,,130,136,6835,14242,1824,2520,548160,274080,7.1272,5.3968,1.2469,5.1963,37061,270545.3,,7.3,,,,,,,,
gemm_1533,gemm,vitis,csynth,,130,136,6945,14318,1824,2520,548160,274080,7.1272,5.3968,1.267,5.224,43782,319608.6,,7.3,,,,,,,,
gemm_1534,gemm,vitis,csynth,,130,136,5764,15056,1824,2520,548160,274080,7.1272,5.3968,1.0515,5.4933,29430,214839.0,,7.3,,,,,,,,
gemm_1535,gemm,vitis,csynth,,130,136,8121,13573,1824,2520,548160,274080,7.1272,5.3968,1.4815,4.9522,51422,375380.6,,7.3,,,,,,,,
gemm_1536,gemm,vitis,csynth,,130,136,6940,14311,1824,2520,548160,274080,7.1272,5.3968,1.2661,5.2215,37070,270611.0,,7.3,,,,,,,,
gemm_1537,gemm,vitis,csynth,,18,3,2724,4201,1824,2520,548160,274080,0.9868,0.119,0.4969,1.5328,20741,151409.3,,7.3,,,,,,,,
gemm_1538,gemm,vitis,csynth,,18,3,2935,4349,1824,2520,548160,274080,0.9868,0.119,0.5354,1.5868,20741,151409.3,,7.3,,,,,,,,
gemm_1539,gemm,vitis,csynth,,18,3,2935,4352,1824,2520,548160,274080,0.9868,0.119,0.5354,1.5879,20741,151409.3,,7.3,,,,,,,,
gemm_1540,gemm,vitis,csynth,,18,3,3146,4500,1824,2520,548160,274080,0.9868,0.119,0.5739,1.6419,20741,151409.3,,7.3,,,,,,,,
gemm_1541,gemm,vitis,csynth,,18,3,2829,4265,1824,2520,548160,274080,0.9868,0.119,0.5161,1.5561,20750,151475.0,,7.3,,,,,,,,
gemm_1542,gemm,vitis,csynth,,18,3,3040,4413,1824,2520,548160,274080,0.9868,0.119,0.5546,1.6101,20750,151475.0,,7.3,,,,,,,,
gemm_1543,gemm,vitis,csynth,,18,3,3040,4416,1824,2520,548160,274080,0.9868,0.119,0.5546,1.6112,20750,151475.0,,7.3,,,,,,,,
gemm_1544,gemm,vitis,csynth,,18,3,3251,4564,1824,2520,548160,274080,0.9868,0.119,0.5931,1.6652,20750,151475.0,,7.3,,,,,,,,
gemm_1545,gemm,vitis,csynth,,24,3,2646,4279,1824,2520,548160,274080,1.3158,0.119,0.4827,1.5612,553089,4037549.6999999997,,7.3,,,,,,,,
gemm_1546,gemm,vitis,csynth,,24,3,2857,4427,1824,2520,548160,274080,1.3158,0.119,0.5212,1.6152,553089,4037549.6999999997,,7.3,,,,,,,,
gemm_1547,gemm,vitis,csynth,,24,3,2858,4434,1824,2520,548160,274080,1.3158,0.119,0.5214,1.6178,553089,4037549.6999999997,,7.3,,,,,,,,
gemm_1548,gemm,vitis,csynth,,24,3,2913,4353,1824,2520,548160,274080,1.3158,0.119,0.5314,1.5882,553598,4041265.4,,7.3,,,,,,,,
gemm_1549,gemm,vitis,csynth,,24,3,2858,4432,1824,2520,548160,274080,1.3158,0.119,0.5214,1.617,553089,4037549.6999999997,,7.3,,,,,,,,
gemm_1550,gemm,vitis,csynth,,24,3,2858,4435,1824,2520,548160,274080,1.3158,0.119,0.5214,1.6181,553089,4037549.6999999997,,7.3,,,,,,,,
gemm_1551,gemm,vitis,csynth,,24,3,2747,4335,1824,2520,548160,274080,1.3158,0.119,0.5011,1.5817,553094,4037586.1999999997,,7.3,,,,,,,,
gemm_1552,gemm,vitis,csynth,,24,3,2958,4483,1824,2520,548160,274080,1.3158,0.119,0.5396,1.6357,553094,4037586.1999999997,,7.3,,,,,,,,
gemm_1553,gemm,vitis,csynth,,24,3,2959,4490,1824,2520,548160,274080,1.3158,0.119,0.5398,1.6382,553094,4037586.1999999997,,7.3,,,,,,,,
gemm_1554,gemm,vitis,csynth,,24,3,3018,4419,1824,2520,548160,274080,1.3158,0.119,0.5506,1.6123,553607,4041331.1,,7.3,,,,,,,,
gemm_1555,gemm,vitis,csynth,,24,3,2959,4488,1824,2520,548160,274080,1.3158,0.119,0.5398,1.6375,553094,4037586.1999999997,,7.3,,,,,,,,
gemm_1556,gemm,vitis,csynth,,24,3,2959,4491,1824,2520,548160,274080,1.3158,0.119,0.5398,1.6386,553094,4037586.1999999997,,7.3,,,,,,,,
gemm_1557,gemm,vitis,csynth,,25,3,2974,4601,1824,2520,548160,274080,1.3706,0.119,0.5425,1.6787,553161,4038075.3,,7.3,,,,,,,,
gemm_1558,gemm,vitis,csynth,,25,3,3185,4749,1824,2520,548160,274080,1.3706,0.119,0.581,1.7327,553161,4038075.3,,7.3,,,,,,,,
gemm_1559,gemm,vitis,csynth,,25,3,2764,4458,1824,2520,548160,274080,1.3706,0.119,0.5042,1.6265,553161,4038075.3,,7.3,,,,,,,,
gemm_1560,gemm,vitis,csynth,,25,3,2821,4378,1824,2520,548160,274080,1.3706,0.119,0.5146,1.5973,553803,4042761.9,,7.3,,,,,,,,
gemm_1561,gemm,vitis,csynth,,25,3,3186,4754,1824,2520,548160,274080,1.3706,0.119,0.5812,1.7345,553161,4038075.3,,7.3,,,,,,,,
gemm_1562,gemm,vitis,csynth,,25,3,2764,4459,1824,2520,548160,274080,1.3706,0.119,0.5042,1.6269,553161,4038075.3,,7.3,,,,,,,,
gemm_1563,gemm,vitis,csynth,,25,3,3077,4658,1824,2520,548160,274080,1.3706,0.119,0.5613,1.6995,553168,4038126.4,,7.3,,,,,,,,
gemm_1564,gemm,vitis,csynth,,25,3,3288,4806,1824,2520,548160,274080,1.3706,0.119,0.5998,1.7535,553168,4038126.4,,7.3,,,,,,,,
gemm_1565,gemm,vitis,csynth,,25,3,2867,4515,1824,2520,548160,274080,1.3706,0.119,0.523,1.6473,553168,4038126.4,,7.3,,,,,,,,
gemm_1566,gemm,vitis,csynth,,25,3,2926,4442,1824,2520,548160,274080,1.3706,0.119,0.5338,1.6207,553812,4042827.6,,7.3,,,,,,,,
gemm_1567,gemm,vitis,csynth,,25,3,3289,4811,1824,2520,548160,274080,1.3706,0.119,0.6,1.7553,553168,4038126.4,,7.3,,,,,,,,
gemm_1568,gemm,vitis,csynth,,25,3,2867,4516,1824,2520,548160,274080,1.3706,0.119,0.523,1.6477,553168,4038126.4,,7.3,,,,,,,,
gemm_1569,gemm,vitis,csynth,,18,3,2687,4181,1824,2520,548160,274080,0.9868,0.119,0.4902,1.5255,24975,182317.5,,7.3,,,,,,,,
gemm_1570,gemm,vitis,csynth,,18,3,2898,4332,1824,2520,548160,274080,0.9868,0.119,0.5287,1.5806,24975,182317.5,,7.3,,,,,,,,
gemm_1571,gemm,vitis,csynth,,18,3,2898,4329,1824,2520,548160,274080,0.9868,0.119,0.5287,1.5795,24975,182317.5,,7.3,,,,,,,,
gemm_1572,gemm,vitis,csynth,,18,3,3109,4480,1824,2520,548160,274080,0.9868,0.119,0.5672,1.6346,24975,182317.5,,7.3,,,,,,,,
gemm_1573,gemm,vitis,csynth,,18,3,2788,4231,1824,2520,548160,274080,0.9868,0.119,0.5086,1.5437,24980,182354.0,,7.3,,,,,,,,
gemm_1574,gemm,vitis,csynth,,18,3,2999,4382,1824,2520,548160,274080,0.9868,0.119,0.5471,1.5988,24980,182354.0,,7.3,,,,,,,,
gemm_1575,gemm,vitis,csynth,,18,3,2999,4379,1824,2520,548160,274080,0.9868,0.119,0.5471,1.5977,24980,182354.0,,7.3,,,,,,,,
gemm_1576,gemm,vitis,csynth,,18,3,3210,4530,1824,2520,548160,274080,0.9868,0.119,0.5856,1.6528,24980,182354.0,,7.3,,,,,,,,
gemm_1577,gemm,vitis,csynth,,18,3,2937,4354,1824,2520,548160,274080,0.9868,0.119,0.5358,1.5886,20810,151913.0,,7.3,,,,,,,,
gemm_1578,gemm,vitis,csynth,,18,3,2726,4206,1824,2520,548160,274080,0.9868,0.119,0.4973,1.5346,20810,151913.0,,7.3,,,,,,,,
gemm_1579,gemm,vitis,csynth,,18,3,3148,4505,1824,2520,548160,274080,0.9868,0.119,0.5743,1.6437,20810,151913.0,,7.3,,,,,,,,
gemm_1580,gemm,vitis,csynth,,18,3,2937,4357,1824,2520,548160,274080,0.9868,0.119,0.5358,1.5897,20810,151913.0,,7.3,,,,,,,,
gemm_1581,gemm,vitis,csynth,,18,3,3040,4411,1824,2520,548160,274080,0.9868,0.119,0.5546,1.6094,20817,151964.1,,7.3,,,,,,,,
gemm_1582,gemm,vitis,csynth,,18,3,2829,4263,1824,2520,548160,274080,0.9868,0.119,0.5161,1.5554,20817,151964.1,,7.3,,,,,,,,
gemm_1583,gemm,vitis,csynth,,18,3,3251,4562,1824,2520,548160,274080,0.9868,0.119,0.5931,1.6645,20817,151964.1,,7.3,,,,,,,,
gemm_1584,gemm,vitis,csynth,,18,3,3040,4414,1824,2520,548160,274080,0.9868,0.119,0.5546,1.6105,20817,151964.1,,7.3,,,,,,,,
gemm_1585,gemm,vitis,csynth,,20,17,3249,5204,1824,2520,548160,274080,1.0965,0.6746,0.5927,1.8987,17157,125246.09999999999,,7.3,,,,,,,,
gemm_1586,gemm,vitis,csynth,,20,17,4124,6008,1824,2520,548160,274080,1.0965,0.6746,0.7523,2.1921,21267,155249.1,,7.3,,,,,,,,
gemm_1587,gemm,vitis,csynth,,20,17,3460,5355,1824,2520,548160,274080,1.0965,0.6746,0.6312,1.9538,17157,125246.09999999999,,7.3,,,,,,,,
gemm_1588,gemm,vitis,csynth,,20,17,4335,6159,1824,2520,548160,274080,1.0965,0.6746,0.7908,2.2472,21267,155249.1,,7.3,,,,,,,,
gemm_1589,gemm,vitis,csynth,,20,17,3354,5268,1824,2520,548160,274080,1.0965,0.6746,0.6119,1.9221,17166,125311.8,,7.3,,,,,,,,
gemm_1590,gemm,vitis,csynth,,20,17,4229,6139,1824,2520,548160,274080,1.0965,0.6746,0.7715,2.2399,21276,155314.8,,7.3,,,,,,,,
gemm_1591,gemm,vitis,csynth,,20,17,3565,5419,1824,2520,548160,274080,1.0965,0.6746,0.6504,1.9772,17166,125311.8,,7.3,,,,,,,,
gemm_1592,gemm,vitis,csynth,,20,17,4440,6290,1824,2520,548160,274080,1.0965,0.6746,0.81,2.295,21276,155314.8,,7.3,,,,,,,,
gemm_1593,gemm,vitis,csynth,,26,24,3293,5857,1824,2520,548160,274080,1.4254,0.9524,0.6007,2.137,80001,584007.2999999999,,7.3,,,,,,,,
gemm_1594,gemm,vitis,csynth,,26,24,4311,6738,1824,2520,548160,274080,1.4254,0.9524,0.7864,2.4584,598406,4368363.8,,7.3,,,,,,,,
gemm_1595,gemm,vitis,csynth,,26,24,4194,7498,1824,2520,548160,274080,1.4254,0.9524,0.7651,2.7357,87626,639669.7999999999,,7.3,,,,,,,,
gemm_1596,gemm,vitis,csynth,,26,24,4846,8336,1824,2520,548160,274080,1.4254,0.9524,0.884,3.0414,575857,4203756.1,,7.3,,,,,,,,
gemm_1597,gemm,vitis,csynth,,26,24,5484,8841,1824,2520,548160,274080,1.4254,0.9524,1.0004,3.2257,539368,3937386.4,,7.3,,,,,,,,
gemm_1598,gemm,vitis,csynth,,26,24,4632,9393,1824,2520,548160,274080,1.4254,0.9524,0.845,3.4271,546993,3993048.9,,7.3,,,,,,,,
gemm_1599,gemm,vitis,csynth,,26,24,3394,5913,1824,2520,548160,274080,1.4254,0.9524,0.6192,2.1574,80006,584043.7999999999,,7.3,,,,,,,,
gemm_1600,gemm,vitis,csynth,,26,24,4416,6862,1824,2520,548160,274080,1.4254,0.9524,0.8056,2.5036,598415,4368429.5,,7.3,,,,,,,,
gemm_1601,gemm,vitis,csynth,,26,24,4297,7574,1824,2520,548160,274080,1.4254,0.9524,0.7839,2.7634,87633,639720.9,,7.3,,,,,,,,
gemm_1602,gemm,vitis,csynth,,26,24,4951,8412,1824,2520,548160,274080,1.4254,0.9524,0.9032,3.0692,575866,4203821.8,,7.3,,,,,,,,
gemm_1603,gemm,vitis,csynth,,26,24,5589,8957,1824,2520,548160,274080,1.4254,0.9524,1.0196,3.268,539377,3937452.1,,7.3,,,,,,,,
gemm_1604,gemm,vitis,csynth,,26,24,4737,9469,1824,2520,548160,274080,1.4254,0.9524,0.8642,3.4548,547002,3993114.6,,7.3,,,,,,,,
gemm_1605,gemm,vitis,csynth,,28,17,3210,5432,1824,2520,548160,274080,1.5351,0.6746,0.5856,1.9819,87241,636859.2999999999,,7.3,,,,,,,,
gemm_1606,gemm,vitis,csynth,,28,17,4230,6381,1824,2520,548160,274080,1.5351,0.6746,0.7717,2.3282,605835,4422595.5,,7.3,,,,,,,,
gemm_1607,gemm,vitis,csynth,,28,17,3982,6239,1824,2520,548160,274080,1.5351,0.6746,0.7264,2.2763,87690,640137.0,,7.3,,,,,,,,
gemm_1608,gemm,vitis,csynth,,28,17,4636,7075,1824,2520,548160,274080,1.5351,0.6746,0.8457,2.5814,576110,4205603.0,,7.3,,,,,,,,
gemm_1609,gemm,vitis,csynth,,28,17,5403,8476,1824,2520,548160,274080,1.5351,0.6746,0.9857,3.0925,546797,3991618.1,,7.3,,,,,,,,
gemm_1610,gemm,vitis,csynth,,28,17,4422,8132,1824,2520,548160,274080,1.5351,0.6746,0.8067,2.967,547246,3994895.8,,7.3,,,,,,,,
gemm_1611,gemm,vitis,csynth,,28,17,3313,5489,1824,2520,548160,274080,1.5351,0.6746,0.6044,2.0027,87248,636910.4,,7.3,,,,,,,,
gemm_1612,gemm,vitis,csynth,,28,17,4335,6475,1824,2520,548160,274080,1.5351,0.6746,0.7908,2.3624,605844,4422661.2,,7.3,,,,,,,,
gemm_1613,gemm,vitis,csynth,,28,17,4087,6377,1824,2520,548160,274080,1.5351,0.6746,0.7456,2.3267,87699,640202.7,,7.3,,,,,,,,
gemm_1614,gemm,vitis,csynth,,28,17,4741,7135,1824,2520,548160,274080,1.5351,0.6746,0.8649,2.6033,576119,4205668.7,,7.3,,,,,,,,
gemm_1615,gemm,vitis,csynth,,28,17,5508,8578,1824,2520,548160,274080,1.5351,0.6746,1.0048,3.1297,546806,3991683.8,,7.3,,,,,,,,
gemm_1616,gemm,vitis,csynth,,28,17,4527,8201,1824,2520,548160,274080,1.5351,0.6746,0.8259,2.9922,547255,3994961.5,,7.3,,,,,,,,
gemm_1617,gemm,vitis,csynth,,21,10,2927,4932,1824,2520,548160,274080,1.1513,0.3968,0.534,1.7995,21391,156154.3,,7.3,,,,,,,,
gemm_1618,gemm,vitis,csynth,,21,10,3138,5083,1824,2520,548160,274080,1.1513,0.3968,0.5725,1.8546,21391,156154.3,,7.3,,,,,,,,
gemm_1619,gemm,vitis,csynth,,21,10,3866,5771,1824,2520,548160,274080,1.1513,0.3968,0.7053,2.1056,25500,186150.0,,7.3,,,,,,,,
gemm_1620,gemm,vitis,csynth,,21,10,4077,5922,1824,2520,548160,274080,1.1513,0.3968,0.7438,2.1607,25500,186150.0,,7.3,,,,,,,,
gemm_1621,gemm,vitis,csynth,,21,10,3028,4982,1824,2520,548160,274080,1.1513,0.3968,0.5524,1.8177,21396,156190.8,,7.3,,,,,,,,
gemm_1622,gemm,vitis,csynth,,21,10,3239,5133,1824,2520,548160,274080,1.1513,0.3968,0.5909,1.8728,21396,156190.8,,7.3,,,,,,,,
gemm_1623,gemm,vitis,csynth,,21,10,3971,5873,1824,2520,548160,274080,1.1513,0.3968,0.7244,2.1428,25509,186215.69999999998,,7.3,,,,,,,,
gemm_1624,gemm,vitis,csynth,,21,10,4182,6024,1824,2520,548160,274080,1.1513,0.3968,0.7629,2.1979,25509,186215.69999999998,,7.3,,,,,,,,
gemm_1625,gemm,vitis,csynth,,20,17,3293,5502,1824,2520,548160,274080,1.0965,0.6746,0.6007,2.0074,16712,121997.59999999999,,7.3,,,,,,,,
gemm_1626,gemm,vitis,csynth,,20,17,4052,6293,1824,2520,548160,274080,1.0965,0.6746,0.7392,2.296,17161,125275.3,,7.3,,,,,,,,
gemm_1627,gemm,vitis,csynth,,20,17,4240,6358,1824,2520,548160,274080,1.0965,0.6746,0.7735,2.3198,25436,185682.8,,7.3,,,,,,,,
gemm_1628,gemm,vitis,csynth,,20,17,4935,7178,1824,2520,548160,274080,1.0965,0.6746,0.9003,2.6189,25885,188960.5,,7.3,,,,,,,,
gemm_1629,gemm,vitis,csynth,,20,17,3396,5559,1824,2520,548160,274080,1.0965,0.6746,0.6195,2.0282,16719,122048.7,,7.3,,,,,,,,
gemm_1630,gemm,vitis,csynth,,20,17,4157,6431,1824,2520,548160,274080,1.0965,0.6746,0.7584,2.3464,17170,125341.0,,7.3,,,,,,,,
gemm_1631,gemm,vitis,csynth,,20,17,4345,6460,1824,2520,548160,274080,1.0965,0.6746,0.7927,2.357,25445,185748.5,,7.3,,,,,,,,
gemm_1632,gemm,vitis,csynth,,20,17,5040,7247,1824,2520,548160,274080,1.0965,0.6746,0.9194,2.6441,25894,189026.19999999998,,7.3,,,,,,,,
gemm_1633,gemm,vitis,csynth,,21,17,3926,6103,1824,2520,548160,274080,1.1513,0.6746,0.7162,2.2267,17161,125275.3,,7.3,,,,,,,,
gemm_1634,gemm,vitis,csynth,,21,17,3162,5211,1824,2520,548160,274080,1.1513,0.6746,0.5768,1.9013,16643,121493.9,,7.3,,,,,,,,
gemm_1635,gemm,vitis,csynth,,21,17,4681,7108,1824,2520,548160,274080,1.1513,0.6746,0.8539,2.5934,25885,188960.5,,7.3,,,,,,,,
gemm_1636,gemm,vitis,csynth,,21,17,4111,6072,1824,2520,548160,274080,1.1513,0.6746,0.75,2.2154,25436,185682.8,,7.3,,,,,,,,
gemm_1637,gemm,vitis,csynth,,21,17,4031,6241,1824,2520,548160,274080,1.1513,0.6746,0.7354,2.2771,17170,125341.0,,7.3,,,,,,,,
gemm_1638,gemm,vitis,csynth,,21,17,3267,5275,1824,2520,548160,274080,1.1513,0.6746,0.596,1.9246,16652,121559.59999999999,,7.3,,,,,,,,
gemm_1639,gemm,vitis,csynth,,21,17,4786,7177,1824,2520,548160,274080,1.1513,0.6746,0.8731,2.6186,25894,189026.19999999998,,7.3,,,,,,,,
gemm_1640,gemm,vitis,csynth,,21,17,4216,6174,1824,2520,548160,274080,1.1513,0.6746,0.7691,2.2526,25445,185748.5,,7.3,,,,,,,,
gemm_1641,gemm,vitis,csynth,,28,10,3468,5549,1824,2520,548160,274080,1.5351,0.3968,0.6327,2.0246,611774,4465950.2,,7.3,,,,,,,,
gemm_1642,gemm,vitis,csynth,,28,10,2875,4820,1824,2520,548160,274080,1.5351,0.3968,0.5245,1.7586,553089,4037549.6999999997,,7.3,,,,,,,,
gemm_1643,gemm,vitis,csynth,,28,10,3558,6606,1824,2520,548160,274080,1.5351,0.3968,0.6491,2.4102,553598,4041265.4,,7.3,,,,,,,,
gemm_1644,gemm,vitis,csynth,,28,10,3558,6615,1824,2520,548160,274080,1.5351,0.3968,0.6491,2.4135,553598,4041265.4,,7.3,,,,,,,,
gemm_1645,gemm,vitis,csynth,,28,10,2876,4825,1824,2520,548160,274080,1.5351,0.3968,0.5247,1.7604,553089,4037549.6999999997,,7.3,,,,,,,,
gemm_1646,gemm,vitis,csynth,,28,10,3680,5443,1824,2520,548160,274080,1.5351,0.3968,0.6713,1.9859,582462,4251972.6,,7.3,,,,,,,,
gemm_1647,gemm,vitis,csynth,,28,10,3573,5665,1824,2520,548160,274080,1.5351,0.3968,0.6518,2.0669,611783,4466015.899999999,,7.3,,,,,,,,
gemm_1648,gemm,vitis,csynth,,28,10,2976,4876,1824,2520,548160,274080,1.5351,0.3968,0.5429,1.779,553094,4037586.1999999997,,7.3,,,,,,,,
gemm_1649,gemm,vitis,csynth,,28,10,3663,6705,1824,2520,548160,274080,1.5351,0.3968,0.6682,2.4464,553607,4041331.1,,7.3,,,,,,,,
gemm_1650,gemm,vitis,csynth,,28,10,3663,6714,1824,2520,548160,274080,1.5351,0.3968,0.6682,2.4496,553607,4041331.1,,7.3,,,,,,,,
gemm_1651,gemm,vitis,csynth,,28,10,2977,4881,1824,2520,548160,274080,1.5351,0.3968,0.5431,1.7809,553094,4037586.1999999997,,7.3,,,,,,,,
gemm_1652,gemm,vitis,csynth,,28,10,3785,5559,1824,2520,548160,274080,1.5351,0.3968,0.6905,2.0282,582471,4252038.3,,7.3,,,,,,,,
gemm_1653,gemm,vitis,csynth,,29,10,3798,5931,1824,2520,548160,274080,1.5899,0.3968,0.6929,2.164,611979,4467446.7,,7.3,,,,,,,,
gemm_1654,gemm,vitis,csynth,,29,10,3203,5142,1824,2520,548160,274080,1.5899,0.3968,0.5843,1.8761,553161,4038075.3,,7.3,,,,,,,,
gemm_1655,gemm,vitis,csynth,,29,10,3466,6673,1824,2520,548160,274080,1.5899,0.3968,0.6323,2.4347,553803,4042761.9,,7.3,,,,,,,,
gemm_1656,gemm,vitis,csynth,,29,10,3466,6682,1824,2520,548160,274080,1.5899,0.3968,0.6323,2.438,553803,4042761.9,,7.3,,,,,,,,
gemm_1657,gemm,vitis,csynth,,29,10,3204,5147,1824,2520,548160,274080,1.5899,0.3968,0.5845,1.8779,553161,4038075.3,,7.3,,,,,,,,
gemm_1658,gemm,vitis,csynth,,29,10,3588,5527,1824,2520,548160,274080,1.5899,0.3968,0.6546,2.0166,582667,4253469.1,,7.3,,,,,,,,
gemm_1659,gemm,vitis,csynth,,29,10,3903,6033,1824,2520,548160,274080,1.5899,0.3968,0.712,2.2012,611988,4467512.399999999,,7.3,,,,,,,,
gemm_1660,gemm,vitis,csynth,,29,10,3306,5199,1824,2520,548160,274080,1.5899,0.3968,0.6031,1.8969,553168,4038126.4,,7.3,,,,,,,,
gemm_1661,gemm,vitis,csynth,,29,10,3571,6789,1824,2520,548160,274080,1.5899,0.3968,0.6515,2.477,553812,4042827.6,,7.3,,,,,,,,
gemm_1662,gemm,vitis,csynth,,29,10,3571,6798,1824,2520,548160,274080,1.5899,0.3968,0.6515,2.4803,553812,4042827.6,,7.3,,,,,,,,
gemm_1663,gemm,vitis,csynth,,29,10,3307,5204,1824,2520,548160,274080,1.5899,0.3968,0.6033,1.8987,553168,4038126.4,,7.3,,,,,,,,
gemm_1664,gemm,vitis,csynth,,29,10,3693,5629,1824,2520,548160,274080,1.5899,0.3968,0.6737,2.0538,582676,4253534.8,,7.3,,,,,,,,
gemm_1665,gemm,vitis,csynth,,20,17,4124,6497,1824,2520,548160,274080,1.0965,0.6746,0.7523,2.3705,18268,133356.4,,7.3,,,,,,,,
gemm_1666,gemm,vitis,csynth,,20,17,4939,7320,1824,2520,548160,274080,1.0965,0.6746,0.901,2.6708,25893,189018.9,,7.3,,,,,,,,
gemm_1667,gemm,vitis,csynth,,20,17,3296,5557,1824,2520,548160,274080,1.0965,0.6746,0.6013,2.0275,17807,129991.09999999999,,7.3,,,,,,,,
gemm_1668,gemm,vitis,csynth,,20,17,4175,6385,1824,2520,548160,274080,1.0965,0.6746,0.7616,2.3296,25432,185653.6,,7.3,,,,,,,,
gemm_1669,gemm,vitis,csynth,,20,17,4229,6606,1824,2520,548160,274080,1.0965,0.6746,0.7715,2.4102,18277,133422.1,,7.3,,,,,,,,
gemm_1670,gemm,vitis,csynth,,20,17,5044,7389,1824,2520,548160,274080,1.0965,0.6746,0.9202,2.6959,25902,189084.6,,7.3,,,,,,,,
gemm_1671,gemm,vitis,csynth,,20,17,3397,5607,1824,2520,548160,274080,1.0965,0.6746,0.6197,2.0458,17812,130027.59999999999,,7.3,,,,,,,,
gemm_1672,gemm,vitis,csynth,,20,17,4278,6492,1824,2520,548160,274080,1.0965,0.6746,0.7804,2.3687,25439,185704.69999999998,,7.3,,,,,,,,
gemm_1673,gemm,vitis,csynth,,21,10,3842,5902,1824,2520,548160,274080,1.1513,0.3968,0.7009,2.1534,21267,155249.1,,7.3,,,,,,,,
gemm_1674,gemm,vitis,csynth,,21,10,2966,4989,1824,2520,548160,274080,1.1513,0.3968,0.5411,1.8203,17226,125749.8,,7.3,,,,,,,,
gemm_1675,gemm,vitis,csynth,,21,10,4053,6053,1824,2520,548160,274080,1.1513,0.3968,0.7394,2.2085,21267,155249.1,,7.3,,,,,,,,
gemm_1676,gemm,vitis,csynth,,21,10,3177,5140,1824,2520,548160,274080,1.1513,0.3968,0.5796,1.8754,17226,125749.8,,7.3,,,,,,,,
gemm_1677,gemm,vitis,csynth,,21,10,3947,6033,1824,2520,548160,274080,1.1513,0.3968,0.72,2.2012,21276,155314.8,,7.3,,,,,,,,
gemm_1678,gemm,vitis,csynth,,21,10,3069,5046,1824,2520,548160,274080,1.1513,0.3968,0.5599,1.8411,17233,125800.9,,7.3,,,,,,,,
gemm_1679,gemm,vitis,csynth,,21,10,4158,6184,1824,2520,548160,274080,1.1513,0.3968,0.7585,2.2563,21276,155314.8,,7.3,,,,,,,,
gemm_1680,gemm,vitis,csynth,,21,10,3280,5197,1824,2520,548160,274080,1.1513,0.3968,0.5984,1.8962,17233,125800.9,,7.3,,,,,,,,
gemm_1681,gemm,vitis,csynth,,75,80,4351,10219,1824,2520,548160,274080,4.1118,3.1746,0.7937,3.7285,13577,99112.09999999999,,7.3,,,,,,,,
gemm_1682,gemm,vitis,csynth,,75,80,5669,9492,1824,2520,548160,274080,4.1118,3.1746,1.0342,3.4632,17169,125333.7,,7.3,,,,,,,,
gemm_1683,gemm,vitis,csynth,,75,80,5106,11224,1824,2520,548160,274080,4.1118,3.1746,0.9315,4.0952,22245,162388.5,,7.3,,,,,,,,
gemm_1684,gemm,vitis,csynth,,75,80,6552,10386,1824,2520,548160,274080,4.1118,3.1746,1.1953,3.7894,25837,188610.1,,7.3,,,,,,,,
gemm_1685,gemm,vitis,csynth,,75,80,4456,10357,1824,2520,548160,274080,4.1118,3.1746,0.8129,3.7788,13586,99177.8,,7.3,,,,,,,,
gemm_1686,gemm,vitis,csynth,,75,80,5774,9623,1824,2520,548160,274080,4.1118,3.1746,1.0533,3.511,17178,125399.4,,7.3,,,,,,,,
gemm_1687,gemm,vitis,csynth,,75,80,5211,11293,1824,2520,548160,274080,4.1118,3.1746,0.9506,4.1203,22254,162454.19999999998,,7.3,,,,,,,,
gemm_1688,gemm,vitis,csynth,,75,80,6657,10451,1824,2520,548160,274080,4.1118,3.1746,1.2144,3.8131,25846,188675.8,,7.3,,,,,,,,
gemm_1689,gemm,vitis,csynth,,82,80,5003,10329,1824,2520,548160,274080,4.4956,3.1746,0.9127,3.7686,138630,1011999.0,,7.3,,,,,,,,
gemm_1690,gemm,vitis,csynth,,82,80,5612,9609,1824,2520,548160,274080,4.4956,3.1746,1.0238,3.5059,598406,4368363.8,,7.3,,,,,,,,
gemm_1691,gemm,vitis,csynth,,82,80,5717,12905,1824,2520,548160,274080,4.4956,3.1746,1.0429,4.7085,88079,642976.7,,7.3,,,,,,,,
gemm_1692,gemm,vitis,csynth,,82,80,10445,17263,1824,2520,548160,274080,4.4956,3.1746,1.9055,6.2985,575801,4203347.3,,7.3,,,,,,,,
gemm_1693,gemm,vitis,csynth,,82,80,5768,11032,1824,2520,548160,274080,4.4956,3.1746,1.0522,4.0251,539368,3937386.4,,7.3,,,,,,,,
gemm_1694,gemm,vitis,csynth,,82,80,10445,17263,1824,2520,548160,274080,4.4956,3.1746,1.9055,6.2985,575801,4203347.3,,7.3,,,,,,,,
gemm_1695,gemm,vitis,csynth,,82,80,5108,10445,1824,2520,548160,274080,4.4956,3.1746,0.9318,3.8109,138639,1012064.7,,7.3,,,,,,,,
gemm_1696,gemm,vitis,csynth,,82,80,5717,9733,1824,2520,548160,274080,4.4956,3.1746,1.0429,3.5512,598415,4368429.5,,7.3,,,,,,,,
gemm_1697,gemm,vitis,csynth,,82,80,5822,12988,1824,2520,548160,274080,4.4956,3.1746,1.0621,4.7388,88088,643042.4,,7.3,,,,,,,,
gemm_1698,gemm,vitis,csynth,,82,80,10550,17347,1824,2520,548160,274080,4.4956,3.1746,1.9246,6.3292,575810,4203413.0,,7.3,,,,,,,,
gemm_1699,gemm,vitis,csynth,,82,80,5873,11148,1824,2520,548160,274080,4.4956,3.1746,1.0714,4.0674,539377,3937452.1,,7.3,,,,,,,,
gemm_1700,gemm,vitis,csynth,,82,80,10550,17347,1824,2520,548160,274080,4.4956,3.1746,1.9246,6.3292,575810,4203413.0,,7.3,,,,,,,,
gemm_1701,gemm,vitis,csynth,,84,73,4922,9964,1824,2520,548160,274080,4.6053,2.8968,0.8979,3.6354,146059,1066230.7,,7.3,,,,,,,,
gemm_1702,gemm,vitis,csynth,,84,73,5531,9252,1824,2520,548160,274080,4.6053,2.8968,1.009,3.3757,605835,4422595.5,,7.3,,,,,,,,
gemm_1703,gemm,vitis,csynth,,84,73,5507,11651,1824,2520,548160,274080,4.6053,2.8968,1.0046,4.2509,88332,644823.6,,7.3,,,,,,,,
gemm_1704,gemm,vitis,csynth,,84,73,10235,16010,1824,2520,548160,274080,4.6053,2.8968,1.8672,5.8414,576054,4205194.2,,7.3,,,,,,,,
gemm_1705,gemm,vitis,csynth,,84,73,5687,10667,1824,2520,548160,274080,4.6053,2.8968,1.0375,3.8919,546797,3991618.1,,7.3,,,,,,,,
gemm_1706,gemm,vitis,csynth,,84,73,10235,16010,1824,2520,548160,274080,4.6053,2.8968,1.8672,5.8414,576054,4205194.2,,7.3,,,,,,,,
gemm_1707,gemm,vitis,csynth,,84,73,5027,10066,1824,2520,548160,274080,4.6053,2.8968,0.9171,3.6727,146068,1066296.4,,7.3,,,,,,,,
gemm_1708,gemm,vitis,csynth,,84,73,5636,9346,1824,2520,548160,274080,4.6053,2.8968,1.0282,3.41,605844,4422661.2,,7.3,,,,,,,,
gemm_1709,gemm,vitis,csynth,,84,73,5612,11724,1824,2520,548160,274080,4.6053,2.8968,1.0238,4.2776,88341,644889.2999999999,,7.3,,,,,,,,
gemm_1710,gemm,vitis,csynth,,84,73,10340,16092,1824,2520,548160,274080,4.6053,2.8968,1.8863,5.8713,576063,4205259.899999999,,7.3,,,,,,,,
gemm_1711,gemm,vitis,csynth,,84,73,5792,10769,1824,2520,548160,274080,4.6053,2.8968,1.0566,3.9291,546806,3991683.8,,7.3,,,,,,,,
gemm_1712,gemm,vitis,csynth,,84,73,10340,16092,1824,2520,548160,274080,4.6053,2.8968,1.8863,5.8713,576063,4205259.899999999,,7.3,,,,,,,,
gemm_1713,gemm,vitis,csynth,,75,73,4264,10361,1824,2520,548160,274080,4.1118,2.8968,0.7779,3.7803,14684,107193.2,,7.3,,,,,,,,
gemm_1714,gemm,vitis,csynth,,75,73,5100,11905,1824,2520,548160,274080,4.1118,2.8968,0.9304,4.3436,22309,162855.69999999998,,7.3,,,,,,,,
gemm_1715,gemm,vitis,csynth,,75,73,5582,9635,1824,2520,548160,274080,4.1118,2.8968,1.0183,3.5154,18276,133414.8,,7.3,,,,,,,,
gemm_1716,gemm,vitis,csynth,,75,73,6418,11331,1824,2520,548160,274080,4.1118,2.8968,1.1708,4.1342,25901,189077.3,,7.3,,,,,,,,
gemm_1717,gemm,vitis,csynth,,75,73,4369,10470,1824,2520,548160,274080,4.1118,2.8968,0.797,3.8201,14693,107258.9,,7.3,,,,,,,,
gemm_1718,gemm,vitis,csynth,,75,73,5205,11974,1824,2520,548160,274080,4.1118,2.8968,0.9495,4.3688,22318,162921.4,,7.3,,,,,,,,
gemm_1719,gemm,vitis,csynth,,75,73,5687,9737,1824,2520,548160,274080,4.1118,2.8968,1.0375,3.5526,18285,133480.5,,7.3,,,,,,,,
gemm_1720,gemm,vitis,csynth,,75,73,6523,11396,1824,2520,548160,274080,4.1118,2.8968,1.19,4.1579,25910,189143.0,,7.3,,,,,,,,
gemm_1721,gemm,vitis,csynth,,75,73,5510,9574,1824,2520,548160,274080,4.1118,2.8968,1.0052,3.4931,17169,125333.7,,7.3,,,,,,,,
gemm_1722,gemm,vitis,csynth,,75,73,4192,10301,1824,2520,548160,274080,4.1118,2.8968,0.7647,3.7584,13577,99112.09999999999,,7.3,,,,,,,,
gemm_1723,gemm,vitis,csynth,,75,73,6393,10452,1824,2520,548160,274080,4.1118,2.8968,1.1663,3.8135,25837,188610.1,,7.3,,,,,,,,
gemm_1724,gemm,vitis,csynth,,75,73,5075,11186,1824,2520,548160,274080,4.1118,2.8968,0.9258,4.0813,22245,162388.5,,7.3,,,,,,,,
gemm_1725,gemm,vitis,csynth,,75,73,5615,9705,1824,2520,548160,274080,4.1118,2.8968,1.0243,3.5409,17178,125399.4,,7.3,,,,,,,,
gemm_1726,gemm,vitis,csynth,,75,73,4297,10439,1824,2520,548160,274080,4.1118,2.8968,0.7839,3.8087,13586,99177.8,,7.3,,,,,,,,
gemm_1727,gemm,vitis,csynth,,75,73,6498,10517,1824,2520,548160,274080,4.1118,2.8968,1.1854,3.8372,25846,188675.8,,7.3,,,,,,,,
gemm_1728,gemm,vitis,csynth,,75,73,5180,11255,1824,2520,548160,274080,4.1118,2.8968,0.945,4.1065,22254,162454.19999999998,,7.3,,,,,,,,
gemm_1729,gemm,vitis,csynth,,17,10,3885,5750,1824,2520,548160,274080,0.932,0.3968,0.7087,2.0979,25884,188953.19999999998,,7.3,,,,,,,,
gemm_1730,gemm,vitis,csynth,,17,10,4096,5898,1824,2520,548160,274080,0.932,0.3968,0.7472,2.1519,25884,188953.19999999998,,7.3,,,,,,,,
gemm_1731,gemm,vitis,csynth,,17,10,3051,4797,1824,2520,548160,274080,0.932,0.3968,0.5566,1.7502,20741,151409.3,,7.3,,,,,,,,
gemm_1732,gemm,vitis,csynth,,17,10,3262,4945,1824,2520,548160,274080,0.932,0.3968,0.5951,1.8042,20741,151409.3,,7.3,,,,,,,,
gemm_1733,gemm,vitis,csynth,,17,10,3990,5859,1824,2520,548160,274080,0.932,0.3968,0.7279,2.1377,25893,189018.9,,7.3,,,,,,,,
gemm_1734,gemm,vitis,csynth,,17,10,4201,6007,1824,2520,548160,274080,0.932,0.3968,0.7664,2.1917,25893,189018.9,,7.3,,,,,,,,
gemm_1735,gemm,vitis,csynth,,17,10,3156,4861,1824,2520,548160,274080,0.932,0.3968,0.5757,1.7736,20750,151475.0,,7.3,,,,,,,,
gemm_1736,gemm,vitis,csynth,,17,10,3367,5009,1824,2520,548160,274080,0.932,0.3968,0.6142,1.8276,20750,151475.0,,7.3,,,,,,,,
gemm_1737,gemm,vitis,csynth,,23,17,4278,8556,1824,2520,548160,274080,1.261,0.6746,0.7804,3.1217,547977,4000232.1,,7.3,,,,,,,,
gemm_1738,gemm,vitis,csynth,,23,17,5966,9740,1824,2520,548160,274080,1.261,0.6746,1.0884,3.5537,547977,4000232.1,,7.3,,,,,,,,
gemm_1739,gemm,vitis,csynth,,23,17,3809,6595,1824,2520,548160,274080,1.261,0.6746,0.6949,2.4062,604672,4414105.6,,7.3,,,,,,,,
gemm_1740,gemm,vitis,csynth,,23,17,3096,5489,1824,2520,548160,274080,1.261,0.6746,0.5648,2.0027,87169,636333.7,,7.3,,,,,,,,
gemm_1741,gemm,vitis,csynth,,23,17,4813,7292,1824,2520,548160,274080,1.261,0.6746,0.878,2.6605,606407,4426771.1,,7.3,,,,,,,,
gemm_1742,gemm,vitis,csynth,,23,17,3096,5489,1824,2520,548160,274080,1.261,0.6746,0.5648,2.0027,87169,636333.7,,7.3,,,,,,,,
gemm_1743,gemm,vitis,csynth,,23,17,4383,8632,1824,2520,548160,274080,1.261,0.6746,0.7996,3.1494,547986,4000297.8,,7.3,,,,,,,,
gemm_1744,gemm,vitis,csynth,,23,17,6071,9816,1824,2520,548160,274080,1.261,0.6746,1.1075,3.5814,547986,4000297.8,,7.3,,,,,,,,
gemm_1745,gemm,vitis,csynth,,23,17,3914,6728,1824,2520,548160,274080,1.261,0.6746,0.714,2.4548,604681,4414171.3,,7.3,,,,,,,,
gemm_1746,gemm,vitis,csynth,,23,17,3197,5545,1824,2520,548160,274080,1.261,0.6746,0.5832,2.0231,87174,636370.2,,7.3,,,,,,,,
gemm_1747,gemm,vitis,csynth,,23,17,4918,7368,1824,2520,548160,274080,1.261,0.6746,0.8972,2.6883,606416,4426836.8,,7.3,,,,,,,,
gemm_1748,gemm,vitis,csynth,,23,17,3197,5545,1824,2520,548160,274080,1.261,0.6746,0.5832,2.0231,87174,636370.2,,7.3,,,,,,,,
gemm_1749,gemm,vitis,csynth,,23,24,4712,9104,1824,2520,548160,274080,1.261,0.9524,0.8596,3.3217,548086,4001027.8,,7.3,,,,,,,,
gemm_1750,gemm,vitis,csynth,,23,24,6400,10288,1824,2520,548160,274080,1.261,0.9524,1.1675,3.7536,548086,4001027.8,,7.3,,,,,,,,
gemm_1751,gemm,vitis,csynth,,23,24,4140,7187,1824,2520,548160,274080,1.261,0.9524,0.7553,2.6222,597597,4362458.1,,7.3,,,,,,,,
gemm_1752,gemm,vitis,csynth,,23,24,3425,6005,1824,2520,548160,274080,1.261,0.9524,0.6248,2.191,80073,584532.9,,7.3,,,,,,,,
gemm_1753,gemm,vitis,csynth,,23,24,5247,7841,1824,2520,548160,274080,1.261,0.9524,0.9572,2.8608,606516,4427566.8,,7.3,,,,,,,,
gemm_1754,gemm,vitis,csynth,,23,24,3425,6005,1824,2520,548160,274080,1.261,0.9524,0.6248,2.191,80073,584532.9,,7.3,,,,,,,,
gemm_1755,gemm,vitis,csynth,,23,24,4817,9169,1824,2520,548160,274080,1.261,0.9524,0.8788,3.3454,548095,4001093.5,,7.3,,,,,,,,
gemm_1756,gemm,vitis,csynth,,23,24,6505,10353,1824,2520,548160,274080,1.261,0.9524,1.1867,3.7774,548095,4001093.5,,7.3,,,,,,,,
gemm_1757,gemm,vitis,csynth,,23,24,4245,7275,1824,2520,548160,274080,1.261,0.9524,0.7744,2.6543,597606,4362523.8,,7.3,,,,,,,,
gemm_1758,gemm,vitis,csynth,,23,24,3528,6062,1824,2520,548160,274080,1.261,0.9524,0.6436,2.2118,80080,584584.0,,7.3,,,,,,,,
gemm_1759,gemm,vitis,csynth,,23,24,5352,7901,1824,2520,548160,274080,1.261,0.9524,0.9764,2.8827,606525,4427632.5,,7.3,,,,,,,,
gemm_1760,gemm,vitis,csynth,,23,24,3528,6062,1824,2520,548160,274080,1.261,0.9524,0.6436,2.2118,80080,584584.0,,7.3,,,,,,,,
gemm_1761,gemm,vitis,csynth,,15,17,5184,11550,1824,2520,548160,274080,0.8224,0.6746,0.9457,4.2141,38168,278626.39999999997,,7.3,,,,,,,,
gemm_1762,gemm,vitis,csynth,,15,17,3734,6361,1824,2520,548160,274080,0.8224,0.6746,0.6812,2.3209,29071,212218.3,,7.3,,,,,,,,
gemm_1763,gemm,vitis,csynth,,15,17,5356,11412,1824,2520,548160,274080,0.8224,0.6746,0.9771,4.1637,34072,248725.6,,7.3,,,,,,,,
gemm_1764,gemm,vitis,csynth,,15,17,3906,6223,1824,2520,548160,274080,0.8224,0.6746,0.7126,2.2705,24975,182317.5,,7.3,,,,,,,,
gemm_1765,gemm,vitis,csynth,,15,17,5287,11665,1824,2520,548160,274080,0.8224,0.6746,0.9645,4.2561,38175,278677.5,,7.3,,,,,,,,
gemm_1766,gemm,vitis,csynth,,15,17,3835,6411,1824,2520,548160,274080,0.8224,0.6746,0.6996,2.3391,29076,212254.8,,7.3,,,,,,,,
gemm_1767,gemm,vitis,csynth,,15,17,5459,11527,1824,2520,548160,274080,0.8224,0.6746,0.9959,4.2057,34079,248776.69999999998,,7.3,,,,,,,,
gemm_1768,gemm,vitis,csynth,,15,17,4007,6273,1824,2520,548160,274080,0.8224,0.6746,0.731,2.2887,24980,182354.0,,7.3,,,,,,,,
gemm_1769,gemm,vitis,csynth,,15,17,5421,11432,1824,2520,548160,274080,0.8224,0.6746,0.9889,4.171,34076,248754.8,,7.3,,,,,,,,
gemm_1770,gemm,vitis,csynth,,15,17,5249,11570,1824,2520,548160,274080,0.8224,0.6746,0.9576,4.2214,38172,278655.6,,7.3,,,,,,,,
gemm_1771,gemm,vitis,csynth,,15,17,3903,6201,1824,2520,548160,274080,0.8224,0.6746,0.712,2.2625,20810,151913.0,,7.3,,,,,,,,
gemm_1772,gemm,vitis,csynth,,15,17,3731,6339,1824,2520,548160,274080,0.8224,0.6746,0.6806,2.3128,24906,181813.8,,7.3,,,,,,,,
gemm_1773,gemm,vitis,csynth,,15,17,5526,11541,1824,2520,548160,274080,0.8224,0.6746,1.0081,4.2108,34085,248820.5,,7.3,,,,,,,,
gemm_1774,gemm,vitis,csynth,,15,17,5354,11679,1824,2520,548160,274080,0.8224,0.6746,0.9767,4.2612,38181,278721.3,,7.3,,,,,,,,
gemm_1775,gemm,vitis,csynth,,15,17,4006,6258,1824,2520,548160,274080,0.8224,0.6746,0.7308,2.2833,20817,151964.1,,7.3,,,,,,,,
gemm_1776,gemm,vitis,csynth,,15,17,3834,6396,1824,2520,548160,274080,0.8224,0.6746,0.6994,2.3336,24913,181864.9,,7.3,,,,,,,,
gemm_1777,gemm,vitis,csynth,,19,24,4410,6753,1824,2520,548160,274080,1.0417,0.9524,0.8045,2.4639,22244,162381.19999999998,,7.3,,,,,,,,
gemm_1778,gemm,vitis,csynth,,19,24,5219,7564,1824,2520,548160,274080,1.0417,0.9524,0.9521,2.7598,26285,191880.5,,7.3,,,,,,,,
gemm_1779,gemm,vitis,csynth,,19,24,3576,5800,1824,2520,548160,274080,1.0417,0.9524,0.6524,2.1162,17157,125246.09999999999,,7.3,,,,,,,,
gemm_1780,gemm,vitis,csynth,,19,24,4451,6604,1824,2520,548160,274080,1.0417,0.9524,0.812,2.4095,21267,155249.1,,7.3,,,,,,,,
gemm_1781,gemm,vitis,csynth,,19,24,4515,6862,1824,2520,548160,274080,1.0417,0.9524,0.8237,2.5036,22253,162446.9,,7.3,,,,,,,,
gemm_1782,gemm,vitis,csynth,,19,24,5324,7633,1824,2520,548160,274080,1.0417,0.9524,0.9712,2.785,26294,191946.19999999998,,7.3,,,,,,,,
gemm_1783,gemm,vitis,csynth,,19,24,3681,5864,1824,2520,548160,274080,1.0417,0.9524,0.6715,2.1395,17166,125311.8,,7.3,,,,,,,,
gemm_1784,gemm,vitis,csynth,,19,24,4556,6735,1824,2520,548160,274080,1.0417,0.9524,0.8311,2.4573,21276,155314.8,,7.3,,,,,,,,
gemm_1785,gemm,vitis,csynth,,82,136,5216,14690,1824,2520,548160,274080,4.4956,5.3968,0.9515,5.3597,81105,592066.5,,7.3,,,,,,,,
gemm_1786,gemm,vitis,csynth,,82,136,13033,22131,1824,2520,548160,274080,4.4956,5.3968,2.3776,8.0746,598497,4369028.1,,7.3,,,,,,,,
gemm_1787,gemm,vitis,csynth,,82,136,6790,13019,1824,2520,548160,274080,4.4956,5.3968,1.2387,4.7501,145425,1061602.5,,7.3,,,,,,,,
gemm_1788,gemm,vitis,csynth,,82,136,6806,13016,1824,2520,548160,274080,4.4956,5.3968,1.2416,4.749,116209,848325.7,,7.3,,,,,,,,
gemm_1789,gemm,vitis,csynth,,82,136,13086,22145,1824,2520,548160,274080,4.4956,5.3968,2.3873,8.0798,598393,4368268.899999999,,7.3,,,,,,,,
gemm_1790,gemm,vitis,csynth,,82,136,6568,14001,1824,2520,548160,274080,4.4956,5.3968,1.1982,5.1084,87345,637618.5,,7.3,,,,,,,,
gemm_1791,gemm,vitis,csynth,,82,136,5321,14766,1824,2520,548160,274080,4.4956,5.3968,0.9707,5.3875,81114,592132.2,,7.3,,,,,,,,
gemm_1792,gemm,vitis,csynth,,82,136,13138,22215,1824,2520,548160,274080,4.4956,5.3968,2.3967,8.1053,598506,4369093.8,,7.3,,,,,,,,
gemm_1793,gemm,vitis,csynth,,82,136,6895,13095,1824,2520,548160,274080,4.4956,5.3968,1.2578,4.7778,145434,1061668.2,,7.3,,,,,,,,
gemm_1794,gemm,vitis,csynth,,82,136,6911,13092,1824,2520,548160,274080,4.4956,5.3968,1.2608,4.7767,116218,848391.4,,7.3,,,,,,,,
gemm_1795,gemm,vitis,csynth,,82,136,13191,22229,1824,2520,548160,274080,4.4956,5.3968,2.4064,8.1104,598402,4368334.6,,7.3,,,,,,,,
gemm_1796,gemm,vitis,csynth,,82,136,6673,14077,1824,2520,548160,274080,4.4956,5.3968,1.2173,5.1361,87354,637684.2,,7.3,,,,,,,,
gemm_1797,gemm,vitis,csynth,,82,136,6785,14363,1824,2520,548160,274080,4.4956,5.3968,1.2378,5.2404,88438,645597.4,,7.3,,,,,,,,
gemm_1798,gemm,vitis,csynth,,82,136,14666,21813,1824,2520,548160,274080,4.4956,5.3968,2.6755,7.9586,605830,4422559.0,,7.3,,,,,,,,
gemm_1799,gemm,vitis,csynth,,82,136,5860,14160,1824,2520,548160,274080,4.4956,5.3968,1.069,5.1664,138398,1010305.4,,7.3,,,,,,,,
gemm_1800,gemm,vitis,csynth,,82,136,5876,14157,1824,2520,548160,274080,4.4956,5.3968,1.0719,5.1653,109182,797028.6,,7.3,,,,,,,,
gemm_1801,gemm,vitis,csynth,,82,136,14719,21827,1824,2520,548160,274080,4.4956,5.3968,2.6852,7.9637,605726,4421799.8,,7.3,,,,,,,,
gemm_1802,gemm,vitis,csynth,,82,136,5638,15142,1824,2520,548160,274080,4.4956,5.3968,1.0285,5.5247,80318,586321.4,,7.3,,,,,,,,
gemm_1803,gemm,vitis,csynth,,82,136,6890,14428,1824,2520,548160,274080,4.4956,5.3968,1.2569,5.2642,88447,645663.1,,7.3,,,,,,,,
gemm_1804,gemm,vitis,csynth,,82,136,14771,21894,1824,2520,548160,274080,4.4956,5.3968,2.6947,7.9882,605839,4422624.7,,7.3,,,,,,,,
gemm_1805,gemm,vitis,csynth,,82,136,5965,14220,1824,2520,548160,274080,4.4956,5.3968,1.0882,5.1883,138407,1010371.1,,7.3,,,,,,,,
gemm_1806,gemm,vitis,csynth,,82,136,5981,14217,1824,2520,548160,274080,4.4956,5.3968,1.0911,5.1872,109191,797094.2999999999,,7.3,,,,,,,,
gemm_1807,gemm,vitis,csynth,,82,136,14760,21910,1824,2520,548160,274080,4.4956,5.3968,2.6926,7.994,605735,4421865.5,,7.3,,,,,,,,
gemm_1808,gemm,vitis,csynth,,82,136,5743,15211,1824,2520,548160,274080,4.4956,5.3968,1.0477,5.5498,80327,586387.1,,7.3,,,,,,,,
gemm_1809,gemm,vitis,csynth,,19,24,5075,11374,1824,2520,548160,274080,1.0417,0.9524,0.9258,4.1499,30488,222562.4,,7.3,,,,,,,,
gemm_1810,gemm,vitis,csynth,,19,24,3625,6185,1824,2520,548160,274080,1.0417,0.9524,0.6613,2.2566,21391,156154.3,,7.3,,,,,,,,
gemm_1811,gemm,vitis,csynth,,19,24,5822,12346,1824,2520,548160,274080,1.0417,0.9524,1.0621,4.5045,34597,252558.1,,7.3,,,,,,,,
gemm_1812,gemm,vitis,csynth,,19,24,4564,7024,1824,2520,548160,274080,1.0417,0.9524,0.8326,2.5628,25500,186150.0,,7.3,,,,,,,,
gemm_1813,gemm,vitis,csynth,,19,24,5178,11489,1824,2520,548160,274080,1.0417,0.9524,0.9446,4.1918,30495,222613.5,,7.3,,,,,,,,
gemm_1814,gemm,vitis,csynth,,19,24,3726,6235,1824,2520,548160,274080,1.0417,0.9524,0.6797,2.2749,21396,156190.8,,7.3,,,,,,,,
gemm_1815,gemm,vitis,csynth,,19,24,5927,12415,1824,2520,548160,274080,1.0417,0.9524,1.0813,4.5297,34606,252623.8,,7.3,,,,,,,,
gemm_1816,gemm,vitis,csynth,,19,24,4669,7126,1824,2520,548160,274080,1.0417,0.9524,0.8518,2.6,25509,186215.69999999998,,7.3,,,,,,,,
gemm_1817,gemm,vitis,csynth,,74,80,4681,10762,1824,2520,548160,274080,4.057,3.1746,0.8539,3.9266,18716,136626.8,,7.3,,,,,,,,
gemm_1818,gemm,vitis,csynth,,74,80,6062,15873,1824,2520,548160,274080,4.057,3.1746,1.1059,5.7914,23261,169805.3,,7.3,,,,,,,,
gemm_1819,gemm,vitis,csynth,,74,80,6004,10043,1824,2520,548160,274080,4.057,3.1746,1.0953,3.6643,25436,185682.8,,7.3,,,,,,,,
gemm_1820,gemm,vitis,csynth,,74,80,7385,15146,1824,2520,548160,274080,4.057,3.1746,1.3472,5.5261,29981,218861.3,,7.3,,,,,,,,
gemm_1821,gemm,vitis,csynth,,74,80,4786,10871,1824,2520,548160,274080,4.057,3.1746,0.8731,3.9664,18725,136692.5,,7.3,,,,,,,,
gemm_1822,gemm,vitis,csynth,,74,80,6167,15946,1824,2520,548160,274080,4.057,3.1746,1.125,5.818,23270,169871.0,,7.3,,,,,,,,
gemm_1823,gemm,vitis,csynth,,74,80,6109,10145,1824,2520,548160,274080,4.057,3.1746,1.1145,3.7015,25445,185748.5,,7.3,,,,,,,,
gemm_1824,gemm,vitis,csynth,,74,80,7490,15215,1824,2520,548160,274080,4.057,3.1746,1.3664,5.5513,29990,218927.0,,7.3,,,,,,,,
gemm_1825,gemm,vitis,csynth,,76,73,4921,10806,1824,2520,548160,274080,4.1667,2.8968,0.8977,3.9426,19165,139904.5,,7.3,,,,,,,,
gemm_1826,gemm,vitis,csynth,,76,73,4223,9866,1824,2520,548160,274080,4.1667,2.8968,0.7704,3.5997,18716,136626.8,,7.3,,,,,,,,
gemm_1827,gemm,vitis,csynth,,76,73,6116,10183,1824,2520,548160,274080,4.1667,2.8968,1.1157,3.7153,25885,188960.5,,7.3,,,,,,,,
gemm_1828,gemm,vitis,csynth,,76,73,5546,9147,1824,2520,548160,274080,4.1667,2.8968,1.0117,3.3373,25436,185682.8,,7.3,,,,,,,,
gemm_1829,gemm,vitis,csynth,,76,73,5026,10879,1824,2520,548160,274080,4.1667,2.8968,0.9169,3.9693,19174,139970.19999999998,,7.3,,,,,,,,
gemm_1830,gemm,vitis,csynth,,76,73,4328,9975,1824,2520,548160,274080,4.1667,2.8968,0.7896,3.6394,18725,136692.5,,7.3,,,,,,,,
gemm_1831,gemm,vitis,csynth,,76,73,6221,10252,1824,2520,548160,274080,4.1667,2.8968,1.1349,3.7405,25894,189026.19999999998,,7.3,,,,,,,,
gemm_1832,gemm,vitis,csynth,,76,73,5651,9249,1824,2520,548160,274080,4.1667,2.8968,1.0309,3.3746,25445,185748.5,,7.3,,,,,,,,
gemm_1833,gemm,vitis,csynth,,83,73,10080,18185,1824,2520,548160,274080,4.5504,2.8968,1.8389,6.6349,605593,4420828.899999999,,7.3,,,,,,,,
gemm_1834,gemm,vitis,csynth,,83,73,6255,11931,1824,2520,548160,274080,4.5504,2.8968,1.1411,4.3531,547977,4000232.1,,7.3,,,,,,,,
gemm_1835,gemm,vitis,csynth,,83,73,9409,17288,1824,2520,548160,274080,4.5504,2.8968,1.7165,6.3076,604616,4413696.8,,7.3,,,,,,,,
gemm_1836,gemm,vitis,csynth,,83,73,4687,11046,1824,2520,548160,274080,4.5504,2.8968,0.855,4.0302,87678,640049.4,,7.3,,,,,,,,
gemm_1837,gemm,vitis,csynth,,83,73,6122,10187,1824,2520,548160,274080,4.5504,2.8968,1.1168,3.7168,606407,4426771.1,,7.3,,,,,,,,
gemm_1838,gemm,vitis,csynth,,83,73,4833,9946,1824,2520,548160,274080,4.5504,2.8968,0.8817,3.6289,116542,850756.6,,7.3,,,,,,,,
gemm_1839,gemm,vitis,csynth,,83,73,10185,18269,1824,2520,548160,274080,4.5504,2.8968,1.858,6.6656,605602,4420894.6,,7.3,,,,,,,,
gemm_1840,gemm,vitis,csynth,,83,73,6360,12007,1824,2520,548160,274080,4.5504,2.8968,1.1602,4.3808,547986,4000297.8,,7.3,,,,,,,,
gemm_1841,gemm,vitis,csynth,,83,73,9514,17373,1824,2520,548160,274080,4.5504,2.8968,1.7356,6.3387,604625,4413762.5,,7.3,,,,,,,,
gemm_1842,gemm,vitis,csynth,,83,73,4792,11145,1824,2520,548160,274080,4.5504,2.8968,0.8742,4.0663,87687,640115.1,,7.3,,,,,,,,
gemm_1843,gemm,vitis,csynth,,83,73,6227,10263,1824,2520,548160,274080,4.5504,2.8968,1.136,3.7445,606416,4426836.8,,7.3,,,,,,,,
gemm_1844,gemm,vitis,csynth,,83,73,4938,10062,1824,2520,548160,274080,4.5504,2.8968,0.9008,3.6712,116551,850822.2999999999,,7.3,,,,,,,,
gemm_1845,gemm,vitis,csynth,,83,80,10514,18744,1824,2520,548160,274080,4.5504,3.1746,1.9181,6.8389,605702,4421624.6,,7.3,,,,,,,,
gemm_1846,gemm,vitis,csynth,,83,80,6689,12479,1824,2520,548160,274080,4.5504,3.1746,1.2203,4.5531,548086,4001027.8,,7.3,,,,,,,,
gemm_1847,gemm,vitis,csynth,,83,80,9740,17826,1824,2520,548160,274080,4.5504,3.1746,1.7769,6.5039,597541,4362049.3,,7.3,,,,,,,,
gemm_1848,gemm,vitis,csynth,,83,80,5018,11605,1824,2520,548160,274080,4.5504,3.1746,0.9154,4.2342,80603,588401.9,,7.3,,,,,,,,
gemm_1849,gemm,vitis,csynth,,83,80,6556,10736,1824,2520,548160,274080,4.5504,3.1746,1.196,3.9171,606516,4427566.8,,7.3,,,,,,,,
gemm_1850,gemm,vitis,csynth,,83,80,5164,10522,1824,2520,548160,274080,4.5504,3.1746,0.9421,3.839,109467,799109.1,,7.3,,,,,,,,
gemm_1851,gemm,vitis,csynth,,83,80,10619,18825,1824,2520,548160,274080,4.5504,3.1746,1.9372,6.8684,605711,4421690.3,,7.3,,,,,,,,
gemm_1852,gemm,vitis,csynth,,83,80,6794,12544,1824,2520,548160,274080,4.5504,3.1746,1.2394,4.5768,548095,4001093.5,,7.3,,,,,,,,
gemm_1853,gemm,vitis,csynth,,83,80,9845,17907,1824,2520,548160,274080,4.5504,3.1746,1.796,6.5335,597550,4362115.0,,7.3,,,,,,,,
gemm_1854,gemm,vitis,csynth,,83,80,5123,11721,1824,2520,548160,274080,4.5504,3.1746,0.9346,4.2765,80612,588467.6,,7.3,,,,,,,,
gemm_1855,gemm,vitis,csynth,,83,80,6661,10796,1824,2520,548160,274080,4.5504,3.1746,1.2152,3.939,606525,4427632.5,,7.3,,,,,,,,
gemm_1856,gemm,vitis,csynth,,83,80,5269,10624,1824,2520,548160,274080,4.5504,3.1746,0.9612,3.8762,109476,799174.7999999999,,7.3,,,,,,,,
gemm_1857,gemm,vitis,csynth,,74,80,6066,16034,1824,2520,548160,274080,4.057,3.1746,1.1066,5.8501,23269,169863.69999999998,,7.3,,,,,,,,
gemm_1858,gemm,vitis,csynth,,74,80,7389,15147,1824,2520,548160,274080,4.057,3.1746,1.348,5.5265,29989,218919.69999999998,,7.3,,,,,,,,
gemm_1859,gemm,vitis,csynth,,74,80,4616,10774,1824,2520,548160,274080,4.057,3.1746,0.8421,3.931,18712,136597.6,,7.3,,,,,,,,
gemm_1860,gemm,vitis,csynth,,74,80,5939,10055,1824,2520,548160,274080,4.057,3.1746,1.0834,3.6686,25432,185653.6,,7.3,,,,,,,,
gemm_1861,gemm,vitis,csynth,,74,80,6171,16107,1824,2520,548160,274080,4.057,3.1746,1.1258,5.8768,23278,169929.4,,7.3,,,,,,,,
gemm_1862,gemm,vitis,csynth,,74,80,7494,15216,1824,2520,548160,274080,4.057,3.1746,1.3671,5.5517,29998,218985.4,,7.3,,,,,,,,
gemm_1863,gemm,vitis,csynth,,74,80,4719,10889,1824,2520,548160,274080,4.057,3.1746,0.8609,3.9729,18719,136648.69999999998,,7.3,,,,,,,,
gemm_1864,gemm,vitis,csynth,,74,80,6042,10162,1824,2520,548160,274080,4.057,3.1746,1.1022,3.7077,25439,185704.69999999998,,7.3,,,,,,,,
gemm_1865,gemm,vitis,csynth,,19,24,5952,12369,1824,2520,548160,274080,1.0417,0.9524,1.0858,4.5129,34477,251682.1,,7.3,,,,,,,,
gemm_1866,gemm,vitis,csynth,,19,24,5140,11426,1824,2520,548160,274080,1.0417,0.9524,0.9377,4.1689,30436,222182.8,,7.3,,,,,,,,
gemm_1867,gemm,vitis,csynth,,19,24,4498,7108,1824,2520,548160,274080,1.0417,0.9524,0.8206,2.5934,21267,155249.1,,7.3,,,,,,,,
gemm_1868,gemm,vitis,csynth,,19,24,3622,6195,1824,2520,548160,274080,1.0417,0.9524,0.6608,2.2603,17226,125749.8,,7.3,,,,,,,,
gemm_1869,gemm,vitis,csynth,,19,24,6057,12438,1824,2520,548160,274080,1.0417,0.9524,1.105,4.5381,34486,251747.8,,7.3,,,,,,,,
gemm_1870,gemm,vitis,csynth,,19,24,5245,11535,1824,2520,548160,274080,1.0417,0.9524,0.9568,4.2086,30445,222248.5,,7.3,,,,,,,,
gemm_1871,gemm,vitis,csynth,,19,24,4603,7239,1824,2520,548160,274080,1.0417,0.9524,0.8397,2.6412,21276,155314.8,,7.3,,,,,,,,
gemm_1872,gemm,vitis,csynth,,19,24,3725,6252,1824,2520,548160,274080,1.0417,0.9524,0.6795,2.2811,17233,125800.9,,7.3,,,,,,,,
gemm_1873,gemm,vitis,csynth,,130,136,5346,14922,1824,2520,548160,274080,7.1272,5.3968,0.9753,5.4444,15525,113332.5,,7.3,,,,,,,,
gemm_1874,gemm,vitis,csynth,,130,136,6664,14028,1824,2520,548160,274080,7.1272,5.3968,1.2157,5.1182,19117,139554.1,,7.3,,,,,,,,
gemm_1875,gemm,vitis,csynth,,130,136,6541,14299,1824,2520,548160,274080,7.1272,5.3968,1.1933,5.2171,22245,162388.5,,7.3,,,,,,,,
gemm_1876,gemm,vitis,csynth,,130,136,7987,13461,1824,2520,548160,274080,7.1272,5.3968,1.4571,4.9113,25837,188610.1,,7.3,,,,,,,,
gemm_1877,gemm,vitis,csynth,,130,136,5451,14995,1824,2520,548160,274080,7.1272,5.3968,0.9944,5.471,15534,113398.2,,7.3,,,,,,,,
gemm_1878,gemm,vitis,csynth,,130,136,6769,14097,1824,2520,548160,274080,7.1272,5.3968,1.2349,5.1434,19126,139619.8,,7.3,,,,,,,,
gemm_1879,gemm,vitis,csynth,,130,136,6646,14368,1824,2520,548160,274080,7.1272,5.3968,1.2124,5.2423,22254,162454.19999999998,,7.3,,,,,,,,
gemm_1880,gemm,vitis,csynth,,130,136,8092,13526,1824,2520,548160,274080,7.1272,5.3968,1.4762,4.9351,25846,188675.8,,7.3,,,,,,,,
gemm_1881,gemm,vitis,csynth,,194,584,15726,41271,1824,2520,548160,274080,10.636,23.1746,2.8689,15.058,138721,1012663.2999999999,,7.3,,,,,,,,
gemm_1882,gemm,vitis,csynth,,194,584,23422,35410,1824,2520,548160,274080,10.636,23.1746,4.2728,12.9196,598497,4369028.1,,7.3,,,,,,,,
gemm_1883,gemm,vitis,csynth,,194,584,17071,40552,1824,2520,548160,274080,10.636,23.1746,3.1142,14.7957,145369,1061193.7,,7.3,,,,,,,,
gemm_1884,gemm,vitis,csynth,,194,584,17234,40615,1824,2520,548160,274080,10.636,23.1746,3.144,14.8187,116153,847916.9,,7.3,,,,,,,,
gemm_1885,gemm,vitis,csynth,,194,584,23447,35424,1824,2520,548160,274080,10.636,23.1746,4.2774,12.9247,598393,4368268.899999999,,7.3,,,,,,,,
gemm_1886,gemm,vitis,csynth,,194,584,17234,40615,1824,2520,548160,274080,10.636,23.1746,3.144,14.8187,116153,847916.9,,7.3,,,,,,,,
gemm_1887,gemm,vitis,csynth,,194,584,15831,41355,1824,2520,548160,274080,10.636,23.1746,2.888,15.0887,138730,1012729.0,,7.3,,,,,,,,
gemm_1888,gemm,vitis,csynth,,194,584,23527,35494,1824,2520,548160,274080,10.636,23.1746,4.292,12.9502,598506,4369093.8,,7.3,,,,,,,,
gemm_1889,gemm,vitis,csynth,,194,584,17176,40636,1824,2520,548160,274080,10.636,23.1746,3.1334,14.8263,145378,1061259.4,,7.3,,,,,,,,
gemm_1890,gemm,vitis,csynth,,194,584,17339,40699,1824,2520,548160,274080,10.636,23.1746,3.1631,14.8493,116162,847982.6,,7.3,,,,,,,,
gemm_1891,gemm,vitis,csynth,,194,584,23552,35508,1824,2520,548160,274080,10.636,23.1746,4.2966,12.9553,598402,4368334.6,,7.3,,,,,,,,
gemm_1892,gemm,vitis,csynth,,194,584,17339,40699,1824,2520,548160,274080,10.636,23.1746,3.1631,14.8493,116162,847982.6,,7.3,,,,,,,,
gemm_1893,gemm,vitis,csynth,,194,584,17359,40953,1824,2520,548160,274080,10.636,23.1746,3.1668,14.942,146054,1066194.2,,7.3,,,,,,,,
gemm_1894,gemm,vitis,csynth,,194,584,25055,35092,1824,2520,548160,274080,10.636,23.1746,4.5707,12.8036,605830,4422559.0,,7.3,,,,,,,,
gemm_1895,gemm,vitis,csynth,,194,584,16141,41701,1824,2520,548160,274080,10.636,23.1746,2.9446,15.2149,138342,1009896.6,,7.3,,,,,,,,
gemm_1896,gemm,vitis,csynth,,194,584,16304,41764,1824,2520,548160,274080,10.636,23.1746,2.9743,15.2379,109126,796619.7999999999,,7.3,,,,,,,,
gemm_1897,gemm,vitis,csynth,,194,584,25080,35106,1824,2520,548160,274080,10.636,23.1746,4.5753,12.8087,605726,4421799.8,,7.3,,,,,,,,
gemm_1898,gemm,vitis,csynth,,194,584,16304,41764,1824,2520,548160,274080,10.636,23.1746,2.9743,15.2379,109126,796619.7999999999,,7.3,,,,,,,,
gemm_1899,gemm,vitis,csynth,,194,584,17400,41036,1824,2520,548160,274080,10.636,23.1746,3.1743,14.9723,146063,1066259.9,,7.3,,,,,,,,
gemm_1900,gemm,vitis,csynth,,194,584,25096,35175,1824,2520,548160,274080,10.636,23.1746,4.5782,12.8338,605839,4422624.7,,7.3,,,,,,,,
gemm_1901,gemm,vitis,csynth,,194,584,16246,41783,1824,2520,548160,274080,10.636,23.1746,2.9637,15.2448,138351,1009962.2999999999,,7.3,,,,,,,,
gemm_1902,gemm,vitis,csynth,,194,584,16409,41846,1824,2520,548160,274080,10.636,23.1746,2.9935,15.2678,109135,796685.5,,7.3,,,,,,,,
gemm_1903,gemm,vitis,csynth,,194,584,25185,35187,1824,2520,548160,274080,10.636,23.1746,4.5945,12.8382,605735,4421865.5,,7.3,,,,,,,,
gemm_1904,gemm,vitis,csynth,,194,584,16409,41846,1824,2520,548160,274080,10.636,23.1746,2.9935,15.2678,109135,796685.5,,7.3,,,,,,,,
gemm_1905,gemm,vitis,csynth,,130,136,5347,14939,1824,2520,548160,274080,7.1272,5.3968,0.9754,5.4506,15589,113799.7,,7.3,,,,,,,,
gemm_1906,gemm,vitis,csynth,,130,136,6670,14052,1824,2520,548160,274080,7.1272,5.3968,1.2168,5.127,22309,162855.69999999998,,7.3,,,,,,,,
gemm_1907,gemm,vitis,csynth,,130,136,6537,14309,1824,2520,548160,274080,7.1272,5.3968,1.1925,5.2207,19181,140021.3,,7.3,,,,,,,,
gemm_1908,gemm,vitis,csynth,,130,136,7988,13478,1824,2520,548160,274080,7.1272,5.3968,1.4572,4.9175,25901,189077.3,,7.3,,,,,,,,
gemm_1909,gemm,vitis,csynth,,130,136,5452,15012,1824,2520,548160,274080,7.1272,5.3968,0.9946,5.4772,15598,113865.4,,7.3,,,,,,,,
gemm_1910,gemm,vitis,csynth,,130,136,6775,14121,1824,2520,548160,274080,7.1272,5.3968,1.236,5.1521,22318,162921.4,,7.3,,,,,,,,
gemm_1911,gemm,vitis,csynth,,130,136,6642,14378,1824,2520,548160,274080,7.1272,5.3968,1.2117,5.2459,19190,140087.0,,7.3,,,,,,,,
gemm_1912,gemm,vitis,csynth,,130,136,8093,13543,1824,2520,548160,274080,7.1272,5.3968,1.4764,4.9413,25910,189143.0,,7.3,,,,,,,,
gemm_1913,gemm,vitis,csynth,,130,136,6664,14188,1824,2520,548160,274080,7.1272,5.3968,1.2157,5.1766,19117,139554.1,,7.3,,,,,,,,
gemm_1914,gemm,vitis,csynth,,130,136,5346,14922,1824,2520,548160,274080,7.1272,5.3968,0.9753,5.4444,15525,113332.5,,7.3,,,,,,,,
gemm_1915,gemm,vitis,csynth,,130,136,7987,13461,1824,2520,548160,274080,7.1272,5.3968,1.4571,4.9113,25837,188610.1,,7.3,,,,,,,,
gemm_1916,gemm,vitis,csynth,,130,136,6669,14195,1824,2520,548160,274080,7.1272,5.3968,1.2166,5.1791,22245,162388.5,,7.3,,,,,,,,
gemm_1917,gemm,vitis,csynth,,130,136,6769,14257,1824,2520,548160,274080,7.1272,5.3968,1.2349,5.2018,19126,139619.8,,7.3,,,,,,,,
gemm_1918,gemm,vitis,csynth,,130,136,5451,14995,1824,2520,548160,274080,7.1272,5.3968,0.9944,5.471,15534,113398.2,,7.3,,,,,,,,
gemm_1919,gemm,vitis,csynth,,130,136,8092,13526,1824,2520,548160,274080,7.1272,5.3968,1.4762,4.9351,25846,188675.8,,7.3,,,,,,,,
gemm_1920,gemm,vitis,csynth,,130,136,6774,14264,1824,2520,548160,274080,7.1272,5.3968,1.2358,5.2043,22254,162454.19999999998,,7.3,,,,,,,,
gemm_1921,gemm,vitis,csynth,,22,3,2734,4207,1824,2520,548160,274080,1.2061,0.119,0.4988,1.535,24901,181777.3,,7.3,,,,,,,,
gemm_1922,gemm,vitis,csynth,,22,3,2945,4354,1824,2520,548160,274080,1.2061,0.119,0.5373,1.5886,24901,181777.3,,7.3,,,,,,,,
gemm_1923,gemm,vitis,csynth,,22,3,2945,4358,1824,2520,548160,274080,1.2061,0.119,0.5373,1.59,24901,181777.3,,7.3,,,,,,,,
gemm_1924,gemm,vitis,csynth,,22,3,3156,4505,1824,2520,548160,274080,1.2061,0.119,0.5757,1.6437,24901,181777.3,,7.3,,,,,,,,
gemm_1925,gemm,vitis,csynth,,22,3,2839,4272,1824,2520,548160,274080,1.2061,0.119,0.5179,1.5587,24910,181843.0,,7.3,,,,,,,,
gemm_1926,gemm,vitis,csynth,,22,3,3050,4419,1824,2520,548160,274080,1.2061,0.119,0.5564,1.6123,24910,181843.0,,7.3,,,,,,,,
gemm_1927,gemm,vitis,csynth,,22,3,3050,4423,1824,2520,548160,274080,1.2061,0.119,0.5564,1.6138,24910,181843.0,,7.3,,,,,,,,
gemm_1928,gemm,vitis,csynth,,22,3,3261,4570,1824,2520,548160,274080,1.2061,0.119,0.5949,1.6674,24910,181843.0,,7.3,,,,,,,,
gemm_1929,gemm,vitis,csynth,,36,3,2662,4305,1824,2520,548160,274080,1.9737,0.119,0.4856,1.5707,1097921,8014823.3,,7.3,,,,,,,,
gemm_1930,gemm,vitis,csynth,,36,3,2873,4453,1824,2520,548160,274080,1.9737,0.119,0.5241,1.6247,1097921,8014823.3,,7.3,,,,,,,,
gemm_1931,gemm,vitis,csynth,,36,3,2874,4459,1824,2520,548160,274080,1.9737,0.119,0.5243,1.6269,1097921,8014823.3,,7.3,,,,,,,,
gemm_1932,gemm,vitis,csynth,,36,3,2874,4459,1824,2520,548160,274080,1.9737,0.119,0.5243,1.6269,1097921,8014823.3,,7.3,,,,,,,,
gemm_1933,gemm,vitis,csynth,,36,3,2873,4453,1824,2520,548160,274080,1.9737,0.119,0.5241,1.6247,1097921,8014823.3,,7.3,,,,,,,,
gemm_1934,gemm,vitis,csynth,,36,3,2873,4455,1824,2520,548160,274080,1.9737,0.119,0.5241,1.6254,1097921,8014823.3,,7.3,,,,,,,,
gemm_1935,gemm,vitis,csynth,,36,3,2763,4361,1824,2520,548160,274080,1.9737,0.119,0.504,1.5911,1097926,8014859.8,,7.3,,,,,,,,
gemm_1936,gemm,vitis,csynth,,36,3,2974,4509,1824,2520,548160,274080,1.9737,0.119,0.5425,1.6451,1097926,8014859.8,,7.3,,,,,,,,
gemm_1937,gemm,vitis,csynth,,36,3,2975,4515,1824,2520,548160,274080,1.9737,0.119,0.5427,1.6473,1097926,8014859.8,,7.3,,,,,,,,
gemm_1938,gemm,vitis,csynth,,36,3,2975,4515,1824,2520,548160,274080,1.9737,0.119,0.5427,1.6473,1097926,8014859.8,,7.3,,,,,,,,
gemm_1939,gemm,vitis,csynth,,36,3,2974,4509,1824,2520,548160,274080,1.9737,0.119,0.5425,1.6451,1097926,8014859.8,,7.3,,,,,,,,
gemm_1940,gemm,vitis,csynth,,36,3,2974,4511,1824,2520,548160,274080,1.9737,0.119,0.5425,1.6459,1097926,8014859.8,,7.3,,,,,,,,
gemm_1941,gemm,vitis,csynth,,37,3,2990,4621,1824,2520,548160,274080,2.0285,0.119,0.5455,1.686,1097929,8014881.7,,7.3,,,,,,,,
gemm_1942,gemm,vitis,csynth,,37,3,3201,4769,1824,2520,548160,274080,2.0285,0.119,0.584,1.74,1097929,8014881.7,,7.3,,,,,,,,
gemm_1943,gemm,vitis,csynth,,37,3,2780,4475,1824,2520,548160,274080,2.0285,0.119,0.5072,1.6327,1097929,8014881.7,,7.3,,,,,,,,
gemm_1944,gemm,vitis,csynth,,37,3,2780,4475,1824,2520,548160,274080,2.0285,0.119,0.5072,1.6327,1097929,8014881.7,,7.3,,,,,,,,
gemm_1945,gemm,vitis,csynth,,37,3,3201,4769,1824,2520,548160,274080,2.0285,0.119,0.584,1.74,1097929,8014881.7,,7.3,,,,,,,,
gemm_1946,gemm,vitis,csynth,,37,3,2779,4471,1824,2520,548160,274080,2.0285,0.119,0.507,1.6313,1097929,8014881.7,,7.3,,,,,,,,
gemm_1947,gemm,vitis,csynth,,37,3,3093,4679,1824,2520,548160,274080,2.0285,0.119,0.5643,1.7072,1097936,8014932.8,,7.3,,,,,,,,
gemm_1948,gemm,vitis,csynth,,37,3,3304,4827,1824,2520,548160,274080,2.0285,0.119,0.6027,1.7612,1097936,8014932.8,,7.3,,,,,,,,
gemm_1949,gemm,vitis,csynth,,37,3,2883,4533,1824,2520,548160,274080,2.0285,0.119,0.5259,1.6539,1097936,8014932.8,,7.3,,,,,,,,
gemm_1950,gemm,vitis,csynth,,37,3,2883,4533,1824,2520,548160,274080,2.0285,0.119,0.5259,1.6539,1097936,8014932.8,,7.3,,,,,,,,
gemm_1951,gemm,vitis,csynth,,37,3,3304,4827,1824,2520,548160,274080,2.0285,0.119,0.6027,1.7612,1097936,8014932.8,,7.3,,,,,,,,
gemm_1952,gemm,vitis,csynth,,37,3,2882,4529,1824,2520,548160,274080,2.0285,0.119,0.5258,1.6524,1097936,8014932.8,,7.3,,,,,,,,
gemm_1953,gemm,vitis,csynth,,1,0,1499,2227,1824,2520,548160,274080,0.0548,0.0,0.2735,0.8125,16688,121822.4,,7.3,,,,,,,,
gemm_1954,gemm,vitis,csynth,,1,0,1499,2227,1824,2520,548160,274080,0.0548,0.0,0.2735,0.8125,16688,121822.4,,7.3,,,,,,,,
gemm_1955,gemm,vitis,csynth,,1,0,1499,2227,1824,2520,548160,274080,0.0548,0.0,0.2735,0.8125,16688,121822.4,,7.3,,,,,,,,
gemm_1956,gemm,vitis,csynth,,1,0,1499,2227,1824,2520,548160,274080,0.0548,0.0,0.2735,0.8125,16688,121822.4,,7.3,,,,,,,,
gemm_1957,gemm,vitis,csynth,,1,0,1499,2227,1824,2520,548160,274080,0.0548,0.0,0.2735,0.8125,16688,121822.4,,7.3,,,,,,,,
gemm_1958,gemm,vitis,csynth,,1,0,1499,2227,1824,2520,548160,274080,0.0548,0.0,0.2735,0.8125,16688,121822.4,,7.3,,,,,,,,
gemm_1959,gemm,vitis,csynth,,1,0,1499,2227,1824,2520,548160,274080,0.0548,0.0,0.2735,0.8125,16688,121822.4,,7.3,,,,,,,,
gemm_1960,gemm,vitis,csynth,,1,0,1499,2227,1824,2520,548160,274080,0.0548,0.0,0.2735,0.8125,16688,121822.4,,7.3,,,,,,,,
gemm_1961,gemm,vitis,csynth,,22,3,2944,4358,1824,2520,548160,274080,1.2061,0.119,0.5371,1.59,24970,182281.0,,7.3,,,,,,,,
gemm_1962,gemm,vitis,csynth,,22,3,2733,4207,1824,2520,548160,274080,1.2061,0.119,0.4986,1.535,24970,182281.0,,7.3,,,,,,,,
gemm_1963,gemm,vitis,csynth,,22,3,3155,4509,1824,2520,548160,274080,1.2061,0.119,0.5756,1.6451,24970,182281.0,,7.3,,,,,,,,
gemm_1964,gemm,vitis,csynth,,22,3,2944,4358,1824,2520,548160,274080,1.2061,0.119,0.5371,1.59,24970,182281.0,,7.3,,,,,,,,
gemm_1965,gemm,vitis,csynth,,22,3,3047,4416,1824,2520,548160,274080,1.2061,0.119,0.5559,1.6112,24977,182332.1,,7.3,,,,,,,,
gemm_1966,gemm,vitis,csynth,,22,3,2836,4265,1824,2520,548160,274080,1.2061,0.119,0.5174,1.5561,24977,182332.1,,7.3,,,,,,,,
gemm_1967,gemm,vitis,csynth,,22,3,3258,4567,1824,2520,548160,274080,1.2061,0.119,0.5944,1.6663,24977,182332.1,,7.3,,,,,,,,
gemm_1968,gemm,vitis,csynth,,22,3,3047,4416,1824,2520,548160,274080,1.2061,0.119,0.5559,1.6112,24977,182332.1,,7.3,,,,,,,,
gemm_1969,gemm,vitis,csynth,,20,17,3276,5237,1824,2520,548160,274080,1.0965,0.6746,0.5976,1.9108,17733,129450.9,,7.3,,,,,,,,
gemm_1970,gemm,vitis,csynth,,20,17,4141,6038,1824,2520,548160,274080,1.0965,0.6746,0.7554,2.203,25955,189471.5,,7.3,,,,,,,,
gemm_1971,gemm,vitis,csynth,,20,17,3487,5388,1824,2520,548160,274080,1.0965,0.6746,0.6361,1.9658,17733,129450.9,,7.3,,,,,,,,
gemm_1972,gemm,vitis,csynth,,20,17,4352,6189,1824,2520,548160,274080,1.0965,0.6746,0.7939,2.2581,25955,189471.5,,7.3,,,,,,,,
gemm_1973,gemm,vitis,csynth,,20,17,3381,5302,1824,2520,548160,274080,1.0965,0.6746,0.6168,1.9345,17742,129516.59999999999,,7.3,,,,,,,,
gemm_1974,gemm,vitis,csynth,,20,17,4246,6170,1824,2520,548160,274080,1.0965,0.6746,0.7746,2.2512,25964,189537.19999999998,,7.3,,,,,,,,
gemm_1975,gemm,vitis,csynth,,20,17,3592,5453,1824,2520,548160,274080,1.0965,0.6746,0.6553,1.9896,17742,129516.59999999999,,7.3,,,,,,,,
gemm_1976,gemm,vitis,csynth,,20,17,4457,6321,1824,2520,548160,274080,1.0965,0.6746,0.8131,2.3063,25964,189537.19999999998,,7.3,,,,,,,,
gemm_1977,gemm,vitis,csynth,,34,24,3340,5890,1824,2520,548160,274080,1.864,0.9524,0.6093,2.149,151745,1107738.5,,7.3,,,,,,,,
gemm_1978,gemm,vitis,csynth,,34,24,4349,6778,1824,2520,548160,274080,1.864,0.9524,0.7934,2.473,1188302,8674604.6,,7.3,,,,,,,,
gemm_1979,gemm,vitis,csynth,,34,24,4231,7528,1824,2520,548160,274080,1.864,0.9524,0.7719,2.7466,167002,1219114.5999999999,,7.3,,,,,,,,
gemm_1980,gemm,vitis,csynth,,34,24,4882,8356,1824,2520,548160,274080,1.864,0.9524,0.8906,3.0487,1143209,8345425.7,,7.3,,,,,,,,
gemm_1981,gemm,vitis,csynth,,34,24,5528,8864,1824,2520,548160,274080,1.864,0.9524,1.0085,3.2341,1070352,7813569.6,,7.3,,,,,,,,
gemm_1982,gemm,vitis,csynth,,34,24,4666,9413,1824,2520,548160,274080,1.864,0.9524,0.8512,3.4344,1085609,7924945.7,,7.3,,,,,,,,
gemm_1983,gemm,vitis,csynth,,34,24,3441,5946,1824,2520,548160,274080,1.864,0.9524,0.6277,2.1694,151750,1107775.0,,7.3,,,,,,,,
gemm_1984,gemm,vitis,csynth,,34,24,4454,6902,1824,2520,548160,274080,1.864,0.9524,0.8125,2.5182,1188311,8674670.299999999,,7.3,,,,,,,,
gemm_1985,gemm,vitis,csynth,,34,24,4334,7604,1824,2520,548160,274080,1.864,0.9524,0.7906,2.7744,167009,1219165.7,,7.3,,,,,,,,
gemm_1986,gemm,vitis,csynth,,34,24,4987,8432,1824,2520,548160,274080,1.864,0.9524,0.9098,3.0765,1143218,8345491.399999999,,7.3,,,,,,,,
gemm_1987,gemm,vitis,csynth,,34,24,5633,8980,1824,2520,548160,274080,1.864,0.9524,1.0276,3.2764,1070361,7813635.3,,7.3,,,,,,,,
gemm_1988,gemm,vitis,csynth,,34,24,4771,9489,1824,2520,548160,274080,1.864,0.9524,0.8704,3.4621,1085618,7925011.399999999,,7.3,,,,,,,,
gemm_1989,gemm,vitis,csynth,,36,17,3240,5460,1824,2520,548160,274080,1.9737,0.6746,0.5911,1.9921,166089,1212449.7,,7.3,,,,,,,,
gemm_1990,gemm,vitis,csynth,,36,17,4251,6416,1824,2520,548160,274080,1.9737,0.6746,0.7755,2.3409,1202891,8781104.299999999,,7.3,,,,,,,,
gemm_1991,gemm,vitis,csynth,,36,17,4013,6263,1824,2520,548160,274080,1.9737,0.6746,0.7321,2.2851,166994,1219056.2,,7.3,,,,,,,,
gemm_1992,gemm,vitis,csynth,,36,17,4666,7089,1824,2520,548160,274080,1.9737,0.6746,0.8512,2.5865,1143446,8347155.8,,7.3,,,,,,,,
gemm_1993,gemm,vitis,csynth,,36,17,5430,8494,1824,2520,548160,274080,1.9737,0.6746,0.9906,3.0991,1084941,7920069.3,,7.3,,,,,,,,
gemm_1994,gemm,vitis,csynth,,36,17,4450,8146,1824,2520,548160,274080,1.9737,0.6746,0.8118,2.9721,1085846,7926675.8,,7.3,,,,,,,,
gemm_1995,gemm,vitis,csynth,,36,17,3343,5518,1824,2520,548160,274080,1.9737,0.6746,0.6099,2.0133,166096,1212500.8,,7.3,,,,,,,,
gemm_1996,gemm,vitis,csynth,,36,17,4356,6511,1824,2520,548160,274080,1.9737,0.6746,0.7947,2.3756,1202900,8781170.0,,7.3,,,,,,,,
gemm_1997,gemm,vitis,csynth,,36,17,4118,6402,1824,2520,548160,274080,1.9737,0.6746,0.7512,2.3358,167003,1219121.9,,7.3,,,,,,,,
gemm_1998,gemm,vitis,csynth,,36,17,4771,7150,1824,2520,548160,274080,1.9737,0.6746,0.8704,2.6087,1143455,8347221.5,,7.3,,,,,,,,
gemm_1999,gemm,vitis,csynth,,36,17,5535,8597,1824,2520,548160,274080,1.9737,0.6746,1.0097,3.1367,1084950,7920135.0,,7.3,,,,,,,,
gemm_2000,gemm,vitis,csynth,,36,17,4555,8216,1824,2520,548160,274080,1.9737,0.6746,0.831,2.9977,1085855,7926741.5,,7.3,,,,,,,,
gemm_2001,gemm,vitis,csynth,,21,10,2937,4932,1824,2520,548160,274080,1.1513,0.3968,0.5358,1.7995,26063,190259.9,,7.3,,,,,,,,
gemm_2002,gemm,vitis,csynth,,21,10,3148,5083,1824,2520,548160,274080,1.1513,0.3968,0.5743,1.8546,26063,190259.9,,7.3,,,,,,,,
gemm_2003,gemm,vitis,csynth,,21,10,3874,5768,1824,2520,548160,274080,1.1513,0.3968,0.7067,2.1045,34220,249806.0,,7.3,,,,,,,,
gemm_2004,gemm,vitis,csynth,,21,10,4085,5919,1824,2520,548160,274080,1.1513,0.3968,0.7452,2.1596,34220,249806.0,,7.3,,,,,,,,
gemm_2005,gemm,vitis,csynth,,21,10,3038,4983,1824,2520,548160,274080,1.1513,0.3968,0.5542,1.8181,26068,190296.4,,7.3,,,,,,,,
gemm_2006,gemm,vitis,csynth,,21,10,3249,5134,1824,2520,548160,274080,1.1513,0.3968,0.5927,1.8732,26068,190296.4,,7.3,,,,,,,,
gemm_2007,gemm,vitis,csynth,,21,10,3979,5871,1824,2520,548160,274080,1.1513,0.3968,0.7259,2.1421,34229,249871.69999999998,,7.3,,,,,,,,
gemm_2008,gemm,vitis,csynth,,21,10,4190,6022,1824,2520,548160,274080,1.1513,0.3968,0.7644,2.1972,34229,249871.69999999998,,7.3,,,,,,,,
gemm_2009,gemm,vitis,csynth,,20,17,3300,5518,1824,2520,548160,274080,1.0965,0.6746,0.602,2.0133,24968,182266.4,,7.3,,,,,,,,
gemm_2010,gemm,vitis,csynth,,20,17,4060,6305,1824,2520,548160,274080,1.0965,0.6746,0.7407,2.3004,25873,188872.9,,7.3,,,,,,,,
gemm_2011,gemm,vitis,csynth,,20,17,4247,6374,1824,2520,548160,274080,1.0965,0.6746,0.7748,2.3256,33692,245951.6,,7.3,,,,,,,,
gemm_2012,gemm,vitis,csynth,,20,17,4943,7190,1824,2520,548160,274080,1.0965,0.6746,0.9017,2.6233,34597,252558.1,,7.3,,,,,,,,
gemm_2013,gemm,vitis,csynth,,20,17,3403,5576,1824,2520,548160,274080,1.0965,0.6746,0.6208,2.0344,24975,182317.5,,7.3,,,,,,,,
gemm_2014,gemm,vitis,csynth,,20,17,4165,6444,1824,2520,548160,274080,1.0965,0.6746,0.7598,2.3511,25882,188938.6,,7.3,,,,,,,,
gemm_2015,gemm,vitis,csynth,,20,17,4352,6477,1824,2520,548160,274080,1.0965,0.6746,0.7939,2.3632,33701,246017.3,,7.3,,,,,,,,
gemm_2016,gemm,vitis,csynth,,20,17,5048,7260,1824,2520,548160,274080,1.0965,0.6746,0.9209,2.6489,34606,252623.8,,7.3,,,,,,,,
gemm_2017,gemm,vitis,csynth,,21,17,3949,6127,1824,2520,548160,274080,1.1513,0.6746,0.7204,2.2355,25481,186011.3,,7.3,,,,,,,,
gemm_2018,gemm,vitis,csynth,,21,17,3173,5216,1824,2520,548160,274080,1.1513,0.6746,0.5788,1.9031,24899,181762.69999999998,,7.3,,,,,,,,
gemm_2019,gemm,vitis,csynth,,21,17,4704,7132,1824,2520,548160,274080,1.1513,0.6746,0.8581,2.6022,34269,250163.69999999998,,7.3,,,,,,,,
gemm_2020,gemm,vitis,csynth,,21,17,4122,6077,1824,2520,548160,274080,1.1513,0.6746,0.752,2.2172,33820,246886.0,,7.3,,,,,,,,
gemm_2021,gemm,vitis,csynth,,21,17,4054,6266,1824,2520,548160,274080,1.1513,0.6746,0.7396,2.2862,25490,186077.0,,7.3,,,,,,,,
gemm_2022,gemm,vitis,csynth,,21,17,3278,5281,1824,2520,548160,274080,1.1513,0.6746,0.598,1.9268,24908,181828.4,,7.3,,,,,,,,
gemm_2023,gemm,vitis,csynth,,21,17,4809,7202,1824,2520,548160,274080,1.1513,0.6746,0.8773,2.6277,34278,250229.4,,7.3,,,,,,,,
gemm_2024,gemm,vitis,csynth,,21,17,4227,6180,1824,2520,548160,274080,1.1513,0.6746,0.7711,2.2548,33829,246951.69999999998,,7.3,,,,,,,,
gemm_2025,gemm,vitis,csynth,,36,10,3517,5597,1824,2520,548160,274080,1.9737,0.3968,0.6416,2.0421,1156670,8443691.0,,7.3,,,,,,,,
gemm_2026,gemm,vitis,csynth,,36,10,2889,4846,1824,2520,548160,274080,1.9737,0.3968,0.527,1.7681,1097921,8014823.3,,7.3,,,,,,,,
gemm_2027,gemm,vitis,csynth,,36,10,3615,6677,1824,2520,548160,274080,1.9737,0.3968,0.6595,2.4362,1098494,8019006.2,,7.3,,,,,,,,
gemm_2028,gemm,vitis,csynth,,36,10,3615,6677,1824,2520,548160,274080,1.9737,0.3968,0.6595,2.4362,1098494,8019006.2,,7.3,,,,,,,,
gemm_2029,gemm,vitis,csynth,,36,10,2889,4846,1824,2520,548160,274080,1.9737,0.3968,0.527,1.7681,1097921,8014823.3,,7.3,,,,,,,,
gemm_2030,gemm,vitis,csynth,,36,10,3710,5460,1824,2520,548160,274080,1.9737,0.3968,0.6768,1.9921,1156670,8443691.0,,7.3,,,,,,,,
gemm_2031,gemm,vitis,csynth,,36,10,3622,5713,1824,2520,548160,274080,1.9737,0.3968,0.6608,2.0844,1156679,8443756.7,,7.3,,,,,,,,
gemm_2032,gemm,vitis,csynth,,36,10,2990,4902,1824,2520,548160,274080,1.9737,0.3968,0.5455,1.7885,1097926,8014859.8,,7.3,,,,,,,,
gemm_2033,gemm,vitis,csynth,,36,10,3720,6776,1824,2520,548160,274080,1.9737,0.3968,0.6786,2.4723,1098503,8019071.899999999,,7.3,,,,,,,,
gemm_2034,gemm,vitis,csynth,,36,10,3720,6776,1824,2520,548160,274080,1.9737,0.3968,0.6786,2.4723,1098503,8019071.899999999,,7.3,,,,,,,,
gemm_2035,gemm,vitis,csynth,,36,10,2990,4902,1824,2520,548160,274080,1.9737,0.3968,0.5455,1.7885,1097926,8014859.8,,7.3,,,,,,,,
gemm_2036,gemm,vitis,csynth,,36,10,3815,5576,1824,2520,548160,274080,1.9737,0.3968,0.696,2.0344,1156679,8443756.7,,7.3,,,,,,,,
gemm_2037,gemm,vitis,csynth,,37,10,3847,5973,1824,2520,548160,274080,2.0285,0.3968,0.7018,2.1793,1156811,8444720.299999999,,7.3,,,,,,,,
gemm_2038,gemm,vitis,csynth,,37,10,3217,5162,1824,2520,548160,274080,2.0285,0.3968,0.5869,1.8834,1097929,8014881.7,,7.3,,,,,,,,
gemm_2039,gemm,vitis,csynth,,37,10,3523,6736,1824,2520,548160,274080,2.0285,0.3968,0.6427,2.4577,1098635,8020035.5,,7.3,,,,,,,,
gemm_2040,gemm,vitis,csynth,,37,10,3523,6736,1824,2520,548160,274080,2.0285,0.3968,0.6427,2.4577,1098635,8020035.5,,7.3,,,,,,,,
gemm_2041,gemm,vitis,csynth,,37,10,3217,5162,1824,2520,548160,274080,2.0285,0.3968,0.5869,1.8834,1097929,8014881.7,,7.3,,,,,,,,
gemm_2042,gemm,vitis,csynth,,37,10,3618,5536,1824,2520,548160,274080,2.0285,0.3968,0.66,2.0198,1156811,8444720.299999999,,7.3,,,,,,,,
gemm_2043,gemm,vitis,csynth,,37,10,3952,6076,1824,2520,548160,274080,2.0285,0.3968,0.721,2.2169,1156820,8444786.0,,7.3,,,,,,,,
gemm_2044,gemm,vitis,csynth,,37,10,3320,5220,1824,2520,548160,274080,2.0285,0.3968,0.6057,1.9046,1097936,8014932.8,,7.3,,,,,,,,
gemm_2045,gemm,vitis,csynth,,37,10,3628,6853,1824,2520,548160,274080,2.0285,0.3968,0.6619,2.5004,1098644,8020101.2,,7.3,,,,,,,,
gemm_2046,gemm,vitis,csynth,,37,10,3628,6853,1824,2520,548160,274080,2.0285,0.3968,0.6619,2.5004,1098644,8020101.2,,7.3,,,,,,,,
gemm_2047,gemm,vitis,csynth,,37,10,3320,5220,1824,2520,548160,274080,2.0285,0.3968,0.6057,1.9046,1097936,8014932.8,,7.3,,,,,,,,
gemm_2048,gemm,vitis,csynth,,37,10,3723,5639,1824,2520,548160,274080,2.0285,0.3968,0.6792,2.0574,1156820,8444786.0,,7.3,,,,,,,,
gemm_2049,gemm,vitis,csynth,,1,0,1521,2377,1824,2520,548160,274080,0.0548,0.0,0.2775,0.8673,16688,121822.4,,7.3,,,,,,,,
gemm_2050,gemm,vitis,csynth,,1,0,1521,2377,1824,2520,548160,274080,0.0548,0.0,0.2775,0.8673,16688,121822.4,,7.3,,,,,,,,
gemm_2051,gemm,vitis,csynth,,1,0,1521,2377,1824,2520,548160,274080,0.0548,0.0,0.2775,0.8673,16688,121822.4,,7.3,,,,,,,,
gemm_2052,gemm,vitis,csynth,,1,0,1521,2377,1824,2520,548160,274080,0.0548,0.0,0.2775,0.8673,16688,121822.4,,7.3,,,,,,,,
gemm_2053,gemm,vitis,csynth,,1,0,1521,2377,1824,2520,548160,274080,0.0548,0.0,0.2775,0.8673,16688,121822.4,,7.3,,,,,,,,
gemm_2054,gemm,vitis,csynth,,1,0,1521,2377,1824,2520,548160,274080,0.0548,0.0,0.2775,0.8673,16688,121822.4,,7.3,,,,,,,,
gemm_2055,gemm,vitis,csynth,,1,0,1521,2377,1824,2520,548160,274080,0.0548,0.0,0.2775,0.8673,16688,121822.4,,7.3,,,,,,,,
gemm_2056,gemm,vitis,csynth,,1,0,1521,2377,1824,2520,548160,274080,0.0548,0.0,0.2775,0.8673,16688,121822.4,,7.3,,,,,,,,
gemm_2057,gemm,vitis,csynth,,21,10,3855,5922,1824,2520,548160,274080,1.1513,0.3968,0.7033,2.1607,25427,185617.1,,7.3,,,,,,,,
gemm_2058,gemm,vitis,csynth,,21,10,2973,4990,1824,2520,548160,274080,1.1513,0.3968,0.5424,1.8206,17802,129954.59999999999,,7.3,,,,,,,,
gemm_2059,gemm,vitis,csynth,,21,10,4066,6073,1824,2520,548160,274080,1.1513,0.3968,0.7418,2.2158,25427,185617.1,,7.3,,,,,,,,
gemm_2060,gemm,vitis,csynth,,21,10,3184,5141,1824,2520,548160,274080,1.1513,0.3968,0.5809,1.8757,17802,129954.59999999999,,7.3,,,,,,,,
gemm_2061,gemm,vitis,csynth,,21,10,3960,6054,1824,2520,548160,274080,1.1513,0.3968,0.7224,2.2088,25436,185682.8,,7.3,,,,,,,,
gemm_2062,gemm,vitis,csynth,,21,10,3076,5048,1824,2520,548160,274080,1.1513,0.3968,0.5612,1.8418,17809,130005.7,,7.3,,,,,,,,
gemm_2063,gemm,vitis,csynth,,21,10,4171,6205,1824,2520,548160,274080,1.1513,0.3968,0.7609,2.2639,25436,185682.8,,7.3,,,,,,,,
gemm_2064,gemm,vitis,csynth,,21,10,3287,5199,1824,2520,548160,274080,1.1513,0.3968,0.5996,1.8969,17809,130005.7,,7.3,,,,,,,,
gemm_2065,gemm,vitis,csynth,,75,80,4511,10256,1824,2520,548160,274080,4.1118,3.1746,0.8229,3.742,18313,133684.9,,7.3,,,,,,,,
gemm_2066,gemm,vitis,csynth,,75,80,5687,9522,1824,2520,548160,274080,4.1118,3.1746,1.0375,3.4742,25953,189456.9,,7.3,,,,,,,,
gemm_2067,gemm,vitis,csynth,,75,80,5266,11261,1824,2520,548160,274080,4.1118,3.1746,0.9607,4.1087,26989,197019.69999999998,,7.3,,,,,,,,
gemm_2068,gemm,vitis,csynth,,75,80,6570,10416,1824,2520,548160,274080,4.1118,3.1746,1.1986,3.8004,34629,252791.69999999998,,7.3,,,,,,,,
gemm_2069,gemm,vitis,csynth,,75,80,4616,10395,1824,2520,548160,274080,4.1118,3.1746,0.8421,3.7927,18322,133750.6,,7.3,,,,,,,,
gemm_2070,gemm,vitis,csynth,,75,80,5792,9654,1824,2520,548160,274080,4.1118,3.1746,1.0566,3.5223,25962,189522.6,,7.3,,,,,,,,
gemm_2071,gemm,vitis,csynth,,75,80,5371,11331,1824,2520,548160,274080,4.1118,3.1746,0.9798,4.1342,26998,197085.4,,7.3,,,,,,,,
gemm_2072,gemm,vitis,csynth,,75,80,6675,10482,1824,2520,548160,274080,4.1118,3.1746,1.2177,3.8244,34638,252857.4,,7.3,,,,,,,,
gemm_2073,gemm,vitis,csynth,,90,80,5182,10362,1824,2520,548160,274080,4.9342,3.1746,0.9453,3.7806,210382,1535788.5999999999,,7.3,,,,,,,,
gemm_2074,gemm,vitis,csynth,,90,80,5651,9649,1824,2520,548160,274080,4.9342,3.1746,1.0309,3.5205,1188302,8674604.6,,7.3,,,,,,,,
gemm_2075,gemm,vitis,csynth,,90,80,5894,12959,1824,2520,548160,274080,4.9342,3.1746,1.0752,4.7282,167463,1222479.9,,7.3,,,,,,,,
gemm_2076,gemm,vitis,csynth,,90,80,10622,17290,1824,2520,548160,274080,4.9342,3.1746,1.9378,6.3084,1143153,8345016.899999999,,7.3,,,,,,,,
gemm_2077,gemm,vitis,csynth,,90,80,5813,11055,1824,2520,548160,274080,4.9342,3.1746,1.0605,4.0335,1070352,7813569.6,,7.3,,,,,,,,
gemm_2078,gemm,vitis,csynth,,90,80,10600,17283,1824,2520,548160,274080,4.9342,3.1746,1.9337,6.3058,1143225,8345542.5,,7.3,,,,,,,,
gemm_2079,gemm,vitis,csynth,,90,80,5287,10478,1824,2520,548160,274080,4.9342,3.1746,0.9645,3.823,210391,1535854.3,,7.3,,,,,,,,
gemm_2080,gemm,vitis,csynth,,90,80,5756,9773,1824,2520,548160,274080,4.9342,3.1746,1.0501,3.5657,1188311,8674670.299999999,,7.3,,,,,,,,
gemm_2081,gemm,vitis,csynth,,90,80,5999,13042,1824,2520,548160,274080,4.9342,3.1746,1.0944,4.7585,167472,1222545.5999999999,,7.3,,,,,,,,
gemm_2082,gemm,vitis,csynth,,90,80,10727,17374,1824,2520,548160,274080,4.9342,3.1746,1.9569,6.339,1143162,8345082.6,,7.3,,,,,,,,
gemm_2083,gemm,vitis,csynth,,90,80,5918,11171,1824,2520,548160,274080,4.9342,3.1746,1.0796,4.0758,1070361,7813635.3,,7.3,,,,,,,,
gemm_2084,gemm,vitis,csynth,,90,80,10705,17367,1824,2520,548160,274080,4.9342,3.1746,1.9529,6.3365,1143234,8345608.2,,7.3,,,,,,,,
gemm_2085,gemm,vitis,csynth,,92,73,5084,9992,1824,2520,548160,274080,5.0439,2.8968,0.9275,3.6457,224971,1642288.3,,7.3,,,,,,,,
gemm_2086,gemm,vitis,csynth,,92,73,5553,9287,1824,2520,548160,274080,5.0439,2.8968,1.013,3.3884,1202891,8781104.299999999,,7.3,,,,,,,,
gemm_2087,gemm,vitis,csynth,,92,73,5678,11699,1824,2520,548160,274080,5.0439,2.8968,1.0358,4.2685,167700,1224210.0,,7.3,,,,,,,,
gemm_2088,gemm,vitis,csynth,,92,73,10406,16031,1824,2520,548160,274080,5.0439,2.8968,1.8984,5.849,1143390,8346747.0,,7.3,,,,,,,,
gemm_2089,gemm,vitis,csynth,,92,73,5715,10685,1824,2520,548160,274080,5.0439,2.8968,1.0426,3.8985,1084941,7920069.3,,7.3,,,,,,,,
gemm_2090,gemm,vitis,csynth,,92,73,10384,16024,1824,2520,548160,274080,5.0439,2.8968,1.8943,5.8465,1143462,8347272.6,,7.3,,,,,,,,
gemm_2091,gemm,vitis,csynth,,92,73,5189,10095,1824,2520,548160,274080,5.0439,2.8968,0.9466,3.6832,224980,1642354.0,,7.3,,,,,,,,
gemm_2092,gemm,vitis,csynth,,92,73,5658,9382,1824,2520,548160,274080,5.0439,2.8968,1.0322,3.4231,1202900,8781170.0,,7.3,,,,,,,,
gemm_2093,gemm,vitis,csynth,,92,73,5783,11773,1824,2520,548160,274080,5.0439,2.8968,1.055,4.2955,167709,1224275.7,,7.3,,,,,,,,
gemm_2094,gemm,vitis,csynth,,92,73,10511,16114,1824,2520,548160,274080,5.0439,2.8968,1.9175,5.8793,1143399,8346812.7,,7.3,,,,,,,,
gemm_2095,gemm,vitis,csynth,,92,73,5820,10788,1824,2520,548160,274080,5.0439,2.8968,1.0617,3.9361,1084950,7920135.0,,7.3,,,,,,,,
gemm_2096,gemm,vitis,csynth,,92,73,10489,16107,1824,2520,548160,274080,5.0439,2.8968,1.9135,5.8768,1143471,8347338.3,,7.3,,,,,,,,
gemm_2097,gemm,vitis,csynth,,75,73,4295,10381,1824,2520,548160,274080,4.1118,2.8968,0.7835,3.7876,19356,141298.8,,7.3,,,,,,,,
gemm_2098,gemm,vitis,csynth,,75,73,5131,11925,1824,2520,548160,274080,4.1118,2.8968,0.936,4.3509,26981,196961.3,,7.3,,,,,,,,
gemm_2099,gemm,vitis,csynth,,75,73,5591,9648,1824,2520,548160,274080,4.1118,2.8968,1.02,3.5201,26996,197070.8,,7.3,,,,,,,,
gemm_2100,gemm,vitis,csynth,,75,73,6427,11344,1824,2520,548160,274080,4.1118,2.8968,1.1725,4.1389,34621,252733.3,,7.3,,,,,,,,
gemm_2101,gemm,vitis,csynth,,75,73,4400,10491,1824,2520,548160,274080,4.1118,2.8968,0.8027,3.8277,19365,141364.5,,7.3,,,,,,,,
gemm_2102,gemm,vitis,csynth,,75,73,5236,11995,1824,2520,548160,274080,4.1118,2.8968,0.9552,4.3765,26990,197027.0,,7.3,,,,,,,,
gemm_2103,gemm,vitis,csynth,,75,73,5696,9751,1824,2520,548160,274080,4.1118,2.8968,1.0391,3.5577,27005,197136.5,,7.3,,,,,,,,
gemm_2104,gemm,vitis,csynth,,75,73,6532,11410,1824,2520,548160,274080,4.1118,2.8968,1.1916,4.163,34630,252799.0,,7.3,,,,,,,,
gemm_2105,gemm,vitis,csynth,,75,73,5524,9593,1824,2520,548160,274080,4.1118,2.8968,1.0077,3.5001,25425,185602.5,,7.3,,,,,,,,
gemm_2106,gemm,vitis,csynth,,75,73,4201,10313,1824,2520,548160,274080,4.1118,2.8968,0.7664,3.7628,18705,136546.5,,7.3,,,,,,,,
gemm_2107,gemm,vitis,csynth,,75,73,6407,10471,1824,2520,548160,274080,4.1118,2.8968,1.1688,3.8204,34093,248878.9,,7.3,,,,,,,,
gemm_2108,gemm,vitis,csynth,,75,73,5084,11198,1824,2520,548160,274080,4.1118,2.8968,0.9275,4.0857,27373,199822.9,,7.3,,,,,,,,
gemm_2109,gemm,vitis,csynth,,75,73,5629,9725,1824,2520,548160,274080,4.1118,2.8968,1.0269,3.5482,25434,185668.19999999998,,7.3,,,,,,,,
gemm_2110,gemm,vitis,csynth,,75,73,4306,10452,1824,2520,548160,274080,4.1118,2.8968,0.7855,3.8135,18714,136612.19999999998,,7.3,,,,,,,,
gemm_2111,gemm,vitis,csynth,,75,73,6512,10537,1824,2520,548160,274080,4.1118,2.8968,1.188,3.8445,34102,248944.6,,7.3,,,,,,,,
gemm_2112,gemm,vitis,csynth,,75,73,5189,11268,1824,2520,548160,274080,4.1118,2.8968,0.9466,4.1112,27382,199888.6,,7.3,,,,,,,,
gemm_2113,gemm,vitis,csynth,,21,10,3895,5756,1824,2520,548160,274080,1.1513,0.3968,0.7106,2.1001,34268,250156.4,,7.3,,,,,,,,
gemm_2114,gemm,vitis,csynth,,21,10,4106,5903,1824,2520,548160,274080,1.1513,0.3968,0.7491,2.1538,34268,250156.4,,7.3,,,,,,,,
gemm_2115,gemm,vitis,csynth,,21,10,3061,4803,1824,2520,548160,274080,1.1513,0.3968,0.5584,1.7524,24901,181777.3,,7.3,,,,,,,,
gemm_2116,gemm,vitis,csynth,,21,10,3272,4950,1824,2520,548160,274080,1.1513,0.3968,0.5969,1.806,24901,181777.3,,7.3,,,,,,,,
gemm_2117,gemm,vitis,csynth,,21,10,4000,5866,1824,2520,548160,274080,1.1513,0.3968,0.7297,2.1403,34277,250222.1,,7.3,,,,,,,,
gemm_2118,gemm,vitis,csynth,,21,10,4211,6013,1824,2520,548160,274080,1.1513,0.3968,0.7682,2.1939,34277,250222.1,,7.3,,,,,,,,
gemm_2119,gemm,vitis,csynth,,21,10,3166,4868,1824,2520,548160,274080,1.1513,0.3968,0.5776,1.7761,24910,181843.0,,7.3,,,,,,,,
gemm_2120,gemm,vitis,csynth,,21,10,3377,5015,1824,2520,548160,274080,1.1513,0.3968,0.6161,1.8298,24910,181843.0,,7.3,,,,,,,,
gemm_2121,gemm,vitis,csynth,,35,17,4358,8664,1824,2520,548160,274080,1.9189,0.6746,0.795,3.1611,1085705,7925646.5,,7.3,,,,,,,,
gemm_2122,gemm,vitis,csynth,,35,17,6046,9840,1824,2520,548160,274080,1.9189,0.6746,1.103,3.5902,1085705,7925646.5,,7.3,,,,,,,,
gemm_2123,gemm,vitis,csynth,,35,17,3869,6660,1824,2520,548160,274080,1.9189,0.6746,0.7058,2.4299,1142400,8339520.0,,7.3,,,,,,,,
gemm_2124,gemm,vitis,csynth,,35,17,3127,5513,1824,2520,548160,274080,1.9189,0.6746,0.5705,2.0115,166081,1212391.3,,7.3,,,,,,,,
gemm_2125,gemm,vitis,csynth,,35,17,4852,7342,1824,2520,548160,274080,1.9189,0.6746,0.8851,2.6788,1203655,8786681.5,,7.3,,,,,,,,
gemm_2126,gemm,vitis,csynth,,35,17,3126,5509,1824,2520,548160,274080,1.9189,0.6746,0.5703,2.01,166081,1212391.3,,7.3,,,,,,,,
gemm_2127,gemm,vitis,csynth,,35,17,4463,8740,1824,2520,548160,274080,1.9189,0.6746,0.8142,3.1888,1085714,7925712.2,,7.3,,,,,,,,
gemm_2128,gemm,vitis,csynth,,35,17,6151,9916,1824,2520,548160,274080,1.9189,0.6746,1.1221,3.6179,1085714,7925712.2,,7.3,,,,,,,,
gemm_2129,gemm,vitis,csynth,,35,17,3974,6793,1824,2520,548160,274080,1.9189,0.6746,0.725,2.4785,1142409,8339585.7,,7.3,,,,,,,,
gemm_2130,gemm,vitis,csynth,,35,17,3228,5569,1824,2520,548160,274080,1.9189,0.6746,0.5889,2.0319,166086,1212427.8,,7.3,,,,,,,,
gemm_2131,gemm,vitis,csynth,,35,17,4957,7418,1824,2520,548160,274080,1.9189,0.6746,0.9043,2.7065,1203664,8786747.2,,7.3,,,,,,,,
gemm_2132,gemm,vitis,csynth,,35,17,3227,5565,1824,2520,548160,274080,1.9189,0.6746,0.5887,2.0304,166086,1212427.8,,7.3,,,,,,,,
gemm_2133,gemm,vitis,csynth,,35,24,4785,9204,1824,2520,548160,274080,1.9189,0.9524,0.8729,3.3581,1085750,7925975.0,,7.3,,,,,,,,
gemm_2134,gemm,vitis,csynth,,35,24,6473,10380,1824,2520,548160,274080,1.9189,0.9524,1.1809,3.7872,1085750,7925975.0,,7.3,,,,,,,,
gemm_2135,gemm,vitis,csynth,,35,24,4199,7244,1824,2520,548160,274080,1.9189,0.9524,0.766,2.643,1128093,8235078.899999999,,7.3,,,,,,,,
gemm_2136,gemm,vitis,csynth,,35,24,3455,6021,1824,2520,548160,274080,1.9189,0.9524,0.6303,2.1968,151753,1107796.9,,7.3,,,,,,,,
gemm_2137,gemm,vitis,csynth,,35,24,5279,7883,1824,2520,548160,274080,1.9189,0.9524,0.963,2.8762,1203700,8787010.0,,7.3,,,,,,,,
gemm_2138,gemm,vitis,csynth,,35,24,3454,6017,1824,2520,548160,274080,1.9189,0.9524,0.6301,2.1953,151753,1107796.9,,7.3,,,,,,,,
gemm_2139,gemm,vitis,csynth,,35,24,4890,9270,1824,2520,548160,274080,1.9189,0.9524,0.8921,3.3822,1085759,7926040.7,,7.3,,,,,,,,
gemm_2140,gemm,vitis,csynth,,35,24,6578,10446,1824,2520,548160,274080,1.9189,0.9524,1.2,3.8113,1085759,7926040.7,,7.3,,,,,,,,
gemm_2141,gemm,vitis,csynth,,35,24,4304,7333,1824,2520,548160,274080,1.9189,0.9524,0.7852,2.6755,1128102,8235144.6,,7.3,,,,,,,,
gemm_2142,gemm,vitis,csynth,,35,24,3558,6079,1824,2520,548160,274080,1.9189,0.9524,0.6491,2.218,151760,1107848.0,,7.3,,,,,,,,
gemm_2143,gemm,vitis,csynth,,35,24,5384,7944,1824,2520,548160,274080,1.9189,0.9524,0.9822,2.8984,1203709,8787075.7,,7.3,,,,,,,,
gemm_2144,gemm,vitis,csynth,,35,24,3557,6075,1824,2520,548160,274080,1.9189,0.9524,0.6489,2.2165,151760,1107848.0,,7.3,,,,,,,,
gemm_2145,gemm,vitis,csynth,,19,17,5194,11554,1824,2520,548160,274080,1.0417,0.6746,0.9475,4.2156,50520,368796.0,,7.3,,,,,,,,
gemm_2146,gemm,vitis,csynth,,19,17,3744,6365,1824,2520,548160,274080,1.0417,0.6746,0.683,2.3223,41423,302387.89999999997,,7.3,,,,,,,,
gemm_2147,gemm,vitis,csynth,,19,17,5364,11415,1824,2520,548160,274080,1.0417,0.6746,0.9785,4.1648,42328,308994.39999999997,,7.3,,,,,,,,
gemm_2148,gemm,vitis,csynth,,19,17,3914,6226,1824,2520,548160,274080,1.0417,0.6746,0.714,2.2716,33231,242586.3,,7.3,,,,,,,,
gemm_2149,gemm,vitis,csynth,,19,17,5297,11670,1824,2520,548160,274080,1.0417,0.6746,0.9663,4.2579,50527,368847.1,,7.3,,,,,,,,
gemm_2150,gemm,vitis,csynth,,19,17,3845,6416,1824,2520,548160,274080,1.0417,0.6746,0.7014,2.3409,41428,302424.39999999997,,7.3,,,,,,,,
gemm_2151,gemm,vitis,csynth,,19,17,5467,11531,1824,2520,548160,274080,1.0417,0.6746,0.9973,4.2072,42335,309045.5,,7.3,,,,,,,,
gemm_2152,gemm,vitis,csynth,,19,17,4015,6277,1824,2520,548160,274080,1.0417,0.6746,0.7325,2.2902,33236,242622.8,,7.3,,,,,,,,
gemm_2153,gemm,vitis,csynth,,19,17,5428,11436,1824,2520,548160,274080,1.0417,0.6746,0.9902,4.1725,42332,309023.6,,7.3,,,,,,,,
gemm_2154,gemm,vitis,csynth,,19,17,5258,11571,1824,2520,548160,274080,1.0417,0.6746,0.9592,4.2218,50524,368825.2,,7.3,,,,,,,,
gemm_2155,gemm,vitis,csynth,,19,17,3910,6205,1824,2520,548160,274080,1.0417,0.6746,0.7133,2.2639,24970,182281.0,,7.3,,,,,,,,
gemm_2156,gemm,vitis,csynth,,19,17,3740,6340,1824,2520,548160,274080,1.0417,0.6746,0.6823,2.3132,33162,242082.6,,7.3,,,,,,,,
gemm_2157,gemm,vitis,csynth,,19,17,5533,11546,1824,2520,548160,274080,1.0417,0.6746,1.0094,4.2126,42341,309089.3,,7.3,,,,,,,,
gemm_2158,gemm,vitis,csynth,,19,17,5363,11681,1824,2520,548160,274080,1.0417,0.6746,0.9784,4.2619,50533,368890.89999999997,,7.3,,,,,,,,
gemm_2159,gemm,vitis,csynth,,19,17,4013,6263,1824,2520,548160,274080,1.0417,0.6746,0.7321,2.2851,24977,182332.1,,7.3,,,,,,,,
gemm_2160,gemm,vitis,csynth,,19,17,3843,6398,1824,2520,548160,274080,1.0417,0.6746,0.7011,2.3344,33169,242133.69999999998,,7.3,,,,,,,,
gemm_2161,gemm,vitis,csynth,,19,24,4437,6786,1824,2520,548160,274080,1.0417,0.9524,0.8094,2.4759,26988,197012.4,,7.3,,,,,,,,
gemm_2162,gemm,vitis,csynth,,19,24,5236,7594,1824,2520,548160,274080,1.0417,0.9524,0.9552,2.7707,35077,256062.1,,7.3,,,,,,,,
gemm_2163,gemm,vitis,csynth,,19,24,3603,5833,1824,2520,548160,274080,1.0417,0.9524,0.6573,2.1282,17733,129450.9,,7.3,,,,,,,,
gemm_2164,gemm,vitis,csynth,,19,24,4468,6634,1824,2520,548160,274080,1.0417,0.9524,0.8151,2.4205,25955,189471.5,,7.3,,,,,,,,
gemm_2165,gemm,vitis,csynth,,19,24,4542,6896,1824,2520,548160,274080,1.0417,0.9524,0.8286,2.5161,26997,197078.1,,7.3,,,,,,,,
gemm_2166,gemm,vitis,csynth,,19,24,5341,7664,1824,2520,548160,274080,1.0417,0.9524,0.9744,2.7963,35086,256127.8,,7.3,,,,,,,,
gemm_2167,gemm,vitis,csynth,,19,24,3708,5898,1824,2520,548160,274080,1.0417,0.9524,0.6764,2.1519,17742,129516.59999999999,,7.3,,,,,,,,
gemm_2168,gemm,vitis,csynth,,19,24,4573,6766,1824,2520,548160,274080,1.0417,0.9524,0.8342,2.4686,25964,189537.19999999998,,7.3,,,,,,,,
gemm_2169,gemm,vitis,csynth,,82,136,5540,14755,1824,2520,548160,274080,4.4956,5.3968,1.0107,5.3835,151961,1109315.3,,7.3,,,,,,,,
gemm_2170,gemm,vitis,csynth,,82,136,13285,22172,1824,2520,548160,274080,4.4956,5.3968,2.4236,8.0896,1187497,8668728.1,,7.3,,,,,,,,
gemm_2171,gemm,vitis,csynth,,82,136,6964,13053,1824,2520,548160,274080,4.4956,5.3968,1.2704,4.7625,223913,1634564.9,,7.3,,,,,,,,
gemm_2172,gemm,vitis,csynth,,82,136,6954,13036,1824,2520,548160,274080,4.4956,5.3968,1.2686,4.7563,223913,1634564.9,,7.3,,,,,,,,
gemm_2173,gemm,vitis,csynth,,82,136,13310,22172,1824,2520,548160,274080,4.4956,5.3968,2.4281,8.0896,1187497,8668728.1,,7.3,,,,,,,,
gemm_2174,gemm,vitis,csynth,,82,136,6714,14021,1824,2520,548160,274080,4.4956,5.3968,1.2248,5.1157,166313,1214084.9,,7.3,,,,,,,,
gemm_2175,gemm,vitis,csynth,,82,136,5645,14831,1824,2520,548160,274080,4.4956,5.3968,1.0298,5.4112,151970,1109381.0,,7.3,,,,,,,,
gemm_2176,gemm,vitis,csynth,,82,136,13390,22256,1824,2520,548160,274080,4.4956,5.3968,2.4427,8.1203,1187506,8668793.799999999,,7.3,,,,,,,,
gemm_2177,gemm,vitis,csynth,,82,136,7069,13129,1824,2520,548160,274080,4.4956,5.3968,1.2896,4.7902,223922,1634630.5999999999,,7.3,,,,,,,,
gemm_2178,gemm,vitis,csynth,,82,136,7059,13112,1824,2520,548160,274080,4.4956,5.3968,1.2878,4.784,223922,1634630.5999999999,,7.3,,,,,,,,
gemm_2179,gemm,vitis,csynth,,82,136,13415,22256,1824,2520,548160,274080,4.4956,5.3968,2.4473,8.1203,1187506,8668793.799999999,,7.3,,,,,,,,
gemm_2180,gemm,vitis,csynth,,82,136,6819,14097,1824,2520,548160,274080,4.4956,5.3968,1.244,5.1434,166322,1214150.5999999999,,7.3,,,,,,,,
gemm_2181,gemm,vitis,csynth,,82,136,6966,14422,1824,2520,548160,274080,4.4956,5.3968,1.2708,5.262,166454,1215114.2,,7.3,,,,,,,,
gemm_2182,gemm,vitis,csynth,,82,136,14775,21848,1824,2520,548160,274080,4.4956,5.3968,2.6954,7.9714,1201990,8774527.0,,7.3,,,,,,,,
gemm_2183,gemm,vitis,csynth,,82,136,6028,14188,1824,2520,548160,274080,4.4956,5.3968,1.0997,5.1766,209702,1530824.5999999999,,7.3,,,,,,,,
gemm_2184,gemm,vitis,csynth,,82,136,6018,14171,1824,2520,548160,274080,4.4956,5.3968,1.0979,5.1704,209702,1530824.5999999999,,7.3,,,,,,,,
gemm_2185,gemm,vitis,csynth,,82,136,14800,21848,1824,2520,548160,274080,4.4956,5.3968,2.6999,7.9714,1201990,8774527.0,,7.3,,,,,,,,
gemm_2186,gemm,vitis,csynth,,82,136,5778,15156,1824,2520,548160,274080,4.4956,5.3968,1.0541,5.5298,152102,1110344.5999999999,,7.3,,,,,,,,
gemm_2187,gemm,vitis,csynth,,82,136,7071,14488,1824,2520,548160,274080,4.4956,5.3968,1.29,5.286,166463,1215179.9,,7.3,,,,,,,,
gemm_2188,gemm,vitis,csynth,,82,136,14880,21930,1824,2520,548160,274080,4.4956,5.3968,2.7145,8.0013,1201999,8774592.7,,7.3,,,,,,,,
gemm_2189,gemm,vitis,csynth,,82,136,6133,14249,1824,2520,548160,274080,4.4956,5.3968,1.1188,5.1988,209711,1530890.3,,7.3,,,,,,,,
gemm_2190,gemm,vitis,csynth,,82,136,6123,14232,1824,2520,548160,274080,4.4956,5.3968,1.117,5.1926,209711,1530890.3,,7.3,,,,,,,,
gemm_2191,gemm,vitis,csynth,,82,136,14841,21932,1824,2520,548160,274080,4.4956,5.3968,2.7074,8.002,1201999,8774592.7,,7.3,,,,,,,,
gemm_2192,gemm,vitis,csynth,,82,136,5883,15226,1824,2520,548160,274080,4.4956,5.3968,1.0732,5.5553,152111,1110410.3,,7.3,,,,,,,,
gemm_2193,gemm,vitis,csynth,,19,24,5085,11374,1824,2520,548160,274080,1.0417,0.9524,0.9276,4.1499,35160,256668.0,,7.3,,,,,,,,
gemm_2194,gemm,vitis,csynth,,19,24,3635,6185,1824,2520,548160,274080,1.0417,0.9524,0.6631,2.2566,26063,190259.9,,7.3,,,,,,,,
gemm_2195,gemm,vitis,csynth,,19,24,5830,12343,1824,2520,548160,274080,1.0417,0.9524,1.0636,4.5034,43317,316214.1,,7.3,,,,,,,,
gemm_2196,gemm,vitis,csynth,,19,24,4572,7021,1824,2520,548160,274080,1.0417,0.9524,0.8341,2.5617,34220,249806.0,,7.3,,,,,,,,
gemm_2197,gemm,vitis,csynth,,19,24,5188,11490,1824,2520,548160,274080,1.0417,0.9524,0.9464,4.1922,35167,256719.1,,7.3,,,,,,,,
gemm_2198,gemm,vitis,csynth,,19,24,3736,6236,1824,2520,548160,274080,1.0417,0.9524,0.6816,2.2752,26068,190296.4,,7.3,,,,,,,,
gemm_2199,gemm,vitis,csynth,,19,24,5935,12413,1824,2520,548160,274080,1.0417,0.9524,1.0827,4.529,43326,316279.8,,7.3,,,,,,,,
gemm_2200,gemm,vitis,csynth,,19,24,4677,7124,1824,2520,548160,274080,1.0417,0.9524,0.8532,2.5992,34229,249871.69999999998,,7.3,,,,,,,,
gemm_2201,gemm,vitis,csynth,,74,80,4688,10778,1824,2520,548160,274080,4.057,3.1746,0.8552,3.9324,26972,196895.6,,7.3,,,,,,,,
gemm_2202,gemm,vitis,csynth,,74,80,6070,15885,1824,2520,548160,274080,4.057,3.1746,1.1073,5.7958,36069,263303.7,,7.3,,,,,,,,
gemm_2203,gemm,vitis,csynth,,74,80,6011,10059,1824,2520,548160,274080,4.057,3.1746,1.0966,3.6701,33692,245951.6,,7.3,,,,,,,,
gemm_2204,gemm,vitis,csynth,,74,80,7393,15158,1824,2520,548160,274080,4.057,3.1746,1.3487,5.5305,42789,312359.7,,7.3,,,,,,,,
gemm_2205,gemm,vitis,csynth,,74,80,4793,10888,1824,2520,548160,274080,4.057,3.1746,0.8744,3.9726,26981,196961.3,,7.3,,,,,,,,
gemm_2206,gemm,vitis,csynth,,74,80,6175,15959,1824,2520,548160,274080,4.057,3.1746,1.1265,5.8228,36078,263369.39999999997,,7.3,,,,,,,,
gemm_2207,gemm,vitis,csynth,,74,80,6116,10162,1824,2520,548160,274080,4.057,3.1746,1.1157,3.7077,33701,246017.3,,7.3,,,,,,,,
gemm_2208,gemm,vitis,csynth,,74,80,7498,15228,1824,2520,548160,274080,4.057,3.1746,1.3678,5.556,42798,312425.39999999997,,7.3,,,,,,,,
gemm_2209,gemm,vitis,csynth,,76,73,4944,10830,1824,2520,548160,274080,4.1667,2.8968,0.9019,3.9514,27549,201107.69999999998,,7.3,,,,,,,,
gemm_2210,gemm,vitis,csynth,,76,73,4234,9871,1824,2520,548160,274080,4.1667,2.8968,0.7724,3.6015,27100,197830.0,,7.3,,,,,,,,
gemm_2211,gemm,vitis,csynth,,76,73,6139,10207,1824,2520,548160,274080,4.1667,2.8968,1.1199,3.7241,34269,250163.69999999998,,7.3,,,,,,,,
gemm_2212,gemm,vitis,csynth,,76,73,5557,9152,1824,2520,548160,274080,4.1667,2.8968,1.0138,3.3392,33820,246886.0,,7.3,,,,,,,,
gemm_2213,gemm,vitis,csynth,,76,73,5049,10904,1824,2520,548160,274080,4.1667,2.8968,0.9211,3.9784,27558,201173.4,,7.3,,,,,,,,
gemm_2214,gemm,vitis,csynth,,76,73,4339,9981,1824,2520,548160,274080,4.1667,2.8968,0.7916,3.6416,27109,197895.69999999998,,7.3,,,,,,,,
gemm_2215,gemm,vitis,csynth,,76,73,6244,10277,1824,2520,548160,274080,4.1667,2.8968,1.1391,3.7496,34278,250229.4,,7.3,,,,,,,,
gemm_2216,gemm,vitis,csynth,,76,73,5662,9255,1824,2520,548160,274080,4.1667,2.8968,1.0329,3.3768,33829,246951.69999999998,,7.3,,,,,,,,
gemm_2217,gemm,vitis,csynth,,91,73,10428,18493,1824,2520,548160,274080,4.989,2.8968,1.9024,6.7473,1143321,8346243.3,,7.3,,,,,,,,
gemm_2218,gemm,vitis,csynth,,91,73,6315,12031,1824,2520,548160,274080,4.989,2.8968,1.152,4.3896,1085705,7925646.5,,7.3,,,,,,,,
gemm_2219,gemm,vitis,csynth,,91,73,9745,17577,1824,2520,548160,274080,4.989,2.8968,1.7778,6.4131,1142344,8339111.2,,7.3,,,,,,,,
gemm_2220,gemm,vitis,csynth,,91,73,4857,11108,1824,2520,548160,274080,4.989,2.8968,0.8861,4.0528,166654,1216574.2,,7.3,,,,,,,,
gemm_2221,gemm,vitis,csynth,,91,73,6157,10237,1824,2520,548160,274080,4.989,2.8968,1.1232,3.735,1203655,8786681.5,,7.3,,,,,,,,
gemm_2222,gemm,vitis,csynth,,91,73,4976,9963,1824,2520,548160,274080,4.989,2.8968,0.9078,3.6351,224830,1641259.0,,7.3,,,,,,,,
gemm_2223,gemm,vitis,csynth,,91,73,10533,18577,1824,2520,548160,274080,4.989,2.8968,1.9215,6.7779,1143330,8346309.0,,7.3,,,,,,,,
gemm_2224,gemm,vitis,csynth,,91,73,6420,12107,1824,2520,548160,274080,4.989,2.8968,1.1712,4.4173,1085714,7925712.2,,7.3,,,,,,,,
gemm_2225,gemm,vitis,csynth,,91,73,9850,17662,1824,2520,548160,274080,4.989,2.8968,1.7969,6.4441,1142353,8339176.899999999,,7.3,,,,,,,,
gemm_2226,gemm,vitis,csynth,,91,73,4962,11207,1824,2520,548160,274080,4.989,2.8968,0.9052,4.089,166663,1216639.9,,7.3,,,,,,,,
gemm_2227,gemm,vitis,csynth,,91,73,6262,10313,1824,2520,548160,274080,4.989,2.8968,1.1424,3.7628,1203664,8786747.2,,7.3,,,,,,,,
gemm_2228,gemm,vitis,csynth,,91,73,5081,10079,1824,2520,548160,274080,4.989,2.8968,0.9269,3.6774,224839,1641324.7,,7.3,,,,,,,,
gemm_2229,gemm,vitis,csynth,,91,80,10855,19044,1824,2520,548160,274080,4.989,3.1746,1.9803,6.9483,1143366,8346571.8,,7.3,,,,,,,,
gemm_2230,gemm,vitis,csynth,,91,80,6742,12571,1824,2520,548160,274080,4.989,3.1746,1.2299,4.5866,1085750,7925975.0,,7.3,,,,,,,,
gemm_2231,gemm,vitis,csynth,,91,80,10075,18107,1824,2520,548160,274080,4.989,3.1746,1.838,6.6065,1128037,8234670.1,,7.3,,,,,,,,
gemm_2232,gemm,vitis,csynth,,91,80,5187,11659,1824,2520,548160,274080,4.989,3.1746,0.9463,4.2539,152347,1112133.0999999999,,7.3,,,,,,,,
gemm_2233,gemm,vitis,csynth,,91,80,6584,10778,1824,2520,548160,274080,4.989,3.1746,1.2011,3.9324,1203700,8787010.0,,7.3,,,,,,,,
gemm_2234,gemm,vitis,csynth,,91,80,5306,10531,1824,2520,548160,274080,4.989,3.1746,0.968,3.8423,210523,1536817.9,,7.3,,,,,,,,
gemm_2235,gemm,vitis,csynth,,91,80,10960,19126,1824,2520,548160,274080,4.989,3.1746,1.9994,6.9783,1143375,8346637.5,,7.3,,,,,,,,
gemm_2236,gemm,vitis,csynth,,91,80,6847,12637,1824,2520,548160,274080,4.989,3.1746,1.2491,4.6107,1085759,7926040.7,,7.3,,,,,,,,
gemm_2237,gemm,vitis,csynth,,91,80,10180,18189,1824,2520,548160,274080,4.989,3.1746,1.8571,6.6364,1128046,8234735.8,,7.3,,,,,,,,
gemm_2238,gemm,vitis,csynth,,91,80,5292,11776,1824,2520,548160,274080,4.989,3.1746,0.9654,4.2966,152356,1112198.8,,7.3,,,,,,,,
gemm_2239,gemm,vitis,csynth,,91,80,6689,10839,1824,2520,548160,274080,4.989,3.1746,1.2203,3.9547,1203709,8787075.7,,7.3,,,,,,,,
gemm_2240,gemm,vitis,csynth,,91,80,5411,10634,1824,2520,548160,274080,4.989,3.1746,0.9871,3.8799,210532,1536883.5999999999,,7.3,,,,,,,,
gemm_2241,gemm,vitis,csynth,,74,80,6088,16072,1824,2520,548160,274080,4.057,3.1746,1.1106,5.864,35621,260033.3,,7.3,,,,,,,,
gemm_2242,gemm,vitis,csynth,,74,80,7411,15185,1824,2520,548160,274080,4.057,3.1746,1.352,5.5404,42341,309089.3,,7.3,,,,,,,,
gemm_2243,gemm,vitis,csynth,,74,80,4624,10793,1824,2520,548160,274080,4.057,3.1746,0.8435,3.9379,26968,196866.4,,7.3,,,,,,,,
gemm_2244,gemm,vitis,csynth,,74,80,5947,10074,1824,2520,548160,274080,4.057,3.1746,1.0849,3.6756,33688,245922.4,,7.3,,,,,,,,
gemm_2245,gemm,vitis,csynth,,74,80,6193,16146,1824,2520,548160,274080,4.057,3.1746,1.1298,5.891,35630,260099.0,,7.3,,,,,,,,
gemm_2246,gemm,vitis,csynth,,74,80,7516,15255,1824,2520,548160,274080,4.057,3.1746,1.3711,5.5659,42350,309155.0,,7.3,,,,,,,,
gemm_2247,gemm,vitis,csynth,,74,80,4727,10909,1824,2520,548160,274080,4.057,3.1746,0.8623,3.9802,26975,196917.5,,7.3,,,,,,,,
gemm_2248,gemm,vitis,csynth,,74,80,6050,10182,1824,2520,548160,274080,4.057,3.1746,1.1037,3.715,33695,245973.5,,7.3,,,,,,,,
gemm_2249,gemm,vitis,csynth,,19,24,5965,12389,1824,2520,548160,274080,1.0417,0.9524,1.0882,4.5202,42733,311950.89999999997,,7.3,,,,,,,,
gemm_2250,gemm,vitis,csynth,,19,24,5147,11427,1824,2520,548160,274080,1.0417,0.9524,0.939,4.1692,35108,256288.4,,7.3,,,,,,,,
gemm_2251,gemm,vitis,csynth,,19,24,4511,7128,1824,2520,548160,274080,1.0417,0.9524,0.8229,2.6007,25427,185617.1,,7.3,,,,,,,,
gemm_2252,gemm,vitis,csynth,,19,24,3629,6196,1824,2520,548160,274080,1.0417,0.9524,0.662,2.2607,17802,129954.59999999999,,7.3,,,,,,,,
gemm_2253,gemm,vitis,csynth,,19,24,6070,12459,1824,2520,548160,274080,1.0417,0.9524,1.1073,4.5458,42742,312016.6,,7.3,,,,,,,,
gemm_2254,gemm,vitis,csynth,,19,24,5252,11537,1824,2520,548160,274080,1.0417,0.9524,0.9581,4.2094,35117,256354.1,,7.3,,,,,,,,
gemm_2255,gemm,vitis,csynth,,19,24,4616,7260,1824,2520,548160,274080,1.0417,0.9524,0.8421,2.6489,25436,185682.8,,7.3,,,,,,,,
gemm_2256,gemm,vitis,csynth,,19,24,3732,6254,1824,2520,548160,274080,1.0417,0.9524,0.6808,2.2818,17809,130005.7,,7.3,,,,,,,,
gemm_2257,gemm,vitis,csynth,,130,136,5506,14959,1824,2520,548160,274080,7.1272,5.3968,1.0045,5.4579,20269,147963.69999999998,,7.3,,,,,,,,
gemm_2258,gemm,vitis,csynth,,130,136,6682,14058,1824,2520,548160,274080,7.1272,5.3968,1.219,5.1292,27909,203735.69999999998,,7.3,,,,,,,,
gemm_2259,gemm,vitis,csynth,,130,136,6701,14336,1824,2520,548160,274080,7.1272,5.3968,1.2225,5.2306,26989,197019.69999999998,,7.3,,,,,,,,
gemm_2260,gemm,vitis,csynth,,130,136,8005,13491,1824,2520,548160,274080,7.1272,5.3968,1.4603,4.9223,34629,252791.69999999998,,7.3,,,,,,,,
gemm_2261,gemm,vitis,csynth,,130,136,5611,15033,1824,2520,548160,274080,7.1272,5.3968,1.0236,5.4849,20278,148029.4,,7.3,,,,,,,,
gemm_2262,gemm,vitis,csynth,,130,136,6787,14128,1824,2520,548160,274080,7.1272,5.3968,1.2381,5.1547,27918,203801.4,,7.3,,,,,,,,
gemm_2263,gemm,vitis,csynth,,130,136,6806,14406,1824,2520,548160,274080,7.1272,5.3968,1.2416,5.2561,26998,197085.4,,7.3,,,,,,,,
gemm_2264,gemm,vitis,csynth,,130,136,8110,13557,1824,2520,548160,274080,7.1272,5.3968,1.4795,4.9464,34638,252857.4,,7.3,,,,,,,,
gemm_2265,gemm,vitis,csynth,,194,584,17107,41368,1824,2520,548160,274080,10.636,23.1746,3.1208,15.0934,209577,1529912.0999999999,,7.3,,,,,,,,
gemm_2266,gemm,vitis,csynth,,194,584,23675,35451,1824,2520,548160,274080,10.636,23.1746,4.319,12.9345,1187497,8668728.1,,7.3,,,,,,,,
gemm_2267,gemm,vitis,csynth,,194,584,18310,40642,1824,2520,548160,274080,10.636,23.1746,3.3403,14.8285,223857,1634156.0999999999,,7.3,,,,,,,,
gemm_2268,gemm,vitis,csynth,,194,584,18307,40642,1824,2520,548160,274080,10.636,23.1746,3.3397,14.8285,223857,1634156.0999999999,,7.3,,,,,,,,
gemm_2269,gemm,vitis,csynth,,194,584,23672,35451,1824,2520,548160,274080,10.636,23.1746,4.3184,12.9345,1187497,8668728.1,,7.3,,,,,,,,
gemm_2270,gemm,vitis,csynth,,194,584,18285,40635,1824,2520,548160,274080,10.636,23.1746,3.3357,14.826,223929,1634681.7,,7.3,,,,,,,,
gemm_2271,gemm,vitis,csynth,,194,584,17212,41452,1824,2520,548160,274080,10.636,23.1746,3.14,15.1241,209586,1529977.8,,7.3,,,,,,,,
gemm_2272,gemm,vitis,csynth,,194,584,23780,35535,1824,2520,548160,274080,10.636,23.1746,4.3381,12.9652,1187506,8668793.799999999,,7.3,,,,,,,,
gemm_2273,gemm,vitis,csynth,,194,584,18415,40726,1824,2520,548160,274080,10.636,23.1746,3.3594,14.8592,223866,1634221.8,,7.3,,,,,,,,
gemm_2274,gemm,vitis,csynth,,194,584,18412,40726,1824,2520,548160,274080,10.636,23.1746,3.3589,14.8592,223866,1634221.8,,7.3,,,,,,,,
gemm_2275,gemm,vitis,csynth,,194,584,23777,35535,1824,2520,548160,274080,10.636,23.1746,4.3376,12.9652,1187506,8668793.799999999,,7.3,,,,,,,,
gemm_2276,gemm,vitis,csynth,,194,584,18390,40719,1824,2520,548160,274080,10.636,23.1746,3.3549,14.8566,223938,1634747.4,,7.3,,,,,,,,
gemm_2277,gemm,vitis,csynth,,194,584,18597,41044,1824,2520,548160,274080,10.636,23.1746,3.3926,14.9752,224070,1635711.0,,7.3,,,,,,,,
gemm_2278,gemm,vitis,csynth,,194,584,25165,35127,1824,2520,548160,274080,10.636,23.1746,4.5908,12.8163,1201990,8774527.0,,7.3,,,,,,,,
gemm_2279,gemm,vitis,csynth,,194,584,17374,41785,1824,2520,548160,274080,10.636,23.1746,3.1695,15.2455,209646,1530415.8,,7.3,,,,,,,,
gemm_2280,gemm,vitis,csynth,,194,584,17371,41785,1824,2520,548160,274080,10.636,23.1746,3.169,15.2455,209646,1530415.8,,7.3,,,,,,,,
gemm_2281,gemm,vitis,csynth,,194,584,25162,35127,1824,2520,548160,274080,10.636,23.1746,4.5903,12.8163,1201990,8774527.0,,7.3,,,,,,,,
gemm_2282,gemm,vitis,csynth,,194,584,17349,41778,1824,2520,548160,274080,10.636,23.1746,3.165,15.243,209718,1530941.4,,7.3,,,,,,,,
gemm_2283,gemm,vitis,csynth,,194,584,18638,41128,1824,2520,548160,274080,10.636,23.1746,3.4001,15.0058,224079,1635776.7,,7.3,,,,,,,,
gemm_2284,gemm,vitis,csynth,,194,584,25206,35211,1824,2520,548160,274080,10.636,23.1746,4.5983,12.847,1201999,8774592.7,,7.3,,,,,,,,
gemm_2285,gemm,vitis,csynth,,194,584,17479,41868,1824,2520,548160,274080,10.636,23.1746,3.1887,15.2758,209655,1530481.5,,7.3,,,,,,,,
gemm_2286,gemm,vitis,csynth,,194,584,17476,41868,1824,2520,548160,274080,10.636,23.1746,3.1881,15.2758,209655,1530481.5,,7.3,,,,,,,,
gemm_2287,gemm,vitis,csynth,,194,584,25203,35211,1824,2520,548160,274080,10.636,23.1746,4.5977,12.847,1201999,8774592.7,,7.3,,,,,,,,
gemm_2288,gemm,vitis,csynth,,194,584,17454,41861,1824,2520,548160,274080,10.636,23.1746,3.1841,15.2733,209727,1531007.0999999999,,7.3,,,,,,,,
gemm_2289,gemm,vitis,csynth,,130,136,5378,14959,1824,2520,548160,274080,7.1272,5.3968,0.9811,5.4579,20261,147905.3,,7.3,,,,,,,,
gemm_2290,gemm,vitis,csynth,,130,136,6701,14072,1824,2520,548160,274080,7.1272,5.3968,1.2225,5.1343,26981,196961.3,,7.3,,,,,,,,
gemm_2291,gemm,vitis,csynth,,130,136,6546,14322,1824,2520,548160,274080,7.1272,5.3968,1.1942,5.2255,27901,203677.3,,7.3,,,,,,,,
gemm_2292,gemm,vitis,csynth,,130,136,7997,13491,1824,2520,548160,274080,7.1272,5.3968,1.4589,4.9223,34621,252733.3,,7.3,,,,,,,,
gemm_2293,gemm,vitis,csynth,,130,136,5483,15033,1824,2520,548160,274080,7.1272,5.3968,1.0003,5.4849,20270,147971.0,,7.3,,,,,,,,
gemm_2294,gemm,vitis,csynth,,130,136,6806,14142,1824,2520,548160,274080,7.1272,5.3968,1.2416,5.1598,26990,197027.0,,7.3,,,,,,,,
gemm_2295,gemm,vitis,csynth,,130,136,6651,14392,1824,2520,548160,274080,7.1272,5.3968,1.2133,5.251,27910,203743.0,,7.3,,,,,,,,
gemm_2296,gemm,vitis,csynth,,130,136,8102,13557,1824,2520,548160,274080,7.1272,5.3968,1.478,4.9464,34630,252799.0,,7.3,,,,,,,,
gemm_2297,gemm,vitis,csynth,,130,136,6678,14207,1824,2520,548160,274080,7.1272,5.3968,1.2183,5.1835,27373,199822.9,,7.3,,,,,,,,
gemm_2298,gemm,vitis,csynth,,130,136,5355,14934,1824,2520,548160,274080,7.1272,5.3968,0.9769,5.4488,20653,150766.9,,7.3,,,,,,,,
gemm_2299,gemm,vitis,csynth,,130,136,8001,13480,1824,2520,548160,274080,7.1272,5.3968,1.4596,4.9183,34093,248878.9,,7.3,,,,,,,,
gemm_2300,gemm,vitis,csynth,,130,136,6678,14207,1824,2520,548160,274080,7.1272,5.3968,1.2183,5.1835,27373,199822.9,,7.3,,,,,,,,
gemm_2301,gemm,vitis,csynth,,130,136,6783,14277,1824,2520,548160,274080,7.1272,5.3968,1.2374,5.2091,27382,199888.6,,7.3,,,,,,,,
gemm_2302,gemm,vitis,csynth,,130,136,5460,15008,1824,2520,548160,274080,7.1272,5.3968,0.9961,5.4758,20662,150832.6,,7.3,,,,,,,,
gemm_2303,gemm,vitis,csynth,,130,136,8106,13546,1824,2520,548160,274080,7.1272,5.3968,1.4788,4.9424,34102,248944.6,,7.3,,,,,,,,
gemm_2304,gemm,vitis,csynth,,130,136,6783,14277,1824,2520,548160,274080,7.1272,5.3968,1.2374,5.2091,27382,199888.6,,7.3,,,,,,,,
gemm_2305,gemm,vitis,csynth,,30,3,2734,4225,1824,2520,548160,274080,1.6447,0.119,0.4988,1.5415,41221,300913.3,,7.3,,,,,,,,
gemm_2306,gemm,vitis,csynth,,30,3,2945,4376,1824,2520,548160,274080,1.6447,0.119,0.5373,1.5966,41221,300913.3,,7.3,,,,,,,,
gemm_2307,gemm,vitis,csynth,,30,3,2945,4375,1824,2520,548160,274080,1.6447,0.119,0.5373,1.5962,41221,300913.3,,7.3,,,,,,,,
gemm_2308,gemm,vitis,csynth,,30,3,3156,4526,1824,2520,548160,274080,1.6447,0.119,0.5757,1.6513,41221,300913.3,,7.3,,,,,,,,
gemm_2309,gemm,vitis,csynth,,30,3,2839,4289,1824,2520,548160,274080,1.6447,0.119,0.5179,1.5649,41230,300979.0,,7.3,,,,,,,,
gemm_2310,gemm,vitis,csynth,,30,3,3050,4440,1824,2520,548160,274080,1.6447,0.119,0.5564,1.62,41230,300979.0,,7.3,,,,,,,,
gemm_2311,gemm,vitis,csynth,,30,3,3050,4439,1824,2520,548160,274080,1.6447,0.119,0.5564,1.6196,41230,300979.0,,7.3,,,,,,,,
gemm_2312,gemm,vitis,csynth,,30,3,3261,4590,1824,2520,548160,274080,1.6447,0.119,0.5949,1.6747,41230,300979.0,,7.3,,,,,,,,
gemm_2313,gemm,vitis,csynth,,36,3,2653,4300,1824,2520,548160,274080,1.9737,0.119,0.484,1.5689,1089665,7954554.5,,7.3,,,,,,,,
gemm_2314,gemm,vitis,csynth,,36,3,2864,4450,1824,2520,548160,274080,1.9737,0.119,0.5225,1.6236,1089665,7954554.5,,7.3,,,,,,,,
gemm_2315,gemm,vitis,csynth,,36,3,2864,4451,1824,2520,548160,274080,1.9737,0.119,0.5225,1.624,1089665,7954554.5,,7.3,,,,,,,,
gemm_2316,gemm,vitis,csynth,,36,3,2920,4367,1824,2520,548160,274080,1.9737,0.119,0.5327,1.5933,1090622,7961540.6,,7.3,,,,,,,,
gemm_2317,gemm,vitis,csynth,,36,3,2865,4455,1824,2520,548160,274080,1.9737,0.119,0.5227,1.6254,1089665,7954554.5,,7.3,,,,,,,,
gemm_2318,gemm,vitis,csynth,,36,3,2865,4456,1824,2520,548160,274080,1.9737,0.119,0.5227,1.6258,1089665,7954554.5,,7.3,,,,,,,,
gemm_2319,gemm,vitis,csynth,,36,3,2754,4356,1824,2520,548160,274080,1.9737,0.119,0.5024,1.5893,1089670,7954591.0,,7.3,,,,,,,,
gemm_2320,gemm,vitis,csynth,,36,3,2965,4506,1824,2520,548160,274080,1.9737,0.119,0.5409,1.644,1089670,7954591.0,,7.3,,,,,,,,
gemm_2321,gemm,vitis,csynth,,36,3,2965,4507,1824,2520,548160,274080,1.9737,0.119,0.5409,1.6444,1089670,7954591.0,,7.3,,,,,,,,
gemm_2322,gemm,vitis,csynth,,36,3,3025,4433,1824,2520,548160,274080,1.9737,0.119,0.5518,1.6174,1090631,7961606.3,,7.3,,,,,,,,
gemm_2323,gemm,vitis,csynth,,36,3,2966,4511,1824,2520,548160,274080,1.9737,0.119,0.5411,1.6459,1089670,7954591.0,,7.3,,,,,,,,
gemm_2324,gemm,vitis,csynth,,36,3,2966,4512,1824,2520,548160,274080,1.9737,0.119,0.5411,1.6462,1089670,7954591.0,,7.3,,,,,,,,
gemm_2325,gemm,vitis,csynth,,37,3,2981,4622,1824,2520,548160,274080,2.0285,0.119,0.5438,1.6864,1089737,7955080.1,,7.3,,,,,,,,
gemm_2326,gemm,vitis,csynth,,37,3,3192,4772,1824,2520,548160,274080,2.0285,0.119,0.5823,1.7411,1089737,7955080.1,,7.3,,,,,,,,
gemm_2327,gemm,vitis,csynth,,37,3,2770,4475,1824,2520,548160,274080,2.0285,0.119,0.5053,1.6327,1089737,7955080.1,,7.3,,,,,,,,
gemm_2328,gemm,vitis,csynth,,37,3,2828,4392,1824,2520,548160,274080,2.0285,0.119,0.5159,1.6025,1090827,7963037.1,,7.3,,,,,,,,
gemm_2329,gemm,vitis,csynth,,37,3,3193,4777,1824,2520,548160,274080,2.0285,0.119,0.5825,1.7429,1089737,7955080.1,,7.3,,,,,,,,
gemm_2330,gemm,vitis,csynth,,37,3,2771,4480,1824,2520,548160,274080,2.0285,0.119,0.5055,1.6346,1089737,7955080.1,,7.3,,,,,,,,
gemm_2331,gemm,vitis,csynth,,37,3,3084,4679,1824,2520,548160,274080,2.0285,0.119,0.5626,1.7072,1089744,7955131.2,,7.3,,,,,,,,
gemm_2332,gemm,vitis,csynth,,37,3,3295,4829,1824,2520,548160,274080,2.0285,0.119,0.6011,1.7619,1089744,7955131.2,,7.3,,,,,,,,
gemm_2333,gemm,vitis,csynth,,37,3,2873,4532,1824,2520,548160,274080,2.0285,0.119,0.5241,1.6535,1089744,7955131.2,,7.3,,,,,,,,
gemm_2334,gemm,vitis,csynth,,37,3,2933,4456,1824,2520,548160,274080,2.0285,0.119,0.5351,1.6258,1090836,7963102.8,,7.3,,,,,,,,
gemm_2335,gemm,vitis,csynth,,37,3,3296,4834,1824,2520,548160,274080,2.0285,0.119,0.6013,1.7637,1089744,7955131.2,,7.3,,,,,,,,
gemm_2336,gemm,vitis,csynth,,37,3,2874,4537,1824,2520,548160,274080,2.0285,0.119,0.5243,1.6554,1089744,7955131.2,,7.3,,,,,,,,
gemm_2337,gemm,vitis,csynth,,30,3,2697,4205,1824,2520,548160,274080,1.6447,0.119,0.492,1.5342,49551,361722.3,,7.3,,,,,,,,
gemm_2338,gemm,vitis,csynth,,30,3,2908,4355,1824,2520,548160,274080,1.6447,0.119,0.5305,1.589,49551,361722.3,,7.3,,,,,,,,
gemm_2339,gemm,vitis,csynth,,30,3,2908,4356,1824,2520,548160,274080,1.6447,0.119,0.5305,1.5893,49551,361722.3,,7.3,,,,,,,,
gemm_2340,gemm,vitis,csynth,,30,3,3119,4506,1824,2520,548160,274080,1.6447,0.119,0.569,1.644,49551,361722.3,,7.3,,,,,,,,
gemm_2341,gemm,vitis,csynth,,30,3,2798,4255,1824,2520,548160,274080,1.6447,0.119,0.5104,1.5525,49556,361758.8,,7.3,,,,,,,,
gemm_2342,gemm,vitis,csynth,,30,3,3009,4405,1824,2520,548160,274080,1.6447,0.119,0.5489,1.6072,49556,361758.8,,7.3,,,,,,,,
gemm_2343,gemm,vitis,csynth,,30,3,3009,4406,1824,2520,548160,274080,1.6447,0.119,0.5489,1.6076,49556,361758.8,,7.3,,,,,,,,
gemm_2344,gemm,vitis,csynth,,30,3,3220,4556,1824,2520,548160,274080,1.6447,0.119,0.5874,1.6623,49556,361758.8,,7.3,,,,,,,,
gemm_2345,gemm,vitis,csynth,,30,3,2950,4382,1824,2520,548160,274080,1.6447,0.119,0.5382,1.5988,41354,301884.2,,7.3,,,,,,,,
gemm_2346,gemm,vitis,csynth,,30,3,2739,4235,1824,2520,548160,274080,1.6447,0.119,0.4997,1.5452,41354,301884.2,,7.3,,,,,,,,
gemm_2347,gemm,vitis,csynth,,30,3,3161,4532,1824,2520,548160,274080,1.6447,0.119,0.5767,1.6535,41354,301884.2,,7.3,,,,,,,,
gemm_2348,gemm,vitis,csynth,,30,3,2950,4385,1824,2520,548160,274080,1.6447,0.119,0.5382,1.5999,41354,301884.2,,7.3,,,,,,,,
gemm_2349,gemm,vitis,csynth,,30,3,3053,4439,1824,2520,548160,274080,1.6447,0.119,0.557,1.6196,41361,301935.3,,7.3,,,,,,,,
gemm_2350,gemm,vitis,csynth,,30,3,2842,4292,1824,2520,548160,274080,1.6447,0.119,0.5185,1.566,41361,301935.3,,7.3,,,,,,,,
gemm_2351,gemm,vitis,csynth,,30,3,3264,4589,1824,2520,548160,274080,1.6447,0.119,0.5954,1.6743,41361,301935.3,,7.3,,,,,,,,
gemm_2352,gemm,vitis,csynth,,30,3,3053,4442,1824,2520,548160,274080,1.6447,0.119,0.557,1.6207,41361,301935.3,,7.3,,,,,,,,
gemm_2353,gemm,vitis,csynth,,28,17,3259,5226,1824,2520,548160,274080,1.5351,0.6746,0.5945,1.9067,34053,248586.9,,7.3,,,,,,,,
gemm_2354,gemm,vitis,csynth,,28,17,4140,6042,1824,2520,548160,274080,1.5351,0.6746,0.7553,2.2045,41747,304753.1,,7.3,,,,,,,,
gemm_2355,gemm,vitis,csynth,,28,17,3470,5376,1824,2520,548160,274080,1.5351,0.6746,0.633,1.9615,34053,248586.9,,7.3,,,,,,,,
gemm_2356,gemm,vitis,csynth,,28,17,4351,6192,1824,2520,548160,274080,1.5351,0.6746,0.7937,2.2592,41747,304753.1,,7.3,,,,,,,,
gemm_2357,gemm,vitis,csynth,,28,17,3364,5290,1824,2520,548160,274080,1.5351,0.6746,0.6137,1.9301,34062,248652.6,,7.3,,,,,,,,
gemm_2358,gemm,vitis,csynth,,28,17,4245,6173,1824,2520,548160,274080,1.5351,0.6746,0.7744,2.2523,41756,304818.8,,7.3,,,,,,,,
gemm_2359,gemm,vitis,csynth,,28,17,3575,5440,1824,2520,548160,274080,1.5351,0.6746,0.6522,1.9848,34062,248652.6,,7.3,,,,,,,,
gemm_2360,gemm,vitis,csynth,,28,17,4456,6323,1824,2520,548160,274080,1.5351,0.6746,0.8129,2.307,41756,304818.8,,7.3,,,,,,,,
gemm_2361,gemm,vitis,csynth,,34,24,3300,5876,1824,2520,548160,274080,1.864,0.9524,0.602,2.1439,157825,1152122.5,,7.3,,,,,,,,
gemm_2362,gemm,vitis,csynth,,34,24,4323,6772,1824,2520,548160,274080,1.864,0.9524,0.7886,2.4708,1134982,8285368.6,,7.3,,,,,,,,
gemm_2363,gemm,vitis,csynth,,34,24,4200,7513,1824,2520,548160,274080,1.864,0.9524,0.7662,2.7412,165450,1207785.0,,7.3,,,,,,,,
gemm_2364,gemm,vitis,csynth,,34,24,4854,8348,1824,2520,548160,274080,1.864,0.9524,0.8855,3.0458,1141745,8334738.5,,7.3,,,,,,,,
gemm_2365,gemm,vitis,csynth,,34,24,5504,8915,1824,2520,548160,274080,1.864,0.9524,1.0041,3.2527,1075944,7854391.2,,7.3,,,,,,,,
gemm_2366,gemm,vitis,csynth,,34,24,4652,9443,1824,2520,548160,274080,1.864,0.9524,0.8487,3.4453,1083569,7910053.7,,7.3,,,,,,,,
gemm_2367,gemm,vitis,csynth,,34,24,3401,5932,1824,2520,548160,274080,1.864,0.9524,0.6204,2.1643,157830,1152159.0,,7.3,,,,,,,,
gemm_2368,gemm,vitis,csynth,,34,24,4428,6896,1824,2520,548160,274080,1.864,0.9524,0.8078,2.5161,1134991,8285434.3,,7.3,,,,,,,,
gemm_2369,gemm,vitis,csynth,,34,24,4303,7589,1824,2520,548160,274080,1.864,0.9524,0.785,2.7689,165457,1207836.0999999999,,7.3,,,,,,,,
gemm_2370,gemm,vitis,csynth,,34,24,4959,8424,1824,2520,548160,274080,1.864,0.9524,0.9047,3.0736,1141754,8334804.2,,7.3,,,,,,,,
gemm_2371,gemm,vitis,csynth,,34,24,5609,9031,1824,2520,548160,274080,1.864,0.9524,1.0232,3.295,1075953,7854456.899999999,,7.3,,,,,,,,
gemm_2372,gemm,vitis,csynth,,34,24,4757,9519,1824,2520,548160,274080,1.864,0.9524,0.8678,3.4731,1083578,7910119.399999999,,7.3,,,,,,,,
gemm_2373,gemm,vitis,csynth,,36,17,3217,5451,1824,2520,548160,274080,1.9737,0.6746,0.5869,1.9888,165065,1204974.5,,7.3,,,,,,,,
gemm_2374,gemm,vitis,csynth,,36,17,4242,6415,1824,2520,548160,274080,1.9737,0.6746,0.7739,2.3406,1142411,8339600.3,,7.3,,,,,,,,
gemm_2375,gemm,vitis,csynth,,36,17,3988,6254,1824,2520,548160,274080,1.9737,0.6746,0.7275,2.2818,165514,1208252.2,,7.3,,,,,,,,
gemm_2376,gemm,vitis,csynth,,36,17,4644,7087,1824,2520,548160,274080,1.9737,0.6746,0.8472,2.5857,1141998,8336585.399999999,,7.3,,,,,,,,
gemm_2377,gemm,vitis,csynth,,36,17,5423,8550,1824,2520,548160,274080,1.9737,0.6746,0.9893,3.1195,1083373,7908622.899999999,,7.3,,,,,,,,
gemm_2378,gemm,vitis,csynth,,36,17,4442,8182,1824,2520,548160,274080,1.9737,0.6746,0.8103,2.9853,1083822,7911900.6,,7.3,,,,,,,,
gemm_2379,gemm,vitis,csynth,,36,17,3320,5508,1824,2520,548160,274080,1.9737,0.6746,0.6057,2.0096,165072,1205025.5999999999,,7.3,,,,,,,,
gemm_2380,gemm,vitis,csynth,,36,17,4347,6509,1824,2520,548160,274080,1.9737,0.6746,0.793,2.3749,1142420,8339666.0,,7.3,,,,,,,,
gemm_2381,gemm,vitis,csynth,,36,17,4093,6392,1824,2520,548160,274080,1.9737,0.6746,0.7467,2.3322,165523,1208317.9,,7.3,,,,,,,,
gemm_2382,gemm,vitis,csynth,,36,17,4749,7147,1824,2520,548160,274080,1.9737,0.6746,0.8664,2.6076,1142007,8336651.1,,7.3,,,,,,,,
gemm_2383,gemm,vitis,csynth,,36,17,5528,8652,1824,2520,548160,274080,1.9737,0.6746,1.0085,3.1567,1083382,7908688.6,,7.3,,,,,,,,
gemm_2384,gemm,vitis,csynth,,36,17,4547,8251,1824,2520,548160,274080,1.9737,0.6746,0.8295,3.0104,1083831,7911966.3,,7.3,,,,,,,,
gemm_2385,gemm,vitis,csynth,,29,10,2979,5002,1824,2520,548160,274080,1.5899,0.3968,0.5435,1.825,42383,309395.89999999997,,7.3,,,,,,,,
gemm_2386,gemm,vitis,csynth,,29,10,3190,5152,1824,2520,548160,274080,1.5899,0.3968,0.5819,1.8797,42383,309395.89999999997,,7.3,,,,,,,,
gemm_2387,gemm,vitis,csynth,,29,10,3924,5853,1824,2520,548160,274080,1.5899,0.3968,0.7158,2.1355,50140,366022.0,,7.3,,,,,,,,
gemm_2388,gemm,vitis,csynth,,29,10,4135,6003,1824,2520,548160,274080,1.5899,0.3968,0.7543,2.1902,50140,366022.0,,7.3,,,,,,,,
gemm_2389,gemm,vitis,csynth,,29,10,3080,5052,1824,2520,548160,274080,1.5899,0.3968,0.5619,1.8433,42388,309432.39999999997,,7.3,,,,,,,,
gemm_2390,gemm,vitis,csynth,,29,10,3291,5202,1824,2520,548160,274080,1.5899,0.3968,0.6004,1.898,42388,309432.39999999997,,7.3,,,,,,,,
gemm_2391,gemm,vitis,csynth,,29,10,4029,5955,1824,2520,548160,274080,1.5899,0.3968,0.735,2.1727,50149,366087.7,,7.3,,,,,,,,
gemm_2392,gemm,vitis,csynth,,29,10,4240,6105,1824,2520,548160,274080,1.5899,0.3968,0.7735,2.2275,50149,366087.7,,7.3,,,,,,,,
gemm_2393,gemm,vitis,csynth,,28,17,3324,5540,1824,2520,548160,274080,1.5351,0.6746,0.6064,2.0213,33160,242068.0,,7.3,,,,,,,,
gemm_2394,gemm,vitis,csynth,,28,17,4095,6343,1824,2520,548160,274080,1.5351,0.6746,0.747,2.3143,33609,245345.69999999998,,7.3,,,,,,,,
gemm_2395,gemm,vitis,csynth,,28,17,4261,6393,1824,2520,548160,274080,1.5351,0.6746,0.7773,2.3325,50604,369409.2,,7.3,,,,,,,,
gemm_2396,gemm,vitis,csynth,,28,17,4968,7225,1824,2520,548160,274080,1.5351,0.6746,0.9063,2.6361,51053,372686.89999999997,,7.3,,,,,,,,
gemm_2397,gemm,vitis,csynth,,28,17,3427,5597,1824,2520,548160,274080,1.5351,0.6746,0.6252,2.0421,33167,242119.1,,7.3,,,,,,,,
gemm_2398,gemm,vitis,csynth,,28,17,4200,6481,1824,2520,548160,274080,1.5351,0.6746,0.7662,2.3646,33618,245411.4,,7.3,,,,,,,,
gemm_2399,gemm,vitis,csynth,,28,17,4366,6495,1824,2520,548160,274080,1.5351,0.6746,0.7965,2.3697,50613,369474.89999999997,,7.3,,,,,,,,
gemm_2400,gemm,vitis,csynth,,28,17,5073,7294,1824,2520,548160,274080,1.5351,0.6746,0.9255,2.6613,51062,372752.6,,7.3,,,,,,,,
gemm_2401,gemm,vitis,csynth,,29,17,3955,6143,1824,2520,548160,274080,1.5899,0.6746,0.7215,2.2413,34001,248207.3,,7.3,,,,,,,,
gemm_2402,gemm,vitis,csynth,,29,17,3189,5248,1824,2520,548160,274080,1.5899,0.6746,0.5818,1.9148,33027,241097.1,,7.3,,,,,,,,
gemm_2403,gemm,vitis,csynth,,29,17,4700,7145,1824,2520,548160,274080,1.5899,0.6746,0.8574,2.6069,51381,375081.3,,7.3,,,,,,,,
gemm_2404,gemm,vitis,csynth,,29,17,4128,6106,1824,2520,548160,274080,1.5899,0.6746,0.7531,2.2278,50476,368474.8,,7.3,,,,,,,,
gemm_2405,gemm,vitis,csynth,,29,17,4060,6281,1824,2520,548160,274080,1.5899,0.6746,0.7407,2.2917,34010,248273.0,,7.3,,,,,,,,
gemm_2406,gemm,vitis,csynth,,29,17,3294,5312,1824,2520,548160,274080,1.5899,0.6746,0.6009,1.9381,33036,241162.8,,7.3,,,,,,,,
gemm_2407,gemm,vitis,csynth,,29,17,4805,7214,1824,2520,548160,274080,1.5899,0.6746,0.8766,2.6321,51390,375147.0,,7.3,,,,,,,,
gemm_2408,gemm,vitis,csynth,,29,17,4233,6208,1824,2520,548160,274080,1.5899,0.6746,0.7722,2.265,50485,368540.5,,7.3,,,,,,,,
gemm_2409,gemm,vitis,csynth,,36,10,3477,5568,1824,2520,548160,274080,1.9737,0.3968,0.6343,2.0315,1206718,8809041.4,,7.3,,,,,,,,
gemm_2410,gemm,vitis,csynth,,36,10,2882,4840,1824,2520,548160,274080,1.9737,0.3968,0.5258,1.7659,1089665,7954554.5,,7.3,,,,,,,,
gemm_2411,gemm,vitis,csynth,,36,10,3565,6625,1824,2520,548160,274080,1.9737,0.3968,0.6504,2.4172,1090622,7961540.6,,7.3,,,,,,,,
gemm_2412,gemm,vitis,csynth,,36,10,3565,6634,1824,2520,548160,274080,1.9737,0.3968,0.6504,2.4205,1090622,7961540.6,,7.3,,,,,,,,
gemm_2413,gemm,vitis,csynth,,36,10,2883,4845,1824,2520,548160,274080,1.9737,0.3968,0.5259,1.7677,1089665,7954554.5,,7.3,,,,,,,,
gemm_2414,gemm,vitis,csynth,,36,10,3688,5455,1824,2520,548160,274080,1.9737,0.3968,0.6728,1.9903,1148222,8382020.6,,7.3,,,,,,,,
gemm_2415,gemm,vitis,csynth,,36,10,3582,5684,1824,2520,548160,274080,1.9737,0.3968,0.6535,2.0738,1206727,8809107.1,,7.3,,,,,,,,
gemm_2416,gemm,vitis,csynth,,36,10,2983,4896,1824,2520,548160,274080,1.9737,0.3968,0.5442,1.7863,1089670,7954591.0,,7.3,,,,,,,,
gemm_2417,gemm,vitis,csynth,,36,10,3670,6724,1824,2520,548160,274080,1.9737,0.3968,0.6695,2.4533,1090631,7961606.3,,7.3,,,,,,,,
gemm_2418,gemm,vitis,csynth,,36,10,3670,6733,1824,2520,548160,274080,1.9737,0.3968,0.6695,2.4566,1090631,7961606.3,,7.3,,,,,,,,
gemm_2419,gemm,vitis,csynth,,36,10,2984,4901,1824,2520,548160,274080,1.9737,0.3968,0.5444,1.7882,1089670,7954591.0,,7.3,,,,,,,,
gemm_2420,gemm,vitis,csynth,,36,10,3793,5571,1824,2520,548160,274080,1.9737,0.3968,0.692,2.0326,1148231,8382086.3,,7.3,,,,,,,,
gemm_2421,gemm,vitis,csynth,,37,10,3807,5950,1824,2520,548160,274080,2.0285,0.3968,0.6945,2.1709,1206923,8810537.9,,7.3,,,,,,,,
gemm_2422,gemm,vitis,csynth,,37,10,3210,5162,1824,2520,548160,274080,2.0285,0.3968,0.5856,1.8834,1089737,7955080.1,,7.3,,,,,,,,
gemm_2423,gemm,vitis,csynth,,37,10,3473,6692,1824,2520,548160,274080,2.0285,0.3968,0.6336,2.4416,1090827,7963037.1,,7.3,,,,,,,,
gemm_2424,gemm,vitis,csynth,,37,10,3473,6701,1824,2520,548160,274080,2.0285,0.3968,0.6336,2.4449,1090827,7963037.1,,7.3,,,,,,,,
gemm_2425,gemm,vitis,csynth,,37,10,3211,5167,1824,2520,548160,274080,2.0285,0.3968,0.5858,1.8852,1089737,7955080.1,,7.3,,,,,,,,
gemm_2426,gemm,vitis,csynth,,37,10,3596,5539,1824,2520,548160,274080,2.0285,0.3968,0.656,2.0209,1148427,8383517.1,,7.3,,,,,,,,
gemm_2427,gemm,vitis,csynth,,37,10,3912,6052,1824,2520,548160,274080,2.0285,0.3968,0.7137,2.2081,1206932,8810603.6,,7.3,,,,,,,,
gemm_2428,gemm,vitis,csynth,,37,10,3313,5219,1824,2520,548160,274080,2.0285,0.3968,0.6044,1.9042,1089744,7955131.2,,7.3,,,,,,,,
gemm_2429,gemm,vitis,csynth,,37,10,3578,6808,1824,2520,548160,274080,2.0285,0.3968,0.6527,2.4839,1090836,7963102.8,,7.3,,,,,,,,
gemm_2430,gemm,vitis,csynth,,37,10,3578,6817,1824,2520,548160,274080,2.0285,0.3968,0.6527,2.4872,1090836,7963102.8,,7.3,,,,,,,,
gemm_2431,gemm,vitis,csynth,,37,10,3314,5224,1824,2520,548160,274080,2.0285,0.3968,0.6046,1.906,1089744,7955131.2,,7.3,,,,,,,,
gemm_2432,gemm,vitis,csynth,,37,10,3701,5641,1824,2520,548160,274080,2.0285,0.3968,0.6752,2.0582,1148436,8383582.8,,7.3,,,,,,,,
gemm_2433,gemm,vitis,csynth,,28,17,3817,6265,1824,2520,548160,274080,1.5351,0.6746,0.6963,2.2858,36140,263822.0,,7.3,,,,,,,,
gemm_2434,gemm,vitis,csynth,,28,17,4622,7085,1824,2520,548160,274080,1.5351,0.6746,0.8432,2.585,51397,375198.1,,7.3,,,,,,,,
gemm_2435,gemm,vitis,csynth,,28,17,3325,5578,1824,2520,548160,274080,1.5351,0.6746,0.6066,2.0352,35215,257069.5,,7.3,,,,,,,,
gemm_2436,gemm,vitis,csynth,,28,17,4194,6403,1824,2520,548160,274080,1.5351,0.6746,0.7651,2.3362,50472,368445.6,,7.3,,,,,,,,
gemm_2437,gemm,vitis,csynth,,28,17,3922,6374,1824,2520,548160,274080,1.5351,0.6746,0.7155,2.3256,36149,263887.7,,7.3,,,,,,,,
gemm_2438,gemm,vitis,csynth,,28,17,4727,7154,1824,2520,548160,274080,1.5351,0.6746,0.8623,2.6102,51406,375263.8,,7.3,,,,,,,,
gemm_2439,gemm,vitis,csynth,,28,17,3426,5628,1824,2520,548160,274080,1.5351,0.6746,0.625,2.0534,35220,257106.0,,7.3,,,,,,,,
gemm_2440,gemm,vitis,csynth,,28,17,4297,6510,1824,2520,548160,274080,1.5351,0.6746,0.7839,2.3752,50479,368496.7,,7.3,,,,,,,,
gemm_2441,gemm,vitis,csynth,,29,10,3863,5949,1824,2520,548160,274080,1.5899,0.3968,0.7047,2.1705,42275,308607.5,,7.3,,,,,,,,
gemm_2442,gemm,vitis,csynth,,29,10,2996,5032,1824,2520,548160,274080,1.5899,0.3968,0.5466,1.836,34186,249557.8,,7.3,,,,,,,,
gemm_2443,gemm,vitis,csynth,,29,10,4074,6099,1824,2520,548160,274080,1.5899,0.3968,0.7432,2.2253,42275,308607.5,,7.3,,,,,,,,
gemm_2444,gemm,vitis,csynth,,29,10,3207,5182,1824,2520,548160,274080,1.5899,0.3968,0.585,1.8907,34186,249557.8,,7.3,,,,,,,,
gemm_2445,gemm,vitis,csynth,,29,10,3968,6080,1824,2520,548160,274080,1.5899,0.3968,0.7239,2.2183,42284,308673.2,,7.3,,,,,,,,
gemm_2446,gemm,vitis,csynth,,29,10,3099,5089,1824,2520,548160,274080,1.5899,0.3968,0.5653,1.8568,34193,249608.9,,7.3,,,,,,,,
gemm_2447,gemm,vitis,csynth,,29,10,4179,6230,1824,2520,548160,274080,1.5899,0.3968,0.7624,2.2731,42284,308673.2,,7.3,,,,,,,,
gemm_2448,gemm,vitis,csynth,,29,10,3310,5239,1824,2520,548160,274080,1.5899,0.3968,0.6038,1.9115,34193,249608.9,,7.3,,,,,,,,
gemm_2449,gemm,vitis,csynth,,83,80,4380,10250,1824,2520,548160,274080,4.5504,3.1746,0.799,3.7398,26833,195880.9,,7.3,,,,,,,,
gemm_2450,gemm,vitis,csynth,,83,80,5703,9530,1824,2520,548160,274080,4.5504,3.1746,1.0404,3.4771,33553,244936.9,,7.3,,,,,,,,
gemm_2451,gemm,vitis,csynth,,83,80,5125,11252,1824,2520,548160,274080,4.5504,3.1746,0.9349,4.1054,44157,322346.1,,7.3,,,,,,,,
gemm_2452,gemm,vitis,csynth,,83,80,6576,10421,1824,2520,548160,274080,4.5504,3.1746,1.1996,3.8022,50877,371402.1,,7.3,,,,,,,,
gemm_2453,gemm,vitis,csynth,,83,80,4485,10388,1824,2520,548160,274080,4.5504,3.1746,0.8182,3.7901,26842,195946.6,,7.3,,,,,,,,
gemm_2454,gemm,vitis,csynth,,83,80,5808,9661,1824,2520,548160,274080,4.5504,3.1746,1.0595,3.5249,33562,245002.6,,7.3,,,,,,,,
gemm_2455,gemm,vitis,csynth,,83,80,5230,11321,1824,2520,548160,274080,4.5504,3.1746,0.9541,4.1305,44166,322411.8,,7.3,,,,,,,,
gemm_2456,gemm,vitis,csynth,,83,80,6681,10486,1824,2520,548160,274080,4.5504,3.1746,1.2188,3.8259,50886,371467.8,,7.3,,,,,,,,
gemm_2457,gemm,vitis,csynth,,90,80,5012,10339,1824,2520,548160,274080,4.9342,3.1746,0.9143,3.7723,274822,2006200.5999999999,,7.3,,,,,,,,
gemm_2458,gemm,vitis,csynth,,90,80,5625,9626,1824,2520,548160,274080,4.9342,3.1746,1.0262,3.5121,1134982,8285368.6,,7.3,,,,,,,,
gemm_2459,gemm,vitis,csynth,,90,80,5724,12915,1824,2520,548160,274080,4.9342,3.1746,1.0442,4.7121,166351,1214362.3,,7.3,,,,,,,,
gemm_2460,gemm,vitis,csynth,,90,80,10460,17273,1824,2520,548160,274080,4.9342,3.1746,1.9082,6.3022,1141633,8333920.899999999,,7.3,,,,,,,,
gemm_2461,gemm,vitis,csynth,,90,80,5789,11081,1824,2520,548160,274080,4.9342,3.1746,1.0561,4.043,1075944,7854391.2,,7.3,,,,,,,,
gemm_2462,gemm,vitis,csynth,,90,80,10482,17280,1824,2520,548160,274080,4.9342,3.1746,1.9122,6.3047,1141561,8333395.3,,7.3,,,,,,,,
gemm_2463,gemm,vitis,csynth,,90,80,5117,10455,1824,2520,548160,274080,4.9342,3.1746,0.9335,3.8146,274831,2006266.3,,7.3,,,,,,,,
gemm_2464,gemm,vitis,csynth,,90,80,5730,9750,1824,2520,548160,274080,4.9342,3.1746,1.0453,3.5574,1134991,8285434.3,,7.3,,,,,,,,
gemm_2465,gemm,vitis,csynth,,90,80,5829,12998,1824,2520,548160,274080,4.9342,3.1746,1.0634,4.7424,166360,1214428.0,,7.3,,,,,,,,
gemm_2466,gemm,vitis,csynth,,90,80,10565,17357,1824,2520,548160,274080,4.9342,3.1746,1.9274,6.3328,1141642,8333986.6,,7.3,,,,,,,,
gemm_2467,gemm,vitis,csynth,,90,80,5894,11197,1824,2520,548160,274080,4.9342,3.1746,1.0752,4.0853,1075953,7854456.899999999,,7.3,,,,,,,,
gemm_2468,gemm,vitis,csynth,,90,80,10587,17364,1824,2520,548160,274080,4.9342,3.1746,1.9314,6.3354,1141570,8333461.0,,7.3,,,,,,,,
gemm_2469,gemm,vitis,csynth,,92,73,4931,9974,1824,2520,548160,274080,5.0439,2.8968,0.8996,3.6391,282251,2060432.3,,7.3,,,,,,,,
gemm_2470,gemm,vitis,csynth,,92,73,5544,9269,1824,2520,548160,274080,5.0439,2.8968,1.0114,3.3819,1142411,8339600.3,,7.3,,,,,,,,
gemm_2471,gemm,vitis,csynth,,92,73,5514,11661,1824,2520,548160,274080,5.0439,2.8968,1.0059,4.2546,166604,1216209.2,,7.3,,,,,,,,
gemm_2472,gemm,vitis,csynth,,92,73,10250,16020,1824,2520,548160,274080,5.0439,2.8968,1.8699,5.845,1141886,8335767.8,,7.3,,,,,,,,
gemm_2473,gemm,vitis,csynth,,92,73,5708,10716,1824,2520,548160,274080,5.0439,2.8968,1.0413,3.9098,1083373,7908622.899999999,,7.3,,,,,,,,
gemm_2474,gemm,vitis,csynth,,92,73,10272,16027,1824,2520,548160,274080,5.0439,2.8968,1.8739,5.8476,1141814,8335242.2,,7.3,,,,,,,,
gemm_2475,gemm,vitis,csynth,,92,73,5036,10076,1824,2520,548160,274080,5.0439,2.8968,0.9187,3.6763,282260,2060498.0,,7.3,,,,,,,,
gemm_2476,gemm,vitis,csynth,,92,73,5649,9363,1824,2520,548160,274080,5.0439,2.8968,1.0305,3.4162,1142420,8339666.0,,7.3,,,,,,,,
gemm_2477,gemm,vitis,csynth,,92,73,5619,11734,1824,2520,548160,274080,5.0439,2.8968,1.0251,4.2812,166613,1216274.9,,7.3,,,,,,,,
gemm_2478,gemm,vitis,csynth,,92,73,10355,16102,1824,2520,548160,274080,5.0439,2.8968,1.889,5.8749,1141895,8335833.5,,7.3,,,,,,,,
gemm_2479,gemm,vitis,csynth,,92,73,5813,10818,1824,2520,548160,274080,5.0439,2.8968,1.0605,3.947,1083382,7908688.6,,7.3,,,,,,,,
gemm_2480,gemm,vitis,csynth,,92,73,10377,16109,1824,2520,548160,274080,5.0439,2.8968,1.8931,5.8775,1141823,8335307.899999999,,7.3,,,,,,,,
gemm_2481,gemm,vitis,csynth,,83,73,4293,10392,1824,2520,548160,274080,4.5504,2.8968,0.7832,3.7916,28972,211495.6,,7.3,,,,,,,,
gemm_2482,gemm,vitis,csynth,,83,73,5119,11933,1824,2520,548160,274080,4.5504,2.8968,0.9339,4.3538,44229,322871.7,,7.3,,,,,,,,
gemm_2483,gemm,vitis,csynth,,83,73,5616,9673,1824,2520,548160,274080,4.5504,2.8968,1.0245,3.5293,35692,260551.6,,7.3,,,,,,,,
gemm_2484,gemm,vitis,csynth,,83,73,6442,11366,1824,2520,548160,274080,4.5504,2.8968,1.1752,4.147,50949,371927.7,,7.3,,,,,,,,
gemm_2485,gemm,vitis,csynth,,83,73,4398,10501,1824,2520,548160,274080,4.5504,2.8968,0.8023,3.8314,28981,211561.3,,7.3,,,,,,,,
gemm_2486,gemm,vitis,csynth,,83,73,5224,12002,1824,2520,548160,274080,4.5504,2.8968,0.953,4.379,44238,322937.39999999997,,7.3,,,,,,,,
gemm_2487,gemm,vitis,csynth,,83,73,5721,9775,1824,2520,548160,274080,4.5504,2.8968,1.0437,3.5665,35701,260617.3,,7.3,,,,,,,,
gemm_2488,gemm,vitis,csynth,,83,73,6547,11431,1824,2520,548160,274080,4.5504,2.8968,1.1944,4.1707,50958,371993.39999999997,,7.3,,,,,,,,
gemm_2489,gemm,vitis,csynth,,83,73,5548,9624,1824,2520,548160,274080,4.5504,2.8968,1.0121,3.5114,34081,248791.3,,7.3,,,,,,,,
gemm_2490,gemm,vitis,csynth,,83,73,4372,10358,1824,2520,548160,274080,4.5504,2.8968,0.7976,3.7792,26441,193019.3,,7.3,,,,,,,,
gemm_2491,gemm,vitis,csynth,,83,73,6421,10499,1824,2520,548160,274080,4.5504,2.8968,1.1714,3.8306,51413,375314.89999999997,,7.3,,,,,,,,
gemm_2492,gemm,vitis,csynth,,83,73,5245,11240,1824,2520,548160,274080,4.5504,2.8968,0.9568,4.101,43773,319542.89999999997,,7.3,,,,,,,,
gemm_2493,gemm,vitis,csynth,,83,73,5653,9755,1824,2520,548160,274080,4.5504,2.8968,1.0313,3.5592,34090,248857.0,,7.3,,,,,,,,
gemm_2494,gemm,vitis,csynth,,83,73,4477,10496,1824,2520,548160,274080,4.5504,2.8968,0.8167,3.8295,26450,193085.0,,7.3,,,,,,,,
gemm_2495,gemm,vitis,csynth,,83,73,6526,10564,1824,2520,548160,274080,4.5504,2.8968,1.1905,3.8543,51422,375380.6,,7.3,,,,,,,,
gemm_2496,gemm,vitis,csynth,,83,73,5350,11309,1824,2520,548160,274080,4.5504,2.8968,0.976,4.1262,43782,319608.6,,7.3,,,,,,,,
gemm_2497,gemm,vitis,csynth,,29,10,3908,5792,1824,2520,548160,274080,1.5899,0.3968,0.7129,2.1133,50460,368358.0,,7.3,,,,,,,,
gemm_2498,gemm,vitis,csynth,,29,10,4119,5943,1824,2520,548160,274080,1.5899,0.3968,0.7514,2.1683,50460,368358.0,,7.3,,,,,,,,
gemm_2499,gemm,vitis,csynth,,29,10,3062,4820,1824,2520,548160,274080,1.5899,0.3968,0.5586,1.7586,41221,300913.3,,7.3,,,,,,,,
gemm_2500,gemm,vitis,csynth,,29,10,3273,4971,1824,2520,548160,274080,1.5899,0.3968,0.5971,1.8137,41221,300913.3,,7.3,,,,,,,,
gemm_2501,gemm,vitis,csynth,,29,10,4013,5901,1824,2520,548160,274080,1.5899,0.3968,0.7321,2.153,50469,368423.7,,7.3,,,,,,,,
gemm_2502,gemm,vitis,csynth,,29,10,4224,6052,1824,2520,548160,274080,1.5899,0.3968,0.7706,2.2081,50469,368423.7,,7.3,,,,,,,,
gemm_2503,gemm,vitis,csynth,,29,10,3167,4884,1824,2520,548160,274080,1.5899,0.3968,0.5778,1.782,41230,300979.0,,7.3,,,,,,,,
gemm_2504,gemm,vitis,csynth,,29,10,3378,5035,1824,2520,548160,274080,1.5899,0.3968,0.6162,1.8371,41230,300979.0,,7.3,,,,,,,,
gemm_2505,gemm,vitis,csynth,,35,17,4302,8615,1824,2520,548160,274080,1.9189,0.6746,0.7848,3.1432,1084553,7917236.899999999,,7.3,,,,,,,,
gemm_2506,gemm,vitis,csynth,,35,17,5990,9823,1824,2520,548160,274080,1.9189,0.6746,1.0927,3.584,1084553,7917236.899999999,,7.3,,,,,,,,
gemm_2507,gemm,vitis,csynth,,35,17,3822,6617,1824,2520,548160,274080,1.9189,0.6746,0.6972,2.4143,1199744,8758131.2,,7.3,,,,,,,,
gemm_2508,gemm,vitis,csynth,,35,17,3102,5506,1824,2520,548160,274080,1.9189,0.6746,0.5659,2.0089,164993,1204448.9,,7.3,,,,,,,,
gemm_2509,gemm,vitis,csynth,,35,17,4829,7327,1824,2520,548160,274080,1.9189,0.6746,0.8809,2.6733,1142983,8343775.899999999,,7.3,,,,,,,,
gemm_2510,gemm,vitis,csynth,,35,17,3103,5510,1824,2520,548160,274080,1.9189,0.6746,0.5661,2.0104,164993,1204448.9,,7.3,,,,,,,,
gemm_2511,gemm,vitis,csynth,,35,17,4407,8691,1824,2520,548160,274080,1.9189,0.6746,0.804,3.171,1084562,7917302.6,,7.3,,,,,,,,
gemm_2512,gemm,vitis,csynth,,35,17,6095,9899,1824,2520,548160,274080,1.9189,0.6746,1.1119,3.6117,1084562,7917302.6,,7.3,,,,,,,,
gemm_2513,gemm,vitis,csynth,,35,17,3927,6750,1824,2520,548160,274080,1.9189,0.6746,0.7164,2.4628,1199753,8758196.9,,7.3,,,,,,,,
gemm_2514,gemm,vitis,csynth,,35,17,3203,5562,1824,2520,548160,274080,1.9189,0.6746,0.5843,2.0293,164998,1204485.4,,7.3,,,,,,,,
gemm_2515,gemm,vitis,csynth,,35,17,4934,7403,1824,2520,548160,274080,1.9189,0.6746,0.9001,2.701,1142992,8343841.6,,7.3,,,,,,,,
gemm_2516,gemm,vitis,csynth,,35,17,3204,5566,1824,2520,548160,274080,1.9189,0.6746,0.5845,2.0308,164998,1204485.4,,7.3,,,,,,,,
gemm_2517,gemm,vitis,csynth,,35,24,4736,9163,1824,2520,548160,274080,1.9189,0.9524,0.864,3.3432,1084662,7918032.6,,7.3,,,,,,,,
gemm_2518,gemm,vitis,csynth,,35,24,6424,10371,1824,2520,548160,274080,1.9189,0.9524,1.1719,3.7839,1084662,7918032.6,,7.3,,,,,,,,
gemm_2519,gemm,vitis,csynth,,35,24,4153,7209,1824,2520,548160,274080,1.9189,0.9524,0.7576,2.6303,1192669,8706483.7,,7.3,,,,,,,,
gemm_2520,gemm,vitis,csynth,,35,24,3431,6022,1824,2520,548160,274080,1.9189,0.9524,0.6259,2.1972,157897,1152648.0999999999,,7.3,,,,,,,,
gemm_2521,gemm,vitis,csynth,,35,24,5263,7876,1824,2520,548160,274080,1.9189,0.9524,0.9601,2.8736,1143092,8344571.6,,7.3,,,,,,,,
gemm_2522,gemm,vitis,csynth,,35,24,3432,6026,1824,2520,548160,274080,1.9189,0.9524,0.6261,2.1986,157897,1152648.0999999999,,7.3,,,,,,,,
gemm_2523,gemm,vitis,csynth,,35,24,4841,9228,1824,2520,548160,274080,1.9189,0.9524,0.8831,3.3669,1084671,7918098.3,,7.3,,,,,,,,
gemm_2524,gemm,vitis,csynth,,35,24,6529,10436,1824,2520,548160,274080,1.9189,0.9524,1.1911,3.8076,1084671,7918098.3,,7.3,,,,,,,,
gemm_2525,gemm,vitis,csynth,,35,24,4258,7297,1824,2520,548160,274080,1.9189,0.9524,0.7768,2.6624,1192678,8706549.4,,7.3,,,,,,,,
gemm_2526,gemm,vitis,csynth,,35,24,3534,6079,1824,2520,548160,274080,1.9189,0.9524,0.6447,2.218,157904,1152699.2,,7.3,,,,,,,,
gemm_2527,gemm,vitis,csynth,,35,24,5368,7936,1824,2520,548160,274080,1.9189,0.9524,0.9793,2.8955,1143101,8344637.3,,7.3,,,,,,,,
gemm_2528,gemm,vitis,csynth,,35,24,3535,6083,1824,2520,548160,274080,1.9189,0.9524,0.6449,2.2194,157904,1152699.2,,7.3,,,,,,,,
gemm_2529,gemm,vitis,csynth,,27,17,5345,11608,1824,2520,548160,274080,1.4803,0.6746,0.9751,4.2353,75032,547733.6,,7.3,,,,,,,,
gemm_2530,gemm,vitis,csynth,,27,17,3761,6400,1824,2520,548160,274080,1.4803,0.6746,0.6861,2.3351,57743,421523.89999999997,,7.3,,,,,,,,
gemm_2531,gemm,vitis,csynth,,27,17,5515,11473,1824,2520,548160,274080,1.4803,0.6746,1.0061,4.186,66840,487932.0,,7.3,,,,,,,,
gemm_2532,gemm,vitis,csynth,,27,17,3931,6265,1824,2520,548160,274080,1.4803,0.6746,0.7171,2.2858,49551,361722.3,,7.3,,,,,,,,
gemm_2533,gemm,vitis,csynth,,27,17,5448,11723,1824,2520,548160,274080,1.4803,0.6746,0.9939,4.2772,75039,547784.7,,7.3,,,,,,,,
gemm_2534,gemm,vitis,csynth,,27,17,3862,6450,1824,2520,548160,274080,1.4803,0.6746,0.7045,2.3533,57748,421560.39999999997,,7.3,,,,,,,,
gemm_2535,gemm,vitis,csynth,,27,17,5618,11588,1824,2520,548160,274080,1.4803,0.6746,1.0249,4.228,66847,487983.1,,7.3,,,,,,,,
gemm_2536,gemm,vitis,csynth,,27,17,4032,6315,1824,2520,548160,274080,1.4803,0.6746,0.7356,2.3041,49556,361758.8,,7.3,,,,,,,,
gemm_2537,gemm,vitis,csynth,,27,17,5600,11509,1824,2520,548160,274080,1.4803,0.6746,1.0216,4.1991,66972,488895.6,,7.3,,,,,,,,
gemm_2538,gemm,vitis,csynth,,27,17,5429,11648,1824,2520,548160,274080,1.4803,0.6746,0.9904,4.2499,75164,548697.2,,7.3,,,,,,,,
gemm_2539,gemm,vitis,csynth,,27,17,3948,6259,1824,2520,548160,274080,1.4803,0.6746,0.7202,2.2836,41354,301884.2,,7.3,,,,,,,,
gemm_2540,gemm,vitis,csynth,,27,17,3777,6398,1824,2520,548160,274080,1.4803,0.6746,0.689,2.3344,49546,361685.8,,7.3,,,,,,,,
gemm_2541,gemm,vitis,csynth,,27,17,5705,11618,1824,2520,548160,274080,1.4803,0.6746,1.0408,4.2389,66981,488961.3,,7.3,,,,,,,,
gemm_2542,gemm,vitis,csynth,,27,17,5534,11757,1824,2520,548160,274080,1.4803,0.6746,1.0096,4.2896,75173,548762.9,,7.3,,,,,,,,
gemm_2543,gemm,vitis,csynth,,27,17,4051,6316,1824,2520,548160,274080,1.4803,0.6746,0.739,2.3044,41361,301935.3,,7.3,,,,,,,,
gemm_2544,gemm,vitis,csynth,,27,17,3880,6455,1824,2520,548160,274080,1.4803,0.6746,0.7078,2.3552,49553,361736.89999999997,,7.3,,,,,,,,
gemm_2545,gemm,vitis,csynth,,27,24,4433,6793,1824,2520,548160,274080,1.4803,0.9524,0.8087,2.4785,43236,315622.8,,7.3,,,,,,,,
gemm_2546,gemm,vitis,csynth,,27,24,5248,7616,1824,2520,548160,274080,1.4803,0.9524,0.9574,2.7788,50861,371285.3,,7.3,,,,,,,,
gemm_2547,gemm,vitis,csynth,,27,24,3587,5821,1824,2520,548160,274080,1.4803,0.9524,0.6544,2.1238,34053,248586.9,,7.3,,,,,,,,
gemm_2548,gemm,vitis,csynth,,27,24,4468,6637,1824,2520,548160,274080,1.4803,0.9524,0.8151,2.4216,41747,304753.1,,7.3,,,,,,,,
gemm_2549,gemm,vitis,csynth,,27,24,4538,6902,1824,2520,548160,274080,1.4803,0.9524,0.8279,2.5182,43245,315688.5,,7.3,,,,,,,,
gemm_2550,gemm,vitis,csynth,,27,24,5353,7685,1824,2520,548160,274080,1.4803,0.9524,0.9765,2.8039,50870,371351.0,,7.3,,,,,,,,
gemm_2551,gemm,vitis,csynth,,27,24,3692,5885,1824,2520,548160,274080,1.4803,0.9524,0.6735,2.1472,34062,248652.6,,7.3,,,,,,,,
gemm_2552,gemm,vitis,csynth,,27,24,4573,6768,1824,2520,548160,274080,1.4803,0.9524,0.8342,2.4694,41756,304818.8,,7.3,,,,,,,,
gemm_2553,gemm,vitis,csynth,,90,136,5236,14740,1824,2520,548160,274080,4.9342,5.3968,0.9552,5.378,158929,1160181.7,,7.3,,,,,,,,
gemm_2554,gemm,vitis,csynth,,90,136,13101,22333,1824,2520,548160,274080,4.9342,5.3968,2.39,8.1484,1135073,8286032.899999999,,7.3,,,,,,,,
gemm_2555,gemm,vitis,csynth,,90,136,6799,13032,1824,2520,548160,274080,4.9342,5.3968,1.2403,4.7548,281745,2056738.5,,7.3,,,,,,,,
gemm_2556,gemm,vitis,csynth,,90,136,6814,13028,1824,2520,548160,274080,4.9342,5.3968,1.2431,4.7534,223345,1630418.5,,7.3,,,,,,,,
gemm_2557,gemm,vitis,csynth,,90,136,13154,22347,1824,2520,548160,274080,4.9342,5.3968,2.3997,8.1535,1134969,8285273.7,,7.3,,,,,,,,
gemm_2558,gemm,vitis,csynth,,90,136,6588,14051,1824,2520,548160,274080,4.9342,5.3968,1.2018,5.1266,165169,1205733.7,,7.3,,,,,,,,
gemm_2559,gemm,vitis,csynth,,90,136,5341,14816,1824,2520,548160,274080,4.9342,5.3968,0.9744,5.4057,158938,1160247.4,,7.3,,,,,,,,
gemm_2560,gemm,vitis,csynth,,90,136,13206,22417,1824,2520,548160,274080,4.9342,5.3968,2.4092,8.179,1135082,8286098.6,,7.3,,,,,,,,
gemm_2561,gemm,vitis,csynth,,90,136,6904,13108,1824,2520,548160,274080,4.9342,5.3968,1.2595,4.7825,281754,2056804.2,,7.3,,,,,,,,
gemm_2562,gemm,vitis,csynth,,90,136,6919,13104,1824,2520,548160,274080,4.9342,5.3968,1.2622,4.7811,223354,1630484.2,,7.3,,,,,,,,
gemm_2563,gemm,vitis,csynth,,90,136,13259,22431,1824,2520,548160,274080,4.9342,5.3968,2.4188,8.1841,1134978,8285339.399999999,,7.3,,,,,,,,
gemm_2564,gemm,vitis,csynth,,90,136,6693,14127,1824,2520,548160,274080,4.9342,5.3968,1.221,5.1543,165178,1205799.4,,7.3,,,,,,,,
gemm_2565,gemm,vitis,csynth,,90,136,6805,14413,1824,2520,548160,274080,4.9342,5.3968,1.2414,5.2587,166262,1213712.5999999999,,7.3,,,,,,,,
gemm_2566,gemm,vitis,csynth,,90,136,14734,22015,1824,2520,548160,274080,4.9342,5.3968,2.6879,8.0323,1142406,8339563.8,,7.3,,,,,,,,
gemm_2567,gemm,vitis,csynth,,90,136,5869,14173,1824,2520,548160,274080,4.9342,5.3968,1.0707,5.1711,274718,2005441.4,,7.3,,,,,,,,
gemm_2568,gemm,vitis,csynth,,90,136,5884,14169,1824,2520,548160,274080,4.9342,5.3968,1.0734,5.1697,216318,1579121.4,,7.3,,,,,,,,
gemm_2569,gemm,vitis,csynth,,90,136,14787,22029,1824,2520,548160,274080,4.9342,5.3968,2.6976,8.0374,1142302,8338804.6,,7.3,,,,,,,,
gemm_2570,gemm,vitis,csynth,,90,136,5658,15192,1824,2520,548160,274080,4.9342,5.3968,1.0322,5.5429,158142,1154436.5999999999,,7.3,,,,,,,,
gemm_2571,gemm,vitis,csynth,,90,136,6910,14478,1824,2520,548160,274080,4.9342,5.3968,1.2606,5.2824,166271,1213778.3,,7.3,,,,,,,,
gemm_2572,gemm,vitis,csynth,,90,136,14839,22096,1824,2520,548160,274080,4.9342,5.3968,2.7071,8.0619,1142415,8339629.5,,7.3,,,,,,,,
gemm_2573,gemm,vitis,csynth,,90,136,5974,14233,1824,2520,548160,274080,4.9342,5.3968,1.0898,5.193,274727,2005507.0999999999,,7.3,,,,,,,,
gemm_2574,gemm,vitis,csynth,,90,136,5989,14229,1824,2520,548160,274080,4.9342,5.3968,1.0926,5.1915,216327,1579187.0999999999,,7.3,,,,,,,,
gemm_2575,gemm,vitis,csynth,,90,136,14828,22112,1824,2520,548160,274080,4.9342,5.3968,2.705,8.0677,1142311,8338870.3,,7.3,,,,,,,,
gemm_2576,gemm,vitis,csynth,,90,136,5763,15261,1824,2520,548160,274080,4.9342,5.3968,1.0513,5.5681,158151,1154502.3,,7.3,,,,,,,,
gemm_2577,gemm,vitis,csynth,,27,24,5234,11430,1824,2520,548160,274080,1.4803,0.9524,0.9548,4.1703,59672,435605.6,,7.3,,,,,,,,
gemm_2578,gemm,vitis,csynth,,27,24,3650,6222,1824,2520,548160,274080,1.4803,0.9524,0.6659,2.2701,42383,309395.89999999997,,7.3,,,,,,,,
gemm_2579,gemm,vitis,csynth,,27,24,5987,12414,1824,2520,548160,274080,1.4803,0.9524,1.0922,4.5293,67429,492231.7,,7.3,,,,,,,,
gemm_2580,gemm,vitis,csynth,,27,24,4595,7073,1824,2520,548160,274080,1.4803,0.9524,0.8383,2.5806,50140,366022.0,,7.3,,,,,,,,
gemm_2581,gemm,vitis,csynth,,27,24,5337,11545,1824,2520,548160,274080,1.4803,0.9524,0.9736,4.2123,59679,435656.7,,7.3,,,,,,,,
gemm_2582,gemm,vitis,csynth,,27,24,3751,6272,1824,2520,548160,274080,1.4803,0.9524,0.6843,2.2884,42388,309432.39999999997,,7.3,,,,,,,,
gemm_2583,gemm,vitis,csynth,,27,24,6092,12483,1824,2520,548160,274080,1.4803,0.9524,1.1114,4.5545,67438,492297.39999999997,,7.3,,,,,,,,
gemm_2584,gemm,vitis,csynth,,27,24,4700,7175,1824,2520,548160,274080,1.4803,0.9524,0.8574,2.6178,50149,366087.7,,7.3,,,,,,,,
gemm_2585,gemm,vitis,csynth,,74,80,4859,10819,1824,2520,548160,274080,4.057,3.1746,0.8864,3.9474,36252,264639.6,,7.3,,,,,,,,
gemm_2586,gemm,vitis,csynth,,74,80,6374,15942,1824,2520,548160,274080,4.057,3.1746,1.1628,5.8165,44893,327718.89999999997,,7.3,,,,,,,,
gemm_2587,gemm,vitis,csynth,,74,80,6040,10093,1824,2520,548160,274080,4.057,3.1746,1.1019,3.6825,50604,369409.2,,7.3,,,,,,,,
gemm_2588,gemm,vitis,csynth,,74,80,7555,15208,1824,2520,548160,274080,4.057,3.1746,1.3782,5.5487,59245,432488.5,,7.3,,,,,,,,
gemm_2589,gemm,vitis,csynth,,74,80,4964,10928,1824,2520,548160,274080,4.057,3.1746,0.9056,3.9872,36261,264705.3,,7.3,,,,,,,,
gemm_2590,gemm,vitis,csynth,,74,80,6479,16015,1824,2520,548160,274080,4.057,3.1746,1.182,5.8432,44902,327784.6,,7.3,,,,,,,,
gemm_2591,gemm,vitis,csynth,,74,80,6145,10195,1824,2520,548160,274080,4.057,3.1746,1.121,3.7197,50613,369474.89999999997,,7.3,,,,,,,,
gemm_2592,gemm,vitis,csynth,,74,80,7660,15277,1824,2520,548160,274080,4.057,3.1746,1.3974,5.5739,59254,432554.2,,7.3,,,,,,,,
gemm_2593,gemm,vitis,csynth,,76,73,5083,10850,1824,2520,548160,274080,4.1667,2.8968,0.9273,3.9587,37029,270311.7,,7.3,,,,,,,,
gemm_2594,gemm,vitis,csynth,,76,73,4383,9907,1824,2520,548160,274080,4.1667,2.8968,0.7996,3.6146,36124,263705.2,,7.3,,,,,,,,
gemm_2595,gemm,vitis,csynth,,76,73,6136,10220,1824,2520,548160,274080,4.1667,2.8968,1.1194,3.7288,51381,375081.3,,7.3,,,,,,,,
gemm_2596,gemm,vitis,csynth,,76,73,5564,9181,1824,2520,548160,274080,4.1667,2.8968,1.015,3.3498,50476,368474.8,,7.3,,,,,,,,
gemm_2597,gemm,vitis,csynth,,76,73,5188,10923,1824,2520,548160,274080,4.1667,2.8968,0.9464,3.9853,37038,270377.39999999997,,7.3,,,,,,,,
gemm_2598,gemm,vitis,csynth,,76,73,4488,10016,1824,2520,548160,274080,4.1667,2.8968,0.8187,3.6544,36133,263770.89999999997,,7.3,,,,,,,,
gemm_2599,gemm,vitis,csynth,,76,73,6241,10289,1824,2520,548160,274080,4.1667,2.8968,1.1385,3.754,51390,375147.0,,7.3,,,,,,,,
gemm_2600,gemm,vitis,csynth,,76,73,5669,9283,1824,2520,548160,274080,4.1667,2.8968,1.0342,3.387,50485,368540.5,,7.3,,,,,,,,
gemm_2601,gemm,vitis,csynth,,83,73,10509,18267,1824,2520,548160,274080,4.5504,2.8968,1.9171,6.6648,1200537,8763920.1,,7.3,,,,,,,,
gemm_2602,gemm,vitis,csynth,,83,73,6276,11989,1824,2520,548160,274080,4.5504,2.8968,1.1449,4.3743,1084553,7917236.899999999,,7.3,,,,,,,,
gemm_2603,gemm,vitis,csynth,,83,73,9809,17363,1824,2520,548160,274080,4.5504,2.8968,1.7894,6.335,1199632,8757313.6,,7.3,,,,,,,,
gemm_2604,gemm,vitis,csynth,,83,73,4695,11065,1824,2520,548160,274080,4.5504,2.8968,0.8565,4.0371,165950,1211435.0,,7.3,,,,,,,,
gemm_2605,gemm,vitis,csynth,,83,73,6135,10205,1824,2520,548160,274080,4.5504,2.8968,1.1192,3.7234,1142983,8343775.899999999,,7.3,,,,,,,,
gemm_2606,gemm,vitis,csynth,,83,73,4842,9958,1824,2520,548160,274080,4.5504,2.8968,0.8833,3.6332,223550,1631915.0,,7.3,,,,,,,,
gemm_2607,gemm,vitis,csynth,,83,73,10614,18351,1824,2520,548160,274080,4.5504,2.8968,1.9363,6.6955,1200546,8763985.799999999,,7.3,,,,,,,,
gemm_2608,gemm,vitis,csynth,,83,73,6381,12065,1824,2520,548160,274080,4.5504,2.8968,1.1641,4.402,1084562,7917302.6,,7.3,,,,,,,,
gemm_2609,gemm,vitis,csynth,,83,73,9914,17448,1824,2520,548160,274080,4.5504,2.8968,1.8086,6.366,1199641,8757379.299999999,,7.3,,,,,,,,
gemm_2610,gemm,vitis,csynth,,83,73,4800,11164,1824,2520,548160,274080,4.5504,2.8968,0.8757,4.0733,165959,1211500.7,,7.3,,,,,,,,
gemm_2611,gemm,vitis,csynth,,83,73,6240,10281,1824,2520,548160,274080,4.5504,2.8968,1.1384,3.7511,1142992,8343841.6,,7.3,,,,,,,,
gemm_2612,gemm,vitis,csynth,,83,73,4947,10074,1824,2520,548160,274080,4.5504,2.8968,0.9025,3.6756,223559,1631980.7,,7.3,,,,,,,,
gemm_2613,gemm,vitis,csynth,,83,80,10943,18826,1824,2520,548160,274080,4.5504,3.1746,1.9963,6.8688,1200646,8764715.799999999,,7.3,,,,,,,,
gemm_2614,gemm,vitis,csynth,,83,80,6710,12537,1824,2520,548160,274080,4.5504,3.1746,1.2241,4.5742,1084662,7918032.6,,7.3,,,,,,,,
gemm_2615,gemm,vitis,csynth,,83,80,10140,17901,1824,2520,548160,274080,4.5504,3.1746,1.8498,6.5313,1192557,8705666.1,,7.3,,,,,,,,
gemm_2616,gemm,vitis,csynth,,83,80,5026,11624,1824,2520,548160,274080,4.5504,3.1746,0.9169,4.2411,158875,1159787.5,,7.3,,,,,,,,
gemm_2617,gemm,vitis,csynth,,83,80,6569,10754,1824,2520,548160,274080,4.5504,3.1746,1.1984,3.9237,1143092,8344571.6,,7.3,,,,,,,,
gemm_2618,gemm,vitis,csynth,,83,80,5173,10534,1824,2520,548160,274080,4.5504,3.1746,0.9437,3.8434,216475,1580267.5,,7.3,,,,,,,,
gemm_2619,gemm,vitis,csynth,,83,80,11048,18907,1824,2520,548160,274080,4.5504,3.1746,2.0155,6.8984,1200655,8764781.5,,7.3,,,,,,,,
gemm_2620,gemm,vitis,csynth,,83,80,6815,12602,1824,2520,548160,274080,4.5504,3.1746,1.2433,4.5979,1084671,7918098.3,,7.3,,,,,,,,
gemm_2621,gemm,vitis,csynth,,83,80,10245,17982,1824,2520,548160,274080,4.5504,3.1746,1.869,6.5609,1192566,8705731.799999999,,7.3,,,,,,,,
gemm_2622,gemm,vitis,csynth,,83,80,5131,11740,1824,2520,548160,274080,4.5504,3.1746,0.936,4.2834,158884,1159853.2,,7.3,,,,,,,,
gemm_2623,gemm,vitis,csynth,,83,80,6674,10814,1824,2520,548160,274080,4.5504,3.1746,1.2175,3.9456,1143101,8344637.3,,7.3,,,,,,,,
gemm_2624,gemm,vitis,csynth,,83,80,5278,10636,1824,2520,548160,274080,4.5504,3.1746,0.9629,3.8806,216484,1580333.2,,7.3,,,,,,,,
gemm_2625,gemm,vitis,csynth,,74,80,6228,16078,1824,2520,548160,274080,4.057,3.1746,1.1362,5.8662,45237,330230.1,,7.3,,,,,,,,
gemm_2626,gemm,vitis,csynth,,74,80,7409,15184,1824,2520,548160,274080,4.057,3.1746,1.3516,5.54,59589,434999.7,,7.3,,,,,,,,
gemm_2627,gemm,vitis,csynth,,74,80,4776,10815,1824,2520,548160,274080,4.057,3.1746,0.8713,3.9459,36120,263676.0,,7.3,,,,,,,,
gemm_2628,gemm,vitis,csynth,,74,80,5957,10089,1824,2520,548160,274080,4.057,3.1746,1.0867,3.681,50472,368445.6,,7.3,,,,,,,,
gemm_2629,gemm,vitis,csynth,,74,80,6333,16151,1824,2520,548160,274080,4.057,3.1746,1.1553,5.8928,45246,330295.8,,7.3,,,,,,,,
gemm_2630,gemm,vitis,csynth,,74,80,7514,15253,1824,2520,548160,274080,4.057,3.1746,1.3708,5.5652,59598,435065.39999999997,,7.3,,,,,,,,
gemm_2631,gemm,vitis,csynth,,74,80,4879,10930,1824,2520,548160,274080,4.057,3.1746,0.8901,3.9879,36127,263727.1,,7.3,,,,,,,,
gemm_2632,gemm,vitis,csynth,,74,80,6060,10196,1824,2520,548160,274080,4.057,3.1746,1.1055,3.7201,50479,368496.7,,7.3,,,,,,,,
gemm_2633,gemm,vitis,csynth,,27,24,6122,12449,1824,2520,548160,274080,1.4803,0.9524,1.1168,4.5421,67781,494801.3,,7.3,,,,,,,,
gemm_2634,gemm,vitis,csynth,,27,24,5319,11502,1824,2520,548160,274080,1.4803,0.9524,0.9703,4.1966,59692,435751.6,,7.3,,,,,,,,
gemm_2635,gemm,vitis,csynth,,27,24,4534,7169,1824,2520,548160,274080,1.4803,0.9524,0.8271,2.6157,42275,308607.5,,7.3,,,,,,,,
gemm_2636,gemm,vitis,csynth,,27,24,3667,6252,1824,2520,548160,274080,1.4803,0.9524,0.669,2.2811,34186,249557.8,,7.3,,,,,,,,
gemm_2637,gemm,vitis,csynth,,27,24,6227,12518,1824,2520,548160,274080,1.4803,0.9524,1.136,4.5673,67790,494867.0,,7.3,,,,,,,,
gemm_2638,gemm,vitis,csynth,,27,24,5424,11611,1824,2520,548160,274080,1.4803,0.9524,0.9895,4.2364,59701,435817.3,,7.3,,,,,,,,
gemm_2639,gemm,vitis,csynth,,27,24,4639,7300,1824,2520,548160,274080,1.4803,0.9524,0.8463,2.6635,42284,308673.2,,7.3,,,,,,,,
gemm_2640,gemm,vitis,csynth,,27,24,3770,6309,1824,2520,548160,274080,1.4803,0.9524,0.6878,2.3019,34193,249608.9,,7.3,,,,,,,,
gemm_2641,gemm,vitis,csynth,,130,136,5508,14957,1824,2520,548160,274080,7.1272,5.3968,1.0048,5.4572,29805,217576.5,,7.3,,,,,,,,
gemm_2642,gemm,vitis,csynth,,130,136,6831,14070,1824,2520,548160,274080,7.1272,5.3968,1.2462,5.1335,36525,266632.5,,7.3,,,,,,,,
gemm_2643,gemm,vitis,csynth,,130,136,6561,14327,1824,2520,548160,274080,7.1272,5.3968,1.1969,5.2273,44157,322346.1,,7.3,,,,,,,,
gemm_2644,gemm,vitis,csynth,,130,136,8012,13496,1824,2520,548160,274080,7.1272,5.3968,1.4616,4.9241,50877,371402.1,,7.3,,,,,,,,
gemm_2645,gemm,vitis,csynth,,130,136,5613,15030,1824,2520,548160,274080,7.1272,5.3968,1.024,5.4838,29814,217642.19999999998,,7.3,,,,,,,,
gemm_2646,gemm,vitis,csynth,,130,136,6936,14139,1824,2520,548160,274080,7.1272,5.3968,1.2653,5.1587,36534,266698.2,,7.3,,,,,,,,
gemm_2647,gemm,vitis,csynth,,130,136,6666,14396,1824,2520,548160,274080,7.1272,5.3968,1.2161,5.2525,44166,322411.8,,7.3,,,,,,,,
gemm_2648,gemm,vitis,csynth,,130,136,8117,13561,1824,2520,548160,274080,7.1272,5.3968,1.4808,4.9478,50886,371467.8,,7.3,,,,,,,,
gemm_2649,gemm,vitis,csynth,,194,584,15764,41288,1824,2520,548160,274080,10.636,23.1746,2.8758,15.0642,274913,2006864.9,,7.3,,,,,,,,
gemm_2650,gemm,vitis,csynth,,194,584,23492,35483,1824,2520,548160,274080,10.636,23.1746,4.2856,12.9462,1135073,8286032.899999999,,7.3,,,,,,,,
gemm_2651,gemm,vitis,csynth,,194,584,17087,40562,1824,2520,548160,274080,10.636,23.1746,3.1172,14.7993,281633,2055920.9,,7.3,,,,,,,,
gemm_2652,gemm,vitis,csynth,,194,584,17250,40625,1824,2520,548160,274080,10.636,23.1746,3.1469,14.8223,223233,1629600.9,,7.3,,,,,,,,
gemm_2653,gemm,vitis,csynth,,194,584,23517,35497,1824,2520,548160,274080,10.636,23.1746,4.2902,12.9513,1134969,8285273.7,,7.3,,,,,,,,
gemm_2654,gemm,vitis,csynth,,194,584,17272,40632,1824,2520,548160,274080,10.636,23.1746,3.1509,14.8249,223161,1629075.3,,7.3,,,,,,,,
gemm_2655,gemm,vitis,csynth,,194,584,15869,41372,1824,2520,548160,274080,10.636,23.1746,2.895,15.0949,274922,2006930.5999999999,,7.3,,,,,,,,
gemm_2656,gemm,vitis,csynth,,194,584,23597,35567,1824,2520,548160,274080,10.636,23.1746,4.3048,12.9769,1135082,8286098.6,,7.3,,,,,,,,
gemm_2657,gemm,vitis,csynth,,194,584,17192,40646,1824,2520,548160,274080,10.636,23.1746,3.1363,14.83,281642,2055986.5999999999,,7.3,,,,,,,,
gemm_2658,gemm,vitis,csynth,,194,584,17355,40709,1824,2520,548160,274080,10.636,23.1746,3.166,14.853,223242,1629666.5999999999,,7.3,,,,,,,,
gemm_2659,gemm,vitis,csynth,,194,584,23622,35581,1824,2520,548160,274080,10.636,23.1746,4.3093,12.982,1134978,8285339.399999999,,7.3,,,,,,,,
gemm_2660,gemm,vitis,csynth,,194,584,17377,40716,1824,2520,548160,274080,10.636,23.1746,3.1701,14.8555,223170,1629141.0,,7.3,,,,,,,,
gemm_2661,gemm,vitis,csynth,,194,584,17397,40970,1824,2520,548160,274080,10.636,23.1746,3.1737,14.9482,282246,2060395.8,,7.3,,,,,,,,
gemm_2662,gemm,vitis,csynth,,194,584,25125,35165,1824,2520,548160,274080,10.636,23.1746,4.5835,12.8302,1142406,8339563.8,,7.3,,,,,,,,
gemm_2663,gemm,vitis,csynth,,194,584,16157,41711,1824,2520,548160,274080,10.636,23.1746,2.9475,15.2185,274606,2004623.8,,7.3,,,,,,,,
gemm_2664,gemm,vitis,csynth,,194,584,16320,41774,1824,2520,548160,274080,10.636,23.1746,2.9772,15.2415,216206,1578303.8,,7.3,,,,,,,,
gemm_2665,gemm,vitis,csynth,,194,584,25150,35179,1824,2520,548160,274080,10.636,23.1746,4.5881,12.8353,1142302,8338804.6,,7.3,,,,,,,,
gemm_2666,gemm,vitis,csynth,,194,584,16342,41781,1824,2520,548160,274080,10.636,23.1746,2.9812,15.2441,216134,1577778.2,,7.3,,,,,,,,
gemm_2667,gemm,vitis,csynth,,194,584,17438,41053,1824,2520,548160,274080,10.636,23.1746,3.1812,14.9785,282255,2060461.5,,7.3,,,,,,,,
gemm_2668,gemm,vitis,csynth,,194,584,25166,35248,1824,2520,548160,274080,10.636,23.1746,4.591,12.8605,1142415,8339629.5,,7.3,,,,,,,,
gemm_2669,gemm,vitis,csynth,,194,584,16262,41793,1824,2520,548160,274080,10.636,23.1746,2.9667,15.2485,274615,2004689.5,,7.3,,,,,,,,
gemm_2670,gemm,vitis,csynth,,194,584,16425,41856,1824,2520,548160,274080,10.636,23.1746,2.9964,15.2715,216215,1578369.5,,7.3,,,,,,,,
gemm_2671,gemm,vitis,csynth,,194,584,25255,35260,1824,2520,548160,274080,10.636,23.1746,4.6072,12.8649,1142311,8338870.3,,7.3,,,,,,,,
gemm_2672,gemm,vitis,csynth,,194,584,16447,41863,1824,2520,548160,274080,10.636,23.1746,3.0004,15.274,216143,1577843.9,,7.3,,,,,,,,
gemm_2673,gemm,vitis,csynth,,130,136,5509,14974,1824,2520,548160,274080,7.1272,5.3968,1.005,5.4634,29877,218102.1,,7.3,,,,,,,,
gemm_2674,gemm,vitis,csynth,,130,136,6690,14080,1824,2520,548160,274080,7.1272,5.3968,1.2204,5.1372,44229,322871.7,,7.3,,,,,,,,
gemm_2675,gemm,vitis,csynth,,130,136,6704,14351,1824,2520,548160,274080,7.1272,5.3968,1.223,5.2361,36597,267158.1,,7.3,,,,,,,,
gemm_2676,gemm,vitis,csynth,,130,136,8013,13513,1824,2520,548160,274080,7.1272,5.3968,1.4618,4.9303,50949,371927.7,,7.3,,,,,,,,
gemm_2677,gemm,vitis,csynth,,130,136,5614,15047,1824,2520,548160,274080,7.1272,5.3968,1.0242,5.49,29886,218167.8,,7.3,,,,,,,,
gemm_2678,gemm,vitis,csynth,,130,136,6795,14149,1824,2520,548160,274080,7.1272,5.3968,1.2396,5.1624,44238,322937.39999999997,,7.3,,,,,,,,
gemm_2679,gemm,vitis,csynth,,130,136,6809,14420,1824,2520,548160,274080,7.1272,5.3968,1.2422,5.2612,36606,267223.8,,7.3,,,,,,,,
gemm_2680,gemm,vitis,csynth,,130,136,8118,13578,1824,2520,548160,274080,7.1272,5.3968,1.481,4.954,50958,371993.39999999997,,7.3,,,,,,,,
gemm_2681,gemm,vitis,csynth,,130,136,6835,14241,1824,2520,548160,274080,7.1272,5.3968,1.2469,5.1959,37061,270545.3,,7.3,,,,,,,,
gemm_2682,gemm,vitis,csynth,,130,136,5659,14982,1824,2520,548160,274080,7.1272,5.3968,1.0324,5.4663,29421,214773.3,,7.3,,,,,,,,
gemm_2683,gemm,vitis,csynth,,130,136,8016,13507,1824,2520,548160,274080,7.1272,5.3968,1.4623,4.9281,51413,375314.89999999997,,7.3,,,,,,,,
gemm_2684,gemm,vitis,csynth,,130,136,6840,14248,1824,2520,548160,274080,7.1272,5.3968,1.2478,5.1985,43773,319542.89999999997,,7.3,,,,,,,,
gemm_2685,gemm,vitis,csynth,,130,136,6940,14310,1824,2520,548160,274080,7.1272,5.3968,1.2661,5.2211,37070,270611.0,,7.3,,,,,,,,
gemm_2686,gemm,vitis,csynth,,130,136,5764,15055,1824,2520,548160,274080,7.1272,5.3968,1.0515,5.4929,29430,214839.0,,7.3,,,,,,,,
gemm_2687,gemm,vitis,csynth,,130,136,8121,13572,1824,2520,548160,274080,7.1272,5.3968,1.4815,4.9518,51422,375380.6,,7.3,,,,,,,,
gemm_2688,gemm,vitis,csynth,,130,136,6945,14317,1824,2520,548160,274080,7.1272,5.3968,1.267,5.2237,43782,319608.6,,7.3,,,,,,,,
gemm_2689,gemm,vitis,csynth,,38,3,2744,4231,1824,2520,548160,274080,2.0833,0.119,0.5006,1.5437,49477,361182.1,,7.3,,,,,,,,
gemm_2690,gemm,vitis,csynth,,38,3,2955,4381,1824,2520,548160,274080,2.0833,0.119,0.5391,1.5984,49477,361182.1,,7.3,,,,,,,,
gemm_2691,gemm,vitis,csynth,,38,3,2955,4381,1824,2520,548160,274080,2.0833,0.119,0.5391,1.5984,49477,361182.1,,7.3,,,,,,,,
gemm_2692,gemm,vitis,csynth,,38,3,3166,4531,1824,2520,548160,274080,2.0833,0.119,0.5776,1.6532,49477,361182.1,,7.3,,,,,,,,
gemm_2693,gemm,vitis,csynth,,38,3,2849,4296,1824,2520,548160,274080,2.0833,0.119,0.5197,1.5674,49486,361247.8,,7.3,,,,,,,,
gemm_2694,gemm,vitis,csynth,,38,3,3060,4446,1824,2520,548160,274080,2.0833,0.119,0.5582,1.6222,49486,361247.8,,7.3,,,,,,,,
gemm_2695,gemm,vitis,csynth,,38,3,3060,4446,1824,2520,548160,274080,2.0833,0.119,0.5582,1.6222,49486,361247.8,,7.3,,,,,,,,
gemm_2696,gemm,vitis,csynth,,38,3,3271,4596,1824,2520,548160,274080,2.0833,0.119,0.5967,1.6769,49486,361247.8,,7.3,,,,,,,,
gemm_2697,gemm,vitis,csynth,,52,3,2669,4326,1824,2520,548160,274080,2.8509,0.119,0.4869,1.5784,2162881,15789031.299999999,,7.3,,,,,,,,
gemm_2698,gemm,vitis,csynth,,52,3,2880,4476,1824,2520,548160,274080,2.8509,0.119,0.5254,1.6331,2162881,15789031.299999999,,7.3,,,,,,,,
gemm_2699,gemm,vitis,csynth,,52,3,2880,4476,1824,2520,548160,274080,2.8509,0.119,0.5254,1.6331,2162881,15789031.299999999,,7.3,,,,,,,,
gemm_2700,gemm,vitis,csynth,,52,3,2880,4476,1824,2520,548160,274080,2.8509,0.119,0.5254,1.6331,2162881,15789031.299999999,,7.3,,,,,,,,
gemm_2701,gemm,vitis,csynth,,52,3,2880,4476,1824,2520,548160,274080,2.8509,0.119,0.5254,1.6331,2162881,15789031.299999999,,7.3,,,,,,,,
gemm_2702,gemm,vitis,csynth,,52,3,2880,4476,1824,2520,548160,274080,2.8509,0.119,0.5254,1.6331,2162881,15789031.299999999,,7.3,,,,,,,,
gemm_2703,gemm,vitis,csynth,,52,3,2770,4382,1824,2520,548160,274080,2.8509,0.119,0.5053,1.5988,2162886,15789067.799999999,,7.3,,,,,,,,
gemm_2704,gemm,vitis,csynth,,52,3,2981,4532,1824,2520,548160,274080,2.8509,0.119,0.5438,1.6535,2162886,15789067.799999999,,7.3,,,,,,,,
gemm_2705,gemm,vitis,csynth,,52,3,2981,4532,1824,2520,548160,274080,2.8509,0.119,0.5438,1.6535,2162886,15789067.799999999,,7.3,,,,,,,,
gemm_2706,gemm,vitis,csynth,,52,3,2981,4532,1824,2520,548160,274080,2.8509,0.119,0.5438,1.6535,2162886,15789067.799999999,,7.3,,,,,,,,
gemm_2707,gemm,vitis,csynth,,52,3,2981,4532,1824,2520,548160,274080,2.8509,0.119,0.5438,1.6535,2162886,15789067.799999999,,7.3,,,,,,,,
gemm_2708,gemm,vitis,csynth,,52,3,2981,4532,1824,2520,548160,274080,2.8509,0.119,0.5438,1.6535,2162886,15789067.799999999,,7.3,,,,,,,,
gemm_2709,gemm,vitis,csynth,,53,3,2997,4642,1824,2520,548160,274080,2.9057,0.119,0.5467,1.6937,2162889,15789089.7,,7.3,,,,,,,,
gemm_2710,gemm,vitis,csynth,,53,3,3208,4792,1824,2520,548160,274080,2.9057,0.119,0.5852,1.7484,2162889,15789089.7,,7.3,,,,,,,,
gemm_2711,gemm,vitis,csynth,,53,3,2786,4492,1824,2520,548160,274080,2.9057,0.119,0.5082,1.6389,2162889,15789089.7,,7.3,,,,,,,,
gemm_2712,gemm,vitis,csynth,,53,3,2786,4492,1824,2520,548160,274080,2.9057,0.119,0.5082,1.6389,2162889,15789089.7,,7.3,,,,,,,,
gemm_2713,gemm,vitis,csynth,,53,3,3208,4792,1824,2520,548160,274080,2.9057,0.119,0.5852,1.7484,2162889,15789089.7,,7.3,,,,,,,,
gemm_2714,gemm,vitis,csynth,,53,3,2786,4492,1824,2520,548160,274080,2.9057,0.119,0.5082,1.6389,2162889,15789089.7,,7.3,,,,,,,,
gemm_2715,gemm,vitis,csynth,,53,3,3100,4700,1824,2520,548160,274080,2.9057,0.119,0.5655,1.7148,2162896,15789140.799999999,,7.3,,,,,,,,
gemm_2716,gemm,vitis,csynth,,53,3,3311,4850,1824,2520,548160,274080,2.9057,0.119,0.604,1.7696,2162896,15789140.799999999,,7.3,,,,,,,,
gemm_2717,gemm,vitis,csynth,,53,3,2889,4550,1824,2520,548160,274080,2.9057,0.119,0.527,1.6601,2162896,15789140.799999999,,7.3,,,,,,,,
gemm_2718,gemm,vitis,csynth,,53,3,2889,4550,1824,2520,548160,274080,2.9057,0.119,0.527,1.6601,2162896,15789140.799999999,,7.3,,,,,,,,
gemm_2719,gemm,vitis,csynth,,53,3,3311,4850,1824,2520,548160,274080,2.9057,0.119,0.604,1.7696,2162896,15789140.799999999,,7.3,,,,,,,,
gemm_2720,gemm,vitis,csynth,,53,3,2889,4550,1824,2520,548160,274080,2.9057,0.119,0.527,1.6601,2162896,15789140.799999999,,7.3,,,,,,,,
gemm_2721,gemm,vitis,csynth,,38,3,2748,4241,1824,2520,548160,274080,2.0833,0.119,0.5013,1.5474,65999,481792.7,,7.3,,,,,,,,
gemm_2722,gemm,vitis,csynth,,38,3,2959,4391,1824,2520,548160,274080,2.0833,0.119,0.5398,1.6021,65999,481792.7,,7.3,,,,,,,,
gemm_2723,gemm,vitis,csynth,,38,3,2959,4391,1824,2520,548160,274080,2.0833,0.119,0.5398,1.6021,65999,481792.7,,7.3,,,,,,,,
gemm_2724,gemm,vitis,csynth,,38,3,3170,4541,1824,2520,548160,274080,2.0833,0.119,0.5783,1.6568,65999,481792.7,,7.3,,,,,,,,
gemm_2725,gemm,vitis,csynth,,38,3,2849,4292,1824,2520,548160,274080,2.0833,0.119,0.5197,1.566,66004,481829.2,,7.3,,,,,,,,
gemm_2726,gemm,vitis,csynth,,38,3,3060,4442,1824,2520,548160,274080,2.0833,0.119,0.5582,1.6207,66004,481829.2,,7.3,,,,,,,,
gemm_2727,gemm,vitis,csynth,,38,3,3060,4442,1824,2520,548160,274080,2.0833,0.119,0.5582,1.6207,66004,481829.2,,7.3,,,,,,,,
gemm_2728,gemm,vitis,csynth,,38,3,3271,4592,1824,2520,548160,274080,2.0833,0.119,0.5967,1.6754,66004,481829.2,,7.3,,,,,,,,
gemm_2729,gemm,vitis,csynth,,38,3,2957,4386,1824,2520,548160,274080,2.0833,0.119,0.5394,1.6003,49610,362153.0,,7.3,,,,,,,,
gemm_2730,gemm,vitis,csynth,,38,3,2746,4236,1824,2520,548160,274080,2.0833,0.119,0.5009,1.5455,49610,362153.0,,7.3,,,,,,,,
gemm_2731,gemm,vitis,csynth,,38,3,3168,4536,1824,2520,548160,274080,2.0833,0.119,0.5779,1.655,49610,362153.0,,7.3,,,,,,,,
gemm_2732,gemm,vitis,csynth,,38,3,2957,4386,1824,2520,548160,274080,2.0833,0.119,0.5394,1.6003,49610,362153.0,,7.3,,,,,,,,
gemm_2733,gemm,vitis,csynth,,38,3,3060,4444,1824,2520,548160,274080,2.0833,0.119,0.5582,1.6214,49617,362204.1,,7.3,,,,,,,,
gemm_2734,gemm,vitis,csynth,,38,3,2849,4294,1824,2520,548160,274080,2.0833,0.119,0.5197,1.5667,49617,362204.1,,7.3,,,,,,,,
gemm_2735,gemm,vitis,csynth,,38,3,3271,4594,1824,2520,548160,274080,2.0833,0.119,0.5967,1.6762,49617,362204.1,,7.3,,,,,,,,
gemm_2736,gemm,vitis,csynth,,38,3,3060,4444,1824,2520,548160,274080,2.0833,0.119,0.5582,1.6214,49617,362204.1,,7.3,,,,,,,,
gemm_2737,gemm,vitis,csynth,,36,17,3286,5259,1824,2520,548160,274080,1.9737,0.6746,0.5995,1.9188,35141,256529.3,,7.3,,,,,,,,
gemm_2738,gemm,vitis,csynth,,36,17,4157,6072,1824,2520,548160,274080,1.9737,0.6746,0.7584,2.2154,50531,368876.3,,7.3,,,,,,,,
gemm_2739,gemm,vitis,csynth,,36,17,3497,5409,1824,2520,548160,274080,1.9737,0.6746,0.638,1.9735,35141,256529.3,,7.3,,,,,,,,
gemm_2740,gemm,vitis,csynth,,36,17,4368,6222,1824,2520,548160,274080,1.9737,0.6746,0.7968,2.2701,50531,368876.3,,7.3,,,,,,,,
gemm_2741,gemm,vitis,csynth,,36,17,3391,5324,1824,2520,548160,274080,1.9737,0.6746,0.6186,1.9425,35150,256595.0,,7.3,,,,,,,,
gemm_2742,gemm,vitis,csynth,,36,17,4262,6204,1824,2520,548160,274080,1.9737,0.6746,0.7775,2.2636,50540,368942.0,,7.3,,,,,,,,
gemm_2743,gemm,vitis,csynth,,36,17,3602,5474,1824,2520,548160,274080,1.9737,0.6746,0.6571,1.9972,35150,256595.0,,7.3,,,,,,,,
gemm_2744,gemm,vitis,csynth,,36,17,4473,6354,1824,2520,548160,274080,1.9737,0.6746,0.816,2.3183,50540,368942.0,,7.3,,,,,,,,
gemm_2745,gemm,vitis,csynth,,50,24,3347,5909,1824,2520,548160,274080,2.7412,0.9524,0.6106,2.1559,299201,2184167.3,,7.3,,,,,,,,
gemm_2746,gemm,vitis,csynth,,50,24,4361,6812,1824,2520,548160,274080,2.7412,0.9524,0.7956,2.4854,2253262,16448812.6,,7.3,,,,,,,,
gemm_2747,gemm,vitis,csynth,,50,24,4237,7543,1824,2520,548160,274080,2.7412,0.9524,0.7729,2.7521,314458,2295543.4,,7.3,,,,,,,,
gemm_2748,gemm,vitis,csynth,,50,24,4890,8368,1824,2520,548160,274080,2.7412,0.9524,0.8921,3.0531,2266665,16546654.5,,7.3,,,,,,,,
gemm_2749,gemm,vitis,csynth,,50,24,5548,8938,1824,2520,548160,274080,2.7412,0.9524,1.0121,3.2611,2135312,15587777.6,,7.3,,,,,,,,
gemm_2750,gemm,vitis,csynth,,50,24,4686,9463,1824,2520,548160,274080,2.7412,0.9524,0.8549,3.4526,2150569,15699153.7,,7.3,,,,,,,,
gemm_2751,gemm,vitis,csynth,,50,24,3448,5965,1824,2520,548160,274080,2.7412,0.9524,0.629,2.1764,299206,2184203.8,,7.3,,,,,,,,
gemm_2752,gemm,vitis,csynth,,50,24,4466,6936,1824,2520,548160,274080,2.7412,0.9524,0.8147,2.5306,2253271,16448878.299999999,,7.3,,,,,,,,
gemm_2753,gemm,vitis,csynth,,50,24,4340,7619,1824,2520,548160,274080,2.7412,0.9524,0.7917,2.7798,314465,2295594.5,,7.3,,,,,,,,
gemm_2754,gemm,vitis,csynth,,50,24,4995,8444,1824,2520,548160,274080,2.7412,0.9524,0.9112,3.0809,2266674,16546720.2,,7.3,,,,,,,,
gemm_2755,gemm,vitis,csynth,,50,24,5653,9054,1824,2520,548160,274080,2.7412,0.9524,1.0313,3.3034,2135321,15587843.299999999,,7.3,,,,,,,,
gemm_2756,gemm,vitis,csynth,,50,24,4791,9539,1824,2520,548160,274080,2.7412,0.9524,0.874,3.4804,2150578,15699219.4,,7.3,,,,,,,,
gemm_2757,gemm,vitis,csynth,,52,17,3247,5479,1824,2520,548160,274080,2.8509,0.6746,0.5923,1.9991,313545,2288878.5,,7.3,,,,,,,,
gemm_2758,gemm,vitis,csynth,,52,17,4263,6450,1824,2520,548160,274080,2.8509,0.6746,0.7777,2.3533,2267851,16555312.299999999,,7.3,,,,,,,,
gemm_2759,gemm,vitis,csynth,,52,17,4019,6278,1824,2520,548160,274080,2.8509,0.6746,0.7332,2.2906,314450,2295485.0,,7.3,,,,,,,,
gemm_2760,gemm,vitis,csynth,,52,17,4674,7101,1824,2520,548160,274080,2.8509,0.6746,0.8527,2.5908,2266902,16548384.6,,7.3,,,,,,,,
gemm_2761,gemm,vitis,csynth,,52,17,5450,8568,1824,2520,548160,274080,2.8509,0.6746,0.9942,3.1261,2149901,15694277.299999999,,7.3,,,,,,,,
gemm_2762,gemm,vitis,csynth,,52,17,4470,8196,1824,2520,548160,274080,2.8509,0.6746,0.8155,2.9904,2150806,15700883.799999999,,7.3,,,,,,,,
gemm_2763,gemm,vitis,csynth,,52,17,3350,5537,1824,2520,548160,274080,2.8509,0.6746,0.6111,2.0202,313552,2288929.6,,7.3,,,,,,,,
gemm_2764,gemm,vitis,csynth,,52,17,4368,6545,1824,2520,548160,274080,2.8509,0.6746,0.7968,2.388,2267860,16555378.0,,7.3,,,,,,,,
gemm_2765,gemm,vitis,csynth,,52,17,4124,6417,1824,2520,548160,274080,2.8509,0.6746,0.7523,2.3413,314459,2295550.6999999997,,7.3,,,,,,,,
gemm_2766,gemm,vitis,csynth,,52,17,4779,7162,1824,2520,548160,274080,2.8509,0.6746,0.8718,2.6131,2266911,16548450.299999999,,7.3,,,,,,,,
gemm_2767,gemm,vitis,csynth,,52,17,5555,8671,1824,2520,548160,274080,2.8509,0.6746,1.0134,3.1637,2149910,15694343.0,,7.3,,,,,,,,
gemm_2768,gemm,vitis,csynth,,52,17,4575,8266,1824,2520,548160,274080,2.8509,0.6746,0.8346,3.0159,2150815,15700949.5,,7.3,,,,,,,,
gemm_2769,gemm,vitis,csynth,,37,10,3005,5002,1824,2520,548160,274080,2.0285,0.3968,0.5482,1.825,51663,377139.89999999997,,7.3,,,,,,,,
gemm_2770,gemm,vitis,csynth,,37,10,3216,5152,1824,2520,548160,274080,2.0285,0.3968,0.5867,1.8797,51663,377139.89999999997,,7.3,,,,,,,,
gemm_2771,gemm,vitis,csynth,,37,10,3940,5850,1824,2520,548160,274080,2.0285,0.3968,0.7188,2.1344,67052,489479.6,,7.3,,,,,,,,
gemm_2772,gemm,vitis,csynth,,37,10,4151,6000,1824,2520,548160,274080,2.0285,0.3968,0.7573,2.1891,67052,489479.6,,7.3,,,,,,,,
gemm_2773,gemm,vitis,csynth,,37,10,3106,5053,1824,2520,548160,274080,2.0285,0.3968,0.5666,1.8436,51668,377176.39999999997,,7.3,,,,,,,,
gemm_2774,gemm,vitis,csynth,,37,10,3317,5203,1824,2520,548160,274080,2.0285,0.3968,0.6051,1.8984,51668,377176.39999999997,,7.3,,,,,,,,
gemm_2775,gemm,vitis,csynth,,37,10,4045,5953,1824,2520,548160,274080,2.0285,0.3968,0.7379,2.172,67061,489545.3,,7.3,,,,,,,,
gemm_2776,gemm,vitis,csynth,,37,10,4256,6103,1824,2520,548160,274080,2.0285,0.3968,0.7764,2.2267,67061,489545.3,,7.3,,,,,,,,
gemm_2777,gemm,vitis,csynth,,36,17,3331,5556,1824,2520,548160,274080,1.9737,0.6746,0.6077,2.0271,49608,362138.39999999997,,7.3,,,,,,,,
gemm_2778,gemm,vitis,csynth,,36,17,4103,6355,1824,2520,548160,274080,1.9737,0.6746,0.7485,2.3187,50513,368744.89999999997,,7.3,,,,,,,,
gemm_2779,gemm,vitis,csynth,,36,17,4268,6409,1824,2520,548160,274080,1.9737,0.6746,0.7786,2.3384,67052,489479.6,,7.3,,,,,,,,
gemm_2780,gemm,vitis,csynth,,36,17,4976,7237,1824,2520,548160,274080,1.9737,0.6746,0.9078,2.6405,67957,496086.1,,7.3,,,,,,,,
gemm_2781,gemm,vitis,csynth,,36,17,3434,5614,1824,2520,548160,274080,1.9737,0.6746,0.6265,2.0483,49615,362189.5,,7.3,,,,,,,,
gemm_2782,gemm,vitis,csynth,,36,17,4208,6494,1824,2520,548160,274080,1.9737,0.6746,0.7677,2.3694,50522,368810.6,,7.3,,,,,,,,
gemm_2783,gemm,vitis,csynth,,36,17,4373,6512,1824,2520,548160,274080,1.9737,0.6746,0.7978,2.3759,67061,489545.3,,7.3,,,,,,,,
gemm_2784,gemm,vitis,csynth,,36,17,5081,7307,1824,2520,548160,274080,1.9737,0.6746,0.9269,2.666,67966,496151.8,,7.3,,,,,,,,
gemm_2785,gemm,vitis,csynth,,37,17,3978,6167,1824,2520,548160,274080,2.0285,0.6746,0.7257,2.2501,50513,368744.89999999997,,7.3,,,,,,,,
gemm_2786,gemm,vitis,csynth,,37,17,3200,5253,1824,2520,548160,274080,2.0285,0.6746,0.5838,1.9166,49475,361167.5,,7.3,,,,,,,,
gemm_2787,gemm,vitis,csynth,,37,17,4723,7169,1824,2520,548160,274080,2.0285,0.6746,0.8616,2.6157,67957,496086.1,,7.3,,,,,,,,
gemm_2788,gemm,vitis,csynth,,37,17,4139,6111,1824,2520,548160,274080,2.0285,0.6746,0.7551,2.2296,67052,489479.6,,7.3,,,,,,,,
gemm_2789,gemm,vitis,csynth,,37,17,4083,6306,1824,2520,548160,274080,2.0285,0.6746,0.7449,2.3008,50522,368810.6,,7.3,,,,,,,,
gemm_2790,gemm,vitis,csynth,,37,17,3305,5318,1824,2520,548160,274080,2.0285,0.6746,0.6029,1.9403,49484,361233.2,,7.3,,,,,,,,
gemm_2791,gemm,vitis,csynth,,37,17,4828,7239,1824,2520,548160,274080,2.0285,0.6746,0.8808,2.6412,67966,496151.8,,7.3,,,,,,,,
gemm_2792,gemm,vitis,csynth,,37,17,4244,6214,1824,2520,548160,274080,2.0285,0.6746,0.7742,2.2672,67061,489545.3,,7.3,,,,,,,,
gemm_2793,gemm,vitis,csynth,,52,10,3526,5616,1824,2520,548160,274080,2.8509,0.3968,0.6432,2.049,2279998,16643985.4,,7.3,,,,,,,,
gemm_2794,gemm,vitis,csynth,,52,10,2896,4866,1824,2520,548160,274080,2.8509,0.3968,0.5283,1.7754,2162881,15789031.299999999,,7.3,,,,,,,,
gemm_2795,gemm,vitis,csynth,,52,10,3622,6696,1824,2520,548160,274080,2.8509,0.3968,0.6608,2.4431,2163902,15796484.6,,7.3,,,,,,,,
gemm_2796,gemm,vitis,csynth,,52,10,3622,6696,1824,2520,548160,274080,2.8509,0.3968,0.6608,2.4431,2163902,15796484.6,,7.3,,,,,,,,
gemm_2797,gemm,vitis,csynth,,52,10,2896,4866,1824,2520,548160,274080,2.8509,0.3968,0.5283,1.7754,2162881,15789031.299999999,,7.3,,,,,,,,
gemm_2798,gemm,vitis,csynth,,52,10,3718,5472,1824,2520,548160,274080,2.8509,0.3968,0.6783,1.9965,2279998,16643985.4,,7.3,,,,,,,,
gemm_2799,gemm,vitis,csynth,,52,10,3631,5732,1824,2520,548160,274080,2.8509,0.3968,0.6624,2.0914,2280007,16644051.1,,7.3,,,,,,,,
gemm_2800,gemm,vitis,csynth,,52,10,2997,4922,1824,2520,548160,274080,2.8509,0.3968,0.5467,1.7958,2162886,15789067.799999999,,7.3,,,,,,,,
gemm_2801,gemm,vitis,csynth,,52,10,3727,6795,1824,2520,548160,274080,2.8509,0.3968,0.6799,2.4792,2163911,15796550.299999999,,7.3,,,,,,,,
gemm_2802,gemm,vitis,csynth,,52,10,3727,6795,1824,2520,548160,274080,2.8509,0.3968,0.6799,2.4792,2163911,15796550.299999999,,7.3,,,,,,,,
gemm_2803,gemm,vitis,csynth,,52,10,2997,4922,1824,2520,548160,274080,2.8509,0.3968,0.5467,1.7958,2162886,15789067.799999999,,7.3,,,,,,,,
gemm_2804,gemm,vitis,csynth,,52,10,3823,5588,1824,2520,548160,274080,2.8509,0.3968,0.6974,2.0388,2280007,16644051.1,,7.3,,,,,,,,
gemm_2805,gemm,vitis,csynth,,53,10,3856,5992,1824,2520,548160,274080,2.9057,0.3968,0.7034,2.1862,2280139,16645014.7,,7.3,,,,,,,,
gemm_2806,gemm,vitis,csynth,,53,10,3224,5182,1824,2520,548160,274080,2.9057,0.3968,0.5881,1.8907,2162889,15789089.7,,7.3,,,,,,,,
gemm_2807,gemm,vitis,csynth,,53,10,3530,6755,1824,2520,548160,274080,2.9057,0.3968,0.644,2.4646,2164043,15797513.9,,7.3,,,,,,,,
gemm_2808,gemm,vitis,csynth,,53,10,3530,6755,1824,2520,548160,274080,2.9057,0.3968,0.644,2.4646,2164043,15797513.9,,7.3,,,,,,,,
gemm_2809,gemm,vitis,csynth,,53,10,3224,5182,1824,2520,548160,274080,2.9057,0.3968,0.5881,1.8907,2162889,15789089.7,,7.3,,,,,,,,
gemm_2810,gemm,vitis,csynth,,53,10,3626,5548,1824,2520,548160,274080,2.9057,0.3968,0.6615,2.0242,2280139,16645014.7,,7.3,,,,,,,,
gemm_2811,gemm,vitis,csynth,,53,10,3961,6095,1824,2520,548160,274080,2.9057,0.3968,0.7226,2.2238,2280148,16645080.4,,7.3,,,,,,,,
gemm_2812,gemm,vitis,csynth,,53,10,3327,5240,1824,2520,548160,274080,2.9057,0.3968,0.6069,1.9119,2162896,15789140.799999999,,7.3,,,,,,,,
gemm_2813,gemm,vitis,csynth,,53,10,3635,6872,1824,2520,548160,274080,2.9057,0.3968,0.6631,2.5073,2164052,15797579.6,,7.3,,,,,,,,
gemm_2814,gemm,vitis,csynth,,53,10,3635,6872,1824,2520,548160,274080,2.9057,0.3968,0.6631,2.5073,2164052,15797579.6,,7.3,,,,,,,,
gemm_2815,gemm,vitis,csynth,,53,10,3327,5240,1824,2520,548160,274080,2.9057,0.3968,0.6069,1.9119,2162896,15789140.799999999,,7.3,,,,,,,,
gemm_2816,gemm,vitis,csynth,,53,10,3731,5651,1824,2520,548160,274080,2.9057,0.3968,0.6806,2.0618,2280148,16645080.4,,7.3,,,,,,,,
gemm_2817,gemm,vitis,csynth,,36,17,4175,6559,1824,2520,548160,274080,1.9737,0.6746,0.7616,2.3931,52588,383892.39999999997,,7.3,,,,,,,,
gemm_2818,gemm,vitis,csynth,,36,17,4980,7379,1824,2520,548160,274080,1.9737,0.6746,0.9085,2.6923,67845,495268.5,,7.3,,,,,,,,
gemm_2819,gemm,vitis,csynth,,36,17,3333,5597,1824,2520,548160,274080,1.9737,0.6746,0.608,2.0421,51663,377139.89999999997,,7.3,,,,,,,,
gemm_2820,gemm,vitis,csynth,,36,17,4202,6422,1824,2520,548160,274080,1.9737,0.6746,0.7666,2.3431,66920,488516.0,,7.3,,,,,,,,
gemm_2821,gemm,vitis,csynth,,36,17,4280,6669,1824,2520,548160,274080,1.9737,0.6746,0.7808,2.4332,52597,383958.1,,7.3,,,,,,,,
gemm_2822,gemm,vitis,csynth,,36,17,5085,7449,1824,2520,548160,274080,1.9737,0.6746,0.9276,2.7178,67854,495334.2,,7.3,,,,,,,,
gemm_2823,gemm,vitis,csynth,,36,17,3434,5648,1824,2520,548160,274080,1.9737,0.6746,0.6265,2.0607,51668,377176.39999999997,,7.3,,,,,,,,
gemm_2824,gemm,vitis,csynth,,36,17,4305,6530,1824,2520,548160,274080,1.9737,0.6746,0.7854,2.3825,66927,488567.1,,7.3,,,,,,,,
gemm_2825,gemm,vitis,csynth,,37,10,3876,5969,1824,2520,548160,274080,2.0285,0.3968,0.7071,2.1778,50531,368876.3,,7.3,,,,,,,,
gemm_2826,gemm,vitis,csynth,,37,10,3003,5033,1824,2520,548160,274080,2.0285,0.3968,0.5478,1.8363,35274,257500.19999999998,,7.3,,,,,,,,
gemm_2827,gemm,vitis,csynth,,37,10,4087,6119,1824,2520,548160,274080,2.0285,0.3968,0.7456,2.2326,50531,368876.3,,7.3,,,,,,,,
gemm_2828,gemm,vitis,csynth,,37,10,3214,5183,1824,2520,548160,274080,2.0285,0.3968,0.5863,1.8911,35274,257500.19999999998,,7.3,,,,,,,,
gemm_2829,gemm,vitis,csynth,,37,10,3981,6101,1824,2520,548160,274080,2.0285,0.3968,0.7262,2.226,50540,368942.0,,7.3,,,,,,,,
gemm_2830,gemm,vitis,csynth,,37,10,3106,5091,1824,2520,548160,274080,2.0285,0.3968,0.5666,1.8575,35281,257551.3,,7.3,,,,,,,,
gemm_2831,gemm,vitis,csynth,,37,10,4192,6251,1824,2520,548160,274080,2.0285,0.3968,0.7647,2.2807,50540,368942.0,,7.3,,,,,,,,
gemm_2832,gemm,vitis,csynth,,37,10,3317,5241,1824,2520,548160,274080,2.0285,0.3968,0.6051,1.9122,35281,257551.3,,7.3,,,,,,,,
gemm_2833,gemm,vitis,csynth,,83,80,4540,10287,1824,2520,548160,274080,4.5504,3.1746,0.8282,3.7533,36177,264092.1,,7.3,,,,,,,,
gemm_2834,gemm,vitis,csynth,,83,80,5721,9560,1824,2520,548160,274080,4.5504,3.1746,1.0437,3.488,50529,368861.7,,7.3,,,,,,,,
gemm_2835,gemm,vitis,csynth,,83,80,5285,11289,1824,2520,548160,274080,4.5504,3.1746,0.9641,4.1189,53509,390615.7,,7.3,,,,,,,,
gemm_2836,gemm,vitis,csynth,,83,80,6594,10451,1824,2520,548160,274080,4.5504,3.1746,1.2029,3.8131,67861,495385.3,,7.3,,,,,,,,
gemm_2837,gemm,vitis,csynth,,83,80,4645,10426,1824,2520,548160,274080,4.5504,3.1746,0.8474,3.804,36186,264157.8,,7.3,,,,,,,,
gemm_2838,gemm,vitis,csynth,,83,80,5826,9692,1824,2520,548160,274080,4.5504,3.1746,1.0628,3.5362,50538,368927.39999999997,,7.3,,,,,,,,
gemm_2839,gemm,vitis,csynth,,83,80,5390,11359,1824,2520,548160,274080,4.5504,3.1746,0.9833,4.1444,53518,390681.39999999997,,7.3,,,,,,,,
gemm_2840,gemm,vitis,csynth,,83,80,6699,10517,1824,2520,548160,274080,4.5504,3.1746,1.2221,3.8372,67870,495451.0,,7.3,,,,,,,,
gemm_2841,gemm,vitis,csynth,,98,80,5191,10372,1824,2520,548160,274080,5.3728,3.1746,0.947,3.7843,416206,3038303.8,,7.3,,,,,,,,
gemm_2842,gemm,vitis,csynth,,98,80,5664,9666,1824,2520,548160,274080,5.3728,3.1746,1.0333,3.5267,2253262,16448812.6,,7.3,,,,,,,,
gemm_2843,gemm,vitis,csynth,,98,80,5901,12969,1824,2520,548160,274080,5.3728,3.1746,1.0765,4.7318,315367,2302179.1,,7.3,,,,,,,,
gemm_2844,gemm,vitis,csynth,,98,80,10637,17300,1824,2520,548160,274080,5.3728,3.1746,1.9405,6.312,2266553,16545836.9,,7.3,,,,,,,,
gemm_2845,gemm,vitis,csynth,,98,80,5834,11104,1824,2520,548160,274080,5.3728,3.1746,1.0643,4.0514,2135312,15587777.6,,7.3,,,,,,,,
gemm_2846,gemm,vitis,csynth,,98,80,10637,17300,1824,2520,548160,274080,5.3728,3.1746,1.9405,6.312,2266553,16545836.9,,7.3,,,,,,,,
gemm_2847,gemm,vitis,csynth,,98,80,5296,10488,1824,2520,548160,274080,5.3728,3.1746,0.9661,3.8266,416215,3038369.5,,7.3,,,,,,,,
gemm_2848,gemm,vitis,csynth,,98,80,5769,9790,1824,2520,548160,274080,5.3728,3.1746,1.0524,3.5719,2253271,16448878.299999999,,7.3,,,,,,,,
gemm_2849,gemm,vitis,csynth,,98,80,6006,13052,1824,2520,548160,274080,5.3728,3.1746,1.0957,4.7621,315376,2302244.8,,7.3,,,,,,,,
gemm_2850,gemm,vitis,csynth,,98,80,10742,17384,1824,2520,548160,274080,5.3728,3.1746,1.9596,6.3427,2266562,16545902.6,,7.3,,,,,,,,
gemm_2851,gemm,vitis,csynth,,98,80,5939,11220,1824,2520,548160,274080,5.3728,3.1746,1.0834,4.0937,2135321,15587843.299999999,,7.3,,,,,,,,
gemm_2852,gemm,vitis,csynth,,98,80,10742,17384,1824,2520,548160,274080,5.3728,3.1746,1.9596,6.3427,2266562,16545902.6,,7.3,,,,,,,,
gemm_2853,gemm,vitis,csynth,,100,73,5093,10002,1824,2520,548160,274080,5.4825,2.8968,0.9291,3.6493,430795,3144803.5,,7.3,,,,,,,,
gemm_2854,gemm,vitis,csynth,,100,73,5566,9304,1824,2520,548160,274080,5.4825,2.8968,1.0154,3.3946,2267851,16555312.299999999,,7.3,,,,,,,,
gemm_2855,gemm,vitis,csynth,,100,73,5685,11709,1824,2520,548160,274080,5.4825,2.8968,1.0371,4.2721,315604,2303909.1999999997,,7.3,,,,,,,,
gemm_2856,gemm,vitis,csynth,,100,73,10421,16041,1824,2520,548160,274080,5.4825,2.8968,1.9011,5.8527,2266790,16547567.0,,7.3,,,,,,,,
gemm_2857,gemm,vitis,csynth,,100,73,5736,10734,1824,2520,548160,274080,5.4825,2.8968,1.0464,3.9164,2149901,15694277.299999999,,7.3,,,,,,,,
gemm_2858,gemm,vitis,csynth,,100,73,10421,16041,1824,2520,548160,274080,5.4825,2.8968,1.9011,5.8527,2266790,16547567.0,,7.3,,,,,,,,
gemm_2859,gemm,vitis,csynth,,100,73,5198,10105,1824,2520,548160,274080,5.4825,2.8968,0.9483,3.6869,430804,3144869.1999999997,,7.3,,,,,,,,
gemm_2860,gemm,vitis,csynth,,100,73,5671,9399,1824,2520,548160,274080,5.4825,2.8968,1.0346,3.4293,2267860,16555378.0,,7.3,,,,,,,,
gemm_2861,gemm,vitis,csynth,,100,73,5790,11783,1824,2520,548160,274080,5.4825,2.8968,1.0563,4.2991,315613,2303974.9,,7.3,,,,,,,,
gemm_2862,gemm,vitis,csynth,,100,73,10526,16124,1824,2520,548160,274080,5.4825,2.8968,1.9202,5.883,2266799,16547632.7,,7.3,,,,,,,,
gemm_2863,gemm,vitis,csynth,,100,73,5841,10837,1824,2520,548160,274080,5.4825,2.8968,1.0656,3.954,2149910,15694343.0,,7.3,,,,,,,,
gemm_2864,gemm,vitis,csynth,,100,73,10526,16124,1824,2520,548160,274080,5.4825,2.8968,1.9202,5.883,2266799,16547632.7,,7.3,,,,,,,,
gemm_2865,gemm,vitis,csynth,,83,73,4452,10412,1824,2520,548160,274080,4.5504,2.8968,0.8122,3.7989,38252,279239.6,,7.3,,,,,,,,
gemm_2866,gemm,vitis,csynth,,83,73,5278,11953,1824,2520,548160,274080,4.5504,2.8968,0.9629,4.3611,53509,390615.7,,7.3,,,,,,,,
gemm_2867,gemm,vitis,csynth,,83,73,5633,9686,1824,2520,548160,274080,4.5504,2.8968,1.0276,3.534,52604,384009.2,,7.3,,,,,,,,
gemm_2868,gemm,vitis,csynth,,83,73,6459,11379,1824,2520,548160,274080,4.5504,2.8968,1.1783,4.1517,67861,495385.3,,7.3,,,,,,,,
gemm_2869,gemm,vitis,csynth,,83,73,4557,10522,1824,2520,548160,274080,4.5504,2.8968,0.8313,3.839,38261,279305.3,,7.3,,,,,,,,
gemm_2870,gemm,vitis,csynth,,83,73,5383,12023,1824,2520,548160,274080,4.5504,2.8968,0.982,4.3867,53518,390681.39999999997,,7.3,,,,,,,,
gemm_2871,gemm,vitis,csynth,,83,73,5738,9789,1824,2520,548160,274080,4.5504,2.8968,1.0468,3.5716,52613,384074.89999999997,,7.3,,,,,,,,
gemm_2872,gemm,vitis,csynth,,83,73,6564,11445,1824,2520,548160,274080,4.5504,2.8968,1.1975,4.1758,67870,495451.0,,7.3,,,,,,,,
gemm_2873,gemm,vitis,csynth,,83,73,5562,9643,1824,2520,548160,274080,4.5504,2.8968,1.0147,3.5183,50529,368861.7,,7.3,,,,,,,,
gemm_2874,gemm,vitis,csynth,,83,73,4381,10370,1824,2520,548160,274080,4.5504,2.8968,0.7992,3.7836,36177,264092.1,,7.3,,,,,,,,
gemm_2875,gemm,vitis,csynth,,83,73,6435,10518,1824,2520,548160,274080,4.5504,2.8968,1.1739,3.8376,67861,495385.3,,7.3,,,,,,,,
gemm_2876,gemm,vitis,csynth,,83,73,5254,11252,1824,2520,548160,274080,4.5504,2.8968,0.9585,4.1054,53509,390615.7,,7.3,,,,,,,,
gemm_2877,gemm,vitis,csynth,,83,73,5667,9775,1824,2520,548160,274080,4.5504,2.8968,1.0338,3.5665,50538,368927.39999999997,,7.3,,,,,,,,
gemm_2878,gemm,vitis,csynth,,83,73,4486,10509,1824,2520,548160,274080,4.5504,2.8968,0.8184,3.8343,36186,264157.8,,7.3,,,,,,,,
gemm_2879,gemm,vitis,csynth,,83,73,6540,10584,1824,2520,548160,274080,4.5504,2.8968,1.1931,3.8616,67870,495451.0,,7.3,,,,,,,,
gemm_2880,gemm,vitis,csynth,,83,73,5359,11322,1824,2520,548160,274080,4.5504,2.8968,0.9776,4.1309,53518,390681.39999999997,,7.3,,,,,,,,
gemm_2881,gemm,vitis,csynth,,37,10,3918,5798,1824,2520,548160,274080,2.0285,0.3968,0.7148,2.1154,67036,489362.8,,7.3,,,,,,,,
gemm_2882,gemm,vitis,csynth,,37,10,4129,5948,1824,2520,548160,274080,2.0285,0.3968,0.7532,2.1702,67036,489362.8,,7.3,,,,,,,,
gemm_2883,gemm,vitis,csynth,,37,10,3072,4826,1824,2520,548160,274080,2.0285,0.3968,0.5604,1.7608,49477,361182.1,,7.3,,,,,,,,
gemm_2884,gemm,vitis,csynth,,37,10,3283,4976,1824,2520,548160,274080,2.0285,0.3968,0.5989,1.8155,49477,361182.1,,7.3,,,,,,,,
gemm_2885,gemm,vitis,csynth,,37,10,4023,5908,1824,2520,548160,274080,2.0285,0.3968,0.7339,2.1556,67045,489428.5,,7.3,,,,,,,,
gemm_2886,gemm,vitis,csynth,,37,10,4234,6058,1824,2520,548160,274080,2.0285,0.3968,0.7724,2.2103,67045,489428.5,,7.3,,,,,,,,
gemm_2887,gemm,vitis,csynth,,37,10,3177,4891,1824,2520,548160,274080,2.0285,0.3968,0.5796,1.7845,49486,361247.8,,7.3,,,,,,,,
gemm_2888,gemm,vitis,csynth,,37,10,3388,5041,1824,2520,548160,274080,2.0285,0.3968,0.6181,1.8392,49486,361247.8,,7.3,,,,,,,,
gemm_2889,gemm,vitis,csynth,,51,17,4374,8723,1824,2520,548160,274080,2.7961,0.6746,0.7979,3.1826,2150665,15699854.5,,7.3,,,,,,,,
gemm_2890,gemm,vitis,csynth,,51,17,6062,9923,1824,2520,548160,274080,2.7961,0.6746,1.1059,3.6205,2150665,15699854.5,,7.3,,,,,,,,
gemm_2891,gemm,vitis,csynth,,51,17,3874,6682,1824,2520,548160,274080,2.7961,0.6746,0.7067,2.438,2265856,16540748.799999999,,7.3,,,,,,,,
gemm_2892,gemm,vitis,csynth,,51,17,3133,5530,1824,2520,548160,274080,2.7961,0.6746,0.5715,2.0177,313537,2288820.1,,7.3,,,,,,,,
gemm_2893,gemm,vitis,csynth,,51,17,4860,7377,1824,2520,548160,274080,2.7961,0.6746,0.8866,2.6915,2268615,16560889.5,,7.3,,,,,,,,
gemm_2894,gemm,vitis,csynth,,51,17,3133,5530,1824,2520,548160,274080,2.7961,0.6746,0.5715,2.0177,313537,2288820.1,,7.3,,,,,,,,
gemm_2895,gemm,vitis,csynth,,51,17,4479,8799,1824,2520,548160,274080,2.7961,0.6746,0.8171,3.2104,2150674,15699920.2,,7.3,,,,,,,,
gemm_2896,gemm,vitis,csynth,,51,17,6167,9999,1824,2520,548160,274080,2.7961,0.6746,1.125,3.6482,2150674,15699920.2,,7.3,,,,,,,,
gemm_2897,gemm,vitis,csynth,,51,17,3979,6815,1824,2520,548160,274080,2.7961,0.6746,0.7259,2.4865,2265865,16540814.5,,7.3,,,,,,,,
gemm_2898,gemm,vitis,csynth,,51,17,3234,5586,1824,2520,548160,274080,2.7961,0.6746,0.59,2.0381,313542,2288856.6,,7.3,,,,,,,,
gemm_2899,gemm,vitis,csynth,,51,17,4965,7453,1824,2520,548160,274080,2.7961,0.6746,0.9058,2.7193,2268624,16560955.2,,7.3,,,,,,,,
gemm_2900,gemm,vitis,csynth,,51,17,3234,5586,1824,2520,548160,274080,2.7961,0.6746,0.59,2.0381,313542,2288856.6,,7.3,,,,,,,,
gemm_2901,gemm,vitis,csynth,,51,24,4801,9263,1824,2520,548160,274080,2.7961,0.9524,0.8758,3.3797,2150710,15700183.0,,7.3,,,,,,,,
gemm_2902,gemm,vitis,csynth,,51,24,6489,10463,1824,2520,548160,274080,2.7961,0.9524,1.1838,3.8175,2150710,15700183.0,,7.3,,,,,,,,
gemm_2903,gemm,vitis,csynth,,51,24,4204,7266,1824,2520,548160,274080,2.7961,0.9524,0.7669,2.6511,2251549,16436307.7,,7.3,,,,,,,,
gemm_2904,gemm,vitis,csynth,,51,24,3461,6038,1824,2520,548160,274080,2.7961,0.9524,0.6314,2.203,299209,2184225.6999999997,,7.3,,,,,,,,
gemm_2905,gemm,vitis,csynth,,51,24,5287,7918,1824,2520,548160,274080,2.7961,0.9524,0.9645,2.8889,2268660,16561218.0,,7.3,,,,,,,,
gemm_2906,gemm,vitis,csynth,,51,24,3461,6038,1824,2520,548160,274080,2.7961,0.9524,0.6314,2.203,299209,2184225.6999999997,,7.3,,,,,,,,
gemm_2907,gemm,vitis,csynth,,51,24,4906,9329,1824,2520,548160,274080,2.7961,0.9524,0.895,3.4038,2150719,15700248.7,,7.3,,,,,,,,
gemm_2908,gemm,vitis,csynth,,51,24,6594,10529,1824,2520,548160,274080,2.7961,0.9524,1.2029,3.8416,2150719,15700248.7,,7.3,,,,,,,,
gemm_2909,gemm,vitis,csynth,,51,24,4309,7355,1824,2520,548160,274080,2.7961,0.9524,0.7861,2.6835,2251558,16436373.4,,7.3,,,,,,,,
gemm_2910,gemm,vitis,csynth,,51,24,3564,6096,1824,2520,548160,274080,2.7961,0.9524,0.6502,2.2242,299216,2184276.8,,7.3,,,,,,,,
gemm_2911,gemm,vitis,csynth,,51,24,5392,7979,1824,2520,548160,274080,2.7961,0.9524,0.9837,2.9112,2268669,16561283.7,,7.3,,,,,,,,
gemm_2912,gemm,vitis,csynth,,51,24,3564,6096,1824,2520,548160,274080,2.7961,0.9524,0.6502,2.2242,299216,2184276.8,,7.3,,,,,,,,
gemm_2913,gemm,vitis,csynth,,35,17,5372,11612,1824,2520,548160,274080,1.9189,0.6746,0.98,4.2367,99672,727605.6,,7.3,,,,,,,,
gemm_2914,gemm,vitis,csynth,,35,17,3788,6404,1824,2520,548160,274080,1.9189,0.6746,0.691,2.3365,82383,601395.9,,7.3,,,,,,,,
gemm_2915,gemm,vitis,csynth,,35,17,5541,11476,1824,2520,548160,274080,1.9189,0.6746,1.0108,4.1871,83288,608002.4,,7.3,,,,,,,,
gemm_2916,gemm,vitis,csynth,,35,17,3957,6268,1824,2520,548160,274080,1.9189,0.6746,0.7219,2.2869,65999,481792.7,,7.3,,,,,,,,
gemm_2917,gemm,vitis,csynth,,35,17,5475,11728,1824,2520,548160,274080,1.9189,0.6746,0.9988,4.279,99679,727656.7,,7.3,,,,,,,,
gemm_2918,gemm,vitis,csynth,,35,17,3889,6455,1824,2520,548160,274080,1.9189,0.6746,0.7095,2.3552,82388,601432.4,,7.3,,,,,,,,
gemm_2919,gemm,vitis,csynth,,35,17,5644,11592,1824,2520,548160,274080,1.9189,0.6746,1.0296,4.2294,83295,608053.5,,7.3,,,,,,,,
gemm_2920,gemm,vitis,csynth,,35,17,4058,6319,1824,2520,548160,274080,1.9189,0.6746,0.7403,2.3055,66004,481829.2,,7.3,,,,,,,,
gemm_2921,gemm,vitis,csynth,,35,17,5607,11513,1824,2520,548160,274080,1.9189,0.6746,1.0229,4.2006,83420,608966.0,,7.3,,,,,,,,
gemm_2922,gemm,vitis,csynth,,35,17,5438,11649,1824,2520,548160,274080,1.9189,0.6746,0.992,4.2502,99804,728569.2,,7.3,,,,,,,,
gemm_2923,gemm,vitis,csynth,,35,17,3955,6263,1824,2520,548160,274080,1.9189,0.6746,0.7215,2.2851,49610,362153.0,,7.3,,,,,,,,
gemm_2924,gemm,vitis,csynth,,35,17,3786,6399,1824,2520,548160,274080,1.9189,0.6746,0.6907,2.3347,65994,481756.2,,7.3,,,,,,,,
gemm_2925,gemm,vitis,csynth,,35,17,5712,11623,1824,2520,548160,274080,1.9189,0.6746,1.042,4.2407,83429,609031.7,,7.3,,,,,,,,
gemm_2926,gemm,vitis,csynth,,35,17,5543,11759,1824,2520,548160,274080,1.9189,0.6746,1.0112,4.2904,99813,728634.9,,7.3,,,,,,,,
gemm_2927,gemm,vitis,csynth,,35,17,4058,6321,1824,2520,548160,274080,1.9189,0.6746,0.7403,2.3063,49617,362204.1,,7.3,,,,,,,,
gemm_2928,gemm,vitis,csynth,,35,17,3889,6457,1824,2520,548160,274080,1.9189,0.6746,0.7095,2.3559,66001,481807.3,,7.3,,,,,,,,
gemm_2929,gemm,vitis,csynth,,35,24,4460,6826,1824,2520,548160,274080,1.9189,0.9524,0.8136,2.4905,52588,383892.39999999997,,7.3,,,,,,,,
gemm_2930,gemm,vitis,csynth,,35,24,5265,7646,1824,2520,548160,274080,1.9189,0.9524,0.9605,2.7897,67845,495268.5,,7.3,,,,,,,,
gemm_2931,gemm,vitis,csynth,,35,24,3614,5854,1824,2520,548160,274080,1.9189,0.9524,0.6593,2.1359,35141,256529.3,,7.3,,,,,,,,
gemm_2932,gemm,vitis,csynth,,35,24,4485,6667,1824,2520,548160,274080,1.9189,0.9524,0.8182,2.4325,50531,368876.3,,7.3,,,,,,,,
gemm_2933,gemm,vitis,csynth,,35,24,4565,6936,1824,2520,548160,274080,1.9189,0.9524,0.8328,2.5306,52597,383958.1,,7.3,,,,,,,,
gemm_2934,gemm,vitis,csynth,,35,24,5370,7716,1824,2520,548160,274080,1.9189,0.9524,0.9796,2.8152,67854,495334.2,,7.3,,,,,,,,
gemm_2935,gemm,vitis,csynth,,35,24,3719,5919,1824,2520,548160,274080,1.9189,0.9524,0.6785,2.1596,35150,256595.0,,7.3,,,,,,,,
gemm_2936,gemm,vitis,csynth,,35,24,4590,6799,1824,2520,548160,274080,1.9189,0.9524,0.8373,2.4807,50540,368942.0,,7.3,,,,,,,,
gemm_2937,gemm,vitis,csynth,,98,136,5560,14805,1824,2520,548160,274080,5.3728,5.3968,1.0143,5.4017,299417,2185744.1,,7.3,,,,,,,,
gemm_2938,gemm,vitis,csynth,,98,136,13353,22374,1824,2520,548160,274080,5.3728,5.3968,2.436,8.1633,2252457,16442936.1,,7.3,,,,,,,,
gemm_2939,gemm,vitis,csynth,,98,136,6973,13066,1824,2520,548160,274080,5.3728,5.3968,1.2721,4.7672,429865,3138014.5,,7.3,,,,,,,,
gemm_2940,gemm,vitis,csynth,,98,136,6962,13048,1824,2520,548160,274080,5.3728,5.3968,1.2701,4.7607,429865,3138014.5,,7.3,,,,,,,,
gemm_2941,gemm,vitis,csynth,,98,136,13378,22374,1824,2520,548160,274080,5.3728,5.3968,2.4405,8.1633,2252457,16442936.1,,7.3,,,,,,,,
gemm_2942,gemm,vitis,csynth,,98,136,6734,14071,1824,2520,548160,274080,5.3728,5.3968,1.2285,5.1339,313769,2290513.6999999997,,7.3,,,,,,,,
gemm_2943,gemm,vitis,csynth,,98,136,5665,14881,1824,2520,548160,274080,5.3728,5.3968,1.0335,5.4294,299426,2185809.8,,7.3,,,,,,,,
gemm_2944,gemm,vitis,csynth,,98,136,13458,22458,1824,2520,548160,274080,5.3728,5.3968,2.4551,8.194,2252466,16443001.799999999,,7.3,,,,,,,,
gemm_2945,gemm,vitis,csynth,,98,136,7078,13142,1824,2520,548160,274080,5.3728,5.3968,1.2912,4.795,429874,3138080.1999999997,,7.3,,,,,,,,
gemm_2946,gemm,vitis,csynth,,98,136,7067,13124,1824,2520,548160,274080,5.3728,5.3968,1.2892,4.7884,429874,3138080.1999999997,,7.3,,,,,,,,
gemm_2947,gemm,vitis,csynth,,98,136,13483,22458,1824,2520,548160,274080,5.3728,5.3968,2.4597,8.194,2252466,16443001.799999999,,7.3,,,,,,,,
gemm_2948,gemm,vitis,csynth,,98,136,6839,14147,1824,2520,548160,274080,5.3728,5.3968,1.2476,5.1616,313778,2290579.4,,7.3,,,,,,,,
gemm_2949,gemm,vitis,csynth,,98,136,6986,14472,1824,2520,548160,274080,5.3728,5.3968,1.2744,5.2802,313910,2291543.0,,7.3,,,,,,,,
gemm_2950,gemm,vitis,csynth,,98,136,14843,22050,1824,2520,548160,274080,5.3728,5.3968,2.7078,8.0451,2266950,16548735.0,,7.3,,,,,,,,
gemm_2951,gemm,vitis,csynth,,98,136,6037,14201,1824,2520,548160,274080,5.3728,5.3968,1.1013,5.1813,415654,3034274.1999999997,,7.3,,,,,,,,
gemm_2952,gemm,vitis,csynth,,98,136,6026,14183,1824,2520,548160,274080,5.3728,5.3968,1.0993,5.1748,415654,3034274.1999999997,,7.3,,,,,,,,
gemm_2953,gemm,vitis,csynth,,98,136,14868,22050,1824,2520,548160,274080,5.3728,5.3968,2.7123,8.0451,2266950,16548735.0,,7.3,,,,,,,,
gemm_2954,gemm,vitis,csynth,,98,136,5798,15206,1824,2520,548160,274080,5.3728,5.3968,1.0577,5.548,299558,2186773.4,,7.3,,,,,,,,
gemm_2955,gemm,vitis,csynth,,98,136,7091,14538,1824,2520,548160,274080,5.3728,5.3968,1.2936,5.3043,313919,2291608.6999999997,,7.3,,,,,,,,
gemm_2956,gemm,vitis,csynth,,98,136,14948,22132,1824,2520,548160,274080,5.3728,5.3968,2.7269,8.075,2266959,16548800.7,,7.3,,,,,,,,
gemm_2957,gemm,vitis,csynth,,98,136,6142,14262,1824,2520,548160,274080,5.3728,5.3968,1.1205,5.2036,415663,3034339.9,,7.3,,,,,,,,
gemm_2958,gemm,vitis,csynth,,98,136,6131,14244,1824,2520,548160,274080,5.3728,5.3968,1.1185,5.197,415663,3034339.9,,7.3,,,,,,,,
gemm_2959,gemm,vitis,csynth,,98,136,14909,22134,1824,2520,548160,274080,5.3728,5.3968,2.7198,8.0757,2266959,16548800.7,,7.3,,,,,,,,
gemm_2960,gemm,vitis,csynth,,98,136,5903,15276,1824,2520,548160,274080,5.3728,5.3968,1.0769,5.5736,299567,2186839.1,,7.3,,,,,,,,
gemm_2961,gemm,vitis,csynth,,35,24,5260,11430,1824,2520,548160,274080,1.9189,0.9524,0.9596,4.1703,68952,503349.6,,7.3,,,,,,,,
gemm_2962,gemm,vitis,csynth,,35,24,3676,6222,1824,2520,548160,274080,1.9189,0.9524,0.6706,2.2701,51663,377139.89999999997,,7.3,,,,,,,,
gemm_2963,gemm,vitis,csynth,,35,24,6003,12411,1824,2520,548160,274080,1.9189,0.9524,1.0951,4.5282,84341,615689.2999999999,,7.3,,,,,,,,
gemm_2964,gemm,vitis,csynth,,35,24,4611,7070,1824,2520,548160,274080,1.9189,0.9524,0.8412,2.5795,67052,489479.6,,7.3,,,,,,,,
gemm_2965,gemm,vitis,csynth,,35,24,5363,11546,1824,2520,548160,274080,1.9189,0.9524,0.9784,4.2126,68959,503400.7,,7.3,,,,,,,,
gemm_2966,gemm,vitis,csynth,,35,24,3777,6273,1824,2520,548160,274080,1.9189,0.9524,0.689,2.2887,51668,377176.39999999997,,7.3,,,,,,,,
gemm_2967,gemm,vitis,csynth,,35,24,6108,12481,1824,2520,548160,274080,1.9189,0.9524,1.1143,4.5538,84350,615755.0,,7.3,,,,,,,,
gemm_2968,gemm,vitis,csynth,,35,24,4716,7173,1824,2520,548160,274080,1.9189,0.9524,0.8603,2.6171,67061,489545.3,,7.3,,,,,,,,
gemm_2969,gemm,vitis,csynth,,82,80,4866,10835,1824,2520,548160,274080,4.4956,3.1746,0.8877,3.9532,52700,384710.0,,7.3,,,,,,,,
gemm_2970,gemm,vitis,csynth,,82,80,6382,15954,1824,2520,548160,274080,4.4956,3.1746,1.1643,5.8209,69989,510919.7,,7.3,,,,,,,,
gemm_2971,gemm,vitis,csynth,,82,80,6047,10109,1824,2520,548160,274080,4.4956,3.1746,1.1031,3.6883,67052,489479.6,,7.3,,,,,,,,
gemm_2972,gemm,vitis,csynth,,82,80,7563,15220,1824,2520,548160,274080,4.4956,3.1746,1.3797,5.5531,84341,615689.2999999999,,7.3,,,,,,,,
gemm_2973,gemm,vitis,csynth,,82,80,4971,10945,1824,2520,548160,274080,4.4956,3.1746,0.9069,3.9934,52709,384775.7,,7.3,,,,,,,,
gemm_2974,gemm,vitis,csynth,,82,80,6487,16028,1824,2520,548160,274080,4.4956,3.1746,1.1834,5.8479,69998,510985.39999999997,,7.3,,,,,,,,
gemm_2975,gemm,vitis,csynth,,82,80,6152,10212,1824,2520,548160,274080,4.4956,3.1746,1.1223,3.7259,67061,489545.3,,7.3,,,,,,,,
gemm_2976,gemm,vitis,csynth,,82,80,7668,15290,1824,2520,548160,274080,4.4956,3.1746,1.3989,5.5787,84350,615755.0,,7.3,,,,,,,,
gemm_2977,gemm,vitis,csynth,,84,73,5106,10874,1824,2520,548160,274080,4.6053,2.8968,0.9315,3.9675,53605,391316.5,,7.3,,,,,,,,
gemm_2978,gemm,vitis,csynth,,84,73,4394,9912,1824,2520,548160,274080,4.6053,2.8968,0.8016,3.6165,52700,384710.0,,7.3,,,,,,,,
gemm_2979,gemm,vitis,csynth,,84,73,6159,10244,1824,2520,548160,274080,4.6053,2.8968,1.1236,3.7376,67957,496086.1,,7.3,,,,,,,,
gemm_2980,gemm,vitis,csynth,,84,73,5575,9186,1824,2520,548160,274080,4.6053,2.8968,1.017,3.3516,67052,489479.6,,7.3,,,,,,,,
gemm_2981,gemm,vitis,csynth,,84,73,5211,10948,1824,2520,548160,274080,4.6053,2.8968,0.9506,3.9945,53614,391382.2,,7.3,,,,,,,,
gemm_2982,gemm,vitis,csynth,,84,73,4499,10022,1824,2520,548160,274080,4.6053,2.8968,0.8207,3.6566,52709,384775.7,,7.3,,,,,,,,
gemm_2983,gemm,vitis,csynth,,84,73,6264,10314,1824,2520,548160,274080,4.6053,2.8968,1.1427,3.7631,67966,496151.8,,7.3,,,,,,,,
gemm_2984,gemm,vitis,csynth,,84,73,5680,9289,1824,2520,548160,274080,4.6053,2.8968,1.0362,3.3892,67061,489545.3,,7.3,,,,,,,,
gemm_2985,gemm,vitis,csynth,,99,73,10857,18575,1824,2520,548160,274080,5.4276,2.8968,1.9806,6.7772,2266649,16546537.7,,7.3,,,,,,,,
gemm_2986,gemm,vitis,csynth,,99,73,6336,12089,1824,2520,548160,274080,5.4276,2.8968,1.1559,4.4108,2150665,15699854.5,,7.3,,,,,,,,
gemm_2987,gemm,vitis,csynth,,99,73,10145,17652,1824,2520,548160,274080,5.4276,2.8968,1.8507,6.4405,2265744,16539931.2,,7.3,,,,,,,,
gemm_2988,gemm,vitis,csynth,,99,73,4865,11127,1824,2520,548160,274080,5.4276,2.8968,0.8875,4.0598,314558,2296273.4,,7.3,,,,,,,,
gemm_2989,gemm,vitis,csynth,,99,73,6170,10255,1824,2520,548160,274080,5.4276,2.8968,1.1256,3.7416,2268615,16560889.5,,7.3,,,,,,,,
gemm_2990,gemm,vitis,csynth,,99,73,4985,9975,1824,2520,548160,274080,5.4276,2.8968,0.9094,3.6394,430654,3143774.1999999997,,7.3,,,,,,,,
gemm_2991,gemm,vitis,csynth,,99,73,10962,18659,1824,2520,548160,274080,5.4276,2.8968,1.9998,6.8079,2266658,16546603.4,,7.3,,,,,,,,
gemm_2992,gemm,vitis,csynth,,99,73,6441,12165,1824,2520,548160,274080,5.4276,2.8968,1.175,4.4385,2150674,15699920.2,,7.3,,,,,,,,
gemm_2993,gemm,vitis,csynth,,99,73,10250,17737,1824,2520,548160,274080,5.4276,2.8968,1.8699,6.4715,2265753,16539996.9,,7.3,,,,,,,,
gemm_2994,gemm,vitis,csynth,,99,73,4970,11226,1824,2520,548160,274080,5.4276,2.8968,0.9067,4.0959,314567,2296339.1,,7.3,,,,,,,,
gemm_2995,gemm,vitis,csynth,,99,73,6275,10331,1824,2520,548160,274080,5.4276,2.8968,1.1447,3.7693,2268624,16560955.2,,7.3,,,,,,,,
gemm_2996,gemm,vitis,csynth,,99,73,5090,10091,1824,2520,548160,274080,5.4276,2.8968,0.9286,3.6818,430663,3143839.9,,7.3,,,,,,,,
gemm_2997,gemm,vitis,csynth,,99,80,11284,19126,1824,2520,548160,274080,5.4276,3.1746,2.0585,6.9783,2266694,16546866.2,,7.3,,,,,,,,
gemm_2998,gemm,vitis,csynth,,99,80,6763,12629,1824,2520,548160,274080,5.4276,3.1746,1.2338,4.6078,2150710,15700183.0,,7.3,,,,,,,,
gemm_2999,gemm,vitis,csynth,,99,80,10475,18182,1824,2520,548160,274080,5.4276,3.1746,1.9109,6.6338,2251437,16435490.1,,7.3,,,,,,,,
gemm_3000,gemm,vitis,csynth,,99,80,5195,11678,1824,2520,548160,274080,5.4276,3.1746,0.9477,4.2608,300251,2191832.3,,7.3,,,,,,,,
gemm_3001,gemm,vitis,csynth,,99,80,6597,10796,1824,2520,548160,274080,5.4276,3.1746,1.2035,3.939,2268660,16561218.0,,7.3,,,,,,,,
gemm_3002,gemm,vitis,csynth,,99,80,5315,10543,1824,2520,548160,274080,5.4276,3.1746,0.9696,3.8467,416347,3039333.1,,7.3,,,,,,,,
gemm_3003,gemm,vitis,csynth,,99,80,11389,19208,1824,2520,548160,274080,5.4276,3.1746,2.0777,7.0082,2266703,16546931.9,,7.3,,,,,,,,
gemm_3004,gemm,vitis,csynth,,99,80,6868,12695,1824,2520,548160,274080,5.4276,3.1746,1.2529,4.6319,2150719,15700248.7,,7.3,,,,,,,,
gemm_3005,gemm,vitis,csynth,,99,80,10580,18264,1824,2520,548160,274080,5.4276,3.1746,1.9301,6.6637,2251446,16435555.799999999,,7.3,,,,,,,,
gemm_3006,gemm,vitis,csynth,,99,80,5300,11795,1824,2520,548160,274080,5.4276,3.1746,0.9669,4.3035,300260,2191898.0,,7.3,,,,,,,,
gemm_3007,gemm,vitis,csynth,,99,80,6702,10857,1824,2520,548160,274080,5.4276,3.1746,1.2226,3.9613,2268669,16561283.7,,7.3,,,,,,,,
gemm_3008,gemm,vitis,csynth,,99,80,5420,10646,1824,2520,548160,274080,5.4276,3.1746,0.9888,3.8843,416356,3039398.8,,7.3,,,,,,,,
gemm_3009,gemm,vitis,csynth,,82,80,6386,16116,1824,2520,548160,274080,4.4956,3.1746,1.165,5.88,69877,510102.1,,7.3,,,,,,,,
gemm_3010,gemm,vitis,csynth,,82,80,7567,15222,1824,2520,548160,274080,4.4956,3.1746,1.3804,5.5539,84229,614871.7,,7.3,,,,,,,,
gemm_3011,gemm,vitis,csynth,,82,80,4800,10834,1824,2520,548160,274080,4.4956,3.1746,0.8757,3.9529,52568,383746.39999999997,,7.3,,,,,,,,
gemm_3012,gemm,vitis,csynth,,82,80,5981,10108,1824,2520,548160,274080,4.4956,3.1746,1.0911,3.688,66920,488516.0,,7.3,,,,,,,,
gemm_3013,gemm,vitis,csynth,,82,80,6491,16190,1824,2520,548160,274080,4.4956,3.1746,1.1841,5.907,69886,510167.8,,7.3,,,,,,,,
gemm_3014,gemm,vitis,csynth,,82,80,7672,15292,1824,2520,548160,274080,4.4956,3.1746,1.3996,5.5794,84238,614937.4,,7.3,,,,,,,,
gemm_3015,gemm,vitis,csynth,,82,80,4903,10950,1824,2520,548160,274080,4.4956,3.1746,0.8944,3.9952,52575,383797.5,,7.3,,,,,,,,
gemm_3016,gemm,vitis,csynth,,82,80,6084,10216,1824,2520,548160,274080,4.4956,3.1746,1.1099,3.7274,66927,488567.1,,7.3,,,,,,,,
gemm_3017,gemm,vitis,csynth,,35,24,6135,12469,1824,2520,548160,274080,1.9189,0.9524,1.1192,4.5494,84229,614871.7,,7.3,,,,,,,,
gemm_3018,gemm,vitis,csynth,,35,24,5326,11503,1824,2520,548160,274080,1.9189,0.9524,0.9716,4.1969,68972,503495.6,,7.3,,,,,,,,
gemm_3019,gemm,vitis,csynth,,35,24,4547,7189,1824,2520,548160,274080,1.9189,0.9524,0.8295,2.623,50531,368876.3,,7.3,,,,,,,,
gemm_3020,gemm,vitis,csynth,,35,24,3674,6253,1824,2520,548160,274080,1.9189,0.9524,0.6702,2.2815,35274,257500.19999999998,,7.3,,,,,,,,
gemm_3021,gemm,vitis,csynth,,35,24,6240,12539,1824,2520,548160,274080,1.9189,0.9524,1.1384,4.5749,84238,614937.4,,7.3,,,,,,,,
gemm_3022,gemm,vitis,csynth,,35,24,5431,11613,1824,2520,548160,274080,1.9189,0.9524,0.9908,4.2371,68981,503561.3,,7.3,,,,,,,,
gemm_3023,gemm,vitis,csynth,,35,24,4652,7321,1824,2520,548160,274080,1.9189,0.9524,0.8487,2.6711,50540,368942.0,,7.3,,,,,,,,
gemm_3024,gemm,vitis,csynth,,35,24,3777,6311,1824,2520,548160,274080,1.9189,0.9524,0.689,2.3026,35281,257551.3,,7.3,,,,,,,,
gemm_3025,gemm,vitis,csynth,,130,136,5668,14994,1824,2520,548160,274080,7.1272,5.3968,1.034,5.4707,39157,285846.1,,7.3,,,,,,,,
gemm_3026,gemm,vitis,csynth,,130,136,6849,14100,1824,2520,548160,274080,7.1272,5.3968,1.2495,5.1445,53509,390615.7,,7.3,,,,,,,,
gemm_3027,gemm,vitis,csynth,,130,136,6721,14364,1824,2520,548160,274080,7.1272,5.3968,1.2261,5.2408,53509,390615.7,,7.3,,,,,,,,
gemm_3028,gemm,vitis,csynth,,130,136,8030,13526,1824,2520,548160,274080,7.1272,5.3968,1.4649,4.9351,67861,495385.3,,7.3,,,,,,,,
gemm_3029,gemm,vitis,csynth,,130,136,5773,15068,1824,2520,548160,274080,7.1272,5.3968,1.0532,5.4977,39166,285911.8,,7.3,,,,,,,,
gemm_3030,gemm,vitis,csynth,,130,136,6954,14170,1824,2520,548160,274080,7.1272,5.3968,1.2686,5.17,53518,390681.39999999997,,7.3,,,,,,,,
gemm_3031,gemm,vitis,csynth,,130,136,6826,14434,1824,2520,548160,274080,7.1272,5.3968,1.2453,5.2663,53518,390681.39999999997,,7.3,,,,,,,,
gemm_3032,gemm,vitis,csynth,,130,136,8135,13592,1824,2520,548160,274080,7.1272,5.3968,1.4841,4.9591,67870,495451.0,,7.3,,,,,,,,
gemm_3033,gemm,vitis,csynth,,194,584,17145,41385,1824,2520,548160,274080,10.636,23.1746,3.1277,15.0996,415401,3032427.3,,7.3,,,,,,,,
gemm_3034,gemm,vitis,csynth,,194,584,23745,35524,1824,2520,548160,274080,10.636,23.1746,4.3318,12.9612,2252457,16442936.1,,7.3,,,,,,,,
gemm_3035,gemm,vitis,csynth,,194,584,18326,40652,1824,2520,548160,274080,10.636,23.1746,3.3432,14.8322,429753,3137196.9,,7.3,,,,,,,,
gemm_3036,gemm,vitis,csynth,,194,584,18323,40652,1824,2520,548160,274080,10.636,23.1746,3.3426,14.8322,429753,3137196.9,,7.3,,,,,,,,
gemm_3037,gemm,vitis,csynth,,194,584,23742,35524,1824,2520,548160,274080,10.636,23.1746,4.3312,12.9612,2252457,16442936.1,,7.3,,,,,,,,
gemm_3038,gemm,vitis,csynth,,194,584,18323,40652,1824,2520,548160,274080,10.636,23.1746,3.3426,14.8322,429753,3137196.9,,7.3,,,,,,,,
gemm_3039,gemm,vitis,csynth,,194,584,17250,41469,1824,2520,548160,274080,10.636,23.1746,3.1469,15.1303,415410,3032493.0,,7.3,,,,,,,,
gemm_3040,gemm,vitis,csynth,,194,584,23850,35608,1824,2520,548160,274080,10.636,23.1746,4.3509,12.9918,2252466,16443001.799999999,,7.3,,,,,,,,
gemm_3041,gemm,vitis,csynth,,194,584,18431,40736,1824,2520,548160,274080,10.636,23.1746,3.3623,14.8628,429762,3137262.6,,7.3,,,,,,,,
gemm_3042,gemm,vitis,csynth,,194,584,18428,40736,1824,2520,548160,274080,10.636,23.1746,3.3618,14.8628,429762,3137262.6,,7.3,,,,,,,,
gemm_3043,gemm,vitis,csynth,,194,584,23847,35608,1824,2520,548160,274080,10.636,23.1746,4.3504,12.9918,2252466,16443001.799999999,,7.3,,,,,,,,
gemm_3044,gemm,vitis,csynth,,194,584,18428,40736,1824,2520,548160,274080,10.636,23.1746,3.3618,14.8628,429762,3137262.6,,7.3,,,,,,,,
gemm_3045,gemm,vitis,csynth,,194,584,18635,41061,1824,2520,548160,274080,10.636,23.1746,3.3996,14.9814,429894,3138226.1999999997,,7.3,,,,,,,,
gemm_3046,gemm,vitis,csynth,,194,584,25235,35200,1824,2520,548160,274080,10.636,23.1746,4.6036,12.843,2266950,16548735.0,,7.3,,,,,,,,
gemm_3047,gemm,vitis,csynth,,194,584,17390,41795,1824,2520,548160,274080,10.636,23.1746,3.1724,15.2492,415542,3033456.6,,7.3,,,,,,,,
gemm_3048,gemm,vitis,csynth,,194,584,17387,41795,1824,2520,548160,274080,10.636,23.1746,3.1719,15.2492,415542,3033456.6,,7.3,,,,,,,,
gemm_3049,gemm,vitis,csynth,,194,584,25232,35200,1824,2520,548160,274080,10.636,23.1746,4.603,12.843,2266950,16548735.0,,7.3,,,,,,,,
gemm_3050,gemm,vitis,csynth,,194,584,17387,41795,1824,2520,548160,274080,10.636,23.1746,3.1719,15.2492,415542,3033456.6,,7.3,,,,,,,,
gemm_3051,gemm,vitis,csynth,,194,584,18676,41145,1824,2520,548160,274080,10.636,23.1746,3.407,15.012,429903,3138291.9,,7.3,,,,,,,,
gemm_3052,gemm,vitis,csynth,,194,584,25276,35284,1824,2520,548160,274080,10.636,23.1746,4.6111,12.8736,2266959,16548800.7,,7.3,,,,,,,,
gemm_3053,gemm,vitis,csynth,,194,584,17495,41878,1824,2520,548160,274080,10.636,23.1746,3.1916,15.2795,415551,3033522.3,,7.3,,,,,,,,
gemm_3054,gemm,vitis,csynth,,194,584,17492,41878,1824,2520,548160,274080,10.636,23.1746,3.191,15.2795,415551,3033522.3,,7.3,,,,,,,,
gemm_3055,gemm,vitis,csynth,,194,584,25273,35284,1824,2520,548160,274080,10.636,23.1746,4.6105,12.8736,2266959,16548800.7,,7.3,,,,,,,,
gemm_3056,gemm,vitis,csynth,,194,584,17492,41878,1824,2520,548160,274080,10.636,23.1746,3.191,15.2795,415551,3033522.3,,7.3,,,,,,,,
gemm_3057,gemm,vitis,csynth,,130,136,5668,14994,1824,2520,548160,274080,7.1272,5.3968,1.034,5.4707,39157,285846.1,,7.3,,,,,,,,
gemm_3058,gemm,vitis,csynth,,130,136,6849,14100,1824,2520,548160,274080,7.1272,5.3968,1.2495,5.1445,53509,390615.7,,7.3,,,,,,,,
gemm_3059,gemm,vitis,csynth,,130,136,6721,14364,1824,2520,548160,274080,7.1272,5.3968,1.2261,5.2408,53509,390615.7,,7.3,,,,,,,,
gemm_3060,gemm,vitis,csynth,,130,136,8030,13526,1824,2520,548160,274080,7.1272,5.3968,1.4649,4.9351,67861,495385.3,,7.3,,,,,,,,
gemm_3061,gemm,vitis,csynth,,130,136,5773,15068,1824,2520,548160,274080,7.1272,5.3968,1.0532,5.4977,39166,285911.8,,7.3,,,,,,,,
gemm_3062,gemm,vitis,csynth,,130,136,6954,14170,1824,2520,548160,274080,7.1272,5.3968,1.2686,5.17,53518,390681.39999999997,,7.3,,,,,,,,
gemm_3063,gemm,vitis,csynth,,130,136,6826,14434,1824,2520,548160,274080,7.1272,5.3968,1.2453,5.2663,53518,390681.39999999997,,7.3,,,,,,,,
gemm_3064,gemm,vitis,csynth,,130,136,8135,13592,1824,2520,548160,274080,7.1272,5.3968,1.4841,4.9591,67870,495451.0,,7.3,,,,,,,,
gemm_3065,gemm,vitis,csynth,,130,136,6849,14260,1824,2520,548160,274080,7.1272,5.3968,1.2495,5.2029,53509,390615.7,,7.3,,,,,,,,
gemm_3066,gemm,vitis,csynth,,130,136,5668,14994,1824,2520,548160,274080,7.1272,5.3968,1.034,5.4707,39157,285846.1,,7.3,,,,,,,,
gemm_3067,gemm,vitis,csynth,,130,136,8030,13526,1824,2520,548160,274080,7.1272,5.3968,1.4649,4.9351,67861,495385.3,,7.3,,,,,,,,
gemm_3068,gemm,vitis,csynth,,130,136,6849,14260,1824,2520,548160,274080,7.1272,5.3968,1.2495,5.2029,53509,390615.7,,7.3,,,,,,,,
gemm_3069,gemm,vitis,csynth,,130,136,6954,14330,1824,2520,548160,274080,7.1272,5.3968,1.2686,5.2284,53518,390681.39999999997,,7.3,,,,,,,,
gemm_3070,gemm,vitis,csynth,,130,136,5773,15068,1824,2520,548160,274080,7.1272,5.3968,1.0532,5.4977,39166,285911.8,,7.3,,,,,,,,
gemm_3071,gemm,vitis,csynth,,130,136,8135,13592,1824,2520,548160,274080,7.1272,5.3968,1.4841,4.9591,67870,495451.0,,7.3,,,,,,,,
gemm_3072,gemm,vitis,csynth,,130,136,6954,14330,1824,2520,548160,274080,7.1272,5.3968,1.2686,5.2284,53518,390681.39999999997,,7.3,,,,,,,,
