design,domain,tool,flow,datatype,bram,dsp,ff,lut,bram_avail,dsp_avail,ff_avail,lut_avail,bram_util,dsp_util,ff_util,lut_util,cycles,latency_ns,ii,target_clock_ns,achieved_clock_ns,fmax_mhz,power_w,power_dyn_w,power_static_w,timing_met,throughput,notes
gemm_0001,gemm,vitis,impl,"ap_fixed<16,5>",10,3,3143,2155,1824,2520,548160,274080,0.5482,0.119,0.5734,0.7863,12485,124850.0,12486,10.0,2.91,343.643,0.647,0.027,0.62,True,8009.611533840609,
gemm_0002,gemm,vitis,impl,"ap_fixed<16,5>",10,3,3181,2183,1824,2520,548160,274080,0.5482,0.119,0.5803,0.7965,12485,124850.0,12486,10.0,3.134,319.081,0.648,0.027,0.62,True,8009.611533840609,
gemm_0003,gemm,vitis,impl,"ap_fixed<16,5>",10,3,3181,2186,1824,2520,548160,274080,0.5482,0.119,0.5803,0.7976,12485,124850.0,12486,10.0,2.724,367.107,0.648,0.027,0.62,True,8009.611533840609,
gemm_0004,gemm,vitis,impl,"ap_fixed<16,5>",10,3,3219,2212,1824,2520,548160,274080,0.5482,0.119,0.5872,0.8071,12485,124850.0,12486,10.0,2.967,337.041,0.648,0.028,0.62,True,8009.611533840609,
gemm_0005,gemm,vitis,impl,"ap_fixed<16,5>",10,3,3257,2186,1824,2520,548160,274080,0.5482,0.119,0.5942,0.7976,12494,124940.0,12495,10.0,3.101,322.477,0.65,0.03,0.62,True,8003.841844085161,
gemm_0006,gemm,vitis,impl,"ap_fixed<16,5>",10,3,3295,2213,1824,2520,548160,274080,0.5482,0.119,0.6011,0.8074,12494,124940.0,12495,10.0,2.842,351.865,0.65,0.03,0.62,True,8003.841844085161,
gemm_0007,gemm,vitis,impl,"ap_fixed<16,5>",10,3,3295,2218,1824,2520,548160,274080,0.5482,0.119,0.6011,0.8093,12494,124940.0,12495,10.0,2.716,368.189,0.65,0.03,0.62,True,8003.841844085161,
gemm_0008,gemm,vitis,impl,"ap_fixed<16,5>",10,3,3333,2244,1824,2520,548160,274080,0.5482,0.119,0.608,0.8187,12494,124940.0,12495,10.0,2.904,344.353,0.651,0.03,0.62,True,8003.841844085161,
gemm_0009,gemm,vitis,impl,"ap_fixed<16,5>",14,3,3104,2077,1824,2520,548160,274080,0.7675,0.119,0.5663,0.7578,278657,2786570.0,278658,10.0,2.99,334.448,0.651,0.03,0.62,True,358.8641232770036,
gemm_0010,gemm,vitis,impl,"ap_fixed<16,5>",14,3,3123,2100,1824,2520,548160,274080,0.7675,0.119,0.5697,0.7662,278657,2786570.0,278658,10.0,3.258,306.937,0.651,0.031,0.62,True,358.8641232770036,
gemm_0011,gemm,vitis,impl,"ap_fixed<16,5>",14,3,3142,2103,1824,2520,548160,274080,0.7675,0.119,0.5732,0.7673,278657,2786570.0,278658,10.0,2.967,337.041,0.65,0.03,0.62,True,358.8641232770036,
gemm_0012,gemm,vitis,impl,"ap_fixed<16,5>",14,3,3144,2116,1824,2520,548160,274080,0.7675,0.119,0.5736,0.772,278657,2786570.0,278658,10.0,2.8,357.143,0.651,0.03,0.62,True,358.8641232770036,
gemm_0013,gemm,vitis,impl,"ap_fixed<16,5>",14,3,3124,2109,1824,2520,548160,274080,0.7675,0.119,0.5699,0.7695,278657,2786570.0,278658,10.0,2.967,337.041,0.65,0.03,0.62,True,358.8641232770036,
gemm_0014,gemm,vitis,impl,"ap_fixed<16,5>",14,3,3144,2120,1824,2520,548160,274080,0.7675,0.119,0.5736,0.7735,278657,2786570.0,278658,10.0,2.643,378.358,0.65,0.03,0.62,True,358.8641232770036,
gemm_0015,gemm,vitis,impl,"ap_fixed<16,5>",14,3,3214,2165,1824,2520,548160,274080,0.7675,0.119,0.5863,0.7899,278662,2786620.0,278663,10.0,2.825,353.982,0.653,0.032,0.62,True,358.8576842195922,
gemm_0016,gemm,vitis,impl,"ap_fixed<16,5>",14,3,3233,2193,1824,2520,548160,274080,0.7675,0.119,0.5898,0.8001,278662,2786620.0,278663,10.0,3.38,295.858,0.653,0.033,0.62,True,358.8576842195922,
gemm_0017,gemm,vitis,impl,"ap_fixed<16,5>",14,3,3252,2191,1824,2520,548160,274080,0.7675,0.119,0.5933,0.7994,278662,2786620.0,278663,10.0,3.278,305.064,0.653,0.033,0.62,True,358.8576842195922,
gemm_0018,gemm,vitis,impl,"ap_fixed<16,5>",14,3,3254,2203,1824,2520,548160,274080,0.7675,0.119,0.5936,0.8038,278662,2786620.0,278663,10.0,2.771,360.881,0.654,0.033,0.62,True,358.8576842195922,
gemm_0019,gemm,vitis,impl,"ap_fixed<16,5>",14,3,3234,2199,1824,2520,548160,274080,0.7675,0.119,0.59,0.8023,278662,2786620.0,278663,10.0,3.112,321.337,0.653,0.033,0.62,True,358.8576842195922,
gemm_0020,gemm,vitis,impl,"ap_fixed<16,5>",14,3,3254,2209,1824,2520,548160,274080,0.7675,0.119,0.5936,0.806,278662,2786620.0,278663,10.0,3.228,309.789,0.653,0.033,0.62,True,358.8576842195922,
gemm_0021,gemm,vitis,impl,"ap_fixed<16,5>",14,3,3253,2204,1824,2520,548160,274080,0.7675,0.119,0.5934,0.8041,278665,2786650.0,278666,10.0,2.738,365.23,0.652,0.031,0.62,True,358.853820896058,
gemm_0022,gemm,vitis,impl,"ap_fixed<16,5>",14,3,3272,2228,1824,2520,548160,274080,0.7675,0.119,0.5969,0.8129,278665,2786650.0,278666,10.0,3.053,327.547,0.652,0.032,0.62,True,358.853820896058,
gemm_0023,gemm,vitis,impl,"ap_fixed<16,5>",14,3,3217,2179,1824,2520,548160,274080,0.7675,0.119,0.5869,0.795,278665,2786650.0,278666,10.0,3.121,320.41,0.652,0.032,0.62,True,358.853820896058,
gemm_0024,gemm,vitis,impl,"ap_fixed<16,5>",14,3,3219,2196,1824,2520,548160,274080,0.7675,0.119,0.5872,0.8012,278665,2786650.0,278666,10.0,2.883,346.861,0.652,0.032,0.62,True,358.853820896058,
gemm_0025,gemm,vitis,impl,"ap_fixed<16,5>",14,3,3273,2242,1824,2520,548160,274080,0.7675,0.119,0.5971,0.818,278665,2786650.0,278666,10.0,3.194,313.087,0.653,0.032,0.62,True,358.853820896058,
gemm_0026,gemm,vitis,impl,"ap_fixed<16,5>",14,3,3219,2194,1824,2520,548160,274080,0.7675,0.119,0.5872,0.8005,278665,2786650.0,278666,10.0,2.935,340.716,0.652,0.031,0.62,True,358.853820896058,
gemm_0027,gemm,vitis,impl,"ap_fixed<16,5>",14,3,3365,2226,1824,2520,548160,274080,0.7675,0.119,0.6139,0.8122,278672,2786720.0,278673,10.0,3.554,281.373,0.652,0.032,0.62,True,358.84480679795604,
gemm_0028,gemm,vitis,impl,"ap_fixed<16,5>",14,3,3384,2253,1824,2520,548160,274080,0.7675,0.119,0.6173,0.822,278672,2786720.0,278673,10.0,3.405,293.686,0.651,0.031,0.62,True,358.84480679795604,
gemm_0029,gemm,vitis,impl,"ap_fixed<16,5>",14,3,3329,2209,1824,2520,548160,274080,0.7675,0.119,0.6073,0.806,278672,2786720.0,278673,10.0,3.392,294.811,0.651,0.031,0.62,True,358.84480679795604,
gemm_0030,gemm,vitis,impl,"ap_fixed<16,5>",14,3,3331,2222,1824,2520,548160,274080,0.7675,0.119,0.6077,0.8107,278672,2786720.0,278673,10.0,3.719,268.889,0.652,0.032,0.62,True,358.84480679795604,
gemm_0031,gemm,vitis,impl,"ap_fixed<16,5>",14,3,3385,2260,1824,2520,548160,274080,0.7675,0.119,0.6175,0.8246,278672,2786720.0,278673,10.0,3.126,319.898,0.652,0.032,0.62,True,358.84480679795604,
gemm_0032,gemm,vitis,impl,"ap_fixed<16,5>",14,3,3331,2221,1824,2520,548160,274080,0.7675,0.119,0.6077,0.8103,278672,2786720.0,278673,10.0,3.352,298.329,0.652,0.032,0.62,True,358.84480679795604,
gemm_0033,gemm,vitis,impl,"ap_fixed<16,5>",10,3,3147,2157,1824,2520,548160,274080,0.5482,0.119,0.5741,0.787,16655,166550.0,16656,10.0,3.288,304.136,0.65,0.029,0.62,True,6004.202942059442,
gemm_0034,gemm,vitis,impl,"ap_fixed<16,5>",10,3,3185,2181,1824,2520,548160,274080,0.5482,0.119,0.581,0.7958,16655,166550.0,16656,10.0,2.993,334.113,0.65,0.03,0.62,True,6004.202942059442,
gemm_0035,gemm,vitis,impl,"ap_fixed<16,5>",10,3,3185,2185,1824,2520,548160,274080,0.5482,0.119,0.581,0.7972,16655,166550.0,16656,10.0,2.799,357.27,0.65,0.03,0.62,True,6004.202942059442,
gemm_0036,gemm,vitis,impl,"ap_fixed<16,5>",10,3,3223,2215,1824,2520,548160,274080,0.5482,0.119,0.588,0.8082,16655,166550.0,16656,10.0,2.97,336.7,0.65,0.03,0.62,True,6004.202942059442,
gemm_0037,gemm,vitis,impl,"ap_fixed<16,5>",10,3,3257,2185,1824,2520,548160,274080,0.5482,0.119,0.5942,0.7972,16660,166600.0,16661,10.0,2.91,343.643,0.649,0.029,0.62,True,6002.400960384153,
gemm_0038,gemm,vitis,impl,"ap_fixed<16,5>",10,3,3295,2216,1824,2520,548160,274080,0.5482,0.119,0.6011,0.8085,16660,166600.0,16661,10.0,2.958,338.066,0.65,0.029,0.62,True,6002.400960384153,
gemm_0039,gemm,vitis,impl,"ap_fixed<16,5>",10,3,3295,2219,1824,2520,548160,274080,0.5482,0.119,0.6011,0.8096,16660,166600.0,16661,10.0,2.889,346.141,0.65,0.029,0.62,True,6002.400960384153,
gemm_0040,gemm,vitis,impl,"ap_fixed<16,5>",10,3,3333,2241,1824,2520,548160,274080,0.5482,0.119,0.608,0.8176,16660,166600.0,16661,10.0,2.741,364.83,0.65,0.03,0.62,True,6002.400960384153,
gemm_0041,gemm,vitis,impl,"ap_fixed<16,5>",10,3,3182,2175,1824,2520,548160,274080,0.5482,0.119,0.5805,0.7936,12554,125540.0,12555,10.0,3.082,324.465,0.65,0.029,0.62,True,7965.588657001753,
gemm_0042,gemm,vitis,impl,"ap_fixed<16,5>",10,3,3146,2154,1824,2520,548160,274080,0.5482,0.119,0.5739,0.7859,12554,125540.0,12555,10.0,2.803,356.761,0.65,0.029,0.62,True,7965.588657001753,
gemm_0043,gemm,vitis,impl,"ap_fixed<16,5>",10,3,3220,2206,1824,2520,548160,274080,0.5482,0.119,0.5874,0.8049,12554,125540.0,12555,10.0,2.864,349.162,0.65,0.03,0.62,True,7965.588657001753,
gemm_0044,gemm,vitis,impl,"ap_fixed<16,5>",10,3,3184,2186,1824,2520,548160,274080,0.5482,0.119,0.5809,0.7976,12554,125540.0,12555,10.0,3.255,307.22,0.65,0.03,0.62,True,7965.588657001753,
gemm_0045,gemm,vitis,impl,"ap_fixed<16,5>",10,3,3294,2206,1824,2520,548160,274080,0.5482,0.119,0.6009,0.8049,12561,125610.0,12562,10.0,3.127,319.795,0.65,0.03,0.62,True,7961.149590000796,
gemm_0046,gemm,vitis,impl,"ap_fixed<16,5>",10,3,3258,2188,1824,2520,548160,274080,0.5482,0.119,0.5944,0.7983,12561,125610.0,12562,10.0,2.759,362.45,0.65,0.03,0.62,True,7961.149590000796,
gemm_0047,gemm,vitis,impl,"ap_fixed<16,5>",10,3,3332,2234,1824,2520,548160,274080,0.5482,0.119,0.6079,0.8151,12561,125610.0,12562,10.0,3.096,322.997,0.65,0.03,0.62,True,7961.149590000796,
gemm_0048,gemm,vitis,impl,"ap_fixed<16,5>",10,3,3296,2213,1824,2520,548160,274080,0.5482,0.119,0.6013,0.8074,12561,125610.0,12562,10.0,2.886,346.5,0.65,0.03,0.62,True,7961.149590000796,
gemm_0059,gemm,vitis,impl,"ap_fixed<16,5>",22,24,3812,2867,1824,2520,548160,274080,1.2061,0.9524,0.6954,1.046,46154,461540.0,46155,10.0,3.011,332.116,0.675,0.055,0.621,True,2166.6594444685184,
gemm_0060,gemm,vitis,impl,"ap_fixed<16,5>",22,24,4161,3096,1824,2520,548160,274080,1.2061,0.9524,0.7591,1.1296,304945,3049450.0,304946,10.0,3.279,304.971,0.682,0.062,0.621,True,327.9279870140517,
gemm_0065,gemm,vitis,impl,"ap_fixed<16,5>",22,24,3924,2961,1824,2520,548160,274080,1.2061,0.9524,0.7158,1.0803,46161,461610.0,46162,10.0,3.546,282.008,0.679,0.059,0.621,True,2166.330885379433,
gemm_0068,gemm,vitis,impl,"ap_fixed<16,5>",22,24,4403,3527,1824,2520,548160,274080,1.2061,0.9524,0.8032,1.2869,276090,2760900.0,276091,10.0,3.867,258.598,0.686,0.065,0.621,True,362.2007316454779,
gemm_0078,gemm,vitis,impl,"ap_fixed<16,5>",22,17,4185,2740,1824,2520,548160,274080,1.2061,0.6746,0.7635,0.9997,305079,3050790.0,305080,10.0,3.378,296.033,0.67,0.05,0.621,True,327.7839510421891,
gemm_0080,gemm,vitis,impl,"ap_fixed<16,5>",22,17,4313,3069,1824,2520,548160,274080,1.2061,0.6746,0.7868,1.1197,276215,2762150.0,276216,10.0,3.26,306.748,0.675,0.054,0.621,True,362.036819144507,
gemm_0082,gemm,vitis,impl,"ap_fixed<16,5>",14,10,3295,2344,1824,2520,548160,274080,0.7675,0.3968,0.6011,0.8552,13071,130710.0,13072,10.0,2.9,344.828,0.657,0.037,0.62,True,7650.524060898171,
gemm_0092,gemm,vitis,impl,"ap_fixed<16,5>",18,17,4261,2946,1824,2520,548160,274080,0.9868,0.6746,0.7773,1.0749,17629,176290.0,17630,10.0,3.785,264.201,0.67,0.05,0.62,True,5672.471495830733,
gemm_0093,gemm,vitis,impl,"ap_fixed<16,5>",18,17,3518,2408,1824,2520,548160,274080,0.9868,0.6746,0.6418,0.8786,12559,125590.0,12560,10.0,3.333,300.03,0.666,0.045,0.62,True,7962.417389919579,
gemm_0099,gemm,vitis,impl,"ap_fixed<16,5>",18,17,4005,2897,1824,2520,548160,274080,0.9868,0.6746,0.7306,1.057,17629,176290.0,17630,10.0,3.471,288.101,0.67,0.05,0.62,True,5672.471495830733,
gemm_0101,gemm,vitis,impl,"ap_fixed<16,5>",18,17,3772,2574,1824,2520,548160,274080,0.9868,0.6746,0.6881,0.9391,13010,130100.0,13011,10.0,4.173,239.636,0.67,0.05,0.62,True,7686.395080707149,
gemm_0102,gemm,vitis,impl,"ap_fixed<16,5>",18,17,3388,2335,1824,2520,548160,274080,0.9868,0.6746,0.6181,0.8519,12492,124920.0,12493,10.0,3.178,314.663,0.664,0.043,0.62,True,8005.123278898495,
gemm_0106,gemm,vitis,impl,"ap_fixed<16,5>",22,10,3111,2096,1824,2520,548160,274080,1.2061,0.3968,0.5675,0.7647,278657,2786570.0,278658,10.0,3.075,325.203,0.654,0.034,0.62,True,358.8641232770036,
gemm_0111,gemm,vitis,impl,"ap_fixed<16,5>",22,10,3652,2470,1824,2520,548160,274080,1.2061,0.3968,0.6662,0.9012,308039,3080390.0,308040,10.0,3.175,314.961,0.66,0.04,0.62,True,324.63421839442407,
gemm_0115,gemm,vitis,impl,"ap_fixed<16,5>",22,10,3222,2201,1824,2520,548160,274080,1.2061,0.3968,0.5878,0.8031,278662,2786620.0,278663,10.0,2.974,336.247,0.657,0.037,0.62,True,358.8576842195922,
gemm_0116,gemm,vitis,impl,"ap_fixed<16,5>",22,10,3592,2440,1824,2520,548160,274080,1.2061,0.3968,0.6553,0.8903,308039,3080390.0,308040,10.0,2.982,335.345,0.659,0.039,0.62,True,324.63421839442407,
gemm_0122,gemm,vitis,impl,"ap_fixed<16,5>",22,10,3555,2440,1824,2520,548160,274080,1.2061,0.3968,0.6485,0.8903,308107,3081070.0,308108,10.0,3.209,311.624,0.657,0.036,0.62,True,324.5625707952108,
gemm_0134,gemm,vitis,impl,"ap_fixed<16,5>",18,17,4378,3012,1824,2520,548160,274080,0.9868,0.6746,0.7987,1.0989,17582,175820.0,17583,10.0,3.679,271.813,0.677,0.057,0.621,True,5687.635081333182,
gemm_0136,gemm,vitis,impl,"ap_fixed<16,5>",18,17,3992,2751,1824,2520,548160,274080,0.9868,0.6746,0.7283,1.0037,17119,171190.0,17120,10.0,4.169,239.866,0.668,0.047,0.62,True,5841.462702260646,
gemm_0142,gemm,vitis,impl,"ap_fixed<16,5>",14,10,3368,2354,1824,2520,548160,274080,0.7675,0.3968,0.6144,0.8589,8977,89770.0,8978,10.0,3.042,328.731,0.657,0.037,0.62,True,11139.578923916675,
gemm_0151,gemm,vitis,impl,"ap_fixed<16,5>",10,80,4235,4544,1824,2520,548160,274080,0.5482,3.1746,0.7726,1.6579,13998,139980.0,13999,10.0,4.392,227.687,0.738,0.117,0.621,True,7143.877696813831,
gemm_0152,gemm,vitis,impl,"ap_fixed<16,5>",10,80,5483,4291,1824,2520,548160,274080,0.5482,3.1746,1.0003,1.5656,17590,175900.0,17591,10.0,3.791,263.783,0.717,0.096,0.621,True,5685.048322910745,
gemm_0153,gemm,vitis,impl,"ap_fixed<16,5>",18,80,3546,3974,1824,2520,548160,274080,0.9868,3.1746,0.6469,1.4499,71430,714300.0,71431,10.0,3.68,271.739,0.7,0.08,0.621,True,1399.9720005599888,
gemm_0155,gemm,vitis,impl,"ap_fixed<16,5>",18,80,4269,4688,1824,2520,548160,274080,0.9868,3.1746,0.7788,1.7104,46607,466070.0,46608,10.0,3.818,261.917,0.722,0.101,0.621,True,2145.6004462848928,
gemm_0157,gemm,vitis,impl,"ap_fixed<16,5>",18,80,4969,4103,1824,2520,548160,274080,0.9868,3.1746,0.9065,1.497,272040,2720400.0,272041,10.0,3.384,295.508,0.712,0.091,0.621,True,367.5930010292604,
gemm_0160,gemm,vitis,impl,"ap_fixed<16,5>",18,80,4881,3903,1824,2520,548160,274080,0.9868,3.1746,0.8904,1.424,301327,3013270.0,301328,10.0,3.298,303.214,0.72,0.099,0.621,True,331.86538212639425,
gemm_0169,gemm,vitis,impl,"ap_fixed<16,5>",18,73,5008,4037,1824,2520,548160,274080,0.9868,2.8968,0.9136,1.4729,275757,2757570.0,275758,10.0,3.601,277.701,0.702,0.082,0.621,True,362.6381197938765,
gemm_0170,gemm,vitis,impl,"ap_fixed<16,5>",18,73,8516,6030,1824,2520,548160,274080,0.9868,2.8968,1.5536,2.2001,305014,3050140.0,305015,10.0,4.321,231.428,0.726,0.105,0.621,True,327.85380343197363,
gemm_0172,gemm,vitis,impl,"ap_fixed<16,5>",18,73,4921,3789,1824,2520,548160,274080,0.9868,2.8968,0.8977,1.3824,305044,3050440.0,305045,10.0,3.395,294.551,0.712,0.091,0.621,True,327.82156016836916,
gemm_0183,gemm,vitis,impl,"ap_fixed<16,5>",10,73,5076,3990,1824,2520,548160,274080,0.5482,2.8968,0.926,1.4558,13549,135490.0,13550,10.0,3.378,296.033,0.719,0.098,0.621,True,7380.618495829951,
gemm_0196,gemm,vitis,impl,"ap_fixed<16,5>",14,10,3333,2256,1824,2520,548160,274080,0.7675,0.3968,0.608,0.8231,12485,124850.0,12486,10.0,2.846,351.37,0.654,0.033,0.62,True,8009.611533840609,
gemm_0200,gemm,vitis,impl,"ap_fixed<16,5>",14,10,3447,2284,1824,2520,548160,274080,0.7675,0.3968,0.6288,0.8333,12494,124940.0,12495,10.0,2.937,340.483,0.656,0.035,0.62,True,8003.841844085161,
gemm_0205,gemm,vitis,impl,"ap_fixed<16,5>",22,17,4089,2827,1824,2520,548160,274080,1.2061,0.6746,0.746,1.0315,305407,3054070.0,305408,10.0,3.402,293.945,0.672,0.052,0.621,True,327.4319187183005,
gemm_0209,gemm,vitis,impl,"ap_fixed<16,5>",22,17,3836,2654,1824,2520,548160,274080,1.2061,0.6746,0.6998,0.9683,304553,3045530.0,304554,10.0,2.798,357.398,0.668,0.047,0.62,True,328.35007371459153,
gemm_0218,gemm,vitis,impl,"ap_fixed<16,5>",22,24,3398,2417,1824,2520,548160,274080,1.2061,0.9524,0.6199,0.8819,42121,421210.0,42122,10.0,3.259,306.843,0.672,0.051,0.621,True,2374.1126753875737,
gemm_0226,gemm,vitis,impl,"ap_fixed<16,5>",14,17,3686,2501,1824,2520,548160,274080,0.7675,0.6746,0.6724,0.9125,20751,207510.0,20752,10.0,3.458,289.184,0.663,0.043,0.62,True,4819.044865307696,
gemm_0229,gemm,vitis,impl,"ap_fixed<16,5>",14,17,4436,3362,1824,2520,548160,274080,0.7675,0.6746,0.8093,1.2266,25303,253030.0,25304,10.0,3.749,266.738,0.684,0.063,0.621,True,3952.100541437774,
gemm_0233,gemm,vitis,impl,"ap_fixed<16,5>",14,17,4378,3310,1824,2520,548160,274080,0.7675,0.6746,0.7987,1.2077,21268,212680.0,21269,10.0,3.638,274.876,0.679,0.058,0.621,True,4701.89956742524,
gemm_0238,gemm,vitis,impl,"ap_fixed<16,5>",14,17,4505,3360,1824,2520,548160,274080,0.7675,0.6746,0.8218,1.2259,25373,253730.0,25374,10.0,4.329,231.0,0.683,0.062,0.621,True,3941.197335750601,
gemm_0246,gemm,vitis,impl,"ap_fixed<16,5>",18,24,4492,3030,1824,2520,548160,274080,0.9868,0.9524,0.8195,1.1055,17582,175820.0,17583,10.0,4.206,237.756,0.68,0.059,0.621,True,5687.635081333182,
gemm_0247,gemm,vitis,impl,"ap_fixed<16,5>",18,24,3615,2451,1824,2520,548160,274080,0.9868,0.9524,0.6595,0.8943,8910,89100.0,8911,10.0,3.125,320.0,0.67,0.049,0.62,True,11223.34455667789,
gemm_0249,gemm,vitis,impl,"ap_fixed<16,5>",18,136,3972,5726,1824,2520,548160,274080,0.9868,5.3968,0.7246,2.0892,42665,426650.0,42666,10.0,4.906,203.832,0.771,0.15,0.621,True,2343.8415563107933,
gemm_0251,gemm,vitis,impl,"ap_fixed<16,5>",18,136,4977,5630,1824,2520,548160,274080,0.9868,5.3968,0.9079,2.0541,75121,751210.0,75122,10.0,3.898,256.542,0.762,0.141,0.621,True,1331.1856870914924,
gemm_0259,gemm,vitis,impl,"ap_fixed<16,5>",18,136,9029,8179,1824,2520,548160,274080,0.9868,5.3968,1.6471,2.9842,301370,3013700.0,301371,10.0,4.636,215.703,0.795,0.174,0.621,True,331.8180309918041,
gemm_0265,gemm,vitis,impl,"ap_fixed<16,5>",18,136,9403,8023,1824,2520,548160,274080,0.9868,5.3968,1.7154,2.9272,305030,3050300.0,305031,10.0,3.642,274.574,0.797,0.176,0.621,True,327.8366062354522,
gemm_0270,gemm,vitis,impl,"ap_fixed<16,5>",18,136,4217,5678,1824,2520,548160,274080,0.9868,5.3968,0.7693,2.0717,71615,716150.0,71616,10.0,4.308,232.126,0.735,0.115,0.621,True,1396.355512113384,
gemm_0291,gemm,vitis,impl,"ap_fixed<16,5>",10,73,5064,4052,1824,2520,548160,274080,0.5482,2.8968,0.9238,1.4784,17629,176290.0,17630,10.0,3.675,272.109,0.711,0.09,0.621,True,5672.471495830733,
gemm_0295,gemm,vitis,impl,"ap_fixed<16,5>",10,73,5178,4059,1824,2520,548160,274080,0.5482,2.8968,0.9446,1.481,17638,176380.0,17639,10.0,3.71,269.542,0.716,0.096,0.621,True,5669.577049552104,
gemm_0297,gemm,vitis,impl,"ap_fixed<16,5>",18,73,9179,6278,1824,2520,548160,274080,0.9868,2.8968,1.6745,2.2906,304937,3049370.0,304938,10.0,4.062,246.184,0.724,0.103,0.621,True,327.9365901809226,
gemm_0299,gemm,vitis,impl,"ap_fixed<16,5>",18,73,8891,6113,1824,2520,548160,274080,0.9868,2.8968,1.622,2.2304,304488,3044880.0,304489,10.0,3.781,264.48,0.721,0.1,0.621,True,328.42016762565356,
gemm_0301,gemm,vitis,impl,"ap_fixed<16,5>",18,73,5021,3916,1824,2520,548160,274080,0.9868,2.8968,0.916,1.4288,305407,3054070.0,305408,10.0,3.185,313.972,0.709,0.088,0.621,True,327.4319187183005,
gemm_0303,gemm,vitis,impl,"ap_fixed<16,5>",18,73,9308,6418,1824,2520,548160,274080,0.9868,2.8968,1.698,2.3417,304946,3049460.0,304947,10.0,4.783,209.074,0.733,0.112,0.621,True,327.92691164993147,
gemm_0314,gemm,vitis,impl,"ap_fixed<16,5>",18,80,3647,4068,1824,2520,548160,274080,0.9868,3.1746,0.6653,1.4842,71507,715070.0,71508,10.0,4.146,241.196,0.703,0.082,0.621,True,1398.4644859943783,
gemm_0315,gemm,vitis,impl,"ap_fixed<16,5>",18,80,9596,6665,1824,2520,548160,274080,0.9868,3.1746,1.7506,2.4318,304975,3049750.0,304976,10.0,3.98,251.256,0.741,0.12,0.621,True,327.8957291581277,
gemm_0317,gemm,vitis,impl,"ap_fixed<16,5>",18,80,9157,6366,1824,2520,548160,274080,0.9868,3.1746,1.6705,2.3227,300934,3009340.0,300935,10.0,4.075,245.399,0.729,0.108,0.621,True,332.298776475905,
gemm_0319,gemm,vitis,impl,"ap_fixed<16,5>",18,80,5423,4269,1824,2520,548160,274080,0.9868,3.1746,0.9893,1.5576,305445,3054450.0,305446,10.0,3.678,271.887,0.72,0.1,0.621,True,327.39118335543225,
gemm_0322,gemm,vitis,impl,"ap_fixed<16,5>",10,80,5691,4773,1824,2520,548160,274080,0.5482,3.1746,1.0382,1.7415,21669,216690.0,21670,10.0,4.153,240.79,0.713,0.093,0.621,True,4614.8876274862705,
gemm_0333,gemm,vitis,impl,"ap_fixed<16,5>",18,24,4764,3659,1824,2520,548160,274080,0.9868,0.9524,0.8691,1.335,21678,216780.0,21679,10.0,3.852,259.605,0.691,0.07,0.621,True,4612.971676353907,
gemm_0334,gemm,vitis,impl,"ap_fixed<16,5>",18,24,4323,3307,1824,2520,548160,274080,0.9868,0.9524,0.7886,1.2066,17637,176370.0,17638,10.0,3.596,278.087,0.686,0.065,0.621,True,5669.898508816692,
gemm_0346,gemm,vitis,impl,"ap_fixed<16,5>",2,584,10963,10528,1824,2520,548160,274080,0.1096,23.1746,2.0,3.8412,301361,3013610.0,301362,10.0,4.703,212.63,1.088,0.466,0.623,True,331.8279405762524,
gemm_0348,gemm,vitis,impl,"ap_fixed<16,5>",2,584,8560,12370,1824,2520,548160,274080,0.1096,23.1746,1.5616,4.5133,75065,750650.0,75066,10.0,6.045,165.426,1.085,0.462,0.623,True,1332.1787783920602,
gemm_0349,gemm,vitis,impl,"ap_fixed<16,5>",2,584,10971,10724,1824,2520,548160,274080,0.1096,23.1746,2.0014,3.9127,301361,3013610.0,301362,10.0,4.647,215.193,1.104,0.481,0.623,True,331.8279405762524,
gemm_0356,gemm,vitis,impl,"ap_fixed<16,5>",2,584,8707,12803,1824,2520,548160,274080,0.1096,23.1746,1.5884,4.6713,75074,750740.0,75075,10.0,6.201,161.264,1.085,0.462,0.623,True,1332.019074513147,
gemm_0358,gemm,vitis,impl,"ap_fixed<16,5>",2,584,11472,10357,1824,2520,548160,274080,0.1096,23.1746,2.0928,3.7788,305030,3050300.0,305031,10.0,4.631,215.936,1.11,0.487,0.623,True,327.8366062354522,
gemm_0364,gemm,vitis,impl,"ap_fixed<16,5>",2,584,11491,10692,1824,2520,548160,274080,0.1096,23.1746,2.0963,3.9011,305039,3050390.0,305040,10.0,4.519,221.288,1.092,0.469,0.623,True,327.82693360521114,
gemm_0367,gemm,vitis,impl,"ap_fixed<16,5>",2,584,11493,10814,1824,2520,548160,274080,0.1096,23.1746,2.0967,3.9456,305039,3050390.0,305040,10.0,4.911,203.625,1.073,0.451,0.623,True,327.82693360521114,
gemm_0372,gemm,vitis,impl,"ap_fixed<16,5>",2,136,6426,5411,1824,2520,548160,274080,0.1096,5.3968,1.1723,1.9742,17581,175810.0,17582,10.0,3.735,267.738,0.753,0.132,0.621,True,5687.958591661452,
gemm_0375,gemm,vitis,impl,"ap_fixed<16,5>",2,136,5291,5664,1824,2520,548160,274080,0.1096,5.3968,0.9652,2.0665,13998,139980.0,13999,10.0,4.561,219.25,0.77,0.149,0.621,True,7143.877696813831,
gemm_0378,gemm,vitis,impl,"ap_fixed<16,5>",2,136,4231,5966,1824,2520,548160,274080,0.1096,5.3968,0.7719,2.1767,10397,103970.0,10398,10.0,4.058,246.427,0.743,0.122,0.621,True,9618.159084351255,
gemm_0379,gemm,vitis,impl,"ap_fixed<16,5>",2,136,6426,5408,1824,2520,548160,274080,0.1096,5.3968,1.1723,1.9731,17581,175810.0,17582,10.0,3.514,284.576,0.753,0.132,0.621,True,5687.958591661452,
gemm_0385,gemm,vitis,impl,"ap_fixed<16,5>",14,3,3169,2224,1824,2520,548160,274080,0.7675,0.119,0.5781,0.8114,20802,208020.0,20803,10.0,2.976,336.022,0.649,0.029,0.62,True,4807.230074031343,
gemm_0386,gemm,vitis,impl,"ap_fixed<16,5>",14,3,3207,2251,1824,2520,548160,274080,0.7675,0.119,0.585,0.8213,20802,208020.0,20803,10.0,3.671,272.405,0.649,0.029,0.62,True,4807.230074031343,
gemm_0387,gemm,vitis,impl,"ap_fixed<16,5>",14,3,3207,2257,1824,2520,548160,274080,0.7675,0.119,0.585,0.8235,20802,208020.0,20803,10.0,2.987,334.784,0.65,0.029,0.62,True,4807.230074031343,
gemm_0388,gemm,vitis,impl,"ap_fixed<16,5>",14,3,3245,2282,1824,2520,548160,274080,0.7675,0.119,0.592,0.8326,20802,208020.0,20803,10.0,2.925,341.88,0.65,0.029,0.62,True,4807.230074031343,
gemm_0389,gemm,vitis,impl,"ap_fixed<16,5>",14,3,3279,2258,1824,2520,548160,274080,0.7675,0.119,0.5982,0.8238,20811,208110.0,20812,10.0,2.961,337.724,0.652,0.032,0.62,True,4805.151122002787,
gemm_0390,gemm,vitis,impl,"ap_fixed<16,5>",14,3,3317,2283,1824,2520,548160,274080,0.7675,0.119,0.6051,0.833,20811,208110.0,20812,10.0,3.006,332.668,0.652,0.032,0.62,True,4805.151122002787,
gemm_0391,gemm,vitis,impl,"ap_fixed<16,5>",14,3,3317,2286,1824,2520,548160,274080,0.7675,0.119,0.6051,0.8341,20811,208110.0,20812,10.0,3.28,304.878,0.652,0.032,0.62,True,4805.151122002787,
gemm_0392,gemm,vitis,impl,"ap_fixed<16,5>",14,3,3355,2312,1824,2520,548160,274080,0.7675,0.119,0.612,0.8435,20811,208110.0,20812,10.0,2.892,345.781,0.652,0.032,0.62,True,4805.151122002787,
gemm_0393,gemm,vitis,impl,"ap_fixed<16,5>",22,3,3127,2136,1824,2520,548160,274080,1.2061,0.119,0.5705,0.7793,553153,5531530.0,553154,10.0,2.83,353.357,0.654,0.033,0.62,True,180.78180901125006,
gemm_0394,gemm,vitis,impl,"ap_fixed<16,5>",22,3,3146,2155,1824,2520,548160,274080,1.2061,0.119,0.5739,0.7863,553153,5531530.0,553154,10.0,2.868,348.675,0.654,0.033,0.62,True,180.78180901125006,
gemm_0395,gemm,vitis,impl,"ap_fixed<16,5>",22,3,3213,2151,1824,2520,548160,274080,1.2061,0.119,0.5861,0.7848,553726,5537260.0,553727,10.0,3.537,282.725,0.654,0.033,0.62,True,180.5947345799186,
gemm_0396,gemm,vitis,impl,"ap_fixed<16,5>",22,3,3167,2183,1824,2520,548160,274080,1.2061,0.119,0.5778,0.7965,553153,5531530.0,553154,10.0,2.923,342.114,0.654,0.034,0.62,True,180.78180901125006,
gemm_0397,gemm,vitis,impl,"ap_fixed<16,5>",22,3,3146,2175,1824,2520,548160,274080,1.2061,0.119,0.5739,0.7936,553153,5531530.0,553154,10.0,2.796,357.654,0.654,0.034,0.62,True,180.78180901125006,
gemm_0398,gemm,vitis,impl,"ap_fixed<16,5>",22,3,3166,2191,1824,2520,548160,274080,1.2061,0.119,0.5776,0.7994,553153,5531530.0,553154,10.0,3.105,322.061,0.654,0.033,0.62,True,180.78180901125006,
gemm_0399,gemm,vitis,impl,"ap_fixed<16,5>",22,3,3237,2228,1824,2520,548160,274080,1.2061,0.119,0.5905,0.8129,553158,5531580.0,553159,10.0,2.923,342.114,0.653,0.033,0.62,True,180.78017492289726,
gemm_0400,gemm,vitis,impl,"ap_fixed<16,5>",22,3,3256,2243,1824,2520,548160,274080,1.2061,0.119,0.594,0.8184,553158,5531580.0,553159,10.0,3.227,309.885,0.654,0.033,0.62,True,180.78017492289726,
gemm_0401,gemm,vitis,impl,"ap_fixed<16,5>",22,3,3327,2245,1824,2520,548160,274080,1.2061,0.119,0.6069,0.8191,553735,5537350.0,553736,10.0,3.105,322.061,0.653,0.033,0.62,True,180.5917993263926,
gemm_0402,gemm,vitis,impl,"ap_fixed<16,5>",22,3,3277,2272,1824,2520,548160,274080,1.2061,0.119,0.5978,0.829,553158,5531580.0,553159,10.0,2.963,337.496,0.655,0.035,0.62,True,180.78017492289726,
gemm_0403,gemm,vitis,impl,"ap_fixed<16,5>",22,3,3256,2269,1824,2520,548160,274080,1.2061,0.119,0.594,0.8279,553158,5531580.0,553159,10.0,3.099,322.685,0.655,0.035,0.62,True,180.78017492289726,
gemm_0404,gemm,vitis,impl,"ap_fixed<16,5>",22,3,3276,2282,1824,2520,548160,274080,1.2061,0.119,0.5976,0.8326,553158,5531580.0,553159,10.0,2.857,350.018,0.655,0.035,0.62,True,180.78017492289726,
gemm_0405,gemm,vitis,impl,"ap_fixed<16,5>",22,3,3282,2249,1824,2520,548160,274080,1.2061,0.119,0.5987,0.8206,553097,5530970.0,553098,10.0,2.861,349.528,0.654,0.034,0.62,True,180.8001128192704,
gemm_0406,gemm,vitis,impl,"ap_fixed<16,5>",22,3,3301,2268,1824,2520,548160,274080,1.2061,0.119,0.6022,0.8275,553097,5530970.0,553098,10.0,2.946,339.443,0.654,0.034,0.62,True,180.8001128192704,
gemm_0407,gemm,vitis,impl,"ap_fixed<16,5>",22,3,3296,2220,1824,2520,548160,274080,1.2061,0.119,0.6013,0.81,553739,5537390.0,553740,10.0,3.069,325.839,0.653,0.033,0.62,True,180.5904947998967,
gemm_0408,gemm,vitis,impl,"ap_fixed<16,5>",22,3,3248,2249,1824,2520,548160,274080,1.2061,0.119,0.5925,0.8206,553097,5530970.0,553098,10.0,3.153,317.158,0.654,0.033,0.62,True,180.8001128192704,
gemm_0409,gemm,vitis,impl,"ap_fixed<16,5>",22,3,3301,2289,1824,2520,548160,274080,1.2061,0.119,0.6022,0.8352,553097,5530970.0,553098,10.0,3.161,316.356,0.654,0.034,0.62,True,180.8001128192704,
gemm_0410,gemm,vitis,impl,"ap_fixed<16,5>",22,3,3247,2259,1824,2520,548160,274080,1.2061,0.119,0.5923,0.8242,553097,5530970.0,553098,10.0,3.098,322.789,0.654,0.033,0.62,True,180.8001128192704,
gemm_0411,gemm,vitis,impl,"ap_fixed<16,5>",22,3,3390,2284,1824,2520,548160,274080,1.2061,0.119,0.6184,0.8333,553104,5531040.0,553105,10.0,3.119,320.616,0.655,0.034,0.62,True,180.79782464057394,
gemm_0412,gemm,vitis,impl,"ap_fixed<16,5>",22,3,3409,2297,1824,2520,548160,274080,1.2061,0.119,0.6219,0.8381,553104,5531040.0,553105,10.0,3.065,326.264,0.655,0.034,0.62,True,180.79782464057394,
gemm_0413,gemm,vitis,impl,"ap_fixed<16,5>",22,3,3406,2258,1824,2520,548160,274080,1.2061,0.119,0.6214,0.8238,553748,5537480.0,553749,10.0,2.67,374.532,0.654,0.033,0.62,True,180.58755968418848,
gemm_0414,gemm,vitis,impl,"ap_fixed<16,5>",22,3,3356,2283,1824,2520,548160,274080,1.2061,0.119,0.6122,0.833,553104,5531040.0,553105,10.0,2.943,339.789,0.656,0.035,0.62,True,180.79782464057394,
gemm_0415,gemm,vitis,impl,"ap_fixed<16,5>",22,3,3409,2325,1824,2520,548160,274080,1.2061,0.119,0.6219,0.8483,553104,5531040.0,553105,10.0,3.336,299.76,0.656,0.036,0.62,True,180.79782464057394,
gemm_0416,gemm,vitis,impl,"ap_fixed<16,5>",22,3,3355,2293,1824,2520,548160,274080,1.2061,0.119,0.612,0.8366,553104,5531040.0,553105,10.0,2.958,338.066,0.655,0.035,0.62,True,180.79782464057394,
gemm_0417,gemm,vitis,impl,"ap_fixed<16,5>",1,0,1557,1061,1824,2520,548160,274080,0.0548,0.0,0.284,0.3871,12528,125280.0,12529,10.0,2.527,395.726,0.63,0.009,0.62,True,7982.120051085569,
gemm_0418,gemm,vitis,impl,"ap_fixed<16,5>",1,0,1557,1061,1824,2520,548160,274080,0.0548,0.0,0.284,0.3871,12528,125280.0,12529,10.0,2.527,395.726,0.63,0.009,0.62,True,7982.120051085569,
gemm_0419,gemm,vitis,impl,"ap_fixed<16,5>",1,0,1557,1061,1824,2520,548160,274080,0.0548,0.0,0.284,0.3871,12528,125280.0,12529,10.0,2.527,395.726,0.63,0.009,0.62,True,7982.120051085569,
gemm_0420,gemm,vitis,impl,"ap_fixed<16,5>",1,0,1557,1061,1824,2520,548160,274080,0.0548,0.0,0.284,0.3871,12528,125280.0,12529,10.0,2.527,395.726,0.63,0.009,0.62,True,7982.120051085569,
gemm_0421,gemm,vitis,impl,"ap_fixed<16,5>",1,0,1557,1061,1824,2520,548160,274080,0.0548,0.0,0.284,0.3871,12528,125280.0,12529,10.0,2.527,395.726,0.63,0.009,0.62,True,7982.120051085569,
gemm_0422,gemm,vitis,impl,"ap_fixed<16,5>",1,0,1557,1061,1824,2520,548160,274080,0.0548,0.0,0.284,0.3871,12528,125280.0,12529,10.0,2.527,395.726,0.63,0.009,0.62,True,7982.120051085569,
gemm_0423,gemm,vitis,impl,"ap_fixed<16,5>",1,0,1557,1061,1824,2520,548160,274080,0.0548,0.0,0.284,0.3871,12528,125280.0,12529,10.0,2.527,395.726,0.63,0.009,0.62,True,7982.120051085569,
gemm_0424,gemm,vitis,impl,"ap_fixed<16,5>",1,0,1557,1061,1824,2520,548160,274080,0.0548,0.0,0.284,0.3871,12528,125280.0,12529,10.0,2.527,395.726,0.63,0.009,0.62,True,7982.120051085569,
gemm_0425,gemm,vitis,impl,"ap_fixed<16,5>",14,3,3202,2205,1824,2520,548160,274080,0.7675,0.119,0.5841,0.8045,20808,208080.0,20809,10.0,2.866,348.918,0.65,0.03,0.62,True,4805.843906189927,
gemm_0426,gemm,vitis,impl,"ap_fixed<16,5>",14,3,3166,2192,1824,2520,548160,274080,0.7675,0.119,0.5776,0.7998,20808,208080.0,20809,10.0,2.809,355.999,0.65,0.029,0.62,True,4805.843906189927,
gemm_0427,gemm,vitis,impl,"ap_fixed<16,5>",14,3,3240,2234,1824,2520,548160,274080,0.7675,0.119,0.5911,0.8151,20808,208080.0,20809,10.0,2.9,344.828,0.65,0.03,0.62,True,4805.843906189927,
gemm_0428,gemm,vitis,impl,"ap_fixed<16,5>",14,3,3204,2221,1824,2520,548160,274080,0.7675,0.119,0.5845,0.8103,20808,208080.0,20809,10.0,3.164,316.056,0.65,0.03,0.62,True,4805.843906189927,
gemm_0429,gemm,vitis,impl,"ap_fixed<16,5>",14,3,3310,2239,1824,2520,548160,274080,0.7675,0.119,0.6038,0.8169,20815,208150.0,20816,10.0,3.041,328.839,0.652,0.031,0.62,True,4804.227720393947,
gemm_0430,gemm,vitis,impl,"ap_fixed<16,5>",14,3,3274,2222,1824,2520,548160,274080,0.7675,0.119,0.5973,0.8107,20815,208150.0,20816,10.0,2.823,354.233,0.651,0.031,0.62,True,4804.227720393947,
gemm_0431,gemm,vitis,impl,"ap_fixed<16,5>",14,3,3348,2266,1824,2520,548160,274080,0.7675,0.119,0.6108,0.8268,20815,208150.0,20816,10.0,2.999,333.444,0.652,0.032,0.62,True,4804.227720393947,
gemm_0432,gemm,vitis,impl,"ap_fixed<16,5>",14,3,3312,2250,1824,2520,548160,274080,0.7675,0.119,0.6042,0.8209,20815,208150.0,20816,10.0,2.85,350.877,0.652,0.031,0.62,True,4804.227720393947,
gemm_0435,gemm,vitis,impl,"ap_fixed<16,5>",14,17,3413,2401,1824,2520,548160,274080,0.7675,0.6746,0.6226,0.876,13571,135710.0,13572,10.0,2.962,337.61,0.662,0.042,0.62,True,7368.65374696043,
gemm_0440,gemm,vitis,impl,"ap_fixed<16,5>",14,17,4010,2762,1824,2520,548160,274080,0.7675,0.6746,0.7315,1.0077,21802,218020.0,21803,10.0,3.456,289.352,0.668,0.047,0.62,True,4586.735161911751,
gemm_0444,gemm,vitis,impl,"ap_fixed<16,5>",22,24,4178,3120,1824,2520,548160,274080,1.2061,0.9524,0.7622,1.1384,605545,6055450.0,605546,10.0,3.075,325.203,0.683,0.062,0.621,True,165.1404932746534,
gemm_0454,gemm,vitis,impl,"ap_fixed<16,5>",22,17,3895,2725,1824,2520,548160,274080,1.2061,0.6746,0.7106,0.9942,605643,6056430.0,605644,10.0,3.011,332.116,0.667,0.046,0.62,True,165.11377164435154,
gemm_0462,gemm,vitis,impl,"ap_fixed<16,5>",22,17,4208,2766,1824,2520,548160,274080,1.2061,0.6746,0.7677,1.0092,605663,6056630.0,605664,10.0,3.243,308.356,0.669,0.049,0.621,True,165.10831931288521,
gemm_0464,gemm,vitis,impl,"ap_fixed<16,5>",22,17,4335,3072,1824,2520,548160,274080,1.2061,0.6746,0.7908,1.1208,548063,5480630.0,548064,10.0,3.68,271.739,0.671,0.051,0.621,True,182.460775494788,
gemm_0465,gemm,vitis,impl,"ap_fixed<16,5>",14,10,3279,2347,1824,2520,548160,274080,0.7675,0.3968,0.5982,0.8563,17743,177430.0,17744,10.0,3.033,329.707,0.658,0.038,0.62,True,5636.025474835146,
gemm_0466,gemm,vitis,impl,"ap_fixed<16,5>",14,10,3317,2376,1824,2520,548160,274080,0.7675,0.3968,0.6051,0.8669,17743,177430.0,17744,10.0,3.158,316.656,0.659,0.039,0.62,True,5636.025474835146,
gemm_0471,gemm,vitis,impl,"ap_fixed<16,5>",14,10,3924,2719,1824,2520,548160,274080,0.7675,0.3968,0.7158,0.992,25909,259090.0,25910,10.0,3.295,303.49,0.661,0.041,0.62,True,3859.6626654830366,
gemm_0479,gemm,vitis,impl,"ap_fixed<16,5>",18,17,4074,2760,1824,2520,548160,274080,0.9868,0.6746,0.7432,1.007,25445,254450.0,25446,10.0,3.432,291.375,0.665,0.045,0.62,True,3930.0451955197486,
gemm_0482,gemm,vitis,impl,"ap_fixed<16,5>",18,17,3298,2351,1824,2520,548160,274080,0.9868,0.6746,0.6016,0.8578,20802,208020.0,20803,10.0,3.128,319.693,0.661,0.041,0.62,True,4807.230074031343,
gemm_0483,gemm,vitis,impl,"ap_fixed<16,5>",18,17,4065,3020,1824,2520,548160,274080,0.9868,0.6746,0.7416,1.1019,26013,260130.0,26014,10.0,3.461,288.934,0.67,0.049,0.62,True,3844.231730288702,
gemm_0501,gemm,vitis,impl,"ap_fixed<16,5>",26,10,3751,2603,1824,2520,548160,274080,1.4254,0.3968,0.6843,0.9497,582603,5826030.0,582604,10.0,3.008,332.447,0.664,0.043,0.62,True,171.64346905182433,
gemm_0502,gemm,vitis,impl,"ap_fixed<16,5>",26,10,3287,2270,1824,2520,548160,274080,1.4254,0.3968,0.5996,0.8282,553097,5530970.0,553098,10.0,2.881,347.102,0.658,0.038,0.62,True,180.8001128192704,
gemm_0507,gemm,vitis,impl,"ap_fixed<16,5>",26,10,3861,2627,1824,2520,548160,274080,1.4254,0.3968,0.7044,0.9585,582612,5826120.0,582613,10.0,3.335,299.85,0.663,0.042,0.62,True,171.6408175595422,
gemm_0510,gemm,vitis,impl,"ap_fixed<16,5>",26,10,4039,2858,1824,2520,548160,274080,1.4254,0.3968,0.7368,1.0428,553748,5537480.0,553749,10.0,3.412,293.083,0.664,0.044,0.62,True,180.58755968418848,
gemm_0521,gemm,vitis,impl,"ap_fixed<16,5>",14,10,3755,2749,1824,2520,548160,274080,0.7675,0.3968,0.685,1.003,21265,212650.0,21266,10.0,3.6,277.778,0.661,0.04,0.62,True,4702.562896778744,
gemm_0528,gemm,vitis,impl,"ap_fixed<16,5>",14,10,3422,2408,1824,2520,548160,274080,0.7675,0.3968,0.6243,0.8786,13647,136470.0,13648,10.0,3.756,266.241,0.66,0.04,0.62,True,7327.617791455998,
gemm_0531,gemm,vitis,impl,"ap_fixed<16,5>",10,80,4185,5618,1824,2520,548160,274080,0.5482,3.1746,0.7635,2.0498,18733,187330.0,18734,10.0,3.957,252.717,0.715,0.094,0.621,True,5338.1732771045745,
gemm_0537,gemm,vitis,impl,"ap_fixed<16,5>",18,80,3603,5064,1824,2520,548160,274080,0.9868,3.1746,0.6573,1.8476,109390,1093900.0,109391,10.0,4.141,241.488,0.705,0.084,0.621,True,914.1603437242892,
gemm_0543,gemm,vitis,impl,"ap_fixed<16,5>",18,80,3717,5154,1824,2520,548160,274080,0.9868,3.1746,0.6781,1.8805,109399,1093990.0,109400,10.0,4.566,219.01,0.708,0.087,0.621,True,914.085137889743,
gemm_0546,gemm,vitis,impl,"ap_fixed<16,5>",18,80,8795,7654,1824,2520,548160,274080,0.9868,3.1746,1.6045,2.7926,605498,6054980.0,605499,10.0,4.435,225.479,0.744,0.124,0.621,True,165.1533118193619,
gemm_0547,gemm,vitis,impl,"ap_fixed<16,5>",18,80,5119,5265,1824,2520,548160,274080,0.9868,3.1746,0.9339,1.921,539865,5398650.0,539866,10.0,3.975,251.572,0.717,0.096,0.621,True,185.2314930584498,
gemm_0553,gemm,vitis,impl,"ap_fixed<16,5>",18,73,5049,5120,1824,2520,548160,274080,0.9868,2.8968,0.9211,1.8681,547149,5471490.0,547150,10.0,4.165,240.096,0.709,0.088,0.621,True,182.76557208365546,
gemm_0561,gemm,vitis,impl,"ap_fixed<16,5>",10,73,3901,5235,1824,2520,548160,274080,0.5482,2.8968,0.7117,1.91,14620,146200.0,14621,10.0,4.583,218.198,0.696,0.075,0.621,True,6839.945280437756,
gemm_0562,gemm,vitis,impl,"ap_fixed<16,5>",10,73,4330,5734,1824,2520,548160,274080,0.5482,2.8968,0.7899,2.0921,18661,186610.0,18662,10.0,4.137,241.721,0.713,0.092,0.621,True,5358.769626493757,
gemm_0567,gemm,vitis,impl,"ap_fixed<16,5>",10,73,5094,5082,1824,2520,548160,274080,0.5482,2.8968,0.9293,1.8542,22269,222690.0,22270,10.0,3.505,285.307,0.717,0.096,0.621,True,4490.547397727783,
gemm_0570,gemm,vitis,impl,"ap_fixed<16,5>",10,73,3826,5232,1824,2520,548160,274080,0.5482,2.8968,0.698,1.9089,14545,145450.0,14546,10.0,4.763,209.952,0.7,0.08,0.621,True,6875.214850464077,
gemm_0571,gemm,vitis,impl,"ap_fixed<16,5>",10,73,5394,5403,1824,2520,548160,274080,0.5482,2.8968,0.984,1.9713,25837,258370.0,25838,10.0,4.016,249.004,0.713,0.092,0.621,True,3870.4183922282,
gemm_0576,gemm,vitis,impl,"ap_fixed<16,5>",10,73,4409,5596,1824,2520,548160,274080,0.5482,2.8968,0.8043,2.0417,19126,191260.0,19127,10.0,4.932,202.758,0.722,0.101,0.621,True,5228.484785109275,
gemm_0577,gemm,vitis,impl,"ap_fixed<16,5>",18,10,3772,2540,1824,2520,548160,274080,0.9868,0.3968,0.6881,0.9267,25556,255560.0,25557,10.0,3.529,283.366,0.662,0.042,0.62,True,3912.9754265143215,
gemm_0578,gemm,vitis,impl,"ap_fixed<16,5>",18,10,3810,2569,1824,2520,548160,274080,0.9868,0.3968,0.6951,0.9373,25556,255560.0,25557,10.0,2.978,335.796,0.662,0.042,0.62,True,3912.9754265143215,
gemm_0584,gemm,vitis,impl,"ap_fixed<16,5>",18,10,3469,2356,1824,2520,548160,274080,0.9868,0.3968,0.6328,0.8596,20811,208110.0,20812,10.0,3.606,277.316,0.658,0.037,0.62,True,4805.151122002787,
gemm_0591,gemm,vitis,impl,"ap_fixed<16,5>",26,17,4367,3179,1824,2520,548160,274080,1.4254,0.6746,0.7967,1.1599,547114,5471140.0,547115,10.0,3.277,305.157,0.676,0.056,0.621,True,182.77726397058018,
gemm_0592,gemm,vitis,impl,"ap_fixed<16,5>",26,17,4533,3409,1824,2520,548160,274080,1.4254,0.6746,0.8269,1.2438,547114,5471140.0,547115,10.0,3.503,285.47,0.68,0.059,0.621,True,182.77726397058018,
gemm_0601,gemm,vitis,impl,"ap_fixed<16,5>",26,24,4410,3214,1824,2520,548160,274080,1.4254,0.9524,0.8045,1.1727,606172,6061720.0,606173,10.0,3.77,265.252,0.678,0.058,0.621,True,164.96967857307826,
gemm_0605,gemm,vitis,impl,"ap_fixed<16,5>",26,24,4054,2850,1824,2520,548160,274080,1.4254,0.9524,0.7396,1.0398,568318,5683180.0,568319,10.0,3.387,295.247,0.675,0.054,0.621,True,175.9578264281617,
gemm_0613,gemm,vitis,impl,"ap_fixed<16,5>",18,17,4457,3405,1824,2520,548160,274080,0.9868,0.6746,0.8131,1.2423,37718,377180.0,37719,10.0,3.359,297.708,0.681,0.06,0.621,True,2651.2540431624157,
gemm_0617,gemm,vitis,impl,"ap_fixed<16,5>",18,17,4398,3340,1824,2520,548160,274080,0.9868,0.6746,0.8023,1.2186,29524,295240.0,29525,10.0,3.528,283.447,0.682,0.062,0.621,True,3387.0749220972766,
gemm_0623,gemm,vitis,impl,"ap_fixed<16,5>",18,17,3801,2558,1824,2520,548160,274080,0.9868,0.6746,0.6934,0.9333,20815,208150.0,20816,10.0,3.628,275.634,0.665,0.045,0.62,True,4804.227720393947,
gemm_0630,gemm,vitis,impl,"ap_fixed<16,5>",18,24,4510,3049,1824,2520,548160,274080,0.9868,0.9524,0.8228,1.1124,26374,263740.0,26375,10.0,3.747,266.88,0.678,0.057,0.621,True,3791.6129521498447,
gemm_0635,gemm,vitis,impl,"ap_fixed<16,5>",18,136,5171,7775,1824,2520,548160,274080,0.9868,5.3968,0.9433,2.8368,116681,1166810.0,116682,10.0,4.045,247.219,0.751,0.13,0.621,True,857.0375639564282,
gemm_0639,gemm,vitis,impl,"ap_fixed<16,5>",18,136,4327,8041,1824,2520,548160,274080,0.9868,5.3968,0.7894,2.9338,80186,801860.0,80187,10.0,4.202,237.982,0.797,0.176,0.621,True,1247.1004913575937,
gemm_0641,gemm,vitis,impl,"ap_fixed<16,5>",18,136,5285,7853,1824,2520,548160,274080,0.9868,5.3968,0.9641,2.8652,116690,1166900.0,116691,10.0,4.136,241.779,0.745,0.124,0.621,True,856.9714628502871,
gemm_0642,gemm,vitis,impl,"ap_fixed<16,5>",18,136,5241,7542,1824,2520,548160,274080,0.9868,5.3968,0.9561,2.7518,145906,1459060.0,145907,10.0,3.988,250.752,0.776,0.155,0.621,True,685.3727742519156,
gemm_0643,gemm,vitis,impl,"ap_fixed<16,5>",18,136,9089,9308,1824,2520,548160,274080,0.9868,5.3968,1.6581,3.3961,598058,5980580.0,598059,10.0,4.421,226.193,0.8,0.179,0.621,True,167.20786278253948,
gemm_0644,gemm,vitis,impl,"ap_fixed<16,5>",18,136,5372,7829,1824,2520,548160,274080,0.9868,5.3968,0.98,2.8565,88306,883060.0,88307,10.0,3.93,254.453,0.78,0.159,0.621,True,1132.4258827259755,
gemm_0645,gemm,vitis,impl,"ap_fixed<16,5>",18,136,5522,7892,1824,2520,548160,274080,0.9868,5.3968,1.0074,2.8795,87422,874220.0,87423,10.0,4.255,235.018,0.819,0.198,0.621,True,1143.8768273432318,
gemm_0647,gemm,vitis,impl,"ap_fixed<16,5>",18,136,4313,8173,1824,2520,548160,274080,0.9868,5.3968,0.7868,2.982,109566,1095660.0,109567,10.0,4.485,222.965,0.808,0.187,0.621,True,912.6918934706022,
gemm_0649,gemm,vitis,impl,"ap_fixed<16,5>",18,136,9441,9170,1824,2520,548160,274080,0.9868,5.3968,1.7223,3.3457,605294,6052940.0,605295,10.0,4.182,239.12,0.801,0.18,0.621,True,165.20897282973232,
gemm_0650,gemm,vitis,impl,"ap_fixed<16,5>",18,136,4397,8184,1824,2520,548160,274080,0.9868,5.3968,0.8021,2.986,81182,811820.0,81183,10.0,4.227,236.574,0.783,0.162,0.621,True,1231.8001527432189,
gemm_0657,gemm,vitis,impl,"ap_fixed<16,5>",18,24,4165,3332,1824,2520,548160,274080,0.9868,0.9524,0.7598,1.2157,22288,222880.0,22289,10.0,3.785,264.201,0.688,0.067,0.621,True,4486.719310839914,
gemm_0666,gemm,vitis,impl,"ap_fixed<16,5>",10,80,4603,4978,1824,2520,548160,274080,0.5482,3.1746,0.8397,1.8163,30941,309410.0,30942,10.0,3.619,276.319,0.719,0.098,0.621,True,3231.957596716331,
gemm_0668,gemm,vitis,impl,"ap_fixed<16,5>",10,80,5708,4756,1824,2520,548160,274080,0.5482,3.1746,1.0413,1.7353,34533,345330.0,34534,10.0,3.286,304.321,0.722,0.101,0.621,True,2895.780847305476,
gemm_0673,gemm,vitis,impl,"ap_fixed<16,5>",10,73,4163,4379,1824,2520,548160,274080,0.5482,2.8968,0.7594,1.5977,22421,224210.0,22422,10.0,3.871,258.331,0.703,0.083,0.621,True,4460.104366442175,
gemm_0674,gemm,vitis,impl,"ap_fixed<16,5>",10,73,3808,4042,1824,2520,548160,274080,0.5482,2.8968,0.6947,1.4748,21972,219720.0,21973,10.0,3.947,253.357,0.688,0.068,0.621,True,4551.247041689423,
gemm_0675,gemm,vitis,impl,"ap_fixed<16,5>",10,73,5124,4177,1824,2520,548160,274080,0.5482,2.8968,0.9348,1.524,26013,260130.0,26014,10.0,3.872,258.264,0.712,0.091,0.621,True,3844.231730288702,
gemm_0686,gemm,vitis,impl,"ap_fixed<16,5>",18,73,3517,3896,1824,2520,548160,274080,0.9868,2.8968,0.6416,1.4215,145982,1459820.0,145983,10.0,3.876,257.998,0.691,0.071,0.621,True,685.0159608718883,
gemm_0689,gemm,vitis,impl,"ap_fixed<16,5>",18,73,9325,6517,1824,2520,548160,274080,0.9868,2.8968,1.7011,2.3778,575473,5754730.0,575474,10.0,4.781,209.161,0.73,0.109,0.621,True,173.77009868403906,
gemm_0694,gemm,vitis,impl,"ap_fixed<16,5>",18,80,5566,4626,1824,2520,548160,274080,0.9868,3.1746,1.0154,1.6878,547070,5470700.0,547071,10.0,3.869,258.465,0.714,0.093,0.621,True,182.7919644652421,
gemm_0696,gemm,vitis,impl,"ap_fixed<16,5>",18,80,3997,4327,1824,2520,548160,274080,0.9868,3.1746,0.7292,1.5787,80595,805950.0,80596,10.0,4.07,245.7,0.729,0.108,0.621,True,1240.7717600347416,
gemm_0698,gemm,vitis,impl,"ap_fixed<16,5>",18,80,3675,4024,1824,2520,548160,274080,0.9868,3.1746,0.6704,1.4682,138771,1387710.0,138772,10.0,3.727,268.312,0.7,0.079,0.621,True,720.6116551729108,
gemm_0699,gemm,vitis,impl,"ap_fixed<16,5>",18,80,9946,6950,1824,2520,548160,274080,0.9868,3.1746,1.8144,2.5358,575887,5758870.0,575888,10.0,4.639,215.564,0.734,0.113,0.621,True,173.6451769183885,
gemm_0704,gemm,vitis,impl,"ap_fixed<16,5>",18,80,3785,4052,1824,2520,548160,274080,0.9868,3.1746,0.6905,1.4784,138780,1387800.0,138781,10.0,4.01,249.377,0.701,0.08,0.621,True,720.5649228995533,
gemm_0711,gemm,vitis,impl,"ap_fixed<16,5>",10,80,4066,4196,1824,2520,548160,274080,0.5482,3.1746,0.7418,1.5309,21846,218460.0,21847,10.0,3.765,265.604,0.707,0.086,0.621,True,4577.497024626934,
gemm_0714,gemm,vitis,impl,"ap_fixed<16,5>",18,24,4229,3295,1824,2520,548160,274080,0.9868,0.9524,0.7715,1.2022,22300,223000.0,22301,10.0,3.904,256.148,0.684,0.064,0.621,True,4484.304932735426,
gemm_0715,gemm,vitis,impl,"ap_fixed<16,5>",18,24,4021,2888,1824,2520,548160,274080,0.9868,0.9524,0.7335,1.0537,21265,212650.0,21266,10.0,3.38,295.858,0.671,0.05,0.62,True,4702.562896778744,
gemm_0724,gemm,vitis,impl,"ap_fixed<16,5>",2,136,6449,6499,1824,2520,548160,274080,0.1096,5.3968,1.1765,2.3712,26373,263730.0,26374,10.0,4.015,249.066,0.759,0.138,0.621,True,3791.7567208887876,
gemm_0728,gemm,vitis,impl,"ap_fixed<16,5>",2,136,6559,6539,1824,2520,548160,274080,0.1096,5.3968,1.1965,2.3858,26382,263820.0,26383,10.0,4.338,230.521,0.746,0.125,0.621,True,3790.4631946023806,
gemm_0732,gemm,vitis,impl,"ap_fixed<16,5>",2,584,8726,16520,1824,2520,548160,274080,0.1096,23.1746,1.5919,6.0274,145841,1458410.0,145842,10.0,6.251,159.974,1.132,0.509,0.623,True,685.6782386297406,
gemm_0746,gemm,vitis,impl,"ap_fixed<16,5>",2,584,7788,15932,1824,2520,548160,274080,0.1096,23.1746,1.4208,5.8129,138798,1387980.0,138799,10.0,6.201,161.264,1.115,0.492,0.623,True,720.4714765342441,
gemm_0748,gemm,vitis,impl,"ap_fixed<16,5>",2,584,11602,12564,1824,2520,548160,274080,0.1096,23.1746,2.1165,4.5841,605199,6051990.0,605200,10.0,4.744,210.793,1.086,0.463,0.623,True,165.2349062044055,
gemm_0760,gemm,vitis,impl,"ap_fixed<16,5>",2,136,6558,6520,1824,2520,548160,274080,0.1096,5.3968,1.1964,2.3789,26310,263100.0,26311,10.0,4.259,234.797,0.76,0.139,0.621,True,3800.8361839604713,
gemm_0762,gemm,vitis,impl,"ap_fixed<16,5>",2,136,4238,6883,1824,2520,548160,274080,0.1096,5.3968,0.7731,2.5113,15525,155250.0,15526,10.0,4.481,223.164,0.745,0.124,0.621,True,6441.2238325281805,
gemm_0763,gemm,vitis,impl,"ap_fixed<16,5>",2,136,6453,6511,1824,2520,548160,274080,0.1096,5.3968,1.1772,2.3756,25837,258370.0,25838,10.0,3.706,269.833,0.76,0.139,0.621,True,3870.4183922282,
gemm_0764,gemm,vitis,impl,"ap_fixed<16,5>",2,136,5342,6558,1824,2520,548160,274080,0.1096,5.3968,0.9745,2.3927,19117,191170.0,19118,10.0,4.523,221.092,0.759,0.138,0.621,True,5230.946278181723,
gemm_0769,gemm,vitis,impl,"ap_fixed<16,5>",18,3,3156,2212,1824,2520,548160,274080,0.9868,0.119,0.5757,0.8071,24836,248360.0,24837,10.0,2.768,361.272,0.648,0.028,0.62,True,4026.4132710581416,
gemm_0770,gemm,vitis,impl,"ap_fixed<16,5>",18,3,3194,2238,1824,2520,548160,274080,0.9868,0.119,0.5827,0.8165,24836,248360.0,24837,10.0,3.434,291.206,0.649,0.028,0.62,True,4026.4132710581416,
gemm_0771,gemm,vitis,impl,"ap_fixed<16,5>",18,3,3194,2238,1824,2520,548160,274080,0.9868,0.119,0.5827,0.8165,24836,248360.0,24837,10.0,2.823,354.233,0.648,0.028,0.62,True,4026.4132710581416,
gemm_0772,gemm,vitis,impl,"ap_fixed<16,5>",18,3,3232,2263,1824,2520,548160,274080,0.9868,0.119,0.5896,0.8257,24836,248360.0,24837,10.0,2.963,337.496,0.65,0.03,0.62,True,4026.4132710581416,
gemm_0773,gemm,vitis,impl,"ap_fixed<16,5>",18,3,3270,2239,1824,2520,548160,274080,0.9868,0.119,0.5965,0.8169,24845,248450.0,24846,10.0,2.891,345.901,0.652,0.031,0.62,True,4024.954719259408,
gemm_0774,gemm,vitis,impl,"ap_fixed<16,5>",18,3,3308,2268,1824,2520,548160,274080,0.9868,0.119,0.6035,0.8275,24845,248450.0,24846,10.0,2.89,346.021,0.653,0.032,0.62,True,4024.954719259408,
gemm_0775,gemm,vitis,impl,"ap_fixed<16,5>",18,3,3308,2269,1824,2520,548160,274080,0.9868,0.119,0.6035,0.8279,24845,248450.0,24846,10.0,3.075,325.203,0.652,0.032,0.62,True,4024.954719259408,
gemm_0776,gemm,vitis,impl,"ap_fixed<16,5>",18,3,3346,2296,1824,2520,548160,274080,0.9868,0.119,0.6104,0.8377,24845,248450.0,24846,10.0,3.014,331.785,0.653,0.032,0.62,True,4024.954719259408,
gemm_0777,gemm,vitis,impl,"ap_fixed<16,5>",22,3,3111,2094,1824,2520,548160,274080,1.2061,0.119,0.5675,0.764,548993,5489930.0,548994,10.0,2.817,354.988,0.652,0.032,0.62,True,182.15168499416203,
gemm_0778,gemm,vitis,impl,"ap_fixed<16,5>",22,3,3130,2115,1824,2520,548160,274080,1.2061,0.119,0.571,0.7717,548993,5489930.0,548994,10.0,2.934,340.832,0.653,0.032,0.62,True,182.15168499416203,
gemm_0779,gemm,vitis,impl,"ap_fixed<16,5>",22,3,3148,2120,1824,2520,548160,274080,1.2061,0.119,0.5743,0.7735,548993,5489930.0,548994,10.0,2.9,344.828,0.65,0.03,0.62,True,182.15168499416203,
gemm_0780,gemm,vitis,impl,"ap_fixed<16,5>",22,3,3150,2138,1824,2520,548160,274080,1.2061,0.119,0.5746,0.7801,548993,5489930.0,548994,10.0,2.862,349.406,0.653,0.032,0.62,True,182.15168499416203,
gemm_0781,gemm,vitis,impl,"ap_fixed<16,5>",22,3,3131,2119,1824,2520,548160,274080,1.2061,0.119,0.5712,0.7731,548993,5489930.0,548994,10.0,3.017,331.455,0.652,0.032,0.62,True,182.15168499416203,
gemm_0782,gemm,vitis,impl,"ap_fixed<16,5>",22,3,3151,2137,1824,2520,548160,274080,1.2061,0.119,0.5748,0.7797,548993,5489930.0,548994,10.0,2.976,336.022,0.652,0.032,0.62,True,182.15168499416203,
gemm_0783,gemm,vitis,impl,"ap_fixed<16,5>",22,3,3221,2180,1824,2520,548160,274080,1.2061,0.119,0.5876,0.7954,548998,5489980.0,548999,10.0,3.049,327.976,0.655,0.034,0.62,True,182.15002604745374,
gemm_0784,gemm,vitis,impl,"ap_fixed<16,5>",22,3,3240,2207,1824,2520,548160,274080,1.2061,0.119,0.5911,0.8052,548998,5489980.0,548999,10.0,2.963,337.496,0.653,0.033,0.62,True,182.15002604745374,
gemm_0785,gemm,vitis,impl,"ap_fixed<16,5>",22,3,3258,2209,1824,2520,548160,274080,1.2061,0.119,0.5944,0.806,548998,5489980.0,548999,10.0,3.09,323.625,0.655,0.035,0.62,True,182.15002604745374,
gemm_0786,gemm,vitis,impl,"ap_fixed<16,5>",22,3,3260,2224,1824,2520,548160,274080,1.2061,0.119,0.5947,0.8114,548998,5489980.0,548999,10.0,3.065,326.264,0.655,0.035,0.62,True,182.15002604745374,
gemm_0787,gemm,vitis,impl,"ap_fixed<16,5>",22,3,3241,2211,1824,2520,548160,274080,1.2061,0.119,0.5913,0.8067,548998,5489980.0,548999,10.0,3.02,331.126,0.655,0.035,0.62,True,182.15002604745374,
gemm_0788,gemm,vitis,impl,"ap_fixed<16,5>",22,3,3261,2224,1824,2520,548160,274080,1.2061,0.119,0.5949,0.8114,548998,5489980.0,548999,10.0,3.783,264.34,0.655,0.035,0.62,True,182.15002604745374,
gemm_0789,gemm,vitis,impl,"ap_fixed<16,5>",22,3,3260,2218,1824,2520,548160,274080,1.2061,0.119,0.5947,0.8093,549001,5490010.0,549002,10.0,2.886,346.5,0.654,0.033,0.62,True,182.14903069393316,
gemm_0790,gemm,vitis,impl,"ap_fixed<16,5>",22,3,3279,2241,1824,2520,548160,274080,1.2061,0.119,0.5982,0.8176,549001,5490010.0,549002,10.0,2.955,338.409,0.654,0.034,0.62,True,182.14903069393316,
gemm_0791,gemm,vitis,impl,"ap_fixed<16,5>",22,3,3223,2197,1824,2520,548160,274080,1.2061,0.119,0.588,0.8016,549001,5490010.0,549002,10.0,2.945,339.559,0.653,0.033,0.62,True,182.14903069393316,
gemm_0792,gemm,vitis,impl,"ap_fixed<16,5>",22,3,3225,2209,1824,2520,548160,274080,1.2061,0.119,0.5883,0.806,549001,5490010.0,549002,10.0,2.866,348.918,0.654,0.033,0.62,True,182.14903069393316,
gemm_0793,gemm,vitis,impl,"ap_fixed<16,5>",22,3,3280,2249,1824,2520,548160,274080,1.2061,0.119,0.5984,0.8206,549001,5490010.0,549002,10.0,2.839,352.237,0.654,0.033,0.62,True,182.14903069393316,
gemm_0794,gemm,vitis,impl,"ap_fixed<16,5>",22,3,3226,2209,1824,2520,548160,274080,1.2061,0.119,0.5885,0.806,549001,5490010.0,549002,10.0,2.918,342.7,0.654,0.033,0.62,True,182.14903069393316,
gemm_0795,gemm,vitis,impl,"ap_fixed<16,5>",22,3,3372,2245,1824,2520,548160,274080,1.2061,0.119,0.6151,0.8191,549008,5490080.0,549009,10.0,3.184,314.07,0.652,0.032,0.62,True,182.1467082446886,
gemm_0796,gemm,vitis,impl,"ap_fixed<16,5>",22,3,3391,2267,1824,2520,548160,274080,1.2061,0.119,0.6186,0.8271,549008,5490080.0,549009,10.0,3.245,308.166,0.653,0.033,0.62,True,182.1467082446886,
gemm_0797,gemm,vitis,impl,"ap_fixed<16,5>",22,3,3335,2222,1824,2520,548160,274080,1.2061,0.119,0.6084,0.8107,549008,5490080.0,549009,10.0,3.235,309.119,0.654,0.033,0.62,True,182.1467082446886,
gemm_0798,gemm,vitis,impl,"ap_fixed<16,5>",22,3,3337,2238,1824,2520,548160,274080,1.2061,0.119,0.6088,0.8165,549008,5490080.0,549009,10.0,3.067,326.052,0.654,0.033,0.62,True,182.1467082446886,
gemm_0799,gemm,vitis,impl,"ap_fixed<16,5>",22,3,3392,2272,1824,2520,548160,274080,1.2061,0.119,0.6188,0.829,549008,5490080.0,549009,10.0,3.095,323.102,0.654,0.033,0.62,True,182.1467082446886,
gemm_0800,gemm,vitis,impl,"ap_fixed<16,5>",22,3,3338,2241,1824,2520,548160,274080,1.2061,0.119,0.6089,0.8176,549008,5490080.0,549009,10.0,3.662,273.075,0.654,0.033,0.62,True,182.1467082446886,
gemm_0801,gemm,vitis,impl,"ap_fixed<16,5>",1,0,1576,1092,1824,2520,548160,274080,0.0548,0.0,0.2875,0.3984,24761,247610.0,24762,10.0,2.634,379.651,0.63,0.01,0.62,True,4038.609103024918,
gemm_0802,gemm,vitis,impl,"ap_fixed<16,5>",1,0,1576,1092,1824,2520,548160,274080,0.0548,0.0,0.2875,0.3984,24761,247610.0,24762,10.0,2.634,379.651,0.63,0.01,0.62,True,4038.609103024918,
gemm_0803,gemm,vitis,impl,"ap_fixed<16,5>",1,0,1576,1092,1824,2520,548160,274080,0.0548,0.0,0.2875,0.3984,24761,247610.0,24762,10.0,2.634,379.651,0.63,0.01,0.62,True,4038.609103024918,
gemm_0804,gemm,vitis,impl,"ap_fixed<16,5>",1,0,1576,1092,1824,2520,548160,274080,0.0548,0.0,0.2875,0.3984,24761,247610.0,24762,10.0,2.634,379.651,0.63,0.01,0.62,True,4038.609103024918,
gemm_0805,gemm,vitis,impl,"ap_fixed<16,5>",1,0,1576,1092,1824,2520,548160,274080,0.0548,0.0,0.2875,0.3984,24761,247610.0,24762,10.0,2.634,379.651,0.63,0.01,0.62,True,4038.609103024918,
gemm_0806,gemm,vitis,impl,"ap_fixed<16,5>",1,0,1576,1092,1824,2520,548160,274080,0.0548,0.0,0.2875,0.3984,24761,247610.0,24762,10.0,2.634,379.651,0.63,0.01,0.62,True,4038.609103024918,
gemm_0807,gemm,vitis,impl,"ap_fixed<16,5>",1,0,1576,1092,1824,2520,548160,274080,0.0548,0.0,0.2875,0.3984,24761,247610.0,24762,10.0,2.634,379.651,0.63,0.01,0.62,True,4038.609103024918,
gemm_0808,gemm,vitis,impl,"ap_fixed<16,5>",1,0,1576,1092,1824,2520,548160,274080,0.0548,0.0,0.2875,0.3984,24761,247610.0,24762,10.0,2.634,379.651,0.63,0.01,0.62,True,4038.609103024918,
gemm_0809,gemm,vitis,impl,"ap_fixed<16,5>",18,3,3201,2258,1824,2520,548160,274080,0.9868,0.119,0.584,0.8238,24969,249690.0,24970,10.0,3.281,304.785,0.652,0.032,0.62,True,4004.966158035965,
gemm_0810,gemm,vitis,impl,"ap_fixed<16,5>",18,3,3165,2240,1824,2520,548160,274080,0.9868,0.119,0.5774,0.8173,24969,249690.0,24970,10.0,2.927,341.647,0.653,0.032,0.62,True,4004.966158035965,
gemm_0811,gemm,vitis,impl,"ap_fixed<16,5>",18,3,3239,2292,1824,2520,548160,274080,0.9868,0.119,0.5909,0.8363,24969,249690.0,24970,10.0,2.996,333.778,0.652,0.032,0.62,True,4004.966158035965,
gemm_0812,gemm,vitis,impl,"ap_fixed<16,5>",18,3,3203,2273,1824,2520,548160,274080,0.9868,0.119,0.5843,0.8293,24969,249690.0,24970,10.0,2.998,333.556,0.652,0.032,0.62,True,4004.966158035965,
gemm_0813,gemm,vitis,impl,"ap_fixed<16,5>",18,3,3313,2295,1824,2520,548160,274080,0.9868,0.119,0.6044,0.8373,24976,249760.0,24977,10.0,2.858,349.895,0.653,0.032,0.62,True,4003.8436899423446,
gemm_0814,gemm,vitis,impl,"ap_fixed<16,5>",18,3,3277,2275,1824,2520,548160,274080,0.9868,0.119,0.5978,0.83,24976,249760.0,24977,10.0,3.162,316.256,0.654,0.033,0.62,True,4003.8436899423446,
gemm_0815,gemm,vitis,impl,"ap_fixed<16,5>",18,3,3351,2321,1824,2520,548160,274080,0.9868,0.119,0.6113,0.8468,24976,249760.0,24977,10.0,3.036,329.381,0.653,0.032,0.62,True,4003.8436899423446,
gemm_0816,gemm,vitis,impl,"ap_fixed<16,5>",18,3,3315,2305,1824,2520,548160,274080,0.9868,0.119,0.6048,0.841,24976,249760.0,24977,10.0,3.073,325.415,0.654,0.033,0.62,True,4003.8436899423446,
gemm_0817,gemm,vitis,impl,"ap_fixed<16,5>",18,17,3362,2391,1824,2520,548160,274080,0.9868,0.6746,0.6133,0.8724,17668,176680.0,17669,10.0,3.375,296.296,0.664,0.043,0.62,True,5659.950192438307,
gemm_0824,gemm,vitis,impl,"ap_fixed<16,5>",18,17,4011,2814,1824,2520,548160,274080,0.9868,0.6746,0.7317,1.0267,25371,253710.0,25372,10.0,3.595,278.164,0.672,0.051,0.621,True,3941.5080209688226,
gemm_0826,gemm,vitis,impl,"ap_fixed<16,5>",26,24,3834,2766,1824,2520,548160,274080,1.4254,0.9524,0.6994,1.0092,571654,5716540.0,571655,10.0,3.266,306.185,0.675,0.055,0.621,True,174.93098972455365,
gemm_0831,gemm,vitis,impl,"ap_fixed<16,5>",26,24,3419,2412,1824,2520,548160,274080,1.4254,0.9524,0.6237,0.88,83078,830780.0,83079,10.0,3.408,293.427,0.673,0.052,0.621,True,1203.68810033944,
gemm_0836,gemm,vitis,impl,"ap_fixed<16,5>",26,24,4423,3557,1824,2520,548160,274080,1.4254,0.9524,0.8069,1.2978,546426,5464260.0,546427,10.0,4.66,214.592,0.685,0.065,0.621,True,183.00739715899317,
gemm_0842,gemm,vitis,impl,"ap_fixed<16,5>",26,17,4219,3081,1824,2520,548160,274080,1.4254,0.6746,0.7697,1.1241,546542,5465420.0,546543,10.0,3.419,292.483,0.671,0.05,0.621,True,182.96855502413356,
gemm_0844,gemm,vitis,impl,"ap_fixed<16,5>",26,17,3986,2757,1824,2520,548160,274080,1.4254,0.6746,0.7272,1.0059,575380,5753800.0,575381,10.0,3.275,305.344,0.67,0.049,0.621,True,173.7981855469429,
gemm_0845,gemm,vitis,impl,"ap_fixed<16,5>",26,17,3841,2537,1824,2520,548160,274080,1.4254,0.6746,0.7007,0.9256,87123,871230.0,87124,10.0,3.979,251.319,0.668,0.048,0.621,True,1147.8025320523857,
gemm_0846,gemm,vitis,impl,"ap_fixed<16,5>",26,17,4193,2754,1824,2520,548160,274080,1.4254,0.6746,0.7649,1.0048,604727,6047270.0,604728,10.0,3.651,273.898,0.675,0.054,0.621,True,165.36387493860866,
gemm_0851,gemm,vitis,impl,"ap_fixed<16,5>",1,0,1671,1181,1824,2520,548160,274080,0.0548,0.0,0.3048,0.4309,25219,252190.0,25220,10.0,2.682,372.856,0.63,0.01,0.62,True,3965.2642848645864,
gemm_0862,gemm,vitis,impl,"ap_fixed<16,5>",18,17,3953,2707,1824,2520,548160,274080,0.9868,0.6746,0.7211,0.9877,25425,254250.0,25426,10.0,4.05,246.914,0.671,0.05,0.62,True,3933.136676499508,
gemm_0868,gemm,vitis,impl,"ap_fixed<16,5>",18,17,3839,2659,1824,2520,548160,274080,0.9868,0.6746,0.7003,0.9702,34028,340280.0,34029,10.0,3.342,299.222,0.665,0.045,0.62,True,2938.7563183260845,
gemm_0881,gemm,vitis,impl,"ap_fixed<16,5>",22,10,3893,2805,1824,2520,548160,274080,1.2061,0.3968,0.7102,1.0234,549959,5499590.0,549960,10.0,3.023,330.797,0.665,0.044,0.62,True,181.83173654763354,
gemm_0882,gemm,vitis,impl,"ap_fixed<16,5>",22,10,3902,2764,1824,2520,548160,274080,1.2061,0.3968,0.7118,1.0085,549959,5499590.0,549960,10.0,3.695,270.636,0.664,0.043,0.62,True,181.83173654763354,
gemm_0887,gemm,vitis,impl,"ap_fixed<16,5>",22,10,3856,2796,1824,2520,548160,274080,1.2061,0.3968,0.7034,1.0201,550027,5500270.0,550028,10.0,3.129,319.591,0.663,0.043,0.62,True,181.8092566364924,
gemm_0888,gemm,vitis,impl,"ap_fixed<16,5>",22,10,3865,2760,1824,2520,548160,274080,1.2061,0.3968,0.7051,1.007,550027,5500270.0,550028,10.0,3.245,308.166,0.662,0.041,0.62,True,181.8092566364924,
gemm_0889,gemm,vitis,impl,"ap_fixed<16,5>",22,10,3268,2242,1824,2520,548160,274080,1.2061,0.3968,0.5962,0.818,549001,5490010.0,549002,10.0,2.843,351.741,0.655,0.035,0.62,True,182.14903069393316,
gemm_0892,gemm,vitis,impl,"ap_fixed<16,5>",22,10,3379,2267,1824,2520,548160,274080,1.2061,0.3968,0.6164,0.8271,549008,5490080.0,549009,10.0,3.802,263.019,0.658,0.038,0.62,True,182.1467082446886,
gemm_0898,gemm,vitis,impl,"ap_fixed<16,5>",18,17,4306,3049,1824,2520,548160,274080,0.9868,0.6746,0.7855,1.1124,34885,348850.0,34886,10.0,4.205,237.812,0.675,0.055,0.621,True,2866.5615594094884,
gemm_0904,gemm,vitis,impl,"ap_fixed<16,5>",18,17,4003,2787,1824,2520,548160,274080,0.9868,0.6746,0.7303,1.0169,33967,339670.0,33968,10.0,3.615,276.625,0.668,0.048,0.62,True,2944.033915270704,
gemm_0914,gemm,vitis,impl,"ap_fixed<16,5>",10,80,4898,5012,1824,2520,548160,274080,0.5482,3.1746,0.8935,1.8287,25297,252970.0,25298,10.0,4.08,245.098,0.72,0.099,0.621,True,3953.037909633553,
gemm_0925,gemm,vitis,impl,"ap_fixed<16,5>",18,80,4990,5168,1824,2520,548160,274080,0.9868,3.1746,0.9103,1.8856,542376,5423760.0,542377,10.0,3.813,262.261,0.719,0.098,0.621,True,184.37393984984587,
gemm_0928,gemm,vitis,impl,"ap_fixed<16,5>",18,80,4894,5004,1824,2520,548160,274080,0.9868,3.1746,0.8928,1.8257,571663,5716630.0,571664,10.0,3.245,308.166,0.728,0.107,0.621,True,174.92823569130763,
gemm_0931,gemm,vitis,impl,"ap_fixed<16,5>",18,80,5105,5265,1824,2520,548160,274080,0.9868,3.1746,0.9313,1.921,542385,5423850.0,542386,10.0,3.49,286.533,0.732,0.111,0.621,True,184.37088046313966,
gemm_0936,gemm,vitis,impl,"ap_fixed<16,5>",18,73,8574,7153,1824,2520,548160,274080,0.9868,2.8968,1.5641,2.6098,604606,6046060.0,604607,10.0,4.857,205.888,0.733,0.112,0.621,True,165.39696926593518,
gemm_0938,gemm,vitis,impl,"ap_fixed<16,5>",18,73,8546,7145,1824,2520,548160,274080,0.9868,2.8968,1.559,2.6069,604534,6045340.0,604535,10.0,4.08,245.098,0.731,0.11,0.621,True,165.4166680451389,
gemm_0941,gemm,vitis,impl,"ap_fixed<16,5>",18,73,4301,5487,1824,2520,548160,274080,0.9868,2.8968,0.7846,2.002,88149,881490.0,88150,10.0,4.683,213.538,0.734,0.113,0.621,True,1134.442818409738,
gemm_0945,gemm,vitis,impl,"ap_fixed<16,5>",10,73,3883,5219,1824,2520,548160,274080,0.5482,2.8968,0.7084,1.9042,19628,196280.0,19629,10.0,5.106,195.848,0.704,0.083,0.621,True,5094.762584063583,
gemm_0949,gemm,vitis,impl,"ap_fixed<16,5>",10,73,3997,5210,1824,2520,548160,274080,0.5482,2.8968,0.7292,1.9009,19637,196370.0,19638,10.0,4.066,245.942,0.723,0.102,0.621,True,5092.427560217956,
gemm_0950,gemm,vitis,impl,"ap_fixed<16,5>",10,73,4427,5890,1824,2520,548160,274080,0.5482,2.8968,0.8076,2.149,27726,277260.0,27727,10.0,4.508,221.828,0.731,0.11,0.621,True,3606.7229315443988,
gemm_0958,gemm,vitis,impl,"ap_fixed<16,5>",10,73,3979,5289,1824,2520,548160,274080,0.5482,2.8968,0.7259,1.9297,18194,181940.0,18195,10.0,4.097,244.081,0.718,0.097,0.621,True,5496.317467296911,
gemm_0965,gemm,vitis,impl,"ap_fixed<16,5>",18,10,3907,2611,1824,2520,548160,274080,0.9868,0.3968,0.7127,0.9526,33628,336280.0,33629,10.0,3.76,265.957,0.662,0.042,0.62,True,2973.712382538361,
gemm_0969,gemm,vitis,impl,"ap_fixed<16,5>",26,17,4169,3043,1824,2520,548160,274080,1.4254,0.6746,0.7605,1.1103,546465,5464650.0,546466,10.0,3.049,327.976,0.673,0.053,0.621,True,182.99433632529073,
gemm_0971,gemm,vitis,impl,"ap_fixed<16,5>",26,17,3733,2577,1824,2520,548160,274080,1.4254,0.6746,0.681,0.9402,604192,6041920.0,604193,10.0,3.346,298.864,0.666,0.046,0.621,True,165.5103013611567,
gemm_0976,gemm,vitis,impl,"ap_fixed<16,5>",26,17,4449,3365,1824,2520,548160,274080,1.4254,0.6746,0.8116,1.2277,546474,5464740.0,546475,10.0,3.214,311.139,0.681,0.06,0.621,True,182.99132255148461,
gemm_0978,gemm,vitis,impl,"ap_fixed<16,5>",26,17,3366,2303,1824,2520,548160,274080,1.4254,0.6746,0.6141,0.8403,86662,866620.0,86663,10.0,3.149,317.561,0.666,0.046,0.621,True,1153.9082873693199,
gemm_0980,gemm,vitis,impl,"ap_fixed<16,5>",26,17,3367,2309,1824,2520,548160,274080,1.4254,0.6746,0.6142,0.8425,86662,866620.0,86663,10.0,3.235,309.119,0.666,0.046,0.621,True,1153.9082873693199,
gemm_0981,gemm,vitis,impl,"ap_fixed<16,5>",26,24,4457,3363,1824,2520,548160,274080,1.4254,0.9524,0.8131,1.227,546494,5464940.0,546495,10.0,3.312,301.932,0.682,0.061,0.621,True,182.98462563175443,
gemm_0982,gemm,vitis,impl,"ap_fixed<16,5>",26,24,4625,3570,1824,2520,548160,274080,1.4254,0.9524,0.8437,1.3025,546494,5464940.0,546495,10.0,3.377,296.121,0.685,0.065,0.621,True,182.98462563175443,
gemm_0985,gemm,vitis,impl,"ap_fixed<16,5>",26,24,4379,3179,1824,2520,548160,274080,1.4254,0.9524,0.7989,1.1599,575772,5757720.0,575773,10.0,3.142,318.269,0.679,0.058,0.621,True,173.67985938878584,
gemm_0988,gemm,vitis,impl,"ap_fixed<16,5>",26,24,4739,3619,1824,2520,548160,274080,1.4254,0.9524,0.8645,1.3204,546503,5465030.0,546504,10.0,3.335,299.85,0.689,0.068,0.621,True,182.98161217779224,
gemm_0992,gemm,vitis,impl,"ap_fixed<16,5>",26,24,3517,2458,1824,2520,548160,274080,1.4254,0.9524,0.6416,0.8968,83088,830880.0,83089,10.0,4.168,239.923,0.674,0.054,0.621,True,1203.5432312728674,
gemm_0994,gemm,vitis,impl,"ap_fixed<16,5>",18,17,3697,2526,1824,2520,548160,274080,0.9868,0.6746,0.6744,0.9216,41294,412940.0,41295,10.0,3.066,326.158,0.664,0.044,0.62,True,2421.659320966726,
gemm_1000,gemm,vitis,impl,"ap_fixed<16,5>",18,17,3795,2552,1824,2520,548160,274080,0.9868,0.6746,0.6923,0.9311,33107,331070.0,33108,10.0,3.176,314.861,0.665,0.044,0.62,True,3020.5092578608756,
gemm_1001,gemm,vitis,impl,"ap_fixed<16,5>",18,17,4431,3331,1824,2520,548160,274080,0.9868,0.6746,0.8083,1.2153,41939,419390.0,41940,10.0,3.524,283.768,0.682,0.061,0.621,True,2384.415460549846,
gemm_1003,gemm,vitis,impl,"ap_fixed<16,5>",18,17,3690,2509,1824,2520,548160,274080,0.9868,0.6746,0.6732,0.9154,24969,249690.0,24970,10.0,3.839,260.485,0.668,0.048,0.621,True,4004.966158035965,
gemm_1009,gemm,vitis,impl,"ap_fixed<16,5>",18,24,3999,2755,1824,2520,548160,274080,0.9868,0.9524,0.7295,1.0052,26395,263950.0,26396,10.0,3.718,268.962,0.676,0.056,0.621,True,3788.5963250615646,
gemm_1014,gemm,vitis,impl,"ap_fixed<16,5>",18,24,4545,3151,1824,2520,548160,274080,0.9868,0.9524,0.8291,1.1497,34029,340290.0,34030,10.0,3.786,264.131,0.681,0.061,0.621,True,2938.6699579770197,
gemm_1017,gemm,vitis,impl,"ap_fixed<16,5>",18,136,3999,5767,1824,2520,548160,274080,0.9868,5.3968,0.7295,2.1041,83625,836250.0,83626,10.0,4.367,228.99,0.768,0.147,0.621,True,1195.8146487294468,
gemm_1020,gemm,vitis,impl,"ap_fixed<16,5>",18,136,4984,5284,1824,2520,548160,274080,0.9868,5.3968,0.9092,1.9279,145393,1453930.0,145394,10.0,3.882,257.599,0.742,0.121,0.621,True,687.7910215760044,
gemm_1035,gemm,vitis,impl,"ap_fixed<16,5>",18,136,5438,5779,1824,2520,548160,274080,0.9868,5.3968,0.992,2.1085,87303,873030.0,87304,10.0,3.831,261.028,0.781,0.16,0.621,True,1145.4360102172893,
gemm_1036,gemm,vitis,impl,"ap_fixed<16,5>",18,136,9346,8192,1824,2520,548160,274080,0.9868,5.3968,1.705,2.9889,575375,5753750.0,575376,10.0,3.757,266.17,0.799,0.178,0.621,True,173.79969585053226,
gemm_1039,gemm,vitis,impl,"ap_fixed<16,5>",18,136,9370,8362,1824,2520,548160,274080,0.9868,5.3968,1.7094,3.0509,575375,5753750.0,575376,10.0,3.944,253.55,0.801,0.18,0.621,True,173.79969585053226,
gemm_1040,gemm,vitis,impl,"ap_fixed<16,5>",18,136,4332,5913,1824,2520,548160,274080,0.9868,5.3968,0.7903,2.1574,83711,837110.0,83712,10.0,5.321,187.935,0.771,0.15,0.621,True,1194.5861356333098,
gemm_1042,gemm,vitis,impl,"ap_fixed<16,5>",18,24,3514,2463,1824,2520,548160,274080,0.9868,0.9524,0.6411,0.8986,25934,259340.0,25935,10.0,3.088,323.834,0.666,0.046,0.62,True,3855.9420066322205,
gemm_1043,gemm,vitis,impl,"ap_fixed<16,5>",18,24,4519,3641,1824,2520,548160,274080,0.9868,0.9524,0.8244,1.3284,42269,422690.0,42270,10.0,3.988,250.752,0.687,0.066,0.621,True,2365.7999952684,
gemm_1051,gemm,vitis,impl,"ap_fixed<16,5>",10,80,5129,5028,1824,2520,548160,274080,0.5482,3.1746,0.9357,1.8345,34156,341560.0,34157,10.0,3.387,295.247,0.719,0.099,0.621,True,2927.7432954678534,
gemm_1053,gemm,vitis,impl,"ap_fixed<16,5>",10,80,4176,5186,1824,2520,548160,274080,0.5482,3.1746,0.7618,1.8921,26525,265250.0,26526,10.0,4.207,237.699,0.729,0.109,0.621,True,3770.0282752120643,
gemm_1058,gemm,vitis,impl,"ap_fixed<16,5>",10,73,3832,5062,1824,2520,548160,274080,0.5482,2.8968,0.6991,1.8469,26388,263880.0,26389,10.0,4.047,247.097,0.696,0.075,0.621,True,3789.6013339396695,
gemm_1062,gemm,vitis,impl,"ap_fixed<16,5>",10,73,3946,5058,1824,2520,548160,274080,0.5482,2.8968,0.7199,1.8454,26397,263970.0,26398,10.0,4.391,227.739,0.713,0.092,0.621,True,3788.309277569421,
gemm_1069,gemm,vitis,impl,"ap_fixed<16,5>",18,73,5034,5017,1824,2520,548160,274080,0.9868,2.8968,0.9183,1.8305,575743,5757430.0,575744,10.0,4.062,246.184,0.714,0.093,0.621,True,173.68860759053953,
gemm_1077,gemm,vitis,impl,"ap_fixed<16,5>",18,80,9247,7737,1824,2520,548160,274080,0.9868,3.1746,1.6869,2.8229,604486,6044860.0,604487,10.0,4.151,240.906,0.746,0.125,0.621,True,165.4298031716202,
gemm_1081,gemm,vitis,impl,"ap_fixed<16,5>",18,80,5322,5328,1824,2520,548160,274080,0.9868,3.1746,0.9709,1.944,575772,5757720.0,575773,10.0,3.553,281.452,0.729,0.108,0.621,True,173.67985938878584,
gemm_1082,gemm,vitis,impl,"ap_fixed<16,5>",18,80,3656,5125,1824,2520,548160,274080,0.9868,3.1746,0.667,1.8699,141651,1416510.0,141652,10.0,4.14,241.546,0.71,0.09,0.621,True,705.9604238586385,
gemm_1083,gemm,vitis,impl,"ap_fixed<16,5>",18,80,9380,7799,1824,2520,548160,274080,0.9868,3.1746,1.7112,2.8455,604495,6044950.0,604496,10.0,4.01,249.377,0.741,0.12,0.621,True,165.42734017651097,
gemm_1090,gemm,vitis,impl,"ap_fixed<16,5>",10,80,5702,5863,1824,2520,548160,274080,0.5482,3.1746,1.0402,2.1392,43077,430770.0,43078,10.0,4.434,225.53,0.728,0.107,0.621,True,2321.4244260278106,
gemm_1101,gemm,vitis,impl,"ap_fixed<16,5>",18,24,4801,3711,1824,2520,548160,274080,0.9868,0.9524,0.8758,1.354,42757,427570.0,42758,10.0,3.711,269.469,0.693,0.073,0.621,True,2338.798325420399,
gemm_1104,gemm,vitis,impl,"ap_fixed<16,5>",18,24,3633,2518,1824,2520,548160,274080,0.9868,0.9524,0.6628,0.9187,17808,178080.0,17809,10.0,3.22,310.559,0.671,0.051,0.62,True,5615.453728661276,
gemm_1106,gemm,vitis,impl,"ap_fixed<16,5>",2,136,5376,7709,1824,2520,548160,274080,0.1096,5.3968,0.9807,2.8127,26789,267890.0,26790,10.0,4.211,237.473,0.768,0.147,0.621,True,3732.875433946769,
gemm_1107,gemm,vitis,impl,"ap_fixed<16,5>",2,136,5188,7630,1824,2520,548160,274080,0.1096,5.3968,0.9464,2.7839,27709,277090.0,27710,10.0,4.35,229.885,0.766,0.145,0.621,True,3608.9357248547403,
gemm_1113,gemm,vitis,impl,"ap_fixed<16,5>",2,584,7451,15097,1824,2520,548160,274080,0.1096,23.1746,1.3593,5.5082,141617,1416170.0,141618,10.0,6.817,146.692,1.137,0.514,0.623,True,706.1299137815375,
gemm_1117,gemm,vitis,impl,"ap_fixed<16,5>",2,584,11044,13503,1824,2520,548160,274080,0.1096,23.1746,2.0147,4.9267,571697,5716970.0,571698,10.0,5.204,192.16,1.061,0.438,0.623,True,174.91783234825442,
gemm_1118,gemm,vitis,impl,"ap_fixed<16,5>",2,584,8655,14932,1824,2520,548160,274080,0.1096,23.1746,1.5789,5.448,145209,1452090.0,145210,10.0,6.395,156.372,1.117,0.494,0.623,True,688.6625484646269,
gemm_1119,gemm,vitis,impl,"ap_fixed<16,5>",2,584,7665,15228,1824,2520,548160,274080,0.1096,23.1746,1.3983,5.556,141626,1416260.0,141627,10.0,6.569,152.23,1.096,0.474,0.623,True,706.0850408823238,
gemm_1126,gemm,vitis,impl,"ap_fixed<16,5>",2,584,11456,12761,1824,2520,548160,274080,0.1096,23.1746,2.0899,4.6559,575366,5753660.0,575367,10.0,5.073,197.122,1.061,0.439,0.623,True,173.80241446314173,
gemm_1128,gemm,vitis,impl,"ap_fixed<16,5>",2,584,7793,15153,1824,2520,548160,274080,0.1096,23.1746,1.4217,5.5287,141766,1417660.0,141767,10.0,6.728,148.633,1.138,0.515,0.623,True,705.3877516470804,
gemm_1138,gemm,vitis,impl,"ap_fixed<16,5>",2,136,5332,7674,1824,2520,548160,274080,0.1096,5.3968,0.9727,2.7999,27717,277170.0,27718,10.0,4.602,217.297,0.762,0.141,0.621,True,3607.8940722300395,
gemm_1144,gemm,vitis,impl,"ap_fixed<16,5>",2,136,6557,7629,1824,2520,548160,274080,0.1096,5.3968,1.1962,2.7835,34446,344460.0,34447,10.0,3.711,269.469,0.792,0.171,0.621,True,2903.09469894908,
gemm_1150,gemm,vitis,impl,"ap_fixed<16,5>",2,136,4420,8054,1824,2520,548160,274080,0.1096,5.3968,0.8063,2.9386,19694,196940.0,19695,10.0,4.251,235.239,0.802,0.181,0.621,True,5077.6886361328325,
gemm_1153,gemm,vitis,impl,"ap_fixed<16,5>",25,3,3182,2289,1824,2520,548160,274080,1.3706,0.119,0.5805,0.8352,41282,412820.0,41283,10.0,2.897,345.185,0.652,0.032,0.62,True,2422.3632575941087,
gemm_1154,gemm,vitis,impl,"ap_fixed<16,5>",25,3,3218,2312,1824,2520,548160,274080,1.3706,0.119,0.5871,0.8435,41282,412820.0,41283,10.0,3.309,302.206,0.653,0.033,0.62,True,2422.3632575941087,
gemm_1155,gemm,vitis,impl,"ap_fixed<16,5>",25,3,3220,2319,1824,2520,548160,274080,1.3706,0.119,0.5874,0.8461,41282,412820.0,41283,10.0,2.788,358.68,0.652,0.032,0.62,True,2422.3632575941087,
gemm_1156,gemm,vitis,impl,"ap_fixed<16,5>",25,3,3256,2340,1824,2520,548160,274080,1.3706,0.119,0.594,0.8538,41282,412820.0,41283,10.0,3.186,313.873,0.653,0.032,0.62,True,2422.3632575941087,
gemm_1157,gemm,vitis,impl,"ap_fixed<16,5>",25,3,3292,2314,1824,2520,548160,274080,1.3706,0.119,0.6006,0.8443,41291,412910.0,41292,10.0,2.768,361.272,0.654,0.034,0.62,True,2421.8352667651548,
gemm_1158,gemm,vitis,impl,"ap_fixed<16,5>",25,3,3328,2340,1824,2520,548160,274080,1.3706,0.119,0.6071,0.8538,41291,412910.0,41292,10.0,3.432,291.375,0.655,0.034,0.62,True,2421.8352667651548,
gemm_1159,gemm,vitis,impl,"ap_fixed<16,5>",25,3,3330,2346,1824,2520,548160,274080,1.3706,0.119,0.6075,0.856,41291,412910.0,41292,10.0,3.343,299.133,0.654,0.034,0.62,True,2421.8352667651548,
gemm_1160,gemm,vitis,impl,"ap_fixed<16,5>",25,3,3366,2371,1824,2520,548160,274080,1.3706,0.119,0.6141,0.8651,41291,412910.0,41292,10.0,3.041,328.839,0.655,0.034,0.62,True,2421.8352667651548,
gemm_1161,gemm,vitis,impl,"ap_fixed<16,5>",33,3,3134,2149,1824,2520,548160,274080,1.8092,0.119,0.5717,0.7841,1089729,10897290.0,1089730,10.0,3.149,317.561,0.653,0.033,0.621,True,91.76593446627557,
gemm_1162,gemm,vitis,impl,"ap_fixed<16,5>",33,3,3153,2192,1824,2520,548160,274080,1.8092,0.119,0.5752,0.7998,1089729,10897290.0,1089730,10.0,2.955,338.409,0.655,0.035,0.621,True,91.76593446627557,
gemm_1163,gemm,vitis,impl,"ap_fixed<16,5>",33,3,3219,2173,1824,2520,548160,274080,1.8092,0.119,0.5872,0.7928,1090750,10907500.0,1090751,10.0,3.097,322.893,0.654,0.034,0.621,True,91.68003667201467,
gemm_1164,gemm,vitis,impl,"ap_fixed<16,5>",33,3,3173,2189,1824,2520,548160,274080,1.8092,0.119,0.5788,0.7987,1089729,10897290.0,1089730,10.0,3.047,328.192,0.655,0.034,0.621,True,91.76593446627557,
gemm_1165,gemm,vitis,impl,"ap_fixed<16,5>",33,3,3153,2203,1824,2520,548160,274080,1.8092,0.119,0.5752,0.8038,1089729,10897290.0,1089730,10.0,3.709,269.614,0.656,0.035,0.621,True,91.76593446627557,
gemm_1166,gemm,vitis,impl,"ap_fixed<16,5>",33,3,3173,2222,1824,2520,548160,274080,1.8092,0.119,0.5788,0.8107,1089729,10897290.0,1089730,10.0,2.764,361.795,0.656,0.035,0.621,True,91.76593446627557,
gemm_1167,gemm,vitis,impl,"ap_fixed<16,5>",33,3,3244,2239,1824,2520,548160,274080,1.8092,0.119,0.5918,0.8169,1089734,10897340.0,1089735,10.0,3.131,319.387,0.655,0.034,0.621,True,91.76551341887102,
gemm_1168,gemm,vitis,impl,"ap_fixed<16,5>",33,3,3263,2284,1824,2520,548160,274080,1.8092,0.119,0.5953,0.8333,1089734,10897340.0,1089735,10.0,3.156,316.857,0.656,0.036,0.621,True,91.76551341887102,
gemm_1169,gemm,vitis,impl,"ap_fixed<16,5>",33,3,3333,2266,1824,2520,548160,274080,1.8092,0.119,0.608,0.8268,1090759,10907590.0,1090760,10.0,2.945,339.559,0.655,0.034,0.621,True,91.67928020763523,
gemm_1170,gemm,vitis,impl,"ap_fixed<16,5>",33,3,3283,2277,1824,2520,548160,274080,1.8092,0.119,0.5989,0.8308,1089734,10897340.0,1089735,10.0,3.36,297.619,0.657,0.037,0.621,True,91.76551341887102,
gemm_1171,gemm,vitis,impl,"ap_fixed<16,5>",33,3,3263,2296,1824,2520,548160,274080,1.8092,0.119,0.5953,0.8377,1089734,10897340.0,1089735,10.0,3.022,330.907,0.656,0.035,0.621,True,91.76551341887102,
gemm_1172,gemm,vitis,impl,"ap_fixed<16,5>",33,3,3283,2308,1824,2520,548160,274080,1.8092,0.119,0.5989,0.8421,1089734,10897340.0,1089735,10.0,3.13,319.489,0.657,0.036,0.621,True,91.76551341887102,
gemm_1173,gemm,vitis,impl,"ap_fixed<16,5>",33,3,3289,2261,1824,2520,548160,274080,1.8092,0.119,0.6,0.8249,1089673,10896730.0,1089674,10.0,3.0,333.333,0.656,0.035,0.621,True,91.7706504611934,
gemm_1174,gemm,vitis,impl,"ap_fixed<16,5>",33,3,3308,2309,1824,2520,548160,274080,1.8092,0.119,0.6035,0.8425,1089673,10896730.0,1089674,10.0,3.013,331.895,0.656,0.035,0.621,True,91.7706504611934,
gemm_1175,gemm,vitis,impl,"ap_fixed<16,5>",33,3,3302,2245,1824,2520,548160,274080,1.8092,0.119,0.6024,0.8191,1090763,10907630.0,1090764,10.0,3.462,288.85,0.655,0.034,0.621,True,91.67894400525137,
gemm_1176,gemm,vitis,impl,"ap_fixed<16,5>",33,3,3254,2254,1824,2520,548160,274080,1.8092,0.119,0.5936,0.8224,1089673,10896730.0,1089674,10.0,3.194,313.087,0.655,0.035,0.621,True,91.7706504611934,
gemm_1177,gemm,vitis,impl,"ap_fixed<16,5>",33,3,3308,2317,1824,2520,548160,274080,1.8092,0.119,0.6035,0.8454,1089673,10896730.0,1089674,10.0,3.097,322.893,0.656,0.035,0.621,True,91.7706504611934,
gemm_1178,gemm,vitis,impl,"ap_fixed<16,5>",33,3,3254,2288,1824,2520,548160,274080,1.8092,0.119,0.5936,0.8348,1089673,10896730.0,1089674,10.0,3.107,321.854,0.655,0.035,0.621,True,91.7706504611934,
gemm_1179,gemm,vitis,impl,"ap_fixed<16,5>",33,3,3397,2288,1824,2520,548160,274080,1.8092,0.119,0.6197,0.8348,1089680,10896800.0,1089681,10.0,3.025,330.579,0.656,0.035,0.621,True,91.77006093532046,
gemm_1180,gemm,vitis,impl,"ap_fixed<16,5>",33,3,3416,2341,1824,2520,548160,274080,1.8092,0.119,0.6232,0.8541,1089680,10896800.0,1089681,10.0,3.075,325.203,0.656,0.036,0.621,True,91.77006093532046,
gemm_1181,gemm,vitis,impl,"ap_fixed<16,5>",33,3,3412,2281,1824,2520,548160,274080,1.8092,0.119,0.6224,0.8322,1090772,10907720.0,1090773,10.0,2.997,333.667,0.655,0.035,0.621,True,91.67818755890323,
gemm_1182,gemm,vitis,impl,"ap_fixed<16,5>",33,3,3362,2286,1824,2520,548160,274080,1.8092,0.119,0.6133,0.8341,1089680,10896800.0,1089681,10.0,3.318,301.386,0.657,0.036,0.621,True,91.77006093532046,
gemm_1183,gemm,vitis,impl,"ap_fixed<16,5>",33,3,3416,2351,1824,2520,548160,274080,1.8092,0.119,0.6232,0.8578,1089680,10896800.0,1089681,10.0,3.336,299.76,0.658,0.037,0.621,True,91.77006093532046,
gemm_1184,gemm,vitis,impl,"ap_fixed<16,5>",33,3,3362,2321,1824,2520,548160,274080,1.8092,0.119,0.6133,0.8468,1089680,10896800.0,1089681,10.0,3.136,318.878,0.658,0.037,0.621,True,91.77006093532046,
gemm_1185,gemm,vitis,impl,"ap_fixed<16,5>",1,0,1593,1107,1824,2520,548160,274080,0.0548,0.0,0.2906,0.4039,41273,412730.0,41274,10.0,2.859,349.773,0.63,0.01,0.62,True,2422.8914786906694,
gemm_1186,gemm,vitis,impl,"ap_fixed<16,5>",1,0,1593,1107,1824,2520,548160,274080,0.0548,0.0,0.2906,0.4039,41273,412730.0,41274,10.0,2.859,349.773,0.63,0.01,0.62,True,2422.8914786906694,
gemm_1187,gemm,vitis,impl,"ap_fixed<16,5>",1,0,1593,1107,1824,2520,548160,274080,0.0548,0.0,0.2906,0.4039,41273,412730.0,41274,10.0,2.859,349.773,0.63,0.01,0.62,True,2422.8914786906694,
gemm_1188,gemm,vitis,impl,"ap_fixed<16,5>",1,0,1593,1107,1824,2520,548160,274080,0.0548,0.0,0.2906,0.4039,41273,412730.0,41274,10.0,2.859,349.773,0.63,0.01,0.62,True,2422.8914786906694,
gemm_1189,gemm,vitis,impl,"ap_fixed<16,5>",1,0,1593,1107,1824,2520,548160,274080,0.0548,0.0,0.2906,0.4039,41273,412730.0,41274,10.0,2.859,349.773,0.63,0.01,0.62,True,2422.8914786906694,
gemm_1190,gemm,vitis,impl,"ap_fixed<16,5>",1,0,1593,1107,1824,2520,548160,274080,0.0548,0.0,0.2906,0.4039,41273,412730.0,41274,10.0,2.859,349.773,0.63,0.01,0.62,True,2422.8914786906694,
gemm_1191,gemm,vitis,impl,"ap_fixed<16,5>",1,0,1593,1107,1824,2520,548160,274080,0.0548,0.0,0.2906,0.4039,41273,412730.0,41274,10.0,2.859,349.773,0.63,0.01,0.62,True,2422.8914786906694,
gemm_1192,gemm,vitis,impl,"ap_fixed<16,5>",1,0,1593,1107,1824,2520,548160,274080,0.0548,0.0,0.2906,0.4039,41273,412730.0,41274,10.0,2.859,349.773,0.63,0.01,0.62,True,2422.8914786906694,
gemm_1193,gemm,vitis,impl,"ap_fixed<16,5>",25,3,3221,2302,1824,2520,548160,274080,1.3706,0.119,0.5876,0.8399,41415,414150.0,41416,10.0,2.957,338.181,0.653,0.032,0.62,True,2414.5840878908607,
gemm_1194,gemm,vitis,impl,"ap_fixed<16,5>",25,3,3185,2294,1824,2520,548160,274080,1.3706,0.119,0.581,0.837,41415,414150.0,41416,10.0,2.804,356.633,0.653,0.032,0.62,True,2414.5840878908607,
gemm_1195,gemm,vitis,impl,"ap_fixed<16,5>",25,3,3259,2330,1824,2520,548160,274080,1.3706,0.119,0.5945,0.8501,41415,414150.0,41416,10.0,3.379,295.946,0.653,0.032,0.62,True,2414.5840878908607,
gemm_1196,gemm,vitis,impl,"ap_fixed<16,5>",25,3,3223,2323,1824,2520,548160,274080,1.3706,0.119,0.588,0.8476,41415,414150.0,41416,10.0,2.874,347.947,0.653,0.032,0.62,True,2414.5840878908607,
gemm_1197,gemm,vitis,impl,"ap_fixed<16,5>",25,3,3329,2332,1824,2520,548160,274080,1.3706,0.119,0.6073,0.8508,41422,414220.0,41423,10.0,3.075,325.203,0.655,0.034,0.62,True,2414.176041716962,
gemm_1198,gemm,vitis,impl,"ap_fixed<16,5>",25,3,3293,2327,1824,2520,548160,274080,1.3706,0.119,0.6007,0.849,41422,414220.0,41423,10.0,2.912,343.407,0.654,0.034,0.62,True,2414.176041716962,
gemm_1199,gemm,vitis,impl,"ap_fixed<16,5>",25,3,3367,2363,1824,2520,548160,274080,1.3706,0.119,0.6142,0.8622,41422,414220.0,41423,10.0,3.082,324.465,0.655,0.034,0.62,True,2414.176041716962,
gemm_1200,gemm,vitis,impl,"ap_fixed<16,5>",25,3,3331,2356,1824,2520,548160,274080,1.3706,0.119,0.6077,0.8596,41422,414220.0,41423,10.0,2.763,361.925,0.654,0.034,0.62,True,2414.176041716962,
gemm_1210,gemm,vitis,impl,"ap_fixed<16,5>",34,24,3865,2812,1824,2520,548160,274080,1.864,0.9524,0.7051,1.026,1134926,11349260.0,1134927,10.0,3.395,294.551,0.678,0.058,0.621,True,88.11147158493152,
gemm_1211,gemm,vitis,impl,"ap_fixed<16,5>",34,24,3837,2904,1824,2520,548160,274080,1.864,0.9524,0.7,1.0595,165978,1659780.0,165979,10.0,3.297,303.306,0.678,0.057,0.621,True,602.4894865584596,
gemm_1221,gemm,vitis,impl,"ap_fixed<16,5>",34,17,3376,2297,1824,2520,548160,274080,1.864,0.6746,0.6159,0.8381,165001,1650010.0,165002,10.0,3.173,315.159,0.664,0.044,0.621,True,606.0569329882849,
gemm_1224,gemm,vitis,impl,"ap_fixed<16,5>",34,17,4106,2774,1824,2520,548160,274080,1.864,0.6746,0.7491,1.0121,1200726,12007260.0,1200727,10.0,3.397,294.377,0.676,0.055,0.621,True,83.2829471503074,
gemm_1225,gemm,vitis,impl,"ap_fixed<16,5>",34,17,4088,3027,1824,2520,548160,274080,1.864,0.6746,0.7458,1.1044,1083725,10837250.0,1083726,10.0,3.074,325.309,0.67,0.05,0.621,True,92.27433158781056,
gemm_1229,gemm,vitis,impl,"ap_fixed<16,5>",34,17,3866,2552,1824,2520,548160,274080,1.864,0.6746,0.7053,0.9311,165915,1659150.0,165916,10.0,3.231,309.502,0.669,0.049,0.621,True,602.718259349667,
gemm_1230,gemm,vitis,impl,"ap_fixed<16,5>",34,17,4216,2775,1824,2520,548160,274080,1.864,0.6746,0.7691,1.0125,1200735,12007350.0,1200736,10.0,3.664,272.926,0.673,0.052,0.621,True,83.28232291055062,
gemm_1233,gemm,vitis,impl,"ap_fixed<16,5>",1,0,1587,1093,1824,2520,548160,274080,0.0548,0.0,0.2895,0.3988,26873,268730.0,26874,10.0,2.511,398.248,0.63,0.01,0.62,True,3721.2071596025753,
gemm_1235,gemm,vitis,impl,"ap_fixed<16,5>",1,0,1688,1191,1824,2520,548160,274080,0.0548,0.0,0.3079,0.4345,42131,421310.0,42132,10.0,2.767,361.402,0.631,0.01,0.62,True,2373.5491680710165,
gemm_1239,gemm,vitis,impl,"ap_fixed<16,5>",1,0,1688,1191,1824,2520,548160,274080,0.0548,0.0,0.3079,0.4345,42131,421310.0,42132,10.0,2.767,361.402,0.631,0.01,0.62,True,2373.5491680710165,
gemm_1243,gemm,vitis,impl,"ap_fixed<16,5>",26,17,3977,2769,1824,2520,548160,274080,1.4254,0.6746,0.7255,1.0103,50604,506040.0,50605,10.0,3.38,295.858,0.667,0.047,0.621,True,1976.1283692988698,
gemm_1253,gemm,vitis,impl,"ap_fixed<16,5>",26,17,3842,2717,1824,2520,548160,274080,1.4254,0.6746,0.7009,0.9913,42329,423290.0,42330,10.0,3.339,299.491,0.669,0.049,0.621,True,2362.446549646814,
gemm_1259,gemm,vitis,impl,"ap_fixed<16,5>",34,10,3843,2803,1824,2520,548160,274080,1.864,0.3968,0.7011,1.0227,1090750,10907500.0,1090751,10.0,2.986,334.896,0.666,0.046,0.621,True,91.68003667201467,
gemm_1261,gemm,vitis,impl,"ap_fixed<16,5>",34,10,3139,2183,1824,2520,548160,274080,1.864,0.3968,0.5726,0.7965,1089729,10897290.0,1089730,10.0,3.32,301.205,0.657,0.037,0.621,True,91.76593446627557,
gemm_1262,gemm,vitis,impl,"ap_fixed<16,5>",34,10,3508,2434,1824,2520,548160,274080,1.864,0.3968,0.64,0.8881,1206846,12068460.0,1206847,10.0,3.346,298.864,0.66,0.039,0.621,True,82.86061353312684,
gemm_1263,gemm,vitis,impl,"ap_fixed<16,5>",34,10,3716,2595,1824,2520,548160,274080,1.864,0.3968,0.6779,0.9468,1148359,11483590.0,1148360,10.0,3.193,313.185,0.665,0.045,0.621,True,87.08078222925062,
gemm_1264,gemm,vitis,impl,"ap_fixed<16,5>",34,10,3249,2264,1824,2520,548160,274080,1.864,0.3968,0.5927,0.826,1089734,10897340.0,1089735,10.0,3.774,264.971,0.657,0.037,0.621,True,91.76551341887102,
gemm_1265,gemm,vitis,impl,"ap_fixed<16,5>",34,10,3957,2904,1824,2520,548160,274080,1.864,0.3968,0.7219,1.0595,1090759,10907590.0,1090760,10.0,3.025,330.579,0.667,0.047,0.621,True,91.67928020763523,
gemm_1267,gemm,vitis,impl,"ap_fixed<16,5>",34,10,3249,2274,1824,2520,548160,274080,1.864,0.3968,0.5927,0.8297,1089734,10897340.0,1089735,10.0,3.076,325.098,0.659,0.038,0.621,True,91.76551341887102,
gemm_1269,gemm,vitis,impl,"ap_fixed<16,5>",34,10,3759,2624,1824,2520,548160,274080,1.864,0.3968,0.6857,0.9574,1148363,11483630.0,1148364,10.0,3.159,316.556,0.664,0.043,0.621,True,87.0804789078018,
gemm_1271,gemm,vitis,impl,"ap_fixed<16,5>",34,10,3926,2879,1824,2520,548160,274080,1.864,0.3968,0.7162,1.0504,1090763,10907630.0,1090764,10.0,3.33,300.3,0.668,0.047,0.621,True,91.67894400525137,
gemm_1272,gemm,vitis,impl,"ap_fixed<16,5>",34,10,3935,2839,1824,2520,548160,274080,1.864,0.3968,0.7179,1.0358,1090763,10907630.0,1090764,10.0,3.42,292.398,0.667,0.047,0.621,True,91.67894400525137,
gemm_1273,gemm,vitis,impl,"ap_fixed<16,5>",34,10,3294,2296,1824,2520,548160,274080,1.864,0.3968,0.6009,0.8377,1089673,10896730.0,1089674,10.0,2.967,337.041,0.658,0.037,0.621,True,91.7706504611934,
gemm_1276,gemm,vitis,impl,"ap_fixed<16,5>",34,10,3402,2312,1824,2520,548160,274080,1.864,0.3968,0.6206,0.8435,1089680,10896800.0,1089681,10.0,3.229,309.693,0.66,0.039,0.621,True,91.77006093532046,
gemm_1278,gemm,vitis,impl,"ap_fixed<16,5>",34,10,4045,2870,1824,2520,548160,274080,1.864,0.3968,0.7379,1.0471,1090772,10907720.0,1090773,10.0,3.53,283.286,0.666,0.046,0.621,True,91.67818755890323,
gemm_1284,gemm,vitis,impl,"ap_fixed<16,5>",26,17,3912,2786,1824,2520,548160,274080,1.4254,0.6746,0.7137,1.0165,50471,504710.0,50472,10.0,4.22,236.967,0.669,0.049,0.621,True,1981.3358166075568,
gemm_1285,gemm,vitis,impl,"ap_fixed<16,5>",26,17,4036,2796,1824,2520,548160,274080,1.4254,0.6746,0.7363,1.0201,43316,433160.0,43317,10.0,3.503,285.47,0.671,0.051,0.621,True,2308.6157539939054,
gemm_1287,gemm,vitis,impl,"ap_fixed<16,5>",26,17,3548,2468,1824,2520,548160,274080,1.4254,0.6746,0.6473,0.9005,42387,423870.0,42388,10.0,3.692,270.856,0.664,0.044,0.621,True,2359.213909925213,
gemm_1289,gemm,vitis,impl,"ap_fixed<16,5>",26,10,3771,2807,1824,2520,548160,274080,1.4254,0.3968,0.6879,1.0242,42336,423360.0,42337,10.0,3.615,276.625,0.665,0.044,0.621,True,2362.0559334845047,
gemm_1290,gemm,vitis,impl,"ap_fixed<16,5>",26,10,3295,2409,1824,2520,548160,274080,1.4254,0.3968,0.6011,0.8789,27079,270790.0,27080,10.0,2.93,341.297,0.663,0.042,0.621,True,3692.8985560766646,
gemm_1296,gemm,vitis,impl,"ap_fixed<16,5>",26,10,3441,2467,1824,2520,548160,274080,1.4254,0.3968,0.6277,0.9001,27086,270860.0,27087,10.0,3.445,290.276,0.665,0.045,0.621,True,3691.944177804032,
gemm_1300,gemm,vitis,impl,"ap_fixed<16,5>",74,80,4512,3307,1824,2520,548160,274080,4.057,3.1746,0.8231,1.2066,51413,514130.0,51414,10.0,3.96,252.525,0.72,0.099,0.621,True,1945.033357322078,
gemm_1302,gemm,vitis,impl,"ap_fixed<16,5>",74,80,4135,3009,1824,2520,548160,274080,4.057,3.1746,0.7543,1.0979,42282,422820.0,42283,10.0,3.889,257.136,0.715,0.094,0.621,True,2365.0726077290574,
gemm_1307,gemm,vitis,impl,"ap_fixed<16,5>",82,80,4337,3822,1824,2520,548160,274080,4.4956,3.1746,0.7912,1.3945,166887,1668870.0,166888,10.0,3.987,250.815,0.727,0.107,0.621,True,599.2078472259673,
gemm_1311,gemm,vitis,impl,"ap_fixed<16,5>",82,80,3725,3117,1824,2520,548160,274080,4.4956,3.1746,0.6795,1.1373,216407,2164070.0,216408,10.0,3.881,257.666,0.699,0.078,0.621,True,462.0922613408993,
gemm_1313,gemm,vitis,impl,"ap_fixed<16,5>",82,80,4451,3917,1824,2520,548160,274080,4.4956,3.1746,0.812,1.4291,166896,1668960.0,166897,10.0,3.762,265.816,0.729,0.109,0.621,True,599.1755344645768,
gemm_1316,gemm,vitis,impl,"ap_fixed<16,5>",82,80,6706,5538,1824,2520,548160,274080,4.4956,3.1746,1.2234,2.0206,1200514,12005140.0,1200515,10.0,4.287,233.263,0.743,0.122,0.621,True,83.29765417146322,
gemm_1317,gemm,vitis,impl,"ap_fixed<16,5>",82,73,3657,2895,1824,2520,548160,274080,4.4956,2.8968,0.6671,1.0563,223691,2236910.0,223692,10.0,3.954,252.908,0.686,0.065,0.621,True,447.045254391102,
gemm_1326,gemm,vitis,impl,"ap_fixed<16,5>",82,73,6699,5208,1824,2520,548160,274080,4.4956,2.8968,1.2221,1.9002,1200623,12006230.0,1200624,10.0,4.428,225.836,0.729,0.109,0.621,True,83.29009189395839,
gemm_1332,gemm,vitis,impl,"ap_fixed<16,5>",74,73,4533,3571,1824,2520,548160,274080,4.057,2.8968,0.8269,1.3029,51349,513490.0,51350,10.0,3.265,306.279,0.714,0.093,0.621,True,1947.4575941108883,
gemm_1337,gemm,vitis,impl,"ap_fixed<16,5>",74,73,4041,3028,1824,2520,548160,274080,4.057,2.8968,0.7372,1.1048,42273,422730.0,42274,10.0,3.938,253.936,0.713,0.092,0.621,True,2365.5761360679394,
gemm_1341,gemm,vitis,impl,"ap_fixed<16,5>",74,73,4151,3060,1824,2520,548160,274080,4.057,2.8968,0.7573,1.1165,42282,422820.0,42283,10.0,3.49,286.533,0.712,0.092,0.621,True,2365.0726077290574,
gemm_1343,gemm,vitis,impl,"ap_fixed<16,5>",74,73,4620,3386,1824,2520,548160,274080,4.057,2.8968,0.8428,1.2354,51422,514220.0,51423,10.0,4.148,241.08,0.717,0.097,0.621,True,1944.6929329858815,
gemm_1345,gemm,vitis,impl,"ap_fixed<16,5>",25,10,3819,2655,1824,2520,548160,274080,1.3706,0.3968,0.6967,0.9687,50195,501950.0,50196,10.0,3.079,324.781,0.664,0.043,0.621,True,1992.2303018228906,
gemm_1348,gemm,vitis,impl,"ap_fixed<16,5>",25,10,3368,2362,1824,2520,548160,274080,1.3706,0.3968,0.6144,0.8618,41282,412820.0,41283,10.0,2.831,353.232,0.657,0.036,0.62,True,2422.3632575941087,
gemm_1349,gemm,vitis,impl,"ap_fixed<16,5>",25,10,3929,2657,1824,2520,548160,274080,1.3706,0.3968,0.7168,0.9694,50204,502040.0,50205,10.0,3.449,289.939,0.66,0.04,0.62,True,1991.8731575173292,
gemm_1350,gemm,vitis,impl,"ap_fixed<16,5>",25,10,3965,2706,1824,2520,548160,274080,1.3706,0.3968,0.7233,0.9873,50204,502040.0,50205,10.0,3.359,297.708,0.662,0.042,0.621,True,1991.8731575173292,
gemm_1354,gemm,vitis,impl,"ap_fixed<16,5>",33,17,4439,3362,1824,2520,548160,274080,1.8092,0.6746,0.8098,1.2266,1083681,10836810.0,1083682,10.0,3.612,276.855,0.679,0.059,0.621,True,92.27807814292213,
gemm_1355,gemm,vitis,impl,"ap_fixed<16,5>",33,17,3790,2629,1824,2520,548160,274080,1.8092,0.6746,0.6914,0.9592,1141408,11414080.0,1141409,10.0,3.339,299.491,0.667,0.047,0.621,True,87.61109086321456,
gemm_1367,gemm,vitis,impl,"ap_fixed<16,5>",33,24,3950,2833,1824,2520,548160,274080,1.8092,0.9524,0.7206,1.0336,1134197,11341970.0,1134198,10.0,3.563,280.662,0.673,0.053,0.621,True,88.16810483540337,
gemm_1368,gemm,vitis,impl,"ap_fixed<16,5>",33,24,3433,2460,1824,2520,548160,274080,1.8092,0.9524,0.6263,0.8975,157833,1578330.0,157834,10.0,3.421,292.312,0.669,0.049,0.621,True,633.5810635291732,
gemm_1385,gemm,vitis,impl,"ap_fixed<16,5>",25,17,4451,3376,1824,2520,548160,274080,1.3706,0.6746,0.812,1.2318,58387,583870.0,58388,10.0,3.407,293.513,0.683,0.062,0.621,True,1712.7100210663332,
gemm_1387,gemm,vitis,impl,"ap_fixed<16,5>",25,17,3710,2553,1824,2520,548160,274080,1.3706,0.6746,0.6768,0.9315,41415,414150.0,41416,10.0,3.071,325.627,0.665,0.045,0.621,True,2414.5840878908607,
gemm_1392,gemm,vitis,impl,"ap_fixed<16,5>",25,17,3833,2607,1824,2520,548160,274080,1.3706,0.6746,0.6992,0.9512,57806,578060.0,57807,10.0,3.214,311.139,0.667,0.046,0.621,True,1729.9242293187558,
gemm_1399,gemm,vitis,impl,"ap_fixed<16,5>",26,24,3648,2502,1824,2520,548160,274080,1.4254,0.9524,0.6655,0.9129,26955,269550.0,26956,10.0,3.642,274.574,0.67,0.049,0.621,True,3709.886848451122,
gemm_1409,gemm,vitis,impl,"ap_fixed<16,5>",26,136,5293,7862,1824,2520,548160,274080,1.4254,5.3968,0.9656,2.8685,223826,2238260.0,223827,10.0,4.12,242.718,0.746,0.125,0.621,True,446.77562034794886,
gemm_1415,gemm,vitis,impl,"ap_fixed<16,5>",26,136,4321,8177,1824,2520,548160,274080,1.4254,5.3968,0.7883,2.9834,216702,2167020.0,216703,10.0,4.431,225.683,0.811,0.19,0.621,True,461.46320753846294,
gemm_1420,gemm,vitis,impl,"ap_fixed<16,5>",26,136,9467,9347,1824,2520,548160,274080,1.4254,5.3968,1.7271,3.4103,1141775,11417750.0,1141776,10.0,3.762,265.816,0.817,0.196,0.621,True,87.58293008692605,
gemm_1423,gemm,vitis,impl,"ap_fixed<16,5>",26,136,9404,9443,1824,2520,548160,274080,1.4254,5.3968,1.7156,3.4453,1141879,11418790.0,1141880,10.0,4.525,220.994,0.812,0.19,0.621,True,87.57495321308124,
gemm_1426,gemm,vitis,impl,"ap_fixed<16,5>",26,24,3539,2506,1824,2520,548160,274080,1.4254,0.9524,0.6456,0.9143,35214,352140.0,35215,10.0,3.044,328.515,0.67,0.049,0.621,True,2839.7796331004715,
gemm_1437,gemm,vitis,impl,"ap_fixed<16,5>",18,80,4192,5206,1824,2520,548160,274080,0.9868,3.1746,0.7647,1.8994,42973,429730.0,42974,10.0,4.255,235.018,0.717,0.096,0.621,True,2327.0425616084517,
gemm_1438,gemm,vitis,impl,"ap_fixed<16,5>",18,80,4802,6194,1824,2520,548160,274080,0.9868,3.1746,0.876,2.2599,60262,602620.0,60263,10.0,4.226,236.63,0.728,0.107,0.621,True,1659.4205303508015,
gemm_1443,gemm,vitis,impl,"ap_fixed<16,5>",18,73,5135,5265,1824,2520,548160,274080,0.9868,2.8968,0.9368,1.921,51509,515090.0,51510,10.0,4.164,240.154,0.712,0.091,0.621,True,1941.4082975790639,
gemm_1444,gemm,vitis,impl,"ap_fixed<16,5>",18,73,4923,4938,1824,2520,548160,274080,0.9868,2.8968,0.8981,1.8017,50604,506040.0,50605,10.0,3.695,270.636,0.713,0.092,0.621,True,1976.1283692988698,
gemm_1445,gemm,vitis,impl,"ap_fixed<16,5>",18,73,4329,5492,1824,2520,548160,274080,0.9868,2.8968,0.7897,2.0038,43878,438780.0,43879,10.0,4.113,243.132,0.718,0.097,0.621,True,2279.046446966589,
gemm_1448,gemm,vitis,impl,"ap_fixed<16,5>",18,73,5033,4970,1824,2520,548160,274080,0.9868,2.8968,0.9182,1.8133,50613,506130.0,50614,10.0,3.477,287.604,0.714,0.093,0.621,True,1975.7769742951416,
gemm_1450,gemm,vitis,impl,"ap_fixed<16,5>",26,73,5334,5425,1824,2520,548160,274080,1.4254,2.8968,0.9731,1.9793,1083681,10836810.0,1083682,10.0,3.979,251.319,0.722,0.101,0.621,True,92.27807814292213,
gemm_1453,gemm,vitis,impl,"ap_fixed<16,5>",26,73,5099,5104,1824,2520,548160,274080,1.4254,2.8968,0.9302,1.8622,1142783,11427830.0,1142784,10.0,3.414,292.912,0.719,0.098,0.621,True,87.50567693079088,
gemm_1457,gemm,vitis,impl,"ap_fixed<16,5>",26,73,9084,7657,1824,2520,548160,274080,1.4254,2.8968,1.6572,2.7937,1141305,11413050.0,1141306,10.0,4.457,224.366,0.734,0.113,0.621,True,87.61899755104902,
gemm_1463,gemm,vitis,impl,"ap_fixed<16,5>",26,80,9150,7757,1824,2520,548160,274080,1.4254,3.1746,1.6692,2.8302,1134085,11340850.0,1134086,10.0,4.166,240.038,0.744,0.123,0.621,True,88.17681214371056,
gemm_1464,gemm,vitis,impl,"ap_fixed<16,5>",26,80,4004,5413,1824,2520,548160,274080,1.4254,3.1746,0.7304,1.975,158867,1588670.0,158868,10.0,4.526,220.946,0.74,0.119,0.621,True,629.457344823028,
gemm_1466,gemm,vitis,impl,"ap_fixed<16,5>",26,80,3684,5083,1824,2520,548160,274080,1.4254,3.1746,0.6721,1.8546,274963,2749630.0,274964,10.0,4.569,218.866,0.715,0.094,0.621,True,363.6852958398039,
gemm_1469,gemm,vitis,impl,"ap_fixed<16,5>",26,80,9261,7844,1824,2520,548160,274080,1.4254,3.1746,1.6895,2.8619,1134094,11340940.0,1134095,10.0,4.778,209.293,0.746,0.125,0.621,True,88.1761123857458,
gemm_1476,gemm,vitis,impl,"ap_fixed<16,5>",18,80,5084,5051,1824,2520,548160,274080,0.9868,3.1746,0.9275,1.8429,50471,504710.0,50472,10.0,3.82,261.78,0.717,0.096,0.621,True,1981.3358166075568,
gemm_1487,gemm,vitis,impl,"ap_fixed<16,5>",26,24,4145,2917,1824,2520,548160,274080,1.4254,0.9524,0.7562,1.0643,42345,423450.0,42346,10.0,3.877,257.931,0.674,0.053,0.621,True,2361.5539024678237,
gemm_1492,gemm,vitis,impl,"ap_fixed<16,5>",66,136,5570,5522,1824,2520,548160,274080,3.6184,5.3968,1.0161,2.0147,51413,514130.0,51414,10.0,3.56,280.899,0.756,0.135,0.621,True,1945.033357322078,
gemm_1493,gemm,vitis,impl,"ap_fixed<16,5>",66,136,4449,5961,1824,2520,548160,274080,3.6184,5.3968,0.8116,2.1749,29430,294300.0,29431,10.0,4.744,210.793,0.748,0.127,0.621,True,3397.893306150187,
gemm_1509,gemm,vitis,impl,"ap_fixed<16,5>",66,584,9234,15428,1824,2520,548160,274080,3.6184,23.1746,1.6845,5.629,223238,2232380.0,223239,10.0,6.186,161.655,1.004,0.381,0.622,True,447.9524095360109,
gemm_1512,gemm,vitis,impl,"ap_fixed<16,5>",66,584,5829,15629,1824,2520,548160,274080,3.6184,23.1746,1.0634,5.7023,274990,2749900.0,274991,10.0,6.938,144.134,1.161,0.538,0.623,True,363.64958725771845,
gemm_1514,gemm,vitis,impl,"ap_fixed<16,5>",66,584,5742,15139,1824,2520,548160,274080,3.6184,23.1746,1.0475,5.5236,274990,2749900.0,274991,10.0,6.557,152.509,1.198,0.575,0.623,True,363.64958725771845,
gemm_1516,gemm,vitis,impl,"ap_fixed<16,5>",66,584,10776,11927,1824,2520,548160,274080,3.6184,23.1746,1.9658,4.3516,1141775,11417750.0,1141776,10.0,5.183,192.938,1.073,0.45,0.623,True,87.58293008692605,
gemm_1518,gemm,vitis,impl,"ap_fixed<16,5>",66,584,5903,15076,1824,2520,548160,274080,3.6184,23.1746,1.0769,5.5006,274999,2749990.0,275000,10.0,6.633,150.761,1.121,0.498,0.623,True,363.6376859552216,
gemm_1522,gemm,vitis,impl,"ap_fixed<16,5>",66,136,5392,5607,1824,2520,548160,274080,3.6184,5.3968,0.9837,2.0458,36997,369970.0,36998,10.0,4.268,234.302,0.757,0.136,0.621,True,2702.92185852907,
gemm_1524,gemm,vitis,impl,"ap_fixed<16,5>",66,136,5569,5523,1824,2520,548160,274080,3.6184,5.3968,1.0159,2.0151,51349,513490.0,51350,10.0,3.823,261.575,0.755,0.134,0.621,True,1947.4575941108883,
gemm_1525,gemm,vitis,impl,"ap_fixed<16,5>",66,136,4415,5956,1824,2520,548160,274080,3.6184,5.3968,0.8054,2.1731,29366,293660.0,29367,10.0,4.132,242.014,0.752,0.131,0.621,True,3405.2986446911395,
gemm_1529,gemm,vitis,impl,"ap_fixed<16,5>",66,136,4503,5620,1824,2520,548160,274080,3.6184,5.3968,0.8215,2.0505,43773,437730.0,43774,10.0,4.014,249.128,0.761,0.14,0.621,True,2284.513284444749,
gemm_1530,gemm,vitis,impl,"ap_fixed<16,5>",66,136,4327,5932,1824,2520,548160,274080,3.6184,5.3968,0.7894,2.1643,29421,294210.0,29422,10.0,4.499,222.272,0.743,0.122,0.621,True,3398.932735121172,
gemm_1532,gemm,vitis,impl,"ap_fixed<16,5>",66,136,5393,5611,1824,2520,548160,274080,3.6184,5.3968,0.9838,2.0472,37061,370610.0,37062,10.0,4.042,247.402,0.756,0.135,0.621,True,2698.254229513505,
gemm_1533,gemm,vitis,impl,"ap_fixed<16,5>",66,136,4614,5844,1824,2520,548160,274080,3.6184,5.3968,0.8417,2.1322,43782,437820.0,43783,10.0,5.155,193.986,0.764,0.143,0.621,True,2284.043670914988,
gemm_1535,gemm,vitis,impl,"ap_fixed<16,5>",66,136,5680,5567,1824,2520,548160,274080,3.6184,5.3968,1.0362,2.0312,51422,514220.0,51423,10.0,3.635,275.103,0.761,0.14,0.621,True,1944.6929329858815,
gemm_1537,gemm,vitis,impl,"ap_fixed<16,5>",14,3,3163,2187,1824,2520,548160,274080,0.7675,0.119,0.577,0.7979,20741,207410.0,20742,10.0,2.607,383.583,0.649,0.029,0.62,True,4821.368304324767,
gemm_1538,gemm,vitis,impl,"ap_fixed<16,5>",14,3,3201,2215,1824,2520,548160,274080,0.7675,0.119,0.584,0.8082,20741,207410.0,20742,10.0,3.189,313.578,0.65,0.029,0.62,True,4821.368304324767,
gemm_1539,gemm,vitis,impl,"ap_fixed<16,5>",14,3,3201,2218,1824,2520,548160,274080,0.7675,0.119,0.584,0.8093,20741,207410.0,20742,10.0,2.902,344.59,0.65,0.029,0.62,True,4821.368304324767,
gemm_1540,gemm,vitis,impl,"ap_fixed<16,5>",14,3,3239,2245,1824,2520,548160,274080,0.7675,0.119,0.5909,0.8191,20741,207410.0,20742,10.0,2.84,352.113,0.65,0.03,0.62,True,4821.368304324767,
gemm_1541,gemm,vitis,impl,"ap_fixed<16,5>",14,3,3273,2218,1824,2520,548160,274080,0.7675,0.119,0.5971,0.8093,20750,207500.0,20751,10.0,3.146,317.864,0.651,0.031,0.62,True,4819.277108433735,
gemm_1542,gemm,vitis,impl,"ap_fixed<16,5>",14,3,3311,2241,1824,2520,548160,274080,0.7675,0.119,0.604,0.8176,20750,207500.0,20751,10.0,2.664,375.375,0.652,0.031,0.62,True,4819.277108433735,
gemm_1543,gemm,vitis,impl,"ap_fixed<16,5>",14,3,3311,2247,1824,2520,548160,274080,0.7675,0.119,0.604,0.8198,20750,207500.0,20751,10.0,3.195,312.989,0.652,0.032,0.62,True,4819.277108433735,
gemm_1544,gemm,vitis,impl,"ap_fixed<16,5>",14,3,3349,2274,1824,2520,548160,274080,0.7675,0.119,0.611,0.8297,20750,207500.0,20751,10.0,2.938,340.368,0.652,0.032,0.62,True,4819.277108433735,
gemm_1545,gemm,vitis,impl,"ap_fixed<16,5>",22,3,3123,2107,1824,2520,548160,274080,1.2061,0.119,0.5697,0.7688,553089,5530890.0,553090,10.0,3.039,329.056,0.651,0.031,0.62,True,180.80272795155932,
gemm_1546,gemm,vitis,impl,"ap_fixed<16,5>",22,3,3142,2146,1824,2520,548160,274080,1.2061,0.119,0.5732,0.783,553089,5530890.0,553090,10.0,3.159,316.556,0.652,0.032,0.62,True,180.80272795155932,
gemm_1547,gemm,vitis,impl,"ap_fixed<16,5>",22,3,3162,2145,1824,2520,548160,274080,1.2061,0.119,0.5768,0.7826,553089,5530890.0,553090,10.0,3.063,326.477,0.654,0.033,0.62,True,180.80272795155932,
gemm_1548,gemm,vitis,impl,"ap_fixed<16,5>",22,3,3212,2135,1824,2520,548160,274080,1.2061,0.119,0.586,0.779,553598,5535980.0,553599,10.0,3.21,311.526,0.652,0.032,0.62,True,180.63649073876712,
gemm_1549,gemm,vitis,impl,"ap_fixed<16,5>",22,3,3144,2154,1824,2520,548160,274080,1.2061,0.119,0.5736,0.7859,553089,5530890.0,553090,10.0,3.026,330.469,0.654,0.033,0.62,True,180.80272795155932,
gemm_1550,gemm,vitis,impl,"ap_fixed<16,5>",22,3,3164,2157,1824,2520,548160,274080,1.2061,0.119,0.5772,0.787,553089,5530890.0,553090,10.0,2.828,353.607,0.654,0.033,0.62,True,180.80272795155932,
gemm_1551,gemm,vitis,impl,"ap_fixed<16,5>",22,3,3233,2196,1824,2520,548160,274080,1.2061,0.119,0.5898,0.8012,553094,5530940.0,553095,10.0,3.239,308.737,0.652,0.032,0.62,True,180.8010934850134,
gemm_1552,gemm,vitis,impl,"ap_fixed<16,5>",22,3,3252,2236,1824,2520,548160,274080,1.2061,0.119,0.5933,0.8158,553094,5530940.0,553095,10.0,3.215,311.042,0.653,0.033,0.62,True,180.8010934850134,
gemm_1553,gemm,vitis,impl,"ap_fixed<16,5>",22,3,3272,2234,1824,2520,548160,274080,1.2061,0.119,0.5969,0.8151,553094,5530940.0,553095,10.0,3.298,303.214,0.653,0.033,0.62,True,180.8010934850134,
gemm_1554,gemm,vitis,impl,"ap_fixed<16,5>",22,3,3326,2229,1824,2520,548160,274080,1.2061,0.119,0.6068,0.8133,553607,5536070.0,553608,10.0,2.958,338.066,0.653,0.033,0.62,True,180.63355412774766,
gemm_1555,gemm,vitis,impl,"ap_fixed<16,5>",22,3,3254,2244,1824,2520,548160,274080,1.2061,0.119,0.5936,0.8187,553094,5530940.0,553095,10.0,3.246,308.071,0.655,0.035,0.62,True,180.8010934850134,
gemm_1556,gemm,vitis,impl,"ap_fixed<16,5>",22,3,3274,2246,1824,2520,548160,274080,1.2061,0.119,0.5973,0.8195,553094,5530940.0,553095,10.0,3.383,295.596,0.655,0.035,0.62,True,180.8010934850134,
gemm_1557,gemm,vitis,impl,"ap_fixed<16,5>",22,3,3287,2273,1824,2520,548160,274080,1.2061,0.119,0.5996,0.8293,553161,5531610.0,553162,10.0,2.923,342.114,0.654,0.034,0.62,True,180.77919448406521,
gemm_1558,gemm,vitis,impl,"ap_fixed<16,5>",22,3,3306,2315,1824,2520,548160,274080,1.2061,0.119,0.6031,0.8446,553161,5531610.0,553162,10.0,3.16,316.456,0.655,0.034,0.62,True,180.77919448406521,
gemm_1559,gemm,vitis,impl,"ap_fixed<16,5>",22,3,3252,2267,1824,2520,548160,274080,1.2061,0.119,0.5933,0.8271,553161,5531610.0,553162,10.0,2.99,334.448,0.654,0.034,0.62,True,180.77919448406521,
gemm_1560,gemm,vitis,impl,"ap_fixed<16,5>",22,3,3304,2267,1824,2520,548160,274080,1.2061,0.119,0.6027,0.8271,553803,5538030.0,553804,10.0,3.28,304.878,0.655,0.034,0.62,True,180.56962493883205,
gemm_1561,gemm,vitis,impl,"ap_fixed<16,5>",22,3,3308,2327,1824,2520,548160,274080,1.2061,0.119,0.6035,0.849,553161,5531610.0,553162,10.0,3.056,327.225,0.655,0.034,0.62,True,180.77919448406521,
gemm_1562,gemm,vitis,impl,"ap_fixed<16,5>",22,3,3254,2285,1824,2520,548160,274080,1.2061,0.119,0.5936,0.8337,553161,5531610.0,553162,10.0,3.246,308.071,0.655,0.034,0.62,True,180.77919448406521,
gemm_1563,gemm,vitis,impl,"ap_fixed<16,5>",22,3,3395,2303,1824,2520,548160,274080,1.2061,0.119,0.6193,0.8403,553168,5531680.0,553169,10.0,2.975,336.134,0.654,0.034,0.62,True,180.7769068348133,
gemm_1564,gemm,vitis,impl,"ap_fixed<16,5>",22,3,3414,2349,1824,2520,548160,274080,1.2061,0.119,0.6228,0.857,553168,5531680.0,553169,10.0,2.981,335.458,0.654,0.034,0.62,True,180.7769068348133,
gemm_1565,gemm,vitis,impl,"ap_fixed<16,5>",22,3,3360,2305,1824,2520,548160,274080,1.2061,0.119,0.613,0.841,553168,5531680.0,553169,10.0,3.181,314.367,0.655,0.034,0.62,True,180.7769068348133,
gemm_1566,gemm,vitis,impl,"ap_fixed<16,5>",22,3,3414,2304,1824,2520,548160,274080,1.2061,0.119,0.6228,0.8406,553812,5538120.0,553813,10.0,2.955,338.409,0.655,0.035,0.62,True,180.56669050146982,
gemm_1567,gemm,vitis,impl,"ap_fixed<16,5>",22,3,3416,2362,1824,2520,548160,274080,1.2061,0.119,0.6232,0.8618,553168,5531680.0,553169,10.0,3.166,315.856,0.657,0.036,0.62,True,180.7769068348133,
gemm_1568,gemm,vitis,impl,"ap_fixed<16,5>",22,3,3362,2320,1824,2520,548160,274080,1.2061,0.119,0.6133,0.8465,553168,5531680.0,553169,10.0,3.021,331.016,0.656,0.036,0.62,True,180.7769068348133,
gemm_1569,gemm,vitis,impl,"ap_fixed<16,5>",14,3,3172,2226,1824,2520,548160,274080,0.7675,0.119,0.5787,0.8122,24975,249750.0,24976,10.0,2.965,337.268,0.648,0.028,0.62,True,4004.004004004004,
gemm_1570,gemm,vitis,impl,"ap_fixed<16,5>",14,3,3210,2252,1824,2520,548160,274080,0.7675,0.119,0.5856,0.8217,24975,249750.0,24976,10.0,3.144,318.066,0.651,0.03,0.62,True,4004.004004004004,
gemm_1571,gemm,vitis,impl,"ap_fixed<16,5>",14,3,3210,2257,1824,2520,548160,274080,0.7675,0.119,0.5856,0.8235,24975,249750.0,24976,10.0,3.031,329.924,0.651,0.03,0.62,True,4004.004004004004,
gemm_1572,gemm,vitis,impl,"ap_fixed<16,5>",14,3,3248,2282,1824,2520,548160,274080,0.7675,0.119,0.5925,0.8326,24975,249750.0,24976,10.0,2.657,376.364,0.651,0.03,0.62,True,4004.004004004004,
gemm_1573,gemm,vitis,impl,"ap_fixed<16,5>",14,3,3278,2257,1824,2520,548160,274080,0.7675,0.119,0.598,0.8235,24980,249800.0,24981,10.0,2.851,350.754,0.652,0.032,0.62,True,4003.2025620496397,
gemm_1574,gemm,vitis,impl,"ap_fixed<16,5>",14,3,3316,2281,1824,2520,548160,274080,0.7675,0.119,0.6049,0.8322,24980,249800.0,24981,10.0,3.046,328.299,0.652,0.032,0.62,True,4003.2025620496397,
gemm_1575,gemm,vitis,impl,"ap_fixed<16,5>",14,3,3316,2287,1824,2520,548160,274080,0.7675,0.119,0.6049,0.8344,24980,249800.0,24981,10.0,3.162,316.256,0.652,0.032,0.62,True,4003.2025620496397,
gemm_1576,gemm,vitis,impl,"ap_fixed<16,5>",14,3,3354,2310,1824,2520,548160,274080,0.7675,0.119,0.6119,0.8428,24980,249800.0,24981,10.0,3.029,330.142,0.653,0.032,0.62,True,4003.2025620496397,
gemm_1577,gemm,vitis,impl,"ap_fixed<16,5>",14,3,3202,2206,1824,2520,548160,274080,0.7675,0.119,0.5841,0.8049,20810,208100.0,20811,10.0,2.762,362.056,0.65,0.03,0.62,True,4805.3820278712155,
gemm_1578,gemm,vitis,impl,"ap_fixed<16,5>",14,3,3166,2183,1824,2520,548160,274080,0.7675,0.119,0.5776,0.7965,20810,208100.0,20811,10.0,2.789,358.551,0.65,0.03,0.62,True,4805.3820278712155,
gemm_1579,gemm,vitis,impl,"ap_fixed<16,5>",14,3,3240,2234,1824,2520,548160,274080,0.7675,0.119,0.5911,0.8151,20810,208100.0,20811,10.0,3.061,326.691,0.65,0.03,0.62,True,4805.3820278712155,
gemm_1580,gemm,vitis,impl,"ap_fixed<16,5>",14,3,3204,2213,1824,2520,548160,274080,0.7675,0.119,0.5845,0.8074,20810,208100.0,20811,10.0,2.921,342.349,0.65,0.03,0.62,True,4805.3820278712155,
gemm_1581,gemm,vitis,impl,"ap_fixed<16,5>",14,3,3310,2235,1824,2520,548160,274080,0.7675,0.119,0.6038,0.8155,20817,208170.0,20818,10.0,2.995,333.89,0.652,0.031,0.62,True,4803.766152663688,
gemm_1582,gemm,vitis,impl,"ap_fixed<16,5>",14,3,3274,2218,1824,2520,548160,274080,0.7675,0.119,0.5973,0.8093,20817,208170.0,20818,10.0,3.395,294.551,0.652,0.031,0.62,True,4803.766152663688,
gemm_1583,gemm,vitis,impl,"ap_fixed<16,5>",14,3,3348,2264,1824,2520,548160,274080,0.7675,0.119,0.6108,0.826,20817,208170.0,20818,10.0,3.407,293.513,0.652,0.032,0.62,True,4803.766152663688,
gemm_1584,gemm,vitis,impl,"ap_fixed<16,5>",14,3,3312,2248,1824,2520,548160,274080,0.7675,0.119,0.6042,0.8202,20817,208170.0,20818,10.0,3.043,328.623,0.652,0.032,0.62,True,4803.766152663688,
gemm_1587,gemm,vitis,impl,"ap_fixed<16,5>",18,17,3407,2407,1824,2520,548160,274080,0.9868,0.6746,0.6215,0.8782,17157,171570.0,17158,10.0,3.235,309.119,0.663,0.043,0.62,True,5828.524800373026,
gemm_1590,gemm,vitis,impl,"ap_fixed<16,5>",18,17,3970,2744,1824,2520,548160,274080,0.9868,0.6746,0.7242,1.0012,21276,212760.0,21277,10.0,3.442,290.529,0.668,0.048,0.621,True,4700.131603684903,
gemm_1592,gemm,vitis,impl,"ap_fixed<16,5>",18,17,4008,2769,1824,2520,548160,274080,0.9868,0.6746,0.7312,1.0103,21276,212760.0,21277,10.0,3.697,270.49,0.67,0.05,0.621,True,4700.131603684903,
gemm_1599,gemm,vitis,impl,"ap_fixed<16,5>",26,24,3431,2419,1824,2520,548160,274080,1.4254,0.9524,0.6259,0.8826,80006,800060.0,80007,10.0,3.539,282.566,0.673,0.052,0.621,True,1249.9062570307226,
gemm_1600,gemm,vitis,impl,"ap_fixed<16,5>",26,24,3964,2862,1824,2520,548160,274080,1.4254,0.9524,0.7231,1.0442,598415,5984150.0,598416,10.0,3.482,287.191,0.678,0.057,0.621,True,167.1081105921476,
gemm_1603,gemm,vitis,impl,"ap_fixed<16,5>",26,24,4185,3162,1824,2520,548160,274080,1.4254,0.9524,0.7635,1.1537,539377,5393770.0,539378,10.0,3.505,285.307,0.677,0.056,0.621,True,185.39908079135745,
gemm_1604,gemm,vitis,impl,"ap_fixed<16,5>",26,24,4476,3600,1824,2520,548160,274080,1.4254,0.9524,0.8165,1.3135,547002,5470020.0,547003,10.0,4.786,208.943,0.685,0.064,0.621,True,182.81468806329775,
gemm_1621,gemm,vitis,impl,"ap_fixed<16,5>",18,10,3388,2417,1824,2520,548160,274080,0.9868,0.3968,0.6181,0.8819,21396,213960.0,21397,10.0,3.176,314.861,0.66,0.039,0.62,True,4673.770798280052,
gemm_1622,gemm,vitis,impl,"ap_fixed<16,5>",18,10,3426,2443,1824,2520,548160,274080,0.9868,0.3968,0.625,0.8913,21396,213960.0,21397,10.0,2.887,346.38,0.66,0.04,0.62,True,4673.770798280052,
gemm_1629,gemm,vitis,impl,"ap_fixed<16,5>",18,17,3534,2437,1824,2520,548160,274080,0.9868,0.6746,0.6447,0.8892,16719,167190.0,16720,10.0,3.449,289.939,0.664,0.044,0.62,True,5981.218972426581,
gemm_1646,gemm,vitis,impl,"ap_fixed<16,5>",26,10,3531,2420,1824,2520,548160,274080,1.4254,0.3968,0.6442,0.883,582462,5824620.0,582463,10.0,3.412,293.083,0.657,0.037,0.62,True,171.68501979528278,
gemm_1655,gemm,vitis,impl,"ap_fixed<16,5>",26,10,3926,2882,1824,2520,548160,274080,1.4254,0.3968,0.7162,1.0515,553803,5538030.0,553804,10.0,3.459,289.101,0.667,0.047,0.621,True,180.56962493883205,
gemm_1657,gemm,vitis,impl,"ap_fixed<16,5>",26,10,3294,2325,1824,2520,548160,274080,1.4254,0.3968,0.6009,0.8483,553161,5531610.0,553162,10.0,3.173,315.159,0.657,0.036,0.62,True,180.77919448406521,
gemm_1660,gemm,vitis,impl,"ap_fixed<16,5>",26,10,3400,2330,1824,2520,548160,274080,1.4254,0.3968,0.6203,0.8501,553168,5531680.0,553169,10.0,3.517,284.333,0.657,0.036,0.62,True,180.7769068348133,
gemm_1662,gemm,vitis,impl,"ap_fixed<16,5>",26,10,4045,2922,1824,2520,548160,274080,1.4254,0.3968,0.7379,1.0661,553812,5538120.0,553813,10.0,3.219,310.655,0.667,0.047,0.621,True,180.56669050146982,
gemm_1664,gemm,vitis,impl,"ap_fixed<16,5>",26,10,3733,2582,1824,2520,548160,274080,1.4254,0.3968,0.681,0.9421,582676,5826760.0,582677,10.0,3.887,257.268,0.662,0.041,0.62,True,171.62196486555135,
gemm_1667,gemm,vitis,impl,"ap_fixed<16,5>",18,17,3430,2413,1824,2520,548160,274080,0.9868,0.6746,0.6257,0.8804,17807,178070.0,17808,10.0,3.555,281.294,0.665,0.045,0.62,True,5615.769079575448,
gemm_1668,gemm,vitis,impl,"ap_fixed<16,5>",18,17,3907,2773,1824,2520,548160,274080,0.9868,0.6746,0.7127,1.0117,25432,254320.0,25433,10.0,3.384,295.508,0.669,0.048,0.62,True,3932.0541050644856,
gemm_1669,gemm,vitis,impl,"ap_fixed<16,5>",18,17,3987,2692,1824,2520,548160,274080,0.9868,0.6746,0.7273,0.9822,18277,182770.0,18278,10.0,3.328,300.481,0.669,0.048,0.62,True,5471.357443781802,
gemm_1670,gemm,vitis,impl,"ap_fixed<16,5>",18,17,4401,3050,1824,2520,548160,274080,0.9868,0.6746,0.8029,1.1128,25902,259020.0,25903,10.0,3.668,272.628,0.673,0.053,0.621,True,3860.705737008725,
gemm_1673,gemm,vitis,impl,"ap_fixed<16,5>",18,10,3764,2699,1824,2520,548160,274080,0.9868,0.3968,0.6867,0.9847,21267,212670.0,21268,10.0,3.014,331.785,0.659,0.039,0.62,True,4702.120656416044,
gemm_1674,gemm,vitis,impl,"ap_fixed<16,5>",18,10,3276,2359,1824,2520,548160,274080,0.9868,0.3968,0.5976,0.8607,17226,172260.0,17227,10.0,3.194,313.087,0.66,0.04,0.62,True,5805.178218971322,
gemm_1681,gemm,vitis,impl,"ap_fixed<16,5>",10,80,3792,4145,1824,2520,548160,274080,0.5482,3.1746,0.6918,1.5123,13577,135770.0,13578,10.0,4.366,229.043,0.696,0.075,0.621,True,7365.397363187744,
gemm_1687,gemm,vitis,impl,"ap_fixed<16,5>",10,80,4256,4496,1824,2520,548160,274080,0.5482,3.1746,0.7764,1.6404,22254,222540.0,22255,10.0,5.298,188.75,0.701,0.08,0.621,True,4493.574188909859,
gemm_1690,gemm,vitis,impl,"ap_fixed<16,5>",18,80,4796,3834,1824,2520,548160,274080,0.9868,3.1746,0.8749,1.3989,598406,5984060.0,598407,10.0,3.541,282.406,0.712,0.091,0.621,True,167.11062389080323,
gemm_1691,gemm,vitis,impl,"ap_fixed<16,5>",18,80,4336,4753,1824,2520,548160,274080,0.9868,3.1746,0.791,1.7342,88079,880790.0,88080,10.0,3.778,264.69,0.732,0.111,0.621,True,1135.3444067257803,
gemm_1692,gemm,vitis,impl,"ap_fixed<16,5>",18,80,8977,6788,1824,2520,548160,274080,0.9868,3.1746,1.6377,2.4766,575801,5758010.0,575802,10.0,4.778,209.293,0.743,0.122,0.621,True,173.6711120682319,
gemm_1693,gemm,vitis,impl,"ap_fixed<16,5>",18,80,5020,4162,1824,2520,548160,274080,0.9868,3.1746,0.9158,1.5185,539368,5393680.0,539369,10.0,3.931,254.388,0.713,0.093,0.621,True,185.40217439670133,
gemm_1695,gemm,vitis,impl,"ap_fixed<16,5>",18,80,3679,4006,1824,2520,548160,274080,0.9868,3.1746,0.6712,1.4616,138639,1386390.0,138640,10.0,3.681,271.665,0.702,0.082,0.621,True,721.297758927863,
gemm_1697,gemm,vitis,impl,"ap_fixed<16,5>",18,80,4450,4849,1824,2520,548160,274080,0.9868,3.1746,0.8118,1.7692,88088,880880.0,88089,10.0,4.338,230.521,0.725,0.104,0.621,True,1135.2284079556807,
gemm_1706,gemm,vitis,impl,"ap_fixed<16,5>",18,73,8904,6496,1824,2520,548160,274080,0.9868,2.8968,1.6243,2.3701,576054,5760540.0,576055,10.0,4.625,216.216,0.731,0.11,0.621,True,173.5948365951803,
gemm_1710,gemm,vitis,impl,"ap_fixed<16,5>",18,73,9056,6602,1824,2520,548160,274080,0.9868,2.8968,1.6521,2.4088,576063,5760630.0,576064,10.0,4.234,236.183,0.73,0.109,0.621,True,173.59212447249692,
gemm_1711,gemm,vitis,impl,"ap_fixed<16,5>",18,73,5182,4168,1824,2520,548160,274080,0.9868,2.8968,0.9453,1.5207,546806,5468060.0,546807,10.0,3.902,256.279,0.705,0.084,0.621,True,182.88021711539375,
gemm_1718,gemm,vitis,impl,"ap_fixed<16,5>",10,73,4440,4877,1824,2520,548160,274080,0.5482,2.8968,0.81,1.7794,22318,223180.0,22319,10.0,4.159,240.442,0.711,0.09,0.621,True,4480.688233712698,
gemm_1719,gemm,vitis,impl,"ap_fixed<16,5>",10,73,5093,4018,1824,2520,548160,274080,0.5482,2.8968,0.9291,1.466,18285,182850.0,18286,10.0,3.52,284.091,0.708,0.088,0.621,True,5468.963631391851,
gemm_1723,gemm,vitis,impl,"ap_fixed<16,5>",10,73,5393,4347,1824,2520,548160,274080,0.5482,2.8968,0.9838,1.586,25837,258370.0,25838,10.0,3.57,280.112,0.708,0.088,0.621,True,3870.4183922282,
gemm_1725,gemm,vitis,impl,"ap_fixed<16,5>",10,73,5023,4027,1824,2520,548160,274080,0.5482,2.8968,0.9163,1.4693,17178,171780.0,17179,10.0,3.971,251.826,0.712,0.091,0.621,True,5821.39946443125,
gemm_1727,gemm,vitis,impl,"ap_fixed<16,5>",10,73,5503,4379,1824,2520,548160,274080,0.5482,2.8968,1.0039,1.5977,25846,258460.0,25847,10.0,3.707,269.76,0.711,0.091,0.621,True,3869.070649230055,
gemm_1728,gemm,vitis,impl,"ap_fixed<16,5>",10,73,4414,4580,1824,2520,548160,274080,0.5482,2.8968,0.8052,1.671,22254,222540.0,22255,10.0,3.809,262.536,0.712,0.091,0.621,True,4493.574188909859,
gemm_1732,gemm,vitis,impl,"ap_fixed<16,5>",14,10,3353,2266,1824,2520,548160,274080,0.7675,0.3968,0.6117,0.8268,20741,207410.0,20742,10.0,2.98,335.57,0.654,0.033,0.62,True,4821.368304324767,
gemm_1733,gemm,vitis,impl,"ap_fixed<16,5>",14,10,3877,2517,1824,2520,548160,274080,0.7675,0.3968,0.7073,0.9183,25893,258930.0,25894,10.0,3.493,286.287,0.659,0.039,0.62,True,3862.047657668096,
gemm_1734,gemm,vitis,impl,"ap_fixed<16,5>",14,10,3915,2544,1824,2520,548160,274080,0.7675,0.3968,0.7142,0.9282,25893,258930.0,25894,10.0,3.196,312.891,0.659,0.038,0.62,True,3862.047657668096,
gemm_1739,gemm,vitis,impl,"ap_fixed<16,5>",22,17,3755,2533,1824,2520,548160,274080,1.2061,0.6746,0.685,0.9242,604672,6046720.0,604673,10.0,3.08,324.675,0.663,0.043,0.62,True,165.37891617273496,
gemm_1753,gemm,vitis,impl,"ap_fixed<16,5>",22,24,4388,3215,1824,2520,548160,274080,1.2061,0.9524,0.8005,1.173,606516,6065160.0,606517,10.0,3.371,296.648,0.68,0.06,0.621,True,164.87611208937605,
gemm_1755,gemm,vitis,impl,"ap_fixed<16,5>",22,24,4577,3355,1824,2520,548160,274080,1.2061,0.9524,0.835,1.2241,548095,5480950.0,548096,10.0,3.367,297.0,0.681,0.061,0.621,True,182.4501226977075,
gemm_1761,gemm,vitis,impl,"ap_fixed<16,5>",14,17,4346,3353,1824,2520,548160,274080,0.7675,0.6746,0.7928,1.2234,38168,381680.0,38169,10.0,3.615,276.625,0.682,0.061,0.621,True,2619.995808006707,
gemm_1762,gemm,vitis,impl,"ap_fixed<16,5>",14,17,3707,2519,1824,2520,548160,274080,0.7675,0.6746,0.6763,0.9191,29071,290710.0,29072,10.0,3.629,275.558,0.663,0.042,0.62,True,3439.8541501840323,
gemm_1763,gemm,vitis,impl,"ap_fixed<16,5>",14,17,4336,3355,1824,2520,548160,274080,0.7675,0.6746,0.791,1.2241,34072,340720.0,34073,10.0,3.776,264.831,0.681,0.06,0.621,True,2934.9612585113878,
gemm_1764,gemm,vitis,impl,"ap_fixed<16,5>",14,17,3697,2519,1824,2520,548160,274080,0.7675,0.6746,0.6744,0.9191,24975,249750.0,24976,10.0,2.835,352.734,0.662,0.042,0.62,True,4004.004004004004,
gemm_1767,gemm,vitis,impl,"ap_fixed<16,5>",14,17,4444,3379,1824,2520,548160,274080,0.7675,0.6746,0.8107,1.2329,34079,340790.0,34080,10.0,3.333,300.03,0.678,0.058,0.621,True,2934.3584025352857,
gemm_1772,gemm,vitis,impl,"ap_fixed<16,5>",14,17,3706,2531,1824,2520,548160,274080,0.7675,0.6746,0.6761,0.9235,24906,249060.0,24907,10.0,3.022,330.907,0.664,0.044,0.62,True,4015.0967638320085,
gemm_1779,gemm,vitis,impl,"ap_fixed<16,5>",18,24,3521,2428,1824,2520,548160,274080,0.9868,0.9524,0.6423,0.8859,17157,171570.0,17158,10.0,3.217,310.849,0.666,0.046,0.62,True,5828.524800373026,
gemm_1783,gemm,vitis,impl,"ap_fixed<16,5>",18,24,3631,2463,1824,2520,548160,274080,0.9868,0.9524,0.6624,0.8986,17166,171660.0,17167,10.0,3.497,285.959,0.667,0.047,0.62,True,5825.468950250495,
gemm_1784,gemm,vitis,impl,"ap_fixed<16,5>",18,24,4122,2790,1824,2520,548160,274080,0.9868,0.9524,0.752,1.018,21276,212760.0,21277,10.0,3.655,273.598,0.671,0.051,0.62,True,4700.131603684903,
gemm_1787,gemm,vitis,impl,"ap_fixed<16,5>",18,136,5167,7784,1824,2520,548160,274080,0.9868,5.3968,0.9426,2.84,145425,1454250.0,145426,10.0,4.034,247.893,0.785,0.164,0.621,True,687.639676809352,
gemm_1789,gemm,vitis,impl,"ap_fixed<16,5>",18,136,8826,9249,1824,2520,548160,274080,0.9868,5.3968,1.6101,3.3746,598393,5983930.0,598394,10.0,4.899,204.123,0.799,0.178,0.621,True,167.11425434455282,
gemm_1790,gemm,vitis,impl,"ap_fixed<16,5>",18,136,5286,7731,1824,2520,548160,274080,0.9868,5.3968,0.9643,2.8207,87345,873450.0,87346,10.0,4.124,242.483,0.78,0.159,0.621,True,1144.885225256168,
gemm_1804,gemm,vitis,impl,"ap_fixed<16,5>",18,136,9371,9070,1824,2520,548160,274080,0.9868,5.3968,1.7095,3.3093,605839,6058390.0,605840,10.0,4.001,249.938,0.808,0.187,0.621,True,165.0603543185566,
gemm_1805,gemm,vitis,impl,"ap_fixed<16,5>",18,136,4447,8212,1824,2520,548160,274080,0.9868,5.3968,0.8113,2.9962,138407,1384070.0,138408,10.0,4.93,202.84,0.794,0.173,0.621,True,722.5068096266807,
gemm_1806,gemm,vitis,impl,"ap_fixed<16,5>",18,136,4433,7914,1824,2520,548160,274080,0.9868,5.3968,0.8087,2.8875,109191,1091910.0,109192,10.0,3.999,250.063,0.74,0.119,0.621,True,915.8263959483841,
gemm_1812,gemm,vitis,impl,"ap_fixed<16,5>",18,24,4080,2810,1824,2520,548160,274080,0.9868,0.9524,0.7443,1.0252,25500,255000.0,25501,10.0,3.26,306.748,0.671,0.05,0.62,True,3921.5686274509803,
gemm_1822,gemm,vitis,impl,"ap_fixed<16,5>",10,80,4715,6145,1824,2520,548160,274080,0.5482,3.1746,0.8602,2.242,23270,232700.0,23271,10.0,4.203,237.925,0.723,0.102,0.621,True,4297.378599054577,
gemm_1824,gemm,vitis,impl,"ap_fixed<16,5>",10,80,5825,5855,1824,2520,548160,274080,0.5482,3.1746,1.0626,2.1362,29990,299900.0,29991,10.0,3.635,275.103,0.729,0.108,0.621,True,3334.444814938313,
gemm_1827,gemm,vitis,impl,"ap_fixed<16,5>",10,73,5091,5155,1824,2520,548160,274080,0.5482,2.8968,0.9287,1.8808,25885,258850.0,25886,10.0,3.565,280.505,0.718,0.097,0.621,True,3863.241259416651,
gemm_1828,gemm,vitis,impl,"ap_fixed<16,5>",10,73,4916,4897,1824,2520,548160,274080,0.5482,2.8968,0.8968,1.7867,25436,254360.0,25437,10.0,3.611,276.932,0.708,0.088,0.621,True,3931.435760339676,
gemm_1834,gemm,vitis,impl,"ap_fixed<16,5>",18,73,5258,5249,1824,2520,548160,274080,0.9868,2.8968,0.9592,1.9151,547977,5479770.0,547978,10.0,3.916,255.363,0.719,0.098,0.621,True,182.48941105192372,
gemm_1838,gemm,vitis,impl,"ap_fixed<16,5>",18,73,3551,4927,1824,2520,548160,274080,0.9868,2.8968,0.6478,1.7977,116542,1165420.0,116543,10.0,4.165,240.096,0.696,0.075,0.621,True,858.0597552813578,
gemm_1841,gemm,vitis,impl,"ap_fixed<16,5>",18,73,8904,7289,1824,2520,548160,274080,0.9868,2.8968,1.6243,2.6594,604625,6046250.0,604626,10.0,4.707,212.45,0.728,0.108,0.621,True,165.39177175935498,
gemm_1845,gemm,vitis,impl,"ap_fixed<16,5>",18,80,9356,7737,1824,2520,548160,274080,0.9868,3.1746,1.7068,2.8229,605702,6057020.0,605703,10.0,5.022,199.124,0.75,0.129,0.621,True,165.0976883021684,
gemm_1846,gemm,vitis,impl,"ap_fixed<16,5>",18,80,5544,5605,1824,2520,548160,274080,0.9868,3.1746,1.0114,2.045,548086,5480860.0,548087,10.0,3.864,258.799,0.719,0.099,0.621,True,182.45311867115745,
gemm_1847,gemm,vitis,impl,"ap_fixed<16,5>",18,80,8977,7485,1824,2520,548160,274080,0.9868,3.1746,1.6377,2.731,597541,5975410.0,597542,10.0,4.617,216.591,0.744,0.123,0.621,True,167.35253313161775,
gemm_1851,gemm,vitis,impl,"ap_fixed<16,5>",18,80,9488,7769,1824,2520,548160,274080,0.9868,3.1746,1.7309,2.8346,605711,6057110.0,605712,10.0,4.628,216.076,0.742,0.121,0.621,True,165.09523518641728,
gemm_1852,gemm,vitis,impl,"ap_fixed<16,5>",18,80,5654,5608,1824,2520,548160,274080,0.9868,3.1746,1.0315,2.0461,548095,5480950.0,548096,10.0,3.612,276.855,0.723,0.102,0.621,True,182.4501226977075,
gemm_1856,gemm,vitis,impl,"ap_fixed<16,5>",18,80,3826,5103,1824,2520,548160,274080,0.9868,3.1746,0.698,1.8619,109476,1094760.0,109477,10.0,4.039,247.586,0.705,0.085,0.621,True,913.4422156454383,
gemm_1857,gemm,vitis,impl,"ap_fixed<16,5>",10,80,4608,6065,1824,2520,548160,274080,0.5482,3.1746,0.8406,2.2129,23269,232690.0,23270,10.0,4.623,216.31,0.718,0.097,0.621,True,4297.563281619322,
gemm_1858,gemm,vitis,impl,"ap_fixed<16,5>",10,80,5719,5897,1824,2520,548160,274080,0.5482,3.1746,1.0433,2.1516,29989,299890.0,29990,10.0,3.869,258.465,0.729,0.108,0.621,True,3334.556003868085,
gemm_1859,gemm,vitis,impl,"ap_fixed<16,5>",10,80,3959,5214,1824,2520,548160,274080,0.5482,3.1746,0.7222,1.9024,18712,187120.0,18713,10.0,4.054,246.67,0.717,0.096,0.621,True,5344.164172723386,
gemm_1872,gemm,vitis,impl,"ap_fixed<16,5>",18,24,3632,2509,1824,2520,548160,274080,0.9868,0.9524,0.6626,0.9154,17233,172330.0,17234,10.0,3.072,325.521,0.669,0.048,0.62,True,5802.820170602913,
gemm_1876,gemm,vitis,impl,"ap_fixed<16,5>",2,136,6453,6512,1824,2520,548160,274080,0.1096,5.3968,1.1772,2.3759,25837,258370.0,25838,10.0,4.245,235.571,0.757,0.136,0.621,True,3870.4183922282,
gemm_1879,gemm,vitis,impl,"ap_fixed<16,5>",2,136,5314,6707,1824,2520,548160,274080,0.1096,5.3968,0.9694,2.4471,22254,222540.0,22255,10.0,3.947,253.357,0.751,0.13,0.621,True,4493.574188909859,
gemm_1890,gemm,vitis,impl,"ap_fixed<16,5>",2,584,9089,16431,1824,2520,548160,274080,0.1096,23.1746,1.6581,5.995,116162,1161620.0,116163,10.0,6.186,161.655,1.061,0.438,0.623,True,860.8667206143145,
gemm_1896,gemm,vitis,impl,"ap_fixed<16,5>",2,584,8177,16855,1824,2520,548160,274080,0.1096,23.1746,1.4917,6.1497,109126,1091260.0,109127,10.0,6.455,154.919,1.045,0.423,0.623,True,916.371900372047,
gemm_1903,gemm,vitis,impl,"ap_fixed<16,5>",2,584,11605,13280,1824,2520,548160,274080,0.1096,23.1746,2.1171,4.8453,605735,6057350.0,605736,10.0,4.822,207.383,1.091,0.468,0.623,True,165.0886939007982,
gemm_1906,gemm,vitis,impl,"ap_fixed<16,5>",2,136,5349,6643,1824,2520,548160,274080,0.1096,5.3968,0.9758,2.4237,22309,223090.0,22310,10.0,4.23,236.407,0.746,0.125,0.621,True,4482.4958536913355,
gemm_1913,gemm,vitis,impl,"ap_fixed<16,5>",2,136,5342,6593,1824,2520,548160,274080,0.1096,5.3968,0.9745,2.4055,19117,191170.0,19118,10.0,4.815,207.684,0.753,0.132,0.621,True,5230.946278181723,
gemm_1915,gemm,vitis,impl,"ap_fixed<16,5>",2,136,6453,6514,1824,2520,548160,274080,0.1096,5.3968,1.1772,2.3767,25837,258370.0,25838,10.0,3.73,268.097,0.756,0.135,0.621,True,3870.4183922282,
gemm_1921,gemm,vitis,impl,"ap_fixed<16,5>",18,3,3163,2244,1824,2520,548160,274080,0.9868,0.119,0.577,0.8187,24901,249010.0,24902,10.0,2.677,373.552,0.65,0.03,0.62,True,4015.902975784105,
gemm_1922,gemm,vitis,impl,"ap_fixed<16,5>",18,3,3201,2272,1824,2520,548160,274080,0.9868,0.119,0.584,0.829,24901,249010.0,24902,10.0,3.23,309.598,0.65,0.03,0.62,True,4015.902975784105,
gemm_1923,gemm,vitis,impl,"ap_fixed<16,5>",18,3,3201,2277,1824,2520,548160,274080,0.9868,0.119,0.584,0.8308,24901,249010.0,24902,10.0,2.674,373.972,0.651,0.03,0.62,True,4015.902975784105,
gemm_1924,gemm,vitis,impl,"ap_fixed<16,5>",18,3,3239,2303,1824,2520,548160,274080,0.9868,0.119,0.5909,0.8403,24901,249010.0,24902,10.0,2.774,360.49,0.651,0.031,0.62,True,4015.902975784105,
gemm_1925,gemm,vitis,impl,"ap_fixed<16,5>",18,3,3277,2275,1824,2520,548160,274080,0.9868,0.119,0.5978,0.83,24910,249100.0,24911,10.0,3.34,299.401,0.654,0.033,0.62,True,4014.4520272982736,
gemm_1926,gemm,vitis,impl,"ap_fixed<16,5>",18,3,3315,2302,1824,2520,548160,274080,0.9868,0.119,0.6048,0.8399,24910,249100.0,24911,10.0,2.915,343.053,0.654,0.033,0.62,True,4014.4520272982736,
gemm_1927,gemm,vitis,impl,"ap_fixed<16,5>",18,3,3315,2307,1824,2520,548160,274080,0.9868,0.119,0.6048,0.8417,24910,249100.0,24911,10.0,2.9,344.828,0.654,0.034,0.62,True,4014.4520272982736,
gemm_1928,gemm,vitis,impl,"ap_fixed<16,5>",18,3,3353,2333,1824,2520,548160,274080,0.9868,0.119,0.6117,0.8512,24910,249100.0,24911,10.0,2.949,339.098,0.654,0.034,0.62,True,4014.4520272982736,
gemm_1929,gemm,vitis,impl,"ap_fixed<16,5>",33,3,3138,2183,1824,2520,548160,274080,1.8092,0.119,0.5725,0.7965,1097921,10979210.0,1097922,10.0,3.41,293.255,0.655,0.035,0.621,True,91.08123444218664,
gemm_1930,gemm,vitis,impl,"ap_fixed<16,5>",33,3,3157,2212,1824,2520,548160,274080,1.8092,0.119,0.5759,0.8071,1097921,10979210.0,1097922,10.0,3.325,300.752,0.655,0.035,0.621,True,91.08123444218664,
gemm_1931,gemm,vitis,impl,"ap_fixed<16,5>",33,3,3175,2234,1824,2520,548160,274080,1.8092,0.119,0.5792,0.8151,1097921,10979210.0,1097922,10.0,2.938,340.368,0.656,0.036,0.621,True,91.08123444218664,
gemm_1932,gemm,vitis,impl,"ap_fixed<16,5>",33,3,3177,2213,1824,2520,548160,274080,1.8092,0.119,0.5796,0.8074,1097921,10979210.0,1097922,10.0,3.235,309.119,0.654,0.033,0.621,True,91.08123444218664,
gemm_1933,gemm,vitis,impl,"ap_fixed<16,5>",33,3,3158,2217,1824,2520,548160,274080,1.8092,0.119,0.5761,0.8089,1097921,10979210.0,1097922,10.0,3.251,307.598,0.657,0.036,0.621,True,91.08123444218664,
gemm_1934,gemm,vitis,impl,"ap_fixed<16,5>",33,3,3176,2230,1824,2520,548160,274080,1.8092,0.119,0.5794,0.8136,1097921,10979210.0,1097922,10.0,2.932,341.064,0.657,0.037,0.621,True,91.08123444218664,
gemm_1935,gemm,vitis,impl,"ap_fixed<16,5>",33,3,3248,2270,1824,2520,548160,274080,1.8092,0.119,0.5925,0.8282,1097926,10979260.0,1097927,10.0,3.27,305.81,0.659,0.038,0.621,True,91.08081965451224,
gemm_1936,gemm,vitis,impl,"ap_fixed<16,5>",33,3,3267,2303,1824,2520,548160,274080,1.8092,0.119,0.596,0.8403,1097926,10979260.0,1097927,10.0,3.269,305.904,0.659,0.038,0.621,True,91.08081965451224,
gemm_1937,gemm,vitis,impl,"ap_fixed<16,5>",33,3,3285,2322,1824,2520,548160,274080,1.8092,0.119,0.5993,0.8472,1097926,10979260.0,1097927,10.0,3.191,313.381,0.659,0.039,0.621,True,91.08081965451224,
gemm_1938,gemm,vitis,impl,"ap_fixed<16,5>",33,3,3287,2302,1824,2520,548160,274080,1.8092,0.119,0.5996,0.8399,1097926,10979260.0,1097927,10.0,3.143,318.167,0.66,0.039,0.621,True,91.08081965451224,
gemm_1939,gemm,vitis,impl,"ap_fixed<16,5>",33,3,3268,2308,1824,2520,548160,274080,1.8092,0.119,0.5962,0.8421,1097926,10979260.0,1097927,10.0,3.401,294.031,0.659,0.038,0.621,True,91.08081965451224,
gemm_1940,gemm,vitis,impl,"ap_fixed<16,5>",33,3,3286,2319,1824,2520,548160,274080,1.8092,0.119,0.5995,0.8461,1097926,10979260.0,1097927,10.0,3.047,328.192,0.659,0.039,0.621,True,91.08081965451224,
gemm_1941,gemm,vitis,impl,"ap_fixed<16,5>",33,3,3290,2326,1824,2520,548160,274080,1.8092,0.119,0.6002,0.8487,1097929,10979290.0,1097930,10.0,3.208,311.721,0.659,0.038,0.621,True,91.08057078372099,
gemm_1942,gemm,vitis,impl,"ap_fixed<16,5>",33,3,3309,2357,1824,2520,548160,274080,1.8092,0.119,0.6037,0.86,1097929,10979290.0,1097930,10.0,3.604,277.469,0.658,0.037,0.621,True,91.08057078372099,
gemm_1943,gemm,vitis,impl,"ap_fixed<16,5>",33,3,3255,2332,1824,2520,548160,274080,1.8092,0.119,0.5938,0.8508,1097929,10979290.0,1097930,10.0,3.464,288.684,0.658,0.037,0.621,True,91.08057078372099,
gemm_1944,gemm,vitis,impl,"ap_fixed<16,5>",33,3,3257,2318,1824,2520,548160,274080,1.8092,0.119,0.5942,0.8457,1097929,10979290.0,1097930,10.0,3.003,333.0,0.659,0.038,0.621,True,91.08057078372099,
gemm_1945,gemm,vitis,impl,"ap_fixed<16,5>",33,3,3310,2360,1824,2520,548160,274080,1.8092,0.119,0.6038,0.8611,1097929,10979290.0,1097930,10.0,3.263,306.466,0.659,0.038,0.621,True,91.08057078372099,
gemm_1946,gemm,vitis,impl,"ap_fixed<16,5>",33,3,3256,2331,1824,2520,548160,274080,1.8092,0.119,0.594,0.8505,1097929,10979290.0,1097930,10.0,3.078,324.886,0.657,0.037,0.621,True,91.08057078372099,
gemm_1947,gemm,vitis,impl,"ap_fixed<16,5>",33,3,3402,2356,1824,2520,548160,274080,1.8092,0.119,0.6206,0.8596,1097936,10979360.0,1097937,10.0,3.66,273.224,0.657,0.037,0.621,True,91.07999009049708,
gemm_1948,gemm,vitis,impl,"ap_fixed<16,5>",33,3,3421,2388,1824,2520,548160,274080,1.8092,0.119,0.6241,0.8713,1097936,10979360.0,1097937,10.0,3.365,297.177,0.658,0.037,0.621,True,91.07999009049708,
gemm_1949,gemm,vitis,impl,"ap_fixed<16,5>",33,3,3367,2362,1824,2520,548160,274080,1.8092,0.119,0.6142,0.8618,1097936,10979360.0,1097937,10.0,3.398,294.291,0.657,0.037,0.621,True,91.07999009049708,
gemm_1950,gemm,vitis,impl,"ap_fixed<16,5>",33,3,3369,2344,1824,2520,548160,274080,1.8092,0.119,0.6146,0.8552,1097936,10979360.0,1097937,10.0,3.74,267.38,0.659,0.038,0.621,True,91.07999009049708,
gemm_1951,gemm,vitis,impl,"ap_fixed<16,5>",33,3,3422,2387,1824,2520,548160,274080,1.8092,0.119,0.6243,0.8709,1097936,10979360.0,1097937,10.0,3.721,268.745,0.659,0.038,0.621,True,91.07999009049708,
gemm_1952,gemm,vitis,impl,"ap_fixed<16,5>",33,3,3368,2354,1824,2520,548160,274080,1.8092,0.119,0.6144,0.8589,1097936,10979360.0,1097937,10.0,3.131,319.387,0.657,0.037,0.621,True,91.07999009049708,
gemm_1953,gemm,vitis,impl,"ap_fixed<16,5>",1,0,1546,1054,1824,2520,548160,274080,0.0548,0.0,0.282,0.3846,16688,166880.0,16689,10.0,3.044,328.515,0.63,0.009,0.62,True,5992.329817833173,
gemm_1954,gemm,vitis,impl,"ap_fixed<16,5>",1,0,1546,1054,1824,2520,548160,274080,0.0548,0.0,0.282,0.3846,16688,166880.0,16689,10.0,3.044,328.515,0.63,0.009,0.62,True,5992.329817833173,
gemm_1955,gemm,vitis,impl,"ap_fixed<16,5>",1,0,1546,1054,1824,2520,548160,274080,0.0548,0.0,0.282,0.3846,16688,166880.0,16689,10.0,3.044,328.515,0.63,0.009,0.62,True,5992.329817833173,
gemm_1956,gemm,vitis,impl,"ap_fixed<16,5>",1,0,1546,1054,1824,2520,548160,274080,0.0548,0.0,0.282,0.3846,16688,166880.0,16689,10.0,3.044,328.515,0.63,0.009,0.62,True,5992.329817833173,
gemm_1957,gemm,vitis,impl,"ap_fixed<16,5>",1,0,1546,1054,1824,2520,548160,274080,0.0548,0.0,0.282,0.3846,16688,166880.0,16689,10.0,3.044,328.515,0.63,0.009,0.62,True,5992.329817833173,
gemm_1958,gemm,vitis,impl,"ap_fixed<16,5>",1,0,1546,1054,1824,2520,548160,274080,0.0548,0.0,0.282,0.3846,16688,166880.0,16689,10.0,3.044,328.515,0.63,0.009,0.62,True,5992.329817833173,
gemm_1959,gemm,vitis,impl,"ap_fixed<16,5>",1,0,1546,1054,1824,2520,548160,274080,0.0548,0.0,0.282,0.3846,16688,166880.0,16689,10.0,3.044,328.515,0.63,0.009,0.62,True,5992.329817833173,
gemm_1960,gemm,vitis,impl,"ap_fixed<16,5>",1,0,1546,1054,1824,2520,548160,274080,0.0548,0.0,0.282,0.3846,16688,166880.0,16689,10.0,3.044,328.515,0.63,0.009,0.62,True,5992.329817833173,
gemm_1961,gemm,vitis,impl,"ap_fixed<16,5>",18,3,3196,2227,1824,2520,548160,274080,0.9868,0.119,0.583,0.8125,24970,249700.0,24971,10.0,2.865,349.04,0.652,0.032,0.62,True,4004.8057669203044,
gemm_1962,gemm,vitis,impl,"ap_fixed<16,5>",18,3,3160,2211,1824,2520,548160,274080,0.9868,0.119,0.5765,0.8067,24970,249700.0,24971,10.0,2.65,377.358,0.652,0.031,0.62,True,4004.8057669203044,
gemm_1963,gemm,vitis,impl,"ap_fixed<16,5>",18,3,3234,2252,1824,2520,548160,274080,0.9868,0.119,0.59,0.8217,24970,249700.0,24971,10.0,3.462,288.85,0.652,0.032,0.62,True,4004.8057669203044,
gemm_1964,gemm,vitis,impl,"ap_fixed<16,5>",18,3,3198,2241,1824,2520,548160,274080,0.9868,0.119,0.5834,0.8176,24970,249700.0,24971,10.0,3.044,328.515,0.652,0.032,0.62,True,4004.8057669203044,
gemm_1965,gemm,vitis,impl,"ap_fixed<16,5>",18,3,3308,2254,1824,2520,548160,274080,0.9868,0.119,0.6035,0.8224,24977,249770.0,24978,10.0,2.768,361.272,0.652,0.032,0.62,True,4003.6833887176203,
gemm_1966,gemm,vitis,impl,"ap_fixed<16,5>",18,3,3272,2239,1824,2520,548160,274080,0.9868,0.119,0.5969,0.8169,24977,249770.0,24978,10.0,2.866,348.918,0.652,0.031,0.62,True,4003.6833887176203,
gemm_1967,gemm,vitis,impl,"ap_fixed<16,5>",18,3,3346,2285,1824,2520,548160,274080,0.9868,0.119,0.6104,0.8337,24977,249770.0,24978,10.0,2.757,362.713,0.653,0.032,0.62,True,4003.6833887176203,
gemm_1968,gemm,vitis,impl,"ap_fixed<16,5>",18,3,3310,2271,1824,2520,548160,274080,0.9868,0.119,0.6038,0.8286,24977,249770.0,24978,10.0,3.071,325.627,0.653,0.032,0.62,True,4003.6833887176203,
gemm_1982,gemm,vitis,impl,"ap_fixed<16,5>",34,24,4370,3512,1824,2520,548160,274080,1.864,0.9524,0.7972,1.2814,1085609,10856090.0,1085610,10.0,3.701,270.197,0.69,0.069,0.621,True,92.11419581083061,
gemm_1985,gemm,vitis,impl,"ap_fixed<16,5>",34,24,3962,3034,1824,2520,548160,274080,1.864,0.9524,0.7228,1.107,167009,1670090.0,167010,10.0,3.698,270.416,0.687,0.067,0.621,True,598.7701261608656,
gemm_1990,gemm,vitis,impl,"ap_fixed<16,5>",34,17,3913,2788,1824,2520,548160,274080,1.864,0.6746,0.7138,1.0172,1202891,12028910.0,1202892,10.0,3.066,326.158,0.671,0.05,0.621,True,83.13305195566348,
gemm_1992,gemm,vitis,impl,"ap_fixed<16,5>",34,17,4180,2900,1824,2520,548160,274080,1.864,0.6746,0.7626,1.0581,1143446,11434460.0,1143447,10.0,3.375,296.296,0.685,0.064,0.621,True,87.45493884276127,
gemm_1995,gemm,vitis,impl,"ap_fixed<16,5>",34,17,3487,2357,1824,2520,548160,274080,1.864,0.6746,0.6361,0.86,166096,1660960.0,166097,10.0,3.505,285.307,0.664,0.043,0.621,True,602.0614584336769,
gemm_2001,gemm,vitis,impl,"ap_fixed<16,5>",18,10,3278,2405,1824,2520,548160,274080,0.9868,0.3968,0.598,0.8775,26063,260630.0,26064,10.0,3.154,317.058,0.661,0.041,0.62,True,3836.856846871043,
gemm_2002,gemm,vitis,impl,"ap_fixed<16,5>",18,10,3316,2432,1824,2520,548160,274080,0.9868,0.3968,0.6049,0.8873,26063,260630.0,26064,10.0,3.113,321.234,0.662,0.041,0.62,True,3836.856846871043,
gemm_2003,gemm,vitis,impl,"ap_fixed<16,5>",18,10,3813,2749,1824,2520,548160,274080,0.9868,0.3968,0.6956,1.003,34220,342200.0,34221,10.0,3.615,276.625,0.664,0.043,0.62,True,2922.267679719462,
gemm_2004,gemm,vitis,impl,"ap_fixed<16,5>",18,10,3851,2774,1824,2520,548160,274080,0.9868,0.3968,0.7025,1.0121,34220,342200.0,34221,10.0,3.73,268.097,0.664,0.043,0.62,True,2922.267679719462,
gemm_2006,gemm,vitis,impl,"ap_fixed<16,5>",18,10,3426,2464,1824,2520,548160,274080,0.9868,0.3968,0.625,0.899,26068,260680.0,26069,10.0,3.267,306.091,0.661,0.04,0.62,True,3836.120914531226,
gemm_2007,gemm,vitis,impl,"ap_fixed<16,5>",18,10,3927,2775,1824,2520,548160,274080,0.9868,0.3968,0.7164,1.0125,34229,342290.0,34230,10.0,3.429,291.63,0.666,0.045,0.62,True,2921.4993134476613,
gemm_2009,gemm,vitis,impl,"ap_fixed<16,5>",18,17,3420,2401,1824,2520,548160,274080,0.9868,0.6746,0.6239,0.876,24968,249680.0,24969,10.0,3.123,320.205,0.662,0.042,0.62,True,4005.126561999359,
gemm_2019,gemm,vitis,impl,"ap_fixed<16,5>",18,17,4065,3055,1824,2520,548160,274080,0.9868,0.6746,0.7416,1.1146,34269,342690.0,34270,10.0,3.57,280.112,0.671,0.05,0.62,True,2918.0892351688117,
gemm_2020,gemm,vitis,impl,"ap_fixed<16,5>",18,17,3854,2729,1824,2520,548160,274080,0.9868,0.6746,0.7031,0.9957,33820,338200.0,33821,10.0,3.437,290.951,0.666,0.045,0.62,True,2956.830277942046,
gemm_2034,gemm,vitis,impl,"ap_fixed<16,5>",33,10,4011,2946,1824,2520,548160,274080,1.8092,0.3968,0.7317,1.0749,1098503,10985030.0,1098504,10.0,3.529,283.366,0.668,0.047,0.621,True,91.0329785171274,
gemm_2035,gemm,vitis,impl,"ap_fixed<16,5>",33,10,3252,2275,1824,2520,548160,274080,1.8092,0.3968,0.5933,0.83,1097926,10979260.0,1097927,10.0,3.001,333.222,0.659,0.039,0.62,True,91.08081965451224,
gemm_2045,gemm,vitis,impl,"ap_fixed<16,5>",33,10,4084,3022,1824,2520,548160,274080,1.8092,0.3968,0.745,1.1026,1098644,10986440.0,1098645,10.0,3.887,257.268,0.671,0.05,0.621,True,91.02129534225827,
gemm_2060,gemm,vitis,impl,"ap_fixed<16,5>",18,10,3308,2397,1824,2520,548160,274080,0.9868,0.3968,0.6035,0.8746,17802,178020.0,17803,10.0,2.893,345.662,0.661,0.04,0.62,True,5617.346365576902,
gemm_2064,gemm,vitis,impl,"ap_fixed<16,5>",18,10,3420,2433,1824,2520,548160,274080,0.9868,0.3968,0.6239,0.8877,17809,178090.0,17810,10.0,3.135,318.979,0.662,0.041,0.62,True,5615.138413161884,
gemm_2066,gemm,vitis,impl,"ap_fixed<16,5>",10,80,4894,5003,1824,2520,548160,274080,0.5482,3.1746,0.8928,1.8254,25953,259530.0,25954,10.0,3.886,257.334,0.72,0.099,0.621,True,3853.1190999113783,
gemm_2070,gemm,vitis,impl,"ap_fixed<16,5>",10,80,5008,5043,1824,2520,548160,274080,0.5482,3.1746,0.9136,1.84,25962,259620.0,25963,10.0,4.141,241.488,0.73,0.109,0.621,True,3851.7833757029503,
gemm_2077,gemm,vitis,impl,"ap_fixed<16,5>",26,80,5047,5234,1824,2520,548160,274080,1.4254,3.1746,0.9207,1.9097,1070352,10703520.0,1070353,10.0,3.704,269.978,0.718,0.097,0.621,True,93.42720899292942,
gemm_2099,gemm,vitis,impl,"ap_fixed<16,5>",10,73,4979,5068,1824,2520,548160,274080,0.5482,2.8968,0.9083,1.8491,26996,269960.0,26997,10.0,3.853,259.538,0.716,0.095,0.621,True,3704.252481849163,
gemm_2100,gemm,vitis,impl,"ap_fixed<16,5>",10,73,5414,5636,1824,2520,548160,274080,0.5482,2.8968,0.9877,2.0563,34621,346210.0,34622,10.0,3.535,282.885,0.727,0.107,0.621,True,2888.420322925392,
gemm_2103,gemm,vitis,impl,"ap_fixed<16,5>",10,73,5093,5092,1824,2520,548160,274080,0.5482,2.8968,0.9291,1.8579,27005,270050.0,27006,10.0,3.409,293.341,0.725,0.104,0.621,True,3703.017959637104,
gemm_2105,gemm,vitis,impl,"ap_fixed<16,5>",10,73,4915,5090,1824,2520,548160,274080,0.5482,2.8968,0.8966,1.8571,25425,254250.0,25426,10.0,3.983,251.067,0.719,0.099,0.621,True,3933.136676499508,
gemm_2107,gemm,vitis,impl,"ap_fixed<16,5>",10,73,5394,5436,1824,2520,548160,274080,0.5482,2.8968,0.984,1.9834,34093,340930.0,34094,10.0,3.591,278.474,0.723,0.102,0.621,True,2933.1534332560936,
gemm_2119,gemm,vitis,impl,"ap_fixed<16,5>",18,10,3429,2331,1824,2520,548160,274080,0.9868,0.3968,0.6255,0.8505,24910,249100.0,24911,10.0,3.06,326.797,0.657,0.037,0.62,True,4014.4520272982736,
gemm_2120,gemm,vitis,impl,"ap_fixed<16,5>",18,10,3467,2356,1824,2520,548160,274080,0.9868,0.3968,0.6325,0.8596,24910,249100.0,24911,10.0,3.377,296.121,0.657,0.037,0.62,True,4014.4520272982736,
gemm_2124,gemm,vitis,impl,"ap_fixed<16,5>",34,17,3283,2261,1824,2520,548160,274080,1.864,0.6746,0.5989,0.8249,166081,1660810.0,166082,10.0,3.028,330.251,0.668,0.047,0.621,True,602.1158350443459,
gemm_2126,gemm,vitis,impl,"ap_fixed<16,5>",34,17,3282,2268,1824,2520,548160,274080,1.864,0.6746,0.5987,0.8275,166081,1660810.0,166082,10.0,3.072,325.521,0.667,0.047,0.621,True,602.1158350443459,
gemm_2133,gemm,vitis,impl,"ap_fixed<16,5>",34,24,4523,3393,1824,2520,548160,274080,1.864,0.9524,0.8251,1.238,1085750,10857500.0,1085751,10.0,3.702,270.124,0.689,0.069,0.621,True,92.10223347916187,
gemm_2134,gemm,vitis,impl,"ap_fixed<16,5>",34,24,4691,3601,1824,2520,548160,274080,1.864,0.9524,0.8558,1.3138,1085750,10857500.0,1085751,10.0,3.618,276.396,0.693,0.072,0.621,True,92.10223347916187,
gemm_2140,gemm,vitis,impl,"ap_fixed<16,5>",34,24,4805,3640,1824,2520,548160,274080,1.864,0.9524,0.8766,1.3281,1085759,10857590.0,1085760,10.0,3.587,278.784,0.693,0.073,0.621,True,92.10147003156317,
gemm_2142,gemm,vitis,impl,"ap_fixed<16,5>",34,24,3548,2493,1824,2520,548160,274080,1.864,0.9524,0.6473,0.9096,151760,1517600.0,151761,10.0,3.744,267.094,0.675,0.054,0.621,True,658.9351607801792,
gemm_2149,gemm,vitis,impl,"ap_fixed<16,5>",18,17,4457,3423,1824,2520,548160,274080,0.9868,0.6746,0.8131,1.2489,50527,505270.0,50528,10.0,3.563,280.662,0.685,0.064,0.621,True,1979.139865814317,
gemm_2150,gemm,vitis,impl,"ap_fixed<16,5>",18,17,3816,2582,1824,2520,548160,274080,0.9868,0.6746,0.6961,0.9421,41428,414280.0,41429,10.0,4.196,238.322,0.665,0.045,0.62,True,2413.826397605484,
gemm_2165,gemm,vitis,impl,"ap_fixed<16,5>",18,24,4087,2725,1824,2520,548160,274080,0.9868,0.9524,0.7456,0.9942,26997,269970.0,26998,10.0,3.935,254.13,0.677,0.056,0.621,True,3704.1152720672667,
gemm_2166,gemm,vitis,impl,"ap_fixed<16,5>",18,24,4509,3059,1824,2520,548160,274080,0.9868,0.9524,0.8226,1.1161,35086,350860.0,35087,10.0,4.672,214.041,0.68,0.059,0.621,True,2850.139656843185,
gemm_2168,gemm,vitis,impl,"ap_fixed<16,5>",18,24,4122,2807,1824,2520,548160,274080,0.9868,0.9524,0.752,1.0242,25964,259640.0,25965,10.0,4.296,232.775,0.674,0.054,0.621,True,3851.4866738561086,
gemm_2170,gemm,vitis,impl,"ap_fixed<16,5>",82,136,7817,7080,1824,2520,548160,274080,4.4956,5.3968,1.426,2.5832,1187497,11874970.0,1187498,10.0,4.141,241.488,0.792,0.171,0.621,True,84.2107390587092,
gemm_2171,gemm,vitis,impl,"ap_fixed<16,5>",82,136,4093,3696,1824,2520,548160,274080,4.4956,5.3968,0.7467,1.3485,223913,2239130.0,223914,10.0,3.793,263.644,0.734,0.113,0.621,True,446.6020284664133,
gemm_2178,gemm,vitis,impl,"ap_fixed<16,5>",82,136,4210,3401,1824,2520,548160,274080,4.4956,5.3968,0.768,1.2409,223922,2239220.0,223923,10.0,4.183,239.063,0.742,0.121,0.621,True,446.5840783844374,
gemm_2180,gemm,vitis,impl,"ap_fixed<16,5>",82,136,4313,3669,1824,2520,548160,274080,4.4956,5.3968,0.7868,1.3387,166322,1663220.0,166323,10.0,4.624,216.263,0.756,0.135,0.621,True,601.2433712918315,
gemm_2182,gemm,vitis,impl,"ap_fixed<16,5>",82,136,8298,7090,1824,2520,548160,274080,4.4956,5.3968,1.5138,2.5868,1201990,12019900.0,1201991,10.0,4.405,227.015,0.797,0.176,0.621,True,83.19536768192746,
gemm_2193,gemm,vitis,impl,"ap_fixed<16,5>",18,24,4161,3335,1824,2520,548160,274080,0.9868,0.9524,0.7591,1.2168,35160,351600.0,35161,10.0,3.438,290.867,0.686,0.066,0.621,True,2844.141069397042,
gemm_2195,gemm,vitis,impl,"ap_fixed<16,5>",18,24,4507,3657,1824,2520,548160,274080,0.9868,0.9524,0.8222,1.3343,43317,433170.0,43318,10.0,3.87,258.398,0.689,0.069,0.621,True,2308.5624581573056,
gemm_2198,gemm,vitis,impl,"ap_fixed<16,5>",18,24,3632,2526,1824,2520,548160,274080,0.9868,0.9524,0.6626,0.9216,26068,260680.0,26069,10.0,3.231,309.502,0.67,0.049,0.62,True,3836.120914531226,
gemm_2210,gemm,vitis,impl,"ap_fixed<16,5>",10,73,3803,5078,1824,2520,548160,274080,0.5482,2.8968,0.6938,1.8527,27100,271000.0,27101,10.0,4.66,214.592,0.695,0.074,0.621,True,3690.036900369004,
gemm_2211,gemm,vitis,impl,"ap_fixed<16,5>",10,73,5125,5267,1824,2520,548160,274080,0.5482,2.8968,0.9349,1.9217,34269,342690.0,34270,10.0,3.665,272.851,0.719,0.099,0.621,True,2918.0892351688117,
gemm_2214,gemm,vitis,impl,"ap_fixed<16,5>",10,73,3917,5061,1824,2520,548160,274080,0.5482,2.8968,0.7146,1.8465,27109,271090.0,27110,10.0,4.247,235.46,0.723,0.102,0.621,True,3688.8118337083624,
gemm_2223,gemm,vitis,impl,"ap_fixed<16,5>",26,73,9574,7918,1824,2520,548160,274080,1.4254,2.8968,1.7466,2.8889,1143330,11433300.0,1143331,10.0,4.235,236.128,0.747,0.126,0.621,True,87.46381184784795,
gemm_2230,gemm,vitis,impl,"ap_fixed<16,5>",26,80,5584,5695,1824,2520,548160,274080,1.4254,3.1746,1.0187,2.0779,1085750,10857500.0,1085751,10.0,3.816,262.055,0.73,0.109,0.621,True,92.10223347916187,
gemm_2232,gemm,vitis,impl,"ap_fixed<16,5>",26,80,4048,5508,1824,2520,548160,274080,1.4254,3.1746,0.7385,2.0096,152347,1523470.0,152348,10.0,4.918,203.335,0.742,0.122,0.621,True,656.3962532901862,
gemm_2233,gemm,vitis,impl,"ap_fixed<16,5>",26,80,5355,5408,1824,2520,548160,274080,1.4254,3.1746,0.9769,1.9731,1203700,12037000.0,1203701,10.0,3.535,282.885,0.732,0.111,0.621,True,83.07717869901138,
gemm_2234,gemm,vitis,impl,"ap_fixed<16,5>",26,80,3718,5109,1824,2520,548160,274080,1.4254,3.1746,0.6783,1.8641,210523,2105230.0,210524,10.0,4.295,232.829,0.71,0.09,0.621,True,475.00748136783153,
gemm_2246,gemm,vitis,impl,"ap_fixed<16,5>",10,80,5842,5909,1824,2520,548160,274080,0.5482,3.1746,1.0657,2.1559,42350,423500.0,42351,10.0,4.03,248.139,0.733,0.112,0.621,True,2361.275088547816,
gemm_2249,gemm,vitis,impl,"ap_fixed<16,5>",18,24,4658,3702,1824,2520,548160,274080,0.9868,0.9524,0.8498,1.3507,42733,427330.0,42734,10.0,3.764,265.675,0.689,0.069,0.621,True,2340.111857346781,
gemm_2252,gemm,vitis,impl,"ap_fixed<16,5>",18,24,3518,2487,1824,2520,548160,274080,0.9868,0.9524,0.6418,0.9074,17802,178020.0,17803,10.0,4.286,233.318,0.67,0.05,0.62,True,5617.346365576902,
gemm_2257,gemm,vitis,impl,"ap_fixed<16,5>",2,136,4284,7950,1824,2520,548160,274080,0.1096,5.3968,0.7815,2.9006,20269,202690.0,20270,10.0,4.576,218.531,0.747,0.126,0.621,True,4933.642508263852,
gemm_2261,gemm,vitis,impl,"ap_fixed<16,5>",2,136,4397,7999,1824,2520,548160,274080,0.1096,5.3968,0.8021,2.9185,20278,202780.0,20279,10.0,4.306,232.234,0.801,0.18,0.621,True,4931.452805996647,
gemm_2263,gemm,vitis,impl,"ap_fixed<16,5>",2,136,5354,7878,1824,2520,548160,274080,0.1096,5.3968,0.9767,2.8743,26998,269980.0,26999,10.0,4.382,228.206,0.794,0.173,0.621,True,3703.978072449811,
gemm_2267,gemm,vitis,impl,"ap_fixed<16,5>",66,584,8169,13571,1824,2520,548160,274080,3.6184,23.1746,1.4903,4.9515,223857,2238570.0,223858,10.0,6.271,159.464,1.012,0.389,0.622,True,446.7137502959479,
gemm_2287,gemm,vitis,impl,"ap_fixed<16,5>",66,584,10534,12038,1824,2520,548160,274080,3.6184,23.1746,1.9217,4.3921,1201999,12019990.0,1202000,10.0,4.782,209.118,1.099,0.476,0.623,True,83.19474475436336,
gemm_2288,gemm,vitis,impl,"ap_fixed<16,5>",66,584,8253,13529,1824,2520,548160,274080,3.6184,23.1746,1.5056,4.9362,209727,2097270.0,209728,10.0,5.857,170.736,0.983,0.361,0.622,True,476.81032961898086,
gemm_2293,gemm,vitis,impl,"ap_fixed<16,5>",2,136,4365,7993,1824,2520,548160,274080,0.1096,5.3968,0.7963,2.9163,20270,202700.0,20271,10.0,4.525,220.994,0.802,0.18,0.621,True,4933.39911198816,
gemm_2297,gemm,vitis,impl,"ap_fixed<16,5>",2,136,5343,7686,1824,2520,548160,274080,0.1096,5.3968,0.9747,2.8043,27373,273730.0,27374,10.0,4.098,244.021,0.761,0.14,0.621,True,3653.234939538962,
gemm_2301,gemm,vitis,impl,"ap_fixed<16,5>",2,136,5458,7868,1824,2520,548160,274080,0.1096,5.3968,0.9957,2.8707,27382,273820.0,27383,10.0,4.116,242.954,0.782,0.161,0.621,True,3652.0341830399534,
gemm_2302,gemm,vitis,impl,"ap_fixed<16,5>",2,136,4347,7978,1824,2520,548160,274080,0.1096,5.3968,0.793,2.9108,20662,206620.0,20663,10.0,4.526,220.946,0.781,0.16,0.621,True,4839.802536056529,
gemm_2305,gemm,vitis,impl,"ap_fixed<16,5>",25,3,3176,2250,1824,2520,548160,274080,1.3706,0.119,0.5794,0.8209,41221,412210.0,41222,10.0,2.735,365.631,0.651,0.031,0.62,True,2425.947939157226,
gemm_2306,gemm,vitis,impl,"ap_fixed<16,5>",25,3,3214,2277,1824,2520,548160,274080,1.3706,0.119,0.5863,0.8308,41221,412210.0,41222,10.0,2.982,335.345,0.652,0.031,0.62,True,2425.947939157226,
gemm_2307,gemm,vitis,impl,"ap_fixed<16,5>",25,3,3212,2277,1824,2520,548160,274080,1.3706,0.119,0.586,0.8308,41221,412210.0,41222,10.0,3.146,317.864,0.652,0.031,0.62,True,2425.947939157226,
gemm_2308,gemm,vitis,impl,"ap_fixed<16,5>",25,3,3250,2303,1824,2520,548160,274080,1.3706,0.119,0.5929,0.8403,41221,412210.0,41222,10.0,3.333,300.03,0.652,0.032,0.62,True,2425.947939157226,
gemm_2309,gemm,vitis,impl,"ap_fixed<16,5>",25,3,3286,2278,1824,2520,548160,274080,1.3706,0.119,0.5995,0.8311,41230,412300.0,41231,10.0,2.919,342.583,0.654,0.033,0.62,True,2425.418384671356,
gemm_2310,gemm,vitis,impl,"ap_fixed<16,5>",25,3,3324,2302,1824,2520,548160,274080,1.3706,0.119,0.6064,0.8399,41230,412300.0,41231,10.0,3.185,313.972,0.654,0.034,0.62,True,2425.418384671356,
gemm_2311,gemm,vitis,impl,"ap_fixed<16,5>",25,3,3322,2308,1824,2520,548160,274080,1.3706,0.119,0.606,0.8421,41230,412300.0,41231,10.0,3.306,302.48,0.654,0.034,0.62,True,2425.418384671356,
gemm_2312,gemm,vitis,impl,"ap_fixed<16,5>",25,3,3360,2335,1824,2520,548160,274080,1.3706,0.119,0.613,0.8519,41230,412300.0,41231,10.0,3.343,299.133,0.655,0.034,0.62,True,2425.418384671356,
gemm_2313,gemm,vitis,impl,"ap_fixed<16,5>",33,3,3130,2146,1824,2520,548160,274080,1.8092,0.119,0.571,0.783,1089665,10896650.0,1089666,10.0,3.165,315.956,0.655,0.035,0.621,True,91.77132421432275,
gemm_2314,gemm,vitis,impl,"ap_fixed<16,5>",33,3,3149,2170,1824,2520,548160,274080,1.8092,0.119,0.5745,0.7917,1089665,10896650.0,1089666,10.0,3.289,304.044,0.655,0.035,0.621,True,91.77132421432275,
gemm_2315,gemm,vitis,impl,"ap_fixed<16,5>",33,3,3168,2166,1824,2520,548160,274080,1.8092,0.119,0.5779,0.7903,1089665,10896650.0,1089666,10.0,3.326,300.661,0.653,0.033,0.621,True,91.77132421432275,
gemm_2316,gemm,vitis,impl,"ap_fixed<16,5>",33,3,3218,2159,1824,2520,548160,274080,1.8092,0.119,0.5871,0.7877,1090622,10906220.0,1090623,10.0,3.02,331.126,0.653,0.033,0.621,True,91.69079662797927,
gemm_2317,gemm,vitis,impl,"ap_fixed<16,5>",33,3,3151,2185,1824,2520,548160,274080,1.8092,0.119,0.5748,0.7972,1089665,10896650.0,1089666,10.0,3.098,322.789,0.655,0.035,0.621,True,91.77132421432275,
gemm_2318,gemm,vitis,impl,"ap_fixed<16,5>",33,3,3171,2178,1824,2520,548160,274080,1.8092,0.119,0.5785,0.7947,1089665,10896650.0,1089666,10.0,3.065,326.264,0.654,0.034,0.621,True,91.77132421432275,
gemm_2319,gemm,vitis,impl,"ap_fixed<16,5>",33,3,3240,2233,1824,2520,548160,274080,1.8092,0.119,0.5911,0.8147,1089670,10896700.0,1089671,10.0,3.344,299.043,0.655,0.034,0.621,True,91.77090311745758,
gemm_2320,gemm,vitis,impl,"ap_fixed<16,5>",33,3,3259,2260,1824,2520,548160,274080,1.8092,0.119,0.5945,0.8246,1089670,10896700.0,1089671,10.0,3.349,298.597,0.656,0.035,0.621,True,91.77090311745758,
gemm_2321,gemm,vitis,impl,"ap_fixed<16,5>",33,3,3278,2250,1824,2520,548160,274080,1.8092,0.119,0.598,0.8209,1089670,10896700.0,1089671,10.0,2.949,339.098,0.655,0.034,0.621,True,91.77090311745758,
gemm_2322,gemm,vitis,impl,"ap_fixed<16,5>",33,3,3332,2253,1824,2520,548160,274080,1.8092,0.119,0.6079,0.822,1090631,10906310.0,1090632,10.0,2.886,346.5,0.655,0.034,0.621,True,91.69003998602643,
gemm_2323,gemm,vitis,impl,"ap_fixed<16,5>",33,3,3261,2273,1824,2520,548160,274080,1.8092,0.119,0.5949,0.8293,1089670,10896700.0,1089671,10.0,3.164,316.056,0.657,0.036,0.621,True,91.77090311745758,
gemm_2324,gemm,vitis,impl,"ap_fixed<16,5>",33,3,3281,2267,1824,2520,548160,274080,1.8092,0.119,0.5985,0.8271,1089670,10896700.0,1089671,10.0,3.031,329.924,0.657,0.036,0.621,True,91.77090311745758,
gemm_2325,gemm,vitis,impl,"ap_fixed<16,5>",33,3,3294,2317,1824,2520,548160,274080,1.8092,0.119,0.6009,0.8454,1089737,10897370.0,1089738,10.0,3.008,332.447,0.656,0.036,0.621,True,91.7652607922829,
gemm_2326,gemm,vitis,impl,"ap_fixed<16,5>",33,3,3313,2340,1824,2520,548160,274080,1.8092,0.119,0.6044,0.8538,1089737,10897370.0,1089738,10.0,2.959,337.952,0.656,0.036,0.621,True,91.7652607922829,
gemm_2327,gemm,vitis,impl,"ap_fixed<16,5>",33,3,3258,2281,1824,2520,548160,274080,1.8092,0.119,0.5944,0.8322,1089737,10897370.0,1089738,10.0,3.234,309.215,0.656,0.036,0.621,True,91.7652607922829,
gemm_2328,gemm,vitis,impl,"ap_fixed<16,5>",33,3,3310,2292,1824,2520,548160,274080,1.8092,0.119,0.6038,0.8363,1090827,10908270.0,1090828,10.0,3.235,309.119,0.656,0.036,0.621,True,91.67356510244062,
gemm_2329,gemm,vitis,impl,"ap_fixed<16,5>",33,3,3315,2355,1824,2520,548160,274080,1.8092,0.119,0.6048,0.8592,1089737,10897370.0,1089738,10.0,3.068,325.945,0.656,0.036,0.621,True,91.7652607922829,
gemm_2330,gemm,vitis,impl,"ap_fixed<16,5>",33,3,3261,2301,1824,2520,548160,274080,1.8092,0.119,0.5949,0.8395,1089737,10897370.0,1089738,10.0,3.166,315.856,0.657,0.036,0.621,True,91.7652607922829,
gemm_2331,gemm,vitis,impl,"ap_fixed<16,5>",33,3,3402,2345,1824,2520,548160,274080,1.8092,0.119,0.6206,0.8556,1089744,10897440.0,1089745,10.0,3.008,332.447,0.657,0.036,0.621,True,91.76467133565315,
gemm_2332,gemm,vitis,impl,"ap_fixed<16,5>",33,3,3421,2371,1824,2520,548160,274080,1.8092,0.119,0.6241,0.8651,1089744,10897440.0,1089745,10.0,3.174,315.06,0.657,0.036,0.621,True,91.76467133565315,
gemm_2333,gemm,vitis,impl,"ap_fixed<16,5>",33,3,3366,2314,1824,2520,548160,274080,1.8092,0.119,0.6141,0.8443,1089744,10897440.0,1089745,10.0,3.204,312.11,0.656,0.036,0.621,True,91.76467133565315,
gemm_2334,gemm,vitis,impl,"ap_fixed<16,5>",33,3,3420,2325,1824,2520,548160,274080,1.8092,0.119,0.6239,0.8483,1090836,10908360.0,1090837,10.0,3.006,332.668,0.657,0.036,0.621,True,91.67280874485257,
gemm_2335,gemm,vitis,impl,"ap_fixed<16,5>",33,3,3423,2385,1824,2520,548160,274080,1.8092,0.119,0.6245,0.8702,1089744,10897440.0,1089745,10.0,2.87,348.432,0.658,0.038,0.621,True,91.76467133565315,
gemm_2336,gemm,vitis,impl,"ap_fixed<16,5>",33,3,3369,2333,1824,2520,548160,274080,1.8092,0.119,0.6146,0.8512,1089744,10897440.0,1089745,10.0,3.168,315.657,0.658,0.037,0.621,True,91.76467133565315,
gemm_2337,gemm,vitis,impl,"ap_fixed<16,5>",25,3,3185,2289,1824,2520,548160,274080,1.3706,0.119,0.581,0.8352,49551,495510.0,49552,10.0,2.967,337.041,0.653,0.032,0.62,True,2018.122742225182,
gemm_2338,gemm,vitis,impl,"ap_fixed<16,5>",25,3,3221,2309,1824,2520,548160,274080,1.3706,0.119,0.5876,0.8425,49551,495510.0,49552,10.0,3.059,326.904,0.653,0.032,0.62,True,2018.122742225182,
gemm_2339,gemm,vitis,impl,"ap_fixed<16,5>",25,3,3223,2316,1824,2520,548160,274080,1.3706,0.119,0.588,0.845,49551,495510.0,49552,10.0,2.909,343.761,0.653,0.032,0.62,True,2018.122742225182,
gemm_2340,gemm,vitis,impl,"ap_fixed<16,5>",25,3,3259,2340,1824,2520,548160,274080,1.3706,0.119,0.5945,0.8538,49551,495510.0,49552,10.0,3.093,323.311,0.653,0.033,0.62,True,2018.122742225182,
gemm_2341,gemm,vitis,impl,"ap_fixed<16,5>",25,3,3291,2320,1824,2520,548160,274080,1.3706,0.119,0.6004,0.8465,49556,495560.0,49557,10.0,2.906,344.116,0.654,0.034,0.62,True,2017.9191218015983,
gemm_2342,gemm,vitis,impl,"ap_fixed<16,5>",25,3,3327,2344,1824,2520,548160,274080,1.3706,0.119,0.6069,0.8552,49556,495560.0,49557,10.0,2.883,346.861,0.655,0.035,0.62,True,2017.9191218015983,
gemm_2343,gemm,vitis,impl,"ap_fixed<16,5>",25,3,3329,2344,1824,2520,548160,274080,1.3706,0.119,0.6073,0.8552,49556,495560.0,49557,10.0,2.929,341.413,0.655,0.034,0.62,True,2017.9191218015983,
gemm_2344,gemm,vitis,impl,"ap_fixed<16,5>",25,3,3365,2370,1824,2520,548160,274080,1.3706,0.119,0.6139,0.8647,49556,495560.0,49557,10.0,3.276,305.25,0.655,0.034,0.62,True,2017.9191218015983,
gemm_2345,gemm,vitis,impl,"ap_fixed<16,5>",25,3,3221,2299,1824,2520,548160,274080,1.3706,0.119,0.5876,0.8388,41354,413540.0,41355,10.0,2.986,334.896,0.653,0.032,0.62,True,2418.145765826764,
gemm_2346,gemm,vitis,impl,"ap_fixed<16,5>",25,3,3185,2281,1824,2520,548160,274080,1.3706,0.119,0.581,0.8322,41354,413540.0,41355,10.0,3.19,313.48,0.653,0.032,0.62,True,2418.145765826764,
gemm_2347,gemm,vitis,impl,"ap_fixed<16,5>",25,3,3257,2325,1824,2520,548160,274080,1.3706,0.119,0.5942,0.8483,41354,413540.0,41355,10.0,3.044,328.515,0.653,0.033,0.62,True,2418.145765826764,
gemm_2348,gemm,vitis,impl,"ap_fixed<16,5>",25,3,3221,2313,1824,2520,548160,274080,1.3706,0.119,0.5876,0.8439,41354,413540.0,41355,10.0,2.976,336.022,0.653,0.033,0.62,True,2418.145765826764,
gemm_2349,gemm,vitis,impl,"ap_fixed<16,5>",25,3,3329,2334,1824,2520,548160,274080,1.3706,0.119,0.6073,0.8516,41361,413610.0,41362,10.0,3.1,322.581,0.654,0.034,0.62,True,2417.7365150745873,
gemm_2350,gemm,vitis,impl,"ap_fixed<16,5>",25,3,3293,2317,1824,2520,548160,274080,1.3706,0.119,0.6007,0.8454,41361,413610.0,41362,10.0,2.95,338.983,0.655,0.034,0.62,True,2417.7365150745873,
gemm_2351,gemm,vitis,impl,"ap_fixed<16,5>",25,3,3365,2361,1824,2520,548160,274080,1.3706,0.119,0.6139,0.8614,41361,413610.0,41362,10.0,2.994,334.001,0.655,0.034,0.62,True,2417.7365150745873,
gemm_2352,gemm,vitis,impl,"ap_fixed<16,5>",25,3,3329,2344,1824,2520,548160,274080,1.3706,0.119,0.6073,0.8552,41361,413610.0,41362,10.0,3.184,314.07,0.655,0.035,0.62,True,2417.7365150745873,
gemm_2353,gemm,vitis,impl,"ap_fixed<16,5>",25,17,3382,2434,1824,2520,548160,274080,1.3706,0.6746,0.617,0.8881,34053,340530.0,34054,10.0,3.146,317.864,0.663,0.042,0.621,True,2936.5988312336654,
gemm_2357,gemm,vitis,impl,"ap_fixed<16,5>",25,17,3492,2464,1824,2520,548160,274080,1.3706,0.6746,0.637,0.899,34062,340620.0,34063,10.0,3.408,293.427,0.666,0.045,0.621,True,2935.8229111619985,
gemm_2363,gemm,vitis,impl,"ap_fixed<16,5>",33,24,3844,2933,1824,2520,548160,274080,1.8092,0.9524,0.7013,1.0701,165450,1654500.0,165451,10.0,3.48,287.356,0.678,0.058,0.621,True,604.4122091266244,
gemm_2366,gemm,vitis,impl,"ap_fixed<16,5>",33,24,4382,3628,1824,2520,548160,274080,1.8092,0.9524,0.7994,1.3237,1083569,10835690.0,1083570,10.0,3.621,276.167,0.685,0.064,0.621,True,92.28761620164475,
gemm_2369,gemm,vitis,impl,"ap_fixed<16,5>",33,24,3956,3014,1824,2520,548160,274080,1.8092,0.9524,0.7217,1.0997,165457,1654570.0,165458,10.0,3.397,294.377,0.68,0.06,0.621,True,604.3866382202023,
gemm_2377,gemm,vitis,impl,"ap_fixed<16,5>",33,17,4142,3122,1824,2520,548160,274080,1.8092,0.6746,0.7556,1.1391,1083373,10833730.0,1083374,10.0,3.599,277.855,0.668,0.048,0.621,True,92.30431254978664,
gemm_2378,gemm,vitis,impl,"ap_fixed<16,5>",33,17,4335,3321,1824,2520,548160,274080,1.8092,0.6746,0.7908,1.2117,1083822,10838220.0,1083823,10.0,3.817,261.986,0.675,0.054,0.621,True,92.26607321128377,
gemm_2385,gemm,vitis,impl,"ap_fixed<16,5>",25,10,3291,2406,1824,2520,548160,274080,1.3706,0.3968,0.6004,0.8778,42383,423830.0,42384,10.0,3.33,300.3,0.661,0.04,0.62,True,2359.4365665479086,
gemm_2390,gemm,vitis,impl,"ap_fixed<16,5>",25,10,3433,2465,1824,2520,548160,274080,1.3706,0.3968,0.6263,0.8994,42388,423880.0,42389,10.0,3.411,293.169,0.661,0.041,0.62,True,2359.158252335567,
gemm_2392,gemm,vitis,impl,"ap_fixed<16,5>",25,10,3979,2821,1824,2520,548160,274080,1.3706,0.3968,0.7259,1.0293,50149,501490.0,50150,10.0,3.191,313.381,0.664,0.044,0.621,True,1994.0577080300704,
gemm_2400,gemm,vitis,impl,"ap_fixed<16,5>",26,17,4446,3085,1824,2520,548160,274080,1.4254,0.6746,0.8111,1.1256,51062,510620.0,51063,10.0,4.019,248.818,0.676,0.055,0.621,True,1958.403509459089,
gemm_2401,gemm,vitis,impl,"ap_fixed<16,5>",26,17,3692,2610,1824,2520,548160,274080,1.4254,0.6746,0.6735,0.9523,34001,340010.0,34002,10.0,3.252,307.503,0.67,0.049,0.621,True,2941.0899679421195,
gemm_2408,gemm,vitis,impl,"ap_fixed<16,5>",26,17,3975,2745,1824,2520,548160,274080,1.4254,0.6746,0.7252,1.0015,50485,504850.0,50486,10.0,3.475,287.77,0.668,0.047,0.621,True,1980.7863721897593,
gemm_2410,gemm,vitis,impl,"ap_fixed<16,5>",34,10,3135,2146,1824,2520,548160,274080,1.864,0.3968,0.5719,0.783,1089665,10896650.0,1089666,10.0,2.999,333.444,0.657,0.037,0.621,True,91.77132421432275,
gemm_2411,gemm,vitis,impl,"ap_fixed<16,5>",34,10,3840,2757,1824,2520,548160,274080,1.864,0.3968,0.7005,1.0059,1090622,10906220.0,1090623,10.0,3.41,293.255,0.667,0.046,0.621,True,91.69079662797927,
gemm_2414,gemm,vitis,impl,"ap_fixed<16,5>",34,10,3539,2434,1824,2520,548160,274080,1.864,0.3968,0.6456,0.8881,1148222,11482220.0,1148223,10.0,3.171,315.358,0.662,0.041,0.621,True,87.09117226459692,
gemm_2419,gemm,vitis,impl,"ap_fixed<16,5>",34,10,3247,2257,1824,2520,548160,274080,1.864,0.3968,0.5923,0.8235,1089670,10896700.0,1089671,10.0,3.188,313.676,0.659,0.038,0.621,True,91.77090311745758,
gemm_2429,gemm,vitis,impl,"ap_fixed<16,5>",34,10,4042,2931,1824,2520,548160,274080,1.864,0.3968,0.7374,1.0694,1090836,10908360.0,1090837,10.0,3.285,304.414,0.671,0.05,0.621,True,91.67280874485257,
gemm_2434,gemm,vitis,impl,"ap_fixed<16,5>",26,17,4333,3094,1824,2520,548160,274080,1.4254,0.6746,0.7905,1.1289,51397,513970.0,51398,10.0,4.36,229.358,0.675,0.055,0.621,True,1945.6388505165671,
gemm_2435,gemm,vitis,impl,"ap_fixed<16,5>",26,17,3445,2455,1824,2520,548160,274080,1.4254,0.6746,0.6285,0.8957,35215,352150.0,35216,10.0,3.424,292.056,0.665,0.045,0.621,True,2839.698991906858,
gemm_2437,gemm,vitis,impl,"ap_fixed<16,5>",26,17,4033,2777,1824,2520,548160,274080,1.4254,0.6746,0.7357,1.0132,36149,361490.0,36150,10.0,3.465,288.6,0.673,0.052,0.621,True,2766.328252510443,
gemm_2441,gemm,vitis,impl,"ap_fixed<16,5>",25,10,3765,2785,1824,2520,548160,274080,1.3706,0.3968,0.6868,1.0161,42275,422750.0,42276,10.0,3.697,270.49,0.663,0.043,0.621,True,2365.464222353637,
gemm_2443,gemm,vitis,impl,"ap_fixed<16,5>",25,10,3801,2814,1824,2520,548160,274080,1.3706,0.3968,0.6934,1.0267,42275,422750.0,42276,10.0,3.359,297.708,0.664,0.043,0.621,True,2365.464222353637,
gemm_2447,gemm,vitis,impl,"ap_fixed<16,5>",25,10,3911,2847,1824,2520,548160,274080,1.3706,0.3968,0.7135,1.0387,42284,422840.0,42285,10.0,3.299,303.122,0.664,0.043,0.621,True,2364.9607416516887,
gemm_2455,gemm,vitis,impl,"ap_fixed<16,5>",18,80,4273,5605,1824,2520,548160,274080,0.9868,3.1746,0.7795,2.045,44166,441660.0,44167,10.0,5.14,194.553,0.712,0.091,0.621,True,2264.1851197753926,
gemm_2456,gemm,vitis,impl,"ap_fixed<16,5>",18,80,5521,5451,1824,2520,548160,274080,0.9868,3.1746,1.0072,1.9888,50886,508860.0,50887,10.0,4.408,226.86,0.721,0.1,0.621,True,1965.1770624533272,
gemm_2457,gemm,vitis,impl,"ap_fixed<16,5>",26,80,3573,5041,1824,2520,548160,274080,1.4254,3.1746,0.6518,1.8392,274822,2748220.0,274823,10.0,4.304,232.342,0.707,0.086,0.621,True,363.87188798567803,
gemm_2458,gemm,vitis,impl,"ap_fixed<16,5>",26,80,4809,4938,1824,2520,548160,274080,1.4254,3.1746,0.8773,1.8017,1134982,11349820.0,1134983,10.0,3.343,299.133,0.723,0.102,0.621,True,88.1071241658458,
gemm_2464,gemm,vitis,impl,"ap_fixed<16,5>",26,80,4922,5015,1824,2520,548160,274080,1.4254,3.1746,0.8979,1.8298,1134991,11349910.0,1134992,10.0,3.421,292.312,0.721,0.1,0.621,True,88.10642551350628,
gemm_2489,gemm,vitis,impl,"ap_fixed<16,5>",18,73,4929,5088,1824,2520,548160,274080,0.9868,2.8968,0.8992,1.8564,34081,340810.0,34082,10.0,4.06,246.305,0.718,0.097,0.621,True,2934.1862034564715,
gemm_2501,gemm,vitis,impl,"ap_fixed<16,5>",26,10,3924,2594,1824,2520,548160,274080,1.4254,0.3968,0.7158,0.9464,50469,504690.0,50470,10.0,3.364,297.265,0.663,0.043,0.621,True,1981.414333551289,
gemm_2502,gemm,vitis,impl,"ap_fixed<16,5>",26,10,3962,2622,1824,2520,548160,274080,1.4254,0.3968,0.7228,0.9567,50469,504690.0,50470,10.0,3.389,295.072,0.663,0.043,0.621,True,1981.414333551289,
gemm_2519,gemm,vitis,impl,"ap_fixed<16,5>",34,24,3934,2764,1824,2520,548160,274080,1.864,0.9524,0.7177,1.0085,1192669,11926690.0,1192670,10.0,2.943,339.789,0.677,0.057,0.621,True,83.84555983261072,
gemm_2530,gemm,vitis,impl,"ap_fixed<16,5>",26,17,3720,2549,1824,2520,548160,274080,1.4254,0.6746,0.6786,0.93,57743,577430.0,57744,10.0,3.245,308.166,0.665,0.044,0.621,True,1731.8116481651455,
gemm_2532,gemm,vitis,impl,"ap_fixed<16,5>",26,17,3708,2537,1824,2520,548160,274080,1.4254,0.6746,0.6764,0.9256,49551,495510.0,49552,10.0,3.525,283.688,0.664,0.044,0.621,True,2018.122742225182,
gemm_2533,gemm,vitis,impl,"ap_fixed<16,5>",26,17,4503,3420,1824,2520,548160,274080,1.4254,0.6746,0.8215,1.2478,75039,750390.0,75040,10.0,3.717,269.034,0.684,0.063,0.621,True,1332.6403603459535,
gemm_2547,gemm,vitis,impl,"ap_fixed<16,5>",26,24,3532,2458,1824,2520,548160,274080,1.4254,0.9524,0.6443,0.8968,34053,340530.0,34054,10.0,3.336,299.76,0.67,0.049,0.621,True,2936.5988312336654,
gemm_2552,gemm,vitis,impl,"ap_fixed<16,5>",26,24,4139,2847,1824,2520,548160,274080,1.4254,0.9524,0.7551,1.0387,41756,417560.0,41757,10.0,3.72,268.817,0.675,0.054,0.621,True,2394.8654085640387,
gemm_2554,gemm,vitis,impl,"ap_fixed<16,5>",26,136,8836,9270,1824,2520,548160,274080,1.4254,5.3968,1.6119,3.3822,1135073,11350730.0,1135074,10.0,4.652,214.961,0.803,0.182,0.621,True,88.10006052474158,
gemm_2561,gemm,vitis,impl,"ap_fixed<16,5>",26,136,5289,7870,1824,2520,548160,274080,1.4254,5.3968,0.9649,2.8714,281754,2817540.0,281755,10.0,3.902,256.279,0.749,0.128,0.621,True,354.91953974034084,
gemm_2563,gemm,vitis,impl,"ap_fixed<16,5>",26,136,9022,9644,1824,2520,548160,274080,1.4254,5.3968,1.6459,3.5187,1134978,11349780.0,1134979,10.0,4.428,225.836,0.808,0.187,0.621,True,88.1074346815533,
gemm_2564,gemm,vitis,impl,"ap_fixed<16,5>",26,136,5420,7920,1824,2520,548160,274080,1.4254,5.3968,0.9888,2.8897,165178,1651780.0,165179,10.0,3.844,260.146,0.787,0.166,0.621,True,605.4074997881074,
gemm_2571,gemm,vitis,impl,"ap_fixed<16,5>",26,136,5627,7949,1824,2520,548160,274080,1.4254,5.3968,1.0265,2.9002,166271,1662710.0,166272,10.0,3.878,257.865,0.789,0.168,0.621,True,601.427789572445,
gemm_2572,gemm,vitis,impl,"ap_fixed<16,5>",26,136,9567,9212,1824,2520,548160,274080,1.4254,5.3968,1.7453,3.3611,1142415,11424150.0,1142416,10.0,4.657,214.731,0.814,0.192,0.621,True,87.53386466389185,
gemm_2579,gemm,vitis,impl,"ap_fixed<16,5>",26,24,4565,3676,1824,2520,548160,274080,1.4254,0.9524,0.8328,1.3412,67429,674290.0,67430,10.0,4.04,247.525,0.69,0.069,0.621,True,1483.0414213468982,
gemm_2582,gemm,vitis,impl,"ap_fixed<16,5>",26,24,3643,2516,1824,2520,548160,274080,1.4254,0.9524,0.6646,0.918,42388,423880.0,42389,10.0,3.238,308.833,0.67,0.049,0.621,True,2359.158252335567,
gemm_2586,gemm,vitis,impl,"ap_fixed<16,5>",74,80,4692,4017,1824,2520,548160,274080,4.057,3.1746,0.856,1.4656,44893,448930.0,44894,10.0,3.794,263.574,0.718,0.097,0.621,True,2227.5187668456106,
gemm_2589,gemm,vitis,impl,"ap_fixed<16,5>",74,80,4193,3148,1824,2520,548160,274080,4.057,3.1746,0.7649,1.1486,36261,362610.0,36262,10.0,3.937,254.001,0.701,0.08,0.621,True,2757.7838449022365,
gemm_2591,gemm,vitis,impl,"ap_fixed<16,5>",74,80,4370,3031,1824,2520,548160,274080,4.057,3.1746,0.7972,1.1059,50613,506130.0,50614,10.0,3.492,286.369,0.712,0.091,0.621,True,1975.7769742951416,
gemm_2594,gemm,vitis,impl,"ap_fixed<16,5>",74,73,3853,3028,1824,2520,548160,274080,4.057,2.8968,0.7029,1.1048,36124,361240.0,36125,10.0,3.838,260.552,0.688,0.067,0.621,True,2768.242719521648,
gemm_2603,gemm,vitis,impl,"ap_fixed<16,5>",82,73,7161,5121,1824,2520,548160,274080,4.4956,2.8968,1.3064,1.8684,1199632,11996320.0,1199633,10.0,3.788,263.992,0.734,0.114,0.621,True,83.35889672833002,
gemm_2616,gemm,vitis,impl,"ap_fixed<16,5>",82,80,4011,3369,1824,2520,548160,274080,4.4956,3.1746,0.7317,1.2292,158875,1588750.0,158876,10.0,4.243,235.682,0.725,0.104,0.621,True,629.4256490952006,
gemm_2617,gemm,vitis,impl,"ap_fixed<16,5>",82,80,4454,3322,1824,2520,548160,274080,4.4956,3.1746,0.8125,1.2121,1143092,11430920.0,1143093,10.0,3.823,261.575,0.721,0.101,0.621,True,87.48202244438768,
gemm_2622,gemm,vitis,impl,"ap_fixed<16,5>",82,80,4121,3345,1824,2520,548160,274080,4.4956,3.1746,0.7518,1.2204,158884,1588840.0,158885,10.0,4.384,228.102,0.717,0.097,0.621,True,629.3899952166361,
gemm_2632,gemm,vitis,impl,"ap_fixed<16,5>",74,80,4301,3041,1824,2520,548160,274080,4.057,3.1746,0.7846,1.1095,50479,504790.0,50480,10.0,3.848,259.875,0.715,0.094,0.621,True,1981.0218110501396,
gemm_2639,gemm,vitis,impl,"ap_fixed<16,5>",26,24,4139,2897,1824,2520,548160,274080,1.4254,0.9524,0.7551,1.057,42284,422840.0,42285,10.0,3.591,278.474,0.673,0.053,0.621,True,2364.9607416516887,
gemm_2641,gemm,vitis,impl,"ap_fixed<16,5>",66,136,4291,5904,1824,2520,548160,274080,3.6184,5.3968,0.7828,2.1541,29805,298050.0,29806,10.0,4.109,243.368,0.733,0.112,0.621,True,3355.141754739138,
gemm_2643,gemm,vitis,impl,"ap_fixed<16,5>",66,136,4319,5603,1824,2520,548160,274080,3.6184,5.3968,0.7879,2.0443,44157,441570.0,44158,10.0,3.995,250.313,0.762,0.141,0.621,True,2264.646601897774,
gemm_2645,gemm,vitis,impl,"ap_fixed<16,5>",66,136,4396,5940,1824,2520,548160,274080,3.6184,5.3968,0.802,2.1673,29814,298140.0,29815,10.0,4.216,237.192,0.756,0.135,0.621,True,3354.1289327161735,
gemm_2646,gemm,vitis,impl,"ap_fixed<16,5>",66,136,5508,5852,1824,2520,548160,274080,3.6184,5.3968,1.0048,2.1351,36534,365340.0,36535,10.0,4.218,237.079,0.749,0.129,0.621,True,2737.176328899108,
gemm_2648,gemm,vitis,impl,"ap_fixed<16,5>",66,136,5684,5579,1824,2520,548160,274080,3.6184,5.3968,1.0369,2.0355,50886,508860.0,50887,10.0,4.121,242.66,0.761,0.14,0.621,True,1965.1770624533272,
gemm_2653,gemm,vitis,impl,"ap_fixed<16,5>",66,584,10187,12050,1824,2520,548160,274080,3.6184,23.1746,1.8584,4.3965,1134969,11349690.0,1134970,10.0,5.271,189.717,1.116,0.493,0.623,True,88.10813334989766,
gemm_2656,gemm,vitis,impl,"ap_fixed<16,5>",66,584,10277,12343,1824,2520,548160,274080,3.6184,23.1746,1.8748,4.5034,1135082,11350820.0,1135083,10.0,5.459,183.184,1.071,0.448,0.623,True,88.09936198442051,
gemm_2668,gemm,vitis,impl,"ap_fixed<16,5>",66,584,10690,11877,1824,2520,548160,274080,3.6184,23.1746,1.9502,4.3334,1142415,11424150.0,1142416,10.0,4.771,209.6,1.108,0.485,0.623,True,87.53386466389185,
gemm_2669,gemm,vitis,impl,"ap_fixed<16,5>",66,584,5962,15800,1824,2520,548160,274080,3.6184,23.1746,1.0876,5.7647,274615,2746150.0,274616,10.0,6.645,150.489,1.129,0.506,0.623,True,364.14616827194436,
gemm_2680,gemm,vitis,impl,"ap_fixed<16,5>",66,136,5685,5580,1824,2520,548160,274080,3.6184,5.3968,1.0371,2.0359,50958,509580.0,50959,10.0,4.458,224.316,0.758,0.137,0.621,True,1962.4004081792848,
gemm_2689,gemm,vitis,impl,"ap_fixed<16,5>",32,3,3176,2313,1824,2520,548160,274080,1.7544,0.119,0.5794,0.8439,49477,494770.0,49478,10.0,2.989,334.56,0.652,0.032,0.621,True,2021.1411362855467,
gemm_2690,gemm,vitis,impl,"ap_fixed<16,5>",32,3,3212,2337,1824,2520,548160,274080,1.7544,0.119,0.586,0.8527,49477,494770.0,49478,10.0,3.223,310.27,0.653,0.033,0.621,True,2021.1411362855467,
gemm_2691,gemm,vitis,impl,"ap_fixed<16,5>",32,3,3212,2343,1824,2520,548160,274080,1.7544,0.119,0.586,0.8549,49477,494770.0,49478,10.0,2.915,343.053,0.653,0.033,0.621,True,2021.1411362855467,
gemm_2692,gemm,vitis,impl,"ap_fixed<16,5>",32,3,3248,2369,1824,2520,548160,274080,1.7544,0.119,0.5925,0.8643,49477,494770.0,49478,10.0,3.009,332.336,0.654,0.033,0.621,True,2021.1411362855467,
gemm_2693,gemm,vitis,impl,"ap_fixed<16,5>",32,3,3290,2346,1824,2520,548160,274080,1.7544,0.119,0.6002,0.856,49486,494860.0,49487,10.0,3.159,316.556,0.656,0.036,0.621,True,2020.77355211575,
gemm_2694,gemm,vitis,impl,"ap_fixed<16,5>",32,3,3326,2371,1824,2520,548160,274080,1.7544,0.119,0.6068,0.8651,49486,494860.0,49487,10.0,3.165,315.956,0.656,0.036,0.621,True,2020.77355211575,
gemm_2695,gemm,vitis,impl,"ap_fixed<16,5>",32,3,3326,2376,1824,2520,548160,274080,1.7544,0.119,0.6068,0.8669,49486,494860.0,49487,10.0,3.161,316.356,0.656,0.036,0.621,True,2020.77355211575,
gemm_2696,gemm,vitis,impl,"ap_fixed<16,5>",32,3,3362,2402,1824,2520,548160,274080,1.7544,0.119,0.6133,0.8764,49486,494860.0,49487,10.0,2.965,337.268,0.657,0.036,0.621,True,2020.77355211575,
gemm_2697,gemm,vitis,impl,"ap_fixed<16,5>",47,3,3145,2209,1824,2520,548160,274080,2.5768,0.119,0.5737,0.806,2162881,21628810.0,2162882,10.0,3.558,281.057,0.655,0.034,0.621,True,46.23462871974926,
gemm_2698,gemm,vitis,impl,"ap_fixed<16,5>",47,3,3164,2262,1824,2520,548160,274080,2.5768,0.119,0.5772,0.8253,2162881,21628810.0,2162882,10.0,3.366,297.089,0.658,0.037,0.621,True,46.23462871974926,
gemm_2699,gemm,vitis,impl,"ap_fixed<16,5>",47,3,3181,2262,1824,2520,548160,274080,2.5768,0.119,0.5803,0.8253,2162881,21628810.0,2162882,10.0,3.354,298.151,0.656,0.036,0.621,True,46.23462871974926,
gemm_2700,gemm,vitis,impl,"ap_fixed<16,5>",47,3,3183,2253,1824,2520,548160,274080,2.5768,0.119,0.5807,0.822,2162881,21628810.0,2162882,10.0,3.358,297.796,0.659,0.038,0.621,True,46.23462871974926,
gemm_2701,gemm,vitis,impl,"ap_fixed<16,5>",47,3,3165,2257,1824,2520,548160,274080,2.5768,0.119,0.5774,0.8235,2162881,21628810.0,2162882,10.0,3.131,319.387,0.658,0.037,0.621,True,46.23462871974926,
gemm_2702,gemm,vitis,impl,"ap_fixed<16,5>",47,3,3183,2250,1824,2520,548160,274080,2.5768,0.119,0.5807,0.8209,2162881,21628810.0,2162882,10.0,3.174,315.06,0.659,0.038,0.621,True,46.23462871974926,
gemm_2703,gemm,vitis,impl,"ap_fixed<16,5>",47,3,3255,2298,1824,2520,548160,274080,2.5768,0.119,0.5938,0.8384,2162886,21628860.0,2162887,10.0,3.325,300.752,0.661,0.04,0.621,True,46.2345218379517,
gemm_2704,gemm,vitis,impl,"ap_fixed<16,5>",47,3,3274,2352,1824,2520,548160,274080,2.5768,0.119,0.5973,0.8581,2162886,21628860.0,2162887,10.0,3.357,297.885,0.661,0.04,0.621,True,46.2345218379517,
gemm_2705,gemm,vitis,impl,"ap_fixed<16,5>",47,3,3291,2352,1824,2520,548160,274080,2.5768,0.119,0.6004,0.8581,2162886,21628860.0,2162887,10.0,3.193,313.185,0.661,0.041,0.621,True,46.2345218379517,
gemm_2706,gemm,vitis,impl,"ap_fixed<16,5>",47,3,3293,2344,1824,2520,548160,274080,2.5768,0.119,0.6007,0.8552,2162886,21628860.0,2162887,10.0,3.477,287.604,0.661,0.041,0.621,True,46.2345218379517,
gemm_2707,gemm,vitis,impl,"ap_fixed<16,5>",47,3,3275,2346,1824,2520,548160,274080,2.5768,0.119,0.5975,0.856,2162886,21628860.0,2162887,10.0,3.495,286.123,0.661,0.04,0.621,True,46.2345218379517,
gemm_2708,gemm,vitis,impl,"ap_fixed<16,5>",47,3,3293,2343,1824,2520,548160,274080,2.5768,0.119,0.6007,0.8549,2162886,21628860.0,2162887,10.0,3.322,301.023,0.661,0.041,0.621,True,46.2345218379517,
gemm_2709,gemm,vitis,impl,"ap_fixed<16,5>",47,3,3297,2351,1824,2520,548160,274080,2.5768,0.119,0.6015,0.8578,2162889,21628890.0,2162890,10.0,3.342,299.222,0.661,0.04,0.621,True,46.23445770911036,
gemm_2710,gemm,vitis,impl,"ap_fixed<16,5>",47,3,3316,2404,1824,2520,548160,274080,2.5768,0.119,0.6049,0.8771,2162889,21628890.0,2162890,10.0,3.37,296.736,0.66,0.039,0.621,True,46.23445770911036,
gemm_2711,gemm,vitis,impl,"ap_fixed<16,5>",47,3,3261,2366,1824,2520,548160,274080,2.5768,0.119,0.5949,0.8633,2162889,21628890.0,2162890,10.0,3.17,315.457,0.659,0.039,0.621,True,46.23445770911036,
gemm_2712,gemm,vitis,impl,"ap_fixed<16,5>",47,3,3263,2360,1824,2520,548160,274080,2.5768,0.119,0.5953,0.8611,2162889,21628890.0,2162890,10.0,3.217,310.849,0.66,0.04,0.621,True,46.23445770911036,
gemm_2713,gemm,vitis,impl,"ap_fixed<16,5>",47,3,3317,2400,1824,2520,548160,274080,2.5768,0.119,0.6051,0.8757,2162889,21628890.0,2162890,10.0,3.275,305.344,0.659,0.039,0.621,True,46.23445770911036,
gemm_2714,gemm,vitis,impl,"ap_fixed<16,5>",47,3,3263,2351,1824,2520,548160,274080,2.5768,0.119,0.5953,0.8578,2162889,21628890.0,2162890,10.0,3.317,301.477,0.661,0.04,0.621,True,46.23445770911036,
gemm_2715,gemm,vitis,impl,"ap_fixed<16,5>",47,3,3409,2383,1824,2520,548160,274080,2.5768,0.119,0.6219,0.8695,2162896,21628960.0,2162897,10.0,3.466,288.517,0.66,0.04,0.621,True,46.23430807583906,
gemm_2716,gemm,vitis,impl,"ap_fixed<16,5>",47,3,3428,2436,1824,2520,548160,274080,2.5768,0.119,0.6254,0.8888,2162896,21628960.0,2162897,10.0,3.55,281.69,0.66,0.039,0.621,True,46.23430807583906,
gemm_2717,gemm,vitis,impl,"ap_fixed<16,5>",47,3,3373,2398,1824,2520,548160,274080,2.5768,0.119,0.6153,0.8749,2162896,21628960.0,2162897,10.0,3.314,301.75,0.659,0.039,0.621,True,46.23430807583906,
gemm_2718,gemm,vitis,impl,"ap_fixed<16,5>",47,3,3375,2385,1824,2520,548160,274080,2.5768,0.119,0.6157,0.8702,2162896,21628960.0,2162897,10.0,3.997,250.188,0.66,0.039,0.621,True,46.23430807583906,
gemm_2719,gemm,vitis,impl,"ap_fixed<16,5>",47,3,3429,2427,1824,2520,548160,274080,2.5768,0.119,0.6255,0.8855,2162896,21628960.0,2162897,10.0,3.718,268.962,0.661,0.04,0.621,True,46.23430807583906,
gemm_2720,gemm,vitis,impl,"ap_fixed<16,5>",47,3,3375,2382,1824,2520,548160,274080,2.5768,0.119,0.6157,0.8691,2162896,21628960.0,2162897,10.0,3.364,297.265,0.66,0.04,0.621,True,46.23430807583906,
gemm_2721,gemm,vitis,impl,"ap_fixed<16,5>",32,3,3180,2317,1824,2520,548160,274080,1.7544,0.119,0.5801,0.8454,65999,659990.0,66000,10.0,3.464,288.684,0.655,0.034,0.621,True,1515.17447234049,
gemm_2722,gemm,vitis,impl,"ap_fixed<16,5>",32,3,3216,2341,1824,2520,548160,274080,1.7544,0.119,0.5867,0.8541,65999,659990.0,66000,10.0,2.856,350.14,0.655,0.035,0.621,True,1515.17447234049,
gemm_2723,gemm,vitis,impl,"ap_fixed<16,5>",32,3,3216,2344,1824,2520,548160,274080,1.7544,0.119,0.5867,0.8552,65999,659990.0,66000,10.0,3.152,317.259,0.655,0.034,0.621,True,1515.17447234049,
gemm_2724,gemm,vitis,impl,"ap_fixed<16,5>",32,3,3252,2372,1824,2520,548160,274080,1.7544,0.119,0.5933,0.8654,65999,659990.0,66000,10.0,3.036,329.381,0.655,0.035,0.621,True,1515.17447234049,
gemm_2725,gemm,vitis,impl,"ap_fixed<16,5>",32,3,3290,2348,1824,2520,548160,274080,1.7544,0.119,0.6002,0.8567,66004,660040.0,66005,10.0,3.011,332.116,0.654,0.033,0.621,True,1515.059693351918,
gemm_2726,gemm,vitis,impl,"ap_fixed<16,5>",32,3,3326,2369,1824,2520,548160,274080,1.7544,0.119,0.6068,0.8643,66004,660040.0,66005,10.0,2.897,345.185,0.654,0.034,0.621,True,1515.059693351918,
gemm_2727,gemm,vitis,impl,"ap_fixed<16,5>",32,3,3326,2380,1824,2520,548160,274080,1.7544,0.119,0.6068,0.8684,66004,660040.0,66005,10.0,2.946,339.443,0.654,0.034,0.621,True,1515.059693351918,
gemm_2728,gemm,vitis,impl,"ap_fixed<16,5>",32,3,3362,2406,1824,2520,548160,274080,1.7544,0.119,0.6133,0.8778,66004,660040.0,66005,10.0,3.037,329.272,0.655,0.034,0.621,True,1515.059693351918,
gemm_2729,gemm,vitis,impl,"ap_fixed<16,5>",32,3,3215,2330,1824,2520,548160,274080,1.7544,0.119,0.5865,0.8501,49610,496100.0,49611,10.0,2.779,359.842,0.654,0.034,0.621,True,2015.7226365652086,
gemm_2730,gemm,vitis,impl,"ap_fixed<16,5>",32,3,3179,2320,1824,2520,548160,274080,1.7544,0.119,0.5799,0.8465,49610,496100.0,49611,10.0,2.834,352.858,0.654,0.034,0.621,True,2015.7226365652086,
gemm_2731,gemm,vitis,impl,"ap_fixed<16,5>",32,3,3251,2357,1824,2520,548160,274080,1.7544,0.119,0.5931,0.86,49610,496100.0,49611,10.0,2.991,334.336,0.655,0.034,0.621,True,2015.7226365652086,
gemm_2732,gemm,vitis,impl,"ap_fixed<16,5>",32,3,3215,2347,1824,2520,548160,274080,1.7544,0.119,0.5865,0.8563,49610,496100.0,49611,10.0,2.981,335.458,0.655,0.034,0.621,True,2015.7226365652086,
gemm_2733,gemm,vitis,impl,"ap_fixed<16,5>",32,3,3327,2364,1824,2520,548160,274080,1.7544,0.119,0.6069,0.8625,49617,496170.0,49618,10.0,3.212,311.333,0.655,0.034,0.621,True,2015.4382570489954,
gemm_2734,gemm,vitis,impl,"ap_fixed<16,5>",32,3,3291,2356,1824,2520,548160,274080,1.7544,0.119,0.6004,0.8596,49617,496170.0,49618,10.0,3.012,332.005,0.656,0.035,0.621,True,2015.4382570489954,
gemm_2735,gemm,vitis,impl,"ap_fixed<16,5>",32,3,3363,2391,1824,2520,548160,274080,1.7544,0.119,0.6135,0.8724,49617,496170.0,49618,10.0,2.819,354.736,0.655,0.035,0.621,True,2015.4382570489954,
gemm_2736,gemm,vitis,impl,"ap_fixed<16,5>",32,3,3327,2386,1824,2520,548160,274080,1.7544,0.119,0.6069,0.8705,49617,496170.0,49618,10.0,3.615,276.625,0.656,0.036,0.621,True,2015.4382570489954,
gemm_2740,gemm,vitis,impl,"ap_fixed<16,5>",33,17,3911,2816,1824,2520,548160,274080,1.8092,0.6746,0.7135,1.0274,50531,505310.0,50532,10.0,3.534,282.965,0.672,0.052,0.621,True,1978.9831984326454,
gemm_2743,gemm,vitis,impl,"ap_fixed<16,5>",33,17,3532,2508,1824,2520,548160,274080,1.8092,0.6746,0.6443,0.9151,35150,351500.0,35151,10.0,3.387,295.247,0.669,0.048,0.621,True,2844.950213371266,
gemm_2746,gemm,vitis,impl,"ap_fixed<16,5>",49,24,3890,2853,1824,2520,548160,274080,2.6864,0.9524,0.7096,1.0409,2253262,22532620.0,2253263,10.0,3.651,273.898,0.681,0.06,0.621,True,44.380103157111776,
gemm_2747,gemm,vitis,impl,"ap_fixed<16,5>",49,24,3856,2971,1824,2520,548160,274080,2.6864,0.9524,0.7034,1.084,314458,3144580.0,314459,10.0,3.772,265.111,0.685,0.064,0.621,True,318.00749225651754,
gemm_2752,gemm,vitis,impl,"ap_fixed<16,5>",49,24,4001,2944,1824,2520,548160,274080,2.6864,0.9524,0.7299,1.0741,2253271,22532710.0,2253272,10.0,3.701,270.197,0.686,0.065,0.621,True,44.37992589439974,
gemm_2761,gemm,vitis,impl,"ap_fixed<16,5>",49,17,4142,3141,1824,2520,548160,274080,2.6864,0.6746,0.7556,1.146,2149901,21499010.0,2149902,10.0,4.125,242.424,0.673,0.052,0.621,True,46.51376970381427,
gemm_2767,gemm,vitis,impl,"ap_fixed<16,5>",49,17,4256,3181,1824,2520,548160,274080,2.6864,0.6746,0.7764,1.1606,2149910,21499100.0,2149911,10.0,3.606,277.316,0.679,0.058,0.621,True,46.513574986859915,
gemm_2768,gemm,vitis,impl,"ap_fixed<16,5>",49,17,4449,3366,1824,2520,548160,274080,2.6864,0.6746,0.8116,1.2281,2150815,21508150.0,2150816,10.0,3.625,275.862,0.684,0.063,0.621,True,46.494003435906855,
gemm_2770,gemm,vitis,impl,"ap_fixed<16,5>",33,10,3326,2462,1824,2520,548160,274080,1.8092,0.3968,0.6068,0.8983,51663,516630.0,51664,10.0,3.365,297.177,0.664,0.044,0.621,True,1935.6212376362193,
gemm_2777,gemm,vitis,impl,"ap_fixed<16,5>",34,17,3437,2443,1824,2520,548160,274080,1.864,0.6746,0.627,0.8913,49608,496080.0,49609,10.0,3.159,316.556,0.667,0.046,0.621,True,2015.8039025963553,
gemm_2778,gemm,vitis,impl,"ap_fixed<16,5>",34,17,3853,2721,1824,2520,548160,274080,1.864,0.6746,0.7029,0.9928,50513,505130.0,50514,10.0,3.623,276.014,0.671,0.051,0.621,True,1979.688397046305,
gemm_2779,gemm,vitis,impl,"ap_fixed<16,5>",34,17,3977,2808,1824,2520,548160,274080,1.864,0.6746,0.7255,1.0245,67052,670520.0,67053,10.0,3.215,311.042,0.671,0.051,0.621,True,1491.3798246137326,
gemm_2781,gemm,vitis,impl,"ap_fixed<16,5>",34,17,3549,2481,1824,2520,548160,274080,1.864,0.6746,0.6474,0.9052,49615,496150.0,49616,10.0,3.245,308.166,0.67,0.05,0.621,True,2015.519500151164,
gemm_2784,gemm,vitis,impl,"ap_fixed<16,5>",34,17,4444,3098,1824,2520,548160,274080,1.864,0.6746,0.8107,1.1303,67966,679660.0,67967,10.0,3.614,276.702,0.678,0.058,0.621,True,1471.3238972427391,
gemm_2788,gemm,vitis,impl,"ap_fixed<16,5>",34,17,3863,2752,1824,2520,548160,274080,1.864,0.6746,0.7047,1.0041,67052,670520.0,67053,10.0,3.544,282.167,0.67,0.05,0.621,True,1491.3798246137326,
gemm_2793,gemm,vitis,impl,"ap_fixed<16,5>",49,10,3627,2550,1824,2520,548160,274080,2.6864,0.3968,0.6617,0.9304,2279998,22799980.0,2279999,10.0,3.619,276.319,0.666,0.045,0.621,True,43.85968759621719,
gemm_2801,gemm,vitis,impl,"ap_fixed<16,5>",49,10,4008,3004,1824,2520,548160,274080,2.6864,0.3968,0.7312,1.096,2163911,21639110.0,2163912,10.0,3.769,265.322,0.674,0.054,0.621,True,46.212621498758494,
gemm_2802,gemm,vitis,impl,"ap_fixed<16,5>",49,10,4017,2964,1824,2520,548160,274080,2.6864,0.3968,0.7328,1.0814,2163911,21639110.0,2163912,10.0,3.753,266.454,0.672,0.052,0.621,True,46.212621498758494,
gemm_2806,gemm,vitis,impl,"ap_fixed<16,5>",49,10,3300,2342,1824,2520,548160,274080,2.6864,0.3968,0.602,0.8545,2162889,21628890.0,2162890,10.0,3.797,263.366,0.662,0.042,0.621,True,46.23445770911036,
gemm_2815,gemm,vitis,impl,"ap_fixed<16,5>",49,10,3413,2372,1824,2520,548160,274080,2.6864,0.3968,0.6226,0.8654,2162896,21628960.0,2162897,10.0,3.457,289.268,0.665,0.044,0.621,True,46.23430807583906,
gemm_2818,gemm,vitis,impl,"ap_fixed<16,5>",34,17,4334,3144,1824,2520,548160,274080,1.864,0.6746,0.7906,1.1471,67845,678450.0,67846,10.0,4.576,218.531,0.678,0.057,0.621,True,1473.9479696366718,
gemm_2823,gemm,vitis,impl,"ap_fixed<16,5>",34,17,3550,2497,1824,2520,548160,274080,1.864,0.6746,0.6476,0.911,51668,516680.0,51669,10.0,4.465,223.964,0.668,0.048,0.621,True,1935.4339242858248,
gemm_2837,gemm,vitis,impl,"ap_fixed<16,5>",82,80,3961,3240,1824,2520,548160,274080,4.4956,3.1746,0.7226,1.1821,36186,361860.0,36187,10.0,4.638,215.61,0.701,0.08,0.621,True,2763.4996960150334,
gemm_2841,gemm,vitis,impl,"ap_fixed<16,5>",98,80,3622,3034,1824,2520,548160,274080,5.3728,3.1746,0.6608,1.107,416206,4162060.0,416207,10.0,4.174,239.578,0.703,0.082,0.621,True,240.26563768902898,
gemm_2842,gemm,vitis,impl,"ap_fixed<16,5>",98,80,3939,2914,1824,2520,548160,274080,5.3728,3.1746,0.7186,1.0632,2253262,22532620.0,2253263,10.0,4.273,234.028,0.719,0.098,0.621,True,44.380103157111776,
gemm_2843,gemm,vitis,impl,"ap_fixed<16,5>",98,80,4396,3850,1824,2520,548160,274080,5.3728,3.1746,0.802,1.4047,315367,3153670.0,315368,10.0,3.943,253.614,0.732,0.111,0.621,True,317.09088141752306,
gemm_2847,gemm,vitis,impl,"ap_fixed<16,5>",98,80,3736,3052,1824,2520,548160,274080,5.3728,3.1746,0.6816,1.1135,416215,4162150.0,416216,10.0,3.894,256.805,0.71,0.089,0.621,True,240.26044231947432,
gemm_2850,gemm,vitis,impl,"ap_fixed<16,5>",98,80,7099,5925,1824,2520,548160,274080,5.3728,3.1746,1.2951,2.1618,2266562,22665620.0,2266563,10.0,3.931,254.388,0.752,0.131,0.621,True,44.119684350130285,
gemm_2854,gemm,vitis,impl,"ap_fixed<16,5>",98,73,3978,2883,1824,2520,548160,274080,5.3728,2.8968,0.7257,1.0519,2267851,22678510.0,2267852,10.0,3.882,257.599,0.708,0.087,0.621,True,44.09460762633877,
gemm_2858,gemm,vitis,impl,"ap_fixed<16,5>",98,73,6895,5539,1824,2520,548160,274080,5.3728,2.8968,1.2578,2.0209,2266790,22667900.0,2266791,10.0,4.519,221.288,0.742,0.121,0.621,True,44.11524667040176,
gemm_2860,gemm,vitis,impl,"ap_fixed<16,5>",98,73,4092,2927,1824,2520,548160,274080,5.3728,2.8968,0.7465,1.0679,2267860,22678600.0,2267861,10.0,3.686,271.297,0.714,0.093,0.621,True,44.09443263693526,
gemm_2868,gemm,vitis,impl,"ap_fixed<16,5>",82,73,4534,3621,1824,2520,548160,274080,4.4956,2.8968,0.8271,1.3211,67861,678610.0,67862,10.0,3.992,250.501,0.713,0.092,0.621,True,1473.600447974536,
gemm_2870,gemm,vitis,impl,"ap_fixed<16,5>",82,73,4488,3925,1824,2520,548160,274080,4.4956,2.8968,0.8187,1.4321,53518,535180.0,53519,10.0,3.912,255.624,0.713,0.092,0.621,True,1868.5302141335626,
gemm_2874,gemm,vitis,impl,"ap_fixed<16,5>",82,73,3873,3228,1824,2520,548160,274080,4.4956,2.8968,0.7065,1.1778,36177,361770.0,36178,10.0,4.06,246.305,0.701,0.08,0.621,True,2764.187190756558,
gemm_2882,gemm,vitis,impl,"ap_fixed<16,5>",33,10,3850,2680,1824,2520,548160,274080,1.8092,0.3968,0.7023,0.9778,67036,670360.0,67037,10.0,3.482,287.191,0.664,0.044,0.621,True,1491.7357837579807,
gemm_2889,gemm,vitis,impl,"ap_fixed<16,5>",49,17,4297,3316,1824,2520,548160,274080,2.6864,0.6746,0.7839,1.2099,2150665,21506650.0,2150666,10.0,3.895,256.739,0.682,0.062,0.621,True,46.49724620059377,
gemm_2892,gemm,vitis,impl,"ap_fixed<16,5>",49,17,3289,2283,1824,2520,548160,274080,2.6864,0.6746,0.6,0.833,313537,3135370.0,313538,10.0,3.416,292.74,0.67,0.05,0.621,True,318.94162411453834,
gemm_2893,gemm,vitis,impl,"ap_fixed<16,5>",49,17,4174,3017,1824,2520,548160,274080,2.6864,0.6746,0.7615,1.1008,2268615,22686150.0,2268616,10.0,3.595,278.164,0.679,0.059,0.621,True,44.07975791396954,
gemm_2895,gemm,vitis,impl,"ap_fixed<16,5>",49,17,4411,3403,1824,2520,548160,274080,2.6864,0.6746,0.8047,1.2416,2150674,21506740.0,2150675,10.0,3.782,264.41,0.686,0.066,0.621,True,46.49705162195665,
gemm_2898,gemm,vitis,impl,"ap_fixed<16,5>",49,17,3399,2370,1824,2520,548160,274080,2.6864,0.6746,0.6201,0.8647,313542,3135420.0,313543,10.0,3.665,272.851,0.674,0.053,0.621,True,318.93653800766725,
gemm_2899,gemm,vitis,impl,"ap_fixed<16,5>",49,17,4291,3126,1824,2520,548160,274080,2.6864,0.6746,0.7828,1.1405,2268624,22686240.0,2268625,10.0,3.527,283.527,0.682,0.061,0.621,True,44.07958304240808,
gemm_2902,gemm,vitis,impl,"ap_fixed<16,5>",49,24,4709,3656,1824,2520,548160,274080,2.6864,0.9524,0.8591,1.3339,2150710,21507100.0,2150711,10.0,3.889,257.136,0.696,0.075,0.621,True,46.4962733236931,
gemm_2903,gemm,vitis,impl,"ap_fixed<16,5>",49,24,3972,2854,1824,2520,548160,274080,2.6864,0.9524,0.7246,1.0413,2251549,22515490.0,2251550,10.0,3.672,272.331,0.687,0.066,0.621,True,44.41386796378848,
gemm_2904,gemm,vitis,impl,"ap_fixed<16,5>",49,24,3442,2491,1824,2520,548160,274080,2.6864,0.9524,0.6279,0.9089,299209,2992090.0,299210,10.0,3.722,268.673,0.682,0.061,0.621,True,334.2145456854573,
gemm_2915,gemm,vitis,impl,"ap_fixed<16,5>",33,17,4374,3414,1824,2520,548160,274080,1.8092,0.6746,0.7979,1.2456,83288,832880.0,83289,10.0,3.402,293.945,0.685,0.065,0.621,True,1200.653155316492,
gemm_2918,gemm,vitis,impl,"ap_fixed<16,5>",33,17,3829,2610,1824,2520,548160,274080,1.8092,0.6746,0.6985,0.9523,82388,823880.0,82389,10.0,3.331,300.21,0.667,0.047,0.621,True,1213.7689954847792,
gemm_2919,gemm,vitis,impl,"ap_fixed<16,5>",33,17,4486,3452,1824,2520,548160,274080,1.8092,0.6746,0.8184,1.2595,83295,832950.0,83296,10.0,4.243,235.682,0.688,0.067,0.621,True,1200.552254036857,
gemm_2921,gemm,vitis,impl,"ap_fixed<16,5>",33,17,4446,3380,1824,2520,548160,274080,1.8092,0.6746,0.8111,1.2332,83420,834200.0,83421,10.0,3.954,252.908,0.684,0.064,0.621,True,1198.7532965715657,
gemm_2922,gemm,vitis,impl,"ap_fixed<16,5>",33,17,4461,3402,1824,2520,548160,274080,1.8092,0.6746,0.8138,1.2412,99804,998040.0,99805,10.0,3.583,279.096,0.687,0.066,0.621,True,1001.9638491443229,
gemm_2930,gemm,vitis,impl,"ap_fixed<16,5>",34,24,4448,3123,1824,2520,548160,274080,1.864,0.9524,0.8114,1.1394,67845,678450.0,67846,10.0,4.051,246.853,0.678,0.058,0.621,True,1473.9479696366718,
gemm_2939,gemm,vitis,impl,"ap_fixed<16,5>",98,136,4101,3708,1824,2520,548160,274080,5.3728,5.3968,0.7481,1.3529,429865,4298650.0,429866,10.0,3.639,274.801,0.736,0.115,0.621,True,232.63117490374884,
gemm_2943,gemm,vitis,impl,"ap_fixed<16,5>",98,136,4159,3942,1824,2520,548160,274080,5.3728,5.3968,0.7587,1.4383,299426,2994260.0,299427,10.0,4.21,237.53,0.773,0.152,0.621,True,333.9723337318737,
gemm_2953,gemm,vitis,impl,"ap_fixed<16,5>",98,136,8396,7506,1824,2520,548160,274080,5.3728,5.3968,1.5317,2.7386,2266950,22669500.0,2266951,10.0,3.685,271.37,0.8,0.178,0.621,True,44.11213304219326,
gemm_2961,gemm,vitis,impl,"ap_fixed<16,5>",34,24,4211,3365,1824,2520,548160,274080,1.864,0.9524,0.7682,1.2277,68952,689520.0,68953,10.0,3.604,277.469,0.69,0.069,0.621,True,1450.28425571412,
gemm_2963,gemm,vitis,impl,"ap_fixed<16,5>",34,24,4560,3712,1824,2520,548160,274080,1.864,0.9524,0.8319,1.3543,84341,843410.0,84342,10.0,3.828,261.233,0.691,0.07,0.621,True,1185.6629634460107,
gemm_2964,gemm,vitis,impl,"ap_fixed<16,5>",34,24,4092,2867,1824,2520,548160,274080,1.864,0.9524,0.7465,1.046,67052,670520.0,67053,10.0,3.523,283.849,0.675,0.054,0.621,True,1491.3798246137326,
gemm_2969,gemm,vitis,impl,"ap_fixed<16,5>",82,80,4077,3170,1824,2520,548160,274080,4.4956,3.1746,0.7438,1.1566,52700,527000.0,52701,10.0,4.158,240.5,0.697,0.076,0.621,True,1897.5332068311195,
gemm_2974,gemm,vitis,impl,"ap_fixed<16,5>",82,80,4801,4146,1824,2520,548160,274080,4.4956,3.1746,0.8758,1.5127,69998,699980.0,69999,10.0,4.459,224.266,0.712,0.091,0.621,True,1428.6122460641732,
gemm_2976,gemm,vitis,impl,"ap_fixed<16,5>",82,80,4977,3816,1824,2520,548160,274080,4.4956,3.1746,0.9079,1.3923,84350,843500.0,84351,10.0,3.887,257.268,0.729,0.108,0.621,True,1185.536455245999,
gemm_2982,gemm,vitis,impl,"ap_fixed<16,5>",82,73,3965,3050,1824,2520,548160,274080,4.4956,2.8968,0.7233,1.1128,52709,527090.0,52710,10.0,4.154,240.732,0.7,0.079,0.621,True,1897.209205259064,
gemm_2983,gemm,vitis,impl,"ap_fixed<16,5>",82,73,4354,3256,1824,2520,548160,274080,4.4956,2.8968,0.7943,1.188,67966,679660.0,67967,10.0,4.723,211.73,0.707,0.086,0.621,True,1471.3238972427391,
gemm_2984,gemm,vitis,impl,"ap_fixed<16,5>",82,73,4142,2915,1824,2520,548160,274080,4.4956,2.8968,0.7556,1.0636,67061,670610.0,67062,10.0,4.392,227.687,0.708,0.087,0.621,True,1491.179672238708,
gemm_2990,gemm,vitis,impl,"ap_fixed<16,5>",98,73,3572,2940,1824,2520,548160,274080,5.3728,2.8968,0.6516,1.0727,430654,4306540.0,430655,10.0,3.914,255.493,0.685,0.064,0.621,True,232.20497197285988,
gemm_3002,gemm,vitis,impl,"ap_fixed<16,5>",98,80,3727,3071,1824,2520,548160,274080,5.3728,3.1746,0.6799,1.1205,416347,4163470.0,416348,10.0,4.269,234.247,0.701,0.08,0.621,True,240.1842693714618,
gemm_3019,gemm,vitis,impl,"ap_fixed<16,5>",34,24,4029,2915,1824,2520,548160,274080,1.864,0.9524,0.735,1.0636,50531,505310.0,50532,10.0,3.64,274.725,0.674,0.054,0.621,True,1978.9831984326454,
gemm_3030,gemm,vitis,impl,"ap_fixed<16,5>",130,136,4612,3703,1824,2520,548160,274080,7.1272,5.3968,0.8414,1.3511,53518,535180.0,53519,10.0,4.747,210.659,0.748,0.127,0.621,True,1868.5302141335626,
gemm_3035,gemm,vitis,impl,"ap_fixed<16,5>",194,584,6119,9072,1824,2520,548160,274080,10.636,23.1746,1.1163,3.31,429753,4297530.0,429754,10.0,5.841,171.204,0.889,0.267,0.622,True,232.6918020351225,
gemm_3038,gemm,vitis,impl,"ap_fixed<16,5>",194,584,6051,8994,1824,2520,548160,274080,10.636,23.1746,1.1039,3.2815,429753,4297530.0,429754,10.0,6.203,161.212,0.881,0.259,0.622,True,232.6918020351225,
gemm_3042,gemm,vitis,impl,"ap_fixed<16,5>",194,584,6233,8990,1824,2520,548160,274080,10.636,23.1746,1.1371,3.2801,429762,4297620.0,429763,10.0,6.651,150.353,0.915,0.293,0.622,True,232.68692904444785,
gemm_3043,gemm,vitis,impl,"ap_fixed<16,5>",194,584,8443,8494,1824,2520,548160,274080,10.636,23.1746,1.5402,3.0991,2252466,22524660.0,2252467,10.0,5.217,191.681,1.023,0.401,0.622,True,44.3957866622626,
gemm_3044,gemm,vitis,impl,"ap_fixed<16,5>",194,584,6171,9652,1824,2520,548160,274080,10.636,23.1746,1.1258,3.5216,429762,4297620.0,429763,10.0,5.794,172.592,0.923,0.301,0.622,True,232.68692904444785,
gemm_3046,gemm,vitis,impl,"ap_fixed<16,5>",194,584,8796,7939,1824,2520,548160,274080,10.636,23.1746,1.6046,2.8966,2266950,22669500.0,2266951,10.0,5.144,194.401,1.022,0.4,0.622,True,44.11213304219326,
gemm_3048,gemm,vitis,impl,"ap_fixed<16,5>",194,584,6180,9181,1824,2520,548160,274080,10.636,23.1746,1.1274,3.3498,415542,4155420.0,415543,10.0,5.086,196.618,0.863,0.242,0.622,True,240.64956129584976,
gemm_3049,gemm,vitis,impl,"ap_fixed<16,5>",194,584,8797,8190,1824,2520,548160,274080,10.636,23.1746,1.6048,2.9882,2266950,22669500.0,2266951,10.0,4.88,204.918,1.033,0.411,0.622,True,44.11213304219326,
gemm_3054,gemm,vitis,impl,"ap_fixed<16,5>",194,584,6287,9262,1824,2520,548160,274080,10.636,23.1746,1.1469,3.3793,415551,4155510.0,415552,10.0,5.558,179.921,0.873,0.251,0.622,True,240.64434930971169,
gemm_3056,gemm,vitis,impl,"ap_fixed<16,5>",194,584,6239,9310,1824,2520,548160,274080,10.636,23.1746,1.1382,3.3968,415551,4155510.0,415552,10.0,5.305,188.501,0.868,0.247,0.622,True,240.64434930971169,
gemm_3062,gemm,vitis,impl,"ap_fixed<16,5>",130,136,4613,3797,1824,2520,548160,274080,7.1272,5.3968,0.8415,1.3854,53518,535180.0,53519,10.0,4.771,209.6,0.755,0.134,0.621,True,1868.5302141335626,
gemm_3068,gemm,vitis,impl,"ap_fixed<16,5>",130,136,4498,3624,1824,2520,548160,274080,7.1272,5.3968,0.8206,1.3222,53509,535090.0,53510,10.0,4.075,245.399,0.753,0.132,0.621,True,1868.8444934497,
gemm_3069,gemm,vitis,impl,"ap_fixed<16,5>",130,136,4613,3793,1824,2520,548160,274080,7.1272,5.3968,0.8415,1.3839,53518,535180.0,53519,10.0,4.105,243.605,0.758,0.137,0.621,True,1868.5302141335626,
