design,status,rc,seconds,finished_at
GEMM_config_M128_K128_N128_UM1_UK1_UN1_GORDna_VM1ji_VM2ij_BIAS_False_INLINE_True_COMPORDER_option_1_ap_fixed_16_5_,ok,0,61,2026-10-02 14:21:41
GEMM_config_M128_K128_N128_UM1_UK8_UN1_GORDna_VM1ji_VM2ij_BIAS_True_INLINE_True_COMPORDER_option_5_ap_fixed_16_5_,ok,0,62,2026-10-02 14:21:42
GEMM_config_M128_K128_N128_UM1_UK1_UN1_GORDna_VM1ji_VM2ij_BIAS_True_INLINE_True_COMPORDER_option_1_ap_fixed_16_5_,ok,0,63,2026-10-02 14:21:43
GEMM_config_M128_K128_N128_UM1_UK1_UN1_GORDna_VM1ji_VM2ij_BIAS_True_INLINE_True_COMPORDER_option_4_ap_fixed_16_5_,ok,0,65,2026-10-02 14:21:44
GEMM_config_M128_K128_N128_UM1_UK1_UN8_GORDna_VM1ij_VM2ji_BIAS_False_INLINE_True_COMPORDER_option_5_ap_fixed_16_5_,ok,0,75,2026-10-02 14:21:54
GEMM_config_M128_K128_N128_UM1_UK1_UN1_GORDna_VM1ji_VM2ij_BIAS_True_INLINE_True_COMPORDER_option_5_ap_fixed_16_5_,ok,0,77,2026-10-02 14:21:56
GEMM_config_M128_K128_N128_UM8_UK1_UN1_GORDna_VM1ij_VM2ji_BIAS_False_INLINE_True_COMPORDER_option_4_ap_fixed_16_5_,ok,0,78,2026-10-02 14:21:58
GEMM_config_M128_K128_N128_UM1_UK1_UN1_GORDna_VM1ij_VM2ji_BIAS_True_INLINE_True_COMPORDER_option_1_ap_fixed_16_5_,ok,0,81,2026-10-02 14:22:00
GEMM_config_M128_K128_N128_UM1_UK8_UN1_GORDna_VM1ij_VM2ji_BIAS_False_INLINE_True_COMPORDER_option_5_ap_fixed_16_5_,ok,0,81,2026-10-02 14:22:01
GEMM_config_M128_K128_N128_UM8_UK1_UN1_GORDna_VM1ji_VM2ij_BIAS_True_INLINE_True_COMPORDER_option_1_ap_fixed_16_5_,ok,0,82,2026-10-02 14:22:01
GEMM_config_M128_K128_N128_UM1_UK8_UN1_GORDna_VM1ij_VM2ji_BIAS_True_INLINE_True_COMPORDER_option_5_ap_fixed_16_5_,ok,0,82,2026-10-02 14:22:02
GEMM_config_M128_K128_N128_UM1_UK1_UN1_GORDna_VM1ji_VM2ij_BIAS_False_INLINE_True_COMPORDER_option_4_ap_fixed_16_5_,ok,0,83,2026-10-02 14:22:02
GEMM_config_M128_K128_N128_UM1_UK1_UN8_GORDna_VM1ji_VM2ij_BIAS_True_INLINE_True_COMPORDER_option_1_ap_fixed_16_5_,ok,0,83,2026-10-02 14:22:02
GEMM_config_M128_K128_N128_UM1_UK1_UN1_GORDna_VM1ij_VM2ji_BIAS_False_INLINE_True_COMPORDER_option_4_ap_fixed_16_5_,ok,0,83,2026-10-02 14:22:02
GEMM_config_M128_K128_N128_UM1_UK1_UN1_GORDna_VM1ij_VM2ji_BIAS_True_INLINE_True_COMPORDER_option_4_ap_fixed_16_5_,ok,0,86,2026-10-02 14:22:05
GEMM_config_M128_K128_N128_UM1_UK1_UN8_GORDna_VM1ij_VM2ji_BIAS_True_INLINE_True_COMPORDER_option_4_ap_fixed_16_5_,ok,0,87,2026-10-02 14:22:06
GEMM_config_M128_K128_N128_UM8_UK1_UN8_GORDna_VM1ji_VM2ij_BIAS_False_INLINE_True_COMPORDER_option_1_ap_fixed_16_5_,ok,0,88,2026-10-02 14:22:07
GEMM_config_M128_K128_N128_UM1_UK8_UN1_GORDna_VM1ij_VM2ji_BIAS_False_INLINE_True_COMPORDER_option_4_ap_fixed_16_5_,ok,0,88,2026-10-02 14:22:08
GEMM_config_M128_K128_N128_UM8_UK1_UN1_GORDna_VM1ji_VM2ij_BIAS_False_INLINE_True_COMPORDER_option_5_ap_fixed_16_5_,ok,0,89,2026-10-02 14:22:08
GEMM_config_M128_K128_N128_UM1_UK1_UN8_GORDna_VM1ji_VM2ij_BIAS_False_INLINE_True_COMPORDER_option_1_ap_fixed_16_5_,ok,0,89,2026-10-02 14:22:08
GEMM_config_M128_K128_N128_UM1_UK8_UN1_GORDna_VM1ij_VM2ji_BIAS_False_INLINE_True_COMPORDER_option_1_ap_fixed_16_5_,ok,0,90,2026-10-02 14:22:09
GEMM_config_M128_K128_N128_UM1_UK1_UN1_GORDna_VM1ji_VM2ij_BIAS_False_INLINE_True_COMPORDER_option_5_ap_fixed_16_5_,ok,0,90,2026-10-02 14:22:09
GEMM_config_M128_K128_N128_UM8_UK1_UN1_GORDna_VM1ji_VM2ij_BIAS_False_INLINE_True_COMPORDER_option_1_ap_fixed_16_5_,ok,0,90,2026-10-02 14:22:10
GEMM_config_M128_K128_N128_UM1_UK1_UN1_GORDna_VM1ij_VM2ji_BIAS_False_INLINE_True_COMPORDER_option_5_ap_fixed_16_5_,ok,0,91,2026-10-02 14:22:10
GEMM_config_M128_K128_N128_UM1_UK1_UN8_GORDna_VM1ji_VM2ij_BIAS_False_INLINE_True_COMPORDER_option_5_ap_fixed_16_5_,ok,0,91,2026-10-02 14:22:10
GEMM_config_M128_K128_N128_UM1_UK8_UN1_GORDna_VM1ji_VM2ij_BIAS_True_INLINE_True_COMPORDER_option_1_ap_fixed_16_5_,ok,0,91,2026-10-02 14:22:11
GEMM_config_M128_K128_N128_UM1_UK1_UN1_GORDna_VM1ij_VM2ji_BIAS_True_INLINE_True_COMPORDER_option_5_ap_fixed_16_5_,ok,0,92,2026-10-02 14:22:11
GEMM_config_M128_K128_N128_UM1_UK8_UN1_GORDna_VM1ij_VM2ji_BIAS_True_INLINE_True_COMPORDER_option_1_ap_fixed_16_5_,ok,0,93,2026-10-02 14:22:12
GEMM_config_M128_K128_N128_UM1_UK1_UN8_GORDna_VM1ij_VM2ji_BIAS_False_INLINE_True_COMPORDER_option_4_ap_fixed_16_5_,ok,0,93,2026-10-02 14:22:13
GEMM_config_M128_K128_N128_UM1_UK1_UN1_GORDna_VM1ij_VM2ji_BIAS_False_INLINE_True_COMPORDER_option_1_ap_fixed_16_5_,ok,0,93,2026-10-02 14:22:13
GEMM_config_M128_K128_N128_UM1_UK8_UN1_GORDna_VM1ji_VM2ij_BIAS_True_INLINE_True_COMPORDER_option_4_ap_fixed_16_5_,ok,0,93,2026-10-02 14:22:13
GEMM_config_M128_K128_N128_UM8_UK1_UN1_GORDna_VM1ji_VM2ij_BIAS_True_INLINE_True_COMPORDER_option_5_ap_fixed_16_5_,ok,0,94,2026-10-02 14:22:13
GEMM_config_M128_K128_N128_UM8_UK1_UN1_GORDna_VM1ij_VM2ji_BIAS_True_INLINE_True_COMPORDER_option_4_ap_fixed_16_5_,ok,0,95,2026-10-02 14:22:15
GEMM_config_M128_K128_N128_UM8_UK1_UN8_GORDna_VM1ij_VM2ji_BIAS_True_INLINE_True_COMPORDER_option_4_ap_fixed_16_5_,ok,0,96,2026-10-02 14:22:16
GEMM_config_M128_K128_N128_UM1_UK8_UN1_GORDna_VM1ji_VM2ij_BIAS_False_INLINE_True_COMPORDER_option_4_ap_fixed_16_5_,ok,0,96,2026-10-02 14:22:16
GEMM_config_M128_K128_N128_UM8_UK1_UN8_GORDna_VM1ji_VM2ij_BIAS_True_INLINE_True_COMPORDER_option_1_ap_fixed_16_5_,ok,0,96,2026-10-02 14:22:16
GEMM_config_M128_K128_N128_UM8_UK1_UN8_GORDna_VM1ij_VM2ji_BIAS_False_INLINE_True_COMPORDER_option_4_ap_fixed_16_5_,ok,0,97,2026-10-02 14:22:17
GEMM_config_M128_K128_N128_UM1_UK1_UN8_GORDna_VM1ij_VM2ji_BIAS_True_INLINE_True_COMPORDER_option_5_ap_fixed_16_5_,ok,0,99,2026-10-02 14:22:18
GEMM_config_M128_K128_N128_UM8_UK1_UN8_GORDna_VM1ji_VM2ij_BIAS_True_INLINE_True_COMPORDER_option_5_ap_fixed_16_5_,ok,0,101,2026-10-02 14:22:21
GEMM_config_M128_K128_N128_UM8_UK1_UN1_GORDna_VM1ij_VM2ji_BIAS_True_INLINE_True_COMPORDER_option_1_ap_fixed_16_5_,ok,0,106,2026-10-02 14:22:26
GEMM_config_M128_K128_N128_UM1_UK1_UN8_GORDna_VM1ji_VM2ij_BIAS_False_INLINE_True_COMPORDER_option_4_ap_fixed_16_5_,ok,0,111,2026-10-02 14:22:30
GEMM_config_M128_K128_N128_UM1_UK1_UN8_GORDna_VM1ji_VM2ij_BIAS_True_INLINE_True_COMPORDER_option_4_ap_fixed_16_5_,ok,0,111,2026-10-02 14:22:30
GEMM_config_M128_K128_N128_UM1_UK1_UN8_GORDna_VM1ij_VM2ji_BIAS_True_INLINE_True_COMPORDER_option_1_ap_fixed_16_5_,ok,0,112,2026-10-02 14:22:31
GEMM_config_M128_K128_N128_UM1_UK8_UN1_GORDna_VM1ji_VM2ij_BIAS_False_INLINE_True_COMPORDER_option_5_ap_fixed_16_5_,ok,0,112,2026-10-02 14:22:31
GEMM_config_M128_K128_N128_UM1_UK1_UN8_GORDna_VM1ij_VM2ji_BIAS_False_INLINE_True_COMPORDER_option_1_ap_fixed_16_5_,ok,0,112,2026-10-02 14:22:31
GEMM_config_M128_K128_N128_UM1_UK8_UN8_GORDna_VM1ij_VM2ji_BIAS_False_INLINE_True_COMPORDER_option_5_ap_fixed_16_5_,ok,0,114,2026-10-02 14:22:34
GEMM_config_M128_K128_N128_UM1_UK1_UN8_GORDna_VM1ji_VM2ij_BIAS_True_INLINE_True_COMPORDER_option_5_ap_fixed_16_5_,ok,0,116,2026-10-02 14:22:36
GEMM_config_M128_K128_N128_UM8_UK8_UN1_GORDna_VM1ij_VM2ji_BIAS_True_INLINE_True_COMPORDER_option_5_ap_fixed_16_5_,ok,0,117,2026-10-02 14:22:37
GEMM_config_M128_K128_N128_UM8_UK8_UN1_GORDna_VM1ij_VM2ji_BIAS_False_INLINE_True_COMPORDER_option_5_ap_fixed_16_5_,ok,0,118,2026-10-02 14:22:38
GEMM_config_M128_K128_N128_UM8_UK1_UN1_GORDna_VM1ij_VM2ji_BIAS_False_INLINE_True_COMPORDER_option_5_ap_fixed_16_5_,ok,0,119,2026-10-02 14:22:38
GEMM_config_M128_K128_N128_UM8_UK1_UN1_GORDna_VM1ji_VM2ij_BIAS_True_INLINE_True_COMPORDER_option_4_ap_fixed_16_5_,ok,0,119,2026-10-02 14:22:38
GEMM_config_M128_K128_N128_UM8_UK1_UN1_GORDna_VM1ij_VM2ji_BIAS_False_INLINE_True_COMPORDER_option_1_ap_fixed_16_5_,ok,0,120,2026-10-02 14:22:40
GEMM_config_M128_K128_N128_UM8_UK1_UN1_GORDna_VM1ji_VM2ij_BIAS_False_INLINE_True_COMPORDER_option_4_ap_fixed_16_5_,ok,0,122,2026-10-02 14:22:42
GEMM_config_M128_K128_N128_UM1_UK8_UN8_GORDna_VM1ij_VM2ji_BIAS_True_INLINE_True_COMPORDER_option_5_ap_fixed_16_5_,ok,0,122,2026-10-02 14:22:42
GEMM_config_M128_K128_N128_UM8_UK1_UN1_GORDna_VM1ij_VM2ji_BIAS_True_INLINE_True_COMPORDER_option_5_ap_fixed_16_5_,ok,0,128,2026-10-02 14:22:47
GEMM_config_M128_K128_N128_UM1_UK8_UN8_GORDna_VM1ji_VM2ij_BIAS_True_INLINE_True_COMPORDER_option_4_ap_fixed_16_5_,ok,0,129,2026-10-02 14:22:49
GEMM_config_M128_K128_N128_UM1_UK8_UN8_GORDna_VM1ij_VM2ji_BIAS_True_INLINE_True_COMPORDER_option_1_ap_fixed_16_5_,ok,0,130,2026-10-02 14:22:50
GEMM_config_M128_K128_N128_UM1_UK8_UN8_GORDna_VM1ji_VM2ij_BIAS_False_INLINE_True_COMPORDER_option_4_ap_fixed_16_5_,ok,0,131,2026-10-02 14:22:51
GEMM_config_M128_K128_N128_UM8_UK8_UN1_GORDna_VM1ij_VM2ji_BIAS_False_INLINE_True_COMPORDER_option_1_ap_fixed_16_5_,ok,0,132,2026-10-02 14:22:51
GEMM_config_M128_K128_N128_UM1_UK8_UN8_GORDna_VM1ij_VM2ji_BIAS_False_INLINE_True_COMPORDER_option_1_ap_fixed_16_5_,ok,0,135,2026-10-02 14:22:54
GEMM_config_M128_K128_N128_UM8_UK8_UN1_GORDna_VM1ji_VM2ij_BIAS_False_INLINE_True_COMPORDER_option_4_ap_fixed_16_5_,ok,0,135,2026-10-02 14:22:55
GEMM_config_M128_K128_N128_UM8_UK8_UN1_GORDna_VM1ij_VM2ji_BIAS_True_INLINE_True_COMPORDER_option_1_ap_fixed_16_5_,ok,0,138,2026-10-02 14:22:57
GEMM_config_M128_K128_N128_UM1_UK8_UN1_GORDna_VM1ji_VM2ij_BIAS_False_INLINE_True_COMPORDER_option_1_ap_fixed_16_5_,ok,0,139,2026-10-02 14:22:58
GEMM_config_M128_K128_N128_UM8_UK1_UN8_GORDna_VM1ij_VM2ji_BIAS_False_INLINE_True_COMPORDER_option_1_ap_fixed_16_5_,ok,0,140,2026-10-02 14:22:59
GEMM_config_M128_K128_N128_UM8_UK1_UN8_GORDna_VM1ij_VM2ji_BIAS_True_INLINE_True_COMPORDER_option_1_ap_fixed_16_5_,ok,0,144,2026-10-02 14:23:04
GEMM_config_M128_K128_N128_UM8_UK1_UN8_GORDna_VM1ji_VM2ij_BIAS_False_INLINE_True_COMPORDER_option_5_ap_fixed_16_5_,ok,0,146,2026-10-02 14:23:05
GEMM_config_M128_K128_N128_UM8_UK1_UN8_GORDna_VM1ji_VM2ij_BIAS_True_INLINE_True_COMPORDER_option_4_ap_fixed_16_5_,ok,0,146,2026-10-02 14:23:05
GEMM_config_M128_K128_N128_UM1_UK8_UN1_GORDna_VM1ij_VM2ji_BIAS_True_INLINE_True_COMPORDER_option_4_ap_fixed_16_5_,ok,0,153,2026-10-02 14:23:12
GEMM_config_M128_K128_N128_UM8_UK1_UN8_GORDna_VM1ij_VM2ji_BIAS_False_INLINE_True_COMPORDER_option_5_ap_fixed_16_5_,ok,0,154,2026-10-02 14:23:13
GEMM_config_M128_K128_N128_UM1_UK8_UN8_GORDna_VM1ji_VM2ij_BIAS_True_INLINE_True_COMPORDER_option_5_ap_fixed_16_5_,ok,0,155,2026-10-02 14:23:14
GEMM_config_M128_K128_N128_UM1_UK8_UN8_GORDna_VM1ji_VM2ij_BIAS_False_INLINE_True_COMPORDER_option_5_ap_fixed_16_5_,ok,0,156,2026-10-02 14:23:15
GEMM_config_M128_K128_N128_UM1_UK8_UN8_GORDna_VM1ji_VM2ij_BIAS_False_INLINE_True_COMPORDER_option_1_ap_fixed_16_5_,ok,0,156,2026-10-02 14:23:15
GEMM_config_M128_K128_N128_UM1_UK8_UN8_GORDna_VM1ij_VM2ji_BIAS_True_INLINE_True_COMPORDER_option_4_ap_fixed_16_5_,ok,0,156,2026-10-02 14:23:15
GEMM_config_M128_K128_N128_UM8_UK1_UN8_GORDna_VM1ji_VM2ij_BIAS_False_INLINE_True_COMPORDER_option_4_ap_fixed_16_5_,ok,0,160,2026-10-02 14:23:19
GEMM_config_M128_K128_N128_UM8_UK8_UN1_GORDna_VM1ji_VM2ij_BIAS_False_INLINE_True_COMPORDER_option_1_ap_fixed_16_5_,ok,0,160,2026-10-02 14:23:20
GEMM_config_M128_K128_N128_UM1_UK8_UN8_GORDna_VM1ij_VM2ji_BIAS_False_INLINE_True_COMPORDER_option_4_ap_fixed_16_5_,ok,0,164,2026-10-02 14:23:23
GEMM_config_M128_K128_N64_UM1_UK1_UN1_GORDna_VM1ij_VM2ji_BIAS_False_INLINE_True_COMPORDER_option_4_ap_fixed_16_5_,ok,0,78,2026-10-02 14:23:25
GEMM_config_M128_K128_N128_UM8_UK8_UN1_GORDna_VM1ij_VM2ji_BIAS_False_INLINE_True_COMPORDER_option_4_ap_fixed_16_5_,ok,0,166,2026-10-02 14:23:26
GEMM_config_M128_K128_N64_UM1_UK1_UN1_GORDna_VM1ij_VM2ji_BIAS_True_INLINE_True_COMPORDER_option_1_ap_fixed_16_5_,ok,0,79,2026-10-02 14:23:28
GEMM_config_M128_K128_N128_UM8_UK8_UN1_GORDna_VM1ij_VM2ji_BIAS_True_INLINE_True_COMPORDER_option_4_ap_fixed_16_5_,ok,0,170,2026-10-02 14:23:29
GEMM_config_M128_K128_N128_UM1_UK8_UN8_GORDna_VM1ji_VM2ij_BIAS_True_INLINE_True_COMPORDER_option_1_ap_fixed_16_5_,ok,0,170,2026-10-02 14:23:30
GEMM_config_M128_K128_N64_UM1_UK1_UN1_GORDna_VM1ji_VM2ij_BIAS_True_INLINE_True_COMPORDER_option_1_ap_fixed_16_5_,ok,0,80,2026-10-02 14:23:30
GEMM_config_M128_K128_N64_UM1_UK1_UN1_GORDna_VM1ij_VM2ji_BIAS_True_INLINE_True_COMPORDER_option_4_ap_fixed_16_5_,ok,0,83,2026-10-02 14:23:31
GEMM_config_M128_K128_N64_UM1_UK1_UN1_GORDna_VM1ji_VM2ij_BIAS_False_INLINE_True_COMPORDER_option_5_ap_fixed_16_5_,ok,0,81,2026-10-02 14:23:32
GEMM_config_M128_K128_N64_UM1_UK1_UN1_GORDna_VM1ij_VM2ji_BIAS_False_INLINE_True_COMPORDER_option_5_ap_fixed_16_5_,ok,0,84,2026-10-02 14:23:33
GEMM_config_M128_K128_N64_UM1_UK1_UN1_GORDna_VM1ji_VM2ij_BIAS_False_INLINE_True_COMPORDER_option_1_ap_fixed_16_5_,ok,0,83,2026-10-02 14:23:33
GEMM_config_M128_K128_N64_UM1_UK1_UN1_GORDna_VM1ji_VM2ij_BIAS_False_INLINE_True_COMPORDER_option_4_ap_fixed_16_5_,ok,0,83,2026-10-02 14:23:33
GEMM_config_M128_K128_N128_UM8_UK1_UN8_GORDna_VM1ij_VM2ji_BIAS_True_INLINE_True_COMPORDER_option_5_ap_fixed_16_5_,ok,0,174,2026-10-02 14:23:33
GEMM_config_M128_K128_N64_UM1_UK1_UN1_GORDna_VM1ij_VM2ji_BIAS_True_INLINE_True_COMPORDER_option_5_ap_fixed_16_5_,ok,0,85,2026-10-02 14:23:34
GEMM_config_M128_K128_N64_UM1_UK1_UN1_GORDna_VM1ij_VM2ji_BIAS_False_INLINE_True_COMPORDER_option_1_ap_fixed_16_5_,ok,0,87,2026-10-02 14:23:35
GEMM_config_M128_K128_N64_UM1_UK1_UN8_GORDna_VM1ij_VM2ji_BIAS_True_INLINE_True_COMPORDER_option_4_ap_fixed_16_5_,ok,0,81,2026-10-02 14:23:35
GEMM_config_M128_K128_N128_UM8_UK8_UN1_GORDna_VM1ji_VM2ij_BIAS_True_INLINE_True_COMPORDER_option_5_ap_fixed_16_5_,ok,0,113,2026-10-02 14:23:37
GEMM_config_M128_K128_N64_UM1_UK1_UN8_GORDna_VM1ji_VM2ij_BIAS_False_INLINE_True_COMPORDER_option_1_ap_fixed_16_5_,ok,0,83,2026-10-02 14:23:38
GEMM_config_M128_K128_N64_UM1_UK1_UN1_GORDna_VM1ji_VM2ij_BIAS_True_INLINE_True_COMPORDER_option_5_ap_fixed_16_5_,ok,0,87,2026-10-02 14:23:39
GEMM_config_M128_K128_N64_UM1_UK1_UN1_GORDna_VM1ji_VM2ij_BIAS_True_INLINE_True_COMPORDER_option_4_ap_fixed_16_5_,ok,0,88,2026-10-02 14:23:39
GEMM_config_M128_K128_N64_UM1_UK1_UN8_GORDna_VM1ji_VM2ij_BIAS_True_INLINE_True_COMPORDER_option_1_ap_fixed_16_5_,ok,0,81,2026-10-02 14:23:40
GEMM_config_M128_K128_N64_UM1_UK1_UN8_GORDna_VM1ij_VM2ji_BIAS_False_INLINE_True_COMPORDER_option_4_ap_fixed_16_5_,ok,0,89,2026-10-02 14:23:42
GEMM_config_M128_K128_N128_UM8_UK8_UN1_GORDna_VM1ji_VM2ij_BIAS_True_INLINE_True_COMPORDER_option_4_ap_fixed_16_5_,ok,0,123,2026-10-02 14:23:46
GEMM_config_M128_K128_N128_UM8_UK8_UN1_GORDna_VM1ji_VM2ij_BIAS_False_INLINE_True_COMPORDER_option_5_ap_fixed_16_5_,ok,0,126,2026-10-02 14:23:46
GEMM_config_M128_K128_N64_UM1_UK8_UN1_GORDna_VM1ij_VM2ji_BIAS_False_INLINE_True_COMPORDER_option_1_ap_fixed_16_5_,ok,0,80,2026-10-02 14:23:50
GEMM_config_M128_K128_N64_UM1_UK8_UN1_GORDna_VM1ij_VM2ji_BIAS_False_INLINE_True_COMPORDER_option_5_ap_fixed_16_5_,ok,0,80,2026-10-02 14:23:51
GEMM_config_M128_K128_N64_UM1_UK8_UN1_GORDna_VM1ij_VM2ji_BIAS_True_INLINE_True_COMPORDER_option_5_ap_fixed_16_5_,ok,0,85,2026-10-02 14:23:59
GEMM_config_M128_K128_N64_UM1_UK1_UN8_GORDna_VM1ji_VM2ij_BIAS_False_INLINE_True_COMPORDER_option_5_ap_fixed_16_5_,ok,0,105,2026-10-02 14:24:01
GEMM_config_M128_K128_N64_UM1_UK8_UN1_GORDna_VM1ji_VM2ij_BIAS_False_INLINE_True_COMPORDER_option_4_ap_fixed_16_5_,ok,0,85,2026-10-02 14:24:02
GEMM_config_M128_K128_N64_UM1_UK8_UN1_GORDna_VM1ij_VM2ji_BIAS_True_INLINE_True_COMPORDER_option_1_ap_fixed_16_5_,ok,0,91,2026-10-02 14:24:03
GEMM_config_M128_K128_N64_UM1_UK1_UN8_GORDna_VM1ji_VM2ij_BIAS_False_INLINE_True_COMPORDER_option_4_ap_fixed_16_5_,ok,0,109,2026-10-02 14:24:04
GEMM_config_M128_K128_N64_UM1_UK8_UN1_GORDna_VM1ji_VM2ij_BIAS_True_INLINE_True_COMPORDER_option_4_ap_fixed_16_5_,ok,0,86,2026-10-02 14:24:04
GEMM_config_M128_K128_N64_UM1_UK1_UN8_GORDna_VM1ij_VM2ji_BIAS_True_INLINE_True_COMPORDER_option_5_ap_fixed_16_5_,ok,0,114,2026-10-02 14:24:10
GEMM_config_M128_K128_N64_UM1_UK1_UN8_GORDna_VM1ij_VM2ji_BIAS_True_INLINE_True_COMPORDER_option_1_ap_fixed_16_5_,ok,0,117,2026-10-02 14:24:10
GEMM_config_M128_K128_N64_UM1_UK1_UN8_GORDna_VM1ij_VM2ji_BIAS_False_INLINE_True_COMPORDER_option_1_ap_fixed_16_5_,ok,0,120,2026-10-02 14:24:13
GEMM_config_M128_K128_N64_UM1_UK1_UN8_GORDna_VM1ij_VM2ji_BIAS_False_INLINE_True_COMPORDER_option_5_ap_fixed_16_5_,ok,0,120,2026-10-02 14:24:13
GEMM_config_M128_K128_N128_UM8_UK8_UN1_GORDna_VM1ji_VM2ij_BIAS_True_INLINE_True_COMPORDER_option_1_ap_fixed_16_5_,ok,0,153,2026-10-02 14:24:15
GEMM_config_M128_K128_N64_UM1_UK1_UN8_GORDna_VM1ji_VM2ij_BIAS_True_INLINE_True_COMPORDER_option_5_ap_fixed_16_5_,ok,0,110,2026-10-02 14:24:16
GEMM_config_M128_K128_N64_UM1_UK1_UN8_GORDna_VM1ji_VM2ij_BIAS_True_INLINE_True_COMPORDER_option_4_ap_fixed_16_5_,ok,0,120,2026-10-02 14:24:20
GEMM_config_M128_K128_N64_UM1_UK8_UN1_GORDna_VM1ji_VM2ij_BIAS_True_INLINE_True_COMPORDER_option_5_ap_fixed_16_5_,ok,0,108,2026-10-02 14:24:27
GEMM_config_M128_K128_N64_UM1_UK8_UN1_GORDna_VM1ji_VM2ij_BIAS_False_INLINE_True_COMPORDER_option_5_ap_fixed_16_5_,ok,0,112,2026-10-02 14:24:29
GEMM_config_M128_K128_N128_UM8_UK8_UN8_GORDna_VM1ij_VM2ji_BIAS_False_INLINE_True_COMPORDER_option_5_ap_fixed_16_5_,ok,0,155,2026-10-02 14:24:32
GEMM_config_M128_K128_N64_UM8_UK1_UN1_GORDna_VM1ij_VM2ji_BIAS_False_INLINE_True_COMPORDER_option_4_ap_fixed_16_5_,ok,0,93,2026-10-02 14:24:38
GEMM_config_M128_K128_N128_UM8_UK8_UN8_GORDna_VM1ij_VM2ji_BIAS_False_INLINE_True_COMPORDER_option_1_ap_fixed_16_5_,ok,0,167,2026-10-02 14:24:41
GEMM_config_M128_K128_N128_UM8_UK8_UN8_GORDna_VM1ij_VM2ji_BIAS_True_INLINE_True_COMPORDER_option_1_ap_fixed_16_5_,ok,0,166,2026-10-02 14:24:46
GEMM_config_M128_K128_N128_UM8_UK8_UN8_GORDna_VM1ij_VM2ji_BIAS_True_INLINE_True_COMPORDER_option_5_ap_fixed_16_5_,ok,0,166,2026-10-02 14:24:47
GEMM_config_M128_K128_N128_UM8_UK8_UN8_GORDna_VM1ij_VM2ji_BIAS_False_INLINE_True_COMPORDER_option_4_ap_fixed_16_5_,ok,0,172,2026-10-02 14:24:48
GEMM_config_M128_K128_N64_UM8_UK1_UN1_GORDna_VM1ji_VM2ij_BIAS_False_INLINE_True_COMPORDER_option_1_ap_fixed_16_5_,ok,0,95,2026-10-02 14:24:50
GEMM_config_M128_K128_N64_UM1_UK8_UN8_GORDna_VM1ij_VM2ji_BIAS_False_INLINE_True_COMPORDER_option_5_ap_fixed_16_5_,ok,0,126,2026-10-02 14:24:53
GEMM_config_M128_K128_N64_UM8_UK1_UN1_GORDna_VM1ji_VM2ij_BIAS_True_INLINE_True_COMPORDER_option_1_ap_fixed_16_5_,ok,0,94,2026-10-02 14:24:53
GEMM_config_M128_K128_N64_UM1_UK8_UN1_GORDna_VM1ij_VM2ji_BIAS_False_INLINE_True_COMPORDER_option_4_ap_fixed_16_5_,ok,0,145,2026-10-02 14:24:55
GEMM_config_M128_K128_N64_UM8_UK1_UN1_GORDna_VM1ji_VM2ij_BIAS_False_INLINE_True_COMPORDER_option_5_ap_fixed_16_5_,ok,0,100,2026-10-02 14:24:55
GEMM_config_M128_K128_N128_UM8_UK8_UN8_GORDna_VM1ji_VM2ij_BIAS_True_INLINE_True_COMPORDER_option_1_ap_fixed_16_5_,ok,0,173,2026-10-02 14:24:55
GEMM_config_M128_K128_N64_UM8_UK1_UN1_GORDna_VM1ij_VM2ji_BIAS_True_INLINE_True_COMPORDER_option_4_ap_fixed_16_5_,ok,0,103,2026-10-02 14:24:56
GEMM_config_M128_K128_N64_UM1_UK8_UN1_GORDna_VM1ij_VM2ji_BIAS_True_INLINE_True_COMPORDER_option_4_ap_fixed_16_5_,ok,0,147,2026-10-02 14:24:58
GEMM_config_M128_K128_N128_UM8_UK8_UN8_GORDna_VM1ji_VM2ij_BIAS_False_INLINE_True_COMPORDER_option_1_ap_fixed_16_5_,ok,0,179,2026-10-02 14:25:00
GEMM_config_M128_K128_N64_UM1_UK8_UN8_GORDna_VM1ij_VM2ji_BIAS_True_INLINE_True_COMPORDER_option_5_ap_fixed_16_5_,ok,0,130,2026-10-02 14:25:01
GEMM_config_M128_K128_N128_UM8_UK8_UN8_GORDna_VM1ji_VM2ij_BIAS_False_INLINE_True_COMPORDER_option_5_ap_fixed_16_5_,ok,0,181,2026-10-02 14:25:03
GEMM_config_M128_K128_N64_UM1_UK8_UN1_GORDna_VM1ji_VM2ij_BIAS_True_INLINE_True_COMPORDER_option_1_ap_fixed_16_5_,ok,0,145,2026-10-02 14:25:03
GEMM_config_M128_K128_N64_UM8_UK1_UN1_GORDna_VM1ji_VM2ij_BIAS_True_INLINE_True_COMPORDER_option_5_ap_fixed_16_5_,ok,0,103,2026-10-02 14:25:06
GEMM_config_M128_K128_N128_UM8_UK8_UN8_GORDna_VM1ij_VM2ji_BIAS_True_INLINE_True_COMPORDER_option_4_ap_fixed_16_5_,ok,0,186,2026-10-02 14:25:07
GEMM_config_M128_K128_N64_UM8_UK1_UN8_GORDna_VM1ij_VM2ji_BIAS_False_INLINE_True_COMPORDER_option_4_ap_fixed_16_5_,ok,0,102,2026-10-02 14:25:07
GEMM_config_M128_K128_N64_UM8_UK1_UN1_GORDna_VM1ij_VM2ji_BIAS_False_INLINE_True_COMPORDER_option_1_ap_fixed_16_5_,ok,0,128,2026-10-02 14:25:11
GEMM_config_M128_K128_N128_UM8_UK8_UN8_GORDna_VM1ji_VM2ij_BIAS_False_INLINE_True_COMPORDER_option_4_ap_fixed_16_5_,ok,0,190,2026-10-02 14:25:13
GEMM_config_M128_K128_N64_UM8_UK1_UN1_GORDna_VM1ij_VM2ji_BIAS_False_INLINE_True_COMPORDER_option_5_ap_fixed_16_5_,ok,0,128,2026-10-02 14:25:13
GEMM_config_M128_K128_N64_UM1_UK8_UN1_GORDna_VM1ji_VM2ij_BIAS_False_INLINE_True_COMPORDER_option_1_ap_fixed_16_5_,ok,0,158,2026-10-02 14:25:14
GEMM_config_M128_K128_N128_UM8_UK8_UN8_GORDna_VM1ji_VM2ij_BIAS_True_INLINE_True_COMPORDER_option_4_ap_fixed_16_5_,ok,0,189,2026-10-02 14:25:14
GEMM_config_M128_K128_N64_UM8_UK1_UN8_GORDna_VM1ji_VM2ij_BIAS_False_INLINE_True_COMPORDER_option_1_ap_fixed_16_5_,ok,0,102,2026-10-02 14:25:14
GEMM_config_M128_K128_N64_UM8_UK1_UN8_GORDna_VM1ji_VM2ij_BIAS_True_INLINE_True_COMPORDER_option_1_ap_fixed_16_5_,ok,0,101,2026-10-02 14:25:14
GEMM_config_M128_K128_N64_UM1_UK8_UN8_GORDna_VM1ij_VM2ji_BIAS_False_INLINE_True_COMPORDER_option_1_ap_fixed_16_5_,ok,0,155,2026-10-02 14:25:16
GEMM_config_M128_K128_N64_UM8_UK1_UN8_GORDna_VM1ij_VM2ji_BIAS_True_INLINE_True_COMPORDER_option_4_ap_fixed_16_5_,ok,0,107,2026-10-02 14:25:17
GEMM_config_M128_K128_N64_UM1_UK8_UN8_GORDna_VM1ji_VM2ij_BIAS_False_INLINE_True_COMPORDER_option_4_ap_fixed_16_5_,ok,0,143,2026-10-02 14:25:17
GEMM_config_M128_K128_N64_UM8_UK1_UN1_GORDna_VM1ij_VM2ji_BIAS_True_INLINE_True_COMPORDER_option_1_ap_fixed_16_5_,ok,0,126,2026-10-02 14:25:18
GEMM_config_M128_K128_N64_UM1_UK8_UN8_GORDna_VM1ij_VM2ji_BIAS_True_INLINE_True_COMPORDER_option_1_ap_fixed_16_5_,ok,0,153,2026-10-02 14:25:22
GEMM_config_M128_K128_N128_UM8_UK8_UN8_GORDna_VM1ji_VM2ij_BIAS_True_INLINE_True_COMPORDER_option_5_ap_fixed_16_5_,ok,0,199,2026-10-02 14:25:25
GEMM_config_M128_K128_N64_UM8_UK1_UN1_GORDna_VM1ji_VM2ij_BIAS_True_INLINE_True_COMPORDER_option_4_ap_fixed_16_5_,ok,0,126,2026-10-02 14:25:26
GEMM_config_M128_K128_N64_UM8_UK1_UN1_GORDna_VM1ji_VM2ij_BIAS_False_INLINE_True_COMPORDER_option_4_ap_fixed_16_5_,ok,0,131,2026-10-02 14:25:26
GEMM_config_M128_K128_N64_UM1_UK8_UN8_GORDna_VM1ij_VM2ji_BIAS_False_INLINE_True_COMPORDER_option_4_ap_fixed_16_5_,ok,0,165,2026-10-02 14:25:26
GEMM_config_M128_K128_N64_UM1_UK8_UN8_GORDna_VM1ji_VM2ij_BIAS_True_INLINE_True_COMPORDER_option_4_ap_fixed_16_5_,ok,0,151,2026-10-02 14:25:30
GEMM_config_M128_K128_N64_UM1_UK8_UN8_GORDna_VM1ij_VM2ji_BIAS_True_INLINE_True_COMPORDER_option_4_ap_fixed_16_5_,ok,0,161,2026-10-02 14:25:31
GEMM_config_M128_K128_N64_UM8_UK1_UN1_GORDna_VM1ij_VM2ji_BIAS_True_INLINE_True_COMPORDER_option_5_ap_fixed_16_5_,ok,0,137,2026-10-02 14:25:31
GEMM_config_M128_K128_N64_UM1_UK8_UN8_GORDna_VM1ji_VM2ij_BIAS_False_INLINE_True_COMPORDER_option_1_ap_fixed_16_5_,ok,0,160,2026-10-02 14:25:32
GEMM_config_M128_K128_N64_UM1_UK8_UN8_GORDna_VM1ji_VM2ij_BIAS_True_INLINE_True_COMPORDER_option_1_ap_fixed_16_5_,ok,0,156,2026-10-02 14:25:33
GEMM_config_M128_K128_N64_UM8_UK8_UN1_GORDna_VM1ij_VM2ji_BIAS_False_INLINE_True_COMPORDER_option_5_ap_fixed_16_5_,ok,0,127,2026-10-02 14:25:42
GEMM_config_M128_K64_N128_UM1_UK1_UN1_GORDna_VM1ij_VM2ji_BIAS_False_INLINE_True_COMPORDER_option_4_ap_fixed_16_5_,ok,0,82,2026-10-02 14:25:42
GEMM_config_M128_K128_N64_UM1_UK8_UN8_GORDna_VM1ji_VM2ij_BIAS_False_INLINE_True_COMPORDER_option_5_ap_fixed_16_5_,ok,0,169,2026-10-02 14:25:43
GEMM_config_M128_K64_N128_UM1_UK1_UN1_GORDna_VM1ij_VM2ji_BIAS_False_INLINE_True_COMPORDER_option_1_ap_fixed_16_5_,ok,0,90,2026-10-02 14:25:46
GEMM_config_M128_K128_N64_UM8_UK8_UN1_GORDna_VM1ij_VM2ji_BIAS_False_INLINE_True_COMPORDER_option_1_ap_fixed_16_5_,ok,0,133,2026-10-02 14:25:47
GEMM_config_M128_K128_N64_UM1_UK8_UN8_GORDna_VM1ji_VM2ij_BIAS_True_INLINE_True_COMPORDER_option_5_ap_fixed_16_5_,ok,0,168,2026-10-02 14:25:47
GEMM_config_M128_K64_N128_UM1_UK1_UN1_GORDna_VM1ij_VM2ji_BIAS_True_INLINE_True_COMPORDER_option_4_ap_fixed_16_5_,ok,0,80,2026-10-02 14:25:52
GEMM_config_M128_K64_N128_UM1_UK1_UN1_GORDna_VM1ij_VM2ji_BIAS_False_INLINE_True_COMPORDER_option_5_ap_fixed_16_5_,ok,0,86,2026-10-02 14:25:54
GEMM_config_M128_K128_N64_UM8_UK8_UN1_GORDna_VM1ji_VM2ij_BIAS_True_INLINE_True_COMPORDER_option_5_ap_fixed_16_5_,ok,0,124,2026-10-02 14:25:54
GEMM_config_M128_K128_N64_UM8_UK8_UN1_GORDna_VM1ji_VM2ij_BIAS_False_INLINE_True_COMPORDER_option_5_ap_fixed_16_5_,ok,0,133,2026-10-02 14:25:55
GEMM_config_M128_K64_N128_UM1_UK1_UN1_GORDna_VM1ij_VM2ji_BIAS_True_INLINE_True_COMPORDER_option_1_ap_fixed_16_5_,ok,0,87,2026-10-02 14:25:56
GEMM_config_M128_K128_N64_UM8_UK8_UN1_GORDna_VM1ij_VM2ji_BIAS_True_INLINE_True_COMPORDER_option_5_ap_fixed_16_5_,ok,0,138,2026-10-02 14:25:58
GEMM_config_M128_K128_N64_UM8_UK8_UN1_GORDna_VM1ij_VM2ji_BIAS_True_INLINE_True_COMPORDER_option_1_ap_fixed_16_5_,ok,0,141,2026-10-02 14:25:58
GEMM_config_M128_K128_N64_UM8_UK1_UN8_GORDna_VM1ji_VM2ij_BIAS_False_INLINE_True_COMPORDER_option_5_ap_fixed_16_5_,ok,0,147,2026-10-02 14:25:59
GEMM_config_M128_K128_N64_UM8_UK1_UN8_GORDna_VM1ij_VM2ji_BIAS_True_INLINE_True_COMPORDER_option_1_ap_fixed_16_5_,ok,0,151,2026-10-02 14:26:00
GEMM_config_M128_K128_N64_UM8_UK1_UN8_GORDna_VM1ji_VM2ij_BIAS_True_INLINE_True_COMPORDER_option_5_ap_fixed_16_5_,ok,0,150,2026-10-02 14:26:03
GEMM_config_M128_K128_N64_UM8_UK1_UN8_GORDna_VM1ij_VM2ji_BIAS_False_INLINE_True_COMPORDER_option_1_ap_fixed_16_5_,ok,0,161,2026-10-02 14:26:06
GEMM_config_M128_K128_N64_UM8_UK8_UN1_GORDna_VM1ji_VM2ij_BIAS_False_INLINE_True_COMPORDER_option_4_ap_fixed_16_5_,ok,0,148,2026-10-02 14:26:07
GEMM_config_M128_K128_N64_UM8_UK1_UN8_GORDna_VM1ji_VM2ij_BIAS_True_INLINE_True_COMPORDER_option_4_ap_fixed_16_5_,ok,0,155,2026-10-02 14:26:08
GEMM_config_M128_K64_N128_UM1_UK1_UN1_GORDna_VM1ji_VM2ij_BIAS_True_INLINE_True_COMPORDER_option_4_ap_fixed_16_5_,ok,0,79,2026-10-02 14:26:09
GEMM_config_M128_K64_N128_UM1_UK1_UN1_GORDna_VM1ij_VM2ji_BIAS_True_INLINE_True_COMPORDER_option_5_ap_fixed_16_5_,ok,0,94,2026-10-02 14:26:11
GEMM_config_M128_K64_N128_UM1_UK1_UN1_GORDna_VM1ji_VM2ij_BIAS_False_INLINE_True_COMPORDER_option_4_ap_fixed_16_5_,ok,0,87,2026-10-02 14:26:13
GEMM_config_M128_K64_N128_UM1_UK1_UN1_GORDna_VM1ji_VM2ij_BIAS_False_INLINE_True_COMPORDER_option_1_ap_fixed_16_5_,ok,0,92,2026-10-02 14:26:13
GEMM_config_M128_K64_N128_UM1_UK1_UN1_GORDna_VM1ji_VM2ij_BIAS_True_INLINE_True_COMPORDER_option_1_ap_fixed_16_5_,ok,0,88,2026-10-02 14:26:16
GEMM_config_M128_K128_N64_UM8_UK8_UN1_GORDna_VM1ji_VM2ij_BIAS_True_INLINE_True_COMPORDER_option_4_ap_fixed_16_5_,ok,0,150,2026-10-02 14:26:17
GEMM_config_M128_K64_N128_UM1_UK1_UN1_GORDna_VM1ji_VM2ij_BIAS_False_INLINE_True_COMPORDER_option_5_ap_fixed_16_5_,ok,0,90,2026-10-02 14:26:17
GEMM_config_M128_K128_N64_UM8_UK1_UN8_GORDna_VM1ji_VM2ij_BIAS_False_INLINE_True_COMPORDER_option_4_ap_fixed_16_5_,ok,0,166,2026-10-02 14:26:18
GEMM_config_M128_K64_N128_UM1_UK1_UN1_GORDna_VM1ji_VM2ij_BIAS_True_INLINE_True_COMPORDER_option_5_ap_fixed_16_5_,ok,0,91,2026-10-02 14:26:24
GEMM_config_M128_K128_N64_UM8_UK1_UN8_GORDna_VM1ij_VM2ji_BIAS_False_INLINE_True_COMPORDER_option_5_ap_fixed_16_5_,ok,0,179,2026-10-02 14:26:26
GEMM_config_M128_K128_N64_UM8_UK1_UN8_GORDna_VM1ij_VM2ji_BIAS_True_INLINE_True_COMPORDER_option_5_ap_fixed_16_5_,ok,0,177,2026-10-02 14:26:28
GEMM_config_M128_K128_N64_UM8_UK8_UN1_GORDna_VM1ji_VM2ij_BIAS_False_INLINE_True_COMPORDER_option_1_ap_fixed_16_5_,ok,0,171,2026-10-02 14:26:30
GEMM_config_M128_K64_N128_UM1_UK1_UN8_GORDna_VM1ij_VM2ji_BIAS_False_INLINE_True_COMPORDER_option_4_ap_fixed_16_5_,ok,0,96,2026-10-02 14:26:31
GEMM_config_M128_K64_N128_UM1_UK1_UN8_GORDna_VM1ji_VM2ij_BIAS_False_INLINE_True_COMPORDER_option_1_ap_fixed_16_5_,ok,0,95,2026-10-02 14:26:35
GEMM_config_M128_K128_N64_UM8_UK8_UN1_GORDna_VM1ij_VM2ji_BIAS_True_INLINE_True_COMPORDER_option_4_ap_fixed_16_5_,ok,0,179,2026-10-02 14:26:37
GEMM_config_M128_K64_N128_UM1_UK8_UN1_GORDna_VM1ij_VM2ji_BIAS_False_INLINE_True_COMPORDER_option_4_ap_fixed_16_5_,ok,0,88,2026-10-02 14:26:39
GEMM_config_M128_K128_N64_UM8_UK8_UN1_GORDna_VM1ij_VM2ji_BIAS_False_INLINE_True_COMPORDER_option_4_ap_fixed_16_5_,ok,0,185,2026-10-02 14:26:39
GEMM_config_M128_K64_N128_UM1_UK8_UN1_GORDna_VM1ji_VM2ij_BIAS_False_INLINE_True_COMPORDER_option_4_ap_fixed_16_5_,ok,0,87,2026-10-02 14:26:40
GEMM_config_M128_K64_N128_UM1_UK8_UN1_GORDna_VM1ij_VM2ji_BIAS_True_INLINE_True_COMPORDER_option_4_ap_fixed_16_5_,ok,0,87,2026-10-02 14:26:41
GEMM_config_M128_K64_N128_UM1_UK8_UN1_GORDna_VM1ij_VM2ji_BIAS_False_INLINE_True_COMPORDER_option_5_ap_fixed_16_5_,ok,0,89,2026-10-02 14:26:41
GEMM_config_M128_K128_N64_UM8_UK8_UN1_GORDna_VM1ji_VM2ij_BIAS_True_INLINE_True_COMPORDER_option_1_ap_fixed_16_5_,ok,0,175,2026-10-02 14:26:42
GEMM_config_M128_K64_N128_UM1_UK1_UN8_GORDna_VM1ij_VM2ji_BIAS_True_INLINE_True_COMPORDER_option_4_ap_fixed_16_5_,ok,0,106,2026-10-02 14:26:42
GEMM_config_M128_K64_N128_UM1_UK8_UN1_GORDna_VM1ij_VM2ji_BIAS_False_INLINE_True_COMPORDER_option_1_ap_fixed_16_5_,ok,0,95,2026-10-02 14:26:42
GEMM_config_M128_K64_N128_UM1_UK1_UN8_GORDna_VM1ji_VM2ij_BIAS_True_INLINE_True_COMPORDER_option_1_ap_fixed_16_5_,ok,0,100,2026-10-02 14:26:43
GEMM_config_M128_K64_N128_UM1_UK8_UN1_GORDna_VM1ji_VM2ij_BIAS_True_INLINE_True_COMPORDER_option_4_ap_fixed_16_5_,ok,0,89,2026-10-02 14:26:46
GEMM_config_M128_K64_N128_UM1_UK8_UN1_GORDna_VM1ij_VM2ji_BIAS_True_INLINE_True_COMPORDER_option_5_ap_fixed_16_5_,ok,0,93,2026-10-02 14:26:47
GEMM_config_M128_K64_N128_UM1_UK8_UN1_GORDna_VM1ij_VM2ji_BIAS_True_INLINE_True_COMPORDER_option_1_ap_fixed_16_5_,ok,0,98,2026-10-02 14:26:51
GEMM_config_M128_K64_N128_UM1_UK1_UN8_GORDna_VM1ij_VM2ji_BIAS_False_INLINE_True_COMPORDER_option_5_ap_fixed_16_5_,ok,0,120,2026-10-02 14:26:55
GEMM_config_M128_K64_N128_UM1_UK1_UN8_GORDna_VM1ij_VM2ji_BIAS_False_INLINE_True_COMPORDER_option_1_ap_fixed_16_5_,ok,0,124,2026-10-02 14:26:57
GEMM_config_M128_K64_N128_UM1_UK1_UN8_GORDna_VM1ij_VM2ji_BIAS_True_INLINE_True_COMPORDER_option_5_ap_fixed_16_5_,ok,0,124,2026-10-02 14:27:02
GEMM_config_M128_K128_N64_UM8_UK8_UN8_GORDna_VM1ij_VM2ji_BIAS_True_INLINE_True_COMPORDER_option_1_ap_fixed_16_5_,ok,0,180,2026-10-02 14:27:02
GEMM_config_M128_K128_N64_UM8_UK8_UN8_GORDna_VM1ij_VM2ji_BIAS_False_INLINE_True_COMPORDER_option_5_ap_fixed_16_5_,ok,0,183,2026-10-02 14:27:04
GEMM_config_M128_K64_N128_UM1_UK1_UN8_GORDna_VM1ij_VM2ji_BIAS_True_INLINE_True_COMPORDER_option_1_ap_fixed_16_5_,ok,0,130,2026-10-02 14:27:05
GEMM_config_M128_K128_N64_UM8_UK8_UN8_GORDna_VM1ij_VM2ji_BIAS_True_INLINE_True_COMPORDER_option_5_ap_fixed_16_5_,ok,0,181,2026-10-02 14:27:06
GEMM_config_M128_K64_N128_UM1_UK1_UN8_GORDna_VM1ji_VM2ij_BIAS_True_INLINE_True_COMPORDER_option_5_ap_fixed_16_5_,ok,0,120,2026-10-02 14:27:07
GEMM_config_M128_K64_N128_UM1_UK1_UN8_GORDna_VM1ji_VM2ij_BIAS_False_INLINE_True_COMPORDER_option_5_ap_fixed_16_5_,ok,0,124,2026-10-02 14:27:07
GEMM_config_M128_K128_N64_UM8_UK8_UN8_GORDna_VM1ij_VM2ji_BIAS_False_INLINE_True_COMPORDER_option_1_ap_fixed_16_5_,ok,0,199,2026-10-02 14:27:09
GEMM_config_M128_K128_N64_UM8_UK8_UN8_GORDna_VM1ji_VM2ij_BIAS_False_INLINE_True_COMPORDER_option_1_ap_fixed_16_5_,ok,0,187,2026-10-02 14:27:12
GEMM_config_M128_K64_N128_UM1_UK1_UN8_GORDna_VM1ji_VM2ij_BIAS_True_INLINE_True_COMPORDER_option_4_ap_fixed_16_5_,ok,0,128,2026-10-02 14:27:14
GEMM_config_M128_K128_N64_UM8_UK8_UN8_GORDna_VM1ji_VM2ij_BIAS_False_INLINE_True_COMPORDER_option_4_ap_fixed_16_5_,ok,0,187,2026-10-02 14:27:17
GEMM_config_M128_K64_N128_UM1_UK1_UN8_GORDna_VM1ji_VM2ij_BIAS_False_INLINE_True_COMPORDER_option_4_ap_fixed_16_5_,ok,0,137,2026-10-02 14:27:17
GEMM_config_M128_K64_N128_UM1_UK8_UN1_GORDna_VM1ji_VM2ij_BIAS_False_INLINE_True_COMPORDER_option_5_ap_fixed_16_5_,ok,0,123,2026-10-02 14:27:20
GEMM_config_M128_K64_N128_UM1_UK8_UN1_GORDna_VM1ji_VM2ij_BIAS_True_INLINE_True_COMPORDER_option_5_ap_fixed_16_5_,ok,0,122,2026-10-02 14:27:20
GEMM_config_M128_K128_N64_UM8_UK8_UN8_GORDna_VM1ij_VM2ji_BIAS_True_INLINE_True_COMPORDER_option_4_ap_fixed_16_5_,ok,0,197,2026-10-02 14:27:20
GEMM_config_M128_K128_N64_UM8_UK8_UN8_GORDna_VM1ji_VM2ij_BIAS_False_INLINE_True_COMPORDER_option_5_ap_fixed_16_5_,ok,0,191,2026-10-02 14:27:21
GEMM_config_M128_K128_N64_UM8_UK8_UN8_GORDna_VM1ij_VM2ji_BIAS_False_INLINE_True_COMPORDER_option_4_ap_fixed_16_5_,ok,0,205,2026-10-02 14:27:23
GEMM_config_M128_K128_N64_UM8_UK8_UN8_GORDna_VM1ji_VM2ij_BIAS_True_INLINE_True_COMPORDER_option_1_ap_fixed_16_5_,ok,0,191,2026-10-02 14:27:24
GEMM_config_M128_K64_N128_UM8_UK1_UN1_GORDna_VM1ji_VM2ij_BIAS_False_INLINE_True_COMPORDER_option_1_ap_fixed_16_5_,ok,0,90,2026-10-02 14:27:25
GEMM_config_M128_K128_N64_UM8_UK8_UN8_GORDna_VM1ji_VM2ij_BIAS_True_INLINE_True_COMPORDER_option_4_ap_fixed_16_5_,ok,0,192,2026-10-02 14:27:25
GEMM_config_M128_K64_N128_UM8_UK1_UN1_GORDna_VM1ij_VM2ji_BIAS_False_INLINE_True_COMPORDER_option_4_ap_fixed_16_5_,ok,0,100,2026-10-02 14:27:25
GEMM_config_M128_K64_N128_UM8_UK1_UN1_GORDna_VM1ij_VM2ji_BIAS_True_INLINE_True_COMPORDER_option_4_ap_fixed_16_5_,ok,0,98,2026-10-02 14:27:31
GEMM_config_M128_K64_N128_UM8_UK1_UN1_GORDna_VM1ji_VM2ij_BIAS_False_INLINE_True_COMPORDER_option_5_ap_fixed_16_5_,ok,0,97,2026-10-02 14:27:33
GEMM_config_M128_K64_N128_UM8_UK1_UN1_GORDna_VM1ji_VM2ij_BIAS_True_INLINE_True_COMPORDER_option_1_ap_fixed_16_5_,ok,0,95,2026-10-02 14:27:33
GEMM_config_M128_K64_N128_UM8_UK1_UN1_GORDna_VM1ji_VM2ij_BIAS_True_INLINE_True_COMPORDER_option_5_ap_fixed_16_5_,ok,0,94,2026-10-02 14:27:33
GEMM_config_M128_K64_N128_UM1_UK8_UN8_GORDna_VM1ij_VM2ji_BIAS_False_INLINE_True_COMPORDER_option_5_ap_fixed_16_5_,ok,0,128,2026-10-02 14:27:34
GEMM_config_M128_K64_N128_UM8_UK1_UN1_GORDna_VM1ij_VM2ji_BIAS_False_INLINE_True_COMPORDER_option_1_ap_fixed_16_5_,ok,0,115,2026-10-02 14:27:38
GEMM_config_M128_K128_N64_UM8_UK8_UN8_GORDna_VM1ji_VM2ij_BIAS_True_INLINE_True_COMPORDER_option_5_ap_fixed_16_5_,ok,0,206,2026-10-02 14:27:40
GEMM_config_M128_K64_N128_UM1_UK8_UN1_GORDna_VM1ji_VM2ij_BIAS_False_INLINE_True_COMPORDER_option_1_ap_fixed_16_5_,ok,0,147,2026-10-02 14:27:41
GEMM_config_M128_K64_N128_UM8_UK1_UN8_GORDna_VM1ji_VM2ij_BIAS_False_INLINE_True_COMPORDER_option_1_ap_fixed_16_5_,ok,0,93,2026-10-02 14:27:45
GEMM_config_M128_K64_N128_UM8_UK1_UN1_GORDna_VM1ij_VM2ji_BIAS_True_INLINE_True_COMPORDER_option_1_ap_fixed_16_5_,ok,0,119,2026-10-02 14:27:46
GEMM_config_M128_K64_N128_UM8_UK1_UN8_GORDna_VM1ij_VM2ji_BIAS_True_INLINE_True_COMPORDER_option_4_ap_fixed_16_5_,ok,0,99,2026-10-02 14:27:47
GEMM_config_M128_K64_N128_UM1_UK8_UN8_GORDna_VM1ij_VM2ji_BIAS_True_INLINE_True_COMPORDER_option_5_ap_fixed_16_5_,ok,0,140,2026-10-02 14:27:49
GEMM_config_M128_K64_N128_UM8_UK1_UN8_GORDna_VM1ij_VM2ji_BIAS_False_INLINE_True_COMPORDER_option_4_ap_fixed_16_5_,ok,0,107,2026-10-02 14:27:50
GEMM_config_M128_K64_N128_UM1_UK8_UN8_GORDna_VM1ij_VM2ji_BIAS_True_INLINE_True_COMPORDER_option_1_ap_fixed_16_5_,ok,0,144,2026-10-02 14:27:50
GEMM_config_M128_K64_N128_UM1_UK8_UN8_GORDna_VM1ij_VM2ji_BIAS_False_INLINE_True_COMPORDER_option_1_ap_fixed_16_5_,ok,0,149,2026-10-02 14:27:51
GEMM_config_M128_K64_N128_UM1_UK8_UN1_GORDna_VM1ji_VM2ij_BIAS_True_INLINE_True_COMPORDER_option_1_ap_fixed_16_5_,ok,0,155,2026-10-02 14:27:52
GEMM_config_M128_K64_N128_UM8_UK1_UN1_GORDna_VM1ij_VM2ji_BIAS_False_INLINE_True_COMPORDER_option_5_ap_fixed_16_5_,ok,0,126,2026-10-02 14:27:53
GEMM_config_M128_K64_N128_UM8_UK1_UN8_GORDna_VM1ji_VM2ij_BIAS_True_INLINE_True_COMPORDER_option_1_ap_fixed_16_5_,ok,0,99,2026-10-02 14:27:56
GEMM_config_M128_K64_N128_UM8_UK1_UN1_GORDna_VM1ij_VM2ji_BIAS_True_INLINE_True_COMPORDER_option_5_ap_fixed_16_5_,ok,0,122,2026-10-02 14:27:56
GEMM_config_M128_K64_N128_UM8_UK1_UN1_GORDna_VM1ji_VM2ij_BIAS_True_INLINE_True_COMPORDER_option_4_ap_fixed_16_5_,ok,0,119,2026-10-02 14:27:58
GEMM_config_M128_K64_N128_UM1_UK8_UN8_GORDna_VM1ji_VM2ij_BIAS_False_INLINE_True_COMPORDER_option_4_ap_fixed_16_5_,ok,0,149,2026-10-02 14:28:00
GEMM_config_M128_K64_N128_UM8_UK1_UN1_GORDna_VM1ji_VM2ij_BIAS_False_INLINE_True_COMPORDER_option_4_ap_fixed_16_5_,ok,0,128,2026-10-02 14:28:04
GEMM_config_M128_K64_N128_UM1_UK8_UN8_GORDna_VM1ji_VM2ij_BIAS_True_INLINE_True_COMPORDER_option_1_ap_fixed_16_5_,ok,0,157,2026-10-02 14:28:11
GEMM_config_M128_K64_N128_UM1_UK8_UN8_GORDna_VM1ij_VM2ji_BIAS_True_INLINE_True_COMPORDER_option_4_ap_fixed_16_5_,ok,0,164,2026-10-02 14:28:11
GEMM_config_M128_K64_N128_UM1_UK8_UN8_GORDna_VM1ji_VM2ij_BIAS_True_INLINE_True_COMPORDER_option_4_ap_fixed_16_5_,ok,0,153,2026-10-02 14:28:16
GEMM_config_M128_K64_N128_UM1_UK8_UN8_GORDna_VM1ij_VM2ji_BIAS_False_INLINE_True_COMPORDER_option_4_ap_fixed_16_5_,ok,0,171,2026-10-02 14:28:16
GEMM_config_M128_K64_N128_UM8_UK8_UN1_GORDna_VM1ij_VM2ji_BIAS_False_INLINE_True_COMPORDER_option_1_ap_fixed_16_5_,ok,0,125,2026-10-02 14:28:22
GEMM_config_M128_K64_N128_UM1_UK8_UN8_GORDna_VM1ji_VM2ij_BIAS_False_INLINE_True_COMPORDER_option_5_ap_fixed_16_5_,ok,0,175,2026-10-02 14:28:26
GEMM_config_M128_K64_N128_UM1_UK8_UN8_GORDna_VM1ji_VM2ij_BIAS_False_INLINE_True_COMPORDER_option_1_ap_fixed_16_5_,ok,0,176,2026-10-02 14:28:27
GEMM_config_M128_K64_N128_UM8_UK8_UN1_GORDna_VM1ij_VM2ji_BIAS_False_INLINE_True_COMPORDER_option_5_ap_fixed_16_5_,ok,0,123,2026-10-02 14:28:29
GEMM_config_M128_K64_N128_UM8_UK1_UN8_GORDna_VM1ij_VM2ji_BIAS_False_INLINE_True_COMPORDER_option_1_ap_fixed_16_5_,ok,0,149,2026-10-02 14:28:30
GEMM_config_M128_K64_N64_UM1_UK1_UN1_GORDna_VM1ij_VM2ji_BIAS_False_INLINE_True_COMPORDER_option_1_ap_fixed_16_5_,ok,0,87,2026-10-02 14:28:31
GEMM_config_M128_K64_N64_UM1_UK1_UN1_GORDna_VM1ij_VM2ji_BIAS_False_INLINE_True_COMPORDER_option_4_ap_fixed_16_5_,ok,0,90,2026-10-02 14:28:35
GEMM_config_M128_K64_N128_UM8_UK8_UN1_GORDna_VM1ji_VM2ij_BIAS_False_INLINE_True_COMPORDER_option_5_ap_fixed_16_5_,ok,0,118,2026-10-02 14:28:37
GEMM_config_M128_K64_N64_UM1_UK1_UN1_GORDna_VM1ij_VM2ji_BIAS_True_INLINE_True_COMPORDER_option_5_ap_fixed_16_5_,ok,0,88,2026-10-02 14:28:37
GEMM_config_M128_K64_N64_UM1_UK1_UN1_GORDna_VM1ij_VM2ji_BIAS_True_INLINE_True_COMPORDER_option_4_ap_fixed_16_5_,ok,0,91,2026-10-02 14:28:38
GEMM_config_M128_K64_N64_UM1_UK1_UN1_GORDna_VM1ij_VM2ji_BIAS_False_INLINE_True_COMPORDER_option_5_ap_fixed_16_5_,ok,0,92,2026-10-02 14:28:38
GEMM_config_M128_K64_N64_UM1_UK1_UN1_GORDna_VM1ij_VM2ji_BIAS_True_INLINE_True_COMPORDER_option_1_ap_fixed_16_5_,ok,0,94,2026-10-02 14:28:40
GEMM_config_M128_K64_N128_UM8_UK8_UN1_GORDna_VM1ij_VM2ji_BIAS_True_INLINE_True_COMPORDER_option_1_ap_fixed_16_5_,ok,0,133,2026-10-02 14:28:40
GEMM_config_M128_K64_N128_UM8_UK1_UN8_GORDna_VM1ji_VM2ij_BIAS_True_INLINE_True_COMPORDER_option_5_ap_fixed_16_5_,ok,0,143,2026-10-02 14:28:41
GEMM_config_M128_K64_N128_UM8_UK1_UN8_GORDna_VM1ji_VM2ij_BIAS_False_INLINE_True_COMPORDER_option_5_ap_fixed_16_5_,ok,0,148,2026-10-02 14:28:41
GEMM_config_M128_K64_N128_UM1_UK8_UN8_GORDna_VM1ji_VM2ij_BIAS_True_INLINE_True_COMPORDER_option_5_ap_fixed_16_5_,ok,0,179,2026-10-02 14:28:42
GEMM_config_M128_K64_N128_UM8_UK8_UN1_GORDna_VM1ij_VM2ji_BIAS_True_INLINE_True_COMPORDER_option_5_ap_fixed_16_5_,ok,0,131,2026-10-02 14:28:42
GEMM_config_M128_K64_N64_UM1_UK1_UN1_GORDna_VM1ji_VM2ij_BIAS_False_INLINE_True_COMPORDER_option_1_ap_fixed_16_5_,ok,0,92,2026-10-02 14:28:44
GEMM_config_M128_K64_N64_UM1_UK1_UN1_GORDna_VM1ji_VM2ij_BIAS_False_INLINE_True_COMPORDER_option_4_ap_fixed_16_5_,ok,0,91,2026-10-02 14:28:44
GEMM_config_M128_K64_N128_UM8_UK8_UN1_GORDna_VM1ji_VM2ij_BIAS_True_INLINE_True_COMPORDER_option_5_ap_fixed_16_5_,ok,0,124,2026-10-02 14:28:45
GEMM_config_M128_K64_N128_UM8_UK1_UN8_GORDna_VM1ij_VM2ji_BIAS_True_INLINE_True_COMPORDER_option_1_ap_fixed_16_5_,ok,0,158,2026-10-02 14:28:45
GEMM_config_M128_K64_N64_UM1_UK1_UN1_GORDna_VM1ji_VM2ij_BIAS_False_INLINE_True_COMPORDER_option_5_ap_fixed_16_5_,ok,0,89,2026-10-02 14:28:46
GEMM_config_M128_K64_N64_UM1_UK1_UN1_GORDna_VM1ji_VM2ij_BIAS_True_INLINE_True_COMPORDER_option_1_ap_fixed_16_5_,ok,0,90,2026-10-02 14:28:47
GEMM_config_M128_K64_N64_UM1_UK1_UN1_GORDna_VM1ji_VM2ij_BIAS_True_INLINE_True_COMPORDER_option_4_ap_fixed_16_5_,ok,0,88,2026-10-02 14:28:48
GEMM_config_M128_K64_N128_UM8_UK1_UN8_GORDna_VM1ij_VM2ji_BIAS_True_INLINE_True_COMPORDER_option_5_ap_fixed_16_5_,ok,0,163,2026-10-02 14:28:52
GEMM_config_M128_K64_N64_UM1_UK1_UN1_GORDna_VM1ji_VM2ij_BIAS_True_INLINE_True_COMPORDER_option_5_ap_fixed_16_5_,ok,0,93,2026-10-02 14:28:53
GEMM_config_M128_K64_N128_UM8_UK1_UN8_GORDna_VM1ij_VM2ji_BIAS_False_INLINE_True_COMPORDER_option_5_ap_fixed_16_5_,ok,0,169,2026-10-02 14:28:55
GEMM_config_M128_K64_N64_UM1_UK1_UN8_GORDna_VM1ij_VM2ji_BIAS_True_INLINE_True_COMPORDER_option_4_ap_fixed_16_5_,ok,0,90,2026-10-02 14:28:55
GEMM_config_M128_K64_N128_UM8_UK1_UN8_GORDna_VM1ji_VM2ij_BIAS_False_INLINE_True_COMPORDER_option_4_ap_fixed_16_5_,ok,0,162,2026-10-02 14:28:55
GEMM_config_M128_K64_N64_UM1_UK1_UN8_GORDna_VM1ij_VM2ji_BIAS_False_INLINE_True_COMPORDER_option_4_ap_fixed_16_5_,ok,0,96,2026-10-02 14:28:57
GEMM_config_M128_K64_N64_UM1_UK1_UN8_GORDna_VM1ji_VM2ij_BIAS_False_INLINE_True_COMPORDER_option_1_ap_fixed_16_5_,ok,0,94,2026-10-02 14:28:59
GEMM_config_M128_K64_N128_UM8_UK8_UN1_GORDna_VM1ji_VM2ij_BIAS_False_INLINE_True_COMPORDER_option_4_ap_fixed_16_5_,ok,0,142,2026-10-02 14:28:59
GEMM_config_M128_K64_N128_UM8_UK1_UN8_GORDna_VM1ji_VM2ij_BIAS_True_INLINE_True_COMPORDER_option_4_ap_fixed_16_5_,ok,0,165,2026-10-02 14:29:02
GEMM_config_M128_K64_N128_UM8_UK8_UN1_GORDna_VM1ji_VM2ij_BIAS_True_INLINE_True_COMPORDER_option_4_ap_fixed_16_5_,ok,0,142,2026-10-02 14:29:02
GEMM_config_M128_K64_N64_UM1_UK1_UN8_GORDna_VM1ji_VM2ij_BIAS_True_INLINE_True_COMPORDER_option_1_ap_fixed_16_5_,ok,0,90,2026-10-02 14:29:03
GEMM_config_M128_K64_N64_UM1_UK8_UN1_GORDna_VM1ij_VM2ji_BIAS_False_INLINE_True_COMPORDER_option_5_ap_fixed_16_5_,ok,0,89,2026-10-02 14:29:09
GEMM_config_M128_K64_N64_UM1_UK8_UN1_GORDna_VM1ij_VM2ji_BIAS_False_INLINE_True_COMPORDER_option_1_ap_fixed_16_5_,ok,0,92,2026-10-02 14:29:10
GEMM_config_M128_K64_N128_UM8_UK8_UN1_GORDna_VM1ji_VM2ij_BIAS_False_INLINE_True_COMPORDER_option_1_ap_fixed_16_5_,ok,0,159,2026-10-02 14:29:15
GEMM_config_M128_K64_N64_UM1_UK8_UN1_GORDna_VM1ij_VM2ji_BIAS_True_INLINE_True_COMPORDER_option_1_ap_fixed_16_5_,ok,0,91,2026-10-02 14:29:16
GEMM_config_M128_K64_N64_UM1_UK8_UN1_GORDna_VM1ij_VM2ji_BIAS_True_INLINE_True_COMPORDER_option_5_ap_fixed_16_5_,ok,0,89,2026-10-02 14:29:16
GEMM_config_M128_K64_N128_UM8_UK8_UN1_GORDna_VM1ij_VM2ji_BIAS_False_INLINE_True_COMPORDER_option_4_ap_fixed_16_5_,ok,0,173,2026-10-02 14:29:17
GEMM_config_M128_K64_N64_UM1_UK8_UN1_GORDna_VM1ji_VM2ij_BIAS_False_INLINE_True_COMPORDER_option_4_ap_fixed_16_5_,ok,0,89,2026-10-02 14:29:20
GEMM_config_M128_K64_N64_UM1_UK1_UN8_GORDna_VM1ij_VM2ji_BIAS_True_INLINE_True_COMPORDER_option_5_ap_fixed_16_5_,ok,0,115,2026-10-02 14:29:20
GEMM_config_M128_K64_N64_UM1_UK1_UN8_GORDna_VM1ij_VM2ji_BIAS_False_INLINE_True_COMPORDER_option_1_ap_fixed_16_5_,ok,0,125,2026-10-02 14:29:24
GEMM_config_M128_K64_N64_UM1_UK1_UN8_GORDna_VM1ij_VM2ji_BIAS_True_INLINE_True_COMPORDER_option_1_ap_fixed_16_5_,ok,0,122,2026-10-02 14:29:25
GEMM_config_M128_K64_N64_UM1_UK8_UN1_GORDna_VM1ji_VM2ij_BIAS_True_INLINE_True_COMPORDER_option_4_ap_fixed_16_5_,ok,0,94,2026-10-02 14:29:26
GEMM_config_M128_K64_N64_UM1_UK1_UN8_GORDna_VM1ij_VM2ji_BIAS_False_INLINE_True_COMPORDER_option_5_ap_fixed_16_5_,ok,0,124,2026-10-02 14:29:27
GEMM_config_M128_K64_N128_UM8_UK8_UN8_GORDna_VM1ij_VM2ji_BIAS_False_INLINE_True_COMPORDER_option_5_ap_fixed_16_5_,ok,0,167,2026-10-02 14:29:29
GEMM_config_M128_K64_N128_UM8_UK8_UN1_GORDna_VM1ji_VM2ij_BIAS_True_INLINE_True_COMPORDER_option_1_ap_fixed_16_5_,ok,0,172,2026-10-02 14:29:32
GEMM_config_M128_K64_N128_UM8_UK8_UN1_GORDna_VM1ij_VM2ji_BIAS_True_INLINE_True_COMPORDER_option_4_ap_fixed_16_5_,ok,0,181,2026-10-02 14:29:32
GEMM_config_M128_K64_N64_UM1_UK1_UN8_GORDna_VM1ji_VM2ij_BIAS_False_INLINE_True_COMPORDER_option_5_ap_fixed_16_5_,ok,0,119,2026-10-02 14:29:32
GEMM_config_M128_K64_N64_UM1_UK1_UN8_GORDna_VM1ji_VM2ij_BIAS_False_INLINE_True_COMPORDER_option_4_ap_fixed_16_5_,ok,0,123,2026-10-02 14:29:34
GEMM_config_M128_K64_N128_UM8_UK8_UN8_GORDna_VM1ij_VM2ji_BIAS_True_INLINE_True_COMPORDER_option_5_ap_fixed_16_5_,ok,0,168,2026-10-02 14:29:34
GEMM_config_M128_K64_N64_UM1_UK1_UN8_GORDna_VM1ji_VM2ij_BIAS_True_INLINE_True_COMPORDER_option_5_ap_fixed_16_5_,ok,0,125,2026-10-02 14:29:38
GEMM_config_M128_K64_N64_UM1_UK1_UN8_GORDna_VM1ji_VM2ij_BIAS_True_INLINE_True_COMPORDER_option_4_ap_fixed_16_5_,ok,0,127,2026-10-02 14:29:40
GEMM_config_M128_K64_N128_UM8_UK8_UN8_GORDna_VM1ji_VM2ij_BIAS_False_INLINE_True_COMPORDER_option_1_ap_fixed_16_5_,ok,0,176,2026-10-02 14:29:43
GEMM_config_M128_K64_N128_UM8_UK8_UN8_GORDna_VM1ij_VM2ji_BIAS_True_INLINE_True_COMPORDER_option_4_ap_fixed_16_5_,ok,0,180,2026-10-02 14:29:44
GEMM_config_M128_K64_N128_UM8_UK8_UN8_GORDna_VM1ij_VM2ji_BIAS_False_INLINE_True_COMPORDER_option_4_ap_fixed_16_5_,ok,0,182,2026-10-02 14:29:44
GEMM_config_M128_K64_N128_UM8_UK8_UN8_GORDna_VM1ij_VM2ji_BIAS_False_INLINE_True_COMPORDER_option_1_ap_fixed_16_5_,ok,0,184,2026-10-02 14:29:45
GEMM_config_M128_K64_N64_UM1_UK8_UN1_GORDna_VM1ji_VM2ij_BIAS_False_INLINE_True_COMPORDER_option_5_ap_fixed_16_5_,ok,0,116,2026-10-02 14:29:46
GEMM_config_M128_K64_N128_UM8_UK8_UN8_GORDna_VM1ij_VM2ji_BIAS_True_INLINE_True_COMPORDER_option_1_ap_fixed_16_5_,ok,0,185,2026-10-02 14:29:47
GEMM_config_M128_K64_N64_UM1_UK8_UN1_GORDna_VM1ji_VM2ij_BIAS_True_INLINE_True_COMPORDER_option_5_ap_fixed_16_5_,ok,0,119,2026-10-02 14:29:51
GEMM_config_M128_K64_N128_UM8_UK8_UN8_GORDna_VM1ji_VM2ij_BIAS_True_INLINE_True_COMPORDER_option_1_ap_fixed_16_5_,ok,0,175,2026-10-02 14:29:52
GEMM_config_M128_K64_N64_UM1_UK8_UN8_GORDna_VM1ij_VM2ji_BIAS_False_INLINE_True_COMPORDER_option_5_ap_fixed_16_5_,ok,0,125,2026-10-02 14:30:03
GEMM_config_M128_K64_N64_UM8_UK1_UN1_GORDna_VM1ij_VM2ji_BIAS_False_INLINE_True_COMPORDER_option_4_ap_fixed_16_5_,ok,0,93,2026-10-02 14:30:03
GEMM_config_M128_K64_N128_UM8_UK8_UN8_GORDna_VM1ji_VM2ij_BIAS_True_INLINE_True_COMPORDER_option_5_ap_fixed_16_5_,ok,0,185,2026-10-02 14:30:07
GEMM_config_M128_K64_N64_UM8_UK1_UN1_GORDna_VM1ji_VM2ij_BIAS_False_INLINE_True_COMPORDER_option_1_ap_fixed_16_5_,ok,0,93,2026-10-02 14:30:10
GEMM_config_M128_K64_N128_UM8_UK8_UN8_GORDna_VM1ji_VM2ij_BIAS_False_INLINE_True_COMPORDER_option_4_ap_fixed_16_5_,ok,0,199,2026-10-02 14:30:11
GEMM_config_M128_K64_N64_UM1_UK8_UN1_GORDna_VM1ij_VM2ji_BIAS_True_INLINE_True_COMPORDER_option_4_ap_fixed_16_5_,ok,0,145,2026-10-02 14:30:11
GEMM_config_M128_K64_N64_UM1_UK8_UN1_GORDna_VM1ji_VM2ij_BIAS_False_INLINE_True_COMPORDER_option_1_ap_fixed_16_5_,ok,0,143,2026-10-02 14:30:12
GEMM_config_M128_K64_N64_UM8_UK1_UN1_GORDna_VM1ij_VM2ji_BIAS_True_INLINE_True_COMPORDER_option_4_ap_fixed_16_5_,ok,0,96,2026-10-02 14:30:12
GEMM_config_M128_K64_N64_UM8_UK1_UN1_GORDna_VM1ji_VM2ij_BIAS_True_INLINE_True_COMPORDER_option_5_ap_fixed_16_5_,ok,0,92,2026-10-02 14:30:13
GEMM_config_M128_K64_N64_UM1_UK8_UN8_GORDna_VM1ij_VM2ji_BIAS_False_INLINE_True_COMPORDER_option_1_ap_fixed_16_5_,ok,0,137,2026-10-02 14:30:13
GEMM_config_M128_K64_N64_UM1_UK8_UN1_GORDna_VM1ji_VM2ij_BIAS_True_INLINE_True_COMPORDER_option_1_ap_fixed_16_5_,ok,0,143,2026-10-02 14:30:14
GEMM_config_M128_K64_N64_UM1_UK8_UN1_GORDna_VM1ij_VM2ji_BIAS_False_INLINE_True_COMPORDER_option_4_ap_fixed_16_5_,ok,0,153,2026-10-02 14:30:14
GEMM_config_M128_K64_N64_UM8_UK1_UN1_GORDna_VM1ji_VM2ij_BIAS_True_INLINE_True_COMPORDER_option_1_ap_fixed_16_5_,ok,0,94,2026-10-02 14:30:15
GEMM_config_M128_K64_N128_UM8_UK8_UN8_GORDna_VM1ji_VM2ij_BIAS_True_INLINE_True_COMPORDER_option_4_ap_fixed_16_5_,ok,0,194,2026-10-02 14:30:15
GEMM_config_M128_K64_N64_UM8_UK1_UN1_GORDna_VM1ji_VM2ij_BIAS_False_INLINE_True_COMPORDER_option_5_ap_fixed_16_5_,ok,0,95,2026-10-02 14:30:16
GEMM_config_M128_K64_N128_UM8_UK8_UN8_GORDna_VM1ji_VM2ij_BIAS_False_INLINE_True_COMPORDER_option_5_ap_fixed_16_5_,ok,0,202,2026-10-02 14:30:16
GEMM_config_M128_K64_N64_UM8_UK1_UN8_GORDna_VM1ij_VM2ji_BIAS_False_INLINE_True_COMPORDER_option_4_ap_fixed_16_5_,ok,0,96,2026-10-02 14:30:18
GEMM_config_M128_K64_N64_UM8_UK1_UN8_GORDna_VM1ji_VM2ij_BIAS_False_INLINE_True_COMPORDER_option_1_ap_fixed_16_5_,ok,0,95,2026-10-02 14:30:21
GEMM_config_M128_K64_N64_UM8_UK1_UN8_GORDna_VM1ji_VM2ij_BIAS_True_INLINE_True_COMPORDER_option_1_ap_fixed_16_5_,ok,0,94,2026-10-02 14:30:26
GEMM_config_M128_K64_N64_UM8_UK1_UN8_GORDna_VM1ij_VM2ji_BIAS_True_INLINE_True_COMPORDER_option_4_ap_fixed_16_5_,ok,0,102,2026-10-02 14:30:27
GEMM_config_M128_K64_N64_UM8_UK1_UN1_GORDna_VM1ij_VM2ji_BIAS_False_INLINE_True_COMPORDER_option_1_ap_fixed_16_5_,ok,0,119,2026-10-02 14:30:28
GEMM_config_M128_K64_N64_UM1_UK8_UN8_GORDna_VM1ji_VM2ij_BIAS_False_INLINE_True_COMPORDER_option_4_ap_fixed_16_5_,ok,0,135,2026-10-02 14:30:30
GEMM_config_M128_K64_N64_UM8_UK1_UN1_GORDna_VM1ij_VM2ji_BIAS_True_INLINE_True_COMPORDER_option_1_ap_fixed_16_5_,ok,0,116,2026-10-02 14:30:31
GEMM_config_M128_K64_N64_UM1_UK8_UN8_GORDna_VM1ij_VM2ji_BIAS_True_INLINE_True_COMPORDER_option_5_ap_fixed_16_5_,ok,0,141,2026-10-02 14:30:31
GEMM_config_M128_K64_N64_UM1_UK8_UN8_GORDna_VM1ij_VM2ji_BIAS_True_INLINE_True_COMPORDER_option_1_ap_fixed_16_5_,ok,0,153,2026-10-02 14:30:32
GEMM_config_M128_K64_N64_UM8_UK1_UN1_GORDna_VM1ji_VM2ij_BIAS_False_INLINE_True_COMPORDER_option_4_ap_fixed_16_5_,ok,0,120,2026-10-02 14:30:37
GEMM_config_M128_K64_N64_UM8_UK1_UN1_GORDna_VM1ij_VM2ji_BIAS_True_INLINE_True_COMPORDER_option_5_ap_fixed_16_5_,ok,0,122,2026-10-02 14:30:39
GEMM_config_M128_K64_N64_UM1_UK8_UN8_GORDna_VM1ij_VM2ji_BIAS_False_INLINE_True_COMPORDER_option_4_ap_fixed_16_5_,ok,0,163,2026-10-02 14:30:39
GEMM_config_M128_K64_N64_UM8_UK1_UN1_GORDna_VM1ij_VM2ji_BIAS_False_INLINE_True_COMPORDER_option_5_ap_fixed_16_5_,ok,0,131,2026-10-02 14:30:42
GEMM_config_M128_K64_N64_UM8_UK1_UN1_GORDna_VM1ji_VM2ij_BIAS_True_INLINE_True_COMPORDER_option_4_ap_fixed_16_5_,ok,0,129,2026-10-02 14:30:50
GEMM_config_M128_K64_N64_UM1_UK8_UN8_GORDna_VM1ij_VM2ji_BIAS_True_INLINE_True_COMPORDER_option_4_ap_fixed_16_5_,ok,0,173,2026-10-02 14:30:56
GEMM_config_M128_K64_N64_UM1_UK8_UN8_GORDna_VM1ji_VM2ij_BIAS_False_INLINE_True_COMPORDER_option_1_ap_fixed_16_5_,ok,0,170,2026-10-02 14:31:01
GEMM_config_M128_K64_N64_UM1_UK8_UN8_GORDna_VM1ji_VM2ij_BIAS_True_INLINE_True_COMPORDER_option_1_ap_fixed_16_5_,ok,0,160,2026-10-02 14:31:02
GEMM_config_M64_K128_N128_UM1_UK1_UN1_GORDna_VM1ij_VM2ji_BIAS_False_INLINE_True_COMPORDER_option_1_ap_fixed_16_5_,ok,0,89,2026-10-02 14:31:03
GEMM_config_M64_K128_N128_UM1_UK1_UN1_GORDna_VM1ij_VM2ji_BIAS_False_INLINE_True_COMPORDER_option_4_ap_fixed_16_5_,ok,0,88,2026-10-02 14:31:03
GEMM_config_M128_K64_N64_UM1_UK8_UN8_GORDna_VM1ji_VM2ij_BIAS_False_INLINE_True_COMPORDER_option_5_ap_fixed_16_5_,ok,0,167,2026-10-02 14:31:03
GEMM_config_M128_K64_N64_UM1_UK8_UN8_GORDna_VM1ji_VM2ij_BIAS_True_INLINE_True_COMPORDER_option_4_ap_fixed_16_5_,ok,0,157,2026-10-02 14:31:03
GEMM_config_M64_K128_N128_UM1_UK1_UN1_GORDna_VM1ij_VM2ji_BIAS_False_INLINE_True_COMPORDER_option_5_ap_fixed_16_5_,ok,0,87,2026-10-02 14:31:05
GEMM_config_M128_K64_N64_UM8_UK1_UN8_GORDna_VM1ij_VM2ji_BIAS_False_INLINE_True_COMPORDER_option_1_ap_fixed_16_5_,ok,0,145,2026-10-02 14:31:07
GEMM_config_M128_K64_N64_UM8_UK8_UN1_GORDna_VM1ij_VM2ji_BIAS_False_INLINE_True_COMPORDER_option_5_ap_fixed_16_5_,ok,0,133,2026-10-02 14:31:11
GEMM_config_M128_K64_N64_UM8_UK8_UN1_GORDna_VM1ij_VM2ji_BIAS_True_INLINE_True_COMPORDER_option_5_ap_fixed_16_5_,ok,0,129,2026-10-02 14:31:11
GEMM_config_M64_K128_N128_UM1_UK1_UN1_GORDna_VM1ji_VM2ij_BIAS_False_INLINE_True_COMPORDER_option_4_ap_fixed_16_5_,ok,0,86,2026-10-02 14:31:11
GEMM_config_M64_K128_N128_UM1_UK1_UN1_GORDna_VM1ij_VM2ji_BIAS_True_INLINE_True_COMPORDER_option_4_ap_fixed_16_5_,ok,0,89,2026-10-02 14:31:12
GEMM_config_M64_K128_N128_UM1_UK1_UN1_GORDna_VM1ji_VM2ij_BIAS_False_INLINE_True_COMPORDER_option_1_ap_fixed_16_5_,ok,0,88,2026-10-02 14:31:12
GEMM_config_M128_K64_N64_UM8_UK8_UN1_GORDna_VM1ji_VM2ij_BIAS_False_INLINE_True_COMPORDER_option_5_ap_fixed_16_5_,ok,0,124,2026-10-02 14:31:13
GEMM_config_M64_K128_N128_UM1_UK1_UN1_GORDna_VM1ij_VM2ji_BIAS_True_INLINE_True_COMPORDER_option_1_ap_fixed_16_5_,ok,0,93,2026-10-02 14:31:13
GEMM_config_M128_K64_N64_UM8_UK1_UN8_GORDna_VM1ji_VM2ij_BIAS_False_INLINE_True_COMPORDER_option_5_ap_fixed_16_5_,ok,0,146,2026-10-02 14:31:14
GEMM_config_M128_K64_N64_UM8_UK8_UN1_GORDna_VM1ij_VM2ji_BIAS_True_INLINE_True_COMPORDER_option_1_ap_fixed_16_5_,ok,0,136,2026-10-02 14:31:15
GEMM_config_M64_K128_N128_UM1_UK1_UN1_GORDna_VM1ij_VM2ji_BIAS_True_INLINE_True_COMPORDER_option_5_ap_fixed_16_5_,ok,0,93,2026-10-02 14:31:16
GEMM_config_M64_K128_N128_UM1_UK1_UN1_GORDna_VM1ji_VM2ij_BIAS_True_INLINE_True_COMPORDER_option_1_ap_fixed_16_5_,ok,0,89,2026-10-02 14:31:17
GEMM_config_M128_K64_N64_UM8_UK8_UN1_GORDna_VM1ij_VM2ji_BIAS_False_INLINE_True_COMPORDER_option_1_ap_fixed_16_5_,ok,0,143,2026-10-02 14:31:18
GEMM_config_M128_K64_N64_UM8_UK1_UN8_GORDna_VM1ij_VM2ji_BIAS_True_INLINE_True_COMPORDER_option_1_ap_fixed_16_5_,ok,0,153,2026-10-02 14:31:18
GEMM_config_M64_K128_N128_UM1_UK1_UN1_GORDna_VM1ji_VM2ij_BIAS_False_INLINE_True_COMPORDER_option_5_ap_fixed_16_5_,ok,0,91,2026-10-02 14:31:18
GEMM_config_M128_K64_N64_UM8_UK8_UN1_GORDna_VM1ji_VM2ij_BIAS_False_INLINE_True_COMPORDER_option_4_ap_fixed_16_5_,ok,0,136,2026-10-02 14:31:19
GEMM_config_M128_K64_N64_UM1_UK8_UN8_GORDna_VM1ji_VM2ij_BIAS_True_INLINE_True_COMPORDER_option_5_ap_fixed_16_5_,ok,0,173,2026-10-02 14:31:20
GEMM_config_M64_K128_N128_UM1_UK1_UN1_GORDna_VM1ji_VM2ij_BIAS_True_INLINE_True_COMPORDER_option_4_ap_fixed_16_5_,ok,0,90,2026-10-02 14:31:21
GEMM_config_M128_K64_N64_UM8_UK1_UN8_GORDna_VM1ji_VM2ij_BIAS_True_INLINE_True_COMPORDER_option_5_ap_fixed_16_5_,ok,0,149,2026-10-02 14:31:23
GEMM_config_M128_K64_N64_UM8_UK1_UN8_GORDna_VM1ji_VM2ij_BIAS_True_INLINE_True_COMPORDER_option_4_ap_fixed_16_5_,ok,0,150,2026-10-02 14:31:24
GEMM_config_M128_K64_N64_UM8_UK1_UN8_GORDna_VM1ji_VM2ij_BIAS_False_INLINE_True_COMPORDER_option_4_ap_fixed_16_5_,ok,0,160,2026-10-02 14:31:27
GEMM_config_M128_K64_N64_UM8_UK8_UN1_GORDna_VM1ji_VM2ij_BIAS_True_INLINE_True_COMPORDER_option_5_ap_fixed_16_5_,ok,0,131,2026-10-02 14:31:27
GEMM_config_M128_K64_N64_UM8_UK1_UN8_GORDna_VM1ij_VM2ji_BIAS_False_INLINE_True_COMPORDER_option_5_ap_fixed_16_5_,ok,0,163,2026-10-02 14:31:27
GEMM_config_M64_K128_N128_UM1_UK1_UN1_GORDna_VM1ji_VM2ij_BIAS_True_INLINE_True_COMPORDER_option_5_ap_fixed_16_5_,ok,0,96,2026-10-02 14:31:28
GEMM_config_M128_K64_N64_UM8_UK8_UN1_GORDna_VM1ji_VM2ij_BIAS_True_INLINE_True_COMPORDER_option_4_ap_fixed_16_5_,ok,0,134,2026-10-02 14:31:29
GEMM_config_M128_K64_N64_UM8_UK1_UN8_GORDna_VM1ij_VM2ji_BIAS_True_INLINE_True_COMPORDER_option_5_ap_fixed_16_5_,ok,0,165,2026-10-02 14:31:31
GEMM_config_M64_K128_N128_UM1_UK1_UN8_GORDna_VM1ij_VM2ji_BIAS_False_INLINE_True_COMPORDER_option_4_ap_fixed_16_5_,ok,0,91,2026-10-02 14:31:34
GEMM_config_M128_K64_N64_UM8_UK8_UN1_GORDna_VM1ji_VM2ij_BIAS_False_INLINE_True_COMPORDER_option_1_ap_fixed_16_5_,ok,0,157,2026-10-02 14:31:39
GEMM_config_M128_K64_N64_UM8_UK8_UN1_GORDna_VM1ij_VM2ji_BIAS_False_INLINE_True_COMPORDER_option_4_ap_fixed_16_5_,ok,0,168,2026-10-02 14:31:43
GEMM_config_M128_K64_N64_UM8_UK8_UN1_GORDna_VM1ji_VM2ij_BIAS_True_INLINE_True_COMPORDER_option_1_ap_fixed_16_5_,ok,0,155,2026-10-02 14:31:45
GEMM_config_M64_K128_N128_UM1_UK8_UN1_GORDna_VM1ij_VM2ji_BIAS_True_INLINE_True_COMPORDER_option_5_ap_fixed_16_5_,ok,0,84,2026-10-02 14:31:45
GEMM_config_M64_K128_N128_UM1_UK1_UN8_GORDna_VM1ji_VM2ij_BIAS_False_INLINE_True_COMPORDER_option_1_ap_fixed_16_5_,ok,0,93,2026-10-02 14:31:46
GEMM_config_M64_K128_N128_UM1_UK8_UN1_GORDna_VM1ij_VM2ji_BIAS_False_INLINE_True_COMPORDER_option_5_ap_fixed_16_5_,ok,0,90,2026-10-02 14:31:46
GEMM_config_M64_K128_N128_UM1_UK8_UN1_GORDna_VM1ij_VM2ji_BIAS_True_INLINE_True_COMPORDER_option_1_ap_fixed_16_5_,ok,0,90,2026-10-02 14:31:46
GEMM_config_M64_K128_N128_UM1_UK8_UN1_GORDna_VM1ij_VM2ji_BIAS_False_INLINE_True_COMPORDER_option_1_ap_fixed_16_5_,ok,0,93,2026-10-02 14:31:48
GEMM_config_M64_K128_N128_UM1_UK1_UN8_GORDna_VM1ij_VM2ji_BIAS_True_INLINE_True_COMPORDER_option_4_ap_fixed_16_5_,ok,0,100,2026-10-02 14:31:51
GEMM_config_M64_K128_N128_UM1_UK8_UN1_GORDna_VM1ji_VM2ij_BIAS_False_INLINE_True_COMPORDER_option_4_ap_fixed_16_5_,ok,0,86,2026-10-02 14:31:53
GEMM_config_M64_K128_N128_UM1_UK1_UN8_GORDna_VM1ji_VM2ij_BIAS_True_INLINE_True_COMPORDER_option_1_ap_fixed_16_5_,ok,0,102,2026-10-02 14:31:55
GEMM_config_M64_K128_N128_UM1_UK1_UN8_GORDna_VM1ij_VM2ji_BIAS_False_INLINE_True_COMPORDER_option_5_ap_fixed_16_5_,ok,0,112,2026-10-02 14:31:59
GEMM_config_M64_K128_N128_UM1_UK1_UN8_GORDna_VM1ij_VM2ji_BIAS_False_INLINE_True_COMPORDER_option_1_ap_fixed_16_5_,ok,0,119,2026-10-02 14:32:02
GEMM_config_M128_K64_N64_UM8_UK8_UN1_GORDna_VM1ij_VM2ji_BIAS_True_INLINE_True_COMPORDER_option_4_ap_fixed_16_5_,ok,0,185,2026-10-02 14:32:04
GEMM_config_M64_K128_N128_UM1_UK1_UN8_GORDna_VM1ji_VM2ij_BIAS_True_INLINE_True_COMPORDER_option_4_ap_fixed_16_5_,ok,0,111,2026-10-02 14:32:04
GEMM_config_M64_K128_N128_UM1_UK1_UN8_GORDna_VM1ij_VM2ji_BIAS_True_INLINE_True_COMPORDER_option_5_ap_fixed_16_5_,ok,0,114,2026-10-02 14:32:05
GEMM_config_M64_K128_N128_UM1_UK1_UN8_GORDna_VM1ji_VM2ij_BIAS_True_INLINE_True_COMPORDER_option_5_ap_fixed_16_5_,ok,0,116,2026-10-02 14:32:10
GEMM_config_M64_K128_N128_UM1_UK1_UN8_GORDna_VM1ji_VM2ij_BIAS_False_INLINE_True_COMPORDER_option_4_ap_fixed_16_5_,ok,0,119,2026-10-02 14:32:11
GEMM_config_M128_K64_N64_UM8_UK8_UN8_GORDna_VM1ij_VM2ji_BIAS_False_INLINE_True_COMPORDER_option_1_ap_fixed_16_5_,ok,0,177,2026-10-02 14:32:13
GEMM_config_M64_K128_N128_UM1_UK8_UN1_GORDna_VM1ji_VM2ij_BIAS_True_INLINE_True_COMPORDER_option_4_ap_fixed_16_5_,ok,0,102,2026-10-02 14:32:13
GEMM_config_M128_K64_N64_UM8_UK8_UN8_GORDna_VM1ij_VM2ji_BIAS_True_INLINE_True_COMPORDER_option_5_ap_fixed_16_5_,ok,0,169,2026-10-02 14:32:14
GEMM_config_M128_K64_N64_UM8_UK8_UN8_GORDna_VM1ij_VM2ji_BIAS_False_INLINE_True_COMPORDER_option_5_ap_fixed_16_5_,ok,0,176,2026-10-02 14:32:15
GEMM_config_M64_K128_N128_UM1_UK1_UN8_GORDna_VM1ij_VM2ji_BIAS_True_INLINE_True_COMPORDER_option_1_ap_fixed_16_5_,ok,0,129,2026-10-02 14:32:19
GEMM_config_M128_K64_N64_UM8_UK8_UN8_GORDna_VM1ij_VM2ji_BIAS_True_INLINE_True_COMPORDER_option_1_ap_fixed_16_5_,ok,0,179,2026-10-02 14:32:19
GEMM_config_M128_K64_N64_UM8_UK8_UN8_GORDna_VM1ij_VM2ji_BIAS_False_INLINE_True_COMPORDER_option_4_ap_fixed_16_5_,ok,0,183,2026-10-02 14:32:21
GEMM_config_M64_K128_N128_UM1_UK1_UN8_GORDna_VM1ji_VM2ij_BIAS_False_INLINE_True_COMPORDER_option_5_ap_fixed_16_5_,ok,0,129,2026-10-02 14:32:22
GEMM_config_M128_K64_N64_UM8_UK8_UN8_GORDna_VM1ji_VM2ij_BIAS_False_INLINE_True_COMPORDER_option_1_ap_fixed_16_5_,ok,0,177,2026-10-02 14:32:23
GEMM_config_M64_K128_N128_UM1_UK8_UN1_GORDna_VM1ji_VM2ij_BIAS_False_INLINE_True_COMPORDER_option_5_ap_fixed_16_5_,ok,0,115,2026-10-02 14:32:23
GEMM_config_M128_K64_N64_UM8_UK8_UN8_GORDna_VM1ji_VM2ij_BIAS_True_INLINE_True_COMPORDER_option_4_ap_fixed_16_5_,ok,0,179,2026-10-02 14:32:31
GEMM_config_M128_K64_N64_UM8_UK8_UN8_GORDna_VM1ij_VM2ji_BIAS_True_INLINE_True_COMPORDER_option_4_ap_fixed_16_5_,ok,0,188,2026-10-02 14:32:33
GEMM_config_M64_K128_N128_UM1_UK8_UN1_GORDna_VM1ij_VM2ji_BIAS_False_INLINE_True_COMPORDER_option_4_ap_fixed_16_5_,ok,0,138,2026-10-02 14:32:34
GEMM_config_M64_K128_N128_UM1_UK8_UN1_GORDna_VM1ji_VM2ij_BIAS_True_INLINE_True_COMPORDER_option_5_ap_fixed_16_5_,ok,0,125,2026-10-02 14:32:37
GEMM_config_M128_K64_N64_UM8_UK8_UN8_GORDna_VM1ji_VM2ij_BIAS_False_INLINE_True_COMPORDER_option_5_ap_fixed_16_5_,ok,0,193,2026-10-02 14:32:42
GEMM_config_M128_K64_N64_UM8_UK8_UN8_GORDna_VM1ji_VM2ij_BIAS_True_INLINE_True_COMPORDER_option_5_ap_fixed_16_5_,ok,0,191,2026-10-02 14:32:43
GEMM_config_M64_K128_N128_UM8_UK1_UN1_GORDna_VM1ij_VM2ji_BIAS_True_INLINE_True_COMPORDER_option_4_ap_fixed_16_5_,ok,0,93,2026-10-02 14:32:44
GEMM_config_M64_K128_N128_UM8_UK1_UN1_GORDna_VM1ji_VM2ij_BIAS_False_INLINE_True_COMPORDER_option_1_ap_fixed_16_5_,ok,0,92,2026-10-02 14:32:44
GEMM_config_M128_K64_N64_UM8_UK8_UN8_GORDna_VM1ji_VM2ij_BIAS_True_INLINE_True_COMPORDER_option_1_ap_fixed_16_5_,ok,0,194,2026-10-02 14:32:45
GEMM_config_M64_K128_N128_UM8_UK1_UN1_GORDna_VM1ji_VM2ij_BIAS_True_INLINE_True_COMPORDER_option_1_ap_fixed_16_5_,ok,0,92,2026-10-02 14:32:45
GEMM_config_M64_K128_N128_UM1_UK8_UN8_GORDna_VM1ij_VM2ji_BIAS_False_INLINE_True_COMPORDER_option_5_ap_fixed_16_5_,ok,0,127,2026-10-02 14:32:46
GEMM_config_M64_K128_N128_UM1_UK8_UN1_GORDna_VM1ij_VM2ji_BIAS_True_INLINE_True_COMPORDER_option_4_ap_fixed_16_5_,ok,0,148,2026-10-02 14:32:46
GEMM_config_M64_K128_N128_UM8_UK1_UN1_GORDna_VM1ij_VM2ji_BIAS_False_INLINE_True_COMPORDER_option_4_ap_fixed_16_5_,ok,0,102,2026-10-02 14:32:48
GEMM_config_M64_K128_N128_UM8_UK1_UN1_GORDna_VM1ji_VM2ij_BIAS_True_INLINE_True_COMPORDER_option_5_ap_fixed_16_5_,ok,0,95,2026-10-02 14:32:50
GEMM_config_M128_K64_N64_UM8_UK8_UN8_GORDna_VM1ji_VM2ij_BIAS_False_INLINE_True_COMPORDER_option_4_ap_fixed_16_5_,ok,0,204,2026-10-02 14:32:51
GEMM_config_M64_K128_N128_UM8_UK1_UN1_GORDna_VM1ji_VM2ij_BIAS_False_INLINE_True_COMPORDER_option_5_ap_fixed_16_5_,ok,0,98,2026-10-02 14:32:51
GEMM_config_M64_K128_N128_UM1_UK8_UN8_GORDna_VM1ij_VM2ji_BIAS_True_INLINE_True_COMPORDER_option_1_ap_fixed_16_5_,ok,0,132,2026-10-02 14:32:51
GEMM_config_M64_K128_N128_UM8_UK1_UN8_GORDna_VM1ij_VM2ji_BIAS_True_INLINE_True_COMPORDER_option_4_ap_fixed_16_5_,ok,0,95,2026-10-02 14:32:53
GEMM_config_M64_K128_N128_UM8_UK1_UN8_GORDna_VM1ij_VM2ji_BIAS_False_INLINE_True_COMPORDER_option_4_ap_fixed_16_5_,ok,0,97,2026-10-02 14:32:53
GEMM_config_M64_K128_N128_UM8_UK1_UN8_GORDna_VM1ji_VM2ij_BIAS_False_INLINE_True_COMPORDER_option_1_ap_fixed_16_5_,ok,0,98,2026-10-02 14:32:58
GEMM_config_M64_K128_N128_UM8_UK1_UN8_GORDna_VM1ji_VM2ij_BIAS_True_INLINE_True_COMPORDER_option_1_ap_fixed_16_5_,ok,0,98,2026-10-02 14:33:01
GEMM_config_M64_K128_N128_UM1_UK8_UN8_GORDna_VM1ij_VM2ji_BIAS_False_INLINE_True_COMPORDER_option_1_ap_fixed_16_5_,ok,0,149,2026-10-02 14:33:01
GEMM_config_M64_K128_N128_UM1_UK8_UN1_GORDna_VM1ji_VM2ij_BIAS_False_INLINE_True_COMPORDER_option_1_ap_fixed_16_5_,ok,0,157,2026-10-02 14:33:03
GEMM_config_M64_K128_N128_UM1_UK8_UN8_GORDna_VM1ij_VM2ji_BIAS_True_INLINE_True_COMPORDER_option_5_ap_fixed_16_5_,ok,0,134,2026-10-02 14:33:03
GEMM_config_M64_K128_N128_UM8_UK1_UN1_GORDna_VM1ij_VM2ji_BIAS_True_INLINE_True_COMPORDER_option_1_ap_fixed_16_5_,ok,0,113,2026-10-02 14:33:04
GEMM_config_M64_K128_N128_UM8_UK1_UN1_GORDna_VM1ij_VM2ji_BIAS_False_INLINE_True_COMPORDER_option_1_ap_fixed_16_5_,ok,0,124,2026-10-02 14:33:07
GEMM_config_M64_K128_N128_UM1_UK8_UN1_GORDna_VM1ji_VM2ij_BIAS_True_INLINE_True_COMPORDER_option_1_ap_fixed_16_5_,ok,0,159,2026-10-02 14:33:09
GEMM_config_M64_K128_N128_UM8_UK1_UN1_GORDna_VM1ij_VM2ji_BIAS_False_INLINE_True_COMPORDER_option_5_ap_fixed_16_5_,ok,0,123,2026-10-02 14:33:10
GEMM_config_M64_K128_N128_UM1_UK8_UN8_GORDna_VM1ij_VM2ji_BIAS_False_INLINE_True_COMPORDER_option_4_ap_fixed_16_5_,ok,0,153,2026-10-02 14:33:10
GEMM_config_M64_K128_N128_UM8_UK1_UN1_GORDna_VM1ij_VM2ji_BIAS_True_INLINE_True_COMPORDER_option_5_ap_fixed_16_5_,ok,0,120,2026-10-02 14:33:11
GEMM_config_M64_K128_N128_UM1_UK8_UN8_GORDna_VM1ji_VM2ij_BIAS_False_INLINE_True_COMPORDER_option_4_ap_fixed_16_5_,ok,0,134,2026-10-02 14:33:15
GEMM_config_M64_K128_N128_UM1_UK8_UN8_GORDna_VM1ji_VM2ij_BIAS_True_INLINE_True_COMPORDER_option_4_ap_fixed_16_5_,ok,0,133,2026-10-02 14:33:16
GEMM_config_M64_K128_N128_UM8_UK1_UN1_GORDna_VM1ji_VM2ij_BIAS_False_INLINE_True_COMPORDER_option_4_ap_fixed_16_5_,ok,0,132,2026-10-02 14:33:24
GEMM_config_M64_K128_N128_UM1_UK8_UN8_GORDna_VM1ij_VM2ji_BIAS_True_INLINE_True_COMPORDER_option_4_ap_fixed_16_5_,ok,0,163,2026-10-02 14:33:25
GEMM_config_M64_K128_N128_UM8_UK1_UN1_GORDna_VM1ji_VM2ij_BIAS_True_INLINE_True_COMPORDER_option_4_ap_fixed_16_5_,ok,0,132,2026-10-02 14:33:26
GEMM_config_M64_K128_N128_UM8_UK1_UN8_GORDna_VM1ij_VM2ji_BIAS_False_INLINE_True_COMPORDER_option_1_ap_fixed_16_5_,ok,0,139,2026-10-02 14:33:35
GEMM_config_M64_K128_N128_UM8_UK8_UN1_GORDna_VM1ij_VM2ji_BIAS_False_INLINE_True_COMPORDER_option_5_ap_fixed_16_5_,ok,0,126,2026-10-02 14:33:35
GEMM_config_M64_K128_N128_UM1_UK8_UN8_GORDna_VM1ji_VM2ij_BIAS_True_INLINE_True_COMPORDER_option_1_ap_fixed_16_5_,ok,0,153,2026-10-02 14:33:35
GEMM_config_M64_K128_N128_UM8_UK1_UN8_GORDna_VM1ij_VM2ji_BIAS_True_INLINE_True_COMPORDER_option_1_ap_fixed_16_5_,ok,0,139,2026-10-02 14:33:37
GEMM_config_M64_K128_N128_UM1_UK8_UN8_GORDna_VM1ji_VM2ij_BIAS_False_INLINE_True_COMPORDER_option_1_ap_fixed_16_5_,ok,0,163,2026-10-02 14:33:40
GEMM_config_M64_K128_N64_UM1_UK1_UN1_GORDna_VM1ij_VM2ji_BIAS_False_INLINE_True_COMPORDER_option_5_ap_fixed_16_5_,ok,0,85,2026-10-02 14:33:40
GEMM_config_M64_K128_N64_UM1_UK1_UN1_GORDna_VM1ij_VM2ji_BIAS_False_INLINE_True_COMPORDER_option_4_ap_fixed_16_5_,ok,0,87,2026-10-02 14:33:41
GEMM_config_M64_K128_N128_UM1_UK8_UN8_GORDna_VM1ji_VM2ij_BIAS_False_INLINE_True_COMPORDER_option_5_ap_fixed_16_5_,ok,0,160,2026-10-02 14:33:42
GEMM_config_M64_K128_N128_UM8_UK8_UN1_GORDna_VM1ij_VM2ji_BIAS_True_INLINE_True_COMPORDER_option_5_ap_fixed_16_5_,ok,0,125,2026-10-02 14:33:43
GEMM_config_M64_K128_N64_UM1_UK1_UN1_GORDna_VM1ij_VM2ji_BIAS_True_INLINE_True_COMPORDER_option_5_ap_fixed_16_5_,ok,0,85,2026-10-02 14:33:45
GEMM_config_M64_K128_N128_UM8_UK1_UN8_GORDna_VM1ji_VM2ij_BIAS_False_INLINE_True_COMPORDER_option_5_ap_fixed_16_5_,ok,0,143,2026-10-02 14:33:46
GEMM_config_M64_K128_N64_UM1_UK1_UN1_GORDna_VM1ij_VM2ji_BIAS_False_INLINE_True_COMPORDER_option_1_ap_fixed_16_5_,ok,0,93,2026-10-02 14:33:46
GEMM_config_M64_K128_N64_UM1_UK1_UN1_GORDna_VM1ij_VM2ji_BIAS_True_INLINE_True_COMPORDER_option_1_ap_fixed_16_5_,ok,0,89,2026-10-02 14:33:48
GEMM_config_M64_K128_N128_UM8_UK8_UN1_GORDna_VM1ji_VM2ij_BIAS_True_INLINE_True_COMPORDER_option_5_ap_fixed_16_5_,ok,0,122,2026-10-02 14:33:48
GEMM_config_M64_K128_N128_UM8_UK1_UN8_GORDna_VM1ji_VM2ij_BIAS_True_INLINE_True_COMPORDER_option_5_ap_fixed_16_5_,ok,0,144,2026-10-02 14:33:51
GEMM_config_M64_K128_N64_UM1_UK1_UN1_GORDna_VM1ij_VM2ji_BIAS_True_INLINE_True_COMPORDER_option_4_ap_fixed_16_5_,ok,0,92,2026-10-02 14:33:51
GEMM_config_M64_K128_N64_UM1_UK1_UN1_GORDna_VM1ji_VM2ij_BIAS_False_INLINE_True_COMPORDER_option_5_ap_fixed_16_5_,ok,0,88,2026-10-02 14:33:51
GEMM_config_M64_K128_N128_UM8_UK8_UN1_GORDna_VM1ij_VM2ji_BIAS_False_INLINE_True_COMPORDER_option_1_ap_fixed_16_5_,ok,0,144,2026-10-02 14:33:51
GEMM_config_M64_K128_N64_UM1_UK1_UN1_GORDna_VM1ji_VM2ij_BIAS_False_INLINE_True_COMPORDER_option_4_ap_fixed_16_5_,ok,0,89,2026-10-02 14:33:52
GEMM_config_M64_K128_N64_UM1_UK1_UN1_GORDna_VM1ji_VM2ij_BIAS_False_INLINE_True_COMPORDER_option_1_ap_fixed_16_5_,ok,0,94,2026-10-02 14:33:56
GEMM_config_M64_K128_N128_UM8_UK8_UN1_GORDna_VM1ij_VM2ji_BIAS_True_INLINE_True_COMPORDER_option_1_ap_fixed_16_5_,ok,0,145,2026-10-02 14:33:56
GEMM_config_M64_K128_N128_UM8_UK1_UN8_GORDna_VM1ji_VM2ij_BIAS_False_INLINE_True_COMPORDER_option_4_ap_fixed_16_5_,ok,0,157,2026-10-02 14:33:58
GEMM_config_M64_K128_N128_UM8_UK8_UN1_GORDna_VM1ji_VM2ij_BIAS_True_INLINE_True_COMPORDER_option_4_ap_fixed_16_5_,ok,0,134,2026-10-02 14:34:00
GEMM_config_M64_K128_N128_UM8_UK8_UN1_GORDna_VM1ji_VM2ij_BIAS_False_INLINE_True_COMPORDER_option_5_ap_fixed_16_5_,ok,0,136,2026-10-02 14:34:00
GEMM_config_M64_K128_N64_UM1_UK1_UN1_GORDna_VM1ji_VM2ij_BIAS_True_INLINE_True_COMPORDER_option_1_ap_fixed_16_5_,ok,0,90,2026-10-02 14:34:00
GEMM_config_M64_K128_N64_UM1_UK1_UN1_GORDna_VM1ji_VM2ij_BIAS_True_INLINE_True_COMPORDER_option_5_ap_fixed_16_5_,ok,0,90,2026-10-02 14:34:04
GEMM_config_M64_K128_N64_UM1_UK1_UN1_GORDna_VM1ji_VM2ij_BIAS_True_INLINE_True_COMPORDER_option_4_ap_fixed_16_5_,ok,0,94,2026-10-02 14:34:07
GEMM_config_M64_K128_N128_UM8_UK1_UN8_GORDna_VM1ji_VM2ij_BIAS_True_INLINE_True_COMPORDER_option_4_ap_fixed_16_5_,ok,0,160,2026-10-02 14:34:07
GEMM_config_M64_K128_N128_UM1_UK8_UN8_GORDna_VM1ji_VM2ij_BIAS_True_INLINE_True_COMPORDER_option_5_ap_fixed_16_5_,ok,0,189,2026-10-02 14:34:13
GEMM_config_M64_K128_N64_UM1_UK1_UN8_GORDna_VM1ij_VM2ji_BIAS_False_INLINE_True_COMPORDER_option_4_ap_fixed_16_5_,ok,0,94,2026-10-02 14:34:16
GEMM_config_M64_K128_N64_UM1_UK1_UN8_GORDna_VM1ij_VM2ji_BIAS_True_INLINE_True_COMPORDER_option_4_ap_fixed_16_5_,ok,0,95,2026-10-02 14:34:19
GEMM_config_M64_K128_N64_UM1_UK1_UN8_GORDna_VM1ji_VM2ij_BIAS_False_INLINE_True_COMPORDER_option_1_ap_fixed_16_5_,ok,0,93,2026-10-02 14:34:19
GEMM_config_M64_K128_N128_UM8_UK8_UN1_GORDna_VM1ji_VM2ij_BIAS_False_INLINE_True_COMPORDER_option_4_ap_fixed_16_5_,ok,0,155,2026-10-02 14:34:20
GEMM_config_M64_K128_N128_UM8_UK1_UN8_GORDna_VM1ij_VM2ji_BIAS_True_INLINE_True_COMPORDER_option_5_ap_fixed_16_5_,ok,0,182,2026-10-02 14:34:21
GEMM_config_M64_K128_N128_UM8_UK1_UN8_GORDna_VM1ij_VM2ji_BIAS_False_INLINE_True_COMPORDER_option_5_ap_fixed_16_5_,ok,0,184,2026-10-02 14:34:22
GEMM_config_M64_K128_N128_UM8_UK8_UN1_GORDna_VM1ij_VM2ji_BIAS_True_INLINE_True_COMPORDER_option_4_ap_fixed_16_5_,ok,0,168,2026-10-02 14:34:22
GEMM_config_M64_K128_N64_UM1_UK8_UN1_GORDna_VM1ij_VM2ji_BIAS_True_INLINE_True_COMPORDER_option_1_ap_fixed_16_5_,ok,0,94,2026-10-02 14:34:27
GEMM_config_M64_K128_N64_UM1_UK1_UN8_GORDna_VM1ji_VM2ij_BIAS_True_INLINE_True_COMPORDER_option_1_ap_fixed_16_5_,ok,0,100,2026-10-02 14:34:27
GEMM_config_M64_K128_N128_UM8_UK8_UN1_GORDna_VM1ij_VM2ji_BIAS_False_INLINE_True_COMPORDER_option_4_ap_fixed_16_5_,ok,0,180,2026-10-02 14:34:28
GEMM_config_M64_K128_N128_UM8_UK8_UN1_GORDna_VM1ji_VM2ij_BIAS_False_INLINE_True_COMPORDER_option_1_ap_fixed_16_5_,ok,0,166,2026-10-02 14:34:29
GEMM_config_M64_K128_N64_UM1_UK8_UN1_GORDna_VM1ij_VM2ji_BIAS_False_INLINE_True_COMPORDER_option_1_ap_fixed_16_5_,ok,0,99,2026-10-02 14:34:30
GEMM_config_M64_K128_N64_UM1_UK8_UN1_GORDna_VM1ij_VM2ji_BIAS_False_INLINE_True_COMPORDER_option_5_ap_fixed_16_5_,ok,0,103,2026-10-02 14:34:36
GEMM_config_M64_K128_N128_UM8_UK8_UN1_GORDna_VM1ji_VM2ij_BIAS_True_INLINE_True_COMPORDER_option_1_ap_fixed_16_5_,ok,0,171,2026-10-02 14:34:37
GEMM_config_M64_K128_N64_UM1_UK8_UN1_GORDna_VM1ij_VM2ji_BIAS_True_INLINE_True_COMPORDER_option_5_ap_fixed_16_5_,ok,0,101,2026-10-02 14:34:42
GEMM_config_M64_K128_N64_UM1_UK1_UN8_GORDna_VM1ij_VM2ji_BIAS_False_INLINE_True_COMPORDER_option_1_ap_fixed_16_5_,ok,0,126,2026-10-02 14:34:43
GEMM_config_M64_K128_N128_UM8_UK8_UN8_GORDna_VM1ij_VM2ji_BIAS_False_INLINE_True_COMPORDER_option_5_ap_fixed_16_5_,ok,0,170,2026-10-02 14:34:43
GEMM_config_M64_K128_N64_UM1_UK8_UN1_GORDna_VM1ji_VM2ij_BIAS_False_INLINE_True_COMPORDER_option_4_ap_fixed_16_5_,ok,0,104,2026-10-02 14:34:47
GEMM_config_M64_K128_N64_UM1_UK1_UN8_GORDna_VM1ij_VM2ji_BIAS_True_INLINE_True_COMPORDER_option_5_ap_fixed_16_5_,ok,0,122,2026-10-02 14:34:48
GEMM_config_M64_K128_N64_UM1_UK1_UN8_GORDna_VM1ij_VM2ji_BIAS_True_INLINE_True_COMPORDER_option_1_ap_fixed_16_5_,ok,0,124,2026-10-02 14:34:48
GEMM_config_M64_K128_N64_UM1_UK1_UN8_GORDna_VM1ji_VM2ij_BIAS_False_INLINE_True_COMPORDER_option_4_ap_fixed_16_5_,ok,0,123,2026-10-02 14:34:49
GEMM_config_M64_K128_N128_UM8_UK8_UN8_GORDna_VM1ij_VM2ji_BIAS_True_INLINE_True_COMPORDER_option_1_ap_fixed_16_5_,ok,0,175,2026-10-02 14:34:50
GEMM_config_M64_K128_N64_UM1_UK1_UN8_GORDna_VM1ij_VM2ji_BIAS_False_INLINE_True_COMPORDER_option_5_ap_fixed_16_5_,ok,0,129,2026-10-02 14:34:51
GEMM_config_M64_K128_N64_UM1_UK8_UN1_GORDna_VM1ji_VM2ij_BIAS_True_INLINE_True_COMPORDER_option_4_ap_fixed_16_5_,ok,0,104,2026-10-02 14:34:52
GEMM_config_M64_K128_N64_UM1_UK1_UN8_GORDna_VM1ji_VM2ij_BIAS_True_INLINE_True_COMPORDER_option_4_ap_fixed_16_5_,ok,0,123,2026-10-02 14:34:54
GEMM_config_M64_K128_N64_UM1_UK1_UN8_GORDna_VM1ji_VM2ij_BIAS_True_INLINE_True_COMPORDER_option_5_ap_fixed_16_5_,ok,0,124,2026-10-02 14:34:54
GEMM_config_M64_K128_N128_UM8_UK8_UN8_GORDna_VM1ij_VM2ji_BIAS_False_INLINE_True_COMPORDER_option_4_ap_fixed_16_5_,ok,0,188,2026-10-02 14:34:58
GEMM_config_M64_K128_N64_UM1_UK1_UN8_GORDna_VM1ji_VM2ij_BIAS_False_INLINE_True_COMPORDER_option_5_ap_fixed_16_5_,ok,0,137,2026-10-02 14:35:03
GEMM_config_M64_K128_N64_UM1_UK8_UN1_GORDna_VM1ji_VM2ij_BIAS_False_INLINE_True_COMPORDER_option_5_ap_fixed_16_5_,ok,0,120,2026-10-02 14:35:03
GEMM_config_M64_K128_N64_UM1_UK8_UN1_GORDna_VM1ji_VM2ij_BIAS_True_INLINE_True_COMPORDER_option_5_ap_fixed_16_5_,ok,0,114,2026-10-02 14:35:04
GEMM_config_M64_K128_N128_UM8_UK8_UN8_GORDna_VM1ji_VM2ij_BIAS_False_INLINE_True_COMPORDER_option_4_ap_fixed_16_5_,ok,0,180,2026-10-02 14:35:04
GEMM_config_M64_K128_N128_UM8_UK8_UN8_GORDna_VM1ji_VM2ij_BIAS_False_INLINE_True_COMPORDER_option_5_ap_fixed_16_5_,ok,0,183,2026-10-02 14:35:08
GEMM_config_M64_K128_N128_UM8_UK8_UN8_GORDna_VM1ij_VM2ji_BIAS_False_INLINE_True_COMPORDER_option_1_ap_fixed_16_5_,ok,0,203,2026-10-02 14:35:11
GEMM_config_M64_K128_N128_UM8_UK8_UN8_GORDna_VM1ji_VM2ij_BIAS_False_INLINE_True_COMPORDER_option_1_ap_fixed_16_5_,ok,0,189,2026-10-02 14:35:13
GEMM_config_M64_K128_N64_UM8_UK1_UN1_GORDna_VM1ij_VM2ji_BIAS_False_INLINE_True_COMPORDER_option_4_ap_fixed_16_5_,ok,0,97,2026-10-02 14:35:16
GEMM_config_M64_K128_N128_UM8_UK8_UN8_GORDna_VM1ij_VM2ji_BIAS_True_INLINE_True_COMPORDER_option_5_ap_fixed_16_5_,ok,0,195,2026-10-02 14:35:17
GEMM_config_M64_K128_N128_UM8_UK8_UN8_GORDna_VM1ji_VM2ij_BIAS_True_INLINE_True_COMPORDER_option_1_ap_fixed_16_5_,ok,0,188,2026-10-02 14:35:18
GEMM_config_M64_K128_N64_UM8_UK1_UN1_GORDna_VM1ji_VM2ij_BIAS_False_INLINE_True_COMPORDER_option_1_ap_fixed_16_5_,ok,0,93,2026-10-02 14:35:19
GEMM_config_M64_K128_N64_UM8_UK1_UN1_GORDna_VM1ij_VM2ji_BIAS_True_INLINE_True_COMPORDER_option_4_ap_fixed_16_5_,ok,0,97,2026-10-02 14:35:20
GEMM_config_M64_K128_N64_UM8_UK1_UN1_GORDna_VM1ji_VM2ij_BIAS_True_INLINE_True_COMPORDER_option_1_ap_fixed_16_5_,ok,0,93,2026-10-02 14:35:21
GEMM_config_M64_K128_N64_UM1_UK8_UN8_GORDna_VM1ij_VM2ji_BIAS_False_INLINE_True_COMPORDER_option_5_ap_fixed_16_5_,ok,0,132,2026-10-02 14:35:23
GEMM_config_M64_K128_N64_UM8_UK1_UN8_GORDna_VM1ij_VM2ji_BIAS_False_INLINE_True_COMPORDER_option_4_ap_fixed_16_5_,ok,0,94,2026-10-02 14:35:25
GEMM_config_M64_K128_N128_UM8_UK8_UN8_GORDna_VM1ji_VM2ij_BIAS_True_INLINE_True_COMPORDER_option_5_ap_fixed_16_5_,ok,0,193,2026-10-02 14:35:26
GEMM_config_M64_K128_N64_UM8_UK1_UN1_GORDna_VM1ji_VM2ij_BIAS_True_INLINE_True_COMPORDER_option_5_ap_fixed_16_5_,ok,0,95,2026-10-02 14:35:26
GEMM_config_M64_K128_N64_UM1_UK8_UN8_GORDna_VM1ij_VM2ji_BIAS_False_INLINE_True_COMPORDER_option_1_ap_fixed_16_5_,ok,0,141,2026-10-02 14:35:31
GEMM_config_M64_K128_N64_UM8_UK1_UN8_GORDna_VM1ij_VM2ji_BIAS_True_INLINE_True_COMPORDER_option_4_ap_fixed_16_5_,ok,0,96,2026-10-02 14:35:32
GEMM_config_M64_K128_N64_UM8_UK1_UN1_GORDna_VM1ji_VM2ij_BIAS_False_INLINE_True_COMPORDER_option_5_ap_fixed_16_5_,ok,0,104,2026-10-02 14:35:33
GEMM_config_M64_K128_N64_UM1_UK8_UN1_GORDna_VM1ji_VM2ij_BIAS_False_INLINE_True_COMPORDER_option_1_ap_fixed_16_5_,ok,0,152,2026-10-02 14:35:33
GEMM_config_M64_K128_N64_UM1_UK8_UN1_GORDna_VM1ij_VM2ji_BIAS_False_INLINE_True_COMPORDER_option_4_ap_fixed_16_5_,ok,0,163,2026-10-02 14:35:34
GEMM_config_M64_K128_N128_UM8_UK8_UN8_GORDna_VM1ji_VM2ij_BIAS_True_INLINE_True_COMPORDER_option_4_ap_fixed_16_5_,ok,0,203,2026-10-02 14:35:35
GEMM_config_M64_K128_N128_UM8_UK8_UN8_GORDna_VM1ij_VM2ji_BIAS_True_INLINE_True_COMPORDER_option_4_ap_fixed_16_5_,ok,0,216,2026-10-02 14:35:35
GEMM_config_M64_K128_N64_UM1_UK8_UN1_GORDna_VM1ji_VM2ij_BIAS_True_INLINE_True_COMPORDER_option_1_ap_fixed_16_5_,ok,0,152,2026-10-02 14:35:36
GEMM_config_M64_K128_N64_UM8_UK1_UN8_GORDna_VM1ji_VM2ij_BIAS_False_INLINE_True_COMPORDER_option_1_ap_fixed_16_5_,ok,0,97,2026-10-02 14:35:37
GEMM_config_M64_K128_N64_UM8_UK1_UN8_GORDna_VM1ji_VM2ij_BIAS_True_INLINE_True_COMPORDER_option_1_ap_fixed_16_5_,ok,0,93,2026-10-02 14:35:37
GEMM_config_M64_K128_N64_UM1_UK8_UN8_GORDna_VM1ij_VM2ji_BIAS_True_INLINE_True_COMPORDER_option_1_ap_fixed_16_5_,ok,0,143,2026-10-02 14:35:38
GEMM_config_M64_K128_N64_UM8_UK1_UN1_GORDna_VM1ij_VM2ji_BIAS_True_INLINE_True_COMPORDER_option_1_ap_fixed_16_5_,ok,0,117,2026-10-02 14:35:39
GEMM_config_M64_K128_N64_UM1_UK8_UN1_GORDna_VM1ij_VM2ji_BIAS_True_INLINE_True_COMPORDER_option_4_ap_fixed_16_5_,ok,0,161,2026-10-02 14:35:39
GEMM_config_M64_K128_N64_UM8_UK1_UN1_GORDna_VM1ij_VM2ji_BIAS_False_INLINE_True_COMPORDER_option_1_ap_fixed_16_5_,ok,0,121,2026-10-02 14:35:41
GEMM_config_M64_K128_N64_UM1_UK8_UN8_GORDna_VM1ij_VM2ji_BIAS_True_INLINE_True_COMPORDER_option_5_ap_fixed_16_5_,ok,0,139,2026-10-02 14:35:43
GEMM_config_M64_K128_N64_UM1_UK8_UN8_GORDna_VM1ji_VM2ij_BIAS_False_INLINE_True_COMPORDER_option_4_ap_fixed_16_5_,ok,0,139,2026-10-02 14:35:44
GEMM_config_M64_K128_N64_UM8_UK1_UN1_GORDna_VM1ij_VM2ji_BIAS_True_INLINE_True_COMPORDER_option_5_ap_fixed_16_5_,ok,0,120,2026-10-02 14:35:45
GEMM_config_M64_K128_N64_UM8_UK1_UN1_GORDna_VM1ij_VM2ji_BIAS_False_INLINE_True_COMPORDER_option_5_ap_fixed_16_5_,ok,0,127,2026-10-02 14:35:48
GEMM_config_M64_K128_N64_UM1_UK8_UN8_GORDna_VM1ij_VM2ji_BIAS_True_INLINE_True_COMPORDER_option_4_ap_fixed_16_5_,ok,0,158,2026-10-02 14:35:54
GEMM_config_M64_K128_N64_UM8_UK1_UN1_GORDna_VM1ji_VM2ij_BIAS_False_INLINE_True_COMPORDER_option_4_ap_fixed_16_5_,ok,0,128,2026-10-02 14:35:54
GEMM_config_M64_K128_N64_UM1_UK8_UN8_GORDna_VM1ij_VM2ji_BIAS_False_INLINE_True_COMPORDER_option_4_ap_fixed_16_5_,ok,0,167,2026-10-02 14:35:57
GEMM_config_M64_K128_N64_UM8_UK1_UN1_GORDna_VM1ji_VM2ij_BIAS_True_INLINE_True_COMPORDER_option_4_ap_fixed_16_5_,ok,0,130,2026-10-02 14:36:00
GEMM_config_M64_K128_N64_UM1_UK8_UN8_GORDna_VM1ji_VM2ij_BIAS_True_INLINE_True_COMPORDER_option_4_ap_fixed_16_5_,ok,0,151,2026-10-02 14:36:06
GEMM_config_M64_K64_N128_UM1_UK1_UN1_GORDna_VM1ij_VM2ji_BIAS_False_INLINE_True_COMPORDER_option_4_ap_fixed_16_5_,ok,0,76,2026-10-02 14:36:09
GEMM_config_M64_K128_N64_UM8_UK1_UN8_GORDna_VM1ij_VM2ji_BIAS_False_INLINE_True_COMPORDER_option_1_ap_fixed_16_5_,ok,0,141,2026-10-02 14:36:12
GEMM_config_M64_K128_N64_UM1_UK8_UN8_GORDna_VM1ji_VM2ij_BIAS_True_INLINE_True_COMPORDER_option_1_ap_fixed_16_5_,ok,0,157,2026-10-02 14:36:12
GEMM_config_M64_K128_N64_UM1_UK8_UN8_GORDna_VM1ji_VM2ij_BIAS_False_INLINE_True_COMPORDER_option_1_ap_fixed_16_5_,ok,0,172,2026-10-02 14:36:18
GEMM_config_M64_K128_N64_UM8_UK8_UN1_GORDna_VM1ij_VM2ji_BIAS_False_INLINE_True_COMPORDER_option_5_ap_fixed_16_5_,ok,0,119,2026-10-02 14:36:18
GEMM_config_M64_K128_N64_UM8_UK1_UN8_GORDna_VM1ji_VM2ij_BIAS_False_INLINE_True_COMPORDER_option_5_ap_fixed_16_5_,ok,0,138,2026-10-02 14:36:19
GEMM_config_M64_K64_N128_UM1_UK1_UN1_GORDna_VM1ij_VM2ji_BIAS_False_INLINE_True_COMPORDER_option_5_ap_fixed_16_5_,ok,0,85,2026-10-02 14:36:20
GEMM_config_M64_K64_N128_UM1_UK1_UN1_GORDna_VM1ji_VM2ij_BIAS_False_INLINE_True_COMPORDER_option_4_ap_fixed_16_5_,ok,0,76,2026-10-02 14:36:21
GEMM_config_M64_K64_N128_UM1_UK1_UN1_GORDna_VM1ij_VM2ji_BIAS_False_INLINE_True_COMPORDER_option_1_ap_fixed_16_5_,ok,0,89,2026-10-02 14:36:21
GEMM_config_M64_K128_N64_UM8_UK8_UN1_GORDna_VM1ij_VM2ji_BIAS_True_INLINE_True_COMPORDER_option_5_ap_fixed_16_5_,ok,0,120,2026-10-02 14:36:21
GEMM_config_M64_K128_N64_UM8_UK1_UN8_GORDna_VM1ij_VM2ji_BIAS_True_INLINE_True_COMPORDER_option_1_ap_fixed_16_5_,ok,0,147,2026-10-02 14:36:23
GEMM_config_M64_K128_N64_UM8_UK1_UN8_GORDna_VM1ji_VM2ij_BIAS_True_INLINE_True_COMPORDER_option_5_ap_fixed_16_5_,ok,0,136,2026-10-02 14:36:23
GEMM_config_M64_K64_N128_UM1_UK1_UN1_GORDna_VM1ij_VM2ji_BIAS_True_INLINE_True_COMPORDER_option_4_ap_fixed_16_5_,ok,0,82,2026-10-02 14:36:24
GEMM_config_M64_K128_N64_UM8_UK8_UN1_GORDna_VM1ji_VM2ij_BIAS_False_INLINE_True_COMPORDER_option_5_ap_fixed_16_5_,ok,0,118,2026-10-02 14:36:25
GEMM_config_M64_K128_N64_UM1_UK8_UN8_GORDna_VM1ji_VM2ij_BIAS_False_INLINE_True_COMPORDER_option_5_ap_fixed_16_5_,ok,0,170,2026-10-02 14:36:25
GEMM_config_M64_K128_N64_UM8_UK8_UN1_GORDna_VM1ji_VM2ij_BIAS_True_INLINE_True_COMPORDER_option_5_ap_fixed_16_5_,ok,0,117,2026-10-02 14:36:25
GEMM_config_M64_K128_N64_UM1_UK8_UN8_GORDna_VM1ji_VM2ij_BIAS_True_INLINE_True_COMPORDER_option_5_ap_fixed_16_5_,ok,0,169,2026-10-02 14:36:26
GEMM_config_M64_K64_N128_UM1_UK1_UN1_GORDna_VM1ij_VM2ji_BIAS_True_INLINE_True_COMPORDER_option_1_ap_fixed_16_5_,ok,0,89,2026-10-02 14:36:27
GEMM_config_M64_K128_N64_UM8_UK8_UN1_GORDna_VM1ij_VM2ji_BIAS_True_INLINE_True_COMPORDER_option_1_ap_fixed_16_5_,ok,0,129,2026-10-02 14:36:28
GEMM_config_M64_K64_N128_UM1_UK1_UN1_GORDna_VM1ij_VM2ji_BIAS_True_INLINE_True_COMPORDER_option_5_ap_fixed_16_5_,ok,0,85,2026-10-02 14:36:28
GEMM_config_M64_K64_N128_UM1_UK1_UN1_GORDna_VM1ji_VM2ij_BIAS_False_INLINE_True_COMPORDER_option_1_ap_fixed_16_5_,ok,0,86,2026-10-02 14:36:30
GEMM_config_M64_K128_N64_UM8_UK1_UN8_GORDna_VM1ji_VM2ij_BIAS_False_INLINE_True_COMPORDER_option_4_ap_fixed_16_5_,ok,0,150,2026-10-02 14:36:30
GEMM_config_M64_K128_N64_UM8_UK8_UN1_GORDna_VM1ij_VM2ji_BIAS_False_INLINE_True_COMPORDER_option_1_ap_fixed_16_5_,ok,0,138,2026-10-02 14:36:30
GEMM_config_M64_K64_N128_UM1_UK1_UN1_GORDna_VM1ji_VM2ij_BIAS_False_INLINE_True_COMPORDER_option_5_ap_fixed_16_5_,ok,0,86,2026-10-02 14:36:34
GEMM_config_M64_K64_N128_UM1_UK1_UN1_GORDna_VM1ji_VM2ij_BIAS_True_INLINE_True_COMPORDER_option_4_ap_fixed_16_5_,ok,0,81,2026-10-02 14:36:34
GEMM_config_M64_K128_N64_UM8_UK8_UN1_GORDna_VM1ji_VM2ij_BIAS_False_INLINE_True_COMPORDER_option_4_ap_fixed_16_5_,ok,0,131,2026-10-02 14:36:34
GEMM_config_M64_K128_N64_UM8_UK1_UN8_GORDna_VM1ij_VM2ji_BIAS_False_INLINE_True_COMPORDER_option_5_ap_fixed_16_5_,ok,0,166,2026-10-02 14:36:38
GEMM_config_M64_K64_N128_UM1_UK1_UN1_GORDna_VM1ji_VM2ij_BIAS_True_INLINE_True_COMPORDER_option_1_ap_fixed_16_5_,ok,0,89,2026-10-02 14:36:40
GEMM_config_M64_K64_N128_UM1_UK1_UN1_GORDna_VM1ji_VM2ij_BIAS_True_INLINE_True_COMPORDER_option_5_ap_fixed_16_5_,ok,0,85,2026-10-02 14:36:41
GEMM_config_M64_K128_N64_UM8_UK1_UN8_GORDna_VM1ji_VM2ij_BIAS_True_INLINE_True_COMPORDER_option_4_ap_fixed_16_5_,ok,0,159,2026-10-02 14:36:45
GEMM_config_M64_K64_N128_UM1_UK1_UN8_GORDna_VM1ij_VM2ji_BIAS_False_INLINE_True_COMPORDER_option_4_ap_fixed_16_5_,ok,0,92,2026-10-02 14:36:50
GEMM_config_M64_K128_N64_UM8_UK8_UN1_GORDna_VM1ji_VM2ij_BIAS_True_INLINE_True_COMPORDER_option_4_ap_fixed_16_5_,ok,0,142,2026-10-02 14:36:50
GEMM_config_M64_K64_N128_UM1_UK1_UN8_GORDna_VM1ij_VM2ji_BIAS_True_INLINE_True_COMPORDER_option_4_ap_fixed_16_5_,ok,0,89,2026-10-02 14:36:51
GEMM_config_M64_K128_N64_UM8_UK1_UN8_GORDna_VM1ij_VM2ji_BIAS_True_INLINE_True_COMPORDER_option_5_ap_fixed_16_5_,ok,0,173,2026-10-02 14:36:51
GEMM_config_M64_K64_N128_UM1_UK1_UN8_GORDna_VM1ji_VM2ij_BIAS_False_INLINE_True_COMPORDER_option_1_ap_fixed_16_5_,ok,0,89,2026-10-02 14:36:54
GEMM_config_M64_K64_N128_UM1_UK8_UN1_GORDna_VM1ij_VM2ji_BIAS_False_INLINE_True_COMPORDER_option_4_ap_fixed_16_5_,ok,0,82,2026-10-02 14:36:56
GEMM_config_M64_K64_N128_UM1_UK8_UN1_GORDna_VM1ji_VM2ij_BIAS_True_INLINE_True_COMPORDER_option_4_ap_fixed_16_5_,ok,0,76,2026-10-02 14:36:57
GEMM_config_M64_K64_N128_UM1_UK8_UN1_GORDna_VM1ji_VM2ij_BIAS_False_INLINE_True_COMPORDER_option_4_ap_fixed_16_5_,ok,0,79,2026-10-02 14:36:57
GEMM_config_M64_K64_N128_UM1_UK8_UN1_GORDna_VM1ij_VM2ji_BIAS_True_INLINE_True_COMPORDER_option_4_ap_fixed_16_5_,ok,0,82,2026-10-02 14:36:57
GEMM_config_M64_K64_N128_UM1_UK1_UN8_GORDna_VM1ji_VM2ij_BIAS_True_INLINE_True_COMPORDER_option_1_ap_fixed_16_5_,ok,0,87,2026-10-02 14:36:58
GEMM_config_M64_K64_N128_UM1_UK8_UN1_GORDna_VM1ij_VM2ji_BIAS_False_INLINE_True_COMPORDER_option_5_ap_fixed_16_5_,ok,0,86,2026-10-02 14:37:00
GEMM_config_M64_K128_N64_UM8_UK8_UN1_GORDna_VM1ji_VM2ij_BIAS_False_INLINE_True_COMPORDER_option_1_ap_fixed_16_5_,ok,0,160,2026-10-02 14:37:01
GEMM_config_M64_K64_N128_UM1_UK8_UN1_GORDna_VM1ij_VM2ji_BIAS_False_INLINE_True_COMPORDER_option_1_ap_fixed_16_5_,ok,0,89,2026-10-02 14:37:02
GEMM_config_M64_K64_N128_UM1_UK8_UN1_GORDna_VM1ij_VM2ji_BIAS_True_INLINE_True_COMPORDER_option_5_ap_fixed_16_5_,ok,0,89,2026-10-02 14:37:06
GEMM_config_M64_K128_N64_UM8_UK8_UN1_GORDna_VM1ij_VM2ji_BIAS_False_INLINE_True_COMPORDER_option_4_ap_fixed_16_5_,ok,0,171,2026-10-02 14:37:06
GEMM_config_M64_K128_N64_UM8_UK8_UN1_GORDna_VM1ji_VM2ij_BIAS_True_INLINE_True_COMPORDER_option_1_ap_fixed_16_5_,ok,0,160,2026-10-02 14:37:07
GEMM_config_M64_K64_N128_UM1_UK8_UN1_GORDna_VM1ij_VM2ji_BIAS_True_INLINE_True_COMPORDER_option_1_ap_fixed_16_5_,ok,0,93,2026-10-02 14:37:08
GEMM_config_M64_K64_N128_UM1_UK1_UN8_GORDna_VM1ij_VM2ji_BIAS_False_INLINE_True_COMPORDER_option_1_ap_fixed_16_5_,ok,0,114,2026-10-02 14:37:11
GEMM_config_M64_K64_N128_UM1_UK1_UN8_GORDna_VM1ij_VM2ji_BIAS_False_INLINE_True_COMPORDER_option_5_ap_fixed_16_5_,ok,0,113,2026-10-02 14:37:12
GEMM_config_M64_K128_N64_UM8_UK8_UN1_GORDna_VM1ij_VM2ji_BIAS_True_INLINE_True_COMPORDER_option_4_ap_fixed_16_5_,ok,0,177,2026-10-02 14:37:17
GEMM_config_M64_K64_N128_UM1_UK1_UN8_GORDna_VM1ij_VM2ji_BIAS_True_INLINE_True_COMPORDER_option_1_ap_fixed_16_5_,ok,0,119,2026-10-02 14:37:19
GEMM_config_M64_K128_N64_UM8_UK8_UN8_GORDna_VM1ij_VM2ji_BIAS_False_INLINE_True_COMPORDER_option_5_ap_fixed_16_5_,ok,0,165,2026-10-02 14:37:22
GEMM_config_M64_K64_N128_UM1_UK1_UN8_GORDna_VM1ji_VM2ij_BIAS_False_INLINE_True_COMPORDER_option_4_ap_fixed_16_5_,ok,0,118,2026-10-02 14:37:24
GEMM_config_M64_K128_N64_UM8_UK8_UN8_GORDna_VM1ij_VM2ji_BIAS_False_INLINE_True_COMPORDER_option_1_ap_fixed_16_5_,ok,0,174,2026-10-02 14:37:24
GEMM_config_M64_K64_N128_UM1_UK1_UN8_GORDna_VM1ij_VM2ji_BIAS_True_INLINE_True_COMPORDER_option_5_ap_fixed_16_5_,ok,0,122,2026-10-02 14:37:25
GEMM_config_M64_K64_N128_UM1_UK1_UN8_GORDna_VM1ji_VM2ij_BIAS_False_INLINE_True_COMPORDER_option_5_ap_fixed_16_5_,ok,0,120,2026-10-02 14:37:27
GEMM_config_M64_K64_N128_UM1_UK1_UN8_GORDna_VM1ji_VM2ij_BIAS_True_INLINE_True_COMPORDER_option_5_ap_fixed_16_5_,ok,0,119,2026-10-02 14:37:32
GEMM_config_M64_K64_N128_UM1_UK8_UN1_GORDna_VM1ji_VM2ij_BIAS_False_INLINE_True_COMPORDER_option_5_ap_fixed_16_5_,ok,0,113,2026-10-02 14:37:32
GEMM_config_M64_K128_N64_UM8_UK8_UN8_GORDna_VM1ij_VM2ji_BIAS_True_INLINE_True_COMPORDER_option_1_ap_fixed_16_5_,ok,0,172,2026-10-02 14:37:34
GEMM_config_M64_K128_N64_UM8_UK8_UN8_GORDna_VM1ji_VM2ij_BIAS_True_INLINE_True_COMPORDER_option_1_ap_fixed_16_5_,ok,0,166,2026-10-02 14:37:35
GEMM_config_M64_K64_N128_UM1_UK1_UN8_GORDna_VM1ji_VM2ij_BIAS_True_INLINE_True_COMPORDER_option_4_ap_fixed_16_5_,ok,0,124,2026-10-02 14:37:36
GEMM_config_M64_K128_N64_UM8_UK8_UN8_GORDna_VM1ij_VM2ji_BIAS_True_INLINE_True_COMPORDER_option_5_ap_fixed_16_5_,ok,0,174,2026-10-02 14:37:37
GEMM_config_M64_K64_N128_UM1_UK8_UN1_GORDna_VM1ji_VM2ij_BIAS_True_INLINE_True_COMPORDER_option_5_ap_fixed_16_5_,ok,0,115,2026-10-02 14:37:38
GEMM_config_M64_K128_N64_UM8_UK8_UN8_GORDna_VM1ji_VM2ij_BIAS_False_INLINE_True_COMPORDER_option_1_ap_fixed_16_5_,ok,0,173,2026-10-02 14:37:40
GEMM_config_M64_K128_N64_UM8_UK8_UN8_GORDna_VM1ij_VM2ji_BIAS_False_INLINE_True_COMPORDER_option_4_ap_fixed_16_5_,ok,0,188,2026-10-02 14:37:44
GEMM_config_M64_K128_N64_UM8_UK8_UN8_GORDna_VM1ij_VM2ji_BIAS_True_INLINE_True_COMPORDER_option_4_ap_fixed_16_5_,ok,0,182,2026-10-02 14:37:45
GEMM_config_M64_K128_N64_UM8_UK8_UN8_GORDna_VM1ji_VM2ij_BIAS_False_INLINE_True_COMPORDER_option_5_ap_fixed_16_5_,ok,0,179,2026-10-02 14:37:47
GEMM_config_M64_K128_N64_UM8_UK8_UN8_GORDna_VM1ji_VM2ij_BIAS_True_INLINE_True_COMPORDER_option_4_ap_fixed_16_5_,ok,0,179,2026-10-02 14:37:49
GEMM_config_M64_K128_N64_UM8_UK8_UN8_GORDna_VM1ji_VM2ij_BIAS_False_INLINE_True_COMPORDER_option_4_ap_fixed_16_5_,ok,0,182,2026-10-02 14:37:50
GEMM_config_M64_K64_N128_UM8_UK1_UN1_GORDna_VM1ji_VM2ij_BIAS_False_INLINE_True_COMPORDER_option_1_ap_fixed_16_5_,ok,0,88,2026-10-02 14:37:51
GEMM_config_M64_K64_N128_UM8_UK1_UN1_GORDna_VM1ij_VM2ji_BIAS_True_INLINE_True_COMPORDER_option_4_ap_fixed_16_5_,ok,0,92,2026-10-02 14:37:53
GEMM_config_M64_K64_N128_UM8_UK1_UN1_GORDna_VM1ij_VM2ji_BIAS_False_INLINE_True_COMPORDER_option_4_ap_fixed_16_5_,ok,0,96,2026-10-02 14:37:55
GEMM_config_M64_K64_N128_UM1_UK8_UN8_GORDna_VM1ij_VM2ji_BIAS_False_INLINE_True_COMPORDER_option_5_ap_fixed_16_5_,ok,0,128,2026-10-02 14:37:55
GEMM_config_M64_K64_N128_UM8_UK1_UN1_GORDna_VM1ji_VM2ij_BIAS_True_INLINE_True_COMPORDER_option_1_ap_fixed_16_5_,ok,0,91,2026-10-02 14:37:56
GEMM_config_M64_K64_N128_UM1_UK8_UN1_GORDna_VM1ji_VM2ij_BIAS_True_INLINE_True_COMPORDER_option_1_ap_fixed_16_5_,ok,0,140,2026-10-02 14:37:59
GEMM_config_M64_K64_N128_UM8_UK1_UN1_GORDna_VM1ji_VM2ij_BIAS_True_INLINE_True_COMPORDER_option_5_ap_fixed_16_5_,ok,0,95,2026-10-02 14:38:00
GEMM_config_M64_K128_N64_UM8_UK8_UN8_GORDna_VM1ji_VM2ij_BIAS_True_INLINE_True_COMPORDER_option_5_ap_fixed_16_5_,ok,0,189,2026-10-02 14:38:01
GEMM_config_M64_K64_N128_UM8_UK1_UN1_GORDna_VM1ji_VM2ij_BIAS_False_INLINE_True_COMPORDER_option_5_ap_fixed_16_5_,ok,0,96,2026-10-02 14:38:01
GEMM_config_M64_K64_N128_UM8_UK1_UN8_GORDna_VM1ij_VM2ji_BIAS_False_INLINE_True_COMPORDER_option_4_ap_fixed_16_5_,ok,0,94,2026-10-02 14:38:01
GEMM_config_M64_K64_N128_UM1_UK8_UN8_GORDna_VM1ij_VM2ji_BIAS_False_INLINE_True_COMPORDER_option_1_ap_fixed_16_5_,ok,0,138,2026-10-02 14:38:02
GEMM_config_M64_K64_N128_UM8_UK1_UN8_GORDna_VM1ij_VM2ji_BIAS_True_INLINE_True_COMPORDER_option_4_ap_fixed_16_5_,ok,0,94,2026-10-02 14:38:04
GEMM_config_M64_K64_N128_UM8_UK1_UN8_GORDna_VM1ji_VM2ij_BIAS_False_INLINE_True_COMPORDER_option_1_ap_fixed_16_5_,ok,0,94,2026-10-02 14:38:04
GEMM_config_M64_K64_N128_UM1_UK8_UN1_GORDna_VM1ji_VM2ij_BIAS_False_INLINE_True_COMPORDER_option_1_ap_fixed_16_5_,ok,0,147,2026-10-02 14:38:05
GEMM_config_M64_K64_N128_UM8_UK1_UN8_GORDna_VM1ji_VM2ij_BIAS_True_INLINE_True_COMPORDER_option_1_ap_fixed_16_5_,ok,0,93,2026-10-02 14:38:07
GEMM_config_M64_K64_N128_UM8_UK1_UN1_GORDna_VM1ij_VM2ji_BIAS_False_INLINE_True_COMPORDER_option_1_ap_fixed_16_5_,ok,0,111,2026-10-02 14:38:09
GEMM_config_M64_K64_N128_UM1_UK8_UN8_GORDna_VM1ij_VM2ji_BIAS_True_INLINE_True_COMPORDER_option_5_ap_fixed_16_5_,ok,0,134,2026-10-02 14:38:11
GEMM_config_M64_K64_N128_UM8_UK1_UN1_GORDna_VM1ij_VM2ji_BIAS_True_INLINE_True_COMPORDER_option_1_ap_fixed_16_5_,ok,0,111,2026-10-02 14:38:11
GEMM_config_M64_K64_N128_UM8_UK1_UN1_GORDna_VM1ij_VM2ji_BIAS_False_INLINE_True_COMPORDER_option_5_ap_fixed_16_5_,ok,0,114,2026-10-02 14:38:14
GEMM_config_M64_K64_N128_UM1_UK8_UN8_GORDna_VM1ij_VM2ji_BIAS_True_INLINE_True_COMPORDER_option_1_ap_fixed_16_5_,ok,0,143,2026-10-02 14:38:17
GEMM_config_M64_K64_N128_UM8_UK1_UN1_GORDna_VM1ij_VM2ji_BIAS_True_INLINE_True_COMPORDER_option_5_ap_fixed_16_5_,ok,0,120,2026-10-02 14:38:22
GEMM_config_M64_K64_N128_UM1_UK8_UN8_GORDna_VM1ij_VM2ji_BIAS_False_INLINE_True_COMPORDER_option_4_ap_fixed_16_5_,ok,0,158,2026-10-02 14:38:23
GEMM_config_M64_K64_N128_UM8_UK1_UN1_GORDna_VM1ji_VM2ij_BIAS_True_INLINE_True_COMPORDER_option_4_ap_fixed_16_5_,ok,0,120,2026-10-02 14:38:25
GEMM_config_M64_K64_N128_UM8_UK1_UN1_GORDna_VM1ji_VM2ij_BIAS_False_INLINE_True_COMPORDER_option_4_ap_fixed_16_5_,ok,0,123,2026-10-02 14:38:26
GEMM_config_M64_K64_N128_UM1_UK8_UN8_GORDna_VM1ji_VM2ij_BIAS_True_INLINE_True_COMPORDER_option_4_ap_fixed_16_5_,ok,0,137,2026-10-02 14:38:29
GEMM_config_M64_K64_N128_UM1_UK8_UN8_GORDna_VM1ij_VM2ji_BIAS_True_INLINE_True_COMPORDER_option_4_ap_fixed_16_5_,ok,0,157,2026-10-02 14:38:31
GEMM_config_M64_K64_N128_UM1_UK8_UN8_GORDna_VM1ji_VM2ij_BIAS_False_INLINE_True_COMPORDER_option_4_ap_fixed_16_5_,ok,0,145,2026-10-02 14:38:32
GEMM_config_M64_K64_N64_UM1_UK1_UN1_GORDna_VM1ij_VM2ji_BIAS_False_INLINE_True_COMPORDER_option_4_ap_fixed_16_5_,ok,0,82,2026-10-02 14:38:46
GEMM_config_M64_K64_N64_UM1_UK1_UN1_GORDna_VM1ij_VM2ji_BIAS_False_INLINE_True_COMPORDER_option_5_ap_fixed_16_5_,ok,0,83,2026-10-02 14:38:48
GEMM_config_M64_K64_N64_UM1_UK1_UN1_GORDna_VM1ij_VM2ji_BIAS_False_INLINE_True_COMPORDER_option_1_ap_fixed_16_5_,ok,0,84,2026-10-02 14:38:48
GEMM_config_M64_K64_N128_UM8_UK1_UN8_GORDna_VM1ij_VM2ji_BIAS_False_INLINE_True_COMPORDER_option_1_ap_fixed_16_5_,ok,0,143,2026-10-02 14:38:49
GEMM_config_M64_K64_N128_UM8_UK8_UN1_GORDna_VM1ij_VM2ji_BIAS_False_INLINE_True_COMPORDER_option_1_ap_fixed_16_5_,ok,0,129,2026-10-02 14:38:50
GEMM_config_M64_K64_N128_UM1_UK8_UN8_GORDna_VM1ji_VM2ij_BIAS_False_INLINE_True_COMPORDER_option_1_ap_fixed_16_5_,ok,0,170,2026-10-02 14:38:51
GEMM_config_M64_K64_N128_UM1_UK8_UN8_GORDna_VM1ji_VM2ij_BIAS_False_INLINE_True_COMPORDER_option_5_ap_fixed_16_5_,ok,0,162,2026-10-02 14:38:51
GEMM_config_M64_K64_N64_UM1_UK1_UN1_GORDna_VM1ij_VM2ji_BIAS_True_INLINE_True_COMPORDER_option_1_ap_fixed_16_5_,ok,0,85,2026-10-02 14:38:51
GEMM_config_M64_K64_N128_UM8_UK8_UN1_GORDna_VM1ij_VM2ji_BIAS_False_INLINE_True_COMPORDER_option_5_ap_fixed_16_5_,ok,0,122,2026-10-02 14:38:52
GEMM_config_M64_K64_N64_UM1_UK1_UN1_GORDna_VM1ij_VM2ji_BIAS_True_INLINE_True_COMPORDER_option_5_ap_fixed_16_5_,ok,0,83,2026-10-02 14:38:55
GEMM_config_M64_K64_N128_UM8_UK1_UN8_GORDna_VM1ij_VM2ji_BIAS_True_INLINE_True_COMPORDER_option_1_ap_fixed_16_5_,ok,0,147,2026-10-02 14:38:55
GEMM_config_M64_K64_N128_UM8_UK8_UN1_GORDna_VM1ij_VM2ji_BIAS_True_INLINE_True_COMPORDER_option_5_ap_fixed_16_5_,ok,0,123,2026-10-02 14:38:55
GEMM_config_M64_K64_N128_UM1_UK8_UN8_GORDna_VM1ji_VM2ij_BIAS_True_INLINE_True_COMPORDER_option_5_ap_fixed_16_5_,ok,0,158,2026-10-02 14:38:55
GEMM_config_M64_K64_N128_UM8_UK8_UN1_GORDna_VM1ij_VM2ji_BIAS_True_INLINE_True_COMPORDER_option_1_ap_fixed_16_5_,ok,0,128,2026-10-02 14:38:58
GEMM_config_M64_K64_N128_UM1_UK8_UN8_GORDna_VM1ji_VM2ij_BIAS_True_INLINE_True_COMPORDER_option_1_ap_fixed_16_5_,ok,0,167,2026-10-02 14:38:59
GEMM_config_M64_K64_N128_UM8_UK8_UN1_GORDna_VM1ji_VM2ij_BIAS_True_INLINE_True_COMPORDER_option_5_ap_fixed_16_5_,ok,0,122,2026-10-02 14:39:00
GEMM_config_M64_K64_N64_UM1_UK1_UN1_GORDna_VM1ji_VM2ij_BIAS_False_INLINE_True_COMPORDER_option_5_ap_fixed_16_5_,ok,0,85,2026-10-02 14:39:01
GEMM_config_M64_K64_N64_UM1_UK1_UN1_GORDna_VM1ij_VM2ji_BIAS_True_INLINE_True_COMPORDER_option_4_ap_fixed_16_5_,ok,0,89,2026-10-02 14:39:01
GEMM_config_M64_K64_N64_UM1_UK1_UN1_GORDna_VM1ji_VM2ij_BIAS_False_INLINE_True_COMPORDER_option_1_ap_fixed_16_5_,ok,0,87,2026-10-02 14:39:01
GEMM_config_M64_K64_N128_UM8_UK1_UN8_GORDna_VM1ji_VM2ij_BIAS_True_INLINE_True_COMPORDER_option_5_ap_fixed_16_5_,ok,0,142,2026-10-02 14:39:02
GEMM_config_M64_K64_N64_UM1_UK1_UN1_GORDna_VM1ji_VM2ij_BIAS_True_INLINE_True_COMPORDER_option_4_ap_fixed_16_5_,ok,0,84,2026-10-02 14:39:02
GEMM_config_M64_K64_N128_UM8_UK1_UN8_GORDna_VM1ji_VM2ij_BIAS_False_INLINE_True_COMPORDER_option_5_ap_fixed_16_5_,ok,0,149,2026-10-02 14:39:02
GEMM_config_M64_K64_N64_UM1_UK1_UN1_GORDna_VM1ji_VM2ij_BIAS_True_INLINE_True_COMPORDER_option_1_ap_fixed_16_5_,ok,0,86,2026-10-02 14:39:03
GEMM_config_M64_K64_N128_UM8_UK8_UN1_GORDna_VM1ji_VM2ij_BIAS_False_INLINE_True_COMPORDER_option_5_ap_fixed_16_5_,ok,0,127,2026-10-02 14:39:03
GEMM_config_M64_K64_N64_UM1_UK1_UN1_GORDna_VM1ji_VM2ij_BIAS_False_INLINE_True_COMPORDER_option_4_ap_fixed_16_5_,ok,0,89,2026-10-02 14:39:03
GEMM_config_M64_K64_N64_UM1_UK1_UN1_GORDna_VM1ji_VM2ij_BIAS_True_INLINE_True_COMPORDER_option_5_ap_fixed_16_5_,ok,0,85,2026-10-02 14:39:05
GEMM_config_M64_K64_N128_UM8_UK1_UN8_GORDna_VM1ij_VM2ji_BIAS_False_INLINE_True_COMPORDER_option_5_ap_fixed_16_5_,ok,0,160,2026-10-02 14:39:08
GEMM_config_M64_K64_N128_UM8_UK1_UN8_GORDna_VM1ij_VM2ji_BIAS_True_INLINE_True_COMPORDER_option_5_ap_fixed_16_5_,ok,0,158,2026-10-02 14:39:08
GEMM_config_M64_K64_N128_UM8_UK1_UN8_GORDna_VM1ji_VM2ij_BIAS_False_INLINE_True_COMPORDER_option_4_ap_fixed_16_5_,ok,0,156,2026-10-02 14:39:09
GEMM_config_M64_K64_N128_UM8_UK1_UN8_GORDna_VM1ji_VM2ij_BIAS_True_INLINE_True_COMPORDER_option_4_ap_fixed_16_5_,ok,0,153,2026-10-02 14:39:11
GEMM_config_M64_K64_N128_UM8_UK8_UN1_GORDna_VM1ji_VM2ij_BIAS_False_INLINE_True_COMPORDER_option_4_ap_fixed_16_5_,ok,0,135,2026-10-02 14:39:11
GEMM_config_M64_K64_N128_UM8_UK8_UN1_GORDna_VM1ji_VM2ij_BIAS_True_INLINE_True_COMPORDER_option_4_ap_fixed_16_5_,ok,0,137,2026-10-02 14:39:14
GEMM_config_M64_K64_N64_UM1_UK1_UN8_GORDna_VM1ij_VM2ji_BIAS_False_INLINE_True_COMPORDER_option_4_ap_fixed_16_5_,ok,0,90,2026-10-02 14:39:16
GEMM_config_M64_K64_N64_UM1_UK1_UN8_GORDna_VM1ij_VM2ji_BIAS_True_INLINE_True_COMPORDER_option_4_ap_fixed_16_5_,ok,0,88,2026-10-02 14:39:18
GEMM_config_M64_K64_N64_UM1_UK1_UN8_GORDna_VM1ji_VM2ij_BIAS_False_INLINE_True_COMPORDER_option_1_ap_fixed_16_5_,ok,0,91,2026-10-02 14:39:24
GEMM_config_M64_K64_N64_UM1_UK1_UN8_GORDna_VM1ji_VM2ij_BIAS_True_INLINE_True_COMPORDER_option_1_ap_fixed_16_5_,ok,0,90,2026-10-02 14:39:25
GEMM_config_M64_K64_N64_UM1_UK8_UN1_GORDna_VM1ij_VM2ji_BIAS_True_INLINE_True_COMPORDER_option_1_ap_fixed_16_5_,ok,0,89,2026-10-02 14:39:31
GEMM_config_M64_K64_N64_UM1_UK8_UN1_GORDna_VM1ij_VM2ji_BIAS_False_INLINE_True_COMPORDER_option_1_ap_fixed_16_5_,ok,0,91,2026-10-02 14:39:32
GEMM_config_M64_K64_N64_UM1_UK8_UN1_GORDna_VM1ji_VM2ij_BIAS_False_INLINE_True_COMPORDER_option_4_ap_fixed_16_5_,ok,0,86,2026-10-02 14:39:33
GEMM_config_M64_K64_N64_UM1_UK8_UN1_GORDna_VM1ij_VM2ji_BIAS_True_INLINE_True_COMPORDER_option_5_ap_fixed_16_5_,ok,0,89,2026-10-02 14:39:33
GEMM_config_M64_K64_N64_UM1_UK8_UN1_GORDna_VM1ij_VM2ji_BIAS_False_INLINE_True_COMPORDER_option_5_ap_fixed_16_5_,ok,0,92,2026-10-02 14:39:33
GEMM_config_M64_K64_N128_UM8_UK8_UN1_GORDna_VM1ij_VM2ji_BIAS_True_INLINE_True_COMPORDER_option_4_ap_fixed_16_5_,ok,0,164,2026-10-02 14:39:35
GEMM_config_M64_K64_N64_UM1_UK1_UN8_GORDna_VM1ij_VM2ji_BIAS_False_INLINE_True_COMPORDER_option_1_ap_fixed_16_5_,ok,0,114,2026-10-02 14:39:38
GEMM_config_M64_K64_N64_UM1_UK8_UN1_GORDna_VM1ji_VM2ij_BIAS_True_INLINE_True_COMPORDER_option_4_ap_fixed_16_5_,ok,0,88,2026-10-02 14:39:40
GEMM_config_M64_K64_N64_UM1_UK1_UN8_GORDna_VM1ij_VM2ji_BIAS_False_INLINE_True_COMPORDER_option_5_ap_fixed_16_5_,ok,0,115,2026-10-02 14:39:42
GEMM_config_M64_K64_N128_UM8_UK8_UN1_GORDna_VM1ji_VM2ij_BIAS_False_INLINE_True_COMPORDER_option_1_ap_fixed_16_5_,ok,0,172,2026-10-02 14:39:45
GEMM_config_M64_K64_N64_UM1_UK1_UN8_GORDna_VM1ij_VM2ji_BIAS_True_INLINE_True_COMPORDER_option_5_ap_fixed_16_5_,ok,0,116,2026-10-02 14:39:46
GEMM_config_M64_K64_N128_UM8_UK8_UN1_GORDna_VM1ij_VM2ji_BIAS_False_INLINE_True_COMPORDER_option_4_ap_fixed_16_5_,ok,0,181,2026-10-02 14:39:47
GEMM_config_M64_K64_N64_UM1_UK1_UN8_GORDna_VM1ij_VM2ji_BIAS_True_INLINE_True_COMPORDER_option_1_ap_fixed_16_5_,ok,0,119,2026-10-02 14:39:48
GEMM_config_M64_K64_N64_UM1_UK1_UN8_GORDna_VM1ji_VM2ij_BIAS_False_INLINE_True_COMPORDER_option_4_ap_fixed_16_5_,ok,0,116,2026-10-02 14:39:50
GEMM_config_M64_K64_N128_UM8_UK8_UN8_GORDna_VM1ij_VM2ji_BIAS_False_INLINE_True_COMPORDER_option_1_ap_fixed_16_5_,ok,0,172,2026-10-02 14:39:53
GEMM_config_M64_K64_N128_UM8_UK8_UN1_GORDna_VM1ji_VM2ij_BIAS_True_INLINE_True_COMPORDER_option_1_ap_fixed_16_5_,ok,0,177,2026-10-02 14:39:54
GEMM_config_M64_K64_N128_UM8_UK8_UN8_GORDna_VM1ij_VM2ji_BIAS_False_INLINE_True_COMPORDER_option_5_ap_fixed_16_5_,ok,0,172,2026-10-02 14:39:54
GEMM_config_M64_K64_N128_UM8_UK8_UN8_GORDna_VM1ij_VM2ji_BIAS_False_INLINE_True_COMPORDER_option_4_ap_fixed_16_5_,ok,0,175,2026-10-02 14:39:56
GEMM_config_M64_K64_N64_UM1_UK1_UN8_GORDna_VM1ji_VM2ij_BIAS_True_INLINE_True_COMPORDER_option_4_ap_fixed_16_5_,ok,0,117,2026-10-02 14:39:57
GEMM_config_M64_K64_N128_UM8_UK8_UN8_GORDna_VM1ij_VM2ji_BIAS_True_INLINE_True_COMPORDER_option_1_ap_fixed_16_5_,ok,0,172,2026-10-02 14:39:58
GEMM_config_M64_K64_N128_UM8_UK8_UN8_GORDna_VM1ij_VM2ji_BIAS_True_INLINE_True_COMPORDER_option_5_ap_fixed_16_5_,ok,0,171,2026-10-02 14:39:58
GEMM_config_M64_K64_N64_UM1_UK1_UN8_GORDna_VM1ji_VM2ij_BIAS_True_INLINE_True_COMPORDER_option_5_ap_fixed_16_5_,ok,0,118,2026-10-02 14:39:58
GEMM_config_M64_K64_N64_UM1_UK1_UN8_GORDna_VM1ji_VM2ij_BIAS_False_INLINE_True_COMPORDER_option_5_ap_fixed_16_5_,ok,0,123,2026-10-02 14:39:59
GEMM_config_M64_K64_N64_UM1_UK8_UN1_GORDna_VM1ji_VM2ij_BIAS_False_INLINE_True_COMPORDER_option_5_ap_fixed_16_5_,ok,0,111,2026-10-02 14:39:59
GEMM_config_M64_K64_N64_UM1_UK8_UN1_GORDna_VM1ji_VM2ij_BIAS_True_INLINE_True_COMPORDER_option_5_ap_fixed_16_5_,ok,0,110,2026-10-02 14:40:04
GEMM_config_M64_K64_N128_UM8_UK8_UN8_GORDna_VM1ji_VM2ij_BIAS_False_INLINE_True_COMPORDER_option_4_ap_fixed_16_5_,ok,0,174,2026-10-02 14:40:06
GEMM_config_M64_K64_N128_UM8_UK8_UN8_GORDna_VM1ji_VM2ij_BIAS_False_INLINE_True_COMPORDER_option_1_ap_fixed_16_5_,ok,0,179,2026-10-02 14:40:07
GEMM_config_M64_K64_N128_UM8_UK8_UN8_GORDna_VM1ji_VM2ij_BIAS_True_INLINE_True_COMPORDER_option_1_ap_fixed_16_5_,ok,0,177,2026-10-02 14:40:14
GEMM_config_M64_K64_N128_UM8_UK8_UN8_GORDna_VM1ji_VM2ij_BIAS_True_INLINE_True_COMPORDER_option_4_ap_fixed_16_5_,ok,0,175,2026-10-02 14:40:14
GEMM_config_M64_K64_N128_UM8_UK8_UN8_GORDna_VM1ji_VM2ij_BIAS_True_INLINE_True_COMPORDER_option_5_ap_fixed_16_5_,ok,0,178,2026-10-02 14:40:20
GEMM_config_M64_K64_N128_UM8_UK8_UN8_GORDna_VM1ij_VM2ji_BIAS_True_INLINE_True_COMPORDER_option_4_ap_fixed_16_5_,ok,0,194,2026-10-02 14:40:20
GEMM_config_M64_K64_N64_UM8_UK1_UN1_GORDna_VM1ij_VM2ji_BIAS_False_INLINE_True_COMPORDER_option_4_ap_fixed_16_5_,ok,0,91,2026-10-02 14:40:22
GEMM_config_M64_K64_N64_UM8_UK1_UN1_GORDna_VM1ji_VM2ij_BIAS_False_INLINE_True_COMPORDER_option_1_ap_fixed_16_5_,ok,0,87,2026-10-02 14:40:22
GEMM_config_M64_K64_N64_UM1_UK8_UN1_GORDna_VM1ij_VM2ji_BIAS_True_INLINE_True_COMPORDER_option_4_ap_fixed_16_5_,ok,0,138,2026-10-02 14:40:22
GEMM_config_M64_K64_N64_UM8_UK1_UN1_GORDna_VM1ij_VM2ji_BIAS_True_INLINE_True_COMPORDER_option_4_ap_fixed_16_5_,ok,0,93,2026-10-02 14:40:25
GEMM_config_M64_K64_N64_UM8_UK1_UN1_GORDna_VM1ji_VM2ij_BIAS_False_INLINE_True_COMPORDER_option_5_ap_fixed_16_5_,ok,0,90,2026-10-02 14:40:25
GEMM_config_M64_K64_N64_UM1_UK8_UN8_GORDna_VM1ij_VM2ji_BIAS_False_INLINE_True_COMPORDER_option_5_ap_fixed_16_5_,ok,0,123,2026-10-02 14:40:26
GEMM_config_M64_K64_N64_UM1_UK8_UN1_GORDna_VM1ij_VM2ji_BIAS_False_INLINE_True_COMPORDER_option_4_ap_fixed_16_5_,ok,0,146,2026-10-02 14:40:26
GEMM_config_M64_K64_N64_UM1_UK8_UN8_GORDna_VM1ij_VM2ji_BIAS_False_INLINE_True_COMPORDER_option_1_ap_fixed_16_5_,ok,0,132,2026-10-02 14:40:29
GEMM_config_M64_K64_N64_UM8_UK1_UN1_GORDna_VM1ji_VM2ij_BIAS_True_INLINE_True_COMPORDER_option_1_ap_fixed_16_5_,ok,0,92,2026-10-02 14:40:29
GEMM_config_M64_K64_N64_UM8_UK1_UN8_GORDna_VM1ij_VM2ji_BIAS_True_INLINE_True_COMPORDER_option_4_ap_fixed_16_5_,ok,0,89,2026-10-02 14:40:31
GEMM_config_M64_K64_N128_UM8_UK8_UN8_GORDna_VM1ji_VM2ij_BIAS_False_INLINE_True_COMPORDER_option_5_ap_fixed_16_5_,ok,0,200,2026-10-02 14:40:32
GEMM_config_M64_K64_N64_UM8_UK1_UN1_GORDna_VM1ji_VM2ij_BIAS_True_INLINE_True_COMPORDER_option_5_ap_fixed_16_5_,ok,0,92,2026-10-02 14:40:32
GEMM_config_M64_K64_N64_UM1_UK8_UN8_GORDna_VM1ij_VM2ji_BIAS_True_INLINE_True_COMPORDER_option_5_ap_fixed_16_5_,ok,0,127,2026-10-02 14:40:37
GEMM_config_M64_K64_N64_UM8_UK1_UN8_GORDna_VM1ji_VM2ij_BIAS_True_INLINE_True_COMPORDER_option_1_ap_fixed_16_5_,ok,0,93,2026-10-02 14:40:37
GEMM_config_M64_K64_N64_UM1_UK8_UN1_GORDna_VM1ji_VM2ij_BIAS_False_INLINE_True_COMPORDER_option_1_ap_fixed_16_5_,ok,0,153,2026-10-02 14:40:38
GEMM_config_M64_K64_N64_UM8_UK1_UN8_GORDna_VM1ji_VM2ij_BIAS_False_INLINE_True_COMPORDER_option_1_ap_fixed_16_5_,ok,0,95,2026-10-02 14:40:38
GEMM_config_M64_K64_N64_UM8_UK1_UN8_GORDna_VM1ij_VM2ji_BIAS_False_INLINE_True_COMPORDER_option_4_ap_fixed_16_5_,ok,0,98,2026-10-02 14:40:39
GEMM_config_M64_K64_N64_UM1_UK8_UN1_GORDna_VM1ji_VM2ij_BIAS_True_INLINE_True_COMPORDER_option_1_ap_fixed_16_5_,ok,0,148,2026-10-02 14:40:39
GEMM_config_M64_K64_N64_UM1_UK8_UN8_GORDna_VM1ji_VM2ij_BIAS_False_INLINE_True_COMPORDER_option_4_ap_fixed_16_5_,ok,0,131,2026-10-02 14:40:43
GEMM_config_M64_K64_N64_UM8_UK1_UN1_GORDna_VM1ij_VM2ji_BIAS_True_INLINE_True_COMPORDER_option_1_ap_fixed_16_5_,ok,0,115,2026-10-02 14:40:47
GEMM_config_M64_K64_N64_UM8_UK1_UN1_GORDna_VM1ij_VM2ji_BIAS_False_INLINE_True_COMPORDER_option_5_ap_fixed_16_5_,ok,0,116,2026-10-02 14:40:47
GEMM_config_M64_K64_N64_UM8_UK1_UN1_GORDna_VM1ij_VM2ji_BIAS_True_INLINE_True_COMPORDER_option_5_ap_fixed_16_5_,ok,0,117,2026-10-02 14:40:52
GEMM_config_M64_K64_N64_UM8_UK1_UN1_GORDna_VM1ij_VM2ji_BIAS_False_INLINE_True_COMPORDER_option_1_ap_fixed_16_5_,ok,0,122,2026-10-02 14:40:52
GEMM_config_M64_K64_N64_UM8_UK1_UN1_GORDna_VM1ji_VM2ij_BIAS_False_INLINE_True_COMPORDER_option_4_ap_fixed_16_5_,ok,0,121,2026-10-02 14:40:55
GEMM_config_M64_K64_N64_UM1_UK8_UN8_GORDna_VM1ij_VM2ji_BIAS_True_INLINE_True_COMPORDER_option_1_ap_fixed_16_5_,ok,0,151,2026-10-02 14:40:56
GEMM_config_M64_K64_N64_UM1_UK8_UN8_GORDna_VM1ij_VM2ji_BIAS_True_INLINE_True_COMPORDER_option_4_ap_fixed_16_5_,ok,0,150,2026-10-02 14:40:56
GEMM_config_M64_K64_N64_UM1_UK8_UN8_GORDna_VM1ji_VM2ij_BIAS_True_INLINE_True_COMPORDER_option_4_ap_fixed_16_5_,ok,0,131,2026-10-02 14:40:59
GEMM_config_M64_K64_N64_UM1_UK8_UN8_GORDna_VM1ji_VM2ij_BIAS_False_INLINE_True_COMPORDER_option_1_ap_fixed_16_5_,ok,0,150,2026-10-02 14:41:01
GEMM_config_M64_K64_N64_UM1_UK8_UN8_GORDna_VM1ij_VM2ji_BIAS_False_INLINE_True_COMPORDER_option_4_ap_fixed_16_5_,ok,0,164,2026-10-02 14:41:06
GEMM_config_M64_K64_N64_UM8_UK1_UN1_GORDna_VM1ji_VM2ij_BIAS_True_INLINE_True_COMPORDER_option_4_ap_fixed_16_5_,ok,0,129,2026-10-02 14:41:07
GEMM_config_M64_K64_N64_UM8_UK8_UN1_GORDna_VM1ij_VM2ji_BIAS_False_INLINE_True_COMPORDER_option_1_ap_fixed_16_5_,ok,0,121,2026-10-02 14:41:10
GEMM_config_M64_K64_N64_UM8_UK8_UN1_GORDna_VM1ij_VM2ji_BIAS_True_INLINE_True_COMPORDER_option_5_ap_fixed_16_5_,ok,0,114,2026-10-02 14:41:11
GEMM_config_M64_K64_N64_UM8_UK8_UN1_GORDna_VM1ij_VM2ji_BIAS_True_INLINE_True_COMPORDER_option_1_ap_fixed_16_5_,ok,0,120,2026-10-02 14:41:14
GEMM_config_M64_K64_N64_UM8_UK8_UN1_GORDna_VM1ij_VM2ji_BIAS_False_INLINE_True_COMPORDER_option_5_ap_fixed_16_5_,ok,0,124,2026-10-02 14:41:15
GEMM_config_M64_K64_N64_UM8_UK1_UN8_GORDna_VM1ji_VM2ij_BIAS_False_INLINE_True_COMPORDER_option_5_ap_fixed_16_5_,ok,0,134,2026-10-02 14:41:17
GEMM_config_M64_K64_N64_UM8_UK1_UN8_GORDna_VM1ji_VM2ij_BIAS_True_INLINE_True_COMPORDER_option_5_ap_fixed_16_5_,ok,0,131,2026-10-02 14:41:19
GEMM_config_M64_K64_N64_UM8_UK1_UN8_GORDna_VM1ij_VM2ji_BIAS_True_INLINE_True_COMPORDER_option_1_ap_fixed_16_5_,ok,0,137,2026-10-02 14:41:19
GEMM_config_M64_K64_N64_UM8_UK8_UN1_GORDna_VM1ji_VM2ij_BIAS_True_INLINE_True_COMPORDER_option_5_ap_fixed_16_5_,ok,0,111,2026-10-02 14:41:24
GEMM_config_M64_K64_N64_UM8_UK1_UN8_GORDna_VM1ij_VM2ji_BIAS_False_INLINE_True_COMPORDER_option_1_ap_fixed_16_5_,ok,0,145,2026-10-02 14:41:26
GEMM_config_M64_K64_N64_UM1_UK8_UN8_GORDna_VM1ji_VM2ij_BIAS_True_INLINE_True_COMPORDER_option_1_ap_fixed_16_5_,ok,0,159,2026-10-02 14:41:26
GEMM_config_M64_K64_N64_UM8_UK8_UN1_GORDna_VM1ji_VM2ij_BIAS_False_INLINE_True_COMPORDER_option_5_ap_fixed_16_5_,ok,0,115,2026-10-02 14:41:26
GEMM_config_M64_K64_N64_UM1_UK8_UN8_GORDna_VM1ji_VM2ij_BIAS_True_INLINE_True_COMPORDER_option_5_ap_fixed_16_5_,ok,0,158,2026-10-02 14:41:26
GEMM_config_M64_K64_N64_UM8_UK1_UN8_GORDna_VM1ji_VM2ij_BIAS_True_INLINE_True_COMPORDER_option_4_ap_fixed_16_5_,ok,0,139,2026-10-02 14:41:27
GEMM_config_M64_K64_N64_UM8_UK1_UN8_GORDna_VM1ij_VM2ji_BIAS_True_INLINE_True_COMPORDER_option_5_ap_fixed_16_5_,ok,0,145,2026-10-02 14:41:28
GEMM_config_M64_K64_N64_UM8_UK8_UN1_GORDna_VM1ji_VM2ij_BIAS_False_INLINE_True_COMPORDER_option_4_ap_fixed_16_5_,ok,0,124,2026-10-02 14:41:29
GEMM_config_M64_K64_N64_UM8_UK8_UN1_GORDna_VM1ji_VM2ij_BIAS_True_INLINE_True_COMPORDER_option_4_ap_fixed_16_5_,ok,0,118,2026-10-02 14:41:31
GEMM_config_M64_K64_N64_UM1_UK8_UN8_GORDna_VM1ji_VM2ij_BIAS_False_INLINE_True_COMPORDER_option_5_ap_fixed_16_5_,ok,0,165,2026-10-02 14:41:31
GEMM_config_M64_K64_N64_UM8_UK1_UN8_GORDna_VM1ji_VM2ij_BIAS_False_INLINE_True_COMPORDER_option_4_ap_fixed_16_5_,ok,0,149,2026-10-02 14:41:33
GEMM_config_M64_K64_N64_UM8_UK8_UN1_GORDna_VM1ij_VM2ji_BIAS_False_INLINE_True_COMPORDER_option_4_ap_fixed_16_5_,ok,0,145,2026-10-02 14:41:36
GEMM_config_M64_K64_N64_UM8_UK8_UN1_GORDna_VM1ij_VM2ji_BIAS_True_INLINE_True_COMPORDER_option_4_ap_fixed_16_5_,ok,0,142,2026-10-02 14:41:38
GEMM_config_M64_K64_N64_UM8_UK1_UN8_GORDna_VM1ij_VM2ji_BIAS_False_INLINE_True_COMPORDER_option_5_ap_fixed_16_5_,ok,0,157,2026-10-02 14:41:38
GEMM_config_M64_K64_N64_UM8_UK8_UN1_GORDna_VM1ji_VM2ij_BIAS_False_INLINE_True_COMPORDER_option_1_ap_fixed_16_5_,ok,0,135,2026-10-02 14:41:39
GEMM_config_M64_K64_N64_UM8_UK8_UN8_GORDna_VM1ij_VM2ji_BIAS_False_INLINE_True_COMPORDER_option_1_ap_fixed_16_5_,ok,0,133,2026-10-02 14:41:46
GEMM_config_M64_K64_N64_UM8_UK8_UN8_GORDna_VM1ij_VM2ji_BIAS_False_INLINE_True_COMPORDER_option_5_ap_fixed_16_5_,ok,0,129,2026-10-02 14:41:47
GEMM_config_M64_K64_N64_UM8_UK8_UN1_GORDna_VM1ji_VM2ij_BIAS_True_INLINE_True_COMPORDER_option_1_ap_fixed_16_5_,ok,0,142,2026-10-02 14:41:54
GEMM_config_M64_K64_N64_UM8_UK8_UN8_GORDna_VM1ij_VM2ji_BIAS_True_INLINE_True_COMPORDER_option_4_ap_fixed_16_5_,ok,0,133,2026-10-02 14:41:55
GEMM_config_M64_K64_N64_UM8_UK8_UN8_GORDna_VM1ji_VM2ij_BIAS_False_INLINE_True_COMPORDER_option_1_ap_fixed_16_5_,ok,0,130,2026-10-02 14:41:57
GEMM_config_M64_K64_N64_UM8_UK8_UN8_GORDna_VM1ij_VM2ji_BIAS_True_INLINE_True_COMPORDER_option_5_ap_fixed_16_5_,ok,0,131,2026-10-02 14:41:57
GEMM_config_M64_K64_N64_UM8_UK8_UN8_GORDna_VM1ji_VM2ij_BIAS_True_INLINE_True_COMPORDER_option_1_ap_fixed_16_5_,ok,0,127,2026-10-02 14:41:57
GEMM_config_M64_K64_N64_UM8_UK8_UN8_GORDna_VM1ji_VM2ij_BIAS_True_INLINE_True_COMPORDER_option_4_ap_fixed_16_5_,ok,0,125,2026-10-02 14:41:57
GEMM_config_M64_K64_N64_UM8_UK8_UN8_GORDna_VM1ji_VM2ij_BIAS_False_INLINE_True_COMPORDER_option_5_ap_fixed_16_5_,ok,0,130,2026-10-02 14:41:58
GEMM_config_M64_K64_N64_UM8_UK8_UN8_GORDna_VM1ji_VM2ij_BIAS_False_INLINE_True_COMPORDER_option_4_ap_fixed_16_5_,ok,0,131,2026-10-02 14:41:58
GEMM_config_M64_K64_N64_UM8_UK8_UN8_GORDna_VM1ij_VM2ji_BIAS_False_INLINE_True_COMPORDER_option_4_ap_fixed_16_5_,ok,0,143,2026-10-02 14:41:58
GEMM_config_M64_K64_N64_UM8_UK8_UN8_GORDna_VM1ij_VM2ji_BIAS_True_INLINE_True_COMPORDER_option_1_ap_fixed_16_5_,ok,0,138,2026-10-02 14:41:58
GEMM_config_M64_K64_N64_UM8_UK8_UN8_GORDna_VM1ji_VM2ij_BIAS_True_INLINE_True_COMPORDER_option_5_ap_fixed_16_5_,ok,0,125,2026-10-02 14:41:59
