design,status,rc,seconds,finished_at
GEMM_config_M128_K128_N128_UM1_UK1_UN1_GORDna_VM1ij_VM2ij_BIAS_False_INLINE_True_COMPORDER_option_1_ap_fixed_16_5_,ok,0,596,2026-10-02 18:47:32
GEMM_config_M128_K128_N128_UM1_UK1_UN1_GORDna_VM1ij_VM2ij_BIAS_True_INLINE_True_COMPORDER_option_1_ap_fixed_16_5_,ok,0,599,2026-10-02 18:47:35
GEMM_config_M128_K128_N128_UM1_UK1_UN1_GORDna_VM1ji_VM2ij_BIAS_False_INLINE_True_COMPORDER_option_5_ap_fixed_16_5_,ok,0,599,2026-10-02 18:47:35
GEMM_config_M128_K128_N128_UM1_UK1_UN1_GORDkij_VM1ij_VM2na_BIAS_False_INLINE_True_COMPORDER_option_2_ap_fixed_16_5_,ok,0,599,2026-10-02 18:47:35
GEMM_config_M128_K128_N128_UM1_UK1_UN1_GORDjki_VM1ji_VM2na_BIAS_True_INLINE_True_COMPORDER_option_3_ap_fixed_16_5_,ok,0,600,2026-10-02 18:47:36
GEMM_config_M128_K128_N128_UM1_UK1_UN1_GORDjik_VM1ji_VM2na_BIAS_True_INLINE_True_COMPORDER_option_2_ap_fixed_16_5_,ok,0,601,2026-10-02 18:47:37
GEMM_config_M128_K128_N128_UM1_UK1_UN1_GORDna_VM1ji_VM2ji_BIAS_False_INLINE_True_COMPORDER_option_4_ap_fixed_16_5_,ok,0,601,2026-10-02 18:47:37
GEMM_config_M128_K128_N128_UM1_UK1_UN1_GORDna_VM1ji_VM2ij_BIAS_True_INLINE_True_COMPORDER_option_1_ap_fixed_16_5_,ok,0,601,2026-10-02 18:47:37
GEMM_config_M128_K128_N128_UM1_UK1_UN1_GORDna_VM1ji_VM2ij_BIAS_True_INLINE_True_COMPORDER_option_5_ap_fixed_16_5_,ok,0,601,2026-10-02 18:47:37
GEMM_config_M128_K128_N128_UM1_UK1_UN1_GORDna_VM1ji_VM2ij_BIAS_True_INLINE_True_COMPORDER_option_4_ap_fixed_16_5_,ok,0,602,2026-10-02 18:47:38
GEMM_config_M128_K128_N128_UM1_UK1_UN1_GORDijk_VM1ij_VM2na_BIAS_False_INLINE_True_COMPORDER_option_2_ap_fixed_16_5_,ok,0,603,2026-10-02 18:47:39
GEMM_config_M128_K128_N128_UM1_UK1_UN1_GORDna_VM1ij_VM2ij_BIAS_True_INLINE_True_COMPORDER_option_5_ap_fixed_16_5_,ok,0,603,2026-10-02 18:47:39
GEMM_config_M128_K128_N128_UM1_UK1_UN1_GORDna_VM1ji_VM2ij_BIAS_False_INLINE_True_COMPORDER_option_4_ap_fixed_16_5_,ok,0,603,2026-10-02 18:47:39
GEMM_config_M128_K128_N128_UM1_UK1_UN1_GORDna_VM1ij_VM2ij_BIAS_False_INLINE_True_COMPORDER_option_5_ap_fixed_16_5_,ok,0,603,2026-10-02 18:47:39
GEMM_config_M128_K128_N128_UM1_UK1_UN1_GORDna_VM1ij_VM2ij_BIAS_False_INLINE_True_COMPORDER_option_4_ap_fixed_16_5_,ok,0,603,2026-10-02 18:47:39
GEMM_config_M128_K128_N128_UM1_UK1_UN1_GORDna_VM1ji_VM2ji_BIAS_False_INLINE_True_COMPORDER_option_1_ap_fixed_16_5_,ok,0,603,2026-10-02 18:47:39
GEMM_config_M128_K128_N128_UM1_UK1_UN1_GORDna_VM1ji_VM2ji_BIAS_True_INLINE_True_COMPORDER_option_4_ap_fixed_16_5_,ok,0,604,2026-10-02 18:47:40
GEMM_config_M128_K128_N128_UM1_UK1_UN1_GORDjik_VM1ji_VM2na_BIAS_False_INLINE_True_COMPORDER_option_2_ap_fixed_16_5_,ok,0,605,2026-10-02 18:47:40
GEMM_config_M128_K128_N128_UM1_UK1_UN1_GORDikj_VM1ij_VM2na_BIAS_False_INLINE_True_COMPORDER_option_3_ap_fixed_16_5_,ok,0,606,2026-10-02 18:47:42
GEMM_config_M128_K128_N128_UM1_UK1_UN1_GORDkji_VM1ji_VM2na_BIAS_False_INLINE_True_COMPORDER_option_3_ap_fixed_16_5_,ok,0,606,2026-10-02 18:47:42
GEMM_config_M128_K128_N128_UM1_UK1_UN1_GORDijk_VM1ij_VM2na_BIAS_False_INLINE_True_COMPORDER_option_3_ap_fixed_16_5_,ok,0,607,2026-10-02 18:47:43
GEMM_config_M128_K128_N128_UM1_UK1_UN1_GORDna_VM1ji_VM2ij_BIAS_False_INLINE_True_COMPORDER_option_1_ap_fixed_16_5_,ok,0,607,2026-10-02 18:47:43
GEMM_config_M128_K128_N128_UM1_UK1_UN1_GORDna_VM1ij_VM2ji_BIAS_False_INLINE_True_COMPORDER_option_4_ap_fixed_16_5_,ok,0,607,2026-10-02 18:47:44
GEMM_config_M128_K128_N128_UM1_UK1_UN1_GORDna_VM1ij_VM2ji_BIAS_False_INLINE_True_COMPORDER_option_5_ap_fixed_16_5_,ok,0,608,2026-10-02 18:47:44
GEMM_config_M128_K128_N128_UM1_UK1_UN1_GORDna_VM1ji_VM2ji_BIAS_True_INLINE_True_COMPORDER_option_1_ap_fixed_16_5_,ok,0,608,2026-10-02 18:47:44
GEMM_config_M128_K128_N128_UM1_UK1_UN1_GORDna_VM1ij_VM2ij_BIAS_True_INLINE_True_COMPORDER_option_4_ap_fixed_16_5_,ok,0,608,2026-10-02 18:47:44
GEMM_config_M128_K128_N128_UM1_UK1_UN1_GORDna_VM1ij_VM2ji_BIAS_True_INLINE_True_COMPORDER_option_4_ap_fixed_16_5_,ok,0,608,2026-10-02 18:47:44
GEMM_config_M128_K128_N128_UM1_UK1_UN1_GORDkji_VM1ji_VM2na_BIAS_False_INLINE_True_COMPORDER_option_2_ap_fixed_16_5_,ok,0,609,2026-10-02 18:47:45
GEMM_config_M128_K128_N128_UM1_UK1_UN1_GORDna_VM1ij_VM2ji_BIAS_True_INLINE_True_COMPORDER_option_5_ap_fixed_16_5_,ok,0,609,2026-10-02 18:47:45
GEMM_config_M128_K128_N128_UM1_UK1_UN1_GORDkji_VM1ji_VM2na_BIAS_True_INLINE_True_COMPORDER_option_2_ap_fixed_16_5_,ok,0,609,2026-10-02 18:47:45
GEMM_config_M128_K128_N128_UM1_UK1_UN1_GORDna_VM1ji_VM2ji_BIAS_True_INLINE_True_COMPORDER_option_5_ap_fixed_16_5_,ok,0,609,2026-10-02 18:47:45
GEMM_config_M128_K128_N128_UM1_UK1_UN1_GORDna_VM1ij_VM2ji_BIAS_True_INLINE_True_COMPORDER_option_1_ap_fixed_16_5_,ok,0,609,2026-10-02 18:47:45
GEMM_config_M128_K128_N128_UM1_UK1_UN1_GORDjik_VM1ji_VM2na_BIAS_False_INLINE_True_COMPORDER_option_3_ap_fixed_16_5_,ok,0,609,2026-10-02 18:47:45
GEMM_config_M128_K128_N128_UM1_UK1_UN1_GORDna_VM1ji_VM2ji_BIAS_False_INLINE_True_COMPORDER_option_5_ap_fixed_16_5_,ok,0,610,2026-10-02 18:47:46
GEMM_config_M128_K128_N128_UM1_UK1_UN1_GORDna_VM1ij_VM2ji_BIAS_False_INLINE_True_COMPORDER_option_1_ap_fixed_16_5_,ok,0,610,2026-10-02 18:47:46
GEMM_config_M128_K128_N128_UM1_UK1_UN1_GORDkji_VM1ji_VM2na_BIAS_True_INLINE_True_COMPORDER_option_3_ap_fixed_16_5_,ok,0,610,2026-10-02 18:47:46
GEMM_config_M128_K128_N128_UM1_UK1_UN1_GORDikj_VM1ij_VM2na_BIAS_True_INLINE_True_COMPORDER_option_2_ap_fixed_16_5_,ok,0,610,2026-10-02 18:47:46
GEMM_config_M128_K128_N128_UM1_UK1_UN1_GORDikj_VM1ij_VM2na_BIAS_False_INLINE_True_COMPORDER_option_2_ap_fixed_16_5_,ok,0,610,2026-10-02 18:47:46
GEMM_config_M128_K128_N128_UM1_UK1_UN1_GORDjik_VM1ji_VM2na_BIAS_True_INLINE_True_COMPORDER_option_3_ap_fixed_16_5_,ok,0,610,2026-10-02 18:47:46
GEMM_config_M128_K128_N128_UM1_UK1_UN1_GORDkij_VM1ij_VM2na_BIAS_False_INLINE_True_COMPORDER_option_3_ap_fixed_16_5_,ok,0,610,2026-10-02 18:47:46
GEMM_config_M128_K128_N128_UM1_UK1_UN1_GORDijk_VM1ij_VM2na_BIAS_True_INLINE_True_COMPORDER_option_3_ap_fixed_16_5_,ok,0,610,2026-10-02 18:47:46
GEMM_config_M128_K128_N128_UM1_UK1_UN1_GORDjki_VM1ji_VM2na_BIAS_False_INLINE_True_COMPORDER_option_2_ap_fixed_16_5_,ok,0,611,2026-10-02 18:47:47
GEMM_config_M128_K128_N128_UM1_UK1_UN1_GORDkij_VM1ij_VM2na_BIAS_True_INLINE_True_COMPORDER_option_2_ap_fixed_16_5_,ok,0,611,2026-10-02 18:47:47
GEMM_config_M128_K128_N128_UM1_UK1_UN1_GORDjki_VM1ji_VM2na_BIAS_False_INLINE_True_COMPORDER_option_3_ap_fixed_16_5_,ok,0,611,2026-10-02 18:47:47
GEMM_config_M128_K128_N128_UM1_UK1_UN8_GORDna_VM1ij_VM2ji_BIAS_False_INLINE_True_COMPORDER_option_4_ap_fixed_16_5_,ok,0,611,2026-10-02 18:47:47
GEMM_config_M128_K128_N128_UM1_UK1_UN1_GORDkij_VM1ij_VM2na_BIAS_True_INLINE_True_COMPORDER_option_3_ap_fixed_16_5_,ok,0,611,2026-10-02 18:47:47
GEMM_config_M128_K128_N128_UM1_UK1_UN1_GORDjki_VM1ji_VM2na_BIAS_True_INLINE_True_COMPORDER_option_2_ap_fixed_16_5_,ok,0,611,2026-10-02 18:47:47
GEMM_config_M128_K128_N128_UM1_UK1_UN1_GORDijk_VM1ij_VM2na_BIAS_True_INLINE_True_COMPORDER_option_2_ap_fixed_16_5_,ok,0,612,2026-10-02 18:47:48
GEMM_config_M128_K128_N128_UM1_UK1_UN1_GORDikj_VM1ij_VM2na_BIAS_True_INLINE_True_COMPORDER_option_3_ap_fixed_16_5_,ok,0,612,2026-10-02 18:47:48
GEMM_config_M128_K128_N128_UM1_UK8_UN1_GORDikj_VM1ij_VM2na_BIAS_False_INLINE_True_COMPORDER_option_3_ap_fixed_16_5_,ok,0,613,2026-10-02 18:47:49
GEMM_config_M128_K128_N128_UM1_UK1_UN8_GORDna_VM1ij_VM2ij_BIAS_False_INLINE_True_COMPORDER_option_5_ap_fixed_16_5_,ok,0,613,2026-10-02 18:47:49
GEMM_config_M128_K128_N128_UM1_UK1_UN8_GORDna_VM1ji_VM2ij_BIAS_True_INLINE_True_COMPORDER_option_1_ap_fixed_16_5_,ok,0,615,2026-10-02 18:47:51
GEMM_config_M128_K128_N128_UM1_UK1_UN8_GORDna_VM1ij_VM2ij_BIAS_True_INLINE_True_COMPORDER_option_5_ap_fixed_16_5_,ok,0,616,2026-10-02 18:47:52
GEMM_config_M128_K128_N128_UM1_UK8_UN1_GORDijk_VM1ij_VM2na_BIAS_False_INLINE_True_COMPORDER_option_2_ap_fixed_16_5_,ok,0,617,2026-10-02 18:47:53
GEMM_config_M128_K128_N128_UM1_UK1_UN8_GORDkji_VM1ji_VM2na_BIAS_True_INLINE_True_COMPORDER_option_3_ap_fixed_16_5_,ok,0,617,2026-10-02 18:47:53
GEMM_config_M128_K128_N128_UM1_UK1_UN8_GORDna_VM1ji_VM2ij_BIAS_False_INLINE_True_COMPORDER_option_5_ap_fixed_16_5_,ok,0,618,2026-10-02 18:47:54
GEMM_config_M128_K128_N128_UM1_UK1_UN8_GORDna_VM1ji_VM2ji_BIAS_False_INLINE_True_COMPORDER_option_1_ap_fixed_16_5_,ok,0,618,2026-10-02 18:47:54
GEMM_config_M128_K128_N128_UM1_UK1_UN8_GORDikj_VM1ij_VM2na_BIAS_True_INLINE_True_COMPORDER_option_2_ap_fixed_16_5_,ok,0,620,2026-10-02 18:47:56
GEMM_config_M128_K128_N128_UM1_UK1_UN8_GORDikj_VM1ij_VM2na_BIAS_False_INLINE_True_COMPORDER_option_2_ap_fixed_16_5_,ok,0,622,2026-10-02 18:47:58
GEMM_config_M128_K128_N128_UM1_UK1_UN8_GORDkij_VM1ij_VM2na_BIAS_False_INLINE_True_COMPORDER_option_3_ap_fixed_16_5_,ok,0,622,2026-10-02 18:47:58
GEMM_config_M128_K128_N128_UM1_UK1_UN8_GORDna_VM1ji_VM2ji_BIAS_True_INLINE_True_COMPORDER_option_5_ap_fixed_16_5_,ok,0,624,2026-10-02 18:48:00
GEMM_config_M128_K128_N128_UM1_UK1_UN8_GORDna_VM1ij_VM2ji_BIAS_False_INLINE_True_COMPORDER_option_5_ap_fixed_16_5_,ok,0,626,2026-10-02 18:48:02
GEMM_config_M128_K128_N128_UM1_UK1_UN8_GORDjik_VM1ji_VM2na_BIAS_False_INLINE_True_COMPORDER_option_2_ap_fixed_16_5_,ok,0,630,2026-10-02 18:48:06
GEMM_config_M128_K128_N128_UM1_UK1_UN8_GORDkij_VM1ij_VM2na_BIAS_True_INLINE_True_COMPORDER_option_3_ap_fixed_16_5_,ok,0,636,2026-10-02 18:48:12
GEMM_config_M128_K128_N128_UM1_UK8_UN8_GORDna_VM1ij_VM2ji_BIAS_True_INLINE_True_COMPORDER_option_4_ap_fixed_16_5_,fail,1,405,2026-10-02 18:54:25
GEMM_config_M128_K128_N128_UM1_UK8_UN1_GORDna_VM1ji_VM2ij_BIAS_True_INLINE_True_COMPORDER_option_4_ap_fixed_16_5_,ok,0,427,2026-10-02 18:54:43
GEMM_config_M128_K128_N128_UM1_UK8_UN1_GORDkij_VM1ij_VM2na_BIAS_True_INLINE_True_COMPORDER_option_3_ap_fixed_16_5_,ok,0,435,2026-10-02 18:54:49
GEMM_config_M128_K128_N128_UM1_UK8_UN1_GORDna_VM1ji_VM2ji_BIAS_False_INLINE_True_COMPORDER_option_1_ap_fixed_16_5_,ok,0,455,2026-10-02 18:55:12
GEMM_config_M128_K128_N128_UM8_UK1_UN1_GORDjki_VM1ji_VM2na_BIAS_False_INLINE_True_COMPORDER_option_2_ap_fixed_16_5_,ok,0,451,2026-10-02 18:55:14
GEMM_config_M128_K128_N128_UM8_UK1_UN1_GORDjki_VM1ji_VM2na_BIAS_True_INLINE_True_COMPORDER_option_2_ap_fixed_16_5_,ok,0,453,2026-10-02 18:55:17
GEMM_config_M128_K128_N128_UM1_UK8_UN1_GORDjik_VM1ji_VM2na_BIAS_True_INLINE_True_COMPORDER_option_2_ap_fixed_16_5_,ok,0,468,2026-10-02 18:55:19
GEMM_config_M128_K128_N128_UM1_UK8_UN1_GORDjki_VM1ji_VM2na_BIAS_True_INLINE_True_COMPORDER_option_2_ap_fixed_16_5_,ok,0,465,2026-10-02 18:55:20
GEMM_config_M128_K128_N128_UM8_UK1_UN1_GORDjki_VM1ji_VM2na_BIAS_False_INLINE_True_COMPORDER_option_3_ap_fixed_16_5_,ok,0,474,2026-10-02 18:55:38
GEMM_config_M128_K128_N128_UM8_UK1_UN1_GORDna_VM1ij_VM2ji_BIAS_True_INLINE_True_COMPORDER_option_4_ap_fixed_16_5_,ok,0,473,2026-10-02 18:55:38
GEMM_config_M128_K128_N128_UM8_UK1_UN8_GORDkji_VM1ji_VM2na_BIAS_True_INLINE_True_COMPORDER_option_2_ap_fixed_16_5_,fail,1,478,2026-10-02 18:55:44
GEMM_config_M128_K128_N128_UM8_UK1_UN1_GORDna_VM1ij_VM2ji_BIAS_False_INLINE_True_COMPORDER_option_1_ap_fixed_16_5_,ok,0,501,2026-10-02 18:56:06
GEMM_config_M128_K128_N128_UM1_UK8_UN1_GORDna_VM1ij_VM2ji_BIAS_False_INLINE_True_COMPORDER_option_4_ap_fixed_16_5_,ok,0,513,2026-10-02 18:56:08
GEMM_config_M128_K128_N128_UM8_UK1_UN1_GORDna_VM1ij_VM2ij_BIAS_False_INLINE_True_COMPORDER_option_5_ap_fixed_16_5_,ok,0,510,2026-10-02 18:56:14
GEMM_config_M128_K128_N128_UM8_UK1_UN8_GORDna_VM1ji_VM2ji_BIAS_False_INLINE_True_COMPORDER_option_4_ap_fixed_16_5_,ok,0,514,2026-10-02 18:56:21
GEMM_config_M128_K128_N128_UM8_UK8_UN1_GORDna_VM1ji_VM2ij_BIAS_False_INLINE_True_COMPORDER_option_5_ap_fixed_16_5_,ok,0,514,2026-10-02 18:56:22
GEMM_config_M128_K128_N128_UM8_UK1_UN8_GORDna_VM1ij_VM2ij_BIAS_False_INLINE_True_COMPORDER_option_4_ap_fixed_16_5_,ok,0,522,2026-10-02 18:56:28
GEMM_config_M128_K128_N128_UM8_UK1_UN1_GORDna_VM1ji_VM2ij_BIAS_False_INLINE_True_COMPORDER_option_4_ap_fixed_16_5_,ok,0,525,2026-10-02 18:56:30
GEMM_config_M128_K128_N128_UM8_UK1_UN1_GORDna_VM1ji_VM2ij_BIAS_True_INLINE_True_COMPORDER_option_4_ap_fixed_16_5_,ok,0,539,2026-10-02 18:56:44
GEMM_config_M128_K128_N128_UM1_UK8_UN8_GORDikj_VM1ij_VM2na_BIAS_True_INLINE_True_COMPORDER_option_3_ap_fixed_16_5_,ok,0,547,2026-10-02 18:56:46
GEMM_config_M128_K128_N128_UM1_UK8_UN8_GORDikj_VM1ij_VM2na_BIAS_False_INLINE_True_COMPORDER_option_3_ap_fixed_16_5_,ok,0,551,2026-10-02 18:56:49
GEMM_config_M128_K128_N128_UM8_UK1_UN1_GORDkij_VM1ij_VM2na_BIAS_False_INLINE_True_COMPORDER_option_2_ap_fixed_16_5_,ok,0,546,2026-10-02 18:56:50
GEMM_config_M128_K128_N128_UM8_UK1_UN1_GORDjik_VM1ji_VM2na_BIAS_False_INLINE_True_COMPORDER_option_3_ap_fixed_16_5_,ok,0,547,2026-10-02 18:56:50
GEMM_config_M128_K128_N128_UM8_UK1_UN1_GORDna_VM1ij_VM2ji_BIAS_False_INLINE_True_COMPORDER_option_5_ap_fixed_16_5_,ok,0,546,2026-10-02 18:56:52
GEMM_config_M128_K128_N128_UM8_UK1_UN1_GORDkij_VM1ij_VM2na_BIAS_True_INLINE_True_COMPORDER_option_2_ap_fixed_16_5_,ok,0,549,2026-10-02 18:56:53
GEMM_config_M128_K128_N128_UM1_UK8_UN8_GORDna_VM1ij_VM2ji_BIAS_False_INLINE_True_COMPORDER_option_5_ap_fixed_16_5_,ok,0,555,2026-10-02 18:56:54
GEMM_config_M128_K128_N128_UM1_UK8_UN8_GORDna_VM1ij_VM2ij_BIAS_True_INLINE_True_COMPORDER_option_1_ap_fixed_16_5_,ok,0,558,2026-10-02 18:56:57
GEMM_config_M128_K128_N128_UM1_UK8_UN8_GORDijk_VM1ij_VM2na_BIAS_False_INLINE_True_COMPORDER_option_2_ap_fixed_16_5_,ok,0,562,2026-10-02 18:56:59
GEMM_config_M128_K128_N128_UM1_UK8_UN8_GORDikj_VM1ij_VM2na_BIAS_False_INLINE_True_COMPORDER_option_2_ap_fixed_16_5_,ok,0,566,2026-10-02 18:57:03
GEMM_config_M128_K128_N128_UM8_UK1_UN8_GORDna_VM1ij_VM2ji_BIAS_False_INLINE_True_COMPORDER_option_1_ap_fixed_16_5_,ok,0,557,2026-10-02 18:57:04
GEMM_config_M128_K128_N128_UM1_UK8_UN8_GORDijk_VM1ij_VM2na_BIAS_True_INLINE_True_COMPORDER_option_2_ap_fixed_16_5_,ok,0,566,2026-10-02 18:57:04
GEMM_config_M128_K128_N128_UM8_UK1_UN1_GORDijk_VM1ij_VM2na_BIAS_True_INLINE_True_COMPORDER_option_2_ap_fixed_16_5_,ok,0,565,2026-10-02 18:57:07
GEMM_config_M128_K128_N128_UM8_UK1_UN8_GORDna_VM1ji_VM2ij_BIAS_False_INLINE_True_COMPORDER_option_4_ap_fixed_16_5_,ok,0,566,2026-10-02 18:57:12
GEMM_config_M128_K128_N128_UM8_UK8_UN1_GORDkji_VM1ji_VM2na_BIAS_False_INLINE_True_COMPORDER_option_2_ap_fixed_16_5_,ok,0,572,2026-10-02 18:57:20
GEMM_config_M128_K128_N128_UM8_UK1_UN1_GORDikj_VM1ij_VM2na_BIAS_False_INLINE_True_COMPORDER_option_3_ap_fixed_16_5_,ok,0,581,2026-10-02 18:57:24
GEMM_config_M128_K128_N128_UM8_UK1_UN1_GORDijk_VM1ij_VM2na_BIAS_False_INLINE_True_COMPORDER_option_2_ap_fixed_16_5_,ok,0,582,2026-10-02 18:57:24
GEMM_config_M128_K128_N128_UM8_UK8_UN1_GORDna_VM1ij_VM2ji_BIAS_True_INLINE_True_COMPORDER_option_1_ap_fixed_16_5_,ok,0,578,2026-10-02 18:57:26
GEMM_config_M128_K128_N128_UM8_UK1_UN8_GORDna_VM1ij_VM2ij_BIAS_False_INLINE_True_COMPORDER_option_5_ap_fixed_16_5_,ok,0,583,2026-10-02 18:57:29
GEMM_config_M128_K128_N128_UM8_UK8_UN1_GORDna_VM1ji_VM2ji_BIAS_True_INLINE_True_COMPORDER_option_1_ap_fixed_16_5_,ok,0,583,2026-10-02 18:57:32
GEMM_config_M128_K128_N128_UM8_UK8_UN1_GORDkji_VM1ji_VM2na_BIAS_False_INLINE_True_COMPORDER_option_3_ap_fixed_16_5_,ok,0,586,2026-10-02 18:57:34
GEMM_config_M128_K128_N128_UM1_UK8_UN8_GORDjik_VM1ji_VM2na_BIAS_False_INLINE_True_COMPORDER_option_2_ap_fixed_16_5_,ok,0,603,2026-10-02 18:57:42
GEMM_config_M128_K128_N128_UM8_UK8_UN1_GORDna_VM1ji_VM2ij_BIAS_True_INLINE_True_COMPORDER_option_1_ap_fixed_16_5_,ok,0,593,2026-10-02 18:57:42
GEMM_config_M128_K128_N128_UM1_UK8_UN8_GORDna_VM1ji_VM2ji_BIAS_False_INLINE_True_COMPORDER_option_4_ap_fixed_16_5_,ok,0,614,2026-10-02 18:57:54
GEMM_config_M128_K128_N128_UM8_UK1_UN8_GORDna_VM1ij_VM2ji_BIAS_True_INLINE_True_COMPORDER_option_5_ap_fixed_16_5_,ok,0,629,2026-10-02 18:58:15
GEMM_config_M128_K128_N128_UM8_UK1_UN8_GORDna_VM1ji_VM2ji_BIAS_True_INLINE_True_COMPORDER_option_5_ap_fixed_16_5_,ok,0,663,2026-10-02 18:58:49
GEMM_config_M128_K128_N128_UM8_UK1_UN8_GORDjik_VM1ji_VM2na_BIAS_False_INLINE_True_COMPORDER_option_2_ap_fixed_16_5_,ok,0,665,2026-10-02 18:58:50
GEMM_config_M128_K128_N128_UM8_UK8_UN8_GORDna_VM1ij_VM2ji_BIAS_True_INLINE_True_COMPORDER_option_1_ap_fixed_16_5_,ok,0,653,2026-10-02 18:58:55
GEMM_config_M128_K128_N128_UM8_UK1_UN8_GORDijk_VM1ij_VM2na_BIAS_True_INLINE_True_COMPORDER_option_2_ap_fixed_16_5_,ok,0,673,2026-10-02 18:58:59
GEMM_config_M128_K128_N128_UM8_UK8_UN8_GORDna_VM1ij_VM2ij_BIAS_True_INLINE_True_COMPORDER_option_5_ap_fixed_16_5_,ok,0,666,2026-10-02 18:59:06
GEMM_config_M128_K128_N128_UM8_UK8_UN8_GORDna_VM1ji_VM2ji_BIAS_False_INLINE_True_COMPORDER_option_5_ap_fixed_16_5_,ok,0,665,2026-10-02 18:59:18
GEMM_config_M128_K128_N128_UM8_UK8_UN8_GORDna_VM1ij_VM2ji_BIAS_True_INLINE_True_COMPORDER_option_4_ap_fixed_16_5_,ok,0,682,2026-10-02 18:59:28
GEMM_config_M128_K128_N64_UM1_UK1_UN1_GORDijk_VM1ij_VM2na_BIAS_False_INLINE_True_COMPORDER_option_2_ap_fixed_16_5_,ok,0,440,2026-10-02 19:01:46
GEMM_config_M128_K128_N64_UM1_UK1_UN1_GORDijk_VM1ij_VM2na_BIAS_False_INLINE_True_COMPORDER_option_3_ap_fixed_16_5_,ok,0,445,2026-10-02 19:02:08
GEMM_config_M128_K128_N64_UM1_UK1_UN1_GORDijk_VM1ij_VM2na_BIAS_True_INLINE_True_COMPORDER_option_2_ap_fixed_16_5_,ok,0,443,2026-10-02 19:02:13
GEMM_config_M128_K128_N64_UM1_UK1_UN1_GORDikj_VM1ij_VM2na_BIAS_True_INLINE_True_COMPORDER_option_3_ap_fixed_16_5_,ok,0,422,2026-10-02 19:02:21
GEMM_config_M128_K128_N64_UM1_UK1_UN1_GORDikj_VM1ij_VM2na_BIAS_False_INLINE_True_COMPORDER_option_2_ap_fixed_16_5_,ok,0,434,2026-10-02 19:02:28
GEMM_config_M128_K128_N64_UM1_UK1_UN1_GORDikj_VM1ij_VM2na_BIAS_True_INLINE_True_COMPORDER_option_2_ap_fixed_16_5_,ok,0,431,2026-10-02 19:02:30
GEMM_config_M128_K128_N64_UM1_UK1_UN1_GORDikj_VM1ij_VM2na_BIAS_False_INLINE_True_COMPORDER_option_3_ap_fixed_16_5_,ok,0,438,2026-10-02 19:02:35
GEMM_config_M128_K128_N64_UM1_UK1_UN1_GORDijk_VM1ij_VM2na_BIAS_True_INLINE_True_COMPORDER_option_3_ap_fixed_16_5_,ok,0,444,2026-10-02 19:02:36
GEMM_config_M128_K128_N64_UM1_UK1_UN1_GORDjik_VM1ji_VM2na_BIAS_False_INLINE_True_COMPORDER_option_2_ap_fixed_16_5_,ok,0,432,2026-10-02 19:02:50
GEMM_config_M128_K128_N128_UM1_UK8_UN8_GORDkji_VM1ji_VM2na_BIAS_False_INLINE_True_COMPORDER_option_3_ap_fixed_16_5_,ok,0,913,2026-10-02 19:02:52
GEMM_config_M128_K128_N64_UM1_UK1_UN1_GORDjik_VM1ji_VM2na_BIAS_True_INLINE_True_COMPORDER_option_2_ap_fixed_16_5_,ok,0,434,2026-10-02 19:02:58
GEMM_config_M128_K128_N64_UM1_UK1_UN1_GORDjik_VM1ji_VM2na_BIAS_False_INLINE_True_COMPORDER_option_3_ap_fixed_16_5_,ok,0,442,2026-10-02 19:03:01
GEMM_config_M128_K128_N128_UM1_UK8_UN8_GORDjki_VM1ji_VM2na_BIAS_True_INLINE_True_COMPORDER_option_2_ap_fixed_16_5_,ok,0,946,2026-10-02 19:03:25
GEMM_config_M128_K128_N64_UM1_UK1_UN1_GORDjik_VM1ji_VM2na_BIAS_True_INLINE_True_COMPORDER_option_3_ap_fixed_16_5_,ok,0,441,2026-10-02 19:03:26
GEMM_config_M128_K128_N64_UM1_UK1_UN1_GORDjki_VM1ji_VM2na_BIAS_False_INLINE_True_COMPORDER_option_3_ap_fixed_16_5_,ok,0,435,2026-10-02 19:03:29
GEMM_config_M128_K128_N64_UM1_UK1_UN1_GORDjki_VM1ji_VM2na_BIAS_False_INLINE_True_COMPORDER_option_2_ap_fixed_16_5_,ok,0,450,2026-10-02 19:03:38
GEMM_config_M128_K128_N64_UM1_UK1_UN1_GORDkij_VM1ij_VM2na_BIAS_False_INLINE_True_COMPORDER_option_2_ap_fixed_16_5_,ok,0,437,2026-10-02 19:03:45
GEMM_config_M128_K128_N64_UM1_UK1_UN1_GORDjki_VM1ji_VM2na_BIAS_True_INLINE_True_COMPORDER_option_3_ap_fixed_16_5_,ok,0,443,2026-10-02 19:03:45
GEMM_config_M128_K128_N64_UM1_UK1_UN1_GORDkij_VM1ij_VM2na_BIAS_False_INLINE_True_COMPORDER_option_3_ap_fixed_16_5_,ok,0,436,2026-10-02 19:03:46
GEMM_config_M128_K128_N64_UM1_UK1_UN1_GORDkij_VM1ij_VM2na_BIAS_True_INLINE_True_COMPORDER_option_2_ap_fixed_16_5_,ok,0,427,2026-10-02 19:03:51
GEMM_config_M128_K128_N64_UM1_UK1_UN1_GORDjki_VM1ji_VM2na_BIAS_True_INLINE_True_COMPORDER_option_2_ap_fixed_16_5_,ok,0,455,2026-10-02 19:03:56
GEMM_config_M128_K128_N128_UM8_UK1_UN8_GORDkij_VM1ij_VM2na_BIAS_False_INLINE_True_COMPORDER_option_3_ap_fixed_16_5_,ok,0,974,2026-10-02 19:03:59
GEMM_config_M128_K128_N64_UM1_UK1_UN1_GORDna_VM1ij_VM2ij_BIAS_True_INLINE_True_COMPORDER_option_1_ap_fixed_16_5_,ok,0,421,2026-10-02 19:04:00
GEMM_config_M128_K128_N64_UM1_UK1_UN1_GORDna_VM1ij_VM2ij_BIAS_False_INLINE_True_COMPORDER_option_1_ap_fixed_16_5_,ok,0,427,2026-10-02 19:04:00
GEMM_config_M128_K128_N64_UM1_UK1_UN1_GORDna_VM1ij_VM2ij_BIAS_False_INLINE_True_COMPORDER_option_5_ap_fixed_16_5_,ok,0,425,2026-10-02 19:04:02
GEMM_config_M128_K128_N64_UM1_UK1_UN1_GORDkji_VM1ji_VM2na_BIAS_False_INLINE_True_COMPORDER_option_2_ap_fixed_16_5_,ok,0,433,2026-10-02 19:04:02
GEMM_config_M128_K128_N64_UM1_UK1_UN1_GORDkji_VM1ji_VM2na_BIAS_True_INLINE_True_COMPORDER_option_3_ap_fixed_16_5_,ok,0,430,2026-10-02 19:04:02
GEMM_config_M128_K128_N64_UM1_UK1_UN1_GORDkij_VM1ij_VM2na_BIAS_True_INLINE_True_COMPORDER_option_3_ap_fixed_16_5_,ok,0,436,2026-10-02 19:04:03
GEMM_config_M128_K128_N64_UM1_UK1_UN1_GORDna_VM1ij_VM2ij_BIAS_False_INLINE_True_COMPORDER_option_4_ap_fixed_16_5_,ok,0,428,2026-10-02 19:04:03
GEMM_config_M128_K128_N64_UM1_UK1_UN1_GORDkji_VM1ji_VM2na_BIAS_False_INLINE_True_COMPORDER_option_3_ap_fixed_16_5_,ok,0,437,2026-10-02 19:04:07
GEMM_config_M128_K128_N64_UM1_UK1_UN1_GORDna_VM1ij_VM2ij_BIAS_True_INLINE_True_COMPORDER_option_5_ap_fixed_16_5_,ok,0,425,2026-10-02 19:04:08
GEMM_config_M128_K128_N64_UM1_UK1_UN1_GORDkji_VM1ji_VM2na_BIAS_True_INLINE_True_COMPORDER_option_2_ap_fixed_16_5_,ok,0,438,2026-10-02 19:04:09
GEMM_config_M128_K128_N64_UM1_UK1_UN1_GORDna_VM1ij_VM2ji_BIAS_False_INLINE_True_COMPORDER_option_1_ap_fixed_16_5_,ok,0,429,2026-10-02 19:04:13
GEMM_config_M128_K128_N64_UM1_UK1_UN1_GORDna_VM1ij_VM2ij_BIAS_True_INLINE_True_COMPORDER_option_4_ap_fixed_16_5_,ok,0,430,2026-10-02 19:04:13
GEMM_config_M128_K128_N64_UM1_UK1_UN1_GORDna_VM1ij_VM2ji_BIAS_False_INLINE_True_COMPORDER_option_4_ap_fixed_16_5_,ok,0,434,2026-10-02 19:04:21
GEMM_config_M128_K128_N64_UM1_UK1_UN1_GORDna_VM1ij_VM2ji_BIAS_False_INLINE_True_COMPORDER_option_5_ap_fixed_16_5_,ok,0,438,2026-10-02 19:04:30
GEMM_config_M128_K128_N64_UM1_UK1_UN1_GORDna_VM1ij_VM2ji_BIAS_True_INLINE_True_COMPORDER_option_4_ap_fixed_16_5_,ok,0,428,2026-10-02 19:04:32
GEMM_config_M128_K128_N64_UM1_UK1_UN1_GORDna_VM1ij_VM2ji_BIAS_True_INLINE_True_COMPORDER_option_1_ap_fixed_16_5_,ok,0,433,2026-10-02 19:04:33
GEMM_config_M128_K128_N64_UM1_UK1_UN1_GORDna_VM1ji_VM2ij_BIAS_False_INLINE_True_COMPORDER_option_4_ap_fixed_16_5_,ok,0,426,2026-10-02 19:04:36
GEMM_config_M128_K128_N64_UM1_UK1_UN1_GORDna_VM1ji_VM2ij_BIAS_False_INLINE_True_COMPORDER_option_1_ap_fixed_16_5_,ok,0,432,2026-10-02 19:04:38
GEMM_config_M128_K128_N64_UM1_UK1_UN1_GORDna_VM1ij_VM2ji_BIAS_True_INLINE_True_COMPORDER_option_5_ap_fixed_16_5_,ok,0,433,2026-10-02 19:04:38
GEMM_config_M128_K128_N64_UM1_UK1_UN1_GORDna_VM1ji_VM2ij_BIAS_False_INLINE_True_COMPORDER_option_5_ap_fixed_16_5_,ok,0,427,2026-10-02 19:04:38
GEMM_config_M128_K128_N64_UM1_UK1_UN1_GORDna_VM1ji_VM2ij_BIAS_True_INLINE_True_COMPORDER_option_1_ap_fixed_16_5_,ok,0,436,2026-10-02 19:04:50
GEMM_config_M128_K128_N64_UM1_UK1_UN1_GORDna_VM1ji_VM2ij_BIAS_True_INLINE_True_COMPORDER_option_5_ap_fixed_16_5_,ok,0,429,2026-10-02 19:04:51
GEMM_config_M128_K128_N64_UM1_UK1_UN1_GORDna_VM1ji_VM2ij_BIAS_True_INLINE_True_COMPORDER_option_4_ap_fixed_16_5_,ok,0,433,2026-10-02 19:04:54
GEMM_config_M128_K128_N64_UM1_UK1_UN1_GORDna_VM1ji_VM2ji_BIAS_False_INLINE_True_COMPORDER_option_1_ap_fixed_16_5_,ok,0,429,2026-10-02 19:05:04
GEMM_config_M128_K128_N64_UM1_UK1_UN1_GORDna_VM1ji_VM2ji_BIAS_False_INLINE_True_COMPORDER_option_4_ap_fixed_16_5_,ok,0,443,2026-10-02 19:05:37
GEMM_config_M128_K128_N64_UM1_UK1_UN1_GORDna_VM1ji_VM2ji_BIAS_True_INLINE_True_COMPORDER_option_1_ap_fixed_16_5_,ok,0,421,2026-10-02 19:05:51
GEMM_config_M128_K128_N64_UM1_UK1_UN1_GORDna_VM1ji_VM2ji_BIAS_False_INLINE_True_COMPORDER_option_5_ap_fixed_16_5_,ok,0,428,2026-10-02 19:05:58
GEMM_config_M128_K128_N64_UM1_UK1_UN1_GORDna_VM1ji_VM2ji_BIAS_True_INLINE_True_COMPORDER_option_5_ap_fixed_16_5_,ok,0,427,2026-10-02 19:06:06
GEMM_config_M128_K128_N64_UM1_UK1_UN1_GORDna_VM1ji_VM2ji_BIAS_True_INLINE_True_COMPORDER_option_4_ap_fixed_16_5_,ok,0,433,2026-10-02 19:06:08
GEMM_config_M128_K128_N64_UM1_UK1_UN8_GORDjik_VM1ji_VM2na_BIAS_False_INLINE_True_COMPORDER_option_2_ap_fixed_16_5_,ok,0,465,2026-10-02 19:06:50
GEMM_config_M128_K128_N64_UM1_UK1_UN8_GORDkij_VM1ij_VM2na_BIAS_False_INLINE_True_COMPORDER_option_3_ap_fixed_16_5_,ok,0,454,2026-10-02 19:07:02
GEMM_config_M128_K128_N64_UM1_UK1_UN8_GORDjik_VM1ji_VM2na_BIAS_True_INLINE_True_COMPORDER_option_2_ap_fixed_16_5_,ok,0,465,2026-10-02 19:07:03
GEMM_config_M128_K128_N64_UM1_UK1_UN8_GORDna_VM1ij_VM2ij_BIAS_False_INLINE_True_COMPORDER_option_4_ap_fixed_16_5_,ok,0,417,2026-10-02 19:09:19
GEMM_config_M128_K128_N64_UM1_UK1_UN8_GORDna_VM1ij_VM2ij_BIAS_False_INLINE_True_COMPORDER_option_1_ap_fixed_16_5_,ok,0,439,2026-10-02 19:09:32
GEMM_config_M128_K128_N64_UM1_UK1_UN8_GORDna_VM1ij_VM2ij_BIAS_True_INLINE_True_COMPORDER_option_1_ap_fixed_16_5_,ok,0,427,2026-10-02 19:09:35
GEMM_config_M128_K128_N64_UM1_UK1_UN8_GORDna_VM1ij_VM2ji_BIAS_True_INLINE_True_COMPORDER_option_4_ap_fixed_16_5_,ok,0,431,2026-10-02 19:09:41
GEMM_config_M128_K128_N64_UM1_UK1_UN8_GORDkji_VM1ji_VM2na_BIAS_False_INLINE_True_COMPORDER_option_2_ap_fixed_16_5_,ok,0,478,2026-10-02 19:09:44
GEMM_config_M128_K128_N64_UM1_UK1_UN8_GORDna_VM1ji_VM2ji_BIAS_True_INLINE_True_COMPORDER_option_4_ap_fixed_16_5_,ok,0,444,2026-10-02 19:09:59
GEMM_config_M128_K128_N64_UM1_UK1_UN8_GORDkji_VM1ji_VM2na_BIAS_False_INLINE_True_COMPORDER_option_3_ap_fixed_16_5_,ok,0,487,2026-10-02 19:10:15
GEMM_config_M128_K128_N64_UM1_UK8_UN1_GORDkij_VM1ij_VM2na_BIAS_True_INLINE_True_COMPORDER_option_2_ap_fixed_16_5_,ok,0,436,2026-10-02 19:10:17
GEMM_config_M128_K128_N64_UM1_UK8_UN1_GORDikj_VM1ij_VM2na_BIAS_False_INLINE_True_COMPORDER_option_2_ap_fixed_16_5_,ok,0,448,2026-10-02 19:10:18
GEMM_config_M128_K128_N64_UM1_UK8_UN1_GORDjik_VM1ji_VM2na_BIAS_True_INLINE_True_COMPORDER_option_3_ap_fixed_16_5_,ok,0,441,2026-10-02 19:10:19
GEMM_config_M128_K128_N64_UM1_UK1_UN8_GORDna_VM1ji_VM2ji_BIAS_True_INLINE_True_COMPORDER_option_5_ap_fixed_16_5_,ok,0,464,2026-10-02 19:10:20
GEMM_config_M128_K128_N64_UM1_UK8_UN1_GORDjik_VM1ji_VM2na_BIAS_False_INLINE_True_COMPORDER_option_2_ap_fixed_16_5_,ok,0,449,2026-10-02 19:10:22
GEMM_config_M128_K128_N64_UM1_UK8_UN1_GORDna_VM1ij_VM2ij_BIAS_False_INLINE_True_COMPORDER_option_5_ap_fixed_16_5_,ok,0,426,2026-10-02 19:10:35
GEMM_config_M128_K128_N64_UM1_UK8_UN1_GORDkji_VM1ji_VM2na_BIAS_False_INLINE_True_COMPORDER_option_2_ap_fixed_16_5_,ok,0,441,2026-10-02 19:10:46
GEMM_config_M128_K128_N64_UM1_UK8_UN1_GORDna_VM1ij_VM2ij_BIAS_False_INLINE_True_COMPORDER_option_1_ap_fixed_16_5_,ok,0,449,2026-10-02 19:10:55
GEMM_config_M128_K128_N64_UM1_UK8_UN1_GORDna_VM1ji_VM2ij_BIAS_True_INLINE_True_COMPORDER_option_5_ap_fixed_16_5_,ok,0,433,2026-10-02 19:11:04
GEMM_config_M128_K128_N64_UM1_UK8_UN1_GORDna_VM1ji_VM2ij_BIAS_False_INLINE_True_COMPORDER_option_4_ap_fixed_16_5_,ok,0,444,2026-10-02 19:11:10
GEMM_config_M128_K128_N64_UM1_UK8_UN1_GORDna_VM1ji_VM2ij_BIAS_False_INLINE_True_COMPORDER_option_5_ap_fixed_16_5_,ok,0,448,2026-10-02 19:11:14
GEMM_config_M128_K128_N64_UM1_UK8_UN1_GORDna_VM1ij_VM2ij_BIAS_True_INLINE_True_COMPORDER_option_4_ap_fixed_16_5_,ok,0,456,2026-10-02 19:11:14
GEMM_config_M128_K128_N64_UM1_UK8_UN1_GORDna_VM1ij_VM2ji_BIAS_False_INLINE_True_COMPORDER_option_4_ap_fixed_16_5_,ok,0,462,2026-10-02 19:11:27
GEMM_config_M128_K128_N64_UM1_UK8_UN1_GORDna_VM1ji_VM2ji_BIAS_True_INLINE_True_COMPORDER_option_1_ap_fixed_16_5_,ok,0,455,2026-10-02 19:11:30
GEMM_config_M128_K128_N64_UM8_UK1_UN1_GORDna_VM1ij_VM2ij_BIAS_True_INLINE_True_COMPORDER_option_1_ap_fixed_16_5_,ok,0,469,2026-10-02 19:11:52
GEMM_config_M128_K128_N64_UM8_UK1_UN1_GORDna_VM1ij_VM2ji_BIAS_True_INLINE_True_COMPORDER_option_1_ap_fixed_16_5_,ok,0,472,2026-10-02 19:12:01
GEMM_config_M128_K128_N64_UM8_UK1_UN1_GORDna_VM1ij_VM2ji_BIAS_False_INLINE_True_COMPORDER_option_4_ap_fixed_16_5_,ok,0,477,2026-10-02 19:12:05
GEMM_config_M128_K128_N64_UM8_UK1_UN1_GORDna_VM1ji_VM2ji_BIAS_False_INLINE_True_COMPORDER_option_4_ap_fixed_16_5_,ok,0,482,2026-10-02 19:12:14
GEMM_config_M128_K128_N64_UM8_UK1_UN1_GORDjik_VM1ji_VM2na_BIAS_False_INLINE_True_COMPORDER_option_3_ap_fixed_16_5_,ok,0,503,2026-10-02 19:12:25
GEMM_config_M128_K128_N64_UM8_UK1_UN8_GORDna_VM1ij_VM2ji_BIAS_True_INLINE_True_COMPORDER_option_4_ap_fixed_16_5_,ok,0,489,2026-10-02 19:12:47
GEMM_config_M128_K128_N64_UM8_UK1_UN1_GORDna_VM1ij_VM2ij_BIAS_True_INLINE_True_COMPORDER_option_4_ap_fixed_16_5_,ok,0,521,2026-10-02 19:12:48
GEMM_config_M128_K128_N64_UM8_UK1_UN8_GORDna_VM1ji_VM2ij_BIAS_False_INLINE_True_COMPORDER_option_1_ap_fixed_16_5_,ok,0,485,2026-10-02 19:12:55
GEMM_config_M128_K128_N64_UM1_UK8_UN8_GORDijk_VM1ij_VM2na_BIAS_False_INLINE_True_COMPORDER_option_2_ap_fixed_16_5_,ok,0,552,2026-10-02 19:13:11
GEMM_config_M128_K128_N64_UM1_UK8_UN8_GORDikj_VM1ij_VM2na_BIAS_False_INLINE_True_COMPORDER_option_2_ap_fixed_16_5_,ok,0,558,2026-10-02 19:13:18
GEMM_config_M128_K128_N64_UM1_UK8_UN8_GORDna_VM1ij_VM2ij_BIAS_False_INLINE_True_COMPORDER_option_5_ap_fixed_16_5_,ok,0,559,2026-10-02 19:13:21
GEMM_config_M128_K128_N64_UM1_UK8_UN8_GORDikj_VM1ij_VM2na_BIAS_True_INLINE_True_COMPORDER_option_2_ap_fixed_16_5_,ok,0,568,2026-10-02 19:13:28
GEMM_config_M128_K128_N64_UM8_UK1_UN8_GORDna_VM1ji_VM2ji_BIAS_True_INLINE_True_COMPORDER_option_1_ap_fixed_16_5_,ok,0,507,2026-10-02 19:13:31
GEMM_config_M128_K128_N64_UM1_UK8_UN8_GORDna_VM1ji_VM2ij_BIAS_True_INLINE_True_COMPORDER_option_1_ap_fixed_16_5_,ok,0,580,2026-10-02 19:13:42
GEMM_config_M128_K128_N64_UM1_UK8_UN8_GORDna_VM1ji_VM2ji_BIAS_True_INLINE_True_COMPORDER_option_1_ap_fixed_16_5_,ok,0,591,2026-10-02 19:13:53
GEMM_config_M128_K128_N64_UM8_UK1_UN8_GORDna_VM1ji_VM2ij_BIAS_False_INLINE_True_COMPORDER_option_4_ap_fixed_16_5_,ok,0,550,2026-10-02 19:14:01
GEMM_config_M128_K128_N64_UM8_UK1_UN8_GORDna_VM1ij_VM2ij_BIAS_True_INLINE_True_COMPORDER_option_5_ap_fixed_16_5_,ok,0,564,2026-10-02 19:14:01
GEMM_config_M128_K128_N128_UM8_UK8_UN8_GORDjik_VM1ji_VM2na_BIAS_False_INLINE_True_COMPORDER_option_2_ap_fixed_16_5_,ok,0,1595,2026-10-02 19:14:26
GEMM_config_M128_K128_N64_UM8_UK1_UN8_GORDna_VM1ji_VM2ij_BIAS_True_INLINE_True_COMPORDER_option_5_ap_fixed_16_5_,ok,0,577,2026-10-02 19:14:31
GEMM_config_M128_K128_N64_UM8_UK8_UN1_GORDjki_VM1ji_VM2na_BIAS_False_INLINE_True_COMPORDER_option_3_ap_fixed_16_5_,ok,0,545,2026-10-02 19:14:56
GEMM_config_M128_K128_N64_UM8_UK1_UN8_GORDna_VM1ij_VM2ji_BIAS_False_INLINE_True_COMPORDER_option_5_ap_fixed_16_5_,ok,0,622,2026-10-02 19:15:00
GEMM_config_M128_K128_N64_UM8_UK8_UN1_GORDna_VM1ij_VM2ji_BIAS_False_INLINE_True_COMPORDER_option_1_ap_fixed_16_5_,ok,0,537,2026-10-02 19:15:05
GEMM_config_M128_K128_N64_UM8_UK8_UN1_GORDjki_VM1ji_VM2na_BIAS_True_INLINE_True_COMPORDER_option_3_ap_fixed_16_5_,ok,0,556,2026-10-02 19:15:14
GEMM_config_M128_K128_N64_UM8_UK8_UN1_GORDna_VM1ji_VM2ij_BIAS_True_INLINE_True_COMPORDER_option_5_ap_fixed_16_5_,ok,0,505,2026-10-02 19:15:15
GEMM_config_M128_K128_N128_UM8_UK8_UN8_GORDkji_VM1ji_VM2na_BIAS_False_INLINE_True_COMPORDER_option_2_ap_fixed_16_5_,ok,0,1641,2026-10-02 19:15:17
GEMM_config_M128_K128_N64_UM8_UK8_UN1_GORDkij_VM1ij_VM2na_BIAS_False_INLINE_True_COMPORDER_option_3_ap_fixed_16_5_,ok,0,578,2026-10-02 19:15:44
GEMM_config_M128_K128_N128_UM8_UK8_UN8_GORDjki_VM1ji_VM2na_BIAS_True_INLINE_True_COMPORDER_option_2_ap_fixed_16_5_,ok,0,1693,2026-10-02 19:16:06
GEMM_config_M128_K128_N64_UM8_UK1_UN8_GORDkji_VM1ji_VM2na_BIAS_True_INLINE_True_COMPORDER_option_2_ap_fixed_16_5_,ok,0,695,2026-10-02 19:16:11
GEMM_config_M128_K128_N64_UM8_UK8_UN1_GORDna_VM1ji_VM2ji_BIAS_True_INLINE_True_COMPORDER_option_4_ap_fixed_16_5_,ok,0,553,2026-10-02 19:16:15
GEMM_config_M128_K128_N128_UM8_UK8_UN8_GORDkji_VM1ji_VM2na_BIAS_True_INLINE_True_COMPORDER_option_3_ap_fixed_16_5_,ok,0,1698,2026-10-02 19:16:16
GEMM_config_M128_K128_N64_UM8_UK1_UN8_GORDijk_VM1ij_VM2na_BIAS_True_INLINE_True_COMPORDER_option_3_ap_fixed_16_5_,ok,0,725,2026-10-02 19:16:18
GEMM_config_M128_K128_N64_UM8_UK1_UN8_GORDjik_VM1ji_VM2na_BIAS_True_INLINE_True_COMPORDER_option_2_ap_fixed_16_5_,ok,0,716,2026-10-02 19:16:28
GEMM_config_M128_K128_N128_UM8_UK8_UN8_GORDkij_VM1ij_VM2na_BIAS_True_INLINE_True_COMPORDER_option_2_ap_fixed_16_5_,ok,0,1715,2026-10-02 19:16:29
GEMM_config_M128_K128_N128_UM8_UK8_UN8_GORDkji_VM1ji_VM2na_BIAS_True_INLINE_True_COMPORDER_option_2_ap_fixed_16_5_,ok,0,1732,2026-10-02 19:16:50
GEMM_config_M128_K128_N128_UM8_UK8_UN8_GORDjki_VM1ji_VM2na_BIAS_True_INLINE_True_COMPORDER_option_3_ap_fixed_16_5_,ok,0,1748,2026-10-02 19:17:01
GEMM_config_M128_K128_N128_UM8_UK8_UN8_GORDjki_VM1ji_VM2na_BIAS_False_INLINE_True_COMPORDER_option_3_ap_fixed_16_5_,ok,0,1755,2026-10-02 19:17:08
GEMM_config_M128_K128_N128_UM8_UK8_UN8_GORDkij_VM1ij_VM2na_BIAS_False_INLINE_True_COMPORDER_option_3_ap_fixed_16_5_,ok,0,1754,2026-10-02 19:17:08
GEMM_config_M128_K128_N128_UM8_UK8_UN8_GORDikj_VM1ij_VM2na_BIAS_False_INLINE_True_COMPORDER_option_3_ap_fixed_16_5_,ok,0,1766,2026-10-02 19:17:15
GEMM_config_M128_K128_N64_UM8_UK8_UN1_GORDjik_VM1ji_VM2na_BIAS_False_INLINE_True_COMPORDER_option_2_ap_fixed_16_5_,ok,0,715,2026-10-02 19:17:33
GEMM_config_M128_K64_N128_UM1_UK1_UN1_GORDijk_VM1ij_VM2na_BIAS_False_INLINE_True_COMPORDER_option_2_ap_fixed_16_5_,ok,0,450,2026-10-02 19:17:50
GEMM_config_M128_K64_N128_UM1_UK1_UN1_GORDijk_VM1ij_VM2na_BIAS_True_INLINE_True_COMPORDER_option_2_ap_fixed_16_5_,ok,0,450,2026-10-02 19:17:52
GEMM_config_M128_K64_N128_UM1_UK1_UN1_GORDijk_VM1ij_VM2na_BIAS_False_INLINE_True_COMPORDER_option_3_ap_fixed_16_5_,ok,0,467,2026-10-02 19:18:07
GEMM_config_M128_K64_N128_UM1_UK1_UN1_GORDikj_VM1ij_VM2na_BIAS_False_INLINE_True_COMPORDER_option_2_ap_fixed_16_5_,ok,0,459,2026-10-02 19:18:25
GEMM_config_M128_K64_N128_UM1_UK1_UN1_GORDijk_VM1ij_VM2na_BIAS_True_INLINE_True_COMPORDER_option_3_ap_fixed_16_5_,ok,0,474,2026-10-02 19:18:29
GEMM_config_M128_K64_N128_UM1_UK1_UN1_GORDikj_VM1ij_VM2na_BIAS_False_INLINE_True_COMPORDER_option_3_ap_fixed_16_5_,ok,0,459,2026-10-02 19:18:34
GEMM_config_M128_K64_N128_UM1_UK1_UN1_GORDikj_VM1ij_VM2na_BIAS_True_INLINE_True_COMPORDER_option_2_ap_fixed_16_5_,ok,0,452,2026-10-02 19:18:36
GEMM_config_M128_K64_N128_UM1_UK1_UN1_GORDikj_VM1ij_VM2na_BIAS_True_INLINE_True_COMPORDER_option_3_ap_fixed_16_5_,ok,0,461,2026-10-02 19:18:50
GEMM_config_M128_K64_N128_UM1_UK1_UN1_GORDjik_VM1ji_VM2na_BIAS_False_INLINE_True_COMPORDER_option_2_ap_fixed_16_5_,ok,0,463,2026-10-02 19:18:57
GEMM_config_M128_K64_N128_UM1_UK1_UN1_GORDjik_VM1ji_VM2na_BIAS_True_INLINE_True_COMPORDER_option_3_ap_fixed_16_5_,ok,0,449,2026-10-02 19:18:59
GEMM_config_M128_K64_N128_UM1_UK1_UN1_GORDjik_VM1ji_VM2na_BIAS_False_INLINE_True_COMPORDER_option_3_ap_fixed_16_5_,ok,0,465,2026-10-02 19:19:00
GEMM_config_M128_K64_N128_UM1_UK1_UN1_GORDjik_VM1ji_VM2na_BIAS_True_INLINE_True_COMPORDER_option_2_ap_fixed_16_5_,ok,0,455,2026-10-02 19:19:02
GEMM_config_M128_K128_N64_UM8_UK1_UN8_GORDikj_VM1ij_VM2na_BIAS_False_INLINE_True_COMPORDER_option_2_ap_fixed_16_5_,ok,0,898,2026-10-02 19:19:19
GEMM_config_M128_K64_N128_UM1_UK1_UN1_GORDjki_VM1ji_VM2na_BIAS_False_INLINE_True_COMPORDER_option_2_ap_fixed_16_5_,ok,0,450,2026-10-02 19:19:21
GEMM_config_M128_K128_N64_UM8_UK1_UN8_GORDkij_VM1ij_VM2na_BIAS_True_INLINE_True_COMPORDER_option_2_ap_fixed_16_5_,ok,0,898,2026-10-02 19:19:31
GEMM_config_M128_K64_N128_UM1_UK1_UN1_GORDjki_VM1ji_VM2na_BIAS_False_INLINE_True_COMPORDER_option_3_ap_fixed_16_5_,ok,0,451,2026-10-02 19:19:32
GEMM_config_M128_K64_N128_UM1_UK1_UN1_GORDjki_VM1ji_VM2na_BIAS_True_INLINE_True_COMPORDER_option_2_ap_fixed_16_5_,ok,0,456,2026-10-02 19:19:41
GEMM_config_M128_K64_N128_UM1_UK1_UN1_GORDkij_VM1ij_VM2na_BIAS_False_INLINE_True_COMPORDER_option_2_ap_fixed_16_5_,ok,0,442,2026-10-02 19:19:47
GEMM_config_M128_K64_N128_UM1_UK1_UN1_GORDjki_VM1ji_VM2na_BIAS_True_INLINE_True_COMPORDER_option_3_ap_fixed_16_5_,ok,0,458,2026-10-02 19:19:52
GEMM_config_M128_K128_N64_UM8_UK1_UN8_GORDikj_VM1ij_VM2na_BIAS_True_INLINE_True_COMPORDER_option_3_ap_fixed_16_5_,ok,0,929,2026-10-02 19:19:59
GEMM_config_M128_K64_N128_UM1_UK1_UN1_GORDkij_VM1ij_VM2na_BIAS_True_INLINE_True_COMPORDER_option_2_ap_fixed_16_5_,ok,0,441,2026-10-02 19:20:09
GEMM_config_M128_K64_N128_UM1_UK1_UN1_GORDkij_VM1ij_VM2na_BIAS_False_INLINE_True_COMPORDER_option_3_ap_fixed_16_5_,ok,0,442,2026-10-02 19:20:09
GEMM_config_M128_K64_N128_UM1_UK1_UN1_GORDkij_VM1ij_VM2na_BIAS_True_INLINE_True_COMPORDER_option_3_ap_fixed_16_5_,ok,0,439,2026-10-02 19:20:14
GEMM_config_M128_K128_N64_UM8_UK8_UN8_GORDna_VM1ij_VM2ij_BIAS_True_INLINE_True_COMPORDER_option_1_ap_fixed_16_5_,ok,0,633,2026-10-02 19:20:17
GEMM_config_M128_K128_N64_UM8_UK8_UN8_GORDna_VM1ij_VM2ij_BIAS_False_INLINE_True_COMPORDER_option_1_ap_fixed_16_5_,ok,0,636,2026-10-02 19:20:18
GEMM_config_M128_K64_N128_UM1_UK1_UN1_GORDna_VM1ij_VM2ij_BIAS_False_INLINE_True_COMPORDER_option_4_ap_fixed_16_5_,ok,0,402,2026-10-02 19:20:24
GEMM_config_M128_K64_N128_UM1_UK1_UN1_GORDkji_VM1ji_VM2na_BIAS_False_INLINE_True_COMPORDER_option_2_ap_fixed_16_5_,ok,0,443,2026-10-02 19:20:34
GEMM_config_M128_K128_N64_UM8_UK8_UN8_GORDna_VM1ij_VM2ji_BIAS_True_INLINE_True_COMPORDER_option_1_ap_fixed_16_5_,ok,0,638,2026-10-02 19:20:37
GEMM_config_M128_K64_N128_UM1_UK1_UN1_GORDkji_VM1ji_VM2na_BIAS_True_INLINE_True_COMPORDER_option_2_ap_fixed_16_5_,ok,0,437,2026-10-02 19:20:38
GEMM_config_M128_K64_N128_UM1_UK1_UN1_GORDna_VM1ij_VM2ij_BIAS_True_INLINE_True_COMPORDER_option_4_ap_fixed_16_5_,ok,0,397,2026-10-02 19:20:39
GEMM_config_M128_K64_N128_UM1_UK1_UN1_GORDkji_VM1ji_VM2na_BIAS_False_INLINE_True_COMPORDER_option_3_ap_fixed_16_5_,ok,0,442,2026-10-02 19:20:40
GEMM_config_M128_K64_N128_UM1_UK1_UN1_GORDkji_VM1ji_VM2na_BIAS_True_INLINE_True_COMPORDER_option_3_ap_fixed_16_5_,ok,0,446,2026-10-02 19:20:54
GEMM_config_M128_K64_N128_UM1_UK1_UN1_GORDna_VM1ij_VM2ij_BIAS_False_INLINE_True_COMPORDER_option_1_ap_fixed_16_5_,ok,0,444,2026-10-02 19:20:55
GEMM_config_M128_K128_N64_UM8_UK8_UN8_GORDna_VM1ji_VM2ji_BIAS_True_INLINE_True_COMPORDER_option_1_ap_fixed_16_5_,ok,0,649,2026-10-02 19:21:06
GEMM_config_M128_K128_N64_UM8_UK8_UN8_GORDna_VM1ji_VM2ji_BIAS_True_INLINE_True_COMPORDER_option_4_ap_fixed_16_5_,ok,0,650,2026-10-02 19:21:08
GEMM_config_M128_K64_N128_UM1_UK1_UN1_GORDna_VM1ij_VM2ij_BIAS_False_INLINE_True_COMPORDER_option_5_ap_fixed_16_5_,ok,0,438,2026-10-02 19:21:11
GEMM_config_M128_K64_N128_UM1_UK1_UN1_GORDna_VM1ij_VM2ij_BIAS_True_INLINE_True_COMPORDER_option_1_ap_fixed_16_5_,ok,0,432,2026-10-02 19:21:12
GEMM_config_M128_K128_N64_UM8_UK8_UN8_GORDna_VM1ji_VM2ij_BIAS_False_INLINE_True_COMPORDER_option_1_ap_fixed_16_5_,ok,0,657,2026-10-02 19:21:13
GEMM_config_M128_K64_N128_UM1_UK1_UN1_GORDna_VM1ij_VM2ji_BIAS_False_INLINE_True_COMPORDER_option_4_ap_fixed_16_5_,ok,0,395,2026-10-02 19:21:31
GEMM_config_M128_K64_N128_UM1_UK1_UN1_GORDna_VM1ij_VM2ji_BIAS_False_INLINE_True_COMPORDER_option_1_ap_fixed_16_5_,ok,0,422,2026-10-02 19:21:33
GEMM_config_M128_K64_N128_UM1_UK1_UN1_GORDna_VM1ij_VM2ji_BIAS_True_INLINE_True_COMPORDER_option_4_ap_fixed_16_5_,ok,0,386,2026-10-02 19:21:40
GEMM_config_M128_K64_N128_UM1_UK1_UN1_GORDna_VM1ij_VM2ij_BIAS_True_INLINE_True_COMPORDER_option_5_ap_fixed_16_5_,ok,0,440,2026-10-02 19:21:46
GEMM_config_M128_K64_N128_UM1_UK1_UN1_GORDna_VM1ij_VM2ji_BIAS_False_INLINE_True_COMPORDER_option_5_ap_fixed_16_5_,ok,0,434,2026-10-02 19:22:14
GEMM_config_M128_K64_N128_UM1_UK1_UN1_GORDna_VM1ji_VM2ij_BIAS_False_INLINE_True_COMPORDER_option_1_ap_fixed_16_5_,ok,0,418,2026-10-02 19:22:15
GEMM_config_M128_K64_N128_UM1_UK1_UN1_GORDna_VM1ij_VM2ji_BIAS_True_INLINE_True_COMPORDER_option_5_ap_fixed_16_5_,ok,0,421,2026-10-02 19:22:16
GEMM_config_M128_K64_N128_UM1_UK1_UN1_GORDna_VM1ji_VM2ij_BIAS_False_INLINE_True_COMPORDER_option_4_ap_fixed_16_5_,ok,0,396,2026-10-02 19:22:20
GEMM_config_M128_K64_N128_UM1_UK1_UN1_GORDna_VM1ij_VM2ji_BIAS_True_INLINE_True_COMPORDER_option_1_ap_fixed_16_5_,ok,0,446,2026-10-02 19:22:31
GEMM_config_M128_K64_N128_UM1_UK1_UN1_GORDna_VM1ji_VM2ij_BIAS_True_INLINE_True_COMPORDER_option_4_ap_fixed_16_5_,ok,0,400,2026-10-02 19:22:55
GEMM_config_M128_K64_N128_UM1_UK1_UN1_GORDna_VM1ji_VM2ji_BIAS_False_INLINE_True_COMPORDER_option_4_ap_fixed_16_5_,ok,0,388,2026-10-02 19:22:56
GEMM_config_M128_K64_N128_UM1_UK1_UN1_GORDna_VM1ji_VM2ij_BIAS_False_INLINE_True_COMPORDER_option_5_ap_fixed_16_5_,ok,0,438,2026-10-02 19:23:24
GEMM_config_M128_K64_N128_UM1_UK1_UN1_GORDna_VM1ji_VM2ij_BIAS_True_INLINE_True_COMPORDER_option_5_ap_fixed_16_5_,ok,0,432,2026-10-02 19:23:28
GEMM_config_M128_K64_N128_UM1_UK1_UN1_GORDna_VM1ji_VM2ji_BIAS_True_INLINE_True_COMPORDER_option_4_ap_fixed_16_5_,ok,0,388,2026-10-02 19:23:29
GEMM_config_M128_K64_N128_UM1_UK1_UN1_GORDna_VM1ji_VM2ij_BIAS_True_INLINE_True_COMPORDER_option_1_ap_fixed_16_5_,ok,0,438,2026-10-02 19:23:29
GEMM_config_M128_K64_N128_UM1_UK1_UN1_GORDna_VM1ji_VM2ji_BIAS_False_INLINE_True_COMPORDER_option_1_ap_fixed_16_5_,ok,0,437,2026-10-02 19:23:36
GEMM_config_M128_K64_N128_UM1_UK1_UN1_GORDna_VM1ji_VM2ji_BIAS_False_INLINE_True_COMPORDER_option_5_ap_fixed_16_5_,ok,0,442,2026-10-02 19:23:51
GEMM_config_M128_K64_N128_UM1_UK1_UN1_GORDna_VM1ji_VM2ji_BIAS_True_INLINE_True_COMPORDER_option_1_ap_fixed_16_5_,ok,0,424,2026-10-02 19:23:53
GEMM_config_M128_K64_N128_UM1_UK1_UN1_GORDna_VM1ji_VM2ji_BIAS_True_INLINE_True_COMPORDER_option_5_ap_fixed_16_5_,ok,0,423,2026-10-02 19:24:11
GEMM_config_M128_K64_N128_UM1_UK1_UN8_GORDijk_VM1ij_VM2na_BIAS_True_INLINE_True_COMPORDER_option_3_ap_fixed_16_5_,ok,0,435,2026-10-02 19:24:23
GEMM_config_M128_K64_N128_UM1_UK1_UN8_GORDikj_VM1ij_VM2na_BIAS_False_INLINE_True_COMPORDER_option_3_ap_fixed_16_5_,ok,0,462,2026-10-02 19:24:56
GEMM_config_M128_K64_N128_UM1_UK1_UN8_GORDjik_VM1ji_VM2na_BIAS_True_INLINE_True_COMPORDER_option_2_ap_fixed_16_5_,ok,0,466,2026-10-02 19:25:18
GEMM_config_M128_K64_N128_UM1_UK1_UN8_GORDna_VM1ij_VM2ij_BIAS_False_INLINE_True_COMPORDER_option_4_ap_fixed_16_5_,ok,0,431,2026-10-02 19:25:18
GEMM_config_M128_K64_N128_UM1_UK1_UN8_GORDjki_VM1ji_VM2na_BIAS_False_INLINE_True_COMPORDER_option_3_ap_fixed_16_5_,ok,0,459,2026-10-02 19:25:28
GEMM_config_M128_K64_N128_UM1_UK1_UN8_GORDna_VM1ij_VM2ji_BIAS_False_INLINE_True_COMPORDER_option_4_ap_fixed_16_5_,ok,0,421,2026-10-02 19:25:30
GEMM_config_M128_K64_N128_UM1_UK1_UN8_GORDna_VM1ij_VM2ij_BIAS_False_INLINE_True_COMPORDER_option_5_ap_fixed_16_5_,ok,0,431,2026-10-02 19:25:36
GEMM_config_M128_K64_N128_UM1_UK1_UN8_GORDna_VM1ij_VM2ji_BIAS_True_INLINE_True_COMPORDER_option_4_ap_fixed_16_5_,ok,0,425,2026-10-02 19:25:39
GEMM_config_M128_K64_N128_UM1_UK1_UN8_GORDkji_VM1ji_VM2na_BIAS_False_INLINE_True_COMPORDER_option_2_ap_fixed_16_5_,ok,0,473,2026-10-02 19:25:45
GEMM_config_M128_K64_N128_UM1_UK1_UN8_GORDna_VM1ji_VM2ij_BIAS_False_INLINE_True_COMPORDER_option_4_ap_fixed_16_5_,ok,0,437,2026-10-02 19:25:53
GEMM_config_M128_K64_N128_UM1_UK8_UN1_GORDkij_VM1ij_VM2na_BIAS_True_INLINE_True_COMPORDER_option_2_ap_fixed_16_5_,ok,0,422,2026-10-02 19:26:05
GEMM_config_M128_K64_N128_UM1_UK1_UN8_GORDna_VM1ji_VM2ij_BIAS_True_INLINE_True_COMPORDER_option_4_ap_fixed_16_5_,ok,0,439,2026-10-02 19:26:10
GEMM_config_M128_K64_N128_UM1_UK1_UN8_GORDna_VM1ji_VM2ji_BIAS_False_INLINE_True_COMPORDER_option_4_ap_fixed_16_5_,ok,0,433,2026-10-02 19:26:10
GEMM_config_M128_K64_N128_UM1_UK8_UN1_GORDjik_VM1ji_VM2na_BIAS_True_INLINE_True_COMPORDER_option_3_ap_fixed_16_5_,ok,0,435,2026-10-02 19:26:13
GEMM_config_M128_K64_N128_UM1_UK8_UN1_GORDna_VM1ji_VM2ji_BIAS_False_INLINE_True_COMPORDER_option_5_ap_fixed_16_5_,ok,0,422,2026-10-02 19:26:33
GEMM_config_M128_K64_N128_UM1_UK8_UN1_GORDjki_VM1ji_VM2na_BIAS_True_INLINE_True_COMPORDER_option_2_ap_fixed_16_5_,ok,0,455,2026-10-02 19:26:35
GEMM_config_M128_K64_N128_UM1_UK8_UN1_GORDna_VM1ji_VM2ji_BIAS_False_INLINE_True_COMPORDER_option_1_ap_fixed_16_5_,ok,0,436,2026-10-02 19:26:37
GEMM_config_M128_K64_N128_UM1_UK8_UN1_GORDna_VM1ji_VM2ji_BIAS_True_INLINE_True_COMPORDER_option_5_ap_fixed_16_5_,ok,0,430,2026-10-02 19:26:42
GEMM_config_M128_K64_N128_UM1_UK8_UN1_GORDna_VM1ji_VM2ij_BIAS_False_INLINE_True_COMPORDER_option_1_ap_fixed_16_5_,ok,0,447,2026-10-02 19:26:46
GEMM_config_M128_K64_N128_UM8_UK1_UN1_GORDkji_VM1ji_VM2na_BIAS_False_INLINE_True_COMPORDER_option_2_ap_fixed_16_5_,ok,0,427,2026-10-02 19:27:45
GEMM_config_M128_K64_N128_UM8_UK1_UN1_GORDjki_VM1ji_VM2na_BIAS_False_INLINE_True_COMPORDER_option_2_ap_fixed_16_5_,ok,0,435,2026-10-02 19:27:52
GEMM_config_M128_K64_N128_UM8_UK1_UN1_GORDjki_VM1ji_VM2na_BIAS_True_INLINE_True_COMPORDER_option_3_ap_fixed_16_5_,ok,0,449,2026-10-02 19:28:07
GEMM_config_M128_K64_N128_UM8_UK1_UN1_GORDna_VM1ij_VM2ji_BIAS_True_INLINE_True_COMPORDER_option_4_ap_fixed_16_5_,ok,0,439,2026-10-02 19:28:13
GEMM_config_M128_K64_N128_UM8_UK1_UN1_GORDna_VM1ji_VM2ji_BIAS_True_INLINE_True_COMPORDER_option_1_ap_fixed_16_5_,ok,0,431,2026-10-02 19:28:17
GEMM_config_M128_K64_N128_UM8_UK1_UN1_GORDna_VM1ji_VM2ij_BIAS_True_INLINE_True_COMPORDER_option_1_ap_fixed_16_5_,ok,0,445,2026-10-02 19:28:20
GEMM_config_M128_K64_N128_UM8_UK1_UN1_GORDna_VM1ij_VM2ij_BIAS_True_INLINE_True_COMPORDER_option_4_ap_fixed_16_5_,ok,0,464,2026-10-02 19:28:24
GEMM_config_M128_K64_N128_UM8_UK1_UN1_GORDikj_VM1ij_VM2na_BIAS_False_INLINE_True_COMPORDER_option_3_ap_fixed_16_5_,ok,0,483,2026-10-02 19:28:27
GEMM_config_M128_K64_N128_UM8_UK1_UN1_GORDijk_VM1ij_VM2na_BIAS_False_INLINE_True_COMPORDER_option_3_ap_fixed_16_5_,ok,0,490,2026-10-02 19:28:28
GEMM_config_M128_K64_N128_UM1_UK8_UN8_GORDna_VM1ij_VM2ji_BIAS_True_INLINE_True_COMPORDER_option_1_ap_fixed_16_5_,ok,0,513,2026-10-02 19:28:32
GEMM_config_M128_K64_N128_UM1_UK8_UN8_GORDna_VM1ij_VM2ij_BIAS_False_INLINE_True_COMPORDER_option_5_ap_fixed_16_5_,ok,0,526,2026-10-02 19:28:33
GEMM_config_M128_K64_N128_UM1_UK8_UN8_GORDkij_VM1ij_VM2na_BIAS_False_INLINE_True_COMPORDER_option_2_ap_fixed_16_5_,ok,0,534,2026-10-02 19:28:36
GEMM_config_M128_K64_N128_UM1_UK8_UN8_GORDna_VM1ij_VM2ji_BIAS_False_INLINE_True_COMPORDER_option_1_ap_fixed_16_5_,ok,0,525,2026-10-02 19:28:37
GEMM_config_M128_K64_N128_UM1_UK8_UN8_GORDna_VM1ji_VM2ij_BIAS_False_INLINE_True_COMPORDER_option_4_ap_fixed_16_5_,ok,0,518,2026-10-02 19:28:47
GEMM_config_M128_K64_N128_UM8_UK1_UN1_GORDikj_VM1ij_VM2na_BIAS_True_INLINE_True_COMPORDER_option_3_ap_fixed_16_5_,ok,0,498,2026-10-02 19:28:52
GEMM_config_M128_K64_N128_UM1_UK8_UN8_GORDna_VM1ji_VM2ij_BIAS_True_INLINE_True_COMPORDER_option_4_ap_fixed_16_5_,ok,0,528,2026-10-02 19:29:02
GEMM_config_M128_K64_N128_UM1_UK8_UN8_GORDna_VM1ji_VM2ij_BIAS_False_INLINE_True_COMPORDER_option_5_ap_fixed_16_5_,ok,0,533,2026-10-02 19:29:02
GEMM_config_M128_K64_N128_UM1_UK8_UN8_GORDna_VM1ji_VM2ji_BIAS_False_INLINE_True_COMPORDER_option_4_ap_fixed_16_5_,ok,0,530,2026-10-02 19:29:07
GEMM_config_M128_K64_N128_UM8_UK1_UN8_GORDna_VM1ij_VM2ij_BIAS_True_INLINE_True_COMPORDER_option_1_ap_fixed_16_5_,ok,0,458,2026-10-02 19:29:18
GEMM_config_M128_K64_N128_UM8_UK1_UN8_GORDna_VM1ij_VM2ij_BIAS_False_INLINE_True_COMPORDER_option_4_ap_fixed_16_5_,ok,0,473,2026-10-02 19:29:26
GEMM_config_M128_K64_N128_UM8_UK1_UN8_GORDna_VM1ij_VM2ji_BIAS_True_INLINE_True_COMPORDER_option_1_ap_fixed_16_5_,ok,0,471,2026-10-02 19:29:37
GEMM_config_M128_K64_N128_UM8_UK1_UN8_GORDna_VM1ij_VM2ji_BIAS_True_INLINE_True_COMPORDER_option_4_ap_fixed_16_5_,ok,0,452,2026-10-02 19:29:45
GEMM_config_M128_K64_N128_UM8_UK1_UN8_GORDna_VM1ji_VM2ji_BIAS_True_INLINE_True_COMPORDER_option_1_ap_fixed_16_5_,ok,0,455,2026-10-02 19:29:51
GEMM_config_M128_K64_N128_UM8_UK8_UN1_GORDna_VM1ij_VM2ji_BIAS_True_INLINE_True_COMPORDER_option_4_ap_fixed_16_5_,fail,1,386,2026-10-02 19:30:02
GEMM_config_M128_K64_N128_UM8_UK1_UN8_GORDna_VM1ji_VM2ij_BIAS_False_INLINE_True_COMPORDER_option_4_ap_fixed_16_5_,ok,0,490,2026-10-02 19:30:25
GEMM_config_M128_K64_N128_UM8_UK1_UN8_GORDjik_VM1ji_VM2na_BIAS_False_INLINE_True_COMPORDER_option_2_ap_fixed_16_5_,ok,0,575,2026-10-02 19:30:47
GEMM_config_M128_K64_N128_UM8_UK1_UN8_GORDjki_VM1ji_VM2na_BIAS_True_INLINE_True_COMPORDER_option_2_ap_fixed_16_5_,ok,0,575,2026-10-02 19:30:47
GEMM_config_M128_K64_N128_UM8_UK1_UN8_GORDkji_VM1ji_VM2na_BIAS_True_INLINE_True_COMPORDER_option_2_ap_fixed_16_5_,ok,0,579,2026-10-02 19:31:10
GEMM_config_M128_K64_N128_UM8_UK8_UN1_GORDna_VM1ji_VM2ji_BIAS_False_INLINE_True_COMPORDER_option_5_ap_fixed_16_5_,ok,0,452,2026-10-02 19:31:26
GEMM_config_M128_K64_N128_UM8_UK8_UN1_GORDna_VM1ij_VM2ij_BIAS_False_INLINE_True_COMPORDER_option_5_ap_fixed_16_5_,ok,0,500,2026-10-02 19:31:48
GEMM_config_M128_K64_N128_UM8_UK8_UN1_GORDikj_VM1ij_VM2na_BIAS_False_INLINE_True_COMPORDER_option_3_ap_fixed_16_5_,ok,0,569,2026-10-02 19:32:01
GEMM_config_M128_K64_N128_UM8_UK8_UN1_GORDjki_VM1ji_VM2na_BIAS_False_INLINE_True_COMPORDER_option_3_ap_fixed_16_5_,ok,0,556,2026-10-02 19:32:11
GEMM_config_M128_K64_N128_UM8_UK8_UN1_GORDkij_VM1ij_VM2na_BIAS_False_INLINE_True_COMPORDER_option_3_ap_fixed_16_5_,ok,0,565,2026-10-02 19:32:21
GEMM_config_M128_K128_N64_UM8_UK8_UN8_GORDikj_VM1ij_VM2na_BIAS_True_INLINE_True_COMPORDER_option_2_ap_fixed_16_5_,ok,0,1520,2026-10-02 19:32:23
GEMM_config_M128_K64_N128_UM8_UK8_UN1_GORDna_VM1ij_VM2ji_BIAS_True_INLINE_True_COMPORDER_option_1_ap_fixed_16_5_,ok,0,535,2026-10-02 19:32:24
GEMM_config_M128_K64_N128_UM8_UK8_UN1_GORDna_VM1ij_VM2ji_BIAS_False_INLINE_True_COMPORDER_option_1_ap_fixed_16_5_,ok,0,538,2026-10-02 19:32:27
GEMM_config_M128_K64_N128_UM8_UK8_UN1_GORDkji_VM1ji_VM2na_BIAS_False_INLINE_True_COMPORDER_option_3_ap_fixed_16_5_,ok,0,558,2026-10-02 19:32:42
GEMM_config_M128_K64_N128_UM8_UK8_UN1_GORDna_VM1ji_VM2ij_BIAS_False_INLINE_True_COMPORDER_option_1_ap_fixed_16_5_,ok,0,558,2026-10-02 19:33:09
GEMM_config_M128_K64_N64_UM1_UK1_UN1_GORDijk_VM1ij_VM2na_BIAS_False_INLINE_True_COMPORDER_option_2_ap_fixed_16_5_,ok,0,441,2026-10-02 19:33:14
GEMM_config_M128_K64_N64_UM1_UK1_UN1_GORDikj_VM1ij_VM2na_BIAS_False_INLINE_True_COMPORDER_option_2_ap_fixed_16_5_,ok,0,439,2026-10-02 19:33:32
GEMM_config_M128_K64_N64_UM1_UK1_UN1_GORDijk_VM1ij_VM2na_BIAS_False_INLINE_True_COMPORDER_option_3_ap_fixed_16_5_,ok,0,449,2026-10-02 19:33:33
GEMM_config_M128_K64_N64_UM1_UK1_UN1_GORDijk_VM1ij_VM2na_BIAS_True_INLINE_True_COMPORDER_option_3_ap_fixed_16_5_,ok,0,445,2026-10-02 19:33:35
GEMM_config_M128_K64_N64_UM1_UK1_UN1_GORDijk_VM1ij_VM2na_BIAS_True_INLINE_True_COMPORDER_option_2_ap_fixed_16_5_,ok,0,446,2026-10-02 19:33:35
GEMM_config_M128_K64_N128_UM8_UK1_UN8_GORDikj_VM1ij_VM2na_BIAS_False_INLINE_True_COMPORDER_option_2_ap_fixed_16_5_,ok,0,768,2026-10-02 19:33:56
GEMM_config_M128_K64_N64_UM1_UK1_UN1_GORDikj_VM1ij_VM2na_BIAS_False_INLINE_True_COMPORDER_option_3_ap_fixed_16_5_,ok,0,444,2026-10-02 19:33:57
GEMM_config_M128_K64_N64_UM1_UK1_UN1_GORDikj_VM1ij_VM2na_BIAS_True_INLINE_True_COMPORDER_option_2_ap_fixed_16_5_,ok,0,443,2026-10-02 19:33:58
GEMM_config_M128_K64_N128_UM8_UK8_UN1_GORDijk_VM1ij_VM2na_BIAS_True_INLINE_True_COMPORDER_option_2_ap_fixed_16_5_,ok,0,698,2026-10-02 19:33:58
GEMM_config_M128_K64_N64_UM1_UK1_UN1_GORDjik_VM1ji_VM2na_BIAS_False_INLINE_True_COMPORDER_option_2_ap_fixed_16_5_,ok,0,441,2026-10-02 19:34:03
GEMM_config_M128_K64_N64_UM1_UK1_UN1_GORDjik_VM1ji_VM2na_BIAS_False_INLINE_True_COMPORDER_option_3_ap_fixed_16_5_,ok,0,440,2026-10-02 19:34:05
GEMM_config_M128_K64_N64_UM1_UK1_UN1_GORDikj_VM1ij_VM2na_BIAS_True_INLINE_True_COMPORDER_option_3_ap_fixed_16_5_,ok,0,456,2026-10-02 19:34:13
GEMM_config_M128_K64_N128_UM8_UK1_UN8_GORDikj_VM1ij_VM2na_BIAS_False_INLINE_True_COMPORDER_option_3_ap_fixed_16_5_,ok,0,788,2026-10-02 19:34:19
GEMM_config_M128_K128_N64_UM8_UK8_UN8_GORDkij_VM1ij_VM2na_BIAS_False_INLINE_True_COMPORDER_option_2_ap_fixed_16_5_,ok,0,1525,2026-10-02 19:35:00
GEMM_config_M128_K64_N64_UM1_UK1_UN1_GORDjik_VM1ji_VM2na_BIAS_True_INLINE_True_COMPORDER_option_2_ap_fixed_16_5_,ok,0,438,2026-10-02 19:35:03
GEMM_config_M128_K64_N64_UM1_UK1_UN1_GORDjik_VM1ji_VM2na_BIAS_True_INLINE_True_COMPORDER_option_3_ap_fixed_16_5_,ok,0,445,2026-10-02 19:35:16
GEMM_config_M128_K128_N64_UM8_UK8_UN8_GORDikj_VM1ij_VM2na_BIAS_True_INLINE_True_COMPORDER_option_3_ap_fixed_16_5_,ok,0,1569,2026-10-02 19:35:27
GEMM_config_M128_K64_N64_UM1_UK1_UN1_GORDjki_VM1ji_VM2na_BIAS_False_INLINE_True_COMPORDER_option_2_ap_fixed_16_5_,ok,0,447,2026-10-02 19:35:34
GEMM_config_M128_K64_N64_UM1_UK1_UN1_GORDjki_VM1ji_VM2na_BIAS_True_INLINE_True_COMPORDER_option_2_ap_fixed_16_5_,ok,0,443,2026-10-02 19:35:40
GEMM_config_M128_K64_N64_UM1_UK1_UN1_GORDkij_VM1ij_VM2na_BIAS_False_INLINE_True_COMPORDER_option_2_ap_fixed_16_5_,ok,0,436,2026-10-02 19:35:40
GEMM_config_M128_K64_N64_UM1_UK1_UN1_GORDjki_VM1ji_VM2na_BIAS_False_INLINE_True_COMPORDER_option_3_ap_fixed_16_5_,ok,0,451,2026-10-02 19:35:44
GEMM_config_M128_K64_N64_UM1_UK1_UN1_GORDjki_VM1ji_VM2na_BIAS_True_INLINE_True_COMPORDER_option_3_ap_fixed_16_5_,ok,0,447,2026-10-02 19:35:47
GEMM_config_M128_K64_N64_UM1_UK1_UN1_GORDkij_VM1ij_VM2na_BIAS_True_INLINE_True_COMPORDER_option_2_ap_fixed_16_5_,ok,0,440,2026-10-02 19:35:48
GEMM_config_M128_K64_N64_UM1_UK1_UN1_GORDkij_VM1ij_VM2na_BIAS_False_INLINE_True_COMPORDER_option_3_ap_fixed_16_5_,ok,0,442,2026-10-02 19:35:48
GEMM_config_M128_K64_N64_UM1_UK1_UN1_GORDkij_VM1ij_VM2na_BIAS_True_INLINE_True_COMPORDER_option_3_ap_fixed_16_5_,ok,0,436,2026-10-02 19:35:48
GEMM_config_M128_K64_N64_UM1_UK1_UN1_GORDkji_VM1ji_VM2na_BIAS_False_INLINE_True_COMPORDER_option_2_ap_fixed_16_5_,ok,0,443,2026-10-02 19:35:56
GEMM_config_M128_K64_N64_UM1_UK1_UN1_GORDkji_VM1ji_VM2na_BIAS_False_INLINE_True_COMPORDER_option_3_ap_fixed_16_5_,ok,0,440,2026-10-02 19:35:56
GEMM_config_M128_K64_N64_UM1_UK1_UN1_GORDkji_VM1ji_VM2na_BIAS_True_INLINE_True_COMPORDER_option_2_ap_fixed_16_5_,ok,0,445,2026-10-02 19:36:02
GEMM_config_M128_K64_N128_UM8_UK8_UN8_GORDna_VM1ij_VM2ij_BIAS_False_INLINE_True_COMPORDER_option_1_ap_fixed_16_5_,ok,0,645,2026-10-02 19:36:03
GEMM_config_M128_K128_N64_UM8_UK8_UN8_GORDjik_VM1ji_VM2na_BIAS_True_INLINE_True_COMPORDER_option_3_ap_fixed_16_5_,ok,0,1593,2026-10-02 19:36:05
GEMM_config_M128_K64_N64_UM1_UK1_UN1_GORDkji_VM1ji_VM2na_BIAS_True_INLINE_True_COMPORDER_option_3_ap_fixed_16_5_,ok,0,440,2026-10-02 19:36:07
GEMM_config_M128_K64_N128_UM8_UK8_UN8_GORDna_VM1ij_VM2ij_BIAS_False_INLINE_True_COMPORDER_option_5_ap_fixed_16_5_,ok,0,653,2026-10-02 19:36:11
GEMM_config_M128_K64_N64_UM1_UK1_UN1_GORDna_VM1ij_VM2ij_BIAS_False_INLINE_True_COMPORDER_option_1_ap_fixed_16_5_,ok,0,440,2026-10-02 19:36:13
GEMM_config_M128_K64_N64_UM1_UK1_UN1_GORDna_VM1ij_VM2ij_BIAS_False_INLINE_True_COMPORDER_option_4_ap_fixed_16_5_,ok,0,438,2026-10-02 19:36:20
GEMM_config_M128_K64_N128_UM8_UK8_UN8_GORDna_VM1ji_VM2ij_BIAS_True_INLINE_True_COMPORDER_option_1_ap_fixed_16_5_,ok,0,637,2026-10-02 19:36:22
GEMM_config_M128_K64_N128_UM8_UK8_UN8_GORDna_VM1ij_VM2ij_BIAS_True_INLINE_True_COMPORDER_option_4_ap_fixed_16_5_,ok,0,652,2026-10-02 19:36:22
GEMM_config_M128_K64_N128_UM8_UK8_UN8_GORDna_VM1ij_VM2ij_BIAS_True_INLINE_True_COMPORDER_option_1_ap_fixed_16_5_,ok,0,655,2026-10-02 19:36:24
GEMM_config_M128_K64_N128_UM8_UK8_UN8_GORDna_VM1ij_VM2ij_BIAS_True_INLINE_True_COMPORDER_option_5_ap_fixed_16_5_,ok,0,649,2026-10-02 19:36:25
GEMM_config_M128_K64_N128_UM8_UK8_UN8_GORDna_VM1ij_VM2ji_BIAS_True_INLINE_True_COMPORDER_option_5_ap_fixed_16_5_,ok,0,650,2026-10-02 19:36:29
GEMM_config_M128_K64_N64_UM1_UK1_UN1_GORDna_VM1ij_VM2ij_BIAS_False_INLINE_True_COMPORDER_option_5_ap_fixed_16_5_,ok,0,451,2026-10-02 19:36:33
GEMM_config_M128_K64_N64_UM1_UK1_UN1_GORDna_VM1ij_VM2ij_BIAS_True_INLINE_True_COMPORDER_option_1_ap_fixed_16_5_,ok,0,448,2026-10-02 19:36:35
GEMM_config_M128_K64_N64_UM1_UK1_UN1_GORDna_VM1ij_VM2ij_BIAS_True_INLINE_True_COMPORDER_option_4_ap_fixed_16_5_,ok,0,448,2026-10-02 19:36:46
GEMM_config_M128_K64_N64_UM1_UK1_UN1_GORDna_VM1ij_VM2ij_BIAS_True_INLINE_True_COMPORDER_option_5_ap_fixed_16_5_,ok,0,445,2026-10-02 19:36:51
GEMM_config_M128_K64_N64_UM1_UK1_UN1_GORDna_VM1ij_VM2ji_BIAS_False_INLINE_True_COMPORDER_option_1_ap_fixed_16_5_,ok,0,442,2026-10-02 19:36:59
GEMM_config_M128_K64_N64_UM1_UK1_UN1_GORDna_VM1ij_VM2ji_BIAS_False_INLINE_True_COMPORDER_option_5_ap_fixed_16_5_,ok,0,435,2026-10-02 19:37:06
GEMM_config_M128_K64_N64_UM1_UK1_UN1_GORDna_VM1ij_VM2ji_BIAS_False_INLINE_True_COMPORDER_option_4_ap_fixed_16_5_,ok,0,441,2026-10-02 19:37:07
GEMM_config_M128_K64_N64_UM1_UK1_UN1_GORDna_VM1ij_VM2ji_BIAS_True_INLINE_True_COMPORDER_option_1_ap_fixed_16_5_,ok,0,437,2026-10-02 19:37:19
GEMM_config_M128_K64_N64_UM1_UK1_UN1_GORDna_VM1ij_VM2ji_BIAS_True_INLINE_True_COMPORDER_option_4_ap_fixed_16_5_,ok,0,426,2026-10-02 19:37:31
GEMM_config_M128_K64_N64_UM1_UK1_UN1_GORDna_VM1ji_VM2ij_BIAS_False_INLINE_True_COMPORDER_option_1_ap_fixed_16_5_,ok,0,428,2026-10-02 19:37:55
GEMM_config_M128_K64_N64_UM1_UK1_UN1_GORDna_VM1ij_VM2ji_BIAS_True_INLINE_True_COMPORDER_option_5_ap_fixed_16_5_,ok,0,431,2026-10-02 19:37:58
GEMM_config_M128_K64_N64_UM1_UK1_UN1_GORDna_VM1ji_VM2ij_BIAS_False_INLINE_True_COMPORDER_option_4_ap_fixed_16_5_,ok,0,427,2026-10-02 19:38:17
GEMM_config_M128_K64_N64_UM1_UK1_UN1_GORDna_VM1ji_VM2ij_BIAS_False_INLINE_True_COMPORDER_option_5_ap_fixed_16_5_,ok,0,430,2026-10-02 19:38:36
GEMM_config_M128_K64_N64_UM1_UK1_UN1_GORDna_VM1ji_VM2ij_BIAS_True_INLINE_True_COMPORDER_option_4_ap_fixed_16_5_,ok,0,422,2026-10-02 19:39:03
GEMM_config_M128_K64_N64_UM1_UK1_UN1_GORDna_VM1ji_VM2ij_BIAS_True_INLINE_True_COMPORDER_option_1_ap_fixed_16_5_,ok,0,438,2026-10-02 19:39:06
GEMM_config_M128_K64_N64_UM1_UK1_UN1_GORDna_VM1ji_VM2ij_BIAS_True_INLINE_True_COMPORDER_option_5_ap_fixed_16_5_,ok,0,423,2026-10-02 19:39:15
GEMM_config_M128_K64_N64_UM1_UK1_UN1_GORDna_VM1ji_VM2ji_BIAS_False_INLINE_True_COMPORDER_option_4_ap_fixed_16_5_,ok,0,415,2026-10-02 19:39:18
GEMM_config_M128_K64_N64_UM1_UK1_UN1_GORDna_VM1ji_VM2ji_BIAS_False_INLINE_True_COMPORDER_option_1_ap_fixed_16_5_,ok,0,429,2026-10-02 19:39:30
GEMM_config_M128_K64_N64_UM1_UK1_UN1_GORDna_VM1ji_VM2ji_BIAS_False_INLINE_True_COMPORDER_option_5_ap_fixed_16_5_,ok,0,426,2026-10-02 19:39:30
GEMM_config_M128_K64_N64_UM1_UK1_UN1_GORDna_VM1ji_VM2ji_BIAS_True_INLINE_True_COMPORDER_option_4_ap_fixed_16_5_,ok,0,412,2026-10-02 19:39:34
GEMM_config_M128_K64_N64_UM1_UK1_UN1_GORDna_VM1ji_VM2ji_BIAS_True_INLINE_True_COMPORDER_option_1_ap_fixed_16_5_,ok,0,430,2026-10-02 19:39:37
GEMM_config_M128_K64_N64_UM1_UK1_UN1_GORDna_VM1ji_VM2ji_BIAS_True_INLINE_True_COMPORDER_option_5_ap_fixed_16_5_,ok,0,421,2026-10-02 19:40:10
GEMM_config_M128_K64_N64_UM1_UK1_UN8_GORDijk_VM1ij_VM2na_BIAS_True_INLINE_True_COMPORDER_option_2_ap_fixed_16_5_,ok,0,441,2026-10-02 19:40:35
GEMM_config_M128_K64_N64_UM1_UK1_UN8_GORDna_VM1ij_VM2ij_BIAS_True_INLINE_True_COMPORDER_option_4_ap_fixed_16_5_,ok,0,437,2026-10-02 19:40:52
GEMM_config_M128_K64_N64_UM1_UK1_UN8_GORDna_VM1ij_VM2ji_BIAS_True_INLINE_True_COMPORDER_option_4_ap_fixed_16_5_,ok,0,421,2026-10-02 19:40:59
GEMM_config_M128_K64_N64_UM1_UK1_UN8_GORDna_VM1ij_VM2ij_BIAS_True_INLINE_True_COMPORDER_option_5_ap_fixed_16_5_,ok,0,424,2026-10-02 19:41:00
GEMM_config_M128_K64_N64_UM1_UK1_UN8_GORDikj_VM1ij_VM2na_BIAS_True_INLINE_True_COMPORDER_option_2_ap_fixed_16_5_,ok,0,448,2026-10-02 19:41:01
GEMM_config_M128_K64_N64_UM1_UK1_UN8_GORDna_VM1ij_VM2ji_BIAS_True_INLINE_True_COMPORDER_option_1_ap_fixed_16_5_,ok,0,429,2026-10-02 19:41:06
GEMM_config_M128_K64_N64_UM1_UK8_UN1_GORDikj_VM1ij_VM2na_BIAS_True_INLINE_True_COMPORDER_option_3_ap_fixed_16_5_,ok,0,422,2026-10-02 19:41:07
GEMM_config_M128_K64_N64_UM1_UK1_UN8_GORDkij_VM1ij_VM2na_BIAS_True_INLINE_True_COMPORDER_option_2_ap_fixed_16_5_,ok,0,462,2026-10-02 19:41:16
GEMM_config_M128_K64_N64_UM1_UK8_UN1_GORDjik_VM1ji_VM2na_BIAS_False_INLINE_True_COMPORDER_option_3_ap_fixed_16_5_,ok,0,425,2026-10-02 19:41:18
GEMM_config_M128_K64_N64_UM1_UK1_UN8_GORDna_VM1ji_VM2ij_BIAS_False_INLINE_True_COMPORDER_option_1_ap_fixed_16_5_,ok,0,440,2026-10-02 19:41:18
GEMM_config_M128_K64_N64_UM1_UK1_UN8_GORDna_VM1ji_VM2ji_BIAS_True_INLINE_True_COMPORDER_option_1_ap_fixed_16_5_,ok,0,444,2026-10-02 19:41:27
GEMM_config_M128_K64_N64_UM1_UK1_UN8_GORDkji_VM1ji_VM2na_BIAS_True_INLINE_True_COMPORDER_option_2_ap_fixed_16_5_,ok,0,474,2026-10-02 19:41:29
GEMM_config_M128_K64_N64_UM1_UK8_UN1_GORDkij_VM1ij_VM2na_BIAS_False_INLINE_True_COMPORDER_option_3_ap_fixed_16_5_,ok,0,414,2026-10-02 19:41:54
GEMM_config_M128_K64_N64_UM1_UK8_UN1_GORDjki_VM1ji_VM2na_BIAS_True_INLINE_True_COMPORDER_option_3_ap_fixed_16_5_,ok,0,456,2026-10-02 19:41:55
GEMM_config_M128_K64_N64_UM1_UK8_UN1_GORDkji_VM1ji_VM2na_BIAS_False_INLINE_True_COMPORDER_option_2_ap_fixed_16_5_,ok,0,428,2026-10-02 19:42:11
GEMM_config_M128_K64_N64_UM1_UK8_UN1_GORDkji_VM1ji_VM2na_BIAS_True_INLINE_True_COMPORDER_option_3_ap_fixed_16_5_,ok,0,428,2026-10-02 19:42:24
GEMM_config_M128_K64_N64_UM1_UK8_UN1_GORDna_VM1ij_VM2ij_BIAS_False_INLINE_True_COMPORDER_option_5_ap_fixed_16_5_,ok,0,432,2026-10-02 19:42:39
GEMM_config_M128_K64_N64_UM1_UK8_UN1_GORDna_VM1ij_VM2ij_BIAS_True_INLINE_True_COMPORDER_option_4_ap_fixed_16_5_,ok,0,431,2026-10-02 19:42:45
GEMM_config_M128_K64_N64_UM1_UK8_UN1_GORDna_VM1ji_VM2ij_BIAS_False_INLINE_True_COMPORDER_option_4_ap_fixed_16_5_,ok,0,428,2026-10-02 19:42:52
GEMM_config_M128_K64_N64_UM1_UK8_UN1_GORDna_VM1ij_VM2ji_BIAS_False_INLINE_True_COMPORDER_option_5_ap_fixed_16_5_,ok,0,432,2026-10-02 19:42:52
GEMM_config_M128_K64_N64_UM1_UK8_UN1_GORDna_VM1ji_VM2ji_BIAS_False_INLINE_True_COMPORDER_option_4_ap_fixed_16_5_,ok,0,429,2026-10-02 19:42:56
GEMM_config_M128_K64_N64_UM1_UK8_UN1_GORDna_VM1ij_VM2ji_BIAS_True_INLINE_True_COMPORDER_option_4_ap_fixed_16_5_,ok,0,453,2026-10-02 19:43:14
GEMM_config_M128_K64_N64_UM1_UK8_UN8_GORDijk_VM1ij_VM2na_BIAS_True_INLINE_True_COMPORDER_option_2_ap_fixed_16_5_,ok,0,499,2026-10-02 19:44:07
GEMM_config_M128_K64_N64_UM1_UK8_UN8_GORDikj_VM1ij_VM2na_BIAS_False_INLINE_True_COMPORDER_option_2_ap_fixed_16_5_,ok,0,504,2026-10-02 19:44:12
GEMM_config_M128_K64_N64_UM1_UK8_UN8_GORDjik_VM1ji_VM2na_BIAS_False_INLINE_True_COMPORDER_option_2_ap_fixed_16_5_,ok,0,521,2026-10-02 19:44:30
GEMM_config_M128_K64_N64_UM8_UK1_UN1_GORDna_VM1ij_VM2ji_BIAS_False_INLINE_True_COMPORDER_option_4_ap_fixed_16_5_,ok,0,449,2026-10-02 19:44:35
GEMM_config_M128_K64_N64_UM1_UK8_UN8_GORDjik_VM1ji_VM2na_BIAS_True_INLINE_True_COMPORDER_option_2_ap_fixed_16_5_,ok,0,523,2026-10-02 19:44:38
GEMM_config_M128_K64_N64_UM8_UK1_UN1_GORDjik_VM1ji_VM2na_BIAS_False_INLINE_True_COMPORDER_option_2_ap_fixed_16_5_,ok,0,485,2026-10-02 19:44:40
GEMM_config_M128_K64_N64_UM8_UK1_UN1_GORDna_VM1ij_VM2ji_BIAS_True_INLINE_True_COMPORDER_option_1_ap_fixed_16_5_,ok,0,465,2026-10-02 19:44:52
GEMM_config_M128_K64_N64_UM8_UK1_UN1_GORDna_VM1ij_VM2ij_BIAS_True_INLINE_True_COMPORDER_option_1_ap_fixed_16_5_,ok,0,476,2026-10-02 19:44:54
GEMM_config_M128_K64_N64_UM1_UK8_UN8_GORDkij_VM1ij_VM2na_BIAS_False_INLINE_True_COMPORDER_option_2_ap_fixed_16_5_,ok,0,531,2026-10-02 19:44:54
GEMM_config_M128_K64_N64_UM8_UK1_UN1_GORDkij_VM1ij_VM2na_BIAS_False_INLINE_True_COMPORDER_option_3_ap_fixed_16_5_,ok,0,490,2026-10-02 19:44:56
GEMM_config_M128_K64_N64_UM8_UK1_UN1_GORDna_VM1ji_VM2ij_BIAS_False_INLINE_True_COMPORDER_option_4_ap_fixed_16_5_,ok,0,468,2026-10-02 19:45:07
GEMM_config_M128_K64_N64_UM8_UK1_UN1_GORDna_VM1ij_VM2ij_BIAS_False_INLINE_True_COMPORDER_option_4_ap_fixed_16_5_,ok,0,501,2026-10-02 19:45:12
GEMM_config_M128_K64_N64_UM8_UK1_UN1_GORDijk_VM1ij_VM2na_BIAS_True_INLINE_True_COMPORDER_option_3_ap_fixed_16_5_,ok,0,523,2026-10-02 19:45:15
GEMM_config_M128_K64_N64_UM8_UK1_UN1_GORDna_VM1ji_VM2ji_BIAS_False_INLINE_True_COMPORDER_option_1_ap_fixed_16_5_,ok,0,447,2026-10-02 19:45:22
GEMM_config_M128_K64_N64_UM1_UK8_UN8_GORDkij_VM1ij_VM2na_BIAS_True_INLINE_True_COMPORDER_option_3_ap_fixed_16_5_,ok,0,557,2026-10-02 19:45:22
GEMM_config_M128_K64_N64_UM8_UK1_UN1_GORDna_VM1ji_VM2ji_BIAS_False_INLINE_True_COMPORDER_option_4_ap_fixed_16_5_,ok,0,446,2026-10-02 19:45:25
GEMM_config_M128_K64_N64_UM1_UK8_UN8_GORDna_VM1ij_VM2ij_BIAS_True_INLINE_True_COMPORDER_option_5_ap_fixed_16_5_,ok,0,555,2026-10-02 19:45:28
GEMM_config_M128_K64_N64_UM1_UK8_UN8_GORDna_VM1ji_VM2ij_BIAS_True_INLINE_True_COMPORDER_option_4_ap_fixed_16_5_,ok,0,551,2026-10-02 19:45:35
GEMM_config_M128_K64_N64_UM1_UK8_UN8_GORDna_VM1ij_VM2ij_BIAS_False_INLINE_True_COMPORDER_option_1_ap_fixed_16_5_,ok,0,565,2026-10-02 19:45:37
GEMM_config_M128_K64_N64_UM8_UK1_UN1_GORDna_VM1ji_VM2ij_BIAS_True_INLINE_True_COMPORDER_option_4_ap_fixed_16_5_,ok,0,492,2026-10-02 19:45:43
GEMM_config_M128_K64_N64_UM8_UK1_UN1_GORDna_VM1ji_VM2ji_BIAS_False_INLINE_True_COMPORDER_option_5_ap_fixed_16_5_,ok,0,452,2026-10-02 19:45:49
GEMM_config_M128_K64_N64_UM1_UK8_UN8_GORDna_VM1ji_VM2ij_BIAS_True_INLINE_True_COMPORDER_option_1_ap_fixed_16_5_,ok,0,583,2026-10-02 19:46:05
GEMM_config_M128_K64_N64_UM1_UK8_UN8_GORDna_VM1ji_VM2ij_BIAS_True_INLINE_True_COMPORDER_option_5_ap_fixed_16_5_,ok,0,581,2026-10-02 19:46:06
GEMM_config_M128_K64_N64_UM1_UK8_UN8_GORDna_VM1ji_VM2ij_BIAS_False_INLINE_True_COMPORDER_option_5_ap_fixed_16_5_,ok,0,584,2026-10-02 19:46:06
GEMM_config_M128_K64_N64_UM1_UK8_UN8_GORDna_VM1ij_VM2ji_BIAS_True_INLINE_True_COMPORDER_option_4_ap_fixed_16_5_,ok,0,587,2026-10-02 19:46:07
GEMM_config_M128_K64_N64_UM1_UK8_UN8_GORDna_VM1ji_VM2ji_BIAS_True_INLINE_True_COMPORDER_option_5_ap_fixed_16_5_,ok,0,583,2026-10-02 19:46:12
GEMM_config_M128_K64_N64_UM8_UK1_UN8_GORDna_VM1ji_VM2ij_BIAS_True_INLINE_True_COMPORDER_option_1_ap_fixed_16_5_,ok,0,461,2026-10-02 19:47:18
GEMM_config_M128_K64_N64_UM8_UK1_UN8_GORDna_VM1ji_VM2ij_BIAS_False_INLINE_True_COMPORDER_option_1_ap_fixed_16_5_,ok,0,466,2026-10-02 19:47:20
GEMM_config_M128_K64_N64_UM8_UK1_UN8_GORDna_VM1ji_VM2ji_BIAS_False_INLINE_True_COMPORDER_option_4_ap_fixed_16_5_,ok,0,461,2026-10-02 19:47:51
GEMM_config_M128_K64_N64_UM1_UK8_UN8_GORDjki_VM1ji_VM2na_BIAS_False_INLINE_True_COMPORDER_option_2_ap_fixed_16_5_,ok,0,733,2026-10-02 19:48:09
GEMM_config_M128_K64_N64_UM8_UK1_UN8_GORDna_VM1ji_VM2ji_BIAS_True_INLINE_True_COMPORDER_option_1_ap_fixed_16_5_,ok,0,464,2026-10-02 19:48:19
GEMM_config_M128_K64_N64_UM1_UK8_UN8_GORDkji_VM1ji_VM2na_BIAS_False_INLINE_True_COMPORDER_option_3_ap_fixed_16_5_,ok,0,743,2026-10-02 19:48:30
GEMM_config_M128_K64_N64_UM1_UK8_UN8_GORDjki_VM1ji_VM2na_BIAS_True_INLINE_True_COMPORDER_option_3_ap_fixed_16_5_,ok,0,773,2026-10-02 19:48:55
GEMM_config_M128_K64_N64_UM8_UK1_UN8_GORDna_VM1ij_VM2ji_BIAS_True_INLINE_True_COMPORDER_option_5_ap_fixed_16_5_,ok,0,569,2026-10-02 19:49:00
GEMM_config_M128_K64_N64_UM8_UK1_UN8_GORDjik_VM1ji_VM2na_BIAS_False_INLINE_True_COMPORDER_option_2_ap_fixed_16_5_,ok,0,614,2026-10-02 19:49:17
GEMM_config_M128_K64_N128_UM8_UK8_UN8_GORDjik_VM1ji_VM2na_BIAS_False_INLINE_True_COMPORDER_option_2_ap_fixed_16_5_,ok,0,1516,2026-10-02 19:49:27
GEMM_config_M128_K64_N128_UM8_UK8_UN8_GORDkij_VM1ij_VM2na_BIAS_True_INLINE_True_COMPORDER_option_3_ap_fixed_16_5_,ok,0,1512,2026-10-02 19:49:35
GEMM_config_M128_K64_N64_UM8_UK1_UN8_GORDjik_VM1ji_VM2na_BIAS_True_INLINE_True_COMPORDER_option_3_ap_fixed_16_5_,ok,0,637,2026-10-02 19:49:42
GEMM_config_M128_K64_N64_UM8_UK1_UN8_GORDjki_VM1ji_VM2na_BIAS_True_INLINE_True_COMPORDER_option_3_ap_fixed_16_5_,ok,0,638,2026-10-02 19:49:53
GEMM_config_M128_K64_N128_UM8_UK8_UN8_GORDkji_VM1ji_VM2na_BIAS_True_INLINE_True_COMPORDER_option_3_ap_fixed_16_5_,ok,0,1503,2026-10-02 19:50:00
GEMM_config_M128_K64_N64_UM8_UK1_UN8_GORDkji_VM1ji_VM2na_BIAS_False_INLINE_True_COMPORDER_option_2_ap_fixed_16_5_,ok,0,635,2026-10-02 19:50:05
GEMM_config_M128_K64_N64_UM8_UK8_UN1_GORDikj_VM1ij_VM2na_BIAS_False_INLINE_True_COMPORDER_option_2_ap_fixed_16_5_,ok,0,544,2026-10-02 19:50:05
GEMM_config_M128_K64_N64_UM8_UK8_UN1_GORDkji_VM1ji_VM2na_BIAS_False_INLINE_True_COMPORDER_option_2_ap_fixed_16_5_,ok,0,537,2026-10-02 19:50:15
GEMM_config_M128_K64_N64_UM8_UK1_UN8_GORDna_VM1ji_VM2ji_BIAS_True_INLINE_True_COMPORDER_option_5_ap_fixed_16_5_,ok,0,571,2026-10-02 19:50:24
GEMM_config_M128_K64_N64_UM8_UK8_UN1_GORDna_VM1ji_VM2ji_BIAS_True_INLINE_True_COMPORDER_option_5_ap_fixed_16_5_,ok,0,473,2026-10-02 19:50:32
GEMM_config_M128_K64_N64_UM8_UK8_UN1_GORDkji_VM1ji_VM2na_BIAS_True_INLINE_True_COMPORDER_option_3_ap_fixed_16_5_,ok,0,554,2026-10-02 19:50:41
GEMM_config_M128_K64_N64_UM8_UK8_UN1_GORDikj_VM1ij_VM2na_BIAS_False_INLINE_True_COMPORDER_option_3_ap_fixed_16_5_,ok,0,580,2026-10-02 19:50:46
GEMM_config_M128_K64_N64_UM8_UK8_UN1_GORDikj_VM1ij_VM2na_BIAS_True_INLINE_True_COMPORDER_option_3_ap_fixed_16_5_,ok,0,588,2026-10-02 19:50:55
GEMM_config_M128_K64_N64_UM8_UK8_UN1_GORDna_VM1ji_VM2ij_BIAS_False_INLINE_True_COMPORDER_option_1_ap_fixed_16_5_,ok,0,550,2026-10-02 19:51:05
GEMM_config_M128_K64_N64_UM8_UK8_UN1_GORDna_VM1ji_VM2ji_BIAS_False_INLINE_True_COMPORDER_option_1_ap_fixed_16_5_,ok,0,545,2026-10-02 19:51:29
GEMM_config_M128_K64_N64_UM8_UK8_UN1_GORDna_VM1ij_VM2ij_BIAS_False_INLINE_True_COMPORDER_option_4_ap_fixed_16_5_,ok,0,602,2026-10-02 19:51:31
GEMM_config_M128_K64_N64_UM8_UK1_UN8_GORDikj_VM1ij_VM2na_BIAS_True_INLINE_True_COMPORDER_option_3_ap_fixed_16_5_,ok,0,776,2026-10-02 19:51:32
GEMM_config_M128_K64_N64_UM8_UK8_UN1_GORDna_VM1ji_VM2ij_BIAS_False_INLINE_True_COMPORDER_option_4_ap_fixed_16_5_,ok,0,566,2026-10-02 19:51:37
GEMM_config_M128_K64_N64_UM8_UK8_UN1_GORDna_VM1ij_VM2ji_BIAS_False_INLINE_True_COMPORDER_option_4_ap_fixed_16_5_,ok,0,586,2026-10-02 19:51:40
GEMM_config_M64_K128_N128_UM1_UK1_UN1_GORDijk_VM1ij_VM2na_BIAS_False_INLINE_True_COMPORDER_option_2_ap_fixed_16_5_,ok,0,438,2026-10-02 19:51:53
GEMM_config_M64_K128_N128_UM1_UK1_UN1_GORDijk_VM1ij_VM2na_BIAS_True_INLINE_True_COMPORDER_option_2_ap_fixed_16_5_,ok,0,442,2026-10-02 19:52:02
GEMM_config_M64_K128_N128_UM1_UK1_UN1_GORDijk_VM1ij_VM2na_BIAS_False_INLINE_True_COMPORDER_option_3_ap_fixed_16_5_,ok,0,447,2026-10-02 19:52:05
GEMM_config_M64_K128_N128_UM1_UK1_UN1_GORDikj_VM1ij_VM2na_BIAS_False_INLINE_True_COMPORDER_option_2_ap_fixed_16_5_,ok,0,445,2026-10-02 19:52:19
GEMM_config_M64_K128_N128_UM1_UK1_UN1_GORDikj_VM1ij_VM2na_BIAS_True_INLINE_True_COMPORDER_option_2_ap_fixed_16_5_,ok,0,447,2026-10-02 19:52:23
GEMM_config_M64_K128_N128_UM1_UK1_UN1_GORDijk_VM1ij_VM2na_BIAS_True_INLINE_True_COMPORDER_option_3_ap_fixed_16_5_,ok,0,454,2026-10-02 19:52:26
GEMM_config_M64_K128_N128_UM1_UK1_UN1_GORDikj_VM1ij_VM2na_BIAS_False_INLINE_True_COMPORDER_option_3_ap_fixed_16_5_,ok,0,452,2026-10-02 19:52:26
GEMM_config_M128_K64_N64_UM8_UK1_UN8_GORDkij_VM1ij_VM2na_BIAS_False_INLINE_True_COMPORDER_option_2_ap_fixed_16_5_,ok,0,792,2026-10-02 19:52:29
GEMM_config_M64_K128_N128_UM1_UK1_UN1_GORDikj_VM1ij_VM2na_BIAS_True_INLINE_True_COMPORDER_option_3_ap_fixed_16_5_,ok,0,455,2026-10-02 19:52:41
GEMM_config_M64_K128_N128_UM1_UK1_UN1_GORDjki_VM1ji_VM2na_BIAS_False_INLINE_True_COMPORDER_option_2_ap_fixed_16_5_,ok,0,437,2026-10-02 19:52:41
GEMM_config_M64_K128_N128_UM1_UK1_UN1_GORDjik_VM1ji_VM2na_BIAS_False_INLINE_True_COMPORDER_option_3_ap_fixed_16_5_,ok,0,448,2026-10-02 19:52:43
GEMM_config_M64_K128_N128_UM1_UK1_UN1_GORDjik_VM1ji_VM2na_BIAS_False_INLINE_True_COMPORDER_option_2_ap_fixed_16_5_,ok,0,451,2026-10-02 19:52:44
GEMM_config_M64_K128_N128_UM1_UK1_UN1_GORDjik_VM1ji_VM2na_BIAS_True_INLINE_True_COMPORDER_option_3_ap_fixed_16_5_,ok,0,442,2026-10-02 19:52:44
GEMM_config_M64_K128_N128_UM1_UK1_UN1_GORDjki_VM1ji_VM2na_BIAS_False_INLINE_True_COMPORDER_option_3_ap_fixed_16_5_,ok,0,441,2026-10-02 19:52:49
GEMM_config_M64_K128_N128_UM1_UK1_UN1_GORDjik_VM1ji_VM2na_BIAS_True_INLINE_True_COMPORDER_option_2_ap_fixed_16_5_,ok,0,454,2026-10-02 19:52:56
GEMM_config_M64_K128_N128_UM1_UK1_UN1_GORDjki_VM1ji_VM2na_BIAS_True_INLINE_True_COMPORDER_option_3_ap_fixed_16_5_,ok,0,443,2026-10-02 19:53:00
GEMM_config_M64_K128_N128_UM1_UK1_UN1_GORDjki_VM1ji_VM2na_BIAS_True_INLINE_True_COMPORDER_option_2_ap_fixed_16_5_,ok,0,448,2026-10-02 19:53:03
GEMM_config_M64_K128_N128_UM1_UK1_UN1_GORDkij_VM1ij_VM2na_BIAS_False_INLINE_True_COMPORDER_option_2_ap_fixed_16_5_,ok,0,456,2026-10-02 19:53:18
GEMM_config_M128_K64_N64_UM8_UK8_UN1_GORDjik_VM1ji_VM2na_BIAS_True_INLINE_True_COMPORDER_option_2_ap_fixed_16_5_,ok,0,723,2026-10-02 19:53:21
GEMM_config_M128_K64_N64_UM8_UK8_UN8_GORDna_VM1ij_VM2ij_BIAS_False_INLINE_True_COMPORDER_option_5_ap_fixed_16_5_,ok,0,626,2026-10-02 19:53:22
GEMM_config_M64_K128_N128_UM1_UK1_UN1_GORDkij_VM1ij_VM2na_BIAS_False_INLINE_True_COMPORDER_option_3_ap_fixed_16_5_,ok,0,456,2026-10-02 19:53:25
GEMM_config_M64_K128_N128_UM1_UK1_UN1_GORDkji_VM1ji_VM2na_BIAS_False_INLINE_True_COMPORDER_option_2_ap_fixed_16_5_,ok,0,443,2026-10-02 19:53:29
GEMM_config_M64_K128_N128_UM1_UK1_UN1_GORDkji_VM1ji_VM2na_BIAS_False_INLINE_True_COMPORDER_option_3_ap_fixed_16_5_,ok,0,442,2026-10-02 19:53:30
GEMM_config_M128_K64_N64_UM8_UK8_UN1_GORDijk_VM1ij_VM2na_BIAS_False_INLINE_True_COMPORDER_option_3_ap_fixed_16_5_,ok,0,752,2026-10-02 19:53:31
GEMM_config_M64_K128_N128_UM1_UK1_UN1_GORDkij_VM1ij_VM2na_BIAS_True_INLINE_True_COMPORDER_option_2_ap_fixed_16_5_,ok,0,448,2026-10-02 19:53:33
GEMM_config_M128_K64_N64_UM8_UK8_UN1_GORDjik_VM1ji_VM2na_BIAS_False_INLINE_True_COMPORDER_option_3_ap_fixed_16_5_,ok,0,740,2026-10-02 19:53:35
GEMM_config_M64_K128_N128_UM1_UK1_UN1_GORDkij_VM1ij_VM2na_BIAS_True_INLINE_True_COMPORDER_option_3_ap_fixed_16_5_,ok,0,450,2026-10-02 19:53:36
GEMM_config_M64_K128_N128_UM1_UK1_UN1_GORDkji_VM1ji_VM2na_BIAS_True_INLINE_True_COMPORDER_option_2_ap_fixed_16_5_,ok,0,450,2026-10-02 19:53:42
GEMM_config_M128_K64_N64_UM8_UK8_UN8_GORDna_VM1ij_VM2ji_BIAS_False_INLINE_True_COMPORDER_option_4_ap_fixed_16_5_,ok,0,634,2026-10-02 19:53:48
GEMM_config_M64_K128_N128_UM1_UK1_UN1_GORDna_VM1ij_VM2ij_BIAS_False_INLINE_True_COMPORDER_option_4_ap_fixed_16_5_,ok,0,405,2026-10-02 19:54:36
GEMM_config_M64_K128_N128_UM1_UK1_UN1_GORDna_VM1ij_VM2ij_BIAS_False_INLINE_True_COMPORDER_option_1_ap_fixed_16_5_,ok,0,437,2026-10-02 19:54:36
GEMM_config_M128_K64_N64_UM8_UK8_UN8_GORDna_VM1ji_VM2ij_BIAS_True_INLINE_True_COMPORDER_option_1_ap_fixed_16_5_,ok,0,626,2026-10-02 19:54:38
GEMM_config_M128_K64_N64_UM8_UK8_UN8_GORDna_VM1ji_VM2ij_BIAS_False_INLINE_True_COMPORDER_option_5_ap_fixed_16_5_,ok,0,636,2026-10-02 19:54:43
GEMM_config_M128_K64_N64_UM8_UK8_UN8_GORDna_VM1ji_VM2ji_BIAS_False_INLINE_True_COMPORDER_option_1_ap_fixed_16_5_,ok,0,616,2026-10-02 19:54:46
GEMM_config_M64_K128_N128_UM1_UK1_UN1_GORDkji_VM1ji_VM2na_BIAS_True_INLINE_True_COMPORDER_option_3_ap_fixed_16_5_,ok,0,449,2026-10-02 19:54:46
GEMM_config_M128_K64_N64_UM8_UK8_UN1_GORDijk_VM1ij_VM2na_BIAS_True_INLINE_True_COMPORDER_option_3_ap_fixed_16_5_,ok,0,834,2026-10-02 19:54:54
GEMM_config_M64_K128_N128_UM1_UK1_UN1_GORDna_VM1ij_VM2ij_BIAS_True_INLINE_True_COMPORDER_option_4_ap_fixed_16_5_,ok,0,404,2026-10-02 19:55:14
GEMM_config_M64_K128_N128_UM1_UK1_UN1_GORDna_VM1ij_VM2ij_BIAS_False_INLINE_True_COMPORDER_option_5_ap_fixed_16_5_,ok,0,435,2026-10-02 19:55:24
GEMM_config_M64_K128_N128_UM1_UK1_UN1_GORDna_VM1ij_VM2ij_BIAS_True_INLINE_True_COMPORDER_option_1_ap_fixed_16_5_,ok,0,436,2026-10-02 19:55:35
GEMM_config_M64_K128_N128_UM1_UK1_UN1_GORDna_VM1ij_VM2ji_BIAS_False_INLINE_True_COMPORDER_option_4_ap_fixed_16_5_,ok,0,399,2026-10-02 19:55:56
GEMM_config_M64_K128_N128_UM1_UK1_UN1_GORDna_VM1ij_VM2ji_BIAS_False_INLINE_True_COMPORDER_option_1_ap_fixed_16_5_,ok,0,434,2026-10-02 19:56:14
GEMM_config_M64_K128_N128_UM1_UK1_UN1_GORDna_VM1ij_VM2ij_BIAS_True_INLINE_True_COMPORDER_option_5_ap_fixed_16_5_,ok,0,442,2026-10-02 19:56:17
GEMM_config_M64_K128_N128_UM1_UK1_UN1_GORDna_VM1ij_VM2ji_BIAS_True_INLINE_True_COMPORDER_option_4_ap_fixed_16_5_,ok,0,402,2026-10-02 19:56:24
GEMM_config_M64_K128_N128_UM1_UK1_UN1_GORDna_VM1ij_VM2ji_BIAS_False_INLINE_True_COMPORDER_option_5_ap_fixed_16_5_,ok,0,425,2026-10-02 19:56:32
GEMM_config_M64_K128_N128_UM1_UK1_UN1_GORDna_VM1ij_VM2ji_BIAS_True_INLINE_True_COMPORDER_option_1_ap_fixed_16_5_,ok,0,426,2026-10-02 19:56:41
GEMM_config_M64_K128_N128_UM1_UK1_UN1_GORDna_VM1ji_VM2ij_BIAS_False_INLINE_True_COMPORDER_option_4_ap_fixed_16_5_,ok,0,398,2026-10-02 19:56:43
GEMM_config_M64_K128_N128_UM1_UK1_UN1_GORDna_VM1ij_VM2ji_BIAS_True_INLINE_True_COMPORDER_option_5_ap_fixed_16_5_,ok,0,428,2026-10-02 19:57:01
GEMM_config_M64_K128_N128_UM1_UK1_UN1_GORDna_VM1ji_VM2ij_BIAS_True_INLINE_True_COMPORDER_option_4_ap_fixed_16_5_,ok,0,402,2026-10-02 19:57:05
GEMM_config_M64_K128_N128_UM1_UK1_UN1_GORDna_VM1ji_VM2ij_BIAS_False_INLINE_True_COMPORDER_option_1_ap_fixed_16_5_,ok,0,432,2026-10-02 19:57:12
GEMM_config_M64_K128_N128_UM1_UK1_UN1_GORDna_VM1ji_VM2ji_BIAS_False_INLINE_True_COMPORDER_option_4_ap_fixed_16_5_,ok,0,394,2026-10-02 19:57:20
GEMM_config_M64_K128_N128_UM1_UK1_UN1_GORDna_VM1ji_VM2ij_BIAS_False_INLINE_True_COMPORDER_option_5_ap_fixed_16_5_,ok,0,441,2026-10-02 19:57:26
GEMM_config_M64_K128_N128_UM1_UK1_UN1_GORDna_VM1ji_VM2ij_BIAS_True_INLINE_True_COMPORDER_option_1_ap_fixed_16_5_,ok,0,432,2026-10-02 19:57:26
GEMM_config_M64_K128_N128_UM1_UK1_UN1_GORDna_VM1ji_VM2ij_BIAS_True_INLINE_True_COMPORDER_option_5_ap_fixed_16_5_,ok,0,428,2026-10-02 19:57:40
GEMM_config_M64_K128_N128_UM1_UK1_UN1_GORDna_VM1ji_VM2ji_BIAS_False_INLINE_True_COMPORDER_option_1_ap_fixed_16_5_,ok,0,422,2026-10-02 19:57:43
GEMM_config_M64_K128_N128_UM1_UK1_UN1_GORDna_VM1ji_VM2ji_BIAS_True_INLINE_True_COMPORDER_option_4_ap_fixed_16_5_,ok,0,387,2026-10-02 19:57:56
GEMM_config_M64_K128_N128_UM1_UK1_UN1_GORDna_VM1ji_VM2ji_BIAS_False_INLINE_True_COMPORDER_option_5_ap_fixed_16_5_,ok,0,424,2026-10-02 19:57:59
GEMM_config_M64_K128_N128_UM1_UK1_UN1_GORDna_VM1ji_VM2ji_BIAS_True_INLINE_True_COMPORDER_option_1_ap_fixed_16_5_,ok,0,423,2026-10-02 19:58:08
GEMM_config_M64_K128_N128_UM1_UK1_UN1_GORDna_VM1ji_VM2ji_BIAS_True_INLINE_True_COMPORDER_option_5_ap_fixed_16_5_,ok,0,427,2026-10-02 19:58:38
GEMM_config_M64_K128_N128_UM1_UK1_UN8_GORDijk_VM1ij_VM2na_BIAS_False_INLINE_True_COMPORDER_option_3_ap_fixed_16_5_,ok,0,427,2026-10-02 19:58:40
GEMM_config_M64_K128_N128_UM1_UK1_UN8_GORDna_VM1ij_VM2ij_BIAS_False_INLINE_True_COMPORDER_option_4_ap_fixed_16_5_,ok,0,386,2026-10-02 19:58:49
GEMM_config_M64_K128_N128_UM1_UK1_UN8_GORDna_VM1ji_VM2ij_BIAS_True_INLINE_True_COMPORDER_option_4_ap_fixed_16_5_,ok,0,386,2026-10-02 19:58:55
GEMM_config_M64_K128_N128_UM1_UK1_UN8_GORDna_VM1ji_VM2ij_BIAS_False_INLINE_True_COMPORDER_option_4_ap_fixed_16_5_,ok,0,391,2026-10-02 19:58:57
GEMM_config_M64_K128_N128_UM1_UK1_UN8_GORDikj_VM1ij_VM2na_BIAS_False_INLINE_True_COMPORDER_option_2_ap_fixed_16_5_,ok,0,452,2026-10-02 19:59:10
GEMM_config_M64_K128_N128_UM1_UK8_UN8_GORDijk_VM1ij_VM2na_BIAS_False_INLINE_True_COMPORDER_option_3_ap_fixed_16_5_,fail,1,334,2026-10-02 19:59:22
GEMM_config_M64_K128_N128_UM1_UK1_UN8_GORDjik_VM1ji_VM2na_BIAS_True_INLINE_True_COMPORDER_option_3_ap_fixed_16_5_,ok,0,450,2026-10-02 19:59:24
GEMM_config_M64_K128_N128_UM1_UK1_UN8_GORDjik_VM1ji_VM2na_BIAS_False_INLINE_True_COMPORDER_option_2_ap_fixed_16_5_,ok,0,466,2026-10-02 19:59:26
GEMM_config_M64_K128_N128_UM1_UK1_UN8_GORDjki_VM1ji_VM2na_BIAS_False_INLINE_True_COMPORDER_option_3_ap_fixed_16_5_,ok,0,456,2026-10-02 19:59:38
GEMM_config_M64_K128_N128_UM1_UK8_UN1_GORDikj_VM1ij_VM2na_BIAS_True_INLINE_True_COMPORDER_option_3_ap_fixed_16_5_,ok,0,421,2026-10-02 19:59:45
GEMM_config_M64_K128_N128_UM1_UK8_UN1_GORDikj_VM1ij_VM2na_BIAS_True_INLINE_True_COMPORDER_option_2_ap_fixed_16_5_,ok,0,421,2026-10-02 19:59:45
GEMM_config_M64_K128_N128_UM1_UK1_UN8_GORDjki_VM1ji_VM2na_BIAS_True_INLINE_True_COMPORDER_option_3_ap_fixed_16_5_,ok,0,472,2026-10-02 19:59:57
GEMM_config_M64_K128_N128_UM1_UK1_UN8_GORDna_VM1ji_VM2ij_BIAS_False_INLINE_True_COMPORDER_option_5_ap_fixed_16_5_,ok,0,452,2026-10-02 19:59:58
GEMM_config_M64_K128_N128_UM1_UK8_UN1_GORDijk_VM1ij_VM2na_BIAS_True_INLINE_True_COMPORDER_option_2_ap_fixed_16_5_,ok,0,440,2026-10-02 20:00:02
GEMM_config_M64_K128_N128_UM1_UK1_UN8_GORDkij_VM1ij_VM2na_BIAS_False_INLINE_True_COMPORDER_option_3_ap_fixed_16_5_,ok,0,467,2026-10-02 20:00:06
GEMM_config_M64_K128_N128_UM1_UK8_UN1_GORDjik_VM1ji_VM2na_BIAS_False_INLINE_True_COMPORDER_option_2_ap_fixed_16_5_,ok,0,443,2026-10-02 20:00:07
GEMM_config_M64_K128_N128_UM1_UK8_UN1_GORDjik_VM1ji_VM2na_BIAS_False_INLINE_True_COMPORDER_option_3_ap_fixed_16_5_,ok,0,448,2026-10-02 20:00:17
GEMM_config_M64_K128_N128_UM1_UK8_UN1_GORDkij_VM1ij_VM2na_BIAS_False_INLINE_True_COMPORDER_option_2_ap_fixed_16_5_,ok,0,422,2026-10-02 20:00:21
GEMM_config_M64_K128_N128_UM1_UK8_UN1_GORDijk_VM1ij_VM2na_BIAS_False_INLINE_True_COMPORDER_option_3_ap_fixed_16_5_,ok,0,461,2026-10-02 20:00:23
GEMM_config_M64_K128_N128_UM1_UK8_UN1_GORDkij_VM1ij_VM2na_BIAS_True_INLINE_True_COMPORDER_option_2_ap_fixed_16_5_,ok,0,424,2026-10-02 20:00:26
GEMM_config_M64_K128_N128_UM1_UK8_UN1_GORDjki_VM1ji_VM2na_BIAS_False_INLINE_True_COMPORDER_option_3_ap_fixed_16_5_,ok,0,450,2026-10-02 20:00:29
GEMM_config_M64_K128_N128_UM1_UK8_UN1_GORDjki_VM1ji_VM2na_BIAS_True_INLINE_True_COMPORDER_option_3_ap_fixed_16_5_,ok,0,447,2026-10-02 20:00:30
GEMM_config_M64_K128_N128_UM1_UK8_UN1_GORDjik_VM1ji_VM2na_BIAS_True_INLINE_True_COMPORDER_option_2_ap_fixed_16_5_,ok,0,457,2026-10-02 20:00:33
GEMM_config_M64_K128_N128_UM1_UK8_UN1_GORDkij_VM1ij_VM2na_BIAS_False_INLINE_True_COMPORDER_option_3_ap_fixed_16_5_,ok,0,437,2026-10-02 20:00:38
GEMM_config_M64_K128_N128_UM1_UK8_UN1_GORDna_VM1ij_VM2ji_BIAS_False_INLINE_True_COMPORDER_option_5_ap_fixed_16_5_,ok,0,435,2026-10-02 20:00:48
GEMM_config_M64_K128_N128_UM1_UK8_UN1_GORDna_VM1ji_VM2ji_BIAS_True_INLINE_True_COMPORDER_option_5_ap_fixed_16_5_,ok,0,428,2026-10-02 20:00:51
GEMM_config_M64_K128_N128_UM1_UK8_UN1_GORDkji_VM1ji_VM2na_BIAS_False_INLINE_True_COMPORDER_option_2_ap_fixed_16_5_,ok,0,446,2026-10-02 20:00:51
GEMM_config_M64_K128_N128_UM1_UK8_UN1_GORDna_VM1ij_VM2ij_BIAS_False_INLINE_True_COMPORDER_option_5_ap_fixed_16_5_,ok,0,448,2026-10-02 20:00:57
GEMM_config_M64_K128_N128_UM1_UK8_UN1_GORDna_VM1ji_VM2ij_BIAS_True_INLINE_True_COMPORDER_option_4_ap_fixed_16_5_,ok,0,444,2026-10-02 20:01:00
GEMM_config_M64_K128_N128_UM1_UK8_UN1_GORDna_VM1ji_VM2ji_BIAS_False_INLINE_True_COMPORDER_option_4_ap_fixed_16_5_,ok,0,445,2026-10-02 20:01:01
GEMM_config_M64_K128_N128_UM1_UK8_UN1_GORDna_VM1ij_VM2ij_BIAS_True_INLINE_True_COMPORDER_option_1_ap_fixed_16_5_,ok,0,453,2026-10-02 20:01:03
GEMM_config_M64_K128_N128_UM1_UK8_UN8_GORDna_VM1ij_VM2ji_BIAS_True_INLINE_True_COMPORDER_option_1_ap_fixed_16_5_,fail,1,350,2026-10-02 20:01:03
GEMM_config_M64_K128_N128_UM1_UK8_UN1_GORDna_VM1ij_VM2ij_BIAS_True_INLINE_True_COMPORDER_option_4_ap_fixed_16_5_,ok,0,459,2026-10-02 20:01:09
GEMM_config_M64_K128_N128_UM1_UK8_UN8_GORDijk_VM1ij_VM2na_BIAS_True_INLINE_True_COMPORDER_option_2_ap_fixed_16_5_,ok,0,501,2026-10-02 20:02:56
GEMM_config_M64_K128_N128_UM1_UK8_UN8_GORDna_VM1ij_VM2ij_BIAS_False_INLINE_True_COMPORDER_option_5_ap_fixed_16_5_,ok,0,502,2026-10-02 20:03:08
GEMM_config_M64_K128_N128_UM1_UK8_UN8_GORDjik_VM1ji_VM2na_BIAS_True_INLINE_True_COMPORDER_option_2_ap_fixed_16_5_,ok,0,518,2026-10-02 20:03:16
GEMM_config_M64_K128_N128_UM1_UK8_UN8_GORDjik_VM1ji_VM2na_BIAS_False_INLINE_True_COMPORDER_option_2_ap_fixed_16_5_,ok,0,524,2026-10-02 20:03:20
GEMM_config_M64_K128_N128_UM1_UK8_UN8_GORDna_VM1ij_VM2ij_BIAS_True_INLINE_True_COMPORDER_option_5_ap_fixed_16_5_,ok,0,508,2026-10-02 20:03:23
GEMM_config_M64_K128_N128_UM8_UK1_UN1_GORDna_VM1ij_VM2ij_BIAS_False_INLINE_True_COMPORDER_option_1_ap_fixed_16_5_,ok,0,430,2026-10-02 20:03:51
GEMM_config_M64_K128_N128_UM8_UK1_UN1_GORDjki_VM1ji_VM2na_BIAS_False_INLINE_True_COMPORDER_option_3_ap_fixed_16_5_,ok,0,442,2026-10-02 20:03:54
GEMM_config_M64_K128_N128_UM1_UK8_UN8_GORDna_VM1ji_VM2ij_BIAS_True_INLINE_True_COMPORDER_option_5_ap_fixed_16_5_,ok,0,511,2026-10-02 20:03:54
GEMM_config_M64_K128_N128_UM8_UK1_UN1_GORDjik_VM1ji_VM2na_BIAS_False_INLINE_True_COMPORDER_option_2_ap_fixed_16_5_,ok,0,458,2026-10-02 20:03:55
GEMM_config_M64_K128_N128_UM1_UK8_UN8_GORDna_VM1ji_VM2ji_BIAS_False_INLINE_True_COMPORDER_option_1_ap_fixed_16_5_,ok,0,513,2026-10-02 20:04:07
GEMM_config_M64_K128_N128_UM8_UK1_UN1_GORDjik_VM1ji_VM2na_BIAS_False_INLINE_True_COMPORDER_option_3_ap_fixed_16_5_,ok,0,467,2026-10-02 20:04:11
GEMM_config_M64_K128_N128_UM8_UK1_UN1_GORDikj_VM1ij_VM2na_BIAS_False_INLINE_True_COMPORDER_option_2_ap_fixed_16_5_,ok,0,478,2026-10-02 20:04:12
GEMM_config_M64_K128_N128_UM8_UK1_UN1_GORDna_VM1ij_VM2ji_BIAS_True_INLINE_True_COMPORDER_option_1_ap_fixed_16_5_,ok,0,439,2026-10-02 20:04:24
GEMM_config_M64_K128_N128_UM8_UK1_UN1_GORDna_VM1ji_VM2ji_BIAS_False_INLINE_True_COMPORDER_option_1_ap_fixed_16_5_,ok,0,427,2026-10-02 20:04:27
GEMM_config_M64_K128_N128_UM8_UK1_UN1_GORDna_VM1ij_VM2ij_BIAS_False_INLINE_True_COMPORDER_option_5_ap_fixed_16_5_,ok,0,465,2026-10-02 20:04:28
GEMM_config_M64_K128_N128_UM8_UK1_UN1_GORDna_VM1ji_VM2ij_BIAS_False_INLINE_True_COMPORDER_option_5_ap_fixed_16_5_,ok,0,437,2026-10-02 20:04:29
GEMM_config_M64_K128_N128_UM8_UK1_UN1_GORDna_VM1ij_VM2ij_BIAS_True_INLINE_True_COMPORDER_option_1_ap_fixed_16_5_,ok,0,453,2026-10-02 20:04:33
GEMM_config_M64_K128_N128_UM1_UK8_UN8_GORDna_VM1ji_VM2ji_BIAS_False_INLINE_True_COMPORDER_option_4_ap_fixed_16_5_,ok,0,528,2026-10-02 20:04:43
GEMM_config_M64_K128_N128_UM8_UK1_UN1_GORDna_VM1ji_VM2ji_BIAS_True_INLINE_True_COMPORDER_option_5_ap_fixed_16_5_,ok,0,442,2026-10-02 20:04:48
GEMM_config_M64_K128_N128_UM8_UK1_UN8_GORDna_VM1ij_VM2ji_BIAS_False_INLINE_True_COMPORDER_option_4_ap_fixed_16_5_,ok,0,452,2026-10-02 20:05:40
GEMM_config_M64_K128_N128_UM1_UK8_UN8_GORDjki_VM1ji_VM2na_BIAS_True_INLINE_True_COMPORDER_option_3_ap_fixed_16_5_,ok,0,666,2026-10-02 20:05:49
GEMM_config_M64_K128_N128_UM8_UK1_UN8_GORDna_VM1ji_VM2ij_BIAS_True_INLINE_True_COMPORDER_option_1_ap_fixed_16_5_,ok,0,444,2026-10-02 20:06:04
GEMM_config_M64_K128_N128_UM1_UK8_UN8_GORDkji_VM1ji_VM2na_BIAS_True_INLINE_True_COMPORDER_option_2_ap_fixed_16_5_,ok,0,680,2026-10-02 20:06:06
GEMM_config_M64_K128_N128_UM8_UK1_UN8_GORDna_VM1ij_VM2ij_BIAS_True_INLINE_True_COMPORDER_option_5_ap_fixed_16_5_,ok,0,544,2026-10-02 20:07:03
GEMM_config_M64_K128_N128_UM8_UK8_UN1_GORDjik_VM1ji_VM2na_BIAS_True_INLINE_True_COMPORDER_option_2_ap_fixed_16_5_,fail,1,494,2026-10-02 20:07:10
GEMM_config_M128_K64_N64_UM8_UK8_UN8_GORDjki_VM1ji_VM2na_BIAS_True_INLINE_True_COMPORDER_option_2_ap_fixed_16_5_,ok,0,1466,2026-10-02 20:07:17
GEMM_config_M64_K128_N128_UM8_UK8_UN1_GORDna_VM1ji_VM2ij_BIAS_True_INLINE_True_COMPORDER_option_5_ap_fixed_16_5_,ok,0,461,2026-10-02 20:07:25
GEMM_config_M64_K128_N128_UM8_UK8_UN1_GORDikj_VM1ij_VM2na_BIAS_False_INLINE_True_COMPORDER_option_2_ap_fixed_16_5_,ok,0,561,2026-10-02 20:08:11
GEMM_config_M64_K128_N128_UM8_UK1_UN8_GORDjik_VM1ji_VM2na_BIAS_True_INLINE_True_COMPORDER_option_2_ap_fixed_16_5_,ok,0,629,2026-10-02 20:08:12
GEMM_config_M64_K128_N128_UM8_UK8_UN1_GORDkji_VM1ji_VM2na_BIAS_False_INLINE_True_COMPORDER_option_3_ap_fixed_16_5_,ok,0,527,2026-10-02 20:08:13
GEMM_config_M64_K128_N128_UM8_UK1_UN8_GORDna_VM1ij_VM2ji_BIAS_True_INLINE_True_COMPORDER_option_5_ap_fixed_16_5_,ok,0,580,2026-10-02 20:08:18
GEMM_config_M64_K128_N128_UM8_UK1_UN8_GORDjik_VM1ji_VM2na_BIAS_False_INLINE_True_COMPORDER_option_3_ap_fixed_16_5_,ok,0,642,2026-10-02 20:08:23
GEMM_config_M64_K128_N128_UM8_UK8_UN1_GORDkij_VM1ij_VM2na_BIAS_False_INLINE_True_COMPORDER_option_2_ap_fixed_16_5_,ok,0,542,2026-10-02 20:08:26
GEMM_config_M64_K128_N64_UM1_UK1_UN1_GORDijk_VM1ij_VM2na_BIAS_False_INLINE_True_COMPORDER_option_2_ap_fixed_16_5_,ok,0,453,2026-10-02 20:08:34
GEMM_config_M64_K128_N128_UM8_UK8_UN1_GORDjki_VM1ji_VM2na_BIAS_False_INLINE_True_COMPORDER_option_3_ap_fixed_16_5_,ok,0,554,2026-10-02 20:08:36
GEMM_config_M64_K128_N64_UM1_UK1_UN1_GORDijk_VM1ij_VM2na_BIAS_False_INLINE_True_COMPORDER_option_3_ap_fixed_16_5_,ok,0,454,2026-10-02 20:08:37
GEMM_config_M64_K128_N64_UM1_UK1_UN1_GORDijk_VM1ij_VM2na_BIAS_True_INLINE_True_COMPORDER_option_3_ap_fixed_16_5_,ok,0,449,2026-10-02 20:08:38
GEMM_config_M64_K128_N128_UM8_UK8_UN1_GORDna_VM1ij_VM2ij_BIAS_True_INLINE_True_COMPORDER_option_1_ap_fixed_16_5_,ok,0,546,2026-10-02 20:08:44
GEMM_config_M64_K128_N64_UM1_UK1_UN1_GORDijk_VM1ij_VM2na_BIAS_True_INLINE_True_COMPORDER_option_2_ap_fixed_16_5_,ok,0,463,2026-10-02 20:08:46
GEMM_config_M64_K128_N128_UM8_UK8_UN1_GORDna_VM1ji_VM2ji_BIAS_False_INLINE_True_COMPORDER_option_1_ap_fixed_16_5_,ok,0,531,2026-10-02 20:08:47
GEMM_config_M64_K128_N128_UM8_UK8_UN1_GORDna_VM1ji_VM2ji_BIAS_True_INLINE_True_COMPORDER_option_1_ap_fixed_16_5_,ok,0,530,2026-10-02 20:08:52
GEMM_config_M64_K128_N128_UM8_UK8_UN1_GORDna_VM1ji_VM2ij_BIAS_False_INLINE_True_COMPORDER_option_1_ap_fixed_16_5_,ok,0,556,2026-10-02 20:09:00
GEMM_config_M64_K128_N128_UM8_UK8_UN1_GORDna_VM1ji_VM2ji_BIAS_False_INLINE_True_COMPORDER_option_4_ap_fixed_16_5_,ok,0,545,2026-10-02 20:09:03
GEMM_config_M128_K64_N64_UM8_UK8_UN8_GORDkij_VM1ij_VM2na_BIAS_True_INLINE_True_COMPORDER_option_3_ap_fixed_16_5_,ok,0,1587,2026-10-02 20:09:18
GEMM_config_M128_K64_N64_UM8_UK8_UN8_GORDjki_VM1ji_VM2na_BIAS_False_INLINE_True_COMPORDER_option_3_ap_fixed_16_5_,ok,0,1646,2026-10-02 20:10:10
GEMM_config_M64_K128_N64_UM1_UK1_UN1_GORDikj_VM1ij_VM2na_BIAS_False_INLINE_True_COMPORDER_option_2_ap_fixed_16_5_,ok,0,457,2026-10-02 20:10:33
GEMM_config_M64_K128_N128_UM8_UK8_UN1_GORDjik_VM1ji_VM2na_BIAS_False_INLINE_True_COMPORDER_option_3_ap_fixed_16_5_,ok,0,706,2026-10-02 20:10:41
GEMM_config_M64_K128_N64_UM1_UK1_UN1_GORDikj_VM1ij_VM2na_BIAS_True_INLINE_True_COMPORDER_option_2_ap_fixed_16_5_,ok,0,447,2026-10-02 20:10:43
GEMM_config_M64_K128_N64_UM1_UK1_UN1_GORDikj_VM1ij_VM2na_BIAS_True_INLINE_True_COMPORDER_option_3_ap_fixed_16_5_,ok,0,446,2026-10-02 20:10:47
GEMM_config_M64_K128_N128_UM8_UK8_UN8_GORDna_VM1ij_VM2ij_BIAS_False_INLINE_True_COMPORDER_option_5_ap_fixed_16_5_,ok,0,626,2026-10-02 20:10:52
GEMM_config_M64_K128_N64_UM1_UK1_UN1_GORDjik_VM1ji_VM2na_BIAS_False_INLINE_True_COMPORDER_option_2_ap_fixed_16_5_,ok,0,452,2026-10-02 20:10:55
GEMM_config_M64_K128_N64_UM1_UK1_UN1_GORDikj_VM1ij_VM2na_BIAS_False_INLINE_True_COMPORDER_option_3_ap_fixed_16_5_,ok,0,468,2026-10-02 20:10:56
GEMM_config_M64_K128_N128_UM8_UK1_UN8_GORDikj_VM1ij_VM2na_BIAS_True_INLINE_True_COMPORDER_option_3_ap_fixed_16_5_,ok,0,812,2026-10-02 20:10:58
GEMM_config_M64_K128_N128_UM8_UK8_UN1_GORDjik_VM1ji_VM2na_BIAS_True_INLINE_True_COMPORDER_option_3_ap_fixed_16_5_,ok,0,717,2026-10-02 20:11:06
GEMM_config_M64_K128_N64_UM1_UK1_UN1_GORDjik_VM1ji_VM2na_BIAS_True_INLINE_True_COMPORDER_option_2_ap_fixed_16_5_,ok,0,437,2026-10-02 20:11:10
GEMM_config_M64_K128_N64_UM1_UK1_UN1_GORDjik_VM1ji_VM2na_BIAS_True_INLINE_True_COMPORDER_option_3_ap_fixed_16_5_,ok,0,443,2026-10-02 20:11:18
GEMM_config_M64_K128_N64_UM1_UK1_UN1_GORDjik_VM1ji_VM2na_BIAS_False_INLINE_True_COMPORDER_option_3_ap_fixed_16_5_,ok,0,451,2026-10-02 20:11:22
GEMM_config_M64_K128_N128_UM8_UK8_UN8_GORDna_VM1ij_VM2ij_BIAS_True_INLINE_True_COMPORDER_option_4_ap_fixed_16_5_,ok,0,654,2026-10-02 20:11:24
GEMM_config_M64_K128_N128_UM8_UK8_UN8_GORDna_VM1ij_VM2ij_BIAS_True_INLINE_True_COMPORDER_option_1_ap_fixed_16_5_,ok,0,657,2026-10-02 20:11:26
GEMM_config_M64_K128_N64_UM1_UK1_UN1_GORDjki_VM1ji_VM2na_BIAS_False_INLINE_True_COMPORDER_option_2_ap_fixed_16_5_,ok,0,451,2026-10-02 20:11:26
GEMM_config_M64_K128_N128_UM8_UK8_UN8_GORDna_VM1ij_VM2ij_BIAS_True_INLINE_True_COMPORDER_option_5_ap_fixed_16_5_,ok,0,655,2026-10-02 20:11:28
GEMM_config_M64_K128_N128_UM8_UK1_UN8_GORDkij_VM1ij_VM2na_BIAS_True_INLINE_True_COMPORDER_option_3_ap_fixed_16_5_,ok,0,818,2026-10-02 20:11:35
GEMM_config_M64_K128_N64_UM1_UK1_UN1_GORDjki_VM1ji_VM2na_BIAS_True_INLINE_True_COMPORDER_option_2_ap_fixed_16_5_,ok,0,446,2026-10-02 20:11:37
GEMM_config_M64_K128_N128_UM8_UK8_UN8_GORDna_VM1ij_VM2ji_BIAS_False_INLINE_True_COMPORDER_option_4_ap_fixed_16_5_,ok,0,661,2026-10-02 20:11:40
GEMM_config_M64_K128_N64_UM1_UK1_UN1_GORDjki_VM1ji_VM2na_BIAS_False_INLINE_True_COMPORDER_option_3_ap_fixed_16_5_,ok,0,460,2026-10-02 20:11:47
GEMM_config_M64_K128_N64_UM1_UK1_UN1_GORDjki_VM1ji_VM2na_BIAS_True_INLINE_True_COMPORDER_option_3_ap_fixed_16_5_,ok,0,456,2026-10-02 20:11:49
GEMM_config_M64_K128_N64_UM1_UK1_UN1_GORDkij_VM1ij_VM2na_BIAS_True_INLINE_True_COMPORDER_option_2_ap_fixed_16_5_,ok,0,447,2026-10-02 20:11:55
GEMM_config_M64_K128_N64_UM1_UK1_UN1_GORDkij_VM1ij_VM2na_BIAS_False_INLINE_True_COMPORDER_option_3_ap_fixed_16_5_,ok,0,448,2026-10-02 20:11:55
GEMM_config_M64_K128_N128_UM8_UK8_UN8_GORDna_VM1ji_VM2ij_BIAS_True_INLINE_True_COMPORDER_option_5_ap_fixed_16_5_,ok,0,664,2026-10-02 20:11:55
GEMM_config_M64_K128_N64_UM1_UK1_UN1_GORDkij_VM1ij_VM2na_BIAS_False_INLINE_True_COMPORDER_option_2_ap_fixed_16_5_,ok,0,451,2026-10-02 20:11:55
GEMM_config_M64_K128_N64_UM1_UK1_UN1_GORDkji_VM1ji_VM2na_BIAS_False_INLINE_True_COMPORDER_option_2_ap_fixed_16_5_,ok,0,442,2026-10-02 20:11:55
GEMM_config_M64_K128_N64_UM1_UK1_UN1_GORDkij_VM1ij_VM2na_BIAS_True_INLINE_True_COMPORDER_option_3_ap_fixed_16_5_,ok,0,454,2026-10-02 20:12:02
GEMM_config_M64_K128_N64_UM1_UK1_UN1_GORDkji_VM1ji_VM2na_BIAS_False_INLINE_True_COMPORDER_option_3_ap_fixed_16_5_,ok,0,445,2026-10-02 20:12:08
GEMM_config_M64_K128_N128_UM8_UK8_UN8_GORDna_VM1ij_VM2ji_BIAS_False_INLINE_True_COMPORDER_option_5_ap_fixed_16_5_,ok,0,684,2026-10-02 20:12:12
GEMM_config_M64_K128_N128_UM8_UK8_UN8_GORDna_VM1ji_VM2ji_BIAS_False_INLINE_True_COMPORDER_option_1_ap_fixed_16_5_,ok,0,681,2026-10-02 20:12:12
GEMM_config_M64_K128_N64_UM1_UK1_UN1_GORDkji_VM1ji_VM2na_BIAS_True_INLINE_True_COMPORDER_option_2_ap_fixed_16_5_,ok,0,445,2026-10-02 20:12:13
GEMM_config_M64_K128_N128_UM8_UK8_UN8_GORDna_VM1ji_VM2ji_BIAS_False_INLINE_True_COMPORDER_option_5_ap_fixed_16_5_,ok,0,679,2026-10-02 20:12:18
GEMM_config_M64_K128_N128_UM8_UK8_UN8_GORDna_VM1ji_VM2ji_BIAS_False_INLINE_True_COMPORDER_option_4_ap_fixed_16_5_,ok,0,688,2026-10-02 20:12:24
GEMM_config_M64_K128_N64_UM1_UK1_UN1_GORDna_VM1ij_VM2ij_BIAS_False_INLINE_True_COMPORDER_option_4_ap_fixed_16_5_,ok,0,411,2026-10-02 20:12:55
GEMM_config_M64_K128_N64_UM1_UK1_UN1_GORDkji_VM1ji_VM2na_BIAS_True_INLINE_True_COMPORDER_option_3_ap_fixed_16_5_,ok,0,449,2026-10-02 20:13:09
GEMM_config_M64_K128_N64_UM1_UK1_UN1_GORDna_VM1ij_VM2ij_BIAS_False_INLINE_True_COMPORDER_option_1_ap_fixed_16_5_,ok,0,442,2026-10-02 20:13:11
GEMM_config_M64_K128_N64_UM1_UK1_UN1_GORDna_VM1ij_VM2ij_BIAS_False_INLINE_True_COMPORDER_option_5_ap_fixed_16_5_,ok,0,442,2026-10-02 20:13:28
GEMM_config_M64_K128_N64_UM1_UK1_UN1_GORDna_VM1ij_VM2ij_BIAS_True_INLINE_True_COMPORDER_option_4_ap_fixed_16_5_,ok,0,401,2026-10-02 20:13:51
GEMM_config_M64_K128_N64_UM1_UK1_UN1_GORDna_VM1ij_VM2ij_BIAS_True_INLINE_True_COMPORDER_option_1_ap_fixed_16_5_,ok,0,433,2026-10-02 20:14:16
GEMM_config_M64_K128_N64_UM1_UK1_UN1_GORDna_VM1ij_VM2ij_BIAS_True_INLINE_True_COMPORDER_option_5_ap_fixed_16_5_,ok,0,440,2026-10-02 20:14:37
GEMM_config_M64_K128_N64_UM1_UK1_UN1_GORDna_VM1ij_VM2ji_BIAS_False_INLINE_True_COMPORDER_option_1_ap_fixed_16_5_,ok,0,440,2026-10-02 20:14:46
GEMM_config_M64_K128_N64_UM1_UK1_UN1_GORDna_VM1ij_VM2ji_BIAS_False_INLINE_True_COMPORDER_option_4_ap_fixed_16_5_,ok,0,405,2026-10-02 20:14:56
GEMM_config_M64_K128_N64_UM1_UK1_UN1_GORDna_VM1ij_VM2ji_BIAS_True_INLINE_True_COMPORDER_option_4_ap_fixed_16_5_,ok,0,402,2026-10-02 20:15:01
GEMM_config_M64_K128_N64_UM1_UK1_UN1_GORDna_VM1ji_VM2ji_BIAS_False_INLINE_True_COMPORDER_option_4_ap_fixed_16_5_,ok,0,388,2026-10-02 20:15:16
GEMM_config_M64_K128_N64_UM1_UK1_UN1_GORDna_VM1ji_VM2ij_BIAS_True_INLINE_True_COMPORDER_option_4_ap_fixed_16_5_,ok,0,399,2026-10-02 20:15:18
GEMM_config_M64_K128_N64_UM1_UK1_UN1_GORDna_VM1ji_VM2ij_BIAS_False_INLINE_True_COMPORDER_option_4_ap_fixed_16_5_,ok,0,404,2026-10-02 20:15:18
GEMM_config_M64_K128_N64_UM1_UK1_UN1_GORDna_VM1ij_VM2ji_BIAS_True_INLINE_True_COMPORDER_option_5_ap_fixed_16_5_,ok,0,422,2026-10-02 20:15:25
GEMM_config_M64_K128_N64_UM1_UK1_UN1_GORDna_VM1ij_VM2ji_BIAS_False_INLINE_True_COMPORDER_option_5_ap_fixed_16_5_,ok,0,435,2026-10-02 20:15:27
GEMM_config_M64_K128_N64_UM1_UK1_UN1_GORDna_VM1ij_VM2ji_BIAS_True_INLINE_True_COMPORDER_option_1_ap_fixed_16_5_,ok,0,437,2026-10-02 20:15:30
GEMM_config_M64_K128_N64_UM1_UK1_UN1_GORDna_VM1ji_VM2ij_BIAS_False_INLINE_True_COMPORDER_option_5_ap_fixed_16_5_,ok,0,420,2026-10-02 20:15:36
GEMM_config_M64_K128_N64_UM1_UK1_UN1_GORDna_VM1ji_VM2ij_BIAS_False_INLINE_True_COMPORDER_option_1_ap_fixed_16_5_,ok,0,434,2026-10-02 20:15:39
GEMM_config_M64_K128_N64_UM1_UK1_UN1_GORDna_VM1ji_VM2ji_BIAS_True_INLINE_True_COMPORDER_option_4_ap_fixed_16_5_,ok,0,398,2026-10-02 20:15:40
GEMM_config_M64_K128_N64_UM1_UK1_UN1_GORDna_VM1ji_VM2ij_BIAS_True_INLINE_True_COMPORDER_option_1_ap_fixed_16_5_,ok,0,427,2026-10-02 20:15:44
GEMM_config_M64_K128_N64_UM1_UK1_UN1_GORDna_VM1ji_VM2ij_BIAS_True_INLINE_True_COMPORDER_option_5_ap_fixed_16_5_,ok,0,425,2026-10-02 20:15:49
GEMM_config_M64_K128_N64_UM1_UK1_UN1_GORDna_VM1ji_VM2ji_BIAS_False_INLINE_True_COMPORDER_option_5_ap_fixed_16_5_,ok,0,424,2026-10-02 20:15:56
GEMM_config_M64_K128_N64_UM1_UK1_UN1_GORDna_VM1ji_VM2ji_BIAS_False_INLINE_True_COMPORDER_option_1_ap_fixed_16_5_,ok,0,434,2026-10-02 20:16:00
GEMM_config_M64_K128_N64_UM1_UK1_UN1_GORDna_VM1ji_VM2ji_BIAS_True_INLINE_True_COMPORDER_option_1_ap_fixed_16_5_,ok,0,439,2026-10-02 20:16:19
GEMM_config_M64_K128_N64_UM1_UK1_UN1_GORDna_VM1ji_VM2ji_BIAS_True_INLINE_True_COMPORDER_option_5_ap_fixed_16_5_,ok,0,425,2026-10-02 20:16:23
GEMM_config_M64_K128_N64_UM1_UK1_UN8_GORDijk_VM1ij_VM2na_BIAS_True_INLINE_True_COMPORDER_option_2_ap_fixed_16_5_,ok,0,435,2026-10-02 20:17:25
GEMM_config_M64_K128_N64_UM1_UK1_UN8_GORDna_VM1ji_VM2ij_BIAS_False_INLINE_True_COMPORDER_option_4_ap_fixed_16_5_,ok,0,390,2026-10-02 20:17:36
GEMM_config_M64_K128_N64_UM1_UK1_UN8_GORDna_VM1ij_VM2ij_BIAS_False_INLINE_True_COMPORDER_option_1_ap_fixed_16_5_,ok,0,421,2026-10-02 20:17:57
GEMM_config_M64_K128_N64_UM1_UK1_UN8_GORDna_VM1ij_VM2ji_BIAS_True_INLINE_True_COMPORDER_option_5_ap_fixed_16_5_,ok,0,424,2026-10-02 20:18:02
GEMM_config_M64_K128_N64_UM1_UK1_UN8_GORDikj_VM1ij_VM2na_BIAS_False_INLINE_True_COMPORDER_option_2_ap_fixed_16_5_,ok,0,450,2026-10-02 20:18:03
GEMM_config_M64_K128_N64_UM1_UK1_UN8_GORDikj_VM1ij_VM2na_BIAS_True_INLINE_True_COMPORDER_option_3_ap_fixed_16_5_,ok,0,443,2026-10-02 20:18:04
GEMM_config_M64_K128_N64_UM1_UK8_UN1_GORDikj_VM1ij_VM2na_BIAS_True_INLINE_True_COMPORDER_option_3_ap_fixed_16_5_,ok,0,413,2026-10-02 20:18:11
GEMM_config_M64_K128_N64_UM1_UK1_UN8_GORDjik_VM1ji_VM2na_BIAS_True_INLINE_True_COMPORDER_option_3_ap_fixed_16_5_,ok,0,449,2026-10-02 20:18:12
GEMM_config_M64_K128_N64_UM1_UK1_UN8_GORDjki_VM1ji_VM2na_BIAS_True_INLINE_True_COMPORDER_option_3_ap_fixed_16_5_,ok,0,450,2026-10-02 20:18:16
GEMM_config_M64_K128_N64_UM1_UK8_UN1_GORDjki_VM1ji_VM2na_BIAS_False_INLINE_True_COMPORDER_option_3_ap_fixed_16_5_,ok,0,422,2026-10-02 20:18:28
GEMM_config_M64_K128_N64_UM1_UK1_UN8_GORDkji_VM1ji_VM2na_BIAS_False_INLINE_True_COMPORDER_option_3_ap_fixed_16_5_,ok,0,458,2026-10-02 20:18:30
GEMM_config_M64_K128_N64_UM1_UK1_UN8_GORDna_VM1ji_VM2ji_BIAS_True_INLINE_True_COMPORDER_option_1_ap_fixed_16_5_,ok,0,441,2026-10-02 20:18:32
GEMM_config_M64_K128_N64_UM1_UK8_UN1_GORDjik_VM1ji_VM2na_BIAS_True_INLINE_True_COMPORDER_option_2_ap_fixed_16_5_,ok,0,434,2026-10-02 20:18:38
GEMM_config_M64_K128_N64_UM1_UK8_UN1_GORDkij_VM1ij_VM2na_BIAS_False_INLINE_True_COMPORDER_option_3_ap_fixed_16_5_,ok,0,432,2026-10-02 20:18:40
GEMM_config_M64_K128_N64_UM1_UK1_UN8_GORDkji_VM1ji_VM2na_BIAS_True_INLINE_True_COMPORDER_option_2_ap_fixed_16_5_,ok,0,468,2026-10-02 20:18:43
GEMM_config_M64_K128_N64_UM1_UK8_UN1_GORDjki_VM1ji_VM2na_BIAS_True_INLINE_True_COMPORDER_option_2_ap_fixed_16_5_,ok,0,437,2026-10-02 20:18:44
GEMM_config_M64_K128_N64_UM1_UK8_UN1_GORDjik_VM1ji_VM2na_BIAS_False_INLINE_True_COMPORDER_option_3_ap_fixed_16_5_,ok,0,453,2026-10-02 20:18:55
GEMM_config_M64_K128_N64_UM1_UK8_UN1_GORDna_VM1ij_VM2ji_BIAS_False_INLINE_True_COMPORDER_option_4_ap_fixed_16_5_,ok,0,442,2026-10-02 20:18:57
GEMM_config_M64_K128_N64_UM1_UK8_UN1_GORDna_VM1ji_VM2ji_BIAS_True_INLINE_True_COMPORDER_option_4_ap_fixed_16_5_,ok,0,441,2026-10-02 20:19:00
GEMM_config_M64_K128_N64_UM1_UK8_UN1_GORDna_VM1ji_VM2ji_BIAS_False_INLINE_True_COMPORDER_option_1_ap_fixed_16_5_,ok,0,452,2026-10-02 20:19:09
GEMM_config_M64_K128_N64_UM8_UK1_UN1_GORDijk_VM1ij_VM2na_BIAS_False_INLINE_True_COMPORDER_option_2_ap_fixed_16_5_,ok,0,488,2026-10-02 20:20:21
GEMM_config_M64_K128_N64_UM8_UK1_UN1_GORDijk_VM1ij_VM2na_BIAS_False_INLINE_True_COMPORDER_option_3_ap_fixed_16_5_,ok,0,490,2026-10-02 20:20:28
GEMM_config_M64_K128_N64_UM8_UK1_UN1_GORDjki_VM1ji_VM2na_BIAS_True_INLINE_True_COMPORDER_option_2_ap_fixed_16_5_,ok,0,423,2026-10-02 20:20:31
GEMM_config_M64_K128_N64_UM1_UK8_UN8_GORDikj_VM1ij_VM2na_BIAS_True_INLINE_True_COMPORDER_option_2_ap_fixed_16_5_,ok,0,524,2026-10-02 20:20:32
GEMM_config_M64_K128_N64_UM1_UK8_UN8_GORDjik_VM1ji_VM2na_BIAS_True_INLINE_True_COMPORDER_option_3_ap_fixed_16_5_,ok,0,526,2026-10-02 20:20:35
GEMM_config_M64_K128_N64_UM8_UK1_UN1_GORDikj_VM1ij_VM2na_BIAS_False_INLINE_True_COMPORDER_option_3_ap_fixed_16_5_,ok,0,494,2026-10-02 20:20:38
GEMM_config_M64_K128_N64_UM8_UK1_UN1_GORDjik_VM1ji_VM2na_BIAS_False_INLINE_True_COMPORDER_option_2_ap_fixed_16_5_,ok,0,448,2026-10-02 20:20:39
GEMM_config_M64_K128_N64_UM1_UK8_UN8_GORDna_VM1ij_VM2ij_BIAS_True_INLINE_True_COMPORDER_option_4_ap_fixed_16_5_,ok,0,523,2026-10-02 20:20:45
GEMM_config_M64_K128_N64_UM1_UK8_UN8_GORDna_VM1ij_VM2ij_BIAS_False_INLINE_True_COMPORDER_option_4_ap_fixed_16_5_,ok,0,531,2026-10-02 20:20:46
GEMM_config_M64_K128_N64_UM1_UK8_UN8_GORDkij_VM1ij_VM2na_BIAS_False_INLINE_True_COMPORDER_option_2_ap_fixed_16_5_,ok,0,536,2026-10-02 20:20:51
GEMM_config_M64_K128_N64_UM1_UK8_UN8_GORDkij_VM1ij_VM2na_BIAS_True_INLINE_True_COMPORDER_option_2_ap_fixed_16_5_,ok,0,542,2026-10-02 20:20:56
GEMM_config_M64_K128_N64_UM1_UK8_UN8_GORDna_VM1ij_VM2ji_BIAS_True_INLINE_True_COMPORDER_option_5_ap_fixed_16_5_,ok,0,537,2026-10-02 20:21:09
GEMM_config_M64_K128_N64_UM8_UK1_UN1_GORDikj_VM1ij_VM2na_BIAS_True_INLINE_True_COMPORDER_option_2_ap_fixed_16_5_,ok,0,495,2026-10-02 20:21:10
GEMM_config_M64_K128_N64_UM8_UK1_UN1_GORDikj_VM1ij_VM2na_BIAS_True_INLINE_True_COMPORDER_option_3_ap_fixed_16_5_,ok,0,481,2026-10-02 20:21:10
GEMM_config_M64_K128_N64_UM1_UK8_UN8_GORDna_VM1ij_VM2ji_BIAS_False_INLINE_True_COMPORDER_option_1_ap_fixed_16_5_,ok,0,545,2026-10-02 20:21:13
GEMM_config_M64_K128_N64_UM1_UK8_UN8_GORDna_VM1ij_VM2ji_BIAS_True_INLINE_True_COMPORDER_option_4_ap_fixed_16_5_,ok,0,557,2026-10-02 20:21:28
GEMM_config_M64_K128_N64_UM8_UK1_UN1_GORDkij_VM1ij_VM2na_BIAS_False_INLINE_True_COMPORDER_option_3_ap_fixed_16_5_,ok,0,470,2026-10-02 20:21:42
GEMM_config_M64_K128_N64_UM8_UK1_UN1_GORDkji_VM1ji_VM2na_BIAS_True_INLINE_True_COMPORDER_option_2_ap_fixed_16_5_,ok,0,457,2026-10-02 20:21:53
GEMM_config_M64_K128_N64_UM8_UK1_UN1_GORDkji_VM1ji_VM2na_BIAS_True_INLINE_True_COMPORDER_option_3_ap_fixed_16_5_,ok,0,444,2026-10-02 20:22:02
GEMM_config_M64_K128_N64_UM8_UK1_UN1_GORDna_VM1ij_VM2ij_BIAS_True_INLINE_True_COMPORDER_option_1_ap_fixed_16_5_,ok,0,450,2026-10-02 20:22:25
GEMM_config_M64_K128_N64_UM8_UK1_UN1_GORDna_VM1ij_VM2ji_BIAS_False_INLINE_True_COMPORDER_option_4_ap_fixed_16_5_,ok,0,447,2026-10-02 20:22:28
GEMM_config_M64_K128_N64_UM8_UK1_UN1_GORDna_VM1ji_VM2ij_BIAS_False_INLINE_True_COMPORDER_option_5_ap_fixed_16_5_,ok,0,441,2026-10-02 20:22:36
GEMM_config_M64_K128_N64_UM8_UK1_UN1_GORDna_VM1ij_VM2ij_BIAS_False_INLINE_True_COMPORDER_option_5_ap_fixed_16_5_,ok,0,475,2026-10-02 20:22:41
GEMM_config_M64_K128_N64_UM8_UK1_UN1_GORDna_VM1ji_VM2ji_BIAS_True_INLINE_True_COMPORDER_option_4_ap_fixed_16_5_,ok,0,446,2026-10-02 20:22:43
GEMM_config_M64_K128_N64_UM8_UK1_UN8_GORDna_VM1ij_VM2ij_BIAS_False_INLINE_True_COMPORDER_option_1_ap_fixed_16_5_,ok,0,460,2026-10-02 20:23:20
GEMM_config_M64_K128_N64_UM8_UK1_UN8_GORDna_VM1ij_VM2ji_BIAS_False_INLINE_True_COMPORDER_option_4_ap_fixed_16_5_,ok,0,455,2026-10-02 20:23:25
GEMM_config_M64_K128_N64_UM1_UK8_UN8_GORDkji_VM1ji_VM2na_BIAS_False_INLINE_True_COMPORDER_option_3_ap_fixed_16_5_,ok,0,720,2026-10-02 20:23:55
GEMM_config_M64_K128_N64_UM8_UK1_UN8_GORDna_VM1ij_VM2ji_BIAS_True_INLINE_True_COMPORDER_option_1_ap_fixed_16_5_,ok,0,485,2026-10-02 20:24:02
GEMM_config_M64_K128_N64_UM1_UK8_UN8_GORDjki_VM1ji_VM2na_BIAS_False_INLINE_True_COMPORDER_option_3_ap_fixed_16_5_,ok,0,737,2026-10-02 20:24:11
GEMM_config_M64_K128_N64_UM8_UK1_UN8_GORDna_VM1ji_VM2ij_BIAS_False_INLINE_True_COMPORDER_option_4_ap_fixed_16_5_,ok,0,493,2026-10-02 20:24:13
GEMM_config_M64_K128_N128_UM8_UK8_UN8_GORDkji_VM1ji_VM2na_BIAS_False_INLINE_True_COMPORDER_option_3_ap_fixed_16_5_,ok,0,1441,2026-10-02 20:24:23
GEMM_config_M64_K128_N64_UM8_UK1_UN8_GORDna_VM1ij_VM2ij_BIAS_True_INLINE_True_COMPORDER_option_5_ap_fixed_16_5_,ok,0,561,2026-10-02 20:25:05
GEMM_config_M64_K128_N64_UM8_UK1_UN8_GORDna_VM1ji_VM2ij_BIAS_False_INLINE_True_COMPORDER_option_5_ap_fixed_16_5_,ok,0,543,2026-10-02 20:25:22
GEMM_config_M64_K128_N64_UM8_UK8_UN1_GORDna_VM1ji_VM2ji_BIAS_True_INLINE_True_COMPORDER_option_5_ap_fixed_16_5_,ok,0,449,2026-10-02 20:25:45
GEMM_config_M64_K128_N128_UM8_UK8_UN8_GORDikj_VM1ij_VM2na_BIAS_True_INLINE_True_COMPORDER_option_3_ap_fixed_16_5_,ok,0,1564,2026-10-02 20:26:11
GEMM_config_M64_K128_N64_UM8_UK8_UN1_GORDna_VM1ij_VM2ij_BIAS_True_INLINE_True_COMPORDER_option_5_ap_fixed_16_5_,ok,0,495,2026-10-02 20:26:18
GEMM_config_M64_K128_N64_UM8_UK1_UN8_GORDjki_VM1ji_VM2na_BIAS_False_INLINE_True_COMPORDER_option_2_ap_fixed_16_5_,ok,0,655,2026-10-02 20:26:24
GEMM_config_M64_K128_N64_UM8_UK8_UN1_GORDna_VM1ij_VM2ji_BIAS_False_INLINE_True_COMPORDER_option_1_ap_fixed_16_5_,ok,0,521,2026-10-02 20:26:45
GEMM_config_M64_K128_N64_UM8_UK8_UN1_GORDkij_VM1ij_VM2na_BIAS_False_INLINE_True_COMPORDER_option_2_ap_fixed_16_5_,ok,0,553,2026-10-02 20:26:49
GEMM_config_M64_K128_N64_UM8_UK8_UN1_GORDkji_VM1ji_VM2na_BIAS_False_INLINE_True_COMPORDER_option_3_ap_fixed_16_5_,ok,0,539,2026-10-02 20:27:01
GEMM_config_M64_K128_N64_UM8_UK8_UN1_GORDna_VM1ij_VM2ji_BIAS_True_INLINE_True_COMPORDER_option_1_ap_fixed_16_5_,ok,0,534,2026-10-02 20:27:06
GEMM_config_M64_K128_N64_UM8_UK8_UN1_GORDkij_VM1ij_VM2na_BIAS_False_INLINE_True_COMPORDER_option_3_ap_fixed_16_5_,ok,0,554,2026-10-02 20:27:11
GEMM_config_M64_K128_N64_UM8_UK1_UN8_GORDijk_VM1ij_VM2na_BIAS_True_INLINE_True_COMPORDER_option_3_ap_fixed_16_5_,ok,0,712,2026-10-02 20:27:17
GEMM_config_M64_K128_N64_UM8_UK1_UN8_GORDijk_VM1ij_VM2na_BIAS_False_INLINE_True_COMPORDER_option_2_ap_fixed_16_5_,ok,0,725,2026-10-02 20:27:24
GEMM_config_M64_K128_N128_UM8_UK8_UN8_GORDijk_VM1ij_VM2na_BIAS_False_INLINE_True_COMPORDER_option_3_ap_fixed_16_5_,ok,0,1647,2026-10-02 20:27:33
GEMM_config_M64_K128_N64_UM8_UK8_UN1_GORDna_VM1ij_VM2ji_BIAS_False_INLINE_True_COMPORDER_option_4_ap_fixed_16_5_,ok,0,574,2026-10-02 20:27:45
GEMM_config_M64_K64_N128_UM1_UK1_UN1_GORDijk_VM1ij_VM2na_BIAS_False_INLINE_True_COMPORDER_option_2_ap_fixed_16_5_,ok,0,447,2026-10-02 20:27:48
GEMM_config_M64_K128_N128_UM8_UK8_UN8_GORDjki_VM1ji_VM2na_BIAS_False_INLINE_True_COMPORDER_option_3_ap_fixed_16_5_,ok,0,1660,2026-10-02 20:27:57
GEMM_config_M64_K64_N128_UM1_UK1_UN1_GORDijk_VM1ij_VM2na_BIAS_True_INLINE_True_COMPORDER_option_2_ap_fixed_16_5_,ok,0,451,2026-10-02 20:28:02
GEMM_config_M64_K64_N128_UM1_UK1_UN1_GORDijk_VM1ij_VM2na_BIAS_False_INLINE_True_COMPORDER_option_3_ap_fixed_16_5_,ok,0,454,2026-10-02 20:28:02
GEMM_config_M64_K64_N128_UM1_UK1_UN1_GORDikj_VM1ij_VM2na_BIAS_True_INLINE_True_COMPORDER_option_2_ap_fixed_16_5_,ok,0,447,2026-10-02 20:28:06
GEMM_config_M64_K64_N128_UM1_UK1_UN1_GORDikj_VM1ij_VM2na_BIAS_False_INLINE_True_COMPORDER_option_2_ap_fixed_16_5_,ok,0,453,2026-10-02 20:28:07
GEMM_config_M64_K64_N128_UM1_UK1_UN1_GORDijk_VM1ij_VM2na_BIAS_True_INLINE_True_COMPORDER_option_3_ap_fixed_16_5_,ok,0,457,2026-10-02 20:28:09
GEMM_config_M64_K64_N128_UM1_UK1_UN1_GORDikj_VM1ij_VM2na_BIAS_False_INLINE_True_COMPORDER_option_3_ap_fixed_16_5_,ok,0,453,2026-10-02 20:28:11
GEMM_config_M64_K128_N64_UM8_UK8_UN1_GORDijk_VM1ij_VM2na_BIAS_False_INLINE_True_COMPORDER_option_3_ap_fixed_16_5_,ok,0,713,2026-10-02 20:28:16
GEMM_config_M64_K64_N128_UM1_UK1_UN1_GORDikj_VM1ij_VM2na_BIAS_True_INLINE_True_COMPORDER_option_3_ap_fixed_16_5_,ok,0,452,2026-10-02 20:28:18
GEMM_config_M64_K64_N128_UM1_UK1_UN1_GORDjik_VM1ji_VM2na_BIAS_False_INLINE_True_COMPORDER_option_2_ap_fixed_16_5_,ok,0,453,2026-10-02 20:28:19
GEMM_config_M64_K64_N128_UM1_UK1_UN1_GORDjik_VM1ji_VM2na_BIAS_False_INLINE_True_COMPORDER_option_3_ap_fixed_16_5_,ok,0,454,2026-10-02 20:28:25
GEMM_config_M64_K64_N128_UM1_UK1_UN1_GORDjik_VM1ji_VM2na_BIAS_True_INLINE_True_COMPORDER_option_2_ap_fixed_16_5_,ok,0,449,2026-10-02 20:28:25
GEMM_config_M64_K128_N64_UM8_UK1_UN8_GORDikj_VM1ij_VM2na_BIAS_True_INLINE_True_COMPORDER_option_3_ap_fixed_16_5_,ok,0,778,2026-10-02 20:28:26
GEMM_config_M64_K64_N128_UM1_UK1_UN1_GORDjki_VM1ji_VM2na_BIAS_False_INLINE_True_COMPORDER_option_3_ap_fixed_16_5_,ok,0,445,2026-10-02 20:28:35
GEMM_config_M64_K64_N128_UM1_UK1_UN1_GORDjki_VM1ji_VM2na_BIAS_False_INLINE_True_COMPORDER_option_2_ap_fixed_16_5_,ok,0,450,2026-10-02 20:28:40
GEMM_config_M64_K64_N128_UM1_UK1_UN1_GORDjik_VM1ji_VM2na_BIAS_True_INLINE_True_COMPORDER_option_3_ap_fixed_16_5_,ok,0,452,2026-10-02 20:28:41
GEMM_config_M64_K64_N128_UM1_UK1_UN1_GORDjki_VM1ji_VM2na_BIAS_True_INLINE_True_COMPORDER_option_2_ap_fixed_16_5_,ok,0,452,2026-10-02 20:28:45
GEMM_config_M64_K128_N128_UM8_UK8_UN8_GORDjki_VM1ji_VM2na_BIAS_True_INLINE_True_COMPORDER_option_3_ap_fixed_16_5_,ok,0,1706,2026-10-02 20:28:47
GEMM_config_M64_K128_N64_UM8_UK1_UN8_GORDkji_VM1ji_VM2na_BIAS_True_INLINE_True_COMPORDER_option_3_ap_fixed_16_5_,ok,0,801,2026-10-02 20:29:01
GEMM_config_M64_K64_N128_UM1_UK1_UN1_GORDjki_VM1ji_VM2na_BIAS_True_INLINE_True_COMPORDER_option_3_ap_fixed_16_5_,ok,0,453,2026-10-02 20:29:02
GEMM_config_M64_K128_N64_UM8_UK1_UN8_GORDkij_VM1ij_VM2na_BIAS_True_INLINE_True_COMPORDER_option_3_ap_fixed_16_5_,ok,0,812,2026-10-02 20:29:07
GEMM_config_M64_K64_N128_UM1_UK1_UN1_GORDkij_VM1ij_VM2na_BIAS_False_INLINE_True_COMPORDER_option_2_ap_fixed_16_5_,ok,0,451,2026-10-02 20:29:13
GEMM_config_M64_K64_N128_UM1_UK1_UN1_GORDkij_VM1ij_VM2na_BIAS_False_INLINE_True_COMPORDER_option_3_ap_fixed_16_5_,ok,0,443,2026-10-02 20:29:16
GEMM_config_M64_K128_N64_UM8_UK8_UN8_GORDna_VM1ij_VM2ji_BIAS_False_INLINE_True_COMPORDER_option_1_ap_fixed_16_5_,ok,0,645,2026-10-02 20:29:29
GEMM_config_M64_K64_N128_UM1_UK1_UN1_GORDkij_VM1ij_VM2na_BIAS_True_INLINE_True_COMPORDER_option_2_ap_fixed_16_5_,ok,0,447,2026-10-02 20:29:29
GEMM_config_M64_K64_N128_UM1_UK1_UN1_GORDkji_VM1ji_VM2na_BIAS_False_INLINE_True_COMPORDER_option_2_ap_fixed_16_5_,ok,0,434,2026-10-02 20:29:42
GEMM_config_M64_K128_N64_UM8_UK8_UN1_GORDijk_VM1ij_VM2na_BIAS_True_INLINE_True_COMPORDER_option_3_ap_fixed_16_5_,ok,0,738,2026-10-02 20:29:43
GEMM_config_M64_K64_N128_UM1_UK1_UN1_GORDkij_VM1ij_VM2na_BIAS_True_INLINE_True_COMPORDER_option_3_ap_fixed_16_5_,ok,0,443,2026-10-02 20:29:48
GEMM_config_M64_K128_N64_UM8_UK8_UN8_GORDna_VM1ij_VM2ji_BIAS_True_INLINE_True_COMPORDER_option_5_ap_fixed_16_5_,ok,0,654,2026-10-02 20:29:51
GEMM_config_M64_K128_N64_UM8_UK8_UN8_GORDna_VM1ij_VM2ji_BIAS_False_INLINE_True_COMPORDER_option_4_ap_fixed_16_5_,ok,0,659,2026-10-02 20:29:54
GEMM_config_M64_K64_N128_UM1_UK1_UN1_GORDkji_VM1ji_VM2na_BIAS_True_INLINE_True_COMPORDER_option_2_ap_fixed_16_5_,ok,0,434,2026-10-02 20:29:55
GEMM_config_M64_K64_N128_UM1_UK1_UN1_GORDkji_VM1ji_VM2na_BIAS_True_INLINE_True_COMPORDER_option_3_ap_fixed_16_5_,ok,0,433,2026-10-02 20:29:57
GEMM_config_M64_K64_N128_UM1_UK1_UN1_GORDkji_VM1ji_VM2na_BIAS_False_INLINE_True_COMPORDER_option_3_ap_fixed_16_5_,ok,0,441,2026-10-02 20:29:58
GEMM_config_M64_K128_N64_UM8_UK8_UN8_GORDna_VM1ji_VM2ij_BIAS_False_INLINE_True_COMPORDER_option_1_ap_fixed_16_5_,ok,0,660,2026-10-02 20:30:00
GEMM_config_M64_K64_N128_UM1_UK1_UN1_GORDna_VM1ij_VM2ij_BIAS_False_INLINE_True_COMPORDER_option_4_ap_fixed_16_5_,ok,0,405,2026-10-02 20:30:10
GEMM_config_M64_K128_N64_UM8_UK8_UN8_GORDna_VM1ji_VM2ji_BIAS_True_INLINE_True_COMPORDER_option_4_ap_fixed_16_5_,ok,0,677,2026-10-02 20:30:26
GEMM_config_M64_K64_N128_UM1_UK1_UN1_GORDna_VM1ij_VM2ij_BIAS_False_INLINE_True_COMPORDER_option_1_ap_fixed_16_5_,ok,0,439,2026-10-02 20:30:39
GEMM_config_M64_K64_N128_UM1_UK1_UN1_GORDna_VM1ij_VM2ij_BIAS_True_INLINE_True_COMPORDER_option_4_ap_fixed_16_5_,ok,0,401,2026-10-02 20:30:52
GEMM_config_M64_K64_N128_UM1_UK1_UN1_GORDna_VM1ij_VM2ij_BIAS_False_INLINE_True_COMPORDER_option_5_ap_fixed_16_5_,ok,0,426,2026-10-02 20:31:01
GEMM_config_M64_K64_N128_UM1_UK1_UN1_GORDna_VM1ij_VM2ij_BIAS_True_INLINE_True_COMPORDER_option_1_ap_fixed_16_5_,ok,0,434,2026-10-02 20:31:16
GEMM_config_M64_K64_N128_UM1_UK1_UN1_GORDna_VM1ij_VM2ij_BIAS_True_INLINE_True_COMPORDER_option_5_ap_fixed_16_5_,ok,0,423,2026-10-02 20:31:16
GEMM_config_M64_K64_N128_UM1_UK1_UN1_GORDna_VM1ij_VM2ji_BIAS_False_INLINE_True_COMPORDER_option_1_ap_fixed_16_5_,ok,0,432,2026-10-02 20:31:35
GEMM_config_M64_K64_N128_UM1_UK1_UN1_GORDna_VM1ij_VM2ji_BIAS_False_INLINE_True_COMPORDER_option_4_ap_fixed_16_5_,ok,0,401,2026-10-02 20:31:46
GEMM_config_M64_K64_N128_UM1_UK1_UN1_GORDna_VM1ij_VM2ji_BIAS_False_INLINE_True_COMPORDER_option_5_ap_fixed_16_5_,ok,0,419,2026-10-02 20:32:22
GEMM_config_M64_K64_N128_UM1_UK1_UN1_GORDna_VM1ij_VM2ji_BIAS_True_INLINE_True_COMPORDER_option_4_ap_fixed_16_5_,ok,0,394,2026-10-02 20:32:45
GEMM_config_M64_K64_N128_UM1_UK1_UN1_GORDna_VM1ij_VM2ji_BIAS_True_INLINE_True_COMPORDER_option_1_ap_fixed_16_5_,ok,0,424,2026-10-02 20:32:49
GEMM_config_M64_K64_N128_UM1_UK1_UN1_GORDna_VM1ji_VM2ij_BIAS_False_INLINE_True_COMPORDER_option_4_ap_fixed_16_5_,ok,0,381,2026-10-02 20:33:06
GEMM_config_M64_K64_N128_UM1_UK1_UN1_GORDna_VM1ij_VM2ji_BIAS_True_INLINE_True_COMPORDER_option_5_ap_fixed_16_5_,ok,0,412,2026-10-02 20:33:10
GEMM_config_M64_K64_N128_UM1_UK1_UN1_GORDna_VM1ji_VM2ij_BIAS_False_INLINE_True_COMPORDER_option_1_ap_fixed_16_5_,ok,0,416,2026-10-02 20:33:20
GEMM_config_M64_K64_N128_UM1_UK1_UN1_GORDna_VM1ji_VM2ij_BIAS_True_INLINE_True_COMPORDER_option_4_ap_fixed_16_5_,ok,0,386,2026-10-02 20:33:32
GEMM_config_M64_K64_N128_UM1_UK1_UN1_GORDna_VM1ji_VM2ji_BIAS_False_INLINE_True_COMPORDER_option_4_ap_fixed_16_5_,ok,0,387,2026-10-02 20:33:50
GEMM_config_M64_K64_N128_UM1_UK1_UN1_GORDna_VM1ji_VM2ij_BIAS_False_INLINE_True_COMPORDER_option_5_ap_fixed_16_5_,ok,0,424,2026-10-02 20:33:53
GEMM_config_M64_K64_N128_UM1_UK1_UN1_GORDna_VM1ji_VM2ij_BIAS_True_INLINE_True_COMPORDER_option_5_ap_fixed_16_5_,ok,0,410,2026-10-02 20:34:01
GEMM_config_M64_K64_N128_UM1_UK1_UN1_GORDna_VM1ji_VM2ij_BIAS_True_INLINE_True_COMPORDER_option_1_ap_fixed_16_5_,ok,0,422,2026-10-02 20:34:03
GEMM_config_M64_K64_N128_UM1_UK1_UN1_GORDna_VM1ji_VM2ji_BIAS_True_INLINE_True_COMPORDER_option_4_ap_fixed_16_5_,ok,0,377,2026-10-02 20:34:05
GEMM_config_M64_K64_N128_UM1_UK1_UN1_GORDna_VM1ji_VM2ji_BIAS_False_INLINE_True_COMPORDER_option_1_ap_fixed_16_5_,ok,0,421,2026-10-02 20:34:18
GEMM_config_M64_K64_N128_UM1_UK1_UN1_GORDna_VM1ji_VM2ji_BIAS_False_INLINE_True_COMPORDER_option_5_ap_fixed_16_5_,ok,0,415,2026-10-02 20:34:28
GEMM_config_M64_K64_N128_UM1_UK1_UN1_GORDna_VM1ji_VM2ji_BIAS_True_INLINE_True_COMPORDER_option_5_ap_fixed_16_5_,ok,0,405,2026-10-02 20:34:42
GEMM_config_M64_K64_N128_UM1_UK1_UN1_GORDna_VM1ji_VM2ji_BIAS_True_INLINE_True_COMPORDER_option_1_ap_fixed_16_5_,ok,0,419,2026-10-02 20:34:44
GEMM_config_M64_K64_N128_UM1_UK1_UN8_GORDna_VM1ij_VM2ji_BIAS_False_INLINE_True_COMPORDER_option_4_ap_fixed_16_5_,ok,0,413,2026-10-02 20:35:04
GEMM_config_M64_K64_N128_UM1_UK1_UN8_GORDna_VM1ij_VM2ij_BIAS_False_INLINE_True_COMPORDER_option_4_ap_fixed_16_5_,ok,0,420,2026-10-02 20:35:09
GEMM_config_M64_K64_N128_UM1_UK1_UN8_GORDikj_VM1ij_VM2na_BIAS_False_INLINE_True_COMPORDER_option_3_ap_fixed_16_5_,ok,0,432,2026-10-02 20:35:14
GEMM_config_M64_K64_N128_UM1_UK1_UN8_GORDna_VM1ji_VM2ij_BIAS_False_INLINE_True_COMPORDER_option_1_ap_fixed_16_5_,ok,0,426,2026-10-02 20:35:22
GEMM_config_M64_K64_N128_UM1_UK1_UN8_GORDna_VM1ji_VM2ij_BIAS_True_INLINE_True_COMPORDER_option_4_ap_fixed_16_5_,ok,0,427,2026-10-02 20:35:25
GEMM_config_M64_K64_N128_UM1_UK1_UN8_GORDjki_VM1ji_VM2na_BIAS_True_INLINE_True_COMPORDER_option_3_ap_fixed_16_5_,ok,0,442,2026-10-02 20:35:29
GEMM_config_M64_K64_N128_UM1_UK1_UN8_GORDna_VM1ji_VM2ji_BIAS_True_INLINE_True_COMPORDER_option_1_ap_fixed_16_5_,ok,0,424,2026-10-02 20:35:29
GEMM_config_M64_K64_N128_UM1_UK1_UN8_GORDna_VM1ji_VM2ij_BIAS_True_INLINE_True_COMPORDER_option_5_ap_fixed_16_5_,ok,0,438,2026-10-02 20:35:37
GEMM_config_M64_K64_N128_UM1_UK8_UN1_GORDijk_VM1ij_VM2na_BIAS_False_INLINE_True_COMPORDER_option_3_ap_fixed_16_5_,ok,0,433,2026-10-02 20:35:38
GEMM_config_M64_K64_N128_UM1_UK8_UN1_GORDikj_VM1ij_VM2na_BIAS_False_INLINE_True_COMPORDER_option_3_ap_fixed_16_5_,ok,0,424,2026-10-02 20:35:39
GEMM_config_M64_K64_N128_UM1_UK8_UN1_GORDna_VM1ij_VM2ij_BIAS_False_INLINE_True_COMPORDER_option_5_ap_fixed_16_5_,ok,0,420,2026-10-02 20:35:40
GEMM_config_M64_K64_N128_UM1_UK1_UN8_GORDkji_VM1ji_VM2na_BIAS_True_INLINE_True_COMPORDER_option_3_ap_fixed_16_5_,ok,0,456,2026-10-02 20:35:44
GEMM_config_M64_K64_N128_UM1_UK1_UN8_GORDjki_VM1ji_VM2na_BIAS_False_INLINE_True_COMPORDER_option_2_ap_fixed_16_5_,ok,0,462,2026-10-02 20:35:44
GEMM_config_M64_K64_N128_UM1_UK8_UN1_GORDijk_VM1ij_VM2na_BIAS_True_INLINE_True_COMPORDER_option_3_ap_fixed_16_5_,ok,0,442,2026-10-02 20:35:48
GEMM_config_M64_K64_N128_UM1_UK8_UN1_GORDna_VM1ij_VM2ji_BIAS_False_INLINE_True_COMPORDER_option_1_ap_fixed_16_5_,ok,0,425,2026-10-02 20:35:50
GEMM_config_M64_K64_N128_UM1_UK8_UN1_GORDjki_VM1ji_VM2na_BIAS_True_INLINE_True_COMPORDER_option_3_ap_fixed_16_5_,ok,0,436,2026-10-02 20:35:56
GEMM_config_M64_K64_N128_UM1_UK8_UN8_GORDna_VM1ji_VM2ij_BIAS_True_INLINE_True_COMPORDER_option_4_ap_fixed_16_5_,fail,1,363,2026-10-02 20:35:57
GEMM_config_M64_K64_N128_UM1_UK8_UN1_GORDna_VM1ji_VM2ji_BIAS_True_INLINE_True_COMPORDER_option_5_ap_fixed_16_5_,ok,0,421,2026-10-02 20:36:02
GEMM_config_M64_K64_N128_UM1_UK8_UN1_GORDna_VM1ji_VM2ij_BIAS_False_INLINE_True_COMPORDER_option_1_ap_fixed_16_5_,ok,0,444,2026-10-02 20:36:11
GEMM_config_M64_K64_N128_UM1_UK8_UN8_GORDijk_VM1ij_VM2na_BIAS_True_INLINE_True_COMPORDER_option_2_ap_fixed_16_5_,ok,0,508,2026-10-02 20:37:35
GEMM_config_M64_K64_N128_UM8_UK1_UN1_GORDjik_VM1ji_VM2na_BIAS_True_INLINE_True_COMPORDER_option_3_ap_fixed_16_5_,ok,0,459,2026-10-02 20:37:39
GEMM_config_M64_K64_N128_UM8_UK1_UN1_GORDna_VM1ij_VM2ij_BIAS_False_INLINE_True_COMPORDER_option_1_ap_fixed_16_5_,ok,0,435,2026-10-02 20:37:41
GEMM_config_M64_K64_N128_UM1_UK8_UN8_GORDkij_VM1ij_VM2na_BIAS_False_INLINE_True_COMPORDER_option_3_ap_fixed_16_5_,ok,0,507,2026-10-02 20:37:43
GEMM_config_M64_K64_N128_UM1_UK8_UN8_GORDijk_VM1ij_VM2na_BIAS_False_INLINE_True_COMPORDER_option_2_ap_fixed_16_5_,ok,0,524,2026-10-02 20:37:45
GEMM_config_M64_K64_N128_UM8_UK1_UN1_GORDkij_VM1ij_VM2na_BIAS_False_INLINE_True_COMPORDER_option_3_ap_fixed_16_5_,ok,0,464,2026-10-02 20:37:53
GEMM_config_M64_K64_N128_UM8_UK1_UN1_GORDikj_VM1ij_VM2na_BIAS_True_INLINE_True_COMPORDER_option_2_ap_fixed_16_5_,ok,0,476,2026-10-02 20:37:53
GEMM_config_M64_K64_N128_UM8_UK1_UN1_GORDijk_VM1ij_VM2na_BIAS_True_INLINE_True_COMPORDER_option_2_ap_fixed_16_5_,ok,0,483,2026-10-02 20:38:00
GEMM_config_M64_K64_N128_UM1_UK8_UN8_GORDna_VM1ij_VM2ij_BIAS_False_INLINE_True_COMPORDER_option_4_ap_fixed_16_5_,ok,0,521,2026-10-02 20:38:10
GEMM_config_M64_K64_N128_UM1_UK8_UN8_GORDna_VM1ij_VM2ji_BIAS_False_INLINE_True_COMPORDER_option_5_ap_fixed_16_5_,ok,0,513,2026-10-02 20:38:16
GEMM_config_M64_K64_N128_UM1_UK8_UN8_GORDkij_VM1ij_VM2na_BIAS_True_INLINE_True_COMPORDER_option_2_ap_fixed_16_5_,ok,0,531,2026-10-02 20:38:19
GEMM_config_M64_K64_N128_UM8_UK1_UN1_GORDna_VM1ji_VM2ji_BIAS_True_INLINE_True_COMPORDER_option_1_ap_fixed_16_5_,ok,0,438,2026-10-02 20:38:34
GEMM_config_M64_K64_N128_UM8_UK1_UN1_GORDna_VM1ij_VM2ij_BIAS_False_INLINE_True_COMPORDER_option_5_ap_fixed_16_5_,ok,0,476,2026-10-02 20:38:34
GEMM_config_M64_K64_N128_UM8_UK1_UN1_GORDna_VM1ij_VM2ij_BIAS_True_INLINE_True_COMPORDER_option_4_ap_fixed_16_5_,ok,0,462,2026-10-02 20:38:35
GEMM_config_M64_K64_N128_UM8_UK1_UN1_GORDna_VM1ij_VM2ji_BIAS_False_INLINE_True_COMPORDER_option_1_ap_fixed_16_5_,ok,0,460,2026-10-02 20:38:41
GEMM_config_M64_K64_N128_UM1_UK8_UN8_GORDna_VM1ij_VM2ji_BIAS_False_INLINE_True_COMPORDER_option_4_ap_fixed_16_5_,ok,0,540,2026-10-02 20:38:41
GEMM_config_M64_K64_N128_UM8_UK1_UN1_GORDna_VM1ji_VM2ij_BIAS_True_INLINE_True_COMPORDER_option_5_ap_fixed_16_5_,ok,0,447,2026-10-02 20:38:43
GEMM_config_M64_K64_N128_UM1_UK8_UN8_GORDna_VM1ji_VM2ij_BIAS_False_INLINE_True_COMPORDER_option_1_ap_fixed_16_5_,ok,0,544,2026-10-02 20:38:52
GEMM_config_M64_K64_N128_UM1_UK8_UN8_GORDna_VM1ji_VM2ij_BIAS_False_INLINE_True_COMPORDER_option_5_ap_fixed_16_5_,ok,0,547,2026-10-02 20:38:57
GEMM_config_M64_K64_N128_UM1_UK8_UN8_GORDna_VM1ji_VM2ji_BIAS_True_INLINE_True_COMPORDER_option_5_ap_fixed_16_5_,ok,0,543,2026-10-02 20:38:58
GEMM_config_M64_K64_N128_UM1_UK8_UN8_GORDjki_VM1ji_VM2na_BIAS_True_INLINE_True_COMPORDER_option_2_ap_fixed_16_5_,ok,0,683,2026-10-02 20:40:37
GEMM_config_M64_K64_N128_UM8_UK1_UN8_GORDna_VM1ij_VM2ij_BIAS_False_INLINE_True_COMPORDER_option_4_ap_fixed_16_5_,ok,0,481,2026-10-02 20:41:54
GEMM_config_M64_K64_N128_UM8_UK1_UN8_GORDijk_VM1ij_VM2na_BIAS_False_INLINE_True_COMPORDER_option_3_ap_fixed_16_5_,ok,0,624,2026-10-02 20:41:59
GEMM_config_M64_K64_N128_UM8_UK1_UN8_GORDna_VM1ij_VM2ji_BIAS_True_INLINE_True_COMPORDER_option_1_ap_fixed_16_5_,ok,0,494,2026-10-02 20:42:17
GEMM_config_M64_K64_N128_UM8_UK1_UN8_GORDijk_VM1ij_VM2na_BIAS_True_INLINE_True_COMPORDER_option_2_ap_fixed_16_5_,ok,0,644,2026-10-02 20:42:30
GEMM_config_M64_K64_N128_UM8_UK1_UN8_GORDjik_VM1ji_VM2na_BIAS_False_INLINE_True_COMPORDER_option_2_ap_fixed_16_5_,ok,0,628,2026-10-02 20:42:49
GEMM_config_M64_K64_N128_UM8_UK1_UN8_GORDjik_VM1ji_VM2na_BIAS_True_INLINE_True_COMPORDER_option_2_ap_fixed_16_5_,ok,0,640,2026-10-02 20:43:29
GEMM_config_M64_K64_N64_UM1_UK1_UN1_GORDijk_VM1ij_VM2na_BIAS_False_INLINE_True_COMPORDER_option_2_ap_fixed_16_5_,ok,0,444,2026-10-02 20:43:35
GEMM_config_M64_K64_N128_UM8_UK8_UN1_GORDna_VM1ij_VM2ji_BIAS_False_INLINE_True_COMPORDER_option_5_ap_fixed_16_5_,ok,0,489,2026-10-02 20:43:37
GEMM_config_M64_K64_N128_UM8_UK1_UN8_GORDjik_VM1ji_VM2na_BIAS_False_INLINE_True_COMPORDER_option_3_ap_fixed_16_5_,ok,0,653,2026-10-02 20:43:38
GEMM_config_M64_K64_N128_UM8_UK8_UN1_GORDna_VM1ji_VM2ij_BIAS_False_INLINE_True_COMPORDER_option_5_ap_fixed_16_5_,ok,0,483,2026-10-02 20:43:40
GEMM_config_M64_K64_N128_UM8_UK1_UN8_GORDna_VM1ji_VM2ji_BIAS_False_INLINE_True_COMPORDER_option_5_ap_fixed_16_5_,ok,0,577,2026-10-02 20:43:42
GEMM_config_M64_K64_N128_UM8_UK1_UN8_GORDna_VM1ij_VM2ji_BIAS_False_INLINE_True_COMPORDER_option_5_ap_fixed_16_5_,ok,0,583,2026-10-02 20:43:44
GEMM_config_M64_K64_N128_UM8_UK8_UN1_GORDjki_VM1ji_VM2na_BIAS_False_INLINE_True_COMPORDER_option_3_ap_fixed_16_5_,ok,0,548,2026-10-02 20:43:52
GEMM_config_M64_K64_N128_UM8_UK1_UN8_GORDjki_VM1ji_VM2na_BIAS_True_INLINE_True_COMPORDER_option_2_ap_fixed_16_5_,ok,0,649,2026-10-02 20:43:55
GEMM_config_M64_K64_N128_UM8_UK8_UN1_GORDkji_VM1ji_VM2na_BIAS_False_INLINE_True_COMPORDER_option_2_ap_fixed_16_5_,ok,0,531,2026-10-02 20:43:55
GEMM_config_M64_K64_N128_UM8_UK8_UN1_GORDikj_VM1ij_VM2na_BIAS_False_INLINE_True_COMPORDER_option_3_ap_fixed_16_5_,ok,0,575,2026-10-02 20:44:04
GEMM_config_M64_K64_N128_UM8_UK8_UN1_GORDkji_VM1ji_VM2na_BIAS_False_INLINE_True_COMPORDER_option_3_ap_fixed_16_5_,ok,0,544,2026-10-02 20:44:13
GEMM_config_M64_K64_N128_UM8_UK8_UN1_GORDkji_VM1ji_VM2na_BIAS_True_INLINE_True_COMPORDER_option_3_ap_fixed_16_5_,ok,0,548,2026-10-02 20:44:22
GEMM_config_M64_K64_N128_UM8_UK8_UN1_GORDna_VM1ij_VM2ij_BIAS_False_INLINE_True_COMPORDER_option_1_ap_fixed_16_5_,ok,0,546,2026-10-02 20:44:28
GEMM_config_M64_K64_N128_UM8_UK8_UN1_GORDna_VM1ij_VM2ji_BIAS_False_INLINE_True_COMPORDER_option_1_ap_fixed_16_5_,ok,0,557,2026-10-02 20:44:42
GEMM_config_M64_K64_N128_UM8_UK1_UN8_GORDkji_VM1ji_VM2na_BIAS_True_INLINE_True_COMPORDER_option_2_ap_fixed_16_5_,ok,0,656,2026-10-02 20:44:46
GEMM_config_M64_K64_N128_UM8_UK8_UN1_GORDna_VM1ji_VM2ij_BIAS_False_INLINE_True_COMPORDER_option_1_ap_fixed_16_5_,ok,0,558,2026-10-02 20:44:47
GEMM_config_M64_K64_N128_UM8_UK1_UN8_GORDkji_VM1ji_VM2na_BIAS_False_INLINE_True_COMPORDER_option_3_ap_fixed_16_5_,ok,0,676,2026-10-02 20:44:48
GEMM_config_M64_K64_N128_UM8_UK8_UN1_GORDna_VM1ji_VM2ij_BIAS_True_INLINE_True_COMPORDER_option_4_ap_fixed_16_5_,ok,0,557,2026-10-02 20:44:56
GEMM_config_M64_K64_N64_UM1_UK1_UN1_GORDikj_VM1ij_VM2na_BIAS_False_INLINE_True_COMPORDER_option_2_ap_fixed_16_5_,ok,0,446,2026-10-02 20:45:09
GEMM_config_M64_K64_N64_UM1_UK1_UN1_GORDijk_VM1ij_VM2na_BIAS_False_INLINE_True_COMPORDER_option_3_ap_fixed_16_5_,ok,0,454,2026-10-02 20:45:09
GEMM_config_M64_K64_N64_UM1_UK1_UN1_GORDijk_VM1ij_VM2na_BIAS_True_INLINE_True_COMPORDER_option_2_ap_fixed_16_5_,ok,0,452,2026-10-02 20:45:11
GEMM_config_M64_K64_N64_UM1_UK1_UN1_GORDikj_VM1ij_VM2na_BIAS_False_INLINE_True_COMPORDER_option_3_ap_fixed_16_5_,ok,0,449,2026-10-02 20:45:14
GEMM_config_M64_K64_N64_UM1_UK1_UN1_GORDikj_VM1ij_VM2na_BIAS_True_INLINE_True_COMPORDER_option_3_ap_fixed_16_5_,ok,0,446,2026-10-02 20:45:20
GEMM_config_M64_K64_N64_UM1_UK1_UN1_GORDikj_VM1ij_VM2na_BIAS_True_INLINE_True_COMPORDER_option_2_ap_fixed_16_5_,ok,0,447,2026-10-02 20:45:20
GEMM_config_M64_K64_N64_UM1_UK1_UN1_GORDijk_VM1ij_VM2na_BIAS_True_INLINE_True_COMPORDER_option_3_ap_fixed_16_5_,ok,0,460,2026-10-02 20:45:22
GEMM_config_M64_K64_N64_UM1_UK1_UN1_GORDjik_VM1ji_VM2na_BIAS_False_INLINE_True_COMPORDER_option_2_ap_fixed_16_5_,ok,0,447,2026-10-02 20:45:27
GEMM_config_M64_K128_N64_UM8_UK8_UN8_GORDikj_VM1ij_VM2na_BIAS_False_INLINE_True_COMPORDER_option_3_ap_fixed_16_5_,ok,0,1616,2026-10-02 20:45:28
GEMM_config_M64_K128_N64_UM8_UK8_UN8_GORDijk_VM1ij_VM2na_BIAS_True_INLINE_True_COMPORDER_option_2_ap_fixed_16_5_,ok,0,1632,2026-10-02 20:45:43
GEMM_config_M64_K64_N64_UM1_UK1_UN1_GORDjik_VM1ji_VM2na_BIAS_False_INLINE_True_COMPORDER_option_3_ap_fixed_16_5_,ok,0,462,2026-10-02 20:45:52
GEMM_config_M64_K64_N64_UM1_UK1_UN1_GORDjik_VM1ji_VM2na_BIAS_True_INLINE_True_COMPORDER_option_2_ap_fixed_16_5_,ok,0,457,2026-10-02 20:45:52
GEMM_config_M64_K64_N64_UM1_UK1_UN1_GORDjik_VM1ji_VM2na_BIAS_True_INLINE_True_COMPORDER_option_3_ap_fixed_16_5_,ok,0,468,2026-10-02 20:46:07
GEMM_config_M64_K64_N64_UM1_UK1_UN1_GORDjki_VM1ji_VM2na_BIAS_False_INLINE_True_COMPORDER_option_2_ap_fixed_16_5_,ok,0,456,2026-10-02 20:46:10
GEMM_config_M64_K64_N64_UM1_UK1_UN1_GORDjki_VM1ji_VM2na_BIAS_False_INLINE_True_COMPORDER_option_3_ap_fixed_16_5_,ok,0,457,2026-10-02 20:46:12
GEMM_config_M64_K64_N128_UM8_UK8_UN1_GORDjik_VM1ji_VM2na_BIAS_True_INLINE_True_COMPORDER_option_2_ap_fixed_16_5_,ok,0,693,2026-10-02 20:46:15
GEMM_config_M64_K64_N64_UM1_UK1_UN1_GORDjki_VM1ji_VM2na_BIAS_True_INLINE_True_COMPORDER_option_2_ap_fixed_16_5_,ok,0,460,2026-10-02 20:46:15
GEMM_config_M64_K64_N64_UM1_UK1_UN1_GORDkij_VM1ij_VM2na_BIAS_False_INLINE_True_COMPORDER_option_3_ap_fixed_16_5_,ok,0,459,2026-10-02 20:46:21
GEMM_config_M64_K64_N64_UM1_UK1_UN1_GORDkij_VM1ij_VM2na_BIAS_False_INLINE_True_COMPORDER_option_2_ap_fixed_16_5_,ok,0,461,2026-10-02 20:46:22
GEMM_config_M64_K64_N64_UM1_UK1_UN1_GORDjki_VM1ji_VM2na_BIAS_True_INLINE_True_COMPORDER_option_3_ap_fixed_16_5_,ok,0,462,2026-10-02 20:46:22
GEMM_config_M64_K64_N64_UM1_UK1_UN1_GORDkji_VM1ji_VM2na_BIAS_False_INLINE_True_COMPORDER_option_2_ap_fixed_16_5_,ok,0,455,2026-10-02 20:46:33
GEMM_config_M64_K64_N128_UM8_UK8_UN8_GORDna_VM1ij_VM2ji_BIAS_False_INLINE_True_COMPORDER_option_5_ap_fixed_16_5_,ok,0,651,2026-10-02 20:46:35
GEMM_config_M64_K64_N128_UM8_UK8_UN8_GORDna_VM1ji_VM2ij_BIAS_False_INLINE_True_COMPORDER_option_5_ap_fixed_16_5_,ok,0,652,2026-10-02 20:46:40
GEMM_config_M64_K64_N64_UM1_UK1_UN1_GORDkij_VM1ij_VM2na_BIAS_True_INLINE_True_COMPORDER_option_3_ap_fixed_16_5_,ok,0,463,2026-10-02 20:46:41
GEMM_config_M64_K64_N64_UM1_UK1_UN1_GORDkij_VM1ij_VM2na_BIAS_True_INLINE_True_COMPORDER_option_2_ap_fixed_16_5_,ok,0,469,2026-10-02 20:46:42
GEMM_config_M64_K64_N128_UM8_UK1_UN8_GORDkij_VM1ij_VM2na_BIAS_False_INLINE_True_COMPORDER_option_3_ap_fixed_16_5_,ok,0,812,2026-10-02 20:46:42
GEMM_config_M64_K64_N128_UM8_UK8_UN8_GORDna_VM1ji_VM2ji_BIAS_False_INLINE_True_COMPORDER_option_1_ap_fixed_16_5_,ok,0,655,2026-10-02 20:46:44
GEMM_config_M64_K64_N128_UM8_UK1_UN8_GORDkij_VM1ij_VM2na_BIAS_True_INLINE_True_COMPORDER_option_2_ap_fixed_16_5_,ok,0,812,2026-10-02 20:46:52
GEMM_config_M64_K128_N64_UM8_UK8_UN8_GORDjki_VM1ji_VM2na_BIAS_False_INLINE_True_COMPORDER_option_3_ap_fixed_16_5_,ok,0,1701,2026-10-02 20:46:59
GEMM_config_M64_K64_N128_UM8_UK8_UN8_GORDna_VM1ji_VM2ji_BIAS_False_INLINE_True_COMPORDER_option_5_ap_fixed_16_5_,ok,0,663,2026-10-02 20:46:59
GEMM_config_M64_K64_N128_UM8_UK8_UN8_GORDna_VM1ji_VM2ji_BIAS_True_INLINE_True_COMPORDER_option_1_ap_fixed_16_5_,ok,0,670,2026-10-02 20:47:07
GEMM_config_M64_K64_N128_UM8_UK8_UN8_GORDna_VM1ji_VM2ji_BIAS_True_INLINE_True_COMPORDER_option_4_ap_fixed_16_5_,ok,0,664,2026-10-02 20:47:07
GEMM_config_M64_K128_N64_UM8_UK8_UN8_GORDkji_VM1ji_VM2na_BIAS_False_INLINE_True_COMPORDER_option_2_ap_fixed_16_5_,ok,0,1755,2026-10-02 20:47:58
GEMM_config_M64_K64_N128_UM8_UK8_UN1_GORDijk_VM1ij_VM2na_BIAS_True_INLINE_True_COMPORDER_option_3_ap_fixed_16_5_,ok,0,827,2026-10-02 20:48:05
GEMM_config_M64_K64_N64_UM1_UK1_UN1_GORDkji_VM1ji_VM2na_BIAS_False_INLINE_True_COMPORDER_option_3_ap_fixed_16_5_,ok,0,453,2026-10-02 20:48:09
GEMM_config_M64_K128_N64_UM8_UK8_UN8_GORDkij_VM1ij_VM2na_BIAS_False_INLINE_True_COMPORDER_option_2_ap_fixed_16_5_,ok,0,1794,2026-10-02 20:48:34
GEMM_config_M64_K128_N64_UM8_UK8_UN8_GORDijk_VM1ij_VM2na_BIAS_False_INLINE_True_COMPORDER_option_2_ap_fixed_16_5_,ok,0,1808,2026-10-02 20:48:36
GEMM_config_M64_K64_N64_UM1_UK1_UN1_GORDkji_VM1ji_VM2na_BIAS_True_INLINE_True_COMPORDER_option_2_ap_fixed_16_5_,ok,0,446,2026-10-02 20:49:20
GEMM_config_M64_K64_N64_UM1_UK1_UN1_GORDkji_VM1ji_VM2na_BIAS_True_INLINE_True_COMPORDER_option_3_ap_fixed_16_5_,ok,0,444,2026-10-02 20:49:23
GEMM_config_M64_K64_N64_UM1_UK1_UN1_GORDna_VM1ij_VM2ij_BIAS_False_INLINE_True_COMPORDER_option_1_ap_fixed_16_5_,ok,0,441,2026-10-02 20:49:39
GEMM_config_M64_K64_N64_UM1_UK1_UN1_GORDna_VM1ij_VM2ij_BIAS_False_INLINE_True_COMPORDER_option_4_ap_fixed_16_5_,ok,0,432,2026-10-02 20:49:42
GEMM_config_M64_K64_N64_UM1_UK1_UN1_GORDna_VM1ij_VM2ij_BIAS_False_INLINE_True_COMPORDER_option_5_ap_fixed_16_5_,ok,0,436,2026-10-02 20:50:05
GEMM_config_M64_K64_N64_UM1_UK1_UN1_GORDna_VM1ij_VM2ij_BIAS_True_INLINE_True_COMPORDER_option_5_ap_fixed_16_5_,ok,0,413,2026-10-02 20:50:30
GEMM_config_M64_K64_N64_UM1_UK1_UN1_GORDna_VM1ij_VM2ji_BIAS_True_INLINE_True_COMPORDER_option_1_ap_fixed_16_5_,ok,0,408,2026-10-02 20:50:31
GEMM_config_M64_K64_N64_UM1_UK1_UN1_GORDna_VM1ij_VM2ij_BIAS_True_INLINE_True_COMPORDER_option_1_ap_fixed_16_5_,ok,0,427,2026-10-02 20:50:35
GEMM_config_M64_K64_N64_UM1_UK1_UN1_GORDna_VM1ij_VM2ij_BIAS_True_INLINE_True_COMPORDER_option_4_ap_fixed_16_5_,ok,0,426,2026-10-02 20:50:41
GEMM_config_M64_K64_N64_UM1_UK1_UN1_GORDna_VM1ji_VM2ij_BIAS_False_INLINE_True_COMPORDER_option_1_ap_fixed_16_5_,ok,0,409,2026-10-02 20:50:44
GEMM_config_M64_K64_N64_UM1_UK1_UN1_GORDna_VM1ij_VM2ji_BIAS_False_INLINE_True_COMPORDER_option_1_ap_fixed_16_5_,ok,0,427,2026-10-02 20:50:45
GEMM_config_M64_K64_N64_UM1_UK1_UN1_GORDna_VM1ij_VM2ji_BIAS_False_INLINE_True_COMPORDER_option_4_ap_fixed_16_5_,ok,0,426,2026-10-02 20:50:46
GEMM_config_M64_K64_N64_UM1_UK1_UN1_GORDna_VM1ij_VM2ji_BIAS_True_INLINE_True_COMPORDER_option_5_ap_fixed_16_5_,ok,0,411,2026-10-02 20:50:46
GEMM_config_M64_K64_N64_UM1_UK1_UN1_GORDna_VM1ji_VM2ij_BIAS_False_INLINE_True_COMPORDER_option_4_ap_fixed_16_5_,ok,0,412,2026-10-02 20:50:56
GEMM_config_M64_K64_N64_UM1_UK1_UN1_GORDna_VM1ij_VM2ji_BIAS_True_INLINE_True_COMPORDER_option_4_ap_fixed_16_5_,ok,0,424,2026-10-02 20:50:56
GEMM_config_M64_K64_N64_UM1_UK1_UN1_GORDna_VM1ij_VM2ji_BIAS_False_INLINE_True_COMPORDER_option_5_ap_fixed_16_5_,ok,0,437,2026-10-02 20:50:59
GEMM_config_M64_K64_N64_UM1_UK1_UN1_GORDna_VM1ji_VM2ij_BIAS_False_INLINE_True_COMPORDER_option_5_ap_fixed_16_5_,ok,0,418,2026-10-02 20:51:11
GEMM_config_M64_K64_N64_UM1_UK1_UN1_GORDna_VM1ji_VM2ij_BIAS_True_INLINE_True_COMPORDER_option_1_ap_fixed_16_5_,ok,0,415,2026-10-02 20:51:17
GEMM_config_M64_K64_N64_UM1_UK1_UN1_GORDna_VM1ji_VM2ij_BIAS_True_INLINE_True_COMPORDER_option_4_ap_fixed_16_5_,ok,0,410,2026-10-02 20:51:18
GEMM_config_M64_K64_N64_UM1_UK1_UN1_GORDna_VM1ji_VM2ji_BIAS_False_INLINE_True_COMPORDER_option_5_ap_fixed_16_5_,ok,0,410,2026-10-02 20:51:38
GEMM_config_M64_K64_N64_UM1_UK1_UN1_GORDna_VM1ji_VM2ij_BIAS_True_INLINE_True_COMPORDER_option_5_ap_fixed_16_5_,ok,0,418,2026-10-02 20:51:40
GEMM_config_M64_K64_N64_UM1_UK1_UN1_GORDna_VM1ji_VM2ji_BIAS_False_INLINE_True_COMPORDER_option_1_ap_fixed_16_5_,ok,0,422,2026-10-02 20:51:48
GEMM_config_M64_K64_N64_UM1_UK1_UN1_GORDna_VM1ji_VM2ji_BIAS_False_INLINE_True_COMPORDER_option_4_ap_fixed_16_5_,ok,0,422,2026-10-02 20:51:49
GEMM_config_M64_K64_N64_UM1_UK1_UN1_GORDna_VM1ji_VM2ji_BIAS_True_INLINE_True_COMPORDER_option_1_ap_fixed_16_5_,ok,0,415,2026-10-02 20:51:50
GEMM_config_M64_K64_N64_UM1_UK1_UN1_GORDna_VM1ji_VM2ji_BIAS_True_INLINE_True_COMPORDER_option_5_ap_fixed_16_5_,ok,0,408,2026-10-02 20:51:57
GEMM_config_M64_K64_N64_UM1_UK1_UN1_GORDna_VM1ji_VM2ji_BIAS_True_INLINE_True_COMPORDER_option_4_ap_fixed_16_5_,ok,0,411,2026-10-02 20:52:00
GEMM_config_M64_K64_N64_UM1_UK1_UN8_GORDjik_VM1ji_VM2na_BIAS_False_INLINE_True_COMPORDER_option_2_ap_fixed_16_5_,ok,0,436,2026-10-02 20:52:27
GEMM_config_M64_K64_N64_UM1_UK1_UN8_GORDna_VM1ij_VM2ij_BIAS_True_INLINE_True_COMPORDER_option_5_ap_fixed_16_5_,ok,0,425,2026-10-02 20:52:33
GEMM_config_M64_K64_N64_UM1_UK1_UN8_GORDna_VM1ij_VM2ji_BIAS_False_INLINE_True_COMPORDER_option_4_ap_fixed_16_5_,ok,0,421,2026-10-02 20:52:44
GEMM_config_M64_K64_N64_UM1_UK1_UN8_GORDjik_VM1ji_VM2na_BIAS_True_INLINE_True_COMPORDER_option_2_ap_fixed_16_5_,ok,0,450,2026-10-02 20:52:44
GEMM_config_M64_K64_N64_UM1_UK8_UN1_GORDijk_VM1ij_VM2na_BIAS_True_INLINE_True_COMPORDER_option_2_ap_fixed_16_5_,ok,0,418,2026-10-02 20:52:50
GEMM_config_M64_K64_N64_UM1_UK1_UN8_GORDjki_VM1ji_VM2na_BIAS_True_INLINE_True_COMPORDER_option_3_ap_fixed_16_5_,ok,0,455,2026-10-02 20:52:55
GEMM_config_M64_K64_N64_UM1_UK1_UN8_GORDjki_VM1ji_VM2na_BIAS_False_INLINE_True_COMPORDER_option_2_ap_fixed_16_5_,ok,0,459,2026-10-02 20:52:59
GEMM_config_M64_K64_N64_UM1_UK1_UN8_GORDkji_VM1ji_VM2na_BIAS_True_INLINE_True_COMPORDER_option_3_ap_fixed_16_5_,ok,0,459,2026-10-02 20:53:06
GEMM_config_M64_K64_N64_UM1_UK8_UN1_GORDikj_VM1ij_VM2na_BIAS_False_INLINE_True_COMPORDER_option_2_ap_fixed_16_5_,ok,0,421,2026-10-02 20:53:08
GEMM_config_M64_K64_N64_UM1_UK1_UN8_GORDkji_VM1ji_VM2na_BIAS_True_INLINE_True_COMPORDER_option_2_ap_fixed_16_5_,ok,0,470,2026-10-02 20:53:12
GEMM_config_M64_K64_N64_UM1_UK1_UN8_GORDna_VM1ji_VM2ji_BIAS_False_INLINE_True_COMPORDER_option_5_ap_fixed_16_5_,ok,0,440,2026-10-02 20:53:12
GEMM_config_M64_K64_N64_UM1_UK8_UN1_GORDna_VM1ij_VM2ji_BIAS_True_INLINE_True_COMPORDER_option_1_ap_fixed_16_5_,ok,0,412,2026-10-02 20:53:14
GEMM_config_M64_K64_N64_UM1_UK8_UN1_GORDkij_VM1ij_VM2na_BIAS_True_INLINE_True_COMPORDER_option_2_ap_fixed_16_5_,ok,0,426,2026-10-02 20:53:15
GEMM_config_M64_K64_N64_UM1_UK8_UN1_GORDkji_VM1ji_VM2na_BIAS_True_INLINE_True_COMPORDER_option_2_ap_fixed_16_5_,ok,0,422,2026-10-02 20:53:17
GEMM_config_M64_K64_N64_UM1_UK8_UN1_GORDkji_VM1ji_VM2na_BIAS_False_INLINE_True_COMPORDER_option_3_ap_fixed_16_5_,ok,0,431,2026-10-02 20:53:22
GEMM_config_M64_K64_N64_UM1_UK8_UN1_GORDna_VM1ij_VM2ji_BIAS_True_INLINE_True_COMPORDER_option_5_ap_fixed_16_5_,ok,0,425,2026-10-02 20:53:27
GEMM_config_M64_K64_N64_UM1_UK8_UN1_GORDna_VM1ij_VM2ji_BIAS_True_INLINE_True_COMPORDER_option_4_ap_fixed_16_5_,ok,0,438,2026-10-02 20:53:40
GEMM_config_M64_K64_N64_UM1_UK8_UN1_GORDna_VM1ij_VM2ij_BIAS_True_INLINE_True_COMPORDER_option_1_ap_fixed_16_5_,ok,0,456,2026-10-02 20:53:51
GEMM_config_M64_K64_N64_UM1_UK8_UN1_GORDna_VM1ji_VM2ji_BIAS_True_INLINE_True_COMPORDER_option_4_ap_fixed_16_5_,ok,0,439,2026-10-02 20:53:54
GEMM_config_M64_K64_N64_UM1_UK8_UN1_GORDna_VM1ji_VM2ij_BIAS_False_INLINE_True_COMPORDER_option_1_ap_fixed_16_5_,ok,0,448,2026-10-02 20:54:01
GEMM_config_M64_K64_N64_UM1_UK8_UN8_GORDijk_VM1ij_VM2na_BIAS_False_INLINE_True_COMPORDER_option_2_ap_fixed_16_5_,ok,0,495,2026-10-02 20:54:55
GEMM_config_M64_K64_N64_UM1_UK8_UN8_GORDikj_VM1ij_VM2na_BIAS_True_INLINE_True_COMPORDER_option_2_ap_fixed_16_5_,ok,0,501,2026-10-02 20:55:02
GEMM_config_M64_K64_N64_UM1_UK8_UN8_GORDikj_VM1ij_VM2na_BIAS_True_INLINE_True_COMPORDER_option_3_ap_fixed_16_5_,ok,0,504,2026-10-02 20:55:05
GEMM_config_M64_K64_N64_UM1_UK8_UN8_GORDkij_VM1ij_VM2na_BIAS_False_INLINE_True_COMPORDER_option_2_ap_fixed_16_5_,ok,0,503,2026-10-02 20:55:07
GEMM_config_M64_K64_N64_UM1_UK8_UN8_GORDkij_VM1ij_VM2na_BIAS_False_INLINE_True_COMPORDER_option_3_ap_fixed_16_5_,ok,0,504,2026-10-02 20:55:16
GEMM_config_M64_K64_N64_UM8_UK1_UN1_GORDjik_VM1ji_VM2na_BIAS_True_INLINE_True_COMPORDER_option_2_ap_fixed_16_5_,ok,0,439,2026-10-02 20:55:17
GEMM_config_M64_K64_N64_UM1_UK8_UN8_GORDna_VM1ji_VM2ij_BIAS_True_INLINE_True_COMPORDER_option_4_ap_fixed_16_5_,ok,0,500,2026-10-02 20:55:26
GEMM_config_M64_K64_N64_UM1_UK8_UN8_GORDjik_VM1ji_VM2na_BIAS_False_INLINE_True_COMPORDER_option_2_ap_fixed_16_5_,ok,0,525,2026-10-02 20:55:27
GEMM_config_M64_K64_N64_UM8_UK1_UN1_GORDkji_VM1ji_VM2na_BIAS_False_INLINE_True_COMPORDER_option_3_ap_fixed_16_5_,ok,0,444,2026-10-02 20:55:33
GEMM_config_M64_K64_N64_UM1_UK8_UN8_GORDna_VM1ji_VM2ji_BIAS_True_INLINE_True_COMPORDER_option_1_ap_fixed_16_5_,ok,0,508,2026-10-02 20:55:35
GEMM_config_M64_K64_N64_UM1_UK8_UN8_GORDna_VM1ji_VM2ij_BIAS_True_INLINE_True_COMPORDER_option_1_ap_fixed_16_5_,ok,0,519,2026-10-02 20:55:38
GEMM_config_M64_K64_N64_UM8_UK1_UN1_GORDkij_VM1ij_VM2na_BIAS_False_INLINE_True_COMPORDER_option_2_ap_fixed_16_5_,ok,0,458,2026-10-02 20:55:43
GEMM_config_M64_K64_N64_UM8_UK1_UN1_GORDna_VM1ij_VM2ij_BIAS_True_INLINE_True_COMPORDER_option_4_ap_fixed_16_5_,ok,0,438,2026-10-02 20:55:53
GEMM_config_M64_K64_N64_UM8_UK1_UN1_GORDna_VM1ij_VM2ij_BIAS_False_INLINE_True_COMPORDER_option_5_ap_fixed_16_5_,ok,0,451,2026-10-02 20:56:05
GEMM_config_M64_K64_N64_UM8_UK1_UN1_GORDna_VM1ij_VM2ji_BIAS_False_INLINE_True_COMPORDER_option_4_ap_fixed_16_5_,ok,0,419,2026-10-02 20:56:19
GEMM_config_M64_K64_N64_UM8_UK1_UN1_GORDna_VM1ji_VM2ji_BIAS_False_INLINE_True_COMPORDER_option_1_ap_fixed_16_5_,ok,0,422,2026-10-02 20:56:41
GEMM_config_M64_K64_N64_UM8_UK1_UN1_GORDna_VM1ji_VM2ji_BIAS_True_INLINE_True_COMPORDER_option_1_ap_fixed_16_5_,ok,0,427,2026-10-02 20:56:48
GEMM_config_M64_K64_N64_UM8_UK1_UN1_GORDna_VM1ij_VM2ji_BIAS_True_INLINE_True_COMPORDER_option_5_ap_fixed_16_5_,ok,0,454,2026-10-02 20:56:56
GEMM_config_M64_K64_N64_UM1_UK8_UN8_GORDkji_VM1ji_VM2na_BIAS_False_INLINE_True_COMPORDER_option_3_ap_fixed_16_5_,ok,0,624,2026-10-02 20:57:23
GEMM_config_M64_K64_N64_UM8_UK1_UN8_GORDna_VM1ji_VM2ij_BIAS_True_INLINE_True_COMPORDER_option_1_ap_fixed_16_5_,ok,0,414,2026-10-02 20:57:39
GEMM_config_M64_K64_N64_UM8_UK1_UN8_GORDna_VM1ij_VM2ji_BIAS_True_INLINE_True_COMPORDER_option_1_ap_fixed_16_5_,ok,0,438,2026-10-02 20:58:02
GEMM_config_M64_K64_N128_UM8_UK8_UN8_GORDkji_VM1ji_VM2na_BIAS_False_INLINE_True_COMPORDER_option_3_ap_fixed_16_5_,ok,0,1406,2026-10-02 20:59:10
GEMM_config_M64_K64_N64_UM8_UK8_UN1_GORDna_VM1ij_VM2ji_BIAS_True_INLINE_True_COMPORDER_option_5_ap_fixed_16_5_,ok,0,462,2026-10-02 20:59:30
GEMM_config_M64_K64_N64_UM8_UK8_UN1_GORDna_VM1ij_VM2ij_BIAS_True_INLINE_True_COMPORDER_option_5_ap_fixed_16_5_,ok,0,473,2026-10-02 20:59:31
GEMM_config_M64_K64_N64_UM8_UK8_UN1_GORDkij_VM1ij_VM2na_BIAS_False_INLINE_True_COMPORDER_option_2_ap_fixed_16_5_,ok,0,506,2026-10-02 20:59:37
GEMM_config_M64_K64_N64_UM8_UK8_UN1_GORDkji_VM1ji_VM2na_BIAS_False_INLINE_True_COMPORDER_option_3_ap_fixed_16_5_,ok,0,515,2026-10-02 20:59:53
GEMM_config_M64_K64_N64_UM8_UK8_UN1_GORDkij_VM1ij_VM2na_BIAS_True_INLINE_True_COMPORDER_option_3_ap_fixed_16_5_,ok,0,517,2026-10-02 20:59:54
GEMM_config_M64_K64_N64_UM8_UK1_UN8_GORDijk_VM1ij_VM2na_BIAS_False_INLINE_True_COMPORDER_option_2_ap_fixed_16_5_,ok,0,603,2026-10-02 21:00:08
GEMM_config_M64_K64_N64_UM8_UK8_UN1_GORDna_VM1ji_VM2ij_BIAS_False_INLINE_True_COMPORDER_option_1_ap_fixed_16_5_,ok,0,518,2026-10-02 21:00:26
GEMM_config_M64_K64_N64_UM8_UK8_UN1_GORDna_VM1ji_VM2ij_BIAS_True_INLINE_True_COMPORDER_option_1_ap_fixed_16_5_,ok,0,517,2026-10-02 21:00:28
GEMM_config_M64_K64_N64_UM8_UK8_UN1_GORDna_VM1ij_VM2ji_BIAS_False_INLINE_True_COMPORDER_option_4_ap_fixed_16_5_,ok,0,541,2026-10-02 21:00:41
GEMM_config_M64_K64_N64_UM8_UK1_UN8_GORDjki_VM1ji_VM2na_BIAS_True_INLINE_True_COMPORDER_option_3_ap_fixed_16_5_,ok,0,631,2026-10-02 21:01:02
GEMM_config_M64_K64_N64_UM8_UK1_UN8_GORDjik_VM1ji_VM2na_BIAS_False_INLINE_True_COMPORDER_option_2_ap_fixed_16_5_,ok,0,652,2026-10-02 21:01:23
GEMM_config_M64_K64_N128_UM8_UK8_UN8_GORDikj_VM1ij_VM2na_BIAS_True_INLINE_True_COMPORDER_option_3_ap_fixed_16_5_,ok,0,1552,2026-10-02 21:01:31
GEMM_config_M64_K64_N64_UM8_UK8_UN1_GORDijk_VM1ij_VM2na_BIAS_True_INLINE_True_COMPORDER_option_2_ap_fixed_16_5_,ok,0,676,2026-10-02 21:02:02
GEMM_config_M64_K64_N64_UM8_UK8_UN1_GORDijk_VM1ij_VM2na_BIAS_False_INLINE_True_COMPORDER_option_2_ap_fixed_16_5_,ok,0,682,2026-10-02 21:02:08
GEMM_config_M64_K64_N64_UM8_UK8_UN1_GORDjik_VM1ji_VM2na_BIAS_False_INLINE_True_COMPORDER_option_2_ap_fixed_16_5_,ok,0,674,2026-10-02 21:02:10
GEMM_config_M64_K64_N64_UM8_UK8_UN1_GORDijk_VM1ij_VM2na_BIAS_True_INLINE_True_COMPORDER_option_3_ap_fixed_16_5_,ok,0,694,2026-10-02 21:02:30
GEMM_config_M64_K64_N64_UM8_UK8_UN8_GORDna_VM1ij_VM2ji_BIAS_False_INLINE_True_COMPORDER_option_5_ap_fixed_16_5_,ok,0,576,2026-10-02 21:02:31
GEMM_config_M64_K64_N64_UM8_UK8_UN1_GORDjik_VM1ji_VM2na_BIAS_True_INLINE_True_COMPORDER_option_3_ap_fixed_16_5_,ok,0,694,2026-10-02 21:02:33
GEMM_config_M64_K64_N64_UM8_UK8_UN8_GORDna_VM1ji_VM2ij_BIAS_False_INLINE_True_COMPORDER_option_5_ap_fixed_16_5_,ok,0,574,2026-10-02 21:02:33
GEMM_config_M64_K64_N64_UM8_UK8_UN8_GORDna_VM1ji_VM2ij_BIAS_True_INLINE_True_COMPORDER_option_4_ap_fixed_16_5_,ok,0,569,2026-10-02 21:02:35
GEMM_config_M64_K64_N64_UM8_UK8_UN8_GORDna_VM1ji_VM2ji_BIAS_False_INLINE_True_COMPORDER_option_4_ap_fixed_16_5_,ok,0,568,2026-10-02 21:02:36
GEMM_config_M64_K64_N64_UM8_UK1_UN8_GORDkij_VM1ij_VM2na_BIAS_False_INLINE_True_COMPORDER_option_3_ap_fixed_16_5_,ok,0,725,2026-10-02 21:02:40
GEMM_config_M64_K64_N128_UM8_UK8_UN8_GORDjki_VM1ji_VM2na_BIAS_False_INLINE_True_COMPORDER_option_2_ap_fixed_16_5_,ok,0,1629,2026-10-02 21:02:50
GEMM_config_M64_K64_N64_UM8_UK1_UN8_GORDkij_VM1ij_VM2na_BIAS_True_INLINE_True_COMPORDER_option_2_ap_fixed_16_5_,ok,0,755,2026-10-02 21:03:16
GEMM_config_M64_K64_N64_UM8_UK8_UN8_GORDikj_VM1ij_VM2na_BIAS_False_INLINE_True_COMPORDER_option_3_ap_fixed_16_5_,ok,0,1413,2026-10-02 21:15:33
GEMM_config_M64_K64_N64_UM8_UK8_UN8_GORDkij_VM1ij_VM2na_BIAS_True_INLINE_True_COMPORDER_option_3_ap_fixed_16_5_,ok,0,1409,2026-10-02 21:16:14
GEMM_config_M64_K64_N64_UM8_UK8_UN8_GORDikj_VM1ij_VM2na_BIAS_False_INLINE_True_COMPORDER_option_2_ap_fixed_16_5_,ok,0,1482,2026-10-02 21:16:39
GEMM_config_M64_K64_N64_UM8_UK8_UN8_GORDkij_VM1ij_VM2na_BIAS_False_INLINE_True_COMPORDER_option_2_ap_fixed_16_5_,ok,0,1437,2026-10-02 21:16:41
GEMM_config_M64_K64_N64_UM8_UK8_UN8_GORDikj_VM1ij_VM2na_BIAS_True_INLINE_True_COMPORDER_option_3_ap_fixed_16_5_,ok,0,1462,2026-10-02 21:16:49
GEMM_config_M64_K64_N64_UM8_UK8_UN8_GORDkji_VM1ji_VM2na_BIAS_True_INLINE_True_COMPORDER_option_2_ap_fixed_16_5_,ok,0,1444,2026-10-02 21:16:54
GEMM_config_M64_K64_N64_UM8_UK8_UN8_GORDjki_VM1ji_VM2na_BIAS_False_INLINE_True_COMPORDER_option_2_ap_fixed_16_5_,ok,0,1539,2026-10-02 21:18:12
