design,status,rc,seconds,finished_at
ATTN_config_S16_D128_H16_HD32_G2_rms_norm_ROPEFalse_UHD2_ap_fixed_16_5_,ok,0,908,2026-10-01 17:46:47
ATTN_config_S16_D128_H16_HD16_G1_rms_norm_ROPEFalse_UHD2_ap_fixed_16_5_,ok,0,914,2026-10-01 17:46:52
ATTN_config_S16_D128_H16_HD16_G2_rms_norm_ROPEFalse_UHD1_ap_fixed_16_5_,ok,0,914,2026-10-01 17:46:53
ATTN_config_S16_D128_H16_HD64_G1_rms_norm_ROPEFalse_UHD1_ap_fixed_16_5_,ok,0,926,2026-10-01 17:47:05
ATTN_config_S16_D128_H16_HD16_G4_rms_norm_ROPEFalse_UHD4_ap_fixed_16_5_,ok,0,931,2026-10-01 17:47:09
ATTN_config_S16_D128_H16_HD32_G2_layer_norm_ROPEFalse_UHD1_ap_fixed_16_5_,ok,0,936,2026-10-01 17:47:14
ATTN_config_S16_D128_H16_HD16_G2_rms_norm_ROPEFalse_UHD4_ap_fixed_16_5_,ok,0,943,2026-10-01 17:47:21
ATTN_config_S16_D128_H32_HD16_G1_layer_norm_ROPEFalse_UHD1_ap_fixed_16_5_,ok,0,950,2026-10-01 17:47:29
ATTN_config_S16_D128_H16_HD16_G4_layer_norm_ROPEFalse_UHD2_ap_fixed_16_5_,ok,0,957,2026-10-01 17:47:35
ATTN_config_S16_D128_H16_HD32_G2_rms_norm_ROPETrue_UHD2_ap_fixed_16_5_,ok,0,964,2026-10-01 17:47:42
ATTN_config_S16_D128_H16_HD16_G2_layer_norm_ROPEFalse_UHD4_ap_fixed_16_5_,ok,0,968,2026-10-01 17:47:46
ATTN_config_S16_D128_H16_HD16_G1_rms_norm_ROPETrue_UHD4_ap_fixed_16_5_,ok,0,971,2026-10-01 17:47:49
ATTN_config_S16_D128_H16_HD16_G1_layer_norm_ROPEFalse_UHD4_ap_fixed_16_5_,ok,0,971,2026-10-01 17:47:49
ATTN_config_S16_D128_H16_HD64_G4_rms_norm_ROPEFalse_UHD4_ap_fixed_16_5_,ok,0,971,2026-10-01 17:47:50
ATTN_config_S16_D128_H16_HD64_G1_layer_norm_ROPEFalse_UHD2_ap_fixed_16_5_,ok,0,972,2026-10-01 17:47:51
ATTN_config_S16_D128_H16_HD16_G1_rms_norm_ROPEFalse_UHD8_ap_fixed_16_5_,ok,0,972,2026-10-01 17:47:51
ATTN_config_S16_D128_H16_HD16_G2_rms_norm_ROPETrue_UHD4_ap_fixed_16_5_,ok,0,978,2026-10-01 17:47:56
ATTN_config_S16_D128_H16_HD32_G4_rms_norm_ROPEFalse_UHD8_ap_fixed_16_5_,ok,0,981,2026-10-01 17:48:00
ATTN_config_S16_D128_H32_HD16_G1_layer_norm_ROPETrue_UHD2_ap_fixed_16_5_,ok,0,987,2026-10-01 17:48:05
ATTN_config_S16_D128_H16_HD32_G4_rms_norm_ROPETrue_UHD4_ap_fixed_16_5_,ok,0,995,2026-10-01 17:48:13
ATTN_config_S16_D128_H16_HD32_G1_layer_norm_ROPETrue_UHD2_ap_fixed_16_5_,ok,0,1003,2026-10-01 17:48:21
ATTN_config_S16_D128_H16_HD64_G1_layer_norm_ROPETrue_UHD1_ap_fixed_16_5_,ok,0,1015,2026-10-01 17:48:34
ATTN_config_S16_D128_H16_HD64_G2_layer_norm_ROPETrue_UHD2_ap_fixed_16_5_,ok,0,1017,2026-10-01 17:48:36
ATTN_config_S16_D128_H16_HD32_G4_layer_norm_ROPEFalse_UHD4_ap_fixed_16_5_,ok,0,1026,2026-10-01 17:48:44
ATTN_config_S16_D128_H16_HD64_G4_layer_norm_ROPEFalse_UHD4_ap_fixed_16_5_,ok,0,1027,2026-10-01 17:48:45
ATTN_config_S16_D128_H16_HD16_G1_layer_norm_ROPEFalse_UHD8_ap_fixed_16_5_,ok,0,1047,2026-10-01 17:49:06
ATTN_config_S16_D128_H16_HD64_G4_layer_norm_ROPEFalse_UHD8_ap_fixed_16_5_,ok,0,1064,2026-10-01 17:49:22
ATTN_config_S16_D128_H16_HD32_G2_layer_norm_ROPETrue_UHD4_ap_fixed_16_5_,ok,0,1072,2026-10-01 17:49:30
ATTN_config_S16_D128_H16_HD16_G1_rms_norm_ROPETrue_UHD8_ap_fixed_16_5_,ok,0,1086,2026-10-01 17:49:45
ATTN_config_S16_D128_H16_HD64_G1_layer_norm_ROPETrue_UHD4_ap_fixed_16_5_,ok,0,1090,2026-10-01 17:49:48
ATTN_config_S16_D128_H16_HD32_G4_layer_norm_ROPETrue_UHD8_ap_fixed_16_5_,ok,0,1121,2026-10-01 17:50:20
ATTN_config_S16_D128_H16_HD64_G2_rms_norm_ROPETrue_UHD8_ap_fixed_16_5_,ok,0,1145,2026-10-01 17:50:43
ATTN_config_S16_D128_H32_HD16_G1_rms_norm_ROPEFalse_UHD1_ap_fixed_16_5_,ok,0,732,2026-10-01 17:59:05
ATTN_config_S16_D128_H32_HD32_G4_rms_norm_ROPEFalse_UHD1_ap_fixed_16_5_,ok,0,796,2026-10-01 18:01:37
ATTN_config_S16_D128_H32_HD16_G4_rms_norm_ROPEFalse_UHD4_ap_fixed_16_5_,ok,0,859,2026-10-01 18:01:40
ATTN_config_S16_D128_H32_HD16_G1_rms_norm_ROPEFalse_UHD8_ap_fixed_16_5_,ok,0,900,2026-10-01 18:01:52
ATTN_config_S16_D128_H32_HD32_G1_rms_norm_ROPEFalse_UHD2_ap_fixed_16_5_,ok,0,855,2026-10-01 18:01:57
ATTN_config_S16_D128_H32_HD32_G1_layer_norm_ROPEFalse_UHD1_ap_fixed_16_5_,ok,0,872,2026-10-01 18:02:01
ATTN_config_S16_D128_H32_HD32_G2_layer_norm_ROPEFalse_UHD1_ap_fixed_16_5_,ok,0,872,2026-10-01 18:02:21
ATTN_config_S16_D128_H32_HD16_G4_layer_norm_ROPETrue_UHD1_ap_fixed_16_5_,ok,0,909,2026-10-01 18:02:24
ATTN_config_S16_D128_H32_HD32_G4_layer_norm_ROPEFalse_UHD1_ap_fixed_16_5_,ok,0,863,2026-10-01 18:02:28
ATTN_config_S16_D128_H32_HD32_G2_layer_norm_ROPEFalse_UHD2_ap_fixed_16_5_,ok,0,881,2026-10-01 18:02:31
ATTN_config_S16_D128_H32_HD16_G1_rms_norm_ROPETrue_UHD4_ap_fixed_16_5_,ok,0,948,2026-10-01 18:02:53
ATTN_config_S16_D128_H32_HD32_G2_rms_norm_ROPETrue_UHD1_ap_fixed_16_5_,ok,0,905,2026-10-01 18:03:01
ATTN_config_S16_D128_H32_HD32_G4_rms_norm_ROPEFalse_UHD4_ap_fixed_16_5_,ok,0,888,2026-10-01 18:03:22
ATTN_config_S16_D128_H32_HD32_G2_layer_norm_ROPEFalse_UHD4_ap_fixed_16_5_,ok,0,949,2026-10-01 18:03:39
ATTN_config_S16_D128_H32_HD32_G1_rms_norm_ROPEFalse_UHD8_ap_fixed_16_5_,ok,0,971,2026-10-01 18:03:57
ATTN_config_S16_D128_H32_HD32_G2_rms_norm_ROPETrue_UHD2_ap_fixed_16_5_,ok,0,964,2026-10-01 18:04:03
ATTN_config_S16_D128_H32_HD32_G2_layer_norm_ROPETrue_UHD2_ap_fixed_16_5_,ok,0,981,2026-10-01 18:04:11
ATTN_config_S16_D128_H32_HD16_G1_layer_norm_ROPETrue_UHD8_ap_fixed_16_5_,ok,0,1066,2026-10-01 18:04:33
ATTN_config_S16_D128_H32_HD32_G4_rms_norm_ROPEFalse_UHD8_ap_fixed_16_5_,ok,0,977,2026-10-01 18:04:53
ATTN_config_S16_D128_H32_HD64_G1_layer_norm_ROPEFalse_UHD4_ap_fixed_16_5_,ok,0,995,2026-10-01 18:05:19
ATTN_config_S16_D128_H32_HD16_G2_layer_norm_ROPETrue_UHD8_ap_fixed_16_5_,ok,0,1095,2026-10-01 18:05:24
ATTN_config_S16_D128_H32_HD64_G1_rms_norm_ROPETrue_UHD4_ap_fixed_16_5_,ok,0,1002,2026-10-01 18:05:27
ATTN_config_S16_D128_H32_HD32_G4_layer_norm_ROPETrue_UHD4_ap_fixed_16_5_,ok,0,1048,2026-10-01 18:05:41
ATTN_config_S16_D128_H32_HD64_G2_rms_norm_ROPEFalse_UHD8_ap_fixed_16_5_,ok,0,1006,2026-10-01 18:06:08
ATTN_config_S16_D128_H32_HD64_G2_rms_norm_ROPETrue_UHD2_ap_fixed_16_5_,ok,0,1001,2026-10-01 18:06:11
ATTN_config_S16_D128_H32_HD64_G4_rms_norm_ROPETrue_UHD1_ap_fixed_16_5_,ok,0,949,2026-10-01 18:06:32
ATTN_config_S16_D128_H32_HD64_G2_layer_norm_ROPEFalse_UHD8_ap_fixed_16_5_,ok,0,1052,2026-10-01 18:06:38
ATTN_config_S16_D128_H32_HD32_G1_layer_norm_ROPETrue_UHD8_ap_fixed_16_5_,ok,0,1154,2026-10-01 18:06:49
ATTN_config_S16_D128_H32_HD64_G4_rms_norm_ROPEFalse_UHD8_ap_fixed_16_5_,ok,0,992,2026-10-01 18:06:51
ATTN_config_S16_D128_H32_HD64_G4_layer_norm_ROPETrue_UHD2_ap_fixed_16_5_,ok,0,1042,2026-10-01 18:07:07
ATTN_config_S16_D128_H32_HD32_G2_layer_norm_ROPETrue_UHD8_ap_fixed_16_5_,ok,0,1164,2026-10-01 18:07:14
ATTN_config_S16_D128_H32_HD64_G4_layer_norm_ROPETrue_UHD8_ap_fixed_16_5_,ok,0,1143,2026-10-01 18:08:51
ATTN_config_S16_D128_H8_HD16_G1_rms_norm_ROPEFalse_UHD8_ap_fixed_16_5_,ok,0,868,2026-10-01 18:13:32
ATTN_config_S16_D128_H8_HD16_G2_rms_norm_ROPEFalse_UHD2_ap_fixed_16_5_,ok,0,730,2026-10-01 18:14:11
ATTN_config_S16_D128_H8_HD16_G1_rms_norm_ROPETrue_UHD2_ap_fixed_16_5_,ok,0,807,2026-10-01 18:15:04
ATTN_config_S16_D128_H8_HD16_G2_layer_norm_ROPEFalse_UHD4_ap_fixed_16_5_,ok,0,827,2026-10-01 18:15:27
ATTN_config_S16_D128_H8_HD16_G2_rms_norm_ROPETrue_UHD1_ap_fixed_16_5_,ok,0,813,2026-10-01 18:15:55
ATTN_config_S16_D128_H8_HD16_G4_layer_norm_ROPEFalse_UHD4_ap_fixed_16_5_,ok,0,843,2026-10-01 18:16:26
ATTN_config_S16_D128_H8_HD16_G4_rms_norm_ROPETrue_UHD1_ap_fixed_16_5_,ok,0,815,2026-10-01 18:16:28
ATTN_config_S16_D128_H8_HD16_G4_rms_norm_ROPEFalse_UHD8_ap_fixed_16_5_,ok,0,860,2026-10-01 18:16:51
ATTN_config_S16_D128_H8_HD16_G2_layer_norm_ROPETrue_UHD2_ap_fixed_16_5_,ok,0,902,2026-10-01 18:16:55
ATTN_config_S16_D128_H8_HD32_G1_layer_norm_ROPEFalse_UHD4_ap_fixed_16_5_,ok,0,844,2026-10-01 18:17:05
ATTN_config_S16_D128_H8_HD16_G4_layer_norm_ROPETrue_UHD2_ap_fixed_16_5_,ok,0,899,2026-10-01 18:17:27
ATTN_config_S16_D128_H8_HD32_G1_rms_norm_ROPETrue_UHD2_ap_fixed_16_5_,ok,0,847,2026-10-01 18:17:45
ATTN_config_S16_D128_H8_HD32_G2_layer_norm_ROPEFalse_UHD2_ap_fixed_16_5_,ok,0,829,2026-10-01 18:17:52
ATTN_config_S16_D128_H8_HD32_G4_rms_norm_ROPEFalse_UHD1_ap_fixed_16_5_,ok,0,755,2026-10-01 18:18:02
ATTN_config_S16_D128_H8_HD16_G2_layer_norm_ROPETrue_UHD8_ap_fixed_16_5_,ok,0,999,2026-10-01 18:18:36
ATTN_config_S16_D128_H8_HD32_G1_rms_norm_ROPETrue_UHD4_ap_fixed_16_5_,ok,0,881,2026-10-01 18:18:38
ATTN_config_S16_D128_H8_HD32_G2_layer_norm_ROPEFalse_UHD4_ap_fixed_16_5_,ok,0,878,2026-10-01 18:18:50
ATTN_config_S16_D128_H8_HD32_G1_layer_norm_ROPEFalse_UHD8_ap_fixed_16_5_,ok,0,931,2026-10-01 18:18:53
ATTN_config_S16_D128_H8_HD32_G2_layer_norm_ROPETrue_UHD2_ap_fixed_16_5_,ok,0,884,2026-10-01 18:19:17
ATTN_config_S16_D128_H8_HD32_G4_rms_norm_ROPEFalse_UHD4_ap_fixed_16_5_,ok,0,823,2026-10-01 18:19:23
ATTN_config_S16_D128_H8_HD64_G2_rms_norm_ROPEFalse_UHD1_ap_fixed_16_5_,ok,0,767,2026-10-01 18:19:36
ATTN_config_S16_D128_H8_HD64_G1_rms_norm_ROPEFalse_UHD2_ap_fixed_16_5_,ok,0,796,2026-10-01 18:19:48
ATTN_config_S16_D128_H8_HD32_G4_layer_norm_ROPEFalse_UHD4_ap_fixed_16_5_,ok,0,871,2026-10-01 18:19:50
ATTN_config_S16_D128_H8_HD64_G1_layer_norm_ROPEFalse_UHD4_ap_fixed_16_5_,ok,0,884,2026-10-01 18:20:56
ATTN_config_S16_D128_H8_HD64_G2_rms_norm_ROPETrue_UHD2_ap_fixed_16_5_,ok,0,851,2026-10-01 18:21:02
ATTN_config_S16_D128_H8_HD64_G4_layer_norm_ROPETrue_UHD2_ap_fixed_16_5_,ok,0,884,2026-10-01 18:21:51
ATTN_config_S16_D128_H8_HD32_G4_layer_norm_ROPETrue_UHD8_ap_fixed_16_5_,ok,0,996,2026-10-01 18:22:00
ATTN_config_S16_D128_H8_HD32_G2_layer_norm_ROPETrue_UHD8_ap_fixed_16_5_,ok,0,1028,2026-10-01 18:22:01
ATTN_config_S16_D128_H8_HD32_G4_rms_norm_ROPETrue_UHD8_ap_fixed_16_5_,ok,0,953,2026-10-01 18:22:01
ATTN_config_S16_D128_H8_HD64_G4_layer_norm_ROPETrue_UHD4_ap_fixed_16_5_,ok,0,910,2026-10-01 18:22:24
ATTN_config_S16_D128_H8_HD64_G1_rms_norm_ROPETrue_UHD8_ap_fixed_16_5_,ok,0,961,2026-10-01 18:22:39
ATTN_config_S16_D128_H8_HD64_G4_layer_norm_ROPETrue_UHD8_ap_fixed_16_5_,ok,0,992,2026-10-01 18:25:23
ATTN_config_S16_D128_H8_HD64_G4_rms_norm_ROPEFalse_UHD2_ap_fixed_16_5_,ok,0,762,2026-10-01 18:26:14
ATTN_config_S16_D256_H16_HD16_G1_layer_norm_ROPEFalse_UHD2_ap_fixed_16_5_,ok,0,818,2026-10-01 18:27:48
ATTN_config_S16_D256_H16_HD16_G1_rms_norm_ROPEFalse_UHD1_ap_fixed_16_5_,ok,0,725,2026-10-01 18:28:33
ATTN_config_S16_D256_H16_HD16_G1_layer_norm_ROPEFalse_UHD4_ap_fixed_16_5_,ok,0,854,2026-10-01 18:29:18
ATTN_config_S16_D256_H16_HD16_G4_rms_norm_ROPETrue_UHD2_ap_fixed_16_5_,fail,1,596,2026-10-01 18:29:32
ATTN_config_S16_D256_H16_HD16_G1_layer_norm_ROPEFalse_UHD8_ap_fixed_16_5_,ok,0,906,2026-10-01 18:30:34
ATTN_config_S16_D256_H16_HD16_G2_layer_norm_ROPEFalse_UHD2_ap_fixed_16_5_,ok,0,821,2026-10-01 18:30:46
ATTN_config_S16_D256_H16_HD16_G1_rms_norm_ROPETrue_UHD2_ap_fixed_16_5_,ok,0,861,2026-10-01 18:31:15
ATTN_config_S16_D256_H16_HD16_G1_rms_norm_ROPEFalse_UHD8_ap_fixed_16_5_,ok,0,869,2026-10-01 18:31:19
ATTN_config_S16_D256_H16_HD16_G1_layer_norm_ROPETrue_UHD2_ap_fixed_16_5_,ok,0,925,2026-10-01 18:31:20
ATTN_config_S16_D256_H16_HD16_G1_layer_norm_ROPETrue_UHD4_ap_fixed_16_5_,ok,0,928,2026-10-01 18:31:54
ATTN_config_S16_D256_H16_HD16_G4_rms_norm_ROPEFalse_UHD1_ap_fixed_16_5_,ok,0,769,2026-10-01 18:32:06
ATTN_config_S16_D256_H16_HD16_G2_layer_norm_ROPEFalse_UHD4_ap_fixed_16_5_,ok,0,880,2026-10-01 18:32:06
ATTN_config_S16_D256_H16_HD16_G4_rms_norm_ROPEFalse_UHD4_ap_fixed_16_5_,ok,0,813,2026-10-01 18:32:56
ATTN_config_S16_D256_H16_HD16_G2_layer_norm_ROPEFalse_UHD8_ap_fixed_16_5_,ok,0,940,2026-10-01 18:33:25
ATTN_config_S16_D256_H16_HD16_G2_layer_norm_ROPETrue_UHD4_ap_fixed_16_5_,ok,0,941,2026-10-01 18:33:34
ATTN_config_S16_D256_H16_HD16_G2_rms_norm_ROPETrue_UHD2_ap_fixed_16_5_,ok,0,901,2026-10-01 18:33:37
ATTN_config_S16_D256_H16_HD16_G4_layer_norm_ROPETrue_UHD1_ap_fixed_16_5_,ok,0,906,2026-10-01 18:33:56
ATTN_config_S16_D256_H16_HD32_G1_layer_norm_ROPEFalse_UHD2_ap_fixed_16_5_,ok,0,861,2026-10-01 18:34:09
ATTN_config_S16_D256_H16_HD16_G4_layer_norm_ROPEFalse_UHD8_ap_fixed_16_5_,ok,0,950,2026-10-01 18:34:28
ATTN_config_S16_D256_H16_HD16_G2_layer_norm_ROPETrue_UHD8_ap_fixed_16_5_,ok,0,1051,2026-10-01 18:35:33
ATTN_config_S16_D256_H16_HD32_G4_rms_norm_ROPEFalse_UHD2_ap_fixed_16_5_,ok,0,840,2026-10-01 18:36:01
ATTN_config_S16_D256_H16_HD32_G1_layer_norm_ROPEFalse_UHD8_ap_fixed_16_5_,ok,0,981,2026-10-01 18:36:11
ATTN_config_S16_D256_H16_HD32_G2_rms_norm_ROPETrue_UHD1_ap_fixed_16_5_,ok,0,869,2026-10-01 18:36:20
ATTN_config_S16_D256_H16_HD16_G4_layer_norm_ROPETrue_UHD8_ap_fixed_16_5_,ok,0,1054,2026-10-01 18:36:27
ATTN_config_S16_D256_H16_HD32_G4_rms_norm_ROPETrue_UHD1_ap_fixed_16_5_,ok,0,866,2026-10-01 18:36:28
ATTN_config_S16_D256_H16_HD32_G1_rms_norm_ROPEFalse_UHD8_ap_fixed_16_5_,ok,0,946,2026-10-01 18:36:42
ATTN_config_S16_D256_H16_HD32_G2_layer_norm_ROPETrue_UHD1_ap_fixed_16_5_,ok,0,941,2026-10-01 18:36:43
ATTN_config_S16_D256_H16_HD32_G4_layer_norm_ROPEFalse_UHD4_ap_fixed_16_5_,ok,0,929,2026-10-01 18:37:29
ATTN_config_S16_D256_H16_HD32_G4_rms_norm_ROPETrue_UHD2_ap_fixed_16_5_,ok,0,912,2026-10-01 18:37:36
ATTN_config_S16_D256_H16_HD64_G1_layer_norm_ROPEFalse_UHD4_ap_fixed_16_5_,ok,0,955,2026-10-01 18:38:33
ATTN_config_S16_D256_H16_HD64_G1_rms_norm_ROPEFalse_UHD4_ap_fixed_16_5_,ok,0,862,2026-10-01 18:39:45
ATTN_config_S16_D256_H16_HD64_G1_rms_norm_ROPETrue_UHD1_ap_fixed_16_5_,ok,0,871,2026-10-01 18:40:45
ATTN_config_S16_D256_H16_HD64_G2_layer_norm_ROPEFalse_UHD1_ap_fixed_16_5_,ok,0,871,2026-10-01 18:42:19
ATTN_config_S16_D256_H16_HD64_G2_layer_norm_ROPEFalse_UHD2_ap_fixed_16_5_,ok,0,877,2026-10-01 18:43:10
ATTN_config_S16_D256_H16_HD64_G2_rms_norm_ROPETrue_UHD1_ap_fixed_16_5_,ok,0,875,2026-10-01 18:44:07
ATTN_config_S16_D256_H16_HD64_G2_layer_norm_ROPEFalse_UHD4_ap_fixed_16_5_,ok,0,926,2026-10-01 18:44:44
ATTN_config_S16_D256_H32_HD16_G1_layer_norm_ROPEFalse_UHD1_ap_fixed_16_5_,ok,0,826,2026-10-01 18:45:05
ATTN_config_S16_D256_H16_HD64_G2_rms_norm_ROPETrue_UHD2_ap_fixed_16_5_,ok,0,905,2026-10-01 18:45:39
ATTN_config_S16_D256_H16_HD64_G4_rms_norm_ROPETrue_UHD1_ap_fixed_16_5_,ok,0,891,2026-10-01 18:46:07
ATTN_config_S16_D256_H32_HD16_G1_layer_norm_ROPETrue_UHD1_ap_fixed_16_5_,ok,0,889,2026-10-01 18:46:09
ATTN_config_S16_D256_H32_HD16_G2_rms_norm_ROPEFalse_UHD2_ap_fixed_16_5_,ok,0,803,2026-10-01 18:47:00
ATTN_config_S16_D256_H32_HD16_G1_layer_norm_ROPETrue_UHD2_ap_fixed_16_5_,ok,0,917,2026-10-01 18:47:11
ATTN_config_S16_D256_H32_HD16_G1_rms_norm_ROPEFalse_UHD8_ap_fixed_16_5_,ok,0,905,2026-10-01 18:47:12
ATTN_config_S16_D256_H32_HD16_G2_rms_norm_ROPEFalse_UHD4_ap_fixed_16_5_,ok,0,836,2026-10-01 18:47:52
ATTN_config_S16_D256_H16_HD64_G2_rms_norm_ROPETrue_UHD8_ap_fixed_16_5_,ok,0,1040,2026-10-01 18:48:06
ATTN_config_S16_D256_H32_HD16_G1_layer_norm_ROPETrue_UHD4_ap_fixed_16_5_,ok,0,974,2026-10-01 18:48:20
ATTN_config_S16_D256_H32_HD16_G2_layer_norm_ROPETrue_UHD1_ap_fixed_16_5_,ok,0,910,2026-10-01 18:48:35
ATTN_config_S16_D256_H32_HD16_G2_rms_norm_ROPETrue_UHD1_ap_fixed_16_5_,ok,0,872,2026-10-01 18:49:01
ATTN_config_S16_D256_H32_HD16_G2_layer_norm_ROPEFalse_UHD8_ap_fixed_16_5_,ok,0,967,2026-10-01 18:49:03
ATTN_config_S16_D256_H32_HD16_G2_rms_norm_ROPEFalse_UHD8_ap_fixed_16_5_,ok,0,897,2026-10-01 18:49:06
ATTN_config_S16_D256_H32_HD16_G4_rms_norm_ROPEFalse_UHD1_ap_fixed_16_5_,ok,0,772,2026-10-01 18:49:19
ATTN_config_S16_D256_H32_HD16_G2_layer_norm_ROPETrue_UHD4_ap_fixed_16_5_,ok,0,981,2026-10-01 18:49:54
ATTN_config_S16_D256_H32_HD16_G4_rms_norm_ROPEFalse_UHD2_ap_fixed_16_5_,ok,0,822,2026-10-01 18:50:10
ATTN_config_S16_D256_H32_HD16_G4_layer_norm_ROPEFalse_UHD2_ap_fixed_16_5_,ok,0,880,2026-10-01 18:50:41
ATTN_config_S16_D256_H32_HD16_G2_rms_norm_ROPETrue_UHD4_ap_fixed_16_5_,ok,0,934,2026-10-01 18:51:07
ATTN_config_S16_D256_H32_HD16_G4_layer_norm_ROPEFalse_UHD4_ap_fixed_16_5_,ok,0,912,2026-10-01 18:51:24
ATTN_config_S16_D256_H32_HD32_G1_layer_norm_ROPEFalse_UHD1_ap_fixed_16_5_,ok,0,882,2026-10-01 18:51:25
ATTN_config_S16_D256_H32_HD16_G4_rms_norm_ROPETrue_UHD2_ap_fixed_16_5_,ok,0,892,2026-10-01 18:51:34
ATTN_config_S16_D256_H32_HD16_G4_layer_norm_ROPETrue_UHD1_ap_fixed_16_5_,ok,0,930,2026-10-01 18:51:50
ATTN_config_S16_D256_H32_HD32_G1_rms_norm_ROPETrue_UHD1_ap_fixed_16_5_,ok,0,902,2026-10-01 18:52:31
ATTN_config_S16_D256_H32_HD32_G1_rms_norm_ROPETrue_UHD4_ap_fixed_16_5_,ok,0,964,2026-10-01 18:53:40
ATTN_config_S16_D256_H32_HD32_G2_rms_norm_ROPETrue_UHD1_ap_fixed_16_5_,ok,0,883,2026-10-01 18:54:28
ATTN_config_S16_D256_H32_HD32_G2_rms_norm_ROPETrue_UHD2_ap_fixed_16_5_,ok,0,899,2026-10-01 18:55:44
ATTN_config_S16_D256_H32_HD32_G4_layer_norm_ROPEFalse_UHD2_ap_fixed_16_5_,ok,0,897,2026-10-01 18:57:16
ATTN_config_S16_D256_H32_HD32_G2_layer_norm_ROPETrue_UHD8_ap_fixed_16_5_,ok,0,1129,2026-10-01 18:57:22
ATTN_config_S16_D256_H32_HD32_G4_layer_norm_ROPEFalse_UHD4_ap_fixed_16_5_,ok,0,909,2026-10-01 18:58:19
ATTN_config_S16_D256_H32_HD32_G4_layer_norm_ROPETrue_UHD1_ap_fixed_16_5_,ok,0,943,2026-10-01 18:59:50
ATTN_config_S16_D256_H32_HD32_G4_layer_norm_ROPETrue_UHD2_ap_fixed_16_5_,ok,0,957,2026-10-01 19:00:40
ATTN_config_S16_D256_H32_HD32_G4_rms_norm_ROPETrue_UHD4_ap_fixed_16_5_,ok,0,974,2026-10-01 19:01:52
ATTN_config_S16_D256_H8_HD16_G1_layer_norm_ROPEFalse_UHD1_ap_fixed_16_5_,ok,0,816,2026-10-01 19:01:57
ATTN_config_S16_D256_H32_HD64_G1_layer_norm_ROPEFalse_UHD2_ap_fixed_16_5_,ok,0,998,2026-10-01 19:02:45
ATTN_config_S16_D256_H8_HD16_G2_layer_norm_ROPEFalse_UHD2_ap_fixed_16_5_,ok,0,845,2026-10-01 19:03:11
ATTN_config_S16_D256_H32_HD64_G1_layer_norm_ROPEFalse_UHD4_ap_fixed_16_5_,ok,0,1030,2026-10-01 19:03:19
ATTN_config_S16_D256_H8_HD16_G2_rms_norm_ROPEFalse_UHD1_ap_fixed_16_5_,ok,0,791,2026-10-01 19:03:21
ATTN_config_S16_D256_H8_HD16_G1_rms_norm_ROPETrue_UHD1_ap_fixed_16_5_,ok,0,883,2026-10-01 19:03:45
ATTN_config_S16_D256_H32_HD32_G4_layer_norm_ROPETrue_UHD8_ap_fixed_16_5_,ok,0,1128,2026-10-01 19:03:53
ATTN_config_S16_D256_H8_HD16_G1_layer_norm_ROPETrue_UHD1_ap_fixed_16_5_,ok,0,922,2026-10-01 19:04:23
ATTN_config_S16_D256_H8_HD16_G1_layer_norm_ROPEFalse_UHD8_ap_fixed_16_5_,ok,0,947,2026-10-01 19:04:23
ATTN_config_S16_D256_H8_HD16_G2_rms_norm_ROPETrue_UHD1_ap_fixed_16_5_,ok,0,840,2026-10-01 19:04:41
ATTN_config_S16_D256_H32_HD64_G2_layer_norm_ROPEFalse_UHD4_ap_fixed_16_5_,ok,0,1056,2026-10-01 19:04:47
ATTN_config_S16_D256_H32_HD64_G4_rms_norm_ROPETrue_UHD2_ap_fixed_16_5_,ok,0,1035,2026-10-01 19:05:07
ATTN_config_S16_D256_H8_HD16_G2_layer_norm_ROPETrue_UHD2_ap_fixed_16_5_,ok,0,916,2026-10-01 19:05:10
ATTN_config_S16_D256_H8_HD16_G2_layer_norm_ROPEFalse_UHD8_ap_fixed_16_5_,ok,0,965,2026-10-01 19:05:24
ATTN_config_S16_D256_H8_HD16_G2_rms_norm_ROPETrue_UHD2_ap_fixed_16_5_,ok,0,858,2026-10-01 19:05:25
ATTN_config_S16_D256_H8_HD16_G4_rms_norm_ROPEFalse_UHD2_ap_fixed_16_5_,ok,0,816,2026-10-01 19:05:26
ATTN_config_S16_D256_H32_HD64_G2_layer_norm_ROPEFalse_UHD8_ap_fixed_16_5_,ok,0,1097,2026-10-01 19:05:29
ATTN_config_S16_D256_H32_HD64_G1_layer_norm_ROPEFalse_UHD8_ap_fixed_16_5_,ok,0,1111,2026-10-01 19:05:31
ATTN_config_S16_D256_H32_HD64_G4_rms_norm_ROPETrue_UHD4_ap_fixed_16_5_,ok,0,1062,2026-10-01 19:05:49
ATTN_config_S16_D256_H8_HD16_G4_layer_norm_ROPETrue_UHD1_ap_fixed_16_5_,ok,0,893,2026-10-01 19:06:18
ATTN_config_S16_D256_H8_HD16_G4_rms_norm_ROPETrue_UHD1_ap_fixed_16_5_,ok,0,837,2026-10-01 19:06:29
ATTN_config_S16_D256_H8_HD16_G4_layer_norm_ROPEFalse_UHD8_ap_fixed_16_5_,ok,0,954,2026-10-01 19:07:18
ATTN_config_S16_D256_H8_HD16_G4_rms_norm_ROPETrue_UHD2_ap_fixed_16_5_,ok,0,842,2026-10-01 19:07:42
ATTN_config_S16_D256_H8_HD32_G1_layer_norm_ROPEFalse_UHD1_ap_fixed_16_5_,ok,0,810,2026-10-01 19:07:58
ATTN_config_S16_D256_H8_HD16_G4_layer_norm_ROPETrue_UHD8_ap_fixed_16_5_,ok,0,1078,2026-10-01 19:09:32
ATTN_config_S16_D256_H8_HD32_G1_layer_norm_ROPEFalse_UHD4_ap_fixed_16_5_,ok,0,874,2026-10-01 19:10:18
ATTN_config_S16_D256_H8_HD32_G2_layer_norm_ROPEFalse_UHD1_ap_fixed_16_5_,ok,0,808,2026-10-01 19:10:50
ATTN_config_S16_D256_H8_HD32_G2_rms_norm_ROPEFalse_UHD4_ap_fixed_16_5_,ok,0,804,2026-10-01 19:11:43
ATTN_config_S16_D256_H8_HD32_G1_layer_norm_ROPETrue_UHD2_ap_fixed_16_5_,ok,0,940,2026-10-01 19:12:56
ATTN_config_S16_D256_H8_HD32_G4_layer_norm_ROPETrue_UHD1_ap_fixed_16_5_,ok,0,864,2026-10-01 19:15:05
ATTN_config_S16_D256_H8_HD32_G4_layer_norm_ROPEFalse_UHD8_ap_fixed_16_5_,ok,0,922,2026-10-01 19:15:12
ATTN_config_S16_D256_H8_HD32_G4_rms_norm_ROPETrue_UHD1_ap_fixed_16_5_,ok,0,825,2026-10-01 19:15:37
ATTN_config_S16_D256_H8_HD64_G1_rms_norm_ROPEFalse_UHD1_ap_fixed_16_5_,ok,0,786,2026-10-01 19:16:51
ATTN_config_S16_D256_H8_HD64_G1_rms_norm_ROPEFalse_UHD4_ap_fixed_16_5_,ok,0,860,2026-10-01 19:18:13
ATTN_config_S16_D256_H8_HD64_G1_layer_norm_ROPEFalse_UHD4_ap_fixed_16_5_,ok,0,935,2026-10-01 19:18:20
ATTN_config_S16_D256_H8_HD64_G4_rms_norm_ROPEFalse_UHD1_ap_fixed_16_5_,ok,0,798,2026-10-01 19:18:28
ATTN_config_S16_D256_H8_HD64_G1_layer_norm_ROPETrue_UHD1_ap_fixed_16_5_,ok,0,920,2026-10-01 19:18:31
ATTN_config_S16_D256_H8_HD32_G4_rms_norm_ROPETrue_UHD8_ap_fixed_16_5_,ok,0,998,2026-10-01 19:18:35
ATTN_config_S16_D512_H16_HD16_G1_rms_norm_ROPEFalse_UHD1_ap_fixed_16_5_,ok,0,787,2026-10-01 19:18:36
ATTN_config_S16_D256_H8_HD64_G2_layer_norm_ROPEFalse_UHD1_ap_fixed_16_5_,ok,0,866,2026-10-01 19:18:48
ATTN_config_S16_D256_H8_HD64_G1_layer_norm_ROPETrue_UHD2_ap_fixed_16_5_,ok,0,961,2026-10-01 19:19:19
ATTN_config_S16_D256_H8_HD64_G4_layer_norm_ROPEFalse_UHD2_ap_fixed_16_5_,ok,0,879,2026-10-01 19:19:26
ATTN_config_S16_D256_H8_HD64_G2_rms_norm_ROPETrue_UHD1_ap_fixed_16_5_,ok,0,917,2026-10-01 19:19:39
ATTN_config_S16_D256_H8_HD64_G1_layer_norm_ROPETrue_UHD4_ap_fixed_16_5_,ok,0,979,2026-10-01 19:19:40
ATTN_config_S16_D512_H16_HD16_G2_layer_norm_ROPEFalse_UHD4_ap_fixed_16_5_,ok,0,905,2026-10-01 19:20:37
ATTN_config_S16_D512_H16_HD16_G1_layer_norm_ROPETrue_UHD2_ap_fixed_16_5_,ok,0,956,2026-10-01 19:21:22
ATTN_config_S16_D512_H16_HD16_G1_layer_norm_ROPEFalse_UHD8_ap_fixed_16_5_,ok,0,958,2026-10-01 19:21:23
ATTN_config_S16_D512_H16_HD16_G4_layer_norm_ROPEFalse_UHD1_ap_fixed_16_5_,ok,0,848,2026-10-01 19:21:26
ATTN_config_S16_D256_H8_HD64_G2_rms_norm_ROPETrue_UHD8_ap_fixed_16_5_,ok,0,1006,2026-10-01 19:21:27
ATTN_config_S16_D512_H16_HD16_G4_rms_norm_ROPEFalse_UHD2_ap_fixed_16_5_,ok,0,815,2026-10-01 19:21:33
ATTN_config_S16_D512_H16_HD16_G2_layer_norm_ROPETrue_UHD1_ap_fixed_16_5_,ok,0,947,2026-10-01 19:21:36
ATTN_config_S16_D256_H8_HD64_G4_layer_norm_ROPETrue_UHD4_ap_fixed_16_5_,ok,0,997,2026-10-01 19:21:44
ATTN_config_S16_D512_H16_HD16_G2_rms_norm_ROPEFalse_UHD8_ap_fixed_16_5_,ok,0,921,2026-10-01 19:21:49
ATTN_config_S16_D512_H16_HD16_G2_layer_norm_ROPETrue_UHD2_ap_fixed_16_5_,ok,0,936,2026-10-01 19:21:54
ATTN_config_S16_D256_H8_HD64_G4_rms_norm_ROPETrue_UHD8_ap_fixed_16_5_,ok,0,1012,2026-10-01 19:22:16
ATTN_config_S16_D512_H16_HD16_G4_rms_norm_ROPETrue_UHD1_ap_fixed_16_5_,ok,0,841,2026-10-01 19:23:33
ATTN_config_S16_D512_H16_HD16_G4_layer_norm_ROPEFalse_UHD8_ap_fixed_16_5_,ok,0,953,2026-10-01 19:23:36
ATTN_config_S16_D512_H16_HD16_G4_rms_norm_ROPETrue_UHD4_ap_fixed_16_5_,ok,0,926,2026-10-01 19:25:44
ATTN_config_S16_D512_H16_HD32_G1_layer_norm_ROPEFalse_UHD1_ap_fixed_16_5_,ok,0,855,2026-10-01 19:25:58
ATTN_config_S16_D512_H16_HD16_G4_rms_norm_ROPETrue_UHD8_ap_fixed_16_5_,ok,0,1033,2026-10-01 19:28:02
ATTN_config_S16_D512_H16_HD32_G1_rms_norm_ROPEFalse_UHD2_ap_fixed_16_5_,ok,0,836,2026-10-01 19:29:00
ATTN_config_S16_D512_H16_HD32_G1_layer_norm_ROPETrue_UHD4_ap_fixed_16_5_,ok,0,988,2026-10-01 19:29:25
ATTN_config_S16_D512_H16_HD32_G1_rms_norm_ROPETrue_UHD1_ap_fixed_16_5_,ok,0,858,2026-10-01 19:29:30
ATTN_config_S16_D512_H16_HD32_G1_rms_norm_ROPETrue_UHD4_ap_fixed_16_5_,ok,0,934,2026-10-01 19:31:10
ATTN_config_S16_D512_H16_HD32_G2_layer_norm_ROPEFalse_UHD4_ap_fixed_16_5_,ok,0,898,2026-10-01 19:31:50
ATTN_config_S16_D512_H16_HD32_G4_layer_norm_ROPEFalse_UHD1_ap_fixed_16_5_,ok,0,921,2026-10-01 19:33:40
ATTN_config_S16_D512_H16_HD32_G4_rms_norm_ROPETrue_UHD2_ap_fixed_16_5_,ok,0,929,2026-10-01 19:34:00
ATTN_config_S16_D512_H16_HD32_G4_rms_norm_ROPETrue_UHD1_ap_fixed_16_5_,ok,0,935,2026-10-01 19:34:03
ATTN_config_S16_D512_H16_HD32_G2_layer_norm_ROPETrue_UHD1_ap_fixed_16_5_,ok,0,972,2026-10-01 19:34:25
ATTN_config_S16_D512_H16_HD64_G2_rms_norm_ROPEFalse_UHD1_ap_fixed_16_5_,ok,0,933,2026-10-01 19:34:52
ATTN_config_S16_D512_H16_HD32_G4_rms_norm_ROPETrue_UHD4_ap_fixed_16_5_,ok,0,1004,2026-10-01 19:35:19
ATTN_config_S16_D512_H16_HD64_G1_rms_norm_ROPETrue_UHD1_ap_fixed_16_5_,ok,0,1005,2026-10-01 19:35:21
ATTN_config_S16_D512_H16_HD64_G4_layer_norm_ROPEFalse_UHD1_ap_fixed_16_5_,ok,0,970,2026-10-01 19:35:36
ATTN_config_S16_D512_H32_HD16_G1_rms_norm_ROPEFalse_UHD1_ap_fixed_16_5_,ok,0,874,2026-10-01 19:36:07
ATTN_config_S16_D512_H32_HD16_G1_rms_norm_ROPEFalse_UHD2_ap_fixed_16_5_,ok,0,881,2026-10-01 19:36:17
ATTN_config_S16_D512_H16_HD64_G4_rms_norm_ROPEFalse_UHD2_ap_fixed_16_5_,ok,0,953,2026-10-01 19:37:15
ATTN_config_S16_D512_H16_HD64_G2_layer_norm_ROPETrue_UHD4_ap_fixed_16_5_,ok,0,1122,2026-10-01 19:37:30
ATTN_config_S16_D512_H16_HD64_G4_rms_norm_ROPEFalse_UHD4_ap_fixed_16_5_,ok,0,972,2026-10-01 19:37:34
ATTN_config_S16_D512_H32_HD16_G1_layer_norm_ROPETrue_UHD1_ap_fixed_16_5_,ok,0,983,2026-10-01 19:37:50
ATTN_config_S16_D512_H16_HD64_G4_layer_norm_ROPETrue_UHD4_ap_fixed_16_5_,ok,0,1116,2026-10-01 19:38:16
ATTN_config_S16_D512_H16_HD64_G4_rms_norm_ROPETrue_UHD2_ap_fixed_16_5_,ok,0,1018,2026-10-01 19:38:24
ATTN_config_S16_D512_H32_HD16_G1_rms_norm_ROPEFalse_UHD8_ap_fixed_16_5_,ok,0,1008,2026-10-01 19:38:32
ATTN_config_S16_D512_H16_HD64_G4_layer_norm_ROPEFalse_UHD8_ap_fixed_16_5_,ok,0,1138,2026-10-01 19:38:37
ATTN_config_S16_D512_H32_HD16_G4_layer_norm_ROPEFalse_UHD1_ap_fixed_16_5_,ok,0,905,2026-10-01 19:38:38
ATTN_config_S16_D512_H32_HD16_G4_layer_norm_ROPEFalse_UHD2_ap_fixed_16_5_,ok,0,927,2026-10-01 19:39:03
ATTN_config_S16_D512_H32_HD16_G2_rms_norm_ROPETrue_UHD2_ap_fixed_16_5_,ok,0,1012,2026-10-01 19:39:08
ATTN_config_S16_D512_H32_HD16_G2_layer_norm_ROPEFalse_UHD8_ap_fixed_16_5_,ok,0,1050,2026-10-01 19:39:20
ATTN_config_S16_D512_H32_HD16_G2_layer_norm_ROPETrue_UHD1_ap_fixed_16_5_,ok,0,1054,2026-10-01 19:39:29
ATTN_config_S16_D512_H16_HD64_G4_layer_norm_ROPETrue_UHD8_ap_fixed_16_5_,ok,0,1254,2026-10-01 19:41:31
ATTN_config_S16_D512_H32_HD16_G4_layer_norm_ROPETrue_UHD2_ap_fixed_16_5_,ok,0,967,2026-10-01 19:41:51
ATTN_config_S16_D512_H32_HD16_G4_rms_norm_ROPETrue_UHD4_ap_fixed_16_5_,ok,0,1006,2026-10-01 19:42:45
ATTN_config_S16_D512_H32_HD16_G4_rms_norm_ROPETrue_UHD8_ap_fixed_16_5_,ok,0,1029,2026-10-01 19:45:11
ATTN_config_S16_D512_H32_HD32_G1_layer_norm_ROPEFalse_UHD4_ap_fixed_16_5_,ok,0,989,2026-10-01 19:45:30
ATTN_config_S16_D512_H32_HD32_G1_rms_norm_ROPETrue_UHD4_ap_fixed_16_5_,ok,0,1042,2026-10-01 19:46:51
ATTN_config_S16_D512_H32_HD32_G1_rms_norm_ROPEFalse_UHD8_ap_fixed_16_5_,ok,0,1078,2026-10-01 19:47:23
ATTN_config_S16_D512_H32_HD32_G2_layer_norm_ROPEFalse_UHD4_ap_fixed_16_5_,ok,0,1025,2026-10-01 19:48:15
ATTN_config_S16_D512_H32_HD32_G4_rms_norm_ROPEFalse_UHD1_ap_fixed_16_5_,ok,0,870,2026-10-01 19:48:55
ATTN_config_S16_D512_H32_HD32_G2_layer_norm_ROPETrue_UHD1_ap_fixed_16_5_,ok,0,1027,2026-10-01 19:48:56
ATTN_config_S16_D512_H32_HD32_G2_rms_norm_ROPEFalse_UHD4_ap_fixed_16_5_,ok,0,927,2026-10-01 19:49:07
ATTN_config_S16_D512_H32_HD32_G4_layer_norm_ROPEFalse_UHD1_ap_fixed_16_5_,ok,0,938,2026-10-01 19:49:41
ATTN_config_S16_D512_H32_HD32_G2_rms_norm_ROPETrue_UHD1_ap_fixed_16_5_,ok,0,953,2026-10-01 19:49:53
ATTN_config_S16_D512_H32_HD32_G4_rms_norm_ROPETrue_UHD1_ap_fixed_16_5_,ok,0,965,2026-10-01 19:50:57
ATTN_config_S16_D512_H8_HD16_G1_rms_norm_ROPEFalse_UHD1_ap_fixed_16_5_,ok,0,783,2026-10-01 19:52:06
ATTN_config_S16_D512_H8_HD16_G1_rms_norm_ROPETrue_UHD1_ap_fixed_16_5_,ok,0,850,2026-10-01 19:53:18
ATTN_config_S16_D512_H32_HD64_G1_rms_norm_ROPEFalse_UHD4_ap_fixed_16_5_,ok,0,1072,2026-10-01 19:53:59
ATTN_config_S16_D512_H32_HD32_G4_rms_norm_ROPETrue_UHD8_ap_fixed_16_5_,ok,0,1194,2026-10-01 19:55:13
ATTN_config_S16_D512_H8_HD16_G2_layer_norm_ROPEFalse_UHD8_ap_fixed_16_5_,ok,0,966,2026-10-01 19:55:35
ATTN_config_S16_D512_H32_HD64_G4_layer_norm_ROPEFalse_UHD1_ap_fixed_16_5_,ok,0,1095,2026-10-01 19:55:50
ATTN_config_S16_D512_H8_HD16_G1_rms_norm_ROPETrue_UHD8_ap_fixed_16_5_,ok,0,1023,2026-10-01 19:56:23
ATTN_config_S16_D512_H32_HD64_G4_rms_norm_ROPEFalse_UHD2_ap_fixed_16_5_,ok,0,1073,2026-10-01 19:56:30
ATTN_config_S16_D512_H32_HD64_G1_layer_norm_ROPETrue_UHD2_ap_fixed_16_5_,ok,0,1294,2026-10-01 19:56:55
ATTN_config_S16_D512_H8_HD16_G2_rms_norm_ROPEFalse_UHD4_ap_fixed_16_5_,ok,0,851,2026-10-01 19:56:55
ATTN_config_S16_D512_H32_HD64_G1_layer_norm_ROPETrue_UHD4_ap_fixed_16_5_,ok,0,1282,2026-10-01 19:56:58
ATTN_config_S16_D512_H32_HD64_G2_rms_norm_ROPETrue_UHD2_ap_fixed_16_5_,ok,0,1207,2026-10-01 19:57:22
ATTN_config_S16_D512_H32_HD64_G1_rms_norm_ROPETrue_UHD2_ap_fixed_16_5_,ok,0,1273,2026-10-01 19:57:30
ATTN_config_S16_D512_H32_HD64_G4_layer_norm_ROPEFalse_UHD8_ap_fixed_16_5_,ok,0,1183,2026-10-01 19:57:33
ATTN_config_S16_D512_H8_HD16_G2_layer_norm_ROPETrue_UHD2_ap_fixed_16_5_,ok,0,1011,2026-10-01 19:58:22
ATTN_config_S16_D512_H32_HD64_G2_rms_norm_ROPETrue_UHD4_ap_fixed_16_5_,ok,0,1266,2026-10-01 19:58:37
ATTN_config_S16_D512_H32_HD64_G4_rms_norm_ROPETrue_UHD2_ap_fixed_16_5_,ok,0,1213,2026-10-01 19:58:51
ATTN_config_S16_D512_H8_HD16_G2_layer_norm_ROPETrue_UHD4_ap_fixed_16_5_,ok,0,1024,2026-10-01 19:58:54
ATTN_config_S16_D512_H32_HD64_G4_layer_norm_ROPETrue_UHD2_ap_fixed_16_5_,ok,0,1270,2026-10-01 19:59:26
ATTN_config_S16_D512_H32_HD64_G4_layer_norm_ROPETrue_UHD4_ap_fixed_16_5_,ok,0,1265,2026-10-01 19:59:29
ATTN_config_S16_D512_H8_HD16_G2_rms_norm_ROPEFalse_UHD8_ap_fixed_16_5_,ok,0,888,2026-10-01 19:59:59
ATTN_config_S16_D512_H8_HD16_G4_layer_norm_ROPEFalse_UHD4_ap_fixed_16_5_,ok,0,893,2026-10-01 20:00:23
ATTN_config_S16_D512_H32_HD64_G4_layer_norm_ROPETrue_UHD8_ap_fixed_16_5_,ok,0,1387,2026-10-01 20:01:39
ATTN_config_S16_D512_H8_HD16_G4_rms_norm_ROPETrue_UHD1_ap_fixed_16_5_,ok,0,843,2026-10-01 20:02:18
ATTN_config_S16_D512_H8_HD16_G4_rms_norm_ROPEFalse_UHD8_ap_fixed_16_5_,ok,0,927,2026-10-01 20:02:50
ATTN_config_S16_D512_H8_HD16_G4_layer_norm_ROPEFalse_UHD8_ap_fixed_16_5_,ok,0,964,2026-10-01 20:02:55
ATTN_config_S16_D512_H8_HD32_G1_layer_norm_ROPEFalse_UHD2_ap_fixed_16_5_,ok,0,888,2026-10-01 20:03:43
ATTN_config_S16_D512_H8_HD32_G1_rms_norm_ROPEFalse_UHD4_ap_fixed_16_5_,ok,0,853,2026-10-01 20:03:54
ATTN_config_S16_D512_H8_HD32_G1_layer_norm_ROPEFalse_UHD4_ap_fixed_16_5_,ok,0,918,2026-10-01 20:04:15
ATTN_config_S16_D512_H8_HD32_G1_rms_norm_ROPEFalse_UHD8_ap_fixed_16_5_,ok,0,924,2026-10-01 20:05:18
ATTN_config_S16_D512_H8_HD32_G1_layer_norm_ROPETrue_UHD8_ap_fixed_16_5_,ok,0,1031,2026-10-01 20:06:18
ATTN_config_S16_D512_H8_HD32_G1_rms_norm_ROPETrue_UHD8_ap_fixed_16_5_,ok,0,972,2026-10-01 20:07:09
ATTN_config_S16_D512_H8_HD32_G2_layer_norm_ROPETrue_UHD2_ap_fixed_16_5_,ok,0,924,2026-10-01 20:07:30
ATTN_config_S16_D512_H8_HD32_G2_rms_norm_ROPEFalse_UHD2_ap_fixed_16_5_,ok,0,819,2026-10-01 20:07:38
ATTN_config_S16_D512_H8_HD32_G2_rms_norm_ROPEFalse_UHD4_ap_fixed_16_5_,ok,0,822,2026-10-01 20:08:55
ATTN_config_S16_D512_H8_HD32_G2_layer_norm_ROPETrue_UHD4_ap_fixed_16_5_,ok,0,959,2026-10-01 20:09:17
ATTN_config_S16_D512_H8_HD32_G2_rms_norm_ROPETrue_UHD2_ap_fixed_16_5_,ok,0,865,2026-10-01 20:10:00
ATTN_config_S16_D512_H8_HD64_G1_rms_norm_ROPEFalse_UHD4_ap_fixed_16_5_,ok,0,885,2026-10-01 20:11:15
ATTN_config_S16_D512_H8_HD32_G4_layer_norm_ROPETrue_UHD2_ap_fixed_16_5_,ok,0,936,2026-10-01 20:11:25
ATTN_config_S16_D512_H8_HD64_G2_layer_norm_ROPEFalse_UHD1_ap_fixed_16_5_,ok,0,888,2026-10-01 20:11:44
ATTN_config_S16_D512_H8_HD64_G2_rms_norm_ROPEFalse_UHD2_ap_fixed_16_5_,ok,0,870,2026-10-01 20:11:52
ATTN_config_S16_D512_H8_HD64_G2_layer_norm_ROPEFalse_UHD2_ap_fixed_16_5_,ok,0,920,2026-10-01 20:12:15
ATTN_config_S16_D512_H8_HD64_G1_layer_norm_ROPETrue_UHD2_ap_fixed_16_5_,ok,0,969,2026-10-01 20:12:32
ATTN_config_S16_D512_H8_HD64_G4_rms_norm_ROPEFalse_UHD2_ap_fixed_16_5_,ok,0,832,2026-10-01 20:12:44
ATTN_config_S16_D512_H8_HD64_G2_rms_norm_ROPETrue_UHD2_ap_fixed_16_5_,ok,0,932,2026-10-01 20:13:03
ATTN_config_S16_D512_H8_HD64_G4_layer_norm_ROPEFalse_UHD1_ap_fixed_16_5_,ok,0,881,2026-10-01 20:13:04
ATTN_config_S16_D512_H8_HD64_G2_layer_norm_ROPEFalse_UHD8_ap_fixed_16_5_,ok,0,1033,2026-10-01 20:14:11
ATTN_config_S16_D512_H8_HD64_G4_layer_norm_ROPETrue_UHD2_ap_fixed_16_5_,ok,0,972,2026-10-01 20:14:49
ATTN_config_S16_D512_H8_HD64_G2_rms_norm_ROPETrue_UHD8_ap_fixed_16_5_,ok,0,1057,2026-10-01 20:15:10
ATTN_config_S32_D128_H16_HD16_G1_layer_norm_ROPEFalse_UHD1_ap_fixed_16_5_,ok,0,1095,2026-10-01 20:17:10
ATTN_config_S32_D128_H16_HD16_G2_layer_norm_ROPEFalse_UHD1_ap_fixed_16_5_,ok,0,1042,2026-10-01 20:17:22
ATTN_config_S32_D128_H16_HD16_G1_rms_norm_ROPEFalse_UHD4_ap_fixed_16_5_,ok,0,1145,2026-10-01 20:18:34
ATTN_config_S32_D128_H16_HD16_G1_layer_norm_ROPEFalse_UHD4_ap_fixed_16_5_,ok,0,1168,2026-10-01 20:18:54
ATTN_config_S32_D128_H16_HD16_G2_layer_norm_ROPEFalse_UHD4_ap_fixed_16_5_,ok,0,1170,2026-10-01 20:19:53
ATTN_config_S32_D128_H16_HD16_G2_rms_norm_ROPETrue_UHD1_ap_fixed_16_5_,ok,0,1163,2026-10-01 20:21:41
ATTN_config_S32_D128_H16_HD16_G4_layer_norm_ROPETrue_UHD1_ap_fixed_16_5_,ok,0,1149,2026-10-01 20:22:04
ATTN_config_S32_D128_H16_HD16_G4_rms_norm_ROPEFalse_UHD4_ap_fixed_16_5_,ok,0,1166,2026-10-01 20:23:09
ATTN_config_S32_D128_H16_HD16_G2_rms_norm_ROPETrue_UHD4_ap_fixed_16_5_,ok,0,1220,2026-10-01 20:23:09
ATTN_config_S32_D128_H16_HD16_G2_layer_norm_ROPEFalse_UHD8_ap_fixed_16_5_,ok,0,1353,2026-10-01 20:24:12
ATTN_config_S32_D128_H16_HD32_G1_rms_norm_ROPETrue_UHD1_ap_fixed_16_5_,ok,0,1093,2026-10-01 20:24:31
ATTN_config_S32_D128_H16_HD16_G4_rms_norm_ROPETrue_UHD2_ap_fixed_16_5_,ok,0,1244,2026-10-01 20:24:38
ATTN_config_S32_D128_H16_HD32_G1_layer_norm_ROPEFalse_UHD4_ap_fixed_16_5_,ok,0,1234,2026-10-01 20:24:49
ATTN_config_S32_D128_H16_HD32_G2_rms_norm_ROPEFalse_UHD2_ap_fixed_16_5_,ok,0,1110,2026-10-01 20:26:08
ATTN_config_S32_D128_H16_HD32_G2_rms_norm_ROPETrue_UHD1_ap_fixed_16_5_,ok,0,1079,2026-10-01 20:27:15
ATTN_config_S32_D128_H16_HD32_G1_layer_norm_ROPETrue_UHD4_ap_fixed_16_5_,ok,0,1355,2026-10-01 20:27:52
ATTN_config_S32_D128_H16_HD32_G4_layer_norm_ROPEFalse_UHD1_ap_fixed_16_5_,ok,0,1111,2026-10-01 20:29:45
ATTN_config_S32_D128_H16_HD32_G2_rms_norm_ROPEFalse_UHD8_ap_fixed_16_5_,ok,0,1256,2026-10-01 20:29:50
ATTN_config_S32_D128_H16_HD32_G4_rms_norm_ROPEFalse_UHD4_ap_fixed_16_5_,ok,0,1155,2026-10-01 20:31:06
ATTN_config_S32_D128_H16_HD32_G2_layer_norm_ROPEFalse_UHD8_ap_fixed_16_5_,ok,0,1417,2026-10-01 20:31:07
ATTN_config_S32_D128_H16_HD32_G4_layer_norm_ROPETrue_UHD2_ap_fixed_16_5_,ok,0,1186,2026-10-01 20:31:11
ATTN_config_S32_D128_H16_HD32_G1_rms_norm_ROPETrue_UHD8_ap_fixed_16_5_,ok,0,1453,2026-10-01 20:31:22
ATTN_config_S32_D128_H16_HD64_G1_layer_norm_ROPEFalse_UHD1_ap_fixed_16_5_,ok,0,1132,2026-10-01 20:31:36
ATTN_config_S32_D128_H16_HD32_G4_rms_norm_ROPETrue_UHD2_ap_fixed_16_5_,ok,0,1182,2026-10-01 20:31:57
ATTN_config_S32_D128_H16_HD64_G1_rms_norm_ROPEFalse_UHD2_ap_fixed_16_5_,ok,0,1083,2026-10-01 20:32:14
ATTN_config_S32_D128_H16_HD64_G1_rms_norm_ROPEFalse_UHD4_ap_fixed_16_5_,ok,0,1122,2026-10-01 20:33:31
ATTN_config_S32_D128_H16_HD64_G1_layer_norm_ROPETrue_UHD4_ap_fixed_16_5_,ok,0,1269,2026-10-01 20:34:11
ATTN_config_S32_D128_H16_HD32_G2_rms_norm_ROPETrue_UHD8_ap_fixed_16_5_,ok,0,1491,2026-10-01 20:34:51
ATTN_config_S32_D128_H16_HD64_G1_rms_norm_ROPETrue_UHD4_ap_fixed_16_5_,ok,0,1255,2026-10-01 20:36:05
ATTN_config_S32_D128_H16_HD32_G4_layer_norm_ROPETrue_UHD8_ap_fixed_16_5_,ok,0,1470,2026-10-01 20:36:13
ATTN_config_S32_D128_H16_HD64_G2_layer_norm_ROPETrue_UHD2_ap_fixed_16_5_,ok,0,1181,2026-10-01 20:36:51
ATTN_config_S32_D128_H16_HD32_G4_rms_norm_ROPETrue_UHD8_ap_fixed_16_5_,ok,0,1513,2026-10-01 20:37:45
ATTN_config_S32_D128_H16_HD64_G2_layer_norm_ROPETrue_UHD4_ap_fixed_16_5_,ok,0,1251,2026-10-01 20:38:12
ATTN_config_S32_D128_H16_HD64_G4_rms_norm_ROPEFalse_UHD2_ap_fixed_16_5_,ok,0,1031,2026-10-01 20:38:52
ATTN_config_S32_D128_H16_HD64_G4_layer_norm_ROPEFalse_UHD4_ap_fixed_16_5_,ok,0,1201,2026-10-01 20:38:55
ATTN_config_S32_D128_H16_HD64_G1_layer_norm_ROPETrue_UHD8_ap_fixed_16_5_,ok,0,1590,2026-10-01 20:39:34
ATTN_config_S32_D128_H16_HD64_G4_layer_norm_ROPETrue_UHD4_ap_fixed_16_5_,ok,0,1215,2026-10-01 20:40:08
ATTN_config_S32_D128_H32_HD16_G1_rms_norm_ROPEFalse_UHD1_ap_fixed_16_5_,ok,0,967,2026-10-01 20:40:38
ATTN_config_S32_D128_H32_HD16_G1_layer_norm_ROPEFalse_UHD1_ap_fixed_16_5_,ok,0,1054,2026-10-01 20:40:43
ATTN_config_S32_D128_H16_HD64_G4_rms_norm_ROPETrue_UHD2_ap_fixed_16_5_,ok,0,1085,2026-10-01 20:41:13
ATTN_config_S32_D128_H16_HD64_G2_rms_norm_ROPEFalse_UHD8_ap_fixed_16_5_,ok,0,1431,2026-10-01 20:42:25
ATTN_config_S32_D128_H32_HD16_G1_layer_norm_ROPETrue_UHD2_ap_fixed_16_5_,ok,0,1100,2026-10-01 20:42:32
ATTN_config_S32_D128_H32_HD16_G4_layer_norm_ROPEFalse_UHD1_ap_fixed_16_5_,ok,0,951,2026-10-01 20:43:06
ATTN_config_S32_D128_H32_HD16_G2_layer_norm_ROPETrue_UHD2_ap_fixed_16_5_,ok,0,1056,2026-10-01 20:43:44
ATTN_config_S32_D128_H32_HD16_G4_rms_norm_ROPEFalse_UHD1_ap_fixed_16_5_,ok,0,905,2026-10-01 20:44:56
ATTN_config_S32_D128_H32_HD16_G1_rms_norm_ROPETrue_UHD4_ap_fixed_16_5_,ok,0,1242,2026-10-01 20:45:19
ATTN_config_S32_D128_H16_HD64_G4_rms_norm_ROPEFalse_UHD8_ap_fixed_16_5_,ok,0,1420,2026-10-01 20:45:44
ATTN_config_S32_D128_H32_HD16_G4_layer_norm_ROPEFalse_UHD4_ap_fixed_16_5_,ok,0,1085,2026-10-01 20:45:58
ATTN_config_S32_D128_H32_HD16_G2_layer_norm_ROPEFalse_UHD8_ap_fixed_16_5_,ok,0,1275,2026-10-01 20:46:03
ATTN_config_S32_D128_H32_HD16_G4_rms_norm_ROPETrue_UHD2_ap_fixed_16_5_,ok,0,989,2026-10-01 20:47:36
ATTN_config_S32_D128_H32_HD32_G1_layer_norm_ROPETrue_UHD1_ap_fixed_16_5_,ok,0,999,2026-10-01 20:48:01
ATTN_config_S32_D128_H32_HD32_G1_layer_norm_ROPETrue_UHD2_ap_fixed_16_5_,ok,0,1020,2026-10-01 20:48:36
ATTN_config_S32_D128_H32_HD16_G4_rms_norm_ROPETrue_UHD4_ap_fixed_16_5_,ok,0,1088,2026-10-01 20:49:19
ATTN_config_S32_D128_H32_HD32_G1_layer_norm_ROPETrue_UHD4_ap_fixed_16_5_,ok,0,1078,2026-10-01 20:49:55
ATTN_config_S32_D128_H32_HD16_G4_rms_norm_ROPEFalse_UHD8_ap_fixed_16_5_,ok,0,1157,2026-10-01 20:50:23
ATTN_config_S32_D128_H32_HD32_G2_rms_norm_ROPETrue_UHD1_ap_fixed_16_5_,ok,0,950,2026-10-01 20:50:41
ATTN_config_S32_D128_H32_HD16_G4_layer_norm_ROPETrue_UHD8_ap_fixed_16_5_,ok,0,1257,2026-10-01 20:50:42
ATTN_config_S32_D128_H32_HD32_G2_layer_norm_ROPEFalse_UHD4_ap_fixed_16_5_,ok,0,1059,2026-10-01 20:51:10
ATTN_config_S32_D128_H32_HD32_G2_rms_norm_ROPETrue_UHD2_ap_fixed_16_5_,ok,0,987,2026-10-01 20:52:31
ATTN_config_S32_D128_H32_HD32_G4_layer_norm_ROPETrue_UHD1_ap_fixed_16_5_,ok,0,996,2026-10-01 20:52:49
ATTN_config_S32_D128_H32_HD32_G1_rms_norm_ROPEFalse_UHD8_ap_fixed_16_5_,ok,0,1278,2026-10-01 20:53:32
ATTN_config_S32_D128_H32_HD64_G1_rms_norm_ROPEFalse_UHD1_ap_fixed_16_5_,ok,0,947,2026-10-01 20:54:43
ATTN_config_S32_D128_H32_HD32_G2_rms_norm_ROPEFalse_UHD8_ap_fixed_16_5_,ok,0,1255,2026-10-01 20:55:06
ATTN_config_S32_D128_H32_HD32_G4_layer_norm_ROPETrue_UHD4_ap_fixed_16_5_,ok,0,1097,2026-10-01 20:55:09
ATTN_config_S32_D128_H32_HD64_G1_layer_norm_ROPEFalse_UHD1_ap_fixed_16_5_,ok,0,1045,2026-10-01 20:55:37
ATTN_config_S32_D128_H32_HD64_G2_layer_norm_ROPEFalse_UHD1_ap_fixed_16_5_,ok,0,1008,2026-10-01 20:56:22
ATTN_config_S32_D128_H32_HD64_G2_rms_norm_ROPEFalse_UHD1_ap_fixed_16_5_,ok,0,968,2026-10-01 20:57:21
ATTN_config_S32_D128_H32_HD64_G2_layer_norm_ROPEFalse_UHD4_ap_fixed_16_5_,ok,0,1111,2026-10-01 20:58:39
ATTN_config_S32_D128_H32_HD64_G1_layer_norm_ROPEFalse_UHD8_ap_fixed_16_5_,ok,0,1252,2026-10-01 20:59:44
ATTN_config_S32_D128_H8_HD16_G1_rms_norm_ROPEFalse_UHD1_ap_fixed_16_5_,ok,0,890,2026-10-01 21:00:09
ATTN_config_S32_D128_H32_HD64_G4_layer_norm_ROPEFalse_UHD2_ap_fixed_16_5_,ok,0,1066,2026-10-01 21:00:11
ATTN_config_S32_D128_H8_HD16_G1_layer_norm_ROPEFalse_UHD2_ap_fixed_16_5_,ok,0,1023,2026-10-01 21:00:47
ATTN_config_S32_D128_H32_HD64_G4_layer_norm_ROPETrue_UHD4_ap_fixed_16_5_,ok,0,1108,2026-10-01 21:01:01
ATTN_config_S32_D128_H8_HD16_G2_layer_norm_ROPEFalse_UHD1_ap_fixed_16_5_,ok,0,917,2026-10-01 21:01:01
ATTN_config_S32_D128_H8_HD16_G1_layer_norm_ROPETrue_UHD1_ap_fixed_16_5_,ok,0,973,2026-10-01 21:01:09
ATTN_config_S32_D128_H32_HD32_G4_rms_norm_ROPETrue_UHD8_ap_fixed_16_5_,ok,0,1417,2026-10-01 21:01:22
ATTN_config_S32_D128_H32_HD64_G2_layer_norm_ROPEFalse_UHD8_ap_fixed_16_5_,ok,0,1283,2026-10-01 21:02:02
ATTN_config_S32_D128_H8_HD16_G2_layer_norm_ROPETrue_UHD1_ap_fixed_16_5_,ok,0,983,2026-10-01 21:02:26
ATTN_config_S32_D128_H32_HD64_G2_layer_norm_ROPETrue_UHD8_ap_fixed_16_5_,ok,0,1304,2026-10-01 21:02:27
ATTN_config_S32_D128_H8_HD16_G2_layer_norm_ROPETrue_UHD2_ap_fixed_16_5_,ok,0,1028,2026-10-01 21:04:44
ATTN_config_S32_D128_H8_HD16_G4_layer_norm_ROPETrue_UHD1_ap_fixed_16_5_,ok,0,976,2026-10-01 21:04:52
ATTN_config_S32_D128_H8_HD16_G4_rms_norm_ROPEFalse_UHD2_ap_fixed_16_5_,ok,0,947,2026-10-01 21:05:06
ATTN_config_S32_D128_H8_HD16_G4_layer_norm_ROPEFalse_UHD4_ap_fixed_16_5_,ok,0,1038,2026-10-01 21:05:19
ATTN_config_S32_D128_H32_HD64_G4_layer_norm_ROPETrue_UHD8_ap_fixed_16_5_,ok,0,1341,2026-10-01 21:05:28
ATTN_config_S32_D128_H8_HD16_G2_layer_norm_ROPEFalse_UHD8_ap_fixed_16_5_,ok,0,1203,2026-10-01 21:06:00
ATTN_config_S32_D128_H8_HD16_G4_rms_norm_ROPETrue_UHD2_ap_fixed_16_5_,ok,0,972,2026-10-01 21:06:53
ATTN_config_S32_D128_H8_HD16_G4_rms_norm_ROPEFalse_UHD4_ap_fixed_16_5_,ok,0,1054,2026-10-01 21:07:29
ATTN_config_S32_D128_H8_HD32_G1_rms_norm_ROPETrue_UHD1_ap_fixed_16_5_,ok,0,903,2026-10-01 21:08:35
ATTN_config_S32_D128_H8_HD32_G1_rms_norm_ROPEFalse_UHD2_ap_fixed_16_5_,ok,0,967,2026-10-01 21:08:38
ATTN_config_S32_D128_H8_HD32_G1_layer_norm_ROPETrue_UHD4_ap_fixed_16_5_,ok,0,1069,2026-10-01 21:08:58
ATTN_config_S32_D128_H8_HD16_G4_rms_norm_ROPEFalse_UHD8_ap_fixed_16_5_,ok,0,1133,2026-10-01 21:09:16
ATTN_config_S32_D128_H8_HD16_G4_rms_norm_ROPETrue_UHD8_ap_fixed_16_5_,ok,0,1171,2026-10-01 21:10:13
ATTN_config_S32_D128_H8_HD32_G2_layer_norm_ROPEFalse_UHD1_ap_fixed_16_5_,ok,0,918,2026-10-01 21:10:24
ATTN_config_S32_D128_H8_HD32_G1_rms_norm_ROPETrue_UHD2_ap_fixed_16_5_,ok,0,994,2026-10-01 21:11:17
ATTN_config_S32_D128_H8_HD32_G1_rms_norm_ROPEFalse_UHD8_ap_fixed_16_5_,ok,0,1155,2026-10-01 21:12:05
ATTN_config_S32_D128_H8_HD32_G2_rms_norm_ROPETrue_UHD4_ap_fixed_16_5_,ok,0,1030,2026-10-01 21:12:19
ATTN_config_S32_D128_H8_HD32_G4_layer_norm_ROPEFalse_UHD2_ap_fixed_16_5_,ok,0,1019,2026-10-01 21:12:37
ATTN_config_S32_D128_H8_HD64_G1_rms_norm_ROPEFalse_UHD2_ap_fixed_16_5_,ok,0,948,2026-10-01 21:13:09
ATTN_config_S32_D128_H8_HD32_G4_layer_norm_ROPETrue_UHD4_ap_fixed_16_5_,ok,0,1082,2026-10-01 21:14:24
ATTN_config_S32_D128_H8_HD64_G2_layer_norm_ROPETrue_UHD1_ap_fixed_16_5_,ok,0,987,2026-10-01 21:16:11
ATTN_config_S32_D128_H8_HD64_G2_layer_norm_ROPEFalse_UHD4_ap_fixed_16_5_,ok,0,1101,2026-10-01 21:17:00
ATTN_config_S32_D256_H16_HD16_G1_layer_norm_ROPETrue_UHD1_ap_fixed_16_5_,ok,0,987,2026-10-01 21:17:37
ATTN_config_S32_D256_H16_HD16_G1_rms_norm_ROPEFalse_UHD2_ap_fixed_16_5_,ok,0,941,2026-10-01 21:18:07
ATTN_config_S32_D256_H16_HD16_G1_layer_norm_ROPETrue_UHD4_ap_fixed_16_5_,ok,0,1055,2026-10-01 21:18:58
ATTN_config_S32_D128_H8_HD64_G2_rms_norm_ROPEFalse_UHD8_ap_fixed_16_5_,ok,0,1134,2026-10-01 21:19:03
ATTN_config_S32_D128_H8_HD64_G2_rms_norm_ROPETrue_UHD4_ap_fixed_16_5_,ok,0,1144,2026-10-01 21:19:15
ATTN_config_S32_D128_H8_HD64_G4_rms_norm_ROPETrue_UHD4_ap_fixed_16_5_,ok,0,1169,2026-10-01 21:20:30
ATTN_config_S32_D128_H8_HD64_G4_rms_norm_ROPETrue_UHD8_ap_fixed_16_5_,ok,0,1193,2026-10-01 21:20:54
ATTN_config_S32_D256_H16_HD16_G2_rms_norm_ROPETrue_UHD2_ap_fixed_16_5_,ok,0,985,2026-10-01 21:21:09
ATTN_config_S32_D128_H8_HD64_G4_layer_norm_ROPETrue_UHD8_ap_fixed_16_5_,ok,0,1227,2026-10-01 21:21:14
ATTN_config_S32_D256_H16_HD16_G1_rms_norm_ROPEFalse_UHD8_ap_fixed_16_5_,ok,0,1178,2026-10-01 21:22:05
ATTN_config_S32_D256_H16_HD32_G2_layer_norm_ROPEFalse_UHD1_ap_fixed_16_5_,ok,0,924,2026-10-01 21:22:17
ATTN_config_S32_D256_H16_HD16_G4_rms_norm_ROPETrue_UHD4_ap_fixed_16_5_,ok,0,1050,2026-10-01 21:22:36
ATTN_config_S32_D256_H16_HD16_G1_layer_norm_ROPETrue_UHD8_ap_fixed_16_5_,ok,0,1247,2026-10-01 21:22:49
ATTN_config_S32_D256_H16_HD32_G1_layer_norm_ROPETrue_UHD4_ap_fixed_16_5_,ok,0,1112,2026-10-01 21:23:51
ATTN_config_S32_D256_H16_HD16_G4_layer_norm_ROPETrue_UHD8_ap_fixed_16_5_,ok,0,1201,2026-10-01 21:24:53
ATTN_config_S32_D256_H16_HD32_G2_rms_norm_ROPEFalse_UHD2_ap_fixed_16_5_,ok,0,985,2026-10-01 21:25:00
ATTN_config_S32_D256_H16_HD32_G2_rms_norm_ROPETrue_UHD2_ap_fixed_16_5_,ok,0,962,2026-10-01 21:25:01
ATTN_config_S32_D256_H16_HD32_G1_rms_norm_ROPEFalse_UHD8_ap_fixed_16_5_,ok,0,1181,2026-10-01 21:25:09
ATTN_config_S32_D256_H16_HD32_G4_rms_norm_ROPEFalse_UHD1_ap_fixed_16_5_,ok,0,897,2026-10-01 21:25:21
ATTN_config_S32_D256_H16_HD32_G1_rms_norm_ROPETrue_UHD4_ap_fixed_16_5_,ok,0,1171,2026-10-01 21:25:31
ATTN_config_S32_D256_H16_HD32_G4_layer_norm_ROPETrue_UHD2_ap_fixed_16_5_,ok,0,1012,2026-10-01 21:27:06
ATTN_config_S32_D256_H16_HD32_G2_layer_norm_ROPETrue_UHD4_ap_fixed_16_5_,ok,0,1192,2026-10-01 21:27:21
ATTN_config_S32_D256_H16_HD32_G2_rms_norm_ROPEFalse_UHD8_ap_fixed_16_5_,ok,0,1180,2026-10-01 21:28:18
ATTN_config_S32_D256_H16_HD32_G4_rms_norm_ROPETrue_UHD1_ap_fixed_16_5_,ok,0,984,2026-10-01 21:28:29
ATTN_config_S32_D256_H16_HD64_G1_rms_norm_ROPEFalse_UHD1_ap_fixed_16_5_,ok,0,967,2026-10-01 21:28:43
ATTN_config_S32_D256_H16_HD64_G1_rms_norm_ROPEFalse_UHD2_ap_fixed_16_5_,ok,0,974,2026-10-01 21:29:23
ATTN_config_S32_D256_H16_HD32_G2_rms_norm_ROPETrue_UHD8_ap_fixed_16_5_,ok,0,1265,2026-10-01 21:30:22
ATTN_config_S32_D256_H16_HD64_G1_layer_norm_ROPETrue_UHD2_ap_fixed_16_5_,ok,0,1091,2026-10-01 21:30:30
ATTN_config_S32_D256_H16_HD32_G4_rms_norm_ROPEFalse_UHD8_ap_fixed_16_5_,ok,0,1164,2026-10-01 21:30:41
ATTN_config_S32_D256_H16_HD64_G1_rms_norm_ROPEFalse_UHD4_ap_fixed_16_5_,ok,0,1046,2026-10-01 21:31:49
ATTN_config_S32_D256_H16_HD64_G2_layer_norm_ROPEFalse_UHD1_ap_fixed_16_5_,ok,0,965,2026-10-01 21:33:04
ATTN_config_S32_D256_H16_HD64_G1_rms_norm_ROPETrue_UHD1_ap_fixed_16_5_,ok,0,1067,2026-10-01 21:33:59
ATTN_config_S32_D256_H16_HD64_G2_rms_norm_ROPEFalse_UHD1_ap_fixed_16_5_,ok,0,974,2026-10-01 21:35:17
ATTN_config_S32_D256_H16_HD64_G2_layer_norm_ROPETrue_UHD1_ap_fixed_16_5_,ok,0,1051,2026-10-01 21:35:39
ATTN_config_S32_D256_H16_HD64_G2_rms_norm_ROPETrue_UHD1_ap_fixed_16_5_,ok,0,990,2026-10-01 21:37:24
ATTN_config_S32_D256_H32_HD16_G1_rms_norm_ROPEFalse_UHD1_ap_fixed_16_5_,ok,0,891,2026-10-01 21:37:27
ATTN_config_S32_D256_H16_HD64_G2_rms_norm_ROPEFalse_UHD4_ap_fixed_16_5_,ok,0,1092,2026-10-01 21:37:27
ATTN_config_S32_D256_H16_HD64_G4_rms_norm_ROPETrue_UHD1_ap_fixed_16_5_,ok,0,980,2026-10-01 21:38:24
ATTN_config_S32_D256_H32_HD16_G1_rms_norm_ROPEFalse_UHD2_ap_fixed_16_5_,ok,0,981,2026-10-01 21:39:10
ATTN_config_S32_D256_H16_HD64_G2_layer_norm_ROPEFalse_UHD8_ap_fixed_16_5_,ok,0,1358,2026-10-01 21:40:15
ATTN_config_S32_D256_H32_HD16_G2_rms_norm_ROPEFalse_UHD1_ap_fixed_16_5_,ok,0,895,2026-10-01 21:40:16
ATTN_config_S32_D256_H32_HD16_G2_rms_norm_ROPETrue_UHD2_ap_fixed_16_5_,ok,0,968,2026-10-01 21:41:39
ATTN_config_S32_D256_H32_HD16_G2_layer_norm_ROPEFalse_UHD2_ap_fixed_16_5_,ok,0,1026,2026-10-01 21:42:06
ATTN_config_S32_D256_H32_HD16_G1_rms_norm_ROPEFalse_UHD8_ap_fixed_16_5_,ok,0,1120,2026-10-01 21:42:31
ATTN_config_S32_D256_H32_HD16_G2_layer_norm_ROPETrue_UHD1_ap_fixed_16_5_,ok,0,1045,2026-10-01 21:42:33
ATTN_config_S32_D256_H16_HD64_G2_layer_norm_ROPETrue_UHD8_ap_fixed_16_5_,ok,0,1427,2026-10-01 21:42:45
ATTN_config_S32_D256_H32_HD16_G1_layer_norm_ROPEFalse_UHD8_ap_fixed_16_5_,ok,0,1229,2026-10-01 21:42:47
ATTN_config_S32_D256_H16_HD64_G2_rms_norm_ROPEFalse_UHD8_ap_fixed_16_5_,ok,0,1371,2026-10-01 21:43:20
ATTN_config_S32_D256_H32_HD16_G4_rms_norm_ROPEFalse_UHD1_ap_fixed_16_5_,ok,0,890,2026-10-01 21:43:33
ATTN_config_S32_D256_H32_HD16_G4_layer_norm_ROPEFalse_UHD2_ap_fixed_16_5_,ok,0,988,2026-10-01 21:43:33
ATTN_config_S32_D256_H16_HD64_G2_rms_norm_ROPETrue_UHD8_ap_fixed_16_5_,ok,0,1375,2026-10-01 21:44:05
ATTN_config_S32_D256_H32_HD16_G1_rms_norm_ROPETrue_UHD4_ap_fixed_16_5_,ok,0,1153,2026-10-01 21:44:06
ATTN_config_S32_D256_H32_HD16_G4_layer_norm_ROPETrue_UHD1_ap_fixed_16_5_,ok,0,1007,2026-10-01 21:45:16
ATTN_config_S32_D256_H16_HD64_G4_layer_norm_ROPETrue_UHD8_ap_fixed_16_5_,ok,0,1454,2026-10-01 21:45:28
ATTN_config_S32_D256_H32_HD16_G4_layer_norm_ROPEFalse_UHD4_ap_fixed_16_5_,ok,0,1116,2026-10-01 21:45:57
ATTN_config_S32_D256_H32_HD16_G1_rms_norm_ROPETrue_UHD8_ap_fixed_16_5_,ok,0,1263,2026-10-01 21:46:03
ATTN_config_S32_D256_H32_HD32_G1_layer_norm_ROPETrue_UHD1_ap_fixed_16_5_,ok,0,1019,2026-10-01 21:46:23
ATTN_config_S32_D256_H32_HD32_G1_rms_norm_ROPETrue_UHD2_ap_fixed_16_5_,ok,0,1054,2026-10-01 21:48:04
ATTN_config_S32_D256_H32_HD32_G1_rms_norm_ROPETrue_UHD4_ap_fixed_16_5_,ok,0,1107,2026-10-01 21:49:08
ATTN_config_S32_D256_H32_HD16_G4_layer_norm_ROPEFalse_UHD8_ap_fixed_16_5_,ok,0,1250,2026-10-01 21:49:08
ATTN_config_S32_D256_H32_HD32_G2_layer_norm_ROPEFalse_UHD2_ap_fixed_16_5_,ok,0,1045,2026-10-01 21:49:15
ATTN_config_S32_D256_H32_HD32_G2_layer_norm_ROPETrue_UHD1_ap_fixed_16_5_,ok,0,1056,2026-10-01 21:50:40
ATTN_config_S32_D256_H32_HD32_G1_rms_norm_ROPEFalse_UHD8_ap_fixed_16_5_,ok,0,1291,2026-10-01 21:51:52
ATTN_config_S32_D256_H32_HD32_G4_layer_norm_ROPEFalse_UHD2_ap_fixed_16_5_,ok,0,1040,2026-10-01 21:52:37
ATTN_config_S32_D256_H32_HD32_G4_rms_norm_ROPETrue_UHD1_ap_fixed_16_5_,ok,0,993,2026-10-01 21:53:57
ATTN_config_S32_D256_H32_HD32_G4_rms_norm_ROPETrue_UHD2_ap_fixed_16_5_,ok,0,1023,2026-10-01 21:54:29
ATTN_config_S32_D256_H32_HD32_G2_layer_norm_ROPETrue_UHD8_ap_fixed_16_5_,ok,0,1389,2026-10-01 21:57:08
ATTN_config_S32_D256_H32_HD64_G2_layer_norm_ROPEFalse_UHD2_ap_fixed_16_5_,ok,0,1117,2026-10-01 21:57:47
ATTN_config_S32_D256_H32_HD32_G4_layer_norm_ROPEFalse_UHD8_ap_fixed_16_5_,ok,0,1346,2026-10-01 21:58:04
ATTN_config_S32_D256_H32_HD64_G1_rms_norm_ROPETrue_UHD4_ap_fixed_16_5_,ok,0,1193,2026-10-01 21:58:18
ATTN_config_S32_D256_H8_HD16_G1_layer_norm_ROPEFalse_UHD2_ap_fixed_16_5_,ok,0,974,2026-10-01 21:59:00
ATTN_config_S32_D256_H32_HD64_G2_layer_norm_ROPETrue_UHD1_ap_fixed_16_5_,ok,0,1130,2026-10-01 21:59:06
ATTN_config_S32_D256_H8_HD16_G1_layer_norm_ROPETrue_UHD1_ap_fixed_16_5_,ok,0,942,2026-10-01 21:59:15
ATTN_config_S32_D256_H32_HD64_G2_rms_norm_ROPETrue_UHD1_ap_fixed_16_5_,ok,0,1061,2026-10-01 21:59:20
ATTN_config_S32_D256_H8_HD16_G1_rms_norm_ROPEFalse_UHD4_ap_fixed_16_5_,ok,0,954,2026-10-01 21:59:28
ATTN_config_S32_D256_H8_HD16_G1_rms_norm_ROPETrue_UHD1_ap_fixed_16_5_,ok,0,924,2026-10-01 21:59:29
ATTN_config_S32_D256_H8_HD16_G1_rms_norm_ROPETrue_UHD2_ap_fixed_16_5_,ok,0,947,2026-10-01 21:59:53
ATTN_config_S32_D256_H32_HD64_G1_layer_norm_ROPEFalse_UHD8_ap_fixed_16_5_,ok,0,1354,2026-10-01 22:00:01
ATTN_config_S32_D256_H8_HD16_G2_layer_norm_ROPEFalse_UHD2_ap_fixed_16_5_,ok,0,992,2026-10-01 22:02:01
ATTN_config_S32_D256_H32_HD64_G2_layer_norm_ROPEFalse_UHD8_ap_fixed_16_5_,ok,0,1322,2026-10-01 22:02:17
ATTN_config_S32_D256_H32_HD64_G4_layer_norm_ROPEFalse_UHD4_ap_fixed_16_5_,ok,0,1192,2026-10-01 22:02:23
ATTN_config_S32_D256_H8_HD16_G2_rms_norm_ROPETrue_UHD1_ap_fixed_16_5_,ok,0,964,2026-10-01 22:02:27
ATTN_config_S32_D256_H8_HD16_G1_rms_norm_ROPETrue_UHD4_ap_fixed_16_5_,ok,0,1037,2026-10-01 22:02:32
ATTN_config_S32_D256_H8_HD16_G2_rms_norm_ROPEFalse_UHD4_ap_fixed_16_5_,ok,0,999,2026-10-01 22:02:41
ATTN_config_S32_D256_H8_HD16_G1_layer_norm_ROPEFalse_UHD8_ap_fixed_16_5_,ok,0,1164,2026-10-01 22:02:45
ATTN_config_S32_D256_H32_HD64_G4_rms_norm_ROPEFalse_UHD8_ap_fixed_16_5_,ok,0,1325,2026-10-01 22:04:50
ATTN_config_S32_D256_H32_HD64_G4_layer_norm_ROPEFalse_UHD8_ap_fixed_16_5_,ok,0,1343,2026-10-01 22:04:56
ATTN_config_S32_D256_H8_HD16_G2_rms_norm_ROPETrue_UHD2_ap_fixed_16_5_,ok,0,1014,2026-10-01 22:04:58
ATTN_config_S32_D256_H8_HD16_G2_layer_norm_ROPEFalse_UHD8_ap_fixed_16_5_,ok,0,1170,2026-10-01 22:05:28
ATTN_config_S32_D256_H32_HD64_G2_rms_norm_ROPETrue_UHD8_ap_fixed_16_5_,ok,0,1404,2026-10-01 22:05:30
ATTN_config_S32_D256_H8_HD16_G4_layer_norm_ROPEFalse_UHD4_ap_fixed_16_5_,ok,0,1015,2026-10-01 22:06:10
ATTN_config_S32_D256_H8_HD16_G4_rms_norm_ROPEFalse_UHD2_ap_fixed_16_5_,ok,0,935,2026-10-01 22:06:15
ATTN_config_S32_D256_H8_HD16_G2_rms_norm_ROPETrue_UHD4_ap_fixed_16_5_,ok,0,1050,2026-10-01 22:06:38
ATTN_config_S32_D256_H8_HD16_G4_rms_norm_ROPETrue_UHD1_ap_fixed_16_5_,ok,0,946,2026-10-01 22:07:39
ATTN_config_S32_D256_H8_HD32_G1_rms_norm_ROPEFalse_UHD1_ap_fixed_16_5_,ok,0,889,2026-10-01 22:08:46
ATTN_config_S32_D256_H8_HD16_G2_rms_norm_ROPETrue_UHD8_ap_fixed_16_5_,ok,0,1205,2026-10-01 22:09:13
ATTN_config_S32_D256_H8_HD32_G1_rms_norm_ROPEFalse_UHD2_ap_fixed_16_5_,ok,0,941,2026-10-01 22:10:10
ATTN_config_S32_D256_H8_HD32_G1_layer_norm_ROPETrue_UHD4_ap_fixed_16_5_,ok,0,1093,2026-10-01 22:10:51
ATTN_config_S32_D256_H8_HD32_G2_layer_norm_ROPEFalse_UHD1_ap_fixed_16_5_,ok,0,927,2026-10-01 22:13:14
ATTN_config_S32_D256_H8_HD32_G1_rms_norm_ROPETrue_UHD2_ap_fixed_16_5_,ok,0,986,2026-10-01 22:13:33
ATTN_config_S32_D256_H8_HD32_G2_rms_norm_ROPETrue_UHD1_ap_fixed_16_5_,ok,0,909,2026-10-01 22:14:09
ATTN_config_S32_D256_H8_HD64_G1_layer_norm_ROPEFalse_UHD1_ap_fixed_16_5_,ok,0,924,2026-10-01 22:14:44
ATTN_config_S32_D256_H8_HD64_G1_rms_norm_ROPETrue_UHD2_ap_fixed_16_5_,ok,0,956,2026-10-01 22:15:57
ATTN_config_S32_D256_H8_HD32_G2_layer_norm_ROPETrue_UHD4_ap_fixed_16_5_,ok,0,1076,2026-10-01 22:16:00
ATTN_config_S32_D256_H8_HD32_G4_layer_norm_ROPEFalse_UHD2_ap_fixed_16_5_,ok,0,1027,2026-10-01 22:16:22
ATTN_config_S32_D256_H8_HD64_G1_rms_norm_ROPEFalse_UHD4_ap_fixed_16_5_,ok,0,1048,2026-10-01 22:16:57
ATTN_config_S32_D256_H8_HD64_G1_layer_norm_ROPETrue_UHD4_ap_fixed_16_5_,ok,0,1123,2026-10-01 22:18:11
ATTN_config_S32_D256_H8_HD64_G2_layer_norm_ROPETrue_UHD1_ap_fixed_16_5_,ok,0,968,2026-10-01 22:18:41
ATTN_config_S32_D256_H8_HD32_G2_layer_norm_ROPETrue_UHD8_ap_fixed_16_5_,ok,0,1240,2026-10-01 22:18:58
ATTN_config_S32_D256_H8_HD32_G2_rms_norm_ROPETrue_UHD8_ap_fixed_16_5_,ok,0,1193,2026-10-01 22:18:59
ATTN_config_S32_D256_H8_HD64_G1_rms_norm_ROPEFalse_UHD8_ap_fixed_16_5_,ok,0,1168,2026-10-01 22:19:21
ATTN_config_S32_D256_H8_HD64_G4_rms_norm_ROPEFalse_UHD1_ap_fixed_16_5_,ok,0,901,2026-10-01 22:19:50
ATTN_config_S32_D256_H8_HD64_G1_rms_norm_ROPETrue_UHD4_ap_fixed_16_5_,ok,0,1104,2026-10-01 22:20:25
ATTN_config_S32_D512_H16_HD16_G1_layer_norm_ROPETrue_UHD1_ap_fixed_16_5_,ok,0,994,2026-10-01 22:22:02
ATTN_config_S32_D256_H8_HD64_G2_layer_norm_ROPEFalse_UHD4_ap_fixed_16_5_,ok,0,1189,2026-10-01 22:22:11
ATTN_config_S32_D256_H8_HD64_G2_rms_norm_ROPEFalse_UHD8_ap_fixed_16_5_,ok,0,1176,2026-10-01 22:22:17
ATTN_config_S32_D256_H8_HD64_G2_layer_norm_ROPEFalse_UHD8_ap_fixed_16_5_,ok,0,1192,2026-10-01 22:22:18
ATTN_config_S32_D256_H8_HD64_G4_layer_norm_ROPETrue_UHD4_ap_fixed_16_5_,ok,0,1183,2026-10-01 22:22:28
ATTN_config_S32_D512_H16_HD16_G2_layer_norm_ROPEFalse_UHD1_ap_fixed_16_5_,ok,0,977,2026-10-01 22:22:32
ATTN_config_S32_D512_H16_HD16_G2_rms_norm_ROPEFalse_UHD1_ap_fixed_16_5_,ok,0,907,2026-10-01 22:22:45
ATTN_config_S32_D512_H16_HD16_G1_rms_norm_ROPEFalse_UHD4_ap_fixed_16_5_,ok,0,1065,2026-10-01 22:23:15
ATTN_config_S32_D256_H8_HD64_G4_rms_norm_ROPETrue_UHD4_ap_fixed_16_5_,ok,0,1120,2026-10-01 22:23:36
ATTN_config_S32_D256_H8_HD64_G1_rms_norm_ROPETrue_UHD8_ap_fixed_16_5_,ok,0,1285,2026-10-01 22:23:42
ATTN_config_S32_D512_H16_HD16_G1_rms_norm_ROPETrue_UHD4_ap_fixed_16_5_,ok,0,1085,2026-10-01 22:24:14
ATTN_config_S32_D256_H8_HD64_G4_rms_norm_ROPETrue_UHD8_ap_fixed_16_5_,ok,0,1246,2026-10-01 22:25:44
ATTN_config_S32_D512_H16_HD16_G4_layer_norm_ROPETrue_UHD1_ap_fixed_16_5_,ok,0,999,2026-10-01 22:26:49
ATTN_config_S32_D512_H16_HD16_G4_rms_norm_ROPEFalse_UHD2_ap_fixed_16_5_,ok,0,976,2026-10-01 22:27:07
ATTN_config_S32_D512_H16_HD16_G4_layer_norm_ROPEFalse_UHD4_ap_fixed_16_5_,ok,0,1077,2026-10-01 22:27:10
ATTN_config_S32_D512_H16_HD16_G2_layer_norm_ROPETrue_UHD8_ap_fixed_16_5_,ok,0,1244,2026-10-01 22:27:22
ATTN_config_S32_D512_H16_HD16_G2_rms_norm_ROPETrue_UHD4_ap_fixed_16_5_,ok,0,1119,2026-10-01 22:27:25
ATTN_config_S32_D512_H16_HD32_G1_layer_norm_ROPEFalse_UHD1_ap_fixed_16_5_,ok,0,976,2026-10-01 22:30:25
ATTN_config_S32_D512_H16_HD32_G1_rms_norm_ROPEFalse_UHD2_ap_fixed_16_5_,ok,0,974,2026-10-01 22:32:11
ATTN_config_S32_D512_H16_HD16_G4_rms_norm_ROPEFalse_UHD8_ap_fixed_16_5_,ok,0,1140,2026-10-01 22:32:14
ATTN_config_S32_D512_H16_HD16_G4_rms_norm_ROPETrue_UHD4_ap_fixed_16_5_,ok,0,1130,2026-10-01 22:32:23
ATTN_config_S32_D512_H16_HD32_G1_layer_norm_ROPETrue_UHD2_ap_fixed_16_5_,ok,0,1061,2026-10-01 22:32:25
ATTN_config_S32_D512_H16_HD32_G1_rms_norm_ROPETrue_UHD1_ap_fixed_16_5_,ok,0,1002,2026-10-01 22:33:03
ATTN_config_S32_D512_H16_HD32_G2_layer_norm_ROPEFalse_UHD1_ap_fixed_16_5_,ok,0,1012,2026-10-01 22:33:49
ATTN_config_S32_D512_H16_HD32_G2_rms_norm_ROPEFalse_UHD1_ap_fixed_16_5_,ok,0,908,2026-10-01 22:33:49
ATTN_config_S32_D512_H16_HD32_G1_rms_norm_ROPEFalse_UHD4_ap_fixed_16_5_,ok,0,1091,2026-10-01 22:34:11
ATTN_config_S32_D512_H16_HD32_G2_rms_norm_ROPEFalse_UHD2_ap_fixed_16_5_,ok,0,993,2026-10-01 22:35:30
ATTN_config_S32_D512_H16_HD32_G2_layer_norm_ROPETrue_UHD1_ap_fixed_16_5_,ok,0,1041,2026-10-01 22:35:32
ATTN_config_S32_D512_H16_HD32_G4_layer_norm_ROPEFalse_UHD2_ap_fixed_16_5_,ok,0,1020,2026-10-01 22:36:21
ATTN_config_S32_D512_H16_HD32_G4_layer_norm_ROPETrue_UHD1_ap_fixed_16_5_,ok,0,1015,2026-10-01 22:36:46
ATTN_config_S32_D512_H16_HD32_G4_rms_norm_ROPEFalse_UHD1_ap_fixed_16_5_,ok,0,958,2026-10-01 22:38:09
ATTN_config_S32_D512_H16_HD32_G2_rms_norm_ROPETrue_UHD8_ap_fixed_16_5_,ok,0,1247,2026-10-01 22:39:46
ATTN_config_S32_D512_H16_HD64_G1_rms_norm_ROPETrue_UHD1_ap_fixed_16_5_,ok,0,1041,2026-10-01 22:39:54
ATTN_config_S32_D512_H16_HD64_G1_layer_norm_ROPETrue_UHD1_ap_fixed_16_5_,ok,0,1081,2026-10-01 22:40:19
ATTN_config_S32_D512_H16_HD32_G4_layer_norm_ROPETrue_UHD4_ap_fixed_16_5_,ok,0,1205,2026-10-01 22:40:29
ATTN_config_S32_D512_H16_HD64_G1_layer_norm_ROPETrue_UHD2_ap_fixed_16_5_,ok,0,1162,2026-10-01 22:41:50
ATTN_config_S32_D512_H16_HD64_G2_rms_norm_ROPEFalse_UHD4_ap_fixed_16_5_,ok,0,1096,2026-10-01 22:41:58
ATTN_config_S32_D512_H16_HD64_G2_layer_norm_ROPEFalse_UHD4_ap_fixed_16_5_,ok,0,1184,2026-10-01 22:42:29
ATTN_config_S32_D512_H32_HD16_G1_rms_norm_ROPEFalse_UHD1_ap_fixed_16_5_,ok,0,956,2026-10-01 22:43:06
ATTN_config_S32_D512_H16_HD64_G2_rms_norm_ROPETrue_UHD2_ap_fixed_16_5_,ok,0,1135,2026-10-01 22:43:09
ATTN_config_S32_D512_H16_HD32_G4_layer_norm_ROPETrue_UHD8_ap_fixed_16_5_,ok,0,1340,2026-10-01 22:44:21
ATTN_config_S32_D512_H16_HD64_G4_layer_norm_ROPETrue_UHD1_ap_fixed_16_5_,ok,0,1108,2026-10-01 22:45:18
ATTN_config_S32_D512_H32_HD16_G1_rms_norm_ROPETrue_UHD2_ap_fixed_16_5_,ok,0,1108,2026-10-01 22:45:53
ATTN_config_S32_D512_H16_HD64_G1_layer_norm_ROPEFalse_UHD8_ap_fixed_16_5_,ok,0,1419,2026-10-01 22:45:57
ATTN_config_S32_D512_H16_HD64_G4_layer_norm_ROPETrue_UHD2_ap_fixed_16_5_,ok,0,1156,2026-10-01 22:46:23
ATTN_config_S32_D512_H32_HD16_G2_layer_norm_ROPEFalse_UHD1_ap_fixed_16_5_,ok,0,993,2026-10-01 22:46:58
ATTN_config_S32_D512_H16_HD64_G2_layer_norm_ROPEFalse_UHD8_ap_fixed_16_5_,ok,0,1446,2026-10-01 22:47:22
ATTN_config_S32_D512_H32_HD16_G1_rms_norm_ROPEFalse_UHD8_ap_fixed_16_5_,ok,0,1203,2026-10-01 22:47:25
ATTN_config_S32_D512_H32_HD16_G2_rms_norm_ROPEFalse_UHD1_ap_fixed_16_5_,ok,0,970,2026-10-01 22:48:35
ATTN_config_S32_D512_H32_HD16_G2_layer_norm_ROPEFalse_UHD2_ap_fixed_16_5_,ok,0,1068,2026-10-01 22:49:59
ATTN_config_S32_D512_H16_HD64_G2_layer_norm_ROPETrue_UHD8_ap_fixed_16_5_,ok,0,1596,2026-10-01 22:50:12
ATTN_config_S32_D512_H32_HD16_G4_layer_norm_ROPETrue_UHD1_ap_fixed_16_5_,ok,0,1026,2026-10-01 22:50:55
ATTN_config_S32_D512_H32_HD16_G2_layer_norm_ROPEFalse_UHD4_ap_fixed_16_5_,ok,0,1126,2026-10-01 22:51:00
ATTN_config_S32_D512_H16_HD64_G2_rms_norm_ROPETrue_UHD8_ap_fixed_16_5_,ok,0,1524,2026-10-01 22:51:08
ATTN_config_S32_D512_H32_HD32_G1_layer_norm_ROPEFalse_UHD2_ap_fixed_16_5_,ok,0,1087,2026-10-01 22:52:18
ATTN_config_S32_D512_H32_HD16_G2_layer_norm_ROPEFalse_UHD8_ap_fixed_16_5_,ok,0,1233,2026-10-01 22:52:56
ATTN_config_S32_D512_H32_HD16_G2_rms_norm_ROPEFalse_UHD8_ap_fixed_16_5_,ok,0,1204,2026-10-01 22:53:08
ATTN_config_S32_D512_H32_HD32_G2_layer_norm_ROPEFalse_UHD1_ap_fixed_16_5_,ok,0,1059,2026-10-01 22:54:24
ATTN_config_S32_D512_H32_HD16_G2_rms_norm_ROPETrue_UHD8_ap_fixed_16_5_,ok,0,1275,2026-10-01 22:55:04
ATTN_config_S32_D512_H32_HD32_G1_layer_norm_ROPEFalse_UHD4_ap_fixed_16_5_,ok,0,1207,2026-10-01 22:55:37
ATTN_config_S32_D512_H32_HD32_G2_rms_norm_ROPEFalse_UHD1_ap_fixed_16_5_,ok,0,1018,2026-10-01 22:56:52
ATTN_config_S32_D512_H32_HD32_G2_layer_norm_ROPETrue_UHD2_ap_fixed_16_5_,ok,0,1193,2026-10-01 22:58:03
ATTN_config_S32_D512_H32_HD32_G2_rms_norm_ROPEFalse_UHD4_ap_fixed_16_5_,ok,0,1120,2026-10-01 22:59:00
ATTN_config_S32_D512_H32_HD32_G2_rms_norm_ROPETrue_UHD1_ap_fixed_16_5_,ok,0,1077,2026-10-01 22:59:47
ATTN_config_S32_D512_H32_HD32_G1_rms_norm_ROPEFalse_UHD8_ap_fixed_16_5_,ok,0,1415,2026-10-01 22:59:56
ATTN_config_S32_D512_H32_HD32_G2_layer_norm_ROPETrue_UHD4_ap_fixed_16_5_,ok,0,1219,2026-10-01 23:00:04
ATTN_config_S32_D512_H32_HD32_G4_layer_norm_ROPEFalse_UHD2_ap_fixed_16_5_,ok,0,1081,2026-10-01 23:00:31
ATTN_config_S32_D512_H32_HD32_G1_layer_norm_ROPETrue_UHD8_ap_fixed_16_5_,ok,0,1520,2026-10-01 23:00:52
ATTN_config_S32_D512_H32_HD32_G2_rms_norm_ROPETrue_UHD4_ap_fixed_16_5_,ok,0,1155,2026-10-01 23:01:13
ATTN_config_S32_D512_H32_HD32_G4_rms_norm_ROPEFalse_UHD2_ap_fixed_16_5_,ok,0,1060,2026-10-01 23:02:01
ATTN_config_S32_D512_H32_HD32_G4_layer_norm_ROPETrue_UHD2_ap_fixed_16_5_,ok,0,1141,2026-10-01 23:02:11
ATTN_config_S32_D512_H32_HD32_G4_layer_norm_ROPEFalse_UHD4_ap_fixed_16_5_,ok,0,1177,2026-10-01 23:02:43
ATTN_config_S32_D512_H32_HD32_G2_rms_norm_ROPEFalse_UHD8_ap_fixed_16_5_,ok,0,1367,2026-10-01 23:03:16
ATTN_config_S32_D512_H32_HD32_G4_rms_norm_ROPEFalse_UHD4_ap_fixed_16_5_,ok,0,1146,2026-10-01 23:04:23
ATTN_config_S32_D512_H32_HD64_G1_rms_norm_ROPEFalse_UHD1_ap_fixed_16_5_,ok,0,1138,2026-10-01 23:06:20
ATTN_config_S32_D512_H32_HD32_G4_rms_norm_ROPETrue_UHD4_ap_fixed_16_5_,ok,0,1242,2026-10-01 23:06:35
ATTN_config_S32_D512_H32_HD64_G2_rms_norm_ROPEFalse_UHD1_ap_fixed_16_5_,ok,0,1115,2026-10-01 23:07:09
ATTN_config_S32_D512_H32_HD64_G1_layer_norm_ROPETrue_UHD2_ap_fixed_16_5_,ok,0,1430,2026-10-01 23:10:13
ATTN_config_S32_D512_H32_HD64_G2_rms_norm_ROPEFalse_UHD4_ap_fixed_16_5_,ok,0,1219,2026-10-01 23:10:18
ATTN_config_S32_D512_H8_HD16_G1_rms_norm_ROPEFalse_UHD1_ap_fixed_16_5_,ok,0,881,2026-10-01 23:10:18
ATTN_config_S32_D512_H8_HD16_G1_layer_norm_ROPETrue_UHD1_ap_fixed_16_5_,ok,0,968,2026-10-01 23:10:33
ATTN_config_S32_D512_H32_HD32_G4_rms_norm_ROPETrue_UHD8_ap_fixed_16_5_,ok,0,1500,2026-10-01 23:10:57
ATTN_config_S32_D512_H32_HD64_G1_rms_norm_ROPEFalse_UHD8_ap_fixed_16_5_,ok,0,1427,2026-10-01 23:11:11
ATTN_config_S32_D512_H8_HD16_G2_layer_norm_ROPEFalse_UHD1_ap_fixed_16_5_,ok,0,948,2026-10-01 23:12:40
ATTN_config_S32_D512_H32_HD64_G1_layer_norm_ROPETrue_UHD4_ap_fixed_16_5_,ok,0,1546,2026-10-01 23:12:44
ATTN_config_S32_D512_H8_HD16_G1_layer_norm_ROPEFalse_UHD8_ap_fixed_16_5_,ok,0,1196,2026-10-01 23:13:03
ATTN_config_S32_D512_H8_HD16_G1_layer_norm_ROPETrue_UHD4_ap_fixed_16_5_,ok,0,1091,2026-10-01 23:13:15
ATTN_config_S32_D512_H32_HD64_G4_rms_norm_ROPEFalse_UHD8_ap_fixed_16_5_,ok,0,1379,2026-10-01 23:14:07
ATTN_config_S32_D512_H8_HD16_G2_layer_norm_ROPETrue_UHD1_ap_fixed_16_5_,ok,0,975,2026-10-01 23:14:18
ATTN_config_S32_D512_H32_HD64_G2_rms_norm_ROPETrue_UHD2_ap_fixed_16_5_,ok,0,1453,2026-10-01 23:14:25
ATTN_config_S32_D512_H8_HD16_G2_rms_norm_ROPEFalse_UHD2_ap_fixed_16_5_,ok,0,980,2026-10-01 23:15:19
ATTN_config_S32_D512_H8_HD16_G4_layer_norm_ROPEFalse_UHD2_ap_fixed_16_5_,ok,0,972,2026-10-01 23:16:08
ATTN_config_S32_D512_H32_HD64_G4_rms_norm_ROPETrue_UHD1_ap_fixed_16_5_,ok,0,1443,2026-10-01 23:16:22
ATTN_config_S32_D512_H32_HD64_G4_rms_norm_ROPETrue_UHD2_ap_fixed_16_5_,ok,0,1453,2026-10-01 23:17:09
ATTN_config_S32_D512_H8_HD16_G4_rms_norm_ROPEFalse_UHD2_ap_fixed_16_5_,ok,0,987,2026-10-01 23:17:19
ATTN_config_S32_D512_H8_HD16_G4_layer_norm_ROPEFalse_UHD4_ap_fixed_16_5_,ok,0,1035,2026-10-01 23:17:19
ATTN_config_S32_D512_H8_HD16_G2_rms_norm_ROPETrue_UHD4_ap_fixed_16_5_,ok,0,1075,2026-10-01 23:17:42
ATTN_config_S32_D512_H8_HD16_G4_rms_norm_ROPETrue_UHD2_ap_fixed_16_5_,ok,0,996,2026-10-01 23:18:37
ATTN_config_S32_D512_H32_HD64_G2_rms_norm_ROPETrue_UHD8_ap_fixed_16_5_,ok,0,1695,2026-10-01 23:19:10
ATTN_config_S32_D512_H8_HD16_G4_rms_norm_ROPETrue_UHD4_ap_fixed_16_5_,ok,0,1062,2026-10-01 23:19:53
ATTN_config_S32_D512_H8_HD16_G4_rms_norm_ROPEFalse_UHD8_ap_fixed_16_5_,ok,0,1123,2026-10-01 23:19:56
ATTN_config_S32_D512_H8_HD32_G1_rms_norm_ROPEFalse_UHD4_ap_fixed_16_5_,ok,0,1012,2026-10-01 23:20:08
ATTN_config_S32_D512_H8_HD16_G4_layer_norm_ROPEFalse_UHD8_ap_fixed_16_5_,ok,0,1189,2026-10-01 23:20:20
ATTN_config_S32_D512_H32_HD64_G4_layer_norm_ROPETrue_UHD8_ap_fixed_16_5_,ok,0,1803,2026-10-01 23:21:03
ATTN_config_S32_D512_H8_HD32_G1_layer_norm_ROPETrue_UHD2_ap_fixed_16_5_,ok,0,1114,2026-10-01 23:21:16
ATTN_config_S32_D512_H8_HD32_G2_layer_norm_ROPEFalse_UHD4_ap_fixed_16_5_,ok,0,1095,2026-10-01 23:22:39
ATTN_config_S32_D512_H8_HD32_G4_layer_norm_ROPEFalse_UHD1_ap_fixed_16_5_,ok,0,988,2026-10-01 23:23:38
ATTN_config_S32_D512_H8_HD32_G2_layer_norm_ROPETrue_UHD2_ap_fixed_16_5_,ok,0,1072,2026-10-01 23:24:12
ATTN_config_S32_D512_H8_HD32_G2_rms_norm_ROPEFalse_UHD8_ap_fixed_16_5_,ok,0,1191,2026-10-01 23:26:26
ATTN_config_S32_D512_H8_HD32_G4_layer_norm_ROPETrue_UHD1_ap_fixed_16_5_,ok,0,1016,2026-10-01 23:27:15
ATTN_config_S8_D128_H16_HD16_G1_layer_norm_ROPEFalse_UHD2_ap_fixed_16_5_,ok,0,601,2026-10-01 23:27:19
ATTN_config_S8_D128_H16_HD16_G1_layer_norm_ROPEFalse_UHD8_ap_fixed_16_5_,ok,0,629,2026-10-01 23:27:49
ATTN_config_S8_D128_H16_HD16_G1_layer_norm_ROPETrue_UHD1_ap_fixed_16_5_,ok,0,639,2026-10-01 23:28:21
ATTN_config_S32_D512_H8_HD64_G2_rms_norm_ROPEFalse_UHD1_ap_fixed_16_5_,ok,0,921,2026-10-01 23:28:25
ATTN_config_S8_D128_H16_HD16_G1_rms_norm_ROPETrue_UHD2_ap_fixed_16_5_,ok,0,615,2026-10-01 23:28:51
ATTN_config_S32_D512_H8_HD32_G4_layer_norm_ROPEFalse_UHD4_ap_fixed_16_5_,ok,0,1124,2026-10-01 23:28:56
ATTN_config_S32_D512_H8_HD32_G4_rms_norm_ROPETrue_UHD4_ap_fixed_16_5_,ok,0,1094,2026-10-01 23:29:11
ATTN_config_S8_D128_H16_HD16_G2_rms_norm_ROPEFalse_UHD1_ap_fixed_16_5_,ok,0,557,2026-10-01 23:29:13
ATTN_config_S32_D512_H8_HD64_G1_rms_norm_ROPETrue_UHD2_ap_fixed_16_5_,ok,0,1010,2026-10-01 23:29:34
ATTN_config_S32_D512_H8_HD64_G2_rms_norm_ROPEFalse_UHD2_ap_fixed_16_5_,ok,0,982,2026-10-01 23:29:37
ATTN_config_S8_D128_H16_HD16_G1_rms_norm_ROPETrue_UHD4_ap_fixed_16_5_,ok,0,635,2026-10-01 23:29:45
ATTN_config_S32_D512_H8_HD64_G1_layer_norm_ROPEFalse_UHD4_ap_fixed_16_5_,ok,0,1126,2026-10-01 23:29:57
ATTN_config_S32_D512_H8_HD32_G4_rms_norm_ROPEFalse_UHD8_ap_fixed_16_5_,ok,0,1168,2026-10-01 23:30:00
ATTN_config_S8_D128_H16_HD16_G2_layer_norm_ROPEFalse_UHD4_ap_fixed_16_5_,ok,0,626,2026-10-01 23:30:19
ATTN_config_S8_D128_H16_HD16_G2_rms_norm_ROPETrue_UHD2_ap_fixed_16_5_,ok,0,622,2026-10-01 23:30:29
ATTN_config_S8_D128_H16_HD16_G4_layer_norm_ROPEFalse_UHD1_ap_fixed_16_5_,ok,0,613,2026-10-01 23:30:32
ATTN_config_S32_D512_H8_HD32_G4_layer_norm_ROPEFalse_UHD8_ap_fixed_16_5_,ok,0,1218,2026-10-01 23:30:36
ATTN_config_S32_D512_H8_HD64_G4_layer_norm_ROPEFalse_UHD1_ap_fixed_16_5_,ok,0,1007,2026-10-01 23:31:05
ATTN_config_S8_D128_H16_HD16_G4_layer_norm_ROPEFalse_UHD2_ap_fixed_16_5_,ok,0,610,2026-10-01 23:31:14
ATTN_config_S32_D512_H8_HD64_G4_rms_norm_ROPEFalse_UHD1_ap_fixed_16_5_,ok,0,940,2026-10-01 23:32:02
ATTN_config_S32_D512_H8_HD64_G4_layer_norm_ROPETrue_UHD1_ap_fixed_16_5_,ok,0,1065,2026-10-01 23:32:10
ATTN_config_S8_D128_H16_HD16_G4_layer_norm_ROPEFalse_UHD8_ap_fixed_16_5_,ok,0,658,2026-10-01 23:32:14
ATTN_config_S32_D512_H8_HD64_G1_rms_norm_ROPEFalse_UHD8_ap_fixed_16_5_,ok,0,1211,2026-10-01 23:32:52
ATTN_config_S32_D512_H8_HD64_G4_layer_norm_ROPETrue_UHD2_ap_fixed_16_5_,ok,0,1068,2026-10-01 23:33:07
ATTN_config_S8_D128_H16_HD16_G4_rms_norm_ROPEFalse_UHD4_ap_fixed_16_5_,ok,0,585,2026-10-01 23:33:23
ATTN_config_S32_D512_H8_HD64_G4_rms_norm_ROPETrue_UHD1_ap_fixed_16_5_,ok,0,985,2026-10-01 23:33:34
ATTN_config_S8_D128_H16_HD16_G4_layer_norm_ROPETrue_UHD4_ap_fixed_16_5_,ok,0,684,2026-10-01 23:34:02
ATTN_config_S32_D512_H8_HD64_G2_rms_norm_ROPEFalse_UHD8_ap_fixed_16_5_,ok,0,1211,2026-10-01 23:34:18
ATTN_config_S8_D128_H16_HD32_G2_layer_norm_ROPEFalse_UHD2_ap_fixed_16_5_,ok,0,615,2026-10-01 23:34:27
ATTN_config_S8_D128_H16_HD32_G2_rms_norm_ROPEFalse_UHD2_ap_fixed_16_5_,ok,0,564,2026-10-01 23:36:43
ATTN_config_S32_D512_H8_HD64_G4_layer_norm_ROPETrue_UHD8_ap_fixed_16_5_,ok,0,1299,2026-10-01 23:37:47
ATTN_config_S8_D128_H16_HD32_G2_layer_norm_ROPEFalse_UHD8_ap_fixed_16_5_,ok,0,699,2026-10-01 23:38:05
ATTN_config_S8_D128_H16_HD32_G2_rms_norm_ROPEFalse_UHD8_ap_fixed_16_5_,ok,0,617,2026-10-01 23:38:06
ATTN_config_S8_D128_H16_HD32_G2_rms_norm_ROPETrue_UHD1_ap_fixed_16_5_,ok,0,653,2026-10-01 23:39:14
ATTN_config_S8_D128_H16_HD32_G4_layer_norm_ROPEFalse_UHD1_ap_fixed_16_5_,ok,0,632,2026-10-01 23:39:23
ATTN_config_S8_D128_H16_HD64_G1_layer_norm_ROPEFalse_UHD1_ap_fixed_16_5_,ok,0,628,2026-10-01 23:39:41
ATTN_config_S8_D128_H16_HD64_G1_rms_norm_ROPEFalse_UHD4_ap_fixed_16_5_,ok,0,612,2026-10-01 23:39:46
ATTN_config_S8_D128_H16_HD32_G2_layer_norm_ROPETrue_UHD8_ap_fixed_16_5_,ok,0,760,2026-10-01 23:39:55
ATTN_config_S8_D128_H16_HD64_G2_rms_norm_ROPEFalse_UHD1_ap_fixed_16_5_,ok,0,595,2026-10-01 23:39:56
ATTN_config_S8_D128_H16_HD64_G2_rms_norm_ROPEFalse_UHD2_ap_fixed_16_5_,ok,0,584,2026-10-01 23:40:03
ATTN_config_S8_D128_H16_HD32_G2_rms_norm_ROPETrue_UHD8_ap_fixed_16_5_,ok,0,701,2026-10-01 23:40:05
ATTN_config_S8_D128_H16_HD32_G4_rms_norm_ROPETrue_UHD8_ap_fixed_16_5_,ok,0,659,2026-10-01 23:40:10
ATTN_config_S8_D128_H16_HD32_G4_layer_norm_ROPETrue_UHD4_ap_fixed_16_5_,ok,0,681,2026-10-01 23:40:18
ATTN_config_S8_D128_H16_HD64_G2_layer_norm_ROPEFalse_UHD4_ap_fixed_16_5_,ok,0,626,2026-10-01 23:40:23
ATTN_config_S8_D128_H16_HD64_G1_rms_norm_ROPEFalse_UHD8_ap_fixed_16_5_,ok,0,648,2026-10-01 23:40:25
ATTN_config_S8_D128_H16_HD64_G1_rms_norm_ROPETrue_UHD4_ap_fixed_16_5_,ok,0,689,2026-10-01 23:41:14
ATTN_config_S8_D128_H32_HD16_G1_rms_norm_ROPEFalse_UHD2_ap_fixed_16_5_,ok,0,552,2026-10-01 23:41:22
ATTN_config_S8_D128_H16_HD64_G2_rms_norm_ROPETrue_UHD4_ap_fixed_16_5_,ok,0,654,2026-10-01 23:41:23
ATTN_config_S8_D128_H16_HD64_G4_rms_norm_ROPETrue_UHD2_ap_fixed_16_5_,ok,0,646,2026-10-01 23:41:51
ATTN_config_S8_D128_H32_HD16_G1_layer_norm_ROPETrue_UHD4_ap_fixed_16_5_,ok,0,661,2026-10-01 23:42:15
ATTN_config_S8_D128_H32_HD16_G1_rms_norm_ROPETrue_UHD1_ap_fixed_16_5_,ok,0,606,2026-10-01 23:42:20
ATTN_config_S8_D128_H16_HD64_G4_layer_norm_ROPETrue_UHD8_ap_fixed_16_5_,ok,0,719,2026-10-01 23:42:35
ATTN_config_S8_D128_H16_HD64_G2_rms_norm_ROPETrue_UHD8_ap_fixed_16_5_,ok,0,732,2026-10-01 23:42:45
ATTN_config_S8_D128_H32_HD16_G1_rms_norm_ROPETrue_UHD2_ap_fixed_16_5_,ok,0,625,2026-10-01 23:43:17
ATTN_config_S8_D128_H32_HD16_G1_layer_norm_ROPETrue_UHD8_ap_fixed_16_5_,ok,0,687,2026-10-01 23:43:29
ATTN_config_S8_D128_H32_HD16_G4_layer_norm_ROPEFalse_UHD1_ap_fixed_16_5_,ok,0,607,2026-10-01 23:44:09
ATTN_config_S8_D128_H32_HD16_G1_rms_norm_ROPETrue_UHD4_ap_fixed_16_5_,ok,0,667,2026-10-01 23:44:14
ATTN_config_S8_D128_H32_HD16_G2_layer_norm_ROPEFalse_UHD1_ap_fixed_16_5_,ok,0,657,2026-10-01 23:44:19
ATTN_config_S8_D128_H32_HD16_G2_layer_norm_ROPETrue_UHD2_ap_fixed_16_5_,ok,0,665,2026-10-01 23:44:39
ATTN_config_S8_D128_H32_HD16_G4_layer_norm_ROPETrue_UHD1_ap_fixed_16_5_,ok,0,638,2026-10-01 23:44:56
ATTN_config_S8_D128_H32_HD16_G4_layer_norm_ROPETrue_UHD4_ap_fixed_16_5_,ok,0,653,2026-10-01 23:45:19
ATTN_config_S8_D128_H32_HD16_G4_rms_norm_ROPEFalse_UHD2_ap_fixed_16_5_,ok,0,561,2026-10-01 23:46:04
ATTN_config_S8_D128_H32_HD16_G4_rms_norm_ROPEFalse_UHD4_ap_fixed_16_5_,ok,0,572,2026-10-01 23:47:19
ATTN_config_S8_D128_H32_HD16_G4_rms_norm_ROPETrue_UHD2_ap_fixed_16_5_,ok,0,603,2026-10-01 23:48:08
ATTN_config_S8_D128_H32_HD32_G1_layer_norm_ROPEFalse_UHD8_ap_fixed_16_5_,ok,0,665,2026-10-01 23:49:11
ATTN_config_S8_D128_H32_HD32_G2_rms_norm_ROPEFalse_UHD2_ap_fixed_16_5_,ok,0,574,2026-10-01 23:49:39
ATTN_config_S8_D128_H32_HD32_G1_rms_norm_ROPEFalse_UHD4_ap_fixed_16_5_,ok,0,606,2026-10-01 23:49:47
ATTN_config_S8_D128_H32_HD32_G2_layer_norm_ROPEFalse_UHD2_ap_fixed_16_5_,ok,0,611,2026-10-01 23:50:06
ATTN_config_S8_D128_H32_HD32_G1_rms_norm_ROPETrue_UHD4_ap_fixed_16_5_,ok,0,629,2026-10-01 23:50:15
ATTN_config_S8_D128_H32_HD32_G1_layer_norm_ROPETrue_UHD1_ap_fixed_16_5_,ok,0,666,2026-10-01 23:50:20
ATTN_config_S8_D128_H32_HD32_G1_layer_norm_ROPETrue_UHD2_ap_fixed_16_5_,ok,0,660,2026-10-01 23:50:23
ATTN_config_S8_D128_H32_HD32_G2_rms_norm_ROPEFalse_UHD8_ap_fixed_16_5_,ok,0,619,2026-10-01 23:50:29
ATTN_config_S8_D128_H32_HD32_G2_rms_norm_ROPETrue_UHD2_ap_fixed_16_5_,ok,0,621,2026-10-01 23:50:39
ATTN_config_S8_D128_H32_HD32_G2_layer_norm_ROPETrue_UHD2_ap_fixed_16_5_,ok,0,655,2026-10-01 23:50:51
ATTN_config_S8_D128_H32_HD32_G4_rms_norm_ROPEFalse_UHD4_ap_fixed_16_5_,ok,0,589,2026-10-01 23:51:03
ATTN_config_S8_D128_H32_HD32_G4_layer_norm_ROPETrue_UHD1_ap_fixed_16_5_,ok,0,660,2026-10-01 23:51:24
ATTN_config_S8_D128_H32_HD32_G4_layer_norm_ROPETrue_UHD4_ap_fixed_16_5_,ok,0,675,2026-10-01 23:51:40
ATTN_config_S8_D128_H32_HD32_G2_layer_norm_ROPETrue_UHD8_ap_fixed_16_5_,ok,0,700,2026-10-01 23:51:43
ATTN_config_S8_D128_H32_HD64_G1_layer_norm_ROPEFalse_UHD1_ap_fixed_16_5_,ok,0,649,2026-10-01 23:52:11
ATTN_config_S8_D128_H32_HD64_G1_layer_norm_ROPEFalse_UHD4_ap_fixed_16_5_,ok,0,657,2026-10-01 23:52:20
ATTN_config_S8_D128_H32_HD64_G1_layer_norm_ROPEFalse_UHD8_ap_fixed_16_5_,ok,0,694,2026-10-01 23:53:26
ATTN_config_S8_D128_H32_HD64_G2_layer_norm_ROPEFalse_UHD1_ap_fixed_16_5_,ok,0,656,2026-10-01 23:53:30
ATTN_config_S8_D128_H32_HD64_G1_layer_norm_ROPETrue_UHD1_ap_fixed_16_5_,ok,0,684,2026-10-01 23:53:39
ATTN_config_S8_D128_H32_HD64_G1_layer_norm_ROPETrue_UHD2_ap_fixed_16_5_,ok,0,688,2026-10-01 23:53:48
ATTN_config_S8_D128_H32_HD64_G2_layer_norm_ROPEFalse_UHD8_ap_fixed_16_5_,ok,0,690,2026-10-01 23:54:15
ATTN_config_S8_D128_H32_HD64_G4_rms_norm_ROPEFalse_UHD2_ap_fixed_16_5_,ok,0,597,2026-10-01 23:54:16
ATTN_config_S8_D128_H32_HD64_G2_layer_norm_ROPETrue_UHD1_ap_fixed_16_5_,ok,0,698,2026-10-01 23:54:55
ATTN_config_S8_D128_H32_HD64_G2_rms_norm_ROPEFalse_UHD8_ap_fixed_16_5_,ok,0,657,2026-10-01 23:55:06
ATTN_config_S8_D128_H32_HD64_G4_rms_norm_ROPEFalse_UHD4_ap_fixed_16_5_,ok,0,642,2026-10-01 23:55:20
ATTN_config_S8_D128_H32_HD64_G2_layer_norm_ROPETrue_UHD4_ap_fixed_16_5_,ok,0,719,2026-10-01 23:55:28
ATTN_config_S8_D128_H32_HD64_G4_rms_norm_ROPETrue_UHD1_ap_fixed_16_5_,ok,0,659,2026-10-01 23:55:55
ATTN_config_S8_D128_H32_HD64_G4_rms_norm_ROPETrue_UHD2_ap_fixed_16_5_,ok,0,652,2026-10-01 23:56:11
ATTN_config_S8_D128_H32_HD64_G4_layer_norm_ROPETrue_UHD8_ap_fixed_16_5_,ok,0,739,2026-10-01 23:56:33
ATTN_config_S8_D128_H32_HD64_G4_rms_norm_ROPETrue_UHD4_ap_fixed_16_5_,ok,0,667,2026-10-01 23:57:11
ATTN_config_S8_D128_H8_HD16_G1_rms_norm_ROPEFalse_UHD2_ap_fixed_16_5_,ok,0,539,2026-10-01 23:58:10
ATTN_config_S8_D128_H8_HD16_G1_layer_norm_ROPETrue_UHD4_ap_fixed_16_5_,ok,0,669,2026-10-01 23:58:28
ATTN_config_S8_D128_H8_HD16_G1_rms_norm_ROPEFalse_UHD4_ap_fixed_16_5_,ok,0,561,2026-10-01 23:59:00
ATTN_config_S8_D128_H8_HD16_G1_layer_norm_ROPETrue_UHD8_ap_fixed_16_5_,ok,0,668,2026-10-01 23:59:16
ATTN_config_S8_D128_H8_HD16_G4_rms_norm_ROPEFalse_UHD1_ap_fixed_16_5_,ok,0,533,2026-10-01 23:59:21
ATTN_config_S8_D128_H8_HD16_G1_rms_norm_ROPETrue_UHD4_ap_fixed_16_5_,ok,0,599,2026-10-01 23:59:46
ATTN_config_S8_D128_H8_HD16_G2_rms_norm_ROPETrue_UHD2_ap_fixed_16_5_,ok,0,576,2026-10-01 23:59:51
ATTN_config_S8_D128_H8_HD16_G4_rms_norm_ROPEFalse_UHD8_ap_fixed_16_5_,ok,0,585,2026-10-02 00:00:24
ATTN_config_S8_D128_H8_HD16_G4_rms_norm_ROPETrue_UHD2_ap_fixed_16_5_,ok,0,588,2026-10-02 00:00:39
ATTN_config_S8_D128_H8_HD16_G2_layer_norm_ROPETrue_UHD4_ap_fixed_16_5_,ok,0,637,2026-10-02 00:00:43
ATTN_config_S8_D128_H8_HD16_G4_rms_norm_ROPETrue_UHD4_ap_fixed_16_5_,ok,0,595,2026-10-02 00:00:58
ATTN_config_S8_D128_H8_HD32_G1_layer_norm_ROPEFalse_UHD1_ap_fixed_16_5_,ok,0,585,2026-10-02 00:01:09
ATTN_config_S8_D128_H8_HD16_G4_layer_norm_ROPETrue_UHD4_ap_fixed_16_5_,ok,0,658,2026-10-02 00:01:19
ATTN_config_S8_D128_H8_HD32_G1_rms_norm_ROPEFalse_UHD1_ap_fixed_16_5_,ok,0,547,2026-10-02 00:01:27
ATTN_config_S8_D128_H8_HD16_G4_layer_norm_ROPETrue_UHD8_ap_fixed_16_5_,ok,0,674,2026-10-02 00:01:37
ATTN_config_S8_D128_H8_HD32_G1_layer_norm_ROPEFalse_UHD2_ap_fixed_16_5_,ok,0,606,2026-10-02 00:01:46
ATTN_config_S8_D128_H8_HD32_G1_layer_norm_ROPEFalse_UHD8_ap_fixed_16_5_,ok,0,620,2026-10-02 00:02:03
ATTN_config_S8_D128_H8_HD32_G2_rms_norm_ROPEFalse_UHD2_ap_fixed_16_5_,ok,0,552,2026-10-02 00:03:00
ATTN_config_S8_D128_H8_HD32_G1_layer_norm_ROPETrue_UHD4_ap_fixed_16_5_,ok,0,653,2026-10-02 00:03:04
ATTN_config_S8_D128_H8_HD32_G1_rms_norm_ROPEFalse_UHD8_ap_fixed_16_5_,ok,0,584,2026-10-02 00:03:10
ATTN_config_S8_D128_H8_HD32_G2_layer_norm_ROPEFalse_UHD4_ap_fixed_16_5_,ok,0,599,2026-10-02 00:03:30
ATTN_config_S8_D128_H8_HD32_G2_rms_norm_ROPEFalse_UHD4_ap_fixed_16_5_,ok,0,569,2026-10-02 00:03:44
ATTN_config_S8_D128_H8_HD32_G4_rms_norm_ROPEFalse_UHD2_ap_fixed_16_5_,ok,0,550,2026-10-02 00:04:05
ATTN_config_S8_D128_H8_HD32_G2_layer_norm_ROPEFalse_UHD8_ap_fixed_16_5_,ok,0,627,2026-10-02 00:04:06
ATTN_config_S8_D128_H8_HD32_G2_rms_norm_ROPETrue_UHD4_ap_fixed_16_5_,ok,0,604,2026-10-02 00:04:20
ATTN_config_S8_D128_H8_HD32_G4_rms_norm_ROPEFalse_UHD8_ap_fixed_16_5_,ok,0,583,2026-10-02 00:04:49
ATTN_config_S8_D128_H8_HD32_G4_rms_norm_ROPETrue_UHD1_ap_fixed_16_5_,ok,0,589,2026-10-02 00:05:10
ATTN_config_S8_D128_H8_HD64_G1_layer_norm_ROPEFalse_UHD1_ap_fixed_16_5_,ok,0,602,2026-10-02 00:05:57
ATTN_config_S8_D128_H8_HD32_G4_rms_norm_ROPETrue_UHD8_ap_fixed_16_5_,ok,0,638,2026-10-02 00:06:06
ATTN_config_S8_D128_H8_HD64_G1_layer_norm_ROPEFalse_UHD2_ap_fixed_16_5_,ok,0,611,2026-10-02 00:06:22
ATTN_config_S8_D128_H8_HD64_G1_layer_norm_ROPEFalse_UHD4_ap_fixed_16_5_,ok,0,642,2026-10-02 00:07:16
ATTN_config_S8_D128_H8_HD64_G1_rms_norm_ROPEFalse_UHD1_ap_fixed_16_5_,ok,0,546,2026-10-02 00:07:16
ATTN_config_S8_D128_H8_HD64_G1_rms_norm_ROPETrue_UHD1_ap_fixed_16_5_,ok,0,594,2026-10-02 00:08:23
ATTN_config_S8_D128_H8_HD64_G1_layer_norm_ROPETrue_UHD8_ap_fixed_16_5_,ok,0,686,2026-10-02 00:08:37
ATTN_config_S8_D128_H8_HD64_G2_rms_norm_ROPEFalse_UHD4_ap_fixed_16_5_,ok,0,569,2026-10-02 00:08:50
ATTN_config_S8_D128_H8_HD64_G2_rms_norm_ROPEFalse_UHD1_ap_fixed_16_5_,ok,0,578,2026-10-02 00:08:54
ATTN_config_S8_D128_H8_HD64_G1_rms_norm_ROPETrue_UHD4_ap_fixed_16_5_,ok,0,618,2026-10-02 00:09:18
ATTN_config_S8_D128_H8_HD64_G2_rms_norm_ROPETrue_UHD1_ap_fixed_16_5_,ok,0,595,2026-10-02 00:09:41
ATTN_config_S8_D256_H16_HD16_G1_rms_norm_ROPEFalse_UHD2_ap_fixed_16_5_,ok,0,557,2026-10-02 00:10:15
ATTN_config_S8_D256_H16_HD16_G1_rms_norm_ROPEFalse_UHD4_ap_fixed_16_5_,ok,0,557,2026-10-02 00:10:25
ATTN_config_S8_D128_H8_HD64_G4_layer_norm_ROPETrue_UHD4_ap_fixed_16_5_,ok,0,660,2026-10-02 00:10:51
ATTN_config_S8_D256_H16_HD16_G1_layer_norm_ROPEFalse_UHD8_ap_fixed_16_5_,ok,0,628,2026-10-02 00:11:07
ATTN_config_S8_D256_H16_HD16_G1_layer_norm_ROPETrue_UHD2_ap_fixed_16_5_,ok,0,645,2026-10-02 00:11:28
ATTN_config_S8_D256_H16_HD16_G2_rms_norm_ROPETrue_UHD2_ap_fixed_16_5_,ok,0,598,2026-10-02 00:11:36
ATTN_config_S8_D128_H8_HD64_G4_layer_norm_ROPETrue_UHD8_ap_fixed_16_5_,ok,0,673,2026-10-02 00:11:37
ATTN_config_S8_D256_H16_HD16_G4_layer_norm_ROPEFalse_UHD2_ap_fixed_16_5_,ok,0,603,2026-10-02 00:11:48
ATTN_config_S8_D256_H16_HD16_G4_rms_norm_ROPEFalse_UHD1_ap_fixed_16_5_,ok,0,547,2026-10-02 00:12:07
ATTN_config_S8_D256_H16_HD16_G4_layer_norm_ROPEFalse_UHD4_ap_fixed_16_5_,ok,0,606,2026-10-02 00:12:08
ATTN_config_S8_D256_H16_HD16_G2_layer_norm_ROPETrue_UHD2_ap_fixed_16_5_,ok,0,659,2026-10-02 00:12:17
ATTN_config_S8_D256_H16_HD16_G2_layer_norm_ROPETrue_UHD8_ap_fixed_16_5_,ok,0,677,2026-10-02 00:12:43
ATTN_config_S8_D256_H16_HD16_G4_rms_norm_ROPETrue_UHD2_ap_fixed_16_5_,ok,0,611,2026-10-02 00:13:14
ATTN_config_S8_D256_H16_HD32_G1_rms_norm_ROPEFalse_UHD8_ap_fixed_16_5_,ok,0,614,2026-10-02 00:13:23
ATTN_config_S8_D256_H16_HD32_G1_rms_norm_ROPETrue_UHD2_ap_fixed_16_5_,ok,0,610,2026-10-02 00:13:40
ATTN_config_S8_D256_H16_HD32_G1_rms_norm_ROPETrue_UHD4_ap_fixed_16_5_,ok,0,637,2026-10-02 00:14:21
ATTN_config_S8_D256_H16_HD32_G2_rms_norm_ROPEFalse_UHD2_ap_fixed_16_5_,ok,0,578,2026-10-02 00:14:28
ATTN_config_S8_D256_H16_HD32_G2_layer_norm_ROPETrue_UHD1_ap_fixed_16_5_,ok,0,655,2026-10-02 00:15:00
ATTN_config_S8_D256_H16_HD32_G2_layer_norm_ROPETrue_UHD2_ap_fixed_16_5_,ok,0,673,2026-10-02 00:15:19
ATTN_config_S8_D256_H16_HD32_G2_rms_norm_ROPEFalse_UHD8_ap_fixed_16_5_,ok,0,618,2026-10-02 00:15:28
ATTN_config_S8_D256_H16_HD32_G2_layer_norm_ROPETrue_UHD8_ap_fixed_16_5_,ok,0,695,2026-10-02 00:15:55
ATTN_config_S8_D256_H16_HD32_G4_layer_norm_ROPEFalse_UHD1_ap_fixed_16_5_,ok,0,610,2026-10-02 00:16:16
ATTN_config_S8_D256_H16_HD32_G2_rms_norm_ROPETrue_UHD4_ap_fixed_16_5_,ok,0,647,2026-10-02 00:16:43
ATTN_config_S8_D256_H16_HD32_G4_layer_norm_ROPEFalse_UHD2_ap_fixed_16_5_,ok,0,622,2026-10-02 00:16:45
ATTN_config_S8_D256_H16_HD32_G4_layer_norm_ROPEFalse_UHD4_ap_fixed_16_5_,ok,0,630,2026-10-02 00:17:46
ATTN_config_S8_D256_H16_HD32_G4_rms_norm_ROPEFalse_UHD1_ap_fixed_16_5_,ok,0,571,2026-10-02 00:17:54
ATTN_config_S8_D256_H16_HD32_G4_rms_norm_ROPEFalse_UHD2_ap_fixed_16_5_,ok,0,578,2026-10-02 00:18:15
ATTN_config_S8_D256_H16_HD32_G4_layer_norm_ROPETrue_UHD1_ap_fixed_16_5_,ok,0,671,2026-10-02 00:18:27
ATTN_config_S8_D256_H16_HD32_G4_rms_norm_ROPEFalse_UHD8_ap_fixed_16_5_,ok,0,623,2026-10-02 00:19:13
ATTN_config_S8_D256_H16_HD32_G4_rms_norm_ROPETrue_UHD8_ap_fixed_16_5_,ok,0,657,2026-10-02 00:19:51
ATTN_config_S8_D256_H16_HD64_G1_rms_norm_ROPETrue_UHD1_ap_fixed_16_5_,ok,0,641,2026-10-02 00:20:22
ATTN_config_S8_D256_H16_HD64_G2_rms_norm_ROPEFalse_UHD1_ap_fixed_16_5_,ok,0,601,2026-10-02 00:20:52
ATTN_config_S8_D256_H16_HD64_G2_rms_norm_ROPEFalse_UHD2_ap_fixed_16_5_,ok,0,606,2026-10-02 00:21:12
ATTN_config_S8_D256_H16_HD64_G1_layer_norm_ROPETrue_UHD8_ap_fixed_16_5_,ok,0,757,2026-10-02 00:21:56
ATTN_config_S8_D256_H16_HD64_G1_rms_norm_ROPETrue_UHD8_ap_fixed_16_5_,ok,0,714,2026-10-02 00:22:09
ATTN_config_S8_D256_H16_HD64_G4_layer_norm_ROPEFalse_UHD2_ap_fixed_16_5_,ok,0,647,2026-10-02 00:22:15
ATTN_config_S8_D256_H16_HD64_G2_layer_norm_ROPETrue_UHD4_ap_fixed_16_5_,ok,0,719,2026-10-02 00:22:25
ATTN_config_S8_D256_H16_HD64_G4_rms_norm_ROPETrue_UHD2_ap_fixed_16_5_,ok,0,638,2026-10-02 00:22:27
ATTN_config_S8_D256_H16_HD64_G4_rms_norm_ROPEFalse_UHD8_ap_fixed_16_5_,ok,0,651,2026-10-02 00:22:28
ATTN_config_S8_D256_H16_HD64_G4_layer_norm_ROPEFalse_UHD4_ap_fixed_16_5_,ok,0,663,2026-10-02 00:22:38
ATTN_config_S8_D256_H32_HD16_G4_rms_norm_ROPEFalse_UHD8_ap_fixed_16_5_,ok,0,612,2026-10-02 00:22:55
ATTN_config_S8_D256_H32_HD16_G4_layer_norm_ROPEFalse_UHD8_ap_fixed_16_5_,ok,0,654,2026-10-02 00:23:02
ATTN_config_S8_D256_H16_HD64_G4_rms_norm_ROPETrue_UHD4_ap_fixed_16_5_,ok,0,657,2026-10-02 00:23:04
ATTN_config_S8_D256_H32_HD16_G4_layer_norm_ROPETrue_UHD2_ap_fixed_16_5_,ok,0,661,2026-10-02 00:23:18
ATTN_config_S8_D256_H32_HD32_G1_layer_norm_ROPEFalse_UHD1_ap_fixed_16_5_,ok,0,636,2026-10-02 00:23:50
ATTN_config_S8_D256_H32_HD32_G1_layer_norm_ROPEFalse_UHD2_ap_fixed_16_5_,ok,0,637,2026-10-02 00:24:00
ATTN_config_S8_D256_H32_HD32_G1_rms_norm_ROPEFalse_UHD2_ap_fixed_16_5_,ok,0,601,2026-10-02 00:24:29
ATTN_config_S8_D256_H32_HD32_G1_rms_norm_ROPEFalse_UHD4_ap_fixed_16_5_,ok,0,616,2026-10-02 00:25:15
ATTN_config_S8_D256_H32_HD32_G1_layer_norm_ROPEFalse_UHD8_ap_fixed_16_5_,ok,0,714,2026-10-02 00:25:34
ATTN_config_S8_D256_H32_HD32_G2_layer_norm_ROPEFalse_UHD2_ap_fixed_16_5_,ok,0,645,2026-10-02 00:26:13
ATTN_config_S8_D256_H32_HD32_G2_rms_norm_ROPEFalse_UHD1_ap_fixed_16_5_,ok,0,609,2026-10-02 00:26:25
ATTN_config_S8_D256_H32_HD32_G1_layer_norm_ROPETrue_UHD8_ap_fixed_16_5_,ok,0,741,2026-10-02 00:26:42
ATTN_config_S8_D256_H32_HD32_G2_rms_norm_ROPEFalse_UHD4_ap_fixed_16_5_,ok,0,615,2026-10-02 00:26:58
ATTN_config_S8_D256_H32_HD32_G1_rms_norm_ROPETrue_UHD8_ap_fixed_16_5_,ok,0,722,2026-10-02 00:27:21
ATTN_config_S8_D256_H32_HD32_G2_rms_norm_ROPETrue_UHD1_ap_fixed_16_5_,ok,0,656,2026-10-02 00:27:41
ATTN_config_S8_D256_H32_HD32_G2_layer_norm_ROPEFalse_UHD8_ap_fixed_16_5_,ok,0,731,2026-10-02 00:28:06
ATTN_config_S8_D256_H32_HD32_G4_rms_norm_ROPEFalse_UHD8_ap_fixed_16_5_,ok,0,660,2026-10-02 00:28:53
ATTN_config_S8_D256_H32_HD32_G4_layer_norm_ROPEFalse_UHD4_ap_fixed_16_5_,ok,0,677,2026-10-02 00:29:02
ATTN_config_S8_D256_H32_HD32_G4_rms_norm_ROPETrue_UHD1_ap_fixed_16_5_,ok,0,647,2026-10-02 00:29:02
ATTN_config_S8_D256_H32_HD32_G4_rms_norm_ROPETrue_UHD8_ap_fixed_16_5_,ok,0,718,2026-10-02 00:30:25
ATTN_config_S8_D256_H32_HD64_G1_rms_norm_ROPEFalse_UHD8_ap_fixed_16_5_,ok,0,709,2026-10-02 00:31:40
ATTN_config_S8_D256_H32_HD64_G1_layer_norm_ROPETrue_UHD1_ap_fixed_16_5_,ok,0,760,2026-10-02 00:31:53
ATTN_config_S8_D256_H8_HD16_G1_rms_norm_ROPEFalse_UHD2_ap_fixed_16_5_,ok,0,547,2026-10-02 00:32:11
ATTN_config_S8_D256_H32_HD64_G1_rms_norm_ROPETrue_UHD1_ap_fixed_16_5_,ok,0,730,2026-10-02 00:32:32
ATTN_config_S8_D256_H8_HD16_G1_rms_norm_ROPEFalse_UHD4_ap_fixed_16_5_,ok,0,557,2026-10-02 00:32:35
ATTN_config_S8_D256_H32_HD64_G1_rms_norm_ROPETrue_UHD2_ap_fixed_16_5_,ok,0,738,2026-10-02 00:33:10
ATTN_config_S8_D256_H8_HD16_G2_rms_norm_ROPEFalse_UHD2_ap_fixed_16_5_,ok,0,566,2026-10-02 00:33:26
ATTN_config_S8_D256_H32_HD64_G4_rms_norm_ROPEFalse_UHD1_ap_fixed_16_5_,ok,0,661,2026-10-02 00:33:28
ATTN_config_S8_D256_H8_HD16_G2_rms_norm_ROPEFalse_UHD4_ap_fixed_16_5_,ok,0,557,2026-10-02 00:33:46
ATTN_config_S8_D256_H32_HD64_G4_rms_norm_ROPEFalse_UHD4_ap_fixed_16_5_,ok,0,668,2026-10-02 00:33:46
ATTN_config_S8_D256_H32_HD64_G1_rms_norm_ROPETrue_UHD4_ap_fixed_16_5_,ok,0,760,2026-10-02 00:33:53
ATTN_config_S8_D256_H32_HD64_G4_layer_norm_ROPEFalse_UHD1_ap_fixed_16_5_,ok,0,708,2026-10-02 00:34:03
ATTN_config_S8_D256_H32_HD64_G2_rms_norm_ROPEFalse_UHD8_ap_fixed_16_5_,ok,0,720,2026-10-02 00:34:09
ATTN_config_S8_D256_H32_HD64_G4_layer_norm_ROPEFalse_UHD2_ap_fixed_16_5_,ok,0,706,2026-10-02 00:34:10
ATTN_config_S8_D256_H8_HD16_G1_layer_norm_ROPETrue_UHD8_ap_fixed_16_5_,ok,0,670,2026-10-02 00:34:13
ATTN_config_S8_D256_H8_HD16_G2_layer_norm_ROPETrue_UHD4_ap_fixed_16_5_,ok,0,648,2026-10-02 00:34:38
ATTN_config_S8_D256_H32_HD64_G2_layer_norm_ROPETrue_UHD4_ap_fixed_16_5_,ok,0,780,2026-10-02 00:34:56
ATTN_config_S8_D256_H32_HD64_G4_rms_norm_ROPEFalse_UHD8_ap_fixed_16_5_,ok,0,724,2026-10-02 00:35:00
ATTN_config_S8_D256_H8_HD16_G2_rms_norm_ROPETrue_UHD1_ap_fixed_16_5_,ok,0,585,2026-10-02 00:35:00
ATTN_config_S8_D256_H8_HD16_G2_rms_norm_ROPETrue_UHD2_ap_fixed_16_5_,ok,0,603,2026-10-02 00:35:37
ATTN_config_S8_D256_H32_HD64_G4_layer_norm_ROPETrue_UHD8_ap_fixed_16_5_,ok,0,796,2026-10-02 00:35:42
ATTN_config_S8_D256_H8_HD16_G4_layer_norm_ROPEFalse_UHD2_ap_fixed_16_5_,ok,0,600,2026-10-02 00:36:25
ATTN_config_S8_D256_H8_HD16_G4_rms_norm_ROPETrue_UHD1_ap_fixed_16_5_,ok,0,584,2026-10-02 00:36:25
ATTN_config_S8_D256_H8_HD16_G2_rms_norm_ROPETrue_UHD8_ap_fixed_16_5_,ok,0,636,2026-10-02 00:36:49
ATTN_config_S8_D256_H8_HD32_G1_rms_norm_ROPEFalse_UHD1_ap_fixed_16_5_,ok,0,549,2026-10-02 00:36:50
ATTN_config_S8_D256_H8_HD32_G1_layer_norm_ROPEFalse_UHD4_ap_fixed_16_5_,ok,0,613,2026-10-02 00:37:11
ATTN_config_S8_D256_H8_HD32_G1_rms_norm_ROPETrue_UHD1_ap_fixed_16_5_,ok,0,607,2026-10-02 00:38:13
ATTN_config_S8_D256_H8_HD32_G1_layer_norm_ROPETrue_UHD1_ap_fixed_16_5_,ok,0,658,2026-10-02 00:38:19
ATTN_config_S8_D256_H8_HD32_G2_rms_norm_ROPEFalse_UHD2_ap_fixed_16_5_,ok,0,570,2026-10-02 00:38:33
ATTN_config_S8_D256_H8_HD32_G1_rms_norm_ROPETrue_UHD4_ap_fixed_16_5_,ok,0,608,2026-10-02 00:39:10
ATTN_config_S8_D256_H8_HD32_G1_rms_norm_ROPETrue_UHD2_ap_fixed_16_5_,ok,0,624,2026-10-02 00:39:18
ATTN_config_S8_D256_H8_HD32_G2_rms_norm_ROPETrue_UHD2_ap_fixed_16_5_,ok,0,610,2026-10-02 00:40:35
ATTN_config_S8_D256_H8_HD32_G4_layer_norm_ROPEFalse_UHD1_ap_fixed_16_5_,ok,0,597,2026-10-02 00:41:50
ATTN_config_S8_D256_H8_HD32_G2_rms_norm_ROPETrue_UHD4_ap_fixed_16_5_,ok,0,612,2026-10-02 00:41:52
ATTN_config_S8_D256_H8_HD32_G4_rms_norm_ROPEFalse_UHD2_ap_fixed_16_5_,ok,0,560,2026-10-02 00:41:55
ATTN_config_S8_D256_H8_HD32_G4_layer_norm_ROPEFalse_UHD2_ap_fixed_16_5_,ok,0,593,2026-10-02 00:42:05
ATTN_config_S8_D256_H8_HD32_G4_layer_norm_ROPEFalse_UHD4_ap_fixed_16_5_,ok,0,628,2026-10-02 00:43:00
ATTN_config_S8_D256_H8_HD32_G4_rms_norm_ROPETrue_UHD1_ap_fixed_16_5_,ok,0,602,2026-10-02 00:43:12
ATTN_config_S8_D256_H8_HD64_G1_rms_norm_ROPEFalse_UHD2_ap_fixed_16_5_,ok,0,569,2026-10-02 00:43:32
ATTN_config_S8_D256_H8_HD32_G4_rms_norm_ROPETrue_UHD2_ap_fixed_16_5_,ok,0,620,2026-10-02 00:43:46
ATTN_config_S8_D256_H8_HD64_G1_rms_norm_ROPEFalse_UHD4_ap_fixed_16_5_,ok,0,592,2026-10-02 00:44:01
ATTN_config_S8_D256_H8_HD64_G2_layer_norm_ROPEFalse_UHD1_ap_fixed_16_5_,ok,0,603,2026-10-02 00:44:15
ATTN_config_S8_D256_H8_HD64_G1_layer_norm_ROPEFalse_UHD8_ap_fixed_16_5_,ok,0,650,2026-10-02 00:44:18
ATTN_config_S8_D256_H8_HD64_G2_rms_norm_ROPEFalse_UHD4_ap_fixed_16_5_,ok,0,593,2026-10-02 00:44:53
ATTN_config_S8_D256_H8_HD64_G1_layer_norm_ROPETrue_UHD2_ap_fixed_16_5_,ok,0,671,2026-10-02 00:44:56
ATTN_config_S8_D256_H8_HD64_G1_rms_norm_ROPETrue_UHD8_ap_fixed_16_5_,ok,0,653,2026-10-02 00:45:04
ATTN_config_S8_D256_H8_HD64_G2_rms_norm_ROPETrue_UHD2_ap_fixed_16_5_,ok,0,618,2026-10-02 00:45:18
ATTN_config_S8_D256_H8_HD64_G1_layer_norm_ROPETrue_UHD4_ap_fixed_16_5_,ok,0,696,2026-10-02 00:45:23
ATTN_config_S8_D256_H8_HD64_G1_layer_norm_ROPETrue_UHD8_ap_fixed_16_5_,ok,0,705,2026-10-02 00:45:38
ATTN_config_S8_D256_H8_HD64_G4_layer_norm_ROPEFalse_UHD2_ap_fixed_16_5_,ok,0,610,2026-10-02 00:45:47
ATTN_config_S8_D256_H8_HD64_G2_layer_norm_ROPETrue_UHD4_ap_fixed_16_5_,ok,0,674,2026-10-02 00:45:52
ATTN_config_S8_D256_H8_HD64_G4_rms_norm_ROPEFalse_UHD4_ap_fixed_16_5_,ok,0,595,2026-10-02 00:46:20
ATTN_config_S8_D256_H8_HD64_G2_layer_norm_ROPETrue_UHD8_ap_fixed_16_5_,ok,0,688,2026-10-02 00:46:24
ATTN_config_S8_D256_H8_HD64_G4_layer_norm_ROPETrue_UHD1_ap_fixed_16_5_,ok,0,653,2026-10-02 00:46:35
ATTN_config_S8_D256_H8_HD64_G4_rms_norm_ROPEFalse_UHD8_ap_fixed_16_5_,ok,0,612,2026-10-02 00:46:37
ATTN_config_S8_D256_H8_HD64_G4_rms_norm_ROPETrue_UHD2_ap_fixed_16_5_,ok,0,620,2026-10-02 00:47:09
ATTN_config_S8_D256_H8_HD64_G4_rms_norm_ROPETrue_UHD8_ap_fixed_16_5_,ok,0,673,2026-10-02 00:48:02
ATTN_config_S8_D512_H16_HD16_G1_layer_norm_ROPEFalse_UHD8_ap_fixed_16_5_,ok,0,683,2026-10-02 00:48:34
ATTN_config_S8_D512_H16_HD16_G1_rms_norm_ROPEFalse_UHD8_ap_fixed_16_5_,ok,0,636,2026-10-02 00:48:49
ATTN_config_S8_D512_H16_HD16_G1_rms_norm_ROPETrue_UHD1_ap_fixed_16_5_,ok,0,633,2026-10-02 00:48:52
ATTN_config_S8_D512_H16_HD16_G2_layer_norm_ROPEFalse_UHD1_ap_fixed_16_5_,ok,0,629,2026-10-02 00:49:02
ATTN_config_S8_D512_H16_HD16_G2_layer_norm_ROPETrue_UHD1_ap_fixed_16_5_,ok,0,661,2026-10-02 00:50:11
ATTN_config_S8_D512_H16_HD16_G2_layer_norm_ROPETrue_UHD2_ap_fixed_16_5_,ok,0,665,2026-10-02 00:50:23
ATTN_config_S8_D512_H16_HD16_G4_layer_norm_ROPEFalse_UHD4_ap_fixed_16_5_,ok,0,643,2026-10-02 00:51:19
ATTN_config_S8_D512_H16_HD16_G4_rms_norm_ROPEFalse_UHD1_ap_fixed_16_5_,ok,0,576,2026-10-02 00:51:31
ATTN_config_S8_D512_H16_HD16_G4_layer_norm_ROPETrue_UHD2_ap_fixed_16_5_,ok,0,667,2026-10-02 00:52:57
ATTN_config_S8_D512_H16_HD32_G1_layer_norm_ROPEFalse_UHD4_ap_fixed_16_5_,ok,0,664,2026-10-02 00:53:09
ATTN_config_S8_D512_H16_HD16_G4_layer_norm_ROPETrue_UHD4_ap_fixed_16_5_,ok,0,695,2026-10-02 00:53:27
ATTN_config_S8_D512_H16_HD32_G1_rms_norm_ROPETrue_UHD4_ap_fixed_16_5_,ok,0,689,2026-10-02 00:54:29
ATTN_config_S8_D512_H16_HD32_G4_layer_norm_ROPEFalse_UHD2_ap_fixed_16_5_,ok,0,648,2026-10-02 00:54:49
ATTN_config_S8_D512_H16_HD32_G4_rms_norm_ROPETrue_UHD1_ap_fixed_16_5_,ok,0,634,2026-10-02 00:54:52
ATTN_config_S8_D512_H16_HD32_G1_rms_norm_ROPETrue_UHD8_ap_fixed_16_5_,ok,0,701,2026-10-02 00:54:53
ATTN_config_S8_D512_H16_HD32_G2_layer_norm_ROPETrue_UHD1_ap_fixed_16_5_,ok,0,706,2026-10-02 00:55:18
ATTN_config_S8_D512_H16_HD32_G2_rms_norm_ROPETrue_UHD8_ap_fixed_16_5_,ok,0,700,2026-10-02 00:55:26
ATTN_config_S8_D512_H16_HD32_G4_layer_norm_ROPETrue_UHD1_ap_fixed_16_5_,ok,0,688,2026-10-02 00:55:44
ATTN_config_S8_D512_H16_HD32_G4_rms_norm_ROPETrue_UHD4_ap_fixed_16_5_,ok,0,676,2026-10-02 00:56:08
ATTN_config_S8_D512_H16_HD64_G1_layer_norm_ROPEFalse_UHD4_ap_fixed_16_5_,ok,0,705,2026-10-02 00:56:41
ATTN_config_S8_D512_H16_HD64_G1_rms_norm_ROPEFalse_UHD4_ap_fixed_16_5_,ok,0,668,2026-10-02 00:56:46
ATTN_config_S8_D512_H16_HD64_G1_rms_norm_ROPETrue_UHD1_ap_fixed_16_5_,ok,0,701,2026-10-02 00:57:33
ATTN_config_S8_D512_H16_HD64_G2_rms_norm_ROPEFalse_UHD2_ap_fixed_16_5_,ok,0,680,2026-10-02 00:57:44
ATTN_config_S8_D512_H16_HD64_G2_rms_norm_ROPEFalse_UHD4_ap_fixed_16_5_,ok,0,672,2026-10-02 00:57:47
ATTN_config_S8_D512_H16_HD64_G1_layer_norm_ROPETrue_UHD2_ap_fixed_16_5_,ok,0,755,2026-10-02 00:57:53
ATTN_config_S8_D512_H16_HD64_G1_rms_norm_ROPEFalse_UHD8_ap_fixed_16_5_,ok,0,726,2026-10-02 00:57:53
ATTN_config_S8_D512_H16_HD64_G1_layer_norm_ROPETrue_UHD4_ap_fixed_16_5_,ok,0,758,2026-10-02 00:58:01
ATTN_config_S8_D512_H16_HD64_G1_layer_norm_ROPEFalse_UHD8_ap_fixed_16_5_,ok,0,782,2026-10-02 00:58:06
ATTN_config_S8_D512_H16_HD64_G2_rms_norm_ROPETrue_UHD2_ap_fixed_16_5_,ok,0,744,2026-10-02 00:59:02
ATTN_config_S8_D512_H16_HD64_G2_layer_norm_ROPEFalse_UHD8_ap_fixed_16_5_,ok,0,764,2026-10-02 00:59:04
ATTN_config_S8_D512_H16_HD64_G2_rms_norm_ROPETrue_UHD4_ap_fixed_16_5_,ok,0,734,2026-10-02 00:59:23
ATTN_config_S8_D512_H16_HD64_G4_rms_norm_ROPEFalse_UHD2_ap_fixed_16_5_,ok,0,657,2026-10-02 00:59:49
ATTN_config_S8_D512_H16_HD64_G4_layer_norm_ROPEFalse_UHD1_ap_fixed_16_5_,ok,0,718,2026-10-02 01:00:32
ATTN_config_S8_D512_H32_HD16_G1_layer_norm_ROPEFalse_UHD2_ap_fixed_16_5_,ok,0,643,2026-10-02 01:01:06
ATTN_config_S8_D512_H16_HD64_G2_rms_norm_ROPETrue_UHD8_ap_fixed_16_5_,ok,0,785,2026-10-02 01:01:07
ATTN_config_S8_D512_H16_HD64_G4_rms_norm_ROPETrue_UHD2_ap_fixed_16_5_,ok,0,744,2026-10-02 01:01:26
ATTN_config_S8_D512_H16_HD64_G4_layer_norm_ROPETrue_UHD4_ap_fixed_16_5_,ok,0,767,2026-10-02 01:01:36
ATTN_config_S8_D512_H32_HD16_G1_layer_norm_ROPEFalse_UHD4_ap_fixed_16_5_,ok,0,689,2026-10-02 01:02:48
ATTN_config_S8_D512_H32_HD16_G1_layer_norm_ROPETrue_UHD2_ap_fixed_16_5_,ok,0,692,2026-10-02 01:03:03
ATTN_config_S8_D512_H32_HD16_G1_rms_norm_ROPEFalse_UHD2_ap_fixed_16_5_,ok,0,609,2026-10-02 01:03:06
ATTN_config_S8_D512_H16_HD64_G4_rms_norm_ROPETrue_UHD8_ap_fixed_16_5_,ok,0,792,2026-10-02 01:03:23
ATTN_config_S8_D512_H32_HD16_G1_rms_norm_ROPETrue_UHD2_ap_fixed_16_5_,ok,0,674,2026-10-02 01:04:23
ATTN_config_S8_D512_H32_HD16_G2_layer_norm_ROPEFalse_UHD4_ap_fixed_16_5_,ok,0,682,2026-10-02 01:04:48
ATTN_config_S8_D512_H32_HD16_G2_rms_norm_ROPETrue_UHD1_ap_fixed_16_5_,ok,0,631,2026-10-02 01:05:24
ATTN_config_S8_D512_H32_HD16_G2_layer_norm_ROPEFalse_UHD8_ap_fixed_16_5_,ok,0,695,2026-10-02 01:06:04
ATTN_config_S8_D512_H32_HD16_G4_rms_norm_ROPEFalse_UHD8_ap_fixed_16_5_,ok,0,645,2026-10-02 01:06:11
ATTN_config_S8_D512_H32_HD16_G2_layer_norm_ROPETrue_UHD1_ap_fixed_16_5_,ok,0,686,2026-10-02 01:06:15
ATTN_config_S8_D512_H32_HD16_G4_rms_norm_ROPETrue_UHD1_ap_fixed_16_5_,ok,0,633,2026-10-02 01:06:17
ATTN_config_S8_D512_H32_HD16_G4_layer_norm_ROPETrue_UHD1_ap_fixed_16_5_,ok,0,688,2026-10-02 01:06:45
ATTN_config_S8_D512_H32_HD16_G2_layer_norm_ROPETrue_UHD8_ap_fixed_16_5_,ok,0,765,2026-10-02 01:07:37
ATTN_config_S8_D512_H32_HD32_G1_layer_norm_ROPEFalse_UHD1_ap_fixed_16_5_,ok,0,714,2026-10-02 01:08:02
ATTN_config_S8_D512_H32_HD32_G1_layer_norm_ROPETrue_UHD1_ap_fixed_16_5_,ok,0,732,2026-10-02 01:08:59
ATTN_config_S8_D512_H32_HD32_G2_rms_norm_ROPEFalse_UHD2_ap_fixed_16_5_,ok,0,666,2026-10-02 01:09:07
ATTN_config_S8_D512_H32_HD32_G1_layer_norm_ROPEFalse_UHD8_ap_fixed_16_5_,ok,0,758,2026-10-02 01:09:19
ATTN_config_S8_D512_H32_HD32_G2_layer_norm_ROPEFalse_UHD4_ap_fixed_16_5_,ok,0,709,2026-10-02 01:09:43
ATTN_config_S8_D512_H32_HD32_G1_rms_norm_ROPEFalse_UHD8_ap_fixed_16_5_,ok,0,735,2026-10-02 01:10:01
ATTN_config_S8_D512_H32_HD32_G4_rms_norm_ROPEFalse_UHD2_ap_fixed_16_5_,ok,0,658,2026-10-02 01:10:02
ATTN_config_S8_D512_H32_HD32_G1_layer_norm_ROPETrue_UHD2_ap_fixed_16_5_,ok,0,754,2026-10-02 01:10:07
ATTN_config_S8_D512_H32_HD32_G2_layer_norm_ROPEFalse_UHD8_ap_fixed_16_5_,ok,0,736,2026-10-02 01:10:09
ATTN_config_S8_D512_H32_HD32_G4_layer_norm_ROPETrue_UHD2_ap_fixed_16_5_,ok,0,776,2026-10-02 01:11:02
ATTN_config_S8_D512_H32_HD32_G1_layer_norm_ROPETrue_UHD8_ap_fixed_16_5_,ok,0,803,2026-10-02 01:11:08
ATTN_config_S8_D512_H32_HD32_G4_rms_norm_ROPEFalse_UHD8_ap_fixed_16_5_,ok,0,722,2026-10-02 01:11:25
ATTN_config_S8_D512_H32_HD32_G4_rms_norm_ROPETrue_UHD1_ap_fixed_16_5_,ok,0,711,2026-10-02 01:11:40
ATTN_config_S8_D512_H32_HD32_G4_layer_norm_ROPETrue_UHD8_ap_fixed_16_5_,ok,0,817,2026-10-02 01:12:39
ATTN_config_S8_D512_H32_HD64_G1_rms_norm_ROPEFalse_UHD2_ap_fixed_16_5_,ok,0,739,2026-10-02 01:13:26
ATTN_config_S8_D512_H32_HD64_G1_rms_norm_ROPEFalse_UHD4_ap_fixed_16_5_,ok,0,757,2026-10-02 01:14:03
ATTN_config_S8_D512_H32_HD64_G2_rms_norm_ROPEFalse_UHD1_ap_fixed_16_5_,ok,0,730,2026-10-02 01:14:57
ATTN_config_S8_D512_H32_HD64_G2_rms_norm_ROPEFalse_UHD4_ap_fixed_16_5_,ok,0,756,2026-10-02 01:15:39
ATTN_config_S8_D512_H32_HD64_G1_layer_norm_ROPETrue_UHD4_ap_fixed_16_5_,ok,0,908,2026-10-02 01:15:40
ATTN_config_S8_D512_H8_HD16_G1_layer_norm_ROPEFalse_UHD1_ap_fixed_16_5_,ok,0,608,2026-10-02 01:16:19
ATTN_config_S8_D512_H8_HD16_G1_layer_norm_ROPEFalse_UHD2_ap_fixed_16_5_,ok,0,609,2026-10-02 01:16:25
ATTN_config_S8_D512_H32_HD64_G2_rms_norm_ROPETrue_UHD2_ap_fixed_16_5_,ok,0,810,2026-10-02 01:16:36
ATTN_config_S8_D512_H32_HD64_G2_layer_norm_ROPETrue_UHD2_ap_fixed_16_5_,ok,0,902,2026-10-02 01:16:38
ATTN_config_S8_D512_H8_HD16_G1_layer_norm_ROPEFalse_UHD4_ap_fixed_16_5_,ok,0,630,2026-10-02 01:16:46
ATTN_config_S8_D512_H8_HD16_G2_rms_norm_ROPEFalse_UHD1_ap_fixed_16_5_,ok,0,569,2026-10-02 01:17:06
ATTN_config_S8_D512_H32_HD64_G1_layer_norm_ROPETrue_UHD8_ap_fixed_16_5_,ok,0,961,2026-10-02 01:17:07
ATTN_config_S8_D512_H32_HD64_G2_rms_norm_ROPETrue_UHD8_ap_fixed_16_5_,ok,0,825,2026-10-02 01:17:08
ATTN_config_S8_D512_H32_HD64_G4_layer_norm_ROPEFalse_UHD1_ap_fixed_16_5_,ok,0,766,2026-10-02 01:17:09
ATTN_config_S8_D512_H32_HD64_G4_rms_norm_ROPEFalse_UHD1_ap_fixed_16_5_,ok,0,745,2026-10-02 01:17:13
ATTN_config_S8_D512_H8_HD16_G2_layer_norm_ROPEFalse_UHD4_ap_fixed_16_5_,ok,0,642,2026-10-02 01:17:28
ATTN_config_S8_D512_H32_HD64_G4_rms_norm_ROPEFalse_UHD4_ap_fixed_16_5_,ok,0,769,2026-10-02 01:18:13
ATTN_config_S8_D512_H8_HD16_G2_rms_norm_ROPETrue_UHD1_ap_fixed_16_5_,ok,0,616,2026-10-02 01:18:18
ATTN_config_S8_D512_H32_HD64_G4_rms_norm_ROPEFalse_UHD8_ap_fixed_16_5_,ok,0,784,2026-10-02 01:19:08
ATTN_config_S8_D512_H8_HD16_G2_rms_norm_ROPETrue_UHD2_ap_fixed_16_5_,ok,0,610,2026-10-02 01:19:08
ATTN_config_S8_D512_H8_HD16_G2_rms_norm_ROPETrue_UHD4_ap_fixed_16_5_,ok,0,611,2026-10-02 01:19:18
ATTN_config_S8_D512_H8_HD16_G4_rms_norm_ROPETrue_UHD4_ap_fixed_16_5_,ok,0,623,2026-10-02 01:19:42
ATTN_config_S8_D512_H8_HD32_G1_layer_norm_ROPEFalse_UHD1_ap_fixed_16_5_,ok,0,628,2026-10-02 01:20:11
ATTN_config_S8_D512_H8_HD32_G1_rms_norm_ROPEFalse_UHD8_ap_fixed_16_5_,ok,0,622,2026-10-02 01:20:32
ATTN_config_S8_D512_H8_HD32_G1_layer_norm_ROPEFalse_UHD4_ap_fixed_16_5_,ok,0,639,2026-10-02 01:20:40
ATTN_config_S8_D512_H8_HD32_G1_layer_norm_ROPETrue_UHD2_ap_fixed_16_5_,ok,0,666,2026-10-02 01:21:08
ATTN_config_S8_D512_H8_HD32_G2_layer_norm_ROPEFalse_UHD2_ap_fixed_16_5_,ok,0,626,2026-10-02 01:21:34
ATTN_config_S8_D512_H8_HD32_G1_layer_norm_ROPETrue_UHD8_ap_fixed_16_5_,ok,0,696,2026-10-02 01:21:43
ATTN_config_S8_D512_H8_HD32_G1_rms_norm_ROPETrue_UHD8_ap_fixed_16_5_,ok,0,689,2026-10-02 01:22:31
ATTN_config_S8_D512_H8_HD32_G2_layer_norm_ROPETrue_UHD2_ap_fixed_16_5_,ok,0,678,2026-10-02 01:22:43
ATTN_config_S8_D512_H8_HD32_G2_layer_norm_ROPETrue_UHD4_ap_fixed_16_5_,ok,0,684,2026-10-02 01:23:04
ATTN_config_S8_D512_H8_HD32_G4_layer_norm_ROPETrue_UHD1_ap_fixed_16_5_,ok,0,657,2026-10-02 01:23:36
ATTN_config_S8_D512_H8_HD32_G4_layer_norm_ROPETrue_UHD4_ap_fixed_16_5_,ok,0,675,2026-10-02 01:24:41
ATTN_config_S8_D512_H8_HD32_G4_rms_norm_ROPETrue_UHD2_ap_fixed_16_5_,ok,0,626,2026-10-02 01:25:23
ATTN_config_S8_D512_H8_HD32_G4_layer_norm_ROPETrue_UHD8_ap_fixed_16_5_,ok,0,699,2026-10-02 01:25:42
ATTN_config_S8_D512_H8_HD64_G1_rms_norm_ROPEFalse_UHD2_ap_fixed_16_5_,ok,0,614,2026-10-02 01:26:34
ATTN_config_S8_D512_H8_HD64_G2_rms_norm_ROPEFalse_UHD2_ap_fixed_16_5_,ok,0,599,2026-10-02 01:26:37
ATTN_config_S8_D512_H8_HD64_G1_layer_norm_ROPEFalse_UHD4_ap_fixed_16_5_,ok,0,661,2026-10-02 01:26:40
ATTN_config_S8_D512_H8_HD64_G2_layer_norm_ROPEFalse_UHD1_ap_fixed_16_5_,ok,0,635,2026-10-02 01:26:59
ATTN_config_S8_D512_H8_HD64_G4_rms_norm_ROPEFalse_UHD2_ap_fixed_16_5_,ok,0,594,2026-10-02 01:27:03
ATTN_config_S8_D512_H8_HD64_G1_layer_norm_ROPEFalse_UHD8_ap_fixed_16_5_,ok,0,690,2026-10-02 01:27:10
ATTN_config_S8_D512_H8_HD64_G4_layer_norm_ROPEFalse_UHD2_ap_fixed_16_5_,ok,0,657,2026-10-02 01:27:43
ATTN_config_S8_D512_H8_HD64_G4_layer_norm_ROPETrue_UHD1_ap_fixed_16_5_,ok,0,679,2026-10-02 01:28:25
ATTN_config_S8_D512_H8_HD64_G4_layer_norm_ROPETrue_UHD2_ap_fixed_16_5_,ok,0,679,2026-10-02 01:28:27
ATTN_config_S8_D512_H8_HD64_G4_layer_norm_ROPEFalse_UHD8_ap_fixed_16_5_,ok,0,700,2026-10-02 01:28:46
ATTN_config_S8_D512_H8_HD64_G2_layer_norm_ROPETrue_UHD8_ap_fixed_16_5_,ok,0,734,2026-10-02 01:28:50
ATTN_config_S16_D256_H16_HD16_G4_rms_norm_ROPETrue_UHD2_ap_fixed_16_5_,fail,1,528,2026-10-02 14:20:06
