design,status,rc,seconds,finished_at
ATTN_config_S16_D128_H16_HD16_G4_layer_norm_ROPEFalse_UHD2_ap_fixed_16_5_,ok,0,99,2026-10-01 16:58:02
ATTN_config_S16_D128_H16_HD16_G4_rms_norm_ROPEFalse_UHD1_ap_fixed_16_5_,ok,0,100,2026-10-01 16:58:03
ATTN_config_S16_D128_H16_HD16_G1_rms_norm_ROPEFalse_UHD2_ap_fixed_16_5_,ok,0,112,2026-10-01 16:58:16
ATTN_config_S16_D128_H16_HD16_G4_rms_norm_ROPEFalse_UHD4_ap_fixed_16_5_,ok,0,117,2026-10-01 16:58:20
ATTN_config_S16_D128_H16_HD16_G4_rms_norm_ROPEFalse_UHD8_ap_fixed_16_5_,ok,0,125,2026-10-01 16:58:28
ATTN_config_S16_D128_H16_HD16_G1_rms_norm_ROPEFalse_UHD4_ap_fixed_16_5_,ok,0,134,2026-10-01 16:58:38
ATTN_config_S16_D128_H16_HD16_G2_rms_norm_ROPEFalse_UHD2_ap_fixed_16_5_,ok,0,143,2026-10-01 16:58:46
ATTN_config_S16_D128_H16_HD16_G4_rms_norm_ROPETrue_UHD1_ap_fixed_16_5_,ok,0,152,2026-10-01 16:58:55
ATTN_config_S16_D128_H16_HD16_G2_rms_norm_ROPEFalse_UHD1_ap_fixed_16_5_,ok,0,156,2026-10-01 16:58:59
ATTN_config_S16_D128_H16_HD16_G1_rms_norm_ROPEFalse_UHD1_ap_fixed_16_5_,ok,0,157,2026-10-01 16:59:00
ATTN_config_S16_D128_H16_HD16_G4_layer_norm_ROPEFalse_UHD1_ap_fixed_16_5_,ok,0,164,2026-10-01 16:59:07
ATTN_config_S16_D128_H16_HD16_G2_rms_norm_ROPEFalse_UHD4_ap_fixed_16_5_,ok,0,166,2026-10-01 16:59:10
ATTN_config_S16_D128_H16_HD16_G4_rms_norm_ROPEFalse_UHD2_ap_fixed_16_5_,ok,0,171,2026-10-01 16:59:15
ATTN_config_S16_D128_H16_HD16_G2_layer_norm_ROPEFalse_UHD1_ap_fixed_16_5_,ok,0,177,2026-10-01 16:59:21
ATTN_config_S16_D128_H16_HD16_G2_rms_norm_ROPEFalse_UHD8_ap_fixed_16_5_,ok,0,178,2026-10-01 16:59:22
ATTN_config_S16_D128_H16_HD16_G1_rms_norm_ROPEFalse_UHD8_ap_fixed_16_5_,ok,0,182,2026-10-01 16:59:26
ATTN_config_S16_D128_H16_HD16_G2_rms_norm_ROPETrue_UHD1_ap_fixed_16_5_,ok,0,184,2026-10-01 16:59:28
ATTN_config_S16_D128_H16_HD16_G1_layer_norm_ROPEFalse_UHD1_ap_fixed_16_5_,ok,0,184,2026-10-01 16:59:28
ATTN_config_S16_D128_H16_HD16_G1_rms_norm_ROPETrue_UHD1_ap_fixed_16_5_,ok,0,187,2026-10-01 16:59:30
ATTN_config_S16_D128_H16_HD16_G2_rms_norm_ROPETrue_UHD2_ap_fixed_16_5_,ok,0,193,2026-10-01 16:59:36
ATTN_config_S16_D128_H16_HD16_G2_rms_norm_ROPETrue_UHD4_ap_fixed_16_5_,ok,0,194,2026-10-01 16:59:37
ATTN_config_S16_D128_H16_HD16_G4_rms_norm_ROPETrue_UHD2_ap_fixed_16_5_,ok,0,195,2026-10-01 16:59:39
ATTN_config_S16_D128_H16_HD16_G1_rms_norm_ROPETrue_UHD2_ap_fixed_16_5_,ok,0,195,2026-10-01 16:59:39
ATTN_config_S16_D128_H16_HD16_G2_layer_norm_ROPEFalse_UHD4_ap_fixed_16_5_,ok,0,196,2026-10-01 16:59:39
ATTN_config_S16_D128_H16_HD16_G4_layer_norm_ROPEFalse_UHD4_ap_fixed_16_5_,ok,0,197,2026-10-01 16:59:40
ATTN_config_S16_D128_H16_HD16_G1_layer_norm_ROPEFalse_UHD2_ap_fixed_16_5_,ok,0,197,2026-10-01 16:59:40
ATTN_config_S16_D128_H16_HD16_G1_layer_norm_ROPEFalse_UHD4_ap_fixed_16_5_,ok,0,199,2026-10-01 16:59:43
ATTN_config_S16_D128_H16_HD16_G2_layer_norm_ROPEFalse_UHD2_ap_fixed_16_5_,ok,0,202,2026-10-01 16:59:45
ATTN_config_S16_D128_H16_HD16_G2_layer_norm_ROPETrue_UHD1_ap_fixed_16_5_,ok,0,206,2026-10-01 16:59:49
ATTN_config_S16_D128_H16_HD16_G1_layer_norm_ROPETrue_UHD1_ap_fixed_16_5_,ok,0,207,2026-10-01 16:59:50
ATTN_config_S16_D128_H16_HD16_G2_layer_norm_ROPEFalse_UHD8_ap_fixed_16_5_,ok,0,207,2026-10-01 16:59:50
ATTN_config_S16_D128_H16_HD16_G1_layer_norm_ROPEFalse_UHD8_ap_fixed_16_5_,ok,0,208,2026-10-01 16:59:51
ATTN_config_S16_D128_H16_HD16_G4_layer_norm_ROPETrue_UHD1_ap_fixed_16_5_,ok,0,208,2026-10-01 16:59:52
ATTN_config_S16_D128_H16_HD16_G4_layer_norm_ROPEFalse_UHD8_ap_fixed_16_5_,ok,0,209,2026-10-01 16:59:52
ATTN_config_S16_D128_H16_HD16_G4_rms_norm_ROPETrue_UHD4_ap_fixed_16_5_,ok,0,215,2026-10-01 16:59:59
ATTN_config_S16_D128_H16_HD16_G4_rms_norm_ROPETrue_UHD8_ap_fixed_16_5_,ok,0,219,2026-10-01 17:00:02
ATTN_config_S16_D128_H16_HD16_G1_layer_norm_ROPETrue_UHD4_ap_fixed_16_5_,ok,0,219,2026-10-01 17:00:03
ATTN_config_S16_D128_H16_HD16_G2_layer_norm_ROPETrue_UHD2_ap_fixed_16_5_,ok,0,221,2026-10-01 17:00:05
ATTN_config_S16_D128_H16_HD16_G1_rms_norm_ROPETrue_UHD4_ap_fixed_16_5_,ok,0,222,2026-10-01 17:00:05
ATTN_config_S16_D128_H16_HD16_G2_layer_norm_ROPETrue_UHD4_ap_fixed_16_5_,ok,0,223,2026-10-01 17:00:06
ATTN_config_S16_D128_H16_HD16_G1_layer_norm_ROPETrue_UHD2_ap_fixed_16_5_,ok,0,223,2026-10-01 17:00:06
ATTN_config_S16_D128_H16_HD16_G4_layer_norm_ROPETrue_UHD2_ap_fixed_16_5_,ok,0,224,2026-10-01 17:00:08
ATTN_config_S16_D128_H16_HD16_G1_rms_norm_ROPETrue_UHD8_ap_fixed_16_5_,ok,0,226,2026-10-01 17:00:09
ATTN_config_S16_D128_H16_HD16_G4_layer_norm_ROPETrue_UHD4_ap_fixed_16_5_,ok,0,233,2026-10-01 17:00:16
ATTN_config_S16_D128_H16_HD16_G2_rms_norm_ROPETrue_UHD8_ap_fixed_16_5_,ok,0,234,2026-10-01 17:00:18
ATTN_config_S16_D128_H16_HD16_G2_layer_norm_ROPETrue_UHD8_ap_fixed_16_5_,ok,0,237,2026-10-01 17:00:21
ATTN_config_S16_D128_H16_HD16_G4_layer_norm_ROPETrue_UHD8_ap_fixed_16_5_,ok,0,242,2026-10-01 17:00:25
ATTN_config_S16_D128_H16_HD16_G1_layer_norm_ROPETrue_UHD8_ap_fixed_16_5_,ok,0,243,2026-10-01 17:00:27
ATTN_config_S16_D128_H16_HD32_G1_layer_norm_ROPEFalse_UHD2_ap_fixed_16_5_,ok,0,159,2026-10-01 17:00:43
ATTN_config_S16_D128_H16_HD32_G1_layer_norm_ROPEFalse_UHD1_ap_fixed_16_5_,ok,0,162,2026-10-01 17:00:45
ATTN_config_S16_D128_H16_HD32_G1_layer_norm_ROPEFalse_UHD4_ap_fixed_16_5_,ok,0,154,2026-10-01 17:00:50
ATTN_config_S16_D128_H16_HD32_G1_rms_norm_ROPEFalse_UHD2_ap_fixed_16_5_,ok,0,118,2026-10-01 17:00:58
ATTN_config_S16_D128_H16_HD32_G1_rms_norm_ROPEFalse_UHD1_ap_fixed_16_5_,ok,0,122,2026-10-01 17:01:01
ATTN_config_S16_D128_H16_HD32_G1_layer_norm_ROPEFalse_UHD8_ap_fixed_16_5_,ok,0,167,2026-10-01 17:01:07
ATTN_config_S16_D128_H16_HD32_G1_layer_norm_ROPETrue_UHD1_ap_fixed_16_5_,ok,0,165,2026-10-01 17:01:13
ATTN_config_S16_D128_H16_HD32_G1_rms_norm_ROPEFalse_UHD4_ap_fixed_16_5_,ok,0,149,2026-10-01 17:01:36
ATTN_config_S16_D128_H16_HD32_G1_rms_norm_ROPEFalse_UHD8_ap_fixed_16_5_,ok,0,148,2026-10-01 17:01:37
ATTN_config_S16_D128_H16_HD32_G1_layer_norm_ROPETrue_UHD2_ap_fixed_16_5_,ok,0,188,2026-10-01 17:01:46
ATTN_config_S16_D128_H16_HD32_G1_rms_norm_ROPETrue_UHD1_ap_fixed_16_5_,ok,0,158,2026-10-01 17:01:53
ATTN_config_S16_D128_H16_HD32_G2_rms_norm_ROPEFalse_UHD1_ap_fixed_16_5_,ok,0,134,2026-10-01 17:01:54
ATTN_config_S16_D128_H16_HD32_G1_rms_norm_ROPETrue_UHD2_ap_fixed_16_5_,ok,0,156,2026-10-01 17:01:57
ATTN_config_S16_D128_H16_HD32_G2_layer_norm_ROPEFalse_UHD2_ap_fixed_16_5_,ok,0,153,2026-10-01 17:02:01
ATTN_config_S16_D128_H16_HD32_G2_layer_norm_ROPEFalse_UHD4_ap_fixed_16_5_,ok,0,158,2026-10-01 17:02:08
ATTN_config_S16_D128_H16_HD32_G2_layer_norm_ROPEFalse_UHD1_ap_fixed_16_5_,ok,0,161,2026-10-01 17:02:09
ATTN_config_S16_D128_H16_HD32_G2_rms_norm_ROPEFalse_UHD4_ap_fixed_16_5_,ok,0,149,2026-10-01 17:02:12
ATTN_config_S16_D128_H16_HD32_G2_rms_norm_ROPEFalse_UHD2_ap_fixed_16_5_,ok,0,161,2026-10-01 17:02:21
ATTN_config_S16_D128_H16_HD32_G1_rms_norm_ROPETrue_UHD4_ap_fixed_16_5_,ok,0,184,2026-10-01 17:02:25
ATTN_config_S16_D128_H16_HD32_G1_layer_norm_ROPETrue_UHD8_ap_fixed_16_5_,ok,0,214,2026-10-01 17:02:29
ATTN_config_S16_D128_H16_HD32_G1_layer_norm_ROPETrue_UHD4_ap_fixed_16_5_,ok,0,225,2026-10-01 17:02:31
ATTN_config_S16_D128_H16_HD32_G4_rms_norm_ROPEFalse_UHD1_ap_fixed_16_5_,ok,0,149,2026-10-01 17:02:35
ATTN_config_S16_D128_H16_HD32_G4_layer_norm_ROPEFalse_UHD1_ap_fixed_16_5_,ok,0,165,2026-10-01 17:02:37
ATTN_config_S16_D128_H16_HD32_G4_rms_norm_ROPEFalse_UHD2_ap_fixed_16_5_,ok,0,152,2026-10-01 17:02:40
ATTN_config_S16_D128_H16_HD32_G2_rms_norm_ROPEFalse_UHD8_ap_fixed_16_5_,ok,0,176,2026-10-01 17:02:41
ATTN_config_S16_D128_H16_HD32_G4_rms_norm_ROPEFalse_UHD4_ap_fixed_16_5_,ok,0,154,2026-10-01 17:02:43
ATTN_config_S16_D128_H16_HD32_G2_layer_norm_ROPETrue_UHD1_ap_fixed_16_5_,ok,0,188,2026-10-01 17:02:45
ATTN_config_S16_D128_H16_HD32_G2_rms_norm_ROPETrue_UHD1_ap_fixed_16_5_,ok,0,178,2026-10-01 17:02:47
ATTN_config_S16_D128_H16_HD32_G2_layer_norm_ROPEFalse_UHD8_ap_fixed_16_5_,ok,0,193,2026-10-01 17:02:49
ATTN_config_S16_D128_H16_HD32_G4_layer_norm_ROPEFalse_UHD2_ap_fixed_16_5_,ok,0,191,2026-10-01 17:03:03
ATTN_config_S16_D128_H16_HD32_G4_layer_norm_ROPEFalse_UHD4_ap_fixed_16_5_,ok,0,185,2026-10-01 17:03:03
ATTN_config_S16_D128_H16_HD32_G2_rms_norm_ROPETrue_UHD2_ap_fixed_16_5_,ok,0,199,2026-10-01 17:03:09
ATTN_config_S16_D128_H16_HD32_G2_layer_norm_ROPETrue_UHD4_ap_fixed_16_5_,ok,0,215,2026-10-01 17:03:14
ATTN_config_S16_D128_H16_HD32_G4_rms_norm_ROPETrue_UHD1_ap_fixed_16_5_,ok,0,177,2026-10-01 17:03:15
ATTN_config_S16_D128_H16_HD32_G1_rms_norm_ROPETrue_UHD8_ap_fixed_16_5_,ok,0,230,2026-10-01 17:03:16
ATTN_config_S16_D128_H16_HD32_G2_layer_norm_ROPETrue_UHD2_ap_fixed_16_5_,ok,0,220,2026-10-01 17:03:19
ATTN_config_S16_D128_H16_HD32_G4_layer_norm_ROPEFalse_UHD8_ap_fixed_16_5_,ok,0,199,2026-10-01 17:03:21
ATTN_config_S16_D128_H16_HD32_G4_rms_norm_ROPETrue_UHD2_ap_fixed_16_5_,ok,0,181,2026-10-01 17:03:21
ATTN_config_S16_D128_H16_HD32_G4_rms_norm_ROPEFalse_UHD8_ap_fixed_16_5_,ok,0,187,2026-10-01 17:03:23
ATTN_config_S16_D128_H16_HD32_G2_rms_norm_ROPETrue_UHD4_ap_fixed_16_5_,ok,0,213,2026-10-01 17:03:23
ATTN_config_S16_D128_H16_HD64_G1_layer_norm_ROPEFalse_UHD1_ap_fixed_16_5_,ok,0,161,2026-10-01 17:03:24
ATTN_config_S16_D128_H16_HD32_G4_layer_norm_ROPETrue_UHD1_ap_fixed_16_5_,ok,0,205,2026-10-01 17:03:28
ATTN_config_S16_D128_H16_HD32_G2_rms_norm_ROPETrue_UHD8_ap_fixed_16_5_,ok,0,222,2026-10-01 17:03:33
ATTN_config_S16_D128_H16_HD64_G1_layer_norm_ROPEFalse_UHD2_ap_fixed_16_5_,ok,0,169,2026-10-01 17:03:34
ATTN_config_S16_D128_H16_HD32_G4_layer_norm_ROPETrue_UHD4_ap_fixed_16_5_,ok,0,215,2026-10-01 17:03:39
ATTN_config_S16_D128_H16_HD64_G1_layer_norm_ROPEFalse_UHD4_ap_fixed_16_5_,ok,0,175,2026-10-01 17:03:45
ATTN_config_S16_D128_H16_HD32_G4_layer_norm_ROPETrue_UHD2_ap_fixed_16_5_,ok,0,226,2026-10-01 17:03:51
ATTN_config_S16_D128_H16_HD64_G1_rms_norm_ROPEFalse_UHD1_ap_fixed_16_5_,ok,0,135,2026-10-01 17:03:53
ATTN_config_S16_D128_H16_HD32_G4_rms_norm_ROPETrue_UHD4_ap_fixed_16_5_,ok,0,209,2026-10-01 17:03:54
ATTN_config_S16_D128_H16_HD32_G4_layer_norm_ROPETrue_UHD8_ap_fixed_16_5_,ok,0,234,2026-10-01 17:04:00
ATTN_config_S16_D128_H16_HD32_G4_rms_norm_ROPETrue_UHD8_ap_fixed_16_5_,ok,0,215,2026-10-01 17:04:02
ATTN_config_S16_D128_H16_HD64_G1_rms_norm_ROPEFalse_UHD2_ap_fixed_16_5_,ok,0,139,2026-10-01 17:04:04
ATTN_config_S16_D128_H16_HD64_G1_layer_norm_ROPETrue_UHD1_ap_fixed_16_5_,ok,0,185,2026-10-01 17:04:06
ATTN_config_S16_D128_H16_HD32_G2_layer_norm_ROPETrue_UHD8_ap_fixed_16_5_,ok,0,267,2026-10-01 17:04:06
ATTN_config_S16_D128_H16_HD64_G1_layer_norm_ROPEFalse_UHD8_ap_fixed_16_5_,ok,0,188,2026-10-01 17:04:06
ATTN_config_S16_D128_H16_HD64_G1_layer_norm_ROPETrue_UHD2_ap_fixed_16_5_,ok,0,189,2026-10-01 17:04:16
ATTN_config_S16_D128_H16_HD64_G1_rms_norm_ROPEFalse_UHD4_ap_fixed_16_5_,ok,0,150,2026-10-01 17:04:23
ATTN_config_S16_D128_H16_HD64_G1_rms_norm_ROPEFalse_UHD8_ap_fixed_16_5_,ok,0,154,2026-10-01 17:04:28
ATTN_config_S16_D128_H16_HD64_G1_rms_norm_ROPETrue_UHD1_ap_fixed_16_5_,ok,0,162,2026-10-01 17:04:39
ATTN_config_S16_D128_H16_HD64_G2_layer_norm_ROPEFalse_UHD1_ap_fixed_16_5_,ok,0,152,2026-10-01 17:04:44
ATTN_config_S16_D128_H16_HD64_G1_layer_norm_ROPETrue_UHD4_ap_fixed_16_5_,ok,0,215,2026-10-01 17:04:49
ATTN_config_S16_D128_H16_HD64_G1_rms_norm_ROPETrue_UHD2_ap_fixed_16_5_,ok,0,172,2026-10-01 17:04:52
ATTN_config_S16_D128_H16_HD64_G2_rms_norm_ROPEFalse_UHD1_ap_fixed_16_5_,ok,0,149,2026-10-01 17:05:11
ATTN_config_S16_D128_H16_HD64_G2_rms_norm_ROPEFalse_UHD2_ap_fixed_16_5_,ok,0,148,2026-10-01 17:05:11
ATTN_config_S16_D128_H16_HD64_G2_layer_norm_ROPEFalse_UHD2_ap_fixed_16_5_,ok,0,171,2026-10-01 17:05:12
ATTN_config_S16_D128_H16_HD64_G1_rms_norm_ROPETrue_UHD4_ap_fixed_16_5_,ok,0,183,2026-10-01 17:05:12
ATTN_config_S16_D128_H16_HD64_G2_layer_norm_ROPEFalse_UHD4_ap_fixed_16_5_,ok,0,171,2026-10-01 17:05:16
ATTN_config_S16_D128_H16_HD64_G2_rms_norm_ROPEFalse_UHD4_ap_fixed_16_5_,ok,0,165,2026-10-01 17:05:31
ATTN_config_S16_D128_H16_HD64_G2_rms_norm_ROPETrue_UHD1_ap_fixed_16_5_,ok,0,174,2026-10-01 17:05:43
ATTN_config_S16_D128_H16_HD64_G1_rms_norm_ROPETrue_UHD8_ap_fixed_16_5_,ok,0,215,2026-10-01 17:05:43
ATTN_config_S16_D128_H16_HD64_G2_rms_norm_ROPEFalse_UHD8_ap_fixed_16_5_,ok,0,180,2026-10-01 17:05:47
ATTN_config_S16_D128_H16_HD64_G2_layer_norm_ROPETrue_UHD1_ap_fixed_16_5_,ok,0,197,2026-10-01 17:05:48
ATTN_config_S16_D128_H16_HD64_G1_layer_norm_ROPETrue_UHD8_ap_fixed_16_5_,ok,0,258,2026-10-01 17:05:54
ATTN_config_S16_D128_H16_HD64_G2_layer_norm_ROPETrue_UHD2_ap_fixed_16_5_,ok,0,201,2026-10-01 17:05:56
ATTN_config_S16_D128_H16_HD64_G4_rms_norm_ROPEFalse_UHD1_ap_fixed_16_5_,ok,0,155,2026-10-01 17:05:59
ATTN_config_S16_D128_H16_HD64_G2_layer_norm_ROPEFalse_UHD8_ap_fixed_16_5_,ok,0,214,2026-10-01 17:06:03
ATTN_config_S16_D128_H16_HD64_G4_layer_norm_ROPEFalse_UHD1_ap_fixed_16_5_,ok,0,170,2026-10-01 17:06:04
ATTN_config_S16_D128_H16_HD64_G2_rms_norm_ROPETrue_UHD2_ap_fixed_16_5_,ok,0,185,2026-10-01 17:06:08
ATTN_config_S16_D128_H16_HD64_G4_rms_norm_ROPEFalse_UHD2_ap_fixed_16_5_,ok,0,162,2026-10-01 17:06:10
ATTN_config_S16_D128_H16_HD64_G2_layer_norm_ROPETrue_UHD4_ap_fixed_16_5_,ok,0,219,2026-10-01 17:06:16
ATTN_config_S16_D128_H16_HD64_G4_layer_norm_ROPEFalse_UHD2_ap_fixed_16_5_,ok,0,184,2026-10-01 17:06:19
ATTN_config_S16_D128_H16_HD64_G4_rms_norm_ROPEFalse_UHD4_ap_fixed_16_5_,ok,0,167,2026-10-01 17:06:19
ATTN_config_S16_D128_H16_HD64_G4_layer_norm_ROPEFalse_UHD4_ap_fixed_16_5_,ok,0,186,2026-10-01 17:06:22
ATTN_config_S16_D128_H16_HD64_G2_rms_norm_ROPETrue_UHD4_ap_fixed_16_5_,ok,0,201,2026-10-01 17:06:24
ATTN_config_S16_D128_H16_HD64_G4_rms_norm_ROPEFalse_UHD8_ap_fixed_16_5_,ok,0,181,2026-10-01 17:06:36
ATTN_config_S16_D128_H16_HD64_G4_layer_norm_ROPEFalse_UHD8_ap_fixed_16_5_,ok,0,199,2026-10-01 17:06:38
ATTN_config_S16_D128_H16_HD64_G2_layer_norm_ROPETrue_UHD8_ap_fixed_16_5_,ok,0,240,2026-10-01 17:06:40
ATTN_config_S16_D128_H16_HD64_G4_rms_norm_ROPETrue_UHD1_ap_fixed_16_5_,ok,0,183,2026-10-01 17:06:42
ATTN_config_S16_D128_H16_HD64_G4_layer_norm_ROPETrue_UHD1_ap_fixed_16_5_,ok,0,204,2026-10-01 17:06:46
ATTN_config_S16_D128_H16_HD64_G2_rms_norm_ROPETrue_UHD8_ap_fixed_16_5_,ok,0,221,2026-10-01 17:06:50
ATTN_config_S16_D128_H16_HD64_G4_rms_norm_ROPETrue_UHD2_ap_fixed_16_5_,ok,0,187,2026-10-01 17:06:52
ATTN_config_S16_D128_H32_HD16_G1_layer_norm_ROPEFalse_UHD1_ap_fixed_16_5_,ok,0,178,2026-10-01 17:06:52
ATTN_config_S16_D128_H16_HD64_G4_layer_norm_ROPETrue_UHD2_ap_fixed_16_5_,ok,0,211,2026-10-01 17:06:53
ATTN_config_S16_D128_H32_HD16_G1_rms_norm_ROPEFalse_UHD1_ap_fixed_16_5_,ok,0,151,2026-10-01 17:06:54
ATTN_config_S16_D128_H32_HD16_G1_layer_norm_ROPEFalse_UHD2_ap_fixed_16_5_,ok,0,177,2026-10-01 17:06:57
ATTN_config_S16_D128_H32_HD16_G1_rms_norm_ROPEFalse_UHD2_ap_fixed_16_5_,ok,0,152,2026-10-01 17:07:00
ATTN_config_S16_D128_H16_HD64_G4_layer_norm_ROPETrue_UHD4_ap_fixed_16_5_,ok,0,218,2026-10-01 17:07:01
ATTN_config_S16_D128_H32_HD16_G1_layer_norm_ROPEFalse_UHD4_ap_fixed_16_5_,ok,0,183,2026-10-01 17:07:05
ATTN_config_S16_D128_H16_HD64_G4_rms_norm_ROPETrue_UHD4_ap_fixed_16_5_,ok,0,196,2026-10-01 17:07:07
ATTN_config_S16_D128_H32_HD16_G1_rms_norm_ROPEFalse_UHD4_ap_fixed_16_5_,ok,0,155,2026-10-01 17:07:14
ATTN_config_S16_D128_H32_HD16_G1_layer_norm_ROPEFalse_UHD8_ap_fixed_16_5_,ok,0,194,2026-10-01 17:07:18
ATTN_config_S16_D128_H32_HD16_G1_layer_norm_ROPETrue_UHD1_ap_fixed_16_5_,ok,0,195,2026-10-01 17:07:21
ATTN_config_S16_D128_H16_HD64_G4_layer_norm_ROPETrue_UHD8_ap_fixed_16_5_,ok,0,244,2026-10-01 17:07:27
ATTN_config_S16_D128_H32_HD16_G1_layer_norm_ROPETrue_UHD2_ap_fixed_16_5_,ok,0,201,2026-10-01 17:07:27
ATTN_config_S16_D128_H32_HD16_G1_rms_norm_ROPEFalse_UHD8_ap_fixed_16_5_,ok,0,165,2026-10-01 17:07:29
ATTN_config_S16_D128_H16_HD64_G4_rms_norm_ROPETrue_UHD8_ap_fixed_16_5_,ok,0,222,2026-10-01 17:07:34
ATTN_config_S16_D128_H32_HD16_G1_layer_norm_ROPETrue_UHD4_ap_fixed_16_5_,ok,0,211,2026-10-01 17:07:37
ATTN_config_S16_D128_H32_HD16_G1_rms_norm_ROPETrue_UHD2_ap_fixed_16_5_,ok,0,172,2026-10-01 17:07:45
ATTN_config_S16_D128_H32_HD16_G1_rms_norm_ROPETrue_UHD1_ap_fixed_16_5_,ok,0,180,2026-10-01 17:07:49
ATTN_config_S16_D128_H32_HD16_G2_layer_norm_ROPEFalse_UHD1_ap_fixed_16_5_,ok,0,162,2026-10-01 17:07:53
ATTN_config_S16_D128_H32_HD16_G2_layer_norm_ROPEFalse_UHD2_ap_fixed_16_5_,ok,0,162,2026-10-01 17:07:54
ATTN_config_S16_D128_H32_HD16_G2_layer_norm_ROPEFalse_UHD4_ap_fixed_16_5_,ok,0,167,2026-10-01 17:08:03
ATTN_config_S16_D128_H32_HD16_G1_rms_norm_ROPETrue_UHD4_ap_fixed_16_5_,ok,0,180,2026-10-01 17:08:11
ATTN_config_S16_D128_H32_HD16_G1_layer_norm_ROPETrue_UHD8_ap_fixed_16_5_,ok,0,237,2026-10-01 17:08:13
ATTN_config_S16_D128_H32_HD16_G2_rms_norm_ROPEFalse_UHD2_ap_fixed_16_5_,ok,0,140,2026-10-01 17:08:16
ATTN_config_S16_D128_H32_HD16_G2_rms_norm_ROPEFalse_UHD4_ap_fixed_16_5_,ok,0,146,2026-10-01 17:08:24
ATTN_config_S16_D128_H32_HD16_G2_rms_norm_ROPEFalse_UHD1_ap_fixed_16_5_,ok,0,157,2026-10-01 17:08:31
ATTN_config_S16_D128_H32_HD16_G2_layer_norm_ROPETrue_UHD1_ap_fixed_16_5_,ok,0,182,2026-10-01 17:08:45
ATTN_config_S16_D128_H32_HD16_G2_rms_norm_ROPETrue_UHD1_ap_fixed_16_5_,ok,0,167,2026-10-01 17:08:50
ATTN_config_S16_D128_H32_HD16_G2_layer_norm_ROPETrue_UHD2_ap_fixed_16_5_,ok,0,191,2026-10-01 17:08:54
ATTN_config_S16_D128_H32_HD16_G2_rms_norm_ROPETrue_UHD2_ap_fixed_16_5_,ok,0,170,2026-10-01 17:08:57
ATTN_config_S16_D128_H32_HD16_G2_rms_norm_ROPEFalse_UHD8_ap_fixed_16_5_,ok,0,180,2026-10-01 17:09:03
ATTN_config_S16_D128_H32_HD16_G4_layer_norm_ROPEFalse_UHD2_ap_fixed_16_5_,ok,0,165,2026-10-01 17:09:04
ATTN_config_S16_D128_H32_HD16_G4_layer_norm_ROPEFalse_UHD1_ap_fixed_16_5_,ok,0,167,2026-10-01 17:09:06
ATTN_config_S16_D128_H32_HD16_G2_layer_norm_ROPEFalse_UHD8_ap_fixed_16_5_,ok,0,217,2026-10-01 17:09:08
ATTN_config_S16_D128_H32_HD16_G1_rms_norm_ROPETrue_UHD8_ap_fixed_16_5_,ok,0,238,2026-10-01 17:09:09
ATTN_config_S16_D128_H32_HD16_G4_layer_norm_ROPEFalse_UHD4_ap_fixed_16_5_,ok,0,171,2026-10-01 17:09:14
ATTN_config_S16_D128_H32_HD16_G2_layer_norm_ROPETrue_UHD4_ap_fixed_16_5_,ok,0,207,2026-10-01 17:09:14
ATTN_config_S16_D128_H32_HD16_G4_rms_norm_ROPEFalse_UHD2_ap_fixed_16_5_,ok,0,145,2026-10-01 17:09:15
ATTN_config_S16_D128_H32_HD16_G2_rms_norm_ROPETrue_UHD4_ap_fixed_16_5_,ok,0,191,2026-10-01 17:09:21
ATTN_config_S16_D128_H32_HD16_G4_rms_norm_ROPEFalse_UHD1_ap_fixed_16_5_,ok,0,157,2026-10-01 17:09:23
ATTN_config_S16_D128_H32_HD16_G4_rms_norm_ROPEFalse_UHD4_ap_fixed_16_5_,ok,0,154,2026-10-01 17:09:26
ATTN_config_S16_D128_H32_HD16_G4_layer_norm_ROPEFalse_UHD8_ap_fixed_16_5_,ok,0,186,2026-10-01 17:09:29
ATTN_config_S16_D128_H32_HD16_G4_rms_norm_ROPEFalse_UHD8_ap_fixed_16_5_,ok,0,165,2026-10-01 17:09:37
ATTN_config_S16_D128_H32_HD16_G4_rms_norm_ROPETrue_UHD1_ap_fixed_16_5_,ok,0,165,2026-10-01 17:09:38
ATTN_config_S16_D128_H32_HD16_G2_layer_norm_ROPETrue_UHD8_ap_fixed_16_5_,ok,0,231,2026-10-01 17:09:40
ATTN_config_S16_D128_H32_HD16_G2_rms_norm_ROPETrue_UHD8_ap_fixed_16_5_,ok,0,205,2026-10-01 17:09:41
ATTN_config_S16_D128_H32_HD16_G4_rms_norm_ROPETrue_UHD2_ap_fixed_16_5_,ok,0,169,2026-10-01 17:09:43
ATTN_config_S16_D128_H32_HD32_G1_rms_norm_ROPEFalse_UHD1_ap_fixed_16_5_,ok,0,140,2026-10-01 17:09:49
ATTN_config_S16_D128_H32_HD32_G1_layer_norm_ROPEFalse_UHD2_ap_fixed_16_5_,ok,0,167,2026-10-01 17:09:51
ATTN_config_S16_D128_H32_HD32_G1_rms_norm_ROPEFalse_UHD2_ap_fixed_16_5_,ok,0,142,2026-10-01 17:09:57
ATTN_config_S16_D128_H32_HD16_G4_rms_norm_ROPETrue_UHD4_ap_fixed_16_5_,ok,0,181,2026-10-01 17:09:59
ATTN_config_S16_D128_H32_HD16_G4_layer_norm_ROPETrue_UHD1_ap_fixed_16_5_,ok,0,204,2026-10-01 17:10:00
ATTN_config_S16_D128_H32_HD16_G4_layer_norm_ROPETrue_UHD2_ap_fixed_16_5_,ok,0,203,2026-10-01 17:10:01
ATTN_config_S16_D128_H32_HD32_G1_layer_norm_ROPEFalse_UHD1_ap_fixed_16_5_,ok,0,185,2026-10-01 17:10:07
ATTN_config_S16_D128_H32_HD32_G1_rms_norm_ROPEFalse_UHD4_ap_fixed_16_5_,ok,0,156,2026-10-01 17:10:13
ATTN_config_S16_D128_H32_HD32_G1_layer_norm_ROPEFalse_UHD4_ap_fixed_16_5_,ok,0,191,2026-10-01 17:10:18
ATTN_config_S16_D128_H32_HD32_G1_rms_norm_ROPEFalse_UHD8_ap_fixed_16_5_,ok,0,162,2026-10-01 17:10:26
ATTN_config_S16_D128_H32_HD32_G1_layer_norm_ROPETrue_UHD2_ap_fixed_16_5_,ok,0,187,2026-10-01 17:10:28
ATTN_config_S16_D128_H32_HD16_G4_layer_norm_ROPETrue_UHD4_ap_fixed_16_5_,ok,0,230,2026-10-01 17:10:30
ATTN_config_S16_D128_H32_HD32_G1_layer_norm_ROPETrue_UHD1_ap_fixed_16_5_,ok,0,194,2026-10-01 17:10:32
ATTN_config_S16_D128_H32_HD32_G1_layer_norm_ROPEFalse_UHD8_ap_fixed_16_5_,ok,0,208,2026-10-01 17:10:43
ATTN_config_S16_D128_H32_HD32_G2_layer_norm_ROPEFalse_UHD1_ap_fixed_16_5_,ok,0,155,2026-10-01 17:10:47
ATTN_config_S16_D128_H32_HD32_G1_rms_norm_ROPETrue_UHD1_ap_fixed_16_5_,ok,0,181,2026-10-01 17:10:50
ATTN_config_S16_D128_H32_HD32_G2_layer_norm_ROPEFalse_UHD2_ap_fixed_16_5_,ok,0,163,2026-10-01 17:10:56
ATTN_config_S16_D128_H32_HD32_G1_layer_norm_ROPETrue_UHD4_ap_fixed_16_5_,ok,0,210,2026-10-01 17:10:57
ATTN_config_S16_D128_H32_HD16_G4_rms_norm_ROPETrue_UHD8_ap_fixed_16_5_,ok,0,238,2026-10-01 17:10:58
ATTN_config_S16_D128_H32_HD16_G4_layer_norm_ROPETrue_UHD8_ap_fixed_16_5_,ok,0,257,2026-10-01 17:10:59
ATTN_config_S16_D128_H32_HD32_G2_layer_norm_ROPEFalse_UHD4_ap_fixed_16_5_,ok,0,167,2026-10-01 17:11:02
ATTN_config_S16_D128_H32_HD32_G1_rms_norm_ROPETrue_UHD2_ap_fixed_16_5_,ok,0,195,2026-10-01 17:11:09
ATTN_config_S16_D128_H32_HD32_G2_rms_norm_ROPEFalse_UHD1_ap_fixed_16_5_,ok,0,135,2026-10-01 17:11:12
ATTN_config_S16_D128_H32_HD32_G2_rms_norm_ROPEFalse_UHD2_ap_fixed_16_5_,ok,0,134,2026-10-01 17:11:17
ATTN_config_S16_D128_H32_HD32_G1_rms_norm_ROPETrue_UHD4_ap_fixed_16_5_,ok,0,207,2026-10-01 17:11:21
ATTN_config_S16_D128_H32_HD32_G1_rms_norm_ROPETrue_UHD8_ap_fixed_16_5_,ok,0,201,2026-10-01 17:11:24
ATTN_config_S16_D128_H32_HD32_G2_layer_norm_ROPEFalse_UHD8_ap_fixed_16_5_,ok,0,184,2026-10-01 17:11:29
ATTN_config_S16_D128_H32_HD32_G2_layer_norm_ROPETrue_UHD1_ap_fixed_16_5_,ok,0,182,2026-10-01 17:11:33
ATTN_config_S16_D128_H32_HD32_G2_rms_norm_ROPEFalse_UHD4_ap_fixed_16_5_,ok,0,157,2026-10-01 17:11:41
ATTN_config_S16_D128_H32_HD32_G4_layer_norm_ROPEFalse_UHD1_ap_fixed_16_5_,ok,0,156,2026-10-01 17:11:51
ATTN_config_S16_D128_H32_HD32_G2_rms_norm_ROPEFalse_UHD8_ap_fixed_16_5_,ok,0,171,2026-10-01 17:11:56
ATTN_config_S16_D128_H32_HD32_G1_layer_norm_ROPETrue_UHD8_ap_fixed_16_5_,ok,0,275,2026-10-01 17:12:02
ATTN_config_S16_D128_H32_HD32_G4_rms_norm_ROPEFalse_UHD1_ap_fixed_16_5_,ok,0,144,2026-10-01 17:12:05
ATTN_config_S16_D128_H32_HD32_G4_layer_norm_ROPEFalse_UHD4_ap_fixed_16_5_,ok,0,167,2026-10-01 17:12:10
ATTN_config_S16_D128_H32_HD32_G2_rms_norm_ROPETrue_UHD2_ap_fixed_16_5_,ok,0,182,2026-10-01 17:12:10
ATTN_config_S16_D128_H32_HD32_G2_layer_norm_ROPETrue_UHD2_ap_fixed_16_5_,ok,0,208,2026-10-01 17:12:13
ATTN_config_S16_D128_H32_HD32_G4_rms_norm_ROPEFalse_UHD2_ap_fixed_16_5_,ok,0,151,2026-10-01 17:12:14
ATTN_config_S16_D128_H32_HD32_G2_rms_norm_ROPETrue_UHD1_ap_fixed_16_5_,ok,0,189,2026-10-01 17:12:17
ATTN_config_S16_D128_H32_HD32_G4_rms_norm_ROPEFalse_UHD4_ap_fixed_16_5_,ok,0,154,2026-10-01 17:12:22
ATTN_config_S16_D128_H32_HD32_G2_layer_norm_ROPETrue_UHD4_ap_fixed_16_5_,ok,0,217,2026-10-01 17:12:27
ATTN_config_S16_D128_H32_HD32_G4_layer_norm_ROPETrue_UHD1_ap_fixed_16_5_,ok,0,180,2026-10-01 17:12:29
ATTN_config_S16_D128_H32_HD32_G4_layer_norm_ROPEFalse_UHD8_ap_fixed_16_5_,ok,0,183,2026-10-01 17:12:29
ATTN_config_S16_D128_H32_HD32_G2_rms_norm_ROPETrue_UHD4_ap_fixed_16_5_,ok,0,196,2026-10-01 17:12:30
ATTN_config_S16_D128_H32_HD32_G4_layer_norm_ROPEFalse_UHD2_ap_fixed_16_5_,ok,0,191,2026-10-01 17:12:32
ATTN_config_S16_D128_H32_HD32_G4_rms_norm_ROPEFalse_UHD8_ap_fixed_16_5_,ok,0,161,2026-10-01 17:12:32
ATTN_config_S16_D128_H32_HD32_G4_rms_norm_ROPETrue_UHD1_ap_fixed_16_5_,ok,0,163,2026-10-01 17:12:40
ATTN_config_S16_D128_H32_HD32_G4_rms_norm_ROPETrue_UHD2_ap_fixed_16_5_,ok,0,165,2026-10-01 17:12:44
ATTN_config_S16_D128_H32_HD32_G4_layer_norm_ROPETrue_UHD2_ap_fixed_16_5_,ok,0,189,2026-10-01 17:12:46
ATTN_config_S16_D128_H32_HD64_G1_layer_norm_ROPEFalse_UHD1_ap_fixed_16_5_,ok,0,161,2026-10-01 17:12:48
ATTN_config_S16_D128_H32_HD64_G1_layer_norm_ROPEFalse_UHD2_ap_fixed_16_5_,ok,0,160,2026-10-01 17:12:52
ATTN_config_S16_D128_H32_HD32_G2_rms_norm_ROPETrue_UHD8_ap_fixed_16_5_,ok,0,223,2026-10-01 17:12:57
ATTN_config_S16_D128_H32_HD32_G4_rms_norm_ROPETrue_UHD4_ap_fixed_16_5_,ok,0,188,2026-10-01 17:13:08
ATTN_config_S16_D128_H32_HD64_G1_layer_norm_ROPEFalse_UHD4_ap_fixed_16_5_,ok,0,173,2026-10-01 17:13:11
ATTN_config_S16_D128_H32_HD64_G1_rms_norm_ROPEFalse_UHD4_ap_fixed_16_5_,ok,0,143,2026-10-01 17:13:18
ATTN_config_S16_D128_H32_HD64_G1_rms_norm_ROPEFalse_UHD1_ap_fixed_16_5_,ok,0,156,2026-10-01 17:13:22
ATTN_config_S16_D128_H32_HD32_G2_layer_norm_ROPETrue_UHD8_ap_fixed_16_5_,ok,0,273,2026-10-01 17:13:27
ATTN_config_S16_D128_H32_HD64_G1_rms_norm_ROPEFalse_UHD2_ap_fixed_16_5_,ok,0,158,2026-10-01 17:13:28
ATTN_config_S16_D128_H32_HD64_G1_layer_norm_ROPEFalse_UHD8_ap_fixed_16_5_,ok,0,189,2026-10-01 17:13:36
ATTN_config_S16_D128_H32_HD32_G4_rms_norm_ROPETrue_UHD8_ap_fixed_16_5_,ok,0,215,2026-10-01 17:13:36
ATTN_config_S16_D128_H32_HD64_G1_layer_norm_ROPETrue_UHD1_ap_fixed_16_5_,ok,0,192,2026-10-01 17:13:40
ATTN_config_S16_D128_H32_HD32_G4_layer_norm_ROPETrue_UHD4_ap_fixed_16_5_,ok,0,243,2026-10-01 17:13:41
ATTN_config_S16_D128_H32_HD32_G4_layer_norm_ROPETrue_UHD8_ap_fixed_16_5_,ok,0,243,2026-10-01 17:13:42
ATTN_config_S16_D128_H32_HD64_G1_rms_norm_ROPEFalse_UHD8_ap_fixed_16_5_,ok,0,167,2026-10-01 17:13:45
ATTN_config_S16_D128_H32_HD64_G2_layer_norm_ROPEFalse_UHD1_ap_fixed_16_5_,ok,0,155,2026-10-01 17:13:47
ATTN_config_S16_D128_H32_HD64_G1_layer_norm_ROPETrue_UHD4_ap_fixed_16_5_,ok,0,200,2026-10-01 17:13:51
ATTN_config_S16_D128_H32_HD64_G1_rms_norm_ROPETrue_UHD2_ap_fixed_16_5_,ok,0,177,2026-10-01 17:13:56
ATTN_config_S16_D128_H32_HD64_G1_rms_norm_ROPETrue_UHD1_ap_fixed_16_5_,ok,0,187,2026-10-01 17:14:04
ATTN_config_S16_D128_H32_HD64_G2_layer_norm_ROPEFalse_UHD2_ap_fixed_16_5_,ok,0,174,2026-10-01 17:14:11
ATTN_config_S16_D128_H32_HD64_G1_layer_norm_ROPETrue_UHD2_ap_fixed_16_5_,ok,0,223,2026-10-01 17:14:13
ATTN_config_S16_D128_H32_HD64_G2_rms_norm_ROPEFalse_UHD1_ap_fixed_16_5_,ok,0,142,2026-10-01 17:14:18
ATTN_config_S16_D128_H32_HD64_G1_rms_norm_ROPETrue_UHD8_ap_fixed_16_5_,ok,0,201,2026-10-01 17:14:30
ATTN_config_S16_D128_H32_HD64_G2_rms_norm_ROPEFalse_UHD2_ap_fixed_16_5_,ok,0,150,2026-10-01 17:14:32
ATTN_config_S16_D128_H32_HD64_G1_rms_norm_ROPETrue_UHD4_ap_fixed_16_5_,ok,0,210,2026-10-01 17:14:33
ATTN_config_S16_D128_H32_HD64_G2_layer_norm_ROPEFalse_UHD8_ap_fixed_16_5_,ok,0,190,2026-10-01 17:14:34
ATTN_config_S16_D128_H32_HD64_G2_layer_norm_ROPEFalse_UHD4_ap_fixed_16_5_,ok,0,196,2026-10-01 17:14:36
ATTN_config_S16_D128_H32_HD64_G2_layer_norm_ROPETrue_UHD2_ap_fixed_16_5_,ok,0,186,2026-10-01 17:14:39
ATTN_config_S16_D128_H32_HD64_G2_rms_norm_ROPEFalse_UHD4_ap_fixed_16_5_,ok,0,159,2026-10-01 17:14:44
ATTN_config_S16_D128_H32_HD64_G2_layer_norm_ROPETrue_UHD1_ap_fixed_16_5_,ok,0,202,2026-10-01 17:14:51
ATTN_config_S16_D128_H32_HD64_G2_rms_norm_ROPEFalse_UHD8_ap_fixed_16_5_,ok,0,164,2026-10-01 17:14:54
ATTN_config_S16_D128_H32_HD64_G2_rms_norm_ROPETrue_UHD1_ap_fixed_16_5_,ok,0,165,2026-10-01 17:14:56
ATTN_config_S16_D128_H32_HD64_G2_rms_norm_ROPETrue_UHD2_ap_fixed_16_5_,ok,0,175,2026-10-01 17:15:08
ATTN_config_S16_D128_H32_HD64_G4_rms_norm_ROPEFalse_UHD1_ap_fixed_16_5_,ok,0,146,2026-10-01 17:15:11
ATTN_config_S16_D128_H32_HD64_G4_layer_norm_ROPEFalse_UHD1_ap_fixed_16_5_,ok,0,171,2026-10-01 17:15:13
ATTN_config_S16_D128_H32_HD64_G1_layer_norm_ROPETrue_UHD8_ap_fixed_16_5_,ok,0,271,2026-10-01 17:15:14
ATTN_config_S16_D128_H32_HD64_G4_layer_norm_ROPEFalse_UHD2_ap_fixed_16_5_,ok,0,170,2026-10-01 17:15:17
ATTN_config_S16_D128_H32_HD64_G2_rms_norm_ROPETrue_UHD4_ap_fixed_16_5_,ok,0,186,2026-10-01 17:15:20
ATTN_config_S16_D128_H32_HD64_G4_layer_norm_ROPEFalse_UHD4_ap_fixed_16_5_,ok,0,181,2026-10-01 17:15:31
ATTN_config_S16_D128_H32_HD64_G2_layer_norm_ROPETrue_UHD4_ap_fixed_16_5_,ok,0,232,2026-10-01 17:15:33
ATTN_config_S16_D128_H32_HD64_G4_rms_norm_ROPEFalse_UHD2_ap_fixed_16_5_,ok,0,168,2026-10-01 17:15:34
ATTN_config_S16_D128_H32_HD64_G4_layer_norm_ROPEFalse_UHD8_ap_fixed_16_5_,ok,0,190,2026-10-01 17:15:40
ATTN_config_S16_D128_H32_HD64_G4_rms_norm_ROPEFalse_UHD4_ap_fixed_16_5_,ok,0,172,2026-10-01 17:15:40
ATTN_config_S16_D128_H32_HD64_G4_rms_norm_ROPETrue_UHD1_ap_fixed_16_5_,ok,0,164,2026-10-01 17:15:40
ATTN_config_S16_D128_H32_HD64_G2_layer_norm_ROPETrue_UHD8_ap_fixed_16_5_,ok,0,230,2026-10-01 17:15:40
ATTN_config_S16_D128_H32_HD64_G2_rms_norm_ROPETrue_UHD8_ap_fixed_16_5_,ok,0,211,2026-10-01 17:15:48
ATTN_config_S16_D128_H32_HD64_G4_rms_norm_ROPEFalse_UHD8_ap_fixed_16_5_,ok,0,178,2026-10-01 17:15:50
ATTN_config_S16_D128_H32_HD64_G4_layer_norm_ROPETrue_UHD1_ap_fixed_16_5_,ok,0,203,2026-10-01 17:15:53
ATTN_config_S16_D128_H32_HD64_G4_layer_norm_ROPETrue_UHD4_ap_fixed_16_5_,ok,0,207,2026-10-01 17:15:58
ATTN_config_S16_D128_H32_HD64_G4_layer_norm_ROPETrue_UHD2_ap_fixed_16_5_,ok,0,208,2026-10-01 17:16:00
ATTN_config_S16_D128_H8_HD16_G1_rms_norm_ROPEFalse_UHD1_ap_fixed_16_5_,ok,0,138,2026-10-01 17:16:02
ATTN_config_S16_D128_H8_HD16_G1_layer_norm_ROPEFalse_UHD2_ap_fixed_16_5_,ok,0,159,2026-10-01 17:16:06
ATTN_config_S16_D128_H32_HD64_G4_rms_norm_ROPETrue_UHD2_ap_fixed_16_5_,ok,0,181,2026-10-01 17:16:09
ATTN_config_S16_D128_H32_HD64_G4_rms_norm_ROPETrue_UHD4_ap_fixed_16_5_,ok,0,184,2026-10-01 17:16:15
ATTN_config_S16_D128_H8_HD16_G1_rms_norm_ROPEFalse_UHD2_ap_fixed_16_5_,ok,0,149,2026-10-01 17:16:15
ATTN_config_S16_D128_H8_HD16_G1_layer_norm_ROPEFalse_UHD1_ap_fixed_16_5_,ok,0,180,2026-10-01 17:16:23
ATTN_config_S16_D128_H8_HD16_G1_rms_norm_ROPEFalse_UHD4_ap_fixed_16_5_,ok,0,159,2026-10-01 17:16:30
ATTN_config_S16_D128_H8_HD16_G1_layer_norm_ROPEFalse_UHD4_ap_fixed_16_5_,ok,0,187,2026-10-01 17:16:35
ATTN_config_S16_D128_H8_HD16_G1_layer_norm_ROPEFalse_UHD8_ap_fixed_16_5_,ok,0,181,2026-10-01 17:16:37
ATTN_config_S16_D128_H32_HD64_G4_rms_norm_ROPETrue_UHD8_ap_fixed_16_5_,ok,0,200,2026-10-01 17:16:38
ATTN_config_S16_D128_H32_HD64_G4_layer_norm_ROPETrue_UHD8_ap_fixed_16_5_,ok,0,242,2026-10-01 17:16:41
ATTN_config_S16_D128_H8_HD16_G1_rms_norm_ROPETrue_UHD1_ap_fixed_16_5_,ok,0,159,2026-10-01 17:16:43
ATTN_config_S16_D128_H8_HD16_G1_layer_norm_ROPETrue_UHD4_ap_fixed_16_5_,ok,0,194,2026-10-01 17:16:54
ATTN_config_S16_D128_H8_HD16_G1_rms_norm_ROPEFalse_UHD8_ap_fixed_16_5_,ok,0,180,2026-10-01 17:16:55
ATTN_config_S16_D128_H8_HD16_G1_layer_norm_ROPETrue_UHD1_ap_fixed_16_5_,ok,0,199,2026-10-01 17:16:56
ATTN_config_S16_D128_H8_HD16_G1_layer_norm_ROPETrue_UHD2_ap_fixed_16_5_,ok,0,201,2026-10-01 17:17:00
ATTN_config_S16_D128_H8_HD16_G2_layer_norm_ROPEFalse_UHD1_ap_fixed_16_5_,ok,0,153,2026-10-01 17:17:03
ATTN_config_S16_D128_H8_HD16_G1_rms_norm_ROPETrue_UHD4_ap_fixed_16_5_,ok,0,171,2026-10-01 17:17:05
ATTN_config_S16_D128_H8_HD16_G1_rms_norm_ROPETrue_UHD2_ap_fixed_16_5_,ok,0,187,2026-10-01 17:17:18
ATTN_config_S16_D128_H8_HD16_G2_rms_norm_ROPEFalse_UHD2_ap_fixed_16_5_,ok,0,147,2026-10-01 17:17:23
ATTN_config_S16_D128_H8_HD16_G2_layer_norm_ROPEFalse_UHD4_ap_fixed_16_5_,ok,0,172,2026-10-01 17:17:25
ATTN_config_S16_D128_H8_HD16_G2_rms_norm_ROPEFalse_UHD1_ap_fixed_16_5_,ok,0,151,2026-10-01 17:17:25
ATTN_config_S16_D128_H8_HD16_G2_layer_norm_ROPEFalse_UHD2_ap_fixed_16_5_,ok,0,177,2026-10-01 17:17:29
ATTN_config_S16_D128_H8_HD16_G1_layer_norm_ROPETrue_UHD8_ap_fixed_16_5_,ok,0,233,2026-10-01 17:17:35
ATTN_config_S16_D128_H8_HD16_G2_layer_norm_ROPETrue_UHD2_ap_fixed_16_5_,ok,0,178,2026-10-01 17:17:37
ATTN_config_S16_D128_H8_HD16_G2_rms_norm_ROPEFalse_UHD8_ap_fixed_16_5_,ok,0,153,2026-10-01 17:17:44
ATTN_config_S16_D128_H8_HD16_G2_rms_norm_ROPEFalse_UHD4_ap_fixed_16_5_,ok,0,155,2026-10-01 17:17:44
ATTN_config_S16_D128_H8_HD16_G1_rms_norm_ROPETrue_UHD8_ap_fixed_16_5_,ok,0,209,2026-10-01 17:17:47
ATTN_config_S16_D128_H8_HD16_G2_rms_norm_ROPETrue_UHD1_ap_fixed_16_5_,ok,0,157,2026-10-01 17:17:50
ATTN_config_S16_D128_H8_HD16_G2_layer_norm_ROPEFalse_UHD8_ap_fixed_16_5_,ok,0,197,2026-10-01 17:17:51
ATTN_config_S16_D128_H8_HD16_G2_rms_norm_ROPETrue_UHD2_ap_fixed_16_5_,ok,0,160,2026-10-01 17:17:53
ATTN_config_S16_D128_H8_HD16_G2_layer_norm_ROPETrue_UHD1_ap_fixed_16_5_,ok,0,199,2026-10-01 17:17:56
ATTN_config_S16_D128_H8_HD16_G2_layer_norm_ROPETrue_UHD4_ap_fixed_16_5_,ok,0,194,2026-10-01 17:17:58
ATTN_config_S16_D128_H8_HD16_G2_rms_norm_ROPETrue_UHD4_ap_fixed_16_5_,ok,0,163,2026-10-01 17:18:00
ATTN_config_S16_D128_H8_HD16_G4_rms_norm_ROPEFalse_UHD1_ap_fixed_16_5_,ok,0,134,2026-10-01 17:18:04
ATTN_config_S16_D128_H8_HD16_G4_layer_norm_ROPEFalse_UHD2_ap_fixed_16_5_,ok,0,154,2026-10-01 17:18:07
ATTN_config_S16_D128_H8_HD16_G4_rms_norm_ROPEFalse_UHD2_ap_fixed_16_5_,ok,0,135,2026-10-01 17:18:08
ATTN_config_S16_D128_H8_HD16_G4_layer_norm_ROPEFalse_UHD1_ap_fixed_16_5_,ok,0,166,2026-10-01 17:18:17
ATTN_config_S16_D128_H8_HD16_G4_rms_norm_ROPEFalse_UHD4_ap_fixed_16_5_,ok,0,151,2026-10-01 17:18:30
ATTN_config_S16_D128_H8_HD16_G2_layer_norm_ROPETrue_UHD8_ap_fixed_16_5_,ok,0,224,2026-10-01 17:18:35
ATTN_config_S16_D128_H8_HD16_G4_layer_norm_ROPEFalse_UHD4_ap_fixed_16_5_,ok,0,181,2026-10-01 17:18:35
ATTN_config_S16_D128_H8_HD16_G4_rms_norm_ROPETrue_UHD1_ap_fixed_16_5_,ok,0,156,2026-10-01 17:18:38
ATTN_config_S16_D128_H8_HD16_G4_layer_norm_ROPETrue_UHD1_ap_fixed_16_5_,ok,0,179,2026-10-01 17:18:39
ATTN_config_S16_D128_H8_HD16_G4_layer_norm_ROPETrue_UHD2_ap_fixed_16_5_,ok,0,180,2026-10-01 17:18:40
ATTN_config_S16_D128_H8_HD16_G2_rms_norm_ROPETrue_UHD8_ap_fixed_16_5_,ok,0,200,2026-10-01 17:18:40
ATTN_config_S16_D128_H8_HD16_G4_layer_norm_ROPEFalse_UHD8_ap_fixed_16_5_,ok,0,188,2026-10-01 17:18:47
ATTN_config_S16_D128_H8_HD16_G4_rms_norm_ROPEFalse_UHD8_ap_fixed_16_5_,ok,0,175,2026-10-01 17:18:55
ATTN_config_S16_D128_H8_HD16_G4_rms_norm_ROPETrue_UHD2_ap_fixed_16_5_,ok,0,170,2026-10-01 17:18:57
ATTN_config_S16_D128_H8_HD32_G1_layer_norm_ROPEFalse_UHD1_ap_fixed_16_5_,ok,0,163,2026-10-01 17:18:59
ATTN_config_S16_D128_H8_HD16_G4_layer_norm_ROPETrue_UHD4_ap_fixed_16_5_,ok,0,204,2026-10-01 17:19:04
ATTN_config_S16_D128_H8_HD32_G1_layer_norm_ROPEFalse_UHD2_ap_fixed_16_5_,ok,0,169,2026-10-01 17:19:11
ATTN_config_S16_D128_H8_HD16_G4_rms_norm_ROPETrue_UHD4_ap_fixed_16_5_,ok,0,183,2026-10-01 17:19:12
ATTN_config_S16_D128_H8_HD32_G1_rms_norm_ROPEFalse_UHD1_ap_fixed_16_5_,ok,0,141,2026-10-01 17:19:16
ATTN_config_S16_D128_H8_HD16_G4_layer_norm_ROPETrue_UHD8_ap_fixed_16_5_,ok,0,212,2026-10-01 17:19:20
ATTN_config_S16_D128_H8_HD32_G1_layer_norm_ROPEFalse_UHD4_ap_fixed_16_5_,ok,0,176,2026-10-01 17:19:26
ATTN_config_S16_D128_H8_HD32_G1_rms_norm_ROPEFalse_UHD2_ap_fixed_16_5_,ok,0,152,2026-10-01 17:19:27
ATTN_config_S16_D128_H8_HD32_G1_rms_norm_ROPEFalse_UHD4_ap_fixed_16_5_,ok,0,153,2026-10-01 17:19:29
ATTN_config_S16_D128_H8_HD32_G1_layer_norm_ROPEFalse_UHD8_ap_fixed_16_5_,ok,0,185,2026-10-01 17:19:40
ATTN_config_S16_D128_H8_HD16_G4_rms_norm_ROPETrue_UHD8_ap_fixed_16_5_,ok,0,208,2026-10-01 17:19:43
ATTN_config_S16_D128_H8_HD32_G1_rms_norm_ROPETrue_UHD1_ap_fixed_16_5_,ok,0,165,2026-10-01 17:19:48
ATTN_config_S16_D128_H8_HD32_G1_layer_norm_ROPETrue_UHD2_ap_fixed_16_5_,ok,0,191,2026-10-01 17:19:49
ATTN_config_S16_D128_H8_HD32_G1_rms_norm_ROPETrue_UHD2_ap_fixed_16_5_,ok,0,165,2026-10-01 17:19:50
ATTN_config_S16_D128_H8_HD32_G1_layer_norm_ROPETrue_UHD1_ap_fixed_16_5_,ok,0,196,2026-10-01 17:19:53
ATTN_config_S16_D128_H8_HD32_G1_rms_norm_ROPEFalse_UHD8_ap_fixed_16_5_,ok,0,174,2026-10-01 17:19:54
ATTN_config_S16_D128_H8_HD32_G2_layer_norm_ROPEFalse_UHD1_ap_fixed_16_5_,ok,0,156,2026-10-01 17:20:00
ATTN_config_S16_D128_H8_HD32_G2_rms_norm_ROPEFalse_UHD1_ap_fixed_16_5_,ok,0,136,2026-10-01 17:20:06
ATTN_config_S16_D128_H8_HD32_G2_layer_norm_ROPEFalse_UHD2_ap_fixed_16_5_,ok,0,163,2026-10-01 17:20:07
ATTN_config_S16_D128_H8_HD32_G1_layer_norm_ROPETrue_UHD4_ap_fixed_16_5_,ok,0,209,2026-10-01 17:20:10
ATTN_config_S16_D128_H8_HD32_G2_rms_norm_ROPEFalse_UHD2_ap_fixed_16_5_,ok,0,141,2026-10-01 17:20:12
ATTN_config_S16_D128_H8_HD32_G2_rms_norm_ROPEFalse_UHD4_ap_fixed_16_5_,ok,0,149,2026-10-01 17:20:22
ATTN_config_S16_D128_H8_HD32_G2_layer_norm_ROPEFalse_UHD4_ap_fixed_16_5_,ok,0,174,2026-10-01 17:20:23
ATTN_config_S16_D128_H8_HD32_G1_layer_norm_ROPETrue_UHD8_ap_fixed_16_5_,ok,0,226,2026-10-01 17:20:29
ATTN_config_S16_D128_H8_HD32_G1_rms_norm_ROPETrue_UHD4_ap_fixed_16_5_,ok,0,193,2026-10-01 17:20:31
ATTN_config_S16_D128_H8_HD32_G2_rms_norm_ROPEFalse_UHD8_ap_fixed_16_5_,ok,0,159,2026-10-01 17:20:34
ATTN_config_S16_D128_H8_HD32_G2_layer_norm_ROPEFalse_UHD8_ap_fixed_16_5_,ok,0,183,2026-10-01 17:20:38
ATTN_config_S16_D128_H8_HD32_G2_rms_norm_ROPETrue_UHD2_ap_fixed_16_5_,ok,0,162,2026-10-01 17:20:42
ATTN_config_S16_D128_H8_HD32_G2_layer_norm_ROPETrue_UHD1_ap_fixed_16_5_,ok,0,186,2026-10-01 17:20:43
ATTN_config_S16_D128_H8_HD32_G1_rms_norm_ROPETrue_UHD8_ap_fixed_16_5_,ok,0,212,2026-10-01 17:20:55
ATTN_config_S16_D128_H8_HD32_G2_rms_norm_ROPETrue_UHD4_ap_fixed_16_5_,ok,0,173,2026-10-01 17:20:57
ATTN_config_S16_D128_H8_HD32_G2_rms_norm_ROPETrue_UHD1_ap_fixed_16_5_,ok,0,179,2026-10-01 17:20:57
ATTN_config_S16_D128_H8_HD32_G2_layer_norm_ROPETrue_UHD2_ap_fixed_16_5_,ok,0,196,2026-10-01 17:20:59
ATTN_config_S16_D128_H8_HD32_G2_layer_norm_ROPETrue_UHD4_ap_fixed_16_5_,ok,0,199,2026-10-01 17:21:03
ATTN_config_S16_D128_H8_HD32_G4_layer_norm_ROPEFalse_UHD2_ap_fixed_16_5_,ok,0,167,2026-10-01 17:21:04
ATTN_config_S16_D128_H8_HD32_G4_layer_norm_ROPEFalse_UHD1_ap_fixed_16_5_,ok,0,180,2026-10-01 17:21:07
ATTN_config_S16_D128_H8_HD32_G4_rms_norm_ROPEFalse_UHD2_ap_fixed_16_5_,ok,0,142,2026-10-01 17:21:09
ATTN_config_S16_D128_H8_HD32_G4_rms_norm_ROPEFalse_UHD1_ap_fixed_16_5_,ok,0,150,2026-10-01 17:21:10
ATTN_config_S16_D128_H8_HD32_G2_layer_norm_ROPETrue_UHD8_ap_fixed_16_5_,ok,0,221,2026-10-01 17:21:28
ATTN_config_S16_D128_H8_HD32_G4_layer_norm_ROPEFalse_UHD8_ap_fixed_16_5_,ok,0,179,2026-10-01 17:21:34
ATTN_config_S16_D128_H8_HD32_G4_rms_norm_ROPEFalse_UHD4_ap_fixed_16_5_,ok,0,163,2026-10-01 17:21:38
ATTN_config_S16_D128_H8_HD32_G4_layer_norm_ROPEFalse_UHD4_ap_fixed_16_5_,ok,0,190,2026-10-01 17:21:40
ATTN_config_S16_D128_H8_HD32_G4_layer_norm_ROPETrue_UHD1_ap_fixed_16_5_,ok,0,186,2026-10-01 17:21:41
ATTN_config_S16_D128_H8_HD32_G4_rms_norm_ROPETrue_UHD1_ap_fixed_16_5_,ok,0,163,2026-10-01 17:21:42
ATTN_config_S16_D128_H8_HD32_G4_rms_norm_ROPEFalse_UHD8_ap_fixed_16_5_,ok,0,167,2026-10-01 17:21:44
ATTN_config_S16_D128_H8_HD32_G4_layer_norm_ROPETrue_UHD2_ap_fixed_16_5_,ok,0,189,2026-10-01 17:21:47
ATTN_config_S16_D128_H8_HD32_G2_rms_norm_ROPETrue_UHD8_ap_fixed_16_5_,ok,0,220,2026-10-01 17:21:47
ATTN_config_S16_D128_H8_HD32_G4_layer_norm_ROPETrue_UHD4_ap_fixed_16_5_,ok,0,191,2026-10-01 17:21:50
ATTN_config_S16_D128_H8_HD64_G1_layer_norm_ROPEFalse_UHD2_ap_fixed_16_5_,ok,0,163,2026-10-01 17:22:03
ATTN_config_S16_D128_H8_HD32_G4_rms_norm_ROPETrue_UHD4_ap_fixed_16_5_,ok,0,175,2026-10-01 17:22:07
ATTN_config_S16_D128_H8_HD32_G4_layer_norm_ROPETrue_UHD8_ap_fixed_16_5_,ok,0,209,2026-10-01 17:22:09
ATTN_config_S16_D128_H8_HD64_G1_rms_norm_ROPEFalse_UHD2_ap_fixed_16_5_,ok,0,141,2026-10-01 17:22:11
ATTN_config_S16_D128_H8_HD64_G1_layer_norm_ROPEFalse_UHD4_ap_fixed_16_5_,ok,0,165,2026-10-01 17:22:11
ATTN_config_S16_D128_H8_HD64_G1_rms_norm_ROPEFalse_UHD1_ap_fixed_16_5_,ok,0,142,2026-10-01 17:22:11
ATTN_config_S16_D128_H8_HD32_G4_rms_norm_ROPETrue_UHD2_ap_fixed_16_5_,ok,0,189,2026-10-01 17:22:13
ATTN_config_S16_D128_H8_HD64_G1_layer_norm_ROPEFalse_UHD1_ap_fixed_16_5_,ok,0,180,2026-10-01 17:22:16
ATTN_config_S16_D128_H8_HD64_G1_rms_norm_ROPEFalse_UHD4_ap_fixed_16_5_,ok,0,153,2026-10-01 17:22:26
ATTN_config_S16_D128_H8_HD32_G4_rms_norm_ROPETrue_UHD8_ap_fixed_16_5_,ok,0,195,2026-10-01 17:22:27
ATTN_config_S16_D128_H8_HD64_G1_layer_norm_ROPEFalse_UHD8_ap_fixed_16_5_,ok,0,180,2026-10-01 17:22:27
ATTN_config_S16_D128_H8_HD64_G1_rms_norm_ROPETrue_UHD1_ap_fixed_16_5_,ok,0,166,2026-10-01 17:22:47
ATTN_config_S16_D128_H8_HD64_G1_rms_norm_ROPETrue_UHD2_ap_fixed_16_5_,ok,0,164,2026-10-01 17:22:50
ATTN_config_S16_D128_H8_HD64_G1_layer_norm_ROPETrue_UHD2_ap_fixed_16_5_,ok,0,196,2026-10-01 17:22:57
ATTN_config_S16_D128_H8_HD64_G1_rms_norm_ROPEFalse_UHD8_ap_fixed_16_5_,ok,0,183,2026-10-01 17:22:57
ATTN_config_S16_D128_H8_HD64_G2_layer_norm_ROPEFalse_UHD1_ap_fixed_16_5_,ok,0,166,2026-10-01 17:22:58
ATTN_config_S16_D128_H8_HD64_G1_layer_norm_ROPETrue_UHD1_ap_fixed_16_5_,ok,0,209,2026-10-01 17:22:58
ATTN_config_S16_D128_H8_HD64_G2_rms_norm_ROPEFalse_UHD1_ap_fixed_16_5_,ok,0,136,2026-10-01 17:22:59
ATTN_config_S16_D128_H8_HD64_G2_layer_norm_ROPEFalse_UHD2_ap_fixed_16_5_,ok,0,160,2026-10-01 17:23:02
ATTN_config_S16_D128_H8_HD64_G1_rms_norm_ROPETrue_UHD4_ap_fixed_16_5_,ok,0,178,2026-10-01 17:23:06
ATTN_config_S16_D128_H8_HD64_G2_layer_norm_ROPEFalse_UHD4_ap_fixed_16_5_,ok,0,166,2026-10-01 17:23:09
ATTN_config_S16_D128_H8_HD64_G2_rms_norm_ROPEFalse_UHD2_ap_fixed_16_5_,ok,0,136,2026-10-01 17:23:11
ATTN_config_S16_D128_H8_HD64_G1_layer_norm_ROPETrue_UHD8_ap_fixed_16_5_,ok,0,208,2026-10-01 17:23:16
ATTN_config_S16_D128_H8_HD64_G1_layer_norm_ROPETrue_UHD4_ap_fixed_16_5_,ok,0,219,2026-10-01 17:23:22
ATTN_config_S16_D128_H8_HD64_G2_rms_norm_ROPEFalse_UHD4_ap_fixed_16_5_,ok,0,146,2026-10-01 17:23:23
ATTN_config_S16_D128_H8_HD64_G2_layer_norm_ROPEFalse_UHD8_ap_fixed_16_5_,ok,0,180,2026-10-01 17:23:28
ATTN_config_S16_D128_H8_HD64_G1_rms_norm_ROPETrue_UHD8_ap_fixed_16_5_,ok,0,202,2026-10-01 17:23:32
ATTN_config_S16_D128_H8_HD64_G2_rms_norm_ROPETrue_UHD1_ap_fixed_16_5_,ok,0,157,2026-10-01 17:23:36
ATTN_config_S16_D128_H8_HD64_G2_rms_norm_ROPEFalse_UHD8_ap_fixed_16_5_,ok,0,163,2026-10-01 17:23:41
ATTN_config_S16_D128_H8_HD64_G4_layer_norm_ROPEFalse_UHD2_ap_fixed_16_5_,ok,0,158,2026-10-01 17:23:48
ATTN_config_S16_D128_H8_HD64_G4_layer_norm_ROPEFalse_UHD1_ap_fixed_16_5_,ok,0,161,2026-10-01 17:23:50
ATTN_config_S16_D128_H8_HD64_G2_rms_norm_ROPETrue_UHD4_ap_fixed_16_5_,ok,0,169,2026-10-01 17:23:53
ATTN_config_S16_D128_H8_HD64_G2_layer_norm_ROPETrue_UHD1_ap_fixed_16_5_,ok,0,204,2026-10-01 17:23:55
ATTN_config_S16_D128_H8_HD64_G2_layer_norm_ROPETrue_UHD4_ap_fixed_16_5_,ok,0,203,2026-10-01 17:24:01
ATTN_config_S16_D128_H8_HD64_G2_layer_norm_ROPETrue_UHD2_ap_fixed_16_5_,ok,0,211,2026-10-01 17:24:05
ATTN_config_S16_D128_H8_HD64_G4_rms_norm_ROPEFalse_UHD2_ap_fixed_16_5_,ok,0,143,2026-10-01 17:24:09
ATTN_config_S16_D128_H8_HD64_G2_rms_norm_ROPETrue_UHD2_ap_fixed_16_5_,ok,0,188,2026-10-01 17:24:12
ATTN_config_S16_D128_H8_HD64_G4_rms_norm_ROPEFalse_UHD4_ap_fixed_16_5_,ok,0,149,2026-10-01 17:24:16
ATTN_config_S16_D128_H8_HD64_G4_rms_norm_ROPEFalse_UHD1_ap_fixed_16_5_,ok,0,153,2026-10-01 17:24:17
ATTN_config_S16_D128_H8_HD64_G2_rms_norm_ROPETrue_UHD8_ap_fixed_16_5_,ok,0,195,2026-10-01 17:24:23
ATTN_config_S16_D128_H8_HD64_G4_rms_norm_ROPEFalse_UHD8_ap_fixed_16_5_,ok,0,166,2026-10-01 17:24:36
ATTN_config_S16_D128_H8_HD64_G4_layer_norm_ROPEFalse_UHD4_ap_fixed_16_5_,ok,0,192,2026-10-01 17:24:39
ATTN_config_S16_D128_H8_HD64_G4_layer_norm_ROPETrue_UHD1_ap_fixed_16_5_,ok,0,185,2026-10-01 17:24:42
ATTN_config_S16_D128_H8_HD64_G4_layer_norm_ROPETrue_UHD2_ap_fixed_16_5_,ok,0,184,2026-10-01 17:24:43
ATTN_config_S16_D128_H8_HD64_G2_layer_norm_ROPETrue_UHD8_ap_fixed_16_5_,ok,0,243,2026-10-01 17:24:45
ATTN_config_S16_D128_H8_HD64_G4_rms_norm_ROPETrue_UHD1_ap_fixed_16_5_,ok,0,163,2026-10-01 17:24:47
ATTN_config_S16_D128_H8_HD64_G4_layer_norm_ROPEFalse_UHD8_ap_fixed_16_5_,ok,0,195,2026-10-01 17:24:48
ATTN_config_S16_D128_H8_HD64_G4_layer_norm_ROPETrue_UHD4_ap_fixed_16_5_,ok,0,194,2026-10-01 17:24:55
ATTN_config_S16_D256_H16_HD16_G1_layer_norm_ROPEFalse_UHD1_ap_fixed_16_5_,ok,0,164,2026-10-01 17:24:55
ATTN_config_S16_D128_H8_HD64_G4_rms_norm_ROPETrue_UHD2_ap_fixed_16_5_,ok,0,171,2026-10-01 17:24:58
ATTN_config_S16_D128_H8_HD64_G4_rms_norm_ROPETrue_UHD4_ap_fixed_16_5_,ok,0,180,2026-10-01 17:25:09
ATTN_config_S16_D256_H16_HD16_G1_layer_norm_ROPEFalse_UHD2_ap_fixed_16_5_,ok,0,180,2026-10-01 17:25:11
ATTN_config_S16_D256_H16_HD16_G1_layer_norm_ROPEFalse_UHD8_ap_fixed_16_5_,ok,0,179,2026-10-01 17:25:15
ATTN_config_S16_D256_H16_HD16_G1_rms_norm_ROPEFalse_UHD1_ap_fixed_16_5_,ok,0,154,2026-10-01 17:25:24
ATTN_config_S16_D256_H16_HD16_G1_layer_norm_ROPEFalse_UHD4_ap_fixed_16_5_,ok,0,191,2026-10-01 17:25:24
ATTN_config_S16_D256_H16_HD16_G1_rms_norm_ROPEFalse_UHD2_ap_fixed_16_5_,ok,0,147,2026-10-01 17:25:24
ATTN_config_S16_D256_H16_HD16_G1_rms_norm_ROPEFalse_UHD4_ap_fixed_16_5_,ok,0,149,2026-10-01 17:25:26
ATTN_config_S16_D128_H8_HD64_G4_layer_norm_ROPETrue_UHD8_ap_fixed_16_5_,ok,0,226,2026-10-01 17:25:28
ATTN_config_S16_D256_H16_HD16_G1_layer_norm_ROPETrue_UHD1_ap_fixed_16_5_,ok,0,188,2026-10-01 17:25:33
ATTN_config_S16_D128_H8_HD64_G4_rms_norm_ROPETrue_UHD8_ap_fixed_16_5_,ok,0,203,2026-10-01 17:25:33
ATTN_config_S16_D256_H16_HD16_G1_rms_norm_ROPETrue_UHD1_ap_fixed_16_5_,ok,0,161,2026-10-01 17:25:39
ATTN_config_S16_D256_H16_HD16_G1_rms_norm_ROPEFalse_UHD8_ap_fixed_16_5_,ok,0,175,2026-10-01 17:25:53
ATTN_config_S16_D256_H16_HD16_G1_rms_norm_ROPETrue_UHD2_ap_fixed_16_5_,ok,0,187,2026-10-01 17:26:06
ATTN_config_S16_D256_H16_HD16_G1_layer_norm_ROPETrue_UHD2_ap_fixed_16_5_,ok,0,219,2026-10-01 17:26:06
ATTN_config_S16_D256_H16_HD16_G2_layer_norm_ROPEFalse_UHD1_ap_fixed_16_5_,ok,0,177,2026-10-01 17:26:06
ATTN_config_S16_D256_H16_HD16_G2_rms_norm_ROPEFalse_UHD1_ap_fixed_16_5_,ok,0,152,2026-10-01 17:26:12
ATTN_config_S16_D256_H16_HD16_G2_rms_norm_ROPEFalse_UHD4_ap_fixed_16_5_,ok,0,154,2026-10-01 17:26:24
ATTN_config_S16_D256_H16_HD16_G2_rms_norm_ROPEFalse_UHD2_ap_fixed_16_5_,ok,0,159,2026-10-01 17:26:26
ATTN_config_S16_D256_H16_HD16_G2_layer_norm_ROPEFalse_UHD2_ap_fixed_16_5_,ok,0,196,2026-10-01 17:26:27
ATTN_config_S16_D256_H16_HD16_G1_layer_norm_ROPETrue_UHD4_ap_fixed_16_5_,ok,0,246,2026-10-01 17:26:33
ATTN_config_S16_D256_H16_HD16_G2_layer_norm_ROPEFalse_UHD8_ap_fixed_16_5_,ok,0,192,2026-10-01 17:26:34
ATTN_config_S16_D256_H16_HD16_G2_layer_norm_ROPEFalse_UHD4_ap_fixed_16_5_,ok,0,201,2026-10-01 17:26:37
ATTN_config_S16_D256_H16_HD16_G1_rms_norm_ROPETrue_UHD4_ap_fixed_16_5_,ok,0,222,2026-10-01 17:26:44
ATTN_config_S16_D256_H16_HD16_G2_layer_norm_ROPETrue_UHD2_ap_fixed_16_5_,ok,0,208,2026-10-01 17:26:56
ATTN_config_S16_D256_H16_HD16_G2_rms_norm_ROPEFalse_UHD8_ap_fixed_16_5_,ok,0,195,2026-10-01 17:27:08
ATTN_config_S16_D256_H16_HD16_G2_rms_norm_ROPETrue_UHD1_ap_fixed_16_5_,ok,0,198,2026-10-01 17:27:13
ATTN_config_S16_D256_H16_HD16_G1_rms_norm_ROPETrue_UHD8_ap_fixed_16_5_,ok,0,251,2026-10-01 17:27:17
ATTN_config_S16_D256_H16_HD16_G2_rms_norm_ROPETrue_UHD2_ap_fixed_16_5_,ok,0,198,2026-10-01 17:27:19
ATTN_config_S16_D256_H16_HD16_G2_layer_norm_ROPETrue_UHD1_ap_fixed_16_5_,ok,0,239,2026-10-01 17:27:22
ATTN_config_S16_D256_H16_HD16_G4_layer_norm_ROPEFalse_UHD2_ap_fixed_16_5_,ok,0,186,2026-10-01 17:27:23
ATTN_config_S16_D256_H16_HD16_G2_rms_norm_ROPETrue_UHD4_ap_fixed_16_5_,ok,0,202,2026-10-01 17:27:27
ATTN_config_S16_D256_H16_HD16_G4_layer_norm_ROPEFalse_UHD4_ap_fixed_16_5_,ok,0,192,2026-10-01 17:27:28
ATTN_config_S16_D256_H16_HD16_G4_rms_norm_ROPEFalse_UHD1_ap_fixed_16_5_,ok,0,165,2026-10-01 17:27:30
ATTN_config_S16_D256_H16_HD16_G1_layer_norm_ROPETrue_UHD8_ap_fixed_16_5_,ok,0,286,2026-10-01 17:27:33
ATTN_config_S16_D256_H16_HD16_G4_layer_norm_ROPEFalse_UHD1_ap_fixed_16_5_,ok,0,208,2026-10-01 17:27:39
ATTN_config_S16_D256_H16_HD16_G4_layer_norm_ROPEFalse_UHD8_ap_fixed_16_5_,ok,0,201,2026-10-01 17:27:43
ATTN_config_S16_D256_H16_HD16_G2_layer_norm_ROPETrue_UHD4_ap_fixed_16_5_,ok,0,254,2026-10-01 17:27:47
ATTN_config_S16_D256_H16_HD16_G4_rms_norm_ROPEFalse_UHD2_ap_fixed_16_5_,ok,0,181,2026-10-01 17:27:47
ATTN_config_S16_D256_H16_HD16_G2_rms_norm_ROPETrue_UHD8_ap_fixed_16_5_,ok,0,230,2026-10-01 17:27:59
ATTN_config_S16_D256_H16_HD16_G4_rms_norm_ROPEFalse_UHD4_ap_fixed_16_5_,ok,0,192,2026-10-01 17:28:00
ATTN_config_S16_D256_H16_HD16_G4_rms_norm_ROPETrue_UHD2_ap_fixed_16_5_,ok,0,187,2026-10-01 17:28:05
ATTN_config_S16_D256_H16_HD16_G4_layer_norm_ROPETrue_UHD2_ap_fixed_16_5_,ok,0,209,2026-10-01 17:28:08
ATTN_config_S16_D256_H16_HD16_G4_rms_norm_ROPEFalse_UHD8_ap_fixed_16_5_,ok,0,194,2026-10-01 17:28:09
ATTN_config_S16_D256_H16_HD32_G1_rms_norm_ROPEFalse_UHD2_ap_fixed_16_5_,ok,0,147,2026-10-01 17:28:20
ATTN_config_S16_D256_H16_HD16_G4_rms_norm_ROPETrue_UHD1_ap_fixed_16_5_,ok,0,208,2026-10-01 17:28:24
ATTN_config_S16_D256_H16_HD16_G2_layer_norm_ROPETrue_UHD8_ap_fixed_16_5_,ok,0,289,2026-10-01 17:28:25
ATTN_config_S16_D256_H16_HD16_G4_layer_norm_ROPETrue_UHD1_ap_fixed_16_5_,ok,0,237,2026-10-01 17:28:33
ATTN_config_S16_D256_H16_HD32_G1_layer_norm_ROPEFalse_UHD2_ap_fixed_16_5_,ok,0,190,2026-10-01 17:28:34
ATTN_config_S16_D256_H16_HD16_G4_layer_norm_ROPETrue_UHD4_ap_fixed_16_5_,ok,0,236,2026-10-01 17:28:38
ATTN_config_S16_D256_H16_HD32_G1_layer_norm_ROPEFalse_UHD8_ap_fixed_16_5_,ok,0,196,2026-10-01 17:28:40
ATTN_config_S16_D256_H16_HD32_G1_layer_norm_ROPEFalse_UHD1_ap_fixed_16_5_,ok,0,206,2026-10-01 17:28:41
ATTN_config_S16_D256_H16_HD32_G1_rms_norm_ROPEFalse_UHD1_ap_fixed_16_5_,ok,0,182,2026-10-01 17:28:41
ATTN_config_S16_D256_H16_HD16_G4_layer_norm_ROPETrue_UHD8_ap_fixed_16_5_,ok,0,243,2026-10-01 17:28:46
ATTN_config_S16_D256_H16_HD16_G4_rms_norm_ROPETrue_UHD4_ap_fixed_16_5_,ok,0,217,2026-10-01 17:28:46
ATTN_config_S16_D256_H16_HD16_G4_rms_norm_ROPETrue_UHD8_ap_fixed_16_5_,ok,0,220,2026-10-01 17:28:51
ATTN_config_S16_D256_H16_HD32_G1_layer_norm_ROPETrue_UHD2_ap_fixed_16_5_,ok,0,212,2026-10-01 17:29:00
ATTN_config_S16_D256_H16_HD32_G1_layer_norm_ROPEFalse_UHD4_ap_fixed_16_5_,ok,0,217,2026-10-01 17:29:01
ATTN_config_S16_D256_H16_HD32_G1_rms_norm_ROPETrue_UHD1_ap_fixed_16_5_,ok,0,178,2026-10-01 17:29:04
ATTN_config_S16_D256_H16_HD32_G1_rms_norm_ROPETrue_UHD2_ap_fixed_16_5_,ok,0,175,2026-10-01 17:29:07
ATTN_config_S16_D256_H16_HD32_G1_rms_norm_ROPEFalse_UHD8_ap_fixed_16_5_,ok,0,182,2026-10-01 17:29:08
ATTN_config_S16_D256_H16_HD32_G2_layer_norm_ROPEFalse_UHD1_ap_fixed_16_5_,ok,0,162,2026-10-01 17:29:09
ATTN_config_S16_D256_H16_HD32_G1_rms_norm_ROPEFalse_UHD4_ap_fixed_16_5_,ok,0,187,2026-10-01 17:29:12
ATTN_config_S16_D256_H16_HD32_G2_layer_norm_ROPEFalse_UHD2_ap_fixed_16_5_,ok,0,164,2026-10-01 17:29:18
ATTN_config_S16_D256_H16_HD32_G1_layer_norm_ROPETrue_UHD1_ap_fixed_16_5_,ok,0,240,2026-10-01 17:29:26
ATTN_config_S16_D256_H16_HD32_G1_layer_norm_ROPETrue_UHD4_ap_fixed_16_5_,ok,0,240,2026-10-01 17:29:33
ATTN_config_S16_D256_H16_HD32_G2_rms_norm_ROPEFalse_UHD1_ap_fixed_16_5_,ok,0,144,2026-10-01 17:29:41
ATTN_config_S16_D256_H16_HD32_G2_layer_norm_ROPEFalse_UHD4_ap_fixed_16_5_,ok,0,192,2026-10-01 17:29:46
ATTN_config_S16_D256_H16_HD32_G2_rms_norm_ROPEFalse_UHD2_ap_fixed_16_5_,ok,0,149,2026-10-01 17:29:48
ATTN_config_S16_D256_H16_HD32_G1_rms_norm_ROPETrue_UHD4_ap_fixed_16_5_,ok,0,209,2026-10-01 17:29:53
ATTN_config_S16_D256_H16_HD32_G1_layer_norm_ROPETrue_UHD8_ap_fixed_16_5_,ok,0,266,2026-10-01 17:30:00
ATTN_config_S16_D256_H16_HD32_G2_layer_norm_ROPEFalse_UHD8_ap_fixed_16_5_,ok,0,209,2026-10-01 17:30:05
ATTN_config_S16_D256_H16_HD32_G2_rms_norm_ROPEFalse_UHD8_ap_fixed_16_5_,ok,0,170,2026-10-01 17:30:13
ATTN_config_S16_D256_H16_HD32_G1_rms_norm_ROPETrue_UHD8_ap_fixed_16_5_,ok,0,227,2026-10-01 17:30:13
ATTN_config_S16_D256_H16_HD32_G2_layer_norm_ROPETrue_UHD2_ap_fixed_16_5_,ok,0,198,2026-10-01 17:30:15
ATTN_config_S16_D256_H16_HD32_G2_rms_norm_ROPEFalse_UHD4_ap_fixed_16_5_,ok,0,178,2026-10-01 17:30:20
ATTN_config_S16_D256_H16_HD32_G2_rms_norm_ROPETrue_UHD2_ap_fixed_16_5_,ok,0,175,2026-10-01 17:30:23
ATTN_config_S16_D256_H16_HD32_G4_layer_norm_ROPEFalse_UHD2_ap_fixed_16_5_,ok,0,161,2026-10-01 17:30:24
ATTN_config_S16_D256_H16_HD32_G4_layer_norm_ROPEFalse_UHD1_ap_fixed_16_5_,ok,0,166,2026-10-01 17:30:25
ATTN_config_S16_D256_H16_HD32_G2_layer_norm_ROPETrue_UHD4_ap_fixed_16_5_,ok,0,198,2026-10-01 17:30:26
ATTN_config_S16_D256_H16_HD32_G2_rms_norm_ROPETrue_UHD4_ap_fixed_16_5_,ok,0,184,2026-10-01 17:30:34
ATTN_config_S16_D256_H16_HD32_G2_layer_norm_ROPETrue_UHD1_ap_fixed_16_5_,ok,0,232,2026-10-01 17:30:36
ATTN_config_S16_D256_H16_HD32_G2_rms_norm_ROPETrue_UHD1_ap_fixed_16_5_,ok,0,190,2026-10-01 17:30:37
ATTN_config_S16_D256_H16_HD32_G4_rms_norm_ROPEFalse_UHD2_ap_fixed_16_5_,ok,0,142,2026-10-01 17:30:42
ATTN_config_S16_D256_H16_HD32_G4_rms_norm_ROPEFalse_UHD1_ap_fixed_16_5_,ok,0,160,2026-10-01 17:30:49
ATTN_config_S16_D256_H16_HD32_G4_rms_norm_ROPEFalse_UHD4_ap_fixed_16_5_,ok,0,151,2026-10-01 17:30:54
ATTN_config_S16_D256_H16_HD32_G4_layer_norm_ROPEFalse_UHD8_ap_fixed_16_5_,ok,0,190,2026-10-01 17:30:57
ATTN_config_S16_D256_H16_HD32_G4_rms_norm_ROPEFalse_UHD8_ap_fixed_16_5_,ok,0,161,2026-10-01 17:31:05
ATTN_config_S16_D256_H16_HD32_G2_rms_norm_ROPETrue_UHD8_ap_fixed_16_5_,ok,0,214,2026-10-01 17:31:07
ATTN_config_S16_D256_H16_HD32_G4_layer_norm_ROPEFalse_UHD4_ap_fixed_16_5_,ok,0,200,2026-10-01 17:31:07
ATTN_config_S16_D256_H16_HD32_G4_layer_norm_ROPETrue_UHD1_ap_fixed_16_5_,ok,0,189,2026-10-01 17:31:08
ATTN_config_S16_D256_H16_HD32_G4_layer_norm_ROPETrue_UHD2_ap_fixed_16_5_,ok,0,188,2026-10-01 17:31:09
ATTN_config_S16_D256_H16_HD32_G4_rms_norm_ROPETrue_UHD1_ap_fixed_16_5_,ok,0,159,2026-10-01 17:31:12
ATTN_config_S16_D256_H16_HD32_G2_layer_norm_ROPETrue_UHD8_ap_fixed_16_5_,ok,0,239,2026-10-01 17:31:12
ATTN_config_S16_D256_H16_HD64_G1_layer_norm_ROPEFalse_UHD2_ap_fixed_16_5_,ok,0,157,2026-10-01 17:31:18
ATTN_config_S16_D256_H16_HD32_G4_rms_norm_ROPETrue_UHD2_ap_fixed_16_5_,ok,0,168,2026-10-01 17:31:22
ATTN_config_S16_D256_H16_HD64_G1_layer_norm_ROPEFalse_UHD1_ap_fixed_16_5_,ok,0,163,2026-10-01 17:31:23
ATTN_config_S16_D256_H16_HD64_G1_rms_norm_ROPEFalse_UHD1_ap_fixed_16_5_,ok,0,138,2026-10-01 17:31:26
ATTN_config_S16_D256_H16_HD64_G1_rms_norm_ROPEFalse_UHD4_ap_fixed_16_5_,ok,0,143,2026-10-01 17:31:32
ATTN_config_S16_D256_H16_HD32_G4_layer_norm_ROPETrue_UHD4_ap_fixed_16_5_,ok,0,208,2026-10-01 17:31:33
ATTN_config_S16_D256_H16_HD64_G1_rms_norm_ROPEFalse_UHD2_ap_fixed_16_5_,ok,0,147,2026-10-01 17:31:35
ATTN_config_S16_D256_H16_HD64_G1_rms_norm_ROPEFalse_UHD8_ap_fixed_16_5_,ok,0,153,2026-10-01 17:31:46
ATTN_config_S16_D256_H16_HD64_G1_layer_norm_ROPEFalse_UHD4_ap_fixed_16_5_,ok,0,180,2026-10-01 17:31:46
ATTN_config_S16_D256_H16_HD64_G1_layer_norm_ROPEFalse_UHD8_ap_fixed_16_5_,ok,0,180,2026-10-01 17:31:46
ATTN_config_S16_D256_H16_HD64_G1_layer_norm_ROPETrue_UHD1_ap_fixed_16_5_,ok,0,176,2026-10-01 17:31:47
ATTN_config_S16_D256_H16_HD32_G4_rms_norm_ROPETrue_UHD4_ap_fixed_16_5_,ok,0,189,2026-10-01 17:31:47
ATTN_config_S16_D256_H16_HD64_G1_rms_norm_ROPETrue_UHD1_ap_fixed_16_5_,ok,0,152,2026-10-01 17:31:50
ATTN_config_S16_D256_H16_HD32_G4_layer_norm_ROPETrue_UHD8_ap_fixed_16_5_,ok,0,222,2026-10-01 17:31:50
ATTN_config_S16_D256_H16_HD64_G1_rms_norm_ROPETrue_UHD2_ap_fixed_16_5_,ok,0,148,2026-10-01 17:31:54
ATTN_config_S16_D256_H16_HD64_G1_layer_norm_ROPETrue_UHD2_ap_fixed_16_5_,ok,0,178,2026-10-01 17:31:58
ATTN_config_S16_D256_H16_HD32_G4_rms_norm_ROPETrue_UHD8_ap_fixed_16_5_,ok,0,203,2026-10-01 17:32:03
ATTN_config_S16_D256_H16_HD64_G2_layer_norm_ROPEFalse_UHD2_ap_fixed_16_5_,ok,0,143,2026-10-01 17:32:11
ATTN_config_S16_D256_H16_HD64_G2_layer_norm_ROPEFalse_UHD1_ap_fixed_16_5_,ok,0,146,2026-10-01 17:32:12
ATTN_config_S16_D256_H16_HD64_G2_rms_norm_ROPEFalse_UHD4_ap_fixed_16_5_,ok,0,114,2026-10-01 17:32:18
ATTN_config_S16_D256_H16_HD64_G2_rms_norm_ROPEFalse_UHD2_ap_fixed_16_5_,ok,0,115,2026-10-01 17:32:19
ATTN_config_S16_D256_H16_HD64_G2_rms_norm_ROPEFalse_UHD1_ap_fixed_16_5_,ok,0,125,2026-10-01 17:32:25
ATTN_config_S16_D256_H16_HD64_G2_layer_norm_ROPEFalse_UHD4_ap_fixed_16_5_,ok,0,153,2026-10-01 17:32:27
ATTN_config_S16_D256_H16_HD64_G1_rms_norm_ROPETrue_UHD8_ap_fixed_16_5_,ok,0,167,2026-10-01 17:32:28
ATTN_config_S16_D256_H16_HD64_G1_layer_norm_ROPETrue_UHD4_ap_fixed_16_5_,ok,0,210,2026-10-01 17:32:31
ATTN_config_S16_D256_H16_HD64_G2_rms_norm_ROPEFalse_UHD8_ap_fixed_16_5_,ok,0,134,2026-10-01 17:32:38
ATTN_config_S16_D256_H16_HD64_G1_rms_norm_ROPETrue_UHD4_ap_fixed_16_5_,ok,0,186,2026-10-01 17:32:39
ATTN_config_S16_D256_H16_HD64_G2_layer_norm_ROPETrue_UHD1_ap_fixed_16_5_,ok,0,154,2026-10-01 17:32:40
ATTN_config_S16_D256_H16_HD64_G2_layer_norm_ROPEFalse_UHD8_ap_fixed_16_5_,ok,0,162,2026-10-01 17:32:41
ATTN_config_S16_D256_H16_HD64_G4_layer_norm_ROPEFalse_UHD1_ap_fixed_16_5_,ok,0,128,2026-10-01 17:32:51
ATTN_config_S16_D256_H16_HD64_G2_rms_norm_ROPETrue_UHD1_ap_fixed_16_5_,ok,0,147,2026-10-01 17:32:53
ATTN_config_S16_D256_H16_HD64_G4_layer_norm_ROPEFalse_UHD2_ap_fixed_16_5_,ok,0,125,2026-10-01 17:32:54
ATTN_config_S16_D256_H16_HD64_G1_layer_norm_ROPETrue_UHD8_ap_fixed_16_5_,ok,0,235,2026-10-01 17:32:59
ATTN_config_S16_D256_H16_HD64_G2_rms_norm_ROPETrue_UHD4_ap_fixed_16_5_,ok,0,149,2026-10-01 17:33:05
ATTN_config_S16_D256_H16_HD64_G4_layer_norm_ROPEFalse_UHD4_ap_fixed_16_5_,ok,0,133,2026-10-01 17:33:07
ATTN_config_S16_D256_H16_HD64_G4_rms_norm_ROPEFalse_UHD1_ap_fixed_16_5_,ok,0,123,2026-10-01 17:33:12
ATTN_config_S16_D256_H16_HD64_G4_rms_norm_ROPEFalse_UHD4_ap_fixed_16_5_,ok,0,133,2026-10-01 17:33:26
ATTN_config_S16_D256_H16_HD64_G4_layer_norm_ROPEFalse_UHD8_ap_fixed_16_5_,ok,0,155,2026-10-01 17:33:32
ATTN_config_S16_D256_H16_HD64_G2_rms_norm_ROPETrue_UHD8_ap_fixed_16_5_,ok,0,176,2026-10-01 17:33:33
ATTN_config_S16_D256_H16_HD64_G4_rms_norm_ROPEFalse_UHD2_ap_fixed_16_5_,ok,0,145,2026-10-01 17:33:37
ATTN_config_S16_D256_H16_HD64_G2_layer_norm_ROPETrue_UHD8_ap_fixed_16_5_,ok,0,203,2026-10-01 17:33:37
ATTN_config_S16_D256_H16_HD64_G2_rms_norm_ROPETrue_UHD2_ap_fixed_16_5_,ok,0,183,2026-10-01 17:33:37
ATTN_config_S16_D256_H16_HD64_G2_layer_norm_ROPETrue_UHD2_ap_fixed_16_5_,ok,0,209,2026-10-01 17:33:42
ATTN_config_S16_D256_H16_HD64_G2_layer_norm_ROPETrue_UHD4_ap_fixed_16_5_,ok,0,212,2026-10-01 17:33:46
ATTN_config_S16_D256_H16_HD64_G4_layer_norm_ROPETrue_UHD1_ap_fixed_16_5_,ok,0,168,2026-10-01 17:33:53
ATTN_config_S16_D256_H32_HD16_G1_layer_norm_ROPEFalse_UHD1_ap_fixed_16_5_,ok,0,155,2026-10-01 17:34:08
ATTN_config_S16_D256_H16_HD64_G4_rms_norm_ROPEFalse_UHD8_ap_fixed_16_5_,ok,0,174,2026-10-01 17:34:12
ATTN_config_S16_D256_H32_HD16_G1_rms_norm_ROPEFalse_UHD1_ap_fixed_16_5_,ok,0,144,2026-10-01 17:34:14
ATTN_config_S16_D256_H16_HD64_G4_layer_norm_ROPETrue_UHD2_ap_fixed_16_5_,ok,0,190,2026-10-01 17:34:17
ATTN_config_S16_D256_H16_HD64_G4_rms_norm_ROPETrue_UHD1_ap_fixed_16_5_,ok,0,180,2026-10-01 17:34:22
ATTN_config_S16_D256_H32_HD16_G1_layer_norm_ROPEFalse_UHD2_ap_fixed_16_5_,ok,0,169,2026-10-01 17:34:24
ATTN_config_S16_D256_H16_HD64_G4_rms_norm_ROPETrue_UHD4_ap_fixed_16_5_,ok,0,179,2026-10-01 17:34:25
ATTN_config_S16_D256_H32_HD16_G1_rms_norm_ROPEFalse_UHD2_ap_fixed_16_5_,ok,0,156,2026-10-01 17:34:30
ATTN_config_S16_D256_H16_HD64_G4_rms_norm_ROPETrue_UHD2_ap_fixed_16_5_,ok,0,188,2026-10-01 17:34:31
ATTN_config_S16_D256_H32_HD16_G1_layer_norm_ROPEFalse_UHD4_ap_fixed_16_5_,ok,0,182,2026-10-01 17:34:48
ATTN_config_S16_D256_H16_HD64_G4_layer_norm_ROPETrue_UHD4_ap_fixed_16_5_,ok,0,221,2026-10-01 17:34:48
ATTN_config_S16_D256_H32_HD16_G1_rms_norm_ROPEFalse_UHD4_ap_fixed_16_5_,ok,0,172,2026-10-01 17:34:49
ATTN_config_S16_D256_H32_HD16_G1_rms_norm_ROPEFalse_UHD8_ap_fixed_16_5_,ok,0,171,2026-10-01 17:34:55
ATTN_config_S16_D256_H16_HD64_G4_layer_norm_ROPETrue_UHD8_ap_fixed_16_5_,ok,0,228,2026-10-01 17:34:56
ATTN_config_S16_D256_H32_HD16_G1_layer_norm_ROPEFalse_UHD8_ap_fixed_16_5_,ok,0,191,2026-10-01 17:34:57
ATTN_config_S16_D256_H32_HD16_G1_layer_norm_ROPETrue_UHD1_ap_fixed_16_5_,ok,0,195,2026-10-01 17:35:01
ATTN_config_S16_D256_H32_HD16_G1_rms_norm_ROPETrue_UHD1_ap_fixed_16_5_,ok,0,176,2026-10-01 17:35:07
ATTN_config_S16_D256_H32_HD16_G1_layer_norm_ROPETrue_UHD2_ap_fixed_16_5_,ok,0,205,2026-10-01 17:35:12
ATTN_config_S16_D256_H32_HD16_G2_rms_norm_ROPEFalse_UHD1_ap_fixed_16_5_,ok,0,143,2026-10-01 17:35:14
ATTN_config_S16_D256_H32_HD16_G1_rms_norm_ROPETrue_UHD2_ap_fixed_16_5_,ok,0,183,2026-10-01 17:35:14
ATTN_config_S16_D256_H32_HD16_G2_rms_norm_ROPEFalse_UHD2_ap_fixed_16_5_,ok,0,150,2026-10-01 17:35:24
ATTN_config_S16_D256_H16_HD64_G4_rms_norm_ROPETrue_UHD8_ap_fixed_16_5_,ok,0,234,2026-10-01 17:35:26
ATTN_config_S16_D256_H32_HD16_G2_layer_norm_ROPEFalse_UHD4_ap_fixed_16_5_,ok,0,178,2026-10-01 17:35:26
ATTN_config_S16_D256_H32_HD16_G2_layer_norm_ROPEFalse_UHD1_ap_fixed_16_5_,ok,0,182,2026-10-01 17:35:27
ATTN_config_S16_D256_H32_HD16_G2_layer_norm_ROPEFalse_UHD2_ap_fixed_16_5_,ok,0,184,2026-10-01 17:35:31
ATTN_config_S16_D256_H32_HD16_G2_rms_norm_ROPEFalse_UHD4_ap_fixed_16_5_,ok,0,162,2026-10-01 17:35:36
ATTN_config_S16_D256_H32_HD16_G1_layer_norm_ROPETrue_UHD4_ap_fixed_16_5_,ok,0,229,2026-10-01 17:35:36
ATTN_config_S16_D256_H32_HD16_G1_rms_norm_ROPETrue_UHD4_ap_fixed_16_5_,ok,0,200,2026-10-01 17:35:38
ATTN_config_S16_D256_H32_HD16_G2_rms_norm_ROPEFalse_UHD8_ap_fixed_16_5_,ok,0,163,2026-10-01 17:35:41
ATTN_config_S16_D256_H32_HD16_G1_rms_norm_ROPETrue_UHD8_ap_fixed_16_5_,ok,0,206,2026-10-01 17:35:45
ATTN_config_S16_D256_H32_HD16_G2_layer_norm_ROPETrue_UHD2_ap_fixed_16_5_,ok,0,193,2026-10-01 17:35:52
ATTN_config_S16_D256_H32_HD16_G2_layer_norm_ROPEFalse_UHD8_ap_fixed_16_5_,ok,0,201,2026-10-01 17:35:52
ATTN_config_S16_D256_H32_HD16_G2_rms_norm_ROPETrue_UHD2_ap_fixed_16_5_,ok,0,166,2026-10-01 17:35:53
ATTN_config_S16_D256_H32_HD16_G2_rms_norm_ROPETrue_UHD1_ap_fixed_16_5_,ok,0,170,2026-10-01 17:35:55
ATTN_config_S16_D256_H32_HD16_G2_layer_norm_ROPETrue_UHD1_ap_fixed_16_5_,ok,0,196,2026-10-01 17:35:55
ATTN_config_S16_D256_H32_HD16_G4_layer_norm_ROPEFalse_UHD1_ap_fixed_16_5_,ok,0,151,2026-10-01 17:36:02
ATTN_config_S16_D256_H32_HD16_G4_layer_norm_ROPEFalse_UHD2_ap_fixed_16_5_,ok,0,151,2026-10-01 17:36:03
ATTN_config_S16_D256_H32_HD16_G1_layer_norm_ROPETrue_UHD8_ap_fixed_16_5_,ok,0,264,2026-10-01 17:36:14
ATTN_config_S16_D256_H32_HD16_G2_layer_norm_ROPETrue_UHD8_ap_fixed_16_5_,ok,0,215,2026-10-01 17:36:16
ATTN_config_S16_D256_H32_HD16_G2_rms_norm_ROPETrue_UHD4_ap_fixed_16_5_,ok,0,185,2026-10-01 17:36:17
ATTN_config_S16_D256_H32_HD16_G4_layer_norm_ROPEFalse_UHD8_ap_fixed_16_5_,ok,0,165,2026-10-01 17:36:22
ATTN_config_S16_D256_H32_HD16_G4_layer_norm_ROPETrue_UHD1_ap_fixed_16_5_,ok,0,166,2026-10-01 17:36:23
ATTN_config_S16_D256_H32_HD16_G2_layer_norm_ROPETrue_UHD4_ap_fixed_16_5_,ok,0,227,2026-10-01 17:36:27
ATTN_config_S16_D256_H32_HD16_G4_rms_norm_ROPEFalse_UHD1_ap_fixed_16_5_,ok,0,142,2026-10-01 17:36:30
ATTN_config_S16_D256_H32_HD16_G4_layer_norm_ROPETrue_UHD2_ap_fixed_16_5_,ok,0,171,2026-10-01 17:36:34
ATTN_config_S16_D256_H32_HD32_G1_layer_norm_ROPEFalse_UHD1_ap_fixed_16_5_,ok,0,126,2026-10-01 17:36:37
ATTN_config_S16_D256_H32_HD16_G4_layer_norm_ROPEFalse_UHD4_ap_fixed_16_5_,ok,0,180,2026-10-01 17:36:37
ATTN_config_S16_D256_H32_HD16_G4_rms_norm_ROPEFalse_UHD2_ap_fixed_16_5_,ok,0,150,2026-10-01 17:36:42
ATTN_config_S16_D256_H32_HD16_G4_rms_norm_ROPEFalse_UHD4_ap_fixed_16_5_,ok,0,149,2026-10-01 17:36:43
ATTN_config_S16_D256_H32_HD16_G4_rms_norm_ROPETrue_UHD1_ap_fixed_16_5_,ok,0,147,2026-10-01 17:36:48
ATTN_config_S16_D256_H32_HD16_G4_rms_norm_ROPETrue_UHD2_ap_fixed_16_5_,ok,0,145,2026-10-01 17:36:49
ATTN_config_S16_D256_H32_HD16_G2_rms_norm_ROPETrue_UHD8_ap_fixed_16_5_,ok,0,204,2026-10-01 17:36:50
ATTN_config_S16_D256_H32_HD16_G4_rms_norm_ROPETrue_UHD4_ap_fixed_16_5_,ok,0,147,2026-10-01 17:36:52
ATTN_config_S16_D256_H32_HD16_G4_rms_norm_ROPEFalse_UHD8_ap_fixed_16_5_,ok,0,158,2026-10-01 17:36:55
ATTN_config_S16_D256_H32_HD32_G1_layer_norm_ROPEFalse_UHD2_ap_fixed_16_5_,ok,0,130,2026-10-01 17:36:58
ATTN_config_S16_D256_H32_HD32_G1_rms_norm_ROPEFalse_UHD1_ap_fixed_16_5_,ok,0,114,2026-10-01 17:37:01
ATTN_config_S16_D256_H32_HD32_G1_rms_norm_ROPEFalse_UHD2_ap_fixed_16_5_,ok,0,109,2026-10-01 17:37:01
ATTN_config_S16_D256_H32_HD16_G4_layer_norm_ROPETrue_UHD8_ap_fixed_16_5_,ok,0,189,2026-10-01 17:37:02
ATTN_config_S16_D256_H32_HD16_G4_rms_norm_ROPETrue_UHD8_ap_fixed_16_5_,ok,0,156,2026-10-01 17:37:06
ATTN_config_S16_D256_H32_HD16_G4_layer_norm_ROPETrue_UHD4_ap_fixed_16_5_,ok,0,201,2026-10-01 17:37:07
ATTN_config_S16_D256_H32_HD32_G1_layer_norm_ROPEFalse_UHD4_ap_fixed_16_5_,ok,0,144,2026-10-01 17:37:12
ATTN_config_S16_D256_H32_HD32_G1_rms_norm_ROPEFalse_UHD4_ap_fixed_16_5_,ok,0,119,2026-10-01 17:37:13
ATTN_config_S16_D256_H32_HD32_G1_layer_norm_ROPEFalse_UHD8_ap_fixed_16_5_,ok,0,146,2026-10-01 17:37:16
ATTN_config_S16_D256_H32_HD32_G1_rms_norm_ROPEFalse_UHD8_ap_fixed_16_5_,ok,0,121,2026-10-01 17:37:16
ATTN_config_S16_D256_H32_HD32_G1_layer_norm_ROPETrue_UHD2_ap_fixed_16_5_,ok,0,144,2026-10-01 17:37:20
ATTN_config_S16_D256_H32_HD32_G1_layer_norm_ROPETrue_UHD1_ap_fixed_16_5_,ok,0,149,2026-10-01 17:37:24
ATTN_config_S16_D256_H32_HD32_G2_layer_norm_ROPEFalse_UHD1_ap_fixed_16_5_,ok,0,115,2026-10-01 17:37:25
ATTN_config_S16_D256_H32_HD32_G1_rms_norm_ROPETrue_UHD1_ap_fixed_16_5_,ok,0,122,2026-10-01 17:37:26
ATTN_config_S16_D256_H32_HD32_G2_layer_norm_ROPEFalse_UHD2_ap_fixed_16_5_,ok,0,115,2026-10-01 17:37:31
ATTN_config_S16_D256_H32_HD32_G2_rms_norm_ROPEFalse_UHD4_ap_fixed_16_5_,ok,0,97,2026-10-01 17:37:32
ATTN_config_S16_D256_H32_HD32_G2_layer_norm_ROPEFalse_UHD4_ap_fixed_16_5_,ok,0,116,2026-10-01 17:37:32
ATTN_config_S16_D256_H32_HD32_G2_rms_norm_ROPEFalse_UHD1_ap_fixed_16_5_,ok,0,99,2026-10-01 17:37:32
ATTN_config_S16_D256_H32_HD32_G2_rms_norm_ROPEFalse_UHD2_ap_fixed_16_5_,ok,0,98,2026-10-01 17:37:32
ATTN_config_S16_D256_H32_HD32_G1_rms_norm_ROPETrue_UHD2_ap_fixed_16_5_,ok,0,128,2026-10-01 17:37:34
ATTN_config_S16_D256_H32_HD32_G1_rms_norm_ROPETrue_UHD4_ap_fixed_16_5_,ok,0,128,2026-10-01 17:37:34
ATTN_config_S16_D256_H32_HD32_G1_layer_norm_ROPETrue_UHD4_ap_fixed_16_5_,ok,0,158,2026-10-01 17:37:35
ATTN_config_S16_D256_H32_HD32_G2_layer_norm_ROPEFalse_UHD8_ap_fixed_16_5_,ok,0,123,2026-10-01 17:37:41
ATTN_config_S16_D256_H32_HD32_G2_layer_norm_ROPETrue_UHD1_ap_fixed_16_5_,ok,0,129,2026-10-01 17:37:50
ATTN_config_S16_D256_H32_HD32_G2_rms_norm_ROPETrue_UHD1_ap_fixed_16_5_,ok,0,107,2026-10-01 17:37:50
ATTN_config_S16_D256_H32_HD32_G1_rms_norm_ROPETrue_UHD8_ap_fixed_16_5_,ok,0,144,2026-10-01 17:37:51
ATTN_config_S16_D256_H32_HD32_G2_layer_norm_ROPETrue_UHD2_ap_fixed_16_5_,ok,0,127,2026-10-01 17:37:52
ATTN_config_S16_D256_H32_HD32_G2_rms_norm_ROPEFalse_UHD8_ap_fixed_16_5_,ok,0,116,2026-10-01 17:37:59
ATTN_config_S16_D256_H32_HD32_G2_layer_norm_ROPETrue_UHD4_ap_fixed_16_5_,ok,0,128,2026-10-01 17:38:00
ATTN_config_S16_D256_H32_HD32_G4_layer_norm_ROPEFalse_UHD2_ap_fixed_16_5_,ok,0,102,2026-10-01 17:38:06
ATTN_config_S16_D256_H32_HD32_G1_layer_norm_ROPETrue_UHD8_ap_fixed_16_5_,ok,0,195,2026-10-01 17:38:17
ATTN_config_S16_D256_H32_HD32_G2_layer_norm_ROPETrue_UHD8_ap_fixed_16_5_,ok,0,145,2026-10-01 17:38:17
ATTN_config_S16_D256_H32_HD32_G4_layer_norm_ROPEFalse_UHD4_ap_fixed_16_5_,ok,0,114,2026-10-01 17:38:21
ATTN_config_S16_D256_H32_HD32_G4_layer_norm_ROPEFalse_UHD1_ap_fixed_16_5_,ok,0,120,2026-10-01 17:38:22
ATTN_config_S16_D256_H32_HD32_G2_rms_norm_ROPETrue_UHD2_ap_fixed_16_5_,ok,0,129,2026-10-01 17:38:23
ATTN_config_S16_D256_H32_HD32_G4_rms_norm_ROPEFalse_UHD1_ap_fixed_16_5_,ok,0,101,2026-10-01 17:38:24
ATTN_config_S16_D256_H32_HD32_G2_rms_norm_ROPETrue_UHD8_ap_fixed_16_5_,ok,0,127,2026-10-01 17:38:24
ATTN_config_S16_D256_H32_HD32_G4_layer_norm_ROPEFalse_UHD8_ap_fixed_16_5_,ok,0,115,2026-10-01 17:38:25
ATTN_config_S16_D256_H32_HD32_G4_layer_norm_ROPETrue_UHD1_ap_fixed_16_5_,ok,0,112,2026-10-01 17:38:26
ATTN_config_S16_D256_H32_HD32_G4_rms_norm_ROPEFalse_UHD2_ap_fixed_16_5_,ok,0,100,2026-10-01 17:38:28
ATTN_config_S16_D256_H32_HD32_G2_rms_norm_ROPETrue_UHD4_ap_fixed_16_5_,ok,0,137,2026-10-01 17:38:33
ATTN_config_S16_D256_H32_HD32_G4_layer_norm_ROPETrue_UHD4_ap_fixed_16_5_,ok,0,123,2026-10-01 17:38:39
ATTN_config_S16_D256_H32_HD32_G4_rms_norm_ROPEFalse_UHD4_ap_fixed_16_5_,ok,0,111,2026-10-01 17:38:40
ATTN_config_S16_D256_H32_HD64_G1_layer_norm_ROPEFalse_UHD2_ap_fixed_16_5_,ok,0,105,2026-10-01 17:38:48
ATTN_config_S16_D256_H32_HD32_G4_rms_norm_ROPETrue_UHD4_ap_fixed_16_5_,ok,0,111,2026-10-01 17:38:49
ATTN_config_S16_D256_H32_HD32_G4_rms_norm_ROPEFalse_UHD8_ap_fixed_16_5_,ok,0,122,2026-10-01 17:38:52
ATTN_config_S16_D256_H32_HD32_G4_rms_norm_ROPETrue_UHD1_ap_fixed_16_5_,ok,0,123,2026-10-01 17:38:55
ATTN_config_S16_D256_H32_HD32_G4_layer_norm_ROPETrue_UHD2_ap_fixed_16_5_,ok,0,140,2026-10-01 17:38:57
ATTN_config_S16_D256_H32_HD64_G1_rms_norm_ROPEFalse_UHD1_ap_fixed_16_5_,ok,0,96,2026-10-01 17:38:57
ATTN_config_S16_D256_H32_HD64_G1_layer_norm_ROPEFalse_UHD1_ap_fixed_16_5_,ok,0,115,2026-10-01 17:38:57
ATTN_config_S16_D256_H32_HD32_G4_rms_norm_ROPETrue_UHD2_ap_fixed_16_5_,ok,0,122,2026-10-01 17:38:57
ATTN_config_S16_D256_H32_HD32_G4_layer_norm_ROPETrue_UHD8_ap_fixed_16_5_,ok,0,137,2026-10-01 17:38:59
ATTN_config_S16_D256_H32_HD64_G1_rms_norm_ROPEFalse_UHD2_ap_fixed_16_5_,ok,0,98,2026-10-01 17:39:02
ATTN_config_S16_D256_H32_HD64_G1_rms_norm_ROPEFalse_UHD4_ap_fixed_16_5_,ok,0,99,2026-10-01 17:39:04
ATTN_config_S16_D256_H32_HD64_G1_layer_norm_ROPEFalse_UHD8_ap_fixed_16_5_,ok,0,121,2026-10-01 17:39:08
ATTN_config_S16_D256_H32_HD64_G1_rms_norm_ROPEFalse_UHD8_ap_fixed_16_5_,ok,0,109,2026-10-01 17:39:14
ATTN_config_S16_D256_H32_HD64_G1_layer_norm_ROPEFalse_UHD4_ap_fixed_16_5_,ok,0,130,2026-10-01 17:39:16
ATTN_config_S16_D256_H32_HD32_G4_rms_norm_ROPETrue_UHD8_ap_fixed_16_5_,ok,0,139,2026-10-01 17:39:20
ATTN_config_S16_D256_H32_HD64_G2_layer_norm_ROPEFalse_UHD1_ap_fixed_16_5_,ok,0,108,2026-10-01 17:39:20
ATTN_config_S16_D256_H32_HD64_G1_layer_norm_ROPETrue_UHD2_ap_fixed_16_5_,ok,0,128,2026-10-01 17:39:21
ATTN_config_S16_D256_H32_HD64_G1_layer_norm_ROPETrue_UHD1_ap_fixed_16_5_,ok,0,132,2026-10-01 17:39:25
ATTN_config_S16_D256_H32_HD64_G2_rms_norm_ROPEFalse_UHD1_ap_fixed_16_5_,ok,0,99,2026-10-01 17:39:31
ATTN_config_S16_D256_H32_HD64_G2_layer_norm_ROPEFalse_UHD2_ap_fixed_16_5_,ok,0,120,2026-10-01 17:39:34
ATTN_config_S16_D256_H32_HD64_G2_rms_norm_ROPEFalse_UHD2_ap_fixed_16_5_,ok,0,99,2026-10-01 17:39:38
ATTN_config_S16_D256_H32_HD64_G2_rms_norm_ROPEFalse_UHD4_ap_fixed_16_5_,ok,0,98,2026-10-01 17:39:38
ATTN_config_S16_D256_H32_HD64_G2_layer_norm_ROPEFalse_UHD4_ap_fixed_16_5_,ok,0,125,2026-10-01 17:39:39
ATTN_config_S16_D256_H32_HD64_G1_layer_norm_ROPETrue_UHD4_ap_fixed_16_5_,ok,0,143,2026-10-01 17:39:39
ATTN_config_S16_D256_H32_HD64_G1_rms_norm_ROPETrue_UHD4_ap_fixed_16_5_,ok,0,128,2026-10-01 17:39:40
ATTN_config_S16_D256_H32_HD64_G1_rms_norm_ROPETrue_UHD1_ap_fixed_16_5_,ok,0,129,2026-10-01 17:39:40
ATTN_config_S16_D256_H32_HD64_G2_layer_norm_ROPEFalse_UHD8_ap_fixed_16_5_,ok,0,126,2026-10-01 17:39:41
ATTN_config_S16_D256_H32_HD64_G1_rms_norm_ROPETrue_UHD2_ap_fixed_16_5_,ok,0,130,2026-10-01 17:39:42
ATTN_config_S16_D256_H32_HD64_G2_layer_norm_ROPETrue_UHD1_ap_fixed_16_5_,ok,0,123,2026-10-01 17:39:44
ATTN_config_S16_D256_H32_HD64_G1_rms_norm_ROPETrue_UHD8_ap_fixed_16_5_,ok,0,136,2026-10-01 17:39:49
ATTN_config_S16_D256_H32_HD64_G1_layer_norm_ROPETrue_UHD8_ap_fixed_16_5_,ok,0,157,2026-10-01 17:39:53
ATTN_config_S16_D256_H32_HD64_G2_rms_norm_ROPEFalse_UHD8_ap_fixed_16_5_,ok,0,109,2026-10-01 17:39:55
ATTN_config_S16_D256_H32_HD64_G2_layer_norm_ROPETrue_UHD2_ap_fixed_16_5_,ok,0,125,2026-10-01 17:39:55
ATTN_config_S16_D256_H32_HD64_G2_layer_norm_ROPETrue_UHD4_ap_fixed_16_5_,ok,0,137,2026-10-01 17:40:07
ATTN_config_S16_D256_H32_HD64_G4_rms_norm_ROPEFalse_UHD1_ap_fixed_16_5_,ok,0,90,2026-10-01 17:40:10
ATTN_config_S16_D256_H32_HD64_G4_layer_norm_ROPEFalse_UHD1_ap_fixed_16_5_,ok,0,108,2026-10-01 17:40:11
ATTN_config_S16_D256_H32_HD64_G2_rms_norm_ROPETrue_UHD1_ap_fixed_16_5_,ok,0,116,2026-10-01 17:40:12
ATTN_config_S16_D256_H32_HD64_G4_layer_norm_ROPEFalse_UHD2_ap_fixed_16_5_,ok,0,110,2026-10-01 17:40:14
ATTN_config_S16_D256_H32_HD64_G4_rms_norm_ROPEFalse_UHD2_ap_fixed_16_5_,ok,0,95,2026-10-01 17:40:23
ATTN_config_S16_D256_H32_HD64_G2_rms_norm_ROPETrue_UHD2_ap_fixed_16_5_,ok,0,128,2026-10-01 17:40:24
ATTN_config_S16_D256_H32_HD64_G4_layer_norm_ROPETrue_UHD1_ap_fixed_16_5_,ok,0,119,2026-10-01 17:40:24
ATTN_config_S16_D256_H32_HD64_G4_layer_norm_ROPETrue_UHD2_ap_fixed_16_5_,ok,0,119,2026-10-01 17:40:27
ATTN_config_S16_D256_H32_HD64_G4_rms_norm_ROPEFalse_UHD4_ap_fixed_16_5_,ok,0,99,2026-10-01 17:40:29
ATTN_config_S16_D256_H32_HD64_G2_rms_norm_ROPETrue_UHD4_ap_fixed_16_5_,ok,0,129,2026-10-01 17:40:29
ATTN_config_S16_D256_H32_HD64_G2_rms_norm_ROPETrue_UHD8_ap_fixed_16_5_,ok,0,128,2026-10-01 17:40:30
ATTN_config_S16_D256_H32_HD64_G4_layer_norm_ROPEFalse_UHD8_ap_fixed_16_5_,ok,0,130,2026-10-01 17:40:35
ATTN_config_S16_D256_H32_HD64_G4_layer_norm_ROPEFalse_UHD4_ap_fixed_16_5_,ok,0,135,2026-10-01 17:40:39
ATTN_config_S16_D256_H32_HD64_G4_rms_norm_ROPEFalse_UHD8_ap_fixed_16_5_,ok,0,107,2026-10-01 17:40:39
ATTN_config_S16_D256_H8_HD16_G1_layer_norm_ROPEFalse_UHD2_ap_fixed_16_5_,ok,0,104,2026-10-01 17:40:44
ATTN_config_S16_D256_H8_HD16_G1_layer_norm_ROPEFalse_UHD1_ap_fixed_16_5_,ok,0,108,2026-10-01 17:40:45
ATTN_config_S16_D256_H32_HD64_G2_layer_norm_ROPETrue_UHD8_ap_fixed_16_5_,ok,0,176,2026-10-01 17:40:46
ATTN_config_S16_D256_H32_HD64_G4_rms_norm_ROPETrue_UHD1_ap_fixed_16_5_,ok,0,120,2026-10-01 17:40:55
ATTN_config_S16_D256_H32_HD64_G4_layer_norm_ROPETrue_UHD4_ap_fixed_16_5_,ok,0,142,2026-10-01 17:40:55
ATTN_config_S16_D256_H8_HD16_G1_layer_norm_ROPEFalse_UHD4_ap_fixed_16_5_,ok,0,115,2026-10-01 17:40:57
ATTN_config_S16_D256_H32_HD64_G4_rms_norm_ROPETrue_UHD2_ap_fixed_16_5_,ok,0,123,2026-10-01 17:40:59
ATTN_config_S16_D256_H8_HD16_G1_rms_norm_ROPEFalse_UHD2_ap_fixed_16_5_,ok,0,99,2026-10-01 17:41:00
ATTN_config_S16_D256_H8_HD16_G1_rms_norm_ROPEFalse_UHD1_ap_fixed_16_5_,ok,0,100,2026-10-01 17:41:00
ATTN_config_S16_D256_H32_HD64_G4_rms_norm_ROPETrue_UHD4_ap_fixed_16_5_,ok,0,127,2026-10-01 17:41:03
ATTN_config_S16_D256_H8_HD16_G1_layer_norm_ROPEFalse_UHD8_ap_fixed_16_5_,ok,0,119,2026-10-01 17:41:04
ATTN_config_S16_D256_H32_HD64_G4_layer_norm_ROPETrue_UHD8_ap_fixed_16_5_,ok,0,148,2026-10-01 17:41:08
ATTN_config_S16_D256_H32_HD64_G4_rms_norm_ROPETrue_UHD8_ap_fixed_16_5_,ok,0,134,2026-10-01 17:41:10
ATTN_config_S16_D256_H8_HD16_G1_layer_norm_ROPETrue_UHD1_ap_fixed_16_5_,ok,0,122,2026-10-01 17:41:10
ATTN_config_S16_D256_H8_HD16_G1_layer_norm_ROPETrue_UHD2_ap_fixed_16_5_,ok,0,119,2026-10-01 17:41:14
ATTN_config_S16_D256_H8_HD16_G1_rms_norm_ROPEFalse_UHD4_ap_fixed_16_5_,ok,0,116,2026-10-01 17:41:21
ATTN_config_S16_D256_H8_HD16_G2_layer_norm_ROPEFalse_UHD2_ap_fixed_16_5_,ok,0,103,2026-10-01 17:41:23
ATTN_config_S16_D256_H8_HD16_G1_rms_norm_ROPETrue_UHD1_ap_fixed_16_5_,ok,0,111,2026-10-01 17:41:25
ATTN_config_S16_D256_H8_HD16_G2_rms_norm_ROPEFalse_UHD2_ap_fixed_16_5_,ok,0,93,2026-10-01 17:41:27
ATTN_config_S16_D256_H8_HD16_G2_layer_norm_ROPEFalse_UHD4_ap_fixed_16_5_,ok,0,108,2026-10-01 17:41:27
ATTN_config_S16_D256_H8_HD16_G1_rms_norm_ROPEFalse_UHD8_ap_fixed_16_5_,ok,0,117,2026-10-01 17:41:28
ATTN_config_S16_D256_H8_HD16_G2_rms_norm_ROPEFalse_UHD1_ap_fixed_16_5_,ok,0,96,2026-10-01 17:41:31
ATTN_config_S16_D256_H8_HD16_G1_layer_norm_ROPETrue_UHD8_ap_fixed_16_5_,ok,0,135,2026-10-01 17:41:35
ATTN_config_S16_D256_H8_HD16_G1_rms_norm_ROPETrue_UHD2_ap_fixed_16_5_,ok,0,117,2026-10-01 17:41:35
ATTN_config_S16_D256_H8_HD16_G2_layer_norm_ROPEFalse_UHD1_ap_fixed_16_5_,ok,0,118,2026-10-01 17:41:37
ATTN_config_S16_D256_H8_HD16_G1_layer_norm_ROPETrue_UHD4_ap_fixed_16_5_,ok,0,141,2026-10-01 17:41:37
ATTN_config_S16_D256_H8_HD16_G2_layer_norm_ROPETrue_UHD1_ap_fixed_16_5_,ok,0,116,2026-10-01 17:41:38
ATTN_config_S16_D256_H8_HD16_G2_layer_norm_ROPEFalse_UHD8_ap_fixed_16_5_,ok,0,122,2026-10-01 17:41:43
ATTN_config_S16_D256_H8_HD16_G1_rms_norm_ROPETrue_UHD4_ap_fixed_16_5_,ok,0,130,2026-10-01 17:41:48
ATTN_config_S16_D256_H8_HD16_G2_rms_norm_ROPEFalse_UHD4_ap_fixed_16_5_,ok,0,101,2026-10-01 17:41:48
ATTN_config_S16_D256_H8_HD16_G2_layer_norm_ROPETrue_UHD2_ap_fixed_16_5_,ok,0,127,2026-10-01 17:41:51
ATTN_config_S16_D256_H8_HD16_G2_layer_norm_ROPETrue_UHD4_ap_fixed_16_5_,ok,0,129,2026-10-01 17:41:57
ATTN_config_S16_D256_H8_HD16_G2_rms_norm_ROPETrue_UHD1_ap_fixed_16_5_,ok,0,110,2026-10-01 17:42:00
ATTN_config_S16_D256_H8_HD16_G2_rms_norm_ROPEFalse_UHD8_ap_fixed_16_5_,ok,0,111,2026-10-01 17:42:01
ATTN_config_S16_D256_H8_HD16_G1_rms_norm_ROPETrue_UHD8_ap_fixed_16_5_,ok,0,144,2026-10-01 17:42:03
ATTN_config_S16_D256_H8_HD16_G2_rms_norm_ROPETrue_UHD2_ap_fixed_16_5_,ok,0,112,2026-10-01 17:42:04
ATTN_config_S16_D256_H8_HD16_G4_layer_norm_ROPEFalse_UHD1_ap_fixed_16_5_,ok,0,105,2026-10-01 17:42:10
ATTN_config_S16_D256_H8_HD16_G2_rms_norm_ROPETrue_UHD4_ap_fixed_16_5_,ok,0,118,2026-10-01 17:42:11
ATTN_config_S16_D256_H8_HD16_G4_rms_norm_ROPEFalse_UHD1_ap_fixed_16_5_,ok,0,107,2026-10-01 17:42:26
ATTN_config_S16_D256_H8_HD16_G4_layer_norm_ROPEFalse_UHD8_ap_fixed_16_5_,ok,0,122,2026-10-01 17:42:30
ATTN_config_S16_D256_H8_HD16_G4_layer_norm_ROPEFalse_UHD2_ap_fixed_16_5_,ok,0,129,2026-10-01 17:42:33
ATTN_config_S16_D256_H8_HD16_G4_layer_norm_ROPEFalse_UHD4_ap_fixed_16_5_,ok,0,128,2026-10-01 17:42:35
ATTN_config_S16_D256_H8_HD16_G2_layer_norm_ROPETrue_UHD8_ap_fixed_16_5_,ok,0,163,2026-10-01 17:42:36
ATTN_config_S16_D256_H8_HD16_G4_layer_norm_ROPETrue_UHD2_ap_fixed_16_5_,ok,0,129,2026-10-01 17:42:38
ATTN_config_S16_D256_H8_HD16_G4_rms_norm_ROPEFalse_UHD4_ap_fixed_16_5_,ok,0,114,2026-10-01 17:42:39
ATTN_config_S16_D256_H8_HD16_G2_rms_norm_ROPETrue_UHD8_ap_fixed_16_5_,ok,0,139,2026-10-01 17:42:42
ATTN_config_S16_D256_H8_HD16_G4_rms_norm_ROPEFalse_UHD2_ap_fixed_16_5_,ok,0,120,2026-10-01 17:42:44
ATTN_config_S16_D256_H8_HD16_G4_rms_norm_ROPEFalse_UHD8_ap_fixed_16_5_,ok,0,124,2026-10-01 17:42:50
ATTN_config_S16_D256_H8_HD16_G4_layer_norm_ROPETrue_UHD1_ap_fixed_16_5_,ok,0,145,2026-10-01 17:42:54
ATTN_config_S16_D256_H8_HD16_G4_layer_norm_ROPETrue_UHD4_ap_fixed_16_5_,ok,0,142,2026-10-01 17:42:57
ATTN_config_S16_D256_H8_HD16_G4_rms_norm_ROPETrue_UHD1_ap_fixed_16_5_,ok,0,125,2026-10-01 17:42:59
ATTN_config_S16_D256_H8_HD16_G4_rms_norm_ROPETrue_UHD2_ap_fixed_16_5_,ok,0,126,2026-10-01 17:43:01
ATTN_config_S16_D256_H8_HD32_G1_layer_norm_ROPEFalse_UHD1_ap_fixed_16_5_,ok,0,129,2026-10-01 17:43:08
ATTN_config_S16_D256_H8_HD32_G1_layer_norm_ROPEFalse_UHD2_ap_fixed_16_5_,ok,0,129,2026-10-01 17:43:09
ATTN_config_S16_D256_H8_HD16_G4_layer_norm_ROPETrue_UHD8_ap_fixed_16_5_,ok,0,155,2026-10-01 17:43:14
ATTN_config_S16_D256_H8_HD32_G1_rms_norm_ROPEFalse_UHD1_ap_fixed_16_5_,ok,0,113,2026-10-01 17:43:14
ATTN_config_S16_D256_H8_HD32_G1_rms_norm_ROPEFalse_UHD2_ap_fixed_16_5_,ok,0,122,2026-10-01 17:43:24
ATTN_config_S16_D256_H8_HD16_G4_rms_norm_ROPETrue_UHD4_ap_fixed_16_5_,ok,0,149,2026-10-01 17:43:26
ATTN_config_S16_D256_H8_HD32_G1_layer_norm_ROPEFalse_UHD8_ap_fixed_16_5_,ok,0,147,2026-10-01 17:43:30
ATTN_config_S16_D256_H8_HD32_G1_rms_norm_ROPEFalse_UHD4_ap_fixed_16_5_,ok,0,129,2026-10-01 17:43:34
ATTN_config_S16_D256_H8_HD32_G1_layer_norm_ROPETrue_UHD1_ap_fixed_16_5_,ok,0,149,2026-10-01 17:43:37
ATTN_config_S16_D256_H8_HD32_G1_layer_norm_ROPEFalse_UHD4_ap_fixed_16_5_,ok,0,154,2026-10-01 17:43:37
ATTN_config_S16_D256_H8_HD32_G1_layer_norm_ROPETrue_UHD4_ap_fixed_16_5_,ok,0,155,2026-10-01 17:43:45
ATTN_config_S16_D256_H8_HD32_G2_layer_norm_ROPEFalse_UHD1_ap_fixed_16_5_,ok,0,134,2026-10-01 17:43:48
ATTN_config_S16_D256_H8_HD32_G1_layer_norm_ROPETrue_UHD2_ap_fixed_16_5_,ok,0,165,2026-10-01 17:43:55
ATTN_config_S16_D256_H8_HD32_G1_rms_norm_ROPETrue_UHD1_ap_fixed_16_5_,ok,0,149,2026-10-01 17:43:56
ATTN_config_S16_D256_H8_HD16_G4_rms_norm_ROPETrue_UHD8_ap_fixed_16_5_,ok,0,178,2026-10-01 17:43:57
ATTN_config_S16_D256_H8_HD32_G2_rms_norm_ROPEFalse_UHD1_ap_fixed_16_5_,ok,0,120,2026-10-01 17:43:57
ATTN_config_S16_D256_H8_HD32_G1_rms_norm_ROPETrue_UHD2_ap_fixed_16_5_,ok,0,149,2026-10-01 17:43:58
ATTN_config_S16_D256_H8_HD32_G2_layer_norm_ROPEFalse_UHD2_ap_fixed_16_5_,ok,0,146,2026-10-01 17:44:03
ATTN_config_S16_D256_H8_HD32_G2_layer_norm_ROPEFalse_UHD8_ap_fixed_16_5_,ok,0,147,2026-10-01 17:44:05
ATTN_config_S16_D256_H8_HD32_G2_rms_norm_ROPEFalse_UHD2_ap_fixed_16_5_,ok,0,128,2026-10-01 17:44:08
ATTN_config_S16_D256_H8_HD32_G1_rms_norm_ROPETrue_UHD4_ap_fixed_16_5_,ok,0,160,2026-10-01 17:44:10
ATTN_config_S16_D256_H8_HD32_G1_rms_norm_ROPEFalse_UHD8_ap_fixed_16_5_,ok,0,164,2026-10-01 17:44:11
ATTN_config_S16_D256_H8_HD32_G2_rms_norm_ROPEFalse_UHD4_ap_fixed_16_5_,ok,0,130,2026-10-01 17:44:12
ATTN_config_S16_D256_H8_HD32_G2_layer_norm_ROPEFalse_UHD4_ap_fixed_16_5_,ok,0,161,2026-10-01 17:44:18
ATTN_config_S16_D256_H8_HD32_G2_rms_norm_ROPEFalse_UHD8_ap_fixed_16_5_,ok,0,143,2026-10-01 17:44:26
ATTN_config_S16_D256_H8_HD32_G2_rms_norm_ROPETrue_UHD1_ap_fixed_16_5_,ok,0,146,2026-10-01 17:44:30
ATTN_config_S16_D256_H8_HD32_G4_layer_norm_ROPEFalse_UHD1_ap_fixed_16_5_,ok,0,121,2026-10-01 17:44:32
ATTN_config_S16_D256_H8_HD32_G2_layer_norm_ROPETrue_UHD2_ap_fixed_16_5_,ok,0,165,2026-10-01 17:44:32
ATTN_config_S16_D256_H8_HD32_G1_rms_norm_ROPETrue_UHD8_ap_fixed_16_5_,ok,0,181,2026-10-01 17:44:35
ATTN_config_S16_D256_H8_HD32_G1_layer_norm_ROPETrue_UHD8_ap_fixed_16_5_,ok,0,205,2026-10-01 17:44:38
ATTN_config_S16_D256_H8_HD32_G4_rms_norm_ROPEFalse_UHD1_ap_fixed_16_5_,ok,0,110,2026-10-01 17:44:41
ATTN_config_S16_D256_H8_HD32_G2_layer_norm_ROPETrue_UHD4_ap_fixed_16_5_,ok,0,173,2026-10-01 17:44:41
ATTN_config_S16_D256_H8_HD32_G2_rms_norm_ROPETrue_UHD2_ap_fixed_16_5_,ok,0,151,2026-10-01 17:44:41
ATTN_config_S16_D256_H8_HD32_G4_layer_norm_ROPEFalse_UHD4_ap_fixed_16_5_,ok,0,128,2026-10-01 17:44:44
ATTN_config_S16_D256_H8_HD32_G2_layer_norm_ROPETrue_UHD1_ap_fixed_16_5_,ok,0,184,2026-10-01 17:44:47
ATTN_config_S16_D256_H8_HD32_G4_rms_norm_ROPEFalse_UHD2_ap_fixed_16_5_,ok,0,114,2026-10-01 17:44:48
ATTN_config_S16_D256_H8_HD32_G4_layer_norm_ROPEFalse_UHD2_ap_fixed_16_5_,ok,0,135,2026-10-01 17:44:48
ATTN_config_S16_D256_H8_HD32_G4_rms_norm_ROPEFalse_UHD4_ap_fixed_16_5_,ok,0,114,2026-10-01 17:44:51
ATTN_config_S16_D256_H8_HD32_G2_layer_norm_ROPETrue_UHD8_ap_fixed_16_5_,ok,0,180,2026-10-01 17:44:51
ATTN_config_S16_D256_H8_HD32_G4_layer_norm_ROPETrue_UHD1_ap_fixed_16_5_,ok,0,137,2026-10-01 17:44:56
ATTN_config_S16_D256_H8_HD32_G2_rms_norm_ROPETrue_UHD8_ap_fixed_16_5_,ok,0,152,2026-10-01 17:44:58
ATTN_config_S16_D256_H8_HD32_G2_rms_norm_ROPETrue_UHD4_ap_fixed_16_5_,ok,0,168,2026-10-01 17:44:59
ATTN_config_S16_D256_H8_HD32_G4_layer_norm_ROPETrue_UHD4_ap_fixed_16_5_,ok,0,143,2026-10-01 17:45:04
ATTN_config_S16_D256_H8_HD32_G4_rms_norm_ROPEFalse_UHD8_ap_fixed_16_5_,ok,0,135,2026-10-01 17:45:14
ATTN_config_S16_D256_H8_HD32_G4_layer_norm_ROPETrue_UHD2_ap_fixed_16_5_,ok,0,156,2026-10-01 17:45:16
ATTN_config_S16_D256_H8_HD64_G1_layer_norm_ROPEFalse_UHD1_ap_fixed_16_5_,ok,0,126,2026-10-01 17:45:19
ATTN_config_S16_D256_H8_HD32_G4_layer_norm_ROPEFalse_UHD8_ap_fixed_16_5_,ok,0,164,2026-10-01 17:45:20
ATTN_config_S16_D256_H8_HD32_G4_layer_norm_ROPETrue_UHD8_ap_fixed_16_5_,ok,0,157,2026-10-01 17:45:20
ATTN_config_S16_D256_H8_HD32_G4_rms_norm_ROPETrue_UHD1_ap_fixed_16_5_,ok,0,141,2026-10-01 17:45:22
ATTN_config_S16_D256_H8_HD64_G1_layer_norm_ROPEFalse_UHD4_ap_fixed_16_5_,ok,0,123,2026-10-01 17:45:29
ATTN_config_S16_D256_H8_HD32_G4_rms_norm_ROPETrue_UHD2_ap_fixed_16_5_,ok,0,144,2026-10-01 17:45:33
ATTN_config_S16_D256_H8_HD32_G4_rms_norm_ROPETrue_UHD4_ap_fixed_16_5_,ok,0,145,2026-10-01 17:45:34
ATTN_config_S16_D256_H8_HD64_G1_layer_norm_ROPEFalse_UHD2_ap_fixed_16_5_,ok,0,132,2026-10-01 17:45:36
ATTN_config_S16_D256_H8_HD64_G1_layer_norm_ROPEFalse_UHD8_ap_fixed_16_5_,ok,0,126,2026-10-01 17:45:36
ATTN_config_S16_D256_H8_HD32_G4_rms_norm_ROPETrue_UHD8_ap_fixed_16_5_,ok,0,153,2026-10-01 17:45:46
ATTN_config_S16_D256_H8_HD64_G1_rms_norm_ROPEFalse_UHD2_ap_fixed_16_5_,ok,0,111,2026-10-01 17:45:47
ATTN_config_S16_D256_H8_HD64_G1_rms_norm_ROPEFalse_UHD1_ap_fixed_16_5_,ok,0,120,2026-10-01 17:45:48
ATTN_config_S16_D256_H8_HD64_G1_rms_norm_ROPEFalse_UHD8_ap_fixed_16_5_,ok,0,119,2026-10-01 17:45:56
ATTN_config_S16_D256_H8_HD64_G1_layer_norm_ROPETrue_UHD1_ap_fixed_16_5_,ok,0,145,2026-10-01 17:45:59
ATTN_config_S16_D256_H8_HD64_G1_layer_norm_ROPETrue_UHD2_ap_fixed_16_5_,ok,0,145,2026-10-01 17:46:02
ATTN_config_S16_D256_H8_HD64_G1_rms_norm_ROPEFalse_UHD4_ap_fixed_16_5_,ok,0,128,2026-10-01 17:46:04
ATTN_config_S16_D256_H8_HD64_G1_rms_norm_ROPETrue_UHD1_ap_fixed_16_5_,ok,0,127,2026-10-01 17:46:04
ATTN_config_S16_D256_H8_HD64_G1_layer_norm_ROPETrue_UHD4_ap_fixed_16_5_,ok,0,161,2026-10-01 17:46:18
ATTN_config_S16_D256_H8_HD64_G2_layer_norm_ROPEFalse_UHD2_ap_fixed_16_5_,ok,0,130,2026-10-01 17:46:20
ATTN_config_S16_D256_H8_HD64_G1_rms_norm_ROPETrue_UHD4_ap_fixed_16_5_,ok,0,143,2026-10-01 17:46:26
ATTN_config_S16_D256_H8_HD64_G1_rms_norm_ROPETrue_UHD8_ap_fixed_16_5_,ok,0,142,2026-10-01 17:46:27
ATTN_config_S16_D256_H8_HD64_G1_rms_norm_ROPETrue_UHD2_ap_fixed_16_5_,ok,0,149,2026-10-01 17:46:27
ATTN_config_S16_D256_H8_HD64_G2_layer_norm_ROPEFalse_UHD1_ap_fixed_16_5_,ok,0,139,2026-10-01 17:46:28
ATTN_config_S16_D256_H8_HD64_G1_layer_norm_ROPETrue_UHD8_ap_fixed_16_5_,ok,0,163,2026-10-01 17:46:29
ATTN_config_S16_D256_H8_HD64_G2_rms_norm_ROPEFalse_UHD2_ap_fixed_16_5_,ok,0,118,2026-10-01 17:46:33
ATTN_config_S16_D256_H8_HD64_G2_layer_norm_ROPEFalse_UHD8_ap_fixed_16_5_,ok,0,141,2026-10-01 17:46:33
ATTN_config_S16_D256_H8_HD64_G2_layer_norm_ROPEFalse_UHD4_ap_fixed_16_5_,ok,0,143,2026-10-01 17:46:34
ATTN_config_S16_D256_H8_HD64_G2_rms_norm_ROPEFalse_UHD1_ap_fixed_16_5_,ok,0,125,2026-10-01 17:46:37
ATTN_config_S16_D256_H8_HD64_G2_rms_norm_ROPEFalse_UHD4_ap_fixed_16_5_,ok,0,126,2026-10-01 17:46:44
ATTN_config_S16_D256_H8_HD64_G2_layer_norm_ROPETrue_UHD2_ap_fixed_16_5_,ok,0,141,2026-10-01 17:46:47
ATTN_config_S16_D256_H8_HD64_G2_rms_norm_ROPEFalse_UHD8_ap_fixed_16_5_,ok,0,127,2026-10-01 17:46:47
ATTN_config_S16_D256_H8_HD64_G2_layer_norm_ROPETrue_UHD1_ap_fixed_16_5_,ok,0,152,2026-10-01 17:46:50
ATTN_config_S16_D256_H8_HD64_G4_layer_norm_ROPEFalse_UHD2_ap_fixed_16_5_,ok,0,124,2026-10-01 17:46:52
ATTN_config_S16_D256_H8_HD64_G2_rms_norm_ROPETrue_UHD4_ap_fixed_16_5_,ok,0,134,2026-10-01 17:46:57
ATTN_config_S16_D256_H8_HD64_G4_layer_norm_ROPEFalse_UHD4_ap_fixed_16_5_,ok,0,128,2026-10-01 17:46:59
ATTN_config_S16_D256_H8_HD64_G2_rms_norm_ROPETrue_UHD1_ap_fixed_16_5_,ok,0,142,2026-10-01 17:47:03
ATTN_config_S16_D256_H8_HD64_G2_rms_norm_ROPETrue_UHD2_ap_fixed_16_5_,ok,0,143,2026-10-01 17:47:04
ATTN_config_S16_D256_H8_HD64_G4_layer_norm_ROPEFalse_UHD1_ap_fixed_16_5_,ok,0,136,2026-10-01 17:47:04
ATTN_config_S16_D256_H8_HD64_G4_layer_norm_ROPEFalse_UHD8_ap_fixed_16_5_,ok,0,145,2026-10-01 17:47:15
ATTN_config_S16_D256_H8_HD64_G4_rms_norm_ROPEFalse_UHD8_ap_fixed_16_5_,ok,0,120,2026-10-01 17:47:20
ATTN_config_S16_D256_H8_HD64_G4_rms_norm_ROPEFalse_UHD1_ap_fixed_16_5_,ok,0,129,2026-10-01 17:47:23
ATTN_config_S16_D256_H8_HD64_G2_layer_norm_ROPETrue_UHD8_ap_fixed_16_5_,ok,0,174,2026-10-01 17:47:25
ATTN_config_S16_D256_H8_HD64_G4_rms_norm_ROPETrue_UHD1_ap_fixed_16_5_,ok,0,131,2026-10-01 17:47:31
ATTN_config_S16_D256_H8_HD64_G4_layer_norm_ROPETrue_UHD2_ap_fixed_16_5_,ok,0,154,2026-10-01 17:47:32
ATTN_config_S16_D256_H8_HD64_G4_layer_norm_ROPETrue_UHD1_ap_fixed_16_5_,ok,0,161,2026-10-01 17:47:37
ATTN_config_S16_D256_H8_HD64_G4_layer_norm_ROPETrue_UHD4_ap_fixed_16_5_,ok,0,159,2026-10-01 17:47:38
ATTN_config_S16_D256_H8_HD64_G4_rms_norm_ROPEFalse_UHD2_ap_fixed_16_5_,ok,0,145,2026-10-01 17:47:40
ATTN_config_S16_D256_H8_HD64_G4_rms_norm_ROPETrue_UHD2_ap_fixed_16_5_,ok,0,141,2026-10-01 17:47:44
ATTN_config_S16_D256_H8_HD64_G2_layer_norm_ROPETrue_UHD4_ap_fixed_16_5_,ok,0,193,2026-10-01 17:47:44
ATTN_config_S16_D512_H16_HD16_G1_layer_norm_ROPEFalse_UHD2_ap_fixed_16_5_,ok,0,129,2026-10-01 17:47:45
ATTN_config_S16_D256_H8_HD64_G4_rms_norm_ROPEFalse_UHD4_ap_fixed_16_5_,ok,0,146,2026-10-01 17:47:45
ATTN_config_S16_D512_H16_HD16_G1_rms_norm_ROPEFalse_UHD1_ap_fixed_16_5_,ok,0,104,2026-10-01 17:47:46
ATTN_config_S16_D512_H16_HD16_G1_layer_norm_ROPEFalse_UHD1_ap_fixed_16_5_,ok,0,133,2026-10-01 17:47:47
ATTN_config_S16_D512_H16_HD16_G1_layer_norm_ROPEFalse_UHD4_ap_fixed_16_5_,ok,0,131,2026-10-01 17:47:47
ATTN_config_S16_D256_H8_HD64_G4_layer_norm_ROPETrue_UHD8_ap_fixed_16_5_,ok,0,165,2026-10-01 17:47:49
ATTN_config_S16_D256_H8_HD64_G2_rms_norm_ROPETrue_UHD8_ap_fixed_16_5_,ok,0,187,2026-10-01 17:47:55
ATTN_config_S16_D512_H16_HD16_G1_rms_norm_ROPEFalse_UHD2_ap_fixed_16_5_,ok,0,120,2026-10-01 17:48:04
ATTN_config_S16_D256_H8_HD64_G4_rms_norm_ROPETrue_UHD4_ap_fixed_16_5_,ok,0,158,2026-10-01 17:48:07
ATTN_config_S16_D256_H8_HD64_G4_rms_norm_ROPETrue_UHD8_ap_fixed_16_5_,ok,0,157,2026-10-01 17:48:10
ATTN_config_S16_D512_H16_HD16_G1_layer_norm_ROPEFalse_UHD8_ap_fixed_16_5_,ok,0,145,2026-10-01 17:48:11
ATTN_config_S16_D512_H16_HD16_G1_rms_norm_ROPEFalse_UHD4_ap_fixed_16_5_,ok,0,129,2026-10-01 17:48:13
ATTN_config_S16_D512_H16_HD16_G1_layer_norm_ROPETrue_UHD2_ap_fixed_16_5_,ok,0,156,2026-10-01 17:48:25
ATTN_config_S16_D512_H16_HD16_G1_rms_norm_ROPEFalse_UHD8_ap_fixed_16_5_,ok,0,131,2026-10-01 17:48:29
ATTN_config_S16_D512_H16_HD16_G1_layer_norm_ROPETrue_UHD1_ap_fixed_16_5_,ok,0,164,2026-10-01 17:48:31
ATTN_config_S16_D512_H16_HD16_G2_layer_norm_ROPEFalse_UHD2_ap_fixed_16_5_,ok,0,135,2026-10-01 17:48:43
ATTN_config_S16_D512_H16_HD16_G2_layer_norm_ROPEFalse_UHD4_ap_fixed_16_5_,ok,0,134,2026-10-01 17:48:47
ATTN_config_S16_D512_H16_HD16_G2_layer_norm_ROPEFalse_UHD1_ap_fixed_16_5_,ok,0,139,2026-10-01 17:48:47
ATTN_config_S16_D512_H16_HD16_G2_rms_norm_ROPEFalse_UHD2_ap_fixed_16_5_,ok,0,119,2026-10-01 17:48:49
ATTN_config_S16_D512_H16_HD16_G1_rms_norm_ROPETrue_UHD2_ap_fixed_16_5_,ok,0,144,2026-10-01 17:48:49
ATTN_config_S16_D512_H16_HD16_G2_rms_norm_ROPEFalse_UHD1_ap_fixed_16_5_,ok,0,126,2026-10-01 17:48:53
ATTN_config_S16_D512_H16_HD16_G1_rms_norm_ROPETrue_UHD4_ap_fixed_16_5_,ok,0,149,2026-10-01 17:48:56
ATTN_config_S16_D512_H16_HD16_G1_layer_norm_ROPETrue_UHD4_ap_fixed_16_5_,ok,0,183,2026-10-01 17:48:59
ATTN_config_S16_D512_H16_HD16_G1_rms_norm_ROPETrue_UHD1_ap_fixed_16_5_,ok,0,162,2026-10-01 17:49:02
ATTN_config_S16_D512_H16_HD16_G2_layer_norm_ROPEFalse_UHD8_ap_fixed_16_5_,ok,0,149,2026-10-01 17:49:03
ATTN_config_S16_D512_H16_HD16_G2_rms_norm_ROPEFalse_UHD4_ap_fixed_16_5_,ok,0,135,2026-10-01 17:49:07
ATTN_config_S16_D512_H16_HD16_G2_layer_norm_ROPETrue_UHD1_ap_fixed_16_5_,ok,0,156,2026-10-01 17:49:10
ATTN_config_S16_D512_H16_HD16_G1_layer_norm_ROPETrue_UHD8_ap_fixed_16_5_,ok,0,198,2026-10-01 17:49:16
ATTN_config_S16_D512_H16_HD16_G2_layer_norm_ROPETrue_UHD2_ap_fixed_16_5_,ok,0,168,2026-10-01 17:49:25
ATTN_config_S16_D512_H16_HD16_G2_rms_norm_ROPEFalse_UHD8_ap_fixed_16_5_,ok,0,151,2026-10-01 17:49:29
ATTN_config_S16_D512_H16_HD16_G2_rms_norm_ROPETrue_UHD1_ap_fixed_16_5_,ok,0,151,2026-10-01 17:49:30
ATTN_config_S16_D512_H16_HD16_G1_rms_norm_ROPETrue_UHD8_ap_fixed_16_5_,ok,0,187,2026-10-01 17:49:34
ATTN_config_S16_D512_H16_HD16_G4_layer_norm_ROPEFalse_UHD1_ap_fixed_16_5_,ok,0,151,2026-10-01 17:49:46
ATTN_config_S16_D512_H16_HD16_G2_layer_norm_ROPETrue_UHD4_ap_fixed_16_5_,ok,0,182,2026-10-01 17:49:47
ATTN_config_S16_D512_H16_HD16_G2_rms_norm_ROPETrue_UHD2_ap_fixed_16_5_,ok,0,165,2026-10-01 17:49:48
ATTN_config_S16_D512_H16_HD16_G2_rms_norm_ROPETrue_UHD4_ap_fixed_16_5_,ok,0,174,2026-10-01 17:49:58
ATTN_config_S16_D512_H16_HD16_G4_layer_norm_ROPEFalse_UHD2_ap_fixed_16_5_,ok,0,162,2026-10-01 17:50:01
ATTN_config_S16_D512_H16_HD16_G4_rms_norm_ROPEFalse_UHD2_ap_fixed_16_5_,ok,0,144,2026-10-01 17:50:08
ATTN_config_S16_D512_H16_HD16_G4_rms_norm_ROPEFalse_UHD1_ap_fixed_16_5_,ok,0,148,2026-10-01 17:50:08
ATTN_config_S16_D512_H16_HD16_G4_layer_norm_ROPEFalse_UHD4_ap_fixed_16_5_,ok,0,167,2026-10-01 17:50:10
ATTN_config_S16_D512_H16_HD16_G4_rms_norm_ROPEFalse_UHD4_ap_fixed_16_5_,ok,0,160,2026-10-01 17:50:24
ATTN_config_S16_D512_H16_HD32_G1_layer_norm_ROPEFalse_UHD1_ap_fixed_16_5_,ok,0,162,2026-10-01 17:50:31
ATTN_config_S16_D512_H16_HD16_G4_layer_norm_ROPEFalse_UHD8_ap_fixed_16_5_,ok,0,187,2026-10-01 17:50:33
ATTN_config_S16_D512_H16_HD16_G4_layer_norm_ROPETrue_UHD1_ap_fixed_16_5_,ok,0,182,2026-10-01 17:50:33
ATTN_config_S16_D512_H16_HD16_G2_layer_norm_ROPETrue_UHD8_ap_fixed_16_5_,ok,0,227,2026-10-01 17:50:34
ATTN_config_S16_D512_H16_HD16_G4_rms_norm_ROPEFalse_UHD8_ap_fixed_16_5_,ok,0,177,2026-10-01 17:50:42
ATTN_config_S16_D512_H16_HD16_G2_rms_norm_ROPETrue_UHD8_ap_fixed_16_5_,ok,0,219,2026-10-01 17:50:43
ATTN_config_S16_D512_H16_HD16_G4_rms_norm_ROPETrue_UHD1_ap_fixed_16_5_,ok,0,181,2026-10-01 17:50:47
ATTN_config_S16_D512_H16_HD32_G1_layer_norm_ROPEFalse_UHD2_ap_fixed_16_5_,ok,0,172,2026-10-01 17:50:47
ATTN_config_S16_D512_H16_HD16_G4_layer_norm_ROPETrue_UHD2_ap_fixed_16_5_,ok,0,197,2026-10-01 17:50:49
ATTN_config_S16_D512_H16_HD32_G1_rms_norm_ROPEFalse_UHD1_ap_fixed_16_5_,ok,0,142,2026-10-01 17:50:51
ATTN_config_S16_D512_H16_HD16_G4_rms_norm_ROPETrue_UHD2_ap_fixed_16_5_,ok,0,188,2026-10-01 17:50:55
ATTN_config_S16_D512_H16_HD32_G1_layer_norm_ROPEFalse_UHD4_ap_fixed_16_5_,ok,0,175,2026-10-01 17:50:59
ATTN_config_S16_D512_H16_HD32_G1_rms_norm_ROPEFalse_UHD2_ap_fixed_16_5_,ok,0,151,2026-10-01 17:51:02
ATTN_config_S16_D512_H16_HD16_G4_layer_norm_ROPETrue_UHD4_ap_fixed_16_5_,ok,0,205,2026-10-01 17:51:02
ATTN_config_S16_D512_H16_HD32_G1_layer_norm_ROPEFalse_UHD8_ap_fixed_16_5_,ok,0,188,2026-10-01 17:51:15
ATTN_config_S16_D512_H16_HD32_G1_layer_norm_ROPETrue_UHD1_ap_fixed_16_5_,ok,0,185,2026-10-01 17:51:15
ATTN_config_S16_D512_H16_HD16_G4_rms_norm_ROPETrue_UHD4_ap_fixed_16_5_,ok,0,210,2026-10-01 17:51:17
ATTN_config_S16_D512_H16_HD32_G1_rms_norm_ROPEFalse_UHD4_ap_fixed_16_5_,ok,0,154,2026-10-01 17:51:17
ATTN_config_S16_D512_H16_HD16_G4_rms_norm_ROPETrue_UHD8_ap_fixed_16_5_,ok,0,211,2026-10-01 17:51:18
ATTN_config_S16_D512_H16_HD16_G4_layer_norm_ROPETrue_UHD8_ap_fixed_16_5_,ok,0,225,2026-10-01 17:51:23
ATTN_config_S16_D512_H16_HD32_G1_rms_norm_ROPEFalse_UHD8_ap_fixed_16_5_,ok,0,163,2026-10-01 17:51:29
ATTN_config_S16_D512_H16_HD32_G2_layer_norm_ROPEFalse_UHD2_ap_fixed_16_5_,ok,0,158,2026-10-01 17:51:38
ATTN_config_S16_D512_H16_HD32_G2_layer_norm_ROPEFalse_UHD1_ap_fixed_16_5_,ok,0,165,2026-10-01 17:51:41
ATTN_config_S16_D512_H16_HD32_G1_layer_norm_ROPETrue_UHD4_ap_fixed_16_5_,ok,0,211,2026-10-01 17:51:45
ATTN_config_S16_D512_H16_HD32_G1_rms_norm_ROPETrue_UHD4_ap_fixed_16_5_,ok,0,176,2026-10-01 17:51:46
ATTN_config_S16_D512_H16_HD32_G1_layer_norm_ROPETrue_UHD2_ap_fixed_16_5_,ok,0,217,2026-10-01 17:51:48
ATTN_config_S16_D512_H16_HD32_G2_rms_norm_ROPEFalse_UHD1_ap_fixed_16_5_,ok,0,143,2026-10-01 17:51:52
ATTN_config_S16_D512_H16_HD32_G1_rms_norm_ROPETrue_UHD2_ap_fixed_16_5_,ok,0,184,2026-10-01 17:51:53
ATTN_config_S16_D512_H16_HD32_G2_layer_norm_ROPEFalse_UHD8_ap_fixed_16_5_,ok,0,172,2026-10-01 17:51:54
ATTN_config_S16_D512_H16_HD32_G1_rms_norm_ROPETrue_UHD1_ap_fixed_16_5_,ok,0,190,2026-10-01 17:51:57
ATTN_config_S16_D512_H16_HD32_G2_layer_norm_ROPEFalse_UHD4_ap_fixed_16_5_,ok,0,176,2026-10-01 17:51:58
ATTN_config_S16_D512_H16_HD32_G2_layer_norm_ROPETrue_UHD1_ap_fixed_16_5_,ok,0,175,2026-10-01 17:52:02
ATTN_config_S16_D512_H16_HD32_G2_rms_norm_ROPEFalse_UHD2_ap_fixed_16_5_,ok,0,162,2026-10-01 17:52:12
ATTN_config_S16_D512_H16_HD32_G2_rms_norm_ROPEFalse_UHD4_ap_fixed_16_5_,ok,0,161,2026-10-01 17:52:15
ATTN_config_S16_D512_H16_HD32_G1_layer_norm_ROPETrue_UHD8_ap_fixed_16_5_,ok,0,230,2026-10-01 17:52:15
ATTN_config_S16_D512_H16_HD32_G2_rms_norm_ROPEFalse_UHD8_ap_fixed_16_5_,ok,0,154,2026-10-01 17:52:20
ATTN_config_S16_D512_H16_HD32_G2_layer_norm_ROPETrue_UHD2_ap_fixed_16_5_,ok,0,193,2026-10-01 17:52:22
ATTN_config_S16_D512_H16_HD32_G2_rms_norm_ROPETrue_UHD1_ap_fixed_16_5_,ok,0,156,2026-10-01 17:52:22
ATTN_config_S16_D512_H16_HD32_G2_rms_norm_ROPETrue_UHD2_ap_fixed_16_5_,ok,0,156,2026-10-01 17:52:25
ATTN_config_S16_D512_H16_HD32_G2_layer_norm_ROPETrue_UHD4_ap_fixed_16_5_,ok,0,193,2026-10-01 17:52:29
ATTN_config_S16_D512_H16_HD32_G4_layer_norm_ROPEFalse_UHD1_ap_fixed_16_5_,ok,0,145,2026-10-01 17:52:33
ATTN_config_S16_D512_H16_HD32_G1_rms_norm_ROPETrue_UHD8_ap_fixed_16_5_,ok,0,225,2026-10-01 17:52:39
ATTN_config_S16_D512_H16_HD32_G2_rms_norm_ROPETrue_UHD4_ap_fixed_16_5_,ok,0,168,2026-10-01 17:52:46
ATTN_config_S16_D512_H16_HD32_G4_rms_norm_ROPEFalse_UHD1_ap_fixed_16_5_,ok,0,124,2026-10-01 17:52:46
ATTN_config_S16_D512_H16_HD32_G4_layer_norm_ROPEFalse_UHD2_ap_fixed_16_5_,ok,0,161,2026-10-01 17:52:49
ATTN_config_S16_D512_H16_HD32_G4_layer_norm_ROPEFalse_UHD4_ap_fixed_16_5_,ok,0,166,2026-10-01 17:52:56
ATTN_config_S16_D512_H16_HD32_G4_rms_norm_ROPEFalse_UHD4_ap_fixed_16_5_,ok,0,130,2026-10-01 17:52:56
ATTN_config_S16_D512_H16_HD32_G2_layer_norm_ROPETrue_UHD8_ap_fixed_16_5_,ok,0,213,2026-10-01 17:52:58
ATTN_config_S16_D512_H16_HD32_G4_rms_norm_ROPEFalse_UHD2_ap_fixed_16_5_,ok,0,139,2026-10-01 17:53:01
ATTN_config_S16_D512_H16_HD32_G4_layer_norm_ROPEFalse_UHD8_ap_fixed_16_5_,ok,0,163,2026-10-01 17:53:08
ATTN_config_S16_D512_H16_HD32_G4_rms_norm_ROPEFalse_UHD8_ap_fixed_16_5_,ok,0,146,2026-10-01 17:53:13
ATTN_config_S16_D512_H16_HD32_G4_layer_norm_ROPETrue_UHD1_ap_fixed_16_5_,ok,0,163,2026-10-01 17:53:14
ATTN_config_S16_D512_H16_HD64_G1_layer_norm_ROPEFalse_UHD1_ap_fixed_16_5_,ok,0,137,2026-10-01 17:53:19
ATTN_config_S16_D512_H16_HD32_G4_rms_norm_ROPETrue_UHD1_ap_fixed_16_5_,ok,0,151,2026-10-01 17:53:20
ATTN_config_S16_D512_H16_HD32_G4_layer_norm_ROPETrue_UHD2_ap_fixed_16_5_,ok,0,170,2026-10-01 17:53:23
ATTN_config_S16_D512_H16_HD32_G2_rms_norm_ROPETrue_UHD8_ap_fixed_16_5_,ok,0,203,2026-10-01 17:53:25
ATTN_config_S16_D512_H16_HD32_G4_rms_norm_ROPETrue_UHD2_ap_fixed_16_5_,ok,0,154,2026-10-01 17:53:26
ATTN_config_S16_D512_H16_HD64_G1_rms_norm_ROPEFalse_UHD1_ap_fixed_16_5_,ok,0,116,2026-10-01 17:53:26
ATTN_config_S16_D512_H16_HD64_G1_layer_norm_ROPEFalse_UHD2_ap_fixed_16_5_,ok,0,147,2026-10-01 17:53:29
ATTN_config_S16_D512_H16_HD32_G4_layer_norm_ROPETrue_UHD4_ap_fixed_16_5_,ok,0,177,2026-10-01 17:53:30
ATTN_config_S16_D512_H16_HD32_G4_rms_norm_ROPETrue_UHD4_ap_fixed_16_5_,ok,0,161,2026-10-01 17:53:35
ATTN_config_S16_D512_H16_HD64_G1_rms_norm_ROPEFalse_UHD2_ap_fixed_16_5_,ok,0,118,2026-10-01 17:53:36
ATTN_config_S16_D512_H16_HD64_G1_layer_norm_ROPEFalse_UHD4_ap_fixed_16_5_,ok,0,145,2026-10-01 17:53:41
ATTN_config_S16_D512_H16_HD64_G1_rms_norm_ROPEFalse_UHD4_ap_fixed_16_5_,ok,0,124,2026-10-01 17:53:45
ATTN_config_S16_D512_H16_HD32_G4_rms_norm_ROPETrue_UHD8_ap_fixed_16_5_,ok,0,169,2026-10-01 17:53:48
ATTN_config_S16_D512_H16_HD64_G1_layer_norm_ROPETrue_UHD2_ap_fixed_16_5_,ok,0,151,2026-10-01 17:53:49
ATTN_config_S16_D512_H16_HD32_G4_layer_norm_ROPETrue_UHD8_ap_fixed_16_5_,ok,0,199,2026-10-01 17:53:52
ATTN_config_S16_D512_H16_HD64_G1_layer_norm_ROPETrue_UHD1_ap_fixed_16_5_,ok,0,162,2026-10-01 17:53:59
ATTN_config_S16_D512_H16_HD64_G1_rms_norm_ROPETrue_UHD1_ap_fixed_16_5_,ok,0,134,2026-10-01 17:54:00
ATTN_config_S16_D512_H16_HD64_G1_layer_norm_ROPEFalse_UHD8_ap_fixed_16_5_,ok,0,165,2026-10-01 17:54:01
ATTN_config_S16_D512_H16_HD64_G1_rms_norm_ROPETrue_UHD2_ap_fixed_16_5_,ok,0,134,2026-10-01 17:54:02
ATTN_config_S16_D512_H16_HD64_G1_rms_norm_ROPEFalse_UHD8_ap_fixed_16_5_,ok,0,138,2026-10-01 17:54:03
ATTN_config_S16_D512_H16_HD64_G2_layer_norm_ROPEFalse_UHD1_ap_fixed_16_5_,ok,0,129,2026-10-01 17:54:04
ATTN_config_S16_D512_H16_HD64_G1_layer_norm_ROPETrue_UHD4_ap_fixed_16_5_,ok,0,166,2026-10-01 17:54:04
ATTN_config_S16_D512_H16_HD64_G2_layer_norm_ROPEFalse_UHD4_ap_fixed_16_5_,ok,0,129,2026-10-01 17:54:06
ATTN_config_S16_D512_H16_HD64_G2_rms_norm_ROPEFalse_UHD1_ap_fixed_16_5_,ok,0,105,2026-10-01 17:54:08
ATTN_config_S16_D512_H16_HD64_G2_rms_norm_ROPEFalse_UHD2_ap_fixed_16_5_,ok,0,106,2026-10-01 17:54:09
ATTN_config_S16_D512_H16_HD64_G2_layer_norm_ROPEFalse_UHD2_ap_fixed_16_5_,ok,0,134,2026-10-01 17:54:11
ATTN_config_S16_D512_H16_HD64_G1_rms_norm_ROPETrue_UHD4_ap_fixed_16_5_,ok,0,143,2026-10-01 17:54:15
ATTN_config_S16_D512_H16_HD64_G2_rms_norm_ROPEFalse_UHD4_ap_fixed_16_5_,ok,0,111,2026-10-01 17:54:16
ATTN_config_S16_D512_H16_HD64_G1_layer_norm_ROPETrue_UHD8_ap_fixed_16_5_,ok,0,178,2026-10-01 17:54:21
ATTN_config_S16_D512_H16_HD64_G2_layer_norm_ROPEFalse_UHD8_ap_fixed_16_5_,ok,0,142,2026-10-01 17:54:23
ATTN_config_S16_D512_H16_HD64_G2_rms_norm_ROPEFalse_UHD8_ap_fixed_16_5_,ok,0,116,2026-10-01 17:54:26
ATTN_config_S16_D512_H16_HD64_G2_layer_norm_ROPETrue_UHD2_ap_fixed_16_5_,ok,0,133,2026-10-01 17:54:28
ATTN_config_S16_D512_H16_HD64_G4_layer_norm_ROPEFalse_UHD1_ap_fixed_16_5_,ok,0,108,2026-10-01 17:54:37
ATTN_config_S16_D512_H16_HD64_G2_layer_norm_ROPETrue_UHD1_ap_fixed_16_5_,ok,0,146,2026-10-01 17:54:38
ATTN_config_S16_D512_H16_HD64_G1_rms_norm_ROPETrue_UHD8_ap_fixed_16_5_,ok,0,167,2026-10-01 17:54:40
ATTN_config_S16_D512_H16_HD64_G2_rms_norm_ROPETrue_UHD2_ap_fixed_16_5_,ok,0,124,2026-10-01 17:54:42
ATTN_config_S16_D512_H16_HD64_G2_rms_norm_ROPETrue_UHD1_ap_fixed_16_5_,ok,0,135,2026-10-01 17:54:48
ATTN_config_S16_D512_H16_HD64_G4_layer_norm_ROPEFalse_UHD2_ap_fixed_16_5_,ok,0,115,2026-10-01 17:54:51
ATTN_config_S16_D512_H16_HD64_G4_rms_norm_ROPEFalse_UHD1_ap_fixed_16_5_,ok,0,93,2026-10-01 17:54:52
ATTN_config_S16_D512_H16_HD64_G4_layer_norm_ROPEFalse_UHD4_ap_fixed_16_5_,ok,0,117,2026-10-01 17:54:54
ATTN_config_S16_D512_H16_HD64_G2_layer_norm_ROPETrue_UHD4_ap_fixed_16_5_,ok,0,159,2026-10-01 17:54:54
ATTN_config_S16_D512_H16_HD64_G2_layer_norm_ROPETrue_UHD8_ap_fixed_16_5_,ok,0,155,2026-10-01 17:54:56
ATTN_config_S16_D512_H16_HD64_G2_rms_norm_ROPETrue_UHD4_ap_fixed_16_5_,ok,0,132,2026-10-01 17:54:58
ATTN_config_S16_D512_H16_HD64_G4_layer_norm_ROPEFalse_UHD8_ap_fixed_16_5_,ok,0,122,2026-10-01 17:55:00
ATTN_config_S16_D512_H16_HD64_G4_rms_norm_ROPEFalse_UHD4_ap_fixed_16_5_,ok,0,101,2026-10-01 17:55:04
ATTN_config_S16_D512_H16_HD64_G4_layer_norm_ROPETrue_UHD1_ap_fixed_16_5_,ok,0,125,2026-10-01 17:55:06
ATTN_config_S16_D512_H16_HD64_G2_rms_norm_ROPETrue_UHD8_ap_fixed_16_5_,ok,0,143,2026-10-01 17:55:09
ATTN_config_S16_D512_H16_HD64_G4_rms_norm_ROPEFalse_UHD2_ap_fixed_16_5_,ok,0,112,2026-10-01 17:55:12
ATTN_config_S16_D512_H16_HD64_G4_rms_norm_ROPEFalse_UHD8_ap_fixed_16_5_,ok,0,114,2026-10-01 17:55:19
ATTN_config_S16_D512_H16_HD64_G4_rms_norm_ROPETrue_UHD2_ap_fixed_16_5_,ok,0,118,2026-10-01 17:55:23
ATTN_config_S16_D512_H16_HD64_G4_rms_norm_ROPETrue_UHD1_ap_fixed_16_5_,ok,0,122,2026-10-01 17:55:27
ATTN_config_S16_D512_H32_HD16_G1_layer_norm_ROPEFalse_UHD2_ap_fixed_16_5_,ok,0,112,2026-10-01 17:55:28
ATTN_config_S16_D512_H16_HD64_G4_layer_norm_ROPETrue_UHD4_ap_fixed_16_5_,ok,0,141,2026-10-01 17:55:34
ATTN_config_S16_D512_H32_HD16_G1_layer_norm_ROPEFalse_UHD1_ap_fixed_16_5_,ok,0,119,2026-10-01 17:55:35
ATTN_config_S16_D512_H16_HD64_G4_rms_norm_ROPETrue_UHD4_ap_fixed_16_5_,ok,0,127,2026-10-01 17:55:36
ATTN_config_S16_D512_H16_HD64_G4_layer_norm_ROPETrue_UHD2_ap_fixed_16_5_,ok,0,152,2026-10-01 17:55:39
ATTN_config_S16_D512_H32_HD16_G1_layer_norm_ROPEFalse_UHD4_ap_fixed_16_5_,ok,0,119,2026-10-01 17:55:39
ATTN_config_S16_D512_H32_HD16_G1_rms_norm_ROPEFalse_UHD1_ap_fixed_16_5_,ok,0,102,2026-10-01 17:55:42
ATTN_config_S16_D512_H32_HD16_G1_rms_norm_ROPEFalse_UHD2_ap_fixed_16_5_,ok,0,104,2026-10-01 17:55:45
ATTN_config_S16_D512_H16_HD64_G4_rms_norm_ROPETrue_UHD8_ap_fixed_16_5_,ok,0,143,2026-10-01 17:55:53
ATTN_config_S16_D512_H32_HD16_G1_rms_norm_ROPEFalse_UHD8_ap_fixed_16_5_,ok,0,110,2026-10-01 17:55:53
ATTN_config_S16_D512_H16_HD64_G4_layer_norm_ROPETrue_UHD8_ap_fixed_16_5_,ok,0,159,2026-10-01 17:55:53
ATTN_config_S16_D512_H32_HD16_G1_rms_norm_ROPETrue_UHD1_ap_fixed_16_5_,ok,0,113,2026-10-01 17:55:57
ATTN_config_S16_D512_H32_HD16_G1_rms_norm_ROPEFalse_UHD4_ap_fixed_16_5_,ok,0,116,2026-10-01 17:55:58
ATTN_config_S16_D512_H32_HD16_G1_layer_norm_ROPETrue_UHD1_ap_fixed_16_5_,ok,0,132,2026-10-01 17:56:00
ATTN_config_S16_D512_H32_HD16_G2_layer_norm_ROPEFalse_UHD1_ap_fixed_16_5_,ok,0,114,2026-10-01 17:56:03
ATTN_config_S16_D512_H32_HD16_G1_layer_norm_ROPEFalse_UHD8_ap_fixed_16_5_,ok,0,138,2026-10-01 17:56:04
ATTN_config_S16_D512_H32_HD16_G1_layer_norm_ROPETrue_UHD2_ap_fixed_16_5_,ok,0,136,2026-10-01 17:56:04
ATTN_config_S16_D512_H32_HD16_G2_layer_norm_ROPEFalse_UHD2_ap_fixed_16_5_,ok,0,119,2026-10-01 17:56:11
ATTN_config_S16_D512_H32_HD16_G1_layer_norm_ROPETrue_UHD4_ap_fixed_16_5_,ok,0,140,2026-10-01 17:56:13
ATTN_config_S16_D512_H32_HD16_G2_rms_norm_ROPEFalse_UHD1_ap_fixed_16_5_,ok,0,97,2026-10-01 17:56:14
ATTN_config_S16_D512_H32_HD16_G2_layer_norm_ROPEFalse_UHD4_ap_fixed_16_5_,ok,0,123,2026-10-01 17:56:18
ATTN_config_S16_D512_H32_HD16_G2_rms_norm_ROPEFalse_UHD2_ap_fixed_16_5_,ok,0,101,2026-10-01 17:56:19
ATTN_config_S16_D512_H32_HD16_G1_rms_norm_ROPETrue_UHD2_ap_fixed_16_5_,ok,0,136,2026-10-01 17:56:19
ATTN_config_S16_D512_H32_HD16_G2_rms_norm_ROPEFalse_UHD4_ap_fixed_16_5_,ok,0,107,2026-10-01 17:56:27
ATTN_config_S16_D512_H32_HD16_G1_rms_norm_ROPETrue_UHD4_ap_fixed_16_5_,ok,0,140,2026-10-01 17:56:27
ATTN_config_S16_D512_H32_HD16_G2_layer_norm_ROPEFalse_UHD8_ap_fixed_16_5_,ok,0,134,2026-10-01 17:56:30
ATTN_config_S16_D512_H32_HD16_G2_layer_norm_ROPETrue_UHD2_ap_fixed_16_5_,ok,0,131,2026-10-01 17:56:34
ATTN_config_S16_D512_H32_HD16_G2_layer_norm_ROPETrue_UHD1_ap_fixed_16_5_,ok,0,133,2026-10-01 17:56:34
ATTN_config_S16_D512_H32_HD16_G2_rms_norm_ROPEFalse_UHD8_ap_fixed_16_5_,ok,0,115,2026-10-01 17:56:38
ATTN_config_S16_D512_H32_HD16_G2_layer_norm_ROPETrue_UHD4_ap_fixed_16_5_,ok,0,134,2026-10-01 17:56:40
ATTN_config_S16_D512_H32_HD16_G4_layer_norm_ROPEFalse_UHD2_ap_fixed_16_5_,ok,0,105,2026-10-01 17:56:41
ATTN_config_S16_D512_H32_HD16_G2_rms_norm_ROPETrue_UHD1_ap_fixed_16_5_,ok,0,117,2026-10-01 17:56:45
ATTN_config_S16_D512_H32_HD16_G4_layer_norm_ROPEFalse_UHD1_ap_fixed_16_5_,ok,0,112,2026-10-01 17:56:46
ATTN_config_S16_D512_H32_HD16_G1_rms_norm_ROPETrue_UHD8_ap_fixed_16_5_,ok,0,163,2026-10-01 17:56:50
ATTN_config_S16_D512_H32_HD16_G2_rms_norm_ROPETrue_UHD4_ap_fixed_16_5_,ok,0,122,2026-10-01 17:56:54
ATTN_config_S16_D512_H32_HD16_G4_rms_norm_ROPEFalse_UHD1_ap_fixed_16_5_,ok,0,98,2026-10-01 17:56:57
ATTN_config_S16_D512_H32_HD16_G1_layer_norm_ROPETrue_UHD8_ap_fixed_16_5_,ok,0,181,2026-10-01 17:57:00
ATTN_config_S16_D512_H32_HD16_G2_rms_norm_ROPETrue_UHD2_ap_fixed_16_5_,ok,0,134,2026-10-01 17:57:05
ATTN_config_S16_D512_H32_HD16_G4_rms_norm_ROPEFalse_UHD2_ap_fixed_16_5_,ok,0,104,2026-10-01 17:57:07
ATTN_config_S16_D512_H32_HD16_G4_layer_norm_ROPEFalse_UHD4_ap_fixed_16_5_,ok,0,131,2026-10-01 17:57:09
ATTN_config_S16_D512_H32_HD16_G4_rms_norm_ROPEFalse_UHD8_ap_fixed_16_5_,ok,0,106,2026-10-01 17:57:13
ATTN_config_S16_D512_H32_HD16_G4_layer_norm_ROPETrue_UHD1_ap_fixed_16_5_,ok,0,133,2026-10-01 17:57:17
ATTN_config_S16_D512_H32_HD16_G4_layer_norm_ROPEFalse_UHD8_ap_fixed_16_5_,ok,0,137,2026-10-01 17:57:17
ATTN_config_S16_D512_H32_HD16_G4_layer_norm_ROPETrue_UHD4_ap_fixed_16_5_,ok,0,130,2026-10-01 17:57:19
ATTN_config_S16_D512_H32_HD16_G4_rms_norm_ROPETrue_UHD2_ap_fixed_16_5_,ok,0,108,2026-10-01 17:57:23
ATTN_config_S16_D512_H32_HD16_G2_layer_norm_ROPETrue_UHD8_ap_fixed_16_5_,ok,0,176,2026-10-01 17:57:25
ATTN_config_S16_D512_H32_HD16_G4_rms_norm_ROPEFalse_UHD4_ap_fixed_16_5_,ok,0,118,2026-10-01 17:57:25
ATTN_config_S16_D512_H32_HD16_G2_rms_norm_ROPETrue_UHD8_ap_fixed_16_5_,ok,0,155,2026-10-01 17:57:28
ATTN_config_S16_D512_H32_HD16_G4_layer_norm_ROPETrue_UHD2_ap_fixed_16_5_,ok,0,145,2026-10-01 17:57:31
ATTN_config_S16_D512_H32_HD32_G1_rms_norm_ROPEFalse_UHD1_ap_fixed_16_5_,ok,0,95,2026-10-01 17:57:35
ATTN_config_S16_D512_H32_HD32_G1_layer_norm_ROPEFalse_UHD1_ap_fixed_16_5_,ok,0,119,2026-10-01 17:57:39
ATTN_config_S16_D512_H32_HD16_G4_rms_norm_ROPETrue_UHD1_ap_fixed_16_5_,ok,0,127,2026-10-01 17:57:41
ATTN_config_S16_D512_H32_HD32_G1_rms_norm_ROPEFalse_UHD2_ap_fixed_16_5_,ok,0,101,2026-10-01 17:57:44
ATTN_config_S16_D512_H32_HD32_G1_rms_norm_ROPEFalse_UHD4_ap_fixed_16_5_,ok,0,102,2026-10-01 17:57:46
ATTN_config_S16_D512_H32_HD32_G1_layer_norm_ROPEFalse_UHD2_ap_fixed_16_5_,ok,0,124,2026-10-01 17:57:46
ATTN_config_S16_D512_H32_HD16_G4_rms_norm_ROPETrue_UHD4_ap_fixed_16_5_,ok,0,131,2026-10-01 17:57:47
ATTN_config_S16_D512_H32_HD16_G4_rms_norm_ROPETrue_UHD8_ap_fixed_16_5_,ok,0,137,2026-10-01 17:57:56
ATTN_config_S16_D512_H32_HD32_G1_layer_norm_ROPEFalse_UHD4_ap_fixed_16_5_,ok,0,132,2026-10-01 17:57:57
ATTN_config_S16_D512_H32_HD16_G4_layer_norm_ROPETrue_UHD8_ap_fixed_16_5_,ok,0,169,2026-10-01 17:58:01
ATTN_config_S16_D512_H32_HD32_G1_layer_norm_ROPETrue_UHD2_ap_fixed_16_5_,ok,0,128,2026-10-01 17:58:01
ATTN_config_S16_D512_H32_HD32_G1_layer_norm_ROPETrue_UHD1_ap_fixed_16_5_,ok,0,130,2026-10-01 17:58:03
ATTN_config_S16_D512_H32_HD32_G2_layer_norm_ROPEFalse_UHD2_ap_fixed_16_5_,ok,0,104,2026-10-01 17:58:04
ATTN_config_S16_D512_H32_HD32_G2_layer_norm_ROPEFalse_UHD1_ap_fixed_16_5_,ok,0,105,2026-10-01 17:58:04
ATTN_config_S16_D512_H32_HD32_G1_layer_norm_ROPETrue_UHD4_ap_fixed_16_5_,ok,0,132,2026-10-01 17:58:08
ATTN_config_S16_D512_H32_HD32_G1_rms_norm_ROPETrue_UHD1_ap_fixed_16_5_,ok,0,118,2026-10-01 17:58:09
ATTN_config_S16_D512_H32_HD32_G1_rms_norm_ROPEFalse_UHD8_ap_fixed_16_5_,ok,0,131,2026-10-01 17:58:15
ATTN_config_S16_D512_H32_HD32_G2_layer_norm_ROPEFalse_UHD4_ap_fixed_16_5_,ok,0,111,2026-10-01 17:58:18
ATTN_config_S16_D512_H32_HD32_G1_layer_norm_ROPEFalse_UHD8_ap_fixed_16_5_,ok,0,148,2026-10-01 17:58:21
ATTN_config_S16_D512_H32_HD32_G2_rms_norm_ROPEFalse_UHD1_ap_fixed_16_5_,ok,0,103,2026-10-01 17:58:23
ATTN_config_S16_D512_H32_HD32_G1_rms_norm_ROPETrue_UHD2_ap_fixed_16_5_,ok,0,131,2026-10-01 17:58:24
ATTN_config_S16_D512_H32_HD32_G1_layer_norm_ROPETrue_UHD8_ap_fixed_16_5_,ok,0,146,2026-10-01 17:58:24
ATTN_config_S16_D512_H32_HD32_G2_rms_norm_ROPEFalse_UHD4_ap_fixed_16_5_,ok,0,100,2026-10-01 17:58:25
ATTN_config_S16_D512_H32_HD32_G2_rms_norm_ROPEFalse_UHD2_ap_fixed_16_5_,ok,0,112,2026-10-01 17:58:33
ATTN_config_S16_D512_H32_HD32_G2_layer_norm_ROPETrue_UHD1_ap_fixed_16_5_,ok,0,126,2026-10-01 17:58:36
ATTN_config_S16_D512_H32_HD32_G1_rms_norm_ROPETrue_UHD4_ap_fixed_16_5_,ok,0,148,2026-10-01 17:58:42
ATTN_config_S16_D512_H32_HD32_G2_layer_norm_ROPEFalse_UHD8_ap_fixed_16_5_,ok,0,137,2026-10-01 17:58:43
ATTN_config_S16_D512_H32_HD32_G2_rms_norm_ROPETrue_UHD1_ap_fixed_16_5_,ok,0,115,2026-10-01 17:58:45
ATTN_config_S16_D512_H32_HD32_G1_rms_norm_ROPETrue_UHD8_ap_fixed_16_5_,ok,0,150,2026-10-01 17:58:48
ATTN_config_S16_D512_H32_HD32_G2_rms_norm_ROPEFalse_UHD8_ap_fixed_16_5_,ok,0,123,2026-10-01 17:58:48
ATTN_config_S16_D512_H32_HD32_G2_rms_norm_ROPETrue_UHD2_ap_fixed_16_5_,ok,0,115,2026-10-01 17:58:49
ATTN_config_S16_D512_H32_HD32_G2_layer_norm_ROPETrue_UHD4_ap_fixed_16_5_,ok,0,147,2026-10-01 17:59:02
ATTN_config_S16_D512_H32_HD32_G2_layer_norm_ROPETrue_UHD2_ap_fixed_16_5_,ok,0,148,2026-10-01 17:59:02
ATTN_config_S16_D512_H32_HD32_G4_layer_norm_ROPEFalse_UHD1_ap_fixed_16_5_,ok,0,118,2026-10-01 17:59:03
ATTN_config_S16_D512_H32_HD32_G2_rms_norm_ROPETrue_UHD4_ap_fixed_16_5_,ok,0,127,2026-10-01 17:59:04
ATTN_config_S16_D512_H32_HD32_G4_layer_norm_ROPEFalse_UHD2_ap_fixed_16_5_,ok,0,120,2026-10-01 17:59:07
ATTN_config_S16_D512_H32_HD32_G4_rms_norm_ROPEFalse_UHD1_ap_fixed_16_5_,ok,0,102,2026-10-01 17:59:07
ATTN_config_S16_D512_H32_HD32_G4_rms_norm_ROPEFalse_UHD2_ap_fixed_16_5_,ok,0,103,2026-10-01 17:59:08
ATTN_config_S16_D512_H32_HD32_G4_layer_norm_ROPEFalse_UHD4_ap_fixed_16_5_,ok,0,120,2026-10-01 17:59:09
ATTN_config_S16_D512_H32_HD32_G4_rms_norm_ROPEFalse_UHD4_ap_fixed_16_5_,ok,0,106,2026-10-01 17:59:14
ATTN_config_S16_D512_H32_HD32_G2_rms_norm_ROPETrue_UHD8_ap_fixed_16_5_,ok,0,136,2026-10-01 17:59:17
ATTN_config_S16_D512_H32_HD32_G4_layer_norm_ROPEFalse_UHD8_ap_fixed_16_5_,ok,0,134,2026-10-01 17:59:28
ATTN_config_S16_D512_H32_HD32_G4_rms_norm_ROPETrue_UHD1_ap_fixed_16_5_,ok,0,117,2026-10-01 17:59:32
ATTN_config_S16_D512_H32_HD32_G4_rms_norm_ROPEFalse_UHD8_ap_fixed_16_5_,ok,0,122,2026-10-01 17:59:33
ATTN_config_S16_D512_H32_HD32_G2_layer_norm_ROPETrue_UHD8_ap_fixed_16_5_,ok,0,178,2026-10-01 17:59:36
ATTN_config_S16_D512_H32_HD32_G4_layer_norm_ROPETrue_UHD1_ap_fixed_16_5_,ok,0,141,2026-10-01 17:59:38
ATTN_config_S16_D512_H32_HD32_G4_layer_norm_ROPETrue_UHD2_ap_fixed_16_5_,ok,0,142,2026-10-01 17:59:40
ATTN_config_S16_D512_H32_HD64_G1_layer_norm_ROPEFalse_UHD1_ap_fixed_16_5_,ok,0,125,2026-10-01 17:59:51
ATTN_config_S16_D512_H32_HD64_G1_layer_norm_ROPEFalse_UHD2_ap_fixed_16_5_,ok,0,128,2026-10-01 17:59:54
ATTN_config_S16_D512_H32_HD32_G4_layer_norm_ROPETrue_UHD4_ap_fixed_16_5_,ok,0,156,2026-10-01 17:59:55
ATTN_config_S16_D512_H32_HD64_G1_rms_norm_ROPEFalse_UHD2_ap_fixed_16_5_,ok,0,112,2026-10-01 17:59:56
ATTN_config_S16_D512_H32_HD64_G1_layer_norm_ROPEFalse_UHD4_ap_fixed_16_5_,ok,0,128,2026-10-01 17:59:56
ATTN_config_S16_D512_H32_HD64_G1_rms_norm_ROPEFalse_UHD1_ap_fixed_16_5_,ok,0,115,2026-10-01 17:59:59
ATTN_config_S16_D512_H32_HD32_G4_rms_norm_ROPETrue_UHD4_ap_fixed_16_5_,ok,0,143,2026-10-01 18:00:04
ATTN_config_S16_D512_H32_HD32_G4_layer_norm_ROPETrue_UHD8_ap_fixed_16_5_,ok,0,164,2026-10-01 18:00:07
ATTN_config_S16_D512_H32_HD32_G4_rms_norm_ROPETrue_UHD2_ap_fixed_16_5_,ok,0,150,2026-10-01 18:00:09
ATTN_config_S16_D512_H32_HD64_G1_rms_norm_ROPEFalse_UHD4_ap_fixed_16_5_,ok,0,124,2026-10-01 18:00:13
ATTN_config_S16_D512_H32_HD64_G1_rms_norm_ROPEFalse_UHD8_ap_fixed_16_5_,ok,0,126,2026-10-01 18:00:15
ATTN_config_S16_D512_H32_HD64_G1_layer_norm_ROPEFalse_UHD8_ap_fixed_16_5_,ok,0,149,2026-10-01 18:00:24
ATTN_config_S16_D512_H32_HD64_G1_layer_norm_ROPETrue_UHD1_ap_fixed_16_5_,ok,0,151,2026-10-01 18:00:27
ATTN_config_S16_D512_H32_HD64_G1_rms_norm_ROPETrue_UHD2_ap_fixed_16_5_,ok,0,138,2026-10-01 18:00:36
ATTN_config_S16_D512_H32_HD64_G1_layer_norm_ROPETrue_UHD2_ap_fixed_16_5_,ok,0,155,2026-10-01 18:00:36
ATTN_config_S16_D512_H32_HD32_G4_rms_norm_ROPETrue_UHD8_ap_fixed_16_5_,ok,0,173,2026-10-01 18:00:37
ATTN_config_S16_D512_H32_HD64_G1_layer_norm_ROPETrue_UHD4_ap_fixed_16_5_,ok,0,156,2026-10-01 18:00:37
ATTN_config_S16_D512_H32_HD64_G2_rms_norm_ROPEFalse_UHD1_ap_fixed_16_5_,ok,0,110,2026-10-01 18:00:38
ATTN_config_S16_D512_H32_HD64_G1_rms_norm_ROPETrue_UHD1_ap_fixed_16_5_,ok,0,143,2026-10-01 18:00:38
ATTN_config_S16_D512_H32_HD64_G2_layer_norm_ROPEFalse_UHD1_ap_fixed_16_5_,ok,0,139,2026-10-01 18:00:43
ATTN_config_S16_D512_H32_HD64_G2_rms_norm_ROPEFalse_UHD2_ap_fixed_16_5_,ok,0,122,2026-10-01 18:00:50
ATTN_config_S16_D512_H32_HD64_G2_layer_norm_ROPEFalse_UHD2_ap_fixed_16_5_,ok,0,146,2026-10-01 18:00:51
ATTN_config_S16_D512_H32_HD64_G2_layer_norm_ROPEFalse_UHD4_ap_fixed_16_5_,ok,0,151,2026-10-01 18:00:56
ATTN_config_S16_D512_H32_HD64_G1_rms_norm_ROPETrue_UHD4_ap_fixed_16_5_,ok,0,157,2026-10-01 18:00:58
ATTN_config_S16_D512_H32_HD64_G2_layer_norm_ROPEFalse_UHD8_ap_fixed_16_5_,ok,0,148,2026-10-01 18:01:01
ATTN_config_S16_D512_H32_HD64_G2_rms_norm_ROPEFalse_UHD4_ap_fixed_16_5_,ok,0,133,2026-10-01 18:01:02
ATTN_config_S16_D512_H32_HD64_G2_layer_norm_ROPETrue_UHD1_ap_fixed_16_5_,ok,0,153,2026-10-01 18:01:09
ATTN_config_S16_D512_H32_HD64_G1_rms_norm_ROPETrue_UHD8_ap_fixed_16_5_,ok,0,165,2026-10-01 18:01:09
ATTN_config_S16_D512_H32_HD64_G1_layer_norm_ROPETrue_UHD8_ap_fixed_16_5_,ok,0,190,2026-10-01 18:01:13
ATTN_config_S16_D512_H32_HD64_G4_layer_norm_ROPEFalse_UHD2_ap_fixed_16_5_,ok,0,133,2026-10-01 18:01:21
ATTN_config_S16_D512_H32_HD64_G4_layer_norm_ROPEFalse_UHD1_ap_fixed_16_5_,ok,0,135,2026-10-01 18:01:22
ATTN_config_S16_D512_H32_HD64_G4_rms_norm_ROPEFalse_UHD1_ap_fixed_16_5_,ok,0,113,2026-10-01 18:01:29
ATTN_config_S16_D512_H32_HD64_G2_rms_norm_ROPETrue_UHD2_ap_fixed_16_5_,ok,0,147,2026-10-01 18:01:30
ATTN_config_S16_D512_H32_HD64_G2_rms_norm_ROPEFalse_UHD8_ap_fixed_16_5_,ok,0,150,2026-10-01 18:01:32
ATTN_config_S16_D512_H32_HD64_G2_rms_norm_ROPETrue_UHD1_ap_fixed_16_5_,ok,0,150,2026-10-01 18:01:33
ATTN_config_S16_D512_H32_HD64_G2_layer_norm_ROPETrue_UHD2_ap_fixed_16_5_,ok,0,173,2026-10-01 18:01:35
ATTN_config_S16_D512_H32_HD64_G4_layer_norm_ROPEFalse_UHD4_ap_fixed_16_5_,ok,0,148,2026-10-01 18:01:37
ATTN_config_S16_D512_H32_HD64_G2_layer_norm_ROPETrue_UHD4_ap_fixed_16_5_,ok,0,174,2026-10-01 18:01:37
ATTN_config_S16_D512_H32_HD64_G4_layer_norm_ROPETrue_UHD1_ap_fixed_16_5_,ok,0,147,2026-10-01 18:01:43
ATTN_config_S16_D512_H32_HD64_G4_rms_norm_ROPEFalse_UHD4_ap_fixed_16_5_,ok,0,125,2026-10-01 18:01:45
ATTN_config_S16_D512_H32_HD64_G2_rms_norm_ROPETrue_UHD4_ap_fixed_16_5_,ok,0,178,2026-10-01 18:02:02
ATTN_config_S16_D512_H8_HD16_G1_layer_norm_ROPEFalse_UHD1_ap_fixed_16_5_,ok,0,124,2026-10-01 18:02:02
ATTN_config_S16_D512_H32_HD64_G4_rms_norm_ROPEFalse_UHD8_ap_fixed_16_5_,ok,0,132,2026-10-01 18:02:02
ATTN_config_S16_D512_H32_HD64_G4_rms_norm_ROPEFalse_UHD2_ap_fixed_16_5_,ok,0,146,2026-10-01 18:02:04
ATTN_config_S16_D512_H32_HD64_G2_rms_norm_ROPETrue_UHD8_ap_fixed_16_5_,ok,0,179,2026-10-01 18:02:05
ATTN_config_S16_D512_H32_HD64_G4_layer_norm_ROPEFalse_UHD8_ap_fixed_16_5_,ok,0,173,2026-10-01 18:02:06
ATTN_config_S16_D512_H32_HD64_G2_layer_norm_ROPETrue_UHD8_ap_fixed_16_5_,ok,0,208,2026-10-01 18:02:13
ATTN_config_S16_D512_H8_HD16_G1_layer_norm_ROPEFalse_UHD2_ap_fixed_16_5_,ok,0,133,2026-10-01 18:02:17
ATTN_config_S16_D512_H32_HD64_G4_layer_norm_ROPETrue_UHD4_ap_fixed_16_5_,ok,0,169,2026-10-01 18:02:21
ATTN_config_S16_D512_H32_HD64_G4_rms_norm_ROPETrue_UHD1_ap_fixed_16_5_,ok,0,148,2026-10-01 18:02:22
ATTN_config_S16_D512_H32_HD64_G4_rms_norm_ROPETrue_UHD2_ap_fixed_16_5_,ok,0,148,2026-10-01 18:02:23
ATTN_config_S16_D512_H32_HD64_G4_layer_norm_ROPETrue_UHD2_ap_fixed_16_5_,ok,0,183,2026-10-01 18:02:31
ATTN_config_S16_D512_H8_HD16_G1_layer_norm_ROPEFalse_UHD8_ap_fixed_16_5_,ok,0,143,2026-10-01 18:02:33
ATTN_config_S16_D512_H8_HD16_G1_rms_norm_ROPEFalse_UHD2_ap_fixed_16_5_,ok,0,117,2026-10-01 18:02:33
ATTN_config_S16_D512_H8_HD16_G1_layer_norm_ROPEFalse_UHD4_ap_fixed_16_5_,ok,0,148,2026-10-01 18:02:35
ATTN_config_S16_D512_H8_HD16_G1_rms_norm_ROPEFalse_UHD1_ap_fixed_16_5_,ok,0,125,2026-10-01 18:02:42
ATTN_config_S16_D512_H32_HD64_G4_rms_norm_ROPETrue_UHD8_ap_fixed_16_5_,ok,0,177,2026-10-01 18:02:52
ATTN_config_S16_D512_H32_HD64_G4_rms_norm_ROPETrue_UHD4_ap_fixed_16_5_,ok,0,177,2026-10-01 18:02:53
ATTN_config_S16_D512_H32_HD64_G4_layer_norm_ROPETrue_UHD8_ap_fixed_16_5_,ok,0,199,2026-10-01 18:02:53
ATTN_config_S16_D512_H8_HD16_G1_rms_norm_ROPEFalse_UHD8_ap_fixed_16_5_,ok,0,139,2026-10-01 18:02:56
ATTN_config_S16_D512_H8_HD16_G1_rms_norm_ROPETrue_UHD1_ap_fixed_16_5_,ok,0,139,2026-10-01 18:02:57
ATTN_config_S16_D512_H8_HD16_G1_rms_norm_ROPETrue_UHD2_ap_fixed_16_5_,ok,0,139,2026-10-01 18:02:57
ATTN_config_S16_D512_H8_HD16_G1_rms_norm_ROPEFalse_UHD4_ap_fixed_16_5_,ok,0,140,2026-10-01 18:02:57
ATTN_config_S16_D512_H8_HD16_G1_layer_norm_ROPETrue_UHD2_ap_fixed_16_5_,ok,0,164,2026-10-01 18:02:59
ATTN_config_S16_D512_H8_HD16_G1_layer_norm_ROPETrue_UHD1_ap_fixed_16_5_,ok,0,167,2026-10-01 18:02:59
ATTN_config_S16_D512_H8_HD16_G1_layer_norm_ROPETrue_UHD4_ap_fixed_16_5_,ok,0,163,2026-10-01 18:03:07
ATTN_config_S16_D512_H8_HD16_G2_layer_norm_ROPEFalse_UHD1_ap_fixed_16_5_,ok,0,138,2026-10-01 18:03:08
ATTN_config_S16_D512_H8_HD16_G2_layer_norm_ROPEFalse_UHD2_ap_fixed_16_5_,ok,0,133,2026-10-01 18:03:09
ATTN_config_S16_D512_H8_HD16_G1_rms_norm_ROPETrue_UHD4_ap_fixed_16_5_,ok,0,157,2026-10-01 18:03:20
ATTN_config_S16_D512_H8_HD16_G1_rms_norm_ROPETrue_UHD8_ap_fixed_16_5_,ok,0,150,2026-10-01 18:03:20
ATTN_config_S16_D512_H8_HD16_G2_rms_norm_ROPEFalse_UHD2_ap_fixed_16_5_,ok,0,119,2026-10-01 18:03:21
ATTN_config_S16_D512_H8_HD16_G2_rms_norm_ROPEFalse_UHD1_ap_fixed_16_5_,ok,0,124,2026-10-01 18:03:26
ATTN_config_S16_D512_H8_HD16_G1_layer_norm_ROPETrue_UHD8_ap_fixed_16_5_,ok,0,179,2026-10-01 18:03:26
ATTN_config_S16_D512_H8_HD16_G2_layer_norm_ROPEFalse_UHD8_ap_fixed_16_5_,ok,0,147,2026-10-01 18:03:27
ATTN_config_S16_D512_H8_HD16_G2_layer_norm_ROPETrue_UHD2_ap_fixed_16_5_,ok,0,149,2026-10-01 18:03:37
ATTN_config_S16_D512_H8_HD16_G2_rms_norm_ROPEFalse_UHD8_ap_fixed_16_5_,ok,0,129,2026-10-01 18:03:39
ATTN_config_S16_D512_H8_HD16_G2_layer_norm_ROPETrue_UHD4_ap_fixed_16_5_,ok,0,151,2026-10-01 18:03:40
ATTN_config_S16_D512_H8_HD16_G2_layer_norm_ROPETrue_UHD1_ap_fixed_16_5_,ok,0,160,2026-10-01 18:03:42
ATTN_config_S16_D512_H8_HD16_G2_rms_norm_ROPETrue_UHD2_ap_fixed_16_5_,ok,0,132,2026-10-01 18:03:44
ATTN_config_S16_D512_H8_HD16_G2_layer_norm_ROPEFalse_UHD4_ap_fixed_16_5_,ok,0,169,2026-10-01 18:03:47
ATTN_config_S16_D512_H8_HD16_G2_rms_norm_ROPETrue_UHD1_ap_fixed_16_5_,ok,0,139,2026-10-01 18:03:51
ATTN_config_S16_D512_H8_HD16_G4_layer_norm_ROPEFalse_UHD1_ap_fixed_16_5_,ok,0,138,2026-10-01 18:03:56
ATTN_config_S16_D512_H8_HD16_G4_rms_norm_ROPEFalse_UHD1_ap_fixed_16_5_,ok,0,110,2026-10-01 18:03:56
ATTN_config_S16_D512_H8_HD16_G2_rms_norm_ROPEFalse_UHD4_ap_fixed_16_5_,ok,0,149,2026-10-01 18:03:57
ATTN_config_S16_D512_H8_HD16_G4_layer_norm_ROPEFalse_UHD2_ap_fixed_16_5_,ok,0,137,2026-10-01 18:04:00
ATTN_config_S16_D512_H8_HD16_G4_layer_norm_ROPEFalse_UHD4_ap_fixed_16_5_,ok,0,143,2026-10-01 18:04:08
ATTN_config_S16_D512_H8_HD16_G4_rms_norm_ROPEFalse_UHD2_ap_fixed_16_5_,ok,0,117,2026-10-01 18:04:10
ATTN_config_S16_D512_H8_HD16_G2_rms_norm_ROPETrue_UHD8_ap_fixed_16_5_,ok,0,157,2026-10-01 18:04:14
ATTN_config_S16_D512_H8_HD16_G4_rms_norm_ROPEFalse_UHD4_ap_fixed_16_5_,ok,0,125,2026-10-01 18:04:22
ATTN_config_S16_D512_H8_HD16_G2_layer_norm_ROPETrue_UHD8_ap_fixed_16_5_,ok,0,190,2026-10-01 18:04:24
ATTN_config_S16_D512_H8_HD16_G2_rms_norm_ROPETrue_UHD4_ap_fixed_16_5_,ok,0,178,2026-10-01 18:04:33
ATTN_config_S16_D512_H8_HD16_G4_layer_norm_ROPETrue_UHD1_ap_fixed_16_5_,ok,0,154,2026-10-01 18:04:36
ATTN_config_S16_D512_H8_HD16_G4_layer_norm_ROPEFalse_UHD8_ap_fixed_16_5_,ok,0,155,2026-10-01 18:04:37
ATTN_config_S16_D512_H8_HD16_G4_layer_norm_ROPETrue_UHD4_ap_fixed_16_5_,ok,0,154,2026-10-01 18:04:38
ATTN_config_S16_D512_H8_HD16_G4_layer_norm_ROPETrue_UHD2_ap_fixed_16_5_,ok,0,164,2026-10-01 18:04:46
ATTN_config_S16_D512_H8_HD16_G4_rms_norm_ROPETrue_UHD1_ap_fixed_16_5_,ok,0,144,2026-10-01 18:04:46
ATTN_config_S16_D512_H8_HD16_G4_rms_norm_ROPEFalse_UHD8_ap_fixed_16_5_,ok,0,147,2026-10-01 18:04:48
ATTN_config_S16_D512_H8_HD16_G4_rms_norm_ROPETrue_UHD2_ap_fixed_16_5_,ok,0,151,2026-10-01 18:04:54
ATTN_config_S16_D512_H8_HD32_G1_layer_norm_ROPEFalse_UHD1_ap_fixed_16_5_,ok,0,142,2026-10-01 18:04:55
ATTN_config_S16_D512_H8_HD32_G1_rms_norm_ROPEFalse_UHD1_ap_fixed_16_5_,ok,0,121,2026-10-01 18:04:58
ATTN_config_S16_D512_H8_HD32_G1_layer_norm_ROPEFalse_UHD2_ap_fixed_16_5_,ok,0,144,2026-10-01 18:04:59
ATTN_config_S16_D512_H8_HD16_G4_layer_norm_ROPETrue_UHD8_ap_fixed_16_5_,ok,0,174,2026-10-01 18:05:00
ATTN_config_S16_D512_H8_HD16_G4_rms_norm_ROPETrue_UHD4_ap_fixed_16_5_,ok,0,154,2026-10-01 18:05:05
ATTN_config_S16_D512_H8_HD32_G1_rms_norm_ROPEFalse_UHD4_ap_fixed_16_5_,ok,0,129,2026-10-01 18:05:08
ATTN_config_S16_D512_H8_HD32_G1_layer_norm_ROPEFalse_UHD4_ap_fixed_16_5_,ok,0,148,2026-10-01 18:05:10
ATTN_config_S16_D512_H8_HD16_G4_rms_norm_ROPETrue_UHD8_ap_fixed_16_5_,ok,0,165,2026-10-01 18:05:17
ATTN_config_S16_D512_H8_HD32_G1_rms_norm_ROPEFalse_UHD2_ap_fixed_16_5_,ok,0,145,2026-10-01 18:05:22
ATTN_config_S16_D512_H8_HD32_G1_rms_norm_ROPETrue_UHD1_ap_fixed_16_5_,ok,0,139,2026-10-01 18:05:26
ATTN_config_S16_D512_H8_HD32_G1_layer_norm_ROPETrue_UHD1_ap_fixed_16_5_,ok,0,157,2026-10-01 18:05:29
ATTN_config_S16_D512_H8_HD32_G1_layer_norm_ROPEFalse_UHD8_ap_fixed_16_5_,ok,0,161,2026-10-01 18:05:33
ATTN_config_S16_D512_H8_HD32_G1_layer_norm_ROPETrue_UHD2_ap_fixed_16_5_,ok,0,161,2026-10-01 18:05:34
ATTN_config_S16_D512_H8_HD32_G1_rms_norm_ROPEFalse_UHD8_ap_fixed_16_5_,ok,0,163,2026-10-01 18:05:43
ATTN_config_S16_D512_H8_HD32_G2_layer_norm_ROPEFalse_UHD2_ap_fixed_16_5_,ok,0,145,2026-10-01 18:05:46
ATTN_config_S16_D512_H8_HD32_G1_layer_norm_ROPETrue_UHD8_ap_fixed_16_5_,ok,0,183,2026-10-01 18:06:00
ATTN_config_S16_D512_H8_HD32_G2_layer_norm_ROPEFalse_UHD4_ap_fixed_16_5_,ok,0,156,2026-10-01 18:06:01
ATTN_config_S16_D512_H8_HD32_G1_layer_norm_ROPETrue_UHD4_ap_fixed_16_5_,ok,0,187,2026-10-01 18:06:03
ATTN_config_S16_D512_H8_HD32_G1_rms_norm_ROPETrue_UHD4_ap_fixed_16_5_,ok,0,175,2026-10-01 18:06:05
ATTN_config_S16_D512_H8_HD32_G2_rms_norm_ROPEFalse_UHD4_ap_fixed_16_5_,ok,0,138,2026-10-01 18:06:05
ATTN_config_S16_D512_H8_HD32_G2_rms_norm_ROPEFalse_UHD1_ap_fixed_16_5_,ok,0,143,2026-10-01 18:06:05
ATTN_config_S16_D512_H8_HD32_G1_rms_norm_ROPETrue_UHD2_ap_fixed_16_5_,ok,0,177,2026-10-01 18:06:05
ATTN_config_S16_D512_H8_HD32_G2_layer_norm_ROPEFalse_UHD1_ap_fixed_16_5_,ok,0,167,2026-10-01 18:06:08
ATTN_config_S16_D512_H8_HD32_G2_rms_norm_ROPEFalse_UHD2_ap_fixed_16_5_,ok,0,145,2026-10-01 18:06:09
ATTN_config_S16_D512_H8_HD32_G2_layer_norm_ROPEFalse_UHD8_ap_fixed_16_5_,ok,0,166,2026-10-01 18:06:12
ATTN_config_S16_D512_H8_HD32_G2_rms_norm_ROPEFalse_UHD8_ap_fixed_16_5_,ok,0,144,2026-10-01 18:06:15
ATTN_config_S16_D512_H8_HD32_G2_rms_norm_ROPETrue_UHD1_ap_fixed_16_5_,ok,0,145,2026-10-01 18:06:21
ATTN_config_S16_D512_H8_HD32_G2_rms_norm_ROPETrue_UHD2_ap_fixed_16_5_,ok,0,145,2026-10-01 18:06:21
ATTN_config_S16_D512_H8_HD32_G1_rms_norm_ROPETrue_UHD8_ap_fixed_16_5_,ok,0,183,2026-10-01 18:06:23
ATTN_config_S16_D512_H8_HD32_G2_layer_norm_ROPETrue_UHD1_ap_fixed_16_5_,ok,0,182,2026-10-01 18:06:29
ATTN_config_S16_D512_H8_HD32_G4_rms_norm_ROPEFalse_UHD1_ap_fixed_16_5_,ok,0,120,2026-10-01 18:06:38
ATTN_config_S16_D512_H8_HD32_G4_layer_norm_ROPEFalse_UHD2_ap_fixed_16_5_,ok,0,148,2026-10-01 18:06:38
ATTN_config_S16_D512_H8_HD32_G4_layer_norm_ROPEFalse_UHD1_ap_fixed_16_5_,ok,0,152,2026-10-01 18:06:40
ATTN_config_S16_D512_H8_HD32_G2_rms_norm_ROPETrue_UHD4_ap_fixed_16_5_,ok,0,166,2026-10-01 18:06:43
ATTN_config_S16_D512_H8_HD32_G2_layer_norm_ROPETrue_UHD4_ap_fixed_16_5_,ok,0,189,2026-10-01 18:06:48
ATTN_config_S16_D512_H8_HD32_G2_layer_norm_ROPETrue_UHD8_ap_fixed_16_5_,ok,0,189,2026-10-01 18:06:49
ATTN_config_S16_D512_H8_HD32_G2_layer_norm_ROPETrue_UHD2_ap_fixed_16_5_,ok,0,195,2026-10-01 18:06:52
ATTN_config_S16_D512_H8_HD32_G2_rms_norm_ROPETrue_UHD8_ap_fixed_16_5_,ok,0,173,2026-10-01 18:06:53
ATTN_config_S16_D512_H8_HD32_G4_layer_norm_ROPEFalse_UHD4_ap_fixed_16_5_,ok,0,163,2026-10-01 18:06:57
ATTN_config_S16_D512_H8_HD32_G4_rms_norm_ROPEFalse_UHD2_ap_fixed_16_5_,ok,0,133,2026-10-01 18:06:59
ATTN_config_S16_D512_H8_HD32_G4_rms_norm_ROPEFalse_UHD8_ap_fixed_16_5_,ok,0,144,2026-10-01 18:07:13
ATTN_config_S16_D512_H8_HD32_G4_rms_norm_ROPEFalse_UHD4_ap_fixed_16_5_,ok,0,146,2026-10-01 18:07:13
ATTN_config_S16_D512_H8_HD32_G4_layer_norm_ROPETrue_UHD1_ap_fixed_16_5_,ok,0,172,2026-10-01 18:07:16
ATTN_config_S16_D512_H8_HD64_G1_layer_norm_ROPEFalse_UHD2_ap_fixed_16_5_,ok,0,136,2026-10-01 18:07:21
ATTN_config_S16_D512_H8_HD32_G4_rms_norm_ROPETrue_UHD2_ap_fixed_16_5_,ok,0,146,2026-10-01 18:07:21
ATTN_config_S16_D512_H8_HD32_G4_layer_norm_ROPEFalse_UHD8_ap_fixed_16_5_,ok,0,181,2026-10-01 18:07:23
ATTN_config_S16_D512_H8_HD32_G4_layer_norm_ROPETrue_UHD4_ap_fixed_16_5_,ok,0,172,2026-10-01 18:07:28
ATTN_config_S16_D512_H8_HD64_G1_layer_norm_ROPEFalse_UHD4_ap_fixed_16_5_,ok,0,140,2026-10-01 18:07:28
ATTN_config_S16_D512_H8_HD64_G1_rms_norm_ROPEFalse_UHD1_ap_fixed_16_5_,ok,0,119,2026-10-01 18:07:32
ATTN_config_S16_D512_H8_HD64_G1_rms_norm_ROPEFalse_UHD2_ap_fixed_16_5_,ok,0,120,2026-10-01 18:07:34
ATTN_config_S16_D512_H8_HD32_G4_layer_norm_ROPETrue_UHD8_ap_fixed_16_5_,ok,0,178,2026-10-01 18:07:35
ATTN_config_S16_D512_H8_HD32_G4_rms_norm_ROPETrue_UHD1_ap_fixed_16_5_,ok,0,161,2026-10-01 18:07:35
ATTN_config_S16_D512_H8_HD32_G4_rms_norm_ROPETrue_UHD4_ap_fixed_16_5_,ok,0,159,2026-10-01 18:07:37
ATTN_config_S16_D512_H8_HD32_G4_layer_norm_ROPETrue_UHD2_ap_fixed_16_5_,ok,0,184,2026-10-01 18:07:37
ATTN_config_S16_D512_H8_HD64_G1_layer_norm_ROPEFalse_UHD1_ap_fixed_16_5_,ok,0,160,2026-10-01 18:07:40
ATTN_config_S16_D512_H8_HD64_G1_rms_norm_ROPEFalse_UHD4_ap_fixed_16_5_,ok,0,126,2026-10-01 18:07:49
ATTN_config_S16_D512_H8_HD32_G4_rms_norm_ROPETrue_UHD8_ap_fixed_16_5_,ok,0,174,2026-10-01 18:07:53
ATTN_config_S16_D512_H8_HD64_G1_layer_norm_ROPEFalse_UHD8_ap_fixed_16_5_,ok,0,166,2026-10-01 18:07:56
ATTN_config_S16_D512_H8_HD64_G1_rms_norm_ROPEFalse_UHD8_ap_fixed_16_5_,ok,0,131,2026-10-01 18:07:58
ATTN_config_S16_D512_H8_HD64_G1_layer_norm_ROPETrue_UHD1_ap_fixed_16_5_,ok,0,161,2026-10-01 18:07:58
ATTN_config_S16_D512_H8_HD64_G1_layer_norm_ROPETrue_UHD2_ap_fixed_16_5_,ok,0,169,2026-10-01 18:08:11
ATTN_config_S16_D512_H8_HD64_G2_rms_norm_ROPEFalse_UHD1_ap_fixed_16_5_,ok,0,113,2026-10-01 18:08:14
ATTN_config_S16_D512_H8_HD64_G2_layer_norm_ROPEFalse_UHD1_ap_fixed_16_5_,ok,0,136,2026-10-01 18:08:21
ATTN_config_S16_D512_H8_HD64_G1_rms_norm_ROPETrue_UHD2_ap_fixed_16_5_,ok,0,143,2026-10-01 18:08:25
ATTN_config_S16_D512_H8_HD64_G1_rms_norm_ROPETrue_UHD1_ap_fixed_16_5_,ok,0,145,2026-10-01 18:08:25
ATTN_config_S16_D512_H8_HD64_G2_rms_norm_ROPEFalse_UHD2_ap_fixed_16_5_,ok,0,126,2026-10-01 18:08:29
ATTN_config_S16_D512_H8_HD64_G1_rms_norm_ROPETrue_UHD4_ap_fixed_16_5_,ok,0,150,2026-10-01 18:08:33
ATTN_config_S16_D512_H8_HD64_G1_layer_norm_ROPETrue_UHD8_ap_fixed_16_5_,ok,0,184,2026-10-01 18:08:34
ATTN_config_S16_D512_H8_HD64_G1_layer_norm_ROPETrue_UHD4_ap_fixed_16_5_,ok,0,188,2026-10-01 18:08:34
ATTN_config_S16_D512_H8_HD64_G2_rms_norm_ROPEFalse_UHD4_ap_fixed_16_5_,ok,0,127,2026-10-01 18:08:37
ATTN_config_S16_D512_H8_HD64_G2_layer_norm_ROPEFalse_UHD2_ap_fixed_16_5_,ok,0,155,2026-10-01 18:08:39
ATTN_config_S16_D512_H8_HD64_G2_layer_norm_ROPEFalse_UHD4_ap_fixed_16_5_,ok,0,157,2026-10-01 18:08:42
ATTN_config_S16_D512_H8_HD64_G1_rms_norm_ROPETrue_UHD8_ap_fixed_16_5_,ok,0,159,2026-10-01 18:08:43
ATTN_config_S16_D512_H8_HD64_G2_layer_norm_ROPETrue_UHD2_ap_fixed_16_5_,ok,0,155,2026-10-01 18:08:47
ATTN_config_S16_D512_H8_HD64_G2_layer_norm_ROPETrue_UHD1_ap_fixed_16_5_,ok,0,158,2026-10-01 18:08:47
ATTN_config_S16_D512_H8_HD64_G2_rms_norm_ROPETrue_UHD1_ap_fixed_16_5_,ok,0,140,2026-10-01 18:08:58
ATTN_config_S16_D512_H8_HD64_G4_layer_norm_ROPEFalse_UHD1_ap_fixed_16_5_,ok,0,130,2026-10-01 18:08:58
ATTN_config_S16_D512_H8_HD64_G2_layer_norm_ROPEFalse_UHD8_ap_fixed_16_5_,ok,0,174,2026-10-01 18:09:02
ATTN_config_S16_D512_H8_HD64_G2_layer_norm_ROPETrue_UHD4_ap_fixed_16_5_,ok,0,166,2026-10-01 18:09:02
ATTN_config_S16_D512_H8_HD64_G2_rms_norm_ROPETrue_UHD2_ap_fixed_16_5_,ok,0,143,2026-10-01 18:09:03
ATTN_config_S16_D512_H8_HD64_G2_layer_norm_ROPETrue_UHD8_ap_fixed_16_5_,ok,0,163,2026-10-01 18:09:04
ATTN_config_S16_D512_H8_HD64_G2_rms_norm_ROPEFalse_UHD8_ap_fixed_16_5_,ok,0,148,2026-10-01 18:09:05
ATTN_config_S16_D512_H8_HD64_G4_layer_norm_ROPEFalse_UHD4_ap_fixed_16_5_,ok,0,133,2026-10-01 18:09:06
ATTN_config_S16_D512_H8_HD64_G2_rms_norm_ROPETrue_UHD4_ap_fixed_16_5_,ok,0,147,2026-10-01 18:09:10
ATTN_config_S16_D512_H8_HD64_G4_layer_norm_ROPEFalse_UHD2_ap_fixed_16_5_,ok,0,139,2026-10-01 18:09:11
ATTN_config_S16_D512_H8_HD64_G4_rms_norm_ROPEFalse_UHD2_ap_fixed_16_5_,ok,0,110,2026-10-01 18:09:11
ATTN_config_S16_D512_H8_HD64_G4_rms_norm_ROPEFalse_UHD1_ap_fixed_16_5_,ok,0,115,2026-10-01 18:09:16
ATTN_config_S16_D512_H8_HD64_G2_rms_norm_ROPETrue_UHD8_ap_fixed_16_5_,ok,0,154,2026-10-01 18:09:22
ATTN_config_S16_D512_H8_HD64_G4_layer_norm_ROPEFalse_UHD8_ap_fixed_16_5_,ok,0,146,2026-10-01 18:09:22
ATTN_config_S16_D512_H8_HD64_G4_layer_norm_ROPETrue_UHD1_ap_fixed_16_5_,ok,0,151,2026-10-01 18:09:30
ATTN_config_S16_D512_H8_HD64_G4_rms_norm_ROPEFalse_UHD8_ap_fixed_16_5_,ok,0,123,2026-10-01 18:09:31
ATTN_config_S16_D512_H8_HD64_G4_rms_norm_ROPEFalse_UHD4_ap_fixed_16_5_,ok,0,130,2026-10-01 18:09:33
ATTN_config_S16_D512_H8_HD64_G4_layer_norm_ROPETrue_UHD2_ap_fixed_16_5_,ok,0,144,2026-10-01 18:09:36
ATTN_config_S16_D512_H8_HD64_G4_rms_norm_ROPETrue_UHD1_ap_fixed_16_5_,ok,0,130,2026-10-01 18:09:38
ATTN_config_S16_D512_H8_HD64_G4_layer_norm_ROPETrue_UHD4_ap_fixed_16_5_,ok,0,149,2026-10-01 18:09:41
ATTN_config_S16_D512_H8_HD64_G4_rms_norm_ROPETrue_UHD2_ap_fixed_16_5_,ok,0,133,2026-10-01 18:09:45
ATTN_config_S32_D128_H16_HD16_G1_rms_norm_ROPEFalse_UHD1_ap_fixed_16_5_,ok,0,107,2026-10-01 18:09:45
ATTN_config_S32_D128_H16_HD16_G1_layer_norm_ROPEFalse_UHD1_ap_fixed_16_5_,ok,0,132,2026-10-01 18:09:48
ATTN_config_S32_D128_H16_HD16_G1_layer_norm_ROPEFalse_UHD4_ap_fixed_16_5_,ok,0,139,2026-10-01 18:09:56
ATTN_config_S32_D128_H16_HD16_G1_layer_norm_ROPEFalse_UHD2_ap_fixed_16_5_,ok,0,144,2026-10-01 18:10:00
ATTN_config_S32_D128_H16_HD16_G1_rms_norm_ROPEFalse_UHD2_ap_fixed_16_5_,ok,0,113,2026-10-01 18:10:04
ATTN_config_S16_D512_H8_HD64_G4_rms_norm_ROPETrue_UHD4_ap_fixed_16_5_,ok,0,151,2026-10-01 18:10:05
ATTN_config_S16_D512_H8_HD64_G4_rms_norm_ROPETrue_UHD8_ap_fixed_16_5_,ok,0,152,2026-10-01 18:10:07
ATTN_config_S32_D128_H16_HD16_G1_layer_norm_ROPETrue_UHD1_ap_fixed_16_5_,ok,0,144,2026-10-01 18:10:12
ATTN_config_S32_D128_H16_HD16_G1_layer_norm_ROPETrue_UHD2_ap_fixed_16_5_,ok,0,145,2026-10-01 18:10:18
ATTN_config_S16_D512_H8_HD64_G4_layer_norm_ROPETrue_UHD8_ap_fixed_16_5_,ok,0,189,2026-10-01 18:10:25
ATTN_config_S32_D128_H16_HD16_G1_rms_norm_ROPETrue_UHD1_ap_fixed_16_5_,ok,0,121,2026-10-01 18:10:26
ATTN_config_S32_D128_H16_HD16_G1_layer_norm_ROPEFalse_UHD8_ap_fixed_16_5_,ok,0,166,2026-10-01 18:10:26
ATTN_config_S32_D128_H16_HD16_G1_rms_norm_ROPEFalse_UHD4_ap_fixed_16_5_,ok,0,136,2026-10-01 18:10:30
ATTN_config_S32_D128_H16_HD16_G2_layer_norm_ROPEFalse_UHD1_ap_fixed_16_5_,ok,0,118,2026-10-01 18:10:32
ATTN_config_S32_D128_H16_HD16_G2_layer_norm_ROPEFalse_UHD2_ap_fixed_16_5_,ok,0,126,2026-10-01 18:10:40
ATTN_config_S32_D128_H16_HD16_G2_rms_norm_ROPEFalse_UHD1_ap_fixed_16_5_,ok,0,106,2026-10-01 18:10:44
ATTN_config_S32_D128_H16_HD16_G1_rms_norm_ROPETrue_UHD2_ap_fixed_16_5_,ok,0,143,2026-10-01 18:10:47
ATTN_config_S32_D128_H16_HD16_G1_rms_norm_ROPEFalse_UHD8_ap_fixed_16_5_,ok,0,157,2026-10-01 18:10:58
ATTN_config_S32_D128_H16_HD16_G1_rms_norm_ROPETrue_UHD4_ap_fixed_16_5_,ok,0,149,2026-10-01 18:10:58
ATTN_config_S32_D128_H16_HD16_G2_rms_norm_ROPEFalse_UHD2_ap_fixed_16_5_,ok,0,125,2026-10-01 18:11:04
ATTN_config_S32_D128_H16_HD16_G2_layer_norm_ROPETrue_UHD1_ap_fixed_16_5_,ok,0,142,2026-10-01 18:11:04
ATTN_config_S32_D128_H16_HD16_G2_rms_norm_ROPEFalse_UHD4_ap_fixed_16_5_,ok,0,128,2026-10-01 18:11:10
ATTN_config_S32_D128_H16_HD16_G1_layer_norm_ROPETrue_UHD4_ap_fixed_16_5_,ok,0,194,2026-10-01 18:11:10
ATTN_config_S32_D128_H16_HD16_G2_layer_norm_ROPEFalse_UHD4_ap_fixed_16_5_,ok,0,154,2026-10-01 18:11:10
ATTN_config_S32_D128_H16_HD16_G2_rms_norm_ROPETrue_UHD1_ap_fixed_16_5_,ok,0,129,2026-10-01 18:11:12
ATTN_config_S32_D128_H16_HD16_G4_layer_norm_ROPEFalse_UHD1_ap_fixed_16_5_,ok,0,125,2026-10-01 18:11:14
ATTN_config_S32_D128_H16_HD16_G2_layer_norm_ROPETrue_UHD2_ap_fixed_16_5_,ok,0,153,2026-10-01 18:11:16
ATTN_config_S32_D128_H16_HD16_G4_layer_norm_ROPEFalse_UHD2_ap_fixed_16_5_,ok,0,130,2026-10-01 18:11:21
ATTN_config_S32_D128_H16_HD16_G4_rms_norm_ROPEFalse_UHD1_ap_fixed_16_5_,ok,0,110,2026-10-01 18:11:23
ATTN_config_S32_D128_H16_HD16_G2_rms_norm_ROPETrue_UHD2_ap_fixed_16_5_,ok,0,139,2026-10-01 18:11:23
ATTN_config_S32_D128_H16_HD16_G2_layer_norm_ROPEFalse_UHD8_ap_fixed_16_5_,ok,0,164,2026-10-01 18:11:24
ATTN_config_S32_D128_H16_HD16_G2_rms_norm_ROPEFalse_UHD8_ap_fixed_16_5_,ok,0,146,2026-10-01 18:11:28
ATTN_config_S32_D128_H16_HD16_G4_rms_norm_ROPEFalse_UHD2_ap_fixed_16_5_,ok,0,118,2026-10-01 18:11:34
ATTN_config_S32_D128_H16_HD16_G4_layer_norm_ROPEFalse_UHD4_ap_fixed_16_5_,ok,0,143,2026-10-01 18:11:35
ATTN_config_S32_D128_H16_HD16_G2_rms_norm_ROPETrue_UHD4_ap_fixed_16_5_,ok,0,152,2026-10-01 18:11:37
ATTN_config_S32_D128_H16_HD16_G2_layer_norm_ROPETrue_UHD4_ap_fixed_16_5_,ok,0,178,2026-10-01 18:11:45
ATTN_config_S32_D128_H16_HD16_G1_rms_norm_ROPETrue_UHD8_ap_fixed_16_5_,ok,0,198,2026-10-01 18:11:51
ATTN_config_S32_D128_H16_HD16_G4_layer_norm_ROPETrue_UHD1_ap_fixed_16_5_,ok,0,150,2026-10-01 18:11:52
ATTN_config_S32_D128_H16_HD16_G4_layer_norm_ROPEFalse_UHD8_ap_fixed_16_5_,ok,0,160,2026-10-01 18:11:56
ATTN_config_S32_D128_H16_HD16_G4_rms_norm_ROPETrue_UHD1_ap_fixed_16_5_,ok,0,134,2026-10-01 18:11:58
ATTN_config_S32_D128_H16_HD16_G1_layer_norm_ROPETrue_UHD8_ap_fixed_16_5_,ok,0,242,2026-10-01 18:12:00
ATTN_config_S32_D128_H16_HD16_G4_rms_norm_ROPEFalse_UHD4_ap_fixed_16_5_,ok,0,141,2026-10-01 18:12:00
ATTN_config_S32_D128_H16_HD32_G1_layer_norm_ROPEFalse_UHD1_ap_fixed_16_5_,ok,0,122,2026-10-01 18:12:03
ATTN_config_S32_D128_H16_HD16_G4_layer_norm_ROPETrue_UHD2_ap_fixed_16_5_,ok,0,162,2026-10-01 18:12:04
ATTN_config_S32_D128_H16_HD16_G4_rms_norm_ROPEFalse_UHD8_ap_fixed_16_5_,ok,0,146,2026-10-01 18:12:08
ATTN_config_S32_D128_H16_HD32_G1_layer_norm_ROPEFalse_UHD2_ap_fixed_16_5_,ok,0,128,2026-10-01 18:12:12
ATTN_config_S32_D128_H16_HD16_G4_rms_norm_ROPETrue_UHD2_ap_fixed_16_5_,ok,0,149,2026-10-01 18:12:15
ATTN_config_S32_D128_H16_HD32_G1_rms_norm_ROPEFalse_UHD1_ap_fixed_16_5_,ok,0,111,2026-10-01 18:12:17
ATTN_config_S32_D128_H16_HD16_G2_rms_norm_ROPETrue_UHD8_ap_fixed_16_5_,ok,0,194,2026-10-01 18:12:20
ATTN_config_S32_D128_H16_HD16_G4_layer_norm_ROPETrue_UHD4_ap_fixed_16_5_,ok,0,172,2026-10-01 18:12:23
ATTN_config_S32_D128_H16_HD32_G1_layer_norm_ROPEFalse_UHD4_ap_fixed_16_5_,ok,0,141,2026-10-01 18:12:26
ATTN_config_S32_D128_H16_HD16_G4_rms_norm_ROPETrue_UHD4_ap_fixed_16_5_,ok,0,162,2026-10-01 18:12:30
ATTN_config_S32_D128_H16_HD16_G2_layer_norm_ROPETrue_UHD8_ap_fixed_16_5_,ok,0,224,2026-10-01 18:12:31
ATTN_config_S32_D128_H16_HD32_G1_rms_norm_ROPEFalse_UHD2_ap_fixed_16_5_,ok,0,123,2026-10-01 18:12:33
ATTN_config_S32_D128_H16_HD32_G1_rms_norm_ROPETrue_UHD1_ap_fixed_16_5_,ok,0,113,2026-10-01 18:12:37
ATTN_config_S32_D128_H16_HD32_G1_layer_norm_ROPEFalse_UHD8_ap_fixed_16_5_,ok,0,150,2026-10-01 18:12:37
ATTN_config_S32_D128_H16_HD32_G1_layer_norm_ROPETrue_UHD2_ap_fixed_16_5_,ok,0,139,2026-10-01 18:12:37
ATTN_config_S32_D128_H16_HD32_G1_rms_norm_ROPEFalse_UHD4_ap_fixed_16_5_,ok,0,126,2026-10-01 18:12:38
ATTN_config_S32_D128_H16_HD32_G1_rms_norm_ROPETrue_UHD2_ap_fixed_16_5_,ok,0,122,2026-10-01 18:12:49
ATTN_config_S32_D128_H16_HD32_G1_layer_norm_ROPETrue_UHD1_ap_fixed_16_5_,ok,0,161,2026-10-01 18:12:54
ATTN_config_S32_D128_H16_HD32_G1_layer_norm_ROPETrue_UHD4_ap_fixed_16_5_,ok,0,151,2026-10-01 18:12:56
ATTN_config_S32_D128_H16_HD32_G1_rms_norm_ROPEFalse_UHD8_ap_fixed_16_5_,ok,0,138,2026-10-01 18:12:58
ATTN_config_S32_D128_H16_HD32_G2_layer_norm_ROPEFalse_UHD2_ap_fixed_16_5_,ok,0,115,2026-10-01 18:12:59
ATTN_config_S32_D128_H16_HD32_G2_layer_norm_ROPEFalse_UHD1_ap_fixed_16_5_,ok,0,118,2026-10-01 18:13:02
ATTN_config_S32_D128_H16_HD32_G2_rms_norm_ROPEFalse_UHD1_ap_fixed_16_5_,ok,0,103,2026-10-01 18:13:03
ATTN_config_S32_D128_H16_HD16_G4_rms_norm_ROPETrue_UHD8_ap_fixed_16_5_,ok,0,189,2026-10-01 18:13:05
ATTN_config_S32_D128_H16_HD32_G2_rms_norm_ROPEFalse_UHD4_ap_fixed_16_5_,ok,0,120,2026-10-01 18:13:23
ATTN_config_S32_D128_H16_HD32_G2_rms_norm_ROPEFalse_UHD2_ap_fixed_16_5_,ok,0,123,2026-10-01 18:13:26
ATTN_config_S32_D128_H16_HD16_G4_layer_norm_ROPETrue_UHD8_ap_fixed_16_5_,ok,0,237,2026-10-01 18:13:28
ATTN_config_S32_D128_H16_HD32_G2_rms_norm_ROPEFalse_UHD8_ap_fixed_16_5_,ok,0,130,2026-10-01 18:13:34
ATTN_config_S32_D128_H16_HD32_G2_layer_norm_ROPETrue_UHD1_ap_fixed_16_5_,ok,0,144,2026-10-01 18:13:34
ATTN_config_S32_D128_H16_HD32_G1_rms_norm_ROPETrue_UHD4_ap_fixed_16_5_,ok,0,157,2026-10-01 18:13:34
ATTN_config_S32_D128_H16_HD32_G2_rms_norm_ROPETrue_UHD1_ap_fixed_16_5_,ok,0,132,2026-10-01 18:13:40
ATTN_config_S32_D128_H16_HD32_G2_layer_norm_ROPEFalse_UHD4_ap_fixed_16_5_,ok,0,153,2026-10-01 18:13:43
ATTN_config_S32_D128_H16_HD32_G2_layer_norm_ROPEFalse_UHD8_ap_fixed_16_5_,ok,0,155,2026-10-01 18:13:44
ATTN_config_S32_D128_H16_HD32_G2_rms_norm_ROPETrue_UHD2_ap_fixed_16_5_,ok,0,141,2026-10-01 18:13:55
ATTN_config_S32_D128_H16_HD32_G2_layer_norm_ROPETrue_UHD2_ap_fixed_16_5_,ok,0,164,2026-10-01 18:13:55
ATTN_config_S32_D128_H16_HD32_G4_rms_norm_ROPEFalse_UHD1_ap_fixed_16_5_,ok,0,114,2026-10-01 18:13:59
ATTN_config_S32_D128_H16_HD32_G4_layer_norm_ROPEFalse_UHD1_ap_fixed_16_5_,ok,0,135,2026-10-01 18:14:00
ATTN_config_S32_D128_H16_HD32_G4_rms_norm_ROPEFalse_UHD2_ap_fixed_16_5_,ok,0,121,2026-10-01 18:14:08
ATTN_config_S32_D128_H16_HD32_G1_layer_norm_ROPETrue_UHD8_ap_fixed_16_5_,ok,0,223,2026-10-01 18:14:09
ATTN_config_S32_D128_H16_HD32_G4_layer_norm_ROPEFalse_UHD2_ap_fixed_16_5_,ok,0,138,2026-10-01 18:14:09
ATTN_config_S32_D128_H16_HD32_G4_layer_norm_ROPEFalse_UHD4_ap_fixed_16_5_,ok,0,139,2026-10-01 18:14:11
ATTN_config_S32_D128_H16_HD32_G2_layer_norm_ROPETrue_UHD4_ap_fixed_16_5_,ok,0,179,2026-10-01 18:14:13
ATTN_config_S32_D128_H16_HD32_G2_rms_norm_ROPETrue_UHD4_ap_fixed_16_5_,ok,0,162,2026-10-01 18:14:17
ATTN_config_S32_D128_H16_HD32_G1_rms_norm_ROPETrue_UHD8_ap_fixed_16_5_,ok,0,206,2026-10-01 18:14:24
ATTN_config_S32_D128_H16_HD32_G4_rms_norm_ROPEFalse_UHD4_ap_fixed_16_5_,ok,0,135,2026-10-01 18:14:28
ATTN_config_S32_D128_H16_HD32_G4_rms_norm_ROPETrue_UHD1_ap_fixed_16_5_,ok,0,137,2026-10-01 18:14:34
ATTN_config_S32_D128_H16_HD32_G4_layer_norm_ROPETrue_UHD1_ap_fixed_16_5_,ok,0,158,2026-10-01 18:14:37
ATTN_config_S32_D128_H16_HD32_G4_layer_norm_ROPETrue_UHD2_ap_fixed_16_5_,ok,0,161,2026-10-01 18:14:41
ATTN_config_S32_D128_H16_HD64_G1_layer_norm_ROPEFalse_UHD2_ap_fixed_16_5_,ok,0,131,2026-10-01 18:14:41
ATTN_config_S32_D128_H16_HD32_G4_layer_norm_ROPEFalse_UHD8_ap_fixed_16_5_,ok,0,166,2026-10-01 18:14:42
ATTN_config_S32_D128_H16_HD64_G1_rms_norm_ROPEFalse_UHD1_ap_fixed_16_5_,ok,0,112,2026-10-01 18:14:46
ATTN_config_S32_D128_H16_HD64_G1_layer_norm_ROPEFalse_UHD1_ap_fixed_16_5_,ok,0,143,2026-10-01 18:14:53
ATTN_config_S32_D128_H16_HD32_G2_rms_norm_ROPETrue_UHD8_ap_fixed_16_5_,ok,0,198,2026-10-01 18:14:55
ATTN_config_S32_D128_H16_HD64_G1_rms_norm_ROPEFalse_UHD2_ap_fixed_16_5_,ok,0,120,2026-10-01 18:14:56
ATTN_config_S32_D128_H16_HD32_G4_rms_norm_ROPETrue_UHD2_ap_fixed_16_5_,ok,0,159,2026-10-01 18:14:59
ATTN_config_S32_D128_H16_HD32_G4_rms_norm_ROPEFalse_UHD8_ap_fixed_16_5_,ok,0,165,2026-10-01 18:15:00
ATTN_config_S32_D128_H16_HD32_G4_layer_norm_ROPETrue_UHD4_ap_fixed_16_5_,ok,0,181,2026-10-01 18:15:01
ATTN_config_S32_D128_H16_HD32_G2_layer_norm_ROPETrue_UHD8_ap_fixed_16_5_,ok,0,228,2026-10-01 18:15:05
ATTN_config_S32_D128_H16_HD32_G4_rms_norm_ROPETrue_UHD4_ap_fixed_16_5_,ok,0,164,2026-10-01 18:15:07
ATTN_config_S32_D128_H16_HD64_G1_layer_norm_ROPETrue_UHD1_ap_fixed_16_5_,ok,0,154,2026-10-01 18:15:11
ATTN_config_S32_D128_H16_HD64_G1_rms_norm_ROPEFalse_UHD4_ap_fixed_16_5_,ok,0,135,2026-10-01 18:15:13
ATTN_config_S32_D128_H16_HD64_G1_rms_norm_ROPETrue_UHD1_ap_fixed_16_5_,ok,0,134,2026-10-01 18:15:17
ATTN_config_S32_D128_H16_HD64_G1_layer_norm_ROPEFalse_UHD4_ap_fixed_16_5_,ok,0,167,2026-10-01 18:15:20
ATTN_config_S32_D128_H16_HD64_G1_layer_norm_ROPEFalse_UHD8_ap_fixed_16_5_,ok,0,167,2026-10-01 18:15:23
ATTN_config_S32_D128_H16_HD64_G1_rms_norm_ROPEFalse_UHD8_ap_fixed_16_5_,ok,0,149,2026-10-01 18:15:29
ATTN_config_S32_D128_H16_HD64_G1_layer_norm_ROPETrue_UHD2_ap_fixed_16_5_,ok,0,175,2026-10-01 18:15:33
ATTN_config_S32_D128_H16_HD64_G2_layer_norm_ROPEFalse_UHD1_ap_fixed_16_5_,ok,0,127,2026-10-01 18:15:33
ATTN_config_S32_D128_H16_HD64_G1_layer_norm_ROPETrue_UHD4_ap_fixed_16_5_,ok,0,182,2026-10-01 18:15:40
ATTN_config_S32_D128_H16_HD64_G1_rms_norm_ROPETrue_UHD2_ap_fixed_16_5_,ok,0,157,2026-10-01 18:15:40
ATTN_config_S32_D128_H16_HD64_G2_rms_norm_ROPEFalse_UHD1_ap_fixed_16_5_,ok,0,115,2026-10-01 18:15:50
ATTN_config_S32_D128_H16_HD32_G4_layer_norm_ROPETrue_UHD8_ap_fixed_16_5_,ok,0,228,2026-10-01 18:15:51
ATTN_config_S32_D128_H16_HD64_G2_layer_norm_ROPEFalse_UHD2_ap_fixed_16_5_,ok,0,143,2026-10-01 18:15:51
ATTN_config_S32_D128_H16_HD32_G4_rms_norm_ROPETrue_UHD8_ap_fixed_16_5_,ok,0,211,2026-10-01 18:15:57
ATTN_config_S32_D128_H16_HD64_G2_rms_norm_ROPEFalse_UHD2_ap_fixed_16_5_,ok,0,122,2026-10-01 18:15:58
ATTN_config_S32_D128_H16_HD64_G1_rms_norm_ROPETrue_UHD4_ap_fixed_16_5_,ok,0,173,2026-10-01 18:15:58
ATTN_config_S32_D128_H16_HD64_G2_layer_norm_ROPEFalse_UHD4_ap_fixed_16_5_,ok,0,146,2026-10-01 18:16:00
ATTN_config_S32_D128_H16_HD64_G2_rms_norm_ROPEFalse_UHD4_ap_fixed_16_5_,ok,0,133,2026-10-01 18:16:11
ATTN_config_S32_D128_H16_HD64_G2_layer_norm_ROPETrue_UHD1_ap_fixed_16_5_,ok,0,165,2026-10-01 18:16:20
ATTN_config_S32_D128_H16_HD64_G2_layer_norm_ROPEFalse_UHD8_ap_fixed_16_5_,ok,0,172,2026-10-01 18:16:26
ATTN_config_S32_D128_H16_HD64_G1_layer_norm_ROPETrue_UHD8_ap_fixed_16_5_,ok,0,218,2026-10-01 18:16:27
ATTN_config_S32_D128_H16_HD64_G2_layer_norm_ROPETrue_UHD2_ap_fixed_16_5_,ok,0,169,2026-10-01 18:16:29
ATTN_config_S32_D128_H16_HD64_G2_rms_norm_ROPEFalse_UHD8_ap_fixed_16_5_,ok,0,149,2026-10-01 18:16:29
ATTN_config_S32_D128_H16_HD64_G4_layer_norm_ROPEFalse_UHD1_ap_fixed_16_5_,ok,0,142,2026-10-01 18:16:36
ATTN_config_S32_D128_H16_HD64_G4_layer_norm_ROPEFalse_UHD2_ap_fixed_16_5_,ok,0,141,2026-10-01 18:16:37
ATTN_config_S32_D128_H16_HD64_G2_rms_norm_ROPETrue_UHD1_ap_fixed_16_5_,ok,0,150,2026-10-01 18:16:38
ATTN_config_S32_D128_H16_HD64_G4_rms_norm_ROPEFalse_UHD1_ap_fixed_16_5_,ok,0,116,2026-10-01 18:16:38
ATTN_config_S32_D128_H16_HD64_G4_rms_norm_ROPEFalse_UHD2_ap_fixed_16_5_,ok,0,119,2026-10-01 18:16:45
ATTN_config_S32_D128_H16_HD64_G1_rms_norm_ROPETrue_UHD8_ap_fixed_16_5_,ok,0,203,2026-10-01 18:16:46
ATTN_config_S32_D128_H16_HD64_G2_layer_norm_ROPETrue_UHD4_ap_fixed_16_5_,ok,0,186,2026-10-01 18:16:49
ATTN_config_S32_D128_H16_HD64_G2_rms_norm_ROPETrue_UHD2_ap_fixed_16_5_,ok,0,161,2026-10-01 18:16:50
ATTN_config_S32_D128_H16_HD64_G4_layer_norm_ROPEFalse_UHD4_ap_fixed_16_5_,ok,0,153,2026-10-01 18:16:57
ATTN_config_S32_D128_H16_HD64_G4_rms_norm_ROPEFalse_UHD4_ap_fixed_16_5_,ok,0,131,2026-10-01 18:17:04
ATTN_config_S32_D128_H16_HD64_G2_rms_norm_ROPETrue_UHD4_ap_fixed_16_5_,ok,0,177,2026-10-01 18:17:06
ATTN_config_S32_D128_H16_HD64_G4_layer_norm_ROPEFalse_UHD8_ap_fixed_16_5_,ok,0,164,2026-10-01 18:17:12
ATTN_config_S32_D128_H16_HD64_G4_layer_norm_ROPETrue_UHD1_ap_fixed_16_5_,ok,0,161,2026-10-01 18:17:15
ATTN_config_S32_D128_H16_HD64_G4_rms_norm_ROPETrue_UHD1_ap_fixed_16_5_,ok,0,148,2026-10-01 18:17:24
ATTN_config_S32_D128_H16_HD64_G4_layer_norm_ROPETrue_UHD2_ap_fixed_16_5_,ok,0,169,2026-10-01 18:17:26
ATTN_config_S32_D128_H16_HD64_G4_rms_norm_ROPETrue_UHD2_ap_fixed_16_5_,ok,0,149,2026-10-01 18:17:27
ATTN_config_S32_D128_H32_HD16_G1_layer_norm_ROPEFalse_UHD1_ap_fixed_16_5_,ok,0,146,2026-10-01 18:17:30
ATTN_config_S32_D128_H32_HD16_G1_rms_norm_ROPEFalse_UHD1_ap_fixed_16_5_,ok,0,122,2026-10-01 18:17:34
ATTN_config_S32_D128_H16_HD64_G2_rms_norm_ROPETrue_UHD8_ap_fixed_16_5_,ok,0,205,2026-10-01 18:17:36
ATTN_config_S32_D128_H16_HD64_G2_layer_norm_ROPETrue_UHD8_ap_fixed_16_5_,ok,0,232,2026-10-01 18:17:36
ATTN_config_S32_D128_H32_HD16_G1_layer_norm_ROPEFalse_UHD2_ap_fixed_16_5_,ok,0,152,2026-10-01 18:17:39
ATTN_config_S32_D128_H32_HD16_G1_rms_norm_ROPEFalse_UHD2_ap_fixed_16_5_,ok,0,135,2026-10-01 18:17:48
ATTN_config_S32_D128_H16_HD64_G4_rms_norm_ROPEFalse_UHD8_ap_fixed_16_5_,ok,0,174,2026-10-01 18:17:48
ATTN_config_S32_D128_H32_HD16_G1_layer_norm_ROPEFalse_UHD4_ap_fixed_16_5_,ok,0,163,2026-10-01 18:17:53
ATTN_config_S32_D128_H16_HD64_G4_layer_norm_ROPETrue_UHD4_ap_fixed_16_5_,ok,0,206,2026-10-01 18:18:07
ATTN_config_S32_D128_H32_HD16_G1_layer_norm_ROPETrue_UHD1_ap_fixed_16_5_,ok,0,171,2026-10-01 18:18:07
ATTN_config_S32_D128_H32_HD16_G1_layer_norm_ROPEFalse_UHD8_ap_fixed_16_5_,ok,0,181,2026-10-01 18:18:13
ATTN_config_S32_D128_H32_HD16_G1_rms_norm_ROPEFalse_UHD4_ap_fixed_16_5_,ok,0,154,2026-10-01 18:18:14
ATTN_config_S32_D128_H16_HD64_G4_rms_norm_ROPETrue_UHD4_ap_fixed_16_5_,ok,0,195,2026-10-01 18:18:15
ATTN_config_S32_D128_H32_HD16_G1_rms_norm_ROPETrue_UHD1_ap_fixed_16_5_,ok,0,152,2026-10-01 18:18:22
ATTN_config_S32_D128_H32_HD16_G2_layer_norm_ROPEFalse_UHD2_ap_fixed_16_5_,ok,0,145,2026-10-01 18:18:22
ATTN_config_S32_D128_H32_HD16_G2_layer_norm_ROPEFalse_UHD1_ap_fixed_16_5_,ok,0,146,2026-10-01 18:18:23
ATTN_config_S32_D128_H32_HD16_G1_layer_norm_ROPETrue_UHD2_ap_fixed_16_5_,ok,0,188,2026-10-01 18:18:28
ATTN_config_S32_D128_H32_HD16_G1_layer_norm_ROPETrue_UHD4_ap_fixed_16_5_,ok,0,188,2026-10-01 18:18:32
ATTN_config_S32_D128_H32_HD16_G1_rms_norm_ROPEFalse_UHD8_ap_fixed_16_5_,ok,0,174,2026-10-01 18:18:33
ATTN_config_S32_D128_H32_HD16_G2_rms_norm_ROPEFalse_UHD1_ap_fixed_16_5_,ok,0,125,2026-10-01 18:18:34
ATTN_config_S32_D128_H32_HD16_G2_layer_norm_ROPEFalse_UHD4_ap_fixed_16_5_,ok,0,155,2026-10-01 18:18:35
ATTN_config_S32_D128_H32_HD16_G1_rms_norm_ROPETrue_UHD2_ap_fixed_16_5_,ok,0,165,2026-10-01 18:18:36
ATTN_config_S32_D128_H32_HD16_G2_rms_norm_ROPEFalse_UHD2_ap_fixed_16_5_,ok,0,126,2026-10-01 18:18:42
ATTN_config_S32_D128_H16_HD64_G4_rms_norm_ROPETrue_UHD8_ap_fixed_16_5_,ok,0,238,2026-10-01 18:18:59
ATTN_config_S32_D128_H32_HD16_G1_rms_norm_ROPETrue_UHD4_ap_fixed_16_5_,ok,0,189,2026-10-01 18:19:00
ATTN_config_S32_D128_H16_HD64_G4_layer_norm_ROPETrue_UHD8_ap_fixed_16_5_,ok,0,260,2026-10-01 18:19:01
ATTN_config_S32_D128_H32_HD16_G2_rms_norm_ROPEFalse_UHD4_ap_fixed_16_5_,ok,0,149,2026-10-01 18:19:06
ATTN_config_S32_D128_H32_HD16_G2_rms_norm_ROPETrue_UHD1_ap_fixed_16_5_,ok,0,150,2026-10-01 18:19:08
ATTN_config_S32_D128_H32_HD16_G4_layer_norm_ROPEFalse_UHD1_ap_fixed_16_5_,ok,0,142,2026-10-01 18:19:12
ATTN_config_S32_D128_H32_HD16_G2_layer_norm_ROPETrue_UHD1_ap_fixed_16_5_,ok,0,177,2026-10-01 18:19:17
ATTN_config_S32_D128_H32_HD16_G1_layer_norm_ROPETrue_UHD8_ap_fixed_16_5_,ok,0,235,2026-10-01 18:19:23
ATTN_config_S32_D128_H32_HD16_G4_layer_norm_ROPEFalse_UHD2_ap_fixed_16_5_,ok,0,154,2026-10-01 18:19:30
ATTN_config_S32_D128_H32_HD16_G4_rms_norm_ROPEFalse_UHD1_ap_fixed_16_5_,ok,0,124,2026-10-01 18:19:31
ATTN_config_S32_D128_H32_HD16_G2_layer_norm_ROPETrue_UHD2_ap_fixed_16_5_,ok,0,189,2026-10-01 18:19:35
ATTN_config_S32_D128_H32_HD16_G2_layer_norm_ROPEFalse_UHD8_ap_fixed_16_5_,ok,0,205,2026-10-01 18:19:37
ATTN_config_S32_D128_H32_HD16_G4_rms_norm_ROPEFalse_UHD2_ap_fixed_16_5_,ok,0,128,2026-10-01 18:19:38
ATTN_config_S32_D128_H32_HD16_G2_rms_norm_ROPEFalse_UHD8_ap_fixed_16_5_,ok,0,182,2026-10-01 18:19:40
ATTN_config_S32_D128_H32_HD16_G2_rms_norm_ROPETrue_UHD2_ap_fixed_16_5_,ok,0,176,2026-10-01 18:19:41
ATTN_config_S32_D128_H32_HD16_G2_layer_norm_ROPETrue_UHD4_ap_fixed_16_5_,ok,0,200,2026-10-01 18:19:47
ATTN_config_S32_D128_H32_HD16_G1_rms_norm_ROPETrue_UHD8_ap_fixed_16_5_,ok,0,236,2026-10-01 18:19:52
ATTN_config_S32_D128_H32_HD16_G2_rms_norm_ROPETrue_UHD4_ap_fixed_16_5_,ok,0,194,2026-10-01 18:20:00
ATTN_config_S32_D128_H32_HD16_G4_layer_norm_ROPEFalse_UHD4_ap_fixed_16_5_,ok,0,176,2026-10-01 18:20:00
ATTN_config_S32_D128_H32_HD16_G4_rms_norm_ROPEFalse_UHD4_ap_fixed_16_5_,ok,0,147,2026-10-01 18:20:01
ATTN_config_S32_D128_H32_HD16_G4_rms_norm_ROPETrue_UHD1_ap_fixed_16_5_,ok,0,164,2026-10-01 18:20:20
ATTN_config_S32_D128_H32_HD16_G4_layer_norm_ROPETrue_UHD1_ap_fixed_16_5_,ok,0,189,2026-10-01 18:20:21
ATTN_config_S32_D128_H32_HD32_G1_layer_norm_ROPEFalse_UHD1_ap_fixed_16_5_,ok,0,149,2026-10-01 18:20:23
ATTN_config_S32_D128_H32_HD16_G4_rms_norm_ROPETrue_UHD2_ap_fixed_16_5_,ok,0,165,2026-10-01 18:20:24
ATTN_config_S32_D128_H32_HD16_G4_layer_norm_ROPEFalse_UHD8_ap_fixed_16_5_,ok,0,198,2026-10-01 18:20:24
ATTN_config_S32_D128_H32_HD32_G1_rms_norm_ROPEFalse_UHD1_ap_fixed_16_5_,ok,0,126,2026-10-01 18:20:30
ATTN_config_S32_D128_H32_HD16_G2_layer_norm_ROPETrue_UHD8_ap_fixed_16_5_,ok,0,241,2026-10-01 18:20:30
ATTN_config_S32_D128_H32_HD16_G4_layer_norm_ROPETrue_UHD2_ap_fixed_16_5_,ok,0,202,2026-10-01 18:20:37
ATTN_config_S32_D128_H32_HD32_G1_layer_norm_ROPEFalse_UHD2_ap_fixed_16_5_,ok,0,155,2026-10-01 18:20:42
ATTN_config_S32_D128_H32_HD16_G4_rms_norm_ROPEFalse_UHD8_ap_fixed_16_5_,ok,0,191,2026-10-01 18:20:47
ATTN_config_S32_D128_H32_HD32_G1_rms_norm_ROPEFalse_UHD2_ap_fixed_16_5_,ok,0,148,2026-10-01 18:20:56
ATTN_config_S32_D128_H32_HD16_G2_rms_norm_ROPETrue_UHD8_ap_fixed_16_5_,ok,0,246,2026-10-01 18:20:56
ATTN_config_S32_D128_H32_HD32_G1_layer_norm_ROPEFalse_UHD4_ap_fixed_16_5_,ok,0,172,2026-10-01 18:20:59
ATTN_config_S32_D128_H32_HD16_G4_rms_norm_ROPETrue_UHD4_ap_fixed_16_5_,ok,0,196,2026-10-01 18:21:04
ATTN_config_S32_D128_H32_HD32_G1_layer_norm_ROPETrue_UHD1_ap_fixed_16_5_,ok,0,170,2026-10-01 18:21:05
ATTN_config_S32_D128_H32_HD16_G4_layer_norm_ROPETrue_UHD4_ap_fixed_16_5_,ok,0,223,2026-10-01 18:21:07
ATTN_config_S32_D128_H32_HD32_G1_rms_norm_ROPEFalse_UHD4_ap_fixed_16_5_,ok,0,163,2026-10-01 18:21:15
ATTN_config_S32_D128_H32_HD32_G1_rms_norm_ROPETrue_UHD1_ap_fixed_16_5_,ok,0,162,2026-10-01 18:21:16
ATTN_config_S32_D128_H32_HD32_G1_rms_norm_ROPETrue_UHD2_ap_fixed_16_5_,ok,0,174,2026-10-01 18:21:29
ATTN_config_S32_D128_H32_HD32_G2_layer_norm_ROPEFalse_UHD1_ap_fixed_16_5_,ok,0,159,2026-10-01 18:21:38
ATTN_config_S32_D128_H32_HD32_G1_layer_norm_ROPETrue_UHD2_ap_fixed_16_5_,ok,0,208,2026-10-01 18:21:43
ATTN_config_S32_D128_H32_HD16_G4_layer_norm_ROPETrue_UHD8_ap_fixed_16_5_,ok,0,258,2026-10-01 18:21:44
ATTN_config_S32_D128_H32_HD16_G4_rms_norm_ROPETrue_UHD8_ap_fixed_16_5_,ok,0,238,2026-10-01 18:21:46
ATTN_config_S32_D128_H32_HD32_G1_rms_norm_ROPEFalse_UHD8_ap_fixed_16_5_,ok,0,193,2026-10-01 18:21:46
ATTN_config_S32_D128_H32_HD32_G2_rms_norm_ROPEFalse_UHD1_ap_fixed_16_5_,ok,0,137,2026-10-01 18:21:47
ATTN_config_S32_D128_H32_HD32_G1_layer_norm_ROPEFalse_UHD8_ap_fixed_16_5_,ok,0,218,2026-10-01 18:21:51
ATTN_config_S32_D128_H32_HD32_G1_layer_norm_ROPETrue_UHD4_ap_fixed_16_5_,ok,0,216,2026-10-01 18:21:58
ATTN_config_S32_D128_H32_HD32_G2_rms_norm_ROPEFalse_UHD2_ap_fixed_16_5_,ok,0,147,2026-10-01 18:21:58
ATTN_config_S32_D128_H32_HD32_G2_layer_norm_ROPEFalse_UHD2_ap_fixed_16_5_,ok,0,185,2026-10-01 18:22:06
ATTN_config_S32_D128_H32_HD32_G2_layer_norm_ROPEFalse_UHD4_ap_fixed_16_5_,ok,0,186,2026-10-01 18:22:07
ATTN_config_S32_D128_H32_HD32_G1_rms_norm_ROPETrue_UHD4_ap_fixed_16_5_,ok,0,213,2026-10-01 18:22:09
ATTN_config_S32_D128_H32_HD32_G2_layer_norm_ROPETrue_UHD1_ap_fixed_16_5_,ok,0,184,2026-10-01 18:22:12
ATTN_config_S32_D128_H32_HD32_G2_rms_norm_ROPETrue_UHD1_ap_fixed_16_5_,ok,0,159,2026-10-01 18:22:18
ATTN_config_S32_D128_H32_HD32_G2_rms_norm_ROPEFalse_UHD4_ap_fixed_16_5_,ok,0,168,2026-10-01 18:22:23
ATTN_config_S32_D128_H32_HD32_G2_layer_norm_ROPEFalse_UHD8_ap_fixed_16_5_,ok,0,207,2026-10-01 18:22:33
ATTN_config_S32_D128_H32_HD32_G2_layer_norm_ROPETrue_UHD2_ap_fixed_16_5_,ok,0,208,2026-10-01 18:22:39
ATTN_config_S32_D128_H32_HD32_G1_layer_norm_ROPETrue_UHD8_ap_fixed_16_5_,ok,0,258,2026-10-01 18:22:40
ATTN_config_S32_D128_H32_HD32_G2_rms_norm_ROPEFalse_UHD8_ap_fixed_16_5_,ok,0,184,2026-10-01 18:22:40
ATTN_config_S32_D128_H32_HD32_G4_layer_norm_ROPEFalse_UHD1_ap_fixed_16_5_,ok,0,170,2026-10-01 18:22:43
ATTN_config_S32_D128_H32_HD32_G4_rms_norm_ROPEFalse_UHD1_ap_fixed_16_5_,ok,0,144,2026-10-01 18:22:48
ATTN_config_S32_D128_H32_HD32_G2_layer_norm_ROPETrue_UHD4_ap_fixed_16_5_,ok,0,212,2026-10-01 18:22:49
ATTN_config_S32_D128_H32_HD32_G2_rms_norm_ROPETrue_UHD2_ap_fixed_16_5_,ok,0,190,2026-10-01 18:22:50
ATTN_config_S32_D128_H32_HD32_G4_layer_norm_ROPEFalse_UHD4_ap_fixed_16_5_,ok,0,172,2026-10-01 18:22:52
ATTN_config_S32_D128_H32_HD32_G4_layer_norm_ROPEFalse_UHD2_ap_fixed_16_5_,ok,0,177,2026-10-01 18:22:57
ATTN_config_S32_D128_H32_HD32_G4_rms_norm_ROPEFalse_UHD4_ap_fixed_16_5_,ok,0,149,2026-10-01 18:23:00
ATTN_config_S32_D128_H32_HD32_G4_rms_norm_ROPEFalse_UHD2_ap_fixed_16_5_,ok,0,155,2026-10-01 18:23:05
ATTN_config_S32_D128_H32_HD32_G1_rms_norm_ROPETrue_UHD8_ap_fixed_16_5_,ok,0,267,2026-10-01 18:23:09
ATTN_config_S32_D128_H32_HD32_G2_rms_norm_ROPETrue_UHD4_ap_fixed_16_5_,ok,0,212,2026-10-01 18:23:13
ATTN_config_S32_D128_H32_HD32_G4_layer_norm_ROPEFalse_UHD8_ap_fixed_16_5_,ok,0,203,2026-10-01 18:23:25
ATTN_config_S32_D128_H32_HD32_G4_layer_norm_ROPETrue_UHD2_ap_fixed_16_5_,ok,0,193,2026-10-01 18:23:34
ATTN_config_S32_D128_H32_HD32_G4_layer_norm_ROPETrue_UHD1_ap_fixed_16_5_,ok,0,196,2026-10-01 18:23:36
ATTN_config_S32_D128_H32_HD32_G2_layer_norm_ROPETrue_UHD8_ap_fixed_16_5_,ok,0,256,2026-10-01 18:23:39
ATTN_config_S32_D128_H32_HD32_G4_rms_norm_ROPETrue_UHD1_ap_fixed_16_5_,ok,0,179,2026-10-01 18:23:41
ATTN_config_S32_D128_H32_HD64_G1_layer_norm_ROPEFalse_UHD1_ap_fixed_16_5_,ok,0,163,2026-10-01 18:23:43
ATTN_config_S32_D128_H32_HD32_G4_rms_norm_ROPEFalse_UHD8_ap_fixed_16_5_,ok,0,189,2026-10-01 18:23:46
ATTN_config_S32_D128_H32_HD32_G4_rms_norm_ROPETrue_UHD2_ap_fixed_16_5_,ok,0,180,2026-10-01 18:23:47
ATTN_config_S32_D128_H32_HD64_G1_layer_norm_ROPEFalse_UHD2_ap_fixed_16_5_,ok,0,170,2026-10-01 18:23:54
ATTN_config_S32_D128_H32_HD64_G1_rms_norm_ROPEFalse_UHD1_ap_fixed_16_5_,ok,0,141,2026-10-01 18:24:04
ATTN_config_S32_D128_H32_HD64_G1_layer_norm_ROPETrue_UHD1_ap_fixed_16_5_,ok,0,171,2026-10-01 18:24:06
ATTN_config_S32_D128_H32_HD64_G1_rms_norm_ROPEFalse_UHD2_ap_fixed_16_5_,ok,0,148,2026-10-01 18:24:12
ATTN_config_S32_D128_H32_HD32_G4_layer_norm_ROPETrue_UHD4_ap_fixed_16_5_,ok,0,233,2026-10-01 18:24:16
ATTN_config_S32_D128_H32_HD64_G1_rms_norm_ROPEFalse_UHD4_ap_fixed_16_5_,ok,0,155,2026-10-01 18:24:21
ATTN_config_S32_D128_H32_HD64_G1_rms_norm_ROPETrue_UHD1_ap_fixed_16_5_,ok,0,155,2026-10-01 18:24:22
ATTN_config_S32_D128_H32_HD64_G1_layer_norm_ROPEFalse_UHD4_ap_fixed_16_5_,ok,0,200,2026-10-01 18:24:25
ATTN_config_S32_D128_H32_HD64_G1_layer_norm_ROPETrue_UHD2_ap_fixed_16_5_,ok,0,190,2026-10-01 18:24:26
ATTN_config_S32_D128_H32_HD32_G2_rms_norm_ROPETrue_UHD8_ap_fixed_16_5_,ok,0,282,2026-10-01 18:24:29
ATTN_config_S32_D128_H32_HD32_G4_rms_norm_ROPETrue_UHD4_ap_fixed_16_5_,ok,0,221,2026-10-01 18:24:37
ATTN_config_S32_D128_H32_HD64_G1_rms_norm_ROPEFalse_UHD8_ap_fixed_16_5_,ok,0,174,2026-10-01 18:24:40
ATTN_config_S32_D128_H32_HD64_G2_layer_norm_ROPEFalse_UHD2_ap_fixed_16_5_,ok,0,154,2026-10-01 18:24:41
ATTN_config_S32_D128_H32_HD32_G4_rms_norm_ROPETrue_UHD8_ap_fixed_16_5_,ok,0,232,2026-10-01 18:24:47
ATTN_config_S32_D128_H32_HD32_G4_layer_norm_ROPETrue_UHD8_ap_fixed_16_5_,ok,0,266,2026-10-01 18:24:50
ATTN_config_S32_D128_H32_HD64_G1_layer_norm_ROPETrue_UHD4_ap_fixed_16_5_,ok,0,206,2026-10-01 18:24:55
ATTN_config_S32_D128_H32_HD64_G2_layer_norm_ROPEFalse_UHD1_ap_fixed_16_5_,ok,0,169,2026-10-01 18:24:55
ATTN_config_S32_D128_H32_HD64_G1_layer_norm_ROPEFalse_UHD8_ap_fixed_16_5_,ok,0,231,2026-10-01 18:24:58
ATTN_config_S32_D128_H32_HD64_G2_rms_norm_ROPEFalse_UHD4_ap_fixed_16_5_,ok,0,142,2026-10-01 18:25:04
ATTN_config_S32_D128_H32_HD64_G1_rms_norm_ROPETrue_UHD2_ap_fixed_16_5_,ok,0,202,2026-10-01 18:25:14
ATTN_config_S32_D128_H32_HD64_G2_rms_norm_ROPEFalse_UHD1_ap_fixed_16_5_,ok,0,154,2026-10-01 18:25:15
ATTN_config_S32_D128_H32_HD64_G1_rms_norm_ROPETrue_UHD4_ap_fixed_16_5_,ok,0,200,2026-10-01 18:25:18
ATTN_config_S32_D128_H32_HD64_G2_rms_norm_ROPEFalse_UHD2_ap_fixed_16_5_,ok,0,159,2026-10-01 18:25:20
ATTN_config_S32_D128_H32_HD64_G2_layer_norm_ROPEFalse_UHD8_ap_fixed_16_5_,ok,0,196,2026-10-01 18:25:28
ATTN_config_S32_D128_H32_HD64_G2_layer_norm_ROPEFalse_UHD4_ap_fixed_16_5_,ok,0,199,2026-10-01 18:25:28
ATTN_config_S32_D128_H32_HD64_G2_layer_norm_ROPETrue_UHD1_ap_fixed_16_5_,ok,0,191,2026-10-01 18:25:29
ATTN_config_S32_D128_H32_HD64_G4_layer_norm_ROPEFalse_UHD2_ap_fixed_16_5_,ok,0,151,2026-10-01 18:25:35
ATTN_config_S32_D128_H32_HD64_G4_layer_norm_ROPEFalse_UHD1_ap_fixed_16_5_,ok,0,159,2026-10-01 18:25:39
ATTN_config_S32_D128_H32_HD64_G2_rms_norm_ROPETrue_UHD1_ap_fixed_16_5_,ok,0,180,2026-10-01 18:25:48
ATTN_config_S32_D128_H32_HD64_G2_rms_norm_ROPEFalse_UHD8_ap_fixed_16_5_,ok,0,182,2026-10-01 18:25:49
ATTN_config_S32_D128_H32_HD64_G4_rms_norm_ROPEFalse_UHD2_ap_fixed_16_5_,ok,0,130,2026-10-01 18:25:53
ATTN_config_S32_D128_H32_HD64_G2_rms_norm_ROPETrue_UHD2_ap_fixed_16_5_,ok,0,184,2026-10-01 18:25:54
ATTN_config_S32_D128_H32_HD64_G1_rms_norm_ROPETrue_UHD8_ap_fixed_16_5_,ok,0,237,2026-10-01 18:25:55
ATTN_config_S32_D128_H32_HD64_G2_layer_norm_ROPETrue_UHD2_ap_fixed_16_5_,ok,0,215,2026-10-01 18:25:58
ATTN_config_S32_D128_H32_HD64_G4_rms_norm_ROPEFalse_UHD1_ap_fixed_16_5_,ok,0,145,2026-10-01 18:26:06
ATTN_config_S32_D128_H32_HD64_G2_layer_norm_ROPETrue_UHD4_ap_fixed_16_5_,ok,0,216,2026-10-01 18:26:09
ATTN_config_S32_D128_H32_HD64_G4_rms_norm_ROPEFalse_UHD4_ap_fixed_16_5_,ok,0,145,2026-10-01 18:26:11
ATTN_config_S32_D128_H32_HD64_G4_layer_norm_ROPETrue_UHD1_ap_fixed_16_5_,ok,0,170,2026-10-01 18:26:15
ATTN_config_S32_D128_H32_HD64_G2_rms_norm_ROPETrue_UHD4_ap_fixed_16_5_,ok,0,204,2026-10-01 18:26:16
ATTN_config_S32_D128_H32_HD64_G4_layer_norm_ROPEFalse_UHD4_ap_fixed_16_5_,ok,0,188,2026-10-01 18:26:17
ATTN_config_S32_D128_H32_HD64_G1_layer_norm_ROPETrue_UHD8_ap_fixed_16_5_,ok,0,281,2026-10-01 18:26:19
ATTN_config_S32_D128_H32_HD64_G4_layer_norm_ROPEFalse_UHD8_ap_fixed_16_5_,ok,0,187,2026-10-01 18:26:20
ATTN_config_S32_D128_H32_HD64_G4_rms_norm_ROPETrue_UHD1_ap_fixed_16_5_,ok,0,147,2026-10-01 18:26:21
ATTN_config_S32_D128_H32_HD64_G4_layer_norm_ROPETrue_UHD2_ap_fixed_16_5_,ok,0,172,2026-10-01 18:26:26
ATTN_config_S32_D128_H32_HD64_G2_rms_norm_ROPETrue_UHD8_ap_fixed_16_5_,ok,0,214,2026-10-01 18:26:31
ATTN_config_S32_D128_H32_HD64_G4_rms_norm_ROPEFalse_UHD8_ap_fixed_16_5_,ok,0,164,2026-10-01 18:26:31
ATTN_config_S32_D128_H32_HD64_G2_layer_norm_ROPETrue_UHD8_ap_fixed_16_5_,ok,0,234,2026-10-01 18:26:33
ATTN_config_S32_D128_H8_HD16_G1_rms_norm_ROPEFalse_UHD1_ap_fixed_16_5_,ok,0,116,2026-10-01 18:26:37
ATTN_config_S32_D128_H32_HD64_G4_rms_norm_ROPETrue_UHD2_ap_fixed_16_5_,ok,0,154,2026-10-01 18:26:38
ATTN_config_S32_D128_H8_HD16_G1_rms_norm_ROPEFalse_UHD2_ap_fixed_16_5_,ok,0,118,2026-10-01 18:26:45
ATTN_config_S32_D128_H8_HD16_G1_layer_norm_ROPEFalse_UHD1_ap_fixed_16_5_,ok,0,152,2026-10-01 18:26:48
ATTN_config_S32_D128_H8_HD16_G1_layer_norm_ROPEFalse_UHD4_ap_fixed_16_5_,ok,0,148,2026-10-01 18:26:50
ATTN_config_S32_D128_H32_HD64_G4_layer_norm_ROPETrue_UHD4_ap_fixed_16_5_,ok,0,197,2026-10-01 18:26:52
ATTN_config_S32_D128_H32_HD64_G4_rms_norm_ROPETrue_UHD4_ap_fixed_16_5_,ok,0,168,2026-10-01 18:26:54
ATTN_config_S32_D128_H8_HD16_G1_layer_norm_ROPETrue_UHD1_ap_fixed_16_5_,ok,0,153,2026-10-01 18:26:59
ATTN_config_S32_D128_H8_HD16_G1_layer_norm_ROPEFalse_UHD2_ap_fixed_16_5_,ok,0,160,2026-10-01 18:27:01
ATTN_config_S32_D128_H8_HD16_G1_rms_norm_ROPEFalse_UHD4_ap_fixed_16_5_,ok,0,131,2026-10-01 18:27:01
ATTN_config_S32_D128_H8_HD16_G1_rms_norm_ROPETrue_UHD1_ap_fixed_16_5_,ok,0,135,2026-10-01 18:27:10
ATTN_config_S32_D128_H8_HD16_G1_layer_norm_ROPEFalse_UHD8_ap_fixed_16_5_,ok,0,167,2026-10-01 18:27:12
ATTN_config_S32_D128_H8_HD16_G1_layer_norm_ROPETrue_UHD2_ap_fixed_16_5_,ok,0,166,2026-10-01 18:27:14
ATTN_config_S32_D128_H8_HD16_G1_rms_norm_ROPETrue_UHD2_ap_fixed_16_5_,ok,0,148,2026-10-01 18:27:25
ATTN_config_S32_D128_H8_HD16_G2_layer_norm_ROPEFalse_UHD1_ap_fixed_16_5_,ok,0,134,2026-10-01 18:27:28
ATTN_config_S32_D128_H8_HD16_G1_rms_norm_ROPEFalse_UHD8_ap_fixed_16_5_,ok,0,161,2026-10-01 18:27:36
ATTN_config_S32_D128_H8_HD16_G2_layer_norm_ROPEFalse_UHD2_ap_fixed_16_5_,ok,0,139,2026-10-01 18:27:37
ATTN_config_S32_D128_H8_HD16_G2_rms_norm_ROPEFalse_UHD1_ap_fixed_16_5_,ok,0,119,2026-10-01 18:27:47
ATTN_config_S32_D128_H8_HD16_G2_rms_norm_ROPEFalse_UHD2_ap_fixed_16_5_,ok,0,120,2026-10-01 18:27:49
ATTN_config_S32_D128_H32_HD64_G4_layer_norm_ROPETrue_UHD8_ap_fixed_16_5_,ok,0,252,2026-10-01 18:27:51
ATTN_config_S32_D128_H8_HD16_G2_layer_norm_ROPEFalse_UHD4_ap_fixed_16_5_,ok,0,153,2026-10-01 18:27:53
ATTN_config_S32_D128_H8_HD16_G1_layer_norm_ROPETrue_UHD4_ap_fixed_16_5_,ok,0,200,2026-10-01 18:27:57
ATTN_config_S32_D128_H8_HD16_G1_rms_norm_ROPETrue_UHD4_ap_fixed_16_5_,ok,0,175,2026-10-01 18:27:59
ATTN_config_S32_D128_H8_HD16_G2_rms_norm_ROPEFalse_UHD4_ap_fixed_16_5_,ok,0,128,2026-10-01 18:28:01
ATTN_config_S32_D128_H8_HD16_G2_layer_norm_ROPETrue_UHD1_ap_fixed_16_5_,ok,0,154,2026-10-01 18:28:02
ATTN_config_S32_D128_H32_HD64_G4_rms_norm_ROPETrue_UHD8_ap_fixed_16_5_,ok,0,232,2026-10-01 18:28:04
ATTN_config_S32_D128_H8_HD16_G2_layer_norm_ROPETrue_UHD2_ap_fixed_16_5_,ok,0,164,2026-10-01 18:28:13
ATTN_config_S32_D128_H8_HD16_G2_rms_norm_ROPETrue_UHD1_ap_fixed_16_5_,ok,0,140,2026-10-01 18:28:15
ATTN_config_S32_D128_H8_HD16_G1_layer_norm_ROPETrue_UHD8_ap_fixed_16_5_,ok,0,219,2026-10-01 18:28:19
ATTN_config_S32_D128_H8_HD16_G2_layer_norm_ROPEFalse_UHD8_ap_fixed_16_5_,ok,0,175,2026-10-01 18:28:23
ATTN_config_S32_D128_H8_HD16_G2_layer_norm_ROPETrue_UHD4_ap_fixed_16_5_,ok,0,172,2026-10-01 18:28:28
ATTN_config_S32_D128_H8_HD16_G1_rms_norm_ROPETrue_UHD8_ap_fixed_16_5_,ok,0,197,2026-10-01 18:28:30
ATTN_config_S32_D128_H8_HD16_G4_layer_norm_ROPEFalse_UHD1_ap_fixed_16_5_,ok,0,139,2026-10-01 18:28:30
ATTN_config_S32_D128_H8_HD16_G2_rms_norm_ROPETrue_UHD2_ap_fixed_16_5_,ok,0,152,2026-10-01 18:28:31
ATTN_config_S32_D128_H8_HD16_G2_rms_norm_ROPEFalse_UHD8_ap_fixed_16_5_,ok,0,163,2026-10-01 18:28:37
ATTN_config_S32_D128_H8_HD16_G4_rms_norm_ROPEFalse_UHD1_ap_fixed_16_5_,ok,0,127,2026-10-01 18:28:38
ATTN_config_S32_D128_H8_HD16_G4_layer_norm_ROPEFalse_UHD2_ap_fixed_16_5_,ok,0,146,2026-10-01 18:28:40
ATTN_config_S32_D128_H8_HD16_G4_layer_norm_ROPEFalse_UHD4_ap_fixed_16_5_,ok,0,151,2026-10-01 18:28:47
ATTN_config_S32_D128_H8_HD16_G4_rms_norm_ROPEFalse_UHD2_ap_fixed_16_5_,ok,0,137,2026-10-01 18:28:48
ATTN_config_S32_D128_H8_HD16_G2_rms_norm_ROPETrue_UHD4_ap_fixed_16_5_,ok,0,164,2026-10-01 18:28:50
ATTN_config_S32_D128_H8_HD16_G4_rms_norm_ROPEFalse_UHD4_ap_fixed_16_5_,ok,0,140,2026-10-01 18:28:53
ATTN_config_S32_D128_H8_HD16_G4_rms_norm_ROPETrue_UHD1_ap_fixed_16_5_,ok,0,139,2026-10-01 18:28:57
ATTN_config_S32_D128_H8_HD16_G4_layer_norm_ROPETrue_UHD2_ap_fixed_16_5_,ok,0,161,2026-10-01 18:29:01
ATTN_config_S32_D128_H8_HD16_G4_layer_norm_ROPETrue_UHD1_ap_fixed_16_5_,ok,0,165,2026-10-01 18:29:04
ATTN_config_S32_D128_H8_HD16_G4_rms_norm_ROPETrue_UHD2_ap_fixed_16_5_,ok,0,142,2026-10-01 18:29:07
ATTN_config_S32_D128_H8_HD16_G4_layer_norm_ROPEFalse_UHD8_ap_fixed_16_5_,ok,0,174,2026-10-01 18:29:12
ATTN_config_S32_D128_H8_HD32_G1_layer_norm_ROPEFalse_UHD1_ap_fixed_16_5_,ok,0,141,2026-10-01 18:29:13
ATTN_config_S32_D128_H8_HD16_G2_layer_norm_ROPETrue_UHD8_ap_fixed_16_5_,ok,0,215,2026-10-01 18:29:14
ATTN_config_S32_D128_H8_HD32_G1_layer_norm_ROPEFalse_UHD2_ap_fixed_16_5_,ok,0,143,2026-10-01 18:29:17
ATTN_config_S32_D128_H8_HD32_G1_rms_norm_ROPEFalse_UHD1_ap_fixed_16_5_,ok,0,116,2026-10-01 18:29:21
ATTN_config_S32_D128_H8_HD16_G4_rms_norm_ROPEFalse_UHD8_ap_fixed_16_5_,ok,0,164,2026-10-01 18:29:21
ATTN_config_S32_D128_H8_HD16_G4_layer_norm_ROPETrue_UHD4_ap_fixed_16_5_,ok,0,180,2026-10-01 18:29:22
ATTN_config_S32_D128_H8_HD32_G1_rms_norm_ROPEFalse_UHD2_ap_fixed_16_5_,ok,0,116,2026-10-01 18:29:25
ATTN_config_S32_D128_H8_HD32_G1_layer_norm_ROPEFalse_UHD4_ap_fixed_16_5_,ok,0,146,2026-10-01 18:29:25
ATTN_config_S32_D128_H8_HD16_G4_rms_norm_ROPETrue_UHD4_ap_fixed_16_5_,ok,0,158,2026-10-01 18:29:26
ATTN_config_S32_D128_H8_HD32_G1_layer_norm_ROPETrue_UHD1_ap_fixed_16_5_,ok,0,148,2026-10-01 18:29:29
ATTN_config_S32_D128_H8_HD16_G2_rms_norm_ROPETrue_UHD8_ap_fixed_16_5_,ok,0,201,2026-10-01 18:29:31
ATTN_config_S32_D128_H8_HD32_G1_layer_norm_ROPEFalse_UHD8_ap_fixed_16_5_,ok,0,169,2026-10-01 18:29:50
ATTN_config_S32_D128_H8_HD32_G1_layer_norm_ROPETrue_UHD2_ap_fixed_16_5_,ok,0,160,2026-10-01 18:29:51
ATTN_config_S32_D128_H8_HD32_G1_rms_norm_ROPEFalse_UHD4_ap_fixed_16_5_,ok,0,135,2026-10-01 18:29:52
ATTN_config_S32_D128_H8_HD16_G4_layer_norm_ROPETrue_UHD8_ap_fixed_16_5_,ok,0,210,2026-10-01 18:29:56
ATTN_config_S32_D128_H8_HD32_G1_rms_norm_ROPEFalse_UHD8_ap_fixed_16_5_,ok,0,143,2026-10-01 18:30:00
ATTN_config_S32_D128_H8_HD32_G1_rms_norm_ROPETrue_UHD1_ap_fixed_16_5_,ok,0,134,2026-10-01 18:30:01
ATTN_config_S32_D128_H8_HD32_G1_rms_norm_ROPETrue_UHD2_ap_fixed_16_5_,ok,0,136,2026-10-01 18:30:05
ATTN_config_S32_D128_H8_HD32_G2_layer_norm_ROPEFalse_UHD1_ap_fixed_16_5_,ok,0,129,2026-10-01 18:30:06
ATTN_config_S32_D128_H8_HD32_G1_layer_norm_ROPETrue_UHD4_ap_fixed_16_5_,ok,0,176,2026-10-01 18:30:08
ATTN_config_S32_D128_H8_HD16_G4_rms_norm_ROPETrue_UHD8_ap_fixed_16_5_,ok,0,198,2026-10-01 18:30:08
ATTN_config_S32_D128_H8_HD32_G2_layer_norm_ROPEFalse_UHD4_ap_fixed_16_5_,ok,0,136,2026-10-01 18:30:17
ATTN_config_S32_D128_H8_HD32_G2_rms_norm_ROPEFalse_UHD1_ap_fixed_16_5_,ok,0,114,2026-10-01 18:30:17
ATTN_config_S32_D128_H8_HD32_G2_layer_norm_ROPEFalse_UHD2_ap_fixed_16_5_,ok,0,139,2026-10-01 18:30:18
ATTN_config_S32_D128_H8_HD32_G1_rms_norm_ROPETrue_UHD4_ap_fixed_16_5_,ok,0,149,2026-10-01 18:30:20
ATTN_config_S32_D128_H8_HD32_G2_rms_norm_ROPEFalse_UHD2_ap_fixed_16_5_,ok,0,118,2026-10-01 18:30:25
ATTN_config_S32_D128_H8_HD32_G1_layer_norm_ROPETrue_UHD8_ap_fixed_16_5_,ok,0,192,2026-10-01 18:30:27
ATTN_config_S32_D128_H8_HD32_G2_layer_norm_ROPETrue_UHD1_ap_fixed_16_5_,ok,0,154,2026-10-01 18:30:38
ATTN_config_S32_D128_H8_HD32_G2_rms_norm_ROPEFalse_UHD4_ap_fixed_16_5_,ok,0,135,2026-10-01 18:30:45
ATTN_config_S32_D128_H8_HD32_G2_rms_norm_ROPETrue_UHD1_ap_fixed_16_5_,ok,0,142,2026-10-01 18:30:53
ATTN_config_S32_D128_H8_HD32_G4_layer_norm_ROPEFalse_UHD1_ap_fixed_16_5_,ok,0,126,2026-10-01 18:30:53
ATTN_config_S32_D128_H8_HD32_G2_layer_norm_ROPEFalse_UHD8_ap_fixed_16_5_,ok,0,172,2026-10-01 18:30:54
ATTN_config_S32_D128_H8_HD32_G2_rms_norm_ROPETrue_UHD2_ap_fixed_16_5_,ok,0,138,2026-10-01 18:30:55
ATTN_config_S32_D128_H8_HD32_G2_layer_norm_ROPETrue_UHD2_ap_fixed_16_5_,ok,0,164,2026-10-01 18:30:56
ATTN_config_S32_D128_H8_HD32_G4_layer_norm_ROPEFalse_UHD2_ap_fixed_16_5_,ok,0,129,2026-10-01 18:30:57
ATTN_config_S32_D128_H8_HD32_G4_layer_norm_ROPEFalse_UHD4_ap_fixed_16_5_,ok,0,132,2026-10-01 18:31:02
ATTN_config_S32_D128_H8_HD32_G2_layer_norm_ROPETrue_UHD4_ap_fixed_16_5_,ok,0,174,2026-10-01 18:31:09
ATTN_config_S32_D128_H8_HD32_G4_rms_norm_ROPEFalse_UHD1_ap_fixed_16_5_,ok,0,121,2026-10-01 18:31:13
ATTN_config_S32_D128_H8_HD32_G1_rms_norm_ROPETrue_UHD8_ap_fixed_16_5_,ok,0,204,2026-10-01 18:31:17
ATTN_config_S32_D128_H8_HD32_G4_rms_norm_ROPEFalse_UHD2_ap_fixed_16_5_,ok,0,124,2026-10-01 18:31:17
ATTN_config_S32_D128_H8_HD32_G2_rms_norm_ROPEFalse_UHD8_ap_fixed_16_5_,ok,0,167,2026-10-01 18:31:18
ATTN_config_S32_D128_H8_HD32_G2_rms_norm_ROPETrue_UHD4_ap_fixed_16_5_,ok,0,164,2026-10-01 18:31:22
ATTN_config_S32_D128_H8_HD32_G4_rms_norm_ROPEFalse_UHD4_ap_fixed_16_5_,ok,0,130,2026-10-01 18:31:23
ATTN_config_S32_D128_H8_HD64_G1_layer_norm_ROPEFalse_UHD1_ap_fixed_16_5_,ok,0,121,2026-10-01 18:31:26
ATTN_config_S32_D128_H8_HD32_G4_layer_norm_ROPEFalse_UHD8_ap_fixed_16_5_,ok,0,159,2026-10-01 18:31:32
ATTN_config_S32_D128_H8_HD32_G4_layer_norm_ROPETrue_UHD1_ap_fixed_16_5_,ok,0,161,2026-10-01 18:31:38
ATTN_config_S32_D128_H8_HD32_G4_rms_norm_ROPETrue_UHD1_ap_fixed_16_5_,ok,0,138,2026-10-01 18:31:39
ATTN_config_S32_D128_H8_HD64_G1_layer_norm_ROPEFalse_UHD2_ap_fixed_16_5_,ok,0,139,2026-10-01 18:31:45
ATTN_config_S32_D128_H8_HD32_G4_layer_norm_ROPETrue_UHD2_ap_fixed_16_5_,ok,0,165,2026-10-01 18:31:46
ATTN_config_S32_D128_H8_HD32_G4_rms_norm_ROPETrue_UHD2_ap_fixed_16_5_,ok,0,152,2026-10-01 18:31:53
ATTN_config_S32_D128_H8_HD32_G4_rms_norm_ROPEFalse_UHD8_ap_fixed_16_5_,ok,0,157,2026-10-01 18:31:54
ATTN_config_S32_D128_H8_HD64_G1_rms_norm_ROPEFalse_UHD2_ap_fixed_16_5_,ok,0,118,2026-10-01 18:31:59
ATTN_config_S32_D128_H8_HD32_G2_layer_norm_ROPETrue_UHD8_ap_fixed_16_5_,ok,0,227,2026-10-01 18:32:06
ATTN_config_S32_D128_H8_HD64_G1_rms_norm_ROPEFalse_UHD1_ap_fixed_16_5_,ok,0,126,2026-10-01 18:32:06
ATTN_config_S32_D128_H8_HD64_G1_layer_norm_ROPEFalse_UHD4_ap_fixed_16_5_,ok,0,158,2026-10-01 18:32:07
ATTN_config_S32_D128_H8_HD32_G4_layer_norm_ROPETrue_UHD4_ap_fixed_16_5_,ok,0,184,2026-10-01 18:32:09
ATTN_config_S32_D128_H8_HD32_G4_rms_norm_ROPETrue_UHD4_ap_fixed_16_5_,ok,0,167,2026-10-01 18:32:09
ATTN_config_S32_D128_H8_HD64_G1_layer_norm_ROPEFalse_UHD8_ap_fixed_16_5_,ok,0,164,2026-10-01 18:32:14
ATTN_config_S32_D128_H8_HD32_G2_rms_norm_ROPETrue_UHD8_ap_fixed_16_5_,ok,0,219,2026-10-01 18:32:19
ATTN_config_S32_D128_H8_HD64_G1_rms_norm_ROPETrue_UHD1_ap_fixed_16_5_,ok,0,137,2026-10-01 18:32:25
ATTN_config_S32_D128_H8_HD64_G1_rms_norm_ROPEFalse_UHD4_ap_fixed_16_5_,ok,0,143,2026-10-01 18:32:27
ATTN_config_S32_D128_H8_HD64_G1_layer_norm_ROPETrue_UHD2_ap_fixed_16_5_,ok,0,158,2026-10-01 18:32:29
ATTN_config_S32_D128_H8_HD64_G2_layer_norm_ROPEFalse_UHD2_ap_fixed_16_5_,ok,0,130,2026-10-01 18:32:29
ATTN_config_S32_D128_H8_HD64_G1_layer_norm_ROPETrue_UHD1_ap_fixed_16_5_,ok,0,165,2026-10-01 18:32:35
ATTN_config_S32_D128_H8_HD64_G1_rms_norm_ROPETrue_UHD2_ap_fixed_16_5_,ok,0,152,2026-10-01 18:32:40
ATTN_config_S32_D128_H8_HD64_G2_layer_norm_ROPEFalse_UHD1_ap_fixed_16_5_,ok,0,144,2026-10-01 18:32:41
ATTN_config_S32_D128_H8_HD64_G1_rms_norm_ROPEFalse_UHD8_ap_fixed_16_5_,ok,0,156,2026-10-01 18:32:42
ATTN_config_S32_D128_H8_HD64_G2_rms_norm_ROPEFalse_UHD1_ap_fixed_16_5_,ok,0,116,2026-10-01 18:32:50
ATTN_config_S32_D128_H8_HD64_G1_layer_norm_ROPETrue_UHD4_ap_fixed_16_5_,ok,0,181,2026-10-01 18:32:52
ATTN_config_S32_D128_H8_HD64_G1_rms_norm_ROPETrue_UHD4_ap_fixed_16_5_,ok,0,159,2026-10-01 18:32:56
ATTN_config_S32_D128_H8_HD32_G4_layer_norm_ROPETrue_UHD8_ap_fixed_16_5_,ok,0,232,2026-10-01 18:32:59
ATTN_config_S32_D128_H8_HD64_G2_rms_norm_ROPEFalse_UHD2_ap_fixed_16_5_,ok,0,128,2026-10-01 18:33:03
ATTN_config_S32_D128_H8_HD32_G4_rms_norm_ROPETrue_UHD8_ap_fixed_16_5_,ok,0,220,2026-10-01 18:33:05
ATTN_config_S32_D128_H8_HD64_G2_layer_norm_ROPEFalse_UHD4_ap_fixed_16_5_,ok,0,160,2026-10-01 18:33:05
ATTN_config_S32_D128_H8_HD64_G2_rms_norm_ROPEFalse_UHD4_ap_fixed_16_5_,ok,0,131,2026-10-01 18:33:08
ATTN_config_S32_D128_H8_HD64_G2_layer_norm_ROPEFalse_UHD8_ap_fixed_16_5_,ok,0,174,2026-10-01 18:33:20
ATTN_config_S32_D128_H8_HD64_G2_layer_norm_ROPETrue_UHD1_ap_fixed_16_5_,ok,0,173,2026-10-01 18:33:31
ATTN_config_S32_D128_H8_HD64_G2_rms_norm_ROPETrue_UHD1_ap_fixed_16_5_,ok,0,150,2026-10-01 18:33:32
ATTN_config_S32_D128_H8_HD64_G1_rms_norm_ROPETrue_UHD8_ap_fixed_16_5_,ok,0,195,2026-10-01 18:33:32
ATTN_config_S32_D128_H8_HD64_G4_layer_norm_ROPEFalse_UHD1_ap_fixed_16_5_,ok,0,139,2026-10-01 18:33:36
ATTN_config_S32_D128_H8_HD64_G1_layer_norm_ROPETrue_UHD8_ap_fixed_16_5_,ok,0,222,2026-10-01 18:33:38
ATTN_config_S32_D128_H8_HD64_G2_rms_norm_ROPEFalse_UHD8_ap_fixed_16_5_,ok,0,161,2026-10-01 18:33:38
ATTN_config_S32_D128_H8_HD64_G2_layer_norm_ROPETrue_UHD2_ap_fixed_16_5_,ok,0,174,2026-10-01 18:33:40
ATTN_config_S32_D128_H8_HD64_G2_rms_norm_ROPETrue_UHD2_ap_fixed_16_5_,ok,0,154,2026-10-01 18:33:43
ATTN_config_S32_D128_H8_HD64_G4_layer_norm_ROPEFalse_UHD2_ap_fixed_16_5_,ok,0,148,2026-10-01 18:33:46
ATTN_config_S32_D128_H8_HD64_G4_rms_norm_ROPEFalse_UHD1_ap_fixed_16_5_,ok,0,132,2026-10-01 18:33:57
ATTN_config_S32_D128_H8_HD64_G4_rms_norm_ROPEFalse_UHD2_ap_fixed_16_5_,ok,0,143,2026-10-01 18:34:08
ATTN_config_S32_D128_H8_HD64_G2_layer_norm_ROPETrue_UHD4_ap_fixed_16_5_,ok,0,211,2026-10-01 18:34:24
ATTN_config_S32_D128_H8_HD64_G2_rms_norm_ROPETrue_UHD4_ap_fixed_16_5_,ok,0,191,2026-10-01 18:34:24
ATTN_config_S32_D128_H8_HD64_G4_layer_norm_ROPEFalse_UHD4_ap_fixed_16_5_,ok,0,185,2026-10-01 18:34:27
ATTN_config_S32_D128_H8_HD64_G4_layer_norm_ROPETrue_UHD1_ap_fixed_16_5_,ok,0,181,2026-10-01 18:34:27
ATTN_config_S32_D128_H8_HD64_G4_rms_norm_ROPEFalse_UHD4_ap_fixed_16_5_,ok,0,155,2026-10-01 18:34:28
ATTN_config_S32_D128_H8_HD64_G4_layer_norm_ROPETrue_UHD2_ap_fixed_16_5_,ok,0,176,2026-10-01 18:34:29
ATTN_config_S32_D128_H8_HD64_G4_rms_norm_ROPETrue_UHD1_ap_fixed_16_5_,ok,0,156,2026-10-01 18:34:35
ATTN_config_S32_D256_H16_HD16_G1_layer_norm_ROPEFalse_UHD1_ap_fixed_16_5_,ok,0,157,2026-10-01 18:34:45
ATTN_config_S32_D128_H8_HD64_G4_rms_norm_ROPETrue_UHD2_ap_fixed_16_5_,ok,0,160,2026-10-01 18:34:45
ATTN_config_S32_D256_H16_HD16_G1_rms_norm_ROPEFalse_UHD1_ap_fixed_16_5_,ok,0,133,2026-10-01 18:34:48
ATTN_config_S32_D128_H8_HD64_G4_layer_norm_ROPETrue_UHD4_ap_fixed_16_5_,ok,0,192,2026-10-01 18:34:51
ATTN_config_S32_D128_H8_HD64_G4_layer_norm_ROPEFalse_UHD8_ap_fixed_16_5_,ok,0,208,2026-10-01 18:34:52
ATTN_config_S32_D256_H16_HD16_G1_layer_norm_ROPEFalse_UHD2_ap_fixed_16_5_,ok,0,170,2026-10-01 18:34:58
ATTN_config_S32_D128_H8_HD64_G2_rms_norm_ROPETrue_UHD8_ap_fixed_16_5_,ok,0,224,2026-10-01 18:35:01
ATTN_config_S32_D128_H8_HD64_G4_rms_norm_ROPEFalse_UHD8_ap_fixed_16_5_,ok,0,188,2026-10-01 18:35:01
ATTN_config_S32_D128_H8_HD64_G4_rms_norm_ROPETrue_UHD4_ap_fixed_16_5_,ok,0,178,2026-10-01 18:35:04
ATTN_config_S32_D256_H16_HD16_G1_rms_norm_ROPEFalse_UHD2_ap_fixed_16_5_,ok,0,148,2026-10-01 18:35:08
ATTN_config_S32_D128_H8_HD64_G2_layer_norm_ROPETrue_UHD8_ap_fixed_16_5_,ok,0,258,2026-10-01 18:35:11
ATTN_config_S32_D256_H16_HD16_G1_layer_norm_ROPEFalse_UHD4_ap_fixed_16_5_,ok,0,178,2026-10-01 18:35:12
ATTN_config_S32_D256_H16_HD16_G1_rms_norm_ROPEFalse_UHD4_ap_fixed_16_5_,ok,0,155,2026-10-01 18:35:16
ATTN_config_S32_D256_H16_HD16_G1_rms_norm_ROPETrue_UHD1_ap_fixed_16_5_,ok,0,163,2026-10-01 18:35:34
ATTN_config_S32_D256_H16_HD16_G1_layer_norm_ROPETrue_UHD2_ap_fixed_16_5_,ok,0,193,2026-10-01 18:35:41
ATTN_config_S32_D256_H16_HD16_G2_layer_norm_ROPEFalse_UHD1_ap_fixed_16_5_,ok,0,159,2026-10-01 18:35:42
ATTN_config_S32_D256_H16_HD16_G1_layer_norm_ROPETrue_UHD1_ap_fixed_16_5_,ok,0,201,2026-10-01 18:35:45
ATTN_config_S32_D256_H16_HD16_G1_layer_norm_ROPEFalse_UHD8_ap_fixed_16_5_,ok,0,207,2026-10-01 18:35:46
ATTN_config_S32_D256_H16_HD16_G2_rms_norm_ROPEFalse_UHD1_ap_fixed_16_5_,ok,0,131,2026-10-01 18:35:47
ATTN_config_S32_D256_H16_HD16_G1_rms_norm_ROPEFalse_UHD8_ap_fixed_16_5_,ok,0,190,2026-10-01 18:35:52
ATTN_config_S32_D256_H16_HD16_G1_layer_norm_ROPETrue_UHD4_ap_fixed_16_5_,ok,0,212,2026-10-01 18:36:00
ATTN_config_S32_D128_H8_HD64_G4_layer_norm_ROPETrue_UHD8_ap_fixed_16_5_,ok,0,262,2026-10-01 18:36:01
ATTN_config_S32_D256_H16_HD16_G2_rms_norm_ROPEFalse_UHD2_ap_fixed_16_5_,ok,0,146,2026-10-01 18:36:03
ATTN_config_S32_D256_H16_HD16_G2_layer_norm_ROPEFalse_UHD4_ap_fixed_16_5_,ok,0,178,2026-10-01 18:36:03
ATTN_config_S32_D128_H8_HD64_G4_rms_norm_ROPETrue_UHD8_ap_fixed_16_5_,ok,0,239,2026-10-01 18:36:06
ATTN_config_S32_D256_H16_HD16_G1_rms_norm_ROPETrue_UHD4_ap_fixed_16_5_,ok,0,193,2026-10-01 18:36:09
ATTN_config_S32_D256_H16_HD16_G2_layer_norm_ROPEFalse_UHD2_ap_fixed_16_5_,ok,0,189,2026-10-01 18:36:14
ATTN_config_S32_D256_H16_HD16_G1_rms_norm_ROPETrue_UHD2_ap_fixed_16_5_,ok,0,205,2026-10-01 18:36:18
ATTN_config_S32_D256_H16_HD16_G2_rms_norm_ROPETrue_UHD2_ap_fixed_16_5_,ok,0,161,2026-10-01 18:36:27
ATTN_config_S32_D256_H16_HD16_G2_layer_norm_ROPETrue_UHD1_ap_fixed_16_5_,ok,0,188,2026-10-01 18:36:28
ATTN_config_S32_D256_H16_HD16_G2_rms_norm_ROPEFalse_UHD8_ap_fixed_16_5_,ok,0,169,2026-10-01 18:36:28
ATTN_config_S32_D256_H16_HD16_G2_rms_norm_ROPEFalse_UHD4_ap_fixed_16_5_,ok,0,182,2026-10-01 18:36:40
ATTN_config_S32_D256_H16_HD16_G2_layer_norm_ROPEFalse_UHD8_ap_fixed_16_5_,ok,0,212,2026-10-01 18:36:40
ATTN_config_S32_D256_H16_HD16_G1_layer_norm_ROPETrue_UHD8_ap_fixed_16_5_,ok,0,251,2026-10-01 18:36:40
ATTN_config_S32_D256_H16_HD16_G2_rms_norm_ROPETrue_UHD1_ap_fixed_16_5_,ok,0,182,2026-10-01 18:36:46
ATTN_config_S32_D256_H16_HD16_G4_layer_norm_ROPEFalse_UHD1_ap_fixed_16_5_,ok,0,146,2026-10-01 18:36:50
ATTN_config_S32_D256_H16_HD16_G2_layer_norm_ROPETrue_UHD4_ap_fixed_16_5_,ok,0,198,2026-10-01 18:36:51
ATTN_config_S32_D256_H16_HD16_G2_layer_norm_ROPETrue_UHD2_ap_fixed_16_5_,ok,0,203,2026-10-01 18:36:54
ATTN_config_S32_D256_H16_HD16_G1_rms_norm_ROPETrue_UHD8_ap_fixed_16_5_,ok,0,239,2026-10-01 18:36:58
ATTN_config_S32_D256_H16_HD16_G4_layer_norm_ROPEFalse_UHD4_ap_fixed_16_5_,ok,0,160,2026-10-01 18:37:07
ATTN_config_S32_D256_H16_HD16_G4_rms_norm_ROPEFalse_UHD1_ap_fixed_16_5_,ok,0,146,2026-10-01 18:37:11
ATTN_config_S32_D256_H16_HD16_G4_layer_norm_ROPEFalse_UHD2_ap_fixed_16_5_,ok,0,167,2026-10-01 18:37:11
ATTN_config_S32_D256_H16_HD16_G4_rms_norm_ROPEFalse_UHD2_ap_fixed_16_5_,ok,0,144,2026-10-01 18:37:12
ATTN_config_S32_D256_H16_HD16_G4_rms_norm_ROPEFalse_UHD4_ap_fixed_16_5_,ok,0,151,2026-10-01 18:37:22
ATTN_config_S32_D256_H16_HD16_G4_rms_norm_ROPETrue_UHD1_ap_fixed_16_5_,ok,0,157,2026-10-01 18:37:36
ATTN_config_S32_D256_H16_HD16_G2_rms_norm_ROPETrue_UHD4_ap_fixed_16_5_,ok,0,226,2026-10-01 18:37:44
ATTN_config_S32_D256_H16_HD16_G4_rms_norm_ROPEFalse_UHD8_ap_fixed_16_5_,ok,0,175,2026-10-01 18:37:47
ATTN_config_S32_D256_H16_HD16_G4_layer_norm_ROPEFalse_UHD8_ap_fixed_16_5_,ok,0,201,2026-10-01 18:37:48
ATTN_config_S32_D256_H16_HD16_G2_rms_norm_ROPETrue_UHD8_ap_fixed_16_5_,ok,0,221,2026-10-01 18:37:49
ATTN_config_S32_D256_H16_HD32_G1_layer_norm_ROPEFalse_UHD2_ap_fixed_16_5_,ok,0,158,2026-10-01 18:37:49
ATTN_config_S32_D256_H16_HD32_G1_layer_norm_ROPEFalse_UHD1_ap_fixed_16_5_,ok,0,162,2026-10-01 18:37:50
ATTN_config_S32_D256_H16_HD16_G4_layer_norm_ROPETrue_UHD1_ap_fixed_16_5_,ok,0,207,2026-10-01 18:37:54
ATTN_config_S32_D256_H16_HD16_G2_layer_norm_ROPETrue_UHD8_ap_fixed_16_5_,ok,0,267,2026-10-01 18:37:59
ATTN_config_S32_D256_H16_HD32_G1_layer_norm_ROPEFalse_UHD4_ap_fixed_16_5_,ok,0,169,2026-10-01 18:38:01
ATTN_config_S32_D256_H16_HD16_G4_rms_norm_ROPETrue_UHD2_ap_fixed_16_5_,ok,0,183,2026-10-01 18:38:03
ATTN_config_S32_D256_H16_HD32_G1_rms_norm_ROPEFalse_UHD1_ap_fixed_16_5_,ok,0,138,2026-10-01 18:38:03
ATTN_config_S32_D256_H16_HD32_G1_rms_norm_ROPEFalse_UHD2_ap_fixed_16_5_,ok,0,138,2026-10-01 18:38:04
ATTN_config_S32_D256_H16_HD16_G4_layer_norm_ROPETrue_UHD4_ap_fixed_16_5_,ok,0,210,2026-10-01 18:38:05
ATTN_config_S32_D256_H16_HD16_G4_layer_norm_ROPETrue_UHD2_ap_fixed_16_5_,ok,0,222,2026-10-01 18:38:11
ATTN_config_S32_D256_H16_HD16_G4_rms_norm_ROPETrue_UHD4_ap_fixed_16_5_,ok,0,203,2026-10-01 18:38:25
ATTN_config_S32_D256_H16_HD32_G1_rms_norm_ROPEFalse_UHD4_ap_fixed_16_5_,ok,0,160,2026-10-01 18:38:32
ATTN_config_S32_D256_H16_HD32_G1_layer_norm_ROPETrue_UHD1_ap_fixed_16_5_,ok,0,188,2026-10-01 18:38:41
ATTN_config_S32_D256_H16_HD32_G1_layer_norm_ROPEFalse_UHD8_ap_fixed_16_5_,ok,0,207,2026-10-01 18:38:43
ATTN_config_S32_D256_H16_HD32_G2_layer_norm_ROPEFalse_UHD2_ap_fixed_16_5_,ok,0,156,2026-10-01 18:38:50
ATTN_config_S32_D256_H16_HD32_G1_rms_norm_ROPEFalse_UHD8_ap_fixed_16_5_,ok,0,183,2026-10-01 18:39:04
ATTN_config_S32_D256_H16_HD32_G1_rms_norm_ROPETrue_UHD1_ap_fixed_16_5_,ok,0,183,2026-10-01 18:39:04
ATTN_config_S32_D256_H16_HD32_G2_layer_norm_ROPEFalse_UHD1_ap_fixed_16_5_,ok,0,177,2026-10-01 18:39:05
ATTN_config_S32_D256_H16_HD32_G2_rms_norm_ROPEFalse_UHD1_ap_fixed_16_5_,ok,0,146,2026-10-01 18:39:06
ATTN_config_S32_D256_H16_HD32_G1_layer_norm_ROPETrue_UHD2_ap_fixed_16_5_,ok,0,212,2026-10-01 18:39:13
ATTN_config_S32_D256_H16_HD16_G4_layer_norm_ROPETrue_UHD8_ap_fixed_16_5_,ok,0,271,2026-10-01 18:39:16
ATTN_config_S32_D256_H16_HD32_G1_rms_norm_ROPETrue_UHD2_ap_fixed_16_5_,ok,0,201,2026-10-01 18:39:24
ATTN_config_S32_D256_H16_HD32_G2_rms_norm_ROPEFalse_UHD2_ap_fixed_16_5_,ok,0,160,2026-10-01 18:39:25
ATTN_config_S32_D256_H16_HD32_G2_layer_norm_ROPEFalse_UHD4_ap_fixed_16_5_,ok,0,193,2026-10-01 18:39:30
ATTN_config_S32_D256_H16_HD32_G2_rms_norm_ROPETrue_UHD1_ap_fixed_16_5_,ok,0,158,2026-10-01 18:39:31
ATTN_config_S32_D256_H16_HD16_G4_rms_norm_ROPETrue_UHD8_ap_fixed_16_5_,ok,0,269,2026-10-01 18:39:33
ATTN_config_S32_D256_H16_HD32_G2_layer_norm_ROPETrue_UHD1_ap_fixed_16_5_,ok,0,187,2026-10-01 18:39:35
ATTN_config_S32_D256_H16_HD32_G2_rms_norm_ROPEFalse_UHD4_ap_fixed_16_5_,ok,0,174,2026-10-01 18:39:44
ATTN_config_S32_D256_H16_HD32_G4_layer_norm_ROPEFalse_UHD1_ap_fixed_16_5_,ok,0,154,2026-10-01 18:39:45
ATTN_config_S32_D256_H16_HD32_G2_layer_norm_ROPETrue_UHD2_ap_fixed_16_5_,ok,0,197,2026-10-01 18:39:46
ATTN_config_S32_D256_H16_HD32_G1_layer_norm_ROPETrue_UHD4_ap_fixed_16_5_,ok,0,247,2026-10-01 18:39:49
ATTN_config_S32_D256_H16_HD32_G1_rms_norm_ROPETrue_UHD4_ap_fixed_16_5_,ok,0,227,2026-10-01 18:39:51
ATTN_config_S32_D256_H16_HD32_G4_layer_norm_ROPEFalse_UHD2_ap_fixed_16_5_,ok,0,160,2026-10-01 18:39:52
ATTN_config_S32_D256_H16_HD32_G2_rms_norm_ROPEFalse_UHD8_ap_fixed_16_5_,ok,0,182,2026-10-01 18:39:53
ATTN_config_S32_D256_H16_HD32_G2_layer_norm_ROPEFalse_UHD8_ap_fixed_16_5_,ok,0,208,2026-10-01 18:39:55
ATTN_config_S32_D256_H16_HD32_G4_rms_norm_ROPEFalse_UHD2_ap_fixed_16_5_,ok,0,143,2026-10-01 18:40:12
ATTN_config_S32_D256_H16_HD32_G1_rms_norm_ROPETrue_UHD8_ap_fixed_16_5_,ok,0,247,2026-10-01 18:40:13
ATTN_config_S32_D256_H16_HD32_G2_rms_norm_ROPETrue_UHD2_ap_fixed_16_5_,ok,0,197,2026-10-01 18:40:15
ATTN_config_S32_D256_H16_HD32_G4_layer_norm_ROPEFalse_UHD4_ap_fixed_16_5_,ok,0,177,2026-10-01 18:40:19
ATTN_config_S32_D256_H16_HD32_G4_rms_norm_ROPEFalse_UHD1_ap_fixed_16_5_,ok,0,153,2026-10-01 18:40:22
ATTN_config_S32_D256_H16_HD32_G4_rms_norm_ROPEFalse_UHD4_ap_fixed_16_5_,ok,0,156,2026-10-01 18:40:31
ATTN_config_S32_D256_H16_HD32_G1_layer_norm_ROPETrue_UHD8_ap_fixed_16_5_,ok,0,286,2026-10-01 18:40:31
ATTN_config_S32_D256_H16_HD64_G1_layer_norm_ROPEFalse_UHD1_ap_fixed_16_5_,ok,0,149,2026-10-01 18:40:35
ATTN_config_S32_D256_H16_HD32_G4_rms_norm_ROPETrue_UHD1_ap_fixed_16_5_,ok,0,163,2026-10-01 18:40:43
ATTN_config_S32_D256_H16_HD32_G2_layer_norm_ROPETrue_UHD4_ap_fixed_16_5_,ok,0,248,2026-10-01 18:40:48
ATTN_config_S32_D256_H16_HD32_G2_rms_norm_ROPETrue_UHD4_ap_fixed_16_5_,ok,0,222,2026-10-01 18:40:49
ATTN_config_S32_D256_H16_HD64_G1_layer_norm_ROPEFalse_UHD2_ap_fixed_16_5_,ok,0,160,2026-10-01 18:40:51
ATTN_config_S32_D256_H16_HD32_G4_rms_norm_ROPETrue_UHD2_ap_fixed_16_5_,ok,0,177,2026-10-01 18:41:00
ATTN_config_S32_D256_H16_HD32_G4_layer_norm_ROPETrue_UHD1_ap_fixed_16_5_,ok,0,198,2026-10-01 18:41:02
ATTN_config_S32_D256_H16_HD32_G4_layer_norm_ROPEFalse_UHD8_ap_fixed_16_5_,ok,0,212,2026-10-01 18:41:07
ATTN_config_S32_D256_H16_HD32_G2_layer_norm_ROPETrue_UHD8_ap_fixed_16_5_,ok,0,273,2026-10-01 18:41:13
ATTN_config_S32_D256_H16_HD64_G1_layer_norm_ROPEFalse_UHD4_ap_fixed_16_5_,ok,0,169,2026-10-01 18:41:14
ATTN_config_S32_D256_H16_HD32_G4_rms_norm_ROPEFalse_UHD8_ap_fixed_16_5_,ok,0,195,2026-10-01 18:41:14
ATTN_config_S32_D256_H16_HD64_G1_rms_norm_ROPEFalse_UHD1_ap_fixed_16_5_,ok,0,133,2026-10-01 18:41:17
ATTN_config_S32_D256_H16_HD32_G4_layer_norm_ROPETrue_UHD4_ap_fixed_16_5_,ok,0,213,2026-10-01 18:41:21
ATTN_config_S32_D256_H16_HD32_G2_rms_norm_ROPETrue_UHD8_ap_fixed_16_5_,ok,0,252,2026-10-01 18:41:23
ATTN_config_S32_D256_H16_HD32_G4_layer_norm_ROPETrue_UHD2_ap_fixed_16_5_,ok,0,221,2026-10-01 18:41:27
ATTN_config_S32_D256_H16_HD64_G1_rms_norm_ROPEFalse_UHD4_ap_fixed_16_5_,ok,0,153,2026-10-01 18:41:40
ATTN_config_S32_D256_H16_HD32_G4_rms_norm_ROPETrue_UHD4_ap_fixed_16_5_,ok,0,219,2026-10-01 18:41:42
ATTN_config_S32_D256_H16_HD64_G1_rms_norm_ROPEFalse_UHD2_ap_fixed_16_5_,ok,0,158,2026-10-01 18:41:44
ATTN_config_S32_D256_H16_HD64_G1_layer_norm_ROPETrue_UHD2_ap_fixed_16_5_,ok,0,196,2026-10-01 18:41:59
ATTN_config_S32_D256_H16_HD64_G1_rms_norm_ROPETrue_UHD1_ap_fixed_16_5_,ok,0,164,2026-10-01 18:42:00
ATTN_config_S32_D256_H16_HD64_G2_rms_norm_ROPEFalse_UHD1_ap_fixed_16_5_,ok,0,129,2026-10-01 18:42:01
ATTN_config_S32_D256_H16_HD32_G4_layer_norm_ROPETrue_UHD8_ap_fixed_16_5_,ok,0,253,2026-10-01 18:42:02
ATTN_config_S32_D256_H16_HD64_G1_rms_norm_ROPEFalse_UHD8_ap_fixed_16_5_,ok,0,170,2026-10-01 18:42:02
ATTN_config_S32_D256_H16_HD64_G1_layer_norm_ROPETrue_UHD1_ap_fixed_16_5_,ok,0,202,2026-10-01 18:42:03
ATTN_config_S32_D256_H16_HD64_G1_layer_norm_ROPEFalse_UHD8_ap_fixed_16_5_,ok,0,212,2026-10-01 18:42:04
ATTN_config_S32_D256_H16_HD32_G4_rms_norm_ROPETrue_UHD8_ap_fixed_16_5_,ok,0,239,2026-10-01 18:42:04
ATTN_config_S32_D256_H16_HD64_G2_rms_norm_ROPEFalse_UHD2_ap_fixed_16_5_,ok,0,135,2026-10-01 18:42:08
ATTN_config_S32_D256_H16_HD64_G1_rms_norm_ROPETrue_UHD2_ap_fixed_16_5_,ok,0,166,2026-10-01 18:42:10
ATTN_config_S32_D256_H16_HD64_G2_layer_norm_ROPEFalse_UHD1_ap_fixed_16_5_,ok,0,166,2026-10-01 18:42:17
ATTN_config_S32_D256_H16_HD64_G1_layer_norm_ROPETrue_UHD4_ap_fixed_16_5_,ok,0,209,2026-10-01 18:42:18
ATTN_config_S32_D256_H16_HD64_G2_rms_norm_ROPEFalse_UHD4_ap_fixed_16_5_,ok,0,150,2026-10-01 18:42:25
ATTN_config_S32_D256_H16_HD64_G2_layer_norm_ROPEFalse_UHD2_ap_fixed_16_5_,ok,0,175,2026-10-01 18:42:28
ATTN_config_S32_D256_H16_HD64_G2_layer_norm_ROPEFalse_UHD4_ap_fixed_16_5_,ok,0,175,2026-10-01 18:42:30
ATTN_config_S32_D256_H16_HD64_G2_layer_norm_ROPETrue_UHD1_ap_fixed_16_5_,ok,0,167,2026-10-01 18:42:32
ATTN_config_S32_D256_H16_HD64_G1_rms_norm_ROPETrue_UHD4_ap_fixed_16_5_,ok,0,187,2026-10-01 18:42:33
ATTN_config_S32_D256_H16_HD64_G2_rms_norm_ROPETrue_UHD1_ap_fixed_16_5_,ok,0,153,2026-10-01 18:42:46
ATTN_config_S32_D256_H16_HD64_G2_layer_norm_ROPETrue_UHD2_ap_fixed_16_5_,ok,0,181,2026-10-01 18:42:47
ATTN_config_S32_D256_H16_HD64_G2_layer_norm_ROPEFalse_UHD8_ap_fixed_16_5_,ok,0,188,2026-10-01 18:42:52
ATTN_config_S32_D256_H16_HD64_G4_layer_norm_ROPEFalse_UHD1_ap_fixed_16_5_,ok,0,144,2026-10-01 18:42:55
ATTN_config_S32_D256_H16_HD64_G2_rms_norm_ROPEFalse_UHD8_ap_fixed_16_5_,ok,0,166,2026-10-01 18:42:59
ATTN_config_S32_D256_H16_HD64_G2_rms_norm_ROPETrue_UHD2_ap_fixed_16_5_,ok,0,165,2026-10-01 18:43:01
ATTN_config_S32_D256_H16_HD64_G4_rms_norm_ROPEFalse_UHD1_ap_fixed_16_5_,ok,0,123,2026-10-01 18:43:05
ATTN_config_S32_D256_H16_HD64_G2_layer_norm_ROPETrue_UHD4_ap_fixed_16_5_,ok,0,204,2026-10-01 18:43:13
ATTN_config_S32_D256_H16_HD64_G4_layer_norm_ROPEFalse_UHD2_ap_fixed_16_5_,ok,0,167,2026-10-01 18:43:18
ATTN_config_S32_D256_H16_HD64_G2_rms_norm_ROPETrue_UHD4_ap_fixed_16_5_,ok,0,184,2026-10-01 18:43:23
ATTN_config_S32_D256_H16_HD64_G4_rms_norm_ROPEFalse_UHD2_ap_fixed_16_5_,ok,0,139,2026-10-01 18:43:26
ATTN_config_S32_D256_H16_HD64_G4_layer_norm_ROPEFalse_UHD4_ap_fixed_16_5_,ok,0,176,2026-10-01 18:43:31
ATTN_config_S32_D256_H16_HD64_G1_rms_norm_ROPETrue_UHD8_ap_fixed_16_5_,ok,0,243,2026-10-01 18:43:33
ATTN_config_S32_D256_H16_HD64_G4_layer_norm_ROPETrue_UHD1_ap_fixed_16_5_,ok,0,167,2026-10-01 18:43:35
ATTN_config_S32_D256_H16_HD64_G4_rms_norm_ROPEFalse_UHD4_ap_fixed_16_5_,ok,0,150,2026-10-01 18:43:43
ATTN_config_S32_D256_H16_HD64_G4_rms_norm_ROPETrue_UHD1_ap_fixed_16_5_,ok,0,154,2026-10-01 18:43:48
ATTN_config_S32_D256_H16_HD64_G4_rms_norm_ROPETrue_UHD2_ap_fixed_16_5_,ok,0,159,2026-10-01 18:43:56
ATTN_config_S32_D256_H16_HD64_G4_layer_norm_ROPETrue_UHD2_ap_fixed_16_5_,ok,0,189,2026-10-01 18:43:58
ATTN_config_S32_D256_H32_HD16_G1_layer_norm_ROPEFalse_UHD1_ap_fixed_16_5_,ok,0,151,2026-10-01 18:43:59
ATTN_config_S32_D256_H16_HD64_G1_layer_norm_ROPETrue_UHD8_ap_fixed_16_5_,ok,0,297,2026-10-01 18:44:00
ATTN_config_S32_D256_H16_HD64_G4_layer_norm_ROPEFalse_UHD8_ap_fixed_16_5_,ok,0,198,2026-10-01 18:44:01
ATTN_config_S32_D256_H16_HD64_G2_layer_norm_ROPETrue_UHD8_ap_fixed_16_5_,ok,0,261,2026-10-01 18:44:12
ATTN_config_S32_D256_H32_HD16_G1_rms_norm_ROPEFalse_UHD2_ap_fixed_16_5_,ok,0,132,2026-10-01 18:44:14
ATTN_config_S32_D256_H16_HD64_G4_rms_norm_ROPEFalse_UHD8_ap_fixed_16_5_,ok,0,183,2026-10-01 18:44:17
ATTN_config_S32_D256_H32_HD16_G1_layer_norm_ROPEFalse_UHD2_ap_fixed_16_5_,ok,0,160,2026-10-01 18:44:20
ATTN_config_S32_D256_H32_HD16_G1_rms_norm_ROPEFalse_UHD1_ap_fixed_16_5_,ok,0,142,2026-10-01 18:44:24
ATTN_config_S32_D256_H16_HD64_G2_rms_norm_ROPETrue_UHD8_ap_fixed_16_5_,ok,0,245,2026-10-01 18:44:28
ATTN_config_S32_D256_H16_HD64_G4_rms_norm_ROPETrue_UHD4_ap_fixed_16_5_,ok,0,187,2026-10-01 18:44:28
ATTN_config_S32_D256_H32_HD16_G1_rms_norm_ROPEFalse_UHD4_ap_fixed_16_5_,ok,0,145,2026-10-01 18:44:29
ATTN_config_S32_D256_H16_HD64_G4_layer_norm_ROPETrue_UHD4_ap_fixed_16_5_,ok,0,222,2026-10-01 18:44:33
ATTN_config_S32_D256_H32_HD16_G1_rms_norm_ROPETrue_UHD1_ap_fixed_16_5_,ok,0,146,2026-10-01 18:44:34
ATTN_config_S32_D256_H32_HD16_G1_layer_norm_ROPEFalse_UHD4_ap_fixed_16_5_,ok,0,175,2026-10-01 18:44:37
ATTN_config_S32_D256_H32_HD16_G2_layer_norm_ROPEFalse_UHD1_ap_fixed_16_5_,ok,0,141,2026-10-01 18:44:46
ATTN_config_S32_D256_H32_HD16_G2_rms_norm_ROPEFalse_UHD1_ap_fixed_16_5_,ok,0,132,2026-10-01 18:45:07
ATTN_config_S32_D256_H16_HD64_G4_layer_norm_ROPETrue_UHD8_ap_fixed_16_5_,ok,0,251,2026-10-01 18:45:11
ATTN_config_S32_D256_H32_HD16_G2_rms_norm_ROPEFalse_UHD2_ap_fixed_16_5_,ok,0,132,2026-10-01 18:45:11
ATTN_config_S32_D256_H32_HD16_G1_layer_norm_ROPEFalse_UHD8_ap_fixed_16_5_,ok,0,208,2026-10-01 18:45:11
ATTN_config_S32_D256_H16_HD64_G4_rms_norm_ROPETrue_UHD8_ap_fixed_16_5_,ok,0,235,2026-10-01 18:45:18
ATTN_config_S32_D256_H32_HD16_G1_rms_norm_ROPETrue_UHD2_ap_fixed_16_5_,ok,0,189,2026-10-01 18:45:19
ATTN_config_S32_D256_H32_HD16_G1_rms_norm_ROPEFalse_UHD8_ap_fixed_16_5_,ok,0,195,2026-10-01 18:45:19
ATTN_config_S32_D256_H32_HD16_G2_layer_norm_ROPEFalse_UHD2_ap_fixed_16_5_,ok,0,171,2026-10-01 18:45:20
ATTN_config_S32_D256_H32_HD16_G1_layer_norm_ROPETrue_UHD1_ap_fixed_16_5_,ok,0,201,2026-10-01 18:45:20
ATTN_config_S32_D256_H32_HD16_G2_layer_norm_ROPEFalse_UHD4_ap_fixed_16_5_,ok,0,173,2026-10-01 18:45:24
ATTN_config_S32_D256_H32_HD16_G1_layer_norm_ROPETrue_UHD2_ap_fixed_16_5_,ok,0,208,2026-10-01 18:45:28
ATTN_config_S32_D256_H32_HD16_G2_rms_norm_ROPEFalse_UHD4_ap_fixed_16_5_,ok,0,147,2026-10-01 18:45:28
ATTN_config_S32_D256_H32_HD16_G1_rms_norm_ROPETrue_UHD4_ap_fixed_16_5_,ok,0,193,2026-10-01 18:45:30
ATTN_config_S32_D256_H32_HD16_G2_layer_norm_ROPEFalse_UHD8_ap_fixed_16_5_,ok,0,192,2026-10-01 18:45:43
ATTN_config_S32_D256_H32_HD16_G2_layer_norm_ROPETrue_UHD1_ap_fixed_16_5_,ok,0,196,2026-10-01 18:45:48
ATTN_config_S32_D256_H32_HD16_G2_rms_norm_ROPEFalse_UHD8_ap_fixed_16_5_,ok,0,174,2026-10-01 18:45:58
ATTN_config_S32_D256_H32_HD16_G1_layer_norm_ROPETrue_UHD4_ap_fixed_16_5_,ok,0,238,2026-10-01 18:45:59
ATTN_config_S32_D256_H32_HD16_G1_layer_norm_ROPETrue_UHD8_ap_fixed_16_5_,ok,0,240,2026-10-01 18:46:01
ATTN_config_S32_D256_H32_HD16_G1_rms_norm_ROPETrue_UHD8_ap_fixed_16_5_,ok,0,225,2026-10-01 18:46:03
ATTN_config_S32_D256_H32_HD16_G4_layer_norm_ROPEFalse_UHD2_ap_fixed_16_5_,ok,0,153,2026-10-01 18:46:07
ATTN_config_S32_D256_H32_HD16_G2_rms_norm_ROPETrue_UHD2_ap_fixed_16_5_,ok,0,169,2026-10-01 18:46:07
ATTN_config_S32_D256_H32_HD16_G2_rms_norm_ROPETrue_UHD1_ap_fixed_16_5_,ok,0,175,2026-10-01 18:46:08
ATTN_config_S32_D256_H32_HD16_G4_rms_norm_ROPEFalse_UHD1_ap_fixed_16_5_,ok,0,129,2026-10-01 18:46:10
ATTN_config_S32_D256_H32_HD16_G4_layer_norm_ROPEFalse_UHD1_ap_fixed_16_5_,ok,0,166,2026-10-01 18:46:16
ATTN_config_S32_D256_H32_HD16_G2_layer_norm_ROPETrue_UHD2_ap_fixed_16_5_,ok,0,211,2026-10-01 18:46:18
ATTN_config_S32_D256_H32_HD16_G4_rms_norm_ROPEFalse_UHD2_ap_fixed_16_5_,ok,0,153,2026-10-01 18:46:34
ATTN_config_S32_D256_H32_HD16_G2_rms_norm_ROPETrue_UHD4_ap_fixed_16_5_,ok,0,194,2026-10-01 18:46:37
ATTN_config_S32_D256_H32_HD16_G2_layer_norm_ROPETrue_UHD4_ap_fixed_16_5_,ok,0,234,2026-10-01 18:46:41
ATTN_config_S32_D256_H32_HD16_G4_rms_norm_ROPEFalse_UHD4_ap_fixed_16_5_,ok,0,151,2026-10-01 18:46:43
ATTN_config_S32_D256_H32_HD16_G4_layer_norm_ROPEFalse_UHD4_ap_fixed_16_5_,ok,0,189,2026-10-01 18:46:43
ATTN_config_S32_D256_H32_HD16_G4_layer_norm_ROPEFalse_UHD8_ap_fixed_16_5_,ok,0,191,2026-10-01 18:46:54
ATTN_config_S32_D256_H32_HD16_G4_layer_norm_ROPETrue_UHD1_ap_fixed_16_5_,ok,0,191,2026-10-01 18:46:59
ATTN_config_S32_D256_H32_HD16_G4_layer_norm_ROPETrue_UHD2_ap_fixed_16_5_,ok,0,186,2026-10-01 18:47:03
ATTN_config_S32_D256_H32_HD16_G4_rms_norm_ROPETrue_UHD2_ap_fixed_16_5_,ok,0,168,2026-10-01 18:47:07
ATTN_config_S32_D256_H32_HD16_G4_rms_norm_ROPEFalse_UHD8_ap_fixed_16_5_,ok,0,174,2026-10-01 18:47:09
ATTN_config_S32_D256_H32_HD32_G1_layer_norm_ROPEFalse_UHD2_ap_fixed_16_5_,ok,0,163,2026-10-01 18:47:12
ATTN_config_S32_D256_H32_HD16_G2_rms_norm_ROPETrue_UHD8_ap_fixed_16_5_,ok,0,226,2026-10-01 18:47:12
ATTN_config_S32_D256_H32_HD16_G4_rms_norm_ROPETrue_UHD1_ap_fixed_16_5_,ok,0,181,2026-10-01 18:47:18
ATTN_config_S32_D256_H32_HD32_G1_layer_norm_ROPEFalse_UHD4_ap_fixed_16_5_,ok,0,168,2026-10-01 18:47:21
ATTN_config_S32_D256_H32_HD32_G1_layer_norm_ROPEFalse_UHD1_ap_fixed_16_5_,ok,0,174,2026-10-01 18:47:22
ATTN_config_S32_D256_H32_HD32_G1_layer_norm_ROPETrue_UHD1_ap_fixed_16_5_,ok,0,178,2026-10-01 18:47:35
ATTN_config_S32_D256_H32_HD32_G1_rms_norm_ROPEFalse_UHD1_ap_fixed_16_5_,ok,0,146,2026-10-01 18:47:37
ATTN_config_S32_D256_H32_HD32_G1_rms_norm_ROPEFalse_UHD2_ap_fixed_16_5_,ok,0,154,2026-10-01 18:47:45
ATTN_config_S32_D256_H32_HD16_G2_layer_norm_ROPETrue_UHD8_ap_fixed_16_5_,ok,0,296,2026-10-01 18:47:48
ATTN_config_S32_D256_H32_HD32_G1_layer_norm_ROPEFalse_UHD8_ap_fixed_16_5_,ok,0,196,2026-10-01 18:47:50
ATTN_config_S32_D256_H32_HD16_G4_rms_norm_ROPETrue_UHD4_ap_fixed_16_5_,ok,0,210,2026-10-01 18:47:54
ATTN_config_S32_D256_H32_HD32_G1_rms_norm_ROPEFalse_UHD4_ap_fixed_16_5_,ok,0,161,2026-10-01 18:47:59
ATTN_config_S32_D256_H32_HD16_G4_layer_norm_ROPETrue_UHD4_ap_fixed_16_5_,ok,0,242,2026-10-01 18:48:00
ATTN_config_S32_D256_H32_HD32_G1_layer_norm_ROPETrue_UHD2_ap_fixed_16_5_,ok,0,210,2026-10-01 18:48:16
ATTN_config_S32_D256_H32_HD32_G1_rms_norm_ROPETrue_UHD1_ap_fixed_16_5_,ok,0,177,2026-10-01 18:48:16
ATTN_config_S32_D256_H32_HD32_G2_layer_norm_ROPEFalse_UHD1_ap_fixed_16_5_,ok,0,169,2026-10-01 18:48:17
ATTN_config_S32_D256_H32_HD32_G2_layer_norm_ROPEFalse_UHD2_ap_fixed_16_5_,ok,0,172,2026-10-01 18:48:20
ATTN_config_S32_D256_H32_HD32_G2_rms_norm_ROPEFalse_UHD1_ap_fixed_16_5_,ok,0,142,2026-10-01 18:48:25
ATTN_config_S32_D256_H32_HD16_G4_layer_norm_ROPETrue_UHD8_ap_fixed_16_5_,ok,0,268,2026-10-01 18:48:27
ATTN_config_S32_D256_H32_HD32_G1_rms_norm_ROPETrue_UHD2_ap_fixed_16_5_,ok,0,189,2026-10-01 18:48:28
ATTN_config_S32_D256_H32_HD32_G2_layer_norm_ROPEFalse_UHD4_ap_fixed_16_5_,ok,0,179,2026-10-01 18:48:29
ATTN_config_S32_D256_H32_HD32_G1_rms_norm_ROPEFalse_UHD8_ap_fixed_16_5_,ok,0,194,2026-10-01 18:48:34
ATTN_config_S32_D256_H32_HD32_G1_rms_norm_ROPETrue_UHD4_ap_fixed_16_5_,ok,0,199,2026-10-01 18:48:39
ATTN_config_S32_D256_H32_HD32_G2_rms_norm_ROPEFalse_UHD2_ap_fixed_16_5_,ok,0,164,2026-10-01 18:48:51
ATTN_config_S32_D256_H32_HD16_G4_rms_norm_ROPETrue_UHD8_ap_fixed_16_5_,ok,0,272,2026-10-01 18:48:59
ATTN_config_S32_D256_H32_HD32_G1_layer_norm_ROPETrue_UHD4_ap_fixed_16_5_,ok,0,232,2026-10-01 18:48:59
ATTN_config_S32_D256_H32_HD32_G2_layer_norm_ROPETrue_UHD1_ap_fixed_16_5_,ok,0,196,2026-10-01 18:49:05
ATTN_config_S32_D256_H32_HD32_G2_rms_norm_ROPEFalse_UHD4_ap_fixed_16_5_,ok,0,184,2026-10-01 18:49:10
ATTN_config_S32_D256_H32_HD32_G4_layer_norm_ROPEFalse_UHD1_ap_fixed_16_5_,ok,0,158,2026-10-01 18:49:14
ATTN_config_S32_D256_H32_HD32_G2_rms_norm_ROPETrue_UHD1_ap_fixed_16_5_,ok,0,192,2026-10-01 18:49:22
ATTN_config_S32_D256_H32_HD32_G2_layer_norm_ROPEFalse_UHD8_ap_fixed_16_5_,ok,0,220,2026-10-01 18:49:24
ATTN_config_S32_D256_H32_HD32_G2_rms_norm_ROPEFalse_UHD8_ap_fixed_16_5_,ok,0,199,2026-10-01 18:49:27
ATTN_config_S32_D256_H32_HD32_G2_rms_norm_ROPETrue_UHD2_ap_fixed_16_5_,ok,0,197,2026-10-01 18:49:34
ATTN_config_S32_D256_H32_HD32_G4_layer_norm_ROPEFalse_UHD2_ap_fixed_16_5_,ok,0,174,2026-10-01 18:49:35
ATTN_config_S32_D256_H32_HD32_G4_rms_norm_ROPEFalse_UHD1_ap_fixed_16_5_,ok,0,148,2026-10-01 18:49:37
ATTN_config_S32_D256_H32_HD32_G4_rms_norm_ROPEFalse_UHD2_ap_fixed_16_5_,ok,0,151,2026-10-01 18:49:43
ATTN_config_S32_D256_H32_HD32_G2_layer_norm_ROPETrue_UHD2_ap_fixed_16_5_,ok,0,232,2026-10-01 18:49:51
ATTN_config_S32_D256_H32_HD32_G4_layer_norm_ROPEFalse_UHD4_ap_fixed_16_5_,ok,0,188,2026-10-01 18:49:51
ATTN_config_S32_D256_H32_HD32_G1_layer_norm_ROPETrue_UHD8_ap_fixed_16_5_,ok,0,286,2026-10-01 18:49:56
ATTN_config_S32_D256_H32_HD32_G2_rms_norm_ROPETrue_UHD4_ap_fixed_16_5_,ok,0,219,2026-10-01 18:49:57
ATTN_config_S32_D256_H32_HD32_G1_rms_norm_ROPETrue_UHD8_ap_fixed_16_5_,ok,0,274,2026-10-01 18:49:57
ATTN_config_S32_D256_H32_HD32_G4_layer_norm_ROPEFalse_UHD8_ap_fixed_16_5_,ok,0,209,2026-10-01 18:50:12
ATTN_config_S32_D256_H32_HD32_G4_rms_norm_ROPETrue_UHD2_ap_fixed_16_5_,ok,0,178,2026-10-01 18:50:20
ATTN_config_S32_D256_H32_HD32_G4_layer_norm_ROPETrue_UHD1_ap_fixed_16_5_,ok,0,208,2026-10-01 18:50:22
ATTN_config_S32_D256_H32_HD32_G2_layer_norm_ROPETrue_UHD4_ap_fixed_16_5_,ok,0,266,2026-10-01 18:50:25
ATTN_config_S32_D256_H32_HD32_G4_rms_norm_ROPEFalse_UHD4_ap_fixed_16_5_,ok,0,194,2026-10-01 18:50:26
ATTN_config_S32_D256_H32_HD32_G4_rms_norm_ROPEFalse_UHD8_ap_fixed_16_5_,ok,0,188,2026-10-01 18:50:26
ATTN_config_S32_D256_H32_HD64_G1_rms_norm_ROPEFalse_UHD1_ap_fixed_16_5_,ok,0,137,2026-10-01 18:50:34
ATTN_config_S32_D256_H32_HD64_G1_layer_norm_ROPEFalse_UHD1_ap_fixed_16_5_,ok,0,169,2026-10-01 18:50:34
ATTN_config_S32_D256_H32_HD32_G4_layer_norm_ROPETrue_UHD2_ap_fixed_16_5_,ok,0,216,2026-10-01 18:50:35
ATTN_config_S32_D256_H32_HD32_G4_rms_norm_ROPETrue_UHD1_ap_fixed_16_5_,ok,0,195,2026-10-01 18:50:37
ATTN_config_S32_D256_H32_HD32_G2_rms_norm_ROPETrue_UHD8_ap_fixed_16_5_,ok,0,250,2026-10-01 18:50:44
ATTN_config_S32_D256_H32_HD32_G2_layer_norm_ROPETrue_UHD8_ap_fixed_16_5_,ok,0,286,2026-10-01 18:50:47
ATTN_config_S32_D256_H32_HD64_G1_rms_norm_ROPEFalse_UHD2_ap_fixed_16_5_,ok,0,149,2026-10-01 18:50:49
ATTN_config_S32_D256_H32_HD64_G1_layer_norm_ROPEFalse_UHD4_ap_fixed_16_5_,ok,0,179,2026-10-01 18:50:49
ATTN_config_S32_D256_H32_HD32_G4_rms_norm_ROPETrue_UHD4_ap_fixed_16_5_,ok,0,204,2026-10-01 18:50:58
ATTN_config_S32_D256_H32_HD64_G1_layer_norm_ROPEFalse_UHD2_ap_fixed_16_5_,ok,0,200,2026-10-01 18:51:08
ATTN_config_S32_D256_H32_HD64_G1_layer_norm_ROPETrue_UHD1_ap_fixed_16_5_,ok,0,193,2026-10-01 18:51:12
ATTN_config_S32_D256_H32_HD64_G1_layer_norm_ROPEFalse_UHD8_ap_fixed_16_5_,ok,0,212,2026-10-01 18:51:26
ATTN_config_S32_D256_H32_HD32_G4_layer_norm_ROPETrue_UHD4_ap_fixed_16_5_,ok,0,267,2026-10-01 18:51:29
ATTN_config_S32_D256_H32_HD64_G1_rms_norm_ROPEFalse_UHD4_ap_fixed_16_5_,ok,0,193,2026-10-01 18:51:39
ATTN_config_S32_D256_H32_HD64_G2_layer_norm_ROPEFalse_UHD1_ap_fixed_16_5_,ok,0,170,2026-10-01 18:51:41
ATTN_config_S32_D256_H32_HD64_G1_layer_norm_ROPETrue_UHD2_ap_fixed_16_5_,ok,0,224,2026-10-01 18:51:44
ATTN_config_S32_D256_H32_HD32_G4_rms_norm_ROPETrue_UHD8_ap_fixed_16_5_,ok,0,252,2026-10-01 18:51:48
ATTN_config_S32_D256_H32_HD64_G1_rms_norm_ROPETrue_UHD1_ap_fixed_16_5_,ok,0,207,2026-10-01 18:51:55
ATTN_config_S32_D256_H32_HD64_G1_layer_norm_ROPETrue_UHD4_ap_fixed_16_5_,ok,0,221,2026-10-01 18:51:56
ATTN_config_S32_D256_H32_HD64_G2_rms_norm_ROPEFalse_UHD2_ap_fixed_16_5_,ok,0,145,2026-10-01 18:51:59
ATTN_config_S32_D256_H32_HD64_G1_rms_norm_ROPETrue_UHD4_ap_fixed_16_5_,ok,0,209,2026-10-01 18:52:03
ATTN_config_S32_D256_H32_HD64_G1_rms_norm_ROPETrue_UHD2_ap_fixed_16_5_,ok,0,216,2026-10-01 18:52:05
ATTN_config_S32_D256_H32_HD64_G2_rms_norm_ROPEFalse_UHD1_ap_fixed_16_5_,ok,0,159,2026-10-01 18:52:06
ATTN_config_S32_D256_H32_HD64_G1_rms_norm_ROPEFalse_UHD8_ap_fixed_16_5_,ok,0,219,2026-10-01 18:52:06
ATTN_config_S32_D256_H32_HD64_G2_rms_norm_ROPEFalse_UHD4_ap_fixed_16_5_,ok,0,156,2026-10-01 18:52:10
ATTN_config_S32_D256_H32_HD64_G2_layer_norm_ROPEFalse_UHD2_ap_fixed_16_5_,ok,0,195,2026-10-01 18:52:14
ATTN_config_S32_D256_H32_HD32_G4_layer_norm_ROPETrue_UHD8_ap_fixed_16_5_,ok,0,311,2026-10-01 18:52:18
ATTN_config_S32_D256_H32_HD64_G2_layer_norm_ROPEFalse_UHD8_ap_fixed_16_5_,ok,0,200,2026-10-01 18:52:25
ATTN_config_S32_D256_H32_HD64_G2_layer_norm_ROPEFalse_UHD4_ap_fixed_16_5_,ok,0,210,2026-10-01 18:52:29
ATTN_config_S32_D256_H32_HD64_G2_rms_norm_ROPETrue_UHD1_ap_fixed_16_5_,ok,0,167,2026-10-01 18:52:30
ATTN_config_S32_D256_H32_HD64_G2_rms_norm_ROPEFalse_UHD8_ap_fixed_16_5_,ok,0,181,2026-10-01 18:52:38
ATTN_config_S32_D256_H32_HD64_G4_layer_norm_ROPEFalse_UHD1_ap_fixed_16_5_,ok,0,166,2026-10-01 18:52:43
ATTN_config_S32_D256_H32_HD64_G2_rms_norm_ROPETrue_UHD2_ap_fixed_16_5_,ok,0,173,2026-10-01 18:52:43
ATTN_config_S32_D256_H32_HD64_G2_layer_norm_ROPETrue_UHD1_ap_fixed_16_5_,ok,0,216,2026-10-01 18:52:46
ATTN_config_S32_D256_H32_HD64_G1_layer_norm_ROPETrue_UHD8_ap_fixed_16_5_,ok,0,278,2026-10-01 18:52:54
ATTN_config_S32_D256_H32_HD64_G4_layer_norm_ROPEFalse_UHD2_ap_fixed_16_5_,ok,0,180,2026-10-01 18:52:57
ATTN_config_S32_D256_H32_HD64_G4_rms_norm_ROPEFalse_UHD2_ap_fixed_16_5_,ok,0,153,2026-10-01 18:53:07
ATTN_config_S32_D256_H32_HD64_G2_rms_norm_ROPETrue_UHD4_ap_fixed_16_5_,ok,0,199,2026-10-01 18:53:10
ATTN_config_S32_D256_H32_HD64_G2_layer_norm_ROPETrue_UHD2_ap_fixed_16_5_,ok,0,238,2026-10-01 18:53:12
ATTN_config_S32_D256_H32_HD64_G4_rms_norm_ROPEFalse_UHD1_ap_fixed_16_5_,ok,0,159,2026-10-01 18:53:13
ATTN_config_S32_D256_H32_HD64_G1_rms_norm_ROPETrue_UHD8_ap_fixed_16_5_,ok,0,279,2026-10-01 18:53:18
ATTN_config_S32_D256_H32_HD64_G4_rms_norm_ROPEFalse_UHD4_ap_fixed_16_5_,ok,0,166,2026-10-01 18:53:21
ATTN_config_S32_D256_H32_HD64_G4_layer_norm_ROPEFalse_UHD4_ap_fixed_16_5_,ok,0,196,2026-10-01 18:53:29
ATTN_config_S32_D256_H32_HD64_G4_layer_norm_ROPETrue_UHD1_ap_fixed_16_5_,ok,0,189,2026-10-01 18:53:31
ATTN_config_S32_D256_H8_HD16_G1_layer_norm_ROPEFalse_UHD1_ap_fixed_16_5_,ok,0,156,2026-10-01 18:53:34
ATTN_config_S32_D256_H32_HD64_G2_layer_norm_ROPETrue_UHD4_ap_fixed_16_5_,ok,0,253,2026-10-01 18:53:35
ATTN_config_S32_D256_H32_HD64_G4_rms_norm_ROPETrue_UHD1_ap_fixed_16_5_,ok,0,173,2026-10-01 18:53:37
ATTN_config_S32_D256_H32_HD64_G4_rms_norm_ROPEFalse_UHD8_ap_fixed_16_5_,ok,0,185,2026-10-01 18:53:42
ATTN_config_S32_D256_H32_HD64_G2_layer_norm_ROPETrue_UHD8_ap_fixed_16_5_,ok,0,268,2026-10-01 18:53:52
ATTN_config_S32_D256_H8_HD16_G1_layer_norm_ROPEFalse_UHD2_ap_fixed_16_5_,ok,0,168,2026-10-01 18:53:56
ATTN_config_S32_D256_H32_HD64_G4_rms_norm_ROPETrue_UHD2_ap_fixed_16_5_,ok,0,192,2026-10-01 18:53:59
ATTN_config_S32_D256_H8_HD16_G1_rms_norm_ROPEFalse_UHD1_ap_fixed_16_5_,ok,0,133,2026-10-01 18:54:02
ATTN_config_S32_D256_H32_HD64_G4_layer_norm_ROPETrue_UHD4_ap_fixed_16_5_,ok,0,224,2026-10-01 18:54:09
ATTN_config_S32_D256_H8_HD16_G1_layer_norm_ROPEFalse_UHD4_ap_fixed_16_5_,ok,0,178,2026-10-01 18:54:11
ATTN_config_S32_D256_H32_HD64_G4_layer_norm_ROPEFalse_UHD8_ap_fixed_16_5_,ok,0,244,2026-10-01 18:54:24
ATTN_config_S32_D256_H32_HD64_G4_layer_norm_ROPETrue_UHD2_ap_fixed_16_5_,ok,0,240,2026-10-01 18:54:25
ATTN_config_S32_D256_H32_HD64_G2_rms_norm_ROPETrue_UHD8_ap_fixed_16_5_,ok,0,271,2026-10-01 18:54:27
ATTN_config_S32_D256_H8_HD16_G1_rms_norm_ROPEFalse_UHD2_ap_fixed_16_5_,ok,0,162,2026-10-01 18:54:38
ATTN_config_S32_D256_H8_HD16_G1_layer_norm_ROPETrue_UHD1_ap_fixed_16_5_,ok,0,189,2026-10-01 18:54:38
ATTN_config_S32_D256_H8_HD16_G1_rms_norm_ROPEFalse_UHD4_ap_fixed_16_5_,ok,0,165,2026-10-01 18:54:41
ATTN_config_S32_D256_H32_HD64_G4_rms_norm_ROPETrue_UHD4_ap_fixed_16_5_,ok,0,233,2026-10-01 18:54:42
ATTN_config_S32_D256_H8_HD16_G1_rms_norm_ROPETrue_UHD2_ap_fixed_16_5_,ok,0,166,2026-10-01 18:54:51
ATTN_config_S32_D256_H8_HD16_G2_rms_norm_ROPEFalse_UHD1_ap_fixed_16_5_,ok,0,129,2026-10-01 18:54:53
ATTN_config_S32_D256_H8_HD16_G2_layer_norm_ROPEFalse_UHD2_ap_fixed_16_5_,ok,0,163,2026-10-01 18:54:57
ATTN_config_S32_D256_H8_HD16_G1_rms_norm_ROPEFalse_UHD8_ap_fixed_16_5_,ok,0,182,2026-10-01 18:55:01
ATTN_config_S32_D256_H8_HD16_G1_rms_norm_ROPETrue_UHD4_ap_fixed_16_5_,ok,0,177,2026-10-01 18:55:03
ATTN_config_S32_D256_H8_HD16_G2_rms_norm_ROPEFalse_UHD2_ap_fixed_16_5_,ok,0,138,2026-10-01 18:55:04
ATTN_config_S32_D256_H8_HD16_G2_layer_norm_ROPEFalse_UHD1_ap_fixed_16_5_,ok,0,176,2026-10-01 18:55:06
ATTN_config_S32_D256_H8_HD16_G1_layer_norm_ROPETrue_UHD4_ap_fixed_16_5_,ok,0,210,2026-10-01 18:55:11
ATTN_config_S32_D256_H8_HD16_G1_rms_norm_ROPETrue_UHD1_ap_fixed_16_5_,ok,0,189,2026-10-01 18:55:12
ATTN_config_S32_D256_H32_HD64_G4_layer_norm_ROPETrue_UHD8_ap_fixed_16_5_,ok,0,288,2026-10-01 18:55:14
ATTN_config_S32_D256_H8_HD16_G1_layer_norm_ROPETrue_UHD2_ap_fixed_16_5_,ok,0,217,2026-10-01 18:55:16
ATTN_config_S32_D256_H8_HD16_G1_layer_norm_ROPEFalse_UHD8_ap_fixed_16_5_,ok,0,235,2026-10-01 18:55:21
ATTN_config_S32_D256_H8_HD16_G2_rms_norm_ROPEFalse_UHD4_ap_fixed_16_5_,ok,0,150,2026-10-01 18:55:24
ATTN_config_S32_D256_H8_HD16_G2_layer_norm_ROPETrue_UHD2_ap_fixed_16_5_,ok,0,180,2026-10-01 18:55:30
ATTN_config_S32_D256_H8_HD16_G2_layer_norm_ROPEFalse_UHD4_ap_fixed_16_5_,ok,0,193,2026-10-01 18:55:31
ATTN_config_S32_D256_H8_HD16_G2_layer_norm_ROPEFalse_UHD8_ap_fixed_16_5_,ok,0,190,2026-10-01 18:55:35
ATTN_config_S32_D256_H8_HD16_G2_rms_norm_ROPEFalse_UHD8_ap_fixed_16_5_,ok,0,164,2026-10-01 18:55:41
ATTN_config_S32_D256_H8_HD16_G2_rms_norm_ROPETrue_UHD1_ap_fixed_16_5_,ok,0,156,2026-10-01 18:55:43
ATTN_config_S32_D256_H32_HD64_G4_rms_norm_ROPETrue_UHD8_ap_fixed_16_5_,ok,0,298,2026-10-01 18:55:47
ATTN_config_S32_D256_H8_HD16_G2_layer_norm_ROPETrue_UHD4_ap_fixed_16_5_,ok,0,195,2026-10-01 18:55:53
ATTN_config_S32_D256_H8_HD16_G2_rms_norm_ROPETrue_UHD4_ap_fixed_16_5_,ok,0,167,2026-10-01 18:55:59
ATTN_config_S32_D256_H8_HD16_G2_rms_norm_ROPETrue_UHD2_ap_fixed_16_5_,ok,0,174,2026-10-01 18:56:04
ATTN_config_S32_D256_H8_HD16_G4_rms_norm_ROPEFalse_UHD1_ap_fixed_16_5_,ok,0,133,2026-10-01 18:56:04
ATTN_config_S32_D256_H8_HD16_G2_layer_norm_ROPETrue_UHD1_ap_fixed_16_5_,ok,0,216,2026-10-01 18:56:05
ATTN_config_S32_D256_H8_HD16_G4_layer_norm_ROPEFalse_UHD2_ap_fixed_16_5_,ok,0,166,2026-10-01 18:56:07
ATTN_config_S32_D256_H8_HD16_G1_rms_norm_ROPETrue_UHD8_ap_fixed_16_5_,ok,0,243,2026-10-01 18:56:10
ATTN_config_S32_D256_H8_HD16_G4_layer_norm_ROPEFalse_UHD1_ap_fixed_16_5_,ok,0,178,2026-10-01 18:56:16
ATTN_config_S32_D256_H8_HD16_G4_rms_norm_ROPEFalse_UHD4_ap_fixed_16_5_,ok,0,137,2026-10-01 18:56:16
ATTN_config_S32_D256_H8_HD16_G4_rms_norm_ROPEFalse_UHD2_ap_fixed_16_5_,ok,0,141,2026-10-01 18:56:17
ATTN_config_S32_D256_H8_HD16_G4_layer_norm_ROPETrue_UHD1_ap_fixed_16_5_,ok,0,168,2026-10-01 18:56:22
ATTN_config_S32_D256_H8_HD16_G2_layer_norm_ROPETrue_UHD8_ap_fixed_16_5_,ok,0,229,2026-10-01 18:56:33
ATTN_config_S32_D256_H8_HD16_G2_rms_norm_ROPETrue_UHD8_ap_fixed_16_5_,ok,0,207,2026-10-01 18:56:39
ATTN_config_S32_D256_H8_HD16_G4_layer_norm_ROPEFalse_UHD4_ap_fixed_16_5_,ok,0,196,2026-10-01 18:56:44
ATTN_config_S32_D256_H8_HD16_G4_layer_norm_ROPETrue_UHD4_ap_fixed_16_5_,ok,0,188,2026-10-01 18:56:45
ATTN_config_S32_D256_H8_HD16_G4_layer_norm_ROPEFalse_UHD8_ap_fixed_16_5_,ok,0,199,2026-10-01 18:56:50
ATTN_config_S32_D256_H8_HD16_G1_layer_norm_ROPETrue_UHD8_ap_fixed_16_5_,ok,0,307,2026-10-01 18:56:51
ATTN_config_S32_D256_H8_HD16_G4_layer_norm_ROPETrue_UHD2_ap_fixed_16_5_,ok,0,197,2026-10-01 18:56:52
ATTN_config_S32_D256_H8_HD16_G4_rms_norm_ROPETrue_UHD2_ap_fixed_16_5_,ok,0,165,2026-10-01 18:56:56
ATTN_config_S32_D256_H8_HD32_G1_rms_norm_ROPEFalse_UHD1_ap_fixed_16_5_,ok,0,116,2026-10-01 18:56:57
ATTN_config_S32_D256_H8_HD16_G4_rms_norm_ROPETrue_UHD1_ap_fixed_16_5_,ok,0,175,2026-10-01 18:57:05
ATTN_config_S32_D256_H8_HD32_G1_layer_norm_ROPEFalse_UHD2_ap_fixed_16_5_,ok,0,150,2026-10-01 18:57:07
ATTN_config_S32_D256_H8_HD32_G1_layer_norm_ROPEFalse_UHD4_ap_fixed_16_5_,ok,0,151,2026-10-01 18:57:09
ATTN_config_S32_D256_H8_HD16_G4_rms_norm_ROPETrue_UHD4_ap_fixed_16_5_,ok,0,166,2026-10-01 18:57:11
ATTN_config_S32_D256_H8_HD32_G1_layer_norm_ROPEFalse_UHD1_ap_fixed_16_5_,ok,0,167,2026-10-01 18:57:15
ATTN_config_S32_D256_H8_HD16_G4_rms_norm_ROPEFalse_UHD8_ap_fixed_16_5_,ok,0,198,2026-10-01 18:57:20
ATTN_config_S32_D256_H8_HD32_G1_rms_norm_ROPEFalse_UHD2_ap_fixed_16_5_,ok,0,137,2026-10-01 18:57:21
ATTN_config_S32_D256_H8_HD32_G1_layer_norm_ROPETrue_UHD2_ap_fixed_16_5_,ok,0,157,2026-10-01 18:57:28
ATTN_config_S32_D256_H8_HD32_G2_layer_norm_ROPEFalse_UHD1_ap_fixed_16_5_,ok,0,129,2026-10-01 18:57:31
ATTN_config_S32_D256_H8_HD32_G1_rms_norm_ROPETrue_UHD1_ap_fixed_16_5_,ok,0,142,2026-10-01 18:57:33
ATTN_config_S32_D256_H8_HD32_G1_rms_norm_ROPEFalse_UHD8_ap_fixed_16_5_,ok,0,149,2026-10-01 18:57:35
ATTN_config_S32_D256_H8_HD32_G1_rms_norm_ROPETrue_UHD2_ap_fixed_16_5_,ok,0,154,2026-10-01 18:57:46
ATTN_config_S32_D256_H8_HD32_G1_rms_norm_ROPEFalse_UHD4_ap_fixed_16_5_,ok,0,166,2026-10-01 18:57:50
ATTN_config_S32_D256_H8_HD32_G2_layer_norm_ROPEFalse_UHD2_ap_fixed_16_5_,ok,0,146,2026-10-01 18:57:50
ATTN_config_S32_D256_H8_HD16_G4_layer_norm_ROPETrue_UHD8_ap_fixed_16_5_,ok,0,252,2026-10-01 18:57:54
ATTN_config_S32_D256_H8_HD32_G1_layer_norm_ROPETrue_UHD4_ap_fixed_16_5_,ok,0,183,2026-10-01 18:57:56
ATTN_config_S32_D256_H8_HD32_G1_layer_norm_ROPETrue_UHD1_ap_fixed_16_5_,ok,0,196,2026-10-01 18:57:58
ATTN_config_S32_D256_H8_HD32_G1_layer_norm_ROPEFalse_UHD8_ap_fixed_16_5_,ok,0,199,2026-10-01 18:58:00
ATTN_config_S32_D256_H8_HD16_G4_rms_norm_ROPETrue_UHD8_ap_fixed_16_5_,ok,0,217,2026-10-01 18:58:02
ATTN_config_S32_D256_H8_HD32_G2_rms_norm_ROPEFalse_UHD1_ap_fixed_16_5_,ok,0,133,2026-10-01 18:58:06
ATTN_config_S32_D256_H8_HD32_G2_layer_norm_ROPEFalse_UHD4_ap_fixed_16_5_,ok,0,167,2026-10-01 18:58:17
ATTN_config_S32_D256_H8_HD32_G2_rms_norm_ROPEFalse_UHD4_ap_fixed_16_5_,ok,0,137,2026-10-01 18:58:21
ATTN_config_S32_D256_H8_HD32_G1_rms_norm_ROPETrue_UHD4_ap_fixed_16_5_,ok,0,192,2026-10-01 18:58:26
ATTN_config_S32_D256_H8_HD32_G2_rms_norm_ROPEFalse_UHD2_ap_fixed_16_5_,ok,0,150,2026-10-01 18:58:29
ATTN_config_S32_D256_H8_HD32_G1_layer_norm_ROPETrue_UHD8_ap_fixed_16_5_,ok,0,217,2026-10-01 18:58:34
ATTN_config_S32_D256_H8_HD32_G2_layer_norm_ROPETrue_UHD2_ap_fixed_16_5_,ok,0,175,2026-10-01 18:58:36
ATTN_config_S32_D256_H8_HD32_G2_layer_norm_ROPEFalse_UHD8_ap_fixed_16_5_,ok,0,188,2026-10-01 18:58:40
ATTN_config_S32_D256_H8_HD32_G2_layer_norm_ROPETrue_UHD4_ap_fixed_16_5_,ok,0,182,2026-10-01 18:58:45
ATTN_config_S32_D256_H8_HD32_G4_layer_norm_ROPEFalse_UHD1_ap_fixed_16_5_,ok,0,152,2026-10-01 18:58:48
ATTN_config_S32_D256_H8_HD32_G2_layer_norm_ROPETrue_UHD1_ap_fixed_16_5_,ok,0,194,2026-10-01 18:58:48
ATTN_config_S32_D256_H8_HD32_G2_rms_norm_ROPETrue_UHD2_ap_fixed_16_5_,ok,0,162,2026-10-01 18:58:49
ATTN_config_S32_D256_H8_HD32_G2_rms_norm_ROPETrue_UHD1_ap_fixed_16_5_,ok,0,171,2026-10-01 18:58:56
ATTN_config_S32_D256_H8_HD32_G2_rms_norm_ROPEFalse_UHD8_ap_fixed_16_5_,ok,0,175,2026-10-01 18:58:59
ATTN_config_S32_D256_H8_HD32_G4_layer_norm_ROPEFalse_UHD2_ap_fixed_16_5_,ok,0,164,2026-10-01 18:59:00
ATTN_config_S32_D256_H8_HD32_G4_rms_norm_ROPEFalse_UHD1_ap_fixed_16_5_,ok,0,131,2026-10-01 18:59:02
ATTN_config_S32_D256_H8_HD32_G2_rms_norm_ROPETrue_UHD4_ap_fixed_16_5_,ok,0,175,2026-10-01 18:59:04
ATTN_config_S32_D256_H8_HD32_G4_rms_norm_ROPEFalse_UHD2_ap_fixed_16_5_,ok,0,136,2026-10-01 18:59:09
ATTN_config_S32_D256_H8_HD32_G4_rms_norm_ROPEFalse_UHD4_ap_fixed_16_5_,ok,0,137,2026-10-01 18:59:13
ATTN_config_S32_D256_H8_HD32_G4_layer_norm_ROPEFalse_UHD4_ap_fixed_16_5_,ok,0,179,2026-10-01 18:59:21
ATTN_config_S32_D256_H8_HD32_G4_layer_norm_ROPETrue_UHD1_ap_fixed_16_5_,ok,0,162,2026-10-01 18:59:21
ATTN_config_S32_D256_H8_HD32_G1_rms_norm_ROPETrue_UHD8_ap_fixed_16_5_,ok,0,250,2026-10-01 18:59:25
ATTN_config_S32_D256_H8_HD32_G4_layer_norm_ROPEFalse_UHD8_ap_fixed_16_5_,ok,0,177,2026-10-01 18:59:29
ATTN_config_S32_D256_H8_HD32_G4_rms_norm_ROPEFalse_UHD8_ap_fixed_16_5_,ok,0,159,2026-10-01 18:59:36
ATTN_config_S32_D256_H8_HD64_G1_layer_norm_ROPEFalse_UHD1_ap_fixed_16_5_,ok,0,142,2026-10-01 18:59:37
ATTN_config_S32_D256_H8_HD32_G4_rms_norm_ROPETrue_UHD1_ap_fixed_16_5_,ok,0,153,2026-10-01 18:59:38
ATTN_config_S32_D256_H8_HD32_G4_rms_norm_ROPETrue_UHD2_ap_fixed_16_5_,ok,0,155,2026-10-01 18:59:43
ATTN_config_S32_D256_H8_HD32_G4_layer_norm_ROPETrue_UHD2_ap_fixed_16_5_,ok,0,187,2026-10-01 18:59:52
ATTN_config_S32_D256_H8_HD64_G1_layer_norm_ROPEFalse_UHD2_ap_fixed_16_5_,ok,0,152,2026-10-01 18:59:52
ATTN_config_S32_D256_H8_HD32_G4_layer_norm_ROPETrue_UHD4_ap_fixed_16_5_,ok,0,190,2026-10-01 18:59:55
ATTN_config_S32_D256_H8_HD32_G2_rms_norm_ROPETrue_UHD8_ap_fixed_16_5_,ok,0,220,2026-10-01 18:59:55
ATTN_config_S32_D256_H8_HD64_G1_rms_norm_ROPEFalse_UHD1_ap_fixed_16_5_,ok,0,127,2026-10-01 18:59:57
ATTN_config_S32_D256_H8_HD64_G1_layer_norm_ROPEFalse_UHD4_ap_fixed_16_5_,ok,0,157,2026-10-01 18:59:58
ATTN_config_S32_D256_H8_HD32_G4_rms_norm_ROPETrue_UHD4_ap_fixed_16_5_,ok,0,171,2026-10-01 19:00:00
ATTN_config_S32_D256_H8_HD32_G2_layer_norm_ROPETrue_UHD8_ap_fixed_16_5_,ok,0,262,2026-10-01 19:00:09
ATTN_config_S32_D256_H8_HD64_G1_rms_norm_ROPEFalse_UHD2_ap_fixed_16_5_,ok,0,147,2026-10-01 19:00:17
ATTN_config_S32_D256_H8_HD64_G1_rms_norm_ROPEFalse_UHD4_ap_fixed_16_5_,ok,0,143,2026-10-01 19:00:17
ATTN_config_S32_D256_H8_HD64_G1_rms_norm_ROPETrue_UHD2_ap_fixed_16_5_,ok,0,146,2026-10-01 19:00:26
ATTN_config_S32_D256_H8_HD64_G1_layer_norm_ROPETrue_UHD1_ap_fixed_16_5_,ok,0,177,2026-10-01 19:00:28
ATTN_config_S32_D256_H8_HD64_G1_layer_norm_ROPETrue_UHD2_ap_fixed_16_5_,ok,0,176,2026-10-01 19:00:28
ATTN_config_S32_D256_H8_HD64_G1_rms_norm_ROPETrue_UHD1_ap_fixed_16_5_,ok,0,159,2026-10-01 19:00:36
ATTN_config_S32_D256_H8_HD32_G4_rms_norm_ROPETrue_UHD8_ap_fixed_16_5_,ok,0,212,2026-10-01 19:00:43
ATTN_config_S32_D256_H8_HD64_G2_layer_norm_ROPEFalse_UHD2_ap_fixed_16_5_,ok,0,142,2026-10-01 19:00:43
ATTN_config_S32_D256_H8_HD64_G2_rms_norm_ROPEFalse_UHD1_ap_fixed_16_5_,ok,0,117,2026-10-01 19:00:45
ATTN_config_S32_D256_H8_HD64_G2_layer_norm_ROPEFalse_UHD1_ap_fixed_16_5_,ok,0,154,2026-10-01 19:00:51
ATTN_config_S32_D256_H8_HD64_G2_rms_norm_ROPEFalse_UHD2_ap_fixed_16_5_,ok,0,124,2026-10-01 19:00:52
ATTN_config_S32_D256_H8_HD64_G1_rms_norm_ROPEFalse_UHD8_ap_fixed_16_5_,ok,0,176,2026-10-01 19:00:52
ATTN_config_S32_D256_H8_HD64_G1_layer_norm_ROPEFalse_UHD8_ap_fixed_16_5_,ok,0,207,2026-10-01 19:00:55
ATTN_config_S32_D256_H8_HD64_G1_rms_norm_ROPETrue_UHD4_ap_fixed_16_5_,ok,0,174,2026-10-01 19:00:56
ATTN_config_S32_D256_H8_HD64_G2_layer_norm_ROPEFalse_UHD4_ap_fixed_16_5_,ok,0,157,2026-10-01 19:01:03
ATTN_config_S32_D256_H8_HD64_G1_layer_norm_ROPETrue_UHD4_ap_fixed_16_5_,ok,0,207,2026-10-01 19:01:03
ATTN_config_S32_D256_H8_HD32_G4_layer_norm_ROPETrue_UHD8_ap_fixed_16_5_,ok,0,263,2026-10-01 19:01:13
ATTN_config_S32_D256_H8_HD64_G2_layer_norm_ROPETrue_UHD2_ap_fixed_16_5_,ok,0,159,2026-10-01 19:01:15
ATTN_config_S32_D256_H8_HD64_G2_rms_norm_ROPETrue_UHD1_ap_fixed_16_5_,ok,0,138,2026-10-01 19:01:17
ATTN_config_S32_D256_H8_HD64_G2_rms_norm_ROPEFalse_UHD4_ap_fixed_16_5_,ok,0,154,2026-10-01 19:01:23
ATTN_config_S32_D256_H8_HD64_G2_rms_norm_ROPETrue_UHD2_ap_fixed_16_5_,ok,0,143,2026-10-01 19:01:23
ATTN_config_S32_D256_H8_HD64_G1_layer_norm_ROPETrue_UHD8_ap_fixed_16_5_,ok,0,221,2026-10-01 19:01:27
ATTN_config_S32_D256_H8_HD64_G2_layer_norm_ROPETrue_UHD1_ap_fixed_16_5_,ok,0,179,2026-10-01 19:01:34
ATTN_config_S32_D256_H8_HD64_G2_rms_norm_ROPEFalse_UHD8_ap_fixed_16_5_,ok,0,160,2026-10-01 19:01:35
ATTN_config_S32_D256_H8_HD64_G4_layer_norm_ROPEFalse_UHD1_ap_fixed_16_5_,ok,0,148,2026-10-01 19:01:36
ATTN_config_S32_D256_H8_HD64_G2_layer_norm_ROPETrue_UHD4_ap_fixed_16_5_,ok,0,181,2026-10-01 19:01:41
ATTN_config_S32_D256_H8_HD64_G4_layer_norm_ROPEFalse_UHD2_ap_fixed_16_5_,ok,0,149,2026-10-01 19:01:42
ATTN_config_S32_D256_H8_HD64_G2_layer_norm_ROPEFalse_UHD8_ap_fixed_16_5_,ok,0,194,2026-10-01 19:01:43
ATTN_config_S32_D256_H8_HD64_G4_rms_norm_ROPEFalse_UHD1_ap_fixed_16_5_,ok,0,135,2026-10-01 19:01:53
ATTN_config_S32_D256_H8_HD64_G1_rms_norm_ROPETrue_UHD8_ap_fixed_16_5_,ok,0,228,2026-10-01 19:01:54
ATTN_config_S32_D256_H8_HD64_G4_rms_norm_ROPEFalse_UHD2_ap_fixed_16_5_,ok,0,132,2026-10-01 19:01:55
ATTN_config_S32_D256_H8_HD64_G2_rms_norm_ROPETrue_UHD4_ap_fixed_16_5_,ok,0,176,2026-10-01 19:01:59
ATTN_config_S32_D256_H8_HD64_G4_layer_norm_ROPEFalse_UHD4_ap_fixed_16_5_,ok,0,168,2026-10-01 19:02:08
ATTN_config_S32_D256_H8_HD64_G4_rms_norm_ROPEFalse_UHD4_ap_fixed_16_5_,ok,0,139,2026-10-01 19:02:11
ATTN_config_S32_D256_H8_HD64_G4_layer_norm_ROPETrue_UHD1_ap_fixed_16_5_,ok,0,170,2026-10-01 19:02:15
ATTN_config_S32_D256_H8_HD64_G2_layer_norm_ROPETrue_UHD8_ap_fixed_16_5_,ok,0,218,2026-10-01 19:02:23
ATTN_config_S32_D512_H16_HD16_G1_layer_norm_ROPEFalse_UHD1_ap_fixed_16_5_,ok,0,143,2026-10-01 19:02:23
ATTN_config_S32_D256_H8_HD64_G2_rms_norm_ROPETrue_UHD8_ap_fixed_16_5_,ok,0,203,2026-10-01 19:02:27
ATTN_config_S32_D256_H8_HD64_G4_rms_norm_ROPETrue_UHD1_ap_fixed_16_5_,ok,0,153,2026-10-01 19:02:28
ATTN_config_S32_D256_H8_HD64_G4_layer_norm_ROPEFalse_UHD8_ap_fixed_16_5_,ok,0,191,2026-10-01 19:02:33
ATTN_config_S32_D256_H8_HD64_G4_layer_norm_ROPETrue_UHD2_ap_fixed_16_5_,ok,0,184,2026-10-01 19:02:33
ATTN_config_S32_D256_H8_HD64_G4_rms_norm_ROPETrue_UHD2_ap_fixed_16_5_,ok,0,159,2026-10-01 19:02:34
ATTN_config_S32_D256_H8_HD64_G4_rms_norm_ROPEFalse_UHD8_ap_fixed_16_5_,ok,0,168,2026-10-01 19:02:40
ATTN_config_S32_D256_H8_HD64_G4_rms_norm_ROPETrue_UHD4_ap_fixed_16_5_,ok,0,164,2026-10-01 19:02:41
ATTN_config_S32_D512_H16_HD16_G1_layer_norm_ROPEFalse_UHD2_ap_fixed_16_5_,ok,0,157,2026-10-01 19:02:46
ATTN_config_S32_D256_H8_HD64_G4_layer_norm_ROPETrue_UHD4_ap_fixed_16_5_,ok,0,191,2026-10-01 19:02:47
ATTN_config_S32_D512_H16_HD16_G1_rms_norm_ROPEFalse_UHD2_ap_fixed_16_5_,ok,0,131,2026-10-01 19:02:55
ATTN_config_S32_D512_H16_HD16_G1_rms_norm_ROPEFalse_UHD1_ap_fixed_16_5_,ok,0,141,2026-10-01 19:03:03
ATTN_config_S32_D512_H16_HD16_G1_rms_norm_ROPEFalse_UHD4_ap_fixed_16_5_,ok,0,143,2026-10-01 19:03:08
ATTN_config_S32_D512_H16_HD16_G1_layer_norm_ROPEFalse_UHD8_ap_fixed_16_5_,ok,0,174,2026-10-01 19:03:11
ATTN_config_S32_D512_H16_HD16_G1_layer_norm_ROPEFalse_UHD4_ap_fixed_16_5_,ok,0,175,2026-10-01 19:03:11
ATTN_config_S32_D256_H8_HD64_G4_layer_norm_ROPETrue_UHD8_ap_fixed_16_5_,ok,0,223,2026-10-01 19:03:20
ATTN_config_S32_D512_H16_HD16_G1_layer_norm_ROPETrue_UHD1_ap_fixed_16_5_,ok,0,178,2026-10-01 19:03:24
ATTN_config_S32_D256_H8_HD64_G4_rms_norm_ROPETrue_UHD8_ap_fixed_16_5_,ok,0,211,2026-10-01 19:03:29
ATTN_config_S32_D512_H16_HD16_G1_layer_norm_ROPETrue_UHD2_ap_fixed_16_5_,ok,0,186,2026-10-01 19:03:34
ATTN_config_S32_D512_H16_HD16_G1_rms_norm_ROPETrue_UHD2_ap_fixed_16_5_,ok,0,163,2026-10-01 19:03:35
ATTN_config_S32_D512_H16_HD16_G1_rms_norm_ROPETrue_UHD1_ap_fixed_16_5_,ok,0,166,2026-10-01 19:03:38
ATTN_config_S32_D512_H16_HD16_G2_layer_norm_ROPEFalse_UHD1_ap_fixed_16_5_,ok,0,157,2026-10-01 19:03:39
ATTN_config_S32_D512_H16_HD16_G2_rms_norm_ROPEFalse_UHD2_ap_fixed_16_5_,ok,0,130,2026-10-01 19:03:45
ATTN_config_S32_D512_H16_HD16_G1_layer_norm_ROPETrue_UHD4_ap_fixed_16_5_,ok,0,199,2026-10-01 19:03:47
ATTN_config_S32_D512_H16_HD16_G2_rms_norm_ROPEFalse_UHD1_ap_fixed_16_5_,ok,0,134,2026-10-01 19:03:47
ATTN_config_S32_D512_H16_HD16_G2_layer_norm_ROPEFalse_UHD2_ap_fixed_16_5_,ok,0,175,2026-10-01 19:03:57
ATTN_config_S32_D512_H16_HD16_G1_rms_norm_ROPEFalse_UHD8_ap_fixed_16_5_,ok,0,189,2026-10-01 19:04:01
ATTN_config_S32_D512_H16_HD16_G1_rms_norm_ROPETrue_UHD4_ap_fixed_16_5_,ok,0,190,2026-10-01 19:04:06
ATTN_config_S32_D512_H16_HD16_G2_layer_norm_ROPEFalse_UHD4_ap_fixed_16_5_,ok,0,173,2026-10-01 19:04:06
ATTN_config_S32_D512_H16_HD16_G2_rms_norm_ROPEFalse_UHD4_ap_fixed_16_5_,ok,0,150,2026-10-01 19:04:06
ATTN_config_S32_D512_H16_HD16_G2_layer_norm_ROPETrue_UHD1_ap_fixed_16_5_,ok,0,182,2026-10-01 19:04:19
ATTN_config_S32_D512_H16_HD16_G2_layer_norm_ROPEFalse_UHD8_ap_fixed_16_5_,ok,0,194,2026-10-01 19:04:30
ATTN_config_S32_D512_H16_HD16_G2_rms_norm_ROPETrue_UHD1_ap_fixed_16_5_,ok,0,169,2026-10-01 19:04:31
ATTN_config_S32_D512_H16_HD16_G2_layer_norm_ROPETrue_UHD2_ap_fixed_16_5_,ok,0,189,2026-10-01 19:04:33
ATTN_config_S32_D512_H16_HD16_G4_layer_norm_ROPEFalse_UHD1_ap_fixed_16_5_,ok,0,163,2026-10-01 19:04:37
ATTN_config_S32_D512_H16_HD16_G2_rms_norm_ROPEFalse_UHD8_ap_fixed_16_5_,ok,0,177,2026-10-01 19:04:38
ATTN_config_S32_D512_H16_HD16_G4_layer_norm_ROPEFalse_UHD2_ap_fixed_16_5_,ok,0,169,2026-10-01 19:04:48
ATTN_config_S32_D512_H16_HD16_G1_layer_norm_ROPETrue_UHD8_ap_fixed_16_5_,ok,0,258,2026-10-01 19:04:54
ATTN_config_S32_D512_H16_HD16_G2_rms_norm_ROPETrue_UHD2_ap_fixed_16_5_,ok,0,193,2026-10-01 19:04:56
ATTN_config_S32_D512_H16_HD16_G4_rms_norm_ROPEFalse_UHD2_ap_fixed_16_5_,ok,0,146,2026-10-01 19:04:58
ATTN_config_S32_D512_H16_HD16_G4_rms_norm_ROPEFalse_UHD1_ap_fixed_16_5_,ok,0,152,2026-10-01 19:05:00
ATTN_config_S32_D512_H16_HD16_G2_layer_norm_ROPETrue_UHD4_ap_fixed_16_5_,ok,0,219,2026-10-01 19:05:03
ATTN_config_S32_D512_H16_HD16_G4_layer_norm_ROPEFalse_UHD4_ap_fixed_16_5_,ok,0,186,2026-10-01 19:05:15
ATTN_config_S32_D512_H16_HD16_G1_rms_norm_ROPETrue_UHD8_ap_fixed_16_5_,ok,0,261,2026-10-01 19:05:16
ATTN_config_S32_D512_H16_HD16_G4_rms_norm_ROPEFalse_UHD4_ap_fixed_16_5_,ok,0,173,2026-10-01 19:05:26
ATTN_config_S32_D512_H16_HD16_G4_layer_norm_ROPETrue_UHD1_ap_fixed_16_5_,ok,0,198,2026-10-01 19:05:33
ATTN_config_S32_D512_H16_HD16_G2_rms_norm_ROPETrue_UHD4_ap_fixed_16_5_,ok,0,220,2026-10-01 19:05:33
ATTN_config_S32_D512_H16_HD16_G4_rms_norm_ROPEFalse_UHD8_ap_fixed_16_5_,ok,0,187,2026-10-01 19:05:41
ATTN_config_S32_D512_H16_HD16_G4_rms_norm_ROPETrue_UHD2_ap_fixed_16_5_,ok,0,185,2026-10-01 19:05:46
ATTN_config_S32_D512_H16_HD32_G1_layer_norm_ROPEFalse_UHD1_ap_fixed_16_5_,ok,0,172,2026-10-01 19:05:46
ATTN_config_S32_D512_H16_HD16_G4_rms_norm_ROPETrue_UHD1_ap_fixed_16_5_,ok,0,192,2026-10-01 19:05:52
ATTN_config_S32_D512_H16_HD16_G4_layer_norm_ROPEFalse_UHD8_ap_fixed_16_5_,ok,0,223,2026-10-01 19:05:53
ATTN_config_S32_D512_H16_HD32_G1_rms_norm_ROPEFalse_UHD1_ap_fixed_16_5_,ok,0,140,2026-10-01 19:05:54
ATTN_config_S32_D512_H16_HD32_G1_layer_norm_ROPEFalse_UHD2_ap_fixed_16_5_,ok,0,172,2026-10-01 19:05:55
ATTN_config_S32_D512_H16_HD16_G2_layer_norm_ROPETrue_UHD8_ap_fixed_16_5_,ok,0,274,2026-10-01 19:06:01
ATTN_config_S32_D512_H16_HD16_G4_layer_norm_ROPETrue_UHD2_ap_fixed_16_5_,ok,0,221,2026-10-01 19:06:04
ATTN_config_S32_D512_H16_HD32_G1_rms_norm_ROPEFalse_UHD2_ap_fixed_16_5_,ok,0,150,2026-10-01 19:06:05
ATTN_config_S32_D512_H16_HD32_G1_layer_norm_ROPEFalse_UHD4_ap_fixed_16_5_,ok,0,181,2026-10-01 19:06:09
ATTN_config_S32_D512_H16_HD16_G2_rms_norm_ROPETrue_UHD8_ap_fixed_16_5_,ok,0,259,2026-10-01 19:06:13
ATTN_config_S32_D512_H16_HD16_G4_layer_norm_ROPETrue_UHD4_ap_fixed_16_5_,ok,0,235,2026-10-01 19:06:18
ATTN_config_S32_D512_H16_HD32_G1_rms_norm_ROPEFalse_UHD4_ap_fixed_16_5_,ok,0,164,2026-10-01 19:06:23
ATTN_config_S32_D512_H16_HD16_G4_rms_norm_ROPETrue_UHD4_ap_fixed_16_5_,ok,0,223,2026-10-01 19:06:29
ATTN_config_S32_D512_H16_HD32_G1_layer_norm_ROPETrue_UHD1_ap_fixed_16_5_,ok,0,200,2026-10-01 19:06:31
ATTN_config_S32_D512_H16_HD32_G1_layer_norm_ROPETrue_UHD2_ap_fixed_16_5_,ok,0,199,2026-10-01 19:06:40
ATTN_config_S32_D512_H16_HD32_G2_layer_norm_ROPEFalse_UHD1_ap_fixed_16_5_,ok,0,163,2026-10-01 19:06:44
ATTN_config_S32_D512_H16_HD32_G1_layer_norm_ROPEFalse_UHD8_ap_fixed_16_5_,ok,0,214,2026-10-01 19:06:45
ATTN_config_S32_D512_H16_HD32_G1_rms_norm_ROPETrue_UHD2_ap_fixed_16_5_,ok,0,180,2026-10-01 19:06:47
ATTN_config_S32_D512_H16_HD32_G1_rms_norm_ROPETrue_UHD1_ap_fixed_16_5_,ok,0,183,2026-10-01 19:06:48
ATTN_config_S32_D512_H16_HD32_G2_layer_norm_ROPEFalse_UHD2_ap_fixed_16_5_,ok,0,164,2026-10-01 19:06:49
ATTN_config_S32_D512_H16_HD32_G2_layer_norm_ROPEFalse_UHD4_ap_fixed_16_5_,ok,0,176,2026-10-01 19:07:01
ATTN_config_S32_D512_H16_HD32_G1_rms_norm_ROPEFalse_UHD8_ap_fixed_16_5_,ok,0,204,2026-10-01 19:07:03
ATTN_config_S32_D512_H16_HD32_G2_rms_norm_ROPEFalse_UHD1_ap_fixed_16_5_,ok,0,147,2026-10-01 19:07:04
ATTN_config_S32_D512_H16_HD32_G1_rms_norm_ROPETrue_UHD4_ap_fixed_16_5_,ok,0,198,2026-10-01 19:07:05
ATTN_config_S32_D512_H16_HD32_G2_rms_norm_ROPEFalse_UHD2_ap_fixed_16_5_,ok,0,153,2026-10-01 19:07:11
ATTN_config_S32_D512_H16_HD16_G4_layer_norm_ROPETrue_UHD8_ap_fixed_16_5_,ok,0,285,2026-10-01 19:07:12
ATTN_config_S32_D512_H16_HD16_G4_rms_norm_ROPETrue_UHD8_ap_fixed_16_5_,ok,0,280,2026-10-01 19:07:27
ATTN_config_S32_D512_H16_HD32_G2_layer_norm_ROPETrue_UHD1_ap_fixed_16_5_,ok,0,193,2026-10-01 19:07:31
ATTN_config_S32_D512_H16_HD32_G1_layer_norm_ROPETrue_UHD4_ap_fixed_16_5_,ok,0,248,2026-10-01 19:07:32
ATTN_config_S32_D512_H16_HD32_G2_layer_norm_ROPEFalse_UHD8_ap_fixed_16_5_,ok,0,213,2026-10-01 19:07:39
ATTN_config_S32_D512_H16_HD32_G2_layer_norm_ROPETrue_UHD2_ap_fixed_16_5_,ok,0,197,2026-10-01 19:07:46
ATTN_config_S32_D512_H16_HD32_G2_rms_norm_ROPETrue_UHD1_ap_fixed_16_5_,ok,0,171,2026-10-01 19:07:47
ATTN_config_S32_D512_H16_HD32_G4_layer_norm_ROPEFalse_UHD1_ap_fixed_16_5_,ok,0,154,2026-10-01 19:07:49
ATTN_config_S32_D512_H16_HD32_G2_rms_norm_ROPEFalse_UHD4_ap_fixed_16_5_,ok,0,187,2026-10-01 19:07:55
ATTN_config_S32_D512_H16_HD32_G4_layer_norm_ROPEFalse_UHD2_ap_fixed_16_5_,ok,0,164,2026-10-01 19:08:00
ATTN_config_S32_D512_H16_HD32_G4_rms_norm_ROPEFalse_UHD1_ap_fixed_16_5_,ok,0,138,2026-10-01 19:08:10
ATTN_config_S32_D512_H16_HD32_G2_rms_norm_ROPETrue_UHD2_ap_fixed_16_5_,ok,0,202,2026-10-01 19:08:20
ATTN_config_S32_D512_H16_HD32_G4_rms_norm_ROPEFalse_UHD2_ap_fixed_16_5_,ok,0,148,2026-10-01 19:08:21
ATTN_config_S32_D512_H16_HD32_G1_layer_norm_ROPETrue_UHD8_ap_fixed_16_5_,ok,0,294,2026-10-01 19:08:23
ATTN_config_S32_D512_H16_HD32_G2_layer_norm_ROPETrue_UHD4_ap_fixed_16_5_,ok,0,236,2026-10-01 19:08:27
ATTN_config_S32_D512_H16_HD32_G4_rms_norm_ROPEFalse_UHD4_ap_fixed_16_5_,ok,0,155,2026-10-01 19:08:29
ATTN_config_S32_D512_H16_HD32_G2_rms_norm_ROPEFalse_UHD8_ap_fixed_16_5_,ok,0,216,2026-10-01 19:08:30
ATTN_config_S32_D512_H16_HD32_G4_layer_norm_ROPETrue_UHD1_ap_fixed_16_5_,ok,0,188,2026-10-01 19:08:41
ATTN_config_S32_D512_H16_HD32_G4_rms_norm_ROPETrue_UHD1_ap_fixed_16_5_,ok,0,165,2026-10-01 19:08:47
ATTN_config_S32_D512_H16_HD32_G2_rms_norm_ROPETrue_UHD4_ap_fixed_16_5_,ok,0,227,2026-10-01 19:08:47
ATTN_config_S32_D512_H16_HD32_G4_rms_norm_ROPEFalse_UHD8_ap_fixed_16_5_,ok,0,177,2026-10-01 19:08:53
ATTN_config_S32_D512_H16_HD32_G4_layer_norm_ROPEFalse_UHD4_ap_fixed_16_5_,ok,0,207,2026-10-01 19:08:53
ATTN_config_S32_D512_H16_HD32_G1_rms_norm_ROPETrue_UHD8_ap_fixed_16_5_,ok,0,298,2026-10-01 19:08:55
ATTN_config_S32_D512_H16_HD64_G1_layer_norm_ROPEFalse_UHD1_ap_fixed_16_5_,ok,0,163,2026-10-01 19:08:56
ATTN_config_S32_D512_H16_HD32_G4_layer_norm_ROPETrue_UHD2_ap_fixed_16_5_,ok,0,197,2026-10-01 19:08:58
ATTN_config_S32_D512_H16_HD32_G4_layer_norm_ROPEFalse_UHD8_ap_fixed_16_5_,ok,0,207,2026-10-01 19:09:00
ATTN_config_S32_D512_H16_HD64_G1_rms_norm_ROPEFalse_UHD1_ap_fixed_16_5_,ok,0,136,2026-10-01 19:09:03
ATTN_config_S32_D512_H16_HD32_G4_rms_norm_ROPETrue_UHD2_ap_fixed_16_5_,ok,0,180,2026-10-01 19:09:04
ATTN_config_S32_D512_H16_HD64_G1_layer_norm_ROPEFalse_UHD2_ap_fixed_16_5_,ok,0,170,2026-10-01 19:09:08
ATTN_config_S32_D512_H16_HD64_G1_rms_norm_ROPEFalse_UHD2_ap_fixed_16_5_,ok,0,142,2026-10-01 19:09:10
ATTN_config_S32_D512_H16_HD32_G2_rms_norm_ROPETrue_UHD8_ap_fixed_16_5_,ok,0,248,2026-10-01 19:09:11
ATTN_config_S32_D512_H16_HD64_G1_layer_norm_ROPEFalse_UHD4_ap_fixed_16_5_,ok,0,173,2026-10-01 19:09:16
ATTN_config_S32_D512_H16_HD64_G1_rms_norm_ROPEFalse_UHD4_ap_fixed_16_5_,ok,0,153,2026-10-01 19:09:22
ATTN_config_S32_D512_H16_HD32_G4_layer_norm_ROPETrue_UHD4_ap_fixed_16_5_,ok,0,216,2026-10-01 19:09:22
ATTN_config_S32_D512_H16_HD32_G4_rms_norm_ROPETrue_UHD4_ap_fixed_16_5_,ok,0,197,2026-10-01 19:09:23
ATTN_config_S32_D512_H16_HD32_G2_layer_norm_ROPETrue_UHD8_ap_fixed_16_5_,ok,0,302,2026-10-01 19:09:35
ATTN_config_S32_D512_H16_HD64_G1_layer_norm_ROPETrue_UHD1_ap_fixed_16_5_,ok,0,192,2026-10-01 19:09:44
ATTN_config_S32_D512_H16_HD64_G1_rms_norm_ROPEFalse_UHD8_ap_fixed_16_5_,ok,0,168,2026-10-01 19:09:50
ATTN_config_S32_D512_H16_HD64_G2_layer_norm_ROPEFalse_UHD2_ap_fixed_16_5_,ok,0,147,2026-10-01 19:09:53
ATTN_config_S32_D512_H16_HD64_G1_rms_norm_ROPETrue_UHD1_ap_fixed_16_5_,ok,0,173,2026-10-01 19:09:56
ATTN_config_S32_D512_H16_HD64_G2_layer_norm_ROPEFalse_UHD1_ap_fixed_16_5_,ok,0,166,2026-10-01 19:09:58
ATTN_config_S32_D512_H16_HD64_G1_layer_norm_ROPETrue_UHD2_ap_fixed_16_5_,ok,0,200,2026-10-01 19:10:00
ATTN_config_S32_D512_H16_HD64_G1_rms_norm_ROPETrue_UHD4_ap_fixed_16_5_,ok,0,184,2026-10-01 19:10:09
ATTN_config_S32_D512_H16_HD64_G1_rms_norm_ROPETrue_UHD2_ap_fixed_16_5_,ok,0,186,2026-10-01 19:10:10
ATTN_config_S32_D512_H16_HD64_G2_rms_norm_ROPEFalse_UHD2_ap_fixed_16_5_,ok,0,133,2026-10-01 19:10:13
ATTN_config_S32_D512_H16_HD64_G2_rms_norm_ROPEFalse_UHD1_ap_fixed_16_5_,ok,0,139,2026-10-01 19:10:14
ATTN_config_S32_D512_H16_HD64_G1_layer_norm_ROPEFalse_UHD8_ap_fixed_16_5_,ok,0,225,2026-10-01 19:10:14
ATTN_config_S32_D512_H16_HD32_G4_rms_norm_ROPETrue_UHD8_ap_fixed_16_5_,ok,0,247,2026-10-01 19:10:16
ATTN_config_S32_D512_H16_HD64_G1_layer_norm_ROPETrue_UHD4_ap_fixed_16_5_,ok,0,213,2026-10-01 19:10:17
ATTN_config_S32_D512_H16_HD64_G2_rms_norm_ROPEFalse_UHD4_ap_fixed_16_5_,ok,0,135,2026-10-01 19:10:24
ATTN_config_S32_D512_H16_HD64_G2_layer_norm_ROPETrue_UHD1_ap_fixed_16_5_,ok,0,171,2026-10-01 19:10:31
ATTN_config_S32_D512_H16_HD64_G2_layer_norm_ROPEFalse_UHD8_ap_fixed_16_5_,ok,0,180,2026-10-01 19:10:32
ATTN_config_S32_D512_H16_HD64_G2_layer_norm_ROPEFalse_UHD4_ap_fixed_16_5_,ok,0,182,2026-10-01 19:10:33
ATTN_config_S32_D512_H16_HD32_G4_layer_norm_ROPETrue_UHD8_ap_fixed_16_5_,ok,0,294,2026-10-01 19:10:40
ATTN_config_S32_D512_H16_HD64_G2_layer_norm_ROPETrue_UHD2_ap_fixed_16_5_,ok,0,180,2026-10-01 19:10:46
ATTN_config_S32_D512_H16_HD64_G2_layer_norm_ROPETrue_UHD4_ap_fixed_16_5_,ok,0,180,2026-10-01 19:10:47
ATTN_config_S32_D512_H16_HD64_G1_rms_norm_ROPETrue_UHD8_ap_fixed_16_5_,ok,0,218,2026-10-01 19:10:49
ATTN_config_S32_D512_H16_HD64_G4_layer_norm_ROPEFalse_UHD1_ap_fixed_16_5_,ok,0,144,2026-10-01 19:10:54
ATTN_config_S32_D512_H16_HD64_G2_rms_norm_ROPETrue_UHD1_ap_fixed_16_5_,ok,0,155,2026-10-01 19:10:55
ATTN_config_S32_D512_H16_HD64_G2_rms_norm_ROPETrue_UHD2_ap_fixed_16_5_,ok,0,158,2026-10-01 19:11:01
ATTN_config_S32_D512_H16_HD64_G4_rms_norm_ROPEFalse_UHD1_ap_fixed_16_5_,ok,0,134,2026-10-01 19:11:12
ATTN_config_S32_D512_H16_HD64_G4_rms_norm_ROPEFalse_UHD2_ap_fixed_16_5_,ok,0,134,2026-10-01 19:11:14
ATTN_config_S32_D512_H16_HD64_G4_rms_norm_ROPEFalse_UHD4_ap_fixed_16_5_,ok,0,132,2026-10-01 19:11:15
ATTN_config_S32_D512_H16_HD64_G2_rms_norm_ROPEFalse_UHD8_ap_fixed_16_5_,ok,0,176,2026-10-01 19:11:16
ATTN_config_S32_D512_H16_HD64_G4_layer_norm_ROPEFalse_UHD4_ap_fixed_16_5_,ok,0,151,2026-10-01 19:11:17
ATTN_config_S32_D512_H16_HD64_G4_layer_norm_ROPEFalse_UHD2_ap_fixed_16_5_,ok,0,157,2026-10-01 19:11:18
ATTN_config_S32_D512_H16_HD64_G1_layer_norm_ROPETrue_UHD8_ap_fixed_16_5_,ok,0,281,2026-10-01 19:11:26
ATTN_config_S32_D512_H16_HD64_G2_layer_norm_ROPETrue_UHD8_ap_fixed_16_5_,ok,0,218,2026-10-01 19:11:28
ATTN_config_S32_D512_H16_HD64_G4_rms_norm_ROPETrue_UHD1_ap_fixed_16_5_,ok,0,143,2026-10-01 19:11:31
ATTN_config_S32_D512_H16_HD64_G2_rms_norm_ROPETrue_UHD4_ap_fixed_16_5_,ok,0,185,2026-10-01 19:11:32
ATTN_config_S32_D512_H16_HD64_G4_layer_norm_ROPETrue_UHD1_ap_fixed_16_5_,ok,0,160,2026-10-01 19:11:33
ATTN_config_S32_D512_H16_HD64_G4_rms_norm_ROPETrue_UHD2_ap_fixed_16_5_,ok,0,145,2026-10-01 19:11:35
ATTN_config_S32_D512_H16_HD64_G4_layer_norm_ROPEFalse_UHD8_ap_fixed_16_5_,ok,0,168,2026-10-01 19:11:35
ATTN_config_S32_D512_H16_HD64_G4_rms_norm_ROPEFalse_UHD8_ap_fixed_16_5_,ok,0,154,2026-10-01 19:11:38
ATTN_config_S32_D512_H32_HD16_G1_layer_norm_ROPEFalse_UHD1_ap_fixed_16_5_,ok,0,148,2026-10-01 19:11:50
ATTN_config_S32_D512_H32_HD16_G1_layer_norm_ROPEFalse_UHD2_ap_fixed_16_5_,ok,0,149,2026-10-01 19:11:51
ATTN_config_S32_D512_H16_HD64_G4_layer_norm_ROPETrue_UHD4_ap_fixed_16_5_,ok,0,176,2026-10-01 19:11:51
ATTN_config_S32_D512_H16_HD64_G2_rms_norm_ROPETrue_UHD8_ap_fixed_16_5_,ok,0,208,2026-10-01 19:11:56
ATTN_config_S32_D512_H16_HD64_G4_layer_norm_ROPETrue_UHD2_ap_fixed_16_5_,ok,0,185,2026-10-01 19:11:58
ATTN_config_S32_D512_H32_HD16_G1_layer_norm_ROPEFalse_UHD4_ap_fixed_16_5_,ok,0,161,2026-10-01 19:12:03
ATTN_config_S32_D512_H32_HD16_G1_rms_norm_ROPEFalse_UHD2_ap_fixed_16_5_,ok,0,124,2026-10-01 19:12:04
ATTN_config_S32_D512_H32_HD16_G1_rms_norm_ROPEFalse_UHD1_ap_fixed_16_5_,ok,0,127,2026-10-01 19:12:05
ATTN_config_S32_D512_H32_HD16_G1_layer_norm_ROPETrue_UHD1_ap_fixed_16_5_,ok,0,147,2026-10-01 19:12:11
ATTN_config_S32_D512_H16_HD64_G4_rms_norm_ROPETrue_UHD4_ap_fixed_16_5_,ok,0,186,2026-10-01 19:12:17
ATTN_config_S32_D512_H32_HD16_G1_rms_norm_ROPEFalse_UHD4_ap_fixed_16_5_,ok,0,133,2026-10-01 19:12:22
ATTN_config_S32_D512_H32_HD16_G1_layer_norm_ROPETrue_UHD2_ap_fixed_16_5_,ok,0,159,2026-10-01 19:12:29
ATTN_config_S32_D512_H32_HD16_G1_layer_norm_ROPEFalse_UHD8_ap_fixed_16_5_,ok,0,182,2026-10-01 19:12:37
ATTN_config_S32_D512_H32_HD16_G2_layer_norm_ROPEFalse_UHD1_ap_fixed_16_5_,ok,0,140,2026-10-01 19:12:37
ATTN_config_S32_D512_H32_HD16_G2_rms_norm_ROPEFalse_UHD1_ap_fixed_16_5_,ok,0,111,2026-10-01 19:12:40
ATTN_config_S32_D512_H32_HD16_G1_rms_norm_ROPETrue_UHD2_ap_fixed_16_5_,ok,0,148,2026-10-01 19:12:41
ATTN_config_S32_D512_H32_HD16_G2_layer_norm_ROPEFalse_UHD2_ap_fixed_16_5_,ok,0,141,2026-10-01 19:12:45
ATTN_config_S32_D512_H32_HD16_G1_rms_norm_ROPEFalse_UHD8_ap_fixed_16_5_,ok,0,158,2026-10-01 19:12:48
ATTN_config_S32_D512_H16_HD64_G4_rms_norm_ROPETrue_UHD8_ap_fixed_16_5_,ok,0,212,2026-10-01 19:12:48
ATTN_config_S32_D512_H32_HD16_G2_rms_norm_ROPEFalse_UHD2_ap_fixed_16_5_,ok,0,115,2026-10-01 19:12:49
ATTN_config_S32_D512_H32_HD16_G1_rms_norm_ROPETrue_UHD1_ap_fixed_16_5_,ok,0,161,2026-10-01 19:12:54
ATTN_config_S32_D512_H32_HD16_G2_layer_norm_ROPEFalse_UHD4_ap_fixed_16_5_,ok,0,146,2026-10-01 19:12:56
ATTN_config_S32_D512_H32_HD16_G1_layer_norm_ROPETrue_UHD4_ap_fixed_16_5_,ok,0,189,2026-10-01 19:13:03
ATTN_config_S32_D512_H32_HD16_G2_layer_norm_ROPETrue_UHD1_ap_fixed_16_5_,ok,0,151,2026-10-01 19:13:04
ATTN_config_S32_D512_H16_HD64_G4_layer_norm_ROPETrue_UHD8_ap_fixed_16_5_,ok,0,254,2026-10-01 19:13:10
ATTN_config_S32_D512_H32_HD16_G2_rms_norm_ROPEFalse_UHD4_ap_fixed_16_5_,ok,0,138,2026-10-01 19:13:13
ATTN_config_S32_D512_H32_HD16_G1_rms_norm_ROPETrue_UHD4_ap_fixed_16_5_,ok,0,180,2026-10-01 19:13:14
ATTN_config_S32_D512_H32_HD16_G2_rms_norm_ROPETrue_UHD1_ap_fixed_16_5_,ok,0,130,2026-10-01 19:13:22
ATTN_config_S32_D512_H32_HD16_G4_layer_norm_ROPEFalse_UHD1_ap_fixed_16_5_,ok,0,133,2026-10-01 19:13:30
ATTN_config_S32_D512_H32_HD16_G4_rms_norm_ROPEFalse_UHD2_ap_fixed_16_5_,ok,0,117,2026-10-01 19:13:35
ATTN_config_S32_D512_H32_HD16_G2_layer_norm_ROPETrue_UHD2_ap_fixed_16_5_,ok,0,176,2026-10-01 19:13:36
ATTN_config_S32_D512_H32_HD16_G2_layer_norm_ROPEFalse_UHD8_ap_fixed_16_5_,ok,0,190,2026-10-01 19:13:42
ATTN_config_S32_D512_H32_HD16_G2_rms_norm_ROPEFalse_UHD8_ap_fixed_16_5_,ok,0,166,2026-10-01 19:13:47
ATTN_config_S32_D512_H32_HD16_G4_rms_norm_ROPEFalse_UHD1_ap_fixed_16_5_,ok,0,134,2026-10-01 19:13:49
ATTN_config_S32_D512_H32_HD16_G2_rms_norm_ROPETrue_UHD2_ap_fixed_16_5_,ok,0,156,2026-10-01 19:13:50
ATTN_config_S32_D512_H32_HD16_G1_rms_norm_ROPETrue_UHD8_ap_fixed_16_5_,ok,0,218,2026-10-01 19:13:54
ATTN_config_S32_D512_H32_HD16_G4_layer_norm_ROPEFalse_UHD2_ap_fixed_16_5_,ok,0,156,2026-10-01 19:13:55
ATTN_config_S32_D512_H32_HD16_G2_layer_norm_ROPETrue_UHD4_ap_fixed_16_5_,ok,0,195,2026-10-01 19:14:01
ATTN_config_S32_D512_H32_HD16_G4_layer_norm_ROPETrue_UHD1_ap_fixed_16_5_,ok,0,155,2026-10-01 19:14:06
ATTN_config_S32_D512_H32_HD16_G1_layer_norm_ROPETrue_UHD8_ap_fixed_16_5_,ok,0,260,2026-10-01 19:14:16
ATTN_config_S32_D512_H32_HD16_G4_layer_norm_ROPEFalse_UHD4_ap_fixed_16_5_,ok,0,171,2026-10-01 19:14:18
ATTN_config_S32_D512_H32_HD16_G4_rms_norm_ROPEFalse_UHD4_ap_fixed_16_5_,ok,0,149,2026-10-01 19:14:19
ATTN_config_S32_D512_H32_HD16_G4_rms_norm_ROPETrue_UHD1_ap_fixed_16_5_,ok,0,152,2026-10-01 19:14:24
ATTN_config_S32_D512_H32_HD32_G1_layer_norm_ROPEFalse_UHD1_ap_fixed_16_5_,ok,0,140,2026-10-01 19:14:24
ATTN_config_S32_D512_H32_HD16_G2_rms_norm_ROPETrue_UHD4_ap_fixed_16_5_,ok,0,190,2026-10-01 19:14:25
ATTN_config_S32_D512_H32_HD16_G4_layer_norm_ROPEFalse_UHD8_ap_fixed_16_5_,ok,0,180,2026-10-01 19:14:28
ATTN_config_S32_D512_H32_HD16_G4_rms_norm_ROPETrue_UHD2_ap_fixed_16_5_,ok,0,153,2026-10-01 19:14:29
ATTN_config_S32_D512_H32_HD16_G2_layer_norm_ROPETrue_UHD8_ap_fixed_16_5_,ok,0,226,2026-10-01 19:14:33
ATTN_config_S32_D512_H32_HD16_G2_rms_norm_ROPETrue_UHD8_ap_fixed_16_5_,ok,0,203,2026-10-01 19:14:39
ATTN_config_S32_D512_H32_HD32_G1_layer_norm_ROPEFalse_UHD2_ap_fixed_16_5_,ok,0,156,2026-10-01 19:14:41
ATTN_config_S32_D512_H32_HD32_G1_rms_norm_ROPEFalse_UHD1_ap_fixed_16_5_,ok,0,123,2026-10-01 19:14:43
ATTN_config_S32_D512_H32_HD16_G4_rms_norm_ROPEFalse_UHD8_ap_fixed_16_5_,ok,0,173,2026-10-01 19:14:44
ATTN_config_S32_D512_H32_HD16_G4_rms_norm_ROPETrue_UHD4_ap_fixed_16_5_,ok,0,167,2026-10-01 19:14:46
ATTN_config_S32_D512_H32_HD16_G4_layer_norm_ROPETrue_UHD2_ap_fixed_16_5_,ok,0,195,2026-10-01 19:14:47
ATTN_config_S32_D512_H32_HD32_G1_layer_norm_ROPEFalse_UHD4_ap_fixed_16_5_,ok,0,157,2026-10-01 19:14:48
ATTN_config_S32_D512_H32_HD32_G1_rms_norm_ROPEFalse_UHD2_ap_fixed_16_5_,ok,0,137,2026-10-01 19:14:59
ATTN_config_S32_D512_H32_HD16_G4_layer_norm_ROPETrue_UHD4_ap_fixed_16_5_,ok,0,211,2026-10-01 19:15:04
ATTN_config_S32_D512_H32_HD32_G1_rms_norm_ROPEFalse_UHD4_ap_fixed_16_5_,ok,0,140,2026-10-01 19:15:05
ATTN_config_S32_D512_H32_HD32_G1_rms_norm_ROPETrue_UHD1_ap_fixed_16_5_,ok,0,142,2026-10-01 19:15:09
ATTN_config_S32_D512_H32_HD16_G4_layer_norm_ROPETrue_UHD8_ap_fixed_16_5_,ok,0,216,2026-10-01 19:15:11
ATTN_config_S32_D512_H32_HD32_G1_layer_norm_ROPETrue_UHD1_ap_fixed_16_5_,ok,0,176,2026-10-01 19:15:18
ATTN_config_S32_D512_H32_HD32_G1_layer_norm_ROPETrue_UHD2_ap_fixed_16_5_,ok,0,174,2026-10-01 19:15:23
ATTN_config_S32_D512_H32_HD32_G2_layer_norm_ROPEFalse_UHD2_ap_fixed_16_5_,ok,0,141,2026-10-01 19:15:24
ATTN_config_S32_D512_H32_HD32_G1_layer_norm_ROPEFalse_UHD8_ap_fixed_16_5_,ok,0,190,2026-10-01 19:15:27
ATTN_config_S32_D512_H32_HD32_G1_rms_norm_ROPEFalse_UHD8_ap_fixed_16_5_,ok,0,160,2026-10-01 19:15:28
ATTN_config_S32_D512_H32_HD32_G2_rms_norm_ROPEFalse_UHD1_ap_fixed_16_5_,ok,0,112,2026-10-01 19:15:29
ATTN_config_S32_D512_H32_HD16_G4_rms_norm_ROPETrue_UHD8_ap_fixed_16_5_,ok,0,207,2026-10-01 19:15:30
ATTN_config_S32_D512_H32_HD32_G2_layer_norm_ROPEFalse_UHD1_ap_fixed_16_5_,ok,0,148,2026-10-01 19:15:31
ATTN_config_S32_D512_H32_HD32_G1_rms_norm_ROPETrue_UHD2_ap_fixed_16_5_,ok,0,165,2026-10-01 19:15:34
ATTN_config_S32_D512_H32_HD32_G2_rms_norm_ROPEFalse_UHD2_ap_fixed_16_5_,ok,0,125,2026-10-01 19:15:47
ATTN_config_S32_D512_H32_HD32_G2_layer_norm_ROPEFalse_UHD4_ap_fixed_16_5_,ok,0,158,2026-10-01 19:15:48
ATTN_config_S32_D512_H32_HD32_G1_layer_norm_ROPETrue_UHD4_ap_fixed_16_5_,ok,0,192,2026-10-01 19:15:49
ATTN_config_S32_D512_H32_HD32_G1_rms_norm_ROPETrue_UHD4_ap_fixed_16_5_,ok,0,175,2026-10-01 19:15:49
ATTN_config_S32_D512_H32_HD32_G2_layer_norm_ROPETrue_UHD1_ap_fixed_16_5_,ok,0,156,2026-10-01 19:15:49
ATTN_config_S32_D512_H32_HD32_G2_layer_norm_ROPEFalse_UHD8_ap_fixed_16_5_,ok,0,170,2026-10-01 19:16:02
ATTN_config_S32_D512_H32_HD32_G2_layer_norm_ROPETrue_UHD2_ap_fixed_16_5_,ok,0,164,2026-10-01 19:16:06
ATTN_config_S32_D512_H32_HD32_G2_rms_norm_ROPEFalse_UHD4_ap_fixed_16_5_,ok,0,144,2026-10-01 19:16:12
ATTN_config_S32_D512_H32_HD32_G2_rms_norm_ROPETrue_UHD1_ap_fixed_16_5_,ok,0,145,2026-10-01 19:16:15
ATTN_config_S32_D512_H32_HD32_G2_rms_norm_ROPETrue_UHD2_ap_fixed_16_5_,ok,0,149,2026-10-01 19:16:23
ATTN_config_S32_D512_H32_HD32_G1_rms_norm_ROPETrue_UHD8_ap_fixed_16_5_,ok,0,206,2026-10-01 19:16:23
ATTN_config_S32_D512_H32_HD32_G4_rms_norm_ROPEFalse_UHD1_ap_fixed_16_5_,ok,0,114,2026-10-01 19:16:23
ATTN_config_S32_D512_H32_HD32_G4_layer_norm_ROPEFalse_UHD1_ap_fixed_16_5_,ok,0,142,2026-10-01 19:16:28
ATTN_config_S32_D512_H32_HD32_G2_rms_norm_ROPEFalse_UHD8_ap_fixed_16_5_,ok,0,160,2026-10-01 19:16:29
ATTN_config_S32_D512_H32_HD32_G1_layer_norm_ROPETrue_UHD8_ap_fixed_16_5_,ok,0,236,2026-10-01 19:16:34
ATTN_config_S32_D512_H32_HD32_G4_layer_norm_ROPEFalse_UHD2_ap_fixed_16_5_,ok,0,139,2026-10-01 19:16:35
ATTN_config_S32_D512_H32_HD32_G2_rms_norm_ROPETrue_UHD4_ap_fixed_16_5_,ok,0,162,2026-10-01 19:16:36
ATTN_config_S32_D512_H32_HD32_G2_layer_norm_ROPETrue_UHD4_ap_fixed_16_5_,ok,0,196,2026-10-01 19:16:46
ATTN_config_S32_D512_H32_HD32_G4_rms_norm_ROPEFalse_UHD2_ap_fixed_16_5_,ok,0,136,2026-10-01 19:16:49
ATTN_config_S32_D512_H32_HD32_G4_layer_norm_ROPEFalse_UHD4_ap_fixed_16_5_,ok,0,151,2026-10-01 19:16:49
ATTN_config_S32_D512_H32_HD32_G4_rms_norm_ROPEFalse_UHD4_ap_fixed_16_5_,ok,0,138,2026-10-01 19:16:58
ATTN_config_S32_D512_H32_HD64_G1_layer_norm_ROPEFalse_UHD1_ap_fixed_16_5_,ok,0,131,2026-10-01 19:16:58
ATTN_config_S32_D512_H32_HD32_G4_layer_norm_ROPETrue_UHD1_ap_fixed_16_5_,ok,0,156,2026-10-01 19:16:59
ATTN_config_S32_D512_H32_HD32_G4_layer_norm_ROPEFalse_UHD8_ap_fixed_16_5_,ok,0,177,2026-10-01 19:17:16
ATTN_config_S32_D512_H32_HD32_G4_rms_norm_ROPETrue_UHD2_ap_fixed_16_5_,ok,0,157,2026-10-01 19:17:21
ATTN_config_S32_D512_H32_HD32_G4_rms_norm_ROPETrue_UHD1_ap_fixed_16_5_,ok,0,162,2026-10-01 19:17:25
ATTN_config_S32_D512_H32_HD32_G4_layer_norm_ROPETrue_UHD4_ap_fixed_16_5_,ok,0,185,2026-10-01 19:17:30
ATTN_config_S32_D512_H32_HD32_G2_layer_norm_ROPETrue_UHD8_ap_fixed_16_5_,ok,0,236,2026-10-01 19:17:32
ATTN_config_S32_D512_H32_HD64_G1_layer_norm_ROPEFalse_UHD4_ap_fixed_16_5_,ok,0,149,2026-10-01 19:17:33
ATTN_config_S32_D512_H32_HD32_G4_rms_norm_ROPETrue_UHD4_ap_fixed_16_5_,ok,0,170,2026-10-01 19:17:36
ATTN_config_S32_D512_H32_HD32_G4_layer_norm_ROPETrue_UHD2_ap_fixed_16_5_,ok,0,196,2026-10-01 19:17:40
ATTN_config_S32_D512_H32_HD32_G4_rms_norm_ROPEFalse_UHD8_ap_fixed_16_5_,ok,0,182,2026-10-01 19:17:42
ATTN_config_S32_D512_H32_HD64_G1_layer_norm_ROPEFalse_UHD2_ap_fixed_16_5_,ok,0,169,2026-10-01 19:17:48
ATTN_config_S32_D512_H32_HD64_G1_rms_norm_ROPEFalse_UHD1_ap_fixed_16_5_,ok,0,145,2026-10-01 19:17:49
ATTN_config_S32_D512_H32_HD64_G1_layer_norm_ROPETrue_UHD1_ap_fixed_16_5_,ok,0,162,2026-10-01 19:17:51
ATTN_config_S32_D512_H32_HD64_G1_rms_norm_ROPEFalse_UHD2_ap_fixed_16_5_,ok,0,152,2026-10-01 19:17:58
ATTN_config_S32_D512_H32_HD64_G2_layer_norm_ROPEFalse_UHD1_ap_fixed_16_5_,ok,0,131,2026-10-01 19:18:00
ATTN_config_S32_D512_H32_HD32_G2_rms_norm_ROPETrue_UHD8_ap_fixed_16_5_,ok,0,241,2026-10-01 19:18:02
ATTN_config_S32_D512_H32_HD64_G1_rms_norm_ROPETrue_UHD1_ap_fixed_16_5_,ok,0,152,2026-10-01 19:18:02
ATTN_config_S32_D512_H32_HD64_G1_rms_norm_ROPEFalse_UHD8_ap_fixed_16_5_,ok,0,159,2026-10-01 19:18:08
ATTN_config_S32_D512_H32_HD64_G1_layer_norm_ROPETrue_UHD2_ap_fixed_16_5_,ok,0,178,2026-10-01 19:18:09
ATTN_config_S32_D512_H32_HD64_G1_rms_norm_ROPEFalse_UHD4_ap_fixed_16_5_,ok,0,168,2026-10-01 19:18:16
ATTN_config_S32_D512_H32_HD64_G1_rms_norm_ROPETrue_UHD2_ap_fixed_16_5_,ok,0,165,2026-10-01 19:18:16
ATTN_config_S32_D512_H32_HD32_G4_layer_norm_ROPETrue_UHD8_ap_fixed_16_5_,ok,0,229,2026-10-01 19:18:16
ATTN_config_S32_D512_H32_HD64_G2_layer_norm_ROPEFalse_UHD2_ap_fixed_16_5_,ok,0,149,2026-10-01 19:18:18
ATTN_config_S32_D512_H32_HD64_G2_layer_norm_ROPEFalse_UHD4_ap_fixed_16_5_,ok,0,153,2026-10-01 19:18:22
ATTN_config_S32_D512_H32_HD32_G4_rms_norm_ROPETrue_UHD8_ap_fixed_16_5_,ok,0,216,2026-10-01 19:18:23
ATTN_config_S32_D512_H32_HD64_G1_layer_norm_ROPEFalse_UHD8_ap_fixed_16_5_,ok,0,199,2026-10-01 19:18:24
ATTN_config_S32_D512_H32_HD64_G1_layer_norm_ROPETrue_UHD4_ap_fixed_16_5_,ok,0,193,2026-10-01 19:18:30
ATTN_config_S32_D512_H32_HD64_G2_rms_norm_ROPEFalse_UHD1_ap_fixed_16_5_,ok,0,129,2026-10-01 19:18:32
ATTN_config_S32_D512_H32_HD64_G2_layer_norm_ROPEFalse_UHD8_ap_fixed_16_5_,ok,0,168,2026-10-01 19:18:37
ATTN_config_S32_D512_H32_HD64_G1_rms_norm_ROPETrue_UHD4_ap_fixed_16_5_,ok,0,184,2026-10-01 19:18:38
ATTN_config_S32_D512_H32_HD64_G2_layer_norm_ROPETrue_UHD1_ap_fixed_16_5_,ok,0,157,2026-10-01 19:18:40
ATTN_config_S32_D512_H32_HD64_G2_rms_norm_ROPETrue_UHD1_ap_fixed_16_5_,ok,0,134,2026-10-01 19:18:43
ATTN_config_S32_D512_H32_HD64_G2_rms_norm_ROPEFalse_UHD2_ap_fixed_16_5_,ok,0,144,2026-10-01 19:18:47
ATTN_config_S32_D512_H32_HD64_G2_rms_norm_ROPEFalse_UHD8_ap_fixed_16_5_,ok,0,154,2026-10-01 19:19:02
ATTN_config_S32_D512_H32_HD64_G2_rms_norm_ROPEFalse_UHD4_ap_fixed_16_5_,ok,0,162,2026-10-01 19:19:04
ATTN_config_S32_D512_H32_HD64_G4_layer_norm_ROPEFalse_UHD4_ap_fixed_16_5_,ok,0,137,2026-10-01 19:19:06
ATTN_config_S32_D512_H32_HD64_G4_layer_norm_ROPEFalse_UHD1_ap_fixed_16_5_,ok,0,148,2026-10-01 19:19:14
ATTN_config_S32_D512_H32_HD64_G2_rms_norm_ROPETrue_UHD4_ap_fixed_16_5_,ok,0,161,2026-10-01 19:19:16
ATTN_config_S32_D512_H32_HD64_G4_rms_norm_ROPEFalse_UHD1_ap_fixed_16_5_,ok,0,120,2026-10-01 19:19:25
ATTN_config_S32_D512_H32_HD64_G1_rms_norm_ROPETrue_UHD8_ap_fixed_16_5_,ok,0,219,2026-10-01 19:19:27
ATTN_config_S32_D512_H32_HD64_G4_layer_norm_ROPEFalse_UHD2_ap_fixed_16_5_,ok,0,160,2026-10-01 19:19:29
ATTN_config_S32_D512_H32_HD64_G2_layer_norm_ROPETrue_UHD2_ap_fixed_16_5_,ok,0,204,2026-10-01 19:19:30
ATTN_config_S32_D512_H32_HD64_G2_rms_norm_ROPETrue_UHD2_ap_fixed_16_5_,ok,0,181,2026-10-01 19:19:35
ATTN_config_S32_D512_H32_HD64_G4_rms_norm_ROPEFalse_UHD2_ap_fixed_16_5_,ok,0,133,2026-10-01 19:19:42
ATTN_config_S32_D512_H32_HD64_G2_layer_norm_ROPETrue_UHD4_ap_fixed_16_5_,ok,0,214,2026-10-01 19:19:46
ATTN_config_S32_D512_H32_HD64_G1_layer_norm_ROPETrue_UHD8_ap_fixed_16_5_,ok,0,268,2026-10-01 19:19:51
ATTN_config_S32_D512_H32_HD64_G4_rms_norm_ROPEFalse_UHD4_ap_fixed_16_5_,ok,0,146,2026-10-01 19:19:57
ATTN_config_S32_D512_H32_HD64_G2_layer_norm_ROPETrue_UHD8_ap_fixed_16_5_,ok,0,225,2026-10-01 19:20:01
ATTN_config_S32_D512_H32_HD64_G4_layer_norm_ROPETrue_UHD2_ap_fixed_16_5_,ok,0,185,2026-10-01 19:20:05
ATTN_config_S32_D512_H32_HD64_G4_layer_norm_ROPETrue_UHD1_ap_fixed_16_5_,ok,0,188,2026-10-01 19:20:06
ATTN_config_S32_D512_H32_HD64_G4_rms_norm_ROPETrue_UHD1_ap_fixed_16_5_,ok,0,157,2026-10-01 19:20:13
ATTN_config_S32_D512_H32_HD64_G4_layer_norm_ROPEFalse_UHD8_ap_fixed_16_5_,ok,0,202,2026-10-01 19:20:20
ATTN_config_S32_D512_H8_HD16_G1_layer_norm_ROPEFalse_UHD1_ap_fixed_16_5_,ok,0,155,2026-10-01 19:20:25
ATTN_config_S32_D512_H32_HD64_G4_rms_norm_ROPEFalse_UHD8_ap_fixed_16_5_,ok,0,176,2026-10-01 19:20:29
ATTN_config_S32_D512_H32_HD64_G2_rms_norm_ROPETrue_UHD8_ap_fixed_16_5_,ok,0,233,2026-10-01 19:20:29
ATTN_config_S32_D512_H8_HD16_G1_rms_norm_ROPEFalse_UHD1_ap_fixed_16_5_,ok,0,134,2026-10-01 19:20:29
ATTN_config_S32_D512_H8_HD16_G1_rms_norm_ROPEFalse_UHD2_ap_fixed_16_5_,ok,0,134,2026-10-01 19:20:31
ATTN_config_S32_D512_H32_HD64_G4_rms_norm_ROPETrue_UHD2_ap_fixed_16_5_,ok,0,171,2026-10-01 19:20:31
ATTN_config_S32_D512_H8_HD16_G1_layer_norm_ROPEFalse_UHD2_ap_fixed_16_5_,ok,0,163,2026-10-01 19:20:34
ATTN_config_S32_D512_H8_HD16_G1_layer_norm_ROPEFalse_UHD4_ap_fixed_16_5_,ok,0,163,2026-10-01 19:20:41
ATTN_config_S32_D512_H32_HD64_G4_layer_norm_ROPETrue_UHD4_ap_fixed_16_5_,ok,0,219,2026-10-01 19:20:55
ATTN_config_S32_D512_H8_HD16_G1_rms_norm_ROPEFalse_UHD4_ap_fixed_16_5_,ok,0,163,2026-10-01 19:21:00
ATTN_config_S32_D512_H8_HD16_G1_layer_norm_ROPETrue_UHD1_ap_fixed_16_5_,ok,0,185,2026-10-01 19:21:07
ATTN_config_S32_D512_H8_HD16_G2_layer_norm_ROPEFalse_UHD1_ap_fixed_16_5_,ok,0,156,2026-10-01 19:21:08
ATTN_config_S32_D512_H8_HD16_G1_layer_norm_ROPEFalse_UHD8_ap_fixed_16_5_,ok,0,196,2026-10-01 19:21:16
ATTN_config_S32_D512_H8_HD16_G1_rms_norm_ROPETrue_UHD1_ap_fixed_16_5_,ok,0,174,2026-10-01 19:21:16
ATTN_config_S32_D512_H32_HD64_G4_rms_norm_ROPETrue_UHD4_ap_fixed_16_5_,ok,0,215,2026-10-01 19:21:17
ATTN_config_S32_D512_H8_HD16_G1_layer_norm_ROPETrue_UHD2_ap_fixed_16_5_,ok,0,196,2026-10-01 19:21:19
ATTN_config_S32_D512_H8_HD16_G1_rms_norm_ROPETrue_UHD2_ap_fixed_16_5_,ok,0,177,2026-10-01 19:21:20
ATTN_config_S32_D512_H8_HD16_G2_rms_norm_ROPEFalse_UHD1_ap_fixed_16_5_,ok,0,142,2026-10-01 19:21:28
ATTN_config_S32_D512_H8_HD16_G2_layer_norm_ROPEFalse_UHD2_ap_fixed_16_5_,ok,0,173,2026-10-01 19:21:30
ATTN_config_S32_D512_H8_HD16_G1_rms_norm_ROPEFalse_UHD8_ap_fixed_16_5_,ok,0,197,2026-10-01 19:21:35
ATTN_config_S32_D512_H8_HD16_G1_rms_norm_ROPETrue_UHD4_ap_fixed_16_5_,ok,0,193,2026-10-01 19:21:37
ATTN_config_S32_D512_H8_HD16_G2_rms_norm_ROPEFalse_UHD2_ap_fixed_16_5_,ok,0,149,2026-10-01 19:21:42
ATTN_config_S32_D512_H8_HD16_G2_layer_norm_ROPEFalse_UHD4_ap_fixed_16_5_,ok,0,189,2026-10-01 19:21:47
ATTN_config_S32_D512_H8_HD16_G1_layer_norm_ROPETrue_UHD4_ap_fixed_16_5_,ok,0,230,2026-10-01 19:21:58
ATTN_config_S32_D512_H8_HD16_G2_rms_norm_ROPEFalse_UHD4_ap_fixed_16_5_,ok,0,163,2026-10-01 19:21:59
ATTN_config_S32_D512_H8_HD16_G2_layer_norm_ROPETrue_UHD1_ap_fixed_16_5_,ok,0,197,2026-10-01 19:22:00
ATTN_config_S32_D512_H32_HD64_G4_layer_norm_ROPETrue_UHD8_ap_fixed_16_5_,ok,0,282,2026-10-01 19:22:03
ATTN_config_S32_D512_H8_HD16_G2_layer_norm_ROPETrue_UHD2_ap_fixed_16_5_,ok,0,204,2026-10-01 19:22:11
ATTN_config_S32_D512_H32_HD64_G4_rms_norm_ROPETrue_UHD8_ap_fixed_16_5_,ok,0,264,2026-10-01 19:22:12
ATTN_config_S32_D512_H8_HD16_G2_rms_norm_ROPETrue_UHD1_ap_fixed_16_5_,ok,0,170,2026-10-01 19:22:16
ATTN_config_S32_D512_H8_HD16_G2_layer_norm_ROPEFalse_UHD8_ap_fixed_16_5_,ok,0,221,2026-10-01 19:22:21
ATTN_config_S32_D512_H8_HD16_G2_rms_norm_ROPETrue_UHD2_ap_fixed_16_5_,ok,0,176,2026-10-01 19:22:25
ATTN_config_S32_D512_H8_HD16_G4_layer_norm_ROPEFalse_UHD1_ap_fixed_16_5_,ok,0,166,2026-10-01 19:22:28
ATTN_config_S32_D512_H8_HD16_G1_rms_norm_ROPETrue_UHD8_ap_fixed_16_5_,ok,0,241,2026-10-01 19:22:31
ATTN_config_S32_D512_H8_HD16_G4_layer_norm_ROPEFalse_UHD2_ap_fixed_16_5_,ok,0,172,2026-10-01 19:22:37
ATTN_config_S32_D512_H8_HD16_G2_rms_norm_ROPEFalse_UHD8_ap_fixed_16_5_,ok,0,198,2026-10-01 19:22:43
ATTN_config_S32_D512_H8_HD16_G4_layer_norm_ROPEFalse_UHD4_ap_fixed_16_5_,ok,0,172,2026-10-01 19:22:43
ATTN_config_S32_D512_H8_HD16_G4_rms_norm_ROPEFalse_UHD1_ap_fixed_16_5_,ok,0,146,2026-10-01 19:22:46
ATTN_config_S32_D512_H8_HD16_G2_layer_norm_ROPETrue_UHD4_ap_fixed_16_5_,ok,0,224,2026-10-01 19:22:46
ATTN_config_S32_D512_H8_HD16_G2_rms_norm_ROPETrue_UHD4_ap_fixed_16_5_,ok,0,198,2026-10-01 19:22:48
ATTN_config_S32_D512_H8_HD16_G4_rms_norm_ROPEFalse_UHD2_ap_fixed_16_5_,ok,0,145,2026-10-01 19:22:50
ATTN_config_S32_D512_H8_HD16_G1_layer_norm_ROPETrue_UHD8_ap_fixed_16_5_,ok,0,285,2026-10-01 19:22:54
ATTN_config_S32_D512_H8_HD16_G4_rms_norm_ROPETrue_UHD1_ap_fixed_16_5_,ok,0,151,2026-10-01 19:23:00
ATTN_config_S32_D512_H8_HD16_G4_rms_norm_ROPETrue_UHD2_ap_fixed_16_5_,ok,0,156,2026-10-01 19:23:07
ATTN_config_S32_D512_H8_HD32_G1_layer_norm_ROPEFalse_UHD1_ap_fixed_16_5_,ok,0,146,2026-10-01 19:23:07
ATTN_config_S32_D512_H8_HD16_G4_rms_norm_ROPEFalse_UHD4_ap_fixed_16_5_,ok,0,165,2026-10-01 19:23:14
ATTN_config_S32_D512_H8_HD16_G4_layer_norm_ROPETrue_UHD1_ap_fixed_16_5_,ok,0,200,2026-10-01 19:23:20
ATTN_config_S32_D512_H8_HD16_G4_layer_norm_ROPEFalse_UHD8_ap_fixed_16_5_,ok,0,210,2026-10-01 19:23:27
ATTN_config_S32_D512_H8_HD16_G4_layer_norm_ROPETrue_UHD2_ap_fixed_16_5_,ok,0,207,2026-10-01 19:23:32
ATTN_config_S32_D512_H8_HD32_G1_rms_norm_ROPEFalse_UHD1_ap_fixed_16_5_,ok,0,137,2026-10-01 19:23:36
ATTN_config_S32_D512_H8_HD16_G4_rms_norm_ROPETrue_UHD4_ap_fixed_16_5_,ok,0,194,2026-10-01 19:23:45
ATTN_config_S32_D512_H8_HD16_G4_rms_norm_ROPEFalse_UHD8_ap_fixed_16_5_,ok,0,196,2026-10-01 19:23:45
ATTN_config_S32_D512_H8_HD16_G4_layer_norm_ROPETrue_UHD4_ap_fixed_16_5_,ok,0,220,2026-10-01 19:23:46
ATTN_config_S32_D512_H8_HD16_G2_layer_norm_ROPETrue_UHD8_ap_fixed_16_5_,ok,0,285,2026-10-01 19:23:49
ATTN_config_S32_D512_H8_HD32_G1_layer_norm_ROPEFalse_UHD2_ap_fixed_16_5_,ok,0,175,2026-10-01 19:23:50
ATTN_config_S32_D512_H8_HD32_G1_layer_norm_ROPEFalse_UHD4_ap_fixed_16_5_,ok,0,172,2026-10-01 19:23:52
ATTN_config_S32_D512_H8_HD32_G1_rms_norm_ROPEFalse_UHD2_ap_fixed_16_5_,ok,0,153,2026-10-01 19:23:53
ATTN_config_S32_D512_H8_HD16_G2_rms_norm_ROPETrue_UHD8_ap_fixed_16_5_,ok,0,258,2026-10-01 19:23:53
ATTN_config_S32_D512_H8_HD32_G1_layer_norm_ROPETrue_UHD1_ap_fixed_16_5_,ok,0,181,2026-10-01 19:24:09
ATTN_config_S32_D512_H8_HD16_G4_rms_norm_ROPETrue_UHD8_ap_fixed_16_5_,ok,0,219,2026-10-01 19:24:13
ATTN_config_S32_D512_H8_HD32_G1_layer_norm_ROPETrue_UHD2_ap_fixed_16_5_,ok,0,178,2026-10-01 19:24:14
ATTN_config_S32_D512_H8_HD32_G1_rms_norm_ROPEFalse_UHD4_ap_fixed_16_5_,ok,0,169,2026-10-01 19:24:17
ATTN_config_S32_D512_H8_HD32_G1_rms_norm_ROPETrue_UHD1_ap_fixed_16_5_,ok,0,164,2026-10-01 19:24:19
ATTN_config_S32_D512_H8_HD32_G2_layer_norm_ROPEFalse_UHD1_ap_fixed_16_5_,ok,0,155,2026-10-01 19:24:33
ATTN_config_S32_D512_H8_HD32_G2_layer_norm_ROPEFalse_UHD2_ap_fixed_16_5_,ok,0,159,2026-10-01 19:24:38
ATTN_config_S32_D512_H8_HD32_G1_rms_norm_ROPETrue_UHD2_ap_fixed_16_5_,ok,0,183,2026-10-01 19:24:40
ATTN_config_S32_D512_H8_HD32_G1_layer_norm_ROPETrue_UHD4_ap_fixed_16_5_,ok,0,206,2026-10-01 19:24:42
ATTN_config_S32_D512_H8_HD32_G2_rms_norm_ROPEFalse_UHD1_ap_fixed_16_5_,ok,0,137,2026-10-01 19:24:42
ATTN_config_S32_D512_H8_HD32_G1_rms_norm_ROPEFalse_UHD8_ap_fixed_16_5_,ok,0,194,2026-10-01 19:24:43
ATTN_config_S32_D512_H8_HD32_G1_layer_norm_ROPEFalse_UHD8_ap_fixed_16_5_,ok,0,219,2026-10-01 19:24:46
ATTN_config_S32_D512_H8_HD32_G2_layer_norm_ROPEFalse_UHD4_ap_fixed_16_5_,ok,0,174,2026-10-01 19:24:54
ATTN_config_S32_D512_H8_HD32_G1_rms_norm_ROPETrue_UHD4_ap_fixed_16_5_,ok,0,193,2026-10-01 19:24:55
ATTN_config_S32_D512_H8_HD32_G2_rms_norm_ROPEFalse_UHD4_ap_fixed_16_5_,ok,0,151,2026-10-01 19:25:03
ATTN_config_S32_D512_H8_HD32_G2_rms_norm_ROPEFalse_UHD2_ap_fixed_16_5_,ok,0,157,2026-10-01 19:25:05
ATTN_config_S32_D512_H8_HD16_G4_layer_norm_ROPETrue_UHD8_ap_fixed_16_5_,ok,0,294,2026-10-01 19:25:06
ATTN_config_S32_D512_H8_HD32_G2_layer_norm_ROPETrue_UHD2_ap_fixed_16_5_,ok,0,181,2026-10-01 19:25:13
ATTN_config_S32_D512_H8_HD32_G2_rms_norm_ROPEFalse_UHD8_ap_fixed_16_5_,ok,0,166,2026-10-01 19:25:24
ATTN_config_S32_D512_H8_HD32_G4_rms_norm_ROPEFalse_UHD1_ap_fixed_16_5_,ok,0,116,2026-10-01 19:25:24
ATTN_config_S32_D512_H8_HD32_G2_layer_norm_ROPETrue_UHD1_ap_fixed_16_5_,ok,0,193,2026-10-01 19:25:24
ATTN_config_S32_D512_H8_HD32_G1_rms_norm_ROPETrue_UHD8_ap_fixed_16_5_,ok,0,222,2026-10-01 19:25:29
ATTN_config_S32_D512_H8_HD32_G4_layer_norm_ROPEFalse_UHD1_ap_fixed_16_5_,ok,0,161,2026-10-01 19:25:29
ATTN_config_S32_D512_H8_HD32_G4_layer_norm_ROPEFalse_UHD4_ap_fixed_16_5_,ok,0,160,2026-10-01 19:25:33
ATTN_config_S32_D512_H8_HD32_G2_rms_norm_ROPETrue_UHD1_ap_fixed_16_5_,ok,0,171,2026-10-01 19:25:34
ATTN_config_S32_D512_H8_HD32_G2_rms_norm_ROPETrue_UHD2_ap_fixed_16_5_,ok,0,174,2026-10-01 19:25:38
ATTN_config_S32_D512_H8_HD32_G4_layer_norm_ROPEFalse_UHD2_ap_fixed_16_5_,ok,0,169,2026-10-01 19:25:39
ATTN_config_S32_D512_H8_HD32_G2_layer_norm_ROPEFalse_UHD8_ap_fixed_16_5_,ok,0,219,2026-10-01 19:25:42
ATTN_config_S32_D512_H8_HD32_G4_rms_norm_ROPEFalse_UHD2_ap_fixed_16_5_,ok,0,135,2026-10-01 19:25:47
ATTN_config_S32_D512_H8_HD32_G1_layer_norm_ROPETrue_UHD8_ap_fixed_16_5_,ok,0,274,2026-10-01 19:25:51
ATTN_config_S32_D512_H8_HD32_G2_layer_norm_ROPETrue_UHD4_ap_fixed_16_5_,ok,0,217,2026-10-01 19:25:53
ATTN_config_S32_D512_H8_HD32_G2_rms_norm_ROPETrue_UHD4_ap_fixed_16_5_,ok,0,188,2026-10-01 19:25:54
ATTN_config_S32_D512_H8_HD32_G4_layer_norm_ROPETrue_UHD1_ap_fixed_16_5_,ok,0,169,2026-10-01 19:25:56
ATTN_config_S32_D512_H8_HD32_G4_rms_norm_ROPEFalse_UHD4_ap_fixed_16_5_,ok,0,154,2026-10-01 19:26:09
ATTN_config_S32_D512_H8_HD32_G4_rms_norm_ROPETrue_UHD2_ap_fixed_16_5_,ok,0,143,2026-10-01 19:26:09
ATTN_config_S32_D512_H8_HD32_G4_layer_norm_ROPETrue_UHD4_ap_fixed_16_5_,ok,0,178,2026-10-01 19:26:12
ATTN_config_S32_D512_H8_HD32_G2_rms_norm_ROPETrue_UHD8_ap_fixed_16_5_,ok,0,211,2026-10-01 19:26:17
ATTN_config_S32_D512_H8_HD32_G4_rms_norm_ROPEFalse_UHD8_ap_fixed_16_5_,ok,0,153,2026-10-01 19:26:18
ATTN_config_S32_D512_H8_HD64_G1_layer_norm_ROPEFalse_UHD2_ap_fixed_16_5_,ok,0,146,2026-10-01 19:26:19
ATTN_config_S32_D512_H8_HD32_G4_rms_norm_ROPETrue_UHD1_ap_fixed_16_5_,ok,0,154,2026-10-01 19:26:19
ATTN_config_S32_D512_H8_HD64_G1_layer_norm_ROPEFalse_UHD4_ap_fixed_16_5_,ok,0,147,2026-10-01 19:26:20
ATTN_config_S32_D512_H8_HD64_G1_layer_norm_ROPEFalse_UHD1_ap_fixed_16_5_,ok,0,150,2026-10-01 19:26:22
ATTN_config_S32_D512_H8_HD32_G4_layer_norm_ROPETrue_UHD2_ap_fixed_16_5_,ok,0,199,2026-10-01 19:26:26
ATTN_config_S32_D512_H8_HD64_G1_rms_norm_ROPEFalse_UHD1_ap_fixed_16_5_,ok,0,116,2026-10-01 19:26:29
ATTN_config_S32_D512_H8_HD32_G4_layer_norm_ROPEFalse_UHD8_ap_fixed_16_5_,ok,0,210,2026-10-01 19:26:30
ATTN_config_S32_D512_H8_HD32_G4_rms_norm_ROPETrue_UHD4_ap_fixed_16_5_,ok,0,166,2026-10-01 19:26:35
ATTN_config_S32_D512_H8_HD64_G1_rms_norm_ROPEFalse_UHD2_ap_fixed_16_5_,ok,0,118,2026-10-01 19:26:37
ATTN_config_S32_D512_H8_HD32_G2_layer_norm_ROPETrue_UHD8_ap_fixed_16_5_,ok,0,263,2026-10-01 19:26:44
ATTN_config_S32_D512_H8_HD64_G1_rms_norm_ROPEFalse_UHD4_ap_fixed_16_5_,ok,0,128,2026-10-01 19:26:48
ATTN_config_S32_D512_H8_HD64_G1_layer_norm_ROPETrue_UHD2_ap_fixed_16_5_,ok,0,160,2026-10-01 19:26:53
ATTN_config_S32_D512_H8_HD64_G1_rms_norm_ROPETrue_UHD1_ap_fixed_16_5_,ok,0,134,2026-10-01 19:26:56
ATTN_config_S32_D512_H8_HD64_G1_layer_norm_ROPETrue_UHD1_ap_fixed_16_5_,ok,0,171,2026-10-01 19:27:05
ATTN_config_S32_D512_H8_HD64_G2_layer_norm_ROPEFalse_UHD1_ap_fixed_16_5_,ok,0,130,2026-10-01 19:27:05
ATTN_config_S32_D512_H8_HD32_G4_rms_norm_ROPETrue_UHD8_ap_fixed_16_5_,ok,0,195,2026-10-01 19:27:05
ATTN_config_S32_D512_H8_HD64_G1_rms_norm_ROPETrue_UHD4_ap_fixed_16_5_,ok,0,147,2026-10-01 19:27:12
ATTN_config_S32_D512_H8_HD32_G4_layer_norm_ROPETrue_UHD8_ap_fixed_16_5_,ok,0,232,2026-10-01 19:27:12
ATTN_config_S32_D512_H8_HD64_G1_layer_norm_ROPEFalse_UHD8_ap_fixed_16_5_,ok,0,185,2026-10-01 19:27:14
ATTN_config_S32_D512_H8_HD64_G2_rms_norm_ROPEFalse_UHD1_ap_fixed_16_5_,ok,0,108,2026-10-01 19:27:16
ATTN_config_S32_D512_H8_HD64_G1_rms_norm_ROPETrue_UHD2_ap_fixed_16_5_,ok,0,155,2026-10-01 19:27:18
ATTN_config_S32_D512_H8_HD64_G2_layer_norm_ROPEFalse_UHD2_ap_fixed_16_5_,ok,0,139,2026-10-01 19:27:21
ATTN_config_S32_D512_H8_HD64_G1_layer_norm_ROPETrue_UHD4_ap_fixed_16_5_,ok,0,184,2026-10-01 19:27:22
ATTN_config_S32_D512_H8_HD64_G2_rms_norm_ROPEFalse_UHD2_ap_fixed_16_5_,ok,0,115,2026-10-01 19:27:25
ATTN_config_S32_D512_H8_HD64_G1_rms_norm_ROPEFalse_UHD8_ap_fixed_16_5_,ok,0,166,2026-10-01 19:27:28
ATTN_config_S32_D512_H8_HD64_G2_layer_norm_ROPEFalse_UHD4_ap_fixed_16_5_,ok,0,155,2026-10-01 19:27:40
ATTN_config_S32_D512_H8_HD64_G2_layer_norm_ROPEFalse_UHD8_ap_fixed_16_5_,ok,0,159,2026-10-01 19:27:45
ATTN_config_S32_D512_H8_HD64_G2_layer_norm_ROPETrue_UHD1_ap_fixed_16_5_,ok,0,154,2026-10-01 19:27:47
ATTN_config_S32_D512_H8_HD64_G2_rms_norm_ROPEFalse_UHD4_ap_fixed_16_5_,ok,0,137,2026-10-01 19:27:50
ATTN_config_S32_D512_H8_HD64_G2_layer_norm_ROPETrue_UHD2_ap_fixed_16_5_,ok,0,148,2026-10-01 19:27:51
ATTN_config_S32_D512_H8_HD64_G2_rms_norm_ROPETrue_UHD2_ap_fixed_16_5_,ok,0,134,2026-10-01 19:27:53
ATTN_config_S32_D512_H8_HD64_G2_rms_norm_ROPEFalse_UHD8_ap_fixed_16_5_,ok,0,148,2026-10-01 19:28:02
ATTN_config_S32_D512_H8_HD64_G2_rms_norm_ROPETrue_UHD1_ap_fixed_16_5_,ok,0,147,2026-10-01 19:28:05
ATTN_config_S32_D512_H8_HD64_G4_layer_norm_ROPEFalse_UHD2_ap_fixed_16_5_,ok,0,134,2026-10-01 19:28:07
ATTN_config_S32_D512_H8_HD64_G4_layer_norm_ROPEFalse_UHD1_ap_fixed_16_5_,ok,0,137,2026-10-01 19:28:07
ATTN_config_S32_D512_H8_HD64_G1_layer_norm_ROPETrue_UHD8_ap_fixed_16_5_,ok,0,233,2026-10-01 19:28:11
ATTN_config_S32_D512_H8_HD64_G2_rms_norm_ROPETrue_UHD4_ap_fixed_16_5_,ok,0,150,2026-10-01 19:28:12
ATTN_config_S32_D512_H8_HD64_G2_layer_norm_ROPETrue_UHD4_ap_fixed_16_5_,ok,0,174,2026-10-01 19:28:17
ATTN_config_S32_D512_H8_HD64_G4_layer_norm_ROPEFalse_UHD4_ap_fixed_16_5_,ok,0,146,2026-10-01 19:28:19
ATTN_config_S32_D512_H8_HD64_G4_rms_norm_ROPEFalse_UHD2_ap_fixed_16_5_,ok,0,121,2026-10-01 19:28:20
ATTN_config_S32_D512_H8_HD64_G4_rms_norm_ROPEFalse_UHD1_ap_fixed_16_5_,ok,0,122,2026-10-01 19:28:20
ATTN_config_S32_D512_H8_HD64_G4_layer_norm_ROPETrue_UHD1_ap_fixed_16_5_,ok,0,142,2026-10-01 19:28:31
ATTN_config_S8_D128_H16_HD16_G1_layer_norm_ROPEFalse_UHD2_ap_fixed_16_5_,ok,0,119,2026-10-01 19:28:36
ATTN_config_S32_D512_H8_HD64_G4_rms_norm_ROPEFalse_UHD4_ap_fixed_16_5_,ok,0,138,2026-10-01 19:28:37
ATTN_config_S32_D512_H8_HD64_G4_rms_norm_ROPETrue_UHD2_ap_fixed_16_5_,ok,0,134,2026-10-01 19:28:40
ATTN_config_S32_D512_H8_HD64_G1_rms_norm_ROPETrue_UHD8_ap_fixed_16_5_,ok,0,227,2026-10-01 19:28:41
ATTN_config_S8_D128_H16_HD16_G1_layer_norm_ROPEFalse_UHD1_ap_fixed_16_5_,ok,0,131,2026-10-01 19:28:46
ATTN_config_S32_D512_H8_HD64_G4_rms_norm_ROPEFalse_UHD8_ap_fixed_16_5_,ok,0,146,2026-10-01 19:28:47
ATTN_config_S32_D512_H8_HD64_G4_layer_norm_ROPETrue_UHD2_ap_fixed_16_5_,ok,0,160,2026-10-01 19:28:49
ATTN_config_S32_D512_H8_HD64_G4_layer_norm_ROPEFalse_UHD8_ap_fixed_16_5_,ok,0,174,2026-10-01 19:28:50
ATTN_config_S32_D512_H8_HD64_G4_layer_norm_ROPETrue_UHD4_ap_fixed_16_5_,ok,0,161,2026-10-01 19:28:53
ATTN_config_S8_D128_H16_HD16_G1_layer_norm_ROPEFalse_UHD4_ap_fixed_16_5_,ok,0,131,2026-10-01 19:28:54
ATTN_config_S32_D512_H8_HD64_G4_rms_norm_ROPETrue_UHD4_ap_fixed_16_5_,ok,0,150,2026-10-01 19:28:59
ATTN_config_S32_D512_H8_HD64_G2_rms_norm_ROPETrue_UHD8_ap_fixed_16_5_,ok,0,194,2026-10-01 19:29:02
ATTN_config_S8_D128_H16_HD16_G1_rms_norm_ROPEFalse_UHD1_ap_fixed_16_5_,ok,0,117,2026-10-01 19:29:02
ATTN_config_S32_D512_H8_HD64_G4_rms_norm_ROPETrue_UHD1_ap_fixed_16_5_,ok,0,163,2026-10-01 19:29:05
ATTN_config_S8_D128_H16_HD16_G1_rms_norm_ROPEFalse_UHD4_ap_fixed_16_5_,ok,0,115,2026-10-01 19:29:08
ATTN_config_S8_D128_H16_HD16_G1_layer_norm_ROPEFalse_UHD8_ap_fixed_16_5_,ok,0,140,2026-10-01 19:29:08
ATTN_config_S8_D128_H16_HD16_G1_rms_norm_ROPEFalse_UHD2_ap_fixed_16_5_,ok,0,119,2026-10-01 19:29:11
ATTN_config_S8_D128_H16_HD16_G1_layer_norm_ROPETrue_UHD1_ap_fixed_16_5_,ok,0,146,2026-10-01 19:29:19
ATTN_config_S8_D128_H16_HD16_G1_rms_norm_ROPETrue_UHD1_ap_fixed_16_5_,ok,0,123,2026-10-01 19:29:19
ATTN_config_S32_D512_H8_HD64_G2_layer_norm_ROPETrue_UHD8_ap_fixed_16_5_,ok,0,238,2026-10-01 19:29:22
ATTN_config_S8_D128_H16_HD16_G1_layer_norm_ROPETrue_UHD2_ap_fixed_16_5_,ok,0,146,2026-10-01 19:29:22
ATTN_config_S8_D128_H16_HD16_G1_rms_norm_ROPEFalse_UHD8_ap_fixed_16_5_,ok,0,129,2026-10-01 19:29:23
ATTN_config_S8_D128_H16_HD16_G2_layer_norm_ROPEFalse_UHD1_ap_fixed_16_5_,ok,0,121,2026-10-01 19:29:26
ATTN_config_S8_D128_H16_HD16_G1_rms_norm_ROPETrue_UHD2_ap_fixed_16_5_,ok,0,128,2026-10-01 19:29:27
ATTN_config_S8_D128_H16_HD16_G1_layer_norm_ROPETrue_UHD4_ap_fixed_16_5_,ok,0,144,2026-10-01 19:29:28
ATTN_config_S8_D128_H16_HD16_G2_layer_norm_ROPEFalse_UHD2_ap_fixed_16_5_,ok,0,127,2026-10-01 19:29:35
ATTN_config_S8_D128_H16_HD16_G1_layer_norm_ROPETrue_UHD8_ap_fixed_16_5_,ok,0,150,2026-10-01 19:29:36
ATTN_config_S8_D128_H16_HD16_G1_rms_norm_ROPETrue_UHD4_ap_fixed_16_5_,ok,0,136,2026-10-01 19:29:37
ATTN_config_S8_D128_H16_HD16_G1_rms_norm_ROPETrue_UHD8_ap_fixed_16_5_,ok,0,142,2026-10-01 19:29:44
ATTN_config_S32_D512_H8_HD64_G4_layer_norm_ROPETrue_UHD8_ap_fixed_16_5_,ok,0,210,2026-10-01 19:29:46
ATTN_config_S8_D128_H16_HD16_G2_layer_norm_ROPEFalse_UHD4_ap_fixed_16_5_,ok,0,130,2026-10-01 19:29:49
ATTN_config_S32_D512_H8_HD64_G4_rms_norm_ROPETrue_UHD8_ap_fixed_16_5_,ok,0,200,2026-10-01 19:29:50
ATTN_config_S8_D128_H16_HD16_G2_rms_norm_ROPEFalse_UHD4_ap_fixed_16_5_,ok,0,103,2026-10-01 19:29:50
ATTN_config_S8_D128_H16_HD16_G2_rms_norm_ROPEFalse_UHD1_ap_fixed_16_5_,ok,0,108,2026-10-01 19:29:50
ATTN_config_S8_D128_H16_HD16_G2_rms_norm_ROPEFalse_UHD2_ap_fixed_16_5_,ok,0,110,2026-10-01 19:29:55
ATTN_config_S8_D128_H16_HD16_G2_rms_norm_ROPEFalse_UHD8_ap_fixed_16_5_,ok,0,115,2026-10-01 19:30:02
ATTN_config_S8_D128_H16_HD16_G2_layer_norm_ROPETrue_UHD4_ap_fixed_16_5_,ok,0,133,2026-10-01 19:30:04
ATTN_config_S8_D128_H16_HD16_G2_layer_norm_ROPEFalse_UHD8_ap_fixed_16_5_,ok,0,143,2026-10-01 19:30:09
ATTN_config_S8_D128_H16_HD16_G2_layer_norm_ROPETrue_UHD2_ap_fixed_16_5_,ok,0,141,2026-10-01 19:30:11
ATTN_config_S8_D128_H16_HD16_G2_layer_norm_ROPETrue_UHD8_ap_fixed_16_5_,ok,0,139,2026-10-01 19:30:12
ATTN_config_S8_D128_H16_HD16_G2_layer_norm_ROPETrue_UHD1_ap_fixed_16_5_,ok,0,146,2026-10-01 19:30:13
ATTN_config_S8_D128_H16_HD16_G2_rms_norm_ROPETrue_UHD2_ap_fixed_16_5_,ok,0,122,2026-10-01 19:30:14
ATTN_config_S8_D128_H16_HD16_G2_rms_norm_ROPETrue_UHD1_ap_fixed_16_5_,ok,0,127,2026-10-01 19:30:19
ATTN_config_S8_D128_H16_HD16_G4_layer_norm_ROPEFalse_UHD1_ap_fixed_16_5_,ok,0,121,2026-10-01 19:30:21
ATTN_config_S8_D128_H16_HD16_G4_layer_norm_ROPEFalse_UHD2_ap_fixed_16_5_,ok,0,123,2026-10-01 19:30:23
ATTN_config_S8_D128_H16_HD16_G2_rms_norm_ROPETrue_UHD8_ap_fixed_16_5_,ok,0,124,2026-10-01 19:30:24
ATTN_config_S8_D128_H16_HD16_G2_rms_norm_ROPETrue_UHD4_ap_fixed_16_5_,ok,0,128,2026-10-01 19:30:25
ATTN_config_S8_D128_H16_HD16_G4_rms_norm_ROPEFalse_UHD1_ap_fixed_16_5_,ok,0,103,2026-10-01 19:30:30
ATTN_config_S8_D128_H16_HD16_G4_rms_norm_ROPEFalse_UHD4_ap_fixed_16_5_,ok,0,102,2026-10-01 19:30:32
ATTN_config_S8_D128_H16_HD16_G4_layer_norm_ROPEFalse_UHD4_ap_fixed_16_5_,ok,0,125,2026-10-01 19:30:36
ATTN_config_S8_D128_H16_HD16_G4_rms_norm_ROPEFalse_UHD2_ap_fixed_16_5_,ok,0,107,2026-10-01 19:30:36
ATTN_config_S8_D128_H16_HD16_G4_layer_norm_ROPEFalse_UHD8_ap_fixed_16_5_,ok,0,126,2026-10-01 19:30:42
ATTN_config_S8_D128_H16_HD16_G4_rms_norm_ROPEFalse_UHD8_ap_fixed_16_5_,ok,0,110,2026-10-01 19:30:42
ATTN_config_S8_D128_H16_HD16_G4_layer_norm_ROPETrue_UHD1_ap_fixed_16_5_,ok,0,135,2026-10-01 19:30:52
ATTN_config_S8_D128_H16_HD16_G4_rms_norm_ROPETrue_UHD1_ap_fixed_16_5_,ok,0,119,2026-10-01 19:30:54
ATTN_config_S8_D128_H16_HD16_G4_layer_norm_ROPETrue_UHD2_ap_fixed_16_5_,ok,0,136,2026-10-01 19:30:56
ATTN_config_S8_D128_H16_HD16_G4_layer_norm_ROPETrue_UHD4_ap_fixed_16_5_,ok,0,136,2026-10-01 19:30:56
ATTN_config_S8_D128_H16_HD32_G1_layer_norm_ROPEFalse_UHD2_ap_fixed_16_5_,ok,0,111,2026-10-01 19:30:59
ATTN_config_S8_D128_H16_HD16_G4_rms_norm_ROPETrue_UHD2_ap_fixed_16_5_,ok,0,120,2026-10-01 19:30:59
ATTN_config_S8_D128_H16_HD32_G1_layer_norm_ROPEFalse_UHD4_ap_fixed_16_5_,ok,0,114,2026-10-01 19:31:03
ATTN_config_S8_D128_H16_HD32_G1_layer_norm_ROPEFalse_UHD1_ap_fixed_16_5_,ok,0,119,2026-10-01 19:31:04
ATTN_config_S8_D128_H16_HD32_G1_rms_norm_ROPEFalse_UHD1_ap_fixed_16_5_,ok,0,104,2026-10-01 19:31:07
ATTN_config_S8_D128_H16_HD32_G1_rms_norm_ROPEFalse_UHD4_ap_fixed_16_5_,ok,0,103,2026-10-01 19:31:10
ATTN_config_S8_D128_H16_HD32_G1_rms_norm_ROPEFalse_UHD2_ap_fixed_16_5_,ok,0,104,2026-10-01 19:31:10
ATTN_config_S8_D128_H16_HD16_G4_rms_norm_ROPETrue_UHD4_ap_fixed_16_5_,ok,0,128,2026-10-01 19:31:10
ATTN_config_S8_D128_H16_HD16_G4_layer_norm_ROPETrue_UHD8_ap_fixed_16_5_,ok,0,145,2026-10-01 19:31:11
ATTN_config_S8_D128_H16_HD16_G4_rms_norm_ROPETrue_UHD8_ap_fixed_16_5_,ok,0,130,2026-10-01 19:31:12
ATTN_config_S8_D128_H16_HD32_G1_layer_norm_ROPEFalse_UHD8_ap_fixed_16_5_,ok,0,132,2026-10-01 19:31:23
ATTN_config_S8_D128_H16_HD32_G1_rms_norm_ROPETrue_UHD1_ap_fixed_16_5_,ok,0,109,2026-10-01 19:31:24
ATTN_config_S8_D128_H16_HD32_G1_layer_norm_ROPETrue_UHD4_ap_fixed_16_5_,ok,0,124,2026-10-01 19:31:27
ATTN_config_S8_D128_H16_HD32_G2_layer_norm_ROPEFalse_UHD1_ap_fixed_16_5_,ok,0,105,2026-10-01 19:31:31
ATTN_config_S8_D128_H16_HD32_G1_rms_norm_ROPETrue_UHD4_ap_fixed_16_5_,ok,0,116,2026-10-01 19:31:32
ATTN_config_S8_D128_H16_HD32_G1_rms_norm_ROPEFalse_UHD8_ap_fixed_16_5_,ok,0,124,2026-10-01 19:31:33
ATTN_config_S8_D128_H16_HD32_G1_layer_norm_ROPETrue_UHD1_ap_fixed_16_5_,ok,0,140,2026-10-01 19:31:39
ATTN_config_S8_D128_H16_HD32_G2_layer_norm_ROPEFalse_UHD2_ap_fixed_16_5_,ok,0,111,2026-10-01 19:31:40
ATTN_config_S8_D128_H16_HD32_G1_rms_norm_ROPETrue_UHD8_ap_fixed_16_5_,ok,0,116,2026-10-01 19:31:40
ATTN_config_S8_D128_H16_HD32_G2_layer_norm_ROPEFalse_UHD8_ap_fixed_16_5_,ok,0,115,2026-10-01 19:31:45
ATTN_config_S8_D128_H16_HD32_G1_layer_norm_ROPETrue_UHD8_ap_fixed_16_5_,ok,0,143,2026-10-01 19:31:45
ATTN_config_S8_D128_H16_HD32_G1_rms_norm_ROPETrue_UHD2_ap_fixed_16_5_,ok,0,130,2026-10-01 19:31:45
ATTN_config_S8_D128_H16_HD32_G2_layer_norm_ROPEFalse_UHD4_ap_fixed_16_5_,ok,0,117,2026-10-01 19:31:47
ATTN_config_S8_D128_H16_HD32_G2_rms_norm_ROPEFalse_UHD2_ap_fixed_16_5_,ok,0,101,2026-10-01 19:31:52
ATTN_config_S8_D128_H16_HD32_G1_layer_norm_ROPETrue_UHD2_ap_fixed_16_5_,ok,0,154,2026-10-01 19:31:53
ATTN_config_S8_D128_H16_HD32_G2_rms_norm_ROPEFalse_UHD1_ap_fixed_16_5_,ok,0,105,2026-10-01 19:31:54
ATTN_config_S8_D128_H16_HD32_G2_rms_norm_ROPEFalse_UHD4_ap_fixed_16_5_,ok,0,108,2026-10-01 19:32:01
ATTN_config_S8_D128_H16_HD32_G2_rms_norm_ROPEFalse_UHD8_ap_fixed_16_5_,ok,0,108,2026-10-01 19:32:01
ATTN_config_S8_D128_H16_HD32_G2_layer_norm_ROPETrue_UHD1_ap_fixed_16_5_,ok,0,133,2026-10-01 19:32:03
ATTN_config_S8_D128_H16_HD32_G2_layer_norm_ROPETrue_UHD2_ap_fixed_16_5_,ok,0,136,2026-10-01 19:32:10
ATTN_config_S8_D128_H16_HD32_G4_layer_norm_ROPEFalse_UHD1_ap_fixed_16_5_,ok,0,112,2026-10-01 19:32:15
ATTN_config_S8_D128_H16_HD32_G4_layer_norm_ROPEFalse_UHD2_ap_fixed_16_5_,ok,0,114,2026-10-01 19:32:19
ATTN_config_S8_D128_H16_HD32_G2_rms_norm_ROPETrue_UHD1_ap_fixed_16_5_,ok,0,128,2026-10-01 19:32:22
ATTN_config_S8_D128_H16_HD32_G2_layer_norm_ROPETrue_UHD4_ap_fixed_16_5_,ok,0,142,2026-10-01 19:32:24
ATTN_config_S8_D128_H16_HD32_G2_rms_norm_ROPETrue_UHD8_ap_fixed_16_5_,ok,0,122,2026-10-01 19:32:25
ATTN_config_S8_D128_H16_HD32_G4_layer_norm_ROPEFalse_UHD4_ap_fixed_16_5_,ok,0,116,2026-10-01 19:32:25
ATTN_config_S8_D128_H16_HD32_G2_rms_norm_ROPETrue_UHD4_ap_fixed_16_5_,ok,0,126,2026-10-01 19:32:26
ATTN_config_S8_D128_H16_HD32_G4_rms_norm_ROPEFalse_UHD1_ap_fixed_16_5_,ok,0,99,2026-10-01 19:32:31
ATTN_config_S8_D128_H16_HD32_G2_rms_norm_ROPETrue_UHD2_ap_fixed_16_5_,ok,0,134,2026-10-01 19:32:33
ATTN_config_S8_D128_H16_HD32_G4_rms_norm_ROPEFalse_UHD2_ap_fixed_16_5_,ok,0,103,2026-10-01 19:32:37
ATTN_config_S8_D128_H16_HD32_G4_rms_norm_ROPEFalse_UHD4_ap_fixed_16_5_,ok,0,107,2026-10-01 19:32:43
ATTN_config_S8_D128_H16_HD32_G4_rms_norm_ROPEFalse_UHD8_ap_fixed_16_5_,ok,0,110,2026-10-01 19:32:46
ATTN_config_S8_D128_H16_HD32_G4_layer_norm_ROPETrue_UHD1_ap_fixed_16_5_,ok,0,131,2026-10-01 19:32:46
ATTN_config_S8_D128_H16_HD32_G4_layer_norm_ROPETrue_UHD2_ap_fixed_16_5_,ok,0,134,2026-10-01 19:32:50
ATTN_config_S8_D128_H16_HD32_G4_layer_norm_ROPEFalse_UHD8_ap_fixed_16_5_,ok,0,139,2026-10-01 19:32:51
ATTN_config_S8_D128_H16_HD32_G2_layer_norm_ROPETrue_UHD8_ap_fixed_16_5_,ok,0,168,2026-10-01 19:32:52
ATTN_config_S8_D128_H16_HD32_G4_layer_norm_ROPETrue_UHD4_ap_fixed_16_5_,ok,0,130,2026-10-01 19:32:52
ATTN_config_S8_D128_H16_HD64_G1_layer_norm_ROPEFalse_UHD1_ap_fixed_16_5_,ok,0,111,2026-10-01 19:32:58
ATTN_config_S8_D128_H16_HD32_G4_rms_norm_ROPETrue_UHD2_ap_fixed_16_5_,ok,0,121,2026-10-01 19:32:59
ATTN_config_S8_D128_H16_HD32_G4_rms_norm_ROPETrue_UHD1_ap_fixed_16_5_,ok,0,123,2026-10-01 19:33:01
ATTN_config_S8_D128_H16_HD32_G4_layer_norm_ROPETrue_UHD8_ap_fixed_16_5_,ok,0,149,2026-10-01 19:33:11
ATTN_config_S8_D128_H16_HD32_G4_rms_norm_ROPETrue_UHD4_ap_fixed_16_5_,ok,0,131,2026-10-01 19:33:14
ATTN_config_S8_D128_H16_HD64_G1_layer_norm_ROPEFalse_UHD4_ap_fixed_16_5_,ok,0,126,2026-10-01 19:33:16
ATTN_config_S8_D128_H16_HD64_G1_rms_norm_ROPEFalse_UHD1_ap_fixed_16_5_,ok,0,109,2026-10-01 19:33:16
ATTN_config_S8_D128_H16_HD64_G1_layer_norm_ROPEFalse_UHD2_ap_fixed_16_5_,ok,0,127,2026-10-01 19:33:17
ATTN_config_S8_D128_H16_HD64_G1_rms_norm_ROPEFalse_UHD2_ap_fixed_16_5_,ok,0,106,2026-10-01 19:33:17
ATTN_config_S8_D128_H16_HD64_G1_layer_norm_ROPETrue_UHD1_ap_fixed_16_5_,ok,0,130,2026-10-01 19:33:21
ATTN_config_S8_D128_H16_HD64_G1_layer_norm_ROPEFalse_UHD8_ap_fixed_16_5_,ok,0,134,2026-10-01 19:33:24
ATTN_config_S8_D128_H16_HD64_G1_layer_norm_ROPETrue_UHD2_ap_fixed_16_5_,ok,0,133,2026-10-01 19:33:25
ATTN_config_S8_D128_H16_HD32_G4_rms_norm_ROPETrue_UHD8_ap_fixed_16_5_,ok,0,142,2026-10-01 19:33:26
ATTN_config_S8_D128_H16_HD64_G1_rms_norm_ROPEFalse_UHD4_ap_fixed_16_5_,ok,0,120,2026-10-01 19:33:32
ATTN_config_S8_D128_H16_HD64_G2_layer_norm_ROPEFalse_UHD1_ap_fixed_16_5_,ok,0,113,2026-10-01 19:33:38
ATTN_config_S8_D128_H16_HD64_G1_rms_norm_ROPETrue_UHD4_ap_fixed_16_5_,ok,0,119,2026-10-01 19:33:40
ATTN_config_S8_D128_H16_HD64_G1_rms_norm_ROPEFalse_UHD8_ap_fixed_16_5_,ok,0,128,2026-10-01 19:33:41
ATTN_config_S8_D128_H16_HD64_G2_layer_norm_ROPEFalse_UHD4_ap_fixed_16_5_,ok,0,118,2026-10-01 19:33:45
ATTN_config_S8_D128_H16_HD64_G1_layer_norm_ROPETrue_UHD8_ap_fixed_16_5_,ok,0,144,2026-10-01 19:33:48
ATTN_config_S8_D128_H16_HD64_G2_rms_norm_ROPEFalse_UHD1_ap_fixed_16_5_,ok,0,108,2026-10-01 19:33:51
ATTN_config_S8_D128_H16_HD64_G1_layer_norm_ROPETrue_UHD4_ap_fixed_16_5_,ok,0,148,2026-10-01 19:33:51
ATTN_config_S8_D128_H16_HD64_G2_layer_norm_ROPEFalse_UHD2_ap_fixed_16_5_,ok,0,126,2026-10-01 19:33:51
ATTN_config_S8_D128_H16_HD64_G1_rms_norm_ROPETrue_UHD1_ap_fixed_16_5_,ok,0,133,2026-10-01 19:33:53
ATTN_config_S8_D128_H16_HD64_G1_rms_norm_ROPETrue_UHD2_ap_fixed_16_5_,ok,0,133,2026-10-01 19:33:53
ATTN_config_S8_D128_H16_HD64_G2_layer_norm_ROPEFalse_UHD8_ap_fixed_16_5_,ok,0,124,2026-10-01 19:33:56
ATTN_config_S8_D128_H16_HD64_G2_rms_norm_ROPEFalse_UHD2_ap_fixed_16_5_,ok,0,107,2026-10-01 19:33:57
ATTN_config_S8_D128_H16_HD64_G1_rms_norm_ROPETrue_UHD8_ap_fixed_16_5_,ok,0,141,2026-10-01 19:34:06
ATTN_config_S8_D128_H16_HD64_G2_rms_norm_ROPEFalse_UHD8_ap_fixed_16_5_,ok,0,108,2026-10-01 19:34:07
ATTN_config_S8_D128_H16_HD64_G2_layer_norm_ROPETrue_UHD2_ap_fixed_16_5_,ok,0,134,2026-10-01 19:34:08
ATTN_config_S8_D128_H16_HD64_G2_rms_norm_ROPEFalse_UHD4_ap_fixed_16_5_,ok,0,113,2026-10-01 19:34:08
ATTN_config_S8_D128_H16_HD64_G2_rms_norm_ROPETrue_UHD1_ap_fixed_16_5_,ok,0,109,2026-10-01 19:34:11
ATTN_config_S8_D128_H16_HD64_G2_layer_norm_ROPETrue_UHD1_ap_fixed_16_5_,ok,0,141,2026-10-01 19:34:14
ATTN_config_S8_D128_H16_HD64_G2_rms_norm_ROPETrue_UHD2_ap_fixed_16_5_,ok,0,117,2026-10-01 19:34:21
ATTN_config_S8_D128_H16_HD64_G4_layer_norm_ROPEFalse_UHD1_ap_fixed_16_5_,ok,0,115,2026-10-01 19:34:21
ATTN_config_S8_D128_H16_HD64_G2_layer_norm_ROPETrue_UHD4_ap_fixed_16_5_,ok,0,141,2026-10-01 19:34:21
ATTN_config_S8_D128_H16_HD64_G2_layer_norm_ROPETrue_UHD8_ap_fixed_16_5_,ok,0,141,2026-10-01 19:34:23
ATTN_config_S8_D128_H16_HD64_G2_rms_norm_ROPETrue_UHD4_ap_fixed_16_5_,ok,0,118,2026-10-01 19:34:23
ATTN_config_S8_D128_H16_HD64_G4_layer_norm_ROPEFalse_UHD2_ap_fixed_16_5_,ok,0,121,2026-10-01 19:34:32
ATTN_config_S8_D128_H16_HD64_G2_rms_norm_ROPETrue_UHD8_ap_fixed_16_5_,ok,0,127,2026-10-01 19:34:32
ATTN_config_S8_D128_H16_HD64_G4_rms_norm_ROPEFalse_UHD1_ap_fixed_16_5_,ok,0,103,2026-10-01 19:34:33
ATTN_config_S8_D128_H16_HD64_G4_layer_norm_ROPEFalse_UHD4_ap_fixed_16_5_,ok,0,121,2026-10-01 19:34:34
ATTN_config_S8_D128_H16_HD64_G4_rms_norm_ROPEFalse_UHD2_ap_fixed_16_5_,ok,0,102,2026-10-01 19:34:34
ATTN_config_S8_D128_H16_HD64_G4_rms_norm_ROPEFalse_UHD4_ap_fixed_16_5_,ok,0,102,2026-10-01 19:34:34
ATTN_config_S8_D128_H16_HD64_G4_layer_norm_ROPEFalse_UHD8_ap_fixed_16_5_,ok,0,119,2026-10-01 19:34:36
ATTN_config_S8_D128_H16_HD64_G4_rms_norm_ROPEFalse_UHD8_ap_fixed_16_5_,ok,0,103,2026-10-01 19:34:41
ATTN_config_S8_D128_H16_HD64_G4_layer_norm_ROPETrue_UHD1_ap_fixed_16_5_,ok,0,134,2026-10-01 19:34:57
ATTN_config_S8_D128_H16_HD64_G4_rms_norm_ROPETrue_UHD2_ap_fixed_16_5_,ok,0,120,2026-10-01 19:35:01
ATTN_config_S8_D128_H16_HD64_G4_layer_norm_ROPETrue_UHD4_ap_fixed_16_5_,ok,0,136,2026-10-01 19:35:02
ATTN_config_S8_D128_H16_HD64_G4_rms_norm_ROPETrue_UHD1_ap_fixed_16_5_,ok,0,123,2026-10-01 19:35:03
ATTN_config_S8_D128_H16_HD64_G4_layer_norm_ROPETrue_UHD2_ap_fixed_16_5_,ok,0,142,2026-10-01 19:35:08
ATTN_config_S8_D128_H32_HD16_G1_layer_norm_ROPEFalse_UHD2_ap_fixed_16_5_,ok,0,116,2026-10-01 19:35:12
ATTN_config_S8_D128_H16_HD64_G4_layer_norm_ROPETrue_UHD8_ap_fixed_16_5_,ok,0,143,2026-10-01 19:35:13
ATTN_config_S8_D128_H32_HD16_G1_layer_norm_ROPEFalse_UHD4_ap_fixed_16_5_,ok,0,119,2026-10-01 19:35:16
ATTN_config_S8_D128_H32_HD16_G1_layer_norm_ROPEFalse_UHD8_ap_fixed_16_5_,ok,0,119,2026-10-01 19:35:17
ATTN_config_S8_D128_H32_HD16_G1_layer_norm_ROPEFalse_UHD1_ap_fixed_16_5_,ok,0,123,2026-10-01 19:35:18
ATTN_config_S8_D128_H16_HD64_G4_rms_norm_ROPETrue_UHD4_ap_fixed_16_5_,ok,0,131,2026-10-01 19:35:22
ATTN_config_S8_D128_H16_HD64_G4_rms_norm_ROPETrue_UHD8_ap_fixed_16_5_,ok,0,128,2026-10-01 19:35:22
ATTN_config_S8_D128_H32_HD16_G1_rms_norm_ROPEFalse_UHD1_ap_fixed_16_5_,ok,0,113,2026-10-01 19:35:25
ATTN_config_S8_D128_H32_HD16_G1_rms_norm_ROPEFalse_UHD2_ap_fixed_16_5_,ok,0,117,2026-10-01 19:35:35
ATTN_config_S8_D128_H32_HD16_G1_rms_norm_ROPEFalse_UHD8_ap_fixed_16_5_,ok,0,115,2026-10-01 19:35:35
ATTN_config_S8_D128_H32_HD16_G1_rms_norm_ROPEFalse_UHD4_ap_fixed_16_5_,ok,0,120,2026-10-01 19:35:40
ATTN_config_S8_D128_H32_HD16_G1_layer_norm_ROPETrue_UHD1_ap_fixed_16_5_,ok,0,141,2026-10-01 19:35:42
ATTN_config_S8_D128_H32_HD16_G1_layer_norm_ROPETrue_UHD2_ap_fixed_16_5_,ok,0,141,2026-10-01 19:35:45
ATTN_config_S8_D128_H32_HD16_G1_layer_norm_ROPETrue_UHD4_ap_fixed_16_5_,ok,0,143,2026-10-01 19:35:48
ATTN_config_S8_D128_H32_HD16_G1_layer_norm_ROPETrue_UHD8_ap_fixed_16_5_,ok,0,143,2026-10-01 19:35:49
ATTN_config_S8_D128_H32_HD16_G2_layer_norm_ROPEFalse_UHD1_ap_fixed_16_5_,ok,0,126,2026-10-01 19:35:57
ATTN_config_S8_D128_H32_HD16_G1_rms_norm_ROPETrue_UHD2_ap_fixed_16_5_,ok,0,129,2026-10-01 19:35:58
ATTN_config_S8_D128_H32_HD16_G1_rms_norm_ROPETrue_UHD1_ap_fixed_16_5_,ok,0,133,2026-10-01 19:35:58
ATTN_config_S8_D128_H32_HD16_G1_rms_norm_ROPETrue_UHD4_ap_fixed_16_5_,ok,0,132,2026-10-01 19:36:03
ATTN_config_S8_D128_H32_HD16_G2_layer_norm_ROPEFalse_UHD4_ap_fixed_16_5_,ok,0,131,2026-10-01 19:36:04
ATTN_config_S8_D128_H32_HD16_G2_layer_norm_ROPEFalse_UHD2_ap_fixed_16_5_,ok,0,135,2026-10-01 19:36:08
ATTN_config_S8_D128_H32_HD16_G2_rms_norm_ROPEFalse_UHD1_ap_fixed_16_5_,ok,0,120,2026-10-01 19:36:08
ATTN_config_S8_D128_H32_HD16_G1_rms_norm_ROPETrue_UHD8_ap_fixed_16_5_,ok,0,140,2026-10-01 19:36:10
ATTN_config_S8_D128_H32_HD16_G2_layer_norm_ROPEFalse_UHD8_ap_fixed_16_5_,ok,0,137,2026-10-01 19:36:13
ATTN_config_S8_D128_H32_HD16_G2_rms_norm_ROPEFalse_UHD2_ap_fixed_16_5_,ok,0,125,2026-10-01 19:36:16
ATTN_config_S8_D128_H32_HD16_G2_rms_norm_ROPEFalse_UHD4_ap_fixed_16_5_,ok,0,128,2026-10-01 19:36:22
ATTN_config_S8_D128_H32_HD16_G2_rms_norm_ROPEFalse_UHD8_ap_fixed_16_5_,ok,0,127,2026-10-01 19:36:27
ATTN_config_S8_D128_H32_HD16_G2_layer_norm_ROPETrue_UHD1_ap_fixed_16_5_,ok,0,153,2026-10-01 19:36:30
ATTN_config_S8_D128_H32_HD16_G2_rms_norm_ROPETrue_UHD1_ap_fixed_16_5_,ok,0,133,2026-10-01 19:36:34
ATTN_config_S8_D128_H32_HD16_G2_layer_norm_ROPETrue_UHD2_ap_fixed_16_5_,ok,0,152,2026-10-01 19:36:38
ATTN_config_S8_D128_H32_HD16_G2_rms_norm_ROPETrue_UHD4_ap_fixed_16_5_,ok,0,137,2026-10-01 19:36:39
ATTN_config_S8_D128_H32_HD16_G2_rms_norm_ROPETrue_UHD2_ap_fixed_16_5_,ok,0,139,2026-10-01 19:36:41
ATTN_config_S8_D128_H32_HD16_G4_layer_norm_ROPEFalse_UHD1_ap_fixed_16_5_,ok,0,133,2026-10-01 19:36:45
ATTN_config_S8_D128_H32_HD16_G4_layer_norm_ROPEFalse_UHD2_ap_fixed_16_5_,ok,0,135,2026-10-01 19:36:47
ATTN_config_S8_D128_H32_HD16_G4_layer_norm_ROPEFalse_UHD4_ap_fixed_16_5_,ok,0,135,2026-10-01 19:36:48
ATTN_config_S8_D128_H32_HD16_G2_layer_norm_ROPETrue_UHD4_ap_fixed_16_5_,ok,0,163,2026-10-01 19:36:50
ATTN_config_S8_D128_H32_HD16_G4_rms_norm_ROPEFalse_UHD1_ap_fixed_16_5_,ok,0,116,2026-10-01 19:36:53
ATTN_config_S8_D128_H32_HD16_G2_rms_norm_ROPETrue_UHD8_ap_fixed_16_5_,ok,0,152,2026-10-01 19:36:55
ATTN_config_S8_D128_H32_HD16_G4_rms_norm_ROPEFalse_UHD2_ap_fixed_16_5_,ok,0,119,2026-10-01 19:37:00
ATTN_config_S8_D128_H32_HD16_G4_layer_norm_ROPETrue_UHD1_ap_fixed_16_5_,ok,0,150,2026-10-01 19:37:04
ATTN_config_S8_D128_H32_HD16_G4_rms_norm_ROPEFalse_UHD4_ap_fixed_16_5_,ok,0,124,2026-10-01 19:37:06
ATTN_config_S8_D128_H32_HD16_G4_layer_norm_ROPEFalse_UHD8_ap_fixed_16_5_,ok,0,153,2026-10-01 19:37:06
ATTN_config_S8_D128_H32_HD16_G2_layer_norm_ROPETrue_UHD8_ap_fixed_16_5_,ok,0,179,2026-10-01 19:37:07
ATTN_config_S8_D128_H32_HD16_G4_rms_norm_ROPEFalse_UHD8_ap_fixed_16_5_,ok,0,125,2026-10-01 19:37:08
ATTN_config_S8_D128_H32_HD16_G4_layer_norm_ROPETrue_UHD4_ap_fixed_16_5_,ok,0,155,2026-10-01 19:37:11
ATTN_config_S8_D128_H32_HD16_G4_layer_norm_ROPETrue_UHD2_ap_fixed_16_5_,ok,0,160,2026-10-01 19:37:14
ATTN_config_S8_D128_H32_HD32_G1_layer_norm_ROPEFalse_UHD1_ap_fixed_16_5_,ok,0,131,2026-10-01 19:37:27
ATTN_config_S8_D128_H32_HD16_G4_rms_norm_ROPETrue_UHD1_ap_fixed_16_5_,ok,0,141,2026-10-01 19:37:29
ATTN_config_S8_D128_H32_HD16_G4_rms_norm_ROPETrue_UHD4_ap_fixed_16_5_,ok,0,140,2026-10-01 19:37:33
ATTN_config_S8_D128_H32_HD16_G4_rms_norm_ROPETrue_UHD2_ap_fixed_16_5_,ok,0,147,2026-10-01 19:37:39
ATTN_config_S8_D128_H32_HD16_G4_layer_norm_ROPETrue_UHD8_ap_fixed_16_5_,ok,0,179,2026-10-01 19:37:40
ATTN_config_S8_D128_H32_HD32_G1_layer_norm_ROPEFalse_UHD2_ap_fixed_16_5_,ok,0,143,2026-10-01 19:37:42
ATTN_config_S8_D128_H32_HD32_G1_layer_norm_ROPEFalse_UHD4_ap_fixed_16_5_,ok,0,141,2026-10-01 19:37:43
ATTN_config_S8_D128_H32_HD32_G1_rms_norm_ROPEFalse_UHD1_ap_fixed_16_5_,ok,0,123,2026-10-01 19:37:45
ATTN_config_S8_D128_H32_HD32_G1_layer_norm_ROPEFalse_UHD8_ap_fixed_16_5_,ok,0,144,2026-10-01 19:37:46
ATTN_config_S8_D128_H32_HD32_G1_rms_norm_ROPEFalse_UHD2_ap_fixed_16_5_,ok,0,124,2026-10-01 19:37:49
ATTN_config_S8_D128_H32_HD16_G4_rms_norm_ROPETrue_UHD8_ap_fixed_16_5_,ok,0,155,2026-10-01 19:37:50
ATTN_config_S8_D128_H32_HD32_G1_rms_norm_ROPEFalse_UHD4_ap_fixed_16_5_,ok,0,125,2026-10-01 19:37:54
ATTN_config_S8_D128_H32_HD32_G1_layer_norm_ROPETrue_UHD1_ap_fixed_16_5_,ok,0,153,2026-10-01 19:37:58
ATTN_config_S8_D128_H32_HD32_G1_rms_norm_ROPEFalse_UHD8_ap_fixed_16_5_,ok,0,132,2026-10-01 19:38:02
ATTN_config_S8_D128_H32_HD32_G1_layer_norm_ROPETrue_UHD2_ap_fixed_16_5_,ok,0,161,2026-10-01 19:38:17
ATTN_config_S8_D128_H32_HD32_G1_layer_norm_ROPETrue_UHD4_ap_fixed_16_5_,ok,0,162,2026-10-01 19:38:17
ATTN_config_S8_D128_H32_HD32_G1_rms_norm_ROPETrue_UHD4_ap_fixed_16_5_,ok,0,146,2026-10-01 19:38:24
ATTN_config_S8_D128_H32_HD32_G1_rms_norm_ROPETrue_UHD1_ap_fixed_16_5_,ok,0,147,2026-10-01 19:38:24
ATTN_config_S8_D128_H32_HD32_G1_rms_norm_ROPETrue_UHD2_ap_fixed_16_5_,ok,0,148,2026-10-01 19:38:26
ATTN_config_S8_D128_H32_HD32_G2_rms_norm_ROPEFalse_UHD1_ap_fixed_16_5_,ok,0,121,2026-10-01 19:38:31
ATTN_config_S8_D128_H32_HD32_G2_layer_norm_ROPEFalse_UHD2_ap_fixed_16_5_,ok,0,144,2026-10-01 19:38:32
ATTN_config_S8_D128_H32_HD32_G2_layer_norm_ROPEFalse_UHD1_ap_fixed_16_5_,ok,0,149,2026-10-01 19:38:33
ATTN_config_S8_D128_H32_HD32_G1_layer_norm_ROPETrue_UHD8_ap_fixed_16_5_,ok,0,173,2026-10-01 19:38:33
ATTN_config_S8_D128_H32_HD32_G1_rms_norm_ROPETrue_UHD8_ap_fixed_16_5_,ok,0,152,2026-10-01 19:38:35
ATTN_config_S8_D128_H32_HD32_G2_layer_norm_ROPEFalse_UHD4_ap_fixed_16_5_,ok,0,148,2026-10-01 19:38:36
ATTN_config_S8_D128_H32_HD32_G2_layer_norm_ROPEFalse_UHD8_ap_fixed_16_5_,ok,0,146,2026-10-01 19:38:37
ATTN_config_S8_D128_H32_HD32_G2_rms_norm_ROPEFalse_UHD2_ap_fixed_16_5_,ok,0,123,2026-10-01 19:38:37
ATTN_config_S8_D128_H32_HD32_G2_rms_norm_ROPEFalse_UHD4_ap_fixed_16_5_,ok,0,126,2026-10-01 19:38:44
ATTN_config_S8_D128_H32_HD32_G2_layer_norm_ROPETrue_UHD1_ap_fixed_16_5_,ok,0,158,2026-10-01 19:38:51
ATTN_config_S8_D128_H32_HD32_G2_layer_norm_ROPETrue_UHD2_ap_fixed_16_5_,ok,0,155,2026-10-01 19:38:51
ATTN_config_S8_D128_H32_HD32_G2_rms_norm_ROPEFalse_UHD8_ap_fixed_16_5_,ok,0,137,2026-10-01 19:38:56
ATTN_config_S8_D128_H32_HD32_G2_rms_norm_ROPETrue_UHD1_ap_fixed_16_5_,ok,0,136,2026-10-01 19:38:57
ATTN_config_S8_D128_H32_HD32_G2_rms_norm_ROPETrue_UHD2_ap_fixed_16_5_,ok,0,142,2026-10-01 19:39:07
ATTN_config_S8_D128_H32_HD32_G4_rms_norm_ROPEFalse_UHD2_ap_fixed_16_5_,ok,0,117,2026-10-01 19:39:07
ATTN_config_S8_D128_H32_HD32_G4_rms_norm_ROPEFalse_UHD1_ap_fixed_16_5_,ok,0,120,2026-10-01 19:39:08
ATTN_config_S8_D128_H32_HD32_G2_rms_norm_ROPETrue_UHD4_ap_fixed_16_5_,ok,0,142,2026-10-01 19:39:09
ATTN_config_S8_D128_H32_HD32_G2_layer_norm_ROPETrue_UHD4_ap_fixed_16_5_,ok,0,171,2026-10-01 19:39:13
ATTN_config_S8_D128_H32_HD32_G4_layer_norm_ROPEFalse_UHD1_ap_fixed_16_5_,ok,0,143,2026-10-01 19:39:13
ATTN_config_S8_D128_H32_HD32_G2_rms_norm_ROPETrue_UHD8_ap_fixed_16_5_,ok,0,145,2026-10-01 19:39:13
ATTN_config_S8_D128_H32_HD32_G4_rms_norm_ROPEFalse_UHD4_ap_fixed_16_5_,ok,0,121,2026-10-01 19:39:15
ATTN_config_S8_D128_H32_HD32_G4_layer_norm_ROPEFalse_UHD2_ap_fixed_16_5_,ok,0,144,2026-10-01 19:39:17
ATTN_config_S8_D128_H32_HD32_G2_layer_norm_ROPETrue_UHD8_ap_fixed_16_5_,ok,0,171,2026-10-01 19:39:18
ATTN_config_S8_D128_H32_HD32_G4_layer_norm_ROPEFalse_UHD4_ap_fixed_16_5_,ok,0,150,2026-10-01 19:39:25
ATTN_config_S8_D128_H32_HD32_G4_layer_norm_ROPEFalse_UHD8_ap_fixed_16_5_,ok,0,155,2026-10-01 19:39:35
ATTN_config_S8_D128_H32_HD32_G4_layer_norm_ROPETrue_UHD1_ap_fixed_16_5_,ok,0,151,2026-10-01 19:39:35
ATTN_config_S8_D128_H32_HD32_G4_rms_norm_ROPETrue_UHD1_ap_fixed_16_5_,ok,0,130,2026-10-01 19:39:39
ATTN_config_S8_D128_H32_HD32_G4_rms_norm_ROPEFalse_UHD8_ap_fixed_16_5_,ok,0,133,2026-10-01 19:39:41
ATTN_config_S8_D128_H32_HD32_G4_layer_norm_ROPETrue_UHD8_ap_fixed_16_5_,ok,0,167,2026-10-01 19:39:54
ATTN_config_S8_D128_H32_HD32_G4_rms_norm_ROPETrue_UHD4_ap_fixed_16_5_,ok,0,140,2026-10-01 19:40:00
ATTN_config_S8_D128_H32_HD32_G4_layer_norm_ROPETrue_UHD2_ap_fixed_16_5_,ok,0,174,2026-10-01 19:40:00
ATTN_config_S8_D128_H32_HD32_G4_rms_norm_ROPETrue_UHD2_ap_fixed_16_5_,ok,0,148,2026-10-01 19:40:01
ATTN_config_S8_D128_H32_HD64_G1_rms_norm_ROPEFalse_UHD1_ap_fixed_16_5_,ok,0,119,2026-10-01 19:40:01
ATTN_config_S8_D128_H32_HD32_G4_rms_norm_ROPETrue_UHD8_ap_fixed_16_5_,ok,0,142,2026-10-01 19:40:01
ATTN_config_S8_D128_H32_HD64_G1_layer_norm_ROPEFalse_UHD2_ap_fixed_16_5_,ok,0,139,2026-10-01 19:40:02
ATTN_config_S8_D128_H32_HD32_G4_layer_norm_ROPETrue_UHD4_ap_fixed_16_5_,ok,0,175,2026-10-01 19:40:02
ATTN_config_S8_D128_H32_HD64_G1_layer_norm_ROPEFalse_UHD1_ap_fixed_16_5_,ok,0,151,2026-10-01 19:40:13
ATTN_config_S8_D128_H32_HD64_G1_rms_norm_ROPEFalse_UHD2_ap_fixed_16_5_,ok,0,124,2026-10-01 19:40:21
ATTN_config_S8_D128_H32_HD64_G1_layer_norm_ROPEFalse_UHD4_ap_fixed_16_5_,ok,0,163,2026-10-01 19:40:28
ATTN_config_S8_D128_H32_HD64_G1_layer_norm_ROPEFalse_UHD8_ap_fixed_16_5_,ok,0,164,2026-10-01 19:40:29
ATTN_config_S8_D128_H32_HD64_G1_rms_norm_ROPEFalse_UHD4_ap_fixed_16_5_,ok,0,139,2026-10-01 19:40:36
ATTN_config_S8_D128_H32_HD64_G1_rms_norm_ROPEFalse_UHD8_ap_fixed_16_5_,ok,0,132,2026-10-01 19:40:36
ATTN_config_S8_D128_H32_HD64_G1_layer_norm_ROPETrue_UHD2_ap_fixed_16_5_,ok,0,169,2026-10-01 19:40:39
ATTN_config_S8_D128_H32_HD64_G1_layer_norm_ROPETrue_UHD4_ap_fixed_16_5_,ok,0,177,2026-10-01 19:40:50
ATTN_config_S8_D128_H32_HD64_G1_layer_norm_ROPETrue_UHD1_ap_fixed_16_5_,ok,0,183,2026-10-01 19:40:53
ATTN_config_S8_D128_H32_HD64_G1_layer_norm_ROPETrue_UHD8_ap_fixed_16_5_,ok,0,177,2026-10-01 19:40:55
ATTN_config_S8_D128_H32_HD64_G1_rms_norm_ROPETrue_UHD8_ap_fixed_16_5_,ok,0,145,2026-10-01 19:40:57
ATTN_config_S8_D128_H32_HD64_G2_layer_norm_ROPEFalse_UHD2_ap_fixed_16_5_,ok,0,144,2026-10-01 19:40:57
ATTN_config_S8_D128_H32_HD64_G1_rms_norm_ROPETrue_UHD1_ap_fixed_16_5_,ok,0,155,2026-10-01 19:41:00
ATTN_config_S8_D128_H32_HD64_G2_layer_norm_ROPEFalse_UHD8_ap_fixed_16_5_,ok,0,147,2026-10-01 19:41:03
ATTN_config_S8_D128_H32_HD64_G2_rms_norm_ROPEFalse_UHD4_ap_fixed_16_5_,ok,0,126,2026-10-01 19:41:03
ATTN_config_S8_D128_H32_HD64_G1_rms_norm_ROPETrue_UHD2_ap_fixed_16_5_,ok,0,160,2026-10-01 19:41:05
ATTN_config_S8_D128_H32_HD64_G1_rms_norm_ROPETrue_UHD4_ap_fixed_16_5_,ok,0,155,2026-10-01 19:41:06
ATTN_config_S8_D128_H32_HD64_G2_layer_norm_ROPEFalse_UHD1_ap_fixed_16_5_,ok,0,158,2026-10-01 19:41:10
ATTN_config_S8_D128_H32_HD64_G2_layer_norm_ROPETrue_UHD1_ap_fixed_16_5_,ok,0,154,2026-10-01 19:41:11
ATTN_config_S8_D128_H32_HD64_G2_layer_norm_ROPEFalse_UHD4_ap_fixed_16_5_,ok,0,157,2026-10-01 19:41:12
ATTN_config_S8_D128_H32_HD64_G2_rms_norm_ROPEFalse_UHD1_ap_fixed_16_5_,ok,0,142,2026-10-01 19:41:14
ATTN_config_S8_D128_H32_HD64_G2_rms_norm_ROPEFalse_UHD2_ap_fixed_16_5_,ok,0,143,2026-10-01 19:41:19
ATTN_config_S8_D128_H32_HD64_G2_layer_norm_ROPETrue_UHD4_ap_fixed_16_5_,ok,0,163,2026-10-01 19:41:26
ATTN_config_S8_D128_H32_HD64_G2_rms_norm_ROPEFalse_UHD8_ap_fixed_16_5_,ok,0,141,2026-10-01 19:41:28
ATTN_config_S8_D128_H32_HD64_G2_rms_norm_ROPETrue_UHD2_ap_fixed_16_5_,ok,0,142,2026-10-01 19:41:30
ATTN_config_S8_D128_H32_HD64_G2_rms_norm_ROPETrue_UHD4_ap_fixed_16_5_,ok,0,147,2026-10-01 19:41:37
ATTN_config_S8_D128_H32_HD64_G2_rms_norm_ROPETrue_UHD1_ap_fixed_16_5_,ok,0,154,2026-10-01 19:41:41
ATTN_config_S8_D128_H32_HD64_G2_layer_norm_ROPETrue_UHD8_ap_fixed_16_5_,ok,0,173,2026-10-01 19:41:44
ATTN_config_S8_D128_H32_HD64_G4_layer_norm_ROPEFalse_UHD1_ap_fixed_16_5_,ok,0,152,2026-10-01 19:41:45
ATTN_config_S8_D128_H32_HD64_G4_rms_norm_ROPEFalse_UHD1_ap_fixed_16_5_,ok,0,126,2026-10-01 19:41:45
ATTN_config_S8_D128_H32_HD64_G2_layer_norm_ROPETrue_UHD2_ap_fixed_16_5_,ok,0,189,2026-10-01 19:41:46
ATTN_config_S8_D128_H32_HD64_G4_layer_norm_ROPEFalse_UHD2_ap_fixed_16_5_,ok,0,154,2026-10-01 19:41:47
ATTN_config_S8_D128_H32_HD64_G2_rms_norm_ROPETrue_UHD8_ap_fixed_16_5_,ok,0,156,2026-10-01 19:41:49
ATTN_config_S8_D128_H32_HD64_G4_rms_norm_ROPEFalse_UHD2_ap_fixed_16_5_,ok,0,130,2026-10-01 19:41:51
ATTN_config_S8_D128_H32_HD64_G4_layer_norm_ROPEFalse_UHD4_ap_fixed_16_5_,ok,0,159,2026-10-01 19:41:54
ATTN_config_S8_D128_H32_HD64_G4_layer_norm_ROPETrue_UHD1_ap_fixed_16_5_,ok,0,157,2026-10-01 19:41:55
ATTN_config_S8_D128_H32_HD64_G4_layer_norm_ROPEFalse_UHD8_ap_fixed_16_5_,ok,0,161,2026-10-01 19:41:58
ATTN_config_S8_D128_H32_HD64_G4_rms_norm_ROPEFalse_UHD8_ap_fixed_16_5_,ok,0,127,2026-10-01 19:42:06
ATTN_config_S8_D128_H32_HD64_G4_rms_norm_ROPEFalse_UHD4_ap_fixed_16_5_,ok,0,133,2026-10-01 19:42:08
ATTN_config_S8_D128_H32_HD64_G4_layer_norm_ROPETrue_UHD2_ap_fixed_16_5_,ok,0,166,2026-10-01 19:42:11
ATTN_config_S8_D128_H8_HD16_G1_layer_norm_ROPEFalse_UHD2_ap_fixed_16_5_,ok,0,132,2026-10-01 19:42:14
ATTN_config_S8_D128_H8_HD16_G1_layer_norm_ROPEFalse_UHD1_ap_fixed_16_5_,ok,0,134,2026-10-01 19:42:16
ATTN_config_S8_D128_H32_HD64_G4_rms_norm_ROPETrue_UHD4_ap_fixed_16_5_,ok,0,136,2026-10-01 19:42:17
ATTN_config_S8_D128_H32_HD64_G4_layer_norm_ROPETrue_UHD4_ap_fixed_16_5_,ok,0,162,2026-10-01 19:42:17
ATTN_config_S8_D128_H32_HD64_G4_rms_norm_ROPETrue_UHD2_ap_fixed_16_5_,ok,0,137,2026-10-01 19:42:18
ATTN_config_S8_D128_H32_HD64_G4_rms_norm_ROPETrue_UHD1_ap_fixed_16_5_,ok,0,141,2026-10-01 19:42:21
ATTN_config_S8_D128_H32_HD64_G4_layer_norm_ROPETrue_UHD8_ap_fixed_16_5_,ok,0,168,2026-10-01 19:42:23
ATTN_config_S8_D128_H32_HD64_G4_rms_norm_ROPETrue_UHD8_ap_fixed_16_5_,ok,0,143,2026-10-01 19:42:25
ATTN_config_S8_D128_H8_HD16_G1_rms_norm_ROPEFalse_UHD1_ap_fixed_16_5_,ok,0,106,2026-10-01 19:42:25
ATTN_config_S8_D128_H8_HD16_G1_layer_norm_ROPEFalse_UHD4_ap_fixed_16_5_,ok,0,139,2026-10-01 19:42:31
ATTN_config_S8_D128_H8_HD16_G1_layer_norm_ROPEFalse_UHD8_ap_fixed_16_5_,ok,0,136,2026-10-01 19:42:37
ATTN_config_S8_D128_H8_HD16_G1_rms_norm_ROPEFalse_UHD2_ap_fixed_16_5_,ok,0,107,2026-10-01 19:42:38
ATTN_config_S8_D128_H8_HD16_G1_rms_norm_ROPEFalse_UHD4_ap_fixed_16_5_,ok,0,110,2026-10-01 19:42:43
ATTN_config_S8_D128_H8_HD16_G1_layer_norm_ROPETrue_UHD1_ap_fixed_16_5_,ok,0,137,2026-10-01 19:42:44
ATTN_config_S8_D128_H8_HD16_G1_rms_norm_ROPEFalse_UHD8_ap_fixed_16_5_,ok,0,111,2026-10-01 19:42:46
ATTN_config_S8_D128_H8_HD16_G1_layer_norm_ROPETrue_UHD2_ap_fixed_16_5_,ok,0,143,2026-10-01 19:42:52
ATTN_config_S8_D128_H8_HD16_G1_rms_norm_ROPETrue_UHD1_ap_fixed_16_5_,ok,0,123,2026-10-01 19:43:00
ATTN_config_S8_D128_H8_HD16_G1_rms_norm_ROPETrue_UHD2_ap_fixed_16_5_,ok,0,124,2026-10-01 19:43:01
ATTN_config_S8_D128_H8_HD16_G2_layer_norm_ROPEFalse_UHD2_ap_fixed_16_5_,ok,0,119,2026-10-01 19:43:05
ATTN_config_S8_D128_H8_HD16_G2_layer_norm_ROPEFalse_UHD1_ap_fixed_16_5_,ok,0,122,2026-10-01 19:43:05
ATTN_config_S8_D128_H8_HD16_G2_rms_norm_ROPEFalse_UHD1_ap_fixed_16_5_,ok,0,101,2026-10-01 19:43:07
ATTN_config_S8_D128_H8_HD16_G2_rms_norm_ROPEFalse_UHD2_ap_fixed_16_5_,ok,0,101,2026-10-01 19:43:09
ATTN_config_S8_D128_H8_HD16_G1_layer_norm_ROPETrue_UHD4_ap_fixed_16_5_,ok,0,154,2026-10-01 19:43:10
ATTN_config_S8_D128_H8_HD16_G1_layer_norm_ROPETrue_UHD8_ap_fixed_16_5_,ok,0,155,2026-10-01 19:43:11
ATTN_config_S8_D128_H8_HD16_G1_rms_norm_ROPETrue_UHD8_ap_fixed_16_5_,ok,0,129,2026-10-01 19:43:12
ATTN_config_S8_D128_H8_HD16_G1_rms_norm_ROPETrue_UHD4_ap_fixed_16_5_,ok,0,134,2026-10-01 19:43:14
ATTN_config_S8_D128_H8_HD16_G2_layer_norm_ROPEFalse_UHD4_ap_fixed_16_5_,ok,0,129,2026-10-01 19:43:15
ATTN_config_S8_D128_H8_HD16_G2_layer_norm_ROPETrue_UHD2_ap_fixed_16_5_,ok,0,132,2026-10-01 19:43:25
ATTN_config_S8_D128_H8_HD16_G2_rms_norm_ROPEFalse_UHD4_ap_fixed_16_5_,ok,0,115,2026-10-01 19:43:25
ATTN_config_S8_D128_H8_HD16_G2_layer_norm_ROPETrue_UHD4_ap_fixed_16_5_,ok,0,135,2026-10-01 19:43:28
ATTN_config_S8_D128_H8_HD16_G2_layer_norm_ROPEFalse_UHD8_ap_fixed_16_5_,ok,0,138,2026-10-01 19:43:28
ATTN_config_S8_D128_H8_HD16_G2_rms_norm_ROPEFalse_UHD8_ap_fixed_16_5_,ok,0,118,2026-10-01 19:43:34
ATTN_config_S8_D128_H8_HD16_G2_layer_norm_ROPETrue_UHD1_ap_fixed_16_5_,ok,0,149,2026-10-01 19:43:40
ATTN_config_S8_D128_H8_HD16_G4_layer_norm_ROPEFalse_UHD1_ap_fixed_16_5_,ok,0,120,2026-10-01 19:43:46
ATTN_config_S8_D128_H8_HD16_G2_rms_norm_ROPETrue_UHD1_ap_fixed_16_5_,ok,0,125,2026-10-01 19:43:46
ATTN_config_S8_D128_H8_HD16_G2_layer_norm_ROPETrue_UHD8_ap_fixed_16_5_,ok,0,150,2026-10-01 19:43:49
ATTN_config_S8_D128_H8_HD16_G2_rms_norm_ROPETrue_UHD2_ap_fixed_16_5_,ok,0,126,2026-10-01 19:43:50
ATTN_config_S8_D128_H8_HD16_G2_rms_norm_ROPETrue_UHD4_ap_fixed_16_5_,ok,0,127,2026-10-01 19:43:52
ATTN_config_S8_D128_H8_HD16_G4_rms_norm_ROPEFalse_UHD1_ap_fixed_16_5_,ok,0,105,2026-10-01 19:43:52
ATTN_config_S8_D128_H8_HD16_G4_layer_norm_ROPEFalse_UHD2_ap_fixed_16_5_,ok,0,126,2026-10-01 19:43:53
ATTN_config_S8_D128_H8_HD16_G4_layer_norm_ROPEFalse_UHD4_ap_fixed_16_5_,ok,0,135,2026-10-01 19:44:04
ATTN_config_S8_D128_H8_HD16_G4_layer_norm_ROPEFalse_UHD8_ap_fixed_16_5_,ok,0,140,2026-10-01 19:44:11
ATTN_config_S8_D128_H8_HD16_G4_rms_norm_ROPEFalse_UHD4_ap_fixed_16_5_,ok,0,117,2026-10-01 19:44:11
ATTN_config_S8_D128_H8_HD16_G2_rms_norm_ROPETrue_UHD8_ap_fixed_16_5_,ok,0,150,2026-10-01 19:44:14
ATTN_config_S8_D128_H8_HD16_G4_rms_norm_ROPEFalse_UHD2_ap_fixed_16_5_,ok,0,125,2026-10-01 19:44:15
ATTN_config_S8_D128_H8_HD16_G4_rms_norm_ROPEFalse_UHD8_ap_fixed_16_5_,ok,0,122,2026-10-01 19:44:18
ATTN_config_S8_D128_H8_HD16_G4_layer_norm_ROPETrue_UHD2_ap_fixed_16_5_,ok,0,143,2026-10-01 19:44:19
ATTN_config_S8_D128_H8_HD16_G4_rms_norm_ROPETrue_UHD2_ap_fixed_16_5_,ok,0,124,2026-10-01 19:44:21
ATTN_config_S8_D128_H8_HD16_G4_layer_norm_ROPETrue_UHD1_ap_fixed_16_5_,ok,0,149,2026-10-01 19:44:23
ATTN_config_S8_D128_H8_HD16_G4_rms_norm_ROPETrue_UHD4_ap_fixed_16_5_,ok,0,127,2026-10-01 19:44:24
ATTN_config_S8_D128_H8_HD32_G1_layer_norm_ROPEFalse_UHD1_ap_fixed_16_5_,ok,0,124,2026-10-01 19:44:27
ATTN_config_S8_D128_H8_HD16_G4_rms_norm_ROPETrue_UHD1_ap_fixed_16_5_,ok,0,132,2026-10-01 19:44:29
ATTN_config_S8_D128_H8_HD16_G4_layer_norm_ROPETrue_UHD4_ap_fixed_16_5_,ok,0,152,2026-10-01 19:44:31
ATTN_config_S8_D128_H8_HD32_G1_layer_norm_ROPEFalse_UHD2_ap_fixed_16_5_,ok,0,129,2026-10-01 19:44:34
ATTN_config_S8_D128_H8_HD16_G4_layer_norm_ROPETrue_UHD8_ap_fixed_16_5_,ok,0,149,2026-10-01 19:44:36
ATTN_config_S8_D128_H8_HD32_G1_layer_norm_ROPEFalse_UHD4_ap_fixed_16_5_,ok,0,131,2026-10-01 19:44:37
ATTN_config_S8_D128_H8_HD32_G1_rms_norm_ROPEFalse_UHD2_ap_fixed_16_5_,ok,0,107,2026-10-01 19:44:39
ATTN_config_S8_D128_H8_HD32_G1_rms_norm_ROPEFalse_UHD1_ap_fixed_16_5_,ok,0,116,2026-10-01 19:44:42
ATTN_config_S8_D128_H8_HD32_G1_rms_norm_ROPEFalse_UHD8_ap_fixed_16_5_,ok,0,114,2026-10-01 19:44:55
ATTN_config_S8_D128_H8_HD16_G4_rms_norm_ROPETrue_UHD8_ap_fixed_16_5_,ok,0,154,2026-10-01 19:44:55
ATTN_config_S8_D128_H8_HD32_G1_layer_norm_ROPETrue_UHD2_ap_fixed_16_5_,ok,0,139,2026-10-01 19:44:57
ATTN_config_S8_D128_H8_HD32_G1_rms_norm_ROPEFalse_UHD4_ap_fixed_16_5_,ok,0,123,2026-10-01 19:45:03
ATTN_config_S8_D128_H8_HD32_G1_layer_norm_ROPETrue_UHD4_ap_fixed_16_5_,ok,0,140,2026-10-01 19:45:03
ATTN_config_S8_D128_H8_HD32_G1_rms_norm_ROPETrue_UHD1_ap_fixed_16_5_,ok,0,121,2026-10-01 19:45:06
ATTN_config_S8_D128_H8_HD32_G1_rms_norm_ROPETrue_UHD4_ap_fixed_16_5_,ok,0,122,2026-10-01 19:45:09
ATTN_config_S8_D128_H8_HD32_G1_rms_norm_ROPETrue_UHD2_ap_fixed_16_5_,ok,0,125,2026-10-01 19:45:10
ATTN_config_S8_D128_H8_HD32_G2_layer_norm_ROPEFalse_UHD2_ap_fixed_16_5_,ok,0,119,2026-10-01 19:45:10
ATTN_config_S8_D128_H8_HD32_G1_layer_norm_ROPEFalse_UHD8_ap_fixed_16_5_,ok,0,159,2026-10-01 19:45:10
ATTN_config_S8_D128_H8_HD32_G2_layer_norm_ROPEFalse_UHD1_ap_fixed_16_5_,ok,0,123,2026-10-01 19:45:13
ATTN_config_S8_D128_H8_HD32_G2_rms_norm_ROPEFalse_UHD2_ap_fixed_16_5_,ok,0,102,2026-10-01 19:45:16
ATTN_config_S8_D128_H8_HD32_G1_layer_norm_ROPETrue_UHD1_ap_fixed_16_5_,ok,0,160,2026-10-01 19:45:17
ATTN_config_S8_D128_H8_HD32_G1_rms_norm_ROPETrue_UHD8_ap_fixed_16_5_,ok,0,130,2026-10-01 19:45:19
ATTN_config_S8_D128_H8_HD32_G2_layer_norm_ROPETrue_UHD1_ap_fixed_16_5_,ok,0,128,2026-10-01 19:45:23
ATTN_config_S8_D128_H8_HD32_G2_rms_norm_ROPEFalse_UHD1_ap_fixed_16_5_,ok,0,117,2026-10-01 19:45:25
ATTN_config_S8_D128_H8_HD32_G2_layer_norm_ROPEFalse_UHD8_ap_fixed_16_5_,ok,0,137,2026-10-01 19:45:31
ATTN_config_S8_D128_H8_HD32_G2_rms_norm_ROPEFalse_UHD4_ap_fixed_16_5_,ok,0,111,2026-10-01 19:45:31
ATTN_config_S8_D128_H8_HD32_G1_layer_norm_ROPETrue_UHD8_ap_fixed_16_5_,ok,0,169,2026-10-01 19:45:33
ATTN_config_S8_D128_H8_HD32_G2_layer_norm_ROPEFalse_UHD4_ap_fixed_16_5_,ok,0,143,2026-10-01 19:45:35
ATTN_config_S8_D128_H8_HD32_G2_rms_norm_ROPEFalse_UHD8_ap_fixed_16_5_,ok,0,111,2026-10-01 19:45:38
ATTN_config_S8_D128_H8_HD32_G2_layer_norm_ROPETrue_UHD2_ap_fixed_16_5_,ok,0,142,2026-10-01 19:45:47
ATTN_config_S8_D128_H8_HD32_G2_layer_norm_ROPETrue_UHD8_ap_fixed_16_5_,ok,0,144,2026-10-01 19:45:52
ATTN_config_S8_D128_H8_HD32_G4_layer_norm_ROPEFalse_UHD2_ap_fixed_16_5_,ok,0,119,2026-10-01 19:45:52
ATTN_config_S8_D128_H8_HD32_G4_rms_norm_ROPEFalse_UHD1_ap_fixed_16_5_,ok,0,99,2026-10-01 19:45:57
ATTN_config_S8_D128_H8_HD32_G2_rms_norm_ROPETrue_UHD4_ap_fixed_16_5_,ok,0,129,2026-10-01 19:45:59
ATTN_config_S8_D128_H8_HD32_G2_rms_norm_ROPETrue_UHD2_ap_fixed_16_5_,ok,0,130,2026-10-01 19:45:59
ATTN_config_S8_D128_H8_HD32_G2_rms_norm_ROPETrue_UHD1_ap_fixed_16_5_,ok,0,137,2026-10-01 19:46:03
ATTN_config_S8_D128_H8_HD32_G2_layer_norm_ROPETrue_UHD4_ap_fixed_16_5_,ok,0,160,2026-10-01 19:46:05
ATTN_config_S8_D128_H8_HD32_G4_layer_norm_ROPEFalse_UHD1_ap_fixed_16_5_,ok,0,138,2026-10-01 19:46:11
ATTN_config_S8_D128_H8_HD32_G4_rms_norm_ROPEFalse_UHD2_ap_fixed_16_5_,ok,0,111,2026-10-01 19:46:11
ATTN_config_S8_D128_H8_HD32_G2_rms_norm_ROPETrue_UHD8_ap_fixed_16_5_,ok,0,141,2026-10-01 19:46:13
ATTN_config_S8_D128_H8_HD32_G4_rms_norm_ROPEFalse_UHD4_ap_fixed_16_5_,ok,0,117,2026-10-01 19:46:20
ATTN_config_S8_D128_H8_HD32_G4_layer_norm_ROPEFalse_UHD8_ap_fixed_16_5_,ok,0,130,2026-10-01 19:46:20
ATTN_config_S8_D128_H8_HD32_G4_rms_norm_ROPEFalse_UHD8_ap_fixed_16_5_,ok,0,117,2026-10-01 19:46:21
ATTN_config_S8_D128_H8_HD32_G4_layer_norm_ROPEFalse_UHD4_ap_fixed_16_5_,ok,0,139,2026-10-01 19:46:23
ATTN_config_S8_D128_H8_HD32_G4_layer_norm_ROPETrue_UHD2_ap_fixed_16_5_,ok,0,131,2026-10-01 19:46:25
ATTN_config_S8_D128_H8_HD32_G4_rms_norm_ROPETrue_UHD2_ap_fixed_16_5_,ok,0,118,2026-10-01 19:46:27
ATTN_config_S8_D128_H8_HD32_G4_rms_norm_ROPETrue_UHD1_ap_fixed_16_5_,ok,0,121,2026-10-01 19:46:28
ATTN_config_S8_D128_H8_HD32_G4_layer_norm_ROPETrue_UHD1_ap_fixed_16_5_,ok,0,145,2026-10-01 19:46:36
ATTN_config_S8_D128_H8_HD32_G4_rms_norm_ROPETrue_UHD4_ap_fixed_16_5_,ok,0,127,2026-10-01 19:46:37
ATTN_config_S8_D128_H8_HD64_G1_layer_norm_ROPEFalse_UHD1_ap_fixed_16_5_,ok,0,128,2026-10-01 19:46:44
ATTN_config_S8_D128_H8_HD32_G4_layer_norm_ROPETrue_UHD4_ap_fixed_16_5_,ok,0,149,2026-10-01 19:46:44
ATTN_config_S8_D128_H8_HD64_G1_layer_norm_ROPEFalse_UHD4_ap_fixed_16_5_,ok,0,129,2026-10-01 19:46:48
ATTN_config_S8_D128_H8_HD32_G4_rms_norm_ROPETrue_UHD8_ap_fixed_16_5_,ok,0,140,2026-10-01 19:46:54
ATTN_config_S8_D128_H8_HD64_G1_layer_norm_ROPEFalse_UHD2_ap_fixed_16_5_,ok,0,138,2026-10-01 19:46:55
ATTN_config_S8_D128_H8_HD32_G4_layer_norm_ROPETrue_UHD8_ap_fixed_16_5_,ok,0,160,2026-10-01 19:46:58
ATTN_config_S8_D128_H8_HD64_G1_layer_norm_ROPEFalse_UHD8_ap_fixed_16_5_,ok,0,139,2026-10-01 19:47:00
ATTN_config_S8_D128_H8_HD64_G1_rms_norm_ROPEFalse_UHD2_ap_fixed_16_5_,ok,0,117,2026-10-01 19:47:02
ATTN_config_S8_D128_H8_HD64_G1_rms_norm_ROPEFalse_UHD1_ap_fixed_16_5_,ok,0,121,2026-10-01 19:47:04
ATTN_config_S8_D128_H8_HD64_G2_layer_norm_ROPEFalse_UHD2_ap_fixed_16_5_,ok,0,111,2026-10-01 19:47:11
ATTN_config_S8_D128_H8_HD64_G1_rms_norm_ROPEFalse_UHD8_ap_fixed_16_5_,ok,0,122,2026-10-01 19:47:11
ATTN_config_S8_D128_H8_HD64_G2_layer_norm_ROPEFalse_UHD1_ap_fixed_16_5_,ok,0,115,2026-10-01 19:47:12
ATTN_config_S8_D128_H8_HD64_G1_rms_norm_ROPETrue_UHD1_ap_fixed_16_5_,ok,0,125,2026-10-01 19:47:15
ATTN_config_S8_D128_H8_HD64_G1_rms_norm_ROPEFalse_UHD4_ap_fixed_16_5_,ok,0,129,2026-10-01 19:47:18
ATTN_config_S8_D128_H8_HD64_G1_rms_norm_ROPETrue_UHD8_ap_fixed_16_5_,ok,0,123,2026-10-01 19:47:20
ATTN_config_S8_D128_H8_HD64_G1_layer_norm_ROPETrue_UHD2_ap_fixed_16_5_,ok,0,149,2026-10-01 19:47:24
ATTN_config_S8_D128_H8_HD64_G1_rms_norm_ROPETrue_UHD2_ap_fixed_16_5_,ok,0,141,2026-10-01 19:47:31
ATTN_config_S8_D128_H8_HD64_G2_rms_norm_ROPEFalse_UHD1_ap_fixed_16_5_,ok,0,113,2026-10-01 19:47:31
ATTN_config_S8_D128_H8_HD64_G1_layer_norm_ROPETrue_UHD4_ap_fixed_16_5_,ok,0,155,2026-10-01 19:47:32
ATTN_config_S8_D128_H8_HD64_G2_layer_norm_ROPEFalse_UHD8_ap_fixed_16_5_,ok,0,131,2026-10-01 19:47:37
ATTN_config_S8_D128_H8_HD64_G1_layer_norm_ROPETrue_UHD1_ap_fixed_16_5_,ok,0,162,2026-10-01 19:47:37
ATTN_config_S8_D128_H8_HD64_G1_rms_norm_ROPETrue_UHD4_ap_fixed_16_5_,ok,0,148,2026-10-01 19:47:40
ATTN_config_S8_D128_H8_HD64_G2_rms_norm_ROPEFalse_UHD2_ap_fixed_16_5_,ok,0,115,2026-10-01 19:47:41
ATTN_config_S8_D128_H8_HD64_G2_layer_norm_ROPEFalse_UHD4_ap_fixed_16_5_,ok,0,140,2026-10-01 19:47:44
ATTN_config_S8_D128_H8_HD64_G2_layer_norm_ROPETrue_UHD1_ap_fixed_16_5_,ok,0,141,2026-10-01 19:47:52
ATTN_config_S8_D128_H8_HD64_G2_rms_norm_ROPEFalse_UHD8_ap_fixed_16_5_,ok,0,122,2026-10-01 19:47:54
ATTN_config_S8_D128_H8_HD64_G1_layer_norm_ROPETrue_UHD8_ap_fixed_16_5_,ok,0,172,2026-10-01 19:47:56
ATTN_config_S8_D128_H8_HD64_G2_rms_norm_ROPEFalse_UHD4_ap_fixed_16_5_,ok,0,125,2026-10-01 19:47:57
ATTN_config_S8_D128_H8_HD64_G2_layer_norm_ROPETrue_UHD2_ap_fixed_16_5_,ok,0,147,2026-10-01 19:47:58
ATTN_config_S8_D128_H8_HD64_G2_layer_norm_ROPETrue_UHD4_ap_fixed_16_5_,ok,0,149,2026-10-01 19:48:02
ATTN_config_S8_D128_H8_HD64_G2_rms_norm_ROPETrue_UHD2_ap_fixed_16_5_,ok,0,130,2026-10-01 19:48:09
ATTN_config_S8_D128_H8_HD64_G2_rms_norm_ROPETrue_UHD1_ap_fixed_16_5_,ok,0,133,2026-10-01 19:48:10
ATTN_config_S8_D128_H8_HD64_G2_layer_norm_ROPETrue_UHD8_ap_fixed_16_5_,ok,0,159,2026-10-01 19:48:14
ATTN_config_S8_D128_H8_HD64_G4_layer_norm_ROPEFalse_UHD1_ap_fixed_16_5_,ok,0,130,2026-10-01 19:48:16
ATTN_config_S8_D128_H8_HD64_G4_layer_norm_ROPEFalse_UHD2_ap_fixed_16_5_,ok,0,125,2026-10-01 19:48:16
ATTN_config_S8_D128_H8_HD64_G4_rms_norm_ROPEFalse_UHD2_ap_fixed_16_5_,ok,0,109,2026-10-01 19:48:16
ATTN_config_S8_D128_H8_HD64_G4_rms_norm_ROPEFalse_UHD4_ap_fixed_16_5_,ok,0,111,2026-10-01 19:48:18
ATTN_config_S8_D128_H8_HD64_G4_rms_norm_ROPEFalse_UHD1_ap_fixed_16_5_,ok,0,115,2026-10-01 19:48:21
ATTN_config_S8_D128_H8_HD64_G4_layer_norm_ROPEFalse_UHD4_ap_fixed_16_5_,ok,0,130,2026-10-01 19:48:21
ATTN_config_S8_D128_H8_HD64_G2_rms_norm_ROPETrue_UHD8_ap_fixed_16_5_,ok,0,141,2026-10-01 19:48:24
ATTN_config_S8_D128_H8_HD64_G2_rms_norm_ROPETrue_UHD4_ap_fixed_16_5_,ok,0,146,2026-10-01 19:48:24
ATTN_config_S8_D128_H8_HD64_G4_rms_norm_ROPEFalse_UHD8_ap_fixed_16_5_,ok,0,113,2026-10-01 19:48:28
ATTN_config_S8_D128_H8_HD64_G4_layer_norm_ROPEFalse_UHD8_ap_fixed_16_5_,ok,0,139,2026-10-01 19:48:32
ATTN_config_S8_D128_H8_HD64_G4_layer_norm_ROPETrue_UHD2_ap_fixed_16_5_,ok,0,140,2026-10-01 19:48:40
ATTN_config_S8_D128_H8_HD64_G4_layer_norm_ROPETrue_UHD1_ap_fixed_16_5_,ok,0,143,2026-10-01 19:48:43
ATTN_config_S8_D128_H8_HD64_G4_rms_norm_ROPETrue_UHD2_ap_fixed_16_5_,ok,0,124,2026-10-01 19:48:48
ATTN_config_S8_D256_H16_HD16_G1_layer_norm_ROPEFalse_UHD1_ap_fixed_16_5_,ok,0,117,2026-10-01 19:48:51
ATTN_config_S8_D128_H8_HD64_G4_layer_norm_ROPETrue_UHD8_ap_fixed_16_5_,ok,0,150,2026-10-01 19:48:52
ATTN_config_S8_D128_H8_HD64_G4_rms_norm_ROPETrue_UHD1_ap_fixed_16_5_,ok,0,137,2026-10-01 19:48:54
ATTN_config_S8_D128_H8_HD64_G4_rms_norm_ROPETrue_UHD4_ap_fixed_16_5_,ok,0,134,2026-10-01 19:48:58
ATTN_config_S8_D256_H16_HD16_G1_layer_norm_ROPEFalse_UHD2_ap_fixed_16_5_,ok,0,125,2026-10-01 19:49:00
ATTN_config_S8_D128_H8_HD64_G4_layer_norm_ROPETrue_UHD4_ap_fixed_16_5_,ok,0,160,2026-10-01 19:49:01
ATTN_config_S8_D256_H16_HD16_G1_layer_norm_ROPEFalse_UHD4_ap_fixed_16_5_,ok,0,124,2026-10-01 19:49:02
ATTN_config_S8_D256_H16_HD16_G1_rms_norm_ROPEFalse_UHD2_ap_fixed_16_5_,ok,0,108,2026-10-01 19:49:03
ATTN_config_S8_D256_H16_HD16_G1_rms_norm_ROPEFalse_UHD1_ap_fixed_16_5_,ok,0,113,2026-10-01 19:49:05
ATTN_config_S8_D128_H8_HD64_G4_rms_norm_ROPETrue_UHD8_ap_fixed_16_5_,ok,0,137,2026-10-01 19:49:05
ATTN_config_S8_D256_H16_HD16_G1_rms_norm_ROPEFalse_UHD4_ap_fixed_16_5_,ok,0,110,2026-10-01 19:49:08
ATTN_config_S8_D256_H16_HD16_G1_rms_norm_ROPEFalse_UHD8_ap_fixed_16_5_,ok,0,111,2026-10-01 19:49:11
ATTN_config_S8_D256_H16_HD16_G1_layer_norm_ROPEFalse_UHD8_ap_fixed_16_5_,ok,0,134,2026-10-01 19:49:15
ATTN_config_S8_D256_H16_HD16_G1_layer_norm_ROPETrue_UHD2_ap_fixed_16_5_,ok,0,143,2026-10-01 19:49:27
ATTN_config_S8_D256_H16_HD16_G1_layer_norm_ROPETrue_UHD1_ap_fixed_16_5_,ok,0,145,2026-10-01 19:49:27
ATTN_config_S8_D256_H16_HD16_G1_rms_norm_ROPETrue_UHD1_ap_fixed_16_5_,ok,0,128,2026-10-01 19:49:32
ATTN_config_S8_D256_H16_HD16_G1_layer_norm_ROPETrue_UHD8_ap_fixed_16_5_,ok,0,148,2026-10-01 19:49:40
ATTN_config_S8_D256_H16_HD16_G1_rms_norm_ROPETrue_UHD4_ap_fixed_16_5_,ok,0,134,2026-10-01 19:49:45
ATTN_config_S8_D256_H16_HD16_G2_layer_norm_ROPEFalse_UHD1_ap_fixed_16_5_,ok,0,128,2026-10-01 19:49:45
ATTN_config_S8_D256_H16_HD16_G2_rms_norm_ROPEFalse_UHD1_ap_fixed_16_5_,ok,0,110,2026-10-01 19:49:46
ATTN_config_S8_D256_H16_HD16_G2_layer_norm_ROPEFalse_UHD2_ap_fixed_16_5_,ok,0,129,2026-10-01 19:49:46
ATTN_config_S8_D256_H16_HD16_G1_rms_norm_ROPETrue_UHD2_ap_fixed_16_5_,ok,0,137,2026-10-01 19:49:48
ATTN_config_S8_D256_H16_HD16_G1_layer_norm_ROPETrue_UHD4_ap_fixed_16_5_,ok,0,160,2026-10-01 19:49:51
ATTN_config_S8_D256_H16_HD16_G2_layer_norm_ROPEFalse_UHD4_ap_fixed_16_5_,ok,0,132,2026-10-01 19:49:52
ATTN_config_S8_D256_H16_HD16_G2_rms_norm_ROPEFalse_UHD2_ap_fixed_16_5_,ok,0,115,2026-10-01 19:49:54
ATTN_config_S8_D256_H16_HD16_G2_rms_norm_ROPEFalse_UHD4_ap_fixed_16_5_,ok,0,112,2026-10-01 19:49:55
ATTN_config_S8_D256_H16_HD16_G1_rms_norm_ROPETrue_UHD8_ap_fixed_16_5_,ok,0,143,2026-10-01 19:49:56
ATTN_config_S8_D256_H16_HD16_G2_layer_norm_ROPEFalse_UHD8_ap_fixed_16_5_,ok,0,143,2026-10-01 19:50:04
ATTN_config_S8_D256_H16_HD16_G2_rms_norm_ROPEFalse_UHD8_ap_fixed_16_5_,ok,0,117,2026-10-01 19:50:06
ATTN_config_S8_D256_H16_HD16_G2_layer_norm_ROPETrue_UHD1_ap_fixed_16_5_,ok,0,145,2026-10-01 19:50:08
ATTN_config_S8_D256_H16_HD16_G2_layer_norm_ROPETrue_UHD2_ap_fixed_16_5_,ok,0,139,2026-10-01 19:50:11
ATTN_config_S8_D256_H16_HD16_G2_layer_norm_ROPETrue_UHD4_ap_fixed_16_5_,ok,0,146,2026-10-01 19:50:20
ATTN_config_S8_D256_H16_HD16_G2_rms_norm_ROPETrue_UHD1_ap_fixed_16_5_,ok,0,136,2026-10-01 19:50:26
ATTN_config_S8_D256_H16_HD16_G4_layer_norm_ROPEFalse_UHD2_ap_fixed_16_5_,ok,0,128,2026-10-01 19:50:26
ATTN_config_S8_D256_H16_HD16_G2_rms_norm_ROPETrue_UHD4_ap_fixed_16_5_,ok,0,133,2026-10-01 19:50:28
ATTN_config_S8_D256_H16_HD16_G2_rms_norm_ROPETrue_UHD2_ap_fixed_16_5_,ok,0,135,2026-10-01 19:50:28
ATTN_config_S8_D256_H16_HD16_G4_layer_norm_ROPEFalse_UHD1_ap_fixed_16_5_,ok,0,136,2026-10-01 19:50:32
ATTN_config_S8_D256_H16_HD16_G4_layer_norm_ROPEFalse_UHD4_ap_fixed_16_5_,ok,0,139,2026-10-01 19:50:40
ATTN_config_S8_D256_H16_HD16_G2_layer_norm_ROPETrue_UHD8_ap_fixed_16_5_,ok,0,166,2026-10-01 19:50:42
ATTN_config_S8_D256_H16_HD16_G4_layer_norm_ROPEFalse_UHD8_ap_fixed_16_5_,ok,0,141,2026-10-01 19:50:42
ATTN_config_S8_D256_H16_HD16_G2_rms_norm_ROPETrue_UHD8_ap_fixed_16_5_,ok,0,152,2026-10-01 19:50:47
ATTN_config_S8_D256_H16_HD16_G4_rms_norm_ROPEFalse_UHD1_ap_fixed_16_5_,ok,0,128,2026-10-01 19:50:49
ATTN_config_S8_D256_H16_HD16_G4_layer_norm_ROPETrue_UHD2_ap_fixed_16_5_,ok,0,146,2026-10-01 19:50:50
ATTN_config_S8_D256_H16_HD16_G4_layer_norm_ROPETrue_UHD1_ap_fixed_16_5_,ok,0,149,2026-10-01 19:50:52
ATTN_config_S8_D256_H16_HD16_G4_rms_norm_ROPEFalse_UHD2_ap_fixed_16_5_,ok,0,131,2026-10-01 19:50:54
ATTN_config_S8_D256_H16_HD16_G4_rms_norm_ROPEFalse_UHD4_ap_fixed_16_5_,ok,0,127,2026-10-01 19:50:54
ATTN_config_S8_D256_H16_HD16_G4_rms_norm_ROPEFalse_UHD8_ap_fixed_16_5_,ok,0,136,2026-10-01 19:51:08
ATTN_config_S8_D256_H16_HD16_G4_rms_norm_ROPETrue_UHD2_ap_fixed_16_5_,ok,0,133,2026-10-01 19:51:08
ATTN_config_S8_D256_H16_HD16_G4_layer_norm_ROPETrue_UHD4_ap_fixed_16_5_,ok,0,160,2026-10-01 19:51:08
ATTN_config_S8_D256_H16_HD16_G4_rms_norm_ROPETrue_UHD1_ap_fixed_16_5_,ok,0,147,2026-10-01 19:51:19
ATTN_config_S8_D256_H16_HD32_G1_layer_norm_ROPEFalse_UHD1_ap_fixed_16_5_,ok,0,140,2026-10-01 19:51:21
ATTN_config_S8_D256_H16_HD16_G4_rms_norm_ROPETrue_UHD4_ap_fixed_16_5_,ok,0,144,2026-10-01 19:51:23
ATTN_config_S8_D256_H16_HD32_G1_layer_norm_ROPEFalse_UHD2_ap_fixed_16_5_,ok,0,150,2026-10-01 19:51:32
ATTN_config_S8_D256_H16_HD16_G4_layer_norm_ROPETrue_UHD8_ap_fixed_16_5_,ok,0,180,2026-10-01 19:51:32
ATTN_config_S8_D256_H16_HD32_G1_rms_norm_ROPEFalse_UHD2_ap_fixed_16_5_,ok,0,128,2026-10-01 19:51:35
ATTN_config_S8_D256_H16_HD32_G1_rms_norm_ROPEFalse_UHD1_ap_fixed_16_5_,ok,0,128,2026-10-01 19:51:36
ATTN_config_S8_D256_H16_HD32_G1_layer_norm_ROPEFalse_UHD4_ap_fixed_16_5_,ok,0,154,2026-10-01 19:51:37
ATTN_config_S8_D256_H16_HD32_G1_layer_norm_ROPEFalse_UHD8_ap_fixed_16_5_,ok,0,156,2026-10-01 19:51:41
ATTN_config_S8_D256_H16_HD16_G4_rms_norm_ROPETrue_UHD8_ap_fixed_16_5_,ok,0,161,2026-10-01 19:51:41
ATTN_config_S8_D256_H16_HD32_G1_rms_norm_ROPEFalse_UHD4_ap_fixed_16_5_,ok,0,129,2026-10-01 19:51:42
ATTN_config_S8_D256_H16_HD32_G1_layer_norm_ROPETrue_UHD2_ap_fixed_16_5_,ok,0,160,2026-10-01 19:51:48
ATTN_config_S8_D256_H16_HD32_G1_layer_norm_ROPETrue_UHD1_ap_fixed_16_5_,ok,0,164,2026-10-01 19:51:49
ATTN_config_S8_D256_H16_HD32_G1_rms_norm_ROPEFalse_UHD8_ap_fixed_16_5_,ok,0,134,2026-10-01 19:51:53
ATTN_config_S8_D256_H16_HD32_G1_layer_norm_ROPETrue_UHD4_ap_fixed_16_5_,ok,0,169,2026-10-01 19:52:00
ATTN_config_S8_D256_H16_HD32_G2_layer_norm_ROPEFalse_UHD1_ap_fixed_16_5_,ok,0,138,2026-10-01 19:52:06
ATTN_config_S8_D256_H16_HD32_G1_rms_norm_ROPETrue_UHD1_ap_fixed_16_5_,ok,0,141,2026-10-01 19:52:06
ATTN_config_S8_D256_H16_HD32_G1_layer_norm_ROPETrue_UHD8_ap_fixed_16_5_,ok,0,171,2026-10-01 19:52:06
ATTN_config_S8_D256_H16_HD32_G1_rms_norm_ROPETrue_UHD2_ap_fixed_16_5_,ok,0,141,2026-10-01 19:52:06
ATTN_config_S8_D256_H16_HD32_G2_rms_norm_ROPEFalse_UHD1_ap_fixed_16_5_,ok,0,121,2026-10-01 19:52:09
ATTN_config_S8_D256_H16_HD32_G2_layer_norm_ROPEFalse_UHD4_ap_fixed_16_5_,ok,0,137,2026-10-01 19:52:10
ATTN_config_S8_D256_H16_HD32_G1_rms_norm_ROPETrue_UHD4_ap_fixed_16_5_,ok,0,146,2026-10-01 19:52:13
ATTN_config_S8_D256_H16_HD32_G1_rms_norm_ROPETrue_UHD8_ap_fixed_16_5_,ok,0,148,2026-10-01 19:52:14
ATTN_config_S8_D256_H16_HD32_G2_layer_norm_ROPEFalse_UHD2_ap_fixed_16_5_,ok,0,144,2026-10-01 19:52:15
ATTN_config_S8_D256_H16_HD32_G2_rms_norm_ROPEFalse_UHD2_ap_fixed_16_5_,ok,0,126,2026-10-01 19:52:18
ATTN_config_S8_D256_H16_HD32_G2_rms_norm_ROPEFalse_UHD4_ap_fixed_16_5_,ok,0,123,2026-10-01 19:52:23
ATTN_config_S8_D256_H16_HD32_G2_layer_norm_ROPETrue_UHD1_ap_fixed_16_5_,ok,0,150,2026-10-01 19:52:24
ATTN_config_S8_D256_H16_HD32_G2_layer_norm_ROPEFalse_UHD8_ap_fixed_16_5_,ok,0,152,2026-10-01 19:52:26
ATTN_config_S8_D256_H16_HD32_G2_layer_norm_ROPETrue_UHD4_ap_fixed_16_5_,ok,0,149,2026-10-01 19:52:32
ATTN_config_S8_D256_H16_HD32_G2_rms_norm_ROPEFalse_UHD8_ap_fixed_16_5_,ok,0,134,2026-10-01 19:52:40
ATTN_config_S8_D256_H16_HD32_G4_layer_norm_ROPEFalse_UHD2_ap_fixed_16_5_,ok,0,119,2026-10-01 19:52:41
ATTN_config_S8_D256_H16_HD32_G2_layer_norm_ROPETrue_UHD2_ap_fixed_16_5_,ok,0,165,2026-10-01 19:52:41
ATTN_config_S8_D256_H16_HD32_G2_rms_norm_ROPETrue_UHD8_ap_fixed_16_5_,ok,0,131,2026-10-01 19:52:43
ATTN_config_S8_D256_H16_HD32_G2_rms_norm_ROPETrue_UHD4_ap_fixed_16_5_,ok,0,135,2026-10-01 19:52:43
ATTN_config_S8_D256_H16_HD32_G2_rms_norm_ROPETrue_UHD2_ap_fixed_16_5_,ok,0,135,2026-10-01 19:52:44
ATTN_config_S8_D256_H16_HD32_G2_layer_norm_ROPETrue_UHD8_ap_fixed_16_5_,ok,0,159,2026-10-01 19:52:44
ATTN_config_S8_D256_H16_HD32_G2_rms_norm_ROPETrue_UHD1_ap_fixed_16_5_,ok,0,141,2026-10-01 19:52:47
ATTN_config_S8_D256_H16_HD32_G4_layer_norm_ROPEFalse_UHD4_ap_fixed_16_5_,ok,0,125,2026-10-01 19:52:47
ATTN_config_S8_D256_H16_HD32_G4_rms_norm_ROPEFalse_UHD2_ap_fixed_16_5_,ok,0,101,2026-10-01 19:52:49
ATTN_config_S8_D256_H16_HD32_G4_layer_norm_ROPEFalse_UHD8_ap_fixed_16_5_,ok,0,122,2026-10-01 19:52:49
ATTN_config_S8_D256_H16_HD32_G4_rms_norm_ROPEFalse_UHD1_ap_fixed_16_5_,ok,0,119,2026-10-01 19:52:53
ATTN_config_S8_D256_H16_HD32_G4_layer_norm_ROPEFalse_UHD1_ap_fixed_16_5_,ok,0,136,2026-10-01 19:52:56
ATTN_config_S8_D256_H16_HD32_G4_rms_norm_ROPEFalse_UHD8_ap_fixed_16_5_,ok,0,109,2026-10-01 19:52:57
ATTN_config_S8_D256_H16_HD32_G4_layer_norm_ROPETrue_UHD2_ap_fixed_16_5_,ok,0,131,2026-10-01 19:53:01
ATTN_config_S8_D256_H16_HD32_G4_layer_norm_ROPETrue_UHD1_ap_fixed_16_5_,ok,0,133,2026-10-01 19:53:02
ATTN_config_S8_D256_H16_HD32_G4_rms_norm_ROPEFalse_UHD4_ap_fixed_16_5_,ok,0,116,2026-10-01 19:53:04
ATTN_config_S8_D256_H16_HD32_G4_rms_norm_ROPETrue_UHD1_ap_fixed_16_5_,ok,0,113,2026-10-01 19:53:12
ATTN_config_S8_D256_H16_HD32_G4_rms_norm_ROPETrue_UHD2_ap_fixed_16_5_,ok,0,119,2026-10-01 19:53:20
ATTN_config_S8_D256_H16_HD32_G4_layer_norm_ROPETrue_UHD8_ap_fixed_16_5_,ok,0,147,2026-10-01 19:53:21
ATTN_config_S8_D256_H16_HD32_G4_layer_norm_ROPETrue_UHD4_ap_fixed_16_5_,ok,0,152,2026-10-01 19:53:25
ATTN_config_S8_D256_H16_HD32_G4_rms_norm_ROPETrue_UHD4_ap_fixed_16_5_,ok,0,126,2026-10-01 19:53:29
ATTN_config_S8_D256_H16_HD64_G1_rms_norm_ROPEFalse_UHD1_ap_fixed_16_5_,ok,0,103,2026-10-01 19:53:32
ATTN_config_S8_D256_H16_HD64_G1_layer_norm_ROPEFalse_UHD1_ap_fixed_16_5_,ok,0,121,2026-10-01 19:53:33
ATTN_config_S8_D256_H16_HD64_G1_layer_norm_ROPEFalse_UHD4_ap_fixed_16_5_,ok,0,118,2026-10-01 19:53:33
ATTN_config_S8_D256_H16_HD64_G1_layer_norm_ROPEFalse_UHD2_ap_fixed_16_5_,ok,0,119,2026-10-01 19:53:34
ATTN_config_S8_D256_H16_HD64_G1_layer_norm_ROPEFalse_UHD8_ap_fixed_16_5_,ok,0,121,2026-10-01 19:53:38
ATTN_config_S8_D256_H16_HD64_G1_rms_norm_ROPEFalse_UHD2_ap_fixed_16_5_,ok,0,105,2026-10-01 19:53:39
ATTN_config_S8_D256_H16_HD32_G4_rms_norm_ROPETrue_UHD8_ap_fixed_16_5_,ok,0,127,2026-10-01 19:53:39
ATTN_config_S8_D256_H16_HD64_G1_rms_norm_ROPEFalse_UHD4_ap_fixed_16_5_,ok,0,105,2026-10-01 19:53:45
ATTN_config_S8_D256_H16_HD64_G1_layer_norm_ROPETrue_UHD4_ap_fixed_16_5_,ok,0,137,2026-10-01 19:53:59
ATTN_config_S8_D256_H16_HD64_G1_rms_norm_ROPEFalse_UHD8_ap_fixed_16_5_,ok,0,117,2026-10-01 19:54:03
ATTN_config_S8_D256_H16_HD64_G1_layer_norm_ROPETrue_UHD1_ap_fixed_16_5_,ok,0,142,2026-10-01 19:54:03
ATTN_config_S8_D256_H16_HD64_G2_layer_norm_ROPEFalse_UHD1_ap_fixed_16_5_,ok,0,119,2026-10-01 19:54:08
ATTN_config_S8_D256_H16_HD64_G1_layer_norm_ROPETrue_UHD2_ap_fixed_16_5_,ok,0,151,2026-10-01 19:54:13
ATTN_config_S8_D256_H16_HD64_G1_layer_norm_ROPETrue_UHD8_ap_fixed_16_5_,ok,0,156,2026-10-01 19:54:24
ATTN_config_S8_D256_H16_HD64_G2_layer_norm_ROPEFalse_UHD2_ap_fixed_16_5_,ok,0,134,2026-10-01 19:54:27
ATTN_config_S8_D256_H16_HD64_G2_layer_norm_ROPEFalse_UHD4_ap_fixed_16_5_,ok,0,134,2026-10-01 19:54:28
ATTN_config_S8_D256_H16_HD64_G1_rms_norm_ROPETrue_UHD8_ap_fixed_16_5_,ok,0,141,2026-10-01 19:54:30
ATTN_config_S8_D256_H16_HD64_G1_rms_norm_ROPETrue_UHD1_ap_fixed_16_5_,ok,0,145,2026-10-01 19:54:31
ATTN_config_S8_D256_H16_HD64_G1_rms_norm_ROPETrue_UHD2_ap_fixed_16_5_,ok,0,146,2026-10-01 19:54:32
ATTN_config_S8_D256_H16_HD64_G2_layer_norm_ROPEFalse_UHD8_ap_fixed_16_5_,ok,0,138,2026-10-01 19:54:33
ATTN_config_S8_D256_H16_HD64_G1_rms_norm_ROPETrue_UHD4_ap_fixed_16_5_,ok,0,149,2026-10-01 19:54:36
ATTN_config_S8_D256_H16_HD64_G2_rms_norm_ROPEFalse_UHD4_ap_fixed_16_5_,ok,0,117,2026-10-01 19:54:38
ATTN_config_S8_D256_H16_HD64_G2_rms_norm_ROPEFalse_UHD1_ap_fixed_16_5_,ok,0,126,2026-10-01 19:54:38
ATTN_config_S8_D256_H16_HD64_G2_rms_norm_ROPEFalse_UHD2_ap_fixed_16_5_,ok,0,120,2026-10-01 19:54:40
ATTN_config_S8_D256_H16_HD64_G2_rms_norm_ROPEFalse_UHD8_ap_fixed_16_5_,ok,0,123,2026-10-01 19:54:43
ATTN_config_S8_D256_H16_HD64_G2_rms_norm_ROPETrue_UHD1_ap_fixed_16_5_,ok,0,132,2026-10-01 19:54:55
ATTN_config_S8_D256_H16_HD64_G2_layer_norm_ROPETrue_UHD4_ap_fixed_16_5_,ok,0,151,2026-10-01 19:54:55
ATTN_config_S8_D256_H16_HD64_G2_layer_norm_ROPETrue_UHD2_ap_fixed_16_5_,ok,0,154,2026-10-01 19:54:57
ATTN_config_S8_D256_H16_HD64_G2_rms_norm_ROPETrue_UHD4_ap_fixed_16_5_,ok,0,136,2026-10-01 19:55:00
ATTN_config_S8_D256_H16_HD64_G4_layer_norm_ROPEFalse_UHD2_ap_fixed_16_5_,ok,0,135,2026-10-01 19:55:02
ATTN_config_S8_D256_H16_HD64_G2_layer_norm_ROPETrue_UHD1_ap_fixed_16_5_,ok,0,168,2026-10-01 19:55:05
ATTN_config_S8_D256_H16_HD64_G4_rms_norm_ROPEFalse_UHD1_ap_fixed_16_5_,ok,0,124,2026-10-01 19:55:06
ATTN_config_S8_D256_H16_HD64_G4_layer_norm_ROPEFalse_UHD4_ap_fixed_16_5_,ok,0,137,2026-10-01 19:55:06
ATTN_config_S8_D256_H16_HD64_G2_rms_norm_ROPETrue_UHD8_ap_fixed_16_5_,ok,0,143,2026-10-01 19:55:07
ATTN_config_S8_D256_H16_HD64_G2_layer_norm_ROPETrue_UHD8_ap_fixed_16_5_,ok,0,163,2026-10-01 19:55:09
ATTN_config_S8_D256_H16_HD64_G4_layer_norm_ROPEFalse_UHD1_ap_fixed_16_5_,ok,0,145,2026-10-01 19:55:13
ATTN_config_S8_D256_H16_HD64_G4_rms_norm_ROPEFalse_UHD2_ap_fixed_16_5_,ok,0,131,2026-10-01 19:55:15
ATTN_config_S8_D256_H16_HD64_G2_rms_norm_ROPETrue_UHD2_ap_fixed_16_5_,ok,0,155,2026-10-01 19:55:18
ATTN_config_S8_D256_H16_HD64_G4_layer_norm_ROPETrue_UHD1_ap_fixed_16_5_,ok,0,149,2026-10-01 19:55:22
ATTN_config_S8_D256_H16_HD64_G4_layer_norm_ROPEFalse_UHD8_ap_fixed_16_5_,ok,0,156,2026-10-01 19:55:25
ATTN_config_S8_D256_H16_HD64_G4_rms_norm_ROPEFalse_UHD4_ap_fixed_16_5_,ok,0,136,2026-10-01 19:55:28
ATTN_config_S8_D256_H16_HD64_G4_layer_norm_ROPETrue_UHD2_ap_fixed_16_5_,ok,0,153,2026-10-01 19:55:28
ATTN_config_S8_D256_H16_HD64_G4_rms_norm_ROPEFalse_UHD8_ap_fixed_16_5_,ok,0,130,2026-10-01 19:55:30
ATTN_config_S8_D256_H16_HD64_G4_layer_norm_ROPETrue_UHD8_ap_fixed_16_5_,ok,0,156,2026-10-01 19:55:36
ATTN_config_S8_D256_H16_HD64_G4_rms_norm_ROPETrue_UHD1_ap_fixed_16_5_,ok,0,138,2026-10-01 19:55:38
ATTN_config_S8_D256_H32_HD16_G1_layer_norm_ROPEFalse_UHD2_ap_fixed_16_5_,ok,0,133,2026-10-01 19:55:47
ATTN_config_S8_D256_H32_HD16_G1_layer_norm_ROPEFalse_UHD1_ap_fixed_16_5_,ok,0,135,2026-10-01 19:55:48
ATTN_config_S8_D256_H32_HD16_G1_layer_norm_ROPEFalse_UHD4_ap_fixed_16_5_,ok,0,135,2026-10-01 19:55:50
ATTN_config_S8_D256_H32_HD16_G1_rms_norm_ROPEFalse_UHD2_ap_fixed_16_5_,ok,0,111,2026-10-01 19:55:54
ATTN_config_S8_D256_H16_HD64_G4_rms_norm_ROPETrue_UHD2_ap_fixed_16_5_,ok,0,150,2026-10-01 19:55:55
ATTN_config_S8_D256_H16_HD64_G4_rms_norm_ROPETrue_UHD4_ap_fixed_16_5_,ok,0,146,2026-10-01 19:55:55
ATTN_config_S8_D256_H16_HD64_G4_rms_norm_ROPETrue_UHD8_ap_fixed_16_5_,ok,0,148,2026-10-01 19:56:00
ATTN_config_S8_D256_H32_HD16_G1_layer_norm_ROPEFalse_UHD8_ap_fixed_16_5_,ok,0,143,2026-10-01 19:56:01
ATTN_config_S8_D256_H16_HD64_G4_layer_norm_ROPETrue_UHD4_ap_fixed_16_5_,ok,0,184,2026-10-01 19:56:01
ATTN_config_S8_D256_H32_HD16_G1_rms_norm_ROPEFalse_UHD1_ap_fixed_16_5_,ok,0,123,2026-10-01 19:56:06
ATTN_config_S8_D256_H32_HD16_G1_rms_norm_ROPEFalse_UHD4_ap_fixed_16_5_,ok,0,118,2026-10-01 19:56:06
ATTN_config_S8_D256_H32_HD16_G1_layer_norm_ROPETrue_UHD2_ap_fixed_16_5_,ok,0,149,2026-10-01 19:56:08
ATTN_config_S8_D256_H32_HD16_G1_layer_norm_ROPETrue_UHD1_ap_fixed_16_5_,ok,0,151,2026-10-01 19:56:10
ATTN_config_S8_D256_H32_HD16_G1_layer_norm_ROPETrue_UHD4_ap_fixed_16_5_,ok,0,154,2026-10-01 19:56:19
ATTN_config_S8_D256_H32_HD16_G1_rms_norm_ROPEFalse_UHD8_ap_fixed_16_5_,ok,0,129,2026-10-01 19:56:22
ATTN_config_S8_D256_H32_HD16_G1_rms_norm_ROPETrue_UHD1_ap_fixed_16_5_,ok,0,132,2026-10-01 19:56:36
ATTN_config_S8_D256_H32_HD16_G2_layer_norm_ROPEFalse_UHD2_ap_fixed_16_5_,ok,0,129,2026-10-01 19:56:41
ATTN_config_S8_D256_H32_HD16_G1_rms_norm_ROPETrue_UHD2_ap_fixed_16_5_,ok,0,137,2026-10-01 19:56:44
ATTN_config_S8_D256_H32_HD16_G2_layer_norm_ROPEFalse_UHD1_ap_fixed_16_5_,ok,0,133,2026-10-01 19:56:44
ATTN_config_S8_D256_H32_HD16_G1_rms_norm_ROPETrue_UHD4_ap_fixed_16_5_,ok,0,138,2026-10-01 19:56:46
ATTN_config_S8_D256_H32_HD16_G1_layer_norm_ROPETrue_UHD8_ap_fixed_16_5_,ok,0,167,2026-10-01 19:56:46
ATTN_config_S8_D256_H32_HD16_G2_rms_norm_ROPEFalse_UHD2_ap_fixed_16_5_,ok,0,115,2026-10-01 19:56:51
ATTN_config_S8_D256_H32_HD16_G2_layer_norm_ROPEFalse_UHD4_ap_fixed_16_5_,ok,0,143,2026-10-01 19:56:55
ATTN_config_S8_D256_H32_HD16_G2_rms_norm_ROPEFalse_UHD4_ap_fixed_16_5_,ok,0,121,2026-10-01 19:56:58
ATTN_config_S8_D256_H32_HD16_G1_rms_norm_ROPETrue_UHD8_ap_fixed_16_5_,ok,0,148,2026-10-01 19:56:58
ATTN_config_S8_D256_H32_HD16_G2_layer_norm_ROPEFalse_UHD8_ap_fixed_16_5_,ok,0,145,2026-10-01 19:57:01
ATTN_config_S8_D256_H32_HD16_G2_rms_norm_ROPEFalse_UHD8_ap_fixed_16_5_,ok,0,122,2026-10-01 19:57:02
ATTN_config_S8_D256_H32_HD16_G2_rms_norm_ROPEFalse_UHD1_ap_fixed_16_5_,ok,0,128,2026-10-01 19:57:03
ATTN_config_S8_D256_H32_HD16_G2_layer_norm_ROPETrue_UHD4_ap_fixed_16_5_,ok,0,152,2026-10-01 19:57:12
ATTN_config_S8_D256_H32_HD16_G2_rms_norm_ROPETrue_UHD1_ap_fixed_16_5_,ok,0,131,2026-10-01 19:57:13
ATTN_config_S8_D256_H32_HD16_G2_layer_norm_ROPETrue_UHD1_ap_fixed_16_5_,ok,0,158,2026-10-01 19:57:15
ATTN_config_S8_D256_H32_HD16_G4_layer_norm_ROPEFalse_UHD1_ap_fixed_16_5_,ok,0,133,2026-10-01 19:57:20
ATTN_config_S8_D256_H32_HD16_G2_layer_norm_ROPETrue_UHD2_ap_fixed_16_5_,ok,0,165,2026-10-01 19:57:23
ATTN_config_S8_D256_H32_HD16_G4_rms_norm_ROPEFalse_UHD1_ap_fixed_16_5_,ok,0,115,2026-10-01 19:57:23
ATTN_config_S8_D256_H32_HD16_G4_rms_norm_ROPEFalse_UHD2_ap_fixed_16_5_,ok,0,116,2026-10-01 19:57:26
ATTN_config_S8_D256_H32_HD16_G2_rms_norm_ROPETrue_UHD4_ap_fixed_16_5_,ok,0,141,2026-10-01 19:57:27
ATTN_config_S8_D256_H32_HD16_G4_layer_norm_ROPEFalse_UHD2_ap_fixed_16_5_,ok,0,139,2026-10-01 19:57:28
ATTN_config_S8_D256_H32_HD16_G2_layer_norm_ROPETrue_UHD8_ap_fixed_16_5_,ok,0,166,2026-10-01 19:57:29
ATTN_config_S8_D256_H32_HD16_G2_rms_norm_ROPETrue_UHD8_ap_fixed_16_5_,ok,0,143,2026-10-01 19:57:29
ATTN_config_S8_D256_H32_HD16_G2_rms_norm_ROPETrue_UHD2_ap_fixed_16_5_,ok,0,147,2026-10-01 19:57:32
ATTN_config_S8_D256_H32_HD16_G4_layer_norm_ROPEFalse_UHD8_ap_fixed_16_5_,ok,0,142,2026-10-01 19:57:36
ATTN_config_S8_D256_H32_HD16_G4_layer_norm_ROPEFalse_UHD4_ap_fixed_16_5_,ok,0,149,2026-10-01 19:57:41
ATTN_config_S8_D256_H32_HD16_G4_rms_norm_ROPEFalse_UHD8_ap_fixed_16_5_,ok,0,126,2026-10-01 19:57:45
ATTN_config_S8_D256_H32_HD16_G4_rms_norm_ROPEFalse_UHD4_ap_fixed_16_5_,ok,0,129,2026-10-01 19:57:45
ATTN_config_S8_D256_H32_HD16_G4_layer_norm_ROPETrue_UHD1_ap_fixed_16_5_,ok,0,153,2026-10-01 19:57:51
ATTN_config_S8_D256_H32_HD16_G4_layer_norm_ROPETrue_UHD2_ap_fixed_16_5_,ok,0,151,2026-10-01 19:57:54
ATTN_config_S8_D256_H32_HD16_G4_layer_norm_ROPETrue_UHD4_ap_fixed_16_5_,ok,0,156,2026-10-01 19:58:01
ATTN_config_S8_D256_H32_HD32_G1_layer_norm_ROPEFalse_UHD1_ap_fixed_16_5_,ok,0,136,2026-10-01 19:58:10
ATTN_config_S8_D256_H32_HD16_G4_rms_norm_ROPETrue_UHD1_ap_fixed_16_5_,ok,0,144,2026-10-01 19:58:10
ATTN_config_S8_D256_H32_HD16_G4_rms_norm_ROPETrue_UHD4_ap_fixed_16_5_,ok,0,145,2026-10-01 19:58:14
ATTN_config_S8_D256_H32_HD32_G1_rms_norm_ROPEFalse_UHD1_ap_fixed_16_5_,ok,0,125,2026-10-01 19:58:15
ATTN_config_S8_D256_H32_HD16_G4_rms_norm_ROPETrue_UHD2_ap_fixed_16_5_,ok,0,154,2026-10-01 19:58:22
ATTN_config_S8_D256_H32_HD32_G1_layer_norm_ROPEFalse_UHD2_ap_fixed_16_5_,ok,0,148,2026-10-01 19:58:23
ATTN_config_S8_D256_H32_HD32_G1_rms_norm_ROPEFalse_UHD2_ap_fixed_16_5_,ok,0,125,2026-10-01 19:58:24
ATTN_config_S8_D256_H32_HD32_G1_rms_norm_ROPEFalse_UHD4_ap_fixed_16_5_,ok,0,122,2026-10-01 19:58:24
ATTN_config_S8_D256_H32_HD16_G4_rms_norm_ROPETrue_UHD8_ap_fixed_16_5_,ok,0,153,2026-10-01 19:58:28
ATTN_config_S8_D256_H32_HD16_G4_layer_norm_ROPETrue_UHD8_ap_fixed_16_5_,ok,0,181,2026-10-01 19:58:29
ATTN_config_S8_D256_H32_HD32_G1_layer_norm_ROPEFalse_UHD4_ap_fixed_16_5_,ok,0,151,2026-10-01 19:58:31
ATTN_config_S8_D256_H32_HD32_G1_layer_norm_ROPETrue_UHD1_ap_fixed_16_5_,ok,0,154,2026-10-01 19:58:35
ATTN_config_S8_D256_H32_HD32_G1_layer_norm_ROPEFalse_UHD8_ap_fixed_16_5_,ok,0,159,2026-10-01 19:58:39
ATTN_config_S8_D256_H32_HD32_G1_layer_norm_ROPETrue_UHD2_ap_fixed_16_5_,ok,0,159,2026-10-01 19:58:45
ATTN_config_S8_D256_H32_HD32_G1_rms_norm_ROPETrue_UHD1_ap_fixed_16_5_,ok,0,136,2026-10-01 19:58:57
ATTN_config_S8_D256_H32_HD32_G1_layer_norm_ROPETrue_UHD4_ap_fixed_16_5_,ok,0,171,2026-10-01 19:58:58
ATTN_config_S8_D256_H32_HD32_G1_rms_norm_ROPEFalse_UHD8_ap_fixed_16_5_,ok,0,147,2026-10-01 19:59:03
ATTN_config_S8_D256_H32_HD32_G1_rms_norm_ROPETrue_UHD4_ap_fixed_16_5_,ok,0,140,2026-10-01 19:59:05
ATTN_config_S8_D256_H32_HD32_G1_layer_norm_ROPETrue_UHD8_ap_fixed_16_5_,ok,0,178,2026-10-01 19:59:06
ATTN_config_S8_D256_H32_HD32_G2_layer_norm_ROPEFalse_UHD1_ap_fixed_16_5_,ok,0,141,2026-10-01 19:59:07
ATTN_config_S8_D256_H32_HD32_G2_rms_norm_ROPEFalse_UHD1_ap_fixed_16_5_,ok,0,122,2026-10-01 19:59:14
ATTN_config_S8_D256_H32_HD32_G1_rms_norm_ROPETrue_UHD8_ap_fixed_16_5_,ok,0,154,2026-10-01 19:59:20
ATTN_config_S8_D256_H32_HD32_G2_layer_norm_ROPEFalse_UHD2_ap_fixed_16_5_,ok,0,150,2026-10-01 19:59:21
ATTN_config_S8_D256_H32_HD32_G1_rms_norm_ROPETrue_UHD2_ap_fixed_16_5_,ok,0,158,2026-10-01 19:59:21
ATTN_config_S8_D256_H32_HD32_G2_rms_norm_ROPEFalse_UHD2_ap_fixed_16_5_,ok,0,132,2026-10-01 19:59:25
ATTN_config_S8_D256_H32_HD32_G2_rms_norm_ROPEFalse_UHD4_ap_fixed_16_5_,ok,0,130,2026-10-01 19:59:25
ATTN_config_S8_D256_H32_HD32_G2_layer_norm_ROPEFalse_UHD4_ap_fixed_16_5_,ok,0,157,2026-10-01 19:59:33
ATTN_config_S8_D256_H32_HD32_G2_rms_norm_ROPEFalse_UHD8_ap_fixed_16_5_,ok,0,139,2026-10-01 19:59:40
ATTN_config_S8_D256_H32_HD32_G2_layer_norm_ROPETrue_UHD1_ap_fixed_16_5_,ok,0,163,2026-10-01 19:59:41
ATTN_config_S8_D256_H32_HD32_G2_layer_norm_ROPEFalse_UHD8_ap_fixed_16_5_,ok,0,171,2026-10-01 19:59:49
ATTN_config_S8_D256_H32_HD32_G2_rms_norm_ROPETrue_UHD1_ap_fixed_16_5_,ok,0,146,2026-10-01 19:59:49
ATTN_config_S8_D256_H32_HD32_G2_layer_norm_ROPETrue_UHD4_ap_fixed_16_5_,ok,0,168,2026-10-01 19:59:50
ATTN_config_S8_D256_H32_HD32_G4_rms_norm_ROPEFalse_UHD1_ap_fixed_16_5_,ok,0,122,2026-10-01 19:59:52
ATTN_config_S8_D256_H32_HD32_G2_rms_norm_ROPETrue_UHD4_ap_fixed_16_5_,ok,0,149,2026-10-01 19:59:55
ATTN_config_S8_D256_H32_HD32_G2_rms_norm_ROPETrue_UHD2_ap_fixed_16_5_,ok,0,152,2026-10-01 19:59:55
ATTN_config_S8_D256_H32_HD32_G4_rms_norm_ROPEFalse_UHD2_ap_fixed_16_5_,ok,0,123,2026-10-01 19:59:57
ATTN_config_S8_D256_H32_HD32_G4_layer_norm_ROPEFalse_UHD1_ap_fixed_16_5_,ok,0,150,2026-10-01 19:59:58
ATTN_config_S8_D256_H32_HD32_G2_layer_norm_ROPETrue_UHD2_ap_fixed_16_5_,ok,0,178,2026-10-01 19:59:59
ATTN_config_S8_D256_H32_HD32_G2_rms_norm_ROPETrue_UHD8_ap_fixed_16_5_,ok,0,156,2026-10-01 20:00:03
ATTN_config_S8_D256_H32_HD32_G4_layer_norm_ROPEFalse_UHD8_ap_fixed_16_5_,ok,0,154,2026-10-01 20:00:07
ATTN_config_S8_D256_H32_HD32_G4_layer_norm_ROPEFalse_UHD2_ap_fixed_16_5_,ok,0,159,2026-10-01 20:00:08
ATTN_config_S8_D256_H32_HD32_G4_layer_norm_ROPEFalse_UHD4_ap_fixed_16_5_,ok,0,163,2026-10-01 20:00:12
ATTN_config_S8_D256_H32_HD32_G2_layer_norm_ROPETrue_UHD8_ap_fixed_16_5_,ok,0,190,2026-10-01 20:00:14
ATTN_config_S8_D256_H32_HD32_G4_layer_norm_ROPETrue_UHD1_ap_fixed_16_5_,ok,0,161,2026-10-01 20:00:18
ATTN_config_S8_D256_H32_HD32_G4_rms_norm_ROPEFalse_UHD4_ap_fixed_16_5_,ok,0,141,2026-10-01 20:00:22
ATTN_config_S8_D256_H32_HD32_G4_rms_norm_ROPEFalse_UHD8_ap_fixed_16_5_,ok,0,137,2026-10-01 20:00:27
ATTN_config_S8_D256_H32_HD32_G4_layer_norm_ROPETrue_UHD2_ap_fixed_16_5_,ok,0,171,2026-10-01 20:00:32
ATTN_config_S8_D256_H32_HD32_G4_layer_norm_ROPETrue_UHD4_ap_fixed_16_5_,ok,0,168,2026-10-01 20:00:33
ATTN_config_S8_D256_H32_HD32_G4_rms_norm_ROPETrue_UHD1_ap_fixed_16_5_,ok,0,150,2026-10-01 20:00:41
ATTN_config_S8_D256_H32_HD32_G4_rms_norm_ROPETrue_UHD4_ap_fixed_16_5_,ok,0,149,2026-10-01 20:00:44
ATTN_config_S8_D256_H32_HD32_G4_rms_norm_ROPETrue_UHD2_ap_fixed_16_5_,ok,0,151,2026-10-01 20:00:45
ATTN_config_S8_D256_H32_HD64_G1_layer_norm_ROPEFalse_UHD2_ap_fixed_16_5_,ok,0,145,2026-10-01 20:00:49
ATTN_config_S8_D256_H32_HD32_G4_layer_norm_ROPETrue_UHD8_ap_fixed_16_5_,ok,0,187,2026-10-01 20:00:52
ATTN_config_S8_D256_H32_HD64_G1_layer_norm_ROPEFalse_UHD1_ap_fixed_16_5_,ok,0,150,2026-10-01 20:00:52
ATTN_config_S8_D256_H32_HD64_G1_rms_norm_ROPEFalse_UHD1_ap_fixed_16_5_,ok,0,130,2026-10-01 20:00:55
ATTN_config_S8_D256_H32_HD64_G1_rms_norm_ROPEFalse_UHD2_ap_fixed_16_5_,ok,0,124,2026-10-01 20:01:00
ATTN_config_S8_D256_H32_HD64_G1_layer_norm_ROPEFalse_UHD4_ap_fixed_16_5_,ok,0,156,2026-10-01 20:01:01
ATTN_config_S8_D256_H32_HD32_G4_rms_norm_ROPETrue_UHD8_ap_fixed_16_5_,ok,0,162,2026-10-01 20:01:03
ATTN_config_S8_D256_H32_HD64_G1_layer_norm_ROPEFalse_UHD8_ap_fixed_16_5_,ok,0,161,2026-10-01 20:01:09
ATTN_config_S8_D256_H32_HD64_G1_rms_norm_ROPEFalse_UHD4_ap_fixed_16_5_,ok,0,133,2026-10-01 20:01:10
ATTN_config_S8_D256_H32_HD64_G1_layer_norm_ROPETrue_UHD1_ap_fixed_16_5_,ok,0,166,2026-10-01 20:01:14
ATTN_config_S8_D256_H32_HD64_G1_rms_norm_ROPEFalse_UHD8_ap_fixed_16_5_,ok,0,133,2026-10-01 20:01:16
ATTN_config_S8_D256_H32_HD64_G1_layer_norm_ROPETrue_UHD2_ap_fixed_16_5_,ok,0,171,2026-10-01 20:01:22
ATTN_config_S8_D256_H32_HD64_G1_layer_norm_ROPETrue_UHD8_ap_fixed_16_5_,ok,0,171,2026-10-01 20:01:30
ATTN_config_S8_D256_H32_HD64_G1_rms_norm_ROPETrue_UHD1_ap_fixed_16_5_,ok,0,146,2026-10-01 20:01:31
ATTN_config_S8_D256_H32_HD64_G1_rms_norm_ROPETrue_UHD2_ap_fixed_16_5_,ok,0,147,2026-10-01 20:01:33
ATTN_config_S8_D256_H32_HD64_G2_layer_norm_ROPEFalse_UHD2_ap_fixed_16_5_,ok,0,136,2026-10-01 20:01:37
ATTN_config_S8_D256_H32_HD64_G1_layer_norm_ROPETrue_UHD4_ap_fixed_16_5_,ok,0,183,2026-10-01 20:01:38
ATTN_config_S8_D256_H32_HD64_G2_layer_norm_ROPEFalse_UHD4_ap_fixed_16_5_,ok,0,140,2026-10-01 20:01:41
ATTN_config_S8_D256_H32_HD64_G1_rms_norm_ROPETrue_UHD4_ap_fixed_16_5_,ok,0,155,2026-10-01 20:01:42
ATTN_config_S8_D256_H32_HD64_G2_layer_norm_ROPEFalse_UHD1_ap_fixed_16_5_,ok,0,142,2026-10-01 20:01:42
ATTN_config_S8_D256_H32_HD64_G1_rms_norm_ROPETrue_UHD8_ap_fixed_16_5_,ok,0,149,2026-10-01 20:01:43
ATTN_config_S8_D256_H32_HD64_G2_rms_norm_ROPEFalse_UHD2_ap_fixed_16_5_,ok,0,120,2026-10-01 20:01:49
ATTN_config_S8_D256_H32_HD64_G2_rms_norm_ROPEFalse_UHD1_ap_fixed_16_5_,ok,0,123,2026-10-01 20:01:51
ATTN_config_S8_D256_H32_HD64_G2_rms_norm_ROPEFalse_UHD4_ap_fixed_16_5_,ok,0,124,2026-10-01 20:01:54
ATTN_config_S8_D256_H32_HD64_G2_layer_norm_ROPETrue_UHD1_ap_fixed_16_5_,ok,0,154,2026-10-01 20:01:59
ATTN_config_S8_D256_H32_HD64_G2_rms_norm_ROPEFalse_UHD8_ap_fixed_16_5_,ok,0,129,2026-10-01 20:02:02
ATTN_config_S8_D256_H32_HD64_G2_layer_norm_ROPEFalse_UHD8_ap_fixed_16_5_,ok,0,164,2026-10-01 20:02:09
ATTN_config_S8_D256_H32_HD64_G2_rms_norm_ROPETrue_UHD1_ap_fixed_16_5_,ok,0,138,2026-10-01 20:02:13
ATTN_config_S8_D256_H32_HD64_G2_rms_norm_ROPETrue_UHD2_ap_fixed_16_5_,ok,0,142,2026-10-01 20:02:18
ATTN_config_S8_D256_H32_HD64_G4_layer_norm_ROPEFalse_UHD2_ap_fixed_16_5_,ok,0,136,2026-10-01 20:02:19
ATTN_config_S8_D256_H32_HD64_G2_layer_norm_ROPETrue_UHD2_ap_fixed_16_5_,ok,0,170,2026-10-01 20:02:22
ATTN_config_S8_D256_H32_HD64_G2_rms_norm_ROPETrue_UHD4_ap_fixed_16_5_,ok,0,145,2026-10-01 20:02:22
ATTN_config_S8_D256_H32_HD64_G4_rms_norm_ROPEFalse_UHD1_ap_fixed_16_5_,ok,0,116,2026-10-01 20:02:23
ATTN_config_S8_D256_H32_HD64_G4_layer_norm_ROPEFalse_UHD1_ap_fixed_16_5_,ok,0,145,2026-10-01 20:02:24
ATTN_config_S8_D256_H32_HD64_G2_layer_norm_ROPETrue_UHD4_ap_fixed_16_5_,ok,0,165,2026-10-01 20:02:24
ATTN_config_S8_D256_H32_HD64_G4_layer_norm_ROPEFalse_UHD4_ap_fixed_16_5_,ok,0,138,2026-10-01 20:02:25
ATTN_config_S8_D256_H32_HD64_G4_rms_norm_ROPEFalse_UHD4_ap_fixed_16_5_,ok,0,116,2026-10-01 20:02:29
ATTN_config_S8_D256_H32_HD64_G4_layer_norm_ROPEFalse_UHD8_ap_fixed_16_5_,ok,0,144,2026-10-01 20:02:32
ATTN_config_S8_D256_H32_HD64_G4_rms_norm_ROPEFalse_UHD2_ap_fixed_16_5_,ok,0,122,2026-10-01 20:02:35
ATTN_config_S8_D256_H32_HD64_G2_rms_norm_ROPETrue_UHD8_ap_fixed_16_5_,ok,0,161,2026-10-01 20:02:39
ATTN_config_S8_D256_H32_HD64_G4_rms_norm_ROPEFalse_UHD8_ap_fixed_16_5_,ok,0,119,2026-10-01 20:02:40
ATTN_config_S8_D256_H32_HD64_G4_layer_norm_ROPETrue_UHD1_ap_fixed_16_5_,ok,0,149,2026-10-01 20:02:42
ATTN_config_S8_D256_H32_HD64_G4_layer_norm_ROPETrue_UHD2_ap_fixed_16_5_,ok,0,149,2026-10-01 20:02:43
ATTN_config_S8_D256_H32_HD64_G2_layer_norm_ROPETrue_UHD8_ap_fixed_16_5_,ok,0,183,2026-10-01 20:02:44
ATTN_config_S8_D256_H32_HD64_G4_layer_norm_ROPETrue_UHD4_ap_fixed_16_5_,ok,0,149,2026-10-01 20:02:47
ATTN_config_S8_D256_H8_HD16_G1_layer_norm_ROPEFalse_UHD1_ap_fixed_16_5_,ok,0,118,2026-10-01 20:02:51
ATTN_config_S8_D256_H8_HD16_G1_layer_norm_ROPEFalse_UHD2_ap_fixed_16_5_,ok,0,120,2026-10-01 20:02:55
ATTN_config_S8_D256_H32_HD64_G4_rms_norm_ROPETrue_UHD1_ap_fixed_16_5_,ok,0,132,2026-10-01 20:02:56
ATTN_config_S8_D256_H32_HD64_G4_rms_norm_ROPETrue_UHD2_ap_fixed_16_5_,ok,0,131,2026-10-01 20:02:56
ATTN_config_S8_D256_H32_HD64_G4_layer_norm_ROPETrue_UHD8_ap_fixed_16_5_,ok,0,154,2026-10-01 20:02:56
ATTN_config_S8_D256_H8_HD16_G1_rms_norm_ROPEFalse_UHD1_ap_fixed_16_5_,ok,0,104,2026-10-01 20:03:00
ATTN_config_S8_D256_H8_HD16_G1_layer_norm_ROPEFalse_UHD4_ap_fixed_16_5_,ok,0,122,2026-10-01 20:03:02
ATTN_config_S8_D256_H32_HD64_G4_rms_norm_ROPETrue_UHD4_ap_fixed_16_5_,ok,0,134,2026-10-01 20:03:03
ATTN_config_S8_D256_H8_HD16_G1_rms_norm_ROPEFalse_UHD2_ap_fixed_16_5_,ok,0,103,2026-10-01 20:03:05
ATTN_config_S8_D256_H8_HD16_G1_layer_norm_ROPEFalse_UHD8_ap_fixed_16_5_,ok,0,126,2026-10-01 20:03:06
ATTN_config_S8_D256_H32_HD64_G4_rms_norm_ROPETrue_UHD8_ap_fixed_16_5_,ok,0,138,2026-10-01 20:03:10
ATTN_config_S8_D256_H8_HD16_G1_rms_norm_ROPEFalse_UHD8_ap_fixed_16_5_,ok,0,102,2026-10-01 20:03:13
ATTN_config_S8_D256_H8_HD16_G1_rms_norm_ROPEFalse_UHD4_ap_fixed_16_5_,ok,0,107,2026-10-01 20:03:17
ATTN_config_S8_D256_H8_HD16_G1_layer_norm_ROPETrue_UHD2_ap_fixed_16_5_,ok,0,129,2026-10-01 20:03:18
ATTN_config_S8_D256_H8_HD16_G1_layer_norm_ROPETrue_UHD1_ap_fixed_16_5_,ok,0,136,2026-10-01 20:03:20
ATTN_config_S8_D256_H8_HD16_G2_layer_norm_ROPEFalse_UHD1_ap_fixed_16_5_,ok,0,111,2026-10-01 20:03:33
ATTN_config_S8_D256_H8_HD16_G1_rms_norm_ROPETrue_UHD2_ap_fixed_16_5_,ok,0,119,2026-10-01 20:03:36
ATTN_config_S8_D256_H8_HD16_G1_rms_norm_ROPETrue_UHD4_ap_fixed_16_5_,ok,0,119,2026-10-01 20:03:37
ATTN_config_S8_D256_H8_HD16_G1_rms_norm_ROPETrue_UHD1_ap_fixed_16_5_,ok,0,124,2026-10-01 20:03:38
ATTN_config_S8_D256_H8_HD16_G1_layer_norm_ROPETrue_UHD8_ap_fixed_16_5_,ok,0,145,2026-10-01 20:03:39
ATTN_config_S8_D256_H8_HD16_G2_layer_norm_ROPEFalse_UHD2_ap_fixed_16_5_,ok,0,121,2026-10-01 20:03:43
ATTN_config_S8_D256_H8_HD16_G1_layer_norm_ROPETrue_UHD4_ap_fixed_16_5_,ok,0,155,2026-10-01 20:03:45
ATTN_config_S8_D256_H8_HD16_G1_rms_norm_ROPETrue_UHD8_ap_fixed_16_5_,ok,0,127,2026-10-01 20:03:48
ATTN_config_S8_D256_H8_HD16_G2_layer_norm_ROPEFalse_UHD4_ap_fixed_16_5_,ok,0,125,2026-10-01 20:03:48
ATTN_config_S8_D256_H8_HD16_G2_rms_norm_ROPEFalse_UHD4_ap_fixed_16_5_,ok,0,98,2026-10-01 20:03:56
ATTN_config_S8_D256_H8_HD16_G2_layer_norm_ROPEFalse_UHD8_ap_fixed_16_5_,ok,0,129,2026-10-01 20:03:58
ATTN_config_S8_D256_H8_HD16_G2_rms_norm_ROPEFalse_UHD1_ap_fixed_16_5_,ok,0,109,2026-10-01 20:03:58
ATTN_config_S8_D256_H8_HD16_G2_rms_norm_ROPEFalse_UHD2_ap_fixed_16_5_,ok,0,108,2026-10-01 20:04:01
ATTN_config_S8_D256_H8_HD16_G2_layer_norm_ROPETrue_UHD1_ap_fixed_16_5_,ok,0,131,2026-10-01 20:04:03
ATTN_config_S8_D256_H8_HD16_G2_rms_norm_ROPEFalse_UHD8_ap_fixed_16_5_,ok,0,107,2026-10-01 20:04:06
ATTN_config_S8_D256_H8_HD16_G2_layer_norm_ROPETrue_UHD4_ap_fixed_16_5_,ok,0,134,2026-10-01 20:04:14
ATTN_config_S8_D256_H8_HD16_G2_layer_norm_ROPETrue_UHD2_ap_fixed_16_5_,ok,0,142,2026-10-01 20:04:15
ATTN_config_S8_D256_H8_HD16_G2_rms_norm_ROPETrue_UHD2_ap_fixed_16_5_,ok,0,123,2026-10-01 20:04:26
ATTN_config_S8_D256_H8_HD16_G4_layer_norm_ROPEFalse_UHD2_ap_fixed_16_5_,ok,0,121,2026-10-01 20:04:26
ATTN_config_S8_D256_H8_HD16_G2_layer_norm_ROPETrue_UHD8_ap_fixed_16_5_,ok,0,144,2026-10-01 20:04:26
ATTN_config_S8_D256_H8_HD16_G2_rms_norm_ROPETrue_UHD1_ap_fixed_16_5_,ok,0,129,2026-10-01 20:04:32
ATTN_config_S8_D256_H8_HD16_G4_layer_norm_ROPEFalse_UHD1_ap_fixed_16_5_,ok,0,129,2026-10-01 20:04:33
ATTN_config_S8_D256_H8_HD16_G4_rms_norm_ROPEFalse_UHD1_ap_fixed_16_5_,ok,0,114,2026-10-01 20:04:37
ATTN_config_S8_D256_H8_HD16_G2_rms_norm_ROPETrue_UHD4_ap_fixed_16_5_,ok,0,136,2026-10-01 20:04:39
ATTN_config_S8_D256_H8_HD16_G4_rms_norm_ROPEFalse_UHD2_ap_fixed_16_5_,ok,0,117,2026-10-01 20:04:41
ATTN_config_S8_D256_H8_HD16_G2_rms_norm_ROPETrue_UHD8_ap_fixed_16_5_,ok,0,137,2026-10-01 20:04:41
ATTN_config_S8_D256_H8_HD16_G4_layer_norm_ROPEFalse_UHD4_ap_fixed_16_5_,ok,0,135,2026-10-01 20:04:44
ATTN_config_S8_D256_H8_HD16_G4_rms_norm_ROPEFalse_UHD8_ap_fixed_16_5_,ok,0,119,2026-10-01 20:04:50
ATTN_config_S8_D256_H8_HD16_G4_rms_norm_ROPEFalse_UHD4_ap_fixed_16_5_,ok,0,123,2026-10-01 20:04:50
ATTN_config_S8_D256_H8_HD16_G4_layer_norm_ROPEFalse_UHD8_ap_fixed_16_5_,ok,0,146,2026-10-01 20:04:57
ATTN_config_S8_D256_H8_HD16_G4_rms_norm_ROPETrue_UHD2_ap_fixed_16_5_,ok,0,129,2026-10-01 20:05:05
ATTN_config_S8_D256_H8_HD32_G1_layer_norm_ROPEFalse_UHD1_ap_fixed_16_5_,ok,0,126,2026-10-01 20:05:06
ATTN_config_S8_D256_H8_HD16_G4_rms_norm_ROPETrue_UHD4_ap_fixed_16_5_,ok,0,130,2026-10-01 20:05:07
ATTN_config_S8_D256_H8_HD16_G4_layer_norm_ROPETrue_UHD1_ap_fixed_16_5_,ok,0,153,2026-10-01 20:05:07
ATTN_config_S8_D256_H8_HD32_G1_layer_norm_ROPEFalse_UHD2_ap_fixed_16_5_,ok,0,129,2026-10-01 20:05:11
ATTN_config_S8_D256_H8_HD32_G1_layer_norm_ROPEFalse_UHD4_ap_fixed_16_5_,ok,0,129,2026-10-01 20:05:12
ATTN_config_S8_D256_H8_HD16_G4_layer_norm_ROPETrue_UHD4_ap_fixed_16_5_,ok,0,153,2026-10-01 20:05:12
ATTN_config_S8_D256_H8_HD16_G4_rms_norm_ROPETrue_UHD8_ap_fixed_16_5_,ok,0,139,2026-10-01 20:05:15
ATTN_config_S8_D256_H8_HD16_G4_rms_norm_ROPETrue_UHD1_ap_fixed_16_5_,ok,0,140,2026-10-01 20:05:15
ATTN_config_S8_D256_H8_HD16_G4_layer_norm_ROPETrue_UHD2_ap_fixed_16_5_,ok,0,157,2026-10-01 20:05:16
ATTN_config_S8_D256_H8_HD16_G4_layer_norm_ROPETrue_UHD8_ap_fixed_16_5_,ok,0,155,2026-10-01 20:05:17
ATTN_config_S8_D256_H8_HD32_G1_rms_norm_ROPEFalse_UHD1_ap_fixed_16_5_,ok,0,121,2026-10-01 20:05:19
ATTN_config_S8_D256_H8_HD32_G1_rms_norm_ROPEFalse_UHD2_ap_fixed_16_5_,ok,0,121,2026-10-01 20:05:21
ATTN_config_S8_D256_H8_HD32_G1_layer_norm_ROPEFalse_UHD8_ap_fixed_16_5_,ok,0,137,2026-10-01 20:05:22
ATTN_config_S8_D256_H8_HD32_G1_rms_norm_ROPEFalse_UHD8_ap_fixed_16_5_,ok,0,113,2026-10-01 20:05:29
ATTN_config_S8_D256_H8_HD32_G1_layer_norm_ROPETrue_UHD1_ap_fixed_16_5_,ok,0,143,2026-10-01 20:05:29
ATTN_config_S8_D256_H8_HD32_G1_layer_norm_ROPETrue_UHD2_ap_fixed_16_5_,ok,0,141,2026-10-01 20:05:32
ATTN_config_S8_D256_H8_HD32_G1_rms_norm_ROPETrue_UHD1_ap_fixed_16_5_,ok,0,120,2026-10-01 20:05:37
ATTN_config_S8_D256_H8_HD32_G1_rms_norm_ROPEFalse_UHD4_ap_fixed_16_5_,ok,0,127,2026-10-01 20:05:40
ATTN_config_S8_D256_H8_HD32_G1_layer_norm_ROPETrue_UHD8_ap_fixed_16_5_,ok,0,144,2026-10-01 20:05:41
ATTN_config_S8_D256_H8_HD32_G2_rms_norm_ROPEFalse_UHD1_ap_fixed_16_5_,ok,0,99,2026-10-01 20:05:45
ATTN_config_S8_D256_H8_HD32_G2_layer_norm_ROPEFalse_UHD2_ap_fixed_16_5_,ok,0,119,2026-10-01 20:05:46
ATTN_config_S8_D256_H8_HD32_G1_layer_norm_ROPETrue_UHD4_ap_fixed_16_5_,ok,0,154,2026-10-01 20:05:47
ATTN_config_S8_D256_H8_HD32_G2_layer_norm_ROPEFalse_UHD1_ap_fixed_16_5_,ok,0,131,2026-10-01 20:05:57
ATTN_config_S8_D256_H8_HD32_G2_rms_norm_ROPEFalse_UHD4_ap_fixed_16_5_,ok,0,102,2026-10-01 20:05:57
ATTN_config_S8_D256_H8_HD32_G2_layer_norm_ROPEFalse_UHD8_ap_fixed_16_5_,ok,0,123,2026-10-01 20:05:58
ATTN_config_S8_D256_H8_HD32_G2_layer_norm_ROPEFalse_UHD4_ap_fixed_16_5_,ok,0,132,2026-10-01 20:06:01
ATTN_config_S8_D256_H8_HD32_G1_rms_norm_ROPETrue_UHD2_ap_fixed_16_5_,ok,0,144,2026-10-01 20:06:02
ATTN_config_S8_D256_H8_HD32_G1_rms_norm_ROPETrue_UHD8_ap_fixed_16_5_,ok,0,139,2026-10-01 20:06:03
ATTN_config_S8_D256_H8_HD32_G2_layer_norm_ROPETrue_UHD2_ap_fixed_16_5_,ok,0,130,2026-10-01 20:06:08
ATTN_config_S8_D256_H8_HD32_G1_rms_norm_ROPETrue_UHD4_ap_fixed_16_5_,ok,0,151,2026-10-01 20:06:10
ATTN_config_S8_D256_H8_HD32_G2_layer_norm_ROPETrue_UHD4_ap_fixed_16_5_,ok,0,132,2026-10-01 20:06:12
ATTN_config_S8_D256_H8_HD32_G2_rms_norm_ROPEFalse_UHD2_ap_fixed_16_5_,ok,0,122,2026-10-01 20:06:15
ATTN_config_S8_D256_H8_HD32_G2_rms_norm_ROPETrue_UHD1_ap_fixed_16_5_,ok,0,116,2026-10-01 20:06:22
ATTN_config_S8_D256_H8_HD32_G2_layer_norm_ROPETrue_UHD1_ap_fixed_16_5_,ok,0,146,2026-10-01 20:06:24
ATTN_config_S8_D256_H8_HD32_G2_rms_norm_ROPETrue_UHD2_ap_fixed_16_5_,ok,0,121,2026-10-01 20:06:27
ATTN_config_S8_D256_H8_HD32_G2_rms_norm_ROPEFalse_UHD8_ap_fixed_16_5_,ok,0,123,2026-10-01 20:06:29
ATTN_config_S8_D256_H8_HD32_G2_layer_norm_ROPETrue_UHD8_ap_fixed_16_5_,ok,0,153,2026-10-01 20:06:35
ATTN_config_S8_D256_H8_HD32_G4_layer_norm_ROPEFalse_UHD4_ap_fixed_16_5_,ok,0,116,2026-10-01 20:06:37
ATTN_config_S8_D256_H8_HD32_G4_layer_norm_ROPEFalse_UHD1_ap_fixed_16_5_,ok,0,123,2026-10-01 20:06:41
ATTN_config_S8_D256_H8_HD32_G2_rms_norm_ROPETrue_UHD8_ap_fixed_16_5_,ok,0,127,2026-10-01 20:06:41
ATTN_config_S8_D256_H8_HD32_G4_layer_norm_ROPEFalse_UHD2_ap_fixed_16_5_,ok,0,125,2026-10-01 20:06:44
ATTN_config_S8_D256_H8_HD32_G2_rms_norm_ROPETrue_UHD4_ap_fixed_16_5_,ok,0,140,2026-10-01 20:06:51
ATTN_config_S8_D256_H8_HD32_G4_layer_norm_ROPEFalse_UHD8_ap_fixed_16_5_,ok,0,131,2026-10-01 20:06:52
ATTN_config_S8_D256_H8_HD32_G4_rms_norm_ROPEFalse_UHD2_ap_fixed_16_5_,ok,0,106,2026-10-01 20:06:52
ATTN_config_S8_D256_H8_HD32_G4_rms_norm_ROPEFalse_UHD1_ap_fixed_16_5_,ok,0,109,2026-10-01 20:06:53
ATTN_config_S8_D256_H8_HD32_G4_rms_norm_ROPEFalse_UHD4_ap_fixed_16_5_,ok,0,109,2026-10-01 20:06:56
ATTN_config_S8_D256_H8_HD32_G4_layer_norm_ROPETrue_UHD2_ap_fixed_16_5_,ok,0,133,2026-10-01 20:07:03
ATTN_config_S8_D256_H8_HD32_G4_layer_norm_ROPETrue_UHD1_ap_fixed_16_5_,ok,0,139,2026-10-01 20:07:03
ATTN_config_S8_D256_H8_HD32_G4_rms_norm_ROPEFalse_UHD8_ap_fixed_16_5_,ok,0,119,2026-10-01 20:07:06
ATTN_config_S8_D256_H8_HD32_G4_layer_norm_ROPETrue_UHD4_ap_fixed_16_5_,ok,0,140,2026-10-01 20:07:10
ATTN_config_S8_D256_H8_HD64_G1_rms_norm_ROPEFalse_UHD1_ap_fixed_16_5_,ok,0,104,2026-10-01 20:07:16
ATTN_config_S8_D256_H8_HD32_G4_rms_norm_ROPETrue_UHD4_ap_fixed_16_5_,ok,0,126,2026-10-01 20:07:18
ATTN_config_S8_D256_H8_HD32_G4_layer_norm_ROPETrue_UHD8_ap_fixed_16_5_,ok,0,141,2026-10-01 20:07:18
ATTN_config_S8_D256_H8_HD64_G1_rms_norm_ROPEFalse_UHD2_ap_fixed_16_5_,ok,0,104,2026-10-01 20:07:21
ATTN_config_S8_D256_H8_HD32_G4_rms_norm_ROPETrue_UHD2_ap_fixed_16_5_,ok,0,133,2026-10-01 20:07:25
ATTN_config_S8_D256_H8_HD32_G4_rms_norm_ROPETrue_UHD1_ap_fixed_16_5_,ok,0,135,2026-10-01 20:07:26
ATTN_config_S8_D256_H8_HD64_G1_layer_norm_ROPEFalse_UHD1_ap_fixed_16_5_,ok,0,135,2026-10-01 20:07:30
ATTN_config_S8_D256_H8_HD64_G1_layer_norm_ROPEFalse_UHD2_ap_fixed_16_5_,ok,0,135,2026-10-01 20:07:31
ATTN_config_S8_D256_H8_HD64_G1_layer_norm_ROPEFalse_UHD4_ap_fixed_16_5_,ok,0,136,2026-10-01 20:07:33
ATTN_config_S8_D256_H8_HD64_G1_rms_norm_ROPEFalse_UHD4_ap_fixed_16_5_,ok,0,115,2026-10-01 20:07:35
ATTN_config_S8_D256_H8_HD64_G1_rms_norm_ROPEFalse_UHD8_ap_fixed_16_5_,ok,0,117,2026-10-01 20:07:39
ATTN_config_S8_D256_H8_HD64_G1_layer_norm_ROPEFalse_UHD8_ap_fixed_16_5_,ok,0,143,2026-10-01 20:07:42
ATTN_config_S8_D256_H8_HD32_G4_rms_norm_ROPETrue_UHD8_ap_fixed_16_5_,ok,0,148,2026-10-01 20:07:43
ATTN_config_S8_D256_H8_HD64_G1_layer_norm_ROPETrue_UHD2_ap_fixed_16_5_,ok,0,141,2026-10-01 20:07:43
ATTN_config_S8_D256_H8_HD64_G1_layer_norm_ROPETrue_UHD1_ap_fixed_16_5_,ok,0,143,2026-10-01 20:07:43
ATTN_config_S8_D256_H8_HD64_G1_rms_norm_ROPETrue_UHD1_ap_fixed_16_5_,ok,0,121,2026-10-01 20:07:46
ATTN_config_S8_D256_H8_HD64_G1_rms_norm_ROPETrue_UHD2_ap_fixed_16_5_,ok,0,123,2026-10-01 20:07:50
ATTN_config_S8_D256_H8_HD64_G1_layer_norm_ROPETrue_UHD4_ap_fixed_16_5_,ok,0,142,2026-10-01 20:07:52
ATTN_config_S8_D256_H8_HD64_G1_rms_norm_ROPETrue_UHD4_ap_fixed_16_5_,ok,0,128,2026-10-01 20:07:55
ATTN_config_S8_D256_H8_HD64_G2_layer_norm_ROPEFalse_UHD1_ap_fixed_16_5_,ok,0,120,2026-10-01 20:07:57
ATTN_config_S8_D256_H8_HD64_G2_rms_norm_ROPEFalse_UHD1_ap_fixed_16_5_,ok,0,110,2026-10-01 20:08:05
ATTN_config_S8_D256_H8_HD64_G1_layer_norm_ROPETrue_UHD8_ap_fixed_16_5_,ok,0,156,2026-10-01 20:08:06
ATTN_config_S8_D256_H8_HD64_G2_layer_norm_ROPEFalse_UHD2_ap_fixed_16_5_,ok,0,128,2026-10-01 20:08:06
ATTN_config_S8_D256_H8_HD64_G2_layer_norm_ROPEFalse_UHD4_ap_fixed_16_5_,ok,0,127,2026-10-01 20:08:08
ATTN_config_S8_D256_H8_HD64_G2_layer_norm_ROPEFalse_UHD8_ap_fixed_16_5_,ok,0,127,2026-10-01 20:08:08
ATTN_config_S8_D256_H8_HD64_G2_rms_norm_ROPEFalse_UHD2_ap_fixed_16_5_,ok,0,107,2026-10-01 20:08:09
ATTN_config_S8_D256_H8_HD64_G1_rms_norm_ROPETrue_UHD8_ap_fixed_16_5_,ok,0,134,2026-10-01 20:08:11
ATTN_config_S8_D256_H8_HD64_G2_rms_norm_ROPEFalse_UHD4_ap_fixed_16_5_,ok,0,111,2026-10-01 20:08:16
ATTN_config_S8_D256_H8_HD64_G2_rms_norm_ROPEFalse_UHD8_ap_fixed_16_5_,ok,0,116,2026-10-01 20:08:22
ATTN_config_S8_D256_H8_HD64_G2_layer_norm_ROPETrue_UHD1_ap_fixed_16_5_,ok,0,147,2026-10-01 20:08:29
ATTN_config_S8_D256_H8_HD64_G2_rms_norm_ROPETrue_UHD1_ap_fixed_16_5_,ok,0,123,2026-10-01 20:08:32
ATTN_config_S8_D256_H8_HD64_G2_layer_norm_ROPETrue_UHD2_ap_fixed_16_5_,ok,0,145,2026-10-01 20:08:33
ATTN_config_S8_D256_H8_HD64_G2_layer_norm_ROPETrue_UHD4_ap_fixed_16_5_,ok,0,150,2026-10-01 20:08:40
ATTN_config_S8_D256_H8_HD64_G2_rms_norm_ROPETrue_UHD2_ap_fixed_16_5_,ok,0,129,2026-10-01 20:08:44
ATTN_config_S8_D256_H8_HD64_G4_layer_norm_ROPEFalse_UHD2_ap_fixed_16_5_,ok,0,121,2026-10-01 20:08:45
ATTN_config_S8_D256_H8_HD64_G4_layer_norm_ROPEFalse_UHD1_ap_fixed_16_5_,ok,0,124,2026-10-01 20:08:45
ATTN_config_S8_D256_H8_HD64_G4_rms_norm_ROPEFalse_UHD1_ap_fixed_16_5_,ok,0,102,2026-10-01 20:08:45
ATTN_config_S8_D256_H8_HD64_G2_layer_norm_ROPETrue_UHD8_ap_fixed_16_5_,ok,0,154,2026-10-01 20:08:46
ATTN_config_S8_D256_H8_HD64_G2_rms_norm_ROPETrue_UHD4_ap_fixed_16_5_,ok,0,132,2026-10-01 20:08:49
ATTN_config_S8_D256_H8_HD64_G4_rms_norm_ROPEFalse_UHD2_ap_fixed_16_5_,ok,0,105,2026-10-01 20:08:50
ATTN_config_S8_D256_H8_HD64_G4_layer_norm_ROPEFalse_UHD4_ap_fixed_16_5_,ok,0,125,2026-10-01 20:08:57
ATTN_config_S8_D256_H8_HD64_G4_rms_norm_ROPEFalse_UHD4_ap_fixed_16_5_,ok,0,108,2026-10-01 20:08:59
ATTN_config_S8_D256_H8_HD64_G2_rms_norm_ROPETrue_UHD8_ap_fixed_16_5_,ok,0,138,2026-10-01 20:08:59
ATTN_config_S8_D256_H8_HD64_G4_layer_norm_ROPEFalse_UHD8_ap_fixed_16_5_,ok,0,133,2026-10-01 20:09:05
ATTN_config_S8_D256_H8_HD64_G4_layer_norm_ROPETrue_UHD1_ap_fixed_16_5_,ok,0,136,2026-10-01 20:09:08
ATTN_config_S8_D256_H8_HD64_G4_layer_norm_ROPETrue_UHD2_ap_fixed_16_5_,ok,0,135,2026-10-01 20:09:09
ATTN_config_S8_D256_H8_HD64_G4_rms_norm_ROPEFalse_UHD8_ap_fixed_16_5_,ok,0,113,2026-10-01 20:09:09
ATTN_config_S8_D256_H8_HD64_G4_layer_norm_ROPETrue_UHD8_ap_fixed_16_5_,ok,0,144,2026-10-01 20:09:27
ATTN_config_S8_D256_H8_HD64_G4_rms_norm_ROPETrue_UHD1_ap_fixed_16_5_,ok,0,129,2026-10-01 20:09:27
ATTN_config_S8_D512_H16_HD16_G1_layer_norm_ROPEFalse_UHD1_ap_fixed_16_5_,ok,0,122,2026-10-01 20:09:28
ATTN_config_S8_D256_H8_HD64_G4_rms_norm_ROPETrue_UHD2_ap_fixed_16_5_,ok,0,131,2026-10-01 20:09:29
ATTN_config_S8_D512_H16_HD16_G1_rms_norm_ROPEFalse_UHD2_ap_fixed_16_5_,ok,0,109,2026-10-01 20:09:33
ATTN_config_S8_D512_H16_HD16_G1_layer_norm_ROPEFalse_UHD2_ap_fixed_16_5_,ok,0,123,2026-10-01 20:09:33
ATTN_config_S8_D256_H8_HD64_G4_layer_norm_ROPETrue_UHD4_ap_fixed_16_5_,ok,0,159,2026-10-01 20:09:35
ATTN_config_S8_D256_H8_HD64_G4_rms_norm_ROPETrue_UHD4_ap_fixed_16_5_,ok,0,136,2026-10-01 20:09:37
ATTN_config_S8_D512_H16_HD16_G1_rms_norm_ROPEFalse_UHD1_ap_fixed_16_5_,ok,0,114,2026-10-01 20:09:37
ATTN_config_S8_D256_H8_HD64_G4_rms_norm_ROPETrue_UHD8_ap_fixed_16_5_,ok,0,134,2026-10-01 20:09:38
ATTN_config_S8_D512_H16_HD16_G1_layer_norm_ROPEFalse_UHD4_ap_fixed_16_5_,ok,0,129,2026-10-01 20:09:40
ATTN_config_S8_D512_H16_HD16_G1_rms_norm_ROPEFalse_UHD4_ap_fixed_16_5_,ok,0,118,2026-10-01 20:09:44
ATTN_config_S8_D512_H16_HD16_G1_rms_norm_ROPEFalse_UHD8_ap_fixed_16_5_,ok,0,116,2026-10-01 20:09:45
ATTN_config_S8_D512_H16_HD16_G1_layer_norm_ROPEFalse_UHD8_ap_fixed_16_5_,ok,0,138,2026-10-01 20:09:51
ATTN_config_S8_D512_H16_HD16_G1_layer_norm_ROPETrue_UHD2_ap_fixed_16_5_,ok,0,141,2026-10-01 20:10:00
ATTN_config_S8_D512_H16_HD16_G1_layer_norm_ROPETrue_UHD1_ap_fixed_16_5_,ok,0,149,2026-10-01 20:10:05
ATTN_config_S8_D512_H16_HD16_G1_rms_norm_ROPETrue_UHD1_ap_fixed_16_5_,ok,0,134,2026-10-01 20:10:06
ATTN_config_S8_D512_H16_HD16_G1_rms_norm_ROPETrue_UHD2_ap_fixed_16_5_,ok,0,133,2026-10-01 20:10:08
ATTN_config_S8_D512_H16_HD16_G2_layer_norm_ROPEFalse_UHD2_ap_fixed_16_5_,ok,0,126,2026-10-01 20:10:12
ATTN_config_S8_D512_H16_HD16_G1_layer_norm_ROPETrue_UHD8_ap_fixed_16_5_,ok,0,150,2026-10-01 20:10:13
ATTN_config_S8_D512_H16_HD16_G2_layer_norm_ROPEFalse_UHD4_ap_fixed_16_5_,ok,0,125,2026-10-01 20:10:13
ATTN_config_S8_D512_H16_HD16_G1_rms_norm_ROPETrue_UHD4_ap_fixed_16_5_,ok,0,137,2026-10-01 20:10:14
ATTN_config_S8_D512_H16_HD16_G1_rms_norm_ROPETrue_UHD8_ap_fixed_16_5_,ok,0,129,2026-10-01 20:10:14
ATTN_config_S8_D512_H16_HD16_G2_layer_norm_ROPEFalse_UHD1_ap_fixed_16_5_,ok,0,129,2026-10-01 20:10:15
ATTN_config_S8_D512_H16_HD16_G1_layer_norm_ROPETrue_UHD4_ap_fixed_16_5_,ok,0,153,2026-10-01 20:10:15
ATTN_config_S8_D512_H16_HD16_G2_layer_norm_ROPEFalse_UHD8_ap_fixed_16_5_,ok,0,135,2026-10-01 20:10:24
ATTN_config_S8_D512_H16_HD16_G2_rms_norm_ROPEFalse_UHD2_ap_fixed_16_5_,ok,0,117,2026-10-01 20:10:29
ATTN_config_S8_D512_H16_HD16_G2_rms_norm_ROPEFalse_UHD1_ap_fixed_16_5_,ok,0,120,2026-10-01 20:10:29
ATTN_config_S8_D512_H16_HD16_G2_layer_norm_ROPETrue_UHD2_ap_fixed_16_5_,ok,0,142,2026-10-01 20:10:33
ATTN_config_S8_D512_H16_HD16_G2_rms_norm_ROPEFalse_UHD4_ap_fixed_16_5_,ok,0,121,2026-10-01 20:10:34
ATTN_config_S8_D512_H16_HD16_G2_layer_norm_ROPETrue_UHD1_ap_fixed_16_5_,ok,0,146,2026-10-01 20:10:36
ATTN_config_S8_D512_H16_HD16_G2_rms_norm_ROPEFalse_UHD8_ap_fixed_16_5_,ok,0,122,2026-10-01 20:10:42
ATTN_config_S8_D512_H16_HD16_G2_rms_norm_ROPETrue_UHD1_ap_fixed_16_5_,ok,0,119,2026-10-01 20:10:43
ATTN_config_S8_D512_H16_HD16_G2_rms_norm_ROPETrue_UHD2_ap_fixed_16_5_,ok,0,119,2026-10-01 20:10:43
ATTN_config_S8_D512_H16_HD16_G4_rms_norm_ROPEFalse_UHD2_ap_fixed_16_5_,ok,0,98,2026-10-01 20:10:47
ATTN_config_S8_D512_H16_HD16_G2_rms_norm_ROPETrue_UHD8_ap_fixed_16_5_,ok,0,124,2026-10-01 20:10:49
ATTN_config_S8_D512_H16_HD16_G2_rms_norm_ROPETrue_UHD4_ap_fixed_16_5_,ok,0,125,2026-10-01 20:10:50
ATTN_config_S8_D512_H16_HD16_G2_layer_norm_ROPETrue_UHD4_ap_fixed_16_5_,ok,0,155,2026-10-01 20:10:50
ATTN_config_S8_D512_H16_HD16_G4_rms_norm_ROPEFalse_UHD1_ap_fixed_16_5_,ok,0,103,2026-10-01 20:10:52
ATTN_config_S8_D512_H16_HD16_G4_layer_norm_ROPEFalse_UHD1_ap_fixed_16_5_,ok,0,126,2026-10-01 20:10:52
ATTN_config_S8_D512_H16_HD16_G4_layer_norm_ROPEFalse_UHD4_ap_fixed_16_5_,ok,0,127,2026-10-01 20:10:57
ATTN_config_S8_D512_H16_HD16_G2_layer_norm_ROPETrue_UHD8_ap_fixed_16_5_,ok,0,157,2026-10-01 20:10:59
ATTN_config_S8_D512_H16_HD16_G4_layer_norm_ROPEFalse_UHD2_ap_fixed_16_5_,ok,0,131,2026-10-01 20:11:00
ATTN_config_S8_D512_H16_HD16_G4_layer_norm_ROPETrue_UHD2_ap_fixed_16_5_,ok,0,128,2026-10-01 20:11:07
ATTN_config_S8_D512_H16_HD16_G4_layer_norm_ROPEFalse_UHD8_ap_fixed_16_5_,ok,0,131,2026-10-01 20:11:07
ATTN_config_S8_D512_H16_HD16_G4_rms_norm_ROPETrue_UHD1_ap_fixed_16_5_,ok,0,108,2026-10-01 20:11:16
ATTN_config_S8_D512_H16_HD16_G4_rms_norm_ROPEFalse_UHD4_ap_fixed_16_5_,ok,0,111,2026-10-01 20:11:19
ATTN_config_S8_D512_H16_HD16_G4_layer_norm_ROPETrue_UHD1_ap_fixed_16_5_,ok,0,146,2026-10-01 20:11:25
ATTN_config_S8_D512_H16_HD16_G4_rms_norm_ROPETrue_UHD4_ap_fixed_16_5_,ok,0,114,2026-10-01 20:11:27
ATTN_config_S8_D512_H16_HD32_G1_layer_norm_ROPEFalse_UHD1_ap_fixed_16_5_,ok,0,113,2026-10-01 20:11:29
ATTN_config_S8_D512_H16_HD16_G4_rms_norm_ROPEFalse_UHD8_ap_fixed_16_5_,ok,0,122,2026-10-01 20:11:30
ATTN_config_S8_D512_H16_HD32_G1_layer_norm_ROPEFalse_UHD4_ap_fixed_16_5_,ok,0,113,2026-10-01 20:11:31
ATTN_config_S8_D512_H16_HD32_G1_layer_norm_ROPEFalse_UHD8_ap_fixed_16_5_,ok,0,117,2026-10-01 20:11:36
ATTN_config_S8_D512_H16_HD16_G4_layer_norm_ROPETrue_UHD4_ap_fixed_16_5_,ok,0,151,2026-10-01 20:11:36
ATTN_config_S8_D512_H16_HD32_G1_layer_norm_ROPEFalse_UHD2_ap_fixed_16_5_,ok,0,123,2026-10-01 20:11:40
ATTN_config_S8_D512_H16_HD16_G4_rms_norm_ROPETrue_UHD2_ap_fixed_16_5_,ok,0,132,2026-10-01 20:11:41
ATTN_config_S8_D512_H16_HD32_G1_rms_norm_ROPEFalse_UHD1_ap_fixed_16_5_,ok,0,102,2026-10-01 20:11:42
ATTN_config_S8_D512_H16_HD16_G4_layer_norm_ROPETrue_UHD8_ap_fixed_16_5_,ok,0,155,2026-10-01 20:11:42
ATTN_config_S8_D512_H16_HD32_G1_rms_norm_ROPEFalse_UHD2_ap_fixed_16_5_,ok,0,101,2026-10-01 20:11:46
ATTN_config_S8_D512_H16_HD16_G4_rms_norm_ROPETrue_UHD8_ap_fixed_16_5_,ok,0,134,2026-10-01 20:11:46
ATTN_config_S8_D512_H16_HD32_G1_layer_norm_ROPETrue_UHD2_ap_fixed_16_5_,ok,0,127,2026-10-01 20:11:51
ATTN_config_S8_D512_H16_HD32_G1_rms_norm_ROPEFalse_UHD4_ap_fixed_16_5_,ok,0,108,2026-10-01 20:11:54
ATTN_config_S8_D512_H16_HD32_G1_rms_norm_ROPEFalse_UHD8_ap_fixed_16_5_,ok,0,112,2026-10-01 20:12:00
ATTN_config_S8_D512_H16_HD32_G1_layer_norm_ROPETrue_UHD1_ap_fixed_16_5_,ok,0,141,2026-10-01 20:12:01
ATTN_config_S8_D512_H16_HD32_G1_rms_norm_ROPETrue_UHD1_ap_fixed_16_5_,ok,0,120,2026-10-01 20:12:12
ATTN_config_S8_D512_H16_HD32_G1_layer_norm_ROPETrue_UHD4_ap_fixed_16_5_,ok,0,147,2026-10-01 20:12:12
ATTN_config_S8_D512_H16_HD32_G2_layer_norm_ROPEFalse_UHD4_ap_fixed_16_5_,ok,0,121,2026-10-01 20:12:17
ATTN_config_S8_D512_H16_HD32_G1_rms_norm_ROPETrue_UHD2_ap_fixed_16_5_,ok,0,125,2026-10-01 20:12:17
ATTN_config_S8_D512_H16_HD32_G2_layer_norm_ROPEFalse_UHD1_ap_fixed_16_5_,ok,0,126,2026-10-01 20:12:20
ATTN_config_S8_D512_H16_HD32_G2_rms_norm_ROPEFalse_UHD1_ap_fixed_16_5_,ok,0,105,2026-10-01 20:12:21
ATTN_config_S8_D512_H16_HD32_G2_layer_norm_ROPEFalse_UHD2_ap_fixed_16_5_,ok,0,127,2026-10-01 20:12:22
ATTN_config_S8_D512_H16_HD32_G2_layer_norm_ROPEFalse_UHD8_ap_fixed_16_5_,ok,0,125,2026-10-01 20:12:29
ATTN_config_S8_D512_H16_HD32_G1_rms_norm_ROPETrue_UHD4_ap_fixed_16_5_,ok,0,137,2026-10-01 20:12:30
ATTN_config_S8_D512_H16_HD32_G1_layer_norm_ROPETrue_UHD8_ap_fixed_16_5_,ok,0,160,2026-10-01 20:12:31
ATTN_config_S8_D512_H16_HD32_G2_rms_norm_ROPEFalse_UHD4_ap_fixed_16_5_,ok,0,108,2026-10-01 20:12:31
ATTN_config_S8_D512_H16_HD32_G2_rms_norm_ROPEFalse_UHD2_ap_fixed_16_5_,ok,0,112,2026-10-01 20:12:34
ATTN_config_S8_D512_H16_HD32_G1_rms_norm_ROPETrue_UHD8_ap_fixed_16_5_,ok,0,140,2026-10-01 20:12:34
ATTN_config_S8_D512_H16_HD32_G2_rms_norm_ROPEFalse_UHD8_ap_fixed_16_5_,ok,0,118,2026-10-01 20:12:41
ATTN_config_S8_D512_H16_HD32_G2_layer_norm_ROPETrue_UHD1_ap_fixed_16_5_,ok,0,132,2026-10-01 20:12:42
ATTN_config_S8_D512_H16_HD32_G2_layer_norm_ROPETrue_UHD2_ap_fixed_16_5_,ok,0,136,2026-10-01 20:12:45
ATTN_config_S8_D512_H16_HD32_G2_layer_norm_ROPETrue_UHD4_ap_fixed_16_5_,ok,0,136,2026-10-01 20:12:50
ATTN_config_S8_D512_H16_HD32_G4_layer_norm_ROPEFalse_UHD1_ap_fixed_16_5_,ok,0,122,2026-10-01 20:12:54
ATTN_config_S8_D512_H16_HD32_G4_layer_norm_ROPEFalse_UHD2_ap_fixed_16_5_,ok,0,124,2026-10-01 20:12:57
ATTN_config_S8_D512_H16_HD32_G2_rms_norm_ROPETrue_UHD2_ap_fixed_16_5_,ok,0,128,2026-10-01 20:12:57
ATTN_config_S8_D512_H16_HD32_G2_rms_norm_ROPETrue_UHD4_ap_fixed_16_5_,ok,0,133,2026-10-01 20:13:03
ATTN_config_S8_D512_H16_HD32_G2_rms_norm_ROPETrue_UHD8_ap_fixed_16_5_,ok,0,134,2026-10-01 20:13:05
ATTN_config_S8_D512_H16_HD32_G2_rms_norm_ROPETrue_UHD1_ap_fixed_16_5_,ok,0,138,2026-10-01 20:13:05
ATTN_config_S8_D512_H16_HD32_G2_layer_norm_ROPETrue_UHD8_ap_fixed_16_5_,ok,0,153,2026-10-01 20:13:07
ATTN_config_S8_D512_H16_HD32_G4_rms_norm_ROPEFalse_UHD1_ap_fixed_16_5_,ok,0,110,2026-10-01 20:13:09
ATTN_config_S8_D512_H16_HD32_G4_rms_norm_ROPEFalse_UHD2_ap_fixed_16_5_,ok,0,107,2026-10-01 20:13:12
ATTN_config_S8_D512_H16_HD32_G4_layer_norm_ROPEFalse_UHD4_ap_fixed_16_5_,ok,0,139,2026-10-01 20:13:16
ATTN_config_S8_D512_H16_HD32_G4_rms_norm_ROPEFalse_UHD4_ap_fixed_16_5_,ok,0,111,2026-10-01 20:13:18
ATTN_config_S8_D512_H16_HD32_G4_layer_norm_ROPETrue_UHD1_ap_fixed_16_5_,ok,0,141,2026-10-01 20:13:21
ATTN_config_S8_D512_H16_HD32_G4_layer_norm_ROPEFalse_UHD8_ap_fixed_16_5_,ok,0,142,2026-10-01 20:13:21
ATTN_config_S8_D512_H16_HD32_G4_rms_norm_ROPEFalse_UHD8_ap_fixed_16_5_,ok,0,116,2026-10-01 20:13:25
ATTN_config_S8_D512_H16_HD32_G4_rms_norm_ROPETrue_UHD2_ap_fixed_16_5_,ok,0,125,2026-10-01 20:13:35
ATTN_config_S8_D512_H16_HD32_G4_layer_norm_ROPETrue_UHD2_ap_fixed_16_5_,ok,0,154,2026-10-01 20:13:41
ATTN_config_S8_D512_H16_HD32_G4_rms_norm_ROPETrue_UHD4_ap_fixed_16_5_,ok,0,127,2026-10-01 20:13:43
ATTN_config_S8_D512_H16_HD32_G4_rms_norm_ROPETrue_UHD1_ap_fixed_16_5_,ok,0,137,2026-10-01 20:13:46
ATTN_config_S8_D512_H16_HD64_G1_layer_norm_ROPEFalse_UHD1_ap_fixed_16_5_,ok,0,128,2026-10-01 20:13:47
ATTN_config_S8_D512_H16_HD32_G4_layer_norm_ROPETrue_UHD4_ap_fixed_16_5_,ok,0,161,2026-10-01 20:13:48
ATTN_config_S8_D512_H16_HD64_G1_layer_norm_ROPEFalse_UHD2_ap_fixed_16_5_,ok,0,127,2026-10-01 20:13:48
ATTN_config_S8_D512_H16_HD64_G1_layer_norm_ROPEFalse_UHD4_ap_fixed_16_5_,ok,0,128,2026-10-01 20:13:50
ATTN_config_S8_D512_H16_HD64_G1_rms_norm_ROPEFalse_UHD1_ap_fixed_16_5_,ok,0,110,2026-10-01 20:13:50
ATTN_config_S8_D512_H16_HD32_G4_layer_norm_ROPETrue_UHD8_ap_fixed_16_5_,ok,0,162,2026-10-01 20:13:58
ATTN_config_S8_D512_H16_HD64_G1_layer_norm_ROPEFalse_UHD8_ap_fixed_16_5_,ok,0,138,2026-10-01 20:14:00
ATTN_config_S8_D512_H16_HD64_G1_rms_norm_ROPEFalse_UHD2_ap_fixed_16_5_,ok,0,119,2026-10-01 20:14:00
ATTN_config_S8_D512_H16_HD32_G4_rms_norm_ROPETrue_UHD8_ap_fixed_16_5_,ok,0,146,2026-10-01 20:14:03
ATTN_config_S8_D512_H16_HD64_G1_layer_norm_ROPETrue_UHD1_ap_fixed_16_5_,ok,0,142,2026-10-01 20:14:08
ATTN_config_S8_D512_H16_HD64_G1_rms_norm_ROPEFalse_UHD4_ap_fixed_16_5_,ok,0,118,2026-10-01 20:14:09
ATTN_config_S8_D512_H16_HD64_G1_rms_norm_ROPEFalse_UHD8_ap_fixed_16_5_,ok,0,118,2026-10-01 20:14:10
ATTN_config_S8_D512_H16_HD64_G1_layer_norm_ROPETrue_UHD4_ap_fixed_16_5_,ok,0,147,2026-10-01 20:14:18
ATTN_config_S8_D512_H16_HD64_G1_rms_norm_ROPETrue_UHD1_ap_fixed_16_5_,ok,0,125,2026-10-01 20:14:21
ATTN_config_S8_D512_H16_HD64_G1_layer_norm_ROPETrue_UHD2_ap_fixed_16_5_,ok,0,156,2026-10-01 20:14:22
ATTN_config_S8_D512_H16_HD64_G2_layer_norm_ROPEFalse_UHD1_ap_fixed_16_5_,ok,0,121,2026-10-01 20:14:23
ATTN_config_S8_D512_H16_HD64_G1_rms_norm_ROPETrue_UHD4_ap_fixed_16_5_,ok,0,130,2026-10-01 20:14:30
ATTN_config_S8_D512_H16_HD64_G1_layer_norm_ROPETrue_UHD8_ap_fixed_16_5_,ok,0,156,2026-10-01 20:14:31
ATTN_config_S8_D512_H16_HD64_G2_rms_norm_ROPEFalse_UHD1_ap_fixed_16_5_,ok,0,111,2026-10-01 20:14:32
ATTN_config_S8_D512_H16_HD64_G1_rms_norm_ROPETrue_UHD8_ap_fixed_16_5_,ok,0,135,2026-10-01 20:14:36
ATTN_config_S8_D512_H16_HD64_G1_rms_norm_ROPETrue_UHD2_ap_fixed_16_5_,ok,0,141,2026-10-01 20:14:39
ATTN_config_S8_D512_H16_HD64_G2_rms_norm_ROPEFalse_UHD2_ap_fixed_16_5_,ok,0,115,2026-10-01 20:14:40
ATTN_config_S8_D512_H16_HD64_G2_layer_norm_ROPEFalse_UHD2_ap_fixed_16_5_,ok,0,137,2026-10-01 20:14:46
ATTN_config_S8_D512_H16_HD64_G2_layer_norm_ROPEFalse_UHD4_ap_fixed_16_5_,ok,0,138,2026-10-01 20:14:48
ATTN_config_S8_D512_H16_HD64_G2_layer_norm_ROPEFalse_UHD8_ap_fixed_16_5_,ok,0,140,2026-10-01 20:14:51
ATTN_config_S8_D512_H16_HD64_G2_rms_norm_ROPEFalse_UHD8_ap_fixed_16_5_,ok,0,119,2026-10-01 20:14:53
ATTN_config_S8_D512_H16_HD64_G2_rms_norm_ROPEFalse_UHD4_ap_fixed_16_5_,ok,0,128,2026-10-01 20:14:58
ATTN_config_S8_D512_H16_HD64_G2_layer_norm_ROPETrue_UHD4_ap_fixed_16_5_,ok,0,153,2026-10-01 20:15:08
ATTN_config_S8_D512_H16_HD64_G2_layer_norm_ROPETrue_UHD1_ap_fixed_16_5_,ok,0,157,2026-10-01 20:15:08
ATTN_config_S8_D512_H16_HD64_G2_layer_norm_ROPETrue_UHD8_ap_fixed_16_5_,ok,0,147,2026-10-01 20:15:08
ATTN_config_S8_D512_H16_HD64_G2_rms_norm_ROPETrue_UHD1_ap_fixed_16_5_,ok,0,133,2026-10-01 20:15:09
ATTN_config_S8_D512_H16_HD64_G2_layer_norm_ROPETrue_UHD2_ap_fixed_16_5_,ok,0,161,2026-10-01 20:15:14
ATTN_config_S8_D512_H16_HD64_G4_layer_norm_ROPEFalse_UHD4_ap_fixed_16_5_,ok,0,127,2026-10-01 20:15:16
ATTN_config_S8_D512_H16_HD64_G2_rms_norm_ROPETrue_UHD2_ap_fixed_16_5_,ok,0,140,2026-10-01 20:15:17
ATTN_config_S8_D512_H16_HD64_G4_layer_norm_ROPEFalse_UHD1_ap_fixed_16_5_,ok,0,133,2026-10-01 20:15:18
ATTN_config_S8_D512_H16_HD64_G4_rms_norm_ROPEFalse_UHD1_ap_fixed_16_5_,ok,0,116,2026-10-01 20:15:21
ATTN_config_S8_D512_H16_HD64_G2_rms_norm_ROPETrue_UHD4_ap_fixed_16_5_,ok,0,140,2026-10-01 20:15:23
ATTN_config_S8_D512_H16_HD64_G4_rms_norm_ROPEFalse_UHD2_ap_fixed_16_5_,ok,0,111,2026-10-01 20:15:26
ATTN_config_S8_D512_H16_HD64_G4_layer_norm_ROPEFalse_UHD2_ap_fixed_16_5_,ok,0,140,2026-10-01 20:15:27
ATTN_config_S8_D512_H16_HD64_G2_rms_norm_ROPETrue_UHD8_ap_fixed_16_5_,ok,0,144,2026-10-01 20:15:29
ATTN_config_S8_D512_H16_HD64_G4_rms_norm_ROPEFalse_UHD4_ap_fixed_16_5_,ok,0,109,2026-10-01 20:15:30
ATTN_config_S8_D512_H16_HD64_G4_layer_norm_ROPEFalse_UHD8_ap_fixed_16_5_,ok,0,139,2026-10-01 20:15:31
ATTN_config_S8_D512_H16_HD64_G4_rms_norm_ROPEFalse_UHD8_ap_fixed_16_5_,ok,0,121,2026-10-01 20:15:43
ATTN_config_S8_D512_H16_HD64_G4_layer_norm_ROPETrue_UHD1_ap_fixed_16_5_,ok,0,150,2026-10-01 20:15:46
ATTN_config_S8_D512_H16_HD64_G4_rms_norm_ROPETrue_UHD1_ap_fixed_16_5_,ok,0,125,2026-10-01 20:15:51
ATTN_config_S8_D512_H16_HD64_G4_layer_norm_ROPETrue_UHD2_ap_fixed_16_5_,ok,0,154,2026-10-01 20:15:52
ATTN_config_S8_D512_H32_HD16_G1_layer_norm_ROPEFalse_UHD2_ap_fixed_16_5_,ok,0,122,2026-10-01 20:15:52
ATTN_config_S8_D512_H16_HD64_G4_rms_norm_ROPETrue_UHD8_ap_fixed_16_5_,ok,0,131,2026-10-01 20:15:59
ATTN_config_S8_D512_H32_HD16_G1_rms_norm_ROPEFalse_UHD1_ap_fixed_16_5_,ok,0,111,2026-10-01 20:16:01
ATTN_config_S8_D512_H16_HD64_G4_layer_norm_ROPETrue_UHD8_ap_fixed_16_5_,ok,0,164,2026-10-01 20:16:05
ATTN_config_S8_D512_H32_HD16_G1_layer_norm_ROPEFalse_UHD1_ap_fixed_16_5_,ok,0,135,2026-10-01 20:16:05
ATTN_config_S8_D512_H16_HD64_G4_rms_norm_ROPETrue_UHD2_ap_fixed_16_5_,ok,0,141,2026-10-01 20:16:08
ATTN_config_S8_D512_H16_HD64_G4_rms_norm_ROPETrue_UHD4_ap_fixed_16_5_,ok,0,141,2026-10-01 20:16:09
ATTN_config_S8_D512_H32_HD16_G1_rms_norm_ROPEFalse_UHD2_ap_fixed_16_5_,ok,0,117,2026-10-01 20:16:15
ATTN_config_S8_D512_H32_HD16_G1_layer_norm_ROPEFalse_UHD4_ap_fixed_16_5_,ok,0,137,2026-10-01 20:16:15
ATTN_config_S8_D512_H16_HD64_G4_layer_norm_ROPETrue_UHD4_ap_fixed_16_5_,ok,0,176,2026-10-01 20:16:17
ATTN_config_S8_D512_H32_HD16_G1_layer_norm_ROPETrue_UHD1_ap_fixed_16_5_,ok,0,139,2026-10-01 20:16:20
ATTN_config_S8_D512_H32_HD16_G1_rms_norm_ROPEFalse_UHD4_ap_fixed_16_5_,ok,0,121,2026-10-01 20:16:22
ATTN_config_S8_D512_H32_HD16_G1_layer_norm_ROPETrue_UHD2_ap_fixed_16_5_,ok,0,142,2026-10-01 20:16:24
ATTN_config_S8_D512_H32_HD16_G1_layer_norm_ROPEFalse_UHD8_ap_fixed_16_5_,ok,0,146,2026-10-01 20:16:26
ATTN_config_S8_D512_H32_HD16_G1_rms_norm_ROPEFalse_UHD8_ap_fixed_16_5_,ok,0,125,2026-10-01 20:16:27
ATTN_config_S8_D512_H32_HD16_G1_rms_norm_ROPETrue_UHD1_ap_fixed_16_5_,ok,0,132,2026-10-01 20:16:35
ATTN_config_S8_D512_H32_HD16_G2_layer_norm_ROPEFalse_UHD2_ap_fixed_16_5_,ok,0,124,2026-10-01 20:16:43
ATTN_config_S8_D512_H32_HD16_G2_layer_norm_ROPEFalse_UHD1_ap_fixed_16_5_,ok,0,128,2026-10-01 20:16:44
ATTN_config_S8_D512_H32_HD16_G1_rms_norm_ROPETrue_UHD2_ap_fixed_16_5_,ok,0,134,2026-10-01 20:16:44
ATTN_config_S8_D512_H32_HD16_G2_layer_norm_ROPEFalse_UHD4_ap_fixed_16_5_,ok,0,124,2026-10-01 20:16:45
ATTN_config_S8_D512_H32_HD16_G1_rms_norm_ROPETrue_UHD4_ap_fixed_16_5_,ok,0,135,2026-10-01 20:16:45
ATTN_config_S8_D512_H32_HD16_G1_rms_norm_ROPETrue_UHD8_ap_fixed_16_5_,ok,0,135,2026-10-01 20:16:48
ATTN_config_S8_D512_H32_HD16_G1_layer_norm_ROPETrue_UHD8_ap_fixed_16_5_,ok,0,159,2026-10-01 20:16:49
ATTN_config_S8_D512_H32_HD16_G1_layer_norm_ROPETrue_UHD4_ap_fixed_16_5_,ok,0,164,2026-10-01 20:16:51
ATTN_config_S8_D512_H32_HD16_G2_rms_norm_ROPEFalse_UHD1_ap_fixed_16_5_,ok,0,108,2026-10-01 20:16:56
ATTN_config_S8_D512_H32_HD16_G2_rms_norm_ROPEFalse_UHD8_ap_fixed_16_5_,ok,0,114,2026-10-01 20:17:03
ATTN_config_S8_D512_H32_HD16_G2_rms_norm_ROPEFalse_UHD4_ap_fixed_16_5_,ok,0,117,2026-10-01 20:17:05
ATTN_config_S8_D512_H32_HD16_G2_rms_norm_ROPEFalse_UHD2_ap_fixed_16_5_,ok,0,119,2026-10-01 20:17:07
ATTN_config_S8_D512_H32_HD16_G2_layer_norm_ROPETrue_UHD4_ap_fixed_16_5_,ok,0,137,2026-10-01 20:17:10
ATTN_config_S8_D512_H32_HD16_G2_layer_norm_ROPEFalse_UHD8_ap_fixed_16_5_,ok,0,146,2026-10-01 20:17:12
ATTN_config_S8_D512_H32_HD16_G2_rms_norm_ROPETrue_UHD2_ap_fixed_16_5_,ok,0,119,2026-10-01 20:17:15
ATTN_config_S8_D512_H32_HD16_G2_layer_norm_ROPETrue_UHD1_ap_fixed_16_5_,ok,0,148,2026-10-01 20:17:15
ATTN_config_S8_D512_H32_HD16_G4_layer_norm_ROPEFalse_UHD2_ap_fixed_16_5_,ok,0,114,2026-10-01 20:17:17
ATTN_config_S8_D512_H32_HD16_G2_layer_norm_ROPETrue_UHD2_ap_fixed_16_5_,ok,0,147,2026-10-01 20:17:18
ATTN_config_S8_D512_H32_HD16_G2_rms_norm_ROPETrue_UHD1_ap_fixed_16_5_,ok,0,124,2026-10-01 20:17:18
ATTN_config_S8_D512_H32_HD16_G2_rms_norm_ROPETrue_UHD8_ap_fixed_16_5_,ok,0,121,2026-10-01 20:17:19
ATTN_config_S8_D512_H32_HD16_G4_layer_norm_ROPEFalse_UHD1_ap_fixed_16_5_,ok,0,124,2026-10-01 20:17:24
ATTN_config_S8_D512_H32_HD16_G2_layer_norm_ROPETrue_UHD8_ap_fixed_16_5_,ok,0,147,2026-10-01 20:17:26
ATTN_config_S8_D512_H32_HD16_G4_rms_norm_ROPEFalse_UHD1_ap_fixed_16_5_,ok,0,103,2026-10-01 20:17:29
ATTN_config_S8_D512_H32_HD16_G2_rms_norm_ROPETrue_UHD4_ap_fixed_16_5_,ok,0,135,2026-10-01 20:17:32
ATTN_config_S8_D512_H32_HD16_G4_layer_norm_ROPEFalse_UHD4_ap_fixed_16_5_,ok,0,131,2026-10-01 20:17:37
ATTN_config_S8_D512_H32_HD16_G4_layer_norm_ROPEFalse_UHD8_ap_fixed_16_5_,ok,0,130,2026-10-01 20:17:37
ATTN_config_S8_D512_H32_HD16_G4_rms_norm_ROPEFalse_UHD8_ap_fixed_16_5_,ok,0,107,2026-10-01 20:17:39
ATTN_config_S8_D512_H32_HD16_G4_rms_norm_ROPEFalse_UHD2_ap_fixed_16_5_,ok,0,112,2026-10-01 20:17:43
ATTN_config_S8_D512_H32_HD16_G4_rms_norm_ROPEFalse_UHD4_ap_fixed_16_5_,ok,0,113,2026-10-01 20:17:44
ATTN_config_S8_D512_H32_HD16_G4_rms_norm_ROPETrue_UHD2_ap_fixed_16_5_,ok,0,113,2026-10-01 20:17:54
ATTN_config_S8_D512_H32_HD16_G4_layer_norm_ROPETrue_UHD4_ap_fixed_16_5_,ok,0,147,2026-10-01 20:17:58
ATTN_config_S8_D512_H32_HD16_G4_layer_norm_ROPETrue_UHD1_ap_fixed_16_5_,ok,0,151,2026-10-01 20:18:00
ATTN_config_S8_D512_H32_HD32_G1_layer_norm_ROPEFalse_UHD1_ap_fixed_16_5_,ok,0,112,2026-10-01 20:18:00
ATTN_config_S8_D512_H32_HD16_G4_layer_norm_ROPETrue_UHD2_ap_fixed_16_5_,ok,0,150,2026-10-01 20:18:00
ATTN_config_S8_D512_H32_HD32_G1_layer_norm_ROPEFalse_UHD2_ap_fixed_16_5_,ok,0,112,2026-10-01 20:18:02
ATTN_config_S8_D512_H32_HD16_G4_rms_norm_ROPETrue_UHD1_ap_fixed_16_5_,ok,0,129,2026-10-01 20:18:08
ATTN_config_S8_D512_H32_HD16_G4_rms_norm_ROPETrue_UHD4_ap_fixed_16_5_,ok,0,124,2026-10-01 20:18:09
ATTN_config_S8_D512_H32_HD32_G1_rms_norm_ROPEFalse_UHD2_ap_fixed_16_5_,ok,0,104,2026-10-01 20:18:11
ATTN_config_S8_D512_H32_HD32_G1_rms_norm_ROPEFalse_UHD1_ap_fixed_16_5_,ok,0,106,2026-10-01 20:18:12
ATTN_config_S8_D512_H32_HD16_G4_rms_norm_ROPETrue_UHD8_ap_fixed_16_5_,ok,0,129,2026-10-01 20:18:14
ATTN_config_S8_D512_H32_HD16_G4_layer_norm_ROPETrue_UHD8_ap_fixed_16_5_,ok,0,155,2026-10-01 20:18:18
ATTN_config_S8_D512_H32_HD32_G1_rms_norm_ROPEFalse_UHD4_ap_fixed_16_5_,ok,0,108,2026-10-01 20:18:23
ATTN_config_S8_D512_H32_HD32_G1_layer_norm_ROPEFalse_UHD4_ap_fixed_16_5_,ok,0,130,2026-10-01 20:18:25
ATTN_config_S8_D512_H32_HD32_G1_layer_norm_ROPETrue_UHD4_ap_fixed_16_5_,ok,0,128,2026-10-01 20:18:31
ATTN_config_S8_D512_H32_HD32_G1_layer_norm_ROPEFalse_UHD8_ap_fixed_16_5_,ok,0,138,2026-10-01 20:18:33
ATTN_config_S8_D512_H32_HD32_G1_layer_norm_ROPETrue_UHD1_ap_fixed_16_5_,ok,0,136,2026-10-01 20:18:33
ATTN_config_S8_D512_H32_HD32_G1_rms_norm_ROPETrue_UHD1_ap_fixed_16_5_,ok,0,113,2026-10-01 20:18:38
ATTN_config_S8_D512_H32_HD32_G1_rms_norm_ROPETrue_UHD2_ap_fixed_16_5_,ok,0,114,2026-10-01 20:18:38
ATTN_config_S8_D512_H32_HD32_G2_layer_norm_ROPEFalse_UHD1_ap_fixed_16_5_,ok,0,111,2026-10-01 20:18:38
ATTN_config_S8_D512_H32_HD32_G1_rms_norm_ROPETrue_UHD4_ap_fixed_16_5_,ok,0,121,2026-10-01 20:18:45
ATTN_config_S8_D512_H32_HD32_G1_rms_norm_ROPEFalse_UHD8_ap_fixed_16_5_,ok,0,124,2026-10-01 20:18:47
ATTN_config_S8_D512_H32_HD32_G2_layer_norm_ROPEFalse_UHD2_ap_fixed_16_5_,ok,0,121,2026-10-01 20:18:50
ATTN_config_S8_D512_H32_HD32_G1_layer_norm_ROPETrue_UHD8_ap_fixed_16_5_,ok,0,148,2026-10-01 20:18:52
ATTN_config_S8_D512_H32_HD32_G1_layer_norm_ROPETrue_UHD2_ap_fixed_16_5_,ok,0,154,2026-10-01 20:18:54
ATTN_config_S8_D512_H32_HD32_G2_layer_norm_ROPEFalse_UHD4_ap_fixed_16_5_,ok,0,124,2026-10-01 20:18:56
ATTN_config_S8_D512_H32_HD32_G2_rms_norm_ROPEFalse_UHD1_ap_fixed_16_5_,ok,0,104,2026-10-01 20:18:56
ATTN_config_S8_D512_H32_HD32_G2_rms_norm_ROPEFalse_UHD2_ap_fixed_16_5_,ok,0,106,2026-10-01 20:19:00
ATTN_config_S8_D512_H32_HD32_G2_layer_norm_ROPEFalse_UHD8_ap_fixed_16_5_,ok,0,125,2026-10-01 20:19:01
ATTN_config_S8_D512_H32_HD32_G1_rms_norm_ROPETrue_UHD8_ap_fixed_16_5_,ok,0,139,2026-10-01 20:19:04
ATTN_config_S8_D512_H32_HD32_G2_rms_norm_ROPEFalse_UHD8_ap_fixed_16_5_,ok,0,111,2026-10-01 20:19:08
ATTN_config_S8_D512_H32_HD32_G2_rms_norm_ROPEFalse_UHD4_ap_fixed_16_5_,ok,0,117,2026-10-01 20:19:12
ATTN_config_S8_D512_H32_HD32_G2_rms_norm_ROPETrue_UHD1_ap_fixed_16_5_,ok,0,123,2026-10-01 20:19:21
ATTN_config_S8_D512_H32_HD32_G4_layer_norm_ROPEFalse_UHD1_ap_fixed_16_5_,ok,0,117,2026-10-01 20:19:23
ATTN_config_S8_D512_H32_HD32_G2_layer_norm_ROPETrue_UHD4_ap_fixed_16_5_,ok,0,136,2026-10-01 20:19:23
ATTN_config_S8_D512_H32_HD32_G4_layer_norm_ROPEFalse_UHD2_ap_fixed_16_5_,ok,0,117,2026-10-01 20:19:27
ATTN_config_S8_D512_H32_HD32_G2_rms_norm_ROPETrue_UHD2_ap_fixed_16_5_,ok,0,130,2026-10-01 20:19:29
ATTN_config_S8_D512_H32_HD32_G2_layer_norm_ROPETrue_UHD1_ap_fixed_16_5_,ok,0,145,2026-10-01 20:19:29
ATTN_config_S8_D512_H32_HD32_G2_layer_norm_ROPETrue_UHD8_ap_fixed_16_5_,ok,0,141,2026-10-01 20:19:30
ATTN_config_S8_D512_H32_HD32_G2_layer_norm_ROPETrue_UHD2_ap_fixed_16_5_,ok,0,146,2026-10-01 20:19:31
ATTN_config_S8_D512_H32_HD32_G2_rms_norm_ROPETrue_UHD4_ap_fixed_16_5_,ok,0,133,2026-10-01 20:19:32
ATTN_config_S8_D512_H32_HD32_G4_layer_norm_ROPEFalse_UHD8_ap_fixed_16_5_,ok,0,125,2026-10-01 20:19:42
ATTN_config_S8_D512_H32_HD32_G4_layer_norm_ROPEFalse_UHD4_ap_fixed_16_5_,ok,0,133,2026-10-01 20:19:44
ATTN_config_S8_D512_H32_HD32_G4_rms_norm_ROPEFalse_UHD4_ap_fixed_16_5_,ok,0,105,2026-10-01 20:19:45
ATTN_config_S8_D512_H32_HD32_G2_rms_norm_ROPETrue_UHD8_ap_fixed_16_5_,ok,0,145,2026-10-01 20:19:49
ATTN_config_S8_D512_H32_HD32_G4_rms_norm_ROPEFalse_UHD1_ap_fixed_16_5_,ok,0,116,2026-10-01 20:19:50
ATTN_config_S8_D512_H32_HD32_G4_rms_norm_ROPEFalse_UHD8_ap_fixed_16_5_,ok,0,112,2026-10-01 20:19:52
ATTN_config_S8_D512_H32_HD32_G4_rms_norm_ROPEFalse_UHD2_ap_fixed_16_5_,ok,0,115,2026-10-01 20:19:53
ATTN_config_S8_D512_H32_HD32_G4_layer_norm_ROPETrue_UHD1_ap_fixed_16_5_,ok,0,138,2026-10-01 20:19:55
ATTN_config_S8_D512_H32_HD32_G4_layer_norm_ROPETrue_UHD2_ap_fixed_16_5_,ok,0,136,2026-10-01 20:19:55
ATTN_config_S8_D512_H32_HD32_G4_rms_norm_ROPETrue_UHD1_ap_fixed_16_5_,ok,0,120,2026-10-01 20:20:00
ATTN_config_S8_D512_H32_HD32_G4_rms_norm_ROPETrue_UHD2_ap_fixed_16_5_,ok,0,127,2026-10-01 20:20:08
ATTN_config_S8_D512_H32_HD64_G1_layer_norm_ROPEFalse_UHD1_ap_fixed_16_5_,ok,0,123,2026-10-01 20:20:14
ATTN_config_S8_D512_H32_HD32_G4_layer_norm_ROPETrue_UHD4_ap_fixed_16_5_,ok,0,152,2026-10-01 20:20:16
ATTN_config_S8_D512_H32_HD64_G1_layer_norm_ROPEFalse_UHD2_ap_fixed_16_5_,ok,0,127,2026-10-01 20:20:19
ATTN_config_S8_D512_H32_HD64_G1_layer_norm_ROPEFalse_UHD4_ap_fixed_16_5_,ok,0,125,2026-10-01 20:20:19
ATTN_config_S8_D512_H32_HD32_G4_layer_norm_ROPETrue_UHD8_ap_fixed_16_5_,ok,0,158,2026-10-01 20:20:23
ATTN_config_S8_D512_H32_HD64_G1_rms_norm_ROPEFalse_UHD1_ap_fixed_16_5_,ok,0,111,2026-10-01 20:20:24
ATTN_config_S8_D512_H32_HD32_G4_rms_norm_ROPETrue_UHD8_ap_fixed_16_5_,ok,0,137,2026-10-01 20:20:26
ATTN_config_S8_D512_H32_HD32_G4_rms_norm_ROPETrue_UHD4_ap_fixed_16_5_,ok,0,139,2026-10-01 20:20:28
ATTN_config_S8_D512_H32_HD64_G1_rms_norm_ROPEFalse_UHD8_ap_fixed_16_5_,ok,0,114,2026-10-01 20:20:33
ATTN_config_S8_D512_H32_HD64_G1_layer_norm_ROPEFalse_UHD8_ap_fixed_16_5_,ok,0,136,2026-10-01 20:20:33
ATTN_config_S8_D512_H32_HD64_G1_rms_norm_ROPEFalse_UHD4_ap_fixed_16_5_,ok,0,116,2026-10-01 20:20:34
ATTN_config_S8_D512_H32_HD64_G1_rms_norm_ROPEFalse_UHD2_ap_fixed_16_5_,ok,0,121,2026-10-01 20:20:38
ATTN_config_S8_D512_H32_HD64_G1_layer_norm_ROPETrue_UHD1_ap_fixed_16_5_,ok,0,140,2026-10-01 20:20:44
ATTN_config_S8_D512_H32_HD64_G1_layer_norm_ROPETrue_UHD2_ap_fixed_16_5_,ok,0,145,2026-10-01 20:20:50
ATTN_config_S8_D512_H32_HD64_G1_rms_norm_ROPETrue_UHD2_ap_fixed_16_5_,ok,0,126,2026-10-01 20:20:53
ATTN_config_S8_D512_H32_HD64_G1_rms_norm_ROPETrue_UHD4_ap_fixed_16_5_,ok,0,123,2026-10-01 20:20:53
ATTN_config_S8_D512_H32_HD64_G2_layer_norm_ROPEFalse_UHD1_ap_fixed_16_5_,ok,0,120,2026-10-01 20:20:54
ATTN_config_S8_D512_H32_HD64_G1_rms_norm_ROPETrue_UHD1_ap_fixed_16_5_,ok,0,132,2026-10-01 20:20:57
ATTN_config_S8_D512_H32_HD64_G2_layer_norm_ROPEFalse_UHD2_ap_fixed_16_5_,ok,0,125,2026-10-01 20:21:00
ATTN_config_S8_D512_H32_HD64_G2_layer_norm_ROPEFalse_UHD4_ap_fixed_16_5_,ok,0,131,2026-10-01 20:21:07
ATTN_config_S8_D512_H32_HD64_G2_rms_norm_ROPEFalse_UHD1_ap_fixed_16_5_,ok,0,111,2026-10-01 20:21:12
ATTN_config_S8_D512_H32_HD64_G1_layer_norm_ROPETrue_UHD4_ap_fixed_16_5_,ok,0,162,2026-10-01 20:21:13
ATTN_config_S8_D512_H32_HD64_G2_rms_norm_ROPEFalse_UHD2_ap_fixed_16_5_,ok,0,114,2026-10-01 20:21:17
ATTN_config_S8_D512_H32_HD64_G2_rms_norm_ROPEFalse_UHD4_ap_fixed_16_5_,ok,0,115,2026-10-01 20:21:18
ATTN_config_S8_D512_H32_HD64_G1_rms_norm_ROPETrue_UHD8_ap_fixed_16_5_,ok,0,146,2026-10-01 20:21:18
ATTN_config_S8_D512_H32_HD64_G1_layer_norm_ROPETrue_UHD8_ap_fixed_16_5_,ok,0,168,2026-10-01 20:21:21
ATTN_config_S8_D512_H32_HD64_G2_layer_norm_ROPEFalse_UHD8_ap_fixed_16_5_,ok,0,141,2026-10-01 20:21:21
ATTN_config_S8_D512_H32_HD64_G2_layer_norm_ROPETrue_UHD1_ap_fixed_16_5_,ok,0,143,2026-10-01 20:21:23
ATTN_config_S8_D512_H32_HD64_G2_rms_norm_ROPEFalse_UHD8_ap_fixed_16_5_,ok,0,117,2026-10-01 20:21:24
ATTN_config_S8_D512_H32_HD64_G2_layer_norm_ROPETrue_UHD2_ap_fixed_16_5_,ok,0,152,2026-10-01 20:21:36
ATTN_config_S8_D512_H32_HD64_G2_rms_norm_ROPETrue_UHD1_ap_fixed_16_5_,ok,0,130,2026-10-01 20:21:38
ATTN_config_S8_D512_H32_HD64_G2_layer_norm_ROPETrue_UHD4_ap_fixed_16_5_,ok,0,151,2026-10-01 20:21:39
ATTN_config_S8_D512_H32_HD64_G4_layer_norm_ROPEFalse_UHD1_ap_fixed_16_5_,ok,0,129,2026-10-01 20:21:41
ATTN_config_S8_D512_H32_HD64_G2_rms_norm_ROPETrue_UHD4_ap_fixed_16_5_,ok,0,132,2026-10-01 20:21:43
ATTN_config_S8_D512_H32_HD64_G4_rms_norm_ROPEFalse_UHD1_ap_fixed_16_5_,ok,0,108,2026-10-01 20:21:43
ATTN_config_S8_D512_H32_HD64_G2_layer_norm_ROPETrue_UHD8_ap_fixed_16_5_,ok,0,151,2026-10-01 20:21:43
ATTN_config_S8_D512_H32_HD64_G2_rms_norm_ROPETrue_UHD8_ap_fixed_16_5_,ok,0,136,2026-10-01 20:21:47
ATTN_config_S8_D512_H32_HD64_G2_rms_norm_ROPETrue_UHD2_ap_fixed_16_5_,ok,0,139,2026-10-01 20:21:48
ATTN_config_S8_D512_H32_HD64_G4_layer_norm_ROPEFalse_UHD2_ap_fixed_16_5_,ok,0,127,2026-10-01 20:21:49
ATTN_config_S8_D512_H32_HD64_G4_rms_norm_ROPEFalse_UHD4_ap_fixed_16_5_,ok,0,109,2026-10-01 20:21:49
ATTN_config_S8_D512_H32_HD64_G4_rms_norm_ROPEFalse_UHD2_ap_fixed_16_5_,ok,0,123,2026-10-01 20:21:58
ATTN_config_S8_D512_H32_HD64_G4_layer_norm_ROPEFalse_UHD4_ap_fixed_16_5_,ok,0,136,2026-10-01 20:22:00
ATTN_config_S8_D512_H32_HD64_G4_layer_norm_ROPEFalse_UHD8_ap_fixed_16_5_,ok,0,135,2026-10-01 20:22:00
ATTN_config_S8_D512_H32_HD64_G4_layer_norm_ROPETrue_UHD2_ap_fixed_16_5_,ok,0,143,2026-10-01 20:22:13
ATTN_config_S8_D512_H32_HD64_G4_layer_norm_ROPETrue_UHD1_ap_fixed_16_5_,ok,0,146,2026-10-01 20:22:15
ATTN_config_S8_D512_H32_HD64_G4_rms_norm_ROPEFalse_UHD8_ap_fixed_16_5_,ok,0,137,2026-10-01 20:22:25
ATTN_config_S8_D512_H32_HD64_G4_layer_norm_ROPETrue_UHD4_ap_fixed_16_5_,ok,0,153,2026-10-01 20:22:25
ATTN_config_S8_D512_H32_HD64_G4_rms_norm_ROPETrue_UHD2_ap_fixed_16_5_,ok,0,131,2026-10-01 20:22:26
ATTN_config_S8_D512_H32_HD64_G4_rms_norm_ROPETrue_UHD1_ap_fixed_16_5_,ok,0,134,2026-10-01 20:22:28
ATTN_config_S8_D512_H8_HD16_G1_layer_norm_ROPEFalse_UHD1_ap_fixed_16_5_,ok,0,129,2026-10-01 20:22:32
ATTN_config_S8_D512_H32_HD64_G4_rms_norm_ROPETrue_UHD4_ap_fixed_16_5_,ok,0,133,2026-10-01 20:22:32
ATTN_config_S8_D512_H32_HD64_G4_layer_norm_ROPETrue_UHD8_ap_fixed_16_5_,ok,0,160,2026-10-01 20:22:33
ATTN_config_S8_D512_H8_HD16_G1_layer_norm_ROPEFalse_UHD4_ap_fixed_16_5_,ok,0,128,2026-10-01 20:22:34
ATTN_config_S8_D512_H8_HD16_G1_layer_norm_ROPEFalse_UHD2_ap_fixed_16_5_,ok,0,132,2026-10-01 20:22:35
ATTN_config_S8_D512_H32_HD64_G4_rms_norm_ROPETrue_UHD8_ap_fixed_16_5_,ok,0,141,2026-10-01 20:22:40
ATTN_config_S8_D512_H8_HD16_G1_rms_norm_ROPEFalse_UHD2_ap_fixed_16_5_,ok,0,112,2026-10-01 20:22:42
ATTN_config_S8_D512_H8_HD16_G1_rms_norm_ROPEFalse_UHD1_ap_fixed_16_5_,ok,0,127,2026-10-01 20:22:50
ATTN_config_S8_D512_H8_HD16_G1_rms_norm_ROPEFalse_UHD4_ap_fixed_16_5_,ok,0,121,2026-10-01 20:22:54
ATTN_config_S8_D512_H8_HD16_G1_layer_norm_ROPETrue_UHD2_ap_fixed_16_5_,ok,0,144,2026-10-01 20:22:58
ATTN_config_S8_D512_H8_HD16_G1_rms_norm_ROPETrue_UHD1_ap_fixed_16_5_,ok,0,124,2026-10-01 20:22:58
ATTN_config_S8_D512_H8_HD16_G1_layer_norm_ROPETrue_UHD1_ap_fixed_16_5_,ok,0,146,2026-10-01 20:22:58
ATTN_config_S8_D512_H8_HD16_G1_layer_norm_ROPEFalse_UHD8_ap_fixed_16_5_,ok,0,152,2026-10-01 20:23:00
ATTN_config_S8_D512_H8_HD16_G1_rms_norm_ROPEFalse_UHD8_ap_fixed_16_5_,ok,0,132,2026-10-01 20:23:06
ATTN_config_S8_D512_H8_HD16_G1_layer_norm_ROPETrue_UHD8_ap_fixed_16_5_,ok,0,150,2026-10-01 20:23:09
ATTN_config_S8_D512_H8_HD16_G1_layer_norm_ROPETrue_UHD4_ap_fixed_16_5_,ok,0,154,2026-10-01 20:23:09
ATTN_config_S8_D512_H8_HD16_G1_rms_norm_ROPETrue_UHD4_ap_fixed_16_5_,ok,0,133,2026-10-01 20:23:13
ATTN_config_S8_D512_H8_HD16_G2_rms_norm_ROPEFalse_UHD1_ap_fixed_16_5_,ok,0,115,2026-10-01 20:23:19
ATTN_config_S8_D512_H8_HD16_G1_rms_norm_ROPETrue_UHD2_ap_fixed_16_5_,ok,0,143,2026-10-01 20:23:21
ATTN_config_S8_D512_H8_HD16_G2_layer_norm_ROPEFalse_UHD4_ap_fixed_16_5_,ok,0,126,2026-10-01 20:23:23
ATTN_config_S8_D512_H8_HD16_G2_rms_norm_ROPEFalse_UHD4_ap_fixed_16_5_,ok,0,105,2026-10-01 20:23:24
ATTN_config_S8_D512_H8_HD16_G2_rms_norm_ROPEFalse_UHD8_ap_fixed_16_5_,ok,0,108,2026-10-01 20:23:27
ATTN_config_S8_D512_H8_HD16_G2_layer_norm_ROPEFalse_UHD1_ap_fixed_16_5_,ok,0,138,2026-10-01 20:23:30
ATTN_config_S8_D512_H8_HD16_G1_rms_norm_ROPETrue_UHD8_ap_fixed_16_5_,ok,0,145,2026-10-01 20:23:32
ATTN_config_S8_D512_H8_HD16_G2_rms_norm_ROPEFalse_UHD2_ap_fixed_16_5_,ok,0,117,2026-10-01 20:23:33
ATTN_config_S8_D512_H8_HD16_G2_layer_norm_ROPEFalse_UHD2_ap_fixed_16_5_,ok,0,140,2026-10-01 20:23:33
ATTN_config_S8_D512_H8_HD16_G2_layer_norm_ROPETrue_UHD4_ap_fixed_16_5_,ok,0,143,2026-10-01 20:23:45
ATTN_config_S8_D512_H8_HD16_G2_layer_norm_ROPETrue_UHD2_ap_fixed_16_5_,ok,0,147,2026-10-01 20:23:48
ATTN_config_S8_D512_H8_HD16_G2_rms_norm_ROPETrue_UHD2_ap_fixed_16_5_,ok,0,127,2026-10-01 20:23:49
ATTN_config_S8_D512_H8_HD16_G2_layer_norm_ROPEFalse_UHD8_ap_fixed_16_5_,ok,0,153,2026-10-01 20:23:51
ATTN_config_S8_D512_H8_HD16_G2_layer_norm_ROPETrue_UHD1_ap_fixed_16_5_,ok,0,153,2026-10-01 20:23:51
ATTN_config_S8_D512_H8_HD16_G2_rms_norm_ROPETrue_UHD1_ap_fixed_16_5_,ok,0,131,2026-10-01 20:23:52
ATTN_config_S8_D512_H8_HD16_G4_layer_norm_ROPEFalse_UHD2_ap_fixed_16_5_,ok,0,128,2026-10-01 20:23:56
ATTN_config_S8_D512_H8_HD16_G4_layer_norm_ROPEFalse_UHD1_ap_fixed_16_5_,ok,0,129,2026-10-01 20:23:56
ATTN_config_S8_D512_H8_HD16_G2_layer_norm_ROPETrue_UHD8_ap_fixed_16_5_,ok,0,156,2026-10-01 20:23:59
ATTN_config_S8_D512_H8_HD16_G4_layer_norm_ROPEFalse_UHD4_ap_fixed_16_5_,ok,0,131,2026-10-01 20:24:00
ATTN_config_S8_D512_H8_HD16_G2_rms_norm_ROPETrue_UHD8_ap_fixed_16_5_,ok,0,137,2026-10-01 20:24:00
ATTN_config_S8_D512_H8_HD16_G4_layer_norm_ROPEFalse_UHD8_ap_fixed_16_5_,ok,0,134,2026-10-01 20:24:03
ATTN_config_S8_D512_H8_HD16_G4_rms_norm_ROPEFalse_UHD1_ap_fixed_16_5_,ok,0,115,2026-10-01 20:24:10
ATTN_config_S8_D512_H8_HD16_G2_rms_norm_ROPETrue_UHD4_ap_fixed_16_5_,ok,0,147,2026-10-01 20:24:10
ATTN_config_S8_D512_H8_HD16_G4_rms_norm_ROPEFalse_UHD2_ap_fixed_16_5_,ok,0,106,2026-10-01 20:24:11
ATTN_config_S8_D512_H8_HD16_G4_layer_norm_ROPETrue_UHD1_ap_fixed_16_5_,ok,0,136,2026-10-01 20:24:14
ATTN_config_S8_D512_H8_HD16_G4_rms_norm_ROPEFalse_UHD4_ap_fixed_16_5_,ok,0,113,2026-10-01 20:24:18
ATTN_config_S8_D512_H8_HD16_G4_layer_norm_ROPETrue_UHD4_ap_fixed_16_5_,ok,0,142,2026-10-01 20:24:22
ATTN_config_S8_D512_H8_HD16_G4_rms_norm_ROPEFalse_UHD8_ap_fixed_16_5_,ok,0,118,2026-10-01 20:24:24
ATTN_config_S8_D512_H8_HD16_G4_rms_norm_ROPETrue_UHD1_ap_fixed_16_5_,ok,0,120,2026-10-01 20:24:27
ATTN_config_S8_D512_H8_HD16_G4_layer_norm_ROPETrue_UHD2_ap_fixed_16_5_,ok,0,148,2026-10-01 20:24:28
ATTN_config_S8_D512_H8_HD32_G1_layer_norm_ROPEFalse_UHD2_ap_fixed_16_5_,ok,0,117,2026-10-01 20:24:32
ATTN_config_S8_D512_H8_HD32_G1_rms_norm_ROPEFalse_UHD2_ap_fixed_16_5_,ok,0,96,2026-10-01 20:24:35
ATTN_config_S8_D512_H8_HD32_G1_rms_norm_ROPEFalse_UHD1_ap_fixed_16_5_,ok,0,98,2026-10-01 20:24:36
ATTN_config_S8_D512_H8_HD32_G1_layer_norm_ROPEFalse_UHD4_ap_fixed_16_5_,ok,0,119,2026-10-01 20:24:38
ATTN_config_S8_D512_H8_HD32_G1_layer_norm_ROPEFalse_UHD1_ap_fixed_16_5_,ok,0,125,2026-10-01 20:24:39
ATTN_config_S8_D512_H8_HD16_G4_rms_norm_ROPETrue_UHD2_ap_fixed_16_5_,ok,0,129,2026-10-01 20:24:41
ATTN_config_S8_D512_H8_HD16_G4_layer_norm_ROPETrue_UHD8_ap_fixed_16_5_,ok,0,149,2026-10-01 20:24:42
ATTN_config_S8_D512_H8_HD16_G4_rms_norm_ROPETrue_UHD4_ap_fixed_16_5_,ok,0,133,2026-10-01 20:24:45
ATTN_config_S8_D512_H8_HD16_G4_rms_norm_ROPETrue_UHD8_ap_fixed_16_5_,ok,0,134,2026-10-01 20:24:47
ATTN_config_S8_D512_H8_HD32_G1_rms_norm_ROPEFalse_UHD4_ap_fixed_16_5_,ok,0,105,2026-10-01 20:24:51
ATTN_config_S8_D512_H8_HD32_G1_layer_norm_ROPEFalse_UHD8_ap_fixed_16_5_,ok,0,134,2026-10-01 20:24:56
ATTN_config_S8_D512_H8_HD32_G1_layer_norm_ROPETrue_UHD1_ap_fixed_16_5_,ok,0,134,2026-10-01 20:25:04
ATTN_config_S8_D512_H8_HD32_G1_rms_norm_ROPEFalse_UHD8_ap_fixed_16_5_,ok,0,117,2026-10-01 20:25:05
ATTN_config_S8_D512_H8_HD32_G1_layer_norm_ROPETrue_UHD2_ap_fixed_16_5_,ok,0,135,2026-10-01 20:25:10
ATTN_config_S8_D512_H8_HD32_G1_layer_norm_ROPETrue_UHD4_ap_fixed_16_5_,ok,0,134,2026-10-01 20:25:11
ATTN_config_S8_D512_H8_HD32_G1_rms_norm_ROPETrue_UHD2_ap_fixed_16_5_,ok,0,119,2026-10-01 20:25:12
ATTN_config_S8_D512_H8_HD32_G1_rms_norm_ROPETrue_UHD1_ap_fixed_16_5_,ok,0,125,2026-10-01 20:25:14
ATTN_config_S8_D512_H8_HD32_G1_rms_norm_ROPETrue_UHD4_ap_fixed_16_5_,ok,0,122,2026-10-01 20:25:21
ATTN_config_S8_D512_H8_HD32_G2_layer_norm_ROPEFalse_UHD1_ap_fixed_16_5_,ok,0,127,2026-10-01 20:25:30
ATTN_config_S8_D512_H8_HD32_G2_rms_norm_ROPEFalse_UHD1_ap_fixed_16_5_,ok,0,103,2026-10-01 20:25:31
ATTN_config_S8_D512_H8_HD32_G1_layer_norm_ROPETrue_UHD8_ap_fixed_16_5_,ok,0,154,2026-10-01 20:25:32
ATTN_config_S8_D512_H8_HD32_G2_layer_norm_ROPEFalse_UHD2_ap_fixed_16_5_,ok,0,131,2026-10-01 20:25:35
ATTN_config_S8_D512_H8_HD32_G1_rms_norm_ROPETrue_UHD8_ap_fixed_16_5_,ok,0,136,2026-10-01 20:25:37
ATTN_config_S8_D512_H8_HD32_G2_rms_norm_ROPEFalse_UHD2_ap_fixed_16_5_,ok,0,109,2026-10-01 20:25:38
ATTN_config_S8_D512_H8_HD32_G2_layer_norm_ROPEFalse_UHD4_ap_fixed_16_5_,ok,0,132,2026-10-01 20:25:38
ATTN_config_S8_D512_H8_HD32_G2_rms_norm_ROPEFalse_UHD4_ap_fixed_16_5_,ok,0,110,2026-10-01 20:25:41
ATTN_config_S8_D512_H8_HD32_G2_rms_norm_ROPEFalse_UHD8_ap_fixed_16_5_,ok,0,112,2026-10-01 20:25:43
ATTN_config_S8_D512_H8_HD32_G2_layer_norm_ROPETrue_UHD1_ap_fixed_16_5_,ok,0,135,2026-10-01 20:25:46
ATTN_config_S8_D512_H8_HD32_G2_layer_norm_ROPEFalse_UHD8_ap_fixed_16_5_,ok,0,137,2026-10-01 20:25:47
ATTN_config_S8_D512_H8_HD32_G2_layer_norm_ROPETrue_UHD2_ap_fixed_16_5_,ok,0,139,2026-10-01 20:25:52
ATTN_config_S8_D512_H8_HD32_G2_layer_norm_ROPETrue_UHD4_ap_fixed_16_5_,ok,0,144,2026-10-01 20:25:57
ATTN_config_S8_D512_H8_HD32_G4_layer_norm_ROPEFalse_UHD1_ap_fixed_16_5_,ok,0,122,2026-10-01 20:26:02
ATTN_config_S8_D512_H8_HD32_G2_rms_norm_ROPETrue_UHD1_ap_fixed_16_5_,ok,0,135,2026-10-01 20:26:07
ATTN_config_S8_D512_H8_HD32_G2_rms_norm_ROPETrue_UHD2_ap_fixed_16_5_,ok,0,132,2026-10-01 20:26:08
ATTN_config_S8_D512_H8_HD32_G4_layer_norm_ROPEFalse_UHD4_ap_fixed_16_5_,ok,0,127,2026-10-01 20:26:10
ATTN_config_S8_D512_H8_HD32_G4_layer_norm_ROPEFalse_UHD2_ap_fixed_16_5_,ok,0,134,2026-10-01 20:26:14
ATTN_config_S8_D512_H8_HD32_G2_rms_norm_ROPETrue_UHD4_ap_fixed_16_5_,ok,0,140,2026-10-01 20:26:16
ATTN_config_S8_D512_H8_HD32_G2_rms_norm_ROPETrue_UHD8_ap_fixed_16_5_,ok,0,140,2026-10-01 20:26:19
ATTN_config_S8_D512_H8_HD32_G4_rms_norm_ROPEFalse_UHD4_ap_fixed_16_5_,ok,0,112,2026-10-01 20:26:20
ATTN_config_S8_D512_H8_HD32_G4_rms_norm_ROPEFalse_UHD2_ap_fixed_16_5_,ok,0,116,2026-10-01 20:26:21
ATTN_config_S8_D512_H8_HD32_G4_rms_norm_ROPEFalse_UHD1_ap_fixed_16_5_,ok,0,122,2026-10-01 20:26:24
ATTN_config_S8_D512_H8_HD32_G4_layer_norm_ROPEFalse_UHD8_ap_fixed_16_5_,ok,0,137,2026-10-01 20:26:27
ATTN_config_S8_D512_H8_HD32_G2_layer_norm_ROPETrue_UHD8_ap_fixed_16_5_,ok,0,164,2026-10-01 20:26:29
ATTN_config_S8_D512_H8_HD32_G4_layer_norm_ROPETrue_UHD1_ap_fixed_16_5_,ok,0,141,2026-10-01 20:26:31
ATTN_config_S8_D512_H8_HD32_G4_layer_norm_ROPETrue_UHD2_ap_fixed_16_5_,ok,0,146,2026-10-01 20:26:37
ATTN_config_S8_D512_H8_HD32_G4_rms_norm_ROPEFalse_UHD8_ap_fixed_16_5_,ok,0,137,2026-10-01 20:26:45
ATTN_config_S8_D512_H8_HD32_G4_layer_norm_ROPETrue_UHD4_ap_fixed_16_5_,ok,0,151,2026-10-01 20:26:45
ATTN_config_S8_D512_H8_HD32_G4_rms_norm_ROPETrue_UHD1_ap_fixed_16_5_,ok,0,135,2026-10-01 20:26:47
ATTN_config_S8_D512_H8_HD64_G1_layer_norm_ROPEFalse_UHD1_ap_fixed_16_5_,ok,0,129,2026-10-01 20:26:48
ATTN_config_S8_D512_H8_HD32_G4_rms_norm_ROPETrue_UHD2_ap_fixed_16_5_,ok,0,134,2026-10-01 20:26:49
ATTN_config_S8_D512_H8_HD64_G1_layer_norm_ROPEFalse_UHD4_ap_fixed_16_5_,ok,0,129,2026-10-01 20:26:51
ATTN_config_S8_D512_H8_HD64_G1_layer_norm_ROPEFalse_UHD2_ap_fixed_16_5_,ok,0,133,2026-10-01 20:26:54
ATTN_config_S8_D512_H8_HD32_G4_rms_norm_ROPETrue_UHD8_ap_fixed_16_5_,ok,0,142,2026-10-01 20:27:00
ATTN_config_S8_D512_H8_HD64_G1_rms_norm_ROPEFalse_UHD1_ap_fixed_16_5_,ok,0,119,2026-10-01 20:27:04
ATTN_config_S8_D512_H8_HD32_G4_layer_norm_ROPETrue_UHD8_ap_fixed_16_5_,ok,0,168,2026-10-01 20:27:06
ATTN_config_S8_D512_H8_HD32_G4_rms_norm_ROPETrue_UHD4_ap_fixed_16_5_,ok,0,151,2026-10-01 20:27:08
ATTN_config_S8_D512_H8_HD64_G1_rms_norm_ROPEFalse_UHD4_ap_fixed_16_5_,ok,0,118,2026-10-01 20:27:09
ATTN_config_S8_D512_H8_HD64_G1_rms_norm_ROPEFalse_UHD8_ap_fixed_16_5_,ok,0,122,2026-10-01 20:27:14
ATTN_config_S8_D512_H8_HD64_G1_rms_norm_ROPEFalse_UHD2_ap_fixed_16_5_,ok,0,126,2026-10-01 20:27:15
ATTN_config_S8_D512_H8_HD64_G1_layer_norm_ROPEFalse_UHD8_ap_fixed_16_5_,ok,0,154,2026-10-01 20:27:19
ATTN_config_S8_D512_H8_HD64_G1_layer_norm_ROPETrue_UHD1_ap_fixed_16_5_,ok,0,157,2026-10-01 20:27:25
ATTN_config_S8_D512_H8_HD64_G1_layer_norm_ROPETrue_UHD2_ap_fixed_16_5_,ok,0,156,2026-10-01 20:27:27
ATTN_config_S8_D512_H8_HD64_G1_layer_norm_ROPETrue_UHD4_ap_fixed_16_5_,ok,0,156,2026-10-01 20:27:32
ATTN_config_S8_D512_H8_HD64_G2_layer_norm_ROPEFalse_UHD1_ap_fixed_16_5_,ok,0,124,2026-10-01 20:27:36
ATTN_config_S8_D512_H8_HD64_G1_rms_norm_ROPETrue_UHD1_ap_fixed_16_5_,ok,0,145,2026-10-01 20:27:39
ATTN_config_S8_D512_H8_HD64_G2_rms_norm_ROPEFalse_UHD1_ap_fixed_16_5_,ok,0,114,2026-10-01 20:27:41
ATTN_config_S8_D512_H8_HD64_G1_rms_norm_ROPETrue_UHD2_ap_fixed_16_5_,ok,0,143,2026-10-01 20:27:44
ATTN_config_S8_D512_H8_HD64_G1_rms_norm_ROPETrue_UHD8_ap_fixed_16_5_,ok,0,134,2026-10-01 20:27:45
ATTN_config_S8_D512_H8_HD64_G1_layer_norm_ROPETrue_UHD8_ap_fixed_16_5_,ok,0,162,2026-10-01 20:27:46
ATTN_config_S8_D512_H8_HD64_G2_rms_norm_ROPEFalse_UHD2_ap_fixed_16_5_,ok,0,118,2026-10-01 20:27:49
ATTN_config_S8_D512_H8_HD64_G2_rms_norm_ROPEFalse_UHD4_ap_fixed_16_5_,ok,0,113,2026-10-01 20:27:50
ATTN_config_S8_D512_H8_HD64_G2_layer_norm_ROPEFalse_UHD2_ap_fixed_16_5_,ok,0,137,2026-10-01 20:27:52
ATTN_config_S8_D512_H8_HD64_G2_layer_norm_ROPEFalse_UHD4_ap_fixed_16_5_,ok,0,135,2026-10-01 20:27:52
ATTN_config_S8_D512_H8_HD64_G1_rms_norm_ROPETrue_UHD4_ap_fixed_16_5_,ok,0,144,2026-10-01 20:27:54
ATTN_config_S8_D512_H8_HD64_G2_layer_norm_ROPEFalse_UHD8_ap_fixed_16_5_,ok,0,138,2026-10-01 20:27:56
ATTN_config_S8_D512_H8_HD64_G2_rms_norm_ROPEFalse_UHD8_ap_fixed_16_5_,ok,0,125,2026-10-01 20:28:06
ATTN_config_S8_D512_H8_HD64_G2_layer_norm_ROPETrue_UHD2_ap_fixed_16_5_,ok,0,146,2026-10-01 20:28:07
ATTN_config_S8_D512_H8_HD64_G2_rms_norm_ROPETrue_UHD2_ap_fixed_16_5_,ok,0,119,2026-10-01 20:28:07
ATTN_config_S8_D512_H8_HD64_G2_layer_norm_ROPETrue_UHD1_ap_fixed_16_5_,ok,0,154,2026-10-01 20:28:12
ATTN_config_S8_D512_H8_HD64_G2_layer_norm_ROPETrue_UHD4_ap_fixed_16_5_,ok,0,154,2026-10-01 20:28:17
ATTN_config_S8_D512_H8_HD64_G4_layer_norm_ROPEFalse_UHD1_ap_fixed_16_5_,ok,0,121,2026-10-01 20:28:17
ATTN_config_S8_D512_H8_HD64_G2_rms_norm_ROPETrue_UHD8_ap_fixed_16_5_,ok,0,124,2026-10-01 20:28:18
ATTN_config_S8_D512_H8_HD64_G2_rms_norm_ROPETrue_UHD1_ap_fixed_16_5_,ok,0,133,2026-10-01 20:28:20
ATTN_config_S8_D512_H8_HD64_G2_layer_norm_ROPETrue_UHD8_ap_fixed_16_5_,ok,0,155,2026-10-01 20:28:21
ATTN_config_S8_D512_H8_HD64_G4_layer_norm_ROPEFalse_UHD2_ap_fixed_16_5_,ok,0,124,2026-10-01 20:28:23
ATTN_config_S8_D512_H8_HD64_G4_rms_norm_ROPEFalse_UHD1_ap_fixed_16_5_,ok,0,109,2026-10-01 20:28:26
ATTN_config_S8_D512_H8_HD64_G2_rms_norm_ROPETrue_UHD4_ap_fixed_16_5_,ok,0,136,2026-10-01 20:28:26
ATTN_config_S8_D512_H8_HD64_G4_layer_norm_ROPEFalse_UHD4_ap_fixed_16_5_,ok,0,128,2026-10-01 20:28:28
ATTN_config_S8_D512_H8_HD64_G4_rms_norm_ROPEFalse_UHD4_ap_fixed_16_5_,ok,0,103,2026-10-01 20:28:28
ATTN_config_S8_D512_H8_HD64_G4_layer_norm_ROPEFalse_UHD8_ap_fixed_16_5_,ok,0,129,2026-10-01 20:28:30
ATTN_config_S8_D512_H8_HD64_G4_rms_norm_ROPEFalse_UHD2_ap_fixed_16_5_,ok,0,107,2026-10-01 20:28:31
ATTN_config_S8_D512_H8_HD64_G4_layer_norm_ROPETrue_UHD2_ap_fixed_16_5_,ok,0,131,2026-10-01 20:28:38
ATTN_config_S8_D512_H8_HD64_G4_rms_norm_ROPEFalse_UHD8_ap_fixed_16_5_,ok,0,114,2026-10-01 20:28:41
ATTN_config_S8_D512_H8_HD64_G4_rms_norm_ROPETrue_UHD1_ap_fixed_16_5_,ok,0,113,2026-10-01 20:28:41
ATTN_config_S8_D512_H8_HD64_G4_rms_norm_ROPETrue_UHD4_ap_fixed_16_5_,ok,0,110,2026-10-01 20:28:41
ATTN_config_S8_D512_H8_HD64_G4_rms_norm_ROPETrue_UHD2_ap_fixed_16_5_,ok,0,113,2026-10-01 20:28:42
ATTN_config_S8_D512_H8_HD64_G4_layer_norm_ROPETrue_UHD1_ap_fixed_16_5_,ok,0,139,2026-10-01 20:28:43
ATTN_config_S8_D512_H8_HD64_G4_rms_norm_ROPETrue_UHD8_ap_fixed_16_5_,ok,0,111,2026-10-01 20:28:45
ATTN_config_S8_D512_H8_HD64_G4_layer_norm_ROPETrue_UHD8_ap_fixed_16_5_,ok,0,135,2026-10-01 20:28:46
ATTN_config_S8_D512_H8_HD64_G4_layer_norm_ROPETrue_UHD4_ap_fixed_16_5_,ok,0,140,2026-10-01 20:28:49
