Project,Function,CYCLE,LATENCY,BRAM,DSP,FF,LUT,BRAM_Utilization,LUT_Utilization,FF_Utilization,DSP_Utilization
config_CIN24_HIN14_WIN14_COUT24_K1_UFCIN6_UFCOU6_PAD1_STRIDE1_BIASTrue_conv2d_ACTIVATIONrelu_ap_fixed_32_10_,Overall,77325,0.773 ms,44,148,13760,25131,2.4122807017543857,9.17,2.5102159953298306,5.87
config_CIN24_HIN14_WIN14_COUT24_K1_UFCIN6_UFCOU12_PAD1_STRIDE1_BIASTrue_conv2d_ACTIVATIONrelu_ap_fixed_32_10_,Overall,64525,0.645 ms,56,292,15401,31809,3.070175438596491,11.61,2.809581144191477,11.59
config_CIN24_HIN14_WIN14_COUT24_K1_UFCIN6_UFCOU24_PAD1_STRIDE1_BIASTrue_conv2d_ACTIVATIONrelu_ap_fixed_32_10_,Overall,28671,0.287 ms,56,580,23435,38295,3.070175438596491,13.97,4.275211617046118,23.02
config_CIN24_HIN14_WIN14_COUT24_K1_UFCIN12_UFCOU6_PAD1_STRIDE1_BIASTrue_conv2d_ACTIVATIONrelu_ap_fixed_32_10_,Overall,76813,0.768 ms,44,292,15849,30903,2.4122807017543857,11.28,2.891309106830122,11.59
config_CIN24_HIN14_WIN14_COUT24_K1_UFCIN12_UFCOU12_PAD1_STRIDE1_BIASTrue_conv2d_ACTIVATIONrelu_ap_fixed_32_10_,Overall,64013,0.640 ms,56,580,18954,42868,3.070175438596491,15.64,3.457749562171629,23.02
config_CIN24_HIN14_WIN14_COUT24_K1_UFCIN12_UFCOU24_PAD1_STRIDE1_BIASTrue_conv2d_ACTIVATIONrelu_ap_fixed_32_10_,Overall,28671,0.287 ms,56,580,36688,56717,3.070175438596491,20.69,6.692936368943374,23.02
config_CIN24_HIN14_WIN14_COUT24_K1_UFCIN24_UFCOU6_PAD1_STRIDE1_BIASTrue_conv2d_ACTIVATIONrelu_ap_fixed_32_10_,Overall,76039,0.760 ms,56,580,19896,42601,3.070175438596491,15.54,3.629597197898424,23.02
config_CIN24_HIN14_WIN14_COUT24_K1_UFCIN24_UFCOU12_PAD1_STRIDE1_BIASTrue_conv2d_ACTIVATIONrelu_ap_fixed_32_10_,Overall,63239,0.632 ms,68,1156,25929,65691,3.7280701754385963,23.97,4.73018826619965,45.87
config_CIN24_HIN14_WIN14_COUT24_K1_UFCIN24_UFCOU24_PAD1_STRIDE1_BIASTrue_conv2d_ACTIVATIONrelu_ap_fixed_32_10_,Overall,26328,0.263 ms,91,1160,99542,72061,4.989035087719299,26.29,18.159296555750146,46.03
config_CIN24_HIN14_WIN14_COUT24_K3_UFCIN6_UFCOU6_PAD1_STRIDE1_BIASTrue_conv2d_ACTIVATIONrelu_ap_fixed_32_10_,Overall,377521,3.775 ms,80,148,12637,26098,4.385964912280701,9.52,2.3053488032691183,5.87
config_CIN24_HIN14_WIN14_COUT24_K3_UFCIN6_UFCOU12_PAD1_STRIDE1_BIASTrue_conv2d_ACTIVATIONrelu_ap_fixed_32_10_,Overall,292457,2.925 ms,128,292,13127,32645,7.017543859649122,11.91,2.394738762405137,11.59
config_CIN24_HIN14_WIN14_COUT24_K3_UFCIN6_UFCOU24_PAD1_STRIDE1_BIASTrue_conv2d_ACTIVATIONrelu_ap_fixed_32_10_,Overall,47051,0.471 ms,200,580,18857,38131,10.964912280701753,13.91,3.4400539988324574,23.02
config_CIN24_HIN14_WIN14_COUT24_K3_UFCIN12_UFCOU6_PAD1_STRIDE1_BIASTrue_conv2d_ACTIVATIONrelu_ap_fixed_32_10_,Overall,373993,3.740 ms,116,292,13574,32498,6.359649122807018,11.86,2.4762842965557503,11.59
config_CIN24_HIN14_WIN14_COUT24_K3_UFCIN12_UFCOU12_PAD1_STRIDE1_BIASTrue_conv2d_ACTIVATIONrelu_ap_fixed_32_10_,Overall,288929,2.889 ms,200,580,14376,44223,10.964912280701753,16.14,2.6225919439579686,23.02
config_CIN24_HIN14_WIN14_COUT24_K3_UFCIN12_UFCOU24_PAD1_STRIDE1_BIASTrue_conv2d_ACTIVATIONrelu_ap_fixed_32_10_,Overall,47051,0.471 ms,56,580,36715,59121,3.070175438596491,21.57,6.6978619381202575,23.02
config_CIN24_HIN14_WIN14_COUT24_K3_UFCIN24_UFCOU6_PAD1_STRIDE1_BIASTrue_conv2d_ACTIVATIONrelu_ap_fixed_32_10_,Overall,368695,3.687 ms,200,580,15377,45238,10.964912280701753,16.51,2.8052028604786927,23.02
config_CIN24_HIN14_WIN14_COUT24_K3_UFCIN24_UFCOU12_PAD1_STRIDE1_BIASTrue_conv2d_ACTIVATIONrelu_ap_fixed_32_10_,Overall,283631,2.836 ms,68,1156,26019,70464,3.7280701754385963,25.71,4.746606830122592,45.87
config_CIN24_HIN14_WIN14_COUT24_K3_UFCIN24_UFCOU24_PAD1_STRIDE1_BIASTrue_conv2d_ACTIVATIONrelu_ap_fixed_32_10_,Overall,36626,0.366 ms,68,536,52384,91626,3.7280701754385963,33.43,9.556333917104496,21.27
config_CIN24_HIN14_WIN14_COUT48_K1_UFCIN6_UFCOU6_PAD1_STRIDE1_BIASTrue_conv2d_ACTIVATIONrelu_ap_fixed_32_10_,Overall,123712,1.237 ms,102,148,12782,25025,5.592105263157895,9.13,2.3318009340338586,5.87
config_CIN24_HIN14_WIN14_COUT48_K1_UFCIN6_UFCOU12_PAD1_STRIDE1_BIASTrue_conv2d_ACTIVATIONrelu_ap_fixed_32_10_,Overall,98112,0.981 ms,66,292,15590,32124,3.618421052631579,11.72,2.8440601284296556,11.59
config_CIN24_HIN14_WIN14_COUT48_K1_UFCIN6_UFCOU24_PAD1_STRIDE1_BIASTrue_conv2d_ACTIVATIONrelu_ap_fixed_32_10_,Overall,85312,0.853 ms,90,580,18885,45338,4.934210526315789,16.54,3.4451619964973728,23.02
config_CIN24_HIN14_WIN14_COUT48_K1_UFCIN12_UFCOU6_PAD1_STRIDE1_BIASTrue_conv2d_ACTIVATIONrelu_ap_fixed_32_10_,Overall,123200,1.232 ms,66,292,16065,31387,3.618421052631579,11.45,2.9307136602451838,11.59
config_CIN24_HIN14_WIN14_COUT48_K1_UFCIN12_UFCOU12_PAD1_STRIDE1_BIASTrue_conv2d_ACTIVATIONrelu_ap_fixed_32_10_,Overall,97600,0.976 ms,66,580,19191,43008,3.618421052631579,15.69,3.5009851138353767,23.02
config_CIN24_HIN14_WIN14_COUT48_K1_UFCIN12_UFCOU24_PAD1_STRIDE1_BIASTrue_conv2d_ACTIVATIONrelu_ap_fixed_32_10_,Overall,84800,0.848 ms,90,1156,25396,66633,4.934210526315789,24.31,4.632953882078225,45.87
config_CIN24_HIN14_WIN14_COUT48_K1_UFCIN24_UFCOU6_PAD1_STRIDE1_BIASTrue_conv2d_ACTIVATIONrelu_ap_fixed_32_10_,Overall,122426,1.224 ms,78,580,20188,43107,4.276315789473684,15.73,3.6828663164039694,23.02
config_CIN24_HIN14_WIN14_COUT48_K1_UFCIN24_UFCOU12_PAD1_STRIDE1_BIASTrue_conv2d_ACTIVATIONrelu_ap_fixed_32_10_,Overall,96826,0.968 ms,78,1156,26255,65482,4.276315789473684,23.89,4.789659953298307,45.87
config_CIN24_HIN14_WIN14_COUT48_K1_UFCIN24_UFCOU24_PAD1_STRIDE1_BIASTrue_conv2d_ACTIVATIONrelu_ap_fixed_32_10_,Overall,84026,0.840 ms,102,2308,38281,111032,5.592105263157895,40.51,6.983544950379452,91.59
config_CIN24_HIN14_WIN14_COUT48_K3_UFCIN6_UFCOU6_PAD1_STRIDE1_BIASTrue_conv2d_ACTIVATIONrelu_ap_fixed_32_10_,Overall,568724,5.687 ms,100,148,12809,26341,5.482456140350877,9.61,2.3367265032107416,5.87
config_CIN24_HIN14_WIN14_COUT48_K3_UFCIN6_UFCOU12_PAD1_STRIDE1_BIASTrue_conv2d_ACTIVATIONrelu_ap_fixed_32_10_,Overall,398596,3.986 ms,136,292,13312,32815,7.456140350877193,11.97,2.428488032691185,11.59
config_CIN24_HIN14_WIN14_COUT48_K3_UFCIN6_UFCOU24_PAD1_STRIDE1_BIASTrue_conv2d_ACTIVATIONrelu_ap_fixed_32_10_,Overall,313532,3.135 ms,232,580,14304,45896,12.719298245614036,16.75,2.6094570928196146,23.02
config_CIN24_HIN14_WIN14_COUT48_K3_UFCIN12_UFCOU6_PAD1_STRIDE1_BIASTrue_conv2d_ACTIVATIONrelu_ap_fixed_32_10_,Overall,565196,5.652 ms,136,292,13788,32913,7.456140350877193,12.01,2.515323992994746,11.59
config_CIN24_HIN14_WIN14_COUT48_K3_UFCIN12_UFCOU12_PAD1_STRIDE1_BIASTrue_conv2d_ACTIVATIONrelu_ap_fixed_32_10_,Overall,395068,3.951 ms,208,580,14609,44327,11.403508771929824,16.17,2.6650977816695858,23.02
config_CIN24_HIN14_WIN14_COUT48_K3_UFCIN12_UFCOU24_PAD1_STRIDE1_BIASTrue_conv2d_ACTIVATIONrelu_ap_fixed_32_10_,Overall,310004,3.100 ms,376,1156,16207,67711,20.614035087719298,24.7,2.9566185055458263,45.87
config_CIN24_HIN14_WIN14_COUT48_K3_UFCIN24_UFCOU6_PAD1_STRIDE1_BIASTrue_conv2d_ACTIVATIONrelu_ap_fixed_32_10_,Overall,559898,5.599 ms,220,580,15670,45850,12.06140350877193,16.73,2.858654407472271,23.02
config_CIN24_HIN14_WIN14_COUT48_K3_UFCIN24_UFCOU12_PAD1_STRIDE1_BIASTrue_conv2d_ACTIVATIONrelu_ap_fixed_32_10_,Overall,389770,3.898 ms,364,1156,17128,67825,19.956140350877195,24.75,3.1246351430239345,45.87
config_CIN24_HIN14_WIN14_COUT48_K3_UFCIN24_UFCOU24_PAD1_STRIDE1_BIASTrue_conv2d_ACTIVATIONrelu_ap_fixed_32_10_,Overall,304706,3.047 ms,100,2308,38371,118103,5.482456140350877,43.09,6.999963514302393,91.59
config_CIN24_HIN14_WIN28_COUT24_K1_UFCIN6_UFCOU6_PAD1_STRIDE1_BIASTrue_conv2d_ACTIVATIONrelu_ap_fixed_32_10_,Overall,143405,1.434 ms,78,148,13762,25415,4.276315789473684,9.27,2.510580852305896,5.87
config_CIN24_HIN14_WIN28_COUT24_K1_UFCIN6_UFCOU12_PAD1_STRIDE1_BIASTrue_conv2d_ACTIVATIONrelu_ap_fixed_32_10_,Overall,119405,1.194 ms,78,292,15439,32121,4.276315789473684,11.72,2.8165134267367193,11.59
config_CIN24_HIN14_WIN28_COUT24_K1_UFCIN6_UFCOU24_PAD1_STRIDE1_BIASTrue_conv2d_ACTIVATIONrelu_ap_fixed_32_10_,Overall,52191,0.522 ms,78,580,23480,38423,4.276315789473684,14.02,4.283420899007589,23.02
config_CIN24_HIN14_WIN28_COUT24_K1_UFCIN12_UFCOU6_PAD1_STRIDE1_BIASTrue_conv2d_ACTIVATIONrelu_ap_fixed_32_10_,Overall,142445,1.424 ms,78,292,15887,31395,4.276315789473684,11.45,2.898241389375365,11.59
config_CIN24_HIN14_WIN28_COUT24_K1_UFCIN12_UFCOU12_PAD1_STRIDE1_BIASTrue_conv2d_ACTIVATIONrelu_ap_fixed_32_10_,Overall,118445,1.184 ms,78,580,19064,43400,4.276315789473684,15.83,3.4778166958552252,23.02
config_CIN24_HIN14_WIN28_COUT24_K1_UFCIN12_UFCOU24_PAD1_STRIDE1_BIASTrue_conv2d_ACTIVATIONrelu_ap_fixed_32_10_,Overall,52191,0.522 ms,78,580,36732,56849,4.276315789473684,20.74,6.700963222416813,23.02
config_CIN24_HIN14_WIN28_COUT24_K1_UFCIN24_UFCOU6_PAD1_STRIDE1_BIASTrue_conv2d_ACTIVATIONrelu_ap_fixed_32_10_,Overall,140999,1.410 ms,78,580,20027,43501,4.276315789473684,15.87,3.6534953298307062,23.02
config_CIN24_HIN14_WIN28_COUT24_K1_UFCIN24_UFCOU12_PAD1_STRIDE1_BIASTrue_conv2d_ACTIVATIONrelu_ap_fixed_32_10_,Overall,116999,1.170 ms,78,1156,26204,66655,4.276315789473684,24.32,4.78035610040864,45.87
config_CIN24_HIN14_WIN28_COUT24_K1_UFCIN24_UFCOU24_PAD1_STRIDE1_BIASTrue_conv2d_ACTIVATIONrelu_ap_fixed_32_10_,Overall,47832,0.478 ms,101,1160,99581,72192,5.537280701754386,26.34,18.16641126678342,46.03
config_CIN24_HIN14_WIN28_COUT24_K3_UFCIN6_UFCOU6_PAD1_STRIDE1_BIASTrue_conv2d_ACTIVATIONrelu_ap_fixed_32_10_,Overall,747961,7.480 ms,112,148,12694,26100,6.140350877192982,9.52,2.3157472270869817,5.87
config_CIN24_HIN14_WIN28_COUT24_K3_UFCIN6_UFCOU12_PAD1_STRIDE1_BIASTrue_conv2d_ACTIVATIONrelu_ap_fixed_32_10_,Overall,577833,5.778 ms,148,292,13220,32667,8.114035087719298,11.92,2.4117046117921777,11.59
config_CIN24_HIN14_WIN28_COUT24_K3_UFCIN6_UFCOU24_PAD1_STRIDE1_BIASTrue_conv2d_ACTIVATIONrelu_ap_fixed_32_10_,Overall,87035,0.870 ms,220,580,18901,38143,12.06140350877193,13.92,3.448080852305896,23.02
config_CIN24_HIN14_WIN28_COUT24_K3_UFCIN12_UFCOU6_PAD1_STRIDE1_BIASTrue_conv2d_ACTIVATIONrelu_ap_fixed_32_10_,Overall,740905,7.409 ms,148,292,13667,32492,8.114035087719298,11.85,2.4932501459427905,11.59
config_CIN24_HIN14_WIN28_COUT24_K3_UFCIN12_UFCOU12_PAD1_STRIDE1_BIASTrue_conv2d_ACTIVATIONrelu_ap_fixed_32_10_,Overall,570777,5.708 ms,220,580,14541,44249,12.06140350877193,16.14,2.6526926444833623,23.02
config_CIN24_HIN14_WIN28_COUT24_K3_UFCIN12_UFCOU24_PAD1_STRIDE1_BIASTrue_conv2d_ACTIVATIONrelu_ap_fixed_32_10_,Overall,87035,0.870 ms,76,580,36758,59137,4.166666666666666,21.58,6.705706363105662,23.02
config_CIN24_HIN14_WIN28_COUT24_K3_UFCIN24_UFCOU6_PAD1_STRIDE1_BIASTrue_conv2d_ACTIVATIONrelu_ap_fixed_32_10_,Overall,730315,7.303 ms,220,580,15563,45208,12.06140350877193,16.49,2.839134559252773,23.02
config_CIN24_HIN14_WIN28_COUT24_K3_UFCIN24_UFCOU12_PAD1_STRIDE1_BIASTrue_conv2d_ACTIVATIONrelu_ap_fixed_32_10_,Overall,560187,5.602 ms,76,1156,26349,70490,4.166666666666666,25.72,4.80680823117338,45.87
config_CIN24_HIN14_WIN28_COUT24_K3_UFCIN24_UFCOU24_PAD1_STRIDE1_BIASTrue_conv2d_ACTIVATIONrelu_ap_fixed_32_10_,Overall,66222,0.662 ms,76,536,52429,91641,4.166666666666666,33.44,9.564543199065966,21.27
config_CIN24_HIN14_WIN28_COUT48_K1_UFCIN6_UFCOU6_PAD1_STRIDE1_BIASTrue_conv2d_ACTIVATIONrelu_ap_fixed_32_10_,Overall,228320,2.283 ms,158,148,12787,25303,8.662280701754387,9.23,2.3327130764740223,5.87
config_CIN24_HIN14_WIN28_COUT48_K1_UFCIN6_UFCOU12_PAD1_STRIDE1_BIASTrue_conv2d_ACTIVATIONrelu_ap_fixed_32_10_,Overall,180320,1.803 ms,122,292,15631,32410,6.68859649122807,11.83,2.851539696438996,11.59
config_CIN24_HIN14_WIN28_COUT48_K1_UFCIN6_UFCOU24_PAD1_STRIDE1_BIASTrue_conv2d_ACTIVATIONrelu_ap_fixed_32_10_,Overall,156320,1.563 ms,122,580,19047,45680,6.68859649122807,16.67,3.4747154115586687,23.02
config_CIN24_HIN14_WIN28_COUT48_K1_UFCIN12_UFCOU6_PAD1_STRIDE1_BIASTrue_conv2d_ACTIVATIONrelu_ap_fixed_32_10_,Overall,227360,2.274 ms,122,292,16106,31873,6.68859649122807,11.63,2.9381932282545242,11.59
config_CIN24_HIN14_WIN28_COUT48_K1_UFCIN12_UFCOU12_PAD1_STRIDE1_BIASTrue_conv2d_ACTIVATIONrelu_ap_fixed_32_10_,Overall,179360,1.794 ms,122,580,19304,43502,6.68859649122807,15.87,3.5215995329830703,23.02
config_CIN24_HIN14_WIN28_COUT48_K1_UFCIN12_UFCOU24_PAD1_STRIDE1_BIASTrue_conv2d_ACTIVATIONrelu_ap_fixed_32_10_,Overall,155360,1.554 ms,122,1156,25702,67195,6.68859649122807,24.52,4.688776999416229,45.87
config_CIN24_HIN14_WIN28_COUT48_K1_UFCIN24_UFCOU6_PAD1_STRIDE1_BIASTrue_conv2d_ACTIVATIONrelu_ap_fixed_32_10_,Overall,225914,2.259 ms,122,580,20322,44001,6.68859649122807,16.05,3.70731173380035,23.02
config_CIN24_HIN14_WIN28_COUT48_K1_UFCIN24_UFCOU12_PAD1_STRIDE1_BIASTrue_conv2d_ACTIVATIONrelu_ap_fixed_32_10_,Overall,177914,1.779 ms,122,1156,26533,66384,6.68859649122807,24.22,4.840375072971395,45.87
config_CIN24_HIN14_WIN28_COUT48_K1_UFCIN24_UFCOU24_PAD1_STRIDE1_BIASTrue_conv2d_ACTIVATIONrelu_ap_fixed_32_10_,Overall,153914,1.539 ms,122,2308,38896,112026,6.68859649122807,40.87,7.0957384705195565,91.59
config_CIN24_HIN14_WIN28_COUT48_K3_UFCIN6_UFCOU6_PAD1_STRIDE1_BIASTrue_conv2d_ACTIVATIONrelu_ap_fixed_32_10_,Overall,1123404,11.234 ms,152,148,12866,26367,8.333333333333332,9.62,2.3471249270286045,5.87
config_CIN24_HIN14_WIN28_COUT48_K3_UFCIN6_UFCOU12_PAD1_STRIDE1_BIASTrue_conv2d_ACTIVATIONrelu_ap_fixed_32_10_,Overall,783148,7.831 ms,188,292,13405,32821,10.307017543859649,11.97,2.4454538820782252,11.59
config_CIN24_HIN14_WIN28_COUT48_K3_UFCIN6_UFCOU24_PAD1_STRIDE1_BIASTrue_conv2d_ACTIVATIONrelu_ap_fixed_32_10_,Overall,613020,6.130 ms,260,580,14469,45922,14.25438596491228,16.75,2.6395577933450087,23.02
config_CIN24_HIN14_WIN28_COUT48_K3_UFCIN12_UFCOU6_PAD1_STRIDE1_BIASTrue_conv2d_ACTIVATIONrelu_ap_fixed_32_10_,Overall,1116348,11.163 ms,188,292,13881,32943,10.307017543859649,12.02,2.532289842381786,11.59
config_CIN24_HIN14_WIN28_COUT48_K3_UFCIN12_UFCOU12_PAD1_STRIDE1_BIASTrue_conv2d_ACTIVATIONrelu_ap_fixed_32_10_,Overall,776092,7.761 ms,260,580,14774,44325,14.25438596491228,16.17,2.6951984821949795,23.02
config_CIN24_HIN14_WIN28_COUT48_K3_UFCIN12_UFCOU24_PAD1_STRIDE1_BIASTrue_conv2d_ACTIVATIONrelu_ap_fixed_32_10_,Overall,605964,6.060 ms,404,1156,16516,67741,22.149122807017545,24.72,3.0129889083479275,45.87
config_CIN24_HIN14_WIN28_COUT48_K3_UFCIN24_UFCOU6_PAD1_STRIDE1_BIASTrue_conv2d_ACTIVATIONrelu_ap_fixed_32_10_,Overall,1105758,11.058 ms,260,580,15856,45880,14.25438596491228,16.74,2.8925861062463514,23.02
config_CIN24_HIN14_WIN28_COUT48_K3_UFCIN24_UFCOU12_PAD1_STRIDE1_BIASTrue_conv2d_ACTIVATIONrelu_ap_fixed_32_10_,Overall,765502,7.655 ms,404,1156,17458,67799,22.149122807017545,24.74,3.184836544074723,45.87
config_CIN24_HIN14_WIN28_COUT48_K3_UFCIN24_UFCOU24_PAD1_STRIDE1_BIASTrue_conv2d_ACTIVATIONrelu_ap_fixed_32_10_,Overall,595374,5.954 ms,116,2308,38989,118133,6.359649122807018,43.1,7.112704319906597,91.59
config_CIN24_HIN14_WIN56_COUT24_K1_UFCIN6_UFCOU6_PAD1_STRIDE1_BIASTrue_conv2d_ACTIVATIONrelu_ap_fixed_32_10_,Overall,342383,3.424 ms,144,160,14331,25149,7.894736842105263,9.18,2.614382661996497,6.35
config_CIN24_HIN14_WIN56_COUT24_K1_UFCIN6_UFCOU12_PAD1_STRIDE1_BIASTrue_conv2d_ACTIVATIONrelu_ap_fixed_32_10_,Overall,295983,2.960 ms,144,304,16037,31835,7.894736842105263,11.62,2.9256056625802684,12.06
config_CIN24_HIN14_WIN56_COUT24_K1_UFCIN6_UFCOU24_PAD1_STRIDE1_BIASTrue_conv2d_ACTIVATIONrelu_ap_fixed_32_10_,Overall,99238,0.992 ms,144,586,23739,38302,7.894736842105263,13.97,4.330669877408056,23.25
config_CIN24_HIN14_WIN56_COUT24_K1_UFCIN12_UFCOU6_PAD1_STRIDE1_BIASTrue_conv2d_ACTIVATIONrelu_ap_fixed_32_10_,Overall,340527,3.405 ms,144,310,16960,31113,7.894736842105263,11.35,3.0939871570344426,12.3
config_CIN24_HIN14_WIN56_COUT24_K1_UFCIN12_UFCOU12_PAD1_STRIDE1_BIASTrue_conv2d_ACTIVATIONrelu_ap_fixed_32_10_,Overall,294127,2.941 ms,144,598,20196,43086,7.894736842105263,15.72,3.6843257443082313,23.73
config_CIN24_HIN14_WIN56_COUT24_K1_UFCIN12_UFCOU24_PAD1_STRIDE1_BIASTrue_conv2d_ACTIVATIONrelu_ap_fixed_32_10_,Overall,99238,0.992 ms,144,586,36990,56724,7.894736842105263,20.7,6.7480297723292475,23.25
config_CIN24_HIN14_WIN56_COUT24_K1_UFCIN24_UFCOU6_PAD1_STRIDE1_BIASTrue_conv2d_ACTIVATIONrelu_ap_fixed_32_10_,Overall,337737,3.377 ms,144,610,22153,43201,7.894736842105263,15.76,4.041338295388208,24.21
config_CIN24_HIN14_WIN56_COUT24_K1_UFCIN24_UFCOU12_PAD1_STRIDE1_BIASTrue_conv2d_ACTIVATIONrelu_ap_fixed_32_10_,Overall,291337,2.913 ms,144,1186,28449,66299,7.894736842105263,24.19,5.189908056042031,47.06
config_CIN24_HIN14_WIN56_COUT24_K1_UFCIN24_UFCOU24_PAD1_STRIDE1_BIASTrue_conv2d_ACTIVATIONrelu_ap_fixed_32_10_,Overall,90850,0.908 ms,144,1167,130405,78243,7.894736842105263,28.55,23.789586981903092,46.31
config_CIN24_HIN14_WIN56_COUT24_K3_UFCIN6_UFCOU6_PAD1_STRIDE1_BIASTrue_conv2d_ACTIVATIONrelu_ap_fixed_32_10_,Overall,1488841,14.888 ms,176,148,12751,26141,9.649122807017543,9.54,2.326145650904845,5.87
config_CIN24_HIN14_WIN56_COUT24_K3_UFCIN6_UFCOU12_PAD1_STRIDE1_BIASTrue_conv2d_ACTIVATIONrelu_ap_fixed_32_10_,Overall,1148585,11.486 ms,212,292,13313,32688,11.62280701754386,11.93,2.428670461179218,11.59
config_CIN24_HIN14_WIN56_COUT24_K3_UFCIN6_UFCOU24_PAD1_STRIDE1_BIASTrue_conv2d_ACTIVATIONrelu_ap_fixed_32_10_,Overall,167003,1.670 ms,284,580,18946,38156,15.570175438596493,13.92,3.4562901342673675,23.02
config_CIN24_HIN14_WIN56_COUT24_K3_UFCIN12_UFCOU6_PAD1_STRIDE1_BIASTrue_conv2d_ACTIVATIONrelu_ap_fixed_32_10_,Overall,1474729,14.747 ms,212,292,13760,32529,11.62280701754386,11.87,2.5102159953298306,11.59
config_CIN24_HIN14_WIN56_COUT24_K3_UFCIN12_UFCOU12_PAD1_STRIDE1_BIASTrue_conv2d_ACTIVATIONrelu_ap_fixed_32_10_,Overall,1134473,11.345 ms,284,580,14706,44254,15.570175438596493,16.15,2.6827933450087564,23.02
config_CIN24_HIN14_WIN56_COUT24_K3_UFCIN12_UFCOU24_PAD1_STRIDE1_BIASTrue_conv2d_ACTIVATIONrelu_ap_fixed_32_10_,Overall,167003,1.670 ms,140,580,36802,59146,7.675438596491229,21.58,6.713733216579102,23.02
config_CIN24_HIN14_WIN56_COUT24_K3_UFCIN24_UFCOU6_PAD1_STRIDE1_BIASTrue_conv2d_ACTIVATIONrelu_ap_fixed_32_10_,Overall,1453555,14.536 ms,284,580,15749,45251,15.570175438596493,16.51,2.8730662580268533,23.02
config_CIN24_HIN14_WIN56_COUT24_K3_UFCIN24_UFCOU12_PAD1_STRIDE1_BIASTrue_conv2d_ACTIVATIONrelu_ap_fixed_32_10_,Overall,1113299,11.133 ms,140,1156,26679,70477,7.675438596491229,25.71,4.8670096322241685,45.87
config_CIN24_HIN14_WIN56_COUT24_K3_UFCIN24_UFCOU24_PAD1_STRIDE1_BIASTrue_conv2d_ACTIVATIONrelu_ap_fixed_32_10_,Overall,125414,1.254 ms,140,536,52475,91658,7.675438596491229,33.44,9.57293490951547,21.27
config_CIN24_HIN14_WIN56_COUT48_K1_UFCIN6_UFCOU6_PAD1_STRIDE1_BIASTrue_conv2d_ACTIVATIONrelu_ap_fixed_32_10_,Overall,504354,5.044 ms,268,160,13366,24968,14.692982456140353,9.11,2.4383391710449502,6.35
config_CIN24_HIN14_WIN56_COUT48_K1_UFCIN6_UFCOU12_PAD1_STRIDE1_BIASTrue_conv2d_ACTIVATIONrelu_ap_fixed_32_10_,Overall,411554,4.116 ms,232,304,16238,32102,12.719298245614036,11.71,2.9622737886748394,12.06
config_CIN24_HIN14_WIN56_COUT48_K1_UFCIN6_UFCOU24_PAD1_STRIDE1_BIASTrue_conv2d_ACTIVATIONrelu_ap_fixed_32_10_,Overall,365154,3.652 ms,232,592,19670,45324,12.719298245614036,16.54,3.588368359603036,23.49
config_CIN24_HIN14_WIN56_COUT48_K1_UFCIN12_UFCOU6_PAD1_STRIDE1_BIASTrue_conv2d_ACTIVATIONrelu_ap_fixed_32_10_,Overall,502498,5.025 ms,232,310,17195,31522,12.719298245614036,11.5,3.136857851722125,12.3
config_CIN24_HIN14_WIN56_COUT48_K1_UFCIN12_UFCOU12_PAD1_STRIDE1_BIASTrue_conv2d_ACTIVATIONrelu_ap_fixed_32_10_,Overall,409698,4.097 ms,232,598,20451,43178,12.719298245614036,15.75,3.730845008756568,23.73
config_CIN24_HIN14_WIN56_COUT48_K1_UFCIN12_UFCOU24_PAD1_STRIDE1_BIASTrue_conv2d_ACTIVATIONrelu_ap_fixed_32_10_,Overall,363298,3.633 ms,232,1174,26931,66811,12.719298245614036,24.38,4.912981611208407,46.59
config_CIN24_HIN14_WIN56_COUT48_K1_UFCIN24_UFCOU6_PAD1_STRIDE1_BIASTrue_conv2d_ACTIVATIONrelu_ap_fixed_32_10_,Overall,499708,4.997 ms,232,610,22476,43632,12.719298245614036,15.92,4.100262697022767,24.21
config_CIN24_HIN14_WIN56_COUT48_K1_UFCIN24_UFCOU12_PAD1_STRIDE1_BIASTrue_conv2d_ACTIVATIONrelu_ap_fixed_32_10_,Overall,406908,4.069 ms,232,1186,28805,66042,12.719298245614036,24.1,5.254852597781669,47.06
config_CIN24_HIN14_WIN56_COUT48_K1_UFCIN24_UFCOU24_PAD1_STRIDE1_BIASTrue_conv2d_ACTIVATIONrelu_ap_fixed_32_10_,Overall,360508,3.605 ms,232,2338,41382,111600,12.719298245614036,40.72,7.549255691768826,92.78
config_CIN24_HIN14_WIN56_COUT48_K3_UFCIN6_UFCOU6_PAD1_STRIDE1_BIASTrue_conv2d_ACTIVATIONrelu_ap_fixed_32_10_,Overall,2232764,22.328 ms,258,148,12923,26408,14.144736842105262,9.64,2.357523350846468,5.87
config_CIN24_HIN14_WIN56_COUT48_K3_UFCIN6_UFCOU12_PAD1_STRIDE1_BIASTrue_conv2d_ACTIVATIONrelu_ap_fixed_32_10_,Overall,1552252,15.523 ms,294,292,13498,32862,16.11842105263158,11.99,2.4624197314652654,11.59
config_CIN24_HIN14_WIN56_COUT48_K3_UFCIN6_UFCOU24_PAD1_STRIDE1_BIASTrue_conv2d_ACTIVATIONrelu_ap_fixed_32_10_,Overall,1211996,12.120 ms,366,580,14634,45943,20.065789473684212,16.76,2.6696584938704024,23.02
config_CIN24_HIN14_WIN56_COUT48_K3_UFCIN12_UFCOU6_PAD1_STRIDE1_BIASTrue_conv2d_ACTIVATIONrelu_ap_fixed_32_10_,Overall,2218652,22.187 ms,294,292,13974,32980,16.11842105263158,12.03,2.5492556917688267,11.59
config_CIN24_HIN14_WIN56_COUT48_K3_UFCIN12_UFCOU12_PAD1_STRIDE1_BIASTrue_conv2d_ACTIVATIONrelu_ap_fixed_32_10_,Overall,1538140,15.381 ms,366,580,14939,44362,20.065789473684212,16.19,2.7252991827203736,23.02
config_CIN24_HIN14_WIN56_COUT48_K3_UFCIN12_UFCOU24_PAD1_STRIDE1_BIASTrue_conv2d_ACTIVATIONrelu_ap_fixed_32_10_,Overall,1197884,11.979 ms,510,1156,16825,67746,27.960526315789476,24.72,3.0693593111500292,45.87
config_CIN24_HIN14_WIN56_COUT48_K3_UFCIN24_UFCOU6_PAD1_STRIDE1_BIASTrue_conv2d_ACTIVATIONrelu_ap_fixed_32_10_,Overall,2197478,21.975 ms,366,580,16042,45923,20.065789473684212,16.76,2.926517805020432,23.02
config_CIN24_HIN14_WIN56_COUT48_K3_UFCIN24_UFCOU12_PAD1_STRIDE1_BIASTrue_conv2d_ACTIVATIONrelu_ap_fixed_32_10_,Overall,1516966,15.170 ms,510,1156,17788,67842,27.960526315789476,24.75,3.245037945125511,45.87
config_CIN24_HIN14_WIN56_COUT48_K3_UFCIN24_UFCOU24_PAD1_STRIDE1_BIASTrue_conv2d_ACTIVATIONrelu_ap_fixed_32_10_,Overall,1176710,11.767 ms,222,2308,39607,118120,12.171052631578947,43.1,7.2254451255108005,91.59
config_CIN24_HIN28_WIN14_COUT24_K1_UFCIN6_UFCOU6_PAD1_STRIDE1_BIASTrue_conv2d_ACTIVATIONrelu_ap_fixed_32_10_,Overall,143433,1.434 ms,78,148,13823,25453,4.276315789473684,9.29,2.5217089900758904,5.87
config_CIN24_HIN28_WIN14_COUT24_K1_UFCIN6_UFCOU12_PAD1_STRIDE1_BIASTrue_conv2d_ACTIVATIONrelu_ap_fixed_32_10_,Overall,119433,1.194 ms,78,292,15564,32110,4.276315789473684,11.72,2.8393169877408053,11.59
config_CIN24_HIN28_WIN14_COUT24_K1_UFCIN6_UFCOU24_PAD1_STRIDE1_BIASTrue_conv2d_ACTIVATIONrelu_ap_fixed_32_10_,Overall,52219,0.522 ms,78,580,23472,38354,4.276315789473684,13.99,4.281961471103327,23.02
config_CIN24_HIN28_WIN14_COUT24_K1_UFCIN12_UFCOU6_PAD1_STRIDE1_BIASTrue_conv2d_ACTIVATIONrelu_ap_fixed_32_10_,Overall,142473,1.425 ms,78,292,15949,31422,4.276315789473684,11.46,2.9095519556333915,11.59
config_CIN24_HIN28_WIN14_COUT24_K1_UFCIN12_UFCOU12_PAD1_STRIDE1_BIASTrue_conv2d_ACTIVATIONrelu_ap_fixed_32_10_,Overall,118473,1.185 ms,78,580,19190,43330,4.276315789473684,15.81,3.5008026853473435,23.02
config_CIN24_HIN28_WIN14_COUT24_K1_UFCIN12_UFCOU24_PAD1_STRIDE1_BIASTrue_conv2d_ACTIVATIONrelu_ap_fixed_32_10_,Overall,52219,0.522 ms,78,580,36724,56781,4.276315789473684,20.72,6.699503794512552,23.02
config_CIN24_HIN28_WIN14_COUT24_K1_UFCIN24_UFCOU6_PAD1_STRIDE1_BIASTrue_conv2d_ACTIVATIONrelu_ap_fixed_32_10_,Overall,141027,1.410 ms,78,580,20088,43495,4.276315789473684,15.87,3.6646234676007006,23.02
config_CIN24_HIN28_WIN14_COUT24_K1_UFCIN24_UFCOU12_PAD1_STRIDE1_BIASTrue_conv2d_ACTIVATIONrelu_ap_fixed_32_10_,Overall,117027,1.170 ms,78,1156,26329,66456,4.276315789473684,24.25,4.803159661412726,45.87
config_CIN24_HIN28_WIN14_COUT24_K1_UFCIN24_UFCOU24_PAD1_STRIDE1_BIASTrue_conv2d_ACTIVATIONrelu_ap_fixed_32_10_,Overall,47832,0.478 ms,101,1160,99576,72112,5.537280701754386,26.31,18.165499124343256,46.03
config_CIN24_HIN28_WIN14_COUT24_K3_UFCIN6_UFCOU6_PAD1_STRIDE1_BIASTrue_conv2d_ACTIVATIONrelu_ap_fixed_32_10_,Overall,747989,7.480 ms,112,148,12695,26165,6.140350877192982,9.55,2.315929655575015,5.87
config_CIN24_HIN28_WIN14_COUT24_K3_UFCIN6_UFCOU12_PAD1_STRIDE1_BIASTrue_conv2d_ACTIVATIONrelu_ap_fixed_32_10_,Overall,577861,5.779 ms,148,292,13222,32731,8.114035087719298,11.94,2.412069468768243,11.59
config_CIN24_HIN28_WIN14_COUT24_K3_UFCIN6_UFCOU24_PAD1_STRIDE1_BIASTrue_conv2d_ACTIVATIONrelu_ap_fixed_32_10_,Overall,87063,0.871 ms,220,580,18902,38156,12.06140350877193,13.92,3.4482632807939293,23.02
config_CIN24_HIN28_WIN14_COUT24_K3_UFCIN12_UFCOU6_PAD1_STRIDE1_BIASTrue_conv2d_ACTIVATIONrelu_ap_fixed_32_10_,Overall,740933,7.409 ms,148,292,13669,32594,8.114035087719298,11.89,2.493615002918856,11.59
config_CIN24_HIN28_WIN14_COUT24_K3_UFCIN12_UFCOU12_PAD1_STRIDE1_BIASTrue_conv2d_ACTIVATIONrelu_ap_fixed_32_10_,Overall,570805,5.708 ms,220,580,14544,44350,12.06140350877193,16.18,2.6532399299474605,23.02
config_CIN24_HIN28_WIN14_COUT24_K3_UFCIN12_UFCOU24_PAD1_STRIDE1_BIASTrue_conv2d_ACTIVATIONrelu_ap_fixed_32_10_,Overall,87063,0.871 ms,76,580,36759,59151,4.166666666666666,21.58,6.705888791593695,23.02
config_CIN24_HIN28_WIN14_COUT24_K3_UFCIN24_UFCOU6_PAD1_STRIDE1_BIASTrue_conv2d_ACTIVATIONrelu_ap_fixed_32_10_,Overall,730343,7.303 ms,220,580,15564,45373,12.06140350877193,16.55,2.8393169877408053,23.02
config_CIN24_HIN28_WIN14_COUT24_K3_UFCIN24_UFCOU12_PAD1_STRIDE1_BIASTrue_conv2d_ACTIVATIONrelu_ap_fixed_32_10_,Overall,560215,5.602 ms,76,1156,26351,70654,4.166666666666666,25.78,4.807173088149446,45.87
config_CIN24_HIN28_WIN14_COUT24_K3_UFCIN24_UFCOU24_PAD1_STRIDE1_BIASTrue_conv2d_ACTIVATIONrelu_ap_fixed_32_10_,Overall,66222,0.662 ms,76,536,52427,91642,4.166666666666666,33.44,9.5641783420899,21.27
config_CIN24_HIN28_WIN14_COUT48_K1_UFCIN6_UFCOU6_PAD1_STRIDE1_BIASTrue_conv2d_ACTIVATIONrelu_ap_fixed_32_10_,Overall,228348,2.283 ms,158,148,12847,25397,8.662280701754387,9.27,2.343658785755984,5.87
config_CIN24_HIN28_WIN14_COUT48_K1_UFCIN6_UFCOU12_PAD1_STRIDE1_BIASTrue_conv2d_ACTIVATIONrelu_ap_fixed_32_10_,Overall,180348,1.803 ms,122,292,15753,32476,6.68859649122807,11.85,2.8737959719789843,11.59
config_CIN24_HIN28_WIN14_COUT48_K1_UFCIN6_UFCOU24_PAD1_STRIDE1_BIASTrue_conv2d_ACTIVATIONrelu_ap_fixed_32_10_,Overall,156348,1.563 ms,122,580,19120,45637,6.68859649122807,16.65,3.4880326911850554,23.02
config_CIN24_HIN28_WIN14_COUT48_K1_UFCIN12_UFCOU6_PAD1_STRIDE1_BIASTrue_conv2d_ACTIVATIONrelu_ap_fixed_32_10_,Overall,227388,2.274 ms,122,292,16167,31992,6.68859649122807,11.67,2.949321366024518,11.59
config_CIN24_HIN28_WIN14_COUT48_K1_UFCIN12_UFCOU12_PAD1_STRIDE1_BIASTrue_conv2d_ACTIVATIONrelu_ap_fixed_32_10_,Overall,179388,1.794 ms,122,580,19427,43557,6.68859649122807,15.89,3.544038237011091,23.02
config_CIN24_HIN28_WIN14_COUT48_K1_UFCIN12_UFCOU24_PAD1_STRIDE1_BIASTrue_conv2d_ACTIVATIONrelu_ap_fixed_32_10_,Overall,155388,1.554 ms,122,1156,25776,67093,6.68859649122807,24.48,4.702276707530649,45.87
config_CIN24_HIN28_WIN14_COUT48_K1_UFCIN24_UFCOU6_PAD1_STRIDE1_BIASTrue_conv2d_ACTIVATIONrelu_ap_fixed_32_10_,Overall,225942,2.259 ms,122,580,20382,44159,6.68859649122807,16.11,3.7182574430823117,23.02
config_CIN24_HIN28_WIN14_COUT48_K1_UFCIN24_UFCOU12_PAD1_STRIDE1_BIASTrue_conv2d_ACTIVATIONrelu_ap_fixed_32_10_,Overall,177942,1.779 ms,122,1156,26655,66406,6.68859649122807,24.23,4.862631348511384,45.87
config_CIN24_HIN28_WIN14_COUT48_K1_UFCIN24_UFCOU24_PAD1_STRIDE1_BIASTrue_conv2d_ACTIVATIONrelu_ap_fixed_32_10_,Overall,153942,1.539 ms,122,2308,38969,111795,6.68859649122807,40.79,7.109055750145943,91.59
config_CIN24_HIN28_WIN14_COUT48_K3_UFCIN6_UFCOU6_PAD1_STRIDE1_BIASTrue_conv2d_ACTIVATIONrelu_ap_fixed_32_10_,Overall,1123432,11.234 ms,152,148,12867,26406,8.333333333333332,9.63,2.3473073555166377,5.87
config_CIN24_HIN28_WIN14_COUT48_K3_UFCIN6_UFCOU12_PAD1_STRIDE1_BIASTrue_conv2d_ACTIVATIONrelu_ap_fixed_32_10_,Overall,783176,7.832 ms,188,292,13406,32884,10.307017543859649,12.0,2.445636310566258,11.59
config_CIN24_HIN28_WIN14_COUT48_K3_UFCIN6_UFCOU24_PAD1_STRIDE1_BIASTrue_conv2d_ACTIVATIONrelu_ap_fixed_32_10_,Overall,613048,6.130 ms,260,580,14471,45984,14.25438596491228,16.78,2.639922650321074,23.02
config_CIN24_HIN28_WIN14_COUT48_K3_UFCIN12_UFCOU6_PAD1_STRIDE1_BIASTrue_conv2d_ACTIVATIONrelu_ap_fixed_32_10_,Overall,1116376,11.164 ms,188,292,13883,33019,10.307017543859649,12.05,2.5326546993578516,11.59
config_CIN24_HIN28_WIN14_COUT48_K3_UFCIN12_UFCOU12_PAD1_STRIDE1_BIASTrue_conv2d_ACTIVATIONrelu_ap_fixed_32_10_,Overall,776120,7.761 ms,260,580,14776,44425,14.25438596491228,16.21,2.695563339171045,23.02
config_CIN24_HIN28_WIN14_COUT48_K3_UFCIN12_UFCOU24_PAD1_STRIDE1_BIASTrue_conv2d_ACTIVATIONrelu_ap_fixed_32_10_,Overall,605992,6.060 ms,404,1156,16519,67840,22.149122807017545,24.75,3.0135361938120258,45.87
config_CIN24_HIN28_WIN14_COUT48_K3_UFCIN24_UFCOU6_PAD1_STRIDE1_BIASTrue_conv2d_ACTIVATIONrelu_ap_fixed_32_10_,Overall,1105786,11.058 ms,260,580,15857,46019,14.25438596491228,16.79,2.892768534734384,23.02
config_CIN24_HIN28_WIN14_COUT48_K3_UFCIN24_UFCOU12_PAD1_STRIDE1_BIASTrue_conv2d_ACTIVATIONrelu_ap_fixed_32_10_,Overall,765530,7.655 ms,404,1156,17459,67962,22.149122807017545,24.8,3.185018972562755,45.87
config_CIN24_HIN28_WIN14_COUT48_K3_UFCIN24_UFCOU24_PAD1_STRIDE1_BIASTrue_conv2d_ACTIVATIONrelu_ap_fixed_32_10_,Overall,595402,5.954 ms,116,2308,38991,118295,6.359649122807018,43.16,7.113069176882663,91.59
config_CIN24_HIN28_WIN28_COUT24_K1_UFCIN6_UFCOU6_PAD1_STRIDE1_BIASTrue_conv2d_ACTIVATIONrelu_ap_fixed_32_10_,Overall,267921,2.679 ms,144,148,13861,25773,7.894736842105263,9.4,2.5286412726211327,5.87
config_CIN24_HIN28_WIN28_COUT24_K1_UFCIN6_UFCOU12_PAD1_STRIDE1_BIASTrue_conv2d_ACTIVATIONrelu_ap_fixed_32_10_,Overall,222921,2.229 ms,144,292,15576,32402,7.894736842105263,11.82,2.8415061295971977,11.59
config_CIN24_HIN28_WIN28_COUT24_K1_UFCIN6_UFCOU24_PAD1_STRIDE1_BIASTrue_conv2d_ACTIVATIONrelu_ap_fixed_32_10_,Overall,96907,0.969 ms,144,580,23510,38485,7.894736842105263,14.04,4.28889375364857,23.02
config_CIN24_HIN28_WIN28_COUT24_K1_UFCIN12_UFCOU6_PAD1_STRIDE1_BIASTrue_conv2d_ACTIVATIONrelu_ap_fixed_32_10_,Overall,266121,2.661 ms,144,292,16023,31942,7.894736842105263,11.65,2.923051663747811,11.59
config_CIN24_HIN28_WIN28_COUT24_K1_UFCIN12_UFCOU12_PAD1_STRIDE1_BIASTrue_conv2d_ACTIVATIONrelu_ap_fixed_32_10_,Overall,221121,2.211 ms,144,580,19274,43822,7.894736842105263,15.99,3.51612667834209,23.02
config_CIN24_HIN28_WIN28_COUT24_K1_UFCIN12_UFCOU24_PAD1_STRIDE1_BIASTrue_conv2d_ACTIVATIONrelu_ap_fixed_32_10_,Overall,96907,0.969 ms,144,580,36761,56908,7.894736842105263,20.76,6.706253648569762,23.02
config_CIN24_HIN28_WIN28_COUT24_K1_UFCIN24_UFCOU6_PAD1_STRIDE1_BIASTrue_conv2d_ACTIVATIONrelu_ap_fixed_32_10_,Overall,263415,2.634 ms,144,580,20255,44429,7.894736842105263,16.21,3.6950890251021598,23.02
config_CIN24_HIN28_WIN28_COUT24_K1_UFCIN24_UFCOU12_PAD1_STRIDE1_BIASTrue_conv2d_ACTIVATIONrelu_ap_fixed_32_10_,Overall,218415,2.184 ms,144,1156,26578,67362,7.894736842105263,24.58,4.848584354932867,45.87
config_CIN24_HIN28_WIN28_COUT24_K1_UFCIN24_UFCOU24_PAD1_STRIDE1_BIASTrue_conv2d_ACTIVATIONrelu_ap_fixed_32_10_,Overall,88740,0.887 ms,144,1160,99609,72247,7.894736842105263,26.36,18.171519264448335,46.03
config_CIN24_HIN28_WIN28_COUT24_K3_UFCIN6_UFCOU6_PAD1_STRIDE1_BIASTrue_conv2d_ACTIVATIONrelu_ap_fixed_32_10_,Overall,1488869,14.889 ms,176,148,12752,26195,9.649122807017543,9.56,2.3263280793928782,5.87
config_CIN24_HIN28_WIN28_COUT24_K3_UFCIN6_UFCOU12_PAD1_STRIDE1_BIASTrue_conv2d_ACTIVATIONrelu_ap_fixed_32_10_,Overall,1148613,11.486 ms,212,292,13315,32741,11.62280701754386,11.95,2.4290353181552833,11.59
config_CIN24_HIN28_WIN28_COUT24_K3_UFCIN6_UFCOU24_PAD1_STRIDE1_BIASTrue_conv2d_ACTIVATIONrelu_ap_fixed_32_10_,Overall,167031,1.670 ms,284,580,18947,38157,15.570175438596493,13.92,3.4564725627554,23.02
config_CIN24_HIN28_WIN28_COUT24_K3_UFCIN12_UFCOU6_PAD1_STRIDE1_BIASTrue_conv2d_ACTIVATIONrelu_ap_fixed_32_10_,Overall,1474757,14.748 ms,212,292,13762,32620,11.62280701754386,11.9,2.510580852305896,11.59
config_CIN24_HIN28_WIN28_COUT24_K3_UFCIN12_UFCOU12_PAD1_STRIDE1_BIASTrue_conv2d_ACTIVATIONrelu_ap_fixed_32_10_,Overall,1134501,11.345 ms,284,580,14709,44344,15.570175438596493,16.18,2.6833406304728546,23.02
config_CIN24_HIN28_WIN28_COUT24_K3_UFCIN12_UFCOU24_PAD1_STRIDE1_BIASTrue_conv2d_ACTIVATIONrelu_ap_fixed_32_10_,Overall,167031,1.670 ms,140,580,36803,59148,7.675438596491229,21.58,6.713915645067134,23.02
config_CIN24_HIN28_WIN28_COUT24_K3_UFCIN24_UFCOU6_PAD1_STRIDE1_BIASTrue_conv2d_ACTIVATIONrelu_ap_fixed_32_10_,Overall,1453583,14.536 ms,284,580,15750,45405,15.570175438596493,16.57,2.873248686514886,23.02
config_CIN24_HIN28_WIN28_COUT24_K3_UFCIN24_UFCOU12_PAD1_STRIDE1_BIASTrue_conv2d_ACTIVATIONrelu_ap_fixed_32_10_,Overall,1113327,11.133 ms,140,1156,26681,70630,7.675438596491229,25.77,4.867374489200234,45.87
config_CIN24_HIN28_WIN28_COUT24_K3_UFCIN24_UFCOU24_PAD1_STRIDE1_BIASTrue_conv2d_ACTIVATIONrelu_ap_fixed_32_10_,Overall,125414,1.254 ms,140,536,52473,91648,7.675438596491229,33.44,9.572570052539405,21.27
config_CIN24_HIN28_WIN28_COUT48_K1_UFCIN6_UFCOU6_PAD1_STRIDE1_BIASTrue_conv2d_ACTIVATIONrelu_ap_fixed_32_10_,Overall,425076,4.251 ms,268,148,12884,25687,14.692982456140353,9.37,2.350408639813193,5.87
config_CIN24_HIN28_WIN28_COUT48_K1_UFCIN6_UFCOU12_PAD1_STRIDE1_BIASTrue_conv2d_ACTIVATIONrelu_ap_fixed_32_10_,Overall,335076,3.351 ms,232,292,15763,32762,12.719298245614036,11.95,2.875620256859311,11.59
config_CIN24_HIN28_WIN28_COUT48_K1_UFCIN6_UFCOU24_PAD1_STRIDE1_BIASTrue_conv2d_ACTIVATIONrelu_ap_fixed_32_10_,Overall,290076,2.901 ms,232,580,19204,45927,12.719298245614036,16.76,3.5033566841798014,23.02
config_CIN24_HIN28_WIN28_COUT48_K1_UFCIN12_UFCOU6_PAD1_STRIDE1_BIASTrue_conv2d_ACTIVATIONrelu_ap_fixed_32_10_,Overall,423276,4.233 ms,232,292,16240,32482,12.719298245614036,11.85,2.962638645650905,11.59
config_CIN24_HIN28_WIN28_COUT48_K1_UFCIN12_UFCOU12_PAD1_STRIDE1_BIASTrue_conv2d_ACTIVATIONrelu_ap_fixed_32_10_,Overall,333276,3.333 ms,232,580,19509,44043,12.719298245614036,16.07,3.558997373029772,23.02
config_CIN24_HIN28_WIN28_COUT48_K1_UFCIN12_UFCOU24_PAD1_STRIDE1_BIASTrue_conv2d_ACTIVATIONrelu_ap_fixed_32_10_,Overall,288276,2.883 ms,232,1156,26004,67583,12.719298245614036,24.66,4.743870402802101,45.87
config_CIN24_HIN28_WIN28_COUT48_K1_UFCIN24_UFCOU6_PAD1_STRIDE1_BIASTrue_conv2d_ACTIVATIONrelu_ap_fixed_32_10_,Overall,420570,4.206 ms,232,580,20548,45063,12.719298245614036,16.44,3.7485405720957385,23.02
config_CIN24_HIN28_WIN28_COUT48_K1_UFCIN24_UFCOU12_PAD1_STRIDE1_BIASTrue_conv2d_ACTIVATIONrelu_ap_fixed_32_10_,Overall,330570,3.306 ms,232,1156,26902,67306,12.719298245614036,24.56,4.907691185055459,45.87
config_CIN24_HIN28_WIN28_COUT48_K1_UFCIN24_UFCOU24_PAD1_STRIDE1_BIASTrue_conv2d_ACTIVATIONrelu_ap_fixed_32_10_,Overall,285570,2.856 ms,232,2308,39506,112699,12.719298245614036,41.12,7.207019848219498,91.59
config_CIN24_HIN28_WIN28_COUT48_K3_UFCIN6_UFCOU6_PAD1_STRIDE1_BIASTrue_conv2d_ACTIVATIONrelu_ap_fixed_32_10_,Overall,2232792,22.328 ms,258,148,12924,26436,14.144736842105262,9.65,2.357705779334501,5.87
config_CIN24_HIN28_WIN28_COUT48_K3_UFCIN6_UFCOU12_PAD1_STRIDE1_BIASTrue_conv2d_ACTIVATIONrelu_ap_fixed_32_10_,Overall,1552280,15.523 ms,294,292,13499,32914,16.11842105263158,12.01,2.4626021599532986,11.59
config_CIN24_HIN28_WIN28_COUT48_K3_UFCIN6_UFCOU24_PAD1_STRIDE1_BIASTrue_conv2d_ACTIVATIONrelu_ap_fixed_32_10_,Overall,1212024,12.120 ms,366,580,14636,45994,20.065789473684212,16.78,2.670023350846468,23.02
config_CIN24_HIN28_WIN28_COUT48_K3_UFCIN12_UFCOU6_PAD1_STRIDE1_BIASTrue_conv2d_ACTIVATIONrelu_ap_fixed_32_10_,Overall,2218680,22.187 ms,294,292,13976,33045,16.11842105263158,12.06,2.5496205487448917,11.59
config_CIN24_HIN28_WIN28_COUT48_K3_UFCIN12_UFCOU12_PAD1_STRIDE1_BIASTrue_conv2d_ACTIVATIONrelu_ap_fixed_32_10_,Overall,1538168,15.382 ms,366,580,14941,44451,20.065789473684212,16.22,2.725664039696439,23.02
config_CIN24_HIN28_WIN28_COUT48_K3_UFCIN12_UFCOU24_PAD1_STRIDE1_BIASTrue_conv2d_ACTIVATIONrelu_ap_fixed_32_10_,Overall,1197912,11.979 ms,510,1156,16828,67834,27.960526315789476,24.75,3.069906596614127,45.87
config_CIN24_HIN28_WIN28_COUT48_K3_UFCIN24_UFCOU6_PAD1_STRIDE1_BIASTrue_conv2d_ACTIVATIONrelu_ap_fixed_32_10_,Overall,2197506,21.975 ms,366,580,16043,46051,20.065789473684212,16.8,2.926700233508465,23.02
config_CIN24_HIN28_WIN28_COUT48_K3_UFCIN24_UFCOU12_PAD1_STRIDE1_BIASTrue_conv2d_ACTIVATIONrelu_ap_fixed_32_10_,Overall,1516994,15.170 ms,510,1156,17789,67994,27.960526315789476,24.81,3.2452203736135434,45.87
config_CIN24_HIN28_WIN28_COUT48_K3_UFCIN24_UFCOU24_PAD1_STRIDE1_BIASTrue_conv2d_ACTIVATIONrelu_ap_fixed_32_10_,Overall,1176738,11.767 ms,222,2308,39609,118271,12.171052631578947,43.15,7.225809982486865,91.59
config_CIN24_HIN28_WIN56_COUT24_K1_UFCIN6_UFCOU6_PAD1_STRIDE1_BIASTrue_conv2d_ACTIVATIONrelu_ap_fixed_32_10_,Overall,642179,6.422 ms,278,160,14418,25381,15.241228070175438,9.26,2.6302539404553413,6.35
config_CIN24_HIN28_WIN56_COUT24_K1_UFCIN6_UFCOU12_PAD1_STRIDE1_BIASTrue_conv2d_ACTIVATIONrelu_ap_fixed_32_10_,Overall,555179,5.552 ms,278,304,16162,32056,15.241228070175438,11.7,2.948409223584355,12.06
config_CIN24_HIN28_WIN56_COUT24_K1_UFCIN6_UFCOU24_PAD1_STRIDE1_BIASTrue_conv2d_ACTIVATIONrelu_ap_fixed_32_10_,Overall,186290,1.863 ms,278,586,23822,38393,15.241228070175438,14.01,4.345811441914769,23.25
config_CIN24_HIN28_WIN56_COUT24_K1_UFCIN12_UFCOU6_PAD1_STRIDE1_BIASTrue_conv2d_ACTIVATIONrelu_ap_fixed_32_10_,Overall,638699,6.387 ms,278,310,17084,31430,15.241228070175438,11.47,3.1166082895504963,12.3
config_CIN24_HIN28_WIN56_COUT24_K1_UFCIN12_UFCOU12_PAD1_STRIDE1_BIASTrue_conv2d_ACTIVATIONrelu_ap_fixed_32_10_,Overall,551699,5.517 ms,278,598,20394,43386,15.241228070175438,15.83,3.720446584938704,23.73
config_CIN24_HIN28_WIN56_COUT24_K1_UFCIN12_UFCOU24_PAD1_STRIDE1_BIASTrue_conv2d_ACTIVATIONrelu_ap_fixed_32_10_,Overall,186290,1.863 ms,278,586,37072,56816,15.241228070175438,20.73,6.7629889083479275,23.25
config_CIN24_HIN28_WIN56_COUT24_K1_UFCIN24_UFCOU6_PAD1_STRIDE1_BIASTrue_conv2d_ACTIVATIONrelu_ap_fixed_32_10_,Overall,633473,6.335 ms,278,610,22369,43677,15.241228070175438,15.94,4.080742848803269,24.21
config_CIN24_HIN28_WIN56_COUT24_K1_UFCIN24_UFCOU12_PAD1_STRIDE1_BIASTrue_conv2d_ACTIVATIONrelu_ap_fixed_32_10_,Overall,546473,5.465 ms,278,1186,28811,66746,15.241228070175438,24.35,5.255947168709866,47.06
config_CIN24_HIN28_WIN56_COUT24_K1_UFCIN24_UFCOU24_PAD1_STRIDE1_BIASTrue_conv2d_ACTIVATIONrelu_ap_fixed_32_10_,Overall,170566,1.706 ms,278,1167,130485,78323,15.241228070175438,28.58,23.804181260945708,46.31
config_CIN24_HIN28_WIN56_COUT24_K3_UFCIN6_UFCOU6_PAD1_STRIDE1_BIASTrue_conv2d_ACTIVATIONrelu_ap_fixed_32_10_,Overall,2970629,29.706 ms,306,148,12809,26233,16.776315789473685,9.57,2.3367265032107416,5.87
config_CIN24_HIN28_WIN56_COUT24_K3_UFCIN6_UFCOU12_PAD1_STRIDE1_BIASTrue_conv2d_ACTIVATIONrelu_ap_fixed_32_10_,Overall,2290117,22.901 ms,342,292,13408,32779,18.75,11.96,2.4460011675423234,11.59
config_CIN24_HIN28_WIN56_COUT24_K3_UFCIN6_UFCOU24_PAD1_STRIDE1_BIASTrue_conv2d_ACTIVATIONrelu_ap_fixed_32_10_,Overall,326967,3.270 ms,414,580,18991,38186,22.697368421052634,13.93,3.464499416228838,23.02
config_CIN24_HIN28_WIN56_COUT24_K3_UFCIN12_UFCOU6_PAD1_STRIDE1_BIASTrue_conv2d_ACTIVATIONrelu_ap_fixed_32_10_,Overall,2942405,29.424 ms,342,292,13855,32658,18.75,11.92,2.5275467016929363,11.59
config_CIN24_HIN28_WIN56_COUT24_K3_UFCIN12_UFCOU12_PAD1_STRIDE1_BIASTrue_conv2d_ACTIVATIONrelu_ap_fixed_32_10_,Overall,2261893,22.619 ms,414,580,14874,44382,22.697368421052634,16.19,2.713441330998249,23.02
config_CIN24_HIN28_WIN56_COUT24_K3_UFCIN12_UFCOU24_PAD1_STRIDE1_BIASTrue_conv2d_ACTIVATIONrelu_ap_fixed_32_10_,Overall,326967,3.270 ms,270,580,36846,59177,14.802631578947366,21.59,6.721760070052539,23.02
config_CIN24_HIN28_WIN56_COUT24_K3_UFCIN24_UFCOU6_PAD1_STRIDE1_BIASTrue_conv2d_ACTIVATIONrelu_ap_fixed_32_10_,Overall,2900063,29.001 ms,414,580,15936,45443,22.697368421052634,16.58,2.907180385288967,23.02
config_CIN24_HIN28_WIN56_COUT24_K3_UFCIN24_UFCOU12_PAD1_STRIDE1_BIASTrue_conv2d_ACTIVATIONrelu_ap_fixed_32_10_,Overall,2219551,22.196 ms,270,1156,27011,70668,14.802631578947366,25.78,4.927575890251021,45.87
config_CIN24_HIN28_WIN56_COUT24_K3_UFCIN24_UFCOU24_PAD1_STRIDE1_BIASTrue_conv2d_ACTIVATIONrelu_ap_fixed_32_10_,Overall,243798,2.438 ms,270,536,52518,91675,14.802631578947366,33.45,9.580779334500876,21.27
config_CIN24_HIN28_WIN56_COUT48_K1_UFCIN6_UFCOU6_PAD1_STRIDE1_BIASTrue_conv2d_ACTIVATIONrelu_ap_fixed_32_10_,Overall,943814,9.438 ms,458,160,13451,25212,25.109649122807014,9.2,2.4538455925277294,6.35
config_CIN24_HIN28_WIN56_COUT48_K1_UFCIN6_UFCOU12_PAD1_STRIDE1_BIASTrue_conv2d_ACTIVATIONrelu_ap_fixed_32_10_,Overall,769814,7.698 ms,446,304,16359,32309,24.451754385964914,11.79,2.9843476357267953,12.06
config_CIN24_HIN28_WIN56_COUT48_K1_UFCIN6_UFCOU24_PAD1_STRIDE1_BIASTrue_conv2d_ACTIVATIONrelu_ap_fixed_32_10_,Overall,682814,6.828 ms,446,592,19864,45547,24.451754385964914,16.62,3.6237594862813776,23.49
config_CIN24_HIN28_WIN56_COUT48_K1_UFCIN12_UFCOU6_PAD1_STRIDE1_BIASTrue_conv2d_ACTIVATIONrelu_ap_fixed_32_10_,Overall,940334,9.403 ms,422,310,17317,31857,23.135964912280702,11.62,3.159114127262113,12.3
config_CIN24_HIN28_WIN56_COUT48_K1_UFCIN12_UFCOU12_PAD1_STRIDE1_BIASTrue_conv2d_ACTIVATIONrelu_ap_fixed_32_10_,Overall,766334,7.663 ms,446,598,20645,43470,24.451754385964914,15.86,3.7662361354349096,23.73
config_CIN24_HIN28_WIN56_COUT48_K1_UFCIN12_UFCOU24_PAD1_STRIDE1_BIASTrue_conv2d_ACTIVATIONrelu_ap_fixed_32_10_,Overall,679334,6.793 ms,446,1174,27270,67113,24.451754385964914,24.49,4.974824868651488,46.59
config_CIN24_HIN28_WIN56_COUT48_K1_UFCIN24_UFCOU6_PAD1_STRIDE1_BIASTrue_conv2d_ACTIVATIONrelu_ap_fixed_32_10_,Overall,935108,9.351 ms,422,610,22690,44138,23.135964912280702,16.1,4.1393023934617625,24.21
config_CIN24_HIN28_WIN56_COUT48_K1_UFCIN24_UFCOU12_PAD1_STRIDE1_BIASTrue_conv2d_ACTIVATIONrelu_ap_fixed_32_10_,Overall,761108,7.611 ms,446,1186,29163,66493,24.451754385964914,24.26,5.320161996497373,47.06
config_CIN24_HIN28_WIN56_COUT48_K1_UFCIN24_UFCOU24_PAD1_STRIDE1_BIASTrue_conv2d_ACTIVATIONrelu_ap_fixed_32_10_,Overall,674108,6.741 ms,446,2338,42029,112049,24.451754385964914,40.88,7.667286923525977,92.78
config_CIN24_HIN28_WIN56_COUT48_K3_UFCIN6_UFCOU6_PAD1_STRIDE1_BIASTrue_conv2d_ACTIVATIONrelu_ap_fixed_32_10_,Overall,4451512,44.515 ms,444,148,12983,26422,24.342105263157894,9.64,2.36846906012843,5.87
config_CIN24_HIN28_WIN56_COUT48_K3_UFCIN6_UFCOU12_PAD1_STRIDE1_BIASTrue_conv2d_ACTIVATIONrelu_ap_fixed_32_10_,Overall,3090488,30.905 ms,504,292,13594,32920,27.631578947368425,12.01,2.479932866316404,11.59
config_CIN24_HIN28_WIN56_COUT48_K3_UFCIN6_UFCOU24_PAD1_STRIDE1_BIASTrue_conv2d_ACTIVATIONrelu_ap_fixed_32_10_,Overall,2409976,24.100 ms,576,580,14803,46000,31.57894736842105,16.78,2.7004889083479275,23.02
config_CIN24_HIN28_WIN56_COUT48_K3_UFCIN12_UFCOU6_PAD1_STRIDE1_BIASTrue_conv2d_ACTIVATIONrelu_ap_fixed_32_10_,Overall,4423288,44.233 ms,480,292,14071,33019,26.31578947368421,12.05,2.5669512551079974,11.59
config_CIN24_HIN28_WIN56_COUT48_K3_UFCIN12_UFCOU12_PAD1_STRIDE1_BIASTrue_conv2d_ACTIVATIONrelu_ap_fixed_32_10_,Overall,3062264,30.623 ms,576,580,15108,44457,31.57894736842105,16.22,2.7561295971978983,23.02
config_CIN24_HIN28_WIN56_COUT48_K3_UFCIN12_UFCOU24_PAD1_STRIDE1_BIASTrue_conv2d_ACTIVATIONrelu_ap_fixed_32_10_,Overall,2381752,23.818 ms,720,1156,17139,67840,39.473684210526315,24.75,3.126641856392294,45.87
config_CIN24_HIN28_WIN56_COUT48_K3_UFCIN24_UFCOU6_PAD1_STRIDE1_BIASTrue_conv2d_ACTIVATIONrelu_ap_fixed_32_10_,Overall,4380946,43.809 ms,552,580,16231,46001,30.263157894736842,16.78,2.9609967892586107,23.02
config_CIN24_HIN28_WIN56_COUT48_K3_UFCIN24_UFCOU12_PAD1_STRIDE1_BIASTrue_conv2d_ACTIVATIONrelu_ap_fixed_32_10_,Overall,3019922,30.199 ms,720,1156,18121,68000,39.473684210526315,24.81,3.305786631640397,45.87
config_CIN24_HIN28_WIN56_COUT48_K3_UFCIN24_UFCOU24_PAD1_STRIDE1_BIASTrue_conv2d_ACTIVATIONrelu_ap_fixed_32_10_,Overall,2339410,23.394 ms,432,2308,40229,118277,23.684210526315788,43.15,7.338915645067133,91.59
config_CIN24_HIN56_WIN14_COUT24_K1_UFCIN6_UFCOU6_PAD1_STRIDE1_BIASTrue_conv2d_ACTIVATIONrelu_ap_fixed_32_10_,Overall,275651,2.757 ms,144,152,14082,25550,7.894736842105263,9.32,2.5689579684763575,6.03
config_CIN24_HIN56_WIN14_COUT24_K1_UFCIN6_UFCOU12_PAD1_STRIDE1_BIASTrue_conv2d_ACTIVATIONrelu_ap_fixed_32_10_,Overall,229251,2.293 ms,144,296,15793,32201,7.894736842105263,11.75,2.881093111500292,11.75
config_CIN24_HIN56_WIN14_COUT24_K1_UFCIN6_UFCOU24_PAD1_STRIDE1_BIASTrue_conv2d_ACTIVATIONrelu_ap_fixed_32_10_,Overall,99317,0.993 ms,144,581,23634,38420,7.894736842105263,14.02,4.311514886164623,23.06
config_CIN24_HIN56_WIN14_COUT24_K1_UFCIN12_UFCOU6_PAD1_STRIDE1_BIASTrue_conv2d_ACTIVATIONrelu_ap_fixed_32_10_,Overall,273795,2.738 ms,144,296,16293,31620,7.894736842105263,11.54,2.9723073555166373,11.75
config_CIN24_HIN56_WIN14_COUT24_K1_UFCIN12_UFCOU12_PAD1_STRIDE1_BIASTrue_conv2d_ACTIVATIONrelu_ap_fixed_32_10_,Overall,227395,2.274 ms,144,584,19534,43546,7.894736842105263,15.89,3.56355808523059,23.17
config_CIN24_HIN56_WIN14_COUT24_K1_UFCIN12_UFCOU24_PAD1_STRIDE1_BIASTrue_conv2d_ACTIVATIONrelu_ap_fixed_32_10_,Overall,99317,0.993 ms,144,581,36885,56852,7.894736842105263,20.74,6.728874781085814,23.06
config_CIN24_HIN56_WIN14_COUT24_K1_UFCIN24_UFCOU6_PAD1_STRIDE1_BIASTrue_conv2d_ACTIVATIONrelu_ap_fixed_32_10_,Overall,271005,2.710 ms,144,584,20620,43882,7.894736842105263,16.01,3.761675423234092,23.17
config_CIN24_HIN56_WIN14_COUT24_K1_UFCIN24_UFCOU12_PAD1_STRIDE1_BIASTrue_conv2d_ACTIVATIONrelu_ap_fixed_32_10_,Overall,224605,2.246 ms,144,1160,26921,66909,7.894736842105263,24.41,4.911157326328079,46.03
config_CIN24_HIN56_WIN14_COUT24_K1_UFCIN24_UFCOU24_PAD1_STRIDE1_BIASTrue_conv2d_ACTIVATIONrelu_ap_fixed_32_10_,Overall,90842,0.908 ms,144,1161,99735,72180,7.894736842105263,26.34,18.194505253940456,46.07
config_CIN24_HIN56_WIN14_COUT24_K3_UFCIN6_UFCOU6_PAD1_STRIDE1_BIASTrue_conv2d_ACTIVATIONrelu_ap_fixed_32_10_,Overall,1488925,14.889 ms,176,148,12753,26233,9.649122807017543,9.57,2.3265105078809105,5.87
config_CIN24_HIN56_WIN14_COUT24_K3_UFCIN6_UFCOU12_PAD1_STRIDE1_BIASTrue_conv2d_ACTIVATIONrelu_ap_fixed_32_10_,Overall,1148669,11.487 ms,212,292,13317,32803,11.62280701754386,11.97,2.4294001751313488,11.59
config_CIN24_HIN56_WIN14_COUT24_K3_UFCIN6_UFCOU24_PAD1_STRIDE1_BIASTrue_conv2d_ACTIVATIONrelu_ap_fixed_32_10_,Overall,167087,1.671 ms,284,580,18948,38167,15.570175438596493,13.93,3.4566549912434326,23.02
config_CIN24_HIN56_WIN14_COUT24_K3_UFCIN12_UFCOU6_PAD1_STRIDE1_BIASTrue_conv2d_ACTIVATIONrelu_ap_fixed_32_10_,Overall,1474813,14.748 ms,212,292,13764,32703,11.62280701754386,11.93,2.5109457092819616,11.59
config_CIN24_HIN56_WIN14_COUT24_K3_UFCIN12_UFCOU12_PAD1_STRIDE1_BIASTrue_conv2d_ACTIVATIONrelu_ap_fixed_32_10_,Overall,1134557,11.346 ms,284,580,14712,44451,15.570175438596493,16.22,2.683887915936953,23.02
config_CIN24_HIN56_WIN14_COUT24_K3_UFCIN12_UFCOU24_PAD1_STRIDE1_BIASTrue_conv2d_ACTIVATIONrelu_ap_fixed_32_10_,Overall,167087,1.671 ms,140,580,36804,59167,7.675438596491229,21.59,6.714098073555166,23.02
config_CIN24_HIN56_WIN14_COUT24_K3_UFCIN24_UFCOU6_PAD1_STRIDE1_BIASTrue_conv2d_ACTIVATIONrelu_ap_fixed_32_10_,Overall,1453639,14.536 ms,284,580,15751,45551,15.570175438596493,16.62,2.873431115002919,23.02
config_CIN24_HIN56_WIN14_COUT24_K3_UFCIN24_UFCOU12_PAD1_STRIDE1_BIASTrue_conv2d_ACTIVATIONrelu_ap_fixed_32_10_,Overall,1113383,11.134 ms,140,1156,26683,70800,7.675438596491229,25.83,4.8677393461762986,45.87
config_CIN24_HIN56_WIN14_COUT24_K3_UFCIN24_UFCOU24_PAD1_STRIDE1_BIASTrue_conv2d_ACTIVATIONrelu_ap_fixed_32_10_,Overall,125414,1.254 ms,140,536,52471,91653,7.675438596491229,33.44,9.57220519556334,21.27
config_CIN24_HIN56_WIN14_COUT48_K1_UFCIN6_UFCOU6_PAD1_STRIDE1_BIASTrue_conv2d_ACTIVATIONrelu_ap_fixed_32_10_,Overall,437622,4.376 ms,268,152,13114,25417,14.692982456140353,9.27,2.3923671920607124,6.03
config_CIN24_HIN56_WIN14_COUT48_K1_UFCIN6_UFCOU12_PAD1_STRIDE1_BIASTrue_conv2d_ACTIVATIONrelu_ap_fixed_32_10_,Overall,344822,3.448 ms,232,296,15987,32507,12.719298245614036,11.86,2.916484238178634,11.75
config_CIN24_HIN56_WIN14_COUT48_K1_UFCIN6_UFCOU24_PAD1_STRIDE1_BIASTrue_conv2d_ACTIVATIONrelu_ap_fixed_32_10_,Overall,298422,2.984 ms,232,584,19424,45694,12.719298245614036,16.67,3.543490951546994,23.17
config_CIN24_HIN56_WIN14_COUT48_K1_UFCIN12_UFCOU6_PAD1_STRIDE1_BIASTrue_conv2d_ACTIVATIONrelu_ap_fixed_32_10_,Overall,435766,4.358 ms,232,296,16525,32089,12.719298245614036,11.71,3.0146307647402217,11.75
config_CIN24_HIN56_WIN14_COUT48_K1_UFCIN12_UFCOU12_PAD1_STRIDE1_BIASTrue_conv2d_ACTIVATIONrelu_ap_fixed_32_10_,Overall,342966,3.430 ms,232,584,19782,43689,12.719298245614036,15.94,3.6088003502626966,23.17
config_CIN24_HIN56_WIN14_COUT48_K1_UFCIN12_UFCOU24_PAD1_STRIDE1_BIASTrue_conv2d_ACTIVATIONrelu_ap_fixed_32_10_,Overall,296566,2.966 ms,232,1160,26267,67275,12.719298245614036,24.55,4.791849095154699,46.03
config_CIN24_HIN56_WIN14_COUT48_K1_UFCIN24_UFCOU6_PAD1_STRIDE1_BIASTrue_conv2d_ACTIVATIONrelu_ap_fixed_32_10_,Overall,432976,4.330 ms,232,584,20940,44397,12.719298245614036,16.2,3.820052539404553,23.17
config_CIN24_HIN56_WIN14_COUT48_K1_UFCIN24_UFCOU12_PAD1_STRIDE1_BIASTrue_conv2d_ACTIVATIONrelu_ap_fixed_32_10_,Overall,340176,3.402 ms,232,1160,27270,66727,12.719298245614036,24.35,4.974824868651488,46.03
config_CIN24_HIN56_WIN14_COUT48_K1_UFCIN24_UFCOU24_PAD1_STRIDE1_BIASTrue_conv2d_ACTIVATIONrelu_ap_fixed_32_10_,Overall,293776,2.938 ms,232,2312,39852,112214,12.719298245614036,40.94,7.270140105078809,91.75
config_CIN24_HIN56_WIN14_COUT48_K3_UFCIN6_UFCOU6_PAD1_STRIDE1_BIASTrue_conv2d_ACTIVATIONrelu_ap_fixed_32_10_,Overall,2232848,22.328 ms,258,148,12925,26434,14.144736842105262,9.64,2.3578882078225334,5.87
config_CIN24_HIN56_WIN14_COUT48_K3_UFCIN6_UFCOU12_PAD1_STRIDE1_BIASTrue_conv2d_ACTIVATIONrelu_ap_fixed_32_10_,Overall,1552336,15.523 ms,294,292,13500,32954,16.11842105263158,12.02,2.462784588441331,11.59
config_CIN24_HIN56_WIN14_COUT48_K3_UFCIN6_UFCOU24_PAD1_STRIDE1_BIASTrue_conv2d_ACTIVATIONrelu_ap_fixed_32_10_,Overall,1212080,12.121 ms,366,580,14638,46058,20.065789473684212,16.8,2.6703882078225334,23.02
config_CIN24_HIN56_WIN14_COUT48_K3_UFCIN12_UFCOU6_PAD1_STRIDE1_BIASTrue_conv2d_ACTIVATIONrelu_ap_fixed_32_10_,Overall,2218736,22.187 ms,294,292,13978,33040,16.11842105263158,12.05,2.549985405720957,11.59
config_CIN24_HIN56_WIN14_COUT48_K3_UFCIN12_UFCOU12_PAD1_STRIDE1_BIASTrue_conv2d_ACTIVATIONrelu_ap_fixed_32_10_,Overall,1538224,15.382 ms,366,580,14943,44536,20.065789473684212,16.25,2.7260288966725046,23.02
config_CIN24_HIN56_WIN14_COUT48_K3_UFCIN12_UFCOU24_PAD1_STRIDE1_BIASTrue_conv2d_ACTIVATIONrelu_ap_fixed_32_10_,Overall,1197968,11.980 ms,510,1156,16831,67943,27.960526315789476,24.79,3.0704538820782257,45.87
config_CIN24_HIN56_WIN14_COUT48_K3_UFCIN24_UFCOU6_PAD1_STRIDE1_BIASTrue_conv2d_ACTIVATIONrelu_ap_fixed_32_10_,Overall,2197562,21.976 ms,366,580,16044,46013,20.065789473684212,16.79,2.926882661996497,23.02
config_CIN24_HIN56_WIN14_COUT48_K3_UFCIN24_UFCOU12_PAD1_STRIDE1_BIASTrue_conv2d_ACTIVATIONrelu_ap_fixed_32_10_,Overall,1517050,15.171 ms,510,1156,17790,68142,27.960526315789476,24.86,3.245402802101576,45.87
config_CIN24_HIN56_WIN14_COUT48_K3_UFCIN24_UFCOU24_PAD1_STRIDE1_BIASTrue_conv2d_ACTIVATIONrelu_ap_fixed_32_10_,Overall,1176794,11.768 ms,222,2308,39611,118443,12.171052631578947,43.21,7.226174839462931,91.59
config_CIN24_HIN56_WIN28_COUT24_K1_UFCIN6_UFCOU6_PAD1_STRIDE1_BIASTrue_conv2d_ACTIVATIONrelu_ap_fixed_32_10_,Overall,516955,5.170 ms,278,152,14124,25845,15.241228070175438,9.43,2.5766199649737302,6.03
config_CIN24_HIN56_WIN28_COUT24_K1_UFCIN6_UFCOU12_PAD1_STRIDE1_BIASTrue_conv2d_ACTIVATIONrelu_ap_fixed_32_10_,Overall,429955,4.300 ms,278,296,15871,32500,15.241228070175438,11.86,2.895322533566842,11.75
config_CIN24_HIN56_WIN28_COUT24_K1_UFCIN6_UFCOU24_PAD1_STRIDE1_BIASTrue_conv2d_ACTIVATIONrelu_ap_fixed_32_10_,Overall,186341,1.863 ms,278,581,23672,38537,15.241228070175438,14.06,4.318447168709866,23.06
config_CIN24_HIN56_WIN28_COUT24_K1_UFCIN12_UFCOU6_PAD1_STRIDE1_BIASTrue_conv2d_ACTIVATIONrelu_ap_fixed_32_10_,Overall,513475,5.135 ms,278,296,16371,32119,15.241228070175438,11.72,2.9865367775831873,11.75
config_CIN24_HIN56_WIN28_COUT24_K1_UFCIN12_UFCOU12_PAD1_STRIDE1_BIASTrue_conv2d_ACTIVATIONrelu_ap_fixed_32_10_,Overall,426475,4.265 ms,278,584,19684,44049,15.241228070175438,16.07,3.590922358435493,23.17
config_CIN24_HIN56_WIN28_COUT24_K1_UFCIN12_UFCOU24_PAD1_STRIDE1_BIASTrue_conv2d_ACTIVATIONrelu_ap_fixed_32_10_,Overall,186341,1.863 ms,278,581,36922,56969,15.241228070175438,20.79,6.735624635143024,23.06
config_CIN24_HIN56_WIN28_COUT24_K1_UFCIN24_UFCOU6_PAD1_STRIDE1_BIASTrue_conv2d_ACTIVATIONrelu_ap_fixed_32_10_,Overall,508249,5.082 ms,278,584,20791,44789,15.241228070175438,16.34,3.7928706946876827,23.17
config_CIN24_HIN56_WIN28_COUT24_K1_UFCIN24_UFCOU12_PAD1_STRIDE1_BIASTrue_conv2d_ACTIVATIONrelu_ap_fixed_32_10_,Overall,421249,4.212 ms,278,1160,27236,67820,15.241228070175438,24.74,4.968622300058377,46.03
config_CIN24_HIN56_WIN28_COUT24_K1_UFCIN24_UFCOU24_PAD1_STRIDE1_BIASTrue_conv2d_ACTIVATIONrelu_ap_fixed_32_10_,Overall,170558,1.706 ms,278,1161,99768,72293,15.241228070175438,26.38,18.200525394045535,46.07
config_CIN24_HIN56_WIN28_COUT24_K3_UFCIN6_UFCOU6_PAD1_STRIDE1_BIASTrue_conv2d_ACTIVATIONrelu_ap_fixed_32_10_,Overall,2970685,29.707 ms,306,148,12810,26260,16.776315789473685,9.58,2.336908931698774,5.87
config_CIN24_HIN56_WIN28_COUT24_K3_UFCIN6_UFCOU12_PAD1_STRIDE1_BIASTrue_conv2d_ACTIVATIONrelu_ap_fixed_32_10_,Overall,2290173,22.902 ms,342,292,13410,32830,18.75,11.98,2.446366024518389,11.59
config_CIN24_HIN56_WIN28_COUT24_K3_UFCIN6_UFCOU24_PAD1_STRIDE1_BIASTrue_conv2d_ACTIVATIONrelu_ap_fixed_32_10_,Overall,327023,3.270 ms,414,580,18992,38184,22.697368421052634,13.93,3.464681844716871,23.02
config_CIN24_HIN56_WIN28_COUT24_K3_UFCIN12_UFCOU6_PAD1_STRIDE1_BIASTrue_conv2d_ACTIVATIONrelu_ap_fixed_32_10_,Overall,2942461,29.425 ms,342,292,13857,32730,18.75,11.94,2.5279115586690017,11.59
config_CIN24_HIN56_WIN28_COUT24_K3_UFCIN12_UFCOU12_PAD1_STRIDE1_BIASTrue_conv2d_ACTIVATIONrelu_ap_fixed_32_10_,Overall,2261949,22.619 ms,414,580,14877,44478,22.697368421052634,16.23,2.7139886164623466,23.02
config_CIN24_HIN56_WIN28_COUT24_K3_UFCIN12_UFCOU24_PAD1_STRIDE1_BIASTrue_conv2d_ACTIVATIONrelu_ap_fixed_32_10_,Overall,327023,3.270 ms,270,580,36847,59184,14.802631578947366,21.59,6.721942498540572,23.02
config_CIN24_HIN56_WIN28_COUT24_K3_UFCIN24_UFCOU6_PAD1_STRIDE1_BIASTrue_conv2d_ACTIVATIONrelu_ap_fixed_32_10_,Overall,2900119,29.001 ms,414,580,15937,45578,22.697368421052634,16.63,2.9073628137769996,23.02
config_CIN24_HIN56_WIN28_COUT24_K3_UFCIN24_UFCOU12_PAD1_STRIDE1_BIASTrue_conv2d_ACTIVATIONrelu_ap_fixed_32_10_,Overall,2219607,22.196 ms,270,1156,27013,70827,14.802631578947366,25.84,4.927940747227087,45.87
config_CIN24_HIN56_WIN28_COUT24_K3_UFCIN24_UFCOU24_PAD1_STRIDE1_BIASTrue_conv2d_ACTIVATIONrelu_ap_fixed_32_10_,Overall,243798,2.438 ms,270,536,52516,91669,14.802631578947366,33.45,9.58041447752481,21.27
config_CIN24_HIN56_WIN28_COUT48_K1_UFCIN6_UFCOU6_PAD1_STRIDE1_BIASTrue_conv2d_ACTIVATIONrelu_ap_fixed_32_10_,Overall,818590,8.186 ms,458,152,13156,25690,25.109649122807014,9.37,2.400029188558085,6.03
config_CIN24_HIN56_WIN28_COUT48_K1_UFCIN6_UFCOU12_PAD1_STRIDE1_BIASTrue_conv2d_ACTIVATIONrelu_ap_fixed_32_10_,Overall,644590,6.446 ms,446,296,16065,32804,24.451754385964914,11.97,2.9307136602451838,11.75
config_CIN24_HIN56_WIN28_COUT48_K1_UFCIN6_UFCOU24_PAD1_STRIDE1_BIASTrue_conv2d_ACTIVATIONrelu_ap_fixed_32_10_,Overall,557590,5.576 ms,446,584,19574,45995,24.451754385964914,16.78,3.5708552247518974,23.17
config_CIN24_HIN56_WIN28_COUT48_K1_UFCIN12_UFCOU6_PAD1_STRIDE1_BIASTrue_conv2d_ACTIVATIONrelu_ap_fixed_32_10_,Overall,815110,8.151 ms,422,296,16603,32554,23.135964912280702,11.88,3.0288601868067717,11.75
config_CIN24_HIN56_WIN28_COUT48_K1_UFCIN12_UFCOU12_PAD1_STRIDE1_BIASTrue_conv2d_ACTIVATIONrelu_ap_fixed_32_10_,Overall,641110,6.411 ms,446,584,19932,44190,24.451754385964914,16.12,3.6361646234676006,23.17
config_CIN24_HIN56_WIN28_COUT48_K1_UFCIN12_UFCOU24_PAD1_STRIDE1_BIASTrue_conv2d_ACTIVATIONrelu_ap_fixed_32_10_,Overall,554110,5.541 ms,446,1160,26561,67780,24.451754385964914,24.73,4.845483070636311,46.03
config_CIN24_HIN56_WIN28_COUT48_K1_UFCIN24_UFCOU6_PAD1_STRIDE1_BIASTrue_conv2d_ACTIVATIONrelu_ap_fixed_32_10_,Overall,809884,8.099 ms,422,584,21111,45246,23.135964912280702,16.51,3.851247810858144,23.17
config_CIN24_HIN56_WIN28_COUT48_K1_UFCIN24_UFCOU12_PAD1_STRIDE1_BIASTrue_conv2d_ACTIVATIONrelu_ap_fixed_32_10_,Overall,635884,6.359 ms,446,1160,27585,67636,24.451754385964914,24.68,5.032289842381786,46.03
config_CIN24_HIN56_WIN28_COUT48_K1_UFCIN24_UFCOU24_PAD1_STRIDE1_BIASTrue_conv2d_ACTIVATIONrelu_ap_fixed_32_10_,Overall,548884,5.489 ms,446,2312,40455,113127,24.451754385964914,41.28,7.380144483362522,91.75
config_CIN24_HIN56_WIN28_COUT48_K3_UFCIN6_UFCOU6_PAD1_STRIDE1_BIASTrue_conv2d_ACTIVATIONrelu_ap_fixed_32_10_,Overall,4451568,44.516 ms,444,148,12984,26409,24.342105263157894,9.64,2.3686514886164622,5.87
config_CIN24_HIN56_WIN28_COUT48_K3_UFCIN6_UFCOU12_PAD1_STRIDE1_BIASTrue_conv2d_ACTIVATIONrelu_ap_fixed_32_10_,Overall,3090544,30.905 ms,504,292,13595,32949,27.631578947368425,12.02,2.4801152948044365,11.59
config_CIN24_HIN56_WIN28_COUT48_K3_UFCIN6_UFCOU24_PAD1_STRIDE1_BIASTrue_conv2d_ACTIVATIONrelu_ap_fixed_32_10_,Overall,2410032,24.100 ms,576,580,14805,46053,31.57894736842105,16.8,2.700853765323993,23.02
config_CIN24_HIN56_WIN28_COUT48_K3_UFCIN12_UFCOU6_PAD1_STRIDE1_BIASTrue_conv2d_ACTIVATIONrelu_ap_fixed_32_10_,Overall,4423344,44.233 ms,480,292,14073,33003,26.31578947368421,12.04,2.567316112084063,11.59
config_CIN24_HIN56_WIN28_COUT48_K3_UFCIN12_UFCOU12_PAD1_STRIDE1_BIASTrue_conv2d_ACTIVATIONrelu_ap_fixed_32_10_,Overall,3062320,30.623 ms,576,580,15110,44531,31.57894736842105,16.25,2.7564944541739638,23.02
config_CIN24_HIN56_WIN28_COUT48_K3_UFCIN12_UFCOU24_PAD1_STRIDE1_BIASTrue_conv2d_ACTIVATIONrelu_ap_fixed_32_10_,Overall,2381808,23.818 ms,720,1156,17142,67938,39.473684210526315,24.79,3.1271891418563924,45.87
config_CIN24_HIN56_WIN28_COUT48_K3_UFCIN24_UFCOU6_PAD1_STRIDE1_BIASTrue_conv2d_ACTIVATIONrelu_ap_fixed_32_10_,Overall,4381002,43.810 ms,552,580,16232,45952,30.263157894736842,16.77,2.9611792177466434,23.02
config_CIN24_HIN56_WIN28_COUT48_K3_UFCIN24_UFCOU12_PAD1_STRIDE1_BIASTrue_conv2d_ACTIVATIONrelu_ap_fixed_32_10_,Overall,3019978,30.200 ms,720,1156,18122,68137,39.473684210526315,24.86,3.3059690601284295,45.87
config_CIN24_HIN56_WIN28_COUT48_K3_UFCIN24_UFCOU24_PAD1_STRIDE1_BIASTrue_conv2d_ACTIVATIONrelu_ap_fixed_32_10_,Overall,2339466,23.395 ms,432,2308,40231,118438,23.684210526315788,43.21,7.3392805020431995,91.59
config_CIN24_HIN56_WIN56_COUT24_K1_UFCIN6_UFCOU6_PAD1_STRIDE1_BIASTrue_conv2d_ACTIVATIONrelu_ap_fixed_32_10_,Overall,1241772,12.418 ms,488,160,14541,25531,26.75438596491228,9.32,2.6526926444833623,6.35
config_CIN24_HIN56_WIN56_COUT24_K1_UFCIN6_UFCOU12_PAD1_STRIDE1_BIASTrue_conv2d_ACTIVATIONrelu_ap_fixed_32_10_,Overall,1073572,10.736 ms,512,304,16318,32139,28.07017543859649,11.73,2.976868067717455,12.06
config_CIN24_HIN56_WIN56_COUT24_K1_UFCIN6_UFCOU24_PAD1_STRIDE1_BIASTrue_conv2d_ACTIVATIONrelu_ap_fixed_32_10_,Overall,360394,3.604 ms,512,586,23881,38433,28.07017543859649,14.02,4.356574722708698,23.25
config_CIN24_HIN56_WIN56_COUT24_K1_UFCIN12_UFCOU6_PAD1_STRIDE1_BIASTrue_conv2d_ACTIVATIONrelu_ap_fixed_32_10_,Overall,1235044,12.350 ms,512,310,17292,31707,28.07017543859649,11.57,3.154553415061296,12.3
config_CIN24_HIN56_WIN56_COUT24_K1_UFCIN12_UFCOU12_PAD1_STRIDE1_BIASTrue_conv2d_ACTIVATIONrelu_ap_fixed_32_10_,Overall,1066844,10.668 ms,536,598,20665,43542,29.385964912280706,15.89,3.7698847051955635,23.73
config_CIN24_HIN56_WIN56_COUT24_K1_UFCIN12_UFCOU24_PAD1_STRIDE1_BIASTrue_conv2d_ACTIVATIONrelu_ap_fixed_32_10_,Overall,360394,3.604 ms,536,586,37130,56869,29.385964912280706,20.75,6.773569760653824,23.25
config_CIN24_HIN56_WIN56_COUT24_K1_UFCIN24_UFCOU6_PAD1_STRIDE1_BIASTrue_conv2d_ACTIVATIONrelu_ap_fixed_32_10_,Overall,1224946,12.249 ms,512,610,22764,44193,28.07017543859649,16.12,4.1528021015761825,24.21
config_CIN24_HIN56_WIN56_COUT24_K1_UFCIN24_UFCOU12_PAD1_STRIDE1_BIASTrue_conv2d_ACTIVATIONrelu_ap_fixed_32_10_,Overall,1056746,10.567 ms,536,1186,29305,67033,29.385964912280706,24.46,5.346066841798016,47.06
config_CIN24_HIN56_WIN56_COUT24_K1_UFCIN24_UFCOU24_PAD1_STRIDE1_BIASTrue_conv2d_ACTIVATIONrelu_ap_fixed_32_10_,Overall,329998,3.300 ms,536,1167,130539,78385,29.385964912280706,28.6,23.814032399299474,46.31
config_CIN24_HIN56_WIN56_COUT24_K3_UFCIN6_UFCOU6_PAD1_STRIDE1_BIASTrue_conv2d_ACTIVATIONrelu_ap_fixed_32_10_,Overall,5934205,59.342 ms,516,148,12870,26227,28.289473684210524,9.57,2.3478546409807355,5.87
config_CIN24_HIN56_WIN56_COUT24_K3_UFCIN6_UFCOU12_PAD1_STRIDE1_BIASTrue_conv2d_ACTIVATIONrelu_ap_fixed_32_10_,Overall,4573181,45.732 ms,576,292,13506,32817,31.57894736842105,11.97,2.463879159369527,11.59
config_CIN24_HIN56_WIN56_COUT24_K3_UFCIN6_UFCOU24_PAD1_STRIDE1_BIASTrue_conv2d_ACTIVATIONrelu_ap_fixed_32_10_,Overall,646895,6.469 ms,648,580,19037,38206,35.526315789473685,13.94,3.472891126678342,23.02
config_CIN24_HIN56_WIN56_COUT24_K3_UFCIN12_UFCOU6_PAD1_STRIDE1_BIASTrue_conv2d_ACTIVATIONrelu_ap_fixed_32_10_,Overall,5877757,58.778 ms,576,292,13953,32689,31.57894736842105,11.93,2.54542469352014,11.59
config_CIN24_HIN56_WIN56_COUT24_K3_UFCIN12_UFCOU12_PAD1_STRIDE1_BIASTrue_conv2d_ACTIVATIONrelu_ap_fixed_32_10_,Overall,4516733,45.167 ms,672,580,15045,44469,36.84210526315789,16.22,2.7446366024518385,23.02
config_CIN24_HIN56_WIN56_COUT24_K3_UFCIN12_UFCOU24_PAD1_STRIDE1_BIASTrue_conv2d_ACTIVATIONrelu_ap_fixed_32_10_,Overall,646895,6.469 ms,528,580,36891,59210,28.947368421052634,21.6,6.7299693520140105,23.02
config_CIN24_HIN56_WIN56_COUT24_K3_UFCIN24_UFCOU6_PAD1_STRIDE1_BIASTrue_conv2d_ACTIVATIONrelu_ap_fixed_32_10_,Overall,5793079,57.931 ms,648,580,16125,45533,35.526315789473685,16.61,2.9416593695271454,23.02
config_CIN24_HIN56_WIN56_COUT24_K3_UFCIN24_UFCOU12_PAD1_STRIDE1_BIASTrue_conv2d_ACTIVATIONrelu_ap_fixed_32_10_,Overall,4432055,44.321 ms,528,1156,27345,70838,28.947368421052634,25.85,4.988507005253941,45.87
config_CIN24_HIN56_WIN56_COUT24_K3_UFCIN24_UFCOU24_PAD1_STRIDE1_BIASTrue_conv2d_ACTIVATIONrelu_ap_fixed_32_10_,Overall,480566,4.806 ms,528,536,52561,91717,28.947368421052634,33.46,9.588623759486282,21.27
config_CIN24_HIN56_WIN56_COUT48_K1_UFCIN6_UFCOU6_PAD1_STRIDE1_BIASTrue_conv2d_ACTIVATIONrelu_ap_fixed_32_10_,Overall,1822735,18.227 ms,810,160,13763,25534,44.40789473684211,9.32,2.5107632807939284,6.35
config_CIN24_HIN56_WIN56_COUT48_K1_UFCIN6_UFCOU12_PAD1_STRIDE1_BIASTrue_conv2d_ACTIVATIONrelu_ap_fixed_32_10_,Overall,1486335,14.863 ms,798,304,16703,32635,43.75,11.91,3.047103035610041,12.06
config_CIN24_HIN56_WIN56_COUT48_K1_UFCIN6_UFCOU24_PAD1_STRIDE1_BIASTrue_conv2d_ACTIVATIONrelu_ap_fixed_32_10_,Overall,1318135,13.181 ms,846,592,20279,45779,46.381578947368425,16.7,3.6994673088149446,23.49
config_CIN24_HIN56_WIN56_COUT48_K1_UFCIN12_UFCOU6_PAD1_STRIDE1_BIASTrue_conv2d_ACTIVATIONrelu_ap_fixed_32_10_,Overall,1816007,18.160 ms,798,310,17720,32306,43.75,11.79,3.2326328079392876,12.3
config_CIN24_HIN56_WIN56_COUT48_K1_UFCIN12_UFCOU12_PAD1_STRIDE1_BIASTrue_conv2d_ACTIVATIONrelu_ap_fixed_32_10_,Overall,1479607,14.796 ms,822,598,21110,43923,45.06578947368421,16.03,3.8510653823701104,23.73
config_CIN24_HIN56_WIN56_COUT48_K1_UFCIN12_UFCOU24_PAD1_STRIDE1_BIASTrue_conv2d_ACTIVATIONrelu_ap_fixed_32_10_,Overall,1311407,13.114 ms,870,1174,27872,67418,47.69736842105263,24.6,5.084646818447169,46.59
config_CIN24_HIN56_WIN56_COUT48_K1_UFCIN24_UFCOU6_PAD1_STRIDE1_BIASTrue_conv2d_ACTIVATIONrelu_ap_fixed_32_10_,Overall,1805909,18.059 ms,798,610,23292,44826,43.75,16.36,4.249124343257443,24.21
config_CIN24_HIN56_WIN56_COUT48_K1_UFCIN24_UFCOU12_PAD1_STRIDE1_BIASTrue_conv2d_ACTIVATIONrelu_ap_fixed_32_10_,Overall,1469509,14.695 ms,822,1186,29887,67185,45.06578947368421,24.51,5.4522402218330415,47.06
config_CIN24_HIN56_WIN56_COUT48_K1_UFCIN24_UFCOU24_PAD1_STRIDE1_BIASTrue_conv2d_ACTIVATIONrelu_ap_fixed_32_10_,Overall,1301309,13.013 ms,870,2338,42998,112485,47.69736842105263,41.04,7.844060128429656,92.78
config_CIN24_HIN56_WIN56_COUT48_K3_UFCIN6_UFCOU6_PAD1_STRIDE1_BIASTrue_conv2d_ACTIVATIONrelu_ap_fixed_32_10_,Overall,8889008,88.890 ms,780,148,13042,26432,42.76315789473684,9.64,2.3792323409223584,5.87
config_CIN24_HIN56_WIN56_COUT48_K3_UFCIN6_UFCOU12_PAD1_STRIDE1_BIASTrue_conv2d_ACTIVATIONrelu_ap_fixed_32_10_,Overall,6166960,61.670 ms,852,292,13689,32952,46.71052631578947,12.02,2.49726357267951,11.59
config_CIN24_HIN56_WIN56_COUT48_K3_UFCIN6_UFCOU24_PAD1_STRIDE1_BIASTrue_conv2d_ACTIVATIONrelu_ap_fixed_32_10_,Overall,4805936,48.059 ms,972,580,14971,46076,53.289473684210535,16.81,2.73113689433742,23.02
config_CIN24_HIN56_WIN56_COUT48_K3_UFCIN12_UFCOU6_PAD1_STRIDE1_BIASTrue_conv2d_ACTIVATIONrelu_ap_fixed_32_10_,Overall,8832560,88.326 ms,840,292,14167,33030,46.05263157894737,12.05,2.584464389959136,11.59
config_CIN24_HIN56_WIN56_COUT48_K3_UFCIN12_UFCOU12_PAD1_STRIDE1_BIASTrue_conv2d_ACTIVATIONrelu_ap_fixed_32_10_,Overall,6110512,61.105 ms,948,580,15276,44526,51.973684210526315,16.25,2.78677758318739,23.02
config_CIN24_HIN56_WIN56_COUT48_K3_UFCIN12_UFCOU24_PAD1_STRIDE1_BIASTrue_conv2d_ACTIVATIONrelu_ap_fixed_32_10_,Overall,4749488,47.495 ms,1140,1156,17452,67965,62.5,24.8,3.183741973146527,45.87
config_CIN24_HIN56_WIN56_COUT48_K3_UFCIN24_UFCOU6_PAD1_STRIDE1_BIASTrue_conv2d_ACTIVATIONrelu_ap_fixed_32_10_,Overall,8747882,87.479 ms,912,580,16418,45999,50.0,16.78,2.995110916520724,23.02
config_CIN24_HIN56_WIN56_COUT48_K3_UFCIN24_UFCOU12_PAD1_STRIDE1_BIASTrue_conv2d_ACTIVATIONrelu_ap_fixed_32_10_,Overall,6025834,60.258 ms,1092,1156,18452,68128,59.86842105263158,24.86,3.366170461179218,45.87
config_CIN24_HIN56_WIN56_COUT48_K3_UFCIN24_UFCOU24_PAD1_STRIDE1_BIASTrue_conv2d_ACTIVATIONrelu_ap_fixed_32_10_,Overall,4664810,46.648 ms,852,2308,40849,118485,46.71052631578947,43.23,7.452021307647402,91.59
config_CIN48_HIN14_WIN14_COUT24_K1_UFCIN6_UFCOU6_PAD1_STRIDE1_BIASTrue_conv2d_ACTIVATIONrelu_ap_fixed_32_10_,Overall,132783,1.328 ms,92,148,12687,24916,5.0438596491228065,9.09,2.314470227670753,5.87
config_CIN48_HIN14_WIN14_COUT24_K1_UFCIN6_UFCOU12_PAD1_STRIDE1_BIASTrue_conv2d_ACTIVATIONrelu_ap_fixed_32_10_,Overall,107695,1.077 ms,68,292,15481,32172,3.7280701754385963,11.74,2.824175423234092,11.59
config_CIN48_HIN14_WIN14_COUT24_K1_UFCIN6_UFCOU24_PAD1_STRIDE1_BIASTrue_conv2d_ACTIVATIONrelu_ap_fixed_32_10_,Overall,34977,0.350 ms,68,580,23508,38656,3.7280701754385963,14.1,4.288528896672504,23.02
config_CIN48_HIN14_WIN14_COUT24_K1_UFCIN12_UFCOU6_PAD1_STRIDE1_BIASTrue_conv2d_ACTIVATIONrelu_ap_fixed_32_10_,Overall,131759,1.318 ms,56,292,15913,31236,3.070175438596491,11.4,2.9029845300642148,11.59
config_CIN48_HIN14_WIN14_COUT24_K1_UFCIN12_UFCOU12_PAD1_STRIDE1_BIASTrue_conv2d_ACTIVATIONrelu_ap_fixed_32_10_,Overall,106671,1.067 ms,68,580,19019,43200,3.7280701754385963,15.76,3.4696074138937534,23.02
config_CIN48_HIN14_WIN14_COUT24_K1_UFCIN12_UFCOU24_PAD1_STRIDE1_BIASTrue_conv2d_ACTIVATIONrelu_ap_fixed_32_10_,Overall,34977,0.350 ms,68,580,36754,57039,3.7280701754385963,20.81,6.704976649153532,23.02
config_CIN48_HIN14_WIN14_COUT24_K1_UFCIN24_UFCOU6_PAD1_STRIDE1_BIASTrue_conv2d_ACTIVATIONrelu_ap_fixed_32_10_,Overall,131247,1.312 ms,56,580,20086,43294,3.070175438596491,15.8,3.664258610624635,23.02
config_CIN48_HIN14_WIN14_COUT24_K1_UFCIN24_UFCOU12_PAD1_STRIDE1_BIASTrue_conv2d_ACTIVATIONrelu_ap_fixed_32_10_,Overall,106159,1.062 ms,68,1156,26120,66383,3.7280701754385963,24.22,4.765032107413894,45.87
config_CIN48_HIN14_WIN14_COUT24_K1_UFCIN24_UFCOU24_PAD1_STRIDE1_BIASTrue_conv2d_ACTIVATIONrelu_ap_fixed_32_10_,Overall,34977,0.350 ms,68,580,57111,89219,3.7280701754385963,32.55,10.418673380035026,23.02
config_CIN48_HIN14_WIN14_COUT24_K3_UFCIN6_UFCOU6_PAD1_STRIDE1_BIASTrue_conv2d_ACTIVATIONrelu_ap_fixed_32_10_,Overall,733155,7.332 ms,92,148,12717,26195,5.0438596491228065,9.56,2.3199430823117337,5.87
config_CIN48_HIN14_WIN14_COUT24_K3_UFCIN6_UFCOU12_PAD1_STRIDE1_BIASTrue_conv2d_ACTIVATIONrelu_ap_fixed_32_10_,Overall,563419,5.634 ms,140,292,13213,32806,7.675438596491229,11.97,2.4104276123759485,11.59
config_CIN48_HIN14_WIN14_COUT24_K3_UFCIN6_UFCOU24_PAD1_STRIDE1_BIASTrue_conv2d_ACTIVATIONrelu_ap_fixed_32_10_,Overall,63997,0.640 ms,212,580,18931,38231,11.62280701754386,13.95,3.453553706946877,23.02
config_CIN48_HIN14_WIN14_COUT24_K3_UFCIN12_UFCOU6_PAD1_STRIDE1_BIASTrue_conv2d_ACTIVATIONrelu_ap_fixed_32_10_,Overall,726099,7.261 ms,128,292,13644,32701,7.017543859649122,11.93,2.4890542907180384,11.59
config_CIN48_HIN14_WIN14_COUT24_K3_UFCIN12_UFCOU12_PAD1_STRIDE1_BIASTrue_conv2d_ACTIVATIONrelu_ap_fixed_32_10_,Overall,556363,5.564 ms,212,580,14442,44426,11.62280701754386,16.21,2.634632224168126,23.02
config_CIN48_HIN14_WIN14_COUT24_K3_UFCIN12_UFCOU24_PAD1_STRIDE1_BIASTrue_conv2d_ACTIVATIONrelu_ap_fixed_32_10_,Overall,63997,0.640 ms,356,580,27566,56590,19.517543859649123,20.65,5.028823701109165,23.02
config_CIN48_HIN14_WIN14_COUT24_K3_UFCIN24_UFCOU6_PAD1_STRIDE1_BIASTrue_conv2d_ACTIVATIONrelu_ap_fixed_32_10_,Overall,722571,7.226 ms,200,580,15508,46048,10.964912280701753,16.8,2.829100992410975,23.02
config_CIN48_HIN14_WIN14_COUT24_K3_UFCIN24_UFCOU12_PAD1_STRIDE1_BIASTrue_conv2d_ACTIVATIONrelu_ap_fixed_32_10_,Overall,552835,5.528 ms,356,1156,16935,68681,19.517543859649123,25.06,3.089426444833625,45.87
config_CIN48_HIN14_WIN14_COUT24_K3_UFCIN24_UFCOU24_PAD1_STRIDE1_BIASTrue_conv2d_ACTIVATIONrelu_ap_fixed_32_10_,Overall,63997,0.640 ms,68,580,57139,93930,3.7280701754385963,34.27,10.423781377699942,23.02
config_CIN48_HIN14_WIN14_COUT48_K1_UFCIN6_UFCOU6_PAD1_STRIDE1_BIASTrue_conv2d_ACTIVATIONrelu_ap_fixed_32_10_,Overall,204321,2.043 ms,114,148,12848,25099,6.25,9.16,2.343841214244016,5.87
config_CIN48_HIN14_WIN14_COUT48_K1_UFCIN6_UFCOU12_PAD1_STRIDE1_BIASTrue_conv2d_ACTIVATIONrelu_ap_fixed_32_10_,Overall,154145,1.541 ms,150,292,13353,31621,8.223684210526317,11.54,2.4359676007005255,11.59
config_CIN48_HIN14_WIN14_COUT48_K1_UFCIN6_UFCOU24_PAD1_STRIDE1_BIASTrue_conv2d_ACTIVATIONrelu_ap_fixed_32_10_,Overall,129057,1.291 ms,102,580,18953,45989,5.592105263157895,16.78,3.457567133683596,23.02
config_CIN48_HIN14_WIN14_COUT48_K1_UFCIN12_UFCOU6_PAD1_STRIDE1_BIASTrue_conv2d_ACTIVATIONrelu_ap_fixed_32_10_,Overall,203297,2.033 ms,150,292,13812,30854,8.223684210526317,11.26,2.5197022767075303,11.59
config_CIN48_HIN14_WIN14_COUT48_K1_UFCIN12_UFCOU12_PAD1_STRIDE1_BIASTrue_conv2d_ACTIVATIONrelu_ap_fixed_32_10_,Overall,153121,1.531 ms,78,580,19243,43629,4.276315789473684,15.92,3.5104713952130764,23.02
config_CIN48_HIN14_WIN14_COUT48_K1_UFCIN12_UFCOU24_PAD1_STRIDE1_BIASTrue_conv2d_ACTIVATIONrelu_ap_fixed_32_10_,Overall,128033,1.280 ms,102,1156,25449,67253,5.592105263157895,24.54,4.642622591943958,45.87
config_CIN48_HIN14_WIN14_COUT48_K1_UFCIN24_UFCOU6_PAD1_STRIDE1_BIASTrue_conv2d_ACTIVATIONrelu_ap_fixed_32_10_,Overall,202785,2.028 ms,78,580,20373,44090,4.276315789473684,16.09,3.7166155866900175,23.02
config_CIN48_HIN14_WIN14_COUT48_K1_UFCIN24_UFCOU12_PAD1_STRIDE1_BIASTrue_conv2d_ACTIVATIONrelu_ap_fixed_32_10_,Overall,152609,1.526 ms,78,1156,26440,66463,4.276315789473684,24.25,4.823409223584355,45.87
config_CIN48_HIN14_WIN14_COUT48_K1_UFCIN24_UFCOU24_PAD1_STRIDE1_BIASTrue_conv2d_ACTIVATIONrelu_ap_fixed_32_10_,Overall,127521,1.275 ms,102,2308,38466,112012,5.592105263157895,40.87,7.017294220665499,91.59
config_CIN48_HIN14_WIN14_COUT48_K3_UFCIN6_UFCOU6_PAD1_STRIDE1_BIASTrue_conv2d_ACTIVATIONrelu_ap_fixed_32_10_,Overall,1098885,10.989 ms,148,148,12879,26388,8.114035087719298,9.63,2.3494964973730297,5.87
config_CIN48_HIN14_WIN14_COUT48_K3_UFCIN6_UFCOU12_PAD1_STRIDE1_BIASTrue_conv2d_ACTIVATIONrelu_ap_fixed_32_10_,Overall,759413,7.594 ms,148,292,13383,32894,8.114035087719298,12.0,2.441440455341506,11.59
config_CIN48_HIN14_WIN14_COUT48_K3_UFCIN6_UFCOU24_PAD1_STRIDE1_BIASTrue_conv2d_ACTIVATIONrelu_ap_fixed_32_10_,Overall,589677,5.897 ms,244,580,14386,46039,13.37719298245614,16.8,2.6244162288382955,23.02
config_CIN48_HIN14_WIN14_COUT48_K3_UFCIN12_UFCOU6_PAD1_STRIDE1_BIASTrue_conv2d_ACTIVATIONrelu_ap_fixed_32_10_,Overall,1091829,10.918 ms,148,292,13843,32986,8.114035087719298,12.04,2.525357559836544,11.59
config_CIN48_HIN14_WIN14_COUT48_K3_UFCIN12_UFCOU12_PAD1_STRIDE1_BIASTrue_conv2d_ACTIVATIONrelu_ap_fixed_32_10_,Overall,752357,7.524 ms,220,580,14675,44512,12.06140350877193,16.24,2.677138061879743,23.02
config_CIN48_HIN14_WIN14_COUT48_K3_UFCIN12_UFCOU24_PAD1_STRIDE1_BIASTrue_conv2d_ACTIVATIONrelu_ap_fixed_32_10_,Overall,582621,5.826 ms,388,1156,16264,67895,21.271929824561404,24.77,2.9670169293636897,45.87
config_CIN48_HIN14_WIN14_COUT48_K3_UFCIN24_UFCOU6_PAD1_STRIDE1_BIASTrue_conv2d_ACTIVATIONrelu_ap_fixed_32_10_,Overall,1088301,10.883 ms,220,580,15806,46661,12.06140350877193,17.02,2.883464681844717,23.02
config_CIN48_HIN14_WIN14_COUT48_K3_UFCIN24_UFCOU12_PAD1_STRIDE1_BIASTrue_conv2d_ACTIVATIONrelu_ap_fixed_32_10_,Overall,748829,7.488 ms,364,1156,17254,68635,19.956140350877195,25.04,3.1476211325160532,45.87
config_CIN48_HIN14_WIN14_COUT48_K3_UFCIN24_UFCOU24_PAD1_STRIDE1_BIASTrue_conv2d_ACTIVATIONrelu_ap_fixed_32_10_,Overall,579093,5.791 ms,676,2308,20065,113728,37.06140350877193,41.49,3.6604276123759485,91.59
config_CIN48_HIN14_WIN28_COUT24_K1_UFCIN6_UFCOU6_PAD1_STRIDE1_BIASTrue_conv2d_ACTIVATIONrelu_ap_fixed_32_10_,Overall,247471,2.475 ms,138,148,12689,25204,7.565789473684211,9.2,2.3148350846468184,5.87
config_CIN48_HIN14_WIN28_COUT24_K1_UFCIN6_UFCOU12_PAD1_STRIDE1_BIASTrue_conv2d_ACTIVATIONrelu_ap_fixed_32_10_,Overall,200431,2.004 ms,102,292,15519,32488,5.592105263157895,11.85,2.8311077057793343,11.59
config_CIN48_HIN14_WIN28_COUT24_K1_UFCIN6_UFCOU24_PAD1_STRIDE1_BIASTrue_conv2d_ACTIVATIONrelu_ap_fixed_32_10_,Overall,64097,0.641 ms,102,580,23553,38788,5.592105263157895,14.15,4.296738178633976,23.02
config_CIN48_HIN14_WIN28_COUT24_K1_UFCIN12_UFCOU6_PAD1_STRIDE1_BIASTrue_conv2d_ACTIVATIONrelu_ap_fixed_32_10_,Overall,245551,2.456 ms,102,292,15951,31724,5.592105263157895,11.57,2.909916812609457,11.59
config_CIN48_HIN14_WIN28_COUT24_K1_UFCIN12_UFCOU12_PAD1_STRIDE1_BIASTrue_conv2d_ACTIVATIONrelu_ap_fixed_32_10_,Overall,198511,1.985 ms,102,580,19129,43728,5.592105263157895,15.95,3.4896745475773496,23.02
config_CIN48_HIN14_WIN28_COUT24_K1_UFCIN12_UFCOU24_PAD1_STRIDE1_BIASTrue_conv2d_ACTIVATIONrelu_ap_fixed_32_10_,Overall,64097,0.641 ms,102,580,36798,57167,5.592105263157895,20.86,6.71300350262697,23.02
config_CIN48_HIN14_WIN28_COUT24_K1_UFCIN24_UFCOU6_PAD1_STRIDE1_BIASTrue_conv2d_ACTIVATIONrelu_ap_fixed_32_10_,Overall,244591,2.446 ms,102,580,20196,44194,5.592105263157895,16.12,3.6843257443082313,23.02
config_CIN48_HIN14_WIN28_COUT24_K1_UFCIN24_UFCOU12_PAD1_STRIDE1_BIASTrue_conv2d_ACTIVATIONrelu_ap_fixed_32_10_,Overall,197551,1.976 ms,102,1156,26374,67347,5.592105263157895,24.57,4.811368943374197,45.87
config_CIN48_HIN14_WIN28_COUT24_K1_UFCIN24_UFCOU24_PAD1_STRIDE1_BIASTrue_conv2d_ACTIVATIONrelu_ap_fixed_32_10_,Overall,64097,0.641 ms,102,580,57155,89351,5.592105263157895,32.6,10.426700233508464,23.02
config_CIN48_HIN14_WIN28_COUT24_K3_UFCIN6_UFCOU6_PAD1_STRIDE1_BIASTrue_conv2d_ACTIVATIONrelu_ap_fixed_32_10_,Overall,1454043,14.540 ms,136,148,12774,26201,7.456140350877193,9.56,2.330341506129597,5.87
config_CIN48_HIN14_WIN28_COUT24_K3_UFCIN6_UFCOU12_PAD1_STRIDE1_BIASTrue_conv2d_ACTIVATIONrelu_ap_fixed_32_10_,Overall,1114571,11.146 ms,172,292,13306,32832,9.429824561403509,11.98,2.427393461762989,11.59
config_CIN48_HIN14_WIN28_COUT24_K3_UFCIN6_UFCOU24_PAD1_STRIDE1_BIASTrue_conv2d_ACTIVATIONrelu_ap_fixed_32_10_,Overall,115741,1.157 ms,244,580,18975,38247,13.37719298245614,13.95,3.461580560420315,23.02
config_CIN48_HIN14_WIN28_COUT24_K3_UFCIN12_UFCOU6_PAD1_STRIDE1_BIASTrue_conv2d_ACTIVATIONrelu_ap_fixed_32_10_,Overall,1439931,14.399 ms,172,292,13737,32691,9.429824561403509,11.93,2.5060201401050786,11.59
config_CIN48_HIN14_WIN28_COUT24_K3_UFCIN12_UFCOU12_PAD1_STRIDE1_BIASTrue_conv2d_ACTIVATIONrelu_ap_fixed_32_10_,Overall,1100459,11.005 ms,244,580,14607,44448,13.37719298245614,16.22,2.6647329246935203,23.02
config_CIN48_HIN14_WIN28_COUT24_K3_UFCIN12_UFCOU24_PAD1_STRIDE1_BIASTrue_conv2d_ACTIVATIONrelu_ap_fixed_32_10_,Overall,115741,1.157 ms,388,580,27609,56602,21.271929824561404,20.65,5.036668126094571,23.02
config_CIN48_HIN14_WIN28_COUT24_K3_UFCIN24_UFCOU6_PAD1_STRIDE1_BIASTrue_conv2d_ACTIVATIONrelu_ap_fixed_32_10_,Overall,1432875,14.329 ms,244,580,15673,46018,13.37719298245614,16.79,2.859201692936369,23.02
config_CIN48_HIN14_WIN28_COUT24_K3_UFCIN24_UFCOU12_PAD1_STRIDE1_BIASTrue_conv2d_ACTIVATIONrelu_ap_fixed_32_10_,Overall,1093403,10.934 ms,388,1156,17244,68707,21.271929824561404,25.07,3.1457968476357268,45.87
config_CIN48_HIN14_WIN28_COUT24_K3_UFCIN24_UFCOU24_PAD1_STRIDE1_BIASTrue_conv2d_ACTIVATIONrelu_ap_fixed_32_10_,Overall,115741,1.157 ms,100,580,57182,93946,5.482456140350877,34.28,10.431625802685348,23.02
config_CIN48_HIN14_WIN28_COUT48_K1_UFCIN6_UFCOU6_PAD1_STRIDE1_BIASTrue_conv2d_ACTIVATIONrelu_ap_fixed_32_10_,Overall,379041,3.790 ms,182,148,12853,25381,9.978070175438598,9.26,2.34475335668418,5.87
config_CIN48_HIN14_WIN28_COUT48_K1_UFCIN6_UFCOU12_PAD1_STRIDE1_BIASTrue_conv2d_ACTIVATIONrelu_ap_fixed_32_10_,Overall,284961,2.850 ms,218,292,13394,31911,11.951754385964913,11.64,2.443447168709866,11.59
config_CIN48_HIN14_WIN28_COUT48_K1_UFCIN6_UFCOU24_PAD1_STRIDE1_BIASTrue_conv2d_ACTIVATIONrelu_ap_fixed_32_10_,Overall,237921,2.379 ms,146,580,19115,46335,8.00438596491228,16.91,3.4871205487448917,23.02
config_CIN48_HIN14_WIN28_COUT48_K1_UFCIN12_UFCOU6_PAD1_STRIDE1_BIASTrue_conv2d_ACTIVATIONrelu_ap_fixed_32_10_,Overall,377121,3.771 ms,218,292,13853,31336,11.951754385964913,11.43,2.527181844716871,11.59
config_CIN48_HIN14_WIN28_COUT48_K1_UFCIN12_UFCOU12_PAD1_STRIDE1_BIASTrue_conv2d_ACTIVATIONrelu_ap_fixed_32_10_,Overall,283041,2.830 ms,146,580,19356,44119,8.00438596491228,16.1,3.5310858143607704,23.02
config_CIN48_HIN14_WIN28_COUT48_K1_UFCIN12_UFCOU24_PAD1_STRIDE1_BIASTrue_conv2d_ACTIVATIONrelu_ap_fixed_32_10_,Overall,236001,2.360 ms,146,1156,25755,67811,8.00438596491228,24.74,4.698445709281962,45.87
config_CIN48_HIN14_WIN28_COUT48_K1_UFCIN24_UFCOU6_PAD1_STRIDE1_BIASTrue_conv2d_ACTIVATIONrelu_ap_fixed_32_10_,Overall,376161,3.762 ms,146,580,20486,44984,8.00438596491228,16.41,3.7372300058377115,23.02
config_CIN48_HIN14_WIN28_COUT48_K1_UFCIN24_UFCOU12_PAD1_STRIDE1_BIASTrue_conv2d_ACTIVATIONrelu_ap_fixed_32_10_,Overall,282081,2.821 ms,146,1156,26697,67365,8.00438596491228,24.58,4.870293345008757,45.87
config_CIN48_HIN14_WIN28_COUT48_K1_UFCIN24_UFCOU24_PAD1_STRIDE1_BIASTrue_conv2d_ACTIVATIONrelu_ap_fixed_32_10_,Overall,235041,2.350 ms,146,2308,39060,113006,8.00438596491228,41.23,7.125656742556917,91.59
config_CIN48_HIN14_WIN28_COUT48_K3_UFCIN6_UFCOU6_PAD1_STRIDE1_BIASTrue_conv2d_ACTIVATIONrelu_ap_fixed_32_10_,Overall,2173357,21.734 ms,212,148,12936,26418,11.62280701754386,9.64,2.359894921190893,5.87
config_CIN48_HIN14_WIN28_COUT48_K3_UFCIN6_UFCOU12_PAD1_STRIDE1_BIASTrue_conv2d_ACTIVATIONrelu_ap_fixed_32_10_,Overall,1494413,14.944 ms,212,292,13476,32904,11.62280701754386,12.01,2.4584063047285465,11.59
config_CIN48_HIN14_WIN28_COUT48_K3_UFCIN6_UFCOU24_PAD1_STRIDE1_BIASTrue_conv2d_ACTIVATIONrelu_ap_fixed_32_10_,Overall,1154941,11.549 ms,284,580,14551,46069,15.570175438596493,16.81,2.654516929363689,23.02
config_CIN48_HIN14_WIN28_COUT48_K3_UFCIN12_UFCOU6_PAD1_STRIDE1_BIASTrue_conv2d_ACTIVATIONrelu_ap_fixed_32_10_,Overall,2159245,21.592 ms,212,292,13936,33012,11.62280701754386,12.04,2.5423234092235845,11.59
config_CIN48_HIN14_WIN28_COUT48_K3_UFCIN12_UFCOU12_PAD1_STRIDE1_BIASTrue_conv2d_ACTIVATIONrelu_ap_fixed_32_10_,Overall,1480301,14.803 ms,284,580,14840,44506,15.570175438596493,16.24,2.7072387624051375,23.02
config_CIN48_HIN14_WIN28_COUT48_K3_UFCIN12_UFCOU24_PAD1_STRIDE1_BIASTrue_conv2d_ACTIVATIONrelu_ap_fixed_32_10_,Overall,1140829,11.408 ms,428,1156,16573,67921,23.464912280701753,24.78,3.023387332165791,45.87
config_CIN48_HIN14_WIN28_COUT48_K3_UFCIN24_UFCOU6_PAD1_STRIDE1_BIASTrue_conv2d_ACTIVATIONrelu_ap_fixed_32_10_,Overall,2152189,21.522 ms,284,580,15971,46691,15.570175438596493,17.04,2.913565382370111,23.02
config_CIN48_HIN14_WIN28_COUT48_K3_UFCIN24_UFCOU12_PAD1_STRIDE1_BIASTrue_conv2d_ACTIVATIONrelu_ap_fixed_32_10_,Overall,1473245,14.732 ms,428,1156,17563,68609,23.464912280701753,25.03,3.2039915353181554,45.87
config_CIN48_HIN14_WIN28_COUT48_K3_UFCIN24_UFCOU24_PAD1_STRIDE1_BIASTrue_conv2d_ACTIVATIONrelu_ap_fixed_32_10_,Overall,1133773,11.338 ms,716,2308,20662,113758,39.25438596491228,41.51,3.7693374197314653,91.59
config_CIN48_HIN14_WIN56_COUT24_K1_UFCIN6_UFCOU6_PAD1_STRIDE1_BIASTrue_conv2d_ACTIVATIONrelu_ap_fixed_32_10_,Overall,610481,6.105 ms,228,160,13258,24938,12.5,9.1,2.41863689433742,6.35
config_CIN48_HIN14_WIN56_COUT24_K1_UFCIN6_UFCOU12_PAD1_STRIDE1_BIASTrue_conv2d_ACTIVATIONrelu_ap_fixed_32_10_,Overall,519537,5.195 ms,192,304,16117,32202,10.526315789473683,11.75,2.940199941622884,12.06
config_CIN48_HIN14_WIN56_COUT24_K1_UFCIN6_UFCOU24_PAD1_STRIDE1_BIASTrue_conv2d_ACTIVATIONrelu_ap_fixed_32_10_,Overall,122344,1.223 ms,192,586,23812,38667,10.526315789473683,14.11,4.343987157034443,23.25
config_CIN48_HIN14_WIN56_COUT24_K1_UFCIN12_UFCOU6_PAD1_STRIDE1_BIASTrue_conv2d_ACTIVATIONrelu_ap_fixed_32_10_,Overall,606769,6.068 ms,192,310,17024,31446,10.526315789473683,11.47,3.1056625802685347,12.3
config_CIN48_HIN14_WIN56_COUT24_K1_UFCIN12_UFCOU12_PAD1_STRIDE1_BIASTrue_conv2d_ACTIVATIONrelu_ap_fixed_32_10_,Overall,515825,5.158 ms,192,598,20261,43418,10.526315789473683,15.84,3.6961835960303566,23.73
config_CIN48_HIN14_WIN56_COUT24_K1_UFCIN12_UFCOU24_PAD1_STRIDE1_BIASTrue_conv2d_ACTIVATIONrelu_ap_fixed_32_10_,Overall,122344,1.223 ms,192,586,37056,57046,10.526315789473683,20.81,6.760070052539405,23.25
config_CIN48_HIN14_WIN56_COUT24_K1_UFCIN24_UFCOU6_PAD1_STRIDE1_BIASTrue_conv2d_ACTIVATIONrelu_ap_fixed_32_10_,Overall,604913,6.049 ms,192,610,22277,43888,10.526315789473683,16.01,4.063959427904262,24.21
config_CIN48_HIN14_WIN56_COUT24_K1_UFCIN24_UFCOU12_PAD1_STRIDE1_BIASTrue_conv2d_ACTIVATIONrelu_ap_fixed_32_10_,Overall,513969,5.140 ms,192,1186,28574,66985,10.526315789473683,24.44,5.212711617046118,47.06
config_CIN48_HIN14_WIN56_COUT24_K1_UFCIN24_UFCOU24_PAD1_STRIDE1_BIASTrue_conv2d_ACTIVATIONrelu_ap_fixed_32_10_,Overall,122344,1.223 ms,192,586,57413,89226,10.526315789473683,32.55,10.4737667834209,23.25
config_CIN48_HIN14_WIN56_COUT24_K3_UFCIN6_UFCOU6_PAD1_STRIDE1_BIASTrue_conv2d_ACTIVATIONrelu_ap_fixed_32_10_,Overall,2895819,28.958 ms,224,148,12831,26242,12.280701754385964,9.57,2.3407399299474605,5.87
config_CIN48_HIN14_WIN56_COUT24_K3_UFCIN6_UFCOU12_PAD1_STRIDE1_BIASTrue_conv2d_ACTIVATIONrelu_ap_fixed_32_10_,Overall,2216875,22.169 ms,260,292,13399,32853,14.25438596491228,11.99,2.4443593111500292,11.59
config_CIN48_HIN14_WIN56_COUT24_K3_UFCIN6_UFCOU24_PAD1_STRIDE1_BIASTrue_conv2d_ACTIVATIONrelu_ap_fixed_32_10_,Overall,219229,2.192 ms,332,580,19020,38260,18.201754385964914,13.96,3.469789842381786,23.02
config_CIN48_HIN14_WIN56_COUT24_K3_UFCIN12_UFCOU6_PAD1_STRIDE1_BIASTrue_conv2d_ACTIVATIONrelu_ap_fixed_32_10_,Overall,2867595,28.676 ms,260,292,13830,32732,14.25438596491228,11.94,2.522985989492119,11.59
config_CIN48_HIN14_WIN56_COUT24_K3_UFCIN12_UFCOU12_PAD1_STRIDE1_BIASTrue_conv2d_ACTIVATIONrelu_ap_fixed_32_10_,Overall,2188651,21.887 ms,332,580,14772,44457,18.201754385964914,16.22,2.694833625218914,23.02
config_CIN48_HIN14_WIN56_COUT24_K3_UFCIN12_UFCOU24_PAD1_STRIDE1_BIASTrue_conv2d_ACTIVATIONrelu_ap_fixed_32_10_,Overall,219229,2.192 ms,476,580,27653,56615,26.096491228070175,20.66,5.04469497956801,23.02
config_CIN48_HIN14_WIN56_COUT24_K3_UFCIN24_UFCOU6_PAD1_STRIDE1_BIASTrue_conv2d_ACTIVATIONrelu_ap_fixed_32_10_,Overall,2853483,28.535 ms,332,580,15838,46055,18.201754385964914,16.8,2.889302393461763,23.02
config_CIN48_HIN14_WIN56_COUT24_K3_UFCIN24_UFCOU12_PAD1_STRIDE1_BIASTrue_conv2d_ACTIVATIONrelu_ap_fixed_32_10_,Overall,2174539,21.745 ms,476,1156,17553,68688,26.096491228070175,25.06,3.2021672504378285,45.87
config_CIN48_HIN14_WIN56_COUT24_K3_UFCIN24_UFCOU24_PAD1_STRIDE1_BIASTrue_conv2d_ACTIVATIONrelu_ap_fixed_32_10_,Overall,219229,2.192 ms,188,580,57226,93955,10.307017543859649,34.28,10.439652656158787,23.02
config_CIN48_HIN14_WIN56_COUT48_K1_UFCIN6_UFCOU6_PAD1_STRIDE1_BIASTrue_conv2d_ACTIVATIONrelu_ap_fixed_32_10_,Overall,862115,8.621 ms,316,160,13432,25046,17.324561403508774,9.14,2.450379451255108,6.35
config_CIN48_HIN14_WIN56_COUT48_K1_UFCIN6_UFCOU12_PAD1_STRIDE1_BIASTrue_conv2d_ACTIVATIONrelu_ap_fixed_32_10_,Overall,680227,6.802 ms,352,304,14001,31603,19.298245614035086,11.53,2.5541812609457093,12.06
config_CIN48_HIN14_WIN56_COUT48_K1_UFCIN6_UFCOU24_PAD1_STRIDE1_BIASTrue_conv2d_ACTIVATIONrelu_ap_fixed_32_10_,Overall,589283,5.893 ms,280,592,19738,45979,15.350877192982457,16.78,3.6007734967892584,23.49
config_CIN48_HIN14_WIN56_COUT48_K1_UFCIN12_UFCOU6_PAD1_STRIDE1_BIASTrue_conv2d_ACTIVATIONrelu_ap_fixed_32_10_,Overall,858403,8.584 ms,352,310,14942,30989,19.298245614035086,11.31,2.7258464681844714,12.3
config_CIN48_HIN14_WIN56_COUT48_K1_UFCIN12_UFCOU12_PAD1_STRIDE1_BIASTrue_conv2d_ACTIVATIONrelu_ap_fixed_32_10_,Overall,676515,6.765 ms,280,598,20503,43799,15.350877192982457,15.98,3.7403312901342676,23.73
config_CIN48_HIN14_WIN56_COUT48_K1_UFCIN12_UFCOU24_PAD1_STRIDE1_BIASTrue_conv2d_ACTIVATIONrelu_ap_fixed_32_10_,Overall,585571,5.856 ms,280,1174,26984,67431,15.350877192982457,24.6,4.922650321074139,46.59
config_CIN48_HIN14_WIN56_COUT48_K1_UFCIN24_UFCOU6_PAD1_STRIDE1_BIASTrue_conv2d_ACTIVATIONrelu_ap_fixed_32_10_,Overall,856547,8.565 ms,280,610,22595,44609,15.350877192982457,16.28,4.121971687098657,24.21
config_CIN48_HIN14_WIN56_COUT48_K1_UFCIN24_UFCOU12_PAD1_STRIDE1_BIASTrue_conv2d_ACTIVATIONrelu_ap_fixed_32_10_,Overall,674659,6.747 ms,280,1186,28924,67017,15.350877192982457,24.45,5.27656158785756,47.06
config_CIN48_HIN14_WIN56_COUT48_K1_UFCIN24_UFCOU24_PAD1_STRIDE1_BIASTrue_conv2d_ACTIVATIONrelu_ap_fixed_32_10_,Overall,583715,5.837 ms,280,2338,41501,112574,15.350877192982457,41.07,7.570964681844716,92.78
config_CIN48_HIN14_WIN56_COUT48_K3_UFCIN6_UFCOU6_PAD1_STRIDE1_BIASTrue_conv2d_ACTIVATIONrelu_ap_fixed_32_10_,Overall,4322301,43.223 ms,342,148,12993,26459,18.75,9.65,2.370293345008757,5.87
config_CIN48_HIN14_WIN56_COUT48_K3_UFCIN6_UFCOU12_PAD1_STRIDE1_BIASTrue_conv2d_ACTIVATIONrelu_ap_fixed_32_10_,Overall,2964413,29.644 ms,342,292,13569,32945,18.75,12.02,2.4753721541155866,11.59
config_CIN48_HIN14_WIN56_COUT48_K3_UFCIN6_UFCOU24_PAD1_STRIDE1_BIASTrue_conv2d_ACTIVATIONrelu_ap_fixed_32_10_,Overall,2285469,22.855 ms,414,580,14716,46090,22.697368421052634,16.82,2.6846176298890834,23.02
config_CIN48_HIN14_WIN56_COUT48_K3_UFCIN12_UFCOU6_PAD1_STRIDE1_BIASTrue_conv2d_ACTIVATIONrelu_ap_fixed_32_10_,Overall,4294077,42.941 ms,342,292,14029,33053,18.75,12.06,2.5592892586106246,11.59
config_CIN48_HIN14_WIN56_COUT48_K3_UFCIN12_UFCOU12_PAD1_STRIDE1_BIASTrue_conv2d_ACTIVATIONrelu_ap_fixed_32_10_,Overall,2936189,29.362 ms,414,580,15005,44547,22.697368421052634,16.25,2.737339462930531,23.02
config_CIN48_HIN14_WIN56_COUT48_K3_UFCIN12_UFCOU24_PAD1_STRIDE1_BIASTrue_conv2d_ACTIVATIONrelu_ap_fixed_32_10_,Overall,2257245,22.572 ms,558,1156,16882,67930,30.592105263157894,24.78,3.0797577349678926,45.87
config_CIN48_HIN14_WIN56_COUT48_K3_UFCIN24_UFCOU6_PAD1_STRIDE1_BIASTrue_conv2d_ACTIVATIONrelu_ap_fixed_32_10_,Overall,4279965,42.800 ms,414,580,16136,46728,22.697368421052634,17.05,2.943666082895505,23.02
config_CIN48_HIN14_WIN56_COUT48_K3_UFCIN24_UFCOU12_PAD1_STRIDE1_BIASTrue_conv2d_ACTIVATIONrelu_ap_fixed_32_10_,Overall,2922077,29.221 ms,558,1156,17872,68646,30.592105263157894,25.05,3.260361938120257,45.87
config_CIN48_HIN14_WIN56_COUT48_K3_UFCIN24_UFCOU24_PAD1_STRIDE1_BIASTrue_conv2d_ACTIVATIONrelu_ap_fixed_32_10_,Overall,2243133,22.431 ms,846,2308,21259,113739,46.381578947368425,41.5,3.8782472270869817,91.59
config_CIN48_HIN28_WIN14_COUT24_K1_UFCIN6_UFCOU6_PAD1_STRIDE1_BIASTrue_conv2d_ACTIVATIONrelu_ap_fixed_32_10_,Overall,247499,2.475 ms,138,148,12750,25234,7.565789473684211,9.21,2.3259632224168127,5.87
config_CIN48_HIN28_WIN14_COUT24_K1_UFCIN6_UFCOU12_PAD1_STRIDE1_BIASTrue_conv2d_ACTIVATIONrelu_ap_fixed_32_10_,Overall,200459,2.005 ms,102,292,15644,32469,5.592105263157895,11.85,2.853911266783421,11.59
config_CIN48_HIN28_WIN14_COUT24_K1_UFCIN6_UFCOU24_PAD1_STRIDE1_BIASTrue_conv2d_ACTIVATIONrelu_ap_fixed_32_10_,Overall,64125,0.641 ms,102,580,23545,38711,5.592105263157895,14.12,4.2952787507297145,23.02
config_CIN48_HIN28_WIN14_COUT24_K1_UFCIN12_UFCOU6_PAD1_STRIDE1_BIASTrue_conv2d_ACTIVATIONrelu_ap_fixed_32_10_,Overall,245579,2.456 ms,102,292,16012,31750,5.592105263157895,11.58,2.9210449503794513,11.59
config_CIN48_HIN28_WIN14_COUT24_K1_UFCIN12_UFCOU12_PAD1_STRIDE1_BIASTrue_conv2d_ACTIVATIONrelu_ap_fixed_32_10_,Overall,198539,1.985 ms,102,580,19254,43657,5.592105263157895,15.93,3.5124781085814365,23.02
config_CIN48_HIN28_WIN14_COUT24_K1_UFCIN12_UFCOU24_PAD1_STRIDE1_BIASTrue_conv2d_ACTIVATIONrelu_ap_fixed_32_10_,Overall,64125,0.641 ms,102,580,36790,57098,5.592105263157895,20.83,6.711544074722708,23.02
config_CIN48_HIN28_WIN14_COUT24_K1_UFCIN24_UFCOU6_PAD1_STRIDE1_BIASTrue_conv2d_ACTIVATIONrelu_ap_fixed_32_10_,Overall,244619,2.446 ms,102,580,20258,44197,5.592105263157895,16.13,3.6956363105662584,23.02
config_CIN48_HIN28_WIN14_COUT24_K1_UFCIN24_UFCOU12_PAD1_STRIDE1_BIASTrue_conv2d_ACTIVATIONrelu_ap_fixed_32_10_,Overall,197579,1.976 ms,102,1156,26500,67157,5.592105263157895,24.5,4.834354932866317,45.87
config_CIN48_HIN28_WIN14_COUT24_K1_UFCIN24_UFCOU24_PAD1_STRIDE1_BIASTrue_conv2d_ACTIVATIONrelu_ap_fixed_32_10_,Overall,64125,0.641 ms,102,580,57147,89283,5.592105263157895,32.58,10.425240805604204,23.02
config_CIN48_HIN28_WIN14_COUT24_K3_UFCIN6_UFCOU6_PAD1_STRIDE1_BIASTrue_conv2d_ACTIVATIONrelu_ap_fixed_32_10_,Overall,1454071,14.541 ms,136,148,12775,26258,7.456140350877193,9.58,2.33052393461763,5.87
config_CIN48_HIN28_WIN14_COUT24_K3_UFCIN6_UFCOU12_PAD1_STRIDE1_BIASTrue_conv2d_ACTIVATIONrelu_ap_fixed_32_10_,Overall,1114599,11.146 ms,172,292,13308,32888,9.429824561403509,12.0,2.427758318739054,11.59
config_CIN48_HIN28_WIN14_COUT24_K3_UFCIN6_UFCOU24_PAD1_STRIDE1_BIASTrue_conv2d_ACTIVATIONrelu_ap_fixed_32_10_,Overall,115769,1.158 ms,244,580,18976,38252,13.37719298245614,13.96,3.461762988908348,23.02
config_CIN48_HIN28_WIN14_COUT24_K3_UFCIN12_UFCOU6_PAD1_STRIDE1_BIASTrue_conv2d_ACTIVATIONrelu_ap_fixed_32_10_,Overall,1439959,14.400 ms,172,292,13738,32792,9.429824561403509,11.96,2.5062025685931117,11.59
config_CIN48_HIN28_WIN14_COUT24_K3_UFCIN12_UFCOU12_PAD1_STRIDE1_BIASTrue_conv2d_ACTIVATIONrelu_ap_fixed_32_10_,Overall,1100487,11.005 ms,244,580,14609,44548,13.37719298245614,16.25,2.6650977816695858,23.02
config_CIN48_HIN28_WIN14_COUT24_K3_UFCIN12_UFCOU24_PAD1_STRIDE1_BIASTrue_conv2d_ACTIVATIONrelu_ap_fixed_32_10_,Overall,115769,1.158 ms,388,580,27610,56615,21.271929824561404,20.66,5.036850554582604,23.02
config_CIN48_HIN28_WIN14_COUT24_K3_UFCIN24_UFCOU6_PAD1_STRIDE1_BIASTrue_conv2d_ACTIVATIONrelu_ap_fixed_32_10_,Overall,1432903,14.329 ms,244,580,15675,46192,13.37719298245614,16.85,2.8595665499124343,23.02
config_CIN48_HIN28_WIN14_COUT24_K3_UFCIN24_UFCOU12_PAD1_STRIDE1_BIASTrue_conv2d_ACTIVATIONrelu_ap_fixed_32_10_,Overall,1093431,10.934 ms,388,1156,17247,68880,21.271929824561404,25.13,3.146344133099825,45.87
config_CIN48_HIN28_WIN14_COUT24_K3_UFCIN24_UFCOU24_PAD1_STRIDE1_BIASTrue_conv2d_ACTIVATIONrelu_ap_fixed_32_10_,Overall,115769,1.158 ms,100,580,57183,93960,5.482456140350877,34.28,10.43180823117338,23.02
config_CIN48_HIN28_WIN14_COUT48_K1_UFCIN6_UFCOU6_PAD1_STRIDE1_BIASTrue_conv2d_ACTIVATIONrelu_ap_fixed_32_10_,Overall,379069,3.791 ms,182,148,12913,25467,9.978070175438598,9.29,2.3556990659661414,5.87
config_CIN48_HIN28_WIN14_COUT48_K1_UFCIN6_UFCOU12_PAD1_STRIDE1_BIASTrue_conv2d_ACTIVATIONrelu_ap_fixed_32_10_,Overall,284989,2.850 ms,218,292,13516,31969,11.951754385964913,11.66,2.4657034442498538,11.59
config_CIN48_HIN28_WIN14_COUT48_K1_UFCIN6_UFCOU24_PAD1_STRIDE1_BIASTrue_conv2d_ACTIVATIONrelu_ap_fixed_32_10_,Overall,237949,2.379 ms,146,580,19188,46284,8.00438596491228,16.89,3.5004378283712785,23.02
config_CIN48_HIN28_WIN14_COUT48_K1_UFCIN12_UFCOU6_PAD1_STRIDE1_BIASTrue_conv2d_ACTIVATIONrelu_ap_fixed_32_10_,Overall,377149,3.771 ms,218,292,13913,31454,11.951754385964913,11.48,2.5381275539988324,11.59
config_CIN48_HIN28_WIN14_COUT48_K1_UFCIN12_UFCOU12_PAD1_STRIDE1_BIASTrue_conv2d_ACTIVATIONrelu_ap_fixed_32_10_,Overall,283069,2.831 ms,146,580,19478,44173,8.00438596491228,16.12,3.5533420899007586,23.02
config_CIN48_HIN28_WIN14_COUT48_K1_UFCIN12_UFCOU24_PAD1_STRIDE1_BIASTrue_conv2d_ACTIVATIONrelu_ap_fixed_32_10_,Overall,236029,2.360 ms,146,1156,25828,67708,8.00438596491228,24.7,4.711762988908348,45.87
config_CIN48_HIN28_WIN14_COUT48_K1_UFCIN24_UFCOU6_PAD1_STRIDE1_BIASTrue_conv2d_ACTIVATIONrelu_ap_fixed_32_10_,Overall,376189,3.762 ms,146,580,20547,45151,8.00438596491228,16.47,3.748358143607706,23.02
config_CIN48_HIN28_WIN14_COUT48_K1_UFCIN24_UFCOU12_PAD1_STRIDE1_BIASTrue_conv2d_ACTIVATIONrelu_ap_fixed_32_10_,Overall,282109,2.821 ms,146,1156,26820,67396,8.00438596491228,24.59,4.892732049036778,45.87
config_CIN48_HIN28_WIN14_COUT48_K1_UFCIN24_UFCOU24_PAD1_STRIDE1_BIASTrue_conv2d_ACTIVATIONrelu_ap_fixed_32_10_,Overall,235069,2.351 ms,146,2308,39134,112784,8.00438596491228,41.15,7.139156450671337,91.59
config_CIN48_HIN28_WIN14_COUT48_K3_UFCIN6_UFCOU6_PAD1_STRIDE1_BIASTrue_conv2d_ACTIVATIONrelu_ap_fixed_32_10_,Overall,2173385,21.734 ms,212,148,12937,26449,11.62280701754386,9.65,2.360077349678926,5.87
config_CIN48_HIN28_WIN14_COUT48_K3_UFCIN6_UFCOU12_PAD1_STRIDE1_BIASTrue_conv2d_ACTIVATIONrelu_ap_fixed_32_10_,Overall,1494441,14.944 ms,212,292,13477,32959,11.62280701754386,12.03,2.4585887332165792,11.59
config_CIN48_HIN28_WIN14_COUT48_K3_UFCIN6_UFCOU24_PAD1_STRIDE1_BIASTrue_conv2d_ACTIVATIONrelu_ap_fixed_32_10_,Overall,1154969,11.550 ms,284,580,14553,46123,15.570175438596493,16.83,2.6548817863397547,23.02
config_CIN48_HIN28_WIN14_COUT48_K3_UFCIN12_UFCOU6_PAD1_STRIDE1_BIASTrue_conv2d_ACTIVATIONrelu_ap_fixed_32_10_,Overall,2159273,21.593 ms,212,292,13937,33087,11.62280701754386,12.07,2.542505837711617,11.59
config_CIN48_HIN28_WIN14_COUT48_K3_UFCIN12_UFCOU12_PAD1_STRIDE1_BIASTrue_conv2d_ACTIVATIONrelu_ap_fixed_32_10_,Overall,1480329,14.803 ms,284,580,14841,44605,15.570175438596493,16.27,2.70742119089317,23.02
config_CIN48_HIN28_WIN14_COUT48_K3_UFCIN12_UFCOU24_PAD1_STRIDE1_BIASTrue_conv2d_ACTIVATIONrelu_ap_fixed_32_10_,Overall,1140857,11.409 ms,428,1156,16575,68019,23.464912280701753,24.82,3.0237521891418564,45.87
config_CIN48_HIN28_WIN14_COUT48_K3_UFCIN24_UFCOU6_PAD1_STRIDE1_BIASTrue_conv2d_ACTIVATIONrelu_ap_fixed_32_10_,Overall,2152217,21.522 ms,284,580,15973,46839,15.570175438596493,17.09,2.9139302393461763,23.02
config_CIN48_HIN28_WIN14_COUT48_K3_UFCIN24_UFCOU12_PAD1_STRIDE1_BIASTrue_conv2d_ACTIVATIONrelu_ap_fixed_32_10_,Overall,1473273,14.733 ms,428,1156,17565,68781,23.464912280701753,25.1,3.2043563922942204,45.87
config_CIN48_HIN28_WIN14_COUT48_K3_UFCIN24_UFCOU24_PAD1_STRIDE1_BIASTrue_conv2d_ACTIVATIONrelu_ap_fixed_32_10_,Overall,1133801,11.338 ms,716,2308,20665,113929,39.25438596491228,41.57,3.7698847051955635,91.59
config_CIN48_HIN28_WIN28_COUT24_K1_UFCIN6_UFCOU6_PAD1_STRIDE1_BIASTrue_conv2d_ACTIVATIONrelu_ap_fixed_32_10_,Overall,463715,4.637 ms,228,148,12788,25554,12.5,9.32,2.332895504962055,5.87
config_CIN48_HIN28_WIN28_COUT24_K1_UFCIN6_UFCOU12_PAD1_STRIDE1_BIASTrue_conv2d_ACTIVATIONrelu_ap_fixed_32_10_,Overall,375515,3.755 ms,192,292,15656,32761,10.526315789473683,11.95,2.856100408639813,11.59
config_CIN48_HIN28_WIN28_COUT24_K1_UFCIN6_UFCOU24_PAD1_STRIDE1_BIASTrue_conv2d_ACTIVATIONrelu_ap_fixed_32_10_,Overall,119901,1.199 ms,192,580,23583,38842,10.526315789473683,14.17,4.302211033274956,23.02
config_CIN48_HIN28_WIN28_COUT24_K1_UFCIN12_UFCOU6_PAD1_STRIDE1_BIASTrue_conv2d_ACTIVATIONrelu_ap_fixed_32_10_,Overall,460115,4.601 ms,192,292,16086,32274,10.526315789473683,11.78,2.9345446584938704,11.59
config_CIN48_HIN28_WIN28_COUT24_K1_UFCIN12_UFCOU12_PAD1_STRIDE1_BIASTrue_conv2d_ACTIVATIONrelu_ap_fixed_32_10_,Overall,371915,3.719 ms,192,580,19338,44153,10.526315789473683,16.11,3.527802101576182,23.02
config_CIN48_HIN28_WIN28_COUT24_K1_UFCIN12_UFCOU24_PAD1_STRIDE1_BIASTrue_conv2d_ACTIVATIONrelu_ap_fixed_32_10_,Overall,119901,1.199 ms,192,580,36827,57229,10.526315789473683,20.88,6.718293928779919,23.02
config_CIN48_HIN28_WIN28_COUT24_K1_UFCIN24_UFCOU6_PAD1_STRIDE1_BIASTrue_conv2d_ACTIVATIONrelu_ap_fixed_32_10_,Overall,458315,4.583 ms,192,580,20404,45125,10.526315789473683,16.46,3.722270869819031,23.02
config_CIN48_HIN28_WIN28_COUT24_K1_UFCIN24_UFCOU12_PAD1_STRIDE1_BIASTrue_conv2d_ACTIVATIONrelu_ap_fixed_32_10_,Overall,370115,3.701 ms,192,1156,26728,68057,10.526315789473683,24.83,4.8759486281377695,45.87
config_CIN48_HIN28_WIN28_COUT24_K1_UFCIN24_UFCOU24_PAD1_STRIDE1_BIASTrue_conv2d_ACTIVATIONrelu_ap_fixed_32_10_,Overall,119901,1.199 ms,192,580,57184,89410,10.526315789473683,32.62,10.431990659661412,23.02
config_CIN48_HIN28_WIN28_COUT24_K3_UFCIN6_UFCOU6_PAD1_STRIDE1_BIASTrue_conv2d_ACTIVATIONrelu_ap_fixed_32_10_,Overall,2895847,28.958 ms,224,148,12832,26288,12.280701754385964,9.59,2.3409223584354932,5.87
config_CIN48_HIN28_WIN28_COUT24_K3_UFCIN6_UFCOU12_PAD1_STRIDE1_BIASTrue_conv2d_ACTIVATIONrelu_ap_fixed_32_10_,Overall,2216903,22.169 ms,260,292,13401,32898,14.25438596491228,12.0,2.4447241681260943,11.59
config_CIN48_HIN28_WIN28_COUT24_K3_UFCIN6_UFCOU24_PAD1_STRIDE1_BIASTrue_conv2d_ACTIVATIONrelu_ap_fixed_32_10_,Overall,219257,2.193 ms,332,580,19021,38253,18.201754385964914,13.96,3.4699722708698193,23.02
config_CIN48_HIN28_WIN28_COUT24_K3_UFCIN12_UFCOU6_PAD1_STRIDE1_BIASTrue_conv2d_ACTIVATIONrelu_ap_fixed_32_10_,Overall,2867623,28.676 ms,260,292,13831,32822,14.25438596491228,11.98,2.523168417980152,11.59
config_CIN48_HIN28_WIN28_COUT24_K3_UFCIN12_UFCOU12_PAD1_STRIDE1_BIASTrue_conv2d_ACTIVATIONrelu_ap_fixed_32_10_,Overall,2188679,21.887 ms,332,580,14774,44546,18.201754385964914,16.25,2.6951984821949795,23.02
config_CIN48_HIN28_WIN28_COUT24_K3_UFCIN12_UFCOU24_PAD1_STRIDE1_BIASTrue_conv2d_ACTIVATIONrelu_ap_fixed_32_10_,Overall,219257,2.193 ms,476,580,27654,56616,26.096491228070175,20.66,5.044877408056042,23.02
config_CIN48_HIN28_WIN28_COUT24_K3_UFCIN24_UFCOU6_PAD1_STRIDE1_BIASTrue_conv2d_ACTIVATIONrelu_ap_fixed_32_10_,Overall,2853511,28.535 ms,332,580,15840,46218,18.201754385964914,16.86,2.8896672504378285,23.02
config_CIN48_HIN28_WIN28_COUT24_K3_UFCIN24_UFCOU12_PAD1_STRIDE1_BIASTrue_conv2d_ACTIVATIONrelu_ap_fixed_32_10_,Overall,2174567,21.746 ms,476,1156,17556,68850,26.096491228070175,25.12,3.2027145359019267,45.87
config_CIN48_HIN28_WIN28_COUT24_K3_UFCIN24_UFCOU24_PAD1_STRIDE1_BIASTrue_conv2d_ACTIVATIONrelu_ap_fixed_32_10_,Overall,219257,2.193 ms,188,580,57227,93957,10.307017543859649,34.28,10.439835084646818,23.02
config_CIN48_HIN28_WIN28_COUT48_K1_UFCIN6_UFCOU6_PAD1_STRIDE1_BIASTrue_conv2d_ACTIVATIONrelu_ap_fixed_32_10_,Overall,707845,7.078 ms,316,148,12950,25757,17.324561403508774,9.4,2.362448920023351,5.87
config_CIN48_HIN28_WIN28_COUT48_K1_UFCIN6_UFCOU12_PAD1_STRIDE1_BIASTrue_conv2d_ACTIVATIONrelu_ap_fixed_32_10_,Overall,531445,5.314 ms,352,292,13526,32255,19.298245614035086,11.77,2.4675277291301807,11.59
config_CIN48_HIN28_WIN28_COUT48_K1_UFCIN6_UFCOU24_PAD1_STRIDE1_BIASTrue_conv2d_ACTIVATIONrelu_ap_fixed_32_10_,Overall,443245,4.432 ms,280,580,19272,46574,15.350877192982457,16.99,3.5157618213660244,23.02
config_CIN48_HIN28_WIN28_COUT48_K1_UFCIN12_UFCOU6_PAD1_STRIDE1_BIASTrue_conv2d_ACTIVATIONrelu_ap_fixed_32_10_,Overall,704245,7.042 ms,352,292,13986,31948,19.298245614035086,11.66,2.5514448336252187,11.59
config_CIN48_HIN28_WIN28_COUT48_K1_UFCIN12_UFCOU12_PAD1_STRIDE1_BIASTrue_conv2d_ACTIVATIONrelu_ap_fixed_32_10_,Overall,527845,5.278 ms,280,580,19560,44663,15.350877192982457,16.3,3.5683012259194395,23.02
config_CIN48_HIN28_WIN28_COUT48_K1_UFCIN12_UFCOU24_PAD1_STRIDE1_BIASTrue_conv2d_ACTIVATIONrelu_ap_fixed_32_10_,Overall,439645,4.396 ms,280,1156,26056,68202,15.350877192982457,24.88,4.753356684179801,45.87
config_CIN48_HIN28_WIN28_COUT48_K1_UFCIN24_UFCOU6_PAD1_STRIDE1_BIASTrue_conv2d_ACTIVATIONrelu_ap_fixed_32_10_,Overall,702445,7.024 ms,280,580,20692,46049,15.350877192982457,16.8,3.774810274372446,23.02
config_CIN48_HIN28_WIN28_COUT48_K1_UFCIN24_UFCOU12_PAD1_STRIDE1_BIASTrue_conv2d_ACTIVATIONrelu_ap_fixed_32_10_,Overall,526045,5.260 ms,280,1156,27046,68290,15.350877192982457,24.92,4.933960887332166,45.87
config_CIN48_HIN28_WIN28_COUT48_K1_UFCIN24_UFCOU24_PAD1_STRIDE1_BIASTrue_conv2d_ACTIVATIONrelu_ap_fixed_32_10_,Overall,437845,4.378 ms,280,2308,39650,113682,15.350877192982457,41.48,7.233289550496205,91.59
config_CIN48_HIN28_WIN28_COUT48_K3_UFCIN6_UFCOU6_PAD1_STRIDE1_BIASTrue_conv2d_ACTIVATIONrelu_ap_fixed_32_10_,Overall,4322329,43.223 ms,342,148,12994,26479,18.75,9.66,2.370475773496789,5.87
config_CIN48_HIN28_WIN28_COUT48_K3_UFCIN6_UFCOU12_PAD1_STRIDE1_BIASTrue_conv2d_ACTIVATIONrelu_ap_fixed_32_10_,Overall,2964441,29.644 ms,342,292,13570,32989,18.75,12.04,2.4755545826036194,11.59
config_CIN48_HIN28_WIN28_COUT48_K3_UFCIN6_UFCOU24_PAD1_STRIDE1_BIASTrue_conv2d_ACTIVATIONrelu_ap_fixed_32_10_,Overall,2285497,22.855 ms,414,580,14718,46133,22.697368421052634,16.83,2.684982486865149,23.02
config_CIN48_HIN28_WIN28_COUT48_K3_UFCIN12_UFCOU6_PAD1_STRIDE1_BIASTrue_conv2d_ACTIVATIONrelu_ap_fixed_32_10_,Overall,4294105,42.941 ms,342,292,14030,33117,18.75,12.08,2.5594716870986574,11.59
config_CIN48_HIN28_WIN28_COUT48_K3_UFCIN12_UFCOU12_PAD1_STRIDE1_BIASTrue_conv2d_ACTIVATIONrelu_ap_fixed_32_10_,Overall,2936217,29.362 ms,414,580,15006,44635,22.697368421052634,16.29,2.737521891418564,23.02
config_CIN48_HIN28_WIN28_COUT48_K3_UFCIN12_UFCOU24_PAD1_STRIDE1_BIASTrue_conv2d_ACTIVATIONrelu_ap_fixed_32_10_,Overall,2257273,22.573 ms,558,1156,16884,68017,30.592105263157894,24.82,3.0801225919439577,45.87
config_CIN48_HIN28_WIN28_COUT48_K3_UFCIN24_UFCOU6_PAD1_STRIDE1_BIASTrue_conv2d_ACTIVATIONrelu_ap_fixed_32_10_,Overall,4279993,42.800 ms,414,580,16138,46865,22.697368421052634,17.1,2.9440309398715705,23.02
config_CIN48_HIN28_WIN28_COUT48_K3_UFCIN24_UFCOU12_PAD1_STRIDE1_BIASTrue_conv2d_ACTIVATIONrelu_ap_fixed_32_10_,Overall,2922105,29.221 ms,558,1156,17874,68807,30.592105263157894,25.1,3.260726795096322,45.87
config_CIN48_HIN28_WIN28_COUT48_K3_UFCIN24_UFCOU24_PAD1_STRIDE1_BIASTrue_conv2d_ACTIVATIONrelu_ap_fixed_32_10_,Overall,2243161,22.432 ms,846,2308,21262,113899,46.381578947368425,41.56,3.87879451255108,91.59
config_CIN48_HIN28_WIN56_COUT24_K1_UFCIN12_UFCOU6_PAD1_STRIDE1_BIASTrue_conv2d_ACTIVATIONrelu_ap_fixed_32_10_,Overall,1139749,11.397 ms,374,310,17148,31744,20.50438596491228,11.58,3.128283712784589,12.3
config_CIN48_HIN28_WIN56_COUT24_K1_UFCIN12_UFCOU12_PAD1_STRIDE1_BIASTrue_conv2d_ACTIVATIONrelu_ap_fixed_32_10_,Overall,969229,9.692 ms,374,598,20459,43699,20.50438596491228,15.94,3.7323044366608293,23.73
config_CIN48_HIN28_WIN56_COUT24_K1_UFCIN12_UFCOU24_PAD1_STRIDE1_BIASTrue_conv2d_ACTIVATIONrelu_ap_fixed_32_10_,Overall,231460,2.315 ms,374,586,37139,57119,20.50438596491228,20.84,6.775211617046118,23.25
config_CIN48_HIN28_WIN56_COUT24_K1_UFCIN24_UFCOU12_PAD1_STRIDE1_BIASTrue_conv2d_ACTIVATIONrelu_ap_fixed_32_10_,Overall,965749,9.657 ms,374,1186,28917,67423,20.50438596491228,24.6,5.275284588441331,47.06
