Project,Function,CYCLE,LATENCY,BRAM,DSP,FF,LUT,BRAM_Utilization,LUT_Utilization,FF_Utilization,DSP_Utilization
config_CIN32_HIN14_WIN14_COUT32_K1_UFCIN1_UFCOU1_PAD1_STRIDE1_BIASTrue_conv2d_ACTIVATIONrelu_ap_fixed_32_10_,Overall,305699,3.057 ms,57,8,10435,17150,3.125,6.26,1.9036412726211327,0.32
config_CIN32_HIN14_WIN14_COUT32_K1_UFCIN1_UFCOU8_PAD1_STRIDE1_BIASTrue_conv2d_ACTIVATIONrelu_ap_fixed_32_10_,Overall,69156,0.692 ms,62,36,10811,19509,3.399122807017544,7.12,1.9722343841214245,1.43
config_CIN32_HIN14_WIN14_COUT32_K1_UFCIN1_UFCOU32_PAD1_STRIDE1_BIASTrue_conv2d_ACTIVATIONrelu_ap_fixed_32_10_,Overall,44323,0.443 ms,102,132,14749,25508,5.592105263157895,9.31,2.6906377699941624,5.24
config_CIN32_HIN14_WIN14_COUT32_K1_UFCIN8_UFCOU1_PAD1_STRIDE1_BIASTrue_conv2d_ACTIVATIONrelu_ap_fixed_32_10_,Overall,338980,3.390 ms,63,36,11320,18959,3.453947368421053,6.92,2.065090484530064,1.43
config_CIN32_HIN14_WIN14_COUT32_K1_UFCIN8_UFCOU8_PAD1_STRIDE1_BIASTrue_conv2d_ACTIVATIONrelu_ap_fixed_32_10_,Overall,102436,1.024 ms,54,260,14223,29205,2.9605263157894735,10.66,2.5946803852889664,10.32
config_CIN32_HIN14_WIN14_COUT32_K1_UFCIN8_UFCOU32_PAD1_STRIDE1_BIASTrue_conv2d_ACTIVATIONrelu_ap_fixed_32_10_,Overall,37667,0.377 ms,70,1028,33691,52975,3.8377192982456143,19.33,6.1461981903093985,40.79
config_CIN32_HIN14_WIN14_COUT32_K1_UFCIN32_UFCOU1_PAD1_STRIDE1_BIASTrue_conv2d_ACTIVATIONrelu_ap_fixed_32_10_,Overall,337700,3.377 ms,103,132,14202,24992,5.646929824561404,9.12,2.5908493870402802,5.24
config_CIN32_HIN14_WIN14_COUT32_K1_UFCIN32_UFCOU8_PAD1_STRIDE1_BIASTrue_conv2d_ACTIVATIONrelu_ap_fixed_32_10_,Overall,101156,1.012 ms,70,1028,24857,58996,3.8377192982456143,21.53,4.534624927028605,40.79
config_CIN32_HIN14_WIN14_COUT32_K1_UFCIN32_UFCOU32_PAD1_STRIDE1_BIASTrue_conv2d_ACTIVATIONrelu_ap_fixed_32_10_,Overall,35082,0.351 ms,117,2056,184517,112210,6.4144736842105265,40.94,33.66115732632808,81.59
config_CIN32_HIN14_WIN14_COUT32_K3_UFCIN1_UFCOU1_PAD1_STRIDE1_BIASTrue_conv2d_ACTIVATIONrelu_ap_fixed_32_10_,Overall,1857999,18.580 ms,77,8,10448,17671,4.2214912280701755,6.45,1.9060128429655574,0.32
config_CIN32_HIN14_WIN14_COUT32_K3_UFCIN1_UFCOU8_PAD1_STRIDE1_BIASTrue_conv2d_ACTIVATIONrelu_ap_fixed_32_10_,Overall,271968,2.720 ms,86,36,10831,20094,4.714912280701754,7.33,1.9758829538820781,1.43
config_CIN32_HIN14_WIN14_COUT32_K3_UFCIN1_UFCOU32_PAD1_STRIDE1_BIASTrue_conv2d_ACTIVATIONrelu_ap_fixed_32_10_,Overall,105563,1.056 ms,102,132,14778,25591,5.592105263157895,9.34,2.6959281961471104,5.24
config_CIN32_HIN14_WIN14_COUT32_K3_UFCIN8_UFCOU1_PAD1_STRIDE1_BIASTrue_conv2d_ACTIVATIONrelu_ap_fixed_32_10_,Overall,2087320,20.873 ms,87,36,11339,20469,4.769736842105264,7.47,2.0685566258026853,1.43
config_CIN32_HIN14_WIN14_COUT32_K3_UFCIN8_UFCOU8_PAD1_STRIDE1_BIASTrue_conv2d_ACTIVATIONrelu_ap_fixed_32_10_,Overall,501288,5.013 ms,118,260,12198,30156,6.469298245614036,11.0,2.225262697022767,10.32
config_CIN32_HIN14_WIN14_COUT32_K3_UFCIN8_UFCOU32_PAD1_STRIDE1_BIASTrue_conv2d_ACTIVATIONrelu_ap_fixed_32_10_,Overall,59699,0.597 ms,326,1028,25530,52484,17.87280701754386,19.15,4.657399299474606,40.79
config_CIN32_HIN14_WIN14_COUT32_K3_UFCIN32_UFCOU1_PAD1_STRIDE1_BIASTrue_conv2d_ACTIVATIONrelu_ap_fixed_32_10_,Overall,2078500,20.785 ms,103,132,14226,29815,5.646929824561404,10.88,2.595227670753065,5.24
config_CIN32_HIN14_WIN14_COUT32_K3_UFCIN32_UFCOU8_PAD1_STRIDE1_BIASTrue_conv2d_ACTIVATIONrelu_ap_fixed_32_10_,Overall,492468,4.925 ms,326,1028,16688,62180,17.87280701754386,22.69,3.0443666082895504,40.79
config_CIN32_HIN14_WIN14_COUT32_K3_UFCIN32_UFCOU32_PAD1_STRIDE1_BIASTrue_conv2d_ACTIVATIONrelu_ap_fixed_32_10_,Overall,49286,0.493 ms,86,648,86815,145232,4.714912280701754,52.99,15.837529188558086,25.71
config_CIN32_HIN14_WIN14_COUT96_K1_UFCIN1_UFCOU1_PAD1_STRIDE1_BIASTrue_conv2d_ACTIVATIONrelu_ap_fixed_32_10_,Overall,902307,9.023 ms,119,8,10454,17244,6.524122807017544,6.29,1.9071074138937536,0.32
config_CIN32_HIN14_WIN14_COUT96_K1_UFCIN1_UFCOU8_PAD1_STRIDE1_BIASTrue_conv2d_ACTIVATIONrelu_ap_fixed_32_10_,Overall,192676,1.927 ms,138,36,10850,19688,7.565789473684211,7.18,1.9793490951546995,1.43
config_CIN32_HIN14_WIN14_COUT96_K1_UFCIN1_UFCOU32_PAD1_STRIDE1_BIASTrue_conv2d_ACTIVATIONrelu_ap_fixed_32_10_,Overall,116644,1.166 ms,162,132,11863,27293,8.881578947368421,9.96,2.164149153531816,5.24
config_CIN32_HIN14_WIN14_COUT96_K1_UFCIN8_UFCOU1_PAD1_STRIDE1_BIASTrue_conv2d_ACTIVATIONrelu_ap_fixed_32_10_,Overall,935588,9.356 ms,119,36,11359,19054,6.524122807017544,6.95,2.072205195563339,1.43
config_CIN32_HIN14_WIN14_COUT96_K1_UFCIN8_UFCOU8_PAD1_STRIDE1_BIASTrue_conv2d_ACTIVATIONrelu_ap_fixed_32_10_,Overall,225956,2.260 ms,194,260,12334,28971,10.635964912280702,10.57,2.250072971395213,10.32
config_CIN32_HIN14_WIN14_COUT96_K1_UFCIN8_UFCOU32_PAD1_STRIDE1_BIASTrue_conv2d_ACTIVATIONrelu_ap_fixed_32_10_,Overall,149924,1.499 ms,130,1028,23109,63920,7.12719298245614,23.32,4.2157399299474605,40.79
config_CIN32_HIN14_WIN14_COUT96_K1_UFCIN32_UFCOU1_PAD1_STRIDE1_BIASTrue_conv2d_ACTIVATIONrelu_ap_fixed_32_10_,Overall,934308,9.343 ms,159,132,14313,25111,8.717105263157894,9.16,2.6110989492119088,5.24
config_CIN32_HIN14_WIN14_COUT96_K1_UFCIN32_UFCOU8_PAD1_STRIDE1_BIASTrue_conv2d_ACTIVATIONrelu_ap_fixed_32_10_,Overall,224676,2.247 ms,146,1028,25424,60658,8.00438596491228,22.13,4.63806187974314,40.79
config_CIN32_HIN14_WIN14_COUT96_K1_UFCIN32_UFCOU32_PAD1_STRIDE1_BIASTrue_conv2d_ACTIVATIONrelu_ap_fixed_32_10_,Overall,148644,1.486 ms,146,4100,57959,177191,8.00438596491228,64.65,10.573372737886748,162.7
config_CIN32_HIN14_WIN14_COUT96_K3_UFCIN1_UFCOU1_PAD1_STRIDE1_BIASTrue_conv2d_ACTIVATIONrelu_ap_fixed_32_10_,Overall,5544015,55.440 ms,151,8,10474,17738,8.278508771929824,6.47,1.9107559836544072,0.32
config_CIN32_HIN14_WIN14_COUT96_K3_UFCIN1_UFCOU8_PAD1_STRIDE1_BIASTrue_conv2d_ACTIVATIONrelu_ap_fixed_32_10_,Overall,785920,7.859 ms,188,36,10873,20295,10.307017543859649,7.4,1.983544950379451,1.43
config_CIN32_HIN14_WIN14_COUT96_K3_UFCIN1_UFCOU32_PAD1_STRIDE1_BIASTrue_conv2d_ACTIVATIONrelu_ap_fixed_32_10_,Overall,276124,2.761 ms,188,132,11890,27881,10.307017543859649,10.17,2.169074722708698,5.24
config_CIN32_HIN14_WIN14_COUT96_K3_UFCIN8_UFCOU1_PAD1_STRIDE1_BIASTrue_conv2d_ACTIVATIONrelu_ap_fixed_32_10_,Overall,5773336,57.733 ms,163,36,11385,20497,8.93640350877193,7.48,2.0769483362521894,1.43
config_CIN32_HIN14_WIN14_COUT96_K3_UFCIN8_UFCOU8_PAD1_STRIDE1_BIASTrue_conv2d_ACTIVATIONrelu_ap_fixed_32_10_,Overall,1015240,10.152 ms,188,260,12359,30608,10.307017543859649,11.17,2.2546336835960306,10.32
config_CIN32_HIN14_WIN14_COUT96_K3_UFCIN8_UFCOU32_PAD1_STRIDE1_BIASTrue_conv2d_ACTIVATIONrelu_ap_fixed_32_10_,Overall,505444,5.054 ms,380,1028,14946,63786,20.833333333333336,23.27,2.7265761821366024,40.79
config_CIN32_HIN14_WIN14_COUT96_K3_UFCIN32_UFCOU1_PAD1_STRIDE1_BIASTrue_conv2d_ACTIVATIONrelu_ap_fixed_32_10_,Overall,5764516,57.645 ms,179,132,14344,29915,9.81359649122807,10.91,2.6167542323409223,5.24
config_CIN32_HIN14_WIN14_COUT96_K3_UFCIN32_UFCOU8_PAD1_STRIDE1_BIASTrue_conv2d_ACTIVATIONrelu_ap_fixed_32_10_,Overall,1006420,10.064 ms,396,1028,17257,63748,21.710526315789476,23.26,3.148168417980152,40.79
config_CIN32_HIN14_WIN14_COUT96_K3_UFCIN32_UFCOU32_PAD1_STRIDE1_BIASTrue_conv2d_ACTIVATIONrelu_ap_fixed_32_10_,Overall,496624,4.966 ms,140,4100,57988,192976,7.675438596491229,70.41,10.578663164039696,162.7
config_CIN32_HIN14_WIN28_COUT32_K1_UFCIN1_UFCOU1_PAD1_STRIDE1_BIASTrue_conv2d_ACTIVATIONrelu_ap_fixed_32_10_,Overall,570915,5.709 ms,97,8,10445,17234,5.317982456140351,6.29,1.9054655575014596,0.32
config_CIN32_HIN14_WIN28_COUT32_K1_UFCIN1_UFCOU8_PAD1_STRIDE1_BIASTrue_conv2d_ACTIVATIONrelu_ap_fixed_32_10_,Overall,127396,1.274 ms,104,36,10837,19639,5.701754385964912,7.17,1.9769775248102743,1.43
config_CIN32_HIN14_WIN28_COUT32_K1_UFCIN1_UFCOU32_PAD1_STRIDE1_BIASTrue_conv2d_ACTIVATIONrelu_ap_fixed_32_10_,Overall,80835,0.808 ms,128,132,14801,25632,7.017543859649122,9.35,2.700124051371862,5.24
config_CIN32_HIN14_WIN28_COUT32_K1_UFCIN8_UFCOU1_PAD1_STRIDE1_BIASTrue_conv2d_ACTIVATIONrelu_ap_fixed_32_10_,Overall,633316,6.333 ms,107,36,11338,19267,5.866228070175438,7.03,2.0683741973146526,1.43
config_CIN32_HIN14_WIN28_COUT32_K1_UFCIN8_UFCOU8_PAD1_STRIDE1_BIASTrue_conv2d_ACTIVATIONrelu_ap_fixed_32_10_,Overall,189796,1.898 ms,100,260,14306,29573,5.482456140350877,10.79,2.60982194979568,10.32
config_CIN32_HIN14_WIN28_COUT32_K1_UFCIN8_UFCOU32_PAD1_STRIDE1_BIASTrue_conv2d_ACTIVATIONrelu_ap_fixed_32_10_,Overall,68355,0.684 ms,100,1028,33744,53099,5.482456140350877,19.37,6.155866900175131,40.79
config_CIN32_HIN14_WIN28_COUT32_K1_UFCIN32_UFCOU1_PAD1_STRIDE1_BIASTrue_conv2d_ACTIVATIONrelu_ap_fixed_32_10_,Overall,630916,6.309 ms,131,132,14273,26072,7.182017543859649,9.51,2.6038018096906015,5.24
config_CIN32_HIN14_WIN28_COUT32_K1_UFCIN32_UFCOU8_PAD1_STRIDE1_BIASTrue_conv2d_ACTIVATIONrelu_ap_fixed_32_10_,Overall,187396,1.874 ms,100,1028,25161,60184,5.482456140350877,21.96,4.590083187390543,40.79
config_CIN32_HIN14_WIN28_COUT32_K1_UFCIN32_UFCOU32_PAD1_STRIDE1_BIASTrue_conv2d_ACTIVATIONrelu_ap_fixed_32_10_,Overall,63530,0.635 ms,131,2056,184564,112337,7.182017543859649,40.99,33.66973146526562,81.59
config_CIN32_HIN14_WIN28_COUT32_K3_UFCIN1_UFCOU1_PAD1_STRIDE1_BIASTrue_conv2d_ACTIVATIONrelu_ap_fixed_32_10_,Overall,3704319,37.043 ms,113,8,10469,17686,6.1951754385964914,6.45,1.909843841214244,0.32
config_CIN32_HIN14_WIN28_COUT32_K3_UFCIN1_UFCOU8_PAD1_STRIDE1_BIASTrue_conv2d_ACTIVATIONrelu_ap_fixed_32_10_,Overall,532256,5.323 ms,126,36,10859,20106,6.907894736842106,7.34,1.9809909515469935,1.43
config_CIN32_HIN14_WIN28_COUT32_K3_UFCIN1_UFCOU32_PAD1_STRIDE1_BIASTrue_conv2d_ACTIVATIONrelu_ap_fixed_32_10_,Overall,199447,1.994 ms,126,132,14829,25603,6.907894736842106,9.34,2.7052320490367774,5.24
config_CIN32_HIN14_WIN28_COUT32_K3_UFCIN8_UFCOU1_PAD1_STRIDE1_BIASTrue_conv2d_ACTIVATIONrelu_ap_fixed_32_10_,Overall,4162960,41.630 ms,127,36,11368,20470,6.962719298245614,7.47,2.0738470519556333,1.43
config_CIN32_HIN14_WIN28_COUT32_K3_UFCIN8_UFCOU8_PAD1_STRIDE1_BIASTrue_conv2d_ACTIVATIONrelu_ap_fixed_32_10_,Overall,990896,9.909 ms,162,260,12283,30154,8.881578947368421,11.0,2.2407691185055456,10.32
config_CIN32_HIN14_WIN28_COUT32_K3_UFCIN8_UFCOU32_PAD1_STRIDE1_BIASTrue_conv2d_ACTIVATIONrelu_ap_fixed_32_10_,Overall,107719,1.077 ms,354,1028,25582,52496,19.407894736842106,19.15,4.6668855808523055,40.79
config_CIN32_HIN14_WIN28_COUT32_K3_UFCIN32_UFCOU1_PAD1_STRIDE1_BIASTrue_conv2d_ACTIVATIONrelu_ap_fixed_32_10_,Overall,4145320,41.453 ms,127,132,14308,29772,6.962719298245614,10.86,2.6101868067717455,5.24
config_CIN32_HIN14_WIN28_COUT32_K3_UFCIN32_UFCOU8_PAD1_STRIDE1_BIASTrue_conv2d_ACTIVATIONrelu_ap_fixed_32_10_,Overall,973256,9.733 ms,354,1028,16994,62134,19.407894736842106,22.67,3.100189725627554,40.79
config_CIN32_HIN14_WIN28_COUT32_K3_UFCIN32_UFCOU32_PAD1_STRIDE1_BIASTrue_conv2d_ACTIVATIONrelu_ap_fixed_32_10_,Overall,86918,0.869 ms,98,648,86866,145247,5.37280701754386,52.99,15.846833041447752,25.71
config_CIN32_HIN14_WIN28_COUT96_K1_UFCIN1_UFCOU1_PAD1_STRIDE1_BIASTrue_conv2d_ACTIVATIONrelu_ap_fixed_32_10_,Overall,1683619,16.836 ms,215,8,10471,17325,11.787280701754387,6.32,1.9102086981903095,0.32
config_CIN32_HIN14_WIN28_COUT96_K1_UFCIN1_UFCOU8_PAD1_STRIDE1_BIASTrue_conv2d_ACTIVATIONrelu_ap_fixed_32_10_,Overall,353060,3.531 ms,240,36,10881,19813,13.157894736842104,7.23,1.9850043782837126,1.43
config_CIN32_HIN14_WIN28_COUT96_K1_UFCIN1_UFCOU32_PAD1_STRIDE1_BIASTrue_conv2d_ACTIVATIONrelu_ap_fixed_32_10_,Overall,210500,2.105 ms,280,132,11916,27426,15.350877192982457,10.01,2.173817863397548,5.24
config_CIN32_HIN14_WIN28_COUT96_K1_UFCIN8_UFCOU1_PAD1_STRIDE1_BIASTrue_conv2d_ACTIVATIONrelu_ap_fixed_32_10_,Overall,1746020,17.460 ms,219,36,11384,19359,12.006578947368421,7.06,2.0767659077641563,1.43
config_CIN32_HIN14_WIN28_COUT96_K1_UFCIN8_UFCOU8_PAD1_STRIDE1_BIASTrue_conv2d_ACTIVATIONrelu_ap_fixed_32_10_,Overall,415460,4.155 ms,300,260,12422,29334,16.447368421052634,10.7,2.26612667834209,10.32
config_CIN32_HIN14_WIN28_COUT96_K1_UFCIN8_UFCOU32_PAD1_STRIDE1_BIASTrue_conv2d_ACTIVATIONrelu_ap_fixed_32_10_,Overall,272900,2.729 ms,252,1028,23387,64291,13.815789473684212,23.46,4.266455049620549,40.79
config_CIN32_HIN14_WIN28_COUT96_K1_UFCIN32_UFCOU1_PAD1_STRIDE1_BIASTrue_conv2d_ACTIVATIONrelu_ap_fixed_32_10_,Overall,1743620,17.436 ms,243,132,14391,26188,13.322368421052634,9.55,2.6253283712784588,5.24
config_CIN32_HIN14_WIN28_COUT96_K1_UFCIN32_UFCOU8_PAD1_STRIDE1_BIASTrue_conv2d_ACTIVATIONrelu_ap_fixed_32_10_,Overall,413060,4.131 ms,236,1028,25733,61841,12.938596491228072,22.56,4.694432282545242,40.79
config_CIN32_HIN14_WIN28_COUT96_K1_UFCIN32_UFCOU32_PAD1_STRIDE1_BIASTrue_conv2d_ACTIVATIONrelu_ap_fixed_32_10_,Overall,270500,2.705 ms,252,4100,59034,178382,13.815789473684212,65.08,10.76948336252189,162.7
config_CIN32_HIN14_WIN28_COUT96_K3_UFCIN1_UFCOU1_PAD1_STRIDE1_BIASTrue_conv2d_ACTIVATIONrelu_ap_fixed_32_10_,Overall,11053183,0.111 sec,231,8,10495,17764,12.664473684210526,6.48,1.914586981903094,0.32
config_CIN32_HIN14_WIN28_COUT96_K3_UFCIN1_UFCOU8_PAD1_STRIDE1_BIASTrue_conv2d_ACTIVATIONrelu_ap_fixed_32_10_,Overall,1536992,15.370 ms,282,36,10901,20321,15.460526315789474,7.41,1.9886529480443667,1.43
config_CIN32_HIN14_WIN28_COUT96_K3_UFCIN1_UFCOU32_PAD1_STRIDE1_BIASTrue_conv2d_ACTIVATIONrelu_ap_fixed_32_10_,Overall,517400,5.174 ms,298,132,11942,27897,16.337719298245617,10.18,2.178561004086398,5.24
config_CIN32_HIN14_WIN28_COUT96_K3_UFCIN8_UFCOU1_PAD1_STRIDE1_BIASTrue_conv2d_ACTIVATIONrelu_ap_fixed_32_10_,Overall,11511824,0.115 sec,247,36,11414,20523,13.541666666666666,7.49,2.082238762405137,1.43
config_CIN32_HIN14_WIN28_COUT96_K3_UFCIN8_UFCOU8_PAD1_STRIDE1_BIASTrue_conv2d_ACTIVATIONrelu_ap_fixed_32_10_,Overall,1995632,19.956 ms,286,260,12444,30634,15.679824561403507,11.18,2.2701401050788093,10.32
config_CIN32_HIN14_WIN28_COUT96_K3_UFCIN8_UFCOU32_PAD1_STRIDE1_BIASTrue_conv2d_ACTIVATIONrelu_ap_fixed_32_10_,Overall,976040,9.760 ms,494,1028,15223,63788,27.083333333333332,23.27,2.7771088733216582,40.79
config_CIN32_HIN14_WIN28_COUT96_K3_UFCIN32_UFCOU1_PAD1_STRIDE1_BIASTrue_conv2d_ACTIVATIONrelu_ap_fixed_32_10_,Overall,11494184,0.115 sec,247,132,14426,29945,13.541666666666666,10.93,2.631713368359603,5.24
config_CIN32_HIN14_WIN28_COUT96_K3_UFCIN32_UFCOU8_PAD1_STRIDE1_BIASTrue_conv2d_ACTIVATIONrelu_ap_fixed_32_10_,Overall,1977992,19.780 ms,478,1028,17563,63778,26.206140350877195,23.27,3.2039915353181554,40.79
config_CIN32_HIN14_WIN28_COUT96_K3_UFCIN32_UFCOU32_PAD1_STRIDE1_BIASTrue_conv2d_ACTIVATIONrelu_ap_fixed_32_10_,Overall,958400,9.584 ms,238,4100,59062,192934,13.048245614035087,70.39,10.774591360186808,162.7
config_CIN32_HIN14_WIN56_COUT32_K1_UFCIN1_UFCOU1_PAD1_STRIDE1_BIASTrue_conv2d_ACTIVATIONrelu_ap_fixed_32_10_,Overall,1104138,11.041 ms,171,13,10688,17075,9.375,6.23,1.9497956800934035,0.52
config_CIN32_HIN14_WIN56_COUT32_K1_UFCIN1_UFCOU8_PAD1_STRIDE1_BIASTrue_conv2d_ACTIVATIONrelu_ap_fixed_32_10_,Overall,246667,2.467 ms,184,43,11195,19477,10.087719298245613,7.11,2.0422869235259777,1.71
config_CIN32_HIN14_WIN56_COUT32_K1_UFCIN1_UFCOU32_PAD1_STRIDE1_BIASTrue_conv2d_ACTIVATIONrelu_ap_fixed_32_10_,Overall,153866,1.539 ms,208,138,15075,25507,11.403508771929824,9.31,2.7501094570928197,5.48
config_CIN32_HIN14_WIN56_COUT32_K1_UFCIN8_UFCOU1_PAD1_STRIDE1_BIASTrue_conv2d_ACTIVATIONrelu_ap_fixed_32_10_,Overall,1311083,13.111 ms,191,48,12074,19085,10.471491228070176,6.96,2.2026415645067132,1.9
config_CIN32_HIN14_WIN56_COUT32_K1_UFCIN8_UFCOU8_PAD1_STRIDE1_BIASTrue_conv2d_ACTIVATIONrelu_ap_fixed_32_10_,Overall,453611,4.536 ms,190,274,15185,29374,10.416666666666668,10.72,2.7701765907764155,10.87
config_CIN32_HIN14_WIN56_COUT32_K1_UFCIN8_UFCOU32_PAD1_STRIDE1_BIASTrue_conv2d_ACTIVATIONrelu_ap_fixed_32_10_,Overall,129738,1.297 ms,190,1034,34019,52974,10.416666666666668,19.33,6.206034734384121,41.03
config_CIN32_HIN14_WIN56_COUT32_K1_UFCIN32_UFCOU1_PAD1_STRIDE1_BIASTrue_conv2d_ACTIVATIONrelu_ap_fixed_32_10_,Overall,1306443,13.064 ms,215,168,17038,25892,11.787280701754387,9.45,3.108216579100992,6.67
config_CIN32_HIN14_WIN56_COUT32_K1_UFCIN32_UFCOU8_PAD1_STRIDE1_BIASTrue_conv2d_ACTIVATIONrelu_ap_fixed_32_10_,Overall,448971,4.490 ms,190,1066,28133,59939,10.416666666666668,21.87,5.1322606538237014,42.3
config_CIN32_HIN14_WIN56_COUT32_K1_UFCIN32_UFCOU32_PAD1_STRIDE1_BIASTrue_conv2d_ACTIVATIONrelu_ap_fixed_32_10_,Overall,120435,1.204 ms,190,2063,224788,132532,10.416666666666668,48.36,41.00773496789258,81.87
config_CIN32_HIN14_WIN56_COUT32_K3_UFCIN1_UFCOU1_PAD1_STRIDE1_BIASTrue_conv2d_ACTIVATIONrelu_ap_fixed_32_10_,Overall,7396959,73.970 ms,179,8,10491,17709,9.81359649122807,6.46,1.9138572679509631,0.32
config_CIN32_HIN14_WIN56_COUT32_K3_UFCIN1_UFCOU8_PAD1_STRIDE1_BIASTrue_conv2d_ACTIVATIONrelu_ap_fixed_32_10_,Overall,1052832,10.528 ms,202,36,10887,20147,11.074561403508772,7.35,1.9860989492119092,1.43
config_CIN32_HIN14_WIN56_COUT32_K3_UFCIN1_UFCOU32_PAD1_STRIDE1_BIASTrue_conv2d_ACTIVATIONrelu_ap_fixed_32_10_,Overall,387215,3.872 ms,202,132,14881,25616,11.074561403508772,9.35,2.7147183304144775,5.24
config_CIN32_HIN14_WIN56_COUT32_K3_UFCIN8_UFCOU1_PAD1_STRIDE1_BIASTrue_conv2d_ACTIVATIONrelu_ap_fixed_32_10_,Overall,8314240,83.142 ms,203,36,11398,20493,11.12938596491228,7.48,2.079319906596614,1.43
config_CIN32_HIN14_WIN56_COUT32_K3_UFCIN8_UFCOU8_PAD1_STRIDE1_BIASTrue_conv2d_ACTIVATIONrelu_ap_fixed_32_10_,Overall,1970112,19.701 ms,248,260,12368,30195,13.596491228070176,11.02,2.2562755399883243,10.32
config_CIN32_HIN14_WIN56_COUT32_K3_UFCIN8_UFCOU32_PAD1_STRIDE1_BIASTrue_conv2d_ACTIVATIONrelu_ap_fixed_32_10_,Overall,203759,2.038 ms,440,1028,25635,52509,24.12280701754386,19.16,4.676554290718038,40.79
config_CIN32_HIN14_WIN56_COUT32_K3_UFCIN32_UFCOU1_PAD1_STRIDE1_BIASTrue_conv2d_ACTIVATIONrelu_ap_fixed_32_10_,Overall,8278960,82.790 ms,203,132,14391,29797,11.12938596491228,10.87,2.6253283712784588,5.24
config_CIN32_HIN14_WIN56_COUT32_K3_UFCIN32_UFCOU8_PAD1_STRIDE1_BIASTrue_conv2d_ACTIVATIONrelu_ap_fixed_32_10_,Overall,1934832,19.348 ms,440,1028,17300,62177,24.12280701754386,22.69,3.1560128429655574,40.79
config_CIN32_HIN14_WIN56_COUT32_K3_UFCIN32_UFCOU32_PAD1_STRIDE1_BIASTrue_conv2d_ACTIVATIONrelu_ap_fixed_32_10_,Overall,162182,1.622 ms,184,648,86918,145264,10.087719298245613,53.0,15.856319322825453,25.71
config_CIN32_HIN14_WIN56_COUT96_K1_UFCIN1_UFCOU1_PAD1_STRIDE1_BIASTrue_conv2d_ACTIVATIONrelu_ap_fixed_32_10_,Overall,3249034,32.490 ms,385,13,10716,17180,21.107456140350877,6.27,1.9549036777583189,0.52
config_CIN32_HIN14_WIN56_COUT96_K1_UFCIN1_UFCOU8_PAD1_STRIDE1_BIASTrue_conv2d_ACTIVATIONrelu_ap_fixed_32_10_,Overall,676619,6.766 ms,416,43,11244,19614,22.807017543859647,7.16,2.0512259194395797,1.71
config_CIN32_HIN14_WIN56_COUT96_K1_UFCIN1_UFCOU32_PAD1_STRIDE1_BIASTrue_conv2d_ACTIVATIONrelu_ap_fixed_32_10_,Overall,401003,4.010 ms,504,139,12330,27262,27.631578947368425,9.95,2.2493432574430825,5.52
config_CIN32_HIN14_WIN56_COUT96_K1_UFCIN8_UFCOU1_PAD1_STRIDE1_BIASTrue_conv2d_ACTIVATIONrelu_ap_fixed_32_10_,Overall,3455979,34.560 ms,399,48,12136,19191,21.875,7.0,2.2139521307647403,1.9
config_CIN32_HIN14_WIN56_COUT96_K1_UFCIN8_UFCOU8_PAD1_STRIDE1_BIASTrue_conv2d_ACTIVATIONrelu_ap_fixed_32_10_,Overall,883563,8.836 ms,486,274,13320,29098,26.644736842105267,10.62,2.4299474605954465,10.87
config_CIN32_HIN14_WIN56_COUT96_K1_UFCIN8_UFCOU32_PAD1_STRIDE1_BIASTrue_conv2d_ACTIVATIONrelu_ap_fixed_32_10_,Overall,607947,6.079 ms,486,1042,24490,64090,26.644736842105267,23.38,4.467673671920607,41.35
config_CIN32_HIN14_WIN56_COUT96_K1_UFCIN32_UFCOU1_PAD1_STRIDE1_BIASTrue_conv2d_ACTIVATIONrelu_ap_fixed_32_10_,Overall,3451339,34.513 ms,423,168,17188,26022,23.190789473684212,9.49,3.135580852305896,6.67
config_CIN32_HIN14_WIN56_COUT96_K1_UFCIN32_UFCOU8_PAD1_STRIDE1_BIASTrue_conv2d_ACTIVATIONrelu_ap_fixed_32_10_,Overall,878923,8.789 ms,422,1066,28772,61559,23.135964912280702,22.46,5.248832457676591,42.3
config_CIN32_HIN14_WIN56_COUT96_K1_UFCIN32_UFCOU32_PAD1_STRIDE1_BIASTrue_conv2d_ACTIVATIONrelu_ap_fixed_32_10_,Overall,603307,6.033 ms,486,4138,62806,178135,26.644736842105267,64.99,11.457603619381203,164.21
config_CIN32_HIN14_WIN56_COUT96_K3_UFCIN1_UFCOU1_PAD1_STRIDE1_BIASTrue_conv2d_ACTIVATIONrelu_ap_fixed_32_10_,Overall,22071519,0.221 sec,385,8,10516,17815,21.107456140350877,6.5,1.9184179801517807,0.32
config_CIN32_HIN14_WIN56_COUT96_K3_UFCIN1_UFCOU8_PAD1_STRIDE1_BIASTrue_conv2d_ACTIVATIONrelu_ap_fixed_32_10_,Overall,3039136,30.391 ms,434,36,10929,20356,23.793859649122805,7.43,1.993760945709282,1.43
config_CIN32_HIN14_WIN56_COUT96_K3_UFCIN1_UFCOU32_PAD1_STRIDE1_BIASTrue_conv2d_ACTIVATIONrelu_ap_fixed_32_10_,Overall,999952,10.000 ms,514,132,11994,27942,28.17982456140351,10.19,2.188047285464098,5.24
config_CIN32_HIN14_WIN56_COUT96_K3_UFCIN8_UFCOU1_PAD1_STRIDE1_BIASTrue_conv2d_ACTIVATIONrelu_ap_fixed_32_10_,Overall,22988800,0.230 sec,411,36,11443,20588,22.532894736842106,7.51,2.087529188558085,1.43
config_CIN32_HIN14_WIN56_COUT96_K3_UFCIN8_UFCOU8_PAD1_STRIDE1_BIASTrue_conv2d_ACTIVATIONrelu_ap_fixed_32_10_,Overall,3956416,39.564 ms,448,260,12529,30655,24.561403508771928,11.18,2.285646526561588,10.32
config_CIN32_HIN14_WIN56_COUT96_K3_UFCIN8_UFCOU32_PAD1_STRIDE1_BIASTrue_conv2d_ACTIVATIONrelu_ap_fixed_32_10_,Overall,1917232,19.172 ms,720,1028,15500,63833,39.473684210526315,23.29,2.8276415645067132,40.79
config_CIN32_HIN14_WIN56_COUT96_K3_UFCIN32_UFCOU1_PAD1_STRIDE1_BIASTrue_conv2d_ACTIVATIONrelu_ap_fixed_32_10_,Overall,22953520,0.230 sec,411,132,14508,30060,22.532894736842106,10.97,2.6466725043782837,5.24
config_CIN32_HIN14_WIN56_COUT96_K3_UFCIN32_UFCOU8_PAD1_STRIDE1_BIASTrue_conv2d_ACTIVATIONrelu_ap_fixed_32_10_,Overall,3921136,39.211 ms,640,1028,17869,63753,35.08771929824561,23.26,3.259814652656159,40.79
config_CIN32_HIN14_WIN56_COUT96_K3_UFCIN32_UFCOU32_PAD1_STRIDE1_BIASTrue_conv2d_ACTIVATIONrelu_ap_fixed_32_10_,Overall,1881952,18.820 ms,464,4100,60136,192981,25.438596491228072,70.41,10.970519556333917,162.7
config_CIN32_HIN28_WIN14_COUT32_K1_UFCIN1_UFCOU1_PAD1_STRIDE1_BIASTrue_conv2d_ACTIVATIONrelu_ap_fixed_32_10_,Overall,570943,5.709 ms,97,8,10448,17250,5.317982456140351,6.29,1.9060128429655574,0.32
config_CIN32_HIN28_WIN14_COUT32_K1_UFCIN1_UFCOU8_PAD1_STRIDE1_BIASTrue_conv2d_ACTIVATIONrelu_ap_fixed_32_10_,Overall,127424,1.274 ms,104,36,10833,19657,5.701754385964912,7.17,1.9762478108581436,1.43
config_CIN32_HIN28_WIN14_COUT32_K1_UFCIN1_UFCOU32_PAD1_STRIDE1_BIASTrue_conv2d_ACTIVATIONrelu_ap_fixed_32_10_,Overall,80863,0.809 ms,128,132,14791,25553,7.017543859649122,9.32,2.6982997664915356,5.24
config_CIN32_HIN28_WIN14_COUT32_K1_UFCIN8_UFCOU1_PAD1_STRIDE1_BIASTrue_conv2d_ACTIVATIONrelu_ap_fixed_32_10_,Overall,633344,6.333 ms,107,36,11342,19319,5.866228070175438,7.05,2.0691039112667835,1.43
config_CIN32_HIN28_WIN14_COUT32_K1_UFCIN8_UFCOU8_PAD1_STRIDE1_BIASTrue_conv2d_ACTIVATIONrelu_ap_fixed_32_10_,Overall,189824,1.898 ms,100,260,14303,29585,5.482456140350877,10.79,2.6092746643315823,10.32
config_CIN32_HIN28_WIN14_COUT32_K1_UFCIN8_UFCOU32_PAD1_STRIDE1_BIASTrue_conv2d_ACTIVATIONrelu_ap_fixed_32_10_,Overall,68383,0.684 ms,100,1028,33734,53028,5.482456140350877,19.35,6.154042615294805,40.79
config_CIN32_HIN28_WIN14_COUT32_K1_UFCIN32_UFCOU1_PAD1_STRIDE1_BIASTrue_conv2d_ACTIVATIONrelu_ap_fixed_32_10_,Overall,630944,6.309 ms,131,132,14277,26212,7.182017543859649,9.56,2.604531523642732,5.24
config_CIN32_HIN28_WIN14_COUT32_K1_UFCIN32_UFCOU8_PAD1_STRIDE1_BIASTrue_conv2d_ACTIVATIONrelu_ap_fixed_32_10_,Overall,187424,1.874 ms,100,1028,25158,60140,5.482456140350877,21.94,4.589535901926444,40.79
config_CIN32_HIN28_WIN14_COUT32_K1_UFCIN32_UFCOU32_PAD1_STRIDE1_BIASTrue_conv2d_ACTIVATIONrelu_ap_fixed_32_10_,Overall,63530,0.635 ms,131,2056,184557,112255,7.182017543859649,40.96,33.668454465849386,81.59
config_CIN32_HIN28_WIN14_COUT32_K3_UFCIN1_UFCOU1_PAD1_STRIDE1_BIASTrue_conv2d_ACTIVATIONrelu_ap_fixed_32_10_,Overall,3704347,37.043 ms,113,8,10469,17680,6.1951754385964914,6.45,1.909843841214244,0.32
config_CIN32_HIN28_WIN14_COUT32_K3_UFCIN1_UFCOU8_PAD1_STRIDE1_BIASTrue_conv2d_ACTIVATIONrelu_ap_fixed_32_10_,Overall,532284,5.323 ms,126,36,10859,20131,6.907894736842106,7.34,1.9809909515469935,1.43
config_CIN32_HIN28_WIN14_COUT32_K3_UFCIN1_UFCOU32_PAD1_STRIDE1_BIASTrue_conv2d_ACTIVATIONrelu_ap_fixed_32_10_,Overall,199475,1.995 ms,126,132,14830,25606,6.907894736842106,9.34,2.7054144775248106,5.24
config_CIN32_HIN28_WIN14_COUT32_K3_UFCIN8_UFCOU1_PAD1_STRIDE1_BIASTrue_conv2d_ACTIVATIONrelu_ap_fixed_32_10_,Overall,4162988,41.630 ms,127,36,11369,20474,6.962719298245614,7.47,2.074029480443666,1.43
config_CIN32_HIN28_WIN14_COUT32_K3_UFCIN8_UFCOU8_PAD1_STRIDE1_BIASTrue_conv2d_ACTIVATIONrelu_ap_fixed_32_10_,Overall,990924,9.909 ms,162,260,12284,30229,8.881578947368421,11.03,2.240951546993579,10.32
config_CIN32_HIN28_WIN14_COUT32_K3_UFCIN8_UFCOU32_PAD1_STRIDE1_BIASTrue_conv2d_ACTIVATIONrelu_ap_fixed_32_10_,Overall,107747,1.077 ms,354,1028,25583,52507,19.407894736842106,19.16,4.667068009340339,40.79
config_CIN32_HIN28_WIN14_COUT32_K3_UFCIN32_UFCOU1_PAD1_STRIDE1_BIASTrue_conv2d_ACTIVATIONrelu_ap_fixed_32_10_,Overall,4145348,41.453 ms,127,132,14309,29768,6.962719298245614,10.86,2.6103692352597783,5.24
config_CIN32_HIN28_WIN14_COUT32_K3_UFCIN32_UFCOU8_PAD1_STRIDE1_BIASTrue_conv2d_ACTIVATIONrelu_ap_fixed_32_10_,Overall,973284,9.733 ms,354,1028,16995,62345,19.407894736842106,22.75,3.1003721541155866,40.79
config_CIN32_HIN28_WIN14_COUT32_K3_UFCIN32_UFCOU32_PAD1_STRIDE1_BIASTrue_conv2d_ACTIVATIONrelu_ap_fixed_32_10_,Overall,86918,0.869 ms,98,648,86865,145246,5.37280701754386,52.99,15.84665061295972,25.71
config_CIN32_HIN28_WIN14_COUT96_K1_UFCIN1_UFCOU1_PAD1_STRIDE1_BIASTrue_conv2d_ACTIVATIONrelu_ap_fixed_32_10_,Overall,1683647,16.836 ms,215,8,10469,17359,11.787280701754387,6.33,1.909843841214244,0.32
config_CIN32_HIN28_WIN14_COUT96_K1_UFCIN1_UFCOU8_PAD1_STRIDE1_BIASTrue_conv2d_ACTIVATIONrelu_ap_fixed_32_10_,Overall,353088,3.531 ms,240,36,10875,19855,13.157894736842104,7.24,1.9839098073555166,1.43
config_CIN32_HIN28_WIN14_COUT96_K1_UFCIN1_UFCOU32_PAD1_STRIDE1_BIASTrue_conv2d_ACTIVATIONrelu_ap_fixed_32_10_,Overall,210528,2.105 ms,280,132,11917,27447,15.350877192982457,10.01,2.174000291885581,5.24
config_CIN32_HIN28_WIN14_COUT96_K1_UFCIN8_UFCOU1_PAD1_STRIDE1_BIASTrue_conv2d_ACTIVATIONrelu_ap_fixed_32_10_,Overall,1746048,17.460 ms,219,36,11383,19415,12.006578947368421,7.08,2.076583479276124,1.43
config_CIN32_HIN28_WIN14_COUT96_K1_UFCIN8_UFCOU8_PAD1_STRIDE1_BIASTrue_conv2d_ACTIVATIONrelu_ap_fixed_32_10_,Overall,415488,4.155 ms,300,260,12417,29398,16.447368421052634,10.73,2.2652145359019262,10.32
config_CIN32_HIN28_WIN14_COUT96_K1_UFCIN8_UFCOU32_PAD1_STRIDE1_BIASTrue_conv2d_ACTIVATIONrelu_ap_fixed_32_10_,Overall,272928,2.729 ms,252,1028,23389,64306,13.815789473684212,23.46,4.266819906596614,40.79
config_CIN32_HIN28_WIN14_COUT96_K1_UFCIN32_UFCOU1_PAD1_STRIDE1_BIASTrue_conv2d_ACTIVATIONrelu_ap_fixed_32_10_,Overall,1743648,17.436 ms,243,132,14390,26284,13.322368421052634,9.59,2.625145942790426,5.24
config_CIN32_HIN28_WIN14_COUT96_K1_UFCIN32_UFCOU8_PAD1_STRIDE1_BIASTrue_conv2d_ACTIVATIONrelu_ap_fixed_32_10_,Overall,413088,4.131 ms,236,1028,25728,61945,12.938596491228072,22.6,4.693520140105079,40.79
config_CIN32_HIN28_WIN14_COUT96_K1_UFCIN32_UFCOU32_PAD1_STRIDE1_BIASTrue_conv2d_ACTIVATIONrelu_ap_fixed_32_10_,Overall,270528,2.705 ms,252,4100,59036,178341,13.815789473684212,65.07,10.769848219497957,162.7
config_CIN32_HIN28_WIN14_COUT96_K3_UFCIN1_UFCOU1_PAD1_STRIDE1_BIASTrue_conv2d_ACTIVATIONrelu_ap_fixed_32_10_,Overall,11053211,0.111 sec,231,8,10495,17765,12.664473684210526,6.48,1.914586981903094,0.32
config_CIN32_HIN28_WIN14_COUT96_K3_UFCIN1_UFCOU8_PAD1_STRIDE1_BIASTrue_conv2d_ACTIVATIONrelu_ap_fixed_32_10_,Overall,1537020,15.370 ms,282,36,10901,20316,15.460526315789474,7.41,1.9886529480443667,1.43
config_CIN32_HIN28_WIN14_COUT96_K3_UFCIN1_UFCOU32_PAD1_STRIDE1_BIASTrue_conv2d_ACTIVATIONrelu_ap_fixed_32_10_,Overall,517428,5.174 ms,298,132,11943,27924,16.337719298245617,10.19,2.178743432574431,5.24
config_CIN32_HIN28_WIN14_COUT96_K3_UFCIN8_UFCOU1_PAD1_STRIDE1_BIASTrue_conv2d_ACTIVATIONrelu_ap_fixed_32_10_,Overall,11511852,0.115 sec,247,36,11415,20532,13.541666666666666,7.49,2.08242119089317,1.43
config_CIN32_HIN28_WIN14_COUT96_K3_UFCIN8_UFCOU8_PAD1_STRIDE1_BIASTrue_conv2d_ACTIVATIONrelu_ap_fixed_32_10_,Overall,1995660,19.957 ms,286,260,12445,30623,15.679824561403507,11.17,2.2703225335668415,10.32
config_CIN32_HIN28_WIN14_COUT96_K3_UFCIN8_UFCOU32_PAD1_STRIDE1_BIASTrue_conv2d_ACTIVATIONrelu_ap_fixed_32_10_,Overall,976068,9.761 ms,494,1028,15225,63865,27.083333333333332,23.3,2.7774737302977233,40.79
config_CIN32_HIN28_WIN14_COUT96_K3_UFCIN32_UFCOU1_PAD1_STRIDE1_BIASTrue_conv2d_ACTIVATIONrelu_ap_fixed_32_10_,Overall,11494212,0.115 sec,247,132,14427,29946,13.541666666666666,10.93,2.631895796847636,5.24
config_CIN32_HIN28_WIN14_COUT96_K3_UFCIN32_UFCOU8_PAD1_STRIDE1_BIASTrue_conv2d_ACTIVATIONrelu_ap_fixed_32_10_,Overall,1978020,19.780 ms,478,1028,17564,63711,26.206140350877195,23.25,3.204173963806188,40.79
config_CIN32_HIN28_WIN14_COUT96_K3_UFCIN32_UFCOU32_PAD1_STRIDE1_BIASTrue_conv2d_ACTIVATIONrelu_ap_fixed_32_10_,Overall,958428,9.584 ms,238,4100,59064,193147,13.048245614035087,70.47,10.774956217162872,162.7
config_CIN32_HIN28_WIN28_COUT32_K1_UFCIN1_UFCOU1_PAD1_STRIDE1_BIASTrue_conv2d_ACTIVATIONrelu_ap_fixed_32_10_,Overall,1069007,10.690 ms,171,8,10450,17348,9.375,6.33,1.9063776999416229,0.32
config_CIN32_HIN28_WIN28_COUT32_K1_UFCIN1_UFCOU8_PAD1_STRIDE1_BIASTrue_conv2d_ACTIVATIONrelu_ap_fixed_32_10_,Overall,237408,2.374 ms,184,36,10846,19787,10.087719298245613,7.22,1.9786193812025687,1.43
config_CIN32_HIN28_WIN28_COUT32_K1_UFCIN1_UFCOU32_PAD1_STRIDE1_BIASTrue_conv2d_ACTIVATIONrelu_ap_fixed_32_10_,Overall,150107,1.501 ms,208,132,14836,25682,11.403508771929824,9.37,2.7065090484530065,5.24
config_CIN32_HIN28_WIN28_COUT32_K1_UFCIN8_UFCOU1_PAD1_STRIDE1_BIASTrue_conv2d_ACTIVATIONrelu_ap_fixed_32_10_,Overall,1186008,11.860 ms,191,36,11352,19643,10.471491228070176,7.17,2.0709281961471104,1.43
config_CIN32_HIN28_WIN28_COUT32_K1_UFCIN8_UFCOU8_PAD1_STRIDE1_BIASTrue_conv2d_ACTIVATIONrelu_ap_fixed_32_10_,Overall,354408,3.544 ms,190,260,14373,29953,10.416666666666668,10.93,2.6220446584938704,10.32
config_CIN32_HIN28_WIN28_COUT32_K1_UFCIN8_UFCOU32_PAD1_STRIDE1_BIASTrue_conv2d_ACTIVATIONrelu_ap_fixed_32_10_,Overall,126707,1.267 ms,190,1028,33780,53157,10.416666666666668,19.39,6.162434325744308,40.79
config_CIN32_HIN28_WIN28_COUT32_K1_UFCIN32_UFCOU1_PAD1_STRIDE1_BIASTrue_conv2d_ACTIVATIONrelu_ap_fixed_32_10_,Overall,1181508,11.815 ms,215,132,14340,27306,11.787280701754387,9.96,2.616024518388792,5.24
config_CIN32_HIN28_WIN28_COUT32_K1_UFCIN32_UFCOU8_PAD1_STRIDE1_BIASTrue_conv2d_ACTIVATIONrelu_ap_fixed_32_10_,Overall,349908,3.499 ms,190,1028,25449,61326,10.416666666666668,22.38,4.642622591943958,40.79
config_CIN32_HIN28_WIN28_COUT32_K1_UFCIN32_UFCOU32_PAD1_STRIDE1_BIASTrue_conv2d_ACTIVATIONrelu_ap_fixed_32_10_,Overall,117654,1.177 ms,190,2056,184598,112388,10.416666666666668,41.01,33.67593403385873,81.59
config_CIN32_HIN28_WIN28_COUT32_K3_UFCIN1_UFCOU1_PAD1_STRIDE1_BIASTrue_conv2d_ACTIVATIONrelu_ap_fixed_32_10_,Overall,7396987,73.970 ms,179,8,10490,17709,9.81359649122807,6.46,1.9136748394629306,0.32
config_CIN32_HIN28_WIN28_COUT32_K3_UFCIN1_UFCOU8_PAD1_STRIDE1_BIASTrue_conv2d_ACTIVATIONrelu_ap_fixed_32_10_,Overall,1052860,10.529 ms,202,36,10887,20161,11.074561403508772,7.36,1.9860989492119092,1.43
config_CIN32_HIN28_WIN28_COUT32_K3_UFCIN1_UFCOU32_PAD1_STRIDE1_BIASTrue_conv2d_ACTIVATIONrelu_ap_fixed_32_10_,Overall,387243,3.872 ms,202,132,14882,25607,11.074561403508772,9.34,2.7149007589025103,5.24
config_CIN32_HIN28_WIN28_COUT32_K3_UFCIN8_UFCOU1_PAD1_STRIDE1_BIASTrue_conv2d_ACTIVATIONrelu_ap_fixed_32_10_,Overall,8314268,83.143 ms,203,36,11398,20503,11.12938596491228,7.48,2.079319906596614,1.43
config_CIN32_HIN28_WIN28_COUT32_K3_UFCIN8_UFCOU8_PAD1_STRIDE1_BIASTrue_conv2d_ACTIVATIONrelu_ap_fixed_32_10_,Overall,1970140,19.701 ms,248,260,12369,30259,13.596491228070176,11.04,2.2564579684763575,10.32
config_CIN32_HIN28_WIN28_COUT32_K3_UFCIN8_UFCOU32_PAD1_STRIDE1_BIASTrue_conv2d_ACTIVATIONrelu_ap_fixed_32_10_,Overall,203787,2.038 ms,440,1028,25636,52508,24.12280701754386,19.16,4.676736719206072,40.79
config_CIN32_HIN28_WIN28_COUT32_K3_UFCIN32_UFCOU1_PAD1_STRIDE1_BIASTrue_conv2d_ACTIVATIONrelu_ap_fixed_32_10_,Overall,8278988,82.790 ms,203,132,14391,29799,11.12938596491228,10.87,2.6253283712784588,5.24
config_CIN32_HIN28_WIN28_COUT32_K3_UFCIN32_UFCOU8_PAD1_STRIDE1_BIASTrue_conv2d_ACTIVATIONrelu_ap_fixed_32_10_,Overall,1934860,19.349 ms,440,1028,17301,62377,24.12280701754386,22.76,3.15619527145359,40.79
config_CIN32_HIN28_WIN28_COUT32_K3_UFCIN32_UFCOU32_PAD1_STRIDE1_BIASTrue_conv2d_ACTIVATIONrelu_ap_fixed_32_10_,Overall,162182,1.622 ms,184,648,86917,145252,10.087719298245613,53.0,15.85613689433742,25.71
config_CIN32_HIN28_WIN28_COUT96_K1_UFCIN1_UFCOU1_PAD1_STRIDE1_BIASTrue_conv2d_ACTIVATIONrelu_ap_fixed_32_10_,Overall,3149391,31.494 ms,381,8,10476,17449,20.888157894736842,6.37,1.9111208406304727,0.32
config_CIN32_HIN28_WIN28_COUT96_K1_UFCIN1_UFCOU8_PAD1_STRIDE1_BIASTrue_conv2d_ACTIVATIONrelu_ap_fixed_32_10_,Overall,654592,6.546 ms,414,36,10888,19969,22.697368421052634,7.29,1.9862813776999415,1.43
config_CIN32_HIN28_WIN28_COUT96_K1_UFCIN1_UFCOU32_PAD1_STRIDE1_BIASTrue_conv2d_ACTIVATIONrelu_ap_fixed_32_10_,Overall,387292,3.873 ms,502,132,11954,27579,27.521929824561404,10.06,2.1807501459427905,5.24
config_CIN32_HIN28_WIN28_COUT96_K1_UFCIN8_UFCOU1_PAD1_STRIDE1_BIASTrue_conv2d_ACTIVATIONrelu_ap_fixed_32_10_,Overall,3266392,32.664 ms,395,36,11398,19743,21.655701754385966,7.2,2.079319906596614,1.43
config_CIN32_HIN28_WIN28_COUT96_K1_UFCIN8_UFCOU8_PAD1_STRIDE1_BIASTrue_conv2d_ACTIVATIONrelu_ap_fixed_32_10_,Overall,771592,7.716 ms,484,260,12487,29736,26.535087719298247,10.85,2.2779845300642148,10.32
config_CIN32_HIN28_WIN28_COUT96_K1_UFCIN8_UFCOU32_PAD1_STRIDE1_BIASTrue_conv2d_ACTIVATIONrelu_ap_fixed_32_10_,Overall,504292,5.043 ms,484,1028,23651,64676,26.535087719298247,23.6,4.314616170461179,40.79
config_CIN32_HIN28_WIN28_COUT96_K1_UFCIN32_UFCOU1_PAD1_STRIDE1_BIASTrue_conv2d_ACTIVATIONrelu_ap_fixed_32_10_,Overall,3261892,32.619 ms,419,132,14458,27430,22.971491228070175,10.01,2.637551079976649,5.24
config_CIN32_HIN28_WIN28_COUT96_K1_UFCIN32_UFCOU8_PAD1_STRIDE1_BIASTrue_conv2d_ACTIVATIONrelu_ap_fixed_32_10_,Overall,767092,7.671 ms,420,1028,26019,63053,23.026315789473685,23.01,4.746606830122592,40.79
config_CIN32_HIN28_WIN28_COUT96_K1_UFCIN32_UFCOU32_PAD1_STRIDE1_BIASTrue_conv2d_ACTIVATIONrelu_ap_fixed_32_10_,Overall,499792,4.998 ms,484,4100,60095,179529,26.535087719298247,65.5,10.963039988324578,162.7
config_CIN32_HIN28_WIN28_COUT96_K3_UFCIN1_UFCOU1_PAD1_STRIDE1_BIASTrue_conv2d_ACTIVATIONrelu_ap_fixed_32_10_,Overall,22071547,0.221 sec,385,8,10516,17805,21.107456140350877,6.5,1.9184179801517807,0.32
config_CIN32_HIN28_WIN28_COUT96_K3_UFCIN1_UFCOU8_PAD1_STRIDE1_BIASTrue_conv2d_ACTIVATIONrelu_ap_fixed_32_10_,Overall,3039164,30.392 ms,434,36,10929,20340,23.793859649122805,7.42,1.993760945709282,1.43
config_CIN32_HIN28_WIN28_COUT96_K3_UFCIN1_UFCOU32_PAD1_STRIDE1_BIASTrue_conv2d_ACTIVATIONrelu_ap_fixed_32_10_,Overall,999980,10.000 ms,514,132,11995,27958,28.17982456140351,10.2,2.1882297139521305,5.24
config_CIN32_HIN28_WIN28_COUT96_K3_UFCIN8_UFCOU1_PAD1_STRIDE1_BIASTrue_conv2d_ACTIVATIONrelu_ap_fixed_32_10_,Overall,22988828,0.230 sec,411,36,11444,20586,22.532894736842106,7.51,2.087711617046118,1.43
config_CIN32_HIN28_WIN28_COUT96_K3_UFCIN8_UFCOU8_PAD1_STRIDE1_BIASTrue_conv2d_ACTIVATIONrelu_ap_fixed_32_10_,Overall,3956444,39.564 ms,448,260,12530,30633,24.561403508771928,11.18,2.2858289550496202,10.32
config_CIN32_HIN28_WIN28_COUT96_K3_UFCIN8_UFCOU32_PAD1_STRIDE1_BIASTrue_conv2d_ACTIVATIONrelu_ap_fixed_32_10_,Overall,1917260,19.173 ms,720,1028,15502,63899,39.473684210526315,23.31,2.8280064214827787,40.79
config_CIN32_HIN28_WIN28_COUT96_K3_UFCIN32_UFCOU1_PAD1_STRIDE1_BIASTrue_conv2d_ACTIVATIONrelu_ap_fixed_32_10_,Overall,22953548,0.230 sec,411,132,14509,30050,22.532894736842106,10.96,2.6468549328663165,5.24
config_CIN32_HIN28_WIN28_COUT96_K3_UFCIN32_UFCOU8_PAD1_STRIDE1_BIASTrue_conv2d_ACTIVATIONrelu_ap_fixed_32_10_,Overall,3921164,39.212 ms,640,1028,17870,63675,35.08771929824561,23.23,3.259997081144191,40.79
config_CIN32_HIN28_WIN28_COUT96_K3_UFCIN32_UFCOU32_PAD1_STRIDE1_BIASTrue_conv2d_ACTIVATIONrelu_ap_fixed_32_10_,Overall,1881980,18.820 ms,464,4100,60138,193183,25.438596491228072,70.48,10.970884413309982,162.7
config_CIN32_HIN28_WIN56_COUT32_K1_UFCIN1_UFCOU1_PAD1_STRIDE1_BIASTrue_conv2d_ACTIVATIONrelu_ap_fixed_32_10_,Overall,2070362,20.704 ms,307,13,10694,17179,16.831140350877195,6.27,1.9508902510215995,0.52
config_CIN32_HIN28_WIN56_COUT32_K1_UFCIN1_UFCOU8_PAD1_STRIDE1_BIASTrue_conv2d_ACTIVATIONrelu_ap_fixed_32_10_,Overall,462603,4.626 ms,338,43,11258,19602,18.530701754385966,7.15,2.053779918272037,1.71
config_CIN32_HIN28_WIN56_COUT32_K1_UFCIN1_UFCOU32_PAD1_STRIDE1_BIASTrue_conv2d_ACTIVATIONrelu_ap_fixed_32_10_,Overall,288602,2.886 ms,362,138,15111,25559,19.846491228070175,9.33,2.7566768826619965,5.48
config_CIN32_HIN28_WIN56_COUT32_K1_UFCIN8_UFCOU1_PAD1_STRIDE1_BIASTrue_conv2d_ACTIVATIONrelu_ap_fixed_32_10_,Overall,2458383,24.584 ms,347,48,12088,19315,19.024122807017545,7.05,2.205195563339171,1.9
config_CIN32_HIN28_WIN56_COUT32_K1_UFCIN8_UFCOU8_PAD1_STRIDE1_BIASTrue_conv2d_ACTIVATIONrelu_ap_fixed_32_10_,Overall,850623,8.506 ms,364,274,15305,29605,19.956140350877195,10.8,2.7920680093403387,10.87
config_CIN32_HIN28_WIN56_COUT32_K1_UFCIN8_UFCOU32_PAD1_STRIDE1_BIASTrue_conv2d_ACTIVATIONrelu_ap_fixed_32_10_,Overall,243362,2.434 ms,364,1034,34056,53034,19.956140350877195,19.35,6.21278458844133,41.03
config_CIN32_HIN28_WIN56_COUT32_K1_UFCIN32_UFCOU1_PAD1_STRIDE1_BIASTrue_conv2d_ACTIVATIONrelu_ap_fixed_32_10_,Overall,2449683,24.497 ms,371,168,17105,26522,20.339912280701753,9.68,3.1204392877991824,6.67
config_CIN32_HIN28_WIN56_COUT32_K1_UFCIN32_UFCOU8_PAD1_STRIDE1_BIASTrue_conv2d_ACTIVATIONrelu_ap_fixed_32_10_,Overall,841923,8.419 ms,364,1066,28474,60498,19.956140350877195,22.07,5.1944687682428485,42.3
config_CIN32_HIN28_WIN56_COUT32_K1_UFCIN32_UFCOU32_PAD1_STRIDE1_BIASTrue_conv2d_ACTIVATIONrelu_ap_fixed_32_10_,Overall,225911,2.259 ms,364,2063,224822,132581,19.956140350877195,48.37,41.01393753648569,81.87
config_CIN32_HIN28_WIN56_COUT32_K3_UFCIN1_UFCOU1_PAD1_STRIDE1_BIASTrue_conv2d_ACTIVATIONrelu_ap_fixed_32_10_,Overall,14782267,0.148 sec,311,8,10512,17729,17.050438596491226,6.47,1.91768826619965,0.32
config_CIN32_HIN28_WIN56_COUT32_K3_UFCIN1_UFCOU8_PAD1_STRIDE1_BIASTrue_conv2d_ACTIVATIONrelu_ap_fixed_32_10_,Overall,2094012,20.940 ms,354,36,10915,20199,19.407894736842106,7.37,1.9912069468768243,1.43
config_CIN32_HIN28_WIN56_COUT32_K3_UFCIN1_UFCOU32_PAD1_STRIDE1_BIASTrue_conv2d_ACTIVATIONrelu_ap_fixed_32_10_,Overall,762779,7.628 ms,354,132,14933,25636,19.407894736842106,9.35,2.7242046117921777,5.24
config_CIN32_HIN28_WIN56_COUT32_K3_UFCIN8_UFCOU1_PAD1_STRIDE1_BIASTrue_conv2d_ACTIVATIONrelu_ap_fixed_32_10_,Overall,16616828,0.166 sec,355,36,11428,20523,19.462719298245617,7.49,2.084792761237595,1.43
config_CIN32_HIN28_WIN56_COUT32_K3_UFCIN8_UFCOU8_PAD1_STRIDE1_BIASTrue_conv2d_ACTIVATIONrelu_ap_fixed_32_10_,Overall,3928572,39.286 ms,420,260,12454,30297,23.026315789473685,11.05,2.271964389959136,10.32
config_CIN32_HIN28_WIN56_COUT32_K3_UFCIN8_UFCOU32_PAD1_STRIDE1_BIASTrue_conv2d_ACTIVATIONrelu_ap_fixed_32_10_,Overall,395867,3.959 ms,612,1028,25688,52537,33.55263157894737,19.17,4.686223000583771,40.79
config_CIN32_HIN28_WIN56_COUT32_K3_UFCIN32_UFCOU1_PAD1_STRIDE1_BIASTrue_conv2d_ACTIVATIONrelu_ap_fixed_32_10_,Overall,16546268,0.165 sec,355,132,14474,29819,19.462719298245617,10.88,2.640469935785172,5.24
config_CIN32_HIN28_WIN56_COUT32_K3_UFCIN32_UFCOU8_PAD1_STRIDE1_BIASTrue_conv2d_ACTIVATIONrelu_ap_fixed_32_10_,Overall,3858012,38.580 ms,612,1028,17607,62415,33.55263157894737,22.77,3.212018388791594,40.79
config_CIN32_HIN28_WIN56_COUT32_K3_UFCIN32_UFCOU32_PAD1_STRIDE1_BIASTrue_conv2d_ACTIVATIONrelu_ap_fixed_32_10_,Overall,312710,3.127 ms,356,648,86968,145279,19.517543859649123,53.01,15.865440747227085,25.71
config_CIN32_HIN28_WIN56_COUT96_K1_UFCIN1_UFCOU1_PAD1_STRIDE1_BIASTrue_conv2d_ACTIVATIONrelu_ap_fixed_32_10_,Overall,6086106,60.861 ms,709,13,10722,17290,38.87061403508772,6.31,1.9559982486865148,0.52
config_CIN32_HIN28_WIN56_COUT96_K1_UFCIN1_UFCOU8_PAD1_STRIDE1_BIASTrue_conv2d_ACTIVATIONrelu_ap_fixed_32_10_,Overall,1262827,12.628 ms,744,43,11304,19779,40.78947368421053,7.22,2.0621716287215412,1.71
config_CIN32_HIN28_WIN56_COUT96_K1_UFCIN1_UFCOU32_PAD1_STRIDE1_BIASTrue_conv2d_ACTIVATIONrelu_ap_fixed_32_10_,Overall,746047,7.460 ms,880,139,12422,27389,48.24561403508772,9.99,2.26612667834209,5.52
config_CIN32_HIN28_WIN56_COUT96_K1_UFCIN8_UFCOU1_PAD1_STRIDE1_BIASTrue_conv2d_ACTIVATIONrelu_ap_fixed_32_10_,Overall,6474127,64.741 ms,743,48,12150,19442,40.734649122807014,7.09,2.2165061295971977,1.9
config_CIN32_HIN28_WIN56_COUT96_K1_UFCIN8_UFCOU8_PAD1_STRIDE1_BIASTrue_conv2d_ACTIVATIONrelu_ap_fixed_32_10_,Overall,1650847,16.508 ms,834,274,13437,29383,45.723684210526315,10.72,2.4512915936952715,10.87
config_CIN32_HIN28_WIN56_COUT96_K1_UFCIN8_UFCOU32_PAD1_STRIDE1_BIASTrue_conv2d_ACTIVATIONrelu_ap_fixed_32_10_,Overall,1134067,11.341 ms,882,1042,24807,64323,48.35526315789473,23.47,4.52550350262697,41.35
config_CIN32_HIN28_WIN56_COUT96_K1_UFCIN32_UFCOU1_PAD1_STRIDE1_BIASTrue_conv2d_ACTIVATIONrelu_ap_fixed_32_10_,Overall,6465427,64.654 ms,767,168,17255,26721,42.05043859649123,9.75,3.1478035610040864,6.67
config_CIN32_HIN28_WIN56_COUT96_K1_UFCIN32_UFCOU8_PAD1_STRIDE1_BIASTrue_conv2d_ACTIVATIONrelu_ap_fixed_32_10_,Overall,1642147,16.421 ms,770,1066,29110,62220,42.21491228070175,22.7,5.31049328663164,42.3
config_CIN32_HIN28_WIN56_COUT96_K1_UFCIN32_UFCOU32_PAD1_STRIDE1_BIASTrue_conv2d_ACTIVATIONrelu_ap_fixed_32_10_,Overall,1125367,11.254 ms,882,4138,63920,178696,48.35526315789473,65.2,11.66082895504962,164.21
config_CIN32_HIN28_WIN56_COUT96_K3_UFCIN1_UFCOU1_PAD1_STRIDE1_BIASTrue_conv2d_ACTIVATIONrelu_ap_fixed_32_10_,Overall,44108219,0.441 sec,693,8,10537,17853,37.993421052631575,6.51,1.9222489784004668,0.32
config_CIN32_HIN28_WIN56_COUT96_K3_UFCIN1_UFCOU8_PAD1_STRIDE1_BIASTrue_conv2d_ACTIVATIONrelu_ap_fixed_32_10_,Overall,6043452,60.435 ms,738,36,10957,20382,40.46052631578947,7.44,1.9988689433741973,1.43
config_CIN32_HIN28_WIN56_COUT96_K3_UFCIN1_UFCOU32_PAD1_STRIDE1_BIASTrue_conv2d_ACTIVATIONrelu_ap_fixed_32_10_,Overall,1965084,19.651 ms,882,132,12047,28000,48.35526315789473,10.22,2.1977159953298306,5.24
config_CIN32_HIN28_WIN56_COUT96_K3_UFCIN8_UFCOU1_PAD1_STRIDE1_BIASTrue_conv2d_ACTIVATIONrelu_ap_fixed_32_10_,Overall,45942780,0.459 sec,739,36,11473,20648,40.515350877192986,7.53,2.093002043199066,1.43
config_CIN32_HIN28_WIN56_COUT96_K3_UFCIN8_UFCOU8_PAD1_STRIDE1_BIASTrue_conv2d_ACTIVATIONrelu_ap_fixed_32_10_,Overall,7878012,78.780 ms,772,260,12615,30675,42.32456140350877,11.19,2.3013353765323994,10.32
config_CIN32_HIN28_WIN56_COUT96_K3_UFCIN8_UFCOU32_PAD1_STRIDE1_BIASTrue_conv2d_ACTIVATIONrelu_ap_fixed_32_10_,Overall,3799644,37.996 ms,1108,1028,15779,63941,60.74561403508771,23.33,2.878539112667834,40.79
config_CIN32_HIN28_WIN56_COUT96_K3_UFCIN32_UFCOU1_PAD1_STRIDE1_BIASTrue_conv2d_ACTIVATIONrelu_ap_fixed_32_10_,Overall,45872220,0.459 sec,739,132,14591,30160,40.515350877192986,11.0,2.6618140688849974,5.24
config_CIN32_HIN28_WIN56_COUT96_K3_UFCIN32_UFCOU8_PAD1_STRIDE1_BIASTrue_conv2d_ACTIVATIONrelu_ap_fixed_32_10_,Overall,7807452,78.075 ms,964,1028,18176,63717,52.85087719298246,23.25,3.315820198482195,40.79
config_CIN32_HIN28_WIN56_COUT96_K3_UFCIN32_UFCOU32_PAD1_STRIDE1_BIASTrue_conv2d_ACTIVATIONrelu_ap_fixed_32_10_,Overall,3729084,37.291 ms,852,4100,61212,193225,46.71052631578947,70.5,11.166812609457093,162.7
config_CIN32_HIN56_WIN14_COUT32_K1_UFCIN1_UFCOU1_PAD1_STRIDE1_BIASTrue_conv2d_ACTIVATIONrelu_ap_fixed_32_10_,Overall,1104222,11.042 ms,171,12,10800,17328,9.375,6.32,1.9702276707530646,0.48
config_CIN32_HIN56_WIN14_COUT32_K1_UFCIN1_UFCOU8_PAD1_STRIDE1_BIASTrue_conv2d_ACTIVATIONrelu_ap_fixed_32_10_,Overall,246751,2.468 ms,184,41,11320,19780,10.087719298245613,7.22,2.065090484530064,1.63
config_CIN32_HIN56_WIN14_COUT32_K1_UFCIN1_UFCOU32_PAD1_STRIDE1_BIASTrue_conv2d_ACTIVATIONrelu_ap_fixed_32_10_,Overall,153945,1.539 ms,208,133,14968,25619,11.403508771929824,9.35,2.7305896088733217,5.28
config_CIN32_HIN56_WIN14_COUT32_K1_UFCIN8_UFCOU1_PAD1_STRIDE1_BIASTrue_conv2d_ACTIVATIONrelu_ap_fixed_32_10_,Overall,1222079,12.221 ms,191,39,11628,19528,10.471491228070176,7.12,2.121278458844133,1.55
config_CIN32_HIN56_WIN14_COUT32_K1_UFCIN8_UFCOU8_PAD1_STRIDE1_BIASTrue_conv2d_ACTIVATIONrelu_ap_fixed_32_10_,Overall,453695,4.537 ms,190,272,15312,29691,10.416666666666668,10.83,2.7933450087565674,10.79
config_CIN32_HIN56_WIN14_COUT32_K1_UFCIN8_UFCOU32_PAD1_STRIDE1_BIASTrue_conv2d_ACTIVATIONrelu_ap_fixed_32_10_,Overall,129817,1.298 ms,190,1029,33912,53100,10.416666666666668,19.37,6.186514886164623,40.83
config_CIN32_HIN56_WIN14_COUT32_K1_UFCIN32_UFCOU1_PAD1_STRIDE1_BIASTrue_conv2d_ACTIVATIONrelu_ap_fixed_32_10_,Overall,1217439,12.174 ms,215,135,14880,26847,11.787280701754387,9.8,2.714535901926445,5.36
config_CIN32_HIN56_WIN14_COUT32_K1_UFCIN32_UFCOU8_PAD1_STRIDE1_BIASTrue_conv2d_ACTIVATIONrelu_ap_fixed_32_10_,Overall,449055,4.491 ms,190,1064,28260,60240,10.416666666666668,21.98,5.1554290718038525,42.22
config_CIN32_HIN56_WIN14_COUT32_K1_UFCIN32_UFCOU32_PAD1_STRIDE1_BIASTrue_conv2d_ACTIVATIONrelu_ap_fixed_32_10_,Overall,120428,1.204 ms,190,2057,184732,112321,10.416666666666668,40.98,33.70037945125511,81.63
config_CIN32_HIN56_WIN14_COUT32_K3_UFCIN1_UFCOU1_PAD1_STRIDE1_BIASTrue_conv2d_ACTIVATIONrelu_ap_fixed_32_10_,Overall,7397043,73.970 ms,179,8,10490,17720,9.81359649122807,6.47,1.9136748394629306,0.32
config_CIN32_HIN56_WIN14_COUT32_K3_UFCIN1_UFCOU8_PAD1_STRIDE1_BIASTrue_conv2d_ACTIVATIONrelu_ap_fixed_32_10_,Overall,1052916,10.529 ms,202,36,10887,20197,11.074561403508772,7.37,1.9860989492119092,1.43
config_CIN32_HIN56_WIN14_COUT32_K3_UFCIN1_UFCOU32_PAD1_STRIDE1_BIASTrue_conv2d_ACTIVATIONrelu_ap_fixed_32_10_,Overall,387299,3.873 ms,202,132,14883,25621,11.074561403508772,9.35,2.7150831873905426,5.24
config_CIN32_HIN56_WIN14_COUT32_K3_UFCIN8_UFCOU1_PAD1_STRIDE1_BIASTrue_conv2d_ACTIVATIONrelu_ap_fixed_32_10_,Overall,8314324,83.143 ms,203,36,11399,20504,11.12938596491228,7.48,2.079502335084647,1.43
config_CIN32_HIN56_WIN14_COUT32_K3_UFCIN8_UFCOU8_PAD1_STRIDE1_BIASTrue_conv2d_ACTIVATIONrelu_ap_fixed_32_10_,Overall,1970196,19.702 ms,248,260,12370,30343,13.596491228070176,11.07,2.25664039696439,10.32
config_CIN32_HIN56_WIN14_COUT32_K3_UFCIN8_UFCOU32_PAD1_STRIDE1_BIASTrue_conv2d_ACTIVATIONrelu_ap_fixed_32_10_,Overall,203843,2.038 ms,440,1028,25637,52528,24.12280701754386,19.17,4.676919147694104,40.79
config_CIN32_HIN56_WIN14_COUT32_K3_UFCIN32_UFCOU1_PAD1_STRIDE1_BIASTrue_conv2d_ACTIVATIONrelu_ap_fixed_32_10_,Overall,8279044,82.790 ms,203,132,14392,29744,11.12938596491228,10.85,2.6255107997664915,5.24
config_CIN32_HIN56_WIN14_COUT32_K3_UFCIN32_UFCOU8_PAD1_STRIDE1_BIASTrue_conv2d_ACTIVATIONrelu_ap_fixed_32_10_,Overall,1934916,19.349 ms,440,1028,17302,62597,24.12280701754386,22.84,3.1563776999416233,40.79
config_CIN32_HIN56_WIN14_COUT32_K3_UFCIN32_UFCOU32_PAD1_STRIDE1_BIASTrue_conv2d_ACTIVATIONrelu_ap_fixed_32_10_,Overall,162182,1.622 ms,184,648,86916,145259,10.087719298245613,53.0,15.855954465849386,25.71
config_CIN32_HIN56_WIN14_COUT96_K1_UFCIN1_UFCOU1_PAD1_STRIDE1_BIASTrue_conv2d_ACTIVATIONrelu_ap_fixed_32_10_,Overall,3249118,32.491 ms,385,12,10833,17391,21.107456140350877,6.35,1.9762478108581436,0.48
config_CIN32_HIN56_WIN14_COUT96_K1_UFCIN1_UFCOU8_PAD1_STRIDE1_BIASTrue_conv2d_ACTIVATIONrelu_ap_fixed_32_10_,Overall,676703,6.767 ms,416,41,11370,19926,22.807017543859647,7.27,2.074211908931699,1.63
config_CIN32_HIN56_WIN14_COUT96_K1_UFCIN1_UFCOU32_PAD1_STRIDE1_BIASTrue_conv2d_ACTIVATIONrelu_ap_fixed_32_10_,Overall,401087,4.011 ms,504,137,12465,27537,27.631578947368425,10.05,2.2739711033274954,5.44
config_CIN32_HIN56_WIN14_COUT96_K1_UFCIN8_UFCOU1_PAD1_STRIDE1_BIASTrue_conv2d_ACTIVATIONrelu_ap_fixed_32_10_,Overall,3366975,33.670 ms,399,39,11695,19624,21.875,7.16,2.1335011675423234,1.55
config_CIN32_HIN56_WIN14_COUT96_K1_UFCIN8_UFCOU8_PAD1_STRIDE1_BIASTrue_conv2d_ACTIVATIONrelu_ap_fixed_32_10_,Overall,883647,8.836 ms,486,272,13448,29424,26.644736842105267,10.74,2.453298307063631,10.79
config_CIN32_HIN56_WIN14_COUT96_K1_UFCIN8_UFCOU32_PAD1_STRIDE1_BIASTrue_conv2d_ACTIVATIONrelu_ap_fixed_32_10_,Overall,608031,6.080 ms,486,1040,24627,64379,26.644736842105267,23.49,4.492666374781086,41.27
config_CIN32_HIN56_WIN14_COUT96_K1_UFCIN32_UFCOU1_PAD1_STRIDE1_BIASTrue_conv2d_ACTIVATIONrelu_ap_fixed_32_10_,Overall,3362335,33.623 ms,423,135,15067,27063,23.190789473684212,9.87,2.7486500291885583,5.36
config_CIN32_HIN56_WIN14_COUT96_K1_UFCIN32_UFCOU8_PAD1_STRIDE1_BIASTrue_conv2d_ACTIVATIONrelu_ap_fixed_32_10_,Overall,879007,8.790 ms,422,1064,28900,61869,23.135964912280702,22.57,5.272183304144775,42.22
config_CIN32_HIN56_WIN14_COUT96_K1_UFCIN32_UFCOU32_PAD1_STRIDE1_BIASTrue_conv2d_ACTIVATIONrelu_ap_fixed_32_10_,Overall,603391,6.034 ms,486,4136,62943,178408,26.644736842105267,65.09,11.482596322241681,164.13
config_CIN32_HIN56_WIN14_COUT96_K3_UFCIN1_UFCOU1_PAD1_STRIDE1_BIASTrue_conv2d_ACTIVATIONrelu_ap_fixed_32_10_,Overall,22071603,0.221 sec,385,8,10516,17815,21.107456140350877,6.5,1.9184179801517807,0.32
config_CIN32_HIN56_WIN14_COUT96_K3_UFCIN1_UFCOU8_PAD1_STRIDE1_BIASTrue_conv2d_ACTIVATIONrelu_ap_fixed_32_10_,Overall,3039220,30.392 ms,434,36,10929,20352,23.793859649122805,7.43,1.993760945709282,1.43
config_CIN32_HIN56_WIN14_COUT96_K3_UFCIN1_UFCOU32_PAD1_STRIDE1_BIASTrue_conv2d_ACTIVATIONrelu_ap_fixed_32_10_,Overall,1000036,10.000 ms,514,132,11996,27994,28.17982456140351,10.21,2.1884121424401637,5.24
config_CIN32_HIN56_WIN14_COUT96_K3_UFCIN8_UFCOU1_PAD1_STRIDE1_BIASTrue_conv2d_ACTIVATIONrelu_ap_fixed_32_10_,Overall,22988884,0.230 sec,411,36,11445,20602,22.532894736842106,7.52,2.0878940455341506,1.43
config_CIN32_HIN56_WIN14_COUT96_K3_UFCIN8_UFCOU8_PAD1_STRIDE1_BIASTrue_conv2d_ACTIVATIONrelu_ap_fixed_32_10_,Overall,3956500,39.565 ms,448,260,12531,30651,24.561403508771928,11.18,2.2860113835376534,10.32
config_CIN32_HIN56_WIN14_COUT96_K3_UFCIN8_UFCOU32_PAD1_STRIDE1_BIASTrue_conv2d_ACTIVATIONrelu_ap_fixed_32_10_,Overall,1917316,19.173 ms,720,1028,15504,63983,39.473684210526315,23.34,2.828371278458844,40.79
config_CIN32_HIN56_WIN14_COUT96_K3_UFCIN32_UFCOU1_PAD1_STRIDE1_BIASTrue_conv2d_ACTIVATIONrelu_ap_fixed_32_10_,Overall,22953604,0.230 sec,411,132,14510,30058,22.532894736842106,10.97,2.647037361354349,5.24
config_CIN32_HIN56_WIN14_COUT96_K3_UFCIN32_UFCOU8_PAD1_STRIDE1_BIASTrue_conv2d_ACTIVATIONrelu_ap_fixed_32_10_,Overall,3921220,39.212 ms,640,1028,17871,63685,35.08771929824561,23.24,3.2601795096322244,40.79
config_CIN32_HIN56_WIN14_COUT96_K3_UFCIN32_UFCOU32_PAD1_STRIDE1_BIASTrue_conv2d_ACTIVATIONrelu_ap_fixed_32_10_,Overall,1882036,18.820 ms,464,4100,60140,193403,25.438596491228072,70.56,10.971249270286048,162.7
config_CIN32_HIN56_WIN28_COUT32_K1_UFCIN1_UFCOU1_PAD1_STRIDE1_BIASTrue_conv2d_ACTIVATIONrelu_ap_fixed_32_10_,Overall,2070418,20.704 ms,307,12,10816,17357,16.831140350877195,6.33,1.973146526561588,0.48
config_CIN32_HIN56_WIN28_COUT32_K1_UFCIN1_UFCOU8_PAD1_STRIDE1_BIASTrue_conv2d_ACTIVATIONrelu_ap_fixed_32_10_,Overall,462659,4.627 ms,338,41,11341,19869,18.530701754385966,7.25,2.0689214827787508,1.63
config_CIN32_HIN56_WIN28_COUT32_K1_UFCIN1_UFCOU32_PAD1_STRIDE1_BIASTrue_conv2d_ACTIVATIONrelu_ap_fixed_32_10_,Overall,288653,2.887 ms,362,133,15014,25718,19.846491228070175,9.38,2.7389813193228254,5.28
config_CIN32_HIN56_WIN28_COUT32_K1_UFCIN8_UFCOU1_PAD1_STRIDE1_BIASTrue_conv2d_ACTIVATIONrelu_ap_fixed_32_10_,Overall,2291399,22.914 ms,347,39,11646,19781,19.024122807017545,7.22,2.1245621716287215,1.55
config_CIN32_HIN56_WIN28_COUT32_K1_UFCIN8_UFCOU8_PAD1_STRIDE1_BIASTrue_conv2d_ACTIVATIONrelu_ap_fixed_32_10_,Overall,850679,8.507 ms,364,272,15424,30018,19.956140350877195,10.95,2.8137769994162287,10.79
config_CIN32_HIN56_WIN28_COUT32_K1_UFCIN8_UFCOU32_PAD1_STRIDE1_BIASTrue_conv2d_ACTIVATIONrelu_ap_fixed_32_10_,Overall,243413,2.434 ms,364,1029,33959,53199,19.956140350877195,19.41,6.19508902510216,40.83
config_CIN32_HIN56_WIN28_COUT32_K1_UFCIN32_UFCOU1_PAD1_STRIDE1_BIASTrue_conv2d_ACTIVATIONrelu_ap_fixed_32_10_,Overall,2282699,22.827 ms,371,135,14951,27868,20.339912280701753,10.17,2.727488324576766,5.36
config_CIN32_HIN56_WIN28_COUT32_K1_UFCIN32_UFCOU8_PAD1_STRIDE1_BIASTrue_conv2d_ACTIVATIONrelu_ap_fixed_32_10_,Overall,841979,8.420 ms,364,1064,28713,61383,19.956140350877195,22.4,5.238069176882662,42.22
config_CIN32_HIN56_WIN28_COUT32_K1_UFCIN32_UFCOU32_PAD1_STRIDE1_BIASTrue_conv2d_ACTIVATIONrelu_ap_fixed_32_10_,Overall,225904,2.259 ms,364,2057,184774,112416,19.956140350877195,41.02,33.70804144775248,81.63
config_CIN32_HIN56_WIN28_COUT32_K3_UFCIN1_UFCOU1_PAD1_STRIDE1_BIASTrue_conv2d_ACTIVATIONrelu_ap_fixed_32_10_,Overall,14782323,0.148 sec,311,8,10512,17728,17.050438596491226,6.47,1.91768826619965,0.32
config_CIN32_HIN56_WIN28_COUT32_K3_UFCIN1_UFCOU8_PAD1_STRIDE1_BIASTrue_conv2d_ACTIVATIONrelu_ap_fixed_32_10_,Overall,2094068,20.941 ms,354,36,10915,20224,19.407894736842106,7.38,1.9912069468768243,1.43
config_CIN32_HIN56_WIN28_COUT32_K3_UFCIN1_UFCOU32_PAD1_STRIDE1_BIASTrue_conv2d_ACTIVATIONrelu_ap_fixed_32_10_,Overall,762835,7.628 ms,354,132,14934,25638,19.407894736842106,9.35,2.72438704028021,5.24
config_CIN32_HIN56_WIN28_COUT32_K3_UFCIN8_UFCOU1_PAD1_STRIDE1_BIASTrue_conv2d_ACTIVATIONrelu_ap_fixed_32_10_,Overall,16616884,0.166 sec,355,36,11429,20512,19.462719298245617,7.48,2.0849751897256277,1.43
config_CIN32_HIN56_WIN28_COUT32_K3_UFCIN8_UFCOU8_PAD1_STRIDE1_BIASTrue_conv2d_ACTIVATIONrelu_ap_fixed_32_10_,Overall,3928628,39.286 ms,420,260,12455,30370,23.026315789473685,11.08,2.2721468184471685,10.32
config_CIN32_HIN56_WIN28_COUT32_K3_UFCIN8_UFCOU32_PAD1_STRIDE1_BIASTrue_conv2d_ACTIVATIONrelu_ap_fixed_32_10_,Overall,395923,3.959 ms,612,1028,25689,52545,33.55263157894737,19.17,4.686405429071804,40.79
config_CIN32_HIN56_WIN28_COUT32_K3_UFCIN32_UFCOU1_PAD1_STRIDE1_BIASTrue_conv2d_ACTIVATIONrelu_ap_fixed_32_10_,Overall,16546324,0.165 sec,355,132,14475,29752,19.462719298245617,10.86,2.6406523642732047,5.24
config_CIN32_HIN56_WIN28_COUT32_K3_UFCIN32_UFCOU8_PAD1_STRIDE1_BIASTrue_conv2d_ACTIVATIONrelu_ap_fixed_32_10_,Overall,3858068,38.581 ms,612,1028,17608,62624,33.55263157894737,22.85,3.2122008172796264,40.79
config_CIN32_HIN56_WIN28_COUT32_K3_UFCIN32_UFCOU32_PAD1_STRIDE1_BIASTrue_conv2d_ACTIVATIONrelu_ap_fixed_32_10_,Overall,312710,3.127 ms,356,648,86967,145275,19.517543859649123,53.0,15.865258318739054,25.71
config_CIN32_HIN56_WIN28_COUT96_K1_UFCIN1_UFCOU1_PAD1_STRIDE1_BIASTrue_conv2d_ACTIVATIONrelu_ap_fixed_32_10_,Overall,6086162,60.862 ms,709,12,10846,17486,38.87061403508772,6.38,1.9786193812025687,0.48
config_CIN32_HIN56_WIN28_COUT96_K1_UFCIN1_UFCOU8_PAD1_STRIDE1_BIASTrue_conv2d_ACTIVATIONrelu_ap_fixed_32_10_,Overall,1262883,12.629 ms,744,41,11389,20037,40.78947368421053,7.31,2.07767805020432,1.63
config_CIN32_HIN56_WIN28_COUT96_K1_UFCIN1_UFCOU32_PAD1_STRIDE1_BIASTrue_conv2d_ACTIVATIONrelu_ap_fixed_32_10_,Overall,746103,7.461 ms,880,137,12508,27666,48.24561403508772,10.09,2.2818155283129014,5.44
config_CIN32_HIN56_WIN28_COUT96_K1_UFCIN8_UFCOU1_PAD1_STRIDE1_BIASTrue_conv2d_ACTIVATIONrelu_ap_fixed_32_10_,Overall,6307143,63.071 ms,743,39,11710,19971,40.734649122807014,7.29,2.1362375948628136,1.55
config_CIN32_HIN56_WIN28_COUT96_K1_UFCIN8_UFCOU8_PAD1_STRIDE1_BIASTrue_conv2d_ACTIVATIONrelu_ap_fixed_32_10_,Overall,1650903,16.509 ms,834,272,13558,29759,45.723684210526315,10.86,2.4733654407472274,10.79
config_CIN32_HIN56_WIN28_COUT96_K1_UFCIN8_UFCOU32_PAD1_STRIDE1_BIASTrue_conv2d_ACTIVATIONrelu_ap_fixed_32_10_,Overall,1134123,11.341 ms,882,1040,24929,64746,48.35526315789473,23.62,4.5477597781669585,41.27
config_CIN32_HIN56_WIN28_COUT96_K1_UFCIN32_UFCOU1_PAD1_STRIDE1_BIASTrue_conv2d_ACTIVATIONrelu_ap_fixed_32_10_,Overall,6298443,62.984 ms,767,135,15135,28274,42.05043859649123,10.32,2.761055166374781,5.36
config_CIN32_HIN56_WIN28_COUT96_K1_UFCIN32_UFCOU8_PAD1_STRIDE1_BIASTrue_conv2d_ACTIVATIONrelu_ap_fixed_32_10_,Overall,1642203,16.422 ms,770,1064,29351,62972,42.21491228070175,22.98,5.354458552247519,42.22
config_CIN32_HIN56_WIN28_COUT96_K1_UFCIN32_UFCOU32_PAD1_STRIDE1_BIASTrue_conv2d_ACTIVATIONrelu_ap_fixed_32_10_,Overall,1125423,11.254 ms,882,4136,64162,179591,48.35526315789473,65.53,11.704976649153531,164.13
config_CIN32_HIN56_WIN28_COUT96_K3_UFCIN1_UFCOU1_PAD1_STRIDE1_BIASTrue_conv2d_ACTIVATIONrelu_ap_fixed_32_10_,Overall,44108275,0.441 sec,693,8,10537,17852,37.993421052631575,6.51,1.9222489784004668,0.32
config_CIN32_HIN56_WIN28_COUT96_K3_UFCIN1_UFCOU8_PAD1_STRIDE1_BIASTrue_conv2d_ACTIVATIONrelu_ap_fixed_32_10_,Overall,6043508,60.435 ms,738,36,10957,20383,40.46052631578947,7.44,1.9988689433741973,1.43
config_CIN32_HIN56_WIN28_COUT96_K3_UFCIN1_UFCOU32_PAD1_STRIDE1_BIASTrue_conv2d_ACTIVATIONrelu_ap_fixed_32_10_,Overall,1965140,19.651 ms,882,132,12048,28025,48.35526315789473,10.23,2.1978984238178634,5.24
config_CIN32_HIN56_WIN28_COUT96_K3_UFCIN8_UFCOU1_PAD1_STRIDE1_BIASTrue_conv2d_ACTIVATIONrelu_ap_fixed_32_10_,Overall,45942836,0.459 sec,739,36,11474,20653,40.515350877192986,7.54,2.0931844716870986,1.43
config_CIN32_HIN56_WIN28_COUT96_K3_UFCIN8_UFCOU8_PAD1_STRIDE1_BIASTrue_conv2d_ACTIVATIONrelu_ap_fixed_32_10_,Overall,7878068,78.781 ms,772,260,12616,30682,42.32456140350877,11.19,2.301517805020432,10.32
config_CIN32_HIN56_WIN28_COUT96_K3_UFCIN8_UFCOU32_PAD1_STRIDE1_BIASTrue_conv2d_ACTIVATIONrelu_ap_fixed_32_10_,Overall,3799700,37.997 ms,1108,1028,15781,64014,60.74561403508771,23.36,2.8789039696438996,40.79
config_CIN32_HIN56_WIN28_COUT96_K3_UFCIN32_UFCOU1_PAD1_STRIDE1_BIASTrue_conv2d_ACTIVATIONrelu_ap_fixed_32_10_,Overall,45872276,0.459 sec,739,132,14592,30157,40.515350877192986,11.0,2.6619964973730297,5.24
config_CIN32_HIN56_WIN28_COUT96_K3_UFCIN32_UFCOU8_PAD1_STRIDE1_BIASTrue_conv2d_ACTIVATIONrelu_ap_fixed_32_10_,Overall,7807508,78.075 ms,964,1028,18177,63716,52.85087719298246,23.25,3.316002626970228,40.79
config_CIN32_HIN56_WIN28_COUT96_K3_UFCIN32_UFCOU32_PAD1_STRIDE1_BIASTrue_conv2d_ACTIVATIONrelu_ap_fixed_32_10_,Overall,3729140,37.291 ms,852,4100,61214,193434,46.71052631578947,70.58,11.167177466433158,162.7
config_CIN32_HIN56_WIN56_COUT32_K1_UFCIN1_UFCOU1_PAD1_STRIDE1_BIASTrue_conv2d_ACTIVATIONrelu_ap_fixed_32_10_,Overall,4002810,40.028 ms,583,13,10728,17280,31.962719298245613,6.3,1.957092819614711,0.52
config_CIN32_HIN56_WIN56_COUT32_K1_UFCIN1_UFCOU8_PAD1_STRIDE1_BIASTrue_conv2d_ACTIVATIONrelu_ap_fixed_32_10_,Overall,894475,8.945 ms,616,43,11301,19747,33.771929824561404,7.2,2.061624343257443,1.71
config_CIN32_HIN56_WIN56_COUT32_K1_UFCIN1_UFCOU32_PAD1_STRIDE1_BIASTrue_conv2d_ACTIVATIONrelu_ap_fixed_32_10_,Overall,558074,5.581 ms,672,138,15176,25626,36.84210526315789,9.35,2.7685347343841213,5.48
config_CIN32_HIN56_WIN56_COUT32_K1_UFCIN8_UFCOU1_PAD1_STRIDE1_BIASTrue_conv2d_ACTIVATIONrelu_ap_fixed_32_10_,Overall,4752983,47.530 ms,631,48,12218,19554,34.594298245614034,7.13,2.2289112667834208,1.9
config_CIN32_HIN56_WIN56_COUT32_K1_UFCIN8_UFCOU8_PAD1_STRIDE1_BIASTrue_conv2d_ACTIVATIONrelu_ap_fixed_32_10_,Overall,1644647,16.446 ms,650,274,15405,29860,35.635964912280706,10.89,2.8103108581436076,10.87
config_CIN32_HIN56_WIN56_COUT32_K1_UFCIN8_UFCOU32_PAD1_STRIDE1_BIASTrue_conv2d_ACTIVATIONrelu_ap_fixed_32_10_,Overall,470610,4.706 ms,682,1034,34122,53099,37.390350877192986,19.37,6.224824868651488,41.03
config_CIN32_HIN56_WIN56_COUT32_K1_UFCIN32_UFCOU1_PAD1_STRIDE1_BIASTrue_conv2d_ACTIVATIONrelu_ap_fixed_32_10_,Overall,4736163,47.362 ms,687,168,17552,27215,37.66447368421053,9.93,3.2019848219497957,6.67
config_CIN32_HIN56_WIN56_COUT32_K1_UFCIN32_UFCOU8_PAD1_STRIDE1_BIASTrue_conv2d_ACTIVATIONrelu_ap_fixed_32_10_,Overall,1627827,16.278 ms,682,1066,28795,61135,37.390350877192986,22.31,5.253028312901343,42.3
config_CIN32_HIN56_WIN56_COUT32_K1_UFCIN32_UFCOU32_PAD1_STRIDE1_BIASTrue_conv2d_ACTIVATIONrelu_ap_fixed_32_10_,Overall,436863,4.369 ms,714,2063,224884,132642,39.14473684210527,48.4,41.025248102743724,81.87
config_CIN32_HIN56_WIN56_COUT32_K3_UFCIN1_UFCOU1_PAD1_STRIDE1_BIASTrue_conv2d_ACTIVATIONrelu_ap_fixed_32_10_,Overall,29552883,0.296 sec,575,8,10533,17783,31.524122807017545,6.49,1.921519264448336,0.32
config_CIN32_HIN56_WIN56_COUT32_K3_UFCIN1_UFCOU8_PAD1_STRIDE1_BIASTrue_conv2d_ACTIVATIONrelu_ap_fixed_32_10_,Overall,4176372,41.764 ms,626,36,10943,20263,34.32017543859649,7.39,1.9963149445417396,1.43
config_CIN32_HIN56_WIN56_COUT32_K3_UFCIN1_UFCOU32_PAD1_STRIDE1_BIASTrue_conv2d_ACTIVATIONrelu_ap_fixed_32_10_,Overall,1513907,15.139 ms,658,132,14985,25686,36.07456140350877,9.37,2.7336908931698773,5.24
config_CIN32_HIN56_WIN56_COUT32_K3_UFCIN8_UFCOU1_PAD1_STRIDE1_BIASTrue_conv2d_ACTIVATIONrelu_ap_fixed_32_10_,Overall,33222004,0.332 sec,627,36,11458,20573,34.375,7.51,2.0902656158785757,1.43
config_CIN32_HIN56_WIN56_COUT32_K3_UFCIN8_UFCOU8_PAD1_STRIDE1_BIASTrue_conv2d_ACTIVATIONrelu_ap_fixed_32_10_,Overall,7845492,78.455 ms,700,260,12540,30387,38.377192982456144,11.09,2.287653239929947,10.32
config_CIN32_HIN56_WIN56_COUT32_K3_UFCIN8_UFCOU32_PAD1_STRIDE1_BIASTrue_conv2d_ACTIVATIONrelu_ap_fixed_32_10_,Overall,780083,7.801 ms,924,1028,25741,52585,50.6578947368421,19.19,4.695891710449504,40.79
config_CIN32_HIN56_WIN56_COUT32_K3_UFCIN32_UFCOU1_PAD1_STRIDE1_BIASTrue_conv2d_ACTIVATIONrelu_ap_fixed_32_10_,Overall,33080884,0.331 sec,659,132,14557,29867,36.12938596491228,10.9,2.6556115002918856,5.24
config_CIN32_HIN56_WIN56_COUT32_K3_UFCIN32_UFCOU8_PAD1_STRIDE1_BIASTrue_conv2d_ACTIVATIONrelu_ap_fixed_32_10_,Overall,7704372,77.044 ms,924,1028,17914,62599,50.6578947368421,22.84,3.2680239346176294,40.79
config_CIN32_HIN56_WIN56_COUT32_K3_UFCIN32_UFCOU32_PAD1_STRIDE1_BIASTrue_conv2d_ACTIVATIONrelu_ap_fixed_32_10_,Overall,613766,6.138 ms,700,648,87018,145323,38.377192982456144,53.02,15.874562171628723,25.71
config_CIN32_HIN56_WIN56_COUT96_K1_UFCIN1_UFCOU1_PAD1_STRIDE1_BIASTrue_conv2d_ACTIVATIONrelu_ap_fixed_32_10_,Overall,11760250,0.118 sec,1345,13,10758,17387,73.7390350877193,6.34,1.9625656742556916,0.52
config_CIN32_HIN56_WIN56_COUT96_K1_UFCIN1_UFCOU8_PAD1_STRIDE1_BIASTrue_conv2d_ACTIVATIONrelu_ap_fixed_32_10_,Overall,2435243,24.352 ms,1362,43,11349,19913,74.67105263157895,7.27,2.070380910683012,1.71
config_CIN32_HIN56_WIN56_COUT96_K1_UFCIN1_UFCOU32_PAD1_STRIDE1_BIASTrue_conv2d_ACTIVATIONrelu_ap_fixed_32_10_,Overall,1436135,14.361 ms,1498,139,12492,27534,82.12719298245614,10.05,2.2788966725043784,5.52
config_CIN32_HIN56_WIN56_COUT96_K1_UFCIN8_UFCOU1_PAD1_STRIDE1_BIASTrue_conv2d_ACTIVATIONrelu_ap_fixed_32_10_,Overall,12510423,0.125 sec,1387,48,12298,19678,76.04166666666666,7.18,2.2435055458260362,1.9
config_CIN32_HIN56_WIN56_COUT96_K1_UFCIN8_UFCOU8_PAD1_STRIDE1_BIASTrue_conv2d_ACTIVATIONrelu_ap_fixed_32_10_,Overall,3185415,31.854 ms,1460,274,13539,29613,80.04385964912281,10.8,2.469899299474606,10.87
config_CIN32_HIN56_WIN56_COUT96_K1_UFCIN8_UFCOU32_PAD1_STRIDE1_BIASTrue_conv2d_ACTIVATIONrelu_ap_fixed_32_10_,Overall,2186307,21.863 ms,1508,1042,25102,64578,82.67543859649122,23.56,4.579319906596615,41.35
config_CIN32_HIN56_WIN56_COUT96_K1_UFCIN32_UFCOU1_PAD1_STRIDE1_BIASTrue_conv2d_ACTIVATIONrelu_ap_fixed_32_10_,Overall,12493603,0.125 sec,1443,168,17768,27411,79.11184210526315,10.0,3.241389375364857,6.67
config_CIN32_HIN56_WIN56_COUT96_K1_UFCIN32_UFCOU8_PAD1_STRIDE1_BIASTrue_conv2d_ACTIVATIONrelu_ap_fixed_32_10_,Overall,3168595,31.686 ms,1428,1066,29433,62784,78.28947368421053,22.91,5.3694176882662,42.3
config_CIN32_HIN56_WIN56_COUT96_K1_UFCIN32_UFCOU32_PAD1_STRIDE1_BIASTrue_conv2d_ACTIVATIONrelu_ap_fixed_32_10_,Overall,2169487,21.695 ms,1540,4138,65012,179333,84.4298245614035,65.43,11.86004086398132,164.21
config_CIN32_HIN56_WIN56_COUT96_K3_UFCIN1_UFCOU1_PAD1_STRIDE1_BIASTrue_conv2d_ACTIVATIONrelu_ap_fixed_32_10_,Overall,88181619,0.882 sec,1313,8,10558,17907,71.98464912280701,6.53,1.9260799766491536,0.32
config_CIN32_HIN56_WIN56_COUT96_K3_UFCIN1_UFCOU8_PAD1_STRIDE1_BIASTrue_conv2d_ACTIVATIONrelu_ap_fixed_32_10_,Overall,12052084,0.121 sec,1364,36,10986,20414,74.78070175438597,7.45,2.0041593695271454,1.43
config_CIN32_HIN56_WIN56_COUT96_K3_UFCIN1_UFCOU32_PAD1_STRIDE1_BIASTrue_conv2d_ACTIVATIONrelu_ap_fixed_32_10_,Overall,3895348,38.953 ms,1492,132,12100,28064,81.7982456140351,10.24,2.2073847051955635,5.24
config_CIN32_HIN56_WIN56_COUT96_K3_UFCIN8_UFCOU1_PAD1_STRIDE1_BIASTrue_conv2d_ACTIVATIONrelu_ap_fixed_32_10_,Overall,91850740,0.919 sec,1367,36,11503,20714,74.9451754385965,7.56,2.0984748978400467,1.43
config_CIN32_HIN56_WIN56_COUT96_K3_UFCIN8_UFCOU8_PAD1_STRIDE1_BIASTrue_conv2d_ACTIVATIONrelu_ap_fixed_32_10_,Overall,15721204,0.157 sec,1406,260,12702,30705,77.08333333333334,11.2,2.317206654991243,10.32
config_CIN32_HIN56_WIN56_COUT96_K3_UFCIN8_UFCOU32_PAD1_STRIDE1_BIASTrue_conv2d_ACTIVATIONrelu_ap_fixed_32_10_,Overall,7564468,75.645 ms,1726,1028,16058,64031,94.62719298245614,23.36,2.929436660828955,40.79
config_CIN32_HIN56_WIN56_COUT96_K3_UFCIN32_UFCOU1_PAD1_STRIDE1_BIASTrue_conv2d_ACTIVATIONrelu_ap_fixed_32_10_,Overall,91709620,0.917 sec,1399,132,14674,30272,76.69956140350878,11.04,2.6769556333917106,5.24
config_CIN32_HIN56_WIN56_COUT96_K3_UFCIN32_UFCOU8_PAD1_STRIDE1_BIASTrue_conv2d_ACTIVATIONrelu_ap_fixed_32_10_,Overall,15580084,0.156 sec,1630,1028,18484,63745,89.3640350877193,23.26,3.372008172796264,40.79
config_CIN32_HIN56_WIN56_COUT96_K3_UFCIN32_UFCOU32_PAD1_STRIDE1_BIASTrue_conv2d_ACTIVATIONrelu_ap_fixed_32_10_,Overall,7423348,74.233 ms,1502,4100,62288,193409,82.34649122807018,70.57,11.363105662580269,162.7
config_CIN96_HIN14_WIN14_COUT32_K1_UFCIN1_UFCOU1_PAD1_STRIDE1_BIASTrue_conv2d_ACTIVATIONrelu_ap_fixed_32_10_,Overall,844579,8.446 ms,85,8,10442,17192,4.660087719298246,6.27,1.9049182720373612,0.32
config_CIN96_HIN14_WIN14_COUT32_K1_UFCIN1_UFCOU8_PAD1_STRIDE1_BIASTrue_conv2d_ACTIVATIONrelu_ap_fixed_32_10_,Overall,149284,1.493 ms,84,36,10818,19561,4.605263157894736,7.14,1.9735113835376534,1.43
config_CIN96_HIN14_WIN14_COUT32_K1_UFCIN1_UFCOU32_PAD1_STRIDE1_BIASTrue_conv2d_ACTIVATIONrelu_ap_fixed_32_10_,Overall,75299,0.753 ms,124,132,14755,25516,6.798245614035088,9.31,2.6917323409223584,5.24
config_CIN96_HIN14_WIN14_COUT32_K1_UFCIN8_UFCOU1_PAD1_STRIDE1_BIASTrue_conv2d_ACTIVATIONrelu_ap_fixed_32_10_,Overall,945444,9.454 ms,111,36,11335,19319,6.0855263157894735,7.05,2.0678269118505543,1.43
config_CIN96_HIN14_WIN14_COUT32_K1_UFCIN8_UFCOU8_PAD1_STRIDE1_BIASTrue_conv2d_ACTIVATIONrelu_ap_fixed_32_10_,Overall,250148,2.501 ms,166,260,12192,28963,9.100877192982457,10.57,2.224168126094571,10.32
config_CIN96_HIN14_WIN14_COUT32_K1_UFCIN8_UFCOU32_PAD1_STRIDE1_BIASTrue_conv2d_ACTIVATIONrelu_ap_fixed_32_10_,Overall,54307,0.543 ms,118,1028,33703,54035,6.469298245614036,19.72,6.148387332165791,40.79
config_CIN96_HIN14_WIN14_COUT32_K1_UFCIN32_UFCOU1_PAD1_STRIDE1_BIASTrue_conv2d_ACTIVATIONrelu_ap_fixed_32_10_,Overall,943140,9.431 ms,135,132,13991,26160,7.401315789473683,9.54,2.5523569760653824,5.24
config_CIN96_HIN14_WIN14_COUT32_K1_UFCIN32_UFCOU8_PAD1_STRIDE1_BIASTrue_conv2d_ACTIVATIONrelu_ap_fixed_32_10_,Overall,247844,2.478 ms,102,1028,24648,60594,5.592105263157895,22.11,4.496497373029772,40.79
config_CIN96_HIN14_WIN14_COUT32_K1_UFCIN32_UFCOU32_PAD1_STRIDE1_BIASTrue_conv2d_ACTIVATIONrelu_ap_fixed_32_10_,Overall,55587,0.556 ms,118,688,91430,141384,6.469298245614036,51.58,16.679436660828955,27.3
config_CIN96_HIN14_WIN14_COUT32_K3_UFCIN1_UFCOU1_PAD1_STRIDE1_BIASTrue_conv2d_ACTIVATIONrelu_ap_fixed_32_10_,Overall,5501647,55.016 ms,129,8,10456,17709,7.072368421052631,6.46,1.9074722708698189,0.32
config_CIN96_HIN14_WIN14_COUT32_K3_UFCIN1_UFCOU8_PAD1_STRIDE1_BIASTrue_conv2d_ACTIVATIONrelu_ap_fixed_32_10_,Overall,754528,7.545 ms,140,36,10839,20144,7.675438596491229,7.35,1.9773423817863396,1.43
config_CIN96_HIN14_WIN14_COUT32_K3_UFCIN1_UFCOU32_PAD1_STRIDE1_BIASTrue_conv2d_ACTIVATIONrelu_ap_fixed_32_10_,Overall,249435,2.494 ms,156,132,14785,25605,8.552631578947368,9.34,2.697205195563339,5.24
config_CIN96_HIN14_WIN14_COUT32_K3_UFCIN8_UFCOU1_PAD1_STRIDE1_BIASTrue_conv2d_ACTIVATIONrelu_ap_fixed_32_10_,Overall,6196664,61.967 ms,167,36,11355,20815,9.155701754385964,7.59,2.071475481611208,1.43
config_CIN96_HIN14_WIN14_COUT32_K3_UFCIN8_UFCOU8_PAD1_STRIDE1_BIASTrue_conv2d_ACTIVATIONrelu_ap_fixed_32_10_,Overall,1449544,14.495 ms,166,260,12215,30508,9.100877192982457,11.13,2.228363981319323,10.32
config_CIN96_HIN14_WIN14_COUT32_K3_UFCIN8_UFCOU32_PAD1_STRIDE1_BIASTrue_conv2d_ACTIVATIONrelu_ap_fixed_32_10_,Overall,104787,1.048 ms,374,1028,25541,52560,20.50438596491228,19.18,4.6594060128429655,40.79
config_CIN96_HIN14_WIN14_COUT32_K3_UFCIN32_UFCOU1_PAD1_STRIDE1_BIASTrue_conv2d_ACTIVATIONrelu_ap_fixed_32_10_,Overall,6180788,61.808 ms,167,132,14011,31120,9.155701754385964,11.35,2.5560055458260362,5.24
config_CIN96_HIN14_WIN14_COUT32_K3_UFCIN32_UFCOU8_PAD1_STRIDE1_BIASTrue_conv2d_ACTIVATIONrelu_ap_fixed_32_10_,Overall,1433668,14.337 ms,358,1028,16479,63353,19.62719298245614,23.11,3.006239054290718,40.79
config_CIN96_HIN14_WIN14_COUT32_K3_UFCIN32_UFCOU32_PAD1_STRIDE1_BIASTrue_conv2d_ACTIVATIONrelu_ap_fixed_32_10_,Overall,113607,1.136 ms,118,688,91457,153685,6.469298245614036,56.07,16.684362230005835,27.3
config_CIN96_HIN14_WIN14_COUT96_K1_UFCIN1_UFCOU1_PAD1_STRIDE1_BIASTrue_conv2d_ACTIVATIONrelu_ap_fixed_32_10_,Overall,2493859,24.939 ms,155,8,10463,17284,8.49780701754386,6.31,1.908749270286048,0.32
config_CIN96_HIN14_WIN14_COUT96_K1_UFCIN1_UFCOU8_PAD1_STRIDE1_BIASTrue_conv2d_ACTIVATIONrelu_ap_fixed_32_10_,Overall,407972,4.080 ms,184,36,10859,19738,10.087719298245613,7.2,1.9809909515469935,1.43
config_CIN96_HIN14_WIN14_COUT96_K1_UFCIN1_UFCOU32_PAD1_STRIDE1_BIASTrue_conv2d_ACTIVATIONrelu_ap_fixed_32_10_,Overall,184484,1.845 ms,184,132,11872,27351,10.087719298245613,9.98,2.1657910099241096,5.24
config_CIN96_HIN14_WIN14_COUT96_K1_UFCIN8_UFCOU1_PAD1_STRIDE1_BIASTrue_conv2d_ACTIVATIONrelu_ap_fixed_32_10_,Overall,2594724,25.947 ms,191,36,11375,19399,10.471491228070176,7.08,2.0751240513718625,1.43
config_CIN96_HIN14_WIN14_COUT96_K1_UFCIN8_UFCOU8_PAD1_STRIDE1_BIASTrue_conv2d_ACTIVATIONrelu_ap_fixed_32_10_,Overall,508836,5.088 ms,242,260,12352,29352,13.267543859649123,10.71,2.2533566841798014,10.32
config_CIN96_HIN14_WIN14_COUT96_K1_UFCIN8_UFCOU32_PAD1_STRIDE1_BIASTrue_conv2d_ACTIVATIONrelu_ap_fixed_32_10_,Overall,285348,2.853 ms,434,1028,14935,62657,23.793859649122805,22.86,2.724569468768243,40.79
config_CIN96_HIN14_WIN14_COUT96_K1_UFCIN32_UFCOU1_PAD1_STRIDE1_BIASTrue_conv2d_ACTIVATIONrelu_ap_fixed_32_10_,Overall,2592420,25.924 ms,191,132,14103,26414,10.471491228070176,9.64,2.572788966725044,5.24
config_CIN96_HIN14_WIN14_COUT96_K1_UFCIN32_UFCOU8_PAD1_STRIDE1_BIASTrue_conv2d_ACTIVATIONrelu_ap_fixed_32_10_,Overall,506532,5.065 ms,434,1028,17024,60095,23.793859649122805,21.93,3.1056625802685347,40.79
config_CIN96_HIN14_WIN14_COUT96_K1_UFCIN32_UFCOU32_PAD1_STRIDE1_BIASTrue_conv2d_ACTIVATIONrelu_ap_fixed_32_10_,Overall,283044,2.830 ms,178,4100,57751,180840,9.758771929824562,65.98,10.53542761237595,162.7
config_CIN96_HIN14_WIN14_COUT96_K3_UFCIN1_UFCOU1_PAD1_STRIDE1_BIASTrue_conv2d_ACTIVATIONrelu_ap_fixed_32_10_,Overall,16449871,0.164 sec,273,8,10484,17783,14.967105263157896,6.49,1.9125802685347342,0.32
config_CIN96_HIN14_WIN14_COUT96_K3_UFCIN1_UFCOU8_PAD1_STRIDE1_BIASTrue_conv2d_ACTIVATIONrelu_ap_fixed_32_10_,Overall,2208512,22.085 ms,338,36,10883,20342,18.530701754385966,7.42,1.985369235259778,1.43
config_CIN96_HIN14_WIN14_COUT96_K3_UFCIN1_UFCOU32_PAD1_STRIDE1_BIASTrue_conv2d_ACTIVATIONrelu_ap_fixed_32_10_,Overall,682652,6.827 ms,402,132,11900,27932,22.039473684210524,10.19,2.170899007589025,5.24
config_CIN96_HIN14_WIN14_COUT96_K3_UFCIN8_UFCOU1_PAD1_STRIDE1_BIASTrue_conv2d_ACTIVATIONrelu_ap_fixed_32_10_,Overall,17144888,0.171 sec,339,36,11402,20827,18.585526315789476,7.6,2.0800496205487446,1.43
config_CIN96_HIN14_WIN14_COUT96_K3_UFCIN8_UFCOU8_PAD1_STRIDE1_BIASTrue_conv2d_ACTIVATIONrelu_ap_fixed_32_10_,Overall,2903528,29.035 ms,428,260,12378,30956,23.464912280701753,11.29,2.2580998248686512,10.32
config_CIN96_HIN14_WIN14_COUT96_K3_UFCIN8_UFCOU32_PAD1_STRIDE1_BIASTrue_conv2d_ACTIVATIONrelu_ap_fixed_32_10_,Overall,1377668,13.777 ms,428,1028,14965,64200,23.464912280701753,23.42,2.7300423234092235,40.79
config_CIN96_HIN14_WIN14_COUT96_K3_UFCIN32_UFCOU1_PAD1_STRIDE1_BIASTrue_conv2d_ACTIVATIONrelu_ap_fixed_32_10_,Overall,17129012,0.171 sec,403,132,14130,31154,22.094298245614034,11.37,2.5777145359019262,5.24
config_CIN96_HIN14_WIN14_COUT96_K3_UFCIN32_UFCOU8_PAD1_STRIDE1_BIASTrue_conv2d_ACTIVATIONrelu_ap_fixed_32_10_,Overall,2887652,28.877 ms,428,1028,17050,65061,23.464912280701753,23.74,3.110405720957385,40.79
config_CIN96_HIN14_WIN14_COUT96_K3_UFCIN32_UFCOU32_PAD1_STRIDE1_BIASTrue_conv2d_ACTIVATIONrelu_ap_fixed_32_10_,Overall,1361792,13.618 ms,1196,4100,25013,180013,65.5701754385965,65.68,4.563083771161704,162.7
config_CIN96_HIN14_WIN28_COUT32_K1_UFCIN1_UFCOU1_PAD1_STRIDE1_BIASTrue_conv2d_ACTIVATIONrelu_ap_fixed_32_10_,Overall,1581091,15.811 ms,147,8,10452,17280,8.05921052631579,6.3,1.9067425569176881,0.32
config_CIN96_HIN14_WIN28_COUT32_K1_UFCIN1_UFCOU8_PAD1_STRIDE1_BIASTrue_conv2d_ACTIVATIONrelu_ap_fixed_32_10_,Overall,277412,2.774 ms,148,36,10844,19695,8.114035087719298,7.19,1.9782545242265033,1.43
config_CIN96_HIN14_WIN28_COUT32_K1_UFCIN1_UFCOU32_PAD1_STRIDE1_BIASTrue_conv2d_ACTIVATIONrelu_ap_fixed_32_10_,Overall,138691,1.387 ms,172,132,14807,25644,9.429824561403509,9.36,2.7012186223000585,5.24
config_CIN96_HIN14_WIN28_COUT32_K1_UFCIN8_UFCOU1_PAD1_STRIDE1_BIASTrue_conv2d_ACTIVATIONrelu_ap_fixed_32_10_,Overall,1770212,17.702 ms,187,36,11353,19631,10.25219298245614,7.16,2.0711106246351427,1.43
config_CIN96_HIN14_WIN28_COUT32_K1_UFCIN8_UFCOU8_PAD1_STRIDE1_BIASTrue_conv2d_ACTIVATIONrelu_ap_fixed_32_10_,Overall,466532,4.665 ms,244,260,12275,29335,13.37719298245614,10.7,2.239309690601284,10.32
config_CIN96_HIN14_WIN28_COUT32_K1_UFCIN8_UFCOU32_PAD1_STRIDE1_BIASTrue_conv2d_ACTIVATIONrelu_ap_fixed_32_10_,Overall,99331,0.993 ms,180,1028,33756,54163,9.868421052631579,19.76,6.158056042031523,40.79
config_CIN96_HIN14_WIN28_COUT32_K1_UFCIN32_UFCOU1_PAD1_STRIDE1_BIASTrue_conv2d_ACTIVATIONrelu_ap_fixed_32_10_,Overall,1765892,17.659 ms,227,132,14033,27236,12.445175438596491,9.94,2.560018972562755,5.24
config_CIN96_HIN14_WIN28_COUT32_K1_UFCIN32_UFCOU8_PAD1_STRIDE1_BIASTrue_conv2d_ACTIVATIONrelu_ap_fixed_32_10_,Overall,462212,4.622 ms,196,1028,24923,61778,10.74561403508772,22.54,4.546665207238763,40.79
config_CIN96_HIN14_WIN28_COUT32_K1_UFCIN32_UFCOU32_PAD1_STRIDE1_BIASTrue_conv2d_ACTIVATIONrelu_ap_fixed_32_10_,Overall,101731,1.017 ms,196,688,91482,141508,10.74561403508772,51.63,16.688922942206656,27.3
config_CIN96_HIN14_WIN28_COUT32_K3_UFCIN1_UFCOU1_PAD1_STRIDE1_BIASTrue_conv2d_ACTIVATIONrelu_ap_fixed_32_10_,Overall,10973183,0.110 sec,187,8,10477,17728,10.25219298245614,6.47,1.9113032691185055,0.32
config_CIN96_HIN14_WIN28_COUT32_K3_UFCIN1_UFCOU8_PAD1_STRIDE1_BIASTrue_conv2d_ACTIVATIONrelu_ap_fixed_32_10_,Overall,1478944,14.789 ms,202,36,10867,20160,11.074561403508772,7.36,1.982450379451255,1.43
config_CIN96_HIN14_WIN28_COUT32_K3_UFCIN1_UFCOU32_PAD1_STRIDE1_BIASTrue_conv2d_ACTIVATIONrelu_ap_fixed_32_10_,Overall,468759,4.688 ms,202,132,14836,25621,11.074561403508772,9.35,2.7065090484530065,5.24
config_CIN96_HIN14_WIN28_COUT32_K3_UFCIN8_UFCOU1_PAD1_STRIDE1_BIASTrue_conv2d_ACTIVATIONrelu_ap_fixed_32_10_,Overall,12363216,0.124 sec,239,36,11384,20820,13.103070175438598,7.6,2.0767659077641563,1.43
config_CIN96_HIN14_WIN28_COUT32_K3_UFCIN8_UFCOU8_PAD1_STRIDE1_BIASTrue_conv2d_ACTIVATIONrelu_ap_fixed_32_10_,Overall,2868976,28.690 ms,242,260,12300,30510,13.267543859649123,11.13,2.2438704028021017,10.32
config_CIN96_HIN14_WIN28_COUT32_K3_UFCIN8_UFCOU32_PAD1_STRIDE1_BIASTrue_conv2d_ACTIVATIONrelu_ap_fixed_32_10_,Overall,179463,1.795 ms,434,1028,25593,52576,23.793859649122805,19.18,4.668892294220665,40.79
config_CIN96_HIN14_WIN28_COUT32_K3_UFCIN32_UFCOU1_PAD1_STRIDE1_BIASTrue_conv2d_ACTIVATIONrelu_ap_fixed_32_10_,Overall,12331464,0.123 sec,255,132,14064,31073,13.980263157894738,11.34,2.5656742556917687,5.24
config_CIN96_HIN14_WIN28_COUT32_K3_UFCIN32_UFCOU8_PAD1_STRIDE1_BIASTrue_conv2d_ACTIVATIONrelu_ap_fixed_32_10_,Overall,2837224,28.372 ms,450,1028,16756,63303,24.671052631578945,23.1,3.0567717454757735,40.79
config_CIN96_HIN14_WIN28_COUT32_K3_UFCIN32_UFCOU32_PAD1_STRIDE1_BIASTrue_conv2d_ACTIVATIONrelu_ap_fixed_32_10_,Overall,197103,1.971 ms,194,688,91508,153697,10.635964912280702,56.08,16.693666082895504,27.3
config_CIN96_HIN14_WIN28_COUT96_K1_UFCIN1_UFCOU1_PAD1_STRIDE1_BIASTrue_conv2d_ACTIVATIONrelu_ap_fixed_32_10_,Overall,4663971,46.640 ms,273,8,10480,17369,14.967105263157896,6.34,1.9118505545826034,0.32
config_CIN96_HIN14_WIN28_COUT96_K1_UFCIN1_UFCOU8_PAD1_STRIDE1_BIASTrue_conv2d_ACTIVATIONrelu_ap_fixed_32_10_,Overall,752932,7.529 ms,308,36,10890,19867,16.885964912280702,7.25,1.986646234676007,1.43
config_CIN96_HIN14_WIN28_COUT96_K1_UFCIN1_UFCOU32_PAD1_STRIDE1_BIASTrue_conv2d_ACTIVATIONrelu_ap_fixed_32_10_,Overall,333892,3.339 ms,324,132,11925,27488,17.763157894736842,10.03,2.1754597197898424,5.24
config_CIN96_HIN14_WIN28_COUT96_K1_UFCIN8_UFCOU1_PAD1_STRIDE1_BIASTrue_conv2d_ACTIVATIONrelu_ap_fixed_32_10_,Overall,4853092,48.531 ms,323,36,11400,19708,17.708333333333336,7.19,2.0796847635726796,1.43
config_CIN96_HIN14_WIN28_COUT96_K1_UFCIN8_UFCOU8_PAD1_STRIDE1_BIASTrue_conv2d_ACTIVATIONrelu_ap_fixed_32_10_,Overall,942052,9.421 ms,380,260,12440,29719,20.833333333333336,10.84,2.2694103911266783,10.32
config_CIN96_HIN14_WIN28_COUT96_K1_UFCIN8_UFCOU32_PAD1_STRIDE1_BIASTrue_conv2d_ACTIVATIONrelu_ap_fixed_32_10_,Overall,523012,5.230 ms,588,1028,15213,63032,32.23684210526316,23.0,2.7752845884413313,40.79
config_CIN96_HIN14_WIN28_COUT96_K1_UFCIN32_UFCOU1_PAD1_STRIDE1_BIASTrue_conv2d_ACTIVATIONrelu_ap_fixed_32_10_,Overall,4848772,48.488 ms,339,132,14152,27487,18.585526315789476,10.03,2.5817279626386456,5.24
config_CIN96_HIN14_WIN28_COUT96_K1_UFCIN32_UFCOU8_PAD1_STRIDE1_BIASTrue_conv2d_ACTIVATIONrelu_ap_fixed_32_10_,Overall,937732,9.377 ms,588,1028,17304,61274,32.23684210526316,22.36,3.1567425569176883,40.79
config_CIN96_HIN14_WIN28_COUT96_K1_UFCIN32_UFCOU32_PAD1_STRIDE1_BIASTrue_conv2d_ACTIVATIONrelu_ap_fixed_32_10_,Overall,518692,5.187 ms,348,4100,58797,182027,19.078947368421055,66.41,10.726247810858142,162.7
config_CIN96_HIN14_WIN28_COUT96_K3_UFCIN1_UFCOU1_PAD1_STRIDE1_BIASTrue_conv2d_ACTIVATIONrelu_ap_fixed_32_10_,Overall,32809599,0.328 sec,375,8,10505,17813,20.559210526315788,6.5,1.9164112667834208,0.32
config_CIN96_HIN14_WIN28_COUT96_K3_UFCIN1_UFCOU8_PAD1_STRIDE1_BIASTrue_conv2d_ACTIVATIONrelu_ap_fixed_32_10_,Overall,4326880,43.269 ms,454,36,10911,20372,24.890350877192983,7.43,1.9904772329246936,1.43
config_CIN96_HIN14_WIN28_COUT96_K3_UFCIN1_UFCOU32_PAD1_STRIDE1_BIASTrue_conv2d_ACTIVATIONrelu_ap_fixed_32_10_,Overall,1275160,12.752 ms,534,132,11952,27952,29.276315789473685,10.2,2.180385288966725,5.24
config_CIN96_HIN14_WIN28_COUT96_K3_UFCIN8_UFCOU1_PAD1_STRIDE1_BIASTrue_conv2d_ACTIVATIONrelu_ap_fixed_32_10_,Overall,34199632,0.342 sec,455,36,11431,20857,24.945175438596493,7.61,2.085340046701693,1.43
config_CIN96_HIN14_WIN28_COUT96_K3_UFCIN8_UFCOU8_PAD1_STRIDE1_BIASTrue_conv2d_ACTIVATIONrelu_ap_fixed_32_10_,Overall,5716912,57.169 ms,558,260,12463,30986,30.592105263157894,11.31,2.27360624635143,10.32
config_CIN96_HIN14_WIN28_COUT96_K3_UFCIN8_UFCOU32_PAD1_STRIDE1_BIASTrue_conv2d_ACTIVATIONrelu_ap_fixed_32_10_,Overall,2665192,26.652 ms,574,1028,15242,64206,31.469298245614034,23.43,2.780575014594279,40.79
config_CIN96_HIN14_WIN28_COUT96_K3_UFCIN32_UFCOU1_PAD1_STRIDE1_BIASTrue_conv2d_ACTIVATIONrelu_ap_fixed_32_10_,Overall,34167880,0.342 sec,535,132,14183,31180,29.331140350877195,11.38,2.587383245767659,5.24
config_CIN96_HIN14_WIN28_COUT96_K3_UFCIN32_UFCOU8_PAD1_STRIDE1_BIASTrue_conv2d_ACTIVATIONrelu_ap_fixed_32_10_,Overall,5685160,56.852 ms,574,1028,17327,65087,31.469298245614034,23.75,3.1609384121424404,40.79
config_CIN96_HIN14_WIN28_COUT96_K3_UFCIN32_UFCOU32_PAD1_STRIDE1_BIASTrue_conv2d_ACTIVATIONrelu_ap_fixed_32_10_,Overall,2633440,26.334 ms,1358,4100,26058,179967,74.4517543859649,65.66,4.753721541155867,162.7
config_CIN96_HIN14_WIN56_COUT32_K1_UFCIN1_UFCOU1_PAD1_STRIDE1_BIASTrue_conv2d_ACTIVATIONrelu_ap_fixed_32_10_,Overall,3056906,30.569 ms,265,13,10766,17157,14.528508771929824,6.26,1.9640251021599533,0.52
config_CIN96_HIN14_WIN56_COUT32_K1_UFCIN1_UFCOU8_PAD1_STRIDE1_BIASTrue_conv2d_ACTIVATIONrelu_ap_fixed_32_10_,Overall,536459,5.365 ms,272,43,11203,19537,14.912280701754385,7.13,2.043746351430239,1.71
config_CIN96_HIN14_WIN56_COUT32_K1_UFCIN1_UFCOU32_PAD1_STRIDE1_BIASTrue_conv2d_ACTIVATIONrelu_ap_fixed_32_10_,Overall,265482,2.655 ms,296,138,15081,25523,16.228070175438596,9.31,2.7512040280210157,5.48
config_CIN96_HIN14_WIN56_COUT32_K1_UFCIN8_UFCOU1_PAD1_STRIDE1_BIASTrue_conv2d_ACTIVATIONrelu_ap_fixed_32_10_,Overall,3687019,36.870 ms,303,48,12129,19445,16.611842105263158,7.09,2.212675131348511,1.9
config_CIN96_HIN14_WIN56_COUT32_K1_UFCIN8_UFCOU8_PAD1_STRIDE1_BIASTrue_conv2d_ACTIVATIONrelu_ap_fixed_32_10_,Overall,1166571,11.666 ms,366,274,13186,29132,20.065789473684212,10.63,2.405502043199066,10.87
config_CIN96_HIN14_WIN56_COUT32_K1_UFCIN8_UFCOU32_PAD1_STRIDE1_BIASTrue_conv2d_ACTIVATIONrelu_ap_fixed_32_10_,Overall,189386,1.894 ms,302,1034,34031,54034,16.557017543859647,19.71,6.208223876240513,41.03
config_CIN96_HIN14_WIN56_COUT32_K1_UFCIN32_UFCOU1_PAD1_STRIDE1_BIASTrue_conv2d_ACTIVATIONrelu_ap_fixed_32_10_,Overall,3678667,36.787 ms,407,168,16801,27054,22.313596491228072,9.87,3.0649810274372444,6.67
config_CIN96_HIN14_WIN56_COUT32_K1_UFCIN32_UFCOU8_PAD1_STRIDE1_BIASTrue_conv2d_ACTIVATIONrelu_ap_fixed_32_10_,Overall,1158219,11.582 ms,382,1066,27930,61531,20.942982456140353,22.45,5.095227670753065,42.3
config_CIN96_HIN14_WIN56_COUT32_K1_UFCIN32_UFCOU32_PAD1_STRIDE1_BIASTrue_conv2d_ACTIVATIONrelu_ap_fixed_32_10_,Overall,194026,1.940 ms,382,694,91756,141383,20.942982456140353,51.58,16.738908347927612,27.54
config_CIN96_HIN14_WIN56_COUT32_K3_UFCIN1_UFCOU1_PAD1_STRIDE1_BIASTrue_conv2d_ACTIVATIONrelu_ap_fixed_32_10_,Overall,21916255,0.219 sec,297,8,10499,17755,16.282894736842106,6.48,1.9153166958552248,0.32
config_CIN96_HIN14_WIN56_COUT32_K3_UFCIN1_UFCOU8_PAD1_STRIDE1_BIASTrue_conv2d_ACTIVATIONrelu_ap_fixed_32_10_,Overall,2927776,29.278 ms,322,36,10895,20205,17.653508771929825,7.37,1.9875583771161707,1.43
config_CIN96_HIN14_WIN56_COUT32_K3_UFCIN1_UFCOU32_PAD1_STRIDE1_BIASTrue_conv2d_ACTIVATIONrelu_ap_fixed_32_10_,Overall,907407,9.074 ms,322,132,14888,25638,17.653508771929825,9.35,2.7159953298307062,5.24
config_CIN96_HIN14_WIN56_COUT32_K3_UFCIN8_UFCOU1_PAD1_STRIDE1_BIASTrue_conv2d_ACTIVATIONrelu_ap_fixed_32_10_,Overall,24696320,0.247 sec,347,36,11414,20839,19.024122807017545,7.6,2.082238762405137,1.43
config_CIN96_HIN14_WIN56_COUT32_K3_UFCIN8_UFCOU8_PAD1_STRIDE1_BIASTrue_conv2d_ACTIVATIONrelu_ap_fixed_32_10_,Overall,5707840,57.078 ms,360,260,12385,30547,19.736842105263158,11.15,2.2593768242848804,10.32
config_CIN96_HIN14_WIN56_COUT32_K3_UFCIN8_UFCOU32_PAD1_STRIDE1_BIASTrue_conv2d_ACTIVATIONrelu_ap_fixed_32_10_,Overall,328815,3.288 ms,552,1028,25646,52585,30.263157894736842,19.19,4.678561004086398,40.79
config_CIN96_HIN14_WIN56_COUT32_K3_UFCIN32_UFCOU1_PAD1_STRIDE1_BIASTrue_conv2d_ACTIVATIONrelu_ap_fixed_32_10_,Overall,24632816,0.246 sec,427,132,14118,31096,23.410087719298247,11.35,2.5755253940455343,5.24
config_CIN96_HIN14_WIN56_COUT32_K3_UFCIN32_UFCOU8_PAD1_STRIDE1_BIASTrue_conv2d_ACTIVATIONrelu_ap_fixed_32_10_,Overall,5644336,56.443 ms,632,1028,17033,63344,34.64912280701755,23.11,3.107304436660829,40.79
config_CIN96_HIN14_WIN56_COUT32_K3_UFCIN32_UFCOU32_PAD1_STRIDE1_BIASTrue_conv2d_ACTIVATIONrelu_ap_fixed_32_10_,Overall,364095,3.641 ms,376,688,91560,153710,20.614035087719298,56.08,16.703152364273205,27.3
config_CIN96_HIN14_WIN56_COUT96_K1_UFCIN1_UFCOU1_PAD1_STRIDE1_BIASTrue_conv2d_ACTIVATIONrelu_ap_fixed_32_10_,Overall,9006986,90.070 ms,487,13,10726,17228,26.69956140350877,6.29,1.9567279626386456,0.52
config_CIN96_HIN14_WIN56_COUT96_K1_UFCIN1_UFCOU8_PAD1_STRIDE1_BIASTrue_conv2d_ACTIVATIONrelu_ap_fixed_32_10_,Overall,1445643,14.456 ms,528,43,11254,19672,28.947368421052634,7.18,2.0530502043199066,1.71
config_CIN96_HIN14_WIN56_COUT96_K1_UFCIN1_UFCOU32_PAD1_STRIDE1_BIASTrue_conv2d_ACTIVATIONrelu_ap_fixed_32_10_,Overall,635499,6.355 ms,592,139,12340,27328,32.45614035087719,9.97,2.251167542323409,5.52
config_CIN96_HIN14_WIN56_COUT96_K1_UFCIN8_UFCOU1_PAD1_STRIDE1_BIASTrue_conv2d_ACTIVATIONrelu_ap_fixed_32_10_,Overall,9637099,96.371 ms,535,48,12184,19536,29.331140350877195,7.13,2.2227086981903095,1.9
config_CIN96_HIN14_WIN56_COUT96_K1_UFCIN8_UFCOU8_PAD1_STRIDE1_BIASTrue_conv2d_ACTIVATIONrelu_ap_fixed_32_10_,Overall,2075755,20.758 ms,598,274,13370,29479,32.78508771929825,10.76,2.439068884997081,10.87
config_CIN96_HIN14_WIN56_COUT96_K1_UFCIN8_UFCOU32_PAD1_STRIDE1_BIASTrue_conv2d_ACTIVATIONrelu_ap_fixed_32_10_,Overall,1265611,12.656 ms,854,1042,16348,62827,46.82017543859649,22.92,2.9823409223584356,41.35
config_CIN96_HIN14_WIN56_COUT96_K1_UFCIN32_UFCOU1_PAD1_STRIDE1_BIASTrue_conv2d_ACTIVATIONrelu_ap_fixed_32_10_,Overall,9628747,96.287 ms,615,168,16984,27319,33.71710526315789,9.97,3.098365440747227,6.67
config_CIN96_HIN14_WIN56_COUT96_K1_UFCIN32_UFCOU8_PAD1_STRIDE1_BIASTrue_conv2d_ACTIVATIONrelu_ap_fixed_32_10_,Overall,2067403,20.674 ms,870,1066,20378,60990,47.69736842105263,22.25,3.7175277291301807,42.3
config_CIN96_HIN14_WIN56_COUT96_K1_UFCIN32_UFCOU32_PAD1_STRIDE1_BIASTrue_conv2d_ACTIVATIONrelu_ap_fixed_32_10_,Overall,1257259,12.573 ms,678,4138,62604,181778,37.17105263157895,66.32,11.420753064798598,164.21
config_CIN96_HIN14_WIN56_COUT96_K3_UFCIN1_UFCOU1_PAD1_STRIDE1_BIASTrue_conv2d_ACTIVATIONrelu_ap_fixed_32_10_,Overall,65529055,0.655 sec,573,8,10526,17868,31.414473684210524,6.52,1.9202422650321076,0.32
config_CIN96_HIN14_WIN56_COUT96_K3_UFCIN1_UFCOU8_PAD1_STRIDE1_BIASTrue_conv2d_ACTIVATIONrelu_ap_fixed_32_10_,Overall,8563616,85.636 ms,650,36,10939,20411,35.635964912280706,7.45,1.995585230589609,1.43
config_CIN96_HIN14_WIN56_COUT96_K3_UFCIN1_UFCOU32_PAD1_STRIDE1_BIASTrue_conv2d_ACTIVATIONrelu_ap_fixed_32_10_,Overall,2460176,24.602 ms,794,132,12004,28001,43.530701754385966,10.22,2.189871570344425,5.24
config_CIN96_HIN14_WIN56_COUT96_K3_UFCIN8_UFCOU1_PAD1_STRIDE1_BIASTrue_conv2d_ACTIVATIONrelu_ap_fixed_32_10_,Overall,68309120,0.683 sec,651,36,11460,20918,35.69078947368421,7.63,2.090630472854641,1.43
config_CIN96_HIN14_WIN56_COUT96_K3_UFCIN8_UFCOU8_PAD1_STRIDE1_BIASTrue_conv2d_ACTIVATIONrelu_ap_fixed_32_10_,Overall,11343680,0.113 sec,752,260,12548,31003,41.228070175438596,11.31,2.2891126678342086,10.32
config_CIN96_HIN14_WIN56_COUT96_K3_UFCIN8_UFCOU32_PAD1_STRIDE1_BIASTrue_conv2d_ACTIVATIONrelu_ap_fixed_32_10_,Overall,5240240,52.402 ms,832,1028,15519,64247,45.614035087719294,23.44,2.8311077057793343,40.79
config_CIN96_HIN14_WIN56_COUT96_K3_UFCIN32_UFCOU1_PAD1_STRIDE1_BIASTrue_conv2d_ACTIVATIONrelu_ap_fixed_32_10_,Overall,68245616,0.682 sec,795,132,14236,31293,43.58552631578947,11.42,2.5970519556333915,5.24
config_CIN96_HIN14_WIN56_COUT96_K3_UFCIN32_UFCOU8_PAD1_STRIDE1_BIASTrue_conv2d_ACTIVATIONrelu_ap_fixed_32_10_,Overall,11280176,0.113 sec,832,1028,17604,65060,45.614035087719294,23.74,3.2114711033274954,40.79
config_CIN96_HIN14_WIN56_COUT96_K3_UFCIN32_UFCOU32_PAD1_STRIDE1_BIASTrue_conv2d_ACTIVATIONrelu_ap_fixed_32_10_,Overall,5176736,51.767 ms,1680,4100,27103,180012,92.10526315789474,65.68,4.944359311150029,162.7
config_CIN96_HIN28_WIN14_COUT32_K1_UFCIN1_UFCOU1_PAD1_STRIDE1_BIASTrue_conv2d_ACTIVATIONrelu_ap_fixed_32_10_,Overall,1581119,15.811 ms,147,8,10455,17298,8.05921052631579,6.31,1.9072898423817863,0.32
config_CIN96_HIN28_WIN14_COUT32_K1_UFCIN1_UFCOU8_PAD1_STRIDE1_BIASTrue_conv2d_ACTIVATIONrelu_ap_fixed_32_10_,Overall,277440,2.774 ms,148,36,10840,19715,8.114035087719298,7.19,1.9775248102743725,1.43
config_CIN96_HIN28_WIN14_COUT32_K1_UFCIN1_UFCOU32_PAD1_STRIDE1_BIASTrue_conv2d_ACTIVATIONrelu_ap_fixed_32_10_,Overall,138719,1.387 ms,172,132,14797,25567,9.429824561403509,9.33,2.6993943374197316,5.24
config_CIN96_HIN28_WIN14_COUT32_K1_UFCIN8_UFCOU1_PAD1_STRIDE1_BIASTrue_conv2d_ACTIVATIONrelu_ap_fixed_32_10_,Overall,1770240,17.702 ms,187,36,11357,19675,10.25219298245614,7.18,2.0718403385872737,1.43
config_CIN96_HIN28_WIN14_COUT32_K1_UFCIN8_UFCOU8_PAD1_STRIDE1_BIASTrue_conv2d_ACTIVATIONrelu_ap_fixed_32_10_,Overall,466560,4.666 ms,244,260,12272,29339,13.37719298245614,10.7,2.2387624051371864,10.32
config_CIN96_HIN28_WIN14_COUT32_K1_UFCIN8_UFCOU32_PAD1_STRIDE1_BIASTrue_conv2d_ACTIVATIONrelu_ap_fixed_32_10_,Overall,99359,0.994 ms,180,1028,33746,54084,9.868421052631579,19.73,6.156231757151197,40.79
config_CIN96_HIN28_WIN14_COUT32_K1_UFCIN32_UFCOU1_PAD1_STRIDE1_BIASTrue_conv2d_ACTIVATIONrelu_ap_fixed_32_10_,Overall,1765920,17.659 ms,227,132,14037,27384,12.445175438596491,9.99,2.560748686514886,5.24
config_CIN96_HIN28_WIN14_COUT32_K1_UFCIN32_UFCOU8_PAD1_STRIDE1_BIASTrue_conv2d_ACTIVATIONrelu_ap_fixed_32_10_,Overall,462240,4.622 ms,196,1028,24920,61742,10.74561403508772,22.53,4.546117921774664,40.79
config_CIN96_HIN28_WIN14_COUT32_K1_UFCIN32_UFCOU32_PAD1_STRIDE1_BIASTrue_conv2d_ACTIVATIONrelu_ap_fixed_32_10_,Overall,101759,1.018 ms,196,688,91472,141437,10.74561403508772,51.6,16.687098657326327,27.3
config_CIN96_HIN28_WIN14_COUT32_K3_UFCIN1_UFCOU1_PAD1_STRIDE1_BIASTrue_conv2d_ACTIVATIONrelu_ap_fixed_32_10_,Overall,10973211,0.110 sec,187,8,10477,17724,10.25219298245614,6.47,1.9113032691185055,0.32
config_CIN96_HIN28_WIN14_COUT32_K3_UFCIN1_UFCOU8_PAD1_STRIDE1_BIASTrue_conv2d_ACTIVATIONrelu_ap_fixed_32_10_,Overall,1478972,14.790 ms,202,36,10867,20187,11.074561403508772,7.37,1.982450379451255,1.43
config_CIN96_HIN28_WIN14_COUT32_K3_UFCIN1_UFCOU32_PAD1_STRIDE1_BIASTrue_conv2d_ACTIVATIONrelu_ap_fixed_32_10_,Overall,468787,4.688 ms,202,132,14837,25626,11.074561403508772,9.35,2.706691476941039,5.24
config_CIN96_HIN28_WIN14_COUT32_K3_UFCIN8_UFCOU1_PAD1_STRIDE1_BIASTrue_conv2d_ACTIVATIONrelu_ap_fixed_32_10_,Overall,12363244,0.124 sec,239,36,11385,20816,13.103070175438598,7.59,2.0769483362521894,1.43
config_CIN96_HIN28_WIN14_COUT32_K3_UFCIN8_UFCOU8_PAD1_STRIDE1_BIASTrue_conv2d_ACTIVATIONrelu_ap_fixed_32_10_,Overall,2869004,28.690 ms,242,260,12301,30577,13.267543859649123,11.16,2.244052831290134,10.32
config_CIN96_HIN28_WIN14_COUT32_K3_UFCIN8_UFCOU32_PAD1_STRIDE1_BIASTrue_conv2d_ACTIVATIONrelu_ap_fixed_32_10_,Overall,179491,1.795 ms,434,1028,25594,52579,23.793859649122805,19.18,4.6690747227086975,40.79
config_CIN96_HIN28_WIN14_COUT32_K3_UFCIN32_UFCOU1_PAD1_STRIDE1_BIASTrue_conv2d_ACTIVATIONrelu_ap_fixed_32_10_,Overall,12331492,0.123 sec,255,132,14065,31077,13.980263157894738,11.34,2.5658566841798014,5.24
config_CIN96_HIN28_WIN14_COUT32_K3_UFCIN32_UFCOU8_PAD1_STRIDE1_BIASTrue_conv2d_ACTIVATIONrelu_ap_fixed_32_10_,Overall,2837252,28.373 ms,450,1028,16757,63522,24.671052631578945,23.18,3.056954173963806,40.79
config_CIN96_HIN28_WIN14_COUT32_K3_UFCIN32_UFCOU32_PAD1_STRIDE1_BIASTrue_conv2d_ACTIVATIONrelu_ap_fixed_32_10_,Overall,197131,1.971 ms,194,688,91509,153708,10.635964912280702,56.08,16.69384851138354,27.3
config_CIN96_HIN28_WIN14_COUT96_K1_UFCIN1_UFCOU1_PAD1_STRIDE1_BIASTrue_conv2d_ACTIVATIONrelu_ap_fixed_32_10_,Overall,4663999,46.640 ms,273,8,10478,17405,14.967105263157896,6.35,1.9114856976065382,0.32
config_CIN96_HIN28_WIN14_COUT96_K1_UFCIN1_UFCOU8_PAD1_STRIDE1_BIASTrue_conv2d_ACTIVATIONrelu_ap_fixed_32_10_,Overall,752960,7.530 ms,308,36,10884,19911,16.885964912280702,7.26,1.9855516637478108,1.43
config_CIN96_HIN28_WIN14_COUT96_K1_UFCIN1_UFCOU32_PAD1_STRIDE1_BIASTrue_conv2d_ACTIVATIONrelu_ap_fixed_32_10_,Overall,333920,3.339 ms,324,132,11926,27511,17.763157894736842,10.04,2.1756421482778747,5.24
config_CIN96_HIN28_WIN14_COUT96_K1_UFCIN8_UFCOU1_PAD1_STRIDE1_BIASTrue_conv2d_ACTIVATIONrelu_ap_fixed_32_10_,Overall,4853120,48.531 ms,323,36,11399,19756,17.708333333333336,7.21,2.079502335084647,1.43
config_CIN96_HIN28_WIN14_COUT96_K1_UFCIN8_UFCOU8_PAD1_STRIDE1_BIASTrue_conv2d_ACTIVATIONrelu_ap_fixed_32_10_,Overall,942080,9.421 ms,380,260,12435,29775,20.833333333333336,10.86,2.2684982486865146,10.32
config_CIN96_HIN28_WIN14_COUT96_K1_UFCIN8_UFCOU32_PAD1_STRIDE1_BIASTrue_conv2d_ACTIVATIONrelu_ap_fixed_32_10_,Overall,523040,5.230 ms,588,1028,15215,63039,32.23684210526316,23.0,2.7756494454173963,40.79
config_CIN96_HIN28_WIN14_COUT96_K1_UFCIN32_UFCOU1_PAD1_STRIDE1_BIASTrue_conv2d_ACTIVATIONrelu_ap_fixed_32_10_,Overall,4848800,48.488 ms,339,132,14151,27591,18.585526315789476,10.07,2.581545534150613,5.24
config_CIN96_HIN28_WIN14_COUT96_K1_UFCIN32_UFCOU8_PAD1_STRIDE1_BIASTrue_conv2d_ACTIVATIONrelu_ap_fixed_32_10_,Overall,937760,9.378 ms,588,1028,17299,61386,32.23684210526316,22.4,3.155830414477525,40.79
config_CIN96_HIN28_WIN14_COUT96_K1_UFCIN32_UFCOU32_PAD1_STRIDE1_BIASTrue_conv2d_ACTIVATIONrelu_ap_fixed_32_10_,Overall,518720,5.187 ms,348,4100,58799,181994,19.078947368421055,66.4,10.726612667834209,162.7
config_CIN96_HIN28_WIN14_COUT96_K3_UFCIN1_UFCOU1_PAD1_STRIDE1_BIASTrue_conv2d_ACTIVATIONrelu_ap_fixed_32_10_,Overall,32809627,0.328 sec,375,8,10505,17816,20.559210526315788,6.5,1.9164112667834208,0.32
config_CIN96_HIN28_WIN14_COUT96_K3_UFCIN1_UFCOU8_PAD1_STRIDE1_BIASTrue_conv2d_ACTIVATIONrelu_ap_fixed_32_10_,Overall,4326908,43.269 ms,454,36,10911,20369,24.890350877192983,7.43,1.9904772329246936,1.43
config_CIN96_HIN28_WIN14_COUT96_K3_UFCIN1_UFCOU32_PAD1_STRIDE1_BIASTrue_conv2d_ACTIVATIONrelu_ap_fixed_32_10_,Overall,1275188,12.752 ms,534,132,11953,27981,29.276315789473685,10.21,2.1805677174547577,5.24
config_CIN96_HIN28_WIN14_COUT96_K3_UFCIN8_UFCOU1_PAD1_STRIDE1_BIASTrue_conv2d_ACTIVATIONrelu_ap_fixed_32_10_,Overall,34199660,0.342 sec,455,36,11432,20858,24.945175438596493,7.61,2.0855224751897254,1.43
config_CIN96_HIN28_WIN14_COUT96_K3_UFCIN8_UFCOU8_PAD1_STRIDE1_BIASTrue_conv2d_ACTIVATIONrelu_ap_fixed_32_10_,Overall,5716940,57.169 ms,558,260,12464,30967,30.592105263157894,11.3,2.273788674839463,10.32
config_CIN96_HIN28_WIN14_COUT96_K3_UFCIN8_UFCOU32_PAD1_STRIDE1_BIASTrue_conv2d_ACTIVATIONrelu_ap_fixed_32_10_,Overall,2665220,26.652 ms,574,1028,15244,64275,31.469298245614034,23.45,2.7809398715703444,40.79
config_CIN96_HIN28_WIN14_COUT96_K3_UFCIN32_UFCOU1_PAD1_STRIDE1_BIASTrue_conv2d_ACTIVATIONrelu_ap_fixed_32_10_,Overall,34167908,0.342 sec,535,132,14184,31189,29.331140350877195,11.38,2.587565674255692,5.24
config_CIN96_HIN28_WIN14_COUT96_K3_UFCIN32_UFCOU8_PAD1_STRIDE1_BIASTrue_conv2d_ACTIVATIONrelu_ap_fixed_32_10_,Overall,5685188,56.852 ms,574,1028,17328,65028,31.469298245614034,23.73,3.1611208406304727,40.79
config_CIN96_HIN28_WIN14_COUT96_K3_UFCIN32_UFCOU32_PAD1_STRIDE1_BIASTrue_conv2d_ACTIVATIONrelu_ap_fixed_32_10_,Overall,2633468,26.335 ms,1358,4100,26060,180188,74.4517543859649,65.74,4.754086398131932,162.7
config_CIN96_HIN28_WIN28_COUT32_K1_UFCIN1_UFCOU1_PAD1_STRIDE1_BIASTrue_conv2d_ACTIVATIONrelu_ap_fixed_32_10_,Overall,2964431,29.644 ms,265,8,10457,17400,14.528508771929824,6.35,1.9076546993578518,0.32
config_CIN96_HIN28_WIN28_COUT32_K1_UFCIN1_UFCOU8_PAD1_STRIDE1_BIASTrue_conv2d_ACTIVATIONrelu_ap_fixed_32_10_,Overall,520032,5.200 ms,272,36,10853,19849,14.912280701754385,7.24,1.9798963806187972,1.43
config_CIN96_HIN28_WIN28_COUT32_K1_UFCIN1_UFCOU32_PAD1_STRIDE1_BIASTrue_conv2d_ACTIVATIONrelu_ap_fixed_32_10_,Overall,259931,2.599 ms,296,132,14842,25700,16.228070175438596,9.38,2.7076036193812025,5.24
config_CIN96_HIN28_WIN28_COUT32_K1_UFCIN8_UFCOU1_PAD1_STRIDE1_BIASTrue_conv2d_ACTIVATIONrelu_ap_fixed_32_10_,Overall,3319032,33.190 ms,303,36,11367,19995,16.611842105263158,7.3,2.073664623467601,1.43
config_CIN96_HIN28_WIN28_COUT32_K1_UFCIN8_UFCOU8_PAD1_STRIDE1_BIASTrue_conv2d_ACTIVATIONrelu_ap_fixed_32_10_,Overall,874632,8.746 ms,366,260,12342,29703,20.065789473684212,10.84,2.2515323992994745,10.32
config_CIN96_HIN28_WIN28_COUT32_K1_UFCIN8_UFCOU32_PAD1_STRIDE1_BIASTrue_conv2d_ACTIVATIONrelu_ap_fixed_32_10_,Overall,186131,1.861 ms,302,1028,33792,54209,16.557017543859647,19.78,6.164623467600701,40.79
config_CIN96_HIN28_WIN28_COUT32_K1_UFCIN32_UFCOU1_PAD1_STRIDE1_BIASTrue_conv2d_ACTIVATIONrelu_ap_fixed_32_10_,Overall,3310932,33.109 ms,407,132,14071,28476,22.313596491228072,10.39,2.5669512551079974,5.24
config_CIN96_HIN28_WIN28_COUT32_K1_UFCIN32_UFCOU8_PAD1_STRIDE1_BIASTrue_conv2d_ACTIVATIONrelu_ap_fixed_32_10_,Overall,866532,8.665 ms,382,1028,25182,62926,20.942982456140353,22.96,4.593914185639229,40.79
config_CIN96_HIN28_WIN28_COUT32_K1_UFCIN32_UFCOU32_PAD1_STRIDE1_BIASTrue_conv2d_ACTIVATIONrelu_ap_fixed_32_10_,Overall,190631,1.906 ms,382,688,91517,141566,20.942982456140353,51.65,16.695307939287797,27.3
config_CIN96_HIN28_WIN28_COUT32_K3_UFCIN1_UFCOU1_PAD1_STRIDE1_BIASTrue_conv2d_ACTIVATIONrelu_ap_fixed_32_10_,Overall,21916283,0.219 sec,297,8,10498,17757,16.282894736842106,6.48,1.9151342673671923,0.32
config_CIN96_HIN28_WIN28_COUT32_K3_UFCIN1_UFCOU8_PAD1_STRIDE1_BIASTrue_conv2d_ACTIVATIONrelu_ap_fixed_32_10_,Overall,2927804,29.278 ms,322,36,10895,20221,17.653508771929825,7.38,1.9875583771161707,1.43
config_CIN96_HIN28_WIN28_COUT32_K3_UFCIN1_UFCOU32_PAD1_STRIDE1_BIASTrue_conv2d_ACTIVATIONrelu_ap_fixed_32_10_,Overall,907435,9.074 ms,322,132,14889,25631,17.653508771929825,9.35,2.7161777583187394,5.24
config_CIN96_HIN28_WIN28_COUT32_K3_UFCIN8_UFCOU1_PAD1_STRIDE1_BIASTrue_conv2d_ACTIVATIONrelu_ap_fixed_32_10_,Overall,24696348,0.247 sec,347,36,11414,20841,19.024122807017545,7.6,2.082238762405137,1.43
config_CIN96_HIN28_WIN28_COUT32_K3_UFCIN8_UFCOU8_PAD1_STRIDE1_BIASTrue_conv2d_ACTIVATIONrelu_ap_fixed_32_10_,Overall,5707868,57.079 ms,360,260,12386,30603,19.736842105263158,11.17,2.2595592527729127,10.32
config_CIN96_HIN28_WIN28_COUT32_K3_UFCIN8_UFCOU32_PAD1_STRIDE1_BIASTrue_conv2d_ACTIVATIONrelu_ap_fixed_32_10_,Overall,328843,3.288 ms,552,1028,25647,52576,30.263157894736842,19.18,4.678743432574431,40.79
config_CIN96_HIN28_WIN28_COUT32_K3_UFCIN32_UFCOU1_PAD1_STRIDE1_BIASTrue_conv2d_ACTIVATIONrelu_ap_fixed_32_10_,Overall,24632844,0.246 sec,427,132,14118,31106,23.410087719298247,11.35,2.5755253940455343,5.24
config_CIN96_HIN28_WIN28_COUT32_K3_UFCIN32_UFCOU8_PAD1_STRIDE1_BIASTrue_conv2d_ACTIVATIONrelu_ap_fixed_32_10_,Overall,5644364,56.444 ms,632,1028,17034,63552,34.64912280701755,23.19,3.1074868651488616,40.79
config_CIN96_HIN28_WIN28_COUT32_K3_UFCIN32_UFCOU32_PAD1_STRIDE1_BIASTrue_conv2d_ACTIVATIONrelu_ap_fixed_32_10_,Overall,364123,3.641 ms,376,688,91561,153709,20.614035087719298,56.08,16.703334792761236,27.3
config_CIN96_HIN28_WIN28_COUT96_K1_UFCIN1_UFCOU1_PAD1_STRIDE1_BIASTrue_conv2d_ACTIVATIONrelu_ap_fixed_32_10_,Overall,8735311,87.353 ms,483,8,10485,17499,26.480263157894733,6.38,1.9127626970227671,0.32
config_CIN96_HIN28_WIN28_COUT96_K1_UFCIN1_UFCOU8_PAD1_STRIDE1_BIASTrue_conv2d_ACTIVATIONrelu_ap_fixed_32_10_,Overall,1402112,14.021 ms,526,36,10897,20029,28.837719298245613,7.31,1.987923234092236,1.43
config_CIN96_HIN28_WIN28_COUT96_K1_UFCIN1_UFCOU32_PAD1_STRIDE1_BIASTrue_conv2d_ACTIVATIONrelu_ap_fixed_32_10_,Overall,616412,6.164 ms,590,132,11963,27647,32.34649122807017,10.09,2.1823920023350847,5.24
config_CIN96_HIN28_WIN28_COUT96_K1_UFCIN8_UFCOU1_PAD1_STRIDE1_BIASTrue_conv2d_ACTIVATIONrelu_ap_fixed_32_10_,Overall,9089912,90.899 ms,531,36,11414,20080,29.111842105263158,7.33,2.082238762405137,1.43
config_CIN96_HIN28_WIN28_COUT96_K1_UFCIN8_UFCOU8_PAD1_STRIDE1_BIASTrue_conv2d_ACTIVATIONrelu_ap_fixed_32_10_,Overall,1756712,17.567 ms,596,260,12505,30109,32.67543859649123,10.99,2.2812682428488036,10.32
config_CIN96_HIN28_WIN28_COUT96_K1_UFCIN8_UFCOU32_PAD1_STRIDE1_BIASTrue_conv2d_ACTIVATIONrelu_ap_fixed_32_10_,Overall,971012,9.710 ms,852,1028,15477,63405,46.71052631578947,23.13,2.8234457092819616,40.79
config_CIN96_HIN28_WIN28_COUT96_K1_UFCIN32_UFCOU1_PAD1_STRIDE1_BIASTrue_conv2d_ACTIVATIONrelu_ap_fixed_32_10_,Overall,9081812,90.818 ms,611,132,14190,28735,33.497807017543856,10.48,2.5886602451838883,5.24
config_CIN96_HIN28_WIN28_COUT96_K1_UFCIN32_UFCOU8_PAD1_STRIDE1_BIASTrue_conv2d_ACTIVATIONrelu_ap_fixed_32_10_,Overall,1748612,17.486 ms,868,1028,17561,62492,47.58771929824561,22.8,3.20362667834209,40.79
config_CIN96_HIN28_WIN28_COUT96_K1_UFCIN32_UFCOU32_PAD1_STRIDE1_BIASTrue_conv2d_ACTIVATIONrelu_ap_fixed_32_10_,Overall,962912,9.629 ms,676,4100,59829,183180,37.06140350877193,66.83,10.914514010507881,162.7
config_CIN96_HIN28_WIN28_COUT96_K3_UFCIN1_UFCOU1_PAD1_STRIDE1_BIASTrue_conv2d_ACTIVATIONrelu_ap_fixed_32_10_,Overall,65529083,0.655 sec,573,8,10526,17860,31.414473684210524,6.52,1.9202422650321076,0.32
config_CIN96_HIN28_WIN28_COUT96_K3_UFCIN1_UFCOU8_PAD1_STRIDE1_BIASTrue_conv2d_ACTIVATIONrelu_ap_fixed_32_10_,Overall,8563644,85.636 ms,650,36,10939,20397,35.635964912280706,7.44,1.995585230589609,1.43
config_CIN96_HIN28_WIN28_COUT96_K3_UFCIN1_UFCOU32_PAD1_STRIDE1_BIASTrue_conv2d_ACTIVATIONrelu_ap_fixed_32_10_,Overall,2460204,24.602 ms,794,132,12005,28019,43.530701754385966,10.22,2.1900539988324574,5.24
config_CIN96_HIN28_WIN28_COUT96_K3_UFCIN8_UFCOU1_PAD1_STRIDE1_BIASTrue_conv2d_ACTIVATIONrelu_ap_fixed_32_10_,Overall,68309148,0.683 sec,651,36,11461,20908,35.69078947368421,7.63,2.0908129013426735,1.43
config_CIN96_HIN28_WIN28_COUT96_K3_UFCIN8_UFCOU8_PAD1_STRIDE1_BIASTrue_conv2d_ACTIVATIONrelu_ap_fixed_32_10_,Overall,11343708,0.113 sec,752,260,12549,30973,41.228070175438596,11.3,2.289295096322242,10.32
config_CIN96_HIN28_WIN28_COUT96_K3_UFCIN8_UFCOU32_PAD1_STRIDE1_BIASTrue_conv2d_ACTIVATIONrelu_ap_fixed_32_10_,Overall,5240268,52.403 ms,832,1028,15521,64305,45.614035087719294,23.46,2.8314725627554,40.79
config_CIN96_HIN28_WIN28_COUT96_K3_UFCIN32_UFCOU1_PAD1_STRIDE1_BIASTrue_conv2d_ACTIVATIONrelu_ap_fixed_32_10_,Overall,68245644,0.682 sec,795,132,14237,31291,43.58552631578947,11.42,2.5972343841214243,5.24
config_CIN96_HIN28_WIN28_COUT96_K3_UFCIN32_UFCOU8_PAD1_STRIDE1_BIASTrue_conv2d_ACTIVATIONrelu_ap_fixed_32_10_,Overall,11280204,0.113 sec,832,1028,17605,64990,45.614035087719294,23.71,3.211653531815528,40.79
config_CIN96_HIN28_WIN28_COUT96_K3_UFCIN32_UFCOU32_PAD1_STRIDE1_BIASTrue_conv2d_ACTIVATIONrelu_ap_fixed_32_10_,Overall,5176764,51.768 ms,1680,4100,27105,180222,92.10526315789474,65.76,4.944724168126094,162.7
config_CIN96_HIN28_WIN56_COUT32_K1_UFCIN1_UFCOU1_PAD1_STRIDE1_BIASTrue_conv2d_ACTIVATIONrelu_ap_fixed_32_10_,Overall,5736282,57.363 ms,489,13,10772,17267,26.80921052631579,6.3,1.9651196730881493,0.52
config_CIN96_HIN28_WIN56_COUT32_K1_UFCIN1_UFCOU8_PAD1_STRIDE1_BIASTrue_conv2d_ACTIVATIONrelu_ap_fixed_32_10_,Overall,1010443,10.104 ms,514,43,11332,19700,28.17982456140351,7.19,2.0672796263864566,1.71
config_CIN96_HIN28_WIN56_COUT32_K1_UFCIN1_UFCOU32_PAD1_STRIDE1_BIASTrue_conv2d_ACTIVATIONrelu_ap_fixed_32_10_,Overall,502362,5.024 ms,538,138,15117,25581,29.49561403508772,9.33,2.7577714535901925,5.48
