3.28004885
-3.40847397
2.65726686
-2.61971569
5.74768448
3.10734797
1.76894045
-5.05538082
5.94009829
1.84699333
6.34788609
0.454106092
-5.77598286
-4.32819843
5.49671412
-3.76918888
-1.27522492
4.69136238
9.94446182
3.84026814
-11.1413097
1.84597743
-3.71039772
2.38853931
-0.87335515
3.48449373
0.010343194
-5.82419157
4.27177858
2.52557015
-1.58095682
4.88261604
-1.52605772
8.59852219
4.90439367
-3.49545932
-8.92744255
7.03835821
-6.25010347
-2.88474703
9.08760834
-8.37067032
-6.92296314
-3.68329239
-1.3424536
-5.19315672
4.29717398
2.8420577
-4.86433887
4.85355043
-2.53666162
9.99089432
-1.49294615
-4.91359234
-1.80353177
10.3822765
-8.15457249
11.0507812
-3.99821138
-5.51077175
3.9655962
2.83602715
3.65642595
-4.4713068
-1.49567723
-0.128334999
-3.07026839
-2.97392845
12.145463
13.4790077
6.63145113
-0.107485175
-8.92243004
2.31711817
2.17247033
2.10417843
9.20182991
12.4849339
-13.5060263
-3.83193684
8.00108433
-2.58771729
4.60692883
11.2344046
-0.597688556
-3.58042479
1.2827245
6.45015049
1.57978964
11.8656673
4.05052471
-9.55831623
1.26271033
1.61569381
-8.51831436
4.49321556
3.11853838
-0.780961514
1.93917131
3.49747682
3.40140224
7.43779564
-2.10669756
6.22822762
-3.99610519
-2.96856952
8.24836159
-0.519560218
-0.485718727
1.21497834
4.63158989
1.61676407
8.11897087
4.36402893
1.23200858
0.779803276
2.21461296
-1.24406004
0.941836238
4.38866615
-8.5338707
4.30440187
1.06933033
3.15060163
-2.02089882
2.40167069
-1.58213425
9.84112167
-2.55783939
7.2136898
-3.29615235
-7.84191418
-8.72134304
9.07251835
-0.887038231
-5.64271259
11.0348959
-5.24105406
3.75451088
1.01006949
2.43149114
10.2330055
5.44003773
7.89875937
8.98038101
6.69521618
-10.9214191
2.20796466
-13.9417448
5.91576195
-8.4116497
6.51154995
8.83775139
-0.238507748
-3.90410519
-8.02861214
1.4206264
-2.89545035
8.27619839
4.22814894
1.96309042
10.0653725
-2.68160057
-7.53086567
10.052371
-7.22962952
2.38480401
-5.26645565
3.12052202
-6.44689131
-4.30383825
3.25747871
-1.25769877
3.65000057
4.42722988
2.5729599
3.39517879
-4.3570137
2.54055738
4.94518995
9.04567242
-0.183630705
2.43571353
-5.41886711
-2.70232844
-0.723427534
-0.848212183
1.20587707
5.73552752
-1.18554986
-4.13194656
2.87628341
10.5242586
-2.83439255
-0.567721367
-1.32144165
-3.4244523
0.185411215
-7.94224596
7.46125698
-3.26311541
-4.60997391
2.9694047
2.73367524
4.31401682
4.93308163
-3.62636375
1.63178372
-8.25614929
5.67115307
-7.83505058
-6.78182411
-7.74509144
0.87532115
1.5400064
5.86455584
-6.03670406
-6.75492382
10.6028805
-8.42648888
-3.32643032
4.10453129
-5.34746361
2.17442632
7.03648806
-10.2413511
-0.110080659
-0.933689117
10.2477398
-2.7283895
-3.03274703
3.47804928
-1.24562097
3.31852818
-1.48483765
8.48876476
-6.87647581
-12.3892097
3.80391216
6.94920969
7.22441006
0.74664259
-9.27015114
1.00419414
0.654833853
-5.89920712
9.11097527
-2.11312532
-0.785689831
2.54073501
-13.2817917
-0.355970144
-1.1353451
4.91031504
-3.57864308
0.272715092
0.541616917
-2.15396667
-0.824541092
0.586645365
-2.2903657
0.0892033577
4.39040184
3.84466648
-4.27266502
-2.70640612
-3.41220522
-0.681451678
-0.606401086
8.6688118
6.0116806
-6.84505606
3.23079324
7.38114834
6.77688503
3.26102924
-1.88061678
3.99408746
1.81079602
-9.66084099
1.64207149
-2.76780844
-3.15335798
3.33705425
4.62204123
-10.7936363
6.64336538
-0.283092856
-14.8745251
0.43137455
13.272707
-7.47978449
0.523534536
-5.55143404
-6.37847757
11.4613085
-2.15822697
1.16447926
8.30712509
-0.621526599
-1.09824383
0.981051266
3.62866879
1.70690513
-1.73109233
7.00768185
1.61470306
1.35746098
-2.67283773
1.80053937
5.15980959
1.71118402
-0.849814534
-4.94546556
7.13849735
-0.817286491
-11.1940975
2.56824017
-4.23897648
8.28787994
3.82693219
-3.25166035
-1.57541442
-7.97885656
4.51792049
-3.21646261
-11.6343918
-1.15891957
-5.46679306
-2.8628242
-0.107287884
7.69580841
0.161705256
9.88241577
0.165551603
-0.901577175
2.66826773
-2.15573597
-0.127998978
8.88852787
-4.28816843
6.40965748
5.618186
-4.34334946
-3.49050331
-9.45635891
-3.20367646
-2.13919282
9.74394798
-1.59014487
2.09359598
-11.9407692
-2.07997656
-1.32717168
-3.93809605
-8.56673145
-1.71328163
-7.21548748
-0.932984293
6.78291941
4.20555019
-7.53777456
1.0026052
-0.734463453
3.64844751
-3.32252073
-3.88560057
2.37612033
6.68648815
-2.55367327
0.0633286238
-9.0164957
-4.07796764
5.6948638
4.85871506
-4.47391367
-3.93067694
-0.750215948
-4.63468742
-0.361575484
0.424312979
-6.62450886
-2.84291553
-1.60799038
1.23579168
5.85497522
1.87398267
4.99848795
1.92412603
7.28147268
-0.279767275
3.76130676
-5.89818192
2.76824188
2.24593496
-6.02905989
-3.48417187
5.47731352
-0.397543192
-2.55810118
-6.18246698
-0.430654049
-2.50004292
10.8792706
0.559964299
0.444010735
1.78743672
-4.9981308
-1.90150881
-10.2070742
2.52467394
-0.799700856
-2.52859855
-8.10936451
-4.60571003
-0.535139322
10.1925249
2.42461157
5.83239269
-6.00952435
-2.0715735
-1.74792504
5.37223816
-4.68042564
-0.966921866
-6.35407162
-6.41575384
0.0539169312
-6.56257725
1.62023497
-2.36082697
3.80474591
7.0885582
0.69868207
5.91879749
1.45150232
-0.053889513
-6.944942
-5.36236668
-3.56253481
-0.697746992
-11.4089518
-6.38146782
2.55120111
-7.4929285
4.72922993
0.39219892
0.342965961
-2.6392405
-8.0711689
-6.9050436
-2.69326878
5.53019619
-2.49947834
0.303408861
1.08106709
-5.20675182
5.94393826
-11.0251923
0.980912924
1.14535832
-5.4632597
-0.65845716
-3.62500262
-6.04597187
-4.12677956
-11.6169167
-3.7180748
-2.82752228
-4.83092737
-5.34174728
0.995705366
-7.89727545
-1.8043716
0.912312508
2.20826197
-11.9053898
-4.31495523
5.70399809
4.77365685
-13.114418
-7.82808399
1.69354105
-8.58607388
-8.57947826
-6.15689993
2.01398134
-7.97034931
8.0970192
4.43682575
-6.71900368
0.0694431365
-0.21236217
8.55563831
10.9750423
-0.388786793
-3.27687049
-4.05677509
-11.1379347
-6.33243561
1.29051089
-1.00101233
-5.55887461
7.9798646
-4.01968336
7.27746391
5.17112446
3.77617693
5.3421483
-5.7318716
-10.1362934
2.74384212
-2.27460599
-11.5343885
-8.03841305
4.68360186
-3.44086981
2.94107199
-6.11150503
-2.50757837
7.80695248
-9.49429417
-6.32889271
1.45057678
-3.55707359
-4.75897312
-8.1017313
-3.41507792
-1.0954628
12.8858128
-3.99595785
3.75709391
8.31052017
5.17235422
-0.758384705
-3.14313293
2.79847288
-1.30712211
-0.366850257
4.17654419
-4.41020298
-6.24760962
-0.977691054
-9.93260288
-3.80276871
-2.5979383
6.61264086
12.1394787
-3.09045458
12.5931778
2.34886885
4.33467484
-1.83924258
-7.23699903
-1.57055235
12.9774561
1.89355826
0.439090014
-3.80689692
-0.124250889
-1.9748323
3.28075171
-9.98720741
5.66672468
-0.937677622
-5.53053045
5.42822838
2.46542788
6.65432739
-6.09799767
-7.94094992
-1.40046513
-8.52262592
0.106148243
1.17345953
-3.3301301
-4.45604658
4.48675442
-2.6331048
-1.35065961
0.217859507
1.79067326
-4.15113783
-5.57143259
-0.660503745
0.789330006
0.938751221
6.64524174
-0.135431647
-1.98724926
-0.218954444
10.3070679
4.88178444
3.9691
1.66987574
-8.38832855
-1.75451934
7.62775707
2.6294775
2.99664044
8.30770588
4.30385876
2.30971217
2.03156352
9.59552383
4.78398085
-9.14135647
-3.01418352
-0.509698033
1.78654349
-0.838809729
7.89076996
11.3243999
3.37738299
11.1221666
10.1421547
-3.74824572
-1.72250235
-6.75649548
-0.918606997
13.7950554
-3.71538401
-3.58061504
-4.01805353
7.00695133
3.37674522
-5.06256819
2.08379793
-2.68124247
-2.52056003
-3.20986128
-6.82507324
9.70156479
-1.24331403
-3.66035914
3.65453553
5.07489491
6.49076509
-0.279326886
0.27751255
9.9658041
2.00093603
2.53153825
-4.04421473
-1.46208763
0.793313265
2.31156778
6.03596544
2.06732893
3.09941292
2.9296279
-0.43929112
1.60267341
-5.66812325
-2.423311
10.7983742
-5.10736895
-1.32710886
-3.87256503
-11.1024532
-5.75067186
0.754691839
9.09523678
6.77019596
1.65325785
4.67038107
-8.86629772
0.542351305
5.30285549
2.40815735
8.56380939
-0.654846013
1.65709817
0.53628552
5.17784691
4.36079264
4.48287868
-6.59821749
-11.3370457
-10.6776457
0.500333786
-3.49674177
9.84789658
12.6057968
0.951251566
2.56548405
-3.14149618
-6.1802249
2.64133549
1.82367849
1.1382699
-1.13516951
-0.635525703
-7.13960552
3.61523032
-4.42328262
-4.86484814
0.548608899
7.0401926
-2.9483161
1.06390548
-0.515901804
5.44019508
-2.95760179
-2.56228805
-5.72851753
-5.15272665
-4.31321049
-4.67656231
3.43765759
-5.72396374
-10.4392719
15.6160583
-3.23284483
3.77333641
4.06244612
-6.3873105
7.93072224
-0.220268965
-0.744656622
-2.42614555
-5.65853024
-1.34416318
1.94948041
7.2110858
-2.87353826
-3.54697919
0.0854728222
0.230256557
8.22389984
-2.3821981
-5.68810511
0.011297822
4.42873287
2.72208023
1.33531976
-5.39974451
3.81075215
-7.69037342
5.84156513
-1.55062771
1.58351171
-0.428100586
-3.9178648
-3.40856695
-3.70341587
3.40906429
-4.60872746
4.50082874
4.13705397
-1.91517961
-0.373129547
-2.34095573
8.61378098
15.6475744
-7.4980526
-4.08217144
4.73765278
0.323037744
3.26584935
-2.61142254
-5.21562147
-0.849291921
-9.62379837
-5.30564785
-1.64885092
-2.29678345
3.66557503
-5.25591087
1.38509297
-4.43767738
-1.70168805
3.12899876
-3.68420815
0.721135974
-5.26360512
-3.55839086
-1.23519206
-0.690176249
-0.919817209
9.36462021
3.83029222
10.4185047
-0.814665318
-2.15848565
-1.74419034
-2.39771152
-5.38341665
4.42090321
0.0993686914
-2.26666117
-3.22979593
0.109968185
5.14936543
2.27828217
-11.344821
2.39197779
0.52498126
3.19199228
2.41490912
-4.30966377
6.33510017
-1.05060577
-13.6253233
-3.30538702
6.79760551
1.97395897
0.209383965
-8.78314781
6.90498543
1.0881443
-5.67219114
2.47738457
-1.45465875
-11.9421225
-4.06130028
-6.05722809
5.95055676
10.2897348
-3.41151643
1.60438871
8.62356949
5.2013998
1.08793426
1.19615865
2.8414607
-2.19437718
9.12658024
-3.4178102
-5.05185986
1.67379797
-1.80423236
3.9295795
7.56326771
1.82846022
-12.8281317
-7.52972412
-3.66559529
2.22685218
3.95522642
-5.61782122
5.73886728
2.38789296
-11.7561979
0.493637741
3.04824781
8.1358633
-2.50080109
-1.40295005
2.43753147
2.95777655
0.885395944
-2.07686067
-2.65642524
2.10637522
-1.62224102
4.37081194
-13.319499
-5.22391796
3.73408246
-8.04605675
-1.1752193
-7.97592497
-12.693512
-3.2129209
-1.50034857
-5.12889767
5.57562113
-4.84452486
0.79754734
-10.800499
-8.62053299
-4.36818457
1.66247249
-2.91932487
-6.10586786
-4.3442421
-0.895727158
1.28350532
6.7750473
-4.47694016
-1.78330123
4.44039774
-3.15140581
-4.83715534
1.62059569
-6.76148129
-1.94771504
0.477094293
-5.49254894
0.70111537
-3.2271719
-7.28612328
7.4141078
8.08309078
0.727981567
-2.41799545
-6.55501127
1.52086103
7.68922567
-3.32267714
-0.404662132
1.37826347
5.51097059
-2.44771314
-8.01124859
-4.94522905
-2.03087425
-7.46804905
0.836220026
0.617901206
-3.13544321
-0.124132633
0.0469806194
1.11057234
0.633537292
-1.79777098
-3.88302326
1.81481564
2.26052499
-10.7440891
-10.3685703
-6.22883797
13.9381475
-4.16114044
-0.0980505943
4.84635878
-5.38702965
-0.268873692
3.20906901
3.0784564
-2.34592915
0.456658125
3.28135204
3.13031673
5.48566389
1.03462744
-8.35071754
6.69682646
3.46212816
1.49849939
1.31661344
-5.23908949
6.22706223
-4.83649445
0.483890295
-4.66355562
7.47067642
2.22409177
-5.40419722
-6.25400972
2.19646096
-0.229524553
4.1536026
-3.02818656
4.95129299
-5.679245
-0.657086372
3.16441488
-6.56434727
9.98615551
-6.97748137
-1.33240652
4.85624409
-7.25181437
-2.6890564
-2.63342834
6.88046694
-5.80685997
-6.16653967
2.54258823
4.07014465
-3.91189146
-3.5273757
-4.13523769
-0.961444855
-2.16735363
-0.146006107
-13.8642855
3.63643551
0.175927281
0.59507513
1.24344206
8.23295784
1.46536553
4.51755619
5.22707081
-2.15850353
0.00726509094
-3.34501648
-3.90490746
-1.11410916
0.247130871
3.60857582
2.79759097
-2.90887022
-8.22511864
8.20118523
-8.65385246
-10.7524738
12.8097887
-3.99398088
-2.72830725
-7.56144571
-1.85397553
3.21006823
-4.38456202
0.560929894
-5.49216795
-3.15143299
-5.70460749
-1.36412334
10.4518623
6.24271154
-2.69634652
-0.177521616
8.16022778
0.0927712023
-3.1545167
-0.0113744736
-6.16128349
-4.14528084
-14.7869263
4.17399359
7.45129681
4.03634262
-9.45763206
10.620039
0.854181767
5.80003214
14.7823887
4.72169495
3.75330353
-1.02887988
-0.0249217451
1.18146038
-3.00041533
6.8535099
-2.9326582
8.25191689
7.5551281
-6.95723486
6.0837574
-6.00192642
-4.4276638
-2.05763626
-1.95284331
6.69969559
10.1562719
-3.24382782
3.17124033
6.01981258
-6.25285625
3.65909076
4.07647038
3.16844416
9.22878742
4.31867886
-4.60299969
7.87952375
-1.07028401
4.06125832
-0.61564517
12.157321
0.324039221
-6.23661041
-2.55378723
-1.73420644
2.31088114
9.25291348
-2.37151337
7.04483986
0.556506634
10.8274975
4.32886982
-6.55146885
-2.67368245
-4.3948493
-0.517730713
6.89363956
-6.45415592
1.52433205
-0.656535387
-5.48217249
1.64771473
2.9308145
-3.7584939
7.1583395
-6.32439661
3.27707911
4.17958927
-1.23799229
-2.62809563
-9.72575569
-6.81843853
-3.70094585
-5.33315134
-4.84559727
0.0407040119
-5.98529387
3.35650849
5.82548237
-1.14834595
4.66710043
-6.13099241
10.2345219
-0.506599903
7.7729969
-3.00320673
3.46663475
-1.21825814
-6.00256348
3.88809657
-5.4064374
-2.97201538
10.7358761
-0.0518529415
4.84302759
-6.01506472
-1.84851098
-0.439302683
-7.02390242
0.958692014
1.67840242
-0.0787463188
-6.63835573
-1.10348487
-7.28193378
3.09276366
7.61264133
-0.702946901
8.89218807
9.79442787
-0.844486654
-8.18725586
-13.573946
2.58805752
-4.81854296
-8.89283562
-2.30881262
-7.59531641
9.66811848
0.514700413
-9.21700096
0.0753837824
-6.40449429
-1.2458657
-0.519612491
-7.59144211
3.0909512
0.316736817
-4.31001472
-9.04662704
-4.59830856
1.39038897
2.64285541
-0.106724381
3.30330348
10.8160095
8.49490738
-3.24457574
-4.00421286
-4.74316025
-5.47507429
-3.32031059
0.323145866
4.53552437
6.87949371
-0.0917061269
-4.41001797
-4.55193472
4.09311008
-0.844134271
10.4659843
2.95191288
-2.57648635
4.04040289
-2.32727289
3.77082682
2.80678177
-3.95481515
4.61347246
8.59584236
-1.1562438
6.2844491
3.40469265
9.96158409
-5.92894506
-2.20795202
2.96615267
10.6567278
-3.35236692
0.456417084
0.451519966
8.93554878
5.39996862
8.26242733
-1.49123228
6.28825855
9.26294327
3.78697968
2.58302116
-11.8151035
-2.3606143
1.73080933
2.41017652
5.49036503
1.41813993
-2.40033269
1.83095694
9.43343639
4.83397818
-0.821395755
0.00779902935
-6.32750607
9.06966782
2.99279046
0.0102827549
-6.11317348
1.60831368
-3.62766314
3.11550236
9.58174706
-0.563072085
7.73944235
6.04815197
0.909030437
12.3684101
2.36123943
-4.77488804
-5.1938014
3.76282525
-2.9899044
4.98811674
1.30990279
8.24275112
2.64319181
5.0667572
4.10309696
-3.93524241
4.27235222
5.31539249
5.70728016
-0.105889082
1.16195822
2.65579677
-3.9848175
8.19106388
12.0784416
-0.89177686
0.664259493
0.410744935
-3.8455689
10.3939838
1.60201263
2.13549948
7.04434967
7.51867437
0.939947128
6.03468609
2.37201262
-3.1142354
6.13070297
-4.06856871
-3.44793439
0.602386713
1.68036747
-2.35401964
-14.2597065
-8.02849483
4.17035246
11.8051682
-2.22537851
-5.53615189
6.53591156
-5.54563618
-4.60310125
1.96793091
5.99170685
-2.96718788
5.92280293
-0.000367581844
-2.06401443
6.61020422
2.610147
6.83240128
2.516469
-6.07839441
1.02037835
-2.43857861
0.718959868
-1.52456355
-5.44419527
-3.5619061
7.42836189
-1.67575788
7.08867216
-1.27389717
-9.22917366
-10.4831285
-1.01017416
1.66886616
5.17537785
4.55964661
-12.0485935
-4.98147535
0.291580707
5.42697525
13.7835426
2.46255398
-1.05365086
7.54459953
-7.86981201
-9.31672096
1.11654866
0.101244688
-7.37901306
-0.100858688
9.91018772
1.47599506
-1.53825998
0.579581141
-0.890340805
-3.03185272
14.0554953
-12.3438339
8.7597084
1.24189675
0.978642702
6.42450905
-5.06186199
0.758271754
3.53546
-4.94147873
-1.22795343
3.10170364
-4.31390476
1.16382313
-4.31909752
7.6275034
-2.89416194
-2.92030096
-0.483594239
-1.73830557
-0.377418041
9.13953304
6.90103006
-3.63113642
-7.30725861
-2.48079181
-6.17178965
-5.56455755
-0.679773986
-4.70939255
4.82738113
-2.48716211
4.59413004
3.32619286
-4.86093616
-0.802648187
4.33631325
0.860083461
-0.368653893
2.41862321
-5.73816681
-2.86842537
-0.999179006
-1.46490872
0.885604858
-0.859072804
-0.873622358
-2.79166675
-0.605478168
-4.67910194
4.22173691
-7.55489588
0.107553005
-1.64992356
8.09778118
-0.739537954
-2.0373404
10.504488
1.57287431
-3.28904462
-5.7835598
6.63898468
-4.72699833
-13.0645895
10.6342516
4.67664862
2.32723212
6.41005993
-10.5881367
-1.5589571
6.38004923
-3.61342144
-1.47920465
-0.924437523
3.48578596
4.30130148
3.3977356
-3.55877066
0.561962605
5.86008835
4.54210711
7.32399416
0.0238857269
4.43738317
8.62076855
4.5072031
-3.33820319
7.69119358
-2.29891443
5.47746849
-5.89899302
5.43647957
-0.585620999
-5.22735834
-4.56921101
-6.50233841
5.17590094
0.259043217
6.64240217
-0.444470167
-0.590473652
-2.02299047
-6.59314871
5.73775434
-6.30440331
1.31785977
-6.52485752
7.51001072
-1.72722888
9.58119965
-10.3293896
-0.244048476
2.26480341
3.92706299
-1.31231451
-3.40075636
-1.52586079
3.61194134
2.06749582
2.2543931
3.87093449
-11.7775974
5.40888739
-1.35191083
6.07469416
12.3634872
3.22864366
-8.85250854
-6.28925943
-0.466971159
-1.2482233
-4.19918346
-3.03404307
-1.68636274
3.35711861
-0.74673903
-10.547205
0.00328320265
3.83515453
-8.39488125
0.15260756
2.43859243
-8.27582073
3.26225734
0.704282045
6.45713186
9.63492775
10.7087431
2.22827387
-0.824185729
11.9514828
-5.77891445
-3.59146118
2.90765595
-6.73235035
0.0762150288
-2.51103926
-0.654704094
7.97111893
0.858848095
0.933691621
2.35677528
-5.82067776
-2.94527721
-3.01625967
6.02000856
3.00532699
-2.14466882
-11.1793337
6.19912148
-0.30992949
-0.591122866
0.634007454
3.47761965
-6.99377584
4.16501045
-0.836148739
-2.43535161
-1.26889801
-3.25128984
10.1301994
4.92855835
-5.54903364
8.88412857
0.155097365
-7.72901058
5.719275
0.947185516
11.4224586
6.025352
-1.58754373
4.41952419
-1.54704452
0.324070811
2.95318007
-2.05304193
-8.81783295
-5.55464792
-6.22168016
3.07424426
6.22887802
-0.99720335
3.68623924
-5.90872335
-3.79718065
3.31001854
0.0429472923
-7.2503109
0.0561213493
-1.62317812
9.36859894
11.5780287
0.527291298
-6.53787422
-2.15610433
-3.5870738
6.01247215
-7.63710785
7.93874836
13.627697
-1.79466259
-9.91675472
13.1619396
-4.61452961
-14.5635405
6.95479584
-2.96730757
-7.50360537
18.0502491
6.51882076
-2.45673871
1.81713593
-3.08806276
-6.80943108
0.323969126
4.2025547
1.2157855
0.513978601
0.546742439
-0.579184175
0.00032055378
2.11820054
-0.699834585
4.1495533
0.784463286
5.49149609
5.80979824
6.05958986
-0.945835829
8.05747604
8.51584148
2.79122686
-1.30492353
1.79329944
1.35075521
0.135899007
3.83378792
6.00034046
-1.91620076
5.14034176
-2.36732292
2.68833637
-6.33553028
2.13011312
-0.542746544
-6.05470467
1.06888735
-2.22445941
6.34354496
11.3088055
3.92215014
7.35008717
0.745800734
-1.82707369
-1.38074207
5.85144329
4.25317478
3.54818439
-5.43036175
-2.40305138
-3.0285778
3.00168371
-11.4971619
14.6525669
0.212887764
-4.36476374
3.25028276
18.2716846
9.65919113
-1.95072627
-1.30998433
-4.01225138
-3.00721955
0.393337965
-1.11020565
-3.16356421
5.8331008
-6.58325338
8.59764767
2.08772659
1.7399044
3.17698479
10.9359283
1.94672346
5.129282
2.78654003
-1.13601696
-6.10702038
-4.85413647
5.58040237
10.8559284
-4.32842207
10.7641039
-1.72268176
3.74009132
8.87106419
-4.28454256
1.44455171
6.62752914
-1.47532988
-2.25626993
-8.19847488
1.70861876
2.26468086
10.6382942
4.10685539
-1.23496151
-3.47516799
-2.9955976
-9.45581245
1.68895698
-1.79634511
0.329207361
-0.684070826
-9.76866245
11.6773186
-3.31284308
7.41110802
-2.00601292
-4.55844975
-2.64345884
7.74362564
5.29105377
-1.36405206
-3.50667667
-0.484587014
7.67863941
4.7461524
0.406807899
1.82660055
3.93522477
-1.8688345
2.17826653
11.9109879
1.46541667
2.4864769
-5.83712578
-3.97518992
2.92314124
0.161543965
-1.01294684
13.9175825
7.21637917
4.37208986
2.4292109
7.47862291
0.366616845
-0.184510797
1.27003217
-4.95624542
2.2038269
-1.02719796
2.15690851
-0.498140335
-1.3791703
-3.2097311
-1.3895911
3.40733862
-0.90207243
-3.93124819
-0.463648796
7.92614746
-0.52432847
-0.254852355
-6.61830997
-1.22801733
-9.61911201
-3.25901961
-1.4891324
-14.8402987
-3.58871579
1.07835793
0.100728393
0.536152124
-5.87029028
-3.45307016
1.32795084
-0.974467039
-1.10523295
-5.79653454
5.87629032
2.03866148
5.23175669
4.07456017
5.0389204
-5.09497356
2.58759975
-4.08923435
-1.27256036
9.9695034
1.03629375
5.99106121
-0.677344799
3.72984123
0.981666088
6.46306038
0.14513725
-3.17222548
2.34186649
17.6942616
-5.01487875
3.04875469
-0.140351057
-7.53745651
-4.80296946
-0.825437307
4.9299283
3.14283276
4.11382246
-2.28702354
2.41088223
3.29009652
1.22870553
5.34447289
2.31040907
-6.04773521
-3.85676146
1.09504008
3.65474081
-0.427157164
7.53174973
-2.77450037
4.03083801
-4.9871583
-2.21942616
-1.3392365
-0.503160715
1.13855755
-5.28158522
6.22280025
1.55286884
0.0895774364
8.1151762
7.0639286
-7.47171497
-4.95957947
-4.20333338
1.53146482
-7.18386126
6.61990547
1.92148304
2.21478558
0.598587513
3.94611216
7.63796329
0.0987602472
-5.14584112
8.5409193
1.47878861
10.0461159
-2.19859695
-3.86077642
-3.30692625
4.62880707
-2.12260699
-0.959780693
1.65292764
-6.0090313
9.20446968
-7.93515682
-0.597239375
2.33359766
3.31682253
-7.81993866
-8.87144756
-2.74294329
7.86987972
-2.64216995
-0.39546299
1.48855484
-9.22655201
-4.16207123
0.0314112902
2.74962139
2.57427311
-9.72900486
4.51537514
-3.12034917
-2.38171744
2.66947579
0.879817307
-0.88907963
-13.5793629
-5.25711918
3.56936693
3.38718128
7.40690184
0.58637166
-2.36114025
5.61594582
4.41224527
-2.04314899
2.36842585
-7.33489943
-6.72649956
3.09267569
-3.45646858
-0.991835237
8.31295586
9.13247013
-5.57631683
5.30443239
-2.25940657
3.93707299
-4.84018373
1.30947447
2.47151804
-0.403895974
0.471360207
-0.922947049
1.78508687
0.0197042227
5.4712162
4.38424349
3.00743413
1.03591371
-7.39463711
-0.540136695
-4.61262798
-3.74527955
-6.44317913
-0.55714035
-6.55317497
-5.89222288
-0.527783751
4.17501354
-4.75833607
-1.38255501
0.83486408
-2.30456543
-10.7956448
-6.18558264
9.93826675
0.982794762
-1.51352906
7.13792229
3.08226395
-4.33045864
-2.82170057
0.0625164509
-1.60260367
-8.21323681
0.847349405
7.54648161
-2.00605869
12.4443817
4.80841923
1.40315366
-3.38279152
-1.49570894
-0.414693147
4.06930161
6.14461613
3.23652816
0.467892647
5.02470541
-3.48064089
-4.92902946
0.782092094
4.51106548
4.55778408
7.06031418
3.25922799
1.84781146
1.05515206
5.80188656
-2.107476
4.05863953
1.9865973
2.02975273
-6.10533381
16.0225754
-1.33285558
4.08753395
0.123969793
2.88705063
-5.20185375
3.71096635
-0.469762325
13.7447424
-1.14256251
11.629632
3.35573196
-5.26353645
-3.12409067
-7.77944374
-5.71099615
1.49369001
-1.56112933
-1.62561333
4.84618855
-2.48427272
-6.35421276
-7.31724024
5.66175318
0.285848141
-2.77664161
-1.48784757
-2.05158806
-6.91704845
3.37278557
2.88408589
0.880719781
-0.82338202
0.836965203
-1.68211496
-1.36525202
-4.26196098
-0.460939646
-1.78029585
2.76044607
7.4272418
-2.61621785
-0.663181782
-7.54664564
0.770538628
3.97824049
-4.72455072
7.45106602
2.01801729
2.05135703
2.74110031
1.10339999
-4.58729124
0.748129129
-3.25717354
-1.52348685
2.91652322
4.58123112
-5.8428998
2.81578326
-6.70781565
-0.993591785
2.54824996
4.47643566
3.93118286
-2.08058977
10.9416695
-5.23462486
0.299943924
-8.02149487
11.1216755
-3.66626191
4.7380991
-4.17141056
1.47829568
3.94525146
12.7510242
-7.58400011
15.1775122
5.42098808
-8.03947353
-7.71539783
-6.42765093
-0.0457966924
-5.87929916
-0.972519755
3.81509018
4.70424461
1.69031405
-1.2329762
0.348545909
-5.94486523
12.1979485
2.76987505
-8.52356911
4.73106718
4.7306695
-3.96540546
-4.12925625
-1.70949423
4.01603031
7.90286303
0.914929152
-1.46671462
-2.29202509
15.0628595
-11.6840515
3.9502387
3.44695354
-2.64678049
-1.06431353
2.05242634
-1.32445562
1.60435116
-4.39447737
1.43349731
-5.60059261
-1.88676333
1.24436927
-6.86834526
2.26612949
-2.82164478
-7.02730846
2.19057083
-6.9237113
8.63868427
5.64378262
-15.0460234
-2.17542624
0.0208172798
1.76558757
-3.09482288
5.41204453
-12.4396935
-2.59552145
-7.07824612
-1.74725914
-1.74556518
5.10720873
4.90335894
-10.1065483
-0.785558641
-4.35373735
2.41145158
8.51963234
-5.55099106
-0.630042911
5.3129158
1.65382361
0.226644978
1.13070607
5.31992531
-6.27167225
-4.93253803
-6.08203125
-4.04831886
5.49771261
-1.29919553
-1.32075691
5.65903044
-2.53490973
-4.27233696
2.51316977
4.71996641
7.11711407
-4.68465233
8.10034561
-4.60554028
-5.8646965
-8.64674568
6.39577484
-3.30189562
12.2984524
1.65203285
-0.0174731016
-2.4002924
5.07650805
0.541393638
-3.37878203
3.87325263
-3.40568519
0.0601404905
0.903869033
2.4643364
-1.86403573
-1.74207008
-1.65025258
-9.66087151
-5.00562429
8.41864777
-5.33657551
2.91760015
0.0965986252
0.0494067371
1.60778832
5.65788841
-1.98372853
1.37229991
-3.64778662
1.65571082
7.07381392
7.00887537
-3.04850793
-12.2728386
-4.39071941
-0.93061024
-2.67593813
-6.93438292
-0.131949782
-2.75119519
4.32916832
-0.122853637
-4.73850107
-0.209447742
12.9919796
3.21461463
-1.59098101
-10.9148846
6.87668943
-2.83776093
-9.24447441
5.85681152
-15.0066853
1.47175896
2.62529182
-2.01056743
-2.07781863
7.74532604
1.95103621
-4.89045811
-9.80375862
4.82787609
-0.78957212
-3.93574142
-5.03278828
-6.33080959
7.00585747
-0.0093537569
0.132686257
-7.25487804
1.15692735
1.35458589
2.22972822
1.08939743
7.25362492
0.317998648
5.41582203
-4.74263573
-6.42958355
-5.28534889
0.554992318
6.20678806
5.59173346
5.5762434
-0.209190235
3.6444006
-6.04271793
1.5063585
3.45720339
-5.15591192
-2.09876037
9.56523895
-5.00643015
-0.529092193
-0.612190008
-5.00650501
-7.45913172
-4.47370577
0.123269081
-3.45743418
1.65573823
7.19328356
0.684941292
12.2685003
0.994141757
1.02972269
1.15038979
-0.280183792
3.05630636
-8.5676012
13.0392122
-2.84597707
-2.40040898
0.432577699
-1.42464292
12.7674351
9.20790577
-1.69835818
-2.96225119
3.44205761
-3.86970353
-5.75662327
13.4267035
5.51196241
-3.41793227
-2.89900398
3.53689051
-2.19196177
8.67679596
2.98846889
-8.25480938
-4.79508543
-8.86609364
2.41349602
2.23365259
-5.24957609
-1.98513794
-6.06372166
5.01387119
-1.96858931
-2.13910794
-0.279430807
9.38661289
-1.73490345
1.75377464
1.37244129
3.34441972
-5.46686983
2.24000263
-5.15590286
7.60630274
11.3004532
-5.48618793
2.04700732
0.829072237
-1.68450606
-3.62805223
2.06342816
-5.20262432
-0.976458073
9.28137016
3.60456896
3.17814016
4.99308443
-6.08975124
5.40170479
3.14229298
-11.048687
0.290462971
0.822399259
-3.34571862
8.87405968
-8.55663204
1.06466877
-6.22288895
-1.67217779
1.19295788
10.6050406
1.68109035
-10.3229771
-2.94586539
5.87439537
-1.85339689
2.73046231
-5.67927408
-4.89765835
3.67346334
-3.81284714
1.80568027
5.29903269
4.36844349
4.10604239
-3.77117491
1.07329679
-0.143617034
-6.59482098
-2.55690837
8.096138
1.15517807
-0.230527461
2.45322371
7.5637908
-6.67703867
-3.6619916
-4.74671602
-4.48750067
3.3175056
-8.01980114
3.85177851
3.20468736
-2.97236538
-1.92758131
-0.555244148
1.34465671
5.35036182
2.82764721
1.27401817
0.726889372
-0.0456308126
6.01139688
-0.225791514
1.6017592
1.1574769
3.40323448
-0.853831053
2.48537517
-2.46234417
-1.6749444
-4.34984159
-3.53554749
-3.41483164
-4.34714842
12.8614063
4.05625534
-7.34898424
-5.44202566
0.816460252
5.81550694
-3.29667473
-3.83251858
-7.17658567
4.60362434
-0.846084595
0.930187464
4.64125061
-2.2095747
-8.06941986
-0.67126441
-8.36352539
-4.98496103
-2.50941777
-5.33069992
-1.57111478
-7.69922066
-1.93694329
4.28082609
-0.0350651741
4.30628347
8.65237331
0.599416256
-1.34654784
3.70761943
-1.574368
5.3342948
-6.15659904
4.16778946
1.30157018
-4.69581699
-4.79744625
5.56852436
-4.68120098
-0.538082719
0.425269365
3.60778475
3.94136572
-6.33141518
5.31453609
1.09116638
-1.72957349
5.15103388
-0.130311012
0.506628633
0.884283781
4.50577545
3.29074597
-2.24284697
8.53603458
-6.3905015
10.3461771
2.80872035
-0.595357418
7.05522776
-5.30925274
-0.920736432
3.02753663
4.41255331
-3.45430207
7.90002823
4.97430325
3.07580042
2.49224281
-3.88506198
0.483629107
11.0453386
-5.3901639
1.76763654
-3.38467503
-2.09136605
2.18699861
-0.594721794
-0.61116606
-2.42614937
0.0644578934
4.45497608
2.8681674
2.43805385
-1.15025294
-6.81308699
-8.37763882
-14.9216757
2.03564548
-3.22856569
-1.10312867
-4.66144657
-2.42805767
-2.85278749
-1.92577875
5.41761637
3.60209513
10.6055679
-1.42846286
5.73957968
5.24167919
-8.70851135
-3.14599419
-3.698282
2.55043435
1.39744782
-2.2780118
2.10408735
3.03121996
1.12060583
4.08616209
4.41586399
2.17619324
0.489778519
5.34352016
1.52445328
2.22896385
-0.567590356
8.53580761
-4.15169907
-0.615062177
2.22403955
-1.28070962
-4.64359331
8.49644947
0.64070797
-1.13886583
3.00922561
-14.2779427
-5.55624866
-5.04570103
-0.618442655
-1.47716403
-1.32815468
5.84594488
-4.35750628
-2.37885666
-3.67433763
0.247465134
-2.81220603
-6.7180562
7.54774904
-3.16871738
-0.66695118
-0.530085444
-5.08901262
3.61550832
3.25190949
-1.88076162
1.4806385
-6.73497391
-3.36239815
-3.70910311
6.21825504
-0.179658473
3.6458056
1.26346934
1.45171142
-4.81042671
-11.9462729
-0.258599997
-0.222126484
12.7246437
8.65253544
-4.31399441
-4.73126507
6.35119438
-4.40194941
3.71034575
1.15607142
4.74808788
-0.351917982
-0.172829628
3.79144716
1.10385895
-2.92910814
2.09915519
-1.24208331
-6.16356802
12.6944342
-2.32033229
3.3132534
-0.601529598
-5.90637398
2.32192874
6.50069189
8.26705265
-2.77576351
2.47720671
2.1562705
3.15186882
5.25283718
-0.656814337
-2.02772522
-8.32051277
0.368441761
-2.14711142
4.54689646
2.60824442
3.40548587
4.25129747
-0.315306246
-5.22538471
-4.75548172
-8.39514446
11.8757038
6.01409006
3.73564243
4.50246143
-6.94173241
-7.1213789
8.19869518
-2.82194352
3.72732067
1.66434753
7.0039053
1.68575466
-3.58733559
-7.14686298
-2.11698389
-0.559752703
-3.1238029
-7.80459166
-0.52951771
-1.27974534
-4.55752468
5.01625538
17.9715405
8.03790951
3.12995529
-0.383729994
0.794974506
-1.0289979
0.884079218
-4.01381493
-8.70867538
2.20883179
-2.71280217
-3.41613436
3.82227397
-0.922329187
3.75068474
-1.93457985
0.631567121
-0.750869751
1.4755218
4.47474384
6.67981768
-10.0166817
5.96737623
6.00625038
-5.07451582
-1.72901702
-1.5621382
-3.67264819
9.79040241
-1.20202243
-10.6257849
4.14055347
-2.40261722
3.61347485
-1.07063711
-7.07697964
5.34006882
-3.13766003
-1.06319714
8.27970123
6.15290546
-2.1597476
-11.1122437
-7.10902214
2.73329043
3.74882841
4.74850655
-8.20589733
-3.3547287
-1.34853053
-4.4000473
-8.25893974
-3.63549042
-4.18252945
-13.0756941
-6.74045897
2.74455857
8.40199471
-3.54900408
0.531630754
-12.6020222
-15.8927555
7.55656052
3.28118777
19.07514
0.586634159
1.32941675
2.91405439
5.06951571
8.12140656
3.19270658
-1.54990101
-5.51907015
-1.13587356
-8.00587463
8.54415131
8.00216961
-8.45980072
1.8704555
0.67083323
2.20594311
-3.37462544
3.39581871
9.19891644
-12.1434336
-3.85668135
-1.60681868
0.461347818
5.25796652
4.32873631
7.37295341
-10.5331764
7.96247196
-4.0515976
-1.70540357
-4.07242441
-5.11782551
-3.15761209
0.113770723
2.45010257
0.244870514
-0.573371172
4.0636611
-0.354973435
7.27548027
-5.92332697
-1.02907801
2.53082943
-12.9231415
0.597990036
1.05024981
9.66210556
-1.01022458
-0.992508054
4.26538849
4.0088644
6.03633595
-12.4591465
-10.1961555
-1.69404805
-0.214617014
1.26016235
-4.84519291
-1.52379036
-0.551656187
-13.8121996
3.12407446
6.70401621
1.78210914
-5.12215757
-1.9406749
0.606375575
-4.57822704
-3.73217344
4.08417845
7.55411911
10.7989216
-3.99911809
5.06471109
-1.78066111
-0.3490026
-0.955538034
-2.31061244
0.906991959
-8.9932127
-6.53714085
-2.22644639
2.90390253
-8.42504406
1.14625299
-0.774183631
-4.92431068
-5.24842882
-12.4995003
2.74426842
-1.73341799
1.56580973
-7.44768476
-0.585025489
-5.38805294
-1.73958158
3.62958193
-3.43252325
0.547748327
-5.40205431
-7.87998772
4.23592949
4.59174061
0.34384948
4.27976322
4.25990677
0.660625696
0.277919531
2.75269151
-2.67701173
-3.6502502
0.543341637
0.278848171
-6.44024944
7.44186354
0.404981643
2.59702301
2.69107866
-7.87364864
-3.74004364
-3.35825729
-7.21242619
-4.15053797
5.01802063
6.83590317
-6.54018974
2.54934716
-3.61282873
5.37718248
-5.76765108
-0.803078353
2.86106157
-12.030921
-2.11913204
-0.0154566765
3.34792256
-0.208316684
-3.67663479
6.0793848
10.7405062
-0.24816072
4.2577095
7.36641693
1.87563717
7.34951591
5.25614119
-4.8319931
2.69399357
1.40064347
3.91976929
0.678968191
6.43800354
4.22591448
-3.40592647
-13.9848032
7.83373404
12.1909847
3.19953275
-4.18839836
6.88986874
4.89255524
-8.04380894
1.59877896
7.66854
-3.59793806
-4.27326679
-10.4988441
13.8380089
-5.59737873
-2.68089819
-1.86087656
-6.08735466
5.82327461
-6.26998281
-0.938220799
4.36920404
-4.16669703
-3.46075559
1.17577446
-3.29824066
-6.58627605
-8.904006
-2.72068477
7.06891441
7.39837646
0.312815905
3.3846705
-10.2006006
2.49210787
11.0426044
-1.80428338
-6.1567421
5.08282614
3.80829787
-3.41019011
3.1886754
6.56438208
-1.35588264
-5.06326008
-0.11054863
-2.41064525
-4.11896944
-3.41627431
-1.71031928
3.68807888
-2.19933653
-1.43682742
-3.06607699
-3.80407667
0.849491715
3.14247704
2.59923625
-3.9122088
-14.6095543
-16.0393562
-1.81579065
-2.81563377
3.12999916
0.59129566
8.44732571
-1.79018593
-11.4963188
3.94565034
7.38066673
5.00901031
0.0721673965
4.74598932
3.75910902
2.88336539
5.9859314
3.82096553
1.22813857
0.61240375
3.17136765
-1.0262053
0.783822
1.79445243
2.6461997
5.69204807
-0.176828504
0.655046582
7.29380322
2.44112992
-4.31592178
6.4060812
4.89820385
-1.15427411
4.82047081
1.49937785
-9.9510479
1.09771872
-7.22907543
3.7227807
6.70274734
-7.26190853
-6.90281534
-3.32577372
9.2142849
-6.22859812
-13.1586027
2.96132636
-7.41684914
1.41460657
-7.72895908
4.24000883
2.15456629
3.70592594
3.90294027
5.14180183
-2.62696886
9.07274055
-3.79580355
10.083066
0.35994786
0.474532127
7.53111267
4.81315565
8.76789188
-2.84138799
-1.60452223
-1.284621
-4.33734798
-1.33604419
0.342025518
8.46528912
6.86688995
-4.32359791
-13.2404537
-2.42212558
-0.871478498
-0.440976381
9.17017365
-1.16591215
-1.18289232
4.31113195
8.02181911
3.89268494
9.52865028
-10.8202553
3.95718288
-9.5714407
-0.839332938
-3.3892653
-5.23565626
-6.3521781
-8.70134354
-0.0433499813
-11.1359444
7.27165508
0.779701471
-2.82182217
0.70887202
4.67991877
1.15080833
14.5523119
3.79297447
0.0953535438
-0.207608372
4.15262413
-0.632691264
4.44386864
-0.274420142
7.18957472
-9.61817741
-6.58048058
3.08247328
-0.900676608
2.58777976
-1.62811875
0.904459119
6.36788321
-0.0233971477
2.44970751
-2.64267612
2.76525068
1.59335887
0.80654633
2.62662363
1.39912415
-3.14600658
-0.691233397
2.64122725
-2.31321239
0.724816799
-1.72902763
6.73828793
3.80978251
-2.03815031
-1.17277312
-9.57282066
-3.38754344
7.71480608
-0.456426799
3.66597176
7.03380203
3.01054382
-5.8391943
-7.36052036
-7.88031626
5.65847254
-0.156018317
11.1344872
-4.82664251
-2.74703097
-0.267530203
-1.53797805
4.37681818
1.51996136
8.99377251
-3.87580013
4.05079269
3.95174122
-5.3047142
7.27738571
-0.126446187
-0.204627961
5.86138439
-5.17679358
3.47796679
1.00508046
-2.06799221
-0.424316466
-3.19845414
-4.51587963
3.31675816
-0.7196455
-4.98197174
-1.99231613
-9.40635109
-5.98077917
-1.7768755
0.521201611
1.98071837
0.108572483
-7.92512512
-14.7981033
6.82277727
1.07612967
1.46940207
-7.12571812
0.667529106
-3.50149012
1.56294274
-1.0656085
-3.85056615
16.4007301
10.3702583
1.80102015
0.202166319
4.84640789
-13.3943377
-0.624953151
6.26674223
7.0395236
-8.39417267
-5.40319061
3.09071445
4.38612986
3.55839849
10.4319868
-7.47213697
-11.4010754
-3.16629219
-4.87334538
0.172195435
7.5903635
-2.9898808
0.267683029
-1.25606084
-1.439044
-0.0780091286
-2.79978251
-1.35800683
6.85023975
-1.02737808
-5.02457762
3.78366494
0.136070162
-4.25778294
0.52678144
-0.692172408
5.31652737
-2.56314254
-1.20373547
-0.14043057
5.10341454
-2.42304659
3.65313959
-1.23666239
-0.12252295
-0.0460511446
3.80294037
6.52531719
0.612806916
0.289695323
-1.90982103
-5.82770252
6.31022501
-3.07979345
11.8888969
2.0128305
-10.6691246
3.5003984
5.75562668
-4.33842087
1.69640625
1.89671075
-3.97038579
-2.38104296
-5.0260787
-5.75588894
1.39628816
9.15703964
-5.39243364
4.91092157
-8.75680542
7.29876804
4.02525854
3.97984385
-12.930048
-7.04351044
-2.91433334
0.395030618
7.15521097
-6.81637478
-2.6275382
2.67736506
-0.500935555
3.54195523
-1.35867286
-1.38642383
0.178153515
-8.10863972
-8.12231922
6.03250217
5.35480309
2.23308992
9.12716389
-3.86618948
-4.54861069
-4.23545837
-1.49800491
1.72296584
-2.87855005
1.16015053
-1.26881957
-1.88673866
4.45248365
2.21861148
-8.09710789
-1.18907905
-0.551848531
1.88120914
-6.22498655
4.92893028
3.42786169
14.6248035
-0.934237123
-8.38445663
0.688276052
-8.52301311
-6.76408815
0.530963182
0.311614215
-3.67801046
-0.725370109
-4.0093112
-2.75758886
4.3544426
-4.40353966
4.17670298
-5.92973852
-0.842496157
3.74332762
-7.44209003
-1.97862768
8.65579605
7.31539536
-1.01430857
2.19576406
0.799631715
-1.72888577
-5.30605268
-3.80227304
-3.46739125
-5.69937038
-5.10617256
-6.01761007
-4.52512026
4.8168869
7.51825714
-0.716384888
-0.964723349
-8.67241287
5.7743187
1.06799674
5.16832399
-8.63149738
-4.45068216
4.53518105
0.756493032
-10.9606838
-2.56512332
6.56531858
-3.76554704
-5.70637989
-5.00828886
2.66904259
7.78604078
-1.29621506
0.500293612
-4.48150349
-4.41745138
-0.645373702
-4.76386404
6.38668489
-3.83338928
-4.68726587
2.33083916
-5.44676018
4.7700491
5.7091794
-3.54638052
-6.5932951
-1.25423789
-5.21556091
7.85566521
-0.691782236
-5.79503727
6.78352833
-1.56748676
-6.81438351
3.73162293
-5.90448809
2.20736217
6.78530312
1.59496891
4.68624973
2.58593297
6.09094238
3.10859847
4.89478683
1.5215987
-1.61821198
-8.41384125
-5.14290667
0.824551105
-4.58257008
4.63042164
-0.534855902
-5.58947659
5.81462812
-8.64213085
-1.62456346
-3.79332161
7.59753609
5.45641661
-5.34661245
-4.1896596
-5.98174191
-4.91452742
5.47290897
3.24677968
-12.8298531
-5.11439514
0.417606711
6.07527971
-5.23513031
-5.48018885
-1.68560636
4.48596573
-5.11179447
-4.17660046
7.20476246
7.40191126
-7.87817669
4.04718065
-1.07173109
1.09258044
3.75837088
-0.607183218
3.27701354
-3.98160577
2.99534178
1.35325384
-1.77688336
-0.88165915
-5.59382248
-7.11569786
-11.3301811
1.33338821
7.70890903
8.04189396
-4.73828888
-5.28447437
0.439505339
-6.14901352
3.05142879
1.07198405
7.00687647
-19.4619141
-3.99799013
-2.85073757
9.51429081
0.0844651461
-8.19035339
-1.3229835
2.70435548
-1.58024001
5.6652379
-1.04894555
6.53789997
6.89549065
-9.15914059
-1.27236891
-3.68541932
11.1508179
-2.73902321
4.16232634
1.21069789
-4.31441259
3.40049791
-2.184484
3.07272148
-2.47719693
3.18159151
5.09872913
6.83000183
0.0290618539
-4.28801489
3.1826582
-2.81568289
7.45501041
-6.18323517
-0.148491144
-4.30864143
1.81140125
2.00394559
-9.91651726
0.0661673546
9.27678585
-4.12525988
2.80895066
5.8254528
-1.86943066
6.53338432
-3.60045481
-4.25251579
-3.09666634
2.10259914
-5.66755772
1.40167725
0.992729604
-1.20247769
6.03133869
-11.5042896
-3.19293261
-4.56334496
-3.09036207
-2.46602106
5.79214907
7.38496304
1.77362061
-2.12540054
-2.84121513
1.56253338
-1.69942665
-5.34369326
-4.21564388
-5.00810528
-0.981653214
1.20845604
-1.3088963
-8.7697525
0.772192121
-6.35587454
1.22299707
-0.308516264
-1.57375717
2.92718267
-1.90791357
-10.592926
2.2850461
3.33160138
-2.71921706
-6.072052
-7.97098112
2.8431325
2.47789168
-0.745748043
-7.86808586
7.60216331
6.71399593
-7.67067242
0.977598429
2.18738317
-4.01372242
6.76497984
-1.31629026
5.83281326
2.02200055
0.0476082563
-0.856154621
-4.83901119
-0.00426673889
-4.15855026
-10.7503395
-7.23543119
2.32765627
0.529023647
-0.131183922
5.15540886
0.815150261
0.578403711
1.64989519
-4.70245028
1.58707929
-4.54756355
-4.7441721
6.39495134
-7.55197716
-11.7932787
-1.98201394
-4.12467289
7.70980024
1.4212743
-2.92162275
4.5120554
-4.01452017
-4.37429237
6.66310596
-0.81591022
-2.11400557
-6.66629505
4.5469842
2.18037152
-3.88662195
-1.88617444
-2.31076694
2.73447323
-5.29482746
7.6060338
4.75468636
-3.27689743
-12.2511215
-1.32304621
9.64015198
1.54818344
-3.52535152
14.6338768
-9.11791039
-0.700632215
-3.05791545
1.6853677
-6.88809013
5.48220491
-2.21723318
-9.44209576
7.33798218
-8.72326279
6.53674603
-1.18328035
-3.31456995
3.5361824
0.816664457
-0.800633073
1.06512618
-1.32413709
-1.15539575
5.55460167
4.43917179
-0.981634498
5.1306119
-5.11950731
-1.34103203
3.06548691
2.79286098
-4.33668947
-6.76790237
-2.28391719
0.608165503
-3.99659419
-2.11917877
1.61553574
-2.03446627
-3.28894043
-6.17671299
-9.7896328
1.5342592
1.3626616
2.97708893
-6.12881804
-4.56744719
-2.14438152
-2.43463278
-2.50803423
-7.4980278
10.7073975
-5.81441641
3.75516558
-6.07131958
-9.99365997
3.29675531
-6.61517382
12.8944149
-1.07036257
-5.63789082
5.5877037
3.92287493
8.45722866
1.83426952
-2.89765954
-6.37658262
-0.612372398
0.11542511
-12.9948158
-3.71493864
0.255087495
-7.99982834
4.36257172
-14.9926043
-0.45582056
-4.4328475
2.03535843
-0.880777597
-5.52732182
-0.782698154
1.14854193
4.25680733
-1.92361927
-2.87953138
2.43498993
6.75354099
-2.29507375
-5.620368
-4.48075104
-3.04129601
-7.90780592
3.52729082
2.95759392
10.1158218
0.0454318523
-6.79956818
-0.831827581
-2.55041456
-1.86426926
-1.29306412
-1.76388788
3.39925003
5.88298035
-0.63382411
-4.50621367
1.78186154
0.75206399
-1.53055334
0.590469003
-6.03712273
5.39786148
0.976128638
-5.18730259
3.26738
-6.79757118
-5.87705612
-2.48685312
-2.07001162
-5.69244385
-0.365978956
-0.251022816
2.12568712
-5.84937859
2.73472977
1.09924936
-3.4596591
-3.52525949
-6.22980738
-8.10166264
-7.57431459
2.83899784
-4.40059996
-4.8390708
1.89845586
-0.934719563
8.80066681
2.71568942
1.55231237
2.76050425
-11.3697195
-1.07889652
6.21419144
5.76420641
-8.58259583
-11.3706903
-5.45967674
-4.10304403
5.76066256
-5.21646738
0.210750416
1.24272072
-0.15652442
1.0063529
-1.63839459
1.94950533
-1.66067696
-0.31785202
-4.91721344
8.58413792
0.638246894
6.0885725
-0.0614585876
-6.09092808
-6.99529362
5.12703037
1.01865864
0.551506221
-10.2717018
-1.17211318
3.54693556
-8.76343441
1.15503335
-6.39952087
1.74494159
2.94064069
3.25513363
-2.06051183
-0.395676494
3.24235606
-3.21535444
10.1982803
-1.96658409
6.06519842
6.30362272
4.94699478
1.06423521
-4.05114889
-1.4134481
-6.7228384
-5.06498003
0.285033792
-1.37578964
4.42797661
-1.33259666
-3.4430511
-5.87154675
-9.46920872
-2.0021596
7.45368242
-4.10153723
8.86785603
1.17234421
0.930559874
-3.95726538
1.50288093
-1.7293067
0.958078861
8.67630577
2.89371562
-3.80776691
-2.15850496
10.9582853
-1.71013331
3.40569639
-7.62688684
-5.5188098
-9.92461872
-4.854702
8.53716278
3.91721535
4.75824928
7.46784735
2.87713861
-5.89543629
-1.32295156
-6.79985285
-2.33851004
-0.634377956
7.44766808
1.54588246
-3.59029412
5.2922945
5.25521135
-4.23368359
-4.45720577
-0.600883543
0.964520156
-8.37757397
-2.67476892
-3.14048958
6.55934525
3.24100709
2.39998126
-4.69604397
-7.38300467
-4.10352802
-0.157568514
-3.96191788
0.419793129
-4.2905097
9.29496384
3.66430926
3.54342842
-3.62957287
-5.251441
-4.71929359
-7.02363729
-5.4268918
4.03402424
3.31872821
-0.90797478
2.94485235
-5.0725441
-3.90843439
-7.05429411
-9.77384377
-2.73560643
-0.061673522
-10.2542763
-8.52773476
-0.854031563
-0.644127846
-1.81387997
-8.24331188
-6.91161966
-4.49507809
2.69432759
0.150914669
3.47516656
3.30131817
-3.5665884
-0.0899720192
-1.22950029
-4.47603559
-10.4908085
-5.17401695
0.801892579
0.430928946
-1.29931343
3.0842464
-9.47873116
-9.14556026
-1.51577008
-10.2110424
5.64186335
4.18511581
7.11989927
1.43889046
-1.95001233
3.78376675
5.96710777
-4.57000923
1.48487842
-8.85900307
-4.45770168
0.833177328
-7.38068819
3.80156851
-1.075418
-7.09972334
-3.03022671
-1.44868147
4.51280832
1.85072708
-3.39687252
5.70446587
0.136232734
3.02897358
-1.30884707
-3.93613005
0.971459031
7.39863682
1.68449378
-1.31041098
7.45591974
5.0962081
13.8888407
4.00477695
-0.50297761
4.66657257
-6.58889627
1.59057891
3.87830901
-3.48185182
9.23403358
-4.2978096
2.17149973
5.91395617
-7.46151304
-2.30131102
-4.20500422
-1.5523473
-0.848759592
-4.62914371
-2.11665034
9.22183418
8.27365494
1.02219212
-8.59271145
4.73083973
-6.81566572
6.74083996
-1.64329267
3.47803426
-3.03869629
2.0970552
-2.83610964
-0.947250068
-6.25829506
-0.489402294
-12.286849
4.65075922
7.09575081
-3.62194204
-0.0274395943
-7.0656991
4.94082403
-0.398942202
-8.99926662
-2.22093391
-5.28342247
3.90325546
2.66284084
0.971104622
-10.209733
-7.87633896
2.61784315
-4.36777687
5.23152256
-0.810029745
0.0653361082
0.748457193
-3.69177389
-8.3020668
-0.769731641
-4.77291107
-10.0358677
8.16987705
6.40572405
-14.741704
-1.65076506
1.8876543
1.66087604
-0.4123936
-1.00018692
6.96454811
3.46258903
-4.56951284
2.3410964
-2.97894716
8.85706329
-5.07858229
-4.18975353
8.96781921
2.26842546
-4.93970633
0.621308982
-2.54574394
2.16658211
-2.73888063
-0.400995612
4.81924915
6.5131588
7.59711123
-13.3153839
-1.71833289
-1.71891618
-4.83480453
7.90144873
-2.62219048
2.79910421
0.444773555
-6.44855452
-0.262999475
-2.6043756
0.474087536
0.204392314
2.49465346
-2.22497368
7.1763773
6.47864151
-1.31222415
-0.698088646
0.474502087
11.6448803
0.573788881
-1.47489476
7.02342987
8.2444458
1.18340695
-0.208432436
4.62300444
-2.00148439
3.67303848
-8.90134335
-9.14598179
6.49619579
0.502530694
2.3030653
-7.94727898
4.07518005
-4.75150871
-4.08712769
4.32106733
5.03352165
-4.90023994
5.35609674
0.162165523
-1.24910247
-1.33798862
14.4924345
-1.62577748
1.38935637
3.52252364
6.12066269
-0.453192949
2.14864922
3.57000828
-3.22022867
-4.11674786
-3.92030382
3.23748231
4.73371029
0.443776131
-0.415455222
0.0486890376
-1.24020624
9.16671562
-6.20592594
-2.50717044
-4.30033159
5.3963809
-1.79614842
0.92060256
-1.15547836
0.661903501
-5.63031197
3.52205729
-0.116906047
-10.3881397
-5.75330687
1.07964778
3.66352582
1.23572707
4.51639843
-4.61520767
-10.6213779
-2.32138181
5.03694487
0.179993689
-6.12523508
-5.60031796
0.295283198
0.0952929258
0.703928947
-4.25439644
4.93035936
5.53154945
5.04372454
2.5144825
8.85931015
6.76764488
-0.229428425
-0.861378312
-1.92542315
-5.11352205
-4.09169769
4.66209507
7.99216652
-4.24248123
0.812102199
-7.28106403
2.47446012
-1.32588816
6.36382151
-6.35233212
-6.81774139
-2.82751417
-3.87245011
8.2422266
0.0494313538
-1.28213418
2.71799088
0.542655766
0.204006791
2.49932265
-5.7899704
4.19073057
-4.12549973
-8.65960503
-0.374014616
-4.17374659
-0.748485446
3.90891743
7.31809807
3.33261728
0.361310363
1.32736897
1.81080401
6.61935043
7.58480263
-3.2826767
1.56543589
5.22676563
10.8228474
0.723055542
-2.60374069
-9.41789818
-3.49877048
5.74483919
-0.549350858
-0.563044548
-0.929463744
-2.76193047
2.78410888
-1.23326743
-7.4006753
-0.514357567
3.22380137
0.300495386
11.9433832
-8.28618431
-6.12192345
7.29260063
-0.450554371
-2.36802649
1.36605239
-8.11555004
0.242930889
14.8087549
3.65604639
4.31749058
-5.97684908
-3.08348346
4.64638996
16.0816498
1.6471374
-3.28568602
-2.7687676
-5.58328199
-0.811193228
-2.61620903
5.99657631
-6.45021057
1.95863008
1.18747342
7.78865623
8.47625542
-5.84533215
-3.38995504
-4.61041451
-1.11926246
8.50609398
2.49411178
10.095232
6.02479124
4.99184084
4.99292755
4.54599428
-1.81082022
-5.48765564
1.70794952
5.28760529
6.14534235
6.6381712
5.26282501
5.03791809
9.07439613
3.55976176
0.577013731
5.5553565
1.92833555
14.006216
0.851490021
-5.6482234
-0.0789196491
-7.41274977
3.24052191
-2.24423742
1.95865083
3.57790089
-9.02558613
1.2802316
6.70876265
3.7755661
-5.89327908
2.6521821
-5.07939911
0.609300792
13.4959335
15.8017769
-3.32122326
-3.66571212
3.1366055
12.0166397
3.8671422
1.16052651
5.38805294
8.25876808
2.27949619
-8.58315182
3.844841
3.06695199
-3.0655942
5.41574049
-17.0971317
-6.64727116
6.34582281
-0.576301277
0.697548628
-2.78837466
-3.07673788
0.904108167
2.98299861
-0.165976688
-1.39419985
6.69839764
-8.90336227
-6.59852982
0.342264175
-10.0013666
-0.828205466
2.69494343
-8.20272541
1.39496732
-3.90931034
-4.88982153
2.36470056
-5.67838955
10.4160814
-1.66007006
2.4370966
-1.62823081
-3.93203211
-0.144191265
3.79898214
0.717155159
6.06705809
-0.0065947175
-3.03533959
2.80532193
6.00820637
-0.176844716
7.98302412
-1.27958345
6.2023325
-4.48889017
-0.179103538
-2.36419511
-7.23082018
-5.74508858
1.19470084
-6.21742916
2.25800586
-1.7577734
1.17574263
-0.422387898
-0.0341668129
2.30478764
-6.91437531
6.07392597
1.05500889
-4.36411762
3.51823473
-1.21590483
3.38932896
-11.0718088
-4.32174587
-5.73552704
-4.67706442
3.1267004
4.54414797
1.62921154
-1.34867287
-4.18781757
-5.39111948
-0.250340283
1.20708942
-8.86781979
-11.1256504
-7.3299036
-3.03363991
3.23357821
-1.89668417
-1.65444875
2.5101645
6.06170177
3.73001218
-9.44704533
-1.15454233
-2.98750973
1.27306819
10.6981487
-5.43012619
-1.80835271
4.64302254
0.775798082
9.09415627
2.90127659
-3.98111582
1.41519272
16.2529716
10.4581108
7.99267673
-7.31237459
-2.80885053
3.05546951
-3.86774611
-1.32852876
0.353358269
-1.24415624
3.32245064
-6.31306219
-8.22310352
5.52519083
-2.38474512
0.914745688
-1.62831712
-6.15859222
0.0541297197
-4.90729618
13.4234295
-0.892946482
-1.04309583
1.51113343
-7.21875
-2.7253437
-7.56187344
5.95281792
15.844696
-2.56745481
0.725040257
9.77634811
-6.59344625
5.23452568
6.27627134
11.1196632
0.19540441
3.03850555
-8.37460804
-3.55651116
1.50380528
-7.54022074
4.50363827
5.14829969
-3.83431315
-2.65811563
4.0412674
-0.0999801755
-3.52642369
8.85530281
-0.209848613
0.510526896
-1.97176003
-8.1349678
4.09183645
-4.96493626
-0.898802817
3.77555561
-7.10287857
-6.60812664
0.351743937
6.33851814
-1.86961651
1.5972563
4.45490837
-2.94279218
-7.38211727
-10.8481083
1.08900464
-2.37488389
-4.93865252
9.31627655
6.04436207
-1.77641284
3.35150266
2.4588511
0.242780566
1.90698612
0.266667068
4.89199781
9.50407219
-5.68552065
-5.06148481
5.3056488
-3.05388212
3.41946244
-1.83871865
-3.6162827
-0.246144414
0.893826008
-7.28491211
-4.22435379
-2.51781678
6.44548321
-1.11135864
-3.99850464
-3.85596037
0.683572471
-5.89173746
-3.12005186
-4.31554794
-6.29834127
4.19086075
1.7107048
-4.2667017
4.62170744
2.87199998
-2.49793005
-2.02937484
-0.274011731
-0.349422932
-6.41771936
-2.26485085
2.80523062
6.75431061
-3.82786441
-8.12473488
-5.90626335
2.56305599
-16.0803604
0.403459042
4.68114042
5.19236088
-6.85169744
11.2389536
-0.514894426
3.7384975
-0.552720964
-2.02232504
0.815018058
1.09993649
-8.31124878
3.62524128
6.75327539
7.25436878
-2.60873175
-9.12469578
2.48176503
-1.58102572
2.59232283
2.92944384
1.02782476
-4.96729565
4.19348669
-3.76603341
-0.615998387
-3.70171976
2.2232132
-2.44864964
4.20238733
-0.338943362
-1.38439655
-4.0160861
-10.0058069
1.94500375
-1.07130027
4.60106277
9.36817455
4.84942961
-2.77519941
-4.159832
3.2797637
1.40624428
-14.8007078
-0.625126004
-10.0234146
-6.46061802
-0.638718843
0.173977375
-8.67768383
-8.81933498
5.06181335
3.49055219
-2.67263222
-7.08575058
1.08870006
13.1154556
1.60649323
1.86427081
-4.98252916
0.203274071
3.10027885
-4.20585299
2.20994854
-9.98515224
4.11724186
3.50248051
-2.14959908
1.60184836
7.69065857
-2.66254854
0.351273775
-4.94174099
4.58070087
-2.1586926
-0.0206037909
-4.69920826
-0.037307024
6.92040348
-5.14174414
0.0660872459
-5.3905344
2.13086414
5.87864208
-12.1792097
-3.4816668
-5.04913902
-7.8198185
-6.53866625
1.19051218
-7.55246735
8.79921341
1.93929493
-9.26169586
-2.50628662
-2.03431177
2.72446489
-14.713851
0.446410477
-8.47562504
-1.0941155
-5.06421661
0.363265634
2.44504428
-8.99353981
-3.23263431
4.12246084
2.80625248
3.23194838
3.76869273
2.9087801
-14.0342255
5.0795579
1.6790452
-1.73798835
-0.0534607172
-2.22086787
-7.31535435
5.36143398
-5.27385139
0.456840724
-2.16232729
3.19424796
-6.57863665
-4.41948986
-1.20320487
0.280568361
-8.84958076
6.52648115
4.4815712
-4.90653467
0.440808773
-1.21754003
-2.43775892
-1.0368247
6.45188808
-0.493640363
-7.72260666
-5.45171261
0.569522619
5.36868763
-1.80907905
-6.00040722
-12.4990435
-4.75493097
4.04488468
-5.87435246
-2.38874388
-2.0809021
-1.28453994
-4.27379131
-3.81871462
-12.1787634
-0.651993036
-4.52376747
1.39214516
-1.47337222
-1.91917706
-11.6525707
9.27653885
-9.20115948
-5.68328714
2.58648038
-2.2328496
8.22492981
1.1065985
-1.74506354
-2.83057404
-7.97147942
-4.94065285
7.21728516
-3.26447392
1.18643117
3.19670248
-1.56697798
-7.78813934
-1.83753431
0.0197987556
-2.82891631
3.7387774
1.62504911
3.97899914
1.86018443
7.48034525
-5.83519888
3.95994234
2.20804882
-0.62770319
1.19015574
7.59330463
4.93344641
0.699739218
3.07074308
-3.566818
0.946025848
-6.05709743
-3.515378
1.0705837
5.19137239
7.34855175
-3.84792209
2.80238867
-8.43403625
-10.2532921
-6.08134747
-2.69003987
-8.27508926
-7.5628109
1.42764294
1.38040543
-1.76257169
-2.26438904
-4.07917643
2.50749445
-7.47536469
0.979217052
3.37313032
-1.2935009
7.92824316
0.308812499
0.330316544
0.00310989097
5.20300055
0.128563285
5.34886885
2.18050385
0.213736773
1.09666431
3.7923193
-3.19243765
-4.60340548
4.18740368
-1.23543417
-8.92547417
-5.98088837
7.9005537
-2.2588973
-7.32429886
-5.67011881
0.127560496
9.10496998
-3.25209427
4.55576992
0.818414807
-5.29863214
-5.86791277
-5.29806852
-3.64399719
-0.0639483631
-5.66800213
-1.95523918
-4.88755941
-4.32198715
1.69620323
2.69570541
1.66304386
12.9163952
5.99020433
-1.63545251
-0.983971953
-7.80191994
0.761296093
0.523791552
-1.47158992
-8.78582573
-7.02886057
-0.764410257
11.881052
-4.75561476
10.1979752
-1.5232234
-3.70661497
8.62054729
3.02138329
-0.630988359
-14.6132469
-0.686784387
0.0881116688
3.65292335
3.02361345
-1.68419981
2.14253879
7.83041382
11.089282
-7.30083466
-1.12835813
-0.157809973
-4.76976633
-0.400803089
3.58231926
6.73246765
-0.893697262
4.15924263
-2.91321945
-2.29434061
-1.35392141
4.34328842
-13.3862028
8.06973934
0.553967953
-3.7054286
-4.31405258
2.85933352
-4.96768045
1.0243758
3.43549037
3.92442513
-10.7384386
-2.55426335
-1.52054095
0.0194649696
2.97476935
-0.733714819
-7.25779676
-6.90273571
-2.70843744
4.59702539
-0.444949985
-1.78041875
8.16196918
-8.15001392
-3.9506104
-0.596657693
1.81302857
7.93024206
8.43287086
-3.05961657
-1.74570155
4.1420393
-3.55032635
-0.0244947672
4.09851837
5.47339582
-1.90697598
3.30458736
-6.3136692
-7.26741695
1.75325942
-0.980479836
-10.3970394
-4.33935499
0.714040399
-7.03134966
7.94469833
-7.47440052
-4.76051092
-1.62533307
2.98433876
-2.04329348
-1.20824647
-5.87123299
15.6454153
-0.349043012
-3.9984467
-2.70314503
-7.55782032
-1.21738172
1.94592524
-9.0309391
-7.66570282
-0.169468939
-3.37210202
-1.06500101
8.35172272
-2.4966054
-1.75802207
4.69272137
0.233855247
-1.73737168
-6.14409924
-6.05752611
3.91503787
1.12960243
-2.3123076
-3.35723829
-4.31975174
-7.15811205
-11.1183109
-3.37507796
-7.91450357
6.94108486
-4.9444294
2.69043493
8.32745075
14.8037939
1.41163421
4.96392393
-1.31100857
-4.07146597
-1.71235204
-3.85556793
1.08621204
-2.78253412
-0.0193214417
-5.56120396
-2.54533005
2.6635282
3.34267521
0.955149412
-7.67897797
0.166508675
9.75487804
-3.37025881
5.35448885
-7.1316433
6.41530895
4.23430777
1.02915311
7.68902016
-0.653748751
-7.45123291
0.663283467
-2.74326038
1.79966223
1.09920859
-2.12629628
2.83956861
-13.3681259
0.566333532
-1.85402966
-5.12573195
0.664855361
0.261850357
-4.47546768
0.60172987
-1.9379127
0.841230929
5.41890812
-5.53495693
7.60769033
2.41042304
-9.52161407
6.73690844
2.51575089
-6.68481731
3.57697034
4.33944082
-7.79712868
2.33244276
-1.56954312
-1.66043735
-4.22446537
6.81074429
-7.72423077
0.0106471777
1.07728684
-7.78222942
-6.82636929
2.85848618
-4.65601778
-3.43253875
8.49797249
-2.05253267
5.29668951
-10.2002544
10.90697
-1.7552315
2.33906245
2.78740454
3.09970975
4.39150238
-5.01388025
-6.51847935
0.199263573
-0.173748016
-0.9915483
-4.68769455
24.8821087
-9.4573431
1.58303809
1.39688694
4.8015933
-4.40717697
1.42496133
-2.58191586
-1.06279302
-2.96384215
-0.999522924
-4.38071012
-0.547617197
-9.90192699
7.04050732
3.09726715
8.71523571
-3.00619173
-4.43843603
5.29124784
4.46933937
0.868027866
0.733904362
-1.91880167
1.34552813
-3.02850461
-9.08916378
-4.32911396
2.39631557
-5.02219582
-7.0596776
9.70138741
-1.70645571
7.8544054
-5.82969713
-0.375335455
1.74613643
-1.37071788
2.2255373
-1.15456057
4.37630177
0.142353356
-7.37530804
-0.199279785
-4.39469337
5.47079277
3.84879494
3.32261682
-0.126973033
-2.38853121
4.38514042
0.559081793
0.0735084414
1.34851432
-5.57686281
-9.45584202
-4.39683914
-5.74336672
-2.17871189
-9.22764492
-10.5098648
-6.68047571
-3.38500357
3.20446086
-3.1472311
-2.17905354
-0.919353843
2.49265146
2.8193481
-5.19711685
5.42348146
-8.70796585
-4.576509
1.00232422
-6.85057926
8.37924099
-1.53175247
-0.416344643
-2.57071567
-8.24269676
0.519078553
7.79114151
8.03448391
-7.65455627
9.98588943
-2.12356043
10.5372639
-1.36866879
-5.89711285
5.07560349
5.4987216
-0.122924328
5.45987225
1.90992224
3.93147755
-0.049987793
-1.58276045
3.10709858
3.19839621
-1.97178793
-1.18282557
2.45959663
1.93062449
1.05473983
1.64869094
2.57842565
4.88080215
-1.58339727
-6.34895802
-0.689349413
-1.85276258
-0.882344842
0.738300323
-8.09260273
-10.4219751
-11.6101151
1.82336617
4.16177177
-0.438935518
-5.73432779
-1.97642481
-1.46025908
0.38593936
9.80125904
-3.5235486
-1.9261291
-10.5731201
6.34884357
-4.31903887
-6.0107007
-5.22808123
4.93861675
-6.19981909
-4.205163
-3.92932177
7.09033251
-5.23172379
-0.130410522
-3.92341232
-3.19124889
-1.49249053
-3.34222698
7.95251894
-3.79163837
-13.5831776
1.79677045
2.11593318
4.91070604
6.07754803
6.46611404
-0.561139107
-2.3915782
1.89504516
1.06943417
-3.08902717
2.77473497
-0.421813726
-5.04168129
7.28528881
-0.119177818
-0.309954673
0.266814828
7.46937323
-0.664949894
0.958266854
0.107039869
0.679792166
-5.9288764
2.27539587
1.32256019
-4.79106045
1.23420644
3.22874546
6.73514891
1.13541079
-8.75186062
-3.67155647
4.01573849
-4.19798183
-3.47392988
1.41575789
9.853302
-2.24460649
15.6856441
-3.99537802
-1.60410535
-5.89843941
2.78059983
2.32305145
3.50808954
3.60435891
2.42278194
6.81176376
5.00018072
7.75609064
5.46335602
-3.91817832
6.19014025
1.5734489
1.65640426
-8.6601305
12.267704
0.543440878
-3.12189102
1.32732868
4.33218861
12.6443853
0.959050238
-6.42799091
4.56228256
-0.907172918
4.3219223
6.52461338
5.99164438
8.49424744
-0.736354172
-5.82282209
-6.86453056
-5.91371822
-2.54445243
6.01848078
16.8458881
12.2048569
1.89853263
2.83526182
-1.74665868
3.71731067
11.1547918
1.66704869
-2.5941844
7.60995293
-8.95165443
-0.441602707
-2.91157532
4.02114248
-5.99437141
6.96535015
-9.37002277
10.9140835
8.97041035
12.6551685
-2.50871563
5.3350234
-3.58133149
-0.306500912
-0.526413083
-7.82427931
-9.41798401
-1.15789151
3.13354731
-1.9335078
-3.18421602
2.18056417
-9.43543911
9.96813488
-2.91169238
-9.11175537
1.42901015
7.71834517
-3.58208156
-3.50938463
-4.14151478
-5.45946026
5.53496313
2.04342008
0.114076376
0.595526814
3.79014158
-1.6041708
-0.0426204205
-2.32057762
-3.90515065
-5.87968302
0.861050069
-8.66362667
5.41193771
-2.63246393
5.90289783
10.3555927
11.7168617
-2.85936809
-2.03334451
-6.50403166
-5.79088497
-3.84394383
5.63960457
-1.13398325
-2.82331276
0.101374149
-1.55423319
0.710644722
10.2037554
-0.660526395
-7.52661896
12.9179249
1.83853912
-10.9166698
-6.39296007
-3.15398932
2.28406119
6.17461109
1.06587398
0.421124935
-3.34560227
6.0832634
11.5043039
3.51895952
-8.47149563
-0.575649381
-0.500579238
0.0264462233
0.538039923
1.37128186
-0.12102294
-3.11674309
14.9317026
-2.18057966
8.12570953
-4.87081575
8.8588047
1.80009198
6.14233637
6.36053467
-4.46328497
-5.32084942
-2.67885804
-4.41164207
-0.279324174
3.10971498
7.50645304
0.374263525
-5.33754444
10.6076488
1.10959756
-5.1745615
2.15543222
2.10634851
-0.0451655984
4.13867998
-0.847391129
-3.2821579
-3.12819815
-2.3931303
-8.71249008
1.38215899
1.06984568
-7.48368216
-10.0356398
3.09801149
-4.17620707
-5.54593372
12.2554741
0.165359199
3.23954821
-3.82424045
0.169342279
-3.48836017
-3.41064405
-3.83430934
-1.85975707
-12.0909119
4.07274532
-10.9573631
-7.84071064
1.7866962
0.613262296
-4.81534529
0.538700104
-5.06718969
1.62975192
2.02892351
-4.65827227
2.54367161
-6.88404369
-3.98422313
2.17700434
2.7614398
-8.54379749
-1.66074586
2.50903606
3.5920043
-8.05490112
9.09358025
-0.240037143
-5.93212891
-5.33940411
13.9603834
3.41214538
1.74821901
-4.9620924
-2.49063587
5.95113564
-2.30235839
-3.57830024
-2.95072985
7.90498352
0.575404525
0.888266444
0.669508934
2.65402555
-1.77236736
-1.87414372
-1.33329225
1.59932423
1.42586005
-2.49140668
-2.03556085
-2.94054747
3.95283103
1.99860215
-1.19964087
5.01219082
3.26062894
-6.08805561
-0.241816998
2.84275627
19.3362961
2.06720543
-4.86795425
-6.37160873
5.13319159
0.512356758
9.0582304
3.70444489
5.57169199
-3.41775846
1.39822555
3.40232062
-2.98066545
3.85140514
1.2526567
9.71559143
-9.69454575
-2.54963064
13.7132912
-8.26140785
-8.63220787
0.842788577
2.47413588
-2.73031902
-2.14621615
1.13013411
-0.824855387
-13.8786831
-5.73666525
-6.34432888
7.17239809
-3.3157959
-5.50140285
0.53538245
3.55796027
-8.36127663
3.49484921
4.20466757
8.57618618
-7.38382864
2.21258307
4.77968311
6.91643906
-0.830122054
-1.73497093
4.36074495
-7.47327852
9.08845615
-7.56071949
3.36658525
1.39868796
-3.02440214
-4.06936932
0.114006758
6.88326836
-0.978441
-1.06505442
-7.18701506
-8.38278675
-2.22337723
-4.14201307
0.51651144
2.79485011
-6.09498692
-0.0176729858
2.98703885
-0.640938997
-3.84140635
-0.904667377
-2.19847012
6.46825457
-4.35087585
2.63044024
-0.114700198
-4.07925558
5.83110905
-10.7221813
6.41016817
1.58909535
2.62941933
-0.588864923
-9.42468929
-8.70812702
1.89320171
-1.09072113
-8.41241837
4.09266472
0.112054676
-13.2474823
-10.5070562
-3.77935982
-3.69049811
2.09570026
8.22965431
-1.86905098
-3.25184846
-0.775987685
0.0991566777
9.06822586
1.51716661
2.33726931
-4.7515626
2.79469848
-1.17237115
5.45138693
-3.87666941
-1.78086722
-1.6761682
-2.89496303
-1.06948578
0.754854441
2.79035568
-1.4280591
-1.93137074
8.30401039
-0.774667263
-3.91410398
8.13200474
-4.29137421
4.03273106
2.64909697
-5.81476593
0.66404891
5.55588913
-1.34704781
2.20694304
-1.1611712
-0.895603478
4.74279022
-5.07605648
-2.84330463
7.27409363
1.63832164
6.3874526
4.38144779
-1.12920451
-5.09113216
7.50321436
-12.7828188
-1.8016417
-0.53064841
-7.3765049
1.07063818
1.61142516
-4.21875715
0.949719191
2.22227383
9.05874252
-5.31556082
8.08335686
2.48164678
3.90073156
-0.130497456
3.25495625
0.516823292
5.62029362
0.669627905
3.78038836
-3.25920701
6.86643028
8.42907333
-3.48281097
0.0726420879
0.895304203
1.38193953
6.72442341
4.01876926
-0.856246829
-4.87907505
3.60156202
3.13808393
1.22248423
-0.34270072
-8.25585938
-2.17480469
5.34714985
1.17795348
1.349226
6.52033806
-1.17151499
-5.95262527
0.688676119
-11.1229868
-0.323571205
0.728181601
3.31610394
-10.6432438
0.65938735
-0.253852904
8.46397781
15.2385454
3.10407257
0.175626278
5.87646627
-5.12848282
7.49773741
7.65179634
3.07769442
-3.02704382
-6.60793543
-2.19731903
3.7163291
-8.28083038
-4.56382275
2.77216578
-1.45054054
0.422751516
2.86932755
-5.99524069
-1.9204843
1.75791717
6.87719679
-5.14538813
9.01093102
6.46378946
-9.22892284
-1.00346839
3.49394202
6.49918842
4.14800024
9.26140022
-1.94719899
3.15901589
2.79597712
5.34874344
2.35374069
5.53887177
4.4731369
-10.301115
5.83459091
5.41149139
2.72063637
2.22737861
-3.35482979
3.87585902
-4.28676653
8.07352352
-3.29472423
5.06125307
-7.11134911
-8.11165237
3.13428688
-3.0251925
7.96535015
3.50035954
1.40197444
-1.85373902
-0.699726462
2.49968839
1.22549152
-0.151412115
3.68111444
-0.366823912
-1.72819507
-9.37479782
3.81490183
-10.0177584
9.3679781
-9.11129189
0.118884549
12.9686012
5.03382301
6.30540657
1.64017642
1.00193524
8.01924419
-1.01434565
3.32465315
0.902335167
7.77711678
5.77065182
-2.56715155
-4.63790321
6.99026394
-1.16402769
-6.34371424
-0.142294049
-0.0517334938
3.31333947
5.6229763
1.10791397
6.20376348
-2.26639605
3.29429579
-1.2115308
0.714751601
2.6033783
0.601956606
5.81368637
7.0178957
-2.73253822
-0.790000677
2.6277132
-4.93482113
6.20283127
-0.393758774
8.79777622
4.87094259
5.36141109
4.23698807
5.20580006
1.29767489
9.63883781
-3.01553965
4.92662144
4.10482788
0.675893426
3.42080235
4.1462059
2.42290735
3.30465913
6.59858227
-4.21802282
5.26202726
-1.74187303
4.79111624
7.09847832
2.66385388
0.444298744
2.50260258
5.47089577
-5.04670334
1.41905832
-0.784963548
-6.10494995
4.82642794
-4.27982473
-3.03568459
-1.65854287
-5.62318277
5.27679682
1.54970264
1.07298899
-0.730077565
1.63811016
5.44851732
10.801609
6.80874443
10.2067928
-1.8463428
-3.04079604
7.63299179
2.88000464
-5.20244789
3.29769826
0.730643749
0.569450617
-6.76948643
1.9697082
-0.18429029
5.69594193
2.46900201
0.450362504
9.74841213
-11.072751
1.66255474
6.06860113
3.07971716
14.3639336
0.415229529
-10.8707361
2.89804864
1.40971208
-1.29780793
-8.81923676
4.97316313
5.32374287
-6.68876123
-0.493566036
-3.33430648
2.07948947
1.35246837
-1.59432495
-1.79679418
-3.07167768
0.17913878
4.62622929
7.81482506
5.6976881
-3.91427374
1.08118987
1.07365131
-7.46222591
-4.40413713
0.666342676
2.84846163
7.74842072
-2.61428165
2.80357432
-7.56356716
2.87590265
10.6980305
2.22502065
5.31689072
5.02499151
3.21941733
12.6464167
6.19994736
-3.99116111
2.20466185
3.01227784
4.89595556
-5.67833424
-3.58718801
-3.49256945
11.1809015
10.4769926
3.31691909
2.18372059
-8.01259518
-7.05874443
-6.78113604
2.38712168
9.14710712
-0.835719943
1.13502192
-3.74099922
-2.27771139
-3.75198317
5.44481421
9.61641312
2.32554507
-12.1556377
5.49460554
5.9342823
-10.3886633
0.268786848
-6.36478615
3.25527573
0.0398485661
-8.35585499
7.09028959
-5.66862726
9.84791851
12.6148043
-3.03262639
-10.915122
-5.01259422
-12.944088
-3.27491474
1.9131186
3.62056613
0.180571795
-0.263516426
4.29274845
3.61454797
3.27781606
0.151065826
13.1543407
3.75481319
-3.15807199
-3.00655699
-3.47683954
0.773174644
1.79396594
3.95965815
-2.66955018
-0.500411272
-6.3838172
6.2637167
6.15016127
0.0351734757
5.55123663
-4.74969721
3.87640476
8.05163383
-5.97909212
-2.17533827
2.64032006
0.636425614
6.25089216
-8.45249176
0.253718644
7.67681599
-5.73244286
-7.1850872
-2.26895165
-2.62424922
4.19714785
1.64672172
8.97604179
2.58369207
-0.248905182
3.99457359
6.77575064
2.72817874
5.28402901
0.834444702
0.497040033
0.0634053946
7.85403442
6.04478788
-0.603606105
-9.31424522
-1.01233292
-12.712162
-2.51333094
-3.39182115
1.03298914
3.19336605
-2.6450386
3.2923429
9.31471348
3.98427105
-5.01902342
-5.49211502
3.28796053
-0.252633572
4.19650173
4.61832333
-1.3812623
4.20923662
-6.19528675
2.23578787
7.12292528
-2.58438063
2.99322939
-5.54944324
4.84444618
-2.41892052
-10.200983
1.12517118
-4.27983522
-1.39415574
-0.390881658
-2.89769673
5.67812443
5.9044342
-2.39719629
-1.90616453
0.534431577
5.97622204
-7.23114395
8.2986536
4.06764746
-4.52215385
-0.315703154
3.54781103
7.19747448
6.38187742
-4.45107841
-0.15538764
0.348052144
8.52137756
-3.72718239
-10.1977673
9.63071728
-1.50660098
-1.45801592
2.58899069
2.66583109
4.99313211
0.413146973
6.29145622
-1.06802881
4.94065762
-7.04218388
5.41540718
-2.46020961
0.0712221861
-7.24486446
-3.60322642
-6.00633526
-2.61854386
0.578055382
-4.80684519
3.62906647
-0.623853028
0.612683296
1.99645579
-8.19216728
-7.73674917
-2.14714432
4.34860182
-3.34768009
1.35345626
-0.332565069
4.1541667
3.5187726
10.2294331
5.33430386
-1.37388194
-9.15552616
2.38785887
-5.10746288
-4.00526619
1.68001723
-3.06509304
-6.27115345
1.05786371
3.50907469
-7.33299303
0.777694106
0.39226532
-7.66859913
5.99217272
-2.29797029
-10.8382769
-7.64633226
10.7275085
-1.53978181
6.15217733
5.14988899
-7.78054285
2.56692958
2.1884532
-2.09779501
4.12974453
4.74813652
-3.01011515
1.07937896
4.89043188
1.3155489
-0.195919514
0.334821105
3.57418728
-0.310316294
-0.0134999752
1.13022947
-0.0773186088
-5.19633293
2.66637588
-11.1244316
6.24155855
3.5480907
-5.95008135
-10.6972752
2.921628
5.40325069
-3.898139
5.75398731
7.56821394
3.76781583
1.34932041
-12.0440598
-1.39660096
5.29765701
-0.532984853
14.3115406
-3.07885456
4.21467161
-0.142160654
-5.54251671
1.43672037
-0.954355001
-0.799800634
-3.96194673
3.35120368
3.73890805
-2.82154751
4.56545305
4.12053394
-5.17931271
-1.80732048
-7.60630941
13.4479914
-4.11594868
-5.91617632
3.08540606
-2.80949879
3.33186507
-5.30104208
-3.90042877
-1.00455475
4.49301243
-0.508548021
0.606669068
-2.57538319
9.75864029
9.06448174
5.00931168
-2.62814283
8.76099205
-0.0853657126
8.39707565
-1.62921572
8.18810177
6.7136879
8.32012463
-2.42938161
3.41756535
-6.99934101
6.04851246
-5.97017288
4.58416367
1.12162685
6.26658344
2.9834013
14.3558197
-5.034482
-3.45044518
0.0865126848
-6.0645752
-7.36653614
-12.7394171
-1.87059832
-13.9025164
9.1166687
1.60500109
-4.95135832
-6.48009539
2.84160137
-1.0157845
4.12149286
3.02618837
5.9331007
-2.74257946
-5.87929726
-1.18223977
-4.01845217
-1.05495143
7.51766586
-7.27556372
1.69360828
-3.65201879
-1.7882421
6.75515938
3.82116389
-4.32786608
0.892475605
8.78082275
-0.684281349
7.06312466
-3.44482493
2.59459424
1.45205784
0.493626416
-0.273777485
8.3146677
-3.54822063
-1.09558368
1.65003264
-0.358983278
-2.21721649
9.55149269
1.72774744
-0.519451797
-4.06051302
8.89082813
-0.865351915
13.2285767
-0.677798033
-1.45291567
2.02694273
6.87979507
-8.41761017
5.53222513
4.18319607
8.6887455
2.17919779
-0.650144577
-9.93449116
5.55991459
-3.72029018
-2.31753755
-0.746175051
6.26081514
-7.24111557
16.9746532
-2.11510658
-6.6388483
0.803553224
-7.16424561
6.99835157
6.51712751
4.14032555
1.07067776
7.10103559
-13.0930166
-1.40594196
7.82271147
1.90491629
5.42216396
-2.12543964
-5.50481033
4.15469265
-9.15418816
2.26627874
9.28288269
-1.27539945
2.6804781
-0.0998562276
2.42642236
0.279184282
-2.58967829
9.02285385
-0.249653637
5.47130728
1.59719384
4.50276852
7.24438953
-7.33093882
0.298163414
2.06550503
-9.22360516
-6.7189312
-2.79504919
-3.01937771
7.11642981
2.26529789
-0.841993332
-4.40369797
0.51158607
-12.5662155
6.2018404
-0.244094133
0.227994472
1.67671824
-7.68614531
-6.72182083
0.259264946
-7.40391493
-0.881428599
-12.2203875
-4.21259499
-8.05642319
-2.21222043
-8.09345722
6.76518106
-0.284693241
2.7764523
1.13140321
-1.3376292
-7.44971991
-3.08346486
-1.31332028
7.45899487
3.12243462
1.5971905
-1.41977715
-5.84946442
0.0293357372
-10.6754341
4.08607483
-1.17908156
-7.70637226
-7.07130051
4.39109659
1.65334225
7.53535271
1.31968749
-4.54192924
-4.3237896
5.24095106
-0.337711811
-4.90804768
9.59695053
-0.524318218
6.33252859
-3.9534812
-2.39852858
-1.53230095
0.228174433
-1.4768635
0.611271024
4.75041485
1.04089403
1.01969504
-6.74519491
-5.1427331
-3.13600874
1.20640385
2.09766603
6.2301321
-1.56059909
-0.123587906
1.18281209
-2.22477436
-2.26007056
4.22192335
2.06502342
-3.26916838
-0.873789787
0.540135622
6.18682146
3.79136705
4.67983007
9.55279732
1.41163659
0.11954844
-0.55997771
12.598774
8.3341608
-3.39208651
-1.94380498
-0.706263423
-3.68876648
3.25632572
3.56280375
16.1835938
-7.04209375
-1.55057526
3.93311596
-5.47754097
-0.730125785
3.09146118
10.1648884
-1.8393755
4.98599815
-5.05904579
0.935779333
-5.41804075
-3.85328388
0.818229198
-5.77447081
2.89710164
-0.0991898775
-1.51243424
-0.355426967
-2.29418707
-6.35159826
-6.69970751
3.04732084
-2.61391544
-7.51534271
0.162723303
-0.867381692
-8.51384163
-6.55347347
2.61979079
5.76290751
0.321367025
11.3574123
-5.68579435
7.70398855
-5.70642042
-8.19517612
-4.86280346
-0.685425222
9.3361311
-7.81664276
-5.42933083
-9.883111
-4.14478016
0.440654516
-0.387063503
-2.05550337
-2.1033082
-0.974668503
4.11064053
-0.650621176
3.31100035
-8.16068554
-0.905664921
-1.06746244
-5.09473133
-7.63747406
1.41934764
1.93470383
5.75775957
0.00475090742
-1.96032155
12.1758881
1.33960462
-0.524457574
7.77628613
-3.93771243
-5.41121292
-10.1769438
-2.52586079
-3.5573523
-7.15712452
-4.21011972
7.08744049
-4.39272404
-6.64906979
0.220831722
5.28647518
7.28592062
6.12809086
-5.03799343
0.00735396147
2.52723455
-1.54707885
-2.01815629
4.48068237
-2.33875608
3.47621775
5.41985464
1.26105285
-5.45774937
10.030859
-6.53381062
-3.9177084
-1.10325539
-2.95424819
-0.282936454
-1.69573545
6.60999727
1.94481909
6.39024115
-5.70174217
-5.49046898
-11.5734882
7.2546463
0.795080125
-1.09419119
-8.21399498
-0.650639951
5.33165073
-7.28354931
5.40032578
-5.2164917
3.46614575
4.82401514
2.46288872
6.08073378
-5.58019257
-5.37829065
-1.23069739
9.71859741
-0.102467299
4.93010283
4.82291126
3.78320003
2.39480066
4.36191034
-2.0529325
9.25495243
-1.05554509
-6.21848917
-0.836105347
-11.1339874
0.878689706
-1.69964206
6.90791082
-2.04561424
3.31387949
0.94207108
3.36357951
1.70849276
-5.82085705
-1.9587059
6.27824879
2.46977019
-0.168315887
-0.986199141
-5.43413925
2.51115823
1.93851805
-7.7284441
8.85343552
3.06295943
-11.7891655
-11.0171299
3.85368776
1.50215054
0.708618999
-3.95218277
-3.41760206
-8.65000343
0.440515041
-2.75644732
-4.94485712
3.54130745
-0.708968043
-1.00826931
-2.30686355
9.65903091
2.19912529
-3.73608732
3.62232757
0.994684935
1.20500886
0.600838184
20.3781586
5.10308266
-4.92287445
2.66892052
0.778841615
1.50194037
-3.58347797
4.04212761
-3.30611134
-1.00539219
-8.53045368
1.39241469
-1.78160763
0.0317833424
-4.95181847
-6.08314848
7.0803299
3.34900784
-3.90676332
6.92881727
3.63777614
-4.43610954
1.21276021
-6.61083174
0.365251124
-4.6502409
1.25791574
-4.89170027
8.68863869
-8.28213692
1.69601917
-5.45003891
0.591734886
-5.50427437
-8.32099628
-4.47740602
-9.93485069
-1.39964867
-1.32263827
-3.34792352
0.964267492
6.17772293
-5.81718683
-6.46176672
0.0784127712
4.44164562
-1.53554296
-4.55601978
-6.8501606
-9.41384888
-5.11374521
1.00393486
-3.40105319
6.43955803
3.75230646
-2.3837254
-2.58896446
-0.161246777
-2.8357296
0.689773083
3.12916446
-3.26439738
-3.07101607
10.5292263
5.86966038
0.955176473
-3.31738544
-3.78907299
-1.46460843
5.71845865
0.530639172
1.01184928
6.86595392
6.63731098
-4.97726488
-3.82683516
-6.97843838
2.6196866
-0.741612136
-6.15093279
-3.25335479
7.05762482
3.12905288
2.22498274
-5.179708
-4.22522402
8.11804771
1.90962398
5.23586416
-3.06078815
15.918704
3.71519375
-0.334180593
1.7762754
-6.35876369
3.87653065
-5.51017666
-7.09428978
0.342755556
9.4053812
2.92208719
8.14050007
7.73467255
1.81099665
4.38491964
7.66829634
-5.46273613
-2.06933355
14.6293182
11.215786
0.0368506908
4.04198265
-10.9715977
-4.112679
-1.5894624
8.57319736
-0.520035863
-6.92013454
3.27251482
12.9860296
10.8523502
-4.56202507
10.2969303
6.25923252
-5.17600155
-0.849457264
5.85884476
3.11701822
-3.77472758
-10.606781
-2.58819318
4.39040804
5.43649292
4.1968441
3.16480494
10.2841167
2.52729344
11.9681234
-0.445324898
-8.26110744
2.90984011
6.26242828
4.29503822
-9.11803246
-4.96749973
0.263540804
0.951731205
-0.476869822
-2.33657885
0.849860311
-4.18743801
0.55558908
-4.42149687
0.611723542
8.88267326
9.24273682
-3.49014044
-5.80540895
-1.38753426
0.392990112
-6.42847013
-5.59277439
-4.02456951
-10.5417862
-6.97215462
2.85820699
-10.3859119
-8.72229862
-0.517732143
2.69946599
-3.13626003
-1.83376825
-1.75826716
6.07751751
-8.12522125
-3.52874136
-1.31690192
0.428581715
8.2931366
0.99698329
-0.736023664
4.18408537
-2.86236095
-8.46424103
8.29292488
-0.921957612
-11.5459213
1.21331596
3.78559589
2.02658606
3.92103052
1.48984587
2.82509041
2.90361071
-2.64241171
-7.22619963
2.99071097
1.60198736
8.39033031
-1.23675478
-6.52022743
2.73216605
-6.4575758
2.19714284
0.205281019
0.143336654
4.31179905
6.30082369
-2.71298146
-5.12564564
0.178832054
4.4472518
-6.29745865
-0.174368501
-1.0243994
-10.1363659
-4.48758507
2.97118044
11.7015915
11.9010572
9.4427042
-0.361548603
2.97803116
3.93781734
-7.6353488
6.22009563
5.81130791
8.79278564
2.36114526
0.227906823
-0.958005667
-2.35706306
-1.4297477
4.33459854
-3.43041801
-6.53612041
-3.0468545
6.45443153
6.58566093
-0.245702267
-1.81654096
1.08348274
10.8848782
-2.06130886
-5.76780462
-0.107744217
1.30635643
3.19916844
8.09298897
-6.79423809
-0.713723898
0.399446964
3.03237915
4.63405657
6.61922932
-14.1322994
2.83337641
7.02429581
-1.41677809
9.05752563
0.0680608153
-2.27851939
-2.11788082
-9.95437241
-8.4961338
-4.4206686
5.97738314
-7.28604794
10.0506983
0.887111902
-0.0195167065
5.26411581
6.82406807
5.63217306
2.29554677
3.06646872
0.952693582
-5.70552826
5.61128521
-5.27987528
8.52636147
6.14091253
-11.0857925
5.31193495
3.12183452
-0.518936872
-6.34418678
-6.64193392
7.71631145
-1.67004752
0.284122467
-1.86559153
0.0333514214
-4.22167873
-4.3411727
-1.80440772
-5.3331213
-15.7102404
4.11597443
7.31035471
7.43696165
-0.687792182
5.86028957
-12.1814976
-1.04354167
5.50289726
0.474388123
13.5550327
9.09317207
4.55410004
11.252739
7.82731438
0.292318404
-4.29163218
-8.79716492
-5.27196693
2.65188742
1.42750692
-1.60930443
-5.86897373
-8.5926466
-15.9834709
3.20918846
8.83739567
-5.2520051
11.9253931
-1.10022438
7.66012144
-3.39514732
-4.85159969
6.84577131
0.672863722
-5.17590904
11.1759367
1.7894944
-2.37122536
-4.27803421
-0.519412398
-2.06004906
-4.8928175
3.14987826
-2.00186634
7.64772701
3.01222777
-4.10389996
11.2958336
2.49195552
-10.5140133
6.11949158
-8.87495804
-3.26904154
0.152966022
5.51491642
0.271279454
2.14840794
1.13293719
-12.4569244
3.66848326
4.15068197
2.49575758
1.69980276
-0.758376777
1.80528522
0.452355146
-7.52296305
4.65361071
1.42182946
1.68909848
-0.404194593
-4.62045479
0.819009662
-8.29270744
-2.98202491
4.20970631
0.0779775977
4.00257063
-4.60641766
8.19491196
1.57153153
-1.68450117
5.40455675
-3.82258105
-5.08889771
10.2481785
4.53533649
-1.7856462
2.02612853
5.01105881
0.524025977
-2.48416162
-0.876651645
-0.284673214
2.37140512
-3.07361722
1.04957259
1.84888661
2.84407139
-0.728515148
-2.34063649
-0.63130331
-1.31335425
-1.2986387
-9.48408699
2.18663526
-1.91853809
-2.87071061
4.81364441
4.89101219
-10.6669216
-1.35328114
3.6078949
-4.77010345
-1.9074254
-5.11480618
5.22963238
-0.531945229
1.43865299
-1.8240844
4.03921127
-6.60803843
-5.87272167
-2.40849996
6.43257618
-3.94950533
-0.14866221
1.55327606
3.47321701
9.72287369
6.3860774
6.44664383
1.00924349
-3.1637125
3.14355016
-3.92942715
-2.19372082
-1.99784529
0.583135009
-3.16644239
1.35757244
4.72625828
2.0588727
6.44575405
2.86711931
-2.72372198
-3.13712478
4.11900425
-7.13174868
7.76014519
0.814613581
-0.863212466
6.47943115
1.84684515
-3.07169175
2.61652708
-6.29373312
-3.4159193
-1.51083994
2.65010476
-4.33952427
-0.409460783
0.359769285
-0.0346460342
-10.6173496
1.89152861
-6.7456789
2.46712518
12.5239754
3.21687055
-0.464304447
1.42328358
2.54033613
4.46410275
-4.75773907
-8.35501671
-6.01782322
3.6835072
1.82550406
11.9303398
-3.28136849
-1.3409214
2.54902983
8.70399952
9.69829559
4.86083603
3.26129341
-1.07760859
1.52837777
-1.93584335
14.3212862
6.78131151
5.92190266
-6.21700859
4.8420701
5.81352043
3.32529855
0.366814137
-3.42359281
3.9062686
-0.128581285
8.09133053
6.05156851
12.3797426
12.3122644
-4.0602684
5.11802578
-6.38744402
-0.661027908
-0.331184387
-4.05015182
-3.00967288
2.32161403
-6.32253551
11.289217
-2.25408316
5.87360191
2.04584479
5.61433792
2.32858992
0.681349456
4.75837803
7.4265461
10.6582108
-4.6570549
0.548257828
3.56732798
3.49961042
-1.18745852
-9.22637844
6.92180157
-4.4466238
-4.88411474
-5.90997171
10.8672752
2.47614479
-7.69072533
0.726857424
-7.78079796
-4.0271759
3.37413454
1.77659583
5.16506052
6.69558382
2.4215045
9.58575439
8.67365837
0.984054208
-8.51849174
-2.86050463
-7.07265186
3.69914842
14.2344751
2.67403817
3.14421821
-2.87619662
-0.819005847
1.83694994
-8.47804642
-7.39238644
-5.88496304
6.64603996
-8.00359726
8.12257099
-6.29823589
-7.06405449
-7.39315891
-1.49694061
-0.890331388
-3.04239655
8.44832993
-4.28832912
1.72931659
3.30218029
1.51959634
-5.2368679
2.79297781
6.95443439
5.55354166
-2.80238342
6.1028204
-6.65361214
3.39179254
-11.6086855
-4.03708887
-0.473814815
-2.31530952
0.594023705
-10.8446217
-6.82939339
-8.22446251
0.34588784
-2.48021626
1.84442925
1.21949196
1.22532141
1.97878695
-2.31628704
-1.43660057
7.55464602
7.14033031
-2.23469996
1.56329513
-8.28856182
-3.19840288
-2.34833813
-2.76954365
6.7646265
-5.33504009
-1.71481085
0.707155704
9.60136318
-0.741962492
-1.30326128
4.59989071
-3.89123821
1.94195032
6.38208103
9.00832081
-1.96992731
-3.25403118
-1.75061607
6.90622377
-12.1931381
5.34101295
3.88103485
-5.42793179
4.97206926
-0.30180639
-1.14519632
-1.53728104
6.16817188
5.98808479
-4.01863146
-0.902090073
-2.27624321
9.71505833
2.07474661
1.72229886
8.62124729
0.324967921
2.91740656
-1.80698729
4.80801249
-5.20944929
10.4111481
4.89541721
3.03101444
-1.1346097
-4.01905537
5.36071205
3.89979172
-8.0168972
3.67453122
5.68383598
-3.50387645
0.404328823
-4.66417646
3.02724314
7.63988781
-7.01848412
0.189696729
8.93520737
-0.434696376
4.79721117
-0.689684153
0.669356585
-11.8928699
4.43688679
0.884854198
-2.52607179
9.07062149
5.67669725
-3.3248148
17.8828239
-1.90965438
-4.70735931
-0.863490462
0.94127357
1.85797095
2.25225115
2.76257873
-5.22659969
3.12331176
3.54950023
-4.64504766
0.631259918
-0.260246277
-3.61082649
-9.15664291
4.96046257
6.72622585
1.80265403
1.03954601
-6.6571722
-0.248292208
12.8276997
7.77934074
-2.9725318
-6.29366684
2.1654582
8.04199505
-1.03314912
4.7368021
7.98762989
-2.10962963
-4.16760921
-4.67247391
1.20429492
-0.0211362839
0.00548374653
-1.01654172
-4.44727898
-3.01370764
4.03307819
-1.12330317
8.55561447
3.62614036
2.10689878
6.1955862
-1.50290704
1.12552905
-3.72394347
1.3769021
4.26122522
-1.77840972
5.65128326
-5.86605263
-9.51135826
5.13925076
1.68129158
4.72874594
5.33107138
-1.85304713
0.578259945
-6.77541256
3.81380534
0.766250849
6.76739359
1.37068474
-1.12948918
-2.35836434
-2.37020302
-3.99693537
-1.94920313
-4.7758317
-4.04028368
-3.41526461
-3.31517649
-3.02295017
0.34245497
15.9394293
4.85503817
4.97858763
-0.131824493
-1.3525517
1.48190618
3.54143572
-3.04594946
-7.46478605
-3.10518026
4.27149248
2.95483613
0.589807749
-1.52643299
8.04755116
-4.20434666
-7.8210783
13.3707371
2.06552339
10.7026196
-0.874268353
9.53867626
1.64718413
4.59735775
-0.292406797
-7.44537258
3.36396313
-3.77568054
9.70043755
2.2692399
2.36745262
6.6386404
4.1931448
-8.28409386
3.82331967
4.81551552
4.18975401
1.97560072
1.83545327
-5.32915783
-3.21596861
0.593918324
3.34500837
3.16585279
-7.52184486
-2.52231145
-1.72182465
-12.2264385
-3.15732789
4.73953724
7.83301783
3.13738227
-3.90860677
1.6453917
2.14635777
-4.00022554
2.31706333
6.28038073
-4.48564672
-6.78363371
-4.36183977
0.351311207
6.07415485
5.44719887
-7.77750874
0.567577243
-2.49179125
3.14420223
-3.88634062
5.94952917
1.18287301
0.196727514
0.126898885
-4.86888313
6.60172558
-8.16096592
5.28592062
1.5286715
0.846785665
0.15294826
3.43691349
5.54447174
-2.478652
-1.02480721
3.22052097
-3.0238378
-4.3723526
1.10557818
-5.5246048
2.69727731
9.44667339
-7.36166763
0.137671232
6.5457716
-2.5080688
4.86607647
7.37016153
1.18277359
0.154412866
5.34766483
2.56100225
0.446415782
5.64700699
5.71790504
-2.37392616
-2.10519338
4.82034254
-0.972902417
-3.7707181
-3.15873027
0.406526804
0.042519778
-0.278136015
1.91813123
-2.45012331
-6.3050046
10.9842978
5.02605152
4.34322882
4.57126713
-2.34115362
-0.573855519
-8.311656
-0.664081097
3.55439281
0.241492689
-5.17078447
8.20002365
2.00004005
0.197619438
-5.70758247
-6.5766077
5.41296768
-3.50343037
5.75971508
-1.32441843
-0.325080156
2.00815964
-5.95577431
4.20337677
-6.7705698
1.24102724
11.3611145
-3.44565487
2.51184011
3.16021371
-8.38507175
4.19103527
-7.06404305
-8.86917114
-3.77829695
-2.98690844
-10.6518173
-12.3258648
-3.2261548
-9.10711193
-1.85760474
-1.40723157
0.17343533
0.0749292374
7.86303091
7.19580317
-9.49582863
-8.03312111
4.49175358
7.79892969
2.50849509
-2.30435371
-0.807625532
-2.0731945
1.77724206
5.27555943
-4.28436708
7.4352603
2.68883228
-5.47166967
1.22203398
-1.63838148
-1.92980945
4.2804203
6.51978016
-3.95072842
6.48045635
-3.53460717
0.394791126
-2.97653675
1.27056491
5.25615788
2.99715805
3.94234204
0.494610131
2.10214972
8.94092083
3.68430567
-2.21330094
13.400322
4.94597483
-1.32601786
-5.94328833
5.09947348
1.41203189
-8.73389053
-0.533263445
-2.78310347
-1.37732148
-0.430389285
7.83084679
-0.666459382
1.25497472
8.79624557
-0.548553705
-1.75833941
0.801585436
-6.90221262
-0.199897528
4.52229452
6.94137478
4.06354141
-1.93125093
-4.45441723
-3.90077496
0.821171284
5.75762558
5.87996101
8.83410168
-2.01950788
4.8033967
4.16829967
-11.1205416
-4.53384638
0.684925675
6.33583021
6.17118359
-0.678468347
5.78424835
-0.469561338
-6.80160427
-4.65011549
-6.68636417
1.82917213
-1.0313822
-2.30277586
-12.7272806
-6.41285133
-0.0450637341
-1.98606944
4.40936089
-0.139140844
-2.0347333
-0.601059854
-3.26046681
3.31659746
-0.0877392292
-2.2090373
-2.14384627
-2.29626083
-5.66200304
8.16713428
-2.53051043
-6.34803343
0.215666294
-5.56405497
2.52053642
-6.23073387
-2.36142683
0.83667922
-6.26167393
-2.98055291
-0.821077824
-2.47028732
-2.06114602
1.16122997
-15.2598095
-2.07799768
2.87014413
2.5448637
2.12556887
-2.14671993
-1.46833098
8.32826424
4.4494791
-3.15200257
-6.34435081
0.917830944
8.62287235
0.423632622
-1.08930278
2.97601867
-4.93077469
8.55774498
-2.27321219
-7.28216362
1.04890919
-7.91361809
3.91769838
-3.84094906
-5.70051193
-9.39558792
-2.55913115
-13.517601
7.68828535
7.11100721
-6.42006111
-1.63043857
0.540041745
2.91428351
1.63707876
0.127901316
4.5246582
-8.04510689
-2.66357803
-2.58611631
-2.47842336
-3.7810533
-1.27462363
5.21412849
2.22988105
-2.15645814
-3.29935908
-5.55530787
-6.61833811
-7.28157139
5.86331606
-4.56686878
-4.39965248
1.18083167
4.59929466
6.47054911
-2.21654487
-2.62204671
5.43601179
-3.78596067
4.66430569
5.87240839
-1.06345546
2.45922136
-5.18586397
-0.0256876796
-4.68066597
-5.8588047
5.51887083
-3.83899403
5.26531553
2.22075105
0.642148018
0.598273754
-8.55899143
0.705004692
3.18813777
-4.1993742
-12.1833963
4.04521561
5.25520372
2.26777387
-1.69750953
-8.59712601
0.329180181
-0.713042736
3.63275385
0.362960964
8.45180607
-1.07695603
-3.78693128
-4.2180171
-11.9970264
-0.367436588
5.34221983
3.04815459
2.71919584
3.17760992
-1.75800836
5.20206499
-5.97617149
-0.914831996
-1.14515758
8.99028111
5.42606974
-5.47500896
1.32345939
2.26902461
-2.07530713
-7.44691992
4.44619799
3.08088684
2.44632888
-3.79200268
-5.67799377
1.64123678
-4.48679972
4.50785446
6.82907581
-9.79498386
4.49742508
4.97034836
0.0169029832
-1.21994054
-1.77554822
-4.7262373
0.651774883
-4.40760994
-8.95947552
-1.77420092
-0.664350808
8.62571335
0.183511376
-3.04308558
6.45828629
2.48880386
-7.79074001
-2.80298543
11.0753689
-5.59433651
-0.0180378705
0.843960166
-1.46611285
-2.66602135
14.3579693
2.64498162
-5.92438841
3.56468081
1.19403005
3.92947149
-5.49411583
0.586611211
-1.75470519
-3.97981191
-13.4970293
-9.00379848
-0.923510671
-5.59481716
6.47605515
-0.718741596
-5.77248192
-0.0425223708
9.5761528
0.946676612
5.61362171
0.293706894
4.41641188
-0.395293951
-9.14935017
-0.276081562
-1.18475962
2.42069292
-0.85450983
-6.37091112
3.37784266
-0.478165627
-1.20429683
-0.745868504
3.01363134
-1.02144289
-0.761891961
-2.3195281
5.30372238
10.4396429
-0.479725599
-3.36434245
-7.7783761
-6.37115955
-0.0412733555
-2.71848202
-3.02261448
-0.516827941
0.269977719
-2.31697178
1.25210071
-9.10857964
5.58473778
2.29468441
-0.128313795
-3.78022504
0.771408677
0.445181429
7.74081993
1.60479331
3.63287735
2.98829889
6.08000994
-3.01068735
-0.0647654831
2.11805081
3.07229114
-9.5199976
9.14324093
-6.63431311
0.399788141
-9.34971142
8.17849064
-3.15122962
9.98989677
3.78727722
4.18854523
1.5441767
7.16839504
2.06180859
5.22962141
6.4209342
5.41084957
8.45646381
11.0441933
11.1422806
-2.92345381
0.802319229
11.7825241
3.06383467
7.07109356
3.77379966
-0.820163608
0.460212469
3.27363753
8.15295219
5.13633347
-1.103369
1.67977786
-4.28679562
4.4704628
-5.08985043
-7.35074043
5.39557934
-1.742203
6.08494043
3.23673725
0.342128575
-3.62854385
4.52465105
-2.93614602
-0.766782463
1.29770875
-3.33323407
7.57610273
0.774532378
4.4819994
3.23676729
3.76428652
1.16140771
3.46051264
8.65243435
4.21095753
5.65390158
1.53952634
1.53052163
-2.8742013
3.55372286
4.0802412
2.95164537
0.389987588
-1.14094698
6.84891081
-3.11017513
-9.05423355
-0.667155385
1.15428519
2.89455271
6.63900042
-2.55332518
8.32656574
-7.80790091
0.138812304
0.640579939
7.27195644
2.85394359
2.53590393
0.245201588
6.78158045
0.968916416
-0.39599371
4.82744932
2.53459573
0.492048502
-7.22569275
-5.39606524
-4.09726667
-3.75328779
8.9997797
-0.130669832
-4.28531408
-3.31120586
-12.0808172
-10.8660755
-1.59821856
1.99434721
8.6195879
-11.2674637
3.26068354
2.20895481
4.85106373
-6.2432704
4.66113853
1.10321414
0.205477476
0.101954818
0.698711157
3.90345192
-1.49669957
-6.19096184
10.6350031
-0.283832788
5.06571674
-9.49082947
1.0293318
-0.48644042
6.13292313
-3.08914328
0.0747380257
-2.63251877
-1.16269612
0.491149783
-4.03213167
5.4418478
-9.94803524
-3.54054284
0.472707152
6.90314865
10.0581303
4.47193432
6.87315607
1.52963102
2.93545246
2.41097975
1.71887612
-2.09810305
-3.42519116
0.71816659
10.9090939
-1.97218108
2.23210716
-4.83835936
-9.26594543
-2.92832828
6.65237045
-1.32411563
3.65482187
6.64735222
10.0565968
-1.11256504
3.1315105
2.97265887
5.10869694
-0.0675669909
1.02785015
1.56230927
5.13215065
6.9286623
2.39698505
-6.15271664
2.25104117
7.92917252
-0.424547195
2.26524711
6.3774929
-10.4013462
5.65580273
-3.23170757
0.522365451
-2.96433544
-1.00068319
7.36940384
-0.883599997
-7.65635681
-1.03068662
1.99002838
-9.95618534
-1.51367974
-3.76831341
4.31191921
-2.82145882
-0.0410161018
-7.4678278
-7.72003937
5.29430962
-6.67807484
-1.1691184
-2.01517272
1.65731978
9.39079666
0.902657628
-2.44007754
-3.69965816
2.54448915
6.88563776
-11.4892826
2.85954571
-14.7663403
7.94439125
0.659588337
-8.85953808
-7.54627466
-10.8585443
4.22098684
-2.41079473
-5.24256039
-0.789638281
-8.05972481
-8.36165428
-0.391402304
2.52933526
-0.725318551
3.57546043
-0.59981823
-11.0750256
1.07842422
0.300284147
-1.01886439
-8.93287373
-0.340379596
-7.07284498
-7.3977375
-5.50761509
1.2411381
-3.30759096
0.212425232
4.66358566
-6.9154768
-10.1086617
1.5545907
-5.37442207
14.975606
2.59475994
-9.44525719
-1.8665148
-4.29298973
-0.445412636
1.46469378
-0.726838946
2.83273602
4.09001255
8.34619617
5.94133234
-3.57321715
-3.25672483
-6.09779453
-4.00376511
-4.21838284
-3.50272179
-4.19336843
2.34838891
0.601303577
-6.04129982
-7.18616533
1.57795537
7.14752483
1.65168428
-3.82938242
7.01742077
-5.21324062
4.94998264
4.42267227
-0.161527783
-6.66246796
2.73986506
-3.14020061
-5.58802462
0.0439662933
0.973008931
-9.46632004
-1.20596206
6.81815434
-2.7607348
3.87852716
0.395731211
-8.73058128
9.4810257
4.00859022
0.35261929
-0.661136389
-4.60270357
-0.592562675
3.24921441
-9.93643475
-15.1682386
-4.24932623
-7.74752426
-3.39578295
-8.96907043
-2.17403364
0.236714125
6.7838459
6.53313351
-8.48768806
-1.7905072
5.81205368
-4.81947803
-4.1755724
0.0494579673
-2.58462691
4.93413115
-1.01977253
0.529410839
-9.70572758
1.25303245
0.510236502
14.0418854
-5.75083399
1.91699553
0.23495248
-1.66569018
-5.88393593
5.11172104
0.452389538
-3.22903252
0.967994452
-5.62265158
4.73865509
-1.48701429
-1.34262252
-10.4049864
2.74026752
-2.00551081
-3.64975882
1.79786885
10.2083578
4.78183222
4.86412382
1.79929781
-5.10160398
-3.19722199
-3.05882955
5.27606392
-0.0969944
5.28177261
1.16293955
2.28720069
-2.78191519
0.437229455
-0.639447212
4.48864651
-2.71892667
-13.0851154
-4.74627399
4.38402367
-6.06166649
-7.90471315
-2.35222697
7.91350555
4.23774099
3.74406648
-6.61369038
-6.97441387
3.52970672
3.3036592
-8.54743481
6.2552433
0.0471715927
-4.24153519
7.84122133
5.21282482
-3.05079937
0.342700422
-4.88250351
2.58997345
-4.65019131
-4.40464115
5.43574381
1.07857478
-1.22351992
-0.744572878
1.26443768
-3.99022889
1.82240129
1.59625697
1.09294617
8.13451099
-6.93917656
-6.36095333
8.33353424
-2.29652977
-0.525761604
-7.39525509
-2.69130182
0.862769365
-6.03013563
0.112803221
-2.36359024
-13.0951052
6.62970638
2.66822958
8.48521328
-10.4732876
7.62404728
13.2060728
-5.90360498
-6.87360001
-9.09105873
-2.10570645
0.693406582
-4.86119747
-2.16198635
-11.0554523
2.64280605
2.17932796
-3.91900349
-1.40964496
1.87552881
8.19810867
0.188386559
-1.91806757
-2.08908868
5.09115314
0.789607286
-1.15515447
4.99207306
-14.5870152
1.41775858
-7.09021473
-2.18847775
-7.63380575
-0.46681571
-6.05195522
-3.66491246
-9.71963024
3.78888226
3.10968566
-0.44616437
2.0290966
-4.17544746
-4.31474686
4.60717773
8.85771942
-0.539455414
-4.603302
9.14135075
-0.461302519
-14.8279724
0.808753312
-5.97746038
0.412401199
-0.169179678
2.76735997
-0.460335493
-2.97983575
8.26675224
2.32379436
-15.1293707
-0.663912296
-2.90638161
-1.26247716
-0.637643456
-9.07274437
1.75150859
2.66722918
1.41433549
9.55814362
-4.6692934
3.11278987
-6.14209938
2.4765954
-2.26637006
-8.84389782
-0.687119365
-2.86602473
-4.76917315
-0.659421682
-0.225997716
1.8160342
6.56583834
-6.14891863
-7.446805
-3.86509085
-3.28047776
1.1929152
1.63340688
4.8523984
4.76596498
-7.51972628
-1.85417628
-5.80088234
-2.82001662
0.325425148
-10.8208075
5.06287813
3.99207783
-8.5172863
-2.56130123
5.56124735
3.95011067
8.80714321
0.191839695
-1.74910796
0.541692972
-3.95677209
-16.2019711
-3.26060772
-2.54388857
-2.24564672
-13.6854572
10.739872
5.06704473
7.11808395
-4.657444
4.40153027
0.576148033
3.628016
-1.88978505
8.07526779
1.53340018
-1.30760181
3.33692455
-9.78838348
-0.0957458019
2.1734283
0.230576277
-2.15455937
7.84263802
3.1546545
11.2232141
7.88934755
-4.12962437
0.734720707
5.93137932
-0.910531104
7.23396873
1.76534355
-1.57444715
7.40016174
10.9874096
6.88695717
-1.8250227
-3.26091838
9.90169334
-6.4548707
-11.355731
-1.67574978
-5.38354445
-6.08026648
-5.71269131
-3.59226036
-2.15372801
11.0149508
6.60558414
-1.39558697
4.60602665
7.27562857
5.87577391
-1.64545536
3.36723566
4.27508497
-4.03385639
-4.7602582
5.43620253
-3.79162621
-6.11390686
-2.23997927
-2.05742311
-1.03032732
-6.92517757
-3.09437323
6.5471859
-4.07720709
-4.42823029
3.92777729
-0.15261969
0.973716497
7.85751009
-1.83471203
4.93076468
-2.44765735
-11.105772
3.10466433
7.53286219
-7.57956886
4.08636141
5.24839687
-4.68567228
-4.10591745
-0.176656723
-1.27673006
8.27378654
1.34286296
5.73513603
3.29705596
-3.09087586
7.92805624
1.26810718
-7.47754335
-1.04981661
-1.44190657
-0.625261545
1.7444371
5.19220591
-7.8932333
-0.822072148
0.586729646
-4.25952816
-10.1032152
13.0032482
1.38703358
-1.18195105
-3.0519278
5.88427114
0.0988023281
-3.50453258
-5.15779352
1.71888471
0.291599274
-0.471930027
-3.31598401
-8.32752991
-1.38275099
-5.44936752
3.18891358
2.39678216
3.43391705
7.06334114
10.2903891
3.10898113
-0.619860291
-4.05250645
-2.23986077
-2.46688128
0.719991863
2.10798836
-2.80916452
-12.8856039
8.00988674
1.34121048
-6.17185211
3.08175611
10.5684824
1.6350193
-3.89476204
-2.77679014
-3.687675
-8.65565205
2.82146788
-2.75179505
5.81193733
-4.37323713
13.9446821
0.192454338
6.61737585
2.59318185
-2.34105253
-4.73778343
-16.6553955
1.32817054
1.33134651
8.48910713
5.88630152
12.1514912
-4.75679111
1.91624212
-8.6316061
-8.00179768
2.56246734
4.98105526
3.12097311
3.0589509
-13.4951
-3.959198
-1.20500159
-3.18127561
-4.29569435
-3.29004288
-1.85184228
2.5907104
-3.93918037
12.3706102
1.04417419
-7.66479445
-11.8999414
3.01607203
0.520326614
-1.44010866
1.70675087
6.43485022
0.847299576
9.74632454
3.13324642
-10.6773586
0.363682151
2.47679257
3.10763884
-8.27808857
-4.32888889
-2.28765059
4.18828869
2.96039772
0.380054832
-4.5867281
-2.18541384
-0.910004795
2.86759186
-2.25858378
-1.70415449
2.38048553
-2.04141092
2.32252645
-3.18613219
0.529473186
-8.56170082
-3.20522594
2.07620502
9.15246773
0.70657438
-0.11714039
-5.56135559
9.05055904
-1.95443892
5.20760298
2.13360047
-5.78306675
-0.949680507
4.81884003
17.4080925
-7.52828979
-7.28986549
-1.5715704
-6.84076834
-2.76477194
6.20167065
1.48453546
0.951654673
2.01026392
7.66663361
9.66651344
0.00958061218
-9.0755682
-4.94608879
-3.75355291
-3.25888586
3.71677256
-9.96696281
-7.44344234
-0.516234159
-3.435534
1.04150677
-2.91603327
-11.996521
1.78083396
-4.2231431
-8.59460258
2.57168627
0.642938852
6.78794575
2.3298645
-3.65953684
0.530007958
0.666210771
7.85722971
-6.02308226
-2.34426308
0.440979481
-1.6765728
-5.89701843
-7.87082767
-5.02718258
-0.824299097
3.94201088
-5.4027977
-6.83279562
-0.326655149
-4.39839458
1.45826268
7.44817638
6.26457024
3.54579973
3.80689383
-1.97729897
-1.4762876
-0.471746653
-1.4384253
-0.384467244
-10.1708374
-6.2063942
5.02409697
-4.84690666
4.50295544
0.190898061
-3.91315961
-0.414788425
4.22208881
0.995102525
1.82930684
3.38782692
2.90363026
-3.35703635
6.84965277
-0.221230686
5.36360073
12.2952528
-4.78576279
5.20671797
2.97559285
-9.86623383
-7.6932106
-4.51444292
5.56344891
1.83342171
-6.26633739
-1.42137814
-5.45948315
13.4798908
6.9677949
6.72229767
-0.713394403
2.66548872
-0.498002768
4.31566715
7.37812853
8.2253561
0.531315982
2.82477999
-1.88277435
3.09009671
0.26036185
0.787051082
0.741672635
-7.57177734
-3.51531506
1.64863026
5.65632772
-1.85720265
-2.06805348
-1.43206704
-2.98509765
-0.917776823
4.86004829
-1.6239686
7.04312134
10.4499111
-2.37761879
4.83361864
-14.1521015
6.22972679
6.73480368
-0.585667968
0.408653378
-1.13252711
3.90295482
6.69579554
4.70266819
-4.7772665
-7.9871912
-1.50687122
5.5338006
-2.6785295
1.00587416
-1.28209364
8.31211853
-5.53174734
-3.29285574
-1.32280421
-9.10270691
-0.255037189
9.05646324
-0.108072281
1.61054134
6.29918098
1.25270629
4.20469952
5.47685146
1.07356298
4.8120718
-1.82029498
-8.53445053
6.21174335
-0.431548357
-0.590945482
3.4349637
0.87377274
-3.76102209
-6.01833296
-10.4924603
-5.80635357
1.67686188
8.3934021
-8.11854649
-9.56053925
7.55864143
-5.68348408
2.27007771
11.5086889
6.59916878
-3.58801627
-2.3162818
-7.83022976
8.94878387
-8.2352066
-9.06380272
-5.06571007
2.23469591
2.23602247
14.4599543
10.2721729
-3.23104
-3.59389091
4.36627817
-5.07509899
5.47954226
4.67036486
3.59745359
5.51262093
2.04342532
-0.0485531092
4.20407677
-0.132650375
-9.70664787
-6.36775732
5.03897715
0.0717100799
7.34345913
4.65407753
5.38378096
4.43802691
-2.87180686
-1.76951325
-14.5444803
-0.217177629
6.96993399
5.00852489
-1.36109531
-2.45627499
5.45289326
10.6736259
3.48917294
-1.52963686
2.70756721
-4.77223969
-5.30001116
2.20892143
4.30633545
5.88922405
0.965923667
-6.29341984
-11.8567104
4.57853508
-1.6634798
2.48174381
4.30600119
-3.36198092
-5.93598557
-0.887181759
-16.3122864
0.186642885
2.65039158
-8.92197227
3.60006571
1.34284437
5.48525429
5.5209384
7.63911247
1.95237005
2.76700521
1.82714057
-4.47356987
-1.7244072
4.60246229
-2.88761902
-5.35001421
-0.938989401
-0.551619291
-2.36026192
-10.7011929
2.62599349
0.62425828
0.919797301
2.62002468
-3.64632893
-1.83922887
-5.0550499
-4.35830212
-3.05123806
3.71466303
-4.08235931
-3.23587823
-10.0046568
5.20891953
-1.99871981
2.07039499
7.66820383
-5.1344471
-4.16086483
4.58198071
2.84728336
11.6459312
-6.82658386
4.7076683
-6.85959005
-2.46042585
4.20802546
-2.68130207
3.68867588
-1.94717693
3.93878651
1.10175753
-8.50097847
8.20055485
-2.26801085
-2.84789658
-4.23363113
-2.59858751
3.76747036
-3.98031187
-0.23829031
1.84651184
13.1662655
5.72879887
-10.1842756
0.0288003683
2.60186958
8.54855919
-0.722768307
-2.6880815
10.4411421
1.45060909
-0.871953487
-2.69027424
-0.506873488
-9.28803349
7.92482948
-3.35544086
-0.699192345
3.5854845
15.0358343
-1.52315521
-0.421077579
1.6878109
2.67191792
-11.296526
2.27608848
-8.48232651
2.06590176
-4.977911
-3.4180007
7.15219784
7.36900234
-0.468306303
10.0608101
-5.3108139
7.24792862
1.08532023
2.88284111
-3.11255264
-15.5246677
-14.7110577
0.213951588
4.41878843
-5.60402536
2.95837879
3.80231762
4.12926245
6.74494457
5.76374817
-2.92559934
1.56793714
5.40062094
-1.91199028
-1.03411424
0.716387391
2.00121641
0.0854952633
-6.54245234
-3.4212389
-0.550363958
10.3488903
7.03782368
-1.9670167
-4.23253822
3.734519
2.6579268
-6.78809023
5.03870106
0.468467236
6.65591717
8.74112606
3.02143574
-2.18936014
-3.92935276
-1.12565231
-3.1296742
1.41997147
-0.441420555
-4.61594343
5.38575268
-2.59674644
10.0381908
-3.92212772
-3.24876046
2.98295069
9.78060913
2.63115478
-0.987763464
0.354562759
-1.71552515
-2.88644123
5.33515453
-0.0945496559
-12.609395
-1.96060395
-1.01715255
3.86598039
-7.38499355
-0.154545367
-0.148247004
-4.56006527
7.19305277
4.22386551
-1.39997232
0.373650223
-0.585119784
-0.312546521
5.69237518
-1.40656924
2.73742437
8.39453506
-5.73212385
1.10620058
3.85913277
4.58534813
1.41807175
7.59778595
-2.34224486
4.7754097
-2.79972887
1.07252705
-2.69150972
-3.10411215
5.0861578
4.01336575
-5.98466492
0.434540987
-2.36357975
3.93261528
5.28539276
-1.76596558
3.34122896
6.04409027
-2.84807158
8.70459843
4.88118362
2.46414328
-5.61265182
0.0182592869
13.1080179
4.56566811
-6.33482027
8.77829361
-2.33598995
-0.838738203
0.383857369
5.39155674
-1.66534162
-8.77069759
1.6928637
9.55469036
2.22697902
-1.99192023
0.426927209
4.73731899
-1.27067184
3.29033327
2.17551827
7.9186635
4.16216373
-3.31150913
4.01149797
2.87812304
-5.02557087
-5.5670805
2.54517698
8.57467842
-4.97257519
-17.0603848
-1.52785325
-6.72141266
2.4114821
4.18719053
-6.62373447
4.32139683
7.38470507
-4.98923111
-16.9185772
4.60331774
-7.07390022
-3.22837973
-11.9349995
-6.51488924
5.43392372
5.42878723
-1.48551261
-0.877587795
-4.34265661
9.66423702
-2.2418828
-1.78792238
-3.44932866
3.37695217
0.912941456
-9.18273544
2.03530312
-2.16877103
2.70890021
-7.24153042
-7.55349207
10.8219843
0.690077126
-3.53517962
-5.22938395
-5.55434513
-6.05665922
0.122649938
3.39749265
3.50986719
-6.6342535
0.80583787
14.4365168
4.85608482
-2.77152157
0.831556797
0.564386427
0.700928092
2.84574127
-6.54382324
-5.86801577
4.35974693
0.960370541
-3.66602278
6.64177942
-5.56902313
4.54969168
2.50242591
7.95361328
-4.81273603
4.84992504
-12.5955763
3.13416147
7.5747261
-5.79093361
-1.80195642
-3.94763327
-2.64928937
1.44536483
12.8426361
-2.01688552
5.44472837
3.07998276
10.6261225
4.54003191
-2.02123618
-8.15895844
-2.17830157
11.9013224
3.23538542
1.75722766
-1.50244069
0.978902102
3.71278763
-0.19145453
0.132074356
-0.92605722
5.42013407
1.33121455
-8.58950329
7.09100723
5.6016345
4.11925936
2.13196468
-4.83503485
9.78131676
5.21464109
-1.92607212
-3.20633698
6.25244331
0.871383309
-5.54176712
-0.196954489
-4.32381487
-2.00456619
2.16959023
9.93506336
8.1237402
4.75246906
8.83402443
7.5092907
-1.13335109
8.51554298
3.16735506
-7.86179733
0.907149434
10.4666138
11.1836643
-0.736683488
0.520299673
5.52625847
1.6984663
-6.70316601
5.38927174
1.38913774
-14.2591734
13.6036348
-5.33441639
4.05261803
-5.46354818
-5.57021427
-7.03373241
-0.518061757
-0.924205542
-0.497180641
12.9097366
-1.23388863
0.394697905
3.1883235
1.40256417
6.62864113
1.37081575
-4.20737171
-2.75365472
0.375054359
-5.6459341
-1.82249451
-2.12154484
4.04627132
-1.96318746
-1.33277929
-5.6301899
1.42763042
3.12754512
8.26104641
1.19762659
6.8543725
1.81317139
-0.923460126
0.280191898
6.09902239
-1.75200081
-4.35559273
1.67700005
-1.14229119
3.33951235
5.0339756
4.57843542
2.46371889
7.74345398
1.20804214
-0.914188266
2.28135061
-0.606896937
-5.98632526
6.47350216
6.33069801
3.81176567
-6.4550972
-1.27309275
2.65414834
2.25235963
2.4603076
2.74062324
6.61913586
5.97972202
-0.872717857
2.37349272
-5.93359041
-0.807247221
-1.24070406
13.2502079
-6.3572278
2.80716324
-13.285923
-1.51183486
-2.28460836
-4.47883368
-4.94874001
-0.869352818
-1.80999649
14.1592464
-8.67019081
0.702912569
1.48171508
-1.47316718
-1.72718465
1.07155502
11.2861872
-1.97101498
-4.98991632
-5.10656357
-3.65271878
0.709269702
1.43689656
8.07870579
-5.57800436
8.1305933
-7.41416168
2.07565594
5.87523508
2.18422127
-6.05832291
-2.50666618
-5.98242188
-2.84550977
-8.77674294
-0.141092658
-12.6077776
-0.833999872
0.556801081
11.4688644
11.2782936
-1.50606894
-3.56812859
-11.6594734
-1.85131359
-1.4837079
2.9320159
-0.952250004
-5.66811323
1.31076849
6.72288799
-1.04048538
-4.5086112
-3.59727359
-5.21473932
0.578925133
3.28394294
11.6699934
-0.126731873
-0.438864946
9.35741997
3.39058781
-7.88783932
0.812432468
2.37920022
-3.93195796
-7.27861404
-0.193273187
-11.2694187
-0.193591118
-2.90078378
1.12237954
-6.69990396
0.831946015
9.28293514
3.40922022
-7.49826241
-3.70393682
3.24770212
3.39503145
6.66035271
-8.78367519
-5.11746645
-8.28895569
4.06674004
6.98104858
-4.19995785
-4.69669294
-3.32592201
4.2327199
-1.71522546
2.93319798
3.98954582
-9.81867504
-7.37540245
0.0933467448
-2.40040541
-10.273181
-8.3985939
-9.46333504
-1.79679728
4.69364929
-3.92816854
-6.99025822
3.80965996
3.66326141
5.59637308
4.61210871
-2.53297186
-9.91761208
-7.56071901
10.7764206
-3.08648968
4.67280865
9.6388731
7.18481255
-4.35523462
2.4642911
-5.58408356
-2.30291057
2.90223813
-11.1763201
4.54624557
-7.64206743
4.07471704
-5.8099041
9.64716434
-0.436609149
4.92390728
-2.06012607
0.358558297
-1.15312505
-6.94293261
-0.997648358
-6.94741154
11.4572048
-2.03095102
0.217911005
-3.06255269
6.11457014
-3.19336009
-1.16845465
-11.1712847
-4.54579926
-2.3865869
8.84612942
3.68095517
4.5958643
-2.39369535
3.90966153
-3.16756535
-0.150396347
-3.35380554
-2.3630302
-0.927589178
6.62740374
0.461801887
-2.85188723
0.573996544
3.88289237
-1.26018131
1.29291391
-4.01592731
-3.28222728
-3.04772377
-3.9046011
-0.632203639
-2.05013466
1.31474245
4.09634399
-9.93663216
0.709611237
-7.76689053
-0.62072444
3.72824264
2.9056673
3.97095251
-4.43770361
3.88658237
3.00084639
-0.941864789
5.46096373
1.62254047
-5.29363585
4.89977646
7.08097458
-0.174150944
-0.229257226
-0.734026194
-4.11062431
-0.0998700857
10.8932152
2.24398136
-8.55390835
16.8710518
-0.0779288709
-4.00800657
-7.99760532
7.72942162
-2.20179462
9.36666203
6.66231251
-4.1860466
-8.6141243
2.7843225
-2.58761239
-2.35709333
-3.55296993
0.798443198
-8.93966579
-2.18237257
3.59037638
-3.74816751
-3.60836601
-0.12726438
2.5221796
11.6268702
-1.17857289
-1.37958932
-3.10204792
2.75444078
-3.86672115
-1.43011117
-0.912769556
-0.0381530523
-0.753191352
3.08137202
-4.72642994
4.78915882
-1.83799005
8.21461105
-3.54092932
3.65889835
-1.55661523
-11.1232824
-9.39554596
1.94126296
2.99450469
-2.69386387
-1.03100216
-3.71007156
0.677063704
1.99286854
-3.70854521
9.7636385
-9.55179977
-5.54114151
3.09285402
6.97806644
2.72680902
-10.6373329
2.60532641
-6.03271484
11.8366442
-6.12686682
-6.2507863
4.1429944
0.466251493
4.33522606
3.75540161
6.29537344
-0.738156021
-9.51084042
0.870672703
0.345146179
-2.21765399
5.84341812
-3.13435483
0.770329237
-4.92128468
0.105616495
4.33704996
-0.604330242
-0.403536201
-8.14283848
2.98819852
0.155029535
1.25858593
2.66174269
-1.0006206
6.48417568
13.848855
-0.866137624
11.0467033
-0.0964027643
-4.27409744
1.58996975
-6.06169128
-2.69784927
7.14317703
-2.74148822
1.94706106
-5.37561703
12.2749424
-1.34271252
6.50748158
8.18993282
-5.8242445
-2.88692617
5.23722553
-7.70183802
0.877308786
-2.71250248
-3.10623193
-1.6021328
-7.40005207
0.716848254
6.4602499
2.34217858
6.64587402
-2.42174602
9.28484631
-3.31083632
0.795895278
11.013979
3.81445551
-6.1738596
1.7808876
4.74447632
7.19401646
-5.62228584
4.93709326
8.25039768
-7.48711205
-1.69591093
2.93954802
6.83104992
2.89886522
-4.02272892
-5.4797864
-0.75411737
4.3965764
-0.0345782638
5.92234659
0.973446846
11.2366676
-3.83415937
8.41807175
0.656642437
1.48224127
2.74720573
-7.11367798
-10.8219547
-6.56472635
-2.64109731
-2.2424612
5.22894955
-1.99103451
-0.148585796
4.71547461
5.80798435
1.22598147
-0.552591681
2.75266027
-4.65594292
-0.104950905
0.733906031
-0.241197169
-3.06935263
-2.42811775
6.85369015
6.74766397
7.25132275
-2.18360019
-2.19869947
-4.40430403
-2.06558204
-3.8114171
1.93169975
-0.721360922
9.79858017
2.21633339
8.96534729
8.40652084
-2.53386045
-1.22610903
3.73530912
-2.79952574
1.4311887
6.55957317
-2.77305079
2.48597121
6.32443714
9.13833046
3.1830287
-4.57493639
8.82143307
3.66537857
3.83382154
2.3574338
5.44937801
0.159022331
0.478586435
7.36998034
5.04266167
3.30006671
7.76367903
5.53114653
8.04899216
4.75227213
-2.04611254
5.68849277
2.57860184
4.22916126
7.11931086
-6.44040823
2.42808199
-2.40005422
-10.9795465
2.07770896
6.61894035
2.95239425
-5.58468819
-1.17011619
-1.76341605
1.16910553
1.28826475
-0.648203492
4.9715538
0.262691975
-1.76122606
-2.70474076
4.05454493
-2.59406376
-1.51742029
0.656051815
-11.0104809
0.815372586
8.10865593
-5.12121582
1.87618017
-5.82650328
7.38480759
-6.57445908
0.941247463
-2.15928364
9.13408661
-0.529727221
3.38199234
3.84706402
0.128535628
-5.07984829
2.2977953
-1.62811375
-4.67054272
4.05075359
-7.90517998
-1.99153185
-5.55635595
-9.30675316
4.75101948
-0.0926474333
6.78140116
-0.0323984325
-2.38461375
2.91024017
1.76354742
2.45757055
0.1280514
0.910716355
2.61909747
10.3339796
-13.0600882
6.73789024
-4.76503849
-5.13171768
4.80026436
1.0324403
-7.44146967
0.185831308
5.79702616
1.31363285
6.82004929
1.38312674
-0.239886999
0.948700011
0.0636436939
1.25842714
5.80465889
1.98835874
-6.31503391
6.27651215
-10.4345217
-2.93930197
6.8742404
-0.595269084
0.823769093
1.09698904
-2.68483973
1.29332399
-1.77114499
-1.33831429
-2.31014371
10.7909508
5.70292759
1.93253362
-6.35218048
3.724684
4.47974491
-2.68221331
-2.40698719
-2.13833547
0.0257266164
2.13705158
2.36233616
-9.73342705
-8.14060211
-8.6967392
12.2426844
0.175797552
2.82650471
11.5497913
4.80768394
0.0131561756
6.07411861
7.89530706
12.1293983
2.6912117
-0.345574707
-0.138919592
-3.01186442
2.39586759
-3.59245491
-2.94942331
-4.50964737
0.864827573
0.59119606
0.763242841
2.69574404
-4.20218658
-10.6711788
-1.61046064
-2.56152916
-3.96874118
0.550442219
-10.0005445
12.3572016
-8.95105743
-3.31991243
5.23291779
-2.65281916
5.55722761
2.19922829
0.478380799
-4.14902353
-0.75953269
14.102087
2.37982321
4.47845602
2.62509775
2.06702566
14.1602516
-6.45188618
3.59596395
2.79619479
-4.10033321
0.915011287
-0.960959077
-5.82845831
-1.28568172
1.28070021
3.93981981
8.76132774
-4.37907791
-4.91177273
-0.00160312653
0.594727635
1.44169521
2.00536919
1.10363126
1.49869275
1.39991641
0.414636314
-2.91225767
-7.03017139
-1.52376771
3.77150249
0.141504407
-4.33567524
7.51622772
2.72753
-0.816462755
2.53600001
5.72045422
12.1263075
-10.2394791
1.92376697
9.68031883
2.27472043
5.75412035
-4.94568777
-7.21413422
-0.0336079597
-3.39050913
-5.76686478
-0.258705616
-4.20882702
-0.117583781
5.76648664
-10.0828981
-5.03728819
-5.18549728
11.4717236
0.489055753
9.05577278
-6.79633093
4.54577017
-2.50817704
8.2362566
0.497907877
-4.44472742
1.75273693
9.25839996
11.9017839
-10.6107635
-3.43405843
-1.63308382
-1.66307354
-11.1735325
-4.56177664
-9.81582069
-12.5299082
-8.22648621
4.34277916
-7.98769522
1.91102409
6.3233943
-7.12426901
4.26095247
3.9764452
-0.393017292
2.51238537
1.53796649
-1.4290514
0.446545839
0.522136211
-3.19837022
2.90281367
3.81745529
3.01794291
4.56687737
0.0950350761
-7.75946093
-0.406995058
4.7201066
5.46288586
12.5450058
-8.29187489
4.02282906
-6.72550201
-2.86037731
6.60581017
2.41596937
-1.3388741
6.72380352
4.9058485
-1.72198296
4.19743443
4.10042715
-0.682023764
-1.07073617
10.9801064
-4.45074558
5.35902786
10.0042839
2.82269931
3.36623073
12.063221
-0.336069822
6.62621403
-2.26861
0.497242689
-5.37178946
1.91602302
-0.680305839
2.44555902
-0.22064662
7.16265917
4.02667809
1.77573383
-1.14806163
-4.30963898
0.669995189
7.65721226
-0.670105219
5.82833719
9.68516254
-2.5886941
-4.99618816
8.06667614
0.545022964
0.26791653
-3.52766895
-3.16216326
-3.34731078
4.6582737
-2.64932847
1.51252031
2.20699215
0.946208954
5.01973915
1.75620818
-9.44033432
7.00952816
3.71685243
9.98468208
2.31635165
2.8689661
1.04488623
-10.9963903
13.3141193
7.72103024
-1.10912442
-2.82225943
3.57249808
9.13517189
4.09719419
-2.56802034
9.55156326
-5.232409
-0.828504562
4.70593309
-7.24665165
-6.08873129
-3.88506937
-2.80347562
3.05318546
4.04963398
-15.0379725
6.09085417
-2.18907666
4.24817467
8.15746307
-2.17052436
0.766301155
5.48790646
-0.212944388
10.8386889
0.471663773
11.2008123
-4.00712252
-2.85377502
-0.036229372
-4.84895134
1.59608102
-2.83435965
-3.95115185
2.97213578
-3.55020499
-2.16181254
5.49767208
2.79673505
1.59645963
-3.66039968
2.71890283
4.27530003
-13.1896114
1.41319346
-0.974405527
2.51908064
2.65857697
1.47938967
-4.02140141
0.79568094
-6.15329647
-4.24184179
-2.15720558
-1.86590588
4.00401402
1.91389525
2.57384491
4.00024986
0.996687889
-9.33202839
1.87614775
0.160277188
-6.39032555
-9.17609787
-5.34416008
6.79535532
-4.3827877
-1.54264784
2.60808396
1.68949533
-4.29685497
-5.34797192
-6.47845173
-2.89263058
-4.76591921
-3.51926088
-3.96022749
-3.49582553
1.85644364
-5.92620373
1.41248894
7.58154917
0.413113475
10.7866287
3.22113371
1.10249138
1.04521751
-2.2838583
-7.2066865
-17.8517036
8.82494736
-3.17728257
-6.63908243
3.76527405
-0.375895381
2.60045075
0.456707239
0.904674292
-4.61063623
4.23841763
4.87790489
0.413309216
-0.135349452
-5.23707771
-0.00383476168
-1.99871111
2.10398507
-0.880627155
1.14429188
-11.8631306
-0.69576478
0.369049072
-0.189113379
-8.09482479
3.3835156
15.3066406
5.39652252
3.09102345
1.8452599
0.18563962
-2.11561441
-1.12250113
4.32374763
3.80537724
-0.315998316
4.60564756
-2.70408392
-6.49995089
-0.348366976
7.29225159
-4.15801334
-4.55142164
0.796546221
1.3676672
-2.47817516
6.38111401
0.941516161
8.15401173
0.88803333
-4.3912077
-1.88951373
-9.35201931
-0.768960238
-0.483519077
-8.38381958
1.36882496
1.09213197
2.4587028
3.92659426
-0.936737537
5.15775919
-2.57541513
4.36026859
7.86394501
-7.2773366
3.48041272
3.64858103
0.147190332
-5.86486149
-0.712660789
-2.68489432
-5.82431555
3.49863386
1.85316491
0.155113935
-4.95723248
-0.216088265
-0.00576603413
-5.52364683
0.806702137
-2.63061094
-2.62598324
1.37242246
-7.36549854
-9.23192978
2.97356129
-7.16237354
-0.873950958
9.54132652
-1.22759295
-5.7360363
3.78641129
-3.3865304
-1.23282301
-3.35402656
-6.63785744
2.88551497
-6.41335011
-0.886370182
-8.0146122
-1.15667844
-0.360163212
0.208791256
5.31292248
-4.09494543
-7.62659454
0.328658819
-1.96025729
5.26897478
2.38262033
2.49742818
1.08170176
9.76249886
-3.6290431
0.399435401
9.76271915
-3.17123747
7.62354755
4.99706602
-9.21576881
2.95749187
6.59553194
2.94001889
4.38102007
4.37874889
4.73178244
2.38606977
-11.4618626
-5.52447319
0.369400144
-1.59164786
-3.29479003
-6.46747589
-16.5780945
-0.519955695
5.18371248
-3.66622257
3.96748781
0.12551409
10.9641705
-0.736508846
-1.23997748
3.44990373
3.02108145
2.08150911
-0.781090975
2.69558382
-1.76607299
-3.31345963
7.03609371
10.8869019
3.69853568
-0.849446535
-2.69623041
8.15961647
-1.70624208
-1.43305671
-3.8850739
-3.50715303
-4.35136557
-5.04678345
-8.62989616
4.10203886
1.10642028
3.24987078
2.60279512
7.5779047
8.39275837
2.62979794
0.092197597
-5.90222597
1.0232389
4.89778042
6.40508127
6.31125736
-6.93229342
-0.790476382
2.26589632
-0.99224174
-5.92255592
0.937707424
-0.389692426
-2.40895581
-5.14526224
-2.20249701
0.213609695
5.36892891
-1.08458638
-2.68521428
3.57279181
5.88636065
-2.66095686
-5.82627201
-0.173196256
3.54336357
2.92125559
0.665765762
-1.7809639
-4.37101269
14.4376354
0.239981294
2.08682227
0.947624445
8.08827305
6.36602497
-5.42089653
7.91108704
-0.707715392
1.79824102
5.60521078
3.93774295
7.97340584
-8.44572449
2.60113549
2.25776958
1.90310454
-1.19009113
-2.66581297
-4.11782217
-1.94394445
-9.73902893
-8.22209167
10.0099773
11.0257149
0.114290118
-5.64818239
-5.28560162
-6.20308781
-2.48551178
-1.61667955
-7.89170027
-4.51568079
-1.47072816
-6.0547924
-0.484427929
-6.79602385
0.989104271
-3.11249685
-7.90980196
-5.11780453
2.79005337
14.0185032
0.479226351
0.537786484
-9.58365822
0.958714008
6.75977755
-3.86588287
1.40589106
4.33247757
0.0090470314
-3.7275691
0.941041827
-0.932954907
-6.07586956
0.707587183
-5.67285776
-8.14030838
4.49400425
-6.41709948
-3.46573019
-2.70292568
-11.2882185
2.76263547
1.49343801
2.59906268
9.27064419
3.75932336
8.80450821
9.55724716
7.02806568
0.524169922
4.16521406
-18.1670952
-6.07155752
-0.6506356
5.71918631
7.89304447
8.90227985
3.71004295
2.15730405
2.97863531
-0.440783858
6.92965841
-0.800190926
-2.34451771
1.63093853
1.35424793
-10.052949
-2.05206823
2.72749662
1.88720453
-6.88423157
2.47457552
-1.71059179
0.608349562
5.10833073
-3.60228348
6.46092176
-8.72443485
-3.74538755
3.81273627
2.65837407
-0.150479972
-2.89608526
7.55211544
-2.03461003
-1.67966878
1.04654419
-1.61071324
-5.06944513
1.40835166
3.48902273
0.923047066
-11.7589664
0.684148312
8.24137306
8.12154102
4.63642979
3.36783123
1.218364
0.021084547
1.48590446
-3.20531011
0.652156591
2.18341494
8.7587471
3.80473757
0.920855284
-3.33026695
-0.240282536
-11.0710859
-4.11188889
6.09828091
1.03743947
-3.51724648
4.41480255
4.76244831
-4.7160306
-2.52572346
1.26819348
4.12462854
-2.24489188
3.51331592
0.166368961
-3.56740999
0.0736950636
9.6848011
5.86899233
2.14862299
6.02765608
2.37663603
-2.4764123
3.53757119
-3.61192846
-2.24674892
4.66115093
8.76703739
7.02323961
-1.31947803
9.06666279
14.1030731
4.30759573
-5.4147253
-1.02272296
-1.67419112
-0.838712811
-0.809591174
-1.35048902
11.6099586
0.484300733
-1.07705462
1.84591687
-9.78329659
4.70558596
0.27487272
-2.05969834
-6.28809166
5.61377907
6.30131149
-2.43742561
1.88781071
2.0029459
-0.721256733
6.03660965
-0.174041748
-2.95148373
-7.0525918
13.73417
0.645166039
6.80863953
-7.81688452
4.20211649
-7.16267824
-0.702484727
5.29374695
2.73592496
-7.61984539
6.60876751
4.52124357
1.42417991
0.773793399
-2.91224623
-6.53126431
4.9312768
8.83374786
6.74878454
-0.756115794
-3.58425045
-7.93408918
-5.89513063
-1.19676757
2.34343123
-1.48552668
-2.98680401
-3.96311617
2.11238933
-4.21344805
2.84043646
1.36664689
2.91393209
-2.54985309
-3.21374297
2.84853029
-4.28904533
3.08506036
1.08841968
5.07084036
-10.0452623
-1.82205927
11.4094772
-0.0669531822
0.824881196
2.15326762
14.0477829
1.32559681
2.76781988
-9.38581562
6.8581934
-7.16197586
-1.07351327
-6.56156206
-9.78684235
8.50253296
-7.14498329
-3.9560256
0.0641515255
8.67139721
-1.7353195
-3.00339198
3.76426768
-9.98389053
0.857277393
11.0156946
6.62255907
-2.88793612
4.6800642
-0.241501778
8.25295258
10.46663
-7.19388056
-5.4129777
10.9055843
-0.941255093
7.65051031
5.30010509
8.41830349
-2.20732212
-5.0601263
-3.6962297
3.07558227
0.0936921835
2.94479823
-2.26853824
3.29218698
-2.62819862
3.50993872
-0.549529433
-5.57099915
2.06837702
-1.46375859
-0.355696917
3.08926392
-2.41954207
-5.65366793
5.28897381
11.4995737
12.2521486
-1.99527645
3.34523487
2.28890538
0.214115858
3.85076237
9.56325626
-3.76668739
-0.899470687
6.96203566
5.59718895
-1.17821431
-1.94836712
9.94697762
1.59647274
-8.86599445
8.09739971
7.52609539
-0.367712736
3.25981474
14.2900743
6.60001755
1.54087019
0.626106977
2.94941211
3.7973845
-0.510651708
8.33481503
-8.04782486
-0.34952426
5.43171883
3.94632196
-2.93138313
1.33417213
2.11148429
2.15655017
0.425585389
6.08547831
3.8341763
-2.97318244
-6.12119389
7.94111109
5.0963726
0.699260712
9.14490509
-4.52817249
0.626939893
-1.26249146
-1.07448125
1.34293425
-9.32321262
2.14331532
-0.0701703727
2.35328674
4.78620052
4.51330614
-3.98631048
3.19243407
-4.76314545
4.65116405
-0.339067519
-1.51003909
2.30325222
0.188485026
2.8062222
-2.98143578
-3.89217234
-4.48392725
2.33666039
-4.55823612
6.16386604
-5.95095873
-6.11888695
0.701916277
4.34834576
-0.0984643698
14.1457348
7.92940807
2.05107713
6.71868515
8.37478828
4.66149712
9.70829296
-1.63667464
1.27780557
-7.81968117
-4.87836838
4.43112898
1.82067358
-0.350353777
-8.95777225
-4.9071269
-0.810964286
-5.54424238
-2.28676796
-6.43472576
-7.44410801
6.60784006
2.37700224
-3.40189981
1.66951334
-3.75878096
-3.87659049
1.56617904
3.53907442
-0.391117454
6.18878603
-1.942011
-0.940330923
9.98263359
4.14731216
0.132019043
-0.284555435
11.4136906
4.76972866
-4.68446493
-5.8599782
2.25222182
-5.38030815
-4.11935329
15.0053167
2.1257813
1.18543923
2.24859762
-0.819030881
8.39994526
5.07777214
7.99964523
-0.801367879
1.43708301
-4.31415844
7.51939821
-1.96005988
2.9337008
1.63376164
3.96761775
-2.49883246
7.83843231
10.7666092
1.23182845
-1.15091586
0.240029693
6.38370419
-11.7403078
3.63801241
-1.0750941
7.06117392
2.68788958
1.70126641
-3.73033571
-1.80972457
-0.0154781044
-2.04458714
1.68279839
-9.51203823
5.24456739
10.869873
-6.93107891
-4.89462471
-11.1937752
-1.19504929
-5.46039057
-3.00224519
-2.65875721
-3.52983427
7.92829227
5.02824831
-13.2311983
-4.81921625
-3.24073339
3.99376178
-9.97984409
6.72174263
9.67738724
4.15767193
13.4957123
-4.62199163
0.0465972126
-1.5854435
-0.598385513
-2.6363461
-11.9333296
1.11317921
3.08640099
-1.26139724
-6.27202988
-2.48548126
1.23756421
-1.58480203
-1.66958046
1.15578902
-10.3833666
-1.54804134
2.02214026
0.182152033
5.48619175
-2.64208794
-2.83900785
-0.922751307
-9.67871857
-2.277946
-2.61271334
-1.43831754
-3.61800909
4.61586857
-7.00294161
5.10495996
-1.7317791
-6.15857029
-11.1009769
0.0701062679
2.75535727
3.53438759
5.23535252
9.7619772
-0.594786704
5.56103134
-6.94798851
-5.48102283
-5.49467039
4.64211464
7.06866598
-8.54944324
-0.580069304
-3.47334552
-2.2314558
-5.43231678
-12.1074753
-4.88190317
-0.635425389
3.74900961
9.19639683
-3.8961041
-8.40267658
1.64519703
-1.21469069
-1.03611207
-2.63020086
-10.5764542
0.910279393
-11.8718891
-6.88915777
3.61736703
3.54184794
-7.7765131
5.15572739
1.91598046
0.345611095
6.58582878
1.35270178
10.8276415
5.86939907
5.85645485
-1.41755724
1.22379637
-4.71820116
1.3386215
5.33571434
6.04872656
0.628704548
0.264552593
0.861052513
-0.328639269
6.73192215
3.72719383
-1.57249403
2.90923262
0.0351438522
-0.656892121
9.23136997
-0.1690588
0.50492388
2.18332672
-1.99487484
-12.1250687
4.34151268
11.4436026
-13.4348373
9.10465431
0.2740767
-2.64670873
7.78164816
-5.91526508
6.32255363
4.30553341
0.224945098
-1.67677152
3.92333031
4.56832123
5.48324108
8.6374073
2.89902043
3.59298325
-4.58469915
-11.0445309
-1.6418941
8.08701229
1.80673921
5.52055359
4.70470524
-0.91635108
4.23615026
5.96378994
-7.03336716
-1.29742742
2.56002235
1.44008136
-0.220333338
10.0141506
3.32680345
-1.88478279
-3.11014557
-5.80358267
7.8067503
5.37035275
15.4798775
-2.12645531
5.4273119
10.6614237
-7.85411644
2.67433071
-9.22554111
-6.72906971
-5.35507298
0.16280067
-3.88261509
-3.67508149
11.5312662
-1.05117083
2.65655088
1.97136223
4.46230984
6.54303074
-0.554992914
4.91582346
-7.09129286
-1.25136375
-1.954283
-1.32741082
-1.81977105
1.4603461
-2.40088892
3.98733139
12.4794922
-0.979527235
9.15452957
11.9205513
-6.43306971
-3.17612028
1.0615983
6.29423523
-1.36283851
7.96758127
3.16320658
-2.05388355
-3.35568905
5.16038322
3.45352817
2.74984503
4.20902538
13.6642981
-2.7213974
-7.01867676
-4.16528749
-6.44116879
3.59775686
-5.65184689
2.70958948
-3.99525166
-0.879881263
-6.68632507
-2.1339016
-0.592635274
0.764651418
-0.910526752
3.41526985
-1.0394845
-9.9843235
2.91969776
-5.75202179
0.904044151
1.99361873
4.12421036
8.75610256
-9.62709427
-6.34025097
-5.51188374
0.927752972
-4.11973906
-4.26854467
5.93358231
4.34874821
1.43918777
4.83920002
3.58509994
6.58992434
0.312426805
-0.550806046
5.86165524
3.12120652
-7.14945889
-2.1792748
-2.64636564
-2.21342516
-2.21858096
-1.35893703
-10.0942888
-3.1679256
-2.70645285
-6.17612267
-2.33923149
-2.93386245
1.01949835
-4.41078377
-2.9153161
0.573839366
-3.10246229
-11.7162266
9.45624352
-3.2040832
1.29369104
5.30238819
-7.67922878
2.41388249
2.15936542
3.6597352
-0.258876979
-2.52150345
-1.44800687
6.48402023
0.395948052
-8.68941307
-9.81666946
8.75688934
1.65508008
-5.24802828
-7.88751125
-1.6252265
6.69740009
1.93572545
2.05394197
2.17057467
-5.63636398
2.89003277
3.32883048
1.79027474
-1.80070591
-0.266260862
4.576334
2.58266783
-1.02557206
3.68300581
4.03131533
-6.47720098
-0.533003807
-0.384903908
1.97483897
-4.30476761
-0.0782459378
1.60914445
2.47709203
-8.17444801
-0.657763004
-0.0328352451
5.78011847
-2.88128972
1.59943569
-2.02907825
2.04188681
-4.30934143
-8.1266489
10.9117393
-5.38778973
7.36903191
3.84670067
10.7031097
4.39743423
8.51714134
4.64650822
-1.75274336
1.57482147
7.98491144
-3.33833265
5.92795086
-3.69146681
-7.81412172
-4.65937948
-4.365767
2.04697132
-9.39833927
5.88849783
-4.91769505
-4.15612698
0.896866858
-0.917627335
-2.63066196
3.29025507
4.33201122
7.95786619
4.89443398
-10.3831844
14.1508341
-1.51891506
-1.45724702
-0.551488876
-1.23411131
-1.07504261
-1.24468899
1.79443359
-1.25609994
-2.38540506
-3.88592911
3.03597879
-8.0410471
-3.14445138
-6.99624157
0.468642592
-1.86416554
-0.724676132
4.13244009
-12.619729
-3.84646463
-4.49266291
-1.19049907
0.0496141315
-0.677328646
-3.04024935
-2.82649589
3.14164925
-18.3095055
-2.70590162
-2.4245162
2.38968372
0.172687531
-5.52365065
-8.34677982
2.30659533
8.63724232
2.87997246
0.512661695
2.44799209
-2.49438953
-6.13795567
-3.53441095
-3.94623566
1.62019539
-1.67759871
2.95523119
2.17514205
7.97576332
-0.782929182
-5.07146454
-1.76786613
-14.5282536
-10.9274263
-13.0463934
-2.77458644
-2.32623529
-2.3080647
-0.675760329
4.74299526
-7.79954433
-2.46327543
-8.1530838
0.324632525
-4.71151638
4.61829853
4.96761227
4.59903526
-2.14416838
-4.63191843
-22.7199535
-0.287222147
-2.32540131
-0.201595247
0.0890296102
5.37919712
-10.6848087
3.21827221
5.15741444
-4.0189085
-0.790525198
-9.76395416
5.81772614
-5.23348427
-4.54591846
-6.60795832
5.23937178
1.2770381
-1.46629834
-3.18787408
-4.89608574
-1.27252722
-1.50108814
1.00257862
-5.05079222
5.24801111
2.73737335
13.5384665
1.404845
-2.24103737
-6.12168312
-0.181474686
-6.32637501
-1.5906781
5.15223265
-2.43003559
-5.88140821
-5.53015995
2.74644232
0.179971337
8.97795773
3.43941212
4.16900969
-4.92561388
0.547164083
-3.83310795
2.35593367
-0.37449789
-2.6202352
-1.58585882
-1.01822519
9.95209026
-2.29875374
-10.504735
-6.9832077
4.8210206
-5.97967672
2.26634049
0.617240906
-3.34169054
9.1808815
3.68529844
-3.64503717
-3.29088593
-11.2645321
-4.47587109
-1.63202477
-4.38127232
-3.75501657
0.847981811
3.46717978
-1.75305521
5.37615299
-5.59589195
-6.29551554
-2.42098308
-7.82919884
-2.60620213
3.44442439
-2.9123106
-9.63253021
-3.78028536
-2.3356452
-0.440572977
-6.52625465
-1.65457916
-2.53985214
-2.04663134
1.85980976
6.218822
0.468399286
-2.71155858
-1.33407378
8.65537548
-0.814294219
2.17954397
2.1458323
-5.07183123
-3.66570616
4.56970596
5.36382532
-9.93817329
6.66576052
-4.58087444
11.1713142
-4.53071404
-4.07183552
1.76119387
3.55688643
3.94795752
-1.8862108
0.404968619
3.0079205
6.03990984
2.59889221
1.97297621
2.17058897
6.94437551
5.21669149
1.44373298
-2.97997212
-3.0603385
-0.727585077
-9.33132267
4.44761086
5.72814465
-1.52798963
1.55404747
5.69955683
8.39864445
7.36054611
11.8006878
8.5192585
2.1124084
-0.947323203
-7.00972891
-2.07091236
2.66428518
-6.731143
5.58162832
-0.886391282
10.5375872
2.12589884
-11.1094799
-0.853372097
6.93735266
12.455555
-3.77099895
-0.0261639357
6.31154299
10.8911257
-3.48019648
1.76239324
-1.04918802
-0.769917727
1.55290806
2.39225054
3.31993198
4.63293648
6.65112495
-0.122481346
1.2060883
-7.29262257
-16.3386116
-1.6205442
0.812704265
3.28399014
5.52717781
3.7158246
-0.488841295
10.1537771
3.23258495
0.224169016
-6.00791025
-1.6718868
2.67716932
8.18759632
4.80857658
2.59574056
-5.27349663
9.57135868
4.53352833
-1.3062582
-4.07753229
-5.22764969
-3.04182434
0.709102869
4.13294888
-3.74338007
1.72166944
3.44747972
-0.0702605247
6.34839916
6.03677797
-6.04615068
3.56853533
-2.95862699
6.62371349
1.54094529
6.43700457
-0.428643137
-7.51628113
-9.89184093
2.48073578
2.02249241
-2.13082647
-4.88118982
8.97520351
0.427442372
-2.10273385
-4.20876503
1.33231318
-1.61370134
-6.07137299
9.6099968
6.38944626
6.21257639
-1.00635195
3.16749954
0.593003511
15.8109837
-1.4575901
-0.948021293
9.48391533
-2.81146049
11.3565006
-9.66026115
3.1152091
2.25587749
-11.4266939
-13.8988895
-1.63981152
4.6825676
-3.9894948
3.0860877
7.04125166
-5.61235619
-0.796915829
-8.08913898
-4.62445927
10.8212013
-9.64556885
-6.53025246
-2.8976841
3.37718272
-0.0873954296
6.07847786
-2.07019114
5.77606058
3.44924331
0.745274305
-7.75829887
4.15992451
-6.44024563
0.247682333
-3.23588753
-1.57214808
2.10147786
-4.96215773
-3.2190814
0.059651792
-3.02142692
0.223257303
0.718381763
-0.614573956
1.4696393
6.65744877
3.75192499
-1.94466865
8.20552254
-5.46759224
-3.82224226
3.53452969
5.17576027
-7.48021698
-2.83415651
-5.32105398
1.0566057
4.11807346
1.33825803
-3.45068622
-3.87432718
-7.17112112
1.04866457
-2.85724306
-2.62861919
3.12072134
-7.14297199
-9.15101433
0.899583757
-3.83121967
-7.4225502
3.24733949
-1.32653713
7.93714809
-5.78964663
-8.03953552
6.52627945
1.93718135
-9.61067963
-8.56772614
0.0718331933
3.03533483
2.97757721
-1.68840289
5.09312963
1.04582667
2.10808969
2.08193231
8.03755283
-6.65350485
11.8766251
-4.90684175
-3.48320198
-6.92740393
3.37976694
-0.570125103
-5.73215675
5.52236748
-6.59608841
-10.0043697
4.6156745
2.70200086
-4.91208649
-0.476913095
13.5141344
8.06222916
-1.19861329
1.60352552
3.13976097
1.74828315
-5.63239479
-2.06126785
-13.2153635
-0.145949841
1.61669016
0.208666623
-3.22157526
0.0552361608
5.34669209
1.01519346
0.366245806
-0.216181278
10.3858461
-0.227979898
2.87232447
8.64051437
-7.09875298
3.56693077
-4.31171799
2.44386601
-8.46750259
-4.35111952
10.5625648
0.841875732
14.9512978
2.10988283
-3.06641269
-8.0842762
-2.62020397
1.223387
-1.18672633
-4.37890959
7.45458746
-4.39994478
-2.03338504
7.90951967
-4.36247158
7.1951685
-2.91267443
-0.724328876
8.0717535
-3.29188538
-5.89369011
-8.13121033
-1.01217294
13.6272926
-1.46154881
-4.5572238
-5.44987488
5.80521441
-0.750179052
-14.1312466
-3.34181595
0.810271502
0.717799127
-2.88642836
3.30220151
-4.68834496
10.5618687
0.569755197
-7.87109852
-0.591234326
-1.02713227
7.36266947
4.1190052
2.11882544
-9.56506824
-0.897698402
-7.4284811
-1.73714256
-1.52185798
-3.62119341
3.82001519
4.14992619
-3.42876577
0.224377632
2.26488161
2.78802252
-2.02695632
-3.75718379
-2.16906881
-0.80450511
-14.1643982
-1.20623207
5.22178602
3.64133692
9.49977684
1.41154861
-2.58568215
2.90285301
8.91711617
4.11385345
2.69964457
-2.67672205
-0.853374481
5.77141285
1.73799658
3.24742842
7.14242268
1.5305115
5.11119556
5.45145798
-0.964355826
3.20250988
-3.8651309
5.64142084
0.00571894646
-6.57407665
1.6725266
1.0005846
-1.89796865
-2.10731125
-6.49961901
5.23004723
-3.42758584
3.1760869
-1.5392462
10.492404
-0.35757935
-5.49616194
4.86727333
-1.07334924
-7.82168388
7.2008028
9.53473949
-4.12727404
0.352015913
5.72542286
-1.8049655
5.04086494
7.80024672
-0.343303919
1.60148776
5.63755894
2.32937741
-4.94953012
2.72667098
4.36727953
-12.1023264
-4.26175308
-4.84812975
-1.30871034
0.932907224
1.41563535
0.277631164
5.64531708
2.34405279
1.43998742
-8.58116436
8.36903381
-4.63560009
0.988867521
0.908315897
-1.96793985
-6.39050913
0.54601258
-4.04574776
-6.8356328
5.29129744
6.10447979
-3.43506861
-7.01066828
0.548166573
-1.36374354
-10.8092718
-3.36666441
-12.0861216
-2.3079052
11.6404963
2.20943475
2.6128509
-10.9128389
-3.06761909
5.19012737
-0.893037081
5.38722038
-8.72926521
4.53783035
2.05848527
-0.225515485
0.696197033
-1.92411458
1.61659789
-5.15626717
0.316672385
-8.86264133
0.774399638
-0.749822855
14.8729897
10.0898399
3.83165789
3.72139001
-3.38384342
0.265362024
-1.72216177
-2.34635186
-2.64283061
-2.69240236
3.6466403
-3.40908813
-4.57270002
1.74216151
3.19748211
-2.22089052
-0.181276441
-9.02138615
1.59643543
1.16296768
-4.61037922
2.85452366
5.31126213
4.24362516
8.40740299
1.49763083
2.97972107
1.59753346
-3.98346305
-9.02624321
-7.65044451
-5.55033207
2.91909075
-6.22564697
3.93491125
2.25989604
-0.50831151
-4.73406982
-3.84946561
3.27129173
3.91144753
8.58444595
1.40177131
-5.70164394
5.72225618
1.32366109
7.46559
-2.23320055
-0.710612535
5.62875843
-0.991312981
-1.60579252
3.17585683
-4.72338867
-2.17964077
1.29745018
-4.42815685
-12.7375469
-1.79313684
5.81920099
2.70263958
-0.483529329
7.79394341
-1.23491609
2.76598859
7.76596451
-0.510904551
1.85356784
3.99790359
-17.1067581
-9.37741852
-7.6433692
2.71576166
4.28156185
-0.938716292
-6.11974812
2.94904375
-0.30056259
4.01191616
9.14593124
0.470022738
-7.86132288
-2.88695002
-1.41225338
0.961261511
-1.84800601
-2.80720901
5.543437
6.66548109
6.18761635
-4.66497803
0.458943844
2.22113657
1.40093613
-3.61665177
1.40369558
0.66793108
5.39068079
11.0605516
4.0737834
3.17549992
3.68912387
-3.05640316
-1.56288683
4.63395977
-0.802873611
1.19227719
-7.44484615
-9.38635921
-3.72436357
1.29074299
-0.466826916
-1.57654858
0.819407344
1.48886216
6.34847069
4.42770529
16.3430691
7.98182344
2.29106975
-6.48606205
-4.70711422
-5.85105705
1.9448458
4.62164307
1.12252724
-2.99379611
2.0358417
6.98102283
0.0489844382
-1.94897914
-1.61611533
-0.248826027
-1.00621748
-7.07840586
-4.02481413
1.73792124
6.57535076
-4.94752979
6.18788767
-2.96912003
-2.72263122
2.86710453
4.57284117
-1.88551581
-4.03248549
2.15147161
4.26386786
3.89737582
-3.15084434
8.30516052
-0.195834726
-1.56264651
0.598263025
6.18990612
-5.69878101
5.60280323
0.888279915
-3.49706697
-2.04532528
-2.5098803
5.28546715
8.01071835
-4.34519005
-0.62308383
-4.21241903
-0.138330728
5.4725771
2.4905901
5.83977222
5.55988359
2.7712698
-6.75580025
-5.01153564
-2.208915
0.224629045
-0.644816875
-3.29596996
-3.49245095
-2.27669811
10.6903811
-8.48137188
7.66223335
-1.53788209
2.90842891
9.44895935
-1.49395442
-2.39431739
1.76455617
3.74026918
-6.64898968
-2.91022873
2.00896668
7.08016205
-4.5426178
-0.692185998
-6.18090105
1.53776872
-1.61033726
-1.81933522
4.06368971
-11.01507
1.13215923
-0.810751677
0.356307268
-7.43081188
-3.09162331
4.74819279
-4.32701445
2.26473093
3.18214703
-0.731032014
4.81220722
-0.266160011
7.17816019
-3.02287102
-8.27048874
5.585639
-3.72600508
-10.7543268
-5.44182396
2.11452246
-5.62919044
2.2482748
8.76263237
1.45806003
-2.24898863
-2.58792067
-1.95208287
-9.63964462
-7.20134449
0.109321594
-4.0058074
8.37581253
10.7967253
-5.71562004
0.0936193466
-12.3778896
1.40977967
-3.89711213
-13.1401005
-2.35426617
-7.99183559
1.68727136
0.326702356
-0.761300087
4.39849186
-7.73037958
-5.42479897
15.1282244
-7.51139355
-6.48195648
5.5004282
-3.74085593
0.35511899
3.35029888
0.510227025
-13.8024273
-0.548042774
3.3522203
6.71750116
4.75786304
11.7252026
-3.30809641
-6.65832424
0.983184218
1.36593151
-4.36926508
-8.11090088
-8.13092232
2.35008955
-4.89267302
-8.82033348
14.9101715
11.1071672
3.88251066
3.58715105
0.942156494
-2.71711922
-4.32665253
2.01656961
-5.21682453
-3.40340114
4.74088573
0.891961217
-6.22819996
2.43910861
-7.21313524
5.13149548
-8.67028236
-7.83818817
-2.24562693
6.996737
-5.2046051
5.883605
-17.0198078
-1.53213692
0.431126297
3.75798512
7.6635313
11.0596037
1.6076951
-2.46651196
7.41992426
-3.54679108
5.40860796
4.50684834
-9.23256683
2.87789774
-3.18231678
2.10432911
0.616163135
3.43284225
-2.46547937
5.5206461
0.277426153
-0.276886702
1.05752039
-6.23234081
-5.04148722
1.06716466
1.66265559
2.58698511
-2.52288198
-10.8742809
-3.87764835
-6.15889645
-6.16034031
-9.95202065
-1.25582814
-5.5013752
-3.44786882
0.681414068
-7.07789755
-2.87953925
-4.80863285
-1.1437211
4.66277599
-0.622470379
-0.60701257
8.4612999
4.46212816
3.42438984
-2.07762671
4.7212286
9.31799412
4.46430874
-3.99314499
2.05000186
-6.27930212
0.576999068
4.51900101
-5.42863655
0.226017475
0.798397958
3.35157251
0.678861797
-4.56814384
-3.9169445
0.843587637
0.545104265
-6.92233753
3.52804518
-3.15909433
-3.69443965
4.87248611
3.2010591
-2.23086619
-0.611406028
6.45714474
-1.08660626
-2.64969969
3.39287376
8.29225445
-5.13155842
1.57340813
-1.30459428
-1.88879299
-6.38585758
8.27765846
0.722248435
0.700860143
-0.800364733
4.50207138
-6.29311514
2.67061806
-0.464154959
-2.94117308
5.11442614
9.56940746
-4.48893118
5.30359554
-2.69967794
8.8251667
-1.46550369
8.8386507
4.06201029
0.565125823
6.38467407
-3.44211864
4.4605999
14.1240931
-1.16613698
-2.35783529
-10.0125113
-0.932012975
-6.54325676
1.3840456
1.84936762
-1.33371019
1.44220769
-3.07305002
-2.06971025
1.76553011
2.98561049
0.0373940468
-5.71964169
3.16608477
-2.6080699
-12.2516537
0.479857445
8.63790989
-2.50596976
6.44761181
0.922871411
-2.8403933
2.94363427
1.07371736
1.32378244
-12.4207535
-1.58225751
-1.95288634
-4.00237942
-1.40079916
-0.830580354
1.1727699
-4.09186459
8.27244949
-9.99043369
7.1577673
-1.628824
1.95277476
-6.00270748
6.18836927
-1.00778031
3.42725611
-6.34355927
8.21957588
7.24889278
-0.0313757658
6.23618317
-1.10922968
0.0513358116
-2.3004384
-1.31982613
4.91864634
-4.5839448
6.73505831
-5.4681468
-5.90189934
6.14894009
-2.67100096
-1.31537163
3.9280858
4.59655905
8.97061539
-8.26205254
1.20726848
5.32254934
1.28448915
1.48141932
-5.69952869
-7.92290878
-2.70189619
-2.73493958
10.0000811
-4.49478197
-5.08765841
0.120670214
-6.0170188
1.35532379
-5.83132172
6.79657364
-1.00473762
-5.70328569
5.51135731
1.59377146
1.19193411
0.702462435
7.12826586
5.78980637
4.7344718
-13.0418644
-8.33100605
-5.66171169
-7.97461271
3.6660018
3.56367898
-1.04340267
4.44675827
-1.90395105
-4.37712431
-2.87650442
5.11307287
-9.07732105
-3.57616305
-1.96155512
-6.01210451
3.01368141
7.07393026
-0.490733325
5.45500469
-14.9902868
2.10704422
-2.26780224
-6.99169636
-0.722526848
6.75629663
6.09775019
3.3627286
-5.87751913
-0.380552292
-4.81829596
9.83529568
0.612871885
-2.31906009
-4.37685394
6.46885681
-0.307169855
6.76712704
-1.61673117
-2.59615183
-2.51199126
0.622036517
-2.75315762
-3.34553719
-1.2066834
-0.580779314
5.48431826
0.364115059
-8.90188408
4.717875
-3.27447653
2.22952986
-6.2656498
0.145805687
-0.0475182533
-6.50084305
9.71368885
1.82525361
2.02441692
8.86642456
-1.74411261
2.63886452
1.05768514
-3.13763285
0.968772173
6.86919689
1.111799
-4.91061306
-2.58191586
-8.35961342
5.16901398
0.607635379
-4.05240679
6.69618607
-0.85225451
2.87609673
0.0793032646
5.69757414
-3.14591312
-15.361515
-3.63785458
-4.37539959
2.12986684
-4.63001442
4.62596178
16.866148
-1.34041262
0.0904845595
-2.89935422
-8.38507271
-3.61432648
11.4527302
-7.97541714
10.2885036
6.08931875
-7.47305679
5.29362011
-3.4327631
-2.68413806
-4.41555262
-7.1951828
-10.5505705
-2.92478943
11.172307
-6.24935484
-4.12774944
0.237858057
-3.38461757
-12.9039145
5.38003445
-0.288230002
-0.3434062
1.00206137
9.18192005
3.49493766
0.583407164
-3.76490641
-0.00948512554
9.66386414
5.70086384
1.71754622
-0.758920968
-7.31197548
-1.02337348
3.99763584
-8.50612354
5.13181162
-2.11103487
6.63562584
2.60354877
4.69985628
-1.07290995
5.54879618
-10.178381
-0.341935873
-1.67698526
3.41877437
-2.32439995
12.3160019
-1.20703673
-2.76104093
-4.86849546
1.83685744
0.860463858
6.35406494
13.363718
-5.12984419
6.33606291
-7.01118946
-5.67929649
11.0795288
9.97950268
7.83492613
-4.288939
8.13033867
-0.73084116
-12.336916
-6.74383879
-4.8542304
-11.0997105
-13.8380127
-3.4146502
-1.31760406
-2.42840981
7.23613453
-6.25387526
-0.924854755
-4.41250801
2.11285973
2.31945705
3.51832962
-0.532667994
-0.352738023
-2.3964417
-4.22277212
5.51271582
-0.764095902
-12.067584
-2.217206
7.51357174
-2.19240499
4.47845745
7.76632643
-8.42481899
4.93231297
5.2551136
4.35577059
8.08543777
-0.0923491716
4.28714037
4.90096474
6.15389729
0.602805853
4.26090622
4.69989872
-7.50851536
6.15214443
2.28872705
-8.28440666
11.3187046
1.24227095
-5.13016796
14.2339792
0.394579053
-2.39261246
-8.94285679
0.632015824
11.6185493
2.08434796
-6.312222
-2.58839536
2.69406176
-1.63532972
0.186290264
0.649044514
-3.26880598
-0.830598593
13.0646124
-7.23006821
8.74888039
7.84552717
-0.452276945
10.0135155
-3.209934
-5.60194159
3.145262
2.66405654
5.9760313
5.82422447
-1.68627262
-2.56935525
-1.31149936
-0.684627771
-9.21828556
0.170443058
-4.92368221
0.343357325
-3.29019594
1.35423708
4.58977413
11.1665268
5.26163578
1.50994754
-1.89306104
-8.40306377
-5.97179699
-12.644742
-5.11606979
-8.12541676
-4.40030527
-4.00988293
-2.71208882
-3.40034533
-1.15383124
-1.97320187
-5.16441727
-2.33643556
-5.72354031
-1.10072529
1.99754882
2.22445917
-5.05919981
-3.84609175
6.01015615
2.68683815
-6.11875725
0.611926198
-0.690145075
-3.21648741
-0.516234159
1.52620995
-2.66238451
-4.84501266
3.45100641
-2.6873951
-6.31033182
6.59336996
-3.42015791
4.47391796
-1.23642874
-0.918940902
5.94739532
1.90151715
0.634969532
8.13068962
-2.96884155
-6.75993633
9.85062408
-8.5558033
10.7631273
-5.79064512
0.4763515
2.39943123
2.2932713
0.250874996
-2.77182221
-2.04168797
-1.65485871
-2.05605721
-0.098274827
-4.57090664
1.64960599
0.335385561
-0.605331004
-3.39250135
2.37337327
1.65948653
6.50415516
1.5871191
4.02260828
6.50760031
6.0062027
1.94177032
-6.09880924
-0.141245604
-3.60142517
-0.278189957
-6.03566265
-7.11956596
-1.71522999
2.36461687
7.98153305
3.9097321
-2.82034111
6.97597456
-0.813446581
-4.40520859
-6.66584492
-0.60319978
5.42912579
-0.773887753
6.88975334
4.99012852
4.58150101
1.87510347
-2.54982948
3.06087232
-4.95439768
-1.11619854
-3.653754
0.21595788
-1.59475267
-2.95325017
-3.83488441
1.61888659
-2.35075092
5.46571064
1.07041442
-3.8947947
-2.80322123
-3.16138315
4.25520372
0.785359383
-4.75233746
-7.24774742
-1.69523537
-1.49178576
2.06097603
-0.226830721
-9.89685249
-2.70529079
-6.54691935
4.34104967
-3.45960832
-4.78637028
1.42552674
2.50196552
-1.4937706
-3.78876638
4.42672539
8.62062645
-17.0202141
3.90673971
-9.05155659
-4.71323681
-3.37213016
1.59273124
-9.42435837
-0.171418071
-0.237534881
-8.98362541
-4.54875851
-8.95748901
3.45821619
1.86562729
-0.626459122
-0.489424229
4.97686481
-3.49590278
2.81912565
-2.64435196
-6.05256939
1.24605584
-3.4727602
2.49355936
0.481664181
-4.64921761
-3.06577587
5.92290688
-1.25017309
-0.155097604
5.52091217
-4.9025836
-3.44625974
4.31391096
-4.97191238
-2.49476576
7.40640545
-1.43409014
-0.735967398
4.76282978
1.88755286
-4.37948084
0.397999167
3.3589921
3.28493357
-6.56899929
-6.86275864
-6.25380707
0.888169646
2.07518864
-5.99205685
-2.77908349
9.94962215
-0.627728224
4.77191687
1.03726459
-3.65837884
-4.54298449
-5.2171545
-0.303007066
3.28690577
2.46677732
1.99883294
-4.6074295
0.483024955
-5.85400963
-10.3555326
-2.16328526
1.56186843
-8.02103996
7.00619316
7.72797775
-5.69657564
9.85641575
0.551011443
-3.89247894
2.71716833
-2.72083187
1.75012159
-0.3324821
10.5691366
1.62745631
1.93432713
-1.20631123
-0.683694839
3.93495131
3.58643055
0.963865399
0.835541725
-5.90082836
3.7929039
6.95660448
4.54059649
-2.38637948
-5.53922367
-4.29700089
1.97647691
0.965147674
-1.74660993
6.51580143
8.0292244
-9.99950409
4.39621735
12.5409536
-0.546786308
-3.92703009
5.64009857
7.89031219
10.8544044
-2.42819047
-0.25744319
-6.96167231
17.8284779
1.08484018
6.89781523
-2.739007
4.69071102
-3.51011086
-1.64495683
9.97507763
-0.812933505
2.88286233
-0.0986642241
-0.813664436
-4.08205891
-5.18723345
-8.39938831
-2.29876876
9.68562889
-10.0199442
0.762766361
-13.3947067
2.29939985
5.51319695
-0.982475638
-7.8278532
1.2989943
1.89202893
-2.91633892
4.19110394
9.3149271
5.32741165
0.967698991
-0.539415359
-2.6727252
6.74388504
-1.89425743
-6.63308525
-0.325154066
7.29907417
-0.336670816
2.5435946
-1.06166494
-10.7399416
-2.04347086
-8.0359211
-4.62443447
1.52232814
3.15354085
10.8144474
12.4335766
-9.90048027
-2.44242597
-0.112645328
-2.00588799
6.95488596
4.03292513
2.85338902
7.65238428
3.71406627
-7.96379614
-1.21080685
11.5624104
-0.793551207
-5.05153131
5.5284667
-1.46295762
4.51269245
3.36585069
2.81089449
4.13011646
5.93603277
-5.80398273
0.754366994
-6.96586323
9.6585741
-3.05861902
-2.11867642
7.32335854
6.65801764
4.85605907
-2.82553411
-2.3798964
0.939308405
-4.95579863
-8.78803825
-3.21450114
-0.405671835
2.30486274
0.158233762
1.90740085
8.71776962
-1.83449543
3.38076329
-1.82769871
-7.62286758
1.35886312
10.5524673
-0.56801641
0.797911286
-5.49021292
-2.36335158
-2.34397626
4.02869415
-5.92893267
2.82586432
8.10185528
4.31942558
-0.72412312
-0.713880062
-5.23778152
-3.42774987
0.902251303
-1.9500643
5.06294584
-4.73012161
-3.04773712
-2.92834568
-1.57140303
-2.72239327
2.48673964
-1.37795627
-1.75447178
-1.96523929
-0.90278852
0.541085005
4.26657772
-3.14237809
-2.0131278
1.55191338
5.52914524
5.09673977
7.09021282
-0.518946052
-6.3184948
-3.16234493
-2.58419585
5.18293953
-2.32397079
1.81423545
4.14244461
8.47429657
-7.3513093
-3.69549847
2.32118082
-1.31878459
7.36994457
4.83114004
4.28554058
7.48811197
2.17906737
-0.311188459
-1.1458652
-3.06734228
3.56633997
-0.790029764
3.08668494
4.30625153
-4.67243576
-3.74651337
4.03112268
-4.50337219
1.9533608
1.95643806
-6.99879456
-4.60711241
-2.16656446
-8.81430435
-3.8380084
2.37962961
-2.74721241
-5.52758503
-8.89593792
-2.21406221
8.6006279
-0.77933538
9.2431469
9.29531574
7.24133968
-6.3165226
-7.77110434
1.20905805
-1.64380598
-0.636019707
-3.4136734
5.14204597
4.79693699
-3.09662056
2.63570309
-0.894747913
8.47492123
6.69139957
0.432290941
-3.03826141
-0.418575048
-1.62812996
-2.05607724
-6.95186853
-1.9487673
5.26893663
-1.59932828
8.56666279
-0.111671209
-0.296688318
6.03042698
6.02668905
2.93507195
-0.433434844
1.95874834
3.59830856
-4.37500095
13.5087729
3.10824013
4.62687683
0.138957739
-2.33987236
-2.4305234
5.61059093
-1.72598827
5.92560816
3.00126028
-3.79134178
-1.25380397
10.2724361
11.5230293
13.4115515
-6.50863838
6.36338043
-9.69594765
-0.94488281
4.05214262
4.24850512
-7.04042101
-1.85205889
5.52691746
-1.9602592
-2.56712985
6.65790415
2.79848194
-9.52295399
-3.41588163
3.05086493
-5.7027688
3.15056491
7.52156353
-1.93632245
5.73546839
-3.21033621
-9.96850491
-11.0618448
-0.185768843
2.11292791
7.68082285
-7.96675205
-5.8443532
-0.284235716
12.1277838
-8.11789513
0.046505332
8.08049202
4.617383
-4.79574776
3.53641272
-1.21528864
-7.03432751
-2.04803562
-5.5132103
-3.2394011
-1.19361961
9.99258423
-8.21766758
12.5810165
9.22977161
12.4095354
10.8551435
-5.14789629
-4.9885006
-2.7543993
11.17694
-0.0430313349
-7.46825695
6.88292503
-2.31036568
-5.96259451
-1.94841993
-1.1028266
-3.02303338
0.168767214
-2.85282516
2.68882942
-10.2621651
-1.62175965
8.12726593
-3.12855577
-6.34589911
-6.09799767
-7.3486228
5.79070663
0.390969157
3.3944273
3.79216671
2.93594289
8.65363216
-13.5330858
3.89765882
0.347043276
-0.968150377
-5.32892179
-2.6974144
4.43705845
-0.451193452
0.274744391
0.034819603
5.61504269
-7.66086054
-1.10823107
2.18815279
-11.4743214
-3.42510462
8.31728458
-1.64521337
-3.38635492
3.99662232
-2.59290481
0.782688141
8.22369766
-2.17870283
-1.34224367
11.4293852
4.07360268
1.96332204
-8.14380646
-0.9813627
10.5743914
-2.70497513
-7.10233688
4.52921009
1.13850343
-4.69033623
-1.35378599
3.99085808
5.87935114
3.37396646
-2.39265847
-7.57170963
0.810054779
-6.39896011
5.85904694
3.11336565
1.74143851