0.052464556197737044
-0.33911068764704355
0.7282259779372742
0.8888872547609561
0.30956620949050273
-0.14431304882997686
-0.7345702761333213
0.011872442122795368
-0.608376257270357
-0.9721050116579111
0.8004251530192106
-0.3597297298494231
0.42384762562410505
-0.4114988285830927
-0.9246820473238981
-0.04833724482471746
0.854400115590332
-0.6495749888659135
0.7060528208221069
-0.3307950705143856
-0.4644965660248057
0.43744557092044456
-0.7427437549810931
0.8622317444832017
0.5921549429604716
-0.5793303768875193
-0.30015456551805064
0.6049491529410866
-0.5314630819138744
-0.013862885281105575
-0.8534574807687565
0.5979033577236592
-0.17726489480031238
0.5747454729131614
-0.4439218086814922
-0.13254540546920723
0.6450219824974535
-0.45060178926714856
-0.04227505465761472
0.646200570316098
-0.658783529927911
0.8213071021403535
-0.8825988800480444
0.8034257754752745
0.5521002122588023
0.7747307595276363
0.6640980184665459
0.297766254857194
0.879803737080604
0.04283021051237745
0.7182115454035869
0.7140906255559296
0.7241143933078766
0.37028727115357474
0.6781158163911682
0.10182720970568893
0.0513030600729083
0.8314001429191407
0.6532814494460815
-0.8936402187682637
-0.42952635312107756
-0.9087160210066509
-0.6173590009524861
0.4910870845719737
-0.5000346021354687
-0.32430470535387146
0.5708603500134861
0.9433342724622922
0.018743964478499686
0.02049758422648207
-0.9705080971512945
0.5691822360557781
0.92368903827813
0.07570153644215516
0.6982236078468194
0.3864997065414817
-0.32680665807725573
-0.5443882672172327
-0.8368391782178111
-0.009642529235038166
-0.23490641422253766
-0.9018705763986758
-0.09402115501343578
-0.2059138035628143
0.1660159108053576
-0.07367276357596375
0.7922329102888641
0.1095013850330504
-0.4506954569992154
-0.06293202172839396
0.5429449779750655
0.5807143667322003
0.9166558696275575
0.0905637752519941
0.7075297924233159
-0.6024843179620685
0.9087140937415519
-0.5409045471672467
-0.002705549158248166
0.7963198936525877
0.4943432814732469
-0.3038293276006332
-0.822560623100048
0.29680366543017045
0.5257164201444673
0.433159340255181
-0.05135802578040627
0.9827489853154798
0.9797168765527935
0.1095023755823552
-0.6304841488918513
0.03431266791536669
0.8831859096045116
-0.5688578916529337
0.40860904870372194
0.3944907083819136
0.6771688835497904
-0.6546016289137957
0.2581388039284893
0.7115111364775466
0.6620172223365521
-0.3982145974343221
-0.53187225727872
-0.45194045066468
-0.4088719590137311
-0.2364196245806609
-0.07111521761827633
0.2535676000818743
-0.406655994852126
0.5928142268604988
0.12524399776307726
-0.5578701153349566
0.1592829962380371
0.6727841459311248
-0.9686000829826222
-0.9574194113941858
-0.8171256394573359
-0.09681534141609349
0.05190842926649886
0.4607715846458442
-0.5478435718008383
-0.4464831596657357
-0.9855357995453273
-0.4833601697684444
0.23691216653630898
-0.8214213152733421
-0.8267012357993737
0.25924848085319185
-0.5710462327848613
-0.11341223454388838
-0.2221267244380143
-0.21961666538514057
-0.046583309707717735
-0.22581403400240396
0.8596056268553243
-0.2245024936604807
0.44666752818133126
0.1127172668832217
-0.4647340051113844
-0.1724746031938864
0.5923593743163489
0.0769359122872535
0.823342474333723
0.591826701774766
0.947754547461223
0.8622597396271581
0.04441394640130514
-0.7470432738821076
-0.3809562658015906
0.046522988656591435
0.6666538400256683
-0.8582851214425462
-0.7888098875499752
-0.221531889228622
-0.21360824101615683
-0.720626157129939
0.561482299577972
-0.49117730711724517
-0.48781400835882827
-0.34686360702092633
-0.12013354685627764
0.7012814421043883
-0.3818227425446501
0.512071839887003
-0.6577407258310644
0.5817616317039587
0.5610458488867653
-0.1801507494828607
-0.6079400829952077
0.93012372260903
-0.6945652212857958
0.4143307800886733
0.16581235936851324
-0.18366801727400794
0.9006722369941689
0.9371093701199513
0.16842680688245215
0.8428314074061163
0.904265539489892
-0.04586406446088653
0.40166242655471596
0.7284987746733282
-0.863455669667162
0.24814473135139803
-0.8749283486771451
-0.8882132068461834
0.6037304757590385
-0.1530436130068309
0.6476578641985196
0.8433443810924823
-0.5144326863028104
-0.12425064840652511
-0.8002595946556978
0.09109000554336277
-0.2739639761048114
0.1095413204425928
-0.5690766447439086
-0.3083505255937977
0.8812224455206217
0.45329203783890515
0.8453281484646511
0.3104259975403689
0.6133719355490919
-0.3905491161134367
-0.9212108585385603
0.7288696159154231
-0.26762818256263765
-0.0868061618752276
0.6539218708305208
0.6080579334338627
0.6634041729051672
-0.3647403361160326
0.9228266827234684
-0.23180286799467287
0.8136867686055838
-0.44347578136864807
0.3611786131320469
-0.3689453691983011
-0.22048766285787158
-0.08489905156005273
-0.32965781601688704
0.5461184351549284
0.889180393697707
0.9422757935992234
0.64435964999909
-0.7193035328540054
0.8743935301028036
-0.9641020133410909
0.044618601929617085
0.31427131619591675
0.38517423477168755
0.2520083863506717
0.5360568548249836
-0.6164731716334315
-0.26555587992551377
-0.15447556241552518
0.2622931091440319
0.6166327176356929
0.6080064467817794
0.7683797837686801
-0.6351583546170501
0.4428755323797111
-0.3218543211035747
-0.30960974901278004
-0.15794034185735573
-0.3011214132863702
0.4228414552266766
0.8313247538611779
0.9754289519359116
-0.5247092517087955
-0.3055655826366934
0.6496816219001875
0.5961952601087845
0.026529321754165114
-0.4836926380468525
-0.9056588882136711
0.03144337859438817
-0.8688388391736077
-0.1377709109739147
0.5199983666715235
0.38239661806381053
0.033062156147190436
0.912565964328917
0.5036783368891755
0.6382488646040747
-0.5916911023816567
0.9074763230243652
-0.6778973550697056
0.20583276263206352
0.33088208497940386
-0.008030972776023493
-0.25270771657086843
-0.7384401734741683
0.7357564586978078
0.38187992110748903
-0.9933084686912932
0.42393380761805033
-0.5620017960514982
0.16587831890781302
0.13047592083216775
-0.5655746905565071
0.13020098229781496
-0.4388630538082481
-0.9051211290467089
-0.020023883397809028
0.6264756154267084
-0.1592618622676245
0.108289708335356
0.6674111744070985
0.839744536480886
0.31264939259361313
0.322780144703551
-0.9682075067455211
0.783416901589018
-0.9152379054481079
-0.3217122788332172
-0.3343432436021858
-0.9991905816189077
0.668183287262105
-0.09979162293273713
-0.023113801519933252
0.3451469203730526
0.6337265938649739
0.19556935200755188
0.22138521559395663
0.22116972589949313
-0.7139592516095039
0.8341600069545458
0.4709037334004542
0.12725603590811851
-0.4575317145748372
-0.6141920030872432
0.20926961092268237
-0.8639996978977185
0.18975840155333423
0.1507019834279124
-0.777160681540721
0.5300851791039483
0.5367247987044512
-0.16004933594328596
-0.4665556917990614
0.508351602267965
-0.6246283295692117
-0.7338364510451374
0.17350038751047547
0.897612294773172
-0.8409509150234644
0.4009455918349487
-0.22229510614900083
-0.10984823596821958
0.9334692578764825
0.7709303955207913
-0.08916729812061197
0.4187356003775289
-0.36343957207774813
0.19545283036005934
0.4317124772509504
0.3621729697368068
0.41321021764206467
0.8667384337380637
0.5771775123465079
0.377873292337807
0.24556632487876962
-0.28496894457029787
-0.45587324042147537
0.08051032770450517
0.2282258639058301
0.850271724758576
0.08838584615136114
-0.82414091122724
0.273062546026438
-0.8074215994751841
-0.7234827539649229
-0.34422514092296885
-0.6722881377499632
-0.11068933081264065
0.6451522182272895
-0.9291061556098499
-0.9236551256091985
0.06644306785819909
0.9489958952736055
-0.3243101100322676
-0.3240643137553181
-0.35578700259392426
-0.6739260961784035
-0.40941557522722305
0.6461283048134241
-0.8393054672558147
0.4855993084977439
0.5970903913514409
0.4917314033925084
0.44252289801420575
0.07331577737420925
0.3185268762880069
0.8291701731898427
-0.11619222884483782
0.9218665598589344
0.4312549288272518
0.7278889123347663
-0.797155347083043
0.7742928054031806
-0.7742045235612496
0.15399799050243934
0.051116592605427336
-0.8755281800294235
0.841917757367791
0.6758300917640248
-0.838614951091917
0.7513407046830609
-0.9560975864345964
-0.5184800732659849
0.6726142558964971
0.6311122723862477
0.5794783761793645
0.7169263856061749
-0.576411328433365
0.969780249705263
0.494292589641238
0.09165729081258767
0.52853383017799
-0.8496784428416362
0.7945845173397934
-0.966698686883465
-0.21917703484149542
-0.3760800737924024
0.06589694973029192
0.37465577911822123
-0.6079611063686199
-0.28457172452382795
-0.11990767826156579
0.5051600215578593
-0.5686750350810572
0.32639669124123816
-0.036956400935591605
-0.5455305839687286
-0.9051517173416803
0.32168885425430505
-0.9769808166936262
-0.38838228108724393
0.5531359210121067
-0.3802274853472716
0.3106053397061048
-0.43337577874237443
0.8057805783897187
0.9283942693658442
-0.642721893860398
-0.8743187937656731
0.4947169712431494
0.9700543588697181
0.7305551456716766
0.18773274603306245
-0.4081692105782917
0.20262027363527757
0.12425408391047066
-0.7965515034321471
-0.07900804576017229
0.435903037567396
-0.6236196002775709
0.5636402801069049
-0.055492958929014735
0.8639178723541319
0.14579225510942218
-0.8480248198645917
0.7407421428135537
0.14227045492583246
0.28202545535023127
0.9431050365146882
0.3040116994397801
0.6873268011124376
0.0019188798246645433
0.5973099741917494
0.8539141549310343
-0.44213884477622534
-0.1081683126185573
-0.8637008448634811
-0.9616205901400223
0.14853744763471344
-0.7637954489488459
0.5047081863825555
-0.5692274761982059
0.6799239717587384
-0.19206408069902126
0.9390793616025039
-0.36297298248950516
0.38623694178216894
-0.7340104867672876
-0.8864947560534067
0.9910298694106787
0.2516759871703873
-0.9326590725408417
0.0533462170636847
-0.3071013919467944
0.5162107931872604
0.7216076193799659
0.9478836909380248
-0.3131384495851266
-0.9533898230795474
0.6082950391591793
0.5303178318860007
-0.40436747261610395
-0.8526022680940757
-0.14712631923785424
0.6856593762838068
0.5368770417904316
0.35983880219219166
-0.9174739130569805
0.815107529973566
0.45413895620145706
0.7919563078341092
-0.006252447173592746
-0.13239075012867585
0.6038909388226912
0.8102471213096809
-0.6252293583491093
-0.6724711043594276
-0.09799664736812419
0.08135227215652119
-0.6422533419373959
0.842102386971741
-0.575774407916499
0.4010570052547009
-0.3591549069600668
-0.08103255883994631
-0.7649429329591371
-0.5463445090939205
-0.043782521652238504
-0.21516316082464204
0.4818878476153581
0.9332469544211015
0.33008184218995207
-0.6305262743710045
0.34354510655174475
-0.56691749166463
0.7820794840430152
-0.4415303838340421
0.9607540459608759
-0.6134038890766198
0.5521544984099314
-0.545147677540017
-0.0689829753165303
0.8469317776207261
0.8331471140036151
-0.15911231202582798
-0.048292732069868505
0.848015789255155
0.8710394706710003
-0.22406460545425566
0.09058167524913552
-0.5909881617015962
-0.6275261301206627
-0.7664859299717877
0.5247952236762325
0.010700617476082641
-0.6875813690040944
0.2990745153577352
0.12310613102202561
0.01658327836617768
0.1006294895434725
-0.929474370367692
-0.026578673104828532
-0.28199603443957333
0.7364474331374431
0.87063475379013
-0.12557411502048277
-0.3109692852250412
-0.32247627263149026
0.49963460026664497
0.09828903334910066
-0.21104528275751222
-0.4014025275902935
-0.824480939273105
0.3910620299245613
-0.6410283852064915
-0.7249085389309882
0.13564131024593395
-0.46927110275746786
0.0763207924578142
-0.7451205127319556
0.30502668942395306
0.3368558967037931
0.9053569490195377
-0.8175979495270231
-0.308256102436931
-0.6328206111933923
0.04274355606040792
0.9507198465596085
-0.5843998890185731
-0.7842683332192426
0.10153558055938539
-0.03891404673017651
-0.21338823079271552
-0.4808246494253472
0.2541311244362541
-0.45252030663716014
0.11957913491549799
-0.043110181910716694
-0.02955786226214041
-0.3988480501630052
0.8815246136127148
0.5551114707714
0.16838145920295733
0.31787174524456363
-0.8453027314838883
0.9378759264597307
-0.9635585368682906
-0.8653722476381958
0.0737635558671168
0.7051295902737478
0.9957734793355191
0.9082310620017575
-0.6418893263145431
-0.027097748612278982
0.13704821391338173
-0.1636466984654541
-0.8904630858468203
-0.18037951488247606
0.07872656741017581
0.5891483056833582
0.3397538420858828
-0.12381111580703008
0.4291306403688211
-0.43454961880406096
0.8386906709479831
0.9032737912112876
-0.33897763958501304
0.40580923900619736
0.3293580237108005
0.6827001918018831
-0.05866939522343828
0.9358098402027593
-0.19312026835317853
-0.7115171727102148
-0.860654318254439
-0.5815159192403163
0.5432582856262402
-0.33908131580586165
0.06254249395773526
-0.19061577532355867
-0.36401869696529254
-0.7734285392442559
-0.5345668630914033
-0.7347216596651025
-0.4138530359839099
-0.8565077978870612
0.717305529615907
0.42458560349445085
-0.7492862250115546
0.23151072117389626
0.2832734263204597
-0.031432962067029724
-0.9062060783558101
0.4974668000764808
0.4637678478683396
0.32186277969187804
-0.14558214970042926
0.5756795124418255
0.8414518779367457
-0.4930706406131302
0.6762374402561604
0.615542278484488
0.5666687308054852
-0.795030884531958
-0.9718469411155
0.5325062235886793
-0.30012639512609374
-0.5261453298616023
-0.1704346468580773
-0.9260120375898901
0.9914914205282879
0.6296652061897099
-0.33045283899319244
0.38401052157674
-0.67008138918911
-0.22468387621280006
-0.8443063536589548
-0.7325529714977335
0.9897817281759247
0.913609965153829
-0.25188576676177554
-0.6916478173691121
0.3161888112898765
0.4711249262257864
-0.27741067531313934
-0.02736391780919778
-0.09532479992512743
0.5878301705135529
0.8661889761039061
0.8391697006995518
-0.7705108019800557
0.08599515614634745
-0.720852509056259
0.881374728921478
-0.6401927745474976
0.5962217432802182
-0.07374956136046418
-0.7513230579712702
-0.5713742576165517
-0.838543243698977
-0.8996162852665193
-0.7137486475368784
0.49343863543900657
0.20151957152545985
-0.8970091338176316
0.4396325016734801
0.9509176095362646
-0.49196902747686266
0.9475184781219139
-0.36991083896843757
0.7073122163544048
-0.28018129696475214
0.3688780737800703
-0.506801392285332
0.3732972688256706
-0.5668079532730703
0.12080259890067246
-0.5422211306773455
0.21284930509763544
-0.6235297452301662
0.9885001132255613
0.4122570157025889
-0.8674183703989302
0.5840306702749325
0.26915997625954424
-0.16821450903673485
0.16029487269774245
0.45280125725908404
-0.4747299906063138
0.035061229004950345
-0.28334485608902815
0.025930190699319677
-0.9801358353440155
-0.4569223316007478
0.2008458154789745
0.6259680949730451
-0.00549892773755678
-0.7235814246888623
0.9609924224258868
-0.09368865352044109
-0.36872037484534026
-0.45424630110043207
-0.33019364734006484
-0.7166498232754162
-0.7859424069418002
0.29562002702889933
-0.06752018551033512
0.250258269066149
-0.48115819819621275
-0.4022853167001439
0.6986400426947033
0.05044210369306268
-0.30461498254590724
0.08361507918610411
0.22896381804751065
-0.9417904078677648
-0.8774310740887821
-0.201535285562374
0.6266370419874279
0.14733863319331908
-0.06525801830801337
-0.6031267795913313
-0.8906861123982537
-0.16665462930434383
0.8438343382562541
-0.14862343235291986
-0.18903448104115528
0.9695449073850875
0.0040730222420082285
0.06383518758417783
0.1324004022814982
0.10677950828820171
-0.6451092215485386
-0.4648171623362136
0.51829030067518
-0.22232005137322264
0.9176871474067332
-0.5149686771317312
-0.7153818498868973
0.05984511501073375
-0.4397006512181312
-0.7204178767303833
0.8577600425910796
0.15843817512464797
-0.6544863215307606
-0.38856955489651
-0.5086662071127246
0.134240714121024
-0.9114258499608743
0.03134580093694006
0.3708680582043782
-0.7135223576666698
-0.9238785925258839
0.9151290469153772
-0.8520255335981504
0.3116495027593702
0.9754434099567273
0.29085832364491027
0.015619029908712001
-0.8434678582815467
-0.23343607023912538
-0.442223861335983
-0.35058822794772104
0.6804344819214074
0.4301603643254386
0.33843066292870017
-0.6696598381363623
-0.5401410089648531
-0.9842984974202125
0.5327978661272692
0.7192241088456337
-0.09595469388129163
-0.04778925520496036
-0.8453849313484272
-0.8921114988490468
-0.9075180857532912
-0.648189244293824
0.9279641766156661
-0.13817682822668642
-0.048379402728075505
-0.4261219239214722
0.7447362909360853
0.01895452658773822
-0.42613143861541336
-0.6784710671580552
-0.0645942694674091
-0.4868280756375891
0.06387493475641137
-0.15557641875497907
0.9930810129020053
-0.5615246135349969
0.5528929093758006
0.6340806455238799
0.9784298719296101
-0.7193450597186462
0.9687607471935618
0.08951771157522925
0.328021553278554
-0.2920335261374465
-0.48491796489497796
-0.10681868023797114
-0.13066114547021757
0.7788175267145709
-0.5277594766747185
0.4939785950709117
0.09596287224969657
0.07612374684247691
-0.8456842210744187
-0.1543455737017254
0.4872716706636939
0.5241056433510403
0.20502856313831375
0.22553484767028031
0.0910545460659129
-0.722807716258834
-0.5879334942523502
0.823063748124109
0.36070045330082245
0.7585235100974046
-0.7014878190202529
0.9052956399387624
-0.2686213114551055
0.0028172657164944326
0.22688946902303297
-0.6091018209539605
0.23349927616717636
0.3786428750455766
-0.958079316061945
0.08691252946089922
-0.4655302597423223
-0.7447869193086813
0.5511070455366467
-0.34030408460843375
-0.9585251560363095
-0.17487400098842176
0.8060014256610555
-0.08546451481850781
0.6632282826271596
0.40692625455044107
0.46099969703828236
0.4392746635070923
0.6343262888122658
-0.6270810687296255
0.6836677387376064
-0.4926843807452248
0.42575600472267694
-0.3129083171420668
0.4722564194459067
0.8990683178439209
-0.3482403061675077
0.20497877841840428
-0.12378007070123309
-0.7937929297900528
0.6792979107823363
-0.2522726832587969
0.509462515910944
0.989949187863109
0.6008290279869357
0.6676485312948235
-0.5782195610237673
0.34755152525741595
-0.7389651045429328
-0.6853730173825598
0.6086533560704299
-0.3654136121066385
0.4504134476539501
-0.1414928304249452
-0.5383341376201638
0.8914567571842278
0.9328021917853417
0.056642477016355164
-0.2576361520059529
-0.5725486619957452
-0.8009083597741238
-0.9748788505745509
0.1450786592746207
-0.6152475199566616
-0.30760840244905374
0.3585945419216259
0.006849701881647574
-0.047534955512862576
-0.24397338643067612
0.36252281349071125
0.3901098490190231
-0.052911857515980376
-0.9310696894162551
-0.6253710315991081
0.26768960164405775
0.2118810289295623
-0.22226166269636694
-0.6314837469094507
0.49180240939104203
-0.6540129894713829
0.0995890614575985
-0.12227256873106862
-0.6752545397080867
0.70820731693945
0.908776951457591
0.09470330224947388
-0.02277063951763858
-0.13060191309662406
-0.17163533071023984
0.4747799618668902
0.5528778540203261
0.2750026778513852
0.13821481115094625
-0.012729852767938254
-0.2424807004830607
0.24997953808795526
-0.3742072346983769
0.42082224220780384
-0.9947171847798184
0.46787921612369554
0.2614132928401236
0.12639988693102122
-0.1906161209489503
0.26118094946964865
-0.46580488651052754
0.4902391383363316
0.9900612341049737
-0.5206351675764898
-0.17190496409615807
-0.6221870693392941
-0.33337948041845133
-0.9467602644538538
-0.8537127392037738
-0.8453856578164913
-0.7585436272223187
0.8676986841533574
0.01755080329761549
-0.9892604844797808
-0.9116942888418935
-0.9917520576702283
0.07516467380547165
-0.7199912044587531
-0.7443429531433663
-0.8898822313704442
-0.5284213553181745
0.4995997572960047
-0.9149702259631127
0.17287472240681678
0.15172273991262086
-0.2812799605208467
0.9717770631065648
-0.9014044474193892
0.14249473107365884
-0.939359720178458
-0.15066481556039557
-0.8582318745659216
-0.1060308349648702
0.6715918160852961
-0.9689829816745468
-0.8156813340483833
-0.05967325175806315
0.07308030398713616
-0.47287817584204195
-0.06842804216680776
-0.29510863278913924
0.13052036782874432
0.4420002564731631
0.5379350352551848
0.8091223759515462
-0.6170921688120319
-0.9120387466170681
-0.2156663623643762
-0.35160948249268187
0.47243728343979674
0.029794566793041044
0.25917361270866457
0.005317395404971892
-0.07590344969971907
-0.14078274698791415
-0.9225393655477594
-0.07031095105186624
0.8393965094812785
-0.7577615466010981
-0.9602055812086994
0.6583047954341983
-0.30322925667163103
-0.692540843952901
-0.38925428837969944
0.7408311864774055
-0.9687800944757377
0.6446320707687943
0.9040742993242068
-0.7467121520341726
-0.07396576129503063
0.6705921285035714
-0.878400505584858
0.38161102972919414
0.34462224467801206
-0.6910338723016778
0.8152311932352869
0.829775275111428
0.3220732952737091
0.8874581221858437
0.21683376749818595
-0.48567363950720144
0.5331331437186859
0.4863580810124386
-0.13746005449698417
-0.40043915239584926
0.07371965670113645
-0.242206566530331
-0.20690061489865852
0.27095623213603903
0.32027424472622323
0.42330667755516393
-0.17652990499100207
0.7138346871423442
-0.7597871083311292
-0.6683524442570792
0.010054816380335119
-0.9832824317016244
-0.9899058202721367
0.8079967176228786
-0.9729729170070467
0.3951742218396088
-0.5765448695414974
0.8815559292321893
-0.11280114556711429
-0.6172701947786443
0.02115905689032216
-0.021791909163247913
-0.8047582057529421
0.5158521156713747
-0.5194976701193981
0.6234577026708721
-0.6190454220945776
-0.6391137369383877
-0.3497619949716235
0.4470716557135741
0.3260489506291311
0.08437607720202922
-0.553964626443336
-0.03823838490995035
0.5607872869164707
0.8071343476240991
0.2843969126092827
-0.7174283285301224
0.9929639728229778
0.44135609619784133
-0.4628581504597882
-0.9111933392941036
-0.3153763819345372
-0.7627831478310398
-0.012376883553429696
-0.26184406188399056
0.07800319789669485
-0.15692111851737045
0.6293068742318448
-0.8429857188120493
0.3966273762507897
-0.8990736449399646
-0.9620038138749176
-0.29700706007396516
-0.827427553348971
0.9742848444369603
0.05934190596960387
-0.23757259305300038
0.2882418145497314
-0.4637400731507286
0.21678065884347553
-0.5225329157240828
-0.5695067997947918
0.9091492474990144
0.9141339555588388
0.01640362537970419
0.15579557545843614
-0.42965587890010415
-0.7432107568567943
0.9410404203659499
0.2842919480070174
-0.22217662686424489
0.8378171011115798
-0.5494144546062467
0.9182086485629026
0.9402845606106114
-0.304716547826541
-0.29803470259793907
0.0513969070887772
0.2969961765239282
0.006750367297496673
-0.2589256391186088
0.5446476390729333
-0.07814429210879936
-0.8029756404916555
0.37920140045866435
-0.7807053400730126
0.8579503560412536
-0.5532546529859574
0.44918163942641676
-0.7283749440652267
-0.6148391739844654
-0.8915596505210175
0.483989723585601
-0.43825691529190847
-0.4877585263824087
0.0719873597148748
0.2764078128290728
-0.9669432028323028
0.33524968025147595
0.26202667566647486
-0.8247207813776591
0.013106843335467078
0.42981973272531193
0.8116660963941038
-0.40332858484071243
-0.781707874698043
0.8819852815375036
-0.6460677442530038
-0.5484593039625949
0.9021979034386292
0.47970761775707427
0.9816131192919542
-0.09285908869006754
-0.868548788578271
0.7236002059268207
0.9185084694868095
0.9227608658194366
-0.5007926042595652
0.6819393019442694
-0.0256913056804986
-0.9239704598966771
-0.9055533495212287
-0.27729510974001315
-0.19674140149024155
-0.3080010817271841
0.5798748839539232
0.6524477238203843
-0.027219368771921104
-0.6323139299008007
0.15520705629817644
-0.8419719095971823
-0.9238691399395049
-0.6884117591618335
-0.22386419527190315
0.29456906986271814
-0.03900774616185276
-0.37289915355443126
0.6986313279656751
0.8485190827742362
0.1957334519248397
0.40724422952755956
0.4990359991828237
-0.13145028508920942
-0.9559293344515967
-0.7683425172353571
-0.13268805122020044
0.6415119079978506
-0.9786295054744925
0.9392763578805272
-0.2315545767109375
0.7277159965155495
-0.7993403064467961
0.6397189160737651
0.719501309933144
-0.6262581862412151
0.15440811410044142
0.7270845336758129
0.41228728022280525
0.9740077179791682
-0.3735755756100618
-0.13845526718763845
-0.5612519776665337
0.12417870475188919
-0.5250955220705109
0.17032169540299846
-0.35644887055140173
0.9772722452610558
0.38213745321961534
-0.603544114338098
0.9155365565695122
0.156506625784276
0.9638687512928095
-0.7307261153817817
0.2589476792773866
-0.18387489037972937
0.1577310725218939
0.032017166704585875
-0.1914222520578328
0.31853104345300665
-0.36047080685515254
-0.21061342141820516
-0.1360470173068924
-0.4993214770946246
-0.36568096787359883
-0.4502796709748149
0.1829224818854287
-0.23590582704110385
-0.44046664733434393
0.3681559289929355
-0.6549134250186361
-0.16790397749521735
0.654677015063428
0.13557915226911454
0.5200857009498128
0.32872858871774957
-0.323337319884333
-0.3137468318833594
0.5475965625137444
-0.8910587577396079
-0.6036997467315259
0.6661919556512481
0.06940370886119052
0.32773066614332125
0.4159346901146017
0.5541938462855638
-0.2635217546564992
0.25278371551392675
0.9079577214362153
-0.4920793511794468
-0.4203096387221563
-0.8062625867272373
0.7134879210930263
-0.921623967484277
0.03546670597773249
0.6856256609038873
-0.41947859553974665
0.1150478707971967
0.09266341090198482
0.842603997669261
0.7873092235322543
0.6675827764573727
0.8061850545767504
-0.11869529299809467
0.9770692909298024
0.8715649463648352
0.6913266769157833
0.6202353672396672
-0.11502648135909266
0.5667991818444096
-0.4228875332015294
-0.006598642722582815
0.6706382585404604
0.25261936798679874
-0.624176768397011
0.8794890635805694
0.0038883697837093223
0.8777322107093635
-0.8221313150806424
0.3242965709243604
-0.8279468730300101
0.948403306172442
-0.09616421661571173
-0.812408490192803
-0.9864665683223681
-0.4310194694480336
-0.6509837351252168
0.9285377102554617
-0.017122240785913068
-0.5624474668986525
-0.8679020777626958
-0.3781933587886974
-0.08999239270601089
0.9887806961195433
-0.7890309620838567
0.25325752218578734
-0.8672946467702047
-0.45601046623533525
0.056929349985204825
-0.964058387392746
-0.8756610001881371
0.5033314081335332
0.7529511127794362
-0.8195464875152503
-0.5224032840284587
0.6670306747881061
0.3744995242086695
-0.6629759859824633
-0.7651348668890221
0.6491044543319024
0.17753653255749313
-0.4894689185066674
-0.9839459645794459
-0.8126945238315901
0.6419159009641309
-0.5055289442142692
0.5744428302467022
0.2850786681580333
-0.6766701175429999
-0.2895493110939693
0.27247539994973957
0.7288106788182618
0.7596884828509867
0.1604445151984033
-0.06785813319890832
-0.015958399488944952
-0.7054884394024781
-0.4228234700887692
0.2902007169766585
0.42135941118756204
0.9011453880219995
-0.35539292726788063
-0.8490000588043325
0.4628637272076881
0.4832973909656959
0.8398309545256284
-0.14744231759197368
0.14681938125920357
-0.8026845548554697
0.807675863627803
0.27053032137955446
0.4887021456444274
-0.607872334027906
0.8242089360531129
0.8880220104499854
0.2420760804442177
-0.1137428237562017
-0.025226013601400865
-0.9110074649680548
0.9955151174892967
0.9253948865913033
-0.7914652780964806
0.030686340650705635
0.4842616020958337
0.3752564507529148
0.20651442088369443
0.39468889941722396
0.2179435752910328
-0.970130654190374
0.021805268352480534
-0.5515408482733315
0.8862275857056914
0.7760047187105321
0.6856351009887065
-0.2482521184154931
-0.1558774691628091
0.1331274877504387
0.06938370518470593
0.6065667536676462
0.16130038169920602
0.0869040323333532
-0.859037337666509
-0.24600704903651627
-0.1771422671749059
0.23394174248384147
-0.7636403831089278
0.45931148299303204
0.14813109999767238
0.13305772650697922
-0.6843452047004299
0.43421816793210444
-0.0848671515391386
-0.09397419282709207
-0.9463738251466869
0.6772420481199775
0.6236508583138025
-0.1513426051135247
0.569492360604253
-0.2898250154264097
0.8404589728283725
0.582507704145405
0.8526462843869211
0.4666718754800978
-0.25768575310895203
0.19428310468672327
-0.11536789441692785
0.9069958823882591
0.20092636210633774
0.8192936400171908
-0.019113891814868333
-0.03520171025483387
0.38373185195589743
0.5845853210348102
0.25331763188483536
-0.9686512643212508
0.8048992225880867
-0.36379370042691006
0.4647325547779102
-0.17704742365363124
-0.7337849260547529
0.3113120456188989
-0.5036260816403928
-0.05008011706170046
0.6757251158487962
-0.5520463799546362
-0.5223926711224722
-0.06474764984357084
-0.4349454985378387
-0.8133287291736147
0.32857933221603464
-0.6485750014483387
-0.0024840300919208858
0.0002187252691148167
0.631844615009892
-0.10240517478887412
-0.1064864062386115
0.28955013780404326
0.08924844719031544
0.8789094145310186
-0.47696419298477166
-0.19472201164036074
0.4877595416222307
0.5105426514059497
-0.6891797917879028
0.9461016127453667
0.9899820518172138
0.8777057857827921
-0.7294032563759429
-0.5029104617557714
-0.9939366185935044
-0.33546014854378137
0.5963214850248963
0.36087843120781105
0.16757537674089873
0.597834283539834
0.01583520360719093
0.7745279821016713
0.966272714203424
0.9663670169450655
0.5514585178522142
0.884859251326716
0.17684518779149916
0.633645643987008
-0.33266325626941784
0.5036741773879243
0.6339371278870842
-0.2032981869802326
0.513196948438766
-0.8896804971684897
0.04524526800929962
-0.5694240406428741
0.6284105432581595
-0.9362347507679893
0.1969085444795846
0.16422286220810456
-0.8631292010465976
0.3899309139297502
0.20243091558965953
0.4526513220392758
-0.16513626087610045
-0.6231532888861224
0.3244704551879831
-0.8337869592637561
0.48176905933076397
-0.5503038201789638
-0.3868758038639708
0.24930608389878284
0.12592109779471006
-0.015872041727872155
0.7858231492349463
-0.09174065287332911
0.27633041956950843
0.9431499524368367
-0.42946331886598665
0.4851260542422575
-0.02401919478109993
-0.7763950868955083
-0.12030883499268041
0.542576091861062
-0.4137089310638937
0.056862229574327294
-0.3676064486991426
0.17148683037059875
-0.5207835844740365
-0.5959205415473314
-0.2526816303972528
0.5751167233878545
0.4485003927102298
-0.9059696052980084
0.23397784308510294
-0.7912612346179759
0.8669663390707394
0.2622805341472365
0.558704252453313
0.5447547047107908
0.9279001422994437
-0.6430011799037956
-0.9783278032325573
0.21371102898473682
-0.672094396358085
0.32945796091083546
-0.8863871383164774
0.7808159249029383
-0.5068158784109791
0.6943435684001871
-0.25562919863243794
0.7060785799940539
-0.1523075632926636
-0.8762689521458147
0.3538339416052956
0.2393933397028325
0.02162187494475054
-0.762462370622647
-0.7775997518411633
-0.46447307190246256
-0.3327762675909385
0.22023934978647142
0.6042106538799574
-0.6826048982676354
0.7808740294735426
-0.04734786137979641
-0.8429800583413898
0.03143213490263874
0.21648302004220077
0.8674705575157966
0.9546261880152136
-0.7003014359999604
-0.8424603157893678
-0.7907305808010754
0.11050938937995469
0.29569504257426305
-0.9352889163318281
-0.9301061601817351
0.8376806424922396
-0.23042242066583385
0.736088006548222
0.2679833485168497
-0.052636485726802684
-0.4092720584586649
0.8765502717574769
-0.035050036026124776
0.41347954059783953
0.8225782228706988
-0.44234874237022925
0.6708310834158582
-0.30909849160590386
-0.3999350916197584
-0.8282178669189058
0.9721585837496838
0.9166678674120308
0.7187570662266167
0.8672098962138461
-0.31946958058808606
0.17401273660353223
-0.16994014689604664
0.9753292315460289
-0.3966113068759809
0.23939816783554835
-0.30211751675784404
-0.17867327621320617
-0.6132291104867098
0.3805086641967026
-0.236306411030754
-0.5346101595084214
-0.17586203344190499
-0.38453886644584623
-0.2007667521719052
-0.9618476621135381
-0.10708989296490556
-0.4108819922520224
-0.5824152927759916
-0.6412822917207421
0.6070124703209583
0.6944161750595741
-0.9971202751353201
0.9652348990240416
-0.8247364995893653
-0.26821544422205057
-0.20476363212393522
-0.0779385563778836
0.6141322164659728
0.302568039821995
0.22666082422439704
0.6883491398111177
0.2506385710796122
0.35732661902731655
-0.02911012608893815
0.2501288369161554
0.6445175833408168
-0.584071080912024
-0.8709871573904437
0.5935114971127533
-0.7005922455484168
0.8964454659267738
-0.44907224852506333
0.8730069314420306
-0.45058788700582153
0.1679593632344598
0.3701539459902885
-0.36730521595369825
-0.30780005578136893
-0.9509878222533981
-0.9653791238568294
-0.4690258622715642
0.9269204639071396
0.46974317367205676
-0.8482072378177996
0.0414731990886823
-0.9214465625953752
0.7744538542422261
0.8764521212676692
0.19714714815343104
0.20209997461918228
-0.48500781302181206
0.46361370986742156
-0.2720196381460609
0.5593217597042794
-0.5910906919124443
0.8351268091166335
-0.8284076742952258
-0.9309230104203836
0.23646452509594074
0.16569718873065864
0.7312485154416082
-0.1414750402283198
0.9071626364168839
0.808345180415426
-0.4394681009762096
0.505722526245183
0.9319445269770448
-0.46943769221984644
-0.055903334746874256
-0.9482488224970635
0.22002322317533585
-0.803981265785404
0.601678433391921
0.29422314490663415
-0.27525550054461556
0.8596377015959913
-0.8098702878680832
-0.23361587734782852
-0.5774575585255726
0.13309832924814646
0.46905401262813284
-0.6972011080560798
-0.5122496661806628
0.900624868284414
-0.21793275882190688
-0.36433801677029876
0.9934848728780292
-0.7318090219619011
0.10481957239651596
-0.27738638982776576
0.49357607640853374
-0.7605534477364588
0.9647098883148231
0.7256363617053632
0.21506211413192777
0.4165703548949684
0.957214513032012
0.4865255222937699
-0.720003984706659
0.5386017075775031
0.8202276643056072
-0.576177477797869
0.767601907649553
-0.14478260020631128
0.7419326937047794
0.5163062741161244
-0.7746504915902641
-0.5763040347185353
0.8472783862472912
0.3112886938839601
-0.6600765694938076
-0.27189148789736506
-0.17112731197668274
0.1410402221870588
-0.012882300464138075
-0.2000380140193494
0.36397030525355967
0.1461754208313335
-0.9842599855146734
0.2403399468919145
-0.8292382047342235
-0.05530316918127398
0.22587890846761338
0.8312738816014191
-0.7013249212928867
-0.5432043679664829
0.9658890769356305
-0.34745811574160346
-0.7542599849566021
0.4633093656534668
-0.27724744072171514
-0.8353637023903022
-0.2533174716347899
-0.29555062306269253
-0.6648626370452544
0.5087805620344044
0.7165046104849284
0.43906277622708645
0.4367144005164012
0.963220974118248
0.39611269278791217
0.2673605683740512
0.5428457151749735
0.4374881525272176
0.994656278353865
0.38411383372608743
0.1490226872814573
-0.7929396291604831
0.5867472208486166
0.33025497937840487
-0.8198849148147844
0.665230519013237
0.10122257718134042
0.06371725598263334
0.21978377607851884
-0.6536100644242759
0.07232582048366876
-0.7428290800716686
-0.42913247069469573
0.09480025114191304
0.6255260097594002
-0.8064872711870488
-0.6108179632515509
-0.7396563351468388
-0.02358451479809709
-0.5761324089290978
-0.13730998555906782
0.2851404292112836
0.2877143601564982
0.39283810497365024
0.9972175343562268
0.31948780475575034
0.283288500297203
0.756298202733527
-0.716978460983176
0.43327889088361027
-0.5645944341091207
-0.7218926555215994
-0.7236603311866427
-0.682565259097847
-0.13440701067519822
-0.0940089824059156
0.7414264165790858
0.4500805320566652
-0.2145137859516575
0.4922368985205492
-0.6828779080449707
-0.4972524031396546
-0.41278294708794916
0.9984179755504503
0.8677285242300623
0.555710010009111
0.882796195348428
0.08299817562273004
-0.04636918981118576
0.22205059241393332
-0.44494889291876216
-0.06880685265313158
0.39318996802387174
-0.1144381251296629
-0.37562808074310605
-0.4538224448434567
-0.844079896755568
-0.3116307339334152
0.17244135289709628
0.33545714217614564
-0.9327402206255475
0.38279620292394556
-0.6349879241636223
-0.30041378413249475
-0.6468130859877668
-0.5065538789025086
-0.7436017205106469
-0.4021875286723824
-0.4627602001613722
0.07520775131572277
-0.5361246574259155
0.4537374433012207
-0.7625971946603483
0.9010867563967107
-0.2619108212105259
0.8381301165396025
0.5069851212222827
0.30418398525366985
0.207347101711729
-0.03435523333945256
0.8441837252543043
-0.4723258242890245
-0.727418173596281
0.08748650229249955
-0.7582264282719935
-0.35551162557594473
-0.09906034130470642
0.8232312713255896
-0.15296515557277934
-0.3074460060640609
0.42642420531110403
-0.7929373129320525
-0.14239965470341098
-0.653422278356558
-0.9474452093131156
-0.6096212318632279
0.665488607415502
-0.11291259543776744
-0.7501759192489337
0.22526252069903374
-0.4294827647813666
0.852052293359119
-0.669970731709127
0.035987246786384874
0.1689312304050017
-0.7413686896912657
-0.7656976528690109
-0.6562053125255018
0.03769354330748986
0.5128389102943618
0.9561273705718651
-0.5246577411024858
-0.354556623824291
-0.15004488006911898
-0.7329816411712695
-0.8973350545754881
0.9627954000186041
0.7106668062071193
0.01742990576618597
-0.9573395740305317
-0.05213682887899718
0.00445624967955327
-0.9913728595678644
0.0030730443361264292
0.7952599999673629
-0.6579062193903604
-0.9279856893379634
0.6543691475596296
-0.28716470037496133
0.25223060123649343
-0.9921762995907342
0.40680214466949693
0.18676315655922338
0.5346125832825255
-0.6089397574184343
-0.3089917648026925
-0.48154956860670217
0.12980473163723483
-0.5768409662002345
0.45951204235578835
-0.020207243184445556
0.5570941206968567
-0.7385934056717174
0.6917454147237723
0.160407394338147
-0.6649479372032345
-0.8261737969107921
-0.9690819711197916
0.34513200690826484
-0.6643500451836677
-0.041613718901798435
0.12286290413874701
0.5959299376039515
0.6878792250322869
0.6750495949925936
0.14435191416432502
0.5793297971878544
0.6564973520116377
0.8005111593817267
-0.5047326038337019
0.5776485444956718
0.3826025546985823
0.4783904204884011
-0.4987073700373663
-0.5766476367587148
-0.13758026376553656
-0.9321043307776429
-0.6435821229109246
-0.6585265055351073
-0.9016689576067058
-0.9911190888929573
0.29759695332921066
-0.05278625127916037
-0.9357816575087741
-0.5340461063210644
0.5443912675105558
-0.7917693482232253
-0.7883977027688747
-0.30568173454369574
0.7924662438003627
0.08418745290879515
-0.7031570033179781
-0.23754674176121848
0.01250221595307055
0.7815949767639543
0.1240838586717723
0.17106570853558822
0.6436782416090983
-0.6766983128277961
0.34930476620770645
0.08270921299703127
-0.7658671148707192
-0.2837122070154052
0.5614557741103576
-0.7194201998991288
0.7202285902235741
-0.1667054606022662
-0.23362298365907308
-0.9091325846085561
0.9274450029810968
0.16676070724712377
0.437244869123647
0.9334088815692316
-0.42049103114236
-0.4386819911252431
-0.780815912741414
0.5585099673575069
-0.7800398115324925
0.9848140266941101
0.7961231032378175
-0.5305799483395286
-0.4086068595525012
0.8421600535634188
0.4413236750416232
-0.5037917126531435
-0.7483361706600624
-0.3121710030187952
0.3463164389393858
0.32606289948865586
-0.9572190827900267
-0.7886505254210385
-0.3678238004118215
0.15161629656066444
0.012279544462028946
0.042276392721826594
-0.5924777646500883
0.5201467905828066
0.3972980400220907
0.9716351414378266
0.8625063849257137
0.37542519631366433
0.08195738376818018
0.3207277719138306
0.25741597250459214
-0.8511839906094911
-0.3755189481698551
0.8790930508786885
0.31433102280479885
-0.6317353873036362
0.6453300823593182
0.6436242694703431
0.3797695750392178
0.7946662059391412
0.34631795616229066
0.8462443931035097
0.18984138606259227
0.7947283286455651
0.6063961756960012
-0.8365576745921426
0.16305108818441183
-0.1213661928251295
0.739076639041657
-0.006635486310525351
-0.9110657801072304
0.9697708202645565
0.20038430112988692
-0.8330770769460187
0.2884206727856973
0.489140881912012
-0.9058297241899353
-0.2669919105074299
-0.562106931185532
0.6295347246940852
0.8054717533190738
0.24814340693572978
-0.7711901273501554
0.8668849091262698
-0.640919563144517
-0.4685874430685506
0.9153303554417043
0.5065971707006534
-0.8266860191098899
-0.3589322487550899
0.9245813149453186
0.8618646196021691
0.2914408890337048
-0.13222029178641903
-0.504793736069991
0.8586307929489141
0.9668514081623079
0.2981221865428807
0.3334170463867083
0.0839407811504389
-0.8870578054281628
-0.7801690688088547
-0.31430096471459334
-0.7084478608033347
0.8031035661448467
-0.7682268453772918
0.6881602540602787
0.3936650681783713
0.5196951702270618
0.2413440466804242
-0.32399020177394444
-0.48642062250659057
0.418940780974318
-0.770645251513103
-0.7041067969023007
0.4199300167919704
-0.34951650095859454
0.1613163998097542
-0.7648151446005447
-0.5894221926811867
-0.21216851988151642
-0.220022597565543
-0.38905679361943957
-0.7600319642037594
-0.553942857858648
-0.5639949174371506
-0.0988979205299545
-0.4722781922937107
0.9824330026583683
0.4889409095140249
0.3998897387511551
0.13364341179754735
-0.8838136510464039
-0.7658479835722372
-0.7849530576944344
0.7941989065685722
-0.5039669937606104
-0.6707464280550506
-0.4525941485502496
-0.45724415428634346
-0.6821754517489884
-0.30533559958544854
-0.46898300997425824
0.8393839533412131
0.6460680772966232
-0.37152399003069814
0.3320537286079077
0.21570941247605546
0.3126687929197085
-0.7589764201382845
0.15854967366335693
0.0011704661537090821
0.32784480348733736
0.7174267370364156
-0.8698823304347731
-0.09973432722517206
-0.7744208969718982
-0.430002631656615
-0.5231246590509142
0.1582192563720084
0.8059937922721474
-0.9183966831489561
0.2829255297515916
-0.5729676742893701
-0.2656291186444506
0.42741136635193344
0.06767667763541874
0.1889597506064402
-0.9427614513833902
0.9907905799691323
0.23403661359541106
-0.9011863093895862
-0.9066305516914805
0.7568679909329308
-0.9330814636356639
-0.9885185000836976
0.17311503478693746
-0.1985447017367974
0.08186832209507289
0.20575609111463367
0.40303877317824366
-0.6235862980123266
0.9429560749501746
0.790309253195921
-0.8284806251888364
-0.05872360484148076
0.918909963344354
-0.6631102354920362
0.5984640923857745
-0.4238741395293397
0.52450406425455
0.6719473555681408
-0.5246919437108117
-0.9036309354460923
-0.3060301243824639
-0.32645568901410615
0.6373446371352962
0.13376462499915753
0.31096151391230675
-0.13872950854764654
-0.9588411373512102
-0.7693401864143716
-0.24898053038990509
-0.7794823488982556
0.15044857717390858
-0.11677522027720388
-0.24830658183208798
-0.8040980992070057
0.6090085477299174
0.9855789739793253
0.2106183046432888
0.6593063598703093
-0.9490442344500403
-0.23502124356984422
-0.5697202723574164
-0.002420048575053624
0.15843853759071624
-0.29226671620341627
-0.28525889347797007
0.06596637063770672
0.18789930922106723
-0.829811595004341
-0.2713598628682983
0.684473644656101
-0.13075485251522112
0.4658473538877508
-0.33546977853647997
0.7687735194668162
0.9291397369767047
-0.48847435535991046
-0.07555434174151965
0.02008676686875832
0.5860976151789556
0.5379235594059224
-0.17935182873591393
0.09661083689284888
0.4641600418718348
-0.9855490406012339
0.25545170787707705
0.5946634207697254
0.4829408609557455
0.7463696804030637
0.9865119457131828
0.41007987599339457
0.34324810263955263
-0.6483269772093623
-0.8381504476335284
-0.0712977939871462
0.2563569071213778
-0.5641198303866635
-0.018941407986139858
0.5530235994643193
-0.7586637070143845
0.4771647516462403
-0.7428408078911852
0.929637949442246
-0.6543957542320968
-0.3291665625907785
0.062171586517566935
-0.7720546113720648
0.2936467042656954
0.4334670131612621
0.2439924277406802
-0.7673399572757684
0.4754505819063699
-0.07327217729949753
-0.8029983061150261
-0.27479364199507206
-0.8092599131834723
-0.9410541288577841
0.9949740991423293
0.7193197200609396
-0.37788368572572306
-0.47348310963761
-0.06340689309334913
0.566379646955466
0.5929340268856944
-0.96113292781862
-0.4920790363875214
0.31690657053562843
-0.7221170245934143
0.9576934478463435
0.2165317601526333
0.7633929164900415
-0.36886655543811586
-0.8150735321100726
-0.3227820060160309
-0.4034815598351875
-0.2998748787483101
-0.3973428786184552
0.9694415098494593
0.1363558272209966
0.9564406096756248
-0.2942868458073913
0.1901715903125023
-0.8724671415348917
0.1472971417570177
0.8039587678801823
-0.9643242959632343
0.6901175836729647
0.9727206651851132
0.3185084567020533
-0.47073286729974284
0.3854249250655861
0.17494110698761345
-0.9570628950785174
-0.3929583738618041
0.289747987698012
-0.37747752881039
0.1429298136052286
-0.6600754611318478
0.48707938080461854
-0.25170945905635356
0.6565105484355398
-0.1579922683631756
-0.5076728082946498
0.8065267179173381
0.2300401398055576
0.6333782639501115
0.9017501296464705
0.48076929475504016
0.5883123067329328
0.9523122889524707
0.5875223861632202
0.34595169198742215
-0.08502507357778155
-0.19260191335716303
0.48607116047020615
-0.027867177775135588
0.4031398169956064
0.6936999895685945
0.2885284617171664
-0.6365280447288493
0.9347268766642052
-0.518780155423473
0.6755297627580719
0.5327034193391413
-0.03836712853276425
0.18745300909624496
-0.9818900614323907
0.8421339676113258
-0.30566749299174334
0.11483134427220953
-0.7950647622649805
-0.7380752969167494
-0.26246182982467237
-0.8832209587737476
-0.05440218094494664
0.10132561972415677
-0.1288785603085414
-0.3454068594780475
0.35121543403610866
0.24787630768879754
0.4698590414460866
-0.9023796636701193
-0.794137484299837
-0.721893087151724
-0.7074651500654103
-0.7604755049345289
0.5528558406002702
-0.1697451148730016
-0.5873655996241476
0.8156007916815409
0.29227593882282665
-0.28374983101770024
0.8073232236432946
-0.9975541668405166
-0.0777752697857137
0.25847518381742884
-0.10512667635976625
0.7183210017779074
-0.3133766899143082
0.009869919230575563
0.6757398977477935
-0.5919693838481055
0.585931330470224
-0.13079348059612017
-0.6201763401111007
0.3113703846064886
-0.4800831833816228
-0.7269060190755747
-0.09520827352369676
0.690519644055064
-0.989116250243296
0.3430326430096122
0.9750508810696226
0.6833403043574144
-0.7439773795927684
-0.5954930388016748
0.5492825783464228
-0.7347650581055427
0.2555124149784993
-0.8850878767440928
-0.6678572099760856
0.7244803744186654
0.368126395683839
-0.9138220954625087
0.6600138991698505
0.7386831003857903
-0.2018868852995912
0.4684333251248143
-0.9658531579248815
-0.09367130556864423
0.08908580130478905
0.5420562325286078
0.4368306517058207
-0.2556033399689104
-0.5351015759528743
0.5203485649454296
-0.31975639755118035
-0.409963448389292
0.014175448118464384
-0.35250751897493937
-0.1705629948123497
0.901845646506308
0.876787375485873
0.11109560551934483
-0.07851366192870457
-0.6133466409677399
-0.787004369845258
0.01811106888413372
0.0858528902177591
0.8665348417837717
-0.5264031702614937
-0.24260521996484696
0.12542449162409208
-0.7784850993063732
-0.6997757729814276
0.40731212303761577
0.8691403655249832
-0.17008453229945042
-0.27231229914368127
0.04183181325817298
0.5033458033670499
-0.24358656430247239
-0.6117873542090584
0.2230484069770451
0.4373132891527649
-0.5850161761828243
-0.7348533248754905
-0.807858252018042
0.5163165030203349
0.10416182447844569
0.5629211591705199
-0.9073090185768686
-0.9937518224767992
0.023793044029807087
0.7386843412130182
-0.8326393837955883
0.40156590675767756
0.7958286833586681
0.6575137277604355
-0.3275654541051689
-0.4742851559982688
0.6249366376306316
0.3463749004544414
0.7953995933211488
0.895841550904424
0.5068434084605775
-0.7991394523025459
-0.7923147299180007
0.09228623197130914
0.9253192229202387
0.38480337254749286
-0.41926778830264766
0.7097577549728309
-0.844094567460393
0.15008747150511037
-0.8552258969412678
0.8030764356868412
-0.4676941485139152
0.39468761845134437
-0.31627584055811786
-0.2685901987138679
-0.053100110657437805
-0.1260524580348823
-0.22355659413429962
0.1638325118304491
0.42269245351579543
-0.6989146121766743
-0.5967381833348244
-0.09737029920092355
-0.7934741064545807
-0.028983546453103415
0.49959694052244363
-0.9135913665867645
-0.3898596022252232
-0.2664209054415714
0.9430742037230708
0.3839165459333378
-0.7557175214281575
0.9590245480557529
-0.11127298562548638
-0.238745609752691
0.9589808711816163
0.6203698459070104
0.4422350219541398
-0.6545574336023563
0.9888861925276404
-0.9053843776139172
-0.7390652271372742
-0.4148980978424568
-0.6434727589925395
-0.5380567764057467
0.9192782260492935
-0.8168775081274113
0.9826678989091131
-0.37777264076483585
0.9760943683565491
0.3241375495522958
-0.6147707889085747
0.5988563277204011
0.9122426911263168
-0.28881101435256307
-0.8310527680651607
0.19868355427036644
0.24041185456006886
0.2537639847949127
-0.6802982849204315
-0.8691222508838554
-0.8625785959253889
-0.7330293363545552
0.9773093404413431
-0.6766164833019557
0.5039170063228138
-0.9825670594210105
0.5870632674294274
0.2310476739876055
0.36324479547755084
-0.5753650855208161
-0.888904252325404
0.6236868123882964
-0.14207237019309304
-0.48667216113682144
-0.9050657207612027
0.9023984479013778
0.3968027500621538
-0.766779948358306
0.5461960150812903
-0.002673329112311329
0.5189101671420042
0.3867831358773788
0.9976998604176504
-0.8496799463017111
-0.8444138759356496
0.225104687637123
-0.7705450351404706
0.9115020734225165
0.5319607445956767
-0.21527829712826918
-0.9038987186444098
-0.33691084107846647
0.29659943168634184
-0.9063628120520724
0.1708031645478214
0.6561037210682705
0.7969642492771027
0.06968614177054766
-0.198991690426076
-0.307202173934189
-0.9582621872389889
0.09661660852824139
0.19434039828653948
-0.5788807947609325
0.37128991831694136
-0.6368367949805178
-0.08125020902575741
0.41204282311880513
0.05859613761449256
0.6520405497207911
0.8116802600422584
0.47564266026645496
-0.9836791430931597
-0.3189299734050526
-0.5710660043152542
-0.3849953373095598
0.0576093873947332
0.08878645102492455
0.8574504408571253
-0.016567486927620667
0.9947040291013309
0.19713836635803306
0.45021660195077806
-0.12857560281608227
-0.07469757686380563
0.5887035786943098
-0.37108623516755457
-0.5733232860002195
-0.29498432632388827
0.19224464826242138
-0.6716095573584884
0.13363741487284697
-0.4873766984983594
-0.5279340034341022
-0.8541523938448627
0.7470902898338783
0.5424127920783481
-0.3150021480957841
-0.5270843467240094
-0.09284546581453412
0.16393143986752734
0.3608535374782462
0.7423013428909793
-0.8683877743909649
-0.8475609957246499
-0.931873161687417
0.018566165348361086
0.358080458736332
-0.06901772999567424
0.36140149755071027
-0.7589125997123651
-0.6837312110513583
-0.6732916502135573
0.28582581451042555
-0.4668636667873358
-0.45795129784414046
0.1459569602954529
-0.4208506155247165
-0.09180213825356676
0.6086645374842297
0.5930690810393671
0.07173569953093484
0.05051465861652038
0.570326218975366
-0.20983918341543695
0.23855617331060275
0.7440924456003861
-0.3792213603673382
0.9412804443921179
-0.8392480656557118
-0.47504812215084025
-0.763893326680047
-0.26403937543230094
-0.7191137131953262
0.4858761368159208
-0.813898514856038
-0.7349859866584232
0.43580104493283756
-0.04070208871043257
-0.5611650615486325
0.5785999831458557
-0.8293632973757619
-0.531386168248503
0.07015063061785543
-0.11865200991600378
0.5715327900890144
0.3262514531099414
-0.7694738366927809
0.5322185625479474
-0.5768765697872769
0.20215943979615525
-0.354859094859183
-0.2661625036628754
0.8476636402479099
0.27494448304969765
-0.7054133132648168
-0.3298828344882525
0.14219697979508172
-0.7764275396471534
-0.5840020859019377
-0.6544167274405899
0.9276737423314854
0.6482017846890895
0.5879448126047391
-0.11719987334984738
0.7214247832776108
-0.5645196577865812
0.8876216056974002
0.9250806372819431
-0.0782788759226043
-0.9472194576085078
0.7058732898762143
0.2237390685801266
-0.5722857824664269
-0.19933275044996068
-0.20972794054597665
-0.8982637269136042
-0.04224562132863441
0.9371082625867753
0.8955057593003397
0.12633142047751855
0.6334671169426189
-0.8255760258322482
0.31860252891725716
0.2811310527055728
0.9037046311840904
0.09801021117905506
-0.6835973632783101
0.8696967614303264
0.1288645241132329
-0.8322903586911423
0.6811171430532794
-0.5784655528760898
0.8363125432037617
-0.35908034424252255
-0.1151758397187268
0.2448141053373003
-0.39322040182023166
0.2771257004043166
-0.35631176323107594
-0.9781993424408648
-0.9263866485475449
0.018868001088002462
-0.30856197932476626
0.369373561242899
-0.46975594141319954
-0.7337753555088291
0.9383696988556796
-0.33266248710036694
0.539115771357453
0.2692009718266182
-0.6779203106254543
-0.06104183294261212
0.8767200664613892
0.5070770888429343
0.8519384885140793
0.34982933792531523
0.7510905074400764
-0.645696918520906
-0.5399128523763783
0.010798421922350254
-0.7537453329805099
0.8015712545070119
-0.46173979533098053
-0.2747986255655481
0.7369960371492885
0.9727193616465795
-0.8334331257721612
0.691759032891631
-0.4629044742469546
0.20507665652620366
-0.3140928118884285
0.30038940958639215
-0.8606207475654346
-0.48081747613955717
0.49918422419472264
-0.5117759027467128
-0.476780603506481
-0.351344610990312
-0.33271286189981986
-0.9933940903952909
-0.749774088629483
-0.7154398539693172
-0.8532092883061402
0.23413889071512206
0.37347660660397564
0.04247165690430643
0.9202925488767884
-0.40615669548745204
-0.7997352450419397
-0.8421953897454968
0.9438022383103943
0.9192804300470871
0.7519932628667139
-0.5099080643666725
0.10734918078673883
0.04080140020899137
0.4249853526682177
-0.9523984045207703
0.13175849171582077
-0.6959832511287511
0.8447615978916416
-0.6969244224987687
-0.9208354031306376
0.43496343425663797
0.845460792016361
0.753943682746455
0.6188252046675695
-0.1465527056524938
0.8311937418963484
0.18424487767618758
-0.9087440696342255
0.5974457400443223
0.6348248225404365
-0.1922849883020974
0.060995492358835834
0.3934820524973568
-0.6821909464493894
-0.6707312706388602
0.4149798215741054
-0.10326675639267635
-0.8792697685408821
0.8605520877002186
0.3324661851994213
0.19667340733185545
0.9768797109011029
-0.03828801978023466
-0.5572339247503528
0.38160702366139265
-0.41272979109977315
0.31720542027811915
-0.6294252520002828
0.33146235092188836
0.19538184031900996
0.1824486407372663
0.46144527368628663
-0.7177593545503591
-0.5652268623673362
-0.3351677966621498
-0.6221944682032352
-0.7636699354381189
-0.32380045619983244
-0.4950348781858218
0.9917464285871047
-0.13669687913566664
-0.48309534208716287
-0.1409307929652046
-0.5546941389887143
-0.8769287254483922
-0.048859631498432865
-0.3434796941919114
-0.13064549418624716
-0.4190593805481422
-0.578939905318099
-0.8273889233488614
0.03004078828522405
-0.6330434662175013
-0.8519170638984139
0.4542689809257776
0.8194640249321297
-0.3390355117249382
0.910709794679841
0.39571831366095056
-0.6389147189436879
0.779478279664833
-0.3059913013133575
-0.3594655248420231
-0.5458028292249872
-0.7983494043849522
0.6209385688468736
0.8741101434236274
0.4744885958558369
0.8125796434098704
0.5568619800665902
0.1031831926080744
-0.3512550461407473
0.6525287978618128
-0.36557830868962427
-0.6917387785388633
0.6475911129225502
0.19158585794480665
0.596916383018913
-0.9725127465629335
0.93399592523063
0.6327922971331039
0.4545358924838061
-0.8924360951396548
-0.6820425816059708
0.9706042194446995
0.005786542325120214
0.5634218093488697
0.15320903359804205
0.9217059605103866
0.1599399618771784
0.5866353471402719
0.6527084042441196
0.2685342575278884
0.11809558765366912
0.4221392677991367
-0.18737553244101024
-0.22371859095336277
0.15699312878283123
-0.9709236905283163
-0.9377156585467394
0.2648579877377608
-0.31896801381412354
0.5375827087350444
0.7746549356548573
-0.639949880089826
-0.3110323058799407
0.9101038323587063
0.4685195266554971
-0.9360220832525095
-0.650636648234096
-0.5773787238180017
0.9916218880600827
-0.7935632027900155
-0.49082794981994304
0.8929923886860638
-0.80880441617713
0.6579311309363873
0.8655920769241505
-0.5328886858730237
-0.10966506573764434
-0.07899401131296391
-0.6762674078851716
0.8244133332475991
0.41089920907172894
0.7921934281180711
-0.9098361898220748
0.9582963236986324
0.7730920585858714
0.27456913671450844
-0.30092312316680125
-0.6335896454776462
0.24107312103811473
0.607800465620489
-0.9906813668230727
0.889001674094017
0.14024865051752777
0.9915253106771795
0.20420406624250442
-0.11431262681356191
0.468374826922239
0.02519853181842202
-0.8333738588221413
0.8620915899066008
0.015634780666901493
0.17139649540631297
0.8766985885511671
0.5445895284052267
-0.95054327337206
-0.2824400534587914
-0.46952493234488
0.7640546981132084
-0.4081731653790248
0.5142366654741215
0.04542687956367342
0.26596610313721514
-0.38337188803032607
0.5354266510501289
-0.0011299853349873157
-0.7910914978343628
-0.9873049306886885
0.024465245895647136
0.5143773839983303
0.5675720649688005
-0.07410267758426992
0.6296071198043836
0.5187961958239669
0.6942046848815335
-0.8449502390135999
0.3962591281711927
-0.198836243005458
0.17756737515461984
-0.6788060347169507
0.18306861988658385
0.8700282371908366
-0.6009422323688243
0.2637704278216113
0.16463953307078283
0.25710630510846033
-0.20407035120316475
0.0469971937232021
0.348598182406898
-0.38369468303368337
-0.044623645442951165
-0.19241446719134392
-0.5287347103691495
-0.9770660880104092
0.24617403286077422
0.9554897685413979
0.16357896193662613
-0.05810615756406201
0.28225135201767926
-0.7998811557178502
-0.7950500115189116
-0.37111047425163823
0.9882226707098276
0.15288077571946834
0.5343302928588685
0.7802117690635202
-0.3960424789996977
-0.06546296358982673
0.889194205401814
-0.23989535137515405
0.6428318894168097
-0.08655173662061388
-0.7950707460429509
-0.32774784800393175
0.5572274095506384
-0.4401506942862956
-0.18375394143186452
-0.24985072369395178
0.925591922413715
0.11162221943636164
0.6546308907741305
-0.5880480306764042
-0.11344626394913515
-0.2441765621819525
-0.5268935353000566
-0.8638713709554466
0.9665985063598173
-0.7729342565776136
0.9147478402379481
0.6102372634101374
-0.2618920715502713
0.6217252369452482
0.9811454099252606
-0.7234819634152749
-0.8582660867936438
-0.011569736634655658
-0.1394451480782979
-0.012146945285745447
-0.018619886820930187
-0.6721237105949642
-0.18646123054475172
-0.5039598752128971
0.4641978254857062
-0.591960144441009
-0.3507060097485213
-0.979863522610678
0.7040809852165817
-0.945860577143268
0.31604877000914655
0.6077471216705275
0.11334700172298628
-0.5937741295452945
-0.7655538799621613
-0.46413091463428535
0.33389532228024565
-0.864761288913189
-0.8468735657151589
-0.8303235010840797
0.48305554880558765
-0.9091080455985876
-0.836668392316277
-0.09327991586556794
-0.3889916916576708
-0.48358768671350405
0.12019658227628227
0.9904988603787892
0.37308878414444147
0.13732781166125307
-0.8070511520796675
0.17608341380697645
0.6223688613488021
0.7722366322496346
-0.6223623934580955
0.0012980856969104781
-0.6278040298979268
-0.8645232443092317
-0.4848941814584542
0.6073331042150636
0.07804914048482647
-0.4747007659697364
0.5593224686061948
0.4990628213994055
0.017848684914129054
-0.9498488344337415
-0.003896384787561047
0.16932885617675653
-0.0773144734293314
0.28751668015822207
-0.2739294253496152
-0.4615495542846013
-0.6138474433165553
0.38784322571907004
-0.6728318880487789
-0.4509766522278802
0.3537009702561795
0.3578887501628931
-0.8784887500505532
-0.6555259617243554
0.24904508706833806
-0.7838579918549917
-0.36319011712232685
0.5859078863503728
-0.4155557841288364
-0.18861859386603674
0.2131103966512451
-0.7368104916535847
0.724029168508971
-0.032417568935397156
0.39801480135702594
0.14342281906474574
-0.7017500529953589
0.5673978292031339
0.5475961899085746
0.40158061856232985
0.4403379996425054
0.04646682214663911
-0.12465107476186743
-0.9490700139288109
0.7588100643492344
0.8840108318968043
-0.5183397202478945
0.6555425967870594
-0.39485434062919555
0.4657762538886312
-0.299189087292836
0.16433768629233247
0.8919776582703018
0.7482628656832937
-0.9064040549257719
-0.6552213196519461
0.78714511773221
-0.9592776643007332
-0.5977402634261655
0.027194719304065362
0.9946232188072437
-0.22123365550555874
0.7140175490852909
0.0032247609781324016
0.9127497544648804
0.11424930845436965
-0.4429953247021685
0.8667303461302507
-0.6927289597580499
0.035066547992301356
-0.16020343166247564
-0.7362431487586896
-0.24292848181454474
0.9390862868373737
0.4352023438840136
-0.44815160903411067
0.7936139299881151
-0.7824152308009371
0.7507551264542458
0.7633424295979967
0.6152562942342839
-0.08440763355096448
-0.889538790822415
-0.42730825460413024
-0.34745870408497104
-0.30757130333130345
0.7913649453304992
0.2659622372030208
-0.6665241360545509
0.7879040485322826
-0.9642094100042904
0.5188545350922757
-0.9578697398916749
0.07973296598009827
0.5989310423152807
-0.7416652254890341
0.3669157701369463
-0.7068935481998517
0.916007290527235
-0.9674395320744815
0.3638668751192886
-0.6554204584051015
-0.054824105853821026
-0.9828738656454499
0.27572817328158483
0.461496335152791
0.1045365205246187
0.2517320106639933
-0.15613273808267025
0.2630540626274813
-0.594938680458569
0.21923813443547813
-0.7015299025031467
0.9051835264271482
-0.7581138591798637
0.02804327827094455
-0.7930115550946955
0.2468604597580235
-0.5904035896829423
0.902697895769002
0.6391902049858769
0.6385592254557391
0.5471734400245438
0.8102317478436891
0.4337861820493034
-0.7010421868019525
-0.6671623960899531
-0.7127245630994146
-0.39006003351443064
-0.7236269225489698
-0.8571921006051662
0.5385857206721147
-0.2161185465803861
-0.8841988814510295
-0.571442908701361
0.050082310052514734
0.2885515342278593
-0.8370432666794794
0.5148853144538204
0.1682150609521662
0.18973541663625948
0.08388724830175609
0.33873230467366966
0.9815797011622367
-0.6718369243351463
0.37152795427389096
-0.6168919633790257
-0.6470901444239574
0.8788728077305414
-0.3978074874733004
0.5086379179029179
0.9729845135687352
-0.7610769927245595
0.1674046600918888
-0.11058613537128648
-0.9092054887366863
0.41442246874875854
0.5321704821143602
-0.19995778505791661
-0.7065862128632345
0.8316035405845716
-0.7781464570777521
0.28634406964147474
-0.10781419371407597
0.5054808958300478
-0.3639864516901814
0.889921228303427
0.710882696190078
-0.8386260602005915
-0.48007314883560426
0.3240217470703064
0.6508145228314428
-0.4852895074099457
-0.7375467247615313
-0.04384754556585779
0.42883631663427835
0.7465839276333432
0.9810620623220285
0.8162662179832283
0.8367741060452707
0.2740258815611427
0.9818515403929553
0.6042785683775951
0.5445433594919598
-0.6694002463136157
-0.6497884741778952
-0.3135277090472708
0.3658038803979733
-0.09511449634075042
-0.9363144901636502
-0.016763608857007117
0.030220446879793528
0.6116579676380878
0.2955030806691543
0.04931724387442671
0.5665802803383553
-0.12410530686612975
-0.4623455577103788
-0.5553647556147321
0.4684372998832651
0.5035203234047501
0.7769492565870251
0.9800253965290322
-0.19968469949448941
-0.9911374325941473
0.29622882279497453
0.10147208342734904
-0.9960618221899942
0.9018179544004996
-0.02497698004299176
0.909850514452303
0.4933304438620061
-0.23633161957584137
0.5209075117622193
0.9085983113609413
-0.28854208318055763
0.037619269516547815
0.8096280021447833
0.9099392010812031
0.45438624521493187
0.8234137406189983
-0.3656402756600494
0.6809696888084793
-0.5474292005209258
-0.33520787960559795
-0.5552342608341592
-0.5762563422498554
0.5317285801507516
0.1796492482199552
-0.9254517974801757
-0.506709582594542
0.4467339654303988
0.9841492436554065
0.18423664442485643
0.9215041889402562
0.5626566957667507
-0.8879627834778743
-0.12636222550059983
0.4628126217342152
0.3580883418255669
-0.08300473720109913
0.5241238043420473
0.9038898589003137
-0.6624617954591734
0.878224056040549
0.7723096538259389
-0.7604020513089149
0.48627075070936265
0.8029637343275009
-0.07716587773560057
0.26396903992913257
-0.6905106264373102
0.08192394727436714
0.7585922416214628
0.5951407345190698
-0.29365186157416323
-0.6802075615200098
0.3140418102269056
0.5087411471389041
-0.34455382188122696
-0.7683164645720069
-0.10025456969992264
-0.509103478521751
0.9470462567599471
-0.6975444398169648
-0.842259206236794
0.7021763284043872
0.3866317991959918
0.8851154897025921
-0.8727162016579582
-0.10758395014436273
0.2761229623870496
-0.33411257425640595
-0.21708978035044213
-0.0807521809265237
-0.4114282059681895
-0.5044082050267891
-0.7762375616560016
0.7798356327210869
-0.09340595132898177
-0.3926696648225263
-0.4058094730910389
0.38330523080903056
0.5790179462059306
0.5803830997361548
0.12730807047716564
-0.915087196447105
0.41851740316979646
0.8983924556443843
0.401984444239198
-0.023598318876545843
-0.01667185843935437
0.7923871255430583
0.4770986394833512
0.03049027997722531
-0.5299156752504783
0.6201887602463494
0.9541520370001593
0.9682990424521531
0.1512123919836228
-0.7289027241004833
0.3490207445082725
0.4608737379601173
0.9565727102733692
-0.9805854922524186
-0.5711930509752652
-0.3947122079035805
0.7966088285064858
-0.040367844620709414
0.947202386266113
0.5587960082314296
0.413715963259053
0.5800159675572696
-0.9634955973537709
0.6178915976877952
0.23405602016128602
-0.6117611519281139
0.5545944696689133
-0.5403819306261461
0.8863905795819476
0.871947497274969
-0.6192520446851513
-0.2616456259865634
-0.5884058459783958
0.6537741708992348
-0.5014254385080563
0.4713135990507329
-0.7813353665022902
0.8633917676092333
0.14239417566579626
0.5919922395699095
-0.9423232556171781
0.5498397986675032
0.10166098027361947
0.029719913407386
0.7163135256508966
0.8171323199964158
0.09091872138272983
0.54231021726792
0.08223160354256387
0.40353701062470737
0.13030326139565984
0.9779475564672495
-0.07506839590855274
-0.7237459913760185
-0.6451709621825243
0.16661332746108926
0.7495164548390101
-0.03804727606202807
-0.9220119175026427
0.18087324713543373
0.814397149114898
-0.5294279920675304
0.6027148470365031
0.3256303902722155
0.6877863040492254
-0.2077897308667842
0.7484472927146184
-0.8117141033846977
-0.9220129188962347
-0.6429615016098558
-0.44713245404879487
-0.1422628338562819
-0.08003277239510354
-0.17051570250620407
-0.6069572879702188
-0.9193789397421528
-0.5548409589701442
-0.8728325985133374
-0.22498709591030863
-0.865197376708527
0.14285301796436345
-0.4851280965607381
-0.21414297104364666
-0.9218674232409443
0.2980654594275689
0.39703684467565314
0.8979556044607804
0.4995660246455218
0.693470699687432
0.6385383793175352
-0.4548685576711866
-0.451833120188045
-0.8714837563037796
0.09141624496968848
-0.8362874680418049
-0.7884184667013834
-0.47455348567811106
-0.6670445287175264
0.5564012225252273
-0.6494275134365362
-0.3315207080861051
-0.08125298874743359
-0.9705340603509087
-0.7950448991076604
0.008206408424574985
-0.9070728789951099
-0.01134232974690863
-0.3250734731083911
-0.39715087152398865
0.7085515592135931
-0.9669996033426362
-0.6772755587003905
0.4634597819357269
0.8549801107664889
0.8491484940416323
-0.6406077074290093
0.38259193161614746
0.6627963240792138
-0.6835365278327623
0.37449195003274105
0.6851856850490015
-0.6639363693125113
0.5571560853673687
0.4593854542247602
0.8661537154120935
0.33357234518514245
-0.5172335942232489
0.7305627483213359
0.402125496661752
-0.5567874120595235
-0.8644233535492871
-0.2278020920797066
0.9163064936347183
-0.5322839536944068
-0.6826268670268643
-0.07597468139042429
0.5141856426804183
0.5892488596250935
-0.1216573248527606
-0.06975231407954974
-0.06768284574747852
0.3069767590140082
0.017857070273291642
-0.44977881897401617
-0.9468670881906422
-0.6226166680089333
0.8497058496058782
0.9052858709405676
0.8370804746563574
-0.33727662804101644
0.8128147935922103
-0.4271240547806687
0.5191090069984277
-0.8781562952137769
-0.23802930426011226
0.0764755194226967
-0.48087302311260616
0.2934692432577968
0.9088696306445017
0.5625863019482662
0.19092505431124707
-0.020514352711308526
-0.14580098248965734
-0.4194240308308659
0.9542314022861438
0.5772722834093531
0.22849682160954576
0.1298246993625234
0.526564590595721
-0.03942494464099622
-0.6139317394854267
0.5370521548307285
-0.34872485337506
0.5122657839502838
0.19406770172749477
0.8281542348811439
0.9789718321520287
0.8199076662118714
-0.8292176904962012
-0.9743033346036687
-0.936082653967532
0.699288870437605
-0.05822183876592191
-0.5270885233178833
0.7545342909829755
0.9839884018347302
0.036829394575490504
0.9608204984140112
0.46489601446123374
-0.5932788032800085
0.2787376977524554
-0.8586037965590478
0.07998841233057163
0.357726003901794
-0.9046686409745153
0.8231078264627236
-0.628060231838873
-0.8868995944689193
0.0304141355821006
0.24898550210693404
-0.5382340010257802
0.3481093071414312
-0.6782065708228882
0.9455994944895023
-0.4836098902156514
-0.4178026188367385
-0.2616946657733561
0.31962255676948215
-0.29996923019779875
0.9361668867408166
0.537447650480235
0.824364594850149
0.8944007033154915
-0.11262337090530439
0.8272921218617038
0.41801723241365085
0.6728215839668237
-0.41966752286716824
0.5941238617595519
0.6328944068667568
0.4577983869022455
-0.08057455834465688
0.6312169443938631
-0.08879339230342143
-0.9525420306915484
0.850816210984231
0.1161090789360657
-0.10128838466925694
0.5414186951198758
0.4913911858327553
-0.7486648281320332
-0.9885173785532204
0.5436772611129332
-0.7587850359275998
-0.05523114757133296
0.21855364700647373
0.06375232143062215
-0.6693991245169699
-0.09471220708138439
-0.8291972455055894
0.12159900562334625
-0.3657017353667056
0.44107266672063217
0.7135812028907644
0.6792848401082296
-0.5913908345703078
-0.940552837482016
-0.01531823697999446
0.7191044207131461
-0.012502229754289162
-0.9418370038254837
-0.8600263420226042
0.0006053743178091597
-0.8465955976221098
0.8929214191803079
0.8851484680377801
0.7965637803948509
-0.5654820007671717
0.5960435258514352
0.927945937434832
0.575603240063473
-0.7766973470845779
-0.13134577157711824
-0.8500722492694484
-0.6540318435421026
0.8069177178855769
-0.6572767321695427
0.4187645066474712
0.5118849104259089
0.472225086423256
0.2156712740626583
-0.6160099459153245
-0.16141789957086994
0.5939771528187405
0.5455329046768678
0.730467428090166
-0.41878229037197645
-0.025449355357157755
-0.6334245831140206
0.08222084020968423
0.7667100863578855
9.22717771134618e-05
-0.9438751530061997
0.7891796842114738
0.7339382345643393
-0.29032842985170704
0.3942973484493131
-0.8832596534024284
-0.46924697986887276
-0.6275991045449989
0.1250252571740338
-0.8608638861648095
-0.6867074444840606
0.5238400645514327
-0.7645960725325076
-0.41673953113745577
0.8285291137964066
-0.2053232839924326
-0.16218368066779654
0.8233896761930817
0.32196406225099294
0.02614426920158608
-0.9479897291548931
0.9430448278415602
-0.019611639239036638
0.19347940006462494
-0.4670188568502198
0.23006405844391353
-0.5679001528687384
0.9839184057053063
-0.29936985551758033
-0.5737616645267734
-0.16825935413634774
0.7810529721113999
0.07007513859434589
0.6048526951353166
0.06089316475886797
-0.3938515374544689
0.30601298960609813
0.4259748696604526
0.47256123096935077
-0.010666227886656277
0.22940249529685075
0.998322590746729
-0.8006639397648989
-0.41886148135136714
-0.3473208238440082
0.24729724456912217
-0.9942714645154531
0.4434692558778066
-0.45636802923841446
0.24313452466296748
-0.14690878465362367
-0.5005235405362882
0.02567890787091165
-0.8176277740805702
0.13995795342881912
-0.9215845559059084
0.8722552270165582
0.07913661435291242
0.5075858933239061
-0.30602969774864186
0.6129823910200971
0.1639245129745741
-0.5717890755234694
-0.4956362686379676
0.8715353143077151
-0.8015376620440333
0.6713208475976997
-0.2728436013376707
-0.6508116789341203
-0.09441407460223772
0.6279044594557459
0.21674255456321823
-0.05231174581361575
-0.7216172983686144
0.9309079928517183
-0.32064395438735915
0.5707931329108504
0.3170173422521305
-0.35823604394027453
-0.7424798025305064
-0.650597075576685
0.23399366808676336
0.788817610112887
0.6235228943474531
0.3241785937027106
0.7722771579815435
-0.6306998139803117
-0.05018450068321734
-0.25436269836011194
0.7605004502154054
0.35489850907023346
0.14019940509113904
-0.26854480908415845
-0.370300417763048
-0.9762270413745457
0.3619025351607712
-0.09413399433239555
-0.3656040348729275
-0.7349757800953023
-0.4972692909596672
-0.14410813943424783
0.9335448360489009
-0.7029786819559434
0.23746853135768564
-0.11653866370070376
-0.03010912954566547
-0.6174766784379437
-0.9781295216112056
-0.1123866838314973
0.7878742230011695
-0.18577468094883387
0.0869469345282965
-0.19867574533503207
-0.6379635720798258
0.5095472407762955
0.2430407393285401
-0.40213036517764134
0.21776632509428961
0.15669588500333376
0.7133930170439249
-0.9230956962855816
-0.5827502240725608
0.4405061026845245
-0.6603438613224599
0.925690825640999
-0.7772732749650848
-0.219660784688257
0.06561732314550728
-0.5649904698138768
-0.8621630030019547
0.26883649331090576
0.5390854530905955
-0.39258640630786723
-0.9492426562483491
0.4356648204074298
0.19018899023291436
0.8257262698404495
0.2228955680439877
-0.23534017305266142
-0.9613407900140496
0.6575224149956855
0.49491550807039264
-0.43844679653041907
-0.3984951664367118
0.9617903476835108
-0.45742333575140504
-0.6407941310424374
-0.7464370945432339
-0.5521582389314166
-0.3439652217459539
-0.19691006788692555
0.41815731128700806
-0.7303412729888326
0.18674148968011717
0.9510984324889049
0.8052914748197897
-0.8359841903571283
-0.02479169110548174
-0.39987190249343474
0.8770840613832747
0.022120515029754095
-0.18773436264121957
-0.16895290282895137
-0.514689431702894
0.08064716659885174
-0.9076248653215391
0.07777047534564119
-0.2166721081198817
-0.9334606457565204
-0.9880556514693126
0.8912886499462613
0.6931985804864649
-0.5422805199432075
0.34113429036741816
-0.7901836561123798
-0.25083849420797977
-0.617077870959269
-0.12493073701113633
-0.1558200131465315
0.739162088415479
0.7601436520878908
-0.9332671233845
0.3466809216726481
-0.4744782548158877
-0.2059125870319929
0.8485734111817176
-0.8471933192685235
0.768964353962964
-0.10628648575885657
0.18332894106899666
-0.20586150729673425
0.5329042997888913
-0.1563294330873124
-0.8997133295600399
0.07085346745647736
0.21737080224465943
-0.027320811746098794
0.9939883401246303
0.011270028566385815
-0.35994152434887194
0.7754242341629378
0.1808915823858115
0.3333271365891055
0.9885736635159548
0.8662700580280276
0.6782689255672758
-0.14829023612544967
-0.16149813659537293
0.26988469128528125
0.2477781385877973
-0.339939324884867
-0.7902242753748847
0.09837107297247893
0.5016071631961063
0.01475390126836329
-0.10922711661709172
0.28785746250667343
0.4103947054560786
-0.6117181958075868
-0.6386173653081595
-0.05056983768270662
-0.09481908389752602
0.01772305018768905
-0.35411878983120304
-0.3639058998021858
-0.42964977181884145
-0.045975656454742664
0.36346343848329954
-0.9533039272304507
-0.9206839424235227
0.5397942757267578
0.5896916291396248
0.4752567908061749
0.10423062326950627
0.015035236922513073
-0.6183752073040307
0.08058945523718575
-0.2535008510674812
-0.17162307674322674
0.5055760583891846
0.43817502605381664
0.8576706523691444
0.7070816675783114
0.41205393322070005
-0.3836453693762316
0.9482267343973314
-0.8581377606686489
0.6487072307132604
-0.14842478388730318
-0.6993284602048511
-0.09211419446369251
0.8271196199125603
0.8607907688981042
-0.3114347932240118
0.8880711791692817
-0.2343718385419904
-0.22051554320822775
0.7754927390279318
0.24794610685840124
0.07553200544822936
0.07966345633324412
0.6444414759793009
-0.7484304241747555
0.9741789818967923
0.1757728181701126
-0.9469748579697683
0.11652130373914593
-0.4903158039145805
-0.5236789760526013
-0.7961237963681174
0.4381011837973141
0.5403805565474324
0.8645858125875749
0.852445131675305
-0.9218586176674788
0.9509009374116304
-0.19633599170165583
-0.38186750465441976
0.5581148892785739
0.7241607928373945
-0.522491969393895
-0.3305378507234944
0.3890484246677546
0.0774537505297972
0.030480392585905847
-0.5967052172767213
0.6040781024824715
-0.546528448850979
-0.8222044071045429
0.1628882624059449
0.301721962610888
-0.2846895478525795
-0.4287477655527612
-0.3506091843389396
0.15592725106755756
-0.6708222701892401
0.6023180177200289
0.9230192695584845
-0.6522846706905538
-0.9840312757965186
0.8744007916275074
-0.21237670735066172
-0.13045577225280636
-0.5847175678806145
-7.3371746376338365e-06
-0.10308203226156243
0.3957119847665995
-0.8246662760531209
0.1347915086339413
-0.957116452579857
0.6884975066324093
0.8655578208330956
-0.9997594201676505
-0.9608305513080213
0.7917652453154989
0.4950117680152373
-0.2016265480317363
0.6981615586584076
-0.0670115417133772
-0.9738421066384122
0.4350574986850624
0.6499923975175657
0.5923129060391776
-0.3831186340142101
0.24989259122193053
0.4083174255542177
0.7856059978827827
-0.21704049448849516
0.9477692714876609
0.906783975574099
0.3895649982431695
0.5563177677093163
-0.3086275308800164
-0.7045635601340692
0.46457456959655485
0.5263148143142367
0.8676537240215305
-0.6763876623739384
-0.8751428163351729
-0.8298482424895481
-0.7337763486357842
0.7533229376956423
-0.7671383565432861
0.9132687628466871
-0.26314924355204994
-0.08698947239373922
0.9734874603970491
0.960388241585626
-0.6874554756849025
-0.03770145665062574
0.9179070680192449
-0.07200613820097868
-0.20973554633094782
-0.2112472667090819
-0.7675008866792443
-0.6655595408584285
-0.7274048685127907
0.5046432135487411
-0.6201267508774821
0.061041027678256254
-0.7811933484647893
0.33802685213761663
0.5276857130400618
-0.05118367250697409
0.3643071360057035
-0.7688474291782339
-0.07806711264695232
0.8357645408297403
-0.41262976365524384
-0.2075137046019917
0.07845531733407007
-0.4079630227297131
0.11824253067627954
-0.24948459468288808
0.1490220295948268
-0.0252617337798271
-0.35312265143498434
-0.08846353668568474
0.518092302327881
0.8377607196898325
-0.8096749793194333
-0.7359430348807834
-0.5901270922626594
-0.7694108507514898
-0.3622876725529396
0.36517484823257584
-0.4545793295123357
-0.0026714000505831947
-0.6538664236209351
0.6740512026849994
-0.42656138432759816
0.2768493150147866
0.6794089638253074
0.9334105646212094
-0.5574383072177733
-0.3031276448877489
-0.4036608173482745
-0.24046198606197566
0.12225754160920732
0.4734727354102337
0.38945483244212875
0.056510294754811286
0.15539095639750933
-0.6259785455641422
0.9029459981560615
0.2190832453687357
-0.09222603330062418
0.7448039185714834
-0.6146518147991424
0.2955576647916973
-0.10949528918905305
-0.21374851417339613
-0.6812752215233311
0.05150790944503347
0.3915729615746504
0.8777338541043747
0.5563254801215907
-0.17374680615294458
0.7742218279815078
-0.26725563523955964
-0.2884018025469426
0.33279970263407543
-0.9664098759289763
-0.7176700671556016
0.31542530060161944
0.3415868103889754
0.13346177054957975
-0.8381121715523658
0.8488164197913923
0.18416730634702572
0.1794174216391966
-0.7416236054662211
-0.6173588948687669
0.8017163773906404
0.1533832604486638
-0.5267464824950703
-0.984897910297174
0.547466122692227
-0.2247273122549489
-0.45684637771138115
0.46076977980153644
-0.8838303933033893
0.5832069659694128
0.2471048513032259
-0.42006322785227956
-0.4876251017923916
0.3559475788852067
0.17481281709071883
-0.7995346745879914
-0.37390538829841136
0.5412051965262956
-0.8593656569045243
-0.7263489359978557
0.27979068102235316
-0.5903332456293091
0.09055727222894738
-0.04734075066976984
0.26316326040090154
-0.8543380313084727
0.6746549568434435
0.27032894536150853
-0.9556544892838854
-0.4239332386487791
-0.7371589233474545
-0.7176190472214172
0.8355076625842319
0.6089823674877415
-0.9876884216980493
-0.42739754308388966
0.08266485460306061
0.21750319706689614
-0.2926557340581868
-0.8382781588965331
0.7957854875991954
0.05252908594032979
0.10246225344556636
-0.37256721705819285
-0.6494025983355902
0.35542009683942477
-0.3377005352436213
-0.1330879041402353
0.409050189215183
-0.2324653742796714
-0.715614912169962
-0.6692086217205111
-0.8896850801597165
0.49273067181341434
-0.3555281787095155
-0.4674469488380619
0.6127937301192896
-0.08002370464044062
-0.964626366686951
0.926844803424443
-0.23449554297510322
-0.5703772812998646
0.4642398974830746
0.24010819519318738
0.39598421554993557
0.6166802293752056
-0.1770204193285161
0.14676111691359783
-0.9340940793510211
0.9787417204560402
0.6664135363681634
-0.49762879789568704
0.032702798338592354
-0.015055222187646322
0.4298665708353755
-0.33116281392066593
0.048920303034500456
0.5550345777149359
0.5562030189966656
0.45747703593836375
0.8939773375025939
0.26542092718749744
0.15156258146340718
0.7727025398570386
0.7707108606961841
-0.8347571274322523
0.753027936284975
0.2713550796918085
-0.8912336781000254
-0.07070971305482954
-0.9535919123914491
-0.387662611587968
-0.6092343524443848
-0.9854252385035458
0.8983129478493517
-0.2185273449158962
-0.07570474035598296
-0.5026794541230708
-0.6597987210460965
-0.31427819709068383
0.09232893821029498
-0.07990612324190094
0.4595694289650025
-0.5680154329761622
-0.531541106760707
0.3935110393019159
-0.21068397518104653
0.5943319821550135
0.7322250921651292
-0.3253982803466682
-0.14874491286239033
0.5686987520493545
-0.39184137389817963
-0.5781801722130051
-0.5287329420236686
0.4930866313003228
0.4802506586455568
0.7907600246487017
-0.5362243375653009
-0.9943199147088921
-0.47986069476934357
0.8977666409439067
-0.4867780741447396
-0.034507895060328364
0.8548833098821151
0.8981161867063867
-0.5020683626796276
-0.8876067132659029
0.2044673111714974
-0.3465461918764683
-0.40971851499112644
0.7913224113745998
0.08286986224901627
0.39025911935345636
-0.876604330359507
0.16964312635351786
-0.7897570454361948
-0.9127680686999529
0.8036314118045838
0.38428327338683643
-0.960774655994022
0.5112341533661577
-0.5672410694090235
-0.9282916581099041
0.5270078039650274
0.16782344191377674
-0.8931893733498544
0.1618457971134304
0.7899647623706756
-0.5171812650569223
-0.4916615480031765
0.3272174832209853
0.6776106716525685
0.39375162154039245
-0.8903130631288569
0.05804346387209258
-0.03851334933717521
0.9136490882065322
0.0076500965912571495
0.3338995952416848
-0.21541255155894778
-0.3452891331699761
0.3413250938531329
-0.6890152817553423
-0.29691268227901735
0.6990482429324003
-0.1203105540551368
0.04514098691444968
-0.06487835443659784
-0.2675739721488364
-0.13054907558170403
0.5363291336015263
-0.4134895755094592
0.9377972206703458
0.16263278090069644
-0.011478431616763762
-0.317446484818215
-0.8271376549750158
-0.5796250977154389
0.6074444407158863
-0.7390150471331507
-0.18436490260472427
-0.11755088996685537
0.2195734274285932
-0.7247651538534723
-0.6259471511388928
0.6952096696657968
-0.8196536239330903
-0.22924292001101576
0.22622671665122596
0.7825918846621156
-0.6506201447412605
0.018402230620810922
-0.7953767184090583
-0.45077901171026413
0.09501596465821738
-0.8485706047855415
-0.4245068552847582
0.4934334609174271
0.46233768635353556
0.40087758336072876
0.32909340140399457
-0.08691713390970657
-0.002519794562414912
0.24564224810021584
-0.7595866445181201
-0.49310296698327205
-0.4202096374394211
-0.5092316639820222
-0.23349522484542784
0.9306242795757003
-0.249967408976705
0.5088115964686726
0.989351288497258
0.8397502823230449
-0.3241284245355902
-0.29757301205272624
-0.5638152400951761
-0.06608132719841864
0.26342651691362007
0.825755320237904
0.965558252750816
0.3003574078046114
-0.5646109422684373
0.7465566959080776
0.4341436617717185
-0.13114431023179063
0.9529631664799194
-0.2879243268180047
-0.7142941735083042
0.7649598539450486
-0.1377878339398959
-0.2876187220212303
0.847575393477445
0.25888584248661717
-0.22323970710577212
0.9352476732211477
0.24404155592290455
0.9753422598217778
-0.3094000268599306
0.27355664790303735
0.10845079377269085
-0.021336969448733978
0.27072979552347487
0.28050171203678387
0.4249062164369204
0.506403409097262
0.8536421257361213
0.9989305813241396
0.8618667588069027
0.8394498567034896
0.3386768217936882
0.3528083219205307
0.7526766455528753
-0.3760722482569854
0.7283148188424728
0.8888477469489859
0.04803409955247773
0.421508494010858
-0.1835310230831635
-0.06507646426854108
-0.7710814084997528
-0.9578124365212706
-0.37351311708117785
-0.3663118869687869
-0.842853812886118
0.8593988674372111
-0.3057189889598999
0.5444882117666863
-0.27237381334248556
-0.8062455051635455
-0.012541473942418113
-0.40197335471812257
0.19032161869986264
0.09001583043669159
0.12480594994413274
-0.19716431505634602
0.5104413718846965
0.7459073570539152
0.771139161354315
-0.8272117767896012
0.1096188653671124
0.21634928923120023
-0.8717332707643803
-0.8561819384398031
0.005592799758613376
0.6677416432808083
0.18537289584027405
0.8077497632479913
0.6473046702025991
0.458464059026664
0.7644203069007973
0.014024663177175656
0.28347364242190287
-0.287753585601924
-0.18808372067392298
0.29628102292400915
-0.47836945673648246
-0.8794736655004765
-0.9028705153721122
0.2780040335113989
0.9546756307655353
0.5560988202172956
-0.19243881665188156
0.5364989636091075
-0.037080579735915054
0.2202057243958686
-0.31340662739182323
-0.506459320579487
0.5276559315945595
0.7087399721958849
0.7526378564794101
0.5744748134222293
0.4688828131299363
0.5509414682864266
0.2092735740495475
0.7708378031457588
0.4206337846443633
-0.8328767183129273
0.4685233384553824
0.3848797251432352
0.3322681672466181
-0.6537732556970077
0.4125490502322755
-0.9356662490857874
0.6314946665929679
-0.052309546147615515
-0.5071590971051625
-0.31981863155798784
-0.09667512229902431
0.24690495180765515
-0.7198190671141727
0.8766608265182705
-0.5198134509960917
-0.9285331397218841
0.963457557601052
0.7211966410175523
0.017429793077186284
0.12737874333412336
0.646846885033068
-0.8771325450445864
-0.18057480882366805
-0.4974565810687883
0.5994194478444415
0.9879604573646237
0.7505582732206639
-0.11428265068418564
0.5502740583612982
-0.8427648136446648
-0.8851669185454902
0.3080792021727259
0.6808643040911311
-0.2097963957558333
0.5417242618354086
-0.8666431488029271
-0.8577200245109411
0.38379619101108764
0.5238472057622425
0.4606112011505876
0.7430941613936506
0.3038984249030341
0.132710315843813
-0.010129816315505025
0.8791588820647802
-0.581523785742943
-0.960007612666794
-0.36107734887436127
0.8441278829451964
-0.2767506000489206
-0.6208865626268372
0.09445293406551003
-0.5553078208499249
-0.8097607620265248
-0.2819757865025976
0.8041604078298499
-0.9928773200666832
0.8614866223538804
0.16034025698346488
-0.6138164064897584
0.646170841207057
-0.5280739462691879
0.3025776273986287
0.602614164670848
0.864802157014922
-0.4434002236651833
-0.9873975597384861
0.7968326785298967
-0.17646579065690626
0.502423999980953
-0.034412307894692074
0.2995284729683656
0.6722252172488672
-0.23082606953676055
-0.7402082736799498
0.1746024827661965
-0.6162587194288183
0.09665511086512835
-0.7787017943046521
-0.8237006769243134
0.755367865160683
0.8092823912989118
0.885567638783211
0.5073764117903496
-0.4370933092712006
0.3001216949273984
0.5574037651496844
0.6613089760207214
0.5620875510952006
0.6369033877129247
-0.11871524506063214
0.06395140067065586
-0.499599699237778
0.7683906606842417
0.3328746108999767
0.03606729622212246
-0.3414864460275915
-0.39736068168025884
-0.6464258114671635
-0.6767685198264797
0.4395465624849013
0.9588706400820624
0.3718542457489833
-0.7407437101632053
0.10801443433057689
-0.8912456419533832
0.5150846605565838
0.7484512699380435
-0.7470084676780018
-0.6463214837204794
0.18125602888983283
0.5022968162100598
0.46018027987186394
-0.43254993476815695
0.8045401315540639
-0.2982407377833769
0.8777179885346209
0.4243244797664729
0.17749898192642433
-0.18883275329987392
-0.022426749808606594
0.28135651564210473
-0.8693223635469816
0.6688111127580356
0.7014666461675632
0.9329544239740744
-0.6154640910792575
-0.16823218452042066
0.4475810121996133
-0.40949584245828774
0.6686420548890557
-0.020092739122557157
-0.9612178551719779
0.3404798435990657
-0.4876067315477375
-0.33663336270507926
0.7507563043674761
0.9946268848458393
0.995075691783043
-0.6294031022301767
-0.5418574741453257
0.9669177120670587
-0.3247754542417385
0.3766837754561432
0.13102845628906112
-0.08748306146925766
0.9552696393652971
0.9714403379198084
-0.16120345115362222
0.2373710120645276
0.01939302443296187
0.9246660269900682
0.30021020395600995
0.8805103436323676
-0.6123293315489853
-0.6773692384686074
-0.3350354157581077
0.6948828528561068
0.5623128298096067
-0.32670636435947786
-0.6315126276445999
0.9468566057376249
-0.10543602803186891
-0.10810927656952063
0.30208965235267393
0.27939412860743906
-0.985340979807648
-0.5398891342010745
-0.4904069678164835
0.7486723528904249
-0.5605475317268476
-0.046381847756193695
-0.9809848764613376
0.055715648557779884
-0.011785121563348211
0.37345757651691236
-0.01786238359991854
-0.3300628939213701
-0.6746902885671548
0.5771892381087953
0.698566208523486
0.7767123971372725
0.33552815258736457
0.9577641445939316
0.8150669194033469
-0.9329013566086484
-0.389224052247253
0.26779058799601363
-0.5704070231060823
0.9413293045942326
-0.7342790966396129
0.8585771471222914
-0.9055302115121113
-0.5478131968096571
0.6550743512063408
-0.04284759401396854
-0.578373051389762
-0.3965784255722882
0.8386522645974694
0.6868793697684552
-0.2821756029779039
-0.9342382133925631
-0.8913351129699769
-0.8060470176656191
0.32662781667073726
-0.17725868165666703
0.08607812521258373
-0.1941612306597862
-0.16899622133621062
-0.4403547698270487
0.5109427301395595
-0.18580359412105096
-0.322342730943066
-0.24949013097967532
0.2456311273615006
-0.3916073647687919
-0.858194491181437
0.15400458096908842
0.08401335320965453
0.7501645434064916
0.704028482642451
-0.7715742313918401
-0.5602933509686501
0.28654946232088796
-0.38083554366593075
0.6026299791812
0.45150229812771236
-0.50474061524481
-0.676778411917794
-0.2202503159940139
-0.005351987631772914
-0.016796024837198775
-0.3695063653358597
-0.3767737467334835
0.7765106135035265
0.08324864818141431
-0.8225176855403313
0.29464381253161287
0.05069192733379979
-0.21220937209150303
-0.2048770792739687
-0.1624326497308266
-0.5408411883732698
0.6270577356131983
-0.6304566742040356
0.024297443188161738
-0.9306246548411106
-0.8365715727597023
-0.321662735051059
0.46325302291524517
-0.24175593986141575
-0.6555297330718288
0.2111818908698473
-0.07123246109030323
-0.9886167383764037
-0.2875219035541767
0.9728127011530727
0.3337388869206479
-0.7723669697246549
0.8486516427185806
0.8640685629167575
-0.47869040245051164
-0.9367842682660055
0.7426116977426893
-0.25750876004996903
-0.45946882683847545
-0.011902326393999685
-0.29326677179880467
0.9544527706727304
0.8564506321726226
-0.15185623642089197
0.3685513830261309
0.6055583156428033
0.43789513816697934
0.952232161121966
0.7825030538076241
-0.08395341997644801
0.6068150434739168
-0.30314542202111583
-0.5993906034007592
-0.5034584662213757
0.8720562810554677
-0.17354076855978806
0.6430716598819151
-0.5676678237165624
-0.39604361851945447
0.20119406767496484
-0.1560846590130638
-0.3385648562223571
-0.33068845134402625
0.06378309657465286
-0.6902748539305763
0.9052740914399358
-0.572684439333061
-0.8945724130582244
0.644891470489233
-0.4013286756435259
-0.1977718914099693
-0.3157143359248151
-0.14619148600890863
-0.18342761724490853
0.47913212804609495
-0.27193709209565187
0.5255682383886757
-0.8324894433055394
-0.4536773478304821
0.8307031921770904
0.36680083302388655
-0.5397128347500426
0.8425540670533695
-0.483517168497712
-0.37548182335658353
-0.028483006376082587
0.16001838212195896
-0.23108149198518113
0.4639637431252559
0.5512598783476537
0.01849947254483908
-0.700541073506677
0.34449067957710056
0.695421689974195
-0.7981564729297399
-0.4274757259694648
0.19082305168696978
0.851491845748412
0.9113810243189548
0.5070818117087832
0.27834884303962215
0.31566651403244794
0.22624807130832347
0.03849449655975801
-0.5506191241138416
0.5210887302987264
-0.8394666656584213
-0.21842723059055347
0.31860809795084877
-0.15637988675114012
0.3796535769690095
0.7715387467442529
-0.47280119689336786
0.6394864238502798
0.048344954653012806
-0.12633823106066466
0.05150946850837612
-0.09919789136338131
-0.7376893311254993
-0.0849752416713454
0.06379048655420538
0.9513289197851653
-0.19215192471235865
-0.4934858344343753
0.6742589937842045
0.3263286731924413
0.9703338316542152
-0.21221927176548716
0.20564643290799345
0.8841372721108933
0.33852781477740534
0.008696313425095914
0.5251318881949527
0.3730421670805615
0.4270103739783555
-0.3143319751578013
0.4401623691840135
0.11220478524668986
-0.07539482015173826
0.9047170552369648
-0.9580890186020554
0.5030623416880722
-0.8455100271453735
-0.8708262803708748
0.6120411285097789
0.5237059382470233
0.16613109855697616
0.43558423053694106
0.3965362251039686
0.06841392268063484
-0.36323784803397485
0.5770363378730969
0.6930328923784914
0.8302776587163889
-0.4226846818823371
-0.21904750049267574
-0.3769916276479415
-0.7162794635593501
-0.11222286060011744
-0.9431004778051426
-0.28425118205133826
0.9708600665304674
0.669345381355855
0.047707150574012314
-0.34186551195113
0.6850507385528921
0.6038975790359111
0.13142175441274495
0.5545341656949601
-0.562679266188308
-0.07960949793527594
0.11917673223125402
-0.9010906406746912
-0.5282020815363189
-0.09422076220079445
-0.4478236105474831
0.8173591358560857
0.11313011596381828
0.9618744271483939
-0.9259263570668819
-0.37722322872306435
0.7365986791609664
0.8577246245657757
-0.4895643829998666
-0.9269965911786142
0.5156473386364804
0.7779012003883992
0.9267003260656665
0.08414633015829542
-0.2824608048862949
0.3350408174809065
0.1390871342259794
0.4522005140319305
0.9111659771161311
-0.08486236779250866
-0.642609441275179
0.549336535809795
-0.5440574720469686
0.304677297695676
-0.8948264194728752
-0.8574091492909195
0.10721480004216022
-0.12509303625883117
0.6814834632394668
-0.46289081978162705
0.35197798571039285
-0.7413951644700834
0.15628991065970665
0.650969455945098
-0.10209130348605977
-0.9630920593057921
-0.5741499018341745
-0.4426014174408832
-0.9078604008223903
0.6689948646330206
-0.4582798905713692
0.49121261616241974
0.056480395179219656
-0.5555708579382002
-0.28018241273627265
0.6970574930437041
-0.4401948331542589
0.06559597704899112
0.8211631549184115
-0.20319172817472797
0.2459876934115588
-0.8426065811854273
0.4361215353016499
-0.16265104289980914
0.9320694322141483
0.902208037948522
0.38792540031936196
-0.43508310502970127
0.9813910301882489
-0.8390421547201976
-0.5242792922002524
0.13897207944957413
-0.9301346190248518
0.20451231144356763
0.2863554686939902
0.5144090726935175
-0.9153022809914908
-0.21624807795561662
-0.07229895676378861
-0.5483938554811691
-0.7215259761906141
-0.45927407276585663
0.9274319677166036
-0.5805201771623845
-0.8216709627079164
-0.5084369354529945
0.9074548182845081
0.036542442371646944
0.7686709692136633
-0.05154198322031056
0.41483998775964537
-0.061417876144684636
0.79072843260206
-0.1350944018110749
0.6748371812790219
0.013815496566704555
-0.005007792520361765
-0.25254051512084574
-0.3952967449460605
-0.014227569641184656
-0.910601366483321
0.6022322781789442
0.13743426547396065
-0.49005160612077914
-0.7642791231435455
-0.24930896500729816
0.21976030289446924
0.028920281601128917
0.9679402530923611
0.5832753853877404
0.7403685136505018
0.26025581885074445
-0.19014577981145875
-0.9117131662013809
-0.13074332764549168
-0.15456712986436005
-0.3228692776873823
0.8359907531875874
-0.1726816228848691
0.959166568295502
-0.1210668008518816
0.20669009287564455
-0.5383677373332576
-0.7257317109866135
0.23621740118440826
0.5324360182298575
0.5977490129377441
0.22631575478932509
-0.9176014031923534
0.28287165449172025
0.8643016230437681
0.7490027787067997
0.1413216674796416
-0.5829099397974002
-0.24385506314746053
-0.9568164460674111
0.5692822417878094
0.8509092469295132
0.3757692536678303
-0.2058454009244497
-0.7767284865322548
-0.25771324751689195
-0.12323995114912734
0.2841942875655863
0.9890455795138167
0.9685339649389737
0.7348337616275544
0.6793417475572814
0.4800538448880658
0.7300397663259179
0.0701187282755722
-0.1011604854985737
0.04896582675800998
0.3490513297705664
-0.09577162445249088
-0.06538601111205855
0.09969148685500162
-0.3561108479178978
0.7606224051788184
-0.9573125920279977
-0.4302018291349732
-0.19350189294039488
-0.7675086156983475
-0.7068252259595666
-0.49732440953348145
-0.17243416103948794
-0.39504281689859067
-0.24431691590670512
-0.1317923904980427
-0.5578334526663506
-0.22905026749959978
0.5067085804009677
-0.21850853867786824
0.9507021860186924
0.10377457242178978
0.5106900500261327
-0.5822920066649044
0.23802483294844445
0.5925597795794972
0.621821942039336
0.7690861698387548
-0.5783924928153239
-0.8837645962043612
-0.4316710387458158
0.5108316567998976
-0.8063221118352888
-0.5381836966859368
0.18893609567823932
0.9436777676263608
0.141464971735892
0.6301334528026437
0.8074510400096442
-0.3955190383989311
0.07422064909303638
0.12562881317948849
0.43290286864598526
-0.570181168639849
0.44607590207385295
0.8308978193491303
-0.8149632934565427
-0.5365021794902665
-0.3296936337339329
-0.10528584072717573
0.4032030935418123
0.6237057288241676
0.48939067449759643
0.4803161098706945
0.2596041779391578
0.4166397264100574
-0.30593936745737826
-0.9863197940467732
-0.6425443798251473
-0.7403222234598412
0.665799240471511
0.24202062382974954
0.23817627362563876
0.775989577532674
-0.8641435171012266
-0.581740789950788
-0.9710264244051257
-0.4283866685465205
0.7667926769599207
0.7646753082741491
0.42693743120198424
0.3241226904441217
0.7778258520640811
-0.9012811642289391
0.44819480086715546
-0.05499823829677064
-0.4065974861096391
0.2770216774683991
0.8504084045978726
-0.8383411320750591
-0.5482977687718955
-0.6891707846737525
-0.7310066938951394
0.7461287078706873
-0.17702876657513644
-0.15493277089826885
-0.37571000124205134
-0.5209171541626239
0.68034585040473
0.5462950681544387
0.1219323012868152
-0.8248944843026129
0.09763202091882639
0.3754158767949518
0.4285150570450651
-0.5637907692840696
-0.5005147671389154
-0.6045898224324586
-0.5296573204125656
-0.1325776763326567
-0.08802678067709735
0.5337663715139236
0.9431519090939555
0.8886119232026739
-0.19082748785379167
-0.40164857030786316
0.8842278132209842
-0.43228756637951404
0.3464446129508061
-0.8469102441396119
-0.4228988157925364
-0.27039443122221574
0.8042911055774404
-0.8255348815589263
0.339234794974856
-0.3608713517198472
-0.7846234365534206
-0.777585630935288
-0.8504699317859601
-0.20401046127889977
0.9113485456935484
0.20474937988008768
0.3229248508530116
-0.6977453112788767
0.9001279308462562
0.5863343861476373
-0.6312230800966738
0.8615008329742391
-0.8730133661258828
0.24085158840464183
0.4865315333692901
0.15884457099464777
0.8230594377308043
-0.3141037417377224
0.3531072366628596
0.9799199041860733
-0.5793014668785121
0.29907872002104363
-0.9161902358494411
0.8133635639329699
-0.9224672765181379
0.35977190076624455
0.19835197617742462
0.035739089376131794
-0.8499137473321909
-0.9856398779037872
-0.683380361949298
-0.7041621546845525
0.594927730287168
0.3078009470536829
0.7637933023183725
0.34539241964469714
0.6341441198843267
-0.4000027478257615
0.4807422375651227
0.03766489382100535
0.6018317346962949
-0.818697026001163
0.7804314905573897
-0.38203593690003257
-0.7527537046986423
0.017907857097910984
0.07196902041809206
-0.3859176075212294
0.8805297653290292
-0.4992565788109513
-0.3214205913520767
-0.02848365468394065
-0.7226766606164561
0.19627533492554283
-0.39982613783912924
0.6147562935341782
0.002338548474750679
0.09786357377356913
-0.048905555177508164
-0.0011651211481129575
-0.6894077924617439
0.16751517550036676
0.013784329151262709
0.2803503601224733
-0.8368126294719136
0.2059828648828419
-0.2516310149554515
0.8255432556348532
0.19434070387645752
-0.8125645814746456
-0.4156839155966774
-0.5199514964379792
0.18552268213980794
0.5385307308749172
0.4080001385530172
-0.6500820975199
0.9115265792583529
0.9387559787968895
0.8005463643477275
-0.9437032093180968
0.4948941151063997
-0.694939106954801
0.7002505704881654
-0.711321482834262
-0.9078681420978043
0.2138444436619531
-0.21991324121729328
-0.7872288814784612
0.8339612838111046
0.5251622968564673
-0.15240605414582742
0.12070408900724394
-0.43677337623152845
-0.8675239839272757
0.09633059007745293
0.5865517971528647
-0.06395370084696683
-0.13616884002201224
0.3459220367819871
0.07999666945608852
-0.16995686162398393
0.37956573768002566
0.8525414828604867
0.2674866845196069
-0.12415296283487831
-0.6260600602178503
0.9142083885824974
-0.7493248175996798
0.7375465783453432
-0.3972262863793705
0.5367874441550791
-0.01518217672462363
0.5861870156142184
0.09213420194975708
-0.823776139944109
0.8984215422494408
0.3770226980135378
0.7812832490890667
-0.8732724927817641
0.44480446024327414
0.05421472679773931
0.8957970909781159
-0.31182858465790964
0.1846140866795294
-0.6420136807620636
-0.9053303541704456
-0.3109491453069486
-0.7683903652615776
-0.17285995844692326
-0.6778908097003777
0.678087954595854
0.7921920436452023
-0.36003218758900046
-0.6960237787328487
0.5882525418864877
0.010031469371992507
-0.9477082493120295
-0.9158879472315944
0.21776880188918946
-0.1669010081643012
-0.9507456895082336
-0.2706048447742819
-0.16218017691516007
-0.9518823419005826
0.6861274248820477
0.011973862358471532
0.2864277011687151
0.17372652501682428
-0.3315537324819082
0.9997832937109361
-0.05054927247543106
0.83300131580783
0.8287358173617962
-0.7484739302501866
-0.9006067997262106
-0.43435738266456214
-0.5786291682765319
-0.9562857465489492
0.04743697984182882
-0.11996555985651347
0.08606436583249866
-0.11753226322735677
0.8572978992294953
-0.22692574226333573
-0.6778722976833071
0.7435372881348659
0.04442176033047618
-0.491353820330495
-0.7686805690388172
-0.5385445106219249
-0.6159656595945318
0.10400358814171651
-0.8910043111190249
-0.6499836790065705
0.8447380374953999
-0.8807809171705736
-0.039362911161710645
-0.04678842402883032
-0.9438080468482468
-0.5225861247573531
-0.5709262144914566
0.08542289047533203
-0.6033857266509657
0.6093457171125476
0.7203713360947794
-0.12671814599746245
-0.06310574248121781
0.33846283082187334
0.4832633109593263
0.6649709609738852
-0.2599739659821769
0.794750855167131
0.7877602503905194
0.8775427916405505
0.7493950697227199
0.06161049308895561
-0.6652967258168616
0.990552818673206
0.705795378025105
-0.4722657636443581
-0.23892061263441944
-0.37679114602877495
-0.31661509216987405
-0.4407104370022421
0.617265220184404
-0.39116813860982425
0.8199564682290201
0.4303537421281247
0.29569926418730685
0.005997979228539396
-0.6975370520259356
-0.3852105017799401
-0.3080713947963809
-0.36925507407470803
0.45836851427483327
0.30193992586012874
0.2523929520710455
0.44679846216173
-0.6082898826965821
-0.5388477883271157
-0.4555440572403593
-0.9678566572518643
0.8008328062276266
-0.9118076016549055
0.3301368034251999
0.8362695530346751
-0.3221712477874201
0.5548706513841546
0.001764060829467784
-0.27935752775309197
0.027029454492539795
-0.3003784829944094
-0.31362186367494194
0.7092632930436285
-0.14037391356480877
0.20463936257361248
-0.2786522514964134
0.676487915745049
0.327146783968852
0.4674340002111581
0.19307042365993388
0.19396952205885176
0.2245065728278528
0.930195772191887
0.30944141525774715
0.5323587842504816
0.5472484564811653
-0.1135496953907833
-0.6083411687879545
-0.5725171257971076
-0.6476635960588744
0.9787050758996583
0.22981332051371672
-0.5906317726197303
0.060722461060101374
0.4822156408412157
0.7122199438936803
-0.32747431989046794
0.5514735512646025
-0.3179662396374612
0.31536674587863844
0.7110852920462294
0.7828775515671151
-0.9804909283147945
0.06276808705983594
-0.2515750499070757
0.08796900073716185
-0.4057818687638781
-0.008133128976339776
0.6336184691516558
0.3506058689438225
0.7514591916798388
-0.6940411262227473
0.18810487344227234
-0.8693631557769752
0.7168786851192293
0.911203902631958
0.4860619199273961
-0.20759237817982457
-0.8479678996481173
-0.6222577738274149
-0.2605762499801705
0.8763335286702774
-0.8011774680761774
-0.13046410510983875
0.25884981702628407
-0.9108294827589678
0.4603353927338263
-0.918738726840131
-0.09314323083149323
0.8091652468807244
0.8580333922180168
-0.45091246041319444
-0.9889194004280342
0.6433301336291861
0.5764279376784558
0.6031457288183191
0.30405268700658517
0.2624642112837394
-0.8000074515344555
-0.9376515662430198
0.4503481358948562
0.46514930159470413
0.550862582173659
0.7088993032022988
-0.11743012361014449
-0.5168112023323796
0.6647310943435489
0.45246554262750305
-0.13917132909726515
-0.6497962013582641
-0.2638372278302754
-0.556894993029232
0.5223570203939862
0.6995742859938838
0.5723052392032906
0.7274133403110818
-0.3590848713808974
-0.7965382263911756
0.9641196776531078
-0.7374546406088298
0.9686628570483016
0.6500426314221852
-0.24873925596401558
0.5917005417485435
0.8706350276002219
-0.6828740797136137
0.9983416352126633
0.7952561959248761
0.2820852349808771
-0.9058917904957202
-0.7305511785628442
0.14774403270069736
-0.011972921503214273
0.4174889822917538
0.7131441763000588
-0.8327369312488753
-0.5440627583316295
-0.9233933293962067
-0.909774539097522
-0.7092377012873177
-0.05410629580721471
0.4926857839132177
-0.9744365218850819
0.3419505138772645
0.18259481327275728
-0.25604960350869455
0.2901354951898274
0.965385283578799
0.03360290411870803
-0.4776285608148325
-0.7272907359111345
-0.5421690442202753
-0.8378608878214024
0.12244923319142309
0.34722712692675173
0.4151457225385724
-0.6798142670903307
-0.13236242069614002
-0.637506960175211
0.27193040105070376
0.17082362084814595
0.743296586461071
0.418211303808258
-0.40609724711406603
-0.22468865332083787
-0.5349431493873822
0.7829734937767796
-0.443127857516292
-0.42908518774499393
-0.06329982504298415
0.18292768195225317
-0.6261797624093453
0.2851710263126839
-0.16784781795555315
0.5733044123554758
0.6265025249681022
0.7023513793756206
0.23532174038493037
0.7170464071541605
-0.6985708921294724
-0.3081182782545737
0.6573882114964376
0.6715633269411987
0.6015438343112138
0.48160583749386965
-0.06939041606224228
0.5805687941761093
0.6258112394065163
0.7349291997562963
-0.6225168297173393
0.4794996713256767
-0.977783794858299
-0.5617640726246234
0.24700373817162213
0.11051085757642265
-0.2766667022676863
0.13425802532359854
0.8355825917648556
0.6594907215684069
0.3812708018594477
0.03299774930547472
-0.41455807848101656
-0.5590197259329954
0.346060894317588
0.8130539946519233
-0.5874609632582399
0.9493201861256366
0.2613320339498584
-0.9773622133913755
0.21866530211408275
-0.5454076829505725
-0.9597744636140513
0.08992739180132303
0.5819150460821851
0.5924717039975558
-0.555836936723832
-0.818382411148679
-0.7676748835609506
-0.40066993217970004
-0.01685004913308119
-0.25258530714604754
0.14211653870632124
0.07517124403484221
-0.12611315893802955
-0.8562898955959741
-0.1673721089023128
-0.57008109610751
0.01190799930180364
0.47896821403828516
0.8892739607085838
-0.5314453551311418
-0.8812985221507441
-0.5734501138158397
0.8531369307751036
0.8625363223662126
0.2683967933555298
-0.04246899526627956
-0.326691152267367
-0.29093171624759284
0.585552089136514
-0.7043550924146786
-0.5416054344981249
-0.7090266268217362
0.27042327125805876
0.1166360392789707
0.8484668641410336
-0.8396331782193176
0.8950776376898897
0.3058860463685724
0.16243637926426335
-0.34582017832798684
0.030802049269983423
0.7130915935795781
-0.9423089699360365
-0.5485295088402931
0.6605901840092896
-0.7129451496971657
-0.03089318987666756
-0.3848538640015682
-0.5534795023695842
-0.3135451928642681
-0.7150046298796306
-0.3890791619599985
0.6294908601010811
0.6336430670932671
-0.5705854779345707
0.8238570337261228
0.42846998436264094
0.5514058295985207
0.085989094434761
-0.6455730490003087
-0.5814403450890271
0.7325984860483798
-0.6011868189979619
-0.5541590338302091
-0.6901789046511402
-0.746372886278406
-0.8789060218306404
0.21918957325199018
-0.5218682009484223
0.7628779879302887
-0.04617056299740607
0.38879000086340954
-0.9431755220893223
-0.24049238335239687
-0.3142917521351434
-0.352552628262524
-0.6388864031090313
-0.2665870553298384
0.8538802124606433
-0.6690050924475608
0.44230743835301345
-0.5042935740845405
-0.9417386277358533
-0.8011490776483436
-0.29146896827658453
-0.44119675873553743
0.07269657745613034
-0.9522687223887933
-0.34844303509172536
0.363403123424511
-0.814176883501446
-0.5287069282025734
0.03240931811879055
0.42078075074891497
-0.0525144305015921
-0.023850386801824275
0.5483230626075071
-0.46685487175684215
0.15641193160613165
0.1725825305761557
-0.48158100758968514
-0.4398492202557174
0.9848037524690012
0.06829705636923755
0.8895907686646629
0.28270198072554953
0.8051067284826068
0.7374152550993229
0.4439773440640671
0.6535533646825202
-0.7115068987579796
0.519273430678113
-0.18712375834901507
0.7671211223556462
0.4445361239466541
0.9391719610856286
-0.8101297582333951
-0.5667817540303335
-0.47873371187097513
-0.6217292577572615
0.447680268395642
-0.05582201393224051
-0.6624523719781299
0.5352062481881896
-0.3558482774030818
0.5098579648417974
0.5002376390943066
-0.21852352930629904
-0.41841754868090053
0.09879866420721006
0.8027431110313983
-0.7708447746226306
0.7570486910136236
-0.293002643237241
0.9561065652134015
0.3283076898865631
0.9891058885796356
-0.8869644441133091
-0.09981364138065096
-0.4965694909609044
-0.729968202948241
0.503043929663122
0.2911015291417718
0.9751673919385953
-0.6230007466818839
0.682847044300724
-0.17183817385678912
-0.7267569522194499
0.2684768641840043
0.4054786429566206
0.27770424275113004
-0.7873280854012674
-0.9997885895893057
0.5148323751045911
0.8406881716923249
0.535039946129686
-0.1044101971670377
-0.36578977618083885
-0.09476109929154153
-0.2537228403763605
-0.3020522317803951
0.779606649003995
0.300861161256033
0.20821321234346923
0.9915006067072498
-0.9644015060686797
-0.14114061190666538
-0.6193762424122817
-0.5461620617650291
0.6634212835077413
0.5959429179214555
-0.16904781328929208
0.693692129465473
-0.5975972656344142
0.5114441506253817
-0.5387988761744806
-0.7755130055433201
-0.8038131551144372
-0.21172155076315557
-0.8939262107156662
-0.8799086563458616
0.7279417672454214
0.2155176846311766
-0.3427157621019046
-0.5877522557115156
-0.9585316142838889
-0.6565723453241334
0.5020747465643565
0.07860183601528692
0.7786692588410837
-0.5660903431593542
-0.5205459286832783
-0.9006064358782986
-0.19281224371530614
0.3759876984327728
0.8850988596288658
-0.005666162351471105
-0.045878242489674426
0.365966935325557
0.20638545155655308
-0.20838133404461345
-0.018998172464237628
-0.34852477989151254
-0.7125421598647363
-0.19990263855301071
0.04060180853541406
-0.40422834387155016
-0.6660260422285833
0.6662375853593676
0.1843137063994107
0.6094524156949319
0.5610232204762087
0.23533809500697656
0.529449013452123
0.372116559522395
-0.592939104638667
0.8195649377356675
0.2260990096797557
0.75150247943618
-0.21770378530576706
-0.049095141811243526
0.5781471818600623
0.8740139632876924
-0.2723107752355194
0.24178908334260507
0.6173204908838836
-0.3280705978297025
-0.22087494784851813
0.600620360749893
0.48373568541794976
-0.41788770035573464
0.40991687480719863
-0.166496319569156
0.6622063579212905
-0.09087914459069157
-0.8378616578161031
0.05116670636214016
0.20627593736959948
0.28524485069070793
-0.6840194921225109
-0.18100135423819252
-0.04474720267187804
-0.8203646509569245
-0.13773722849322434
0.16648370165008286
-0.17523431200642636
-0.12145305843973553
-0.6272457422018234
-0.7151639741608236
0.40385312939291773
0.28577733721720167
0.2984691227906593
0.82804567289122
0.9759857259498739
0.17942218895196693
0.6226773122996367
-0.40305113397031644
-0.02691831470811956
0.47408093777739224
-0.9517587010854696
-0.4398544826860502
-0.548850225033505
-0.5523068163652733
0.9181646621588051
0.4626982627195342
-0.22537938373099675
0.5694916091456741
-0.08726195099644429
-0.7975506380799278
-0.12961062583868288
-0.07961435021785102
-0.6992626668198523
0.6267476718608629
-0.5106249961910743
-0.1812146207911629
0.8110619045794651
0.5065634459392434
-0.5584310883493337
-0.9227711262185652
-0.06859262899297991
0.06128702980306344
0.8971435155407346
-0.5844111336966524
-0.5677134299345772
0.5427334729402598
0.4547488474184176
0.16358898394312527
-0.8475441415028453
0.00023076669339516798
0.509558203884263
0.3286393229259099
-0.27002699876201675
-0.16252787081895237
0.2442273078129884
-0.851493178182172
0.007223471245682678
-0.09233821102794537
0.7955949716842332
-0.7930099257558048
-0.23193013456504885
-0.23381844695344034
0.9351072588675979
0.14719044455811314
-0.045323126945121306
-0.560247297162437
0.47966274130648534
-0.7657063017982926
-0.9042600191643058
0.6896968288059784
0.5934369983150798
0.27488874829766075
-0.07547665816247862
-0.40223103314493236
0.5615392163366688
-0.17615937406836335
-0.3136428325537566
0.9850304574071302
-0.9263235536185368
-0.4116793804116661
0.23326417321569948
-0.4779145947601384
0.5152441511418953
0.5260068158886666
0.18476666754028592
0.17082792869343155
0.7059073395647275
-0.20264913476033763
0.9888649721981897
0.6972043909275769
-0.8016490282421629
0.7101512612637826
0.7287799887981912
0.815440129206527
0.40458454147014633
0.21908798731974177
-0.918853677144277
-0.11021260062688931
0.7747832816709497
-0.7345137362255403
-0.21263418287511215
0.9812740814958745
-0.23343571674340025
0.29480501721235064
0.7642305556964413
0.46471856153732083
-0.020143844888586893
0.6554688129972763
-0.5386595782114749
-0.24967072329396967
-0.5394016673624662
-0.25570204663149143
-0.04977672936494981
-0.19394586963249716
-0.9630635560988434
0.6040638901714581
-0.2775086705716612
-0.9776449612254863
-0.9819007567892535
0.11778085344584532
-0.7715174152055246
-0.6085027165195591
0.020729098192378226
0.5616561397985669
0.14741613046654534
-0.8045512129912986
-0.08111629907224915
0.8321420274554576
0.5876694253688071
0.2913408745982682
-0.9910587994672297
0.9711669965558167
0.28432200058012747
0.19448697584899444
0.970595098991395
-0.0332650862261219
0.28271144509223967
0.16143549467146223
0.005062576030627097
0.4520785143529822
0.3610431462822985
-0.7527541828638604
0.03297882041597
-0.2526481238864535
0.4124274711105729
-0.1715836014391161
-0.47805674314299207
0.7750968362554282
0.10453721345654499
-0.9926692674889577
0.7805272329295012
0.12197934130029897
-0.7104953501988984
0.8116005057696063
-0.6409272003258601
-0.3982058421644117
0.6819040833106031
-0.13375156993574522
0.9448551788412063
-0.1735372494794183
-0.815027289495265
0.39783470075709704
-0.2811917280923799
-0.13420323434482384
-0.18152743588666453
-0.6336607955499065
-0.1931523627807925
0.9470304622928662
0.6287154265117141
-0.40258611877366857
-0.5632149048970614
0.624920554905045
-0.5977903426121722
0.508277752561674
-0.6488685131413439
0.9712089444548775
0.34709579840388205
0.04408708609740408
-0.949414318462783
0.1558244632462198
-0.7631864668839787
0.548810651829599
0.7801996260701096
-0.8446318737390048
-0.18955789854803284
-0.4903279159067673
0.11563042350631081
-0.10442815058820609
0.9509721976778245
-0.40701938916024294
-0.11152082369200289
0.676302840040653
0.13575286496961692
0.9100780973116165
0.9023817636859759
0.35817479613598713
0.36043281688689444
0.7571944364460679
-0.9483344596229006
0.6250114281241488
-0.3561225041752214
-0.06305505105330411
-0.9038443304193484
0.24062930246309433
-0.1333188523668276
0.6961838882340838
-0.2231888817571428
-0.34523339857936963
-0.7166494788647662
0.9009062709339091
-0.08137651209769325
0.18815356228437152
-0.49758236255996113
-0.05734838380256413
0.0020394117264748157
0.6818726947455349
-0.8444838270297765
-0.1411702571840736
0.08124812012201499
-0.019765835519090835
0.7593967872088845
-0.7709997188128939
0.8887328810396622
-0.942529008915235
-0.8416234863159378
-0.10420048878974497
-0.0579773713667755
-0.19655356730373086
0.8828839908324211
-0.9070366166177481
-0.6421696072794127
-0.972548707948756
0.29670491694703816
-0.500068564877933
0.4005751077844373
-0.38408863882761834
-0.7385200974765771
0.023251580696596053
-0.7270099632704654
-0.3126826238695595
-0.6386457362620537
-0.940790703856623
-0.37840850500118317
-0.6696124376008845
-0.4801502231986994
-0.32762766399052534
0.4080605566713238
-0.628120487431111
0.251417146751429
-0.7042616346357979
0.7647951974614358
-0.9536236946380923
-0.27790875348709565
0.9997763605869328
0.2934154543339276
-0.9473245355930566
-0.494868604750764
-0.840558217703899
-0.6216113631548075
0.5740944803166976
-0.3334013333770067
-0.30371275306825773
-0.34131476738243394
-0.3737082019815037
-0.11070980464813762
-0.22103671253474855
-0.16856044953419524
0.22689681590345723
-0.5594159450856646
-0.3936237268433955
0.20393817037325945
-0.35284444650833025
0.6570617049849168
0.30933166854141403
-0.6464909850416991
-0.704969368707614
0.8553865345706126
0.6178345305036572
-0.25852321570474857
0.9454670770621929
-0.6947826585265147
0.9369636733728235
0.32719040999252846
-0.6168062133841459
0.798632995774285
-0.42648753982116006
-0.6070321670893459
-0.9799625664153975
-0.7976834133356849
-0.5273359743993791
-0.6453221811324452
0.0008051834579727579
-0.2676084795422138
0.05709292855120007
0.2438161863392081
-0.09440022648734092
0.19942753998852658
0.1659637363747426
0.9961848411163317
-0.1709161311732168
0.15060811831241883
0.4836660705084814
-0.7726858325004409
0.13229164672785232
-0.5539393009518623
0.686574913150227
-0.8570767036099198
-0.4842927112683544
0.15698856203019962
-0.010109944698721396
0.313728170164544
-0.5528567633095878
-0.15557226160309523
-0.15219613104431406
0.9126732440946859
-0.8920706081898726
0.9204235432296195
0.42043832737993214
0.7987677384589789
-0.0659384650774697
-0.3717698374551832
0.8560022119534212
-0.6212333351553401
-0.7990006485247765
0.28890759948222566
-0.07878719574196902
0.6945892942539689
0.2357828436456315
-0.9256353030153304
-0.6178002512211349
0.34253262790109296
0.48619277029590857
-0.3342391986272737
0.43784743089403877
0.014127816176633612
0.6642818543838971
-0.3182570157607292
0.46037506700536657
-0.49658875225750565
-0.6389791370946747
0.6740986492856045
-0.09694797334988481
0.9039338984166354
-0.5402272705976277
0.4878964856575354
-0.07491004866422357
0.5232571033429199
-0.012756493641966404
-0.5359569647458315
0.0275938958407822
0.7343322788257554
-0.4944264008884809
-0.8191992006273592
0.33539482882662774
0.6256149738088259
-0.6700263671137745
0.8154200449720084
0.5495174630511162
-0.16432094978047185
0.3716026640687784
0.8808227570419136
0.773639758116309
0.27134195418359264
-0.7536610396930339
-0.9840793040029954
-0.47194651118454134
-0.7333941915168964
-0.589513423829378
-0.7178852866326109
-0.9719286705023364
0.7873260225242478
0.3930658976861756
0.3660641245781049
0.9576170353105675
-0.27145803650627176
-0.2497072193910541
0.3926236317758669
0.38828450724443764
0.8774499926447692
-0.48092219886464505
-0.028313003124606606
-0.8660663572625427
-0.5419431731348046
0.7178266371372446
0.7944892211743944
-0.872792722297085
-0.4305491829222512
0.2895237100521031
-0.20644142525327935
-0.3703094294943037
0.7953853530636059
-0.5610865478371203
0.40353841061446594
-0.8308255864936138
0.25614041463004766
-0.7819938759003551
0.7651857349240307
-0.8600374690235157
0.8584248749894416
0.7290823174446064
-0.6449479120995614
-0.5477420814389635
-0.7683939527081272
0.1623927721110805
0.14486074381329028
-0.6923138014571613
0.9624144505516008
0.6206109478412218
0.4005539029614127
0.9813690649590956
-0.07509702035967458
-0.9029803689058953
-0.34497863595703504
0.4241882742091738
0.4155611401413424
-0.9218228046751402
-0.3356529338677052
-0.23286414860617333
0.971320901377442
-0.7524311862015352
-0.10210431879686199
-0.02125347837329561
-0.4579555532966262
-0.2179844742274044
0.6729639009413388
-0.01921592935903993
-0.3405687173797085
-0.7661301310781039
0.9782935943233622
-0.6358928176181704
-0.6121386778592515
0.4198009670613343
0.8254294373672049
0.7177056024669917
0.8694125429213695
0.6079257844296442
0.6666845279921236
0.8566092260898879
0.8217129259275842
0.10294510345129715
0.2816233300220423
0.1573658009145804
-0.7370143441359476
0.008771407636068318
-0.910348272465717
-0.6966842987449846
-0.8489362930546069
-0.5510015456843678
0.7569066653348169
-0.9389354101860812
0.3352444368884233
0.5760352119821943
-0.9169604597005478
0.2966059595041286
0.028524911547592735
0.9434559794675459
-0.007533115679515756
0.23883544353735586
-0.6122871483135397
-0.17967355043414712
0.007694161794637333
-0.6245373372503802
-0.45121573902699086
-0.7530157098439103
0.1469581182174684
0.652530969930216
0.22957371833358553
0.3478787345309111
0.9916946909710138
0.07393976645935108
-0.32819556693500607
0.0855418798869727
-0.0015541669063543484
0.44135055306570403
-0.7610721382585697
0.8083263318972604
-0.9207867734824344
0.8892982923153612
-0.0543077213599088
-0.14971311098026696
0.9392002929718466
0.43362135136027447
0.06958758721258995
-0.11770183123380029
-0.16159190568071846
0.7572992497918352
0.43774131524598725
0.9535612451257833
0.4914400591788395
-0.7334012310221967
0.6805525281332743
0.9844306705534855
0.8688726336990247
0.21230396389223594
0.7871471099347576
0.8598190444401976
0.5686598386447834
-0.684134544687806
-0.750059737184509
-0.9287786081939713
0.6463269680245478
0.5193364073495932
-0.5759051132338666
-0.204577761044604
-0.7801614502938605
-0.23531760559519022
-0.21872630012125183
0.4342154346937932
0.3697681030249027
0.22674960559060442
0.5087935642086536
-0.578096192059266
-0.8546805364870553
0.9947644762111392
0.658597963011629
0.2151585988314002
0.2637803038418125
0.36934251847787825
0.03933227162221353
-0.9828347076471604
-0.6628974251282023
-0.5751484252369903
0.2596674512378834
-0.3509937133393555
-0.6381536982431228
-0.09806852608916183
-0.19927730680215983
0.3778039341278252
-0.2846132175623375
0.929981698922183
-0.9138486861281463
0.0024670708706377997
-0.3538037499603197
0.08146908160540134
0.7712780883297845
0.2012367176155292
0.7116058740143436
0.9009995005978026
0.8876089100861435
0.5472188546440844
0.7186767763480142
-0.2260237548688746
-0.8993979795884195
-0.5193843457173606
0.5684931359984766
-0.0498901230835509
0.05618646055282017
0.9201995224664754
0.15703220036616106
-0.42283766535563805
0.28098082293100046
0.08943827251056935
0.7798740015108081
0.5348628354065643
0.6897211373016248
-0.20878638269341177
-0.7078764917197073
-0.22366889447295257
0.5118790109615654
-0.930112129880708
0.2714716101555332
0.19225655954290932
-0.9030596711430547
0.35913450485114495
-0.7344986780689933
0.9518399471890839
0.05275169870009777
0.23499786881321638
-0.6253479880874768
-0.9982186884408424
0.5427443906224578
-0.07010947914766508
-0.6120104335087477
0.0662875615895111
0.7917738631809335
0.7579059614302703
-0.3405636067713804
-0.960021389085151
0.9394464579210997
-0.5591799436988822
-0.5943203277368188
-0.22523822192061305
0.8128125885864472
-0.10236593990608944
-0.3086743333773325
0.1287217362699542
0.1565413346396538
-0.2931621635843644
0.08149247329801157
-0.797745932559949
0.5565989933045123
0.8732339864704186
0.39232265128009347
0.1758782510771868
-0.7920850696054407
-0.5512885280930317
-0.2524746325559486
0.8424805439797616
-0.7201955660767807
-0.28502186357879755
0.5142693156093727
0.01853522332850588
-0.47990209206180556
0.289959159201586
0.9704829855254968
-0.9652448102261149
0.5158202510919943
-0.15512655417916044
-0.027556072544045573
-0.6453393826315885
-0.8056282232897181
0.3434610937059892
-0.7758403556300362
0.4888283437511596
0.5256549393438668
0.840704058498934
-0.3978348426316245
-0.45688582494797947
0.2940054971057957
0.028544243463799246
-0.29895305610625456
-0.7085641670633898
-0.40267309909347837
-0.1847264513650957
-0.8536301252499727
0.3573896242867838
-0.858903789686069
0.6639425387092008
-0.8127795028671556
-0.9929355905241191
-0.7954212986409457
0.7800474089685974
-0.03079340341175074
0.1611302025020802
0.4875403864640726
-0.5370502022685928
0.8807773533438741
0.26832720087071227
-0.33028762131805434
-0.8093311681515338
-0.39294401356150854
0.8997624186966702
-0.21248380824314483
-0.10628804280908377
0.7304721101137406
-0.6561250231114271
-0.38468773603849815
-0.5133367384251359
-0.6439597317461128
0.34995662851143305
-0.40328966067673
-0.43243574644034766
0.8486643138602454
-0.7948136455088215
-0.8493598037218859
0.11151466283844957
0.9093851808420605
0.9256810353354679
0.9860680347682105
0.7685736845786106
-0.5895243152972245
0.3119927757447869
-0.3792406886818309
-0.2001325328744814
-0.452210868341979
-0.27070012950640177
-0.9347236888887465
-0.6872551351772367
-0.9683231673946693
-0.5223538565200752
0.8244524919906802
0.05778469110627693
-0.13047908937717456
0.7434893164760452
-0.1442726931389855
-0.12273889265603599
-0.23318561474293764
-0.20123821652958296
0.22050040911199908
0.6181952031860258
0.0031863863996812736
0.34093164207405957
-0.2343980335879583
-0.5874118840152878
0.9972523622319089
-0.9304360513596486
-0.4355416667026093
0.48811979732821653
-0.18710749585322262
0.678202261845287
-0.6188081192166788
0.7678862896909688
0.7972359594503831
0.3195199459271254
-0.9966409252912345
0.05026685404973352
0.8929734526416666
0.6256682579700674
-0.8655165917251091
-0.391365626746339
-0.7739459584945545
0.03032957717205287
0.7655303174737282
-0.8863109531399285
0.25656753339580374
-0.6728022325579235
0.3948981586355025
-0.5431485490499648
0.2428825218885975
-0.4669253111004801
-0.2201357713109302
0.07632495135699569
-0.5375703857965304
-0.39034536527072894
0.3796389815636032
-0.2237665164442697
-0.6846188853107393
0.5432816897155941
0.016336378598480694
0.0345143487149302
-0.6484956258869954
-0.7172845635736511
-0.47038461815734367
-0.6032649334634674
-0.17818142720676722
0.1425268565394917
0.7031905446464337
0.4450237051421
0.948973517397365
0.34283295941058634
0.3556551012609033
-0.01874686460245134
0.8983109913544935
-0.5017503873694593
-0.6860364935440741
0.7298715395266615
0.18276215662609085
0.4306705618602287
0.20890529700657656
0.29851840565716237
-0.5060906077845089
-0.72352364203669
0.8963583559589978
0.8531158923123634
-0.8561625552621701
-0.1941991942348027
0.22868543335323643
-0.42282781892719234
-0.9598157352569927
-0.20766941326127286
0.6261261092303507
-0.7009499831281145
-0.10439237576288907
0.8457113410668877
-0.946020514905892
-0.26718178806590687
0.40465008328356866
0.23527412650767676
0.33255579358105214
-0.6641702147967163
-0.8330671950213571
0.712016342356514
-0.14102885519357922
0.1659959717805337
-0.6006015795987178
0.9334268901117178
0.257264819139424
0.04467111341969776
0.5039656023772565
-0.6877130305043619
-0.32206611990361034
0.861538872823759
-0.6291911256306832
0.7294244675625552
-0.6615475552771974
0.1991164750225003
-0.45967549867442936
-0.12834909487476698
-0.40054336588618655
-0.4058786919967159
-0.40536123294923176
-0.4673042281187203
-0.4227562077870195
0.385852957923688
-0.16701247818617215
-0.24958771236281097
-0.15519587590793393
0.7417199223508564
-0.890390809530275
-0.19224068080044887
-0.5074479426944458
0.7573306965703135
-0.9458607518869226
-0.6795948549274151
-0.07392828315835676
-0.21319806734968605
-0.22607187968792708
0.3790363372895149
0.9234606760334878
-0.2861290458532988
0.4366605463311284
-0.8564576828422648
-0.564438944805761
0.40626502753290716
0.5133348335165462
-0.5804588576822622
-0.4322031665185011
-0.2475059720898325
0.5864607650306242
0.20652940544749132
-0.5514781848644414
-0.055190135123632134
-0.036975504294118444
0.5762403933023874
-0.3897425417326301
0.49061715865496436
0.7891336568732366
-0.6622514354782878
0.019905467508654295
0.5651860489220824
-0.8557533744549224
0.69311445264237
0.3342220707471366
0.28086655456160226
0.5407666700978448
0.9361322937157033
-0.7880386094208585
0.5081330498468042
0.009335132608129904
-0.14667794145357216
-0.7887793457588121
-0.44082573302785377
0.4280091909054182
0.2250808457528537
0.6783972912089107
-0.07686425077476655
0.2185294116622274
0.20061252778551175
-0.4268621704172857
0.9812581364978183
0.6825080142171773
-0.8534824612315248
-0.37673737566136456
0.7081360822496434
-0.18589348037802078
0.10285505833891229
-0.6449838601516251
-0.08379135508855629
-0.19662012213844915
-0.8194810640311756
-0.9786243096843674
0.8259072458269745
0.11805520095511657
-0.05559692035231123
0.968998405152975
-0.7135978441890605
0.5823567587317369
0.8735528050773889
0.0066248470752738875
-0.46775095879085415
-0.8565528835326444
-0.24314581080081887
-0.680567603172316
-0.07970929035199625
0.8843942722660798
-0.22564145404973135
0.8320303021615105
0.23133677533613417
0.2578568287992702
0.5132501229426953
0.5695022014185511
0.07093049197143664
-0.16128128927095808
-0.36613537267501406
0.8598249879830806
-0.9487712184148063
-0.474328560965559
-0.29033834052783347
-0.7424351498138131
-0.9473290632777529
-0.03299907593173157
-0.15783073186216767
0.5018907830027428
-0.07085851183152392
-0.03307549643883423
-0.7728279617379643
0.8916029122659672
-0.24934461714507417
-0.7229824227188288
-0.9669271724679782
0.4897922001921635
0.3268152809053415
-0.6137923839644956
-0.7489906923237644
0.9845895771728457
-0.19994867785014514
0.5365573949234803
0.3472158545226798
-0.8556852607664418
0.6248352001938837
0.08010818947701459
-0.3378960647397846
-0.2257610307700646
-0.7248028377111411
-0.5966698627507163
-0.41075155343597225
-0.548281604566843
0.2995390136707152
-0.8642663931446957
0.1767730561170433
-0.9617286725131247
-0.28121516786592826
0.5995585406702972
0.6246820750175959
-0.5618861361161045
0.10263747504382348
0.677854874775421
0.8564316535575083
-0.7241057114285065
0.6339790502036666
-0.9039493152567404
0.6994813388452044
-0.8856551009781048
0.6553115146758623
0.5778594477125272
0.493242841877118
0.8971996459651597
0.4653494715564921
0.285261770803374
0.5282272608194791
-0.9746345374971848
0.11230856945381618
-0.9114559802612163
-0.3685617064123192
-0.6872274333041808
-0.4779286949166286
0.15837126433397186
0.9171135224841152
0.007802830416296036
-0.32623378940729664
0.05306967535622542
0.022761810513864278
-0.6738499528874677
0.8937980290450716
0.6530765218900607
-0.887836423984764
-0.7785331143839747
-0.17658457841133068
0.4979623167288334
-0.1952460412549224
0.328705680641054
-0.9133315211429043
0.6360615870201995
0.21851755182692423
0.8807439312420298
-0.6361094486018681
0.7572833873656619
-0.8125736973090767
0.22911185780005505
0.21193163683796024
0.8239363186041087
0.7771803950443978
0.7205455550122017
0.1789544174351736
0.705259428836359
0.6532437460680578
-0.03554502797231707
-0.7792211926776762
0.5308218737687298
0.8093268114559409
-0.2683200092440716
-0.48368356114997835
0.5000306450183911
0.39736897033511553
0.9324575719822363
0.6063294721651435
0.48074845643404296
-0.8621132624755625
-0.5173976040226125
-0.5591612127041949
0.897070100573484
-0.22275813278800194
0.2786700702969451
0.546659876489727
-0.43018621816772895
-0.6065591680595195
-0.06734553425122747
-0.4360440339340437
-0.8951071615102846
-0.41110098893989955
-0.7165878649023549
0.8852416864461568
-0.06865488667413011
0.4943407740648187
-0.463514464910749
-0.3176613628668652
-0.20854140171044322
0.46370086026021085
0.7331854710657233
-0.7821365480505411
-0.341821343698115
-0.2997453600324862
0.1245335734659172
-0.8457636252940888
-0.18188074350321837
-0.993297851141479
0.9601817933155503
-0.3852569062745481
-0.8849282507589262
-0.12252966297579482
-0.013219567398368381
-0.14438549552091784
-0.9450710600253223
0.5459867079860594
0.9438145470043937
-0.057983533552264044
0.08976558085646236
0.35211521312862537
0.24550106198878274
0.70646233999624
0.7318084963660965
-0.4314678348749972
0.25670427785919925
-0.544957980259533
-0.09505182068997331
0.8418950370136133
0.43882465404993476
-0.7011343917788273
0.19712799039511442
0.4614061074351241
0.3997331579603023
0.8896680915607305
0.8050091489586542
-0.5953738538544056
-0.7763451066049214
0.1748293921004811
0.22842351238942826
0.24989597186460832
0.7367508647543497
-0.39043713517087997
0.6797980125688949
0.5902275261622867
0.6106187872961155
-0.7886067260024023
-0.4156895298547687
-0.2562325648606276
-0.21687384971515944
0.11177722486895014
0.8214620604024945
0.09218820237516057
-0.46719132072731595
0.6060846977380101
-0.1525694644147475
-0.40832434852700605
-0.3933489793155893
-0.5473210559993575
0.11489804122672842
0.33568025219087994
0.7654979604856968
-0.4527430071480527
0.6505729005285863
-0.25227697988963627
0.7816672112870318
-0.292628213784889
-0.30547534007851773
0.4729864420320691
0.72216914179506
0.5968944548794923
-0.09102378492049379
0.10583911634512222
-0.8687445321332796
0.26651777959074363
0.434164322197264
0.15623053817888133
0.1912469564365733
-0.062358459186839355
-0.7379243891028284
-0.8391717025075818
0.8595593187866992
-0.8322747470720302
0.2978297326167856
-0.7497650088512984
0.5794730130898134
-0.5466599187749777
-0.6777198644995941
-0.03788618933137489
0.9280409872935103
-0.5687710554177814
0.790158049617494
-0.2114163084147027
0.26340259278984246
0.23898199623916194
0.5571938544836208
-0.001293030289670094
0.9439917619706926
0.6443535473620932
-0.09832485924261669
0.04685079252461466
0.3595745219938329
-0.23323466827752815
0.1666548536339485
-0.1829418793992641
0.9701855012603506
-0.0009682013188636596
0.0664360342960455
0.6823076468733906
0.3484834869898792
-0.03529956405760104
0.9412493739572614
-0.46758556307910437
0.1618927334586553
-0.7845664622558766
0.2672097619513525
0.8097640073123016
0.23526743711808495
0.5444329772999013
0.6763362339766725
-0.7730638967895485
0.606787539801614
-0.36786771686118924
0.9012364330612463
0.643501681099341
-0.4337043341839304
-0.4413247844806918
-0.17509412691201054
-0.6952707302882655
-0.9303228171419182
-0.7973953502419793
-0.23428888896943367
0.5758296529386138
-0.634804316858905
0.2298439355986519
0.24128337146935697
-0.16061636919575495
-0.039181647262591435
0.5436989631599167
-0.09012571292874139
0.980293862586189
0.3934330319496919
0.6656456437719092
-0.5222008196311096
-0.6497985301965683
0.6211603608390008
-0.24143824096860778
-0.5840501192939129
-0.015740585335340285
-0.869738153152334
-0.17390363221365046
0.03321388623596566
-0.3908365041991937
-0.15917319682862185
0.00024932542017452874
-0.8574036098364834
-0.7473520802322506
-0.9076979004638888
-0.1389397759329407
0.11266660225955971
0.23031078947701022
-0.6840964194818873
-0.08266928612299007
0.9823663587937079
0.9301538083254133
0.16975015530408966
0.27675475629749924
0.44872480203993526
-0.0626313268279437
0.9339269997904689
-0.8541915691244486
0.23730653266025747
0.8938734463308582
-0.5772139139169861
0.3510356212818069
0.17405157906146163
0.5379176326921076
0.37150432701065106
-0.41465321066101213
0.756922897439583
-0.23628122693774034
-0.2267549182883568
-0.025059958013379235
-0.7849763579488549
-0.9156541228122059
-0.13694832265514667
0.3903586071406304
-0.21335197467719458
0.8270025725045178
0.09729952114268503
0.8093446671993978
-0.8998443777627072
-0.4792992870839887
-0.2510143150472801
0.38985484322283925
0.018414644659643375
-0.19984572330166306
0.7253005921904034
-0.3288379368400709
-0.6353107370430771
-0.6969730576529447
-0.7480097880107519
0.4782210137905665
-0.8954979029530974
0.5385250059495346
0.8537016033289357
-0.30707538543571533
0.3578630629773045
0.8046985786902816
0.2934178479281331
-0.3884177112325711
-0.7693171754940822
-0.4557218233417266
0.27707114899468843
-0.8340540154635916
0.3165740361882319
-0.9949845938252839
0.8396838945929672
0.8906554005134715
-0.9974490893274219
-0.24286782742186275
0.46698863700126547
0.09890098075900378
0.6959559309856307
-0.6540466387916131
0.8488071188267055
-0.9451090949687353
0.669198046988773
-0.14188807580228535
0.049859389578361
-0.05479346749157976
0.582419649176672
0.9183018008164094
0.6072419690714483
0.7827535818599447
0.1160697806008506
0.5988459212920543
0.22119695526051864
-0.7166825663391077
-0.8388594544583732
-0.13248694712801212
-0.7826207854324885
-0.5295761966597994
-0.4695435853365695
0.39293696497328834
0.014885875969540274
0.9596416187634076
-0.20551206459775817
-0.2704121380467752
0.21842084138665707
-0.9954812862314508
0.4860979568116346
0.26446248176356146
-0.8078971295599413
0.3402666660417559
-0.2840693362680471
0.63275417214368
-0.796461584691718
-0.5506905999493266
0.5970445634083585
0.4049996162011267
-0.6658193355578292
0.919634255068271
0.9187941101313868
0.7198422377815183
-0.9229469367388912
-0.2476928701454053
-0.8740778612366722
-0.944850099990155
-0.7990508938191598
0.715568721606062
0.4181999966226464
-0.2729869034216714
0.7470232333371802
0.8532531616233496
0.6606965398225579
0.20456250866686476
-0.4795254247655565
0.10128617576030119
0.7858935787477688
0.05933377961933184
-0.8563586667916991
-0.46779883807112954
-0.9873907751261457
0.34429329610280224
0.5065372669476127
-0.7090985289205678
0.3925023294079457
-0.39602269209173535
0.9817651769617128
-0.06316674401735112
0.38097339654839546
-0.39500458649588577
-0.5847346140332317
-0.3766832160186835
0.5963813977375629
0.34126135663748114
-0.06580683853181424
-0.2620687577631875
-0.1415125750334998
-0.22897659109028456
0.6622642123995028
0.2008081435923339
-0.6283466504878243
-0.5549647335671446
0.9757187065102284
-0.5283433857009432
0.8719714161839336
0.24110542794321832
-0.9802202416280899
0.8339660715416797
0.9025528855683906
0.17453467075947748
0.6199291852798192
-0.8357826018354699
0.528068515573715
-0.7307706206599922
-0.7953000755299526
-0.3206484339947122
0.6100986376744773
0.41280151910473206
0.9471859120758568
-0.08091880157531262
-0.24302565054720415
-0.04803468765818297
-0.9322143812080803
0.38904387253502093
0.31756603830597685
0.4588002281559558
0.23998958206737608
0.6900081861639653
0.0703143211299917
0.859879935972824
-0.8763696759536954
-0.9629400332184561
-0.31677221318051796
0.02116915714020018
-0.210690235117023
0.7890436123328564
0.6752501604948049
0.2019567617758018
-0.8350934147724123
0.8839177823524884
-0.9803774912495988
-0.74181253046397
0.9702987675831483
-0.8249357199843195
0.12268385835950579
0.17142462821925686
0.5436741314798927
-0.6798439550678583
-0.5454653186938705
-0.8435851519557698
0.09972072301078905
0.7545184551711226
-0.2978449334354878
-0.17773551506877072
0.8453566608679957
-0.6284657973853918
-0.7850554413108337
0.021251952492807424
0.8477279891870635
0.4551293555447278
0.39894482863511227
0.9213866866568599
0.03260294068224723
-0.7502807370631301
-0.8081282833328205
0.35345160315892143
-0.29212551109374196
0.7604131934193248
0.9805616230435001
0.25680839585403814
-0.6264749890623962
-0.6373858561427828
0.1706490990245324
0.3811548780711609
-0.4573052636563528
0.5831084081077578
-0.4726839806530281
0.4340945443855373
-0.20006705176646689
0.8526697144568816
0.8104224664826449
0.7041367492914001
0.1472963337533031
-0.6464489744093307
-0.7440822253483961
-0.8946387935326068
0.18187557892042383
0.6538888273381078
0.4019447069654265
-0.4451085505012309
0.08076754788541085
-0.8682697631159257
-0.6237572170988079
0.8759871953847047
-0.663965562753777
0.6072996240906141
-0.325080980529612
0.17599989650879766
-0.41074530453418867
-0.6469454943373734
-0.8512626916867538
-0.7712644680089911
-0.034707707606837834
-0.4413252122692686
-0.2451156715157603
-0.8787689539804677
-0.3118592936236979
0.023491981251247074
-0.8890917222623371
0.27693565246849006
0.10481157025562182
-0.7722701756981762
0.9106840558630631
0.8795128243166237
-0.9957968365210259
-0.011148468874866868
-0.7780451446812524
-0.31972542071401855
0.9227427023391224
0.43695651452130213
-0.11531865802274233
-0.607500342286301
0.9653486797979105
-0.6900419010786691
-0.880991326440917
0.7820238872014598
0.9844599717554248
-0.07144930870565269
0.49359988008849087
-0.1383891349461579
0.13742319891500787
-0.25191200404695246
-0.6264027012001059
-0.04364544114864333
-0.015008468512569317
-0.6262796701568045
0.7697525691908285
0.684141168805035
0.48528161012025994
-0.6857367515362163
-0.9963277325075888
-0.47643553155063834
-0.13907474658054508
0.15217621554617788
0.4902263971466616
0.07614111537213275
0.7679600538173246
0.8144060235017185
0.7934198660489216
0.7771784340102703
-0.8609897236749633
-0.12496863091892862
0.8283468348670067
0.2988546041932132
-0.5441883283835298
-0.8976110789020288
0.404585710631689
0.4479507069487616
-0.23417202399424197
-0.8152967037821413
0.8224877072920316
-0.04991277782779768
0.6346400901309199
-0.8930325187583183
-0.7101009379236032
-0.4150594908109164
-0.9242827179168753
-0.6687459734406738
-0.6759497508775307
-0.966889582060263
-0.5870438812186838
0.09919724176079048
0.6687853066123324
-0.9626142864789324
0.5698282564317443
0.8395743158265836
-0.8266882404113223
0.4188589487428611
0.2746482062653661
0.6744631167825041
-0.5244487891209983
0.6153182064275902
0.7967879810214658
0.6865214566363198
0.5641011048782467
0.6023413366460586
-0.5041746498752298
-0.8192205328148683
-0.8629537566482557
0.7623917537352174
0.18819162499170838
-0.5404359839304775
-0.03647758331831863
-0.5375696706820527
-0.5392767699342498
-0.07469232167795803
0.135679521277013
0.03896374213509257
0.6328765627679769
0.0582628019217295
0.859598941524532
-0.8543078719022825
0.8289884171251047
0.9462686143545991
-0.918316672702892
-0.7185912303117987
-0.5351827367027839
-0.06193732216089676
-0.2017643376540066
0.7930880490317851
0.4831677166745729
-0.9862400440268393
0.48247212079903945
-0.0317230997474065
0.34810754266888777
-0.08220325981644772
-0.14619589922248144
-0.6854423773583322
-0.07885709589392143
-0.08651028965215701
-0.9311101793300958
0.7683627823371282
0.059746128066439086
-0.263495115202965
-0.2538051717600278
0.6842458541346763
0.5367274967875753
0.23547168056930068
-0.8687219740714804
0.830723904422976
-0.354708822793264
-0.3832984574358538
-0.8637948151560957
-0.7549209913369685
0.43008247704136093
0.2541917063099066
-0.4776925556322149
0.07433498908019964
0.28825913869025577
0.6172970339451447
-0.7571066946513949
0.16483615873220536
-0.4945003348410688
0.8909052486784266
0.34219658706956935
-0.5896401664585209
-0.4889786535285545
-0.6495861653535826
0.4353601568402259
0.30515501657525324
0.9078079218054576
0.5857268472210513
0.82876183187313
-0.9814039390457496
0.04996923515676355
-0.6955354268341583
0.6312989905987463
-0.1125496909617707
0.9932649582832216
0.7841046679508088
0.3288063772487384
-0.45311123824967847
-0.34979354972552357
-0.8396128961511042
0.20363732926719091
0.26199580410138057
0.5722828487622096
0.49778843813198304
-0.13329125512513285
0.3484438184490284
-0.2062098577912408
-0.977768204225385
0.49091211629757625
0.36091651223197907
0.6487830552448584
-0.3225819729135653
-0.001163171766158877
-0.008193761508273223
-0.0031506816953972283
-0.5276401498024064
0.022847261407336728
0.9751826606244405
-0.7633437552351809
-0.10010737487825128
-0.13025186155873647
-0.5505889599237481
-0.6202479432615724
-0.4492639977995616
0.0480931860162801
0.6154638207507268
0.4328678714032499
-0.9768852167257398
0.8410763392393641
0.8717852252480041
0.5862004224527153
-0.6976931078108735
0.9490028561288106
0.040425011055876814
0.740624052133819
-0.03932393706665316
0.5618492215612045
-0.43007803825428814
0.16128612709411594
0.97257627847093
-0.8199728515889377
0.11959431607150606
-0.8222788005099033
0.9375266860686606
0.76777550333139
0.3916780553006831
0.3557572763393537
-0.8534489216159615
-0.42504945969758356
-0.7702508164450934
0.22912874845999442
-0.013008072269571791
0.2646375636892315
0.8076758277140037
-0.317614300310735
0.19856905476775255
-0.2465414361864715
0.6636527713525915
0.744746970844369
-0.5225079245917941
-0.9500462356150807
0.38942712478500163
-0.1484608491480226
0.7002909452136719
0.8892102631446639
-0.9726494235605259
-0.04241641382539996
-0.4566518249844229
0.03519117769804048
0.9395117143828575
0.9981143518297115
-0.6721038375750068
-0.3598024672059503
-0.46249684902520327
-0.18178101117461964
0.8324914265031123
-0.07192188323519533
0.19897894886150258
-0.8753769042682051
0.42958074679274283
0.9414791114733281
0.6023667051857486
0.6500406265029457
-0.024780855888613784
-0.6024509416887334
0.1600650254558107
0.5407818485654567
-0.041407877911637136
-0.6147464463087633
0.06694305917514565
0.12819542825155272
-0.5924371009784037
0.45175266673023584
0.9273799837900267
-0.34115733702663054
0.20493458103837403
0.7965266514309919
0.6506183892421771
-0.2773712289972394
0.8730440732159399
0.9445659237123951
-0.528559428590939
-0.5471431453648099
0.8066025631957794
0.8659724206994766
0.4856327712179056
-0.254577161262745
-0.46319105928579063
-0.7332323902145166
-0.6332045603415477
-0.1694072996533027
-0.5612222947069418
-0.288063121984822
-0.16313249443274924
-0.007437504058626088
0.032986593128017105
-0.6097304276088096
0.8574986531850854
0.6246365580528113
-0.052864723177094675
0.5933681451957633
0.5201703019967516
-0.38396300032755115
0.847965070048684
0.9942914917723571
0.7122947740665413
0.004078604471868363
0.09753484545703017
-0.45401586381022874
-0.06924554935441618
-0.7777139136594962
-0.24815053158467326
0.24910887219711597
-0.367313572522165
-0.43628166721477646
-0.2895171439740698
0.4675970109993475
0.5794666945801537
0.7177249639504661
-0.6753432673073887
-0.4783498195037994
0.7469293058392024
0.8887286225906204
-0.026114934197177364
0.8710256009963389
-0.1971199318798742
0.48235571937215704
0.3874671796913851
0.8604688919078003
-0.38756097852523363
-0.1643558533034064
0.03550989859287901
0.18807941066631972
0.45530860572798826
-0.7010132619728613
-0.5664554810296301
0.030404928160056466
-0.20622669783425684
-0.5355765371703398
0.736695969489618
0.8977389120059724
-0.9398076225304335
-0.8039154015832535
0.3371199046928308
0.0818052364789319
-0.6502876115830472
0.30160536154798523
0.1354380330970355
0.4538523731990791
0.4577100130481315
0.8404557878437964
-0.9284134403651838
-0.9416494695797317
-0.2922636871592157
-0.14389600415344161
0.2935155979014028
-0.10514363816115124
0.6522166753467697
0.33119358424759215
0.07383402330906264
0.3340463656647603
-0.18401021162184095
-0.9046535182562487
0.09014622601072508
-0.14075308934053132
0.16314876240540976
0.7685191013271673
-0.5121766337392815
0.6562337989863656
0.45661172161688657
0.6934982054791199
0.9082144944631365
0.6946742151854508
0.35442631350012843
0.9521045991660919
0.3805075647400018
0.1852569927666663
0.8915144583728576
-0.935850683123149
0.9309733116813341
0.490174992553178
-0.8493538273563248
0.6380754904511263
-0.9071695462420928
0.2881478144823195
0.8166540486783429
-0.5173743463429521
-0.9283609206146715
0.6149552333495674
0.02518543280836516
0.05782735797749283
0.17437893837660745
0.6628719760966022
-0.872097993078542
-0.5525854500748941
-0.6699820163380441
0.05275777448350172
-0.29074136307236054
0.714548690963174
0.8226600769693102
0.6430362605526059
-0.53967509534389
-0.18474295995315027
0.6967452300825407
0.3271831572785102
0.9083325984091242
0.7532990900243355
-0.5538660982905876
-0.7063829172929499
0.7990321476401436
0.5752165778390776
-0.004361336966757001
0.14746207978751724
-0.7323391884604857
0.7799881265404205
-0.7644045523832763
0.11626334748153289
0.9156857063557875
0.14785555108483295
-0.5042459811664703
0.6253744766187419
-0.3549335289866262
-0.9594476199890554
-0.09324930480304627
0.2208653095013191
-0.2967519178929834
0.2821104753157446
-0.8249036034159816
-0.08049587907887812
0.7345187906202881
0.14979659646229782
0.3354768462669975
0.41633096833268035
-0.24602748244123163
-0.5135863575795847
0.8050838592191238
-0.9295890988298237
-0.4888308873966294
0.15339175970658436
0.8259634630055843
0.932918808614188
-0.19204817788029604
0.03049936185282265
-0.3264987211507322
-0.4681649774688903
-0.47779053760911805
0.2863590029701193
0.5972994843052326
0.6569634865792728
-0.35029315194492217
-0.6888241229878138
-0.35159736486237825
-0.19418417156479983
-0.5883808886094741
0.7309305794202747
-0.04630170452948468
-0.503409754937707
0.8742621244469317
-0.9163302596997198
0.4570460916593102
-0.4551679722024986
-0.8018110933729368
0.3352315933261121
0.6244341564401097
-0.6968460047905367
-0.4311498254904651
0.3043589469283212
-0.268057163842746
0.4897496647459967
0.6623768217372465
0.9635600018631296
0.8176619727275336
0.2668369192825042
0.6149048898978342
0.6075099868947
0.18594803345390365
-0.9761084057089635
-0.9922072424201525
-0.8204584399453205
0.1753504327529074
-0.7315968863433415
-0.023795669320474166
0.44498348985142666
-0.7957799950930173
-0.009916071090339429
0.3131794973023152
-0.8045591070748097
-0.2271617003091384
-0.16779315730643773
-0.16479112727441914
-0.527187847337371
-0.9111449793936033
-0.9255606735992925
-0.47857398141640806
0.3805450534179846
0.28048546105047567
-0.05033313937282835
0.5309337664435008
-0.08812135899265572
-0.2652438419897236
-0.4895351642965182
-0.2525234228290909
-0.5212080499523333
-0.35766051185840597
0.4842046985438684
-0.14397018044472754
-0.6692916434106055
-0.6953013437831714
0.0708511156518794
0.4180000022131738
-0.0836032813347185
0.8482918948611906
-0.22598722524079196
-0.8872148303491152
-0.0260811253358042
0.5645614252516926
0.8039889451284337
0.1543221771933756
0.15109680518175295
0.8282716411029591
-0.8175425284141851
-0.6917330863982329
-0.7842612772214972
-0.5471269134652279
0.10976612714163303
-0.2624150797541507
-0.4049234375867854
0.08813668468937319
0.7366542126362781
0.24435047544501143
0.8370957865903899
-0.8865644476160746
-0.37834841082040493
0.019181385596402034
0.21087483768054538
-0.19677310682603277
-0.13053849327882183
0.10415499284893337
-0.22673477883368176
-0.26210264457999877
0.3406543474217545
0.19506253091450687
-0.37220448395533334
-0.24433181070804988
0.4020999655876383
0.13213036692897595
-0.0663585669167659
-0.07523303686742477
-0.26287580388157394
0.828070847360165
0.5260843197479388
-0.679120164425419
-0.4165386555004673
-0.9092002513466306
-0.8361968583644122
0.3954073835589953
-0.7329927358218482
0.22473958173836284
0.7646348073145848
-0.9492890741093314
-0.8209801710052069
-0.9487490731071626
-0.13909417144958902
0.18715151724556445
0.620699588512128
-0.658673897039215
-0.8035142101676545
0.4909086094681361
-0.0819744745388189
0.5540361581065651
-0.9157453091129828
-0.39888101484666305
-0.48847771921667005
-0.6251407113008915
0.03561577087899703
-0.7251403734517614
0.9298946986319612
0.9936655623410562
0.346430563910606
0.09510199210154924
-0.28108894134724927
-0.08887663889736785
0.024141974369200625
-0.5779883371470536
-0.779231657543322
0.43048248051776805
0.9204204297945695
-0.7018985121261467
-0.9210484367980059
0.40575481142045366
-0.5482091856690909
-0.013953922695560506
0.2750157447448387
-0.21961087382564104
-0.8626111075112619
-0.1107249935515
-0.49188447627607745
-0.005252219527835722
0.8197924024810557
0.18463711976747366
-0.5822722800958289
0.7339438925584285
0.3654664212986085
0.8154312659787766
-0.6738838803628453
0.06702501056768928
0.7365033663340013
0.6173496442792057
-0.352765476176059
0.4737561437245197
0.14108272404330213
-0.7601530355971529
-0.45949368021822923
0.9388518823908685
-0.5037102785556902
0.8591480561202498
-0.4221373462690692
0.09520698328428612
-0.7456897364571742
-0.4261785412537542
-0.9954447748554256
0.08113772440945599
-0.4116637325525214
0.5135721773562361
0.4612306659307954
-0.14762661082882866
-0.4737126581321549
-0.7623275827099185
0.884750087535543
-0.39949295314967825
-0.6915838366331082
0.4929236145056697
0.7712773932568258
-0.9003861312899379
0.7333596896728882
-0.23659442992520607
-0.615789886590487
0.562396146310641
-0.3360838934848742
-0.028440004974993105
0.36580813003716806
-0.7981744061946849
0.9126964413446108
0.9142678978551955
0.058362134483434636
-0.9980015327345639
-0.14394409653426732
0.14562377839919383
0.04116394055314987
-0.3353618789978312
-0.30558329810578244
0.25488432229492464
0.794015224374828
0.3206517494518346
-0.6382162426563229
0.8284054190375956
-0.22206027293230868
-0.5221350866162262
-0.9081706874620312
0.7327971446583881
-0.491525940982817
-0.17817743531642183
0.004726199605869841
-0.8769267855844707
0.10555287233142252
0.894355712235652
-0.20723155813843297
-0.5291726453625758
-0.3743155292540101
-0.28912131342633685
0.6482228417075584
-0.5256358343891807
-0.3840513825560805
-0.9396782192251507
-0.08443460818533532
-0.2744258454167854
0.26893157497608566
0.3531053223146179
-0.7510413540634726
-0.44813793633267074
0.7707090663735059
0.17895702033582017
-0.9588627481417493
0.2593851417484112
-0.14436999595416267
-0.510725537228417
0.08786696530758409
-0.4017055625393413
-0.6908116061044174
-0.7947637867447306
-0.9423446019168835
-0.30834663960216124
0.5046940083888798
0.03910501362659824
0.2561167273935063
0.6676568827485614
0.5575417523293114
-0.42457179145577895
-0.9473868102637111
-0.2810260327522882
0.8135511920805678
0.2693879988731591
-0.574086755207249
0.2404578689185628
-0.17838052113504732
-0.12595585120006825
0.8495516806445533
-0.38020158404966464
-0.7514297453275836
-0.24809386035822945
-0.8922730032534967
0.4848722863680066
-0.014049046492206507
0.9266850082602691
0.6995536941509928
0.14998281061536467
-0.4781079536856643
-0.32714221421432077
-0.4084509284487263
-0.16745731235040728
-0.627658519067646
-0.5559309990265355
-0.8387555092492123
0.9750066791013245
0.9777850625529441
-0.5767755199399394
0.39611612492096815
0.3722059290768076
0.4368568516799085
0.11062866634666535
-0.7649154561466609
0.9284445941226303
-0.9186155912742269
0.08540961875164488
-0.05742525769526763
0.8572883565240066
0.9336612070620778
0.8309135369677205
-0.9478096829624434
-0.932774499846236
-0.10772002129650793
-0.0010664495453083234
0.9135161572550221
0.20278687453716193
0.6435416119772199
-0.8118708601763025
0.14273210899996958
-0.19410791170624542
0.5498618621185962
-0.09422998253933357
-0.9782830522420538
0.850186369066136
0.724418914103018
0.8828958933035824
0.01867866010672037
0.014113698875163783
0.8618824660767663
0.6456752746737495
0.8762730224195237
-0.13291671394641424
-0.9350422531752467
0.08585599383420028
-0.5496869251307615
0.06483234563509876
0.32766615122449716
-0.019239617284103394
0.5769801630587945
0.2127282730658595
-0.9108208103763777
0.6894617663732527
-0.4611149124135767
-0.28013173781507605
-0.6015187800560249
0.1918514107199032
-0.44119066928919337
0.9261179360995626
0.033326977511153544
0.042331401485241615
-0.04309243475772773
-0.5095574182979203
0.7514028144163067
-0.5037230164924076
-0.36688155210304596
-0.5706540218388774
-0.02570822569823128
0.9592228288578983
0.4433173018283114
-0.974617345774722
0.6383167939459307
-0.32749505682861946
-0.5356534620202673
0.8724637831556559
0.04241130175174357
0.14211519678249607
-0.6944177021782099
-0.9645739937532829
-0.5910581025110047
0.679875004658669
-0.9294120645166117
-0.978177173262067
0.8256871658639675
0.216634201045262
-0.2407488874138095
0.07185307085233839
0.810391304822103
-0.2027115812817044
0.6903136389030837
-0.01759788052566269
0.014990409535895255
-0.3534306930059392
-0.2716020142515021
-0.29216055498541116
-0.3087747529870639
0.2518950483782194
-0.8160470154070063
0.40812137622206146
0.7974907378326967
0.6966281634039766
0.8500587400332196
0.8712623696113111
-0.8166293904056157
-0.6815635355384073
0.5826739880338623
-0.7228995517514729
-0.38864327629494255
-0.1762021706331427
-0.045047286716376256
0.41278281812519424
0.6544707902846232
0.25885152470082806
0.39814001455594417
-0.8263559637088969
0.002544686798300555
-0.8932834769535116
0.7745573100250354
0.2884693274940906
-0.21394272307252415
-0.4489326235961433
-0.7938057004973713
0.8541059690954882
0.3127536861453506
-0.046869929750958716
0.6895613365381872
0.994730674118895
0.18528073071126472
0.8879281044689697
-0.46817517072474146
-0.2562387563275754
-0.016686404663687204
0.48920396290416845
-0.8195484512575044
-0.02333012589634742
0.1683540781567361
-0.8596434443193202
-0.27451654112202073
-0.538209208223372
-0.6501812489113281
-0.28375611588229677
-0.3118715228900042
-0.5520151422278594
-0.5832567886015929
-0.6041803366655945
-0.4853111924008793
0.6962754623203185
0.09335272838622966
0.2157704245177552
0.2352960565764597
-0.9495604372029656
0.6622188064026981
0.5058652614203067
0.8484234217478428
-0.6630067191905746
-0.6460623588832615
0.8274479775150971
-0.8554736703098127
-0.7349086932950728
-0.07562586105613955
0.5838482831132044
-0.22176586148870125
-0.20426473035327875
0.760599063826356
-0.25352444246705264
0.16436836675484923
0.9528941327163325
-0.05828387224615006
-0.05530893361798683
-0.40334038270741046
-0.8057172130147954
0.46377157424297333
-0.37871766833557063
-0.4259233597718435
-0.8130694853653804
0.9456261058854254
-0.649169504704834
0.5786555034861773
-0.49299709842533024
0.8005644976788886
0.2626061312639403
-0.8444231751331357
0.41959985527372035
-0.48758558847059086
0.3187421372771624
0.7730657054072838
0.96521632164789
-0.05430027012489713
0.4472907269496158
0.6985295855360096
0.3429898632503501
-0.5948195542016126
-0.040240464944900856
-0.12666447356203414
0.26116629567068017
0.049909188946174465
-0.4108055567822577
0.17635951442051612
0.6982548162895781
0.257020484642394
0.8014107878010595
0.19851941828967856
-0.8493066186780875
-0.6944997402454316
0.7460761403370055
0.3799034883247254
0.37570550757263566
-0.7461924187627276
0.7596432059174485
-0.382919086715481
-0.3870493121385148
0.29065784685783647
0.5789286992573612
-0.993624365470795
-0.06878785432501178
0.7469702178987532
-0.5779854775114528
0.7840201414520136
0.20686153951773933
0.042759932228854325
-0.9071195539564894
0.7097723174257808
0.02793464305274007
0.4087263535550678
0.6823188687851593
0.8208362548419534
0.09326705873432473
0.49890160792852867
-0.007566868372292035
-0.41566341198935564
-0.108397236064248
0.3304984455009319
-0.444616551606448
0.8191574708495266
0.8880198273995976
-0.22024105669599647
-0.5809242456265691
0.31776620886545115
-0.23411680369244703
-0.03809170041241927
0.1385460709561661
0.7026611765958719
0.13531474949765898
-0.5011945054144233
-0.8338537810077726
-0.8593226231789151
0.5554935689618536
-0.7457819456241308
-0.6691831839191942
-0.8519626710017905
0.727742308751147
0.06227867444279611
-0.2977622913835254
0.5110974249971854
-0.28919704351326136
0.08108345467661282
-0.8554716532834026
-0.6091826643698861
0.5956611331491581
0.45637402774238955
0.05356014388468511
-0.2315912241772906
0.016432593124731554
0.10531729428472114
-0.6538605059355944
-0.7037121171180889
0.877486919931131
-0.7977590103223506
-0.5072014681012311
0.171326061020461
0.42062601693044255
-0.6546866994695917
0.4401729891377453
0.15075243536164074
0.5913692010368439
-0.2768060348989356
-0.9614572642887633
-0.840064861332694
-0.1957430460176972
0.31815055165768413
-0.8881526318402975
0.6663062247641505
-0.8267438114611236
0.5121785648707389
-0.5708145673477041
-0.6833049464494421
-0.06035189250331796
0.6990285587445928
-0.6239580056570548
0.022235842033033082
-0.41492938878030494
-0.4452025118396006
0.8972891453331082
-0.12212359371638315
-0.12353746667513477
-0.4485957218917169
-0.31334671854049523
-0.45223385107950453
0.662044953682017
-0.2518017759429485
0.3002822417386162
0.9976190468457735
-0.1168168222951802
0.8943169896573269
0.5153501725395024
-0.6124353110035992
-0.8656335859525817
-0.3226115450577607
0.9683680722449273
0.6820454673137242
-0.08888451170769707
-0.26226017700561544
0.06137447193814194
0.9168173050038335
-0.25687189792595344
0.12686474730897168
-0.1585925312192742
0.8633861984684086
0.9366444631346591
0.5626158766918787
-0.3284743929507241
0.34564909232242047
-0.8140794367986204
-0.12289808474408415
0.5662715816157926
-0.2262183688498578
-0.6916576463499629
0.5367110999923466
-0.1316551409217126
0.7812730090875686
-0.03966093259671433
-0.8139097943304605
0.876595131810157
0.8223495906715705
-0.6797139811524555
0.9366275246970572
0.6312694501171461
-0.7489739714960977
0.9255825725925271
0.5900746686893539
0.5983263743523553
-0.33872680067363037
0.8925296976985007
0.1284709186173767
0.4123600841439752
-0.3652434485950753
-0.23113254782484538
0.5851176275401524
0.7575590584734204
-0.8030323602670875
0.323640182846741
0.5636647244304858
-0.4638320974154093
-0.9790366883888919
0.038042863088122214
0.452683586250858
0.03545631074454647
0.616204467484506
-0.9728907992728149
0.32621256419109734
-0.4535794590519404
-0.6809921559839196
0.5623904166069498
0.7514571616976882
0.5218651386479205
-0.20424853722415803
-0.7859774426213098
0.22661831365823604
-0.9254075458568096
0.25888543748215187
-0.07391448928361388
0.08387280693047239
0.18311711290410804
-0.34171654673738217
0.15231062018017671
-0.8404819335615743
-0.7985938026711517
0.11197615987844034
-0.0008526143128135821
0.9529495216369506
0.32708114271193356
0.04678789465521116
0.038643371181167785
-0.8470113972798978
-0.10468128460218984
-0.47815096834175197
0.16910155014056527
0.362369360333497
-0.15545700717584876
-0.02800476450710576
-0.15278728483257908
-0.35889899084608357
-0.05575598703139728
0.3510256346358456
0.051924540093338356
-0.13967155768853057
-0.015476676641833054
0.6603115729515066
0.06992410614874989
-0.7635050306994693
-0.1490793295142736
-0.6442037221324393
-0.597386196772326
0.11334396889215226
0.862739545546513
-0.26465627333590436
0.30948982411448456
-0.2681822409017791
0.2239239558415529
0.616634578412105
-0.8680249620990972
0.7226051440412877
0.8958205270754906
-0.4231000403526559
0.39906862502377893
0.3329563195660761
0.8803443911392115
-0.20206855961389802
0.5702970562153833
0.11511925369398401
-0.8211147024380288
0.08643349339231277
0.282050387429172
-0.8390421065610598
0.3568161991750798
0.5374713070320651
-0.019652530786772537
0.6880948176248141
-0.020145294074610742
-0.45632845891530627
0.9765902616920945
0.11899201236177803
-0.35923506145578266
0.39537264782762804
0.22962479137463765
-0.19244593583973657
-0.1773536584852431
-0.250985108941431
0.3177043214459674
0.3916536562460078
-0.2387127642132847
-0.36707476838791986
-0.9514267870695123
-0.6159694180807531
0.9754751590158663
0.9471505910277653
0.5215186436778791
-0.4255448287102026
-0.6312990086322838
-0.23004581689562742
-0.6072523353542119
0.3081748452653219
0.34203480754236915
0.17562204031096829
-0.31182300356192183
-0.8098216061944277
-0.5602668253605312
0.7944343184691494
0.26850805598118077
0.638242205280094
-0.07203724947712264
-0.9091267867934039
-0.15513697941581683
0.957869146649208
-0.30471649668031997
0.2512878499307081
-0.6632833520719819
-0.4581881927769209
0.26026968571440423
-0.8759634021796767
-0.5576439869527241
0.5205034977961169
0.6171057214468247
0.07207907161355065
0.35379749470800315
-0.6218000941836759
-0.5939929107241213
-0.7694211914807105
-0.4090118448365414
-0.06917820286061405
0.8948652420105512
-0.8973263014115254
-0.9947698477835261
-0.207744272434655
0.39824782128186764
-0.6320603976028716
0.8271616611256558
-0.7115765824268978
0.1265050316050158
-0.6790603376832409
-0.30091439514359997
0.8984808708405119
0.5677327215186949
0.4220329129241631
-0.5939156496199431
-0.14833082008136733
-0.7624436638162362
-0.9889132272561283
0.13081043287758698
0.712918942565756
-0.6014400991611235
0.43145275778892933
-0.7411684477418463
0.603865983125645
0.5946819181908731
-0.9196431721375811
-0.20619837249812822
-0.26279643222447646
-0.4516205656443917
0.16384025882929065
-0.9701950942901376
0.8762178954090081
-0.004467871578167637
0.9264939727864341
-0.5189883938906332
-0.3527012070098654
-0.5165002722644321
0.5505660214338244
-0.25102019335711656
0.5767534647288881
0.37799827602757485
-0.8784841008755315
0.013223734020891165
0.4065483140424824
-0.5925074964168147
0.43604556323092525
0.12144814164158246
-0.7225057547737903
-0.4792898816419524
-0.7539665869576841
-0.115731687498839
0.7737506635724143
-0.4434669771321127
0.15786793364736496
-0.1605107413513409
-0.7020704957271511
-0.40287278390488224
-0.10810982107928768
0.2402110660799257
-0.8313626511379668
0.16867788042070608
-0.859380894466744
0.8153825692439796
0.7417277389933907
-0.5755585960748688
0.3875630142656916
0.04605565638190634
0.8787047718360221
-0.9285700281053699
0.5102612809885361
-0.10516541978474847
-0.9969288681954023
0.3856179226822005
0.061295627612281134
0.07526479000870401
0.4208273167722143
0.978161353075069
0.1565938061877472
0.1250044989432626
0.7302499085160452
-0.023581504781472695
0.53414297940603
0.8827998470630314
-0.11932743376357613
-0.9219581505412762
-0.8618159992098027
0.3351261193781687
0.7867811880142972
-0.39966722300469204
-0.6542220863021628
-0.46502707475954685
-0.5025684671510946
-0.9111410539825755
0.9099815655698082
0.24126870294685787
-0.5657403050176781
-0.7146362946235916
-0.9567101613383759
-0.5704003871001868
-0.19207563293351293
0.3062592126934971
-0.47195986186186567
-0.9295509601304424
0.1773584512529387
0.9979854930937611
-0.3186491307175445
0.5517942706723598
0.467122052066256
-0.7059829161031506
-0.9520875991371656
0.17845796815939297
-0.5695138110539211
0.38364754412507196
0.028153998464421903
-0.7560983904592413
0.09030300469161467
-0.5256462726536308
-0.4428719254125084
-0.9413284225066327
-0.086147634615928
-0.39646363522201455
0.08245916340376702
0.10145027402315243
-0.5655342060136863
-0.9161897907788425
-0.3389419802020728
0.9814901993749208
-0.3094643499715579
0.5796867141711741
0.5813313804465114
-0.735961155228956
-0.011857336209023295
-0.28374043575603514
0.7765401840069162
0.08922666027082227
0.41962507958100903
0.036888291966431064
0.9985283844824571
-0.8063675076527383
0.9198907836262515
-0.4397159441372622
0.10326557874406728
0.40238195344202343
-0.40227230762993815
0.31097321866962724
-0.48344931681811754
0.7601226740516414
-0.6585497976845782
-0.6580239565536581
0.07448229787638838
0.9409567712935207
-0.49206399671610157
0.6333291580482636
-0.9833613290970136
-0.18487351717561706
0.9196253487729233
-0.8128195564200573
0.39309355611032615
0.686682905826907
0.400787916509485
-0.029203723479745536
-0.722614237862168
-0.27636039532788637
0.636412032607619
0.08969679322644986
0.6021588638191728
0.8291624345398039
0.935349866525427
-0.18551191038675352
0.5872913760672112
0.8246036492307502
-0.46022094272142167
-0.9490067946402443
-0.8596258247947508
0.3368480658202877
0.6209443524557485
-0.6860618174006383
0.2736241559756625
0.40771095231049315
0.9828206615849424
0.6677806758070115
-0.7898214295323218
0.3813193352437201
-0.8944412848904446
-0.20555112989843316
0.4802997276369696
-0.954049429528856
0.875533950564122
-0.20038378819200586
0.29862451423409575
0.4407544756380981
-0.18259314099242885
-0.6377016292160673
-0.24670118747645353
-0.45750730530958617
-0.6387918482550115
-0.9628803706694624
-0.905686536734108
-0.6101621081019546
0.5674587683678443
-0.8644718258785129
-0.9304518115821399
0.18296809689385962
-0.4375256857743137
-0.5712805661259424
0.17022733922746336
0.4940823004117991
0.9863612398072816
-0.9915483643947494
-0.3119256079587962
-0.12886956544939032
0.06220288130597318
-0.21885768643932124
-0.7038589723505888
0.1464657307933106
-0.2123693265752915
-0.7531881077888092
0.8498089982801471
-0.6542272006424421
-0.4458433718781405
0.998281907429512
-0.0841097249471583
0.5626722892747338
0.6075562013995321
0.3498985649445241
-0.863422251868156
0.7229011737645941
0.13880506889243693
-0.9258376891298199
0.8288908160862576
-0.38260590631935143
-0.22139444735469205
-0.965335678893712
-0.11417349753299355
0.8621966732743536
0.4629892759598151
-0.04894073198288318
0.15352995134331238
-0.8476549585611548
-0.12731731415165104
-0.04623643755969353
-0.4368577346454896
-0.7036697439405308
0.2538988601272041
-0.4915031918199322
0.9044518186377024
-0.8014770257706492
-0.9505268266267748
0.31222660181372897
0.5467704546096317
0.7269085978117455
0.931262276124317
0.32711412579441257
0.6426602052510628
0.19506670731118958
0.6517708687930632
-0.9800100103823104
-0.8853894294551303
0.03523072320825715
-0.5566272460108994
0.12743908601969167
-0.6541096052185518
-0.770942317686327
0.4933894607455416
0.4544225225597447
-0.7140498713010228
-0.02106757377449542
-0.1678279389822308
0.7993725880580891
0.33095795911519743
0.13778233727366573
-0.7435974801924039
-0.7443691147183749
0.3904463715120601
0.5967418225712411
0.5195093020389487
-0.15767507665889147
0.7671573205409115
-0.9008763761271072
-0.9434374380086188
0.7005456313638323
0.8113906823263999
0.4116401161460217
-0.27990347411582106
-0.6739245613872205
-0.765597905723866
-0.5558136904661666
-0.43831509669571433
0.6648778750956179
0.40637366047601553
0.38714744692658787
-0.1421500696577751
-0.18351663773493487
-0.21083421680023462
0.20703434170915047
-0.8410030631149301
0.0012190795247262187
0.6813872916996415
-0.7210811714514731
0.8407517231205242
-0.22867366362588615
-0.5179890341480407
0.8680421851378908
-0.011825854231551691
0.27331601944962625
0.22486967909980993
-0.045512905424736516
-0.4536296934244364
-0.06484551257721782
0.7892720759624403
-0.07883530324714605
-0.16284450470928435
-0.2426271638286075
-0.1558498815293008
-0.24573873882352437
0.8710120982105933
0.6088181176122112
0.9284305807205728
0.42884779114686866
-0.5605185284805856
0.40523780152809574
-0.7936212212890272
0.8337820259364572
0.5288154480690437
0.5691461671343645
0.9104380351056554
0.8190802337542114
-0.5749888991410819
-0.39648719461627646
-0.7163725471286959
-0.7787857886668066
0.9873987689860091
-0.48829530562601464
-0.2937140286028119
0.4034832140177258
0.7444905292927266
-0.4326109331628738
0.9959800286129172
0.3823648487730489
-0.7335882169009003
-0.3876714795960716
-0.8098298458278472
-0.9673556047073864
0.1443882810129551
-0.6167020303698134
0.8886832985415725
-0.9141945863270582
-0.8944424340970576
0.6855755523176308
-0.7995161002220303
0.23629818792080326
0.12109630095812429
-0.15506314686351907
-0.8489041959702208
-0.4143450945567675
0.16251261617709445
-0.354634171793339
0.3322151167035936
0.07385994354885561
-0.5462003725577211
-0.1745236463334361
-0.5909896400653656
-0.08543459211800575
0.5034862910682765
-0.9272672039150127
-0.08234490468356936
0.07781716013896278
0.5312144794394988
-0.8175237623300162
0.08584769143818138
-0.004123995335045372
-0.9282353972115289
0.8035676865336707
-0.336196898536157
0.31574951012829433
0.9158283056566812
0.9978995371378683
-0.4552279129194321
0.9246818478764223
-0.7754794029968353
0.8215094719798475
0.9542305659538504
-0.925266860041231
0.4505498215326642
0.21522761717485817
-0.4033228430858473
0.9373134036072215
-0.7014535860951774
0.636024177723916
0.3305369269498377
0.12187669176771276
0.17140809180313465
-0.9948406525992337
-0.6175931395507503
0.5821522191111685
-0.7101889730679545
0.5145788147766301
0.6727367355940959
-0.28024684880821193
0.8208526458346164
-0.28642829396305225
0.22843162484629298
0.8263584038698817
-0.26324694498608214
0.5506930228003473
0.8260207067130572
-0.8597828357281156
0.38900873719788076
-0.7775795991215848
-0.21715597304594914
-0.3546937717605827
0.6032765689003179
-0.2418429134768223
-0.9078603965329886
0.09176541993410092
-0.7816504739837216
-0.05920994628761189
-0.9994237541463227
-0.7403295703539929
-0.9115402449581154
-0.5022583432323933
0.3877386354675203
-0.5978140452907228
-0.6004620135290644
-0.8583970833359003
-0.4261101891470638
0.9506801340954569
0.390830110143795
0.24465422512765622
-0.06051335365258703
-0.6878788497564539
-0.8588070175897304
-0.1631600806425333
-0.8534831060238204
0.6687213906524967
0.9741822413417704
-0.7586872894361014
-0.8736029848530442
0.7287693164981641
0.7191646291949145
0.795016914395547
-0.18316038618926478
-0.0027032352933120674
-0.644525507399627
-0.7689887565640163
-0.012752648673300726
-0.04357333459729906
-0.6539861988706153
-0.2502209215018354
0.09012086440156009
0.5280086679017038
-0.48515214994407563
-0.9168415089722148
-0.5917912816625361
-0.3484732415219194
0.16807844637103608
-0.20545522977503983
-0.07726636195696712
-0.8239864826376369
0.3283794389256809
-0.6963648480590041
-0.5941875159246388
0.7237433017570678
0.5568625640049871
0.9405151266220915
0.7950953075150624
-0.6306868745340546
-0.604252975357366
0.4168464640731795
-0.23762291104236288
0.39427731019593937
-0.7437251086806946
0.20929618345586554
0.9200318485696404
0.8441591962347852
0.6109039243629726
0.9458062824358731
-0.8434615085331465
-0.5460161478448897
-0.44803291627231423
0.7201083638946599
-0.9710659867068907
-0.23195153471511776
-0.8462404930654062
0.8941662205970586
-0.16181876170877718
-0.7742982552118529
-0.737758800247998
-0.31358065130339074
0.9707842402638467
-0.4495525420313027
0.11577585758839093
-0.4844265291988308
-0.0965000484544738
-0.5602704641360012
-0.59981729946047
0.815045610988989
-0.9443109858105654
-0.4075412077349434
-0.7819551390197459
-0.5958427362096381
0.37047657651981036
-0.26105758196762974
-0.5777724689140649
0.3879052437031627
0.9043393645976447
0.8170058223886967
-0.4493636777548433
0.7420549607739026
-0.29971410168624457
0.002826109966533208
0.34727379684469684
-0.10328284407866639
-0.3003271760564754
-0.2649592528448481
-0.7160854438527673
0.9172031779277003
-0.4781798793277132
0.4758967941814516
0.012530541804279371
0.11715922871293216
0.9411324845074993
0.8150860795160284
0.6185558196262746
-0.8235608169303126
-0.6025528774884064
0.9969406676262202
-0.31927049506778626
0.04236216077929855
0.21955467763735514
0.8450182279657288
-0.9909362125502277
0.6240159601827107
-0.9161758467191103
0.475286686366607
-0.8763271796518994
0.7314546425239334
0.13124323263953008
0.9114403379372649
0.3456606496697954
-0.37248224934389906
0.9565668224550554
-0.5033515336103254
-0.14784182006376723
-0.11603966066575233
-0.8043540431148162
0.845058101619975
0.5127585470952083
0.48079880184523094
0.4972336318868482
0.3796983587602687
-0.20694665242669696
-0.591486803519413
0.15470657436380275
-0.3319455637374078
-0.021225422276437422
-0.7641278405695151
-0.8411015841128975
-0.8329849498369821
-0.6062841736122768
0.42129558859149974
0.21579245962121374
0.597136627770712
-0.6183846459454649
0.23599312048166765
0.1400706508691658
-0.6776320204300135
-0.11012792608670052
-0.659636758092917
0.6532773933604534
0.5444642178579324
0.8216161399319151
0.06518763135204031
0.02245836139324542
0.5369065754297151
0.7686118694644319
-0.2640980967408917
0.24984264015518387
0.6157509741475573
-0.9725222543794723
-0.8924798343233156
0.11052534964266503
-0.07068666396147183
-0.3899418792083613
-0.07042670377540405
-0.9627113135963792
-0.43883811618440705
-0.8426757424230005
-0.520510281067821
-0.0008726638180194257
0.9512652744981824
-0.6830632296517665
0.6933050988448961
0.587892281342445
-0.463724391683195
0.4921386135216508
0.8592897524042602
-0.5364224778064164
-0.34978023507308054
-0.9111735164234305
0.09260200734496693
-0.3754552570688967
0.5154241262664527
-0.5044394047477596
0.5988490316705597
0.3328238700150763
0.6327428808270481
0.595198297823148
-0.2212447669132085
-0.21595369726590996
-0.7100624610159567
-0.1554486871311953
0.08558225189844482
-0.7047722156328946
0.2403722123749501
0.19913341309604204
0.17054370486246606
-0.05948554095073888
0.3966141603147342
0.0045923395073939055
0.3144830088428108
-0.4427793867159624
0.5806348064009621
0.6093634718641208
-0.16074315135741246
0.35974688395494425
0.6113387944527968
0.7198967217222485
0.32752558770460505
0.29806821995573585
0.6777598399581133
0.08497629182620492
0.008779658327328077
0.6509384570350842
-0.27881175901744926
-0.6340530592975482
0.19487081209257417
0.19424930031663634
-0.3788593273441483
0.03246030381264564
0.6394675468091242
-0.6468352287096617
0.2814859958327809
-0.41032137986793016
0.9420991973492701
-0.4307666790531752
0.6684219090361938
0.7861694712930547
-0.0787878260691679
-0.7501290803259115
0.46630879829798655
-0.30476229482466066
-0.8386831290767585
0.26811297419142033
0.24745249374252687
0.17470962201496643
-0.7786913539684914
0.44715363125964736
-0.20147278461611107
-0.3795696395748469
-0.10915475382319739
-0.6784223231904647
-0.8070689570998646
0.08476118002047106
0.9947988433145911
0.7256854669823889
-0.9132598231154714
0.5468284803070556
0.5946974047389273
-0.10563533336855069
0.39385128024116334
0.11318229402370106
0.9358517855267761
-0.8239440369033177
0.18304554798949035
-0.24598504438600122
-0.05643843637100843
-0.7136648989784502
0.02400481486199002
0.09206266900214954
0.3654029915121473
0.0322882124547339
0.37520297262627733
0.8302765001852004
-0.6587817973975059
-0.11565868596906204
-0.7655001038443192
0.6132332460139427
0.6923114363720269
-0.4707349037961992
-0.3480611948397696
0.8703055693435207
0.9527204956972117
0.8525383404300939
0.7340874213971853
0.21569863804307032
-0.25485460287498984
-0.6776409132898906
0.27198394875408693
0.3485988824270798
-0.04519871022347122
-0.38839556646668827
0.8259625530006851
0.823386882369453
0.621594122701393
0.8594577666256271
0.9157881352859143
0.5009552497569463
0.48735498233377017
-0.21692729976931036
-0.7517260633067062
0.007414120699377635
0.567114141236559
-0.06140151584746367
-0.39387544306047406
-0.9155515028667203
-0.6719257206790763
0.7267714508347369
0.5273302215803557
0.3118230355983922
-0.6738325452391281
-0.9547566566350008
0.5722386316888557
-0.6295803470766024
0.4654469185539567
-0.725398898014616
0.8556052137790819
-0.5620094242921638
0.7141620663398998
-0.26374224551942627
-0.760355848363941
-0.5195220563810501
0.5410919774657281
0.2342472617273368
0.31693001753873085
0.9730144439082014
0.23829437286691735
-0.33790118868704044
0.24489336898307967
0.7148569821668513
0.800479973586012
0.917391485460854
0.267980131239101
0.40429842865408716
-0.25134734586119833
-0.4707307512864909
-0.2679483687553037
0.012849533057162521
-0.06819882730018612
-0.5340698090110845
0.5307848954686327
0.1907042721420109
0.5801828641090618
0.13660587352131714
0.3332243952835978
0.02565808300983874
0.03485538016789036
-0.37126760519306834
0.8618002438259231
-0.6868791006648176
-0.6609995573718705
-0.6882798878641505
-0.12224716719092665
0.5734178577852571
-0.635914961025474
0.2613944945527047
0.5864509873295343
-0.433054695201897
0.12060673249939624
-0.36067195365937077
-0.3713079565457693
-0.4302308837167528
-0.6845065080894608
-0.9239204478054981
-0.4111409823789818
0.954534195393181
0.4502109424002414
-0.09564772347554418
-0.6444210135917838
0.5691262314964616
0.5930743601594215
-0.778728527042057
0.2008075044150428
0.31369757188671055
0.7607485306670179
0.1264573544581724
-0.10413513722545553
-0.5030614338524897
-0.26787493115428074
0.730377535325403
-0.5285952768333386
-0.9427981548930018
0.26375096184695157
0.492746266953753
-0.7077623127981987
-0.8976775556277288
0.2528268258910773
-0.11913090816869953
0.21683298014219066
0.7189945390038928
-0.2923038010845531
0.9819471591124365
0.7505969379762325
-0.046006324963198786
-0.1396574796896839
-0.7348606199709604
0.7677599694459369
0.298261267399738
-0.7611998708101448
0.7073250623641429
-0.7474773962711203
0.751207893310988
0.3814503017537352
0.2706131167318684
0.6755895387046214
-0.46010211414245616
0.11500858871703357
-0.24712462417573122
-0.006355698665012621
0.6331548615005733
-0.8981877977137867
0.28589656973340927
-0.5748136726942867
-0.21365369493750275
0.9115695187242137
0.033028772882574886
0.3356505588547729
-0.8921932708103382
-0.22804087957055508
0.022719479426626776
0.6556160020316284
0.36166956210701606
-0.33285610474717364
0.0052869954384024975
0.8157322550258528
-0.9602811435807193
-0.5472400491345955
0.5298268655948333
0.0628571752727829
0.10335402796507043
-0.33599906345911323
-0.3484665724263405
-0.6272224112326301
0.028476247768217222
-0.06184495403965573
0.4676419961921823
-0.10776421193944885
-0.07571845840432179
0.7732696297364117
-0.884099021398342
-0.50818877104526
-0.41177031263895403
-0.9998931771136133
-0.2526314278598505
0.12175275299403387
0.5919701092989056
-0.654838356312643
0.05627580659044673
-0.9438952678381469
-0.5287923757282147
-0.8225099671365539
-0.8271721811760748
0.17652017279325705
0.34305213018140446
0.38508298346035086
-0.1101987025439708
-0.3226091710463972
0.6899214530587141
0.9767911437198125
0.20764832909019315
-0.9005405541175457
-0.4653008736879747
0.3219650685339239
-0.4842075847036078
0.6036946470329883
0.38431128073846077
0.3200186043166835
-0.8564188534001209
-0.6527390527642756
-0.35929561810575694
0.5996318055373959
0.9362888845505726
-0.7872457489823603
-0.35028445950517795
0.6927960116954137
0.2518974443433293
-0.6352352673635975
0.7596858927640462
0.25893713578733424
0.582167180440865
0.8952368265281574
0.12028138053037352
0.35913493822865017
-0.6309895656431905
-0.7729050761177132
0.1049259016490165
-0.7709569002821652
0.8492243443441072
0.7875937747054091
0.948730448664113
0.7886247072872261
0.18902618215605105
-0.6188572181575338
-0.8508707468447758
-0.13277938011835322
0.24101847891934125
0.27108577918067867
0.6782053829633716
-0.7532268710081951
0.6076430548342464
-0.7062329369045552
0.5112324503062273
0.7332956076428476
-0.4742103617278217
0.5842711593231475
-0.8904529686042142
0.6293262027280149
0.12949750457142328
-0.941693280826158
0.5952260484305136
-0.03952358983868476
-0.8500817730402617
0.4835120418532064
-0.5662898497546047
0.7157139473015837
0.5345542637023082
-0.2337229131491818
-0.06492874008262794
0.3145532291274167
0.12134676985584814
-0.8769289495938675
0.5252531023318343
-0.14401580314339535
0.8591306707781801
0.43380524033533985
-0.8801731808254909
-0.1604466544126779
-0.9440459109127193
-0.8090184019787723
0.08078821344840836
-0.6440089411784753
0.4600554000660093
-0.9560074235839691
0.3954874090153979
-0.805488561698519
-0.4121641408630674
-0.43909743367578336
-0.09132649570257523
-0.9594397802141799
-0.5957175655329963
0.03231494117742151
0.13030935656991138
0.5094201090533823
-0.6163212609100746
-0.5497573002985632
-0.0909682781972041
0.4773534260159453
0.7284108145650272
-0.13350571529367494
-0.2981755301022486
0.3390975051865879
-0.6873928583400255
-0.4193886719485269
0.4187413317002333
-0.8665567599511708
0.8630936333613057
-0.8421551988491958
0.756968089225958
0.6472790380347186
-0.7920320162425907
-0.1703848133681516
0.09832874784357148
-0.733510704739619
0.6438790915112798
-0.2601643571327861
0.39126609592355077
-0.34411415537920464
0.2720846112742823
-0.056556623580085175
0.07358451492564844
0.6990843707788466
0.4522034324708155
0.9009020420370331
-0.1800431789776875
0.0012035749282559571
-0.3522918461578681
-0.9462030423303109
0.8518218161056288
0.9385431246027696
0.9864626766859472
-0.4632467132055298
0.5108171016821492
0.02145508869495849
0.6957302134310226
-0.12184733075441812
0.921633014188854
0.7041405173424484
0.756318987617246
0.23901841602927876
-0.016707590704992503
0.3317739902399215
-0.14209459229708377
0.13039073502640575
-0.6391452854019215
0.26427890724121994
0.1887547336131592
-0.49420996203187784
-0.4864565608096705
0.608385637098372
0.2965308692183479
0.9527921022158399
-0.4899970648170888
-0.5646672695137662
-0.07420993369556883
0.3897069626002905
-0.382123450504541
-0.09085734400794898
0.6615824476215062
-0.4755364768140413
0.19217578546731073
0.4390046456747758
0.47030774959405264
-0.6627272842962459
0.5006389652768011
-0.8832971531105949
0.6331001650590198
-0.0514115972143625
0.7569025754352576
0.5686782346603252
0.3112466243829084
0.6483560402670097
0.8413273347531836
-0.9367646924614887
0.9977380733953887
0.8609890215028959
0.11231816443682363
-0.9738131636450926
-0.8498759120920885
-0.8474875016859751
-0.5001438938889449
-0.18282394356911147
0.2322623282629026
-0.8653341229025182
0.02136682082277086
0.570183111728263
0.7903801284258225
0.4236900448871841
0.07936427142170732
0.39014620554408364
0.5114223393653825
-0.05445011663383781
-0.8899503631511541
-0.7783771746762638
-0.4302286586308268
-0.9934637172722245
0.30928132896732263
-0.4646223891205028
0.3959516702203456
-0.49396286524435085
-0.3681496254024681
0.7542209063515346
0.5493615268363645
0.6861302953026076
-0.7317110397053663
-0.1881195236754527
-0.7322539524825264
0.9464704815655651
0.8207595004799308
-0.8713999753766724
0.3605824378957667
-0.33636553472488395
0.916332466618955
-0.8269929884735874
0.1365304182847349
-0.2754704396956751
0.37253579019262806
0.5723917950966411
-0.1959783084154194
0.7967853360827455
0.05067598282907304
0.8717176039927974
-0.8582886396855227
-0.31713573103097903
-0.8229837968939089
0.6110608642346074
-0.6547534513408837
0.7558967898271218
-0.9781023882328408
-0.9996844380068826
0.06623366474846648
0.024768509598989352
0.49735685469318125
0.3054902102629975
0.8375672619264991
0.28430592151514067
-0.4032487013229138
0.574463935297894
-0.3833980524545695
-0.0842968538916744
-0.10940295211132112
-0.6797957393712997
0.014145394693448665
-0.34813402679413263
0.902821189606418
0.5780782636919257
0.9292284805328259
0.36970953926304584
-0.8436342501558032
0.5107998591503535
0.12738037454551554
-0.2899722712138171
0.07258453307365897
-0.8563005518580482
-0.9101906758382776
0.8626493437923601
-0.5983608492743411
-0.07312057292178498
0.7233596730892036
0.8839863644761581
0.702284188153411
0.18173160665133614
0.9618366004154455
0.44452047408785367
-0.5263110183545752
0.914858169430798
-0.09738620747521609
-0.8231914475946263
-0.9812936664665344
-0.6599969890995829
0.6667267280671902
0.3807010175383865
-0.6136032524325097
-0.0908074679411166
0.3186144876242136
0.7160867886678313
0.161059561659173
-0.5831554184824508
0.8787143013447178
-0.3726290298355601
0.3892533032982246
-0.3060980190755258
-0.8639504369233932
-0.4087044511049618
-0.45183595956376577
0.3286297771335154
-0.010238956439431846
0.8455240997686446
-0.13683821453205036
0.7010984044221253
-0.731302570889697
0.1752839454726094
0.5451695862829378
0.6250571434659271
0.8725772786935013
0.043457337266409324
0.9455926728466604
-0.79179828577063
0.9367963448893006
-0.7110991910657694
0.5131102939229117
0.49691231177310824
-0.9060583347196554
-0.24443729437502415
0.5451485777395793
0.36332856166541405
-0.35167688628856264
0.9590449894485549
0.1558388161742894
-0.2730378524657342
-0.3637476483672959
0.3165616189474689
0.3737883371698949
-0.07368624219140307
0.5406314737361273
-0.4964959748968918
-0.2629087385041835
0.38457872626171885
0.8178724716377765
-0.1874223263082231
0.4322783350633028
-0.18705629589391126
0.4305284209486142
-0.7380405092230355
-0.2535153942091919
-0.4575581761066665
-0.21531727340676876
-0.9397928282688233
0.6374068845120009
-0.02829221211677413
-0.9848407480714454
0.09566668621053953
-0.060899537582546515
0.9057278447232731
0.5912973060530138
0.6782830227474288
-0.5814150936925802
-0.9430901652459664
-0.08854448621311639
0.9516581171132812
-0.7682630508683164
0.704758373523974
0.48028348342743277
0.6324715748422027
0.6317671751360081
-0.6402317195683531
-0.2311184455144819
0.7938445566009824
0.04491699681629857
0.5366272581857985
-0.6373694318893095
-0.5422946175171233
-0.6617822718091644
0.12755355043960903
-0.8825367889743441
0.6160348395339452
-0.6597349286523817
0.08433434850863342
0.47660120854102495
-0.4175319330305467
-0.21173863375351187
-0.994021480821313
0.3086924795801973
0.43141901426275253
0.32172747557190573
0.9947239832012056
0.0541909720653464
-0.3363759079959987
0.012728169138054302
0.21076583278841632
0.5666893105716964
-0.5215625467298968
-0.708891524816808
0.24698490019333286
0.3424885098306032
0.6254158726426595
-0.5411079497841582
0.46752773272339065
0.8423197012829391
-0.40531605293637263
-0.8100974637513256
0.20999347158278514
0.9912238897415848
-0.40070045057614245
0.3822403927444189
0.5578883639919054
-0.16740163785576145
0.7400286547847401
0.4961433710775087
-0.4335717065305651
-0.17061245190560648
-0.48358508907565767
0.7129662003428865
-0.3815438943357492
0.5317552351620409
0.8871256507782828
-0.41761897508887436
0.7974274321874979
-0.19054971737054993
-0.5685428814331515
-0.15041518621484484
0.32030392760334725
0.44038517402643795
-0.22682436156295838
0.5076271636461891
0.6866546883466442
-0.02617877639875066
-0.8937175562619779
-0.5584918376961105
-0.11873514076777969
-0.9682611039689664
0.9529168432371569
0.7653893894058157
-0.4684775799834293
-0.7499586028342589
-0.7346342839517301
0.8194885855781413
-0.1486274033252475
0.7472615789329373
-0.21068851617756046
-0.2501885164956765
0.34846426184649815
0.0012301508508565373
0.3873621796323574
0.07071631799931
-0.34806876750616267
0.18698376305246445
-0.9871296919487929
-0.7364629101094977
0.11832822362557871
0.16300435508483724
0.25465042140926375
-0.8957385048150859
0.7604549900726041
0.004136145288838655
-0.12212439164305766
-0.7185420054866651
-0.6992672391094654
-0.8759553510342319
-0.3409891689571525
-0.9643494790557288
0.5101301157694351
0.8809481217337367
-0.11064790381114054
-0.07613394937090567
-0.6969551983590192
0.6691858112600229
-0.15260005332745363
0.9864495384309395
-0.21694879337088535
-0.11001312396383489
-0.44223923058387227
-0.3697906897976735
0.7216110456297935
0.39284127891895637
0.5733181750225314
0.9475806364721537
-0.8213471958517242
-0.35051396914517485
-0.9283958666800352
0.05843878346076359
0.5772535287655183
-0.35478175045753124
-0.4579332981210622
-0.8651852650656671
-0.41757943198413905
-0.22224281206504992
-0.8649452859658642
0.7930626645139196
0.5754358894195202
0.1690987522680889
0.9182658062947493
-0.7140355789491155
-0.8696747762039516
0.205649419948708
0.7047669637223386
-0.7164762853714925
-0.8145185786020896
-0.754822306137948
-0.16209810271362857
-0.8797466953709536
0.17007451400618345
0.010283995275335522
0.7161769076991924
0.4267084560784624
0.6002932708645954
-0.7193645107444182
-0.9458039403235254
-0.8646033589277105
-0.125943016182273
0.0825514294544063
0.7529754238568749
0.8817103394808936
-0.07479266705767285
-0.507102292496481
-0.7318507631732989
-0.34770885774587446
-0.8168003454661257
0.1700444326494699
-0.1839130191685039
-0.4926869041564863
0.7626712931701316
-0.5437629667203208
0.6862113034054711
-0.392596249576604
0.9366668158876172
-0.5164516585484189
-0.23214249493820804
-0.7127866450183173
-0.25601162550077383
0.8402188925587655
0.13421778552344676
0.3364063401983013
-0.5084986395736601
0.4949733412787425
0.45499742928766884
0.7265567135189923
-0.52086032915643
-0.31280148690032883
0.5761536501800544
-0.8394430140312985
0.07804235070398335
0.38577470749450393
-0.6694230598481978
-0.43574500078989664
-0.43849940713505475
-0.14294461342752074
-0.8152980353278105
0.6786611834699385
-0.9301500851697089
0.9377624047760247
0.8227864196520065
0.4060517410201152
0.14537343900736888
0.48660589020502276
0.7142421166309649
0.5859291311464323
-0.8168701301634325
0.22473728958821915
0.4313160650210861
0.14785541141326553
0.08392705665521483
-0.3515414119813258
0.9949092034676235
0.9817768094675223
0.5471468733668863
-0.40212132995387084
-0.9653368343399269
-0.846298105218646
-0.8565563922907102
-0.040838143839181384
-0.2738280911022797
-0.886155844320317
-0.5455942777619207
-0.0722227796791044
0.5045630740112985
-0.5943984033944965
0.29229904822712727
-0.6463928917145849
-0.8687951820357609
-0.6678808218555812
0.32126309961060207
0.6542729991181009
-0.22561131604002416
-0.804986462531331
0.8862525361782141
0.05118930286070511
0.20599296207239237
-0.8409248273010215
-0.37691213096118314
-0.3442591605409073
0.42795188963311936
-0.8664739704793494
-0.8385527313608756
0.30491862878472764
0.25015143490724934
-0.5197335214852075
0.6099245877911237
0.09263127229605317
-0.586360618216055
-0.9097698378135051
-0.22738397063437055
0.5929603313640881
0.29976450144826905
0.6335204382381503
0.5983838365320271
0.17876798575951458
0.2041529086589824
0.9285976841162136
-0.2826443471428479
-0.07786142487552694
-0.0639239438978203
0.9386967936399815
-0.26500380880140106
0.89996426913122
0.48762830630558773
0.8641504888291893
0.8334279998658718
0.28688584421371166
-0.9567284204051945
0.18059365238794722
-0.3839562778183805
-0.7242009635049904
-0.04247876813424245
0.9368693794697291
-0.32498680637739996
0.9808730374646617
0.4885267169210632
-0.6139241830217887
-0.22947828080967936
0.16880287675425332
0.3882961434068273
-0.6133480373036102
-0.5267292567961506
-0.9533604393212951
0.18644396234353944
0.7289780808335558
0.949641067600977
0.4638962644240354
-0.2779621011646807
0.42819042380732086
-0.7297287907775838
-0.2510476064125926
-0.41929470064466656
0.7318852189429852
0.41290040695116526
0.6184789110015128
-0.6618613226783292
-0.3177533150004406
0.7334307122522181
-0.8578171989432621
-0.8177337364448554
-0.5298949814978504
-0.21592174863200686
-0.5947049536123459
-0.2977562117430095
-0.36940436768664986
0.5483927492972589
0.7135274277410737
-0.5296113012570003
0.46905038043520153
0.8554569878045346
-0.5728825925172816
-0.304426484889313
-0.8009208320509489
0.7920937035773976
0.8019864146005922
-0.784217892916474
-0.7523076285257615
0.31246241479420855
-0.5117455945514569
-0.720641345650948
-0.5867297992629581
0.9705436061086055
0.6617147240107166
-0.061252821728891016
0.37635717720481154
-0.8917616380508164
-0.6391807832946628
0.9026585537896441
0.8905062557950831
0.48254495663736585
-0.2591363083410916
0.2641628410804362
0.4800844777269402
-0.6963299054442851
0.6272084879456854
-0.8468056603693641
0.03311803319768747
-0.940071509114254
0.1447942487787348
-0.5679175903999676
0.46170087231442825
0.014743946225477922
0.1695016111430414
-0.5734837966400936
-0.562112194201192
-0.9065823316413029
0.30516205464388957
-0.873557400878618
0.03254538484553704
0.2983342201220991
-0.8350835497636386
0.2896685839797284
0.12451977940637637
0.9841320039594297
-0.15446827080944314
0.85733965070552
-0.6765550521332051
0.7168393844088581
0.6454324111866445
0.020321222443156595
0.12377900725308177
-0.1859725168773736
0.8397806981785609
0.4645490423808154
0.27166970250357014
0.091201575386604
-0.46806630140213845
-0.5921437030370775
-0.3644040536455979
0.9938842750236174
0.6151910870572825
0.8133682238951683
-0.15668458969538301
0.9685472628823226
-0.5037095415129111
0.8852248991915048
0.01097780045614738
0.12211558235241449
-0.2753162685233821
0.08550093359736266
0.9820161428083882
-0.09617627432975673
0.3179828815342727
0.6403791992809262
-0.12872572987906117
-0.9275984993982676
-0.1842898196506202
-0.0101293389667938
-0.8970477107407206
-0.44105046564776695
-0.16254745034475238
-0.4532457119448938
0.8561478882973457
0.3121693930682248
0.8700377728771913
0.05928946617722186
0.9700409566421828
0.44328965815282184
-0.45641574987360256
-0.4533110703787999
0.3811244923706214
0.8931113299817488
0.16753857114558812
0.3727822418883584
-0.056403368275147914
0.7614204160159035
0.15362517595905723
0.6150361818756331
0.8144580330348334
-0.4887057247206892
-0.7101963341822259
0.6566854406679397
-0.694098026655201
0.7932141518662634
-0.47277138301099253
0.16568974483686993
-0.9260513470971818
-0.3976530661637139
-0.2262679406869026
0.1531445018959845
0.5509398408228063
0.6298010678163684
0.6496781468639139
-0.6195455097042513
0.34625930498241764
0.5087882743442722
-0.32826492345990155
0.24566165196364698
-0.2858313357140052
0.01899253391009892
-0.16684000675173327
0.04962426007421228
0.8948365167778813
-0.4536929271509651
0.5604531503687684
0.6697976033565056
0.07755076662161309
-0.49570536781034247
-0.3192326431991399
-0.44557110481912865
-0.5166564968022458
-0.09064619888832426
0.6337178630198947
0.6856007902067689
0.30383620791912813
-0.6552848829761979
-0.16681348994286105
-0.5643302610430505
-0.3108338313941199
-0.11012062343648266
0.013594294630668191
-0.8592739243555174
0.8428897928290002
-0.2812732908061466
0.6645695698717353
0.18627650108638583
-0.1840350656926535
-0.8262458152722905
0.4074570431020974
-0.3881853422532082
-0.1521652878971811
-0.2536824864234666
0.3348534594196595
0.8686917809443004
-0.8826980065611314
0.38729303489029276
0.6017184544486571
0.4244649313446833
-0.05881136472684689
-0.9017272072524656
-0.9134918692090066
-0.7672799960387813
-0.48632833557084676
-0.9716396340899012
-0.6482052331156576
0.31740881821616185
0.6525152570078134
-0.3212084338914287
0.6777391868090874
0.17860684421351936
-0.9769928697196588
0.8433780722433155
0.042041425924594256
0.7080571703897915
-0.6527529928422806
0.7765357160636335
0.17452746304331557
0.6053043749801423
-0.2755554613040525
0.1911052714541619
-0.3982085244550837
-0.5710507417483928
-0.9628392338470775
0.4699533324142009
0.06816298535698562
0.6235573736461506
-0.4245487968054469
0.3155199990109432
0.4263337802722995
-0.21019462168360348
0.5247758487808725
0.06625382765152232
-0.008512537416504262
-0.35374593079640726
0.4959340887698558
-0.11762165423250703
0.046523540503959904
-0.7400352890451378
0.30276489576110244
0.5917780165915385
0.19681377259025412
0.35851363855429597
0.2706460362121772
0.8226409630061344
0.16189078477987917
-0.04714064384857575
0.881748154044216
-0.5319300197311716
0.5727045692097534
-0.5584970500472273
-0.28964021852381383
0.23164538591904216
0.7210737729575241
-0.9299308141297848
-0.06320975311146504
-0.15244788769502327
0.6190251104553186
-0.49841631628520044
-0.6096532896542008
0.8661649675143928
0.133257459206374
0.3641250499559998
-0.8926286500621949
-0.32407132778705683
0.5788884316343412
-0.7795991048969555
0.9490977774876248
0.6435191512033049
-0.586800915081978
0.6309037651729679
0.8887017484768187
-0.4180337508880554
0.7758414298176586
-0.5453050472388057
-0.8215374055248976
0.5335162053991351
0.45031732520588363
0.9502364797038978
-0.02635115832630075
-0.4225500729323062
0.8832450721021006
0.3909808877716896
-0.8068033233137906
0.9589743838693325
-0.2876387799622113
0.48998237039634707
-0.9595037734032899
-0.7094651253339594
0.7887025046977141
0.6524353426473648
-0.9028267097123233
-0.33662529669230445
0.041443256207575496
-0.3602730785726185
0.7403353028322825
-0.2377733557287609
0.8056910063210638
-0.5839370352044637
-0.8325114690365658
-0.11012392189054654
0.9136659322789256
0.04036001634850073
0.4125845227682432
0.8335572233264286
-0.06062576958915522
0.0286842538056733
0.09603104414524011
-0.16240177838452263
0.9326353673933216
-0.25644037367332806
-0.4192395935289186
-0.9629811383828633
0.3939945114806991
-0.8194134009111589
-0.16097515236501292
0.7496553884554331
-0.6540371556594176
-0.670584717403526
-0.5462856480016309
-0.3931739174395221
-0.8408409836819184
0.01866745271862258
-0.8162616598187578
0.13044904825701464
0.6210415023070464
-0.12035616155043294
-0.48774362939488514
0.09945031867833731
-0.8508455332871694
0.006166826019679883
0.7324012685767196
-0.073660953647263
0.29346018069716506
0.9088893071059425
0.5826306603583316
0.7692438528425654
0.5491952626938108
0.5001447962223815
0.1798746179136559
0.05142639830013018
0.4801638057580879
0.1207103694110565
-0.7195961852835706
-0.17009404750733115
-0.5621515621230677
-0.5801500708550762
0.1923715511432964
-0.13567618678488058
-0.2577474199728005
0.4675411448541964
0.06399124559545921
0.3849064231857726
0.057347959308237106
0.2735852232183662
0.5180992811462386
-0.3653146476925111
-0.4398404736442161
0.9304104332758514
0.6756217698251943
-0.4288881073462574
-0.07829777730936205
-0.37754321345681485
0.3847275671193191
0.584468311774029
-0.6298953973010093
-0.47174884468179323
0.3484606704722766
-0.08937290913665308
0.8467607230260039
-0.752145843567235
0.37608459071127065
0.6380297184001686
0.07985742428688813
-0.11560493597231947
-0.7439036779437884
-0.6196850326067558
-0.11355491708569243
-0.7937324094221199
-0.7099621486064303
-0.7850722025103356
-0.2908191044575912
0.8743453442703848
0.526300134654031
0.6615018728289872
-0.12213018171221335
0.17821801727134012
0.18321392613324172
-0.09583224857024164
0.4028771510667666
-0.9594985653296377
0.35600654934340237
-0.4990296388849538
0.4014964749846299
0.8346323216081017
0.08102703889255825
0.8071658970961995
-0.8324134615574101
-0.210400487929292
-0.6106861658267972
-0.5129059349316378
0.12696019935675884
0.7639206487012318
0.9367446159229478
-0.2030330562246705
-0.7448074983091946
0.0114812323101523
-0.09648374735329956
0.5150003185762473
0.8849609979992246
0.4393538086651576
0.0019955379664975403
-0.9250431382225841
-0.9688677447625702
-0.7001016874933579
0.6106810123291087
0.9530560366923091
0.5653618825240907
0.19381431604651378
-0.02741751684779814
0.39210989355761816
0.036123951283073774
-0.08177910138065236
0.41996631033069765
-0.8618437099621805
0.1426397026477373
0.43303701904026637
0.827669824056557
0.9436726479292097
0.3742929166887976
0.14460838145961596
0.64533005031131
0.13241560370734073
-0.6254138276962105
0.8470940968019289
0.3463186463205534
-0.6106315793303929
0.2765492456361609
-0.9359082003237364
0.5561893836273333
0.7037294939101708
-0.012180125987937496
0.03809637721328962
-0.9169260753009134
0.7003389830441702
-0.026201058388037657
0.36015264594198837
0.06707484941491182
0.19842186017199692
-0.6341200051730724
-0.967243544759248
0.31781631566428503
0.4578507479495788
0.0231072900891649
-0.530948386392553
0.9509006991915652
-0.513371951575119
-0.8593366313019797
-0.9736520631890604
0.8102572822144742
-0.6215234487680372
0.7586393971786713
-0.4390496312758121
0.01420044516390151
-0.6181497561672245
0.21909182271809025
0.5804769796118299
-0.700209368534985
0.933695043725508
-0.24301763980462754
0.5507423340567545
-0.036401163251573054
0.749665472690006
0.8523642766687385
-0.17766443355237538
0.7703292249630485
0.454743068272468
0.6793216940468927
-0.7109051207355284
0.28881288938606553
0.47015950573890763
-0.9550695811887544
-0.3897372089523443
-0.2360893865516498
0.47317666593754826
0.7289965528342373
0.6596751460519208
-0.42411116509361624
0.7453745090332831
0.684951377466466
0.6489386113213198
0.5040594612051497
0.7891258206118621
0.1562442232852841
-0.47586140812710065
-0.42631885139672887
-0.9852413083844047
-0.744783587259392
0.989436009083293
0.4712552748503138
-0.5510770037207144
0.5960090010703063
-0.5582416555013465
-0.09447626969828349
0.9504638626288748
0.9373517527606516
0.7290317293341742
0.7015848265265865
-0.4314445973556813
0.3523944393292868
0.3188621031306247
-0.8797219129063951
-0.7545046024633113
0.8206849801613998
-0.07745999297478501
0.8377009805756499
0.32000533152440025
0.21508509154487165
0.07087991464389254
0.7330432429353417
0.653703734753168
0.5649044623707418
0.588169627960941
-0.19392414976770045
0.5399341198693461
-0.3669663147375568
-0.5542280148132954
0.3742130531306094
-0.3267504538044277
0.2546950797052825
-0.3703256273037576
0.8793732540176109
-0.6483931253055208
-0.6979582903994266
-0.030446557147179698
-0.828253078097168
0.7102760719904861
0.5935457135786226
0.3591861805836831
0.2668591578422017
-0.9046240101760203
-0.23156286767871248
-0.6453661484342987
-0.632216004280221
-0.4618503377435741
0.3038616334715847
-0.5381641064769478
0.28177648665803545
0.9937014980578323
-0.8318466210840756
0.5634329146928827
0.45814208473779816
-0.6184963514811506
0.06894756669145496
0.775844365609544
-0.8808664770671433
0.07486242516027164
-0.9794486371266744
0.3747675330786373
-0.4444822522172893
0.997414978570041
0.14469557733783422
-0.5384015953486367
0.909821821018943
-0.27586294223938634
-0.26756237388686044
-0.12237158973063211
0.17346425635900609
-0.649475130737379
0.9970633367640964
0.5206306130791307
-0.9241228895064459
0.4151903052663466
0.0604657550660761
0.31614531767275
0.6025129539324938
-0.40039944250337944
0.36281920651075383
0.43704772878398335
-0.7576846000561512
-0.9209699984184114
-0.23300360376384277
-0.7979700863339669
0.02354400412730273
-0.3645005426337402
0.618705533234549
-0.8905262309402191
-0.7576106849497175
-0.6232068626947547
-0.49071303007278266
0.6195413284481774
0.7626497057393877
-0.45172788237070094
-0.8028115723337725
0.6800726966424746
0.9366468323578272
-0.7522542996814325
-0.7270176830640267
-0.6597006725150987
-0.7746187266059363
0.3413785057082783
0.737861099318651
0.48989368577695647
0.15422966141557404
-0.8765328663898586
-0.9489811192877968
-0.5105760517881412
-0.61059893849399
0.4789421730946717
0.4424554701392147
0.5071049155513332
-0.7578536984728887
0.13817689683528522
0.2750944447790411
-0.7285103361852561
0.43345610112317456
-0.37061040213021945
0.7742444699608628
0.014560548872124102
-0.7592425453197671
0.9621002105865044
-0.010180574157025113
-0.36611047333147195
-0.6558707186952031
-0.8002509517486538
-0.4624310168391579
0.8730366499456932
0.2352144730809036
-0.21487309264926235
-0.8138036124049599
0.38085178673577347
-0.8312212139410708
0.645775718199135
0.1614611795464358
-0.5526712882138065
-0.7160972213161914
-0.8163359165181929
-0.34275022729210103
-0.0411574467658109
0.28305630828702255
0.9999504784099524
0.5808962759241223
0.6261355558450283
0.7119512696069783
0.3240414491326775
-0.8223961174724153
-0.4134037057723958
0.30591685868729845
-0.506375064910392
-0.35266071795427045
-0.7587979627892927
0.3051674458239939
0.2953272507290037
0.3753624514693492
-0.7556703742617565
0.7165527130814753
-0.06335283899464339
0.21278577727331127
0.07465198440590814
-0.826617442287318
-0.18686510262557343
-0.9568985005532555
-0.787789261421757
0.6300510116736027
0.49459105508915724
0.6767846904886368
-0.794921769082173
-0.30441367214384507
0.6037083852513256
-0.5819912592825742
-0.7720600990375481
-0.12998293800860372
-0.10825727880760017
-0.8963052618748752
0.3353490127977028
-0.7806275942391179
0.8486285507862457
0.8780904252068673
0.924086843455524
0.3485299196552867
0.8040454210880985
0.11966269495812076
-0.7256476012596758
-0.9452438293929109
-0.47526662551582755
-0.3041269424492268
0.9046189210659734
0.2953017298220497
-0.9406224544380692
-0.9487360773063449
0.09415459913637769
0.26375414694001886
0.4110734685478319
-0.6190676624565901
0.5333839262736162
-0.7098254911881676
0.37919428450345327
0.12622654398163724
-0.5908486752226747
-0.08877709313015902
-0.2534992100868312
0.2761760015725596
0.40591113457489625
-0.8972545006382993
0.9974969720491704
-0.36918983789183146
-0.29845566433640713
0.37532466248392615
-0.07136433394467256
0.4335465743330651
0.7607055121943338
-0.14872340195362033
0.8922470039219295
-0.8565247074730715
0.9608525804034451
-0.07216617736879627
0.615305601857187
0.7805855068034884
-0.3785811691894736
-0.45788653634329424
-0.9621374592643881
-0.5434388217071295
-0.3036887053066657
0.15304645077199086
-0.7387991201702429
0.5956502586922261
-0.5038576774504848
0.4944194132846276
-0.3810078237606809
0.2602530804769232
-0.09077894976992384
-0.9129824272070866
0.3352928936128794
-0.9673089027995008
0.11229447164134054
0.7332571975602666
0.019142098316770495
0.9282187305554308
0.679743847801141
0.6549185084675293
0.1487266150553599
0.88385461168713
0.6507924506178273
0.42328752088852517
0.9063352180930502
-0.7270514097924048
0.3892443201091671
0.08622943910380432
-0.31073063181469096
-0.9097984542235129
-0.9720166453491954
-0.19328154995634472
-0.8153491701399389
0.7280050872291925
0.5712589469692473
0.0397468158093468
-0.4886469048307289
0.37201020212076363
-0.7994444024672258
0.5933548127381989
0.49694427330013546
-0.7400006031101465
-0.3150939673587074
0.08139166626183059
0.03672188691832101
0.2458208167015019
-0.9642563252527696
-0.97370847626898
-0.33534601586098267
0.28976679963523133
0.2196924320373279
-0.6283368959057727
-0.12225360349880465
-0.8700362401723571
0.8006371777320516
0.9519382273494263
-0.3169959833660432
0.4846994345562221
-0.3977714089665709
0.5516685763156137
0.35441161835326307
0.6868416441043872
-0.708833417570077
-0.7522925709150241
-0.19957727844425843
0.02645595513619914
-0.3727663781704509
-0.5123473968682195
-0.4587638980975821
0.9966955536505271
-0.5493567408333981
0.08886205103628719
0.6363030703124808
-0.9581655768832908
0.27369903234120385
-0.1650071203506016
-0.09258995197592879
0.01976505893161362
-0.6055601804053898
-0.764237537229236
0.9625460462596427
-0.647397787725773
0.5374992183223593
-0.9001000746580721
-0.31830962467804036
-0.6944960349308396
0.285328691649829
-0.19980825098195787
-0.3239563015943574
0.04718978717554401
0.9643514482545223
-0.48356029010634094
-0.8964022496239037
0.07422591459249661
-0.283685230655748
-0.287084166195567
0.23221327087690935
-0.270803599372891
0.16785849355720517
-0.05837442358003053
-0.4858728394077594
-0.5126087996921098
0.21141729907004203
-0.3086413153543037
-0.9305297843949127
0.9769118111670576
-0.4066850430913431
0.415438145348241
0.336962619967079
0.3282845512150332
0.7337074707513049
0.4091591534292689
0.3994973385825351
0.46399408411644094
0.5890392085926637
0.5098684681399601
-0.9650121242857497
-0.2559395390746
-0.3596488331964427
-0.45924785821710157
0.2051815552542149
-0.6348458416100777
0.05260590032870738
-0.8552843356920461
-0.8042019485503769
-0.09454773532182159
0.3937217678178244
0.7068202240004147
0.8581582291576269
0.16733867367983035
0.8073759864253374
0.8185468186642657
-0.632512050276065
0.02731965834783967
-0.7187010403865639
0.27125237246316813
-0.32989129920006777
0.0018722994651241276
-0.08190308526469492
0.7463833137736886
-0.689431094552498
0.9006372088452115
0.8140362933330414
0.780278065795633
0.6515561329384139
-0.17933214096095718
-0.5608981251193255
0.7043117326236572
0.2302551248372473
-0.35845707619819067
0.2933709970277609
-0.9535150145355418
0.931328099832569
0.7403856412199343
0.9448782569389274
0.0629201479592647
0.34795311659331385
0.4203206492224121
-0.8657014387608919
-0.1314604103976993
0.0926630877410255
0.6637341405224553
0.012483100150917803
0.8362388918324404
-0.973210036791615
0.4422080366172816
-0.32714897811666876
0.6731067532851263
0.5180104249836315
-0.3045204266564461
-0.6716951265230207
-0.7595484275960656
0.8198192939750368
0.18214244735007123
0.7509885919442854
-0.23771464587395075
-0.5107376875972507
-0.789416045522235
-0.8329596752812558
0.9568487687845413
-0.24799370215547079
0.6575901344107784
0.6764052863246348
-0.21961195434991287
0.7819324229496307
-0.14802806276341407
-0.5548258572748614
-0.903274566905899
0.3599226369769406
0.6409218859552961
0.6250618277990365
-0.5949809950628004
0.16192281027013178
0.7446989572128133
-0.8423208244382205
-0.20713115003718108
-0.409361481477317
-0.0830986251487642
0.791174272143305
-0.26969000940012466
0.9668708705418874
-0.3409667802120775
-0.19334664096015697
-0.42857085392883687
-0.8164713194275355
0.863426616637399
0.951428215621327
0.8182871705746113
0.9950771214165535
-0.31958881588238275
0.9099682864428369
-0.7089150296131164
0.008877742218560192
0.44380104064119963
0.6680511923964818
-0.2338102636935846
-0.7026745771088099
0.5092876028204696
0.7402343818130697
-0.47590116113264336
-0.7970804772269038
-0.2139432113982549
0.6147123250249635
0.774156710853469
0.8406717452213475
-0.2720933345530818
0.37493846406466624
0.502506260804052
0.8039688387965784
-0.1960073365280206
-0.9727300793311706
-0.5747464709935182
-0.23431579235843225
-0.31938163178036527
-0.2159393859720069
-0.10476885563435312
-0.8315334758806521
-0.15514337166610237
0.6472068340895729
-0.08083642168647165
-0.21971215904989605
-0.5490519312649718
0.77074021055179
-0.6326493281021632
0.7830923435783654
0.2851747036975174
0.8583783083307468
-0.546803290975133
-0.433234465109515
-0.15380970238738767
0.834930288376561
0.006487487383800561
-0.3688829677775278
-0.3106783715551764
-0.6287347121057723
0.05362558672133333
0.9984753056859386
0.19698243990525421
-0.4311354392173996
-0.1053239311152061
-0.42060284213415744
-0.0005085060467631131
-0.5683747496696352
0.39895303915876124
-0.17058074862605754
0.8814792492359831
-0.7684552363571266
0.9111620406773213
0.8974512746598542
0.886210760846744
-0.044268512977645
0.5450086695472862
-0.909759188179774
-0.5705614643878332
0.4930222183184647
-0.33042800372027314
-0.5901848028864125
0.8617721728628214
0.6792038186033251
0.5598092522060103
-0.800362804111775
0.34493863194546837
0.6146600643280462
0.32709447089648136
0.8412317083678293
0.22193225802456729
0.7730381122252705
0.25536618993826576
0.2750388988164134
0.25532412048920583
-0.21447500423941301
0.02250233063188034
-0.3765101971912794
-0.39696792432331907
0.5768579222725732
-0.011990243548179569
-0.9875613754162214
0.04603124660992686
0.9140865112982199
0.7115548320384193
0.8033575622921609
-0.388240971727684
0.5982784157502221
-0.9487061023158898
0.703907063243264
0.7529372703890673
-0.5945971956665979
-0.6621087956218774
-0.43379193350261813
0.07471073836204845
-0.13792175941556994
-0.642821399217175
-0.0013503268586110284
0.8312947395691153
0.9359055403973555
-0.7165418850305043
-0.08644424045519017
-0.1797960789906783
0.49556729119761544
-0.32674209803516696
-0.12951036663686621
-0.08590568256880271
0.9999956877141383
-0.8882536682805107
0.8258677077332051
0.5520835942155762
-0.911440611906474
-0.0228382661461084
-0.6824783757648063
0.36120790980484196
0.5155267143710001
0.8541430054247594
0.3325452833662814
-0.1729714516779539
0.42498201796836166
-0.175733520460432
0.8851288744634909
-0.08092596086399628
-0.13503507656989022
-0.294732023881612
0.6035107931987855
0.9796505563974145
-0.060821806956450786
-0.7635929075379047
-0.489703058779009
0.7958207451763992
-0.6844098211086529
-0.7799535699684885
0.42675557224809046
0.4820590163092928
-0.7456397292362531
-0.6084498576015407
0.7220889019214007
0.164273198031331
-0.4896480170716855
0.8547475090526566
0.4540044136134358
-0.6514110376437607
0.37825721893546027
0.18931622780838153
-0.8253141424744819
-0.13903443111651992
0.07603466090250444
0.8167762485722883
-0.15462787305764958
-0.3974937528389535
0.05062488669640963
-0.8538080897063898
0.156572514704594
0.8096731144237383
-0.3196062308804526
0.29061520812394503
0.025662285189060663
-0.8579990720189166
0.12386308974410332
-0.5927167904469928
0.27561092020674516
-0.966170631481601
0.9897922130309116
-0.5578168834447423
-0.5219953395616328
-0.7682604439449916
-0.2124997263519035
-0.16454123006108734
-0.03339704857080328
-0.31963465819848746
0.6494392938680349
0.29474435719489445
0.6698862264975205
-0.9194426904202264
0.5621520627765391
-0.8266823351475296
0.07112452684717852
0.08617655451358952
-0.22905301962036484
-0.2053673629663495
-0.19480656549753506
-0.634488801545106
0.9886681529556836
0.09502907023180907
0.20974942094189686
-0.16661358265233273
0.14400284121122575
-0.8729654395146453
0.6848831801757354
-0.9730932273894202
0.08506999658608416
0.8204173235343173
-0.1182230729653655
-0.2830459992897827
-0.23018251042202365
0.11060638267848755
0.3118835503454114
-0.9434743831569607
-0.48287495888781495
0.6137998893341927
0.5395886937965333
-0.8046621690429208
-0.22264094539916313
-0.20797095588195913
0.27185645166507566
0.9723160665524044
-0.8046064495860148
0.5992456079061748
-0.2052554458236573
-0.34424271756267544
0.05234423800479182
-0.612359574833347
0.8712310853505101
-0.8237008805658546
0.6179021708987349
0.5639337724884206
0.8667806835901286
-0.418509680255154
0.029867481983020472
-0.9602798742802685
0.1238121527120073
-0.9878194732296122
0.6901050456239377
-0.043052272576362016
-0.4758969099003456
0.7387621504059938
0.16534855250690783
0.4182199345763016
-0.030406797525013518
0.05989573461435671
0.9891735353035698
0.5640469598891187
0.6991885461432701
-0.661476086078459
0.5263839749974459
-0.512347482119565
-0.08039845426906944
0.6536357136891073
0.07692525684778517
0.19674440858170184
-0.715426497780417
0.1361576123304442
-0.5401196429382913
0.33883147360798094
0.5126786211646375
0.6573606321683483
0.37254687054063385
-0.3266950132334152
0.8333634665820246
0.8109458051406209
0.7576325055699991
0.23522593115678303
-0.3161527833410296
0.4691959684737457
0.8136439742500412
-0.5955091766714526
-0.8756329720983866
-0.7503677071415007
0.4932163149185076
-0.35523289245026457
-0.2083744842567723
0.5327662866897951
0.40027824569590464
0.5864928167993635
-0.10957733332987951
0.03522253290464117
0.6599940552571526
-0.2644706855208092
0.2802354604281856
-0.1507993008447397
-0.1308835712930343
-0.9059989547921017
-0.7789802232641876
0.03373777742099482
-0.8324002264259325
-0.609196441907331
-0.12427776132073909
0.17076726906661088
-0.5428408253324599
-0.8214730326320427
-0.07870520290210603
-0.6064287758739761
0.8519826262989738
0.9877383987929991
0.11976349107244522
-0.29586552983530257
0.10182845040077337
-0.5002204866041153
0.1422207618367417
0.26873872180917213
-0.10520009637401251
0.463277484906061
0.2654423400725723
-0.8800873638193569
-0.7710197965912364
0.35332831790868435
0.6829611764179091
-0.5151625086297189
-0.591491667636183
0.9902979410994677
-0.14318646261746526
0.21882576014408084
-0.5976811688104948
-0.3565378873777758
-0.6316235643063963
0.7059844171794882
-0.4762339321543443
-0.6112938040599423
-0.26072710814113265
-0.10634121167010369
0.5488254844627118
-0.6539509591969237
0.7790501860485683
-0.35460873711995466
-0.37980859552401114
-0.7424514320473885
-0.8622783240794907
0.279867120605759
-0.15036985274247527
-0.24021365487249335
-0.6260956446713473
0.22268579081945483
0.5330373366641468
0.575971762343223
0.32739878462478167
-0.10190842996195704
-0.7159563007502585
-0.49541793212224494
-0.19723979667337543
0.5967165781199562
-0.3453211653125794
0.5268509124706469
0.781305881130594
0.35131461684026766
-0.8997836936948262
-0.20340043843944944
0.1690977767378241
-0.8886989581938685
-0.9405881760267396
0.5313163095733433
0.3470289346151274
-0.22873260020193809
0.09829700848517797
-0.1276802500356904
-0.3879584779756038
-0.5443500482385186
0.8203581321670879
0.9678121925684948
0.17221216512452542
-0.5482460517025609
-0.2720533169347741
0.31046073037726907
-0.014391751288396426
-0.8579817353711672
0.40203292180441874
-0.774003521498605
0.7213339412612538
0.757360274349185
0.2862441813793397
-0.14859866787960052
-0.5082307399910815
-0.9622235833436219
0.3577950739540108
-0.8377952275084548
0.5007009460979102
0.34523356078174094
0.6880087441590113
0.37037351971315857
-0.5738956768879506
-0.6403616042444693
-0.9569334204792226
0.7809033453327023
-0.005995420224406578
-0.1454518213310365
-0.4337391936604078
-0.5424543321381539
0.9706713712107298
0.08497385809352442
-0.17785306878914908
0.9572297340965619
-0.6045471378766956
-0.9427025585284978
0.4491161964339001
-0.45634208664896625
-0.7441307150739769
-0.1993007936209017
0.015238429890462202
0.22037999843689393
0.4607562799342182
0.49165223552053927
-0.4508943090344135
-0.4162925050752939
0.8882549785744891
-0.3398124901394479
0.9454422430861764
-0.8006024714040485
-0.8464842936513328
-0.1383955102353993
0.4391288691505817
0.4692419055521222
0.16944407165047903
-0.8540815589827242
-0.8696102965313728
-0.3751084984888322
-0.5072487349340835
-0.24506249285396575
0.10082580665004182
0.05619148092851134
-0.5325792104889864
0.9455647886183947
0.486632029434545
0.9516407141742609
-0.22656584712074723
0.8732790637828327
0.9424855482946748
-0.14302192729466912
0.47122125922483016
0.06193547142603695
0.23148341786469384
-0.8910853267812027
-0.9473372736597319
-0.023497295248979366
-0.056306764265593
-0.5198767498044929
0.010137155016408883
-0.0940455973891201
-0.011768783768485669
0.6944033866006751
0.6979975547038915
-0.4624938185184042
0.015147099847749201
-0.31667512630134387
0.04962789294442227
0.7046945865016461
-0.25596532713804465
-0.09808319761426354
-0.43504514894411495
0.7993964811407868
0.5130512615600293
0.5615226380285885
-0.4925628727111999
0.11601116129360856
-0.26555446336151434
0.02374979167196334
0.900509141078305
0.2573570795953668
-0.6560961887616374
-0.9060207965760274
-0.46699495265772595
0.7147918275585727
-0.9104047365733698
0.5522910994514434
0.3720794735238462
-0.08951193329761509
0.6022129146823056
0.2972737659197273
-0.4720201232295662
0.02181453392006727
0.022095340973002475
-0.9868086892788173
-0.7600861710155502
0.5214117442067097
-0.1488517996302121
-0.9009351445684455
0.071392387578739
0.5430783139987791
-0.06252735305408863
0.5812940257013879
0.879236537517502
0.9995064224822903
-0.5413265129980454
0.4063097644860987
0.17987930107802264
0.7414954954488249
0.532925402757815
-0.09712848421001863
0.5253134512155422
-0.15264836276326665
-0.9821204698552437
-0.9423262795546397
0.514571617606447
-0.4957666370067395
-0.04183632076048882
0.1799613761122898
-0.5206587373870537
0.9606917114734073
0.5004501935262176
-0.32893909079304073
0.473204803858464
0.7110420990818482
0.7549822126123011
0.16956524387365723
0.8519077345700623
0.26384173627309604
0.36378489063791997
-0.5675777527357542
0.5278083162593104
0.2906998990653238
-0.9834265721598225
0.4623533989065436
-0.565804780575186
0.795815041825078
-0.5373843125734494
-0.11256583347770932
0.8301609252467761
-0.8409299711016658
0.9965974344126696
-0.2254921422092948
0.005594552170122835
-0.48463861971058364
0.6294070150990683
0.8670881980585234
-0.11188357097023771
0.3305057853972002
0.9660838924958541
-0.8763564028633484
0.2603836161671884
0.6052169159442453
-0.37993619962971725
-0.3039472283840854
-0.7377312096097424
-0.6569584403837201
0.029338079488048674
0.8887033948610925
0.1606770322852067
-0.42599246581829253
-0.986687443279747
-0.10372861834024327
-0.3472965721515884
-0.6541954562557462
0.3016453013821718
0.14617041055026925
-0.8044694397636003
0.4243906742294541
-0.3068666976502681
0.7776353579835122
-0.2223078941383807
0.041105321046712495
0.6151328027455183
0.4587666132596808
0.6057376769173308
-0.868963099274294
0.8668050807654353
0.691214205067842
-0.23165621873287168
0.46643119302582736
-0.8749248495683051
-0.7925652017904949
-0.002058552200112418
0.10331770294357745
-0.0948547011176899
-0.3755996232502754
0.881321560905947
0.3413662123202803
-0.7632486815764088
-0.3461997300213775
-0.17725149998033762
0.759414451266847
-0.17687235915134591
-0.6435064249652731
-0.44684026505257357
-0.5637706677333467
0.847776994584168
-0.6395286777780527
0.5357112786191471
0.8148654662599895
0.4688847017773434
0.27622856112442595
-0.01417713548489874
0.4733796628496516
-0.32599604357147016
-0.5345744738695553
-0.03889603090817961
-0.23290554554631981
-0.2178215017880316
0.8030346514797444
-0.14695541800881018
0.5578268323558577
-0.5621616852146207
-0.7095862647086002
-0.8070847971556971
0.27675672883301017
0.4338494117020577
-0.44544152436343754
0.12344287975874946
-0.8359242773362394
0.7597368251490999
-0.035013025831205136
0.15594831044417434
0.014365089798951791
0.7743115916611516
0.7979017684683358
0.3786945448888275
-0.7974159040329669
0.35676993948344804
-0.8673479169898901
0.18867432193571054
0.02539214795001188
0.38105328617509393
-0.03828664508541668
-0.16205528465337982
-0.7177487047078506
0.6581519233851278
0.7456183855522449
0.06633485240589021
0.26268653658396546
0.02209305977521403
0.8318717214385423
-0.030057592546915313
-0.9447317663771799
0.184420711081984
-0.9774790111994796
-0.671189588348106
-0.5482643292814011
0.21420583888280587
-0.9593639034564241
-0.10859279769503205
0.9867100007161347
-0.6953230660561236
-0.018528241118196176
0.9205460873763076
-0.7422076870104117
-0.6197699502292424
0.8196153306329117
-0.021131382539484544
-0.3687315291157316
0.08072615777613645
0.426513682577103
-0.804250536820001
-0.14797268608248038
-0.3121331248679382
-0.21889770151695775
0.48905583641431405
0.678883772263722
0.6927519588155211
-0.10754570452339984
-0.8707134052584886
-0.2633699317200706
-0.761977370554112
0.3395672426693108
0.9838630473873982
-0.11688386699990816
0.6687597352147583
-0.23232978280544447
-0.7673975126760777
-0.36821312285273966
0.9424667387956827
0.04722200409253152
0.18783895364538084
-0.19688953247178187
0.3013847281889468
0.80529678560238
0.02288828419141975
-0.21114078342191833
0.5617519633664303
-0.8131488931407314
0.49426318069909203
-0.8690183823406306
-0.6705229944206814
-0.538978477026667
0.42984371305252744
0.5457085187745527
0.8815125333071514
0.3685385773851444
-0.9266724163689783
-0.7387934858545744
0.2822455721121526
0.642096624455555
0.33630020190543175
0.7738171801428633
-0.5506011049020303
0.32338535122925594
0.7951299657343804
0.0843630395308419
0.13314223981736606
-0.4358157421027362
0.27999244946720125
-0.2505938016538771
-0.38922466247121434
0.7025165994049625
0.8585742976235735
0.018144112738716744
-0.3699101690208473
0.863901220986121
-0.4196393764145525
0.6944290995810039
-0.40091103895038094
0.5226726884007267
0.25706237928630826
0.8471837433686842
-0.6416244729800864
-0.009275743534653325
0.8521132240836522
0.33946389465075777
-0.13304136021079982
-0.36833543736478114
0.5000845867504315
-0.1813409416526961
0.12109208877355582
-0.8476178152579266
0.9388581416386506
0.9983956760977981
-0.5749279297145609
0.18337587752527895
-0.7397822190456558
-0.38663322007140066
-0.8257360907639635
0.7235532998463854
0.5916700988993255
0.4856992347196183
-0.5944313185151608
-0.5925625385627291
0.6059465732157112
0.9273543565758813
0.31756513272279974
0.6788189865936292
0.04090023184820657
0.20141569727095288
-0.4015611214914885
-0.4269003784353431
0.14111804905364433
-0.879712108255442
0.9300301096713206
-0.9522066783768643
-0.40671309619435636
0.5924856583411742
-0.5327282196799574
0.22036985429462486
-0.7817018393916573
0.9090723712413487
-0.8138572973658447
-0.04698064939136559
0.33606600026551536
-0.14399597321265545
0.8517553397595843
0.4094680141817213
0.42304947273102633
0.6539781503595621
-0.6736538326203647
0.8902598385992229
-0.8414188056340184
-0.6645442096501302
0.5793172115329517
-0.37373909133375216
0.3499809188459697
0.02105409573549588
-0.945270925229933
-0.7595904681850252
-0.9046704713006235
-0.6843379886538363
-0.42806000371728814
0.9953936152583125
-0.2547653741808229
0.8086035697421687
-0.8686264510703774
0.3284324524652027
-0.7478982080290393
-0.6972480065710778
-0.18900839755566423
-0.4951493994827767
-0.5622050395442504
-0.1703097403050664
-0.6934003556018644
0.21910545159183714
-0.6875170808558799
0.9824395912569479
-0.9238874253058096
-0.16268991047896897
-0.299346547418895
-0.26583360258778743
-0.17088879821494984
0.2855270941547414
0.274708679624573
0.5651090814975486
-0.8922503453146147
-0.6207131379785769
0.9424856610295678
-0.12030786205827959
-0.8657761242215243
-0.8978450511995666
0.8118109839399186
0.9505020670665549
0.8422054853248131
0.943295817313454
0.7586003000299275
-0.0328412834271401
0.9422880314781727
-0.5327165885493619
0.015277339225953979
0.05700197744570357
0.4529061783721613
0.9666778496305368
0.5504535094001879
-0.09378176099610758
-0.49018688965174784
-0.5882615527669683
-0.8139817867371957
-0.7943509299222629
0.29406554654924477
-0.8564954274501781
0.3525595320561168
0.7510094635867366
0.11263235435555385
0.7074391980924719
0.3930760568750655
-0.1930543837285661
-0.7862022118550147
-0.8748324108445802
0.43881524313143494
0.6838687333547289
0.09297262252687544
0.002462753061094558
-0.024602818463439258
-0.3419541878098882
0.5936286077631756
0.5226065976681984
-0.28115533963060724
0.17917316836735964
-0.7608554135488996
0.26113009308374546
-0.14132661910346256
-0.5283016174730131
-0.5892297108993267
0.03669469456855423
-0.8859390690407656
0.295742399438099
-0.8646638009686927
-0.27189601247279716
-0.8419301756517663
0.7160533726556975
0.9735224221500438
0.7555291679028553
0.5231422946773423
-0.9808625883925206
-0.9022928054855768
-0.9627707115060271
0.807528458344613
0.4137824443658811
-0.86005081551016
0.14255483083408205
-0.4172072999990122
-0.13157487428696268
-0.3429666773118507
-0.13337119645015982
-0.32158734197166416
0.1834348892934663
0.6199621715407748
-0.6126203551709619
-0.11159667489765068
-0.991731883752919
0.08386102219734459
-0.16607879110934443
0.8750751596074793
-0.8734945516847807
0.9662599608687961
-0.15395805468064006
-0.5894892425973652
-0.8354193262148704
-0.7165408612745565
0.7210775235278308
0.2667823626610226
-0.6533193704897999
-0.058280709443460754
0.929641135130771
-0.6118080251496092
0.9707992322572203
-0.15289576146200545
0.8026796167642227
-0.7786743831084404
0.7351155563789078
-0.4498781044526776
-0.9917441755605652
-0.8143553738062557
-0.7087430299256581
0.37081874933844294
0.49517165676059793
0.7663660110070736
0.8078557208958548
0.40332694212625486
0.9636872434154076
0.9963609967284082
-0.7423739820279855
-0.22459173816452394
-0.675259129782235
-0.5323651077192528
-0.7319482259124259
0.9708068682836988
0.9835897385790464
-0.5357908563449343
-0.7170645912197786
-0.7965454272706378
0.4307127670860331
0.6383955404058643
-0.12571958855983523
-0.9377338417286822
0.4097057222149698
0.0010481535492501415
0.9992282559127319
0.9892463460901475
-0.7808593648513609
0.10196079340330155
-0.5957354885387827
0.17616205499508197
0.37518730045433224
0.0864953447848773
-0.6158138757241249
0.17976422710724993
-0.6162828394764492
-0.3017045717513218
0.009142535726496703
0.3471677069108132
-0.50074665996625
0.8169798089067908
0.4673983347693247
-0.10676088146906948
0.8370190489778897
0.7233200624601426
0.058929575998608374
-0.7169904068557158
-0.33745189479679016
0.23931209584637902
-0.7508689223552079
0.04143715647403812
0.06756159831297803
0.4475526692951388
-0.5732952867737098
-0.7591105284078532
-0.01684336142865428
-0.604625064704476
-0.7397464878315765
0.03759134050833368
0.28618317488259515
-0.5498930719677717
-0.633821476942164
0.39909176293818094
-0.08514089406075698
-0.38762351732439826
0.5530352473770088
0.7635582317390306
-0.05545322523193086
-0.2550954532213985
-0.3622057395336933
0.6115837288120449
-0.9462335288953678
0.8528675039926414
0.3783794089751453
-0.02741866822598804
-0.2962303281998673
-0.6342119679606009
0.9603362696287907
0.8419330150105855
-0.157968282899841
0.6681532952126734
-0.9188721654943728
-0.046375870194854674
0.5930934973024256
-0.6837086569547701
0.281937558939628
0.16774036905257672
0.8981644677712102
-0.44515786059992957
-0.7897026089936736
0.3801171998639188
0.7299091383524647
-0.05605307492127731
0.10199580280666387
0.028422662093715356
-0.15858674800779915
0.5017153524796356
0.47928978806318967
0.3769296464725622
0.8304406555043276
-0.9989065635807128
0.6671516265832627
0.9036650108307382
0.5017237512383927
-0.3923656144464498
-0.003787180682849778
-0.4360735246584979
-0.00752473083823757
-0.2605297382140186
-0.0679264483658395
-0.09050704229416451
-0.66764031495515
-0.207017230257746
0.818403850320166
0.15098582020260976
-0.3094301491809024
-0.09796505947066891
-0.4885908020687111
-0.45204884455484917
0.8987112861321087
0.447254254676392
-0.7591912424053868
0.834844010457503
-0.2446621372127027
0.18315719536647768
0.8714028756784682
-0.4197925977525676
0.7752542292644844
0.7933475858291059
-0.1673217326780656
-0.6756126593868983
0.7503617412822063
-0.8797380539805975
-0.8072046521824698
-0.712415903937041
-0.30815570475926735
0.6131454335294286
-0.25251680261296383
0.7272626208063646
0.48893277250227496
-0.8977876136538523
0.20300748176078875
0.8224237265716854
0.01600681130251913
0.151728262821339
-0.5278399064006287
0.9908058611227233
0.4125990064330247
-0.05566658046735995
0.8778987293732452
0.32700197786058527
-0.9297510970144425
-0.5893565864855317
0.7235754354905224
-0.46096791990936237
0.14946543264412204
0.6666166707836965
0.113459122335128
-0.7394949729969851
0.6732576969657234
0.8102736993174602
-0.23950826214852938
-0.7472842743560444
-0.2046119113379119
-0.9874310444156751
0.44030211741123515
0.14293604537746352
0.19950168798020562
-0.5126910044002448
0.09153817456759139
-0.9539840028505393
0.33442946225578374
0.5535945666488342
0.21823962457461654
0.9731010053403928
-0.344810082941138
0.5946396103445695
0.9772765292101078
-0.3437921586000532
-0.7931858549498931
0.17083557357198997
0.21012395639363213
-0.18171468732727836
-0.8786046170811803
0.8684961546971819
-0.1603415514002986
0.5673045068432245
-0.6776200017139118
0.9555817844072778
0.7820186374372982
-0.849148511622279
0.31358892264952964
-0.920817448821704
0.9772024567546
0.19841648785857435
-0.029082748202546638
-0.7902058217924084
0.8729739877596652
0.2574654275675543
-0.5107335382575584
-0.7014166480888249
0.7727753236306383
-0.07754848177839113
0.9910910091713718
-0.47582216551778167
0.11598863624333511
0.1155503023336748
-0.3770549673819703
0.154885239026193
-0.2729776999833051
-0.5755761403604447
0.5671691846926941
0.4385820197684276
-0.27492101881596187
0.7170198752053771
-0.35526014947184414
0.9740401915895831
-0.8718323197802997
-0.4020705042099981
0.4909449107045749
0.37938980223227325
0.17880871189714465
-0.7391891551085612
0.0691070889666614
-0.22851127618161926
0.5797497903561231
-0.07631517996214687
-0.9968368852059206
0.18622749231933078
-0.49570742475310414
-0.7899142079034578
0.6327313714049587
0.0963886144029289
0.10287865676047248
-0.7253950272596124
0.10440293978596449
0.7755565451143518
0.9831577677494416
-0.017612789119842764
-0.29485020802107664
0.8553918167350838
0.17519270888091132
0.9973558715268134
0.09366858690730506
0.6459499327407796
0.26777021250106436
0.37132898261217484
-0.8960336791448051
-0.1217089691611879
0.3872880924443536
-0.30593857422389004
-0.05327251808618061
0.09847899387557302
0.6532347895238213
-0.8117490950294484
-0.3667129895129182
0.10847086090098612
-0.7994342633593077
0.5997056245287895
0.6713433713702517
-0.9259706030427945
0.6939122322202278
-0.5913307676935502
-0.6780139779433927
-0.956507438305044
-0.4153906345094127
-0.6441839930188997
-0.15990596039658578
-0.14364094304870578
-0.6560319421277456
0.9453494176451911
-0.5192046103367169
0.5604912502303696
0.18441157977257672
-0.3895369363806138
-0.8352458518212116
0.7209054086948516
-0.6368580481819088
0.006272669158189137
0.33423184898594704
0.8475027855866226
0.19342943136861734
-0.5975067954981865
0.5018703864652718
0.3743157834494901
-0.6467175567808141
-0.3759643471600913
0.19259507763525519
0.30905150974772133
-0.6926601255937663
0.7561800296001853
0.1183424749156976
-0.5381761629204682
-0.3070258184179546
0.2564897073824177
-0.677633417103302
0.48680413411304735
-0.36916833158812556
0.5663361925809256
-0.8297164335823661
0.5673153019198967
-0.07451943792990945
0.16313134069829016
0.29068274268474714
-0.6309413560487349
-0.06353949708870776
-0.6056108560529248
-0.5317986461656412
-0.16920833988166417
-0.7858495544277979
-0.5549318638838756
-0.34922600253500646
-0.5596271135136177
0.6839032668966079
-0.7232184048650652
-0.9027476006631878
-0.8630475158229889
-0.822667575784872
0.2773733751026306
0.7771375057866732
0.8356734052575121
-0.5111359370151536
-0.9668531495308661
-0.5750948708515924
0.05256709364593548
0.6496018608353538
0.12292523171635428
-0.8776252279525938
0.6494919818112246
0.25931081387060173
-0.6670830534799961
-0.7275879194749406
0.25109072325849224
0.49276305399588516
0.5156227004863168
0.583249476758265
-0.1693749673639453
0.8884469885772546
0.8995000246795424
-0.8097244641157804
-0.8451332892218708
-0.11413482125659469
0.27746132422616876
-0.3348313841451067
0.8158243576228787
-0.9057939242509847
-0.30396587097830396
-0.8975421036119444
0.17816857872106406
0.15325009942022683
-0.8663277833496232
0.2572719860635968
-0.07699036424237193
-0.3568825497560375
-0.9437424166403954
0.6069975997727755
0.2555541265514849
-0.833376646464129
0.3874715427043185
0.6741951685695069
0.7044504276296653
0.7552869964068447
-0.9535003652552365
0.40027127121063466
-0.7854449426302001
0.6525617712974641
0.4508024581338852
-0.3128457507551108
0.6783220928283225
-0.7729359123658721
-0.6668759300503853
0.007324612969440425
0.5547274912162983
0.8657120217606775
-0.8800592126168179
0.042591485108508964
-0.20944119293203167
0.6041703230373114
-0.6097647016329346
-0.8900311948504103
-0.029963281060988
0.11543160689291487
-0.12235250150452526
0.1787794991537992
-0.4315006940789763
0.9088377839418569
-0.014296190274337928
0.7870139773514897
-0.7850595325184182
-0.8135064984632276
-0.44828225121089216
-0.7783413484246811
-0.7554676941659946
-0.23712420904245235
0.07614987346063895
0.5869357883864101
-0.7582183809926832
-0.010364468126565995
0.5037040026417599
-0.8715727620999321
0.1320423982939345
0.11108298938531735
0.5875473911958105
-0.4083069482528108
0.4455844050559641
-0.3213781277718848
0.1922955075714412
0.6330915415166762
-0.06485942996015037
0.7517829869365209
0.9210729214106088
0.49008862949711807
-0.3976483356410847
0.7346235137135746
0.22821895749196708
0.23533628498455883
-0.8880750186150861
-0.633602116032971
-0.54089154775749
-0.614173726122013
0.4639729806856303
0.44214098614256114
-0.047052706217834306
-0.9729856877761931
0.5470907950207788
0.6275061156923263
0.7012080560628253
0.7874434811476838
0.10130912353466082
-0.2878990511419044
-0.1565729053102951
0.8374741024774848
-0.24572005972189603
0.6824152062854263
0.6871059244139921
0.9711087440066646
0.8711905126473622
0.33893870367257506
0.05490347653139804
-0.33882812401660756
0.10526202727942979
-0.7992862977781845
-0.25778820588838536
-0.0995871800905701
-0.8302718479797613
0.9634908739238224
-0.11498296493851234
-0.09737845717600968
-0.055285849776490315
0.9939855768828445
-0.13318194583962328
-0.7364272030230743
0.8216744432134329
-0.8573641768343911
0.7018044413872753
0.4193952588728389
-0.7931733437551409
-0.9325537490090727
-0.6549102846068025
0.5226233904510409
-0.5002254393553038
-0.054460135001624055
0.8420301333680291
0.46772212310005745
-0.531951448889967
-0.21894935475391497
-0.7121077945922929
0.0012180814966116227
-0.35623971190163695
0.6591244482792182
-0.0661855111068137
-0.9576852171217847
0.44230497579184536
0.8621183613369223
0.3036475010563171
0.12259089029033632
0.7799166160290476
0.8382747752092632
-0.1422483234861831
-0.9986539622828858
0.6429889279711354
-0.3647645526323755
-0.4787707371394003
-0.0672990034927865
-0.3706487110142389
0.4929237580117143
-0.4048952018489629
0.049786718181612954
-0.4829620823391132
0.85289229908091
-0.5260448044134114
0.18145293388005035
-0.4385845897985008
0.49058813753980735
-0.6637129873054302
-0.20228786506426566
-0.17187449676688615
-0.566654226230551
0.7876502922745945
-0.808451718313707
0.9290056034414254
0.0446103380253835
0.42915591335985526
-0.5435130665561247
0.7603543836384326
-0.5335683049468454
-0.44140239187889696
0.4011627267808897
0.23140581913067715
-0.39149969891759784
-0.8411167663507475
0.8319819619830986
0.8035406199139614
0.1476581058039208
0.6885693945144038
0.2343943440793852
-0.0756984433360155
-0.058021873330867724
0.3560316332260385
-0.8219743342665942
-0.2609796146543162
0.2349007815834565
0.9277629528495546
0.2942566336928587
-0.7652432334820407
0.6191029309076099
-0.9533458939426565
-0.8382135450090669
-0.7911876571691576
-0.5149977382717357
0.9362047759730452
0.8233254221686928
0.34637560882606233
-0.01486874369446567
-0.11023828286678738
0.6016361406945989
0.08191151129522267
0.31687695690477224
0.5707872429671261
0.33187676531609966
0.048952633754295816
0.6946290370684001
-0.6686838482078405
0.7077493107537549
-0.8831332687399012
-0.8849727671943943
0.5580919005078664
0.9034808795445379
-0.7184525457147575
-0.36090017029317156
-0.40240156578059194
0.6313146321676548
-0.8963823675199607
0.2824544162354752
0.7123797746694747
0.8884155778136562
0.266790946292522
-0.9480979653352741
0.9942336346277325
-0.45622926342034864
0.4095771667984518
0.3333060204212295
-0.9925188372391636
0.7674017088819871
0.730928376344838
-0.16744597976058206
0.13410842457868521
0.8724326909185984
0.7962990579394984
0.6289673650767504
0.48192541852045134
0.46826610202234753
0.7233027891150119
0.04177105081542587
0.5010645478527926
-0.08970837000593868
-0.07986786010552471
0.1173975357909045
-0.9488883846711123
0.31788377480291286
-0.47382310206359635
-0.7699150505437855
-0.9463591102755411
0.9994873146449881
0.644221918592724
-0.17937830138285515
0.35824469888993393
0.8958473519107906
-0.008365058186811547
0.9975107183558389
-0.6183183052364591
-0.0032287900137253356
0.2662135726276216
0.5224633400005778
-0.9356585954395584
0.6917286368443101
-0.342711107423445
-0.5513179777581338
0.6811340480252057
0.5202726581105976
-0.7682124126670549
0.18186034500891735
-0.34057891183620836
0.6958736903210243
0.0537168977062672
-0.14494445499450803
-0.10379351646366564
-0.4832510869468156
-0.2545728275052661
0.5531121092662872
-0.9084767077777947
-0.5916859942319865
-0.5031057479940366
-0.10039421960354367
0.8298214041343408
0.5433606763175896
-0.41249524489929934
-0.4586167955574876
-0.02301002859681822
0.7101102671699326
0.8258302119126615
-0.2836723319921248
-0.5635089453918556
-0.05315552504227772
-0.35305687835553656
0.4734552161050276
0.8151555811020244
-0.9786612468330551
-0.4866969204732656
0.029840189540413453
0.7821870224273904
-0.7020738655896452
0.07583186246059781
0.6530491270903298
-0.8362327941793313
-0.9311454423597665
0.43495324223873166
0.5774680062941691
-0.7849345816621507
-0.36258317817582464
-0.7134385048668437
0.8729068466448975
-0.6529330604075134
-0.032471930096349855
0.8453473401008176
0.5555017057886773
0.3705025534603217
0.14513324744911005
0.4245129348431347
-0.015219549640470786
0.3585882106788396
-0.7920417527852499
0.5128388182157224
-0.13345799021248061
0.19953797437618404
0.977476797230608
-0.7186253612133453
-0.9685720532091047
-0.9457542682256586
0.6989953010573193
-0.06751574211282518
-0.15237166966907534
0.8763426808772254
0.029405228023101415
0.605419661364325
0.2866960124382567
0.16560112328779564
0.17888049328778366
-0.7039803735673094
0.7775683352182239
-0.5789041054331685
0.26522501329547765
-0.7832215709970185
-0.9840230811155419
0.8483610450723345
0.2656355583331491
-0.8431517212616777
-0.013033978453801387
-0.604078947330559
0.9919152889864211
-0.3400615476704958
-0.08289514376321372
0.8128218594012064
-0.8824367286112764
0.3773993283079027
0.3848955001068617
-0.1803013917015195
0.4383906440504066
-0.03210365794743608
-0.180992121092993
0.014197766442686888
0.014507771816436588
0.051647138335785936
0.020149408076932884
0.5942640277738354
-0.5201080619772849
-0.06923818835537521
-0.2446118447533716
-0.9570224669433509
-0.8646065346886227
0.40497215763731886
-0.8452573994956245
0.9041204058433041
-0.31738488839698387
-0.889354513703966
-0.0985092916458783
0.08167870738534622
0.14737445407691707
0.21885413105336915
0.6055727402877396
-0.042674258997096315
0.0712121599848099
0.6719948178066855
0.7844827535601109
-0.46792154088122984
-0.8833987894041351
0.093776165792268
-0.6055573184830334
0.8622008660652776
-0.453599448399556
-0.5857472080799373
-0.8771453472511674
0.7729020195822423
0.04386953018436901
0.3755923953167053
0.7016737209675925
0.1871667294854258
0.9200524849430272
-0.887067802083177
-0.0865842036524338
-0.7834872530622448
-0.3723817344114635
-0.1265778783275373
0.45552941682960246
-0.5060022873662819
-0.020306980880615555
-0.9980009072612348
-0.6106520916798743
0.481096752100475
-0.8629404524122664
-0.15179044364789407
0.039620447186922814
-0.6769588282555623
-0.98091914552914
0.9232907851122056
-0.5922536767490922
0.46797267623109673
-0.2143620054582318
0.7759914292375163
-0.5333297335368483
-0.9933171703585089
-0.754949582633518
0.9284140824325744
0.624887788220218
0.17022536961320878
0.05007494403731383
-0.08194771933303646
-0.7272078524020658
-0.475646546898872
0.8404354221382557
-0.1850388781713206
0.9063718856992118
0.5589486163726645
-0.5618062718168852
0.6317190458618287
-0.011124082293271664
0.28720363499157386
-0.2368536137993733
-0.8066852655734256
-0.7962799217958478
0.4272770229721443
0.06647254411418158
-0.1445306072885828
-0.47786211425695035
-0.605367257008899
0.836349429537236
0.8279488431518001
0.5088941677278804
-0.7875617810340574
0.889405148317133
0.5440940021055958
-0.3287910650006902
-0.6393004228722532
-0.08802515094073637
0.3836815358598773
-0.19508805081076774
-0.48021363602279243
-0.15367758509978424
0.7323133779225142
-0.1274692660966541
0.7178230496861919
-0.2676484355071962
-0.49963192593302197
-0.43307606602281057
0.27267314067309334
0.6622541239286397
0.1585652691703332
0.2890730658496452
-0.5699531610973507
-0.11494437952297254
0.1661998769843973
-0.09752864847227061
-0.15138798505962492
-0.27375690020605714
-0.008557349800328407
-0.8526472574534114
0.6468219321772068
0.4055336290866267
-0.4012060223792453
0.10455593062581525
0.7010221100709937
-0.1348261737833374
0.7834561959032167
-0.8504550260081472
-0.2964784879357161
0.6581801156250193
0.7805561384898769
0.6373026321705704
-0.7276469301997512
0.3569000847344934
0.9156415004049514
0.9526069323027051
0.39095605877316775
0.2422518742534201
-0.5048911633692073
0.9642140176668932
0.050942807160722525
-0.5165177613098135
0.18177185760712788
0.40252965519362194
-0.9042976622459198
0.5749962150948831
0.0033953809712570227
0.15351702945226098
-0.13395827284843254
0.44978407288264743
-0.6425821069733249
-0.9672900513510263
0.6197886460011197
-0.8315074329061418
0.8424564695822092
-0.8464960423803471
0.893426677077223
-0.9445747313871498
0.2835521208016043
-0.5449815364344341
-0.18640373032233226
0.03870433198450707
0.715815925453839
-0.4252508756645259
0.21664222013979395
0.20953925163693077
-0.010841718904164521
-0.5888525929095061
-0.04873677371004459
-0.44171332871355173
-0.019296539015620562
-0.6615796691551399
-0.42023498815671156
-0.09690140017379734
0.9015005518214165
0.14457961779620732
-0.3395860500301302
0.7181326503394931
-0.4574159746522406
0.5205803802441757
-0.12966611176637222
-0.4939110059199012
-0.6853535027614015
-0.0867663221519217
-0.19626340206744097
-0.4789167334283433
0.8395093043307256
-0.651891352240856
0.08691045780137285
-0.04368733614816156
-0.7792566793256568
-0.8196969719944083
0.9635969040679666
0.17999964912356714
0.6844312821801759
-0.42672606897819754
-0.3800536366510321
0.2923922977677784
0.12198397797581584
0.1651301738399078
-0.5736255803689168
0.6627538379072637
-0.4558221773351765
-0.9197768136411242
-0.9777925564307219
-0.6649135860066919
0.36327072468341526
0.9033413733763234
0.9372764426799047
0.8791618044660783
0.44685899779159977
-0.45773996425811037
0.9552309136004407
0.8999009149579071
-0.6695554398052523
-0.9271611207575812
-0.5360951128690761
0.9240681244162963
-0.23426257736122036
-0.9147720405940098
-0.9125861170792329
0.5837268018820936
-0.6374617029732299
-0.7179657482320183
0.23734554103681793
0.20067226102932234
0.27711952385089056
-0.2164964721578162
-0.03625100899252165
-0.3601579189593205
-0.7456722715461259
0.24804007363124603
0.13302583301669335
-0.5559530917177493
-0.7977326579245549
-0.039159928243517106
0.9599938294373462
0.21446798106512888
-0.8975114917374762
0.004193239352557887
-0.3987542101535644
-0.7657676550183825
0.5231248534881052
0.5149131970898693
-0.3803406877408291
-0.6332026231935681
-0.16512875518248094
-0.4089129018390374
0.829202948308291
0.5412501411927837
-0.866520734617384
0.05798294427836992
-0.9919678145492878
-0.535349998989755
-0.46078505514038204
-0.0963427864661841
0.4043552133141082
-0.1546970589895158
0.5022801223775042
0.203906509499846
0.07977322926373365
-0.46939618154748985
-0.5229282750013371
-0.8541227872771744
0.5211548759198212
-0.2073610537446977
-0.0034697525263061024
-0.9909821014063123
0.36944810210509416
-0.663872702859414
0.12413043338210672
-0.9267621105758568
-0.7445691207516858
-0.21339465581067651
-0.20068961012116393
-0.38656757703395783
-0.3126461016846991
-0.22050754300248165
0.223390661289526
0.9463005561639923
0.9803571848250106
0.22962649196807527
0.5106033848507445
-0.04791829962707239
0.9484896089214259
0.6410885350310669
-0.8775414273389022
0.967125997064439
-0.8556594333903025
-0.26779901441679477
-0.9508458630308938
0.18412824966369135
-0.5236967306499938
-0.10021135884230037
-0.7697515742701266
-0.8127612001999338
0.9140813868015438
0.884014121972055
-0.95220065004078
0.6786993860407959
0.46484907508989015
-0.5205364049440022
0.9184026849031519
0.041726834995975626
0.19495136926212608
-0.7296809157448823
0.07766223309519282
0.6814566938017814
-0.663153952446522
-0.7513348175831536
-0.6918255415029098
-0.5183901860979767
0.34420907681851465
0.4675117269302149
-0.839333509565759
0.10667930481042265
-0.01936243060270315
0.781783128570281
0.5914350009751292
-0.8892964157051173
-0.008515458523839392
-0.5530904717183818
-0.7132157029708455
-0.6709349671513674
0.80414788018163
0.2604057677460334
-0.5760571484688326
0.9182442012978387
0.3210125488989317
-0.23110455212780256
0.9142868478115953
0.26246496812188047
-0.5740943950495114
-0.24596578666727398
0.9323204329399501
0.185651425707956
-0.4531230791644638
-0.7089602606635359
0.6379225921814284
-0.6555276683299884
-0.7231833613330456
0.8056150141925131
-0.42688042026438855
-0.042279151838490625
0.003063602213523975
-0.5051346921671522
-0.5100584146486484
-0.39062391599079516
-0.5278868055552963
0.2655133363421551
-0.9120043549949184
0.7717529523980848
0.3726647745409666
-0.5663059923019373
-0.7277220465250369
0.3170429236516539
-0.3393654171307223
-0.7993952408596792
0.30086959734010965
0.8481631427954972
0.8656225257201742
0.05534068069032472
-0.389590938660755
-0.45579889906256876
0.814201177233691
0.6397535123881004
-0.562067418913113
0.2463240446559205
0.6102386192562732
0.6035650204863345
0.3908099693615503
0.46168104995589365
0.03108763324543795
-0.833185274625891
0.4875385250792845
0.41933770472890863
0.8745356521510621
-0.42203964692997653
0.8201841989652361
0.3190561703185182
-0.4400601817751515
0.6249898202661364
-0.658876544243703
-0.1253514590684497
-0.5471592641442702
0.6211148739232972
-0.01544317051020161
-0.67810494993083
0.02550360107461147
0.01656301659125159
-0.7020925874836865
0.5215713921127714
-0.5592522235411928
-0.019847724313541537
-0.47652040991457945
0.09444963985808719
0.6352922473333962
0.6426138548384241
0.21227664017982129
0.22201328323045244
-0.18498381312631396
-0.12234518626923352
-0.2645062084436367
-0.8340264219702878
0.878851359330604
-0.31274815992065785
0.540175553191881
0.18816769587517967
-0.4317738075052442
0.46634516575806995
-0.7182179125388148
0.9915798544951908
0.8076087630686599
-0.0734664213446421
-0.5550097899249702
-0.7063450749462696
0.12430826109881976
-0.6728421480635582
-0.5377304821580944
0.9497319579278667
-0.49253336291032634
-0.5736031949101854
-0.029629205563409977
-0.29401564043886297
0.978098730588814
-0.10521689596906625
0.2652079887621821
0.6437148580853207
-0.5622303859504596
0.08274716645889235
-0.8152575309297245
0.9382497458791277
-0.6082056465995678
0.8022735577277083
-0.7857835610957316
0.81708748600901
-0.22122086092980386
-0.5688325596770805
-0.7098260244724652
0.8348209622519043