0.5262322780988685
0.3304446561764782
0.8641129889686371
0.944443627380478
0.6547831047452514
0.42784347558501157
0.13271486193333937
0.5059362210613977
0.19581187136482148
0.013947494171044461
0.9002125765096053
0.32013513507528846
0.7119238128120525
0.29425058570845364
0.03765897633805093
0.47583137758764127
0.927200057795166
0.17521250556704326
0.8530264104110534
0.3346024647428072
0.26775171698759714
0.7187227854602223
0.12862812250945344
0.9311158722416009
0.7960774714802358
0.21033481155624034
0.3499227172409747
0.8024745764705433
0.23426845904306282
0.4930685573594472
0.07327125961562175
0.7989516788618296
0.4113675525998438
0.7873727364565807
0.2780390956592539
0.4337272972653964
0.8225109912487267
0.2746991053664257
0.47886247267119264
0.823100285158049
0.1706082350360445
0.9106535510701768
0.058700559975977784
0.9017128877376372
0.7760501061294012
0.8873653797638181
0.832049009233273
0.648883127428597
0.939901868540302
0.5214151052561887
0.8591057727017934
0.8570453127779648
0.8620571966539383
0.6851436355767874
0.8390579081955841
0.5509136048528445
0.5256515300364542
0.9157000714595703
0.8266407247230407
0.05317989061586814
0.2852368234394612
0.04564198949667453
0.19132049952375696
0.7455435422859868
0.24998269893226566
0.33784764732306427
0.7854301750067431
0.9716671362311461
0.5093719822392498
0.510248792113241
0.014745951424352755
0.7845911180278891
0.961844519139065
0.5378507682210776
0.8491118039234097
0.6932498532707408
0.33659667096137214
0.22780586639138367
0.08158041089109447
0.4951787353824809
0.38254679288873117
0.049064711800662075
0.4529894224932821
0.39704309821859285
0.5830079554026788
0.4631636182120181
0.8961164551444321
0.5547506925165252
0.2746522715003923
0.468533989135803
0.7714724889875327
0.7903571833661002
0.9583279348137788
0.545281887625997
0.853764896211658
0.19875784101896576
0.9543570468707759
0.22954772641637666
0.4986472254208759
0.8981599468262939
0.7471716407366235
0.3480853361996834
0.08871968844997602
0.6484018327150852
0.7628582100722336
0.7165796701275905
0.47432098710979687
0.9913744926577399
0.9898584382763967
0.5547511877911776
0.18475792555407433
0.5171563339576833
0.9415929548022558
0.21557105417353317
0.704304524351861
0.6972453541909568
0.8385844417748952
0.17269918554310215
0.6290694019642447
0.8557555682387733
0.8310086111682761
0.30089270128283896
0.23406387136064
0.27402977466766
0.29556402049313446
0.38179018770966955
0.46444239119086184
0.6267838000409371
0.296672002573937
0.7964071134302494
0.5626219988815386
0.22106494233252172
0.5796414981190186
0.8363920729655624
0.015699958508688883
0.021290294302907076
0.09143718027133207
0.45159232929195325
0.5259542146332494
0.7303857923229221
0.22607821409958084
0.27675842016713215
0.0072321002273363355
0.2583199151157778
0.6184560832681545
0.08928934236332897
0.08664938210031314
0.6296242404265959
0.21447688360756934
0.4432938827280558
0.38893663778099286
0.3901916673074297
0.47670834514614113
0.387092982998798
0.9298028134276621
0.38774875316975965
0.7233337640906656
0.5563586334416109
0.2676329974443078
0.4137626984030568
0.7961796871581744
0.5384679561436267
0.9116712371668615
0.795913350887383
0.9738772737306115
0.931129869813579
0.5222069732006526
0.12647836305894622
0.3095218670992047
0.5232614943282957
0.8333269200128341
0.0708574392787269
0.10559505622501242
0.389234055385689
0.3931958794919216
0.13968692143503048
0.780741149788986
0.2544113464413774
0.25609299582058587
0.32656819648953683
0.4399332265718612
0.8506407210521941
0.30908862872767495
0.7560359199435015
0.17112963708446782
0.7908808158519793
0.7805229244433827
0.40992462525856965
0.19602995850239613
0.965061861304515
0.1527173893571021
0.7071653900443367
0.5829061796842566
0.40816599136299603
0.9503361184970844
0.9685546850599757
0.5842134034412261
0.9214157037030581
0.952132769744946
0.47706796776955673
0.700831213277358
0.8642493873366641
0.06827216516641899
0.624072365675699
0.06253582566142746
0.05589339657690828
0.8018652378795192
0.42347819349658455
0.8238289320992598
0.9216721905462412
0.24278365684859482
0.43787467579673744
0.09987020267215108
0.5455450027716814
0.3630180119475943
0.5547706602212964
0.2154616776280457
0.34582473720310114
0.9406112227603108
0.7266460189194526
0.9226640742323255
0.6552129987701845
0.8066859677745459
0.30472544194328166
0.039394570730719836
0.8644348079577115
0.3661859087186812
0.4565969190623862
0.8269609354152604
0.8040289667169314
0.8317020864525836
0.3176298319419837
0.9614133413617342
0.38409856600266357
0.9068433843027919
0.27826210931567597
0.6805893065660235
0.31552731540084944
0.3897561685710642
0.45755047421997364
0.3351710919915565
0.7730592175774642
0.9445901968488535
0.9711378967996117
0.822179824999545
0.1403482335729973
0.9371967650514018
0.017948993329454543
0.5223093009648085
0.6571356580979584
0.6925871173858438
0.6260041931753358
0.7680284274124918
0.19176341418328424
0.3672220600372431
0.4227622187922374
0.631146554572016
0.8083163588178465
0.8040032233908897
0.88418989188434
0.18242082269147497
0.7214377661898556
0.33907283944821265
0.34519512549361
0.42102982907132214
0.3494392933568149
0.7114207276133383
0.9156623769305889
0.9877144759679558
0.23764537414560227
0.3472172086816533
0.8248408109500938
0.7980976300543923
0.5132646608770826
0.25815368097657376
0.047170555893164434
0.5157216892971941
0.06558058041319614
0.43111454451304265
0.7599991833357618
0.6911983090319053
0.5165310780735952
0.9562829821644585
0.7518391684445878
0.8191244323020374
0.20415444880917166
0.9537381615121826
0.1610513224651472
0.6029163813160318
0.6654410424897019
0.49598451361198825
0.3736461417145658
0.13077991326291583
0.8678782293489039
0.6909399605537445
0.0033457656543534053
0.7119669038090252
0.21899910197425088
0.5829391594539065
0.5652379604160839
0.21721265472174645
0.5651004911489075
0.28056847309587596
0.04743943547664553
0.4899880583010955
0.8132378077133542
0.42036906886618775
0.554144854167678
0.8337055872035493
0.919872268240443
0.6563246962968066
0.6613900723517755
0.01589624662723943
0.891708450794509
0.04238104727594605
0.3391438605833914
0.3328283781989071
0.0004047091905461375
0.8340916436310525
0.45010418853363143
0.4884430992400334
0.6725734601865263
0.8168632969324869
0.5977846760037759
0.6106926077969783
0.6105848629497466
0.14302037419524805
0.9170800034772729
0.7354518667002271
0.5636280179540593
0.2712341427125814
0.1929039984563784
0.6046348054613412
0.06800015105114077
0.5948792007766671
0.5753509917139562
0.11141965922963948
0.7650425895519741
0.7683623993522256
0.419975332028357
0.2667221541004693
0.7541758011339825
0.18768583521539417
0.1330817744774313
0.5867501937552377
0.948806147386586
0.07952454248826779
0.7004727959174744
0.3888524469254996
0.4450758820158902
0.9667346289382412
0.8854651977603957
0.455416350939694
0.7093678001887644
0.31828021396112594
0.5977264151800297
0.7158562386254752
0.6810864848684034
0.7066051088210323
0.9333692168690318
0.788588756173254
0.6889366461689035
0.6227831624393848
0.35751552771485107
0.2720633797892623
0.5402551638522526
0.614112931952915
0.925135862379288
0.5441929230756806
0.08792954438638001
0.636531273013219
0.09628920026240795
0.13825862301753855
0.3278874295385156
0.1638559311250184
0.4446553345936797
0.8225761091136448
0.03544692219507506
0.038172437195400755
0.5332215339290995
0.9744979476368028
0.3378449449838662
0.33796784312234096
0.32210649870303787
0.16303695191079826
0.2952922123863885
0.823064152406712
0.08034726637209266
0.742799654248872
0.7985451956757205
0.7458657016962542
0.7212614490071029
0.5366578886871046
0.6592634381440035
0.9145850865949213
0.4419038855775811
0.9609332799294672
0.7156274644136259
0.8639444561673831
0.10142232645847848
0.8871464027015903
0.11289773821937521
0.5769989952512197
0.5255582963027137
0.062235909985288274
0.9209588786838955
0.8379150458820124
0.08069252445404151
0.8756703523415305
0.021951206782701793
0.24075996336700756
0.8363071279482486
0.8155561361931238
0.7897391880896822
0.8584631928030875
0.21179433578331752
0.9848901248526315
0.747146294820619
0.5458286454062938
0.764266915088995
0.07516077857918191
0.8972922586698967
0.016650656558267474
0.3904114825792523
0.3119599631037988
0.532948474865146
0.6873278895591106
0.19601944681569006
0.357714137738086
0.4400461608692171
0.7525800107789297
0.2156624824594714
0.6631983456206191
0.4815217995322042
0.22723470801563572
0.04742414132915984
0.6608444271271525
0.01150959165318688
0.30580885945637803
0.7765679605060534
0.3098862573263642
0.6553026698530524
0.2833121106288128
0.9028902891948594
0.9641971346829221
0.178639053069801
0.06284060311716344
0.7473584856215747
0.9850271794348591
0.8652775728358383
0.5938663730165312
0.29591539471085415
0.6013101368176388
0.5621270419552353
0.10172424828392646
0.46049597711991386
0.717951518783698
0.18819019986121455
0.7818201400534525
0.47225352053549263
0.9319589361770659
0.5728961275547111
0.07598759006770417
0.8703710714067768
0.5711352274629162
0.6410127276751156
0.9715525182573441
0.6520058497198901
0.8436634005562188
0.5009594399123323
0.7986549870958747
0.9269570774655171
0.27893057761188733
0.44591584369072135
0.06814957756825946
0.019189704929988838
0.5742687238173567
0.11810227552557706
0.7523540931912778
0.21538626190089705
0.8399619858793692
0.40396795965048937
0.969539680801252
0.3185135087552474
0.6931184708910845
0.13299475661635618
0.05675262197329667
0.9955149347053394
0.6258379935851937
0.03367046372957916
0.5266731085318423
0.3464493040266028
0.7581053965936302
0.8608038096899829
0.9739418454690124
0.3434307752074367
0.023305088460226275
0.8041475195795896
0.7651589159430003
0.297816263691948
0.07369886595296216
0.4264368403810729
0.8428296881419034
0.7684385208952158
0.6799194010960958
0.041263043471509775
0.907553764986783
0.7270694781007285
0.8959781539170546
0.4968737764132036
0.4338046249356621
0.8019454694113456
0.9051235606548405
0.18738532082544535
0.1637644478202862
0.4510016763159379
0.5406761360782606
0.17887332903130204
0.9210511934858705
0.21211279604175048
0.7005285026273504
0.3204225465199666
0.45948372058002684
0.11752853352043147
0.22682774545303974
0.47810873917388075
0.392418419587679
0.740943923807679
0.9666234772105508
0.665040921094976
0.18473686281449775
0.6717725532758724
0.216541254167685
0.8910397420215076
0.27923480808297896
0.9803770229804379
0.1932980554616901
0.7760772492049657
0.22742616122999149
0.46550851234173485
0.9234658888103631
0.9165735570018075
0.420443843987086
0.47585363396506575
0.9240078946275775
0.9355197353355001
0.38796769727287217
0.5452908376245678
0.2045059191492019
0.18623693493966864
0.11675703501410617
0.7623976118381163
0.5053503087380413
0.1562093154979528
0.6495372576788676
0.5615530655110128
0.5082916391830888
0.5503147447717363
0.03526281481615401
0.48671066344758573
0.35900198278021334
0.8682237165687215
0.935317376895065
0.4372129424897586
0.3445153573874794
0.33876186368425487
0.7498173001333225
0.5491445166745503
0.3944773586212439
0.29929873620485326
0.08775953036344752
0.6955310149622806
0.17948580739675424
0.13754573053450592
0.567820655122967
0.26536444862126607
0.5381603962289071
0.12743974363402222
0.6525133447119765
0.6684279483518966
0.9526784745097688
0.09120102523648843
0.3458719487815345
0.18358969440330386
0.521371778030204
0.9753599232798043
0.20780005549071345
0.1078658333903787
0.5507677902796927
0.48054297663491174
0.39330588460364224
0.2595876752873264
0.627065562218127
0.27373984668141993
0.559789567457749
0.47844490904464165
0.4852210688689298
0.3005759749184974
0.9407623068063574
0.7775557353857
0.5841907296014787
0.6589358726222818
0.07734863425805583
0.9689379632298654
0.018220731565854686
0.06731387618090212
0.5368817779335584
0.8525647951368739
0.9978867396677595
0.9541155310008788
0.17905533684272845
0.4864511256938605
0.5685241069566909
0.41817665076727295
0.05476845707658984
0.409810242558762
0.5393632837050879
0.7945741528416791
0.6698769210429414
0.43809444209648496
0.7145653201844105
0.2827251905979695
0.9193453354739916
0.9516368956056438
0.3305111802074935
0.7029046195030987
0.6646790118554002
0.8413500959009416
0.47066530238828086
0.9679049201013796
0.40343986582341074
0.14424141364489262
0.06967284087278047
0.20924204037984184
0.7716291428131201
0.3304593420970692
0.5312712469788676
0.40469211233822067
0.31799065151735373
0.11328573037787204
0.23271656845429833
0.13263917016744875
0.29307348200804506
0.07174610105646939
0.8586527648079535
0.7122928017472254
0.1253568874942227
0.6157553605869481
0.6416367131602299
0.48428351896648514
0.046896960822094935
0.7487334000382404
0.7318839239341698
0.660931389845939
0.42720892514978537
0.7878397562209127
0.9207259389683728
0.2534646796934349
0.8381187201280802
0.807771139242244
0.7833343654027426
0.10248455773402099
0.014076529442250019
0.7662531117943396
0.34993680243695313
0.23692733506919883
0.41478267657096135
0.03699398120505493
0.9957457102641439
0.814832603094855
0.3347735805034038
0.69200526078837
0.164959305405445
0.38765806189359997
0.0778468231705226
0.13372351425113327
0.9948908640879623
0.9568049825769145
0.37405711661911223
0.15417609131544396
0.6580944056449383
0.7355624631128932
0.36129466234343033
0.4863180410954011
0.4523376000374363
0.7939150852567765
0.933094488051953
0.9195848503497759
0.11474459900997214
0.5429975780731737
0.13957374547187051
0.940687364460739
0.17990361272625122
0.7981108716401091
0.4631252193197679
0.1243384710143649
0.21431287119172415
0.08072837815051148
0.05019185736674037
0.1431256762315608
0.7467193177195033
0.6007597857627299
0.051495433091184206
0.7198162508367401
0.9754588047681323
0.25401548626156867
0.973759239060957
0.3150445805157812
0.8536561081772024
0.35990935151762393
0.6844390368900352
0.24659930385733397
0.6866486344128353
0.21659602336346484
0.5604012994503362
0.22888943466132727
0.6064246525488177
0.18823512738491688
0.9942500566127807
0.7061285078512944
0.06629081480053489
0.7920153351374662
0.6345799881297721
0.4158927454816326
0.5801474363488712
0.726400628629542
0.2626350046968431
0.5175306145024752
0.3583275719554859
0.5129650953496598
0.009932082327992253
0.2715388341996261
0.6004229077394873
0.8129840474865225
0.4972505361312216
0.13820928765556884
0.9804962112129434
0.45315567323977946
0.31563981257732987
0.27287684944978396
0.3349031763299676
0.14167508836229192
0.10702879652909991
0.6478100135144497
0.46623990724483244
0.6251291345330745
0.2594209009018936
0.29885734164992805
0.8493200213473516
0.5252210518465313
0.3476925087270464
0.5418075395930521
0.6144819090237553
0.0291047960661176
0.061284462955608965
0.399232357218813
0.8133185209937139
0.5736693165966595
0.4673709908459933
0.19843661020433434
0.05465694380087316
0.4166726853478281
0.921917169128127
0.42568828382354007
0.40548275947942236
0.9847724536925437
0.5020365111210041
0.5319175937920889
0.5662002011407491
0.5533897541441009
0.17744538922573072
0.2675914188318932
0.75914515033759
0.3888399743133887
0.9588435737033666
0.2425156614341344
0.14230907505655133
0.5299225575053669
0.2801496743909344
0.13979106163480837
0.9288800212955398
0.579219087562324
0.1727568392346197
0.305715222551745
0.2456668964436377
0.567120357060512
0.04428707501956286
0.51567290046847
0.6854340291021891
0.1432388211666651
0.038060703737058055
0.9575645234576886
0.07398723320092482
0.6558247513796851
0.9877217049783636
0.6454291618224551
0.507809514954356
0.07826607085922666
0.3832819648804373
0.2788880693320085
0.3247058860261395
0.8402172409607037
0.7150801821627193
0.6692153314643501
0.16517008093181884
0.22992949551757347
0.007850751289893765
0.7663989330636346
0.8596120544228169
0.4520226530593542
0.4761053723975198
0.07730753432578641
0.05394425057547658
0.04624095712335441
0.17590537785308802
0.963982088307833
0.4309115858866568
0.47581029863596225
0.2869390380392639
0.8723681454680426
0.5094772632938691
0.2869342806922933
0.16076446642097242
0.46770286526629545
0.25658596218120544
0.5319374673782057
0.42221179062251046
0.9965405064510027
0.21923769323250153
0.7764464546879003
0.8170403227619399
0.989214935964805
0.14032747014067692
0.9843803735967809
0.5447588557876146
0.664010776639277
0.35398323693127676
0.257541017552511
0.44659065988101443
0.4346694272648912
0.8894087633572855
0.23612026166264077
0.7469892975354558
0.5479814361248483
0.5380618734212385
0.07715788946279067
0.4228272131491373
0.743635835331847
0.7620528216755201
0.6025142815691569
0.6127674238351402
0.5455272730329565
0.138596141870583
0.2060332528738249
0.9115318740620545
0.6803502266504112
0.8792617550487023
0.14925609048987354
0.9526478199693812
0.36568934427244726
0.5014086328582472
0.6134447345115165
0.19544908952301976
0.6167496380835882
0.6893214375227883
0.02096034196902752
0.5434562647304496
0.26723487012883884
0.12760654034565933
0.7755535227683233
0.3298479576957831
0.02073742198184525
0.4125629995057891
0.9030007128305277
0.4572677425907461
0.8316141413135798
0.7034631272752205
0.7304998485191412
0.7196373317535462
0.8171631444061329
0.18645946563518723
0.8418338693688032
0.2536578096273876
0.7128780023613385
0.3435458414289666
0.7361282097229533
0.9495341589219605
0.32587984691624616
0.6024893892092021
0.43810996464938345
0.10310353510497361
0.8396489553911681
0.37386365837060154
0.754731257955472
0.9949745939315545
0.8004145139934679
0.8338242656474117
0.21089021948811637
0.673775762628708
0.13051744772853358
0.15731349130872008
0.804326678035215
0.31729319394668076
0.725206723826975
0.4292535847875274
0.2308329311899181
0.9457283785921139
0.9664010958926709
0.5283212385081776
0.37118192399702354
0.21372566900212742
0.09954582011293811
0.012560574712724537
0.5725393296373104
0.1923762400216692
0.34619579877547313
0.6792972709608129
0.5034248509408238
0.4762325222435687
0.37801330678466194
0.6812614067453556
0.6950549245095116
0.4735440712420098
0.03446515529187244
0.18731448420044594
0.6338448008220289
0.6059405144647811
0.38886916865181653
0.18425812654527463
0.745901204695521
0.17299350526430857
0.5497945307287992
0.4388637156344657
0.16237273014595666
0.854103658469725
0.9543884757287955
0.5473516511247369
0.4886146802411807
0.43469904345168797
0.4141823346448801
0.7373899809334451
0.776438927010163
0.6375013389256926
0.5691074055754731
0.4936350736160309
0.37875964975846965
0.6249897690439776
0.31289638265081154
0.7104111211039019
0.0026414076100907957
0.7339396080618478
0.6307066464200618
0.5631999434655106
0.40469193952552485
0.6305904747348243
0.26709755674473623
0.7451195691681658
0.9950306170524869
0.23968241621175512
0.41404751795192096
0.18890646533035294
0.33331025979077433
0.026619867773073125
0.07314363039811311
0.07730717109175433
0.12072818638884064
0.9338493420766787
0.5087754016488077
0.005369757760109617
0.04415285557905324
0.004123971164885831
0.5375823369027358
0.14000439777062346
0.12782852342831685
0.0550588843147779
0.23578932234091277
0.7497998786480023
0.04251488701844364
0.5864373612034084
0.5758613699563104
0.35936001973957665
0.9858885315532824
0.049297776290305406
0.5712473655368294
0.030320139910770982
0.4246675922198022
0.07088406271703918
0.4469845825175649
0.835795908042648
0.015508509162726614
0.09215933297580836
0.4701633741209684
0.5365401519935681
0.263560912078979
0.4657859789165961
0.3524456836054304
0.5652601839143722
0.7210001282365816
0.7689675176275924
0.9045611879757731
0.19145391559398406
0.04398062669146596
0.3921668188178119
0.32419525875365907
0.7362186417198984
0.5148972833965205
0.6295868063543323
0.502658697702486
0.46204827515014046
0.4296086265060429
0.0387303172261203
0.4648445244740669
0.9196982547406393
0.12111922669945097
0.019897209395650317
0.8291523977170991
0.3483853716641845
0.15372957802354947
0.3053728558101503
0.8704155932387028
0.015609952762131174
0.8223160353843971
0.9520371496621034
0.1266439239829137
0.4630171193524847
0.8352960642517857
0.060799747207570976
0.6908055148645971
0.672311122339006
0.1544830638491611
0.9076155966176435
0.914887637555714
0.6610366476368545
0.9437290610929219
0.608416883749093
0.2571631802463993
0.766566571859343
0.7431790405062193
0.4312699727515079
0.29978042380207537
0.5368598283505682
0.3788967167348345
0.39654969255067074
0.6354781160680195
0.6601371223631116
0.711653338777582
0.41173504750449896
0.8569173435711721
0.12010644583443542
0.1658237778714604
0.5050274081901676
0.008358784149187781
0.005047089863931653
0.9039983588114393
0.013513541496476655
0.6975871109198044
0.2117275652292513
0.9407779646160946
0.44359942721644285
0.19136490261067785
0.5105795284451611
0.48910404541837604
0.09762089712352895
0.7579260578356873
0.24025116494030097
0.811728851335436
0.1904772889527112
0.18044313153080616
0.32511900251418824
0.723535827856787
0.6630244753145655
0.5421880386010146
0.223017686778332
0.4808808075450248
0.7803936434582354
0.9035671738120495
0.6421984563046413
0.1412858357349388
0.9964819864114889
0.7206780480989207
0.2685709247701059
0.04440333035294819
0.3423118090327314
0.11860842608448008
0.49381155822328515
0.3690779690580047
0.5390015989483474
0.4215394407413148
0.8146534371159224
0.07850714059397534
0.6983136881253948
0.05046317753001772
0.018998093062541188
0.3514964699630174
0.0862862233255145
0.9871424222184801
0.5296709529848019
0.3812137034734998
0.6441209072748657
0.2681299634246357
0.6083903294217378
0.2387335421379586
0.2152466001026041
0.9545746237495072
0.9570669777794194
0.5082018126898521
0.5778977877292181
0.2851720605499479
0.12839462157160286
0.970520210182975
0.6421459740035087
0.38891168656787756
0.9189085505557899
0.22529277269687664
0.9591043242814513
0.9701422803053057
0.3476417260867295
0.35098264870103046
0.5256984535443886
0.6484980882619641
0.5033751836487483
0.3705371804406956
0.7723238195364667
0.4609278539456003
0.09851217975417226
0.6896007002293322
0.10964732996349369
0.9289751780206268
0.22337267350702128
0.7245908197132084
0.13581252796738663
0.1925804130077673
0.054220174739491256
0.7419948617928005
0.28087154235404577
0.25612073680879566
0.5359936798574374
0.6382039064145364
0.01652839858384858
0.667624840125738
0.6310133378332374
0.08763960931117043
0.5065534216677335
0.714909866362656
0.9058330481970519
0.2983357075796438
0.10914606265097848
0.9409926407687518
0.17696612787349808
0.22577034801870255
0.9510989517193146
0.7398538088785371
0.9908065596459771
0.45357045565496623
0.0657256057108645
0.8618001029634104
0.9592542347434048
0.9613804329097183
0.2496036978702174
0.8409696509721347
0.4871543471597507
0.03801477005166143
0.04722332523938566
0.3613524451299934
0.4016292992548792
0.34599945913640795
0.7899374419769616
0.8262238619101921
0.48639031561403945
0.18384303504959965
0.5776035281490882
0.07901404520140887
0.03806543003024754
0.15579412041908325
0.3880679023640484
0.6472845349313591
0.4804961269190736
0.31355042322278437
0.8493156639828375
0.9242595413871181
0.5978667259624199
0.7036221147637798
0.7495179995914119
0.4342748574553953
0.022035332774201666
0.11582874138232147
0.4336559743898998
0.8207559539989253
0.010685247262753772
0.9696381789402636
0.38422271164453126
0.8638579982577748
0.10032984677660195
0.8198594580368825
0.859750654966572
0.18687090687939245
0.5772040570502207
0.8635422668379065
0.7061436401114026
0.9870038589895841
0.3132122121949691
0.4307723664061808
0.21937401116673316
0.5620893523759446
0.23745223896474454
0.5851608477014992
0.32177556472429913
0.9886361226305279
0.6910687266098077
0.19822794283095102
0.9577682782847561
0.578253312892138
0.9819343756464047
0.13463694230910916
0.6294738396386933
0.4080625548101353
0.578865536260947
0.5160085833522929
0.4042888739710836
0.6592655217265033
0.31976459657242373
0.3946932892908974
0.4319764913465538
0.2503392614526877
0.3171595160632006
0.27486016451259254
0.5914612409427144
0.3820470864794481
0.27976667633282803
0.6840779644964677
0.17254328749068193
0.4160480112523913
0.827338507531714
0.5677895761345573
0.7600428504749064
0.6643642943588748
0.3383313400578335
0.3431265840583203
0.7737982812568722
0.05447062113019607
0.19815012663423703
0.8330959778256241
0.5347018544305953
0.6638653330716606
0.7079673450573009
0.7770969231427819
0.3682391226717504
0.6263918577569634
0.9539788607181077
0.2539603244102766
0.28984518063892184
0.09686870663638136
0.8567439605465131
0.0391880162578615
0.5177333529888662
0.8428128304519437
0.2902607022301267
0.5575239353985983
0.5463317054509924
0.9213019988346305
0.8936546117661271
0.8337913882286864
0.9030925272883752
0.44065235350095266
0.9885346454649012
0.9357824731824176
0.8456633384578917
0.8101176836198336
0.44248675932045367
0.7833995909222048
0.2885562333992353
0.4967006786387086
0.8353191292702302
0.6263096839933994
0.1879116158014945
0.9397445317902847
0.5019441848918547
0.9388661053546817
0.0889343424596788
0.6621482854621802
0.08602656348499493
0.974201653086221
0.45191789169214414
0.09379575490359848
0.00676671583881594
0.2844902652759832
0.1745081324373916
0.9642688551277309
0.49143887960704347
0.21877626655067373
0.0660489611186521
0.3109033206056513
0.45500380364699455
0.9943903480597717
0.10548451895807165
0.6266287610928937
0.06635267661489763
0.2719947668823324
0.5284646749926024
0.017970806303627018
0.06216949990593146
0.7516657040667666
0.8764755563897181
0.09022675624237486
0.23879835798577065
0.833515337394053
0.6872497621043347
0.16851200700876834
0.11743256655548895
0.8245522271659512
0.5887682662787466
0.2552655407466663
0.008027017710277029
0.09365273808420493
0.8209579504820654
0.2472355278928654
0.7872214151233511
0.6425393340790166
0.16166494122850006
0.35522534445301535
0.6362376999748698
0.8644053394091309
0.8798442414254933
0.5802222575992017
0.46607093340054584
0.4920208002555275
0.14725578029876096
0.2885882649556154
0.6451003584883293
0.710679705593781
0.9505726940109998
0.3223035363660597
0.07549997059783375
0.731431863603844
0.741648695482848
0.9199154772628142
0.42627884120401316
0.5734096906296018
0.09865772257226513
0.9038379318139015
0.6352651606897772
0.7443510728222137
0.19606383298604702
0.9121044680265564
0.9440110052249927
0.6210380402221088
0.44312858812189915
0.48738699319929957
0.044496267515972576
0.9977575587446483
0.9626974432956517
0.1042673609517597
0.5153431703253528
0.7421308010479168
0.6876282253764574
0.6032572104418472
0.697344449708612
0.6089717876455164
0.014934672904812984
0.5109026341762403
0.22422957586333425
0.9431137928528457
0.8880023593552661
0.8428175504943533
0.37587394079225345
0.42206126541859545
0.5665637438752193
0.534691852592353
0.8032833768338231
0.580650190849603
0.5434520161666766
0.07048133116674549
0.37699647548174187
0.41142886641254706
0.6169708712419207
0.1181798084455361
0.729655741496516
0.5740655499988362
0.5665288632534896
0.15782739764978504
0.7171090839660522
0.4575664242304307
0.45301290358645396
0.026813087426656557
0.8386210240599887
0.8118254291569013
0.42432869744323765
0.7847461803021265
0.35508749228679515
0.9202294864141862
0.7912538520727025
0.9263231421934606
0.7333359377400489
0.371157123445524
0.5971415523433616
0.4423160527915361
0.9534979411941296
0.6004631810531689
0.9096468200085954
0.49044305409256583
0.48239914487258306
0.6918659259779487
0.7922926605174051
0.6266588159424177
0.015674367839374592
0.9024496112940433
0.31810314978654497
0.7323662773889551
0.4114762881731844
0.13310753697262356
0.6556560228094495
0.2481869591798036
0.47495994146914977
0.8378625579243981
0.22397681002268188
0.23880366443876389
0.4676261750782146
0.28252725073108065
0.09333563541319267
0.6642896661080173
0.17571249927583066
0.49875798495403956
0.5001093626345574
0.815922307504946
0.44879741260556294
0.44675679688069425
0.6447750689020216
0.5446242235951577
0.9394547072655093
0.26151790350761417
0.40263899417981963
0.7438797708111153
0.7552713257029748
0.1554101041060486
0.9730508063726834
0.9949910259086069
0.9388528928913961
0.13529837181202853
0.24854476912211432
0.0030316907032478246
0.3322699257281093
0.7981607425124482
0.6804392156039055
0.5837876883704494
0.798917141769917
0.5079176018035955
0.8872639910508356
0.983136357101712
0.9831835084725328
0.7757292589261071
0.942429625663358
0.5884225938957496
0.816822821993504
0.3336683718652911
0.7518370886939622
0.8169685639435421
0.3983509065098837
0.756598474219383
0.05515975141575513
0.5226226340046498
0.21528797967856295
0.8142052716290797
0.03188262461600533
0.5984542722397923
0.5821114311040523
0.06843539947670119
0.6949654569648751
0.6012154577948298
0.7263256610196379
0.4174318695619498
0.1884233555569388
0.6622352275939916
0.08310652036812194
0.740884529665382
0.22484808991051808
0.3065620980680146
0.6246530419493914
0.562960548897355
0.4920639791360639
0.8929115746174732
0.45412967356333545
0.6381652097847542
0.9715749762184184
0.2852683405670067
0.7425630271211288
0.48799040260945004
0.11180245655224585
0.4398455825036598
0.771288045930531
0.29314553446805314
0.5284311147871636
0.3161967756504287
0.5857434151852994
0.23960820776298175
0.20203972922633429
0.3736591848013736
0.7875583616939272
0.7242501963551149
0.0470151973509958
0.6169889215425515
0.10436938269101204
0.9334831695353697
0.6311402670736183
0.7793521262266565
0.7723773523553954
0.9639500711497219
0.17849941004810221
0.010836098383721349
0.6068555144923684
0.1639528018209575
0.6647289804554177
0.05680643084176129
0.8904079624514691
0.24659206079451046
0.8471717842000935
0.37218540068378103
0.8530392899970269
0.4238462183536682
0.06186552392709266
0.6769169708026478
0.6196966698514162
0.5108109374723753
0.1187688146886765
0.11120012407941837
0.2677634640487687
0.33361186620453076
0.6101196748932357
0.8021053269399787
0.1586975508661823
0.8904370147367713
0.4763260693101018
0.07850997082930511
0.5157160674513194
0.6082415100211004
0.9337352787578983
0.9773130940076068
0.1498492820000198
0.07876984210531612
0.1046347095994623
0.5552546946899773
0.6478475212871315
0.032355541834085955
0.03494691990913246
0.9188403212461198
0.3847887896670831
0.868044003274111
0.6339916742584248
0.47368175713659866
0.29536397077066756
0.9382751358787385
0.4824749819869376
0.7067397702989198
0.9112891114353494
0.2788256288148854
0.8354155417079291
0.34545075419704807
0.3000324541901208
0.08589106654054712
0.9860792918748419
0.9583339337060154
0.8593785331133084
0.9336049481069231
0.340265209705957
0.5870063683017661
0.4150299265519767
0.9876646157730145
0.30169434656200955
0.6196990839177742
0.348941241621078
0.4106633618933969
0.1933854447566451
0.6902543320983513
0.381846794484623
0.2326949202457893
0.4120689832790475
0.3077305667770769
0.3996166239140474
0.019076168943230942
0.4464550535175472
0.2945590038739888
0.2087923536120042
0.17935885413962893
0.8035062351604791
0.847208087529787
0.0014398624323399556
0.9826174495120208
0.08763175020531733
0.3658922778889747
0.3976181839380324
0.4610307218110582
0.8070661082329864
0.6512840199109975
0.6133304121121985
0.8441745699055588
0.6253192855398061
0.6786633095136583
0.4854449369555309
0.6250644184580777
0.8222587916704084
0.207964459543988
0.06450642130477813
0.7967557485563767
0.1497038772257916
0.9482227329633869
0.27546387573746833
0.9365034657210153
0.27470605649708923
0.5839796816172299
0.6850769729951443
0.3163473920231509
0.34609997210931553
0.02450608887330097
0.017310438071585277
0.2654870688642179
0.9634602319535698
0.7348715868360284
0.0758963810911002
0.5207365995443411
0.03927671870231242
0.8872269271211131
0.9382260606338346
0.5985735740767155
0.6010499873095911
0.25749609348909397
0.7318068549337108
0.36399018092696955
0.7796608798521397
0.20445465404377783
0.9175634045583168
0.08579616285238711
0.034538494789808194
0.6182322625479704
0.5828485943653293
0.8656242577208041
0.4292624798858401
0.9535813182084419
0.904172590207713
0.2802659495118952
0.7528612631225915
0.9659722634885224
0.2652811538900768
0.47204833262656287
0.025875588751468226
0.6100116115876679
0.09800936710729802
0.8008392166959605
0.6471115724533171
0.3623722497276922
0.9298188507979956
0.09506485606595838
0.38319206132608574
0.21127122073721372
0.5665491646240732
0.7345270063140664
0.1513994459719601
0.2438751669096686
0.950312434142207
0.39103362058904656
0.3178309916148506
0.9967424364390146
0.13409548901904944
0.552409786198258
0.3613068050861171
0.7467880382042669
0.11972327613177058
0.9823549441574115
0.8628181808526816
0.6075310570659639
0.7082851774474842
0.978607256516006
0.7432627611468849
0.13999800764667047
0.7693008537887516
0.9101138321528036
0.2119112611010655
0.8838009538247765
0.42760869989684436
0.8709663468523897
0.7581531370580622
0.11267475420486794
0.21184798264073235
0.9236391931236456
0.65564434694198
0.16996171525309622
0.36405425605131747
0.41443634401165863
0.5705201110935294
0.49355884976793096
0.3999809929903253
0.6819851526267798
0.5730877104156668
0.00787000724266329
0.6201699734459573
0.08538089763288825
0.472348415409363
0.6129394542338067
0.9156369408007096
0.14933753935355665
0.22839781601675857
0.9829445384678153
0.32627094212919827
0.12287000752169897
0.7316546828267334
0.36137627963914243
0.08231814880484889
0.37334126418260505
0.35222468846865373
0.1675686814773728
0.7543902810172022
0.8582523052424642
0.7195313881135432
0.7183572002582006
0.981610487059124
0.6980563463939561
0.6336802841870256
0.7714228575874867
0.7187440762636088
0.9973281391769325
0.6920569168630437
0.5745113436407286
0.10353018541975845
0.7933736104243083
0.6651274896892024
0.09005754259260779
0.8326152595066185
0.5506112885906702
0.5318586279913167
0.6098918880392594
0.17319496778786203
0.5361629102418344
0.1285854599641657
0.28543376465265213
0.5474001255709565
0.8127630048797001
0.09675636440647561
0.19459101837422454
0.1301718324265806
0.48820774260095146
0.2119337955354511
0.4313450072204661
0.6425702146056418
0.6438571800782491
0.6964190524868251
0.9986087671781134
0.6597439023778752
0.6416442501486015
0.8781491013667635
0.14151076950841202
0.7166394454418051
0.21770278294543965
0.1390536722392003
0.13816983440667863
0.15871737045107648
0.4327964946624009
0.4529955087970422
0.8707132082895429
0.7250402660283326
0.39274310702417126
0.7461184492602746
0.15856104597751464
0.2513737984301727
0.2936085264560254
0.9992089877752252
0.9338642621150312
0.7778550050045555
0.941398097674214
0.541499087811365
0.4768154050944071
0.6110252962069667
0.2775255535406189
0.4655965736734342
0.6965949840119359
0.44278093743516855
0.312185959628447
0.27308877757827166
0.07796005162221598
0.3441846330332924
0.5862206764485481
0.6677285710880728
0.033629889687226244
0.6913981014619728
0.18250603791818887
0.3497931079337526
0.17659345700611662
0.2467230605487457
0.12819913974467656
0.2989062356638088
0.2686198999193139
0.5376038756578614
0.23193767128704224
0.7268687216506103
0.11870140266982587
0.9505433781983553
0.36904458939473705
0.9190650582698012
0.7534925606111413
0.6520919926268349
0.6036735508558645
0.4828223833302737
0.9220918626271521
0.26383708785548776
0.1362909132018595
0.5437432511462498
0.12088678586400325
0.32224418721202763
0.4504698293476468
0.9116156356627948
0.42351742221361033
0.34627699696796954
0.713212102655552
0.10353134353397375
0.4288001726482945
0.173288860821721
0.0262773953434422
0.19518938406838604
0.832744303707751
0.4435437022811163
0.12491204037553316
0.6126312603495169
0.2852586176093167
0.9260261466795595
0.1650146341454365
0.5179936233931924
0.5844656152025008
0.12931565515436716
0.11715117356549454
0.17189734373724908
0.5188467716537449
0.7564194551471809
0.9780636852859326
0.23767112944875712
0.3227216880878545
0.4249775599654405
0.13350917941436524
0.05133247271225594
0.981397700009302
0.8553334031035597
0.508714952883093
0.021330212984734143
0.4739315855605014
0.5022281248397766
0.004313570216067819
0.5015365221680632
0.8976299999836814
0.1710468903048198
0.03600715533101828
0.8271845737798148
0.35641764981251933
0.6261153006182467
0.003911850204632916
0.7034010723347485
0.5933815782796117
0.7673062916412627
0.19553012129078284
0.34550411759865374
0.2592252156966489
0.5649023658186174
0.21157951689988275
0.7297560211778942
0.4898963784077772
0.7785470603484284
0.1307032971641413
0.8458727073618861
0.5802036971690735
0.16752603139838274
0.08691310154460397
0.015459014440104224
0.6725660034541324
0.16782497740816615
0.4791931405491008
0.5614314520693735
0.7979649688019758
0.8439396125161435
0.8375247974962968
0.5721759570821625
0.7896648985939272
0.8282486760058189
0.9002555796908633
0.24763369808314906
0.7888242722478359
0.6913012773492911
0.7391952102442005
0.25064631498131684
0.2116761816206426
0.4312098681172317
0.03394783461117856
0.17820893854453768
0.17073674723244636
0.04916552119664708
0.00444045555352135
0.6487984766646053
0.4736068743604198
0.032109171245612966
0.2329769468394678
0.7721956337552779
0.10411532588838734
0.10580114861556267
0.34715913272815213
0.8962331219001813
0.5420937264543976
0.14842149834101093
0.38122662911939076
0.5062511079765353
0.8907974883819771
0.5620419293358861
0.5855328542677941
0.8218391208045491
0.16165084358610193
0.6746523831038532
0.5413546064985156
0.11706644256464038
0.3581438964922974
0.7807278870551788
0.14028990005043562
0.860114295111787
0.4166472696988669
0.38318850817046346
0.04543370769572197
0.9637225014905484
0.5833803536235619
0.7186224345618235
0.9667044407846158
0.28975448442882
0.28065900443737846
0.10959204362929298
0.7792549836787535
0.10998009423375377
0.9924070133470551
0.8980615516189088
0.2347100258302357
0.2956965702237494
0.9210800267817094
0.7206618375208116
0.24810414367342826
0.1258319146699688
0.3439144984906024
0.6731582194696929
0.6630314497443279
0.021390458604986673
0.10567473728948074
0.31608809979408925
0.5758081482803322
0.5061397722310145
0.5211381963609133
0.20376111767495586
0.7600733952914033
0.6986490200110453
0.9858175707189133
0.9312531924628569
0.6877125981568322
0.5409786918840901
0.6603638859569153
0.6287079862522961
0.07440800469525444
0.31224052591507245
0.9395465254393442
0.6571655114023994
0.1841323063481819
0.8226650411796591
0.8218121347351716
0.6898847875196089
0.8973331029695706
0.6731589780811453
0.9231221965517549
0.5949206930312961
0.8973641643227825
0.8031980878480006
0.08172116270392871
0.5815255440922059
0.43931690358743525
0.8695383195208285
0.4966822568447373
0.04446710994638481
0.9848854101322783
0.6001921505649435
0.08346146152699063
0.6442103363928486
0.744570440956006
0.047085137905032326
0.36650404474628506
0.218946534407234
0.8147673623470426
0.9027358766595369
0.6240717034678649
0.11440493632492232
0.9334424545631349
0.17954021842774148
0.2657062784657247
0.9576651777208521
0.7532985853503267
0.08665699044505504
0.32053387562245506
0.9622906574726593
0.9309323098010845
0.6457204445168524
0.4338898541067905
0.2476031319650045
0.929315396474457
0.9834257040811539
0.6490610932714403
0.6667085231933542
0.5419703905752195
0.05647109728591859
0.10991546559557264
0.3428495176427033
0.14577606959833267
0.9015517830724233
0.1158865773113541
0.8440801270301393
0.6968325340891857
0.7598475851135309
0.6206720233402121
0.3380048991130278
0.2567896887467047
0.709470390487159
0.11467737424344848
0.14794660154884964
0.7099650083959852
0.3252417495207027
0.5806581999048771
0.11759242769972766
0.20528890365940666
0.3939157400592418
0.3899887012172285
0.3054716031902802
0.1199840178981203
0.22302857107067597
0.2180025412814247
0.45055103973502275
0.26386090385314465
0.9912165013291842
0.7444704547570125
0.6999448693755775
0.5668217058987737
0.05809317447679807
0.11707600821388142
0.10752347115278282
0.8970994532842861
0.2480165031196948
0.1646267859724747
0.2737029257248752
0.27137792285682827
0.1589122741255058
0.34733220020727573
0.2655084950128709
0.9196919766706065
0.8230340386483116
0.31423800498465093
0.6660268643039539
0.6078547062380277
0.6563343964598543
0.12051178993085776
0.5792748368316785
0.5005852330768545
0.6639224017436687
0.8587133685182078
0.06505883478261343
0.45013283638741397
0.1127895515140509
0.2849986841716925
0.2384376704745429
0.5791096281860042
0.9029968961360737
0.04080165842552197
0.6414627648757958
0.21351616285531494
0.3671854406777747
0.7137056831759667
0.5338383388177094
0.5944798753032201
0.02861927430830491
0.9953952899845662
0.6170183067977055
0.04940684530520689
0.04668472415425973
0.8784339954664654
0.033459268182168045
0.0057407499581512145
0.5865575173934687
0.4007276491316013
0.5409341610475364
0.6028780455573168
0.7015193865891218
0.18820685099383672
0.9714780374750873
0.8951546265979605
0.08575968740558182
0.4706381975792596
0.959454981672177
0.1684448822539819
0.7992320461928872
0.28806293023533014
0.762252032127275
0.8359736777840704
0.23765402814459413
0.04818453227695385
0.34698493780876805
0.3367721554929469
0.8186723185676481
0.5668823124995788
0.6554807569561534
0.43063524572617673
0.02057943132439488
0.11532990679281419
0.37550973480504746
0.11025882555087219
0.5752242885869543
0.44161238986139806
0.375846709083956
0.09795095039649715
0.8045042738649587
0.9927894869896626
0.6053091523216444
0.8296531799351546
0.025477882774979865
0.3824893782150779
0.2151398638212918
0.4987899757124732
0.5792192687953581
0.35386664189829187
0.35737055326101497
0.5329831853188534
0.5939496546105336
0.08509420249782951
0.36432006856585086
0.8422368223280505
0.43462257374238944
0.7329236769438754
0.33226511073176
0.8843867597334081
0.9645698684883524
0.25576282232004477
0.4622228291292402
0.5100433834343792
0.7930488075894778
0.7689617797029612
0.41032408563204303
0.5483054184464244
0.7320800209359174
0.007225479699383031
0.6277258539385385
0.7973317103848627
0.7414704304778728
0.8731848402015319
0.9932559728565914
0.7050399379966973
0.6716240513197763
0.17583651139531886
0.08092477618323579
0.4643511030064269
0.6281784535606889
0.21794008480666827
0.49052929600693007
0.7765117997321597
0.12066814649280777
0.7385823758231201
0.12857959605440739
0.964818974721123
0.17280212288395158
0.33541671870461076
0.5310857932587835
0.11397269431396762
0.6468233521328477
0.7167335065806311
0.6219962138703401
0.11633002136211579
0.737725290953185
0.46336391135025123
0.09850084694248695
0.36260317900246397
0.09537004340826383
0.029472935571107972
0.9974870495711646
0.8596598600304698
0.31105815713713847
0.263258445181195
0.46829655345332544
0.783189823477733
0.7964670134428472
0.019433536090689985
0.2539604818062393
0.6584532852678142
0.13894148770329284
0.9788467239231717
0.6082658800763167
0.8816964582450207
0.31556672228094207
0.0924632339449637
0.33860899699198455
0.29825922008240624
0.35006256062584495
0.3013285606907724
0.9847207549247297
0.5681779136104983
0.9782203048378124
0.35285657709630436
0.5950857951562512
0.06376642923255416
0.5736485708785088
0.9019793839400911
0.017837852018382838
0.8450587918364824
0.9863603325925566
0.6592542283510266
0.2646335663501286
0.6927124625327931
0.5874705534938067
0.021468552460741308
0.30352081306909795
0.644873993849006
0.311261235594805
0.5714649068026143
0.1699622694340761
0.7435396904023093
0.3741452704718232
0.8282552742177699
0.4210038658184122
0.2461635958526751
0.903263358958669
0.6150200699027788
0.8166891319750558
0.9508750648232352
0.7403846473775201
0.7941561533664664
0.9761561444762353
0.7937611930816101
0.6729758459937111
0.4574874632111092
0.4036990433214185
0.7430355802351031
0.4860664111124322
0.7015699084978032
0.8468499947842972
0.6442642308585832
0.18173597763557536
0.9673634383321026
0.2406099222882635
0.8377648813790359
0.7663517096695707
0.4808164357336179
0.5937265045481225
0.00905496928380467
0.9210669838056629
0.34716625350412833
0.5574156721361048
0.10246761886750977
0.13096235154162528
0.3687690850876638
0.05838952061312619
0.4727989095275267
0.5506628098620784
0.4355607198457293
0.32729657026097625
0.6756077170180543
0.6239381538443988
0.7349295207230433
0.048810168164940326
0.1029312578500815
0.13905345642413802
0.14626742496729483
0.11976224753273557
0.7764279203001351
0.4151274425634992
0.2063172001879262
0.9078003958407704
0.6461379694114133
0.3581250844911499
0.9036616118216473
0.0012229165797417174
0.46111236510714315
0.6292375919087144
0.4474366618201169
0.8591605008889537
0.3433116550428459
0.5049349596152878
0.8378699488738968
0.20401530807594725
0.792965665235112
0.4346032597019399
0.18991182994444966
0.6556851923032443
0.2599584083091886
0.13654699046221264
0.4523958632381516
0.845259822027532
0.0054418748783520154
0.6715163215048061
0.9875254405348113
0.8416701521787072
0.12801131020361578
0.2022534805991626
0.7746412891732114
0.13261747094722864
0.6277562074892497
0.05745606162795358
0.16607139501195722
0.8622401872093327
0.6840631978419195
0.04308895226874565
0.8300069495849253
0.8693415501928952
0.3990565573502044
0.7342166625624071
0.017073421037559267
0.4531643472156779
0.5445429006523945
0.7710281162643039
0.7184153258529103
0.3721983300155448
0.23244921202356283
0.7601742824727148
0.3401218012244098
0.295018275805354
0.5070877240592322
0.3237462405125303
0.41471850259382514
0.950922823253154
0.9383936877429365
0.5555478027596724
0.4607431690356477
0.19332667951613003
0.106497815077371
0.5090555344420669
0.5429264451088796
0.9332674208918859
0.23679841486925313
0.3786973900175765
0.562712245812046
0.11075745034681339
0.15011211350928622
0.7036560615188079
0.9345701827624916
0.4149577338502748
0.36384385042815937
0.5209159066290865
0.751672901683525
0.3782067178487638
0.1941063228954708
0.6115242034885225
0.7186566445763825
0.20749191190858784
0.13257333756225476
0.09607087399097902
0.7581582515101675
0.5520809122392228
0.7814605795852599
0.046345490711565684
0.0031240887616004187
0.5118965220149035
0.8693421706065091
0.08368030810220584
0.7007829533788388
0.897914341679334
0.8287568638802177
0.33621727294741555
0.2628574220008656
0.8124683188153158
0.6731874502272207
0.8976997966605744
0.947920775452212
0.7534217042302888
0.10043027384872705
0.10384263504099966
0.5461431159856546
0.9626596114601194
0.6924016862737464
0.29036610584867617
0.8548788774864154
0.07795271626980349
0.5750437357525552
0.07238705152936609
0.9015382178434206
0.2661529257430424
0.6973438092256722
0.34186207972094107
0.36570490064306604
0.4734499446712811
0.43697377098255885
0.3882217029328502
0.5819162559152246
0.7113462267578977
0.15054269391166286
0.2016309083325878
0.4513148503995382
0.10326294677270964
0.4855082267734483
0.7497984702612218
0.04320431670661773
0.3050701988873884
0.3667895472792143
0.9715371018615354
0.6919582729666689
0.12214123928592124
0.9795122740278764
0.4443635071872568
0.3806271951236545
0.9794904355908082
0.8101849229535052
0.7211175109770699
0.17272128319882185
0.9944430962638202
0.047307811193041394
0.1304673864313629
0.2925509510787716
0.17826362050373024
0.23097161179712666
0.9596391130246468
0.09156124593629433
0.9913339494545566
0.3111136796175821
0.9880471841782745
0.6620687747761479
0.19261460554571264
0.7994281638602005
0.9561213455631584
0.35559449282371847
0.08447361596741965
0.5993417771351832
0.6202059272800344
0.6268819923974563
0.15985085753978423
0.06543887455807229
0.06871070203730556
0.13348533182272238
0.9886546702206715
0.16169175834902216
0.7519585031614069
0.008716470289494738
0.7935316337147137
0.6155238369938028
0.6816223977387754
0.21231745723959194
0.05554787383729798
0.8118434061941482
0.4289638149034535
0.2566639194315893
0.047467139619398635
0.9511992239506889
0.6984013750310769
0.11661002582084701
0.7730980075406452
0.49866333544384434
0.7594550835710021
0.6933915679386894
0.9988499302088252
0.07516002684914447
0.07779306203217518
0.6125523438185615
0.11472748242976472
0.9557510367112583
0.7659803722978383
0.3923608514358654
0.048050640677795076
0.33154457946076676
0.6482997158431709
0.04681859397396382
0.5854015822739107
0.8280518605341353
0.8984821246385514
0.5348430708852738
0.400504154786962
0.3463989130329055
0.020868906380505536
0.5483083042641207
0.5971701991432697
0.21055960261953377
0.6856449591584707
0.1815816025097411
0.4593748954871213
0.7060214115594026
0.5292980688072463
0.8260202748603955
0.9058401300211292
0.7378213301332275
0.008160428453420132
0.3405350132974737
0.2144669978423729
0.3075023313452201
0.5288046936973666
0.5443932255124623
0.9287252204285626
0.49171625653618967
0.9973520145506655
0.5985691831790165
0.725108300975389
0.43571219859195887
0.4626512115680972
0.7943517893471549
0.3144568824162227
0.21333835699989023
0.35250783683805587
0.5961223241312107
0.1641952213207558
0.5668187074364235
0.2563116507508203
0.23603299828294888
0.07292380307756863
0.8735451449169391
0.7712063960391741
0.34249892595210796
0.2364578266379953
0.45357726709273294
0.5819657199337637
0.6804267687391231
0.8711506714454896
0.06580611280451754
0.07621950213767503
0.03406341915629152
0.5092830826741805
0.679040229368166
0.4654911350021629
0.6807007487753551
0.12054370014381743
0.15813439447432087
0.16335417489322135
0.6429129072552128
0.2665681666063321
0.27102435107792977
0.5729784801477265
0.28957469223764176
0.4540989308732166
0.8043322687421148
0.7965345405196835
0.5358678497654674
0.5252573293082602
0.785163109487683
0.3950804082922815
0.6192780866553014
0.8720462228001931
0.3103893198163309
0.9706402221960589
0.08037596717214412
0.2624759389245799
0.11805333665997653
0.36798031228384953
0.14044314340233688
0.7429380684079604
0.09305074257198098
0.1325070066707884
0.7179005224664188
0.4796489556447837
0.21941746922568373
0.7892999915729279
0.08531835131211907
0.23430691587574848
0.5350753153089277
0.4406739950419981
0.7857663950445072
0.6631257265549707
0.11526308165360954
0.7661092812739737
0.21156171510636157
0.6010797198980776
0.3225704525704085
0.3669187481685623
0.9238318201239549
0.6374722415248488
0.1472933433675916
0.33505858275587375
0.5710984898975409
0.1117862301764233
0.20799895704903115
0.17279163627970506
0.9638368711657427
0.8241008923445448
0.7939724063023695
0.4414000633250763
0.8607123916388054
0.2177401711067094
0.9438108028487001
0.9625403186409716
0.46086056203869785
0.026390271195746107
0.8529366449381072
0.6118695342900633
0.21385710876678654
0.40033362477501966
0.3951360297270117
0.050868136543197884
0.4788771893356828
0.9685541312933876
0.9477528796501699
0.5631657102387593
0.8167335584713095
0.0872119870838759
0.6593012644586286
0.6405655263527864
0.9518523155920452
0.5490051055895275
0.15820131836084494
0.9348483807151632
0.5644322620566165
0.08385482065442884
0.8405585715266397
0.2107672235619551
0.9181562716018808
0.3204598278787387
0.4424120801406366
0.6224070526686502
0.30338979908988417
0.6385628502021583
0.32184411838446203
0.010900328779567592
0.036806675726227533
0.5094340005440012
0.34571901033761687
0.6846867806214495
0.26512202929340023
0.13311232224558545
0.9691848494278398
0.33366875644981653
0.7695578856787265
0.6346004859133091
0.16103984468727284
0.46947908352869394
0.9383600332306946
0.7535385444214672
0.9259692442570396
0.6749146689626576
0.8755452537200382
0.17715154073954698
0.23004357381181084
0.5053992109611751
0.12312733350974503
0.900785627253506
0.26913010233450974
0.36260068721722594
0.8684980185746443
0.9863596808232897
0.08328343711391939
0.8458795164458155
0.2685477628765227
0.6025383282631018
0.34295359405578574
0.6501947047931961
0.0696896262172827
0.2595912619302214
0.7495921120973613
0.2441120486266436
0.2616096982467595
0.324327694504844
0.33364356905009007
0.0033029548023545408
0.1251129556852585
0.1422800730153414
0.07339535584692991
0.617069445357561
0.6867383033019878
0.5212358284521532
0.9601462744383942
0.296921652256274
0.10013237747903014
0.0789023051272516
0.9719011191551972
0.9596402150235436
0.8759966314333569
0.24504596781666377
0.5536745903933694
0.5204007001044957
0.7124926763341088
0.023800797739614854
0.5658792458579104
0.15200837443562443
0.9223807989458208
0.15153778875061563
0.039582298434681196
0.717481717128319
0.9227303960081805
0.8769718413732275
0.8094126023337848
0.4267236471737531
0.9155968709481742
0.5921224388380938
0.04562796518288725
0.7987228700221611
0.8174124112702182
0.4038575058489513
0.5304977461794179
0.6967410262486784
0.1589045267753053
0.1646343646805699
0.7074899107870527
0.4483666218036618
0.06036511572955894
0.9302760438501093
0.6662330925997106
0.5983367036659277
0.9884398554505515
0.48085599010988267
0.2213830376248236
0.6908035118306963
0.2936351044501134
0.6586027101390596
0.18528737399985862
0.6657311754609442
0.597690920159505
0.5912243203686331
0.7307226368431433
0.14112032272482045
0.2173865688163319
0.3324161016689251
0.1889027658983824
0.11816503228094055
0.3380997719000838
0.2524825609070891
0.9958732142935524
0.4316515604321667
0.25845232895641856
0.4295346035173977
0.22265293050564283
0.06153563727580391
0.47557018425078357
0.3282601529040443
0.4346772529068764
0.2904703097259289
0.2105300473409505
0.08630553832556931
0.515020394142612
0.18347826689124935
0.07404146805079304
0.7271344904628888
0.9097320124660648
0.3304822441375309
0.9553548973399205
0.6978591568304753
0.18054264052815605
0.8897391398324165
0.34700434934332125
0.32026723757898845
0.22709858538750638
0.10082529780752392
0.8104692844234368
0.9370550717118137
0.7372442979279185
0.9062898217049352
0.7784309900332951
0.5515915963040372
0.32437247692962634
0.8262643989309064
0.31721084565518787
0.15413061073056833
0.8237955564612751
0.5957929289724033
0.7984581915094565
0.013743626718533242
0.966997962615315
0.816396148566552
0.727267946241903
0.053781952430172586
0.15897870919701462
0.9853021097223498
0.5028932711625601
0.7817109046744348
0.576604516799021
0.9608529802551933
0.5799699809385892
0.7933176735701359
0.8263542021220598
0.6342671287639442
0.5590477938268346
0.7110696338995683
0.4063122337794949
0.3881407045233186
0.5784965643914156
0.014538154735841857
0.03114217072663028
0.6324289938688804
0.34051599309293823
0.7687913543675222
0.8873274678274287
0.180025059955087
0.34448384706002966
0.9550519161793531
0.7342597633277486
0.03198895837374527
0.17468167588295203
0.21131063809099915
0.9958109440300413
0.10321839860499227
0.2545860250900285
0.9464961943430319
0.09559779191143503
0.8289655654681937
0.9327960384620753
0.23355565706348813
0.44516746713117783
0.46050299434351805
0.1618662960574142
0.9122066666237996
0.7054496045358645
0.8960967140590356
0.04508190508896259
0.9791481618493162
0.8865460292929357
0.6372845683572542
0.3495384384165994
0.1832051772611769
0.6205365605190574
0.8039002328102445
0.004659316588463636
0.9445008370470085
0.5701243252587639
0.9957626553385898
0.6021020331212522
0.44284368659321904
0.7341874134611195
0.512599265909211
0.08331307058892934
0.9310457949533004
0.5078173903334507
0.5856982477031565
0.9383492942755836
0.7722947642026133
0.024728363313969992
0.3587799732706043
0.26523753382756
0.8820273490566042
0.2959134173104876
0.7571183327370608
0.5227134397818367
0.6329830515686076
0.30831405598483697
0.7677133255250644
0.49943500733250634
0.10445425108281858
0.00634753465565574
0.5122326229478236
0.7571886919991652
0.7837860324844003
0.46294866120786504
0.8148035599021918
0.7593980979119834
0.8471023424407668
0.07752488049320005
0.6981295640855963
0.400581878497271
0.5887836875773099
0.16059698264152467
0.5915343099432919
0.9350141185954183
0.19952888381558787
0.6318852139108057
0.5823197665353914
0.6285531525542302
0.3979648243984176
0.523498596861601
0.674299091203449
0.3081526584831583
0.4776881772785244
0.40379276640432804
0.23563264481542523
0.011466955994795414
0.6230870164303871
0.9777448842706989
0.5817894809683131
0.470946921217969
0.6411256760088396
0.10005942214107488
0.10247499424054418
0.3144447628741809
0.9941113353549138
0.5764403878597342
0.7671651464294342
0.8901058845317601
0.30197876050015116
0.46726851820508664
0.944597102700907
0.380052324312423
0.8214159447084048
0.45672413168969306
0.10246462697852454
0.3361260759980341
0.7786137047753192
0.2799246528568522
0.40812302928406774
0.3750746381530241
0.9627959612068575
0.5558111097181808
0.8273154453870653
0.2059759846617979
0.4432768680254324
0.37791171890902375
0.23655323234997172
0.06806431452227668
0.9832992531799086
0.1135328717111932
0.957373920118974
0.8051186317050687
0.36905396422486436
0.8108626184726241
0.9905727049626303
0.13825901829236253
0.0708669566031781
0.49421513168267217
0.43027742596085106
0.4939265273571273
0.4906900565895349
0.16393814470251789
0.40676938472762414
0.24802006239355145
0.7320989127428531
0.2040199277794955
0.32464699512573936
0.010068238694661003
0.8520404926082908
0.027069711428366006
0.6580243850045733
0.8038735608352637
0.5566735008614931
0.20311293522735274
0.11722306001891936
0.2679345426828573
0.6669476611401228
0.06761935554340548
0.07656321714242054
0.08483824945796015
0.7415277744027938
0.0454459772007062
0.0816658038418615
0.45336004206721603
0.3055041541711646
0.258206156643248
0.5600982911381411
0.9952494301893946
0.6865443920722207
0.5686639058306265
0.09647442396016626
0.5880417069034882
0.811184430674401
0.8861183161248173
0.18881880327095224
0.5006490428484552
0.18609798505103659
0.06773837784538417
0.2575529092707729
0.8036665521075318
0.5390245702424132
0.2626496170151318
0.7796612343030974
0.7495314106997027
0.5089243424570645
0.02507558278312927
0.4980518076062195
0.5846644280883783
0.4613427632853343
0.643758340079111
0.3630352873251924
0.26922522285769934
0.19307627834172236
0.693921612859535
0.16358405597561054
0.2745116738860599
0.6768504851280898
0.6789443750814466
0.06075562497472342
0.1722370191378223
0.624522543534169
0.10807100407250414
0.3184049414388366
0.7929539431751864
0.2922221079355818
0.40569070306698163
0.6065551983256225
0.13159475417320765
0.8620145842544855
0.4837912155323014
0.699007400678513
0.5717114095323729
0.14912497350232057
0.7836989146015669
0.7737980949542873
0.7007903092811649
0.7201689998212527
0.5232334110733196
0.4376744626190663
0.025464993035594574
0.8794050321746172
0.9420054159484021
0.24083013987605273
0.8277712983935297
0.3025728296854022
0.7328881269443156
0.350405456353582
0.5821688431461662
0.9459888291351509
0.8741314328416468
0.04679797253711404
0.17238934017402696
0.893572558866105
0.020361167849633377
0.20112986828691726
0.5135973596520327
0.9973116094036218
0.38938317224722063
0.8570087745426455
0.5016123804890662
0.9563748772324402
0.5571246542271848
0.27850233764891574
0.9333651730651253
0.15363552012097503
0.5175332739961507
0.4198982841687622
0.13187842562065522
0.37853575909272763
0.9695431434186869
0.7176011719420068
0.27592419548294467
0.8968069649940575
0.10879238459953144
0.8753775632271229
0.8816712147989983
0.8076281471171419
0.45779618322451776
0.055230604588792476
0.2863458726979349
0.3262706479575145
0.3462143483343483
0.8956824726652496
0.6329811186015104
0.16673793197272457
0.8939520242661413
0.017895294997854805
0.7594272675461379
0.02106513005416255
0.5398664829900491
0.7994655211576404
0.12916738725548293
0.6834578850684732
0.14655322590007414
0.9580036452636175
0.01628023396275924
0.6819334375596443
0.17228977079744923
0.4725879470730895
0.008563067177275063
0.6378640866407924
0.7307481675763955
0.5522682602623094
0.6258660053319967
0.4219336309586649
0.6315270313137407
0.2025306597707155
0.6096190672177391
0.14923504874842664
0.9525917632135741
0.12094307041006813
0.5140216391354723
0.10349422245265227
0.6234302298790118
0.20479820515852887
0.951348947884501
0.8195951024929384
0.8192796127278695
0.7735867200122719
0.9051158739218446
0.7168930910246517
0.14947890659902374
0.16641880195502345
0.14363771845029272
0.3049699832427847
0.13818653872551512
0.07140394969741692
0.7692928603360574
0.39194072670980695
0.05790055927448523
0.21427854564931947
0.5250411550262574
0.6442757671139296
0.08147836666026032
0.7574426572269102
0.5841075304760831
0.5948677083181297
0.541943624150878
0.6693661523368348
0.9907898505811183
0.16408153783242685
0.6857639771369455
0.19155401831048713
0.1764549277880213
0.9394364038652707
0.3010962562633498
0.754318958951459
0.9864922567843676
0.11946150363772023
0.5837023300459444
0.44470693231435676
0.04539725563165686
0.7072112343743793
0.7660852410571801
0.4000211074710417
0.14670689356838273
0.9158017702922858
0.11092677146112395
0.6431720348207374
0.446092903142962
0.7527404479150239
0.3180067741549093
0.9449606141517135
0.855441348095039
0.08068696989970425
0.25996342558219787
0.6620108735351532
0.8254072614157214
0.25735524629502715
0.13122663761923437
0.4780762272170711
0.7144181583171392
0.8732919638166716
0.9905310311610143
0.9081331089916141
0.9183870530226353
0.6370129407805714
0.9909257701964777
0.8021392841887975
0.7722716797459799
0.16529987684319214
0.1751057629110524
0.3432361454763646
0.6829019401989866
0.4524427518296248
0.0318427549181749
0.49161819557149644
0.5151102234398968
0.8058289838190439
0.6477515403345772
0.5246586219372134
0.7832901401691776
0.4379473465669351
0.2688272211448106
0.22231762219263396
0.7342186499416326
0.751760161702375
0.8884746282935125
0.9900126982645161
0.4001576502527553
0.004431283702926336
0.6481144113974873
0.5507360417136745
0.0019690889050029137
0.9509089772002498
0.4875115099785041
0.9549252572261515
0.746665221931003
0.3818341902120793
0.7604537558811096
0.9542991556804706
0.3557289584097212
0.5188096347582739
0.9048140010723916
0.9549696005406015
0.7271931226074659
0.9117068703094992
0.3171798621699753
0.8404848444042397
0.2262853997395371
0.332396060197201
0.22238286958292042
0.21187182887507228
0.7658642900753758
0.5898246241099776
0.03727410125991215
0.246645208702729
0.7233669827151994
0.9920746218277032
0.5921183222124282
0.9607520944701281
0.7813283478833754
0.05601860826106286
0.4368188872497001
0.7314063108671076
0.6790441709127835
0.45849763139945043
0.7620619021710237
0.9519449294501569
0.1687691022704133
0.9391120280202745
0.8861548269129694
0.11979897434554254
0.7431353753546813
0.9014818671637504
0.4614170611321997
0.6319845199645663
0.1547446867813449
0.5409619736371836
0.8792961208107314
0.7975703672595349
0.3531740692129184
0.15989621923999509
0.6570209051134528
0.754370573569452
0.3277230890593865
0.11584176771399657
0.4498727151500387
0.2454482607391245
0.9735231283799736
0.1512277800915176
0.07887039688160302
0.8510881642021936
0.6933158995979959
0.9425577448512961
0.06364189917102092
0.44620802492781864
0.6380614811935248
0.332943712871797
0.39145510982477894
0.45962390953673815
0.29428589701590524
0.24779589748660547
0.11188121917199922
0.8899178163605435
0.4532970243355091
0.30366516758873685
0.29709526345448056
0.6916526154045153
0.7895089731029653
0.7901915498680774
0.5636540352385828
0.042456401776447494
0.7092587015848982
0.9491962278221922
0.700992222119599
0.4882008405617271
0.4916640707803228
0.8961935627715292
0.7385493197416756
0.5152451399886127
0.23504216237476083
0.8100943801231747
0.9770760185000796
0.9841495212260766
0.5756061959918114
0.13554863794975835
0.6745103722541362
0.7304368689800587
0.9782863551366846
0.009707253873790678
0.2144034745123674
0.30264389604820974
0.8983044142532429
0.4798160776896453
0.9736011931330565
0.7793980041157148
0.7068579816295265
0.7900079837786348
0.01825220132311456
0.8089457988438976
0.617028010080643
0.19411942403594307
0.7772972348344567
0.22980903468692693
0.9431952897909738
0.9359737486374845
0.19037397765742436
0.3691771870067183
0.20579707701080208
0.8268870854496174
0.24928728074597184
0.7356567995253664
0.10933231674885491
0.9316958838046167
0.5711970878328981
0.7959961197849548
0.028838372191410944
0.7749198993337516
0.5508304901368097
0.514859956703693
0.8581567628254483
0.9085661599982079
0.5454593606913649
0.77115510863396
0.5411158017712819
0.7017685053123537
0.5651516306978299
0.9889737782336248
0.46246580204572363
0.13812700431199076
0.17741451890873783
0.5833066637305446
0.874758227419505
0.48097636196898597
0.03899404124867867
0.5904366235677169
0.907198574557449
0.23528600396623478
0.8013574235182516
0.6628151951361078
0.8438931520246127
0.3961051345666079
0.8742236463573092
0.09414294830765113
0.038993540551882644
0.17851924919507212
0.27643377297560257
0.42886858307185904
0.45998361380244823
0.41474214874689797
0.19652135601489062
0.040310530128923605
0.2225795205149279
0.0635837007433313
0.3875064520448457
0.06740131164573648
0.5714265089821817
0.25743595171963096
0.39292851447817667
0.03906628837952786
0.6490327297137845
0.6985184223378266
0.9489778022303902
0.7497830123227609
0.846735349843716
0.8192691896587676
0.2725657211644067
0.2740834399059775
0.0642581218481102
0.5457081224848442
0.08185626597909756
0.10579076664930831
0.26272325716094447
0.1664777356412368
0.7782006112626136
0.17528624328173192
0.33423964595694744
0.4593735056262832
0.014732969824545639
0.1024775504461698
0.5041032042122875
0.046463560502445045
0.4943288351265457
0.33746326344580446
0.3014245642380057
0.8542757796067966
0.01650019832868188
0.16136222064980477
0.7317298909678634
0.9274900553832445
0.9245742470208161
0.17969614628549535
0.6912959658080737
0.8313981620396069
0.15823173608361885
0.6872459750163705
0.8425928425245007
0.16803181534374434
0.7785780426836844
0.7296927271123801
0.9330768577060468
0.6667861725925712
0.24138320288837556
0.865281374160668
0.701062748330876
0.22160629397023823
0.06778832322535644
0.3860989539601467
0.9581532468173591
0.23385802315279658
0.15868656648656787
0.46201265930478785
0.7570928213402092
0.7946244298125468
0.4391713375736197
0.46512384296022513
0.46615857712626074
0.6534883795070041
0.5089285351366458
0.2751105905129919
0.026566455904678876
0.18869166599553333
0.9248529248029391
0.9526429354702838
0.9185402373281787
0.3313616859794918
0.9064073967961052
0.28643797260966564
0.7595545034992138
0.06092185239311154
0.38098534786994387
0.5382377597113484
0.2595634884436969
0.6467346216288984
0.9544348153222508
0.7812931509741331
0.5954625271556235
0.48974282364434574
0.42709950875517133
0.29028798458456706
0.9771157011430719
0.7886361417046766
0.6142484108047729
0.5649123496812617
0.7632822952978605
0.4802875276795019
0.19303413025728666
0.7685260774153643
0.32563757331247
0.7561328919751419
0.5970338508637474
0.914077117440572
0.9894859160760143
0.9099538331059357
0.0853911547518994
0.012848332698165654
0.03195867301623401
0.8496444352188025
0.47088908061703905
0.23645573834105837
0.8772671454914878
0.9919942009173651
0.5184146972877453
0.9804102492070056
0.7324480072306169
0.20336059835999576
0.6393688488762277
0.07069810172047608
0.5399942061652858
0.678863001950897
0.047665679512742365
0.9115539132313618
0.18596988408056347
0.05655020276554035
0.5152070677910503
0.624492751053467
0.23088299948710989
0.6740546535707156
0.16089671458855592
0.9727997472447512
0.2581950548921743
0.29109869058163074
0.36915266711332195
0.6598112783847411
0.3500153849011006
0.9680834433704083
0.7687238252401175
0.9121822974250745
0.9472003516577457
0.4436883145473478
0.9136460609308519
0.7090086162068254
0.8364107919834118
0.2901662385664159
0.797061930879776
0.8164472034333784
0.7288991934511228
0.45971272082767156
0.8156084721969316
0.4556033038482893
0.023728984654225793
0.9254081054921155
0.5580545394680329
0.44935580766537153
0.7707093475599379
0.7456955929163777
0.12566758593398342
0.005741310723389792
0.7718386305564666
0.12060748203620009
0.4723844262143335
0.6092768235032369
0.5318761607153111
0.16530043774151504
0.4526438964593078
0.08540137724720531
0.5607995028116731
0.3171491323166472
0.7205363333603161
0.8567906014453822
0.8396424200541148
0.20430458271484608
0.029723581258991993
0.49234088151000277
0.859552210356573
0.4937488851228554
0.02908149808725813
0.0699868289886979
0.5003026871589046
0.07670220118894511
0.9464607095901539
0.9425742340188901
0.8982818901974254
0.21725899961641415
0.7980217629257176
0.963972968717416
0.7878016200317365
0.11165132645771103
0.4343271142114409
0.07496387536527582
0.17298407822894868
0.9034588589427884
0.17136163391522863
0.7093822533237356
0.7559424552129544
0.736112543211628
0.6078356370313291
0.19199502704233773
0.41929105021456503
0.7969885764093703
0.7727664523384339
0.865233714045083
0.2906088548140118
0.4872753223214211
0.1832877084429897
0.5411104201048421
0.8833550431789428
0.5000461358885567
0.028062423496900135
0.8945898421057369
0.8669691172821696
0.3548357850741465
0.6971486742246565
0.0583701732987858
0.2653765100655636
0.18620044772750055
0.5625126285870169
0.06956805691759527
0.1566462777579697
0.7619200322757164
0.1177019637337462
0.2916302344312721
0.9142645568982033
0.3973383580037837
0.41890815966610173
0.9116948380965408
0.6609820311254965
0.513072134600793
0.02600513542255345
0.9715224139207801
0.4901941803804817
0.5967397000323125
0.2664905715748901
0.6150320292219568
0.2160499235656308
0.9919592028526532
0.35031507224120984
0.21311916773661332
0.41587032293182613
0.8905264860557
0.5350375692971729
0.8024263475676583
0.530446582379434
0.30307423127276556
0.6530064948030491
0.7129874348302263
0.7362806154846754
0.49466688605667186
0.6147012476484254
0.9991612953733645
0.09966803011755054
0.29056925932431643
0.3263395880779959
0.6236486222845611
0.002864267742273441
0.7217346279389033
0.27181598538079277
0.6215672623314837
0.42654560767318817
0.2497382297318559
0.5128394539354558
0.0911861129597149
0.5699789767144096
0.03920772204704581
0.9361276135082791
0.5395683071764562
0.7537929466619531
0.34698515112567907
0.8064911955100486
0.581962256487287
0.21410546223826532
0.2521818656810162
0.9357676571538576
0.09923116897798334
0.8356604237988499
0.36357819933116464
0.17459416053293986
0.45279296269888114
0.813952229727873
0.6083712772816091
0.4738441270931921
0.13919135081569278
0.9654539964258592
0.3396780228063204
0.7853965664554252
0.6585086711260653
0.32088197802986274
0.1287600987347468
0.1747014622116575
0.6169968340433817
0.8944088050564435
0.8117614471737266
0.6620892968513553
0.8861385789907718
0.18465009300984414
0.47490774965839133
0.37281865081994403
0.8802502251077027
0.6774492545351167
0.5700997025455695
0.3657275954579208
0.314849791118476
0.011886479312727127
0.6809512675803856
0.4529330028338022
0.31719798256353626
0.13251210995234886
0.2513653545201664
0.4279459302828761
0.9667724180244505
0.1485106590220283
0.6187342656788428
0.4417306681496481
0.48494543522716727
0.19126166078102813
0.010935239194397206
0.44380665808425135
0.8939371115005847
0.40711265952558306
0.5434734672641482
0.40066212733248396
0.1810182139600871
0.7547736203881478
0.62152036966427
0.29893481741117933
0.6088831625471448
0.5783479425016669
0.8566965085219624
0.03845215185720918
0.20862488796371959
0.7202530513422623
0.16982806933877004
0.9628454128204995
0.1113633625174576
0.3901696076558715
0.5328086615727536
0.2175047650930616
0.06891849849902265
0.6344182466554529
0.7695427265452978
0.3037067968460664
0.02537867187582543
0.7178324102037149
0.5950944951164572
0.9128631349202248
0.6114477840219938
0.3823299134736693
0.019329604992975202
0.8287612074978428
0.7474577540351963
0.28077660173479047
0.3007524167816441
0.9808951738417554
0.2712883321242975
0.17960293447878128
0.12678145272838304
0.2239208805342917
0.32801738912702305
0.4015449660565372
0.709078655643504
0.13482936350558372
0.5933707448400586
0.9755492162444525
0.9026457374098948
0.08200790482143583
0.48760415444725913
0.30006404875328263
0.9385420306916373
0.511060257514877
0.4061328186793902
0.4155235485855243
0.24265528414855297
0.5403235832994259
0.04618756733923046
0.5388852376728206
0.39166394594005915
0.03326967712173978
0.005972174265343688
0.9456443249731307
0.8465992902432324
0.22885974002839626
0.6705671451837091
0.10490817194381008
0.3745807528960101
0.1914610645203655
0.43753463149443184
0.42208999342673426
0.8695810442077395
0.8800718260439454
0.03336643830774999
0.673340460836324
0.26276087259205616
0.39704370648400356
0.9242867055908588
0.07640334036573826
0.884482176981482
0.4468567571205717
0.5916644705344983
0.3970692463516329
0.7664521498944457
0.4218352834563438
0.050143335219980045
0.5354267337282387
0.6086854011223297
0.4863395941269506
0.9969941700623152
0.5056350142831929
0.32002923782556403
0.8877121170814689
0.5904457911929057
0.6666635682945528
0.9942868317579774
0.9331350290140138
0.8391344627836379
0.42585488193727516
0.41925093170231353
0.6349423456426406
0.6238890692938986
0.3300303375575665
0.10488786231255764
0.5491855364862395
0.7508035815980532
0.5073769506341816
0.44538644169145414
0.6439287312533367
0.7051973527280393
0.1941409020962066
0.18069131734592025
0.4747150811586467
0.452590458051237
0.5088615250938445
0.3229406050843985
0.3180470500989071
0.2851751140905793
0.47701217177262867
0.6817317192416498
0.023348036384774673
0.03965802878823865
0.7698971378633789
0.7948458145698124
0.7376283954030874
0.5521153116347531
0.5075176184612565
0.19081239634798464
0.5402947276185929
0.3732495744662594
0.41418846162838663
0.7527880291945923
0.7190875130269083
0.9288353261845722
0.8535408337891557
0.70602696661035
0.3081773153118842
0.9741133671986657
0.07093111966567556
0.8243536153566302
0.4257876080563484
0.15033576989757447
0.45394290276815374
0.9135598099562802
0.9303953844490521
0.3442826033879941
0.9440355895846408
0.3828140807290048
0.3897422283958861
0.8877463695139659
0.6239730534292006
0.5377660027241147
0.5398317281666221
0.8222207379896505
0.12578478791262226
0.9870894909483962
0.5878864090850563
0.026512571015115838
0.558260651869573
0.25484209804270974
0.23816051197369936
0.10193810181594132
0.719050591898657
0.7701902782737162
0.9322929062937875
0.9262225658376525
0.03907069116626061
0.9754504687058152
0.4018320041491721
0.3090662476727901
0.779057444639287
0.8620803964186973
0.2387540153030525
0.3347310746382528
0.6945242123338773
0.5387268752648986
0.5152401962929529
0.20164739136163934
0.8020390512412358
0.22673577557451052
0.08889779644772855
0.5814441312029724
0.650860981305444
0.35765522607371025
0.2856261172236194
0.3246954078305302
0.5779636255337788
0.16458886490537994
0.8011590088600145
0.9615096347792422
0.17385766465472308
0.007984362101740694
0.9372003958137537
0.39381164632466914
0.4347721138735968
0.20764121605969277
0.4999963314126812
0.4484589838692188
0.6978559923832998
0.08766686197343954
0.5673957543169706
0.0214417737100715
0.8442487533162046
0.9327789104165478
0.00012028991617474283
0.019584724345989346
0.8958826226577494
0.7475058840076186
0.39918672598413185
0.8490807793292038
0.4664942291433114
0.013078946680793901
0.7175287493425312
0.8249961987587828
0.7961564530195888
0.30844068299289495
0.6249462956109653
0.7041587127771088
0.8928029989413914
0.3914797527557524
0.9738846357438304
0.9533919877870495
0.6947824991215847
0.7781588838546581
0.3456862345599918
0.1477182199329654
0.7322872847982774
0.7631574071571183
0.9338268620107653
0.16180616881303078
0.06242859183241356
0.08507587875522593
0.1331118256821079
0.8766614688478211
0.11643082172835695
0.9566343814233436
0.36842537822397503
0.4565052638031304
0.9867437301985246
0.980194120792813
0.15627226215754875
0.48114927167468713
0.9589535340096225
0.46399693089951066
0.3951322268345261
0.39437636664545905
0.11624955666037784
0.16722022957078575
0.13629756574360463
0.7523216067743705
0.18993662456125893
0.5305205138391281
0.10940332576760536
0.6690134260688083
0.7638428565200309
0.47440816374651296
0.6821535680028518
0.11557628541088305
0.46096644367652384
0.9178822704148701
0.2936851181723781
0.39624314769900415
0.539227658667035
0.29601848863514346
0.5591212653381398
0.37525770265855596
0.5745110147974134
0.48736913311008645
0.32343867428250783
0.45576823165715763
0.7590461511639405
0.9188803598449162
0.09516251034028333
0.1320284825596083
0.20493645386867032
0.11529457462425508
0.3188561637235302
0.6825874241162879
0.27271033524383215
0.4986642999747084
0.17306678818953247
0.8370256013424997
0.2867193078362009
0.6384246575073933
0.8397044819126537
0.9667052823106047
0.22128084639111334
0.34843617755612555
0.29816959132586274
0.37976900696901217
0.5611287708046037
0.7367363677051169
0.6947274162210644
0.5282551473774056
0.5776954781987547
0.18701072721792888
0.9514729990780307
0.6095416226843678
0.4538869833496879
0.8724019592857417
0.19267409260042878
0.6477788323958487
0.4452523554054735
0.39312574291330193
0.15936238923833446
0.5257539547225167
0.6957864807873252
0.9388669270521873
0.7781627400607953
0.4131265969235277
0.8871109139907539
0.3663721823802202
0.3557990987265287
0.6663998513170377
0.016795062035511843
0.14116496642219922
0.6577126503008097
0.6707934051944877
0.5667308852747899
0.08094391422381708
0.9244082098956962
0.5920836531735129
0.5897087108195983
0.12918819726688946
0.19132055256561653
0.9008581886953202
0.5766916302243319
0.23662675875246486
0.007551044851413002
0.7737330613461135
0.38763634387252555
0.2715768111443094
0.7303848899007682
0.05808480334830535
0.7916034829847064
0.623552425651613
0.2899683860738602
0.2561874491038042
0.6779737894426033
0.5874064085453594
0.10023266270600428
0.3130473058507943
0.7706025982631478
0.07031717154773787
0.13682553200107217
0.6398953405111766
0.20483337718534544
0.5452786361144737
0.4763296246651151
0.6315816302004508
0.07283098434576363
0.8373274784217217
0.6351644726807543
0.022172755358057294
0.28803338067561046
0.13142053832627276
0.14119047638929139
0.917753831292116
0.8044911837438707
0.006155789150975366
0.28630122845805517
0.5413324273015303
0.6087515985334481
0.3536721329709066
0.08086092055173344
0.8978927437995977
0.5262645429701649
0.5512311267227832
0.3137163914709036
0.1752987008322049
0.6777100484197124
0.33114973237818934
0.43345604792988235
0.7045250946075915
0.3837673128601643
0.142192543915019
0.16539568913974445
0.05515745992014176
0.7463653359067072
0.32223591064524226
0.26627652558096904
0.8063968650596448
0.4599881476797797
0.017686816656524496
0.9634224017122215
0.3827522285124484
0.21481135935006768
0.7321199487415373
0.6200540975965937
0.6979921077749678
0.8083401146876028
0.41148979033574196
0.5733805584567989
0.032952960324489466
0.9893708602280201
0.8332067681840817
0.2511856010521565
0.5163513991692962
0.49247238890617684
0.7149332854176877
0.33441859303966703
0.5244601515172502
0.777517288857468
0.7781015094983328
0.7287385179691819
0.946988668751297
0.6327104635937487
0.5757812907317036
0.8863512699285193
0.885355430348092
0.08262143628387386
0.8765139681424875
0.6356775398459042
0.0543831609499873
0.46464514347258523
0.02320404380427543
0.306168694206016
0.19538282377780758
0.007287380748227101
0.9491564739246758
0.3907363275420519
0.4621476298220085
0.2486602729384646
0.17010063947695175
0.3428609014546581
0.5461644691051475
0.46004693837904953
0.7297847144825013
0.2159922835119189
0.2342294466196465
0.6967555196509579
0.39465801240947673
0.7971659910775067
0.8661125460825646
0.3373008598266659
0.42562754356880483
0.7843493760246772
0.3040793130509102
0.21090991389349745
0.2356335289881657
0.7465433156501614
0.7401253293227784
0.8953800123243508
0.23188783121734957
0.0028400426455539307
0.2600696526153282
0.9488833204719533
0.2566109629276302
0.4827460524698358
0.9274416549410576
0.9490580933531934
0.2489658186601862
0.05619664336704855
0.6022336555857487
0.32672690406176585
0.2951407425044368
0.8956612056872999
0.5414349311245081
0.6951295596767282
0.06169783482024649
0.5848215631767589
0.10512147728190258
0.04361596565002357
0.9018157059022919
0.6921416366934182
0.019612672002988996
0.7556170766830789
0.21637946529548824
0.03585417094504795
0.7635039019825137
0.5839117209568884
0.05340531332507281
0.5809228985567152
0.8949823811853378
0.24140936747153885
0.25416922599841174
0.6636087416104927
0.8388053358262842
0.6968758107701962
0.05484346843557153
0.5290217319360463
0.4807433253314124
0.9568245441032661
0.5038250482956286
0.6669497976208424
0.3922937242205261
0.32735543341501194
0.6706625469265665
0.15549235912232884
0.3515436588604913
0.8495241214662002
0.4398447229724316
0.5225704934572248
0.4675608227817011
0.3662130139255818
0.434725462209148
0.7681645668007632
0.2932552122452704
0.9688986103351729
0.5813163904503482
0.4942607841916181
0.3412767575908925
0.0864311725124921
0.21018745114228055
0.8037222203579432
0.13049247643342465
0.40781754869763787
0.4412245550165723
0.6097867137142966
0.13761742307326386
0.18702642443055362
0.8476048348328984
0.09017318803345487
0.3853785399944921
0.613113358325613
0.8912959423310578
0.17468992762936975
0.5092011153104055
0.10231164079547084
0.27461049414486793
0.5475079823291087
0.07571469760722926
0.2877465723576209
0.7467167304587136
0.7311688431767678
0.7004387916803644
0.6645467007019973
0.4565414330451467
0.49874010271879254
0.6228211240501079
0.12020667774093996
0.253448516508364
0.28989518128028946
0.24538416800898888
0.3832523875772861
0.9653121397878501
0.3750162955116475
0.7544057982343363
0.994675644248629
0.9198751411615225
0.3379357877322049
0.3512134939736369
0.21809237995241193
0.4669593364007907
0.63171325845681
0.912877660118952
0.982779126375408
0.6501787039023057
0.21769452886578133
0.8732783479540388
0.7170718308858592
0.4344278448841047
0.9764815832399597
0.35603783659099764
0.14285291324584792
0.8824799269725243
0.43110608303005205
0.35619063898938486
0.9237876967387225
0.6294429212433086
0.38838014644711394
0.9676238366105738
0.6220207779614523
0.9876711299108889
0.3452999865700347
0.6367783239515187
0.5542253968863454
0.489331515275633
0.6353648977617374
0.6402508560183919
0.7124531082184602
0.753201704548631
0.9268210628680607
0.9994652906620698
0.9309333794034513
0.9197249283517448
0.6693384108968441
0.6764041609602653
0.8763383227764376
0.3119638758715073
0.8641574094212364
0.944423873474493
0.5240170497762389
0.710754247005429
0.40823448845841825
0.46746176786572946
0.11445929575012359
0.021093781739364714
0.3132434414594111
0.31684405651560654
0.07857309355694098
0.9296994337186055
0.34714050552005005
0.7722441058833431
0.3638130933287572
0.09687724741822723
0.49372926302879094
0.2990133226409387
0.5951608093499313
0.5450079152183458
0.5624029749720664
0.401417842471827
0.7552206859423483
0.8729536785269576
0.8855695806771575
0.08639411160519939
0.5548094326835562
0.6081746446156001
0.06413336461780983
0.07190903078009847
0.5027963998793067
0.8338708216404042
0.592686447920137
0.9038748816239957
0.8236523351012995
0.729232029513332
0.8822101534503987
0.5070123315885878
0.6417368212109514
0.356123207199038
0.4059581396630385
0.6481405114620046
0.26081527163175877
0.06026316724976177
0.04856474231394392
0.6390020167556995
0.9773378153827676
0.7780494101086478
0.4037805916740592
0.7682494818045538
0.4814597101320425
0.6101028621979343
0.3432966863040884
0.24677033971025653
0.7638279657972797
0.8543699860979425
0.876318928239705
0.7872374067111146
0.7344414065649681
0.7754707341432133
0.6046367870247737
0.8854189015728794
0.7103168923221816
0.08356164084353634
0.7342616692276912
0.6924398625716176
0.6661340836233091
0.17311337215149614
0.7062745251161378
0.03216687545710628
0.815747333296484
0.47384522692619224
0.24642045144741875
0.3400906842210061
0.45166243885048785
0.6234524759038276
0.14009046644291367
0.9383304132591352
0.24009327450195417
0.03573343013905794
0.981728778800526
0.8605983205087762
0.5087148965385931
0.5636893716670617
0.823423442516534
0.06143372747770681
0.409712595588166
0.25127170946560584
0.7997097239222207
0.9939802286823118
0.875279136610332
0.4428586746579072
0.7751370291806491
0.07861759317766759
0.05741654072725488
0.6540396010863629
0.8404321520455655
0.39510180212208335
0.7708621309177043
0.06667842559853643
0.07113998774452945
0.6918980955055438
0.7619236028811213
0.7303056005752938
0.8715470806968253
0.651949212451517
0.5663551579219065
0.4949350918422475
0.9395794410323901
0.20923810712852853
0.01999619366660299
0.31946132556281936
0.9220639414725982
0.3616246999755397
0.18955671868658142
0.547226467032755
0.22234608957503754
0.0951196189867376
0.3590121067487012
0.9020802039149249
0.0035613399666584167
0.9307433111769402
0.5801701284917324
0.19309179675512078
0.8230854206035285
0.23596302686540604
0.6512888136993144
0.801307082335424
0.932401078507461
0.27829988816740836
0.006301220130756957
0.8984163392649483
0.41176710467154687
0.7512119999904765
0.48279384605265396
0.6497642364841828
0.8361126086244336
0.3845869652316197
0.1298958631600251
0.5873012413830982
0.19187064028559087
0.5483275554325642
0.11064910284767393
0.08814966153784332
0.8776839325803415
0.9046411956494559
0.9427838193916055
0.7536882058951748
0.2814533453643997
0.6500608474636992
0.7787018825748422
0.8306544880103607
0.7810437755476003
0.8184516938564623
0.44064237746968393
0.5319757003353279
0.250200150381111
0.8841953303421208
0.6664373054499884
0.5180336481110612
0.32925677698620426
0.3013196591598706
0.17678709426641825
0.16161574008676016
0.7197732812424507
0.9794353200410312
0.6859271228744916
0.12962814491839736
0.5540072171652884
0.05437717902330841
0.7575423302782919
0.8742256349690217
0.1264957661609991
0.1768392581397603
0.5906280144449164
0.7511484081050299
0.730090139935932
0.2837250326159215
0.902270065777032
0.35087963110831155
0.9388589942673105
0.7121622398832365
0.5887494909632122
0.40558362335006304
0.4887866250956967
0.6406782578210524
0.06533881822650922
0.8344055563790178
0.8507333230837816
0.9664772119870372
0.19226795446037126
0.41588390773978967
0.7237905060998067
0.29525207877085613
0.8343210274445279
0.4899536304387214
0.019391072414011057
0.6702399217995328
0.25619663422613126
0.33168331864746037
0.875378152183738
0.9973134424229196
0.9975378458915215
0.18529844888491165
0.22907126292733715
0.9834588560335293
0.33761227287913076
0.6883418877280716
0.5655142281445306
0.45625846926537117
0.9776348196826485
0.9857201689599042
0.4193982744231889
0.6186855060322638
0.5096965122164809
0.9623330134950341
0.650105101978005
0.9402551718161838
0.19383533422550736
0.1613153807656963
0.33248229212094615
0.8474414264280534
0.7811564149048034
0.33664681782026107
0.18424368617770004
0.9734283028688124
0.44728198598406554
0.4459453617152397
0.651044826176337
0.6396970643037195
0.007329510096175995
0.23005543289946273
0.25479651609175824
0.8743361764452124
0.21972623413657622
0.47680907612190315
0.009507561769331208
0.5278578242788899
0.4941074392183259
0.6867287882584562
0.49106880820004073
0.33496855303931494
0.16265485571642258
0.7885946190543976
0.849283104261743
0.8883561985686362
0.6677640762936823
0.9788820722969658
0.9075334597016734
0.033549321695675816
0.3053879738763735
0.6338952939980068
0.21479648844695887
0.9706646522971163
0.13286045168019356
0.9292885735611457
0.047234894243944336
0.22609340159517144
0.8275371756031704
0.47857620299301573
0.210813474305119
0.3017107872138559
0.9193261322987347
0.8434396848842276
0.35891219851104805
0.03288089330371846
0.05433244351501154
0.09697649116719043
0.6633139083353686
0.4113706591716665
0.5430390626062919
0.4029193846701069
0.4155018893318947
0.27982261508647566
0.7554713650697797
0.4070982029394745
0.338828634528467
0.37525493451016234
0.6228155636807503
0.30419631761560406
0.07090275440928151
0.5770022904845442
0.5420066766048273
0.8750822717032458
0.8520142413212255
0.11421288430407994
0.21985332451567496
0.643274731160444
0.3095822281670346
0.8013149895906
0.7257511490638562
0.24762969237759502
0.161610794041103
0.38987484200299305
0.49732400618411354
0.4916019875814006
0.31524681733207016
0.31161312663325824
0.8882553067517632
0.5416243240907072
0.08874115722983433
0.6473219062658064
0.5253459636668999
0.3938953139542485
0.39756146036301565
0.4187836751345867
0.2295794058133651
0.8135288678065992
0.1847716628979822
0.5121487215940809
0.03468767257944472
0.08171421362014886
0.3391686324744705
0.7316265114576226
0.3791220300692921
0.1722351334640856
0.6055909454349236
0.4643837694548484
0.005691630811798132
0.35623904822291164
0.9864063505765364
0.666869443460324
0.11381651513767255
0.9243258213592903
0.9320342814583787
0.2606547987747442
0.031607865866997265
0.8713058488713447
0.3712456199750155
0.2702655865807623
0.49404883680300016
0.35336661410059766
0.9772263853363652
0.9282253160863113
0.424071881789554
0.6842756915130654
0.8027791578214016
0.7189475690834897
0.976116080560983
0.891251526903812
0.458023290011776
0.8034075217369584
0.3484272889894421
0.2003046982996204
0.24827076688931216
0.9360281405277339
0.41322961572010597
0.8215358299409575
0.21616608814171878
0.30197819074027277
0.6005970338374824
0.4219576704934681
0.33071757188882145
0.3346557743279869
0.5318915482873264
0.15486257303471185
0.9526370457199679
0.2136577803334695
0.05271379347088778
0.8224457352446165
0.29933566217823704
0.40111405429501534
0.34214283203759244
0.4269042569955457
0.40828619137754574
0.7395660640230475
0.36403145395217407
0.7627841191943379
0.08375527834723029
0.27316132608475896
0.9153515960885452
0.6834004165119433
0.2301435826249787
0.9212770335266848
0.258241415751144
0.31225908832170823
0.4857584968119587
0.5800091910609795
0.38445925400740943
0.731981871562628
0.7756299391738268
0.5092497362724195
0.14972946324666148
0.6722453397885503
0.8477108449870975
0.10092176353513005
0.2862621370152676
0.5954115258434849
0.925745922874206
0.9556905121594774
0.7535409058543916
0.6391744215198111
0.657833257016224
0.6131240356541617
0.519247248279879
0.2246904379430792
0.7605443651493632
0.08026666717078934
0.39078638470472327
0.6593040489754244
0.42181005662442994
0.6898267884845047
0.8857693733721265
0.26359940155331607
0.8197432119251399
0.5241724773265064
0.43683088446966767
0.5257547342541881
0.45040105431830935
0.13115533443725036
0.4575123791643273
0.5318952432771027
0.9756644598925827
0.4039240376438207
0.25325708278281234
0.8371294968921023
0.6631643365962206
0.9851669158271076
0.3938903641172564
0.6028232164539967
0.9420686360554467
0.6692639073887027
0.504348156712548
0.7625659440974764
0.6865210835402807
0.7135051869891778
0.34283401242109934
0.7200811845920068
0.5561023926233449
0.46230258992413087
0.9523585276184824
0.02095549069897229
0.7515311708440361
0.07724498642731326
0.06458685981456258
0.8060205642548894
0.7618529691235116
0.5830655492784881
0.7177921152684705
0.6982681125519843
0.5342069613403174
0.3183810759830126
0.7885181689365485
0.8465164461892457
0.9151388293581945
0.28865765905883145
0.39047624975366213
0.31150418617602926
0.14186026822032494
0.4438885696999413
0.028449761097428694
0.35787440897433087
0.9854300332652337
0.8346726906779275
0.5238535752870062
0.329067244024435
0.8425253692764461
0.8019487895179556
0.5657108772063725
0.77726708284748
0.218660366905846
0.46019525103236203
0.559588366115627
0.04945467966265438
0.23589895923184057
0.4528896188996028
0.27608819472625845
0.9086795679280428
0.5565650579819091
0.9809372135741969
0.03703682146655907
0.3113883856384678
0.8682993395804832
0.9288623122828878
0.2552178085000667
0.03650170441069289
0.7578236693182402
0.8889506001941996
0.9633501630328333
0.5420731650791477
0.35876959755685256
0.6675204087404533
0.5695435671129897
0.7261002570159653
0.9555829885580656
0.45756881610374567
0.17869527936241048
0.7746682679048975
0.22797126397651568
0.652338648847838
0.05258679026356239
0.07129542535454025
0.5536074000210801
0.4374534818705844
0.8407417316197334
0.2685545901091865
0.6759889928551964
0.12930241776495832
0.5781449553298533
0.825484727972549
0.4489543482569701
0.018453970347103943
0.21292504908291277
0.2786992912795584
0.04606979958880486
0.8344974323165103
0.2708600547143154
0.7456063080812099
0.5282401975896098
0.22221457103089992
0.3599087936318637
0.8485287465218521
0.27990258342287055
0.5327979885244956
0.9105815774592058
0.398404135912636
0.6229938467057794
0.07869670940728635
0.7180607676508249
0.41867447855009543
0.9660347161070741
0.951104018974261
0.693962700159681
0.28245844748514937
0.9906955150941245
0.0804789226399012
0.2378603538998738
0.5694860397247871
0.03493269048757408
0.6022561557217838
0.6431777343469951
0.7572045363467588
0.0423488595042546
0.3918759610221917
0.4638505216181057
0.22580307225941543
0.13923701190469295
0.2703629636170717
0.9637159838583018
0.20973991141880777
0.0891645186460418
0.24578153227350275
0.9537274091422541
0.5182712211858235
0.8843354846068316
0.4742290083898447
0.7074199938798227
0.4692910619276577
0.89536421630103
0.43245279909446255
0.837418590639511
0.5069077482833523
0.4974961037398191
0.37372974243957713
0.30235162752696976
0.49288621517940767
0.04469931675833949
0.8011161390894721
0.5687171327369803
0.25497419693961043
0.11786043842822724
0.3753455174963509
0.6098801514472346
0.5144601408005645
0.9839701265461805
0.7916376926938702
0.8701842568252509
0.6301279094253722
0.4049271100942706
0.04414341689930956
0.43462833617725416
0.42271643506782
0.33856536115630886
0.9179953765937937
0.41365918855756545
0.979583284147751
0.4394665995740592
0.6033450464378223
0.2308161313333712
0.13713414450669326
0.6181087005922041
0.7662180091149288
0.798874506468872
0.6131578773946625
0.0411992984038233
0.6414358272458601
0.9321508115218841
0.8745013893533998
0.5706608337398208
0.20854503010129988
0.37807246842626974
0.02159177696629444
0.7846411208939047
0.9254546234647566
0.6878846268339152
0.39707729953777515
0.1116357567338726
0.371143376241554
0.43838002442543633
0.6420971437827931
0.9945227897569083
0.9842669824694869
0.8674168808137772
0.8396708737786407
0.7400269224440329
0.865019883162959
0.5350593641377861
0.44941975725071315
0.524482913379005
0.6745256648852832
0.45211418777375456
0.4673069944439707
0.5498457434275008
0.3219445760410511
0.8803112025894092
0.02134370398600116
0.2848990854325134
0.40324905352980256
0.11624569215082625
0.14658738702021668
0.2513377952332593
0.41378291948025603
0.30247859155070467
0.37784154204664744
0.43410380475097865
0.22108327366682468
0.3854748662502001
0.7533542902004838
0.3907457306610659
0.9753510930093462
0.5518872862108949
0.7553450250130663
0.20885399666754778
0.6190124164742222
0.7962798897897486
0.810910971019668
0.8845430849193774
0.21080375359233805
0.058117701897819396
0.2841644806270921
0.7554158283999488
0.0968389440823556
0.2309081516570316
0.5944680478391197
0.9718388838131804
0.570732485867946
0.8150667264013218
0.9037255200048221
0.30224048080053445
0.5371103245465182
0.5628144065897442
0.7164514343229926
0.2149094156800755
0.7230379510369265
0.9154489096745652
0.09251835327172864
0.23174891025486677
0.33515318313303355
0.44735707963641214
0.7016015467709061
0.8118528644120838
0.7446953372487982
0.7401580549353473
0.6298020889695789
0.7083198632050287
0.34703031627131087
0.006840102976613416
0.17872781008742633
0.1298388882700794
0.8328996202357555
0.6210103119148748
0.6190881368128194
0.887994788766337
0.0679282414493867
0.20912960502460598
0.014486787797437173
0.28580666572673974
0.8833963384799604
0.8823376541370745
0.7134687156009921
0.6620613452220608
0.8889129260320405
0.04935941788553044
0.7240974004335777
0.4725008808516147
0.29670125694518046
0.6385108387341996
0.9252042022989363
0.08082943396247044
0.22585111561405224
0.15541460766312376
0.1344966530524303
0.8730643539353437
0.4114856167124318
0.4225336145508656
0.31214499937897433
0.23954142291868807
0.840172925202365
0.7731475340772194
0.5609661506434076
0.08755275784869354
0.5488160104594132
0.6877079383974759
0.7142575285225325
0.21810461535796521
0.2497426164305423
0.1977050887837707
0.23517133979371718
0.43371116183367164
0.4559866096614513
0.7668831857569618
0.9715759545469778
0.944305961601337
0.40458625607310417
0.2991757148460684
0.9421139066104921
0.283856216810243
0.673222306475403
0.07654487793019404
0.2885505921037318
0.36480278438889213
0.9021455527887202
0.08723255922053685
0.669617397487428
0.3195643241400764
0.1076882817232897
0.11120718453235601
0.07476503410701996
0.3979947693605501
0.9556742728467742
0.6023746899400438
0.6614624254265058
0.15112734436056163
0.9500639654231281
0.7931671930738187
0.1843884599516631
0.9307504164871195
0.06349331693705862
0.6204257942023209
0.7432657666846451
0.5794222854973239
0.9115297188654021
0.3429481291311388
0.6765536183314298
0.9899599520930367
0.21034926656074393
0.6495393600105218
0.041904882075279426
0.906681781966485
0.038766361740931066
0.6798859503831223
0.5991759880887123
0.5178695446880659
0.07504312633390453
0.007180061048106423
0.15830981902535102
0.14791892265772377
0.797463865143584
0.6539004735268414
0.8818966511591863
0.6726962098223486
0.8170720599421634
0.29999862608711925
0.7403711187825613
0.5188324469105027
0.8009158673481475
0.0906514869994185
0.8902157452786948
0.3089820315499837
0.12362314765067883
0.5089539285489555
0.535984510209046
0.3070411962393853
0.9402648826645146
0.25037171059452434
0.33928970432396166
0.4857581726580297
0.13866166969177196
0.5981376674627714
0.3000869310804354
0.8073781467670891
0.5011692742373753
0.5489317868867846
0.4755472224112459
0.4994174394259435
0.15529610376912806
0.5837575877501834
0.5068921645756314
0.6401751800612366
0.0815936852640432
0.602991432441421
0.37418449252227426
0.9127716278174266
0.5971703519382288
0.0937177092626772
0.2921580422016613
0.2400242517810104
0.592761341069904
0.7692653654374586
0.7040000692765086
0.17495895124005
0.9557632896291764
0.9693779893984448
0.9002731821738638
0.028148395340951593
0.7474470575531998
0.1525304465225995
0.8501252852440827
0.144339258582869
0.046065928951097845
0.6069222218309765
0.39004337939135336
0.10638555926076942
0.9169806419055523
0.7625811484282337
0.4237969729270863
0.560352044503622
0.2816133118842358
0.06623800803636215
0.5481652950387265
0.7932758985764323
0.4680231495765166
0.4319155799889939
0.6729610183909935
0.5399983347280443
0.41502156918800803
0.6897828688400128
0.9262707414302433
0.6337433422598034
0.43792351858256084
0.18696996989107484
0.9571041942912487
0.12533759120016008
0.8687732891726716
0.30138685681031474
0.7683937220775395
0.4924089116376882
0.7930935078071092
0.5460671009748785
0.08811193002794548
0.9492107711247204
0.6885113490067689
0.8906416245445333
0.06336375360911795
0.7224022301216371
0.5271073633988697
0.9478985454890579
0.3440857076710452
0.5923070433397647
0.17899315961896822
0.0473348229147772
0.3445254273465257
0.11580481736921122
0.41357002077653837
0.16105459514981113
0.839043977297927
0.8960960218226012
0.31998390620549977
0.15198811063357565
0.7941262709432438
0.5050157346859963
0.02614587534398527
0.042056026384202805
0.6088844009445947
0.4165494959178494
0.024627155245883214
0.36469757761285904
0.41890991154241997
0.024058829049708685
0.8430637124410238
0.5059869311792358
0.6432138505843575
0.5868632625084121
0.3342231337590459
0.999891646855468
0.47472536376228447
0.916500657903915
0.9143679086808981
0.1257630348749067
0.0496966001368947
0.28282130866771893
0.21068541586173406
0.021857126725525422
0.5237184899209144
0.44001722007174326
0.5430321829162493
0.4412338683863216
0.9286489496147476
0.38653712886833214
0.16106385115834643
0.8717686440674329
0.5222108801652381
0.2543230898347525
0.1156597154805914
0.23072774468903756
0.19201717020273412
0.5520017940708583
0.05449784444048755
0.17500816049671475
0.9223690187476999
0.059609541414713196
0.4803185444191447
0.47660578798558484
0.02809597657587659
0.23870693762132345
0.21453689275427168
0.542711445237666
0.19830713667451716
0.8046728585562738
0.8601856680473897
0.4366409270012688
0.4684471287593911
0.6692314154109367
0.7416316554796631
0.8324854804869426
0.37001301700891154
0.8973754275835655
0.8938801251952597
0.9387713958202752
0.8746975348613599
0.5308052465444778
0.1673516370915692
0.995276409336603
0.8528976890125525
0.26386711817782094
0.3805396936827903
0.3116044269856125
0.341692453915063
0.27964478149887895
0.808632610092202
0.3044159306950879
0.9099782341145101
0.7151768710640624
0.6478496320936534
0.5029989896142697
0.15123147398703218
0.30739474911002995
0.34596430260180955
0.315372462962646
0.7291842571374166
0.6509699629300644
0.6261964760355228
0.723399231080865
0.19585505865170894
0.23057610583644217
0.27222797137982035
0.016071671374067842
0.9004164031138133
0.04409619917254726
0.6650684017126
0.9181347765173375
0.33891437610628994
0.7774353256920773
0.5008820304147339
0.360321236123454
0.5135147272462699
0.3498107585027953
0.34318906816252903
0.8546316465218142
0.4298130432175956
0.6023196812868062
0.3606738742517933
0.8382439578725245
0.663573391984426
0.733717000105579
0.5965352118299669
0.5969847610294259
0.6122532864139264
0.9650978860959435
0.6547207076288736
0.7661793921252408
0.7736242282405826
0.44322515230460835
0.19582941560602274
0.21374143710144622
0.17616820197056282
0.9893525379498291
0.6149066602568584
0.20468411369013484
0.5303612305300507
0.7411078204206079
0.8561099719468401
0.33626284005476603
0.7757367756323013
0.3410168801812694
0.6576833729393192
0.8555426460231147
0.8914387757835576
0.009754535842602774
0.531384043529918
0.37421247504646216
0.5439845003685809
0.29710906561806094
0.4959334355118301
0.8168092345758279
0.6753029344719113
0.8757295958399194
0.15297943688862636
0.5940524367211362
0.0653184221115124
0.8584393425596146
0.955601951315979
0.7430309599636981
0.3962038109100877
0.07601605017594137
0.18887111308629256
0.36971187500991476
0.9381667643351387
0.0994112659619113
0.4347679474450806
0.629424908513142
0.0445852586205161
0.7301676963669131
0.04063063657993449
0.4534283845842534
0.9045826234403622
0.9290166961090084
0.2745437697934028
0.005540299785982916
0.8216650668145931
0.7882139688392279
0.8015728644091595
0.6520263435032926
0.6312321056418697
0.09999627423277224
0.03117421687849009
0.7251740679474281
0.7325746507973521
0.7754312910868295
0.8544496516011494
0.44128493819492776
0.24159439883381018
0.8323655471717745
0.7262327713137515
0.4304143354513674
0.17510189932086795
0.3680813860848623
0.22155250348538402
0.7611785101969931
0.8497871429969419
0.7861526196016453
0.8637066701555409
0.3204575643095513
0.10173088680441222
0.9820598388265539
0.1312726796955851
0.9843314285241508
0.8250213157110926
0.3756303720179922
0.7958502708742717
0.935317513800111
0.15856296014319315
0.9991708176063316
0.897628097962438
0.6410426174904386
0.04705410475213989
0.13472441071857788
0.5738720163503487
0.49401353924839286
0.7087444911458769
0.8565720881500294
0.08363153437556237
0.22796862083418523
0.03830333530189667
0.04511273045123898
0.14538114935634117
0.47294685209639264
0.7463428919566089
0.012781739057459052
0.6709752569386322
0.5912974066363786
0.3719751982456527
0.6450677475949137
0.9826926417893995
0.516801452059354
0.26118571959258374
0.13635463204443277
0.22891547788986233
0.08106955608929878
0.5612246165957115
0.6736135634633759
0.7075728612692862
0.16009286645483467
0.43381878965193
0.1812465199123945
0.6359652005253519
0.585411810424073
0.8716482932305355
0.709105651904129
0.296951376442967
0.38765567333958106
0.2325284253063089
0.8914867468883898
0.278436071241854
0.28545740612750303
0.4683500874785079
0.5914638409761266
0.18691011879532737
0.6425855131563419
0.4160760910222234
0.7866522061777379
0.8132512624840511
0.8511756896878103
0.6176608701924652
0.8585232035770802
0.15071455393526378
0.34594086087271314
0.8286941057482188
0.8357816634705993
0.8007719171556069
0.7408029187469348
0.46530479196887886
0.7902843970880546
0.8129056197032581
0.8674645998781482
0.18874158514133033
0.7397498356628384
0.011108102570850487
0.21911796368768832
0.6235018690858111
0.5552554287882113
0.36166664886615685
0.5671290126617993
0.9177912958824278
0.8297453607842035
0.6906354009297239
0.5164988746527374
0.2927209607594917
0.2204901370335023
0.673030447158794
0.9065269973259616
0.20626951837088003
0.9746600930628183
0.6306660169749292
0.011318893304312239
0.6093326510570414
0.22729615852471374
0.020112768192974362
0.5449636959006615
0.7909575230410926
0.7962358519987779
0.22208153163808397
0.09080879442566048
0.1161625582195247
0.29966503391015
0.4915749754334594
0.37370734642697623
0.5710582693531606
0.5375856220174211
0.4369434205309852
0.07185505220201294
0.4163139455488436
0.214959451946245
0.5059539996509018
0.7394841070191426
0.9446369803542919
0.2342773224344291
0.059350738924627944
0.21327494309208017
0.9265684653875518
0.9312681611831063
0.6341983966777649
0.4787655023668602
0.3366544238663165
0.3545341418762036
0.792776044568257
0.14782245379266068
0.22919728275093754
0.14548668658913189
0.6352116356290294
0.5583180196394854
0.9242334320705168
0.0801834108903412
0.9475388188449448
0.6529430231842862
0.5812181896321317
0.3270899108360066
0.5154010246349917
0.856545796789789
0.02884551503198174
0.22573524557985347
0.8302950920046448
0.14352742515141714
0.4845534050616662
0.3075730679992159
0.2232602488152079
0.34322740356786596
0.14249768506018468
0.30546041902000076
0.8147454300505406
0.8168215335466336
0.21470726103271465
0.9119285168630614
0.7142349921813205
0.7757029147992603
0.5429945472173805
0.17721347549984567
0.20927982745548646
0.8662992430241899
0.19940659050101905
0.22292048308489543
0.1549105476744299
0.12681355686079698
0.060546989084679814
0.6095947866259951
0.23906589952578883
0.8814389939651444
0.47691471850129696
0.6943950004317048
0.028412238955338842
0.37975380832380157
0.3428541239324283
0.323723685868738
0.18055679844548433
0.3667064723350808
0.9269401062303216
0.1654974537762196
0.7211537191765067
0.24785321295772977
0.02913068613207337
0.09942546117582818
0.35426551586170774
0.2794016206322313
0.5363482887280652
0.02386563880560333
0.3257784824541373
0.6817015617122555
0.092911558249277
0.23564653589871332
0.5162046590593953
0.7103903753744575
0.47374278474920395
0.48807480659908786
0.7741615313037535
0.2665725641215789
0.5782059658030658
0.5862912652880778
0.25920949620515743
0.2800753898721413
0.9924018762345006
0.5341485281846188
0.9447953843323315
0.6413509903627748
0.9025533642413034
0.8687076275496615
0.7219886720320335
0.8267766823412601
0.14424655062101022
0.7596367153390565
0.40643812082549247
0.8835605611778231
0.722268061973327
0.9695859805428143
0.09493512088330247
0.21660912298483326
0.26063314406451243
0.18913537112136924
0.723840134197821
0.47208899303387974
0.16877381401093505
0.7676031240940948
0.3220758612984591
0.7549289824208987
0.7501188195471533
0.3907382353468505
0.29079122565954973
0.549399332103605
0.9013715555156991
0.11457761268868472
0.8785243455068118
0.3534986783813795
0.9780532826067008
0.6641538449432816
0.9945529442898178
0.05651777794334545
0.4500931793096745
0.2517152545195478
0.13501589852587947
0.751521964831561
0.6455507645708859
0.9875836959692976
0.18849962665905806
0.841423522150362
0.41408091307160544
0.13662152389027504
0.6342384320920021
0.7027393214783103
0.638852121375565
0.10633595729936629
0.00010570520534713967
0.7574161875522956
0.9203440858461625
0.767519973064843
0.44779490141648115
0.3171051119095806
0.45261945035422924
0.37313857981181975
0.34897388410980246
0.8898033245019975
0.6504305806280165
0.6041066061717346
0.9957503033536249
0.017799246965660154
0.4294296940466673
0.19031187879385913
0.22691896911748544
0.8317106417538707
0.7979714589607277
0.41547609335535396
0.8468460647327365
0.2012013671827929
0.7557220753126909
0.23060056191275968
0.11224349722833993
0.09809342244278141
0.3941392246184222
0.053036894642166876
0.060045671827069214
0.8639708836227107
0.6077588423155883
0.3286421189490477
0.20612387214424222
0.020734192858055556
0.17171382733793328
0.7510373732821782
0.5393009180076435
0.8893346294205419
0.21695482842032288
0.23972703565836084
0.04969678206085071
0.40359387814234693
0.6879938492163864
0.9425494298144329
0.49716691882426445
0.4770608787551628
0.6829834676627785
0.6031927257782765
0.3958093329776933
0.4905009137678812
0.32573761005424373
0.14372892006763183
0.40004868072349464
0.520300904267707
0.2978858280642249
0.16698697888570835
0.8331187926796838
0.5921568531997053
0.804726207847466
0.7805116102381043
0.6176690475034883
0.7647245067260615
0.6860582797611975
0.20353044768066653
0.9097824688678338
0.6130495048398779
0.87575123971809
0.39114810734711647
0.47545242909437824
0.7890735909300312
0.9370069816438462
0.3638446123822403
0.6208945416713025
0.8086602454419418
0.33596470108514875
0.38956252607574093
0.8003101803749465
0.7418678427089749
0.2910561498221327
0.7049584374035993
0.416751840215422
0.8311031789606452
0.4545604277046542
0.08106917109194844
0.5255833531810701
0.6031379686847997
0.642622425345354
0.15799025393874455
0.40949932288090374
0.477626398664061
0.08981767452153777
0.43113138575338783
0.5832418508250414
0.4123828439967868
0.43927347078013224
0.1863771288990883
0.14241801291958822
0.7019265646964589
0.6428886686086008
0.6492345613953296
0.91402283644561
0.9879928629749369
0.5897110944759835
0.8113386561498184
0.2984744330148418
0.4865408426459402
0.7370404688886961
0.02412064945726522
0.2800727586569749
0.2255748874832475
0.22384659181736333
0.9590823310794026
0.7313491313597671
0.3873103081345016
0.784745804572837
0.45636902450177785
0.10122468096003612
0.43519468708065856
0.4601928248910745
0.15036866659007386
0.8133738359304314
0.24468750190446287
0.40939268960441855
0.9055309522897326
0.7532817229696217
0.22078445582533313
0.03861443689071742
0.46570368550351005
0.5306435149015317
0.9485717577703673
0.20779443315167379
0.2161432850327114
0.7713667364701299
0.7273744237092088
0.5817944919715626
0.07622792924857735
0.5001153833466976
0.7547791019421315
0.664319661462955
0.3649865006189916
0.4187360645905238
0.6221136539064942
0.07425341090891402
0.5036117356228413
0.4538308944860273
0.8977974858421166
0.10349503712209762
0.3840349327174756
0.38309077652327983
0.967553629433799
0.5735952222790566
0.47733843652743935
0.21987635141878148
0.7398313706532427
0.11714684910085371
0.04786999041784712
0.8448484144029892
0.7967184991575399
0.6374443741488304
0.4622616709187607
0.2988844834275338
0.7807696081683344
0.4119203129658183
0.3431785837231217
0.9925152287035651
0.0368382231907316
0.29416030979416696
0.6166320866078497
0.2610427026199308
0.7576220755709476
0.7630034079443333
0.592383333770143
0.5854139643467158
0.8529536697823638
0.3986754326198312
0.9944324860990948
0.8486021954637885
0.09917548587891856
0.8550756306318913
0.8643899943990956
0.9077200646032635
0.7022922707350732
0.6095439936598709
0.04057316142786149
0.44489369968655534
0.8873916408354748
0.13274313188722986
0.3936829085624439
0.9906370407479372
0.3832821416282999
0.6474025086061753
0.8821152778482206
0.7323592807686604
0.48992807755570655
0.8277344064986382
0.23067021089426254
0.37516463835301517
0.2302991663187669
0.3721489766842543
0.4751116353175251
0.4030270651837514
0.01846822195057829
0.8020319450857291
0.3612456647141694
0.011177519387256862
0.00904962160537326
0.5588904267229227
0.11424129239723768
0.19574864174022044
0.5103645490961891
0.7808280698992834
0.5737080652332727
0.09772439350435069
0.4594418504638754
0.9160710137277288
0.7938347126844035
0.6456704372991341
0.004470600266385127
0.9855834982779084
0.6421610002900637
0.5972434879244972
0.9852975494956975
0.48336745688693905
0.6413557225461198
0.5807177473357311
0.5025312880153135
0.7260392571764911
0.6805215731411492
0.12362290856806979
0.516489410207985
0.37367593805677324
0.7062137355552864
0.41420819928044195
0.26097162842850397
0.8875484181277141
0.5522686067282725
0.003665366255521163
0.8902636164647506
0.5609896706501495
0.1447523249005508
0.9058002528848031
0.17953639983706993
0.30089707891779416
0.8409520416553016
0.4331242150321274
0.9724275894206031
0.41323137526029086
0.09248635525236748
0.6989173503785485
0.35940413595381004
0.4328983828275881
0.40923628205666773
0.18316960222504675
0.40342381860960375
0.9735152311464331
0.814357713255857
0.2987069406131657
0.2183925475514693
0.8124602774525225
0.20110482869391388
0.754138876280837
0.17556574342932807
0.9856044722274387
0.673547899201941
0.522043543048702
0.025292840768608493
0.5779122316231099
0.11840676655801063
0.7744053259147995
0.8900998130350548
0.07768406313049758
0.4052210507259836
0.25483604204661636
0.5578152117531554
0.44778592470589695
0.9754860988389122
0.29649030541987853
0.44423958815399855
0.8381514200203265
0.5678764324848085
0.9550390486558082
0.951190881842988
0.6790873980679936
0.6802164084434472
0.8785972182230339
0.02583277018854968
0.8125057140620744
0.3219387479123893
0.46847247447334794
0.04807783479032579
0.6203146512315472
0.4333405738165862
0.8480919441170419
0.3884055591214286
0.3273833007103152
0.14167526056761692
0.9504531354669545
0.4593117439511534
0.5940767811421858
0.25120881872001943
0.47132580809871794
0.5010197058632374
0.8409363473727675
0.07775808648511173
0.4294148714079632
0.5406240600610075
0.4901170822404546
0.8796983936044422
0.11450014059355307
0.9443664405198311
0.028735495542382528
0.07918825684203112
0.4478997556051275
0.47101131431661225
0.40172321634813457
0.9414419954162105
0.046481691691125926
0.17891519636029363
0.013725646025621985
0.6483524584735191
0.24996571756103347
0.7002875538922186
0.3079556805861908
0.13073995126171145
0.511625790348298
0.1364950183647673
0.34365868806522026
0.18067713186897316
0.0296046480716885
0.3107957474994084
0.16519378119955774
0.2599248884006503
0.33618616800473733
0.7040302783356619
0.18593975628444448
0.6257085733757145
0.14786918268210103
0.8823975987307179
0.023188152680953866
0.3610456232564522
0.9998881802934664
0.6467077271669638
0.026337732203471687
0.252565697624618
0.07972089114805048
0.18919431842259626
0.7870472401583488
0.33329933331149664
0.34814362346587113
0.32934261630878303
0.31314589900924816
0.4446450976759312
0.3894816437326257
0.4157197752329024
0.6134484079517286
0.2202920274571677
0.30318813657830224
0.6019690851866297
0.3235777767458349
0.8285308524924584
0.654665834270707
0.17675450747915045
0.14751531564619302
0.9276932672853063
0.8089172652518286
0.3707383921476257
0.9727335385310965
0.15260867073674267
0.9684818366864117
0.6635952049962642
0.19159689330792706
0.8993164978871425
0.28675623008942
0.19648391645532703
0.010018716792301263
0.10115829333215753
0.23633201280031046
0.1773389094337774
0.5004025917289864
0.3661957602288931
0.5285464642756
0.621908093169604
0.45279988675632954
0.5997137699942633
0.5829818681873713
0.9980924205581658
0.4145419344133916
0.5753040591562094
0.7418330352542407
0.11365708374977956
0.5661458233639262
0.22303034952406886
0.8432874565751135
0.07146164819504008
0.2578536443658228
0.5784942810150998
0.4949450276506393
0.656864085082272
0.2235716183452061
0.4222138691984524
0.42390193447784297
0.9563366220473429
0.0539646959050637
0.9602117716148098
0.7102191636899661
0.8993838692294894
0.46703076746126515
0.3141150812724084
0.9280011059767106
0.18938333242232996
0.10049967573761176
0.6444537997411128
0.4606064021290155
0.8472946471269844
0.6178914218228158
0.037182348492334816
0.19109987438943254
0.6712663139505465
0.7430963851479543
0.33288040068636315
0.7189237154470194
0.5070639080883168
0.8321409271919485
0.3408714921196354
0.7301875335026833
0.2517056238712472
0.18051043145266266
0.8370493246428022
0.4515260133250576
0.9519669492083177
0.22988636470118617
0.7439482428287677
0.4625449756678882
0.7616285516714599
0.4936217531790168
0.23202151762708423
0.5137969479203911
0.8671661394128777
0.25278679955575956
0.09040039968632041
0.6676974144133139
0.812807486904413
0.16498681644311275
0.9077100224860042
0.7747587315255581
0.4178395251097641
0.6858013320343892
0.9404113785209568
0.8868198790581545
0.6356709770917963
0.12316948015348306
0.007960347998502315
0.26402674440772933
0.13330290424155178
0.205243288085311
0.14105735668369457
0.014035664748831778
0.8936630112621239
0.6965329488430878
0.6830320622890524
0.9788085176552838
0.3642709817468641
0.37514639030447294
0.6963118158879334
0.6941422536222188
0.9387249963223846
0.2595389005676775
0.4858434984376967
0.06696682136872867
0.22902841343259772
0.8589133185686223
0.8972446105871972
0.06360363885145748
0.2847254085388744
0.6447618550260515
0.3967792873733603
0.31484528525284816
0.897692676531803
0.21945672608143985
0.701769205307233
0.08458720675319309
0.6280702073150238
0.10900306204982246
0.8825928674620154
0.06998126548824213
0.9292124374947208
0.8645411587223032
0.17752604395021931
0.22612895928051824
0.11580302364593642
0.5811963860555402
0.5724303719066451
0.15384309927141937
0.9812072252758004
0.8103054739206109
0.7002769514807063
0.9906845324795478
0.4624514898201627
0.04850981554705236
0.3275106820214825
0.7120941371045869
0.7077805700706712
0.03908859766242989
0.3321735330661474
0.38356792569691334
0.985660450688721
0.12378440689923242
0.448947840601569
0.4893732608133522
0.2710222233516869
0.3910077628862978
0.8364819504706694
0.49039203532048004
0.32971564131014575
0.11693493446094805
0.9891467971616811
0.1820535911909148
0.19393066107037427
0.7099004835306671
0.9127147186836024
0.8588528012334958
0.9347062714606847
0.8039628922148221
0.8333422639960618
0.9283046130449439
0.9108564629637921
0.5514725517256486
0.6408116650110212
0.5786829004572902
0.1314928279320262
0.5043857038180342
0.04482586376714148
0.1516578506275077
0.07553185347269653
0.22449922715781612
0.8784533326674084
0.030532294906959412
0.6676222184442117
0.7880176059910972
0.041519770149726076
0.6483029797520643
0.5142624557737964
0.971727989733773
0.4962334421602421
0.6194177217686779
0.19385642584323015
0.41016322478292644
0.5038470808973187
0.1877313313748099
0.27439213048650457
0.12349214507804485
0.5734790591087342
0.826265484965108
0.6147868591667928
0.6739393672654556
0.9958473454855069
0.5369698832296755
0.33590221653249697
0.5427709399434864
0.4992229165468228
0.720675276532852
0.11946393087071516
0.9041631659486302
0.039606613258782786
0.9446491461576806
0.4728461393200456
0.4251434445098665
0.9696001464859233
0.7168106756801372
0.534793793606295
0.44114908438309985
0.41920404715964077
0.8786496248959176
0.7188706576229936
0.9767806225628917
0.7457200295894197
0.13329938448890166
0.8402762640666371
0.9922153352767428
0.9344363168495123
0.606151981946118
0.8935735549673788
0.9299095222200988
0.7843299193223917
0.157932727656097
0.12497013140774549
0.035610695903014356
0.8231634840122739
0.7596682036747966
0.2120474433830667
0.397711119477698
0.10991927485306974
0.3823411972024049
0.3906368499393741
0.7171077173468966
0.6848840515124514
0.6133748027953022
0.7543967821043268
0.210951903970367
0.07265973175647233
0.9973822381055696
0.8292989815058145
0.6075792994157001
0.6318901519209063
0.6846712592389391
0.5196661358111068
0.008582646176419795
0.16855128743589887
0.21242578738150486
0.6298337256189417
0.32450314333032226
0.18092315087843858
0.4509657369554191
0.4003613465989201
0.6889019670639126
0.35769339121883126
0.9649908494610915
0.043075656935926854
0.5012335354353189
0.32309812501984014
0.5407345408027007
0.8856390441648923
0.6006183588077646
0.8558029370071718
0.9504997502989013
0.9438044550430718
0.7736094273220422
0.8593383881740071
0.3869881225655627
0.05030101020579025
0.2403078271413197
0.7842465679992383
0.47505493845822455
0.5280932302764101
0.9600997612332377
0.5785161001830805
0.288581167322181
0.6404904114655002
0.5447191362552847
0.889937000755404
0.7674314177032822
0.8448605686508124
0.3956068086532941
0.14606175414014633
0.3881655527635237
0.7559395054807827
0.03494393505964599
0.6357358050777666
0.5961282797714547
0.04847016442847263
0.6795672524255725
0.13275066096550336
0.975919973594542
0.5263758493500489
0.6174989344066082
0.1873260059562616
0.0008906557795788084
0.7713721953112289
0.46494526042616746
0.19399478324562613
0.5331437807947556
0.8958869315904667
0.8789529807151352
0.3297181966143098
0.0199893054574245
0.9697232289605499
0.22041002815055888
0.20283983613159062
0.3873808890396935
0.9064062942932236
0.4488170300469553
0.34566283331133374
0.5643608681349771
0.5782706673198269
0.3534189182078178
0.5407462366490058
0.10112703372002552
0.7782994966522562
0.9366169932352093
0.6961613256400467
0.5879391255385934
0.10395746519727966
0.22435573595348413
0.3737626837220257
0.9212402719898808
0.13990221696160965
0.3574890682106012
0.7571346578046864
0.5092676116642529
0.2600489539690972
0.644979579600793
0.9852414927627484
0.01737759488694257
0.7579101255459971
0.4224367229104198
0.4862219637279772
0.17733030868420574
0.09718588835514097
0.6717305468529946
0.11207982218498191
0.7444141718755798
0.7628274696719334
0.920352029249467
0.30108257868418775
0.27155708752601027
0.6470027485528979
0.5142721217318996
0.3505234719468727
0.14571791646830512
0.2986634504532608
0.40763677431745216
0.07318493737501364
0.6786948121433919
0.07054810515696552
0.8319712693546004
0.0936102485664222
0.0035322047379404697
0.10228935067952716
0.8900237044842987
0.48460329829412463
0.5805651012510401
0.7437701932320363
0.2314748988657036
0.940388676671937
0.6341636004353561
0.33485618934097283
0.09533441592423308
0.30352799321924573
0.9498812093483351
0.3937580958784276
0.4468559785954581
0.8652360550568703
0.17193748844428647
0.3076561319807509
0.24333163078743203
0.17802013412694362
0.6749783142557165
0.298355169661635
0.28378212677982617
0.9243321569301227
0.10259317724558925
0.07532009813905705
0.5557573314192248
0.9546925904210303
0.9628405176677339
0.9930340173841052
0.8842868422893053
0.20523784235138776
0.6559963878723934
0.31037965565908454
0.3999337335627593
0.2738945658290105
0.3646499352467991
0.03263815555562677
0.15637243241138166
0.01583841630266536
0.23882307173996242
0.9122262459953401
0.5288923455531385
0.4347604553114127
0.8717446582380226
0.42786365343050725
0.438630553671982
0.3834071926285312
0.3993808917352085
0.6102502045559995
0.8090976015930129
0.5015931931998406
0.6704658210370298
0.38280098320602085
0.20629405799235612
0.9986261811159545
0.03478197432017571
0.28222916664869535
0.7440598986641083
0.4064462520733887
0.8391011309226435
0.1905959403916606
0.8839431448454844
0.8986179797251915
0.6597599729635627
0.001679537354382754
0.5251334270248668
0.9464867263208333
0.8128341289850337
0.06724170413744546
0.3043171866268305
0.11302702075272275
0.5151647885860264
0.8827651587368641
0.056844523430035765
0.6282837666979019
0.16359888372103826
0.6974490793177512
0.2284257254750176
0.6214412609442987
0.26653734444975996
0.3899321143445349
0.5381624756784978
0.2312148071017348
0.30482731736463553
0.6898194907818016
0.38811674177786515
0.15769055734463033
0.771640844857797
0.5081681892992403
0.5172571743574651
0.1757521870565023
0.14135771821317444
0.26480769092132816
0.19836753326826628
0.4109092863966164
0.5712634282697459
0.8515952723232169
0.72251185257105
0.9744867586986825
0.6714164797052932
0.6778275506304516
0.49062656769877433
0.9491554956772468
0.24912480631527034
0.15698175322796293
0.8649357697633308
0.5913810783130454
0.7153352809301143
0.6044526485032883
0.6492592028285812
0.24695469610774556
0.13823817898165502
0.9481791779794989
0.9265579461561817
0.07191872236891494
0.40290040288259865
0.6143427166766182
0.2885860905364038
0.020092132371503646
0.39616529336936357
0.8130630546151754
0.14952500843594274
0.44780381211855547
0.9228556705334439
0.026989742547053996
0.36640910596704657
0.7023250416417843
0.6176370632538384
0.6662778967905261
0.16791489260164183
0.08346640248932147
0.856008171178257
0.4294855724032104
0.5829979858902669
0.19969921020064108
0.9667134450558589
0.628632409569712
0.5223355567098489
0.7519828011886283
0.15614348474781903
0.33896694004819483
0.9307694364118795
0.18540443718465838
0.8647122337812776
0.16922622236140128
0.5995582375112501
0.2701622506627853
0.4358254525626165
0.2997283170569067
0.29706065400164205
0.2973193835253841
0.26634788594063985
0.28862189610649025
0.692926478961844
0.4164937609069139
0.3752061438185945
0.42240206204603303
0.8708599611754282
0.054804595234862474
0.40387965959977556
0.2462760286527771
0.8786653482851567
0.027069624056538677
0.16020257253629244
0.4630358584208216
0.393400966325157
0.38696406015603646
0.6895181686447575
0.9617303380167439
0.3569354770733506
0.7183302731655642
0.07177115857886762
0.21778052759711952
0.7031325137664536
0.7566674167582731
0.20977057115886888
0.28389841674074945
0.37624701395508375
0.7932303825153121
0.6032647027237457
0.22426090756777928
0.47240493243818393
0.4815122478529408
0.7881201966511937
0.30512872913368494
0.7453085793274822
0.8945668284366183
0.1688742822608561
0.5099527337543271
0.7825930244610412
0.0721233127725388
0.846557226321185
0.6671110353735683
0.6404332772808011
0.7703833350489224
0.9680661468578516
0.10598069528957077
0.7540665249234021
0.504667566304065
0.4266610292732139
0.10561032712059393
0.2795871334860731
0.7140045954527091
0.6125404228764268
0.8391986456044553
0.4615678746126167
0.6092647058311137
0.6003062638927559
0.28656891479135715
0.9906290682489092
0.8412540071085887
0.07325876938423759
0.3116313121693177
0.8540680411248217
0.4070532598109896
0.5514275291694561
0.17750806992418744
0.45810432245572186
0.4016899389307754
0.0902594679844122
0.01068784515781629
0.9129536229134873
0.5590276004775583
0.4722015398238444
0.9844992025764875
0.14320107790546976
0.7911783793658684
0.9367764025386944
0.5033124235376369
0.2661245206045729
0.07172355823367782
0.37842709459959056
0.159716198413842
0.4601453548240019
0.9421971361330399
0.3871792729751343
0.9160151510807553
0.6156683876680671
0.6289284143996351
0.7566250614713477
0.7847511007092756
0.5354652459857183
0.41935935536452096
0.31693231366249297
0.9299124939915403
0.025614390792596864
0.2628357195172205
0.35483082973608326
0.12878242509309346
0.02633546836112355
0.4835004620341342
0.42108463406891616
0.7509453915013714
0.46457074408423804
0.4834622517805829
0.11358601913101785
0.9458014561329836
0.3753276914274629
0.13850878864058558
0.016536413766010893
0.7448961000960818
0.6634076404526708
0.19310380801775218
0.12550465383811782
0.9922947885864228
0.40002566107492743
0.7682786974617402
0.6736079272613399
0.0721573696167791
0.8124176000969419
0.5400540947385073
0.3310519676301077
0.3871194846149677
0.13759858114442947
0.20166506862464184
0.2946242232820139
0.22585919771657847
0.6497695068353576
0.06786680342765217
0.5883865280585217
0.01913566374343767
0.35939241606703587
0.7997792703351486
0.8123410375087979
0.21905693194194775
0.5513187375219117
0.8389274373877105
0.9282158267787541
0.13794714428574673
0.8169895251018333
0.04802534237162981
0.8497406694226022
0.057172449510947576
0.8276557573379312
0.7889297238562636
0.746621420938559
0.9485998229825798
0.732674735778246
0.642630885401687
0.7641136304097396
0.01268273125140762
0.5561542847269081
0.04427200986939184
0.3157191467938404
0.1563862833479096
0.2610356525416857
0.5791856321669859
0.9585567612420576
0.503901415208148
0.3368831052963517
0.5265348376781127
0.5113809052569321
0.16307502355626613
0.9468990145225358
0.8265382609450304
0.05608178800761798
0.11073344280801267
0.41170771079433466
0.7489811583644167
0.4023769793725388
0.664352840320527
0.04333423942854786
0.8180307935100998
0.6092587759134621
0.9403719656210149
0.18194527569906593
0.878641693682831
0.09371315134546165
0.6145559289000275
0.6059658184189801
0.9119681593020543
0.8885901975221989
0.8602727775061009
0.5894772087175868
0.8526297144181795
0.8266218730340289
0.48222748601384147
0.1103894036611619
0.7654109368843649
0.9046634057279704
0.3658399953779642
0.2581582194250108
0.7500153225091956
0.6986844851675578
0.9662287859911182
0.8031647360825718
0.7403742282170215
0.06894336876221874
0.24130119798869376
0.22041939364790253
0.948535050286742
0.38862093360599903
0.6393350351484726
0.7733299382448635
0.2849068909161355
0.19672041597024026
0.46632723287438627
0.28197798303297816
0.05244641924485771
0.2944495055300502
0.14170606754882253
0.9426208432230784
0.46567255666293494
0.7471703870324093
0.2682427675446255
0.3411693185665674
0.3957292991447784
0.7318504301301054
0.8665927355328616
0.10893172597472944
0.3290893281509425
0.3501273199837569
0.5622667867329586
0.07711818735295561
0.4090596282483908
0.0033510744292605255
0.9800908966577752
0.30737154686272594
0.057535874620536887
0.4387351685121026
0.4933902163008158
0.4278072522395411
0.02746446998733887
0.7729933539930297
0.9719072735021969
0.471008233223868
0.5448827904282312
0.6760576065643127
0.6227505309943914
0.85323116999812
0.8659042481830482
0.2842660825625014
0.6283521389295996
0.2275210098702335
0.45247408965501335
0.9209475185068067
0.7194123270249674
0.14943280411058635
0.5985639951975572
0.7307030537175621
0.6998665789801511
0.9448340457803652
0.9025045744793271
0.20231307307279722
0.1118274466975393
0.5874146960502405
0.6142117561947141
0.6249479859323042
0.8683754323771748
0.30478143241456
0.8398990062844475
0.7951137630811433
0.8053093936480578
0.10569663699879883
0.29215523507261565
0.3718837175696862
0.3915630751424203
0.5558886124344751
0.9107310302012472
0.5460941011875803
0.266404339636342
0.803042348869005
0.42371526779262625
0.295837825736497
0.30332551034220534
0.22633947200032123
0.5574490206133642
0.66784012609544
0.8827489802428484
0.27362849642597364
0.8252864502642931
0.37386151005518187
0.8908336056435159
0.3536858931075555
0.34726232996074113
0.7364932210160345
0.86108457089753
0.7984472274397462
0.4544881075397531
0.5529195581725611
0.06562773393336019
0.6332588897953718
0.717082161098632
0.5781152690894407
0.5956234782182867
0.4688207704065803
0.1310378054485858
0.08041414874620911
0.9297796593933496
0.0838626264639849
0.6489148663083928
0.1251174955743508
0.7897365065449067
0.22667004061251117
0.16114006775020295
0.48105690533431256
0.9640204936467551
0.2156144722911093
0.895079024808747
0.39429184579264864
0.6317012963949212
0.619490998119581
0.7785969272418104
0.49935348485516495
0.9719958809853463
0.8221767736810466
0.45083757037869165
0.5234253962623073
0.6797872609969164
0.3833826658612359
0.5833274268169742
0.40852906030036795
0.9850927506301753
0.49951589934056817
0.5332180171480227
0.8411538234366953
0.6742417434949396
0.4823502179711995
0.9706246869786307
0.2662072184604478
0.5809463667293276
0.10771676887206172
0.6336048809756762
0.9048820036561508
0.6176337185590425
0.7722164886499506
0.8381681169883363
0.11346805160522577
0.803393769900807
0.3160661415694054
0.9506182165306232
0.8217508405496705
0.2831478329080348
0.2793376077596541
0.41245293654399473
0.15236463485586726
0.03483859142904089
0.10130232487901036
0.38285555551528316
0.7879148264693069
0.18259784157054748
0.614921967799326
0.6206416857346785
0.4196918154021225
0.4804091763687043
0.7718494815799584
0.4549371435356293
0.9901469312930945
0.696716515974846
0.8328228218859546
0.23889959018444518
0.17510073490171585
0.8105801804195004
0.3792808795156961
0.20797494035304354
0.49212970733232986
0.06513092342383298
0.41304818389317477
0.5166069431179828
0.30458174790040315
0.4204134015856891
0.5001246627100873
0.07129819508175828
0.12632395988387468
0.04615104976805562
0.43053011203352964
0.5563333011297799
0.6151553947385051
0.15795179025905637
0.45866535693850496
0.991183179396854
0.9650769041627066
0.5848750776520448
0.6383773781487496
0.7243624010199676
0.46868433658602815
0.9669634998952344
0.0729042154377757
0.6186532663301287
0.9469367231654291
0.21139304304150697
0.6755178106409034
0.5870257895307308
0.7689588163460538
0.6857521635053255
0.29267339466949394
0.8784614487197915
0.38185938653112983
0.3866225408558216
0.4874700209933104
0.10751182102557255
0.042172938593897036
0.43152583867242666
0.6951793035703152
0.3933240126614027
0.9135012862522589
0.5486497605713425
0.9046723335996989
0.0500778111186464
0.26035035645800564
0.37449284247635994
0.6949274216114196
0.5092073223298217
0.40007713834916847
0.8626502960952017
0.33558103157996455
0.18234463147846147
0.15151347117352765
0.12599510599462405
0.7391105068952832
0.052251048523451304
0.7692625029747673
0.9268508016644679
0.34646230728214233
0.6789315314886523
0.9023492893451408
0.6467089239640665
0.30579114438371446
0.11534141225295891
0.2721390883291367
0.6385355744973442
0.0829729922682042
0.6582870180941159
0.0025077030873580375
0.9198419472964836
0.9453277002567357
0.001275455336289033
0.3785660862890686
0.7334943185006327
0.5494504903795019
0.8479779654928153
0.17297668060419347
0.9244035594133527
0.02744545251563235
0.8345990234943865
0.4290559620988573
0.5249296947891805
0.4726032662542101
0.791209824588336
0.9591509004082047
0.8036209845357242
0.8913767909299724
0.5580348903004253
0.7994229606460271
0.6105984776302593
0.14165871683044617
0.08057027277081341
0.43375652643599394
0.10868960728375576
0.2352119016701003
0.26522820733171526
0.6964684824866442
0.5074429379847701
0.9798208093817038
0.3972439677011209
0.3647939309766124
0.6092104206933285
0.002259356884274588
0.7430489784058173
0.6322312408817807
0.09605143522002935
0.670133333020878
0.35796533186597645
0.81637708607184
0.10176920765414099
0.22465470002533672
0.7985222817041793
0.7024998081005633
0.16709033222108538
0.9598171275341355
0.9593970550656934
0.8599211188907592
0.03852653163055442
0.37615356492729735
0.0629610693816639
0.027574950004922494
0.10047455309042008
0.857784360803031
0.7090999983113232
0.3635065482891643
0.8735116166685901
0.9266265808116748
0.830348269911279
0.6022812543334324
0.26023728761722176
0.5506430878801506
0.8929467893738844
0.5296668898096659
0.07182066660415043
0.26610058096443523
0.006304612436927148
0.6721466480514011
0.7532686334738063
0.1454507355397161
0.6962511647039729
0.3019886539541323
0.9908825884808564
0.46841662799132444
0.6904866982741977
0.3024977067520571
0.20763269298338416
0.31165839199065826
0.7981906988687815
0.6706306783187406
0.4670965807340929
0.36896562111840625
0.4292437124832501
0.3855117044548577
0.8311321061997514
0.600404071796167
0.18582667475608783
0.2225176332164277
0.9878593532551142
0.2358283071495284
0.9359857080919668
0.6205527139716092
0.009889879185955075
0.9169830357708398
0.9512764427841953
0.5872673353797387
0.8099645926399096
0.08210869908226504
0.7640342577868575
0.1346146896700039
0.10234996223502368
0.3396757830026439
0.8050493188372386
0.706400759552366
0.9735929560379284
0.4595405992123437
0.3784871747263979
0.4759826561709085
0.033892809395959844
0.6945219362675105
0.6587830191529884
0.7294001140779779
0.619994791033688
0.8450040930819827
0.5351571605649958
0.929939967986412
0.06181516202315229
0.018529983390771942
0.341613893409741
0.5105845785701001
0.3946548824414885
0.8945218061664282
0.8376250802474025
0.6009783808879009
0.08245329261379386
0.9419588911762442
0.009811254375200584
0.129093734768015
0.9851493837915741
0.08753214000784026
0.5613419291797529
0.5857123141096284
0.7718370657399464
0.16007802246607084
0.22726734065306475
0.07820742402211511
0.5498603615053945
0.8772592275855613
0.3510775332822561
0.41113224246561464
0.9226783304339978
0.18576710130730412
0.10747227934458314
0.5106259762464037
0.9238639945935317
0.7275646777723639
0.6994724143175561
0.9606933433284299
0.5163014703411236
0.12485963146843493
0.09593585833358975
0.6767258015794607
0.353937244453129
0.8802065967096624
0.9902808115217501
0.6284041979270191
0.1867625054688019
0.18130707192860862
0.5853245495122662
0.6905774390355804
0.2713473681718236
0.7915542040538789
0.26365800967348596
0.7170472721927686
0.39996647411676656
0.9263348572284408
0.9052112332413225
0.8520683746457001
0.5736481668766515
0.17677551279533466
0.12795888732580196
0.05268060323369661
0.5909377894602119
0.8269444136690539
0.7009723534827133
0.27744572474938456
0.5403837739427054
0.06586511844203713
0.18812139145059603
0.9379935976923524
0.16801721862311148
0.803649812045307
0.337459509735194
0.5879999482543988
0.29462734773290566
0.17652725283131332
0.07436865415662308
0.11436776599550447
0.4826461461965811
0.2793373938653657
0.37744216424211985
0.06061552300976614
0.34407035318815105
0.5117459906256235
0.05545413886883144
0.638467826234245
0.5524057851278109
0.11386491215091188
0.9553420279315316
0.9397564121583118
0.002101581739487046
0.49442576556256657
0.1109774276593738
0.3401372896429907
0.9613713511695612
0.7184782572606511
0.44234067098862884
0.1962498288568495
0.9826743398989553
0.15497904946066543
0.05950433677954148
0.8910119436007299
0.9922299858777124
0.46427534564717365
0.7467999400442454
0.43080543252692105
0.5687115994575039
0.37404399797652377
0.18679864939994706
0.47817727942567834
0.49249576574371534
0.18686016492159774
0.8848762845954142
0.8420705844025175
0.74264080506013
0.15713162423189186
0.0018361337462056149
0.26178223422468083
0.43046262670972746
0.5760881077730889
0.7451131985733308
0.5380705576860664
0.8839800269086623
0.9072030117508593
0.8967099330244608
0.8885892170051352
0.06950513816251835
0.4375156845405357
0.9141734174335033
0.6494273020966066
0.2279058358082351
0.051194460548985576
0.7022928553158445
0.7239753534743808
0.382913988002879
0.09235164810892937
0.9112438536460158
0.47504361108610116
0.81732004506546
0.053483740620840825
0.1449495310381984
0.2924702545945418
0.037858641041562335
0.16562701327966312
0.16202512456123463
0.016555208969868507
0.2064780593906581
0.5495986208803952
0.8343926533061662
0.018692856760533783
0.7849141282158721
0.9197871579132918
0.08665587979433886
0.7094294743714306
0.6373241031326831
0.8372315583912521
0.23777560543950083
0.8076591032137951
0.8983939905107329
0.8432607283181599
0.7820505524391234
0.8011706683230293
0.24791267506238512
0.09038973359256586
0.06852312167587216
0.8811958768676087
0.5940958124958542
0.22978200803476123
0.4817612083408407
0.23121516465897363
0.2303616150328751
0.462653839161021
0.5678397606385065
0.5194818710675463
0.8164382813839884
0.5291314009608648
0.929799470762266
0.07284606404885874
0.9144942085625524
0.9731343071772995
0.040841663648554016
0.14070438484410064
0.23240863164860803
0.4690313389195516
0.3991178311729967
0.8965440245158925
0.7415838583372865
0.0068799779865803545
0.7412360603995197
0.48413845012629675
0.6740537713344439
0.45889837009177614
0.4269020503887593
0.15727881132083388
0.4605714520530393
0.4567448551739215
0.03444491033495212
0.8841813911685641
0.5298730640332195
0.3682524423985175
0.3730974141199861
0.8421229270673382
0.7683637483937876
0.6177358402846503
0.06563901296425978
0.915361952211488
0.322645588603368
0.3083507712820731
0.06810259242195216
0.12253950433151573
0.7150412385206805
0.6270958531549533
0.26115372218389254
0.5371674945400998
0.6441295693451279
0.8086485169725723
0.12144665267430255
0.5824180793661027
0.2527498325794656
0.9454526243392133
0.6710982935347847
0.20517991677073955
0.25551067323572274
0.1752069173232087
0.7176800784201129
0.6525775082876266
0.9539039609027288
0.7928634236105256
0.914380915936565
0.009298030477125185
0.5249846175783818
0.15223228658292087
0.8156494952993731
0.44372515451911465
0.9966324791416108
0.8920523339754044
0.6644031886243692
0.27344438087516076
0.3251032251372382
0.08019355192444788
0.6018186646335955
0.6309979020506903
0.7861414243811048
0.7488942190659915
0.4333543724374336
0.6742219092245142
0.3968950711043796
0.011115897887307491
0.7454560581487881
0.6804582561159895
0.8243915276224292
0.33870901354321736
0.49941841411692056
0.4959031192458634
0.4984246591523014
0.23617992509879682
0.5114236307036684
0.9875913303122202
0.11832812238240953
0.44994631256087436
0.43487406922063176
0.22470552003812594
0.1898760283692138
0.2753680011002192
0.52404659300814
0.8077319103753634
0.716433935701625
0.011557391637130099
0.920538169619682
0.935892612624002
0.7931002112263577
0.15115344609456327
0.9745014280644053
0.5202125055279384
0.8703120260669095
0.4803380314666734
0.7809246107806023
0.28496098087285593
0.580643063547058
0.986288139235465
0.09001357420553113
0.559797158035753
0.08886059974504834
0.9687633430343303
0.883887751665695
0.6958390276503416
0.6778786381696769
0.07327553919201923
0.2874752701512082
0.1148745917774533
0.6145643742299972
0.4934959638652141
0.6323187818446158
0.9038379138570019
0.3411928498446325
0.5992845273838763
0.37672928190676425
0.8318263856762957
0.8723734854221845
0.23874603770410296
0.024976882192459637
0.6947135623925008
0.4257695754259887
0.8501454726068359
0.944605131572332
0.01367528821973707
0.4787917930873
0.27167408750778854
0.5175955888490202
0.9697558571914288
0.9990571759148558
0.1639480812124966
0.32009876639702484
0.26875157548739836
0.4091094944126902
0.9162457132515561
0.46403905838240234
0.5994894744307513
0.06231154786589743
0.7147903733963714
0.970739555736664
0.8011833525928743
0.8250203132514728
0.4876095720556931
0.19877452915563332
0.5800325127279053
0.7703909242827284
0.47929606104418143
0.19262677684561835
0.5334715295875728
0.5640977141257764
0.20378144951079813
0.7258763333651179
0.9636899918950134
0.32942133148668473
0.602467290519187
0.8982633257154959
0.8253091946210885
0.3613143855013803
0.93652203660797
0.9722829618561976
0.23572028570453052
0.22642842731759505
0.9033012815978897
0.9329862103497383
0.7428163856089528
0.3727114193686275
0.2684044703571047
0.1333838048927417
0.18339771982922615
0.41529635017334865
0.21938885264652908
0.355968439007589
0.4184337527836254
0.49628124797068696
0.5164932965640086
0.1951347861955952
0.9287493265925427
0.8123182790264056
0.47356763841145266
0.7966840725978817
0.7600851509983758
0.3080184998362244
0.923982535024342
0.9971457458861785
0.8561473870332706
0.5020393022359342
0.5487674227285151
0.27299206809488563
0.4653772253227919
0.11114304317025192
0.37592473420766337
0.624554436098558
0.3163432137389175
0.28185916639261177
0.3552414280129651
0.7337985054996737
0.7897333472900768
0.8588624819752331
0.16232836634630565
0.2608250902481003
0.8734646529196012
0.9443643112953102
0.4869425329014113
0.9355128004981694
0.4014400340600629
0.7411778596860785
0.6937335898456926
0.9302344459539001
0.3062195107373832
0.4178220733482968
0.5177549492964395
0.5940397053331599
0.7276543028639941
0.14949336901356935
0.21677225948518497
0.5152024640800282
0.3968866510828716
0.2322117314148301
0.868347984744809
0.9488694560029862
0.030096188734783258
0.09804229920837326
0.6685599523464154
0.540902618239466
0.17485619420847642
0.6508026807739926
0.5677190165485178
0.7269261865995396
0.7288550065240658
0.9202278939218982
0.0357932798174081
0.029175265210134138
0.35386815642039215
0.4280519979232792
0.6467577989507014
0.4474281809194244
0.8261083376733849
0.6655967921237961
0.5369170116545313
0.6670231828323802
0.4079948941890795
0.04767324087187563
0.5450731130053625
0.42962345532973434
0.5815743812027049
0.8842595506635836
0.24391168313035927
0.8281168994931828
0.7283058608084433
0.84674910273956
0.9541072472315683
0.8473371075927254
0.6772131567500642
0.976052299583046
0.6902537823700009
0.5926284963833331
0.9457572291864288
0.032074658438425496
0.9654866558406671
0.745087496276589
0.0753230863218376
0.8190377452255632
0.04641522687895361
0.6440739072411598
0.9083270243391715
0.24131282682852395
0.03581953969266427
0.8074776166747837
0.5125927164041826
0.5289136789887464
0.5871894691883037
0.8314359880483011
0.06395100346072902
0.22370727496255294
0.16500899183097795
0.5263788872417509
0.35462931846381973
0.857274345481587
0.9113300384846551
0.8215181302763029
0.230162452328055
0.40762852002342487
0.8483726150412704
0.6635915786392551
0.9541662992045621
0.8766495450121677
0.22306695085470618
0.14680854135352506
0.8995160738200718
0.7876082889195388
0.4978193315166215
0.5737310398937586
0.13383040576975713
0.8899940632702102
0.11779772380836184
0.5581316737407664
0.9578428531778937
0.5739277755424165
0.24787700941676483
0.812687238309371
0.3225332355066869
0.020276190005472317
0.45337534759847686
0.6104326547506596
0.3516240410535083
0.6410552376578723
0.08754819829200922
0.45975206046056094
0.8672593953101441
0.5748982982311489
0.6677384231334987
0.7081654841663402
0.3769862587793842
0.24320682121020765
0.9025419296095619
0.03520545058508817
0.2555845563016853
0.5766958798532922
0.9129817315027922
0.966459404307094
0.403975911059852
0.5152496809264113
0.3367506394246339
0.26591751126555485
0.261104731195441
0.6431795014850596
0.7986497421526163
0.8284817432896364
0.3248534240275389
0.1555879385060931
0.3242013175688109
0.4029079142176001
0.20580955569526294
0.8654652897101374
0.47684914773525766
0.2482951225311465
0.9371310622234659
0.04183487015014009
0.7285230458296551
0.2724160138987507
0.09909445331353162
0.667615796663056
0.8122170782200548
0.15157699760473164
0.28442508725476745
0.6521794734641606
0.365971418078627
0.7448748323729983
0.8311884108686233
0.9817800009315648
0.9088309863637668
0.6334184596412521
0.8074524449489171
0.80375499344735
0.5929740167269518
0.011945797145518244
0.003896378789923771
0.08977078002733974
0.5876752163764537
0.13420155682832924
0.4881021653397629
0.7224917449257133
0.10211000245349133
0.4950419644548303
0.6565897486511576
0.09772044646259515
0.3864191498454308
0.41610342134678113
0.41760443636279043
0.2364060763313145
0.04442751030319836
0.03721966320035375
0.26071300929179597
0.6902725267089923
0.6402427305252378
0.4748334303135858
0.7654668832217504
0.45593932050367214
0.3673780790051382
0.2552324178517409
0.37373828858545455
0.23939597502383336
0.321169744070797
0.7421023492719342
0.42801490977763623
0.16535417829469723
0.15234932810841428
0.5354255578259397
0.7090000011065869
0.45819835933264075
0.9241459474305953
0.387006387379604
0.056392584825442404
0.4869594373320979
0.7822807126258463
0.9019944725642168
0.5771610885966878
0.5755484025908765
0.9141358205514796
0.09122873579290747
0.15413345680088353
0.1078693613892514
0.22643654326738605
0.5548830635708165
0.36879246012292466
0.2975382812066073
0.5440683423446866
0.868327106318139
0.6221752377225057
0.9185478932951949
0.05671777619196272
0.31082579458979753
0.509590692798201
0.6054374188402727
0.4016134465869836
0.4347307533605891
0.5520774964244667
0.3866326105831591
0.3689486777100006
0.6703271737108772
0.5975312654572534
0.31389775802233333
0.37783409464597506
0.7010499827938191
0.566065183464488
0.46682071654161705
0.4623834815662876
0.36856209805921303
0.9140354236800825
0.7630421598739694
0.1604399177872905
0.29173067224976634
0.045399874326684686
0.08190157081779392
0.6977036917794976
0.1335036320890759
0.6123697908691814
0.8823174036572924
0.025355462945334306
0.08950991449739654
0.025625463446418695
0.4304529142752055
0.5935757586227822
0.810349794256064
0.1706630514803925
0.09824289491617277
0.745454304734068
0.45901276273059055
0.7770180790532826
0.0421273454435086
0.3005594925766685
0.255761140391665
0.18742964434955423
0.5178078854394985
0.1374298132741193
0.9649473493159806
0.9968327811705281
0.673215281955303
0.5475509960507746
0.35945552932637537
0.4555616805513161
0.5120709871846003
0.21100583142647322
0.11038417122833899
0.715241240258884
0.9602102148972848
0.14905074393692663
0.03947578160099707
0.7028774057102268
0.22589540716545453
0.49302303865221975
0.6375078723724193
0.3901945630871795
0.06869444624436905
0.44463750322425
0.2540577618619613
0.49737389023608214
0.9098962012405278
0.5923185598837368
0.20886385995208556
0.8669719462792143
0.6827332106493043
0.9077156329893883
0.16305805981857735
0.5335125052838446
0.8682516831670006
0.8086748221396028
0.3236172619119705
0.7368780718622598
0.5705413620216511
0.11992348220142357
0.2702531598908854
0.9694259411954342
0.24814486072215491
0.9295740280601249
0.2889313268654654
0.5476034916421431
0.1271551317714129
0.2869107293731229
0.002277612572287202
0.540568862204728
0.2941681337237393
0.756786088678118
0.7306153329653977
0.42618669458558567
0.26314367093392255
0.11883620864504074
0.9423750437677715
0.3002535234251609
0.1542080816834459
0.7464618072528348
0.8856386966284129
0.04980693435503103
0.8666798448364441
0.38170278503739696
0.19210505670475653
0.7811980731553205
0.3319580532575629
0.48577999751250345
0.682904065018584
0.10091279690265753
0.9563482206723054
0.9571339489275977
0.5291810672417173
0.000999233632718033
0.42802795173286634
0.5728118891995969
0.5205819702765749
0.3323190605010844
0.3472083509471088
0.6274421611474623
0.897007612187414
0.6603258747259173
0.18089187867183854
0.9142027095187978
0.38896986353384566
0.2389324566918869
0.04591465626898439
0.866398572329194
0.2542370295085915
0.4109112823417891
0.5023630998029349
0.06153660720776466
0.5527764361657113
0.947177856117826
0.3963842209307835
0.2354136773187121
0.31284223537299494
0.3554393432868316
0.8241114208537792
0.23718208280540964
0.30797430872195974
0.030160890387424644
0.45778269590733234
0.3627870772916073
0.6344657874880428
0.6765526611573089
0.1244793229682637
0.27593103183366463
0.885354533186753
0.5894785101679101
0.02056862592912534
0.6296925708742056
0.42781500202291867
0.24463723138579152
0.543933482653792
0.29914721873032935
0.1545941969477913
0.10261810662763471
0.02882769904155824
0.3458266801989194
0.7523470041944399
0.5195525068132991
0.6280583636967532
0.8338284413742807
0.7787708761646557
0.2877141042721105
0.02630659486814446
0.3594869836238559
0.9067755960402839
0.6346939994365796
0.21295662239637547
0.6202289344592814
0.41080973943247634
0.4370220743999659
0.9247758403222767
0.3098992079751677
0.12428512733620822
0.3759530698208853
0.05386349837325166
0.7424361431840033
0.49297547675389675
0.9633425041301346
0.8497768470754964
0.5749914053076823
0.26094602315716786
0.3364288928928396
0.29577453577563684
0.41627134382479636
0.186170740466177
0.22203450048673223
0.08062224537539386
0.9875033395506623
0.988892531276472
0.21161224003003032
0.6980580624604841
0.6861029645384038
0.7184284258399543
0.5553143331733327
0.11754227192666955
0.9642222970613151
0.040692204362886564
0.5427048093758224
0.4712873711523662
0.9286441782620033
0.9668306035310389
0.9154567684838603
0.026095158518778305
0.033612750076882025
0.44613998935174604
0.49946677522734584
0.956758078627511
0.601393437268581
0.82177080598861
0.09406456991184875
0.5713660544999848
0.4029460441468773
0.7749309310592981
0.4528850087303332
0.010858473878973096
0.925093184533068
0.862209457051509
0.9414479466517912
0.5093393300533602
0.5070568494375819
0.9309412330383832
0.8228376373368748
0.9381365112097618
0.4335416430267929
0.03247887341237665
0.5429279969171001
0.22515653743461927
0.5324161728175494
0.6638330756122486
0.4903801913579483
0.7884900815293973
0.6063641365329298
0.04458959481181113
0.8447308831866264
0.26944254379321164
0.359934131092462
0.19924060997198756
0.5959257053599516
0.2794046653554033
0.9630589680497813
0.5166634887555768
0.5211657007426208
0.47845378262113614
0.24522129085103983
0.8757014072081534
0.2481384917537962
0.316559223948477
0.21467298908056132
0.48714588715088436
0.9796114144289492
0.7216586509141557
0.012691327112638984
0.8191583969729653
0.33625247158569027
0.23217326898986634
0.9362318915778279
0.5212056508758718
0.571057598391248
0.15279114891089507
0.01771300312335855
0.20447094874449767
0.8399375023293345
0.03529396774169413
0.010911413368966505
0.9128435829319838
0.608317100522631
0.37962555629309525
0.5359265354261692
0.9051956524110515
0.3986442093591478
0.8451568194515419
0.49120105973716865
0.5074952047679476
0.3232846534970304
0.36419899287424895
0.3539197225072944
0.34561262350646804
0.6259475241891097
0.09197649229649685
0.7040606881110307
0.8987453689163484
0.8483140817019883
0.9250293700166098
0.9356311848056555
0.09168530479719217
0.15921823223079634
0.7913369940169311
0.13855022412426354
0.3056783618525287
0.41189891468342865
0.47747635664181187
0.7063914090625971
0.8272353951423116
0.629425762350414
0.6990700072779721
0.08682201814555157
0.5012723433991503
0.05335826152324419
0.8872786550125177
0.6442346637470453
0.3930286384637379
0.27553368820192836
0.10309714975131434
0.9270529845477441
0.6563768430726753
0.47656503512452064
0.8447806682690936
0.9973653370594475
0.5926403653556324
0.9439640522344849
0.26591241463762927
0.3718806218362123
0.4916567976681564
0.7446019814520842
0.09022577437124779
0.4883349370518263
0.584177039078368
0.07017827784033992
0.36274172943898964
0.23089539588831398
0.17490937554433594
0.3581219420588516
0.3440642385549979
0.2239924288860703
0.20837160569920354
0.19790983166720277
0.25734440379956036
0.8481377311601592
0.5466763641931148
0.6078852122588776
0.6176480282882298
0.025219781398517216
0.8311094032013491
0.7529326307101534
0.9242117108739214
0.16849664040471268
0.17696882055836927
0.9137239887575486
0.07226316484509365
0.1325456533524636
0.4621870694719302
0.7919241415566022
0.3891170692556494
0.3978676348233606
0.880299531913178
0.3732377787664737
0.5821841833774246
0.9764470663581662
0.47085806387692497
0.4723455331910066
0.29832980864629477
0.09714139349260231
0.7318857871214867
0.3106411658322147
0.28703832011407826
0.09346525731730981
0.9728130529427127
0.17541524764758298
0.7893277517430887
0.2535014507873349
0.9002822488394443
0.6313030656319701
0.07778841243343215
0.7097999276368602
0.25620720576470457
0.6593710686385812
0.8865328527036419
0.982608160823945
0.47284986493755143
0.7236453634748079
0.8492647927680048
0.671494931625175
0.2025902228991937
0.47987976752754957
0.43666776321898293
0.6305831478353401
0.5249545944730872
0.29459722160887114
0.5881797572102581
0.849127408144789
0.628510242321197
0.9007053939005297
0.5992597091448393
0.07534669066095623
0.1527501298772842
0.8730380701685028
0.6899517441623627
0.6878527537863178
0.12690379061863621
0.8798216029587242
0.3085404566422595
0.3064753439307426
0.6453289234289182
0.7894643496286806
0.0031878172646024883
0.4656060728374941
0.8734851089493766
0.2110072612442736
0.8920100707260068
0.6034307697588697
0.5213799661144272
0.04644022302175532
0.8548861587128904
0.51396732152637
0.7043631767775339
0.8411594343925797
0.9104181274209767
0.5466335293671624
0.7494508039642643
0.496216565813854
0.2921682940053222
0.445801381967876
0.6652492227504659
0.277691724196776
0.9095787354247633
0.9440099136997988
0.38987947165200176
0.20953787718671546
0.6588831044327256
0.3829415981537765
0.48095414979379036
0.5692730354780831
0.851330588297936
0.5676573747488295
0.24940274729278833
0.08307310949611368
0.07033868841054247
0.7777467844809268
0.1271090271879346
0.1654084080404029
0.07401866449910477
0.8638711543755735
0.5311393372213981
0.3511188543082373
0.7555487124985927
0.3554014782433693
0.5405417273383064
0.07226417335829871
0.19540866781505695
0.7978305665745791
0.7281870138711948
0.5267800719423426
0.3842043879113547
0.5082162965623658
0.5526586471423606
0.1730697470322028
0.14814394144095555
0.9387434599655655
0.10112049483882468
0.24639926594938444
0.5856630305102305
0.7103130084652213
0.17265665026520416
0.7200864945688726
0.5753762176808204
0.7956846005184219
0.3615969825505322
0.019271367855618338
0.07996756933365301
0.4021284769911514
0.6590752758288421
0.055923684079851266
0.8331531123820752
0.08662809426943818
0.7560892824353694
0.21459271632614796
0.15834752677527897
0.469824053748341
0.8495142793722964
0.18802099717147258
0.5111179210165165
0.29253530560984753
0.2773987440801997
0.9486445726665541
0.4389382031418084
0.4382312666624326
0.27570213905414154
0.3433266407297524
0.27388307446024773
0.8310224768410085
0.37409911202852575
0.6501411208693081
0.9988095234228868
0.4415915888524099
0.9471584948286634
0.7576750862697512
0.19378234449820042
0.06718320702370917
0.33869422747111966
0.9841840361224636
0.8410227336568621
0.45555774414615147
0.3688699114971923
0.530687235969071
0.9584086525019168
0.3715640510370233
0.5634323736544858
0.4207037343903629
0.9316930992342043
0.9683222315673295
0.7813079383459394
0.33576280352463794
0.6728245461612102
0.09296028160068981
0.4385509576279579
0.7831357908078963
0.3868908155750711
0.15417117682501857
0.7683555499961733
0.4341724295391437
0.8906365045437843
0.48016953370164284
0.09304510283476974
0.9382975659050785
0.9111747953357853
0.16014300942377224
0.9683137623485286
0.815634725058573
0.12551301425195116
0.9627912862962635
0.7950373343446769
0.7991631871761776
0.3306365996631848
0.9462648488492503
0.5642354593086883
0.7061800420719876
0.31737827570246235
0.3844337260875773
0.7925588137700762
0.8787795292367102
0.09848381986645627
0.6618200914233705
0.7818323622152429
0.26808395129229534
0.010481655805554047
0.5190214315440611
0.726341793125429
0.5177281553722732
0.808102233742253
0.013554600363592573
0.6631062820955487
0.2732102704740298
0.1595039220080402
0.7811952083034749
0.8757285808488441
0.7609325693239603
0.397875731387921
0.10701127868934512
0.613309156829118
0.03729622707159519
0.6294427187410759
0.46304275535819306
0.5419364034652362
0.591558556452054
0.3291417266313089
0.5761553100900884
0.07975903321921285
0.10070309866442417
0.5559880799392202
0.4995736928435932
0.9764747608184753
0.6635405713559668
0.5233939473276056
0.5193216855905839
0.07649430136005109
0.4476593576989051
0.260924515829124
0.5845507750702826
0.6811846801667485
0.4222714964120756
0.4859976177464471
0.42360635758371046
0.3205505045769582
0.47212200648430136
0.6755128173179228
0.5259622700466692
0.4301642211557347
0.4922616616790835
0.8301557864757533
0.5349620530743749
0.11824748465026536
0.4254603352428632
0.17789813893378037
0.20130690161383702
0.5566719844460761
0.9313697727732565
0.3676718633320478
0.6547449120572423
0.36590887954911044
0.6119619779207764
0.8083172892060525
0.06598751895045141
0.8613025720206439
0.9479102635377453
0.28844997982367204
0.6995343125118895
0.666478159783038
0.9401721955696057
0.398965720193051
0.7851485281076916
0.557559626846992
0.08944264878098562
0.5432167466961564
0.641025193714586
0.08047894671947009
0.6784080995875399
0.7687356535160326
0.49017373460661373
0.844047408812407
0.48992735296269463
0.27183577054234687
0.9882951308460473
0.559496006180889
0.32038246927210867
0.697686323913814
0.6148123956873188
0.4037770320801317
0.41132317075737845
0.3745074455292845
0.6588521607229837
0.6958268281230039
0.38064361789335766
0.31646261580604007
0.024286606465243832
0.19201529095962344
0.9877375795079332
0.9735752955138827
0.7607593218389396
0.2872275856448987
0.18435049568385808
0.3849770915521863
0.19637383232289407
0.654087422632661
0.6710174037711846
0.5878110201554841
0.3440884982190391
0.09508919690278617
0.2198665873197344
0.8972171592345747
0.6342540279905904
0.819121102640047
0.4639813752614387
0.04543660660329807
0.4224315102920916
0.978934573324604
0.34764175165984
0.625643924965354
0.16835832396400907
0.27090590361153954
0.6301348428572021
0.06201829891016164
0.22117800652363795
0.7602517488980585
0.8085528607234124
0.5360395358067753
0.6768987473540016
0.18909995290816206
0.20300354463793935
0.11528940425964473
0.2954940775817293
0.465410898569693
0.9474326210052756
0.05133684929423732
0.002615076108236969
0.3961278637826725
0.6991239106409338
0.1839698011985642
0.9135808305628279
0.1442117087865511
0.5632525158025079
0.16046983115837954
0.3495428024282
0.9492404354202559
0.7838663607593475
0.7110164564620816
0.20304217519002843
0.42583458995931633
0.11877816809188191
0.0055433863719358545
0.5654052164387935
0.856459471282878
0.19927995041943825
0.7157263788944647
0.12941577612907684
0.8019329915628225
0.7973409590954366
0.04017841393120947
0.3969008137509359
0.36860178388776177
0.27418971717780416
0.5819201294146453
0.014902452854931192
0.938108947704504
0.4977660642109162
0.963246986393217
0.2405058030546834
0.3236493964950673
0.24174986386778397
0.7752830107169122
0.3744899033214417
0.788376732364444
0.6889991380137874
0.06075794956223424
0.5066118670104456
0.7032741570212412
0.20374625179159267
0.7180227816154626
0.5607240708207912
0.13874712261310485
0.2603550591790238
0.12301670652115793
0.4421341562505805
0.8868753317862071
0.27826651143394365
0.5789339668236825
0.41974462932432954
0.14896475213642446
0.2985636080475589
0.44594508946035616
0.6201055330399629
0.0843186744310166
0.584338940210353
0.07030955276662798
0.9076912846219898
0.8708638694966954
0.2122207019625656
0.6937815071328458
0.5230278281909532
0.9393523859180111
0.03571498594731504
0.755130640494268
0.44741729010762576
0.0015355659022988633
0.6928089613411003
0.5306478138061406
0.537632395004352
0.7104136583861071
0.9890806765375345
0.5782969030938736
0.5625022494716313
0.8651249542580226
0.48820924760926365
0.767071489703015
0.9413999235315157
0.44033628311821194
0.03902092472936192
0.06909200039509866
0.6675630596890844
0.8933905940071486
0.300166388497654
0.17288895684891858
0.2674864626202266
0.2487157664244527
0.04442947300871225
0.9549907827849041
0.6206343514734289
0.21712984749116093
0.1426818526882042
0.02164491933081203
0.2147998064499066
0.40396218353324354
0.6531296063467485
0.26402006906906716
0.03522451993477882
0.5886792256264693
0.9989927465468805
0.34067543464122774
0.7758971353361799
0.733561026033128
0.14700854194842472
0.02395620043141722
0.5892289840796965
0.21524309447303946
0.691823772062536
0.514076999232211
0.12195080477037934
0.5451515023458073
0.23717686367318458
0.2785640372937458
0.029335788746683633
0.456926182692036
0.3017681823889927
0.5412295817018835
0.5507251370115762
0.21723289699315684
0.041905104610578725
0.3305290098989636
0.9907450996874604
0.34526782501422104
0.7898433570855871
0.7906656902232557
0.132019422385522
0.49407133189548835
0.35812978212198243
0.8882700920034581
0.5446133301354111
0.7098125397905045
0.5184441459832155
0.9992641922412285
0.09681624617363083
0.9599453918131258
0.2801420279313689
0.5516327893720336
0.7011909767210117
0.2988638461850309
0.6554866093348136
0.25827534159094123
0.8800613370258207
0.1707251011577109
0.17098802172317096
0.5372411489381942
0.9704783856467604
0.2539680016419492
0.8166645790241318
0.008319335451493215
0.40756324141219147
0.9598126743864617
0.09359022178997134
0.6965467780551631
0.8433414529134535
0.7003939582547425
0.48539813826012723
0.13869288106891597
0.3618198023360568
0.8182060163038095
0.5448483966132249
0.8010794319095864
0.9145812172699019
0.9676749332627135
0.40724404480662324
0.7936456880336056
0.9123018246153751
0.26988952863928917
0.025496602679877856
0.0701870876026246
0.6684240329101439
0.8104721762278743
0.15696909129968084
0.6368120779878312
0.7038554761552466
0.9914103307924712
0.8338903379035058
0.10508928523383909
0.69065966762186
0.052779357554777695
0.3972244350507834
0.7401498638184848
0.02297528523557202
0.937766975282061
0.39980810590399707
0.6493122571170479
0.720377237819049
0.4087034295037856
0.18114918539196634
0.37664940626177323
0.2712463473452069
0.18060407587249427
0.018559814665268792
0.04715673163294598
0.1949189459490227
0.7837293841839221
0.06776408706074355
0.03477409420893007
0.5914840484469298
0.28123715711284314
0.21435971693702882
0.5851136696137317
0.7470411502058996
0.9931806199036408
0.00422581780262532
0.3440371960206019
0.43556521727530484
0.5311014406529866
0.3905711567803394
0.1480705138247056
0.5732328653966553
0.39381533671235425
0.12340594610559541
0.9249044991400736
0.17288639967877895
0.27707831406092975
0.999140953714756
0.45794513752642085
0.7813361446373669
0.8037781006997661
0.674949282472262
0.06828887406592199
0.861450586882297
0.5694025344462185
0.03708115543509005
0.9144454080431288
0.3086970468403243
0.389302776322654
0.017332160553144016
0.4429132512335032
0.9310983366371768
0.7314946379799075
0.4755296340085584
0.5767649756716562
0.0761725207194226
0.4363413429241745
0.47688178122015323
0.2815711326772552
0.14816512802973458
0.626949430063602
0.2542484040900339
0.9522259093188512
0.09926148711467542
0.024736586686612605
0.6561133009068645
0.7733852273048158
0.8634542989058728
0.9656311380621585
0.6635570628972063
0.8213301026255314
0.5975333536555948
0.8258854343965316
0.009994994808844804
0.057305285272434836
0.5176153616041286
0.2216863769945503
0.5637195430098458
0.17294519739072411
0.11452884115683648
0.7466947303727708
0.7272112612798723
0.1429750643494886
0.4894662131127523
0.4160860305088846
0.8996862940290445
0.6654789795575987
0.5688911686368329
0.12820125990379805
0.12781544264081257
0.69522318575603
0.7983709112856205
0.7597546510194744
0.42116246167055427
0.8835786602704557
0.049561811936446376
0.028281280995690605
0.8502728156819161
0.9056953411631999
0.7058200580730108
0.36004826294208947
0.16303771930638977
0.117201047138067
0.2220931547669167
0.28084245165214283
0.832438937547809
0.7031868302380078
0.6935737234632939
0.42892496517111245
0.40824168113253256
0.3945828915998827
0.6035171708545752
0.07949846844253494
0.5006095397623631
0.8406936458498208
0.13945941427426345
0.9203758615602621
0.3856631681870569
0.24100548292597967
0.9340210925689454
0.49408707288422415
0.6366580097248131
0.612434839549905
0.47724354728763174
0.2731851532877818
0.4675772437113911
0.8946360379812202
0.460582348376427
0.4185777476453578
0.37868641808569625
0.4220750592353496
0.3771306305882378
0.9355060491052967
0.8044090588061056
0.9642152903602864
0.7144238955734343
0.2197407357597072
0.7026189007640479
0.10318938935548638
0.9168910129682286
0.7644077240345218
0.7845730835671823
0.9552190175528277
0.9095401168771057
0.21250555042945907
0.30175640269186177
0.14181372643565204
0.1106071056665967
0.9936993844930045
0.2558523471869927
0.35314298569859404
0.7017416070088629
0.8722452646463633
0.2836945334185631
0.9979900143064586
0.6911824243865244
0.13320589154954987
0.3061642602019642
0.09508507708607639
0.016322197646306824
0.5721941405064775
0.1916489848150933
0.9443416492707862
0.042902706836470905
0.052778782951471204
0.8427877761588154
0.10024194988898483
0.6181490939604016
0.5605481504790621
0.42246842656824046
0.07554790201488959
0.29282745272161625
0.5812563080885472
0.3226829141033305
0.6661075583517968
0.5369299717744278
0.22689981372113943
0.41273817683328196
0.2045051799673172
0.4572827039409971
0.7517431455341382
0.03636639804249364
0.4588275476582153
0.5389085800694814
0.7656072397197494
0.09123811883499189
0.5429238457190907
0.4979380023324773
0.03588230139423554
0.9017838432668354
0.3319015507319215
0.6578747550641472
0.9579141528283406
0.9989497685689341
0.27238604354028395
0.9623409239382111
0.11226029850158237
0.9107547359899237
0.9771152829769252
0.03736656997938448
0.7252749107663321
0.6076138085874291
0.29833857845707634
0.9686567018036107
0.1492732069524113
0.818012088861958
0.6652684634749189
0.5609383458838564
0.5857040459015673
0.002579673700383145
0.19120343022462483
0.7910761095555843
0.14490551346602276
0.7572894073883151
0.8363683677970479
0.35987657559589403
0.9104263229173082
0.3567858530184739
0.6142158124231465
0.9131792019349408
0.36837652750695893
0.7753465114001736
0.9130103533565286
0.07010858213594218
0.6945043685989404
0.1112102004392076
0.39142201347702543
0.32265311411970865
0.8016382844501589
0.37907854326158885
0.04606980173350572
0.5458827099670505
0.10917476300813922
0.47039502685619405
0.00028812292683866314
0.12983521482300353
0.04422987752094232
0.24887082838380337
0.6938693177337601
0.2010929773546386
0.19976899323546782
0.07080145833204987
0.2869449054264681
0.9753400670477285
0.6954150550718975
0.6223271125638281
0.4697433231737065
0.15606057512177307
0.07059649120513478
0.41841995967873336
0.07325844698808981
0.8343606953262483
0.9870911206708852
0.12065635528194929
0.06319850757347789
0.8643846582490821
0.8595823145974573
0.8975084571977735
0.4084198069053676
0.49864838235334397
0.1777372463001865
0.11550562171799184
0.49362367566334964
0.47821333270135047
0.17300690056469237
0.3748895392490823
0.54506043220078
0.7640043339508519
0.2574239250279622
0.04157924551389258
0.20410435916873193
0.3257633792390403
0.584039223185518
0.3972723851124801
0.46136681902151644
0.08800675868118157
0.6641897194628404
0.15181757597049794
0.2029062420376806
0.8618716508785339
0.7784312820024936
0.9702575633110457
0.8975476537575312
0.1846565627329727
0.197873512321317
0.7084232320365897
0.38118854447881856
0.6971386550979697
0.12813744565965268
0.6046480917279328
0.9600159242848202
0.9220795981173926
0.8054519621814863
0.9729031412179365
0.07826924573342675
0.22699192607755514
0.2759835418638429
0.86005418194733
0.014467006646554648
0.3840242326424411
0.07687975346729692
0.9470831102985293
0.4190906191456114
0.11285087239407354
0.131120599876001
0.3432096743483046
0.9853921201319233
0.27522372898434866
0.5578879287941955
0.2577867354005846
0.4517499757727631
0.21986476793199938
0.200091350269765
0.9075228054944945
0.027844507094717308
0.2962293961325283
0.10902243049012705
0.20207863189518094
0.6852382882599052
0.36947120901618513
0.21111376554296757
0.6939526218515814
0.9521696822988224
0.9085029111943483
0.27531816112257834
0.8710274803869513
0.3501429491568777
0.5014130549832666
0.6736368984223484
0.4483585779606668
0.3498364119717623
0.36752037357757594
0.14195727807361636
0.9586015889638502
0.2609100603361434
0.7379483970907258
0.5062652709021397
0.5585796143564661
0.9705662422537497
0.9075430397580142
0.8092779098131373
0.08821959153484371
0.19872356125579682
0.9984703338131101
0.34036475246610687
0.5211810803896493
0.6097773388186776
0.9225091139828644
0.00453189372488616
0.8120079800913553
0.04191207664044483
0.7376433431833035
0.06183641017405028
0.8657273212619667
0.565621616319765
0.9557201689686324
0.6728303248348977
0.31375887532805047
0.9782834112275277
0.24832423319483732
0.4260790899681164
0.44198016966712383
0.09782297844259191
0.9225290508099875
0.7563792735476041
0.7403994009226155
0.7486168159434241
0.6898491793801343
0.3965266737866515
0.20425659824029352
0.5773532871819014
0.3340272181312961
0.4893872888617813
0.11793607971524245
0.07944920794355126
0.08350752508150894
0.1968579131938616
0.7106477942957499
0.6078962298106069
0.798568313885356
0.19080767702726753
0.6179965602408338
0.5700353254345829
0.16118398978499326
0.44493603695664974
0.1701816209535415
0.8266386966802267
0.7722321089289662
0.9108080699659575
0.5325938156760202
0.5112291806966227
0.7684532877148575
0.884305934732216
0.36795095162955416
0.6249213200775919
0.8078754870737787
0.013738872810263869
0.053760082838342216
0.5552626748213325
0.4646566680192641
0.30502906039581934
0.464786648112298
0.01864434320181041
0.2805809419077965
0.07866212878849976
0.23974485946608948
0.4995636680909903
0.9756326372490912
0.15846838517411677
0.846652549422448
0.7939461406712225
0.2681378041584025
0.7460693067608254
0.9296448762021301
0.2317887610967918
0.32510988246345973
0.04441324178828476
0.5463010036724835
0.31227237146555165
0.7577120631332264
0.2477802976261202
0.7994245158352798
0.6664119350075381
0.816371440413524
0.797599148911574
0.38937761654339575
0.392023151367045
0.14496876949202164
0.42227565643440235
0.5427911259492224
0.1476138921835527
0.620186106187475
0.599566706548021
0.585271852431233
0.47025722952463056
0.6983070801573671
0.502296169753697
0.6572415044214054
0.2786103066420188
0.790317403200481
0.8046817359320604
0.41962842432129377
0.6798734419774721
0.8056693972263984
0.8599483608611243
0.6637627938523025
0.6490341099778679
0.8388799199790566
0.5424881459131025
0.504389829163664
0.8254692285175421
0.36059412049127537
0.1829734703512259
0.5974354060462871
0.5971246501583182
0.31057033632792586
0.5162301519063228
0.8197337734045621
0.17658238564516915
0.6407429979163904
0.2948393100660349
0.971049598674635
0.2846166604734124
0.8342109545180969
0.8930847356465274
0.46060608696541605
0.12493545983704424
0.7331543991489933
0.34761885258766967
0.08065843546162077
0.6340564870957102
0.6237262468712634
0.5873548110074832
0.11065432301575429
0.7235768156298237
0.39926360769194447
0.31021518021257655
0.4454226230884013
0.16078883840476765
0.0964655214500677
0.5423805900102355
0.9973994216572956
0.8628427334911944
0.04337008844226431
0.7734142401535278
0.7973487023694636
0.44718233331572466
0.6969256401205817
0.5565911470118505
0.967925892763388
0.08802798154834113
0.5915227739947452
0.3770074778069994
0.4717807818144958
0.1431675505107749
0.512002407430995
0.5460313345010748
0.6827014957560736
0.516144106227367
0.6876014863131387
0.9151382500926002
0.17060910130124707
0.442170657015469
0.1172499480778404
0.8066166230069713
0.8461557181860134
0.2646325481019004
0.3259694025801152
0.9351527846717603
0.9763602478486059
0.926269170215047
0.8670437106985927
0.6078493190215352
0.3725726985625051
0.1611795433550547
0.6359919743770435
0.6742994412135399
0.4774006448882644
0.30580221676665587
0.9129812765003426
0.9116934411847265
0.8107970613506965
0.9297288833128136
0.9578940676429571
0.7504776248784731
0.7436774911668851
0.3915363501153448
0.12413696834664689
0.5037070603496888
0.7835570706182795
0.46929924207626816
0.30306227846976297
0.042224248566639866
0.16403713966046185
0.8633857254173685
0.7636651107901778
0.6559115177991961
0.16308372738043597
0.022621671682499622
0.7861193158444278
0.1852098264616988
0.7327234592769784
0.137300550992692
0.927802606889541
0.21899528785391809
0.8570810331699499
0.36812887724028687
0.1198220758180295
0.24023897180947495
0.7705459887328641
0.6171236308636684
0.6584650087693654
0.9865072219541007
0.6191471864334587
0.3310494056564798
0.6224466844915398
0.8574284910834257
0.900239986793006
0.958695742730427
0.6339900656195505
0.7021492143270436
0.37432632706940083
0.26463462435675456
0.36602581562234815
0.5064247665285813
0.46590058634990694
0.23296509549445776
0.7653924477343164
0.5953521360710055
0.7900914320545309
0.5683029367606586
0.6666121976417989
0.5128290415049194
0.5174276900839452
0.31436619740346583
0.9309001219129616
0.1565604496675912
0.16950022131406473
0.15586005606792475
0.4388764164045367
0.7867089288926286
0.18204251948726302
0.6306972472763523
0.7932254936647671
0.2834726523990515
0.5603033662496981
0.3196640231703146
0.31434602172711534
0.2848845581416236
0.1577467459552696
0.038039776097250955
0.2944295088105091
0.9772670976965905
0.7251054712001207
0.4521761382622279
0.17778949320410808
0.7845631157482308
0.7965371800797107
0.11063573647897151
0.6004037522075214
0.6568487859433553
0.8803742653335089
0.5632286772290862
0.44793243138727223
0.24846928307375515
0.36606253442285963
0.8651887676627015
0.2357023615833307
0.02860092255349911
0.6318754809234758
0.7463731334768765
0.14611884360090066
0.05116122218613561
0.6264134129455387
0.44043454591565023
0.6084164900710953
0.8594972695019464
0.35384809945772344
0.9909735795562182
0.8752984689881163
0.4769968375184006
0.43017126015515805
0.1325696900145198
0.8838799847229685
0.649130633699869
0.11940006459492758
0.8536625311820715
0.12626130186443985
0.875603946655494
0.6907251508768676
0.6353065583659342
0.8377947693523107
0.2699489429287719
0.5575042943585168
0.3764376879121344
0.4968221506674937
0.8165774307502867
0.050906101143106675
0.6429482848667046
0.21259316365285663
0.3931731525312486
0.9557847593621068
0.5165143864412874
0.6678252794273865
0.053903364594830916
0.38597956021472246
0.5113597397133134
0.8278080010158142
0.680834781053508
0.3335719476264132
0.5026434977192012
0.9078661275129264
0.019859428209640373
0.22637997543270227
0.7649134327974166
0.5314285876363914
0.5516770139825352
0.3320004682704434
0.32576671378682975
0.18638879438368494
0.5142381238841086
0.46907752298017213
0.7338209980960911
0.4461178940302756
0.4621407707978391
0.8866348148682058
0.05795048930082902
0.24590561447737003
0.294114843680523
5.34114431933741e-05
0.37368428607007476
0.5608763764970169
0.7959850546494528
0.1725808218436785
0.5281379032952234
0.02805236608092654
0.23560381213589265
0.08874501643172306
0.08641390941196259
0.5882600863966285
0.6715260650907022
0.6925414917301754
0.4449006487280146
0.3386954144768014
0.844960726529357
0.9883955718599062
0.6038241645450966
0.04972972294122713
0.26734956315601266
0.660982534266962
0.2578962076481961
0.8018473235164941
0.6921556403692304
0.6600093021583417
0.07179057329993954
0.1736304736178622
0.32035219094712153
0.799815902768698
0.9681444422752863
0.10637712550881984
0.324857770247411
0.8463980058477069
0.6259487221716646
0.18238236631820126
0.8798429463820231
0.6294685678936671
0.7910835902204325
0.9476184132640787
0.5601406902651868
0.6795674691143251
0.18450521717840473
0.1135474619411434
0.5524629508245082
0.11452154985891738
0.9246121721720536
0.8937968873527046
0.9743652243320565
0.8943123536436131
0.5945130910780255
0.1905713909212331
0.07456462657761209
0.4336103099408234
0.6205092394596706
0.6355428895903393
0.8391026914816858
0.12338656449590246
0.8038215274171232
0.14688353154772238
0.7556162251531137
0.8666478038214238
0.26289481913608914
0.7921355796615738
0.054773515697892905
0.8146631013640074
0.5647487522857116
0.029153359586921
0.7976130242152568
0.4802382050806576
0.07495911347986917
0.7417560209266032
0.21685507512269764
0.8578569736507918
0.7672771318511541
0.3831385434254091
0.467535629958686
0.6572766145637083
0.5606733849279241
0.061535525203066266
0.7626265511659172
0.4279920984283023
0.92956533538909
0.7169026201676699
0.05991340958725455
0.41977667279366104
0.02797704454364036
0.09549079901061386
0.5403941067242042
0.17799552941076235
0.7300277000330047
0.02199628820801547
0.697743704507699
0.0972557191507405
0.2939179295684663
0.2804512831621083
0.4543367521487124
0.02028010989291007
0.20214121723350187
0.5161574705887108
0.5651546782849557
0.7547100545266912
0.19183936954496272
0.2251213498507184
0.45451586090139795
0.7386767130079727
0.8642054072825136
0.43324714235316253
0.3509122349488757
0.6695487525932939
0.15630357082998725
0.29030566402573654
0.7093706658501167
0.06672162002441462
0.9315468166806529
0.07892240057540212
0.878484044612979
0.8236395190173593
0.10398399187870466
0.4148075933159242
0.5491643739217857
0.1332446476301905
0.8219395457556399
0.36991782143360696
0.6956330479617754
0.3279429223103977
0.6360423056371411
0.4717216882099574
0.5367922574628242
0.8495421853894233
0.7261017162354078
0.9504510210185165
0.40997841051115624
0.500601787464128
0.32385407692106594
0.02689847883484453
0.9259109080528144
0.9692715623013848
0.9932313383429736
0.2683766433972351
0.7554085508410746
0.5107275443474792
0.8478651067155113
0.43907633462279094
0.960816507094427
0.8520702586712242
0.878159493808623
0.6195092080146394
0.49164620464750375
0.6658869951199607
0.4289527038514581
0.5651953675132029
0.18042735729903925
0.63213945362061
0.5943773668065796
0.2528950189840611
0.25677171959516476
0.804192818549186
0.648265434609174
0.9763960511079199
0.2550014675914556
0.2176663652431169
0.4628950331522156
0.6948534813001452
0.3089382747477295
0.4545713279960255
0.8307912238107531
0.26223176159297934
0.5960878927336554
0.7195023228373879
0.7351538747970263
0.16863635785187703
0.7503194826384005
0.058351423444702566
0.8165500825295099
0.47429420139281875
0.8784512877176288
0.7843391173301626
0.6556233121914542
0.8241780201335048
0.9206636673765918
0.03161765376925563
0.9988690366976943
0.930494510751448
0.5561590822184118
0.013093418177453686
0.07506204395395577
0.07625624915701246
0.24992805305552757
0.40858802821544427
0.6161311641314513
0.0673329385487409
0.5106834104113854
0.7850915558641315
0.8951900642129113
0.711845022443592
0.5396821357108537
0.6950731027720418
0.7557111696826913
0.4727749416830811
0.05502481842442297
0.11081141266186811
0.2848856706845866
0.0032681413638877554
0.6546406644836613
0.2676888054397486
0.6979758351101728
0.2530185673778246
0.31592518729876595
0.8771104531757673
0.7746807634181823
0.8430651476513038
0.13414448014731684
0.40594023816227365
0.13387302375873678
0.9732352407827826
0.9103797502399654
0.06430001231166382
0.6802912189478834
0.331817232637558
0.9581662333094775
0.08650350576320631
0.5682652091423674
0.36226478015216246
0.686267895096314
0.7861958975483205
0.4020108457922903
0.8983926680413727
0.5253379914145365
0.9358588019963987
0.07085568015723864
0.3414321344845105
0.08850810155304556
0.8055304321173037
0.17262327432955815
0.8779483949135609
0.010948805883579604
0.0001577809965587207
0.5331168323742332
0.5123842547994947
0.7486784273465906
0.6527451051314987
0.9187836309632496
0.6421529607575703
0.2983756493385431
0.787231967648947
0.30830097377271526
0.4578515730541628
0.44529852394433944
0.16010213031435017
0.5070726973467243
0.3259329866029337
0.951410594803209
0.7890391318459629
0.964614240266413
0.6848547696315229
0.07818287492209841
0.7553999295751768
0.5636901872727578
0.35501386439309146
0.5362922665368295
0.0718497240709759
0.04490466208086119
0.9313246718961801
0.20081957536282946
0.4634397135391075
0.8616798365446018
0.941993182238079
0.8511420940767055
0.5908658033256681
0.9809183002077227
0.7222602370439268
0.23684449082271242
0.957429084715399
0.45130689626239195
0.08840427620268687
0.009353166766732812
0.17000150545020853
0.8333633640335951
0.6903505087691932
0.19319837378374516
0.4545962660294417
0.6593072438121068
0.8580433943339156
0.5805297808295865
0.2084222907587746
0.9393571506723589
0.31368548508221994
0.6946266516491123
0.3469509904622371
0.06802478153830338
0.2956477744475191
0.2740820202181171
0.6643148885667577
0.4948805217802841
0.9227620498843223
0.4315808927339748
0.8505492022110627
0.13434871455515152
0.5876419727363047
0.7725847931414689
0.8125285717329636
0.9362886393467507
0.5217286686332047
0.9727963364233302
0.10410085711468497
0.9683981724446503
0.14445040446711532
0.7565551469614559
0.7484561558865541
0.04697083264017232
0.3777813528124879
0.7725742888697896
0.681664280832707
0.3241615568557187
0.9795224947242774
0.5779194080871447
0.3634810737671329
0.31812617581635205
0.6582808094737345
0.6868941685849475
0.46315687890429846
0.7703157368680636
0.2517520125515541
0.36854563074790825
0.6922893631308594
0.9089362358188883
0.40628883684588846
0.7161391675316514
0.40647185205304437
0.7152642104743071
0.13097974538848223
0.37324230289540405
0.27122091194666675
0.3923413632966156
0.030103585865588367
0.8187034422560004
0.48585389394161294
0.007579625964277303
0.5478333431052698
0.46955023120872674
0.9528639223616365
0.7956486530265069
0.8391415113737144
0.20929245315370992
0.028454917377016775
0.4557277568934418
0.9758290585566406
0.11586847456584182
0.852379186761987
0.7401417417137164
0.8162357874211014
0.815883587568004
0.17988414021582344
0.38444077724275905
0.8969222783004912
0.5224584984081493
0.7683136290928992
0.18131528405534525
0.22885269124143837
0.1691088640954178
0.5637767752198045
0.05873160551282797
0.8080174197669726
0.17013253567380915
0.5421671742543167
0.7383006042705125
0.29123403348472665
0.39413068312324406
0.002989259589343485
0.6543462397900986
0.7157095071313763
0.6608637377859529
0.9973619916006028
0.5270954860326732
0.33181204600200065
0.5063640845690272
0.6053829163942082
0.7833446552858482
0.23921872663505162
0.14555423759159603
0.6234924500966664
0.6712442549153016
0.8127079363213298
0.2294460251079209
0.7337638663616953
0.9211598506414695
0.2973419735318137
0.09495126812433718
0.6049967357913926
0.9956119448707924
0.2996497747119288
0.6911201963722094
0.7789441819959527
0.4162991810721193
0.8700143273923701
0.7480716855387544
0.28321414673471745
0.41469377404719676
0.25820745546217116
0.8564831001714432
0.3092280528321254
0.7658776175810205
0.9435628253891414
0.2911905124555628
0.898713716093749
0.40472514131472503
0.21572855928342427
0.4247924068925776
0.6601519638016736
0.720192587013219
0.3865878192185208
0.7538135818230945
0.8433273441733221
0.48691061180062467
0.053141221869011046
0.22075408115194473
0.44063242961611016
0.01586944801551682
0.9764584216185784
0.8826946947029078
0.26576121000828534
0.12502069858287057
0.13268285802413493
0.9097442927890707
0.42568629833737626
0.8736307894664687
0.39465574191121977
0.37490574175216174
0.6742321309232491
0.5006150754254283
0.6936810898161787
0.535358158999655
0.32596561624691867
0.5934918815262322
0.006435154025603573
0.13176854494525114
0.5591641118127894
0.5815021775424186
0.6273252107046319
0.05213074759245706
0.880227495036302
0.5020680726444193
0.43893780417847117
0.14072899725666743
0.1503663804452673
0.06202232448288403
0.32950541552142376
0.017825260472135618
0.7550650578847176
0.9404740608668684
0.44467604809442973
0.46193302531454716
0.1515224008204904
0.8345929056300114
0.4236999733362732
0.9932247692154698
0.3915256033145573
0.44499343801808255
0.27888038470806387
0.31510465510116326
0.8608055228148968
0.6964206394594782
0.7866590875112657
0.9737903182360769
0.08932640207413789
0.3247430154274126
0.03580206665998242
0.5292193917303818
0.7886267643827591
0.3226091247712344
0.2710333509394689
0.06740736746716647
0.2912102840079305
0.38887859396747504
0.06752735701706791
0.8965313322569598
0.7877179447097601
0.5845493761340445
0.9591329031473746
0.14298221052544224
0.06516261189802419
0.602824709974354
0.8523834818611693
0.14176185731425373
0.09274071069895518
0.12258884693102601
0.4189509486431857
0.06012665231452319
0.5850372570030917
0.5051419976376678
0.8580884538495962
0.7133542280392312
0.8001466354322977
0.1403177446277909
0.02709802983823728
0.06769832053614477
0.4370284919088635
0.5412757147272031
0.8764877119284374
0.9408551697404468
0.4626036664711636
0.2464488537517595
0.13407461841335055
0.32614557112706277
0.09159982726693716
0.585022216324735
0.40804349041574806
0.25365654792175685
0.8813356465850658
0.22811851663983962
0.8431056517027355
0.303701875211698
0.9683334079438086
0.24177417072579055
0.383928752530896
0.14360667749084133
0.3719941872496131
0.9201094462793827
0.5671088927617234
0.6682031700991506
0.24575068021316993
0.7474866706393712
0.7274987146438344
0.8632783567594962
0.239569835421785
0.3435992565498356
0.7880768250900272
0.08027849298435075
0.5390211753519917
0.692887353747252
0.16528847007590108
0.2821274996050517
0.2807502964324726
0.42852769328623963
0.09235098233609473
0.8393305917349693
0.03492495741514556
0.9688812023880123
0.9113932098260032
0.7030258705100576
0.5726867195036844
0.7433029451025114
0.8571210583154825
0.7929645655732162
0.09156493491828377
0.6123686447941096
0.715658032510543
0.5739277057066328
0.5419635283276074
0.3242292940093371
0.9974546017338117
0.9908884047337612
0.7735734366834431
0.2989393350230646
0.01733158283003655
0.076850947390677
0.07172180385464488
0.4795809280804093
0.36308595444886016
0.05692207783984149
0.22720286111903965
0.4638886101604478
0.7522815370056493
0.20280079830275177
0.6461495241135636
0.17680355414270754
0.06560240898211955
0.1660595890722094
0.660631549805301
0.8271364995590504
0.3871943419799879
0.0975067687343345
0.943126268089107
0.5255946514303526
0.6029964810361962
0.07953758634948926
0.3115439345194084
0.32787041972954634
0.7139759448165597
0.06676301476032531
0.0807236343195622
0.6524593143923638
0.6250757174536247
0.24013323925739627
0.8049622938955618
0.5463156361480266
0.2068196908919725
0.04511508109324747
0.3863080146828147
0.796480165682044
0.6498822507241345
0.8167602191190751
0.7991919182660135
0.5893839928797573
0.6020764543294912
0.9642988420581068
0.35867782642857604
0.46106928756223653
0.46803802805108985
0.9693483968199907
0.36749809559929947
0.94998213456561
0.7438141531527939
0.9320752444145947
0.9167139999329359
0.6434429221068558
0.02163578979740277
0.5902968261939736
0.30802186109080976
0.1378995182475048
0.4787606159328788
0.9684346897348646
0.3375065968113
0.9904365187323309
0.7442633584605316
0.19303790848910563
0.3852608595951603
0.5844014383771267
0.6941480717034136
0.1933259813481949
0.23663537160192472
0.023319780339352447
0.5932219811717697
0.8644890404167779
0.9748205338004885
0.7319481322120177
0.36101894941765966
0.7140952119036604
0.1351356046112081
0.3744761967937037
0.2903526496776667
0.8659426094714926
0.7064502034755826
0.8092394555007564
0.1690693386608354
0.3411233424997797
0.8667153561261091
0.07109140052836893
0.09113313177757232
0.2350525092510748
0.39203912568399657
0.20264752319382706
0.35112189412849526
0.31529781615667507
0.7741963746486294
0.8567637138705368
0.23519434937149986
0.7345251902176008
0.9277284939022673
0.2135587037413592
0.3477867575553435
0.09953958397452556
0.8960468517886988
0.9009932073002961
0.10789105354176298
0.12384618573711925
0.6562312073971043
0.24412720272427157
0.13967932717452602
0.20663510036852095
0.9852718030543027
0.8308573620053583
0.4693735891355545
0.6881785886024058
0.054119180974591785
0.18040960835266862
0.951329276894822
0.9452531278975416
0.7412724783186829
0.3704318458294542
0.6320814205402181
0.7400422388634701
0.15183504727785746
0.8136042439728427
0.07659716981531794
0.5165590165988437
0.029964245442873017
0.5723971243893674
0.2160412048000162
0.7308504361572141
0.507371973112739
0.5847508055715207
0.21325810167995318
0.21894390289940402
0.04670883417934857
0.6525810273219448
0.063221299560691
0.5162726924227685
0.6491671100610495
0.08245822511818068
0.6448342919898642
0.5622598897031882
0.9920660019797148
0.42276586459527843
0.92866982535276
0.16172247393339745
0.858419692204429
0.8227162055933223
0.5101606112215783
0.5618895036265409
0.4070137415613132
0.9198903490892805
0.7322745211904077
0.6358348512517851
0.545600787693302
0.2659668492989308
0.20392814848146124
0.31779797317720104
0.9969421375118087
0.8075955435286413
0.9066841119475841
0.4216577051523085
0.9842736314411613
0.24814522924354443
0.9426124495957524
0.5054889002280737
0.5610577911762072
0.36234186573830895
0.5427504667986813
0.9910080714041941
0.45191186283512164
0.6589914407671363
0.8201895996404631
0.4356371350604694
0.036200750300866225
0.4078550901746899
0.4949353305166031
0.051476144629639675
0.2794747671761165
0.4187262748276238
0.2733771440275531
0.9280739441486728
0.6560846965341124
0.9350188864385957
0.5296447330886109
0.9850204783210914
0.7216448290764109
0.2717921250631987
0.27334446481060004
0.6905622461853107
0.9465556649908744
0.5837692855727941
0.6863911209441792
0.47179831586242604
0.8807102080079517
0.5768125879795286
0.8075180909378166
0.9072290165174167
0.2556471376396554
0.14490183290888703
0.8283427203339698
0.15295098667239948
0.8966070759331317
0.26361430849450374
0.582844872418435
0.03697432645140908
0.30117346691814306
0.3868660296565487
0.5765722509479922
0.7754699204114032
0.8149005339081842
0.824839073431957
0.19022724514787437
0.6731296524912088
0.7543941371721361
0.3358675382700492
0.6228308259818235
0.3570843321429974
0.5094962669550495
0.41657999662413336
0.5248121300371061
0.9474182583889407
0.27315353642451745
0.7802265751843842
0.8348988016782528
0.5387753833108065
0.25214731609482877
0.34038367840043005
0.2772144475904357
0.2416717515988771
0.45467690055583787
0.8168589315099474
0.8428003951033844
0.6519181039595641
0.17235755851190104
0.4165932550285695
0.21783486947847475
0.34458308430294005
0.44493968828175867
0.5067971473153341
0.07036303782224129
0.9214448964145001
0.3593633545969267
0.8322847849358677
0.5931382505431929
0.40798246715367326
0.08687709236385477
0.7037285215510487
0.3059073288733959
0.42391735605140946
0.3731587567882667
0.6674267297098297
0.9343458904721502
0.0586509967194343
0.6936465174451464
0.8008592272243286
0.7122324656723417
0.47059431763657655
0.04913639637376721
0.0432540653954967
0.11636000198060936
0.2568358322145766
0.014180182955049414
0.1758973834421712
0.6587044091080809
0.8262576285039067
0.33939578305428564
0.8388695934045437
0.5893034221067597
0.01150356514017059
0.9216890361216578
0.5210207129622971
0.8540285851948958
0.1736235035788597
0.8882678580318167
0.5872637315216578
0.8026521874900712
0.36222226934797375
0.595552635727081
0.30089573777245815
0.21447462912580362
0.01858038307646126
0.7349766662071004
0.5340814926784928
0.8117786868230753
0.28772560159727656
0.6577599995054716
0.7131668901361498
0.39490268915819826
0.7623879243904362
0.5331269138257612
0.49574373129174787
0.32312703460179637
0.7479670443849279
0.4411891728837465
0.52326177025198
0.1299823554774311
0.6513824478805512
0.7958890082957693
0.5984068862951271
0.679256819277148
0.6353230181060886
0.9113204815030672
0.5809453923899396
0.4764296780757121
0.940874077022108
0.2340349901344142
0.7863522846048767
0.22075147497638636
0.3551798907380931
0.6158226929595211
0.860536886478762
0.03503459293510758
0.4683951234442675
0.42377605615248837
0.8095125552276593
0.2507918418573998
0.19517335517289958
0.9330824837571964
0.566628729603187
0.6820625249779999
0.05368567496890253
0.3379643361064716
0.7894442158171706
0.11020044755152225
0.9745488887438124
0.8217595756016525
0.20659954245901102
0.8154518825864839
0.9443508742384094
0.2909831245559723
0.8879207149088293
0.22734747638059716
0.08923129723755119
0.7667581026995676
0.7251586626029418
0.9751182398519489
0.4868244208368496
0.2887249635338469
0.9416225360510503
0.6954904438858448
0.09659833834310472
0.9794871919346663
0.35618061001889434
0.7449911851981735
0.020248113298355075
0.14526743733302028
0.894351252348857
0.8262176713236824
0.04858664514383837
0.3316873516538478
0.5207216281037877
0.31986346071369076
0.8701676514161413
0.38111332213561955
0.9028455031605319
0.20803148239776814
0.0837442654817171
0.44493803905472673
0.9568329661394628
0.5201800081742504
0.7062922613841216
0.9167786116632143
0.4696871152054224
0.5143421269028366
0.54801552207262
0.4187991108077387
0.9663176836966608
0.37177981316333597
0.2903802032355407
0.018509430808568372
0.6969972557403495
0.09029329954442056
0.41951242381749354
0.8748276942277166
0.17298142217029122
0.164707641298237
0.22685717599918453
0.30341304128023894
0.0795795081590408
0.5093337263593113
0.09186917009062112
0.5652245241285073
0.8105207511535232
0.43982191922478353
0.25612818530255743
0.5497251593391687
0.0745772333564153
0.5030834130098399
0.8662006342883598
0.4631695231763685
0.6467300903485825
0.9544446535529713
0.7913153301791658
0.8846219264212827
0.7745976313469054
0.7500723981111908
0.5899373089568279
0.5257131991500651
0.740081902879044
0.5603551847055283
0.1402019073582147
0.4149529762463344
0.21892421893846614
0.2099249645724619
0.5961857755716482
0.4321619066075597
0.37112629001359976
0.7337705724270982
0.5319956227977296
0.6924532115928863
0.5286739796541186
0.6367926116091831
0.7590496405731193
0.31734267615374445
0.28007976317789196
0.9652052166379257
0.8378108849125971
0.2855559463268713
0.460851111345319
0.3112283932715926
0.6923637835596596
0.7922341558870145
0.18505230134949535
0.2641255776591034
0.6742303352361383
0.45531354543167346
0.923380361513002
0.12392707821638249
0.6880422953556353
0.8190148592000843
0.5399287121434441
0.44219753201384027
0.1280481610281058
0.1901574836966221
0.4432225414571538
0.10313379528894007
0.14501892569678487
0.1074638987448322
0.3545904477712044
0.9371726721351924
0.7631500673270155
0.8307509364144936
0.4389349091438933
0.5891090086356701
0.5916069630666209
0.4520838757148792
0.7014385755333833
0.020250717335181134
0.6780032746717012
0.2504851805575231
0.700748237492315
0.9173161608040509
0.5405135194462791
0.9035829485480997
0.08379326922129493
0.394799756035354
0.19465691708660138
0.24354703253418108
0.5634800996783794
0.8819603243506159
0.9683723079614739
0.39848347188766475
0.12759625084540271
0.5057406161550762
0.4517581263233502
0.7575001592881236
0.9424804989996123
0.7196769043325788
0.5009977689832488
0.03747843088870795
0.015566127618714898
0.14994915625332106
0.8053405061645543
0.9765280183461545
0.7826809412620453
0.5969071580232569
0.48629124157610093
0.6960549467788091
0.5180619756415369
0.4591104493096738
0.7099831551653488
0.06907814501890974
0.5713198513238686
0.7165185095201332
0.9138349120282785
0.9718363239646048
0.6871464583443988
0.572304190729808
0.822665025155655
0.5662078018536704
0.18729308615189477
0.9235470484009645
0.6731593231602767
0.19468421033480354
0.6382746228180805
0.032045899838131775
0.7780946918136666
0.8518647469550854
0.49390993700603125
0.5190481886066448
0.041536962349543294
0.8501694915220851
0.48689947080598117
0.6800763229709942
0.5335374247074559
0.5992109300859985
0.18293999741346378
0.016378227620375996
0.6589081578321425
0.7289253739747894
0.5115536450445825
0.23452580680372348
0.9754503495957826
0.24331402421244053
0.07033168434901016
0.013173968405469805
0.9051286411072371
0.1892382756159814
0.8793196985893357
0.28047518436209395
0.5071002225819508
0.19092512191638777
0.6095459113590451
0.7902384898059149
0.14989531573250747
0.966847521862754
0.37849118009768623
0.7753711670283773
0.4817994183742135
0.874832736345003
0.9261821383343692
0.4111677832238123
0.8851646124815242
0.727371534136234
0.8396608470234463
0.14454743963223582
0.6444064446930328
0.7350797528694538
0.0224652094056228
0.30513139552382784
0.3819553067241751
0.7365883329687741
0.8644982764171186
0.8298375730259604
0.2879444174531919
0.8726872545166415
0.842475688733233
0.8244693056606599
0.7520297306025748
0.894562910305931
0.578122111642642
0.2620692959364497
0.28684057430163556
0.007379345807797644
0.127608206370304
0.9947180045416465
0.7356276374251569
0.22446149813964278
0.7980045005351531
0.22087917224932674
0.45276186515085826
0.9752319313144374
0.9686758763803258
0.8645158646670871
0.8507924132632932
0.28427770132215935
0.6761972196646434
0.6594310515653123
0.06013904354680244
0.12274769876834435
0.9103424900806999
0.4612700035126075
0.918850490287825
0.6600026657622001
0.6075425457724358
0.5354399573219463
0.8665216214676709
0.826851867376584
0.7824522311853709
0.7940848139804705
0.4030379251161498
0.7699670599346731
0.3165168426312216
0.2228859925933523
0.6871065265653047
0.33662477309778616
0.6273475398526412
0.3148371863481212
0.9396866270088055
0.17580343734723958
0.1510208548002867
0.48477672142641015
0.08587346095141601
0.8551380359952431
0.7967728567893113
0.6795930902918416
0.6334295789211009
0.04768799491198983
0.38421856616064376
0.17731692578285063
0.18389199785988952
0.26907483112821295
0.6519308167357923
0.2309179467615261
0.6408882433290177
0.9968507490289161
0.0840766894579622
0.7817164573464414
0.7290710423688991
0.19075182425942472
0.5344737833457275
0.887922182804772
0.059566761466428364
0.5374312125801358
0.010275681436662798
0.6873837665393187
0.27775887389135534
0.9987074892850205
0.5723477886689171
0.23079920232568163
0.9549109105094715
0.36206852888030683
0.3662188130565698
0.43881420513468394
0.586732128179503
0.17526243463131053
0.9985316683820482
0.7603153065395654
0.03793855524677703
0.7075951526331733
0.530232877533038
0.658072658836375
0.8012564769662469
0.2998002787483103
0.6814096032553769
0.7185238643919917
0.12115769997192438
0.039515000790794286
0.3834981981180786
0.10101495683301653
0.5117720020636514
0.3177497286831299
0.8093527666172745
0.05473688452989045
0.12119465752514125
0.18839656865262266
0.25464348496360867
0.8097706642240887
0.8813248528696939
0.27413605881464953
0.09859421383311373
0.8400363483212373
0.9683234161789136
0.12387285015928373
0.13649115846798665
0.17014966374245066
0.11269063669703183
0.6706892528541392
0.8689305496593255
0.7449468428884782
0.577114830707787
0.061733566805070694
0.025509440356101587
0.24471197410592938
0.19470053075300497
0.7394710865473358
0.7212277350696074
0.7535524577756666
0.12107315076355563
0.5690884484176426
0.6375472223895206
0.13574483190737197
0.7167280505615873
0.3146947989348903
0.8871222349804314
0.507280274436062
0.12037872734011645
0.9810501052932522
0.49490971292148744
0.316944763334264
0.17206464065239846
0.0998745241256731
0.26878449158042106
0.9365183249728466
0.6176072365404518
0.3925634536753688
0.09309819379752005
0.6904258933678867
0.08438939302946458
0.8228878590995675
0.5807305897732179
0.22366435589309674
0.14195138934190432
0.09183204174090354
0.3286248863539495
0.47942127661709455
0.6415281541435113
0.9999752392049762
0.7904481379620611
0.8130677779225142
0.8559756348034891
0.6620207245663388
0.08880194126379237
0.2932981471138021
0.6529584293436492
0.24681246754480402
0.3236696410228648
0.12060101860535366
0.652583722911997
0.6476636253645018
0.6876812257346746
0.12216481286912173
0.8582763565407376
0.4683235805026783
0.6063928886366556
0.5373259922029541
0.08669127885634098
0.4065674486872133
0.02155074972337223
0.10610536928912151
0.8150255058368013
0.7472955275445786
0.8383923452443184
0.10253911545891348
0.34779316392807746
0.8018541926256628
0.2090043703587129
0.11396995048122593
0.43500853099569814
0.4458713605961999
0.051847369062562376
0.6676745063988514
0.10968620288044106
0.9243142753931228
0.9390452126034337
0.962043421727762
0.6742649598276433
0.9020227105440493
0.5598313474790604
0.13717619937016212
0.027378085303544575
0.2623666872420862
0.3479365287753866
0.9523094605329867
0.6476508649110249
0.029688772780965378
0.025631961346827548
0.5470772995681888
0.6318770734700094
0.7055367342739159
0.19046616877170497
0.7666919631368081
0.1450872544059162
0.6895971422517266
0.5631132719908186
0.20457566238866265
0.4556114534349205
0.3732503949565844
0.6380880007862798
0.7029555672874481
0.05137274968085037
0.9987484860245852
0.31540508105408427
0.35077216783179643
0.6876623312419631
0.4643178330276637
0.7167732871665325
0.8803527560971669
0.42563829902318984
0.9461235019609647
0.07173764626346424
0.9804262902017226
0.46391691131560187
0.8076528009285935
0.8902927534017442
0.3107094154052632
0.2710567318283529
0.018931270367805952
0.22828058914643523
0.34815564734666715
0.5765232253859954
0.13060043991487857
0.797825129346113
0.2480711612747576
0.7472097066423138
0.30949608811965956
0.6301265402384616
0.4546105251150381
0.04350878639645672
0.6676464468064397
0.016345548600249615
0.5561472358206703
0.8666285987801333
0.5095710491583852
0.9641093652777154
0.8398719239005705
0.8274592542337647
0.57436330752768
0.941927305843565
0.8253962253089137
0.7116437604442626
0.9531676090465251
0.1364742951037976
0.6946221600545835
0.5431147195519022
0.3446346840926545
0.045100772888243545
0.013991677325402296
0.40335922502182764
0.09232541493003055
0.8640025436145963
0.7856294734846236
0.5198734079046734
0.25567654758463554
0.6860051010603818
0.1002777987663871
0.7966774063690995
0.7484721366500677
0.12999969844492676
0.3424530163206463
0.5406958331309153
0.5183609434591605
0.622910408350751
0.017871837373615196
0.013145761865509975
0.33232699206950866
0.6448833998176157
0.609846216018664
0.18583155204711366
0.4388731982505977
0.06498187991382143
0.9003185888660258
0.9759691136747132
0.3415020083169784
0.742349717278111
0.30111429551671454
0.7758342881578069
0.6772058091766315
0.8434208220521936
0.1455832912149615
0.12385371454248795
0.4002113607778708
0.5132279775680996
0.31361681091477456
0.24382630156589025
0.27061805095120894
0.9983477768252635
0.22532162958330093
0.5444310255181436
0.8181515351562404
0.020917211558354576
0.6368495161706019
0.4174964398246992
0.4537050240120356
0.5098825294658068
0.19721990979730508
0.11788123138538198
0.9812730231298213
0.17630110613711347
0.7687496091611796
0.049949962670963965
0.3408451876609798
0.15275198253458022
0.6426643458249145
0.40009587450902107
0.3380218492028213
0.523594893587772
0.9821757241272612
0.25821985494682953
0.051798875188048155
0.5371129572962483
0.358157384672126
0.3564579169022165
0.6161066354384547
0.3645982003135545
0.5839292467786026
0.47081278820998473
0.2570635802961203
0.2436956001539451
0.605708649535021
0.34567934232284814
0.03473510780254363
0.9884559055835288
0.29665747845432844
0.7077190726741205
0.6684813099835395
0.6641422756075166
0.8668537353756525
0.7045795767146344
0.6997486692912676
0.7319970420582205
0.7945196042963318
0.7549342340699801
0.017493937857125164
0.3720302304627
0.32017558340177865
0.2703760708914492
0.6025907776271074
0.18257707919496113
0.5263029501643537
0.07235783215397695
0.09789902572481157
0.4527261323390892
0.6968608839089122
0.8534101120002073
0.9290791145788134
0.5836693368399152
0.9036879932126687
0.9092734093321329
0.18374397486196747
0.5136598291739198
0.14064947980671805
0.6356261862315841
0.3350543503999661
0.5009361497325621
0.45904845736765254
0.8731916568868443
0.15528445272375102
0.9503186044226057
0.9070181466665207
0.8901390328978165
0.8257780664692069
0.4103339295195214
0.21955093744033727
0.8521558663118286
0.6151275624186237
0.32077146190090466
0.6466854985138805
0.023242492732229114
0.9656640499162845
0.8701928206099672
0.9724391284694637
0.5314600739796324
0.6739765582966569
0.710160324611206
0.06714928061955405
0.43426979480115036
0.5463315438705127
0.8318670702612276
0.5062415500754589
0.9181194459162202
0.013394981604192502
0.7211040183086408
0.3364255109416656
0.8365533766425631
0.7590052124918157
0.34773978667177696
0.16415243673848967
0.12022578620196722
0.9099096469875184
0.5910712236750356
0.8754942959721427
0.3811426770630246
0.24463115620137466
0.1052919772388825
0.0835201623593721
0.9784243843922706
0.3760031489222646
0.8287950672053892
0.8382026431623174
0.39019402282504356
0.8909662114748154
0.42598596861829297
0.22258707136256928
0.04836271654705049
0.6799613184884703
0.820460942977648
0.8125309138995183
0.20250950246859978
0.5809614051350659
0.8723494786064067
0.07883958778088973
0.39643442498140946
0.2953192592613415
0.4584506874256179
0.8955871360716525
0.36515499529993767
0.9834354352709437
0.32951660989396125
0.4033266795199215
0.28571457303558156
0.09176434028623226
0.9317133083186995
0.9757141078106635
0.9091435852873057
0.9975385607082767
0.3402055920588086
0.9549841432214184
0.14554248519344182
0.5044388711092801
0.7219005203205998
0.8340255961982409
0.3830948681532077
0.14866271144559506
0.7546438014102348
0.8701171909065348
0.2620494194336783
0.10145976138654811
0.39302839430087255
0.8073561625124818
0.8870783554267345
0.9203358726106737
0.3639533327234591
0.6874692320323331
0.751253130402026
0.9019844193982892
0.4019963317359897
0.013634960334414692
0.21262676450324092
0.3828421038207839
0.34030918410981736
0.39203030701399655
0.44761557218282344
0.08423326205967396
0.4224283141669488
0.8236034170447865
0.4595817891567642
0.390143920475052
0.22547403436751412
0.885370105275895
0.18367533594891838
0.8915461717891827
0.6425873518487587
0.9291891541653734
0.2265983545124335
0.2833827674452425
0.42309514880630616
0.9174651441882805
0.5032437436919003
0.3155585161112361
0.3446608142224118
0.18563264394711387
0.5268127933606667
0.9992376528429693
0.5984912199526271
0.2844322803913002
0.44733803444239695
0.2896985789329213
0.49974574697661844
0.2158126251651824
0.6994765195793806
0.41470962568697123
0.9407396246179915
0.11577238182143668
0.9555810203386607
0.9487256373299271
0.943105380423372
0.4778657435111775
0.7725043347736431
0.045120405910113015
0.2147192678060834
0.7465111091592324
0.3347859981398634
0.20490759855679375
0.9308860864314107
0.8396019093016626
0.7799046261030051
0.09981859794411252
0.6724693159727342
0.8073300321640231
0.6635472354482407
0.9206158541839147
0.6109661290122836
0.8865190561126353
0.6276830949691329
0.6375194494082067
0.6276620602446029
0.3927624978802935
0.5112511653159402
0.3117449014043603
0.30151603783834047
0.7884289611362866
0.4940048782259102
0.006219312291889323
0.5230156233049634
0.95704325564911
0.8557774160192096
0.9016787811460805
0.305879514136158
0.7991392078751111
0.025646948842055095
0.851953531621632
0.8764686351945337
0.20270140216670107
0.1689456021890613
0.28310403324869093
0.5373553691810242
0.43103912029221503
0.17858930039141252
0.4993248365706945
0.9156473697845576
0.9679527701986778
0.14172905748474784
0.4567778797724049
0.41010196050466086
0.7477836455988077
0.3366289509824165
0.4352448166815669
0.45704715871559864
0.9999978438570691
0.05587316585974467
0.9129338538666025
0.7760417971077881
0.04427969404676302
0.4885808669269458
0.15876081211759685
0.680603954902421
0.7577633571855
0.9270715027123797
0.6662726416831407
0.41351427416102304
0.7124910089841808
0.412133239769784
0.9425644372317454
0.45953701956800186
0.4324824617150549
0.352633988059194
0.8017553965993928
0.9898252781987072
0.4695890965217746
0.11820354623104767
0.2551484706104955
0.8979103725881996
0.15779508944567355
0.11002321501575574
0.7133777861240452
0.7410295081546464
0.12718013538187345
0.19577507119922966
0.8610444509607004
0.5821365990156655
0.25517599146415726
0.9273737545263283
0.7270022068067179
0.17429448117811963
0.6891286094677301
0.5946581139041908
0.08734292876275906
0.43048278444174004
0.5380173304512522
0.9083881242861441
0.4226860634711752
0.30125312358052325
0.5253124433482048
0.07309595514680511
0.578286257352297
0.9048365572118692
0.3401968845597737
0.6453076040619725
0.5128311425945303
0.07100046399054172
0.5619315448720517
0.20364160477650362
0.6378054601033726
0.01691468425919951
0.9948961065154558
0.22109155827762883
0.2390023302191836
0.1158697780275042
0.39375013682404825
0.41772938496945633
0.48330147571459836
0.34018267090075627
0.8247196469340174
0.6473721785974472
0.8349431132487602
0.04027865478988679
0.7810760313882695
0.08665883242623518
0.5355622634235893
0.5430882772567948
0.3854734901898176
0.39731631851682525
0.40259671725123247
0.182755599227447
0.9943340764778418
0.5475145351159045
0.6048747104709484
0.41669320867383364
0.5720014206056129
0.06351728024267733
0.8424415900878677
0.013453386305289916
0.5425349982930421
0.9102086617671586
0.44088846351731725
0.35847700035510865
0.3849087447889882
0.5553031913392438
0.6559417751727057
0.028262808421519625
0.2585625205560925
0.8068999446670964
0.7697943468982666
0.09766891547853962
0.38867952730041844
0.39601452205902044
0.6359282258325378
0.9861580332762022
0.0976967752069926
0.7996228039530874
0.39737227708817136
0.3278786412186623
0.5261721190023959
0.1938202125833265
0.935615542675255
0.08814955971707272
0.8089510854493674
0.7819668862442103
0.9333903417950643
0.290745159872423
0.5149337409915102
0.019860062859865746
0.5619060763560036
0.006090263385193917
0.8450525228119689
0.478473863711819
0.2620515450498272
0.8693810752029969
0.5826742762534539
0.7091099672881508
0.48479660123749324
0.5299478673071784
0.9945867676517849
0.7820234799445593
0.849594273071635
0.1692619569607705
0.763191987498723
0.24382625894021748
0.4598007728654653
0.8268178568445537
0.5384626284238926
0.5983722042908509
0.1422867511097915
0.5680788061652221
0.22994017853085436
0.6694157368039905
0.7563393105823187
0.8286803160841741
0.6862734352703169
0.3366524933832924
0.9166817332910123
0.9054729025703104
0.8788162527849995
0.6176129655783915
0.3419236083294852
0.7345979842368728
0.9068219871250206
0.20224541166427368
0.06218351395080668
0.12481614642924965
0.7466081574592538
0.3223835537748677
0.39581275787161385
0.7663831433448975
0.7001391228479523
0.7932464083996817
0.44521133333506024
0.5176112664523206
0.8299970276285763
0.3677646572395954
0.6401177302140928
0.42460034957763015
0.43455821435348285
0.04700052260394916
0.1105098883679062
0.5168688887104974
0.08379988678703376
0.1954017790463345
0.43786111933963046
0.5853836345333054
0.22857958733377004
0.08926348368397863
0.460647398548947
0.19678561206301193
0.9259913131494869
0.9938691993964995
0.5598817455362226
0.3520672350823487
0.5509142252003867
0.24988975669794233
0.5711103809183709
0.6343693609045861
0.44739995181299375
0.7316387424530305
0.6327211700362861
0.059956318090321536
0.11449010170438179
0.6766641589543422
0.8414805882089545
0.24241874568514055
0.2042541661819085
0.9951489705497338
0.42840676869126737
0.6094128800720404
0.2011594155947526
0.3217310563111121
0.18418821784680184
0.8529922085897441
0.26188303392282786
0.19435309797002887
0.3696364459294337
0.44682939416494816
0.7744127422313559
0.17302452040153815
0.8895250930242842
0.32269563144002267
0.31009570223799443
0.12877428397630575
0.06886083796025466
0.6399335603028795
0.42481507362876236
0.3798931725637533
0.18695217766432637
0.6113428954097274
0.7665186683320734
0.7879858811716115
0.6636993923123908
0.4490457850190215
0.14202184962487074
0.25229103393887753
0.4013801016633123
0.7983582890599781
0.3273394173437103
0.7634254562353234
0.890652940565297
0.6756573084201338
0.050108153152586876
0.3982997807802753
0.5845488883689121
0.05565052090306577
0.029705911986630196
0.7656581547866717
0.6735144673075637
0.38563369989903096
0.549148504242589
0.4361598749821548
0.3060207610121981
0.2278249758807407
0.9101790660835439
0.9839060962842474
0.5861060825622627
0.22587697414871954
0.36397334153261296
0.6552303651886345
0.4928041243558018
0.07100913231441641
0.7010164609022094
0.11299823925069752
0.8606669706306269
0.8786801371745925
0.6431220906896699
0.42570066606019974
0.24588463000445926
0.01888820832818905
0.6788975369770054
0.0811023862457726
0.7503504730489551
0.6726167803908705
0.8440043720795056
0.6851867598565793
0.2130521615560247
0.17981919787776535
0.021533289760388707
0.8904516726663512
0.4970022898877967
0.42727408933448174
0.2831304031697961
0.22877283393092307
0.9853356856053649
0.5424869290467622
0.41107346560542546
0.9786148670482809
0.19772643106165222
0.028648720735751088
0.72455809821695
0.2718289566755169
0.12793464246301156
0.40034960318954915
0.5076192149452311
0.610189999218447
0.7303781399671091
0.7458261177602696
0.27455284548279324
0.29185374746235304
0.9441274892872445
0.33009375493027604
0.9727211215430882
0.09969876429797575
0.07675785317433359
0.43080224488230034
0.7195644345752908
0.7346209527760611
0.5847220358252395
0.0729592205086379
0.06519485173431361
0.3124457507555839
0.24637563253295824
0.3774687535730171
0.5504129033250209
0.5280957404642557
0.2337103947555068
0.9727823943091973
0.7433160147172725
0.9758203570871304
0.3867170764396264
0.9366395318914164
0.9712427741473374
0.42848903635266544
0.7356106296124151
0.5309677357130185
0.6157417089323469
0.054457336609398665
0.02633136317013407
0.4882513523755103
0.4718466178672035
0.24006162509775353
0.5050685775082044
0.45297720130543995
0.49411560811575717
0.8472016933003376
0.8489987773519457
0.2687530907407979
0.5075735499238746
0.34166243684932807
0.5248139464722111
0.852347293250823
0.3720173364309777
0.45095840119286823
0.2824774255279425
0.8996982405703934
0.7565256307800147
0.7807613190142942
0.25371856364440004
0.5580055806468043
0.36722276831924283
0.5118748958359817
0.9502545705391525
0.6286785397976834
0.17195190561918128
0.046989601711986295
0.266502523671137
0.8573959137792864
0.04479763171331508
0.7761455497257217
0.6860397367619231
0.45524403335119246
0.8011064573411528
0.6486368829598637
0.2639899383852169
0.5109072669600336
0.5110476704865012
0.006595655360591368
0.1199569144922249
0.7607058721033548
0.42557410018489394
0.04953242771577726
0.5356961937893695
0.7715391569993896
0.4687363234729557
0.7906470128506939
0.939618268758751
0.9997532112411451
0.22933674350097732
0.7031548822430493
0.5899396505390113
0.8707477477244124
0.7664627013789075
0.4514357578949907
0.7626567256077711
0.4236758186183667
0.008939765072378147
0.028836860222680172
0.7572858088032235
0.25211668149663025
0.4790818396197556
0.5899806880561449
0.23967063130647315
0.9803458557367036
0.7502250967631088
0.33553045460347963
0.736602401929232
0.8555210495409241
0.8774911063061506
0.5847826219368286
0.9259538672850312
0.631920868136548
0.68189244531896
0.21621112363212291
0.7639041581296552
0.6453499495326619
0.008286713920088729
0.7311766994532718
0.217097609712407
0.897907520912539
0.23130784371327529
0.44371708326114534
0.915080462623388
0.07953501444916711
0.9982987172063348
0.3872539288953526
0.5027972760850614
0.2576806901447082
0.8147035075495341
0.9335440990292617
0.44405821451488114
0.6652528926986001
0.9830419462479271
0.061821798568325814
0.6301918080835942
0.8026084579721227
0.3100319001851414
0.3480263858079573
0.13113439519512882
0.17152077980813996
0.5146690397440243
0.9443516974305463
0.5803385161426033
0.28700376709085373
0.0066562783601265
0.44813569082987836
0.3263517139242058
0.17290227187212692
0.6508226506910859
0.5730852052751346
0.09776528011819985
0.712195337114727
0.34656665117486596
0.8888176789917561
0.38884605293080965
0.5205526605233562
0.8075664013727591
0.7293833066298404
0.8028688384586654
0.06551845036285298
0.9334025403827176
0.845607102533921
0.38417189063356416
0.7332155965129137
0.06253757521584746
0.10371739910475253
0.4989707238999438
0.5516588514717887
0.45257264944115505
0.3122001883748623
0.9406607804529735
0.6706831061601402
0.1183756592117956
0.32690013498931125
0.4113742500098312
0.8797072256334235
0.41156382042432704
0.17824678751736345
0.2765798674737132
0.21811466613332664
0.923888497292084
0.18023566111097367
0.7678556393095736
0.9074327331299947
0.7344423508886717
0.638114280562213
0.49291143225755063
0.7366898314248258
0.3370019782142649
0.23271276306522237
0.4805519845459102
0.3835472272268401
0.3910892491059842
0.9015173257398722
0.4265222909955949
0.7789134161779289
0.21891915739268963
0.1452068676456999
0.09645760142215143
0.6383783644165051
0.7169247058510289
0.27727923781828123
0.5617214398793747
0.08203786133188029
0.87986841257455
0.48249348708439743
0.5779741552220872
0.5071825448994759
0.8871557958305758
0.8989508842341679
0.6893472724444137
0.10129204798351654
0.678384969741724
0.06632604150505494
0.5943371609678553
0.5126960739750059
0.690526643087547
0.48085667745729166
0.4189723576733101
0.14112564764607471
0.8290759616925639
0.8728091927761225
0.5331674262029451
0.6313432682919827
0.511046529887607
0.9159358607192711
0.48497120372654234
0.027634116811410037
0.592210355540992
0.011260494400260224
0.16440520582594698
0.22586783535929944
0.6071029194414029
0.02031804827178796
0.445703601152484
0.9933550003580673
0.1523384669719382
0.4907358794409019
0.9602730436881538
0.12889615649479413
0.1901150248853788
0.9098076653164558
0.48943430873025773
0.3156342354421342
0.5403630788880682
0.7132568412885515
0.09787473158999949
0.4260136569587598
0.3439334375660309
0.3905511492415211
0.744527918207157
0.839441886131861
0.8463759794077605
0.4462271477383001
0.06464329737075569
0.3683150341399647
0.11901131472294402
0.6697836213346554
0.9919315236936991
0.4415580665000459
0.8343798676073791
0.38383510859727776
0.11630124366196115
0.31589343857363017
0.9712333693978413
0.5236110020462658
0.5939194768226904
0.40155523376410907
0.6506923640944734
0.90264839280119
0.5114441420957099
0.39442960828904083
0.7808759816832151
0.09342555342963432
0.747131590349546
0.06549080882968472
0.1647385027896593
0.2305107614866665
0.7149218565262637
0.7728542593872764
0.9407562666535757
0.6842692886925722
0.03666379181551083
0.1306032570727128
0.6411227860560763
0.8210483122277775
0.6681501009527159
0.8869085900714316
0.22469944754898485
0.661692675614628
0.8975649828671902
0.542181519765421
0.566571119908683
0.2820921289486319
0.6399962247336006
0.37470309917306144
0.30538766876439283
0.8512582997024812
0.9292871488117868
0.5090720563693584
0.31504491548957636
0.9319506104930605
0.29018031179272374
0.8472145497905019
0.29954448052480953
0.7613363442003633
0.6285311896431541
0.9235918716843421
0.1791877635099568
0.49536212823267334
0.9260566120418261
0.6697319473253789
0.4334793198946001
0.31583228131760943
0.7500422933752158
0.40932952917365195
0.5605460443867779
0.07619109237103672
0.9694290708193253
0.9991978380488991
0.21253603514271957
0.5916879387626395
0.1301088904771721
0.30668338996429967
0.08713195461801826
0.8617766499231927
0.7958350494496628
0.7428496173598091
0.20278434074241958
0.20371873071863544
0.8029732866078556
0.9636771782879406
0.6587825663613999
0.8394094932968146
0.5204501159241033
0.6007078486354764
0.29921943925425576
0.28654981078232844
0.5705590245268222
0.060143945872279
0.9650150548356603
0.023896660811567827
0.2966434519028218
0.7962428291705871
0.2336358901600213
0.6101849271473124
0.10914908030417136
0.9545361856206743
0.09307135131707767
0.4765096753043172
0.6680330001327577
0.4280020133936723
0.9258776698797921
0.7047340070908606
0.7115247363655132
0.826989075179781
0.16317308368981764
0.9451299192996114
0.07929059718299081
0.16772789517493492
0.7896586057664758
0.3131304543331239
0.6749904594229849
0.5105270478677479
0.027364537385033527
0.12020476590748741
0.04766476434968825
0.15783100567308184
0.28596999814135593
0.9976968076291562
0.37261731290958855
0.9043017848710844
0.0656867744648113
0.6642162262326013
0.12605089598548036
0.15137599671446111
0.4054958012221679
0.25242530025861165
0.2188974802278748
0.4148451298474668
0.1532998221990678
0.6095527257959186
0.15624145957206004
0.991219795628474
0.03805628734709521
0.4186550447605155
0.3503267262905525
0.3670831987061063
0.4145556008925251
0.6427635470773707
0.6373543398122865
0.7825545407487743
0.053874827342692666
0.18964343101071157
0.9712428305147839
0.4398460689708602
0.06711193788923786
0.051077474400216705
0.9059054919699593
0.9752510335332775
0.9211027426624065
0.971647908656727
0.8793001500149638
0.48357935828642995
0.9711440157390864
0.23364170572531906
0.507638669612977
0.5285009887228518
0.7264530891860806
0.9833389248152684
0.775226754700094
0.4531091195019462
0.2549065551741261
0.20586922361651583
0.09300910663140216
0.10282453503886857
0.6470327732746224
0.07175228627491093
0.6762797660280584
0.8755047317933683
0.5563161771777769
0.853719599046236
0.6965380284375328
0.40347280813571695
0.10689889407249265
0.0625837945777099
0.7194076215657175
0.8419343666773644
0.5464863112634377
0.5012313765305473
0.48769859076828037
0.3290229060950559
0.7968143038815878
0.7613032988340992
0.3594223301846964
0.5895865841836798
0.11957229322555019
0.6305650465418727
0.4293366904482687
0.23584919126349346
0.20538514455033663
0.5183473472842771
0.05703046547961721
0.6478711997190495
0.06766809951565367
0.3640519937636014
0.07903491217411684
0.8580266863278487
0.9867612110750219
0.8777645839514276
0.7615711473386712
0.009568705803739697
0.04885359725721161
0.018614644246986445
0.9037642291723065
0.7068912221829405
0.06997459224491998
0.571277415417041
0.2913963500004939
0.43421256285651866
0.32851666134407465
0.4333144017749201
0.3392063290141679
0.5917174446467331
0.8099810857703874
0.19368982241451904
0.44420166255117466
0.004134058123540507
0.5419305110986723
0.4169606044453278
0.9375375798037396
0.06325272415760963
0.983129980434398
0.42302097265968
0.20525537870131738
0.08229033689256482
0.14172956936272174
0.8605387617639154
0.6333911813305113
0.17334031475510003
0.4708596452782696
0.9648205675653855
0.1940959874251954
0.9853996161286102
0.4235521192689973
0.9013398083821114
0.1106628084457798
0.8675577781894539
0.2750609477736612
0.004127912219717422
0.09282231309687217
0.14562848503717096
0.6854093746692215
0.747585828380299
0.8831830055035368
0.9039278604479274
0.7016634710631274
0.9818436217077038
0.9981804983642041
0.12881300898600723
0.38770413091773803
0.1623704351088825
0.23381744614037359
0.13402588704378704
0.9854034341418494
0.9917948692895232
0.23210457182753286
0.1414677043901107
0.10172728636468109
0.7153563835430166
0.8191977702029322
0.4371402057200824
0.03113307913565888
0.7048528611074849
0.5005240767746251
0.999614127956366
0.9946231730450737
0.10957031757431956
0.5509803967016508
0.20213225573060867
0.588081027497541
0.6875936502271661
0.5432476723924387
0.19209306213793753
0.589882113553625
0.19185858026177538
0.3491477141243391
0.5045712678632484
0.6735838534554066
0.249626670016875
0.9084899044533954
0.7336991673846623
0.44661955926546526
0.9185095244889449
0.8616600312300713
0.5294647879993042
0.1415047965721421
0.3312740526016049
0.6196560479231895
0.12456553882239607
0.5207185782370191
0.533780799156489
0.7237763346475694
0.2133523566131451
0.1204447357960734
0.49157831928567286
0.19768746764776202
0.13012675608421176
0.5187956702541668
0.6430915874412976
0.22505346401611415
0.18308926152891802
0.6995458814690905
0.4574295529696215
0.30618824133780087
0.7765176236885044
0.8817791158695153
0.47227338738403457
0.37245227338930076
0.31889713023315336
0.8057918644060225
0.026883235552316087
0.9264337519963207
0.6891897044875727
0.486290665887006
0.35188483590006636
0.18289401601969957
0.9801681348143954
0.9209665075052927
0.4210158585500795
0.8340766476063367
0.04056391725281361
0.47681206490257266
0.7965467486512128
0.15814567152261494
0.640968779469814
0.5838701845262884
0.9490822338856051
0.2774210697000352
0.10514869550316319
0.6900585999319594
0.8649545691762324
0.47197346253936134
0.5509979014033319
0.5142113310468577
0.4207066259961004
0.7508576762398178
0.7396448940315948
0.6884648232362811
0.9152203277521638
0.0005467182096435819
0.8335758132916313
0.9518325054153691
0.7508618756191964
0.3038171927767751
0.4981064096585751
0.28196323767075104
0.4962376345808812
0.3697351308929907
0.46603677581708025
0.45474647885291775
0.16617984252242501
0.396491384871127
0.909201925160083
0.5754929101013049
0.3452849254095488
0.45101747026466554
0.25570459896564446
0.2739755777225754
0.9493556430660544
0.723627127338196
0.12040437879730659
0.9174220052287515
0.37766893139364865
0.5915785976832388
0.9357014378392341
0.2901037011237162
0.8876271146322422
0.896673792914553
0.4163391336609672
0.16219367030655085
0.8751808706411032
0.06013097300970127
0.09639767390876508
0.1437920480314795
0.3459221476203663
0.8065727167647143
0.3737415986935181
0.8636313104031823
0.7444663862511375
0.051106193173073855
0.6015037408803944
0.9112118632858427
0.5080034056512596
0.5758641314106695
0.23608004679968564
0.9954029305613616
0.7062995032165124
0.47216670976632
0.9389493646866226
0.6635009889302926
0.03512445149277876
0.20532170675723416
0.8617877177452612
0.2695160400453188
0.574732716322061
0.8333083353918482
0.556729561167564
0.13025251350150746
0.8366288484828617
0.9051368496587301
0.3802458689257353
0.1263578628219778
0.39769404433104405
0.006284477792162457
0.7201510587056176
0.5714680226887318
0.5997508439901028
0.24365449779987758
0.5457690872837957
0.02300799857473035
0.6672147311278919
0.7767972833244171
0.6091198122873083
0.9865505026701964
0.327594958529431
0.7973198051722847
0.9886382646050539
0.3281039206999734
0.10340707252505343
0.585417786785995
0.6050619781968161
0.4091426563363608
0.06069769145940984
0.9342480773485909
0.4198292242998507
0.7836522534216123
0.1611899991430441
0.9777908922036389
0.8910093187186491
0.0754257441888605
0.6567944613247648
0.03959127558914799
0.9886012283773
0.5992082439292872
0.4854586258987267
0.1048970891037958
0.9364869938798326
0.6287327137837772
0.2446332308712208
0.14929167595558757
0.8863876618153191
0.46122575911080443
0.9955455045856859
0.26208891724110916
0.5579943181216676
0.5577751511668374
0.31147251630901485
0.5774426195130965
0.36351115000834744
0.21221192981977766
0.783584592346347
0.7192910098842138
0.36253949059201906
0.8585099376026886
0.32236992526407793
0.9870200957947916
0.06408384010985013
0.29896474789500094
0.7454724553522875
0.6896949011161366
0.5894043559485723
0.1304054224457194
0.5345535444833307
0.38574436190919037
0.7898748951780615
0.46184241001892656
0.0015815573970396901
0.5931137461596654
0.25214628762344793
0.1050428960482711
0.8163656857024794
0.5481943072014644
0.5514393283802362
0.13730248637019382
0.5522014698929822
0.8877782725571759
0.9915788838747208
0.4911936054400786
0.3525748959894617
0.9276959083675419
0.5875963544404557
0.9986779357634067
0.5468342934536525
0.8229749663703898
0.6338851062505322
0.6856644913060874
0.05198316042759743
0.43914551541940605
0.6936440462221768
0.347030712888055
0.4733637409569097
0.5492394969377865
0.8266173947619107
0.09412545248527582
0.3166435052435409
0.5542354304504931
0.10028286832034616
0.7998528122643948
0.8356716856851258
0.037014698478602726
0.8469561161101139
0.2043346161532249
0.16099301102830366
0.021746280847477983
0.29230468274529364
0.17790800349055014
0.4200470198017071
0.4281795284756471
0.1719840289361272
0.9726747088225955
0.24039769483164153
0.7802456251151848
0.5922057898862884
0.3052315318096931
0.08237707408939421
0.8604527043474258
0.18157097590904558
0.5031363345790946
0.6671159244929735
0.9237513927933113
0.5967147156843087
0.20124660225090674
0.7509351932326359
0.6871578917247451
0.17664122160959295
0.31201782641995435
0.5962975388176276
0.6545257548738607
0.15366993720311684
0.8780900148000926
0.5591712374578488
0.2309119185397659
0.3464870907910227
0.6282448536912089
0.16118329144834898
0.7434020670565237
0.3154158342059372
0.7831680962904628
0.08514178320881693
0.7836576509599483
0.4627402810350453
0.5815656703491451
0.6453413713423736
0.18452932197563254
0.4682302514556461
0.19719457197353762
0.2341006769171794
0.4153958300591679
0.10707522278610104
0.2225340680580622
0.32538699873249677
0.22018644324319114
0.8419516334483039
0.13839079756746742
0.04862619966840609
0.06847624208850556
0.08866621210756398
0.6386866875513153
0.8885687528933366
0.917836702628756
0.2444320314924232
0.016573425234566952
0.2124525645742038
0.5262835468229677
0.8248009304176769
0.5614626158581771
0.061187386023703105
0.8247459909056123
0.6296554069353009
0.16645847326000196
0.1362060402625297
0.6255453616292461
0.7463815269979426
0.7578113502431584
0.7916247383791325
0.41531251631802735
0.9442234942886273
0.9497500123397712
0.09513776794210982
0.0774333553890646
0.44293258937170266
0.6387306621130844
0.33258430792744664
0.9079121788114394
0.04710303787450765
0.348017064510848
0.05122894819402779
0.589084289360532
0.5766250497101134
0.06683610832518838
0.6286359930317984
0.46150481787881403
0.32155872512198125
0.028128791679802312
0.8034987998863877
0.6277770632757425
0.0833116767679355
0.6937357713521592
0.8370975842847534
0.8522252138148326
0.8776434982034224
0.023249817372381743
0.7001356356053173
0.10727752868489993
0.826280885648732
0.7254012290669426
0.3435771246224446
0.8391610464141612
0.11353204381706394
0.16656203497480737
0.5036623064847202
0.7773637456081491
0.9328560108803388
0.05997039369159107
0.5212957425542545
0.39527940353398416
0.8020851615186557
0.1951176491835327
0.054984402574794866
0.485018359469506
0.5577158034464574
0.43882374924773737
0.5893897495768996
0.28424965296051186
0.9544188919709284
0.49285190486283104
0.8935069886757449
0.1074702337407909
0.09324675076838618
0.2758588743945539
0.11082932578765947
0.12226615291700271
0.3814378954787738
0.5380749367303195
0.7934678941932051
0.12089080950365838
0.494817765936717
0.7518520013208799
0.06421361895003397
0.5660211991469672
0.5555414946926587
0.7937736955979052
0.2958465258735946
0.722792202527982
0.3393109361140576
0.5961477537857206
0.8165457707583381
0.4675702850199248
0.8758914934682605
0.9605364607053044
0.745044314748559
0.30117583217945765
0.8673117568567873
0.6141094787459835
0.6176681424922794
0.055962490692456957
0.1831989419835145
0.22955422612125498
0.19291313693899348
0.7319864903428152
0.7210704930712806
0.47647364689108285
0.013507156111903451
0.7735453975103894
0.8137530578461631
0.8506040280314127
0.8937217405738419
0.5506545617673304
0.3560504744290478
0.42171354734485245
0.9187370512387424
0.377139970139052
0.8412076031427131
0.843552962206996
0.9855543720033323
0.9355952563236811
0.6694693518362875
0.527451738265699
0.3305859379916962
0.5526310136397149
0.10035685111090775
0.3711058970558073
0.45020640995471495
0.08486407601011936
0.9817454369619112
0.44250851753074383
0.45131077141199516
0.47235707511175484
0.9969927884414223
0.43340902708018836
0.13178639848846285
0.9108372216067164
0.07131791158280443
0.8509022206936376
0.7096976294364195
0.10341332812242954
0.033723125495463635
0.17254485769659877
0.7613116952255204
0.24988728032234808
0.472769932499188
0.9210150666840146
0.7338610615500287
0.23402427555501648
0.3905253226230425
0.14394610270385355
0.5006090407483058
0.3218801440491815
0.8295622241396091
0.46690724444659315
0.021157391439107665
0.7211524878959227
0.9310591806684612
0.6518237505281586
0.5612954451451682
0.8899583080145238
0.9191373876046316
0.42887583825690845
0.000673018858557084
0.8214944639855677
0.31761772368381225
0.26061463143029984
0.46635049825360675
0.31467564449288055
0.7464618790058571
0.29755239907551856
0.5248933590908065
0.2585189588304434
0.926446149540455
0.2369775977932943
0.5907264669400252
0.2807077051007496
0.7452940687699037
0.16814350634728492
0.39885606746786717
0.4140627516165569
0.21667288688472452
0.8938251461372972
0.0957741408431465
0.9645028017207127
0.5223051690126918
0.7145779566799276
0.22824346672193763
0.8801771918192163
0.2332158475265773
0.2792988040605515
0.7005813633904449
0.6157029095653386
0.3042501505412011
0.07944161682462625
0.9159909809915493
0.9017703099569807
0.5738290529019604
0.8442846972572019
0.6171971720396926
0.46215077833199225
0.47098906333456614
0.6780158166130192
0.08901283286670292
0.3695101926728419
0.6174503907917283
0.9638814764247773
0.6471283168464294
0.11737838325897965
0.809551465453805
0.023327053028671774
0.08089322749546657
0.10440617141542119
0.24250113086413216
0.9681023879865226
0.9116627110843464
0.6731878044130312
0.49256562815276717
0.4448808585666063
0.8008180703472995
0.5409557556476113
0.6584384784523861
0.7853936214835631
0.6659383826580498
0.5244763168771479
0.8473145185342
0.16565807589607973
0.8538746553768775
0.058433365630049416
0.057513616402802836
0.7790459502539332
0.951740439772269
0.14077372714262126
0.3195499148534142
0.29879921710970403
0.8156573160838274
0.05180881624001965
0.6412272081177376
0.8561898873347373
0.9442077889068281
0.633395473146261
0.025951017332362936
0.9971168173138663
0.2718853682898257
0.7047885833992259
0.6666530102106147
0.0037405813804182175
0.8837008544409936
0.865464188172419
0.41627701011970897
0.5670542122893426
0.9362163454592992
0.8981495289697492
0.8144836825383752
0.7409627092602257
0.7341330510111738
0.861651394557506
0.5208855254077129
0.7505322739263963
0.45514581499703066
0.46006606994723764
0.5586987678954523
0.025555807664443875
0.6589418874014564
0.2630884489682018
0.11504247472810725
0.026820444862229453
0.999743657322494
0.822110959296362
0.4103108493085724
0.679122349444967
0.9479236759553953
0.4958174709065942
0.9987553591779195
0.19084084738177043
0.49838560499313733
0.6331067863138108
0.7612316700002889
0.032170702280220786
0.845864318422155
0.3286444462882775
0.22434101112093308
0.8405670240126029
0.7601363290552988
0.11589379366647257
0.5909301725044587
0.3297105440818958
0.8479368451605122
0.5268584488531336
0.427527772502746
0.4481032417681672
0.2583744565265922
0.37271358624736695
0.7765560546331436
0.04576164611110267
0.20415700288400673
0.2484471260029817
0.44980289019822817
0.9149107020671704
0.7716803381587948
0.29375237755035033
0.2706916022212562
0.4884949857015909
0.8550551335849663
0.9129151059563307
0.3581638340039376
0.2182455273040722
0.47342223747886114
0.3234715608222317
0.7367276080525138
0.9075777905510122
0.010669376583472445
0.2566515397633672
0.5149200947702067
0.8910935112136952
0.14896306720517738
0.5379159312302989
0.8265245635451649
0.08188360291033436
0.03442727882011676
0.7174766211193658
0.7887340031470845
0.10753270916892466
0.3187084109120877
0.14328074756657816
0.9364534233224487
0.1735334697962433
0.4837640349518251
0.9226736700504088
0.7777508528943387
0.6852512767301608
0.572566623724555
0.7122564674215673
0.4923902251797646
0.6792941053394198
0.10397912360737505
0.7564194091078612
0.4332710048937597
0.599768987188092
0.988738398615304
0.14068731939332735
0.015713973395447667
0.027122865887170722
0.8494976505286597
0.4662421289435874
0.42381416516546233
0.9381713404386127
0.5147026140115507
0.8027098306821625
0.6433480062191284
0.5828005616438978
0.5894402466438918
0.14800981321634532
0.8887841676091119
0.21054794728341575
0.6326125066477388
0.10838921450149075
0.007988459442229034
0.9241805225361672
0.6328177791665746
0.07842413936916115
0.4934830107730993
0.1979605263347205
0.9959576444932106
0.3299692261647521
0.45855242811839314
0.9064109297006032
0.05878163569436179
0.6886996641539513
0.6924477500534308
0.40984930414924026
0.7191953220252033
0.48394817102628196
0.4095039394535035
0.5070988832213434
0.5072538859082183
0.525823569167893
0.5100747040384664
0.7971320138869177
0.23994596901135756
0.4653809058223124
0.3776940776233142
0.021488766528324543
0.06769673265568865
0.7024860788186594
0.07737130025218775
0.952060202921652
0.34130755580150807
0.055322743148016995
0.45074535417706085
0.5408393536926731
0.5736872270384585
0.6094270655266846
0.8027863701438698
0.47866287050145184
0.535606079992405
0.8359974089033427
0.8922413767800554
0.2660392295593851
0.05830060529793246
0.546888082896134
0.1972213407584833
0.9311004330326388
0.273200275800222
0.20712639596003135
0.06142732637441628
0.8864510097911211
0.5219347650921845
0.6877961976583526
0.8508368604837963
0.5935833647427129
0.9600262424715136
0.05646609895841148
0.4567078981737831
0.10825637346887762
0.31380913279426825
0.43671106083623135
0.7277647084148012
0.24699885631685903
0.4898465095596922
0.0009995463693825979
0.19467395416006283
0.7405483760502375
0.06852977379386682
0.42410477817605297
0.5198102235934614
0.16152058587221885
0.009540427235430027
0.9616453925561028
0.20387316162545388
0.7339863381155484
0.3928189972708841
0.8879957146187581
0.23333513323157584
0.0033414148207455696
0.12252520868324102
0.9642070412162872
0.812443894110109
0.5851126848066044
0.5250374720186569
0.45902614033348177
0.13639607379896712
0.262176726550564
0.9202177110691279
0.4074805609143397
0.9531859428496059
0.7794743081863322
0.21909686409155738
0.8158595229309143
0.49443795885336417
0.6436018174957869
0.38157319310031335
0.09665736721328722
0.10186003910207608
0.7136385114860722
0.5332362720570908
0.4277346963557086
0.2610689428715248
0.19731637149555048
0.918174714768618
0.9139744215759
0.7544470838639402
0.10621910948297131
0.9447025741585665
0.7720470010527979
0.3356044674996549
0.1803497885638734
0.4559874245296318
0.6918407679299386
0.40245597459461613
0.2598931819886038
0.4231612074501079
0.8661566889612571
0.43626536695167295
0.858911524843096
0.3661757822464019
0.250184037033489
0.2834619669885947
0.6363365703365467
0.8311270619643198
0.5792826345851666
0.6445365329248226
0.21502341945132464
0.44252781023851373
0.5830999384921987
0.4512356757638647
0.42430600747018754
0.36312154989697143
0.4957213250998358
0.0736763712732943
0.8234109660886034
0.7027668145433134
0.29939698881037735
0.5522779653129076
0.8505110550354968
0.4325869131083313
0.8917280979516083
0.07477248699592642
0.35176075603214196
0.8290900578125097
0.8902780692449385
0.8186513160852852
0.13617653490012438
0.6784500423672467
0.9578207502024757
0.9763034661513526
0.6954780293865839
0.62112593712671
0.24755441831539637
0.9821070088334466
0.5254714035803613
0.24174111934509324
0.5908859288035639
0.701264827596811
0.04785116887704011
0.7874981075474415
0.5016976904856285
0.5767585147261305
0.43302086357578373
0.7248920364413237
0.17870894651333757
0.01635497432448685
0.8098943230005599
0.08424628354692909
0.9212282347911046
0.07675197880982643
0.9467133385386115
0.02771263430642512
0.6417760604008022
0.22750923178278293
0.40679813483883387
0.5193521659922535
0.8579079627269195
0.28737456216773705
0.608321110069897
0.6047696258184654
0.49457914054791774
0.20557370354524696
0.4756316131449777
0.27914333564322413
0.4903517304921897
0.16921016542243006
0.2898825059216442
0.45154929991310133
0.9507502759107083
0.5722898088981037
0.3302069749849349
0.8590663251697466
0.2712920126738797
0.7602901901220879
0.4351669441168139
0.2530444970400494
0.15732324861929925
0.45661683892403915
0.4018682989662795
0.26054163328582836
0.9197546521653628
0.17405432387957198
0.5434552289006864
0.4781563319259192
0.1103716603371716
0.09015151400279586
0.9817984520339833
0.5899998245617836
0.842215641090088
0.28663696551090123
0.30997318167448396
0.6461961488838892
0.5609919889879079
0.5825650869199539
0.21318720981554162
0.8313769189536319
0.27208891133241175
0.04011159317943791
0.011103721784639031
0.16754320699665404
0.6816353623417076
0.9516706866881617
0.9686382213399524
0.9395809022330391
0.7234294988957999
0.2711300178709448
0.9776154568002203
0.9499504574789536
0.16522228009737383
0.036419439621209415
0.23195244356546196
0.9620340622081481
0.3828687113193898
0.042613979702995075
0.043706941460383564
0.7918634009410468
0.18126914851338505
0.14101712588399085
0.618672770518409
0.6003361305146612
0.6385597619254453
0.3917517639210919
0.4818744955037392
0.31992104052033976
0.12716386422693704
0.624020036815623
0.5665129165083467
0.22202345414112534
0.10113367103772253
0.48042003587824145
0.9799969147186731
0.6072339905325644
0.05124425413126188
0.5020966196762789
0.3006228949232178
0.11711617249080875
0.7615624267440526
0.7574565985449346
0.30982965612958546
0.18339868840321594
0.41743562240875953
0.2955435490804813
0.9146014741541455
0.7706250705963918
0.066739632691308
0.528991472139185
0.00401609272535608
0.2323250005051225
0.269607472429809
0.45182860676690795
0.7021776066570541
0.4226514705052421
0.7511400611887521
0.601953254749923
0.5398866146318668
0.2653019092262551
0.23853586249933145
0.0729386063614128
0.7605774379599106
0.39631947312765115
0.49826512373684695
0.004508949296843867
0.6847240510525471
0.168063648570293
0.5620652166910534
0.03661894471207161
0.1277154396241571
0.39330267209466174
0.39965519493941803
0.3067162114830211
0.34367694915765046
0.3897462284987592
0.611695330644763
0.9731502780819962
0.9901785924125053
0.6148132459840376
0.7553016924253723
0.4760408501864638
0.9742448044607129
0.8205442675155334
0.061229286330548915
0.9835629985322195
0.07217028330484876
0.3661004927916026
0.0245770684845531
0.5920641248318457
0.2381516346750031
0.4498943205788498
0.11512421286493668
0.0936193999000331
0.9570406934007719
0.9420070609860275
0.023899674979609986
0.839349693020398
0.7324245375449451
0.2397317975279989
0.959201342451576
0.5208634174979878
0.597475684631063
0.13515954212755887
0.5388311165475964
0.8407283469008907
0.168423023776739
0.12433259120842322
0.15408722924854512
0.24080490695101164
0.6721045384092573
0.7337558634651075
0.08033324521712049
0.5533396524052113
0.4903187846986484
0.8908915642851405
0.7957175004875646
0.05535179214744135
0.4957422707380803
0.22345476414080911
0.14339214851457727
0.16453251642431632
0.902073940090815
0.6302028838730167
0.2119714257655837
0.9591221006489193
0.6605062744494659
0.3844477239360987
0.9571434239057977
0.6312324840609402
0.21295280247524428
0.377017106666363
0.9661602164699751
0.592825712853978
0.2734384604177681
0.14551986966823205
0.8189612960907142
0.17223616583500578
0.1384083193334772
0.9028075070962566
0.2865597898678057
0.4788604240807547
0.501531801106762
0.24743265391642388
0.24497079267567579
0.3046880420046024
0.23605659722235184
0.6327566681710776
0.043997822502540807
0.8858764761990424
0.6863323872704833
0.21684700384903133
0.13613897673748154
0.6585214618258269
0.33031729143463884
0.10030237957016042
0.6504347986700548
0.9240815713977486
0.9328112628600871
0.5276703403451624
0.3052045306696225
0.2721005504687156
0.9071005886168455
0.8198767561940502
0.21896629054344352
0.6231620223279603
0.8051193096281366
0.8017825102431673
0.6954049846807752
0.7308405249779468
0.515543816622719
0.08340736268705451
0.7437692625396423
0.7096688523644543
0.937267826075531
0.28898017653501173
0.910092099482618
0.6595280851592591
0.27996990911242425
0.8124949101330682
0.1705617278781485
0.43732427046577516
0.2264203679278649
0.8105574369616486
0.4922784147448992
0.16094752503458498
0.5127518005373057
0.5082815082956258
0.14895370625815674
0.7607856960563857
0.22037388822940362
0.49007613784322923
0.2617397950427103
0.5472248199290436
0.8176461236666981
0.8213069274192121
0.6061383200899106
0.6110066416152262
0.407508093436843
0.43882740686538324
0.36774689577818165
0.08298678901485612
0.939425679665302
0.3436259200396711
0.7700877765959405
0.5940838479375898
0.2841130962473779
0.733172582879035
0.14089104373059258
0.9957899272475954
0.90380438153433
0.46326678932767895
0.2224951050375149
0.14682746252686518
0.5621541305494099
0.16357892596822088
0.2311347589209528
0.9748659789639333
0.25373331854483683
0.2131984025449073
0.485185397218295
0.3529921797805685
0.989049365294407
0.4473915520154669
0.632603994381091
0.8218574290426603
0.2188848070247702
0.5413735832294462
0.09237123453513774
0.9691248729395638
0.1958971767002161
0.9011367788638541
0.10710821945213422
0.908543743004505
0.38938956953509807
0.21558372016145977
0.14508698776376738
0.9174104811259521