66.790909
93.217903
92.828110
93.777008
101.290230
97.661537
95.377632
95.661758
100.147308
95.074333
94.060387
93.567703
90.280632
60.853390
98.466499
140.263565
136.019379
136.513214
147.499283
144.105011
142.192932
145.957550
147.430878
144.875259
142.499084
145.156448
144.167099
94.192749
97.868027
140.194855
140.897003
142.258331
145.216125
140.038910
141.906021
138.650909
138.063019
142.733948
139.282074
138.551971
146.474442
91.181511
93.883865
141.186172
140.732651
136.713348
137.760880
140.089783
140.594482
143.142197
140.958878
146.335999
143.428040
140.830444
141.288925
95.558411
90.766075
145.896988
138.713013
135.773987
138.450943
143.274780
144.846725
142.749146
142.004776
144.654602
139.950729
139.604874
140.218109
94.281677
94.659714
141.602631
137.403290
138.411423
133.471146
138.764435
145.735687
148.924347
138.978638
139.281677
141.757339
139.595993
140.459503
93.198860
90.585129
139.970718
140.429611
139.826202
131.119232
137.800949
138.444580
141.333435
145.725815
141.467880
140.596466
143.688675
146.649033
94.738365
93.563278
139.489960
142.238419
141.359329
132.395065
138.063110
138.178207
144.180252
141.891479
138.097839
139.526672
142.284576
147.319901
99.426643
99.464935
144.754242
140.878662
143.351440
143.418274
145.869873
143.853043
144.125702
133.171967
138.564041
142.149475
143.355026
142.797363
95.941086
98.689537
148.091705
143.463974
146.765167
144.282806
143.174438
140.459503
145.762817
134.060181
135.132599
142.686127
141.711014
141.651962
95.629730
100.805397
149.729019
145.375580
149.706726
152.814240
153.721115
142.957977
143.569473
137.107391
144.575699
143.357208
144.162872
140.732742
94.915878
95.801407
142.215515
142.139908
144.141586
146.365662
146.465759
140.954910
145.114990
139.753510
140.787506
144.998581
134.916885
137.280853
93.029068
91.306534
138.260605
138.384659
142.355835
144.784378
140.142807
140.307724
139.790527
142.834045
141.185471
140.397537
139.171875
139.809021
93.411972
57.874512
88.887383
93.225449
92.712967
90.455109
87.590385
88.728523
88.441406
88.095947
90.715080
92.475410
88.917160
93.188889
59.536163
67.160080
96.941811
95.663200
99.749924
102.739998
98.609909
99.496597
102.280975
101.849136
99.878967
97.243805
97.063431
95.932388
67.405205
98.335373
143.292175
141.631424
141.688171
148.472702
148.324463
146.307663
144.425781
151.099243
144.462250
145.702301
145.791275
145.446655
96.658890
101.632004
141.247330
143.102036
139.668640
146.296509
142.791290
144.195526
143.620514
143.900345
145.768631
145.704300
146.064484
140.733978
91.669411
100.046806
146.152328
142.744720
139.440506
136.603287
142.279648
141.010376
140.495544
144.740128
143.740280
144.998840
143.378006
138.974350
91.136414
96.794571
148.865219
142.082947
140.947510
137.270401
142.890015
147.797318
146.256180
143.872192
145.433075
144.075485
145.001678
141.311005
93.371277
93.173996
145.278351
143.519409
143.372925
135.794327
138.792908
146.437744
148.364471
146.966064
144.853241
141.313034
144.179779
142.089096
89.647903
93.474785
144.611176
141.007339
142.104126
137.396255
139.354889
144.449753
147.675842
142.926437
144.353394
149.058823
139.432510
147.449310
96.280800
93.245987
146.268768
140.206451
142.273193
136.695267
141.257050
137.377747
146.287750
144.509033
141.927872
142.810562
145.867004
150.759918
100.514671
97.316544
147.719009
145.782913
146.161880
145.772156
147.717667
147.168762
142.184296
138.311981
143.732819
142.410309
146.516068
148.061157
94.588051
102.336754
145.341644
149.083664
148.512482
146.935242
149.419891
146.544174
144.990509
138.961746
143.625534
143.930695
147.750229
144.675903
95.051254
103.742729
152.766800
147.822845
155.053741
149.453568
156.465454
151.177200
146.104141
142.107681
142.759613
146.689026
144.831497
146.823624
95.515320
99.034775
144.323669
140.925995
146.180267
146.865173
146.401260
145.991470
143.583176
144.275864
149.349182
145.947998
137.369415
138.297348
94.899048
93.044060
139.808014
141.644394
147.317383
147.252777
138.716278
140.574417
136.853745
142.921722
145.453400
143.910431
141.193497
141.500610
94.959694
59.281906
91.037170
95.298286
93.732132
95.610970
90.953796
92.350639
92.327278
92.965225
93.636658
95.595901
94.043648
95.292664
63.397552
68.463684
100.750275
101.097656
99.388245
105.280746
105.295967
104.550171
103.966202
103.166641
104.458076
101.736908
104.000687
102.005028
69.194092
101.166756
142.844269
144.046265
140.518524
150.794037
148.055725
147.525970
149.725891
152.482254
149.652771
153.032715
144.958572
149.547653
96.085686
98.012939
144.746399
143.115448
143.574005
149.272659
145.838806
140.229797
147.951721
147.787994
147.718002
147.213226
144.729477
148.368011
99.541687
98.631340
145.754349
145.599274
139.447876
139.905182
146.443100
142.792755
140.781799
142.535248
148.999008
144.455994
145.185211
144.556213
96.577858
94.404556
142.986115
139.971115
141.410049
141.833618
145.489288
147.099213
147.518478
143.377243
148.329803
144.326859
145.374771
143.058441
92.684479
97.679550
145.193802
143.306259
140.733185
134.227646
142.289597
144.160767
148.520737
146.644440
143.676193
140.342499
144.313583
143.256256
95.266663
90.528198
142.691299
142.371292
145.819138
133.858841
139.343033
146.784454
150.059875
144.981354
144.953064
145.466919
144.054169
152.473694
103.513336
93.125122
145.539078
143.592972
147.053299
138.719894
141.218765
139.580994
144.668228
139.445450
140.282867
145.179901
148.706238
150.981430
106.448334
97.594666
149.731659
148.854126
146.953476
150.166901
148.530518
141.011124
146.469116
143.416077
139.233139
143.049545
148.391418
147.183029
101.056610
101.570740
149.515274
153.591187
148.851151
150.633713
152.745483
146.372391
142.909622
136.809113
141.117279
143.394592
151.318695
144.921814
100.770645
105.759964
155.452057
148.516968
151.617264
154.498276
156.042130
151.494156
148.043732
142.291916
145.002701
149.712982
144.715210
142.485413
97.571663
98.239090
151.171921
149.497437
153.034119
149.056046
152.667358
150.741714
143.762146
142.290253
149.874634
143.296066
141.080566
141.035126
96.427757
91.305878
144.118637
142.793732
149.155899
145.263275
140.793671
141.501053
144.013062
144.327728
142.044052
146.330429
141.831039
140.375977
98.036247
58.556763
88.578011
90.959503
96.249733
94.603386
88.585434
90.216476
92.182602
90.142448
89.696808
91.025536
91.568336
91.898499
62.714355
61.392113
93.508072
92.037529
96.361801
100.977638
97.110329
95.727562
93.202797
95.280594
96.977318
93.970375
95.746597
94.327370
63.535187
97.272263
140.621857
139.172455
141.571381
141.410706
141.572815
144.621918
145.349335
145.555542
147.745453
147.672058
140.772263
147.634125
96.075386
97.210289
142.689651
136.874451
139.023010
148.255310
138.409470
140.248047
139.130463
142.018311
146.840286
139.176651
142.574341
137.069168
92.814682
93.960083
141.480438
142.021759
136.636017
136.568527
138.950729
141.890442
141.485779
140.076355
144.357498
145.419281
141.519150
141.095474
92.776161
90.040855
143.598175
140.043152
137.901611
136.411926
140.337830
143.737976
139.889984
140.707062
139.810150
138.813522
144.490936
135.594574
90.457504
91.786896
140.321426
139.338547
135.948456
134.906876
138.985352
140.886536
143.140640
140.360168
141.160995
140.966339
137.572418
139.153549
92.013084
90.753731
141.950851
139.336548
136.236679
130.134247
135.259018
136.478073
142.372925
143.636108
138.602692
144.736923
143.821625
145.412415
95.467278
91.857956
137.016449
137.646118
137.088928
134.104248
136.241638
134.691910
140.806625
139.034882
136.800827
139.361023
140.886536
147.367874
97.995819
96.541824
144.135742
140.018188
142.477325
141.930084
142.848511
139.495941
139.979004
138.006577
139.349716
138.803604
138.202682
145.114624
97.033455
97.996986
147.126236
141.740005
149.827103
144.181396
147.722580
145.146896
138.267685
131.270859
138.784164
142.498428
142.314468
140.636215
96.623657
99.962631
146.666992
145.965958
145.806595
151.139053
150.734299
146.929489
144.969269
136.658203
143.728409
143.047791
144.892181
138.042908
95.245964
94.400970
142.321243
138.679321
146.866302
146.056595
143.879974
140.623810
143.387909
138.552139
140.682220
139.084869
136.100403
140.707855
91.647995
87.311531
140.279404
139.387939
141.054123
142.271240
136.065384
139.242630
133.840225
140.807587
138.483444
139.419403
136.720657
135.380005
96.374931
60.953609
91.431541
97.561600
95.344833
95.797081
89.138779
91.904739
91.852287
94.812111
91.885391
97.484253
94.308739
97.022461
63.617638
69.577423
102.862595
102.213020
102.810059
110.356422
105.634239
106.217903
104.061600
105.457237
106.459854
106.187836
100.216591
105.649895
70.571198
105.929733
151.667206
151.317062
150.383987
157.167786
151.875748
154.465485
158.746109
161.529877
158.809723
155.263840
156.204529
154.136383
102.754799
106.923401
154.956879
149.444229
150.131073
153.581146
154.532974
152.010300
151.039642
151.477066
156.637665
155.843628
154.770340
154.108948
103.092926
101.945343
155.982269
151.090103
142.424576
150.402466
150.307220
152.211136
154.418915
154.482040
150.839493
155.214355
149.530258
152.063034
101.036354
100.409897
154.288956
152.206970
146.953247
149.260117
153.403717
156.066635
155.807846
151.621506
154.292389
150.890152
153.726746
148.452850
100.290604
102.509102
154.826355
151.885986
148.628632
141.022751
150.485306
152.228333
154.283112
152.900177
148.989182
151.782959
150.003174
149.260361
99.639099
99.649231
154.946320
147.142929
146.385300
142.694382
152.735138
148.348831
156.162323
156.167694
153.008209
152.439224
156.511536
154.580261
105.559479
102.359985
150.852478
149.139160
149.651260
139.591660
147.724792
148.856339
152.752365
151.000397
149.520752
147.158875
157.173096
162.249298
106.635948
104.715446
153.330078
152.566910
159.310730
151.477692
155.590378
155.570770
154.198273
149.348877
148.601410
153.248062
153.246490
151.939987
103.753601
109.582840
157.132980
157.290604
156.002197
157.547119
161.060059
156.191742
153.986588
146.269913
149.289368
149.868576
154.228851
152.544388
108.778511
107.954056
160.705292
156.369141
159.498856
164.304703
164.501221
161.567245
153.910751
154.795288
154.551590
155.625870
157.186691
151.359604
99.147362
109.138985
154.024719
155.059372
153.935699
154.996140
159.191940
154.436920
152.925690
150.551071
154.326981
153.207245
147.434937
147.168182
102.200798
97.401077
153.117523
149.091888
156.856415
151.110870
150.633835
150.804077
147.464722
155.120285
150.352173
151.277420
151.346298
146.336502
101.152740
58.974503
97.968048
97.887695
99.036087
98.119766
94.024803
94.168442
92.527328
93.620087
96.060272
96.539963
96.075790
94.326912
65.349724
66.428612
93.047363
93.638405
97.828178
101.752518
97.552666
98.572990
98.041428
98.064796
95.346962
95.407150
95.093880
94.082840
62.601254
99.629059
137.941208
139.010406
139.370285
142.823837
143.746857
150.248077
142.422333
146.198776
141.169983
143.426514
140.573456
143.042465
92.168045
97.735367
139.138168
137.448578
142.155258
145.261536
140.986633
141.181595
140.583557
143.721573
143.198349
142.400085
142.313309
136.933716
90.333565
94.349869
140.679962
139.275986
136.997360
134.748672
141.926895
141.393555
144.452469
143.649002
141.970093
141.688934
137.987930
135.739365
88.785301
94.860313
142.620316
141.548431
142.501389
138.725296
139.581100
142.789597
142.334015
141.143326
139.874466
139.469116
142.672043
141.525162
88.982834
99.504761
145.195206
137.468124
137.531891
131.406982
137.816864
142.899765
144.415710
140.087677
143.234558
140.087891
139.840027
137.100830
91.932884
92.534134
141.382675
138.017471
136.140594
136.688034
139.815399
136.227264
148.091766
141.206146
142.217392
140.926224
139.374710
141.704544
92.500488
96.799080
144.492859
137.293793
140.985062
133.515091
134.703506
136.794724
143.035965
138.713333
140.116257
139.601776
143.022293
145.509766
94.266083
95.688545
138.754166
139.379822
141.109360
139.894287
143.106415
140.541138
140.165512
138.837372
137.881485
140.669617
142.116592
142.912247
98.482178
101.426086
149.427048
140.909409
145.243378
143.348785
144.005447
143.369293
138.776154
132.684204
138.526657
141.924301
145.569672
141.954437
93.273102
101.039749
144.773209
145.204941
150.322647
147.957779
149.440720
147.390671
143.958939
139.228516
147.063477
145.067627
140.961121
140.422119
93.145935
96.960091
138.372116
140.088226
141.697037
144.124908
145.123535
138.140381
145.527756
137.672974
142.378143
142.299011
138.209900
136.873657
93.388817
91.297775
136.727081
138.840836
140.780975
138.357010
138.434204
138.845322
140.232773
142.800186
140.476379
141.766922
139.454834
135.942123
92.023735
57.490768
86.190552
89.485161
89.641106
92.917870
87.513504
86.054420
84.094757
86.662567
88.331940
88.052528
90.682259
91.118431
58.582447
71.046959
97.495575
99.138512
99.932457
103.115173
100.849739
103.762115
100.479233
100.901634
101.847176
101.624924
99.044304
100.273834
65.412941
103.999199
147.634399
144.096115
146.039307
154.099503
150.069504
147.986191
148.870056
155.473373
150.347443
147.921280
147.777618
144.166489
97.979591
101.571945
146.922150
144.871979
143.673584
147.678848
144.063873
147.296707
145.445267
147.898834
149.057770
147.013718
148.924301
147.806122
98.157196
97.552879
146.687958
142.451752
145.383133
141.611664
144.944916
147.365067
145.030807
142.672211
150.677673
147.409500
144.208939
143.721817
98.817764
95.743805
149.784836
146.471222
142.434036
143.870056
146.562805
146.558792
148.053467
146.235611
146.089691
146.787704
147.848877
145.523087
96.181786
95.808609
152.743454
148.737625
142.453674
137.166183
143.635269
144.410461
151.299271
149.129654
144.795486
148.114349
145.850037
143.541260
96.217484
95.937332
147.099243
146.247665
142.252396
136.406631
140.212997
148.120255
150.070251
146.463974
145.025009
145.494843
148.691452
148.581314
98.918892
97.542046
144.628967
144.549393
143.797256
140.695068
140.243347
143.618912
145.673599
147.333832
145.181091
146.310471
148.346481
154.295883
101.425636
97.912781
146.390442
145.553528
149.526535
145.382874
148.657410
148.087387
146.979980
147.952728
143.648132
145.094864
143.136307
148.697083
101.337280
104.867813
152.010361
145.036133
151.571747
151.480453
156.586655
154.010727
147.291504
140.063614
146.762131
144.342865
146.435486
147.307541
100.469795
100.361893
149.548447
154.823029
154.357132
153.410660
155.535248
153.794724
146.371429
147.580460
144.557343
149.713943
146.914032
143.392776
101.037971
98.366394
148.586121
146.947205
147.674805
146.171478
151.745865
147.193359
147.856705
143.149780
149.823166
147.218491
140.765564
142.769333
96.837097
91.866966
145.326874
145.409378
146.670059
144.340408
138.962173
144.528427
143.433914
146.278198
141.591263
146.772766
141.951965
143.580902
99.211533
58.461201
94.327606
98.044556
96.974258
97.160492
93.751144
92.414642
91.243240
92.643181
91.795479
94.896248
94.612946
98.977921
65.844475
70.744621
97.595230
98.598915
99.128052
104.784195
100.699524
105.320862
100.583580
101.038208
105.769012
99.877800
99.279282
99.052834
63.123638
103.717896
145.077484
147.988037
144.735489
152.356979
148.729904
149.092697
150.086899
153.635422
148.274826
147.766769
147.572784
150.110779
94.621780
107.293549
144.567657
143.670593
147.807251
150.767090
145.045990
145.842636
147.573059
150.289185
152.211823
148.207733
147.738617
146.812363
93.228180
104.368446
148.139374
144.209839
136.281174
140.982895
142.430145
147.040405
147.219482
147.468475
147.357315
148.965317
146.937454
143.290390
93.581070
102.220490
147.591568
141.877914
144.253021
141.079849
146.214645
144.695267
146.681030
146.128754
148.778076
146.276581
144.861954
144.429428
91.643570
101.490395
147.372787
145.319824
141.131317
136.888077
143.792587
150.332428
153.687302
148.081314
142.111511
145.458466
144.348709
141.641205
85.722595
98.950386
144.940704
146.413879
141.315536
136.602127
145.110489
145.271378
147.991760
149.669693
144.769272
144.431030
147.713852
147.701859
92.952751
103.854805
146.813171
144.250824
143.252411
142.947235
140.161499
142.081177
144.997055
143.157684
141.869080
146.078323
147.547836
155.596512
96.100029
105.662735
147.693390
144.163483
149.310989
146.540161
148.705902
150.296829
147.225616
142.022232
145.099945
142.947678
146.141251
150.598251
95.548409
108.952377
155.324219
151.087494
149.228088
154.867752
151.505066
154.501968
148.570358
139.318359
142.363281
150.110428
146.605469
145.220734
91.772171
111.160049
152.370117
148.868820
156.865845
155.221939
159.512878
154.312271
150.413574
140.728302
146.974457
148.501602
146.502869
145.872238
92.254936
107.922417
145.997070
145.632645
148.065491
150.738174
152.739655
146.016907
144.706848
148.830460
153.775711
146.887329
138.431915
139.509521
88.884155
100.145874
140.891251
148.080734
154.960434
146.046875
140.851074
147.623550
141.367050
142.718842
147.932159
144.916138
137.176880
149.572052
94.927597
64.534180
91.890106
94.975502
95.360878
97.566681
92.985405
91.994659
88.760582
92.147606
92.829361
93.128426
92.574898
95.987198
60.892830
67.027100
95.756470
97.484810
100.499878
103.894257
101.603851
100.169411
99.922852
97.276833
99.713791
98.486626
96.412369
99.024864
65.010757
101.553726
146.913315
143.944244
140.752319
149.362366
148.147598
149.836960
149.192291
152.335602
147.295624
146.329163
147.196381
151.936264
97.666885
102.451241
146.908585
144.833481
147.005402
149.147736
143.286255
143.389801
144.181564
144.918640
150.156708
141.921494
148.677216
145.429901
93.809860
99.208366
151.110825
144.370361
139.499588
141.762543
142.347351
146.090500
144.414001
143.901306
146.564682
150.539322
142.049164
146.639923
94.395607
96.789108
144.726181
145.611893
143.255875
145.288376
144.481750
146.755341
144.917206
144.093307
149.053467
149.391052
143.604294
144.496826
92.181252
97.152473
152.255295
143.757584
142.707825
137.205170
139.673630
144.994217
146.890350
148.703568
144.517426
146.199982
149.949539
140.524429
94.441116
94.110725
141.420441
140.688690
143.390396
134.128647
139.615326
142.018890
153.868515
148.499405
145.078583
141.671448
145.253525
148.361450
100.802208
100.241135
143.397614
141.911804
142.367798
138.353699
142.358139
141.790390
147.389313
144.716553
142.935608
143.441498
149.484604
151.253799
100.567184
100.218773
145.781738
146.897675
146.804260
147.126221
151.383240
148.829346
147.138031
141.719254
141.960114
145.631027
145.625504
145.402039
97.605377
105.432648
149.715652
150.394409
148.412811
149.456528
149.574188
150.850723
146.788269
137.304337
138.602081
148.423080
151.053726
145.316452
96.615814
102.938919
151.774170
145.194412
154.822083
153.101791
153.268936
150.765457
148.668884
144.042725
149.341736
147.531937
144.774796
142.009308
96.832581
99.887917
148.703506
148.762665
149.507599
150.564911
152.319778
151.072388
146.153641
143.266586
143.612473
147.705139
144.801407
139.831421
98.343925
93.599030
141.681946
143.171738
149.877319
147.034943
141.652390
140.387527
147.725739
144.089493
145.472260
143.881714
140.012329
142.231171
97.272751
61.897057
92.277557
96.381447
96.800140
97.820419
91.779129
92.519974
92.710182
93.167969
89.992226
93.028313
94.019333
96.582306
62.320808
67.177612
93.329971
95.658966
94.203217
99.982269
98.260338
98.225708
100.103569
98.362717
97.513931
95.939171
96.512871
99.089935
63.576187
98.115479
145.068787
140.878784
145.068893
148.949448
151.162216
149.407516
150.408691
154.004501
147.798035
147.858093
146.955582
145.101929
99.423378
101.356133
149.880310
143.164536
142.563232
146.933563
147.048401
144.861801
145.885437
149.233475
145.533096
148.074936
145.158707
145.804733
95.754997
101.837479
144.612976
141.723480
141.205780
142.758392
144.387009
144.416306
145.888229
143.668854
146.044495
148.195221
143.922699
148.595840
93.180405
97.726280
146.412430
144.433304
142.968277
142.354843
145.648224
142.891083
146.914581
146.501404
148.775726
146.939758
144.708679
141.818329
95.816147
98.858109
147.937286
145.583786
138.497086
135.644897
143.276108
147.982010
148.249268
149.102356
147.881058
143.085678
144.303986
143.127396
93.103218
94.039009
146.542664
142.814529
142.379593
135.987289
143.229065
145.371368
149.408966
149.651077
146.061996
146.605682
144.727066
148.457825
97.989136
96.192131
143.205536
142.482422
141.207596
136.461090
139.684402
142.321869
145.682373
142.439285
139.355835
146.277985
145.188812
147.250824
99.886734
104.642914
145.883072
147.551300
152.701141
145.169952
146.611053
145.008820
146.188965
144.491974
139.275055
147.139603
148.718231
145.695679
100.392067
105.442245
152.886353
145.928467
149.981491
149.919998
154.043671
150.703140
147.126404
137.144012
139.112549
147.404694
143.989365
144.933319
98.158653
104.293716
154.160553
149.353790
154.234146
156.325912
155.899414
150.074890
148.071198
145.953186
147.332016
148.896072
150.648453
143.807968
97.888260
102.061569
146.101883
146.693939
150.048157
150.037354
156.404984
145.267441
150.219711
142.948883
143.993271
147.515427
139.082275
139.027740
96.758194
94.322609
141.399704
148.657837
148.767258
147.074692
139.657288
144.487305
141.716690
144.280746
145.303497
144.776215
140.189941
144.843796
98.351471
62.150330
92.772690
99.716286
96.875420
96.909698
94.672417
93.099937
91.342705
97.213379
97.067734
93.683502
94.923210
95.145203
63.338745
68.574814
94.391594
100.567047
98.779594
103.266708
99.697708
102.320023
98.719154
99.942024
99.111984
98.610878
97.401718
97.482758
61.633423
103.921768
143.254425
144.024139
146.567856
150.018616
148.056793
148.448227
153.575378
151.177887
147.687653
147.245010
148.717819
149.653305
98.170647
101.989685
149.779678
145.586151
146.758881
144.952347
149.217697
146.826279
142.526657
142.055771
146.285660
147.960693
145.200424
147.123413
95.146561
102.682190
145.576385
142.980240
142.324692
138.532837
148.643204
146.192337
143.648590
146.453247
146.122116
145.886459
142.896210
141.931625
97.292458
100.001022
148.902054
144.151550
141.819489
145.130554
141.913803
147.317932
146.549774
142.681656
146.415649
147.273834
143.588715
143.285217
90.505753
98.545097
147.618164
143.990662
140.106735
135.765869
143.864731
145.909805
146.600418
146.267426
143.080063
147.452911
144.592484
139.860611
91.078568
95.974625
146.246765
141.078873
141.672348
133.754715
143.871124
144.097549
148.974487
146.588989
145.858078
145.494980
143.784348
151.586029
95.972488
97.982513
147.126328
142.914597
143.621262
137.566986
138.302658
140.415314
148.217377
146.629059
141.455002
144.713928
145.955887
150.859039
100.900475
100.863541
145.110748
147.780426
148.309387
144.821533
149.897354
145.640656
148.006104
142.803940
144.924164
144.037262
145.329330
145.003357
99.583153
103.629738
154.816330
150.442871
149.887253
150.869766
153.620728
149.251617
146.022415
141.358841
142.700073
147.351837
148.833160
146.622681
95.615211
105.531387
150.757782
147.187531
152.991364
158.189896
155.485992
153.540283
148.427841
145.216293
146.946259
150.301971
144.578140
142.375381
97.035599
103.609947
148.965439
147.801743
149.261581
146.403336
149.411026
150.064911
145.696823
138.751755
151.057495
144.364975
142.944229
142.371704
96.082985
95.007294
144.930084
145.729691
146.834885
146.558395
145.238907
140.523331
140.891479
147.922241
140.615112
144.800064
140.547195
142.098862
94.808479
65.597572
90.822662
95.379326
93.183037
96.870255
93.516533
91.736069
89.849663
91.563309
94.221382
94.793152
91.173798
93.148109
62.496574
67.056923
99.659874
100.959236
102.059158
105.627823
102.215065
101.502579
101.513458
99.143692
100.254379
102.538086
101.678459
98.988983
67.700867
98.061859
140.491333
144.271820
146.064529
145.588135
144.574127
149.738693
145.526520
148.962418
145.673477
143.364105
138.849426
143.744370
97.844490
96.380676
146.813538
146.076385
141.804794
149.281937
145.051666
143.546188
144.581268
145.727554
149.229706
142.076187
147.801010
143.935471
98.216515
95.088852
145.285980
144.246353
143.078156
139.498734
143.347153
144.670547
144.421356
142.728531
147.816635
147.088226
139.530457
139.944092
93.932663
93.167755
150.231613
142.808853
139.731430
139.120743
141.854752
144.951691
147.526459
144.613571
145.039230
142.150040
143.799576
139.106201
93.250702
93.803741
151.248306
141.852768
141.777191
136.972458
140.461914
143.598038
145.863831
145.563385
147.480042
148.214905
143.255417
144.041138
96.192841
91.971611
145.943420
142.412933
141.514984
132.474152
144.164871
142.135422
149.955673
150.699158
140.069534
144.482925
144.168488
145.331482
98.861168
93.902885
144.591141
143.922638
140.986069
134.447357
140.473969
139.262390
146.984955
143.342728
140.488235
141.529144
146.899399
148.618561
102.859833
95.246513
140.569687
141.139008
148.249786
144.609589
144.888443
147.095535
144.488815
142.024826
139.291534
141.719864
146.552979
145.201385
98.992538
102.942711
149.625412
147.337250
146.824844
148.193665
149.495285
148.124496
143.033188
134.797913
139.536514
141.867737
146.123367
145.024628
98.104134
97.638145
151.498627
148.061432
150.192047
152.274796
154.605423
148.530548
145.941681
144.778961
144.077759
148.860016
145.605347
142.979935
97.148468
98.249153
143.030792
141.968369
144.720108
145.029404
149.289780
145.079941
148.274139
143.950500
141.733337
143.286621
142.234512
142.603500
95.118156
90.203468
140.040359
142.356049
147.361679
145.644989
144.708130
140.857681
139.167099
143.407547
140.498413
140.383133
140.431641
139.617218
97.150108
57.344303
90.417061
94.952904
94.720276
95.427071
92.243568
90.059853
88.706795
90.576874
88.727364
91.791298
89.273895
94.863350
63.135109
67.820885
98.232178
99.470100
96.761543
105.133499
101.274788
103.104729
105.365471
101.580208
101.348503
100.552444
100.205185
99.933884
65.847626
104.458488
147.783173
146.203033
144.325226
150.948334
150.767670
147.428833
153.349060
152.911240
148.572830
153.768494
146.542160
149.211288
96.905869
104.057312
146.869781
144.433594
145.695206
148.928421
149.898285
142.925568
146.869614
148.966278
145.374542
149.113083
145.581161
143.739853
97.120132
99.977791
146.242889
142.414795
143.235626
144.234039
146.531204
144.912369
147.267838
143.925735
145.326431
146.407959
145.075790
144.631989
93.236298
97.981842
148.865372
144.929565
144.567795
143.248459
147.860519
148.718002
147.950455
146.137482
149.214966
146.258881
145.248001
139.736206
93.235641
99.177994
146.459320
146.080429
142.636246
137.057709
146.356735
149.050598
148.868469
146.903778
148.293594
146.427811
145.320938
144.352036
94.103516
96.264099
147.290131
142.162476
143.071671
136.843979
147.206619
147.535965
150.309280
150.505325
141.872589
146.080780
145.328964
149.142654
97.299919
96.303520
147.179337
143.321960
144.958603
138.701981
142.666718
142.139725
142.820801
146.588852
146.567703
143.572739
146.268021
150.851227
100.603798
103.208717
148.866776
148.949249
146.531097
145.661560
149.844711
149.625458
144.930725
145.783798
143.706757
146.990005
146.968185
147.837631
98.687920
107.386055
153.135635
151.464111
147.137115
152.043518
156.099335
147.289398
146.941086
139.069901
144.753693
146.103378
145.160431
148.551178
95.588585
104.546555
154.797867
150.137360
148.423065
158.974930
157.581161
156.175964
146.267105
143.316727
148.752014
149.115265
149.210541
145.606110
97.668076
103.869400
151.588150
149.850891
148.576523
150.502121
149.430283
147.578857
146.318298
145.703247
148.459961
149.346008
143.936432
141.868378
91.209183
93.135254
140.430298
147.128250
149.378189
148.098206
144.822388
141.641800
140.086487
145.860870
144.545898
145.746399
140.919037
147.960281
98.301079
62.372246
94.472672
101.716354
103.341118
102.099899
94.169762
98.735474
93.961349
96.418335
98.478699
103.191956
101.162140
101.727371
64.211067
65.241211
92.443085
94.526443
93.584778
98.270950
95.351028
94.453156
96.591522
98.066399
95.370399
93.865692
93.904686
94.665703
63.088425
98.446686
142.778839
140.120010
135.114456
150.734634
144.641357
141.862167
143.624847
143.447388
139.585159
143.066071
140.009750
139.782562
96.644852
99.344498
142.663879
138.496567
137.365250
140.990707
140.702438
138.639923
142.260971
141.963104
143.283752
137.989975
138.068008
140.374298
92.568794
96.361931
139.316208
137.738434
137.567001
136.957184
138.497665
138.052963
136.177856
135.081085
137.854752
143.373901
141.824249
135.469559
93.169685
91.008583
136.804489
139.510529
138.402420
140.367920
138.041962
139.366913
142.638351
141.988113
142.220901
142.938599
141.017502
135.910034
91.738182
94.853378
144.072571
137.222061
134.842255
130.038788
136.577148
140.741699
142.587494
139.849289
142.745621
137.241180
137.626724
136.606125
90.408592
92.727463
141.666611
139.312622
130.826675
129.819763
136.019897
139.912537
141.208527
140.560257
138.676758
139.894653
142.932251
140.643646
93.760452
94.391548
138.448120
142.992355
137.236755
131.874969
137.033813
132.048294
139.635010
138.570343
138.645767
136.975342
140.448257
145.241974
98.479034
96.508324
138.510574
137.000381
141.845200
141.930176
143.225723
139.275452
139.782227
141.025192
133.971664
140.874527
141.648132
141.980042
95.292336
101.911537
144.711273
142.304596
144.661728
147.622543
147.541031
146.063644
137.656326
135.544647
134.898865
140.375595
141.841446
139.285431
93.366226
98.852966
144.468781
144.088470
148.386276
145.370621
152.895920
148.215286
139.971558
137.869385
138.494476
143.297791
140.723892
138.319672
93.382065
95.222023
141.933472
140.118179
143.919250
142.119644
145.620087
140.837540
140.013229
137.414108
143.497223
141.777283
138.173813
135.410461
94.119110
91.695282
140.045807
137.312744
142.340118
140.323517
138.512177
133.139023
140.817673
139.750610
137.134338
138.928101
134.268692
136.675201
94.319679
57.435970
90.442856
95.370422
94.701241
90.738708
88.847504
92.558777
92.699890
90.922905
90.919273
93.922577
90.118378
93.149002
62.257820
71.709770
98.420822
95.461647
98.016327
106.186287
100.849068
99.991867
102.474068
101.259628
100.828842
100.462204
96.931503
100.287140
63.255329
104.619591
145.878510
145.618530
146.778748
150.779770
145.804443
155.592651
157.147034
154.985764
149.594193
151.920364
149.763138
150.400040
96.859375
105.412872
146.047943
145.460236
143.829407
152.441330
147.681610
143.651917
144.253571
146.282776
150.429703
145.859711
147.664948
148.598541
91.321266
100.915878
149.415237
144.097961
138.664673
142.239594
145.190262
148.250961
148.120239
146.504532
145.849472
147.826172
145.754791
146.176941
91.950630
98.680191
148.516617
146.469559
144.659256
144.404175
146.637863
146.081848
149.560730
146.471527
149.180740
147.201218
143.957596
140.838074
94.722923
98.538361
147.904419
145.196945
139.149307
139.634338
142.989273
145.650604
148.442703
146.231415
141.162216
144.647552
145.279495
144.456024
90.428741
100.169914
147.005661
140.849899
143.053574
141.428299
145.621063
144.862793
153.018646
151.472107
145.485123
150.391525
146.677612
150.551666
96.040016
100.438568
148.988190
144.247803
141.433472
138.628464
142.501709
143.145599
147.589600
146.244965
147.090973
145.189331
148.161377
154.992630
98.743294
105.248146
147.367249
144.331757
150.396545
146.426819
148.618149
148.393799
144.856064
144.258698
144.977692
151.498047
143.888870
144.859192
99.700806
105.508087
153.305588
150.125290
151.904434
154.082825
155.995010
151.765762
148.091949
138.106674
146.901382
146.286804
151.348740
148.457687
96.214874
108.148949
154.050385
152.796204
152.072998
157.253738
158.543793
151.677704
146.979813
147.293976
152.337418
149.422501
145.830933
141.045074
96.888458
102.421387
148.333954
150.964752
148.774994
149.422943
152.703033
149.371094
145.142288
146.727020
144.368546
144.636230
138.615829
143.667297
96.048836
97.814896
142.221329
144.433517
150.091202
147.292389
145.880997
144.351776
144.594254
148.298172
148.443634
145.802170
145.413345
145.515884
95.981499
62.344410
90.466484
96.779137
99.999855
95.826088
93.273331
89.548958
90.641617
96.635460
91.375847
95.752716
90.755615
95.021881
63.697865
65.877670
94.779236
93.347733
94.745682
100.643585
98.087524
97.506584
98.496414
95.535538
95.245888
95.245369
93.972847
94.761459
62.242035
99.269295
143.591782
142.467850
143.793076
146.445770
146.727982
151.034348
147.819000
152.449112
147.547073
145.530426
142.865280
141.619400
93.757187
101.334427
142.079163
143.674591
140.639511
145.361374
145.175751
142.968384
144.040802
146.746307
148.478561
144.830261
143.419220
143.819107
92.286797
98.603813
148.210464
141.049301
139.574646
137.428192
143.496704
142.877747
141.207001
144.855118
142.962814
142.690598
142.555161
138.994537
92.685707
94.085556
144.096085
141.303909
140.426819
140.275269
142.308701
145.909851
141.571564
136.928406
145.181915
144.748764
141.729111
136.987564
92.348701
92.701340
148.419373
142.499008
140.037277
140.065689
141.892914
145.712051
146.724609
145.831604
137.218704
140.920776
145.237259
143.893692
87.855530
91.948044
144.915115
140.384018
139.159836
134.732956
137.947540
139.681778
146.054733
146.052185
143.483398
144.328308
141.804245
144.609879
98.929443
94.338699
143.127213
140.571945
141.444351
134.423309
140.641418
136.627853
142.607193
138.813065
139.352203
140.662964
143.892944
147.844620
99.599022
96.956398
144.814651
141.757736
146.897949
146.869781
145.465271
140.992279
144.729813
139.194092
141.744583
141.970642
144.821518
143.852844
97.458893
102.238159
147.837662
151.345718
148.138992
146.734344
152.000549
149.294754
138.967590
137.560623
140.228500
144.030746
144.353348
142.990906
95.676277
100.911949
152.889465
146.247147
152.186340
148.187698
155.569473
147.547592
148.524643
140.887558
143.628983
144.509338
146.321594
142.188065
92.964111
97.391182
146.426453
144.452698
147.026993
147.383087
148.694199
144.422165
144.105591
141.745331
143.057892
142.834946
140.625305
141.007706
93.397354
91.748604
137.998291
142.716492
147.181763
143.954727
144.676666
137.570648
139.560699
144.768784
143.560608
138.081772
139.759064
141.658203
96.258553
58.331642
94.833755
96.973900
100.442177
96.467407
91.550835
95.125534
89.831833
92.784981
92.724174
95.878777
95.656960
95.004074
62.949432
65.243393
96.391594
94.183823
100.073563
100.276360
97.824699
100.205986
94.864792
99.072853
100.051811
98.146332
96.018059
97.413940
64.676750
95.927612
140.811707
138.739471
141.306015
145.053787
143.819946
143.076035
148.011215
154.265350
147.364960
144.606201
141.977432
144.765549
97.405937
96.925636
143.144714
137.276672
139.673462
148.164398
140.847961
138.816940
141.299759
145.001358
143.746399
144.486343
141.982666
145.898224
98.288109
91.941727
144.607529
140.582062
136.574921
140.495193
141.072540
143.894562
140.793427
141.575165
143.337296
142.537460
140.603867
141.687256
93.264961
89.163300
143.649673
141.186844
143.797073
142.611176
140.209854
146.518021
145.743378
142.586746
146.211182
139.946793
144.356384
142.192947
96.254173
94.921356
147.387360
143.107315
140.245667
135.509384
139.758347
141.045059
145.993774
143.140762
141.693283
141.203156
142.207001
139.850891
90.527695
93.183296
140.277817
140.651199
140.542191
136.253036
142.440460
140.372314
146.704773
144.814667
142.132416
141.858856
145.476578
144.371780
97.449875
94.044228
146.632614
140.199966
141.135300
133.921478
141.465485
137.243332
140.293640
145.077408
140.288818
143.073807
142.609909
148.703430
99.819466
96.577415
144.785309
142.355957
145.338531
148.550766
146.740341
146.316544
142.208252
139.013153
138.649094
140.381073
145.071503
144.884140
101.796600
99.231300
148.617432
146.305695
145.851608
146.214325
149.994675
146.716049
137.640488
133.564621
136.916229
145.451538
146.375076
144.639618
96.628571
98.611816
147.569336
147.576187
148.509689
154.559814
156.256195
147.640137
142.862976
143.060608
149.770096
147.994659
144.891418
142.996140
94.310577
98.872200
143.078995
142.957504
146.118973
147.114594
152.692642
144.670410
144.366943
138.827606
144.473389
142.518723
140.351395
138.029373
95.935318
88.598694
141.205978
141.874741
142.370422
146.528061
142.129303
138.371918
140.567856
146.225006
143.851395
144.418930
138.519608
138.090317
94.729950
61.271011
89.783600
97.119095
95.650063
93.925995
90.693298
89.643013
89.373817
92.128387
89.449135
92.702194
92.290916
96.404747
60.377594
65.938110
89.787323
91.086700
92.024414
96.996811
93.064255
93.016708
95.293747
94.173790
95.971336
92.113235
91.818237
91.421585
60.115265
98.969681
140.719421
137.317230
139.183197
143.855698
144.290390
145.942139
147.622833
147.972244
141.779404
142.950150
144.326477
140.784668
94.123505
102.039856
145.243546
138.638550
140.464294
143.403366
138.321808
143.536530
140.929840
142.805832
145.746078
146.125107
143.413376
142.335526
90.028748
96.908226
140.949600
137.243103
139.792557
138.378418
141.716019
141.548157
141.291946
138.967880
144.359985
138.735336
139.954559
136.799362
91.265366
98.972488
141.966354
136.399094
140.677460
138.727432
142.284302
144.068497
143.779083
140.201996
140.101074
140.354462
141.968246
136.527786
90.985115
94.885765
150.200012
141.360535
138.297501
131.347595
136.041855
142.468323
146.158142
147.603470
142.211700
140.140244
136.058655
138.208923
90.880768
93.844910
142.756882
143.884445
135.426926
134.475555
135.878479
143.342575
144.504822
142.741898
138.548599
137.598846
145.612335
142.545258
96.801025
92.950554
143.218414
139.970963
139.944717
132.672867
138.690933
136.153641
141.702698
141.963776
140.194168
140.779022
142.506577
148.908630
97.043564
97.315399
142.889832
140.800247
142.144836
143.754852
147.124634
140.724655
142.721649
140.085571
138.720459
139.847092
141.021729
142.376984
96.114578
102.689476
144.693039
140.601562
147.029572
146.265839
149.069641
145.384720
139.931519
138.579895
138.021149
142.069031
144.348099
141.995056
94.652832
100.074699
148.729294
142.171158
147.307281
151.139145
152.252533
151.290756
144.254532
136.990295
141.647766
143.210571
140.404388
138.164520
92.318573
99.808609
140.608154
144.011414
140.409195
145.517761
146.422684
143.898544
143.706085
133.651276
143.730148
144.324692
137.670410
136.083435
90.311653
92.769073
141.850403
142.345093
144.359985
144.561493
133.979828
136.893387
141.156952
143.336487
143.235291
142.300659
138.928162
140.626221
91.905251
58.103580
92.635696
95.486015
98.035706
98.873802
90.421219
92.959427
93.576614
92.932411
93.087135
94.714912
93.847992
100.160446
64.798576
59.251305
92.843765
89.629074
90.625458
99.035156
94.042656
92.531189
96.294510
93.826851
94.909767
92.522247
94.024078
93.571510
61.524212
93.477600
132.527863
131.640747
131.624481
139.833099
137.069260
136.762756
139.151154
141.016693
141.766037
139.120941
135.761002
138.960068
87.958420
91.913094
139.636383
135.351181
131.763580
135.745377
134.904953
135.490540
135.537720
132.976761
137.174469
135.597702
137.822144
133.634094
90.269287
89.749207
135.605881
133.461975
129.862885
134.333801
133.904007
135.981689
136.604187
133.862732
136.293182
139.665314
136.031693
132.636520
84.666565
87.706970
140.215866
133.332855
133.767761
130.134796
136.550232
137.316040
135.831009
136.142944
135.809021
137.615387
135.963440
132.707397
88.359016
89.338181
139.492722
134.993240
129.555862
126.499680
132.004303
133.198669
134.859146
137.388565
134.608124
138.998062
130.661621
130.703308
85.525322
83.283218
135.829346
135.308670
131.201843
127.105583
133.116074
135.259018
139.523621
137.384811
133.492340
135.823914
134.981476
139.715775
89.946480
87.004318
139.740646
132.896255
132.604034
126.853569
128.601395
130.282990
132.188858
135.931946
132.263962
137.314407
137.508102
142.369827
92.550934
90.443695
135.382416
135.705719
139.277069
137.942398
136.104019
134.972015
137.238281
136.049377
131.673065
134.850525
136.860413
140.945175
89.072388
95.535126
139.094391
138.838348
142.292435
140.956863
140.043640
135.918610
133.532181
127.299690
130.919388
134.837723
136.196487
138.028381
90.430740
97.556923
140.577545
138.055237
143.177261
143.150024
144.953873
143.443604
137.632599
134.628250
139.132614
136.442337
133.060974
132.673874
88.662308
91.705734
138.595856
133.100906
135.528641
138.730316
141.429459
135.923538
133.296265
132.974899
137.714584
135.202438
132.542145
133.164230
87.110649
86.045242
131.558929
131.926392
134.672699
132.977783
130.864624
134.763077
131.402191
135.272232
134.869537
132.517212
128.441086
135.216660
86.822990
60.724720
86.971626
94.052139
93.223267
91.218201
88.354080
89.778870
86.051987
89.070839
86.042458
89.155777
88.179291
91.347961
59.577404
65.625587
92.403564
95.262077
96.536041
103.856964
98.119644
97.833893
99.753540
98.431900
99.620316
98.317207
95.784515
96.834076
63.474190
96.959366
146.349792
143.522476
138.122437
153.619141
147.831741
147.931000
149.363403
150.942612
147.585968
148.158432
145.843430
148.740616
95.469452
99.223755
147.155029
141.738312
142.238708
146.691269
144.197098
144.588867
145.150223
143.466675
149.227081
150.237442
145.085846
143.556335
97.063797
91.876343
146.694717
141.812958
141.150467
136.073715
145.118988
143.281326
143.013016
142.334091
144.320587
142.943436
142.919113
142.448547
91.901505
92.948425
145.224838
146.551178
144.381088
135.546631
142.446579
143.425964
147.107056
143.290863
146.470703
144.165909
140.439835
140.141571
93.487907
95.930901
149.184662
143.184250
141.897232
133.143646
140.199844
145.624344
146.919769
144.108643
146.990341
142.858261
140.209564
140.300766
92.993088
91.639290
146.524826
142.315750
142.533264
133.669815
140.213867
142.282578
145.229797
149.322708
142.082825
143.633148
146.244995
148.559937
94.948112
92.709366
144.279984
142.890839
141.669861
136.549866
142.289062
139.750412
145.076828
140.112686
142.999603
142.199142
145.608231
149.399857
96.951904
95.471855
144.991516
142.793793
149.566833
144.778671
146.734482
146.648163
143.651093
141.461548
144.930405
143.483032
143.319626
148.562042
98.321960
102.057533
149.480255
145.798950
152.056793
151.516785
154.524078
147.443558
144.100006
138.170380
141.201965
141.252014
143.473175
147.411270
92.717819
99.896088
148.407135
148.073776
150.770020
151.679108
154.767670
153.029922
146.685150
145.472641
147.770782
147.548492
145.455063
145.626556
95.321510
98.100388
146.462646
148.368774
152.606155
150.197723
149.923874
145.080246
144.767090
139.352951
147.961426
145.496140
139.452454
143.857422
93.788589
91.619865
143.095245
140.561447
146.054108
144.313492
142.662109
139.315674
143.105240
144.189316
146.183899
143.718613
140.743774
142.072754
95.291946
56.518372
93.486938
97.328217
96.479027
98.335213
89.804512
90.967484
92.481735
94.066910
93.282738
92.602875
92.646324
95.562485
65.075989
65.548103
94.398987
97.952744
97.356537
100.690903
98.610367
100.563004
99.167320
99.131889
97.985092
96.887131
94.664658
96.082184
67.650917
98.113464
136.896790
135.761337
136.635178
146.679382
143.112946
143.794403
142.745499
143.881012
142.110458
139.541901
146.348267
143.543503
93.080956
96.532326
140.513443
139.771805
137.361725
138.854523
144.974640
135.780945
136.242188
140.100464
139.121124
143.726715
141.329941
142.261124
90.316628
92.975929
140.898254
136.993851
135.670883
137.036163
139.648346
139.406967
138.361450
142.132614
141.036133
141.938583
137.139847
132.777313
92.093262
89.994324
142.208267
138.814377
137.242081
134.244690
137.923462
138.824234
143.827164
137.428696
138.315536
142.124146
138.459991
134.217865
91.677292
93.151367
139.547653
136.686005
134.674438
130.206619
138.232941
141.613541
141.408401
139.563660
138.111786
139.925812
140.750778
139.255447
89.304413
89.624741
136.843628
136.412140
133.964813
129.806030
135.192520
140.260742
145.342026
145.026459
139.246643
139.324875
139.889389
139.898041
94.844742
93.363808
140.427490
138.701172
137.241470
131.189468
135.722473
137.586197
142.284012
133.117554
140.329987
140.734009
141.093292
144.676453
99.040672
94.545921
144.378967
140.173553
140.448608
140.050018
146.823349
145.757629
141.623474
132.626633
138.164673
139.327911
139.281326
141.456329
96.669624
99.525963
142.952072
142.053772
145.659607
145.126999
145.731491
141.775696
138.119766
131.157898
138.938461
145.967331
142.059067
138.307617
96.404617
98.953697
148.623108
142.980835
144.629745
153.193695
154.157349
143.446793
143.203888
139.862427
139.445847
142.354080
133.134995
138.064087
93.375015
94.332886
142.414474
141.744659
142.125153
142.058701
147.304779
139.677155
138.025116
138.539413
139.774719
137.038666
135.148773
134.127121
91.649330
89.468674
133.348877
139.720505
143.580688
140.040436
135.540237
135.871567
140.775574
141.148102
140.161926
138.654099
134.749878
135.693741
95.504616
53.546387
84.724709
87.786186
90.030426
90.186371
87.083725
86.264915
87.240387
84.268532
86.687469
85.183327
88.166222
87.813950
57.839989
66.806870
98.710091
96.137482
100.093460
102.899208
101.543579
100.568329
101.792648
101.537621
96.812363
98.992798
101.481087
100.194901
68.309456
97.352127
149.190308
142.369278
143.443771
147.500900
147.388138
147.424194
149.978745
149.940369
146.888153
144.394379
145.257202
150.266357
96.810165
96.395798
143.038116
140.157196
145.976837
148.493027
142.386520
143.691879
146.059052
146.849396
148.333344
144.699738
146.285736
140.157745
96.056778
99.316513
143.694382
142.225723
142.414978
140.950500
143.503616
144.794678
144.190720
145.007797
151.632339
150.041107
146.694366
139.459351
93.963860
97.297546
145.962326
142.931046
145.015869
140.754196
144.010178
143.591873
144.285477
146.731308
142.996780
145.292023
142.908127
140.242783
96.595879
94.444244
151.609756
143.462585
142.742249
137.520355
139.478943
144.699890
147.904190
146.258560
149.407867
145.197632
143.508148
144.349030
94.715149
96.525383
148.429077
145.679016
139.744690
136.000015
137.942200
144.265259
149.979553
147.116882
147.801392
147.246307
143.726471
148.335541
102.030449
93.624191
145.854111
144.242996
141.610672
135.483627
138.327332
139.271713
146.851334
144.598099
139.390961
147.316711
143.778809
150.339600
100.461670
98.039734
147.099487
146.048462
148.836746
145.814880
145.101471
142.496918
148.692490
143.784851
142.532776
146.751068
147.711639
146.040039
100.172340
104.208542
150.428024
148.182190
149.948639
153.634705
154.858398
145.673569
143.015503
141.002792
141.043076
145.322266
147.109711
146.144989
99.172112
102.896667
149.938141
149.169952
150.429794
153.761429
155.190765
152.523071
146.082657
142.463455
145.904495
146.072098
146.852173
140.362854
100.173035
97.509781
146.678024
144.823792
146.069977
148.600021
150.594772
145.688171
146.880173
142.349533
149.233276
143.492081
142.730820
140.301758
96.520203
90.103027
140.483932
139.108490
147.570724
146.373993
140.725235
142.810776
146.835236
144.394516
143.960770
142.521362
141.370987
146.752533
98.237900
59.344379
91.854721
98.069847
99.006660
96.305779
89.806175
93.778183
93.437660
93.843338
93.369186
95.030518
91.973145
95.440094
61.733894
66.542732
97.651665
99.878517
99.556076
107.187584
101.512573
102.784012
102.044830
98.905540
102.326309
99.810173
101.262863
102.811249
67.225647
101.416451
148.588806
146.833267
145.165939
152.168900
152.359039
151.212097
153.318741
156.037323
150.845688
150.328430
147.290543
153.240601
101.881378
101.483208
147.889603
148.245209
152.092896
153.104126
149.818924
146.429367
148.357376
150.734344
153.049194
151.026810
147.547836
150.107727
98.496902
98.546738
148.791519
149.747238
142.349884
143.973801
146.467499
150.193787
147.765823
147.623688
150.799057
151.817596
151.687057
146.265549
97.213272
94.889565
149.637360
149.973907
142.436462
145.481171
147.878815
149.115234
149.316574
148.735306
146.613235
151.746567
151.766449
143.438095
96.973129
99.264023
155.087952
143.764038
144.950348
137.458862
144.894821
147.710968
150.595078
153.267441
146.329254
145.106400
147.165070
146.278763
96.773567
95.829765
148.491684
144.755768
147.260437
140.088287
146.404083
146.646973
149.940689
152.461136
150.498627
146.808365
146.730911
150.569839
100.779427
96.461617
149.284744
144.775116
146.859390
139.051697
146.645691
145.931000
149.425095
148.728073
144.831268
149.612747
147.074265
154.797852
101.230774
97.783752
151.549683
148.360107
153.887344
151.141022
151.172241
144.685867
148.523834
146.378723
146.166321
150.527542
150.440521
151.550537
102.967690
101.928650
154.325104
154.818268
152.700928
155.921021
154.820343
151.196106
146.184875
143.480865
141.625336
149.549850
152.889343
149.265656
101.530899
103.903999
156.379883
152.419495
156.251465
157.423782
161.673477
155.096924
151.828552
147.884766
149.356140
148.593506
148.353683
147.722763
97.260345
102.769218
151.662140
153.635605
151.364761
153.685028
151.831573
152.226562
153.323257
146.634796
149.740845
151.549484
146.627121
144.324158
100.820778
94.009720
145.304489
143.865768
149.835724
149.585220
147.249939
147.105408
145.980988
150.491760
144.179535
144.121887
144.179535
146.803329
97.196892
58.126507
94.995079
98.652138
98.588089
97.717232
93.751274
95.133606
91.548744
96.912544
95.738358
96.473053
97.299652
97.071251
62.983833
67.068657
101.593948
101.077332
100.663193
106.813454
102.137894
102.853043
101.685448
101.892982
100.019531
102.221298
99.740654
98.708832
65.257614
104.584923
147.447906
143.773346
142.850357
149.516449
150.480728
151.200607
151.090912
152.713409
152.110001
148.812408
145.981720
145.889404
99.137573
101.293457
151.103455
142.577850
140.607285
147.333420
146.571808
146.581268
149.896011
148.908539
150.446747
149.288254
145.126617
147.501846
99.419800
97.105438
147.512619
141.614655
144.662979
143.553452
144.203918
150.454254
146.390106
144.371704
149.117538
148.356323
145.317719
142.311142
96.911713
95.852646
148.655121
145.340668
145.272400
140.701111
149.404877
150.994827
144.859802
145.259644
150.959961
147.890015
148.198578
142.423019
97.002228
99.047997
151.645508
143.491730
144.209930
139.161346
145.116943
143.777084
153.027847
149.338013
144.224136
145.001038
143.595245
142.404358
94.411224
96.988991
146.918228
139.457062
143.727051
137.408936
147.390396
148.891861
152.247803
150.842758
145.564438
145.306778
148.864151
150.263367
99.771431
99.254700
147.031143
143.329453
145.087784
139.805115
143.239746
144.219025
146.219238
145.756454
144.285995
144.642853
148.897980
152.727493
103.357712
99.833572
150.233231
144.945389
149.771362
152.126450
147.117157
143.507599
144.786407
147.951569
142.973740
149.260681
148.514816
148.926880
99.086464
105.464294
153.444260
151.830521
149.189087
154.973221
155.283478
150.670929
147.797012
140.159164
140.844986
147.910553
146.604111
144.775284
97.809975
103.406754
152.979889
152.694855
157.527039
157.375961
158.731659
154.028854
148.046143
147.297134
147.195618
151.886841
148.813232
145.110031
96.559776
100.187340
148.241638
144.765259
148.092636
146.430298
157.020844
148.826050
147.482727
144.891052
152.619141
147.385498
144.947311
143.770645
96.671112
93.854202
140.536011
143.904572
148.112762
150.109497
142.528320
140.301346
141.914734
147.578171
145.268280
141.879150
141.044083
148.465576
99.610680
60.179787
87.691147
98.356750
96.449280
94.399529
93.206680
92.447914
87.386208
90.599808
91.361832
93.012306
92.620499
93.809502
61.061382
64.868988
97.851486
95.056961
96.021439
103.466667
97.085098
98.920013
100.437248
99.770287
100.130295
102.212242
97.591751
101.207291
62.437630
101.180481
148.046524
142.621841
140.305618
148.495911
151.863297
149.970779
148.172638
151.465012
149.873367
146.192291
148.678207
146.663376
95.222427
103.210083
145.129669
143.857941
145.649963
147.028305
142.894516
147.548920
144.370270
148.982117
146.448776
149.951447
143.368988
145.523331
92.902832
101.237076
145.520477
141.188446
139.649155
141.680038
142.995529
143.373016
144.598007
148.992981
146.225906
148.610489
147.282303
144.082870
91.147659
99.288994
145.753342
144.297409
140.858948
139.134949
143.567963
150.000351
146.025421
147.198929
148.035797
149.537445
144.386093
140.677612
92.174812
98.232391
147.911041
142.435257
140.863174
136.899918
141.949219
144.008438
145.887787
146.974350
144.935577
141.293961
145.560745
142.269699
92.604431
94.344696
149.493774
143.345612
141.297806
136.319229
141.332077
146.689346
151.067368
146.771301
144.563843
146.001709
145.659149
148.979660
93.836388
99.367409
144.884613
144.794907
141.281067
138.202850
142.477859
138.867950
142.962463
143.378723
141.386047
144.241714
144.290970
147.768829
94.441017
98.820534
148.306549
143.148193
148.379730
145.930847
148.718582
148.431763
145.275177
144.670700
142.493225
143.660736
147.088333
146.949295
97.614624
106.565056
152.225037
147.480728
147.677704
151.032944
154.309601
152.834152
142.491745
139.650940
140.254013
147.914459
148.428146
142.741760
95.604965
106.340454
151.949295
149.990082
156.462463
156.573563
156.461609
151.108719
150.848129
147.530838
150.701553
145.820587
148.382385
142.759033
96.014038
103.030388
148.542206
144.537384
148.977036
146.587463
149.378174
144.199707
143.616302
144.896210
143.488968
141.324554
138.835480
141.569366
92.689285
97.487061
141.454788
144.098602
146.553101
149.097748
142.553177
139.977280
142.058914
142.406281
146.605301
141.337036
139.873230
142.282791
95.930878
60.085247
89.671089
94.139969
96.881126
93.091347
91.097946
90.332809
88.035820
91.645966
90.750923
96.112259
90.708450
91.263374
60.478893
59.440659
93.155411
92.904648
92.124367
96.067848
92.581894
92.795502
94.116058
93.079987
93.758270
90.021385
91.470192
93.291046
63.004902
95.138817
140.834717
141.429306
137.776321
146.065811
142.463776
144.318039
145.612427
148.964188
145.263535
140.832977
142.518112
141.558792
97.411743
94.889572
137.469116
139.085739
139.759705
141.635117
138.348755
142.108200
142.389816
138.787064
147.687317
141.014450
142.012634
139.198883
93.593567
93.433212
140.386490
141.403610
138.021698
135.436615
142.442886
143.401932
139.693802
136.509689
143.717819
140.980682
139.603745
137.499756
95.279457
89.931458
142.485428
140.543518
138.491745
139.272385
137.826218
140.054138
142.168655
139.280685
143.986572
142.171677
143.240295
140.536362
93.504166
88.238945
140.525726
137.443939
135.387131
132.875519
142.793472
145.201782
142.963440
143.432404
139.352493
140.230515
138.914536
135.862503
91.146439
90.969780
139.253738
137.132050
137.988800
131.198257
135.257904
143.496201
144.894623
150.238907
145.387772
143.286331
138.175201
145.112961
93.765121
87.895821
138.798096
136.156769
136.842926
133.828064
136.604401
134.160446
142.597916
140.926498
136.294052
143.036819
141.031769
145.784546
99.744751
96.007233
142.302338
141.996582
141.558090
140.814240
146.533432
139.944046
142.510361
140.747070
141.644318
140.829315
144.235779
143.384171
96.343956
93.957550
148.589264
143.309967
146.347580
147.890594
152.384033
145.874710
145.994583
134.588974
134.886810
141.910583
140.819397
139.259735
96.531700
96.052284
147.490402
144.236511
151.003174
150.128632
153.639954
149.294235
140.692627
142.125931
142.639694
143.218094
140.359818
139.983719
95.152519
95.056984
141.246796
139.765305
143.529739
143.855881
150.214249
144.125381
140.707245
137.692978
144.408905
141.105576
135.777756
138.464584
93.267685
84.973839
143.848419
137.221725
147.797836
141.923859
137.902435
135.533707
137.733887
140.436310
137.053696
139.921829
135.720078
137.509399
97.070580
60.235912
94.036888
96.578018
96.125389
102.185532
92.580093
91.847549
93.901657
92.713112
92.452568
96.093422
94.313400
93.537712
60.592163
68.483604
98.423149
101.303566
101.446884
101.864182
97.992836
102.690041
99.588509
102.532059
105.542183
100.597900
102.693192
100.048340
63.655899
101.073502
143.737442
143.642487
141.854355
148.345474
148.558670
147.135529
148.649506
153.210129
151.213669
148.022064
146.462082
146.903748
97.247559
103.090553
145.404266
144.343063
142.180573
147.636459
145.144455
145.441376
146.559265
147.622787
148.993546
150.480545
145.062698
148.025116
92.779922
95.687393
146.889252
149.863144
141.460358
142.045685
144.821594
146.414307
147.360168
143.952179
145.536743
148.363342
148.009583
144.496994
93.356544
96.188271
146.430359
144.653595
144.023392
140.388412
147.781158
146.409546
146.896118
145.053955
145.970032
150.236710
147.868927
142.909302
93.198685
99.933945
148.306824
143.866333
143.921280
143.780975
141.608795
147.379608
149.913651
149.931305
145.965363
149.118637
146.074966
144.023285
91.491638
94.282555
146.222961
142.176971
142.401642
136.910538
146.662231
143.002274
152.138657
152.768188
144.481171
146.976349
146.628540
149.394806
95.514496
97.066925
147.584427
143.938156
139.891983
135.744095
140.000778
146.448807
145.962418
145.611801
145.740402
146.286530
145.118515
150.890488
99.975372
102.143272
144.757721
145.900864
150.342850
152.639771
148.790115
148.457214
148.761429
142.508789
148.447357
145.141449
149.122711
148.919266
97.852280
103.167381
152.134186
152.032135
150.406830
150.921066
153.537643
148.884399
143.289825
139.778305
144.544662
149.078522
148.057510
144.534119
98.056046
105.903687
152.979172
149.971207
152.954559
156.860596
158.479156
154.367188
147.238968
144.862930
151.208954
144.111526
147.593216
143.787949
94.864571
101.127937
146.927063
146.618607
150.364304
149.802673
149.005814
149.336853
146.855301
139.675400
143.427383
144.352615
140.931915
143.632111
96.350906
94.969269
142.794769
145.140991
149.332413
153.373749
148.348862
143.422546
142.614532
145.224365
148.321198
150.589890
138.533218
147.378540
96.255615
59.492077
92.844109
98.467262
97.516792
98.858658
92.081703
96.870773
91.762558
93.814545
95.410072
94.127151
93.643394
97.560684
62.457878
65.166138
96.119804
93.345047
95.488434
99.124847
94.753181
98.607101
95.632553
97.075798
96.380013
97.558739
95.987244
95.483391
60.791565
95.887794
144.514084
139.903671
141.626007
146.927155
143.012451
148.159912
150.283066
148.878433
145.809692
146.768463
151.316452
146.371262
98.256584
99.366440
144.912537
140.543396
141.984619
144.925262
143.632217
140.771454
145.191208
143.204926
143.487350
146.065506
143.189026
142.497894
92.948158
97.948692
147.624252
144.410614
140.105835
138.203217
141.386505
142.943146
143.158981
142.666931
145.635910
146.073181
144.138412
140.353561
94.239258
93.680374
144.675995
144.784836
141.396469
139.660477
145.545151
145.725891
147.986649
142.566849
144.585892
145.212189
145.578339
143.961319
94.177483
95.463150
147.291672
141.770004
142.136536
134.300034
139.827271
144.151749
144.424561
146.096481
142.927048
140.717743
140.839981
142.043671
90.859756
91.923088
144.809021
139.887817
138.641937
134.286179
143.018051
142.788788
151.455688
147.658432
142.428101
145.405914
146.365005
149.170242
97.518829
96.827866
144.099442
141.361053
140.910706
134.670395
141.669235
138.018265
143.832184
140.759018
143.563385
144.232880
145.440109
150.566010
96.440071
98.432007
142.703979
144.713089
144.470032
147.076172
144.204315
143.796738
145.278610
141.524948
144.383621
143.915848
143.563080
144.563354
97.817581
102.047104
151.547852
145.789368
148.594406
148.141922
150.557434
143.455292
142.192261
134.457962
143.514038
144.718796
144.943817
148.821609
99.868126
104.949661
151.391113
147.793091
153.479691
154.077408
157.265808
148.202759
147.159744
145.004456
144.894730
144.364288
145.857391
140.683380
95.372726
98.974594
144.342667
144.821533
145.844437
149.937714
152.021255
146.042633
143.457565
139.031494
145.590790
145.747879
138.842697
140.838165
96.188179
91.566322
141.252609
142.363739
144.828827
148.058624
140.739716
142.430206
142.622421
146.124451
144.459991
143.204941
137.154053
144.827835
92.101913
59.980209
92.113159
95.002129
94.166107
94.331680
89.281410
91.711349
90.689774
90.103493
91.422890
91.613419
89.997757
96.246506
63.204056
68.685242
97.006638
98.956894
95.810791
102.744072
99.729523
100.012924
102.748436
101.819023
101.534927
98.798370
96.823494
101.462692
66.696724
99.010254
143.430298
141.836929
143.761841
154.457077
146.808472
150.004486
146.722763
148.034348
145.827637
146.377029
140.517670
148.149124
97.063904
97.950645
144.957092
141.098282
142.340378
148.071823
142.679306
144.088623
147.511703
142.323196
147.791931
148.397415
144.842987
147.194077
95.206818
93.992020
146.449921
144.259628
138.724075
138.862885
144.283081
144.563324
141.984680
142.007080
143.233856
144.859131
142.803818
138.912628
95.614967
92.647842
144.646225
142.141327
144.550751
143.270752
141.331787
144.849838
145.658920
141.542343
142.074905
143.110519
143.116974
142.930847
92.880692
96.608963
147.395187
142.783722
141.833862
137.099792
140.521759
144.567337
150.618240
149.553467
145.000290
141.116547
140.970612
144.357574
96.878227
89.739281
140.924332
140.966461
141.993500
135.178238
141.605377
141.804489
145.866730
145.092712
140.926849
144.596146
145.873230
147.302765
100.047455
93.648659
141.528519
140.018860
144.971344
138.817947
138.844009
138.675903
144.210373
143.043289
137.066681
144.844528
143.093582
148.397186
101.737434
94.758514
148.736588
142.035004
149.771942
148.550415
145.566025
137.761887
141.264740
138.554352
141.209229
142.460510
146.796005
146.716827
100.598541
102.173065
150.377426
147.613907
147.964142
155.289948
151.316391
147.199646
141.483398
137.412079
140.224670
144.927841
148.405029
143.002777
98.579498
98.124107
153.347824
150.948212
150.215363
153.582214
155.364624
150.537064
146.657654
137.866302
142.815353
146.536438
143.500610
144.844131
95.339737
95.578728
147.479675
145.151749
144.285202
147.158920
151.514404
146.329788
143.595139
146.188049
145.932785
143.066452
140.445587
142.302948
96.576653
92.001678
136.585388
142.666412
148.011429
146.393433
142.632172
138.938126
137.271088
142.560074
138.441574
141.912979
137.325272
142.693329
99.261169
57.237328
90.427002
99.699135
99.199753
94.244095
90.044029
93.912537
91.198326
95.321892
94.101906
92.895226
93.071251
91.823212
65.530258
68.672005
93.605659
94.687637
91.228401
101.621567
96.940681
93.309395
98.660599
93.579002
94.300476
96.345497
93.765724
95.980598
61.323936
99.075577
142.598724
141.208755
144.764618
145.955765
147.073120
147.520782
146.517441
150.169495
146.904297
146.715958
142.017166
145.626328
99.069283
102.808289
147.125458
140.212051
139.464645
145.311157
142.841934
141.021408
144.858200
142.306732
146.661362
144.661499
146.717224
141.923370
99.146027
96.439545
146.972717
137.044571
138.996414
138.521210
140.692261
136.904449
142.251282
142.773575
144.341309
145.826813
142.559723
139.508179
95.697090
93.198395
143.460876
141.889603
143.769547
137.931671
143.692230
143.194016
145.457275
144.229614
144.488037
147.090347
141.716278
137.325760
92.704597
94.692039
145.768814
141.952118
138.514587
132.639526
139.467209
143.904114
142.740067
144.515778
144.358734
140.282211
144.682037
136.907547
89.323013
92.607384
144.557648
141.514114
141.481888
136.910095
137.022461
145.725433
148.043488
146.015167
142.437851
144.815918
140.062408
148.078583
100.305389
98.874138
142.779663
142.428513
142.074646
133.771484
136.109970
140.721497
141.845657
140.742340
139.782349
140.922028
145.350464
147.966324
98.028839
95.824677
145.689789
145.152878
143.779694
149.308228
147.816818
142.792374
148.010437
137.118927
140.617157
142.509476
141.456345
147.893936
99.077003
105.208763
149.601501
144.675430
149.205719
148.397141
152.316956
145.099762
144.607529
137.234421
136.467850
147.035629
145.021347
145.405396
95.895256
102.833878
150.076965
145.518539
149.729050
153.336273
153.370895
147.173080
145.437836
142.138550
146.930878
147.351776
144.722656
142.191513
96.416351
103.801895
147.657745
145.026733
143.262100
148.500198
151.662872
146.629929
142.525391
144.009140
144.520676
147.640839
140.741470
143.144806
94.802277
97.071869
135.282761
143.767105
146.450409
146.906952
141.411667
146.370010
136.869690
143.719147
143.096176
140.848450
135.325775
138.817795
95.300446
59.361626
96.851624
98.729561
98.445930
94.514404
93.256012
92.930077
93.687988
93.341248
96.544731
94.175751
92.399872
96.777596
66.563751
65.915733
99.824753
95.258286
99.136726
102.344437
100.156113
102.009583
101.707214
98.817001
101.360153
102.512604
96.771088
99.691116
65.846184
100.105850
144.656708
140.707672
141.432480
152.212265
145.329529
148.342163
151.838928
149.027008
143.910385
151.116669
141.232773
145.318130
95.722916
99.944191
144.218155
147.643982
143.893478
146.469208
144.924316
145.221207
142.841415
146.503448
149.714966
148.513824
146.983704
144.678604
92.062050
97.864883
144.889374
141.102341
138.393539
144.034195
141.035553
146.491562
143.623871
142.102051
147.441406
144.137375
147.317047
142.545944
95.250542
95.621826
147.864502
141.460052
140.320068
142.967163
143.837173
147.602615
145.275528
141.112854
144.813904
141.846741
144.949432
145.243774
92.262497
95.367950
147.247589
144.561447
137.916824
134.246490
142.701416
145.146790
148.179565
147.853027
146.440445
145.279083
142.298447
141.964203
94.901871
89.785965
140.912979
143.377396
137.887451
136.112427
141.712158
142.645645
147.137390
143.843170
142.694275
147.777054
144.881973
146.548401
98.450607
93.843048
144.060959
142.143936
141.437927
138.094879
137.392685
139.428589
143.379440
142.981400
139.699905
146.449799
142.451675
151.911697
101.147324
97.766205
142.767822
142.833374
147.661942
147.958054
147.620941
144.088669
145.057022
141.547440
141.463333
139.798447
144.659882
146.188858
100.294472
99.706482
151.177292
147.270462
147.460892
152.458618
149.075562
146.187012
145.613480
138.410446
139.318970
149.151886
147.457611
149.042297
95.014618
100.234932
151.286606
149.588608
150.676712
155.230881
156.600769
151.126617
149.621979
142.069305
146.493896
144.262085
141.853088
143.215561
99.608513
96.013092
148.456268
146.227432
146.788177
146.083984
151.472305
144.795273
141.947861
141.865585
145.895721
148.003403
142.544418
140.465790
98.573959
93.384758
139.672745
143.140945
149.339630
150.154572
140.238754
141.604050
141.306076
143.125061
146.681717
143.344131
141.337494
141.695465
96.945816
59.851807
89.464592
95.191574
97.588554
99.112091
91.149612
94.751808
88.881668
92.325287
89.686417
93.885674
92.829880
94.088715
64.361069
67.013474
94.625519
93.915787
96.673836
101.524933
100.051788
100.294014
99.881355
97.109978
99.029770
97.614861
92.990143
95.015396
64.117226
102.791107
144.460373
146.925598
146.898407
151.420349
148.682220
148.612350
150.415512
152.148224
151.179688
147.735794
146.872726
145.747375
93.988327
102.397034
145.235046
144.993408
147.060028
147.754120
146.495758
147.872757
147.861710
144.997681
149.201965
150.901886
148.157883
144.111511
97.493088
99.192253
149.692001
144.521088
142.452988
144.843048
146.525055
146.557632
146.781433
145.977081
147.527512
143.760025
144.867905
141.518921
93.743500
94.316010
150.654266
142.081604
138.590149
144.777176
145.025986
149.196793
148.896484
142.033325
148.654144
148.323456
146.276443
141.457748
95.283012
97.593346
149.439896
145.594482
141.576630
134.322174
145.497330
143.364319
148.891846
149.511642
143.290756
144.836884
143.267685
142.779480
91.416374
95.177040
143.476501
142.671097
138.533936
139.015961
142.745804
144.618454
148.596054
149.053436
149.347061
143.416245
146.250320
147.946899
99.335373
101.782013
147.692062
147.273163
142.560455
135.986450
142.238647
142.916183
144.681335
145.743286
146.036667
149.453217
146.653046
150.183853
101.258766
101.824783
145.984100
143.636383
150.840530
146.602112
148.887497
146.378860
149.352783
142.204269
145.995270
143.535217
146.940170
148.643280
97.974197
103.487389
154.126419
147.248306
152.448273
151.616577
152.512985
151.095535
148.044159
139.079498
143.050461
147.592682
141.929657
145.454056
98.062645
103.893288
152.406372
147.881332
153.255661
152.125854
157.516617
151.102097
150.146927
145.008545
149.577438
147.755341
144.724228
146.148178
97.077255
101.079536
151.078674
148.162033
148.503647
147.424988
157.598053
149.216934
145.754440
143.436447
147.564087
149.273346
139.442230
141.249664
94.689934
93.317253
140.223541
145.745834
146.825485
150.649017
141.938919
142.744659
143.081345
151.110764
144.240128
147.132965
142.404312
140.953445
95.721260
60.660686
96.374115
98.856071
100.137299
96.728111
97.173561
96.205437
95.248291
94.110382
97.587921
96.266266
94.925705
98.708336
62.704559
68.332893
98.172729
95.183899
97.957062
104.310715
97.356506
99.024139
99.739700
101.290878
101.161865
98.187164
95.490265
95.002930
60.619995
98.786430
138.593292
141.154953
139.711868
143.776627
142.420731
146.637741
146.069321
145.984497
143.545273
138.896576
141.933075
145.803543
97.151817
97.847488
140.434784
139.065262
139.615692
144.693665
142.472198
140.590149
142.388229
143.009933
139.816345
141.371964
139.247269
142.625732
93.752945
94.051826
141.397354
140.287354
136.992920
139.607498
140.264450
138.652847
143.261993
142.356262
145.586243
142.088272
143.603256
136.647385
91.414070
93.324951
140.385406
140.664413
135.529526
135.728790
141.980392
144.730408
143.490814
142.706161
142.864685
142.001358
140.288574
138.876694
92.436295
90.510780
148.129425
144.262451
138.390060
131.115967
133.970764
141.849670
144.712372
144.060440
141.015228
139.769928
141.549500
138.544388
94.188194
89.403999
143.335434
140.579102
136.893005
132.132019
136.776657
139.237503
146.344818
139.420685
139.271973
144.140747
139.951279
144.132263
97.433838
94.620834
142.245132
138.867676
139.796310
130.045227
137.965012
136.871780
140.221420
140.317062
134.198364
140.158310
143.059570
146.441666
96.610138
95.571060
143.263840
141.538391
140.504196
140.568161
146.700241
145.426971
140.806259
136.677505
135.564163
141.104568
140.232040
142.637115
98.003944
97.953171
144.151840
145.246292
143.914581
144.175751
148.539597
144.435745
139.627716
132.513153
136.629257
139.539459
140.068665
139.018677
95.647423
101.082329
149.363159
144.026581
146.408508
151.067505
151.600525
143.248291
146.332184
138.340637
139.054596
146.370071
142.795746
137.863953
97.656647
96.401810
142.741516
141.093842
142.893021
142.145370
147.613342
140.415161
143.072372
138.323074
141.512146
141.207550
136.113113
137.559875
92.906128
89.373367
140.602966
140.133698
144.973312
138.599396
136.274399
137.936829
136.934021
140.086426
138.099792
136.839127
136.798416
142.801743
98.713837
56.336086
83.890854
88.729721
89.100708
88.716484
81.708435
83.407745
81.773140
86.880814
83.355652
85.996964
83.255028
85.351120
57.056755
71.670609
96.000870
97.683189
98.554420
104.774910
100.726425
100.301514
100.238525
100.329971
104.376862
97.929794
99.118904
98.208221
68.577858
104.683968
147.740936
142.171021
145.918137
150.985306
151.175446
150.037292
150.492111
147.138672
148.627686
147.713470
146.622772
150.019196
99.065384
106.057205
147.486588
140.972336
140.329742
144.744217
148.171112
142.174545
148.954224
145.226852
149.390167
150.816177
146.798859
147.887360
96.343216
103.653183
148.560349
144.027252
142.226807
140.602158
148.762527
148.718307
141.800858
148.603485
148.535416
148.106842
146.007858
141.208481
94.694252
100.774536
144.962372
147.068726
143.675339
139.880981
142.692062
146.209518
146.168106
140.767242
143.943939
148.989197
145.294815
143.499725
96.469193
99.748756
148.802155
146.487335
140.468994
140.148972
145.305878
147.687271
154.483414
150.463364
143.281128
145.045074
138.860535
141.733597
93.852585
100.847992
147.888992
142.422211
139.510178
131.903534
143.683350
150.730850
150.580841
153.540649
145.796661
144.387100
146.353455
148.151459
99.722649
101.573257
146.113617
149.269241
143.765900
136.623138
137.910187
141.641205
145.186111
142.506683
144.672531
143.625427
148.615326
151.128647
99.547272
106.227737
147.866180
143.932129
148.841965
145.012497
149.536682
147.427170
152.650879
145.944916
145.780411
147.482483
143.264694
149.357834
102.185760
107.527962
152.659378
148.354568
150.656281
151.099792
149.388367
150.617798
144.783646
141.330276
141.956177
146.723114
150.160217
145.466324
98.903885
109.829857
153.701965
151.720444
153.166992
158.539291
156.898331
151.914734
148.287994
145.258240
144.986588
149.233704
148.042969
145.573456
97.671150
105.737350
150.404160
146.094391
151.301636
149.128510
152.474472
146.475937
145.844177
143.578644
148.010895
143.990814
142.388367
143.670654
96.111923
97.907280
139.696762
143.650986
145.504120
147.623962
144.686050
145.936691
140.345718
145.484726
146.309113
144.491669
143.217377
144.699661
97.431213
63.263489
95.125725
99.120956
99.046486
94.299675
91.384041
94.115463
97.855721
92.474686
94.274857
96.924095
94.419426
98.658531
65.865128
70.532356
100.370819
97.597443
102.323433
104.872749
102.607597
100.336861
100.951309
102.165802
101.348892
103.102341
99.223610
102.036057
68.285728
100.631897
146.489929
146.737137
143.078369
152.835281
150.431320
150.376602
153.375824
152.496964
149.253281
148.161972
148.344025
146.338913
100.305237
103.393677
145.211548
146.021332
146.003616
148.386765
146.322250
147.573013
145.744003
148.231293
151.320160
151.518509
146.231064
150.414566
98.405167
100.015541
146.767975
143.810898
144.229507
145.069336
146.746292
149.250183
147.773666
147.845764
148.442764
153.088745
148.323120
147.517456
97.855042
99.776779
148.860550
145.994537
147.246124
147.136414
147.027084
146.778641
147.814453
147.061646
148.503647
147.479294
146.740173
144.540710
95.277092
99.896248
152.209641
148.939072
145.372162
137.314636
145.271683
146.978195
150.003769
150.018524
144.637085
145.496796
147.323212
143.901611
97.494217
95.935211
149.147125
143.794174
142.549515
136.990051
141.271561
147.607986
155.355530
152.264221
143.762146
147.148514
147.819885
150.838364
96.936485
95.116272
147.705246
143.311295
141.277145
137.069489
146.868881
144.801682
145.027023
145.571259
142.442490
143.445389
147.487595
153.359741
102.509979
104.020912
151.314148
149.430588
153.122421
149.954102
149.499283
150.176331
147.578842
146.655884
149.750900
147.507599
149.446640
149.556244
101.009865
104.909256
151.321793
147.903656
151.105499
151.985626
152.661667
153.767487
143.670563
141.006042
143.733871
146.756149
148.543915
148.405502
100.162941
104.344788
151.459549
153.954727
153.423294
155.215790
157.281448
159.625275
149.670639
148.190933
150.398727
147.898102
147.678879
143.307495
97.247375
101.601852
145.441818
150.456223
150.180130
150.847992
150.925339
149.071793
143.517197
144.003128
150.177078
149.438507
144.767319
143.755692
96.641068
93.464516
147.618591
145.245392
150.000366
146.609360
143.213196
144.434189
143.488937
148.761780
145.080154
147.067963
141.384155
147.639999
96.166351
60.179512
93.290504
95.390457
95.604660
96.277985
93.632240
90.662888
92.224243
92.304749
93.960342
90.936905
95.209526
96.558472
61.853336
71.322655
98.131660
101.900856
98.933723
109.136711
105.802040
101.543053
107.658806
102.879051
105.543076
102.565575
102.882271
107.520905
67.251740
104.800934
148.548630
147.091339
147.389435
156.676086
155.046783
152.184860
156.245316
156.475952
154.872833
153.788986
150.051880
153.645157
98.744255
104.055519
149.380585
146.845551
146.892792
154.876862
148.876648
148.960083
152.027908
148.721161
154.745026
151.502640
150.309021
147.620651
98.197968
104.685059
150.629105
147.931702
147.355637
145.848572
153.093262
146.882721
147.711670
148.802551
151.154694
151.750839
151.761368
145.914597
92.011215
103.692352
152.970963
147.386612
146.184967
145.649597
148.184952
148.990997
155.592270
150.518921
154.658798
152.307449
145.474609
145.832321
101.460480
103.952728
153.453659
147.327972
148.185425
143.358429
144.759674
150.251816
155.160339
153.172394
150.094284
151.067657
149.291946
148.160538
96.473145
99.993233
150.317505
145.522049
150.158081
141.125717
151.604752
149.480499
154.315536
156.549072
150.120316
152.704514
150.254257
153.523743
101.403107
98.138397
152.483475
144.527863
147.794281
144.026688
145.205566
145.588165
153.228531
146.288330
147.580795
147.923096
151.233093
157.112869
103.150475
105.716812
153.912979
147.942795
152.289246
152.338715
155.944778
149.682861
150.464661
145.133942
145.351837
148.817749
152.753479
157.711197
101.213135
108.899170
154.325623
152.925797
153.854950
157.228165
158.093750
150.396881
149.805420
145.277832
145.854187
151.921890
150.553482
152.530350
98.639053
105.083710
160.768372
152.896118
160.747330
159.005737
164.457657
155.695602
156.211273
149.900085
152.599365
152.868103
152.427292
151.581757
99.459854
105.879463
152.471039
149.782623
153.631271
151.298920
158.772430
153.559952
150.416595
148.194778
150.121155
146.307693
143.131042
147.189026
98.118202
95.832756
143.514343
145.425140
149.187592
151.330505
147.991959
146.766174
146.934921
150.145340
149.772797
149.126144
145.710205
148.332306
102.816803
61.705750
92.188690
98.889458
101.027000
99.085297
95.758247
97.060684
93.911743
96.098656
95.621002
96.823822
95.432297
96.299149
64.860695
67.141602
93.824112
96.098335
92.039810
99.559509
97.887726
96.940384
97.753242
98.880920
98.888840
93.127060
95.260223
98.380608
61.257359
98.421951
143.486206
138.053909
141.814331
149.316437
144.376663
145.732422
148.127625
146.560516
147.505112
144.780045
142.563019
145.912048
94.200012
102.910576
141.056625
146.018860
142.066681
143.336517
139.228394
141.822464
142.340073
140.626389
143.541000
144.970108
142.657928
142.194458
90.358353
97.613953
143.704208
144.311020
139.007568
141.437256
143.461960
141.658234
140.177246
137.965164
143.310562
146.083176
136.899673
138.724808
92.219681
97.896065
142.748627
140.760498
137.244629
139.455032
140.154572
145.607605
143.610001
143.325638
143.516174
142.062897
145.447845
136.065201
89.311920
98.758797
145.473541
142.351761
139.861847
130.914368
137.611511
141.636063
143.415756
145.754181
139.710052
138.411179
137.477798
139.555084
86.230499
93.298889
142.078400
139.537109
139.155304
133.254654
140.506592
140.712692
143.736877
147.052139
141.764496
144.459503
142.656113
143.341782
93.176323
96.817924
145.544205
138.207474
142.203201
135.480667
137.143478
140.083405
142.874832
139.311142
141.563629
143.304398
143.611481
148.219162
94.248650
97.952301
140.695923
140.373276
146.741547
143.287216
148.208130
143.580109
143.936127
144.569580
139.905716
141.369400
144.134445
144.876129
94.764534
101.189476
145.550507
145.635986
143.594315
146.759384
148.211700
143.829926
142.802780
137.935791
136.976868
142.149445
147.060745
143.482605
92.883102
102.054863
146.110428
145.269318
148.453323
153.899414
153.676178
149.060959
143.650421
140.679916
143.261597
144.902222
145.910812
142.708832
91.237053
99.574989
146.955078
137.768463
145.092163
145.605835
147.568420
142.119125
140.795914
142.417587
143.882721
139.103317
138.550888
136.134552
91.306366
92.771828
139.039978
138.644699
141.975555
144.800659
138.846512
140.979965
139.776230
139.926895
138.533478
138.092270
138.599121
137.377350
94.518486
59.879513
91.394547
95.170578
98.473862
96.343376
88.706284
93.955048
91.019669
93.620300
90.757141
94.327148
93.440033
94.547714
60.542915
64.644386
86.434219
89.642525
90.775497
91.792656
91.301437
90.648987
92.488182
93.474426
91.179634
90.405106
91.394653
89.144363
56.899059
92.668060
133.093948
133.621796
130.624725
136.609512
135.944443
137.035278
142.170151
140.914764
135.895935
134.952377
133.044418
135.236511
89.786743
91.335899
131.193710
133.232025
130.397629
137.303055
137.296463
130.420288
134.188980
136.066315
138.568909
137.163483
133.944244
138.816193
84.949532
89.995529
133.678253
131.381500
130.974442
130.388336
135.873108
134.718521
135.343201
133.470505
134.074966
134.733459
129.935837
134.653214
87.489151
87.233429
136.483246
136.109406
134.589478
131.417587
129.690933
137.888519
135.189743
134.964493
135.891403
136.050919
133.953003
128.608597
86.014702
88.082573
135.700043
134.847549
128.691727
127.558670
133.359650
134.711426
137.224960
134.353851
131.229950
135.518509
134.394501
129.154709
87.274315
89.920464
134.921600
129.996445
127.911423
124.090408
131.084335
133.009872
140.097656
140.171173
136.369873
135.271606
132.627609
134.530151
88.754631
90.022987
135.846558
132.284836
133.114471
126.399193
130.867126
130.249146
130.547302
133.515152
132.388626
134.195312
134.660889
139.439728
90.546402
92.432251
135.264282
134.379669
139.039520
137.321350
134.882751
133.132858
134.745560
131.140640
132.965775
136.547638
132.314606
137.566956
91.248550
95.582291
140.773483
137.754868
138.474670
138.670624
140.644531
133.738388
131.659561
125.972008
133.381088
137.288864
134.713806
137.234085
87.969292
93.843315
137.994904
141.547607
138.025101
145.725525
142.983307
140.236816
135.590134
139.013245
137.498444
137.601044
136.740936
135.026718
90.142746
91.138809
135.952850
135.763672
137.203476
134.535980
136.373108
135.028931
134.482697
133.529770
135.799713
132.817627
128.417114
135.858063
88.142014
87.613708
132.786407
136.790268
137.871292
132.161789
132.941269
132.779160
131.787796
133.434860
131.920868
135.866013
130.628937
131.651703
89.831505
52.518257
82.691475
87.690781
87.358719
87.728485
85.560226
84.405167
81.795227
81.882835
84.045212
87.508492
83.997887
85.833252
55.961140
65.514229
92.060921
92.765732
93.432289
101.571625
97.328293
98.308922
95.241333
96.502220
98.274300
97.416824
96.054413
95.090675
66.290771
100.024094
139.400436
140.863571
140.737137
147.348358
143.144699
149.111984
143.400467
149.404449
142.450699
146.558823
140.984650
144.614334
94.799355
99.010628
143.567596
144.039658
140.239120
148.223511
144.155869
143.433975
141.358246
146.763199
145.405548
144.666611
142.974152
143.641968
92.207481
97.135468
144.410065
143.111481
137.093582
140.813354
143.129135
143.079193
140.490662
142.583801
140.457718
143.176117
139.605301
136.265869
95.515717
92.192940
142.121643
140.991272
139.027710
137.889954
139.890915
144.141907
143.191574
143.675201
142.874329
144.767059
142.872986
138.977615
93.683685
96.958389
146.991562
141.954208
138.451370
137.302673
139.972656
140.742615
145.648178
145.037567
142.932587
143.378204
141.408325
140.418243
91.767860
92.894295
140.584473
137.129700
138.431458
133.800858
138.959793
141.949432
146.193924
150.050659
140.801880
140.998505
142.254837
148.088913
97.933411
92.950302
140.702423
143.065887
140.742325
134.558624
136.517929
140.538940
143.023773
136.469513
141.347824
139.798111
142.400009
149.355850
99.219734
94.851974
140.003632
138.027145
142.704376
144.159729
143.860718
144.082169
142.136795
139.943832
141.521683
143.050171
143.251846
144.972427
97.262741
98.890068
146.123093
144.179977
146.771286
145.578873
146.058472
148.517410
140.178452
136.848190
134.555420
142.337814
141.919128
144.649139
96.244980
102.404770
148.083817
145.905289
148.534729
148.603668
150.933716
145.000198
143.177261
140.732803
145.414932
147.206940
142.713959
142.224899
97.561432
96.909164
142.828156
141.267166
145.861282
145.267303
147.397720
145.124252
141.657837
138.191895
139.329697
140.164688
135.468613
140.766068
95.866623
88.516487
138.810532
142.574722
143.029602
141.309860
137.723572
140.758194
140.496033
141.140701
141.904144
142.820007
141.558182
142.755966
93.432037
57.415527
90.796410
95.369080
94.292114
96.273941
85.508804
93.028992
90.431137
88.777771
89.855865
91.545532
94.820786
91.962296
61.594254
61.738644
92.972961
89.675400
92.684875
97.457695
97.576614
94.822723
93.922401
94.166199
93.190170
96.729660
92.444649
92.429970
60.699333
97.380318
145.850647
140.777756
143.303421
143.301788
147.064865
147.129547
143.544632
149.679443
143.813385
148.661942
142.684296
143.462555
94.740395
94.597931
147.756256
142.487564
138.890656
147.799240
138.258667
139.216446
142.189285
144.688019
143.749878
146.571503
144.642624
140.316483
92.318771
95.889252
144.058105
138.123383
139.211288
136.802261
139.903915
142.307861
141.815613
142.066330
142.913910
145.464417
140.036179
138.453461
94.135452
93.435493
147.354294
142.124969
137.852417
139.832397
140.316330
143.076019
145.442108
141.989746
144.322403
143.083420
144.620529
142.626587
90.609642
93.143623
146.423950
140.908005
138.611389
133.487518
139.462708
144.628006
147.435242
145.513809
142.343124
142.717316
145.082947
140.309143
89.285225
92.084351
140.085480
143.229797
141.320007
133.310638
138.677048
144.175262
146.887268
143.099243
144.071350
143.288239
139.902359
143.130249
97.496796
90.843811
145.433090
142.572357
137.636139
137.960587
140.673096
139.068161
142.251938
141.961960
139.438187
144.420303
142.100616
146.679062
96.695892
93.702133
143.149124
139.054657
145.198685
143.933029
146.722565
144.694962
141.067612
142.650848
141.779648
142.369354
141.704803
145.388306
99.919525
100.372932
150.776810
146.965851
146.333038
148.379883
149.990768
152.587357
138.721466
135.887955
137.084686
144.912842
145.173691
146.588165
96.539391
98.646179
149.260406
146.386154
153.274200
151.426041
153.659988
147.795319
148.443054
142.665100
143.153702
147.501190
148.521042
143.979675
96.869125
97.921043
145.350388
145.176682
142.831238
149.131607
147.731232
146.207916
144.312851
141.568909
143.661865
144.610672
138.624588
140.613342
93.072708
86.275215
140.719513
144.081940
145.886841
142.773819
139.399597
142.271622
139.987137
142.899292
139.343719
144.451324
141.774887
141.246124
93.270378
60.844570
93.281906
95.066818
98.836937
97.808075
94.142143
95.202225
90.184982
94.246300
92.229393
92.181610
96.067108
96.132141
64.334343
70.995255
101.664314
99.551727
103.699333
106.728851
102.209518
104.528107
100.610909
100.602486
103.870682
101.166794
99.925926
100.898407
64.901512
107.191849
146.718552
149.691010
145.568832
150.979553
153.962738
154.872528
156.429443
153.506500
152.776855
155.358658
145.979492
149.939575
94.217743
107.109642
148.146851
147.537872
147.230301
150.022552
148.057007
148.623337
147.559921
149.976044
150.289322
152.787460
150.751373
149.939606
95.893379
106.837448
148.770416
147.006226
146.487930
140.836517
150.502472
146.821823
149.882721
148.678909
151.357193
150.633499
145.645859
143.347015
95.765717
103.632118
149.746521
149.229492
146.183487
144.786728
146.713379
154.204300
150.582962
147.448395
153.303543
149.114395
145.278366
146.824097
94.153778
103.914841
154.710083
150.740463
146.282379
140.039978
147.998077
151.770218
149.545059
155.007690
148.560776
148.867081
149.279678
143.566772
94.465454
101.739029
150.398071
147.251465
144.338226
141.888290
143.233765
147.720352
155.565521
147.643982
148.306442
150.381470
147.509003
150.646698
97.499756
103.982536
151.383545
145.654877
143.498199
143.199158
146.704697
145.694153
150.182159
150.314331
147.722717
147.818024
152.088226
153.949554
99.061768
104.046379
149.449631
147.863312
154.561462
150.286774
153.181732
152.758591
152.106110
148.454483
147.739487
148.272003
152.079636
152.722366
96.166336
110.384804
153.425903
153.498413
150.706741
159.042221
157.623398
156.411774
146.075729
144.406616
145.373795
149.882462
152.085556
151.462524
98.190247
108.667366
154.116226
150.697296
156.281387
161.842133
159.644363
157.205093
152.842773
151.895264
153.875366
152.689545
147.857224
149.141434
100.482002
106.899292
153.662430
150.858704
150.341919
156.424637
158.867630
150.490067
147.059357
144.848175
154.166443
146.830643
141.989929
144.864365
95.101051
98.030273
143.949280
149.020493
149.917618
152.776688
148.153351
149.568817
147.994858
153.455887
150.728073
149.988754
146.297256
147.165314
97.157776
64.093765
95.198364
96.654724
97.312988
96.884933
92.951485
94.010414
92.147049
94.938553
94.962158
94.543259
93.603622
100.269997
63.008247
72.335243
103.219200
104.085503
102.708878
109.821289
103.157089
107.963593
111.206970
105.109383
104.886948
105.413849
104.857780
104.928291
68.373245
104.772171
152.299850
153.200745
149.974579
158.088333
156.405945
154.210403
158.220123
157.633850
157.223740
153.992416
153.598511
156.123520
101.260826
103.523285
151.390686
151.362625
151.375519
150.455002
155.786987
151.256119
151.455246
151.640640
157.905273
154.976837
154.122879
152.413864
100.186798
102.887192
155.273682
146.988800
146.646713
147.151154
148.974045
150.981216
153.229309
152.766708
156.034210
156.101807
150.327072
148.387177
96.343681
102.696747
151.106155
152.121140
151.988464
145.888962
148.535797
154.934708
154.990494
147.503647
151.872803
156.781158
149.799362
146.594757
94.752350
100.721458
153.496292
152.856873
147.381653
143.911240
146.163849
158.553101
153.813858
156.498322
152.986008
150.140198
146.729828
149.424301
96.341751
99.441452
154.661713
149.930725
151.676682
140.551727
148.456421
147.686203
155.100983
157.573288
152.899704
155.073807
151.670166
150.662003
101.424873
101.562897
155.438568
149.300049
148.399689
144.087128
151.038208
146.274445
154.331100
149.043671
147.435913
150.152649
155.119400
157.607315
102.345680
104.160004
155.256393
152.064011
157.764343
155.685638
151.113007
152.304749
153.829926
151.690964
145.990997
153.047974
151.830719
155.977188
102.005455
109.105331
155.502518
155.203690
159.164169
158.297089
161.459702
153.567001
151.842392
143.040924
148.136276
151.937775
151.710800
149.622559
97.935852
110.228569
161.174210
156.439240
160.962112
160.111404
164.960526
156.436493
157.710968
154.448654
153.313293
155.802826
154.688858
156.262070
98.308716
103.576965
153.643677
148.651794
153.564392
157.467209
159.011459
155.719788
153.299088
155.624832
158.747696
152.421066
144.176422
145.485199
97.047821
99.463699
147.849350
148.962173
152.466293
155.094345
147.769897
149.227112
149.795044
148.938553
151.022354
151.639404
144.467117
151.191513
102.142532
63.427322
96.203987
96.592361
97.500648
99.721733
94.735428
91.917984
92.449249
96.314728
94.847176
96.286171
94.020157
96.795006
64.646820
67.323799
92.917152
94.211578
96.150871
101.677338
96.818863
100.558014
97.534836
97.620232
96.554245
95.548370
96.373337
95.605850
63.813126
98.786469
138.753555
141.301483
140.913116
146.990616
144.748962
146.506210
146.365326
143.667480
145.601379
145.886856
143.633560
146.891495
96.905762
97.449936
146.013046
142.290237
140.898376
149.005295
141.484116
142.133804
144.424561
139.740784
142.226669
144.610764
144.620895
143.431305
92.161217
97.378380
142.816879
143.816864
139.692215
138.984726
143.129654
141.592911
142.807068
142.110428
142.281479
145.674103
142.142868
138.182037
90.213669
95.396790
143.754242
141.073868
140.270111
134.056061
139.336029
145.331650
149.339828
143.284958
142.117828
142.574112
140.524338
138.825806
93.784126
95.867622
148.337952
145.231384
135.370987
135.280548
135.625122
143.984955
145.759506
144.953156
141.649384
142.657349
140.563766
143.216949
90.988754
90.841484
140.938263
139.089218
137.228134
131.900452
139.937286
141.911194
150.457962
145.999268
140.849533
141.622665
139.826324
145.140991
96.388237
94.976570
143.273285
141.859009
140.454544
134.177292
139.726105
139.480560
144.016068
141.093674
138.382645
146.193329
143.861511
148.121460
97.751335
96.766998
141.031433
139.122192
143.593887
145.562546
147.800537
145.158997
143.188568
139.032196
142.105728
139.965515
142.653000
147.143997
98.894737
99.503609
147.340454
144.005112
149.324982
145.083374
147.986984
144.575943
142.470657
134.873520
142.647873
144.637527
142.879745
142.646469
95.259323
100.221893
148.999542
147.415878
152.672882
150.362335
154.520340
149.569763
145.478165
141.734085
141.727951
143.497910
145.838715
139.408722
94.791473
100.003304
147.874649
144.777451
144.175583
145.314880
144.300735
142.802383
144.127655
142.754059
141.722260
139.660248
138.552460
141.483032
95.072037
91.757408
139.708008
140.314362
144.532928
144.417221
141.768005
140.209381
140.591644
140.658264
138.797913
143.645065
137.279297
142.573349
94.468925
56.339859
85.696159
90.828407
90.718376
89.786919
88.946297
88.297348
90.454979
91.066872
90.629242
92.735603
91.084145
92.031311
61.268661
66.250343
91.300377
92.823624
94.182472
98.695740
94.171814
95.855812
96.829758
95.936844
92.950722
97.198357
95.085876
94.178917
62.818687
98.027008
138.471756
137.954666
138.552078
144.800064
145.817688
141.874588
143.248627
143.572632
143.056168
143.380875
143.895462
147.475723
90.683685
99.018654
143.587036
141.367188
140.328217
139.663208
140.755539
137.599091
138.479279
143.273224
141.598724
143.169418
144.306671
139.602478
92.258369
95.574898
142.861542
135.601883
133.754593
137.566467
140.660248
140.421036
137.524490
140.564911
140.557114
141.364639
140.623627
135.815811
91.976974
97.045845
145.041031
139.534348
137.836761
136.798218
139.470535
140.690201
141.149765
138.632187
139.388596
144.021210
139.380798
135.816284
92.262184
99.557541
145.322128
141.800400
138.425934
133.141678
134.085388
143.714432
140.494049
140.748047
139.710434
139.127441
140.667328
141.268829
88.993279
96.644592
137.891708
140.703857
137.691040
132.361450
135.841125
134.330704
140.940323
144.728195
140.510071
140.560074
141.000137
142.846558
97.087311
95.013184
143.338837
138.809311
140.734497
134.953781
134.974365
134.052780
139.145752
137.945404
137.970718
141.501495
143.190735
144.517517
97.419647
100.352242
142.829163
140.034637
143.503937
143.509003
142.062866
144.250763
141.689270
138.845184
138.772507
140.193069
140.994843
142.393646
96.058258
98.579552
147.498627
143.980118
145.728546
147.718292
147.215210
145.243042
137.012497
132.706497
136.498322
144.864777
144.951370
141.276825
92.175140
99.889618
146.837158
144.596222
149.024582
147.227173
153.106735
145.478973
144.185196
137.702057
142.201416
143.760376
138.834610
138.705536
93.869637
98.646500
142.168228
141.749115
142.785995
143.078430
147.067993
142.521545
141.566086
137.694550
141.343567
140.884674
137.439026
135.917496
92.045006
92.348419
139.023987
141.737152
145.551193
141.883484
134.245483
138.866226
136.035507
138.153534
139.561096
139.483047
137.971619
140.480011
94.565453
57.655323
87.203354
88.320587
93.113777
91.027908
86.783943
87.197495
84.843185
92.707802
88.054489
87.708092
88.878578
86.878716
59.882828
71.433556
100.637627
101.413399
100.359909
108.348892
105.303497
104.426865
103.472198
103.647453
103.786026
100.495529
101.798340
101.176636
67.867882
105.551468
149.809753
151.668533
150.266373
153.577972
150.975830
155.491470
157.754044
155.107361
150.755707
152.557358
148.862061
151.536575
102.251472
103.500916
152.411469
148.267853
146.712677
146.105667
149.017807
146.880386
148.010971
146.234772
148.561050
156.071976
151.605698
151.372894
99.667282
100.440285
154.035614
145.460785
145.798721
144.679184
150.310791
151.879807
148.697815
149.589020
149.372604
152.645416
148.142563
146.120285
98.492348
100.597679
149.579514
149.311691
146.083145
146.372101
148.719482
153.555374
153.083740
148.834381
152.455811
152.597641
151.454453
145.938705
95.380661
101.477699
153.623383
149.457550
144.750809
140.091812
149.149704
149.950989
153.152039
155.127213
145.656998
151.134796
151.048691
146.486038
94.320892
99.194809
147.747360
150.151932
148.183716
137.658875
145.274414
147.504059
156.752640
153.427719
153.173920
150.428101
150.066086
153.849945
104.577454
102.102760
149.216309
146.238403
145.659851
144.911942
146.898376
147.785278
153.431580
149.394882
150.462631
150.504105
150.220612
156.320129
104.854553
103.501114
151.786560
152.895386
153.292496
153.675735
155.960434
148.551956
156.473694
147.865448
148.017990
150.219955
153.499054
154.541046
102.021454
104.461487
154.777374
152.447159
154.314270
158.975632
160.190689
155.363098
151.635864
145.531433
147.201904
151.101059
151.894760
149.250824
100.649628
110.308571
162.000961
153.974289
154.705704
160.714142
161.436829
156.890228
156.322266
149.998535
150.366013
155.579910
147.242432
150.021408
99.579666
102.590324
152.675308
148.688980
154.750595
153.727417
160.802719
150.219879
148.611679
147.496155
152.966949
152.682220
148.473557
144.625916
99.801193
97.540512
143.442200
146.616211
150.172836
151.856766
146.934784
148.503784
146.901749
150.389252
149.968842
150.029327
145.205460
150.813141
101.598206
63.706402
95.642174
101.172737
98.452789
100.020569
94.067383
96.228592
96.276146
97.109276
95.296051
97.864372
98.386154
97.631470
65.313408
68.834724
99.087753
95.705269
104.374336
108.964439
103.383118
101.715042
100.811584
103.535011
103.055916
101.063255
101.851196
102.466797
66.807747
103.079948
150.231415
146.503464
147.260208
155.437225
155.888260
153.269287
155.609421
151.449860
151.089737
149.779572
152.808167
150.934341
102.346962
102.009743
153.724075
146.242355
148.375183
157.158386
147.378281
150.799698
149.378311
151.216446
151.112381
148.665756
152.333527
148.171188
96.878723
101.342056
154.657288
145.758453
149.781891
143.407990
149.435577
150.229980
152.828400
147.897644
151.837082
150.599930
145.330475
145.011032
98.023582
97.523483
152.214539
148.655914
150.091843
149.704681
150.091400
152.392563
150.631165
149.432999
152.910477
150.897980
150.550980
148.888275
97.404190
101.031143
153.581070
147.481201
147.367569
138.243317
146.939285
149.893539
153.379700
150.964020
151.034317
152.846161
149.814713
144.463806
97.427307
96.272774
149.861923
147.328598
145.054504
137.994629
146.277771
148.127396
156.289062
152.187500
151.178986
154.733154
152.198273
151.535370
100.593689
100.589600
152.060089
151.460495
145.399429
140.580978
144.799683
147.678635
152.625656
147.172302
147.638428
151.258453
151.436325
154.709671
105.082596
102.810455
147.839951
148.989212
150.987534
150.930115
151.038284
149.345276
148.774689
148.146912
149.945938
148.419189
150.523407
152.996536
105.717400
108.242058
157.802017
157.486618
153.465057
151.365036
160.242752
152.049805
151.506439
145.512955
149.894058
152.105316
155.080750
150.582153
101.967484
107.342094
153.830307
155.197739
156.728073
158.566589
160.711060
156.613113
155.085800
151.258209
154.508896
152.811859
150.421783
145.414368
99.501526
101.195663
155.811981
150.447144
152.233276
151.475861
157.147461
149.321625
153.101654
146.069412
151.529877
152.291870
148.598404
147.023697
100.504318
97.237465
147.960663
147.679825
151.084534
150.007797
146.813644
147.600922
151.478653
147.109421
150.083206
150.666962
147.731537
146.307999
101.849503
57.962700
92.849380
96.712959
96.519691
95.028549
93.758881
94.989807
95.627167
93.201118
95.810837
94.139709
93.135345
98.047218
66.971634
68.174454
97.692413
101.708969
100.461884
104.720207
103.492355
103.240829
102.303131
103.675941
105.690979
99.489609
99.885765
100.926208
62.870735
100.398651
150.478775
143.994827
144.529861
155.771469
149.342560
149.111557
148.281982
153.458954
146.710510
151.062683
146.546280
146.993378
92.813118
103.831436
145.004196
142.722946
144.587524
145.727173
144.067764
143.630203
145.942032
145.647308
147.244385
149.881927
150.865967
150.059021
92.911087
96.216461
147.900925
143.210922
139.513153
141.151749
143.602722
146.792847
144.691422
148.107361
145.167297
148.812744
146.581589
145.756027
92.754326
95.031204
146.679352
143.211441
141.137375
143.696960
146.878754
146.254333
147.831924
143.976273
146.583572
148.168091
144.352615
148.244720
88.875275
94.758263
151.910858
145.228745
143.958084
136.162918
144.617661
145.092148
152.706787
145.800598
141.660614
146.550491
144.964554
143.826508
92.672409
95.983879
143.974564
138.984253
144.998947
137.586746
141.594543
148.517593
151.228149
148.509247
143.405289
147.458633
148.189087
148.682861
97.206871
93.766541
143.476852
143.768082
142.821503
139.662735
142.958191
143.134979
149.353928
143.307129
143.098831
144.808685
146.657669
152.349335
98.459976
98.082611
151.858047
144.596176
149.239807
145.543945
153.372910
146.961151
150.847336
145.291168
141.842377
142.019272
149.110443
147.290176
98.791611
102.171921
149.666092
150.246918
149.158157
153.290253
155.609390
150.716660
146.286423
140.527969
143.899826
144.963837
146.229156
147.549683
98.118996
101.073547
153.172836
152.607666
154.463196
156.117569
157.284393
155.565460
147.411255
145.677582
150.248230
150.468338
145.800995
144.871750
94.060562
99.717957
151.344406
145.751740
150.199463
150.341888
153.592194
147.259811
148.541199
142.185638
149.161850
147.147903
140.354355
140.126480
94.800224
93.080940
143.777573
147.382034
147.356644
149.982941
144.777878
145.075867
142.852798
145.821579
146.419601
140.952423
142.354858
142.713715
94.348396
59.841820
91.252960
97.736511
99.000572
101.704620
92.763580
94.151649
92.288925
96.063232
93.972816
95.751465
94.307175
97.364037
63.226837
74.098869
104.011459
99.389496
103.556747
108.113014
102.346420
103.602661
107.075592
102.279510
104.821213
103.945602
101.617241
103.789742
65.271545
107.503555
147.868164
149.962601
147.688248
152.762573
149.496246
151.879303
154.984619
155.634338
150.473679
150.808701
151.502899
153.968491
97.675880
102.741936
149.778534
149.267227
146.046890
153.676727
147.637039
148.785507
148.037750
144.076233
152.122971
152.212051
152.198959
147.011780
94.740387
101.925995
149.248230
147.885254
141.562988
146.373947
147.514603
146.806656
149.868225
148.104828
148.020126
149.026520
147.211212
142.698090
94.807220
102.774063
148.522003
148.165436
146.018860
147.253281
146.022018
152.324585
149.905762
149.420975
148.014999
150.077530
147.387451
146.847137
93.482521
104.680290
153.101181
146.873596
146.851929
137.687576
145.693130
146.870422
151.973160
150.951630
145.587967
149.444839
146.513321
145.930817
95.005981
100.741287
148.172256
144.674835
144.834396
141.113373
150.059860
145.692581
153.672989
151.916092
147.166046
149.643463
149.470093
150.466324
97.302711
104.017914
149.703629
150.378662
147.593781
140.447357
145.051712
146.123154
150.537827
149.939133
147.431595
146.960236
148.422241
153.373535
97.883575
105.885437
150.324127
146.658203
150.310349
148.076126
154.091583
149.455093
151.395523
145.895706
149.496948
151.806580
147.585373
151.725189
97.545059
110.888962
154.921448
152.481491
151.013031
153.424011
154.850388
154.443405
144.735046
140.240463
142.679932
153.535141
151.820694
151.289459
101.679771
108.892593
156.475021
153.800858
157.573578
160.506012
159.985809
155.540558
150.028107
144.963181
153.493256
149.591476
150.145599
147.859360
95.188522
103.731575
152.475220
147.919556
152.833298
149.337952
155.033875
148.244644
148.586441
148.266251
147.711975
147.174774
142.804153
144.523285
95.860123
97.150429
146.038315
145.864105
153.209213
149.257462
144.400650
149.540970
144.809799
148.214172
147.676346
151.386444
147.344177
145.528992
96.413017
63.320568
92.086472
98.911255
97.491844
95.067932
94.053261
94.382401
94.773636
96.194839
92.263000
95.691612
94.677612
98.951096
62.984306
67.564117
93.711754
96.130188
93.596794
99.885101
96.731987
94.924942
96.086327
97.928772
98.731834
94.549149
96.975822
94.551437
62.850845
97.672180
142.109665
141.873062
135.687195
146.275742
144.355438
142.503479
146.701904
143.903519
139.089905
143.554596
139.491119
143.565247
88.160576
93.121056
144.386734
140.434814
134.671875
141.723389
136.337967
142.783432
141.389893
143.642883
138.600769
140.857544
141.285812
141.358353
86.921440
92.451401
141.880020
141.502335
135.904373
131.832947
136.972412
137.770279
136.549088
133.981522
139.885635
139.388641
136.063950
135.421021
88.757416
89.740425
140.610931
143.006271
135.381439
133.502426
140.980942
141.656281
141.864502
140.893143
136.505905
140.086945
139.884644
135.252136
86.645981
91.952118
141.667603
137.604370
134.190353
129.050720
135.111145
140.341248
144.905807
142.045258
135.808884
140.270554
134.785522
134.761169
86.001640
92.140419
139.421417
138.803314
138.630493
131.258438
136.007217
139.659164
142.482498
142.354752
142.086502
135.938461
139.400986
143.990906
90.355629
95.269310
143.260727
134.994965
135.776337
130.029526
134.618988
135.288727
141.744034
137.321487
136.301468
138.444595
141.736359
147.517319
92.528221
95.809029
139.250931
137.007767
142.772064
142.626038
145.969177
142.038208
140.853470
136.244217
138.572845
139.688736
139.915009
138.454773
88.303055
99.175163
145.550171
142.118317
146.080536
146.593628
146.512833
141.883408
139.701050
131.499451
135.325958
139.979202
142.207626
142.429993
89.470657
99.170883
146.613174
146.351700
149.756042
148.237244
149.391632
144.866074
144.460663
143.304672
139.220352
143.837402
138.501236
139.669724
89.204193
95.506462
141.691696
137.622498
143.249908
143.786865
146.593231
139.808228
142.270874
137.643692
140.771896
142.805374
135.324158
137.105896
88.762215
91.242050
139.247040
139.909424
146.229156
137.891342
135.858368
136.456711
133.925735
138.717972
139.423538
135.958252
137.652023
135.549942
86.935997
59.265549
91.342918
94.241608
92.662766
94.895874
89.667915
87.225662
90.405281
90.447327
91.848633
93.609253
90.963013
90.155350
57.062634
62.595375
89.473038
91.912796
93.992416
99.990585
95.047615
94.656868
97.069244
96.544617
93.944794
93.448761
93.781044
93.570396
56.247307
93.386574
139.659149
135.156067
136.353729
141.863571
140.830826
141.166763
144.347809
144.779861
138.871353
141.701431
138.787827
138.180252
91.769234
94.937195
135.058807
140.447037
139.238693
139.641739
145.867554
136.126282
138.388611
137.752747
142.977234
136.562531
135.678040
143.059113
88.361855
90.676918
138.168213
136.905502
134.195984
137.433929
139.802887
139.798538
140.029236
142.187088
138.398041
138.876740
136.867310
139.633865
87.462883
92.263641
138.354141
137.448639
136.392410
135.378540
141.117447
139.607056
139.030029
139.250061
142.416031
143.083099
138.628860
136.916229
87.783890
91.395065
142.839111
139.752792
134.987244
131.521744
138.981812
139.054199
141.708054
140.657394
139.757050
139.668259
136.450516
135.152161
88.874069
91.323532
141.336716
135.052719
134.883682
131.661438
132.340927
137.766663
142.217407
142.401825
137.921799
136.899979
139.139496
144.465515
90.896774
94.402809
138.626694
138.872955
136.026993
133.374390
137.481506
132.829803
139.044785
138.050186
134.247101
136.844681
142.524368
146.344772
91.253830
93.826553
141.923065
137.246826
141.166046
139.203720
142.384979
138.642502
139.157776
135.090454
135.901398
137.642456
134.708313
139.233368
91.884354
97.436279
144.063766
145.320282
143.709366
143.872787
144.209625
142.933044
136.582703
131.819946
134.938873
139.829102
141.166473
139.955872
89.937599
98.132431
144.239975
138.358643
146.881836
145.683807
147.489502
147.535019
140.595963
141.467834
142.507736
140.549759
137.016281
137.819702
89.863800
93.637901
142.799271
138.934082
143.998520
141.607742
142.023880
140.188354
138.078247
137.814804
140.757812
138.554077
136.316513
138.149719
85.915558
86.014030
132.642181
139.791306
139.833038
141.581024
130.401276
137.387817
135.373444
139.867645
138.634369
138.273895
137.262405
139.271454
88.728920
58.962292
87.424988
88.685905
94.417191
93.534653
86.062820
85.091614
87.443520
90.519226
88.508682
90.233154
86.310600
91.264153
58.871529
69.572723
101.286377
99.595772
101.785660
108.527275
103.397087
106.411514
105.455002
105.466103
105.440475
107.661858
104.278793
106.397217
67.994492
102.316254
151.333908
152.324371
152.750916
156.901184
152.600937
156.179291
155.678909
158.324036
153.703094
154.249695
151.684097
151.714417
101.652946
103.991280
154.478790
154.018097
149.732712
153.052765
152.785583
151.936569
150.557495
150.032944
155.156265
153.489471
152.886108
152.618393
101.331551
103.272682
154.662140
150.775955
146.512024
149.818314
155.280960
153.487061
151.883820
153.692398
152.893082
154.380020
150.976166
152.807190
103.303787
99.997414
152.949081
152.321213
151.511810
147.073792
148.261444
153.296570
153.661560
148.222992
151.823105
153.696335
153.495911
147.346054
97.619972
99.478470
153.083771
151.678970
145.547272
141.177597
147.840927
154.692139
154.245926
155.758713
150.382751
148.494919
150.073090
147.356903
98.010368
98.434509
157.529602
148.921844
148.193924
139.911835
149.477844
154.191254
156.854843
153.256317
154.664612
151.835342
150.178406
157.721497
103.369461
98.428024
155.236389
149.205032
148.312897
147.054993
144.344574
146.162415
153.031754
147.562668
151.598450
153.869614
153.317337
158.363892
107.395508
104.296707
157.782166
155.673676
155.913635
153.751465
150.292084
151.123734
153.882721
151.614288
152.564423
155.379822
152.497971
156.957367
108.280579
107.140366
160.501282
155.118164
155.535400
158.293533
158.468475
153.114609
149.485031
145.058670
146.468887
152.154449
155.518738
151.566620
102.138649
109.119736
157.557053
160.211914
156.830597
163.048798
166.052521
160.646103
155.095428
147.203781
156.762421
152.860306
151.010910
149.212585
101.697693
103.536140
155.871780
152.753082
156.439423
152.004562
159.982559
154.868179
156.826065
153.886795
154.581024
151.065521
148.372681
149.314102
100.304031
99.227692
148.313583
152.177048
156.059738
156.060303
149.571167
148.786728
149.988617
151.758499
152.108688
152.026413
147.750107
150.693878
104.701660
62.113811
96.779846
101.768463
104.827957
100.393616
96.906403
100.450699
95.933693
96.965378
99.555504
101.433395
99.739960
102.590477
68.385666
67.568069
100.066330
98.722939
101.088821
104.931374
104.146675
104.876007
99.782303
102.443527
104.083893
101.138123
98.455582
97.888145
65.366013
98.499893
137.013657
135.762177
139.514648
141.951492
141.567490
143.645920
139.396088
144.150726
141.875458
142.982178
139.663330
141.588043
95.557503
96.600655
138.724792
137.650787
136.452209
145.986298
139.532547
136.794357
138.458130
143.431641
142.581268
142.572006
135.956161
138.516678
88.095734
95.960800
142.314087
141.423401
132.986420
137.644867
138.611465
139.511047
137.133606
138.843719
138.656998
142.807526
140.546997
139.269165
89.801247
92.804626
140.288437
137.229065
137.010590
133.753937
136.822937
138.418655
140.893753
141.035614
138.681168
139.031342
138.402100
137.833588
88.007774
93.115707
143.110199
134.956604
135.834396
133.708176
137.618454
138.001373
143.444275
143.333725
138.095428
137.675339
138.247910
139.995270
89.510300
94.527275
138.590225
138.570099
134.311127
129.007980
134.685425
135.903320
147.185898
141.989624
139.422012
135.913986
142.041580
143.343628
93.799156
93.879570
138.141663
136.920349
139.592468
132.235947
135.303665
137.864685
140.141129
138.934601
139.047760
138.578476
137.276031
147.672150
96.992401
98.081177
143.683868
142.074219
142.323303
138.863235
141.335327
138.483643
140.614899
137.055710
138.536682
138.351654
140.646423
142.532440
95.893326
98.367271
142.512650
142.348663
146.986938
146.225250
145.625061
141.440933
140.132385
133.771500
136.565353
138.249237
142.423187
138.115692
92.954842
99.944130
146.801361
143.097534
143.675629
148.985153
148.693939
144.316727
142.775848
141.120392
144.661499
139.049881
140.961945
138.434906
93.669067
97.127892
145.783966
142.903580
142.501816
142.957443
144.895691
142.708557
139.608734
137.519058
137.184036
139.330460
136.982101
137.289429
92.556961
89.934547
136.508957
138.264328
141.661438
141.413620
138.634598
136.915939
138.655975
140.724274
138.712204
137.839767
137.951706
137.209778
92.406204
56.252155
83.884109
92.220680
87.126877
89.785919
85.555557
87.047417
86.687485
85.913757
83.834000
89.872421
87.448730
91.196472
59.122910
69.258743
97.011848
94.013268
99.099823
100.731194
97.747284
98.936729
100.725830
99.170387
99.787613
96.444672
94.885986
98.450493
64.845581
101.545113
149.628525
144.675674
142.877045
148.283875
149.059174
149.037170
152.134598
152.897949
147.894928
144.742264
141.982880
149.078064
95.031944
102.819717
143.442413
141.310516
143.626648
144.420212
145.689774
142.305588
143.935394
147.896133
149.637039
148.175980
145.742722
143.309586
91.406029
102.688980
145.793655
141.101761
142.852036
138.959641
142.773621
147.901993
143.986359
143.918930
145.734818
149.570587
144.096786
139.936813
89.276840
99.119209
146.560120
143.379898
145.741211
141.140411
144.986755
146.363754
145.355072
145.230118
145.460327
147.359802
146.441925
140.284698
89.310852
102.047012
148.812592
144.790756
140.609207
137.542099
141.850357
143.587738
150.182907
147.852066
141.189148
142.562561
144.987961
137.823807
93.175682
98.800346
146.207428
143.844055
140.857391
136.541718
140.222488
144.676544
146.623871
147.083298
142.186890
146.172119
147.687012
144.986298
94.569572
96.121902
143.489807
142.958588
138.633957
135.403717
140.015762
141.813400
146.605438
138.217224
140.746506
144.430206
147.590775
150.299637
100.717461
105.018166
146.284256
147.143845
145.204712
143.294785
147.514999
143.130585
144.870300
139.616745
143.549286
143.908066
143.737045
146.483353
95.366989
106.249680
150.009506
146.661865
148.033752
147.950119
153.119736
150.118607
143.359772
139.680115
140.338074
146.411469
144.447937
143.924149
96.472992
104.728752
150.774506
146.840286
152.684769
152.211029
156.650238
149.836349
144.697128
137.892517
147.326096
148.128052
144.919937
145.822510
96.477386
104.696404
149.547791
143.355347
144.771118
145.131775
151.745300
147.763580
141.189163
141.860352
147.220459
143.135422
139.229660
136.757111
92.548843
96.575989
142.010391
148.952759
146.425583
143.663544
140.573547
142.060730
139.896683
141.436813
140.431381
142.912079
136.501266
143.540619
95.513481
63.272274
89.482681
96.619339
97.702888
96.780495
94.486710
92.813812
94.912033
93.504082
93.573097
93.044662
91.209648
92.910576
61.660278
65.608536
92.022141
92.179703
92.055817
99.294571
94.487526
98.152870
98.784569
94.045471
96.996597
95.222946
91.671791
96.999245
61.977871
97.494232
146.245224
143.129440
139.184341
149.220139
150.231491
143.659836
151.210358
151.342377
145.624390
148.631134
139.500244
147.534744
97.615395
101.494415
146.591522
141.888412
144.766754
148.135910
150.280823
142.338608
144.170486
144.333527
143.495682
144.972977
145.440292
144.425018
94.788170
99.076195
144.858444
141.205750
142.036240
136.701889
142.481155
144.269730
142.648972
141.047119
146.917801
144.345154
141.535645
143.147018
93.366486
95.163010
142.776550
147.344055
140.579819
141.928162
144.172424
142.546524
146.029083
140.102448
145.064514
144.104248
142.293137
139.776962
91.264046
97.583939
146.416428
143.924240
140.557968
136.710663
142.455032
144.834457
148.362839
143.663193
139.495499
143.987274
140.639587
137.177261
92.294632
93.620102
146.061234
145.776978
141.900757
137.550018
140.816406
140.390945
148.462540
145.063858
144.697281
145.504410
143.044312
146.760208
98.426727
96.019577
146.765503
142.911438
142.339569
133.873993
143.061478
138.326920
143.625473
139.790680
141.028366
144.234100
145.162994
149.864395
98.157547
98.859306
143.460770
142.723953
146.716461
143.709671
148.865906
146.486877
143.106583
138.209534
139.904968
141.982559
146.192673
147.507690
98.355347
104.620216
144.986664
144.976196
148.189850
149.948502
150.451721
148.183563
144.291061
141.578903
139.466003
144.326950
146.219177
144.024628
97.157738
101.868576
153.971497
149.782532
147.501801
153.431274
155.658035
146.612045
145.000641
143.366776
142.824081
143.642151
141.551941
139.559753
94.464462
97.425148
149.468887
143.178986
147.243591
148.418488
149.496674
138.669510
147.216812
142.905029
145.360504
146.649948
136.802597
139.621033
96.172607
95.544098
137.426056
142.833069
145.924225
147.506180
142.474976
139.010895
135.276917
146.988922
147.243484
140.140305
135.722031
140.763031
99.567200
61.487141
89.640427
93.634483
93.511147
97.294991
89.156403
89.298721
90.505142
90.650040
88.965103
91.970764
88.617599
93.599533
64.136238
67.971497
95.745956
97.846542
100.145477
103.143951
99.201065
101.011490
102.931839
99.282288
100.374664
99.094307
101.666885
99.509560
62.725021
103.055725
147.718246
141.068726
142.316605
150.274307
148.634567
149.662903
152.452118
156.600800
149.328339
150.220795
147.814148
146.742996
95.399948
106.129013
147.258026
147.525284
143.002518
145.394501
146.027191
143.346436
146.353333
147.150665
151.957962
146.779648
144.030548
146.505585
92.198410
100.825638
147.373871
145.534729
143.769485
141.121460
141.144989
150.755112
145.248688
143.728027
145.782501
146.324921
147.504532
146.138794
89.600243
98.683441
146.123459
143.171753
144.780975
141.450226
144.332550
143.881073
150.318588
147.048264
144.987015
146.527954
139.781830
141.115250
89.703972
100.942558
150.246933
143.614578
139.616211
136.056229
143.985474
141.750153
147.995163
144.796600
142.842651
146.803085
139.273071
141.321472
90.686447
99.961945
147.601028
144.136612
143.315826
135.807816
141.500854
146.819443
149.395020
150.968765
143.507935
144.326721
148.884460
151.809494
93.608864
98.102959
144.194992
140.955170
139.668198
134.058487
140.751297
143.477615
144.208542
142.508179
145.461945
143.660065
146.462036
149.057678
97.587738
101.803619
147.791565
146.415787
150.049957
146.225739
149.515594
140.565994
146.078751
142.596420
144.500320
144.135635
149.182999
145.379333
97.495415
105.194946
149.574173
148.439102
148.379105
153.046097
154.619400
151.413361
142.179825
142.547745
143.801773
146.061935
147.426102
145.983185
94.207748
107.150604
153.031952
147.184326
157.595306
154.494873
158.813278
151.652802
147.633881
144.030090
149.674042
147.278625
146.612640
143.785339
92.352592
103.247139
148.866409
149.391815
150.086029
151.317322
152.166473
152.388214
145.429108
144.532394
146.532715
146.705307
140.173615
141.334381
90.960907
96.365196
145.394531
144.134430
143.159241
146.361191
143.557587
142.140259
142.951233
147.796600
146.436646
145.479630
143.360748
144.361420
92.492706
60.563988
92.269806
98.193939
100.174141
99.061028
92.933144
96.257393
95.182854
95.780777
94.677673
96.906586
96.449326
96.187973
64.817360
68.800095
99.456360
99.072067
102.921646
105.140137
104.368797
104.424088
103.833786
102.914162
103.760162
100.763779
103.720230
101.553596
66.712761
101.194725
150.645569
145.957718
146.166077
152.968445
147.455948
149.579926
150.593796
153.952133
144.167740
150.860992
146.149704
151.033661
94.047066
101.922852
149.764450
147.260239
146.182510
150.414780
147.502487
147.239517
147.641068
150.139160
153.508987
147.537903
150.915817
148.981567
92.422760
101.099243
147.535919
144.795624
141.781158
142.591629
147.831024
146.542877
147.363678
146.351105
151.174805
151.626999
149.984528
147.526077
93.319839
98.604828
146.181152
141.737381
145.052109
143.188934
147.402649
149.424194
151.358673
148.273834
146.866516
145.335617
148.323837
145.644653
90.888596
98.864609
151.347137
148.690842
140.966049
138.883270
142.416290
149.757294
150.804138
147.400436
148.987625
151.355804
146.437042
142.331558
94.781197
94.607849
143.421021
145.557755
142.528900
139.947968
145.611618
145.987030
153.478058
152.380768
147.386108
146.064056
146.414734
149.752914
98.128983
101.783806
148.658356
147.794739
142.027634
139.409012
142.275223
141.391418
147.747177
145.790817
144.015472
147.266632
147.734985
153.539612
100.550735
103.830460
149.182465
146.271271
151.082062
148.591324
152.393463
148.450058
147.189941
144.338684
144.887054
144.385834
148.297150
146.116119
97.059067
106.315521
153.503418
150.361252
152.892578
151.840881
153.375061
151.606354
147.845200
141.875809
142.465027
149.089691
150.843323
147.043030
96.601685
107.821869
152.946854
154.342346
153.224426
153.854538
159.335617
151.062958
152.888626
143.220154
151.397278
148.577209
144.154739
140.909470
96.844673
103.016899
148.479004
148.180511
153.548721
146.708145
151.426102
145.834534
147.413422
146.472717
145.707184
145.573349
140.805511
146.268738
95.244087
98.036957
141.135727
146.767899
152.462143
145.419891
144.624420
143.282639
138.870956
146.933792
146.881088
142.956177
142.575912
144.116837
95.854141
59.985374
88.518349
95.396439
97.807785
95.240273
90.878212
93.765762
91.892235
92.071320
91.304398
92.656723
89.864326
95.876137
66.103462
59.899910
91.271088
91.572121
92.224472
100.483322
95.308495
90.529755
94.515244
92.926521
95.238564
92.855957
94.060486
92.764359
62.019165
96.164536
139.353943
134.520020
134.157379
141.250854
140.057816
145.735916
142.151825
140.786804
144.239365
141.328522
135.656067
140.116257
93.921280
97.479286
140.163025
137.636887
140.100082
142.354706
138.229660
136.213669
141.032578
138.070526
142.684677
138.849609
138.247208
138.581772
92.369904
93.755005
137.206268
139.798141
133.174652
133.462097
139.638550
139.286514
137.335449
138.319611
144.116364
140.063538
134.813004
137.263626
90.490051
94.808456
135.502823
138.223419
134.170959
133.627960
138.397934
139.709671
139.789978
134.839920
139.890457
141.906326
136.259109
137.042404
95.568855
93.343925
139.937790
141.646652
133.536469
131.851990
134.097626
139.940430
139.264709
140.084137
142.184998
137.514008
142.435089
138.505707
89.463074
89.002289
136.742416
133.792496
133.931915
129.272537
137.478561
137.687195
144.113968
140.785919
133.533325
139.296051
138.875763
140.433807
95.037422
92.891083
138.083771
134.085953
135.929367
131.555267
133.993530
132.511063
137.218246
138.539185
135.509796
135.117767
137.406189
142.085999
97.047913
93.939621
141.843552
137.207397
140.367508
142.367615
141.234909
139.280457
141.004883
141.297150
136.181152
136.054489
136.124268
140.946030
92.795334
98.633728
143.561920
141.288483
143.568695
144.291382
144.289719
143.505020
139.838730
133.061020
134.400787
138.221985
140.689255
139.013275
88.703857
97.519936
144.155533
141.106094
145.985825
150.083649
149.366638
144.681610
141.631775
139.309067
143.549500
138.429504
138.332138
140.967957
93.642815
95.903908
142.773514
138.365372
138.652176
144.806961
141.898422
142.731140
139.375977
137.335892
138.954880
135.911118
135.182373
135.044876
89.288765
88.377991
133.535873
139.746643
140.786118
141.974838
137.263779
139.339767
133.431030
137.234161
137.462921
137.121140
133.235519
139.851318
96.053619
54.788921
82.768997
90.538109
88.024071
90.811523
85.040779
85.392532
84.722260
86.606506
86.083252
86.218353
86.735016
92.160454
53.914700
64.440735
91.013733
94.740784
96.107819
100.132240
97.609528
100.217621
99.718628
96.813927
95.230080
98.930382
93.256378
98.689575
63.813911
95.366737
141.193451
141.399445
139.544800
141.970505
148.158508
147.157562
143.338699
147.157013
145.931519
145.194183
136.938828
144.610931
90.052612
98.838089
146.313568
142.547012
140.629913
142.161926
139.190430
143.252014
142.233170
141.527481
143.647064
146.165665
143.135300
141.462341
94.688866
94.882889
144.573761
137.739548
136.212814
137.476517
141.651703
141.080032
145.864090
144.161011
143.351227
144.345139
139.643311
138.878906
93.055344
96.160110
143.171249
140.388916
139.689743
135.507996
141.244812
143.711487
146.110062
141.552597
141.113632
143.283417
140.454865
139.350616
91.353554
95.442024
147.284485
141.960541
139.774719
136.205154
139.134552
145.002823
143.655533
143.230560
138.443405
138.930054
142.501404
136.150360
91.630028
91.903679
141.112564
136.477768
135.119675
133.031906
136.777237
145.584808
147.877960
144.239151
144.637939
143.134521
142.209961
145.503067
94.979828
95.100578
142.733078
139.896881
143.631027
132.678452
137.073029
139.012497
142.453308
135.817139
138.498306
143.757004
146.035400
149.611603
99.794762
95.683266
145.232590
141.786209
144.897263
144.807190
147.004501
139.382935
140.145233
139.802368
142.703308
143.132263
142.754211
142.752472
97.704880
100.624039
147.760239
148.686127
146.231583
144.884232
149.150085
146.042679
140.623749
134.076385
138.083801
143.432556
146.752335
141.852203
93.560425
98.017601
148.453537
145.845108
147.202484
149.718597
154.762177
148.213089
145.438675
141.727936
145.915283
144.532288
141.376740
142.048737
96.755501
97.057602
142.949677
141.464172
141.610184
146.905243
147.477676
145.722580
140.909729
140.555832
143.631805
143.698212
138.738510
141.336349
94.273514
90.280762
138.179886
141.932449
142.046539
145.337311
140.773987
141.303085
137.027420
141.980301
144.093201
139.480362
136.358170
142.304733
96.040878
55.247002
87.844902
90.056549
94.003281
95.998108
87.774635
88.677284
87.934464
89.930298
88.234116
92.534439
91.058266
90.681061
62.457481
71.088554
102.317284
97.233803
103.847763
105.965553
103.036690
102.013474
103.822937
103.057198
102.356255
100.884827
99.159500
102.270782
63.408100
104.769226
145.235107
141.737610
140.306870
147.900467
143.070801
152.056274
148.210419
148.877258
147.379120
145.901703
144.587662
142.572556
93.156380
104.078888
144.322159
142.169968
140.026901
146.991257
141.838104
140.462067
145.416718
143.415237
148.499817
144.847351
142.964096
142.480453
93.611565
100.186966
142.221451
139.510773
139.504425
140.007339
142.113541
143.296585
139.714264
143.499542
143.390823
144.539825
144.020859
140.216995
94.473892
98.464149
143.282516
139.477264
138.245224
139.823410
141.211975
146.494507
145.157913
144.451004
143.130569
140.557892
142.952209
136.755676
86.733780
99.591415
143.877487
142.767654
136.015701
134.295731
140.933594
145.771088
147.856110
144.214844
141.096054
139.450287
140.941788
139.782669
88.848618
95.807487
142.490509
142.655579
143.791229
135.701691
139.067459
138.993988
147.680573
144.389908
137.018005
142.577026
140.438309
148.445923
96.138245
96.321732
143.756042
139.828201
137.359940
137.879501
137.008636
137.633545
144.483246
139.881393
139.611435
142.277817
145.140091
144.478653
97.797935
99.376846
145.036606
145.964523
149.382034
145.876770
143.990631
143.465378
144.084427
139.186707
138.520691
142.568756
144.498413
146.597244
96.796417
109.670990
151.224564
149.067017
149.066650
151.188141
148.739731
147.884079
144.784851
133.711899
139.955322
145.207703
146.165298
141.855942
93.214005
103.536301
148.782806
144.214142
146.316467
152.079330
155.533966
148.150757
146.371323
138.640793
144.942947
145.057373
145.530258
140.718170
96.072495
102.550400
145.027252
144.149994
145.788849
147.671326
148.588409
142.958588
145.152985
140.353165
143.149384
143.288986
142.263733
140.805786
95.591698
95.414864
140.492920
143.256592
144.768173
144.390106
140.763184
142.604355
140.456192
140.565857
138.309097
140.208069
139.704330
138.557312
90.602425
59.348148
89.776932
93.318626
96.878593
92.887703
91.729340
88.120850
91.649796
92.992508
89.751640
92.893303
93.142075
95.409004
62.785046
65.828125
97.875763
100.348572
99.780113
101.443649
101.225983
96.532997
102.312439
101.643204
97.681091
99.431458
98.382324
99.336533
62.868126
96.018082
143.297302
142.412216
142.432312
144.429245
148.439011
145.537582
148.283707
153.752289
145.452057
144.386719
144.105865
145.783295
94.819366
97.987442
145.888718
143.314102
139.704742
146.602005
143.448776
141.739288
142.123337
145.567917
146.473099
147.138260
144.046173
145.083069
91.896431
96.898376
144.410416
139.172943
138.072906
143.033676
142.744537
142.446533
140.741074
145.506516
145.052826
146.322098
141.775757
140.732269
93.543396
93.734528
146.599533
147.260101
140.792480
140.319275
141.949234
144.521011
146.352386
141.821655
144.980835
146.171234
144.934952
139.554504
92.303360
94.045097
146.704315
144.487457
139.871674
134.815445
138.908081
139.250854
145.136169
147.267166
144.350479
144.386597
143.744934
140.135773
92.694672
93.034447
145.075287
136.030884
137.481995
131.747833
141.980164
140.837219
148.064026
148.193130
141.911224
146.019012
142.880737
149.888519
93.450096
95.571533
140.313828
143.357391
140.947174
135.530777
137.963150
144.195953
141.977097
145.468185
141.164795
143.029694
145.516403
147.541397
94.176605
97.290924
144.630951
144.806595
143.802780
140.494781
148.861435
143.425201
143.848862
143.531281
140.937592
147.370377
138.593384
145.826584
98.599197
102.896858
150.901917
143.535477
142.697693
147.157227
150.925369
148.271072
144.817932
136.544739
139.870972
144.737854
145.426956
141.081085
97.921402
101.408852
146.644424
147.426163
150.961472
152.788559
157.576263
151.494034
149.171188
143.109131
141.571854
145.231949
139.560654
141.189896
94.814430
95.771843
147.279236
143.178009
150.970673
144.104462
147.429779
146.024689
142.692780
141.807587
146.193207
142.518265
138.126099
143.749191
92.252762
92.470596
135.818909
140.471359
145.578217
143.416382
141.315063
143.060379
140.720016
143.244171
139.187378
143.907608
136.933273
144.393738
94.958557
56.640026
88.030388
92.892418
95.543495
96.135551
89.265785
89.915215
88.881363
90.219902
90.082664
93.435524
90.694359
93.454506
61.827816
65.366142
94.885704
97.989151
96.137589
104.183441
99.583809
101.136620
101.908539
98.696548
101.779564
99.705261
98.757683
100.171936
61.907600
97.349625
144.523178
138.526459
142.454941
147.965744
145.345032
146.583984
147.832184
149.717072
147.721802
146.353546
140.451492
144.295456
93.771309
97.955849
143.653275
142.117508
141.069885
141.264664
142.669830
140.744644
145.009262
143.320541
148.164017
149.280441
143.404297
144.616272
92.973999
92.203102
144.891510
144.314438
138.445557
145.851913
144.273422
140.459869
145.534088
141.330917
144.409073
142.819580
141.379089
136.328644
89.133896
96.278793
143.284912
140.914307
143.498749
135.813446
140.170563
147.441391
144.135895
142.469086
143.858536
145.719040
144.086731
141.875000
87.983658
92.159409
148.463531
144.995300
138.630875
134.688416
136.407806
144.350052
148.938507
142.949509
142.895767
144.391769
144.799866
143.612000
89.378365
90.680664
144.651001
136.326065
140.148026
135.827850
140.028198
140.608536
149.865387
144.630692
141.154770
142.403885
145.038773
147.045303
93.823143
95.596756
141.038300
143.200089
139.887375
133.160553
140.967667
141.280060
146.061096
141.434082
142.331635
143.722107
143.638687
147.647476
95.987053
93.887596
141.425720
141.815643
143.422562
143.047806
151.158447
141.983353
143.054230
141.964600
143.583344
145.015030
145.678482
146.033356
95.163788
99.902451
148.968246
146.278915
148.390549
144.924469
149.349136
147.458344
141.882843
138.631088
140.684448
141.126038
146.887863
143.661224
94.413605
102.722862
147.911530
149.503387
151.745483
152.646942
154.923996
152.842590
144.647308
140.386581
149.560059
143.406387
142.366318
143.918976
94.557106
94.523132
148.603928
144.606796
145.509323
144.133408
149.671860
147.688263
143.488937
141.024139
145.281998
146.741119
140.910828
140.121704
91.104263
87.112152
139.553375
145.142838
143.626907
148.145157
140.806747
137.494278
143.402832
142.808151
141.759018
144.371246
140.578781
144.063202
95.074905
55.406242
89.564461
94.867630
94.319389
92.244331
90.381111
88.590805
89.246193
88.662392
90.078033
93.324005
92.689392
95.032173
60.487358
64.032059
91.634415
93.977951
93.874359
102.357521
97.116180
99.527306
97.272095
96.505821
97.521179
97.172653
97.154770
94.113945
62.481781
99.602676
142.851959
142.467026
145.308167
149.824371
145.268356
147.734177
150.082108
149.177338
144.237091
147.284576
145.935760
146.691223
94.374855
100.379684
142.965240
145.485458
141.010651
144.613083
144.958710
143.570282
145.050613
143.150589
148.510605
144.258652
144.873932
145.406937
95.830887
97.083031
143.285461
144.963272
135.987030
143.997818
143.165787
142.380203
144.309647
144.528244
146.598297
144.869812
146.130188
141.860703
92.787422
96.797745
145.626099
142.470871
142.349686
141.972778
144.060425
146.282990
146.729446
147.497482
146.460571
147.158020
144.093185
142.581390
92.744377
95.678146
149.763977
144.283905
138.502716
132.750671
142.013657
145.221558
148.068008
147.820755
146.834869
143.765976
145.166901
140.862274
90.852524
92.883804
144.046005
144.227814
139.381409
138.063522
141.251068
145.607300
149.613953
145.913437
146.580231
142.158524
144.610413
147.617584
94.610832
97.004105
143.002502
141.425095
143.724319
137.774216
143.314224
140.509552
140.606232
143.847336
138.999954
146.422913
146.032211
148.395309
96.387192
96.769554
145.610336
143.876083
145.924774
143.571426
146.198395
144.553665
146.624023
140.767014
140.462250
145.515930
146.929184
148.820984
97.312851
102.379181
155.083542
143.550873
151.730209
147.673981
149.294647
147.425491
143.609863
136.725998
141.996201
145.124100
145.085251
142.376175
94.048309
102.717590
148.349945
146.005096
150.712479
154.368362
153.895859
151.070068
145.463730
140.945694
147.340836
146.301727
143.896454
143.516830
94.817688
97.737396
147.789200
146.498657
147.344315
150.547791
150.414795
144.743881
144.694321
141.122543
146.626953
148.030136
138.580154
140.813095
94.430405
91.823975
140.816238
144.383179
148.405869
147.176743
143.279205
140.474319
139.877762
148.126480
143.736786
142.304108
141.440674
146.197693
94.546196
61.817295
95.009483
96.023621
96.012375
95.699844
93.389999
92.614563
94.779327
93.719994
92.966591
96.760063
91.295647
94.187523
63.209312
68.581680
99.357094
101.997032
102.135490
103.825653
102.972946
104.550461
102.626457
103.851036
101.490158
103.378059
101.359619
103.011971
65.559982
97.546722
141.232330
139.045761
141.190247
148.688889
144.470001
147.772858
147.577835
152.252319
146.241547
148.408905
144.160126
145.591095
90.728928
100.170044
142.942169
144.373413
140.626373
147.860977
141.148087
145.141266
147.340256
144.419586
145.557404
146.535614
145.493958
147.993622
91.171608
95.753288
143.770187
148.254272
138.837173
142.314163
141.543716
144.751694
141.921753
146.210602
147.548569
146.819870
143.186630
141.152390
92.681000
94.189301
141.902222
138.086197
139.069763
143.659103
139.604156
146.727539
140.969025
141.335220
147.741257
142.730682
142.368958
140.228348
91.618088
93.889626
148.772400
144.506302
141.358887
133.781357
140.327164
144.646011
149.747101
145.589798
142.553680
141.040237
145.165329
139.916199
92.652489
94.245514
141.075470
142.911865
138.297424
133.090179
141.961395
141.811569
152.032135
149.259995
140.891418
143.852676
142.749725
147.153656
95.809761
97.004280
146.062973
141.717346
140.996445
133.585526
138.692490
142.564209
143.096069
142.076355
141.746826
144.033386
145.524384
147.715576
98.346603
97.026482
147.795502
141.567047
146.247772
142.883636
148.614166
144.775482
146.617554
142.733032
141.285004
144.600281
143.994553
146.188461
95.650887
98.606636
146.330475
146.374924
147.724487
151.603271
149.412720
145.697128
144.978607
138.864777
141.051819
144.095001
144.371338
144.192947
99.088341
102.841736
151.506271
146.953888
150.417587
153.070175
154.247162
147.293381
148.644928
147.292816
146.326340
148.000931
143.315063
141.472595
94.526619
98.110016
143.437012
146.244095
148.817932
144.099503
151.852844
143.900238
141.737305
141.356857
145.814636
140.919830
139.948334
137.723450
97.778992
91.221825
139.841629
140.138397
148.024353
148.140015
140.649780
142.859161
140.100525
141.132278
141.236237
142.447525
141.132675
140.852158
96.075035
59.951416
90.713234
90.871536
94.100555
93.784554
85.363472
91.950684
89.535530
91.157898
91.836700
93.563629
90.657814
92.028214
59.550182
66.214699
94.260719
93.401917
95.524979
99.835930
94.115807
97.497742
97.010178
97.259476
97.963707
92.291687
95.052505
94.546913
58.865814
98.397865
146.583664
141.031540
139.266693
147.886078
145.391296
150.068100
146.478729
148.374344
148.185440
147.456146
141.285767
142.787292
96.334892
99.219772
144.842880
140.415039
139.695602
145.974014
141.784195
139.947449
143.548691
143.678375
148.976669
143.611176
142.288651
140.930008
94.418671
94.870903
143.837570
138.493744
141.132980
139.233627
143.549744
143.917480
141.116379
143.122528
144.636612
146.858841
143.073105
139.683456
94.110672
93.667267
146.610748
142.851227
141.973755
137.788284
141.251862
140.204712
148.334045
142.612885
145.679321
143.230118
140.675644
141.236221
96.027527
97.017723
150.129791
141.435059
140.501450
132.166016
139.273178
146.024414
145.494827
144.263718
140.821487
143.941757
142.686859
141.156906
93.127579
93.702744
141.003906
140.388565
141.023621
134.415253
142.188141
142.204483
146.791336
151.467285
141.214523
142.205872
142.361969
147.591003
96.522812
94.549103
140.976959
138.249527
140.347244
137.826401
137.249359
137.385086
147.845947
142.629944
137.294739
143.488098
145.426834
146.552719
99.582184
95.740227
144.597260
141.644363
147.548431
143.695358
150.178726
144.533173
147.815826
143.241776
139.116837
143.081360
144.379974
150.654327
99.500488
100.576385
148.964493
146.296646
150.027206
150.198914
151.698853
146.805573
143.859116
137.112961
141.630920
136.747818
142.774124
145.758102
94.768898
100.489502
146.471008
142.374664
150.796158
150.015198
157.454254
152.473938
144.638367
144.992935
140.948425
146.960861
144.168884
139.092468
95.282547
97.675964
144.940125
143.460983
145.787460
146.440063
149.793304
139.554138
143.089218
142.276657
140.818283
142.606094
143.324768
136.125610
94.416641
90.642319
138.185379
142.517441
145.065216
143.379227
140.621338
141.914551
141.474808
141.292511
137.033615
140.446060
139.489487
141.510620
93.721672
60.715919
93.661926
97.136139
96.387733
95.526283
92.111618
93.225021
91.248688
90.376968
92.467026
92.683342
94.229507
93.636520
64.524673