Project,Function,CYCLE,LATENCY,BRAM,DSP,FF,LUT,BRAM_Utilization,LUT_Utilization,FF_Utilization,DSP_Utilization
GEMM_config_M256_K256_N256_UM1_UK1_UN1_ijk_BIAS_False_INLINE_True_COMPORDER_option_2_ap_fixed_16_5_,Overall,17039681,0.170 sec,184,3,2709,4367,10.087719298245613,1.59,0.49419877408056045,0.12
GEMM_config_M256_K256_N256_UM1_UK1_UN1_ijk_BIAS_False_INLINE_True_COMPORDER_option_3_ap_fixed_16_5_,Overall,17039689,0.170 sec,185,3,3040,4687,10.142543859649123,1.71,0.5545826036193812,0.12
GEMM_config_M256_K256_N256_UM1_UK1_UN1_ijk_BIAS_False_INLINE_True_COMPORDER_option_4_ap_fixed_16_5_,Overall,262991,2.630 ms,126,3,2777,4259,6.907894736842106,1.55,0.5066039112667834,0.12
GEMM_config_M256_K256_N256_UM1_UK1_UN1_ikj_BIAS_False_INLINE_True_COMPORDER_option_2_ap_fixed_16_5_,Overall,17039681,0.170 sec,184,3,2920,4519,10.087719298245613,1.65,0.5326911850554583,0.12
GEMM_config_M256_K256_N256_UM1_UK1_UN1_ikj_BIAS_False_INLINE_True_COMPORDER_option_3_ap_fixed_16_5_,Overall,17039689,0.170 sec,185,3,3251,4839,10.142543859649123,1.77,0.593075014594279,0.12
GEMM_config_M256_K256_N256_UM1_UK1_UN1_ikj_BIAS_False_INLINE_True_COMPORDER_option_4_ap_fixed_16_5_,Overall,262991,2.630 ms,126,3,2777,4259,6.907894736842106,1.55,0.5066039112667834,0.12
GEMM_config_M256_K256_N256_UM1_UK1_UN1_jik_BIAS_False_INLINE_True_COMPORDER_option_2_ap_fixed_16_5_,Overall,17039681,0.170 sec,184,3,2920,4519,10.087719298245613,1.65,0.5326911850554583,0.12
GEMM_config_M256_K256_N256_UM1_UK1_UN1_jik_BIAS_False_INLINE_True_COMPORDER_option_3_ap_fixed_16_5_,Overall,17039689,0.170 sec,185,3,2829,4535,10.142543859649123,1.65,0.5160901926444834,0.12
GEMM_config_M256_K256_N256_UM1_UK1_UN1_jik_BIAS_False_INLINE_True_COMPORDER_option_4_ap_fixed_16_5_,Overall,262991,2.630 ms,126,3,3199,4563,6.907894736842106,1.66,0.5835887332165791,0.12
GEMM_config_M256_K256_N256_UM1_UK1_UN1_jki_BIAS_False_INLINE_True_COMPORDER_option_2_ap_fixed_16_5_,Overall,17039681,0.170 sec,184,3,2920,4519,10.087719298245613,1.65,0.5326911850554583,0.12
GEMM_config_M256_K256_N256_UM1_UK1_UN1_jki_BIAS_False_INLINE_True_COMPORDER_option_3_ap_fixed_16_5_,Overall,17039689,0.170 sec,185,3,2829,4535,10.142543859649123,1.65,0.5160901926444834,0.12
GEMM_config_M256_K256_N256_UM1_UK1_UN1_jki_BIAS_False_INLINE_True_COMPORDER_option_4_ap_fixed_16_5_,Overall,262991,2.630 ms,126,3,3199,4563,6.907894736842106,1.66,0.5835887332165791,0.12
GEMM_config_M256_K256_N256_UM1_UK1_UN1_kij_BIAS_False_INLINE_True_COMPORDER_option_2_ap_fixed_16_5_,Overall,17039681,0.170 sec,184,3,2920,4519,10.087719298245613,1.65,0.5326911850554583,0.12
GEMM_config_M256_K256_N256_UM1_UK1_UN1_kij_BIAS_False_INLINE_True_COMPORDER_option_3_ap_fixed_16_5_,Overall,17039689,0.170 sec,185,3,3251,4839,10.142543859649123,1.77,0.593075014594279,0.12
GEMM_config_M256_K256_N256_UM1_UK1_UN1_kij_BIAS_False_INLINE_True_COMPORDER_option_4_ap_fixed_16_5_,Overall,262991,2.630 ms,126,3,2777,4259,6.907894736842106,1.55,0.5066039112667834,0.12
GEMM_config_M256_K256_N256_UM1_UK1_UN1_kji_BIAS_False_INLINE_True_COMPORDER_option_2_ap_fixed_16_5_,Overall,17039681,0.170 sec,184,3,2920,4519,10.087719298245613,1.65,0.5326911850554583,0.12
GEMM_config_M256_K256_N256_UM1_UK1_UN1_kji_BIAS_False_INLINE_True_COMPORDER_option_3_ap_fixed_16_5_,Overall,17039689,0.170 sec,185,3,2829,4535,10.142543859649123,1.65,0.5160901926444834,0.12
GEMM_config_M256_K256_N256_UM1_UK1_UN1_kji_BIAS_False_INLINE_True_COMPORDER_option_4_ap_fixed_16_5_,Overall,262991,2.630 ms,126,3,3199,4563,6.907894736842106,1.66,0.5835887332165791,0.12
GEMM_config_M256_K256_N256_UM1_UK1_UN8_ijk_BIAS_False_INLINE_True_COMPORDER_option_2_ap_fixed_16_5_,Overall,2244929,22.449 ms,190,24,3430,6036,10.416666666666668,2.2,0.6257297139521308,0.95
GEMM_config_M256_K256_N256_UM1_UK1_UN8_ijk_BIAS_False_INLINE_True_COMPORDER_option_3_ap_fixed_16_5_,Overall,2302281,23.023 ms,192,17,3317,5579,10.526315789473683,2.04,0.6051152948044367,0.67
GEMM_config_M256_K256_N256_UM1_UK1_UN8_ijk_BIAS_False_INLINE_True_COMPORDER_option_4_ap_fixed_16_5_,Overall,205647,2.056 ms,129,10,3050,5064,7.072368421052631,1.85,0.5564068884997081,0.4
GEMM_config_M256_K256_N256_UM1_UK1_UN8_ikj_BIAS_False_INLINE_True_COMPORDER_option_2_ap_fixed_16_5_,Overall,17400670,0.174 sec,190,24,4433,6965,10.416666666666668,2.54,0.8087054874489199,0.95
GEMM_config_M256_K256_N256_UM1_UK1_UN8_ikj_BIAS_False_INLINE_True_COMPORDER_option_3_ap_fixed_16_5_,Overall,17458507,0.175 sec,192,17,4322,6576,10.526315789473683,2.4,0.7884559252772914,0.67
GEMM_config_M256_K256_N256_UM1_UK1_UN8_ikj_BIAS_False_INLINE_True_COMPORDER_option_4_ap_fixed_16_5_,Overall,205647,2.056 ms,129,10,3050,5064,7.072368421052631,1.85,0.5564068884997081,0.4
GEMM_config_M256_K256_N256_UM1_UK1_UN8_jik_BIAS_False_INLINE_True_COMPORDER_option_2_ap_fixed_16_5_,Overall,2304122,23.041 ms,190,24,4316,7679,10.416666666666668,2.8,0.7873613543490952,0.95
GEMM_config_M256_K256_N256_UM1_UK1_UN8_jik_BIAS_False_INLINE_True_COMPORDER_option_3_ap_fixed_16_5_,Overall,2304098,23.041 ms,192,17,4102,6386,10.526315789473683,2.33,0.7483216579100992,0.67
GEMM_config_M256_K256_N256_UM1_UK1_UN8_jik_BIAS_False_INLINE_True_COMPORDER_option_4_ap_fixed_16_5_,Overall,265100,2.651 ms,129,10,4192,6073,7.072368421052631,2.22,0.7647402218330415,0.4
GEMM_config_M256_K256_N256_UM1_UK1_UN8_jki_BIAS_False_INLINE_True_COMPORDER_option_2_ap_fixed_16_5_,Overall,17452057,0.175 sec,190,24,4995,8509,10.416666666666668,3.1,0.9112302977232924,0.95
GEMM_config_M256_K256_N256_UM1_UK1_UN8_jki_BIAS_False_INLINE_True_COMPORDER_option_3_ap_fixed_16_5_,Overall,17452518,0.175 sec,192,17,4783,7214,10.526315789473683,2.63,0.872555458260362,0.67
GEMM_config_M256_K256_N256_UM1_UK1_UN8_jki_BIAS_False_INLINE_True_COMPORDER_option_4_ap_fixed_16_5_,Overall,265100,2.651 ms,129,10,4192,6073,7.072368421052631,2.22,0.7647402218330415,0.4
GEMM_config_M256_K256_N256_UM1_UK1_UN8_kij_BIAS_False_INLINE_True_COMPORDER_option_2_ap_fixed_16_5_,Overall,16927200,0.169 sec,190,24,5683,9012,10.416666666666668,3.29,1.036741097489784,0.95
GEMM_config_M256_K256_N256_UM1_UK1_UN8_kij_BIAS_False_INLINE_True_COMPORDER_option_3_ap_fixed_16_5_,Overall,16985037,0.170 sec,192,17,5572,8615,10.526315789473683,3.14,1.0164915353181554,0.67
GEMM_config_M256_K256_N256_UM1_UK1_UN8_kij_BIAS_False_INLINE_True_COMPORDER_option_4_ap_fixed_16_5_,Overall,205647,2.056 ms,129,10,3050,5064,7.072368421052631,1.85,0.5564068884997081,0.4
GEMM_config_M256_K256_N256_UM1_UK1_UN8_kji_BIAS_False_INLINE_True_COMPORDER_option_2_ap_fixed_16_5_,Overall,16986393,0.170 sec,190,24,4817,9530,10.416666666666668,3.48,0.8787580268534734,0.95
GEMM_config_M256_K256_N256_UM1_UK1_UN8_kji_BIAS_False_INLINE_True_COMPORDER_option_3_ap_fixed_16_5_,Overall,16986854,0.170 sec,192,17,4605,8235,10.526315789473683,3.0,0.840083187390543,0.67
GEMM_config_M256_K256_N256_UM1_UK1_UN8_kji_BIAS_False_INLINE_True_COMPORDER_option_4_ap_fixed_16_5_,Overall,265100,2.651 ms,129,10,4192,6073,7.072368421052631,2.22,0.7647402218330415,0.4
GEMM_config_M256_K256_N256_UM1_UK8_UN1_ijk_BIAS_False_INLINE_True_COMPORDER_option_2_ap_fixed_16_5_,Overall,17507390,0.175 sec,192,10,3616,5681,10.526315789473683,2.07,0.6596614127262113,0.4
GEMM_config_M256_K256_N256_UM1_UK8_UN1_ijk_BIAS_False_INLINE_True_COMPORDER_option_3_ap_fixed_16_5_,Overall,17507659,0.175 sec,193,10,3949,6061,10.581140350877192,2.21,0.7204100992410976,0.4
GEMM_config_M256_K256_N256_UM1_UK8_UN1_ijk_BIAS_False_INLINE_True_COMPORDER_option_4_ap_fixed_16_5_,Overall,207500,2.075 ms,132,17,4234,6693,7.236842105263158,2.44,0.7724022183304144,0.67
GEMM_config_M256_K256_N256_UM1_UK8_UN1_ikj_BIAS_False_INLINE_True_COMPORDER_option_2_ap_fixed_16_5_,Overall,17039681,0.170 sec,192,10,2932,4906,10.526315789473683,1.79,0.5348803269118505,0.4
GEMM_config_M256_K256_N256_UM1_UK8_UN1_ikj_BIAS_False_INLINE_True_COMPORDER_option_3_ap_fixed_16_5_,Overall,17039689,0.170 sec,193,10,3263,5226,10.581140350877192,1.91,0.5952641564506713,0.4
GEMM_config_M256_K256_N256_UM1_UK8_UN1_ikj_BIAS_False_INLINE_True_COMPORDER_option_4_ap_fixed_16_5_,Overall,207500,2.075 ms,132,17,4234,6693,7.236842105263158,2.44,0.7724022183304144,0.67
GEMM_config_M256_K256_N256_UM1_UK8_UN1_jik_BIAS_False_INLINE_True_COMPORDER_option_2_ap_fixed_16_5_,Overall,17041726,0.170 sec,192,10,3753,6673,10.526315789473683,2.43,0.6846541155866901,0.4
GEMM_config_M256_K256_N256_UM1_UK8_UN1_jik_BIAS_False_INLINE_True_COMPORDER_option_3_ap_fixed_16_5_,Overall,17041995,0.170 sec,193,10,3664,6732,10.581140350877192,2.46,0.6684179801517806,0.4
GEMM_config_M256_K256_N256_UM1_UK8_UN1_jik_BIAS_False_INLINE_True_COMPORDER_option_4_ap_fixed_16_5_,Overall,264840,2.648 ms,132,17,4243,6543,7.236842105263158,2.39,0.7740440747227086,0.67
GEMM_config_M256_K256_N256_UM1_UK8_UN1_jki_BIAS_False_INLINE_True_COMPORDER_option_2_ap_fixed_16_5_,Overall,17041726,0.170 sec,192,10,3753,6673,10.526315789473683,2.43,0.6846541155866901,0.4
GEMM_config_M256_K256_N256_UM1_UK8_UN1_jki_BIAS_False_INLINE_True_COMPORDER_option_3_ap_fixed_16_5_,Overall,17041995,0.170 sec,193,10,3664,6732,10.581140350877192,2.46,0.6684179801517806,0.4
GEMM_config_M256_K256_N256_UM1_UK8_UN1_jki_BIAS_False_INLINE_True_COMPORDER_option_4_ap_fixed_16_5_,Overall,264840,2.648 ms,132,17,4243,6543,7.236842105263158,2.39,0.7740440747227086,0.67
GEMM_config_M256_K256_N256_UM1_UK8_UN1_kij_BIAS_False_INLINE_True_COMPORDER_option_2_ap_fixed_16_5_,Overall,17039681,0.170 sec,192,10,2932,4906,10.526315789473683,1.79,0.5348803269118505,0.4
GEMM_config_M256_K256_N256_UM1_UK8_UN1_kij_BIAS_False_INLINE_True_COMPORDER_option_3_ap_fixed_16_5_,Overall,17039689,0.170 sec,193,10,3263,5226,10.581140350877192,1.91,0.5952641564506713,0.4
GEMM_config_M256_K256_N256_UM1_UK8_UN1_kij_BIAS_False_INLINE_True_COMPORDER_option_4_ap_fixed_16_5_,Overall,207500,2.075 ms,132,17,4234,6693,7.236842105263158,2.44,0.7724022183304144,0.67
GEMM_config_M256_K256_N256_UM1_UK8_UN1_kji_BIAS_False_INLINE_True_COMPORDER_option_2_ap_fixed_16_5_,Overall,17507390,0.175 sec,192,10,3807,5509,10.526315789473683,2.01,0.6945052539404554,0.4
GEMM_config_M256_K256_N256_UM1_UK8_UN1_kji_BIAS_False_INLINE_True_COMPORDER_option_3_ap_fixed_16_5_,Overall,17507659,0.175 sec,193,10,3718,5585,10.581140350877192,2.04,0.6782691185055458,0.4
GEMM_config_M256_K256_N256_UM1_UK8_UN1_kji_BIAS_False_INLINE_True_COMPORDER_option_4_ap_fixed_16_5_,Overall,264840,2.648 ms,132,17,4243,6543,7.236842105263158,2.39,0.7740440747227086,0.67
GEMM_config_M256_K256_N256_UM1_UK8_UN8_ijk_BIAS_False_INLINE_True_COMPORDER_option_2_ap_fixed_16_5_,Overall,2712414,27.124 ms,194,80,5520,10485,10.635964912280702,3.83,1.0070052539404553,3.17
GEMM_config_M256_K256_N256_UM1_UK8_UN8_ijk_BIAS_False_INLINE_True_COMPORDER_option_3_ap_fixed_16_5_,Overall,2770251,27.703 ms,196,73,5409,10088,10.74561403508772,3.68,0.9867556917688267,2.9
GEMM_config_M256_K256_N256_UM1_UK8_UN8_ijk_BIAS_False_INLINE_True_COMPORDER_option_4_ap_fixed_16_5_,Overall,150156,1.502 ms,131,73,4648,10551,7.182017543859649,3.85,0.8479276123759486,2.9
GEMM_config_M256_K256_N256_UM1_UK8_UN8_ikj_BIAS_False_INLINE_True_COMPORDER_option_2_ap_fixed_16_5_,Overall,17400670,0.174 sec,194,80,5737,9793,10.635964912280702,3.57,1.0465922358435493,3.17
GEMM_config_M256_K256_N256_UM1_UK8_UN8_ikj_BIAS_False_INLINE_True_COMPORDER_option_3_ap_fixed_16_5_,Overall,17458507,0.175 sec,196,73,5626,9404,10.74561403508772,3.43,1.0263426736719206,2.9
GEMM_config_M256_K256_N256_UM1_UK8_UN8_ikj_BIAS_False_INLINE_True_COMPORDER_option_4_ap_fixed_16_5_,Overall,150156,1.502 ms,131,73,4648,10551,7.182017543859649,3.85,0.8479276123759486,2.9
GEMM_config_M256_K256_N256_UM1_UK8_UN8_jik_BIAS_False_INLINE_True_COMPORDER_option_2_ap_fixed_16_5_,Overall,2305943,23.059 ms,194,80,6260,13145,10.635964912280702,4.8,1.1420023350846469,3.17
GEMM_config_M256_K256_N256_UM1_UK8_UN8_jik_BIAS_False_INLINE_True_COMPORDER_option_3_ap_fixed_16_5_,Overall,2306404,23.064 ms,196,73,6048,11857,10.74561403508772,4.33,1.1033274956217163,2.9
GEMM_config_M256_K256_N256_UM1_UK8_UN8_jik_BIAS_False_INLINE_True_COMPORDER_option_4_ap_fixed_16_5_,Overall,266725,2.667 ms,131,73,6514,11527,7.182017543859649,4.21,1.1883391710449502,2.9
GEMM_config_M256_K256_N256_UM1_UK8_UN8_jki_BIAS_False_INLINE_True_COMPORDER_option_2_ap_fixed_16_5_,Overall,17451833,0.175 sec,194,80,11170,17557,10.635964912280702,6.41,2.0377262113251606,3.17
GEMM_config_M256_K256_N256_UM1_UK8_UN8_jki_BIAS_False_INLINE_True_COMPORDER_option_3_ap_fixed_16_5_,Overall,17452294,0.175 sec,196,73,10958,16270,10.74561403508772,5.94,1.9990513718622298,2.9
GEMM_config_M256_K256_N256_UM1_UK8_UN8_jki_BIAS_False_INLINE_True_COMPORDER_option_4_ap_fixed_16_5_,Overall,266725,2.667 ms,131,73,6514,11527,7.182017543859649,4.21,1.1883391710449502,2.9
GEMM_config_M256_K256_N256_UM1_UK8_UN8_kij_BIAS_False_INLINE_True_COMPORDER_option_2_ap_fixed_16_5_,Overall,16927200,0.169 sec,194,80,5947,11288,10.635964912280702,4.12,1.0849022183304144,3.17
GEMM_config_M256_K256_N256_UM1_UK8_UN8_kij_BIAS_False_INLINE_True_COMPORDER_option_3_ap_fixed_16_5_,Overall,16985037,0.170 sec,196,73,5836,10891,10.74561403508772,3.97,1.0646526561587857,2.9
GEMM_config_M256_K256_N256_UM1_UK8_UN8_kij_BIAS_False_INLINE_True_COMPORDER_option_4_ap_fixed_16_5_,Overall,150156,1.502 ms,131,73,4648,10551,7.182017543859649,3.85,0.8479276123759486,2.9
GEMM_config_M256_K256_N256_UM1_UK8_UN8_kji_BIAS_False_INLINE_True_COMPORDER_option_2_ap_fixed_16_5_,Overall,17451833,0.175 sec,194,80,11170,17557,10.635964912280702,6.41,2.0377262113251606,3.17
GEMM_config_M256_K256_N256_UM1_UK8_UN8_kji_BIAS_False_INLINE_True_COMPORDER_option_3_ap_fixed_16_5_,Overall,17452294,0.175 sec,196,73,10958,16270,10.74561403508772,5.94,1.9990513718622298,2.9
GEMM_config_M256_K256_N256_UM1_UK8_UN8_kji_BIAS_False_INLINE_True_COMPORDER_option_4_ap_fixed_16_5_,Overall,266725,2.667 ms,131,73,6514,11527,7.182017543859649,4.21,1.1883391710449502,2.9
GEMM_config_M256_K256_N256_UM8_UK1_UN1_ijk_BIAS_False_INLINE_True_COMPORDER_option_2_ap_fixed_16_5_,Overall,16986585,0.170 sec,191,17,4507,8826,10.471491228070176,3.22,0.8222051955633392,0.67
GEMM_config_M256_K256_N256_UM8_UK1_UN1_ijk_BIAS_False_INLINE_True_COMPORDER_option_3_ap_fixed_16_5_,Overall,16986662,0.170 sec,191,24,4936,9398,10.471491228070176,3.43,0.9004670169293637,0.95
GEMM_config_M256_K256_N256_UM8_UK1_UN1_ijk_BIAS_False_INLINE_True_COMPORDER_option_4_ap_fixed_16_5_,Overall,395880,3.959 ms,127,17,5573,11783,6.962719298245614,4.3,1.0166739638061881,0.67
GEMM_config_M256_K256_N256_UM8_UK1_UN1_ikj_BIAS_False_INLINE_True_COMPORDER_option_2_ap_fixed_16_5_,Overall,16986585,0.170 sec,191,17,6195,10042,10.471491228070176,3.66,1.1301444833625218,0.67
GEMM_config_M256_K256_N256_UM8_UK1_UN1_ikj_BIAS_False_INLINE_True_COMPORDER_option_3_ap_fixed_16_5_,Overall,16986662,0.170 sec,191,24,6624,10614,10.471491228070176,3.87,1.2084063047285465,0.95
GEMM_config_M256_K256_N256_UM8_UK1_UN1_ikj_BIAS_False_INLINE_True_COMPORDER_option_4_ap_fixed_16_5_,Overall,395880,3.959 ms,127,17,5573,11783,6.962719298245614,4.3,1.0166739638061881,0.67
GEMM_config_M256_K256_N256_UM8_UK1_UN1_jik_BIAS_False_INLINE_True_COMPORDER_option_2_ap_fixed_16_5_,Overall,17450432,0.175 sec,191,17,3968,6839,10.471491228070176,2.5,0.7238762405137186,0.67
GEMM_config_M256_K256_N256_UM8_UK1_UN1_jik_BIAS_False_INLINE_True_COMPORDER_option_3_ap_fixed_16_5_,Overall,17393133,0.174 sec,191,24,4317,7454,10.471491228070176,2.72,0.7875437828371279,0.95
GEMM_config_M256_K256_N256_UM8_UK1_UN1_jik_BIAS_False_INLINE_True_COMPORDER_option_4_ap_fixed_16_5_,Overall,262991,2.630 ms,127,17,4017,6401,6.962719298245614,2.34,0.7328152364273205,0.67
GEMM_config_M256_K256_N256_UM8_UK1_UN1_jki_BIAS_False_INLINE_True_COMPORDER_option_2_ap_fixed_16_5_,Overall,2302273,23.023 ms,191,17,3200,5638,10.471491228070176,2.06,0.5837711617046117,0.67
GEMM_config_M256_K256_N256_UM8_UK1_UN1_jki_BIAS_False_INLINE_True_COMPORDER_option_3_ap_fixed_16_5_,Overall,2244937,22.449 ms,191,24,3547,6177,10.471491228070176,2.25,0.6470738470519557,0.95
GEMM_config_M256_K256_N256_UM8_UK1_UN1_jki_BIAS_False_INLINE_True_COMPORDER_option_4_ap_fixed_16_5_,Overall,262991,2.630 ms,127,17,4017,6401,6.962719298245614,2.34,0.7328152364273205,0.67
GEMM_config_M256_K256_N256_UM8_UK1_UN1_kij_BIAS_False_INLINE_True_COMPORDER_option_2_ap_fixed_16_5_,Overall,17460055,0.175 sec,191,17,4930,7531,10.471491228070176,2.75,0.8993724460011676,0.67
GEMM_config_M256_K256_N256_UM8_UK1_UN1_kij_BIAS_False_INLINE_True_COMPORDER_option_3_ap_fixed_16_5_,Overall,17460132,0.175 sec,191,24,5359,8104,10.471491228070176,2.96,0.9776342673671921,0.95
GEMM_config_M256_K256_N256_UM8_UK1_UN1_kij_BIAS_False_INLINE_True_COMPORDER_option_4_ap_fixed_16_5_,Overall,395880,3.959 ms,127,17,5573,11783,6.962719298245614,4.3,1.0166739638061881,0.67
GEMM_config_M256_K256_N256_UM8_UK1_UN1_kji_BIAS_False_INLINE_True_COMPORDER_option_2_ap_fixed_16_5_,Overall,2302273,23.023 ms,191,17,3200,5638,10.471491228070176,2.06,0.5837711617046117,0.67
GEMM_config_M256_K256_N256_UM8_UK1_UN1_kji_BIAS_False_INLINE_True_COMPORDER_option_3_ap_fixed_16_5_,Overall,2244937,22.449 ms,191,24,3547,6177,10.471491228070176,2.25,0.6470738470519557,0.95
GEMM_config_M256_K256_N256_UM8_UK1_UN1_kji_BIAS_False_INLINE_True_COMPORDER_option_4_ap_fixed_16_5_,Overall,262991,2.630 ms,127,17,4017,6401,6.962719298245614,2.34,0.7328152364273205,0.67
GEMM_config_M256_K256_N256_UM8_UK1_UN8_ijk_BIAS_False_INLINE_True_COMPORDER_option_2_ap_fixed_16_5_,Overall,2241785,22.418 ms,194,136,6045,14992,10.635964912280702,5.47,1.1027802101576183,5.4
GEMM_config_M256_K256_N256_UM8_UK1_UN8_ijk_BIAS_False_INLINE_True_COMPORDER_option_3_ap_fixed_16_5_,Overall,2299430,22.994 ms,194,136,7337,14693,10.635964912280702,5.36,1.3384778166958553,5.4
GEMM_config_M256_K256_N256_UM8_UK1_UN8_ijk_BIAS_False_INLINE_True_COMPORDER_option_4_ap_fixed_16_5_,Overall,273000,2.730 ms,131,24,5455,11595,7.182017543859649,4.23,0.9951474022183304,0.95
GEMM_config_M256_K256_N256_UM8_UK1_UN8_ikj_BIAS_False_INLINE_True_COMPORDER_option_2_ap_fixed_16_5_,Overall,17395481,0.174 sec,194,136,13830,22857,10.635964912280702,8.34,2.522985989492119,5.4
GEMM_config_M256_K256_N256_UM8_UK1_UN8_ikj_BIAS_False_INLINE_True_COMPORDER_option_3_ap_fixed_16_5_,Overall,17453126,0.175 sec,194,136,15186,22567,10.635964912280702,8.23,2.7703590192644483,5.4
GEMM_config_M256_K256_N256_UM8_UK1_UN8_ikj_BIAS_False_INLINE_True_COMPORDER_option_4_ap_fixed_16_5_,Overall,273000,2.730 ms,131,24,5455,11595,7.182017543859649,4.23,0.9951474022183304,0.95
GEMM_config_M256_K256_N256_UM8_UK1_UN8_jik_BIAS_False_INLINE_True_COMPORDER_option_2_ap_fixed_16_5_,Overall,2764825,27.648 ms,194,136,7303,13185,10.635964912280702,4.81,1.3322752481027438,5.4
GEMM_config_M256_K256_N256_UM8_UK1_UN8_jik_BIAS_False_INLINE_True_COMPORDER_option_3_ap_fixed_16_5_,Overall,2707718,27.077 ms,194,136,6507,14354,10.635964912280702,5.24,1.1870621716287215,5.4
GEMM_config_M256_K256_N256_UM8_UK1_UN8_jik_BIAS_False_INLINE_True_COMPORDER_option_4_ap_fixed_16_5_,Overall,265100,2.651 ms,131,24,4666,7222,7.182017543859649,2.63,0.851211325160537,0.95
GEMM_config_M256_K256_N256_UM8_UK1_UN8_jki_BIAS_False_INLINE_True_COMPORDER_option_2_ap_fixed_16_5_,Overall,2764825,27.648 ms,194,136,7291,13165,10.635964912280702,4.8,1.3300861062463514,5.4
GEMM_config_M256_K256_N256_UM8_UK1_UN8_jki_BIAS_False_INLINE_True_COMPORDER_option_3_ap_fixed_16_5_,Overall,2707718,27.077 ms,194,136,6495,14334,10.635964912280702,5.23,1.1848730297723291,5.4
GEMM_config_M256_K256_N256_UM8_UK1_UN8_jki_BIAS_False_INLINE_True_COMPORDER_option_4_ap_fixed_16_5_,Overall,265100,2.651 ms,131,24,4666,7222,7.182017543859649,2.63,0.851211325160537,0.95
GEMM_config_M256_K256_N256_UM8_UK1_UN8_kij_BIAS_False_INLINE_True_COMPORDER_option_2_ap_fixed_16_5_,Overall,17395481,0.174 sec,194,136,13862,22857,10.635964912280702,8.34,2.5288237011091654,5.4
GEMM_config_M256_K256_N256_UM8_UK1_UN8_kij_BIAS_False_INLINE_True_COMPORDER_option_3_ap_fixed_16_5_,Overall,17453126,0.175 sec,194,136,15218,22567,10.635964912280702,8.23,2.7761967308814945,5.4
GEMM_config_M256_K256_N256_UM8_UK1_UN8_kij_BIAS_False_INLINE_True_COMPORDER_option_4_ap_fixed_16_5_,Overall,273000,2.730 ms,131,24,5455,11595,7.182017543859649,4.23,0.9951474022183304,0.95
GEMM_config_M256_K256_N256_UM8_UK1_UN8_kji_BIAS_False_INLINE_True_COMPORDER_option_2_ap_fixed_16_5_,Overall,2299161,22.992 ms,194,136,7081,14258,10.635964912280702,5.2,1.2917761237594863,5.4
GEMM_config_M256_K256_N256_UM8_UK1_UN8_kji_BIAS_False_INLINE_True_COMPORDER_option_3_ap_fixed_16_5_,Overall,2242054,22.421 ms,194,136,6285,15427,10.635964912280702,5.63,1.1465630472854642,5.4
GEMM_config_M256_K256_N256_UM8_UK1_UN8_kji_BIAS_False_INLINE_True_COMPORDER_option_4_ap_fixed_16_5_,Overall,265100,2.651 ms,131,24,4666,7222,7.182017543859649,2.63,0.851211325160537,0.95
GEMM_config_M256_K256_N256_UM8_UK8_UN1_ijk_BIAS_False_INLINE_True_COMPORDER_option_2_ap_fixed_16_5_,Overall,17452025,0.175 sec,195,73,11529,19092,10.69078947368421,6.97,2.103218038528897,2.9
GEMM_config_M256_K256_N256_UM8_UK8_UN1_ijk_BIAS_False_INLINE_True_COMPORDER_option_3_ap_fixed_16_5_,Overall,17452102,0.175 sec,195,80,11958,19675,10.69078947368421,7.18,2.1814798598949214,3.17
GEMM_config_M256_K256_N256_UM8_UK8_UN1_ijk_BIAS_False_INLINE_True_COMPORDER_option_4_ap_fixed_16_5_,Overall,274853,2.749 ms,130,80,6716,16314,7.12719298245614,5.95,1.225189725627554,3.17
GEMM_config_M256_K256_N256_UM8_UK8_UN1_ikj_BIAS_False_INLINE_True_COMPORDER_option_2_ap_fixed_16_5_,Overall,16986585,0.170 sec,195,73,6448,12318,10.69078947368421,4.49,1.1762988908347929,2.9
GEMM_config_M256_K256_N256_UM8_UK8_UN1_ikj_BIAS_False_INLINE_True_COMPORDER_option_3_ap_fixed_16_5_,Overall,16986662,0.170 sec,195,80,6877,12890,10.69078947368421,4.7,1.2545607122008173,3.17
GEMM_config_M256_K256_N256_UM8_UK8_UN1_ikj_BIAS_False_INLINE_True_COMPORDER_option_4_ap_fixed_16_5_,Overall,274853,2.749 ms,130,80,6716,16314,7.12719298245614,5.95,1.225189725627554,3.17
GEMM_config_M256_K256_N256_UM8_UK8_UN1_jik_BIAS_False_INLINE_True_COMPORDER_option_2_ap_fixed_16_5_,Overall,17450208,0.175 sec,195,73,10803,18147,10.69078947368421,6.62,1.9707749562171628,2.9
GEMM_config_M256_K256_N256_UM8_UK8_UN1_jik_BIAS_False_INLINE_True_COMPORDER_option_3_ap_fixed_16_5_,Overall,17392909,0.174 sec,195,80,11152,18708,10.69078947368421,6.83,2.0344424985405722,3.17
GEMM_config_M256_K256_N256_UM8_UK8_UN1_jik_BIAS_False_INLINE_True_COMPORDER_option_4_ap_fixed_16_5_,Overall,264840,2.648 ms,130,80,6038,10284,7.12719298245614,3.75,1.1015032107413893,3.17
GEMM_config_M256_K256_N256_UM8_UK8_UN1_jki_BIAS_False_INLINE_True_COMPORDER_option_2_ap_fixed_16_5_,Overall,2304318,23.043 ms,195,73,5213,11303,10.69078947368421,4.12,0.9509997081144191,2.9
GEMM_config_M256_K256_N256_UM8_UK8_UN1_jki_BIAS_False_INLINE_True_COMPORDER_option_3_ap_fixed_16_5_,Overall,2247019,22.470 ms,195,80,5562,11885,10.69078947368421,4.34,1.0146672504378282,3.17
GEMM_config_M256_K256_N256_UM8_UK8_UN1_jki_BIAS_False_INLINE_True_COMPORDER_option_4_ap_fixed_16_5_,Overall,264840,2.648 ms,130,80,6038,10284,7.12719298245614,3.75,1.1015032107413893,3.17
GEMM_config_M256_K256_N256_UM8_UK8_UN1_kij_BIAS_False_INLINE_True_COMPORDER_option_2_ap_fixed_16_5_,Overall,17460055,0.175 sec,195,73,6242,10383,10.69078947368421,3.79,1.1387186223000585,2.9
GEMM_config_M256_K256_N256_UM8_UK8_UN1_kij_BIAS_False_INLINE_True_COMPORDER_option_3_ap_fixed_16_5_,Overall,17460132,0.175 sec,195,80,6671,10956,10.69078947368421,4.0,1.216980443666083,3.17
GEMM_config_M256_K256_N256_UM8_UK8_UN1_kij_BIAS_False_INLINE_True_COMPORDER_option_4_ap_fixed_16_5_,Overall,274853,2.749 ms,130,80,6716,16314,7.12719298245614,5.95,1.225189725627554,3.17
GEMM_config_M256_K256_N256_UM8_UK8_UN1_kji_BIAS_False_INLINE_True_COMPORDER_option_2_ap_fixed_16_5_,Overall,2769982,27.700 ms,195,73,5299,10067,10.69078947368421,3.67,0.9666885580852306,2.9
GEMM_config_M256_K256_N256_UM8_UK8_UN1_kji_BIAS_False_INLINE_True_COMPORDER_option_3_ap_fixed_16_5_,Overall,2712683,27.127 ms,195,80,5648,10666,10.69078947368421,3.89,1.03035610040864,3.17
GEMM_config_M256_K256_N256_UM8_UK8_UN1_kji_BIAS_False_INLINE_True_COMPORDER_option_4_ap_fixed_16_5_,Overall,264840,2.648 ms,130,80,6038,10284,7.12719298245614,3.75,1.1015032107413893,3.17
GEMM_config_M256_K256_N256_UM8_UK8_UN8_ijk_BIAS_False_INLINE_True_COMPORDER_option_2_ap_fixed_16_5_,Overall,2707225,27.072 ms,194,584,19609,41562,10.635964912280702,15.16,3.577240221833041,23.17
GEMM_config_M256_K256_N256_UM8_UK8_UN8_ijk_BIAS_False_INLINE_True_COMPORDER_option_3_ap_fixed_16_5_,Overall,2764870,27.649 ms,194,584,20965,41272,10.635964912280702,15.06,3.824613251605371,23.17
GEMM_config_M256_K256_N256_UM8_UK8_UN8_ijk_BIAS_False_INLINE_True_COMPORDER_option_4_ap_fixed_16_5_,Overall,151973,1.520 ms,130,136,5999,15165,7.12719298245614,5.53,1.0943884997081144,5.4
GEMM_config_M256_K256_N256_UM8_UK8_UN8_ikj_BIAS_False_INLINE_True_COMPORDER_option_2_ap_fixed_16_5_,Overall,17395481,0.174 sec,194,584,24225,35813,10.635964912280702,13.07,4.419330122591944,23.17
GEMM_config_M256_K256_N256_UM8_UK8_UN8_ikj_BIAS_False_INLINE_True_COMPORDER_option_3_ap_fixed_16_5_,Overall,17453126,0.175 sec,194,584,25581,35523,10.635964912280702,12.96,4.666703152364273,23.17
GEMM_config_M256_K256_N256_UM8_UK8_UN8_ikj_BIAS_False_INLINE_True_COMPORDER_option_4_ap_fixed_16_5_,Overall,151973,1.520 ms,130,136,5999,15165,7.12719298245614,5.53,1.0943884997081144,5.4
GEMM_config_M256_K256_N256_UM8_UK8_UN8_jik_BIAS_False_INLINE_True_COMPORDER_option_2_ap_fixed_16_5_,Overall,2764601,27.646 ms,194,584,20653,40829,10.635964912280702,14.9,3.767695563339171,23.17
GEMM_config_M256_K256_N256_UM8_UK8_UN8_jik_BIAS_False_INLINE_True_COMPORDER_option_3_ap_fixed_16_5_,Overall,2707494,27.075 ms,194,584,19857,42006,10.635964912280702,15.33,3.622482486865149,23.17
GEMM_config_M256_K256_N256_UM8_UK8_UN8_jik_BIAS_False_INLINE_True_COMPORDER_option_4_ap_fixed_16_5_,Overall,266725,2.667 ms,130,136,8087,13697,7.12719298245614,5.0,1.4752991827203736,5.4
GEMM_config_M256_K256_N256_UM8_UK8_UN8_jki_BIAS_False_INLINE_True_COMPORDER_option_2_ap_fixed_16_5_,Overall,2764601,27.646 ms,194,584,20650,40829,10.635964912280702,14.9,3.767148277875073,23.17
GEMM_config_M256_K256_N256_UM8_UK8_UN8_jki_BIAS_False_INLINE_True_COMPORDER_option_3_ap_fixed_16_5_,Overall,2707494,27.075 ms,194,584,19854,42006,10.635964912280702,15.33,3.621935201401051,23.17
GEMM_config_M256_K256_N256_UM8_UK8_UN8_jki_BIAS_False_INLINE_True_COMPORDER_option_4_ap_fixed_16_5_,Overall,266725,2.667 ms,130,136,8087,13697,7.12719298245614,5.0,1.4752991827203736,5.4
GEMM_config_M256_K256_N256_UM8_UK8_UN8_kij_BIAS_False_INLINE_True_COMPORDER_option_2_ap_fixed_16_5_,Overall,17395481,0.174 sec,194,584,24222,35813,10.635964912280702,13.07,4.4187828371278455,23.17
GEMM_config_M256_K256_N256_UM8_UK8_UN8_kij_BIAS_False_INLINE_True_COMPORDER_option_3_ap_fixed_16_5_,Overall,17453126,0.175 sec,194,584,25578,35523,10.635964912280702,12.96,4.666155866900175,23.17
GEMM_config_M256_K256_N256_UM8_UK8_UN8_kij_BIAS_False_INLINE_True_COMPORDER_option_4_ap_fixed_16_5_,Overall,151973,1.520 ms,130,136,5999,15165,7.12719298245614,5.53,1.0943884997081144,5.4
GEMM_config_M256_K256_N256_UM8_UK8_UN8_kji_BIAS_False_INLINE_True_COMPORDER_option_2_ap_fixed_16_5_,Overall,2764601,27.646 ms,194,584,20650,40829,10.635964912280702,14.9,3.767148277875073,23.17
GEMM_config_M256_K256_N256_UM8_UK8_UN8_kji_BIAS_False_INLINE_True_COMPORDER_option_3_ap_fixed_16_5_,Overall,2707494,27.075 ms,194,584,19854,42006,10.635964912280702,15.33,3.621935201401051,23.17
GEMM_config_M256_K256_N256_UM8_UK8_UN8_kji_BIAS_False_INLINE_True_COMPORDER_option_4_ap_fixed_16_5_,Overall,266725,2.667 ms,130,136,8087,13697,7.12719298245614,5.0,1.4752991827203736,5.4
GEMM_config_M256_K256_N512_UM1_UK1_UN1_ijk_BIAS_False_INLINE_True_COMPORDER_option_2_ap_fixed_16_5_,Overall,34013761,0.340 sec,304,3,2725,4405,16.666666666666664,1.61,0.4971176298890835,0.12
GEMM_config_M256_K256_N512_UM1_UK1_UN1_ijk_BIAS_False_INLINE_True_COMPORDER_option_3_ap_fixed_16_5_,Overall,34013513,0.340 sec,305,3,3056,4731,16.721491228070175,1.73,0.5575014594279042,0.12
GEMM_config_M256_K256_N512_UM1_UK1_UN1_ijk_BIAS_False_INLINE_True_COMPORDER_option_4_ap_fixed_16_5_,Overall,197424,1.974 ms,1,0,1509,2259,0.05482456140350877,0.82,0.27528458844133097,0.0
GEMM_config_M256_K256_N512_UM1_UK1_UN1_ikj_BIAS_False_INLINE_True_COMPORDER_option_2_ap_fixed_16_5_,Overall,34013761,0.340 sec,304,3,2936,4557,16.666666666666664,1.66,0.5356100408639813,0.12
GEMM_config_M256_K256_N512_UM1_UK1_UN1_ikj_BIAS_False_INLINE_True_COMPORDER_option_3_ap_fixed_16_5_,Overall,34013513,0.340 sec,305,3,3267,4883,16.721491228070175,1.78,0.5959938704028022,0.12
GEMM_config_M256_K256_N512_UM1_UK1_UN1_ikj_BIAS_False_INLINE_True_COMPORDER_option_4_ap_fixed_16_5_,Overall,197424,1.974 ms,1,0,1509,2259,0.05482456140350877,0.82,0.27528458844133097,0.0
GEMM_config_M256_K256_N512_UM1_UK1_UN1_jik_BIAS_False_INLINE_True_COMPORDER_option_2_ap_fixed_16_5_,Overall,34016062,0.340 sec,304,3,2990,4436,16.666666666666664,1.62,0.5454611792177466,0.12
GEMM_config_M256_K256_N512_UM1_UK1_UN1_jik_BIAS_False_INLINE_True_COMPORDER_option_3_ap_fixed_16_5_,Overall,34016075,0.340 sec,305,3,2901,4457,16.721491228070175,1.63,0.5292250437828371,0.12
GEMM_config_M256_K256_N512_UM1_UK1_UN1_jik_BIAS_False_INLINE_True_COMPORDER_option_4_ap_fixed_16_5_,Overall,197424,1.974 ms,1,0,1509,2259,0.05482456140350877,0.82,0.27528458844133097,0.0
GEMM_config_M256_K256_N512_UM1_UK1_UN1_jki_BIAS_False_INLINE_True_COMPORDER_option_2_ap_fixed_16_5_,Overall,34013761,0.340 sec,304,3,2936,4555,16.666666666666664,1.66,0.5356100408639813,0.12
GEMM_config_M256_K256_N512_UM1_UK1_UN1_jki_BIAS_False_INLINE_True_COMPORDER_option_3_ap_fixed_16_5_,Overall,34013513,0.340 sec,305,3,2845,4575,16.721491228070175,1.67,0.5190090484530064,0.12
GEMM_config_M256_K256_N512_UM1_UK1_UN1_jki_BIAS_False_INLINE_True_COMPORDER_option_4_ap_fixed_16_5_,Overall,197424,1.974 ms,1,0,1509,2259,0.05482456140350877,0.82,0.27528458844133097,0.0
GEMM_config_M256_K256_N512_UM1_UK1_UN1_kij_BIAS_False_INLINE_True_COMPORDER_option_2_ap_fixed_16_5_,Overall,34013761,0.340 sec,304,3,2935,4552,16.666666666666664,1.66,0.5354276123759486,0.12
GEMM_config_M256_K256_N512_UM1_UK1_UN1_kij_BIAS_False_INLINE_True_COMPORDER_option_3_ap_fixed_16_5_,Overall,34013513,0.340 sec,305,3,3266,4878,16.721491228070175,1.78,0.5958114419147694,0.12
GEMM_config_M256_K256_N512_UM1_UK1_UN1_kij_BIAS_False_INLINE_True_COMPORDER_option_4_ap_fixed_16_5_,Overall,197424,1.974 ms,1,0,1509,2259,0.05482456140350877,0.82,0.27528458844133097,0.0
GEMM_config_M256_K256_N512_UM1_UK1_UN1_kji_BIAS_False_INLINE_True_COMPORDER_option_2_ap_fixed_16_5_,Overall,34013761,0.340 sec,304,3,2935,4551,16.666666666666664,1.66,0.5354276123759486,0.12
GEMM_config_M256_K256_N512_UM1_UK1_UN1_kji_BIAS_False_INLINE_True_COMPORDER_option_3_ap_fixed_16_5_,Overall,34013513,0.340 sec,305,3,2844,4571,16.721491228070175,1.67,0.5188266199649737,0.12
GEMM_config_M256_K256_N512_UM1_UK1_UN1_kji_BIAS_False_INLINE_True_COMPORDER_option_4_ap_fixed_16_5_,Overall,197424,1.974 ms,1,0,1509,2259,0.05482456140350877,0.82,0.27528458844133097,0.0
GEMM_config_M256_K256_N512_UM1_UK1_UN8_ijk_BIAS_False_INLINE_True_COMPORDER_option_2_ap_fixed_16_5_,Overall,4424257,44.243 ms,326,24,3223,5967,17.87280701754386,2.18,0.5879670169293637,0.95
GEMM_config_M256_K256_N512_UM1_UK1_UN8_ijk_BIAS_False_INLINE_True_COMPORDER_option_3_ap_fixed_16_5_,Overall,4538697,45.387 ms,328,17,3220,5508,17.982456140350877,2.01,0.5874197314652656,0.67
GEMM_config_M256_K256_N512_UM1_UK1_UN8_ijk_BIAS_False_INLINE_True_COMPORDER_option_4_ap_fixed_16_5_,Overall,279631,2.796 ms,193,10,3061,5070,10.581140350877192,1.85,0.5584136018680677,0.4
GEMM_config_M256_K256_N512_UM1_UK1_UN8_ikj_BIAS_False_INLINE_True_COMPORDER_option_2_ap_fixed_16_5_,Overall,34735230,0.347 sec,326,24,4217,6889,17.87280701754386,2.51,0.7693009340338587,0.95
GEMM_config_M256_K256_N512_UM1_UK1_UN8_ikj_BIAS_False_INLINE_True_COMPORDER_option_3_ap_fixed_16_5_,Overall,34850379,0.349 sec,328,17,4216,6498,17.982456140350877,2.37,0.7691185055458261,0.67
GEMM_config_M256_K256_N512_UM1_UK1_UN8_ikj_BIAS_False_INLINE_True_COMPORDER_option_4_ap_fixed_16_5_,Overall,279631,2.796 ms,193,10,3061,5070,10.581140350877192,1.85,0.5584136018680677,0.4
GEMM_config_M256_K256_N512_UM1_UK1_UN8_jik_BIAS_False_INLINE_True_COMPORDER_option_2_ap_fixed_16_5_,Overall,4542650,45.426 ms,326,24,4226,7625,17.87280701754386,2.78,0.770942790426153,0.95
GEMM_config_M256_K256_N512_UM1_UK1_UN8_jik_BIAS_False_INLINE_True_COMPORDER_option_3_ap_fixed_16_5_,Overall,4542338,45.423 ms,328,17,4006,6338,17.982456140350877,2.31,0.7308085230589609,0.67
GEMM_config_M256_K256_N512_UM1_UK1_UN8_jik_BIAS_False_INLINE_True_COMPORDER_option_4_ap_fixed_16_5_,Overall,398284,3.983 ms,193,10,4200,6094,10.581140350877192,2.22,0.766199649737303,0.4
GEMM_config_M256_K256_N512_UM1_UK1_UN8_jki_BIAS_False_INLINE_True_COMPORDER_option_2_ap_fixed_16_5_,Overall,34837753,0.348 sec,326,24,4903,8461,17.87280701754386,3.09,0.8944468768242848,0.95
GEMM_config_M256_K256_N512_UM1_UK1_UN8_jki_BIAS_False_INLINE_True_COMPORDER_option_3_ap_fixed_16_5_,Overall,34838150,0.348 sec,328,17,4685,7172,17.982456140350877,2.62,0.8546774664331582,0.67
GEMM_config_M256_K256_N512_UM1_UK1_UN8_jki_BIAS_False_INLINE_True_COMPORDER_option_4_ap_fixed_16_5_,Overall,398284,3.983 ms,193,10,4200,6094,10.581140350877192,2.22,0.766199649737303,0.4
GEMM_config_M256_K256_N512_UM1_UK1_UN8_kij_BIAS_False_INLINE_True_COMPORDER_option_2_ap_fixed_16_5_,Overall,33788544,0.338 sec,326,24,5472,8949,17.87280701754386,3.27,0.9982486865148861,0.95
GEMM_config_M256_K256_N512_UM1_UK1_UN8_kij_BIAS_False_INLINE_True_COMPORDER_option_3_ap_fixed_16_5_,Overall,33903693,0.339 sec,328,17,5471,8550,17.982456140350877,3.12,0.9980662580268534,0.67
GEMM_config_M256_K256_N512_UM1_UK1_UN8_kij_BIAS_False_INLINE_True_COMPORDER_option_4_ap_fixed_16_5_,Overall,279631,2.796 ms,193,10,3061,5070,10.581140350877192,1.85,0.5584136018680677,0.4
GEMM_config_M256_K256_N512_UM1_UK1_UN8_kji_BIAS_False_INLINE_True_COMPORDER_option_2_ap_fixed_16_5_,Overall,33906937,0.339 sec,326,24,4723,9482,17.87280701754386,3.46,0.8616097489784005,0.95
GEMM_config_M256_K256_N512_UM1_UK1_UN8_kji_BIAS_False_INLINE_True_COMPORDER_option_3_ap_fixed_16_5_,Overall,33907334,0.339 sec,328,17,4505,8193,17.982456140350877,2.99,0.8218403385872738,0.67
GEMM_config_M256_K256_N512_UM1_UK1_UN8_kji_BIAS_False_INLINE_True_COMPORDER_option_4_ap_fixed_16_5_,Overall,398284,3.983 ms,193,10,4200,6094,10.581140350877192,2.22,0.766199649737303,0.4
GEMM_config_M256_K256_N512_UM1_UK8_UN1_ijk_BIAS_False_INLINE_True_COMPORDER_option_2_ap_fixed_16_5_,Overall,34481726,0.345 sec,316,10,3665,5741,17.324561403508774,2.09,0.6686004086398132,0.4
GEMM_config_M256_K256_N512_UM1_UK8_UN1_ijk_BIAS_False_INLINE_True_COMPORDER_option_3_ap_fixed_16_5_,Overall,34481739,0.345 sec,317,10,3998,6127,17.37938596491228,2.24,0.7293490951546994,0.4
GEMM_config_M256_K256_N512_UM1_UK8_UN1_ijk_BIAS_False_INLINE_True_COMPORDER_option_4_ap_fixed_16_5_,Overall,197424,1.974 ms,1,0,1538,2407,0.05482456140350877,0.88,0.280575014594279,0.0
GEMM_config_M256_K256_N512_UM1_UK8_UN1_ikj_BIAS_False_INLINE_True_COMPORDER_option_2_ap_fixed_16_5_,Overall,34013761,0.340 sec,316,10,2946,4944,17.324561403508774,1.8,0.5374343257443083,0.4
GEMM_config_M256_K256_N512_UM1_UK8_UN1_ikj_BIAS_False_INLINE_True_COMPORDER_option_3_ap_fixed_16_5_,Overall,34013513,0.340 sec,317,10,3277,5270,17.37938596491228,1.92,0.597818155283129,0.4
GEMM_config_M256_K256_N512_UM1_UK8_UN1_ikj_BIAS_False_INLINE_True_COMPORDER_option_4_ap_fixed_16_5_,Overall,197424,1.974 ms,1,0,1538,2407,0.05482456140350877,0.88,0.280575014594279,0.0
GEMM_config_M256_K256_N512_UM1_UK8_UN1_jik_BIAS_False_INLINE_True_COMPORDER_option_2_ap_fixed_16_5_,Overall,34016062,0.340 sec,316,10,3810,6756,17.324561403508774,2.46,0.6950525394045534,0.4
GEMM_config_M256_K256_N512_UM1_UK8_UN1_jik_BIAS_False_INLINE_True_COMPORDER_option_3_ap_fixed_16_5_,Overall,34016075,0.340 sec,317,10,3721,6819,17.37938596491228,2.49,0.6788164039696439,0.4
GEMM_config_M256_K256_N512_UM1_UK8_UN1_jik_BIAS_False_INLINE_True_COMPORDER_option_4_ap_fixed_16_5_,Overall,197424,1.974 ms,1,0,1538,2407,0.05482456140350877,0.88,0.280575014594279,0.0
GEMM_config_M256_K256_N512_UM1_UK8_UN1_jki_BIAS_False_INLINE_True_COMPORDER_option_2_ap_fixed_16_5_,Overall,34016062,0.340 sec,316,10,3810,6747,17.324561403508774,2.46,0.6950525394045534,0.4
GEMM_config_M256_K256_N512_UM1_UK8_UN1_jki_BIAS_False_INLINE_True_COMPORDER_option_3_ap_fixed_16_5_,Overall,34016075,0.340 sec,317,10,3721,6810,17.37938596491228,2.48,0.6788164039696439,0.4
GEMM_config_M256_K256_N512_UM1_UK8_UN1_jki_BIAS_False_INLINE_True_COMPORDER_option_4_ap_fixed_16_5_,Overall,197424,1.974 ms,1,0,1538,2407,0.05482456140350877,0.88,0.280575014594279,0.0
GEMM_config_M256_K256_N512_UM1_UK8_UN1_kij_BIAS_False_INLINE_True_COMPORDER_option_2_ap_fixed_16_5_,Overall,34013761,0.340 sec,316,10,2945,4939,17.324561403508774,1.8,0.5372518972562755,0.4
GEMM_config_M256_K256_N512_UM1_UK8_UN1_kij_BIAS_False_INLINE_True_COMPORDER_option_3_ap_fixed_16_5_,Overall,34013513,0.340 sec,317,10,3276,5265,17.37938596491228,1.92,0.5976357267950964,0.4
GEMM_config_M256_K256_N512_UM1_UK8_UN1_kij_BIAS_False_INLINE_True_COMPORDER_option_4_ap_fixed_16_5_,Overall,197424,1.974 ms,1,0,1538,2407,0.05482456140350877,0.88,0.280575014594279,0.0
GEMM_config_M256_K256_N512_UM1_UK8_UN1_kji_BIAS_False_INLINE_True_COMPORDER_option_2_ap_fixed_16_5_,Overall,34949182,0.349 sec,316,10,3837,5538,17.324561403508774,2.02,0.699978108581436,0.4
GEMM_config_M256_K256_N512_UM1_UK8_UN1_kji_BIAS_False_INLINE_True_COMPORDER_option_3_ap_fixed_16_5_,Overall,34949195,0.349 sec,317,10,3748,5618,17.37938596491228,2.05,0.6837419731465266,0.4
GEMM_config_M256_K256_N512_UM1_UK8_UN1_kji_BIAS_False_INLINE_True_COMPORDER_option_4_ap_fixed_16_5_,Overall,197424,1.974 ms,1,0,1538,2407,0.05482456140350877,0.88,0.280575014594279,0.0
GEMM_config_M256_K256_N512_UM1_UK8_UN8_ijk_BIAS_False_INLINE_True_COMPORDER_option_2_ap_fixed_16_5_,Overall,4891774,48.918 ms,330,80,5445,10416,18.092105263157894,3.8,0.9933231173380035,3.17
GEMM_config_M256_K256_N512_UM1_UK8_UN8_ijk_BIAS_False_INLINE_True_COMPORDER_option_3_ap_fixed_16_5_,Overall,5006923,50.069 ms,332,73,5444,10017,18.201754385964914,3.65,0.9931406888499708,2.9
GEMM_config_M256_K256_N512_UM1_UK8_UN8_ijk_BIAS_False_INLINE_True_COMPORDER_option_4_ap_fixed_16_5_,Overall,224140,2.241 ms,203,73,4551,10515,11.12938596491228,3.84,0.8302320490367776,2.9
GEMM_config_M256_K256_N512_UM1_UK8_UN8_ikj_BIAS_False_INLINE_True_COMPORDER_option_2_ap_fixed_16_5_,Overall,34735230,0.347 sec,330,80,5522,9717,18.092105263157894,3.55,1.0073701109165207,3.17
GEMM_config_M256_K256_N512_UM1_UK8_UN8_ikj_BIAS_False_INLINE_True_COMPORDER_option_3_ap_fixed_16_5_,Overall,34850379,0.349 sec,332,73,5521,9326,18.201754385964914,3.4,1.007187682428488,2.9
GEMM_config_M256_K256_N512_UM1_UK8_UN8_ikj_BIAS_False_INLINE_True_COMPORDER_option_4_ap_fixed_16_5_,Overall,224140,2.241 ms,203,73,4551,10515,11.12938596491228,3.84,0.8302320490367776,2.9
GEMM_config_M256_K256_N512_UM1_UK8_UN8_jik_BIAS_False_INLINE_True_COMPORDER_option_2_ap_fixed_16_5_,Overall,4544503,45.445 ms,330,80,6318,12971,18.092105263157894,4.73,1.152583187390543,3.17
GEMM_config_M256_K256_N512_UM1_UK8_UN8_jik_BIAS_False_INLINE_True_COMPORDER_option_3_ap_fixed_16_5_,Overall,4544900,45.449 ms,332,73,6100,11689,18.201754385964914,4.26,1.1128137769994162,2.9
GEMM_config_M256_K256_N512_UM1_UK8_UN8_jik_BIAS_False_INLINE_True_COMPORDER_option_4_ap_fixed_16_5_,Overall,399909,3.999 ms,203,73,6395,11484,11.12938596491228,4.19,1.1666301809690602,2.9
GEMM_config_M256_K256_N512_UM1_UK8_UN8_jki_BIAS_False_INLINE_True_COMPORDER_option_2_ap_fixed_16_5_,Overall,34837529,0.348 sec,330,80,11219,17516,18.092105263157894,6.39,2.0466652072387626,3.17
GEMM_config_M256_K256_N512_UM1_UK8_UN8_jki_BIAS_False_INLINE_True_COMPORDER_option_3_ap_fixed_16_5_,Overall,34837926,0.348 sec,332,73,11001,16235,18.201754385964914,5.92,2.0068957968476355,2.9
GEMM_config_M256_K256_N512_UM1_UK8_UN8_jki_BIAS_False_INLINE_True_COMPORDER_option_4_ap_fixed_16_5_,Overall,399909,3.999 ms,203,73,6395,11484,11.12938596491228,4.19,1.1666301809690602,2.9
GEMM_config_M256_K256_N512_UM1_UK8_UN8_kij_BIAS_False_INLINE_True_COMPORDER_option_2_ap_fixed_16_5_,Overall,33788544,0.338 sec,330,80,5737,11225,18.092105263157894,4.1,1.0465922358435493,3.17
GEMM_config_M256_K256_N512_UM1_UK8_UN8_kij_BIAS_False_INLINE_True_COMPORDER_option_3_ap_fixed_16_5_,Overall,33903693,0.339 sec,332,73,5736,10826,18.201754385964914,3.95,1.0464098073555168,2.9
GEMM_config_M256_K256_N512_UM1_UK8_UN8_kij_BIAS_False_INLINE_True_COMPORDER_option_4_ap_fixed_16_5_,Overall,224140,2.241 ms,203,73,4551,10515,11.12938596491228,3.84,0.8302320490367776,2.9
GEMM_config_M256_K256_N512_UM1_UK8_UN8_kji_BIAS_False_INLINE_True_COMPORDER_option_2_ap_fixed_16_5_,Overall,34837817,0.348 sec,330,80,11197,17509,18.092105263157894,6.39,2.042651780502043,3.17
GEMM_config_M256_K256_N512_UM1_UK8_UN8_kji_BIAS_False_INLINE_True_COMPORDER_option_3_ap_fixed_16_5_,Overall,34838214,0.348 sec,332,73,10979,16228,18.201754385964914,5.92,2.0028823701109166,2.9
GEMM_config_M256_K256_N512_UM1_UK8_UN8_kji_BIAS_False_INLINE_True_COMPORDER_option_4_ap_fixed_16_5_,Overall,399909,3.999 ms,203,73,6395,11484,11.12938596491228,4.19,1.1666301809690602,2.9
GEMM_config_M256_K256_N512_UM8_UK1_UN1_ijk_BIAS_False_INLINE_True_COMPORDER_option_2_ap_fixed_16_5_,Overall,33903577,0.339 sec,315,17,4588,8946,17.269736842105264,3.26,0.8369819030939871,0.67
GEMM_config_M256_K256_N512_UM8_UK1_UN1_ijk_BIAS_False_INLINE_True_COMPORDER_option_3_ap_fixed_16_5_,Overall,33903398,0.339 sec,315,24,5010,9522,17.269736842105264,3.47,0.913966725043783,0.95
GEMM_config_M256_K256_N512_UM8_UK1_UN1_ijk_BIAS_False_INLINE_True_COMPORDER_option_4_ap_fixed_16_5_,Overall,592999,5.930 ms,187,17,5583,11811,10.25219298245614,4.31,1.0184982486865148,0.67
GEMM_config_M256_K256_N512_UM8_UK1_UN1_ikj_BIAS_False_INLINE_True_COMPORDER_option_2_ap_fixed_16_5_,Overall,33903577,0.339 sec,315,17,6276,10154,17.269736842105264,3.7,1.1449211908931698,0.67
GEMM_config_M256_K256_N512_UM8_UK1_UN1_ikj_BIAS_False_INLINE_True_COMPORDER_option_3_ap_fixed_16_5_,Overall,33903398,0.339 sec,315,24,6698,10730,17.269736842105264,3.91,1.2219060128429655,0.95
GEMM_config_M256_K256_N512_UM8_UK1_UN1_ikj_BIAS_False_INLINE_True_COMPORDER_option_4_ap_fixed_16_5_,Overall,592999,5.930 ms,187,17,5583,11811,10.25219298245614,4.31,1.0184982486865148,0.67
GEMM_config_M256_K256_N512_UM8_UK1_UN1_jik_BIAS_False_INLINE_True_COMPORDER_option_2_ap_fixed_16_5_,Overall,34367424,0.344 sec,315,17,4029,6889,17.269736842105264,2.51,0.7350043782837128,0.67
GEMM_config_M256_K256_N512_UM8_UK1_UN1_jik_BIAS_False_INLINE_True_COMPORDER_option_3_ap_fixed_16_5_,Overall,34252525,0.343 sec,315,24,4378,7517,17.269736842105264,2.74,0.7986719206071221,0.95
GEMM_config_M256_K256_N512_UM8_UK1_UN1_jik_BIAS_False_INLINE_True_COMPORDER_option_4_ap_fixed_16_5_,Overall,394574,3.946 ms,187,17,4025,6428,10.25219298245614,2.35,0.7342746643315821,0.67
GEMM_config_M256_K256_N512_UM8_UK1_UN1_jki_BIAS_False_INLINE_True_COMPORDER_option_2_ap_fixed_16_5_,Overall,4538945,45.389 ms,315,17,3232,5631,17.269736842105264,2.05,0.5896088733216579,0.67
GEMM_config_M256_K256_N512_UM8_UK1_UN1_jki_BIAS_False_INLINE_True_COMPORDER_option_3_ap_fixed_16_5_,Overall,4424009,44.240 ms,315,24,3579,6183,17.269736842105264,2.26,0.6529115586690017,0.95
GEMM_config_M256_K256_N512_UM8_UK1_UN1_jki_BIAS_False_INLINE_True_COMPORDER_option_4_ap_fixed_16_5_,Overall,394574,3.946 ms,187,17,4025,6428,10.25219298245614,2.35,0.7342746643315821,0.67
GEMM_config_M256_K256_N512_UM8_UK1_UN1_kij_BIAS_False_INLINE_True_COMPORDER_option_2_ap_fixed_16_5_,Overall,34852695,0.349 sec,315,17,4971,7563,17.269736842105264,2.76,0.9068520140105079,0.67
GEMM_config_M256_K256_N512_UM8_UK1_UN1_kij_BIAS_False_INLINE_True_COMPORDER_option_3_ap_fixed_16_5_,Overall,34852516,0.349 sec,315,24,5393,8140,17.269736842105264,2.97,0.9838368359603035,0.95
GEMM_config_M256_K256_N512_UM8_UK1_UN1_kij_BIAS_False_INLINE_True_COMPORDER_option_4_ap_fixed_16_5_,Overall,592999,5.930 ms,187,17,5583,11811,10.25219298245614,4.31,1.0184982486865148,0.67
GEMM_config_M256_K256_N512_UM8_UK1_UN1_kji_BIAS_False_INLINE_True_COMPORDER_option_2_ap_fixed_16_5_,Overall,4538945,45.389 ms,315,17,3231,5627,17.269736842105264,2.05,0.5894264448336253,0.67
GEMM_config_M256_K256_N512_UM8_UK1_UN1_kji_BIAS_False_INLINE_True_COMPORDER_option_3_ap_fixed_16_5_,Overall,4424009,44.240 ms,315,24,3578,6179,17.269736842105264,2.25,0.652729130180969,0.95
GEMM_config_M256_K256_N512_UM8_UK1_UN1_kji_BIAS_False_INLINE_True_COMPORDER_option_4_ap_fixed_16_5_,Overall,394574,3.946 ms,187,17,4025,6428,10.25219298245614,2.35,0.7342746643315821,0.67
GEMM_config_M256_K256_N512_UM8_UK1_UN8_ijk_BIAS_False_INLINE_True_COMPORDER_option_2_ap_fixed_16_5_,Overall,4413977,44.140 ms,330,136,6121,14845,18.092105263157894,5.42,1.1166447752481026,5.4
GEMM_config_M256_K256_N512_UM8_UK1_UN8_ijk_BIAS_False_INLINE_True_COMPORDER_option_3_ap_fixed_16_5_,Overall,4528934,45.289 ms,330,136,7398,14552,18.092105263157894,5.31,1.3496059544658494,5.4
GEMM_config_M256_K256_N512_UM8_UK1_UN8_ijk_BIAS_False_INLINE_True_COMPORDER_option_4_ap_fixed_16_5_,Overall,346984,3.470 ms,195,24,5466,11601,10.69078947368421,4.23,0.99715411558669,0.95
GEMM_config_M256_K256_N512_UM8_UK1_UN8_ikj_BIAS_False_INLINE_True_COMPORDER_option_2_ap_fixed_16_5_,Overall,34722873,0.347 sec,330,136,13834,22942,18.092105263157894,8.37,2.5237157034442497,5.4
GEMM_config_M256_K256_N512_UM8_UK1_UN8_ikj_BIAS_False_INLINE_True_COMPORDER_option_3_ap_fixed_16_5_,Overall,34837830,0.348 sec,330,136,15175,22658,18.092105263157894,8.27,2.7683523058960886,5.4
GEMM_config_M256_K256_N512_UM8_UK1_UN8_ikj_BIAS_False_INLINE_True_COMPORDER_option_4_ap_fixed_16_5_,Overall,346984,3.470 ms,195,24,5466,11601,10.69078947368421,4.23,0.99715411558669,0.95
GEMM_config_M256_K256_N512_UM8_UK1_UN8_jik_BIAS_False_INLINE_True_COMPORDER_option_2_ap_fixed_16_5_,Overall,4996217,49.962 ms,330,136,7349,13151,18.092105263157894,4.8,1.3406669585522475,5.4
GEMM_config_M256_K256_N512_UM8_UK1_UN8_jik_BIAS_False_INLINE_True_COMPORDER_option_3_ap_fixed_16_5_,Overall,4881702,48.817 ms,330,136,6547,14326,18.092105263157894,5.23,1.1943593111500292,5.4
GEMM_config_M256_K256_N512_UM8_UK1_UN8_jik_BIAS_False_INLINE_True_COMPORDER_option_4_ap_fixed_16_5_,Overall,398284,3.983 ms,195,24,4674,7243,10.69078947368421,2.64,0.8526707530647986,0.95
GEMM_config_M256_K256_N512_UM8_UK1_UN8_jki_BIAS_False_INLINE_True_COMPORDER_option_2_ap_fixed_16_5_,Overall,5463289,54.633 ms,330,136,7311,13117,18.092105263157894,4.79,1.3337346760070052,5.4
GEMM_config_M256_K256_N512_UM8_UK1_UN8_jki_BIAS_False_INLINE_True_COMPORDER_option_3_ap_fixed_16_5_,Overall,5348774,53.488 ms,330,136,6509,14292,18.092105263157894,5.21,1.1874270286047868,5.4
GEMM_config_M256_K256_N512_UM8_UK1_UN8_jki_BIAS_False_INLINE_True_COMPORDER_option_4_ap_fixed_16_5_,Overall,398284,3.983 ms,195,24,4674,7243,10.69078947368421,2.64,0.8526707530647986,0.95
GEMM_config_M256_K256_N512_UM8_UK1_UN8_kij_BIAS_False_INLINE_True_COMPORDER_option_2_ap_fixed_16_5_,Overall,34723289,0.347 sec,330,136,13838,22928,18.092105263157894,8.37,2.5244454173963806,5.4
GEMM_config_M256_K256_N512_UM8_UK1_UN8_kij_BIAS_False_INLINE_True_COMPORDER_option_3_ap_fixed_16_5_,Overall,34838246,0.348 sec,330,136,15179,22644,18.092105263157894,8.26,2.7690820198482196,5.4
GEMM_config_M256_K256_N512_UM8_UK1_UN8_kij_BIAS_False_INLINE_True_COMPORDER_option_4_ap_fixed_16_5_,Overall,346984,3.470 ms,195,24,5466,11601,10.69078947368421,4.23,0.99715411558669,0.95
GEMM_config_M256_K256_N512_UM8_UK1_UN8_kji_BIAS_False_INLINE_True_COMPORDER_option_2_ap_fixed_16_5_,Overall,4532473,45.325 ms,330,136,7099,14210,18.092105263157894,5.18,1.2950598365440749,5.4
GEMM_config_M256_K256_N512_UM8_UK1_UN8_kji_BIAS_False_INLINE_True_COMPORDER_option_3_ap_fixed_16_5_,Overall,4417958,44.180 ms,330,136,6297,15385,18.092105263157894,5.61,1.1487521891418564,5.4
GEMM_config_M256_K256_N512_UM8_UK1_UN8_kji_BIAS_False_INLINE_True_COMPORDER_option_4_ap_fixed_16_5_,Overall,398284,3.983 ms,195,24,4674,7243,10.69078947368421,2.64,0.8526707530647986,0.95
GEMM_config_M256_K256_N512_UM8_UK8_UN1_ijk_BIAS_False_INLINE_True_COMPORDER_option_2_ap_fixed_16_5_,Overall,34369017,0.344 sec,323,73,11877,19412,17.708333333333336,7.08,2.1667031523642732,2.9
GEMM_config_M256_K256_N512_UM8_UK8_UN1_ijk_BIAS_False_INLINE_True_COMPORDER_option_3_ap_fixed_16_5_,Overall,34368838,0.344 sec,323,80,12299,19999,17.708333333333336,7.3,2.243687974314069,3.17
GEMM_config_M256_K256_N512_UM8_UK8_UN1_ijk_BIAS_False_INLINE_True_COMPORDER_option_4_ap_fixed_16_5_,Overall,471972,4.720 ms,202,80,6610,16296,11.074561403508772,5.95,1.2058523058960888,3.17
GEMM_config_M256_K256_N512_UM8_UK8_UN1_ikj_BIAS_False_INLINE_True_COMPORDER_option_2_ap_fixed_16_5_,Overall,33903577,0.339 sec,323,73,6508,12214,17.708333333333336,4.46,1.1872446001167543,2.9
GEMM_config_M256_K256_N512_UM8_UK8_UN1_ikj_BIAS_False_INLINE_True_COMPORDER_option_3_ap_fixed_16_5_,Overall,33903398,0.339 sec,323,80,6930,12790,17.708333333333336,4.67,1.26422942206655,3.17
GEMM_config_M256_K256_N512_UM8_UK8_UN1_ikj_BIAS_False_INLINE_True_COMPORDER_option_4_ap_fixed_16_5_,Overall,471972,4.720 ms,202,80,6610,16296,11.074561403508772,5.95,1.2058523058960888,3.17
GEMM_config_M256_K256_N512_UM8_UK8_UN1_jik_BIAS_False_INLINE_True_COMPORDER_option_2_ap_fixed_16_5_,Overall,34367200,0.344 sec,323,73,11139,18421,17.708333333333336,6.72,2.032070928196147,2.9
GEMM_config_M256_K256_N512_UM8_UK8_UN1_jik_BIAS_False_INLINE_True_COMPORDER_option_3_ap_fixed_16_5_,Overall,34252301,0.343 sec,323,80,11488,18995,17.708333333333336,6.93,2.0957384705195565,3.17
GEMM_config_M256_K256_N512_UM8_UK8_UN1_jik_BIAS_False_INLINE_True_COMPORDER_option_4_ap_fixed_16_5_,Overall,396423,3.964 ms,202,80,5918,10220,11.074561403508772,3.73,1.0796117921774664,3.17
GEMM_config_M256_K256_N512_UM8_UK8_UN1_jki_BIAS_False_INLINE_True_COMPORDER_option_2_ap_fixed_16_5_,Overall,4541246,45.412 ms,323,73,5392,11190,17.708333333333336,4.08,0.9836544074722708,2.9
GEMM_config_M256_K256_N512_UM8_UK8_UN1_jki_BIAS_False_INLINE_True_COMPORDER_option_3_ap_fixed_16_5_,Overall,4426347,44.263 ms,323,80,5741,11785,17.708333333333336,4.3,1.04732194979568,3.17
GEMM_config_M256_K256_N512_UM8_UK8_UN1_jki_BIAS_False_INLINE_True_COMPORDER_option_4_ap_fixed_16_5_,Overall,396423,3.964 ms,202,80,5918,10220,11.074561403508772,3.73,1.0796117921774664,3.17
GEMM_config_M256_K256_N512_UM8_UK8_UN1_kij_BIAS_False_INLINE_True_COMPORDER_option_2_ap_fixed_16_5_,Overall,34852695,0.349 sec,323,73,6278,10415,17.708333333333336,3.8,1.1452860478692353,2.9
GEMM_config_M256_K256_N512_UM8_UK8_UN1_kij_BIAS_False_INLINE_True_COMPORDER_option_3_ap_fixed_16_5_,Overall,34852516,0.349 sec,323,80,6700,10992,17.708333333333336,4.01,1.222270869819031,3.17
GEMM_config_M256_K256_N512_UM8_UK8_UN1_kij_BIAS_False_INLINE_True_COMPORDER_option_4_ap_fixed_16_5_,Overall,471972,4.720 ms,202,80,6610,16296,11.074561403508772,5.95,1.2058523058960888,3.17
GEMM_config_M256_K256_N512_UM8_UK8_UN1_kji_BIAS_False_INLINE_True_COMPORDER_option_2_ap_fixed_16_5_,Overall,5474366,54.744 ms,323,73,5443,10053,17.708333333333336,3.67,0.9929582603619381,2.9
GEMM_config_M256_K256_N512_UM8_UK8_UN1_kji_BIAS_False_INLINE_True_COMPORDER_option_3_ap_fixed_16_5_,Overall,5359467,53.595 ms,323,80,5792,10665,17.708333333333336,3.89,1.0566258026853472,3.17
GEMM_config_M256_K256_N512_UM8_UK8_UN1_kji_BIAS_False_INLINE_True_COMPORDER_option_4_ap_fixed_16_5_,Overall,396423,3.964 ms,202,80,5918,10220,11.074561403508772,3.73,1.0796117921774664,3.17
GEMM_config_M256_K256_N512_UM8_UK8_UN8_ijk_BIAS_False_INLINE_True_COMPORDER_option_2_ap_fixed_16_5_,Overall,4879417,48.794 ms,330,584,20734,41591,18.092105263157894,15.17,3.782472270869819,23.17
GEMM_config_M256_K256_N512_UM8_UK8_UN8_ijk_BIAS_False_INLINE_True_COMPORDER_option_3_ap_fixed_16_5_,Overall,4994374,49.944 ms,330,584,22075,41307,18.092105263157894,15.07,4.027108873321658,23.17
GEMM_config_M256_K256_N512_UM8_UK8_UN8_ijk_BIAS_False_INLINE_True_COMPORDER_option_4_ap_fixed_16_5_,Overall,225957,2.260 ms,202,136,5902,15129,11.074561403508772,5.52,1.0766929363689435,5.4
GEMM_config_M256_K256_N512_UM8_UK8_UN8_ikj_BIAS_False_INLINE_True_COMPORDER_option_2_ap_fixed_16_5_,Overall,34722873,0.347 sec,330,584,24230,35898,18.092105263157894,13.1,4.420242265032107,23.17
GEMM_config_M256_K256_N512_UM8_UK8_UN8_ikj_BIAS_False_INLINE_True_COMPORDER_option_3_ap_fixed_16_5_,Overall,34837830,0.348 sec,330,584,25571,35614,18.092105263157894,12.99,4.664878867483947,23.17
GEMM_config_M256_K256_N512_UM8_UK8_UN8_ikj_BIAS_False_INLINE_True_COMPORDER_option_4_ap_fixed_16_5_,Overall,225957,2.260 ms,202,136,5902,15129,11.074561403508772,5.52,1.0766929363689435,5.4
GEMM_config_M256_K256_N512_UM8_UK8_UN8_jik_BIAS_False_INLINE_True_COMPORDER_option_2_ap_fixed_16_5_,Overall,4995993,49.960 ms,330,584,21764,40851,18.092105263157894,14.9,3.970373613543491,23.17
GEMM_config_M256_K256_N512_UM8_UK8_UN8_jik_BIAS_False_INLINE_True_COMPORDER_option_3_ap_fixed_16_5_,Overall,4881478,48.815 ms,330,584,20962,42034,18.092105263157894,15.34,3.824065966141273,23.17
GEMM_config_M256_K256_N512_UM8_UK8_UN8_jik_BIAS_False_INLINE_True_COMPORDER_option_4_ap_fixed_16_5_,Overall,399909,3.999 ms,202,136,7968,13654,11.074561403508772,4.98,1.4535901926444834,5.4
GEMM_config_M256_K256_N512_UM8_UK8_UN8_jki_BIAS_False_INLINE_True_COMPORDER_option_2_ap_fixed_16_5_,Overall,5463065,54.631 ms,330,584,21595,40788,18.092105263157894,14.88,3.939543199065966,23.17
GEMM_config_M256_K256_N512_UM8_UK8_UN8_jki_BIAS_False_INLINE_True_COMPORDER_option_3_ap_fixed_16_5_,Overall,5348550,53.486 ms,330,584,20793,41971,18.092105263157894,15.31,3.7932355516637477,23.17
GEMM_config_M256_K256_N512_UM8_UK8_UN8_jki_BIAS_False_INLINE_True_COMPORDER_option_4_ap_fixed_16_5_,Overall,399909,3.999 ms,202,136,7968,13654,11.074561403508772,4.98,1.4535901926444834,5.4
GEMM_config_M256_K256_N512_UM8_UK8_UN8_kij_BIAS_False_INLINE_True_COMPORDER_option_2_ap_fixed_16_5_,Overall,34723289,0.347 sec,330,584,24199,35884,18.092105263157894,13.09,4.414586981903094,23.17
GEMM_config_M256_K256_N512_UM8_UK8_UN8_kij_BIAS_False_INLINE_True_COMPORDER_option_3_ap_fixed_16_5_,Overall,34838246,0.348 sec,330,584,25540,35600,18.092105263157894,12.99,4.659223584354933,23.17
GEMM_config_M256_K256_N512_UM8_UK8_UN8_kij_BIAS_False_INLINE_True_COMPORDER_option_4_ap_fixed_16_5_,Overall,225957,2.260 ms,202,136,5902,15129,11.074561403508772,5.52,1.0766929363689435,5.4
GEMM_config_M256_K256_N512_UM8_UK8_UN8_kji_BIAS_False_INLINE_True_COMPORDER_option_2_ap_fixed_16_5_,Overall,5463353,54.634 ms,330,584,21573,40781,18.092105263157894,14.88,3.935529772329247,23.17
GEMM_config_M256_K256_N512_UM8_UK8_UN8_kji_BIAS_False_INLINE_True_COMPORDER_option_3_ap_fixed_16_5_,Overall,5348838,53.488 ms,330,584,20771,41964,18.092105263157894,15.31,3.789222124927029,23.17
GEMM_config_M256_K256_N512_UM8_UK8_UN8_kji_BIAS_False_INLINE_True_COMPORDER_option_4_ap_fixed_16_5_,Overall,399909,3.999 ms,202,136,7968,13654,11.074561403508772,4.98,1.4535901926444834,5.4
GEMM_config_M256_K512_N256_UM1_UK1_UN1_ijk_BIAS_False_INLINE_True_COMPORDER_option_2_ap_fixed_16_5_,Overall,33947969,0.339 sec,304,3,2716,4388,16.666666666666664,1.6,0.4954757734967893,0.12
GEMM_config_M256_K512_N256_UM1_UK1_UN1_ijk_BIAS_False_INLINE_True_COMPORDER_option_3_ap_fixed_16_5_,Overall,33947977,0.339 sec,305,3,3047,4708,16.721491228070175,1.72,0.55585960303561,0.12
GEMM_config_M256_K512_N256_UM1_UK1_UN1_ijk_BIAS_False_INLINE_True_COMPORDER_option_4_ap_fixed_16_5_,Overall,393785,3.938 ms,123,1,1680,2772,6.743421052631579,1.01,0.3064798598949212,0.04
GEMM_config_M256_K512_N256_UM1_UK1_UN1_ikj_BIAS_False_INLINE_True_COMPORDER_option_2_ap_fixed_16_5_,Overall,33947969,0.339 sec,304,3,2927,4542,16.666666666666664,1.66,0.533968184471687,0.12
GEMM_config_M256_K512_N256_UM1_UK1_UN1_ikj_BIAS_False_INLINE_True_COMPORDER_option_3_ap_fixed_16_5_,Overall,33947977,0.339 sec,305,3,3258,4862,16.721491228070175,1.77,0.5943520140105079,0.12
GEMM_config_M256_K512_N256_UM1_UK1_UN1_ikj_BIAS_False_INLINE_True_COMPORDER_option_4_ap_fixed_16_5_,Overall,393785,3.938 ms,123,1,1680,2772,6.743421052631579,1.01,0.3064798598949212,0.04
GEMM_config_M256_K512_N256_UM1_UK1_UN1_jik_BIAS_False_INLINE_True_COMPORDER_option_2_ap_fixed_16_5_,Overall,33947969,0.339 sec,304,3,2926,4536,16.666666666666664,1.65,0.5337857559836544,0.12
GEMM_config_M256_K512_N256_UM1_UK1_UN1_jik_BIAS_False_INLINE_True_COMPORDER_option_3_ap_fixed_16_5_,Overall,33947977,0.339 sec,305,3,2835,4552,16.721491228070175,1.66,0.5171847635726795,0.12
GEMM_config_M256_K512_N256_UM1_UK1_UN1_jik_BIAS_False_INLINE_True_COMPORDER_option_4_ap_fixed_16_5_,Overall,393785,3.938 ms,123,1,1891,2927,6.743421052631579,1.07,0.344972270869819,0.04
GEMM_config_M256_K512_N256_UM1_UK1_UN1_jki_BIAS_False_INLINE_True_COMPORDER_option_2_ap_fixed_16_5_,Overall,33947969,0.339 sec,304,3,2926,4536,16.666666666666664,1.65,0.5337857559836544,0.12
GEMM_config_M256_K512_N256_UM1_UK1_UN1_jki_BIAS_False_INLINE_True_COMPORDER_option_3_ap_fixed_16_5_,Overall,33947977,0.339 sec,305,3,2835,4552,16.721491228070175,1.66,0.5171847635726795,0.12
GEMM_config_M256_K512_N256_UM1_UK1_UN1_jki_BIAS_False_INLINE_True_COMPORDER_option_4_ap_fixed_16_5_,Overall,393785,3.938 ms,123,1,1891,2927,6.743421052631579,1.07,0.344972270869819,0.04
GEMM_config_M256_K512_N256_UM1_UK1_UN1_kij_BIAS_False_INLINE_True_COMPORDER_option_2_ap_fixed_16_5_,Overall,33947969,0.339 sec,304,3,2927,4542,16.666666666666664,1.66,0.533968184471687,0.12
GEMM_config_M256_K512_N256_UM1_UK1_UN1_kij_BIAS_False_INLINE_True_COMPORDER_option_3_ap_fixed_16_5_,Overall,33947977,0.339 sec,305,3,3258,4862,16.721491228070175,1.77,0.5943520140105079,0.12
GEMM_config_M256_K512_N256_UM1_UK1_UN1_kij_BIAS_False_INLINE_True_COMPORDER_option_4_ap_fixed_16_5_,Overall,393785,3.938 ms,123,1,1680,2772,6.743421052631579,1.01,0.3064798598949212,0.04
GEMM_config_M256_K512_N256_UM1_UK1_UN1_kji_BIAS_False_INLINE_True_COMPORDER_option_2_ap_fixed_16_5_,Overall,33947969,0.339 sec,304,3,2927,4540,16.666666666666664,1.66,0.533968184471687,0.12
GEMM_config_M256_K512_N256_UM1_UK1_UN1_kji_BIAS_False_INLINE_True_COMPORDER_option_3_ap_fixed_16_5_,Overall,33947977,0.339 sec,305,3,2836,4556,16.721491228070175,1.66,0.5173671920607122,0.12
GEMM_config_M256_K512_N256_UM1_UK1_UN1_kji_BIAS_False_INLINE_True_COMPORDER_option_4_ap_fixed_16_5_,Overall,393785,3.938 ms,123,1,1891,2927,6.743421052631579,1.07,0.344972270869819,0.04
GEMM_config_M256_K512_N256_UM1_UK1_UN8_ijk_BIAS_False_INLINE_True_COMPORDER_option_2_ap_fixed_16_5_,Overall,4473153,44.732 ms,314,24,3437,6055,17.214912280701753,2.21,0.6270067133683597,0.95
GEMM_config_M256_K512_N256_UM1_UK1_UN8_ijk_BIAS_False_INLINE_True_COMPORDER_option_3_ap_fixed_16_5_,Overall,4530505,45.305 ms,316,17,3324,5598,17.324561403508774,2.04,0.6063922942206655,0.67
GEMM_config_M256_K512_N256_UM1_UK1_UN8_ijk_BIAS_False_INLINE_True_COMPORDER_option_4_ap_fixed_16_5_,Overall,279097,2.791 ms,138,8,1731,3398,7.565789473684211,1.24,0.31578371278458844,0.32
GEMM_config_M256_K512_N256_UM1_UK1_UN8_ikj_BIAS_False_INLINE_True_COMPORDER_option_2_ap_fixed_16_5_,Overall,34308958,0.343 sec,314,24,4445,6999,17.214912280701753,2.55,0.8108946293053124,0.95
GEMM_config_M256_K512_N256_UM1_UK1_UN8_ikj_BIAS_False_INLINE_True_COMPORDER_option_3_ap_fixed_16_5_,Overall,34366795,0.344 sec,316,17,4334,6610,17.324561403508774,2.41,0.7906450671336835,0.67
GEMM_config_M256_K512_N256_UM1_UK1_UN8_ikj_BIAS_False_INLINE_True_COMPORDER_option_4_ap_fixed_16_5_,Overall,279097,2.791 ms,138,8,1731,3398,7.565789473684211,1.24,0.31578371278458844,0.32
GEMM_config_M256_K512_N256_UM1_UK1_UN8_jik_BIAS_False_INLINE_True_COMPORDER_option_2_ap_fixed_16_5_,Overall,4532346,45.323 ms,314,24,4322,7694,17.214912280701753,2.81,0.7884559252772914,0.95
GEMM_config_M256_K512_N256_UM1_UK1_UN8_jik_BIAS_False_INLINE_True_COMPORDER_option_3_ap_fixed_16_5_,Overall,4532322,45.323 ms,316,17,4108,6401,17.324561403508774,2.34,0.7494162288382954,0.67
GEMM_config_M256_K512_N256_UM1_UK1_UN8_jik_BIAS_False_INLINE_True_COMPORDER_option_4_ap_fixed_16_5_,Overall,395635,3.956 ms,138,8,2730,4245,7.565789473684211,1.55,0.49802977232924694,0.32
GEMM_config_M256_K512_N256_UM1_UK1_UN8_jki_BIAS_False_INLINE_True_COMPORDER_option_2_ap_fixed_16_5_,Overall,34827801,0.348 sec,314,24,5003,8521,17.214912280701753,3.11,0.9126897256275541,0.95
GEMM_config_M256_K512_N256_UM1_UK1_UN8_jki_BIAS_False_INLINE_True_COMPORDER_option_3_ap_fixed_16_5_,Overall,34828262,0.348 sec,316,17,4791,7226,17.324561403508774,2.64,0.8740148861646235,0.67
GEMM_config_M256_K512_N256_UM1_UK1_UN8_jki_BIAS_False_INLINE_True_COMPORDER_option_4_ap_fixed_16_5_,Overall,395635,3.956 ms,138,8,2730,4245,7.565789473684211,1.55,0.49802977232924694,0.32
GEMM_config_M256_K512_N256_UM1_UK1_UN8_kij_BIAS_False_INLINE_True_COMPORDER_option_2_ap_fixed_16_5_,Overall,33835488,0.338 sec,314,24,5703,9086,17.214912280701753,3.32,1.0403896672504378,0.95
GEMM_config_M256_K512_N256_UM1_UK1_UN8_kij_BIAS_False_INLINE_True_COMPORDER_option_3_ap_fixed_16_5_,Overall,33893325,0.339 sec,316,17,5592,8689,17.324561403508774,3.17,1.020140105078809,0.67
GEMM_config_M256_K512_N256_UM1_UK1_UN8_kij_BIAS_False_INLINE_True_COMPORDER_option_4_ap_fixed_16_5_,Overall,279097,2.791 ms,138,8,1731,3398,7.565789473684211,1.24,0.31578371278458844,0.32
GEMM_config_M256_K512_N256_UM1_UK1_UN8_kji_BIAS_False_INLINE_True_COMPORDER_option_2_ap_fixed_16_5_,Overall,33894681,0.339 sec,314,24,4837,9580,17.214912280701753,3.5,0.8824065966141272,0.95
GEMM_config_M256_K512_N256_UM1_UK1_UN8_kji_BIAS_False_INLINE_True_COMPORDER_option_3_ap_fixed_16_5_,Overall,33895142,0.339 sec,316,17,4625,8285,17.324561403508774,3.02,0.8437317571511967,0.67
GEMM_config_M256_K512_N256_UM1_UK1_UN8_kji_BIAS_False_INLINE_True_COMPORDER_option_4_ap_fixed_16_5_,Overall,395635,3.956 ms,138,8,2730,4245,7.565789473684211,1.55,0.49802977232924694,0.32
GEMM_config_M256_K512_N256_UM1_UK8_UN1_ijk_BIAS_False_INLINE_True_COMPORDER_option_2_ap_fixed_16_5_,Overall,34882622,0.349 sec,320,10,3625,5700,17.543859649122805,2.08,0.6613032691185056,0.4
GEMM_config_M256_K512_N256_UM1_UK8_UN1_ijk_BIAS_False_INLINE_True_COMPORDER_option_3_ap_fixed_16_5_,Overall,34882891,0.349 sec,321,10,3958,6080,17.598684210526315,2.22,0.7220519556333918,0.4
GEMM_config_M256_K512_N256_UM1_UK8_UN1_ijk_BIAS_False_INLINE_True_COMPORDER_option_4_ap_fixed_16_5_,Overall,414156,4.142 ms,260,17,3960,6443,14.25438596491228,2.35,0.7224168126094571,0.67
GEMM_config_M256_K512_N256_UM1_UK8_UN1_ikj_BIAS_False_INLINE_True_COMPORDER_option_2_ap_fixed_16_5_,Overall,33947969,0.339 sec,320,10,2939,4926,17.543859649122805,1.8,0.5361573263280793,0.4
GEMM_config_M256_K512_N256_UM1_UK8_UN1_ikj_BIAS_False_INLINE_True_COMPORDER_option_3_ap_fixed_16_5_,Overall,33947977,0.339 sec,321,10,3270,5246,17.598684210526315,1.91,0.5965411558669002,0.4
GEMM_config_M256_K512_N256_UM1_UK8_UN1_ikj_BIAS_False_INLINE_True_COMPORDER_option_4_ap_fixed_16_5_,Overall,414156,4.142 ms,260,17,3960,6443,14.25438596491228,2.35,0.7224168126094571,0.67
GEMM_config_M256_K512_N256_UM1_UK8_UN1_jik_BIAS_False_INLINE_True_COMPORDER_option_2_ap_fixed_16_5_,Overall,33951806,0.340 sec,320,10,3760,6692,17.543859649122805,2.44,0.6859311150029188,0.4
GEMM_config_M256_K512_N256_UM1_UK8_UN1_jik_BIAS_False_INLINE_True_COMPORDER_option_3_ap_fixed_16_5_,Overall,33952075,0.340 sec,321,10,3671,6751,17.598684210526315,2.46,0.6696949795680094,0.4
GEMM_config_M256_K512_N256_UM1_UK8_UN1_jik_BIAS_False_INLINE_True_COMPORDER_option_4_ap_fixed_16_5_,Overall,528840,5.288 ms,260,17,4254,6534,14.25438596491228,2.38,0.7760507880910683,0.67
GEMM_config_M256_K512_N256_UM1_UK8_UN1_jki_BIAS_False_INLINE_True_COMPORDER_option_2_ap_fixed_16_5_,Overall,33951806,0.340 sec,320,10,3760,6692,17.543859649122805,2.44,0.6859311150029188,0.4
GEMM_config_M256_K512_N256_UM1_UK8_UN1_jki_BIAS_False_INLINE_True_COMPORDER_option_3_ap_fixed_16_5_,Overall,33952075,0.340 sec,321,10,3671,6751,17.598684210526315,2.46,0.6696949795680094,0.4
GEMM_config_M256_K512_N256_UM1_UK8_UN1_jki_BIAS_False_INLINE_True_COMPORDER_option_4_ap_fixed_16_5_,Overall,528840,5.288 ms,260,17,4254,6534,14.25438596491228,2.38,0.7760507880910683,0.67
GEMM_config_M256_K512_N256_UM1_UK8_UN1_kij_BIAS_False_INLINE_True_COMPORDER_option_2_ap_fixed_16_5_,Overall,33947969,0.339 sec,320,10,2939,4926,17.543859649122805,1.8,0.5361573263280793,0.4
GEMM_config_M256_K512_N256_UM1_UK8_UN1_kij_BIAS_False_INLINE_True_COMPORDER_option_3_ap_fixed_16_5_,Overall,33947977,0.339 sec,321,10,3270,5246,17.598684210526315,1.91,0.5965411558669002,0.4
GEMM_config_M256_K512_N256_UM1_UK8_UN1_kij_BIAS_False_INLINE_True_COMPORDER_option_4_ap_fixed_16_5_,Overall,414156,4.142 ms,260,17,3960,6443,14.25438596491228,2.35,0.7224168126094571,0.67
GEMM_config_M256_K512_N256_UM1_UK8_UN1_kji_BIAS_False_INLINE_True_COMPORDER_option_2_ap_fixed_16_5_,Overall,34882622,0.349 sec,320,10,3815,5521,17.543859649122805,2.01,0.6959646818447168,0.4
GEMM_config_M256_K512_N256_UM1_UK8_UN1_kji_BIAS_False_INLINE_True_COMPORDER_option_3_ap_fixed_16_5_,Overall,34882891,0.349 sec,321,10,3726,5597,17.598684210526315,2.04,0.6797285464098074,0.4
GEMM_config_M256_K512_N256_UM1_UK8_UN1_kji_BIAS_False_INLINE_True_COMPORDER_option_4_ap_fixed_16_5_,Overall,528840,5.288 ms,260,17,4254,6534,14.25438596491228,2.38,0.7760507880910683,0.67
GEMM_config_M256_K512_N256_UM1_UK8_UN8_ijk_BIAS_False_INLINE_True_COMPORDER_option_2_ap_fixed_16_5_,Overall,5407582,54.076 ms,322,80,5529,10495,17.653508771929825,3.83,1.0086471103327495,3.17
GEMM_config_M256_K512_N256_UM1_UK8_UN8_ijk_BIAS_False_INLINE_True_COMPORDER_option_3_ap_fixed_16_5_,Overall,5465419,54.654 ms,324,73,5418,10098,17.763157894736842,3.68,0.9883975481611209,2.9
GEMM_config_M256_K512_N256_UM1_UK8_UN8_ijk_BIAS_False_INLINE_True_COMPORDER_option_4_ap_fixed_16_5_,Overall,299468,2.995 ms,267,73,4406,10484,14.638157894736842,3.83,0.8037799182720373,2.9
GEMM_config_M256_K512_N256_UM1_UK8_UN8_ikj_BIAS_False_INLINE_True_COMPORDER_option_2_ap_fixed_16_5_,Overall,34308958,0.343 sec,322,80,5750,9810,17.653508771929825,3.58,1.0489638061879742,3.17
GEMM_config_M256_K512_N256_UM1_UK8_UN8_ikj_BIAS_False_INLINE_True_COMPORDER_option_3_ap_fixed_16_5_,Overall,34366795,0.344 sec,324,73,5639,9421,17.763157894736842,3.44,1.0287142440163455,2.9
GEMM_config_M256_K512_N256_UM1_UK8_UN8_ikj_BIAS_False_INLINE_True_COMPORDER_option_4_ap_fixed_16_5_,Overall,299468,2.995 ms,267,73,4406,10484,14.638157894736842,3.83,0.8037799182720373,2.9
GEMM_config_M256_K512_N256_UM1_UK8_UN8_jik_BIAS_False_INLINE_True_COMPORDER_option_2_ap_fixed_16_5_,Overall,4535959,45.360 ms,322,80,6267,13155,17.653508771929825,4.8,1.1432793345008756,3.17
GEMM_config_M256_K512_N256_UM1_UK8_UN8_jik_BIAS_False_INLINE_True_COMPORDER_option_3_ap_fixed_16_5_,Overall,4536420,45.364 ms,324,73,6055,11867,17.763157894736842,4.33,1.1046044950379452,2.9
GEMM_config_M256_K512_N256_UM1_UK8_UN8_jik_BIAS_False_INLINE_True_COMPORDER_option_4_ap_fixed_16_5_,Overall,530757,5.308 ms,267,73,6402,11482,14.638157894736842,4.19,1.167907180385289,2.9
GEMM_config_M256_K512_N256_UM1_UK8_UN8_jki_BIAS_False_INLINE_True_COMPORDER_option_2_ap_fixed_16_5_,Overall,34827353,0.348 sec,322,80,11185,17567,17.653508771929825,6.41,2.040462638645651,3.17
GEMM_config_M256_K512_N256_UM1_UK8_UN8_jki_BIAS_False_INLINE_True_COMPORDER_option_3_ap_fixed_16_5_,Overall,34827814,0.348 sec,324,73,10973,16280,17.763157894736842,5.94,2.00178779918272,2.9
GEMM_config_M256_K512_N256_UM1_UK8_UN8_jki_BIAS_False_INLINE_True_COMPORDER_option_4_ap_fixed_16_5_,Overall,530757,5.308 ms,267,73,6402,11482,14.638157894736842,4.19,1.167907180385289,2.9
GEMM_config_M256_K512_N256_UM1_UK8_UN8_kij_BIAS_False_INLINE_True_COMPORDER_option_2_ap_fixed_16_5_,Overall,33835488,0.338 sec,322,80,5968,11121,17.653508771929825,4.06,1.088733216579101,3.17
GEMM_config_M256_K512_N256_UM1_UK8_UN8_kij_BIAS_False_INLINE_True_COMPORDER_option_3_ap_fixed_16_5_,Overall,33893325,0.339 sec,324,73,5857,10724,17.763157894736842,3.91,1.0684836544074723,2.9
GEMM_config_M256_K512_N256_UM1_UK8_UN8_kij_BIAS_False_INLINE_True_COMPORDER_option_4_ap_fixed_16_5_,Overall,299468,2.995 ms,267,73,4406,10484,14.638157894736842,3.83,0.8037799182720373,2.9
GEMM_config_M256_K512_N256_UM1_UK8_UN8_kji_BIAS_False_INLINE_True_COMPORDER_option_2_ap_fixed_16_5_,Overall,34827065,0.348 sec,322,80,11207,17574,17.653508771929825,6.41,2.04447606538237,3.17
GEMM_config_M256_K512_N256_UM1_UK8_UN8_kji_BIAS_False_INLINE_True_COMPORDER_option_3_ap_fixed_16_5_,Overall,34827526,0.348 sec,324,73,10995,16287,17.763157894736842,5.94,2.0058012259194395,2.9
GEMM_config_M256_K512_N256_UM1_UK8_UN8_kji_BIAS_False_INLINE_True_COMPORDER_option_4_ap_fixed_16_5_,Overall,530757,5.308 ms,267,73,6402,11482,14.638157894736842,4.19,1.167907180385289,2.9
GEMM_config_M256_K512_N256_UM8_UK1_UN1_ijk_BIAS_False_INLINE_True_COMPORDER_option_2_ap_fixed_16_5_,Overall,33894873,0.339 sec,315,17,4532,8885,17.269736842105264,3.24,0.8267659077641565,0.67
GEMM_config_M256_K512_N256_UM8_UK1_UN1_ijk_BIAS_False_INLINE_True_COMPORDER_option_3_ap_fixed_16_5_,Overall,33894950,0.339 sec,315,24,4961,9457,17.269736842105264,3.45,0.9050277291301809,0.95
GEMM_config_M256_K512_N256_UM8_UK1_UN1_ijk_BIAS_False_INLINE_True_COMPORDER_option_4_ap_fixed_16_5_,Overall,789351,7.894 ms,259,17,5342,11761,14.199561403508772,4.29,0.9745329830706364,0.67
GEMM_config_M256_K512_N256_UM8_UK1_UN1_ikj_BIAS_False_INLINE_True_COMPORDER_option_2_ap_fixed_16_5_,Overall,33894873,0.339 sec,315,17,6220,10125,17.269736842105264,3.69,1.1347051955633392,0.67
GEMM_config_M256_K512_N256_UM8_UK1_UN1_ikj_BIAS_False_INLINE_True_COMPORDER_option_3_ap_fixed_16_5_,Overall,33894950,0.339 sec,315,24,6649,10697,17.269736842105264,3.9,1.2129670169293636,0.95
GEMM_config_M256_K512_N256_UM8_UK1_UN1_ikj_BIAS_False_INLINE_True_COMPORDER_option_4_ap_fixed_16_5_,Overall,789351,7.894 ms,259,17,5342,11761,14.199561403508772,4.29,0.9745329830706364,0.67
GEMM_config_M256_K512_N256_UM8_UK1_UN1_jik_BIAS_False_INLINE_True_COMPORDER_option_2_ap_fixed_16_5_,Overall,34826176,0.348 sec,315,17,3982,6861,17.269736842105264,2.5,0.7264302393461762,0.67
GEMM_config_M256_K512_N256_UM8_UK1_UN1_jik_BIAS_False_INLINE_True_COMPORDER_option_3_ap_fixed_16_5_,Overall,34768877,0.348 sec,315,24,4331,7476,17.269736842105264,2.73,0.7900977816695856,0.95
GEMM_config_M256_K512_N256_UM8_UK1_UN1_jik_BIAS_False_INLINE_True_COMPORDER_option_4_ap_fixed_16_5_,Overall,525390,5.254 ms,259,17,3770,6336,14.199561403508772,2.31,0.6877553998832457,0.67
GEMM_config_M256_K512_N256_UM8_UK1_UN1_jki_BIAS_False_INLINE_True_COMPORDER_option_2_ap_fixed_16_5_,Overall,4530497,45.305 ms,315,17,3206,5655,17.269736842105264,2.06,0.5848657326328079,0.67
GEMM_config_M256_K512_N256_UM8_UK1_UN1_jki_BIAS_False_INLINE_True_COMPORDER_option_3_ap_fixed_16_5_,Overall,4473161,44.732 ms,315,24,3553,6194,17.269736842105264,2.26,0.6481684179801518,0.95
GEMM_config_M256_K512_N256_UM8_UK1_UN1_jki_BIAS_False_INLINE_True_COMPORDER_option_4_ap_fixed_16_5_,Overall,525390,5.254 ms,259,17,3770,6336,14.199561403508772,2.31,0.6877553998832457,0.67
GEMM_config_M256_K512_N256_UM8_UK1_UN1_kij_BIAS_False_INLINE_True_COMPORDER_option_2_ap_fixed_16_5_,Overall,34368343,0.344 sec,315,17,4947,7566,17.269736842105264,2.76,0.9024737302977234,0.67
GEMM_config_M256_K512_N256_UM8_UK1_UN1_kij_BIAS_False_INLINE_True_COMPORDER_option_3_ap_fixed_16_5_,Overall,34368420,0.344 sec,315,24,5376,8139,17.269736842105264,2.97,0.9807355516637478,0.95
GEMM_config_M256_K512_N256_UM8_UK1_UN1_kij_BIAS_False_INLINE_True_COMPORDER_option_4_ap_fixed_16_5_,Overall,789351,7.894 ms,259,17,5342,11761,14.199561403508772,4.29,0.9745329830706364,0.67
GEMM_config_M256_K512_N256_UM8_UK1_UN1_kji_BIAS_False_INLINE_True_COMPORDER_option_2_ap_fixed_16_5_,Overall,4530497,45.305 ms,315,17,3207,5659,17.269736842105264,2.06,0.5850481611208406,0.67
GEMM_config_M256_K512_N256_UM8_UK1_UN1_kji_BIAS_False_INLINE_True_COMPORDER_option_3_ap_fixed_16_5_,Overall,4473161,44.732 ms,315,24,3554,6198,17.269736842105264,2.26,0.6483508464681845,0.95
GEMM_config_M256_K512_N256_UM8_UK1_UN1_kji_BIAS_False_INLINE_True_COMPORDER_option_4_ap_fixed_16_5_,Overall,525390,5.254 ms,259,17,3770,6336,14.199561403508772,2.31,0.6877553998832457,0.67
GEMM_config_M256_K512_N256_UM8_UK1_UN8_ijk_BIAS_False_INLINE_True_COMPORDER_option_2_ap_fixed_16_5_,Overall,4470009,44.700 ms,322,136,6073,14898,17.653508771929825,5.44,1.1078882078225336,5.4
GEMM_config_M256_K512_N256_UM8_UK1_UN8_ijk_BIAS_False_INLINE_True_COMPORDER_option_3_ap_fixed_16_5_,Overall,4527654,45.277 ms,322,136,7365,14599,17.653508771929825,5.33,1.3435858143607706,5.4
GEMM_config_M256_K512_N256_UM8_UK1_UN8_ijk_BIAS_False_INLINE_True_COMPORDER_option_4_ap_fixed_16_5_,Overall,543591,5.436 ms,267,24,5223,11553,14.638157894736842,4.22,0.952823992994746,0.95
GEMM_config_M256_K512_N256_UM8_UK1_UN8_ikj_BIAS_False_INLINE_True_COMPORDER_option_2_ap_fixed_16_5_,Overall,34303769,0.343 sec,322,136,13898,23059,17.653508771929825,8.41,2.535391126678342,5.4
GEMM_config_M256_K512_N256_UM8_UK1_UN8_ikj_BIAS_False_INLINE_True_COMPORDER_option_3_ap_fixed_16_5_,Overall,34361414,0.344 sec,322,136,15254,22769,17.653508771929825,8.31,2.7827641564506713,5.4
GEMM_config_M256_K512_N256_UM8_UK1_UN8_ikj_BIAS_False_INLINE_True_COMPORDER_option_4_ap_fixed_16_5_,Overall,543591,5.436 ms,267,24,5223,11553,14.638157894736842,4.22,0.952823992994746,0.95
GEMM_config_M256_K512_N256_UM8_UK1_UN8_jik_BIAS_False_INLINE_True_COMPORDER_option_2_ap_fixed_16_5_,Overall,5460505,54.605 ms,322,136,7312,13198,17.653508771929825,4.82,1.333917104495038,5.4
GEMM_config_M256_K512_N256_UM8_UK1_UN8_jik_BIAS_False_INLINE_True_COMPORDER_option_3_ap_fixed_16_5_,Overall,5403398,54.034 ms,322,136,6516,14367,17.653508771929825,5.24,1.1887040280210157,5.4
GEMM_config_M256_K512_N256_UM8_UK1_UN8_jik_BIAS_False_INLINE_True_COMPORDER_option_4_ap_fixed_16_5_,Overall,527500,5.275 ms,267,24,4553,7164,14.638157894736842,2.61,0.830596906012843,0.95
GEMM_config_M256_K512_N256_UM8_UK1_UN8_jki_BIAS_False_INLINE_True_COMPORDER_option_2_ap_fixed_16_5_,Overall,5460505,54.605 ms,322,136,7299,13177,17.653508771929825,4.81,1.3315455341506128,5.4
GEMM_config_M256_K512_N256_UM8_UK1_UN8_jki_BIAS_False_INLINE_True_COMPORDER_option_3_ap_fixed_16_5_,Overall,5403398,54.034 ms,322,136,6503,14346,17.653508771929825,5.23,1.1863324576765908,5.4
GEMM_config_M256_K512_N256_UM8_UK1_UN8_jki_BIAS_False_INLINE_True_COMPORDER_option_4_ap_fixed_16_5_,Overall,527500,5.275 ms,267,24,4553,7164,14.638157894736842,2.61,0.830596906012843,0.95
GEMM_config_M256_K512_N256_UM8_UK1_UN8_kij_BIAS_False_INLINE_True_COMPORDER_option_2_ap_fixed_16_5_,Overall,34303769,0.343 sec,322,136,13930,23059,17.653508771929825,8.41,2.541228838295388,5.4
GEMM_config_M256_K512_N256_UM8_UK1_UN8_kij_BIAS_False_INLINE_True_COMPORDER_option_3_ap_fixed_16_5_,Overall,34361414,0.344 sec,322,136,15286,22769,17.653508771929825,8.31,2.788601868067717,5.4
GEMM_config_M256_K512_N256_UM8_UK1_UN8_kij_BIAS_False_INLINE_True_COMPORDER_option_4_ap_fixed_16_5_,Overall,543591,5.436 ms,267,24,5223,11553,14.638157894736842,4.22,0.952823992994746,0.95
GEMM_config_M256_K512_N256_UM8_UK1_UN8_kji_BIAS_False_INLINE_True_COMPORDER_option_2_ap_fixed_16_5_,Overall,4527385,45.274 ms,322,136,7109,14164,17.653508771929825,5.17,1.2968841214244016,5.4
GEMM_config_M256_K512_N256_UM8_UK1_UN8_kji_BIAS_False_INLINE_True_COMPORDER_option_3_ap_fixed_16_5_,Overall,4470278,44.703 ms,322,136,6313,15333,17.653508771929825,5.59,1.1516710449503795,5.4
GEMM_config_M256_K512_N256_UM8_UK1_UN8_kji_BIAS_False_INLINE_True_COMPORDER_option_4_ap_fixed_16_5_,Overall,527500,5.275 ms,267,24,4553,7164,14.638157894736842,2.61,0.830596906012843,0.95
GEMM_config_M256_K512_N256_UM8_UK8_UN1_ijk_BIAS_False_INLINE_True_COMPORDER_option_2_ap_fixed_16_5_,Overall,34827257,0.348 sec,323,73,11062,19174,17.708333333333336,7.0,2.01802393461763,2.9
GEMM_config_M256_K512_N256_UM8_UK8_UN1_ijk_BIAS_False_INLINE_True_COMPORDER_option_3_ap_fixed_16_5_,Overall,34827334,0.348 sec,323,80,11491,19757,17.708333333333336,7.21,2.0962857559836543,3.17
GEMM_config_M256_K512_N256_UM8_UK8_UN1_ijk_BIAS_False_INLINE_True_COMPORDER_option_4_ap_fixed_16_5_,Overall,547045,5.470 ms,266,80,6494,16278,14.583333333333334,5.94,1.1846906012842966,3.17
GEMM_config_M256_K512_N256_UM8_UK8_UN1_ikj_BIAS_False_INLINE_True_COMPORDER_option_2_ap_fixed_16_5_,Overall,33894873,0.339 sec,323,73,6469,12160,17.708333333333336,4.44,1.1801298890834793,2.9
GEMM_config_M256_K512_N256_UM8_UK8_UN1_ikj_BIAS_False_INLINE_True_COMPORDER_option_3_ap_fixed_16_5_,Overall,33894950,0.339 sec,323,80,6898,12732,17.708333333333336,4.65,1.2583917104495037,3.17
GEMM_config_M256_K512_N256_UM8_UK8_UN1_ikj_BIAS_False_INLINE_True_COMPORDER_option_4_ap_fixed_16_5_,Overall,547045,5.470 ms,266,80,6494,16278,14.583333333333334,5.94,1.1846906012842966,3.17
GEMM_config_M256_K512_N256_UM8_UK8_UN1_jik_BIAS_False_INLINE_True_COMPORDER_option_2_ap_fixed_16_5_,Overall,34825728,0.348 sec,323,73,10307,18222,17.708333333333336,6.65,1.880290426152948,2.9
GEMM_config_M256_K512_N256_UM8_UK8_UN1_jik_BIAS_False_INLINE_True_COMPORDER_option_3_ap_fixed_16_5_,Overall,34768429,0.348 sec,323,80,10656,18783,17.708333333333336,6.85,1.9439579684763575,3.17
GEMM_config_M256_K512_N256_UM8_UK8_UN1_jik_BIAS_False_INLINE_True_COMPORDER_option_4_ap_fixed_16_5_,Overall,528840,5.288 ms,266,80,5920,10211,14.583333333333334,3.73,1.0799766491535319,3.17
GEMM_config_M256_K512_N256_UM8_UK8_UN1_jki_BIAS_False_INLINE_True_COMPORDER_option_2_ap_fixed_16_5_,Overall,4534334,45.343 ms,323,73,5221,11322,17.708333333333336,4.13,0.9524591360186806,2.9
GEMM_config_M256_K512_N256_UM8_UK8_UN1_jki_BIAS_False_INLINE_True_COMPORDER_option_3_ap_fixed_16_5_,Overall,4477035,44.770 ms,323,80,5570,11904,17.708333333333336,4.34,1.01612667834209,3.17
GEMM_config_M256_K512_N256_UM8_UK8_UN1_jki_BIAS_False_INLINE_True_COMPORDER_option_4_ap_fixed_16_5_,Overall,528840,5.288 ms,266,80,5920,10211,14.583333333333334,3.73,1.0799766491535319,3.17
GEMM_config_M256_K512_N256_UM8_UK8_UN1_kij_BIAS_False_INLINE_True_COMPORDER_option_2_ap_fixed_16_5_,Overall,34368343,0.344 sec,323,73,6255,10401,17.708333333333336,3.79,1.1410901926444834,2.9
GEMM_config_M256_K512_N256_UM8_UK8_UN1_kij_BIAS_False_INLINE_True_COMPORDER_option_3_ap_fixed_16_5_,Overall,34368420,0.344 sec,323,80,6684,10974,17.708333333333336,4.0,1.219352014010508,3.17
GEMM_config_M256_K512_N256_UM8_UK8_UN1_kij_BIAS_False_INLINE_True_COMPORDER_option_4_ap_fixed_16_5_,Overall,547045,5.470 ms,266,80,6494,16278,14.583333333333334,5.94,1.1846906012842966,3.17
GEMM_config_M256_K512_N256_UM8_UK8_UN1_kji_BIAS_False_INLINE_True_COMPORDER_option_2_ap_fixed_16_5_,Overall,5465150,54.651 ms,323,73,5308,10079,17.708333333333336,3.68,0.9683304144775248,2.9
GEMM_config_M256_K512_N256_UM8_UK8_UN1_kji_BIAS_False_INLINE_True_COMPORDER_option_3_ap_fixed_16_5_,Overall,5407851,54.079 ms,323,80,5657,10678,17.708333333333336,3.9,1.031997956800934,3.17
GEMM_config_M256_K512_N256_UM8_UK8_UN1_kji_BIAS_False_INLINE_True_COMPORDER_option_4_ap_fixed_16_5_,Overall,528840,5.288 ms,266,80,5920,10211,14.583333333333334,3.73,1.0799766491535319,3.17
GEMM_config_M256_K512_N256_UM8_UK8_UN8_ijk_BIAS_False_INLINE_True_COMPORDER_option_2_ap_fixed_16_5_,Overall,5402393,54.024 ms,322,584,19647,41579,17.653508771929825,15.17,3.5841725043782837,23.17
GEMM_config_M256_K512_N256_UM8_UK8_UN8_ijk_BIAS_False_INLINE_True_COMPORDER_option_3_ap_fixed_16_5_,Overall,5460038,54.600 ms,322,584,21003,41289,17.653508771929825,15.06,3.831545534150613,23.17
GEMM_config_M256_K512_N256_UM8_UK8_UN8_ijk_BIAS_False_INLINE_True_COMPORDER_option_4_ap_fixed_16_5_,Overall,301285,3.013 ms,266,136,5777,15120,14.583333333333334,5.52,1.053889375364857,5.4
GEMM_config_M256_K512_N256_UM8_UK8_UN8_ikj_BIAS_False_INLINE_True_COMPORDER_option_2_ap_fixed_16_5_,Overall,34303769,0.343 sec,322,584,24295,35886,17.653508771929825,13.09,4.432100116754232,23.17
GEMM_config_M256_K512_N256_UM8_UK8_UN8_ikj_BIAS_False_INLINE_True_COMPORDER_option_3_ap_fixed_16_5_,Overall,34361414,0.344 sec,322,584,25651,35596,17.653508771929825,12.99,4.679473146526561,23.17
GEMM_config_M256_K512_N256_UM8_UK8_UN8_ikj_BIAS_False_INLINE_True_COMPORDER_option_4_ap_fixed_16_5_,Overall,301285,3.013 ms,266,136,5777,15120,14.583333333333334,5.52,1.053889375364857,5.4
GEMM_config_M256_K512_N256_UM8_UK8_UN8_jik_BIAS_False_INLINE_True_COMPORDER_option_2_ap_fixed_16_5_,Overall,5460057,54.601 ms,322,584,20669,40839,17.653508771929825,14.9,3.7706144191476945,23.17
GEMM_config_M256_K512_N256_UM8_UK8_UN8_jik_BIAS_False_INLINE_True_COMPORDER_option_3_ap_fixed_16_5_,Overall,5402950,54.029 ms,322,584,19873,42016,17.653508771929825,15.33,3.6254013426736718,23.17
GEMM_config_M256_K512_N256_UM8_UK8_UN8_jik_BIAS_False_INLINE_True_COMPORDER_option_4_ap_fixed_16_5_,Overall,530757,5.308 ms,266,136,7976,13652,14.583333333333334,4.98,1.4550496205487449,5.4
GEMM_config_M256_K512_N256_UM8_UK8_UN8_jki_BIAS_False_INLINE_True_COMPORDER_option_2_ap_fixed_16_5_,Overall,5460057,54.601 ms,322,584,20666,40839,17.653508771929825,14.9,3.770067133683596,23.17
GEMM_config_M256_K512_N256_UM8_UK8_UN8_jki_BIAS_False_INLINE_True_COMPORDER_option_3_ap_fixed_16_5_,Overall,5402950,54.029 ms,322,584,19870,42016,17.653508771929825,15.33,3.624854057209574,23.17
GEMM_config_M256_K512_N256_UM8_UK8_UN8_jki_BIAS_False_INLINE_True_COMPORDER_option_4_ap_fixed_16_5_,Overall,530757,5.308 ms,266,136,7976,13652,14.583333333333334,4.98,1.4550496205487449,5.4
GEMM_config_M256_K512_N256_UM8_UK8_UN8_kij_BIAS_False_INLINE_True_COMPORDER_option_2_ap_fixed_16_5_,Overall,34303769,0.343 sec,322,584,24292,35886,17.653508771929825,13.09,4.431552831290134,23.17
GEMM_config_M256_K512_N256_UM8_UK8_UN8_kij_BIAS_False_INLINE_True_COMPORDER_option_3_ap_fixed_16_5_,Overall,34361414,0.344 sec,322,584,25648,35596,17.653508771929825,12.99,4.6789258610624636,23.17
GEMM_config_M256_K512_N256_UM8_UK8_UN8_kij_BIAS_False_INLINE_True_COMPORDER_option_4_ap_fixed_16_5_,Overall,301285,3.013 ms,266,136,5777,15120,14.583333333333334,5.52,1.053889375364857,5.4
GEMM_config_M256_K512_N256_UM8_UK8_UN8_kji_BIAS_False_INLINE_True_COMPORDER_option_2_ap_fixed_16_5_,Overall,5459769,54.598 ms,322,584,20688,40846,17.653508771929825,14.9,3.7740805604203156,23.17
GEMM_config_M256_K512_N256_UM8_UK8_UN8_kji_BIAS_False_INLINE_True_COMPORDER_option_3_ap_fixed_16_5_,Overall,5402662,54.027 ms,322,584,19892,42023,17.653508771929825,15.33,3.628867483946293,23.17
GEMM_config_M256_K512_N256_UM8_UK8_UN8_kji_BIAS_False_INLINE_True_COMPORDER_option_4_ap_fixed_16_5_,Overall,530757,5.308 ms,266,136,7976,13652,14.583333333333334,4.98,1.4550496205487449,5.4
GEMM_config_M256_K512_N512_UM1_UK1_UN1_ijk_BIAS_False_INLINE_True_COMPORDER_option_2_ap_fixed_16_5_,Overall,67764801,0.678 sec,484,3,2732,4426,26.535087719298247,1.61,0.4983946293053123,0.12
GEMM_config_M256_K512_N512_UM1_UK1_UN1_ijk_BIAS_False_INLINE_True_COMPORDER_option_3_ap_fixed_16_5_,Overall,67764553,0.678 sec,485,3,3063,4752,26.589912280701753,1.73,0.5587784588441331,0.12
GEMM_config_M256_K512_N512_UM1_UK1_UN1_ikj_BIAS_False_INLINE_True_COMPORDER_option_2_ap_fixed_16_5_,Overall,67764801,0.678 sec,484,3,2943,4580,26.535087719298247,1.67,0.5368870402802102,0.12
GEMM_config_M256_K512_N512_UM1_UK1_UN1_ikj_BIAS_False_INLINE_True_COMPORDER_option_3_ap_fixed_16_5_,Overall,67764553,0.678 sec,485,3,3274,4906,26.589912280701753,1.79,0.597270869819031,0.12
GEMM_config_M256_K512_N512_UM1_UK1_UN1_jik_BIAS_False_INLINE_True_COMPORDER_option_2_ap_fixed_16_5_,Overall,67768894,0.678 sec,484,3,2997,4450,26.535087719298247,1.62,0.5467381786339754,0.12
GEMM_config_M256_K512_N512_UM1_UK1_UN1_jik_BIAS_False_INLINE_True_COMPORDER_option_3_ap_fixed_16_5_,Overall,67768907,0.678 sec,485,3,2908,4471,26.589912280701753,1.63,0.530502043199066,0.12
GEMM_config_M256_K512_N512_UM1_UK1_UN1_jki_BIAS_False_INLINE_True_COMPORDER_option_2_ap_fixed_16_5_,Overall,67764801,0.678 sec,484,3,2942,4572,26.535087719298247,1.67,0.5367046117921775,0.12
GEMM_config_M256_K512_N512_UM1_UK1_UN1_jki_BIAS_False_INLINE_True_COMPORDER_option_3_ap_fixed_16_5_,Overall,67764553,0.678 sec,485,3,2851,4592,26.589912280701753,1.68,0.5201036193812025,0.12
GEMM_config_M256_K512_N512_UM1_UK1_UN1_kij_BIAS_False_INLINE_True_COMPORDER_option_2_ap_fixed_16_5_,Overall,67764801,0.678 sec,484,3,2942,4575,26.535087719298247,1.67,0.5367046117921775,0.12
GEMM_config_M256_K512_N512_UM1_UK1_UN1_kij_BIAS_False_INLINE_True_COMPORDER_option_3_ap_fixed_16_5_,Overall,67764553,0.678 sec,485,3,3273,4901,26.589912280701753,1.79,0.5970884413309983,0.12
GEMM_config_M256_K512_N512_UM1_UK1_UN1_kji_BIAS_False_INLINE_True_COMPORDER_option_2_ap_fixed_16_5_,Overall,67764801,0.678 sec,484,3,2942,4572,26.535087719298247,1.67,0.5367046117921775,0.12
GEMM_config_M256_K512_N512_UM1_UK1_UN1_kji_BIAS_False_INLINE_True_COMPORDER_option_3_ap_fixed_16_5_,Overall,67764553,0.678 sec,485,3,2851,4592,26.589912280701753,1.68,0.5201036193812025,0.12
GEMM_config_M256_K512_N512_UM1_UK1_UN8_ijk_BIAS_False_INLINE_True_COMPORDER_option_2_ap_fixed_16_5_,Overall,8815169,88.152 ms,498,24,3230,5985,27.302631578947366,2.18,0.5892440163455925,0.95
GEMM_config_M256_K512_N512_UM1_UK1_UN8_ijk_BIAS_False_INLINE_True_COMPORDER_option_3_ap_fixed_16_5_,Overall,8929609,89.296 ms,500,17,3227,5526,27.412280701754387,2.02,0.5886967308814944,0.67
GEMM_config_M256_K512_N512_UM1_UK1_UN8_ikj_BIAS_False_INLINE_True_COMPORDER_option_2_ap_fixed_16_5_,Overall,68486270,0.685 sec,498,24,4229,6923,27.302631578947366,2.53,0.7714900758902511,0.95
GEMM_config_M256_K512_N512_UM1_UK1_UN8_ikj_BIAS_False_INLINE_True_COMPORDER_option_3_ap_fixed_16_5_,Overall,68601419,0.686 sec,500,17,4228,6532,27.412280701754387,2.38,0.7713076474022184,0.67
GEMM_config_M256_K512_N512_UM1_UK1_UN8_jik_BIAS_False_INLINE_True_COMPORDER_option_2_ap_fixed_16_5_,Overall,8933562,89.336 ms,498,24,4232,7640,27.302631578947366,2.79,0.7720373613543491,0.95
GEMM_config_M256_K512_N512_UM1_UK1_UN8_jik_BIAS_False_INLINE_True_COMPORDER_option_3_ap_fixed_16_5_,Overall,8933250,89.332 ms,500,17,4012,6353,27.412280701754387,2.32,0.731903093987157,0.67
GEMM_config_M256_K512_N512_UM1_UK1_UN8_jki_BIAS_False_INLINE_True_COMPORDER_option_2_ap_fixed_16_5_,Overall,69523193,0.695 sec,498,24,4911,8473,27.302631578947366,3.09,0.8959063047285464,0.95
GEMM_config_M256_K512_N512_UM1_UK1_UN8_jki_BIAS_False_INLINE_True_COMPORDER_option_3_ap_fixed_16_5_,Overall,69523590,0.695 sec,500,17,4693,7184,27.412280701754387,2.62,0.8561368943374198,0.67
GEMM_config_M256_K512_N512_UM1_UK1_UN8_kij_BIAS_False_INLINE_True_COMPORDER_option_2_ap_fixed_16_5_,Overall,67539584,0.675 sec,498,24,5492,9023,27.302631578947366,3.29,1.0018972562755402,0.95
GEMM_config_M256_K512_N512_UM1_UK1_UN8_kij_BIAS_False_INLINE_True_COMPORDER_option_3_ap_fixed_16_5_,Overall,67654733,0.677 sec,500,17,5491,8624,27.412280701754387,3.15,1.0017148277875074,0.67
GEMM_config_M256_K512_N512_UM1_UK1_UN8_kji_BIAS_False_INLINE_True_COMPORDER_option_2_ap_fixed_16_5_,Overall,67657977,0.677 sec,498,24,4743,9532,27.302631578947366,3.48,0.8652583187390542,0.95
GEMM_config_M256_K512_N512_UM1_UK1_UN8_kji_BIAS_False_INLINE_True_COMPORDER_option_3_ap_fixed_16_5_,Overall,67658374,0.677 sec,500,17,4525,8243,27.412280701754387,3.01,0.8254889083479277,0.67
GEMM_config_M256_K512_N512_UM1_UK8_UN1_ijk_BIAS_False_INLINE_True_COMPORDER_option_2_ap_fixed_16_5_,Overall,68699710,0.687 sec,492,10,3674,5760,26.973684210526315,2.1,0.6702422650321074,0.4
GEMM_config_M256_K512_N512_UM1_UK8_UN1_ijk_BIAS_False_INLINE_True_COMPORDER_option_3_ap_fixed_16_5_,Overall,68699723,0.687 sec,493,10,4007,6146,27.028508771929825,2.24,0.7309909515469936,0.4
GEMM_config_M256_K512_N512_UM1_UK8_UN1_ikj_BIAS_False_INLINE_True_COMPORDER_option_2_ap_fixed_16_5_,Overall,67764801,0.678 sec,492,10,2953,4963,26.973684210526315,1.81,0.5387113251605371,0.4
GEMM_config_M256_K512_N512_UM1_UK8_UN1_ikj_BIAS_False_INLINE_True_COMPORDER_option_3_ap_fixed_16_5_,Overall,67764553,0.678 sec,493,10,3284,5289,27.028508771929825,1.93,0.5990951546993578,0.4
GEMM_config_M256_K512_N512_UM1_UK8_UN1_jik_BIAS_False_INLINE_True_COMPORDER_option_2_ap_fixed_16_5_,Overall,67768894,0.678 sec,492,10,3817,6775,26.973684210526315,2.47,0.6963295388207822,0.4
GEMM_config_M256_K512_N512_UM1_UK8_UN1_jik_BIAS_False_INLINE_True_COMPORDER_option_3_ap_fixed_16_5_,Overall,67768907,0.678 sec,493,10,3728,6838,27.028508771929825,2.49,0.6800934033858728,0.4
GEMM_config_M256_K512_N512_UM1_UK8_UN1_jki_BIAS_False_INLINE_True_COMPORDER_option_2_ap_fixed_16_5_,Overall,67768894,0.678 sec,492,10,3817,6766,26.973684210526315,2.47,0.6963295388207822,0.4
GEMM_config_M256_K512_N512_UM1_UK8_UN1_jki_BIAS_False_INLINE_True_COMPORDER_option_3_ap_fixed_16_5_,Overall,67768907,0.678 sec,493,10,3728,6829,27.028508771929825,2.49,0.6800934033858728,0.4
GEMM_config_M256_K512_N512_UM1_UK8_UN1_kij_BIAS_False_INLINE_True_COMPORDER_option_2_ap_fixed_16_5_,Overall,67764801,0.678 sec,492,10,2952,4959,26.973684210526315,1.81,0.5385288966725044,0.4
GEMM_config_M256_K512_N512_UM1_UK8_UN1_kij_BIAS_False_INLINE_True_COMPORDER_option_3_ap_fixed_16_5_,Overall,67764553,0.678 sec,493,10,3283,5285,27.028508771929825,1.93,0.5989127262113252,0.4
GEMM_config_M256_K512_N512_UM1_UK8_UN1_kji_BIAS_False_INLINE_True_COMPORDER_option_2_ap_fixed_16_5_,Overall,69634110,0.696 sec,492,10,3845,5550,26.973684210526315,2.02,0.7014375364856976,0.4
GEMM_config_M256_K512_N512_UM1_UK8_UN1_kji_BIAS_False_INLINE_True_COMPORDER_option_3_ap_fixed_16_5_,Overall,69634123,0.696 sec,493,10,3756,5630,27.028508771929825,2.05,0.6852014010507881,0.4
GEMM_config_M256_K512_N512_UM1_UK8_UN8_ijk_BIAS_False_INLINE_True_COMPORDER_option_2_ap_fixed_16_5_,Overall,9749630,97.496 ms,522,80,5454,10426,28.618421052631575,3.8,0.9949649737302977,3.17
GEMM_config_M256_K512_N512_UM1_UK8_UN8_ijk_BIAS_False_INLINE_True_COMPORDER_option_3_ap_fixed_16_5_,Overall,9864779,98.648 ms,524,73,5453,10027,28.728070175438596,3.66,0.9947825452422651,2.9
GEMM_config_M256_K512_N512_UM1_UK8_UN8_ikj_BIAS_False_INLINE_True_COMPORDER_option_2_ap_fixed_16_5_,Overall,68486270,0.685 sec,522,80,5535,9734,28.618421052631575,3.55,1.0097416812609457,3.17
GEMM_config_M256_K512_N512_UM1_UK8_UN8_ikj_BIAS_False_INLINE_True_COMPORDER_option_3_ap_fixed_16_5_,Overall,68601419,0.686 sec,524,73,5534,9343,28.728070175438596,3.41,1.009559252772913,2.9
GEMM_config_M256_K512_N512_UM1_UK8_UN8_jik_BIAS_False_INLINE_True_COMPORDER_option_2_ap_fixed_16_5_,Overall,8937207,89.372 ms,522,80,6325,12981,28.618421052631575,4.74,1.1538601868067717,3.17
GEMM_config_M256_K512_N512_UM1_UK8_UN8_jik_BIAS_False_INLINE_True_COMPORDER_option_3_ap_fixed_16_5_,Overall,8937604,89.376 ms,524,73,6107,11699,28.728070175438596,4.27,1.114090776415645,2.9
GEMM_config_M256_K512_N512_UM1_UK8_UN8_jki_BIAS_False_INLINE_True_COMPORDER_option_2_ap_fixed_16_5_,Overall,69522745,0.695 sec,522,80,11234,17526,28.618421052631575,6.39,2.0494016345592527,3.17
GEMM_config_M256_K512_N512_UM1_UK8_UN8_jki_BIAS_False_INLINE_True_COMPORDER_option_3_ap_fixed_16_5_,Overall,69523142,0.695 sec,524,73,11016,16245,28.728070175438596,5.93,2.009632224168126,2.9
GEMM_config_M256_K512_N512_UM1_UK8_UN8_kij_BIAS_False_INLINE_True_COMPORDER_option_2_ap_fixed_16_5_,Overall,67539584,0.675 sec,522,80,5758,11058,28.618421052631575,4.03,1.050423234092236,3.17
GEMM_config_M256_K512_N512_UM1_UK8_UN8_kij_BIAS_False_INLINE_True_COMPORDER_option_3_ap_fixed_16_5_,Overall,67654733,0.677 sec,524,73,5757,10659,28.728070175438596,3.89,1.0502408056042032,2.9
GEMM_config_M256_K512_N512_UM1_UK8_UN8_kji_BIAS_False_INLINE_True_COMPORDER_option_2_ap_fixed_16_5_,Overall,69522745,0.695 sec,522,80,11234,17526,28.618421052631575,6.39,2.0494016345592527,3.17
GEMM_config_M256_K512_N512_UM1_UK8_UN8_kji_BIAS_False_INLINE_True_COMPORDER_option_3_ap_fixed_16_5_,Overall,69523142,0.695 sec,524,73,11016,16245,28.728070175438596,5.93,2.009632224168126,2.9
GEMM_config_M256_K512_N512_UM8_UK1_UN1_ijk_BIAS_False_INLINE_True_COMPORDER_option_2_ap_fixed_16_5_,Overall,67654617,0.677 sec,499,17,4603,9005,27.357456140350877,3.29,0.8397183304144776,0.67
GEMM_config_M256_K512_N512_UM8_UK1_UN1_ijk_BIAS_False_INLINE_True_COMPORDER_option_3_ap_fixed_16_5_,Overall,67654438,0.677 sec,499,24,5025,9581,27.357456140350877,3.5,0.9167031523642732,0.95
GEMM_config_M256_K512_N512_UM8_UK1_UN1_ikj_BIAS_False_INLINE_True_COMPORDER_option_2_ap_fixed_16_5_,Overall,67654617,0.677 sec,499,17,6291,10237,27.357456140350877,3.74,1.1476576182136604,0.67
GEMM_config_M256_K512_N512_UM8_UK1_UN1_ikj_BIAS_False_INLINE_True_COMPORDER_option_3_ap_fixed_16_5_,Overall,67654438,0.677 sec,499,24,6713,10813,27.357456140350877,3.95,1.224642440163456,0.95
GEMM_config_M256_K512_N512_UM8_UK1_UN1_jik_BIAS_False_INLINE_True_COMPORDER_option_2_ap_fixed_16_5_,Overall,68585920,0.686 sec,499,17,4033,6911,27.357456140350877,2.52,0.7357340922358435,0.67
GEMM_config_M256_K512_N512_UM8_UK1_UN1_jik_BIAS_False_INLINE_True_COMPORDER_option_3_ap_fixed_16_5_,Overall,68471021,0.685 sec,499,24,4382,7539,27.357456140350877,2.75,0.7994016345592528,0.95
GEMM_config_M256_K512_N512_UM8_UK1_UN1_jki_BIAS_False_INLINE_True_COMPORDER_option_2_ap_fixed_16_5_,Overall,8929857,89.299 ms,499,17,3238,5648,27.357456140350877,2.06,0.5907034442498541,0.67
GEMM_config_M256_K512_N512_UM8_UK1_UN1_jki_BIAS_False_INLINE_True_COMPORDER_option_3_ap_fixed_16_5_,Overall,8814921,88.149 ms,499,24,3585,6200,27.357456140350877,2.26,0.654006129597198,0.95
GEMM_config_M256_K512_N512_UM8_UK1_UN1_kij_BIAS_False_INLINE_True_COMPORDER_option_2_ap_fixed_16_5_,Overall,68603735,0.686 sec,499,17,4978,7598,27.357456140350877,2.77,0.9081290134267367,0.67
GEMM_config_M256_K512_N512_UM8_UK1_UN1_kij_BIAS_False_INLINE_True_COMPORDER_option_3_ap_fixed_16_5_,Overall,68603556,0.686 sec,499,24,5400,8175,27.357456140350877,2.98,0.9851138353765323,0.95
GEMM_config_M256_K512_N512_UM8_UK1_UN1_kji_BIAS_False_INLINE_True_COMPORDER_option_2_ap_fixed_16_5_,Overall,8929857,89.299 ms,499,17,3238,5648,27.357456140350877,2.06,0.5907034442498541,0.67
GEMM_config_M256_K512_N512_UM8_UK1_UN1_kji_BIAS_False_INLINE_True_COMPORDER_option_3_ap_fixed_16_5_,Overall,8814921,88.149 ms,499,24,3585,6200,27.357456140350877,2.26,0.654006129597198,0.95
GEMM_config_M256_K512_N512_UM8_UK1_UN8_ijk_BIAS_False_INLINE_True_COMPORDER_option_2_ap_fixed_16_5_,Overall,8804889,88.049 ms,506,136,6141,14895,27.74122807017544,5.43,1.1202933450087567,5.4
GEMM_config_M256_K512_N512_UM8_UK1_UN8_ijk_BIAS_False_INLINE_True_COMPORDER_option_3_ap_fixed_16_5_,Overall,8919846,89.198 ms,506,136,7418,14602,27.74122807017544,5.33,1.3532545242265033,5.4
GEMM_config_M256_K512_N512_UM8_UK1_UN8_ikj_BIAS_False_INLINE_True_COMPORDER_option_2_ap_fixed_16_5_,Overall,68473913,0.685 sec,506,136,13902,23144,27.74122807017544,8.44,2.5361208406304727,5.4
GEMM_config_M256_K512_N512_UM8_UK1_UN8_ikj_BIAS_False_INLINE_True_COMPORDER_option_3_ap_fixed_16_5_,Overall,68588870,0.686 sec,506,136,15243,22860,27.74122807017544,8.34,2.7807574430823117,5.4
GEMM_config_M256_K512_N512_UM8_UK1_UN8_jik_BIAS_False_INLINE_True_COMPORDER_option_2_ap_fixed_16_5_,Overall,9854585,98.546 ms,506,136,7358,13164,27.74122807017544,4.8,1.3423088149445417,5.4
GEMM_config_M256_K512_N512_UM8_UK1_UN8_jik_BIAS_False_INLINE_True_COMPORDER_option_3_ap_fixed_16_5_,Overall,9740070,97.401 ms,506,136,6556,14339,27.74122807017544,5.23,1.1960011675423234,5.4
GEMM_config_M256_K512_N512_UM8_UK1_UN8_jki_BIAS_False_INLINE_True_COMPORDER_option_2_ap_fixed_16_5_,Overall,10788601,0.108 sec,506,136,7319,13129,27.74122807017544,4.79,1.3351941039112667,5.4
GEMM_config_M256_K512_N512_UM8_UK1_UN8_jki_BIAS_False_INLINE_True_COMPORDER_option_3_ap_fixed_16_5_,Overall,10674086,0.107 sec,506,136,6517,14304,27.74122807017544,5.22,1.1888864565090485,5.4
GEMM_config_M256_K512_N512_UM8_UK1_UN8_kij_BIAS_False_INLINE_True_COMPORDER_option_2_ap_fixed_16_5_,Overall,68474329,0.685 sec,506,136,13906,23130,27.74122807017544,8.44,2.5368505545826037,5.4
GEMM_config_M256_K512_N512_UM8_UK1_UN8_kij_BIAS_False_INLINE_True_COMPORDER_option_3_ap_fixed_16_5_,Overall,68589286,0.686 sec,506,136,15247,22846,27.74122807017544,8.34,2.7814871570344426,5.4
GEMM_config_M256_K512_N512_UM8_UK1_UN8_kji_BIAS_False_INLINE_True_COMPORDER_option_2_ap_fixed_16_5_,Overall,8923385,89.234 ms,506,136,7127,14116,27.74122807017544,5.15,1.30016783420899,5.4
GEMM_config_M256_K512_N512_UM8_UK1_UN8_kji_BIAS_False_INLINE_True_COMPORDER_option_3_ap_fixed_16_5_,Overall,8808870,88.089 ms,506,136,6325,15291,27.74122807017544,5.58,1.1538601868067717,5.4
GEMM_config_M256_K512_N512_UM8_UK8_UN1_ijk_BIAS_False_INLINE_True_COMPORDER_option_2_ap_fixed_16_5_,Overall,68587001,0.686 sec,499,73,11410,19494,27.357456140350877,7.11,2.0815090484530065,2.9
GEMM_config_M256_K512_N512_UM8_UK8_UN1_ijk_BIAS_False_INLINE_True_COMPORDER_option_3_ap_fixed_16_5_,Overall,68586822,0.686 sec,499,80,11832,20081,27.357456140350877,7.33,2.1584938704028023,3.17
GEMM_config_M256_K512_N512_UM8_UK8_UN1_ikj_BIAS_False_INLINE_True_COMPORDER_option_2_ap_fixed_16_5_,Overall,67654617,0.677 sec,499,73,6529,12272,27.357456140350877,4.48,1.1910755983654409,2.9
GEMM_config_M256_K512_N512_UM8_UK8_UN1_ikj_BIAS_False_INLINE_True_COMPORDER_option_3_ap_fixed_16_5_,Overall,67654438,0.677 sec,499,80,6951,12848,27.357456140350877,4.69,1.2680604203152364,3.17
GEMM_config_M256_K512_N512_UM8_UK8_UN1_jik_BIAS_False_INLINE_True_COMPORDER_option_2_ap_fixed_16_5_,Overall,68585472,0.686 sec,499,73,10643,18496,27.357456140350877,6.75,1.9415863981319323,2.9
GEMM_config_M256_K512_N512_UM8_UK8_UN1_jik_BIAS_False_INLINE_True_COMPORDER_option_3_ap_fixed_16_5_,Overall,68470573,0.685 sec,499,80,10992,19070,27.357456140350877,6.96,2.0052539404553418,3.17
GEMM_config_M256_K512_N512_UM8_UK8_UN1_jki_BIAS_False_INLINE_True_COMPORDER_option_2_ap_fixed_16_5_,Overall,8933950,89.340 ms,499,73,5400,11209,27.357456140350877,4.09,0.9851138353765323,2.9
GEMM_config_M256_K512_N512_UM8_UK8_UN1_jki_BIAS_False_INLINE_True_COMPORDER_option_3_ap_fixed_16_5_,Overall,8819051,88.191 ms,499,80,5749,11804,27.357456140350877,4.31,1.0487813776999417,3.17
GEMM_config_M256_K512_N512_UM8_UK8_UN1_kij_BIAS_False_INLINE_True_COMPORDER_option_2_ap_fixed_16_5_,Overall,68603735,0.686 sec,499,73,6291,10433,27.357456140350877,3.81,1.1476576182136604,2.9
GEMM_config_M256_K512_N512_UM8_UK8_UN1_kij_BIAS_False_INLINE_True_COMPORDER_option_3_ap_fixed_16_5_,Overall,68603556,0.686 sec,499,80,6713,11010,27.357456140350877,4.02,1.224642440163456,3.17
GEMM_config_M256_K512_N512_UM8_UK8_UN1_kji_BIAS_False_INLINE_True_COMPORDER_option_2_ap_fixed_16_5_,Overall,10799166,0.108 sec,499,73,5452,10065,27.357456140350877,3.67,0.9946001167542323,2.9
GEMM_config_M256_K512_N512_UM8_UK8_UN1_kji_BIAS_False_INLINE_True_COMPORDER_option_3_ap_fixed_16_5_,Overall,10684267,0.107 sec,499,80,5801,10677,27.357456140350877,3.9,1.0582676590776414,3.17
GEMM_config_M256_K512_N512_UM8_UK8_UN8_ijk_BIAS_False_INLINE_True_COMPORDER_option_2_ap_fixed_16_5_,Overall,9737273,97.373 ms,522,584,20772,41608,28.618421052631575,15.18,3.7894045534150615,23.17
GEMM_config_M256_K512_N512_UM8_UK8_UN8_ijk_BIAS_False_INLINE_True_COMPORDER_option_3_ap_fixed_16_5_,Overall,9852230,98.522 ms,522,584,22113,41324,28.618421052631575,15.08,4.0340411558669,23.17
GEMM_config_M256_K512_N512_UM8_UK8_UN8_ikj_BIAS_False_INLINE_True_COMPORDER_option_2_ap_fixed_16_5_,Overall,68473913,0.685 sec,522,584,24300,35971,28.618421052631575,13.12,4.4330122591943955,23.17
GEMM_config_M256_K512_N512_UM8_UK8_UN8_ikj_BIAS_False_INLINE_True_COMPORDER_option_3_ap_fixed_16_5_,Overall,68588870,0.686 sec,522,584,25641,35687,28.618421052631575,13.02,4.677648861646235,23.17
GEMM_config_M256_K512_N512_UM8_UK8_UN8_jik_BIAS_False_INLINE_True_COMPORDER_option_2_ap_fixed_16_5_,Overall,9854137,98.541 ms,522,584,21780,40861,28.618421052631575,14.91,3.973292469352014,23.17
GEMM_config_M256_K512_N512_UM8_UK8_UN8_jik_BIAS_False_INLINE_True_COMPORDER_option_3_ap_fixed_16_5_,Overall,9739622,97.396 ms,522,584,20978,42044,28.618421052631575,15.34,3.8269848219497957,23.17
GEMM_config_M256_K512_N512_UM8_UK8_UN8_jki_BIAS_False_INLINE_True_COMPORDER_option_2_ap_fixed_16_5_,Overall,10788153,0.108 sec,522,584,21611,40798,28.618421052631575,14.89,3.942462054874489,23.17
GEMM_config_M256_K512_N512_UM8_UK8_UN8_jki_BIAS_False_INLINE_True_COMPORDER_option_3_ap_fixed_16_5_,Overall,10673638,0.107 sec,522,584,20809,41981,28.618421052631575,15.32,3.7961544074722706,23.17
GEMM_config_M256_K512_N512_UM8_UK8_UN8_kij_BIAS_False_INLINE_True_COMPORDER_option_2_ap_fixed_16_5_,Overall,68474329,0.685 sec,522,584,24269,35957,28.618421052631575,13.12,4.427356976065382,23.17
GEMM_config_M256_K512_N512_UM8_UK8_UN8_kij_BIAS_False_INLINE_True_COMPORDER_option_3_ap_fixed_16_5_,Overall,68589286,0.686 sec,522,584,25610,35673,28.618421052631575,13.02,4.671993578517221,23.17
GEMM_config_M256_K512_N512_UM8_UK8_UN8_kji_BIAS_False_INLINE_True_COMPORDER_option_2_ap_fixed_16_5_,Overall,10788153,0.108 sec,522,584,21611,40798,28.618421052631575,14.89,3.942462054874489,23.17
GEMM_config_M256_K512_N512_UM8_UK8_UN8_kji_BIAS_False_INLINE_True_COMPORDER_option_3_ap_fixed_16_5_,Overall,10673638,0.107 sec,522,584,20809,41981,28.618421052631575,15.32,3.7961544074722706,23.17
GEMM_config_M512_K256_N256_UM1_UK1_UN1_ijk_BIAS_False_INLINE_True_COMPORDER_option_2_ap_fixed_16_5_,Overall,34013505,0.340 sec,304,3,2724,4396,16.666666666666664,1.6,0.4969352014010508,0.12
GEMM_config_M512_K256_N256_UM1_UK1_UN1_ijk_BIAS_False_INLINE_True_COMPORDER_option_3_ap_fixed_16_5_,Overall,34013769,0.340 sec,305,3,3058,4726,16.721491228070175,1.72,0.5578663164039697,0.12
GEMM_config_M512_K256_N256_UM1_UK1_UN1_ikj_BIAS_False_INLINE_True_COMPORDER_option_2_ap_fixed_16_5_,Overall,34013505,0.340 sec,304,3,2935,4548,16.666666666666664,1.66,0.5354276123759486,0.12
GEMM_config_M512_K256_N256_UM1_UK1_UN1_ikj_BIAS_False_INLINE_True_COMPORDER_option_3_ap_fixed_16_5_,Overall,34013769,0.340 sec,305,3,3269,4878,16.721491228070175,1.78,0.5963587273788675,0.12
GEMM_config_M512_K256_N256_UM1_UK1_UN1_jik_BIAS_False_INLINE_True_COMPORDER_option_2_ap_fixed_16_5_,Overall,34013505,0.340 sec,304,3,2936,4555,16.666666666666664,1.66,0.5356100408639813,0.12
GEMM_config_M512_K256_N256_UM1_UK1_UN1_jik_BIAS_False_INLINE_True_COMPORDER_option_3_ap_fixed_16_5_,Overall,34013769,0.340 sec,305,3,2848,4579,16.721491228070175,1.67,0.5195563339171044,0.12
GEMM_config_M512_K256_N256_UM1_UK1_UN1_jki_BIAS_False_INLINE_True_COMPORDER_option_2_ap_fixed_16_5_,Overall,34015550,0.340 sec,304,3,2990,4435,16.666666666666664,1.62,0.5454611792177466,0.12
GEMM_config_M512_K256_N256_UM1_UK1_UN1_jki_BIAS_False_INLINE_True_COMPORDER_option_3_ap_fixed_16_5_,Overall,34016331,0.340 sec,305,3,2904,4460,16.721491228070175,1.63,0.5297723292469353,0.12
GEMM_config_M512_K256_N256_UM1_UK1_UN1_kij_BIAS_False_INLINE_True_COMPORDER_option_2_ap_fixed_16_5_,Overall,34013505,0.340 sec,304,3,2936,4553,16.666666666666664,1.66,0.5356100408639813,0.12
GEMM_config_M512_K256_N256_UM1_UK1_UN1_kij_BIAS_False_INLINE_True_COMPORDER_option_3_ap_fixed_16_5_,Overall,34013769,0.340 sec,305,3,3270,4883,16.721491228070175,1.78,0.5965411558669002,0.12
GEMM_config_M512_K256_N256_UM1_UK1_UN1_kji_BIAS_False_INLINE_True_COMPORDER_option_2_ap_fixed_16_5_,Overall,34013505,0.340 sec,304,3,2936,4556,16.666666666666664,1.66,0.5356100408639813,0.12
GEMM_config_M512_K256_N256_UM1_UK1_UN1_kji_BIAS_False_INLINE_True_COMPORDER_option_3_ap_fixed_16_5_,Overall,34013769,0.340 sec,305,3,2848,4580,16.721491228070175,1.67,0.5195563339171044,0.12
GEMM_config_M512_K256_N256_UM1_UK1_UN8_ijk_BIAS_False_INLINE_True_COMPORDER_option_2_ap_fixed_16_5_,Overall,4424001,44.240 ms,322,24,3333,5964,17.653508771929825,2.18,0.6080341506129597,0.95
GEMM_config_M512_K256_N256_UM1_UK1_UN8_ijk_BIAS_False_INLINE_True_COMPORDER_option_3_ap_fixed_16_5_,Overall,4538953,45.390 ms,316,17,3351,5572,17.324561403508774,2.03,0.6113178633975482,0.67
GEMM_config_M512_K256_N256_UM1_UK1_UN8_ikj_BIAS_False_INLINE_True_COMPORDER_option_2_ap_fixed_16_5_,Overall,34735454,0.347 sec,322,24,4329,6898,17.653508771929825,2.52,0.7897329246935201,0.95
GEMM_config_M512_K256_N256_UM1_UK1_UN8_ikj_BIAS_False_INLINE_True_COMPORDER_option_3_ap_fixed_16_5_,Overall,34851147,0.349 sec,316,17,4349,6574,17.324561403508774,2.4,0.7933814944541739,0.67
GEMM_config_M512_K256_N256_UM1_UK1_UN8_jik_BIAS_False_INLINE_True_COMPORDER_option_2_ap_fixed_16_5_,Overall,4540538,45.405 ms,322,24,4225,7641,17.653508771929825,2.79,0.7707603619381203,0.95
GEMM_config_M512_K256_N256_UM1_UK1_UN8_jik_BIAS_False_INLINE_True_COMPORDER_option_3_ap_fixed_16_5_,Overall,4540770,45.408 ms,316,17,4149,6422,17.324561403508774,2.34,0.7568957968476357,0.67
GEMM_config_M512_K256_N256_UM1_UK1_UN8_jki_BIAS_False_INLINE_True_COMPORDER_option_2_ap_fixed_16_5_,Overall,34368793,0.344 sec,322,24,4928,8506,17.653508771929825,3.1,0.8990075890251022,0.95
GEMM_config_M512_K256_N256_UM1_UK1_UN8_jki_BIAS_False_INLINE_True_COMPORDER_option_3_ap_fixed_16_5_,Overall,34369766,0.344 sec,316,17,4854,7285,17.324561403508774,2.66,0.8855078809106831,0.67
GEMM_config_M512_K256_N256_UM1_UK1_UN8_kij_BIAS_False_INLINE_True_COMPORDER_option_2_ap_fixed_16_5_,Overall,33786592,0.338 sec,322,24,5619,9003,17.653508771929825,3.28,1.0250656742556918,0.95
GEMM_config_M512_K256_N256_UM1_UK1_UN8_kij_BIAS_False_INLINE_True_COMPORDER_option_3_ap_fixed_16_5_,Overall,33902285,0.339 sec,316,17,5639,8671,17.324561403508774,3.16,1.0287142440163455,0.67
GEMM_config_M512_K256_N256_UM1_UK1_UN8_kji_BIAS_False_INLINE_True_COMPORDER_option_2_ap_fixed_16_5_,Overall,33903129,0.339 sec,322,24,4758,9559,17.653508771929825,3.49,0.8679947460595446,0.95
GEMM_config_M512_K256_N256_UM1_UK1_UN8_kji_BIAS_False_INLINE_True_COMPORDER_option_3_ap_fixed_16_5_,Overall,33904102,0.339 sec,316,17,4684,8338,17.324561403508774,3.04,0.8544950379451256,0.67
GEMM_config_M512_K256_N256_UM1_UK8_UN1_ijk_BIAS_False_INLINE_True_COMPORDER_option_2_ap_fixed_16_5_,Overall,34948670,0.349 sec,316,10,3646,5713,17.324561403508774,2.08,0.6651342673671921,0.4
GEMM_config_M512_K256_N256_UM1_UK8_UN1_ijk_BIAS_False_INLINE_True_COMPORDER_option_3_ap_fixed_16_5_,Overall,34949451,0.349 sec,317,10,3982,6103,17.37938596491228,2.23,0.7264302393461762,0.4
GEMM_config_M512_K256_N256_UM1_UK8_UN1_ikj_BIAS_False_INLINE_True_COMPORDER_option_2_ap_fixed_16_5_,Overall,34013505,0.340 sec,316,10,2945,4933,17.324561403508774,1.8,0.5372518972562755,0.4
GEMM_config_M512_K256_N256_UM1_UK8_UN1_ikj_BIAS_False_INLINE_True_COMPORDER_option_3_ap_fixed_16_5_,Overall,34013769,0.340 sec,317,10,3279,5263,17.37938596491228,1.92,0.5981830122591945,0.4
GEMM_config_M512_K256_N256_UM1_UK8_UN1_jik_BIAS_False_INLINE_True_COMPORDER_option_2_ap_fixed_16_5_,Overall,34015550,0.340 sec,316,10,3810,6738,17.324561403508774,2.46,0.6950525394045534,0.4
GEMM_config_M512_K256_N256_UM1_UK8_UN1_jik_BIAS_False_INLINE_True_COMPORDER_option_3_ap_fixed_16_5_,Overall,34016331,0.340 sec,317,10,3724,6805,17.37938596491228,2.48,0.6793636894337419,0.4
GEMM_config_M512_K256_N256_UM1_UK8_UN1_jki_BIAS_False_INLINE_True_COMPORDER_option_2_ap_fixed_16_5_,Overall,34015550,0.340 sec,316,10,3810,6747,17.324561403508774,2.46,0.6950525394045534,0.4
GEMM_config_M512_K256_N256_UM1_UK8_UN1_jki_BIAS_False_INLINE_True_COMPORDER_option_3_ap_fixed_16_5_,Overall,34016331,0.340 sec,317,10,3724,6814,17.37938596491228,2.49,0.6793636894337419,0.4
GEMM_config_M512_K256_N256_UM1_UK8_UN1_kij_BIAS_False_INLINE_True_COMPORDER_option_2_ap_fixed_16_5_,Overall,34013505,0.340 sec,316,10,2946,4938,17.324561403508774,1.8,0.5374343257443083,0.4
GEMM_config_M512_K256_N256_UM1_UK8_UN1_kij_BIAS_False_INLINE_True_COMPORDER_option_3_ap_fixed_16_5_,Overall,34013769,0.340 sec,317,10,3280,5268,17.37938596491228,1.92,0.5983654407472271,0.4
GEMM_config_M512_K256_N256_UM1_UK8_UN1_kji_BIAS_False_INLINE_True_COMPORDER_option_2_ap_fixed_16_5_,Overall,34481214,0.345 sec,316,10,3856,5551,17.324561403508774,2.03,0.7034442498540572,0.4
GEMM_config_M512_K256_N256_UM1_UK8_UN1_kji_BIAS_False_INLINE_True_COMPORDER_option_3_ap_fixed_16_5_,Overall,34481995,0.345 sec,317,10,3770,5635,17.37938596491228,2.06,0.6877553998832457,0.4
GEMM_config_M512_K256_N256_UM1_UK8_UN8_ijk_BIAS_False_INLINE_True_COMPORDER_option_2_ap_fixed_16_5_,Overall,5358942,53.589 ms,330,80,5535,10409,18.092105263157894,3.8,1.0097416812609457,3.17
GEMM_config_M512_K256_N256_UM1_UK8_UN8_ijk_BIAS_False_INLINE_True_COMPORDER_option_3_ap_fixed_16_5_,Overall,5474635,54.746 ms,324,73,5555,10077,17.763157894736842,3.68,1.0133902510215995,2.9
GEMM_config_M512_K256_N256_UM1_UK8_UN8_ikj_BIAS_False_INLINE_True_COMPORDER_option_2_ap_fixed_16_5_,Overall,34735454,0.347 sec,330,80,5632,9717,18.092105263157894,3.55,1.0274372446001168,3.17
GEMM_config_M512_K256_N256_UM1_UK8_UN8_ikj_BIAS_False_INLINE_True_COMPORDER_option_3_ap_fixed_16_5_,Overall,34851147,0.349 sec,324,73,5652,9393,17.763157894736842,3.43,1.0310858143607706,2.9
GEMM_config_M512_K256_N256_UM1_UK8_UN8_jik_BIAS_False_INLINE_True_COMPORDER_option_2_ap_fixed_16_5_,Overall,4542359,45.424 ms,330,80,6316,12985,18.092105263157894,4.74,1.1522183304144775,3.17
GEMM_config_M512_K256_N256_UM1_UK8_UN8_jik_BIAS_False_INLINE_True_COMPORDER_option_3_ap_fixed_16_5_,Overall,4543332,45.433 ms,324,73,6242,11771,17.763157894736842,4.29,1.1387186223000585,2.9
GEMM_config_M512_K256_N256_UM1_UK8_UN8_jki_BIAS_False_INLINE_True_COMPORDER_option_2_ap_fixed_16_5_,Overall,34368569,0.344 sec,330,80,11383,17665,18.092105263157894,6.45,2.076583479276124,3.17
GEMM_config_M512_K256_N256_UM1_UK8_UN8_jki_BIAS_False_INLINE_True_COMPORDER_option_3_ap_fixed_16_5_,Overall,34369542,0.344 sec,324,73,11309,16452,17.763157894736842,6.0,2.0630837711617045,2.9
GEMM_config_M512_K256_N256_UM1_UK8_UN8_kij_BIAS_False_INLINE_True_COMPORDER_option_2_ap_fixed_16_5_,Overall,33786592,0.338 sec,330,80,5867,11054,18.092105263157894,4.03,1.0703079392877992,3.17
GEMM_config_M512_K256_N256_UM1_UK8_UN8_kij_BIAS_False_INLINE_True_COMPORDER_option_3_ap_fixed_16_5_,Overall,33902285,0.339 sec,324,73,5887,10722,17.763157894736842,3.91,1.073956509048453,2.9
GEMM_config_M512_K256_N256_UM1_UK8_UN8_kji_BIAS_False_INLINE_True_COMPORDER_option_2_ap_fixed_16_5_,Overall,34368569,0.344 sec,330,80,11383,17665,18.092105263157894,6.45,2.076583479276124,3.17
GEMM_config_M512_K256_N256_UM1_UK8_UN8_kji_BIAS_False_INLINE_True_COMPORDER_option_3_ap_fixed_16_5_,Overall,34369542,0.344 sec,324,73,11309,16452,17.763157894736842,6.0,2.0630837711617045,2.9
GEMM_config_M512_K256_N256_UM8_UK1_UN1_ijk_BIAS_False_INLINE_True_COMPORDER_option_2_ap_fixed_16_5_,Overall,33907065,0.339 sec,327,17,4408,8810,17.927631578947366,3.21,0.8041447752481027,0.67
GEMM_config_M512_K256_N256_UM8_UK1_UN1_ijk_BIAS_False_INLINE_True_COMPORDER_option_3_ap_fixed_16_5_,Overall,33907462,0.339 sec,335,24,4718,9326,18.36622807017544,3.4,0.860697606538237,0.95
GEMM_config_M512_K256_N256_UM8_UK1_UN1_ikj_BIAS_False_INLINE_True_COMPORDER_option_2_ap_fixed_16_5_,Overall,33907065,0.339 sec,327,17,6096,10026,17.927631578947366,3.66,1.1120840630472855,0.67
GEMM_config_M512_K256_N256_UM8_UK1_UN1_ikj_BIAS_False_INLINE_True_COMPORDER_option_3_ap_fixed_16_5_,Overall,33907462,0.339 sec,335,24,6406,10542,18.36622807017544,3.85,1.1686368943374197,0.95
GEMM_config_M512_K256_N256_UM8_UK1_UN1_jik_BIAS_False_INLINE_True_COMPORDER_option_2_ap_fixed_16_5_,Overall,34834240,0.348 sec,327,17,3869,6786,17.927631578947366,2.48,0.7058158201984822,0.67
GEMM_config_M512_K256_N256_UM8_UK1_UN1_jik_BIAS_False_INLINE_True_COMPORDER_option_3_ap_fixed_16_5_,Overall,34719885,0.347 sec,335,24,3983,7353,18.36622807017544,2.68,0.7266126678342091,0.95
GEMM_config_M512_K256_N256_UM8_UK1_UN1_jki_BIAS_False_INLINE_True_COMPORDER_option_2_ap_fixed_16_5_,Overall,4538689,45.387 ms,327,17,3103,5565,17.927631578947366,2.03,0.5660755983654407,0.67
GEMM_config_M512_K256_N256_UM8_UK1_UN1_jki_BIAS_False_INLINE_True_COMPORDER_option_3_ap_fixed_16_5_,Overall,4424265,44.243 ms,335,24,3215,6056,18.36622807017544,2.21,0.5865075890251021,0.95
GEMM_config_M512_K256_N256_UM8_UK1_UN1_kij_BIAS_False_INLINE_True_COMPORDER_option_2_ap_fixed_16_5_,Overall,34853495,0.349 sec,327,17,4826,7488,17.927631578947366,2.73,0.8803998832457676,0.67
GEMM_config_M512_K256_N256_UM8_UK1_UN1_kij_BIAS_False_INLINE_True_COMPORDER_option_3_ap_fixed_16_5_,Overall,34853892,0.349 sec,335,24,5136,8005,18.36622807017544,2.92,0.9369527145359019,0.95
GEMM_config_M512_K256_N256_UM8_UK1_UN1_kji_BIAS_False_INLINE_True_COMPORDER_option_2_ap_fixed_16_5_,Overall,4538689,45.387 ms,327,17,3103,5565,17.927631578947366,2.03,0.5660755983654407,0.67
GEMM_config_M512_K256_N256_UM8_UK1_UN1_kji_BIAS_False_INLINE_True_COMPORDER_option_3_ap_fixed_16_5_,Overall,4424265,44.243 ms,335,24,3215,6056,18.36622807017544,2.21,0.5865075890251021,0.95
GEMM_config_M512_K256_N256_UM8_UK1_UN8_ijk_BIAS_False_INLINE_True_COMPORDER_option_2_ap_fixed_16_5_,Overall,4417689,44.177 ms,330,136,6058,14952,18.092105263157894,5.46,1.1051517805020432,5.4
GEMM_config_M512_K256_N256_UM8_UK1_UN8_ijk_BIAS_False_INLINE_True_COMPORDER_option_3_ap_fixed_16_5_,Overall,4532998,45.330 ms,338,136,7231,14597,18.530701754385966,5.33,1.31914039696439,5.4
GEMM_config_M512_K256_N256_UM8_UK1_UN8_ikj_BIAS_False_INLINE_True_COMPORDER_option_2_ap_fixed_16_5_,Overall,34725081,0.347 sec,330,136,13787,22985,18.092105263157894,8.39,2.5151415645067137,5.4
GEMM_config_M512_K256_N256_UM8_UK1_UN8_ikj_BIAS_False_INLINE_True_COMPORDER_option_3_ap_fixed_16_5_,Overall,34840390,0.348 sec,338,136,15024,22639,18.530701754385966,8.26,2.7408056042031523,5.4
GEMM_config_M512_K256_N256_UM8_UK1_UN8_jik_BIAS_False_INLINE_True_COMPORDER_option_2_ap_fixed_16_5_,Overall,5461401,54.614 ms,330,136,7322,13145,18.092105263157894,4.8,1.3357413893753647,5.4
GEMM_config_M512_K256_N256_UM8_UK1_UN8_jik_BIAS_False_INLINE_True_COMPORDER_option_3_ap_fixed_16_5_,Overall,5347238,53.472 ms,338,136,6416,14258,18.530701754385966,5.2,1.1704611792177466,5.4
GEMM_config_M512_K256_N256_UM8_UK1_UN8_jki_BIAS_False_INLINE_True_COMPORDER_option_2_ap_fixed_16_5_,Overall,4994329,49.943 ms,330,136,7336,13138,18.092105263157894,4.79,1.3382953882078226,5.4
GEMM_config_M512_K256_N256_UM8_UK1_UN8_jki_BIAS_False_INLINE_True_COMPORDER_option_3_ap_fixed_16_5_,Overall,4880166,48.802 ms,338,136,6430,14251,18.530701754385966,5.2,1.1730151780502043,5.4
GEMM_config_M512_K256_N256_UM8_UK1_UN8_kij_BIAS_False_INLINE_True_COMPORDER_option_2_ap_fixed_16_5_,Overall,34724665,0.347 sec,330,136,13854,22999,18.092105263157894,8.39,2.527364273204904,5.4
GEMM_config_M512_K256_N256_UM8_UK1_UN8_kij_BIAS_False_INLINE_True_COMPORDER_option_3_ap_fixed_16_5_,Overall,34839974,0.348 sec,338,136,15091,22653,18.530701754385966,8.27,2.7530283129013426,5.4
GEMM_config_M512_K256_N256_UM8_UK1_UN8_kji_BIAS_False_INLINE_True_COMPORDER_option_2_ap_fixed_16_5_,Overall,4528665,45.287 ms,330,136,7142,14119,18.092105263157894,5.15,1.3029042615294804,5.4
GEMM_config_M512_K256_N256_UM8_UK1_UN8_kji_BIAS_False_INLINE_True_COMPORDER_option_3_ap_fixed_16_5_,Overall,4414502,44.145 ms,338,136,6236,15232,18.530701754385966,5.56,1.1376240513718623,5.4
GEMM_config_M512_K256_N256_UM8_UK8_UN1_ijk_BIAS_False_INLINE_True_COMPORDER_option_2_ap_fixed_16_5_,Overall,34837945,0.348 sec,331,73,11040,19123,18.146929824561404,6.98,2.0140105078809105,2.9
GEMM_config_M512_K256_N256_UM8_UK8_UN1_ijk_BIAS_False_INLINE_True_COMPORDER_option_3_ap_fixed_16_5_,Overall,34838342,0.348 sec,339,80,11350,19650,18.585526315789476,7.17,2.070563339171045,3.17
GEMM_config_M512_K256_N256_UM8_UK8_UN1_ikj_BIAS_False_INLINE_True_COMPORDER_option_2_ap_fixed_16_5_,Overall,33907065,0.339 sec,331,73,6351,12293,18.146929824561404,4.49,1.1586033274956216,2.9
GEMM_config_M512_K256_N256_UM8_UK8_UN1_ikj_BIAS_False_INLINE_True_COMPORDER_option_3_ap_fixed_16_5_,Overall,33907462,0.339 sec,339,80,6661,12809,18.585526315789476,4.67,1.215156158785756,3.17
GEMM_config_M512_K256_N256_UM8_UK8_UN1_jik_BIAS_False_INLINE_True_COMPORDER_option_2_ap_fixed_16_5_,Overall,34834016,0.348 sec,331,73,10341,18155,18.146929824561404,6.62,1.8864929947460596,2.9
GEMM_config_M512_K256_N256_UM8_UK8_UN1_jik_BIAS_False_INLINE_True_COMPORDER_option_3_ap_fixed_16_5_,Overall,34719661,0.347 sec,339,80,10455,18668,18.585526315789476,6.81,1.9072898423817863,3.17
GEMM_config_M512_K256_N256_UM8_UK8_UN1_jki_BIAS_False_INLINE_True_COMPORDER_option_2_ap_fixed_16_5_,Overall,4540734,45.407 ms,331,73,5264,11115,18.146929824561404,4.06,0.9603035610040864,2.9
GEMM_config_M512_K256_N256_UM8_UK8_UN1_jki_BIAS_False_INLINE_True_COMPORDER_option_3_ap_fixed_16_5_,Overall,4426379,44.264 ms,339,80,5378,11649,18.585526315789476,4.25,0.9811004086398132,3.17
GEMM_config_M512_K256_N256_UM8_UK8_UN1_kij_BIAS_False_INLINE_True_COMPORDER_option_2_ap_fixed_16_5_,Overall,34853495,0.349 sec,331,73,6139,10331,18.146929824561404,3.77,1.1199284880326912,2.9
GEMM_config_M512_K256_N256_UM8_UK8_UN1_kij_BIAS_False_INLINE_True_COMPORDER_option_3_ap_fixed_16_5_,Overall,34853892,0.349 sec,339,80,6449,10848,18.585526315789476,3.96,1.1764813193228256,3.17
GEMM_config_M512_K256_N256_UM8_UK8_UN1_kji_BIAS_False_INLINE_True_COMPORDER_option_2_ap_fixed_16_5_,Overall,5006398,50.064 ms,331,73,5334,9991,18.146929824561404,3.65,0.9730735551663748,2.9
GEMM_config_M512_K256_N256_UM8_UK8_UN1_kji_BIAS_False_INLINE_True_COMPORDER_option_3_ap_fixed_16_5_,Overall,4892043,48.920 ms,339,80,5448,10542,18.585526315789476,3.85,0.9938704028021016,3.17
GEMM_config_M512_K256_N256_UM8_UK8_UN8_ijk_BIAS_False_INLINE_True_COMPORDER_option_2_ap_fixed_16_5_,Overall,5348569,53.486 ms,330,584,20526,41513,18.092105263157894,15.15,3.7445271453590196,23.17
GEMM_config_M512_K256_N256_UM8_UK8_UN8_ijk_BIAS_False_INLINE_True_COMPORDER_option_3_ap_fixed_16_5_,Overall,5463878,54.639 ms,338,584,21763,41167,18.530701754385966,15.02,3.9701911850554583,23.17
GEMM_config_M512_K256_N256_UM8_UK8_UN8_ikj_BIAS_False_INLINE_True_COMPORDER_option_2_ap_fixed_16_5_,Overall,34725081,0.347 sec,330,584,24182,35876,18.092105263157894,13.09,4.411485697606539,23.17
GEMM_config_M512_K256_N256_UM8_UK8_UN8_ikj_BIAS_False_INLINE_True_COMPORDER_option_3_ap_fixed_16_5_,Overall,34840390,0.348 sec,338,584,25419,35530,18.530701754385966,12.96,4.637149737302977,23.17
GEMM_config_M512_K256_N256_UM8_UK8_UN8_jik_BIAS_False_INLINE_True_COMPORDER_option_2_ap_fixed_16_5_,Overall,5461177,54.612 ms,330,584,21597,40794,18.092105263157894,14.88,3.939908056042032,23.17
GEMM_config_M512_K256_N256_UM8_UK8_UN8_jik_BIAS_False_INLINE_True_COMPORDER_option_3_ap_fixed_16_5_,Overall,5347014,53.470 ms,338,584,20691,41915,18.530701754385966,15.29,3.774627845884413,23.17
GEMM_config_M512_K256_N256_UM8_UK8_UN8_jki_BIAS_False_INLINE_True_COMPORDER_option_2_ap_fixed_16_5_,Overall,4994105,49.941 ms,330,584,21760,40857,18.092105263157894,14.91,3.96964389959136,23.17
GEMM_config_M512_K256_N256_UM8_UK8_UN8_jki_BIAS_False_INLINE_True_COMPORDER_option_3_ap_fixed_16_5_,Overall,4879942,48.799 ms,338,584,20854,41978,18.530701754385966,15.32,3.804363689433742,23.17
GEMM_config_M512_K256_N256_UM8_UK8_UN8_kij_BIAS_False_INLINE_True_COMPORDER_option_2_ap_fixed_16_5_,Overall,34724665,0.347 sec,330,584,24207,35890,18.092105263157894,13.09,4.416046409807355,23.17
GEMM_config_M512_K256_N256_UM8_UK8_UN8_kij_BIAS_False_INLINE_True_COMPORDER_option_3_ap_fixed_16_5_,Overall,34839974,0.348 sec,338,584,25444,35544,18.530701754385966,12.97,4.641710449503794,23.17
GEMM_config_M512_K256_N256_UM8_UK8_UN8_kji_BIAS_False_INLINE_True_COMPORDER_option_2_ap_fixed_16_5_,Overall,4994105,49.941 ms,330,584,21760,40857,18.092105263157894,14.91,3.96964389959136,23.17
GEMM_config_M512_K256_N256_UM8_UK8_UN8_kji_BIAS_False_INLINE_True_COMPORDER_option_3_ap_fixed_16_5_,Overall,4879942,48.799 ms,338,584,20854,41978,18.530701754385966,15.32,3.804363689433742,23.17
GEMM_config_M512_K256_N512_UM1_UK1_UN1_ijk_BIAS_False_INLINE_True_COMPORDER_option_2_ap_fixed_16_5_,Overall,67895873,0.679 sec,484,3,2740,4422,26.535087719298247,1.61,0.4998540572095738,0.12
GEMM_config_M512_K256_N512_UM1_UK1_UN1_ijk_BIAS_False_INLINE_True_COMPORDER_option_3_ap_fixed_16_5_,Overall,67895881,0.679 sec,485,3,3074,4746,26.589912280701753,1.73,0.5607851722124927,0.12
GEMM_config_M512_K256_N512_UM1_UK1_UN1_ijk_BIAS_False_INLINE_True_COMPORDER_option_4_ap_fixed_16_5_,Overall,263216,2.632 ms,1,0,1511,2251,0.05482456140350877,0.82,0.2756494454173964,0.0
GEMM_config_M512_K256_N512_UM1_UK1_UN1_ikj_BIAS_False_INLINE_True_COMPORDER_option_2_ap_fixed_16_5_,Overall,67895873,0.679 sec,484,3,2951,4574,26.535087719298247,1.67,0.5383464681844717,0.12
GEMM_config_M512_K256_N512_UM1_UK1_UN1_ikj_BIAS_False_INLINE_True_COMPORDER_option_3_ap_fixed_16_5_,Overall,67895881,0.679 sec,485,3,3285,4898,26.589912280701753,1.79,0.5992775831873906,0.12
GEMM_config_M512_K256_N512_UM1_UK1_UN1_ikj_BIAS_False_INLINE_True_COMPORDER_option_4_ap_fixed_16_5_,Overall,263216,2.632 ms,1,0,1511,2251,0.05482456140350877,0.82,0.2756494454173964,0.0
GEMM_config_M512_K256_N512_UM1_UK1_UN1_jik_BIAS_False_INLINE_True_COMPORDER_option_2_ap_fixed_16_5_,Overall,67895873,0.679 sec,484,3,2952,4580,26.535087719298247,1.67,0.5385288966725044,0.12
GEMM_config_M512_K256_N512_UM1_UK1_UN1_jik_BIAS_False_INLINE_True_COMPORDER_option_3_ap_fixed_16_5_,Overall,67895881,0.679 sec,485,3,2864,4596,26.589912280701753,1.68,0.5224751897256276,0.12
GEMM_config_M512_K256_N512_UM1_UK1_UN1_jik_BIAS_False_INLINE_True_COMPORDER_option_4_ap_fixed_16_5_,Overall,263216,2.632 ms,1,0,1511,2251,0.05482456140350877,0.82,0.2756494454173964,0.0
GEMM_config_M512_K256_N512_UM1_UK1_UN1_jki_BIAS_False_INLINE_True_COMPORDER_option_2_ap_fixed_16_5_,Overall,67895873,0.679 sec,484,3,2952,4580,26.535087719298247,1.67,0.5385288966725044,0.12
GEMM_config_M512_K256_N512_UM1_UK1_UN1_jki_BIAS_False_INLINE_True_COMPORDER_option_3_ap_fixed_16_5_,Overall,67895881,0.679 sec,485,3,2864,4596,26.589912280701753,1.68,0.5224751897256276,0.12
GEMM_config_M512_K256_N512_UM1_UK1_UN1_jki_BIAS_False_INLINE_True_COMPORDER_option_4_ap_fixed_16_5_,Overall,263216,2.632 ms,1,0,1511,2251,0.05482456140350877,0.82,0.2756494454173964,0.0
GEMM_config_M512_K256_N512_UM1_UK1_UN1_kij_BIAS_False_INLINE_True_COMPORDER_option_2_ap_fixed_16_5_,Overall,67895873,0.679 sec,484,3,2951,4574,26.535087719298247,1.67,0.5383464681844717,0.12
GEMM_config_M512_K256_N512_UM1_UK1_UN1_kij_BIAS_False_INLINE_True_COMPORDER_option_3_ap_fixed_16_5_,Overall,67895881,0.679 sec,485,3,3285,4898,26.589912280701753,1.79,0.5992775831873906,0.12
GEMM_config_M512_K256_N512_UM1_UK1_UN1_kij_BIAS_False_INLINE_True_COMPORDER_option_4_ap_fixed_16_5_,Overall,263216,2.632 ms,1,0,1511,2251,0.05482456140350877,0.82,0.2756494454173964,0.0
GEMM_config_M512_K256_N512_UM1_UK1_UN1_kji_BIAS_False_INLINE_True_COMPORDER_option_2_ap_fixed_16_5_,Overall,67895873,0.679 sec,484,3,2951,4576,26.535087719298247,1.67,0.5383464681844717,0.12
GEMM_config_M512_K256_N512_UM1_UK1_UN1_kji_BIAS_False_INLINE_True_COMPORDER_option_3_ap_fixed_16_5_,Overall,67895881,0.679 sec,485,3,2863,4592,26.589912280701753,1.68,0.5222927612375949,0.12
GEMM_config_M512_K256_N512_UM1_UK1_UN1_kji_BIAS_False_INLINE_True_COMPORDER_option_4_ap_fixed_16_5_,Overall,263216,2.632 ms,1,0,1511,2251,0.05482456140350877,0.82,0.2756494454173964,0.0
GEMM_config_M512_K256_N512_UM1_UK1_UN8_ijk_BIAS_False_INLINE_True_COMPORDER_option_2_ap_fixed_16_5_,Overall,8716865,87.169 ms,506,24,3124,5917,27.74122807017544,2.16,0.5699065966141272,0.95
GEMM_config_M512_K256_N512_UM1_UK1_UN8_ijk_BIAS_False_INLINE_True_COMPORDER_option_3_ap_fixed_16_5_,Overall,8946249,89.462 ms,500,17,3253,5520,27.412280701754387,2.01,0.5934398715703444,0.67
GEMM_config_M512_K256_N512_UM1_UK1_UN8_ijk_BIAS_False_INLINE_True_COMPORDER_option_4_ap_fixed_16_5_,Overall,411215,4.112 ms,253,10,3033,5040,13.87061403508772,1.84,0.5533056042031523,0.4
GEMM_config_M512_K256_N512_UM1_UK1_UN8_ikj_BIAS_False_INLINE_True_COMPORDER_option_2_ap_fixed_16_5_,Overall,69338750,0.693 sec,506,24,4111,6844,27.74122807017544,2.5,0.7499635143023935,0.95
GEMM_config_M512_K256_N512_UM1_UK1_UN8_ikj_BIAS_False_INLINE_True_COMPORDER_option_3_ap_fixed_16_5_,Overall,69569099,0.696 sec,500,17,4242,6515,27.412280701754387,2.38,0.773861646234676,0.67
GEMM_config_M512_K256_N512_UM1_UK1_UN8_ikj_BIAS_False_INLINE_True_COMPORDER_option_4_ap_fixed_16_5_,Overall,411215,4.112 ms,253,10,3033,5040,13.87061403508772,1.84,0.5533056042031523,0.4
GEMM_config_M512_K256_N512_UM1_UK1_UN8_jik_BIAS_False_INLINE_True_COMPORDER_option_2_ap_fixed_16_5_,Overall,8949946,89.499 ms,506,24,4134,7590,27.74122807017544,2.77,0.7541593695271454,0.95
GEMM_config_M512_K256_N512_UM1_UK1_UN8_jik_BIAS_False_INLINE_True_COMPORDER_option_3_ap_fixed_16_5_,Overall,8949890,89.499 ms,500,17,4052,6365,27.412280701754387,2.32,0.7392002335084646,0.67
GEMM_config_M512_K256_N512_UM1_UK1_UN8_jik_BIAS_False_INLINE_True_COMPORDER_option_4_ap_fixed_16_5_,Overall,529868,5.299 ms,253,10,4172,6067,13.87061403508772,2.21,0.7610916520723876,0.4
GEMM_config_M512_K256_N512_UM1_UK1_UN8_jki_BIAS_False_INLINE_True_COMPORDER_option_2_ap_fixed_16_5_,Overall,68605433,0.686 sec,506,24,4836,8446,27.74122807017544,3.08,0.8822241681260945,0.95
GEMM_config_M512_K256_N512_UM1_UK1_UN8_jki_BIAS_False_INLINE_True_COMPORDER_option_3_ap_fixed_16_5_,Overall,68606342,0.686 sec,500,17,4756,7219,27.412280701754387,2.63,0.8676298890834792,0.67
GEMM_config_M512_K256_N512_UM1_UK1_UN8_jki_BIAS_False_INLINE_True_COMPORDER_option_4_ap_fixed_16_5_,Overall,529868,5.299 ms,253,10,4172,6067,13.87061403508772,2.21,0.7610916520723876,0.4
GEMM_config_M512_K256_N512_UM1_UK1_UN8_kij_BIAS_False_INLINE_True_COMPORDER_option_2_ap_fixed_16_5_,Overall,67441536,0.674 sec,506,24,5407,8946,27.74122807017544,3.26,0.9863908347927614,0.95
GEMM_config_M512_K256_N512_UM1_UK1_UN8_kij_BIAS_False_INLINE_True_COMPORDER_option_3_ap_fixed_16_5_,Overall,67671885,0.677 sec,500,17,5538,8609,27.412280701754387,3.14,1.0102889667250436,0.67
GEMM_config_M512_K256_N512_UM1_UK1_UN8_kij_BIAS_False_INLINE_True_COMPORDER_option_4_ap_fixed_16_5_,Overall,411215,4.112 ms,253,10,3033,5040,13.87061403508772,1.84,0.5533056042031523,0.4
GEMM_config_M512_K256_N512_UM1_UK1_UN8_kji_BIAS_False_INLINE_True_COMPORDER_option_2_ap_fixed_16_5_,Overall,67674617,0.677 sec,506,24,4664,9499,27.74122807017544,3.47,0.8508464681844716,0.95
GEMM_config_M512_K256_N512_UM1_UK1_UN8_kji_BIAS_False_INLINE_True_COMPORDER_option_3_ap_fixed_16_5_,Overall,67675526,0.677 sec,500,17,4584,8272,27.412280701754387,3.02,0.8362521891418564,0.67
GEMM_config_M512_K256_N512_UM1_UK1_UN8_kji_BIAS_False_INLINE_True_COMPORDER_option_4_ap_fixed_16_5_,Overall,529868,5.299 ms,253,10,4172,6067,13.87061403508772,2.21,0.7610916520723876,0.4
GEMM_config_M512_K256_N512_UM1_UK8_UN1_ijk_BIAS_False_INLINE_True_COMPORDER_option_2_ap_fixed_16_5_,Overall,68831294,0.688 sec,500,10,3695,5761,27.412280701754387,2.1,0.6740732632807939,0.4
GEMM_config_M512_K256_N512_UM1_UK8_UN1_ijk_BIAS_False_INLINE_True_COMPORDER_option_3_ap_fixed_16_5_,Overall,68831819,0.688 sec,501,10,4031,6145,27.467105263157894,2.24,0.7353692352597782,0.4
GEMM_config_M512_K256_N512_UM1_UK8_UN1_ijk_BIAS_False_INLINE_True_COMPORDER_option_4_ap_fixed_16_5_,Overall,263216,2.632 ms,1,0,1540,2399,0.05482456140350877,0.88,0.28093987157034445,0.0
GEMM_config_M512_K256_N512_UM1_UK8_UN1_ikj_BIAS_False_INLINE_True_COMPORDER_option_2_ap_fixed_16_5_,Overall,67895873,0.679 sec,500,10,2959,4959,27.412280701754387,1.81,0.5398058960887332,0.4
GEMM_config_M512_K256_N512_UM1_UK8_UN1_ikj_BIAS_False_INLINE_True_COMPORDER_option_3_ap_fixed_16_5_,Overall,67895881,0.679 sec,501,10,3293,5283,27.467105263157894,1.93,0.600737011091652,0.4
GEMM_config_M512_K256_N512_UM1_UK8_UN1_ikj_BIAS_False_INLINE_True_COMPORDER_option_4_ap_fixed_16_5_,Overall,263216,2.632 ms,1,0,1540,2399,0.05482456140350877,0.88,0.28093987157034445,0.0
GEMM_config_M512_K256_N512_UM1_UK8_UN1_jik_BIAS_False_INLINE_True_COMPORDER_option_2_ap_fixed_16_5_,Overall,67898174,0.679 sec,500,10,3867,6809,27.412280701754387,2.48,0.7054509632224168,0.4
GEMM_config_M512_K256_N512_UM1_UK8_UN1_jik_BIAS_False_INLINE_True_COMPORDER_option_3_ap_fixed_16_5_,Overall,67898699,0.679 sec,501,10,3781,6868,27.467105263157894,2.51,0.6897621132516053,0.4
GEMM_config_M512_K256_N512_UM1_UK8_UN1_jik_BIAS_False_INLINE_True_COMPORDER_option_4_ap_fixed_16_5_,Overall,263216,2.632 ms,1,0,1540,2399,0.05482456140350877,0.88,0.28093987157034445,0.0
GEMM_config_M512_K256_N512_UM1_UK8_UN1_jki_BIAS_False_INLINE_True_COMPORDER_option_2_ap_fixed_16_5_,Overall,67898174,0.679 sec,500,10,3867,6809,27.412280701754387,2.48,0.7054509632224168,0.4
GEMM_config_M512_K256_N512_UM1_UK8_UN1_jki_BIAS_False_INLINE_True_COMPORDER_option_3_ap_fixed_16_5_,Overall,67898699,0.679 sec,501,10,3781,6868,27.467105263157894,2.51,0.6897621132516053,0.4
GEMM_config_M512_K256_N512_UM1_UK8_UN1_jki_BIAS_False_INLINE_True_COMPORDER_option_4_ap_fixed_16_5_,Overall,263216,2.632 ms,1,0,1540,2399,0.05482456140350877,0.88,0.28093987157034445,0.0
GEMM_config_M512_K256_N512_UM1_UK8_UN1_kij_BIAS_False_INLINE_True_COMPORDER_option_2_ap_fixed_16_5_,Overall,67895873,0.679 sec,500,10,2959,4959,27.412280701754387,1.81,0.5398058960887332,0.4
GEMM_config_M512_K256_N512_UM1_UK8_UN1_kij_BIAS_False_INLINE_True_COMPORDER_option_3_ap_fixed_16_5_,Overall,67895881,0.679 sec,501,10,3293,5283,27.467105263157894,1.93,0.600737011091652,0.4
GEMM_config_M512_K256_N512_UM1_UK8_UN1_kij_BIAS_False_INLINE_True_COMPORDER_option_4_ap_fixed_16_5_,Overall,263216,2.632 ms,1,0,1540,2399,0.05482456140350877,0.88,0.28093987157034445,0.0
GEMM_config_M512_K256_N512_UM1_UK8_UN1_kji_BIAS_False_INLINE_True_COMPORDER_option_2_ap_fixed_16_5_,Overall,68831294,0.688 sec,500,10,3886,5568,27.412280701754387,2.03,0.708917104495038,0.4
GEMM_config_M512_K256_N512_UM1_UK8_UN1_kji_BIAS_False_INLINE_True_COMPORDER_option_3_ap_fixed_16_5_,Overall,68831819,0.688 sec,501,10,3800,5644,27.467105263157894,2.06,0.6932282545242265,0.4
GEMM_config_M512_K256_N512_UM1_UK8_UN1_kji_BIAS_False_INLINE_True_COMPORDER_option_4_ap_fixed_16_5_,Overall,263216,2.632 ms,1,0,1540,2399,0.05482456140350877,0.88,0.28093987157034445,0.0
GEMM_config_M512_K256_N512_UM1_UK8_UN8_ijk_BIAS_False_INLINE_True_COMPORDER_option_2_ap_fixed_16_5_,Overall,9651838,96.518 ms,514,80,5458,10362,28.17982456140351,3.78,0.9956946876824284,3.17
GEMM_config_M512_K256_N512_UM1_UK8_UN8_ijk_BIAS_False_INLINE_True_COMPORDER_option_3_ap_fixed_16_5_,Overall,9882187,98.822 ms,508,73,5589,10025,27.850877192982455,3.66,1.019592819614711,2.9
GEMM_config_M512_K256_N512_UM1_UK8_UN8_ijk_BIAS_False_INLINE_True_COMPORDER_option_4_ap_fixed_16_5_,Overall,298380,2.984 ms,275,73,4304,10433,15.076754385964913,3.81,0.7851722124927029,2.9
GEMM_config_M512_K256_N512_UM1_UK8_UN8_ikj_BIAS_False_INLINE_True_COMPORDER_option_2_ap_fixed_16_5_,Overall,69338750,0.693 sec,514,80,5415,9663,28.17982456140351,3.53,0.9878502626970228,3.17
GEMM_config_M512_K256_N512_UM1_UK8_UN8_ikj_BIAS_False_INLINE_True_COMPORDER_option_3_ap_fixed_16_5_,Overall,69569099,0.696 sec,508,73,5546,9334,27.850877192982455,3.41,1.0117483946293053,2.9
GEMM_config_M512_K256_N512_UM1_UK8_UN8_ikj_BIAS_False_INLINE_True_COMPORDER_option_4_ap_fixed_16_5_,Overall,298380,2.984 ms,275,73,4304,10433,15.076754385964913,3.81,0.7851722124927029,2.9
GEMM_config_M512_K256_N512_UM1_UK8_UN8_jik_BIAS_False_INLINE_True_COMPORDER_option_2_ap_fixed_16_5_,Overall,8951799,89.518 ms,514,80,6365,12959,28.17982456140351,4.73,1.1611573263280794,3.17
GEMM_config_M512_K256_N512_UM1_UK8_UN8_jik_BIAS_False_INLINE_True_COMPORDER_option_3_ap_fixed_16_5_,Overall,8952708,89.527 ms,508,73,6285,11739,27.850877192982455,4.28,1.1465630472854642,2.9
GEMM_config_M512_K256_N512_UM1_UK8_UN8_jik_BIAS_False_INLINE_True_COMPORDER_option_4_ap_fixed_16_5_,Overall,531493,5.315 ms,275,73,6281,11432,15.076754385964913,4.17,1.1458333333333333,2.9
GEMM_config_M512_K256_N512_UM1_UK8_UN8_jki_BIAS_False_INLINE_True_COMPORDER_option_2_ap_fixed_16_5_,Overall,68605209,0.686 sec,514,80,11432,17612,28.17982456140351,6.43,2.0855224751897254,3.17
GEMM_config_M512_K256_N512_UM1_UK8_UN8_jki_BIAS_False_INLINE_True_COMPORDER_option_3_ap_fixed_16_5_,Overall,68606118,0.686 sec,508,73,11352,16393,27.850877192982455,5.98,2.0709281961471104,2.9
GEMM_config_M512_K256_N512_UM1_UK8_UN8_jki_BIAS_False_INLINE_True_COMPORDER_option_4_ap_fixed_16_5_,Overall,531493,5.315 ms,275,73,6281,11432,15.076754385964913,4.17,1.1458333333333333,2.9
GEMM_config_M512_K256_N512_UM1_UK8_UN8_kij_BIAS_False_INLINE_True_COMPORDER_option_2_ap_fixed_16_5_,Overall,67441536,0.674 sec,514,80,5656,10997,28.17982456140351,4.01,1.0318155283129014,3.17
GEMM_config_M512_K256_N512_UM1_UK8_UN8_kij_BIAS_False_INLINE_True_COMPORDER_option_3_ap_fixed_16_5_,Overall,67671885,0.677 sec,508,73,5787,10660,27.850877192982455,3.89,1.0557136602451838,2.9
GEMM_config_M512_K256_N512_UM1_UK8_UN8_kij_BIAS_False_INLINE_True_COMPORDER_option_4_ap_fixed_16_5_,Overall,298380,2.984 ms,275,73,4304,10433,15.076754385964913,3.81,0.7851722124927029,2.9
GEMM_config_M512_K256_N512_UM1_UK8_UN8_kji_BIAS_False_INLINE_True_COMPORDER_option_2_ap_fixed_16_5_,Overall,68605497,0.686 sec,514,80,11410,17605,28.17982456140351,6.42,2.0815090484530065,3.17
GEMM_config_M512_K256_N512_UM1_UK8_UN8_kji_BIAS_False_INLINE_True_COMPORDER_option_3_ap_fixed_16_5_,Overall,68606406,0.686 sec,508,73,11330,16386,27.850877192982455,5.98,2.066914769410391,2.9
GEMM_config_M512_K256_N512_UM1_UK8_UN8_kji_BIAS_False_INLINE_True_COMPORDER_option_4_ap_fixed_16_5_,Overall,531493,5.315 ms,275,73,6281,11432,15.076754385964913,4.17,1.1458333333333333,2.9
GEMM_config_M512_K256_N512_UM8_UK1_UN1_ijk_BIAS_False_INLINE_True_COMPORDER_option_2_ap_fixed_16_5_,Overall,67675001,0.677 sec,499,17,4490,8918,27.357456140350877,3.25,0.8191039112667834,0.67
GEMM_config_M512_K256_N512_UM8_UK1_UN1_ijk_BIAS_False_INLINE_True_COMPORDER_option_3_ap_fixed_16_5_,Overall,67675142,0.677 sec,507,24,4793,9426,27.79605263157895,3.44,0.8743797431406889,0.95
GEMM_config_M512_K256_N512_UM8_UK1_UN1_ijk_BIAS_False_INLINE_True_COMPORDER_option_4_ap_fixed_16_5_,Overall,791688,7.917 ms,267,17,5209,11688,14.638157894736842,4.26,0.9502699941622884,0.67
GEMM_config_M512_K256_N512_UM8_UK1_UN1_ikj_BIAS_False_INLINE_True_COMPORDER_option_2_ap_fixed_16_5_,Overall,67675001,0.677 sec,499,17,6178,10126,27.357456140350877,3.69,1.1270431990659662,0.67
GEMM_config_M512_K256_N512_UM8_UK1_UN1_ikj_BIAS_False_INLINE_True_COMPORDER_option_3_ap_fixed_16_5_,Overall,67675142,0.677 sec,507,24,6481,10634,27.79605263157895,3.88,1.1823190309398717,0.95
GEMM_config_M512_K256_N512_UM8_UK1_UN1_ikj_BIAS_False_INLINE_True_COMPORDER_option_4_ap_fixed_16_5_,Overall,791688,7.917 ms,267,17,5209,11688,14.638157894736842,4.26,0.9502699941622884,0.67
GEMM_config_M512_K256_N512_UM8_UK1_UN1_jik_BIAS_False_INLINE_True_COMPORDER_option_2_ap_fixed_16_5_,Overall,68602176,0.686 sec,499,17,3931,6851,27.357456140350877,2.5,0.7171263864565091,0.67
GEMM_config_M512_K256_N512_UM8_UK1_UN1_jik_BIAS_False_INLINE_True_COMPORDER_option_3_ap_fixed_16_5_,Overall,68372877,0.684 sec,507,24,4044,7410,27.79605263157895,2.7,0.7377408056042032,0.95
GEMM_config_M512_K256_N512_UM8_UK1_UN1_jik_BIAS_False_INLINE_True_COMPORDER_option_4_ap_fixed_16_5_,Overall,525903,5.259 ms,267,17,3777,6275,14.638157894736842,2.29,0.6890323992994746,0.67
GEMM_config_M512_K256_N512_UM8_UK1_UN1_jki_BIAS_False_INLINE_True_COMPORDER_option_2_ap_fixed_16_5_,Overall,8946241,89.462 ms,499,17,3134,5588,27.357456140350877,2.04,0.5717308814944542,0.67
GEMM_config_M512_K256_N512_UM8_UK1_UN1_jki_BIAS_False_INLINE_True_COMPORDER_option_3_ap_fixed_16_5_,Overall,8716873,87.169 ms,507,24,3245,6071,27.79605263157895,2.22,0.5919804436660829,0.95
GEMM_config_M512_K256_N512_UM8_UK1_UN1_jki_BIAS_False_INLINE_True_COMPORDER_option_4_ap_fixed_16_5_,Overall,525903,5.259 ms,267,17,3777,6275,14.638157894736842,2.29,0.6890323992994746,0.67
GEMM_config_M512_K256_N512_UM8_UK1_UN1_kij_BIAS_False_INLINE_True_COMPORDER_option_2_ap_fixed_16_5_,Overall,69572215,0.696 sec,499,17,4867,7524,27.357456140350877,2.75,0.887879451255108,0.67
GEMM_config_M512_K256_N512_UM8_UK1_UN1_kij_BIAS_False_INLINE_True_COMPORDER_option_3_ap_fixed_16_5_,Overall,69572356,0.696 sec,507,24,5170,8033,27.79605263157895,2.93,0.9431552831290135,0.95
GEMM_config_M512_K256_N512_UM8_UK1_UN1_kij_BIAS_False_INLINE_True_COMPORDER_option_4_ap_fixed_16_5_,Overall,791688,7.917 ms,267,17,5209,11688,14.638157894736842,4.26,0.9502699941622884,0.67
GEMM_config_M512_K256_N512_UM8_UK1_UN1_kji_BIAS_False_INLINE_True_COMPORDER_option_2_ap_fixed_16_5_,Overall,8946241,89.462 ms,499,17,3133,5585,27.357456140350877,2.04,0.5715484530064214,0.67
GEMM_config_M512_K256_N512_UM8_UK1_UN1_kji_BIAS_False_INLINE_True_COMPORDER_option_3_ap_fixed_16_5_,Overall,8716873,87.169 ms,507,24,3244,6068,27.79605263157895,2.21,0.5917980151780502,0.95
GEMM_config_M512_K256_N512_UM8_UK1_UN1_kji_BIAS_False_INLINE_True_COMPORDER_option_4_ap_fixed_16_5_,Overall,525903,5.259 ms,267,17,3777,6275,14.638157894736842,2.29,0.6890323992994746,0.67
GEMM_config_M512_K256_N512_UM8_UK1_UN8_ijk_BIAS_False_INLINE_True_COMPORDER_option_2_ap_fixed_16_5_,Overall,8696249,86.962 ms,530,136,6134,14793,29.057017543859647,5.4,1.1190163455925277,5.4
GEMM_config_M512_K256_N512_UM8_UK1_UN8_ijk_BIAS_False_INLINE_True_COMPORDER_option_3_ap_fixed_16_5_,Overall,8926214,89.262 ms,538,136,7292,14432,29.49561403508772,5.27,1.3302685347343841,5.4
GEMM_config_M512_K256_N512_UM8_UK1_UN8_ijk_BIAS_False_INLINE_True_COMPORDER_option_4_ap_fixed_16_5_,Overall,545928,5.459 ms,275,24,5092,11478,15.076754385964913,4.19,0.9289258610624636,0.95
GEMM_config_M512_K256_N512_UM8_UK1_UN8_ikj_BIAS_False_INLINE_True_COMPORDER_option_2_ap_fixed_16_5_,Overall,69314041,0.693 sec,530,136,13791,22946,29.057017543859647,8.37,2.515871278458844,5.4
GEMM_config_M512_K256_N512_UM8_UK1_UN8_ikj_BIAS_False_INLINE_True_COMPORDER_option_3_ap_fixed_16_5_,Overall,69544006,0.695 sec,538,136,15013,22594,29.49561403508772,8.24,2.7387988908347927,5.4
GEMM_config_M512_K256_N512_UM8_UK1_UN8_ikj_BIAS_False_INLINE_True_COMPORDER_option_4_ap_fixed_16_5_,Overall,545928,5.459 ms,275,24,5092,11478,15.076754385964913,4.19,0.9289258610624636,0.95
GEMM_config_M512_K256_N512_UM8_UK1_UN8_jik_BIAS_False_INLINE_True_COMPORDER_option_2_ap_fixed_16_5_,Overall,9856505,98.565 ms,530,136,7368,13099,29.057017543859647,4.78,1.3441330998248686,5.4
GEMM_config_M512_K256_N512_UM8_UK1_UN8_jik_BIAS_False_INLINE_True_COMPORDER_option_3_ap_fixed_16_5_,Overall,9627590,96.276 ms,538,136,6456,14206,29.49561403508772,5.18,1.1777583187390543,5.4
GEMM_config_M512_K256_N512_UM8_UK1_UN8_jik_BIAS_False_INLINE_True_COMPORDER_option_4_ap_fixed_16_5_,Overall,529868,5.299 ms,275,24,4426,7090,15.076754385964913,2.59,0.8074284880326912,0.95
GEMM_config_M512_K256_N512_UM8_UK1_UN8_jki_BIAS_False_INLINE_True_COMPORDER_option_2_ap_fixed_16_5_,Overall,9856505,98.565 ms,530,136,7356,13078,29.057017543859647,4.77,1.3419439579684764,5.4
GEMM_config_M512_K256_N512_UM8_UK1_UN8_jki_BIAS_False_INLINE_True_COMPORDER_option_3_ap_fixed_16_5_,Overall,9627590,96.276 ms,538,136,6444,14185,29.49561403508772,5.18,1.1755691768826622,5.4
GEMM_config_M512_K256_N512_UM8_UK1_UN8_jki_BIAS_False_INLINE_True_COMPORDER_option_4_ap_fixed_16_5_,Overall,529868,5.299 ms,275,24,4426,7090,15.076754385964913,2.59,0.8074284880326912,0.95
GEMM_config_M512_K256_N512_UM8_UK1_UN8_kij_BIAS_False_INLINE_True_COMPORDER_option_2_ap_fixed_16_5_,Overall,69314041,0.693 sec,530,136,13830,22946,29.057017543859647,8.37,2.522985989492119,5.4
GEMM_config_M512_K256_N512_UM8_UK1_UN8_kij_BIAS_False_INLINE_True_COMPORDER_option_3_ap_fixed_16_5_,Overall,69544006,0.695 sec,538,136,15052,22594,29.49561403508772,8.24,2.7459136018680677,5.4
GEMM_config_M512_K256_N512_UM8_UK1_UN8_kij_BIAS_False_INLINE_True_COMPORDER_option_4_ap_fixed_16_5_,Overall,545928,5.459 ms,275,24,5092,11478,15.076754385964913,4.19,0.9289258610624636,0.95
GEMM_config_M512_K256_N512_UM8_UK1_UN8_kji_BIAS_False_INLINE_True_COMPORDER_option_2_ap_fixed_16_5_,Overall,8925689,89.257 ms,530,136,7160,14059,29.057017543859647,5.13,1.3061879743140687,5.4
GEMM_config_M512_K256_N512_UM8_UK1_UN8_kji_BIAS_False_INLINE_True_COMPORDER_option_3_ap_fixed_16_5_,Overall,8696774,86.968 ms,538,136,6248,15166,29.49561403508772,5.53,1.1398131932282545,5.4
GEMM_config_M512_K256_N512_UM8_UK1_UN8_kji_BIAS_False_INLINE_True_COMPORDER_option_4_ap_fixed_16_5_,Overall,529868,5.299 ms,275,24,4426,7090,15.076754385964913,2.59,0.8074284880326912,0.95
GEMM_config_M512_K256_N512_UM8_UK8_UN1_ijk_BIAS_False_INLINE_True_COMPORDER_option_2_ap_fixed_16_5_,Overall,68605881,0.686 sec,507,73,11388,19431,27.79605263157895,7.09,2.077495621716287,2.9
GEMM_config_M512_K256_N512_UM8_UK8_UN1_ijk_BIAS_False_INLINE_True_COMPORDER_option_3_ap_fixed_16_5_,Overall,68606022,0.686 sec,515,80,11691,19950,28.234649122807014,7.28,2.132771453590193,3.17
GEMM_config_M512_K256_N512_UM8_UK8_UN1_ijk_BIAS_False_INLINE_True_COMPORDER_option_4_ap_fixed_16_5_,Overall,547781,5.478 ms,282,80,6236,16164,15.460526315789474,5.9,1.1376240513718623,3.17
GEMM_config_M512_K256_N512_UM8_UK8_UN1_ikj_BIAS_False_INLINE_True_COMPORDER_option_2_ap_fixed_16_5_,Overall,67675001,0.677 sec,507,73,6411,12177,27.79605263157895,4.44,1.1695490367775832,2.9
GEMM_config_M512_K256_N512_UM8_UK8_UN1_ikj_BIAS_False_INLINE_True_COMPORDER_option_3_ap_fixed_16_5_,Overall,67675142,0.677 sec,515,80,6714,12685,28.234649122807014,4.63,1.2248248686514887,3.17
GEMM_config_M512_K256_N512_UM8_UK8_UN1_ikj_BIAS_False_INLINE_True_COMPORDER_option_4_ap_fixed_16_5_,Overall,547781,5.478 ms,282,80,6236,16164,15.460526315789474,5.9,1.1376240513718623,3.17
GEMM_config_M512_K256_N512_UM8_UK8_UN1_jik_BIAS_False_INLINE_True_COMPORDER_option_2_ap_fixed_16_5_,Overall,68601952,0.686 sec,507,73,10677,18444,27.79605263157895,6.73,1.9477889667250436,2.9
GEMM_config_M512_K256_N512_UM8_UK8_UN1_jik_BIAS_False_INLINE_True_COMPORDER_option_3_ap_fixed_16_5_,Overall,68372653,0.684 sec,515,80,10790,18949,28.234649122807014,6.91,1.9684033858727377,3.17
GEMM_config_M512_K256_N512_UM8_UK8_UN1_jik_BIAS_False_INLINE_True_COMPORDER_option_4_ap_fixed_16_5_,Overall,527752,5.278 ms,282,80,5677,10095,15.460526315789474,3.68,1.035646526561588,3.17
GEMM_config_M512_K256_N512_UM8_UK8_UN1_jki_BIAS_False_INLINE_True_COMPORDER_option_2_ap_fixed_16_5_,Overall,8948542,89.485 ms,507,73,5434,11177,27.79605263157895,4.08,0.9913164039696439,2.9
GEMM_config_M512_K256_N512_UM8_UK8_UN1_jki_BIAS_False_INLINE_True_COMPORDER_option_3_ap_fixed_16_5_,Overall,8719243,87.192 ms,515,80,5547,11703,28.234649122807014,4.27,1.0119308231173378,3.17
GEMM_config_M512_K256_N512_UM8_UK8_UN1_jki_BIAS_False_INLINE_True_COMPORDER_option_4_ap_fixed_16_5_,Overall,527752,5.278 ms,282,80,5677,10095,15.460526315789474,3.68,1.035646526561588,3.17
GEMM_config_M512_K256_N512_UM8_UK8_UN1_kij_BIAS_False_INLINE_True_COMPORDER_option_2_ap_fixed_16_5_,Overall,69572215,0.696 sec,507,73,6174,10367,27.79605263157895,3.78,1.1263134851138354,2.9
GEMM_config_M512_K256_N512_UM8_UK8_UN1_kij_BIAS_False_INLINE_True_COMPORDER_option_3_ap_fixed_16_5_,Overall,69572356,0.696 sec,515,80,6477,10876,28.234649122807014,3.97,1.1815893169877407,3.17
GEMM_config_M512_K256_N512_UM8_UK8_UN1_kij_BIAS_False_INLINE_True_COMPORDER_option_4_ap_fixed_16_5_,Overall,547781,5.478 ms,282,80,6236,16164,15.460526315789474,5.9,1.1376240513718623,3.17
GEMM_config_M512_K256_N512_UM8_UK8_UN1_kji_BIAS_False_INLINE_True_COMPORDER_option_2_ap_fixed_16_5_,Overall,9881662,98.817 ms,507,73,5477,10008,27.79605263157895,3.65,0.9991608289550495,2.9
GEMM_config_M512_K256_N512_UM8_UK8_UN1_kji_BIAS_False_INLINE_True_COMPORDER_option_3_ap_fixed_16_5_,Overall,9652363,96.524 ms,515,80,5590,10551,28.234649122807014,3.85,1.0197752481027438,3.17
GEMM_config_M512_K256_N512_UM8_UK8_UN1_kji_BIAS_False_INLINE_True_COMPORDER_option_4_ap_fixed_16_5_,Overall,527752,5.278 ms,282,80,5677,10095,15.460526315789474,3.68,1.035646526561588,3.17
GEMM_config_M512_K256_N512_UM8_UK8_UN8_ijk_BIAS_False_INLINE_True_COMPORDER_option_2_ap_fixed_16_5_,Overall,9627129,96.271 ms,530,584,21651,41530,29.057017543859647,15.15,3.9497591943957966,23.17
GEMM_config_M512_K256_N512_UM8_UK8_UN8_ijk_BIAS_False_INLINE_True_COMPORDER_option_3_ap_fixed_16_5_,Overall,9857094,98.571 ms,538,584,22873,41178,29.49561403508772,15.02,4.172686806771746,23.17
GEMM_config_M512_K256_N512_UM8_UK8_UN8_ijk_BIAS_False_INLINE_True_COMPORDER_option_4_ap_fixed_16_5_,Overall,302021,3.020 ms,282,136,5528,14997,15.460526315789474,5.47,1.008464681844717,5.4
GEMM_config_M512_K256_N512_UM8_UK8_UN8_ikj_BIAS_False_INLINE_True_COMPORDER_option_2_ap_fixed_16_5_,Overall,69314041,0.693 sec,530,584,24187,35837,29.057017543859647,13.08,4.412397840046702,23.17
GEMM_config_M512_K256_N512_UM8_UK8_UN8_ikj_BIAS_False_INLINE_True_COMPORDER_option_3_ap_fixed_16_5_,Overall,69544006,0.695 sec,538,584,25409,35485,29.49561403508772,12.95,4.63532545242265,23.17
GEMM_config_M512_K256_N512_UM8_UK8_UN8_ikj_BIAS_False_INLINE_True_COMPORDER_option_4_ap_fixed_16_5_,Overall,302021,3.020 ms,282,136,5528,14997,15.460526315789474,5.47,1.008464681844717,5.4
GEMM_config_M512_K256_N512_UM8_UK8_UN8_jik_BIAS_False_INLINE_True_COMPORDER_option_2_ap_fixed_16_5_,Overall,9856281,98.563 ms,530,584,22708,40804,29.057017543859647,14.89,4.142586106246352,23.17
GEMM_config_M512_K256_N512_UM8_UK8_UN8_jik_BIAS_False_INLINE_True_COMPORDER_option_3_ap_fixed_16_5_,Overall,9627366,96.274 ms,538,584,21796,41919,29.49561403508772,15.29,3.976211325160537,23.17
GEMM_config_M512_K256_N512_UM8_UK8_UN8_jik_BIAS_False_INLINE_True_COMPORDER_option_4_ap_fixed_16_5_,Overall,531493,5.315 ms,282,136,7727,13529,15.460526315789474,4.94,1.409624927028605,5.4
GEMM_config_M512_K256_N512_UM8_UK8_UN8_jki_BIAS_False_INLINE_True_COMPORDER_option_2_ap_fixed_16_5_,Overall,9856281,98.563 ms,530,584,22705,40804,29.057017543859647,14.89,4.142038820782253,23.17
GEMM_config_M512_K256_N512_UM8_UK8_UN8_jki_BIAS_False_INLINE_True_COMPORDER_option_3_ap_fixed_16_5_,Overall,9627366,96.274 ms,538,584,21793,41919,29.49561403508772,15.29,3.9756640396964387,23.17
GEMM_config_M512_K256_N512_UM8_UK8_UN8_jki_BIAS_False_INLINE_True_COMPORDER_option_4_ap_fixed_16_5_,Overall,531493,5.315 ms,282,136,7727,13529,15.460526315789474,4.94,1.409624927028605,5.4
GEMM_config_M512_K256_N512_UM8_UK8_UN8_kij_BIAS_False_INLINE_True_COMPORDER_option_2_ap_fixed_16_5_,Overall,69314041,0.693 sec,530,584,24184,35837,29.057017543859647,13.08,4.411850554582604,23.17
GEMM_config_M512_K256_N512_UM8_UK8_UN8_kij_BIAS_False_INLINE_True_COMPORDER_option_3_ap_fixed_16_5_,Overall,69544006,0.695 sec,538,584,25406,35485,29.49561403508772,12.95,4.634778166958553,23.17
GEMM_config_M512_K256_N512_UM8_UK8_UN8_kij_BIAS_False_INLINE_True_COMPORDER_option_4_ap_fixed_16_5_,Overall,302021,3.020 ms,282,136,5528,14997,15.460526315789474,5.47,1.008464681844717,5.4
GEMM_config_M512_K256_N512_UM8_UK8_UN8_kji_BIAS_False_INLINE_True_COMPORDER_option_2_ap_fixed_16_5_,Overall,9856569,98.566 ms,530,584,22683,40797,29.057017543859647,14.89,4.138025394045535,23.17
GEMM_config_M512_K256_N512_UM8_UK8_UN8_kji_BIAS_False_INLINE_True_COMPORDER_option_3_ap_fixed_16_5_,Overall,9627654,96.277 ms,538,584,21771,41912,29.49561403508772,15.29,3.9716506129597198,23.17
GEMM_config_M512_K256_N512_UM8_UK8_UN8_kji_BIAS_False_INLINE_True_COMPORDER_option_4_ap_fixed_16_5_,Overall,531493,5.315 ms,282,136,7727,13529,15.460526315789474,4.94,1.409624927028605,5.4
GEMM_config_M512_K512_N256_UM1_UK1_UN1_ijk_BIAS_False_INLINE_True_COMPORDER_option_2_ap_fixed_16_5_,Overall,67764545,0.678 sec,484,3,2731,4417,26.535087719298247,1.61,0.4982122008172796,0.12
GEMM_config_M512_K512_N256_UM1_UK1_UN1_ijk_BIAS_False_INLINE_True_COMPORDER_option_3_ap_fixed_16_5_,Overall,67764809,0.678 sec,485,3,3065,4747,26.589912280701753,1.73,0.5591433158201985,0.12
GEMM_config_M512_K512_N256_UM1_UK1_UN1_ijk_BIAS_False_INLINE_True_COMPORDER_option_4_ap_fixed_16_5_,Overall,787791,7.878 ms,366,3,2759,4277,20.065789473684212,1.56,0.503320198482195,0.12
GEMM_config_M512_K512_N256_UM1_UK1_UN1_ikj_BIAS_False_INLINE_True_COMPORDER_option_2_ap_fixed_16_5_,Overall,67764545,0.678 sec,484,3,2942,4571,26.535087719298247,1.67,0.5367046117921775,0.12
GEMM_config_M512_K512_N256_UM1_UK1_UN1_ikj_BIAS_False_INLINE_True_COMPORDER_option_3_ap_fixed_16_5_,Overall,67764809,0.678 sec,485,3,3276,4901,26.589912280701753,1.79,0.5976357267950964,0.12
GEMM_config_M512_K512_N256_UM1_UK1_UN1_ikj_BIAS_False_INLINE_True_COMPORDER_option_4_ap_fixed_16_5_,Overall,787791,7.878 ms,366,3,2759,4277,20.065789473684212,1.56,0.503320198482195,0.12
GEMM_config_M512_K512_N256_UM1_UK1_UN1_jik_BIAS_False_INLINE_True_COMPORDER_option_2_ap_fixed_16_5_,Overall,67764545,0.678 sec,484,3,2942,4572,26.535087719298247,1.67,0.5367046117921775,0.12
GEMM_config_M512_K512_N256_UM1_UK1_UN1_jik_BIAS_False_INLINE_True_COMPORDER_option_3_ap_fixed_16_5_,Overall,67764809,0.678 sec,485,3,2854,4596,26.589912280701753,1.68,0.5206509048453006,0.12
GEMM_config_M512_K512_N256_UM1_UK1_UN1_jik_BIAS_False_INLINE_True_COMPORDER_option_4_ap_fixed_16_5_,Overall,787791,7.878 ms,366,3,3181,4586,20.065789473684212,1.67,0.5803050204319906,0.12
GEMM_config_M512_K512_N256_UM1_UK1_UN1_jki_BIAS_False_INLINE_True_COMPORDER_option_2_ap_fixed_16_5_,Overall,67768382,0.678 sec,484,3,2997,4449,26.535087719298247,1.62,0.5467381786339754,0.12
GEMM_config_M512_K512_N256_UM1_UK1_UN1_jki_BIAS_False_INLINE_True_COMPORDER_option_3_ap_fixed_16_5_,Overall,67769163,0.678 sec,485,3,2911,4474,26.589912280701753,1.63,0.531049328663164,0.12
GEMM_config_M512_K512_N256_UM1_UK1_UN1_jki_BIAS_False_INLINE_True_COMPORDER_option_4_ap_fixed_16_5_,Overall,787791,7.878 ms,366,3,3181,4586,20.065789473684212,1.67,0.5803050204319906,0.12
GEMM_config_M512_K512_N256_UM1_UK1_UN1_kij_BIAS_False_INLINE_True_COMPORDER_option_2_ap_fixed_16_5_,Overall,67764545,0.678 sec,484,3,2943,4576,26.535087719298247,1.67,0.5368870402802102,0.12
GEMM_config_M512_K512_N256_UM1_UK1_UN1_kij_BIAS_False_INLINE_True_COMPORDER_option_3_ap_fixed_16_5_,Overall,67764809,0.678 sec,485,3,3277,4906,26.589912280701753,1.79,0.597818155283129,0.12
GEMM_config_M512_K512_N256_UM1_UK1_UN1_kij_BIAS_False_INLINE_True_COMPORDER_option_4_ap_fixed_16_5_,Overall,787791,7.878 ms,366,3,2759,4277,20.065789473684212,1.56,0.503320198482195,0.12
GEMM_config_M512_K512_N256_UM1_UK1_UN1_kji_BIAS_False_INLINE_True_COMPORDER_option_2_ap_fixed_16_5_,Overall,67764545,0.678 sec,484,3,2943,4577,26.535087719298247,1.67,0.5368870402802102,0.12
GEMM_config_M512_K512_N256_UM1_UK1_UN1_kji_BIAS_False_INLINE_True_COMPORDER_option_3_ap_fixed_16_5_,Overall,67764809,0.678 sec,485,3,2855,4601,26.589912280701753,1.68,0.5208333333333333,0.12
GEMM_config_M512_K512_N256_UM1_UK1_UN1_kji_BIAS_False_INLINE_True_COMPORDER_option_4_ap_fixed_16_5_,Overall,787791,7.878 ms,366,3,3181,4586,20.065789473684212,1.67,0.5803050204319906,0.12
GEMM_config_M512_K512_N256_UM1_UK1_UN8_ijk_BIAS_False_INLINE_True_COMPORDER_option_2_ap_fixed_16_5_,Overall,8814913,88.149 ms,506,24,3340,5983,27.74122807017544,2.18,0.6093111500291886,0.95
GEMM_config_M512_K512_N256_UM1_UK1_UN8_ijk_BIAS_False_INLINE_True_COMPORDER_option_3_ap_fixed_16_5_,Overall,8929865,89.299 ms,500,17,3358,5591,27.412280701754387,2.04,0.612594862813777,0.67
GEMM_config_M512_K512_N256_UM1_UK1_UN8_ijk_BIAS_False_INLINE_True_COMPORDER_option_4_ap_fixed_16_5_,Overall,673103,6.731 ms,381,10,2813,5030,20.888157894736842,1.84,0.5131713368359603,0.4
GEMM_config_M512_K512_N256_UM1_UK1_UN8_ikj_BIAS_False_INLINE_True_COMPORDER_option_2_ap_fixed_16_5_,Overall,68486494,0.685 sec,506,24,4341,6932,27.74122807017544,2.53,0.7919220665499124,0.95
GEMM_config_M512_K512_N256_UM1_UK1_UN8_ikj_BIAS_False_INLINE_True_COMPORDER_option_3_ap_fixed_16_5_,Overall,68602187,0.686 sec,500,17,4361,6608,27.412280701754387,2.41,0.7955706363105661,0.67
GEMM_config_M512_K512_N256_UM1_UK1_UN8_ikj_BIAS_False_INLINE_True_COMPORDER_option_4_ap_fixed_16_5_,Overall,673103,6.731 ms,381,10,2813,5030,20.888157894736842,1.84,0.5131713368359603,0.4
GEMM_config_M512_K512_N256_UM1_UK1_UN8_jik_BIAS_False_INLINE_True_COMPORDER_option_2_ap_fixed_16_5_,Overall,8931450,89.314 ms,506,24,4231,7656,27.74122807017544,2.79,0.7718549328663165,0.95
GEMM_config_M512_K512_N256_UM1_UK1_UN8_jik_BIAS_False_INLINE_True_COMPORDER_option_3_ap_fixed_16_5_,Overall,8931682,89.317 ms,500,17,4155,6437,27.412280701754387,2.35,0.7579903677758318,0.67
GEMM_config_M512_K512_N256_UM1_UK1_UN8_jik_BIAS_False_INLINE_True_COMPORDER_option_4_ap_fixed_16_5_,Overall,790156,7.902 ms,381,10,4088,6071,20.888157894736842,2.22,0.7457676590776415,0.4
GEMM_config_M512_K512_N256_UM1_UK1_UN8_jki_BIAS_False_INLINE_True_COMPORDER_option_2_ap_fixed_16_5_,Overall,68587289,0.686 sec,506,24,4936,8518,27.74122807017544,3.11,0.9004670169293637,0.95
GEMM_config_M512_K512_N256_UM1_UK1_UN8_jki_BIAS_False_INLINE_True_COMPORDER_option_3_ap_fixed_16_5_,Overall,68588262,0.686 sec,500,17,4862,7297,27.412280701754387,2.66,0.8869673088149446,0.67
GEMM_config_M512_K512_N256_UM1_UK1_UN8_jki_BIAS_False_INLINE_True_COMPORDER_option_4_ap_fixed_16_5_,Overall,790156,7.902 ms,381,10,4088,6071,20.888157894736842,2.22,0.7457676590776415,0.4
GEMM_config_M512_K512_N256_UM1_UK1_UN8_kij_BIAS_False_INLINE_True_COMPORDER_option_2_ap_fixed_16_5_,Overall,67537632,0.675 sec,506,24,5639,9077,27.74122807017544,3.31,1.0287142440163455,0.95
GEMM_config_M512_K512_N256_UM1_UK1_UN8_kij_BIAS_False_INLINE_True_COMPORDER_option_3_ap_fixed_16_5_,Overall,67653325,0.677 sec,500,17,5659,8745,27.412280701754387,3.19,1.0323628137769996,0.67
GEMM_config_M512_K512_N256_UM1_UK1_UN8_kij_BIAS_False_INLINE_True_COMPORDER_option_4_ap_fixed_16_5_,Overall,673103,6.731 ms,381,10,2813,5030,20.888157894736842,1.84,0.5131713368359603,0.4
GEMM_config_M512_K512_N256_UM1_UK1_UN8_kji_BIAS_False_INLINE_True_COMPORDER_option_2_ap_fixed_16_5_,Overall,67654169,0.677 sec,506,24,4778,9609,27.74122807017544,3.51,0.8716433158201985,0.95
GEMM_config_M512_K512_N256_UM1_UK1_UN8_kji_BIAS_False_INLINE_True_COMPORDER_option_3_ap_fixed_16_5_,Overall,67655142,0.677 sec,500,17,4704,8388,27.412280701754387,3.06,0.8581436077057794,0.67
GEMM_config_M512_K512_N256_UM1_UK1_UN8_kji_BIAS_False_INLINE_True_COMPORDER_option_4_ap_fixed_16_5_,Overall,790156,7.902 ms,381,10,4088,6071,20.888157894736842,2.22,0.7457676590776415,0.4
GEMM_config_M512_K512_N256_UM1_UK8_UN1_ijk_BIAS_False_INLINE_True_COMPORDER_option_2_ap_fixed_16_5_,Overall,69633598,0.696 sec,492,10,3655,5732,26.973684210526315,2.09,0.6667761237594863,0.4
GEMM_config_M512_K512_N256_UM1_UK8_UN1_ijk_BIAS_False_INLINE_True_COMPORDER_option_3_ap_fixed_16_5_,Overall,69634379,0.696 sec,493,10,3991,6122,27.028508771929825,2.23,0.7280720957384705,0.4
GEMM_config_M512_K512_N256_UM1_UK8_UN1_ijk_BIAS_False_INLINE_True_COMPORDER_option_4_ap_fixed_16_5_,Overall,562124,5.621 ms,380,17,3728,6403,20.833333333333336,2.34,0.6800934033858728,0.67
GEMM_config_M512_K512_N256_UM1_UK8_UN1_ikj_BIAS_False_INLINE_True_COMPORDER_option_2_ap_fixed_16_5_,Overall,67764545,0.678 sec,492,10,2952,4953,26.973684210526315,1.81,0.5385288966725044,0.4
GEMM_config_M512_K512_N256_UM1_UK8_UN1_ikj_BIAS_False_INLINE_True_COMPORDER_option_3_ap_fixed_16_5_,Overall,67764809,0.678 sec,493,10,3286,5283,27.028508771929825,1.93,0.5994600116754232,0.4
GEMM_config_M512_K512_N256_UM1_UK8_UN1_ikj_BIAS_False_INLINE_True_COMPORDER_option_4_ap_fixed_16_5_,Overall,562124,5.621 ms,380,17,3728,6403,20.833333333333336,2.34,0.6800934033858728,0.67
GEMM_config_M512_K512_N256_UM1_UK8_UN1_jik_BIAS_False_INLINE_True_COMPORDER_option_2_ap_fixed_16_5_,Overall,67768382,0.678 sec,492,10,3817,6757,26.973684210526315,2.47,0.6963295388207822,0.4
GEMM_config_M512_K512_N256_UM1_UK8_UN1_jik_BIAS_False_INLINE_True_COMPORDER_option_3_ap_fixed_16_5_,Overall,67769163,0.678 sec,493,10,3731,6824,27.028508771929825,2.49,0.6806406888499708,0.4
GEMM_config_M512_K512_N256_UM1_UK8_UN1_jik_BIAS_False_INLINE_True_COMPORDER_option_4_ap_fixed_16_5_,Overall,791496,7.915 ms,380,17,4148,6506,20.833333333333336,2.37,0.756713368359603,0.67
GEMM_config_M512_K512_N256_UM1_UK8_UN1_jki_BIAS_False_INLINE_True_COMPORDER_option_2_ap_fixed_16_5_,Overall,67768382,0.678 sec,492,10,3817,6766,26.973684210526315,2.47,0.6963295388207822,0.4
GEMM_config_M512_K512_N256_UM1_UK8_UN1_jki_BIAS_False_INLINE_True_COMPORDER_option_3_ap_fixed_16_5_,Overall,67769163,0.678 sec,493,10,3731,6833,27.028508771929825,2.49,0.6806406888499708,0.4
GEMM_config_M512_K512_N256_UM1_UK8_UN1_jki_BIAS_False_INLINE_True_COMPORDER_option_4_ap_fixed_16_5_,Overall,791496,7.915 ms,380,17,4148,6506,20.833333333333336,2.37,0.756713368359603,0.67
GEMM_config_M512_K512_N256_UM1_UK8_UN1_kij_BIAS_False_INLINE_True_COMPORDER_option_2_ap_fixed_16_5_,Overall,67764545,0.678 sec,492,10,2953,4957,26.973684210526315,1.81,0.5387113251605371,0.4
GEMM_config_M512_K512_N256_UM1_UK8_UN1_kij_BIAS_False_INLINE_True_COMPORDER_option_3_ap_fixed_16_5_,Overall,67764809,0.678 sec,493,10,3287,5287,27.028508771929825,1.93,0.5996424401634559,0.4
GEMM_config_M512_K512_N256_UM1_UK8_UN1_kij_BIAS_False_INLINE_True_COMPORDER_option_4_ap_fixed_16_5_,Overall,562124,5.621 ms,380,17,3728,6403,20.833333333333336,2.34,0.6800934033858728,0.67
GEMM_config_M512_K512_N256_UM1_UK8_UN1_kji_BIAS_False_INLINE_True_COMPORDER_option_2_ap_fixed_16_5_,Overall,68699198,0.687 sec,492,10,3864,5563,26.973684210526315,2.03,0.7049036777583187,0.4
GEMM_config_M512_K512_N256_UM1_UK8_UN1_kji_BIAS_False_INLINE_True_COMPORDER_option_3_ap_fixed_16_5_,Overall,68699979,0.687 sec,493,10,3778,5647,27.028508771929825,2.06,0.6892148277875073,0.4
GEMM_config_M512_K512_N256_UM1_UK8_UN1_kji_BIAS_False_INLINE_True_COMPORDER_option_4_ap_fixed_16_5_,Overall,791496,7.915 ms,380,17,4148,6506,20.833333333333336,2.37,0.756713368359603,0.67
GEMM_config_M512_K512_N256_UM1_UK8_UN8_ijk_BIAS_False_INLINE_True_COMPORDER_option_2_ap_fixed_16_5_,Overall,10683742,0.107 sec,506,80,5544,10419,27.74122807017544,3.8,1.0113835376532399,3.17
GEMM_config_M512_K512_N256_UM1_UK8_UN8_ijk_BIAS_False_INLINE_True_COMPORDER_option_3_ap_fixed_16_5_,Overall,10799435,0.108 sec,500,73,5564,10087,27.412280701754387,3.68,1.015032107413894,2.9
GEMM_config_M512_K512_N256_UM1_UK8_UN8_ijk_BIAS_False_INLINE_True_COMPORDER_option_4_ap_fixed_16_5_,Overall,447436,4.474 ms,387,73,4174,10444,21.217105263157894,3.81,0.761456509048453,2.9
GEMM_config_M512_K512_N256_UM1_UK8_UN8_ikj_BIAS_False_INLINE_True_COMPORDER_option_2_ap_fixed_16_5_,Overall,68486494,0.685 sec,506,80,5645,9734,27.74122807017544,3.55,1.029808814944542,3.17
GEMM_config_M512_K512_N256_UM1_UK8_UN8_ikj_BIAS_False_INLINE_True_COMPORDER_option_3_ap_fixed_16_5_,Overall,68602187,0.686 sec,500,73,5665,9410,27.412280701754387,3.43,1.0334573847051955,2.9
GEMM_config_M512_K512_N256_UM1_UK8_UN8_ikj_BIAS_False_INLINE_True_COMPORDER_option_4_ap_fixed_16_5_,Overall,447436,4.474 ms,387,73,4174,10444,21.217105263157894,3.81,0.761456509048453,2.9
GEMM_config_M512_K512_N256_UM1_UK8_UN8_jik_BIAS_False_INLINE_True_COMPORDER_option_2_ap_fixed_16_5_,Overall,8935063,89.351 ms,506,80,6323,12995,27.74122807017544,4.74,1.1534953298307065,3.17
GEMM_config_M512_K512_N256_UM1_UK8_UN8_jik_BIAS_False_INLINE_True_COMPORDER_option_3_ap_fixed_16_5_,Overall,8936036,89.360 ms,500,73,6249,11781,27.412280701754387,4.3,1.1399956217162872,2.9
GEMM_config_M512_K512_N256_UM1_UK8_UN8_jik_BIAS_False_INLINE_True_COMPORDER_option_4_ap_fixed_16_5_,Overall,793413,7.934 ms,387,73,6296,11454,21.217105263157894,4.18,1.1485697606538237,2.9
GEMM_config_M512_K512_N256_UM1_UK8_UN8_jki_BIAS_False_INLINE_True_COMPORDER_option_2_ap_fixed_16_5_,Overall,68586841,0.686 sec,506,80,11398,17675,27.74122807017544,6.45,2.079319906596614,3.17
GEMM_config_M512_K512_N256_UM1_UK8_UN8_jki_BIAS_False_INLINE_True_COMPORDER_option_3_ap_fixed_16_5_,Overall,68587814,0.686 sec,500,73,11324,16462,27.412280701754387,6.01,2.065820198482195,2.9
GEMM_config_M512_K512_N256_UM1_UK8_UN8_jki_BIAS_False_INLINE_True_COMPORDER_option_4_ap_fixed_16_5_,Overall,793413,7.934 ms,387,73,6296,11454,21.217105263157894,4.18,1.1485697606538237,2.9
GEMM_config_M512_K512_N256_UM1_UK8_UN8_kij_BIAS_False_INLINE_True_COMPORDER_option_2_ap_fixed_16_5_,Overall,67537632,0.675 sec,506,80,5888,11103,27.74122807017544,4.05,1.0741389375364858,3.17
GEMM_config_M512_K512_N256_UM1_UK8_UN8_kij_BIAS_False_INLINE_True_COMPORDER_option_3_ap_fixed_16_5_,Overall,67653325,0.677 sec,500,73,5908,10771,27.412280701754387,3.93,1.0777875072971395,2.9
GEMM_config_M512_K512_N256_UM1_UK8_UN8_kij_BIAS_False_INLINE_True_COMPORDER_option_4_ap_fixed_16_5_,Overall,447436,4.474 ms,387,73,4174,10444,21.217105263157894,3.81,0.761456509048453,2.9
GEMM_config_M512_K512_N256_UM1_UK8_UN8_kji_BIAS_False_INLINE_True_COMPORDER_option_2_ap_fixed_16_5_,Overall,68586553,0.686 sec,506,80,11420,17682,27.74122807017544,6.45,2.083333333333333,3.17
GEMM_config_M512_K512_N256_UM1_UK8_UN8_kji_BIAS_False_INLINE_True_COMPORDER_option_3_ap_fixed_16_5_,Overall,68587526,0.686 sec,500,73,11346,16469,27.412280701754387,6.01,2.069833625218914,2.9
GEMM_config_M512_K512_N256_UM1_UK8_UN8_kji_BIAS_False_INLINE_True_COMPORDER_option_4_ap_fixed_16_5_,Overall,793413,7.934 ms,387,73,6296,11454,21.217105263157894,4.18,1.1485697606538237,2.9
GEMM_config_M512_K512_N256_UM8_UK1_UN1_ijk_BIAS_False_INLINE_True_COMPORDER_option_2_ap_fixed_16_5_,Overall,67658105,0.677 sec,499,17,4434,8869,27.357456140350877,3.24,0.8088879159369526,0.67
GEMM_config_M512_K512_N256_UM8_UK1_UN1_ijk_BIAS_False_INLINE_True_COMPORDER_option_3_ap_fixed_16_5_,Overall,67658502,0.677 sec,507,24,4744,9385,27.79605263157895,3.42,0.865440747227087,0.95
GEMM_config_M512_K512_N256_UM8_UK1_UN1_ijk_BIAS_False_INLINE_True_COMPORDER_option_4_ap_fixed_16_5_,Overall,1184648,11.846 ms,387,17,5104,11662,21.217105263157894,4.25,0.9311150029188558,0.67
GEMM_config_M512_K512_N256_UM8_UK1_UN1_ikj_BIAS_False_INLINE_True_COMPORDER_option_2_ap_fixed_16_5_,Overall,67658105,0.677 sec,499,17,6122,10109,27.357456140350877,3.69,1.1168272037361353,0.67
GEMM_config_M512_K512_N256_UM8_UK1_UN1_ikj_BIAS_False_INLINE_True_COMPORDER_option_3_ap_fixed_16_5_,Overall,67658502,0.677 sec,507,24,6432,10625,27.79605263157895,3.88,1.1733800350262698,0.95
GEMM_config_M512_K512_N256_UM8_UK1_UN1_ikj_BIAS_False_INLINE_True_COMPORDER_option_4_ap_fixed_16_5_,Overall,1184648,11.846 ms,387,17,5104,11662,21.217105263157894,4.25,0.9311150029188558,0.67
GEMM_config_M512_K512_N256_UM8_UK1_UN1_jik_BIAS_False_INLINE_True_COMPORDER_option_2_ap_fixed_16_5_,Overall,69519680,0.695 sec,499,17,3884,6808,27.357456140350877,2.48,0.7085522475189726,0.67
GEMM_config_M512_K512_N256_UM8_UK1_UN1_jik_BIAS_False_INLINE_True_COMPORDER_option_3_ap_fixed_16_5_,Overall,69405325,0.694 sec,507,24,3998,7375,27.79605263157895,2.69,0.7293490951546994,0.95
GEMM_config_M512_K512_N256_UM8_UK1_UN1_jik_BIAS_False_INLINE_True_COMPORDER_option_4_ap_fixed_16_5_,Overall,787791,7.878 ms,387,17,3538,6234,21.217105263157894,2.27,0.6454319906596614,0.67
GEMM_config_M512_K512_N256_UM8_UK1_UN1_jki_BIAS_False_INLINE_True_COMPORDER_option_2_ap_fixed_16_5_,Overall,8929601,89.296 ms,499,17,3109,5582,27.357456140350877,2.04,0.567170169293637,0.67
GEMM_config_M512_K512_N256_UM8_UK1_UN1_jki_BIAS_False_INLINE_True_COMPORDER_option_3_ap_fixed_16_5_,Overall,8815177,88.152 ms,507,24,3221,6073,27.79605263157895,2.22,0.5876021599532982,0.95
GEMM_config_M512_K512_N256_UM8_UK1_UN1_jki_BIAS_False_INLINE_True_COMPORDER_option_4_ap_fixed_16_5_,Overall,787791,7.878 ms,387,17,3538,6234,21.217105263157894,2.27,0.6454319906596614,0.67
GEMM_config_M512_K512_N256_UM8_UK1_UN1_kij_BIAS_False_INLINE_True_COMPORDER_option_2_ap_fixed_16_5_,Overall,68604535,0.686 sec,499,17,4844,7523,27.357456140350877,2.74,0.8836835960303562,0.67
GEMM_config_M512_K512_N256_UM8_UK1_UN1_kij_BIAS_False_INLINE_True_COMPORDER_option_3_ap_fixed_16_5_,Overall,68604932,0.686 sec,507,24,5154,8040,27.79605263157895,2.93,0.9402364273204903,0.95
GEMM_config_M512_K512_N256_UM8_UK1_UN1_kij_BIAS_False_INLINE_True_COMPORDER_option_4_ap_fixed_16_5_,Overall,1184648,11.846 ms,387,17,5104,11662,21.217105263157894,4.25,0.9311150029188558,0.67
GEMM_config_M512_K512_N256_UM8_UK1_UN1_kji_BIAS_False_INLINE_True_COMPORDER_option_2_ap_fixed_16_5_,Overall,8929601,89.296 ms,499,17,3110,5585,27.357456140350877,2.04,0.5673525977816696,0.67
GEMM_config_M512_K512_N256_UM8_UK1_UN1_kji_BIAS_False_INLINE_True_COMPORDER_option_3_ap_fixed_16_5_,Overall,8815177,88.152 ms,507,24,3222,6076,27.79605263157895,2.22,0.5877845884413311,0.95
GEMM_config_M512_K512_N256_UM8_UK1_UN1_kji_BIAS_False_INLINE_True_COMPORDER_option_4_ap_fixed_16_5_,Overall,787791,7.878 ms,387,17,3538,6234,21.217105263157894,2.27,0.6454319906596614,0.67
GEMM_config_M512_K512_N256_UM8_UK1_UN8_ijk_BIAS_False_INLINE_True_COMPORDER_option_2_ap_fixed_16_5_,Overall,8808601,88.086 ms,506,136,6086,14858,27.74122807017544,5.42,1.1102597781669585,5.4
GEMM_config_M512_K512_N256_UM8_UK1_UN8_ijk_BIAS_False_INLINE_True_COMPORDER_option_3_ap_fixed_16_5_,Overall,8923910,89.239 ms,514,136,7259,14503,28.17982456140351,5.29,1.3242483946293053,5.4
GEMM_config_M512_K512_N256_UM8_UK1_UN8_ijk_BIAS_False_INLINE_True_COMPORDER_option_4_ap_fixed_16_5_,Overall,938888,9.389 ms,395,24,4985,11454,21.655701754385966,4.18,0.9094060128429655,0.95
GEMM_config_M512_K512_N256_UM8_UK1_UN8_ikj_BIAS_False_INLINE_True_COMPORDER_option_2_ap_fixed_16_5_,Overall,68476121,0.685 sec,506,136,13855,23187,27.74122807017544,8.46,2.5275467016929363,5.4
GEMM_config_M512_K512_N256_UM8_UK1_UN8_ikj_BIAS_False_INLINE_True_COMPORDER_option_3_ap_fixed_16_5_,Overall,68591430,0.686 sec,514,136,15092,22841,28.17982456140351,8.33,2.7532107413893754,5.4
GEMM_config_M512_K512_N256_UM8_UK1_UN8_ikj_BIAS_False_INLINE_True_COMPORDER_option_4_ap_fixed_16_5_,Overall,938888,9.389 ms,395,24,4985,11454,21.655701754385966,4.18,0.9094060128429655,0.95
GEMM_config_M512_K512_N256_UM8_UK1_UN8_jik_BIAS_False_INLINE_True_COMPORDER_option_2_ap_fixed_16_5_,Overall,10786713,0.108 sec,506,136,7331,13158,27.74122807017544,4.8,1.337383245767659,5.4
GEMM_config_M512_K512_N256_UM8_UK1_UN8_jik_BIAS_False_INLINE_True_COMPORDER_option_3_ap_fixed_16_5_,Overall,10672550,0.107 sec,514,136,6425,14271,28.17982456140351,5.21,1.1721030356100408,5.4
GEMM_config_M512_K512_N256_UM8_UK1_UN8_jik_BIAS_False_INLINE_True_COMPORDER_option_4_ap_fixed_16_5_,Overall,790156,7.902 ms,395,24,4321,7062,21.655701754385966,2.58,0.7882734967892586,0.95
GEMM_config_M512_K512_N256_UM8_UK1_UN8_jki_BIAS_False_INLINE_True_COMPORDER_option_2_ap_fixed_16_5_,Overall,9852697,98.527 ms,506,136,7344,13150,27.74122807017544,4.8,1.339754816112084,5.4
GEMM_config_M512_K512_N256_UM8_UK1_UN8_jki_BIAS_False_INLINE_True_COMPORDER_option_3_ap_fixed_16_5_,Overall,9738534,97.385 ms,514,136,6438,14263,28.17982456140351,5.2,1.1744746059544657,5.4
GEMM_config_M512_K512_N256_UM8_UK1_UN8_jki_BIAS_False_INLINE_True_COMPORDER_option_4_ap_fixed_16_5_,Overall,790156,7.902 ms,395,24,4321,7062,21.655701754385966,2.58,0.7882734967892586,0.95
GEMM_config_M512_K512_N256_UM8_UK1_UN8_kij_BIAS_False_INLINE_True_COMPORDER_option_2_ap_fixed_16_5_,Overall,68475705,0.685 sec,506,136,13922,23201,27.74122807017544,8.47,2.5397694103911266,5.4
GEMM_config_M512_K512_N256_UM8_UK1_UN8_kij_BIAS_False_INLINE_True_COMPORDER_option_3_ap_fixed_16_5_,Overall,68591014,0.686 sec,514,136,15159,22855,28.17982456140351,8.34,2.7654334500875657,5.4
GEMM_config_M512_K512_N256_UM8_UK1_UN8_kij_BIAS_False_INLINE_True_COMPORDER_option_4_ap_fixed_16_5_,Overall,938888,9.389 ms,395,24,4985,11454,21.655701754385966,4.18,0.9094060128429655,0.95
GEMM_config_M512_K512_N256_UM8_UK1_UN8_kji_BIAS_False_INLINE_True_COMPORDER_option_2_ap_fixed_16_5_,Overall,8919577,89.196 ms,506,136,7162,14169,27.74122807017544,5.17,1.3065528312901342,5.4
GEMM_config_M512_K512_N256_UM8_UK1_UN8_kji_BIAS_False_INLINE_True_COMPORDER_option_3_ap_fixed_16_5_,Overall,8805414,88.054 ms,514,136,6256,15282,28.17982456140351,5.58,1.141272621132516,5.4
GEMM_config_M512_K512_N256_UM8_UK1_UN8_kji_BIAS_False_INLINE_True_COMPORDER_option_4_ap_fixed_16_5_,Overall,790156,7.902 ms,395,24,4321,7062,21.655701754385966,2.58,0.7882734967892586,0.95
GEMM_config_M512_K512_N256_UM8_UK8_UN1_ijk_BIAS_False_INLINE_True_COMPORDER_option_2_ap_fixed_16_5_,Overall,69522873,0.695 sec,523,73,11725,19205,28.673245614035086,7.01,2.1389740221833042,2.9
GEMM_config_M512_K512_N256_UM8_UK8_UN1_ijk_BIAS_False_INLINE_True_COMPORDER_option_3_ap_fixed_16_5_,Overall,69523270,0.695 sec,531,80,12035,19732,29.111842105263158,7.2,2.1955268534734387,3.17
GEMM_config_M512_K512_N256_UM8_UK8_UN1_ijk_BIAS_False_INLINE_True_COMPORDER_option_4_ap_fixed_16_5_,Overall,696837,6.968 ms,410,80,6248,16170,22.478070175438596,5.9,1.1398131932282545,3.17
GEMM_config_M512_K512_N256_UM8_UK8_UN1_ikj_BIAS_False_INLINE_True_COMPORDER_option_2_ap_fixed_16_5_,Overall,67658105,0.677 sec,523,73,6372,12135,28.673245614035086,4.43,1.1624343257443084,2.9
GEMM_config_M512_K512_N256_UM8_UK8_UN1_ikj_BIAS_False_INLINE_True_COMPORDER_option_3_ap_fixed_16_5_,Overall,67658502,0.677 sec,531,80,6682,12651,29.111842105263158,4.62,1.2189871570344424,3.17
GEMM_config_M512_K512_N256_UM8_UK8_UN1_ikj_BIAS_False_INLINE_True_COMPORDER_option_4_ap_fixed_16_5_,Overall,696837,6.968 ms,410,80,6248,16170,22.478070175438596,5.9,1.1398131932282545,3.17
GEMM_config_M512_K512_N256_UM8_UK8_UN1_jik_BIAS_False_INLINE_True_COMPORDER_option_2_ap_fixed_16_5_,Overall,69519232,0.695 sec,523,73,10997,18230,28.673245614035086,6.65,2.006166082895505,2.9
GEMM_config_M512_K512_N256_UM8_UK8_UN1_jik_BIAS_False_INLINE_True_COMPORDER_option_3_ap_fixed_16_5_,Overall,69404877,0.694 sec,531,80,11111,18743,29.111842105263158,6.84,2.0269629305312318,3.17
GEMM_config_M512_K512_N256_UM8_UK8_UN1_jik_BIAS_False_INLINE_True_COMPORDER_option_4_ap_fixed_16_5_,Overall,791496,7.915 ms,410,80,5687,10110,22.478070175438596,3.69,1.0374708114419147,3.17
GEMM_config_M512_K512_N256_UM8_UK8_UN1_jki_BIAS_False_INLINE_True_COMPORDER_option_2_ap_fixed_16_5_,Overall,8933438,89.334 ms,523,73,5272,11134,28.673245614035086,4.06,0.961762988908348,2.9
GEMM_config_M512_K512_N256_UM8_UK8_UN1_jki_BIAS_False_INLINE_True_COMPORDER_option_3_ap_fixed_16_5_,Overall,8819083,88.191 ms,531,80,5386,11668,29.111842105263158,4.26,0.9825598365440746,3.17
GEMM_config_M512_K512_N256_UM8_UK8_UN1_jki_BIAS_False_INLINE_True_COMPORDER_option_4_ap_fixed_16_5_,Overall,791496,7.915 ms,410,80,5687,10110,22.478070175438596,3.69,1.0374708114419147,3.17
GEMM_config_M512_K512_N256_UM8_UK8_UN1_kij_BIAS_False_INLINE_True_COMPORDER_option_2_ap_fixed_16_5_,Overall,68604535,0.686 sec,523,73,6152,10349,28.673245614035086,3.78,1.122300058377116,2.9
GEMM_config_M512_K512_N256_UM8_UK8_UN1_kij_BIAS_False_INLINE_True_COMPORDER_option_3_ap_fixed_16_5_,Overall,68604932,0.686 sec,531,80,6462,10866,29.111842105263158,3.96,1.1788528896672505,3.17
GEMM_config_M512_K512_N256_UM8_UK8_UN1_kij_BIAS_False_INLINE_True_COMPORDER_option_4_ap_fixed_16_5_,Overall,696837,6.968 ms,410,80,6248,16170,22.478070175438596,5.9,1.1398131932282545,3.17
GEMM_config_M512_K512_N256_UM8_UK8_UN1_kji_BIAS_False_INLINE_True_COMPORDER_option_2_ap_fixed_16_5_,Overall,9864254,98.643 ms,523,73,5343,10003,28.673245614035086,3.65,0.974715411558669,2.9
GEMM_config_M512_K512_N256_UM8_UK8_UN1_kji_BIAS_False_INLINE_True_COMPORDER_option_3_ap_fixed_16_5_,Overall,9749899,97.499 ms,531,80,5457,10554,29.111842105263158,3.85,0.9955122591943958,3.17
GEMM_config_M512_K512_N256_UM8_UK8_UN1_kji_BIAS_False_INLINE_True_COMPORDER_option_4_ap_fixed_16_5_,Overall,791496,7.915 ms,410,80,5687,10110,22.478070175438596,3.69,1.0374708114419147,3.17
GEMM_config_M512_K512_N256_UM8_UK8_UN8_ijk_BIAS_False_INLINE_True_COMPORDER_option_2_ap_fixed_16_5_,Overall,10673369,0.107 sec,522,584,20564,41530,28.618421052631575,15.15,3.7514594279042615,23.17
GEMM_config_M512_K512_N256_UM8_UK8_UN8_ijk_BIAS_False_INLINE_True_COMPORDER_option_3_ap_fixed_16_5_,Overall,10788678,0.108 sec,530,584,21801,41184,29.057017543859647,15.03,3.9771234676007,23.17
GEMM_config_M512_K512_N256_UM8_UK8_UN8_ijk_BIAS_False_INLINE_True_COMPORDER_option_4_ap_fixed_16_5_,Overall,451077,4.511 ms,410,136,5531,15012,22.478070175438596,5.48,1.009011967308815,5.4
GEMM_config_M512_K512_N256_UM8_UK8_UN8_ikj_BIAS_False_INLINE_True_COMPORDER_option_2_ap_fixed_16_5_,Overall,68476121,0.685 sec,522,584,24252,35949,28.618421052631575,13.12,4.424255691768827,23.17
GEMM_config_M512_K512_N256_UM8_UK8_UN8_ikj_BIAS_False_INLINE_True_COMPORDER_option_3_ap_fixed_16_5_,Overall,68591430,0.686 sec,530,584,25489,35603,29.057017543859647,12.99,4.649919731465266,23.17
GEMM_config_M512_K512_N256_UM8_UK8_UN8_ikj_BIAS_False_INLINE_True_COMPORDER_option_4_ap_fixed_16_5_,Overall,451077,4.511 ms,410,136,5531,15012,22.478070175438596,5.48,1.009011967308815,5.4
GEMM_config_M512_K512_N256_UM8_UK8_UN8_jik_BIAS_False_INLINE_True_COMPORDER_option_2_ap_fixed_16_5_,Overall,10786265,0.108 sec,522,584,21613,40804,28.618421052631575,14.89,3.942826911850555,23.17
GEMM_config_M512_K512_N256_UM8_UK8_UN8_jik_BIAS_False_INLINE_True_COMPORDER_option_3_ap_fixed_16_5_,Overall,10672102,0.107 sec,530,584,20707,41925,29.057017543859647,15.3,3.7775467016929363,23.17
GEMM_config_M512_K512_N256_UM8_UK8_UN8_jik_BIAS_False_INLINE_True_COMPORDER_option_4_ap_fixed_16_5_,Overall,793413,7.934 ms,410,136,7743,13551,22.478070175438596,4.94,1.412543782837128,5.4
GEMM_config_M512_K512_N256_UM8_UK8_UN8_jki_BIAS_False_INLINE_True_COMPORDER_option_2_ap_fixed_16_5_,Overall,9852249,98.522 ms,522,584,21776,40867,28.618421052631575,14.91,3.972562755399883,23.17
GEMM_config_M512_K512_N256_UM8_UK8_UN8_jki_BIAS_False_INLINE_True_COMPORDER_option_3_ap_fixed_16_5_,Overall,9738086,97.381 ms,530,584,20870,41988,29.057017543859647,15.32,3.8072825452422654,23.17
GEMM_config_M512_K512_N256_UM8_UK8_UN8_jki_BIAS_False_INLINE_True_COMPORDER_option_4_ap_fixed_16_5_,Overall,793413,7.934 ms,410,136,7743,13551,22.478070175438596,4.94,1.412543782837128,5.4
GEMM_config_M512_K512_N256_UM8_UK8_UN8_kij_BIAS_False_INLINE_True_COMPORDER_option_2_ap_fixed_16_5_,Overall,68475705,0.685 sec,522,584,24277,35963,28.618421052631575,13.12,4.428816403969644,23.17
GEMM_config_M512_K512_N256_UM8_UK8_UN8_kij_BIAS_False_INLINE_True_COMPORDER_option_3_ap_fixed_16_5_,Overall,68591014,0.686 sec,530,584,25514,35617,29.057017543859647,13.0,4.654480443666083,23.17
GEMM_config_M512_K512_N256_UM8_UK8_UN8_kij_BIAS_False_INLINE_True_COMPORDER_option_4_ap_fixed_16_5_,Overall,451077,4.511 ms,410,136,5531,15012,22.478070175438596,5.48,1.009011967308815,5.4
GEMM_config_M512_K512_N256_UM8_UK8_UN8_kji_BIAS_False_INLINE_True_COMPORDER_option_2_ap_fixed_16_5_,Overall,9851961,98.520 ms,522,584,21798,40874,28.618421052631575,14.91,3.976576182136603,23.17
GEMM_config_M512_K512_N256_UM8_UK8_UN8_kji_BIAS_False_INLINE_True_COMPORDER_option_3_ap_fixed_16_5_,Overall,9737798,97.378 ms,530,584,20892,41995,29.057017543859647,15.32,3.811295971978984,23.17
GEMM_config_M512_K512_N256_UM8_UK8_UN8_kji_BIAS_False_INLINE_True_COMPORDER_option_4_ap_fixed_16_5_,Overall,793413,7.934 ms,410,136,7743,13551,22.478070175438596,4.94,1.412543782837128,5.4
GEMM_config_M512_K512_N512_UM1_UK1_UN1_ijk_BIAS_False_INLINE_True_COMPORDER_option_2_ap_fixed_16_5_,Overall,135266881,1.353 sec,724,3,2747,4443,39.69298245614035,1.62,0.5011310566258027,0.12
GEMM_config_M512_K512_N512_UM1_UK1_UN1_ijk_BIAS_False_INLINE_True_COMPORDER_option_3_ap_fixed_16_5_,Overall,135266889,1.353 sec,725,3,3081,4767,39.747807017543856,1.74,0.5620621716287215,0.12
GEMM_config_M512_K512_N512_UM1_UK1_UN1_ijk_BIAS_False_INLINE_True_COMPORDER_option_4_ap_fixed_16_5_,Overall,1050191,10.502 ms,486,3,2804,4313,26.644736842105267,1.57,0.5115294804436661,0.12
GEMM_config_M512_K512_N512_UM1_UK1_UN1_ikj_BIAS_False_INLINE_True_COMPORDER_option_2_ap_fixed_16_5_,Overall,135266881,1.353 sec,724,3,2958,4597,39.69298245614035,1.68,0.5396234676007006,0.12
GEMM_config_M512_K512_N512_UM1_UK1_UN1_ikj_BIAS_False_INLINE_True_COMPORDER_option_3_ap_fixed_16_5_,Overall,135266889,1.353 sec,725,3,3292,4921,39.747807017543856,1.8,0.6005545826036194,0.12
GEMM_config_M512_K512_N512_UM1_UK1_UN1_ikj_BIAS_False_INLINE_True_COMPORDER_option_4_ap_fixed_16_5_,Overall,1050191,10.502 ms,486,3,2804,4313,26.644736842105267,1.57,0.5115294804436661,0.12
GEMM_config_M512_K512_N512_UM1_UK1_UN1_jik_BIAS_False_INLINE_True_COMPORDER_option_2_ap_fixed_16_5_,Overall,135266881,1.353 sec,724,3,2958,4597,39.69298245614035,1.68,0.5396234676007006,0.12
GEMM_config_M512_K512_N512_UM1_UK1_UN1_jik_BIAS_False_INLINE_True_COMPORDER_option_3_ap_fixed_16_5_,Overall,135266889,1.353 sec,725,3,2870,4613,39.747807017543856,1.68,0.5235697606538238,0.12
GEMM_config_M512_K512_N512_UM1_UK1_UN1_jik_BIAS_False_INLINE_True_COMPORDER_option_4_ap_fixed_16_5_,Overall,1050191,10.502 ms,486,3,3226,4621,26.644736842105267,1.69,0.5885143023934618,0.12
GEMM_config_M512_K512_N512_UM1_UK1_UN1_jki_BIAS_False_INLINE_True_COMPORDER_option_2_ap_fixed_16_5_,Overall,135266881,1.353 sec,724,3,2958,4597,39.69298245614035,1.68,0.5396234676007006,0.12
GEMM_config_M512_K512_N512_UM1_UK1_UN1_jki_BIAS_False_INLINE_True_COMPORDER_option_3_ap_fixed_16_5_,Overall,135266889,1.353 sec,725,3,2870,4613,39.747807017543856,1.68,0.5235697606538238,0.12
GEMM_config_M512_K512_N512_UM1_UK1_UN1_jki_BIAS_False_INLINE_True_COMPORDER_option_4_ap_fixed_16_5_,Overall,1050191,10.502 ms,486,3,3226,4621,26.644736842105267,1.69,0.5885143023934618,0.12
GEMM_config_M512_K512_N512_UM1_UK1_UN1_kij_BIAS_False_INLINE_True_COMPORDER_option_2_ap_fixed_16_5_,Overall,135266881,1.353 sec,724,3,2958,4597,39.69298245614035,1.68,0.5396234676007006,0.12
GEMM_config_M512_K512_N512_UM1_UK1_UN1_kij_BIAS_False_INLINE_True_COMPORDER_option_3_ap_fixed_16_5_,Overall,135266889,1.353 sec,725,3,3292,4921,39.747807017543856,1.8,0.6005545826036194,0.12
GEMM_config_M512_K512_N512_UM1_UK1_UN1_kij_BIAS_False_INLINE_True_COMPORDER_option_4_ap_fixed_16_5_,Overall,1050191,10.502 ms,486,3,2804,4313,26.644736842105267,1.57,0.5115294804436661,0.12
GEMM_config_M512_K512_N512_UM1_UK1_UN1_kji_BIAS_False_INLINE_True_COMPORDER_option_2_ap_fixed_16_5_,Overall,135266881,1.353 sec,724,3,2958,4597,39.69298245614035,1.68,0.5396234676007006,0.12
GEMM_config_M512_K512_N512_UM1_UK1_UN1_kji_BIAS_False_INLINE_True_COMPORDER_option_3_ap_fixed_16_5_,Overall,135266889,1.353 sec,725,3,2870,4613,39.747807017543856,1.68,0.5235697606538238,0.12
GEMM_config_M512_K512_N512_UM1_UK1_UN1_kji_BIAS_False_INLINE_True_COMPORDER_option_4_ap_fixed_16_5_,Overall,1050191,10.502 ms,486,3,3226,4621,26.644736842105267,1.69,0.5885143023934618,0.12
GEMM_config_M512_K512_N512_UM1_UK1_UN8_ijk_BIAS_False_INLINE_True_COMPORDER_option_2_ap_fixed_16_5_,Overall,17367617,0.174 sec,738,24,3131,5935,40.46052631578947,2.17,0.5711835960303561,0.95
GEMM_config_M512_K512_N512_UM1_UK1_UN8_ijk_BIAS_False_INLINE_True_COMPORDER_option_3_ap_fixed_16_5_,Overall,17597001,0.176 sec,732,17,3260,5538,40.131578947368425,2.02,0.5947168709865732,0.67
GEMM_config_M512_K512_N512_UM1_UK1_UN8_ijk_BIAS_False_INLINE_True_COMPORDER_option_4_ap_fixed_16_5_,Overall,820815,8.208 ms,493,10,2839,5030,27.028508771929825,1.84,0.5179144775248102,0.4
GEMM_config_M512_K512_N512_UM1_UK1_UN8_ikj_BIAS_False_INLINE_True_COMPORDER_option_2_ap_fixed_16_5_,Overall,136709758,1.367 sec,738,24,4123,6878,40.46052631578947,2.51,0.7521526561587858,0.95
GEMM_config_M512_K512_N512_UM1_UK1_UN8_ikj_BIAS_False_INLINE_True_COMPORDER_option_3_ap_fixed_16_5_,Overall,136940107,1.369 sec,732,17,4254,6549,40.131578947368425,2.39,0.7760507880910683,0.67
GEMM_config_M512_K512_N512_UM1_UK1_UN8_ikj_BIAS_False_INLINE_True_COMPORDER_option_4_ap_fixed_16_5_,Overall,820815,8.208 ms,493,10,2839,5030,27.028508771929825,1.84,0.5179144775248102,0.4
GEMM_config_M512_K512_N512_UM1_UK1_UN8_jik_BIAS_False_INLINE_True_COMPORDER_option_2_ap_fixed_16_5_,Overall,17600698,0.176 sec,738,24,4140,7605,40.46052631578947,2.77,0.7552539404553414,0.95
GEMM_config_M512_K512_N512_UM1_UK1_UN8_jik_BIAS_False_INLINE_True_COMPORDER_option_3_ap_fixed_16_5_,Overall,17600642,0.176 sec,732,17,4058,6380,40.131578947368425,2.33,0.7402948044366608,0.67
GEMM_config_M512_K512_N512_UM1_UK1_UN8_jik_BIAS_False_INLINE_True_COMPORDER_option_4_ap_fixed_16_5_,Overall,1054412,10.544 ms,493,10,4104,6068,27.028508771929825,2.21,0.7486865148861647,0.4
GEMM_config_M512_K512_N512_UM1_UK1_UN8_jki_BIAS_False_INLINE_True_COMPORDER_option_2_ap_fixed_16_5_,Overall,136910841,1.369 sec,738,24,4844,8458,40.46052631578947,3.09,0.8836835960303562,0.95
GEMM_config_M512_K512_N512_UM1_UK1_UN8_jki_BIAS_False_INLINE_True_COMPORDER_option_3_ap_fixed_16_5_,Overall,136911750,1.369 sec,732,17,4764,7231,40.131578947368425,2.64,0.869089316987741,0.67
GEMM_config_M512_K512_N512_UM1_UK1_UN8_jki_BIAS_False_INLINE_True_COMPORDER_option_4_ap_fixed_16_5_,Overall,1054412,10.544 ms,493,10,4104,6068,27.028508771929825,2.21,0.7486865148861647,0.4
GEMM_config_M512_K512_N512_UM1_UK1_UN8_kij_BIAS_False_INLINE_True_COMPORDER_option_2_ap_fixed_16_5_,Overall,134812544,1.348 sec,738,24,5427,9020,40.46052631578947,3.29,0.9900394045534151,0.95
GEMM_config_M512_K512_N512_UM1_UK1_UN8_kij_BIAS_False_INLINE_True_COMPORDER_option_3_ap_fixed_16_5_,Overall,135042893,1.350 sec,732,17,5558,8683,40.131578947368425,3.17,1.0139375364856975,0.67
GEMM_config_M512_K512_N512_UM1_UK1_UN8_kij_BIAS_False_INLINE_True_COMPORDER_option_4_ap_fixed_16_5_,Overall,820815,8.208 ms,493,10,2839,5030,27.028508771929825,1.84,0.5179144775248102,0.4
GEMM_config_M512_K512_N512_UM1_UK1_UN8_kji_BIAS_False_INLINE_True_COMPORDER_option_2_ap_fixed_16_5_,Overall,135045625,1.350 sec,738,24,4684,9549,40.46052631578947,3.48,0.8544950379451256,0.95
GEMM_config_M512_K512_N512_UM1_UK1_UN8_kji_BIAS_False_INLINE_True_COMPORDER_option_3_ap_fixed_16_5_,Overall,135046534,1.350 sec,732,17,4604,8322,40.131578947368425,3.04,0.8399007589025103,0.67
GEMM_config_M512_K512_N512_UM1_UK1_UN8_kji_BIAS_False_INLINE_True_COMPORDER_option_4_ap_fixed_16_5_,Overall,1054412,10.544 ms,493,10,4104,6068,27.028508771929825,2.21,0.7486865148861647,0.4
GEMM_config_M512_K512_N512_UM1_UK8_UN1_ijk_BIAS_False_INLINE_True_COMPORDER_option_2_ap_fixed_16_5_,Overall,137136190,1.371 sec,724,10,3704,5780,39.69298245614035,2.11,0.6757151196730882,0.4
GEMM_config_M512_K512_N512_UM1_UK8_UN1_ijk_BIAS_False_INLINE_True_COMPORDER_option_3_ap_fixed_16_5_,Overall,137136715,1.371 sec,725,10,4040,6164,39.747807017543856,2.25,0.7370110916520723,0.4
GEMM_config_M512_K512_N512_UM1_UK8_UN1_ijk_BIAS_False_INLINE_True_COMPORDER_option_4_ap_fixed_16_5_,Overall,824524,8.245 ms,500,17,3910,6617,27.412280701754387,2.41,0.7132953882078226,0.67
GEMM_config_M512_K512_N512_UM1_UK8_UN1_ikj_BIAS_False_INLINE_True_COMPORDER_option_2_ap_fixed_16_5_,Overall,135266881,1.353 sec,724,10,2966,4978,39.69298245614035,1.82,0.541082895504962,0.4
GEMM_config_M512_K512_N512_UM1_UK8_UN1_ikj_BIAS_False_INLINE_True_COMPORDER_option_3_ap_fixed_16_5_,Overall,135266889,1.353 sec,725,10,3300,5302,39.747807017543856,1.93,0.6020140105078808,0.4
GEMM_config_M512_K512_N512_UM1_UK8_UN1_ikj_BIAS_False_INLINE_True_COMPORDER_option_4_ap_fixed_16_5_,Overall,824524,8.245 ms,500,17,3910,6617,27.412280701754387,2.41,0.7132953882078226,0.67
GEMM_config_M512_K512_N512_UM1_UK8_UN1_jik_BIAS_False_INLINE_True_COMPORDER_option_2_ap_fixed_16_5_,Overall,135270974,1.353 sec,724,10,3874,6828,39.69298245614035,2.49,0.7067279626386457,0.4
GEMM_config_M512_K512_N512_UM1_UK8_UN1_jik_BIAS_False_INLINE_True_COMPORDER_option_3_ap_fixed_16_5_,Overall,135271499,1.353 sec,725,10,3788,6887,39.747807017543856,2.51,0.6910391126678342,0.4
GEMM_config_M512_K512_N512_UM1_UK8_UN1_jik_BIAS_False_INLINE_True_COMPORDER_option_4_ap_fixed_16_5_,Overall,1053896,10.539 ms,500,17,4028,6445,27.412280701754387,2.35,0.7348219497956802,0.67
GEMM_config_M512_K512_N512_UM1_UK8_UN1_jki_BIAS_False_INLINE_True_COMPORDER_option_2_ap_fixed_16_5_,Overall,135270974,1.353 sec,724,10,3874,6828,39.69298245614035,2.49,0.7067279626386457,0.4
GEMM_config_M512_K512_N512_UM1_UK8_UN1_jki_BIAS_False_INLINE_True_COMPORDER_option_3_ap_fixed_16_5_,Overall,135271499,1.353 sec,725,10,3788,6887,39.747807017543856,2.51,0.6910391126678342,0.4
GEMM_config_M512_K512_N512_UM1_UK8_UN1_jki_BIAS_False_INLINE_True_COMPORDER_option_4_ap_fixed_16_5_,Overall,1053896,10.539 ms,500,17,4028,6445,27.412280701754387,2.35,0.7348219497956802,0.67
GEMM_config_M512_K512_N512_UM1_UK8_UN1_kij_BIAS_False_INLINE_True_COMPORDER_option_2_ap_fixed_16_5_,Overall,135266881,1.353 sec,724,10,2966,4978,39.69298245614035,1.82,0.541082895504962,0.4
GEMM_config_M512_K512_N512_UM1_UK8_UN1_kij_BIAS_False_INLINE_True_COMPORDER_option_3_ap_fixed_16_5_,Overall,135266889,1.353 sec,725,10,3300,5302,39.747807017543856,1.93,0.6020140105078808,0.4
GEMM_config_M512_K512_N512_UM1_UK8_UN1_kij_BIAS_False_INLINE_True_COMPORDER_option_4_ap_fixed_16_5_,Overall,824524,8.245 ms,500,17,3910,6617,27.412280701754387,2.41,0.7132953882078226,0.67
GEMM_config_M512_K512_N512_UM1_UK8_UN1_kji_BIAS_False_INLINE_True_COMPORDER_option_2_ap_fixed_16_5_,Overall,137136190,1.371 sec,724,10,3894,5580,39.69298245614035,2.04,0.7103765323992994,0.4
GEMM_config_M512_K512_N512_UM1_UK8_UN1_kji_BIAS_False_INLINE_True_COMPORDER_option_3_ap_fixed_16_5_,Overall,137136715,1.371 sec,725,10,3808,5656,39.747807017543856,2.06,0.694687682428488,0.4
GEMM_config_M512_K512_N512_UM1_UK8_UN1_kji_BIAS_False_INLINE_True_COMPORDER_option_4_ap_fixed_16_5_,Overall,1053896,10.539 ms,500,17,4028,6445,27.412280701754387,2.35,0.7348219497956802,0.67
GEMM_config_M512_K512_N512_UM1_UK8_UN8_ijk_BIAS_False_INLINE_True_COMPORDER_option_2_ap_fixed_16_5_,Overall,19236478,0.192 sec,754,80,5467,10372,41.33771929824561,3.78,0.9973365440747226,3.17
GEMM_config_M512_K512_N512_UM1_UK8_UN8_ijk_BIAS_False_INLINE_True_COMPORDER_option_3_ap_fixed_16_5_,Overall,19466827,0.195 sec,748,73,5598,10035,41.00877192982456,3.66,1.0212346760070052,2.9
GEMM_config_M512_K512_N512_UM1_UK8_UN8_ijk_BIAS_False_INLINE_True_COMPORDER_option_4_ap_fixed_16_5_,Overall,595148,5.951 ms,523,73,4205,10384,28.673245614035086,3.79,0.7671117921774664,2.9
GEMM_config_M512_K512_N512_UM1_UK8_UN8_ikj_BIAS_False_INLINE_True_COMPORDER_option_2_ap_fixed_16_5_,Overall,136709758,1.367 sec,754,80,5428,9680,41.33771929824561,3.53,0.9902218330414478,3.17
GEMM_config_M512_K512_N512_UM1_UK8_UN8_ikj_BIAS_False_INLINE_True_COMPORDER_option_3_ap_fixed_16_5_,Overall,136940107,1.369 sec,748,73,5559,9351,41.00877192982456,3.41,1.0141199649737302,2.9
GEMM_config_M512_K512_N512_UM1_UK8_UN8_ikj_BIAS_False_INLINE_True_COMPORDER_option_4_ap_fixed_16_5_,Overall,595148,5.951 ms,523,73,4205,10384,28.673245614035086,3.79,0.7671117921774664,2.9
GEMM_config_M512_K512_N512_UM1_UK8_UN8_jik_BIAS_False_INLINE_True_COMPORDER_option_2_ap_fixed_16_5_,Overall,17604343,0.176 sec,754,80,6372,12969,41.33771929824561,4.73,1.1624343257443084,3.17
GEMM_config_M512_K512_N512_UM1_UK8_UN8_jik_BIAS_False_INLINE_True_COMPORDER_option_3_ap_fixed_16_5_,Overall,17605252,0.176 sec,748,73,6292,11749,41.00877192982456,4.29,1.147840046701693,2.9
GEMM_config_M512_K512_N512_UM1_UK8_UN8_jik_BIAS_False_INLINE_True_COMPORDER_option_4_ap_fixed_16_5_,Overall,1057669,10.577 ms,523,73,6185,11387,28.673245614035086,4.15,1.128320198482195,2.9
GEMM_config_M512_K512_N512_UM1_UK8_UN8_jki_BIAS_False_INLINE_True_COMPORDER_option_2_ap_fixed_16_5_,Overall,136910393,1.369 sec,754,80,11447,17622,41.33771929824561,6.43,2.088258902510216,3.17
GEMM_config_M512_K512_N512_UM1_UK8_UN8_jki_BIAS_False_INLINE_True_COMPORDER_option_3_ap_fixed_16_5_,Overall,136911302,1.369 sec,748,73,11367,16403,41.00877192982456,5.98,2.073664623467601,2.9
GEMM_config_M512_K512_N512_UM1_UK8_UN8_jki_BIAS_False_INLINE_True_COMPORDER_option_4_ap_fixed_16_5_,Overall,1057669,10.577 ms,523,73,6185,11387,28.673245614035086,4.15,1.128320198482195,2.9
GEMM_config_M512_K512_N512_UM1_UK8_UN8_kij_BIAS_False_INLINE_True_COMPORDER_option_2_ap_fixed_16_5_,Overall,134812544,1.348 sec,754,80,5677,11046,41.33771929824561,4.03,1.035646526561588,3.17
GEMM_config_M512_K512_N512_UM1_UK8_UN8_kij_BIAS_False_INLINE_True_COMPORDER_option_3_ap_fixed_16_5_,Overall,135042893,1.350 sec,748,73,5808,10709,41.00877192982456,3.91,1.0595446584938706,2.9
GEMM_config_M512_K512_N512_UM1_UK8_UN8_kij_BIAS_False_INLINE_True_COMPORDER_option_4_ap_fixed_16_5_,Overall,595148,5.951 ms,523,73,4205,10384,28.673245614035086,3.79,0.7671117921774664,2.9
GEMM_config_M512_K512_N512_UM1_UK8_UN8_kji_BIAS_False_INLINE_True_COMPORDER_option_2_ap_fixed_16_5_,Overall,136910393,1.369 sec,754,80,11447,17622,41.33771929824561,6.43,2.088258902510216,3.17
GEMM_config_M512_K512_N512_UM1_UK8_UN8_kji_BIAS_False_INLINE_True_COMPORDER_option_3_ap_fixed_16_5_,Overall,136911302,1.369 sec,748,73,11367,16403,41.00877192982456,5.98,2.073664623467601,2.9
GEMM_config_M512_K512_N512_UM1_UK8_UN8_kji_BIAS_False_INLINE_True_COMPORDER_option_4_ap_fixed_16_5_,Overall,1057669,10.577 ms,523,73,6185,11387,28.673245614035086,4.15,1.128320198482195,2.9
GEMM_config_M512_K512_N512_UM8_UK1_UN1_ijk_BIAS_False_INLINE_True_COMPORDER_option_2_ap_fixed_16_5_,Overall,135046009,1.350 sec,731,17,4504,8977,40.07675438596491,3.28,0.821657910099241,0.67
GEMM_config_M512_K512_N512_UM8_UK1_UN1_ijk_BIAS_False_INLINE_True_COMPORDER_option_3_ap_fixed_16_5_,Overall,135046150,1.350 sec,739,24,4807,9485,40.515350877192986,3.46,0.8769337419731466,0.95
GEMM_config_M512_K512_N512_UM8_UK1_UN1_ijk_BIAS_False_INLINE_True_COMPORDER_option_4_ap_fixed_16_5_,Overall,1578120,15.781 ms,507,17,5131,11666,27.79605263157895,4.26,0.9360405720957384,0.67
GEMM_config_M512_K512_N512_UM8_UK1_UN1_ikj_BIAS_False_INLINE_True_COMPORDER_option_2_ap_fixed_16_5_,Overall,135046009,1.350 sec,731,17,6192,10209,40.07675438596491,3.72,1.1295971978984238,0.67
GEMM_config_M512_K512_N512_UM8_UK1_UN1_ikj_BIAS_False_INLINE_True_COMPORDER_option_3_ap_fixed_16_5_,Overall,135046150,1.350 sec,739,24,6495,10717,40.515350877192986,3.91,1.1848730297723291,0.95
GEMM_config_M512_K512_N512_UM8_UK1_UN1_ikj_BIAS_False_INLINE_True_COMPORDER_option_4_ap_fixed_16_5_,Overall,1578120,15.781 ms,507,17,5131,11666,27.79605263157895,4.26,0.9360405720957384,0.67
GEMM_config_M512_K512_N512_UM8_UK1_UN1_jik_BIAS_False_INLINE_True_COMPORDER_option_2_ap_fixed_16_5_,Overall,136907584,1.369 sec,731,17,3934,6873,40.07675438596491,2.51,0.717673671920607,0.67
GEMM_config_M512_K512_N512_UM8_UK1_UN1_jik_BIAS_False_INLINE_True_COMPORDER_option_3_ap_fixed_16_5_,Overall,136678285,1.367 sec,739,24,4047,7432,40.515350877192986,2.71,0.7382880910683012,0.95
GEMM_config_M512_K512_N512_UM8_UK1_UN1_jik_BIAS_False_INLINE_True_COMPORDER_option_4_ap_fixed_16_5_,Overall,1050191,10.502 ms,507,17,3564,6237,27.79605263157895,2.28,0.6501751313485113,0.67
GEMM_config_M512_K512_N512_UM8_UK1_UN1_jki_BIAS_False_INLINE_True_COMPORDER_option_2_ap_fixed_16_5_,Overall,17596993,0.176 sec,731,17,3140,5605,40.07675438596491,2.05,0.5728254524226503,0.67
GEMM_config_M512_K512_N512_UM8_UK1_UN1_jki_BIAS_False_INLINE_True_COMPORDER_option_3_ap_fixed_16_5_,Overall,17367625,0.174 sec,739,24,3251,6088,40.515350877192986,2.22,0.593075014594279,0.95
GEMM_config_M512_K512_N512_UM8_UK1_UN1_jki_BIAS_False_INLINE_True_COMPORDER_option_4_ap_fixed_16_5_,Overall,1050191,10.502 ms,507,17,3564,6237,27.79605263157895,2.28,0.6501751313485113,0.67
GEMM_config_M512_K512_N512_UM8_UK1_UN1_kij_BIAS_False_INLINE_True_COMPORDER_option_2_ap_fixed_16_5_,Overall,136943223,1.369 sec,731,17,4873,7559,40.07675438596491,2.76,0.8889740221833041,0.67
GEMM_config_M512_K512_N512_UM8_UK1_UN1_kij_BIAS_False_INLINE_True_COMPORDER_option_3_ap_fixed_16_5_,Overall,136943364,1.369 sec,739,24,5176,8068,40.515350877192986,2.94,0.9442498540572096,0.95
GEMM_config_M512_K512_N512_UM8_UK1_UN1_kij_BIAS_False_INLINE_True_COMPORDER_option_4_ap_fixed_16_5_,Overall,1578120,15.781 ms,507,17,5131,11666,27.79605263157895,4.26,0.9360405720957384,0.67
GEMM_config_M512_K512_N512_UM8_UK1_UN1_kji_BIAS_False_INLINE_True_COMPORDER_option_2_ap_fixed_16_5_,Overall,17596993,0.176 sec,731,17,3140,5605,40.07675438596491,2.05,0.5728254524226503,0.67
GEMM_config_M512_K512_N512_UM8_UK1_UN1_kji_BIAS_False_INLINE_True_COMPORDER_option_3_ap_fixed_16_5_,Overall,17367625,0.174 sec,739,24,3251,6088,40.515350877192986,2.22,0.593075014594279,0.95
GEMM_config_M512_K512_N512_UM8_UK1_UN1_kji_BIAS_False_INLINE_True_COMPORDER_option_4_ap_fixed_16_5_,Overall,1050191,10.502 ms,507,17,3564,6237,27.79605263157895,2.28,0.6501751313485113,0.67
GEMM_config_M512_K512_N512_UM8_UK1_UN8_ijk_BIAS_False_INLINE_True_COMPORDER_option_2_ap_fixed_16_5_,Overall,17347001,0.173 sec,754,136,6154,14843,41.33771929824561,5.42,1.1226649153531816,5.4
GEMM_config_M512_K512_N512_UM8_UK1_UN8_ijk_BIAS_False_INLINE_True_COMPORDER_option_3_ap_fixed_16_5_,Overall,17576966,0.176 sec,762,136,7312,14482,41.776315789473685,5.28,1.333917104495038,5.4
GEMM_config_M512_K512_N512_UM8_UK1_UN8_ijk_BIAS_False_INLINE_True_COMPORDER_option_4_ap_fixed_16_5_,Overall,1086600,10.866 ms,507,24,5011,11454,27.79605263157895,4.18,0.9141491535318156,0.95
GEMM_config_M512_K512_N512_UM8_UK1_UN8_ikj_BIAS_False_INLINE_True_COMPORDER_option_2_ap_fixed_16_5_,Overall,136685049,1.367 sec,754,136,13859,23148,41.33771929824561,8.45,2.528276415645067,5.4
GEMM_config_M512_K512_N512_UM8_UK1_UN8_ikj_BIAS_False_INLINE_True_COMPORDER_option_3_ap_fixed_16_5_,Overall,136915014,1.369 sec,762,136,15081,22796,41.776315789473685,8.32,2.7512040280210157,5.4
GEMM_config_M512_K512_N512_UM8_UK1_UN8_ikj_BIAS_False_INLINE_True_COMPORDER_option_4_ap_fixed_16_5_,Overall,1086600,10.866 ms,507,24,5011,11454,27.79605263157895,4.18,0.9141491535318156,0.95
GEMM_config_M512_K512_N512_UM8_UK1_UN8_jik_BIAS_False_INLINE_True_COMPORDER_option_2_ap_fixed_16_5_,Overall,19441657,0.194 sec,754,136,7377,13112,41.33771929824561,4.78,1.3457749562171628,5.4
GEMM_config_M512_K512_N512_UM8_UK1_UN8_jik_BIAS_False_INLINE_True_COMPORDER_option_3_ap_fixed_16_5_,Overall,19212742,0.192 sec,762,136,6465,14219,41.776315789473685,5.19,1.1794001751313485,5.4
GEMM_config_M512_K512_N512_UM8_UK1_UN8_jik_BIAS_False_INLINE_True_COMPORDER_option_4_ap_fixed_16_5_,Overall,1054412,10.544 ms,507,24,4337,7059,27.79605263157895,2.58,0.7911923525977816,0.95
GEMM_config_M512_K512_N512_UM8_UK1_UN8_jki_BIAS_False_INLINE_True_COMPORDER_option_2_ap_fixed_16_5_,Overall,19441657,0.194 sec,754,136,7364,13090,41.33771929824561,4.78,1.3434033858727379,5.4
GEMM_config_M512_K512_N512_UM8_UK1_UN8_jki_BIAS_False_INLINE_True_COMPORDER_option_3_ap_fixed_16_5_,Overall,19212742,0.192 sec,762,136,6452,14197,41.776315789473685,5.18,1.1770286047869236,5.4
GEMM_config_M512_K512_N512_UM8_UK1_UN8_jki_BIAS_False_INLINE_True_COMPORDER_option_4_ap_fixed_16_5_,Overall,1054412,10.544 ms,507,24,4337,7059,27.79605263157895,2.58,0.7911923525977816,0.95
GEMM_config_M512_K512_N512_UM8_UK1_UN8_kij_BIAS_False_INLINE_True_COMPORDER_option_2_ap_fixed_16_5_,Overall,136685049,1.367 sec,754,136,13898,23148,41.33771929824561,8.45,2.535391126678342,5.4
GEMM_config_M512_K512_N512_UM8_UK1_UN8_kij_BIAS_False_INLINE_True_COMPORDER_option_3_ap_fixed_16_5_,Overall,136915014,1.369 sec,762,136,15120,22796,41.776315789473685,8.32,2.7583187390542907,5.4
GEMM_config_M512_K512_N512_UM8_UK1_UN8_kij_BIAS_False_INLINE_True_COMPORDER_option_4_ap_fixed_16_5_,Overall,1086600,10.866 ms,507,24,5011,11454,27.79605263157895,4.18,0.9141491535318156,0.95
GEMM_config_M512_K512_N512_UM8_UK1_UN8_kji_BIAS_False_INLINE_True_COMPORDER_option_2_ap_fixed_16_5_,Overall,17576441,0.176 sec,754,136,7180,14109,41.33771929824561,5.15,1.3098365440747228,5.4
GEMM_config_M512_K512_N512_UM8_UK1_UN8_kji_BIAS_False_INLINE_True_COMPORDER_option_3_ap_fixed_16_5_,Overall,17347526,0.173 sec,762,136,6268,15216,41.776315789473685,5.55,1.1434617629889083,5.4
GEMM_config_M512_K512_N512_UM8_UK1_UN8_kji_BIAS_False_INLINE_True_COMPORDER_option_4_ap_fixed_16_5_,Overall,1054412,10.544 ms,507,24,4337,7059,27.79605263157895,2.58,0.7911923525977816,0.95
GEMM_config_M512_K512_N512_UM8_UK8_UN1_ijk_BIAS_False_INLINE_True_COMPORDER_option_2_ap_fixed_16_5_,Overall,136910777,1.369 sec,747,73,12073,19513,40.95394736842105,7.12,2.202459136018681,2.9
GEMM_config_M512_K512_N512_UM8_UK8_UN1_ijk_BIAS_False_INLINE_True_COMPORDER_option_3_ap_fixed_16_5_,Overall,136910918,1.369 sec,755,80,12376,20032,41.39254385964912,7.31,2.257734967892586,3.17
GEMM_config_M512_K512_N512_UM8_UK8_UN1_ijk_BIAS_False_INLINE_True_COMPORDER_option_4_ap_fixed_16_5_,Overall,1090309,10.903 ms,530,80,6278,16128,29.057017543859647,5.88,1.1452860478692353,3.17
GEMM_config_M512_K512_N512_UM8_UK8_UN1_ikj_BIAS_False_INLINE_True_COMPORDER_option_2_ap_fixed_16_5_,Overall,135046009,1.350 sec,747,73,6432,12235,40.95394736842105,4.46,1.1733800350262698,2.9
GEMM_config_M512_K512_N512_UM8_UK8_UN1_ikj_BIAS_False_INLINE_True_COMPORDER_option_3_ap_fixed_16_5_,Overall,135046150,1.350 sec,755,80,6735,12743,41.39254385964912,4.65,1.228655866900175,3.17
GEMM_config_M512_K512_N512_UM8_UK8_UN1_ikj_BIAS_False_INLINE_True_COMPORDER_option_4_ap_fixed_16_5_,Overall,1090309,10.903 ms,530,80,6278,16128,29.057017543859647,5.88,1.1452860478692353,3.17
GEMM_config_M512_K512_N512_UM8_UK8_UN1_jik_BIAS_False_INLINE_True_COMPORDER_option_2_ap_fixed_16_5_,Overall,136907136,1.369 sec,747,73,11333,18519,40.95394736842105,6.76,2.0674620548744893,2.9
GEMM_config_M512_K512_N512_UM8_UK8_UN1_jik_BIAS_False_INLINE_True_COMPORDER_option_3_ap_fixed_16_5_,Overall,136677837,1.367 sec,755,80,11446,19024,41.39254385964912,6.94,2.0880764740221833,3.17
GEMM_config_M512_K512_N512_UM8_UK8_UN1_jik_BIAS_False_INLINE_True_COMPORDER_option_4_ap_fixed_16_5_,Overall,1053896,10.539 ms,530,80,5583,10049,29.057017543859647,3.67,1.0184982486865148,3.17
GEMM_config_M512_K512_N512_UM8_UK8_UN1_jki_BIAS_False_INLINE_True_COMPORDER_option_2_ap_fixed_16_5_,Overall,17601086,0.176 sec,747,73,5442,11196,40.95394736842105,4.08,0.9927758318739054,2.9
GEMM_config_M512_K512_N512_UM8_UK8_UN1_jki_BIAS_False_INLINE_True_COMPORDER_option_3_ap_fixed_16_5_,Overall,17371787,0.174 sec,755,80,5555,11722,41.39254385964912,4.28,1.0133902510215995,3.17
GEMM_config_M512_K512_N512_UM8_UK8_UN1_jki_BIAS_False_INLINE_True_COMPORDER_option_4_ap_fixed_16_5_,Overall,1053896,10.539 ms,530,80,5583,10049,29.057017543859647,3.67,1.0184982486865148,3.17
GEMM_config_M512_K512_N512_UM8_UK8_UN1_kij_BIAS_False_INLINE_True_COMPORDER_option_2_ap_fixed_16_5_,Overall,136943223,1.369 sec,747,73,6187,10385,40.95394736842105,3.79,1.1286850554582604,2.9
GEMM_config_M512_K512_N512_UM8_UK8_UN1_kij_BIAS_False_INLINE_True_COMPORDER_option_3_ap_fixed_16_5_,Overall,136943364,1.369 sec,755,80,6490,10894,41.39254385964912,3.97,1.1839608873321659,3.17
GEMM_config_M512_K512_N512_UM8_UK8_UN1_kij_BIAS_False_INLINE_True_COMPORDER_option_4_ap_fixed_16_5_,Overall,1090309,10.903 ms,530,80,6278,16128,29.057017543859647,5.88,1.1452860478692353,3.17
GEMM_config_M512_K512_N512_UM8_UK8_UN1_kji_BIAS_False_INLINE_True_COMPORDER_option_2_ap_fixed_16_5_,Overall,19466302,0.195 sec,747,73,5486,10020,40.95394736842105,3.66,1.000802685347344,2.9
GEMM_config_M512_K512_N512_UM8_UK8_UN1_kji_BIAS_False_INLINE_True_COMPORDER_option_3_ap_fixed_16_5_,Overall,19237003,0.192 sec,755,80,5599,10563,41.39254385964912,3.85,1.021417104495038,3.17
GEMM_config_M512_K512_N512_UM8_UK8_UN1_kji_BIAS_False_INLINE_True_COMPORDER_option_4_ap_fixed_16_5_,Overall,1053896,10.539 ms,530,80,5583,10049,29.057017543859647,3.67,1.0184982486865148,3.17
GEMM_config_M512_K512_N512_UM8_UK8_UN8_ijk_BIAS_False_INLINE_True_COMPORDER_option_2_ap_fixed_16_5_,Overall,19211769,0.192 sec,786,584,21689,41547,43.09210526315789,15.16,3.9566914769410393,23.17
GEMM_config_M512_K512_N512_UM8_UK8_UN8_ijk_BIAS_False_INLINE_True_COMPORDER_option_3_ap_fixed_16_5_,Overall,19441734,0.194 sec,794,584,22911,41195,43.530701754385966,15.03,4.179619089316987,23.17
GEMM_config_M512_K512_N512_UM8_UK8_UN8_ijk_BIAS_False_INLINE_True_COMPORDER_option_4_ap_fixed_16_5_,Overall,598789,5.988 ms,546,136,5562,14952,29.93421052631579,5.46,1.0146672504378282,5.4
GEMM_config_M512_K512_N512_UM8_UK8_UN8_ikj_BIAS_False_INLINE_True_COMPORDER_option_2_ap_fixed_16_5_,Overall,136685049,1.367 sec,786,584,24257,35910,43.09210526315789,13.1,4.42516783420899,23.17
GEMM_config_M512_K512_N512_UM8_UK8_UN8_ikj_BIAS_False_INLINE_True_COMPORDER_option_3_ap_fixed_16_5_,Overall,136915014,1.369 sec,794,584,25479,35558,43.530701754385966,12.97,4.6480954465849385,23.17
GEMM_config_M512_K512_N512_UM8_UK8_UN8_ikj_BIAS_False_INLINE_True_COMPORDER_option_4_ap_fixed_16_5_,Overall,598789,5.988 ms,546,136,5562,14952,29.93421052631579,5.46,1.0146672504378282,5.4
GEMM_config_M512_K512_N512_UM8_UK8_UN8_jik_BIAS_False_INLINE_True_COMPORDER_option_2_ap_fixed_16_5_,Overall,19441209,0.194 sec,786,584,22724,40814,43.09210526315789,14.89,4.145504962054875,23.17
GEMM_config_M512_K512_N512_UM8_UK8_UN8_jik_BIAS_False_INLINE_True_COMPORDER_option_3_ap_fixed_16_5_,Overall,19212294,0.192 sec,794,584,21812,41929,43.530701754385966,15.3,3.9791301809690602,23.17
GEMM_config_M512_K512_N512_UM8_UK8_UN8_jik_BIAS_False_INLINE_True_COMPORDER_option_4_ap_fixed_16_5_,Overall,1057669,10.577 ms,546,136,7632,13484,29.93421052631579,4.92,1.3922942206654991,5.4
GEMM_config_M512_K512_N512_UM8_UK8_UN8_jki_BIAS_False_INLINE_True_COMPORDER_option_2_ap_fixed_16_5_,Overall,19441209,0.194 sec,786,584,22721,40814,43.09210526315789,14.89,4.144957676590776,23.17
GEMM_config_M512_K512_N512_UM8_UK8_UN8_jki_BIAS_False_INLINE_True_COMPORDER_option_3_ap_fixed_16_5_,Overall,19212294,0.192 sec,794,584,21809,41929,43.530701754385966,15.3,3.978582895504962,23.17
GEMM_config_M512_K512_N512_UM8_UK8_UN8_jki_BIAS_False_INLINE_True_COMPORDER_option_4_ap_fixed_16_5_,Overall,1057669,10.577 ms,546,136,7632,13484,29.93421052631579,4.92,1.3922942206654991,5.4
GEMM_config_M512_K512_N512_UM8_UK8_UN8_kij_BIAS_False_INLINE_True_COMPORDER_option_2_ap_fixed_16_5_,Overall,136685049,1.367 sec,786,584,24254,35910,43.09210526315789,13.1,4.424620548744892,23.17
GEMM_config_M512_K512_N512_UM8_UK8_UN8_kij_BIAS_False_INLINE_True_COMPORDER_option_3_ap_fixed_16_5_,Overall,136915014,1.369 sec,794,584,25476,35558,43.530701754385966,12.97,4.647548161120841,23.17
GEMM_config_M512_K512_N512_UM8_UK8_UN8_kij_BIAS_False_INLINE_True_COMPORDER_option_4_ap_fixed_16_5_,Overall,598789,5.988 ms,546,136,5562,14952,29.93421052631579,5.46,1.0146672504378282,5.4
GEMM_config_M512_K512_N512_UM8_UK8_UN8_kji_BIAS_False_INLINE_True_COMPORDER_option_2_ap_fixed_16_5_,Overall,19441209,0.194 sec,786,584,22721,40814,43.09210526315789,14.89,4.144957676590776,23.17
GEMM_config_M512_K512_N512_UM8_UK8_UN8_kji_BIAS_False_INLINE_True_COMPORDER_option_3_ap_fixed_16_5_,Overall,19212294,0.192 sec,794,584,21809,41929,43.530701754385966,15.3,3.978582895504962,23.17
GEMM_config_M512_K512_N512_UM8_UK8_UN8_kji_BIAS_False_INLINE_True_COMPORDER_option_4_ap_fixed_16_5_,Overall,1057669,10.577 ms,546,136,7632,13484,29.93421052631579,4.92,1.3922942206654991,5.4
