Project,Function,CYCLE,LATENCY,BRAM,DSP,FF,LUT,BRAM_Utilization,LUT_Utilization,FF_Utilization,DSP_Utilization
config_CIN32_HIN14_WIN14_COUT32_K1_UFCIN2_UFCOU2_PAD1_STRIDE1_BIASTrue_conv2d_ACTIVATIONrelu_ap_fixed_32_10_,Overall,206884,2.069 ms,58,20,10793,17992,3.179824561403509,6.56,1.9689506713368359,0.79
config_CIN32_HIN14_WIN14_COUT32_K1_UFCIN2_UFCOU4_PAD1_STRIDE1_BIASTrue_conv2d_ACTIVATIONrelu_ap_fixed_32_10_,Overall,139300,1.393 ms,62,36,10895,18895,3.399122807017544,6.89,1.9875583771161707,1.43
config_CIN32_HIN14_WIN14_COUT32_K1_UFCIN2_UFCOU16_PAD1_STRIDE1_BIASTrue_conv2d_ACTIVATIONrelu_ap_fixed_32_10_,Overall,88612,0.886 ms,102,132,11475,24599,5.592105263157895,8.98,2.0933669001751314,5.24
config_CIN32_HIN14_WIN14_COUT32_K1_UFCIN4_UFCOU2_PAD1_STRIDE1_BIASTrue_conv2d_ACTIVATIONrelu_ap_fixed_32_10_,Overall,204836,2.048 ms,62,36,11045,18779,3.399122807017544,6.85,2.0149226503210738,1.43
config_CIN32_HIN14_WIN14_COUT32_K1_UFCIN4_UFCOU4_PAD1_STRIDE1_BIASTrue_conv2d_ACTIVATIONrelu_ap_fixed_32_10_,Overall,137252,1.373 ms,70,68,11187,20290,3.8377192982456143,7.4,2.0408274956217163,2.7
config_CIN32_HIN14_WIN14_COUT32_K1_UFCIN4_UFCOU16_PAD1_STRIDE1_BIASTrue_conv2d_ACTIVATIONrelu_ap_fixed_32_10_,Overall,86564,0.866 ms,70,260,14015,30154,3.8377192982456143,11.0,2.5567352597781667,10.32
config_CIN32_HIN14_WIN14_COUT32_K1_UFCIN16_UFCOU2_PAD1_STRIDE1_BIASTrue_conv2d_ACTIVATIONrelu_ap_fixed_32_10_,Overall,203300,2.033 ms,86,132,12517,23441,4.714912280701754,8.55,2.2834573847051955,5.24
config_CIN32_HIN14_WIN14_COUT32_K1_UFCIN16_UFCOU4_PAD1_STRIDE1_BIASTrue_conv2d_ACTIVATIONrelu_ap_fixed_32_10_,Overall,135716,1.357 ms,54,260,14947,28980,2.9605263157894735,10.57,2.726758610624635,10.32
config_CIN32_HIN14_WIN14_COUT32_K1_UFCIN16_UFCOU16_PAD1_STRIDE1_BIASTrue_conv2d_ACTIVATIONrelu_ap_fixed_32_10_,Overall,85028,0.850 ms,70,1028,23071,59428,3.8377192982456143,21.68,4.208807647402218,40.79
config_CIN32_HIN14_WIN14_COUT32_K3_UFCIN2_UFCOU2_PAD1_STRIDE1_BIASTrue_conv2d_ACTIVATIONrelu_ap_fixed_32_10_,Overall,1202184,12.022 ms,86,20,10817,18742,4.714912280701754,6.84,1.9733289550496205,0.79
config_CIN32_HIN14_WIN14_COUT32_K3_UFCIN2_UFCOU4_PAD1_STRIDE1_BIASTrue_conv2d_ACTIVATIONrelu_ap_fixed_32_10_,Overall,749032,7.490 ms,86,36,10919,19621,4.714912280701754,7.16,1.991936660828955,1.43
config_CIN32_HIN14_WIN14_COUT32_K3_UFCIN2_UFCOU16_PAD1_STRIDE1_BIASTrue_conv2d_ACTIVATIONrelu_ap_fixed_32_10_,Overall,409168,4.092 ms,102,132,11503,25255,5.592105263157895,9.21,2.0984748978400467,5.24
config_CIN32_HIN14_WIN14_COUT32_K3_UFCIN4_UFCOU2_PAD1_STRIDE1_BIASTrue_conv2d_ACTIVATIONrelu_ap_fixed_32_10_,Overall,1188072,11.881 ms,86,36,11069,19802,4.714912280701754,7.22,2.019300934033859,1.43
config_CIN32_HIN14_WIN14_COUT32_K3_UFCIN4_UFCOU4_PAD1_STRIDE1_BIASTrue_conv2d_ACTIVATIONrelu_ap_fixed_32_10_,Overall,734920,7.349 ms,86,68,11211,21297,4.714912280701754,7.77,2.045205779334501,2.7
config_CIN32_HIN14_WIN14_COUT32_K3_UFCIN4_UFCOU16_PAD1_STRIDE1_BIASTrue_conv2d_ACTIVATIONrelu_ap_fixed_32_10_,Overall,395056,3.951 ms,134,260,11995,30511,7.346491228070176,11.13,2.1882297139521305,10.32
config_CIN32_HIN14_WIN14_COUT32_K3_UFCIN16_UFCOU2_PAD1_STRIDE1_BIASTrue_conv2d_ACTIVATIONrelu_ap_fixed_32_10_,Overall,1177488,11.775 ms,86,132,12540,26148,4.714912280701754,9.54,2.287653239929947,5.24
config_CIN32_HIN14_WIN14_COUT32_K3_UFCIN16_UFCOU4_PAD1_STRIDE1_BIASTrue_conv2d_ACTIVATIONrelu_ap_fixed_32_10_,Overall,724336,7.243 ms,118,260,12922,31005,6.469298245614036,11.31,2.3573409223584356,10.32
config_CIN32_HIN14_WIN14_COUT32_K3_UFCIN16_UFCOU16_PAD1_STRIDE1_BIASTrue_conv2d_ACTIVATIONrelu_ap_fixed_32_10_,Overall,384472,3.845 ms,326,1028,14906,60765,17.87280701754386,22.17,2.7192790426152946,40.79
config_CIN32_HIN14_WIN14_COUT96_K1_UFCIN2_UFCOU2_PAD1_STRIDE1_BIASTrue_conv2d_ACTIVATIONrelu_ap_fixed_32_10_,Overall,533156,5.332 ms,124,20,10760,18131,6.798245614035088,6.62,1.962930531231757,0.79
config_CIN32_HIN14_WIN14_COUT96_K1_UFCIN2_UFCOU4_PAD1_STRIDE1_BIASTrue_conv2d_ACTIVATIONrelu_ap_fixed_32_10_,Overall,330404,3.304 ms,130,36,10934,19083,7.12719298245614,6.96,1.9946730881494452,1.43
config_CIN32_HIN14_WIN14_COUT96_K1_UFCIN2_UFCOU16_PAD1_STRIDE1_BIASTrue_conv2d_ACTIVATIONrelu_ap_fixed_32_10_,Overall,178340,1.783 ms,162,132,11562,24787,8.881578947368421,9.04,2.1092381786339756,5.24
config_CIN32_HIN14_WIN14_COUT96_K1_UFCIN4_UFCOU2_PAD1_STRIDE1_BIASTrue_conv2d_ACTIVATIONrelu_ap_fixed_32_10_,Overall,531108,5.311 ms,124,36,11022,18948,6.798245614035088,6.91,2.010726795096322,1.43
config_CIN32_HIN14_WIN14_COUT96_K1_UFCIN4_UFCOU4_PAD1_STRIDE1_BIASTrue_conv2d_ACTIVATIONrelu_ap_fixed_32_10_,Overall,328356,3.284 ms,138,68,11244,20508,7.565789473684211,7.48,2.0512259194395797,2.7
config_CIN32_HIN14_WIN14_COUT96_K1_UFCIN4_UFCOU16_PAD1_STRIDE1_BIASTrue_conv2d_ACTIVATIONrelu_ap_fixed_32_10_,Overall,176292,1.763 ms,194,260,12120,29860,10.635964912280702,10.89,2.2110332749562174,10.32
config_CIN32_HIN14_WIN14_COUT96_K1_UFCIN16_UFCOU2_PAD1_STRIDE1_BIASTrue_conv2d_ACTIVATIONrelu_ap_fixed_32_10_,Overall,529572,5.296 ms,148,132,12556,23790,8.114035087719298,8.68,2.2905720957384705,5.24
config_CIN32_HIN14_WIN14_COUT96_K1_UFCIN16_UFCOU4_PAD1_STRIDE1_BIASTrue_conv2d_ACTIVATIONrelu_ap_fixed_32_10_,Overall,326820,3.268 ms,186,260,13066,28866,10.197368421052632,10.53,2.383610624635143,10.32
config_CIN32_HIN14_WIN14_COUT96_K1_UFCIN16_UFCOU16_PAD1_STRIDE1_BIASTrue_conv2d_ACTIVATIONrelu_ap_fixed_32_10_,Overall,174756,1.748 ms,130,1028,23622,60850,7.12719298245614,22.2,4.309325744308231,40.79
config_CIN32_HIN14_WIN14_COUT96_K3_UFCIN2_UFCOU2_PAD1_STRIDE1_BIASTrue_conv2d_ACTIVATIONrelu_ap_fixed_32_10_,Overall,3075592,30.756 ms,170,20,10787,18842,9.320175438596491,6.87,1.96785610040864,0.79
config_CIN32_HIN14_WIN14_COUT96_K3_UFCIN2_UFCOU4_PAD1_STRIDE1_BIASTrue_conv2d_ACTIVATIONrelu_ap_fixed_32_10_,Overall,1716136,17.161 ms,180,36,10961,19811,9.868421052631579,7.23,1.999598657326328,1.43
config_CIN32_HIN14_WIN14_COUT96_K3_UFCIN2_UFCOU16_PAD1_STRIDE1_BIASTrue_conv2d_ACTIVATIONrelu_ap_fixed_32_10_,Overall,696544,6.965 ms,188,132,11589,25519,10.307017543859649,9.31,2.114163747810858,5.24
config_CIN32_HIN14_WIN14_COUT96_K3_UFCIN4_UFCOU2_PAD1_STRIDE1_BIASTrue_conv2d_ACTIVATIONrelu_ap_fixed_32_10_,Overall,3061480,30.615 ms,170,36,11049,19920,9.320175438596491,7.27,2.015652364273205,1.43
config_CIN32_HIN14_WIN14_COUT96_K3_UFCIN4_UFCOU4_PAD1_STRIDE1_BIASTrue_conv2d_ACTIVATIONrelu_ap_fixed_32_10_,Overall,1702024,17.020 ms,180,68,11271,21511,9.868421052631579,7.85,2.0561514886164622,2.7
config_CIN32_HIN14_WIN14_COUT96_K3_UFCIN4_UFCOU16_PAD1_STRIDE1_BIASTrue_conv2d_ACTIVATIONrelu_ap_fixed_32_10_,Overall,682432,6.824 ms,188,260,12147,30867,10.307017543859649,11.26,2.2159588441330995,10.32
config_CIN32_HIN14_WIN14_COUT96_K3_UFCIN16_UFCOU2_PAD1_STRIDE1_BIASTrue_conv2d_ACTIVATIONrelu_ap_fixed_32_10_,Overall,3050896,30.509 ms,170,132,12581,26470,9.320175438596491,9.66,2.2951328079392876,5.24
config_CIN32_HIN14_WIN14_COUT96_K3_UFCIN16_UFCOU4_PAD1_STRIDE1_BIASTrue_conv2d_ACTIVATIONrelu_ap_fixed_32_10_,Overall,1691440,16.914 ms,180,260,13091,31625,9.868421052631579,11.54,2.3881713368359603,10.32
config_CIN32_HIN14_WIN14_COUT96_K3_UFCIN16_UFCOU16_PAD1_STRIDE1_BIASTrue_conv2d_ACTIVATIONrelu_ap_fixed_32_10_,Overall,671848,6.718 ms,380,1028,15455,61743,20.833333333333336,22.53,2.8194322825452423,40.79
config_CIN32_HIN14_WIN28_COUT32_K1_UFCIN2_UFCOU2_PAD1_STRIDE1_BIASTrue_conv2d_ACTIVATIONrelu_ap_fixed_32_10_,Overall,385636,3.856 ms,104,20,10817,18152,5.701754385964912,6.62,1.9733289550496205,0.79
config_CIN32_HIN14_WIN28_COUT32_K1_UFCIN2_UFCOU4_PAD1_STRIDE1_BIASTrue_conv2d_ACTIVATIONrelu_ap_fixed_32_10_,Overall,258916,2.589 ms,108,36,10922,19059,5.921052631578947,6.95,1.992483946293053,1.43
config_CIN32_HIN14_WIN28_COUT32_K1_UFCIN2_UFCOU16_PAD1_STRIDE1_BIASTrue_conv2d_ACTIVATIONrelu_ap_fixed_32_10_,Overall,163876,1.639 ms,132,132,11524,24831,7.236842105263158,9.06,2.1023058960887333,5.24
config_CIN32_HIN14_WIN28_COUT32_K1_UFCIN4_UFCOU2_PAD1_STRIDE1_BIASTrue_conv2d_ACTIVATIONrelu_ap_fixed_32_10_,Overall,381796,3.818 ms,108,36,11074,19007,5.921052631578947,6.93,2.0202130764740223,1.43
config_CIN32_HIN14_WIN28_COUT32_K1_UFCIN4_UFCOU4_PAD1_STRIDE1_BIASTrue_conv2d_ACTIVATIONrelu_ap_fixed_32_10_,Overall,255076,2.551 ms,116,68,11223,20522,6.359649122807018,7.49,2.0473949211908935,2.7
config_CIN32_HIN14_WIN28_COUT32_K1_UFCIN4_UFCOU16_PAD1_STRIDE1_BIASTrue_conv2d_ACTIVATIONrelu_ap_fixed_32_10_,Overall,160036,1.600 ms,100,260,14097,30458,5.482456140350877,11.11,2.5716943957968477,10.32
config_CIN32_HIN14_WIN28_COUT32_K1_UFCIN16_UFCOU2_PAD1_STRIDE1_BIASTrue_conv2d_ACTIVATIONrelu_ap_fixed_32_10_,Overall,378916,3.789 ms,132,132,12570,24077,7.236842105263158,8.78,2.2931260945709284,5.24
config_CIN32_HIN14_WIN28_COUT32_K1_UFCIN16_UFCOU4_PAD1_STRIDE1_BIASTrue_conv2d_ACTIVATIONrelu_ap_fixed_32_10_,Overall,252196,2.522 ms,100,260,15031,29620,5.482456140350877,10.81,2.742082603619381,10.32
config_CIN32_HIN14_WIN28_COUT32_K1_UFCIN16_UFCOU16_PAD1_STRIDE1_BIASTrue_conv2d_ACTIVATIONrelu_ap_fixed_32_10_,Overall,157156,1.572 ms,100,1028,23345,60164,5.482456140350877,21.95,4.258793053123176,40.79
config_CIN32_HIN14_WIN28_COUT32_K3_UFCIN2_UFCOU2_PAD1_STRIDE1_BIASTrue_conv2d_ACTIVATIONrelu_ap_fixed_32_10_,Overall,2392688,23.927 ms,130,20,10841,18768,7.12719298245614,6.85,1.977707238762405,0.79
config_CIN32_HIN14_WIN28_COUT32_K3_UFCIN2_UFCOU4_PAD1_STRIDE1_BIASTrue_conv2d_ACTIVATIONrelu_ap_fixed_32_10_,Overall,1486384,14.864 ms,130,36,10947,19647,7.12719298245614,7.17,1.9970446584938704,1.43
config_CIN32_HIN14_WIN28_COUT32_K3_UFCIN2_UFCOU16_PAD1_STRIDE1_BIASTrue_conv2d_ACTIVATIONrelu_ap_fixed_32_10_,Overall,806656,8.067 ms,130,132,11555,25281,7.12719298245614,9.22,2.107961179217747,5.24
config_CIN32_HIN14_WIN28_COUT32_K3_UFCIN4_UFCOU2_PAD1_STRIDE1_BIASTrue_conv2d_ACTIVATIONrelu_ap_fixed_32_10_,Overall,2364464,23.645 ms,130,36,11098,19828,7.12719298245614,7.23,2.0245913601868066,1.43
config_CIN32_HIN14_WIN28_COUT32_K3_UFCIN4_UFCOU4_PAD1_STRIDE1_BIASTrue_conv2d_ACTIVATIONrelu_ap_fixed_32_10_,Overall,1458160,14.582 ms,130,68,11248,21323,7.12719298245614,7.78,2.05195563339171,2.7
config_CIN32_HIN14_WIN28_COUT32_K3_UFCIN4_UFCOU16_PAD1_STRIDE1_BIASTrue_conv2d_ACTIVATIONrelu_ap_fixed_32_10_,Overall,778432,7.784 ms,162,260,12080,30537,8.881578947368421,11.14,2.203736135434909,10.32
config_CIN32_HIN14_WIN28_COUT32_K3_UFCIN16_UFCOU2_PAD1_STRIDE1_BIASTrue_conv2d_ACTIVATIONrelu_ap_fixed_32_10_,Overall,2343296,23.433 ms,130,132,12593,26174,7.12719298245614,9.55,2.29732194979568,5.24
config_CIN32_HIN14_WIN28_COUT32_K3_UFCIN16_UFCOU4_PAD1_STRIDE1_BIASTrue_conv2d_ACTIVATIONrelu_ap_fixed_32_10_,Overall,1436992,14.370 ms,162,260,13007,31031,8.881578947368421,11.32,2.3728473438412143,10.32
config_CIN32_HIN14_WIN28_COUT32_K3_UFCIN16_UFCOU16_PAD1_STRIDE1_BIASTrue_conv2d_ACTIVATIONrelu_ap_fixed_32_10_,Overall,757264,7.573 ms,354,1028,15183,60791,19.407894736842106,22.18,2.76981173380035,40.79
config_CIN32_HIN14_WIN28_COUT96_K1_UFCIN2_UFCOU2_PAD1_STRIDE1_BIASTrue_conv2d_ACTIVATIONrelu_ap_fixed_32_10_,Overall,991460,9.915 ms,222,20,10790,18256,12.171052631578947,6.66,1.9684033858727377,0.79
config_CIN32_HIN14_WIN28_COUT96_K1_UFCIN2_UFCOU4_PAD1_STRIDE1_BIASTrue_conv2d_ACTIVATIONrelu_ap_fixed_32_10_,Overall,611300,6.113 ms,228,36,10966,19230,12.5,7.02,2.0005107997664915,1.43
config_CIN32_HIN14_WIN28_COUT96_K1_UFCIN2_UFCOU16_PAD1_STRIDE1_BIASTrue_conv2d_ACTIVATIONrelu_ap_fixed_32_10_,Overall,326180,3.262 ms,284,132,11616,24954,15.570175438596493,9.1,2.119089316987741,5.24
config_CIN32_HIN14_WIN28_COUT96_K1_UFCIN4_UFCOU2_PAD1_STRIDE1_BIASTrue_conv2d_ACTIVATIONrelu_ap_fixed_32_10_,Overall,987620,9.876 ms,222,36,11057,19137,12.171052631578947,6.98,2.0171117921774666,1.43
config_CIN32_HIN14_WIN28_COUT96_K1_UFCIN4_UFCOU4_PAD1_STRIDE1_BIASTrue_conv2d_ACTIVATIONrelu_ap_fixed_32_10_,Overall,607460,6.075 ms,236,68,11285,20719,12.938596491228072,7.56,2.05870548744892,2.7
config_CIN32_HIN14_WIN28_COUT96_K1_UFCIN4_UFCOU16_PAD1_STRIDE1_BIASTrue_conv2d_ACTIVATIONrelu_ap_fixed_32_10_,Overall,322340,3.223 ms,316,260,12207,30095,17.324561403508774,10.98,2.2269045534150615,10.32
config_CIN32_HIN14_WIN28_COUT96_K1_UFCIN16_UFCOU2_PAD1_STRIDE1_BIASTrue_conv2d_ACTIVATIONrelu_ap_fixed_32_10_,Overall,984740,9.847 ms,246,132,12615,24363,13.486842105263158,8.89,2.3013353765323994,5.24
config_CIN32_HIN14_WIN28_COUT96_K1_UFCIN16_UFCOU4_PAD1_STRIDE1_BIASTrue_conv2d_ACTIVATIONrelu_ap_fixed_32_10_,Overall,604580,6.046 ms,284,260,13155,29461,15.570175438596493,10.75,2.399846760070053,10.32
config_CIN32_HIN14_WIN28_COUT96_K1_UFCIN16_UFCOU16_PAD1_STRIDE1_BIASTrue_conv2d_ACTIVATIONrelu_ap_fixed_32_10_,Overall,319460,3.195 ms,252,1028,23901,61493,13.815789473684212,22.44,4.360223292469352,40.79
config_CIN32_HIN14_WIN28_COUT96_K3_UFCIN2_UFCOU2_PAD1_STRIDE1_BIASTrue_conv2d_ACTIVATIONrelu_ap_fixed_32_10_,Overall,6116336,61.163 ms,252,20,10812,18853,13.815789473684212,6.88,1.9724168126094572,0.79
config_CIN32_HIN14_WIN28_COUT96_K3_UFCIN2_UFCOU4_PAD1_STRIDE1_BIASTrue_conv2d_ACTIVATIONrelu_ap_fixed_32_10_,Overall,3397424,33.974 ms,262,36,10989,19829,14.364035087719298,7.23,2.0047066549912436,1.43
config_CIN32_HIN14_WIN28_COUT96_K3_UFCIN2_UFCOU16_PAD1_STRIDE1_BIASTrue_conv2d_ACTIVATIONrelu_ap_fixed_32_10_,Overall,1358240,13.582 ms,302,132,11641,25549,16.557017543859647,9.32,2.123650029188558,5.24
config_CIN32_HIN14_WIN28_COUT96_K3_UFCIN4_UFCOU2_PAD1_STRIDE1_BIASTrue_conv2d_ACTIVATIONrelu_ap_fixed_32_10_,Overall,6088112,60.881 ms,252,36,11079,19931,13.815789473684212,7.27,2.021125218914186,1.43
config_CIN32_HIN14_WIN28_COUT96_K3_UFCIN4_UFCOU4_PAD1_STRIDE1_BIASTrue_conv2d_ACTIVATIONrelu_ap_fixed_32_10_,Overall,3369200,33.692 ms,262,68,11308,21525,14.364035087719298,7.85,2.062901342673672,2.7
config_CIN32_HIN14_WIN28_COUT96_K3_UFCIN4_UFCOU16_PAD1_STRIDE1_BIASTrue_conv2d_ACTIVATIONrelu_ap_fixed_32_10_,Overall,1330016,13.300 ms,302,260,12232,30897,16.557017543859647,11.27,2.2314652656158787,10.32
config_CIN32_HIN14_WIN28_COUT96_K3_UFCIN16_UFCOU2_PAD1_STRIDE1_BIASTrue_conv2d_ACTIVATIONrelu_ap_fixed_32_10_,Overall,6066944,60.669 ms,252,132,12635,26481,13.815789473684212,9.66,2.304983946293053,5.24
config_CIN32_HIN14_WIN28_COUT96_K3_UFCIN16_UFCOU4_PAD1_STRIDE1_BIASTrue_conv2d_ACTIVATIONrelu_ap_fixed_32_10_,Overall,3348032,33.480 ms,262,260,13176,31615,14.364035087719298,11.53,2.403677758318739,10.32
config_CIN32_HIN14_WIN28_COUT96_K3_UFCIN16_UFCOU16_PAD1_STRIDE1_BIASTrue_conv2d_ACTIVATIONrelu_ap_fixed_32_10_,Overall,1308848,13.088 ms,494,1028,15732,61773,27.083333333333332,22.54,2.8699649737302977,40.79
config_CIN32_HIN14_WIN56_COUT32_K1_UFCIN2_UFCOU2_PAD1_STRIDE1_BIASTrue_conv2d_ACTIVATIONrelu_ap_fixed_32_10_,Overall,832235,8.322 ms,182,28,11174,17925,9.978070175438598,6.54,2.0384559252772916,1.11
config_CIN32_HIN14_WIN56_COUT32_K1_UFCIN2_UFCOU4_PAD1_STRIDE1_BIASTrue_conv2d_ACTIVATIONrelu_ap_fixed_32_10_,Overall,587243,5.872 ms,190,44,11280,18837,10.416666666666668,6.87,2.0577933450087564,1.75
config_CIN32_HIN14_WIN56_COUT32_K1_UFCIN2_UFCOU16_PAD1_STRIDE1_BIASTrue_conv2d_ACTIVATIONrelu_ap_fixed_32_10_,Overall,403499,4.035 ms,214,140,11899,24584,11.732456140350877,8.97,2.1707165791009926,5.56
config_CIN32_HIN14_WIN56_COUT32_K1_UFCIN4_UFCOU2_PAD1_STRIDE1_BIASTrue_conv2d_ACTIVATIONrelu_ap_fixed_32_10_,Overall,824811,8.248 ms,194,46,11596,18780,10.635964912280702,6.85,2.115440747227087,1.83
config_CIN32_HIN14_WIN56_COUT32_K1_UFCIN4_UFCOU4_PAD1_STRIDE1_BIASTrue_conv2d_ACTIVATIONrelu_ap_fixed_32_10_,Overall,579819,5.798 ms,206,78,11748,20300,11.293859649122808,7.41,2.143169877408056,3.1
config_CIN32_HIN14_WIN56_COUT32_K1_UFCIN4_UFCOU16_PAD1_STRIDE1_BIASTrue_conv2d_ACTIVATIONrelu_ap_fixed_32_10_,Overall,396075,3.961 ms,190,270,14659,30207,10.416666666666668,11.02,2.67421920607122,10.71
config_CIN32_HIN14_WIN56_COUT32_K1_UFCIN16_UFCOU2_PAD1_STRIDE1_BIASTrue_conv2d_ACTIVATIONrelu_ap_fixed_32_10_,Overall,819243,8.192 ms,218,154,14076,23822,11.951754385964913,8.69,2.567863397548161,6.11
config_CIN32_HIN14_WIN56_COUT32_K1_UFCIN16_UFCOU4_PAD1_STRIDE1_BIASTrue_conv2d_ACTIVATIONrelu_ap_fixed_32_10_,Overall,574251,5.743 ms,190,282,16552,29370,10.416666666666668,10.72,3.0195563339171043,11.19
config_CIN32_HIN14_WIN56_COUT32_K1_UFCIN16_UFCOU16_PAD1_STRIDE1_BIASTrue_conv2d_ACTIVATIONrelu_ap_fixed_32_10_,Overall,390507,3.905 ms,190,1050,25023,59861,10.416666666666668,21.84,4.564908056042031,41.67
config_CIN32_HIN14_WIN56_COUT32_K3_UFCIN2_UFCOU2_PAD1_STRIDE1_BIASTrue_conv2d_ACTIVATIONrelu_ap_fixed_32_10_,Overall,4773696,47.737 ms,200,20,10865,18792,10.964912280701753,6.86,1.9820855224751897,0.79
config_CIN32_HIN14_WIN56_COUT32_K3_UFCIN2_UFCOU4_PAD1_STRIDE1_BIASTrue_conv2d_ACTIVATIONrelu_ap_fixed_32_10_,Overall,2961088,29.611 ms,208,36,10975,19684,11.403508771929824,7.18,2.0021526561587857,1.43
config_CIN32_HIN14_WIN56_COUT32_K3_UFCIN2_UFCOU16_PAD1_STRIDE1_BIASTrue_conv2d_ACTIVATIONrelu_ap_fixed_32_10_,Overall,1601632,16.016 ms,208,132,11607,25306,11.403508771929824,9.23,2.1174474605954465,5.24
config_CIN32_HIN14_WIN56_COUT32_K3_UFCIN4_UFCOU2_PAD1_STRIDE1_BIASTrue_conv2d_ACTIVATIONrelu_ap_fixed_32_10_,Overall,4717248,47.172 ms,208,36,11127,19852,11.403508771929824,7.24,2.0298817863397547,1.43
config_CIN32_HIN14_WIN56_COUT32_K3_UFCIN4_UFCOU4_PAD1_STRIDE1_BIASTrue_conv2d_ACTIVATIONrelu_ap_fixed_32_10_,Overall,2904640,29.046 ms,216,68,11285,21364,11.842105263157894,7.79,2.05870548744892,2.7
config_CIN32_HIN14_WIN56_COUT32_K3_UFCIN4_UFCOU16_PAD1_STRIDE1_BIASTrue_conv2d_ACTIVATIONrelu_ap_fixed_32_10_,Overall,1545184,15.452 ms,248,260,12165,30562,13.596491228070176,11.15,2.219242556917688,10.32
config_CIN32_HIN14_WIN56_COUT32_K3_UFCIN16_UFCOU2_PAD1_STRIDE1_BIASTrue_conv2d_ACTIVATIONrelu_ap_fixed_32_10_,Overall,4674912,46.749 ms,208,132,12646,26170,11.403508771929824,9.55,2.306990659661413,5.24
config_CIN32_HIN14_WIN56_COUT32_K3_UFCIN16_UFCOU4_PAD1_STRIDE1_BIASTrue_conv2d_ACTIVATIONrelu_ap_fixed_32_10_,Overall,2862304,28.623 ms,248,260,13092,31068,13.596491228070176,11.34,2.388353765323993,10.32
config_CIN32_HIN14_WIN56_COUT32_K3_UFCIN16_UFCOU16_PAD1_STRIDE1_BIASTrue_conv2d_ACTIVATIONrelu_ap_fixed_32_10_,Overall,1502848,15.028 ms,440,1028,15460,60788,24.12280701754386,22.18,2.820344424985406,40.79
config_CIN32_HIN14_WIN56_COUT96_K1_UFCIN2_UFCOU2_PAD1_STRIDE1_BIASTrue_conv2d_ACTIVATIONrelu_ap_fixed_32_10_,Overall,1997163,19.972 ms,396,28,11152,18050,21.710526315789476,6.59,2.0344424985405722,1.11
config_CIN32_HIN14_WIN56_COUT96_K1_UFCIN2_UFCOU4_PAD1_STRIDE1_BIASTrue_conv2d_ACTIVATIONrelu_ap_fixed_32_10_,Overall,1262187,12.622 ms,398,44,11330,19009,21.820175438596493,6.94,2.066914769410391,1.75
config_CIN32_HIN14_WIN56_COUT96_K1_UFCIN2_UFCOU16_PAD1_STRIDE1_BIASTrue_conv2d_ACTIVATIONrelu_ap_fixed_32_10_,Overall,710955,7.110 ms,478,140,11998,24730,26.206140350877195,9.02,2.1887769994162287,5.56
config_CIN32_HIN14_WIN56_COUT96_K1_UFCIN4_UFCOU2_PAD1_STRIDE1_BIASTrue_conv2d_ACTIVATIONrelu_ap_fixed_32_10_,Overall,1989739,19.897 ms,404,46,11588,18935,22.149122807017545,6.91,2.1139813193228254,1.83
config_CIN32_HIN14_WIN56_COUT96_K1_UFCIN4_UFCOU4_PAD1_STRIDE1_BIASTrue_conv2d_ACTIVATIONrelu_ap_fixed_32_10_,Overall,1254763,12.548 ms,414,78,11820,20502,22.697368421052634,7.48,2.15630472854641,3.1
config_CIN32_HIN14_WIN56_COUT96_K1_UFCIN4_UFCOU16_PAD1_STRIDE1_BIASTrue_conv2d_ACTIVATIONrelu_ap_fixed_32_10_,Overall,703531,7.035 ms,518,270,12780,29871,28.399122807017545,10.9,2.3314360770577935,10.71
config_CIN32_HIN14_WIN56_COUT96_K1_UFCIN16_UFCOU2_PAD1_STRIDE1_BIASTrue_conv2d_ACTIVATIONrelu_ap_fixed_32_10_,Overall,1984171,19.842 ms,428,154,14154,24157,23.464912280701753,8.81,2.582092819614711,6.11
config_CIN32_HIN14_WIN56_COUT96_K1_UFCIN16_UFCOU4_PAD1_STRIDE1_BIASTrue_conv2d_ACTIVATIONrelu_ap_fixed_32_10_,Overall,1249195,12.492 ms,462,282,14710,29240,25.32894736842105,10.67,2.6835230589608874,11.19
config_CIN32_HIN14_WIN56_COUT96_K1_UFCIN16_UFCOU16_PAD1_STRIDE1_BIASTrue_conv2d_ACTIVATIONrelu_ap_fixed_32_10_,Overall,697963,6.980 ms,454,1050,25614,61241,24.890350877192983,22.34,4.672723292469351,41.67
config_CIN32_HIN14_WIN56_COUT96_K3_UFCIN2_UFCOU2_PAD1_STRIDE1_BIASTrue_conv2d_ACTIVATIONrelu_ap_fixed_32_10_,Overall,12197824,0.122 sec,410,20,10836,18894,22.478070175438596,6.89,1.9767950963222418,0.79
config_CIN32_HIN14_WIN56_COUT96_K3_UFCIN2_UFCOU4_PAD1_STRIDE1_BIASTrue_conv2d_ACTIVATIONrelu_ap_fixed_32_10_,Overall,6760000,67.600 ms,416,36,11018,19851,22.807017543859647,7.24,2.0099970811441916,1.43
config_CIN32_HIN14_WIN56_COUT96_K3_UFCIN2_UFCOU16_PAD1_STRIDE1_BIASTrue_conv2d_ACTIVATIONrelu_ap_fixed_32_10_,Overall,2681632,26.816 ms,488,132,11693,25590,26.75438596491228,9.34,2.1331363105662584,5.24
config_CIN32_HIN14_WIN56_COUT96_K3_UFCIN4_UFCOU2_PAD1_STRIDE1_BIASTrue_conv2d_ACTIVATIONrelu_ap_fixed_32_10_,Overall,12141376,0.121 sec,418,36,11108,19976,22.916666666666664,7.29,2.0264156450671336,1.43
config_CIN32_HIN14_WIN56_COUT96_K3_UFCIN4_UFCOU4_PAD1_STRIDE1_BIASTrue_conv2d_ACTIVATIONrelu_ap_fixed_32_10_,Overall,6703552,67.036 ms,424,68,11346,21551,23.24561403508772,7.86,2.069833625218914,2.7
config_CIN32_HIN14_WIN56_COUT96_K3_UFCIN4_UFCOU16_PAD1_STRIDE1_BIASTrue_conv2d_ACTIVATIONrelu_ap_fixed_32_10_,Overall,2625184,26.252 ms,496,260,12317,30942,27.192982456140353,11.29,2.2469716870986574,10.32
config_CIN32_HIN14_WIN56_COUT96_K3_UFCIN16_UFCOU2_PAD1_STRIDE1_BIASTrue_conv2d_ACTIVATIONrelu_ap_fixed_32_10_,Overall,12099040,0.121 sec,418,132,12688,26522,22.916666666666664,9.68,2.3146526561587857,5.24
config_CIN32_HIN14_WIN56_COUT96_K3_UFCIN16_UFCOU4_PAD1_STRIDE1_BIASTrue_conv2d_ACTIVATIONrelu_ap_fixed_32_10_,Overall,6661216,66.612 ms,424,260,13262,31637,23.24561403508772,11.54,2.4193666082895504,10.32
config_CIN32_HIN14_WIN56_COUT96_K3_UFCIN16_UFCOU16_PAD1_STRIDE1_BIASTrue_conv2d_ACTIVATIONrelu_ap_fixed_32_10_,Overall,2582848,25.828 ms,688,1028,16009,61814,37.719298245614034,22.55,2.920497664915353,40.79
config_CIN32_HIN28_WIN14_COUT32_K1_UFCIN2_UFCOU2_PAD1_STRIDE1_BIASTrue_conv2d_ACTIVATIONrelu_ap_fixed_32_10_,Overall,385664,3.857 ms,104,20,10812,18192,5.701754385964912,6.64,1.9724168126094572,0.79
config_CIN32_HIN28_WIN14_COUT32_K1_UFCIN2_UFCOU4_PAD1_STRIDE1_BIASTrue_conv2d_ACTIVATIONrelu_ap_fixed_32_10_,Overall,258944,2.589 ms,108,36,10918,19107,5.921052631578947,6.97,1.9917542323409223,1.43
config_CIN32_HIN28_WIN14_COUT32_K1_UFCIN2_UFCOU16_PAD1_STRIDE1_BIASTrue_conv2d_ACTIVATIONrelu_ap_fixed_32_10_,Overall,163904,1.639 ms,132,132,11521,24689,7.236842105263158,9.01,2.101758610624635,5.24
config_CIN32_HIN28_WIN14_COUT32_K1_UFCIN4_UFCOU2_PAD1_STRIDE1_BIASTrue_conv2d_ACTIVATIONrelu_ap_fixed_32_10_,Overall,381824,3.818 ms,108,36,11069,19059,5.921052631578947,6.95,2.019300934033859,1.43
config_CIN32_HIN28_WIN14_COUT32_K1_UFCIN4_UFCOU4_PAD1_STRIDE1_BIASTrue_conv2d_ACTIVATIONrelu_ap_fixed_32_10_,Overall,255104,2.551 ms,116,68,11219,20586,6.359649122807018,7.51,2.0466652072387626,2.7
config_CIN32_HIN28_WIN14_COUT32_K1_UFCIN4_UFCOU16_PAD1_STRIDE1_BIASTrue_conv2d_ACTIVATIONrelu_ap_fixed_32_10_,Overall,160064,1.601 ms,100,260,14094,30282,5.482456140350877,11.05,2.5711471103327495,10.32
config_CIN32_HIN28_WIN14_COUT32_K1_UFCIN16_UFCOU2_PAD1_STRIDE1_BIASTrue_conv2d_ACTIVATIONrelu_ap_fixed_32_10_,Overall,378944,3.789 ms,132,132,12566,24148,7.236842105263158,8.81,2.2923963806187975,5.24
config_CIN32_HIN28_WIN14_COUT32_K1_UFCIN16_UFCOU4_PAD1_STRIDE1_BIASTrue_conv2d_ACTIVATIONrelu_ap_fixed_32_10_,Overall,252224,2.522 ms,100,260,15028,29727,5.482456140350877,10.85,2.7415353181552833,10.32
config_CIN32_HIN28_WIN14_COUT32_K1_UFCIN16_UFCOU16_PAD1_STRIDE1_BIASTrue_conv2d_ACTIVATIONrelu_ap_fixed_32_10_,Overall,157184,1.572 ms,100,1028,23343,59731,5.482456140350877,21.79,4.25842819614711,40.79
config_CIN32_HIN28_WIN14_COUT32_K3_UFCIN2_UFCOU2_PAD1_STRIDE1_BIASTrue_conv2d_ACTIVATIONrelu_ap_fixed_32_10_,Overall,2392716,23.927 ms,130,20,10842,18759,7.12719298245614,6.84,1.977889667250438,0.79
config_CIN32_HIN28_WIN14_COUT32_K3_UFCIN2_UFCOU4_PAD1_STRIDE1_BIASTrue_conv2d_ACTIVATIONrelu_ap_fixed_32_10_,Overall,1486412,14.864 ms,130,36,10948,19678,7.12719298245614,7.18,1.9972270869819029,1.43
config_CIN32_HIN28_WIN14_COUT32_K3_UFCIN2_UFCOU16_PAD1_STRIDE1_BIASTrue_conv2d_ACTIVATIONrelu_ap_fixed_32_10_,Overall,806684,8.067 ms,130,132,11557,25286,7.12719298245614,9.23,2.1083260361938123,5.24
config_CIN32_HIN28_WIN14_COUT32_K3_UFCIN4_UFCOU2_PAD1_STRIDE1_BIASTrue_conv2d_ACTIVATIONrelu_ap_fixed_32_10_,Overall,2364492,23.645 ms,130,36,11099,19823,7.12719298245614,7.23,2.0247737886748394,1.43
config_CIN32_HIN28_WIN14_COUT32_K3_UFCIN4_UFCOU4_PAD1_STRIDE1_BIASTrue_conv2d_ACTIVATIONrelu_ap_fixed_32_10_,Overall,1458188,14.582 ms,130,68,11249,21374,7.12719298245614,7.8,2.0521380618797433,2.7
config_CIN32_HIN28_WIN14_COUT32_K3_UFCIN4_UFCOU16_PAD1_STRIDE1_BIASTrue_conv2d_ACTIVATIONrelu_ap_fixed_32_10_,Overall,778460,7.785 ms,162,260,12082,30552,8.881578947368421,11.15,2.2041009924109747,10.32
config_CIN32_HIN28_WIN14_COUT32_K3_UFCIN16_UFCOU2_PAD1_STRIDE1_BIASTrue_conv2d_ACTIVATIONrelu_ap_fixed_32_10_,Overall,2343324,23.433 ms,130,132,12595,26140,7.12719298245614,9.54,2.2976868067717455,5.24
config_CIN32_HIN28_WIN14_COUT32_K3_UFCIN16_UFCOU4_PAD1_STRIDE1_BIASTrue_conv2d_ACTIVATIONrelu_ap_fixed_32_10_,Overall,1437020,14.370 ms,162,260,13009,31149,8.881578947368421,11.36,2.37321220081728,10.32
config_CIN32_HIN28_WIN14_COUT32_K3_UFCIN16_UFCOU16_PAD1_STRIDE1_BIASTrue_conv2d_ACTIVATIONrelu_ap_fixed_32_10_,Overall,757292,7.573 ms,354,1028,15186,60813,19.407894736842106,22.19,2.7703590192644483,40.79
config_CIN32_HIN28_WIN14_COUT96_K1_UFCIN2_UFCOU2_PAD1_STRIDE1_BIASTrue_conv2d_ACTIVATIONrelu_ap_fixed_32_10_,Overall,991488,9.915 ms,222,20,10783,18306,12.171052631578947,6.68,1.9671263864565092,0.79
config_CIN32_HIN28_WIN14_COUT96_K1_UFCIN2_UFCOU4_PAD1_STRIDE1_BIASTrue_conv2d_ACTIVATIONrelu_ap_fixed_32_10_,Overall,611328,6.113 ms,228,36,10960,19288,12.5,7.04,1.9994162288382953,1.43
config_CIN32_HIN28_WIN14_COUT96_K1_UFCIN2_UFCOU16_PAD1_STRIDE1_BIASTrue_conv2d_ACTIVATIONrelu_ap_fixed_32_10_,Overall,326208,3.262 ms,284,132,11612,25006,15.570175438596493,9.12,2.11835960303561,5.24
config_CIN32_HIN28_WIN14_COUT96_K1_UFCIN4_UFCOU2_PAD1_STRIDE1_BIASTrue_conv2d_ACTIVATIONrelu_ap_fixed_32_10_,Overall,987648,9.876 ms,222,36,11050,19199,12.171052631578947,7.0,2.0158347927612374,1.43
config_CIN32_HIN28_WIN14_COUT96_K1_UFCIN4_UFCOU4_PAD1_STRIDE1_BIASTrue_conv2d_ACTIVATIONrelu_ap_fixed_32_10_,Overall,607488,6.075 ms,236,68,11279,20793,12.938596491228072,7.59,2.0576109165207237,2.7
config_CIN32_HIN28_WIN14_COUT96_K1_UFCIN4_UFCOU16_PAD1_STRIDE1_BIASTrue_conv2d_ACTIVATIONrelu_ap_fixed_32_10_,Overall,322368,3.224 ms,316,260,12203,30163,17.324561403508774,11.01,2.2261748394629306,10.32
config_CIN32_HIN28_WIN14_COUT96_K1_UFCIN16_UFCOU2_PAD1_STRIDE1_BIASTrue_conv2d_ACTIVATIONrelu_ap_fixed_32_10_,Overall,984768,9.848 ms,246,132,12609,24444,13.486842105263158,8.92,2.300240805604203,5.24
config_CIN32_HIN28_WIN14_COUT96_K1_UFCIN16_UFCOU4_PAD1_STRIDE1_BIASTrue_conv2d_ACTIVATIONrelu_ap_fixed_32_10_,Overall,604608,6.046 ms,284,260,13150,29578,15.570175438596493,10.79,2.398934617629889,10.32
config_CIN32_HIN28_WIN14_COUT96_K1_UFCIN16_UFCOU16_PAD1_STRIDE1_BIASTrue_conv2d_ACTIVATIONrelu_ap_fixed_32_10_,Overall,319488,3.195 ms,252,1028,23898,61604,13.815789473684212,22.48,4.359676007005254,40.79
config_CIN32_HIN28_WIN14_COUT96_K3_UFCIN2_UFCOU2_PAD1_STRIDE1_BIASTrue_conv2d_ACTIVATIONrelu_ap_fixed_32_10_,Overall,6116364,61.164 ms,252,20,10812,18865,13.815789473684212,6.88,1.9724168126094572,0.79
config_CIN32_HIN28_WIN14_COUT96_K3_UFCIN2_UFCOU4_PAD1_STRIDE1_BIASTrue_conv2d_ACTIVATIONrelu_ap_fixed_32_10_,Overall,3397452,33.975 ms,262,36,10990,19832,14.364035087719298,7.24,2.0048890834792763,1.43
config_CIN32_HIN28_WIN14_COUT96_K3_UFCIN2_UFCOU16_PAD1_STRIDE1_BIASTrue_conv2d_ACTIVATIONrelu_ap_fixed_32_10_,Overall,1358268,13.583 ms,302,132,11642,25582,16.557017543859647,9.33,2.123832457676591,5.24
config_CIN32_HIN28_WIN14_COUT96_K3_UFCIN4_UFCOU2_PAD1_STRIDE1_BIASTrue_conv2d_ACTIVATIONrelu_ap_fixed_32_10_,Overall,6088140,60.881 ms,252,36,11079,19947,13.815789473684212,7.28,2.021125218914186,1.43
config_CIN32_HIN28_WIN14_COUT96_K3_UFCIN4_UFCOU4_PAD1_STRIDE1_BIASTrue_conv2d_ACTIVATIONrelu_ap_fixed_32_10_,Overall,3369228,33.692 ms,262,68,11309,21536,14.364035087719298,7.86,2.0630837711617045,2.7
config_CIN32_HIN28_WIN14_COUT96_K3_UFCIN4_UFCOU16_PAD1_STRIDE1_BIASTrue_conv2d_ACTIVATIONrelu_ap_fixed_32_10_,Overall,1330044,13.300 ms,302,260,12233,30950,16.557017543859647,11.29,2.2316476941039114,10.32
config_CIN32_HIN28_WIN14_COUT96_K3_UFCIN16_UFCOU2_PAD1_STRIDE1_BIASTrue_conv2d_ACTIVATIONrelu_ap_fixed_32_10_,Overall,6066972,60.670 ms,252,132,12636,26468,13.815789473684212,9.66,2.305166374781086,5.24
config_CIN32_HIN28_WIN14_COUT96_K3_UFCIN16_UFCOU4_PAD1_STRIDE1_BIASTrue_conv2d_ACTIVATIONrelu_ap_fixed_32_10_,Overall,3348060,33.481 ms,262,260,13178,31621,14.364035087719298,11.54,2.4040426152948045,10.32
config_CIN32_HIN28_WIN14_COUT96_K3_UFCIN16_UFCOU16_PAD1_STRIDE1_BIASTrue_conv2d_ACTIVATIONrelu_ap_fixed_32_10_,Overall,1308876,13.089 ms,494,1028,15734,61893,27.083333333333332,22.58,2.870329830706363,40.79
config_CIN32_HIN28_WIN28_COUT32_K1_UFCIN2_UFCOU2_PAD1_STRIDE1_BIASTrue_conv2d_ACTIVATIONrelu_ap_fixed_32_10_,Overall,721608,7.216 ms,182,20,10821,18332,9.978070175438598,6.69,1.9740586690017512,0.79
config_CIN32_HIN28_WIN28_COUT32_K1_UFCIN2_UFCOU4_PAD1_STRIDE1_BIASTrue_conv2d_ACTIVATIONrelu_ap_fixed_32_10_,Overall,484008,4.840 ms,190,36,10931,19263,10.416666666666668,7.03,1.9941258026853474,1.43
config_CIN32_HIN28_WIN28_COUT32_K1_UFCIN2_UFCOU16_PAD1_STRIDE1_BIASTrue_conv2d_ACTIVATIONrelu_ap_fixed_32_10_,Overall,305808,3.058 ms,214,132,11564,24859,11.732456140350877,9.07,2.1096030356100406,5.24
config_CIN32_HIN28_WIN28_COUT32_K1_UFCIN4_UFCOU2_PAD1_STRIDE1_BIASTrue_conv2d_ACTIVATIONrelu_ap_fixed_32_10_,Overall,714408,7.144 ms,194,36,11083,19267,10.635964912280702,7.03,2.0218549328663165,1.43
config_CIN32_HIN28_WIN28_COUT32_K1_UFCIN4_UFCOU4_PAD1_STRIDE1_BIASTrue_conv2d_ACTIVATIONrelu_ap_fixed_32_10_,Overall,476808,4.768 ms,206,68,11241,20814,11.293859649122808,7.59,2.050678633975482,2.7
config_CIN32_HIN28_WIN28_COUT32_K1_UFCIN4_UFCOU16_PAD1_STRIDE1_BIASTrue_conv2d_ACTIVATIONrelu_ap_fixed_32_10_,Overall,298608,2.986 ms,190,260,14170,30526,10.416666666666668,11.14,2.5850116754232344,10.32
config_CIN32_HIN28_WIN28_COUT32_K1_UFCIN16_UFCOU2_PAD1_STRIDE1_BIASTrue_conv2d_ACTIVATIONrelu_ap_fixed_32_10_,Overall,709008,7.090 ms,218,132,12604,24736,11.951754385964913,9.03,2.2993286631640397,5.24
config_CIN32_HIN28_WIN28_COUT32_K1_UFCIN16_UFCOU4_PAD1_STRIDE1_BIASTrue_conv2d_ACTIVATIONrelu_ap_fixed_32_10_,Overall,471408,4.714 ms,190,260,15098,30359,10.416666666666668,11.08,2.7543053123175714,10.32
config_CIN32_HIN28_WIN28_COUT32_K1_UFCIN16_UFCOU16_PAD1_STRIDE1_BIASTrue_conv2d_ACTIVATIONrelu_ap_fixed_32_10_,Overall,293208,2.932 ms,190,1028,23611,60391,10.416666666666668,22.03,4.307319030939871,40.79
config_CIN32_HIN28_WIN28_COUT32_K3_UFCIN2_UFCOU2_PAD1_STRIDE1_BIASTrue_conv2d_ACTIVATIONrelu_ap_fixed_32_10_,Overall,4773724,47.737 ms,200,20,10866,18773,10.964912280701753,6.85,1.9822679509632224,0.79
config_CIN32_HIN28_WIN28_COUT32_K3_UFCIN2_UFCOU4_PAD1_STRIDE1_BIASTrue_conv2d_ACTIVATIONrelu_ap_fixed_32_10_,Overall,2961116,29.611 ms,208,36,10976,19704,11.403508771929824,7.19,2.0023350846468184,1.43
config_CIN32_HIN28_WIN28_COUT32_K3_UFCIN2_UFCOU16_PAD1_STRIDE1_BIASTrue_conv2d_ACTIVATIONrelu_ap_fixed_32_10_,Overall,1601660,16.017 ms,208,132,11609,25300,11.403508771929824,9.23,2.117812317571512,5.24
config_CIN32_HIN28_WIN28_COUT32_K3_UFCIN4_UFCOU2_PAD1_STRIDE1_BIASTrue_conv2d_ACTIVATIONrelu_ap_fixed_32_10_,Overall,4717276,47.173 ms,208,36,11128,19837,11.403508771929824,7.24,2.030064214827788,1.43
config_CIN32_HIN28_WIN28_COUT32_K3_UFCIN4_UFCOU4_PAD1_STRIDE1_BIASTrue_conv2d_ACTIVATIONrelu_ap_fixed_32_10_,Overall,2904668,29.047 ms,216,68,11286,21404,11.842105263157894,7.81,2.0588879159369524,2.7
config_CIN32_HIN28_WIN28_COUT32_K3_UFCIN4_UFCOU16_PAD1_STRIDE1_BIASTrue_conv2d_ACTIVATIONrelu_ap_fixed_32_10_,Overall,1545212,15.452 ms,248,260,12167,30566,13.596491228070176,11.15,2.2196074138937534,10.32
config_CIN32_HIN28_WIN28_COUT32_K3_UFCIN16_UFCOU2_PAD1_STRIDE1_BIASTrue_conv2d_ACTIVATIONrelu_ap_fixed_32_10_,Overall,4674940,46.749 ms,208,132,12648,26126,11.403508771929824,9.53,2.307355516637478,5.24
config_CIN32_HIN28_WIN28_COUT32_K3_UFCIN16_UFCOU4_PAD1_STRIDE1_BIASTrue_conv2d_ACTIVATIONrelu_ap_fixed_32_10_,Overall,2862332,28.623 ms,248,260,13094,31175,13.596491228070176,11.37,2.3887186223000585,10.32
config_CIN32_HIN28_WIN28_COUT32_K3_UFCIN16_UFCOU16_PAD1_STRIDE1_BIASTrue_conv2d_ACTIVATIONrelu_ap_fixed_32_10_,Overall,1502876,15.029 ms,440,1028,15463,60799,24.12280701754386,22.18,2.8208917104495037,40.79
config_CIN32_HIN28_WIN28_COUT96_K1_UFCIN2_UFCOU2_PAD1_STRIDE1_BIASTrue_conv2d_ACTIVATIONrelu_ap_fixed_32_10_,Overall,1851592,18.516 ms,394,20,10792,18440,21.600877192982455,6.73,1.9687682428488031,0.79
config_CIN32_HIN28_WIN28_COUT96_K1_UFCIN2_UFCOU4_PAD1_STRIDE1_BIASTrue_conv2d_ACTIVATIONrelu_ap_fixed_32_10_,Overall,1138792,11.388 ms,396,36,10973,19426,21.710526315789476,7.09,2.00178779918272,1.43
config_CIN32_HIN28_WIN28_COUT96_K1_UFCIN2_UFCOU16_PAD1_STRIDE1_BIASTrue_conv2d_ACTIVATIONrelu_ap_fixed_32_10_,Overall,604192,6.042 ms,476,132,11649,25164,26.096491228070175,9.18,2.1251094570928197,5.24
config_CIN32_HIN28_WIN28_COUT96_K1_UFCIN4_UFCOU2_PAD1_STRIDE1_BIASTrue_conv2d_ACTIVATIONrelu_ap_fixed_32_10_,Overall,1844392,18.444 ms,402,36,11064,19401,22.039473684210524,7.08,2.0183887915936953,1.43
config_CIN32_HIN28_WIN28_COUT96_K1_UFCIN4_UFCOU4_PAD1_STRIDE1_BIASTrue_conv2d_ACTIVATIONrelu_ap_fixed_32_10_,Overall,1131592,11.316 ms,412,68,11301,20999,22.587719298245617,7.66,2.061624343257443,2.7
config_CIN32_HIN28_WIN28_COUT96_K1_UFCIN4_UFCOU16_PAD1_STRIDE1_BIASTrue_conv2d_ACTIVATIONrelu_ap_fixed_32_10_,Overall,596992,5.970 ms,516,260,12273,30393,28.289473684210524,11.09,2.2389448336252187,10.32
config_CIN32_HIN28_WIN28_COUT96_K1_UFCIN16_UFCOU2_PAD1_STRIDE1_BIASTrue_conv2d_ACTIVATIONrelu_ap_fixed_32_10_,Overall,1838992,18.390 ms,426,132,12647,25026,23.355263157894736,9.13,2.307173088149445,5.24
config_CIN32_HIN28_WIN28_COUT96_K1_UFCIN16_UFCOU4_PAD1_STRIDE1_BIASTrue_conv2d_ACTIVATIONrelu_ap_fixed_32_10_,Overall,1126192,11.262 ms,460,260,13220,30164,25.219298245614034,11.01,2.4117046117921777,10.32
config_CIN32_HIN28_WIN28_COUT96_K1_UFCIN16_UFCOU16_PAD1_STRIDE1_BIASTrue_conv2d_ACTIVATIONrelu_ap_fixed_32_10_,Overall,591592,5.916 ms,452,1028,24160,62238,24.780701754385966,22.71,4.407472270869818,40.79
config_CIN32_HIN28_WIN28_COUT96_K3_UFCIN2_UFCOU2_PAD1_STRIDE1_BIASTrue_conv2d_ACTIVATIONrelu_ap_fixed_32_10_,Overall,12197852,0.122 sec,410,20,10837,18876,22.478070175438596,6.89,1.9769775248102743,0.79
config_CIN32_HIN28_WIN28_COUT96_K3_UFCIN2_UFCOU4_PAD1_STRIDE1_BIASTrue_conv2d_ACTIVATIONrelu_ap_fixed_32_10_,Overall,6760028,67.600 ms,416,36,11018,19862,22.807017543859647,7.25,2.0099970811441916,1.43
config_CIN32_HIN28_WIN28_COUT96_K3_UFCIN2_UFCOU16_PAD1_STRIDE1_BIASTrue_conv2d_ACTIVATIONrelu_ap_fixed_32_10_,Overall,2681660,26.817 ms,488,132,11694,25612,26.75438596491228,9.34,2.1333187390542907,5.24
config_CIN32_HIN28_WIN28_COUT96_K3_UFCIN4_UFCOU2_PAD1_STRIDE1_BIASTrue_conv2d_ACTIVATIONrelu_ap_fixed_32_10_,Overall,12141404,0.121 sec,418,36,11109,19962,22.916666666666664,7.28,2.0265980735551663,1.43
config_CIN32_HIN28_WIN28_COUT96_K3_UFCIN4_UFCOU4_PAD1_STRIDE1_BIASTrue_conv2d_ACTIVATIONrelu_ap_fixed_32_10_,Overall,6703580,67.036 ms,424,68,11346,21570,23.24561403508772,7.87,2.069833625218914,2.7
config_CIN32_HIN28_WIN28_COUT96_K3_UFCIN4_UFCOU16_PAD1_STRIDE1_BIASTrue_conv2d_ACTIVATIONrelu_ap_fixed_32_10_,Overall,2625212,26.252 ms,496,260,12318,30984,27.192982456140353,11.3,2.24715411558669,10.32
config_CIN32_HIN28_WIN28_COUT96_K3_UFCIN16_UFCOU2_PAD1_STRIDE1_BIASTrue_conv2d_ACTIVATIONrelu_ap_fixed_32_10_,Overall,12099068,0.121 sec,418,132,12690,26479,22.916666666666664,9.66,2.315017513134851,5.24
config_CIN32_HIN28_WIN28_COUT96_K3_UFCIN16_UFCOU4_PAD1_STRIDE1_BIASTrue_conv2d_ACTIVATIONrelu_ap_fixed_32_10_,Overall,6661244,66.612 ms,424,260,13263,31651,23.24561403508772,11.55,2.419549036777583,10.32
config_CIN32_HIN28_WIN28_COUT96_K3_UFCIN16_UFCOU16_PAD1_STRIDE1_BIASTrue_conv2d_ACTIVATIONrelu_ap_fixed_32_10_,Overall,2582876,25.829 ms,688,1028,16011,61923,37.719298245614034,22.59,2.9208625218914186,40.79
config_CIN32_HIN28_WIN56_COUT32_K1_UFCIN2_UFCOU2_PAD1_STRIDE1_BIASTrue_conv2d_ACTIVATIONrelu_ap_fixed_32_10_,Overall,1560543,15.605 ms,316,28,11230,18103,17.324561403508774,6.61,2.0486719206071218,1.11
config_CIN32_HIN28_WIN56_COUT32_K1_UFCIN2_UFCOU4_PAD1_STRIDE1_BIASTrue_conv2d_ACTIVATIONrelu_ap_fixed_32_10_,Overall,1101183,11.012 ms,328,44,11341,19009,17.982456140350877,6.94,2.0689214827787508,1.75
config_CIN32_HIN28_WIN56_COUT32_K1_UFCIN2_UFCOU16_PAD1_STRIDE1_BIASTrue_conv2d_ACTIVATIONrelu_ap_fixed_32_10_,Overall,756663,7.567 ms,368,140,11991,24678,20.175438596491226,9.0,2.1875,5.56
config_CIN32_HIN28_WIN56_COUT32_K1_UFCIN4_UFCOU2_PAD1_STRIDE1_BIASTrue_conv2d_ACTIVATIONrelu_ap_fixed_32_10_,Overall,1546623,15.466 ms,332,46,11657,18994,18.201754385964914,6.93,2.126568884997081,1.83
config_CIN32_HIN28_WIN56_COUT32_K1_UFCIN4_UFCOU4_PAD1_STRIDE1_BIASTrue_conv2d_ACTIVATIONrelu_ap_fixed_32_10_,Overall,1087263,10.873 ms,348,78,11818,20506,19.078947368421055,7.48,2.1559398715703444,3.1
config_CIN32_HIN28_WIN56_COUT32_K1_UFCIN4_UFCOU16_PAD1_STRIDE1_BIASTrue_conv2d_ACTIVATIONrelu_ap_fixed_32_10_,Overall,742743,7.427 ms,348,270,14784,30309,19.078947368421055,11.06,2.6970227670753064,10.71
config_CIN32_HIN28_WIN56_COUT32_K1_UFCIN16_UFCOU2_PAD1_STRIDE1_BIASTrue_conv2d_ACTIVATIONrelu_ap_fixed_32_10_,Overall,1536183,15.362 ms,372,154,14162,24227,20.394736842105264,8.84,2.5835522475189725,6.11
config_CIN32_HIN28_WIN56_COUT32_K1_UFCIN16_UFCOU4_PAD1_STRIDE1_BIASTrue_conv2d_ACTIVATIONrelu_ap_fixed_32_10_,Overall,1076823,10.768 ms,348,282,16671,29755,19.078947368421055,10.86,3.0412653239929948,11.19
config_CIN32_HIN28_WIN56_COUT32_K1_UFCIN16_UFCOU16_PAD1_STRIDE1_BIASTrue_conv2d_ACTIVATIONrelu_ap_fixed_32_10_,Overall,732303,7.323 ms,364,1050,25341,59986,19.956140350877195,21.89,4.622920315236427,41.67
config_CIN32_HIN28_WIN56_COUT32_K3_UFCIN2_UFCOU2_PAD1_STRIDE1_BIASTrue_conv2d_ACTIVATIONrelu_ap_fixed_32_10_,Overall,9535740,95.357 ms,332,20,10890,18810,18.201754385964914,6.86,1.986646234676007,0.79
config_CIN32_HIN28_WIN56_COUT32_K3_UFCIN2_UFCOU4_PAD1_STRIDE1_BIASTrue_conv2d_ACTIVATIONrelu_ap_fixed_32_10_,Overall,5910524,59.105 ms,344,36,11004,19730,18.859649122807017,7.2,2.0074430823117337,1.43
config_CIN32_HIN28_WIN56_COUT32_K3_UFCIN2_UFCOU16_PAD1_STRIDE1_BIASTrue_conv2d_ACTIVATIONrelu_ap_fixed_32_10_,Overall,3191612,31.916 ms,360,132,11661,25338,19.736842105263158,9.24,2.1272985989492117,5.24
config_CIN32_HIN28_WIN56_COUT32_K3_UFCIN4_UFCOU2_PAD1_STRIDE1_BIASTrue_conv2d_ACTIVATIONrelu_ap_fixed_32_10_,Overall,9422844,94.228 ms,344,36,11157,19870,18.859649122807017,7.25,2.0353546409807355,1.43
config_CIN32_HIN28_WIN56_COUT32_K3_UFCIN4_UFCOU4_PAD1_STRIDE1_BIASTrue_conv2d_ACTIVATIONrelu_ap_fixed_32_10_,Overall,5797628,57.976 ms,356,68,11323,21422,19.517543859649123,7.82,2.0656377699941624,2.7
config_CIN32_HIN28_WIN56_COUT32_K3_UFCIN4_UFCOU16_PAD1_STRIDE1_BIASTrue_conv2d_ACTIVATIONrelu_ap_fixed_32_10_,Overall,3078716,30.787 ms,404,260,12252,30600,22.149122807017545,11.16,2.2351138353765325,10.32
config_CIN32_HIN28_WIN56_COUT32_K3_UFCIN16_UFCOU2_PAD1_STRIDE1_BIASTrue_conv2d_ACTIVATIONrelu_ap_fixed_32_10_,Overall,9338172,93.382 ms,360,132,12701,26163,19.736842105263158,9.55,2.317024226503211,5.24
config_CIN32_HIN28_WIN56_COUT32_K3_UFCIN16_UFCOU4_PAD1_STRIDE1_BIASTrue_conv2d_ACTIVATIONrelu_ap_fixed_32_10_,Overall,5712956,57.130 ms,404,260,13179,31173,22.149122807017545,11.37,2.404225043782837,10.32
config_CIN32_HIN28_WIN56_COUT32_K3_UFCIN16_UFCOU16_PAD1_STRIDE1_BIASTrue_conv2d_ACTIVATIONrelu_ap_fixed_32_10_,Overall,2994044,29.940 ms,612,1028,15740,60837,33.55263157894737,22.2,2.871424401634559,40.79
config_CIN32_HIN28_WIN56_COUT96_K1_UFCIN2_UFCOU2_PAD1_STRIDE1_BIASTrue_conv2d_ACTIVATIONrelu_ap_fixed_32_10_,Overall,3738847,37.388 ms,720,28,11206,18243,39.473684210526315,6.66,2.0442936368943374,1.11
config_CIN32_HIN28_WIN56_COUT96_K1_UFCIN2_UFCOU4_PAD1_STRIDE1_BIASTrue_conv2d_ACTIVATIONrelu_ap_fixed_32_10_,Overall,2360767,23.608 ms,734,44,11389,19196,40.24122807017544,7.0,2.07767805020432,1.75
config_CIN32_HIN28_WIN56_COUT96_K1_UFCIN2_UFCOU16_PAD1_STRIDE1_BIASTrue_conv2d_ACTIVATIONrelu_ap_fixed_32_10_,Overall,1327207,13.272 ms,822,140,12083,24905,45.06578947368421,9.09,2.2042834208990074,5.56
config_CIN32_HIN28_WIN56_COUT96_K1_UFCIN4_UFCOU2_PAD1_STRIDE1_BIASTrue_conv2d_ACTIVATIONrelu_ap_fixed_32_10_,Overall,3724927,37.249 ms,732,46,11647,19168,40.131578947368425,6.99,2.1247446001167543,1.83
config_CIN32_HIN28_WIN56_COUT96_K1_UFCIN4_UFCOU4_PAD1_STRIDE1_BIASTrue_conv2d_ACTIVATIONrelu_ap_fixed_32_10_,Overall,2346847,23.468 ms,754,78,11888,20727,41.33771929824561,7.56,2.168709865732633,3.1
config_CIN32_HIN28_WIN56_COUT96_K1_UFCIN4_UFCOU16_PAD1_STRIDE1_BIASTrue_conv2d_ACTIVATIONrelu_ap_fixed_32_10_,Overall,1313287,13.133 ms,866,270,12898,30080,47.478070175438596,10.97,2.3529626386456512,10.71
config_CIN32_HIN28_WIN56_COUT96_K1_UFCIN16_UFCOU2_PAD1_STRIDE1_BIASTrue_conv2d_ACTIVATIONrelu_ap_fixed_32_10_,Overall,3714487,37.145 ms,772,154,14238,24605,42.32456140350877,8.98,2.597416812609457,6.11
config_CIN32_HIN28_WIN56_COUT96_K1_UFCIN16_UFCOU4_PAD1_STRIDE1_BIASTrue_conv2d_ACTIVATIONrelu_ap_fixed_32_10_,Overall,2336407,23.364 ms,818,282,14827,29668,44.84649122807017,10.82,2.7048671920607124,11.19
config_CIN32_HIN28_WIN56_COUT96_K1_UFCIN16_UFCOU16_PAD1_STRIDE1_BIASTrue_conv2d_ACTIVATIONrelu_ap_fixed_32_10_,Overall,1302847,13.028 ms,818,1050,25925,61629,44.84649122807017,22.49,4.729458552247519,41.67
config_CIN32_HIN28_WIN56_COUT96_K3_UFCIN2_UFCOU2_PAD1_STRIDE1_BIASTrue_conv2d_ACTIVATIONrelu_ap_fixed_32_10_,Overall,24360828,0.244 sec,718,20,10861,18930,39.364035087719294,6.91,1.981355808523059,0.79
config_CIN32_HIN28_WIN56_COUT96_K3_UFCIN2_UFCOU4_PAD1_STRIDE1_BIASTrue_conv2d_ACTIVATIONrelu_ap_fixed_32_10_,Overall,13485180,0.135 sec,728,36,11047,19885,39.91228070175439,7.26,2.0152875072971397,1.43
config_CIN32_HIN28_WIN56_COUT96_K3_UFCIN2_UFCOU16_PAD1_STRIDE1_BIASTrue_conv2d_ACTIVATIONrelu_ap_fixed_32_10_,Overall,5328444,53.284 ms,792,132,11746,25642,43.42105263157895,9.36,2.1428050204319904,5.24
config_CIN32_HIN28_WIN56_COUT96_K3_UFCIN4_UFCOU2_PAD1_STRIDE1_BIASTrue_conv2d_ACTIVATIONrelu_ap_fixed_32_10_,Overall,24247932,0.242 sec,730,36,11138,20016,40.021929824561404,7.3,2.0318884997081144,1.43
config_CIN32_HIN28_WIN56_COUT96_K3_UFCIN4_UFCOU4_PAD1_STRIDE1_BIASTrue_conv2d_ACTIVATIONrelu_ap_fixed_32_10_,Overall,13372284,0.134 sec,740,68,11384,21589,40.57017543859649,7.88,2.0767659077641563,2.7
config_CIN32_HIN28_WIN56_COUT96_K3_UFCIN4_UFCOU16_PAD1_STRIDE1_BIASTrue_conv2d_ACTIVATIONrelu_ap_fixed_32_10_,Overall,5215548,52.155 ms,804,260,12403,31006,44.07894736842105,11.31,2.262660537069469,10.32
config_CIN32_HIN28_WIN56_COUT96_K3_UFCIN16_UFCOU2_PAD1_STRIDE1_BIASTrue_conv2d_ACTIVATIONrelu_ap_fixed_32_10_,Overall,24163260,0.242 sec,746,132,12743,26561,40.89912280701755,9.69,2.3246862230005836,5.24
config_CIN32_HIN28_WIN56_COUT96_K3_UFCIN16_UFCOU4_PAD1_STRIDE1_BIASTrue_conv2d_ACTIVATIONrelu_ap_fixed_32_10_,Overall,13287612,0.133 sec,756,260,13349,31674,41.44736842105263,11.56,2.4352378867483946,10.32
config_CIN32_HIN28_WIN56_COUT96_K3_UFCIN16_UFCOU16_PAD1_STRIDE1_BIASTrue_conv2d_ACTIVATIONrelu_ap_fixed_32_10_,Overall,5130876,51.309 ms,1012,1028,16288,61925,55.48245614035088,22.59,2.971395213076474,40.79
config_CIN32_HIN56_WIN14_COUT32_K1_UFCIN2_UFCOU2_PAD1_STRIDE1_BIASTrue_conv2d_ACTIVATIONrelu_ap_fixed_32_10_,Overall,832319,8.323 ms,182,26,11298,18266,9.978070175438598,6.66,2.0610770577933453,1.03
config_CIN32_HIN56_WIN14_COUT32_K1_UFCIN2_UFCOU4_PAD1_STRIDE1_BIASTrue_conv2d_ACTIVATIONrelu_ap_fixed_32_10_,Overall,587327,5.873 ms,190,42,11405,19172,10.416666666666668,7.0,2.080596906012843,1.67
config_CIN32_HIN56_WIN14_COUT32_K1_UFCIN2_UFCOU16_PAD1_STRIDE1_BIASTrue_conv2d_ACTIVATIONrelu_ap_fixed_32_10_,Overall,314490,3.145 ms,214,133,11733,24788,11.732456140350877,9.04,2.1404334500875657,5.28
config_CIN32_HIN56_WIN14_COUT32_K1_UFCIN4_UFCOU2_PAD1_STRIDE1_BIASTrue_conv2d_ACTIVATIONrelu_ap_fixed_32_10_,Overall,824895,8.249 ms,194,44,11720,19127,10.635964912280702,6.98,2.1380618797431405,1.75
config_CIN32_HIN56_WIN14_COUT32_K1_UFCIN4_UFCOU4_PAD1_STRIDE1_BIASTrue_conv2d_ACTIVATIONrelu_ap_fixed_32_10_,Overall,579903,5.799 ms,206,76,11873,20641,11.293859649122808,7.53,2.1659734384121427,3.02
config_CIN32_HIN56_WIN14_COUT32_K1_UFCIN4_UFCOU16_PAD1_STRIDE1_BIASTrue_conv2d_ACTIVATIONrelu_ap_fixed_32_10_,Overall,307066,3.071 ms,190,261,14339,30385,10.416666666666668,11.09,2.615842089900759,10.36
config_CIN32_HIN56_WIN14_COUT32_K1_UFCIN16_UFCOU2_PAD1_STRIDE1_BIASTrue_conv2d_ACTIVATIONrelu_ap_fixed_32_10_,Overall,819327,8.193 ms,218,152,14202,24167,11.951754385964913,8.82,2.5908493870402802,6.03
config_CIN32_HIN56_WIN14_COUT32_K1_UFCIN16_UFCOU4_PAD1_STRIDE1_BIASTrue_conv2d_ACTIVATIONrelu_ap_fixed_32_10_,Overall,574335,5.743 ms,190,280,16679,29709,10.416666666666668,10.84,3.042724751897256,11.11
config_CIN32_HIN56_WIN14_COUT32_K1_UFCIN16_UFCOU16_PAD1_STRIDE1_BIASTrue_conv2d_ACTIVATIONrelu_ap_fixed_32_10_,Overall,301498,3.015 ms,190,1029,23781,59845,10.416666666666668,21.83,4.338331873905429,40.83
config_CIN32_HIN56_WIN14_COUT32_K3_UFCIN2_UFCOU2_PAD1_STRIDE1_BIASTrue_conv2d_ACTIVATIONrelu_ap_fixed_32_10_,Overall,4773780,47.738 ms,200,20,10867,18785,10.964912280701753,6.85,1.982450379451255,0.79
config_CIN32_HIN56_WIN14_COUT32_K3_UFCIN2_UFCOU4_PAD1_STRIDE1_BIASTrue_conv2d_ACTIVATIONrelu_ap_fixed_32_10_,Overall,2961172,29.612 ms,208,36,10977,19706,11.403508771929824,7.19,2.002517513134851,1.43
config_CIN32_HIN56_WIN14_COUT32_K3_UFCIN2_UFCOU16_PAD1_STRIDE1_BIASTrue_conv2d_ACTIVATIONrelu_ap_fixed_32_10_,Overall,1601716,16.017 ms,208,132,11611,25316,11.403508771929824,9.24,2.1181771745475775,5.24
config_CIN32_HIN56_WIN14_COUT32_K3_UFCIN4_UFCOU2_PAD1_STRIDE1_BIASTrue_conv2d_ACTIVATIONrelu_ap_fixed_32_10_,Overall,4717332,47.173 ms,208,36,11129,19847,11.403508771929824,7.24,2.03024664331582,1.43
config_CIN32_HIN56_WIN14_COUT32_K3_UFCIN4_UFCOU4_PAD1_STRIDE1_BIASTrue_conv2d_ACTIVATIONrelu_ap_fixed_32_10_,Overall,2904724,29.047 ms,216,68,11287,21400,11.842105263157894,7.81,2.0590703444249856,2.7
config_CIN32_HIN56_WIN14_COUT32_K3_UFCIN4_UFCOU16_PAD1_STRIDE1_BIASTrue_conv2d_ACTIVATIONrelu_ap_fixed_32_10_,Overall,1545268,15.453 ms,248,260,12169,30582,13.596491228070176,11.16,2.2199722708698193,10.32
config_CIN32_HIN56_WIN14_COUT32_K3_UFCIN16_UFCOU2_PAD1_STRIDE1_BIASTrue_conv2d_ACTIVATIONrelu_ap_fixed_32_10_,Overall,4674996,46.750 ms,208,132,12650,26139,11.403508771929824,9.54,2.3077203736135434,5.24
config_CIN32_HIN56_WIN14_COUT32_K3_UFCIN16_UFCOU4_PAD1_STRIDE1_BIASTrue_conv2d_ACTIVATIONrelu_ap_fixed_32_10_,Overall,2862388,28.624 ms,248,260,13096,31150,13.596491228070176,11.37,2.389083479276124,10.32
config_CIN32_HIN56_WIN14_COUT32_K3_UFCIN16_UFCOU16_PAD1_STRIDE1_BIASTrue_conv2d_ACTIVATIONrelu_ap_fixed_32_10_,Overall,1502932,15.029 ms,440,1028,15466,60830,24.12280701754386,22.19,2.821438995913602,40.79
config_CIN32_HIN56_WIN14_COUT96_K1_UFCIN2_UFCOU2_PAD1_STRIDE1_BIASTrue_conv2d_ACTIVATIONrelu_ap_fixed_32_10_,Overall,1997247,19.972 ms,396,26,11279,18354,21.710526315789476,6.7,2.0576109165207237,1.03
config_CIN32_HIN56_WIN14_COUT96_K1_UFCIN2_UFCOU4_PAD1_STRIDE1_BIASTrue_conv2d_ACTIVATIONrelu_ap_fixed_32_10_,Overall,1262271,12.623 ms,398,42,11457,19327,21.820175438596493,7.05,2.090083187390543,1.67
config_CIN32_HIN56_WIN14_COUT96_K1_UFCIN2_UFCOU16_PAD1_STRIDE1_BIASTrue_conv2d_ACTIVATIONrelu_ap_fixed_32_10_,Overall,711039,7.110 ms,478,138,12127,25037,26.206140350877195,9.13,2.212310274372446,5.48
config_CIN32_HIN56_WIN14_COUT96_K1_UFCIN4_UFCOU2_PAD1_STRIDE1_BIASTrue_conv2d_ACTIVATIONrelu_ap_fixed_32_10_,Overall,1989823,19.898 ms,404,44,11715,19245,22.149122807017545,7.02,2.1371497373029773,1.75
config_CIN32_HIN56_WIN14_COUT96_K1_UFCIN4_UFCOU4_PAD1_STRIDE1_BIASTrue_conv2d_ACTIVATIONrelu_ap_fixed_32_10_,Overall,1254847,12.548 ms,414,76,11947,20826,22.697368421052634,7.6,2.1794731465265613,3.02
config_CIN32_HIN56_WIN14_COUT96_K1_UFCIN4_UFCOU16_PAD1_STRIDE1_BIASTrue_conv2d_ACTIVATIONrelu_ap_fixed_32_10_,Overall,703615,7.036 ms,518,268,12909,30184,28.399122807017545,11.01,2.3549693520140105,10.63
config_CIN32_HIN56_WIN14_COUT96_K1_UFCIN16_UFCOU2_PAD1_STRIDE1_BIASTrue_conv2d_ACTIVATIONrelu_ap_fixed_32_10_,Overall,1984255,19.843 ms,428,152,14283,24465,23.464912280701753,8.93,2.6056260945709284,6.03
config_CIN32_HIN56_WIN14_COUT96_K1_UFCIN16_UFCOU4_PAD1_STRIDE1_BIASTrue_conv2d_ACTIVATIONrelu_ap_fixed_32_10_,Overall,1249279,12.493 ms,462,280,14839,29562,25.32894736842105,10.79,2.7070563339171043,11.11
config_CIN32_HIN56_WIN14_COUT96_K1_UFCIN16_UFCOU16_PAD1_STRIDE1_BIASTrue_conv2d_ACTIVATIONrelu_ap_fixed_32_10_,Overall,698047,6.980 ms,454,1048,25745,61552,24.890350877192983,22.46,4.696621424401635,41.59
config_CIN32_HIN56_WIN14_COUT96_K3_UFCIN2_UFCOU2_PAD1_STRIDE1_BIASTrue_conv2d_ACTIVATIONrelu_ap_fixed_32_10_,Overall,12197908,0.122 sec,410,20,10838,18889,22.478070175438596,6.89,1.977159953298307,0.79
config_CIN32_HIN56_WIN14_COUT96_K3_UFCIN2_UFCOU4_PAD1_STRIDE1_BIASTrue_conv2d_ACTIVATIONrelu_ap_fixed_32_10_,Overall,6760084,67.601 ms,416,36,11019,19864,22.807017543859647,7.25,2.010179509632224,1.43
config_CIN32_HIN56_WIN14_COUT96_K3_UFCIN2_UFCOU16_PAD1_STRIDE1_BIASTrue_conv2d_ACTIVATIONrelu_ap_fixed_32_10_,Overall,2681716,26.817 ms,488,132,11695,25614,26.75438596491228,9.35,2.1335011675423234,5.24
config_CIN32_HIN56_WIN14_COUT96_K3_UFCIN4_UFCOU2_PAD1_STRIDE1_BIASTrue_conv2d_ACTIVATIONrelu_ap_fixed_32_10_,Overall,12141460,0.121 sec,418,36,11110,19973,22.916666666666664,7.29,2.026780502043199,1.43
config_CIN32_HIN56_WIN14_COUT96_K3_UFCIN4_UFCOU4_PAD1_STRIDE1_BIASTrue_conv2d_ACTIVATIONrelu_ap_fixed_32_10_,Overall,6703636,67.036 ms,424,68,11347,21566,23.24561403508772,7.87,2.0700160537069467,2.7
config_CIN32_HIN56_WIN14_COUT96_K3_UFCIN4_UFCOU16_PAD1_STRIDE1_BIASTrue_conv2d_ACTIVATIONrelu_ap_fixed_32_10_,Overall,2625268,26.253 ms,496,260,12319,30980,27.192982456140353,11.3,2.2473365440747224,10.32
config_CIN32_HIN56_WIN14_COUT96_K3_UFCIN16_UFCOU2_PAD1_STRIDE1_BIASTrue_conv2d_ACTIVATIONrelu_ap_fixed_32_10_,Overall,12099124,0.121 sec,418,132,12692,26493,22.916666666666664,9.67,2.3153823701109166,5.24
config_CIN32_HIN56_WIN14_COUT96_K3_UFCIN16_UFCOU4_PAD1_STRIDE1_BIASTrue_conv2d_ACTIVATIONrelu_ap_fixed_32_10_,Overall,6661300,66.613 ms,424,260,13265,31626,23.24561403508772,11.54,2.4199138937536486,10.32
config_CIN32_HIN56_WIN14_COUT96_K3_UFCIN16_UFCOU16_PAD1_STRIDE1_BIASTrue_conv2d_ACTIVATIONrelu_ap_fixed_32_10_,Overall,2582932,25.829 ms,688,1028,16013,61898,37.719298245614034,22.58,2.921227378867484,40.79
config_CIN32_HIN56_WIN28_COUT32_K1_UFCIN2_UFCOU2_PAD1_STRIDE1_BIASTrue_conv2d_ACTIVATIONrelu_ap_fixed_32_10_,Overall,1560599,15.606 ms,316,26,11319,18369,17.324561403508774,6.7,2.0649080560420314,1.03
config_CIN32_HIN56_WIN28_COUT32_K1_UFCIN2_UFCOU4_PAD1_STRIDE1_BIASTrue_conv2d_ACTIVATIONrelu_ap_fixed_32_10_,Overall,1101239,11.012 ms,328,42,11430,19279,17.982456140350877,7.03,2.08515761821366,1.67
config_CIN32_HIN56_WIN28_COUT32_K1_UFCIN2_UFCOU16_PAD1_STRIDE1_BIASTrue_conv2d_ACTIVATIONrelu_ap_fixed_32_10_,Overall,589674,5.897 ms,368,133,11777,24939,20.175438596491226,9.1,2.148460303561004,5.28
config_CIN32_HIN56_WIN28_COUT32_K1_UFCIN4_UFCOU2_PAD1_STRIDE1_BIASTrue_conv2d_ACTIVATIONrelu_ap_fixed_32_10_,Overall,1546679,15.467 ms,332,44,11756,19290,18.201754385964914,7.04,2.1446293053123173,1.75
config_CIN32_HIN56_WIN28_COUT32_K1_UFCIN4_UFCOU4_PAD1_STRIDE1_BIASTrue_conv2d_ACTIVATIONrelu_ap_fixed_32_10_,Overall,1087319,10.873 ms,348,76,11917,20808,19.078947368421055,7.59,2.174000291885581,3.02
config_CIN32_HIN56_WIN28_COUT32_K1_UFCIN4_UFCOU16_PAD1_STRIDE1_BIASTrue_conv2d_ACTIVATIONrelu_ap_fixed_32_10_,Overall,575754,5.758 ms,348,261,14416,30602,19.078947368421055,11.17,2.6298890834792763,10.36
config_CIN32_HIN56_WIN28_COUT32_K1_UFCIN16_UFCOU2_PAD1_STRIDE1_BIASTrue_conv2d_ACTIVATIONrelu_ap_fixed_32_10_,Overall,1536239,15.362 ms,372,152,14322,24718,20.394736842105264,9.02,2.612740805604203,6.03
config_CIN32_HIN56_WIN28_COUT32_K1_UFCIN16_UFCOU4_PAD1_STRIDE1_BIASTrue_conv2d_ACTIVATIONrelu_ap_fixed_32_10_,Overall,1076879,10.769 ms,348,280,16831,30264,19.078947368421055,11.04,3.0704538820782257,11.11
config_CIN32_HIN56_WIN28_COUT32_K1_UFCIN16_UFCOU16_PAD1_STRIDE1_BIASTrue_conv2d_ACTIVATIONrelu_ap_fixed_32_10_,Overall,565314,5.653 ms,364,1029,24050,60486,19.956140350877195,22.07,4.3874051371862235,40.83
config_CIN32_HIN56_WIN28_COUT32_K3_UFCIN2_UFCOU2_PAD1_STRIDE1_BIASTrue_conv2d_ACTIVATIONrelu_ap_fixed_32_10_,Overall,9535796,95.358 ms,332,20,10891,18812,18.201754385964914,6.86,1.98682866316404,0.79
config_CIN32_HIN56_WIN28_COUT32_K3_UFCIN2_UFCOU4_PAD1_STRIDE1_BIASTrue_conv2d_ACTIVATIONrelu_ap_fixed_32_10_,Overall,5910580,59.106 ms,344,36,11005,19721,18.859649122807017,7.2,2.0076255107997665,1.43
config_CIN32_HIN56_WIN28_COUT32_K3_UFCIN2_UFCOU16_PAD1_STRIDE1_BIASTrue_conv2d_ACTIVATIONrelu_ap_fixed_32_10_,Overall,3191668,31.917 ms,360,132,11663,25343,19.736842105263158,9.25,2.127663455925277,5.24
config_CIN32_HIN56_WIN28_COUT32_K3_UFCIN4_UFCOU2_PAD1_STRIDE1_BIASTrue_conv2d_ACTIVATIONrelu_ap_fixed_32_10_,Overall,9422900,94.229 ms,344,36,11158,19870,18.859649122807017,7.25,2.0355370694687682,1.43
config_CIN32_HIN56_WIN28_COUT32_K3_UFCIN4_UFCOU4_PAD1_STRIDE1_BIASTrue_conv2d_ACTIVATIONrelu_ap_fixed_32_10_,Overall,5797684,57.977 ms,356,68,11324,21407,19.517543859649123,7.81,2.065820198482195,2.7
config_CIN32_HIN56_WIN28_COUT32_K3_UFCIN4_UFCOU16_PAD1_STRIDE1_BIASTrue_conv2d_ACTIVATIONrelu_ap_fixed_32_10_,Overall,3078772,30.788 ms,404,260,12254,30605,22.149122807017545,11.17,2.235478692352598,10.32
config_CIN32_HIN56_WIN28_COUT32_K3_UFCIN16_UFCOU2_PAD1_STRIDE1_BIASTrue_conv2d_ACTIVATIONrelu_ap_fixed_32_10_,Overall,9338228,93.382 ms,360,132,12703,26166,19.736842105263158,9.55,2.3173890834792763,5.24
config_CIN32_HIN56_WIN28_COUT32_K3_UFCIN16_UFCOU4_PAD1_STRIDE1_BIASTrue_conv2d_ACTIVATIONrelu_ap_fixed_32_10_,Overall,5713012,57.130 ms,404,260,13181,31137,22.149122807017545,11.36,2.4045899007589027,10.32
config_CIN32_HIN56_WIN28_COUT32_K3_UFCIN16_UFCOU16_PAD1_STRIDE1_BIASTrue_conv2d_ACTIVATIONrelu_ap_fixed_32_10_,Overall,2994100,29.941 ms,612,1028,15743,60857,33.55263157894737,22.2,2.8719716870986574,40.79
config_CIN32_HIN56_WIN28_COUT96_K1_UFCIN2_UFCOU2_PAD1_STRIDE1_BIASTrue_conv2d_ACTIVATIONrelu_ap_fixed_32_10_,Overall,3738903,37.389 ms,720,26,11298,18501,39.473684210526315,6.75,2.0610770577933453,1.03
config_CIN32_HIN56_WIN28_COUT96_K1_UFCIN2_UFCOU4_PAD1_STRIDE1_BIASTrue_conv2d_ACTIVATIONrelu_ap_fixed_32_10_,Overall,2360823,23.608 ms,734,42,11481,19448,40.24122807017544,7.1,2.0944614711033274,1.67
config_CIN32_HIN56_WIN28_COUT96_K1_UFCIN2_UFCOU16_PAD1_STRIDE1_BIASTrue_conv2d_ACTIVATIONrelu_ap_fixed_32_10_,Overall,1327263,13.273 ms,822,138,12174,25184,45.06578947368421,9.19,2.2208844133099825,5.48
config_CIN32_HIN56_WIN28_COUT96_K1_UFCIN4_UFCOU2_PAD1_STRIDE1_BIASTrue_conv2d_ACTIVATIONrelu_ap_fixed_32_10_,Overall,3724983,37.250 ms,732,44,11749,19456,40.131578947368425,7.1,2.1433523058960886,1.75
config_CIN32_HIN56_WIN28_COUT96_K1_UFCIN4_UFCOU4_PAD1_STRIDE1_BIASTrue_conv2d_ACTIVATIONrelu_ap_fixed_32_10_,Overall,2346903,23.469 ms,754,76,11990,21007,41.33771929824561,7.66,2.1873175715119673,3.02
config_CIN32_HIN56_WIN28_COUT96_K1_UFCIN4_UFCOU16_PAD1_STRIDE1_BIASTrue_conv2d_ACTIVATIONrelu_ap_fixed_32_10_,Overall,1313343,13.133 ms,866,268,12999,30391,47.478070175438596,11.09,2.371387915936953,10.63
config_CIN32_HIN56_WIN28_COUT96_K1_UFCIN16_UFCOU2_PAD1_STRIDE1_BIASTrue_conv2d_ACTIVATIONrelu_ap_fixed_32_10_,Overall,3714543,37.145 ms,772,152,14401,25088,42.32456140350877,9.15,2.6271526561587857,6.03
config_CIN32_HIN56_WIN28_COUT96_K1_UFCIN16_UFCOU4_PAD1_STRIDE1_BIASTrue_conv2d_ACTIVATIONrelu_ap_fixed_32_10_,Overall,2336463,23.365 ms,818,280,14990,30131,44.84649122807017,10.99,2.734603035610041,11.11
config_CIN32_HIN56_WIN28_COUT96_K1_UFCIN16_UFCOU16_PAD1_STRIDE1_BIASTrue_conv2d_ACTIVATIONrelu_ap_fixed_32_10_,Overall,1302903,13.029 ms,818,1048,26087,62147,44.84649122807017,22.67,4.7590119673088145,41.59
config_CIN32_HIN56_WIN28_COUT96_K3_UFCIN2_UFCOU2_PAD1_STRIDE1_BIASTrue_conv2d_ACTIVATIONrelu_ap_fixed_32_10_,Overall,24360884,0.244 sec,718,20,10862,18931,39.364035087719294,6.91,1.9815382370110917,0.79
config_CIN32_HIN56_WIN28_COUT96_K3_UFCIN2_UFCOU4_PAD1_STRIDE1_BIASTrue_conv2d_ACTIVATIONrelu_ap_fixed_32_10_,Overall,13485236,0.135 sec,728,36,11048,19877,39.91228070175439,7.25,2.0154699357851724,1.43
config_CIN32_HIN56_WIN28_COUT96_K3_UFCIN2_UFCOU16_PAD1_STRIDE1_BIASTrue_conv2d_ACTIVATIONrelu_ap_fixed_32_10_,Overall,5328500,53.285 ms,792,132,11747,25633,43.42105263157895,9.35,2.1429874489200236,5.24
config_CIN32_HIN56_WIN28_COUT96_K3_UFCIN4_UFCOU2_PAD1_STRIDE1_BIASTrue_conv2d_ACTIVATIONrelu_ap_fixed_32_10_,Overall,24247988,0.242 sec,730,36,11139,20015,40.021929824561404,7.3,2.032070928196147,1.43
config_CIN32_HIN56_WIN28_COUT96_K3_UFCIN4_UFCOU4_PAD1_STRIDE1_BIASTrue_conv2d_ACTIVATIONrelu_ap_fixed_32_10_,Overall,13372340,0.134 sec,740,68,11385,21575,40.57017543859649,7.87,2.0769483362521894,2.7
config_CIN32_HIN56_WIN28_COUT96_K3_UFCIN4_UFCOU16_PAD1_STRIDE1_BIASTrue_conv2d_ACTIVATIONrelu_ap_fixed_32_10_,Overall,5215604,52.156 ms,804,260,12404,30991,44.07894736842105,11.31,2.262842965557501,10.32
config_CIN32_HIN56_WIN28_COUT96_K3_UFCIN16_UFCOU2_PAD1_STRIDE1_BIASTrue_conv2d_ACTIVATIONrelu_ap_fixed_32_10_,Overall,24163316,0.242 sec,746,132,12745,26563,40.89912280701755,9.69,2.325051079976649,5.24
config_CIN32_HIN56_WIN28_COUT96_K3_UFCIN16_UFCOU4_PAD1_STRIDE1_BIASTrue_conv2d_ACTIVATIONrelu_ap_fixed_32_10_,Overall,13287668,0.133 sec,756,260,13351,31639,41.44736842105263,11.54,2.43560274372446,10.32
config_CIN32_HIN56_WIN28_COUT96_K3_UFCIN16_UFCOU16_PAD1_STRIDE1_BIASTrue_conv2d_ACTIVATIONrelu_ap_fixed_32_10_,Overall,5130932,51.309 ms,1012,1028,16290,61889,55.48245614035088,22.58,2.9717600700525395,40.79
config_CIN32_HIN56_WIN56_COUT32_K1_UFCIN2_UFCOU2_PAD1_STRIDE1_BIASTrue_conv2d_ACTIVATIONrelu_ap_fixed_32_10_,Overall,3017159,30.172 ms,594,28,11269,18248,32.56578947368421,6.66,2.055786631640397,1.11
config_CIN32_HIN56_WIN56_COUT32_K1_UFCIN2_UFCOU4_PAD1_STRIDE1_BIASTrue_conv2d_ACTIVATIONrelu_ap_fixed_32_10_,Overall,2129063,21.291 ms,606,44,11384,19160,33.223684210526315,6.99,2.0767659077641563,1.75
config_CIN32_HIN56_WIN56_COUT32_K1_UFCIN2_UFCOU16_PAD1_STRIDE1_BIASTrue_conv2d_ACTIVATIONrelu_ap_fixed_32_10_,Overall,1462991,14.630 ms,678,140,12059,24712,37.17105263157895,9.02,2.199905137186223,5.56
config_CIN32_HIN56_WIN56_COUT32_K1_UFCIN4_UFCOU2_PAD1_STRIDE1_BIASTrue_conv2d_ACTIVATIONrelu_ap_fixed_32_10_,Overall,2990247,29.902 ms,610,46,11701,19165,33.44298245614035,6.99,2.13459573847052,1.83
config_CIN32_HIN56_WIN56_COUT32_K1_UFCIN4_UFCOU4_PAD1_STRIDE1_BIASTrue_conv2d_ACTIVATIONrelu_ap_fixed_32_10_,Overall,2102151,21.022 ms,626,78,11870,20685,34.32017543859649,7.55,2.1654261529480445,3.1
config_CIN32_HIN56_WIN56_COUT32_K1_UFCIN4_UFCOU16_PAD1_STRIDE1_BIASTrue_conv2d_ACTIVATIONrelu_ap_fixed_32_10_,Overall,1436079,14.361 ms,658,270,14885,30341,36.07456140350877,11.07,2.715448044366608,10.71
config_CIN32_HIN56_WIN56_COUT32_K1_UFCIN16_UFCOU2_PAD1_STRIDE1_BIASTrue_conv2d_ACTIVATIONrelu_ap_fixed_32_10_,Overall,2970063,29.701 ms,690,154,14231,24569,37.82894736842105,8.96,2.5961398131932283,6.11
config_CIN32_HIN56_WIN56_COUT32_K1_UFCIN16_UFCOU4_PAD1_STRIDE1_BIASTrue_conv2d_ACTIVATIONrelu_ap_fixed_32_10_,Overall,2081967,20.820 ms,666,282,16772,30117,36.51315789473684,10.99,3.059690601284297,11.19
config_CIN32_HIN56_WIN56_COUT32_K1_UFCIN16_UFCOU16_PAD1_STRIDE1_BIASTrue_conv2d_ACTIVATIONrelu_ap_fixed_32_10_,Overall,1415895,14.159 ms,714,1050,25635,60021,39.14473684210527,21.9,4.676554290718038,41.67
config_CIN32_HIN56_WIN56_COUT32_K3_UFCIN2_UFCOU2_PAD1_STRIDE1_BIASTrue_conv2d_ACTIVATIONrelu_ap_fixed_32_10_,Overall,19059828,0.191 sec,596,20,10916,18838,32.67543859649123,6.87,1.9913893753648568,0.79
config_CIN32_HIN56_WIN56_COUT32_K3_UFCIN2_UFCOU4_PAD1_STRIDE1_BIASTrue_conv2d_ACTIVATIONrelu_ap_fixed_32_10_,Overall,11809396,0.118 sec,608,36,11033,19766,33.33333333333333,7.21,2.012733508464682,1.43
config_CIN32_HIN56_WIN56_COUT32_K3_UFCIN2_UFCOU16_PAD1_STRIDE1_BIASTrue_conv2d_ACTIVATIONrelu_ap_fixed_32_10_,Overall,6371572,63.716 ms,664,132,11715,25388,36.40350877192983,9.26,2.1371497373029773,5.24
config_CIN32_HIN56_WIN56_COUT32_K3_UFCIN4_UFCOU2_PAD1_STRIDE1_BIASTrue_conv2d_ACTIVATIONrelu_ap_fixed_32_10_,Overall,18834036,0.188 sec,608,36,11188,19896,33.33333333333333,7.26,2.041009924109749,1.43
config_CIN32_HIN56_WIN56_COUT32_K3_UFCIN4_UFCOU4_PAD1_STRIDE1_BIASTrue_conv2d_ACTIVATIONrelu_ap_fixed_32_10_,Overall,11583604,0.116 sec,620,68,11361,21452,33.99122807017544,7.83,2.072570052539404,2.7
config_CIN32_HIN56_WIN56_COUT32_K3_UFCIN4_UFCOU16_PAD1_STRIDE1_BIASTrue_conv2d_ACTIVATIONrelu_ap_fixed_32_10_,Overall,6145780,61.458 ms,708,260,12339,30650,38.81578947368421,11.18,2.2509851138353767,10.32
config_CIN32_HIN56_WIN56_COUT32_K3_UFCIN16_UFCOU2_PAD1_STRIDE1_BIASTrue_conv2d_ACTIVATIONrelu_ap_fixed_32_10_,Overall,18664692,0.187 sec,664,132,12757,26192,36.40350877192983,9.56,2.3272402218330415,5.24
config_CIN32_HIN56_WIN56_COUT32_K3_UFCIN16_UFCOU4_PAD1_STRIDE1_BIASTrue_conv2d_ACTIVATIONrelu_ap_fixed_32_10_,Overall,11414260,0.114 sec,708,260,13266,31182,38.81578947368421,11.38,2.4200963222416814,10.32
config_CIN32_HIN56_WIN56_COUT32_K3_UFCIN16_UFCOU16_PAD1_STRIDE1_BIASTrue_conv2d_ACTIVATIONrelu_ap_fixed_32_10_,Overall,5976436,59.764 ms,956,1028,16020,60902,52.41228070175439,22.22,2.922504378283713,40.79
config_CIN32_HIN56_WIN56_COUT96_K1_UFCIN2_UFCOU2_PAD1_STRIDE1_BIASTrue_conv2d_ACTIVATIONrelu_ap_fixed_32_10_,Overall,7222215,72.222 ms,1354,28,11247,18375,74.23245614035088,6.7,2.051773204903678,1.11
config_CIN32_HIN56_WIN56_COUT96_K1_UFCIN2_UFCOU4_PAD1_STRIDE1_BIASTrue_conv2d_ACTIVATIONrelu_ap_fixed_32_10_,Overall,4557927,45.579 ms,1360,44,11434,19334,74.56140350877193,7.05,2.085887332165791,1.75
config_CIN32_HIN56_WIN56_COUT96_K1_UFCIN2_UFCOU16_PAD1_STRIDE1_BIASTrue_conv2d_ACTIVATIONrelu_ap_fixed_32_10_,Overall,2559711,25.597 ms,1408,140,12152,25055,77.19298245614034,9.14,2.216870986573263,5.56
config_CIN32_HIN56_WIN56_COUT96_K1_UFCIN4_UFCOU2_PAD1_STRIDE1_BIASTrue_conv2d_ACTIVATIONrelu_ap_fixed_32_10_,Overall,7195303,71.953 ms,1366,46,11693,19322,74.89035087719299,7.05,2.1331363105662584,1.83
config_CIN32_HIN56_WIN56_COUT96_K1_UFCIN4_UFCOU4_PAD1_STRIDE1_BIASTrue_conv2d_ACTIVATIONrelu_ap_fixed_32_10_,Overall,4531015,45.310 ms,1380,78,11942,20889,75.6578947368421,7.62,2.178561004086398,3.1
config_CIN32_HIN56_WIN56_COUT96_K1_UFCIN4_UFCOU16_PAD1_STRIDE1_BIASTrue_conv2d_ACTIVATIONrelu_ap_fixed_32_10_,Overall,2532799,25.328 ms,1452,270,13000,30258,79.60526315789474,11.04,2.371570344424985,10.71
config_CIN32_HIN56_WIN56_COUT96_K1_UFCIN16_UFCOU2_PAD1_STRIDE1_BIASTrue_conv2d_ACTIVATIONrelu_ap_fixed_32_10_,Overall,7175119,71.751 ms,1446,154,14309,24906,79.27631578947368,9.09,2.6103692352597783,6.11
config_CIN32_HIN56_WIN56_COUT96_K1_UFCIN16_UFCOU4_PAD1_STRIDE1_BIASTrue_conv2d_ACTIVATIONrelu_ap_fixed_32_10_,Overall,4510831,45.108 ms,1484,282,14930,29989,81.35964912280701,10.94,2.7236573263280794,11.19
config_CIN32_HIN56_WIN56_COUT96_K1_UFCIN16_UFCOU16_PAD1_STRIDE1_BIASTrue_conv2d_ACTIVATIONrelu_ap_fixed_32_10_,Overall,2512615,25.126 ms,1444,1050,26220,61990,79.16666666666666,22.62,4.783274956217163,41.67
config_CIN32_HIN56_WIN56_COUT96_K3_UFCIN2_UFCOU2_PAD1_STRIDE1_BIASTrue_conv2d_ACTIVATIONrelu_ap_fixed_32_10_,Overall,48686836,0.487 sec,1336,20,10886,18988,73.24561403508771,6.93,1.9859165207238763,0.79
config_CIN32_HIN56_WIN56_COUT96_K3_UFCIN2_UFCOU4_PAD1_STRIDE1_BIASTrue_conv2d_ACTIVATIONrelu_ap_fixed_32_10_,Overall,26935540,0.269 sec,1346,36,11076,19933,73.79385964912281,7.27,2.0205779334500873,1.43
config_CIN32_HIN56_WIN56_COUT96_K3_UFCIN2_UFCOU16_PAD1_STRIDE1_BIASTrue_conv2d_ACTIVATIONrelu_ap_fixed_32_10_,Overall,10622068,0.106 sec,1402,132,11799,25678,76.8640350877193,9.37,2.1524737302977233,5.24
config_CIN32_HIN56_WIN56_COUT96_K3_UFCIN4_UFCOU2_PAD1_STRIDE1_BIASTrue_conv2d_ACTIVATIONrelu_ap_fixed_32_10_,Overall,48461044,0.485 sec,1348,36,11168,20076,73.90350877192982,7.32,2.037361354349095,1.43
config_CIN32_HIN56_WIN56_COUT96_K3_UFCIN4_UFCOU4_PAD1_STRIDE1_BIASTrue_conv2d_ACTIVATIONrelu_ap_fixed_32_10_,Overall,26709748,0.267 sec,1358,68,11422,21635,74.4517543859649,7.89,2.0836981903093985,2.7
config_CIN32_HIN56_WIN56_COUT96_K3_UFCIN4_UFCOU16_PAD1_STRIDE1_BIASTrue_conv2d_ACTIVATIONrelu_ap_fixed_32_10_,Overall,10396276,0.104 sec,1414,260,12489,31036,77.52192982456141,11.32,2.2783493870402802,10.32
config_CIN32_HIN56_WIN56_COUT96_K3_UFCIN16_UFCOU2_PAD1_STRIDE1_BIASTrue_conv2d_ACTIVATIONrelu_ap_fixed_32_10_,Overall,48291700,0.483 sec,1404,132,12798,26648,76.97368421052632,9.72,2.334719789842382,5.24
config_CIN32_HIN56_WIN56_COUT96_K3_UFCIN16_UFCOU4_PAD1_STRIDE1_BIASTrue_conv2d_ACTIVATIONrelu_ap_fixed_32_10_,Overall,26540404,0.265 sec,1414,260,13436,31723,77.52192982456141,11.57,2.4511091652072388,10.32
config_CIN32_HIN56_WIN56_COUT96_K3_UFCIN16_UFCOU16_PAD1_STRIDE1_BIASTrue_conv2d_ACTIVATIONrelu_ap_fixed_32_10_,Overall,10226932,0.102 sec,1662,1028,16567,61934,91.11842105263158,22.6,3.022292761237595,40.79
config_CIN96_HIN14_WIN14_COUT32_K1_UFCIN2_UFCOU2_PAD1_STRIDE1_BIASTrue_conv2d_ACTIVATIONrelu_ap_fixed_32_10_,Overall,557348,5.573 ms,90,20,10806,18122,4.934210526315789,6.61,1.9713222416812608,0.79
config_CIN96_HIN14_WIN14_COUT32_K1_UFCIN2_UFCOU4_PAD1_STRIDE1_BIASTrue_conv2d_ACTIVATIONrelu_ap_fixed_32_10_,Overall,358692,3.587 ms,90,36,10908,19025,4.934210526315789,6.94,1.9899299474605954,1.43
config_CIN96_HIN14_WIN14_COUT32_K1_UFCIN2_UFCOU16_PAD1_STRIDE1_BIASTrue_conv2d_ACTIVATIONrelu_ap_fixed_32_10_,Overall,209700,2.097 ms,130,132,11488,24669,7.12719298245614,9.0,2.0957384705195565,5.24
config_CIN96_HIN14_WIN14_COUT32_K1_UFCIN4_UFCOU2_PAD1_STRIDE1_BIASTrue_conv2d_ACTIVATIONrelu_ap_fixed_32_10_,Overall,551204,5.512 ms,102,36,11060,18991,5.592105263157895,6.93,2.0176590776415644,1.43
config_CIN96_HIN14_WIN14_COUT32_K1_UFCIN4_UFCOU4_PAD1_STRIDE1_BIASTrue_conv2d_ACTIVATIONrelu_ap_fixed_32_10_,Overall,352548,3.525 ms,110,68,11202,20512,6.030701754385965,7.48,2.0435639229422065,2.7
config_CIN96_HIN14_WIN14_COUT32_K1_UFCIN4_UFCOU16_PAD1_STRIDE1_BIASTrue_conv2d_ACTIVATIONrelu_ap_fixed_32_10_,Overall,203556,2.036 ms,174,260,11982,29749,9.539473684210527,10.85,2.185858143607706,10.32
config_CIN96_HIN14_WIN14_COUT32_K1_UFCIN16_UFCOU2_PAD1_STRIDE1_BIASTrue_conv2d_ACTIVATIONrelu_ap_fixed_32_10_,Overall,546596,5.466 ms,134,132,12528,24023,7.346491228070176,8.76,2.285464098073555,5.24
config_CIN96_HIN14_WIN14_COUT32_K1_UFCIN16_UFCOU4_PAD1_STRIDE1_BIASTrue_conv2d_ACTIVATIONrelu_ap_fixed_32_10_,Overall,347940,3.479 ms,166,260,12910,28948,9.100877192982457,10.56,2.355151780502043,10.32
config_CIN96_HIN14_WIN14_COUT32_K1_UFCIN16_UFCOU16_PAD1_STRIDE1_BIASTrue_conv2d_ACTIVATIONrelu_ap_fixed_32_10_,Overall,198948,1.989 ms,118,1028,23082,60728,6.469298245614036,22.16,4.210814360770578,40.79
config_CIN96_HIN14_WIN14_COUT32_K3_UFCIN2_UFCOU2_PAD1_STRIDE1_BIASTrue_conv2d_ACTIVATIONrelu_ap_fixed_32_10_,Overall,3547528,35.475 ms,146,20,10831,18870,8.00438596491228,6.88,1.9758829538820781,0.79
config_CIN96_HIN14_WIN14_COUT32_K3_UFCIN2_UFCOU4_PAD1_STRIDE1_BIASTrue_conv2d_ACTIVATIONrelu_ap_fixed_32_10_,Overall,2191208,21.912 ms,146,36,10933,19749,8.00438596491228,7.21,1.9944906596614127,1.43
config_CIN96_HIN14_WIN14_COUT32_K3_UFCIN2_UFCOU16_PAD1_STRIDE1_BIASTrue_conv2d_ACTIVATIONrelu_ap_fixed_32_10_,Overall,1173968,11.740 ms,162,132,11517,25338,8.881578947368421,9.24,2.101028896672504,5.24
config_CIN96_HIN14_WIN14_COUT32_K3_UFCIN4_UFCOU2_PAD1_STRIDE1_BIASTrue_conv2d_ACTIVATIONrelu_ap_fixed_32_10_,Overall,3505192,35.052 ms,158,36,11085,20008,8.662280701754387,7.3,2.022219789842382,1.43
config_CIN96_HIN14_WIN14_COUT32_K3_UFCIN4_UFCOU4_PAD1_STRIDE1_BIASTrue_conv2d_ACTIVATIONrelu_ap_fixed_32_10_,Overall,2148872,21.489 ms,158,68,11227,21503,8.662280701754387,7.85,2.048124635143024,2.7
config_CIN96_HIN14_WIN14_COUT32_K3_UFCIN4_UFCOU16_PAD1_STRIDE1_BIASTrue_conv2d_ACTIVATIONrelu_ap_fixed_32_10_,Overall,1131632,11.316 ms,174,260,12011,30655,9.539473684210527,11.18,2.191148569760654,10.32
config_CIN96_HIN14_WIN14_COUT32_K3_UFCIN16_UFCOU2_PAD1_STRIDE1_BIASTrue_conv2d_ACTIVATIONrelu_ap_fixed_32_10_,Overall,3473440,34.734 ms,166,132,12551,26796,9.100877192982457,9.78,2.2896599532983073,5.24
config_CIN96_HIN14_WIN14_COUT32_K3_UFCIN16_UFCOU4_PAD1_STRIDE1_BIASTrue_conv2d_ACTIVATIONrelu_ap_fixed_32_10_,Overall,2117120,21.171 ms,166,260,12933,31647,9.100877192982457,11.55,2.359347635726795,10.32
config_CIN96_HIN14_WIN14_COUT32_K3_UFCIN16_UFCOU16_PAD1_STRIDE1_BIASTrue_conv2d_ACTIVATIONrelu_ap_fixed_32_10_,Overall,1099880,10.999 ms,374,1028,14917,61441,20.50438596491228,22.42,2.7212857559836543,40.79
config_CIN96_HIN14_WIN14_COUT96_K1_UFCIN2_UFCOU2_PAD1_STRIDE1_BIASTrue_conv2d_ACTIVATIONrelu_ap_fixed_32_10_,Overall,1412004,14.120 ms,176,20,10774,18258,9.649122807017543,6.66,1.9654845300642148,0.79
config_CIN96_HIN14_WIN14_COUT96_K1_UFCIN2_UFCOU4_PAD1_STRIDE1_BIASTrue_conv2d_ACTIVATIONrelu_ap_fixed_32_10_,Overall,816036,8.160 ms,182,36,10948,19210,9.978070175438598,7.01,1.9972270869819029,1.43
config_CIN96_HIN14_WIN14_COUT96_K1_UFCIN2_UFCOU16_PAD1_STRIDE1_BIASTrue_conv2d_ACTIVATIONrelu_ap_fixed_32_10_,Overall,369060,3.691 ms,190,132,11576,24920,10.416666666666668,9.09,2.111792177466433,5.24
config_CIN96_HIN14_WIN14_COUT96_K1_UFCIN4_UFCOU2_PAD1_STRIDE1_BIASTrue_conv2d_ACTIVATIONrelu_ap_fixed_32_10_,Overall,1405860,14.059 ms,188,36,11038,19153,10.307017543859649,6.99,2.0136456509048455,1.43
config_CIN96_HIN14_WIN14_COUT96_K1_UFCIN4_UFCOU4_PAD1_STRIDE1_BIASTrue_conv2d_ACTIVATIONrelu_ap_fixed_32_10_,Overall,809892,8.099 ms,194,68,11260,20723,10.635964912280702,7.56,2.0541447752481026,2.7
config_CIN96_HIN14_WIN14_COUT96_K1_UFCIN4_UFCOU16_PAD1_STRIDE1_BIASTrue_conv2d_ACTIVATIONrelu_ap_fixed_32_10_,Overall,362916,3.629 ms,234,260,12136,30085,12.828947368421053,10.98,2.2139521307647403,10.32
config_CIN96_HIN14_WIN14_COUT96_K1_UFCIN16_UFCOU2_PAD1_STRIDE1_BIASTrue_conv2d_ACTIVATIONrelu_ap_fixed_32_10_,Overall,1401252,14.013 ms,196,132,12568,24443,10.74561403508772,8.92,2.292761237594863,5.24
config_CIN96_HIN14_WIN14_COUT96_K1_UFCIN16_UFCOU4_PAD1_STRIDE1_BIASTrue_conv2d_ACTIVATIONrelu_ap_fixed_32_10_,Overall,805284,8.053 ms,234,260,13078,29553,12.828947368421053,10.78,2.3857997664915356,10.32
config_CIN96_HIN14_WIN14_COUT96_K1_UFCIN16_UFCOU16_PAD1_STRIDE1_BIASTrue_conv2d_ACTIVATIONrelu_ap_fixed_32_10_,Overall,358308,3.583 ms,434,1028,15442,59797,23.793859649122805,21.82,2.817060712200817,40.79
config_CIN96_HIN14_WIN14_COUT96_K3_UFCIN2_UFCOU2_PAD1_STRIDE1_BIASTrue_conv2d_ACTIVATIONrelu_ap_fixed_32_10_,Overall,9070472,90.705 ms,302,20,10802,18964,16.557017543859647,6.92,1.97059252772913,0.79
config_CIN96_HIN14_WIN14_COUT96_K3_UFCIN2_UFCOU4_PAD1_STRIDE1_BIASTrue_conv2d_ACTIVATIONrelu_ap_fixed_32_10_,Overall,5001512,50.015 ms,336,36,10976,19935,18.421052631578945,7.27,2.0023350846468184,1.43
config_CIN96_HIN14_WIN14_COUT96_K3_UFCIN2_UFCOU16_PAD1_STRIDE1_BIASTrue_conv2d_ACTIVATIONrelu_ap_fixed_32_10_,Overall,1949792,19.498 ms,408,132,11604,25647,22.36842105263158,9.36,2.1169001751313483,5.24
config_CIN96_HIN14_WIN14_COUT96_K3_UFCIN4_UFCOU2_PAD1_STRIDE1_BIASTrue_conv2d_ACTIVATIONrelu_ap_fixed_32_10_,Overall,9028136,90.281 ms,338,36,11066,20118,18.530701754385966,7.34,2.018753648569761,1.43
config_CIN96_HIN14_WIN14_COUT96_K3_UFCIN4_UFCOU4_PAD1_STRIDE1_BIASTrue_conv2d_ACTIVATIONrelu_ap_fixed_32_10_,Overall,4959176,49.592 ms,380,68,11288,21719,20.833333333333336,7.92,2.0592527729130183,2.7
config_CIN96_HIN14_WIN14_COUT96_K3_UFCIN4_UFCOU16_PAD1_STRIDE1_BIASTrue_conv2d_ACTIVATIONrelu_ap_fixed_32_10_,Overall,1907456,19.075 ms,420,260,12164,31075,23.026315789473685,11.34,2.2190601284296556,10.32
config_CIN96_HIN14_WIN14_COUT96_K3_UFCIN16_UFCOU2_PAD1_STRIDE1_BIASTrue_conv2d_ACTIVATIONrelu_ap_fixed_32_10_,Overall,8996384,89.964 ms,410,132,12594,27090,22.478070175438596,9.88,2.297504378283713,5.24
config_CIN96_HIN14_WIN14_COUT96_K3_UFCIN16_UFCOU4_PAD1_STRIDE1_BIASTrue_conv2d_ACTIVATIONrelu_ap_fixed_32_10_,Overall,4927424,49.274 ms,420,260,13104,32247,23.026315789473685,11.77,2.3905429071803854,10.32
config_CIN96_HIN14_WIN14_COUT96_K3_UFCIN16_UFCOU16_PAD1_STRIDE1_BIASTrue_conv2d_ACTIVATIONrelu_ap_fixed_32_10_,Overall,1875704,18.757 ms,428,1028,15468,62399,23.464912280701753,22.77,2.8218038528896674,40.79
config_CIN96_HIN14_WIN28_COUT32_K1_UFCIN2_UFCOU2_PAD1_STRIDE1_BIASTrue_conv2d_ACTIVATIONrelu_ap_fixed_32_10_,Overall,1042532,10.425 ms,152,20,10830,18282,8.333333333333332,6.67,1.9757005253940456,0.79
config_CIN96_HIN14_WIN28_COUT32_K1_UFCIN2_UFCOU4_PAD1_STRIDE1_BIASTrue_conv2d_ACTIVATIONrelu_ap_fixed_32_10_,Overall,670052,6.701 ms,152,36,10935,19189,8.333333333333332,7.0,1.9948555166374782,1.43
config_CIN96_HIN14_WIN28_COUT32_K1_UFCIN2_UFCOU16_PAD1_STRIDE1_BIASTrue_conv2d_ACTIVATIONrelu_ap_fixed_32_10_,Overall,390692,3.907 ms,176,132,11537,24901,9.649122807017543,9.09,2.1046774664331585,5.24
config_CIN96_HIN14_WIN28_COUT32_K1_UFCIN4_UFCOU2_PAD1_STRIDE1_BIASTrue_conv2d_ACTIVATIONrelu_ap_fixed_32_10_,Overall,1031012,10.310 ms,164,36,11089,19215,8.991228070175438,7.01,2.0229495037945124,1.43
config_CIN96_HIN14_WIN28_COUT32_K1_UFCIN4_UFCOU4_PAD1_STRIDE1_BIASTrue_conv2d_ACTIVATIONrelu_ap_fixed_32_10_,Overall,658532,6.585 ms,172,68,11238,20740,9.429824561403509,7.57,2.0501313485113837,2.7
config_CIN96_HIN14_WIN28_COUT32_K1_UFCIN4_UFCOU16_PAD1_STRIDE1_BIASTrue_conv2d_ACTIVATIONrelu_ap_fixed_32_10_,Overall,379172,3.792 ms,220,260,12064,30049,12.06140350877193,10.96,2.2008172796263863,10.32
config_CIN96_HIN14_WIN28_COUT32_K1_UFCIN16_UFCOU2_PAD1_STRIDE1_BIASTrue_conv2d_ACTIVATIONrelu_ap_fixed_32_10_,Overall,1022372,10.224 ms,228,132,12581,24659,12.5,9.0,2.2951328079392876,5.24
config_CIN96_HIN14_WIN28_COUT32_K1_UFCIN16_UFCOU4_PAD1_STRIDE1_BIASTrue_conv2d_ACTIVATIONrelu_ap_fixed_32_10_,Overall,649892,6.499 ms,260,260,12994,29588,14.25438596491228,10.8,2.370475773496789,10.32
config_CIN96_HIN14_WIN28_COUT32_K1_UFCIN16_UFCOU16_PAD1_STRIDE1_BIASTrue_conv2d_ACTIVATIONrelu_ap_fixed_32_10_,Overall,370532,3.705 ms,196,1028,23356,61464,10.74561403508772,22.43,4.260799766491536,40.79
config_CIN96_HIN14_WIN28_COUT32_K3_UFCIN2_UFCOU2_PAD1_STRIDE1_BIASTrue_conv2d_ACTIVATIONrelu_ap_fixed_32_10_,Overall,7064944,70.649 ms,206,20,10855,18896,11.293859649122808,6.89,1.9802612375948627,0.79
config_CIN96_HIN14_WIN28_COUT32_K3_UFCIN2_UFCOU4_PAD1_STRIDE1_BIASTrue_conv2d_ACTIVATIONrelu_ap_fixed_32_10_,Overall,4352304,43.523 ms,206,36,10961,19775,11.293859649122808,7.22,1.999598657326328,1.43
config_CIN96_HIN14_WIN28_COUT32_K3_UFCIN2_UFCOU16_PAD1_STRIDE1_BIASTrue_conv2d_ACTIVATIONrelu_ap_fixed_32_10_,Overall,2317824,23.178 ms,206,132,11569,25364,11.293859649122808,9.25,2.1105151780502043,5.24
config_CIN96_HIN14_WIN28_COUT32_K3_UFCIN4_UFCOU2_PAD1_STRIDE1_BIASTrue_conv2d_ACTIVATIONrelu_ap_fixed_32_10_,Overall,6980272,69.803 ms,218,36,11114,20030,11.951754385964913,7.31,2.0275102159953295,1.43
config_CIN96_HIN14_WIN28_COUT32_K3_UFCIN4_UFCOU4_PAD1_STRIDE1_BIASTrue_conv2d_ACTIVATIONrelu_ap_fixed_32_10_,Overall,4267632,42.676 ms,218,68,11264,21525,11.951754385964913,7.85,2.0548744892002335,2.7
config_CIN96_HIN14_WIN28_COUT32_K3_UFCIN4_UFCOU16_PAD1_STRIDE1_BIASTrue_conv2d_ACTIVATIONrelu_ap_fixed_32_10_,Overall,2233152,22.332 ms,218,260,12096,30677,11.951754385964913,11.19,2.2066549912434326,10.32
config_CIN96_HIN14_WIN28_COUT32_K3_UFCIN16_UFCOU2_PAD1_STRIDE1_BIASTrue_conv2d_ACTIVATIONrelu_ap_fixed_32_10_,Overall,6916768,69.168 ms,258,132,12604,26822,14.144736842105262,9.79,2.2993286631640397,5.24
config_CIN96_HIN14_WIN28_COUT32_K3_UFCIN16_UFCOU4_PAD1_STRIDE1_BIASTrue_conv2d_ACTIVATIONrelu_ap_fixed_32_10_,Overall,4204128,42.041 ms,258,260,13018,31673,14.144736842105262,11.56,2.3748540572095735,10.32
config_CIN96_HIN14_WIN28_COUT32_K3_UFCIN16_UFCOU16_PAD1_STRIDE1_BIASTrue_conv2d_ACTIVATIONrelu_ap_fixed_32_10_,Overall,2169648,21.696 ms,450,1028,15194,61467,24.671052631578945,22.43,2.7718184471687097,40.79
config_CIN96_HIN14_WIN28_COUT96_K1_UFCIN2_UFCOU2_PAD1_STRIDE1_BIASTrue_conv2d_ACTIVATIONrelu_ap_fixed_32_10_,Overall,2635492,26.355 ms,290,20,10804,18383,15.899122807017543,6.71,1.9709573847051953,0.79
config_CIN96_HIN14_WIN28_COUT96_K1_UFCIN2_UFCOU4_PAD1_STRIDE1_BIASTrue_conv2d_ACTIVATIONrelu_ap_fixed_32_10_,Overall,1518052,15.181 ms,296,36,10980,19357,16.228070175438596,7.06,2.0030647985989494,1.43
config_CIN96_HIN14_WIN28_COUT96_K1_UFCIN2_UFCOU16_PAD1_STRIDE1_BIASTrue_conv2d_ACTIVATIONrelu_ap_fixed_32_10_,Overall,679972,6.800 ms,328,132,11630,25087,17.982456140350877,9.15,2.1216433158201986,5.24
config_CIN96_HIN14_WIN28_COUT96_K1_UFCIN4_UFCOU2_PAD1_STRIDE1_BIASTrue_conv2d_ACTIVATIONrelu_ap_fixed_32_10_,Overall,2623972,26.240 ms,302,36,11073,19338,16.557017543859647,7.06,2.0200306479859895,1.43
config_CIN96_HIN14_WIN28_COUT96_K1_UFCIN4_UFCOU4_PAD1_STRIDE1_BIASTrue_conv2d_ACTIVATIONrelu_ap_fixed_32_10_,Overall,1506532,15.065 ms,308,68,11301,20930,16.885964912280702,7.64,2.061624343257443,2.7
config_CIN96_HIN14_WIN28_COUT96_K1_UFCIN4_UFCOU16_PAD1_STRIDE1_BIASTrue_conv2d_ACTIVATIONrelu_ap_fixed_32_10_,Overall,668452,6.685 ms,372,260,12223,30316,20.394736842105264,11.06,2.2298234092235845,10.32
config_CIN96_HIN14_WIN28_COUT96_K1_UFCIN16_UFCOU2_PAD1_STRIDE1_BIASTrue_conv2d_ACTIVATIONrelu_ap_fixed_32_10_,Overall,2615332,26.153 ms,342,132,12627,25016,18.75,9.13,2.3035245183887914,5.24
config_CIN96_HIN14_WIN28_COUT96_K1_UFCIN16_UFCOU4_PAD1_STRIDE1_BIASTrue_conv2d_ACTIVATIONrelu_ap_fixed_32_10_,Overall,1497892,14.979 ms,380,260,13167,30148,20.833333333333336,11.0,2.402035901926445,10.32
config_CIN96_HIN14_WIN28_COUT96_K1_UFCIN16_UFCOU16_PAD1_STRIDE1_BIASTrue_conv2d_ACTIVATIONrelu_ap_fixed_32_10_,Overall,659812,6.598 ms,604,1028,15721,60440,33.114035087719294,22.05,2.867958260361938,40.79
config_CIN96_HIN14_WIN28_COUT96_K3_UFCIN2_UFCOU2_PAD1_STRIDE1_BIASTrue_conv2d_ACTIVATIONrelu_ap_fixed_32_10_,Overall,18050800,0.181 sec,400,20,10827,18975,21.929824561403507,6.92,1.9751532399299474,0.79
config_CIN96_HIN14_WIN28_COUT96_K3_UFCIN2_UFCOU4_PAD1_STRIDE1_BIASTrue_conv2d_ACTIVATIONrelu_ap_fixed_32_10_,Overall,9912880,99.129 ms,434,36,11004,19953,23.793859649122805,7.28,2.0074430823117337,1.43
config_CIN96_HIN14_WIN28_COUT96_K3_UFCIN2_UFCOU16_PAD1_STRIDE1_BIASTrue_conv2d_ACTIVATIONrelu_ap_fixed_32_10_,Overall,3809440,38.094 ms,538,132,11656,25677,29.49561403508772,9.37,2.1263864565090485,5.24
config_CIN96_HIN14_WIN28_COUT96_K3_UFCIN4_UFCOU2_PAD1_STRIDE1_BIASTrue_conv2d_ACTIVATIONrelu_ap_fixed_32_10_,Overall,17966128,0.180 sec,436,36,11096,20125,23.903508771929825,7.34,2.024226503210741,1.43
config_CIN96_HIN14_WIN28_COUT96_K3_UFCIN4_UFCOU4_PAD1_STRIDE1_BIASTrue_conv2d_ACTIVATIONrelu_ap_fixed_32_10_,Overall,9828208,98.282 ms,478,68,11325,21729,26.206140350877195,7.93,2.0660026269702274,2.7
config_CIN96_HIN14_WIN28_COUT96_K3_UFCIN4_UFCOU16_PAD1_STRIDE1_BIASTrue_conv2d_ACTIVATIONrelu_ap_fixed_32_10_,Overall,3724768,37.248 ms,550,260,12249,31101,30.153508771929825,11.35,2.2345665499124343,10.32
config_CIN96_HIN14_WIN28_COUT96_K3_UFCIN16_UFCOU2_PAD1_STRIDE1_BIASTrue_conv2d_ACTIVATIONrelu_ap_fixed_32_10_,Overall,17902624,0.179 sec,540,132,12648,27101,29.605263157894733,9.89,2.307355516637478,5.24
config_CIN96_HIN14_WIN28_COUT96_K3_UFCIN16_UFCOU4_PAD1_STRIDE1_BIASTrue_conv2d_ACTIVATIONrelu_ap_fixed_32_10_,Overall,9764704,97.647 ms,550,260,13189,32237,30.153508771929825,11.76,2.406049328663164,10.32
config_CIN96_HIN14_WIN28_COUT96_K3_UFCIN16_UFCOU16_PAD1_STRIDE1_BIASTrue_conv2d_ACTIVATIONrelu_ap_fixed_32_10_,Overall,3661264,36.613 ms,590,1028,15745,62429,32.34649122807017,22.78,2.872336544074723,40.79
config_CIN96_HIN14_WIN56_COUT32_K1_UFCIN2_UFCOU2_PAD1_STRIDE1_BIASTrue_conv2d_ACTIVATIONrelu_ap_fixed_32_10_,Overall,2280171,22.802 ms,274,28,11199,18059,15.021929824561402,6.59,2.0430166374781082,1.11
config_CIN96_HIN14_WIN56_COUT32_K1_UFCIN2_UFCOU4_PAD1_STRIDE1_BIASTrue_conv2d_ACTIVATIONrelu_ap_fixed_32_10_,Overall,1560043,15.600 ms,278,44,11305,18971,15.241228070175438,6.92,2.062354057209574,1.75
config_CIN96_HIN14_WIN56_COUT32_K1_UFCIN2_UFCOU16_PAD1_STRIDE1_BIASTrue_conv2d_ACTIVATIONrelu_ap_fixed_32_10_,Overall,1019947,10.199 ms,302,140,11924,24658,16.557017543859647,9.0,2.1752772913018097,5.56
config_CIN96_HIN14_WIN56_COUT32_K1_UFCIN4_UFCOU2_PAD1_STRIDE1_BIASTrue_conv2d_ACTIVATIONrelu_ap_fixed_32_10_,Overall,2257899,22.579 ms,282,46,11631,18988,15.460526315789474,6.93,2.1218257443082313,1.83
config_CIN96_HIN14_WIN56_COUT32_K1_UFCIN4_UFCOU4_PAD1_STRIDE1_BIASTrue_conv2d_ACTIVATIONrelu_ap_fixed_32_10_,Overall,1537771,15.378 ms,294,78,11783,20518,16.11842105263158,7.49,2.1495548744892004,3.1
config_CIN96_HIN14_WIN56_COUT32_K1_UFCIN4_UFCOU16_PAD1_STRIDE1_BIASTrue_conv2d_ACTIVATIONrelu_ap_fixed_32_10_,Overall,997675,9.977 ms,342,270,12646,29798,18.75,10.87,2.306990659661413,10.71
config_CIN96_HIN14_WIN56_COUT32_K1_UFCIN16_UFCOU2_PAD1_STRIDE1_BIASTrue_conv2d_ACTIVATIONrelu_ap_fixed_32_10_,Overall,2241195,22.412 ms,378,154,14135,24408,20.723684210526315,8.91,2.57862667834209,6.11
config_CIN96_HIN14_WIN56_COUT32_K1_UFCIN16_UFCOU4_PAD1_STRIDE1_BIASTrue_conv2d_ACTIVATIONrelu_ap_fixed_32_10_,Overall,1521067,15.211 ms,414,282,14563,29342,22.697368421052634,10.71,2.6567060712200816,11.19
config_CIN96_HIN14_WIN56_COUT32_K1_UFCIN16_UFCOU16_PAD1_STRIDE1_BIASTrue_conv2d_ACTIVATIONrelu_ap_fixed_32_10_,Overall,980971,9.810 ms,350,1050,25082,61165,19.188596491228072,22.32,4.575671336835961,41.67
config_CIN96_HIN14_WIN56_COUT32_K3_UFCIN2_UFCOU2_PAD1_STRIDE1_BIASTrue_conv2d_ACTIVATIONrelu_ap_fixed_32_10_,Overall,14099776,0.141 sec,320,20,10879,18924,17.543859649122805,6.9,1.9846395213076473,0.79
config_CIN96_HIN14_WIN56_COUT32_K3_UFCIN2_UFCOU4_PAD1_STRIDE1_BIASTrue_conv2d_ACTIVATIONrelu_ap_fixed_32_10_,Overall,8674496,86.745 ms,328,36,10989,19816,17.982456140350877,7.23,2.0047066549912436,1.43
config_CIN96_HIN14_WIN56_COUT32_K3_UFCIN2_UFCOU16_PAD1_STRIDE1_BIASTrue_conv2d_ACTIVATIONrelu_ap_fixed_32_10_,Overall,4605536,46.055 ms,328,132,11621,25393,17.982456140350877,9.26,2.1200014594279044,5.24
config_CIN96_HIN14_WIN56_COUT32_K3_UFCIN4_UFCOU2_PAD1_STRIDE1_BIASTrue_conv2d_ACTIVATIONrelu_ap_fixed_32_10_,Overall,13930432,0.139 sec,328,36,11143,20054,17.982456140350877,7.32,2.032800642148278,1.43
config_CIN96_HIN14_WIN56_COUT32_K3_UFCIN4_UFCOU4_PAD1_STRIDE1_BIASTrue_conv2d_ACTIVATIONrelu_ap_fixed_32_10_,Overall,8505152,85.052 ms,336,68,11301,21566,18.421052631578945,7.87,2.061624343257443,2.7
config_CIN96_HIN14_WIN56_COUT32_K3_UFCIN4_UFCOU16_PAD1_STRIDE1_BIASTrue_conv2d_ACTIVATIONrelu_ap_fixed_32_10_,Overall,4436192,44.362 ms,336,260,12181,30702,18.421052631578945,11.2,2.2221614127262113,10.32
config_CIN96_HIN14_WIN56_COUT32_K3_UFCIN16_UFCOU2_PAD1_STRIDE1_BIASTrue_conv2d_ACTIVATIONrelu_ap_fixed_32_10_,Overall,13803424,0.138 sec,400,132,12657,26822,21.929824561403507,9.79,2.3089973730297726,5.24
config_CIN96_HIN14_WIN56_COUT32_K3_UFCIN16_UFCOU4_PAD1_STRIDE1_BIASTrue_conv2d_ACTIVATIONrelu_ap_fixed_32_10_,Overall,8378144,83.781 ms,408,260,13103,31714,22.36842105263158,11.57,2.3903604786923527,10.32
config_CIN96_HIN14_WIN56_COUT32_K3_UFCIN16_UFCOU16_PAD1_STRIDE1_BIASTrue_conv2d_ACTIVATIONrelu_ap_fixed_32_10_,Overall,4309184,43.092 ms,600,1028,15471,61468,32.89473684210527,22.43,2.822351138353765,40.79
config_CIN96_HIN14_WIN56_COUT96_K1_UFCIN2_UFCOU2_PAD1_STRIDE1_BIASTrue_conv2d_ACTIVATIONrelu_ap_fixed_32_10_,Overall,5349739,53.497 ms,508,28,11178,18181,27.850877192982455,6.63,2.039185639229422,1.11
config_CIN96_HIN14_WIN56_COUT96_K1_UFCIN2_UFCOU4_PAD1_STRIDE1_BIASTrue_conv2d_ACTIVATIONrelu_ap_fixed_32_10_,Overall,3189355,31.894 ms,510,44,11356,19140,27.960526315789476,6.98,2.071657910099241,1.75
config_CIN96_HIN14_WIN56_COUT96_K1_UFCIN2_UFCOU16_PAD1_STRIDE1_BIASTrue_conv2d_ACTIVATIONrelu_ap_fixed_32_10_,Overall,1569067,15.691 ms,566,140,12024,24867,31.030701754385966,9.07,2.1935201401050786,5.56
config_CIN96_HIN14_WIN56_COUT96_K1_UFCIN4_UFCOU2_PAD1_STRIDE1_BIASTrue_conv2d_ACTIVATIONrelu_ap_fixed_32_10_,Overall,5327467,53.275 ms,516,46,11624,19136,28.289473684210524,6.98,2.1205487448920026,1.83
config_CIN96_HIN14_WIN56_COUT96_K1_UFCIN4_UFCOU4_PAD1_STRIDE1_BIASTrue_conv2d_ACTIVATIONrelu_ap_fixed_32_10_,Overall,3167083,31.671 ms,518,78,11856,20713,28.399122807017545,7.56,2.1628721541155866,3.1
config_CIN96_HIN14_WIN56_COUT96_K1_UFCIN4_UFCOU16_PAD1_STRIDE1_BIASTrue_conv2d_ACTIVATIONrelu_ap_fixed_32_10_,Overall,1546795,15.468 ms,606,270,12816,30092,33.223684210526315,10.98,2.3380035026269703,10.71
config_CIN96_HIN14_WIN56_COUT96_K1_UFCIN16_UFCOU2_PAD1_STRIDE1_BIASTrue_conv2d_ACTIVATIONrelu_ap_fixed_32_10_,Overall,5310763,53.108 ms,588,154,14214,24814,32.23684210526316,9.05,2.5930385288966726,6.11
config_CIN96_HIN14_WIN56_COUT96_K1_UFCIN16_UFCOU4_PAD1_STRIDE1_BIASTrue_conv2d_ACTIVATIONrelu_ap_fixed_32_10_,Overall,3150379,31.504 ms,622,282,14770,29931,34.10087719298245,10.92,2.6944687682428485,11.19
config_CIN96_HIN14_WIN56_COUT96_K1_UFCIN16_UFCOU16_PAD1_STRIDE1_BIASTrue_conv2d_ACTIVATIONrelu_ap_fixed_32_10_,Overall,1530091,15.301 ms,870,1050,17482,60192,47.69736842105263,21.96,3.189214827787507,41.67
config_CIN96_HIN14_WIN56_COUT96_K3_UFCIN2_UFCOU2_PAD1_STRIDE1_BIASTrue_conv2d_ACTIVATIONrelu_ap_fixed_32_10_,Overall,36011456,0.360 sec,602,20,10851,19020,33.00438596491228,6.94,1.979531523642732,0.79
config_CIN96_HIN14_WIN56_COUT96_K3_UFCIN2_UFCOU4_PAD1_STRIDE1_BIASTrue_conv2d_ACTIVATIONrelu_ap_fixed_32_10_,Overall,19735616,0.197 sec,632,36,11033,19979,34.64912280701755,7.29,2.012733508464682,1.43
config_CIN96_HIN14_WIN56_COUT96_K3_UFCIN2_UFCOU16_PAD1_STRIDE1_BIASTrue_conv2d_ACTIVATIONrelu_ap_fixed_32_10_,Overall,7528736,75.287 ms,768,132,11708,25722,42.10526315789473,9.38,2.135872737886748,5.24
config_CIN96_HIN14_WIN56_COUT96_K3_UFCIN4_UFCOU2_PAD1_STRIDE1_BIASTrue_conv2d_ACTIVATIONrelu_ap_fixed_32_10_,Overall,35842112,0.358 sec,634,36,11125,20170,34.75877192982456,7.36,2.029516929363689,1.43
config_CIN96_HIN14_WIN56_COUT96_K3_UFCIN4_UFCOU4_PAD1_STRIDE1_BIASTrue_conv2d_ACTIVATIONrelu_ap_fixed_32_10_,Overall,19566272,0.196 sec,672,68,11363,21755,36.84210526315789,7.94,2.0729349095154697,2.7
config_CIN96_HIN14_WIN56_COUT96_K3_UFCIN4_UFCOU16_PAD1_STRIDE1_BIASTrue_conv2d_ACTIVATIONrelu_ap_fixed_32_10_,Overall,7359392,73.594 ms,776,260,12334,31146,42.54385964912281,11.36,2.250072971395213,10.32
config_CIN96_HIN14_WIN56_COUT96_K3_UFCIN16_UFCOU2_PAD1_STRIDE1_BIASTrue_conv2d_ACTIVATIONrelu_ap_fixed_32_10_,Overall,35715104,0.357 sec,770,132,12701,27146,42.21491228070175,9.9,2.317024226503211,5.24
config_CIN96_HIN14_WIN56_COUT96_K3_UFCIN16_UFCOU4_PAD1_STRIDE1_BIASTrue_conv2d_ACTIVATIONrelu_ap_fixed_32_10_,Overall,19439264,0.194 sec,776,260,13275,32263,42.54385964912281,11.77,2.4217381786339756,10.32
config_CIN96_HIN14_WIN56_COUT96_K3_UFCIN16_UFCOU16_PAD1_STRIDE1_BIASTrue_conv2d_ACTIVATIONrelu_ap_fixed_32_10_,Overall,7232384,72.324 ms,848,1028,16022,62474,46.49122807017544,22.79,2.9228692352597783,40.79
config_CIN96_HIN28_WIN14_COUT32_K1_UFCIN2_UFCOU2_PAD1_STRIDE1_BIASTrue_conv2d_ACTIVATIONrelu_ap_fixed_32_10_,Overall,1042560,10.426 ms,152,20,10825,18322,8.333333333333332,6.68,1.9747883829538821,0.79
config_CIN96_HIN28_WIN14_COUT32_K1_UFCIN2_UFCOU4_PAD1_STRIDE1_BIASTrue_conv2d_ACTIVATIONrelu_ap_fixed_32_10_,Overall,670080,6.701 ms,152,36,10931,19237,8.333333333333332,7.02,1.9941258026853474,1.43
config_CIN96_HIN28_WIN14_COUT32_K1_UFCIN2_UFCOU16_PAD1_STRIDE1_BIASTrue_conv2d_ACTIVATIONrelu_ap_fixed_32_10_,Overall,390720,3.907 ms,176,132,11534,24759,9.649122807017543,9.03,2.1041301809690602,5.24
config_CIN96_HIN28_WIN14_COUT32_K1_UFCIN4_UFCOU2_PAD1_STRIDE1_BIASTrue_conv2d_ACTIVATIONrelu_ap_fixed_32_10_,Overall,1031040,10.310 ms,164,36,11084,19261,8.991228070175438,7.03,2.022037361354349,1.43
config_CIN96_HIN28_WIN14_COUT32_K1_UFCIN4_UFCOU4_PAD1_STRIDE1_BIASTrue_conv2d_ACTIVATIONrelu_ap_fixed_32_10_,Overall,658560,6.586 ms,172,68,11234,20798,9.429824561403509,7.59,2.0494016345592527,2.7
config_CIN96_HIN28_WIN14_COUT32_K1_UFCIN4_UFCOU16_PAD1_STRIDE1_BIASTrue_conv2d_ACTIVATIONrelu_ap_fixed_32_10_,Overall,379200,3.792 ms,220,260,12061,29867,12.06140350877193,10.9,2.2002699941622885,10.32
config_CIN96_HIN28_WIN14_COUT32_K1_UFCIN16_UFCOU2_PAD1_STRIDE1_BIASTrue_conv2d_ACTIVATIONrelu_ap_fixed_32_10_,Overall,1022400,10.224 ms,228,132,12576,24735,12.5,9.02,2.2942206654991244,5.24
config_CIN96_HIN28_WIN14_COUT32_K1_UFCIN16_UFCOU4_PAD1_STRIDE1_BIASTrue_conv2d_ACTIVATIONrelu_ap_fixed_32_10_,Overall,649920,6.499 ms,260,260,12990,29700,14.25438596491228,10.84,2.3697460595446582,10.32
config_CIN96_HIN28_WIN14_COUT32_K1_UFCIN16_UFCOU16_PAD1_STRIDE1_BIASTrue_conv2d_ACTIVATIONrelu_ap_fixed_32_10_,Overall,370560,3.706 ms,196,1028,23353,61036,10.74561403508772,22.27,4.260252481027437,40.79
config_CIN96_HIN28_WIN14_COUT32_K3_UFCIN2_UFCOU2_PAD1_STRIDE1_BIASTrue_conv2d_ACTIVATIONrelu_ap_fixed_32_10_,Overall,7064972,70.650 ms,206,20,10856,18887,11.293859649122808,6.89,1.9804436660828957,0.79
config_CIN96_HIN28_WIN14_COUT32_K3_UFCIN2_UFCOU4_PAD1_STRIDE1_BIASTrue_conv2d_ACTIVATIONrelu_ap_fixed_32_10_,Overall,4352332,43.523 ms,206,36,10962,19806,11.293859649122808,7.23,1.9997810858143605,1.43
config_CIN96_HIN28_WIN14_COUT32_K3_UFCIN2_UFCOU16_PAD1_STRIDE1_BIASTrue_conv2d_ACTIVATIONrelu_ap_fixed_32_10_,Overall,2317852,23.179 ms,206,132,11571,25369,11.293859649122808,9.26,2.1108800350262698,5.24
config_CIN96_HIN28_WIN14_COUT32_K3_UFCIN4_UFCOU2_PAD1_STRIDE1_BIASTrue_conv2d_ACTIVATIONrelu_ap_fixed_32_10_,Overall,6980300,69.803 ms,218,36,11115,20019,11.951754385964913,7.3,2.0276926444833627,1.43
config_CIN96_HIN28_WIN14_COUT32_K3_UFCIN4_UFCOU4_PAD1_STRIDE1_BIASTrue_conv2d_ACTIVATIONrelu_ap_fixed_32_10_,Overall,4267660,42.677 ms,218,68,11265,21570,11.951754385964913,7.87,2.0550569176882663,2.7
config_CIN96_HIN28_WIN14_COUT32_K3_UFCIN4_UFCOU16_PAD1_STRIDE1_BIASTrue_conv2d_ACTIVATIONrelu_ap_fixed_32_10_,Overall,2233180,22.332 ms,218,260,12098,30686,11.951754385964913,11.2,2.207019848219498,10.32
config_CIN96_HIN28_WIN14_COUT32_K3_UFCIN16_UFCOU2_PAD1_STRIDE1_BIASTrue_conv2d_ACTIVATIONrelu_ap_fixed_32_10_,Overall,6916796,69.168 ms,258,132,12605,26793,14.144736842105262,9.78,2.2995110916520725,5.24
config_CIN96_HIN28_WIN14_COUT32_K3_UFCIN16_UFCOU4_PAD1_STRIDE1_BIASTrue_conv2d_ACTIVATIONrelu_ap_fixed_32_10_,Overall,4204156,42.042 ms,258,260,13019,31796,14.144736842105262,11.6,2.3750364856976067,10.32
config_CIN96_HIN28_WIN14_COUT32_K3_UFCIN16_UFCOU16_PAD1_STRIDE1_BIASTrue_conv2d_ACTIVATIONrelu_ap_fixed_32_10_,Overall,2169676,21.697 ms,450,1028,15196,61494,24.671052631578945,22.44,2.772183304144775,40.79
config_CIN96_HIN28_WIN14_COUT96_K1_UFCIN2_UFCOU2_PAD1_STRIDE1_BIASTrue_conv2d_ACTIVATIONrelu_ap_fixed_32_10_,Overall,2635520,26.355 ms,290,20,10797,18433,15.899122807017543,6.73,1.9696803852889668,0.79
config_CIN96_HIN28_WIN14_COUT96_K1_UFCIN2_UFCOU4_PAD1_STRIDE1_BIASTrue_conv2d_ACTIVATIONrelu_ap_fixed_32_10_,Overall,1518080,15.181 ms,296,36,10974,19415,16.228070175438596,7.08,2.0019702276707534,1.43
config_CIN96_HIN28_WIN14_COUT96_K1_UFCIN2_UFCOU16_PAD1_STRIDE1_BIASTrue_conv2d_ACTIVATIONrelu_ap_fixed_32_10_,Overall,680000,6.800 ms,328,132,11626,25139,17.982456140350877,9.17,2.1209136018680677,5.24
config_CIN96_HIN28_WIN14_COUT96_K1_UFCIN4_UFCOU2_PAD1_STRIDE1_BIASTrue_conv2d_ACTIVATIONrelu_ap_fixed_32_10_,Overall,2624000,26.240 ms,302,36,11066,19394,16.557017543859647,7.08,2.018753648569761,1.43
config_CIN96_HIN28_WIN14_COUT96_K1_UFCIN4_UFCOU4_PAD1_STRIDE1_BIASTrue_conv2d_ACTIVATIONrelu_ap_fixed_32_10_,Overall,1506560,15.066 ms,308,68,11295,20998,16.885964912280702,7.66,2.060529772329247,2.7
config_CIN96_HIN28_WIN14_COUT96_K1_UFCIN4_UFCOU16_PAD1_STRIDE1_BIASTrue_conv2d_ACTIVATIONrelu_ap_fixed_32_10_,Overall,668480,6.685 ms,372,260,12219,30378,20.394736842105264,11.08,2.2290936952714535,10.32
config_CIN96_HIN28_WIN14_COUT96_K1_UFCIN16_UFCOU2_PAD1_STRIDE1_BIASTrue_conv2d_ACTIVATIONrelu_ap_fixed_32_10_,Overall,2615360,26.154 ms,342,132,12620,25102,18.75,9.16,2.3022475189725626,5.24
config_CIN96_HIN28_WIN14_COUT96_K1_UFCIN16_UFCOU4_PAD1_STRIDE1_BIASTrue_conv2d_ACTIVATIONrelu_ap_fixed_32_10_,Overall,1497920,14.979 ms,380,260,13161,30270,20.833333333333336,11.04,2.400941330998249,10.32
config_CIN96_HIN28_WIN14_COUT96_K1_UFCIN16_UFCOU16_PAD1_STRIDE1_BIASTrue_conv2d_ACTIVATIONrelu_ap_fixed_32_10_,Overall,659840,6.598 ms,604,1028,15717,60556,33.114035087719294,22.09,2.8672285464098075,40.79
config_CIN96_HIN28_WIN14_COUT96_K3_UFCIN2_UFCOU2_PAD1_STRIDE1_BIASTrue_conv2d_ACTIVATIONrelu_ap_fixed_32_10_,Overall,18050828,0.181 sec,400,20,10827,18987,21.929824561403507,6.93,1.9751532399299474,0.79
config_CIN96_HIN28_WIN14_COUT96_K3_UFCIN2_UFCOU4_PAD1_STRIDE1_BIASTrue_conv2d_ACTIVATIONrelu_ap_fixed_32_10_,Overall,9912908,99.129 ms,434,36,11005,19956,23.793859649122805,7.28,2.0076255107997665,1.43
config_CIN96_HIN28_WIN14_COUT96_K3_UFCIN2_UFCOU16_PAD1_STRIDE1_BIASTrue_conv2d_ACTIVATIONrelu_ap_fixed_32_10_,Overall,3809468,38.095 ms,538,132,11657,25710,29.49561403508772,9.38,2.126568884997081,5.24
config_CIN96_HIN28_WIN14_COUT96_K3_UFCIN4_UFCOU2_PAD1_STRIDE1_BIASTrue_conv2d_ACTIVATIONrelu_ap_fixed_32_10_,Overall,17966156,0.180 sec,436,36,11096,20135,23.903508771929825,7.35,2.024226503210741,1.43
config_CIN96_HIN28_WIN14_COUT96_K3_UFCIN4_UFCOU4_PAD1_STRIDE1_BIASTrue_conv2d_ACTIVATIONrelu_ap_fixed_32_10_,Overall,9828236,98.282 ms,478,68,11326,21734,26.206140350877195,7.93,2.0661850554582606,2.7
config_CIN96_HIN28_WIN14_COUT96_K3_UFCIN4_UFCOU16_PAD1_STRIDE1_BIASTrue_conv2d_ACTIVATIONrelu_ap_fixed_32_10_,Overall,3724796,37.248 ms,550,260,12250,31148,30.153508771929825,11.36,2.234748978400467,10.32
config_CIN96_HIN28_WIN14_COUT96_K3_UFCIN16_UFCOU2_PAD1_STRIDE1_BIASTrue_conv2d_ACTIVATIONrelu_ap_fixed_32_10_,Overall,17902652,0.179 sec,540,132,12648,27093,29.605263157894733,9.89,2.307355516637478,5.24
config_CIN96_HIN28_WIN14_COUT96_K3_UFCIN16_UFCOU4_PAD1_STRIDE1_BIASTrue_conv2d_ACTIVATIONrelu_ap_fixed_32_10_,Overall,9764732,97.647 ms,550,260,13190,32248,30.153508771929825,11.77,2.4062317571511964,10.32
config_CIN96_HIN28_WIN14_COUT96_K3_UFCIN16_UFCOU16_PAD1_STRIDE1_BIASTrue_conv2d_ACTIVATIONrelu_ap_fixed_32_10_,Overall,3661292,36.613 ms,590,1028,15746,62554,32.34649122807017,22.82,2.872518972562755,40.79
config_CIN96_HIN28_WIN28_COUT32_K1_UFCIN2_UFCOU2_PAD1_STRIDE1_BIASTrue_conv2d_ACTIVATIONrelu_ap_fixed_32_10_,Overall,1954632,19.546 ms,274,20,10834,18466,15.021929824561402,6.74,1.9764302393461763,0.79
config_CIN96_HIN28_WIN28_COUT32_K1_UFCIN2_UFCOU4_PAD1_STRIDE1_BIASTrue_conv2d_ACTIVATIONrelu_ap_fixed_32_10_,Overall,1256232,12.562 ms,278,36,10944,19397,15.241228070175438,7.08,1.9964973730297721,1.43
config_CIN96_HIN28_WIN28_COUT32_K1_UFCIN2_UFCOU16_PAD1_STRIDE1_BIASTrue_conv2d_ACTIVATIONrelu_ap_fixed_32_10_,Overall,732432,7.324 ms,302,132,11577,24933,16.557017543859647,9.1,2.1119746059544657,5.24
config_CIN96_HIN28_WIN28_COUT32_K1_UFCIN4_UFCOU2_PAD1_STRIDE1_BIASTrue_conv2d_ACTIVATIONrelu_ap_fixed_32_10_,Overall,1933032,19.330 ms,282,36,11098,19469,15.460526315789474,7.1,2.0245913601868066,1.43
config_CIN96_HIN28_WIN28_COUT32_K1_UFCIN4_UFCOU4_PAD1_STRIDE1_BIASTrue_conv2d_ACTIVATIONrelu_ap_fixed_32_10_,Overall,1234632,12.346 ms,294,68,11256,21026,16.11842105263158,7.67,2.053415061295972,2.7
config_CIN96_HIN28_WIN28_COUT32_K1_UFCIN4_UFCOU16_PAD1_STRIDE1_BIASTrue_conv2d_ACTIVATIONrelu_ap_fixed_32_10_,Overall,710832,7.108 ms,342,260,12137,30111,18.75,10.99,2.2141345592527726,10.32
config_CIN96_HIN28_WIN28_COUT32_K1_UFCIN16_UFCOU2_PAD1_STRIDE1_BIASTrue_conv2d_ACTIVATIONrelu_ap_fixed_32_10_,Overall,1916832,19.168 ms,378,132,12614,25327,20.723684210526315,9.24,2.3011529480443667,5.24
config_CIN96_HIN28_WIN28_COUT32_K1_UFCIN16_UFCOU4_PAD1_STRIDE1_BIASTrue_conv2d_ACTIVATIONrelu_ap_fixed_32_10_,Overall,1218432,12.184 ms,414,260,13060,30336,22.697368421052634,11.07,2.382516053706947,10.32
config_CIN96_HIN28_WIN28_COUT32_K1_UFCIN16_UFCOU16_PAD1_STRIDE1_BIASTrue_conv2d_ACTIVATIONrelu_ap_fixed_32_10_,Overall,694632,6.946 ms,350,1028,23621,61700,19.188596491228072,22.51,4.309143315820198,40.79
config_CIN96_HIN28_WIN28_COUT32_K3_UFCIN2_UFCOU2_PAD1_STRIDE1_BIASTrue_conv2d_ACTIVATIONrelu_ap_fixed_32_10_,Overall,14099804,0.141 sec,320,20,10880,18905,17.543859649122805,6.9,1.98482194979568,0.79
config_CIN96_HIN28_WIN28_COUT32_K3_UFCIN2_UFCOU4_PAD1_STRIDE1_BIASTrue_conv2d_ACTIVATIONrelu_ap_fixed_32_10_,Overall,8674524,86.745 ms,328,36,10990,19836,17.982456140350877,7.24,2.0048890834792763,1.43
config_CIN96_HIN28_WIN28_COUT32_K3_UFCIN2_UFCOU16_PAD1_STRIDE1_BIASTrue_conv2d_ACTIVATIONrelu_ap_fixed_32_10_,Overall,4605564,46.056 ms,328,132,11623,25387,17.982456140350877,9.26,2.1203663164039694,5.24
config_CIN96_HIN28_WIN28_COUT32_K3_UFCIN4_UFCOU2_PAD1_STRIDE1_BIASTrue_conv2d_ACTIVATIONrelu_ap_fixed_32_10_,Overall,13930460,0.139 sec,328,36,11144,20033,17.982456140350877,7.31,2.032983070636311,1.43
config_CIN96_HIN28_WIN28_COUT32_K3_UFCIN4_UFCOU4_PAD1_STRIDE1_BIASTrue_conv2d_ACTIVATIONrelu_ap_fixed_32_10_,Overall,8505180,85.052 ms,336,68,11302,21600,18.421052631578945,7.88,2.0618067717454758,2.7
config_CIN96_HIN28_WIN28_COUT32_K3_UFCIN4_UFCOU16_PAD1_STRIDE1_BIASTrue_conv2d_ACTIVATIONrelu_ap_fixed_32_10_,Overall,4436220,44.362 ms,336,260,12183,30700,18.421052631578945,11.2,2.2225262697022767,10.32
config_CIN96_HIN28_WIN28_COUT32_K3_UFCIN16_UFCOU2_PAD1_STRIDE1_BIASTrue_conv2d_ACTIVATIONrelu_ap_fixed_32_10_,Overall,13803452,0.138 sec,400,132,12658,26783,21.929824561403507,9.77,2.309179801517805,5.24
config_CIN96_HIN28_WIN28_COUT32_K3_UFCIN16_UFCOU4_PAD1_STRIDE1_BIASTrue_conv2d_ACTIVATIONrelu_ap_fixed_32_10_,Overall,8378172,83.782 ms,408,260,13104,31826,22.36842105263158,11.61,2.3905429071803854,10.32
config_CIN96_HIN28_WIN28_COUT32_K3_UFCIN16_UFCOU16_PAD1_STRIDE1_BIASTrue_conv2d_ACTIVATIONrelu_ap_fixed_32_10_,Overall,4309212,43.092 ms,600,1028,15473,61484,32.89473684210527,22.43,2.8227159953298306,40.79
config_CIN96_HIN28_WIN28_COUT96_K1_UFCIN2_UFCOU2_PAD1_STRIDE1_BIASTrue_conv2d_ACTIVATIONrelu_ap_fixed_32_10_,Overall,4931912,49.319 ms,506,20,10806,18571,27.74122807017544,6.78,1.9713222416812608,0.79
config_CIN96_HIN28_WIN28_COUT96_K1_UFCIN2_UFCOU4_PAD1_STRIDE1_BIASTrue_conv2d_ACTIVATIONrelu_ap_fixed_32_10_,Overall,2836712,28.367 ms,508,36,10987,19557,27.850877192982455,7.14,2.004341798015178,1.43
config_CIN96_HIN28_WIN28_COUT96_K1_UFCIN2_UFCOU16_PAD1_STRIDE1_BIASTrue_conv2d_ACTIVATIONrelu_ap_fixed_32_10_,Overall,1265312,12.653 ms,564,132,11663,25301,30.92105263157895,9.23,2.127663455925277,5.24
config_CIN96_HIN28_WIN28_COUT96_K1_UFCIN4_UFCOU2_PAD1_STRIDE1_BIASTrue_conv2d_ACTIVATIONrelu_ap_fixed_32_10_,Overall,4910312,49.103 ms,514,36,11080,19596,28.17982456140351,7.15,2.0213076474022182,1.43
config_CIN96_HIN28_WIN28_COUT96_K1_UFCIN4_UFCOU4_PAD1_STRIDE1_BIASTrue_conv2d_ACTIVATIONrelu_ap_fixed_32_10_,Overall,2815112,28.151 ms,516,68,11317,21204,28.289473684210524,7.74,2.064543199065966,2.7
config_CIN96_HIN28_WIN28_COUT96_K1_UFCIN4_UFCOU16_PAD1_STRIDE1_BIASTrue_conv2d_ACTIVATIONrelu_ap_fixed_32_10_,Overall,1243712,12.437 ms,604,260,12289,30608,33.114035087719294,11.17,2.241863689433742,10.32
config_CIN96_HIN28_WIN28_COUT96_K1_UFCIN16_UFCOU2_PAD1_STRIDE1_BIASTrue_conv2d_ACTIVATIONrelu_ap_fixed_32_10_,Overall,4894112,48.941 ms,586,132,12658,25688,32.127192982456144,9.37,2.309179801517805,5.24
config_CIN96_HIN28_WIN28_COUT96_K1_UFCIN16_UFCOU4_PAD1_STRIDE1_BIASTrue_conv2d_ACTIVATIONrelu_ap_fixed_32_10_,Overall,2798912,27.989 ms,620,260,13231,30860,33.99122807017544,11.26,2.413711325160537,10.32
config_CIN96_HIN28_WIN28_COUT96_K1_UFCIN16_UFCOU16_PAD1_STRIDE1_BIASTrue_conv2d_ACTIVATIONrelu_ap_fixed_32_10_,Overall,1227512,12.275 ms,868,1028,15979,61194,47.58771929824561,22.33,2.9150248102743723,40.79
config_CIN96_HIN28_WIN28_COUT96_K3_UFCIN2_UFCOU2_PAD1_STRIDE1_BIASTrue_conv2d_ACTIVATIONrelu_ap_fixed_32_10_,Overall,36011484,0.360 sec,602,20,10852,19002,33.00438596491228,6.93,1.9797139521307647,0.79
config_CIN96_HIN28_WIN28_COUT96_K3_UFCIN2_UFCOU4_PAD1_STRIDE1_BIASTrue_conv2d_ACTIVATIONrelu_ap_fixed_32_10_,Overall,19735644,0.197 sec,632,36,11033,19990,34.64912280701755,7.29,2.012733508464682,1.43
config_CIN96_HIN28_WIN28_COUT96_K3_UFCIN2_UFCOU16_PAD1_STRIDE1_BIASTrue_conv2d_ACTIVATIONrelu_ap_fixed_32_10_,Overall,7528764,75.288 ms,768,132,11709,25744,42.10526315789473,9.39,2.1360551663747813,5.24
config_CIN96_HIN28_WIN28_COUT96_K3_UFCIN4_UFCOU2_PAD1_STRIDE1_BIASTrue_conv2d_ACTIVATIONrelu_ap_fixed_32_10_,Overall,35842140,0.358 sec,634,36,11126,20150,34.75877192982456,7.35,2.029699357851722,1.43
config_CIN96_HIN28_WIN28_COUT96_K3_UFCIN4_UFCOU4_PAD1_STRIDE1_BIASTrue_conv2d_ACTIVATIONrelu_ap_fixed_32_10_,Overall,19566300,0.196 sec,672,68,11363,21768,36.84210526315789,7.94,2.0729349095154697,2.7
config_CIN96_HIN28_WIN28_COUT96_K3_UFCIN4_UFCOU16_PAD1_STRIDE1_BIASTrue_conv2d_ACTIVATIONrelu_ap_fixed_32_10_,Overall,7359420,73.594 ms,776,260,12335,31182,42.54385964912281,11.38,2.2502553998832457,10.32
config_CIN96_HIN28_WIN28_COUT96_K3_UFCIN16_UFCOU2_PAD1_STRIDE1_BIASTrue_conv2d_ACTIVATIONrelu_ap_fixed_32_10_,Overall,35715132,0.357 sec,770,132,12702,27108,42.21491228070175,9.89,2.317206654991243,5.24
config_CIN96_HIN28_WIN28_COUT96_K3_UFCIN16_UFCOU4_PAD1_STRIDE1_BIASTrue_conv2d_ACTIVATIONrelu_ap_fixed_32_10_,Overall,19439292,0.194 sec,776,260,13275,32282,42.54385964912281,11.78,2.4217381786339756,10.32
config_CIN96_HIN28_WIN28_COUT96_K3_UFCIN16_UFCOU16_PAD1_STRIDE1_BIASTrue_conv2d_ACTIVATIONrelu_ap_fixed_32_10_,Overall,7232412,72.324 ms,848,1028,16023,62588,46.49122807017544,22.84,2.923051663747811,40.79
config_CIN96_HIN28_WIN56_COUT32_K1_UFCIN2_UFCOU16_PAD1_STRIDE1_BIASTrue_conv2d_ACTIVATIONrelu_ap_fixed_32_10_,Overall,1916983,19.170 ms,544,140,12016,24756,29.82456140350877,9.03,2.192060712200817,5.56
config_CIN96_HIN28_WIN56_COUT32_K1_UFCIN16_UFCOU2_PAD1_STRIDE1_BIASTrue_conv2d_ACTIVATIONrelu_ap_fixed_32_10_,Overall,4206823,42.068 ms,596,154,14220,24814,32.67543859649123,9.05,2.5941330998248686,6.11
config_CIN96_HIN28_WIN56_COUT32_K1_UFCIN16_UFCOU4_PAD1_STRIDE1_BIASTrue_conv2d_ACTIVATIONrelu_ap_fixed_32_10_,Overall,2856583,28.566 ms,636,282,14681,29728,34.868421052631575,10.85,2.6782326328079393,11.19
config_CIN96_HIN28_WIN56_COUT32_K1_UFCIN16_UFCOU16_PAD1_STRIDE1_BIASTrue_conv2d_ACTIVATIONrelu_ap_fixed_32_10_,Overall,1843903,18.439 ms,588,1050,25399,61291,32.23684210526316,22.36,4.633501167542323,41.67
