0.742770195
1.20119476
-2.22587633
-2.28774095
6.69816971
6.65584993
-3.56146669
-3.59271193
14.6578646
-3.65512013
-1.79193068
-3.49730778
-16.6575775
-4.84547138
3.49307752
-3.44955063
-13.6472607
-12.1622562
7.77680874
1.89983749
-10.3241358
-0.128467977
-0.620536089
2.45824575
-3.38985443
12.9804726
1.33451593
-4.50422955
-0.148797929
-7.93912935
3.34708977
11.3846493
6.94275904
-4.83643055
5.99597025
-10.1272736
-14.9485779
-3.36433196
-16.2870407
-15.6549444
20.4542313
-10.4123631
-6.88564682
-3.20161438
7.41859865
-0.913114309
1.49179137
-1.37565231
1.01583409
9.891325
1.0892204
14.9232264
2.43752217
2.43511033
9.56877899
10.8425055
-11.653738
14.1838665
-7.19767427
-13.7341347
5.45138073
10.2455263
8.56974316
-1.86312079
6.55066776
10.5409184
-8.06041241
-5.79417086
9.1227293
8.129879
2.81479025
-11.2852364
-11.9384174
3.7568543
2.71322465
3.07649255
14.4876499
18.119091
-16.6772633
-5.3368597
3.57489967
0.505334973
8.93195152
7.87369251
-4.90335798
-6.37983179
7.76769257
9.53170204
-3.05815792
-0.604993105
-9.40729332
-17.9265213
6.31700087
2.80088186
-2.45605826
10.7442951
8.38438892
-5.91537619
-0.736202717
-9.50195408
12.7173748
10.6713924
-3.75232363
4.28056431
4.04161215
10.2188625
9.24397659
-1.64744496
-5.47333193
-0.242604315
1.97450089
3.52879667
11.9995747
7.92405081
-0.671586275
-2.06119823
3.09514189
5.3836422
6.78701401
6.30388021
-23.7723103
-2.26314116
4.67028618
5.58144999
-3.18568897
-6.56894207
-7.18943262
5.74609566
-5.5121212
3.09808254
-10.0721579
-21.1617203
-17.5834618
19.7765884
-2.31580687
-8.09846115
3.1412673
-7.04481125
-0.612633944
0.75643909
1.39345264
8.92867947
2.03495073
5.11443233
9.25095367
5.53749228
-17.8711414
0.00966668129
-14.2810268
3.76901269
-1.24772644
10.403141
5.77934361
-1.61124754
-6.17751074
-6.40475273
1.61510563
-0.0511513948
6.37686825
-2.88165736
-6.64740372
14.496953
0.773483098
-8.66035461
13.0970554
-7.90422583
-0.319957912
-3.67602277
3.30357122
2.91351056
-7.47632122
-6.17883205
7.27182007
7.3261981
7.46695328
5.6590147
7.42919827
3.46789885
1.30770504
8.99127197
0.580226302
-7.07432032
6.77231646
4.58053303
5.298944
0.178418159
-6.58393383
0.718794584
0.699324369
2.70214963
-2.19565749
9.50967216
7.67502499
-0.790400267
7.14367008
-6.07542849
3.57563353
0.53057003
-6.45179701
6.03764915
-3.06901503
-5.11691856
-2.65195751
7.31789303
5.89883423
-0.00282549858
-4.62453985
-5.08071327
-9.61686516
11.3972006
-3.54759717
-1.82137275
-1.6852988
-1.94868517
1.1841867
8.29138374
-4.35144424
-16.7419357
3.56656981
-9.68001366
-1.06329858
5.03342962
-4.03348875
3.5687027
8.39107132
-14.215498
1.68092644
-9.4604044
0.778082132
-4.31313229
4.66771841
-0.735161543
-2.08557129
-1.71187627
-1.08447075
3.90889668
-12.9938869
-10.2524128
11.2499609
6.17659807
4.98054409
-0.490756273
-13.6247978
-3.10247231
-7.80687618
-11.1814861
5.72787952
-5.94597387
-1.76556182
2.13905144
-10.175848
-8.63713741
5.94412756
15.5705013
-4.20420837
-3.52634859
-9.75711536
-1.77980614
9.88588428
1.67880893
3.53400755
3.16841507
-2.04767871
5.30684185
3.00811577
2.69659615
-9.64420319
-7.06865025
2.0398159
13.1166058
1.51979017
-7.29584742
6.80964565
5.39344168
4.78619099
6.46303558
-8.68865681
8.3541317
4.96401024
-8.12173939
0.139120162
1.69568396
-0.40756917
8.15713501
11.5636311
-4.8755703
4.12709999
-3.04313755
-15.3667898
3.8565917
20.9070606
-16.7665787
1.09920323
-1.53724027
-8.52150631
7.12699461
-5.89673901
3.84047413
2.96216321
6.57007456
-9.64648151
8.16259193
9.22797489
3.18643951
-2.8240118
3.60080957
5.24824524
6.08922291
-3.11012983
9.29676247
8.45911026
-1.30574346
2.02451706
2.2884984
9.56361198
-11.9479904
-13.698513
7.92560816
-4.77275848
7.73941135
7.3831315
-13.7727318
0.883331716
-15.7404728
6.48031616
-0.398897111
-9.94883919
-6.66623783
-3.73103952
6.20104694
6.80419445
15.3870001
-2.36671114
6.62575912
0.996973932
-3.34907317
6.62668562
10.5935841
1.33761609
16.0161991
-14.6780033
6.02849388
4.51951599
-0.337969542
-4.76614857
-13.9816141
1.59324861
2.59139061
19.6565666
-1.00513124
0.239834785
-8.45845985
-13.7268791
-2.38270235
-2.11146832
-13.6259804
3.01257038
-2.11656547
8.37663746
15.1001425
6.40834856
-8.58039284
-6.74025726
2.01228189
3.73750734
-1.38314056
-4.92366028
3.18107152
6.65904379
-8.8661232
-1.95251393
-16.5744495
-2.70642757
10.0532808
4.87300873
6.59146929
-3.13958454
-2.6750133
-5.26368666
-1.08844733
-0.677782297
-10.01301
-0.228655636
-0.0956892967
0.919690609
3.97753859
3.01332545
6.92784548
5.88886833
5.44739723
1.29069626
2.91448164
-5.39182758
1.76888609
1.29047322
-9.40459919
-6.90151691
7.63184166
3.56693339
0.0633254051
-2.82663083
4.31802845
-0.647593498
8.67284775
0.678208649
3.28810978
7.33742285
-9.95452023
1.63255382
-12.9688025
4.1280117
0.874957919
-5.81975412
-1.88301921
2.75708175
4.74048853
21.9169044
-4.63885784
6.02909088
-12.0264339
-6.52577639
-6.56083155
-4.60691738
-0.180413246
6.34113359
1.53532553
-17.5366993
10.2481489
7.12351036
-0.255897999
-1.39024305
-7.77265835
11.2007513
7.93444586
5.14754868
-1.75676847
10.0573549
-6.80275202
-6.75871849
7.20977354
-7.01886511
-16.378006
-9.43313694
8.74738407
-10.2784386
3.02636218
5.81013298
-0.173636377
-4.05645609
-14.2873974
-18.9930172
-8.01769352
2.15426493
2.27577877
0.751961946
0.386458635
-4.78721333
8.41387081
-7.38367558
0.457642883
3.65631294
-13.3528042
7.93742371
-13.748312
-5.15431833
-3.78389215
-11.0884771
0.349399567
-8.6398344
-0.323097467
-2.84183216
-4.58662319
-18.9123306
2.54782176
3.2911551
1.05099797
-12.0877752
-12.3252697
-1.29331112
16.6757393
-8.92760086
-11.264432
7.12448502
0.151527405
-13.4886208
-0.0862619877
0.197919607
-4.62149763
14.8551922
14.0906162
-9.44552326
-2.13322663
1.30779052
16.6194725
4.71911097
0.0754705667
-7.17500067
-4.65695095
-17.3678875
-9.73519135
0.311809301
8.61622906
-0.207230687
16.5215721
-2.43818855
11.0058823
14.4024334
-4.48080254
13.2619381
-0.801607609
-21.4084167
-1.15024567
0.376324892
-16.4146347
-8.55722237
8.8993063
-2.47081327
-1.20076156
-2.62134123
-5.38744211
18.1689415
-5.38564634
-1.49638414
0.294646263
-10.759696
-8.46394539
-8.14783287
-0.987518191
-10.8527317
14.558075
-4.36088705
6.22626352
14.255022
14.9930677
-2.2274127
-4.0712738
-0.840601921
-2.00631905
-0.554298043
1.07888317
-10.370719
-11.3508415
7.34758043
-4.21526146
-4.03777695
-6.08206749
-3.38348007
12.5931358
14.2175846
18.6913013
0.310503483
5.09698963
15.6719942
-7.74220467
-5.90740967
10.8602734
-10.5408211
-0.0772357583
-2.13061404
-5.17516279
-3.6558044
9.51782608
-6.66777706
4.19369173
-7.64051676
-6.8981123
-4.58756113
5.72137547
-3.42382574
-9.92559814
8.21150494
2.80019069
-13.9796448
-3.67112398
-0.222387552
-5.0429554
-12.1508846
5.93952227
1.62318659
-3.68697619
-1.73484755
9.28099442
-2.39564037
-2.94937992
-6.51044464
1.42830753
-6.40381908
2.75848794
-7.86380386
6.36415863
-1.38596666
12.0536804
9.45008087
8.45331478
1.84050059
-9.42627716
-0.806700945
7.95913267
1.85034168
9.22052765
3.53165483
4.51996565
3.13143182
-0.0346740484
0.946780801
10.0521545
-14.5957851
-6.24715137
1.3735671
-0.579612732
-6.14018154
15.9206781
19.2837677
-2.57450247
17.1845074
2.60062361
1.63564754
4.0217514
-10.7613621
0.425124168
21.0812397
-9.37242794
1.3458215
-6.22736168
2.85429955
15.0427923
-14.7270288
2.41635561
-15.1850843
-4.30545807
-2.16544676
-0.0428789854
14.5568228
0.759293914
-1.2958231
-3.95008183
8.18140316
5.24744558
-0.459068656
8.99094772
12.3842249
7.1715641
10.7766428
-0.71225059
-10.1392279
6.97041321
0.104648352
-3.24179125
-0.722919345
0.479430914
6.11647797
-11.3180227
3.34158182
-6.85523224
-10.6275549
15.7318325
-7.38963509
-7.59252882
-4.26114273
-14.4282494
-2.21558809
-4.11325121
10.4378948
5.94191408
-2.92722321
-3.03390455
-9.16940117
4.16208029
2.39258099
-5.60730362
5.68985081
2.70488691
0.186344266
3.52241874
5.37726212
-2.8446064
-5.01650238
-8.79099178
-15.2915258
-11.7867765
-0.0601506233
-6.67818308
16.0875854
13.2578211
5.41967201
-3.42553258
-3.14220119
-17.4142666
-3.67006135
-4.42849541
5.06607723
-1.02355886
-7.9218998
-1.29384565
-0.200670719
-4.85380077
-4.15415668
-3.85300159
4.14811516
-2.62028956
4.72242928
7.43173885
-2.13173461
-3.57586432
-0.875809193
-4.72011185
-8.65971184
-8.30118847
-2.45214319
2.86127234
-6.73153639
-13.0461102
8.06504059
-2.62518239
-5.54431343
3.86589193
-10.4263716
17.3276062
-8.49608517
-0.987417221
3.14783192
-8.22227859
-11.4913626
8.48955631
4.37220716
-2.64928198
-2.6937964
4.30651283
2.43774223
-1.3376832
6.37813139
-8.50438118
4.53194666
-4.42808294
-0.00332963467
7.59060764
-14.0960627
2.36151361
-0.503615856
15.3021059
-2.99827743
-0.716632605
-7.36392832
-4.00005341
-10.2455273
12.8294621
7.1222415
-11.2430811
-5.99009132
9.57042217
-2.05019093
-7.09973907
-8.57600403
-1.18842387
15.3697844
-9.62605667
-8.26115608
12.9704695
-1.48142183
-9.40399361
-0.79909277
-7.00175524
5.18839312
-16.1604557
1.30507398
-5.35852671
-0.623096883
1.16812682
-15.1540718
4.35181236
0.448129892
-0.727838516
7.15850401
-4.77908754
-0.701046824
-8.57269859
-2.08085489
0.860739589
9.18399239
-1.29409361
12.2253599
5.29082012
6.99299908
-1.2276895
-8.07741261
0.58432889
-3.88191128
-5.35125732
3.76723409
-0.648975968
0.603882492
-9.1890583
-3.29811978
2.69126034
7.52220583
-16.0975094
5.62376499
1.78907347
2.20058632
-3.36390829
2.01469374
-2.2080934
0.921898246
-12.5460644
-6.76282263
5.49688196
10.2465353
12.6671953
2.14020967
11.6438599
-4.3171773
-3.33159351
4.92734241
5.57995701
-7.9927969
-2.65327978
-5.12604094
7.61092949
0.884161472
-6.10118484
-6.82126379
6.72175932
4.43020105
3.68963504
5.46340418
4.15773582
-5.78517771
10.4537544
3.31956244
-23.5971375
6.52924204
-6.03479099
1.95346951
9.46936035
9.65296364
-12.5915899
4.05380535
-8.2945919
7.13633204
-0.321265697
-4.2238636
2.22282696
1.2492305
-14.5459995
3.15913677
5.23240089
7.92049932
4.84287071
-0.511249781
3.56310248
-9.83162498
5.16445637
-3.4671824
-0.909921885
3.06695557
-3.91918612
0.463444948
-0.903231144
-12.6092052
4.43115187
-5.07066965
-5.97472477
-6.52003813
-12.0357924
-1.85165226
-3.39486837
-1.39353275
0.55912739
0.20765686
7.99372387
-10.9078674
-9.76077175
-2.28648233
13.6028805
-15.3191204
-4.13982201
2.55555677
3.43328214
-0.613939166
16.5068245
-5.4196558
4.29351997
3.30515623
-9.58068752
-5.20856476
-1.68983543
-20.4949856
-2.60152173
1.22523105
-1.0215795
0.150771618
-1.48469663
-20.4733715
13.7824774
16.1631546
-0.709549904
1.85620904
-3.30145931
0.552499771
16.2470226
-10.1959076
-1.26324511
8.12896729
1.06532216
-4.59356022
-7.64262581
3.53567386
-0.381497145
-12.1440411
-8.39436913
5.23842096
-3.61779046
4.26547241
-5.4825139
-2.54389191
4.85183525
-0.183458328
7.14270115
0.994251728
2.99967384
-13.6578846
-2.50238371
-2.57178926
20.2760696
-1.15726793
7.3048234
0.480282068
-1.24596739
9.68384457
3.1289916
11.037014
-4.15412951
10.9416447
-1.85635304
2.2980175
16.9695473
2.75792646
-17.7608318
16.0274162
-4.69676876
7.76410961
-6.40361023
-4.63013077
2.49418616
1.75175726
0.210863113
-1.56513977
-0.0313713551
0.40281415
-3.36097312
-6.2994895
-0.0646021366
-3.46373081
16.812336
-10.1763268
6.29455853
-12.9511881
3.76138306
3.92346573
-9.17312241
11.0451698
-5.39417362
-0.701654434
12.1600513
-18.8387184
-9.1867733
-9.04349804
14.236352
-2.71896744
-1.19595218
-2.59215403
-0.210443527
-4.20791721
-7.62096214
-6.76605701
4.22357464
-2.73360872
1.17720604
-14.9710131
-4.21838284
-0.362357736
-3.99373078
-3.4975369
9.40415192
4.03453445
1.70759904
4.70714426
1.41316032
1.81503725
-7.07739449
-0.917663097
-1.90544248
-5.96158838
0.351881266
1.65619802
-10.7194061
0.336570144
1.28565788
-8.90535831
2.48690081
23.9160652
-12.2497721
-3.52932787
-10.3432274
2.33949518
-3.3318944
-1.14431763
-3.05305505
-7.16654873
-10.1462612
-8.42699814
12.9920216
9.14401436
0.974075794
5.11783361
-0.377127528
9.70524502
0.512981176
-1.79543591
1.41006589
-15.6890202
-4.25419903
-11.5088911
-3.20687699
3.6116302
2.24265647
-8.53738117
7.99241161
6.23174477
17.1521358
13.8693924
-0.520706654
-2.4992907
-6.91534472
-10.6098423
-6.69993305
-1.76396108
3.09677386
6.16358328
15.1951399
8.56838894
-2.50955868
2.36093593
-1.50395179
5.12456751
-6.55998135
-7.96721268
8.49419785
16.3706169
-3.51548672
15.7077961
5.1046896
-9.65935326
2.25836301
-3.5237112
1.30585766
5.16360664
2.10428309
-10.2214832
12.4942703
-1.08327007
3.50107145
-2.4831171
12.3598232
-3.59451127
1.28764236
0.138827205
-3.19099426
21.236618
9.47240639
-16.2569103
11.1265049
-9.74210072
7.81857395
0.88259244
-4.49195862
-9.37398911
-5.3169241
5.71975136
12.5293036
-5.04151535
11.1939087
2.74732351
-7.13818026
0.527317286
7.66144514
-1.44893503
8.44586372
-3.15322089
4.72796154
-3.24643803
-7.5634613
-9.59313774
-14.0566263
-4.64734936
-9.0099287
-8.98110008
-3.65056348
-4.44087934
-7.51718855
0.908932567
-2.97369194
0.770489156
2.64739275
-0.706547976
13.1453848
-2.73038197
13.1070061
-13.7108135
-0.969374657
-11.7886295
-15.8181305
-3.92469978
-6.15047073
-5.80002022
7.49742651
2.1135788
10.4094181
2.61694908
0.879957497
-4.15632534
-8.87493992
3.37195778
9.59782219
-8.15524483
-9.56454182
1.87930346
3.58715701
-3.77688932
15.7397289
7.61365891
-0.384207964
6.5564909
0.858968377
-8.02995586
-19.7586288
-4.57195854
-7.80969238
-0.566529989
-6.23089504
-15.88589
18.1676884
-5.52905941
-0.278176308
4.3184042
7.28747082
0.0708959103
7.31296206
-3.21869063
-1.20089805
-3.63190222
-10.4586849
-16.4180965
2.51141477
3.63704038
9.44765091
9.31342697
2.65123844
8.80494976
12.142664
-12.8677311
-3.07726312
-0.0713989735
0.0138931274
-3.44159079
-5.88834953
9.48767662
6.63183975
-3.77644634
-8.46378803
-1.70861864
6.19771767
-3.79585814
12.4906378
5.0825243
0.0607675016
8.74153137
-1.01656961
3.68727255
3.0056088
-5.33047771
0.0802614689
10.6480494
-3.6512661
-1.65327287
4.107831
9.13774586
-0.919370294
3.98678255
-3.26768446
14.6083164
5.71395254
-1.66001284
5.62238503
13.8579741
5.43812132
-7.47083664
-8.79823875
11.2296429
4.02723026
-2.02086306
3.14537859
-18.9876633
-6.25438595
3.65136504
-1.34981155
-1.07280445
-3.27404451
-3.5261178
-9.05636597
7.23893738
-3.26957726
4.07495022
1.6113379
-5.68026018
5.51474857
5.46124315
0.592895806
-3.22520161
-1.51433539
-6.02477169
13.4462299
-3.42488003
-2.27486897
7.77837849
-2.87393141
-12.377244
11.97017
-1.95646191
-4.37071991
-1.01947117
6.98244381
-2.75838518
9.41552162
3.51548505
-7.41365623
6.80801392
3.07788134
-4.90175533
-0.965615392
3.15426683
-4.03856134
-1.03228951
6.86210012
10.0229111
-1.16714406
-3.60522795
12.9583015
13.0791969
-0.39392364
-2.82638764
2.24010944
-11.133007
7.29908228
3.60699701
-3.6013875
8.68319511
5.20172787
0.939226031
3.05072474
5.48987436
1.81448317
10.7201252
-1.08320904
-2.22833371
-11.2765884
8.975667
-3.29903054
-11.0502501
-3.29044509
-3.18235087
10.4356251
-4.20634651
-6.09071827
4.16319227
-9.26569748
1.64141572
0.103255898
9.12782955
-7.31817389
5.484653
-4.12747478
10.6936407
6.36582899
1.34207511
3.68519664
9.55863857
-5.37279749
-5.22462082
-5.85100889
-2.29187942
2.31941438
-9.36614704
-3.78603268
3.40458941
-2.59877634
15.0309391
-2.24659967
-3.86791682
-15.613183
0.0933606625
-1.88166404
6.50809288
1.10086989
-19.5433674
2.00478411
-1.60133123
12.1672916
16.3016243
5.57162666
1.37815547
18.0998554
-10.5515833
-8.46670628
1.68999982
3.21929979
-11.3961134
-12.1133652
19.5048695
3.39631462
-8.68321419
-7.52573872
5.15606928
-9.10228252
7.29145479
-16.6242027
3.85945511
1.08798981
-3.90032506
5.97961903
-6.9331274
-1.24207294
0.524542093
-6.23808432
-14.719759
-2.08102107
-2.01340675
5.1439991
-5.96130371
7.16248226
1.65699387
-4.82927513
1.31420565
-5.34135389
-5.4703083
10.8588295
0.302744865
-9.24172401
-14.8239679
-17.716156
4.02999783
-0.0871722698
0.885979891
-15.2286606
6.48895168
-0.208163023
-4.65207291
-0.773560643
-4.03863335
5.46296978
3.69684196
-3.65484953
-0.640931249
4.48333311
-5.43468666
-6.9689517
-4.88521957
-7.04721165
-3.5201335
1.11420155
9.42131424
-0.023914814
-0.268117189
-3.37827802
-1.23151088
-2.97241759
-1.41479838
-3.28098655
14.1226273
-5.99422026
-3.86733103
17.0347443
-0.61105895
-2.73983002
-3.65763569
-7.6107235
-11.5609512
-3.81268549
14.6087589
1.10815799
7.58888054
0.780738831
-2.34381962
-3.22991514
4.57884264
-3.56229782
-1.93783057
3.02715254
5.49051905
5.94214344
1.49366498
-10.0667562
-5.17733622
13.9616671
9.52784348
-4.4267807
2.12364864
5.94258118
14.3373861
14.928462
-0.203161716
1.47293067
2.18716049
6.50458336
-1.00699115
4.99241352
1.70860243
-22.2605457
-5.23888302
-11.632885
7.18073893
6.58176899
7.50890779
-0.610172272
4.96785593
7.24435902
-2.0441556
11.6633778
-1.89572585
1.3433938
-14.1567802
0.563327074
-3.651721
2.38617039
-11.6548252
-5.75422382
3.42791748
7.41605663
-2.37576675
-4.38462496
6.34927225
6.30769014
-5.92209148
-7.82328892
0.108977199
-4.98228979
-3.23780012
3.57035828
13.2558041
17.5522003
0.114771843
-13.636302
-1.23939323
-0.102651715
-5.96002388
-13.3011074
-7.50196695
-6.11860085
12.0860052
-4.12967682
-0.745347023
9.01438141
-1.71890259
-10.9118738
2.47370291
-3.61231947
-6.73652649
7.22624969
-7.02312946
-4.32756996
4.37025404
0.172115162
1.14818823
-1.37505698
18.8375969
-6.94462681
0.0347638726
-6.13265419
-5.30996609
-6.18127346
1.11455703
1.19172454
15.4621067
-1.04744101
0.731143355
0.0619238764
-7.15105915
2.15827298
-4.03594542
-2.89093208
12.9433994
-0.915159941
-7.99003887
4.26171398
-11.7556829
-2.89237714
8.39907646
0.590627432
-2.19763088
15.0573454
5.36314535
-6.6688652
12.6488438
-7.45801163
18.9677181
11.3879728
-0.901800156
1.20559978
13.2196636
-7.08573341
-5.95618248
-5.94349289
6.75244045
-0.125695705
-3.61089087
14.1321154
-0.736929893
9.08573246
7.92728949
7.76729059
-19.4161415
-6.25475407
-0.288897097
0.144383609
6.7186079
-3.52477026
6.24688053
-10.897213
-4.03266859
-3.97414351
4.24811029
2.59516597
-6.01812649
-6.7543931
17.4625778
23.6736794
1.0332408
-13.462801
-11.0239697
-11.525404
2.60133648
-6.18271637
11.689189
24.6207485
-7.29703093
-9.45946789
17.1114845
-7.65359449
-12.650382
10.8358641
-0.236643314
-18.6074448
20.0136375
7.71845341
-4.17603779
0.463465214
-3.82889152
-5.35790968
5.73436069
6.17083788
-2.36413813
-12.1491585
-2.11705136
1.83877754
-5.84091806
-2.28752542
2.20890617
6.52174044
-0.206208229
-0.297835827
4.74756765
12.9503918
5.46093225
10.7717857
3.95222235
1.79834485
-8.47738552
3.24939322
4.25972986
-3.77201962
6.66600227
5.00756454
0.168629169
6.48962116
1.39250541
-11.8655415
-1.43060791
1.41050661
3.59218168
-3.8494041
2.33863306
-4.51999283
-4.72934723
4.48047447
15.7514896
1.69209397
2.51078153
2.25600481
2.43325758
13.713192
6.00952005
-8.50677872
-4.72867966
-4.66447687
-4.18585205
9.66697979
-22.3891506
8.18635941
-0.383691072
-7.59917831
-1.26102519
19.8371906
5.30977297
-6.42790222
0.838755727
-9.00511456
6.34021854
-1.68119121
-3.80081749
-0.821724176
14.2229118
-9.34980774
14.3130226
-1.50889504
-3.2349472
-7.1591382
3.73811769
-0.466388464
16.1413746
-1.58636785
-0.455560684
-9.85058117
-1.75485826
11.4765348
13.0411606
-6.4562273
9.57781792
-7.97199583
-2.88749886
14.6656647
-3.18096948
4.28269577
0.989665687
-9.94642353
-5.13798285
-6.67659712
5.562644
-1.05362844
4.68570232
25.2597427
-7.46813011
5.14255953
-6.47431469
-17.2406979
-7.85565567
7.12874222
-7.68028831
-10.0072727
-11.769721
15.5540142
0.751539707
0.583900452
-14.8157978
0.343959808
-1.42578745
10.639802
10.3018522
-10.5311127
-5.24882126
-1.95447493
3.42241359
4.80099964
1.83057809
6.39546013
3.88461566
1.04390669
-6.47380304
11.8977261
1.0503304
0.390739441
-0.658447266
-4.62567663
6.74475861
-4.9096303
1.26731396
10.7773685
10.0325184
1.69348264
-6.24289131
-5.33862209
1.93677664
-1.99636638
-9.42673111
-7.61196947
4.10971737
-4.41790581
5.54981327
-6.97099209
-6.0370779
-12.2225008
7.32160187
7.21862125
-5.99895096
-10.880271
9.42931557
13.6662874
-2.61438584
-2.99937773
-5.74573755
0.449519634
-15.3494835
8.91607189
-6.25857973
-12.9309721
-3.30093384
3.74760771
-3.19948411
6.17337275
-1.20854187
-3.8089118
-5.77416945
-1.64458823
-5.50477886
2.88748693
11.4463806
4.7530961
6.51411104
3.87462425
17.162859
1.99175191
-1.83404708
-14.0201969
7.2635417
14.9740534
-6.77737045
9.88321304
-3.19983053
-0.0609284639
-4.98773003
7.247365
-0.38579011
-3.2951684
-8.8735342
20.7401619
-4.20876217
3.95523643
-1.41537738
-4.30659866
-6.3909049
0.668621063
1.34987044
1.41059268
1.19224453
-0.203495026
6.14661741
0.743078947
-0.865560472
3.04665208
1.36169243
-10.112463
-6.84400129
2.88759899
3.98671007
-4.1963501
2.07316279
-6.30860043
1.13938498
-8.54100037
-6.49174309
1.09302211
-0.127285123
6.21647263
-0.438605905
-1.8547895
-2.23487544
0.325225532
10.6215057
2.4338913
-12.5576077
-1.37982917
-11.360672
4.90931273
-3.57370687
12.9775753
1.38309932
0.524897337
8.52283382
-3.00182152
0.89503777
3.02586317
-12.0772486
10.1652384
-0.842899084
13.6515293
-4.73393488
-4.54682684
-3.33861995
6.05046368
0.66787982
1.65972185
12.5821323
-9.31878567
1.73324215
-6.37909031
0.624307752
1.62855387
10.282177
-6.64557934
-5.76918221
-0.09448082
4.33079815
-1.33784592
-0.848037481
3.72430468
-5.22202635
-3.39392614
4.35507202
-2.34705734
21.6452675
-4.92253399
1.54051638
-0.905465841
-1.46761131
-2.10809803
3.91576362
2.58817983
-16.4039154
-2.3524878
7.38617134
9.87416458
2.74460125
-2.53007054
-1.62743759
8.01471043
4.96178961
-3.09771252
3.63245058
-13.0516119
-5.74285412
3.97204375
6.32181931
-1.73229241
6.66647387
11.9094954
-8.26290321
2.18606663
2.45234299
1.23813653
-5.7344594
2.75685978
0.156255484
2.59414029
-0.7371099
3.95625782
1.1487906
-2.7754693
4.8668704
4.02609873
4.42969751
-2.25327206
-1.53164721
0.834738255
-4.8673749
-11.7908192
-3.45774746
-7.08673573
-4.63940763
-6.38534403
3.46504879
-0.923725128
-5.71584511
-13.7666311
4.38084269
-5.77682686
-15.453022
-0.883900881
18.0648861
-4.71181631
8.8678484
18.1864662
-7.04924631
-8.8027401
-5.74107265
-2.59421492
4.35652399
-16.5703011
7.47963238
9.88319874
-8.74355125
4.98199654
5.17479563
7.77339935
-12.8053722
-1.18768358
-4.67458582
5.16410494
6.23990822
8.07975769
-7.1317215
-9.32978916
4.86442137
-15.0825615
-4.63827515
4.61919451
0.700174809
9.50365067
0.79662472
6.07293701
6.14653063
-2.90048695
-6.55468607
0.865404367
3.95101428
-2.35684943
3.75659895
19.1943111
0.929051161
4.02525711
4.21650124
-8.0104351
2.68005776
6.42395401
3.91243029
19.7240639
-6.54837227
17.7646732
-3.5962081
-12.9884415
6.0133605
-8.39380836
-10.4835196
4.98747778
0.721287012
-1.68121576
16.4652138
2.31564665
-0.718164206
-11.7669687
7.03416443
-3.78748226
-3.93518925
2.78887939
1.67130709
-4.08764362
3.56825972
6.43069267
-1.35215783
-2.87321258
8.26724529
-6.16669559
-3.76055384
6.05190516
-4.81000519
-8.68756294
11.2790909
11.9252863
-10.4876022
0.238793969
-8.02599525
-0.879037023
4.78972816
-8.66722107
14.1666241
3.1593945
0.040835619
0.237380505
9.64487267
-5.92634869
-0.726486683
-2.06772232
1.84682775
-2.72449017
-2.4123323
-7.00436783
7.65959358
-7.88299179
1.97504699
11.6594467
1.4573164
1.31018782
-1.69973493
13.9460707
-2.02937531
-2.68897104
-0.803006768
10.8291359
6.88260937
9.35719395
-1.31678843
14.0032959
5.70689583
12.9900837
-10.5091171
15.4818983
9.28015137
-11.0211334
-15.3743773
-5.5541873
2.03053689
-5.45793819
6.65336275
3.39771295
10.6530113
-2.03754592
0.0121933222
5.13547993
-11.8171597
16.4412766
7.01043797
-4.47984648
6.66983461
-2.32909656
-4.12564707
-5.69875193
-4.25726128
15.7285309
7.63143349
9.80726528
-1.8403573
-5.94896889
15.7729797
-11.5952206
2.05774879
-3.05738902
-7.13855839
1.18824053
4.83524132
-6.25563669
4.99443197
-9.0239296
0.701721907
-3.61996222
-1.98573208
-5.85870981
-4.50467634
7.08085728
-1.21274662
-7.57341623
-3.91889811
-6.54014015
9.96024513
4.09446383
-9.86039829
-2.65759182
-0.999997616
2.32749891
-6.03213501
0.519525647
-8.91305923
7.27879143
-3.19223309
-3.75910163
-6.62715912
3.96488333
0.741181135
-5.26981258
11.7355881
-3.0290103
-0.713891208
4.64665413
-0.974783421
3.32227135
0.538458109
-11.1580362
-3.40686393
9.97061825
11.7975006
-4.61569214
-1.12108231
-1.95427084
-0.265768766
7.37394428
-0.0606276989
-7.04674911
10.5385695
1.37379885
-7.68852234
5.09679174
-2.45939708
5.42873669
-1.64123321
6.78044701
-4.17542744
-2.91808176
-10.7585201
5.94917774
-5.0831933
16.2476997
6.00658894
-0.810358584
-0.121169925
4.22658253
1.18813825
4.41809034
10.4820156
5.7746067
5.4073472
5.04699135
2.87347817
-1.35172343
2.64282393
-3.35312152
-7.11415005
1.85618544
14.3566608
-3.79984951
8.06129456
3.04637194
1.75780463
-3.14563322
10.1345596
-4.33261013
-4.04695463
4.81745958
7.40200043
4.19814205
7.86560249
4.03201628
-9.86933136
-7.49749136
13.3957901
0.427486897
-19.6303139
16.0227966
-5.83415127
7.80832005
3.64670324
6.48950768
0.451941758
13.1945448
5.50705957
-4.65953112
-2.0290122
11.3138132
-8.06740761
-6.3339963
11.3850927
-15.2103901
2.52112103
-1.90429091
-6.65714455
-3.53845358
11.6051636
-4.93686628
-3.34407878
-15.1997967
1.81814015
7.1648941
-4.52898073
-8.92327309
-5.58474159
6.27636671
-0.312476754
-9.02237415
-10.2779026
3.88359714
-0.053965807
4.76869106
8.0981636
8.64043808
1.84808612
2.66951942
-1.26217794
-2.38632107
-11.5569906
-5.13538647
9.91841316
6.74524021
-4.0246439
3.88858414
4.92133188
-13.3922472
8.50881386
15.1892853
-10.7215452
-7.07737923
9.00516987
-12.7062817
-5.34808159
-5.20256567
-10.7835789
-23.1013412
-11.2101021
-0.427385092
-3.05137277
7.68186951
13.2108765
-1.28316689
12.3522863
4.36082983
1.70293689
2.74037218
4.8558073
11.7650394
-15.9643917
10.4875736
-0.555410147
7.1975174
0.98106432
2.34386182
10.6196957
13.6923695
-2.41047525
0.800084889
6.46632576
4.15429306
-2.68589687
9.99214363
6.22453308
-13.6185665
-6.66431475
-6.19057465
0.999742866
20.6685543
-1.668082
-8.75810623
-2.72314525
-6.28834581
-1.86412489
6.39246225
6.13218737
1.22559762
-10.1168451
0.130906105
-6.17857361
-6.52412271
2.43770909
16.4437313
-4.99423218
6.36617184
5.86472368
-0.98732233
-4.91673374
-4.97662115
-1.19193983
16.6028214
18.5513344
4.28925753
12.404748
9.31953144
3.68932557
6.65722084
4.84728479
5.43315506
-8.49228477
13.9969063
-5.49766302
5.70869541
15.3565598
-13.6462517
2.2360158
1.80982304
-7.73957825
0.0457731783
3.66895413
0.0490829945
8.60045815
-1.67542064
-6.39700127
3.07026958
-2.47539783
10.5840569
4.1952529
-2.93965888
-8.31713486
7.36295462
-3.68461561
6.73141432
-1.82735205
-19.6679382
-10.4838676
6.67853928
-2.99324489
-9.39581108
8.90327454
-3.09738207
0.785343647
-10.2069931
-7.90191698
7.51952839
-4.42342281
-4.8932333
12.8700285
1.02708864
-0.872853518
-7.51689482
-5.28254414
-6.73204803
2.22278666
-1.99578023
-10.2185898
-1.33652627
-10.9859991
-0.249135494
2.02435255
0.124000072
-8.22875118
5.15344048
1.92460442
-3.79804015
-3.76056576
-1.77904916
-6.43465757
-1.3552779
5.55152845
-9.07650948
9.90979195
5.31929874
3.91438198
-3.21098018
6.66023731
-13.997303
-9.92484474
-8.59078693
-9.82195187
-2.43929124
-1.00095975
16.279789
6.70774794
-15.730813
-4.60450935
10.5125904
10.1170073
-5.84974003
1.93806326
-0.821190715
-2.44452477
2.9907937
-0.139537334
14.7337608
-1.18693542
-7.68839407
-1.13056803
-10.1341133
-9.60361481
3.17663217
-11.0406733
-2.65185976
-3.28648853
1.68492448
3.19449663
-0.806580067
4.2895689
10.3172016
-2.98967671
-5.2506032
-1.28632212
-7.45552111
-4.07575274
-8.37778282
4.82728195
0.79912734
-4.53003883
-1.53432214
1.54938412
-13.1422501
-0.721432447
-1.68379474
4.55421495
12.4294853
-2.40322804
-1.35108113
1.38368475
0.259882808
-0.837307811
2.38278008
7.96136093
6.34865379
6.80722761
-1.19427621
1.29282093
8.27035522
-9.66065216
9.15745449
1.02073348
-3.03163791
21.4076099
-1.756863
1.2312144
0.653124332
5.10866594
-1.51956117
-2.78672576
4.85196686
1.51184988
14.320941
-10.2059612
2.46736002
8.38442993
-13.0820065
2.75680995
-7.8182354
-10.764267
7.64702797
-2.00965714
-3.2548933
-6.13293505
4.89586878
7.10435724
4.10983658
-1.99277425
6.11387014
-7.32343388
-9.39513969
-5.92289162
-0.863701105
2.66088438
-4.14105988
-2.29036355
5.77725935
-2.61150241
1.16098309
4.36128283
8.30831528
3.77477431
-1.33803821
2.80152297
8.50217819
-3.10790324
-3.50172758
-13.0850029
-1.74939442
1.3882184
-12.1386023
2.49004698
0.376019359
-3.22061133
13.1655865
7.46716118
-2.38444972
-5.2568469
10.4306526
1.97659624
3.124933
4.22198868
5.79718256
-1.68721282
2.61766434
-5.58095264
2.23347259
-0.439344883
16.737587
6.67821264
-2.30325174
5.15484715
-15.8604403
-0.798850179
-2.97468758
-1.92128336
-1.36424923
-9.27495575
0.975343823
-3.22861767
4.78838825
1.195153
2.41493416
-0.392397881
-15.4989882
7.75332546
11.9518566
-9.56915855
-4.58896255
-4.18030596
2.54228687
7.47497892
4.09404659
11.3306799
-9.62268257
-8.21172142
1.00285935
9.59648609
-10.7561607
6.39491749
-1.97239852
3.75226665
-0.245970845
-3.30474472
-1.27667236
8.09700489
5.64160633
6.20820808
-15.6942482
0.690449357
10.2577515
-10.5439796
4.20949936
-2.5570085
10.105793
-3.46985722
-13.5272589
6.70414639
-5.10316658
-3.14160061
8.92394638
0.801870108
-20.3002872
13.6135931
0.697602808
14.7206097
-9.47994804
-9.72379112
0.194179952
1.50441432
10.3136673
4.99272776
3.70248914
6.59472227
10.8057404
12.178937
-2.59154558
2.64258909
-11.3036785
-0.431750894
-0.969904363
4.29231739
1.74928796
10.2066641
7.8937974
-2.24995589
-16.65065
-8.88130379
-8.68785286
7.21794891
1.63047004
0.247011662
5.76440954
-7.47684097
-13.4372559
-0.74364543
-3.37050867
2.4231174
-4.30016518
12.9052048
6.78700018
-13.896307
-7.5071497
4.83373642
8.2622261
5.56632614
-7.39257336
6.29821205
-9.64685249
-3.33497572
6.13528156
16.1124039
13.7606697
6.86874008
-3.17348242
1.63711786
-2.53258085
3.93289995
-3.69121861
-6.01346827
-3.22073102
-7.89393997
-0.508201599
5.69964552
-3.1054275
-3.20521736
-2.78397179
0.248141289
-0.944402933
3.73386526
12.6311626
8.77497292
-11.7376556
26.7380104
10.0649395
-5.62744236
-3.43955827
-10.5347996
-12.6824627
4.89775181
-1.58659983
-10.1838074
8.7964325
6.07714272
7.95664692
-0.235000283
-2.16796827
-3.93925428
3.83735919
-1.04878128
10.3326168
6.67148638
4.85469627
-15.435792
-11.5711155
2.07336664
-1.37089002
3.34661508
-4.66186476
1.46143413
8.5211544
4.2966609
-1.72444999
-3.13062191
-11.9462891
-16.4021816
-12.9820175
8.24060249
12.4299517
-7.68901634
4.77989101
-10.3637123
-16.1664505
2.01207805
2.79933548
19.1389523
-4.66611958
-7.32985592
3.71337509
12.5037775
6.82577515
9.91074562
5.87600422
-2.0898869
1.44823551
3.90947247
4.61419344
-6.64362526
-4.50011444
-4.99644184
0.34708643
0.531362534
-1.20856762
-7.17493343
14.5385036
-8.47009659
-1.35207558
-0.461954832
0.204969287
3.98594141
6.4234376
9.31942654
-20.4467335
-2.23638678
-1.70956802
2.48426962
-12.4064369
-8.32561111
-2.3439846
0.756303191
13.7382126
-9.61755466
-6.33469486
2.89691305
-7.64962244
21.7527657
0.20074892
0.1869241
6.18307924
-14.4584084
-1.94237661
1.9791925
6.56396151
-9.65899849
-1.56826448
-0.317618698
3.23062611
0.493096411
-11.0309753
-10.1650181
-2.06642032
3.16252828
0.826716423
-5.50366688
-5.05028677
13.6602697
-14.6129608
5.59016514
4.77355623
-0.435372591
-5.6716156
6.01860094
-1.75608861
-4.12998247
0.704034567
9.3063755
2.32431126
10.8527288
-6.62977743
9.6417141
-3.01370096
-0.0811576843
-0.503402531
-4.05903244
-4.80519104
-6.09625196
-6.09258175
2.90616059
5.85234261
-14.5037813
8.25632286
9.17772388
-8.36232185
-5.2133317
-14.5362415
4.5342865
2.66692138
2.14671087
-4.25420856
-8.17504597
-1.51326334
-0.452042103
5.07917881
-4.58756542
-0.24470976
-1.09717035
0.109558821
-2.56446481
8.19819832
6.23157597
11.1431904
-1.78180647
4.17648172
5.17853594
16.0739231
-5.74429226
-0.222073704
-4.55202961
6.82334328
-15.1881628
15.7873335
1.11510468
-6.71689892
1.44966078
-4.60181522
-5.93532372
0.0488760471
-10.6768284
0.688397944
3.76481414
-1.98252881
-15.5636053
-4.36677265
5.90631819
9.62206841
-1.00192022
0.212373853
3.34963655
-6.09956741
-3.12989116
-4.34107113
9.84757042
5.85954618
-7.84516048
-1.48384976
10.1290207
3.25256634
-1.25795293
7.50313663
2.9537077
3.20951557
7.66193247
-6.19552803
7.21506548
-1.35738122
1.66364086
-4.40191174
1.33730698
5.48777151
-2.51335859
-14.7144699
19.8625946
21.2172642
6.18684578
-2.07815385
10.8831263
7.99513149
2.85426402
1.51255226
3.58878374
-7.93891764
-1.81209373
-5.74307871
12.4314528
2.32225943
-10.4325333
-11.1286879
-5.48164415
4.0066967
-13.3887472
-2.61513233
5.53852892
-14.5030432
-5.19938278
6.30249214
-2.53222466
-16.5198517
-4.00545502
-4.38580608
8.22962189
6.39148235
-0.140345097
-10.4348993
-3.38207412
-1.27964509
5.70872021
-8.23832893
-6.43912315
1.25022566
0.416434765
-1.60510683
5.85218191
0.285759956
-9.90188789
1.9710654
1.00556874
5.23334265
-2.47059226
-11.7953339
-11.8095417
5.24515343
-8.1123848
-9.49017429
-4.17585945
-16.703783
3.9539206
-3.43629599
-9.26481247
-7.21951866
-11.0783281
-21.2268505
-8.27643394
-0.172837615
1.50597692
-7.85653782
6.9939518
-1.6522007
-13.9632301
-0.9709059
14.7658997
7.26334667
-7.1464901
5.40223312
5.89007998
-4.54230881
13.3120823
-0.712120116
0.582773268
-5.35850525
0.323152065
5.07884407
-2.65722537
-12.4441328
-2.2308979
-1.37713528
0.499130964
0.444234967
3.24581766
10.9130087
-6.23474026
-0.147621095
9.25335217
-3.85433865
8.69063282
-5.03605938
-10.2713213
2.70708251
-8.28274059
-7.03541517
1.53787875
-14.1867619
-2.8374691
-0.0206676722
18.6524296
-15.6952696
-18.3504925
3.82021475
-6.35703373
3.18941927
-2.27903318
0.243145466
5.7157135
6.70840931
4.22945642
5.68104553
-9.54190731
15.5645418
-5.86805248
8.09394836
3.19816756
-1.55269384
4.32587719
2.80208898
8.30532837
-8.83260822
3.59683204
1.41614795
-6.40431547
-9.76103497
3.05320168
11.4037237
-0.398631096
-6.33673716
-16.3834629
1.62934089
-6.13937855
-5.34312105
13.5023546
-4.92960358
-4.80618811
-1.34470475
3.60528898
-8.80599022
5.25541449
-17.7482567
-11.7644005
-16.5205994
1.81371617
3.75327587
2.89520216
-4.65571928
-6.69297075
1.35047841
-6.10830307
6.86683607
0.231129885
1.46181583
5.87359524
9.08845234
-0.485922575
10.5450172
-0.0043720603
-1.44595861
1.98089612
-6.71307659
1.90362525
11.7159901
-2.71009564
5.84047794
-13.6289463
-6.1069808
14.3523302
-5.45728874
3.17421293
-11.0466557
-3.13436484
2.4760499
5.37404728
4.96727467
-2.62662911
-0.892313242
1.63239074
5.88057756
2.47508621
5.26670122
-6.26844168
-5.44811821
0.468781888
-4.35602331
-1.21355999
-3.48918819
3.36572981
2.07728124
4.36071491
9.17113018
-4.22317314
4.60577583
17.2555218
-0.468599319
11.6663799
5.35948944
0.949571609
-3.97011852
-16.6422138
-7.74141884
10.3782787
-8.18788528
6.67147017
-2.87653995
-0.262230396
7.9249692
2.45945787
3.64625907
11.9986038
11.8281755
-1.88033867
-3.97192049
2.04692507
-7.48617744
8.65555286
17.1095028
0.899204493
2.74611926
-7.62487221
4.4660387
2.36287141
-5.63535595
8.88819218
-6.35545254
-8.2982645
1.54798782
-7.39482689
-2.14327502
-1.71436298
-0.805764198
-4.62008095
-2.90878725
4.96262836
-1.40482593
5.03626966
-14.3594112
-21.5407333
4.86412954
3.34571624
-5.08325529
-11.5854006
-1.09696245
-8.35731411
8.19578457
0.658492565
2.47423697
21.3054523
7.80451393
6.60714579
1.53418732
2.94864058
-21.374773
-7.55733585
15.2844315
14.8826542
-14.9945431
-2.790277
5.61175632
-0.200669408
-0.919734955
3.61066294
-7.80463123
-12.2444649
-6.8272686
-0.163532853
3.07698727
4.6852951
-4.57932568
-7.55829906
9.35397434
-0.973092318
-2.73895264
-1.73448038
3.22545099
-3.42538023
6.80781507
-9.94581699
-3.85934162
-10.8556118
-4.415977
-8.71408749
-1.59514892
-3.71257734
2.72330952
-1.37314034
0.379711509
-4.9412632
4.33882236
9.11532784
-4.02076578
-12.4420719
0.934430718
-7.46981096
2.67300057
-3.83104873
3.66143703
-6.74970531
-1.99266255
3.6664927
-3.05614328
18.2288475
0.807579756
-8.05205154
6.35671234
9.97157001
-15.1903763
3.8999896
4.49917603
0.733789325
-4.26154947
-3.04271531
-0.552264512
-1.51884949
13.7845383
-2.26476645
7.24687529
-17.0411777
5.14495516
-7.29865265
12.0443258
-6.94640255
-7.80386591
-4.42521
11.2520456
3.81465435
-10.9132547
-3.15703917
2.65299559
3.08031249
3.70445585
2.66057801
-1.75400519
-0.564323902
2.67335463
0.954820871
-7.36476374
-3.34346056
7.14351034
6.80158901
-3.69783211
1.73321187
-5.92174339
2.06508994
5.3389163
-3.83293056
17.6756744
-11.2673063
-3.04627752
7.38218164
5.18245125
-15.7413197
3.55400562
0.19094415
2.81708002
-14.3290749
7.62445545
-0.44881624
10.3537455
-3.27637053
-4.18104649
5.54579926
-12.4776735
-4.1811595
-3.19554138
0.546892047
5.42719269
-6.33714151
1.72852302
2.07622242
6.64696741
-4.05207014
15.6494904
-4.60636425
0.0595108271
8.50287533
-14.0295582
3.11100841
9.00576019
7.30280828
-0.944905758
4.62659168
3.99184942
-2.72850752
-7.39845276
-8.90823364
0.867595196
-8.14655876
-5.38172531
-12.9331656
1.94475889
20.5758896
6.27564383
-1.10273552
-5.87701654
-2.41303992
2.15729499
0.0156400204
-2.28114581
-17.2756367
-5.09622383
12.5944643
-7.74157524
-12.5017862
-5.67327023
6.66335201
-5.45581102
-1.61148059
-8.07353306
12.0079212
11.8227787
-10.7202435
4.34240675
0.674809217
-7.60827589
6.28772211
-3.58601236
8.07475662
-5.64513302
-2.58696127
-3.21285105
-7.2662077
-4.61266708
5.02065277
-4.52255535
-14.1309214
-0.946868181
-3.44375467
12.2168512
15.9508934
-8.15556335
9.113554
3.97247791
2.73722196
10.6258001
-14.2175636
7.07053137
10.8807182
9.828619
7.79527998
5.71228933
4.73624134
4.95240641
4.72484589
0.910799682
-10.4163208
0.255539656
-6.17015076
-1.831815
-4.7833519
4.80790806
0.356070518
-9.00224113
9.42324829
-11.2928076
2.51266384
6.2543602
11.335639
11.8115864
-7.83766937
-2.58255816
-3.46904707
-0.682347536
-3.54789019
11.754571
-6.86601639
-1.2606442
5.12154245
12.9272556
-1.57785463
3.63374972
-3.78811121
11.748724
-5.83921146
-11.4688559
15.8462982
0.974997938
2.57390118
-5.08273172
1.36715221
-1.09117007
4.38344955
1.90689826
-0.9038167
-0.254168034
17.4837551
2.72406626
10.4995899
-7.50730228
-6.54900217
-8.06435204
-8.54475212
6.30595493
-0.980046153
10.6618443
-1.0884099
1.70760167
-0.286731243
-6.6974082
-8.48757744
-0.0222141743
1.30132341
-18.8541336
-10.4393854
-7.10534048
8.06155586
5.47011328
5.1966362
-1.4393816
-3.44691586
-5.85137749
4.69588947
-5.81518841
10.091814
9.53642273
-5.28390741
-8.95775509
3.39047217
18.4051743
11.1606789
7.17596912
8.69151688
-10.2237177
10.0395908
-9.09220695
-1.25589204
1.71703398
3.23112965
15.8844633
2.07322478
5.36333656
-9.07153702
-0.0582175255
-2.96382093
7.69239044
-3.4672327
1.7577107
-3.59388328
8.5535717
0.342600822
-12.2618618
8.10507679
9.13080215
-6.41772413
2.62703729
14.8515701
7.99016333
11.2519169
0.240824699
-12.435915
-7.99363327
10.4357347
0.52628535
13.234396
4.28767586
-0.33952713
5.49124098
-3.28185177
-1.20729804
6.29498196
-3.19323111
0.943029404
5.06546211
12.3680229
-4.17255163
3.06910658
-4.25321007
-0.923602343
-1.03022099
-2.20758486
-3.46530557
-4.73730326
3.20320559
-0.968328834
8.20079231
-1.31259298
-2.22729111
-3.82589602
2.71697354
0.29705435
-2.14870405
-8.97827244
-2.00482798
-7.3200779
2.11888576
4.1500845
6.01010799
1.02233756
-10.4477444
-2.10820246
9.13808155
-12.7176523
2.02912736
11.3298397
11.7330608
-6.20930576
3.68597889
-0.830818176
-12.2273598
11.9954681
-1.53413105
3.5001564
8.16172886
10.5624723
3.26811886
3.37612247
-8.21313095
0.00299358368
-4.67043734
-7.06214094
10.881197
3.43944621
4.60682154
4.30801582
1.96784115
-7.39730644
6.49672127
-16.8558178
-1.59096098
-8.91201878
0.480615795
15.9631796
-2.06118894
-16.9758358
5.35719872
6.03479767
5.76107073
4.93432903
1.73415732
-1.1828928
-8.19570541
-6.96803522
3.13685489
-6.16108227
1.75394499
-1.48974681
22.5817947
3.36805296
2.77866507
-6.30341816
-8.33631992
0.895646572
6.53183317
17.299511
5.86068535
-3.41603398
-14.1666059
-0.592903137
5.41163445
2.92698646
4.24231434
21.0645256
-8.58793163
9.84460258
-8.81746292
9.66218948
-5.76340914
-6.14126778
-9.39880371
-14.9690971
17.9164925
-8.5532608
9.14554691
-8.39589024
4.88928795
3.12496138
4.49042034
-3.16366816
6.26937151
-4.5792346
-0.213829577
9.01065826
6.21532774
-0.986438274
0.122863293
7.80690002
0.806718946
-1.80729818
-0.0561499596
-1.50778127
-7.41010094
3.91906619
9.88014793
-6.24905872
0.165211082
3.35954785
-2.16003776
-5.06179428
-4.27423382
-5.38976479
0.935318351
3.60161996
-8.37113953
-17.4843807
3.63328004
-2.66259313
1.89648914
1.59489989
-4.07123899
15.2404938
2.93321848
0.150381029
2.98098707
0.23731643
3.65921283
-6.73809814
4.40731239
-11.3052549
-5.0058074
2.02807522
-0.859422207
14.9373732
2.22730565
-15.2719631
-8.46526432
-2.35680556
-5.1533041
-5.01604939
-5.19013023
4.64251709
-13.3566933
8.57859421
-15.5032377
2.46265554
-3.5765295
4.60465765
8.33879089
-24.1579952
2.58766484
9.8789854
2.58733344
-5.6321063
-7.73533344
3.94494653
16.7501488
7.84287167
1.31520438
5.8576169
-17.8482647
-6.71289301
10.6021996
8.9163084
11.1445904
8.39764214
7.49387264
3.32652998
-6.29089546
-8.59592438
1.66130483
-3.57131052
3.55691075
9.17830849
-5.8703804
-0.289596081
5.33050776
-0.762334824
1.08542728
-1.27948856
1.02042484
17.1174412
-2.25463963
-4.8819952
5.58924818
-9.13749313
-9.00936413
3.56242824
-1.93506241
-9.06269073
4.82287216
-4.739429
1.57121134
-2.05988383
4.21272135
2.39041901
-0.830447912
3.03145885
-9.88337421
-6.65274334
-7.20819712
1.62111306
-1.73416209
-7.53583431
-2.84507561
-1.76828313
14.5303822
7.6066103
-0.092322588
5.01555824
-7.84530592
-4.47450972
14.3359814
5.67282772
-6.08534813
-6.4312005
-0.863219023
4.84307194
1.9289521
-10.7845879
-1.09323716
-6.51552486
5.93485498
-6.39819527
7.53494406
-3.93035889
-1.013834
2.84488058
-3.80600071
12.2924862
-1.60971296
7.07363892
8.24837303
-2.78635359
-0.738988161
11.8955498
7.7490387
-0.53185463
-11.1287079
-4.39614391
15.9683647
-4.20927811
2.74997568
-3.30416203
7.85638332
2.95609331
-5.02661228
7.61238432
-0.332438767
7.10724258
4.14910078
3.58894825
6.03550005
1.02262044
4.78417873
2.93043303
-7.1563158
-0.66358614
0.545017004
-11.1514816
-13.6326542
1.47150874
0.47790432
17.0467701
-10.7231684
-5.58379269
-1.22419262
-14.6170635
1.56370425
11.7929697
-0.456696272
5.3961854
5.16446495
2.35947585
-0.656704605
-2.53800249
-4.59231567
2.96272254
0.424538136
5.16030884
-3.48670483
-7.47812176
16.0098305
-0.142261744
0.159170628
-1.40932608
-9.05720901
-3.03027439
-13.2376204
9.91487789
-0.4739573
10.1866341
5.16045952
6.68314838
-2.37784147
-4.5913763
-5.05425739
3.14562321
6.15030766
5.70073271
-9.17080307
-4.22809172
3.26325607
12.2463369
-5.31805754
-0.0165318549
4.1121006
13.914485
-12.4475031
-0.313098431
-5.7341814
0.494342566
9.71626949
1.13304067
-9.17594051
-11.2380285
-4.63699484
-4.84873676
-0.442253113
-3.74333978
-4.59386683
9.40208054
1.55674803
7.89356613
-3.16815042
-2.73758173
3.50554681
-4.89691496
-5.02244473
8.58033848
0.771249712
0.311349303
6.50559044
-4.39817858
-9.4954567
-1.94713676
-5.02928209
-3.06620598
3.62564874
-10.0319424
-9.99387169
0.344427854
1.4821924
-2.26384997
-8.2689724
-1.83189726
3.55688548
-1.57846427
7.10584259
7.7226243
-5.75346136
1.752334
0.615765333
-8.80036831
-12.4024048
-15.4456024
-5.27759743
9.79741478
-3.38531303
1.69091439
2.71317959
-5.70454979
-9.42282581
6.71984673
-11.8340187
11.6427488
-0.738660574
10.9494848
4.56344366
-1.18780136
6.11739349
7.24454308
-4.51163006
4.04770327
-6.83699512
-3.259727
-1.39808202
2.12385178
2.75533915
-0.059669733
-12.246232
-2.68019676
-1.44175792
6.7749567
-1.70183754
-3.92657924
2.58427405
-2.39390659
4.33868885
5.04523325
-4.8202095
-0.63394928
6.04268122
-1.13647556
8.60889435
4.07874775
-18.011837
19.9698181
4.52029896
0.341741443
1.20844877
1.13996148
1.01468718
6.96107006
3.44201422
7.3421936
0.0844521523
6.67307901
7.61510468
-5.57409859
-0.980228424
0.556896687
-0.490043819
4.44093609
3.5835495
-5.62034369
10.3217869
15.2479124
-1.80584681
-3.50456905
12.5986576
-13.5168095
6.54605675
-0.546589017
4.54898262
-17.5432301
6.45474482
-0.523230314
-2.91175199
-5.69628429
-5.42482662
-11.7873478
-1.49672556
1.92088568
-4.30329418
-1.52538586
-0.791202545
11.8685656
8.40788269
-18.4523487
-5.3536911
-9.39969254
3.28213811
-0.591403961
5.51882362
-3.48609591
-14.7407875
-3.46977353
4.43668032
9.29844379
6.7565155
-1.10094571
5.41369915
-10.8831749
-3.468292
1.75577378
-2.18558931
-8.44368649
13.211338
-4.30788469
-9.32686138
-3.98949146
6.53247881
0.712235093
7.55017757
3.02580261
8.07352066
-5.14236259
-3.23979759
-6.34168053
-14.6274996
8.41811562
-7.02585793
-2.59585333
8.68316269
3.74151158
-5.59451437
-2.75293827
-2.6282897
3.0405941
-0.372956753
0.580381393
8.89801121
-1.95598102
1.51873398
-10.1576738
5.67313337
-7.06985474
0.765451193
-1.99211621
-6.88832045
-2.57380199
-3.41331482
-5.29753733
10.5139933
-3.74957037
-3.44444776
5.68096876
-7.88097954
-2.90046787
10.9158783
-2.28196549
-6.84651899
7.58663654
2.43642473
7.68153667
-0.986180782
-8.4587574
11.9782095
6.57727242
11.9504166
-1.93371272
0.838889837
1.83853734
3.89253569
-14.8816776
-12.2825956
10.1382647
-11.4092808
-0.844766855
-8.6453228
0.541290402
-2.91888332
-7.57604885
-2.56276083
10.1301889
0.185963154
6.89355564
4.26293182
3.23094511
3.28549767
13.068099
-0.506842732
4.41732216
-1.70264769
14.2441902
21.5206928
9.41860199
-1.33570766
-2.4324789
0.818885326
-13.1151714
7.74888992
2.80083394
-2.04831934
13.6998978
-1.15607667
5.9557972
9.96570396
-11.0556517
-3.67218351
-6.89824343
5.11701202
-8.78762245
6.63144302
0.563837469
11.1751862
2.30560112
2.99243093
-2.65122128
-0.072573185
-4.72832012
2.46915555
1.2003305
-5.26695871
4.42679596
-10.9343395
-10.8544559
-1.64616334
1.17846417
-0.729376853
-12.3247547
-6.38344383
-3.87157393
0.924914479
-2.00940037
-2.89905763
9.44805431
3.20577931
-4.52372122
1.62663794
8.35545158
1.60497332
1.7715888
-0.836666465
0.690481424
-7.93407249
-2.27600694
13.6821175
10.3971844
-10.8647203
-8.62742043
-5.62246466
10.5491076
3.98356915
2.13373089
-6.92478848
-8.76813602
-2.54901886
-9.16664886
23.7997169
4.89215088
-1.41194582
2.82473183
-0.612882137
4.89823723
-2.14979553
-12.451683
20.9585342
-12.4524221
-13.7101841
-0.746808648
-11.76367
7.5434413
1.50891304
9.65292645
-6.33248997
-2.20115304
1.69860697
-1.48460615
0.9689399
4.64488506
2.91057539
2.31771564
-3.17966413
11.8360901
-0.224200428
2.53162932
-6.27538395
-18.4258213
4.52139568
-6.42450476
5.48094273
-0.740265489
-1.80979586
-5.32168484
-5.10781384
-9.46829414
8.50094509
-5.70165634
-8.76345634
6.68528461
-4.32176971
-8.8263464
5.2518239
5.09769154
-13.453207
-8.7555418
-5.13917446
-4.29292583
7.00254154
4.05097008
-5.89271164
-8.28523636
-3.96452713
2.30070019
11.1763897
10.1676435
-0.164631605
-0.428650737
-12.8362617
-2.25017238
-7.86184883
-2.25909424
-4.9867878
3.90929079
4.15985823
9.57145309
-0.0321784317
-1.49053717
1.59915042
-12.5676537
2.04958606
6.78211212
0.300143242
4.62034321
0.251855373
-2.52285409
0.970058322
7.72555161
8.68587685
-19.7997379
13.3330593
5.40803528
1.04417968
-2.54737806
9.52433777
0.639761686
12.4748564
2.55987215
-7.62059212
-4.32588482
15.2494841
20.457283
2.34693813
-19.9017506
2.19131327
-0.564007998
-4.66137838
-2.49787736
3.88470602
4.47256613
-8.76050758
-5.10104322
4.72782421
-0.64350009
-4.88158417
-6.26673031
-4.74365234
-7.87298489
13.1769562
22.3180103
0.399350643
-7.93806076
11.3954782
2.30294514
10.5569925
-1.49212921
-9.14156914
16.8207035
13.3343248
-9.86386395
4.59926271
2.79103446
-10.6985416
0.791734219
-27.6563778
1.15667629
-0.235214949
-3.73536634
0.443070054
6.08611727
-2.06494212
-4.79909754
6.52632427
-5.70641327
-7.81058311
1.96903801
-6.65957642
-12.6906967
-0.924798489
-6.88290787
-1.65551901
4.26833868
-10.6814442
3.91901731
4.77252388
-5.6521287
-5.03209686
-4.22575617
15.6511011
6.73731804
5.42561483
0.385909081
-2.64478612
-9.82893372
8.83576107
-6.17424202
-3.8075614
-8.19553375
-2.28913188
0.603678465
6.95466709
-0.892554045
6.16072655
-9.24276352
1.66176224
-13.2307367
4.46837616
-6.09345102
-3.61551952
-0.837894917
6.08459759
-6.07369328
5.89279747
-3.95128798
5.09869194
0.115978003
3.84554458
3.13372707
-13.7883244
0.852452874
11.0708656
5.9141345
6.53288603
-5.94535542
17.4950085
-3.01009727
0.797609329
-6.97915506
0.270013094
-4.16150665
1.1938535
-5.34504509
-4.2526536
-10.5711155
-1.37888265
10.9692211
-5.04561186
-11.0186586
-11.3285885
-14.3745499
11.4963856
5.28793049
-10.2084332
-1.62308288
4.74282074
5.43448067
4.27081537
-9.37888432
0.517685175
-19.574873
-1.92227066
9.86394787
-7.93129253
-1.3714292
7.13095284
-0.512111664
-2.48266983
3.05409312
-0.676993132
2.52249408
21.3462467
14.1274109
11.1283989
-12.5119896
-6.54672241
9.4911871
-0.317210257
-5.08793354
8.47103214
-0.098025322
-1.57533383
-11.2120628
-10.4802599
10.6944122
-10.8527813
-1.4576261
-7.34356308
-5.54096031
6.3756628
-3.02805042
13.9809237
-2.46360278
6.31772184
4.14763975
-8.82784939
-4.41792393
-0.723800063
-2.31993508
20.4054527
2.57362461
1.39150059
9.72764778
2.92784977
13.8766985
12.6911793
14.0028515
-5.55672169
1.70247936
-14.802434
-0.886973739
1.89559197
-2.88115025
13.3725452
9.38095474
-3.86693716
0.36793381
12.241972
-5.47351599
1.19223213
5.97328043
-3.08567238
-6.16054249
-9.42498016
-6.34683752
6.14078712
5.30806541
-11.2374191
10.9243841
-9.02809811
-0.709149599
-3.34214902
1.31778502
2.54259729
5.24520874
5.11760378
-2.08067703
-12.4523458
-13.3999062
9.80865955
3.91684079
-1.15067315
8.31423092
8.24550533
-4.97742939
-0.654929161
9.90559578
0.328925669
-1.40178704
1.06965244
12.5729227
10.8116617
-11.489603
-5.97515202
10.6922283
0.781021118
-1.07660389
-0.212455273
2.59708357
3.91499615
4.77758789
-4.99719
2.45001888
-6.75571632
-1.72269523
-3.34635162
5.62683725
-4.69999218
-7.61922693
-5.67820168
-5.15062428
6.39798832
-10.4625883
8.40639496
-4.32500362
-3.31709504
-2.41172552
-7.10001326
0.551810265
-1.12795579
-2.47678471
6.79524136
-3.6048522
10.3602676
-7.69134617
8.58903408
-2.99875832
-0.722486734
-6.49145174
-2.95562696
-19.3433418
-0.0817160606
-1.13224673
-5.10654354
2.71671748
19.0754471
-1.09136248
-0.193345904
-4.95936823
3.0253582
13.5918941
1.21842694
-3.79666376
0.522363782
8.74895096
9.42564964
0.891198397
-6.34563732
4.97038937
6.7596426
4.86626816
4.19850826
1.9678843
-4.49405766
0.220982552
-5.3984189
3.10032463
-2.86498284
4.17447281
-0.972710371
8.48633385
0.258758068
4.26274538
0.1383425
-12.1104679
3.55154848
-0.594007969
5.48207617
11.6636353
2.18380165
3.24426222
-0.420719147
-0.663703382
-7.82342768
-3.81677866
4.64384842
-4.51951885
-0.955807805
3.53317857
-3.93205237
-2.34455824
-8.75527
7.35655975
9.7023201
2.26334405
-7.43224621
2.46781421
20.4508324
8.22272491
4.01162767
-6.18272591
-1.5734973
5.46468925
7.62464428
0.41988349
-9.9435358
4.71534348
2.30126452
-0.282792568
-3.0523634
13.2049322
-8.63903713
-3.92854452
-6.13674402
9.14094448
-1.88618255
-2.52361917
2.50336719
5.72366428
15.5895386
-0.796790004
0.914011598
-7.20842743
-1.12674189
7.57382679
-17.3562851
3.3001318
-1.61039078
-4.62827396
-5.86540937
3.20069599
-11.896575
8.85085392
12.5801392
-8.26937103
2.34780407
9.18336296
12.3839874
-16.7674599
-0.35951829
-11.607914
-2.67391109
-7.88335037
-5.47001696
10.2059584
-7.4186964
-13.3010263
0.509552956
1.93690419
5.62464714
4.02650738
-2.56802034
-5.19977331
8.99661446
2.54597616
3.53549266
-6.86982536
-13.7695723
2.98617387
8.65184021
-7.88053274
-7.35882282
-6.20446396
1.70095837
-1.19150734
-0.594825149
-7.40793133
2.39949512
-7.39789152
8.33892918
4.78072834
0.926215708
6.31830692
-4.98583984
4.598948
-11.3559341
1.6141746
-5.80257797
-6.77381325
4.83379793
-1.01782584
9.81041718
3.71422839
-3.67896485
-20.1537476
-6.37563944
-1.21731555
-2.12612224
7.91043758
3.65137243
1.55494165
4.98955297
-6.28157663
0.407521129
9.63288116
-3.43081474
6.2085638
-4.85023022
-4.90915442
-8.80727673
5.09483814
-12.3995476
0.324132442
7.39652157
-0.429908514
7.8132267
1.73917675
5.26007938
-0.0614460707
1.02135515
-2.58294392
7.07479763
0.412621677
2.7739017
-1.44361138
-7.38132191
-10.5745907
-3.10567951
3.46739244
-8.78126144
9.64506245
1.10976839
17.3258705
-1.43049026
5.38218212
-11.6903782
8.16714573
17.0580139
-1.97339904
-3.11907482
9.02861118
8.66462612
-2.41878128
10.942874
2.06767178
0.816917181
-15.8239403
-6.53135061
-3.79697847
5.4826808
4.38568926
0.148791552
7.78801346
-14.8278923
-14.066925
-1.25018287
-1.71450925
-8.48255348
-6.6171875
3.36948156
1.36381698
-1.9629426
-3.17727375
-0.27957207
0.677738428
-10.5103121
7.42883396
3.96091032
-1.97622085
7.09768009
-2.96869469
-2.32882166
-2.60704875
10.1797447
6.24526262
0.731354356
4.26538849
0.0356109142
1.81446433
-4.02366209
-2.88515639
-8.40001297
6.32609367
-3.33127069
-7.47049618
-6.17221642
14.878252
2.3595891
-5.55957556
-9.74196529
-7.08271313
4.47454929
2.77827716
-2.52329659
-2.41865635
8.46905136
-1.06480432
-6.64671755
-14.7044315
1.00960517
0.464418888
12.7669859
-12.8577433
-18.147789
-7.51634789
-1.63305497
1.76876211
11.9249353
5.50529766
4.55866385
0.80943346
-12.2845078
1.63568044
8.27533913
-7.08790922
-0.824119091
-11.9816246
7.95717859
1.73389578
-7.84732151
17.5266228
-0.0452158451
-8.18767834
3.12124729
-0.777620912
-2.54402018
-9.27056503
1.99023259
-4.39603996
2.28811836
-3.61526513
1.3313539
-8.47620964
11.8377275
10.2339602
-16.3487072
-3.35803032
12.8340769
0.768458247
5.65240765
-4.98579836
4.74667168
7.27936888
5.95806122
-10.5128527
4.02270222
2.54580164
5.55827427
-16.2749729
11.6049042
1.83205271
-8.49526024
-6.37859631
-6.42597866
-6.21688843
-1.54230344
7.62353516
-1.51802564
-19.0507298
2.20690012
-0.827647686
14.824543
9.45366955
2.80276775
3.85650826
-3.74118567
-6.5430131
8.51802921
-0.0865755081
-0.0484969616
8.94087887
-2.26540613
-5.84674454
2.65695524
2.959548
2.05895662
5.2766552
-4.55338717
1.77562666
0.176904202
-7.93684244
3.28277063
0.676578462
4.98760653
0.385563195
6.91178513
-7.33288527
0.690326452
14.9997597
-12.5554085
-17.5230217
-13.9814911
12.4178524
-7.55257463
10.1869125
3.2924099
-1.59589195
-8.25282288
6.82103348
4.22803783
5.02576828
-10.1343002
9.76118755
4.34611464
0.334002972
4.98510265
-0.848127127
-8.17711449
1.11076975
-10.4006701
-11.0474586
-4.78798103
-1.28967273
-0.996142387
8.38378716
13.4674149
4.5696249
2.65140867
3.48416877
-5.01191902
3.54972482
-8.67957497
9.94255066
6.07637262
0.360334158
-9.30106449
-1.72229671
-5.22854519
-10.8116989
-7.17523479
-16.2928429
16.4104252
1.90894723
1.03969455
-1.60456753
15.7379427
-0.28354466
9.28926754
2.71100783
-3.37323904
0.405620575
-10.9130659
-8.32490826
-6.07936668
5.64397621
-6.05997276
-15.4867783
-8.77241135
3.47741747
-3.12901926
-15.6940212
-6.4481411
12.2782526
3.45505357
-2.14179492
-11.7873249
14.2411737
3.54073334
-2.38920736
11.6009951
3.99395204
-13.1015453
-3.76319265
0.513740063
-1.76030111
2.43995428
-1.95685554
-0.182722092
-15.4279728
2.76417279
-10.2818794
-10.2814093
-1.5674758
-12.621274
-6.36335516
-1.46210361
-3.82162046
-0.402720213
13.8440685
-4.37259388
10.0776281
0.475262374
-7.46893454
11.2643366
-3.65519762
-13.4105072
-4.65464592
16.5151501
4.36933756
-7.68604708
-0.901996613
6.032794
-5.0350275
10.6495514
-5.09826326
4.84978104
-0.598483086
-4.61775208
-1.22702467
8.53325462
-2.22637129
-9.83187962
12.1496143
-3.66776681
12.3099718
-4.92288733
9.97251129
-12.8047314
0.23185873
1.70820355
0.709183037
-2.28239179
-7.17608166
-5.58775234
0.750518322
-6.17050791
-4.28789377
-0.703262866
16.8077431
-1.93506026
6.74942923
11.8246336
4.32666397
-1.5652082
0.619996309
-2.80858183
-1.27795219
-9.81219292
-8.23052883
-4.99960852
12.7663565
-5.17586231
10.9094219
7.647717
13.8685532
-3.0872333
-5.45707035
4.93772507
-4.71246243
-2.46955061
-8.22839355
-2.85400105
0.0104122162
-0.602208614
-8.83926582
-10.4449148
-1.11225796
0.860785484
-14.6965351
7.94642019
-0.245220184
10.7313147
-11.6831007
15.2944708
3.013834
-0.999800682
1.32385826
-2.89842224
7.1539526
4.59138298
-5.91897058
-1.23321235
2.74705601
2.20832944
1.28886986
-4.28792953
0.662324429
-4.34128475
6.52544498
-6.05959892
3.06082749
5.52170753
-9.61730957
-11.0701113
-1.22494769
-4.91256618
-3.03106117
-8.63490868
-12.6476297
-11.178441
-12.395997
5.7154026
-8.01136589
1.63404322
-3.27238369
0.36058116
8.68395996
-5.51609516
5.80466938
-2.96437836
-5.70259571
4.09674644
-2.99592757
5.36057615
2.49469805
5.86148834
-5.86303902
-9.66959572
0.510449409
6.96100807
15.4972162
-9.72565079
3.62938166
-4.03072023
7.63673592
3.40585709
-12.6713238
5.89274311
1.71577692
1.39186752
4.07502794
15.7194815
7.87038994
0.0815145969
-1.68613744
12.7064095
10.9949379
11.8544626
-7.81205654
10.8633156
-2.53346705
8.01670742
0.920392275
2.48413467
-5.21285439
2.87273598
-9.15390396
-7.64995146
-10.0861168
-7.91576195
4.926332
-14.2724571
-18.0169582
-8.64780235
0.416273832
0.20012331
6.20769405
-0.727647543
-1.03851283
-5.80770159
8.10731602
0.549826145
-10.2726717
-1.68534076
-10.6998053
8.72925949
-11.3521996
-4.62119865
-5.94256544
8.23658371
-2.83910227
-4.48802423
-3.24638987
4.64770317
-8.24239922
2.54558754
-5.08692074
-11.1235123
-0.198999882
-2.55036736
10.0190029
-5.82865906
-12.7617044
-3.26162648
-2.26816034
12.3439846
9.47297859
2.49439502
-2.79865408
-2.26996422
-2.49729967
1.6172123
-2.21873426
2.47338414
-6.55520725
-0.494652987
6.77681923
3.03079486
3.73219299
-0.355803251
8.80160522
-6.30069923
2.85207748
-3.85587907
-1.01456189
-0.69978255
6.32185841
4.82053566
-9.24515724
3.23627591
-8.28940487
8.95174503
1.48726153
-18.03298
-3.08884048
2.19932461
-6.57210827
-10.7878265
7.6138649
5.63740826
-11.2432442
17.2583427
-8.54839516
-1.00306046
-7.83876276
-0.184111118
4.86154842
-5.59120035
10.9116259
5.12946367
-6.99601078
8.84599876
13.0547686
-3.09309196
-15.8983889
5.25966167
-6.54276657
-1.66256499
-4.77875328
10.306735
-1.44239247
1.34682178
0.933484077
-2.05394697
9.54629135
-10.7395344
-9.79141235
-3.37592602
-3.53647995
8.67790413
1.63251591
9.55668831
11.2048721
5.59989262
-9.31847763
-14.783741
-10.9666519
-7.53112793
1.13990641
20.0018234
13.1611423
-4.91526079
1.94698691
-4.24451303
-1.72330952
-1.41137409
-8.64686203
0.244047165
10.1850643
-8.43863201
-4.61337471
2.99126101
-1.93291092
-9.9680748
11.6083565
-2.87261248
25.1784935
19.2895584
9.11257267
-10.5004272
3.04920053
-9.22826767
-9.85622978
-11.4602642
-10.8000469
-6.58502817
2.7887404
-0.74504596
-11.220253
4.6987505
6.19331264
-8.05350208
9.37641525
-4.44468784
-3.35778809
5.38124895
11.7185631
-1.07440186
4.60925198
-8.42539597
-6.51166534
8.84703636
-8.03983116
0.651619673
7.33727741
10.8671112
0.198750496
9.91368008
-0.029289484
-4.37743568
-12.5675907
8.54544258
-5.31905079
2.23691511
5.16810417
16.4858055
4.8865428
21.5128021
0.608460665
-8.27247429
0.848227501
-9.80219746
-9.37234879
4.94436502
-4.06913471
0.783417702
-1.71220446
11.1093369
-0.68231678
6.02199459
8.28305244
-10.6885719
6.60223198
-3.16587734
-0.995002627
-3.9999783
3.59240055
-0.0846335888
4.3945837
-9.47040272
-7.07419395
-1.68936157
-2.85323095
12.921442
6.84362268
-2.32482052
-6.65947771
6.63424969
-1.6657958
-3.65156603
5.22416925
-2.14154243
-8.47739983
26.0739098
-11.318985
16.3983345
-3.36118174
-0.826136231
-10.8199587
-1.758394
-1.35260224
-12.250061
0.214056134
-4.00679207
-7.80901384
8.14018726
6.47032166
6.85228729
0.38295269
-4.49813843
22.0114632
2.35127187
-5.15089655
6.21688747
-2.0533402
-1.86669993
3.82077384
2.46825361
-9.78727055
-11.4454393
-5.48707867
-2.48422503
7.16952705
3.88539457
-15.5124836
-16.5252991
1.18176186
-12.3920765
-0.30954057
13.7098761
-0.148259163
8.49826336
-2.09318972
-4.72805405
-1.12266445
-9.0926857
-2.69342184
-10.3363056
-8.37703705
0.175836086
-10.0924025
-8.89933395
2.95783854
8.27328491
-0.836544991
-1.3356061
-7.25745201
5.37521601
5.69763756
-6.64015961
-2.40724611
-8.46503258
-2.9145093
-3.95288658
0.598807931
1.96750033
3.75193834
2.13548756
8.96819019
-9.15062332
7.11832094
-6.35848236
-14.7151928
0.072101824
24.4019394
-1.46371603
-0.907604873
-1.98705244
4.75648546
7.22465563
-6.47624636
-7.81232738
2.64001417
11.612937
2.86238098
-0.304764986
-5.00861168
-3.22128153
-2.97401667
-0.275162458
-6.33745956
8.73239994
-4.71760082
-4.81380844
-0.791178942
-3.73599148
13.5449276
7.72339725
0.348821759
1.45811963
8.86802101
-4.00703955
-5.62483597
6.25771523
24.4139709
-5.0846343
1.52470636
2.53774261
7.59480572
1.85923195
13.4814167
6.88251972
3.6484673
-1.29496717
-5.15736103
-0.909582615
-4.78152084
0.294867039
0.568407178
15.3013554
-10.7151623
5.75573397
14.9478216
-4.6846385
3.52477503
2.9651351
-0.171230793
-5.15059328
-1.76532686
3.33727074
-0.0223306715
-14.736619
-9.89487934
-7.50733519
17.5853348
-2.19103408
4.58665228
9.38415051
2.0274353
-8.44547176
-3.28187323
3.38394308
7.66923666
-11.6007204
-0.121470451
6.36583471
20.4426098
-2.47403049
5.66509151
5.30822325
-5.9637084
17.7314835
-2.9005003
9.11355495
1.76322353
-1.26387
-4.3217144
2.3772831
9.22187996
-1.87382829
-3.05783463
0.752431631
-3.42247176
-9.65401745
1.01803231
10.0111427
9.17221546
-1.19744134
-8.62259483
8.12197685
6.74288797
2.39071178
0.87873292
-1.43290424
5.89768839
5.03103161
8.22703934
-4.85100365
-2.79746604
10.7633953
-17.7690468
4.58592319
-1.53846097
-4.15621996
0.0849211216
-7.09716702
-0.00874586403
5.30106831
0.586202264
-12.2601309
7.34175682
1.91951668
-19.0775757
-17.6395321
-9.02546978
-3.38281751
5.54649973
7.27157831
2.91080761
1.51154828
0.0104596764
2.18884897
22.0906086
20.6117287
0.387680769
-2.58367014
-2.54816103
12.4721518
22.5385551
-13.1020088
11.3197241
1.9605006
-3.03074217
-1.68628681
4.1724143
-2.69997287
4.93647289
-3.40972614
11.1745558
-6.10697412
-1.41508019
6.19586992
-7.81175423
-3.97922897
2.53707886
-1.64339781
2.65860653
7.80338669
-5.16359711
-0.447440624
-6.96880245
-9.98296928
4.35092449
-8.71497536
-2.63365412
-3.43787289
7.19605637
1.1753751
-0.85201633
-4.54277468
-11.9958115
2.48271751
-9.17994785
-2.78094935
-5.58150244
-13.5400915
2.47389364
6.10368538
-5.90021753
-4.87385654
2.61781216
26.5507107
-0.918597221
10.480011
0.67081821
-0.13824001
-9.13717461
-0.780013323
-5.29063129
-1.53300714
-9.61219406
4.96406174
-5.4507823
-11.420516
-0.22317791
-8.17651939
-6.52181625
-4.61683464
4.1996088
11.4809103
11.0606394
1.58701825
-7.8086319
-7.25859594
-0.659401059
-1.11135423
-3.14843559
1.05315661
1.94817138
4.59708452
-5.24251938
4.29479361
-5.17062902
-1.77003193
6.01980448
-2.31399155
-0.780363798
8.25707531
1.01667523
8.01703835
-2.27081728
-0.803773522
1.91563952
7.02989435
13.0257626
6.4420166
0.854466796
0.401077986
-5.54131031
7.58748722
-5.04098701
-3.74197388
-2.91793537
-10.9498825
0.724284232
-1.82523191
-11.6533566
-5.58852911
4.19878054
-2.75375772
-4.72558498
1.90355945
-5.4692874
-6.27511406
-1.46023953
9.19362831
-3.10024738
11.4926805
2.97759676
-4.42810202
5.71190834
10.3797779
7.39937878
3.93539524
7.14805222
-2.13384962
-1.86196876
-2.19295049
-5.72091007
7.63526487
-7.66802788
-2.24313617
-6.35567951
9.14489746
2.28172851
1.3096751
3.88905907
-9.68861008
2.69378328
-11.3468485
3.59623432
-8.65657043
6.65706205
-12.3484612
-4.50807667
-0.154297113
-1.43019581
9.94532585
0.665950298
-4.65612841
-7.1915679
-0.334028661
1.06681204
8.50081539
-7.28047466
-0.654757023
-5.70555782
-2.69961357
-16.6701202
-5.57544231
-11.794548
14.3574009
0.202118635
-5.183393
16.9960861
16.4389744
12.7964869
4.50729942
0.635065913
9.13642693
3.23387122
8.64637852
-7.96180439
3.30089879
6.23741102
-6.02470255
-8.28920078
6.1113925
-5.48793507
-1.054919
1.34116268
-8.96596813
1.27185941
-4.30952787
9.59522152
8.27050686
2.63366175
-3.20261979
-13.184514
-0.517077565
5.02445459
-3.27090883
2.83954024
7.68932343
-0.831336021
3.81176853
-2.62986279
-7.35671043
9.29888344
-1.35602403
4.88706398
5.91681433
9.520998
5.49612713
1.4675777
-10.1497974
9.58562374
-13.5855923
6.51728678
7.96682215
2.8888371
-3.52583027
-0.594483376
-2.03401899
3.11380792
2.17886686
-3.68238163
2.82409859
-5.28977489
-5.98486614
9.85737991
2.42741704
6.30399132
-2.82264566
3.11046576
-13.3314056
-6.66524887
-4.25096464
-4.19912243
5.57518578
2.16591501
3.00849891
-2.01878357
-9.65297794
8.89184666
1.35536575
4.73980188
-0.750464022
-0.344768614
6.86451626
25.6402378
2.74592495
10.9542866
-7.03543139
-8.17444324
-3.70001578
2.15412474
-15.5424156
7.29493809
-4.86914158
-0.746635079
1.14191151
-5.81556225
1.7450633
8.39776325
-4.24262524
4.75858402
15.3481455
-7.87559128
6.89988899
10.2064705
-0.458675146
13.3649902
-6.16067076
-7.38137531
7.88550138
11.5587578
-2.83797121
-4.06782246
5.42971849
6.92338371
-4.70645714
-4.68571806
-7.45309687
-1.80588567
0.360803604
-9.9042244
-0.780810356
-5.05501461
-0.786933661
-3.45223165
11.4051647
14.7628002
-7.49419975
-1.3855617
-0.191762686
-5.26680231
-9.74568939
-5.38898373
-1.71342874
10.0060253
-9.32355404
9.68346214
1.9172529
-0.38445878
7.47885418
7.26011419
0.13808465
-0.153534353
14.9269524
15.6543198
7.56982994
-8.95613098
-3.96392298
14.5564184
10.7416668
-9.21509457
-12.5332613
-0.0527327061
8.23319149
3.209975
4.64489698
-5.93545103
-9.76108551
-6.18314409
-9.33101463
3.57485819
9.51474667
1.03153992
3.47148514
-1.32305002
-11.3155403
-6.12867546
15.1516581
11.9713793
-2.56352448
-3.93537855
0.371648431
3.88346457
-15.7399006
5.83040094
-6.97441149
-3.68416166
0.922400713
-7.75442696
13.8856535
-6.01405716
13.6530685
13.6559982
-5.79954243
-27.5453415
-15.1077709
-12.2105694
-1.65023184
-4.05342674
9.37760162
2.52435017
0.211354733
5.81635666
4.92106771
1.11979795
-2.07369733
23.988554
1.43824065
-0.590625763
-7.30896282
1.12400031
2.30204868
2.14033198
9.76350021
-5.17710018
0.706015527
-10.2599707
13.4360991
14.3576336
-2.81877756
2.35509396
2.14375329
2.47741795
2.39462924
-21.2131577
-13.2401342
1.50141001
-2.21371412
12.2570982
-11.7653179
-7.99658537
4.68410158
3.69471288
-9.44446659
-0.417972565
7.34507084
4.88434505
-1.55024481
16.5438366
1.9529593
-4.59915066
4.24279547
9.80068111
-1.33521044
5.15579128
-13.7551031
-0.317123622
6.47570992
3.74014997
7.31584978
-7.97925138
-14.3865376
-3.63452387
-17.4754238
-2.59823513
-8.36296463
2.14967704
4.47296906
-4.96076488
-4.68656874
15.7680445
10.6999931
-6.85355282
-4.89224529
6.00976753
-1.69570684
11.2825012
7.63138247
-6.07126427
0.400344133
-13.7445717
2.33351707
10.2121601
2.80442572
5.26437998
-12.4299831
8.07561874
3.82461643
-11.7822981
8.45484161
-11.5632105
-6.6984086
7.40069199
-2.65311027
6.19442844
-0.734729528
-6.76436424
-1.81038761
-0.591151834
13.1419954
-6.09872627
6.07094002
3.28592157
-5.59041166
2.63246155
2.87292719
5.77623415
-7.27807045
-0.529959679
8.77916145
6.91849995
12.08179
-7.09408045
-7.49150848
-0.378508091
-1.32573175
-5.24386311
7.00044632
-5.67519522
4.64397001
-2.47077847
9.30467987
-5.45143557
15.2229137
-9.35669994
12.2430315
-15.03512
0.517744064
-3.16825986
-6.66717148
-21.4457512
-1.37370872
0.646648169
-0.756871939
4.33117867
1.65077019
-5.25568485
5.17446327
-14.618207
-3.26201296
-2.19270897
10.5466213
-4.32716942
4.21387291
-5.7425704
1.26802373
7.74863434
2.17324448
12.7966499
-5.04999828
-10.1480665
-4.40113926
-9.74971104
-2.32190132
-1.44446707
-3.53189421
-8.31467819
-1.81381226
-0.540129423
-14.3193846
-2.23007965
7.26989889
-10.0271091
13.1480665
-12.9772301
-13.8523932
-9.50815392
4.26646709
4.40427828
8.45303154
12.4038296
-11.4204159
12.0147209
1.21237671
-0.227024317
-1.02074194
6.72029448
-11.4621773
6.40104771
10.1299963
7.81345177
-4.04457617
5.77631569
5.83119345
-5.94814396
-11.2333736
6.51331711
-6.82093239
-3.05397463
-2.61084175
-7.59328127
4.31952763
-3.14126849
-8.28516674
-15.2552032
3.96473145
8.72385979
-8.04949951
18.9536266
5.46996212
-5.15709782
14.141367
-15.6858358
-1.75216627
-1.5912385
-9.71468735
9.4991684
-0.248004317
6.19372272
4.08382416
-8.36785316
5.15889168
-1.31632948
7.70690155
-6.72386837
7.45397282
2.67973185
-10.4588966
12.8378544
-1.5048604
6.69964075
-4.4041214
-3.18638062
2.61907578
-5.09464741
-2.49771881
3.63763905
-3.56488562
-8.71213436
-0.218346357
-1.85781956
5.48830128
7.02907896
4.94093561
3.91301489
-1.83211529
13.1306276
7.66283512
5.46094704
-11.2704535
7.21355724
10.2053337
8.35122681
-3.5628798
10.0946131
-1.42909682
15.9646149
7.6926322
15.4344873
-2.80593038
13.6711102
-16.6992455
6.35201597
2.49805331
8.06071377
4.70020008
24.0146332
-13.7258139
3.26814032
3.40923929
-4.5900383
-14.0945492
-11.0860491
-5.74316549
-11.1096878
15.5363388
6.41416645
2.20910883
-11.2479639
2.48007059
-3.39564323
2.78731275
-2.11568928
11.9270821
-6.42479706
-7.76076508
0.597332954
1.57792366
1.07500553
11.3388376
-8.79504013
2.8613174
-5.37477875
0.344378471
6.67652512
4.29929829
-6.9531579
5.19837332
15.7271605
-6.97355843
4.69454145
-2.92656207
4.8356719
1.98133981
-7.03565121
-4.62683535
14.4870539
-5.34366751
2.13106799
11.2553062
-6.37765217
-13.5429573
18.9388485
-14.855854
-6.20297718
-7.63649845
2.94111776
-3.98770809
18.1932869
5.78360653
-0.186541557
2.56358194
7.11498117
-5.50694942
6.67147684
12.4182043
8.49822807
5.93031645
1.12924683
-16.1430931
3.82359099
-0.530480146
-3.24427795
-6.333992
14.4434204
-9.7342453
12.462492
-0.323587775
-6.4797225
7.20324469
-6.86689472
16.239851
2.45521665
0.35809797
2.55447435
9.91231918
-8.35116291
-7.69144154
11.3744984
0.353330374
7.45164585
-3.89923978
-9.15866566
-0.963671446
-12.618
3.44244933
17.0838127
-9.19973564
0.432948112
-0.847041607
4.55260944
-10.3631716
-6.32702827
6.68277216
-0.00959157944
2.99836397
6.67865276
11.1565008
5.52013111
-0.826568604
2.80912304
5.43282604
-13.3148642
-14.7524338
7.41723633
-10.3649216
4.77290916
2.89801979
-4.74465036
-6.85232401
-13.3552685
-4.43524265
14.1246853
3.37581563
-4.1598506
-0.319328785
-4.83197498
-3.359622
0.197731972
-1.15591621
6.90524864
-10.5427341
-3.09850883
-5.12600851
1.46206462
-7.38093138
10.0775509
-11.7158852
8.20001221
1.15860629
-0.0101540089
-12.1632919
-4.9943676
3.03908896
9.11268616
0.246273518
-4.41211319
-2.11248922
-2.41210318
-2.8076601
-16.8754845
-1.34073377
-1.76134002
1.59171224
-8.33647346
5.9466629
-2.42788863
-6.260602
10.4894218
-9.69888115
-6.8150301
7.03758764
2.94360733
-3.49463534
16.8626156
3.79991579
16.8070755
-10.9568501
-6.10317945
3.01742935
6.74536943
-3.14725614
6.77585602
4.91436577
2.66175747
12.0780401
-6.57502556
-0.699882269
-9.7698307
-10.9776525
3.5689044
7.90635061
-10.5456104
6.41666889
5.82345486
-1.60643983
-6.89153767
5.00285721
-3.42768812
-10.3132572
-2.91983438
-0.36918816
12.9747028
10.4642229
0.27819097
9.25062943
6.40162659
-3.57958269
-0.59282732
9.61463547
16.6108589
-4.43168402
0.510615587
-0.42041409
-3.54836488
13.3111649
0.952482104
5.51209068
-4.01563835
-2.19183588
4.98805141
-5.5973587
0.676651359
7.19406414
15.5572405
2.46889782
12.3056917
-8.02351761
2.23492622
-7.0917511
0.829313278
2.37372446
-1.74374139
2.01095343
-0.38783145
-4.21274185
-8.91967583
-1.74492884
-3.40749002
5.17244291
5.05959368
2.24127245
-8.53596592
1.12217164
1.38150167
-16.8520622
-8.76301765
0.227731705
7.4215579
-5.61694813
11.0231504
10.4239159
4.50648546
1.25416028
-3.60101175
-1.25114
-0.705792785
8.72134209
-1.39766133
0.890972733
-11.2988167
-12.0452538
4.59729004
-6.73297024
0.778091848
11.6369667
-1.85990071
2.03641295
10.9083166
7.7613554
-6.16453075
3.55326533
11.2375278
3.81411862
-7.95202923
8.1106596
0.977918506
11.8671322
3.61770678
3.09080744
10.8659725
5.41086531
5.91387081
5.49374008
2.20740843
0.734748006
-15.1891756
-0.369626284
-8.46584892
-3.14046955
-10.823945
14.2584496
-12.6779442
-21.4241257
11.8017387
-1.70428109
7.01541138
3.77180386
-12.2896929
7.58447742
6.47589684
1.93758035
-4.87327719
5.41189051
1.17937505
1.10925627
1.87184858
-2.53688192
-12.8372383
11.0535536
-13.9524612
-0.965524912
6.50018597
-8.2551918
-3.06150341
-3.76251173
-0.742727697
-5.97953796
0.0943213701
-11.3113327
-2.22091293
-14.5918827
9.57420158
0.2197932
-3.66636491
-7.83056164
0.672914147
15.3630276
-10.1315088
2.0362215
-5.37875175
5.74932241
18.7687683
4.35184288
13.9016819
-3.47873545
-8.34137154
2.0281713
4.03893471
-6.7313776
5.6966238
11.1532726
15.2782831
-1.72331369
-5.5243063
4.13400126
8.06899261
-6.11116409
-8.59539318
8.94069576
-3.12399983
-1.50038743
-2.06431603
8.25761986
-6.59766483
8.50721169
-8.74137783
0.96746707
1.24345541
-5.15978146
-1.36791945
10.9303226
-9.32950211
6.87606859
0.308261395
-2.76216793
6.00607109
9.9473629
-1.19311976
4.61839867
3.81295967
-25.1248417
-4.35876894
3.76481915
0.375061631
0.683523774
-6.89670563
0.355604112
-12.4571362
1.76485014
-4.24926758
7.36483192
-1.63097012
4.82138872
-2.60973334
-6.30589724
8.48651505
0.310959816
1.56503952
10.0932131
6.74905872
-1.5574522
-8.34046173
22.6929455
7.44613075
-1.8998493
-3.4493773
-0.508638203
11.2415562
-8.75748253
-3.39927983
-3.75585794
-2.02357936
-8.18925667
3.01381516
-7.25487757
11.7757463
-4.44396877
-1.7398268
-0.132359505
21.5814171
-3.26807404
9.29491711
2.96643019
-13.7966061
-4.5604248
-3.09645987
6.7671876
0.0611412525
2.11554718
-9.25223255
11.2912016
2.84668922
2.16949654
-5.89821053
9.24079704
-4.92180634
-4.51654625
1.46125245
-11.3657389
3.60359478
5.98410463
-7.83915758
-0.603945613
3.74365139
-9.6006403
-4.01189661
-2.31735325
4.19566059
5.6585722
-0.321244359
-10.8435078
-12.804821
-12.8737469
8.55492687
-7.91197872
9.11379528
2.85105944
-4.89509439
-2.61847878
9.67381191
2.53733563
-4.18734455
-0.642966986
-15.5812311
2.30565572
10.0990458
8.8026886
3.55115795
-4.76070452
-1.76119232
3.03281903
7.07164288
7.1154747
2.95121765
7.04070425
7.05781364
-12.8158817
-5.70876884
-10.6550131
7.27812004
1.34396899
-2.43170905
-0.138168812
7.85615921
2.42390299
11.0970211
1.54181004
-4.53196907
12.589283
8.89753437
14.1429625
-0.702792883
15.74508
-6.77864361
-4.2641964
2.3638792
-5.6437521
2.82665133
-12.4932261
-3.21848798
7.28669596
10.3232555
3.32235599
11.5749321
5.59994173
2.36081123
-0.840598226
5.97579193
2.21901798
-9.99883747
17.0407391
17.7169571
5.89015722
-4.48872042
-13.8793926
1.16231525
3.49002576
5.86876678
3.81610298
-2.15611506
10.5379705
3.49019766
13.301712
-5.84576607
9.29776096
10.5844507
0.0176529884
3.21175098
-2.48351717
-4.01680994
4.33775902
-16.6847839
-3.76403952
13.9397297
-1.98655939
0.535989285
6.33713055
7.27611732
3.73746109
1.45304751
6.63806915
-10.9329805
6.1069808
1.03464329
-3.3976686
5.16502237
-15.0266762
-0.72796309
5.0760808
0.680288315
-6.26663446
0.206195354
4.18114471
4.18610668
-11.2313595
-6.08653355
10.9238472
15.3014746
-4.75513172
-7.53146124
-12.043931
2.70935941
-4.69173431
-1.6080277
3.15314579
-6.35279512
-7.79479551
3.83585238
-6.08542109
-8.28166199
2.51763201
0.54026866
-2.54509997
-6.28517628
0.106893659
-7.22665691
-11.3954678
-8.9270525
2.29792476
6.28330803
9.68396187
-1.14238358
-5.85970116
4.48279572
-0.726184368
-14.4911594
13.2792425
-7.12933826
-16.0967159
13.0224018
7.15334272
-3.47716975
10.8225079
0.00619745255
-2.08201385
-0.350367308
-2.82664943
-8.28558731
3.92743111
-6.58764744
8.54517078
-2.72957754
-3.54310536
0.151633501
-0.900538921
3.01486897
-2.69714642
-0.647009611
14.5017462
1.73854351
6.50981331
-15.2494421
-5.92870522
0.202088356
-3.54824734
-1.3425436
-6.65607929
-10.7071524
1.71612692
14.7699137
15.6037884
12.239893
4.69800901
7.41956186
5.83298731
6.56510448
-2.70545602
-0.480227947
-3.86735129
13.0473404
0.175499916
1.86479414
-3.33540916
-4.10381556
1.75558996
8.88466263
-3.85515404
1.00620437
0.633639812
4.44862461
2.72718096
-0.0541727543
-1.47386789
-0.799728155
17.3667698
-2.50250006
2.51921225
-1.13549376
9.19949627
1.01837969
7.05188274
-8.44865417
6.04939699
2.31289101
10.7735624
1.64523602
-1.39829552
-21.197422
-1.9400841
-1.94041753
-0.56222403
5.3349452
3.52163982
5.26340294
1.81970358
-15.7595997
-15.7376709
-14.3528719
8.28442287
-12.3379965
11.6778936
-5.70132637
3.85260797
10.4413347
-2.07549429
6.69795465
-1.23022223
4.84700871
6.88699722
1.18903208
1.73271322
-6.55110741
13.9073496
14.103096
-14.8820477
12.2596083
4.31290054
1.74469829
3.73666525
-10.1610556
-4.0788188
1.03552556
-8.96259117
6.81713533
-1.53674984
-8.23656273
-11.4933853
-5.38714218
-7.59527159
-17.8074856
-11.7098103
8.68549442
-2.44240904
2.84115171
5.41528511
-4.17361403
-1.89512777
4.98983479
-7.42091465
10.0165586
9.83425713
2.88591099
20.9473953
9.85359001
-8.74709415
-2.68226218
-21.8445454
-5.37975407
-0.976072192
8.80350494
5.88522434
-3.6699605
-11.1403723
-19.3289795
3.51652241
20.3298473
-0.344883084
18.1682816
0.708025217
-6.70154381
1.99541247
-5.01395512
2.55708814
3.95912409
-2.41537476
21.4327106
0.889611959
-6.24814939
-15.739151
-1.51438975
-5.16555595
-7.7032814
5.24319553
-8.48633957
5.67237377
-2.19858885
-7.45340347
11.7061682
0.963730335
-7.86578512
0.492929935
-9.93587017
0.642912865
1.67546475
20.9965782
7.91151142
7.19428492
6.59424114
-14.1878757
3.64809775
6.9450984
0.819705844
4.60866928
-5.35788155
-0.745403051
-2.21234703
-15.714119
3.64175129
-3.54813147
7.35654354
-0.212140083
-0.118859649
7.34397268
-4.76315641
2.38844585
10.1467361
5.41243219
8.00641155
-0.452571869
12.7431545
-1.16170144
-1.45221245
-0.524273872
-1.0856986
-13.9954824
2.85019231
6.51556826
5.73416424
-2.0548048
6.22163439
6.94179583
-1.97499228
9.18105888
-1.97982478
1.74507165
-3.97136259
-1.99432838
-3.33397245
0.825149
-10.3420258
2.57365823
5.83128691
-2.8092823
2.36197639
-10.749876
-5.81907368
-12.9937
-0.77795732
6.09119749
10.5748434
-11.5282574
-1.37612927
4.55446768
-1.72374415
5.76528502
0.734815359
-2.4620266
-0.311932325
6.67610073
6.02312088
2.65470743
-14.0634785
-6.96442556
-0.610726297
17.5016632
-7.53857136
0.890940428
2.61191535
-1.63920152
6.1644783
3.93006706
4.8907938
7.66569519
-5.29582691
9.75069523
-1.11895096
4.29286575
-5.87184381
-4.5817461
0.584534645
-0.704153657
12.2286539
-3.02096844
8.21687317
6.16938877
-4.84401083
-3.6884048
4.07958317
-11.0459242
3.97648215
2.06084013
-2.73374486
4.40036011
-5.50045967
-5.17401314
-5.88259745
0.586433649
-15.122448
4.28965473
4.9551754
-13.0166588
-1.29992926
1.2215991
-5.51898384
-4.84731865
3.51967239
-6.89917994
0.580224037
5.83625412
7.5144043
-10.0827904
11.070509
2.82627082
0.642374516
-6.01873589
-5.41269398
4.0072875
5.58142376
0.10612905
10.4942713
3.27298832
3.49244452
-1.79399955
15.9360828
7.26143885
9.33859253
4.37301016
7.39038229
0.893823147
-3.21582246
7.0101738
15.0489979
0.110472202
-8.84684563
-6.74616337
1.63390231
0.792743683
-3.09044933
-2.39721298
1.26894641
-3.54449606
6.76227713
5.99853611
9.06041908
6.45556593
-7.05707741
3.96122575
-5.68659735
-2.70743275
2.33811283
-9.05958748
-6.61160326
6.26990795
-2.44387388
9.39906788
-0.501721621
5.18141508
-3.91838169
-4.71927786
-4.7192049
-11.8668947
2.10204887
13.0176086
7.3263154
-13.1664801
-1.39221013
2.12489128
-0.002628088
-12.7789516
-11.5229359
-1.78514814
-8.13546467
-14.8016195
-10.1989489
14.3593397
5.39124298
-11.5382853
-1.18118501
-9.41311264
-14.9427299
-4.57483482
0.989562273
0.206042886
13.2247772
9.01928139
8.39186001
11.8784742
4.09429264
-5.24299145
6.93585157
-5.02779484
5.01906872
17.3399181
0.958422184
4.80368614
-1.29449642
-1.94983864
0.690816879
-6.4779048
-12.8977633
-4.68478918
-4.40519953
-8.35710144
10.5042725
-13.7368011
0.323349506
1.16232252
-5.72292376
-4.85750055
1.25728321
3.23329091
-1.44764793
-9.29347801
11.2071438
-5.16352654
-6.28717327
-5.36548328
23.653801
-0.72999835
4.90889454
1.91679692
-8.22844124
-0.677123547
-9.06592083
-7.94129419
0.0255530924
-18.6437798
9.73604965
-1.04127181
-0.838231266
-10.1875868
0.675880909
-17.0385399
-7.37237835
3.75366521
5.7124548
6.35317659
0.435162067
-4.88406658
-5.06320381
15.2011814
-5.17770958
-0.745080233
-10.5726089
-5.53654575
-1.17141998
-4.69165802
5.99580908
-6.09772682
2.84520435
-7.30383301
6.75989151
-11.7128592
1.38021326
6.89315653
-1.34094751
-3.55465174
1.4076755
9.58629608
-6.86307812
2.53365207
-0.660349727
7.19084215
-13.7788544
9.07924557
5.32215595
-6.19116974
1.42575121
-12.23244
0.97640729
-14.7495842
4.99541712
6.12918425
-11.9885025
11.3068151
-7.50384521
5.13117027
-0.85983777
0.672254801
19.2147522
-2.42270613
-2.83393049
-7.35508156
-6.40514278
-5.70315886
7.43831587
8.62125969
-7.40213871
3.97690344
-1.48604941
5.40280104
4.72406673
-4.48355007
2.2011714
-1.78399277
-7.06353474
-8.24192619
-9.90442944
-7.12320662
8.53993797
-6.53119755
-2.83344245
6.33509588
-9.36176014
7.63426924
-4.45049286
-5.67250443
-12.0065928
2.16763186
4.65430355
-2.47572684
-0.830891609
4.61030054
-3.20313025
13.5925589
-10.8769808
-8.8764143
-4.58177042
-2.84773088
-1.31702495
9.11304379
-8.97428989
-18.8320827
8.38663292
5.43400955
-9.54893494
-9.13594055
-2.79970407
-7.15945816
-11.8989077
12.4636736
3.56157923
13.5119114
4.32066345
-19.3608971
-5.46611595
21.3593311
8.32205963
-0.926817179
-9.28539181
5.80715656
5.21666336
-9.98823357
-4.49355459
6.01742172
3.05209827
0.867798567
3.77042627
2.2434721
2.69037175
5.48507404
1.06433201
-2.03836632
-8.90826702
13.8135834
-0.077994585
17.564436
-2.30930781
-3.04384208
12.564291
0.364872932
8.93041039
-0.0391435623
-1.16263413
5.25784397
-14.1004705
5.42638493
-15.1706085
-0.634510517
5.72835827
-4.19527149
-3.36426878
9.36631107
-10.2143612
-0.761358023
-8.93326664
-1.49425817
4.10059404
2.93833089
5.34227276
7.51325703
-9.46072102
-3.35564256
1.73121881
8.63748074
-6.93945217
-5.38592529
-12.9701319
-12.1577206
-5.70236778
6.12956142
19.4238911
-0.966498852
1.98434579
-6.36408806
-4.71059656
-5.58844042
4.66350651
1.4698081
-14.8796387
-1.09876633
5.50915194
-2.25782585
3.03849721
-8.72067261
5.85534286
-2.69202375
-13.1580238
16.0403709
-4.92875957
12.2311287
-3.02872062
11.4379416
-3.96634007
13.5310326
-0.155934334
-1.18208623
-0.249912858
6.41516972
12.1297007
1.07886338
2.47000504
-2.42832375
-4.85982132
0.861820698
-10.9359455
9.29929161
6.72706032
-1.34237123
-2.5071249
-8.3714962
-18.7121906
-12.0933867
2.26710534
1.19472742
-10.2563534
-13.1172543
-16.3601017
-15.897521
-3.58946753
1.67702603
-3.74493313
-2.80915093
-0.371350527
0.771482646
-0.823572636
-1.90111911
-2.37233067
15.0592194
-3.77335858
-10.0405188
0.128690541
5.60831928
0.110516191
5.5639782
6.20166636
-3.24277163
1.98885143
1.30710208
-2.75762081
-2.55613995
-8.24152851
1.52839947
-1.08311749
0.92476666
8.15377331
-11.9377842
-2.92603326
4.85935068
-0.0117452145
2.0719707
6.89101934
8.9016161
-8.2264595
0.57147032
13.0409851
-3.36526346
-7.30544806
5.67238903
-9.27764225
5.27371693
11.2769823
-0.781993747
0.0653510094
4.78318977
-7.8706007
9.20907211
1.96538234
-1.16177106
4.54585028
3.88736629
9.40107918
-8.26065159
20.0659466
6.84949112
-4.34418011
-11.8470592
1.89319408
0.860852957
-8.46369934
-3.90460634
2.69647145
-2.99957228
-0.434182167
-5.34244108
-2.5856657
3.10195994
17.9636459
4.49523878
12.4287996
8.34456062
1.5022639
-5.73692417
-14.6540966
-0.947119951
9.28946495
-17.0564861
-4.45623493
5.85011196
6.24592781
-2.17808676
-2.7762928
-11.620059
5.69918489
-6.00387669
7.84475756
-2.18822861
8.06559753
2.21866989
-3.38024116
13.8091288
-11.2573719
-3.3865819
8.59080696
0.429844916
4.08694649
5.79001474
-11.2823782
-5.30368805
-5.67943478
-7.68374109
6.65641642
-7.3919363
-13.5783176
-11.7360363
1.54571223
-11.6372118
-4.66864204
-1.71771395
0.429145038
3.07961988
1.71494579
6.44894552
-4.10333872
-12.0812254
7.8537569
0.21883738
9.2276125
2.84552145
-8.61324692
-3.80097294
1.6619978
10.9464645
-7.17495584
10.2783232
4.82155991
-3.16644692
7.89382124
1.22866488
-4.84584236
8.44711018
5.86900949
1.29646277
1.80294442
-8.82065201
-4.67130423
-12.0777826
-6.4616518
7.73075628
-1.19758236
10.9681158
1.92674637
1.77708566
18.0496216
-0.665077925
-2.21858931
4.93059921
1.36076164
-2.91255546
-7.81002426
-8.18733597
-0.592728853
-13.3538027
-3.93451834
-4.78115892
-7.87032223
4.16786337
9.41809464
-4.48991823
-2.77398705
10.5856133
2.94143629
-1.86747336
-4.22899818
-9.31421566
-2.15869594
-3.66764784
9.82308865
1.58912885
2.77219534
-3.43507385
-3.7594707
-5.25595522
1.16388011
13.6263752
9.91516495
-7.96398354
-1.70353341
8.78496456
-19.6392384
-0.0173767209
-0.430990934
-2.2395401
-5.7590723
-6.54793358
7.66127729
-0.0480222702
-14.2525139
2.86323929
-8.67364502
-2.20428038
-1.45561433
2.26250839
-10.2047215
-11.4685555
3.56837654
-1.62748718
6.38739967
1.83330488
-7.96794558
-10.9086428
-11.6818256
2.9317503
-12.9149246
5.71433496
-6.37680054
-2.45823431
-3.98799348
6.15454626
-0.0983333588
-11.8851433
4.53793001
-4.05224943
2.83426619
-7.38959789
-1.98547924
0.233589649
-4.48840475
-5.41063118
4.36144495
-6.0834446
4.88188267
5.55630732
-11.4420805
1.06555057
-2.62597203
3.56309843
7.81640768
0.616140604
3.43703985
7.66055012
-1.35255289
-3.68937564
-2.60190535
-3.81041384
5.08007812
-7.39856911
-7.46458626
-2.42470622
-2.63703871
13.0395498
1.63255954
-5.1413641
-5.259058
-7.14997959
-6.07003355
4.01720333
-9.17854977
-15.6260529
1.00486231
-7.74042606
3.60815072
12.5114717
-11.6293135
0.34266901
5.3822875
8.29321766
3.55617309
-5.76818466
18.1389732
-9.19479275
-5.3402791
-4.91562414
-1.66832995
4.44894886
0.319308311
10.0753307
5.82964611
7.01300573
-0.546643972
-5.80323029
-4.02316332
-12.8257236
11.3435764
4.7109189
-8.68558884
4.84654045
10.7055941
9.84550571
5.63558102
-15.7722149
9.05459785
-3.78304386
6.70722961
3.80573702
4.6580863
-0.0839528441
-8.99763966
1.20741439
-6.39501762
-6.57789087
6.15626955
-6.8042326
7.38101864
9.77509499
-1.29176486
-0.360641718
-6.85873127
-9.22609711
6.93715334
8.01691818
-7.96956253
10.321003
9.53665352
1.74136829
-5.64725018
-9.80970764
-2.85584569
0.846201062
-2.82839203
5.44807386
12.4160929
10.7265263
4.56214046
-5.18222618
-11.7735958
-3.70487118
2.20134568
4.24213314
1.22068989
6.00956345
0.581831455
3.81437159
0.643000603
-15.9951963
4.05632877
3.83331704
1.51894164
-2.41971827
-1.22853541
-5.84675598
0.967564881
-1.71814501
1.65011215
9.00882053
7.0251565
-10.2472067
-7.7760663
-2.89900184
-3.57996702
3.66145301
10.5805502
-10.2624998
4.2103591
0.806357622
-2.51966119
4.7907505
-0.0309412479
-1.74622297
-4.20327473
-2.96374726
-16.15028
-8.31877136
-6.3508296
13.2132044
9.8698597
-6.71597624
10.0335236
-3.73980427
-9.3561306
-9.69009018
15.0407085
-13.2943573
9.21377754
-9.09612083
-0.43815136
-3.59003735
21.6600628
3.77754307
4.045259
9.03303909
11.2729149
5.44164705
-7.72923231
-3.13773513
4.42780638
0.514092922
-12.6242123
-14.9346361
-2.03366613
0.285379887
4.19617748
-0.293911934
-7.30912399
-5.58565283
22.3065701
2.9212029
5.63100767
9.33442402
14.4637604
4.20064926
-14.90098
6.8377037
5.6703701
1.96576834
-1.84995055
-5.27294016
11.49928
3.13722658
-3.73134875
4.74929905
-1.52159309
-0.0308337808
3.33249092
-1.0663358
2.68180037
12.7704029
3.57812476
-3.71026611
-6.87591505
3.00236583
7.97962236
-0.295257092
-2.10660315
-2.9452951
-0.260903955
-8.44352722
-7.49225664
-8.68340874
2.80687594
0.306092978
3.14683151
-10.2912302
-4.93933916
4.12794495
6.61699677
1.43262076
-2.43429708
10.0856161
11.1926746
-9.67000198
2.96166515
1.96548605
4.40517998
-4.7093401
14.5841331
-13.124752
4.50576448
-10.0079918
10.0811615
-6.47465515
0.355565548
-6.61753368
5.89086533
2.78384256
13.1497803
0.539875805
16.2043495
8.86350918
9.33980942
-2.06586075
17.0842667
4.55421543
2.48310924
-0.734146357
6.35648966
-10.8482018
7.58994484
6.92601204
14.1659555
-2.16006327
10.9337893
8.01385212
8.18677425
-3.48271823
4.82105827
-11.3578062
-1.33809149
-5.23350334
-13.2913961
6.13201332
-4.47707558
-3.6854074
-0.852565825
-3.48715043
0.439565301
-6.05789661
2.98254967
-2.86127138
10.4644499
0.651849687
8.43698788
4.51040173
1.39288473
1.19818187
13.4786892
7.50260925
3.4973731
1.14870524
15.2713909
5.14156246
-8.2526083
2.24657154
4.79051971
6.49877834
7.2903595
4.98673153
5.99898624
-2.39002562
5.80248356
-6.6927681
-8.19981098
1.18481302
4.90036678
1.26241183
1.84425426
-1.25245976
20.8483887
-2.63104582
-3.61577153
2.24110365
11.3760004
2.3250916
-1.71890473
-7.42006779
13.2592497
5.43539047
2.13385963
-4.66807747
10.7165995
2.82507181
-15.2117929
8.58445263
-7.15551519
-2.54878473
7.35027409
-1.83861876
-4.98305798
-13.8463259
-14.8456459
-7.41737795
3.29309177
-5.4208765
4.93553066
-4.41967154
0.547207057
6.79948664
5.50509453
2.4008193
2.74668169
-5.82201433
-4.91809464
-4.89638329
-5.41609812
0.354756832
-7.6558814
-12.3935194
11.8802404
-5.32887554
6.06826353
-13.1750479
-1.01992226
-8.9802742
8.60821438
-1.32225537
9.26019287
-0.420091629
1.38583577
-2.34154749
-10.3592463
-8.38011169
-12.4702587
-4.32707787
-2.54727411
4.35791445
11.3832512
1.83958685
8.98001003
4.43126774
-0.277272701
-6.72211552
-4.64383698
4.05965042
-0.784531176
-1.92177641
7.26205587
-2.09957933
-8.24093628
-17.2595253
-9.00648308
-8.46521664
10.853054
3.13448572
-6.38743877
2.34529352
6.51600647
-6.25172043
-9.39422894
-5.11873722
6.50093699
5.71308517
-2.11216927
3.57469344
8.22964096
15.7685757
9.60007095
-11.5337772
-2.02283049
3.39946008
5.05625153
-2.32216406
7.87415218
-16.4247894
9.08399391
1.84393454
-8.28559685
-2.74439096
-4.86169195
14.0068626
-6.57988501
-6.65470219
-8.00572872
3.71016335
-11.348032
-3.16756082
-5.14322996
9.8049221
-2.29242611
-7.06139898
-5.77784252
-7.70305061
12.3739605
-4.50082874
-4.57156277
0.696200371
3.55233669
12.0242395
-1.48827255
8.12412643
-15.8876362
6.86473799
2.54779673
-16.654829
1.499107
-8.66377068
14.3870077
-3.78260183
-8.35812569
-3.58032179
-8.82516956
15.431859
2.83476353
-8.96059227
10.4007072
-18.8319168
-11.6368799
-2.84832144
4.67688322
-6.17507982
5.99612713
1.83315325
-11.0520573
-7.1299963
5.53982258
1.41154814
-9.8929615
2.2041471
-9.21712112
-8.99362659
0.9948349
-2.28946328
-1.35546184
-5.63964272
3.70847082
-7.61648798
-8.64768791
3.88395619
3.42791963
13.1385822
-0.424404621
-12.2949219
4.10264111
-8.46288681
-5.38754177
2.03421545
-0.383958459
2.33758569
-2.40424204
7.39391994
11.8821802
-7.82492447
1.15442193
1.12552738
-4.79405069
-2.31781673
-4.09579229
-1.00493097
3.18237162
5.288239
2.58884668
0.0342739224
0.54025209
15.5785933
1.4559052
-9.04751968
5.49751472
-12.7953529
12.0939293
8.63241482
-1.16709602
-3.97516441
6.640975
-2.58571076
-11.0638742
6.34025574
1.43645048
-11.2755527
-12.5654335
3.85163832
-7.21009684
7.39606142
7.17855358
-11.0958853
11.635169
7.84597921
0.726865888
-4.36886454
2.65136051
-3.16062117
7.22669935
-7.85301638
-7.4633646
-8.66093063
-6.6476593
-5.37091303
-14.8421164
-1.54679668
-1.72022247
1.91978145
3.28010702
-12.8030281
7.26866913
3.72470927
-1.32476068
-7.89396572
0.303536773
8.07816887
3.94815493
9.61191368
1.62081206
-5.50485706
-0.558391571
-0.771001935
24.0534554
-15.2633648
-1.87928176
-7.16461706
5.17355299
-0.0686104298
12.2577238
3.1284318
-2.8394227
0.179773569
-0.797346175
12.5097923
-3.17638969
-1.58163977
-5.39627361
12.6293831
1.07527685
-8.79352665
8.45379925
20.9612694
11.8925934
4.93505287
6.70499611
-0.739811301
6.88765764
-12.1670408
10.5660324
-4.69425297
7.49010181
4.41389942
1.16050887
-4.03743744
4.67090082
0.052065134
6.13552999
-4.76811695
-12.4177647
5.87463617
8.43830013
1.07056832
-7.64505863
-2.52116632
8.44799805
-0.429152846
0.815656662
-10.7736397
10.648385
12.5288124
-0.545812726
-8.90739822
10.3035107
3.48828506
-6.00597143
6.00397444
4.1575222
8.25543022
7.92375183
-8.99385643
3.73538065
-3.10344386
-12.1704979
9.13900661
0.24635911
-2.76425481
-0.0134487152
8.15182877
-2.16643906
10.5665369
1.61769247
-1.98720312
6.20543003
-10.6311445
-10.3564491
4.69527817
-0.201284289
-4.89946461
-1.02153015
-5.72899246
-0.466010332
-10.0967646
8.57216454
-8.40691185
-10.7691679
8.86365891
7.92709494
9.29191399
-8.78524971
1.59747076
15.5812912
-16.194416
-8.04255104
-14.2180328
-2.04286957
-8.59835625
-2.55652022
-1.1945827
-6.29861259
-5.23117495
0.398092747
-6.95839691
0.236385942
-5.60995293
5.26729393
0.675524235
1.84782767
-1.37865305
6.0681119
-5.33175516
0.0458064079
5.71804571
-18.6726818
7.80795383
-6.54196262
4.38636303
-0.497799873
2.54085684
-1.20776105
-10.7704096
-14.6659698
1.85793793
0.949898958
-2.88511395
2.40117478
-4.56320572
-1.67261052
-8.46726513
13.5329189
-2.99494815
-4.14189005
12.6695042
-3.87290239
-15.5673847
3.07957292
-2.19546962
0.974786758
8.67745399
8.94319916
2.77354574
-3.47847462
7.54398203
6.15867662
-11.8651543
14.9718781
-0.687651634
-0.453286886
6.77289152
-11.1061268
3.1263423
0.851655364
2.86239386
2.58797097
-4.8873539
7.55088615
-11.3409691
-4.7713232
6.53474808
-18.4774742
-2.31203771
4.2168169
-6.44147158
-8.09210968
-4.68358326
2.08028221
5.60529613
-6.08392525
-13.2403183
6.9968853
6.3798213
1.63830256
1.75942326
10.4682856
4.38487387
-4.77498627
6.50485229
-3.97399998
-7.74456215
-8.53515053
-5.761518
-5.20010138
10.3117838
-1.89792085
2.16395783
9.94198322
5.75840855
4.89064693
1.97141886
-3.30673575
8.01279449
4.04718924
-15.4817066
0.731113315
-5.38424778
2.15840292
-13.6026402
16.498373
4.16696596
13.7584314
-11.4389744
6.60282421
0.399222553
-0.540527821
1.9863162
6.16252995
1.18480539
-6.01914501
-5.98961353
-9.14545441
-1.05403423
12.8954248
-3.23668432
6.65020466
4.63574886
12.4034033
8.50056553
3.61454511
-7.28656244
6.94694042
10.8394508
-0.646522939
6.91571236
4.02311087
-7.71692991
14.1456127
14.2587566
-0.973884821
-10.1926365
-11.3150005
12.3882313
-12.0418224
-12.0791454
-2.45301294
-5.20184612
-8.66207409
-6.79883671
2.59987998
-8.39884663
6.77381897
6.9012022
12.0441723
6.00913382
17.4494438
9.1711483
7.20554018
5.02574253
-2.46166229
-1.9048543
-4.55059099
5.29366159
-5.51477671
-5.95226574
-5.39549303
-2.36769366
-2.70392966
-7.00604725
0.643933713
1.96710777
-8.58439827
-6.57543182
10.9373264
3.87638998
0.700462759
0.427682042
2.02493024
-7.33899021
0.043692112
-12.1406336
6.00363064
17.8094215
-6.27258587
-5.18340588
2.84320807
0.884232283
1.15429163
2.0203414
-4.60032558
1.98597884
12.3686247
-1.02645707
7.42344284
8.39399338
-4.96394157
6.21213341
-2.51827621
9.14251995
-0.126175404
4.03909922
6.45064831
5.22146034
-10.8437853
-5.86545753
2.49995661
5.14381504
-14.8114643
15.4463139
0.686788797
-1.61950946
-3.34774828
14.6114483
3.78226304
3.91901684
1.50234127
7.06221867
-4.18850613
10.4387379
-10.2663984
-3.88931632
-3.65666652
-8.54825401
-0.146914721
7.53021622
5.61088753
11.006506
10.4229565
-2.28800178
-4.74784184
-4.56298065
2.75284457
-7.6890707
3.72521591
8.41415596
-7.5061841
-11.4200182
6.21206093
4.39259815
-14.163456
-3.2959609
16.551693
-7.72588444
-8.08022213
-8.5340023
-6.25428963
-6.4201889
7.166327
-3.07180071
1.76397324
-10.03543
23.0477123
-5.03243351
10.6919289
6.7707901
-5.60331774
-13.6690025
2.08150959
1.89871192
-2.79416132
9.67454338
3.06252956
14.2240486
-8.03788662
-0.692764521
-15.1504087
-5.56588554
10.9972115
5.81850815
12.7437019
-0.0392621458
-18.273325
2.28404093
-2.05382466
11.5828571
-1.74574566
-3.87683272
0.306230783
13.4714336
-6.28304052
8.11269951
-4.85690498
-7.00480509
-5.67905235
8.3871212
0.414532423
-3.34165668
-2.53622627
7.22304869
1.36019051
12.8808546
9.45503235
-16.3534164
-2.11585188
2.41115594
7.59407711
-15.2650108
5.5546751
-3.22529507
6.82393026
-0.858033657
1.15763807
-7.32039261
-1.26294756
9.9845829
3.27529049
9.26969624
-7.86304474
1.38518202
-9.10247803
1.20664191
-2.56179953
-9.75533104
-11.4398708
-8.56560326
5.77007294
11.9998589
3.5798378
7.42633343
-4.26999569
7.78546524
-6.66670799
13.8660059
12.3743906
-3.99022436
5.82511854
9.79747105
25.1870422
-6.58646965
-8.39139938
-3.40171766
-15.0470104
-5.06951904
8.07337666
4.5915308
9.70254135
4.52375793
21.549139
20.4707947
0.0773739815
-13.5756893
-10.2121544
-6.14757872
2.61613584
-1.4410795
-7.87598467
-8.44663715
5.80194902
-4.87503815
0.434922159
2.96746755
-10.8624763
0.105750024
3.56560159
-12.5373821
3.40064955
9.30136776
2.91216874
6.9191618
-8.16121197
-7.59859085
3.55470634
2.37112474
-13.4706745
-8.19424248
3.75160336
-0.889743328
-4.00972462
-7.30626106
-5.35962629
-2.57974267
3.26562023
-7.34808254
-4.03838587
-0.138652802
0.900274515
-4.06118822
9.81366539
-3.44672561
-2.79682374
-5.08177137
-3.1862936
0.378838062
-2.70312858
3.04198861
0.805451632
-14.9856558
1.98519158
-0.0586779118
0.246074915
-1.02034366
1.43289065
-3.99348783
-21.1702232
-0.133366346
4.66517305
1.39282298
6.73609972
10.5118561
-5.7886591
9.83758831
3.4239974
0.448763639
16.6033173
-4.55168915
1.41101408
7.47127914
-13.733551
-10.8895264
-0.468458712
3.12474203
2.7856133
-2.32953143
3.12484384
-2.17487574
14.2594137
5.50633097
0.891196251
5.28778028
-0.486486852
3.05480766
0.199378729
-6.79091644
5.92570448
2.18868232
-8.35477924
-6.37242174
2.90158129
0.116805434
-3.25031996
-1.24566734
-17.6242237
-11.0055561
5.0133791
19.003521
6.17533875
-5.10229778
-3.06295347
-7.61234379
-1.9425379
10.3037243
3.67890358
10.1599951
13.8779087
-13.9009457
4.45487213
-14.9767609
1.98862433
-0.0362445116
1.72473097
-1.3621614
1.67886782
-1.11972892
14.4656258
3.19733787
-7.84547472
-8.00566864
-3.08988714
-6.35655975
-5.42937899
2.44429111
-1.03683376
13.0755482
1.91477466
-5.16854286
-3.84733319
-10.2012005
-3.14384842
4.84811354
0.949396372
0.135246277
5.70366096
1.55617666
-2.11954951
5.43650532
3.75493312
4.06603527
0.556702852
-6.00430679
15.6972885
0.569019556
-0.315339327
0.991545677
-2.75970244
-12.4632473
-13.1935282
-6.58749008
6.17623472
7.6102581
6.51478863
-2.94075918
-5.82746935
6.40749884
-9.5616436
-2.72266221
8.70477676
9.4097662
-7.9006505
-2.7549634
-8.84371376
7.84138441
-12.3659573
-7.40764093
-6.61382866
1.11185765
-4.55852747
16.4665585
5.45081902
-7.86596107
-2.1306057
3.43889832
-4.90804529
0.514832973
4.6999979
11.4830208
-6.05277252
3.23833179
3.0799334
2.14836931
-1.27031136
-13.1180878
-6.18096304
11.6104012
-5.01278591
2.05516362
6.66250896
10.7357035
6.66919756
-5.41123247
-3.32236743
-17.0378036
-4.75359917
5.05147839
7.27952433
-10.4174318
-13.7523136
1.14199281
10.9927292
8.65987778
1.13949013
3.20708513
-5.25364256
-2.96647739
0.307019353
8.33091354
1.57759213
3.36742258
-6.76998806
-11.5784721
8.80178547
-4.07504416
6.1414938
1.31756592
-9.11916733
-12.1571388
-8.26204967
-11.7726936
-13.2295332
2.16961694
-4.99822283
6.78369617
5.71518183
5.19348431
4.74301195
3.90466666
-1.45939898
1.70936584
4.48857975
-7.58520126
-3.36012578
-1.78215313
-4.79611301
-8.41931152
-2.76506829
-0.0369862318
-3.30029893
-13.265851
9.64364815
1.45902932
-2.18078184
-2.29533505
-4.42021704
-7.05831528
-2.34751439
-0.448295474
0.538428128
12.3091183
-8.03898335
-7.40569019
-12.4950409
-1.25958657
3.69576025
11.4951057
18.1275654
-12.4501343
-1.70163071
9.18799973
8.78633022
7.22273254
-11.7103767
1.58861876
-7.67322493
-7.25527811
9.45075035
-4.34663105
2.82077003
10.9224129
-3.47512937
-0.0145746022
-6.2768898
7.05830193
-9.54592419
-9.18961811
4.27268314
4.46473694
3.88056803
-9.02096367
3.07183909
-4.63372564
-2.25756407
5.16632938
-8.76519775
2.60710073
7.30999517
14.3185482
-0.353781223
-1.92449558
2.398983
-1.41298008
-4.49789858
-4.70205879
-3.3811326
-6.96458578
11.7800465
-3.13195348
-4.92604065
6.14230156
16.250761
7.15132713
9.20855427
7.37343979
4.95392418
-12.0811548
9.96114922
-12.0435019
-6.04106522
-0.0633474588
-3.38615489
8.34907055
15.7277212
-2.85822916
13.1791039
-11.1373997
12.4232321
4.54958344
5.46920681
-4.88583851
-22.3042278
-15.9404221
5.88496971
2.52810049
0.95688051
3.54867053
-3.26711702
9.57077217
-1.09194541
9.45204544
2.5593884
11.7305813
10.0410147
-4.5158577
-8.90156078
-6.36056232
-2.98179579
1.40254343
5.98452282
6.94054174
-5.67653751
1.59112263
9.39341927
3.78227019
-0.489202976
2.10731292
7.01667881
-6.28590679
11.9363775
0.116688967
2.47904181
2.12914157
0.403157353
-0.30071646
-1.24203348
-0.0098824501
-13.7847195
6.93225098
0.110899419
2.51018572
7.22814369
-1.44017744
5.10926247
-11.666254
-4.17204094
0.923061728
15.4143906
9.47513008
1.445346
-6.97154188
-8.42494488
0.919786513
2.4759891
5.94438648
-9.53883362
6.63842487
-4.22868586
6.031106
-8.34388161
-2.16961813
3.92351198
-7.35129833
1.22904384
0.294176608
-0.952515006
-3.03538752
3.61046934
-1.91492629
-3.21361518
3.08570409
3.17769909
3.85980153
-3.90384769
-2.87763667
0.19999671
5.74280262
-2.21482182
-1.52192092
1.31575608
9.52559376
9.49215794
10.1610699
-0.773269176
-12.704628
5.2594986
-5.8025856
-7.73431778
0.528911352
1.20822477
7.74874878
6.82272053
3.62998104
3.48713303
8.65128899
-3.51363039
12.5885315
6.51404047
8.29983616
5.38205099
-0.883844376
27.0585461
9.67411041
-0.587372541
9.86206627
-7.29014969
4.23653412
3.78308439
0.489030838
1.72409832
-6.34731054
4.54170704
6.83261108
2.24431181
-2.74207211
-1.73268986
0.800516844
-6.44245815
-0.965938091
-3.46469951
6.81689358
5.08304214
-2.24055862
11.9736004
5.87458181
-4.88423824
-7.59266853
5.89417887
10.0816345
-6.89045715
-10.9957619
-0.132605672
-9.17286682
-6.16326475
8.69453335
-4.36711645
3.95145392
-4.14538145
-7.77370644
-26.4748535
-5.89655876
-11.0824175
-9.66286278
-19.2373505
-17.0316772
13.8967047
-0.4158144
3.07224703
4.49457073
-7.40993452
11.2202826
-10.6447058
-1.54745388
-7.81076145
2.5325644
9.18130112
-4.8619833
-1.36601114
-9.90607166
2.33117318
-5.29222822
-8.08165169
3.54208565
0.922722936
-8.06182098
-1.77873659
-9.47329807
0.16016686
-4.95153666
6.4285183
2.49948406
-3.10672975
4.76986694
5.55149412
4.62828302
-4.97067547
-6.51030779
3.33681345
-0.178044081
-0.697147369
-7.86139679
-7.77987909
7.64180851
-5.62696791
-1.94591713
10.9411583
-16.8114643
4.10889101
9.34033203
-3.93768454
-6.67431641
2.78541231
-12.2490988
9.68117046
5.98594952
-13.8754053
-7.68695116
-10.1451807
6.77445316
0.148774147
12.6492395
-0.105318546
-0.72187376
0.212240726
14.4048195
6.67175627
-7.57243776
-8.25851154
-9.1023531
9.33930302
2.64587736
5.49414682
10.2484293
2.28176212
10.8358908
1.46059465
-5.47435188
0.999624968
6.20431376
1.39427876
-0.922414899
10.4194775
0.727282286
7.14927483
8.77003288
-11.3931894
18.7200851
-1.97414196
-1.42315292
-0.023653388
9.18185043
6.81317616
-1.28362596
-10.8515615
-4.48711109
-6.55531311
-3.68118143
11.7232742
9.92740059
5.05516386
6.29286671
6.59335518
3.20295715
-0.174833179
-3.28563118
-7.19296169
1.79997766
12.65623
21.0406475
-0.546095729
-11.8654175
3.87476301
-0.575530052
0.882017851
14.0449839
0.307768822
-10.045578
10.6673174
-14.2544327
5.95822144
-1.99220467
-5.7718029
-1.5413897
-9.16438293
5.40905619
-1.15207529
17.4903984
-6.56332684
-8.49209023
-5.23178196
3.08166122
6.85575724
9.34668541
-7.91554403
4.37640619
1.48946333
-13.3358898
-11.5259256
-11.8866358
-1.41448998
-2.48171973
3.27540588
-2.87188482
0.674176991
1.62558055
2.85914874
-3.85014057
7.62092304
6.63452625
6.63587284
1.04900193
6.53739071
-7.41297913
1.12724161
-3.92391539
0.14893347
3.49049091
3.30692267
-2.71716118
-1.3198036
6.53489637
-5.63666153
-1.68057251
-3.97616386
0.0974342823
-15.300457
15.5183773
12.8118305
4.9589839
-2.79506087
-7.57659054
3.62543607
3.68795109
1.63631582
5.05344963
7.50383663
5.65511227
-1.27946591
-0.0118186474
-8.14450169
-5.60795164
3.09494638
12.5991497
-2.45240974
2.04531407
-20.978384
-9.11754036
-10.7015915
7.15366364
-8.0300436
4.76873016
-6.80821896
9.74402237
-11.7051611
-0.581640482
18.2780933
-11.9125576
5.13695812
-3.65133715
1.23143625
-6.2842474
-15.1860666
3.03761387
-9.19246483
-10.9673548
-0.279243946
14.249176
-8.91189671
14.9273758
-12.3534203
-0.426034808
3.12413645
12.2024698
-7.58936167
0.493895829
-5.30854845
-15.9985228
-11.9764767
-2.64071393
-7.85038757
3.02044368
-3.85970807
7.10365438
14.0326138
1.07833672
2.3193953
-6.76866817
-0.170091629
7.1306963
-0.705056667
1.55664241
7.36972713
-2.72396898
5.0742178
0.19481802
-8.06033897
3.14780283
-14.6317062
-0.657746673
-5.31458616
-0.493114948
-5.16942501
5.23996115
11.4964466
4.94651031
-11.4844923
1.44366086
-5.37912655
-3.2486701
-1.07004213
-5.98873806
-11.9902544
-3.13146353
-7.10966682
5.46235132
-4.26998043
5.21159124
17.6570091
8.3490324
-8.50394535
-5.83797407
4.14279461
4.34488249
13.1719856
-9.60189915
-7.44239426
-5.20676661
5.60965443
7.56689453
-6.06637001
0.0812320709
5.02020931
-0.0693085194
-4.9000845
2.8086834
2.15533328
-16.1668186
-4.6631012
-7.95045948
-3.29110074
-10.3763971
-7.67765903
-11.5338478
-0.306204081
6.83074045
-6.68456507
-2.17869329
1.1772784
9.19243908
7.79434872
8.15360641
14.1446972
-6.53591681
-18.1770058
10.677824
-7.65597534
6.31744957
7.06167316
14.5136633
4.38435555
10.000493
-1.32550931
2.76357031
4.31396866
-11.0998802
4.8898716
-3.23391175
-4.17333364
-2.93642902
0.315732479
9.64126205
5.88860416
7.06798077
0.137198508
-0.994830549
-11.9278641
-6.61255074
-7.82680893
11.5473919
-1.58963704
-4.11809492
-9.61614323
3.41137838
-9.61420155
10.0099754
-10.3966484
-2.1245873
5.83655405
10.3880825
2.21769547
2.88109207
3.80096579
5.28008366
-6.72925377
-7.69772291
-8.26825619
-2.42407656
0.206078649
15.9778595
-11.9029922
2.62515736
5.95174599
6.79614449
-9.85751343
3.3319304
-10.2250156
-2.25833797
-3.43793535
-7.28155518
-10.9771214
2.70588493
3.05752873
8.75834846
-4.46191216
7.20575714
-8.35468006
-6.60457754
3.89013863
4.86464262
-3.61292267
-7.06424904
7.13401031
-1.71174335
-5.74542093
3.81563997
1.72776759
-3.19069648
2.60881972
12.6479521
-6.23852348
-4.38857698
-0.238862455
-8.37274837
0.840622663
17.2791481
-1.87750268
-0.227759361
20.7335625
2.71797299
-2.78170061
-10.9628754
3.35968161
-10.3329639
10.7323933
-1.59224689
-7.49240589
-11.6773939
13.3238554
-8.83385944
-9.48125744
0.569348454
-11.1449986
-8.85305595
-7.23935843
-1.0949111
-4.74356174
-5.45463705
5.98020697
13.4690104
14.660471
-5.1486721
-7.93633938
3.5252924
-2.8004353
-9.84600067
-5.07674503
-7.45591021
5.67719173
-4.04386425
9.55107403
-9.88360119
3.844172
5.30758572
7.30511522
-2.02850437
-4.97427177
-2.81883788
-9.33603573
-12.4126501
6.30338717
4.52935123
-5.93191576
-1.6640892
-5.69543076
-1.87532663
4.67696476
-6.93524694
21.0970573
-15.1503763
-7.17209816
9.81567955
-0.768623233
5.81143379
-6.65172195
6.35730362
-8.21870136
13.1168385
-9.52149868
-15.9532824
2.61533022
1.84748995
2.26788044
4.11329889
6.31057119
-10.4965458
-18.1457787
10.0906296
2.67976594
-5.56267309
10.7527094
1.52020288
-2.68137717
-9.58161831
4.86048603
8.61382389
-3.61242223
2.3040247
-10.3042355
-13.6864758
-1.29603589
-3.61200857
5.18628979
3.72881126
3.73668766
10.7815132
-5.22552586
-1.77560151
-4.47734261
-2.88235497
1.96014738
-1.99252987
-3.91076899
16.2071724
-5.93358088
1.36021972
-8.53419876
15.2637033
-0.912640452
13.0583525
4.57238579
-9.28197098
-15.9826422
8.47108841
-5.34658861
3.17859817
-3.64094448
-8.0885725
1.48749256
-7.46193504
5.82541656
8.44601345
3.31306291
1.73888421
3.42327571
6.83837175
-7.88000965
-9.10432339
2.84617567
9.05892372
-7.91499519
2.57189798
10.8312273
4.00823593
2.33218002
-0.341574967
12.4266748
-4.75529957
-0.132306099
6.32703781
7.06465721
-3.17645717
2.20325375
-6.68710232
-0.892356098
9.97873783
-4.06966591
4.0482645
2.14969921
5.49195576
-1.55993652
8.06965256
-9.63010597
4.7048564
1.56225586
-6.28643513
-9.06954575
1.75396681
0.0201513767
4.84933996
8.38111782
-6.30771637
7.93387985
5.73440742
6.40745735
-2.22392726
-0.752786875
4.2723856
-16.6048527
1.59111345
-7.93301392
-4.98324823
0.218791962
-8.51368999
0.78668201
2.77238369
15.857625
-1.1449393
-0.164689779
-4.46418953
7.11699486
-0.0158951283
-1.77724576
-1.78686678
1.28778541
0.755059719
10.8501425
15.2019701
-5.15386295
7.65773678
4.81584311
-3.77809
0.165142477
12.8891544
-5.98678875
6.15891027
8.57546329
-0.472657919
8.2053299
1.06685185
10.1446047
-4.04821491
11.1086388
1.52084303
-2.18713427
-7.55220461
-2.59567547
4.96269178
1.1762197
-6.16518497
-1.1684444
7.34924889
9.52311993
4.6301589
-10.1498499
-0.62147212
5.81099033
-4.4781785
9.76813793
-5.46094894
2.496876
-3.59698749
-21.9128551
3.17479849
4.41572857
7.91597271
-8.41340351
-0.974978805
-4.21386623
-1.97046518
5.01205063
-12.5315943
4.92704821
-2.69335842
-5.15255976
5.77844
-1.34397638
-9.35726166
-6.18559933
-3.05886388
-15.8116455
3.03967762
6.88154221
-6.3331089
-0.405029893
-3.77160168
9.64368629
-9.78263283
7.46415138
-4.25366259
5.19840908
-7.03458595
1.42975473
-5.68093586
4.62184286
0.135177612
13.4004135
3.69196439
-5.07413912
6.50182343
-11.4380732
-0.225679398
-11.9904423
-0.702676415
0.197641373
-11.1287556
3.30780244
-2.84242892
-0.199854016
10.3041086
6.2245636
-4.59074783
-6.26843023
-1.45258105
5.90132332
17.413538
-11.4322567
0.414695024
0.0609922409
-5.42349005
2.71486998
2.85294437
-7.36358356
-0.456102848
11.5855789
0.335710764
14.2613163
4.59216452
-2.56024837
1.21798897
4.80430794
4.63215971
10.4175873
4.67045689
-6.75606394
-6.70907784
-4.82806301
-7.44163465
8.18491173
-0.813503265
-8.57045364
-5.24254227
-9.29040527
7.25341511
-1.82183111
4.36610746
-3.89442873
10.4513788
12.281599
-8.51419258
1.5085299
-4.95113659
12.1115446
2.04803896
-0.45919776
-10.9274149
-4.52443504
-5.47499657
7.33511114
-15.3515873
-8.61169147
-8.92612267
15.5203066
2.37692165
6.92032528
20.1585579
4.24559546
4.89566135
4.71893692
5.56478024
9.00095844
-0.420796633
1.44216228
-5.17293835
-13.8749027
8.42215347
-7.32765865
3.31699967
3.26882982
-5.31876469
-3.95353794
3.61701393
-6.28338194
3.69868898
-12.7510376
0.373678923
-8.50545788
-2.63429713
3.80739975
-11.9795341
-9.21522522
-7.37213707
-2.36722422
2.8500576
-2.81765032
3.00727749
-8.57560253
6.21759224
-5.85295773
-6.65949392
13.3829193
-5.2809701
-2.06732941
-1.58569407
14.2463474
10.663476
-7.55686426
0.131779909
3.09462404
-6.95739651
3.70787764
-5.04030275
-12.4669304
2.23599887
-1.01941884
3.69684958
5.86561775
-8.63293457
-3.79438972
-2.08289909
5.85826111
2.59947538
6.07679462
-0.660016596
7.14572287
-6.84526443
-2.75900984
-0.898981452
-9.20888233
-5.73105431
1.94702625
7.13822842
-3.6734972
6.29846811
-3.4110589
8.87150097
0.126250982
10.9430695
16.775816
-8.45803165
9.89090919
9.90985298
-2.07371879
9.8572197
-7.72174883
-13.6749144
7.84043884
-2.67253184
5.93546295
-4.86205149
-19.32621
15.8366928
8.50662994
-11.9528828
-0.0199460983
-12.6318932
16.5138588
7.83685827
14.3791218
-12.8887548
-2.97686863
2.28867865
6.99815702
-3.68172598
-12.8050642
6.58205891
17.5056572
2.85928822
-15.2116699
-6.8368063
-3.27273059
-9.4728241
-19.8119164
-3.86995387
-6.71184349
-9.62267399
-6.89459038
7.40938616
-15.9458609
0.0478262901
16.9836445
-8.2960453
-7.33441973
8.07840538
2.81620884
1.60660756
9.11241722
-15.0456295
-0.50729847
2.33321261
-3.73287129
1.35799599
-8.20515823
-4.01704502
-4.12576294
-6.1191597
-7.96017742
-4.52831078
-0.0819239616
9.05327511
2.59751081
-12.2197914
4.63595867
-11.7283249
-6.85312271
2.85573578
1.12828338
-1.56878698
8.27079296
11.757163
4.5068593
-0.771684885
2.45935488
-6.32196808
-0.159011573
12.2836294
-14.0798702
0.601778507
4.76015091
0.324559391
5.89833784
12.5893927
-9.2481575
-4.65234804
-6.20625639
-2.48763371
-0.508038044
7.48233652
-2.02773523
-1.82466483
-2.79336762
4.57280922
9.77246666
-0.294064581
-2.81361723
-7.08094406
-9.14695644
2.62953043
6.93451977
12.7890778
6.53586721
0.223245621
-4.47503185
4.78028202
1.83556497
-1.17035484
-13.5477943
-13.3501263
-5.43641376
2.58811665
-3.88658452
7.36785221
6.1793623
-0.799903512
-4.8795557
2.53771114
-5.55044746
-0.316747189
-0.678146124
1.94992614
9.50781822
-0.108886719
-5.33417606
3.47356868
12.9476576
12.3199558
-2.0488286
-4.77212143
-3.23049593
10.5826616
17.5164089
-10.6441116
7.68131304
-5.23513699
8.53551197
-0.687074602
-7.54686117
-1.49180794
-9.44631672
3.39040542
3.06989598
4.63652086
-4.22580194
10.128686
-0.657515526
-1.71454906
11.3324804
0.733101845
5.98857307
3.02744007
2.85603285
13.8675184
5.63100243
16.3226986
-13.292099
-2.80324244
-0.928775787
-10.7919006
-2.0268383
3.4284358
-9.44115734
9.92019272
-9.44787693
-9.20735645
-1.13419509
6.99439144
1.95529604
-7.43064451
3.77082229
1.62054777
-12.7204323
3.14936781
-0.198506355
6.63558483
4.80211973
-0.015350908
-12.3987722
-7.2013979
-5.26974487
-9.94709969
-2.05604291
2.40506124
5.33073568
0.0313380957
-2.61337447
5.86836815
4.07820129
-4.34213114
-0.407218933
1.18714488
0.332567096
-10.8225336
-9.23563766
4.81274271
-6.42046309
-2.12018275
-4.08602238
-0.51683253
-3.7487731
4.11260557
-0.544665098
-10.8773556
4.09955025
-1.81402016
-11.9327583
5.10709858
-4.28111124
-17.8033466
12.2272816
9.98615265
-4.67472696
29.1581573
-6.44300556
-0.49640274
-5.50964165
8.28888893
-16.4852734
-16.4706097
17.4730244
-2.38557959
-12.1224804
-4.59346914
2.7901113
-0.302536726
10.8640203
8.15679646
8.51205921
8.11957169
16.6820793
-6.14851093
-5.08768082
-2.73751283
13.6285353
-2.23419762
1.92748237
-5.30750561
-1.57511938
-0.580464721
3.84171724
12.2961655
-1.70893764
-6.05949116
6.21188927
12.2665787
15.1491127
0.981767654
6.5952692
1.44411564
-2.65285039
4.34072781
8.13957787
0.740134478
5.59571791
14.6260805
-1.55837166
-0.0660492182
0.717725277
7.24458694
5.89855766
-1.39661598
-1.6173861
9.87991047
5.64117432
9.76424408
-3.05980825
0.441728324
9.79064369
-11.7651815
-1.43887293
-3.71061063
3.70099235
-0.703489482
-6.56202555
3.22761297
10.3303041
-1.97635961
10.2128305
-2.27493739
9.93552113
0.0220474005
10.8449631
12.6342516
-6.67198801
0.357016563
4.55886173
-6.37037516
-5.52122784
11.3965549
8.754035
-9.85713196
-2.96299314
7.27934456
-4.51891136
-0.122733414
-3.08290863
2.12409592
-3.37510872
-2.88777447
-5.41838074
-2.23368239
-2.6778264
-18.3253651
-6.76169395
-3.49044847
-4.61149311
0.314276457
12.5930347
1.55492306
-1.0322938
-6.34103537
2.99073386
-6.26388407
-0.596728563
1.80671549
2.39317393
1.45707083
3.28310609
-2.70666838
-1.7074486
-2.34745693
-15.3528404
4.49490738
-8.59075832
-8.7089777
11.117012
-1.20436192
13.8407269
6.17714214
-1.79756522
-7.50321913
4.80722284
-2.51419497
-7.24059105
6.61026144
-0.528178215
10.0566359
-1.97483134
-9.96917439
0.96639812
-2.96992588
3.69861221
1.9008981
-2.00093246
8.37433815
13.8355961
-12.8246632
-10.2755156
-8.88011742
8.83030701
-5.59000492
5.13835812
-20.9599037
6.46733046
-1.32935786
6.24351883
3.94349504
3.49313211
12.0334072
9.10996819
-6.50109816
6.24142551
4.02027464
-7.56991005
12.2847195
11.0235872
-0.10221386
-8.55896664
4.00000477
12.7867174
5.97343683
3.99535871
-5.92732668
4.73409176
1.98623383
-6.24370909
-3.70792294
-12.3383255
-7.43614292
-1.53662395
-7.58490992
3.39102197
-1.6027298
-1.24998283
0.626457632
15.4309893
2.16402125
10.6258039
-4.04905128
-9.45028305
-2.36674547
8.37419987
9.59003353
2.18595147
-7.31496763
2.42276764
-4.44155884
-0.246443629
-5.42893839
0.414052188
-4.10745239
-11.6746187
-6.2021594
-3.9981699
5.99800539
12.6329288
-1.91629696
-4.90921116
2.9517498
2.91961575
-5.69948483
-10.2674112
3.1264925
-2.65602064
-1.5169034
1.83157063
-1.35094476
2.32717013
7.5037241
4.39334011
-4.91692924
6.5230341
16.1906071
9.38761902
1.65943861
8.82477283
-2.04694986
3.04690266
-0.180543542
12.4433279
10.2852335
-3.07078958
-0.806295156
4.03658247
6.01861429
-3.25579119
-13.0063238
-0.829324007
-1.41199541
-11.7749119
-3.98369551
3.72347808
6.5715003
-5.56398869
-10.0556641
-6.25254822
-8.55919266
1.96582985
-10.8982506
-9.65945053
-3.81598425
7.11496735
-3.79300785
7.24449635
-4.13115358
-12.6733379
-0.784802914
-6.67700481
-4.41896915
-1.84823918
20.657217
-1.46186852
-0.195904255
-11.086319
2.90405178
10.3809309
0.960633993
-6.75957155
12.3893213
-0.699089527
-6.49522305
9.47571945
-2.92969894
-9.61957932
10.2851601
-2.61476541
-4.71283531
11.6888323
-13.7919884
-7.22001934
2.42637277
-11.269824
9.1564846
8.69997025
0.689846098
2.95188117
3.86553907
2.98425388
16.8371601
15.3099403
4.98904037
1.22946477
-20.1260281
-7.32874966
2.1335423
6.79850864
10.5398636
14.3930559
-1.04530025
10.2557516
11.2503338
-1.72851181
12.1858234
-2.09392381
-5.01927328
2.77214813
-3.18406892
-10.1616154
-8.53306198
-1.52036309
-5.95182085
-2.18397498
4.98759747
-4.15247011
-4.74655628
6.30843306
-2.95769262
18.1817665
-9.58855915
6.99061823
11.6645336
9.68281841
2.91494656
-17.0939541
9.31738281
-6.43386936
-5.40325451
-3.49977875
-6.02271652
-3.58102822
5.02181053
0.869246483
5.94171143
-14.2660942
7.98702288
5.80716324
18.1427498
14.1080589
3.31525135
-5.83369589
2.7204237
4.61457634
-6.11491251
6.64574432
-0.0729970932
4.49473238
5.43832541
9.17686939
1.84109735
-1.81548309
3.2528758
-0.0714897811
3.96225834
4.62476397
0.105685778
0.921212435
6.54569578
-3.45484304
-1.87210941
1.44844985
10.6159153
-4.85243607
-0.039685607
9.56546879
-5.35122252
-4.74049377
6.84879303
5.484447
4.4782176
6.72751331
2.00318623
-6.47061491
5.67519617
-1.56629229
4.0397687
-1.65696216
9.67673111
11.5123367
-10.0301781
0.923043132
9.4634285
3.59931207
-6.86553955
-9.14726067
1.34563994
2.06334209
-10.2188683
-8.44566822
6.07389688
-8.18398952
-2.01987934
1.71808732
-20.1440697
-7.5108428
-3.31065369
4.77283812
-2.76166606
-2.75132632
8.89076519
-6.7815423
-7.58904171
-3.40750074
-5.6094656
16.2537594
-0.631575525
-8.22028828
-4.66802454
12.7562485
2.25533748
3.10294962
-19.8078403
-5.14644766
-14.8194971
-0.141268492
7.54032707
16.411972
-9.59047794
7.25808334
-1.05863667
2.91236997
-7.91266346
-1.14117956
-9.56241226
6.18570137
7.53156137
7.71998787
-4.25016975
-5.06281281
-2.02002263
-6.90315914
-2.55739999
-7.10634041
-9.33152199
-10.9122801
-3.05427766
8.90433693
-7.1225462
-5.50769758
-4.37492657
5.81496239
-9.02971363
-4.92454576
0.975385189
-15.4947786
-0.320946217
9.89169979
4.72288275
-10.2193298
2.42915535
6.97340107
-3.85153818
-6.52280378
1.34330666
13.3053131
1.05547094
9.30195713
-5.67148876
6.56001186
-6.29828787
-5.27289057
-6.83678102
-13.3419609
11.7136793
-2.39744115
0.847718596
-14.9556532
10.3862209
1.39311433
-1.7361989
-1.0343523
-8.66482353
-2.32463527
9.83421612
1.84150386
-0.526875496
9.01782894
0.292728901
3.64683032
8.38253403
-3.03573203
-14.046463
9.61377621
1.72779465
4.90123224
9.8727951
10.340992
0.0565910339
-8.89466667
-6.52426481
-8.46032429
-1.50900042
-2.00697613
3.85766196
-4.2906723
0.977417231
1.98492932
1.176018
-10.0417757
-10.3399649
-3.74312949
10.2155533
3.9277916
-5.12892675
-7.42741776
3.48514676
2.75982857
3.86290836
-8.37604427
2.03419995
-8.52732086
-2.00705957
-3.61487818
3.44841313
-0.847022057
-12.7796345
0.164929152
-8.34093285
-6.20586061
3.06551743
8.00128651
10.3424435
-12.2467604
3.82978272
2.81831861
1.33747745
-2.43488145
14.0994253
10.9001141
-0.379900694
-1.02583313
-2.931674
6.59754324
-1.29776359
-1.93398571
-16.8439255
-3.34504914
6.58695221
5.9447422
2.37151909
-3.74768972
2.13724828
-1.72733676
-2.72615767
0.0189752579
7.52365589
0.130097449
7.35112429
5.22037649
-0.194957972
-2.69302106
10.340909
-3.5864346
-3.16142225
-4.40482903
-4.81330204
11.8990955
-11.5466938
1.35854065
3.19872928
4.59412575
6.30576706
-0.305181026
-7.39541292
7.88233185
3.95509434
9.79329491
1.31752276
3.48122501
2.77662969
-11.0857048
5.4030695
-9.1383934
-6.6015687
-2.92550516
3.0631938
-2.8502779
1.59756351
-5.85517454
-11.8245869
2.42143154
-1.61813724
-7.19520187
21.1512051
8.11886406
0.433944941
-1.94383156
8.85744858
4.19368362
11.7206564
8.38865852
1.67784882
-7.27621412
-12.5728607
8.11940193
1.38004947
-3.34473729
-7.808002
-7.85794735
3.99882007
-9.10003281
4.90795183
-5.26480103
-1.84842944
11.5247583
11.3890095
6.42950869
0.248927236
-5.06423712
-6.98676109
5.33206081
2.36913252
-3.96402478
10.7825003
-6.57221985
-3.4993248
17.386755
0.408921838
0.0703239441
-0.340622663
14.1485662
2.64131546
-8.69884109
-11.7563229
-1.24397302
3.97735524
-1.38918638
13.2757368
3.35015726
4.23433495
1.77879143
-4.29847479
6.59298134
0.904658318
8.71681023
8.69493008
-3.46995378
-9.22586727
9.36125088
4.69552517
4.75242329
-0.311097026
6.13796043
2.56112838
-6.96327734
10.2942848
5.95729828
-10.566124
-6.06336451
9.21405983
-14.4698439
10.3085289
4.95476437
5.70790291
8.56641769
0.797415853
5.77266502
-3.77795959
2.66156197
-9.6238327
-1.11215878
-7.18224907
6.98741913
13.8785295
-11.1256733
-4.06299639
-13.5044861
-6.36170673
2.73889494
-13.0892391
-4.57683086
-0.767863274
5.72327232
7.06056213
-18.3121376
-3.91191673
1.28181112
8.12311745
1.0343833
11.2195406
11.2096901
1.18500662
11.5300636
-7.50710964
-10.2577667
-0.894999504
-8.96195221
-3.57681155
-10.8523149
4.81865644
-1.154531
-5.74948025
-1.3008709
-6.33777428
0.0483970642
0.55810529
-5.57980251
-4.68656445
-8.26209641
5.76031208
8.19386864
-2.69477582
7.30481339
-0.135603189
5.18351221
-8.95618248
-4.38293791
6.65701246
-5.91585588
0.251551747
-4.96540642
4.16758204
-6.02089977
4.39486027
-3.21670413
-8.33886814
-23.9996433
1.91148055
4.97657394
0.572304487
13.279377
7.16233921
6.39972591
10.0652752
-6.38229084
-10.3921022
-11.4178371
5.37733221
7.72820282
-14.0655041
-3.65825224
4.21228218
-7.21468639
-3.51219773
-15.2739925
-3.06938386
1.37863851
5.05358362
21.9369068
-2.75894547
-10.0707397
-3.80998373
1.61992037
-6.77545166
-11.0188313
-12.4075203
-1.49318993
-14.5503139
2.64756203
3.85924768
0.550391197
-8.5813179
3.33144617
4.59508848
3.17453027
12.7609577
1.49740899
13.0416365
3.89375567
5.39865494
-5.59100819
-7.16356277
-9.51263237
3.83060265
5.88047504
-2.85848427
-4.09619761
-8.44920158
-0.561174154
-5.31682253
8.26282024
9.62186623
-9.02617168
4.75727844
3.5816772
-10.3576746
10.9401588
-0.397610903
-9.00765705
10.2826757
4.59861374
-11.6721697
4.4658308
16.2114601
-14.6509418
10.6883335
4.83108521
-4.73964405
10.9438343
-19.8387985
4.6107769
3.54379272
5.74514437
7.45311928
-2.88166571
11.2239971
8.42750645
25.9368267
-2.46806002
1.75658035
-0.0608864725
-10.5117493
-3.71789026
1.70388746
2.06218696
-1.62829375
5.27203798
1.2930038
-0.883367896
10.1840172
-12.9385014
-2.00457907
5.5223856
-2.27595878
-8.75218582
7.05610514
-4.08845234
-4.93855858
6.80672455
-3.56775045
-2.67764616
-8.49233913
17.1321163
-4.70516872
9.16582108
3.64172626
-10.825407
1.06217861
-11.2530136
1.98609424
-1.64069581
-5.23553276
-2.83628464
-9.58319759
5.90003347
-2.22439766
3.95108271
2.14862537
5.47685623
7.64451408
0.688372612
5.67872334
-8.13344765
-14.6759844
2.30020332
-5.51474094
-14.3913879
-1.38580477
-1.37513518
7.78776598
18.9627342
7.63551331
12.4705038
1.26246428
-11.8162069
0.395504951
-6.52528477
5.5240345
6.98131847
-2.02752686
-1.36536503
3.19550061
0.4772861
9.4057827
5.21500635
4.39790869
-8.03109169
14.0797272
-5.55791616
-2.19459152
-9.35367298
-0.119774014
3.16198587
1.07665348
1.95797527
-7.19025326
0.965407848
-7.44427729
-3.48481631
1.20446754
-5.93362856
7.17337704
7.12789726
-7.96696949
-13.8164339
-7.09391117
-6.19183922
6.73769855
5.46116638
-2.55451441
7.92166042
-16.8685188
-9.6576767
-1.39747584
2.39609909
-2.24706531
3.1183362
3.69508052
17.5646763
-0.95921123
-0.489802599
0.793376088
-1.31630039
1.22598171
-2.96544695
15.7042389
9.46829605
-13.8997278
1.52464914
3.09077835
-13.4492903
-4.46009302
0.562110424
-13.4318829
-10.3023119
-10.2350063
-9.10704517
-9.05946541
-8.29422855
12.4143753
-4.42299461
2.16247606
4.39372921
-0.952415705
-25.9833527
12.7098494
3.18511367
-0.562780261
9.50812912
-10.5557728
-1.15361738
3.25562286
11.6421175
-10.6191444
0.122951031
-2.09970665
7.96456909
6.46047258
-7.91472197
-22.5898533
13.8542566
17.5055027
-9.91556931
-15.0025349
-5.79811335
11.9039974
4.99064064
-1.77162933
-2.42925358
-5.9930954
11.4112282
-2.38144302
-6.38416862
1.59282339
-1.34363925
-6.85453606
-3.70786333
-11.3529921
-0.57802701
5.8954258
-7.65013361
-6.97342539
-0.439031959
4.89924669
-4.17386484
-5.47291994
0.687099099
7.20074272
-7.0891366
-0.740692914
0.0568687916
10.6124783
1.97122085
3.02119684
-1.52813852
8.36520004
-11.4537506
-6.9525919
0.873035908
2.01421857
1.55181408
7.84589767
18.0551548
2.26658344
9.49306488
5.60739279
-6.36571884
5.4453311
9.5170536
2.30960369
11.8562775
-3.64247847
-10.3477497
1.11275375
-6.2463541
2.678514
3.39803314
15.527853
-4.30074406
-11.7444763
2.57490921
-1.22396421
-2.49671626
3.54512167
8.62295532
9.3074398
-3.0697248
-15.1586971
23.6544437
0.313367665
-5.83811998
-5.29463291
-3.97889853
11.1275015
10.9644117
-7.86936331
-3.36244869
-2.91419911
-7.36665773
4.28990984
-0.555431485
-3.52734303
-13.2967701
10.4107399
8.72075653
-6.13331461
0.244527504
-23.0902786
-5.29265547
-5.06013298
4.56805086
5.28807116
-5.0971508
-9.42784595
-4.95030403
5.9567728
-19.4584465
-3.60141754
-11.4092827
-9.09683895
5.75392723
-18.7903023
-5.6240468
2.94488668
9.22576618
6.1375351
4.59185123
5.48639059
-2.30780792
-3.80938339
6.08817625
-3.68411064
9.28491306
-7.04287529
-5.53894138
13.5235119
11.0223217
-5.3125658
-5.95564365
-8.68579102
-10.4195557
-14.0970306
-15.1026058
-2.97058749
7.23529053
-7.67182159
-6.29315805
9.80497456
-6.94369602
-1.53671861
-9.07829094
1.29393888
-2.02379513
2.06936264
3.47299242
6.72898102
-3.67883229
1.96262062
-24.365099
-3.88777304
-4.07834816
3.47800994
-5.38903713
10.8894215
-10.8617706
4.76920748
-4.54595566
-6.32803631
-3.61557007
-8.4499979
6.97703552
6.61418772
8.2280159
-12.5593719
13.6304922
8.57434273
-1.35946703
-2.18834639
-1.29158068
0.189356983
3.39619946
4.13648796
-8.7340889
18.6649055
-2.03044987
7.90212536
-1.09586334
-1.73661947
-4.59413481
6.15847254
-3.56593204
2.19821692
-0.0142216086
-6.74356461
0.227209091
2.19494796
12.6189432
5.72268581
8.17960548
1.91715026
21.0818729
-2.25053525
1.88507807
-3.68350363
1.92015505
-4.88119507
-2.1096437
-6.82786322
0.160083771
13.4452982
-2.48112988
-20.9691467
-4.42488289
2.9814539
-3.20679116
0.297871947
9.27551651
6.46865749
3.63216209
7.74283314
0.785963237
-5.63053226
-10.4879608
-10.7481461
-3.68547034
1.1648196
-1.01865005
-6.76854849
1.95646644
0.809640169
-0.314698935
-3.49834299
-3.45860624
0.479869485
-9.71829224
2.37269402
-3.05853176
-3.30786419
-6.71307135
4.82786417
-7.36519146
4.02194262
3.16132474
-0.367551744
-3.73770142
1.62522316
-4.44127274
7.64981174
-1.02870655
-3.71162796
-6.42128372
14.3764124
2.40412807
2.74706554
5.95141602
-8.39840317
-4.47822332
-5.28559875
1.76242852
-24.0738754
6.35560131
-6.7485404
5.09876156
-10.8396692
-4.75672817
6.63712502
5.09796715
3.37926912
4.03523684
1.31584859
3.62781858
2.131253
9.65387344
16.0338268
-6.96583033
10.0983791
6.7806716
-11.2000904
1.14850271
-1.50479293
-0.0315361023
-4.3439827
-2.88721561
5.8872509
1.10729074
3.07522297
-1.04395759
10.5764732
11.5312033
15.3493853
10.8153133
-3.86445665
-1.12598705
-8.38158703
-18.8022957
-0.323752284
0.701214314
3.05486345
3.17753744
8.87297821
7.92491388
-4.3135314
-10.2229729
5.37956095
7.12682295
-11.195138
-1.19290376
3.99075818
9.50976562
-9.72672653
0.659641504
-6.01807356
6.87201977
1.93626165
-6.692132
9.7848196
18.266674
4.16741514
-7.28189516
8.45036888
-9.63979149
-16.2806854
4.57820654
-3.35955048
8.55463505
6.93558788
-2.93956256
6.94992542
9.2346859
2.77161407
-4.28783178
-2.05351925
-2.90225983
1.89437056
11.3185759
3.46952176
11.2405033
-10.3574429
0.601334572
-2.57300282
-6.80759764
0.784566879
1.1392771
-1.67899847
1.78444934
-2.14309502
3.1512394
2.27245998
8.63436127
1.93492734
-2.80330038
5.15923595
0.0853537321
7.77592039
1.47298253
-5.14122295
-2.80749321
-0.673248291
-10.086442
1.64790654
-13.6127806
-7.84968615
2.48722911
3.69073963
-1.62514639
3.90568638
-3.54207993
-4.06139469
3.30196929
4.4040041
5.24463797
-2.47079372
5.05342197
5.78233528
-2.75047016
-1.10835004
8.632061
-1.90208173
14.199852
-4.51683044
-10.2898884
4.29340601
-9.15331841
13.5841656
-13.5320873
7.35320568
-4.06984711
-13.3314085
-17.2158184
0.351249814
1.85717893
-5.05279255
2.07551432
13.8753176
-15.9553566
-6.74237394
-10.8309507
-0.0114170313
3.94818044
-12.6837463
-8.30591583
-8.05179691
11.929492
-0.568646908
9.39794159
-9.28810596
2.35459232
10.5442514
-13.8883533
1.55055511
-4.3354578
-21.7213173
0.126070619
2.54826117
-12.159749
-1.09465194
-5.89061594
-3.05836105
-1.58716881
-12.0102453
-1.13172722
5.44312954
-2.55793667
-1.244519
5.73366785
1.39091539
-1.40879965
-3.24766827
-6.71434164
-12.1164083
2.77809
13.1911707
-9.36238861
-0.642679811
-1.30649662
-2.55450225
9.41388607
3.18707657
-17.0096512
-2.23540378
-8.28188133
2.94515085
-0.66629076
4.41717434
-0.779350817
-7.23980999
-1.57220936
5.14234066
-7.41425323
-9.35511208
-4.98650742
-2.05837035
16.0782242
-3.12099218
-14.9663982
12.1451044
4.1582799
-12.7905922
-2.63834834
2.35107279
2.43882465
4.16394091
2.5370059
14.9821396
7.72746611
0.156941414
-4.54301929
11.6298618
-2.68805599
8.6690464
-5.78649998
-4.64355278
1.11396933
2.2823596
-3.25858545
-6.89084959
15.9109688
-2.8374722
-3.47285986
9.04983521
8.01442909
-1.1051656
2.7626369
18.2751236
1.20991623
-9.40420532
5.69794416
-1.48979962
8.65825939
-15.1623688
3.07437801
-7.91581488
-1.61016083
2.96857953
0.251974344
-1.46931756
-9.87830067
3.71473169
11.9924107
-6.9467926
8.65033531
21.2197781
1.6941663
-5.7141614
17.265522
-3.51255059
8.46707344
-3.3602438
3.53699946
-8.28890514
-0.0248827934
18.5068436
-1.16801071
24.0920467
13.3471909
0.871775508
-7.09220791
-7.0625782
-6.55028963
-1.81503773
1.78543949
10.3358603
-0.206394672
5.42606068
-1.2122221
-16.7069092
4.57269526
3.72307611
-4.24618006
3.22203112
0.717544079
-2.89627361
-7.662117
1.18192577
5.11888695
0.232779503
-6.39650822
-5.39872408
8.06528378
0.230715752
-10.8785067
-7.52576685
-6.7307024
1.95504475
-5.95914459
8.51164436
-3.12622285
-1.76650286
11.1230135
-0.925811172
0.727062225
6.0510025
20.9588356
0.435685754
-7.47926092
-11.1111116
1.63939095
-11.210784
-3.27015066
-0.142627716
-1.98374963
2.54275131
2.19249821
-4.47020149
6.829041
8.31065273
5.91800308
1.20471036
-2.48488283
1.09854829
1.06311071
-19.0057716
-7.60583353
-1.1348176
-2.81263781
2.46129942
10.5590849
0.349979639
1.25385118
4.48927689
6.75617361
11.8946934
-8.72816181
-0.689384699
18.9506626
1.23768783
-1.62498462
8.0577383
-1.25256133
-9.77833939
12.3724489
-8.92052364
12.6879997
3.77135754
3.3334527
-3.76044941
-11.0223484
5.38808584
2.96653271
-10.6960812
-4.26809931
-3.75504065
10.2020502
-0.227266192
8.26401997
8.04053307
15.825593
-7.54850006
-2.73986268
0.808133125
0.432570934
-2.52366734
12.9799442
11.4334269
-7.8306942
-5.15233183
9.29022598
-3.83645058
9.5823698
5.26096344
2.09603786
2.56625986
6.58719778
5.72295475
-2.6125133
5.22162771
17.770607
-15.6270447
-1.7968204
-15.6480255
-2.60774589
-0.997054338
-5.96633101
-1.58471882
7.76587439
4.60221481
-6.70828056
-11.0646915
9.65548897
-12.7752209
8.94560242
3.04765892
-5.59778023
-3.34608316
4.25712585
-3.65188837
-17.9542809
14.497961
5.91846228
-14.2198992
-5.33195543
3.06727791
3.77454042
-23.5059814
-0.506052852
-19.0692062
7.03966331
12.919714
6.33110285
1.25511909
-8.88998699
-11.8463249
7.76394463
0.585727215
-4.70669031
-3.32781267
7.63132715
-0.937632561
-3.21012235
5.61255312
0.418558002
6.73272085
-8.16973305
-6.53121948
-3.26156664
1.2560991
-0.657925844
17.1630402
10.2817879
-0.631758571
2.48992896
-5.92944527
-3.68732691
2.82574677
13.2305708
-0.335098624
-4.11002731
-1.68707967
-9.93645859
-1.4903065
0.412835181
7.96463442
1.12597764
-7.23899746
1.65431309
-6.01014519
2.03675461
-1.58710766
9.25220871
7.8261795
2.67469692
5.59416008
10.0333042
0.941050649
7.94015408
-6.57206059
-3.28554654
-12.3059082
-11.350317
8.51101971
-11.9205713
3.59388876
3.67901349
-5.42838049
-11.6555576
-12.9103127
0.976557434
-8.31585026
15.5377274
4.63564205
-3.24570847
11.8651638
4.08018351
1.21349943
0.184558272
-2.95401073
8.72112846
-0.145419121
-0.264789104
16.1421928
-6.23480225
-3.29570055
3.76282024
-0.304839849
-18.6693974
-3.66160083
7.83202362
11.1446419
7.52536154
6.99676609
0.181063056
6.22148275
-0.657402873
0.506127954
5.03497553
6.30616856
-14.7093735
-13.2339725
-0.866683722
10.6779671
4.98545885
-0.437749028
-6.98127222
2.48179483
3.85677576
0.80416584
11.7604818
-2.65214729
-11.2825165
-0.87518394
1.13332748
-4.39566231
-5.86696768
0.0904270411
2.51101828
9.50450897
-3.42759538
-5.52522135
-6.44952488
0.210816026
0.297097355
-8.51848316
-6.74754858
6.08569813
-0.466583014
3.87047076
0.585211396
5.51137352
-0.163475752
-4.35733747
7.42736435
7.74277115
2.15545511
-7.08400869
-4.70378304
-13.7927189
4.91916275
-2.45000196
8.80731583
-5.94004965
0.366759211
-0.899140239
4.27961969
3.76629353
12.2861023
3.29730368
2.50861216
-1.02530599
3.09886312
-11.0319643
5.86747169
6.23490763
7.83244228
-9.00941086
0.398258686
11.4828711
-5.97689056
-5.87951136
6.94712782
5.43684149
-1.60325181
-1.89564228
-9.68294907
3.03343534
13.2817574
-0.850500822
-1.8119328
-1.6318655
2.83541393
-2.72050047
5.60489082
5.46768761
-5.19386673
3.96329546
3.9398632
12.8795938
-9.3223381
13.2760887
0.680292368
3.43729782
-1.73732376
4.33281374
1.57826531
0.753376603
0.786667824
-5.84934378
6.58376074
-10.1304197
12.8325291
9.70454788
2.49366999
-3.71964455
2.6494813
-8.96900845
22.3971558
2.15091872
-1.56717122
5.74166679
3.48859072
3.9732945
-11.7756329
-4.46492004
8.82324028
1.83798611
1.70692956
-4.27309132
7.31126404
-4.37163544
-6.51187134
10.2038984
-0.2717188
12.9671659
-0.758046627
-4.73848629
-2.25372505
3.49268818
2.45531368
-5.7926321
-4.20087528
3.51918077
3.74567008
-0.0126182437
5.09219646
-10.5523882
4.51986742
-3.58945274
0.152601719
8.46471786
-1.45099759
10.6892376
3.26711798
-3.00605059
-10.8727274
-10.5811815
4.20921612
-4.7377286
8.42885971
1.03999639
9.6035881
-2.28731871
-12.3637905
0.863075852
-11.4590588
-17.8769436
6.67017078
-8.91778946
2.78705549
-12.5580473
-0.720440865
5.02106047
7.89718819
7.11422777
-2.46445656
-4.81146097
-12.3854294
-0.843591452
-0.507402301
-5.34249115
0.114626467
-3.03266621
9.93960476
18.6598034
8.53957462
-2.27104139
-13.9416571
0.730034113
-5.75874138
-21.7306595
-1.26579475
-8.98922539
8.83992958
3.8689599
-5.57386112
0.830326319
-3.65554547
-12.0582256
11.4532871
-6.6692791
-4.86907387
4.69887209
-5.5283618
-2.32509184
-1.20079446
4.44741821
-16.1225128
1.19876134
-4.22424412
2.32144856
12.9398212
15.3291807
6.19713783
-8.86540604
-1.49568141
-0.593251824
-6.44541502
-9.16859245
-0.384695411
3.42305279
5.28171539
1.03719902
20.8649158
11.5453787
10.167944
5.5721817
10.817091
-5.63264275
5.38284874
9.13272476
-10.440896
4.46050596
6.49552059
4.04024839
-6.52871609
-4.72164154
-3.55436611
-1.58822584
-9.34294891
-15.1785574
-0.420758724
6.05676794
-3.83206034
4.48504305
-14.8795147
-1.49403715
-1.17903972
9.14062786
-1.0109663
7.20006657
4.9470129
-1.88981748
2.923419
-0.194177389
4.86747456
-1.12315559
-5.36474037
7.91687536
-3.55994701
-5.94487286
-0.473341048
14.7510548
7.04778624
10.7593203
3.86539555
5.11071062
5.27936983
-3.26159763
-1.03745031
3.07572603
9.92149162
1.58963919
-8.37564754
-14.7696495
-6.18209839
4.38901806
-11.1586561
-14.1277218
-2.26369333
-2.12489343
-4.59201384
6.57735443
-7.1172452
7.0109129
-11.9949951
5.27207565
7.12691879
-4.60773611
-0.917035401
5.84554863
5.76054096
-0.982713223
-2.88040757
3.90484715
11.9281178
5.79682732
-8.61597252
4.98585272
-14.8678236
7.08223629
4.71369553
-9.15586185
3.76452088
-0.166647613
3.63812566
0.237896264
-7.64722347
-0.81132102
2.42745972
2.0174861
-13.999999
9.73917961
-6.44223022
-0.320556879
15.1684027
-4.73128557
-5.33604717
-0.718524933
-1.69737732
2.96798325
-1.017694
5.33961201
3.51877022
-8.32636929
2.98954153
-0.693570375
-4.1676116
-5.73429012
5.57434559
2.09567022
5.64096928
-3.17477512
5.39208603
-2.58693409
3.82570076
0.198612928
-8.31697273
-4.9715991
13.0863361
-0.253328383
-1.07270539
-9.20981026
9.78307533
0.293924451
4.51700687
-3.28036404
-2.15454483
7.74820709
-1.12661397
7.49734735
17.4939766
-3.15685773
3.42799282
-4.55336189
-2.22979999
3.05316472
-3.67855263
2.34908247
7.32491779
6.02949286
-3.0283339
5.18231726
-0.990331173
-0.375144839
6.90166426
0.10121727
-1.40620053
-5.8456378
-20.9484024
-6.53026676
6.98016405
5.4416151
4.59514046
7.60439587
-1.85965943
10.8226643
3.54722786
4.54179716
-19.3238869
-9.34182549
-10.0405159
6.6151762
-9.33347511
-0.500833273
6.68955231
-4.92240143
9.73737526
-1.98413157
11.8455639
-6.10270262
5.95014572
-15.7032089
7.69654608
-0.473905563
-0.706200659
-5.61588478
18.6158924
-8.09042168
14.0540524
1.12368488
-0.957962513
3.18793631
-6.6362381
-12.5056343
1.95679975
-2.06584597
5.54346609
-9.75243378
-18.0954227
7.85320377
-4.4210701
-4.30012369
8.16819668
-2.26571631
16.0571651
-22.9618073
-0.565525711
9.02923107
8.29320335
7.49015045
-14.7228947
-22.6684055
-8.0712471
0.345309734
4.1660881
6.50030136
-1.87424469
1.35838342
1.85142422
-1.67776036
-12.3927402
14.8889322
2.46063423
-12.9064236
0.740500987
0.636722088
-0.348527431
11.4614315
6.77639055
12.9198189
0.229213238
-17.7430954
-3.24550557
-17.5024681
-1.88866365
2.94875932
-7.64242935
4.35343027
-3.72916222
17.7685089
-12.1646538
-8.5223074
4.13506174
-4.68859053
-0.506998301
3.46575975
-6.32090759
-4.56408691
16.0567837
-1.8154943
6.61308813
-16.3499489
-8.62624931
-2.7860167
-7.69697285
2.51847935
8.98088932
-0.119764328
-0.427081317
-14.0211868
5.85132074
-9.45980644
9.42241764
4.07779121
-1.70908463
-8.46042538
-5.6462183
1.88761067
6.52483082
-2.19261217
-4.16694164
-5.15095806
-3.31291246
-2.6329844
1.90248609
-3.29460478
-1.40681958
2.20663023
-2.88013411
-7.26758814
3.27826977
-7.98543787
3.1310029
-0.795041442
4.33442354
6.25440788
-6.28517342
8.02573586
5.64759016
2.12254572
7.76756096
-5.23227072
1.76479006
4.9831562
-12.2246313
2.99884439
1.03693509
-1.74577355
-1.36571383
-1.23575842
-0.081592083
5.23867416
3.42217946
-14.4451294
-6.75778341
-0.435742021
2.94177628
-2.71129942
-0.376676083
-1.9748981
-17.4689026
-2.91853666
-7.25530195
6.70035076
-2.52426338
9.75017548
15.1006374
-4.85139132
4.41583538
2.51189733
-10.8694267
3.01391935
13.1399879
-2.59005404
25.2501812
6.75311613
-8.12833881
10.8532038
-6.02839661
-1.39018035
-8.60205936
-3.97609186
-18.8781853
-9.10131073
13.1364326
-4.87017727
-6.99828815
8.55916977
-13.7044344
-10.7771654
10.3426056
-4.92184782
-0.197798014
-1.24915767
6.40705824
3.5275836
7.14457941
-11.3078804
-4.44719839
7.55258131
9.82383728
-3.97105408
-1.02351141
-14.9557428
0.339314699
9.57000351
-9.3994751
0.513699055
5.50680828
12.7151146
12.9361782
-1.65402317
-1.78197575
3.73545885
-17.2522259
2.21321583
7.17045784
-0.301843882
-9.35722828
7.59560204
-6.66923904
-7.05735493
-3.83224154
7.53889561
1.36362636
-3.82199621
10.136982
-11.9143658
7.95822668
-3.82224178
-9.29620361
7.29307318
7.84331989
9.13647366
-1.19132257
6.68190384
2.70262432
-3.43195462
-5.32105064
-4.47533035
-7.57052135
-13.9957943
-5.52943468
-10.3824482
-6.99236298
17.9321404
-9.29753399
-6.58778477
2.79241729
9.20821857
7.52663755
6.2695837
1.15250027
-3.9237957
0.401463509
0.646425724
-2.85820961
0.993942916
-16.1113358
-5.06875086
1.80608618
-4.34905672
7.36201763
5.50316191
-11.7049179
5.05679464
-1.18133557
1.64625406
11.8026018
-6.94701815
9.94039345
4.66360903
-0.0240266472
1.74323595
13.0615082
-4.28477669
-9.77007198
15.1005993
-9.65680408
-5.38878012
9.91850853
2.70793295
-8.5513258
10.5431976
2.87685537
-3.1858716
-11.1580219
1.33697391
11.6802444
-0.613003612
-2.7497592
0.711817861
11.4614601
7.46574211
2.43769956
-5.62097979
-10.7347164
-0.52117455
10.9505892
-9.70035076
12.1090641
1.37620544
-12.3925762
11.5024586
-1.28017461
-2.84365654
8.59683132
6.01314688
8.99124908
5.33173227
-4.48671532
-0.180525064
4.39824533
-0.865244746
-6.89646673
4.41231012
-7.32095098
-1.54804385
-7.39934397
-0.507910371
3.5999999
6.8290596
7.0474453
-0.368371487
-5.38050222
-15.9079819
-8.40177917
-12.6736088
0.192111254
-6.30075407
2.26193714
-7.92662573
-10.6833448
-4.6429882
-0.118082523
0.0756950378
-12.0996075
2.06902575
2.17952776
-6.52802753
-1.28864026
9.58555794
3.64514112
-6.87873411
-1.59122801
2.93768907
-7.06678867
-13.5264616
2.32006478
2.6657095
-2.00096798
-0.711615086
4.03957319
-10.2895517
8.26889801
-7.03811073
-8.90145874
1.4107728
-0.779049397
2.03948593
-8.03034019
6.31028223
-9.81281471
-3.79907632
2.75225711
11.249342
0.0526940823
-8.23653984
10.9090528
-17.2503738
13.0075054
-2.50360847
-5.27332592
1.12913585
1.9346652
2.54045105
-5.22747326
10.2019672
-1.57618821
2.82267952
6.61463547
-0.331711769
-5.59821844
-0.863292277
6.10662365
-0.0439448357
0.882786751
0.626106203
15.0895023
4.33269024
7.33667421
-1.27299857
5.14385176
5.04487324
1.03017879
7.92821503
2.15202475
-9.31003094
-13.6007175
2.64141345
-1.00087452
1.26173878
5.25911808
11.4438553
-1.82266188
9.35688972
-2.88902688
1.55259073
-1.56700444
-3.51072264
9.52850914
-5.67949581
11.2869596
-0.236603975
5.81156826
1.76349926
-6.36457157
9.81822014
-9.6398592
0.999228656
-1.17339468
-3.36132526
7.16874409
-8.88380909
-3.96803331
6.69928026
4.33217764
11.8530302
-0.0650479794
-17.5092659
3.63542414
-11.4710684
8.67964554
1.31585765
-7.15593624
-5.56484032
-4.640275
-2.08365679
-2.11401844
-5.19985151
-9.72414017
-6.73434925
-3.84250546
2.86511779
-6.82414246
-8.10240936
4.70399952
6.44603348
7.47674465
1.98235309
1.71084738
20.2812958
-18.5966568
9.52634811
-9.93950558
-10.1128979
-3.15152931
-2.2672286
-5.0845623
5.92383003
-0.538867235
-6.97992373
-11.1477604
-2.50501776
3.18392801
-10.0196972
-8.87909794
-4.29452705
2.0353682
-7.19559336
1.14520645
-5.84532833
-12.3598585
1.3975389
-2.90170002
-4.09453583
3.48365736
1.06016719
-4.29190302
2.45798492
5.61805964
-0.672232628
9.67328453
-0.51748544
-4.92356253
-0.617776096
-7.18242359
1.26531136
11.7912369
-6.68325233
0.377008438
4.993505
-0.484974205
-0.295987427
3.08575106
4.58922958
3.40914726
6.43964195
-5.29867363
-7.4241066
15.1669292
0.241137266
-4.49798059
4.63441133
12.7028742
0.52681005
5.7359066
9.07093143
-3.50641346
-6.62189913
-5.60305214
3.91922212
-3.75454521
8.05587387
0.30244875
-1.48240352
4.81562138
-11.2745342
-8.85977364
0.225386322
-5.54217529
-0.244211197
8.44757652
5.14397526
-9.16229343
1.89936483
7.12765646
-1.73610842
3.47056651
-3.99403167
9.47658634
1.66813755
8.26560879
-2.33270597
-6.35340023
-9.47970676
-11.4468822
-3.35926199
2.63010192
-6.54536438
2.09038305
-3.55255032
8.76000118
-1.98177624
10.3442965
-0.909989238
-2.87462735
-18.0305157
2.89197135
-6.855093
7.34752178
-5.04832172
7.61697674
-10.304925
9.03174019
14.7249031
0.57248044
-1.97566462
2.82190108
2.20781803
16.6257534
-10.1229763
-5.57535553
-2.77076578
27.5999851
-2.32301736
9.79979515
-5.46508694
7.73949957
-4.89555693
12.1909513
9.86837673
6.09960175
1.9546926
-0.88263905
-0.338141918
-4.12823629
-11.7003803
-19.6102028
-10.45611
16.3788567
-14.3421917
6.18785715
-18.8887787
-6.03270054
12.982254
-6.84577656
-4.6429863
-0.741455197
-2.19545603
-6.43296242
7.48865366
6.56852531
5.64159679
-5.95107126
-0.57770586
0.223708868
11.5049973
-0.137776732
-2.15406418
-9.19874001
12.8774137
-3.14644408
6.01719427
3.57082367
-11.8660622
7.79157591
-6.48854637
-5.07961464
6.13157415
-5.84445953
14.9631681
10.5485554
-9.41011524
0.663581371
-2.91664219
0.497651577
-1.30085659
6.8603754
6.884902
0.727882504
-0.685406446
-8.89572239
-3.10697341
11.6804552
-4.02294922
0.0782767534
3.04328752
2.64836216
2.81140161
-6.34800386
-0.462360382
-3.92163563
10.1838779
-7.82325411
-0.38101697
-8.94850922
6.455616
0.571579218
6.36612129
4.56675482
-1.28456151
4.56834555
-1.76559496
0.473509818
-7.40068865
-13.6883879
-11.204092
-3.77360368
-2.96974325
9.30447769
-6.11376238
-6.53811026
6.7344842
6.99736357
5.67322826
-1.12841368
-6.30870819
-0.353768826
14.9199505
3.37148213
6.13247824
-1.55705738
-1.9473089
0.369460523
-2.26349807
-10.4346905
10.4062948
16.5554199
0.866430759
7.42204475
-2.89327645
-1.16640389
-2.83928728
-3.11049008
-11.4239702
8.12668037
8.74903107
-12.5929728
8.76144695
-4.77123451
-8.91899681
-2.71829081
1.54294944
-13.1231518
2.31641269
-8.45470238
15.6526651
-3.20268464
-0.667578936
-10.3666162
6.59005928
10.7890949
-0.55113554
7.76749134
-3.00620556
-9.28307247
-6.23426628
-0.39748463
6.92928457
-5.15237761
3.90696216
7.02463436
6.98658705
-9.01409149
0.831456423
1.83647668
-13.0862532
8.69059467
2.1812911
5.15474606
9.09879208
7.13054276
1.27486253
-2.39636326
1.39477777
5.15157795
0.0770974159
-5.22603416
-0.591206908
-4.41440058
-12.8223925
-0.376395345
-3.49436426
-2.18885088
2.6070466
-14.162117
-2.85347629
-4.88782406
-16.8554115
-0.585262895
13.8275118
-1.60182905
-9.15160656
1.32072341
-0.958165288
13.1732721
-6.04699612
-4.84990788
7.69577837
8.43510628
-10.5054836
-12.1878757
-0.971711695
1.45434654
2.64971113
-6.58404732
-6.86954498
1.97108388
-5.85845327
-9.84154892
1.46059275
-0.490432382
13.603343
-6.97388268
-8.71148205
-9.7267437
-2.49977636
-6.74135399
-0.599277496
-9.54031467
8.76224518
-0.620438576
4.4609642
6.30457306
-6.21517038
1.740628
0.122457981
8.15748596
3.40244317
-4.8563776
0.0154910088
-3.85277653
9.03567886
1.35191715
3.06173372
-5.20249557
-5.84938574
-18.0015011
12.4733591
0.97985673
6.63658619
-2.94603467
-9.51432991
5.19188356
10.07722
8.44300938
14.8202209
-3.81453276
4.11369228
-10.5105572
-2.89169884
7.63927412
-3.60214424
-3.54021239
-7.18084717
4.30918074
4.86553288
3.71835327
2.5525434
3.76321459
-10.2503958
-0.399689436
6.31818771
2.12262058
8.94054604
-2.37089968
-4.09817839
21.2796326
-6.21578646
-4.02168322
-2.56576443
4.14901924
-3.81362867
-0.596791267
-11.5572033
-11.2414961
-1.38025141
9.96977234
-6.97760916
-7.13411713
16.8784256
4.19463015
-12.8631525
2.369133
4.32313776
-9.09754181
-0.885118604
-6.70311165
-0.707131982
-5.61201477
6.72360516
-3.79964375
14.6157808
1.50423956
13.061204
8.50365925
-8.05530167
0.394600391
1.67811382
20.2388897
2.63262343
-3.44588256
1.23394799
-2.18480039
8.14305305
5.58895922
4.9326334
-0.202344775
4.15853834
1.89206648
9.89160824
-28.6152401
-10.795702
7.8087163
-7.72294331
-3.67395234
-12.1065044
-17.9720116
1.4689039
-9.9485054
12.4668007
12.1894398
-3.7179656
9.25785065
-18.7433109
5.16361284
2.4239378
-8.78500557
-5.18064165
-2.48313165
-3.50956297
-1.10389447
-1.47088099
-1.32884812
2.42531252
-20.2537365
-1.60941231
2.86279273
-16.5405674
-4.4761548
17.7240143
-12.9441252
-3.1618309
-3.15713763
-5.3905859
1.05155766
-3.34465742
-6.35209608
1.23716259
5.89103651
4.39297295
-6.74022865
-21.1427727
-6.50142479
2.2584548
-0.61657548
-10.8715572
4.38024187
7.18131828
4.4442997
-1.61989617
-2.79666424
2.30631185
2.18791103
-2.56608129
-9.56898212
0.0200407505
-7.99066067
3.96152401
-7.56317043
3.08064175