design_id,C_IN,H_IN,W_IN,C_OUT,K,unroll_cin,unroll_cout,with_bias,conv_type,groups,activation,generated,csynth,impl,config_path,csynth_report,impl_report,impl_power_report,over_capacity,fail_reason
conv_0001,16,56,56,16,1,1,1,True,conv2d,,relu,YES,YES,YES,configs/conv/conv_0001.json,reports/conv/conv_0001/csynth.xml,reports/conv/conv_0001/export_impl.xml,reports/conv/conv_0001/power_routed.rpt,NO,
conv_0002,16,56,56,16,1,1,1,True,group_conv2d,2,relu,YES,YES,YES,configs/conv/conv_0002.json,reports/conv/conv_0002/csynth.xml,reports/conv/conv_0002/export_impl.xml,reports/conv/conv_0002/power_routed.rpt,NO,
conv_0003,16,56,56,16,1,1,1,True,group_conv2d,4,relu,YES,YES,YES,configs/conv/conv_0003.json,reports/conv/conv_0003/csynth.xml,reports/conv/conv_0003/export_impl.xml,reports/conv/conv_0003/power_routed.rpt,NO,
conv_0004,16,56,56,16,1,1,1,False,conv2d,,relu,YES,YES,YES,configs/conv/conv_0004.json,reports/conv/conv_0004/csynth.xml,reports/conv/conv_0004/export_impl.xml,reports/conv/conv_0004/power_routed.rpt,NO,
conv_0005,16,56,56,16,1,1,1,False,group_conv2d,2,relu,YES,YES,YES,configs/conv/conv_0005.json,reports/conv/conv_0005/csynth.xml,reports/conv/conv_0005/export_impl.xml,reports/conv/conv_0005/power_routed.rpt,NO,
conv_0006,16,56,56,16,1,1,1,False,group_conv2d,4,relu,YES,YES,YES,configs/conv/conv_0006.json,reports/conv/conv_0006/csynth.xml,reports/conv/conv_0006/export_impl.xml,reports/conv/conv_0006/power_routed.rpt,NO,
conv_0007,16,56,56,16,1,1,1,True,conv2d,,sigmoid,YES,YES,YES,configs/conv/conv_0007.json,reports/conv/conv_0007/csynth.xml,reports/conv/conv_0007/export_impl.xml,reports/conv/conv_0007/power_routed.rpt,NO,
conv_0008,16,56,56,16,1,1,1,True,group_conv2d,2,sigmoid,YES,YES,YES,configs/conv/conv_0008.json,reports/conv/conv_0008/csynth.xml,reports/conv/conv_0008/export_impl.xml,reports/conv/conv_0008/power_routed.rpt,NO,
conv_0009,16,56,56,16,1,1,1,True,group_conv2d,4,sigmoid,YES,YES,YES,configs/conv/conv_0009.json,reports/conv/conv_0009/csynth.xml,reports/conv/conv_0009/export_impl.xml,reports/conv/conv_0009/power_routed.rpt,NO,
conv_0010,16,56,56,16,1,1,1,False,conv2d,,sigmoid,YES,YES,YES,configs/conv/conv_0010.json,reports/conv/conv_0010/csynth.xml,reports/conv/conv_0010/export_impl.xml,reports/conv/conv_0010/power_routed.rpt,NO,
conv_0011,16,56,56,16,1,1,1,False,group_conv2d,2,sigmoid,YES,YES,YES,configs/conv/conv_0011.json,reports/conv/conv_0011/csynth.xml,reports/conv/conv_0011/export_impl.xml,reports/conv/conv_0011/power_routed.rpt,NO,
conv_0012,16,56,56,16,1,1,1,False,group_conv2d,4,sigmoid,YES,YES,YES,configs/conv/conv_0012.json,reports/conv/conv_0012/csynth.xml,reports/conv/conv_0012/export_impl.xml,reports/conv/conv_0012/power_routed.rpt,NO,
conv_0013,16,56,56,16,1,1,1,True,conv2d,,tanh,YES,YES,YES,configs/conv/conv_0013.json,reports/conv/conv_0013/csynth.xml,reports/conv/conv_0013/export_impl.xml,reports/conv/conv_0013/power_routed.rpt,NO,
conv_0014,16,56,56,16,1,1,1,True,group_conv2d,2,tanh,YES,YES,YES,configs/conv/conv_0014.json,reports/conv/conv_0014/csynth.xml,reports/conv/conv_0014/export_impl.xml,reports/conv/conv_0014/power_routed.rpt,NO,
conv_0015,16,56,56,16,1,1,1,True,group_conv2d,4,tanh,YES,YES,YES,configs/conv/conv_0015.json,reports/conv/conv_0015/csynth.xml,reports/conv/conv_0015/export_impl.xml,reports/conv/conv_0015/power_routed.rpt,NO,
conv_0016,16,56,56,16,1,1,1,False,conv2d,,tanh,YES,YES,YES,configs/conv/conv_0016.json,reports/conv/conv_0016/csynth.xml,reports/conv/conv_0016/export_impl.xml,reports/conv/conv_0016/power_routed.rpt,NO,
conv_0017,16,56,56,16,1,1,1,False,group_conv2d,2,tanh,YES,YES,YES,configs/conv/conv_0017.json,reports/conv/conv_0017/csynth.xml,reports/conv/conv_0017/export_impl.xml,reports/conv/conv_0017/power_routed.rpt,NO,
conv_0018,16,56,56,16,1,1,1,False,group_conv2d,4,tanh,YES,YES,YES,configs/conv/conv_0018.json,reports/conv/conv_0018/csynth.xml,reports/conv/conv_0018/export_impl.xml,reports/conv/conv_0018/power_routed.rpt,NO,
conv_0019,16,56,56,16,1,1,4,True,conv2d,,relu,YES,YES,NO,configs/conv/conv_0019.json,reports/conv/conv_0019/csynth.xml,,,NO,
conv_0020,16,56,56,16,1,1,4,True,group_conv2d,2,relu,YES,YES,NO,configs/conv/conv_0020.json,reports/conv/conv_0020/csynth.xml,,,NO,
conv_0021,16,56,56,16,1,1,4,True,group_conv2d,4,relu,YES,YES,NO,configs/conv/conv_0021.json,reports/conv/conv_0021/csynth.xml,,,NO,
conv_0022,16,56,56,16,1,1,4,False,conv2d,,relu,YES,YES,YES,configs/conv/conv_0022.json,reports/conv/conv_0022/csynth.xml,reports/conv/conv_0022/export_impl.xml,reports/conv/conv_0022/power_routed.rpt,NO,
conv_0023,16,56,56,16,1,1,4,False,group_conv2d,2,relu,YES,YES,NO,configs/conv/conv_0023.json,reports/conv/conv_0023/csynth.xml,,,NO,
conv_0024,16,56,56,16,1,1,4,False,group_conv2d,4,relu,YES,YES,NO,configs/conv/conv_0024.json,reports/conv/conv_0024/csynth.xml,,,NO,
conv_0025,16,56,56,16,1,1,4,True,conv2d,,sigmoid,YES,YES,NO,configs/conv/conv_0025.json,reports/conv/conv_0025/csynth.xml,,,NO,
conv_0026,16,56,56,16,1,1,4,True,group_conv2d,2,sigmoid,YES,YES,NO,configs/conv/conv_0026.json,reports/conv/conv_0026/csynth.xml,,,NO,
conv_0027,16,56,56,16,1,1,4,True,group_conv2d,4,sigmoid,YES,YES,NO,configs/conv/conv_0027.json,reports/conv/conv_0027/csynth.xml,,,NO,
conv_0028,16,56,56,16,1,1,4,False,conv2d,,sigmoid,YES,YES,NO,configs/conv/conv_0028.json,reports/conv/conv_0028/csynth.xml,,,NO,
conv_0029,16,56,56,16,1,1,4,False,group_conv2d,2,sigmoid,YES,YES,NO,configs/conv/conv_0029.json,reports/conv/conv_0029/csynth.xml,,,NO,
conv_0030,16,56,56,16,1,1,4,False,group_conv2d,4,sigmoid,YES,YES,NO,configs/conv/conv_0030.json,reports/conv/conv_0030/csynth.xml,,,NO,
conv_0031,16,56,56,16,1,1,4,True,conv2d,,tanh,YES,YES,NO,configs/conv/conv_0031.json,reports/conv/conv_0031/csynth.xml,,,NO,
conv_0032,16,56,56,16,1,1,4,True,group_conv2d,2,tanh,YES,YES,NO,configs/conv/conv_0032.json,reports/conv/conv_0032/csynth.xml,,,NO,
conv_0033,16,56,56,16,1,1,4,True,group_conv2d,4,tanh,YES,YES,YES,configs/conv/conv_0033.json,reports/conv/conv_0033/csynth.xml,reports/conv/conv_0033/export_impl.xml,reports/conv/conv_0033/power_routed.rpt,NO,
conv_0034,16,56,56,16,1,1,4,False,conv2d,,tanh,YES,YES,NO,configs/conv/conv_0034.json,reports/conv/conv_0034/csynth.xml,,,NO,
conv_0035,16,56,56,16,1,1,4,False,group_conv2d,2,tanh,YES,YES,NO,configs/conv/conv_0035.json,reports/conv/conv_0035/csynth.xml,,,NO,
conv_0036,16,56,56,16,1,1,4,False,group_conv2d,4,tanh,YES,YES,YES,configs/conv/conv_0036.json,reports/conv/conv_0036/csynth.xml,reports/conv/conv_0036/export_impl.xml,reports/conv/conv_0036/power_routed.rpt,NO,
conv_0037,16,56,56,16,1,1,8,True,conv2d,,relu,YES,YES,NO,configs/conv/conv_0037.json,reports/conv/conv_0037/csynth.xml,,,NO,
conv_0038,16,56,56,16,1,1,8,True,group_conv2d,2,relu,YES,YES,NO,configs/conv/conv_0038.json,reports/conv/conv_0038/csynth.xml,,,NO,
conv_0039,16,56,56,16,1,1,8,True,group_conv2d,4,relu,YES,YES,NO,configs/conv/conv_0039.json,reports/conv/conv_0039/csynth.xml,,,NO,
conv_0040,16,56,56,16,1,1,8,False,conv2d,,relu,YES,YES,YES,configs/conv/conv_0040.json,reports/conv/conv_0040/csynth.xml,reports/conv/conv_0040/export_impl.xml,reports/conv/conv_0040/power_routed.rpt,NO,
conv_0041,16,56,56,16,1,1,8,False,group_conv2d,2,relu,YES,YES,NO,configs/conv/conv_0041.json,reports/conv/conv_0041/csynth.xml,,,NO,
conv_0042,16,56,56,16,1,1,8,False,group_conv2d,4,relu,YES,YES,NO,configs/conv/conv_0042.json,reports/conv/conv_0042/csynth.xml,,,NO,
conv_0043,16,56,56,16,1,1,8,True,conv2d,,sigmoid,YES,YES,NO,configs/conv/conv_0043.json,reports/conv/conv_0043/csynth.xml,,,NO,
conv_0044,16,56,56,16,1,1,8,True,group_conv2d,2,sigmoid,YES,YES,NO,configs/conv/conv_0044.json,reports/conv/conv_0044/csynth.xml,,,NO,
conv_0045,16,56,56,16,1,1,8,True,group_conv2d,4,sigmoid,YES,YES,NO,configs/conv/conv_0045.json,reports/conv/conv_0045/csynth.xml,,,NO,
conv_0046,16,56,56,16,1,1,8,False,conv2d,,sigmoid,YES,YES,NO,configs/conv/conv_0046.json,reports/conv/conv_0046/csynth.xml,,,NO,
conv_0047,16,56,56,16,1,1,8,False,group_conv2d,2,sigmoid,YES,YES,NO,configs/conv/conv_0047.json,reports/conv/conv_0047/csynth.xml,,,NO,
conv_0048,16,56,56,16,1,1,8,False,group_conv2d,4,sigmoid,YES,YES,NO,configs/conv/conv_0048.json,reports/conv/conv_0048/csynth.xml,,,NO,
conv_0049,16,56,56,16,1,1,8,True,conv2d,,tanh,YES,YES,NO,configs/conv/conv_0049.json,reports/conv/conv_0049/csynth.xml,,,NO,
conv_0050,16,56,56,16,1,1,8,True,group_conv2d,2,tanh,YES,YES,NO,configs/conv/conv_0050.json,reports/conv/conv_0050/csynth.xml,,,NO,
conv_0051,16,56,56,16,1,1,8,True,group_conv2d,4,tanh,YES,YES,NO,configs/conv/conv_0051.json,reports/conv/conv_0051/csynth.xml,,,NO,
conv_0052,16,56,56,16,1,1,8,False,conv2d,,tanh,YES,YES,NO,configs/conv/conv_0052.json,reports/conv/conv_0052/csynth.xml,,,NO,
conv_0053,16,56,56,16,1,1,8,False,group_conv2d,2,tanh,YES,YES,NO,configs/conv/conv_0053.json,reports/conv/conv_0053/csynth.xml,,,NO,
conv_0054,16,56,56,16,1,1,8,False,group_conv2d,4,tanh,YES,YES,NO,configs/conv/conv_0054.json,reports/conv/conv_0054/csynth.xml,,,NO,
conv_0055,16,56,56,16,1,4,1,True,conv2d,,relu,YES,YES,NO,configs/conv/conv_0055.json,reports/conv/conv_0055/csynth.xml,,,NO,
conv_0056,16,56,56,16,1,4,1,True,group_conv2d,2,relu,YES,YES,NO,configs/conv/conv_0056.json,reports/conv/conv_0056/csynth.xml,,,NO,
conv_0057,16,56,56,16,1,4,1,True,group_conv2d,4,relu,YES,YES,NO,configs/conv/conv_0057.json,reports/conv/conv_0057/csynth.xml,,,NO,
conv_0058,16,56,56,16,1,4,1,False,conv2d,,relu,YES,YES,NO,configs/conv/conv_0058.json,reports/conv/conv_0058/csynth.xml,,,NO,
conv_0059,16,56,56,16,1,4,1,False,group_conv2d,2,relu,YES,YES,NO,configs/conv/conv_0059.json,reports/conv/conv_0059/csynth.xml,,,NO,
conv_0060,16,56,56,16,1,4,1,False,group_conv2d,4,relu,YES,YES,NO,configs/conv/conv_0060.json,reports/conv/conv_0060/csynth.xml,,,NO,
conv_0061,16,56,56,16,1,4,1,True,conv2d,,sigmoid,YES,YES,NO,configs/conv/conv_0061.json,reports/conv/conv_0061/csynth.xml,,,NO,
conv_0062,16,56,56,16,1,4,1,True,group_conv2d,2,sigmoid,YES,YES,NO,configs/conv/conv_0062.json,reports/conv/conv_0062/csynth.xml,,,NO,
conv_0063,16,56,56,16,1,4,1,True,group_conv2d,4,sigmoid,YES,YES,YES,configs/conv/conv_0063.json,reports/conv/conv_0063/csynth.xml,reports/conv/conv_0063/export_impl.xml,reports/conv/conv_0063/power_routed.rpt,NO,
conv_0064,16,56,56,16,1,4,1,False,conv2d,,sigmoid,YES,YES,NO,configs/conv/conv_0064.json,reports/conv/conv_0064/csynth.xml,,,NO,
conv_0065,16,56,56,16,1,4,1,False,group_conv2d,2,sigmoid,YES,YES,NO,configs/conv/conv_0065.json,reports/conv/conv_0065/csynth.xml,,,NO,
conv_0066,16,56,56,16,1,4,1,False,group_conv2d,4,sigmoid,YES,YES,YES,configs/conv/conv_0066.json,reports/conv/conv_0066/csynth.xml,reports/conv/conv_0066/export_impl.xml,reports/conv/conv_0066/power_routed.rpt,NO,
conv_0067,16,56,56,16,1,4,1,True,conv2d,,tanh,YES,YES,NO,configs/conv/conv_0067.json,reports/conv/conv_0067/csynth.xml,,,NO,
conv_0068,16,56,56,16,1,4,1,True,group_conv2d,2,tanh,YES,YES,NO,configs/conv/conv_0068.json,reports/conv/conv_0068/csynth.xml,,,NO,
conv_0069,16,56,56,16,1,4,1,True,group_conv2d,4,tanh,YES,YES,NO,configs/conv/conv_0069.json,reports/conv/conv_0069/csynth.xml,,,NO,
conv_0070,16,56,56,16,1,4,1,False,conv2d,,tanh,YES,YES,NO,configs/conv/conv_0070.json,reports/conv/conv_0070/csynth.xml,,,NO,
conv_0071,16,56,56,16,1,4,1,False,group_conv2d,2,tanh,YES,YES,NO,configs/conv/conv_0071.json,reports/conv/conv_0071/csynth.xml,,,NO,
conv_0072,16,56,56,16,1,4,1,False,group_conv2d,4,tanh,YES,YES,NO,configs/conv/conv_0072.json,reports/conv/conv_0072/csynth.xml,,,NO,
conv_0073,16,56,56,16,1,4,4,True,conv2d,,relu,YES,YES,NO,configs/conv/conv_0073.json,reports/conv/conv_0073/csynth.xml,,,NO,
conv_0074,16,56,56,16,1,4,4,True,group_conv2d,2,relu,YES,YES,NO,configs/conv/conv_0074.json,reports/conv/conv_0074/csynth.xml,,,NO,
conv_0075,16,56,56,16,1,4,4,True,group_conv2d,4,relu,YES,YES,YES,configs/conv/conv_0075.json,reports/conv/conv_0075/csynth.xml,reports/conv/conv_0075/export_impl.xml,reports/conv/conv_0075/power_routed.rpt,NO,
conv_0076,16,56,56,16,1,4,4,False,conv2d,,relu,YES,YES,NO,configs/conv/conv_0076.json,reports/conv/conv_0076/csynth.xml,,,NO,
conv_0077,16,56,56,16,1,4,4,False,group_conv2d,2,relu,YES,YES,NO,configs/conv/conv_0077.json,reports/conv/conv_0077/csynth.xml,,,NO,
conv_0078,16,56,56,16,1,4,4,False,group_conv2d,4,relu,YES,YES,NO,configs/conv/conv_0078.json,reports/conv/conv_0078/csynth.xml,,,NO,
conv_0079,16,56,56,16,1,4,4,True,conv2d,,sigmoid,YES,YES,NO,configs/conv/conv_0079.json,reports/conv/conv_0079/csynth.xml,,,NO,
conv_0080,16,56,56,16,1,4,4,True,group_conv2d,2,sigmoid,YES,YES,NO,configs/conv/conv_0080.json,reports/conv/conv_0080/csynth.xml,,,NO,
conv_0081,16,56,56,16,1,4,4,True,group_conv2d,4,sigmoid,YES,YES,NO,configs/conv/conv_0081.json,reports/conv/conv_0081/csynth.xml,,,NO,
conv_0082,16,56,56,16,1,4,4,False,conv2d,,sigmoid,YES,YES,NO,configs/conv/conv_0082.json,reports/conv/conv_0082/csynth.xml,,,NO,
conv_0083,16,56,56,16,1,4,4,False,group_conv2d,2,sigmoid,YES,YES,NO,configs/conv/conv_0083.json,reports/conv/conv_0083/csynth.xml,,,NO,
conv_0084,16,56,56,16,1,4,4,False,group_conv2d,4,sigmoid,YES,YES,YES,configs/conv/conv_0084.json,reports/conv/conv_0084/csynth.xml,reports/conv/conv_0084/export_impl.xml,reports/conv/conv_0084/power_routed.rpt,NO,
conv_0085,16,56,56,16,1,4,4,True,conv2d,,tanh,YES,YES,NO,configs/conv/conv_0085.json,reports/conv/conv_0085/csynth.xml,,,NO,
conv_0086,16,56,56,16,1,4,4,True,group_conv2d,2,tanh,YES,YES,NO,configs/conv/conv_0086.json,reports/conv/conv_0086/csynth.xml,,,NO,
conv_0087,16,56,56,16,1,4,4,True,group_conv2d,4,tanh,YES,YES,NO,configs/conv/conv_0087.json,reports/conv/conv_0087/csynth.xml,,,NO,
conv_0088,16,56,56,16,1,4,4,False,conv2d,,tanh,YES,YES,NO,configs/conv/conv_0088.json,reports/conv/conv_0088/csynth.xml,,,NO,
conv_0089,16,56,56,16,1,4,4,False,group_conv2d,2,tanh,YES,YES,NO,configs/conv/conv_0089.json,reports/conv/conv_0089/csynth.xml,,,NO,
conv_0090,16,56,56,16,1,4,4,False,group_conv2d,4,tanh,YES,YES,NO,configs/conv/conv_0090.json,reports/conv/conv_0090/csynth.xml,,,NO,
conv_0091,16,56,56,16,1,4,8,True,conv2d,,relu,YES,YES,NO,configs/conv/conv_0091.json,reports/conv/conv_0091/csynth.xml,,,NO,
conv_0092,16,56,56,16,1,4,8,True,group_conv2d,2,relu,YES,YES,NO,configs/conv/conv_0092.json,reports/conv/conv_0092/csynth.xml,,,NO,
conv_0093,16,56,56,16,1,4,8,True,group_conv2d,4,relu,YES,YES,NO,configs/conv/conv_0093.json,reports/conv/conv_0093/csynth.xml,,,NO,
conv_0094,16,56,56,16,1,4,8,False,conv2d,,relu,YES,YES,NO,configs/conv/conv_0094.json,reports/conv/conv_0094/csynth.xml,,,NO,
conv_0095,16,56,56,16,1,4,8,False,group_conv2d,2,relu,YES,YES,NO,configs/conv/conv_0095.json,reports/conv/conv_0095/csynth.xml,,,NO,
conv_0096,16,56,56,16,1,4,8,False,group_conv2d,4,relu,YES,YES,YES,configs/conv/conv_0096.json,reports/conv/conv_0096/csynth.xml,reports/conv/conv_0096/export_impl.xml,reports/conv/conv_0096/power_routed.rpt,NO,
conv_0097,16,56,56,16,1,4,8,True,conv2d,,sigmoid,YES,YES,NO,configs/conv/conv_0097.json,reports/conv/conv_0097/csynth.xml,,,NO,
conv_0098,16,56,56,16,1,4,8,True,group_conv2d,2,sigmoid,YES,YES,NO,configs/conv/conv_0098.json,reports/conv/conv_0098/csynth.xml,,,NO,
conv_0099,16,56,56,16,1,4,8,True,group_conv2d,4,sigmoid,YES,YES,NO,configs/conv/conv_0099.json,reports/conv/conv_0099/csynth.xml,,,NO,
conv_0100,16,56,56,16,1,4,8,False,conv2d,,sigmoid,YES,YES,NO,configs/conv/conv_0100.json,reports/conv/conv_0100/csynth.xml,,,NO,
conv_0101,16,56,56,16,1,4,8,False,group_conv2d,2,sigmoid,YES,YES,NO,configs/conv/conv_0101.json,reports/conv/conv_0101/csynth.xml,,,NO,
conv_0102,16,56,56,16,1,4,8,False,group_conv2d,4,sigmoid,YES,YES,NO,configs/conv/conv_0102.json,reports/conv/conv_0102/csynth.xml,,,NO,
conv_0103,16,56,56,16,1,4,8,True,conv2d,,tanh,YES,YES,NO,configs/conv/conv_0103.json,reports/conv/conv_0103/csynth.xml,,,NO,
conv_0104,16,56,56,16,1,4,8,True,group_conv2d,2,tanh,YES,YES,NO,configs/conv/conv_0104.json,reports/conv/conv_0104/csynth.xml,,,NO,
conv_0105,16,56,56,16,1,4,8,True,group_conv2d,4,tanh,YES,YES,NO,configs/conv/conv_0105.json,reports/conv/conv_0105/csynth.xml,,,NO,
conv_0106,16,56,56,16,1,4,8,False,conv2d,,tanh,YES,YES,NO,configs/conv/conv_0106.json,reports/conv/conv_0106/csynth.xml,,,NO,
conv_0107,16,56,56,16,1,4,8,False,group_conv2d,2,tanh,YES,YES,NO,configs/conv/conv_0107.json,reports/conv/conv_0107/csynth.xml,,,NO,
conv_0108,16,56,56,16,1,4,8,False,group_conv2d,4,tanh,YES,YES,NO,configs/conv/conv_0108.json,reports/conv/conv_0108/csynth.xml,,,NO,
conv_0109,16,56,56,16,1,8,1,True,conv2d,,relu,YES,YES,NO,configs/conv/conv_0109.json,reports/conv/conv_0109/csynth.xml,,,NO,
conv_0110,16,56,56,16,1,8,1,True,group_conv2d,2,relu,YES,YES,YES,configs/conv/conv_0110.json,reports/conv/conv_0110/csynth.xml,reports/conv/conv_0110/export_impl.xml,reports/conv/conv_0110/power_routed.rpt,NO,
conv_0111,16,56,56,16,1,8,1,True,group_conv2d,4,relu,YES,YES,NO,configs/conv/conv_0111.json,reports/conv/conv_0111/csynth.xml,,,NO,
conv_0112,16,56,56,16,1,8,1,False,conv2d,,relu,YES,YES,NO,configs/conv/conv_0112.json,reports/conv/conv_0112/csynth.xml,,,NO,
conv_0113,16,56,56,16,1,8,1,False,group_conv2d,2,relu,YES,YES,NO,configs/conv/conv_0113.json,reports/conv/conv_0113/csynth.xml,,,NO,
conv_0114,16,56,56,16,1,8,1,False,group_conv2d,4,relu,YES,YES,NO,configs/conv/conv_0114.json,reports/conv/conv_0114/csynth.xml,,,NO,
conv_0115,16,56,56,16,1,8,1,True,conv2d,,sigmoid,YES,YES,NO,configs/conv/conv_0115.json,reports/conv/conv_0115/csynth.xml,,,NO,
conv_0116,16,56,56,16,1,8,1,True,group_conv2d,2,sigmoid,YES,YES,NO,configs/conv/conv_0116.json,reports/conv/conv_0116/csynth.xml,,,NO,
conv_0117,16,56,56,16,1,8,1,True,group_conv2d,4,sigmoid,YES,YES,NO,configs/conv/conv_0117.json,reports/conv/conv_0117/csynth.xml,,,NO,
conv_0118,16,56,56,16,1,8,1,False,conv2d,,sigmoid,YES,YES,NO,configs/conv/conv_0118.json,reports/conv/conv_0118/csynth.xml,,,NO,
conv_0119,16,56,56,16,1,8,1,False,group_conv2d,2,sigmoid,YES,YES,NO,configs/conv/conv_0119.json,reports/conv/conv_0119/csynth.xml,,,NO,
conv_0120,16,56,56,16,1,8,1,False,group_conv2d,4,sigmoid,YES,YES,NO,configs/conv/conv_0120.json,reports/conv/conv_0120/csynth.xml,,,NO,
conv_0121,16,56,56,16,1,8,1,True,conv2d,,tanh,YES,YES,NO,configs/conv/conv_0121.json,reports/conv/conv_0121/csynth.xml,,,NO,
conv_0122,16,56,56,16,1,8,1,True,group_conv2d,2,tanh,YES,YES,NO,configs/conv/conv_0122.json,reports/conv/conv_0122/csynth.xml,,,NO,
conv_0123,16,56,56,16,1,8,1,True,group_conv2d,4,tanh,YES,YES,NO,configs/conv/conv_0123.json,reports/conv/conv_0123/csynth.xml,,,NO,
conv_0124,16,56,56,16,1,8,1,False,conv2d,,tanh,YES,YES,NO,configs/conv/conv_0124.json,reports/conv/conv_0124/csynth.xml,,,NO,
conv_0125,16,56,56,16,1,8,1,False,group_conv2d,2,tanh,YES,YES,NO,configs/conv/conv_0125.json,reports/conv/conv_0125/csynth.xml,,,NO,
conv_0126,16,56,56,16,1,8,1,False,group_conv2d,4,tanh,YES,YES,NO,configs/conv/conv_0126.json,reports/conv/conv_0126/csynth.xml,,,NO,
conv_0127,16,56,56,16,1,8,4,True,conv2d,,relu,YES,YES,NO,configs/conv/conv_0127.json,reports/conv/conv_0127/csynth.xml,,,NO,
conv_0128,16,56,56,16,1,8,4,True,group_conv2d,2,relu,YES,YES,NO,configs/conv/conv_0128.json,reports/conv/conv_0128/csynth.xml,,,NO,
conv_0129,16,56,56,16,1,8,4,True,group_conv2d,4,relu,YES,YES,NO,configs/conv/conv_0129.json,reports/conv/conv_0129/csynth.xml,,,NO,
conv_0130,16,56,56,16,1,8,4,False,conv2d,,relu,YES,YES,NO,configs/conv/conv_0130.json,reports/conv/conv_0130/csynth.xml,,,NO,
conv_0131,16,56,56,16,1,8,4,False,group_conv2d,2,relu,YES,YES,NO,configs/conv/conv_0131.json,reports/conv/conv_0131/csynth.xml,,,NO,
conv_0132,16,56,56,16,1,8,4,False,group_conv2d,4,relu,YES,YES,NO,configs/conv/conv_0132.json,reports/conv/conv_0132/csynth.xml,,,NO,
conv_0133,16,56,56,16,1,8,4,True,conv2d,,sigmoid,YES,YES,NO,configs/conv/conv_0133.json,reports/conv/conv_0133/csynth.xml,,,NO,
conv_0134,16,56,56,16,1,8,4,True,group_conv2d,2,sigmoid,YES,YES,NO,configs/conv/conv_0134.json,reports/conv/conv_0134/csynth.xml,,,NO,
conv_0135,16,56,56,16,1,8,4,True,group_conv2d,4,sigmoid,YES,YES,NO,configs/conv/conv_0135.json,reports/conv/conv_0135/csynth.xml,,,NO,
conv_0136,16,56,56,16,1,8,4,False,conv2d,,sigmoid,YES,YES,NO,configs/conv/conv_0136.json,reports/conv/conv_0136/csynth.xml,,,NO,
conv_0137,16,56,56,16,1,8,4,False,group_conv2d,2,sigmoid,YES,YES,NO,configs/conv/conv_0137.json,reports/conv/conv_0137/csynth.xml,,,NO,
conv_0138,16,56,56,16,1,8,4,False,group_conv2d,4,sigmoid,YES,YES,NO,configs/conv/conv_0138.json,reports/conv/conv_0138/csynth.xml,,,NO,
conv_0139,16,56,56,16,1,8,4,True,conv2d,,tanh,YES,YES,NO,configs/conv/conv_0139.json,reports/conv/conv_0139/csynth.xml,,,NO,
conv_0140,16,56,56,16,1,8,4,True,group_conv2d,2,tanh,YES,YES,NO,configs/conv/conv_0140.json,reports/conv/conv_0140/csynth.xml,,,NO,
conv_0141,16,56,56,16,1,8,4,True,group_conv2d,4,tanh,YES,YES,NO,configs/conv/conv_0141.json,reports/conv/conv_0141/csynth.xml,,,NO,
conv_0142,16,56,56,16,1,8,4,False,conv2d,,tanh,YES,YES,NO,configs/conv/conv_0142.json,reports/conv/conv_0142/csynth.xml,,,NO,
conv_0143,16,56,56,16,1,8,4,False,group_conv2d,2,tanh,YES,YES,NO,configs/conv/conv_0143.json,reports/conv/conv_0143/csynth.xml,,,NO,
conv_0144,16,56,56,16,1,8,4,False,group_conv2d,4,tanh,YES,YES,NO,configs/conv/conv_0144.json,reports/conv/conv_0144/csynth.xml,,,NO,
conv_0145,16,56,56,16,1,8,8,True,conv2d,,relu,YES,YES,NO,configs/conv/conv_0145.json,reports/conv/conv_0145/csynth.xml,,,NO,
conv_0146,16,56,56,16,1,8,8,True,group_conv2d,2,relu,YES,YES,NO,configs/conv/conv_0146.json,reports/conv/conv_0146/csynth.xml,,,NO,
conv_0147,16,56,56,16,1,8,8,True,group_conv2d,4,relu,YES,YES,NO,configs/conv/conv_0147.json,reports/conv/conv_0147/csynth.xml,,,NO,
conv_0148,16,56,56,16,1,8,8,False,conv2d,,relu,YES,YES,YES,configs/conv/conv_0148.json,reports/conv/conv_0148/csynth.xml,reports/conv/conv_0148/export_impl.xml,reports/conv/conv_0148/power_routed.rpt,NO,
conv_0149,16,56,56,16,1,8,8,False,group_conv2d,2,relu,YES,YES,NO,configs/conv/conv_0149.json,reports/conv/conv_0149/csynth.xml,,,NO,
conv_0150,16,56,56,16,1,8,8,False,group_conv2d,4,relu,YES,YES,NO,configs/conv/conv_0150.json,reports/conv/conv_0150/csynth.xml,,,NO,
conv_0151,16,56,56,16,1,8,8,True,conv2d,,sigmoid,YES,YES,NO,configs/conv/conv_0151.json,reports/conv/conv_0151/csynth.xml,,,NO,
conv_0152,16,56,56,16,1,8,8,True,group_conv2d,2,sigmoid,YES,YES,NO,configs/conv/conv_0152.json,reports/conv/conv_0152/csynth.xml,,,NO,
conv_0153,16,56,56,16,1,8,8,True,group_conv2d,4,sigmoid,YES,YES,NO,configs/conv/conv_0153.json,reports/conv/conv_0153/csynth.xml,,,NO,
conv_0154,16,56,56,16,1,8,8,False,conv2d,,sigmoid,YES,YES,NO,configs/conv/conv_0154.json,reports/conv/conv_0154/csynth.xml,,,NO,
conv_0155,16,56,56,16,1,8,8,False,group_conv2d,2,sigmoid,YES,YES,NO,configs/conv/conv_0155.json,reports/conv/conv_0155/csynth.xml,,,NO,
conv_0156,16,56,56,16,1,8,8,False,group_conv2d,4,sigmoid,YES,YES,NO,configs/conv/conv_0156.json,reports/conv/conv_0156/csynth.xml,,,NO,
conv_0157,16,56,56,16,1,8,8,True,conv2d,,tanh,YES,YES,NO,configs/conv/conv_0157.json,reports/conv/conv_0157/csynth.xml,,,NO,
conv_0158,16,56,56,16,1,8,8,True,group_conv2d,2,tanh,YES,YES,NO,configs/conv/conv_0158.json,reports/conv/conv_0158/csynth.xml,,,NO,
conv_0159,16,56,56,16,1,8,8,True,group_conv2d,4,tanh,YES,YES,NO,configs/conv/conv_0159.json,reports/conv/conv_0159/csynth.xml,,,NO,
conv_0160,16,56,56,16,1,8,8,False,conv2d,,tanh,YES,YES,NO,configs/conv/conv_0160.json,reports/conv/conv_0160/csynth.xml,,,NO,
conv_0161,16,56,56,16,1,8,8,False,group_conv2d,2,tanh,YES,YES,NO,configs/conv/conv_0161.json,reports/conv/conv_0161/csynth.xml,,,NO,
conv_0162,16,56,56,16,1,8,8,False,group_conv2d,4,tanh,YES,YES,NO,configs/conv/conv_0162.json,reports/conv/conv_0162/csynth.xml,,,NO,
conv_0163,16,56,56,16,3,1,1,True,conv2d,,relu,YES,YES,YES,configs/conv/conv_0163.json,reports/conv/conv_0163/csynth.xml,reports/conv/conv_0163/export_impl.xml,reports/conv/conv_0163/power_routed.rpt,NO,
conv_0164,16,56,56,16,3,1,1,True,group_conv2d,2,relu,YES,YES,YES,configs/conv/conv_0164.json,reports/conv/conv_0164/csynth.xml,reports/conv/conv_0164/export_impl.xml,reports/conv/conv_0164/power_routed.rpt,NO,
conv_0165,16,56,56,16,3,1,1,True,group_conv2d,4,relu,YES,YES,YES,configs/conv/conv_0165.json,reports/conv/conv_0165/csynth.xml,reports/conv/conv_0165/export_impl.xml,reports/conv/conv_0165/power_routed.rpt,NO,
conv_0166,16,56,56,16,3,1,1,False,conv2d,,relu,YES,YES,YES,configs/conv/conv_0166.json,reports/conv/conv_0166/csynth.xml,reports/conv/conv_0166/export_impl.xml,reports/conv/conv_0166/power_routed.rpt,NO,
conv_0167,16,56,56,16,3,1,1,False,group_conv2d,2,relu,YES,YES,YES,configs/conv/conv_0167.json,reports/conv/conv_0167/csynth.xml,reports/conv/conv_0167/export_impl.xml,reports/conv/conv_0167/power_routed.rpt,NO,
conv_0168,16,56,56,16,3,1,1,False,group_conv2d,4,relu,YES,YES,YES,configs/conv/conv_0168.json,reports/conv/conv_0168/csynth.xml,reports/conv/conv_0168/export_impl.xml,reports/conv/conv_0168/power_routed.rpt,NO,
conv_0169,16,56,56,16,3,1,1,True,conv2d,,sigmoid,YES,YES,YES,configs/conv/conv_0169.json,reports/conv/conv_0169/csynth.xml,reports/conv/conv_0169/export_impl.xml,reports/conv/conv_0169/power_routed.rpt,NO,
conv_0170,16,56,56,16,3,1,1,True,group_conv2d,2,sigmoid,YES,YES,YES,configs/conv/conv_0170.json,reports/conv/conv_0170/csynth.xml,reports/conv/conv_0170/export_impl.xml,reports/conv/conv_0170/power_routed.rpt,NO,
conv_0171,16,56,56,16,3,1,1,True,group_conv2d,4,sigmoid,YES,YES,YES,configs/conv/conv_0171.json,reports/conv/conv_0171/csynth.xml,reports/conv/conv_0171/export_impl.xml,reports/conv/conv_0171/power_routed.rpt,NO,
conv_0172,16,56,56,16,3,1,1,False,conv2d,,sigmoid,YES,YES,YES,configs/conv/conv_0172.json,reports/conv/conv_0172/csynth.xml,reports/conv/conv_0172/export_impl.xml,reports/conv/conv_0172/power_routed.rpt,NO,
conv_0173,16,56,56,16,3,1,1,False,group_conv2d,2,sigmoid,YES,YES,YES,configs/conv/conv_0173.json,reports/conv/conv_0173/csynth.xml,reports/conv/conv_0173/export_impl.xml,reports/conv/conv_0173/power_routed.rpt,NO,
conv_0174,16,56,56,16,3,1,1,False,group_conv2d,4,sigmoid,YES,YES,YES,configs/conv/conv_0174.json,reports/conv/conv_0174/csynth.xml,reports/conv/conv_0174/export_impl.xml,reports/conv/conv_0174/power_routed.rpt,NO,
conv_0175,16,56,56,16,3,1,1,True,conv2d,,tanh,YES,YES,YES,configs/conv/conv_0175.json,reports/conv/conv_0175/csynth.xml,reports/conv/conv_0175/export_impl.xml,reports/conv/conv_0175/power_routed.rpt,NO,
conv_0176,16,56,56,16,3,1,1,True,group_conv2d,2,tanh,YES,YES,YES,configs/conv/conv_0176.json,reports/conv/conv_0176/csynth.xml,reports/conv/conv_0176/export_impl.xml,reports/conv/conv_0176/power_routed.rpt,NO,
conv_0177,16,56,56,16,3,1,1,True,group_conv2d,4,tanh,YES,YES,YES,configs/conv/conv_0177.json,reports/conv/conv_0177/csynth.xml,reports/conv/conv_0177/export_impl.xml,reports/conv/conv_0177/power_routed.rpt,NO,
conv_0178,16,56,56,16,3,1,1,False,conv2d,,tanh,YES,YES,YES,configs/conv/conv_0178.json,reports/conv/conv_0178/csynth.xml,reports/conv/conv_0178/export_impl.xml,reports/conv/conv_0178/power_routed.rpt,NO,
conv_0179,16,56,56,16,3,1,1,False,group_conv2d,2,tanh,YES,YES,YES,configs/conv/conv_0179.json,reports/conv/conv_0179/csynth.xml,reports/conv/conv_0179/export_impl.xml,reports/conv/conv_0179/power_routed.rpt,NO,
conv_0180,16,56,56,16,3,1,1,False,group_conv2d,4,tanh,YES,YES,YES,configs/conv/conv_0180.json,reports/conv/conv_0180/csynth.xml,reports/conv/conv_0180/export_impl.xml,reports/conv/conv_0180/power_routed.rpt,NO,
conv_0181,16,56,56,16,3,1,4,True,conv2d,,relu,YES,YES,NO,configs/conv/conv_0181.json,reports/conv/conv_0181/csynth.xml,,,NO,
conv_0182,16,56,56,16,3,1,4,True,group_conv2d,2,relu,YES,YES,NO,configs/conv/conv_0182.json,reports/conv/conv_0182/csynth.xml,,,NO,
conv_0183,16,56,56,16,3,1,4,True,group_conv2d,4,relu,YES,YES,YES,configs/conv/conv_0183.json,reports/conv/conv_0183/csynth.xml,reports/conv/conv_0183/export_impl.xml,reports/conv/conv_0183/power_routed.rpt,NO,
conv_0184,16,56,56,16,3,1,4,False,conv2d,,relu,YES,YES,NO,configs/conv/conv_0184.json,reports/conv/conv_0184/csynth.xml,,,NO,
conv_0185,16,56,56,16,3,1,4,False,group_conv2d,2,relu,YES,YES,NO,configs/conv/conv_0185.json,reports/conv/conv_0185/csynth.xml,,,NO,
conv_0186,16,56,56,16,3,1,4,False,group_conv2d,4,relu,YES,YES,YES,configs/conv/conv_0186.json,reports/conv/conv_0186/csynth.xml,reports/conv/conv_0186/export_impl.xml,reports/conv/conv_0186/power_routed.rpt,NO,
conv_0187,16,56,56,16,3,1,4,True,conv2d,,sigmoid,YES,YES,NO,configs/conv/conv_0187.json,reports/conv/conv_0187/csynth.xml,,,NO,
conv_0188,16,56,56,16,3,1,4,True,group_conv2d,2,sigmoid,YES,YES,NO,configs/conv/conv_0188.json,reports/conv/conv_0188/csynth.xml,,,NO,
conv_0189,16,56,56,16,3,1,4,True,group_conv2d,4,sigmoid,YES,YES,NO,configs/conv/conv_0189.json,reports/conv/conv_0189/csynth.xml,,,NO,
conv_0190,16,56,56,16,3,1,4,False,conv2d,,sigmoid,YES,YES,NO,configs/conv/conv_0190.json,reports/conv/conv_0190/csynth.xml,,,NO,
conv_0191,16,56,56,16,3,1,4,False,group_conv2d,2,sigmoid,YES,YES,NO,configs/conv/conv_0191.json,reports/conv/conv_0191/csynth.xml,,,NO,
conv_0192,16,56,56,16,3,1,4,False,group_conv2d,4,sigmoid,YES,YES,NO,configs/conv/conv_0192.json,reports/conv/conv_0192/csynth.xml,,,NO,
conv_0193,16,56,56,16,3,1,4,True,conv2d,,tanh,YES,YES,NO,configs/conv/conv_0193.json,reports/conv/conv_0193/csynth.xml,,,NO,
conv_0194,16,56,56,16,3,1,4,True,group_conv2d,2,tanh,YES,YES,NO,configs/conv/conv_0194.json,reports/conv/conv_0194/csynth.xml,,,NO,
conv_0195,16,56,56,16,3,1,4,True,group_conv2d,4,tanh,YES,YES,NO,configs/conv/conv_0195.json,reports/conv/conv_0195/csynth.xml,,,NO,
conv_0196,16,56,56,16,3,1,4,False,conv2d,,tanh,YES,YES,NO,configs/conv/conv_0196.json,reports/conv/conv_0196/csynth.xml,,,NO,
conv_0197,16,56,56,16,3,1,4,False,group_conv2d,2,tanh,YES,YES,NO,configs/conv/conv_0197.json,reports/conv/conv_0197/csynth.xml,,,NO,
conv_0198,16,56,56,16,3,1,4,False,group_conv2d,4,tanh,YES,YES,NO,configs/conv/conv_0198.json,reports/conv/conv_0198/csynth.xml,,,NO,
conv_0199,16,56,56,16,3,1,8,True,conv2d,,relu,YES,YES,NO,configs/conv/conv_0199.json,reports/conv/conv_0199/csynth.xml,,,NO,
conv_0200,16,56,56,16,3,1,8,True,group_conv2d,2,relu,YES,YES,NO,configs/conv/conv_0200.json,reports/conv/conv_0200/csynth.xml,,,NO,
conv_0201,16,56,56,16,3,1,8,True,group_conv2d,4,relu,YES,YES,NO,configs/conv/conv_0201.json,reports/conv/conv_0201/csynth.xml,,,NO,
conv_0202,16,56,56,16,3,1,8,False,conv2d,,relu,YES,YES,NO,configs/conv/conv_0202.json,reports/conv/conv_0202/csynth.xml,,,NO,
conv_0203,16,56,56,16,3,1,8,False,group_conv2d,2,relu,YES,YES,NO,configs/conv/conv_0203.json,reports/conv/conv_0203/csynth.xml,,,NO,
conv_0204,16,56,56,16,3,1,8,False,group_conv2d,4,relu,YES,YES,YES,configs/conv/conv_0204.json,reports/conv/conv_0204/csynth.xml,reports/conv/conv_0204/export_impl.xml,reports/conv/conv_0204/power_routed.rpt,NO,
conv_0205,16,56,56,16,3,1,8,True,conv2d,,sigmoid,YES,YES,NO,configs/conv/conv_0205.json,reports/conv/conv_0205/csynth.xml,,,NO,
conv_0206,16,56,56,16,3,1,8,True,group_conv2d,2,sigmoid,YES,YES,NO,configs/conv/conv_0206.json,reports/conv/conv_0206/csynth.xml,,,NO,
conv_0207,16,56,56,16,3,1,8,True,group_conv2d,4,sigmoid,YES,YES,NO,configs/conv/conv_0207.json,reports/conv/conv_0207/csynth.xml,,,NO,
conv_0208,16,56,56,16,3,1,8,False,conv2d,,sigmoid,YES,YES,NO,configs/conv/conv_0208.json,reports/conv/conv_0208/csynth.xml,,,NO,
conv_0209,16,56,56,16,3,1,8,False,group_conv2d,2,sigmoid,YES,YES,NO,configs/conv/conv_0209.json,reports/conv/conv_0209/csynth.xml,,,NO,
conv_0210,16,56,56,16,3,1,8,False,group_conv2d,4,sigmoid,YES,YES,NO,configs/conv/conv_0210.json,reports/conv/conv_0210/csynth.xml,,,NO,
conv_0211,16,56,56,16,3,1,8,True,conv2d,,tanh,YES,YES,NO,configs/conv/conv_0211.json,reports/conv/conv_0211/csynth.xml,,,NO,
conv_0212,16,56,56,16,3,1,8,True,group_conv2d,2,tanh,YES,YES,NO,configs/conv/conv_0212.json,reports/conv/conv_0212/csynth.xml,,,NO,
conv_0213,16,56,56,16,3,1,8,True,group_conv2d,4,tanh,YES,YES,NO,configs/conv/conv_0213.json,reports/conv/conv_0213/csynth.xml,,,NO,
conv_0214,16,56,56,16,3,1,8,False,conv2d,,tanh,YES,YES,NO,configs/conv/conv_0214.json,reports/conv/conv_0214/csynth.xml,,,NO,
conv_0215,16,56,56,16,3,1,8,False,group_conv2d,2,tanh,YES,YES,NO,configs/conv/conv_0215.json,reports/conv/conv_0215/csynth.xml,,,NO,
conv_0216,16,56,56,16,3,1,8,False,group_conv2d,4,tanh,YES,YES,NO,configs/conv/conv_0216.json,reports/conv/conv_0216/csynth.xml,,,NO,
conv_0217,16,56,56,16,3,4,1,True,conv2d,,relu,YES,YES,NO,configs/conv/conv_0217.json,reports/conv/conv_0217/csynth.xml,,,NO,
conv_0218,16,56,56,16,3,4,1,True,group_conv2d,2,relu,YES,YES,NO,configs/conv/conv_0218.json,reports/conv/conv_0218/csynth.xml,,,NO,
conv_0219,16,56,56,16,3,4,1,True,group_conv2d,4,relu,YES,YES,NO,configs/conv/conv_0219.json,reports/conv/conv_0219/csynth.xml,,,NO,
conv_0220,16,56,56,16,3,4,1,False,conv2d,,relu,YES,YES,NO,configs/conv/conv_0220.json,reports/conv/conv_0220/csynth.xml,,,NO,
conv_0221,16,56,56,16,3,4,1,False,group_conv2d,2,relu,YES,YES,NO,configs/conv/conv_0221.json,reports/conv/conv_0221/csynth.xml,,,NO,
conv_0222,16,56,56,16,3,4,1,False,group_conv2d,4,relu,YES,YES,NO,configs/conv/conv_0222.json,reports/conv/conv_0222/csynth.xml,,,NO,
conv_0223,16,56,56,16,3,4,1,True,conv2d,,sigmoid,YES,YES,NO,configs/conv/conv_0223.json,reports/conv/conv_0223/csynth.xml,,,NO,
conv_0224,16,56,56,16,3,4,1,True,group_conv2d,2,sigmoid,YES,YES,NO,configs/conv/conv_0224.json,reports/conv/conv_0224/csynth.xml,,,NO,
conv_0225,16,56,56,16,3,4,1,True,group_conv2d,4,sigmoid,YES,YES,NO,configs/conv/conv_0225.json,reports/conv/conv_0225/csynth.xml,,,NO,
conv_0226,16,56,56,16,3,4,1,False,conv2d,,sigmoid,YES,YES,NO,configs/conv/conv_0226.json,reports/conv/conv_0226/csynth.xml,,,NO,
conv_0227,16,56,56,16,3,4,1,False,group_conv2d,2,sigmoid,YES,YES,NO,configs/conv/conv_0227.json,reports/conv/conv_0227/csynth.xml,,,NO,
conv_0228,16,56,56,16,3,4,1,False,group_conv2d,4,sigmoid,YES,YES,NO,configs/conv/conv_0228.json,reports/conv/conv_0228/csynth.xml,,,NO,
conv_0229,16,56,56,16,3,4,1,True,conv2d,,tanh,YES,YES,NO,configs/conv/conv_0229.json,reports/conv/conv_0229/csynth.xml,,,NO,
conv_0230,16,56,56,16,3,4,1,True,group_conv2d,2,tanh,YES,YES,YES,configs/conv/conv_0230.json,reports/conv/conv_0230/csynth.xml,reports/conv/conv_0230/export_impl.xml,reports/conv/conv_0230/power_routed.rpt,NO,
conv_0231,16,56,56,16,3,4,1,True,group_conv2d,4,tanh,YES,YES,NO,configs/conv/conv_0231.json,reports/conv/conv_0231/csynth.xml,,,NO,
conv_0232,16,56,56,16,3,4,1,False,conv2d,,tanh,YES,YES,NO,configs/conv/conv_0232.json,reports/conv/conv_0232/csynth.xml,,,NO,
conv_0233,16,56,56,16,3,4,1,False,group_conv2d,2,tanh,YES,YES,YES,configs/conv/conv_0233.json,reports/conv/conv_0233/csynth.xml,reports/conv/conv_0233/export_impl.xml,reports/conv/conv_0233/power_routed.rpt,NO,
conv_0234,16,56,56,16,3,4,1,False,group_conv2d,4,tanh,YES,YES,NO,configs/conv/conv_0234.json,reports/conv/conv_0234/csynth.xml,,,NO,
conv_0235,16,56,56,16,3,4,4,True,conv2d,,relu,YES,YES,NO,configs/conv/conv_0235.json,reports/conv/conv_0235/csynth.xml,,,NO,
conv_0236,16,56,56,16,3,4,4,True,group_conv2d,2,relu,YES,YES,NO,configs/conv/conv_0236.json,reports/conv/conv_0236/csynth.xml,,,NO,
conv_0237,16,56,56,16,3,4,4,True,group_conv2d,4,relu,YES,YES,NO,configs/conv/conv_0237.json,reports/conv/conv_0237/csynth.xml,,,NO,
conv_0238,16,56,56,16,3,4,4,False,conv2d,,relu,YES,YES,NO,configs/conv/conv_0238.json,reports/conv/conv_0238/csynth.xml,,,NO,
conv_0239,16,56,56,16,3,4,4,False,group_conv2d,2,relu,YES,YES,NO,configs/conv/conv_0239.json,reports/conv/conv_0239/csynth.xml,,,NO,
conv_0240,16,56,56,16,3,4,4,False,group_conv2d,4,relu,YES,YES,NO,configs/conv/conv_0240.json,reports/conv/conv_0240/csynth.xml,,,NO,
conv_0241,16,56,56,16,3,4,4,True,conv2d,,sigmoid,YES,YES,NO,configs/conv/conv_0241.json,reports/conv/conv_0241/csynth.xml,,,NO,
conv_0242,16,56,56,16,3,4,4,True,group_conv2d,2,sigmoid,YES,YES,YES,configs/conv/conv_0242.json,reports/conv/conv_0242/csynth.xml,reports/conv/conv_0242/export_impl.xml,reports/conv/conv_0242/power_routed.rpt,NO,
conv_0243,16,56,56,16,3,4,4,True,group_conv2d,4,sigmoid,YES,YES,NO,configs/conv/conv_0243.json,reports/conv/conv_0243/csynth.xml,,,NO,
conv_0244,16,56,56,16,3,4,4,False,conv2d,,sigmoid,YES,YES,NO,configs/conv/conv_0244.json,reports/conv/conv_0244/csynth.xml,,,NO,
conv_0245,16,56,56,16,3,4,4,False,group_conv2d,2,sigmoid,YES,YES,NO,configs/conv/conv_0245.json,reports/conv/conv_0245/csynth.xml,,,NO,
conv_0246,16,56,56,16,3,4,4,False,group_conv2d,4,sigmoid,YES,YES,NO,configs/conv/conv_0246.json,reports/conv/conv_0246/csynth.xml,,,NO,
conv_0247,16,56,56,16,3,4,4,True,conv2d,,tanh,YES,YES,NO,configs/conv/conv_0247.json,reports/conv/conv_0247/csynth.xml,,,NO,
conv_0248,16,56,56,16,3,4,4,True,group_conv2d,2,tanh,YES,YES,NO,configs/conv/conv_0248.json,reports/conv/conv_0248/csynth.xml,,,NO,
conv_0249,16,56,56,16,3,4,4,True,group_conv2d,4,tanh,YES,YES,NO,configs/conv/conv_0249.json,reports/conv/conv_0249/csynth.xml,,,NO,
conv_0250,16,56,56,16,3,4,4,False,conv2d,,tanh,YES,YES,NO,configs/conv/conv_0250.json,reports/conv/conv_0250/csynth.xml,,,NO,
conv_0251,16,56,56,16,3,4,4,False,group_conv2d,2,tanh,YES,YES,YES,configs/conv/conv_0251.json,reports/conv/conv_0251/csynth.xml,reports/conv/conv_0251/export_impl.xml,reports/conv/conv_0251/power_routed.rpt,NO,
conv_0252,16,56,56,16,3,4,4,False,group_conv2d,4,tanh,YES,YES,NO,configs/conv/conv_0252.json,reports/conv/conv_0252/csynth.xml,,,NO,
conv_0253,16,56,56,16,3,4,8,True,conv2d,,relu,YES,YES,NO,configs/conv/conv_0253.json,reports/conv/conv_0253/csynth.xml,,,NO,
conv_0254,16,56,56,16,3,4,8,True,group_conv2d,2,relu,YES,YES,YES,configs/conv/conv_0254.json,reports/conv/conv_0254/csynth.xml,reports/conv/conv_0254/export_impl.xml,reports/conv/conv_0254/power_routed.rpt,NO,
conv_0255,16,56,56,16,3,4,8,True,group_conv2d,4,relu,YES,YES,NO,configs/conv/conv_0255.json,reports/conv/conv_0255/csynth.xml,,,NO,
conv_0256,16,56,56,16,3,4,8,False,conv2d,,relu,YES,YES,NO,configs/conv/conv_0256.json,reports/conv/conv_0256/csynth.xml,,,NO,
conv_0257,16,56,56,16,3,4,8,False,group_conv2d,2,relu,YES,YES,NO,configs/conv/conv_0257.json,reports/conv/conv_0257/csynth.xml,,,NO,
conv_0258,16,56,56,16,3,4,8,False,group_conv2d,4,relu,YES,YES,NO,configs/conv/conv_0258.json,reports/conv/conv_0258/csynth.xml,,,NO,
conv_0259,16,56,56,16,3,4,8,True,conv2d,,sigmoid,YES,YES,NO,configs/conv/conv_0259.json,reports/conv/conv_0259/csynth.xml,,,NO,
conv_0260,16,56,56,16,3,4,8,True,group_conv2d,2,sigmoid,YES,YES,NO,configs/conv/conv_0260.json,reports/conv/conv_0260/csynth.xml,,,NO,
conv_0261,16,56,56,16,3,4,8,True,group_conv2d,4,sigmoid,YES,YES,NO,configs/conv/conv_0261.json,reports/conv/conv_0261/csynth.xml,,,NO,
conv_0262,16,56,56,16,3,4,8,False,conv2d,,sigmoid,YES,YES,NO,configs/conv/conv_0262.json,reports/conv/conv_0262/csynth.xml,,,NO,
conv_0263,16,56,56,16,3,4,8,False,group_conv2d,2,sigmoid,YES,YES,NO,configs/conv/conv_0263.json,reports/conv/conv_0263/csynth.xml,,,NO,
conv_0264,16,56,56,16,3,4,8,False,group_conv2d,4,sigmoid,YES,YES,NO,configs/conv/conv_0264.json,reports/conv/conv_0264/csynth.xml,,,NO,
conv_0265,16,56,56,16,3,4,8,True,conv2d,,tanh,YES,YES,NO,configs/conv/conv_0265.json,reports/conv/conv_0265/csynth.xml,,,NO,
conv_0266,16,56,56,16,3,4,8,True,group_conv2d,2,tanh,YES,YES,NO,configs/conv/conv_0266.json,reports/conv/conv_0266/csynth.xml,,,NO,
conv_0267,16,56,56,16,3,4,8,True,group_conv2d,4,tanh,YES,YES,NO,configs/conv/conv_0267.json,reports/conv/conv_0267/csynth.xml,,,NO,
conv_0268,16,56,56,16,3,4,8,False,conv2d,,tanh,YES,YES,NO,configs/conv/conv_0268.json,reports/conv/conv_0268/csynth.xml,,,NO,
conv_0269,16,56,56,16,3,4,8,False,group_conv2d,2,tanh,YES,YES,NO,configs/conv/conv_0269.json,reports/conv/conv_0269/csynth.xml,,,NO,
conv_0270,16,56,56,16,3,4,8,False,group_conv2d,4,tanh,YES,YES,NO,configs/conv/conv_0270.json,reports/conv/conv_0270/csynth.xml,,,NO,
conv_0271,16,56,56,16,3,8,1,True,conv2d,,relu,YES,YES,NO,configs/conv/conv_0271.json,reports/conv/conv_0271/csynth.xml,,,NO,
conv_0272,16,56,56,16,3,8,1,True,group_conv2d,2,relu,YES,YES,NO,configs/conv/conv_0272.json,reports/conv/conv_0272/csynth.xml,,,NO,
conv_0273,16,56,56,16,3,8,1,True,group_conv2d,4,relu,YES,YES,NO,configs/conv/conv_0273.json,reports/conv/conv_0273/csynth.xml,,,NO,
conv_0274,16,56,56,16,3,8,1,False,conv2d,,relu,YES,YES,NO,configs/conv/conv_0274.json,reports/conv/conv_0274/csynth.xml,,,NO,
conv_0275,16,56,56,16,3,8,1,False,group_conv2d,2,relu,YES,YES,NO,configs/conv/conv_0275.json,reports/conv/conv_0275/csynth.xml,,,NO,
conv_0276,16,56,56,16,3,8,1,False,group_conv2d,4,relu,YES,YES,NO,configs/conv/conv_0276.json,reports/conv/conv_0276/csynth.xml,,,NO,
conv_0277,16,56,56,16,3,8,1,True,conv2d,,sigmoid,YES,YES,NO,configs/conv/conv_0277.json,reports/conv/conv_0277/csynth.xml,,,NO,
conv_0278,16,56,56,16,3,8,1,True,group_conv2d,2,sigmoid,YES,YES,NO,configs/conv/conv_0278.json,reports/conv/conv_0278/csynth.xml,,,NO,
conv_0279,16,56,56,16,3,8,1,True,group_conv2d,4,sigmoid,YES,YES,NO,configs/conv/conv_0279.json,reports/conv/conv_0279/csynth.xml,,,NO,
conv_0280,16,56,56,16,3,8,1,False,conv2d,,sigmoid,YES,YES,NO,configs/conv/conv_0280.json,reports/conv/conv_0280/csynth.xml,,,NO,
conv_0281,16,56,56,16,3,8,1,False,group_conv2d,2,sigmoid,YES,YES,NO,configs/conv/conv_0281.json,reports/conv/conv_0281/csynth.xml,,,NO,
conv_0282,16,56,56,16,3,8,1,False,group_conv2d,4,sigmoid,YES,YES,NO,configs/conv/conv_0282.json,reports/conv/conv_0282/csynth.xml,,,NO,
conv_0283,16,56,56,16,3,8,1,True,conv2d,,tanh,YES,YES,NO,configs/conv/conv_0283.json,reports/conv/conv_0283/csynth.xml,,,NO,
conv_0284,16,56,56,16,3,8,1,True,group_conv2d,2,tanh,YES,YES,NO,configs/conv/conv_0284.json,reports/conv/conv_0284/csynth.xml,,,NO,
conv_0285,16,56,56,16,3,8,1,True,group_conv2d,4,tanh,YES,YES,NO,configs/conv/conv_0285.json,reports/conv/conv_0285/csynth.xml,,,NO,
conv_0286,16,56,56,16,3,8,1,False,conv2d,,tanh,YES,YES,NO,configs/conv/conv_0286.json,reports/conv/conv_0286/csynth.xml,,,NO,
conv_0287,16,56,56,16,3,8,1,False,group_conv2d,2,tanh,YES,YES,NO,configs/conv/conv_0287.json,reports/conv/conv_0287/csynth.xml,,,NO,
conv_0288,16,56,56,16,3,8,1,False,group_conv2d,4,tanh,YES,YES,NO,configs/conv/conv_0288.json,reports/conv/conv_0288/csynth.xml,,,NO,
conv_0289,16,56,56,16,3,8,4,True,conv2d,,relu,YES,YES,NO,configs/conv/conv_0289.json,reports/conv/conv_0289/csynth.xml,,,NO,
conv_0290,16,56,56,16,3,8,4,True,group_conv2d,2,relu,YES,YES,NO,configs/conv/conv_0290.json,reports/conv/conv_0290/csynth.xml,,,NO,
conv_0291,16,56,56,16,3,8,4,True,group_conv2d,4,relu,YES,YES,NO,configs/conv/conv_0291.json,reports/conv/conv_0291/csynth.xml,,,NO,
conv_0292,16,56,56,16,3,8,4,False,conv2d,,relu,YES,YES,YES,configs/conv/conv_0292.json,reports/conv/conv_0292/csynth.xml,reports/conv/conv_0292/export_impl.xml,reports/conv/conv_0292/power_routed.rpt,NO,
conv_0293,16,56,56,16,3,8,4,False,group_conv2d,2,relu,YES,YES,NO,configs/conv/conv_0293.json,reports/conv/conv_0293/csynth.xml,,,NO,
conv_0294,16,56,56,16,3,8,4,False,group_conv2d,4,relu,YES,YES,NO,configs/conv/conv_0294.json,reports/conv/conv_0294/csynth.xml,,,NO,
conv_0295,16,56,56,16,3,8,4,True,conv2d,,sigmoid,YES,YES,NO,configs/conv/conv_0295.json,reports/conv/conv_0295/csynth.xml,,,NO,
conv_0296,16,56,56,16,3,8,4,True,group_conv2d,2,sigmoid,YES,YES,NO,configs/conv/conv_0296.json,reports/conv/conv_0296/csynth.xml,,,NO,
conv_0297,16,56,56,16,3,8,4,True,group_conv2d,4,sigmoid,YES,YES,NO,configs/conv/conv_0297.json,reports/conv/conv_0297/csynth.xml,,,NO,
conv_0298,16,56,56,16,3,8,4,False,conv2d,,sigmoid,YES,YES,NO,configs/conv/conv_0298.json,reports/conv/conv_0298/csynth.xml,,,NO,
conv_0299,16,56,56,16,3,8,4,False,group_conv2d,2,sigmoid,YES,YES,NO,configs/conv/conv_0299.json,reports/conv/conv_0299/csynth.xml,,,NO,
conv_0300,16,56,56,16,3,8,4,False,group_conv2d,4,sigmoid,YES,YES,NO,configs/conv/conv_0300.json,reports/conv/conv_0300/csynth.xml,,,NO,
conv_0301,16,56,56,16,3,8,4,True,conv2d,,tanh,YES,YES,NO,configs/conv/conv_0301.json,reports/conv/conv_0301/csynth.xml,,,NO,
conv_0302,16,56,56,16,3,8,4,True,group_conv2d,2,tanh,YES,YES,NO,configs/conv/conv_0302.json,reports/conv/conv_0302/csynth.xml,,,NO,
conv_0303,16,56,56,16,3,8,4,True,group_conv2d,4,tanh,YES,YES,NO,configs/conv/conv_0303.json,reports/conv/conv_0303/csynth.xml,,,NO,
conv_0304,16,56,56,16,3,8,4,False,conv2d,,tanh,YES,YES,NO,configs/conv/conv_0304.json,reports/conv/conv_0304/csynth.xml,,,NO,
conv_0305,16,56,56,16,3,8,4,False,group_conv2d,2,tanh,YES,YES,NO,configs/conv/conv_0305.json,reports/conv/conv_0305/csynth.xml,,,NO,
conv_0306,16,56,56,16,3,8,4,False,group_conv2d,4,tanh,YES,YES,NO,configs/conv/conv_0306.json,reports/conv/conv_0306/csynth.xml,,,NO,
conv_0307,16,56,56,16,3,8,8,True,conv2d,,relu,YES,YES,NO,configs/conv/conv_0307.json,reports/conv/conv_0307/csynth.xml,,,NO,
conv_0308,16,56,56,16,3,8,8,True,group_conv2d,2,relu,YES,YES,NO,configs/conv/conv_0308.json,reports/conv/conv_0308/csynth.xml,,,NO,
conv_0309,16,56,56,16,3,8,8,True,group_conv2d,4,relu,YES,YES,NO,configs/conv/conv_0309.json,reports/conv/conv_0309/csynth.xml,,,NO,
conv_0310,16,56,56,16,3,8,8,False,conv2d,,relu,YES,YES,NO,configs/conv/conv_0310.json,reports/conv/conv_0310/csynth.xml,,,NO,
conv_0311,16,56,56,16,3,8,8,False,group_conv2d,2,relu,YES,YES,NO,configs/conv/conv_0311.json,reports/conv/conv_0311/csynth.xml,,,NO,
conv_0312,16,56,56,16,3,8,8,False,group_conv2d,4,relu,YES,YES,YES,configs/conv/conv_0312.json,reports/conv/conv_0312/csynth.xml,reports/conv/conv_0312/export_impl.xml,reports/conv/conv_0312/power_routed.rpt,NO,
conv_0313,16,56,56,16,3,8,8,True,conv2d,,sigmoid,YES,YES,NO,configs/conv/conv_0313.json,reports/conv/conv_0313/csynth.xml,,,NO,
conv_0314,16,56,56,16,3,8,8,True,group_conv2d,2,sigmoid,YES,YES,NO,configs/conv/conv_0314.json,reports/conv/conv_0314/csynth.xml,,,NO,
conv_0315,16,56,56,16,3,8,8,True,group_conv2d,4,sigmoid,YES,YES,NO,configs/conv/conv_0315.json,reports/conv/conv_0315/csynth.xml,,,NO,
conv_0316,16,56,56,16,3,8,8,False,conv2d,,sigmoid,YES,YES,NO,configs/conv/conv_0316.json,reports/conv/conv_0316/csynth.xml,,,NO,
conv_0317,16,56,56,16,3,8,8,False,group_conv2d,2,sigmoid,YES,YES,NO,configs/conv/conv_0317.json,reports/conv/conv_0317/csynth.xml,,,NO,
conv_0318,16,56,56,16,3,8,8,False,group_conv2d,4,sigmoid,YES,YES,NO,configs/conv/conv_0318.json,reports/conv/conv_0318/csynth.xml,,,NO,
conv_0319,16,56,56,16,3,8,8,True,conv2d,,tanh,YES,YES,NO,configs/conv/conv_0319.json,reports/conv/conv_0319/csynth.xml,,,NO,
conv_0320,16,56,56,16,3,8,8,True,group_conv2d,2,tanh,YES,YES,NO,configs/conv/conv_0320.json,reports/conv/conv_0320/csynth.xml,,,NO,
conv_0321,16,56,56,16,3,8,8,True,group_conv2d,4,tanh,YES,YES,NO,configs/conv/conv_0321.json,reports/conv/conv_0321/csynth.xml,,,NO,
conv_0322,16,56,56,16,3,8,8,False,conv2d,,tanh,YES,YES,NO,configs/conv/conv_0322.json,reports/conv/conv_0322/csynth.xml,,,NO,
conv_0323,16,56,56,16,3,8,8,False,group_conv2d,2,tanh,YES,YES,NO,configs/conv/conv_0323.json,reports/conv/conv_0323/csynth.xml,,,NO,
conv_0324,16,56,56,16,3,8,8,False,group_conv2d,4,tanh,YES,YES,NO,configs/conv/conv_0324.json,reports/conv/conv_0324/csynth.xml,,,NO,
conv_0325,16,56,56,32,1,1,1,True,conv2d,,relu,YES,YES,YES,configs/conv/conv_0325.json,reports/conv/conv_0325/csynth.xml,reports/conv/conv_0325/export_impl.xml,reports/conv/conv_0325/power_routed.rpt,NO,
conv_0326,16,56,56,32,1,1,1,True,group_conv2d,2,relu,YES,YES,YES,configs/conv/conv_0326.json,reports/conv/conv_0326/csynth.xml,reports/conv/conv_0326/export_impl.xml,reports/conv/conv_0326/power_routed.rpt,NO,
conv_0327,16,56,56,32,1,1,1,True,group_conv2d,4,relu,YES,YES,YES,configs/conv/conv_0327.json,reports/conv/conv_0327/csynth.xml,reports/conv/conv_0327/export_impl.xml,reports/conv/conv_0327/power_routed.rpt,NO,
conv_0328,16,56,56,32,1,1,1,False,conv2d,,relu,YES,YES,YES,configs/conv/conv_0328.json,reports/conv/conv_0328/csynth.xml,reports/conv/conv_0328/export_impl.xml,reports/conv/conv_0328/power_routed.rpt,NO,
conv_0329,16,56,56,32,1,1,1,False,group_conv2d,2,relu,YES,YES,YES,configs/conv/conv_0329.json,reports/conv/conv_0329/csynth.xml,reports/conv/conv_0329/export_impl.xml,reports/conv/conv_0329/power_routed.rpt,NO,
conv_0330,16,56,56,32,1,1,1,False,group_conv2d,4,relu,YES,YES,YES,configs/conv/conv_0330.json,reports/conv/conv_0330/csynth.xml,reports/conv/conv_0330/export_impl.xml,reports/conv/conv_0330/power_routed.rpt,NO,
conv_0331,16,56,56,32,1,1,1,True,conv2d,,sigmoid,YES,YES,YES,configs/conv/conv_0331.json,reports/conv/conv_0331/csynth.xml,reports/conv/conv_0331/export_impl.xml,reports/conv/conv_0331/power_routed.rpt,NO,
conv_0332,16,56,56,32,1,1,1,True,group_conv2d,2,sigmoid,YES,YES,YES,configs/conv/conv_0332.json,reports/conv/conv_0332/csynth.xml,reports/conv/conv_0332/export_impl.xml,reports/conv/conv_0332/power_routed.rpt,NO,
conv_0333,16,56,56,32,1,1,1,True,group_conv2d,4,sigmoid,YES,YES,YES,configs/conv/conv_0333.json,reports/conv/conv_0333/csynth.xml,reports/conv/conv_0333/export_impl.xml,reports/conv/conv_0333/power_routed.rpt,NO,
conv_0334,16,56,56,32,1,1,1,False,conv2d,,sigmoid,YES,YES,YES,configs/conv/conv_0334.json,reports/conv/conv_0334/csynth.xml,reports/conv/conv_0334/export_impl.xml,reports/conv/conv_0334/power_routed.rpt,NO,
conv_0335,16,56,56,32,1,1,1,False,group_conv2d,2,sigmoid,YES,YES,YES,configs/conv/conv_0335.json,reports/conv/conv_0335/csynth.xml,reports/conv/conv_0335/export_impl.xml,reports/conv/conv_0335/power_routed.rpt,NO,
conv_0336,16,56,56,32,1,1,1,False,group_conv2d,4,sigmoid,YES,YES,YES,configs/conv/conv_0336.json,reports/conv/conv_0336/csynth.xml,reports/conv/conv_0336/export_impl.xml,reports/conv/conv_0336/power_routed.rpt,NO,
conv_0337,16,56,56,32,1,1,1,True,conv2d,,tanh,YES,YES,YES,configs/conv/conv_0337.json,reports/conv/conv_0337/csynth.xml,reports/conv/conv_0337/export_impl.xml,reports/conv/conv_0337/power_routed.rpt,NO,
conv_0338,16,56,56,32,1,1,1,True,group_conv2d,2,tanh,YES,YES,YES,configs/conv/conv_0338.json,reports/conv/conv_0338/csynth.xml,reports/conv/conv_0338/export_impl.xml,reports/conv/conv_0338/power_routed.rpt,NO,
conv_0339,16,56,56,32,1,1,1,True,group_conv2d,4,tanh,YES,YES,YES,configs/conv/conv_0339.json,reports/conv/conv_0339/csynth.xml,reports/conv/conv_0339/export_impl.xml,reports/conv/conv_0339/power_routed.rpt,NO,
conv_0340,16,56,56,32,1,1,1,False,conv2d,,tanh,YES,YES,YES,configs/conv/conv_0340.json,reports/conv/conv_0340/csynth.xml,reports/conv/conv_0340/export_impl.xml,reports/conv/conv_0340/power_routed.rpt,NO,
conv_0341,16,56,56,32,1,1,1,False,group_conv2d,2,tanh,YES,YES,YES,configs/conv/conv_0341.json,reports/conv/conv_0341/csynth.xml,reports/conv/conv_0341/export_impl.xml,reports/conv/conv_0341/power_routed.rpt,NO,
conv_0342,16,56,56,32,1,1,1,False,group_conv2d,4,tanh,YES,YES,YES,configs/conv/conv_0342.json,reports/conv/conv_0342/csynth.xml,reports/conv/conv_0342/export_impl.xml,reports/conv/conv_0342/power_routed.rpt,NO,
conv_0343,16,56,56,32,1,1,4,True,conv2d,,relu,YES,YES,NO,configs/conv/conv_0343.json,reports/conv/conv_0343/csynth.xml,,,NO,
conv_0344,16,56,56,32,1,1,4,True,group_conv2d,2,relu,YES,YES,YES,configs/conv/conv_0344.json,reports/conv/conv_0344/csynth.xml,reports/conv/conv_0344/export_impl.xml,reports/conv/conv_0344/power_routed.rpt,NO,
conv_0345,16,56,56,32,1,1,4,True,group_conv2d,4,relu,YES,YES,NO,configs/conv/conv_0345.json,reports/conv/conv_0345/csynth.xml,,,NO,
conv_0346,16,56,56,32,1,1,4,False,conv2d,,relu,YES,YES,NO,configs/conv/conv_0346.json,reports/conv/conv_0346/csynth.xml,,,NO,
conv_0347,16,56,56,32,1,1,4,False,group_conv2d,2,relu,YES,YES,NO,configs/conv/conv_0347.json,reports/conv/conv_0347/csynth.xml,,,NO,
conv_0348,16,56,56,32,1,1,4,False,group_conv2d,4,relu,YES,YES,NO,configs/conv/conv_0348.json,reports/conv/conv_0348/csynth.xml,,,NO,
conv_0349,16,56,56,32,1,1,4,True,conv2d,,sigmoid,YES,YES,NO,configs/conv/conv_0349.json,reports/conv/conv_0349/csynth.xml,,,NO,
conv_0350,16,56,56,32,1,1,4,True,group_conv2d,2,sigmoid,YES,YES,NO,configs/conv/conv_0350.json,reports/conv/conv_0350/csynth.xml,,,NO,
conv_0351,16,56,56,32,1,1,4,True,group_conv2d,4,sigmoid,YES,YES,NO,configs/conv/conv_0351.json,reports/conv/conv_0351/csynth.xml,,,NO,
conv_0352,16,56,56,32,1,1,4,False,conv2d,,sigmoid,YES,YES,NO,configs/conv/conv_0352.json,reports/conv/conv_0352/csynth.xml,,,NO,
conv_0353,16,56,56,32,1,1,4,False,group_conv2d,2,sigmoid,YES,YES,YES,configs/conv/conv_0353.json,reports/conv/conv_0353/csynth.xml,reports/conv/conv_0353/export_impl.xml,reports/conv/conv_0353/power_routed.rpt,NO,
conv_0354,16,56,56,32,1,1,4,False,group_conv2d,4,sigmoid,YES,YES,NO,configs/conv/conv_0354.json,reports/conv/conv_0354/csynth.xml,,,NO,
conv_0355,16,56,56,32,1,1,4,True,conv2d,,tanh,YES,YES,NO,configs/conv/conv_0355.json,reports/conv/conv_0355/csynth.xml,,,NO,
conv_0356,16,56,56,32,1,1,4,True,group_conv2d,2,tanh,YES,YES,NO,configs/conv/conv_0356.json,reports/conv/conv_0356/csynth.xml,,,NO,
conv_0357,16,56,56,32,1,1,4,True,group_conv2d,4,tanh,YES,YES,NO,configs/conv/conv_0357.json,reports/conv/conv_0357/csynth.xml,,,NO,
conv_0358,16,56,56,32,1,1,4,False,conv2d,,tanh,YES,YES,NO,configs/conv/conv_0358.json,reports/conv/conv_0358/csynth.xml,,,NO,
conv_0359,16,56,56,32,1,1,4,False,group_conv2d,2,tanh,YES,YES,NO,configs/conv/conv_0359.json,reports/conv/conv_0359/csynth.xml,,,NO,
conv_0360,16,56,56,32,1,1,4,False,group_conv2d,4,tanh,YES,YES,NO,configs/conv/conv_0360.json,reports/conv/conv_0360/csynth.xml,,,NO,
conv_0361,16,56,56,32,1,1,8,True,conv2d,,relu,YES,YES,NO,configs/conv/conv_0361.json,reports/conv/conv_0361/csynth.xml,,,NO,
conv_0362,16,56,56,32,1,1,8,True,group_conv2d,2,relu,YES,YES,YES,configs/conv/conv_0362.json,reports/conv/conv_0362/csynth.xml,reports/conv/conv_0362/export_impl.xml,reports/conv/conv_0362/power_routed.rpt,NO,
conv_0363,16,56,56,32,1,1,8,True,group_conv2d,4,relu,YES,YES,NO,configs/conv/conv_0363.json,reports/conv/conv_0363/csynth.xml,,,NO,
conv_0364,16,56,56,32,1,1,8,False,conv2d,,relu,YES,YES,NO,configs/conv/conv_0364.json,reports/conv/conv_0364/csynth.xml,,,NO,
conv_0365,16,56,56,32,1,1,8,False,group_conv2d,2,relu,YES,YES,NO,configs/conv/conv_0365.json,reports/conv/conv_0365/csynth.xml,,,NO,
conv_0366,16,56,56,32,1,1,8,False,group_conv2d,4,relu,YES,YES,NO,configs/conv/conv_0366.json,reports/conv/conv_0366/csynth.xml,,,NO,
conv_0367,16,56,56,32,1,1,8,True,conv2d,,sigmoid,YES,YES,NO,configs/conv/conv_0367.json,reports/conv/conv_0367/csynth.xml,,,NO,
conv_0368,16,56,56,32,1,1,8,True,group_conv2d,2,sigmoid,YES,YES,NO,configs/conv/conv_0368.json,reports/conv/conv_0368/csynth.xml,,,NO,
conv_0369,16,56,56,32,1,1,8,True,group_conv2d,4,sigmoid,YES,YES,NO,configs/conv/conv_0369.json,reports/conv/conv_0369/csynth.xml,,,NO,
conv_0370,16,56,56,32,1,1,8,False,conv2d,,sigmoid,YES,YES,NO,configs/conv/conv_0370.json,reports/conv/conv_0370/csynth.xml,,,NO,
conv_0371,16,56,56,32,1,1,8,False,group_conv2d,2,sigmoid,YES,YES,NO,configs/conv/conv_0371.json,reports/conv/conv_0371/csynth.xml,,,NO,
conv_0372,16,56,56,32,1,1,8,False,group_conv2d,4,sigmoid,YES,YES,NO,configs/conv/conv_0372.json,reports/conv/conv_0372/csynth.xml,,,NO,
conv_0373,16,56,56,32,1,1,8,True,conv2d,,tanh,YES,YES,NO,configs/conv/conv_0373.json,reports/conv/conv_0373/csynth.xml,,,NO,
conv_0374,16,56,56,32,1,1,8,True,group_conv2d,2,tanh,YES,YES,NO,configs/conv/conv_0374.json,reports/conv/conv_0374/csynth.xml,,,NO,
conv_0375,16,56,56,32,1,1,8,True,group_conv2d,4,tanh,YES,YES,NO,configs/conv/conv_0375.json,reports/conv/conv_0375/csynth.xml,,,NO,
conv_0376,16,56,56,32,1,1,8,False,conv2d,,tanh,YES,YES,NO,configs/conv/conv_0376.json,reports/conv/conv_0376/csynth.xml,,,NO,
conv_0377,16,56,56,32,1,1,8,False,group_conv2d,2,tanh,YES,YES,NO,configs/conv/conv_0377.json,reports/conv/conv_0377/csynth.xml,,,NO,
conv_0378,16,56,56,32,1,1,8,False,group_conv2d,4,tanh,YES,YES,NO,configs/conv/conv_0378.json,reports/conv/conv_0378/csynth.xml,,,NO,
conv_0379,16,56,56,32,1,4,1,True,conv2d,,relu,YES,YES,NO,configs/conv/conv_0379.json,reports/conv/conv_0379/csynth.xml,,,NO,
conv_0380,16,56,56,32,1,4,1,True,group_conv2d,2,relu,YES,YES,YES,configs/conv/conv_0380.json,reports/conv/conv_0380/csynth.xml,reports/conv/conv_0380/export_impl.xml,reports/conv/conv_0380/power_routed.rpt,NO,
conv_0381,16,56,56,32,1,4,1,True,group_conv2d,4,relu,YES,YES,NO,configs/conv/conv_0381.json,reports/conv/conv_0381/csynth.xml,,,NO,
conv_0382,16,56,56,32,1,4,1,False,conv2d,,relu,YES,YES,NO,configs/conv/conv_0382.json,reports/conv/conv_0382/csynth.xml,,,NO,
conv_0383,16,56,56,32,1,4,1,False,group_conv2d,2,relu,YES,YES,YES,configs/conv/conv_0383.json,reports/conv/conv_0383/csynth.xml,reports/conv/conv_0383/export_impl.xml,reports/conv/conv_0383/power_routed.rpt,NO,
conv_0384,16,56,56,32,1,4,1,False,group_conv2d,4,relu,YES,YES,NO,configs/conv/conv_0384.json,reports/conv/conv_0384/csynth.xml,,,NO,
conv_0385,16,56,56,32,1,4,1,True,conv2d,,sigmoid,YES,YES,NO,configs/conv/conv_0385.json,reports/conv/conv_0385/csynth.xml,,,NO,
conv_0386,16,56,56,32,1,4,1,True,group_conv2d,2,sigmoid,YES,YES,NO,configs/conv/conv_0386.json,reports/conv/conv_0386/csynth.xml,,,NO,
conv_0387,16,56,56,32,1,4,1,True,group_conv2d,4,sigmoid,YES,YES,NO,configs/conv/conv_0387.json,reports/conv/conv_0387/csynth.xml,,,NO,
conv_0388,16,56,56,32,1,4,1,False,conv2d,,sigmoid,YES,YES,NO,configs/conv/conv_0388.json,reports/conv/conv_0388/csynth.xml,,,NO,
conv_0389,16,56,56,32,1,4,1,False,group_conv2d,2,sigmoid,YES,YES,NO,configs/conv/conv_0389.json,reports/conv/conv_0389/csynth.xml,,,NO,
conv_0390,16,56,56,32,1,4,1,False,group_conv2d,4,sigmoid,YES,YES,NO,configs/conv/conv_0390.json,reports/conv/conv_0390/csynth.xml,,,NO,
conv_0391,16,56,56,32,1,4,1,True,conv2d,,tanh,YES,YES,NO,configs/conv/conv_0391.json,reports/conv/conv_0391/csynth.xml,,,NO,
conv_0392,16,56,56,32,1,4,1,True,group_conv2d,2,tanh,YES,YES,NO,configs/conv/conv_0392.json,reports/conv/conv_0392/csynth.xml,,,NO,
conv_0393,16,56,56,32,1,4,1,True,group_conv2d,4,tanh,YES,YES,NO,configs/conv/conv_0393.json,reports/conv/conv_0393/csynth.xml,,,NO,
conv_0394,16,56,56,32,1,4,1,False,conv2d,,tanh,YES,YES,NO,configs/conv/conv_0394.json,reports/conv/conv_0394/csynth.xml,,,NO,
conv_0395,16,56,56,32,1,4,1,False,group_conv2d,2,tanh,YES,YES,NO,configs/conv/conv_0395.json,reports/conv/conv_0395/csynth.xml,,,NO,
conv_0396,16,56,56,32,1,4,1,False,group_conv2d,4,tanh,YES,YES,NO,configs/conv/conv_0396.json,reports/conv/conv_0396/csynth.xml,,,NO,
conv_0397,16,56,56,32,1,4,4,True,conv2d,,relu,YES,YES,NO,configs/conv/conv_0397.json,reports/conv/conv_0397/csynth.xml,,,NO,
conv_0398,16,56,56,32,1,4,4,True,group_conv2d,2,relu,YES,YES,NO,configs/conv/conv_0398.json,reports/conv/conv_0398/csynth.xml,,,NO,
conv_0399,16,56,56,32,1,4,4,True,group_conv2d,4,relu,YES,YES,NO,configs/conv/conv_0399.json,reports/conv/conv_0399/csynth.xml,,,NO,
conv_0400,16,56,56,32,1,4,4,False,conv2d,,relu,YES,YES,NO,configs/conv/conv_0400.json,reports/conv/conv_0400/csynth.xml,,,NO,
conv_0401,16,56,56,32,1,4,4,False,group_conv2d,2,relu,YES,YES,NO,configs/conv/conv_0401.json,reports/conv/conv_0401/csynth.xml,,,NO,
conv_0402,16,56,56,32,1,4,4,False,group_conv2d,4,relu,YES,YES,NO,configs/conv/conv_0402.json,reports/conv/conv_0402/csynth.xml,,,NO,
conv_0403,16,56,56,32,1,4,4,True,conv2d,,sigmoid,YES,YES,NO,configs/conv/conv_0403.json,reports/conv/conv_0403/csynth.xml,,,NO,
conv_0404,16,56,56,32,1,4,4,True,group_conv2d,2,sigmoid,YES,YES,NO,configs/conv/conv_0404.json,reports/conv/conv_0404/csynth.xml,,,NO,
conv_0405,16,56,56,32,1,4,4,True,group_conv2d,4,sigmoid,YES,YES,NO,configs/conv/conv_0405.json,reports/conv/conv_0405/csynth.xml,,,NO,
conv_0406,16,56,56,32,1,4,4,False,conv2d,,sigmoid,YES,YES,NO,configs/conv/conv_0406.json,reports/conv/conv_0406/csynth.xml,,,NO,
conv_0407,16,56,56,32,1,4,4,False,group_conv2d,2,sigmoid,YES,YES,NO,configs/conv/conv_0407.json,reports/conv/conv_0407/csynth.xml,,,NO,
conv_0408,16,56,56,32,1,4,4,False,group_conv2d,4,sigmoid,YES,YES,NO,configs/conv/conv_0408.json,reports/conv/conv_0408/csynth.xml,,,NO,
conv_0409,16,56,56,32,1,4,4,True,conv2d,,tanh,YES,YES,YES,configs/conv/conv_0409.json,reports/conv/conv_0409/csynth.xml,reports/conv/conv_0409/export_impl.xml,reports/conv/conv_0409/power_routed.rpt,NO,
conv_0410,16,56,56,32,1,4,4,True,group_conv2d,2,tanh,YES,YES,NO,configs/conv/conv_0410.json,reports/conv/conv_0410/csynth.xml,,,NO,
conv_0411,16,56,56,32,1,4,4,True,group_conv2d,4,tanh,YES,YES,NO,configs/conv/conv_0411.json,reports/conv/conv_0411/csynth.xml,,,NO,
conv_0412,16,56,56,32,1,4,4,False,conv2d,,tanh,YES,YES,YES,configs/conv/conv_0412.json,reports/conv/conv_0412/csynth.xml,reports/conv/conv_0412/export_impl.xml,reports/conv/conv_0412/power_routed.rpt,NO,
conv_0413,16,56,56,32,1,4,4,False,group_conv2d,2,tanh,YES,YES,NO,configs/conv/conv_0413.json,reports/conv/conv_0413/csynth.xml,,,NO,
conv_0414,16,56,56,32,1,4,4,False,group_conv2d,4,tanh,YES,YES,NO,configs/conv/conv_0414.json,reports/conv/conv_0414/csynth.xml,,,NO,
conv_0415,16,56,56,32,1,4,8,True,conv2d,,relu,YES,YES,NO,configs/conv/conv_0415.json,reports/conv/conv_0415/csynth.xml,,,NO,
conv_0416,16,56,56,32,1,4,8,True,group_conv2d,2,relu,YES,YES,NO,configs/conv/conv_0416.json,reports/conv/conv_0416/csynth.xml,,,NO,
conv_0417,16,56,56,32,1,4,8,True,group_conv2d,4,relu,YES,YES,NO,configs/conv/conv_0417.json,reports/conv/conv_0417/csynth.xml,,,NO,
conv_0418,16,56,56,32,1,4,8,False,conv2d,,relu,YES,YES,NO,configs/conv/conv_0418.json,reports/conv/conv_0418/csynth.xml,,,NO,
conv_0419,16,56,56,32,1,4,8,False,group_conv2d,2,relu,YES,YES,NO,configs/conv/conv_0419.json,reports/conv/conv_0419/csynth.xml,,,NO,
conv_0420,16,56,56,32,1,4,8,False,group_conv2d,4,relu,YES,YES,NO,configs/conv/conv_0420.json,reports/conv/conv_0420/csynth.xml,,,NO,
conv_0421,16,56,56,32,1,4,8,True,conv2d,,sigmoid,YES,YES,NO,configs/conv/conv_0421.json,reports/conv/conv_0421/csynth.xml,,,NO,
conv_0422,16,56,56,32,1,4,8,True,group_conv2d,2,sigmoid,YES,YES,NO,configs/conv/conv_0422.json,reports/conv/conv_0422/csynth.xml,,,NO,
conv_0423,16,56,56,32,1,4,8,True,group_conv2d,4,sigmoid,YES,YES,NO,configs/conv/conv_0423.json,reports/conv/conv_0423/csynth.xml,,,NO,
conv_0424,16,56,56,32,1,4,8,False,conv2d,,sigmoid,YES,YES,NO,configs/conv/conv_0424.json,reports/conv/conv_0424/csynth.xml,,,NO,
conv_0425,16,56,56,32,1,4,8,False,group_conv2d,2,sigmoid,YES,YES,NO,configs/conv/conv_0425.json,reports/conv/conv_0425/csynth.xml,,,NO,
conv_0426,16,56,56,32,1,4,8,False,group_conv2d,4,sigmoid,YES,YES,NO,configs/conv/conv_0426.json,reports/conv/conv_0426/csynth.xml,,,NO,
conv_0427,16,56,56,32,1,4,8,True,conv2d,,tanh,YES,YES,NO,configs/conv/conv_0427.json,reports/conv/conv_0427/csynth.xml,,,NO,
conv_0428,16,56,56,32,1,4,8,True,group_conv2d,2,tanh,YES,YES,NO,configs/conv/conv_0428.json,reports/conv/conv_0428/csynth.xml,,,NO,
conv_0429,16,56,56,32,1,4,8,True,group_conv2d,4,tanh,YES,YES,NO,configs/conv/conv_0429.json,reports/conv/conv_0429/csynth.xml,,,NO,
conv_0430,16,56,56,32,1,4,8,False,conv2d,,tanh,YES,YES,NO,configs/conv/conv_0430.json,reports/conv/conv_0430/csynth.xml,,,NO,
conv_0431,16,56,56,32,1,4,8,False,group_conv2d,2,tanh,YES,YES,NO,configs/conv/conv_0431.json,reports/conv/conv_0431/csynth.xml,,,NO,
conv_0432,16,56,56,32,1,4,8,False,group_conv2d,4,tanh,YES,YES,NO,configs/conv/conv_0432.json,reports/conv/conv_0432/csynth.xml,,,NO,
conv_0433,16,56,56,32,1,8,1,True,conv2d,,relu,YES,YES,NO,configs/conv/conv_0433.json,reports/conv/conv_0433/csynth.xml,,,NO,
conv_0434,16,56,56,32,1,8,1,True,group_conv2d,2,relu,YES,YES,NO,configs/conv/conv_0434.json,reports/conv/conv_0434/csynth.xml,,,NO,
conv_0435,16,56,56,32,1,8,1,True,group_conv2d,4,relu,YES,YES,NO,configs/conv/conv_0435.json,reports/conv/conv_0435/csynth.xml,,,NO,
conv_0436,16,56,56,32,1,8,1,False,conv2d,,relu,YES,YES,YES,configs/conv/conv_0436.json,reports/conv/conv_0436/csynth.xml,reports/conv/conv_0436/export_impl.xml,reports/conv/conv_0436/power_routed.rpt,NO,
conv_0437,16,56,56,32,1,8,1,False,group_conv2d,2,relu,YES,YES,NO,configs/conv/conv_0437.json,reports/conv/conv_0437/csynth.xml,,,NO,
conv_0438,16,56,56,32,1,8,1,False,group_conv2d,4,relu,YES,YES,NO,configs/conv/conv_0438.json,reports/conv/conv_0438/csynth.xml,,,NO,
conv_0439,16,56,56,32,1,8,1,True,conv2d,,sigmoid,YES,YES,NO,configs/conv/conv_0439.json,reports/conv/conv_0439/csynth.xml,,,NO,
conv_0440,16,56,56,32,1,8,1,True,group_conv2d,2,sigmoid,YES,YES,NO,configs/conv/conv_0440.json,reports/conv/conv_0440/csynth.xml,,,NO,
conv_0441,16,56,56,32,1,8,1,True,group_conv2d,4,sigmoid,YES,YES,NO,configs/conv/conv_0441.json,reports/conv/conv_0441/csynth.xml,,,NO,
conv_0442,16,56,56,32,1,8,1,False,conv2d,,sigmoid,YES,YES,NO,configs/conv/conv_0442.json,reports/conv/conv_0442/csynth.xml,,,NO,
conv_0443,16,56,56,32,1,8,1,False,group_conv2d,2,sigmoid,YES,YES,NO,configs/conv/conv_0443.json,reports/conv/conv_0443/csynth.xml,,,NO,
conv_0444,16,56,56,32,1,8,1,False,group_conv2d,4,sigmoid,YES,YES,NO,configs/conv/conv_0444.json,reports/conv/conv_0444/csynth.xml,,,NO,
conv_0445,16,56,56,32,1,8,1,True,conv2d,,tanh,YES,YES,NO,configs/conv/conv_0445.json,reports/conv/conv_0445/csynth.xml,,,NO,
conv_0446,16,56,56,32,1,8,1,True,group_conv2d,2,tanh,YES,YES,NO,configs/conv/conv_0446.json,reports/conv/conv_0446/csynth.xml,,,NO,
conv_0447,16,56,56,32,1,8,1,True,group_conv2d,4,tanh,YES,YES,NO,configs/conv/conv_0447.json,reports/conv/conv_0447/csynth.xml,,,NO,
conv_0448,16,56,56,32,1,8,1,False,conv2d,,tanh,YES,YES,NO,configs/conv/conv_0448.json,reports/conv/conv_0448/csynth.xml,,,NO,
conv_0449,16,56,56,32,1,8,1,False,group_conv2d,2,tanh,YES,YES,NO,configs/conv/conv_0449.json,reports/conv/conv_0449/csynth.xml,,,NO,
conv_0450,16,56,56,32,1,8,1,False,group_conv2d,4,tanh,YES,YES,NO,configs/conv/conv_0450.json,reports/conv/conv_0450/csynth.xml,,,NO,
conv_0451,16,56,56,32,1,8,4,True,conv2d,,relu,YES,YES,NO,configs/conv/conv_0451.json,reports/conv/conv_0451/csynth.xml,,,NO,
conv_0452,16,56,56,32,1,8,4,True,group_conv2d,2,relu,YES,YES,NO,configs/conv/conv_0452.json,reports/conv/conv_0452/csynth.xml,,,NO,
conv_0453,16,56,56,32,1,8,4,True,group_conv2d,4,relu,YES,YES,NO,configs/conv/conv_0453.json,reports/conv/conv_0453/csynth.xml,,,NO,
conv_0454,16,56,56,32,1,8,4,False,conv2d,,relu,YES,YES,NO,configs/conv/conv_0454.json,reports/conv/conv_0454/csynth.xml,,,NO,
conv_0455,16,56,56,32,1,8,4,False,group_conv2d,2,relu,YES,YES,NO,configs/conv/conv_0455.json,reports/conv/conv_0455/csynth.xml,,,NO,
conv_0456,16,56,56,32,1,8,4,False,group_conv2d,4,relu,YES,YES,YES,configs/conv/conv_0456.json,reports/conv/conv_0456/csynth.xml,reports/conv/conv_0456/export_impl.xml,reports/conv/conv_0456/power_routed.rpt,NO,
conv_0457,16,56,56,32,1,8,4,True,conv2d,,sigmoid,YES,YES,NO,configs/conv/conv_0457.json,reports/conv/conv_0457/csynth.xml,,,NO,
conv_0458,16,56,56,32,1,8,4,True,group_conv2d,2,sigmoid,YES,YES,NO,configs/conv/conv_0458.json,reports/conv/conv_0458/csynth.xml,,,NO,
conv_0459,16,56,56,32,1,8,4,True,group_conv2d,4,sigmoid,YES,YES,NO,configs/conv/conv_0459.json,reports/conv/conv_0459/csynth.xml,,,NO,
conv_0460,16,56,56,32,1,8,4,False,conv2d,,sigmoid,YES,YES,NO,configs/conv/conv_0460.json,reports/conv/conv_0460/csynth.xml,,,NO,
conv_0461,16,56,56,32,1,8,4,False,group_conv2d,2,sigmoid,YES,YES,NO,configs/conv/conv_0461.json,reports/conv/conv_0461/csynth.xml,,,NO,
conv_0462,16,56,56,32,1,8,4,False,group_conv2d,4,sigmoid,YES,YES,NO,configs/conv/conv_0462.json,reports/conv/conv_0462/csynth.xml,,,NO,
conv_0463,16,56,56,32,1,8,4,True,conv2d,,tanh,YES,YES,NO,configs/conv/conv_0463.json,reports/conv/conv_0463/csynth.xml,,,NO,
conv_0464,16,56,56,32,1,8,4,True,group_conv2d,2,tanh,YES,YES,NO,configs/conv/conv_0464.json,reports/conv/conv_0464/csynth.xml,,,NO,
conv_0465,16,56,56,32,1,8,4,True,group_conv2d,4,tanh,YES,YES,NO,configs/conv/conv_0465.json,reports/conv/conv_0465/csynth.xml,,,NO,
conv_0466,16,56,56,32,1,8,4,False,conv2d,,tanh,YES,YES,NO,configs/conv/conv_0466.json,reports/conv/conv_0466/csynth.xml,,,NO,
conv_0467,16,56,56,32,1,8,4,False,group_conv2d,2,tanh,YES,YES,NO,configs/conv/conv_0467.json,reports/conv/conv_0467/csynth.xml,,,NO,
conv_0468,16,56,56,32,1,8,4,False,group_conv2d,4,tanh,YES,YES,NO,configs/conv/conv_0468.json,reports/conv/conv_0468/csynth.xml,,,NO,
conv_0469,16,56,56,32,1,8,8,True,conv2d,,relu,YES,YES,NO,configs/conv/conv_0469.json,reports/conv/conv_0469/csynth.xml,,,NO,
conv_0470,16,56,56,32,1,8,8,True,group_conv2d,2,relu,YES,YES,YES,configs/conv/conv_0470.json,reports/conv/conv_0470/csynth.xml,reports/conv/conv_0470/export_impl.xml,reports/conv/conv_0470/power_routed.rpt,NO,
conv_0471,16,56,56,32,1,8,8,True,group_conv2d,4,relu,YES,YES,NO,configs/conv/conv_0471.json,reports/conv/conv_0471/csynth.xml,,,NO,
conv_0472,16,56,56,32,1,8,8,False,conv2d,,relu,YES,YES,NO,configs/conv/conv_0472.json,reports/conv/conv_0472/csynth.xml,,,NO,
conv_0473,16,56,56,32,1,8,8,False,group_conv2d,2,relu,YES,YES,NO,configs/conv/conv_0473.json,reports/conv/conv_0473/csynth.xml,,,NO,
conv_0474,16,56,56,32,1,8,8,False,group_conv2d,4,relu,YES,YES,NO,configs/conv/conv_0474.json,reports/conv/conv_0474/csynth.xml,,,NO,
conv_0475,16,56,56,32,1,8,8,True,conv2d,,sigmoid,YES,YES,NO,configs/conv/conv_0475.json,reports/conv/conv_0475/csynth.xml,,,NO,
conv_0476,16,56,56,32,1,8,8,True,group_conv2d,2,sigmoid,YES,YES,NO,configs/conv/conv_0476.json,reports/conv/conv_0476/csynth.xml,,,NO,
conv_0477,16,56,56,32,1,8,8,True,group_conv2d,4,sigmoid,YES,YES,NO,configs/conv/conv_0477.json,reports/conv/conv_0477/csynth.xml,,,NO,
conv_0478,16,56,56,32,1,8,8,False,conv2d,,sigmoid,YES,YES,NO,configs/conv/conv_0478.json,reports/conv/conv_0478/csynth.xml,,,NO,
conv_0479,16,56,56,32,1,8,8,False,group_conv2d,2,sigmoid,YES,YES,NO,configs/conv/conv_0479.json,reports/conv/conv_0479/csynth.xml,,,NO,
conv_0480,16,56,56,32,1,8,8,False,group_conv2d,4,sigmoid,YES,YES,NO,configs/conv/conv_0480.json,reports/conv/conv_0480/csynth.xml,,,NO,
conv_0481,16,56,56,32,1,8,8,True,conv2d,,tanh,YES,YES,NO,configs/conv/conv_0481.json,reports/conv/conv_0481/csynth.xml,,,NO,
conv_0482,16,56,56,32,1,8,8,True,group_conv2d,2,tanh,YES,YES,NO,configs/conv/conv_0482.json,reports/conv/conv_0482/csynth.xml,,,NO,
conv_0483,16,56,56,32,1,8,8,True,group_conv2d,4,tanh,YES,YES,NO,configs/conv/conv_0483.json,reports/conv/conv_0483/csynth.xml,,,NO,
conv_0484,16,56,56,32,1,8,8,False,conv2d,,tanh,YES,YES,NO,configs/conv/conv_0484.json,reports/conv/conv_0484/csynth.xml,,,NO,
conv_0485,16,56,56,32,1,8,8,False,group_conv2d,2,tanh,YES,YES,NO,configs/conv/conv_0485.json,reports/conv/conv_0485/csynth.xml,,,NO,
conv_0486,16,56,56,32,1,8,8,False,group_conv2d,4,tanh,YES,YES,NO,configs/conv/conv_0486.json,reports/conv/conv_0486/csynth.xml,,,NO,
conv_0487,16,56,56,32,3,1,1,True,conv2d,,relu,YES,YES,YES,configs/conv/conv_0487.json,reports/conv/conv_0487/csynth.xml,reports/conv/conv_0487/export_impl.xml,reports/conv/conv_0487/power_routed.rpt,NO,
conv_0488,16,56,56,32,3,1,1,True,group_conv2d,2,relu,YES,YES,YES,configs/conv/conv_0488.json,reports/conv/conv_0488/csynth.xml,reports/conv/conv_0488/export_impl.xml,reports/conv/conv_0488/power_routed.rpt,NO,
conv_0489,16,56,56,32,3,1,1,True,group_conv2d,4,relu,YES,YES,YES,configs/conv/conv_0489.json,reports/conv/conv_0489/csynth.xml,reports/conv/conv_0489/export_impl.xml,reports/conv/conv_0489/power_routed.rpt,NO,
conv_0490,16,56,56,32,3,1,1,False,conv2d,,relu,YES,YES,YES,configs/conv/conv_0490.json,reports/conv/conv_0490/csynth.xml,reports/conv/conv_0490/export_impl.xml,reports/conv/conv_0490/power_routed.rpt,NO,
conv_0491,16,56,56,32,3,1,1,False,group_conv2d,2,relu,YES,YES,YES,configs/conv/conv_0491.json,reports/conv/conv_0491/csynth.xml,reports/conv/conv_0491/export_impl.xml,reports/conv/conv_0491/power_routed.rpt,NO,
conv_0492,16,56,56,32,3,1,1,False,group_conv2d,4,relu,YES,YES,YES,configs/conv/conv_0492.json,reports/conv/conv_0492/csynth.xml,reports/conv/conv_0492/export_impl.xml,reports/conv/conv_0492/power_routed.rpt,NO,
conv_0493,16,56,56,32,3,1,1,True,conv2d,,sigmoid,YES,YES,YES,configs/conv/conv_0493.json,reports/conv/conv_0493/csynth.xml,reports/conv/conv_0493/export_impl.xml,reports/conv/conv_0493/power_routed.rpt,NO,
conv_0494,16,56,56,32,3,1,1,True,group_conv2d,2,sigmoid,YES,YES,YES,configs/conv/conv_0494.json,reports/conv/conv_0494/csynth.xml,reports/conv/conv_0494/export_impl.xml,reports/conv/conv_0494/power_routed.rpt,NO,
conv_0495,16,56,56,32,3,1,1,True,group_conv2d,4,sigmoid,YES,YES,YES,configs/conv/conv_0495.json,reports/conv/conv_0495/csynth.xml,reports/conv/conv_0495/export_impl.xml,reports/conv/conv_0495/power_routed.rpt,NO,
conv_0496,16,56,56,32,3,1,1,False,conv2d,,sigmoid,YES,YES,YES,configs/conv/conv_0496.json,reports/conv/conv_0496/csynth.xml,reports/conv/conv_0496/export_impl.xml,reports/conv/conv_0496/power_routed.rpt,NO,
conv_0497,16,56,56,32,3,1,1,False,group_conv2d,2,sigmoid,YES,YES,YES,configs/conv/conv_0497.json,reports/conv/conv_0497/csynth.xml,reports/conv/conv_0497/export_impl.xml,reports/conv/conv_0497/power_routed.rpt,NO,
conv_0498,16,56,56,32,3,1,1,False,group_conv2d,4,sigmoid,YES,YES,YES,configs/conv/conv_0498.json,reports/conv/conv_0498/csynth.xml,reports/conv/conv_0498/export_impl.xml,reports/conv/conv_0498/power_routed.rpt,NO,
conv_0499,16,56,56,32,3,1,1,True,conv2d,,tanh,YES,YES,YES,configs/conv/conv_0499.json,reports/conv/conv_0499/csynth.xml,reports/conv/conv_0499/export_impl.xml,reports/conv/conv_0499/power_routed.rpt,NO,
conv_0500,16,56,56,32,3,1,1,True,group_conv2d,2,tanh,YES,YES,YES,configs/conv/conv_0500.json,reports/conv/conv_0500/csynth.xml,reports/conv/conv_0500/export_impl.xml,reports/conv/conv_0500/power_routed.rpt,NO,
conv_0501,16,56,56,32,3,1,1,True,group_conv2d,4,tanh,YES,YES,YES,configs/conv/conv_0501.json,reports/conv/conv_0501/csynth.xml,reports/conv/conv_0501/export_impl.xml,reports/conv/conv_0501/power_routed.rpt,NO,
conv_0502,16,56,56,32,3,1,1,False,conv2d,,tanh,YES,YES,YES,configs/conv/conv_0502.json,reports/conv/conv_0502/csynth.xml,reports/conv/conv_0502/export_impl.xml,reports/conv/conv_0502/power_routed.rpt,NO,
conv_0503,16,56,56,32,3,1,1,False,group_conv2d,2,tanh,YES,YES,YES,configs/conv/conv_0503.json,reports/conv/conv_0503/csynth.xml,reports/conv/conv_0503/export_impl.xml,reports/conv/conv_0503/power_routed.rpt,NO,
conv_0504,16,56,56,32,3,1,1,False,group_conv2d,4,tanh,YES,YES,YES,configs/conv/conv_0504.json,reports/conv/conv_0504/csynth.xml,reports/conv/conv_0504/export_impl.xml,reports/conv/conv_0504/power_routed.rpt,NO,
conv_0505,16,56,56,32,3,1,4,True,conv2d,,relu,YES,YES,NO,configs/conv/conv_0505.json,reports/conv/conv_0505/csynth.xml,,,NO,
conv_0506,16,56,56,32,3,1,4,True,group_conv2d,2,relu,YES,YES,NO,configs/conv/conv_0506.json,reports/conv/conv_0506/csynth.xml,,,NO,
conv_0507,16,56,56,32,3,1,4,True,group_conv2d,4,relu,YES,YES,NO,configs/conv/conv_0507.json,reports/conv/conv_0507/csynth.xml,,,NO,
conv_0508,16,56,56,32,3,1,4,False,conv2d,,relu,YES,YES,NO,configs/conv/conv_0508.json,reports/conv/conv_0508/csynth.xml,,,NO,
conv_0509,16,56,56,32,3,1,4,False,group_conv2d,2,relu,YES,YES,NO,configs/conv/conv_0509.json,reports/conv/conv_0509/csynth.xml,,,NO,
conv_0510,16,56,56,32,3,1,4,False,group_conv2d,4,relu,YES,YES,NO,configs/conv/conv_0510.json,reports/conv/conv_0510/csynth.xml,,,NO,
conv_0511,16,56,56,32,3,1,4,True,conv2d,,sigmoid,YES,YES,YES,configs/conv/conv_0511.json,reports/conv/conv_0511/csynth.xml,reports/conv/conv_0511/export_impl.xml,reports/conv/conv_0511/power_routed.rpt,NO,
conv_0512,16,56,56,32,3,1,4,True,group_conv2d,2,sigmoid,YES,YES,NO,configs/conv/conv_0512.json,reports/conv/conv_0512/csynth.xml,,,NO,
conv_0513,16,56,56,32,3,1,4,True,group_conv2d,4,sigmoid,YES,YES,NO,configs/conv/conv_0513.json,reports/conv/conv_0513/csynth.xml,,,NO,
conv_0514,16,56,56,32,3,1,4,False,conv2d,,sigmoid,YES,YES,NO,configs/conv/conv_0514.json,reports/conv/conv_0514/csynth.xml,,,NO,
conv_0515,16,56,56,32,3,1,4,False,group_conv2d,2,sigmoid,YES,YES,NO,configs/conv/conv_0515.json,reports/conv/conv_0515/csynth.xml,,,NO,
conv_0516,16,56,56,32,3,1,4,False,group_conv2d,4,sigmoid,YES,YES,NO,configs/conv/conv_0516.json,reports/conv/conv_0516/csynth.xml,,,NO,
conv_0517,16,56,56,32,3,1,4,True,conv2d,,tanh,YES,YES,NO,configs/conv/conv_0517.json,reports/conv/conv_0517/csynth.xml,,,NO,
conv_0518,16,56,56,32,3,1,4,True,group_conv2d,2,tanh,YES,YES,NO,configs/conv/conv_0518.json,reports/conv/conv_0518/csynth.xml,,,NO,
conv_0519,16,56,56,32,3,1,4,True,group_conv2d,4,tanh,YES,YES,NO,configs/conv/conv_0519.json,reports/conv/conv_0519/csynth.xml,,,NO,
conv_0520,16,56,56,32,3,1,4,False,conv2d,,tanh,YES,YES,YES,configs/conv/conv_0520.json,reports/conv/conv_0520/csynth.xml,reports/conv/conv_0520/export_impl.xml,reports/conv/conv_0520/power_routed.rpt,NO,
conv_0521,16,56,56,32,3,1,4,False,group_conv2d,2,tanh,YES,YES,NO,configs/conv/conv_0521.json,reports/conv/conv_0521/csynth.xml,,,NO,
conv_0522,16,56,56,32,3,1,4,False,group_conv2d,4,tanh,YES,YES,NO,configs/conv/conv_0522.json,reports/conv/conv_0522/csynth.xml,,,NO,
conv_0523,16,56,56,32,3,1,8,True,conv2d,,relu,YES,YES,NO,configs/conv/conv_0523.json,reports/conv/conv_0523/csynth.xml,,,NO,
conv_0524,16,56,56,32,3,1,8,True,group_conv2d,2,relu,YES,YES,NO,configs/conv/conv_0524.json,reports/conv/conv_0524/csynth.xml,,,NO,
conv_0525,16,56,56,32,3,1,8,True,group_conv2d,4,relu,YES,YES,NO,configs/conv/conv_0525.json,reports/conv/conv_0525/csynth.xml,,,NO,
conv_0526,16,56,56,32,3,1,8,False,conv2d,,relu,YES,YES,NO,configs/conv/conv_0526.json,reports/conv/conv_0526/csynth.xml,,,NO,
conv_0527,16,56,56,32,3,1,8,False,group_conv2d,2,relu,YES,YES,NO,configs/conv/conv_0527.json,reports/conv/conv_0527/csynth.xml,,,NO,
conv_0528,16,56,56,32,3,1,8,False,group_conv2d,4,relu,YES,YES,NO,configs/conv/conv_0528.json,reports/conv/conv_0528/csynth.xml,,,NO,
conv_0529,16,56,56,32,3,1,8,True,conv2d,,sigmoid,YES,YES,NO,configs/conv/conv_0529.json,reports/conv/conv_0529/csynth.xml,,,NO,
conv_0530,16,56,56,32,3,1,8,True,group_conv2d,2,sigmoid,YES,YES,NO,configs/conv/conv_0530.json,reports/conv/conv_0530/csynth.xml,,,NO,
conv_0531,16,56,56,32,3,1,8,True,group_conv2d,4,sigmoid,YES,YES,NO,configs/conv/conv_0531.json,reports/conv/conv_0531/csynth.xml,,,NO,
conv_0532,16,56,56,32,3,1,8,False,conv2d,,sigmoid,YES,YES,NO,configs/conv/conv_0532.json,reports/conv/conv_0532/csynth.xml,,,NO,
conv_0533,16,56,56,32,3,1,8,False,group_conv2d,2,sigmoid,YES,YES,NO,configs/conv/conv_0533.json,reports/conv/conv_0533/csynth.xml,,,NO,
conv_0534,16,56,56,32,3,1,8,False,group_conv2d,4,sigmoid,YES,YES,NO,configs/conv/conv_0534.json,reports/conv/conv_0534/csynth.xml,,,NO,
conv_0535,16,56,56,32,3,1,8,True,conv2d,,tanh,YES,YES,NO,configs/conv/conv_0535.json,reports/conv/conv_0535/csynth.xml,,,NO,
conv_0536,16,56,56,32,3,1,8,True,group_conv2d,2,tanh,YES,YES,NO,configs/conv/conv_0536.json,reports/conv/conv_0536/csynth.xml,,,NO,
conv_0537,16,56,56,32,3,1,8,True,group_conv2d,4,tanh,YES,YES,NO,configs/conv/conv_0537.json,reports/conv/conv_0537/csynth.xml,,,NO,
conv_0538,16,56,56,32,3,1,8,False,conv2d,,tanh,YES,YES,NO,configs/conv/conv_0538.json,reports/conv/conv_0538/csynth.xml,,,NO,
conv_0539,16,56,56,32,3,1,8,False,group_conv2d,2,tanh,YES,YES,NO,configs/conv/conv_0539.json,reports/conv/conv_0539/csynth.xml,,,NO,
conv_0540,16,56,56,32,3,1,8,False,group_conv2d,4,tanh,YES,YES,NO,configs/conv/conv_0540.json,reports/conv/conv_0540/csynth.xml,,,NO,
conv_0541,16,56,56,32,3,4,1,True,conv2d,,relu,YES,YES,NO,configs/conv/conv_0541.json,reports/conv/conv_0541/csynth.xml,,,NO,
conv_0542,16,56,56,32,3,4,1,True,group_conv2d,2,relu,YES,YES,NO,configs/conv/conv_0542.json,reports/conv/conv_0542/csynth.xml,,,NO,
conv_0543,16,56,56,32,3,4,1,True,group_conv2d,4,relu,YES,YES,NO,configs/conv/conv_0543.json,reports/conv/conv_0543/csynth.xml,,,NO,
conv_0544,16,56,56,32,3,4,1,False,conv2d,,relu,YES,YES,NO,configs/conv/conv_0544.json,reports/conv/conv_0544/csynth.xml,,,NO,
conv_0545,16,56,56,32,3,4,1,False,group_conv2d,2,relu,YES,YES,NO,configs/conv/conv_0545.json,reports/conv/conv_0545/csynth.xml,,,NO,
conv_0546,16,56,56,32,3,4,1,False,group_conv2d,4,relu,YES,YES,NO,configs/conv/conv_0546.json,reports/conv/conv_0546/csynth.xml,,,NO,
conv_0547,16,56,56,32,3,4,1,True,conv2d,,sigmoid,YES,YES,YES,configs/conv/conv_0547.json,reports/conv/conv_0547/csynth.xml,reports/conv/conv_0547/export_impl.xml,reports/conv/conv_0547/power_routed.rpt,NO,
conv_0548,16,56,56,32,3,4,1,True,group_conv2d,2,sigmoid,YES,YES,NO,configs/conv/conv_0548.json,reports/conv/conv_0548/csynth.xml,,,NO,
conv_0549,16,56,56,32,3,4,1,True,group_conv2d,4,sigmoid,YES,YES,NO,configs/conv/conv_0549.json,reports/conv/conv_0549/csynth.xml,,,NO,
conv_0550,16,56,56,32,3,4,1,False,conv2d,,sigmoid,YES,YES,YES,configs/conv/conv_0550.json,reports/conv/conv_0550/csynth.xml,reports/conv/conv_0550/export_impl.xml,reports/conv/conv_0550/power_routed.rpt,NO,
conv_0551,16,56,56,32,3,4,1,False,group_conv2d,2,sigmoid,YES,YES,NO,configs/conv/conv_0551.json,reports/conv/conv_0551/csynth.xml,,,NO,
conv_0552,16,56,56,32,3,4,1,False,group_conv2d,4,sigmoid,YES,YES,NO,configs/conv/conv_0552.json,reports/conv/conv_0552/csynth.xml,,,NO,
conv_0553,16,56,56,32,3,4,1,True,conv2d,,tanh,YES,YES,NO,configs/conv/conv_0553.json,reports/conv/conv_0553/csynth.xml,,,NO,
conv_0554,16,56,56,32,3,4,1,True,group_conv2d,2,tanh,YES,YES,NO,configs/conv/conv_0554.json,reports/conv/conv_0554/csynth.xml,,,NO,
conv_0555,16,56,56,32,3,4,1,True,group_conv2d,4,tanh,YES,YES,NO,configs/conv/conv_0555.json,reports/conv/conv_0555/csynth.xml,,,NO,
conv_0556,16,56,56,32,3,4,1,False,conv2d,,tanh,YES,YES,NO,configs/conv/conv_0556.json,reports/conv/conv_0556/csynth.xml,,,NO,
conv_0557,16,56,56,32,3,4,1,False,group_conv2d,2,tanh,YES,YES,NO,configs/conv/conv_0557.json,reports/conv/conv_0557/csynth.xml,,,NO,
conv_0558,16,56,56,32,3,4,1,False,group_conv2d,4,tanh,YES,YES,NO,configs/conv/conv_0558.json,reports/conv/conv_0558/csynth.xml,,,NO,
conv_0559,16,56,56,32,3,4,4,True,conv2d,,relu,YES,YES,YES,configs/conv/conv_0559.json,reports/conv/conv_0559/csynth.xml,reports/conv/conv_0559/export_impl.xml,reports/conv/conv_0559/power_routed.rpt,NO,
conv_0560,16,56,56,32,3,4,4,True,group_conv2d,2,relu,YES,YES,NO,configs/conv/conv_0560.json,reports/conv/conv_0560/csynth.xml,,,NO,
conv_0561,16,56,56,32,3,4,4,True,group_conv2d,4,relu,YES,YES,NO,configs/conv/conv_0561.json,reports/conv/conv_0561/csynth.xml,,,NO,
conv_0562,16,56,56,32,3,4,4,False,conv2d,,relu,YES,YES,YES,configs/conv/conv_0562.json,reports/conv/conv_0562/csynth.xml,reports/conv/conv_0562/export_impl.xml,reports/conv/conv_0562/power_routed.rpt,NO,
conv_0563,16,56,56,32,3,4,4,False,group_conv2d,2,relu,YES,YES,NO,configs/conv/conv_0563.json,reports/conv/conv_0563/csynth.xml,,,NO,
conv_0564,16,56,56,32,3,4,4,False,group_conv2d,4,relu,YES,YES,NO,configs/conv/conv_0564.json,reports/conv/conv_0564/csynth.xml,,,NO,
conv_0565,16,56,56,32,3,4,4,True,conv2d,,sigmoid,YES,YES,NO,configs/conv/conv_0565.json,reports/conv/conv_0565/csynth.xml,,,NO,
conv_0566,16,56,56,32,3,4,4,True,group_conv2d,2,sigmoid,YES,YES,NO,configs/conv/conv_0566.json,reports/conv/conv_0566/csynth.xml,,,NO,
conv_0567,16,56,56,32,3,4,4,True,group_conv2d,4,sigmoid,YES,YES,NO,configs/conv/conv_0567.json,reports/conv/conv_0567/csynth.xml,,,NO,
conv_0568,16,56,56,32,3,4,4,False,conv2d,,sigmoid,YES,YES,NO,configs/conv/conv_0568.json,reports/conv/conv_0568/csynth.xml,,,NO,
conv_0569,16,56,56,32,3,4,4,False,group_conv2d,2,sigmoid,YES,YES,NO,configs/conv/conv_0569.json,reports/conv/conv_0569/csynth.xml,,,NO,
conv_0570,16,56,56,32,3,4,4,False,group_conv2d,4,sigmoid,YES,YES,NO,configs/conv/conv_0570.json,reports/conv/conv_0570/csynth.xml,,,NO,
conv_0571,16,56,56,32,3,4,4,True,conv2d,,tanh,YES,YES,NO,configs/conv/conv_0571.json,reports/conv/conv_0571/csynth.xml,,,NO,
conv_0572,16,56,56,32,3,4,4,True,group_conv2d,2,tanh,YES,YES,NO,configs/conv/conv_0572.json,reports/conv/conv_0572/csynth.xml,,,NO,
conv_0573,16,56,56,32,3,4,4,True,group_conv2d,4,tanh,YES,YES,NO,configs/conv/conv_0573.json,reports/conv/conv_0573/csynth.xml,,,NO,
conv_0574,16,56,56,32,3,4,4,False,conv2d,,tanh,YES,YES,NO,configs/conv/conv_0574.json,reports/conv/conv_0574/csynth.xml,,,NO,
conv_0575,16,56,56,32,3,4,4,False,group_conv2d,2,tanh,YES,YES,NO,configs/conv/conv_0575.json,reports/conv/conv_0575/csynth.xml,,,NO,
conv_0576,16,56,56,32,3,4,4,False,group_conv2d,4,tanh,YES,YES,NO,configs/conv/conv_0576.json,reports/conv/conv_0576/csynth.xml,,,NO,
conv_0577,16,56,56,32,3,4,8,True,conv2d,,relu,YES,YES,NO,configs/conv/conv_0577.json,reports/conv/conv_0577/csynth.xml,,,NO,
conv_0578,16,56,56,32,3,4,8,True,group_conv2d,2,relu,YES,YES,NO,configs/conv/conv_0578.json,reports/conv/conv_0578/csynth.xml,,,NO,
conv_0579,16,56,56,32,3,4,8,True,group_conv2d,4,relu,YES,YES,NO,configs/conv/conv_0579.json,reports/conv/conv_0579/csynth.xml,,,NO,
conv_0580,16,56,56,32,3,4,8,False,conv2d,,relu,YES,YES,YES,configs/conv/conv_0580.json,reports/conv/conv_0580/csynth.xml,reports/conv/conv_0580/export_impl.xml,reports/conv/conv_0580/power_routed.rpt,NO,
conv_0581,16,56,56,32,3,4,8,False,group_conv2d,2,relu,YES,YES,NO,configs/conv/conv_0581.json,reports/conv/conv_0581/csynth.xml,,,NO,
conv_0582,16,56,56,32,3,4,8,False,group_conv2d,4,relu,YES,YES,NO,configs/conv/conv_0582.json,reports/conv/conv_0582/csynth.xml,,,NO,
conv_0583,16,56,56,32,3,4,8,True,conv2d,,sigmoid,YES,YES,NO,configs/conv/conv_0583.json,reports/conv/conv_0583/csynth.xml,,,NO,
conv_0584,16,56,56,32,3,4,8,True,group_conv2d,2,sigmoid,YES,YES,NO,configs/conv/conv_0584.json,reports/conv/conv_0584/csynth.xml,,,NO,
conv_0585,16,56,56,32,3,4,8,True,group_conv2d,4,sigmoid,YES,YES,NO,configs/conv/conv_0585.json,reports/conv/conv_0585/csynth.xml,,,NO,
conv_0586,16,56,56,32,3,4,8,False,conv2d,,sigmoid,YES,YES,NO,configs/conv/conv_0586.json,reports/conv/conv_0586/csynth.xml,,,NO,
conv_0587,16,56,56,32,3,4,8,False,group_conv2d,2,sigmoid,YES,YES,NO,configs/conv/conv_0587.json,reports/conv/conv_0587/csynth.xml,,,NO,
conv_0588,16,56,56,32,3,4,8,False,group_conv2d,4,sigmoid,YES,YES,NO,configs/conv/conv_0588.json,reports/conv/conv_0588/csynth.xml,,,NO,
conv_0589,16,56,56,32,3,4,8,True,conv2d,,tanh,YES,YES,NO,configs/conv/conv_0589.json,reports/conv/conv_0589/csynth.xml,,,NO,
conv_0590,16,56,56,32,3,4,8,True,group_conv2d,2,tanh,YES,YES,NO,configs/conv/conv_0590.json,reports/conv/conv_0590/csynth.xml,,,NO,
conv_0591,16,56,56,32,3,4,8,True,group_conv2d,4,tanh,YES,YES,NO,configs/conv/conv_0591.json,reports/conv/conv_0591/csynth.xml,,,NO,
conv_0592,16,56,56,32,3,4,8,False,conv2d,,tanh,YES,YES,NO,configs/conv/conv_0592.json,reports/conv/conv_0592/csynth.xml,,,NO,
conv_0593,16,56,56,32,3,4,8,False,group_conv2d,2,tanh,YES,YES,NO,configs/conv/conv_0593.json,reports/conv/conv_0593/csynth.xml,,,NO,
conv_0594,16,56,56,32,3,4,8,False,group_conv2d,4,tanh,YES,YES,NO,configs/conv/conv_0594.json,reports/conv/conv_0594/csynth.xml,,,NO,
conv_0595,16,56,56,32,3,8,1,True,conv2d,,relu,YES,YES,NO,configs/conv/conv_0595.json,reports/conv/conv_0595/csynth.xml,,,NO,
conv_0596,16,56,56,32,3,8,1,True,group_conv2d,2,relu,YES,YES,NO,configs/conv/conv_0596.json,reports/conv/conv_0596/csynth.xml,,,NO,
conv_0597,16,56,56,32,3,8,1,True,group_conv2d,4,relu,YES,YES,NO,configs/conv/conv_0597.json,reports/conv/conv_0597/csynth.xml,,,NO,
conv_0598,16,56,56,32,3,8,1,False,conv2d,,relu,YES,YES,NO,configs/conv/conv_0598.json,reports/conv/conv_0598/csynth.xml,,,NO,
conv_0599,16,56,56,32,3,8,1,False,group_conv2d,2,relu,YES,YES,NO,configs/conv/conv_0599.json,reports/conv/conv_0599/csynth.xml,,,NO,
conv_0600,16,56,56,32,3,8,1,False,group_conv2d,4,relu,YES,YES,YES,configs/conv/conv_0600.json,reports/conv/conv_0600/csynth.xml,reports/conv/conv_0600/export_impl.xml,reports/conv/conv_0600/power_routed.rpt,NO,
conv_0601,16,56,56,32,3,8,1,True,conv2d,,sigmoid,YES,YES,NO,configs/conv/conv_0601.json,reports/conv/conv_0601/csynth.xml,,,NO,
conv_0602,16,56,56,32,3,8,1,True,group_conv2d,2,sigmoid,YES,YES,NO,configs/conv/conv_0602.json,reports/conv/conv_0602/csynth.xml,,,NO,
conv_0603,16,56,56,32,3,8,1,True,group_conv2d,4,sigmoid,YES,YES,NO,configs/conv/conv_0603.json,reports/conv/conv_0603/csynth.xml,,,NO,
conv_0604,16,56,56,32,3,8,1,False,conv2d,,sigmoid,YES,YES,NO,configs/conv/conv_0604.json,reports/conv/conv_0604/csynth.xml,,,NO,
conv_0605,16,56,56,32,3,8,1,False,group_conv2d,2,sigmoid,YES,YES,NO,configs/conv/conv_0605.json,reports/conv/conv_0605/csynth.xml,,,NO,
conv_0606,16,56,56,32,3,8,1,False,group_conv2d,4,sigmoid,YES,YES,NO,configs/conv/conv_0606.json,reports/conv/conv_0606/csynth.xml,,,NO,
conv_0607,16,56,56,32,3,8,1,True,conv2d,,tanh,YES,YES,NO,configs/conv/conv_0607.json,reports/conv/conv_0607/csynth.xml,,,NO,
conv_0608,16,56,56,32,3,8,1,True,group_conv2d,2,tanh,YES,YES,NO,configs/conv/conv_0608.json,reports/conv/conv_0608/csynth.xml,,,NO,
conv_0609,16,56,56,32,3,8,1,True,group_conv2d,4,tanh,YES,YES,NO,configs/conv/conv_0609.json,reports/conv/conv_0609/csynth.xml,,,NO,
conv_0610,16,56,56,32,3,8,1,False,conv2d,,tanh,YES,YES,NO,configs/conv/conv_0610.json,reports/conv/conv_0610/csynth.xml,,,NO,
conv_0611,16,56,56,32,3,8,1,False,group_conv2d,2,tanh,YES,YES,NO,configs/conv/conv_0611.json,reports/conv/conv_0611/csynth.xml,,,NO,
conv_0612,16,56,56,32,3,8,1,False,group_conv2d,4,tanh,YES,YES,NO,configs/conv/conv_0612.json,reports/conv/conv_0612/csynth.xml,,,NO,
conv_0613,16,56,56,32,3,8,4,True,conv2d,,relu,YES,YES,NO,configs/conv/conv_0613.json,reports/conv/conv_0613/csynth.xml,,,NO,
conv_0614,16,56,56,32,3,8,4,True,group_conv2d,2,relu,YES,YES,YES,configs/conv/conv_0614.json,reports/conv/conv_0614/csynth.xml,reports/conv/conv_0614/export_impl.xml,reports/conv/conv_0614/power_routed.rpt,NO,
conv_0615,16,56,56,32,3,8,4,True,group_conv2d,4,relu,YES,YES,NO,configs/conv/conv_0615.json,reports/conv/conv_0615/csynth.xml,,,NO,
conv_0616,16,56,56,32,3,8,4,False,conv2d,,relu,YES,YES,NO,configs/conv/conv_0616.json,reports/conv/conv_0616/csynth.xml,,,NO,
conv_0617,16,56,56,32,3,8,4,False,group_conv2d,2,relu,YES,YES,NO,configs/conv/conv_0617.json,reports/conv/conv_0617/csynth.xml,,,NO,
conv_0618,16,56,56,32,3,8,4,False,group_conv2d,4,relu,YES,YES,NO,configs/conv/conv_0618.json,reports/conv/conv_0618/csynth.xml,,,NO,
conv_0619,16,56,56,32,3,8,4,True,conv2d,,sigmoid,YES,YES,NO,configs/conv/conv_0619.json,reports/conv/conv_0619/csynth.xml,,,NO,
conv_0620,16,56,56,32,3,8,4,True,group_conv2d,2,sigmoid,YES,YES,NO,configs/conv/conv_0620.json,reports/conv/conv_0620/csynth.xml,,,NO,
conv_0621,16,56,56,32,3,8,4,True,group_conv2d,4,sigmoid,YES,YES,NO,configs/conv/conv_0621.json,reports/conv/conv_0621/csynth.xml,,,NO,
conv_0622,16,56,56,32,3,8,4,False,conv2d,,sigmoid,YES,YES,NO,configs/conv/conv_0622.json,reports/conv/conv_0622/csynth.xml,,,NO,
conv_0623,16,56,56,32,3,8,4,False,group_conv2d,2,sigmoid,YES,YES,NO,configs/conv/conv_0623.json,reports/conv/conv_0623/csynth.xml,,,NO,
conv_0624,16,56,56,32,3,8,4,False,group_conv2d,4,sigmoid,YES,YES,NO,configs/conv/conv_0624.json,reports/conv/conv_0624/csynth.xml,,,NO,
conv_0625,16,56,56,32,3,8,4,True,conv2d,,tanh,YES,YES,NO,configs/conv/conv_0625.json,reports/conv/conv_0625/csynth.xml,,,NO,
conv_0626,16,56,56,32,3,8,4,True,group_conv2d,2,tanh,YES,YES,NO,configs/conv/conv_0626.json,reports/conv/conv_0626/csynth.xml,,,NO,
conv_0627,16,56,56,32,3,8,4,True,group_conv2d,4,tanh,YES,YES,NO,configs/conv/conv_0627.json,reports/conv/conv_0627/csynth.xml,,,NO,
conv_0628,16,56,56,32,3,8,4,False,conv2d,,tanh,YES,YES,NO,configs/conv/conv_0628.json,reports/conv/conv_0628/csynth.xml,,,NO,
conv_0629,16,56,56,32,3,8,4,False,group_conv2d,2,tanh,YES,YES,NO,configs/conv/conv_0629.json,reports/conv/conv_0629/csynth.xml,,,NO,
conv_0630,16,56,56,32,3,8,4,False,group_conv2d,4,tanh,YES,YES,NO,configs/conv/conv_0630.json,reports/conv/conv_0630/csynth.xml,,,NO,
conv_0631,16,56,56,32,3,8,8,True,conv2d,,relu,YES,YES,NO,configs/conv/conv_0631.json,reports/conv/conv_0631/csynth.xml,,,NO,
conv_0632,16,56,56,32,3,8,8,True,group_conv2d,2,relu,YES,YES,NO,configs/conv/conv_0632.json,reports/conv/conv_0632/csynth.xml,,,NO,
conv_0633,16,56,56,32,3,8,8,True,group_conv2d,4,relu,YES,YES,NO,configs/conv/conv_0633.json,reports/conv/conv_0633/csynth.xml,,,NO,
conv_0634,16,56,56,32,3,8,8,False,conv2d,,relu,YES,YES,NO,configs/conv/conv_0634.json,reports/conv/conv_0634/csynth.xml,,,NO,
conv_0635,16,56,56,32,3,8,8,False,group_conv2d,2,relu,YES,YES,NO,configs/conv/conv_0635.json,reports/conv/conv_0635/csynth.xml,,,NO,
conv_0636,16,56,56,32,3,8,8,False,group_conv2d,4,relu,YES,YES,NO,configs/conv/conv_0636.json,reports/conv/conv_0636/csynth.xml,,,NO,
conv_0637,16,56,56,32,3,8,8,True,conv2d,,sigmoid,YES,YES,NO,configs/conv/conv_0637.json,reports/conv/conv_0637/csynth.xml,,,NO,
conv_0638,16,56,56,32,3,8,8,True,group_conv2d,2,sigmoid,YES,YES,NO,configs/conv/conv_0638.json,reports/conv/conv_0638/csynth.xml,,,NO,
conv_0639,16,56,56,32,3,8,8,True,group_conv2d,4,sigmoid,YES,YES,NO,configs/conv/conv_0639.json,reports/conv/conv_0639/csynth.xml,,,NO,
conv_0640,16,56,56,32,3,8,8,False,conv2d,,sigmoid,YES,YES,NO,configs/conv/conv_0640.json,reports/conv/conv_0640/csynth.xml,,,NO,
conv_0641,16,56,56,32,3,8,8,False,group_conv2d,2,sigmoid,YES,YES,NO,configs/conv/conv_0641.json,reports/conv/conv_0641/csynth.xml,,,NO,
conv_0642,16,56,56,32,3,8,8,False,group_conv2d,4,sigmoid,YES,YES,NO,configs/conv/conv_0642.json,reports/conv/conv_0642/csynth.xml,,,NO,
conv_0643,16,56,56,32,3,8,8,True,conv2d,,tanh,YES,YES,NO,configs/conv/conv_0643.json,reports/conv/conv_0643/csynth.xml,,,NO,
conv_0644,16,56,56,32,3,8,8,True,group_conv2d,2,tanh,YES,YES,NO,configs/conv/conv_0644.json,reports/conv/conv_0644/csynth.xml,,,NO,
conv_0645,16,56,56,32,3,8,8,True,group_conv2d,4,tanh,YES,YES,NO,configs/conv/conv_0645.json,reports/conv/conv_0645/csynth.xml,,,NO,
conv_0646,16,56,56,32,3,8,8,False,conv2d,,tanh,YES,YES,NO,configs/conv/conv_0646.json,reports/conv/conv_0646/csynth.xml,,,NO,
conv_0647,16,56,56,32,3,8,8,False,group_conv2d,2,tanh,YES,YES,NO,configs/conv/conv_0647.json,reports/conv/conv_0647/csynth.xml,,,NO,
conv_0648,16,56,56,32,3,8,8,False,group_conv2d,4,tanh,YES,YES,NO,configs/conv/conv_0648.json,reports/conv/conv_0648/csynth.xml,,,NO,
conv_0649,16,56,28,16,1,1,1,True,conv2d,,relu,YES,YES,YES,configs/conv/conv_0649.json,reports/conv/conv_0649/csynth.xml,reports/conv/conv_0649/export_impl.xml,reports/conv/conv_0649/power_routed.rpt,NO,
conv_0650,16,56,28,16,1,1,1,True,group_conv2d,2,relu,YES,YES,YES,configs/conv/conv_0650.json,reports/conv/conv_0650/csynth.xml,reports/conv/conv_0650/export_impl.xml,reports/conv/conv_0650/power_routed.rpt,NO,
conv_0651,16,56,28,16,1,1,1,True,group_conv2d,4,relu,YES,YES,YES,configs/conv/conv_0651.json,reports/conv/conv_0651/csynth.xml,reports/conv/conv_0651/export_impl.xml,reports/conv/conv_0651/power_routed.rpt,NO,
conv_0652,16,56,28,16,1,1,1,False,conv2d,,relu,YES,YES,YES,configs/conv/conv_0652.json,reports/conv/conv_0652/csynth.xml,reports/conv/conv_0652/export_impl.xml,reports/conv/conv_0652/power_routed.rpt,NO,
conv_0653,16,56,28,16,1,1,1,False,group_conv2d,2,relu,YES,YES,YES,configs/conv/conv_0653.json,reports/conv/conv_0653/csynth.xml,reports/conv/conv_0653/export_impl.xml,reports/conv/conv_0653/power_routed.rpt,NO,
conv_0654,16,56,28,16,1,1,1,False,group_conv2d,4,relu,YES,YES,YES,configs/conv/conv_0654.json,reports/conv/conv_0654/csynth.xml,reports/conv/conv_0654/export_impl.xml,reports/conv/conv_0654/power_routed.rpt,NO,
conv_0655,16,56,28,16,1,1,1,True,conv2d,,sigmoid,YES,YES,YES,configs/conv/conv_0655.json,reports/conv/conv_0655/csynth.xml,reports/conv/conv_0655/export_impl.xml,reports/conv/conv_0655/power_routed.rpt,NO,
conv_0656,16,56,28,16,1,1,1,True,group_conv2d,2,sigmoid,YES,YES,YES,configs/conv/conv_0656.json,reports/conv/conv_0656/csynth.xml,reports/conv/conv_0656/export_impl.xml,reports/conv/conv_0656/power_routed.rpt,NO,
conv_0657,16,56,28,16,1,1,1,True,group_conv2d,4,sigmoid,YES,YES,YES,configs/conv/conv_0657.json,reports/conv/conv_0657/csynth.xml,reports/conv/conv_0657/export_impl.xml,reports/conv/conv_0657/power_routed.rpt,NO,
conv_0658,16,56,28,16,1,1,1,False,conv2d,,sigmoid,YES,YES,YES,configs/conv/conv_0658.json,reports/conv/conv_0658/csynth.xml,reports/conv/conv_0658/export_impl.xml,reports/conv/conv_0658/power_routed.rpt,NO,
conv_0659,16,56,28,16,1,1,1,False,group_conv2d,2,sigmoid,YES,YES,YES,configs/conv/conv_0659.json,reports/conv/conv_0659/csynth.xml,reports/conv/conv_0659/export_impl.xml,reports/conv/conv_0659/power_routed.rpt,NO,
conv_0660,16,56,28,16,1,1,1,False,group_conv2d,4,sigmoid,YES,YES,YES,configs/conv/conv_0660.json,reports/conv/conv_0660/csynth.xml,reports/conv/conv_0660/export_impl.xml,reports/conv/conv_0660/power_routed.rpt,NO,
conv_0661,16,56,28,16,1,1,1,True,conv2d,,tanh,YES,YES,YES,configs/conv/conv_0661.json,reports/conv/conv_0661/csynth.xml,reports/conv/conv_0661/export_impl.xml,reports/conv/conv_0661/power_routed.rpt,NO,
conv_0662,16,56,28,16,1,1,1,True,group_conv2d,2,tanh,YES,YES,YES,configs/conv/conv_0662.json,reports/conv/conv_0662/csynth.xml,reports/conv/conv_0662/export_impl.xml,reports/conv/conv_0662/power_routed.rpt,NO,
conv_0663,16,56,28,16,1,1,1,True,group_conv2d,4,tanh,YES,YES,YES,configs/conv/conv_0663.json,reports/conv/conv_0663/csynth.xml,reports/conv/conv_0663/export_impl.xml,reports/conv/conv_0663/power_routed.rpt,NO,
conv_0664,16,56,28,16,1,1,1,False,conv2d,,tanh,YES,YES,YES,configs/conv/conv_0664.json,reports/conv/conv_0664/csynth.xml,reports/conv/conv_0664/export_impl.xml,reports/conv/conv_0664/power_routed.rpt,NO,
conv_0665,16,56,28,16,1,1,1,False,group_conv2d,2,tanh,YES,YES,YES,configs/conv/conv_0665.json,reports/conv/conv_0665/csynth.xml,reports/conv/conv_0665/export_impl.xml,reports/conv/conv_0665/power_routed.rpt,NO,
conv_0666,16,56,28,16,1,1,1,False,group_conv2d,4,tanh,YES,YES,YES,configs/conv/conv_0666.json,reports/conv/conv_0666/csynth.xml,reports/conv/conv_0666/export_impl.xml,reports/conv/conv_0666/power_routed.rpt,NO,
conv_0667,16,56,28,16,1,1,4,True,conv2d,,relu,YES,YES,NO,configs/conv/conv_0667.json,reports/conv/conv_0667/csynth.xml,,,NO,
conv_0668,16,56,28,16,1,1,4,True,group_conv2d,2,relu,YES,YES,NO,configs/conv/conv_0668.json,reports/conv/conv_0668/csynth.xml,,,NO,
conv_0669,16,56,28,16,1,1,4,True,group_conv2d,4,relu,YES,YES,NO,configs/conv/conv_0669.json,reports/conv/conv_0669/csynth.xml,,,NO,
conv_0670,16,56,28,16,1,1,4,False,conv2d,,relu,YES,YES,YES,configs/conv/conv_0670.json,reports/conv/conv_0670/csynth.xml,reports/conv/conv_0670/export_impl.xml,reports/conv/conv_0670/power_routed.rpt,NO,
conv_0671,16,56,28,16,1,1,4,False,group_conv2d,2,relu,YES,YES,NO,configs/conv/conv_0671.json,reports/conv/conv_0671/csynth.xml,,,NO,
conv_0672,16,56,28,16,1,1,4,False,group_conv2d,4,relu,YES,YES,NO,configs/conv/conv_0672.json,reports/conv/conv_0672/csynth.xml,,,NO,
conv_0673,16,56,28,16,1,1,4,True,conv2d,,sigmoid,YES,YES,NO,configs/conv/conv_0673.json,reports/conv/conv_0673/csynth.xml,,,NO,
conv_0674,16,56,28,16,1,1,4,True,group_conv2d,2,sigmoid,YES,YES,NO,configs/conv/conv_0674.json,reports/conv/conv_0674/csynth.xml,,,NO,
conv_0675,16,56,28,16,1,1,4,True,group_conv2d,4,sigmoid,YES,YES,NO,configs/conv/conv_0675.json,reports/conv/conv_0675/csynth.xml,,,NO,
conv_0676,16,56,28,16,1,1,4,False,conv2d,,sigmoid,YES,YES,NO,configs/conv/conv_0676.json,reports/conv/conv_0676/csynth.xml,,,NO,
conv_0677,16,56,28,16,1,1,4,False,group_conv2d,2,sigmoid,YES,YES,NO,configs/conv/conv_0677.json,reports/conv/conv_0677/csynth.xml,,,NO,
conv_0678,16,56,28,16,1,1,4,False,group_conv2d,4,sigmoid,YES,YES,NO,configs/conv/conv_0678.json,reports/conv/conv_0678/csynth.xml,,,NO,
conv_0679,16,56,28,16,1,1,4,True,conv2d,,tanh,YES,YES,NO,configs/conv/conv_0679.json,reports/conv/conv_0679/csynth.xml,,,NO,
conv_0680,16,56,28,16,1,1,4,True,group_conv2d,2,tanh,YES,YES,NO,configs/conv/conv_0680.json,reports/conv/conv_0680/csynth.xml,,,NO,
conv_0681,16,56,28,16,1,1,4,True,group_conv2d,4,tanh,YES,YES,YES,configs/conv/conv_0681.json,reports/conv/conv_0681/csynth.xml,reports/conv/conv_0681/export_impl.xml,reports/conv/conv_0681/power_routed.rpt,NO,
conv_0682,16,56,28,16,1,1,4,False,conv2d,,tanh,YES,YES,NO,configs/conv/conv_0682.json,reports/conv/conv_0682/csynth.xml,,,NO,
conv_0683,16,56,28,16,1,1,4,False,group_conv2d,2,tanh,YES,YES,NO,configs/conv/conv_0683.json,reports/conv/conv_0683/csynth.xml,,,NO,
conv_0684,16,56,28,16,1,1,4,False,group_conv2d,4,tanh,YES,YES,YES,configs/conv/conv_0684.json,reports/conv/conv_0684/csynth.xml,reports/conv/conv_0684/export_impl.xml,reports/conv/conv_0684/power_routed.rpt,NO,
conv_0685,16,56,28,16,1,1,8,True,conv2d,,relu,YES,YES,NO,configs/conv/conv_0685.json,reports/conv/conv_0685/csynth.xml,,,NO,
conv_0686,16,56,28,16,1,1,8,True,group_conv2d,2,relu,YES,YES,NO,configs/conv/conv_0686.json,reports/conv/conv_0686/csynth.xml,,,NO,
conv_0687,16,56,28,16,1,1,8,True,group_conv2d,4,relu,YES,YES,NO,configs/conv/conv_0687.json,reports/conv/conv_0687/csynth.xml,,,NO,
conv_0688,16,56,28,16,1,1,8,False,conv2d,,relu,YES,YES,YES,configs/conv/conv_0688.json,reports/conv/conv_0688/csynth.xml,reports/conv/conv_0688/export_impl.xml,reports/conv/conv_0688/power_routed.rpt,NO,
conv_0689,16,56,28,16,1,1,8,False,group_conv2d,2,relu,YES,YES,NO,configs/conv/conv_0689.json,reports/conv/conv_0689/csynth.xml,,,NO,
conv_0690,16,56,28,16,1,1,8,False,group_conv2d,4,relu,YES,YES,NO,configs/conv/conv_0690.json,reports/conv/conv_0690/csynth.xml,,,NO,
conv_0691,16,56,28,16,1,1,8,True,conv2d,,sigmoid,YES,YES,NO,configs/conv/conv_0691.json,reports/conv/conv_0691/csynth.xml,,,NO,
conv_0692,16,56,28,16,1,1,8,True,group_conv2d,2,sigmoid,YES,YES,NO,configs/conv/conv_0692.json,reports/conv/conv_0692/csynth.xml,,,NO,
conv_0693,16,56,28,16,1,1,8,True,group_conv2d,4,sigmoid,YES,YES,NO,configs/conv/conv_0693.json,reports/conv/conv_0693/csynth.xml,,,NO,
conv_0694,16,56,28,16,1,1,8,False,conv2d,,sigmoid,YES,YES,NO,configs/conv/conv_0694.json,reports/conv/conv_0694/csynth.xml,,,NO,
conv_0695,16,56,28,16,1,1,8,False,group_conv2d,2,sigmoid,YES,YES,NO,configs/conv/conv_0695.json,reports/conv/conv_0695/csynth.xml,,,NO,
conv_0696,16,56,28,16,1,1,8,False,group_conv2d,4,sigmoid,YES,YES,NO,configs/conv/conv_0696.json,reports/conv/conv_0696/csynth.xml,,,NO,
conv_0697,16,56,28,16,1,1,8,True,conv2d,,tanh,YES,YES,NO,configs/conv/conv_0697.json,reports/conv/conv_0697/csynth.xml,,,NO,
conv_0698,16,56,28,16,1,1,8,True,group_conv2d,2,tanh,YES,YES,NO,configs/conv/conv_0698.json,reports/conv/conv_0698/csynth.xml,,,NO,
conv_0699,16,56,28,16,1,1,8,True,group_conv2d,4,tanh,YES,YES,NO,configs/conv/conv_0699.json,reports/conv/conv_0699/csynth.xml,,,NO,
conv_0700,16,56,28,16,1,1,8,False,conv2d,,tanh,YES,YES,NO,configs/conv/conv_0700.json,reports/conv/conv_0700/csynth.xml,,,NO,
conv_0701,16,56,28,16,1,1,8,False,group_conv2d,2,tanh,YES,YES,NO,configs/conv/conv_0701.json,reports/conv/conv_0701/csynth.xml,,,NO,
conv_0702,16,56,28,16,1,1,8,False,group_conv2d,4,tanh,YES,YES,NO,configs/conv/conv_0702.json,reports/conv/conv_0702/csynth.xml,,,NO,
conv_0703,16,56,28,16,1,4,1,True,conv2d,,relu,YES,YES,NO,configs/conv/conv_0703.json,reports/conv/conv_0703/csynth.xml,,,NO,
conv_0704,16,56,28,16,1,4,1,True,group_conv2d,2,relu,YES,YES,NO,configs/conv/conv_0704.json,reports/conv/conv_0704/csynth.xml,,,NO,
conv_0705,16,56,28,16,1,4,1,True,group_conv2d,4,relu,YES,YES,NO,configs/conv/conv_0705.json,reports/conv/conv_0705/csynth.xml,,,NO,
conv_0706,16,56,28,16,1,4,1,False,conv2d,,relu,YES,YES,NO,configs/conv/conv_0706.json,reports/conv/conv_0706/csynth.xml,,,NO,
conv_0707,16,56,28,16,1,4,1,False,group_conv2d,2,relu,YES,YES,NO,configs/conv/conv_0707.json,reports/conv/conv_0707/csynth.xml,,,NO,
conv_0708,16,56,28,16,1,4,1,False,group_conv2d,4,relu,YES,YES,NO,configs/conv/conv_0708.json,reports/conv/conv_0708/csynth.xml,,,NO,
conv_0709,16,56,28,16,1,4,1,True,conv2d,,sigmoid,YES,YES,NO,configs/conv/conv_0709.json,reports/conv/conv_0709/csynth.xml,,,NO,
conv_0710,16,56,28,16,1,4,1,True,group_conv2d,2,sigmoid,YES,YES,NO,configs/conv/conv_0710.json,reports/conv/conv_0710/csynth.xml,,,NO,
conv_0711,16,56,28,16,1,4,1,True,group_conv2d,4,sigmoid,YES,YES,YES,configs/conv/conv_0711.json,reports/conv/conv_0711/csynth.xml,reports/conv/conv_0711/export_impl.xml,reports/conv/conv_0711/power_routed.rpt,NO,
conv_0712,16,56,28,16,1,4,1,False,conv2d,,sigmoid,YES,YES,NO,configs/conv/conv_0712.json,reports/conv/conv_0712/csynth.xml,,,NO,
conv_0713,16,56,28,16,1,4,1,False,group_conv2d,2,sigmoid,YES,YES,NO,configs/conv/conv_0713.json,reports/conv/conv_0713/csynth.xml,,,NO,
conv_0714,16,56,28,16,1,4,1,False,group_conv2d,4,sigmoid,YES,YES,YES,configs/conv/conv_0714.json,reports/conv/conv_0714/csynth.xml,reports/conv/conv_0714/export_impl.xml,reports/conv/conv_0714/power_routed.rpt,NO,
conv_0715,16,56,28,16,1,4,1,True,conv2d,,tanh,YES,YES,NO,configs/conv/conv_0715.json,reports/conv/conv_0715/csynth.xml,,,NO,
conv_0716,16,56,28,16,1,4,1,True,group_conv2d,2,tanh,YES,YES,NO,configs/conv/conv_0716.json,reports/conv/conv_0716/csynth.xml,,,NO,
conv_0717,16,56,28,16,1,4,1,True,group_conv2d,4,tanh,YES,YES,NO,configs/conv/conv_0717.json,reports/conv/conv_0717/csynth.xml,,,NO,
conv_0718,16,56,28,16,1,4,1,False,conv2d,,tanh,YES,YES,NO,configs/conv/conv_0718.json,reports/conv/conv_0718/csynth.xml,,,NO,
conv_0719,16,56,28,16,1,4,1,False,group_conv2d,2,tanh,YES,YES,NO,configs/conv/conv_0719.json,reports/conv/conv_0719/csynth.xml,,,NO,
conv_0720,16,56,28,16,1,4,1,False,group_conv2d,4,tanh,YES,YES,NO,configs/conv/conv_0720.json,reports/conv/conv_0720/csynth.xml,,,NO,
conv_0721,16,56,28,16,1,4,4,True,conv2d,,relu,YES,YES,NO,configs/conv/conv_0721.json,reports/conv/conv_0721/csynth.xml,,,NO,
conv_0722,16,56,28,16,1,4,4,True,group_conv2d,2,relu,YES,YES,NO,configs/conv/conv_0722.json,reports/conv/conv_0722/csynth.xml,,,NO,
conv_0723,16,56,28,16,1,4,4,True,group_conv2d,4,relu,YES,YES,YES,configs/conv/conv_0723.json,reports/conv/conv_0723/csynth.xml,reports/conv/conv_0723/export_impl.xml,reports/conv/conv_0723/power_routed.rpt,NO,
conv_0724,16,56,28,16,1,4,4,False,conv2d,,relu,YES,YES,NO,configs/conv/conv_0724.json,reports/conv/conv_0724/csynth.xml,,,NO,
conv_0725,16,56,28,16,1,4,4,False,group_conv2d,2,relu,YES,YES,NO,configs/conv/conv_0725.json,reports/conv/conv_0725/csynth.xml,,,NO,
conv_0726,16,56,28,16,1,4,4,False,group_conv2d,4,relu,YES,YES,NO,configs/conv/conv_0726.json,reports/conv/conv_0726/csynth.xml,,,NO,
conv_0727,16,56,28,16,1,4,4,True,conv2d,,sigmoid,YES,YES,NO,configs/conv/conv_0727.json,reports/conv/conv_0727/csynth.xml,,,NO,
conv_0728,16,56,28,16,1,4,4,True,group_conv2d,2,sigmoid,YES,YES,NO,configs/conv/conv_0728.json,reports/conv/conv_0728/csynth.xml,,,NO,
conv_0729,16,56,28,16,1,4,4,True,group_conv2d,4,sigmoid,YES,YES,NO,configs/conv/conv_0729.json,reports/conv/conv_0729/csynth.xml,,,NO,
conv_0730,16,56,28,16,1,4,4,False,conv2d,,sigmoid,YES,YES,NO,configs/conv/conv_0730.json,reports/conv/conv_0730/csynth.xml,,,NO,
conv_0731,16,56,28,16,1,4,4,False,group_conv2d,2,sigmoid,YES,YES,NO,configs/conv/conv_0731.json,reports/conv/conv_0731/csynth.xml,,,NO,
conv_0732,16,56,28,16,1,4,4,False,group_conv2d,4,sigmoid,YES,YES,YES,configs/conv/conv_0732.json,reports/conv/conv_0732/csynth.xml,reports/conv/conv_0732/export_impl.xml,reports/conv/conv_0732/power_routed.rpt,NO,
conv_0733,16,56,28,16,1,4,4,True,conv2d,,tanh,YES,YES,NO,configs/conv/conv_0733.json,reports/conv/conv_0733/csynth.xml,,,NO,
conv_0734,16,56,28,16,1,4,4,True,group_conv2d,2,tanh,YES,YES,NO,configs/conv/conv_0734.json,reports/conv/conv_0734/csynth.xml,,,NO,
conv_0735,16,56,28,16,1,4,4,True,group_conv2d,4,tanh,YES,YES,NO,configs/conv/conv_0735.json,reports/conv/conv_0735/csynth.xml,,,NO,
conv_0736,16,56,28,16,1,4,4,False,conv2d,,tanh,YES,YES,NO,configs/conv/conv_0736.json,reports/conv/conv_0736/csynth.xml,,,NO,
conv_0737,16,56,28,16,1,4,4,False,group_conv2d,2,tanh,YES,YES,NO,configs/conv/conv_0737.json,reports/conv/conv_0737/csynth.xml,,,NO,
conv_0738,16,56,28,16,1,4,4,False,group_conv2d,4,tanh,YES,YES,NO,configs/conv/conv_0738.json,reports/conv/conv_0738/csynth.xml,,,NO,
conv_0739,16,56,28,16,1,4,8,True,conv2d,,relu,YES,YES,NO,configs/conv/conv_0739.json,reports/conv/conv_0739/csynth.xml,,,NO,
conv_0740,16,56,28,16,1,4,8,True,group_conv2d,2,relu,YES,YES,NO,configs/conv/conv_0740.json,reports/conv/conv_0740/csynth.xml,,,NO,
conv_0741,16,56,28,16,1,4,8,True,group_conv2d,4,relu,YES,YES,NO,configs/conv/conv_0741.json,reports/conv/conv_0741/csynth.xml,,,NO,
conv_0742,16,56,28,16,1,4,8,False,conv2d,,relu,YES,YES,NO,configs/conv/conv_0742.json,reports/conv/conv_0742/csynth.xml,,,NO,
conv_0743,16,56,28,16,1,4,8,False,group_conv2d,2,relu,YES,YES,NO,configs/conv/conv_0743.json,reports/conv/conv_0743/csynth.xml,,,NO,
conv_0744,16,56,28,16,1,4,8,False,group_conv2d,4,relu,YES,YES,YES,configs/conv/conv_0744.json,reports/conv/conv_0744/csynth.xml,reports/conv/conv_0744/export_impl.xml,reports/conv/conv_0744/power_routed.rpt,NO,
conv_0745,16,56,28,16,1,4,8,True,conv2d,,sigmoid,YES,YES,NO,configs/conv/conv_0745.json,reports/conv/conv_0745/csynth.xml,,,NO,
conv_0746,16,56,28,16,1,4,8,True,group_conv2d,2,sigmoid,YES,YES,NO,configs/conv/conv_0746.json,reports/conv/conv_0746/csynth.xml,,,NO,
conv_0747,16,56,28,16,1,4,8,True,group_conv2d,4,sigmoid,YES,YES,NO,configs/conv/conv_0747.json,reports/conv/conv_0747/csynth.xml,,,NO,
conv_0748,16,56,28,16,1,4,8,False,conv2d,,sigmoid,YES,YES,NO,configs/conv/conv_0748.json,reports/conv/conv_0748/csynth.xml,,,NO,
conv_0749,16,56,28,16,1,4,8,False,group_conv2d,2,sigmoid,YES,YES,NO,configs/conv/conv_0749.json,reports/conv/conv_0749/csynth.xml,,,NO,
conv_0750,16,56,28,16,1,4,8,False,group_conv2d,4,sigmoid,YES,YES,NO,configs/conv/conv_0750.json,reports/conv/conv_0750/csynth.xml,,,NO,
conv_0751,16,56,28,16,1,4,8,True,conv2d,,tanh,YES,YES,NO,configs/conv/conv_0751.json,reports/conv/conv_0751/csynth.xml,,,NO,
conv_0752,16,56,28,16,1,4,8,True,group_conv2d,2,tanh,YES,YES,NO,configs/conv/conv_0752.json,reports/conv/conv_0752/csynth.xml,,,NO,
conv_0753,16,56,28,16,1,4,8,True,group_conv2d,4,tanh,YES,YES,NO,configs/conv/conv_0753.json,reports/conv/conv_0753/csynth.xml,,,NO,
conv_0754,16,56,28,16,1,4,8,False,conv2d,,tanh,YES,YES,NO,configs/conv/conv_0754.json,reports/conv/conv_0754/csynth.xml,,,NO,
conv_0755,16,56,28,16,1,4,8,False,group_conv2d,2,tanh,YES,YES,NO,configs/conv/conv_0755.json,reports/conv/conv_0755/csynth.xml,,,NO,
conv_0756,16,56,28,16,1,4,8,False,group_conv2d,4,tanh,YES,YES,NO,configs/conv/conv_0756.json,reports/conv/conv_0756/csynth.xml,,,NO,
conv_0757,16,56,28,16,1,8,1,True,conv2d,,relu,YES,YES,NO,configs/conv/conv_0757.json,reports/conv/conv_0757/csynth.xml,,,NO,
conv_0758,16,56,28,16,1,8,1,True,group_conv2d,2,relu,YES,YES,YES,configs/conv/conv_0758.json,reports/conv/conv_0758/csynth.xml,reports/conv/conv_0758/export_impl.xml,reports/conv/conv_0758/power_routed.rpt,NO,
conv_0759,16,56,28,16,1,8,1,True,group_conv2d,4,relu,YES,YES,NO,configs/conv/conv_0759.json,reports/conv/conv_0759/csynth.xml,,,NO,
conv_0760,16,56,28,16,1,8,1,False,conv2d,,relu,YES,YES,NO,configs/conv/conv_0760.json,reports/conv/conv_0760/csynth.xml,,,NO,
conv_0761,16,56,28,16,1,8,1,False,group_conv2d,2,relu,YES,YES,NO,configs/conv/conv_0761.json,reports/conv/conv_0761/csynth.xml,,,NO,
conv_0762,16,56,28,16,1,8,1,False,group_conv2d,4,relu,YES,YES,NO,configs/conv/conv_0762.json,reports/conv/conv_0762/csynth.xml,,,NO,
conv_0763,16,56,28,16,1,8,1,True,conv2d,,sigmoid,YES,YES,NO,configs/conv/conv_0763.json,reports/conv/conv_0763/csynth.xml,,,NO,
conv_0764,16,56,28,16,1,8,1,True,group_conv2d,2,sigmoid,YES,YES,NO,configs/conv/conv_0764.json,reports/conv/conv_0764/csynth.xml,,,NO,
conv_0765,16,56,28,16,1,8,1,True,group_conv2d,4,sigmoid,YES,YES,NO,configs/conv/conv_0765.json,reports/conv/conv_0765/csynth.xml,,,NO,
conv_0766,16,56,28,16,1,8,1,False,conv2d,,sigmoid,YES,YES,NO,configs/conv/conv_0766.json,reports/conv/conv_0766/csynth.xml,,,NO,
conv_0767,16,56,28,16,1,8,1,False,group_conv2d,2,sigmoid,YES,YES,NO,configs/conv/conv_0767.json,reports/conv/conv_0767/csynth.xml,,,NO,
conv_0768,16,56,28,16,1,8,1,False,group_conv2d,4,sigmoid,YES,YES,NO,configs/conv/conv_0768.json,reports/conv/conv_0768/csynth.xml,,,NO,
conv_0769,16,56,28,16,1,8,1,True,conv2d,,tanh,YES,YES,NO,configs/conv/conv_0769.json,reports/conv/conv_0769/csynth.xml,,,NO,
conv_0770,16,56,28,16,1,8,1,True,group_conv2d,2,tanh,YES,YES,NO,configs/conv/conv_0770.json,reports/conv/conv_0770/csynth.xml,,,NO,
conv_0771,16,56,28,16,1,8,1,True,group_conv2d,4,tanh,YES,YES,NO,configs/conv/conv_0771.json,reports/conv/conv_0771/csynth.xml,,,NO,
conv_0772,16,56,28,16,1,8,1,False,conv2d,,tanh,YES,YES,NO,configs/conv/conv_0772.json,reports/conv/conv_0772/csynth.xml,,,NO,
conv_0773,16,56,28,16,1,8,1,False,group_conv2d,2,tanh,YES,YES,NO,configs/conv/conv_0773.json,reports/conv/conv_0773/csynth.xml,,,NO,
conv_0774,16,56,28,16,1,8,1,False,group_conv2d,4,tanh,YES,YES,NO,configs/conv/conv_0774.json,reports/conv/conv_0774/csynth.xml,,,NO,
conv_0775,16,56,28,16,1,8,4,True,conv2d,,relu,YES,YES,NO,configs/conv/conv_0775.json,reports/conv/conv_0775/csynth.xml,,,NO,
conv_0776,16,56,28,16,1,8,4,True,group_conv2d,2,relu,YES,YES,NO,configs/conv/conv_0776.json,reports/conv/conv_0776/csynth.xml,,,NO,
conv_0777,16,56,28,16,1,8,4,True,group_conv2d,4,relu,YES,YES,NO,configs/conv/conv_0777.json,reports/conv/conv_0777/csynth.xml,,,NO,
conv_0778,16,56,28,16,1,8,4,False,conv2d,,relu,YES,YES,NO,configs/conv/conv_0778.json,reports/conv/conv_0778/csynth.xml,,,NO,
conv_0779,16,56,28,16,1,8,4,False,group_conv2d,2,relu,YES,YES,NO,configs/conv/conv_0779.json,reports/conv/conv_0779/csynth.xml,,,NO,
conv_0780,16,56,28,16,1,8,4,False,group_conv2d,4,relu,YES,YES,NO,configs/conv/conv_0780.json,reports/conv/conv_0780/csynth.xml,,,NO,
conv_0781,16,56,28,16,1,8,4,True,conv2d,,sigmoid,YES,YES,NO,configs/conv/conv_0781.json,reports/conv/conv_0781/csynth.xml,,,NO,
conv_0782,16,56,28,16,1,8,4,True,group_conv2d,2,sigmoid,YES,YES,NO,configs/conv/conv_0782.json,reports/conv/conv_0782/csynth.xml,,,NO,
conv_0783,16,56,28,16,1,8,4,True,group_conv2d,4,sigmoid,YES,YES,NO,configs/conv/conv_0783.json,reports/conv/conv_0783/csynth.xml,,,NO,
conv_0784,16,56,28,16,1,8,4,False,conv2d,,sigmoid,YES,YES,NO,configs/conv/conv_0784.json,reports/conv/conv_0784/csynth.xml,,,NO,
conv_0785,16,56,28,16,1,8,4,False,group_conv2d,2,sigmoid,YES,YES,NO,configs/conv/conv_0785.json,reports/conv/conv_0785/csynth.xml,,,NO,
conv_0786,16,56,28,16,1,8,4,False,group_conv2d,4,sigmoid,YES,YES,NO,configs/conv/conv_0786.json,reports/conv/conv_0786/csynth.xml,,,NO,
conv_0787,16,56,28,16,1,8,4,True,conv2d,,tanh,YES,YES,NO,configs/conv/conv_0787.json,reports/conv/conv_0787/csynth.xml,,,NO,
conv_0788,16,56,28,16,1,8,4,True,group_conv2d,2,tanh,YES,YES,NO,configs/conv/conv_0788.json,reports/conv/conv_0788/csynth.xml,,,NO,
conv_0789,16,56,28,16,1,8,4,True,group_conv2d,4,tanh,YES,YES,NO,configs/conv/conv_0789.json,reports/conv/conv_0789/csynth.xml,,,NO,
conv_0790,16,56,28,16,1,8,4,False,conv2d,,tanh,YES,YES,NO,configs/conv/conv_0790.json,reports/conv/conv_0790/csynth.xml,,,NO,
conv_0791,16,56,28,16,1,8,4,False,group_conv2d,2,tanh,YES,YES,NO,configs/conv/conv_0791.json,reports/conv/conv_0791/csynth.xml,,,NO,
conv_0792,16,56,28,16,1,8,4,False,group_conv2d,4,tanh,YES,YES,NO,configs/conv/conv_0792.json,reports/conv/conv_0792/csynth.xml,,,NO,
conv_0793,16,56,28,16,1,8,8,True,conv2d,,relu,YES,YES,NO,configs/conv/conv_0793.json,reports/conv/conv_0793/csynth.xml,,,NO,
conv_0794,16,56,28,16,1,8,8,True,group_conv2d,2,relu,YES,YES,NO,configs/conv/conv_0794.json,reports/conv/conv_0794/csynth.xml,,,NO,
conv_0795,16,56,28,16,1,8,8,True,group_conv2d,4,relu,YES,YES,NO,configs/conv/conv_0795.json,reports/conv/conv_0795/csynth.xml,,,NO,
conv_0796,16,56,28,16,1,8,8,False,conv2d,,relu,YES,YES,YES,configs/conv/conv_0796.json,reports/conv/conv_0796/csynth.xml,reports/conv/conv_0796/export_impl.xml,reports/conv/conv_0796/power_routed.rpt,NO,
conv_0797,16,56,28,16,1,8,8,False,group_conv2d,2,relu,YES,YES,NO,configs/conv/conv_0797.json,reports/conv/conv_0797/csynth.xml,,,NO,
conv_0798,16,56,28,16,1,8,8,False,group_conv2d,4,relu,YES,YES,NO,configs/conv/conv_0798.json,reports/conv/conv_0798/csynth.xml,,,NO,
conv_0799,16,56,28,16,1,8,8,True,conv2d,,sigmoid,YES,YES,NO,configs/conv/conv_0799.json,reports/conv/conv_0799/csynth.xml,,,NO,
conv_0800,16,56,28,16,1,8,8,True,group_conv2d,2,sigmoid,YES,YES,NO,configs/conv/conv_0800.json,reports/conv/conv_0800/csynth.xml,,,NO,
conv_0801,16,56,28,16,1,8,8,True,group_conv2d,4,sigmoid,YES,YES,NO,configs/conv/conv_0801.json,reports/conv/conv_0801/csynth.xml,,,NO,
conv_0802,16,56,28,16,1,8,8,False,conv2d,,sigmoid,YES,YES,NO,configs/conv/conv_0802.json,reports/conv/conv_0802/csynth.xml,,,NO,
conv_0803,16,56,28,16,1,8,8,False,group_conv2d,2,sigmoid,YES,YES,NO,configs/conv/conv_0803.json,reports/conv/conv_0803/csynth.xml,,,NO,
conv_0804,16,56,28,16,1,8,8,False,group_conv2d,4,sigmoid,YES,YES,NO,configs/conv/conv_0804.json,reports/conv/conv_0804/csynth.xml,,,NO,
conv_0805,16,56,28,16,1,8,8,True,conv2d,,tanh,YES,YES,NO,configs/conv/conv_0805.json,reports/conv/conv_0805/csynth.xml,,,NO,
conv_0806,16,56,28,16,1,8,8,True,group_conv2d,2,tanh,YES,YES,NO,configs/conv/conv_0806.json,reports/conv/conv_0806/csynth.xml,,,NO,
conv_0807,16,56,28,16,1,8,8,True,group_conv2d,4,tanh,YES,YES,NO,configs/conv/conv_0807.json,reports/conv/conv_0807/csynth.xml,,,NO,
conv_0808,16,56,28,16,1,8,8,False,conv2d,,tanh,YES,YES,NO,configs/conv/conv_0808.json,reports/conv/conv_0808/csynth.xml,,,NO,
conv_0809,16,56,28,16,1,8,8,False,group_conv2d,2,tanh,YES,YES,NO,configs/conv/conv_0809.json,reports/conv/conv_0809/csynth.xml,,,NO,
conv_0810,16,56,28,16,1,8,8,False,group_conv2d,4,tanh,YES,YES,NO,configs/conv/conv_0810.json,reports/conv/conv_0810/csynth.xml,,,NO,
conv_0811,16,56,28,16,3,1,1,True,conv2d,,relu,YES,YES,YES,configs/conv/conv_0811.json,reports/conv/conv_0811/csynth.xml,reports/conv/conv_0811/export_impl.xml,reports/conv/conv_0811/power_routed.rpt,NO,
conv_0812,16,56,28,16,3,1,1,True,group_conv2d,2,relu,YES,YES,YES,configs/conv/conv_0812.json,reports/conv/conv_0812/csynth.xml,reports/conv/conv_0812/export_impl.xml,reports/conv/conv_0812/power_routed.rpt,NO,
conv_0813,16,56,28,16,3,1,1,True,group_conv2d,4,relu,YES,YES,YES,configs/conv/conv_0813.json,reports/conv/conv_0813/csynth.xml,reports/conv/conv_0813/export_impl.xml,reports/conv/conv_0813/power_routed.rpt,NO,
conv_0814,16,56,28,16,3,1,1,False,conv2d,,relu,YES,YES,YES,configs/conv/conv_0814.json,reports/conv/conv_0814/csynth.xml,reports/conv/conv_0814/export_impl.xml,reports/conv/conv_0814/power_routed.rpt,NO,
conv_0815,16,56,28,16,3,1,1,False,group_conv2d,2,relu,YES,YES,YES,configs/conv/conv_0815.json,reports/conv/conv_0815/csynth.xml,reports/conv/conv_0815/export_impl.xml,reports/conv/conv_0815/power_routed.rpt,NO,
conv_0816,16,56,28,16,3,1,1,False,group_conv2d,4,relu,YES,YES,YES,configs/conv/conv_0816.json,reports/conv/conv_0816/csynth.xml,reports/conv/conv_0816/export_impl.xml,reports/conv/conv_0816/power_routed.rpt,NO,
conv_0817,16,56,28,16,3,1,1,True,conv2d,,sigmoid,YES,YES,YES,configs/conv/conv_0817.json,reports/conv/conv_0817/csynth.xml,reports/conv/conv_0817/export_impl.xml,reports/conv/conv_0817/power_routed.rpt,NO,
conv_0818,16,56,28,16,3,1,1,True,group_conv2d,2,sigmoid,YES,YES,YES,configs/conv/conv_0818.json,reports/conv/conv_0818/csynth.xml,reports/conv/conv_0818/export_impl.xml,reports/conv/conv_0818/power_routed.rpt,NO,
conv_0819,16,56,28,16,3,1,1,True,group_conv2d,4,sigmoid,YES,YES,YES,configs/conv/conv_0819.json,reports/conv/conv_0819/csynth.xml,reports/conv/conv_0819/export_impl.xml,reports/conv/conv_0819/power_routed.rpt,NO,
conv_0820,16,56,28,16,3,1,1,False,conv2d,,sigmoid,YES,YES,YES,configs/conv/conv_0820.json,reports/conv/conv_0820/csynth.xml,reports/conv/conv_0820/export_impl.xml,reports/conv/conv_0820/power_routed.rpt,NO,
conv_0821,16,56,28,16,3,1,1,False,group_conv2d,2,sigmoid,YES,YES,YES,configs/conv/conv_0821.json,reports/conv/conv_0821/csynth.xml,reports/conv/conv_0821/export_impl.xml,reports/conv/conv_0821/power_routed.rpt,NO,
conv_0822,16,56,28,16,3,1,1,False,group_conv2d,4,sigmoid,YES,YES,YES,configs/conv/conv_0822.json,reports/conv/conv_0822/csynth.xml,reports/conv/conv_0822/export_impl.xml,reports/conv/conv_0822/power_routed.rpt,NO,
conv_0823,16,56,28,16,3,1,1,True,conv2d,,tanh,YES,YES,YES,configs/conv/conv_0823.json,reports/conv/conv_0823/csynth.xml,reports/conv/conv_0823/export_impl.xml,reports/conv/conv_0823/power_routed.rpt,NO,
conv_0824,16,56,28,16,3,1,1,True,group_conv2d,2,tanh,YES,YES,YES,configs/conv/conv_0824.json,reports/conv/conv_0824/csynth.xml,reports/conv/conv_0824/export_impl.xml,reports/conv/conv_0824/power_routed.rpt,NO,
conv_0825,16,56,28,16,3,1,1,True,group_conv2d,4,tanh,YES,YES,YES,configs/conv/conv_0825.json,reports/conv/conv_0825/csynth.xml,reports/conv/conv_0825/export_impl.xml,reports/conv/conv_0825/power_routed.rpt,NO,
conv_0826,16,56,28,16,3,1,1,False,conv2d,,tanh,YES,YES,YES,configs/conv/conv_0826.json,reports/conv/conv_0826/csynth.xml,reports/conv/conv_0826/export_impl.xml,reports/conv/conv_0826/power_routed.rpt,NO,
conv_0827,16,56,28,16,3,1,1,False,group_conv2d,2,tanh,YES,YES,YES,configs/conv/conv_0827.json,reports/conv/conv_0827/csynth.xml,reports/conv/conv_0827/export_impl.xml,reports/conv/conv_0827/power_routed.rpt,NO,
conv_0828,16,56,28,16,3,1,1,False,group_conv2d,4,tanh,YES,YES,YES,configs/conv/conv_0828.json,reports/conv/conv_0828/csynth.xml,reports/conv/conv_0828/export_impl.xml,reports/conv/conv_0828/power_routed.rpt,NO,
conv_0829,16,56,28,16,3,1,4,True,conv2d,,relu,YES,YES,NO,configs/conv/conv_0829.json,reports/conv/conv_0829/csynth.xml,,,NO,
conv_0830,16,56,28,16,3,1,4,True,group_conv2d,2,relu,YES,YES,NO,configs/conv/conv_0830.json,reports/conv/conv_0830/csynth.xml,,,NO,
conv_0831,16,56,28,16,3,1,4,True,group_conv2d,4,relu,YES,YES,YES,configs/conv/conv_0831.json,reports/conv/conv_0831/csynth.xml,reports/conv/conv_0831/export_impl.xml,reports/conv/conv_0831/power_routed.rpt,NO,
conv_0832,16,56,28,16,3,1,4,False,conv2d,,relu,YES,YES,NO,configs/conv/conv_0832.json,reports/conv/conv_0832/csynth.xml,,,NO,
conv_0833,16,56,28,16,3,1,4,False,group_conv2d,2,relu,YES,YES,NO,configs/conv/conv_0833.json,reports/conv/conv_0833/csynth.xml,,,NO,
conv_0834,16,56,28,16,3,1,4,False,group_conv2d,4,relu,YES,YES,YES,configs/conv/conv_0834.json,reports/conv/conv_0834/csynth.xml,reports/conv/conv_0834/export_impl.xml,reports/conv/conv_0834/power_routed.rpt,NO,
conv_0835,16,56,28,16,3,1,4,True,conv2d,,sigmoid,YES,YES,NO,configs/conv/conv_0835.json,reports/conv/conv_0835/csynth.xml,,,NO,
conv_0836,16,56,28,16,3,1,4,True,group_conv2d,2,sigmoid,YES,YES,NO,configs/conv/conv_0836.json,reports/conv/conv_0836/csynth.xml,,,NO,
conv_0837,16,56,28,16,3,1,4,True,group_conv2d,4,sigmoid,YES,YES,NO,configs/conv/conv_0837.json,reports/conv/conv_0837/csynth.xml,,,NO,
conv_0838,16,56,28,16,3,1,4,False,conv2d,,sigmoid,YES,YES,NO,configs/conv/conv_0838.json,reports/conv/conv_0838/csynth.xml,,,NO,
conv_0839,16,56,28,16,3,1,4,False,group_conv2d,2,sigmoid,YES,YES,NO,configs/conv/conv_0839.json,reports/conv/conv_0839/csynth.xml,,,NO,
conv_0840,16,56,28,16,3,1,4,False,group_conv2d,4,sigmoid,YES,YES,NO,configs/conv/conv_0840.json,reports/conv/conv_0840/csynth.xml,,,NO,
conv_0841,16,56,28,16,3,1,4,True,conv2d,,tanh,YES,YES,NO,configs/conv/conv_0841.json,reports/conv/conv_0841/csynth.xml,,,NO,
conv_0842,16,56,28,16,3,1,4,True,group_conv2d,2,tanh,YES,YES,NO,configs/conv/conv_0842.json,reports/conv/conv_0842/csynth.xml,,,NO,
conv_0843,16,56,28,16,3,1,4,True,group_conv2d,4,tanh,YES,YES,NO,configs/conv/conv_0843.json,reports/conv/conv_0843/csynth.xml,,,NO,
conv_0844,16,56,28,16,3,1,4,False,conv2d,,tanh,YES,YES,NO,configs/conv/conv_0844.json,reports/conv/conv_0844/csynth.xml,,,NO,
conv_0845,16,56,28,16,3,1,4,False,group_conv2d,2,tanh,YES,YES,NO,configs/conv/conv_0845.json,reports/conv/conv_0845/csynth.xml,,,NO,
conv_0846,16,56,28,16,3,1,4,False,group_conv2d,4,tanh,YES,YES,NO,configs/conv/conv_0846.json,reports/conv/conv_0846/csynth.xml,,,NO,
conv_0847,16,56,28,16,3,1,8,True,conv2d,,relu,YES,YES,NO,configs/conv/conv_0847.json,reports/conv/conv_0847/csynth.xml,,,NO,
conv_0848,16,56,28,16,3,1,8,True,group_conv2d,2,relu,YES,YES,NO,configs/conv/conv_0848.json,reports/conv/conv_0848/csynth.xml,,,NO,
conv_0849,16,56,28,16,3,1,8,True,group_conv2d,4,relu,YES,YES,NO,configs/conv/conv_0849.json,reports/conv/conv_0849/csynth.xml,,,NO,
conv_0850,16,56,28,16,3,1,8,False,conv2d,,relu,YES,YES,NO,configs/conv/conv_0850.json,reports/conv/conv_0850/csynth.xml,,,NO,
conv_0851,16,56,28,16,3,1,8,False,group_conv2d,2,relu,YES,YES,NO,configs/conv/conv_0851.json,reports/conv/conv_0851/csynth.xml,,,NO,
conv_0852,16,56,28,16,3,1,8,False,group_conv2d,4,relu,YES,YES,YES,configs/conv/conv_0852.json,reports/conv/conv_0852/csynth.xml,reports/conv/conv_0852/export_impl.xml,reports/conv/conv_0852/power_routed.rpt,NO,
conv_0853,16,56,28,16,3,1,8,True,conv2d,,sigmoid,YES,YES,NO,configs/conv/conv_0853.json,reports/conv/conv_0853/csynth.xml,,,NO,
conv_0854,16,56,28,16,3,1,8,True,group_conv2d,2,sigmoid,YES,YES,NO,configs/conv/conv_0854.json,reports/conv/conv_0854/csynth.xml,,,NO,
conv_0855,16,56,28,16,3,1,8,True,group_conv2d,4,sigmoid,YES,YES,NO,configs/conv/conv_0855.json,reports/conv/conv_0855/csynth.xml,,,NO,
conv_0856,16,56,28,16,3,1,8,False,conv2d,,sigmoid,YES,YES,NO,configs/conv/conv_0856.json,reports/conv/conv_0856/csynth.xml,,,NO,
conv_0857,16,56,28,16,3,1,8,False,group_conv2d,2,sigmoid,YES,YES,NO,configs/conv/conv_0857.json,reports/conv/conv_0857/csynth.xml,,,NO,
conv_0858,16,56,28,16,3,1,8,False,group_conv2d,4,sigmoid,YES,YES,NO,configs/conv/conv_0858.json,reports/conv/conv_0858/csynth.xml,,,NO,
conv_0859,16,56,28,16,3,1,8,True,conv2d,,tanh,YES,YES,NO,configs/conv/conv_0859.json,reports/conv/conv_0859/csynth.xml,,,NO,
conv_0860,16,56,28,16,3,1,8,True,group_conv2d,2,tanh,YES,YES,NO,configs/conv/conv_0860.json,reports/conv/conv_0860/csynth.xml,,,NO,
conv_0861,16,56,28,16,3,1,8,True,group_conv2d,4,tanh,YES,YES,NO,configs/conv/conv_0861.json,reports/conv/conv_0861/csynth.xml,,,NO,
conv_0862,16,56,28,16,3,1,8,False,conv2d,,tanh,YES,YES,NO,configs/conv/conv_0862.json,reports/conv/conv_0862/csynth.xml,,,NO,
conv_0863,16,56,28,16,3,1,8,False,group_conv2d,2,tanh,YES,YES,NO,configs/conv/conv_0863.json,reports/conv/conv_0863/csynth.xml,,,NO,
conv_0864,16,56,28,16,3,1,8,False,group_conv2d,4,tanh,YES,YES,NO,configs/conv/conv_0864.json,reports/conv/conv_0864/csynth.xml,,,NO,
conv_0865,16,56,28,16,3,4,1,True,conv2d,,relu,YES,YES,NO,configs/conv/conv_0865.json,reports/conv/conv_0865/csynth.xml,,,NO,
conv_0866,16,56,28,16,3,4,1,True,group_conv2d,2,relu,YES,YES,NO,configs/conv/conv_0866.json,reports/conv/conv_0866/csynth.xml,,,NO,
conv_0867,16,56,28,16,3,4,1,True,group_conv2d,4,relu,YES,YES,NO,configs/conv/conv_0867.json,reports/conv/conv_0867/csynth.xml,,,NO,
conv_0868,16,56,28,16,3,4,1,False,conv2d,,relu,YES,YES,NO,configs/conv/conv_0868.json,reports/conv/conv_0868/csynth.xml,,,NO,
conv_0869,16,56,28,16,3,4,1,False,group_conv2d,2,relu,YES,YES,NO,configs/conv/conv_0869.json,reports/conv/conv_0869/csynth.xml,,,NO,
conv_0870,16,56,28,16,3,4,1,False,group_conv2d,4,relu,YES,YES,NO,configs/conv/conv_0870.json,reports/conv/conv_0870/csynth.xml,,,NO,
conv_0871,16,56,28,16,3,4,1,True,conv2d,,sigmoid,YES,YES,NO,configs/conv/conv_0871.json,reports/conv/conv_0871/csynth.xml,,,NO,
conv_0872,16,56,28,16,3,4,1,True,group_conv2d,2,sigmoid,YES,YES,NO,configs/conv/conv_0872.json,reports/conv/conv_0872/csynth.xml,,,NO,
conv_0873,16,56,28,16,3,4,1,True,group_conv2d,4,sigmoid,YES,YES,NO,configs/conv/conv_0873.json,reports/conv/conv_0873/csynth.xml,,,NO,
conv_0874,16,56,28,16,3,4,1,False,conv2d,,sigmoid,YES,YES,NO,configs/conv/conv_0874.json,reports/conv/conv_0874/csynth.xml,,,NO,
conv_0875,16,56,28,16,3,4,1,False,group_conv2d,2,sigmoid,YES,YES,NO,configs/conv/conv_0875.json,reports/conv/conv_0875/csynth.xml,,,NO,
conv_0876,16,56,28,16,3,4,1,False,group_conv2d,4,sigmoid,YES,YES,NO,configs/conv/conv_0876.json,reports/conv/conv_0876/csynth.xml,,,NO,
conv_0877,16,56,28,16,3,4,1,True,conv2d,,tanh,YES,YES,NO,configs/conv/conv_0877.json,reports/conv/conv_0877/csynth.xml,,,NO,
conv_0878,16,56,28,16,3,4,1,True,group_conv2d,2,tanh,YES,YES,YES,configs/conv/conv_0878.json,reports/conv/conv_0878/csynth.xml,reports/conv/conv_0878/export_impl.xml,reports/conv/conv_0878/power_routed.rpt,NO,
conv_0879,16,56,28,16,3,4,1,True,group_conv2d,4,tanh,YES,YES,NO,configs/conv/conv_0879.json,reports/conv/conv_0879/csynth.xml,,,NO,
conv_0880,16,56,28,16,3,4,1,False,conv2d,,tanh,YES,YES,NO,configs/conv/conv_0880.json,reports/conv/conv_0880/csynth.xml,,,NO,
conv_0881,16,56,28,16,3,4,1,False,group_conv2d,2,tanh,YES,YES,YES,configs/conv/conv_0881.json,reports/conv/conv_0881/csynth.xml,reports/conv/conv_0881/export_impl.xml,reports/conv/conv_0881/power_routed.rpt,NO,
conv_0882,16,56,28,16,3,4,1,False,group_conv2d,4,tanh,YES,YES,NO,configs/conv/conv_0882.json,reports/conv/conv_0882/csynth.xml,,,NO,
conv_0883,16,56,28,16,3,4,4,True,conv2d,,relu,YES,YES,NO,configs/conv/conv_0883.json,reports/conv/conv_0883/csynth.xml,,,NO,
conv_0884,16,56,28,16,3,4,4,True,group_conv2d,2,relu,YES,YES,NO,configs/conv/conv_0884.json,reports/conv/conv_0884/csynth.xml,,,NO,
conv_0885,16,56,28,16,3,4,4,True,group_conv2d,4,relu,YES,YES,NO,configs/conv/conv_0885.json,reports/conv/conv_0885/csynth.xml,,,NO,
conv_0886,16,56,28,16,3,4,4,False,conv2d,,relu,YES,YES,NO,configs/conv/conv_0886.json,reports/conv/conv_0886/csynth.xml,,,NO,
conv_0887,16,56,28,16,3,4,4,False,group_conv2d,2,relu,YES,YES,NO,configs/conv/conv_0887.json,reports/conv/conv_0887/csynth.xml,,,NO,
conv_0888,16,56,28,16,3,4,4,False,group_conv2d,4,relu,YES,YES,NO,configs/conv/conv_0888.json,reports/conv/conv_0888/csynth.xml,,,NO,
conv_0889,16,56,28,16,3,4,4,True,conv2d,,sigmoid,YES,YES,NO,configs/conv/conv_0889.json,reports/conv/conv_0889/csynth.xml,,,NO,
conv_0890,16,56,28,16,3,4,4,True,group_conv2d,2,sigmoid,YES,YES,YES,configs/conv/conv_0890.json,reports/conv/conv_0890/csynth.xml,reports/conv/conv_0890/export_impl.xml,reports/conv/conv_0890/power_routed.rpt,NO,
conv_0891,16,56,28,16,3,4,4,True,group_conv2d,4,sigmoid,YES,YES,NO,configs/conv/conv_0891.json,reports/conv/conv_0891/csynth.xml,,,NO,
conv_0892,16,56,28,16,3,4,4,False,conv2d,,sigmoid,YES,YES,NO,configs/conv/conv_0892.json,reports/conv/conv_0892/csynth.xml,,,NO,
conv_0893,16,56,28,16,3,4,4,False,group_conv2d,2,sigmoid,YES,YES,NO,configs/conv/conv_0893.json,reports/conv/conv_0893/csynth.xml,,,NO,
conv_0894,16,56,28,16,3,4,4,False,group_conv2d,4,sigmoid,YES,YES,NO,configs/conv/conv_0894.json,reports/conv/conv_0894/csynth.xml,,,NO,
conv_0895,16,56,28,16,3,4,4,True,conv2d,,tanh,YES,YES,NO,configs/conv/conv_0895.json,reports/conv/conv_0895/csynth.xml,,,NO,
conv_0896,16,56,28,16,3,4,4,True,group_conv2d,2,tanh,YES,YES,NO,configs/conv/conv_0896.json,reports/conv/conv_0896/csynth.xml,,,NO,
conv_0897,16,56,28,16,3,4,4,True,group_conv2d,4,tanh,YES,YES,NO,configs/conv/conv_0897.json,reports/conv/conv_0897/csynth.xml,,,NO,
conv_0898,16,56,28,16,3,4,4,False,conv2d,,tanh,YES,YES,NO,configs/conv/conv_0898.json,reports/conv/conv_0898/csynth.xml,,,NO,
conv_0899,16,56,28,16,3,4,4,False,group_conv2d,2,tanh,YES,YES,YES,configs/conv/conv_0899.json,reports/conv/conv_0899/csynth.xml,reports/conv/conv_0899/export_impl.xml,reports/conv/conv_0899/power_routed.rpt,NO,
conv_0900,16,56,28,16,3,4,4,False,group_conv2d,4,tanh,YES,YES,NO,configs/conv/conv_0900.json,reports/conv/conv_0900/csynth.xml,,,NO,
conv_0901,16,56,28,16,3,4,8,True,conv2d,,relu,YES,YES,NO,configs/conv/conv_0901.json,reports/conv/conv_0901/csynth.xml,,,NO,
conv_0902,16,56,28,16,3,4,8,True,group_conv2d,2,relu,YES,YES,YES,configs/conv/conv_0902.json,reports/conv/conv_0902/csynth.xml,reports/conv/conv_0902/export_impl.xml,reports/conv/conv_0902/power_routed.rpt,NO,
conv_0903,16,56,28,16,3,4,8,True,group_conv2d,4,relu,YES,YES,NO,configs/conv/conv_0903.json,reports/conv/conv_0903/csynth.xml,,,NO,
conv_0904,16,56,28,16,3,4,8,False,conv2d,,relu,YES,YES,NO,configs/conv/conv_0904.json,reports/conv/conv_0904/csynth.xml,,,NO,
conv_0905,16,56,28,16,3,4,8,False,group_conv2d,2,relu,YES,YES,NO,configs/conv/conv_0905.json,reports/conv/conv_0905/csynth.xml,,,NO,
conv_0906,16,56,28,16,3,4,8,False,group_conv2d,4,relu,YES,YES,NO,configs/conv/conv_0906.json,reports/conv/conv_0906/csynth.xml,,,NO,
conv_0907,16,56,28,16,3,4,8,True,conv2d,,sigmoid,YES,YES,NO,configs/conv/conv_0907.json,reports/conv/conv_0907/csynth.xml,,,NO,
conv_0908,16,56,28,16,3,4,8,True,group_conv2d,2,sigmoid,YES,YES,NO,configs/conv/conv_0908.json,reports/conv/conv_0908/csynth.xml,,,NO,
conv_0909,16,56,28,16,3,4,8,True,group_conv2d,4,sigmoid,YES,YES,NO,configs/conv/conv_0909.json,reports/conv/conv_0909/csynth.xml,,,NO,
conv_0910,16,56,28,16,3,4,8,False,conv2d,,sigmoid,YES,YES,NO,configs/conv/conv_0910.json,reports/conv/conv_0910/csynth.xml,,,NO,
conv_0911,16,56,28,16,3,4,8,False,group_conv2d,2,sigmoid,YES,YES,NO,configs/conv/conv_0911.json,reports/conv/conv_0911/csynth.xml,,,NO,
conv_0912,16,56,28,16,3,4,8,False,group_conv2d,4,sigmoid,YES,YES,NO,configs/conv/conv_0912.json,reports/conv/conv_0912/csynth.xml,,,NO,
conv_0913,16,56,28,16,3,4,8,True,conv2d,,tanh,YES,YES,NO,configs/conv/conv_0913.json,reports/conv/conv_0913/csynth.xml,,,NO,
conv_0914,16,56,28,16,3,4,8,True,group_conv2d,2,tanh,YES,YES,NO,configs/conv/conv_0914.json,reports/conv/conv_0914/csynth.xml,,,NO,
conv_0915,16,56,28,16,3,4,8,True,group_conv2d,4,tanh,YES,YES,NO,configs/conv/conv_0915.json,reports/conv/conv_0915/csynth.xml,,,NO,
conv_0916,16,56,28,16,3,4,8,False,conv2d,,tanh,YES,YES,NO,configs/conv/conv_0916.json,reports/conv/conv_0916/csynth.xml,,,NO,
conv_0917,16,56,28,16,3,4,8,False,group_conv2d,2,tanh,YES,YES,NO,configs/conv/conv_0917.json,reports/conv/conv_0917/csynth.xml,,,NO,
conv_0918,16,56,28,16,3,4,8,False,group_conv2d,4,tanh,YES,YES,NO,configs/conv/conv_0918.json,reports/conv/conv_0918/csynth.xml,,,NO,
conv_0919,16,56,28,16,3,8,1,True,conv2d,,relu,YES,YES,NO,configs/conv/conv_0919.json,reports/conv/conv_0919/csynth.xml,,,NO,
conv_0920,16,56,28,16,3,8,1,True,group_conv2d,2,relu,YES,YES,NO,configs/conv/conv_0920.json,reports/conv/conv_0920/csynth.xml,,,NO,
conv_0921,16,56,28,16,3,8,1,True,group_conv2d,4,relu,YES,YES,NO,configs/conv/conv_0921.json,reports/conv/conv_0921/csynth.xml,,,NO,
conv_0922,16,56,28,16,3,8,1,False,conv2d,,relu,YES,YES,NO,configs/conv/conv_0922.json,reports/conv/conv_0922/csynth.xml,,,NO,
conv_0923,16,56,28,16,3,8,1,False,group_conv2d,2,relu,YES,YES,NO,configs/conv/conv_0923.json,reports/conv/conv_0923/csynth.xml,,,NO,
conv_0924,16,56,28,16,3,8,1,False,group_conv2d,4,relu,YES,YES,NO,configs/conv/conv_0924.json,reports/conv/conv_0924/csynth.xml,,,NO,
conv_0925,16,56,28,16,3,8,1,True,conv2d,,sigmoid,YES,YES,NO,configs/conv/conv_0925.json,reports/conv/conv_0925/csynth.xml,,,NO,
conv_0926,16,56,28,16,3,8,1,True,group_conv2d,2,sigmoid,YES,YES,NO,configs/conv/conv_0926.json,reports/conv/conv_0926/csynth.xml,,,NO,
conv_0927,16,56,28,16,3,8,1,True,group_conv2d,4,sigmoid,YES,YES,NO,configs/conv/conv_0927.json,reports/conv/conv_0927/csynth.xml,,,NO,
conv_0928,16,56,28,16,3,8,1,False,conv2d,,sigmoid,YES,YES,NO,configs/conv/conv_0928.json,reports/conv/conv_0928/csynth.xml,,,NO,
conv_0929,16,56,28,16,3,8,1,False,group_conv2d,2,sigmoid,YES,YES,NO,configs/conv/conv_0929.json,reports/conv/conv_0929/csynth.xml,,,NO,
conv_0930,16,56,28,16,3,8,1,False,group_conv2d,4,sigmoid,YES,YES,NO,configs/conv/conv_0930.json,reports/conv/conv_0930/csynth.xml,,,NO,
conv_0931,16,56,28,16,3,8,1,True,conv2d,,tanh,YES,YES,NO,configs/conv/conv_0931.json,reports/conv/conv_0931/csynth.xml,,,NO,
conv_0932,16,56,28,16,3,8,1,True,group_conv2d,2,tanh,YES,YES,NO,configs/conv/conv_0932.json,reports/conv/conv_0932/csynth.xml,,,NO,
conv_0933,16,56,28,16,3,8,1,True,group_conv2d,4,tanh,YES,YES,NO,configs/conv/conv_0933.json,reports/conv/conv_0933/csynth.xml,,,NO,
conv_0934,16,56,28,16,3,8,1,False,conv2d,,tanh,YES,YES,NO,configs/conv/conv_0934.json,reports/conv/conv_0934/csynth.xml,,,NO,
conv_0935,16,56,28,16,3,8,1,False,group_conv2d,2,tanh,YES,YES,NO,configs/conv/conv_0935.json,reports/conv/conv_0935/csynth.xml,,,NO,
conv_0936,16,56,28,16,3,8,1,False,group_conv2d,4,tanh,YES,YES,NO,configs/conv/conv_0936.json,reports/conv/conv_0936/csynth.xml,,,NO,
conv_0937,16,56,28,16,3,8,4,True,conv2d,,relu,YES,YES,NO,configs/conv/conv_0937.json,reports/conv/conv_0937/csynth.xml,,,NO,
conv_0938,16,56,28,16,3,8,4,True,group_conv2d,2,relu,YES,YES,NO,configs/conv/conv_0938.json,reports/conv/conv_0938/csynth.xml,,,NO,
conv_0939,16,56,28,16,3,8,4,True,group_conv2d,4,relu,YES,YES,NO,configs/conv/conv_0939.json,reports/conv/conv_0939/csynth.xml,,,NO,
conv_0940,16,56,28,16,3,8,4,False,conv2d,,relu,YES,YES,YES,configs/conv/conv_0940.json,reports/conv/conv_0940/csynth.xml,reports/conv/conv_0940/export_impl.xml,reports/conv/conv_0940/power_routed.rpt,NO,
conv_0941,16,56,28,16,3,8,4,False,group_conv2d,2,relu,YES,YES,NO,configs/conv/conv_0941.json,reports/conv/conv_0941/csynth.xml,,,NO,
conv_0942,16,56,28,16,3,8,4,False,group_conv2d,4,relu,YES,YES,NO,configs/conv/conv_0942.json,reports/conv/conv_0942/csynth.xml,,,NO,
conv_0943,16,56,28,16,3,8,4,True,conv2d,,sigmoid,YES,YES,NO,configs/conv/conv_0943.json,reports/conv/conv_0943/csynth.xml,,,NO,
conv_0944,16,56,28,16,3,8,4,True,group_conv2d,2,sigmoid,YES,YES,NO,configs/conv/conv_0944.json,reports/conv/conv_0944/csynth.xml,,,NO,
conv_0945,16,56,28,16,3,8,4,True,group_conv2d,4,sigmoid,YES,YES,NO,configs/conv/conv_0945.json,reports/conv/conv_0945/csynth.xml,,,NO,
conv_0946,16,56,28,16,3,8,4,False,conv2d,,sigmoid,YES,YES,NO,configs/conv/conv_0946.json,reports/conv/conv_0946/csynth.xml,,,NO,
conv_0947,16,56,28,16,3,8,4,False,group_conv2d,2,sigmoid,YES,YES,NO,configs/conv/conv_0947.json,reports/conv/conv_0947/csynth.xml,,,NO,
conv_0948,16,56,28,16,3,8,4,False,group_conv2d,4,sigmoid,YES,YES,NO,configs/conv/conv_0948.json,reports/conv/conv_0948/csynth.xml,,,NO,
conv_0949,16,56,28,16,3,8,4,True,conv2d,,tanh,YES,YES,NO,configs/conv/conv_0949.json,reports/conv/conv_0949/csynth.xml,,,NO,
conv_0950,16,56,28,16,3,8,4,True,group_conv2d,2,tanh,YES,YES,NO,configs/conv/conv_0950.json,reports/conv/conv_0950/csynth.xml,,,NO,
conv_0951,16,56,28,16,3,8,4,True,group_conv2d,4,tanh,YES,YES,NO,configs/conv/conv_0951.json,reports/conv/conv_0951/csynth.xml,,,NO,
conv_0952,16,56,28,16,3,8,4,False,conv2d,,tanh,YES,YES,NO,configs/conv/conv_0952.json,reports/conv/conv_0952/csynth.xml,,,NO,
conv_0953,16,56,28,16,3,8,4,False,group_conv2d,2,tanh,YES,YES,NO,configs/conv/conv_0953.json,reports/conv/conv_0953/csynth.xml,,,NO,
conv_0954,16,56,28,16,3,8,4,False,group_conv2d,4,tanh,YES,YES,NO,configs/conv/conv_0954.json,reports/conv/conv_0954/csynth.xml,,,NO,
conv_0955,16,56,28,16,3,8,8,True,conv2d,,relu,YES,YES,NO,configs/conv/conv_0955.json,reports/conv/conv_0955/csynth.xml,,,NO,
conv_0956,16,56,28,16,3,8,8,True,group_conv2d,2,relu,YES,YES,NO,configs/conv/conv_0956.json,reports/conv/conv_0956/csynth.xml,,,NO,
conv_0957,16,56,28,16,3,8,8,True,group_conv2d,4,relu,YES,YES,NO,configs/conv/conv_0957.json,reports/conv/conv_0957/csynth.xml,,,NO,
conv_0958,16,56,28,16,3,8,8,False,conv2d,,relu,YES,YES,NO,configs/conv/conv_0958.json,reports/conv/conv_0958/csynth.xml,,,NO,
conv_0959,16,56,28,16,3,8,8,False,group_conv2d,2,relu,YES,YES,NO,configs/conv/conv_0959.json,reports/conv/conv_0959/csynth.xml,,,NO,
conv_0960,16,56,28,16,3,8,8,False,group_conv2d,4,relu,YES,YES,YES,configs/conv/conv_0960.json,reports/conv/conv_0960/csynth.xml,reports/conv/conv_0960/export_impl.xml,reports/conv/conv_0960/power_routed.rpt,NO,
conv_0961,16,56,28,16,3,8,8,True,conv2d,,sigmoid,YES,YES,NO,configs/conv/conv_0961.json,reports/conv/conv_0961/csynth.xml,,,NO,
conv_0962,16,56,28,16,3,8,8,True,group_conv2d,2,sigmoid,YES,YES,NO,configs/conv/conv_0962.json,reports/conv/conv_0962/csynth.xml,,,NO,
conv_0963,16,56,28,16,3,8,8,True,group_conv2d,4,sigmoid,YES,YES,NO,configs/conv/conv_0963.json,reports/conv/conv_0963/csynth.xml,,,NO,
conv_0964,16,56,28,16,3,8,8,False,conv2d,,sigmoid,YES,YES,NO,configs/conv/conv_0964.json,reports/conv/conv_0964/csynth.xml,,,NO,
conv_0965,16,56,28,16,3,8,8,False,group_conv2d,2,sigmoid,YES,YES,NO,configs/conv/conv_0965.json,reports/conv/conv_0965/csynth.xml,,,NO,
conv_0966,16,56,28,16,3,8,8,False,group_conv2d,4,sigmoid,YES,YES,NO,configs/conv/conv_0966.json,reports/conv/conv_0966/csynth.xml,,,NO,
conv_0967,16,56,28,16,3,8,8,True,conv2d,,tanh,YES,YES,NO,configs/conv/conv_0967.json,reports/conv/conv_0967/csynth.xml,,,NO,
conv_0968,16,56,28,16,3,8,8,True,group_conv2d,2,tanh,YES,YES,NO,configs/conv/conv_0968.json,reports/conv/conv_0968/csynth.xml,,,NO,
conv_0969,16,56,28,16,3,8,8,True,group_conv2d,4,tanh,YES,YES,NO,configs/conv/conv_0969.json,reports/conv/conv_0969/csynth.xml,,,NO,
conv_0970,16,56,28,16,3,8,8,False,conv2d,,tanh,YES,YES,NO,configs/conv/conv_0970.json,reports/conv/conv_0970/csynth.xml,,,NO,
conv_0971,16,56,28,16,3,8,8,False,group_conv2d,2,tanh,YES,YES,NO,configs/conv/conv_0971.json,reports/conv/conv_0971/csynth.xml,,,NO,
conv_0972,16,56,28,16,3,8,8,False,group_conv2d,4,tanh,YES,YES,NO,configs/conv/conv_0972.json,reports/conv/conv_0972/csynth.xml,,,NO,
conv_0973,16,56,28,32,1,1,1,True,conv2d,,relu,YES,YES,YES,configs/conv/conv_0973.json,reports/conv/conv_0973/csynth.xml,reports/conv/conv_0973/export_impl.xml,reports/conv/conv_0973/power_routed.rpt,NO,
conv_0974,16,56,28,32,1,1,1,True,group_conv2d,2,relu,YES,YES,YES,configs/conv/conv_0974.json,reports/conv/conv_0974/csynth.xml,reports/conv/conv_0974/export_impl.xml,reports/conv/conv_0974/power_routed.rpt,NO,
conv_0975,16,56,28,32,1,1,1,True,group_conv2d,4,relu,YES,YES,YES,configs/conv/conv_0975.json,reports/conv/conv_0975/csynth.xml,reports/conv/conv_0975/export_impl.xml,reports/conv/conv_0975/power_routed.rpt,NO,
conv_0976,16,56,28,32,1,1,1,False,conv2d,,relu,YES,YES,YES,configs/conv/conv_0976.json,reports/conv/conv_0976/csynth.xml,reports/conv/conv_0976/export_impl.xml,reports/conv/conv_0976/power_routed.rpt,NO,
conv_0977,16,56,28,32,1,1,1,False,group_conv2d,2,relu,YES,YES,YES,configs/conv/conv_0977.json,reports/conv/conv_0977/csynth.xml,reports/conv/conv_0977/export_impl.xml,reports/conv/conv_0977/power_routed.rpt,NO,
conv_0978,16,56,28,32,1,1,1,False,group_conv2d,4,relu,YES,YES,YES,configs/conv/conv_0978.json,reports/conv/conv_0978/csynth.xml,reports/conv/conv_0978/export_impl.xml,reports/conv/conv_0978/power_routed.rpt,NO,
conv_0979,16,56,28,32,1,1,1,True,conv2d,,sigmoid,YES,YES,YES,configs/conv/conv_0979.json,reports/conv/conv_0979/csynth.xml,reports/conv/conv_0979/export_impl.xml,reports/conv/conv_0979/power_routed.rpt,NO,
conv_0980,16,56,28,32,1,1,1,True,group_conv2d,2,sigmoid,YES,YES,YES,configs/conv/conv_0980.json,reports/conv/conv_0980/csynth.xml,reports/conv/conv_0980/export_impl.xml,reports/conv/conv_0980/power_routed.rpt,NO,
conv_0981,16,56,28,32,1,1,1,True,group_conv2d,4,sigmoid,YES,YES,YES,configs/conv/conv_0981.json,reports/conv/conv_0981/csynth.xml,reports/conv/conv_0981/export_impl.xml,reports/conv/conv_0981/power_routed.rpt,NO,
conv_0982,16,56,28,32,1,1,1,False,conv2d,,sigmoid,YES,YES,YES,configs/conv/conv_0982.json,reports/conv/conv_0982/csynth.xml,reports/conv/conv_0982/export_impl.xml,reports/conv/conv_0982/power_routed.rpt,NO,
conv_0983,16,56,28,32,1,1,1,False,group_conv2d,2,sigmoid,YES,YES,YES,configs/conv/conv_0983.json,reports/conv/conv_0983/csynth.xml,reports/conv/conv_0983/export_impl.xml,reports/conv/conv_0983/power_routed.rpt,NO,
conv_0984,16,56,28,32,1,1,1,False,group_conv2d,4,sigmoid,YES,YES,YES,configs/conv/conv_0984.json,reports/conv/conv_0984/csynth.xml,reports/conv/conv_0984/export_impl.xml,reports/conv/conv_0984/power_routed.rpt,NO,
conv_0985,16,56,28,32,1,1,1,True,conv2d,,tanh,YES,YES,YES,configs/conv/conv_0985.json,reports/conv/conv_0985/csynth.xml,reports/conv/conv_0985/export_impl.xml,reports/conv/conv_0985/power_routed.rpt,NO,
conv_0986,16,56,28,32,1,1,1,True,group_conv2d,2,tanh,YES,YES,YES,configs/conv/conv_0986.json,reports/conv/conv_0986/csynth.xml,reports/conv/conv_0986/export_impl.xml,reports/conv/conv_0986/power_routed.rpt,NO,
conv_0987,16,56,28,32,1,1,1,True,group_conv2d,4,tanh,YES,YES,YES,configs/conv/conv_0987.json,reports/conv/conv_0987/csynth.xml,reports/conv/conv_0987/export_impl.xml,reports/conv/conv_0987/power_routed.rpt,NO,
conv_0988,16,56,28,32,1,1,1,False,conv2d,,tanh,YES,YES,YES,configs/conv/conv_0988.json,reports/conv/conv_0988/csynth.xml,reports/conv/conv_0988/export_impl.xml,reports/conv/conv_0988/power_routed.rpt,NO,
conv_0989,16,56,28,32,1,1,1,False,group_conv2d,2,tanh,YES,YES,YES,configs/conv/conv_0989.json,reports/conv/conv_0989/csynth.xml,reports/conv/conv_0989/export_impl.xml,reports/conv/conv_0989/power_routed.rpt,NO,
conv_0990,16,56,28,32,1,1,1,False,group_conv2d,4,tanh,YES,YES,YES,configs/conv/conv_0990.json,reports/conv/conv_0990/csynth.xml,reports/conv/conv_0990/export_impl.xml,reports/conv/conv_0990/power_routed.rpt,NO,
conv_0991,16,56,28,32,1,1,4,True,conv2d,,relu,YES,YES,NO,configs/conv/conv_0991.json,reports/conv/conv_0991/csynth.xml,,,NO,
conv_0992,16,56,28,32,1,1,4,True,group_conv2d,2,relu,YES,YES,YES,configs/conv/conv_0992.json,reports/conv/conv_0992/csynth.xml,reports/conv/conv_0992/export_impl.xml,reports/conv/conv_0992/power_routed.rpt,NO,
conv_0993,16,56,28,32,1,1,4,True,group_conv2d,4,relu,YES,YES,NO,configs/conv/conv_0993.json,reports/conv/conv_0993/csynth.xml,,,NO,
conv_0994,16,56,28,32,1,1,4,False,conv2d,,relu,YES,YES,NO,configs/conv/conv_0994.json,reports/conv/conv_0994/csynth.xml,,,NO,
conv_0995,16,56,28,32,1,1,4,False,group_conv2d,2,relu,YES,YES,NO,configs/conv/conv_0995.json,reports/conv/conv_0995/csynth.xml,,,NO,
conv_0996,16,56,28,32,1,1,4,False,group_conv2d,4,relu,YES,YES,NO,configs/conv/conv_0996.json,reports/conv/conv_0996/csynth.xml,,,NO,
conv_0997,16,56,28,32,1,1,4,True,conv2d,,sigmoid,YES,YES,NO,configs/conv/conv_0997.json,reports/conv/conv_0997/csynth.xml,,,NO,
conv_0998,16,56,28,32,1,1,4,True,group_conv2d,2,sigmoid,YES,YES,NO,configs/conv/conv_0998.json,reports/conv/conv_0998/csynth.xml,,,NO,
conv_0999,16,56,28,32,1,1,4,True,group_conv2d,4,sigmoid,YES,YES,NO,configs/conv/conv_0999.json,reports/conv/conv_0999/csynth.xml,,,NO,
conv_1000,16,56,28,32,1,1,4,False,conv2d,,sigmoid,YES,YES,NO,configs/conv/conv_1000.json,reports/conv/conv_1000/csynth.xml,,,NO,
conv_1001,16,56,28,32,1,1,4,False,group_conv2d,2,sigmoid,YES,YES,YES,configs/conv/conv_1001.json,reports/conv/conv_1001/csynth.xml,reports/conv/conv_1001/export_impl.xml,reports/conv/conv_1001/power_routed.rpt,NO,
conv_1002,16,56,28,32,1,1,4,False,group_conv2d,4,sigmoid,YES,YES,NO,configs/conv/conv_1002.json,reports/conv/conv_1002/csynth.xml,,,NO,
conv_1003,16,56,28,32,1,1,4,True,conv2d,,tanh,YES,YES,NO,configs/conv/conv_1003.json,reports/conv/conv_1003/csynth.xml,,,NO,
conv_1004,16,56,28,32,1,1,4,True,group_conv2d,2,tanh,YES,YES,NO,configs/conv/conv_1004.json,reports/conv/conv_1004/csynth.xml,,,NO,
conv_1005,16,56,28,32,1,1,4,True,group_conv2d,4,tanh,YES,YES,NO,configs/conv/conv_1005.json,reports/conv/conv_1005/csynth.xml,,,NO,
conv_1006,16,56,28,32,1,1,4,False,conv2d,,tanh,YES,YES,NO,configs/conv/conv_1006.json,reports/conv/conv_1006/csynth.xml,,,NO,
conv_1007,16,56,28,32,1,1,4,False,group_conv2d,2,tanh,YES,YES,NO,configs/conv/conv_1007.json,reports/conv/conv_1007/csynth.xml,,,NO,
conv_1008,16,56,28,32,1,1,4,False,group_conv2d,4,tanh,YES,YES,NO,configs/conv/conv_1008.json,reports/conv/conv_1008/csynth.xml,,,NO,
conv_1009,16,56,28,32,1,1,8,True,conv2d,,relu,YES,YES,NO,configs/conv/conv_1009.json,reports/conv/conv_1009/csynth.xml,,,NO,
conv_1010,16,56,28,32,1,1,8,True,group_conv2d,2,relu,YES,YES,YES,configs/conv/conv_1010.json,reports/conv/conv_1010/csynth.xml,reports/conv/conv_1010/export_impl.xml,reports/conv/conv_1010/power_routed.rpt,NO,
conv_1011,16,56,28,32,1,1,8,True,group_conv2d,4,relu,YES,YES,NO,configs/conv/conv_1011.json,reports/conv/conv_1011/csynth.xml,,,NO,
conv_1012,16,56,28,32,1,1,8,False,conv2d,,relu,YES,YES,NO,configs/conv/conv_1012.json,reports/conv/conv_1012/csynth.xml,,,NO,
conv_1013,16,56,28,32,1,1,8,False,group_conv2d,2,relu,YES,YES,NO,configs/conv/conv_1013.json,reports/conv/conv_1013/csynth.xml,,,NO,
conv_1014,16,56,28,32,1,1,8,False,group_conv2d,4,relu,YES,YES,NO,configs/conv/conv_1014.json,reports/conv/conv_1014/csynth.xml,,,NO,
conv_1015,16,56,28,32,1,1,8,True,conv2d,,sigmoid,YES,YES,NO,configs/conv/conv_1015.json,reports/conv/conv_1015/csynth.xml,,,NO,
conv_1016,16,56,28,32,1,1,8,True,group_conv2d,2,sigmoid,YES,YES,NO,configs/conv/conv_1016.json,reports/conv/conv_1016/csynth.xml,,,NO,
conv_1017,16,56,28,32,1,1,8,True,group_conv2d,4,sigmoid,YES,YES,NO,configs/conv/conv_1017.json,reports/conv/conv_1017/csynth.xml,,,NO,
conv_1018,16,56,28,32,1,1,8,False,conv2d,,sigmoid,YES,YES,NO,configs/conv/conv_1018.json,reports/conv/conv_1018/csynth.xml,,,NO,
conv_1019,16,56,28,32,1,1,8,False,group_conv2d,2,sigmoid,YES,YES,NO,configs/conv/conv_1019.json,reports/conv/conv_1019/csynth.xml,,,NO,
conv_1020,16,56,28,32,1,1,8,False,group_conv2d,4,sigmoid,YES,YES,NO,configs/conv/conv_1020.json,reports/conv/conv_1020/csynth.xml,,,NO,
conv_1021,16,56,28,32,1,1,8,True,conv2d,,tanh,YES,YES,NO,configs/conv/conv_1021.json,reports/conv/conv_1021/csynth.xml,,,NO,
conv_1022,16,56,28,32,1,1,8,True,group_conv2d,2,tanh,YES,YES,NO,configs/conv/conv_1022.json,reports/conv/conv_1022/csynth.xml,,,NO,
conv_1023,16,56,28,32,1,1,8,True,group_conv2d,4,tanh,YES,YES,NO,configs/conv/conv_1023.json,reports/conv/conv_1023/csynth.xml,,,NO,
conv_1024,16,56,28,32,1,1,8,False,conv2d,,tanh,YES,YES,NO,configs/conv/conv_1024.json,reports/conv/conv_1024/csynth.xml,,,NO,
conv_1025,16,56,28,32,1,1,8,False,group_conv2d,2,tanh,YES,YES,NO,configs/conv/conv_1025.json,reports/conv/conv_1025/csynth.xml,,,NO,
conv_1026,16,56,28,32,1,1,8,False,group_conv2d,4,tanh,YES,YES,NO,configs/conv/conv_1026.json,reports/conv/conv_1026/csynth.xml,,,NO,
conv_1027,16,56,28,32,1,4,1,True,conv2d,,relu,YES,YES,NO,configs/conv/conv_1027.json,reports/conv/conv_1027/csynth.xml,,,NO,
conv_1028,16,56,28,32,1,4,1,True,group_conv2d,2,relu,YES,YES,YES,configs/conv/conv_1028.json,reports/conv/conv_1028/csynth.xml,reports/conv/conv_1028/export_impl.xml,reports/conv/conv_1028/power_routed.rpt,NO,
conv_1029,16,56,28,32,1,4,1,True,group_conv2d,4,relu,YES,YES,NO,configs/conv/conv_1029.json,reports/conv/conv_1029/csynth.xml,,,NO,
conv_1030,16,56,28,32,1,4,1,False,conv2d,,relu,YES,YES,NO,configs/conv/conv_1030.json,reports/conv/conv_1030/csynth.xml,,,NO,
conv_1031,16,56,28,32,1,4,1,False,group_conv2d,2,relu,YES,YES,YES,configs/conv/conv_1031.json,reports/conv/conv_1031/csynth.xml,reports/conv/conv_1031/export_impl.xml,reports/conv/conv_1031/power_routed.rpt,NO,
conv_1032,16,56,28,32,1,4,1,False,group_conv2d,4,relu,YES,YES,NO,configs/conv/conv_1032.json,reports/conv/conv_1032/csynth.xml,,,NO,
conv_1033,16,56,28,32,1,4,1,True,conv2d,,sigmoid,YES,YES,NO,configs/conv/conv_1033.json,reports/conv/conv_1033/csynth.xml,,,NO,
conv_1034,16,56,28,32,1,4,1,True,group_conv2d,2,sigmoid,YES,YES,NO,configs/conv/conv_1034.json,reports/conv/conv_1034/csynth.xml,,,NO,
conv_1035,16,56,28,32,1,4,1,True,group_conv2d,4,sigmoid,YES,YES,NO,configs/conv/conv_1035.json,reports/conv/conv_1035/csynth.xml,,,NO,
conv_1036,16,56,28,32,1,4,1,False,conv2d,,sigmoid,YES,YES,NO,configs/conv/conv_1036.json,reports/conv/conv_1036/csynth.xml,,,NO,
conv_1037,16,56,28,32,1,4,1,False,group_conv2d,2,sigmoid,YES,YES,NO,configs/conv/conv_1037.json,reports/conv/conv_1037/csynth.xml,,,NO,
conv_1038,16,56,28,32,1,4,1,False,group_conv2d,4,sigmoid,YES,YES,NO,configs/conv/conv_1038.json,reports/conv/conv_1038/csynth.xml,,,NO,
conv_1039,16,56,28,32,1,4,1,True,conv2d,,tanh,YES,YES,NO,configs/conv/conv_1039.json,reports/conv/conv_1039/csynth.xml,,,NO,
conv_1040,16,56,28,32,1,4,1,True,group_conv2d,2,tanh,YES,YES,NO,configs/conv/conv_1040.json,reports/conv/conv_1040/csynth.xml,,,NO,
conv_1041,16,56,28,32,1,4,1,True,group_conv2d,4,tanh,YES,YES,NO,configs/conv/conv_1041.json,reports/conv/conv_1041/csynth.xml,,,NO,
conv_1042,16,56,28,32,1,4,1,False,conv2d,,tanh,YES,YES,NO,configs/conv/conv_1042.json,reports/conv/conv_1042/csynth.xml,,,NO,
conv_1043,16,56,28,32,1,4,1,False,group_conv2d,2,tanh,YES,YES,NO,configs/conv/conv_1043.json,reports/conv/conv_1043/csynth.xml,,,NO,
conv_1044,16,56,28,32,1,4,1,False,group_conv2d,4,tanh,YES,YES,NO,configs/conv/conv_1044.json,reports/conv/conv_1044/csynth.xml,,,NO,
conv_1045,16,56,28,32,1,4,4,True,conv2d,,relu,YES,YES,NO,configs/conv/conv_1045.json,reports/conv/conv_1045/csynth.xml,,,NO,
conv_1046,16,56,28,32,1,4,4,True,group_conv2d,2,relu,YES,YES,NO,configs/conv/conv_1046.json,reports/conv/conv_1046/csynth.xml,,,NO,
conv_1047,16,56,28,32,1,4,4,True,group_conv2d,4,relu,YES,YES,NO,configs/conv/conv_1047.json,reports/conv/conv_1047/csynth.xml,,,NO,
conv_1048,16,56,28,32,1,4,4,False,conv2d,,relu,YES,YES,NO,configs/conv/conv_1048.json,reports/conv/conv_1048/csynth.xml,,,NO,
conv_1049,16,56,28,32,1,4,4,False,group_conv2d,2,relu,YES,YES,NO,configs/conv/conv_1049.json,reports/conv/conv_1049/csynth.xml,,,NO,
conv_1050,16,56,28,32,1,4,4,False,group_conv2d,4,relu,YES,YES,NO,configs/conv/conv_1050.json,reports/conv/conv_1050/csynth.xml,,,NO,
conv_1051,16,56,28,32,1,4,4,True,conv2d,,sigmoid,YES,YES,NO,configs/conv/conv_1051.json,reports/conv/conv_1051/csynth.xml,,,NO,
conv_1052,16,56,28,32,1,4,4,True,group_conv2d,2,sigmoid,YES,YES,NO,configs/conv/conv_1052.json,reports/conv/conv_1052/csynth.xml,,,NO,
conv_1053,16,56,28,32,1,4,4,True,group_conv2d,4,sigmoid,YES,YES,NO,configs/conv/conv_1053.json,reports/conv/conv_1053/csynth.xml,,,NO,
conv_1054,16,56,28,32,1,4,4,False,conv2d,,sigmoid,YES,YES,NO,configs/conv/conv_1054.json,reports/conv/conv_1054/csynth.xml,,,NO,
conv_1055,16,56,28,32,1,4,4,False,group_conv2d,2,sigmoid,YES,YES,NO,configs/conv/conv_1055.json,reports/conv/conv_1055/csynth.xml,,,NO,
conv_1056,16,56,28,32,1,4,4,False,group_conv2d,4,sigmoid,YES,YES,NO,configs/conv/conv_1056.json,reports/conv/conv_1056/csynth.xml,,,NO,
conv_1057,16,56,28,32,1,4,4,True,conv2d,,tanh,YES,YES,YES,configs/conv/conv_1057.json,reports/conv/conv_1057/csynth.xml,reports/conv/conv_1057/export_impl.xml,reports/conv/conv_1057/power_routed.rpt,NO,
conv_1058,16,56,28,32,1,4,4,True,group_conv2d,2,tanh,YES,YES,NO,configs/conv/conv_1058.json,reports/conv/conv_1058/csynth.xml,,,NO,
conv_1059,16,56,28,32,1,4,4,True,group_conv2d,4,tanh,YES,YES,NO,configs/conv/conv_1059.json,reports/conv/conv_1059/csynth.xml,,,NO,
conv_1060,16,56,28,32,1,4,4,False,conv2d,,tanh,YES,YES,YES,configs/conv/conv_1060.json,reports/conv/conv_1060/csynth.xml,reports/conv/conv_1060/export_impl.xml,reports/conv/conv_1060/power_routed.rpt,NO,
conv_1061,16,56,28,32,1,4,4,False,group_conv2d,2,tanh,YES,YES,NO,configs/conv/conv_1061.json,reports/conv/conv_1061/csynth.xml,,,NO,
conv_1062,16,56,28,32,1,4,4,False,group_conv2d,4,tanh,YES,YES,NO,configs/conv/conv_1062.json,reports/conv/conv_1062/csynth.xml,,,NO,
conv_1063,16,56,28,32,1,4,8,True,conv2d,,relu,YES,YES,NO,configs/conv/conv_1063.json,reports/conv/conv_1063/csynth.xml,,,NO,
conv_1064,16,56,28,32,1,4,8,True,group_conv2d,2,relu,YES,YES,NO,configs/conv/conv_1064.json,reports/conv/conv_1064/csynth.xml,,,NO,
conv_1065,16,56,28,32,1,4,8,True,group_conv2d,4,relu,YES,YES,NO,configs/conv/conv_1065.json,reports/conv/conv_1065/csynth.xml,,,NO,
conv_1066,16,56,28,32,1,4,8,False,conv2d,,relu,YES,YES,NO,configs/conv/conv_1066.json,reports/conv/conv_1066/csynth.xml,,,NO,
conv_1067,16,56,28,32,1,4,8,False,group_conv2d,2,relu,YES,YES,NO,configs/conv/conv_1067.json,reports/conv/conv_1067/csynth.xml,,,NO,
conv_1068,16,56,28,32,1,4,8,False,group_conv2d,4,relu,YES,YES,NO,configs/conv/conv_1068.json,reports/conv/conv_1068/csynth.xml,,,NO,
conv_1069,16,56,28,32,1,4,8,True,conv2d,,sigmoid,YES,YES,NO,configs/conv/conv_1069.json,reports/conv/conv_1069/csynth.xml,,,NO,
conv_1070,16,56,28,32,1,4,8,True,group_conv2d,2,sigmoid,YES,YES,NO,configs/conv/conv_1070.json,reports/conv/conv_1070/csynth.xml,,,NO,
conv_1071,16,56,28,32,1,4,8,True,group_conv2d,4,sigmoid,YES,YES,NO,configs/conv/conv_1071.json,reports/conv/conv_1071/csynth.xml,,,NO,
conv_1072,16,56,28,32,1,4,8,False,conv2d,,sigmoid,YES,YES,NO,configs/conv/conv_1072.json,reports/conv/conv_1072/csynth.xml,,,NO,
conv_1073,16,56,28,32,1,4,8,False,group_conv2d,2,sigmoid,YES,YES,NO,configs/conv/conv_1073.json,reports/conv/conv_1073/csynth.xml,,,NO,
conv_1074,16,56,28,32,1,4,8,False,group_conv2d,4,sigmoid,YES,YES,NO,configs/conv/conv_1074.json,reports/conv/conv_1074/csynth.xml,,,NO,
conv_1075,16,56,28,32,1,4,8,True,conv2d,,tanh,YES,YES,NO,configs/conv/conv_1075.json,reports/conv/conv_1075/csynth.xml,,,NO,
conv_1076,16,56,28,32,1,4,8,True,group_conv2d,2,tanh,YES,YES,NO,configs/conv/conv_1076.json,reports/conv/conv_1076/csynth.xml,,,NO,
conv_1077,16,56,28,32,1,4,8,True,group_conv2d,4,tanh,YES,YES,NO,configs/conv/conv_1077.json,reports/conv/conv_1077/csynth.xml,,,NO,
conv_1078,16,56,28,32,1,4,8,False,conv2d,,tanh,YES,YES,NO,configs/conv/conv_1078.json,reports/conv/conv_1078/csynth.xml,,,NO,
conv_1079,16,56,28,32,1,4,8,False,group_conv2d,2,tanh,YES,YES,NO,configs/conv/conv_1079.json,reports/conv/conv_1079/csynth.xml,,,NO,
conv_1080,16,56,28,32,1,4,8,False,group_conv2d,4,tanh,YES,YES,NO,configs/conv/conv_1080.json,reports/conv/conv_1080/csynth.xml,,,NO,
conv_1081,16,56,28,32,1,8,1,True,conv2d,,relu,YES,YES,NO,configs/conv/conv_1081.json,reports/conv/conv_1081/csynth.xml,,,NO,
conv_1082,16,56,28,32,1,8,1,True,group_conv2d,2,relu,YES,YES,NO,configs/conv/conv_1082.json,reports/conv/conv_1082/csynth.xml,,,NO,
conv_1083,16,56,28,32,1,8,1,True,group_conv2d,4,relu,YES,YES,NO,configs/conv/conv_1083.json,reports/conv/conv_1083/csynth.xml,,,NO,
conv_1084,16,56,28,32,1,8,1,False,conv2d,,relu,YES,YES,YES,configs/conv/conv_1084.json,reports/conv/conv_1084/csynth.xml,reports/conv/conv_1084/export_impl.xml,reports/conv/conv_1084/power_routed.rpt,NO,
conv_1085,16,56,28,32,1,8,1,False,group_conv2d,2,relu,YES,YES,NO,configs/conv/conv_1085.json,reports/conv/conv_1085/csynth.xml,,,NO,
conv_1086,16,56,28,32,1,8,1,False,group_conv2d,4,relu,YES,YES,NO,configs/conv/conv_1086.json,reports/conv/conv_1086/csynth.xml,,,NO,
conv_1087,16,56,28,32,1,8,1,True,conv2d,,sigmoid,YES,YES,NO,configs/conv/conv_1087.json,reports/conv/conv_1087/csynth.xml,,,NO,
conv_1088,16,56,28,32,1,8,1,True,group_conv2d,2,sigmoid,YES,YES,NO,configs/conv/conv_1088.json,reports/conv/conv_1088/csynth.xml,,,NO,
conv_1089,16,56,28,32,1,8,1,True,group_conv2d,4,sigmoid,YES,YES,NO,configs/conv/conv_1089.json,reports/conv/conv_1089/csynth.xml,,,NO,
conv_1090,16,56,28,32,1,8,1,False,conv2d,,sigmoid,YES,YES,NO,configs/conv/conv_1090.json,reports/conv/conv_1090/csynth.xml,,,NO,
conv_1091,16,56,28,32,1,8,1,False,group_conv2d,2,sigmoid,YES,YES,NO,configs/conv/conv_1091.json,reports/conv/conv_1091/csynth.xml,,,NO,
conv_1092,16,56,28,32,1,8,1,False,group_conv2d,4,sigmoid,YES,YES,NO,configs/conv/conv_1092.json,reports/conv/conv_1092/csynth.xml,,,NO,
conv_1093,16,56,28,32,1,8,1,True,conv2d,,tanh,YES,YES,NO,configs/conv/conv_1093.json,reports/conv/conv_1093/csynth.xml,,,NO,
conv_1094,16,56,28,32,1,8,1,True,group_conv2d,2,tanh,YES,YES,NO,configs/conv/conv_1094.json,reports/conv/conv_1094/csynth.xml,,,NO,
conv_1095,16,56,28,32,1,8,1,True,group_conv2d,4,tanh,YES,YES,NO,configs/conv/conv_1095.json,reports/conv/conv_1095/csynth.xml,,,NO,
conv_1096,16,56,28,32,1,8,1,False,conv2d,,tanh,YES,YES,NO,configs/conv/conv_1096.json,reports/conv/conv_1096/csynth.xml,,,NO,
conv_1097,16,56,28,32,1,8,1,False,group_conv2d,2,tanh,YES,YES,NO,configs/conv/conv_1097.json,reports/conv/conv_1097/csynth.xml,,,NO,
conv_1098,16,56,28,32,1,8,1,False,group_conv2d,4,tanh,YES,YES,NO,configs/conv/conv_1098.json,reports/conv/conv_1098/csynth.xml,,,NO,
conv_1099,16,56,28,32,1,8,4,True,conv2d,,relu,YES,YES,NO,configs/conv/conv_1099.json,reports/conv/conv_1099/csynth.xml,,,NO,
conv_1100,16,56,28,32,1,8,4,True,group_conv2d,2,relu,YES,YES,NO,configs/conv/conv_1100.json,reports/conv/conv_1100/csynth.xml,,,NO,
conv_1101,16,56,28,32,1,8,4,True,group_conv2d,4,relu,YES,YES,NO,configs/conv/conv_1101.json,reports/conv/conv_1101/csynth.xml,,,NO,
conv_1102,16,56,28,32,1,8,4,False,conv2d,,relu,YES,YES,NO,configs/conv/conv_1102.json,reports/conv/conv_1102/csynth.xml,,,NO,
conv_1103,16,56,28,32,1,8,4,False,group_conv2d,2,relu,YES,YES,NO,configs/conv/conv_1103.json,reports/conv/conv_1103/csynth.xml,,,NO,
conv_1104,16,56,28,32,1,8,4,False,group_conv2d,4,relu,YES,YES,YES,configs/conv/conv_1104.json,reports/conv/conv_1104/csynth.xml,reports/conv/conv_1104/export_impl.xml,reports/conv/conv_1104/power_routed.rpt,NO,
conv_1105,16,56,28,32,1,8,4,True,conv2d,,sigmoid,YES,YES,NO,configs/conv/conv_1105.json,reports/conv/conv_1105/csynth.xml,,,NO,
conv_1106,16,56,28,32,1,8,4,True,group_conv2d,2,sigmoid,YES,YES,NO,configs/conv/conv_1106.json,reports/conv/conv_1106/csynth.xml,,,NO,
conv_1107,16,56,28,32,1,8,4,True,group_conv2d,4,sigmoid,YES,YES,NO,configs/conv/conv_1107.json,reports/conv/conv_1107/csynth.xml,,,NO,
conv_1108,16,56,28,32,1,8,4,False,conv2d,,sigmoid,YES,YES,NO,configs/conv/conv_1108.json,reports/conv/conv_1108/csynth.xml,,,NO,
conv_1109,16,56,28,32,1,8,4,False,group_conv2d,2,sigmoid,YES,YES,NO,configs/conv/conv_1109.json,reports/conv/conv_1109/csynth.xml,,,NO,
conv_1110,16,56,28,32,1,8,4,False,group_conv2d,4,sigmoid,YES,YES,NO,configs/conv/conv_1110.json,reports/conv/conv_1110/csynth.xml,,,NO,
conv_1111,16,56,28,32,1,8,4,True,conv2d,,tanh,YES,YES,NO,configs/conv/conv_1111.json,reports/conv/conv_1111/csynth.xml,,,NO,
conv_1112,16,56,28,32,1,8,4,True,group_conv2d,2,tanh,YES,YES,NO,configs/conv/conv_1112.json,reports/conv/conv_1112/csynth.xml,,,NO,
conv_1113,16,56,28,32,1,8,4,True,group_conv2d,4,tanh,YES,YES,NO,configs/conv/conv_1113.json,reports/conv/conv_1113/csynth.xml,,,NO,
conv_1114,16,56,28,32,1,8,4,False,conv2d,,tanh,YES,YES,NO,configs/conv/conv_1114.json,reports/conv/conv_1114/csynth.xml,,,NO,
conv_1115,16,56,28,32,1,8,4,False,group_conv2d,2,tanh,YES,YES,NO,configs/conv/conv_1115.json,reports/conv/conv_1115/csynth.xml,,,NO,
conv_1116,16,56,28,32,1,8,4,False,group_conv2d,4,tanh,YES,YES,NO,configs/conv/conv_1116.json,reports/conv/conv_1116/csynth.xml,,,NO,
conv_1117,16,56,28,32,1,8,8,True,conv2d,,relu,YES,YES,NO,configs/conv/conv_1117.json,reports/conv/conv_1117/csynth.xml,,,NO,
conv_1118,16,56,28,32,1,8,8,True,group_conv2d,2,relu,YES,YES,YES,configs/conv/conv_1118.json,reports/conv/conv_1118/csynth.xml,reports/conv/conv_1118/export_impl.xml,reports/conv/conv_1118/power_routed.rpt,NO,
conv_1119,16,56,28,32,1,8,8,True,group_conv2d,4,relu,YES,YES,NO,configs/conv/conv_1119.json,reports/conv/conv_1119/csynth.xml,,,NO,
conv_1120,16,56,28,32,1,8,8,False,conv2d,,relu,YES,YES,NO,configs/conv/conv_1120.json,reports/conv/conv_1120/csynth.xml,,,NO,
conv_1121,16,56,28,32,1,8,8,False,group_conv2d,2,relu,YES,YES,NO,configs/conv/conv_1121.json,reports/conv/conv_1121/csynth.xml,,,NO,
conv_1122,16,56,28,32,1,8,8,False,group_conv2d,4,relu,YES,YES,NO,configs/conv/conv_1122.json,reports/conv/conv_1122/csynth.xml,,,NO,
conv_1123,16,56,28,32,1,8,8,True,conv2d,,sigmoid,YES,YES,NO,configs/conv/conv_1123.json,reports/conv/conv_1123/csynth.xml,,,NO,
conv_1124,16,56,28,32,1,8,8,True,group_conv2d,2,sigmoid,YES,YES,NO,configs/conv/conv_1124.json,reports/conv/conv_1124/csynth.xml,,,NO,
conv_1125,16,56,28,32,1,8,8,True,group_conv2d,4,sigmoid,YES,YES,NO,configs/conv/conv_1125.json,reports/conv/conv_1125/csynth.xml,,,NO,
conv_1126,16,56,28,32,1,8,8,False,conv2d,,sigmoid,YES,YES,NO,configs/conv/conv_1126.json,reports/conv/conv_1126/csynth.xml,,,NO,
conv_1127,16,56,28,32,1,8,8,False,group_conv2d,2,sigmoid,YES,YES,NO,configs/conv/conv_1127.json,reports/conv/conv_1127/csynth.xml,,,NO,
conv_1128,16,56,28,32,1,8,8,False,group_conv2d,4,sigmoid,YES,YES,NO,configs/conv/conv_1128.json,reports/conv/conv_1128/csynth.xml,,,NO,
conv_1129,16,56,28,32,1,8,8,True,conv2d,,tanh,YES,YES,NO,configs/conv/conv_1129.json,reports/conv/conv_1129/csynth.xml,,,NO,
conv_1130,16,56,28,32,1,8,8,True,group_conv2d,2,tanh,YES,YES,NO,configs/conv/conv_1130.json,reports/conv/conv_1130/csynth.xml,,,NO,
conv_1131,16,56,28,32,1,8,8,True,group_conv2d,4,tanh,YES,YES,NO,configs/conv/conv_1131.json,reports/conv/conv_1131/csynth.xml,,,NO,
conv_1132,16,56,28,32,1,8,8,False,conv2d,,tanh,YES,YES,NO,configs/conv/conv_1132.json,reports/conv/conv_1132/csynth.xml,,,NO,
conv_1133,16,56,28,32,1,8,8,False,group_conv2d,2,tanh,YES,YES,NO,configs/conv/conv_1133.json,reports/conv/conv_1133/csynth.xml,,,NO,
conv_1134,16,56,28,32,1,8,8,False,group_conv2d,4,tanh,YES,YES,NO,configs/conv/conv_1134.json,reports/conv/conv_1134/csynth.xml,,,NO,
conv_1135,16,56,28,32,3,1,1,True,conv2d,,relu,YES,YES,YES,configs/conv/conv_1135.json,reports/conv/conv_1135/csynth.xml,reports/conv/conv_1135/export_impl.xml,reports/conv/conv_1135/power_routed.rpt,NO,
conv_1136,16,56,28,32,3,1,1,True,group_conv2d,2,relu,YES,YES,YES,configs/conv/conv_1136.json,reports/conv/conv_1136/csynth.xml,reports/conv/conv_1136/export_impl.xml,reports/conv/conv_1136/power_routed.rpt,NO,
conv_1137,16,56,28,32,3,1,1,True,group_conv2d,4,relu,YES,YES,YES,configs/conv/conv_1137.json,reports/conv/conv_1137/csynth.xml,reports/conv/conv_1137/export_impl.xml,reports/conv/conv_1137/power_routed.rpt,NO,
conv_1138,16,56,28,32,3,1,1,False,conv2d,,relu,YES,YES,YES,configs/conv/conv_1138.json,reports/conv/conv_1138/csynth.xml,reports/conv/conv_1138/export_impl.xml,reports/conv/conv_1138/power_routed.rpt,NO,
conv_1139,16,56,28,32,3,1,1,False,group_conv2d,2,relu,YES,YES,YES,configs/conv/conv_1139.json,reports/conv/conv_1139/csynth.xml,reports/conv/conv_1139/export_impl.xml,reports/conv/conv_1139/power_routed.rpt,NO,
conv_1140,16,56,28,32,3,1,1,False,group_conv2d,4,relu,YES,YES,YES,configs/conv/conv_1140.json,reports/conv/conv_1140/csynth.xml,reports/conv/conv_1140/export_impl.xml,reports/conv/conv_1140/power_routed.rpt,NO,
conv_1141,16,56,28,32,3,1,1,True,conv2d,,sigmoid,YES,YES,YES,configs/conv/conv_1141.json,reports/conv/conv_1141/csynth.xml,reports/conv/conv_1141/export_impl.xml,reports/conv/conv_1141/power_routed.rpt,NO,
conv_1142,16,56,28,32,3,1,1,True,group_conv2d,2,sigmoid,YES,YES,YES,configs/conv/conv_1142.json,reports/conv/conv_1142/csynth.xml,reports/conv/conv_1142/export_impl.xml,reports/conv/conv_1142/power_routed.rpt,NO,
conv_1143,16,56,28,32,3,1,1,True,group_conv2d,4,sigmoid,YES,YES,YES,configs/conv/conv_1143.json,reports/conv/conv_1143/csynth.xml,reports/conv/conv_1143/export_impl.xml,reports/conv/conv_1143/power_routed.rpt,NO,
conv_1144,16,56,28,32,3,1,1,False,conv2d,,sigmoid,YES,YES,YES,configs/conv/conv_1144.json,reports/conv/conv_1144/csynth.xml,reports/conv/conv_1144/export_impl.xml,reports/conv/conv_1144/power_routed.rpt,NO,
conv_1145,16,56,28,32,3,1,1,False,group_conv2d,2,sigmoid,YES,YES,YES,configs/conv/conv_1145.json,reports/conv/conv_1145/csynth.xml,reports/conv/conv_1145/export_impl.xml,reports/conv/conv_1145/power_routed.rpt,NO,
conv_1146,16,56,28,32,3,1,1,False,group_conv2d,4,sigmoid,YES,YES,YES,configs/conv/conv_1146.json,reports/conv/conv_1146/csynth.xml,reports/conv/conv_1146/export_impl.xml,reports/conv/conv_1146/power_routed.rpt,NO,
conv_1147,16,56,28,32,3,1,1,True,conv2d,,tanh,YES,YES,YES,configs/conv/conv_1147.json,reports/conv/conv_1147/csynth.xml,reports/conv/conv_1147/export_impl.xml,reports/conv/conv_1147/power_routed.rpt,NO,
conv_1148,16,56,28,32,3,1,1,True,group_conv2d,2,tanh,YES,YES,YES,configs/conv/conv_1148.json,reports/conv/conv_1148/csynth.xml,reports/conv/conv_1148/export_impl.xml,reports/conv/conv_1148/power_routed.rpt,NO,
conv_1149,16,56,28,32,3,1,1,True,group_conv2d,4,tanh,YES,YES,YES,configs/conv/conv_1149.json,reports/conv/conv_1149/csynth.xml,reports/conv/conv_1149/export_impl.xml,reports/conv/conv_1149/power_routed.rpt,NO,
conv_1150,16,56,28,32,3,1,1,False,conv2d,,tanh,YES,YES,YES,configs/conv/conv_1150.json,reports/conv/conv_1150/csynth.xml,reports/conv/conv_1150/export_impl.xml,reports/conv/conv_1150/power_routed.rpt,NO,
conv_1151,16,56,28,32,3,1,1,False,group_conv2d,2,tanh,YES,YES,YES,configs/conv/conv_1151.json,reports/conv/conv_1151/csynth.xml,reports/conv/conv_1151/export_impl.xml,reports/conv/conv_1151/power_routed.rpt,NO,
conv_1152,16,56,28,32,3,1,1,False,group_conv2d,4,tanh,YES,YES,YES,configs/conv/conv_1152.json,reports/conv/conv_1152/csynth.xml,reports/conv/conv_1152/export_impl.xml,reports/conv/conv_1152/power_routed.rpt,NO,
conv_1153,16,56,28,32,3,1,4,True,conv2d,,relu,YES,YES,NO,configs/conv/conv_1153.json,reports/conv/conv_1153/csynth.xml,,,NO,
conv_1154,16,56,28,32,3,1,4,True,group_conv2d,2,relu,YES,YES,NO,configs/conv/conv_1154.json,reports/conv/conv_1154/csynth.xml,,,NO,
conv_1155,16,56,28,32,3,1,4,True,group_conv2d,4,relu,YES,YES,NO,configs/conv/conv_1155.json,reports/conv/conv_1155/csynth.xml,,,NO,
conv_1156,16,56,28,32,3,1,4,False,conv2d,,relu,YES,YES,NO,configs/conv/conv_1156.json,reports/conv/conv_1156/csynth.xml,,,NO,
conv_1157,16,56,28,32,3,1,4,False,group_conv2d,2,relu,YES,YES,NO,configs/conv/conv_1157.json,reports/conv/conv_1157/csynth.xml,,,NO,
conv_1158,16,56,28,32,3,1,4,False,group_conv2d,4,relu,YES,YES,NO,configs/conv/conv_1158.json,reports/conv/conv_1158/csynth.xml,,,NO,
conv_1159,16,56,28,32,3,1,4,True,conv2d,,sigmoid,YES,YES,YES,configs/conv/conv_1159.json,reports/conv/conv_1159/csynth.xml,reports/conv/conv_1159/export_impl.xml,reports/conv/conv_1159/power_routed.rpt,NO,
conv_1160,16,56,28,32,3,1,4,True,group_conv2d,2,sigmoid,YES,YES,NO,configs/conv/conv_1160.json,reports/conv/conv_1160/csynth.xml,,,NO,
conv_1161,16,56,28,32,3,1,4,True,group_conv2d,4,sigmoid,YES,YES,NO,configs/conv/conv_1161.json,reports/conv/conv_1161/csynth.xml,,,NO,
conv_1162,16,56,28,32,3,1,4,False,conv2d,,sigmoid,YES,YES,NO,configs/conv/conv_1162.json,reports/conv/conv_1162/csynth.xml,,,NO,
conv_1163,16,56,28,32,3,1,4,False,group_conv2d,2,sigmoid,YES,YES,NO,configs/conv/conv_1163.json,reports/conv/conv_1163/csynth.xml,,,NO,
conv_1164,16,56,28,32,3,1,4,False,group_conv2d,4,sigmoid,YES,YES,NO,configs/conv/conv_1164.json,reports/conv/conv_1164/csynth.xml,,,NO,
conv_1165,16,56,28,32,3,1,4,True,conv2d,,tanh,YES,YES,NO,configs/conv/conv_1165.json,reports/conv/conv_1165/csynth.xml,,,NO,
conv_1166,16,56,28,32,3,1,4,True,group_conv2d,2,tanh,YES,YES,NO,configs/conv/conv_1166.json,reports/conv/conv_1166/csynth.xml,,,NO,
conv_1167,16,56,28,32,3,1,4,True,group_conv2d,4,tanh,YES,YES,NO,configs/conv/conv_1167.json,reports/conv/conv_1167/csynth.xml,,,NO,
conv_1168,16,56,28,32,3,1,4,False,conv2d,,tanh,YES,YES,YES,configs/conv/conv_1168.json,reports/conv/conv_1168/csynth.xml,reports/conv/conv_1168/export_impl.xml,reports/conv/conv_1168/power_routed.rpt,NO,
conv_1169,16,56,28,32,3,1,4,False,group_conv2d,2,tanh,YES,YES,NO,configs/conv/conv_1169.json,reports/conv/conv_1169/csynth.xml,,,NO,
conv_1170,16,56,28,32,3,1,4,False,group_conv2d,4,tanh,YES,YES,NO,configs/conv/conv_1170.json,reports/conv/conv_1170/csynth.xml,,,NO,
conv_1171,16,56,28,32,3,1,8,True,conv2d,,relu,YES,YES,NO,configs/conv/conv_1171.json,reports/conv/conv_1171/csynth.xml,,,NO,
conv_1172,16,56,28,32,3,1,8,True,group_conv2d,2,relu,YES,YES,NO,configs/conv/conv_1172.json,reports/conv/conv_1172/csynth.xml,,,NO,
conv_1173,16,56,28,32,3,1,8,True,group_conv2d,4,relu,YES,YES,NO,configs/conv/conv_1173.json,reports/conv/conv_1173/csynth.xml,,,NO,
conv_1174,16,56,28,32,3,1,8,False,conv2d,,relu,YES,YES,NO,configs/conv/conv_1174.json,reports/conv/conv_1174/csynth.xml,,,NO,
conv_1175,16,56,28,32,3,1,8,False,group_conv2d,2,relu,YES,YES,NO,configs/conv/conv_1175.json,reports/conv/conv_1175/csynth.xml,,,NO,
conv_1176,16,56,28,32,3,1,8,False,group_conv2d,4,relu,YES,YES,NO,configs/conv/conv_1176.json,reports/conv/conv_1176/csynth.xml,,,NO,
conv_1177,16,56,28,32,3,1,8,True,conv2d,,sigmoid,YES,YES,NO,configs/conv/conv_1177.json,reports/conv/conv_1177/csynth.xml,,,NO,
conv_1178,16,56,28,32,3,1,8,True,group_conv2d,2,sigmoid,YES,YES,NO,configs/conv/conv_1178.json,reports/conv/conv_1178/csynth.xml,,,NO,
conv_1179,16,56,28,32,3,1,8,True,group_conv2d,4,sigmoid,YES,YES,NO,configs/conv/conv_1179.json,reports/conv/conv_1179/csynth.xml,,,NO,
conv_1180,16,56,28,32,3,1,8,False,conv2d,,sigmoid,YES,YES,NO,configs/conv/conv_1180.json,reports/conv/conv_1180/csynth.xml,,,NO,
conv_1181,16,56,28,32,3,1,8,False,group_conv2d,2,sigmoid,YES,YES,NO,configs/conv/conv_1181.json,reports/conv/conv_1181/csynth.xml,,,NO,
conv_1182,16,56,28,32,3,1,8,False,group_conv2d,4,sigmoid,YES,YES,NO,configs/conv/conv_1182.json,reports/conv/conv_1182/csynth.xml,,,NO,
conv_1183,16,56,28,32,3,1,8,True,conv2d,,tanh,YES,YES,NO,configs/conv/conv_1183.json,reports/conv/conv_1183/csynth.xml,,,NO,
conv_1184,16,56,28,32,3,1,8,True,group_conv2d,2,tanh,YES,YES,NO,configs/conv/conv_1184.json,reports/conv/conv_1184/csynth.xml,,,NO,
conv_1185,16,56,28,32,3,1,8,True,group_conv2d,4,tanh,YES,YES,NO,configs/conv/conv_1185.json,reports/conv/conv_1185/csynth.xml,,,NO,
conv_1186,16,56,28,32,3,1,8,False,conv2d,,tanh,YES,YES,NO,configs/conv/conv_1186.json,reports/conv/conv_1186/csynth.xml,,,NO,
conv_1187,16,56,28,32,3,1,8,False,group_conv2d,2,tanh,YES,YES,NO,configs/conv/conv_1187.json,reports/conv/conv_1187/csynth.xml,,,NO,
conv_1188,16,56,28,32,3,1,8,False,group_conv2d,4,tanh,YES,YES,NO,configs/conv/conv_1188.json,reports/conv/conv_1188/csynth.xml,,,NO,
conv_1189,16,56,28,32,3,4,1,True,conv2d,,relu,YES,YES,NO,configs/conv/conv_1189.json,reports/conv/conv_1189/csynth.xml,,,NO,
conv_1190,16,56,28,32,3,4,1,True,group_conv2d,2,relu,YES,YES,NO,configs/conv/conv_1190.json,reports/conv/conv_1190/csynth.xml,,,NO,
conv_1191,16,56,28,32,3,4,1,True,group_conv2d,4,relu,YES,YES,NO,configs/conv/conv_1191.json,reports/conv/conv_1191/csynth.xml,,,NO,
conv_1192,16,56,28,32,3,4,1,False,conv2d,,relu,YES,YES,NO,configs/conv/conv_1192.json,reports/conv/conv_1192/csynth.xml,,,NO,
conv_1193,16,56,28,32,3,4,1,False,group_conv2d,2,relu,YES,YES,NO,configs/conv/conv_1193.json,reports/conv/conv_1193/csynth.xml,,,NO,
conv_1194,16,56,28,32,3,4,1,False,group_conv2d,4,relu,YES,YES,NO,configs/conv/conv_1194.json,reports/conv/conv_1194/csynth.xml,,,NO,
conv_1195,16,56,28,32,3,4,1,True,conv2d,,sigmoid,YES,YES,YES,configs/conv/conv_1195.json,reports/conv/conv_1195/csynth.xml,reports/conv/conv_1195/export_impl.xml,reports/conv/conv_1195/power_routed.rpt,NO,
conv_1196,16,56,28,32,3,4,1,True,group_conv2d,2,sigmoid,YES,YES,NO,configs/conv/conv_1196.json,reports/conv/conv_1196/csynth.xml,,,NO,
conv_1197,16,56,28,32,3,4,1,True,group_conv2d,4,sigmoid,YES,YES,NO,configs/conv/conv_1197.json,reports/conv/conv_1197/csynth.xml,,,NO,
conv_1198,16,56,28,32,3,4,1,False,conv2d,,sigmoid,YES,YES,YES,configs/conv/conv_1198.json,reports/conv/conv_1198/csynth.xml,reports/conv/conv_1198/export_impl.xml,reports/conv/conv_1198/power_routed.rpt,NO,
conv_1199,16,56,28,32,3,4,1,False,group_conv2d,2,sigmoid,YES,YES,NO,configs/conv/conv_1199.json,reports/conv/conv_1199/csynth.xml,,,NO,
conv_1200,16,56,28,32,3,4,1,False,group_conv2d,4,sigmoid,YES,YES,NO,configs/conv/conv_1200.json,reports/conv/conv_1200/csynth.xml,,,NO,
conv_1201,16,56,28,32,3,4,1,True,conv2d,,tanh,YES,YES,NO,configs/conv/conv_1201.json,reports/conv/conv_1201/csynth.xml,,,NO,
conv_1202,16,56,28,32,3,4,1,True,group_conv2d,2,tanh,YES,YES,NO,configs/conv/conv_1202.json,reports/conv/conv_1202/csynth.xml,,,NO,
conv_1203,16,56,28,32,3,4,1,True,group_conv2d,4,tanh,YES,YES,NO,configs/conv/conv_1203.json,reports/conv/conv_1203/csynth.xml,,,NO,
conv_1204,16,56,28,32,3,4,1,False,conv2d,,tanh,YES,YES,NO,configs/conv/conv_1204.json,reports/conv/conv_1204/csynth.xml,,,NO,
conv_1205,16,56,28,32,3,4,1,False,group_conv2d,2,tanh,YES,YES,NO,configs/conv/conv_1205.json,reports/conv/conv_1205/csynth.xml,,,NO,
conv_1206,16,56,28,32,3,4,1,False,group_conv2d,4,tanh,YES,YES,NO,configs/conv/conv_1206.json,reports/conv/conv_1206/csynth.xml,,,NO,
conv_1207,16,56,28,32,3,4,4,True,conv2d,,relu,YES,YES,YES,configs/conv/conv_1207.json,reports/conv/conv_1207/csynth.xml,reports/conv/conv_1207/export_impl.xml,reports/conv/conv_1207/power_routed.rpt,NO,
conv_1208,16,56,28,32,3,4,4,True,group_conv2d,2,relu,YES,YES,NO,configs/conv/conv_1208.json,reports/conv/conv_1208/csynth.xml,,,NO,
conv_1209,16,56,28,32,3,4,4,True,group_conv2d,4,relu,YES,YES,NO,configs/conv/conv_1209.json,reports/conv/conv_1209/csynth.xml,,,NO,
conv_1210,16,56,28,32,3,4,4,False,conv2d,,relu,YES,YES,YES,configs/conv/conv_1210.json,reports/conv/conv_1210/csynth.xml,reports/conv/conv_1210/export_impl.xml,reports/conv/conv_1210/power_routed.rpt,NO,
conv_1211,16,56,28,32,3,4,4,False,group_conv2d,2,relu,YES,YES,NO,configs/conv/conv_1211.json,reports/conv/conv_1211/csynth.xml,,,NO,
conv_1212,16,56,28,32,3,4,4,False,group_conv2d,4,relu,YES,YES,NO,configs/conv/conv_1212.json,reports/conv/conv_1212/csynth.xml,,,NO,
conv_1213,16,56,28,32,3,4,4,True,conv2d,,sigmoid,YES,YES,NO,configs/conv/conv_1213.json,reports/conv/conv_1213/csynth.xml,,,NO,
conv_1214,16,56,28,32,3,4,4,True,group_conv2d,2,sigmoid,YES,YES,NO,configs/conv/conv_1214.json,reports/conv/conv_1214/csynth.xml,,,NO,
conv_1215,16,56,28,32,3,4,4,True,group_conv2d,4,sigmoid,YES,YES,NO,configs/conv/conv_1215.json,reports/conv/conv_1215/csynth.xml,,,NO,
conv_1216,16,56,28,32,3,4,4,False,conv2d,,sigmoid,YES,YES,NO,configs/conv/conv_1216.json,reports/conv/conv_1216/csynth.xml,,,NO,
conv_1217,16,56,28,32,3,4,4,False,group_conv2d,2,sigmoid,YES,YES,NO,configs/conv/conv_1217.json,reports/conv/conv_1217/csynth.xml,,,NO,
conv_1218,16,56,28,32,3,4,4,False,group_conv2d,4,sigmoid,YES,YES,NO,configs/conv/conv_1218.json,reports/conv/conv_1218/csynth.xml,,,NO,
conv_1219,16,56,28,32,3,4,4,True,conv2d,,tanh,YES,YES,NO,configs/conv/conv_1219.json,reports/conv/conv_1219/csynth.xml,,,NO,
conv_1220,16,56,28,32,3,4,4,True,group_conv2d,2,tanh,YES,YES,NO,configs/conv/conv_1220.json,reports/conv/conv_1220/csynth.xml,,,NO,
conv_1221,16,56,28,32,3,4,4,True,group_conv2d,4,tanh,YES,YES,NO,configs/conv/conv_1221.json,reports/conv/conv_1221/csynth.xml,,,NO,
conv_1222,16,56,28,32,3,4,4,False,conv2d,,tanh,YES,YES,NO,configs/conv/conv_1222.json,reports/conv/conv_1222/csynth.xml,,,NO,
conv_1223,16,56,28,32,3,4,4,False,group_conv2d,2,tanh,YES,YES,NO,configs/conv/conv_1223.json,reports/conv/conv_1223/csynth.xml,,,NO,
conv_1224,16,56,28,32,3,4,4,False,group_conv2d,4,tanh,YES,YES,NO,configs/conv/conv_1224.json,reports/conv/conv_1224/csynth.xml,,,NO,
conv_1225,16,56,28,32,3,4,8,True,conv2d,,relu,YES,YES,NO,configs/conv/conv_1225.json,reports/conv/conv_1225/csynth.xml,,,NO,
conv_1226,16,56,28,32,3,4,8,True,group_conv2d,2,relu,YES,YES,NO,configs/conv/conv_1226.json,reports/conv/conv_1226/csynth.xml,,,NO,
conv_1227,16,56,28,32,3,4,8,True,group_conv2d,4,relu,YES,YES,NO,configs/conv/conv_1227.json,reports/conv/conv_1227/csynth.xml,,,NO,
conv_1228,16,56,28,32,3,4,8,False,conv2d,,relu,YES,YES,YES,configs/conv/conv_1228.json,reports/conv/conv_1228/csynth.xml,reports/conv/conv_1228/export_impl.xml,reports/conv/conv_1228/power_routed.rpt,NO,
conv_1229,16,56,28,32,3,4,8,False,group_conv2d,2,relu,YES,YES,NO,configs/conv/conv_1229.json,reports/conv/conv_1229/csynth.xml,,,NO,
conv_1230,16,56,28,32,3,4,8,False,group_conv2d,4,relu,YES,YES,NO,configs/conv/conv_1230.json,reports/conv/conv_1230/csynth.xml,,,NO,
conv_1231,16,56,28,32,3,4,8,True,conv2d,,sigmoid,YES,YES,NO,configs/conv/conv_1231.json,reports/conv/conv_1231/csynth.xml,,,NO,
conv_1232,16,56,28,32,3,4,8,True,group_conv2d,2,sigmoid,YES,YES,NO,configs/conv/conv_1232.json,reports/conv/conv_1232/csynth.xml,,,NO,
conv_1233,16,56,28,32,3,4,8,True,group_conv2d,4,sigmoid,YES,YES,NO,configs/conv/conv_1233.json,reports/conv/conv_1233/csynth.xml,,,NO,
conv_1234,16,56,28,32,3,4,8,False,conv2d,,sigmoid,YES,YES,NO,configs/conv/conv_1234.json,reports/conv/conv_1234/csynth.xml,,,NO,
conv_1235,16,56,28,32,3,4,8,False,group_conv2d,2,sigmoid,YES,YES,NO,configs/conv/conv_1235.json,reports/conv/conv_1235/csynth.xml,,,NO,
conv_1236,16,56,28,32,3,4,8,False,group_conv2d,4,sigmoid,YES,YES,NO,configs/conv/conv_1236.json,reports/conv/conv_1236/csynth.xml,,,NO,
conv_1237,16,56,28,32,3,4,8,True,conv2d,,tanh,YES,YES,NO,configs/conv/conv_1237.json,reports/conv/conv_1237/csynth.xml,,,NO,
conv_1238,16,56,28,32,3,4,8,True,group_conv2d,2,tanh,YES,YES,NO,configs/conv/conv_1238.json,reports/conv/conv_1238/csynth.xml,,,NO,
conv_1239,16,56,28,32,3,4,8,True,group_conv2d,4,tanh,YES,YES,NO,configs/conv/conv_1239.json,reports/conv/conv_1239/csynth.xml,,,NO,
conv_1240,16,56,28,32,3,4,8,False,conv2d,,tanh,YES,YES,NO,configs/conv/conv_1240.json,reports/conv/conv_1240/csynth.xml,,,NO,
conv_1241,16,56,28,32,3,4,8,False,group_conv2d,2,tanh,YES,YES,NO,configs/conv/conv_1241.json,reports/conv/conv_1241/csynth.xml,,,NO,
conv_1242,16,56,28,32,3,4,8,False,group_conv2d,4,tanh,YES,YES,NO,configs/conv/conv_1242.json,reports/conv/conv_1242/csynth.xml,,,NO,
conv_1243,16,56,28,32,3,8,1,True,conv2d,,relu,YES,YES,NO,configs/conv/conv_1243.json,reports/conv/conv_1243/csynth.xml,,,NO,
conv_1244,16,56,28,32,3,8,1,True,group_conv2d,2,relu,YES,YES,NO,configs/conv/conv_1244.json,reports/conv/conv_1244/csynth.xml,,,NO,
conv_1245,16,56,28,32,3,8,1,True,group_conv2d,4,relu,YES,YES,NO,configs/conv/conv_1245.json,reports/conv/conv_1245/csynth.xml,,,NO,
conv_1246,16,56,28,32,3,8,1,False,conv2d,,relu,YES,YES,NO,configs/conv/conv_1246.json,reports/conv/conv_1246/csynth.xml,,,NO,
conv_1247,16,56,28,32,3,8,1,False,group_conv2d,2,relu,YES,YES,NO,configs/conv/conv_1247.json,reports/conv/conv_1247/csynth.xml,,,NO,
conv_1248,16,56,28,32,3,8,1,False,group_conv2d,4,relu,YES,YES,YES,configs/conv/conv_1248.json,reports/conv/conv_1248/csynth.xml,reports/conv/conv_1248/export_impl.xml,reports/conv/conv_1248/power_routed.rpt,NO,
conv_1249,16,56,28,32,3,8,1,True,conv2d,,sigmoid,YES,YES,NO,configs/conv/conv_1249.json,reports/conv/conv_1249/csynth.xml,,,NO,
conv_1250,16,56,28,32,3,8,1,True,group_conv2d,2,sigmoid,YES,YES,NO,configs/conv/conv_1250.json,reports/conv/conv_1250/csynth.xml,,,NO,
conv_1251,16,56,28,32,3,8,1,True,group_conv2d,4,sigmoid,YES,YES,NO,configs/conv/conv_1251.json,reports/conv/conv_1251/csynth.xml,,,NO,
conv_1252,16,56,28,32,3,8,1,False,conv2d,,sigmoid,YES,YES,NO,configs/conv/conv_1252.json,reports/conv/conv_1252/csynth.xml,,,NO,
conv_1253,16,56,28,32,3,8,1,False,group_conv2d,2,sigmoid,YES,YES,NO,configs/conv/conv_1253.json,reports/conv/conv_1253/csynth.xml,,,NO,
conv_1254,16,56,28,32,3,8,1,False,group_conv2d,4,sigmoid,YES,YES,NO,configs/conv/conv_1254.json,reports/conv/conv_1254/csynth.xml,,,NO,
conv_1255,16,56,28,32,3,8,1,True,conv2d,,tanh,YES,YES,NO,configs/conv/conv_1255.json,reports/conv/conv_1255/csynth.xml,,,NO,
conv_1256,16,56,28,32,3,8,1,True,group_conv2d,2,tanh,YES,YES,NO,configs/conv/conv_1256.json,reports/conv/conv_1256/csynth.xml,,,NO,
conv_1257,16,56,28,32,3,8,1,True,group_conv2d,4,tanh,YES,YES,NO,configs/conv/conv_1257.json,reports/conv/conv_1257/csynth.xml,,,NO,
conv_1258,16,56,28,32,3,8,1,False,conv2d,,tanh,YES,YES,NO,configs/conv/conv_1258.json,reports/conv/conv_1258/csynth.xml,,,NO,
conv_1259,16,56,28,32,3,8,1,False,group_conv2d,2,tanh,YES,YES,NO,configs/conv/conv_1259.json,reports/conv/conv_1259/csynth.xml,,,NO,
conv_1260,16,56,28,32,3,8,1,False,group_conv2d,4,tanh,YES,YES,NO,configs/conv/conv_1260.json,reports/conv/conv_1260/csynth.xml,,,NO,
conv_1261,16,56,28,32,3,8,4,True,conv2d,,relu,YES,YES,NO,configs/conv/conv_1261.json,reports/conv/conv_1261/csynth.xml,,,NO,
conv_1262,16,56,28,32,3,8,4,True,group_conv2d,2,relu,YES,YES,YES,configs/conv/conv_1262.json,reports/conv/conv_1262/csynth.xml,reports/conv/conv_1262/export_impl.xml,reports/conv/conv_1262/power_routed.rpt,NO,
conv_1263,16,56,28,32,3,8,4,True,group_conv2d,4,relu,YES,YES,NO,configs/conv/conv_1263.json,reports/conv/conv_1263/csynth.xml,,,NO,
conv_1264,16,56,28,32,3,8,4,False,conv2d,,relu,YES,YES,NO,configs/conv/conv_1264.json,reports/conv/conv_1264/csynth.xml,,,NO,
conv_1265,16,56,28,32,3,8,4,False,group_conv2d,2,relu,YES,YES,NO,configs/conv/conv_1265.json,reports/conv/conv_1265/csynth.xml,,,NO,
conv_1266,16,56,28,32,3,8,4,False,group_conv2d,4,relu,YES,YES,NO,configs/conv/conv_1266.json,reports/conv/conv_1266/csynth.xml,,,NO,
conv_1267,16,56,28,32,3,8,4,True,conv2d,,sigmoid,YES,YES,NO,configs/conv/conv_1267.json,reports/conv/conv_1267/csynth.xml,,,NO,
conv_1268,16,56,28,32,3,8,4,True,group_conv2d,2,sigmoid,YES,YES,NO,configs/conv/conv_1268.json,reports/conv/conv_1268/csynth.xml,,,NO,
conv_1269,16,56,28,32,3,8,4,True,group_conv2d,4,sigmoid,YES,YES,NO,configs/conv/conv_1269.json,reports/conv/conv_1269/csynth.xml,,,NO,
conv_1270,16,56,28,32,3,8,4,False,conv2d,,sigmoid,YES,YES,NO,configs/conv/conv_1270.json,reports/conv/conv_1270/csynth.xml,,,NO,
conv_1271,16,56,28,32,3,8,4,False,group_conv2d,2,sigmoid,YES,YES,NO,configs/conv/conv_1271.json,reports/conv/conv_1271/csynth.xml,,,NO,
conv_1272,16,56,28,32,3,8,4,False,group_conv2d,4,sigmoid,YES,YES,NO,configs/conv/conv_1272.json,reports/conv/conv_1272/csynth.xml,,,NO,
conv_1273,16,56,28,32,3,8,4,True,conv2d,,tanh,YES,YES,NO,configs/conv/conv_1273.json,reports/conv/conv_1273/csynth.xml,,,NO,
conv_1274,16,56,28,32,3,8,4,True,group_conv2d,2,tanh,YES,YES,NO,configs/conv/conv_1274.json,reports/conv/conv_1274/csynth.xml,,,NO,
conv_1275,16,56,28,32,3,8,4,True,group_conv2d,4,tanh,YES,YES,NO,configs/conv/conv_1275.json,reports/conv/conv_1275/csynth.xml,,,NO,
conv_1276,16,56,28,32,3,8,4,False,conv2d,,tanh,YES,YES,NO,configs/conv/conv_1276.json,reports/conv/conv_1276/csynth.xml,,,NO,
conv_1277,16,56,28,32,3,8,4,False,group_conv2d,2,tanh,YES,YES,NO,configs/conv/conv_1277.json,reports/conv/conv_1277/csynth.xml,,,NO,
conv_1278,16,56,28,32,3,8,4,False,group_conv2d,4,tanh,YES,YES,NO,configs/conv/conv_1278.json,reports/conv/conv_1278/csynth.xml,,,NO,
conv_1279,16,56,28,32,3,8,8,True,conv2d,,relu,YES,YES,NO,configs/conv/conv_1279.json,reports/conv/conv_1279/csynth.xml,,,NO,
conv_1280,16,56,28,32,3,8,8,True,group_conv2d,2,relu,YES,YES,NO,configs/conv/conv_1280.json,reports/conv/conv_1280/csynth.xml,,,NO,
conv_1281,16,56,28,32,3,8,8,True,group_conv2d,4,relu,YES,YES,NO,configs/conv/conv_1281.json,reports/conv/conv_1281/csynth.xml,,,NO,
conv_1282,16,56,28,32,3,8,8,False,conv2d,,relu,YES,YES,NO,configs/conv/conv_1282.json,reports/conv/conv_1282/csynth.xml,,,NO,
conv_1283,16,56,28,32,3,8,8,False,group_conv2d,2,relu,YES,YES,NO,configs/conv/conv_1283.json,reports/conv/conv_1283/csynth.xml,,,NO,
conv_1284,16,56,28,32,3,8,8,False,group_conv2d,4,relu,YES,YES,NO,configs/conv/conv_1284.json,reports/conv/conv_1284/csynth.xml,,,NO,
conv_1285,16,56,28,32,3,8,8,True,conv2d,,sigmoid,YES,YES,NO,configs/conv/conv_1285.json,reports/conv/conv_1285/csynth.xml,,,NO,
conv_1286,16,56,28,32,3,8,8,True,group_conv2d,2,sigmoid,YES,YES,NO,configs/conv/conv_1286.json,reports/conv/conv_1286/csynth.xml,,,NO,
conv_1287,16,56,28,32,3,8,8,True,group_conv2d,4,sigmoid,YES,YES,NO,configs/conv/conv_1287.json,reports/conv/conv_1287/csynth.xml,,,NO,
conv_1288,16,56,28,32,3,8,8,False,conv2d,,sigmoid,YES,YES,NO,configs/conv/conv_1288.json,reports/conv/conv_1288/csynth.xml,,,NO,
conv_1289,16,56,28,32,3,8,8,False,group_conv2d,2,sigmoid,YES,YES,NO,configs/conv/conv_1289.json,reports/conv/conv_1289/csynth.xml,,,NO,
conv_1290,16,56,28,32,3,8,8,False,group_conv2d,4,sigmoid,YES,YES,NO,configs/conv/conv_1290.json,reports/conv/conv_1290/csynth.xml,,,NO,
conv_1291,16,56,28,32,3,8,8,True,conv2d,,tanh,YES,YES,NO,configs/conv/conv_1291.json,reports/conv/conv_1291/csynth.xml,,,NO,
conv_1292,16,56,28,32,3,8,8,True,group_conv2d,2,tanh,YES,YES,NO,configs/conv/conv_1292.json,reports/conv/conv_1292/csynth.xml,,,NO,
conv_1293,16,56,28,32,3,8,8,True,group_conv2d,4,tanh,YES,YES,NO,configs/conv/conv_1293.json,reports/conv/conv_1293/csynth.xml,,,NO,
conv_1294,16,56,28,32,3,8,8,False,conv2d,,tanh,YES,YES,NO,configs/conv/conv_1294.json,reports/conv/conv_1294/csynth.xml,,,NO,
conv_1295,16,56,28,32,3,8,8,False,group_conv2d,2,tanh,YES,YES,NO,configs/conv/conv_1295.json,reports/conv/conv_1295/csynth.xml,,,NO,
conv_1296,16,56,28,32,3,8,8,False,group_conv2d,4,tanh,YES,YES,NO,configs/conv/conv_1296.json,reports/conv/conv_1296/csynth.xml,,,NO,
conv_1297,16,28,56,16,1,1,1,True,conv2d,,relu,YES,YES,YES,configs/conv/conv_1297.json,reports/conv/conv_1297/csynth.xml,reports/conv/conv_1297/export_impl.xml,reports/conv/conv_1297/power_routed.rpt,NO,
conv_1298,16,28,56,16,1,1,1,True,group_conv2d,2,relu,YES,YES,YES,configs/conv/conv_1298.json,reports/conv/conv_1298/csynth.xml,reports/conv/conv_1298/export_impl.xml,reports/conv/conv_1298/power_routed.rpt,NO,
conv_1299,16,28,56,16,1,1,1,True,group_conv2d,4,relu,YES,YES,YES,configs/conv/conv_1299.json,reports/conv/conv_1299/csynth.xml,reports/conv/conv_1299/export_impl.xml,reports/conv/conv_1299/power_routed.rpt,NO,
conv_1300,16,28,56,16,1,1,1,False,conv2d,,relu,YES,YES,YES,configs/conv/conv_1300.json,reports/conv/conv_1300/csynth.xml,reports/conv/conv_1300/export_impl.xml,reports/conv/conv_1300/power_routed.rpt,NO,
conv_1301,16,28,56,16,1,1,1,False,group_conv2d,2,relu,YES,YES,YES,configs/conv/conv_1301.json,reports/conv/conv_1301/csynth.xml,reports/conv/conv_1301/export_impl.xml,reports/conv/conv_1301/power_routed.rpt,NO,
conv_1302,16,28,56,16,1,1,1,False,group_conv2d,4,relu,YES,YES,YES,configs/conv/conv_1302.json,reports/conv/conv_1302/csynth.xml,reports/conv/conv_1302/export_impl.xml,reports/conv/conv_1302/power_routed.rpt,NO,
conv_1303,16,28,56,16,1,1,1,True,conv2d,,sigmoid,YES,YES,YES,configs/conv/conv_1303.json,reports/conv/conv_1303/csynth.xml,reports/conv/conv_1303/export_impl.xml,reports/conv/conv_1303/power_routed.rpt,NO,
conv_1304,16,28,56,16,1,1,1,True,group_conv2d,2,sigmoid,YES,YES,YES,configs/conv/conv_1304.json,reports/conv/conv_1304/csynth.xml,reports/conv/conv_1304/export_impl.xml,reports/conv/conv_1304/power_routed.rpt,NO,
conv_1305,16,28,56,16,1,1,1,True,group_conv2d,4,sigmoid,YES,YES,YES,configs/conv/conv_1305.json,reports/conv/conv_1305/csynth.xml,reports/conv/conv_1305/export_impl.xml,reports/conv/conv_1305/power_routed.rpt,NO,
conv_1306,16,28,56,16,1,1,1,False,conv2d,,sigmoid,YES,YES,YES,configs/conv/conv_1306.json,reports/conv/conv_1306/csynth.xml,reports/conv/conv_1306/export_impl.xml,reports/conv/conv_1306/power_routed.rpt,NO,
conv_1307,16,28,56,16,1,1,1,False,group_conv2d,2,sigmoid,YES,YES,YES,configs/conv/conv_1307.json,reports/conv/conv_1307/csynth.xml,reports/conv/conv_1307/export_impl.xml,reports/conv/conv_1307/power_routed.rpt,NO,
conv_1308,16,28,56,16,1,1,1,False,group_conv2d,4,sigmoid,YES,YES,YES,configs/conv/conv_1308.json,reports/conv/conv_1308/csynth.xml,reports/conv/conv_1308/export_impl.xml,reports/conv/conv_1308/power_routed.rpt,NO,
conv_1309,16,28,56,16,1,1,1,True,conv2d,,tanh,YES,YES,YES,configs/conv/conv_1309.json,reports/conv/conv_1309/csynth.xml,reports/conv/conv_1309/export_impl.xml,reports/conv/conv_1309/power_routed.rpt,NO,
conv_1310,16,28,56,16,1,1,1,True,group_conv2d,2,tanh,YES,YES,YES,configs/conv/conv_1310.json,reports/conv/conv_1310/csynth.xml,reports/conv/conv_1310/export_impl.xml,reports/conv/conv_1310/power_routed.rpt,NO,
conv_1311,16,28,56,16,1,1,1,True,group_conv2d,4,tanh,YES,YES,YES,configs/conv/conv_1311.json,reports/conv/conv_1311/csynth.xml,reports/conv/conv_1311/export_impl.xml,reports/conv/conv_1311/power_routed.rpt,NO,
conv_1312,16,28,56,16,1,1,1,False,conv2d,,tanh,YES,YES,YES,configs/conv/conv_1312.json,reports/conv/conv_1312/csynth.xml,reports/conv/conv_1312/export_impl.xml,reports/conv/conv_1312/power_routed.rpt,NO,
conv_1313,16,28,56,16,1,1,1,False,group_conv2d,2,tanh,YES,YES,YES,configs/conv/conv_1313.json,reports/conv/conv_1313/csynth.xml,reports/conv/conv_1313/export_impl.xml,reports/conv/conv_1313/power_routed.rpt,NO,
conv_1314,16,28,56,16,1,1,1,False,group_conv2d,4,tanh,YES,YES,YES,configs/conv/conv_1314.json,reports/conv/conv_1314/csynth.xml,reports/conv/conv_1314/export_impl.xml,reports/conv/conv_1314/power_routed.rpt,NO,
conv_1315,16,28,56,16,1,1,4,True,conv2d,,relu,YES,YES,NO,configs/conv/conv_1315.json,reports/conv/conv_1315/csynth.xml,,,NO,
conv_1316,16,28,56,16,1,1,4,True,group_conv2d,2,relu,YES,YES,NO,configs/conv/conv_1316.json,reports/conv/conv_1316/csynth.xml,,,NO,
conv_1317,16,28,56,16,1,1,4,True,group_conv2d,4,relu,YES,YES,NO,configs/conv/conv_1317.json,reports/conv/conv_1317/csynth.xml,,,NO,
conv_1318,16,28,56,16,1,1,4,False,conv2d,,relu,YES,YES,YES,configs/conv/conv_1318.json,reports/conv/conv_1318/csynth.xml,reports/conv/conv_1318/export_impl.xml,reports/conv/conv_1318/power_routed.rpt,NO,
conv_1319,16,28,56,16,1,1,4,False,group_conv2d,2,relu,YES,YES,NO,configs/conv/conv_1319.json,reports/conv/conv_1319/csynth.xml,,,NO,
conv_1320,16,28,56,16,1,1,4,False,group_conv2d,4,relu,YES,YES,NO,configs/conv/conv_1320.json,reports/conv/conv_1320/csynth.xml,,,NO,
conv_1321,16,28,56,16,1,1,4,True,conv2d,,sigmoid,YES,YES,NO,configs/conv/conv_1321.json,reports/conv/conv_1321/csynth.xml,,,NO,
conv_1322,16,28,56,16,1,1,4,True,group_conv2d,2,sigmoid,YES,YES,NO,configs/conv/conv_1322.json,reports/conv/conv_1322/csynth.xml,,,NO,
conv_1323,16,28,56,16,1,1,4,True,group_conv2d,4,sigmoid,YES,YES,NO,configs/conv/conv_1323.json,reports/conv/conv_1323/csynth.xml,,,NO,
conv_1324,16,28,56,16,1,1,4,False,conv2d,,sigmoid,YES,YES,NO,configs/conv/conv_1324.json,reports/conv/conv_1324/csynth.xml,,,NO,
conv_1325,16,28,56,16,1,1,4,False,group_conv2d,2,sigmoid,YES,YES,NO,configs/conv/conv_1325.json,reports/conv/conv_1325/csynth.xml,,,NO,
conv_1326,16,28,56,16,1,1,4,False,group_conv2d,4,sigmoid,YES,YES,NO,configs/conv/conv_1326.json,reports/conv/conv_1326/csynth.xml,,,NO,
conv_1327,16,28,56,16,1,1,4,True,conv2d,,tanh,YES,YES,NO,configs/conv/conv_1327.json,reports/conv/conv_1327/csynth.xml,,,NO,
conv_1328,16,28,56,16,1,1,4,True,group_conv2d,2,tanh,YES,YES,NO,configs/conv/conv_1328.json,reports/conv/conv_1328/csynth.xml,,,NO,
conv_1329,16,28,56,16,1,1,4,True,group_conv2d,4,tanh,YES,YES,YES,configs/conv/conv_1329.json,reports/conv/conv_1329/csynth.xml,reports/conv/conv_1329/export_impl.xml,reports/conv/conv_1329/power_routed.rpt,NO,
conv_1330,16,28,56,16,1,1,4,False,conv2d,,tanh,YES,YES,NO,configs/conv/conv_1330.json,reports/conv/conv_1330/csynth.xml,,,NO,
conv_1331,16,28,56,16,1,1,4,False,group_conv2d,2,tanh,YES,YES,NO,configs/conv/conv_1331.json,reports/conv/conv_1331/csynth.xml,,,NO,
conv_1332,16,28,56,16,1,1,4,False,group_conv2d,4,tanh,YES,YES,YES,configs/conv/conv_1332.json,reports/conv/conv_1332/csynth.xml,reports/conv/conv_1332/export_impl.xml,reports/conv/conv_1332/power_routed.rpt,NO,
conv_1333,16,28,56,16,1,1,8,True,conv2d,,relu,YES,YES,NO,configs/conv/conv_1333.json,reports/conv/conv_1333/csynth.xml,,,NO,
conv_1334,16,28,56,16,1,1,8,True,group_conv2d,2,relu,YES,YES,NO,configs/conv/conv_1334.json,reports/conv/conv_1334/csynth.xml,,,NO,
conv_1335,16,28,56,16,1,1,8,True,group_conv2d,4,relu,YES,YES,NO,configs/conv/conv_1335.json,reports/conv/conv_1335/csynth.xml,,,NO,
conv_1336,16,28,56,16,1,1,8,False,conv2d,,relu,YES,YES,YES,configs/conv/conv_1336.json,reports/conv/conv_1336/csynth.xml,reports/conv/conv_1336/export_impl.xml,reports/conv/conv_1336/power_routed.rpt,NO,
conv_1337,16,28,56,16,1,1,8,False,group_conv2d,2,relu,YES,YES,NO,configs/conv/conv_1337.json,reports/conv/conv_1337/csynth.xml,,,NO,
conv_1338,16,28,56,16,1,1,8,False,group_conv2d,4,relu,YES,YES,NO,configs/conv/conv_1338.json,reports/conv/conv_1338/csynth.xml,,,NO,
conv_1339,16,28,56,16,1,1,8,True,conv2d,,sigmoid,YES,YES,NO,configs/conv/conv_1339.json,reports/conv/conv_1339/csynth.xml,,,NO,
conv_1340,16,28,56,16,1,1,8,True,group_conv2d,2,sigmoid,YES,YES,NO,configs/conv/conv_1340.json,reports/conv/conv_1340/csynth.xml,,,NO,
conv_1341,16,28,56,16,1,1,8,True,group_conv2d,4,sigmoid,YES,YES,NO,configs/conv/conv_1341.json,reports/conv/conv_1341/csynth.xml,,,NO,
conv_1342,16,28,56,16,1,1,8,False,conv2d,,sigmoid,YES,YES,NO,configs/conv/conv_1342.json,reports/conv/conv_1342/csynth.xml,,,NO,
conv_1343,16,28,56,16,1,1,8,False,group_conv2d,2,sigmoid,YES,YES,NO,configs/conv/conv_1343.json,reports/conv/conv_1343/csynth.xml,,,NO,
conv_1344,16,28,56,16,1,1,8,False,group_conv2d,4,sigmoid,YES,YES,NO,configs/conv/conv_1344.json,reports/conv/conv_1344/csynth.xml,,,NO,
conv_1345,16,28,56,16,1,1,8,True,conv2d,,tanh,YES,YES,NO,configs/conv/conv_1345.json,reports/conv/conv_1345/csynth.xml,,,NO,
conv_1346,16,28,56,16,1,1,8,True,group_conv2d,2,tanh,YES,YES,NO,configs/conv/conv_1346.json,reports/conv/conv_1346/csynth.xml,,,NO,
conv_1347,16,28,56,16,1,1,8,True,group_conv2d,4,tanh,YES,YES,NO,configs/conv/conv_1347.json,reports/conv/conv_1347/csynth.xml,,,NO,
conv_1348,16,28,56,16,1,1,8,False,conv2d,,tanh,YES,YES,NO,configs/conv/conv_1348.json,reports/conv/conv_1348/csynth.xml,,,NO,
conv_1349,16,28,56,16,1,1,8,False,group_conv2d,2,tanh,YES,YES,NO,configs/conv/conv_1349.json,reports/conv/conv_1349/csynth.xml,,,NO,
conv_1350,16,28,56,16,1,1,8,False,group_conv2d,4,tanh,YES,YES,NO,configs/conv/conv_1350.json,reports/conv/conv_1350/csynth.xml,,,NO,
conv_1351,16,28,56,16,1,4,1,True,conv2d,,relu,YES,YES,NO,configs/conv/conv_1351.json,reports/conv/conv_1351/csynth.xml,,,NO,
conv_1352,16,28,56,16,1,4,1,True,group_conv2d,2,relu,YES,YES,NO,configs/conv/conv_1352.json,reports/conv/conv_1352/csynth.xml,,,NO,
conv_1353,16,28,56,16,1,4,1,True,group_conv2d,4,relu,YES,YES,NO,configs/conv/conv_1353.json,reports/conv/conv_1353/csynth.xml,,,NO,
conv_1354,16,28,56,16,1,4,1,False,conv2d,,relu,YES,YES,NO,configs/conv/conv_1354.json,reports/conv/conv_1354/csynth.xml,,,NO,
conv_1355,16,28,56,16,1,4,1,False,group_conv2d,2,relu,YES,YES,NO,configs/conv/conv_1355.json,reports/conv/conv_1355/csynth.xml,,,NO,
conv_1356,16,28,56,16,1,4,1,False,group_conv2d,4,relu,YES,YES,NO,configs/conv/conv_1356.json,reports/conv/conv_1356/csynth.xml,,,NO,
conv_1357,16,28,56,16,1,4,1,True,conv2d,,sigmoid,YES,YES,NO,configs/conv/conv_1357.json,reports/conv/conv_1357/csynth.xml,,,NO,
conv_1358,16,28,56,16,1,4,1,True,group_conv2d,2,sigmoid,YES,YES,NO,configs/conv/conv_1358.json,reports/conv/conv_1358/csynth.xml,,,NO,
conv_1359,16,28,56,16,1,4,1,True,group_conv2d,4,sigmoid,YES,YES,YES,configs/conv/conv_1359.json,reports/conv/conv_1359/csynth.xml,reports/conv/conv_1359/export_impl.xml,reports/conv/conv_1359/power_routed.rpt,NO,
conv_1360,16,28,56,16,1,4,1,False,conv2d,,sigmoid,YES,YES,NO,configs/conv/conv_1360.json,reports/conv/conv_1360/csynth.xml,,,NO,
conv_1361,16,28,56,16,1,4,1,False,group_conv2d,2,sigmoid,YES,YES,NO,configs/conv/conv_1361.json,reports/conv/conv_1361/csynth.xml,,,NO,
conv_1362,16,28,56,16,1,4,1,False,group_conv2d,4,sigmoid,YES,YES,YES,configs/conv/conv_1362.json,reports/conv/conv_1362/csynth.xml,reports/conv/conv_1362/export_impl.xml,reports/conv/conv_1362/power_routed.rpt,NO,
conv_1363,16,28,56,16,1,4,1,True,conv2d,,tanh,YES,YES,NO,configs/conv/conv_1363.json,reports/conv/conv_1363/csynth.xml,,,NO,
conv_1364,16,28,56,16,1,4,1,True,group_conv2d,2,tanh,YES,YES,NO,configs/conv/conv_1364.json,reports/conv/conv_1364/csynth.xml,,,NO,
conv_1365,16,28,56,16,1,4,1,True,group_conv2d,4,tanh,YES,YES,NO,configs/conv/conv_1365.json,reports/conv/conv_1365/csynth.xml,,,NO,
conv_1366,16,28,56,16,1,4,1,False,conv2d,,tanh,YES,YES,NO,configs/conv/conv_1366.json,reports/conv/conv_1366/csynth.xml,,,NO,
conv_1367,16,28,56,16,1,4,1,False,group_conv2d,2,tanh,YES,YES,NO,configs/conv/conv_1367.json,reports/conv/conv_1367/csynth.xml,,,NO,
conv_1368,16,28,56,16,1,4,1,False,group_conv2d,4,tanh,YES,YES,NO,configs/conv/conv_1368.json,reports/conv/conv_1368/csynth.xml,,,NO,
conv_1369,16,28,56,16,1,4,4,True,conv2d,,relu,YES,YES,NO,configs/conv/conv_1369.json,reports/conv/conv_1369/csynth.xml,,,NO,
conv_1370,16,28,56,16,1,4,4,True,group_conv2d,2,relu,YES,YES,NO,configs/conv/conv_1370.json,reports/conv/conv_1370/csynth.xml,,,NO,
conv_1371,16,28,56,16,1,4,4,True,group_conv2d,4,relu,YES,YES,YES,configs/conv/conv_1371.json,reports/conv/conv_1371/csynth.xml,reports/conv/conv_1371/export_impl.xml,reports/conv/conv_1371/power_routed.rpt,NO,
conv_1372,16,28,56,16,1,4,4,False,conv2d,,relu,YES,YES,NO,configs/conv/conv_1372.json,reports/conv/conv_1372/csynth.xml,,,NO,
conv_1373,16,28,56,16,1,4,4,False,group_conv2d,2,relu,YES,YES,NO,configs/conv/conv_1373.json,reports/conv/conv_1373/csynth.xml,,,NO,
conv_1374,16,28,56,16,1,4,4,False,group_conv2d,4,relu,YES,YES,NO,configs/conv/conv_1374.json,reports/conv/conv_1374/csynth.xml,,,NO,
conv_1375,16,28,56,16,1,4,4,True,conv2d,,sigmoid,YES,YES,NO,configs/conv/conv_1375.json,reports/conv/conv_1375/csynth.xml,,,NO,
conv_1376,16,28,56,16,1,4,4,True,group_conv2d,2,sigmoid,YES,YES,NO,configs/conv/conv_1376.json,reports/conv/conv_1376/csynth.xml,,,NO,
conv_1377,16,28,56,16,1,4,4,True,group_conv2d,4,sigmoid,YES,YES,NO,configs/conv/conv_1377.json,reports/conv/conv_1377/csynth.xml,,,NO,
conv_1378,16,28,56,16,1,4,4,False,conv2d,,sigmoid,YES,YES,NO,configs/conv/conv_1378.json,reports/conv/conv_1378/csynth.xml,,,NO,
conv_1379,16,28,56,16,1,4,4,False,group_conv2d,2,sigmoid,YES,YES,NO,configs/conv/conv_1379.json,reports/conv/conv_1379/csynth.xml,,,NO,
conv_1380,16,28,56,16,1,4,4,False,group_conv2d,4,sigmoid,YES,YES,YES,configs/conv/conv_1380.json,reports/conv/conv_1380/csynth.xml,reports/conv/conv_1380/export_impl.xml,reports/conv/conv_1380/power_routed.rpt,NO,
conv_1381,16,28,56,16,1,4,4,True,conv2d,,tanh,YES,YES,NO,configs/conv/conv_1381.json,reports/conv/conv_1381/csynth.xml,,,NO,
conv_1382,16,28,56,16,1,4,4,True,group_conv2d,2,tanh,YES,YES,NO,configs/conv/conv_1382.json,reports/conv/conv_1382/csynth.xml,,,NO,
conv_1383,16,28,56,16,1,4,4,True,group_conv2d,4,tanh,YES,YES,NO,configs/conv/conv_1383.json,reports/conv/conv_1383/csynth.xml,,,NO,
conv_1384,16,28,56,16,1,4,4,False,conv2d,,tanh,YES,YES,NO,configs/conv/conv_1384.json,reports/conv/conv_1384/csynth.xml,,,NO,
conv_1385,16,28,56,16,1,4,4,False,group_conv2d,2,tanh,YES,YES,NO,configs/conv/conv_1385.json,reports/conv/conv_1385/csynth.xml,,,NO,
conv_1386,16,28,56,16,1,4,4,False,group_conv2d,4,tanh,YES,YES,NO,configs/conv/conv_1386.json,reports/conv/conv_1386/csynth.xml,,,NO,
conv_1387,16,28,56,16,1,4,8,True,conv2d,,relu,YES,YES,NO,configs/conv/conv_1387.json,reports/conv/conv_1387/csynth.xml,,,NO,
conv_1388,16,28,56,16,1,4,8,True,group_conv2d,2,relu,YES,YES,NO,configs/conv/conv_1388.json,reports/conv/conv_1388/csynth.xml,,,NO,
conv_1389,16,28,56,16,1,4,8,True,group_conv2d,4,relu,YES,YES,NO,configs/conv/conv_1389.json,reports/conv/conv_1389/csynth.xml,,,NO,
conv_1390,16,28,56,16,1,4,8,False,conv2d,,relu,YES,YES,NO,configs/conv/conv_1390.json,reports/conv/conv_1390/csynth.xml,,,NO,
conv_1391,16,28,56,16,1,4,8,False,group_conv2d,2,relu,YES,YES,NO,configs/conv/conv_1391.json,reports/conv/conv_1391/csynth.xml,,,NO,
conv_1392,16,28,56,16,1,4,8,False,group_conv2d,4,relu,YES,YES,YES,configs/conv/conv_1392.json,reports/conv/conv_1392/csynth.xml,reports/conv/conv_1392/export_impl.xml,reports/conv/conv_1392/power_routed.rpt,NO,
conv_1393,16,28,56,16,1,4,8,True,conv2d,,sigmoid,YES,YES,NO,configs/conv/conv_1393.json,reports/conv/conv_1393/csynth.xml,,,NO,
conv_1394,16,28,56,16,1,4,8,True,group_conv2d,2,sigmoid,YES,YES,NO,configs/conv/conv_1394.json,reports/conv/conv_1394/csynth.xml,,,NO,
conv_1395,16,28,56,16,1,4,8,True,group_conv2d,4,sigmoid,YES,YES,NO,configs/conv/conv_1395.json,reports/conv/conv_1395/csynth.xml,,,NO,
conv_1396,16,28,56,16,1,4,8,False,conv2d,,sigmoid,YES,YES,NO,configs/conv/conv_1396.json,reports/conv/conv_1396/csynth.xml,,,NO,
conv_1397,16,28,56,16,1,4,8,False,group_conv2d,2,sigmoid,YES,YES,NO,configs/conv/conv_1397.json,reports/conv/conv_1397/csynth.xml,,,NO,
conv_1398,16,28,56,16,1,4,8,False,group_conv2d,4,sigmoid,YES,YES,NO,configs/conv/conv_1398.json,reports/conv/conv_1398/csynth.xml,,,NO,
conv_1399,16,28,56,16,1,4,8,True,conv2d,,tanh,YES,YES,NO,configs/conv/conv_1399.json,reports/conv/conv_1399/csynth.xml,,,NO,
conv_1400,16,28,56,16,1,4,8,True,group_conv2d,2,tanh,YES,YES,NO,configs/conv/conv_1400.json,reports/conv/conv_1400/csynth.xml,,,NO,
conv_1401,16,28,56,16,1,4,8,True,group_conv2d,4,tanh,YES,YES,NO,configs/conv/conv_1401.json,reports/conv/conv_1401/csynth.xml,,,NO,
conv_1402,16,28,56,16,1,4,8,False,conv2d,,tanh,YES,YES,NO,configs/conv/conv_1402.json,reports/conv/conv_1402/csynth.xml,,,NO,
conv_1403,16,28,56,16,1,4,8,False,group_conv2d,2,tanh,YES,YES,NO,configs/conv/conv_1403.json,reports/conv/conv_1403/csynth.xml,,,NO,
conv_1404,16,28,56,16,1,4,8,False,group_conv2d,4,tanh,YES,YES,NO,configs/conv/conv_1404.json,reports/conv/conv_1404/csynth.xml,,,NO,
conv_1405,16,28,56,16,1,8,1,True,conv2d,,relu,YES,YES,NO,configs/conv/conv_1405.json,reports/conv/conv_1405/csynth.xml,,,NO,
conv_1406,16,28,56,16,1,8,1,True,group_conv2d,2,relu,YES,YES,YES,configs/conv/conv_1406.json,reports/conv/conv_1406/csynth.xml,reports/conv/conv_1406/export_impl.xml,reports/conv/conv_1406/power_routed.rpt,NO,
conv_1407,16,28,56,16,1,8,1,True,group_conv2d,4,relu,YES,YES,NO,configs/conv/conv_1407.json,reports/conv/conv_1407/csynth.xml,,,NO,
conv_1408,16,28,56,16,1,8,1,False,conv2d,,relu,YES,YES,NO,configs/conv/conv_1408.json,reports/conv/conv_1408/csynth.xml,,,NO,
conv_1409,16,28,56,16,1,8,1,False,group_conv2d,2,relu,YES,YES,NO,configs/conv/conv_1409.json,reports/conv/conv_1409/csynth.xml,,,NO,
conv_1410,16,28,56,16,1,8,1,False,group_conv2d,4,relu,YES,YES,NO,configs/conv/conv_1410.json,reports/conv/conv_1410/csynth.xml,,,NO,
conv_1411,16,28,56,16,1,8,1,True,conv2d,,sigmoid,YES,YES,NO,configs/conv/conv_1411.json,reports/conv/conv_1411/csynth.xml,,,NO,
conv_1412,16,28,56,16,1,8,1,True,group_conv2d,2,sigmoid,YES,YES,NO,configs/conv/conv_1412.json,reports/conv/conv_1412/csynth.xml,,,NO,
conv_1413,16,28,56,16,1,8,1,True,group_conv2d,4,sigmoid,YES,YES,NO,configs/conv/conv_1413.json,reports/conv/conv_1413/csynth.xml,,,NO,
conv_1414,16,28,56,16,1,8,1,False,conv2d,,sigmoid,YES,YES,NO,configs/conv/conv_1414.json,reports/conv/conv_1414/csynth.xml,,,NO,
conv_1415,16,28,56,16,1,8,1,False,group_conv2d,2,sigmoid,YES,YES,NO,configs/conv/conv_1415.json,reports/conv/conv_1415/csynth.xml,,,NO,
conv_1416,16,28,56,16,1,8,1,False,group_conv2d,4,sigmoid,YES,YES,NO,configs/conv/conv_1416.json,reports/conv/conv_1416/csynth.xml,,,NO,
conv_1417,16,28,56,16,1,8,1,True,conv2d,,tanh,YES,YES,NO,configs/conv/conv_1417.json,reports/conv/conv_1417/csynth.xml,,,NO,
conv_1418,16,28,56,16,1,8,1,True,group_conv2d,2,tanh,YES,YES,NO,configs/conv/conv_1418.json,reports/conv/conv_1418/csynth.xml,,,NO,
conv_1419,16,28,56,16,1,8,1,True,group_conv2d,4,tanh,YES,YES,NO,configs/conv/conv_1419.json,reports/conv/conv_1419/csynth.xml,,,NO,
conv_1420,16,28,56,16,1,8,1,False,conv2d,,tanh,YES,YES,NO,configs/conv/conv_1420.json,reports/conv/conv_1420/csynth.xml,,,NO,
conv_1421,16,28,56,16,1,8,1,False,group_conv2d,2,tanh,YES,YES,NO,configs/conv/conv_1421.json,reports/conv/conv_1421/csynth.xml,,,NO,
conv_1422,16,28,56,16,1,8,1,False,group_conv2d,4,tanh,YES,YES,NO,configs/conv/conv_1422.json,reports/conv/conv_1422/csynth.xml,,,NO,
conv_1423,16,28,56,16,1,8,4,True,conv2d,,relu,YES,YES,NO,configs/conv/conv_1423.json,reports/conv/conv_1423/csynth.xml,,,NO,
conv_1424,16,28,56,16,1,8,4,True,group_conv2d,2,relu,YES,YES,NO,configs/conv/conv_1424.json,reports/conv/conv_1424/csynth.xml,,,NO,
conv_1425,16,28,56,16,1,8,4,True,group_conv2d,4,relu,YES,YES,NO,configs/conv/conv_1425.json,reports/conv/conv_1425/csynth.xml,,,NO,
conv_1426,16,28,56,16,1,8,4,False,conv2d,,relu,YES,YES,NO,configs/conv/conv_1426.json,reports/conv/conv_1426/csynth.xml,,,NO,
conv_1427,16,28,56,16,1,8,4,False,group_conv2d,2,relu,YES,YES,NO,configs/conv/conv_1427.json,reports/conv/conv_1427/csynth.xml,,,NO,
conv_1428,16,28,56,16,1,8,4,False,group_conv2d,4,relu,YES,YES,NO,configs/conv/conv_1428.json,reports/conv/conv_1428/csynth.xml,,,NO,
conv_1429,16,28,56,16,1,8,4,True,conv2d,,sigmoid,YES,YES,NO,configs/conv/conv_1429.json,reports/conv/conv_1429/csynth.xml,,,NO,
conv_1430,16,28,56,16,1,8,4,True,group_conv2d,2,sigmoid,YES,YES,NO,configs/conv/conv_1430.json,reports/conv/conv_1430/csynth.xml,,,NO,
conv_1431,16,28,56,16,1,8,4,True,group_conv2d,4,sigmoid,YES,YES,NO,configs/conv/conv_1431.json,reports/conv/conv_1431/csynth.xml,,,NO,
conv_1432,16,28,56,16,1,8,4,False,conv2d,,sigmoid,YES,YES,NO,configs/conv/conv_1432.json,reports/conv/conv_1432/csynth.xml,,,NO,
conv_1433,16,28,56,16,1,8,4,False,group_conv2d,2,sigmoid,YES,YES,NO,configs/conv/conv_1433.json,reports/conv/conv_1433/csynth.xml,,,NO,
conv_1434,16,28,56,16,1,8,4,False,group_conv2d,4,sigmoid,YES,YES,NO,configs/conv/conv_1434.json,reports/conv/conv_1434/csynth.xml,,,NO,
conv_1435,16,28,56,16,1,8,4,True,conv2d,,tanh,YES,YES,NO,configs/conv/conv_1435.json,reports/conv/conv_1435/csynth.xml,,,NO,
conv_1436,16,28,56,16,1,8,4,True,group_conv2d,2,tanh,YES,YES,NO,configs/conv/conv_1436.json,reports/conv/conv_1436/csynth.xml,,,NO,
conv_1437,16,28,56,16,1,8,4,True,group_conv2d,4,tanh,YES,YES,NO,configs/conv/conv_1437.json,reports/conv/conv_1437/csynth.xml,,,NO,
conv_1438,16,28,56,16,1,8,4,False,conv2d,,tanh,YES,YES,NO,configs/conv/conv_1438.json,reports/conv/conv_1438/csynth.xml,,,NO,
conv_1439,16,28,56,16,1,8,4,False,group_conv2d,2,tanh,YES,YES,NO,configs/conv/conv_1439.json,reports/conv/conv_1439/csynth.xml,,,NO,
conv_1440,16,28,56,16,1,8,4,False,group_conv2d,4,tanh,YES,YES,NO,configs/conv/conv_1440.json,reports/conv/conv_1440/csynth.xml,,,NO,
conv_1441,16,28,56,16,1,8,8,True,conv2d,,relu,YES,YES,NO,configs/conv/conv_1441.json,reports/conv/conv_1441/csynth.xml,,,NO,
conv_1442,16,28,56,16,1,8,8,True,group_conv2d,2,relu,YES,YES,NO,configs/conv/conv_1442.json,reports/conv/conv_1442/csynth.xml,,,NO,
conv_1443,16,28,56,16,1,8,8,True,group_conv2d,4,relu,YES,YES,NO,configs/conv/conv_1443.json,reports/conv/conv_1443/csynth.xml,,,NO,
conv_1444,16,28,56,16,1,8,8,False,conv2d,,relu,YES,YES,YES,configs/conv/conv_1444.json,reports/conv/conv_1444/csynth.xml,reports/conv/conv_1444/export_impl.xml,reports/conv/conv_1444/power_routed.rpt,NO,
conv_1445,16,28,56,16,1,8,8,False,group_conv2d,2,relu,YES,YES,NO,configs/conv/conv_1445.json,reports/conv/conv_1445/csynth.xml,,,NO,
conv_1446,16,28,56,16,1,8,8,False,group_conv2d,4,relu,YES,YES,NO,configs/conv/conv_1446.json,reports/conv/conv_1446/csynth.xml,,,NO,
conv_1447,16,28,56,16,1,8,8,True,conv2d,,sigmoid,YES,YES,NO,configs/conv/conv_1447.json,reports/conv/conv_1447/csynth.xml,,,NO,
conv_1448,16,28,56,16,1,8,8,True,group_conv2d,2,sigmoid,YES,YES,NO,configs/conv/conv_1448.json,reports/conv/conv_1448/csynth.xml,,,NO,
conv_1449,16,28,56,16,1,8,8,True,group_conv2d,4,sigmoid,YES,YES,NO,configs/conv/conv_1449.json,reports/conv/conv_1449/csynth.xml,,,NO,
conv_1450,16,28,56,16,1,8,8,False,conv2d,,sigmoid,YES,YES,NO,configs/conv/conv_1450.json,reports/conv/conv_1450/csynth.xml,,,NO,
conv_1451,16,28,56,16,1,8,8,False,group_conv2d,2,sigmoid,YES,YES,NO,configs/conv/conv_1451.json,reports/conv/conv_1451/csynth.xml,,,NO,
conv_1452,16,28,56,16,1,8,8,False,group_conv2d,4,sigmoid,YES,YES,NO,configs/conv/conv_1452.json,reports/conv/conv_1452/csynth.xml,,,NO,
conv_1453,16,28,56,16,1,8,8,True,conv2d,,tanh,YES,YES,NO,configs/conv/conv_1453.json,reports/conv/conv_1453/csynth.xml,,,NO,
conv_1454,16,28,56,16,1,8,8,True,group_conv2d,2,tanh,YES,YES,NO,configs/conv/conv_1454.json,reports/conv/conv_1454/csynth.xml,,,NO,
conv_1455,16,28,56,16,1,8,8,True,group_conv2d,4,tanh,YES,YES,NO,configs/conv/conv_1455.json,reports/conv/conv_1455/csynth.xml,,,NO,
conv_1456,16,28,56,16,1,8,8,False,conv2d,,tanh,YES,YES,NO,configs/conv/conv_1456.json,reports/conv/conv_1456/csynth.xml,,,NO,
conv_1457,16,28,56,16,1,8,8,False,group_conv2d,2,tanh,YES,YES,NO,configs/conv/conv_1457.json,reports/conv/conv_1457/csynth.xml,,,NO,
conv_1458,16,28,56,16,1,8,8,False,group_conv2d,4,tanh,YES,YES,NO,configs/conv/conv_1458.json,reports/conv/conv_1458/csynth.xml,,,NO,
conv_1459,16,28,56,16,3,1,1,True,conv2d,,relu,YES,YES,YES,configs/conv/conv_1459.json,reports/conv/conv_1459/csynth.xml,reports/conv/conv_1459/export_impl.xml,reports/conv/conv_1459/power_routed.rpt,NO,
conv_1460,16,28,56,16,3,1,1,True,group_conv2d,2,relu,YES,YES,YES,configs/conv/conv_1460.json,reports/conv/conv_1460/csynth.xml,reports/conv/conv_1460/export_impl.xml,reports/conv/conv_1460/power_routed.rpt,NO,
conv_1461,16,28,56,16,3,1,1,True,group_conv2d,4,relu,YES,YES,YES,configs/conv/conv_1461.json,reports/conv/conv_1461/csynth.xml,reports/conv/conv_1461/export_impl.xml,reports/conv/conv_1461/power_routed.rpt,NO,
conv_1462,16,28,56,16,3,1,1,False,conv2d,,relu,YES,YES,YES,configs/conv/conv_1462.json,reports/conv/conv_1462/csynth.xml,reports/conv/conv_1462/export_impl.xml,reports/conv/conv_1462/power_routed.rpt,NO,
conv_1463,16,28,56,16,3,1,1,False,group_conv2d,2,relu,YES,YES,YES,configs/conv/conv_1463.json,reports/conv/conv_1463/csynth.xml,reports/conv/conv_1463/export_impl.xml,reports/conv/conv_1463/power_routed.rpt,NO,
conv_1464,16,28,56,16,3,1,1,False,group_conv2d,4,relu,YES,YES,YES,configs/conv/conv_1464.json,reports/conv/conv_1464/csynth.xml,reports/conv/conv_1464/export_impl.xml,reports/conv/conv_1464/power_routed.rpt,NO,
conv_1465,16,28,56,16,3,1,1,True,conv2d,,sigmoid,YES,YES,YES,configs/conv/conv_1465.json,reports/conv/conv_1465/csynth.xml,reports/conv/conv_1465/export_impl.xml,reports/conv/conv_1465/power_routed.rpt,NO,
conv_1466,16,28,56,16,3,1,1,True,group_conv2d,2,sigmoid,YES,YES,YES,configs/conv/conv_1466.json,reports/conv/conv_1466/csynth.xml,reports/conv/conv_1466/export_impl.xml,reports/conv/conv_1466/power_routed.rpt,NO,
conv_1467,16,28,56,16,3,1,1,True,group_conv2d,4,sigmoid,YES,YES,YES,configs/conv/conv_1467.json,reports/conv/conv_1467/csynth.xml,reports/conv/conv_1467/export_impl.xml,reports/conv/conv_1467/power_routed.rpt,NO,
conv_1468,16,28,56,16,3,1,1,False,conv2d,,sigmoid,YES,YES,YES,configs/conv/conv_1468.json,reports/conv/conv_1468/csynth.xml,reports/conv/conv_1468/export_impl.xml,reports/conv/conv_1468/power_routed.rpt,NO,
conv_1469,16,28,56,16,3,1,1,False,group_conv2d,2,sigmoid,YES,YES,YES,configs/conv/conv_1469.json,reports/conv/conv_1469/csynth.xml,reports/conv/conv_1469/export_impl.xml,reports/conv/conv_1469/power_routed.rpt,NO,
conv_1470,16,28,56,16,3,1,1,False,group_conv2d,4,sigmoid,YES,YES,YES,configs/conv/conv_1470.json,reports/conv/conv_1470/csynth.xml,reports/conv/conv_1470/export_impl.xml,reports/conv/conv_1470/power_routed.rpt,NO,
conv_1471,16,28,56,16,3,1,1,True,conv2d,,tanh,YES,YES,YES,configs/conv/conv_1471.json,reports/conv/conv_1471/csynth.xml,reports/conv/conv_1471/export_impl.xml,reports/conv/conv_1471/power_routed.rpt,NO,
conv_1472,16,28,56,16,3,1,1,True,group_conv2d,2,tanh,YES,YES,YES,configs/conv/conv_1472.json,reports/conv/conv_1472/csynth.xml,reports/conv/conv_1472/export_impl.xml,reports/conv/conv_1472/power_routed.rpt,NO,
conv_1473,16,28,56,16,3,1,1,True,group_conv2d,4,tanh,YES,YES,YES,configs/conv/conv_1473.json,reports/conv/conv_1473/csynth.xml,reports/conv/conv_1473/export_impl.xml,reports/conv/conv_1473/power_routed.rpt,NO,
conv_1474,16,28,56,16,3,1,1,False,conv2d,,tanh,YES,YES,YES,configs/conv/conv_1474.json,reports/conv/conv_1474/csynth.xml,reports/conv/conv_1474/export_impl.xml,reports/conv/conv_1474/power_routed.rpt,NO,
conv_1475,16,28,56,16,3,1,1,False,group_conv2d,2,tanh,YES,YES,YES,configs/conv/conv_1475.json,reports/conv/conv_1475/csynth.xml,reports/conv/conv_1475/export_impl.xml,reports/conv/conv_1475/power_routed.rpt,NO,
conv_1476,16,28,56,16,3,1,1,False,group_conv2d,4,tanh,YES,YES,YES,configs/conv/conv_1476.json,reports/conv/conv_1476/csynth.xml,reports/conv/conv_1476/export_impl.xml,reports/conv/conv_1476/power_routed.rpt,NO,
conv_1477,16,28,56,16,3,1,4,True,conv2d,,relu,YES,YES,NO,configs/conv/conv_1477.json,reports/conv/conv_1477/csynth.xml,,,NO,
conv_1478,16,28,56,16,3,1,4,True,group_conv2d,2,relu,YES,YES,NO,configs/conv/conv_1478.json,reports/conv/conv_1478/csynth.xml,,,NO,
conv_1479,16,28,56,16,3,1,4,True,group_conv2d,4,relu,YES,YES,YES,configs/conv/conv_1479.json,reports/conv/conv_1479/csynth.xml,reports/conv/conv_1479/export_impl.xml,reports/conv/conv_1479/power_routed.rpt,NO,
conv_1480,16,28,56,16,3,1,4,False,conv2d,,relu,YES,YES,NO,configs/conv/conv_1480.json,reports/conv/conv_1480/csynth.xml,,,NO,
conv_1481,16,28,56,16,3,1,4,False,group_conv2d,2,relu,YES,YES,NO,configs/conv/conv_1481.json,reports/conv/conv_1481/csynth.xml,,,NO,
conv_1482,16,28,56,16,3,1,4,False,group_conv2d,4,relu,YES,YES,YES,configs/conv/conv_1482.json,reports/conv/conv_1482/csynth.xml,reports/conv/conv_1482/export_impl.xml,reports/conv/conv_1482/power_routed.rpt,NO,
conv_1483,16,28,56,16,3,1,4,True,conv2d,,sigmoid,YES,YES,NO,configs/conv/conv_1483.json,reports/conv/conv_1483/csynth.xml,,,NO,
conv_1484,16,28,56,16,3,1,4,True,group_conv2d,2,sigmoid,YES,YES,NO,configs/conv/conv_1484.json,reports/conv/conv_1484/csynth.xml,,,NO,
conv_1485,16,28,56,16,3,1,4,True,group_conv2d,4,sigmoid,YES,YES,NO,configs/conv/conv_1485.json,reports/conv/conv_1485/csynth.xml,,,NO,
conv_1486,16,28,56,16,3,1,4,False,conv2d,,sigmoid,YES,YES,NO,configs/conv/conv_1486.json,reports/conv/conv_1486/csynth.xml,,,NO,
conv_1487,16,28,56,16,3,1,4,False,group_conv2d,2,sigmoid,YES,YES,NO,configs/conv/conv_1487.json,reports/conv/conv_1487/csynth.xml,,,NO,
conv_1488,16,28,56,16,3,1,4,False,group_conv2d,4,sigmoid,YES,YES,NO,configs/conv/conv_1488.json,reports/conv/conv_1488/csynth.xml,,,NO,
conv_1489,16,28,56,16,3,1,4,True,conv2d,,tanh,YES,YES,NO,configs/conv/conv_1489.json,reports/conv/conv_1489/csynth.xml,,,NO,
conv_1490,16,28,56,16,3,1,4,True,group_conv2d,2,tanh,YES,YES,NO,configs/conv/conv_1490.json,reports/conv/conv_1490/csynth.xml,,,NO,
conv_1491,16,28,56,16,3,1,4,True,group_conv2d,4,tanh,YES,YES,NO,configs/conv/conv_1491.json,reports/conv/conv_1491/csynth.xml,,,NO,
conv_1492,16,28,56,16,3,1,4,False,conv2d,,tanh,YES,YES,NO,configs/conv/conv_1492.json,reports/conv/conv_1492/csynth.xml,,,NO,
conv_1493,16,28,56,16,3,1,4,False,group_conv2d,2,tanh,YES,YES,NO,configs/conv/conv_1493.json,reports/conv/conv_1493/csynth.xml,,,NO,
conv_1494,16,28,56,16,3,1,4,False,group_conv2d,4,tanh,YES,YES,NO,configs/conv/conv_1494.json,reports/conv/conv_1494/csynth.xml,,,NO,
conv_1495,16,28,56,16,3,1,8,True,conv2d,,relu,YES,YES,NO,configs/conv/conv_1495.json,reports/conv/conv_1495/csynth.xml,,,NO,
conv_1496,16,28,56,16,3,1,8,True,group_conv2d,2,relu,YES,YES,NO,configs/conv/conv_1496.json,reports/conv/conv_1496/csynth.xml,,,NO,
conv_1497,16,28,56,16,3,1,8,True,group_conv2d,4,relu,YES,YES,NO,configs/conv/conv_1497.json,reports/conv/conv_1497/csynth.xml,,,NO,
conv_1498,16,28,56,16,3,1,8,False,conv2d,,relu,YES,YES,NO,configs/conv/conv_1498.json,reports/conv/conv_1498/csynth.xml,,,NO,
conv_1499,16,28,56,16,3,1,8,False,group_conv2d,2,relu,YES,YES,NO,configs/conv/conv_1499.json,reports/conv/conv_1499/csynth.xml,,,NO,
conv_1500,16,28,56,16,3,1,8,False,group_conv2d,4,relu,YES,YES,YES,configs/conv/conv_1500.json,reports/conv/conv_1500/csynth.xml,reports/conv/conv_1500/export_impl.xml,reports/conv/conv_1500/power_routed.rpt,NO,
conv_1501,16,28,56,16,3,1,8,True,conv2d,,sigmoid,YES,YES,NO,configs/conv/conv_1501.json,reports/conv/conv_1501/csynth.xml,,,NO,
conv_1502,16,28,56,16,3,1,8,True,group_conv2d,2,sigmoid,YES,YES,NO,configs/conv/conv_1502.json,reports/conv/conv_1502/csynth.xml,,,NO,
conv_1503,16,28,56,16,3,1,8,True,group_conv2d,4,sigmoid,YES,YES,NO,configs/conv/conv_1503.json,reports/conv/conv_1503/csynth.xml,,,NO,
conv_1504,16,28,56,16,3,1,8,False,conv2d,,sigmoid,YES,YES,NO,configs/conv/conv_1504.json,reports/conv/conv_1504/csynth.xml,,,NO,
conv_1505,16,28,56,16,3,1,8,False,group_conv2d,2,sigmoid,YES,YES,NO,configs/conv/conv_1505.json,reports/conv/conv_1505/csynth.xml,,,NO,
conv_1506,16,28,56,16,3,1,8,False,group_conv2d,4,sigmoid,YES,YES,NO,configs/conv/conv_1506.json,reports/conv/conv_1506/csynth.xml,,,NO,
conv_1507,16,28,56,16,3,1,8,True,conv2d,,tanh,YES,YES,NO,configs/conv/conv_1507.json,reports/conv/conv_1507/csynth.xml,,,NO,
conv_1508,16,28,56,16,3,1,8,True,group_conv2d,2,tanh,YES,YES,NO,configs/conv/conv_1508.json,reports/conv/conv_1508/csynth.xml,,,NO,
conv_1509,16,28,56,16,3,1,8,True,group_conv2d,4,tanh,YES,YES,NO,configs/conv/conv_1509.json,reports/conv/conv_1509/csynth.xml,,,NO,
conv_1510,16,28,56,16,3,1,8,False,conv2d,,tanh,YES,YES,NO,configs/conv/conv_1510.json,reports/conv/conv_1510/csynth.xml,,,NO,
conv_1511,16,28,56,16,3,1,8,False,group_conv2d,2,tanh,YES,YES,NO,configs/conv/conv_1511.json,reports/conv/conv_1511/csynth.xml,,,NO,
conv_1512,16,28,56,16,3,1,8,False,group_conv2d,4,tanh,YES,YES,NO,configs/conv/conv_1512.json,reports/conv/conv_1512/csynth.xml,,,NO,
conv_1513,16,28,56,16,3,4,1,True,conv2d,,relu,YES,YES,NO,configs/conv/conv_1513.json,reports/conv/conv_1513/csynth.xml,,,NO,
conv_1514,16,28,56,16,3,4,1,True,group_conv2d,2,relu,YES,YES,NO,configs/conv/conv_1514.json,reports/conv/conv_1514/csynth.xml,,,NO,
conv_1515,16,28,56,16,3,4,1,True,group_conv2d,4,relu,YES,YES,NO,configs/conv/conv_1515.json,reports/conv/conv_1515/csynth.xml,,,NO,
conv_1516,16,28,56,16,3,4,1,False,conv2d,,relu,YES,YES,NO,configs/conv/conv_1516.json,reports/conv/conv_1516/csynth.xml,,,NO,
conv_1517,16,28,56,16,3,4,1,False,group_conv2d,2,relu,YES,YES,NO,configs/conv/conv_1517.json,reports/conv/conv_1517/csynth.xml,,,NO,
conv_1518,16,28,56,16,3,4,1,False,group_conv2d,4,relu,YES,YES,NO,configs/conv/conv_1518.json,reports/conv/conv_1518/csynth.xml,,,NO,
conv_1519,16,28,56,16,3,4,1,True,conv2d,,sigmoid,YES,YES,NO,configs/conv/conv_1519.json,reports/conv/conv_1519/csynth.xml,,,NO,
conv_1520,16,28,56,16,3,4,1,True,group_conv2d,2,sigmoid,YES,YES,NO,configs/conv/conv_1520.json,reports/conv/conv_1520/csynth.xml,,,NO,
conv_1521,16,28,56,16,3,4,1,True,group_conv2d,4,sigmoid,YES,YES,NO,configs/conv/conv_1521.json,reports/conv/conv_1521/csynth.xml,,,NO,
conv_1522,16,28,56,16,3,4,1,False,conv2d,,sigmoid,YES,YES,NO,configs/conv/conv_1522.json,reports/conv/conv_1522/csynth.xml,,,NO,
conv_1523,16,28,56,16,3,4,1,False,group_conv2d,2,sigmoid,YES,YES,NO,configs/conv/conv_1523.json,reports/conv/conv_1523/csynth.xml,,,NO,
conv_1524,16,28,56,16,3,4,1,False,group_conv2d,4,sigmoid,YES,YES,NO,configs/conv/conv_1524.json,reports/conv/conv_1524/csynth.xml,,,NO,
conv_1525,16,28,56,16,3,4,1,True,conv2d,,tanh,YES,YES,NO,configs/conv/conv_1525.json,reports/conv/conv_1525/csynth.xml,,,NO,
conv_1526,16,28,56,16,3,4,1,True,group_conv2d,2,tanh,YES,YES,YES,configs/conv/conv_1526.json,reports/conv/conv_1526/csynth.xml,reports/conv/conv_1526/export_impl.xml,reports/conv/conv_1526/power_routed.rpt,NO,
conv_1527,16,28,56,16,3,4,1,True,group_conv2d,4,tanh,YES,YES,NO,configs/conv/conv_1527.json,reports/conv/conv_1527/csynth.xml,,,NO,
conv_1528,16,28,56,16,3,4,1,False,conv2d,,tanh,YES,YES,NO,configs/conv/conv_1528.json,reports/conv/conv_1528/csynth.xml,,,NO,
conv_1529,16,28,56,16,3,4,1,False,group_conv2d,2,tanh,YES,YES,YES,configs/conv/conv_1529.json,reports/conv/conv_1529/csynth.xml,reports/conv/conv_1529/export_impl.xml,reports/conv/conv_1529/power_routed.rpt,NO,
conv_1530,16,28,56,16,3,4,1,False,group_conv2d,4,tanh,YES,YES,NO,configs/conv/conv_1530.json,reports/conv/conv_1530/csynth.xml,,,NO,
conv_1531,16,28,56,16,3,4,4,True,conv2d,,relu,YES,YES,NO,configs/conv/conv_1531.json,reports/conv/conv_1531/csynth.xml,,,NO,
conv_1532,16,28,56,16,3,4,4,True,group_conv2d,2,relu,YES,YES,NO,configs/conv/conv_1532.json,reports/conv/conv_1532/csynth.xml,,,NO,
conv_1533,16,28,56,16,3,4,4,True,group_conv2d,4,relu,YES,YES,NO,configs/conv/conv_1533.json,reports/conv/conv_1533/csynth.xml,,,NO,
conv_1534,16,28,56,16,3,4,4,False,conv2d,,relu,YES,YES,NO,configs/conv/conv_1534.json,reports/conv/conv_1534/csynth.xml,,,NO,
conv_1535,16,28,56,16,3,4,4,False,group_conv2d,2,relu,YES,YES,NO,configs/conv/conv_1535.json,reports/conv/conv_1535/csynth.xml,,,NO,
conv_1536,16,28,56,16,3,4,4,False,group_conv2d,4,relu,YES,YES,NO,configs/conv/conv_1536.json,reports/conv/conv_1536/csynth.xml,,,NO,
conv_1537,16,28,56,16,3,4,4,True,conv2d,,sigmoid,YES,YES,NO,configs/conv/conv_1537.json,reports/conv/conv_1537/csynth.xml,,,NO,
conv_1538,16,28,56,16,3,4,4,True,group_conv2d,2,sigmoid,YES,YES,YES,configs/conv/conv_1538.json,reports/conv/conv_1538/csynth.xml,reports/conv/conv_1538/export_impl.xml,reports/conv/conv_1538/power_routed.rpt,NO,
conv_1539,16,28,56,16,3,4,4,True,group_conv2d,4,sigmoid,YES,YES,NO,configs/conv/conv_1539.json,reports/conv/conv_1539/csynth.xml,,,NO,
conv_1540,16,28,56,16,3,4,4,False,conv2d,,sigmoid,YES,YES,NO,configs/conv/conv_1540.json,reports/conv/conv_1540/csynth.xml,,,NO,
conv_1541,16,28,56,16,3,4,4,False,group_conv2d,2,sigmoid,YES,YES,NO,configs/conv/conv_1541.json,reports/conv/conv_1541/csynth.xml,,,NO,
conv_1542,16,28,56,16,3,4,4,False,group_conv2d,4,sigmoid,YES,YES,NO,configs/conv/conv_1542.json,reports/conv/conv_1542/csynth.xml,,,NO,
conv_1543,16,28,56,16,3,4,4,True,conv2d,,tanh,YES,YES,NO,configs/conv/conv_1543.json,reports/conv/conv_1543/csynth.xml,,,NO,
conv_1544,16,28,56,16,3,4,4,True,group_conv2d,2,tanh,YES,YES,NO,configs/conv/conv_1544.json,reports/conv/conv_1544/csynth.xml,,,NO,
conv_1545,16,28,56,16,3,4,4,True,group_conv2d,4,tanh,YES,YES,NO,configs/conv/conv_1545.json,reports/conv/conv_1545/csynth.xml,,,NO,
conv_1546,16,28,56,16,3,4,4,False,conv2d,,tanh,YES,YES,NO,configs/conv/conv_1546.json,reports/conv/conv_1546/csynth.xml,,,NO,
conv_1547,16,28,56,16,3,4,4,False,group_conv2d,2,tanh,YES,YES,YES,configs/conv/conv_1547.json,reports/conv/conv_1547/csynth.xml,reports/conv/conv_1547/export_impl.xml,reports/conv/conv_1547/power_routed.rpt,NO,
conv_1548,16,28,56,16,3,4,4,False,group_conv2d,4,tanh,YES,YES,NO,configs/conv/conv_1548.json,reports/conv/conv_1548/csynth.xml,,,NO,
conv_1549,16,28,56,16,3,4,8,True,conv2d,,relu,YES,YES,NO,configs/conv/conv_1549.json,reports/conv/conv_1549/csynth.xml,,,NO,
conv_1550,16,28,56,16,3,4,8,True,group_conv2d,2,relu,YES,YES,YES,configs/conv/conv_1550.json,reports/conv/conv_1550/csynth.xml,reports/conv/conv_1550/export_impl.xml,reports/conv/conv_1550/power_routed.rpt,NO,
conv_1551,16,28,56,16,3,4,8,True,group_conv2d,4,relu,YES,YES,NO,configs/conv/conv_1551.json,reports/conv/conv_1551/csynth.xml,,,NO,
conv_1552,16,28,56,16,3,4,8,False,conv2d,,relu,YES,YES,NO,configs/conv/conv_1552.json,reports/conv/conv_1552/csynth.xml,,,NO,
conv_1553,16,28,56,16,3,4,8,False,group_conv2d,2,relu,YES,YES,NO,configs/conv/conv_1553.json,reports/conv/conv_1553/csynth.xml,,,NO,
conv_1554,16,28,56,16,3,4,8,False,group_conv2d,4,relu,YES,YES,NO,configs/conv/conv_1554.json,reports/conv/conv_1554/csynth.xml,,,NO,
conv_1555,16,28,56,16,3,4,8,True,conv2d,,sigmoid,YES,YES,NO,configs/conv/conv_1555.json,reports/conv/conv_1555/csynth.xml,,,NO,
conv_1556,16,28,56,16,3,4,8,True,group_conv2d,2,sigmoid,YES,YES,NO,configs/conv/conv_1556.json,reports/conv/conv_1556/csynth.xml,,,NO,
conv_1557,16,28,56,16,3,4,8,True,group_conv2d,4,sigmoid,YES,YES,NO,configs/conv/conv_1557.json,reports/conv/conv_1557/csynth.xml,,,NO,
conv_1558,16,28,56,16,3,4,8,False,conv2d,,sigmoid,YES,YES,NO,configs/conv/conv_1558.json,reports/conv/conv_1558/csynth.xml,,,NO,
conv_1559,16,28,56,16,3,4,8,False,group_conv2d,2,sigmoid,YES,YES,NO,configs/conv/conv_1559.json,reports/conv/conv_1559/csynth.xml,,,NO,
conv_1560,16,28,56,16,3,4,8,False,group_conv2d,4,sigmoid,YES,YES,NO,configs/conv/conv_1560.json,reports/conv/conv_1560/csynth.xml,,,NO,
conv_1561,16,28,56,16,3,4,8,True,conv2d,,tanh,YES,YES,NO,configs/conv/conv_1561.json,reports/conv/conv_1561/csynth.xml,,,NO,
conv_1562,16,28,56,16,3,4,8,True,group_conv2d,2,tanh,YES,YES,NO,configs/conv/conv_1562.json,reports/conv/conv_1562/csynth.xml,,,NO,
conv_1563,16,28,56,16,3,4,8,True,group_conv2d,4,tanh,YES,YES,NO,configs/conv/conv_1563.json,reports/conv/conv_1563/csynth.xml,,,NO,
conv_1564,16,28,56,16,3,4,8,False,conv2d,,tanh,YES,YES,NO,configs/conv/conv_1564.json,reports/conv/conv_1564/csynth.xml,,,NO,
conv_1565,16,28,56,16,3,4,8,False,group_conv2d,2,tanh,YES,YES,NO,configs/conv/conv_1565.json,reports/conv/conv_1565/csynth.xml,,,NO,
conv_1566,16,28,56,16,3,4,8,False,group_conv2d,4,tanh,YES,YES,NO,configs/conv/conv_1566.json,reports/conv/conv_1566/csynth.xml,,,NO,
conv_1567,16,28,56,16,3,8,1,True,conv2d,,relu,YES,YES,NO,configs/conv/conv_1567.json,reports/conv/conv_1567/csynth.xml,,,NO,
conv_1568,16,28,56,16,3,8,1,True,group_conv2d,2,relu,YES,YES,NO,configs/conv/conv_1568.json,reports/conv/conv_1568/csynth.xml,,,NO,
conv_1569,16,28,56,16,3,8,1,True,group_conv2d,4,relu,YES,YES,NO,configs/conv/conv_1569.json,reports/conv/conv_1569/csynth.xml,,,NO,
conv_1570,16,28,56,16,3,8,1,False,conv2d,,relu,YES,YES,NO,configs/conv/conv_1570.json,reports/conv/conv_1570/csynth.xml,,,NO,
conv_1571,16,28,56,16,3,8,1,False,group_conv2d,2,relu,YES,YES,NO,configs/conv/conv_1571.json,reports/conv/conv_1571/csynth.xml,,,NO,
conv_1572,16,28,56,16,3,8,1,False,group_conv2d,4,relu,YES,YES,NO,configs/conv/conv_1572.json,reports/conv/conv_1572/csynth.xml,,,NO,
conv_1573,16,28,56,16,3,8,1,True,conv2d,,sigmoid,YES,YES,NO,configs/conv/conv_1573.json,reports/conv/conv_1573/csynth.xml,,,NO,
conv_1574,16,28,56,16,3,8,1,True,group_conv2d,2,sigmoid,YES,YES,NO,configs/conv/conv_1574.json,reports/conv/conv_1574/csynth.xml,,,NO,
conv_1575,16,28,56,16,3,8,1,True,group_conv2d,4,sigmoid,YES,YES,NO,configs/conv/conv_1575.json,reports/conv/conv_1575/csynth.xml,,,NO,
conv_1576,16,28,56,16,3,8,1,False,conv2d,,sigmoid,YES,YES,NO,configs/conv/conv_1576.json,reports/conv/conv_1576/csynth.xml,,,NO,
conv_1577,16,28,56,16,3,8,1,False,group_conv2d,2,sigmoid,YES,YES,NO,configs/conv/conv_1577.json,reports/conv/conv_1577/csynth.xml,,,NO,
conv_1578,16,28,56,16,3,8,1,False,group_conv2d,4,sigmoid,YES,YES,NO,configs/conv/conv_1578.json,reports/conv/conv_1578/csynth.xml,,,NO,
conv_1579,16,28,56,16,3,8,1,True,conv2d,,tanh,YES,YES,NO,configs/conv/conv_1579.json,reports/conv/conv_1579/csynth.xml,,,NO,
conv_1580,16,28,56,16,3,8,1,True,group_conv2d,2,tanh,YES,YES,NO,configs/conv/conv_1580.json,reports/conv/conv_1580/csynth.xml,,,NO,
conv_1581,16,28,56,16,3,8,1,True,group_conv2d,4,tanh,YES,YES,NO,configs/conv/conv_1581.json,reports/conv/conv_1581/csynth.xml,,,NO,
conv_1582,16,28,56,16,3,8,1,False,conv2d,,tanh,YES,YES,NO,configs/conv/conv_1582.json,reports/conv/conv_1582/csynth.xml,,,NO,
conv_1583,16,28,56,16,3,8,1,False,group_conv2d,2,tanh,YES,YES,NO,configs/conv/conv_1583.json,reports/conv/conv_1583/csynth.xml,,,NO,
conv_1584,16,28,56,16,3,8,1,False,group_conv2d,4,tanh,YES,YES,NO,configs/conv/conv_1584.json,reports/conv/conv_1584/csynth.xml,,,NO,
conv_1585,16,28,56,16,3,8,4,True,conv2d,,relu,YES,YES,NO,configs/conv/conv_1585.json,reports/conv/conv_1585/csynth.xml,,,NO,
conv_1586,16,28,56,16,3,8,4,True,group_conv2d,2,relu,YES,YES,NO,configs/conv/conv_1586.json,reports/conv/conv_1586/csynth.xml,,,NO,
conv_1587,16,28,56,16,3,8,4,True,group_conv2d,4,relu,YES,YES,NO,configs/conv/conv_1587.json,reports/conv/conv_1587/csynth.xml,,,NO,
conv_1588,16,28,56,16,3,8,4,False,conv2d,,relu,YES,YES,YES,configs/conv/conv_1588.json,reports/conv/conv_1588/csynth.xml,reports/conv/conv_1588/export_impl.xml,reports/conv/conv_1588/power_routed.rpt,NO,
conv_1589,16,28,56,16,3,8,4,False,group_conv2d,2,relu,YES,YES,NO,configs/conv/conv_1589.json,reports/conv/conv_1589/csynth.xml,,,NO,
conv_1590,16,28,56,16,3,8,4,False,group_conv2d,4,relu,YES,YES,NO,configs/conv/conv_1590.json,reports/conv/conv_1590/csynth.xml,,,NO,
conv_1591,16,28,56,16,3,8,4,True,conv2d,,sigmoid,YES,YES,NO,configs/conv/conv_1591.json,reports/conv/conv_1591/csynth.xml,,,NO,
conv_1592,16,28,56,16,3,8,4,True,group_conv2d,2,sigmoid,YES,YES,NO,configs/conv/conv_1592.json,reports/conv/conv_1592/csynth.xml,,,NO,
conv_1593,16,28,56,16,3,8,4,True,group_conv2d,4,sigmoid,YES,YES,NO,configs/conv/conv_1593.json,reports/conv/conv_1593/csynth.xml,,,NO,
conv_1594,16,28,56,16,3,8,4,False,conv2d,,sigmoid,YES,YES,NO,configs/conv/conv_1594.json,reports/conv/conv_1594/csynth.xml,,,NO,
conv_1595,16,28,56,16,3,8,4,False,group_conv2d,2,sigmoid,YES,YES,NO,configs/conv/conv_1595.json,reports/conv/conv_1595/csynth.xml,,,NO,
conv_1596,16,28,56,16,3,8,4,False,group_conv2d,4,sigmoid,YES,YES,NO,configs/conv/conv_1596.json,reports/conv/conv_1596/csynth.xml,,,NO,
conv_1597,16,28,56,16,3,8,4,True,conv2d,,tanh,YES,YES,NO,configs/conv/conv_1597.json,reports/conv/conv_1597/csynth.xml,,,NO,
conv_1598,16,28,56,16,3,8,4,True,group_conv2d,2,tanh,YES,YES,NO,configs/conv/conv_1598.json,reports/conv/conv_1598/csynth.xml,,,NO,
conv_1599,16,28,56,16,3,8,4,True,group_conv2d,4,tanh,YES,YES,NO,configs/conv/conv_1599.json,reports/conv/conv_1599/csynth.xml,,,NO,
conv_1600,16,28,56,16,3,8,4,False,conv2d,,tanh,YES,YES,NO,configs/conv/conv_1600.json,reports/conv/conv_1600/csynth.xml,,,NO,
conv_1601,16,28,56,16,3,8,4,False,group_conv2d,2,tanh,YES,YES,NO,configs/conv/conv_1601.json,reports/conv/conv_1601/csynth.xml,,,NO,
conv_1602,16,28,56,16,3,8,4,False,group_conv2d,4,tanh,YES,YES,NO,configs/conv/conv_1602.json,reports/conv/conv_1602/csynth.xml,,,NO,
conv_1603,16,28,56,16,3,8,8,True,conv2d,,relu,YES,YES,NO,configs/conv/conv_1603.json,reports/conv/conv_1603/csynth.xml,,,NO,
conv_1604,16,28,56,16,3,8,8,True,group_conv2d,2,relu,YES,YES,NO,configs/conv/conv_1604.json,reports/conv/conv_1604/csynth.xml,,,NO,
conv_1605,16,28,56,16,3,8,8,True,group_conv2d,4,relu,YES,YES,NO,configs/conv/conv_1605.json,reports/conv/conv_1605/csynth.xml,,,NO,
conv_1606,16,28,56,16,3,8,8,False,conv2d,,relu,YES,YES,NO,configs/conv/conv_1606.json,reports/conv/conv_1606/csynth.xml,,,NO,
conv_1607,16,28,56,16,3,8,8,False,group_conv2d,2,relu,YES,YES,NO,configs/conv/conv_1607.json,reports/conv/conv_1607/csynth.xml,,,NO,
conv_1608,16,28,56,16,3,8,8,False,group_conv2d,4,relu,YES,YES,YES,configs/conv/conv_1608.json,reports/conv/conv_1608/csynth.xml,reports/conv/conv_1608/export_impl.xml,reports/conv/conv_1608/power_routed.rpt,NO,
conv_1609,16,28,56,16,3,8,8,True,conv2d,,sigmoid,YES,YES,NO,configs/conv/conv_1609.json,reports/conv/conv_1609/csynth.xml,,,NO,
conv_1610,16,28,56,16,3,8,8,True,group_conv2d,2,sigmoid,YES,YES,NO,configs/conv/conv_1610.json,reports/conv/conv_1610/csynth.xml,,,NO,
conv_1611,16,28,56,16,3,8,8,True,group_conv2d,4,sigmoid,YES,YES,NO,configs/conv/conv_1611.json,reports/conv/conv_1611/csynth.xml,,,NO,
conv_1612,16,28,56,16,3,8,8,False,conv2d,,sigmoid,YES,YES,NO,configs/conv/conv_1612.json,reports/conv/conv_1612/csynth.xml,,,NO,
conv_1613,16,28,56,16,3,8,8,False,group_conv2d,2,sigmoid,YES,YES,NO,configs/conv/conv_1613.json,reports/conv/conv_1613/csynth.xml,,,NO,
conv_1614,16,28,56,16,3,8,8,False,group_conv2d,4,sigmoid,YES,YES,NO,configs/conv/conv_1614.json,reports/conv/conv_1614/csynth.xml,,,NO,
conv_1615,16,28,56,16,3,8,8,True,conv2d,,tanh,YES,YES,NO,configs/conv/conv_1615.json,reports/conv/conv_1615/csynth.xml,,,NO,
conv_1616,16,28,56,16,3,8,8,True,group_conv2d,2,tanh,YES,YES,NO,configs/conv/conv_1616.json,reports/conv/conv_1616/csynth.xml,,,NO,
conv_1617,16,28,56,16,3,8,8,True,group_conv2d,4,tanh,YES,YES,NO,configs/conv/conv_1617.json,reports/conv/conv_1617/csynth.xml,,,NO,
conv_1618,16,28,56,16,3,8,8,False,conv2d,,tanh,YES,YES,NO,configs/conv/conv_1618.json,reports/conv/conv_1618/csynth.xml,,,NO,
conv_1619,16,28,56,16,3,8,8,False,group_conv2d,2,tanh,YES,YES,NO,configs/conv/conv_1619.json,reports/conv/conv_1619/csynth.xml,,,NO,
conv_1620,16,28,56,16,3,8,8,False,group_conv2d,4,tanh,YES,YES,NO,configs/conv/conv_1620.json,reports/conv/conv_1620/csynth.xml,,,NO,
conv_1621,16,28,56,32,1,1,1,True,conv2d,,relu,YES,YES,YES,configs/conv/conv_1621.json,reports/conv/conv_1621/csynth.xml,reports/conv/conv_1621/export_impl.xml,reports/conv/conv_1621/power_routed.rpt,NO,
conv_1622,16,28,56,32,1,1,1,True,group_conv2d,2,relu,YES,YES,YES,configs/conv/conv_1622.json,reports/conv/conv_1622/csynth.xml,reports/conv/conv_1622/export_impl.xml,reports/conv/conv_1622/power_routed.rpt,NO,
conv_1623,16,28,56,32,1,1,1,True,group_conv2d,4,relu,YES,YES,YES,configs/conv/conv_1623.json,reports/conv/conv_1623/csynth.xml,reports/conv/conv_1623/export_impl.xml,reports/conv/conv_1623/power_routed.rpt,NO,
conv_1624,16,28,56,32,1,1,1,False,conv2d,,relu,YES,YES,YES,configs/conv/conv_1624.json,reports/conv/conv_1624/csynth.xml,reports/conv/conv_1624/export_impl.xml,reports/conv/conv_1624/power_routed.rpt,NO,
conv_1625,16,28,56,32,1,1,1,False,group_conv2d,2,relu,YES,YES,YES,configs/conv/conv_1625.json,reports/conv/conv_1625/csynth.xml,reports/conv/conv_1625/export_impl.xml,reports/conv/conv_1625/power_routed.rpt,NO,
conv_1626,16,28,56,32,1,1,1,False,group_conv2d,4,relu,YES,YES,YES,configs/conv/conv_1626.json,reports/conv/conv_1626/csynth.xml,reports/conv/conv_1626/export_impl.xml,reports/conv/conv_1626/power_routed.rpt,NO,
conv_1627,16,28,56,32,1,1,1,True,conv2d,,sigmoid,YES,YES,YES,configs/conv/conv_1627.json,reports/conv/conv_1627/csynth.xml,reports/conv/conv_1627/export_impl.xml,reports/conv/conv_1627/power_routed.rpt,NO,
conv_1628,16,28,56,32,1,1,1,True,group_conv2d,2,sigmoid,YES,YES,YES,configs/conv/conv_1628.json,reports/conv/conv_1628/csynth.xml,reports/conv/conv_1628/export_impl.xml,reports/conv/conv_1628/power_routed.rpt,NO,
conv_1629,16,28,56,32,1,1,1,True,group_conv2d,4,sigmoid,YES,YES,YES,configs/conv/conv_1629.json,reports/conv/conv_1629/csynth.xml,reports/conv/conv_1629/export_impl.xml,reports/conv/conv_1629/power_routed.rpt,NO,
conv_1630,16,28,56,32,1,1,1,False,conv2d,,sigmoid,YES,YES,YES,configs/conv/conv_1630.json,reports/conv/conv_1630/csynth.xml,reports/conv/conv_1630/export_impl.xml,reports/conv/conv_1630/power_routed.rpt,NO,
conv_1631,16,28,56,32,1,1,1,False,group_conv2d,2,sigmoid,YES,YES,YES,configs/conv/conv_1631.json,reports/conv/conv_1631/csynth.xml,reports/conv/conv_1631/export_impl.xml,reports/conv/conv_1631/power_routed.rpt,NO,
conv_1632,16,28,56,32,1,1,1,False,group_conv2d,4,sigmoid,YES,YES,YES,configs/conv/conv_1632.json,reports/conv/conv_1632/csynth.xml,reports/conv/conv_1632/export_impl.xml,reports/conv/conv_1632/power_routed.rpt,NO,
conv_1633,16,28,56,32,1,1,1,True,conv2d,,tanh,YES,YES,YES,configs/conv/conv_1633.json,reports/conv/conv_1633/csynth.xml,reports/conv/conv_1633/export_impl.xml,reports/conv/conv_1633/power_routed.rpt,NO,
conv_1634,16,28,56,32,1,1,1,True,group_conv2d,2,tanh,YES,YES,YES,configs/conv/conv_1634.json,reports/conv/conv_1634/csynth.xml,reports/conv/conv_1634/export_impl.xml,reports/conv/conv_1634/power_routed.rpt,NO,
conv_1635,16,28,56,32,1,1,1,True,group_conv2d,4,tanh,YES,YES,YES,configs/conv/conv_1635.json,reports/conv/conv_1635/csynth.xml,reports/conv/conv_1635/export_impl.xml,reports/conv/conv_1635/power_routed.rpt,NO,
conv_1636,16,28,56,32,1,1,1,False,conv2d,,tanh,YES,YES,YES,configs/conv/conv_1636.json,reports/conv/conv_1636/csynth.xml,reports/conv/conv_1636/export_impl.xml,reports/conv/conv_1636/power_routed.rpt,NO,
conv_1637,16,28,56,32,1,1,1,False,group_conv2d,2,tanh,YES,YES,YES,configs/conv/conv_1637.json,reports/conv/conv_1637/csynth.xml,reports/conv/conv_1637/export_impl.xml,reports/conv/conv_1637/power_routed.rpt,NO,
conv_1638,16,28,56,32,1,1,1,False,group_conv2d,4,tanh,YES,YES,YES,configs/conv/conv_1638.json,reports/conv/conv_1638/csynth.xml,reports/conv/conv_1638/export_impl.xml,reports/conv/conv_1638/power_routed.rpt,NO,
conv_1639,16,28,56,32,1,1,4,True,conv2d,,relu,YES,YES,NO,configs/conv/conv_1639.json,reports/conv/conv_1639/csynth.xml,,,NO,
conv_1640,16,28,56,32,1,1,4,True,group_conv2d,2,relu,YES,YES,YES,configs/conv/conv_1640.json,reports/conv/conv_1640/csynth.xml,reports/conv/conv_1640/export_impl.xml,reports/conv/conv_1640/power_routed.rpt,NO,
conv_1641,16,28,56,32,1,1,4,True,group_conv2d,4,relu,YES,YES,NO,configs/conv/conv_1641.json,reports/conv/conv_1641/csynth.xml,,,NO,
conv_1642,16,28,56,32,1,1,4,False,conv2d,,relu,YES,YES,NO,configs/conv/conv_1642.json,reports/conv/conv_1642/csynth.xml,,,NO,
conv_1643,16,28,56,32,1,1,4,False,group_conv2d,2,relu,YES,YES,NO,configs/conv/conv_1643.json,reports/conv/conv_1643/csynth.xml,,,NO,
conv_1644,16,28,56,32,1,1,4,False,group_conv2d,4,relu,YES,YES,NO,configs/conv/conv_1644.json,reports/conv/conv_1644/csynth.xml,,,NO,
conv_1645,16,28,56,32,1,1,4,True,conv2d,,sigmoid,YES,YES,NO,configs/conv/conv_1645.json,reports/conv/conv_1645/csynth.xml,,,NO,
conv_1646,16,28,56,32,1,1,4,True,group_conv2d,2,sigmoid,YES,YES,NO,configs/conv/conv_1646.json,reports/conv/conv_1646/csynth.xml,,,NO,
conv_1647,16,28,56,32,1,1,4,True,group_conv2d,4,sigmoid,YES,YES,NO,configs/conv/conv_1647.json,reports/conv/conv_1647/csynth.xml,,,NO,
conv_1648,16,28,56,32,1,1,4,False,conv2d,,sigmoid,YES,YES,NO,configs/conv/conv_1648.json,reports/conv/conv_1648/csynth.xml,,,NO,
conv_1649,16,28,56,32,1,1,4,False,group_conv2d,2,sigmoid,YES,YES,YES,configs/conv/conv_1649.json,reports/conv/conv_1649/csynth.xml,reports/conv/conv_1649/export_impl.xml,reports/conv/conv_1649/power_routed.rpt,NO,
conv_1650,16,28,56,32,1,1,4,False,group_conv2d,4,sigmoid,YES,YES,NO,configs/conv/conv_1650.json,reports/conv/conv_1650/csynth.xml,,,NO,
conv_1651,16,28,56,32,1,1,4,True,conv2d,,tanh,YES,YES,NO,configs/conv/conv_1651.json,reports/conv/conv_1651/csynth.xml,,,NO,
conv_1652,16,28,56,32,1,1,4,True,group_conv2d,2,tanh,YES,YES,NO,configs/conv/conv_1652.json,reports/conv/conv_1652/csynth.xml,,,NO,
conv_1653,16,28,56,32,1,1,4,True,group_conv2d,4,tanh,YES,YES,NO,configs/conv/conv_1653.json,reports/conv/conv_1653/csynth.xml,,,NO,
conv_1654,16,28,56,32,1,1,4,False,conv2d,,tanh,YES,YES,NO,configs/conv/conv_1654.json,reports/conv/conv_1654/csynth.xml,,,NO,
conv_1655,16,28,56,32,1,1,4,False,group_conv2d,2,tanh,YES,YES,NO,configs/conv/conv_1655.json,reports/conv/conv_1655/csynth.xml,,,NO,
conv_1656,16,28,56,32,1,1,4,False,group_conv2d,4,tanh,YES,YES,NO,configs/conv/conv_1656.json,reports/conv/conv_1656/csynth.xml,,,NO,
conv_1657,16,28,56,32,1,1,8,True,conv2d,,relu,YES,YES,NO,configs/conv/conv_1657.json,reports/conv/conv_1657/csynth.xml,,,NO,
conv_1658,16,28,56,32,1,1,8,True,group_conv2d,2,relu,YES,YES,YES,configs/conv/conv_1658.json,reports/conv/conv_1658/csynth.xml,reports/conv/conv_1658/export_impl.xml,reports/conv/conv_1658/power_routed.rpt,NO,
conv_1659,16,28,56,32,1,1,8,True,group_conv2d,4,relu,YES,YES,NO,configs/conv/conv_1659.json,reports/conv/conv_1659/csynth.xml,,,NO,
conv_1660,16,28,56,32,1,1,8,False,conv2d,,relu,YES,YES,NO,configs/conv/conv_1660.json,reports/conv/conv_1660/csynth.xml,,,NO,
conv_1661,16,28,56,32,1,1,8,False,group_conv2d,2,relu,YES,YES,NO,configs/conv/conv_1661.json,reports/conv/conv_1661/csynth.xml,,,NO,
conv_1662,16,28,56,32,1,1,8,False,group_conv2d,4,relu,YES,YES,NO,configs/conv/conv_1662.json,reports/conv/conv_1662/csynth.xml,,,NO,
conv_1663,16,28,56,32,1,1,8,True,conv2d,,sigmoid,YES,YES,NO,configs/conv/conv_1663.json,reports/conv/conv_1663/csynth.xml,,,NO,
conv_1664,16,28,56,32,1,1,8,True,group_conv2d,2,sigmoid,YES,YES,NO,configs/conv/conv_1664.json,reports/conv/conv_1664/csynth.xml,,,NO,
conv_1665,16,28,56,32,1,1,8,True,group_conv2d,4,sigmoid,YES,YES,NO,configs/conv/conv_1665.json,reports/conv/conv_1665/csynth.xml,,,NO,
conv_1666,16,28,56,32,1,1,8,False,conv2d,,sigmoid,YES,YES,NO,configs/conv/conv_1666.json,reports/conv/conv_1666/csynth.xml,,,NO,
conv_1667,16,28,56,32,1,1,8,False,group_conv2d,2,sigmoid,YES,YES,NO,configs/conv/conv_1667.json,reports/conv/conv_1667/csynth.xml,,,NO,
conv_1668,16,28,56,32,1,1,8,False,group_conv2d,4,sigmoid,YES,YES,NO,configs/conv/conv_1668.json,reports/conv/conv_1668/csynth.xml,,,NO,
conv_1669,16,28,56,32,1,1,8,True,conv2d,,tanh,YES,YES,NO,configs/conv/conv_1669.json,reports/conv/conv_1669/csynth.xml,,,NO,
conv_1670,16,28,56,32,1,1,8,True,group_conv2d,2,tanh,YES,YES,NO,configs/conv/conv_1670.json,reports/conv/conv_1670/csynth.xml,,,NO,
conv_1671,16,28,56,32,1,1,8,True,group_conv2d,4,tanh,YES,YES,NO,configs/conv/conv_1671.json,reports/conv/conv_1671/csynth.xml,,,NO,
conv_1672,16,28,56,32,1,1,8,False,conv2d,,tanh,YES,YES,NO,configs/conv/conv_1672.json,reports/conv/conv_1672/csynth.xml,,,NO,
conv_1673,16,28,56,32,1,1,8,False,group_conv2d,2,tanh,YES,YES,NO,configs/conv/conv_1673.json,reports/conv/conv_1673/csynth.xml,,,NO,
conv_1674,16,28,56,32,1,1,8,False,group_conv2d,4,tanh,YES,YES,NO,configs/conv/conv_1674.json,reports/conv/conv_1674/csynth.xml,,,NO,
conv_1675,16,28,56,32,1,4,1,True,conv2d,,relu,YES,YES,NO,configs/conv/conv_1675.json,reports/conv/conv_1675/csynth.xml,,,NO,
conv_1676,16,28,56,32,1,4,1,True,group_conv2d,2,relu,YES,YES,YES,configs/conv/conv_1676.json,reports/conv/conv_1676/csynth.xml,reports/conv/conv_1676/export_impl.xml,reports/conv/conv_1676/power_routed.rpt,NO,
conv_1677,16,28,56,32,1,4,1,True,group_conv2d,4,relu,YES,YES,NO,configs/conv/conv_1677.json,reports/conv/conv_1677/csynth.xml,,,NO,
conv_1678,16,28,56,32,1,4,1,False,conv2d,,relu,YES,YES,NO,configs/conv/conv_1678.json,reports/conv/conv_1678/csynth.xml,,,NO,
conv_1679,16,28,56,32,1,4,1,False,group_conv2d,2,relu,YES,YES,YES,configs/conv/conv_1679.json,reports/conv/conv_1679/csynth.xml,reports/conv/conv_1679/export_impl.xml,reports/conv/conv_1679/power_routed.rpt,NO,
conv_1680,16,28,56,32,1,4,1,False,group_conv2d,4,relu,YES,YES,NO,configs/conv/conv_1680.json,reports/conv/conv_1680/csynth.xml,,,NO,
conv_1681,16,28,56,32,1,4,1,True,conv2d,,sigmoid,YES,YES,NO,configs/conv/conv_1681.json,reports/conv/conv_1681/csynth.xml,,,NO,
conv_1682,16,28,56,32,1,4,1,True,group_conv2d,2,sigmoid,YES,YES,NO,configs/conv/conv_1682.json,reports/conv/conv_1682/csynth.xml,,,NO,
conv_1683,16,28,56,32,1,4,1,True,group_conv2d,4,sigmoid,YES,YES,NO,configs/conv/conv_1683.json,reports/conv/conv_1683/csynth.xml,,,NO,
conv_1684,16,28,56,32,1,4,1,False,conv2d,,sigmoid,YES,YES,NO,configs/conv/conv_1684.json,reports/conv/conv_1684/csynth.xml,,,NO,
conv_1685,16,28,56,32,1,4,1,False,group_conv2d,2,sigmoid,YES,YES,NO,configs/conv/conv_1685.json,reports/conv/conv_1685/csynth.xml,,,NO,
conv_1686,16,28,56,32,1,4,1,False,group_conv2d,4,sigmoid,YES,YES,NO,configs/conv/conv_1686.json,reports/conv/conv_1686/csynth.xml,,,NO,
conv_1687,16,28,56,32,1,4,1,True,conv2d,,tanh,YES,YES,NO,configs/conv/conv_1687.json,reports/conv/conv_1687/csynth.xml,,,NO,
conv_1688,16,28,56,32,1,4,1,True,group_conv2d,2,tanh,YES,YES,NO,configs/conv/conv_1688.json,reports/conv/conv_1688/csynth.xml,,,NO,
conv_1689,16,28,56,32,1,4,1,True,group_conv2d,4,tanh,YES,YES,NO,configs/conv/conv_1689.json,reports/conv/conv_1689/csynth.xml,,,NO,
conv_1690,16,28,56,32,1,4,1,False,conv2d,,tanh,YES,YES,NO,configs/conv/conv_1690.json,reports/conv/conv_1690/csynth.xml,,,NO,
conv_1691,16,28,56,32,1,4,1,False,group_conv2d,2,tanh,YES,YES,NO,configs/conv/conv_1691.json,reports/conv/conv_1691/csynth.xml,,,NO,
conv_1692,16,28,56,32,1,4,1,False,group_conv2d,4,tanh,YES,YES,NO,configs/conv/conv_1692.json,reports/conv/conv_1692/csynth.xml,,,NO,
conv_1693,16,28,56,32,1,4,4,True,conv2d,,relu,YES,YES,NO,configs/conv/conv_1693.json,reports/conv/conv_1693/csynth.xml,,,NO,
conv_1694,16,28,56,32,1,4,4,True,group_conv2d,2,relu,YES,YES,NO,configs/conv/conv_1694.json,reports/conv/conv_1694/csynth.xml,,,NO,
conv_1695,16,28,56,32,1,4,4,True,group_conv2d,4,relu,YES,YES,NO,configs/conv/conv_1695.json,reports/conv/conv_1695/csynth.xml,,,NO,
conv_1696,16,28,56,32,1,4,4,False,conv2d,,relu,YES,YES,NO,configs/conv/conv_1696.json,reports/conv/conv_1696/csynth.xml,,,NO,
conv_1697,16,28,56,32,1,4,4,False,group_conv2d,2,relu,YES,YES,NO,configs/conv/conv_1697.json,reports/conv/conv_1697/csynth.xml,,,NO,
conv_1698,16,28,56,32,1,4,4,False,group_conv2d,4,relu,YES,YES,NO,configs/conv/conv_1698.json,reports/conv/conv_1698/csynth.xml,,,NO,
conv_1699,16,28,56,32,1,4,4,True,conv2d,,sigmoid,YES,YES,NO,configs/conv/conv_1699.json,reports/conv/conv_1699/csynth.xml,,,NO,
conv_1700,16,28,56,32,1,4,4,True,group_conv2d,2,sigmoid,YES,YES,NO,configs/conv/conv_1700.json,reports/conv/conv_1700/csynth.xml,,,NO,
conv_1701,16,28,56,32,1,4,4,True,group_conv2d,4,sigmoid,YES,YES,NO,configs/conv/conv_1701.json,reports/conv/conv_1701/csynth.xml,,,NO,
conv_1702,16,28,56,32,1,4,4,False,conv2d,,sigmoid,YES,YES,NO,configs/conv/conv_1702.json,reports/conv/conv_1702/csynth.xml,,,NO,
conv_1703,16,28,56,32,1,4,4,False,group_conv2d,2,sigmoid,YES,YES,NO,configs/conv/conv_1703.json,reports/conv/conv_1703/csynth.xml,,,NO,
conv_1704,16,28,56,32,1,4,4,False,group_conv2d,4,sigmoid,YES,YES,NO,configs/conv/conv_1704.json,reports/conv/conv_1704/csynth.xml,,,NO,
conv_1705,16,28,56,32,1,4,4,True,conv2d,,tanh,YES,YES,YES,configs/conv/conv_1705.json,reports/conv/conv_1705/csynth.xml,reports/conv/conv_1705/export_impl.xml,reports/conv/conv_1705/power_routed.rpt,NO,
conv_1706,16,28,56,32,1,4,4,True,group_conv2d,2,tanh,YES,YES,NO,configs/conv/conv_1706.json,reports/conv/conv_1706/csynth.xml,,,NO,
conv_1707,16,28,56,32,1,4,4,True,group_conv2d,4,tanh,YES,YES,NO,configs/conv/conv_1707.json,reports/conv/conv_1707/csynth.xml,,,NO,
conv_1708,16,28,56,32,1,4,4,False,conv2d,,tanh,YES,YES,YES,configs/conv/conv_1708.json,reports/conv/conv_1708/csynth.xml,reports/conv/conv_1708/export_impl.xml,reports/conv/conv_1708/power_routed.rpt,NO,
conv_1709,16,28,56,32,1,4,4,False,group_conv2d,2,tanh,YES,YES,NO,configs/conv/conv_1709.json,reports/conv/conv_1709/csynth.xml,,,NO,
conv_1710,16,28,56,32,1,4,4,False,group_conv2d,4,tanh,YES,YES,NO,configs/conv/conv_1710.json,reports/conv/conv_1710/csynth.xml,,,NO,
conv_1711,16,28,56,32,1,4,8,True,conv2d,,relu,YES,YES,NO,configs/conv/conv_1711.json,reports/conv/conv_1711/csynth.xml,,,NO,
conv_1712,16,28,56,32,1,4,8,True,group_conv2d,2,relu,YES,YES,NO,configs/conv/conv_1712.json,reports/conv/conv_1712/csynth.xml,,,NO,
conv_1713,16,28,56,32,1,4,8,True,group_conv2d,4,relu,YES,YES,NO,configs/conv/conv_1713.json,reports/conv/conv_1713/csynth.xml,,,NO,
conv_1714,16,28,56,32,1,4,8,False,conv2d,,relu,YES,YES,NO,configs/conv/conv_1714.json,reports/conv/conv_1714/csynth.xml,,,NO,
conv_1715,16,28,56,32,1,4,8,False,group_conv2d,2,relu,YES,YES,NO,configs/conv/conv_1715.json,reports/conv/conv_1715/csynth.xml,,,NO,
conv_1716,16,28,56,32,1,4,8,False,group_conv2d,4,relu,YES,YES,NO,configs/conv/conv_1716.json,reports/conv/conv_1716/csynth.xml,,,NO,
conv_1717,16,28,56,32,1,4,8,True,conv2d,,sigmoid,YES,YES,NO,configs/conv/conv_1717.json,reports/conv/conv_1717/csynth.xml,,,NO,
conv_1718,16,28,56,32,1,4,8,True,group_conv2d,2,sigmoid,YES,YES,NO,configs/conv/conv_1718.json,reports/conv/conv_1718/csynth.xml,,,NO,
conv_1719,16,28,56,32,1,4,8,True,group_conv2d,4,sigmoid,YES,YES,NO,configs/conv/conv_1719.json,reports/conv/conv_1719/csynth.xml,,,NO,
conv_1720,16,28,56,32,1,4,8,False,conv2d,,sigmoid,YES,YES,NO,configs/conv/conv_1720.json,reports/conv/conv_1720/csynth.xml,,,NO,
conv_1721,16,28,56,32,1,4,8,False,group_conv2d,2,sigmoid,YES,YES,NO,configs/conv/conv_1721.json,reports/conv/conv_1721/csynth.xml,,,NO,
conv_1722,16,28,56,32,1,4,8,False,group_conv2d,4,sigmoid,YES,YES,NO,configs/conv/conv_1722.json,reports/conv/conv_1722/csynth.xml,,,NO,
conv_1723,16,28,56,32,1,4,8,True,conv2d,,tanh,YES,YES,NO,configs/conv/conv_1723.json,reports/conv/conv_1723/csynth.xml,,,NO,
conv_1724,16,28,56,32,1,4,8,True,group_conv2d,2,tanh,YES,YES,NO,configs/conv/conv_1724.json,reports/conv/conv_1724/csynth.xml,,,NO,
conv_1725,16,28,56,32,1,4,8,True,group_conv2d,4,tanh,YES,YES,NO,configs/conv/conv_1725.json,reports/conv/conv_1725/csynth.xml,,,NO,
conv_1726,16,28,56,32,1,4,8,False,conv2d,,tanh,YES,YES,NO,configs/conv/conv_1726.json,reports/conv/conv_1726/csynth.xml,,,NO,
conv_1727,16,28,56,32,1,4,8,False,group_conv2d,2,tanh,YES,YES,NO,configs/conv/conv_1727.json,reports/conv/conv_1727/csynth.xml,,,NO,
conv_1728,16,28,56,32,1,4,8,False,group_conv2d,4,tanh,YES,YES,NO,configs/conv/conv_1728.json,reports/conv/conv_1728/csynth.xml,,,NO,
conv_1729,16,28,56,32,1,8,1,True,conv2d,,relu,YES,YES,NO,configs/conv/conv_1729.json,reports/conv/conv_1729/csynth.xml,,,NO,
conv_1730,16,28,56,32,1,8,1,True,group_conv2d,2,relu,YES,YES,NO,configs/conv/conv_1730.json,reports/conv/conv_1730/csynth.xml,,,NO,
conv_1731,16,28,56,32,1,8,1,True,group_conv2d,4,relu,YES,YES,NO,configs/conv/conv_1731.json,reports/conv/conv_1731/csynth.xml,,,NO,
conv_1732,16,28,56,32,1,8,1,False,conv2d,,relu,YES,YES,YES,configs/conv/conv_1732.json,reports/conv/conv_1732/csynth.xml,reports/conv/conv_1732/export_impl.xml,reports/conv/conv_1732/power_routed.rpt,NO,
conv_1733,16,28,56,32,1,8,1,False,group_conv2d,2,relu,YES,YES,NO,configs/conv/conv_1733.json,reports/conv/conv_1733/csynth.xml,,,NO,
conv_1734,16,28,56,32,1,8,1,False,group_conv2d,4,relu,YES,YES,NO,configs/conv/conv_1734.json,reports/conv/conv_1734/csynth.xml,,,NO,
conv_1735,16,28,56,32,1,8,1,True,conv2d,,sigmoid,YES,YES,NO,configs/conv/conv_1735.json,reports/conv/conv_1735/csynth.xml,,,NO,
conv_1736,16,28,56,32,1,8,1,True,group_conv2d,2,sigmoid,YES,YES,NO,configs/conv/conv_1736.json,reports/conv/conv_1736/csynth.xml,,,NO,
conv_1737,16,28,56,32,1,8,1,True,group_conv2d,4,sigmoid,YES,YES,NO,configs/conv/conv_1737.json,reports/conv/conv_1737/csynth.xml,,,NO,
conv_1738,16,28,56,32,1,8,1,False,conv2d,,sigmoid,YES,YES,NO,configs/conv/conv_1738.json,reports/conv/conv_1738/csynth.xml,,,NO,
conv_1739,16,28,56,32,1,8,1,False,group_conv2d,2,sigmoid,YES,YES,NO,configs/conv/conv_1739.json,reports/conv/conv_1739/csynth.xml,,,NO,
conv_1740,16,28,56,32,1,8,1,False,group_conv2d,4,sigmoid,YES,YES,NO,configs/conv/conv_1740.json,reports/conv/conv_1740/csynth.xml,,,NO,
conv_1741,16,28,56,32,1,8,1,True,conv2d,,tanh,YES,YES,NO,configs/conv/conv_1741.json,reports/conv/conv_1741/csynth.xml,,,NO,
conv_1742,16,28,56,32,1,8,1,True,group_conv2d,2,tanh,YES,YES,NO,configs/conv/conv_1742.json,reports/conv/conv_1742/csynth.xml,,,NO,
conv_1743,16,28,56,32,1,8,1,True,group_conv2d,4,tanh,YES,YES,NO,configs/conv/conv_1743.json,reports/conv/conv_1743/csynth.xml,,,NO,
conv_1744,16,28,56,32,1,8,1,False,conv2d,,tanh,YES,YES,NO,configs/conv/conv_1744.json,reports/conv/conv_1744/csynth.xml,,,NO,
conv_1745,16,28,56,32,1,8,1,False,group_conv2d,2,tanh,YES,YES,NO,configs/conv/conv_1745.json,reports/conv/conv_1745/csynth.xml,,,NO,
conv_1746,16,28,56,32,1,8,1,False,group_conv2d,4,tanh,YES,YES,NO,configs/conv/conv_1746.json,reports/conv/conv_1746/csynth.xml,,,NO,
conv_1747,16,28,56,32,1,8,4,True,conv2d,,relu,YES,YES,NO,configs/conv/conv_1747.json,reports/conv/conv_1747/csynth.xml,,,NO,
conv_1748,16,28,56,32,1,8,4,True,group_conv2d,2,relu,YES,YES,NO,configs/conv/conv_1748.json,reports/conv/conv_1748/csynth.xml,,,NO,
conv_1749,16,28,56,32,1,8,4,True,group_conv2d,4,relu,YES,YES,NO,configs/conv/conv_1749.json,reports/conv/conv_1749/csynth.xml,,,NO,
conv_1750,16,28,56,32,1,8,4,False,conv2d,,relu,YES,YES,NO,configs/conv/conv_1750.json,reports/conv/conv_1750/csynth.xml,,,NO,
conv_1751,16,28,56,32,1,8,4,False,group_conv2d,2,relu,YES,YES,NO,configs/conv/conv_1751.json,reports/conv/conv_1751/csynth.xml,,,NO,
conv_1752,16,28,56,32,1,8,4,False,group_conv2d,4,relu,YES,YES,YES,configs/conv/conv_1752.json,reports/conv/conv_1752/csynth.xml,reports/conv/conv_1752/export_impl.xml,reports/conv/conv_1752/power_routed.rpt,NO,
conv_1753,16,28,56,32,1,8,4,True,conv2d,,sigmoid,YES,YES,NO,configs/conv/conv_1753.json,reports/conv/conv_1753/csynth.xml,,,NO,
conv_1754,16,28,56,32,1,8,4,True,group_conv2d,2,sigmoid,YES,YES,NO,configs/conv/conv_1754.json,reports/conv/conv_1754/csynth.xml,,,NO,
conv_1755,16,28,56,32,1,8,4,True,group_conv2d,4,sigmoid,YES,YES,NO,configs/conv/conv_1755.json,reports/conv/conv_1755/csynth.xml,,,NO,
conv_1756,16,28,56,32,1,8,4,False,conv2d,,sigmoid,YES,YES,NO,configs/conv/conv_1756.json,reports/conv/conv_1756/csynth.xml,,,NO,
conv_1757,16,28,56,32,1,8,4,False,group_conv2d,2,sigmoid,YES,YES,NO,configs/conv/conv_1757.json,reports/conv/conv_1757/csynth.xml,,,NO,
conv_1758,16,28,56,32,1,8,4,False,group_conv2d,4,sigmoid,YES,YES,NO,configs/conv/conv_1758.json,reports/conv/conv_1758/csynth.xml,,,NO,
conv_1759,16,28,56,32,1,8,4,True,conv2d,,tanh,YES,YES,NO,configs/conv/conv_1759.json,reports/conv/conv_1759/csynth.xml,,,NO,
conv_1760,16,28,56,32,1,8,4,True,group_conv2d,2,tanh,YES,YES,NO,configs/conv/conv_1760.json,reports/conv/conv_1760/csynth.xml,,,NO,
conv_1761,16,28,56,32,1,8,4,True,group_conv2d,4,tanh,YES,YES,NO,configs/conv/conv_1761.json,reports/conv/conv_1761/csynth.xml,,,NO,
conv_1762,16,28,56,32,1,8,4,False,conv2d,,tanh,YES,YES,NO,configs/conv/conv_1762.json,reports/conv/conv_1762/csynth.xml,,,NO,
conv_1763,16,28,56,32,1,8,4,False,group_conv2d,2,tanh,YES,YES,NO,configs/conv/conv_1763.json,reports/conv/conv_1763/csynth.xml,,,NO,
conv_1764,16,28,56,32,1,8,4,False,group_conv2d,4,tanh,YES,YES,NO,configs/conv/conv_1764.json,reports/conv/conv_1764/csynth.xml,,,NO,
conv_1765,16,28,56,32,1,8,8,True,conv2d,,relu,YES,YES,NO,configs/conv/conv_1765.json,reports/conv/conv_1765/csynth.xml,,,NO,
conv_1766,16,28,56,32,1,8,8,True,group_conv2d,2,relu,YES,YES,YES,configs/conv/conv_1766.json,reports/conv/conv_1766/csynth.xml,reports/conv/conv_1766/export_impl.xml,reports/conv/conv_1766/power_routed.rpt,NO,
conv_1767,16,28,56,32,1,8,8,True,group_conv2d,4,relu,YES,YES,NO,configs/conv/conv_1767.json,reports/conv/conv_1767/csynth.xml,,,NO,
conv_1768,16,28,56,32,1,8,8,False,conv2d,,relu,YES,YES,NO,configs/conv/conv_1768.json,reports/conv/conv_1768/csynth.xml,,,NO,
conv_1769,16,28,56,32,1,8,8,False,group_conv2d,2,relu,YES,YES,NO,configs/conv/conv_1769.json,reports/conv/conv_1769/csynth.xml,,,NO,
conv_1770,16,28,56,32,1,8,8,False,group_conv2d,4,relu,YES,YES,NO,configs/conv/conv_1770.json,reports/conv/conv_1770/csynth.xml,,,NO,
conv_1771,16,28,56,32,1,8,8,True,conv2d,,sigmoid,YES,YES,NO,configs/conv/conv_1771.json,reports/conv/conv_1771/csynth.xml,,,NO,
conv_1772,16,28,56,32,1,8,8,True,group_conv2d,2,sigmoid,YES,YES,NO,configs/conv/conv_1772.json,reports/conv/conv_1772/csynth.xml,,,NO,
conv_1773,16,28,56,32,1,8,8,True,group_conv2d,4,sigmoid,YES,YES,NO,configs/conv/conv_1773.json,reports/conv/conv_1773/csynth.xml,,,NO,
conv_1774,16,28,56,32,1,8,8,False,conv2d,,sigmoid,YES,YES,NO,configs/conv/conv_1774.json,reports/conv/conv_1774/csynth.xml,,,NO,
conv_1775,16,28,56,32,1,8,8,False,group_conv2d,2,sigmoid,YES,YES,NO,configs/conv/conv_1775.json,reports/conv/conv_1775/csynth.xml,,,NO,
conv_1776,16,28,56,32,1,8,8,False,group_conv2d,4,sigmoid,YES,YES,NO,configs/conv/conv_1776.json,reports/conv/conv_1776/csynth.xml,,,NO,
conv_1777,16,28,56,32,1,8,8,True,conv2d,,tanh,YES,YES,NO,configs/conv/conv_1777.json,reports/conv/conv_1777/csynth.xml,,,NO,
conv_1778,16,28,56,32,1,8,8,True,group_conv2d,2,tanh,YES,YES,NO,configs/conv/conv_1778.json,reports/conv/conv_1778/csynth.xml,,,NO,
conv_1779,16,28,56,32,1,8,8,True,group_conv2d,4,tanh,YES,YES,NO,configs/conv/conv_1779.json,reports/conv/conv_1779/csynth.xml,,,NO,
conv_1780,16,28,56,32,1,8,8,False,conv2d,,tanh,YES,YES,NO,configs/conv/conv_1780.json,reports/conv/conv_1780/csynth.xml,,,NO,
conv_1781,16,28,56,32,1,8,8,False,group_conv2d,2,tanh,YES,YES,NO,configs/conv/conv_1781.json,reports/conv/conv_1781/csynth.xml,,,NO,
conv_1782,16,28,56,32,1,8,8,False,group_conv2d,4,tanh,YES,YES,NO,configs/conv/conv_1782.json,reports/conv/conv_1782/csynth.xml,,,NO,
conv_1783,16,28,56,32,3,1,1,True,conv2d,,relu,YES,YES,YES,configs/conv/conv_1783.json,reports/conv/conv_1783/csynth.xml,reports/conv/conv_1783/export_impl.xml,reports/conv/conv_1783/power_routed.rpt,NO,
conv_1784,16,28,56,32,3,1,1,True,group_conv2d,2,relu,YES,YES,YES,configs/conv/conv_1784.json,reports/conv/conv_1784/csynth.xml,reports/conv/conv_1784/export_impl.xml,reports/conv/conv_1784/power_routed.rpt,NO,
conv_1785,16,28,56,32,3,1,1,True,group_conv2d,4,relu,YES,YES,YES,configs/conv/conv_1785.json,reports/conv/conv_1785/csynth.xml,reports/conv/conv_1785/export_impl.xml,reports/conv/conv_1785/power_routed.rpt,NO,
conv_1786,16,28,56,32,3,1,1,False,conv2d,,relu,YES,YES,YES,configs/conv/conv_1786.json,reports/conv/conv_1786/csynth.xml,reports/conv/conv_1786/export_impl.xml,reports/conv/conv_1786/power_routed.rpt,NO,
conv_1787,16,28,56,32,3,1,1,False,group_conv2d,2,relu,YES,YES,YES,configs/conv/conv_1787.json,reports/conv/conv_1787/csynth.xml,reports/conv/conv_1787/export_impl.xml,reports/conv/conv_1787/power_routed.rpt,NO,
conv_1788,16,28,56,32,3,1,1,False,group_conv2d,4,relu,YES,YES,YES,configs/conv/conv_1788.json,reports/conv/conv_1788/csynth.xml,reports/conv/conv_1788/export_impl.xml,reports/conv/conv_1788/power_routed.rpt,NO,
conv_1789,16,28,56,32,3,1,1,True,conv2d,,sigmoid,YES,YES,YES,configs/conv/conv_1789.json,reports/conv/conv_1789/csynth.xml,reports/conv/conv_1789/export_impl.xml,reports/conv/conv_1789/power_routed.rpt,NO,
conv_1790,16,28,56,32,3,1,1,True,group_conv2d,2,sigmoid,YES,YES,YES,configs/conv/conv_1790.json,reports/conv/conv_1790/csynth.xml,reports/conv/conv_1790/export_impl.xml,reports/conv/conv_1790/power_routed.rpt,NO,
conv_1791,16,28,56,32,3,1,1,True,group_conv2d,4,sigmoid,YES,YES,YES,configs/conv/conv_1791.json,reports/conv/conv_1791/csynth.xml,reports/conv/conv_1791/export_impl.xml,reports/conv/conv_1791/power_routed.rpt,NO,
conv_1792,16,28,56,32,3,1,1,False,conv2d,,sigmoid,YES,YES,YES,configs/conv/conv_1792.json,reports/conv/conv_1792/csynth.xml,reports/conv/conv_1792/export_impl.xml,reports/conv/conv_1792/power_routed.rpt,NO,
conv_1793,16,28,56,32,3,1,1,False,group_conv2d,2,sigmoid,YES,YES,YES,configs/conv/conv_1793.json,reports/conv/conv_1793/csynth.xml,reports/conv/conv_1793/export_impl.xml,reports/conv/conv_1793/power_routed.rpt,NO,
conv_1794,16,28,56,32,3,1,1,False,group_conv2d,4,sigmoid,YES,YES,YES,configs/conv/conv_1794.json,reports/conv/conv_1794/csynth.xml,reports/conv/conv_1794/export_impl.xml,reports/conv/conv_1794/power_routed.rpt,NO,
conv_1795,16,28,56,32,3,1,1,True,conv2d,,tanh,YES,YES,YES,configs/conv/conv_1795.json,reports/conv/conv_1795/csynth.xml,reports/conv/conv_1795/export_impl.xml,reports/conv/conv_1795/power_routed.rpt,NO,
conv_1796,16,28,56,32,3,1,1,True,group_conv2d,2,tanh,YES,YES,YES,configs/conv/conv_1796.json,reports/conv/conv_1796/csynth.xml,reports/conv/conv_1796/export_impl.xml,reports/conv/conv_1796/power_routed.rpt,NO,
conv_1797,16,28,56,32,3,1,1,True,group_conv2d,4,tanh,YES,YES,YES,configs/conv/conv_1797.json,reports/conv/conv_1797/csynth.xml,reports/conv/conv_1797/export_impl.xml,reports/conv/conv_1797/power_routed.rpt,NO,
conv_1798,16,28,56,32,3,1,1,False,conv2d,,tanh,YES,YES,YES,configs/conv/conv_1798.json,reports/conv/conv_1798/csynth.xml,reports/conv/conv_1798/export_impl.xml,reports/conv/conv_1798/power_routed.rpt,NO,
conv_1799,16,28,56,32,3,1,1,False,group_conv2d,2,tanh,YES,YES,YES,configs/conv/conv_1799.json,reports/conv/conv_1799/csynth.xml,reports/conv/conv_1799/export_impl.xml,reports/conv/conv_1799/power_routed.rpt,NO,
conv_1800,16,28,56,32,3,1,1,False,group_conv2d,4,tanh,YES,YES,YES,configs/conv/conv_1800.json,reports/conv/conv_1800/csynth.xml,reports/conv/conv_1800/export_impl.xml,reports/conv/conv_1800/power_routed.rpt,NO,
conv_1801,16,28,56,32,3,1,4,True,conv2d,,relu,YES,YES,NO,configs/conv/conv_1801.json,reports/conv/conv_1801/csynth.xml,,,NO,
conv_1802,16,28,56,32,3,1,4,True,group_conv2d,2,relu,YES,YES,NO,configs/conv/conv_1802.json,reports/conv/conv_1802/csynth.xml,,,NO,
conv_1803,16,28,56,32,3,1,4,True,group_conv2d,4,relu,YES,YES,NO,configs/conv/conv_1803.json,reports/conv/conv_1803/csynth.xml,,,NO,
conv_1804,16,28,56,32,3,1,4,False,conv2d,,relu,YES,YES,NO,configs/conv/conv_1804.json,reports/conv/conv_1804/csynth.xml,,,NO,
conv_1805,16,28,56,32,3,1,4,False,group_conv2d,2,relu,YES,YES,NO,configs/conv/conv_1805.json,reports/conv/conv_1805/csynth.xml,,,NO,
conv_1806,16,28,56,32,3,1,4,False,group_conv2d,4,relu,YES,YES,NO,configs/conv/conv_1806.json,reports/conv/conv_1806/csynth.xml,,,NO,
conv_1807,16,28,56,32,3,1,4,True,conv2d,,sigmoid,YES,YES,YES,configs/conv/conv_1807.json,reports/conv/conv_1807/csynth.xml,reports/conv/conv_1807/export_impl.xml,reports/conv/conv_1807/power_routed.rpt,NO,
conv_1808,16,28,56,32,3,1,4,True,group_conv2d,2,sigmoid,YES,YES,NO,configs/conv/conv_1808.json,reports/conv/conv_1808/csynth.xml,,,NO,
conv_1809,16,28,56,32,3,1,4,True,group_conv2d,4,sigmoid,YES,YES,NO,configs/conv/conv_1809.json,reports/conv/conv_1809/csynth.xml,,,NO,
conv_1810,16,28,56,32,3,1,4,False,conv2d,,sigmoid,YES,YES,NO,configs/conv/conv_1810.json,reports/conv/conv_1810/csynth.xml,,,NO,
conv_1811,16,28,56,32,3,1,4,False,group_conv2d,2,sigmoid,YES,YES,NO,configs/conv/conv_1811.json,reports/conv/conv_1811/csynth.xml,,,NO,
conv_1812,16,28,56,32,3,1,4,False,group_conv2d,4,sigmoid,YES,YES,NO,configs/conv/conv_1812.json,reports/conv/conv_1812/csynth.xml,,,NO,
conv_1813,16,28,56,32,3,1,4,True,conv2d,,tanh,YES,YES,NO,configs/conv/conv_1813.json,reports/conv/conv_1813/csynth.xml,,,NO,
conv_1814,16,28,56,32,3,1,4,True,group_conv2d,2,tanh,YES,YES,NO,configs/conv/conv_1814.json,reports/conv/conv_1814/csynth.xml,,,NO,
conv_1815,16,28,56,32,3,1,4,True,group_conv2d,4,tanh,YES,YES,NO,configs/conv/conv_1815.json,reports/conv/conv_1815/csynth.xml,,,NO,
conv_1816,16,28,56,32,3,1,4,False,conv2d,,tanh,YES,YES,YES,configs/conv/conv_1816.json,reports/conv/conv_1816/csynth.xml,reports/conv/conv_1816/export_impl.xml,reports/conv/conv_1816/power_routed.rpt,NO,
conv_1817,16,28,56,32,3,1,4,False,group_conv2d,2,tanh,YES,YES,NO,configs/conv/conv_1817.json,reports/conv/conv_1817/csynth.xml,,,NO,
conv_1818,16,28,56,32,3,1,4,False,group_conv2d,4,tanh,YES,YES,NO,configs/conv/conv_1818.json,reports/conv/conv_1818/csynth.xml,,,NO,
conv_1819,16,28,56,32,3,1,8,True,conv2d,,relu,YES,YES,NO,configs/conv/conv_1819.json,reports/conv/conv_1819/csynth.xml,,,NO,
conv_1820,16,28,56,32,3,1,8,True,group_conv2d,2,relu,YES,YES,NO,configs/conv/conv_1820.json,reports/conv/conv_1820/csynth.xml,,,NO,
conv_1821,16,28,56,32,3,1,8,True,group_conv2d,4,relu,YES,YES,NO,configs/conv/conv_1821.json,reports/conv/conv_1821/csynth.xml,,,NO,
conv_1822,16,28,56,32,3,1,8,False,conv2d,,relu,YES,YES,NO,configs/conv/conv_1822.json,reports/conv/conv_1822/csynth.xml,,,NO,
conv_1823,16,28,56,32,3,1,8,False,group_conv2d,2,relu,YES,YES,NO,configs/conv/conv_1823.json,reports/conv/conv_1823/csynth.xml,,,NO,
conv_1824,16,28,56,32,3,1,8,False,group_conv2d,4,relu,YES,YES,NO,configs/conv/conv_1824.json,reports/conv/conv_1824/csynth.xml,,,NO,
conv_1825,16,28,56,32,3,1,8,True,conv2d,,sigmoid,YES,YES,NO,configs/conv/conv_1825.json,reports/conv/conv_1825/csynth.xml,,,NO,
conv_1826,16,28,56,32,3,1,8,True,group_conv2d,2,sigmoid,YES,YES,NO,configs/conv/conv_1826.json,reports/conv/conv_1826/csynth.xml,,,NO,
conv_1827,16,28,56,32,3,1,8,True,group_conv2d,4,sigmoid,YES,YES,NO,configs/conv/conv_1827.json,reports/conv/conv_1827/csynth.xml,,,NO,
conv_1828,16,28,56,32,3,1,8,False,conv2d,,sigmoid,YES,YES,NO,configs/conv/conv_1828.json,reports/conv/conv_1828/csynth.xml,,,NO,
conv_1829,16,28,56,32,3,1,8,False,group_conv2d,2,sigmoid,YES,YES,NO,configs/conv/conv_1829.json,reports/conv/conv_1829/csynth.xml,,,NO,
conv_1830,16,28,56,32,3,1,8,False,group_conv2d,4,sigmoid,YES,YES,NO,configs/conv/conv_1830.json,reports/conv/conv_1830/csynth.xml,,,NO,
conv_1831,16,28,56,32,3,1,8,True,conv2d,,tanh,YES,YES,NO,configs/conv/conv_1831.json,reports/conv/conv_1831/csynth.xml,,,NO,
conv_1832,16,28,56,32,3,1,8,True,group_conv2d,2,tanh,YES,YES,NO,configs/conv/conv_1832.json,reports/conv/conv_1832/csynth.xml,,,NO,
conv_1833,16,28,56,32,3,1,8,True,group_conv2d,4,tanh,YES,YES,NO,configs/conv/conv_1833.json,reports/conv/conv_1833/csynth.xml,,,NO,
conv_1834,16,28,56,32,3,1,8,False,conv2d,,tanh,YES,YES,NO,configs/conv/conv_1834.json,reports/conv/conv_1834/csynth.xml,,,NO,
conv_1835,16,28,56,32,3,1,8,False,group_conv2d,2,tanh,YES,YES,NO,configs/conv/conv_1835.json,reports/conv/conv_1835/csynth.xml,,,NO,
conv_1836,16,28,56,32,3,1,8,False,group_conv2d,4,tanh,YES,YES,NO,configs/conv/conv_1836.json,reports/conv/conv_1836/csynth.xml,,,NO,
conv_1837,16,28,56,32,3,4,1,True,conv2d,,relu,YES,YES,NO,configs/conv/conv_1837.json,reports/conv/conv_1837/csynth.xml,,,NO,
conv_1838,16,28,56,32,3,4,1,True,group_conv2d,2,relu,YES,YES,NO,configs/conv/conv_1838.json,reports/conv/conv_1838/csynth.xml,,,NO,
conv_1839,16,28,56,32,3,4,1,True,group_conv2d,4,relu,YES,YES,NO,configs/conv/conv_1839.json,reports/conv/conv_1839/csynth.xml,,,NO,
conv_1840,16,28,56,32,3,4,1,False,conv2d,,relu,YES,YES,NO,configs/conv/conv_1840.json,reports/conv/conv_1840/csynth.xml,,,NO,
conv_1841,16,28,56,32,3,4,1,False,group_conv2d,2,relu,YES,YES,NO,configs/conv/conv_1841.json,reports/conv/conv_1841/csynth.xml,,,NO,
conv_1842,16,28,56,32,3,4,1,False,group_conv2d,4,relu,YES,YES,NO,configs/conv/conv_1842.json,reports/conv/conv_1842/csynth.xml,,,NO,
conv_1843,16,28,56,32,3,4,1,True,conv2d,,sigmoid,YES,YES,YES,configs/conv/conv_1843.json,reports/conv/conv_1843/csynth.xml,reports/conv/conv_1843/export_impl.xml,reports/conv/conv_1843/power_routed.rpt,NO,
conv_1844,16,28,56,32,3,4,1,True,group_conv2d,2,sigmoid,YES,YES,NO,configs/conv/conv_1844.json,reports/conv/conv_1844/csynth.xml,,,NO,
conv_1845,16,28,56,32,3,4,1,True,group_conv2d,4,sigmoid,YES,YES,NO,configs/conv/conv_1845.json,reports/conv/conv_1845/csynth.xml,,,NO,
conv_1846,16,28,56,32,3,4,1,False,conv2d,,sigmoid,YES,YES,YES,configs/conv/conv_1846.json,reports/conv/conv_1846/csynth.xml,reports/conv/conv_1846/export_impl.xml,reports/conv/conv_1846/power_routed.rpt,NO,
conv_1847,16,28,56,32,3,4,1,False,group_conv2d,2,sigmoid,YES,YES,NO,configs/conv/conv_1847.json,reports/conv/conv_1847/csynth.xml,,,NO,
conv_1848,16,28,56,32,3,4,1,False,group_conv2d,4,sigmoid,YES,YES,NO,configs/conv/conv_1848.json,reports/conv/conv_1848/csynth.xml,,,NO,
conv_1849,16,28,56,32,3,4,1,True,conv2d,,tanh,YES,YES,NO,configs/conv/conv_1849.json,reports/conv/conv_1849/csynth.xml,,,NO,
conv_1850,16,28,56,32,3,4,1,True,group_conv2d,2,tanh,YES,YES,NO,configs/conv/conv_1850.json,reports/conv/conv_1850/csynth.xml,,,NO,
conv_1851,16,28,56,32,3,4,1,True,group_conv2d,4,tanh,YES,YES,NO,configs/conv/conv_1851.json,reports/conv/conv_1851/csynth.xml,,,NO,
conv_1852,16,28,56,32,3,4,1,False,conv2d,,tanh,YES,YES,NO,configs/conv/conv_1852.json,reports/conv/conv_1852/csynth.xml,,,NO,
conv_1853,16,28,56,32,3,4,1,False,group_conv2d,2,tanh,YES,YES,NO,configs/conv/conv_1853.json,reports/conv/conv_1853/csynth.xml,,,NO,
conv_1854,16,28,56,32,3,4,1,False,group_conv2d,4,tanh,YES,YES,NO,configs/conv/conv_1854.json,reports/conv/conv_1854/csynth.xml,,,NO,
conv_1855,16,28,56,32,3,4,4,True,conv2d,,relu,YES,YES,YES,configs/conv/conv_1855.json,reports/conv/conv_1855/csynth.xml,reports/conv/conv_1855/export_impl.xml,reports/conv/conv_1855/power_routed.rpt,NO,
conv_1856,16,28,56,32,3,4,4,True,group_conv2d,2,relu,YES,YES,NO,configs/conv/conv_1856.json,reports/conv/conv_1856/csynth.xml,,,NO,
conv_1857,16,28,56,32,3,4,4,True,group_conv2d,4,relu,YES,YES,NO,configs/conv/conv_1857.json,reports/conv/conv_1857/csynth.xml,,,NO,
conv_1858,16,28,56,32,3,4,4,False,conv2d,,relu,YES,YES,YES,configs/conv/conv_1858.json,reports/conv/conv_1858/csynth.xml,reports/conv/conv_1858/export_impl.xml,reports/conv/conv_1858/power_routed.rpt,NO,
conv_1859,16,28,56,32,3,4,4,False,group_conv2d,2,relu,YES,YES,NO,configs/conv/conv_1859.json,reports/conv/conv_1859/csynth.xml,,,NO,
conv_1860,16,28,56,32,3,4,4,False,group_conv2d,4,relu,YES,YES,NO,configs/conv/conv_1860.json,reports/conv/conv_1860/csynth.xml,,,NO,
conv_1861,16,28,56,32,3,4,4,True,conv2d,,sigmoid,YES,YES,NO,configs/conv/conv_1861.json,reports/conv/conv_1861/csynth.xml,,,NO,
conv_1862,16,28,56,32,3,4,4,True,group_conv2d,2,sigmoid,YES,YES,NO,configs/conv/conv_1862.json,reports/conv/conv_1862/csynth.xml,,,NO,
conv_1863,16,28,56,32,3,4,4,True,group_conv2d,4,sigmoid,YES,YES,NO,configs/conv/conv_1863.json,reports/conv/conv_1863/csynth.xml,,,NO,
conv_1864,16,28,56,32,3,4,4,False,conv2d,,sigmoid,YES,YES,NO,configs/conv/conv_1864.json,reports/conv/conv_1864/csynth.xml,,,NO,
conv_1865,16,28,56,32,3,4,4,False,group_conv2d,2,sigmoid,YES,YES,NO,configs/conv/conv_1865.json,reports/conv/conv_1865/csynth.xml,,,NO,
conv_1866,16,28,56,32,3,4,4,False,group_conv2d,4,sigmoid,YES,YES,NO,configs/conv/conv_1866.json,reports/conv/conv_1866/csynth.xml,,,NO,
conv_1867,16,28,56,32,3,4,4,True,conv2d,,tanh,YES,YES,NO,configs/conv/conv_1867.json,reports/conv/conv_1867/csynth.xml,,,NO,
conv_1868,16,28,56,32,3,4,4,True,group_conv2d,2,tanh,YES,YES,NO,configs/conv/conv_1868.json,reports/conv/conv_1868/csynth.xml,,,NO,
conv_1869,16,28,56,32,3,4,4,True,group_conv2d,4,tanh,YES,YES,NO,configs/conv/conv_1869.json,reports/conv/conv_1869/csynth.xml,,,NO,
conv_1870,16,28,56,32,3,4,4,False,conv2d,,tanh,YES,YES,NO,configs/conv/conv_1870.json,reports/conv/conv_1870/csynth.xml,,,NO,
conv_1871,16,28,56,32,3,4,4,False,group_conv2d,2,tanh,YES,YES,NO,configs/conv/conv_1871.json,reports/conv/conv_1871/csynth.xml,,,NO,
conv_1872,16,28,56,32,3,4,4,False,group_conv2d,4,tanh,YES,YES,NO,configs/conv/conv_1872.json,reports/conv/conv_1872/csynth.xml,,,NO,
conv_1873,16,28,56,32,3,4,8,True,conv2d,,relu,YES,YES,NO,configs/conv/conv_1873.json,reports/conv/conv_1873/csynth.xml,,,NO,
conv_1874,16,28,56,32,3,4,8,True,group_conv2d,2,relu,YES,YES,NO,configs/conv/conv_1874.json,reports/conv/conv_1874/csynth.xml,,,NO,
conv_1875,16,28,56,32,3,4,8,True,group_conv2d,4,relu,YES,YES,NO,configs/conv/conv_1875.json,reports/conv/conv_1875/csynth.xml,,,NO,
conv_1876,16,28,56,32,3,4,8,False,conv2d,,relu,YES,YES,YES,configs/conv/conv_1876.json,reports/conv/conv_1876/csynth.xml,reports/conv/conv_1876/export_impl.xml,reports/conv/conv_1876/power_routed.rpt,NO,
conv_1877,16,28,56,32,3,4,8,False,group_conv2d,2,relu,YES,YES,NO,configs/conv/conv_1877.json,reports/conv/conv_1877/csynth.xml,,,NO,
conv_1878,16,28,56,32,3,4,8,False,group_conv2d,4,relu,YES,YES,NO,configs/conv/conv_1878.json,reports/conv/conv_1878/csynth.xml,,,NO,
conv_1879,16,28,56,32,3,4,8,True,conv2d,,sigmoid,YES,YES,NO,configs/conv/conv_1879.json,reports/conv/conv_1879/csynth.xml,,,NO,
conv_1880,16,28,56,32,3,4,8,True,group_conv2d,2,sigmoid,YES,YES,NO,configs/conv/conv_1880.json,reports/conv/conv_1880/csynth.xml,,,NO,
conv_1881,16,28,56,32,3,4,8,True,group_conv2d,4,sigmoid,YES,YES,NO,configs/conv/conv_1881.json,reports/conv/conv_1881/csynth.xml,,,NO,
conv_1882,16,28,56,32,3,4,8,False,conv2d,,sigmoid,YES,YES,NO,configs/conv/conv_1882.json,reports/conv/conv_1882/csynth.xml,,,NO,
conv_1883,16,28,56,32,3,4,8,False,group_conv2d,2,sigmoid,YES,YES,NO,configs/conv/conv_1883.json,reports/conv/conv_1883/csynth.xml,,,NO,
conv_1884,16,28,56,32,3,4,8,False,group_conv2d,4,sigmoid,YES,YES,NO,configs/conv/conv_1884.json,reports/conv/conv_1884/csynth.xml,,,NO,
conv_1885,16,28,56,32,3,4,8,True,conv2d,,tanh,YES,YES,NO,configs/conv/conv_1885.json,reports/conv/conv_1885/csynth.xml,,,NO,
conv_1886,16,28,56,32,3,4,8,True,group_conv2d,2,tanh,YES,YES,NO,configs/conv/conv_1886.json,reports/conv/conv_1886/csynth.xml,,,NO,
conv_1887,16,28,56,32,3,4,8,True,group_conv2d,4,tanh,YES,YES,NO,configs/conv/conv_1887.json,reports/conv/conv_1887/csynth.xml,,,NO,
conv_1888,16,28,56,32,3,4,8,False,conv2d,,tanh,YES,YES,NO,configs/conv/conv_1888.json,reports/conv/conv_1888/csynth.xml,,,NO,
conv_1889,16,28,56,32,3,4,8,False,group_conv2d,2,tanh,YES,YES,NO,configs/conv/conv_1889.json,reports/conv/conv_1889/csynth.xml,,,NO,
conv_1890,16,28,56,32,3,4,8,False,group_conv2d,4,tanh,YES,YES,NO,configs/conv/conv_1890.json,reports/conv/conv_1890/csynth.xml,,,NO,
conv_1891,16,28,56,32,3,8,1,True,conv2d,,relu,YES,YES,NO,configs/conv/conv_1891.json,reports/conv/conv_1891/csynth.xml,,,NO,
conv_1892,16,28,56,32,3,8,1,True,group_conv2d,2,relu,YES,YES,NO,configs/conv/conv_1892.json,reports/conv/conv_1892/csynth.xml,,,NO,
conv_1893,16,28,56,32,3,8,1,True,group_conv2d,4,relu,YES,YES,NO,configs/conv/conv_1893.json,reports/conv/conv_1893/csynth.xml,,,NO,
conv_1894,16,28,56,32,3,8,1,False,conv2d,,relu,YES,YES,NO,configs/conv/conv_1894.json,reports/conv/conv_1894/csynth.xml,,,NO,
conv_1895,16,28,56,32,3,8,1,False,group_conv2d,2,relu,YES,YES,NO,configs/conv/conv_1895.json,reports/conv/conv_1895/csynth.xml,,,NO,
conv_1896,16,28,56,32,3,8,1,False,group_conv2d,4,relu,YES,YES,YES,configs/conv/conv_1896.json,reports/conv/conv_1896/csynth.xml,reports/conv/conv_1896/export_impl.xml,reports/conv/conv_1896/power_routed.rpt,NO,
conv_1897,16,28,56,32,3,8,1,True,conv2d,,sigmoid,YES,YES,NO,configs/conv/conv_1897.json,reports/conv/conv_1897/csynth.xml,,,NO,
conv_1898,16,28,56,32,3,8,1,True,group_conv2d,2,sigmoid,YES,YES,NO,configs/conv/conv_1898.json,reports/conv/conv_1898/csynth.xml,,,NO,
conv_1899,16,28,56,32,3,8,1,True,group_conv2d,4,sigmoid,YES,YES,NO,configs/conv/conv_1899.json,reports/conv/conv_1899/csynth.xml,,,NO,
conv_1900,16,28,56,32,3,8,1,False,conv2d,,sigmoid,YES,YES,NO,configs/conv/conv_1900.json,reports/conv/conv_1900/csynth.xml,,,NO,
conv_1901,16,28,56,32,3,8,1,False,group_conv2d,2,sigmoid,YES,YES,NO,configs/conv/conv_1901.json,reports/conv/conv_1901/csynth.xml,,,NO,
conv_1902,16,28,56,32,3,8,1,False,group_conv2d,4,sigmoid,YES,YES,NO,configs/conv/conv_1902.json,reports/conv/conv_1902/csynth.xml,,,NO,
conv_1903,16,28,56,32,3,8,1,True,conv2d,,tanh,YES,YES,NO,configs/conv/conv_1903.json,reports/conv/conv_1903/csynth.xml,,,NO,
conv_1904,16,28,56,32,3,8,1,True,group_conv2d,2,tanh,YES,YES,NO,configs/conv/conv_1904.json,reports/conv/conv_1904/csynth.xml,,,NO,
conv_1905,16,28,56,32,3,8,1,True,group_conv2d,4,tanh,YES,YES,NO,configs/conv/conv_1905.json,reports/conv/conv_1905/csynth.xml,,,NO,
conv_1906,16,28,56,32,3,8,1,False,conv2d,,tanh,YES,YES,NO,configs/conv/conv_1906.json,reports/conv/conv_1906/csynth.xml,,,NO,
conv_1907,16,28,56,32,3,8,1,False,group_conv2d,2,tanh,YES,YES,NO,configs/conv/conv_1907.json,reports/conv/conv_1907/csynth.xml,,,NO,
conv_1908,16,28,56,32,3,8,1,False,group_conv2d,4,tanh,YES,YES,NO,configs/conv/conv_1908.json,reports/conv/conv_1908/csynth.xml,,,NO,
conv_1909,16,28,56,32,3,8,4,True,conv2d,,relu,YES,YES,NO,configs/conv/conv_1909.json,reports/conv/conv_1909/csynth.xml,,,NO,
conv_1910,16,28,56,32,3,8,4,True,group_conv2d,2,relu,YES,YES,YES,configs/conv/conv_1910.json,reports/conv/conv_1910/csynth.xml,reports/conv/conv_1910/export_impl.xml,reports/conv/conv_1910/power_routed.rpt,NO,
conv_1911,16,28,56,32,3,8,4,True,group_conv2d,4,relu,YES,YES,NO,configs/conv/conv_1911.json,reports/conv/conv_1911/csynth.xml,,,NO,
conv_1912,16,28,56,32,3,8,4,False,conv2d,,relu,YES,YES,NO,configs/conv/conv_1912.json,reports/conv/conv_1912/csynth.xml,,,NO,
conv_1913,16,28,56,32,3,8,4,False,group_conv2d,2,relu,YES,YES,NO,configs/conv/conv_1913.json,reports/conv/conv_1913/csynth.xml,,,NO,
conv_1914,16,28,56,32,3,8,4,False,group_conv2d,4,relu,YES,YES,NO,configs/conv/conv_1914.json,reports/conv/conv_1914/csynth.xml,,,NO,
conv_1915,16,28,56,32,3,8,4,True,conv2d,,sigmoid,YES,YES,NO,configs/conv/conv_1915.json,reports/conv/conv_1915/csynth.xml,,,NO,
conv_1916,16,28,56,32,3,8,4,True,group_conv2d,2,sigmoid,YES,YES,NO,configs/conv/conv_1916.json,reports/conv/conv_1916/csynth.xml,,,NO,
conv_1917,16,28,56,32,3,8,4,True,group_conv2d,4,sigmoid,YES,YES,NO,configs/conv/conv_1917.json,reports/conv/conv_1917/csynth.xml,,,NO,
conv_1918,16,28,56,32,3,8,4,False,conv2d,,sigmoid,YES,YES,NO,configs/conv/conv_1918.json,reports/conv/conv_1918/csynth.xml,,,NO,
conv_1919,16,28,56,32,3,8,4,False,group_conv2d,2,sigmoid,YES,YES,NO,configs/conv/conv_1919.json,reports/conv/conv_1919/csynth.xml,,,NO,
conv_1920,16,28,56,32,3,8,4,False,group_conv2d,4,sigmoid,YES,YES,NO,configs/conv/conv_1920.json,reports/conv/conv_1920/csynth.xml,,,NO,
conv_1921,16,28,56,32,3,8,4,True,conv2d,,tanh,YES,YES,NO,configs/conv/conv_1921.json,reports/conv/conv_1921/csynth.xml,,,NO,
conv_1922,16,28,56,32,3,8,4,True,group_conv2d,2,tanh,YES,YES,NO,configs/conv/conv_1922.json,reports/conv/conv_1922/csynth.xml,,,NO,
conv_1923,16,28,56,32,3,8,4,True,group_conv2d,4,tanh,YES,YES,NO,configs/conv/conv_1923.json,reports/conv/conv_1923/csynth.xml,,,NO,
conv_1924,16,28,56,32,3,8,4,False,conv2d,,tanh,YES,YES,NO,configs/conv/conv_1924.json,reports/conv/conv_1924/csynth.xml,,,NO,
conv_1925,16,28,56,32,3,8,4,False,group_conv2d,2,tanh,YES,YES,NO,configs/conv/conv_1925.json,reports/conv/conv_1925/csynth.xml,,,NO,
conv_1926,16,28,56,32,3,8,4,False,group_conv2d,4,tanh,YES,YES,NO,configs/conv/conv_1926.json,reports/conv/conv_1926/csynth.xml,,,NO,
conv_1927,16,28,56,32,3,8,8,True,conv2d,,relu,YES,YES,NO,configs/conv/conv_1927.json,reports/conv/conv_1927/csynth.xml,,,NO,
conv_1928,16,28,56,32,3,8,8,True,group_conv2d,2,relu,YES,YES,NO,configs/conv/conv_1928.json,reports/conv/conv_1928/csynth.xml,,,NO,
conv_1929,16,28,56,32,3,8,8,True,group_conv2d,4,relu,YES,YES,NO,configs/conv/conv_1929.json,reports/conv/conv_1929/csynth.xml,,,NO,
conv_1930,16,28,56,32,3,8,8,False,conv2d,,relu,YES,YES,NO,configs/conv/conv_1930.json,reports/conv/conv_1930/csynth.xml,,,NO,
conv_1931,16,28,56,32,3,8,8,False,group_conv2d,2,relu,YES,YES,NO,configs/conv/conv_1931.json,reports/conv/conv_1931/csynth.xml,,,NO,
conv_1932,16,28,56,32,3,8,8,False,group_conv2d,4,relu,YES,YES,NO,configs/conv/conv_1932.json,reports/conv/conv_1932/csynth.xml,,,NO,
conv_1933,16,28,56,32,3,8,8,True,conv2d,,sigmoid,YES,YES,NO,configs/conv/conv_1933.json,reports/conv/conv_1933/csynth.xml,,,NO,
conv_1934,16,28,56,32,3,8,8,True,group_conv2d,2,sigmoid,YES,YES,NO,configs/conv/conv_1934.json,reports/conv/conv_1934/csynth.xml,,,NO,
conv_1935,16,28,56,32,3,8,8,True,group_conv2d,4,sigmoid,YES,YES,NO,configs/conv/conv_1935.json,reports/conv/conv_1935/csynth.xml,,,NO,
conv_1936,16,28,56,32,3,8,8,False,conv2d,,sigmoid,YES,YES,NO,configs/conv/conv_1936.json,reports/conv/conv_1936/csynth.xml,,,NO,
conv_1937,16,28,56,32,3,8,8,False,group_conv2d,2,sigmoid,YES,YES,NO,configs/conv/conv_1937.json,reports/conv/conv_1937/csynth.xml,,,NO,
conv_1938,16,28,56,32,3,8,8,False,group_conv2d,4,sigmoid,YES,YES,NO,configs/conv/conv_1938.json,reports/conv/conv_1938/csynth.xml,,,NO,
conv_1939,16,28,56,32,3,8,8,True,conv2d,,tanh,YES,YES,NO,configs/conv/conv_1939.json,reports/conv/conv_1939/csynth.xml,,,NO,
conv_1940,16,28,56,32,3,8,8,True,group_conv2d,2,tanh,YES,YES,NO,configs/conv/conv_1940.json,reports/conv/conv_1940/csynth.xml,,,NO,
conv_1941,16,28,56,32,3,8,8,True,group_conv2d,4,tanh,YES,YES,NO,configs/conv/conv_1941.json,reports/conv/conv_1941/csynth.xml,,,NO,
conv_1942,16,28,56,32,3,8,8,False,conv2d,,tanh,YES,YES,NO,configs/conv/conv_1942.json,reports/conv/conv_1942/csynth.xml,,,NO,
conv_1943,16,28,56,32,3,8,8,False,group_conv2d,2,tanh,YES,YES,NO,configs/conv/conv_1943.json,reports/conv/conv_1943/csynth.xml,,,NO,
conv_1944,16,28,56,32,3,8,8,False,group_conv2d,4,tanh,YES,YES,NO,configs/conv/conv_1944.json,reports/conv/conv_1944/csynth.xml,,,NO,
conv_1945,16,28,28,16,1,1,1,True,conv2d,,relu,YES,YES,YES,configs/conv/conv_1945.json,reports/conv/conv_1945/csynth.xml,reports/conv/conv_1945/export_impl.xml,reports/conv/conv_1945/power_routed.rpt,NO,
conv_1946,16,28,28,16,1,1,1,True,group_conv2d,2,relu,YES,YES,YES,configs/conv/conv_1946.json,reports/conv/conv_1946/csynth.xml,reports/conv/conv_1946/export_impl.xml,reports/conv/conv_1946/power_routed.rpt,NO,
conv_1947,16,28,28,16,1,1,1,True,group_conv2d,4,relu,YES,YES,YES,configs/conv/conv_1947.json,reports/conv/conv_1947/csynth.xml,reports/conv/conv_1947/export_impl.xml,reports/conv/conv_1947/power_routed.rpt,NO,
conv_1948,16,28,28,16,1,1,1,False,conv2d,,relu,YES,YES,YES,configs/conv/conv_1948.json,reports/conv/conv_1948/csynth.xml,reports/conv/conv_1948/export_impl.xml,reports/conv/conv_1948/power_routed.rpt,NO,
conv_1949,16,28,28,16,1,1,1,False,group_conv2d,2,relu,YES,YES,YES,configs/conv/conv_1949.json,reports/conv/conv_1949/csynth.xml,reports/conv/conv_1949/export_impl.xml,reports/conv/conv_1949/power_routed.rpt,NO,
conv_1950,16,28,28,16,1,1,1,False,group_conv2d,4,relu,YES,YES,YES,configs/conv/conv_1950.json,reports/conv/conv_1950/csynth.xml,reports/conv/conv_1950/export_impl.xml,reports/conv/conv_1950/power_routed.rpt,NO,
conv_1951,16,28,28,16,1,1,1,True,conv2d,,sigmoid,YES,YES,YES,configs/conv/conv_1951.json,reports/conv/conv_1951/csynth.xml,reports/conv/conv_1951/export_impl.xml,reports/conv/conv_1951/power_routed.rpt,NO,
conv_1952,16,28,28,16,1,1,1,True,group_conv2d,2,sigmoid,YES,YES,YES,configs/conv/conv_1952.json,reports/conv/conv_1952/csynth.xml,reports/conv/conv_1952/export_impl.xml,reports/conv/conv_1952/power_routed.rpt,NO,
conv_1953,16,28,28,16,1,1,1,True,group_conv2d,4,sigmoid,YES,YES,YES,configs/conv/conv_1953.json,reports/conv/conv_1953/csynth.xml,reports/conv/conv_1953/export_impl.xml,reports/conv/conv_1953/power_routed.rpt,NO,
conv_1954,16,28,28,16,1,1,1,False,conv2d,,sigmoid,YES,YES,YES,configs/conv/conv_1954.json,reports/conv/conv_1954/csynth.xml,reports/conv/conv_1954/export_impl.xml,reports/conv/conv_1954/power_routed.rpt,NO,
conv_1955,16,28,28,16,1,1,1,False,group_conv2d,2,sigmoid,YES,YES,YES,configs/conv/conv_1955.json,reports/conv/conv_1955/csynth.xml,reports/conv/conv_1955/export_impl.xml,reports/conv/conv_1955/power_routed.rpt,NO,
conv_1956,16,28,28,16,1,1,1,False,group_conv2d,4,sigmoid,YES,YES,YES,configs/conv/conv_1956.json,reports/conv/conv_1956/csynth.xml,reports/conv/conv_1956/export_impl.xml,reports/conv/conv_1956/power_routed.rpt,NO,
conv_1957,16,28,28,16,1,1,1,True,conv2d,,tanh,YES,YES,YES,configs/conv/conv_1957.json,reports/conv/conv_1957/csynth.xml,reports/conv/conv_1957/export_impl.xml,reports/conv/conv_1957/power_routed.rpt,NO,
conv_1958,16,28,28,16,1,1,1,True,group_conv2d,2,tanh,YES,YES,YES,configs/conv/conv_1958.json,reports/conv/conv_1958/csynth.xml,reports/conv/conv_1958/export_impl.xml,reports/conv/conv_1958/power_routed.rpt,NO,
conv_1959,16,28,28,16,1,1,1,True,group_conv2d,4,tanh,YES,YES,YES,configs/conv/conv_1959.json,reports/conv/conv_1959/csynth.xml,reports/conv/conv_1959/export_impl.xml,reports/conv/conv_1959/power_routed.rpt,NO,
conv_1960,16,28,28,16,1,1,1,False,conv2d,,tanh,YES,YES,YES,configs/conv/conv_1960.json,reports/conv/conv_1960/csynth.xml,reports/conv/conv_1960/export_impl.xml,reports/conv/conv_1960/power_routed.rpt,NO,
conv_1961,16,28,28,16,1,1,1,False,group_conv2d,2,tanh,YES,YES,YES,configs/conv/conv_1961.json,reports/conv/conv_1961/csynth.xml,reports/conv/conv_1961/export_impl.xml,reports/conv/conv_1961/power_routed.rpt,NO,
conv_1962,16,28,28,16,1,1,1,False,group_conv2d,4,tanh,YES,YES,YES,configs/conv/conv_1962.json,reports/conv/conv_1962/csynth.xml,reports/conv/conv_1962/export_impl.xml,reports/conv/conv_1962/power_routed.rpt,NO,
conv_1963,16,28,28,16,1,1,4,True,conv2d,,relu,YES,YES,NO,configs/conv/conv_1963.json,reports/conv/conv_1963/csynth.xml,,,NO,
conv_1964,16,28,28,16,1,1,4,True,group_conv2d,2,relu,YES,YES,NO,configs/conv/conv_1964.json,reports/conv/conv_1964/csynth.xml,,,NO,
conv_1965,16,28,28,16,1,1,4,True,group_conv2d,4,relu,YES,YES,NO,configs/conv/conv_1965.json,reports/conv/conv_1965/csynth.xml,,,NO,
conv_1966,16,28,28,16,1,1,4,False,conv2d,,relu,YES,YES,YES,configs/conv/conv_1966.json,reports/conv/conv_1966/csynth.xml,reports/conv/conv_1966/export_impl.xml,reports/conv/conv_1966/power_routed.rpt,NO,
conv_1967,16,28,28,16,1,1,4,False,group_conv2d,2,relu,YES,YES,NO,configs/conv/conv_1967.json,reports/conv/conv_1967/csynth.xml,,,NO,
conv_1968,16,28,28,16,1,1,4,False,group_conv2d,4,relu,YES,YES,NO,configs/conv/conv_1968.json,reports/conv/conv_1968/csynth.xml,,,NO,
conv_1969,16,28,28,16,1,1,4,True,conv2d,,sigmoid,YES,YES,NO,configs/conv/conv_1969.json,reports/conv/conv_1969/csynth.xml,,,NO,
conv_1970,16,28,28,16,1,1,4,True,group_conv2d,2,sigmoid,YES,YES,NO,configs/conv/conv_1970.json,reports/conv/conv_1970/csynth.xml,,,NO,
conv_1971,16,28,28,16,1,1,4,True,group_conv2d,4,sigmoid,YES,YES,NO,configs/conv/conv_1971.json,reports/conv/conv_1971/csynth.xml,,,NO,
conv_1972,16,28,28,16,1,1,4,False,conv2d,,sigmoid,YES,YES,NO,configs/conv/conv_1972.json,reports/conv/conv_1972/csynth.xml,,,NO,
conv_1973,16,28,28,16,1,1,4,False,group_conv2d,2,sigmoid,YES,YES,NO,configs/conv/conv_1973.json,reports/conv/conv_1973/csynth.xml,,,NO,
conv_1974,16,28,28,16,1,1,4,False,group_conv2d,4,sigmoid,YES,YES,NO,configs/conv/conv_1974.json,reports/conv/conv_1974/csynth.xml,,,NO,
conv_1975,16,28,28,16,1,1,4,True,conv2d,,tanh,YES,YES,NO,configs/conv/conv_1975.json,reports/conv/conv_1975/csynth.xml,,,NO,
conv_1976,16,28,28,16,1,1,4,True,group_conv2d,2,tanh,YES,YES,NO,configs/conv/conv_1976.json,reports/conv/conv_1976/csynth.xml,,,NO,
conv_1977,16,28,28,16,1,1,4,True,group_conv2d,4,tanh,YES,YES,YES,configs/conv/conv_1977.json,reports/conv/conv_1977/csynth.xml,reports/conv/conv_1977/export_impl.xml,reports/conv/conv_1977/power_routed.rpt,NO,
conv_1978,16,28,28,16,1,1,4,False,conv2d,,tanh,YES,YES,NO,configs/conv/conv_1978.json,reports/conv/conv_1978/csynth.xml,,,NO,
conv_1979,16,28,28,16,1,1,4,False,group_conv2d,2,tanh,YES,YES,NO,configs/conv/conv_1979.json,reports/conv/conv_1979/csynth.xml,,,NO,
conv_1980,16,28,28,16,1,1,4,False,group_conv2d,4,tanh,YES,YES,YES,configs/conv/conv_1980.json,reports/conv/conv_1980/csynth.xml,reports/conv/conv_1980/export_impl.xml,reports/conv/conv_1980/power_routed.rpt,NO,
conv_1981,16,28,28,16,1,1,8,True,conv2d,,relu,YES,YES,NO,configs/conv/conv_1981.json,reports/conv/conv_1981/csynth.xml,,,NO,
conv_1982,16,28,28,16,1,1,8,True,group_conv2d,2,relu,YES,YES,NO,configs/conv/conv_1982.json,reports/conv/conv_1982/csynth.xml,,,NO,
conv_1983,16,28,28,16,1,1,8,True,group_conv2d,4,relu,YES,YES,NO,configs/conv/conv_1983.json,reports/conv/conv_1983/csynth.xml,,,NO,
conv_1984,16,28,28,16,1,1,8,False,conv2d,,relu,YES,YES,YES,configs/conv/conv_1984.json,reports/conv/conv_1984/csynth.xml,reports/conv/conv_1984/export_impl.xml,reports/conv/conv_1984/power_routed.rpt,NO,
conv_1985,16,28,28,16,1,1,8,False,group_conv2d,2,relu,YES,YES,NO,configs/conv/conv_1985.json,reports/conv/conv_1985/csynth.xml,,,NO,
conv_1986,16,28,28,16,1,1,8,False,group_conv2d,4,relu,YES,YES,NO,configs/conv/conv_1986.json,reports/conv/conv_1986/csynth.xml,,,NO,
conv_1987,16,28,28,16,1,1,8,True,conv2d,,sigmoid,YES,YES,NO,configs/conv/conv_1987.json,reports/conv/conv_1987/csynth.xml,,,NO,
conv_1988,16,28,28,16,1,1,8,True,group_conv2d,2,sigmoid,YES,YES,NO,configs/conv/conv_1988.json,reports/conv/conv_1988/csynth.xml,,,NO,
conv_1989,16,28,28,16,1,1,8,True,group_conv2d,4,sigmoid,YES,YES,NO,configs/conv/conv_1989.json,reports/conv/conv_1989/csynth.xml,,,NO,
conv_1990,16,28,28,16,1,1,8,False,conv2d,,sigmoid,YES,YES,NO,configs/conv/conv_1990.json,reports/conv/conv_1990/csynth.xml,,,NO,
conv_1991,16,28,28,16,1,1,8,False,group_conv2d,2,sigmoid,YES,YES,NO,configs/conv/conv_1991.json,reports/conv/conv_1991/csynth.xml,,,NO,
conv_1992,16,28,28,16,1,1,8,False,group_conv2d,4,sigmoid,YES,YES,NO,configs/conv/conv_1992.json,reports/conv/conv_1992/csynth.xml,,,NO,
conv_1993,16,28,28,16,1,1,8,True,conv2d,,tanh,YES,YES,NO,configs/conv/conv_1993.json,reports/conv/conv_1993/csynth.xml,,,NO,
conv_1994,16,28,28,16,1,1,8,True,group_conv2d,2,tanh,YES,YES,NO,configs/conv/conv_1994.json,reports/conv/conv_1994/csynth.xml,,,NO,
conv_1995,16,28,28,16,1,1,8,True,group_conv2d,4,tanh,YES,YES,NO,configs/conv/conv_1995.json,reports/conv/conv_1995/csynth.xml,,,NO,
conv_1996,16,28,28,16,1,1,8,False,conv2d,,tanh,YES,YES,NO,configs/conv/conv_1996.json,reports/conv/conv_1996/csynth.xml,,,NO,
conv_1997,16,28,28,16,1,1,8,False,group_conv2d,2,tanh,YES,YES,NO,configs/conv/conv_1997.json,reports/conv/conv_1997/csynth.xml,,,NO,
conv_1998,16,28,28,16,1,1,8,False,group_conv2d,4,tanh,YES,YES,NO,configs/conv/conv_1998.json,reports/conv/conv_1998/csynth.xml,,,NO,
conv_1999,16,28,28,16,1,4,1,True,conv2d,,relu,YES,YES,NO,configs/conv/conv_1999.json,reports/conv/conv_1999/csynth.xml,,,NO,
conv_2000,16,28,28,16,1,4,1,True,group_conv2d,2,relu,YES,YES,NO,configs/conv/conv_2000.json,reports/conv/conv_2000/csynth.xml,,,NO,
conv_2001,16,28,28,16,1,4,1,True,group_conv2d,4,relu,YES,YES,NO,configs/conv/conv_2001.json,reports/conv/conv_2001/csynth.xml,,,NO,
conv_2002,16,28,28,16,1,4,1,False,conv2d,,relu,YES,YES,NO,configs/conv/conv_2002.json,reports/conv/conv_2002/csynth.xml,,,NO,
conv_2003,16,28,28,16,1,4,1,False,group_conv2d,2,relu,YES,YES,NO,configs/conv/conv_2003.json,reports/conv/conv_2003/csynth.xml,,,NO,
conv_2004,16,28,28,16,1,4,1,False,group_conv2d,4,relu,YES,YES,NO,configs/conv/conv_2004.json,reports/conv/conv_2004/csynth.xml,,,NO,
conv_2005,16,28,28,16,1,4,1,True,conv2d,,sigmoid,YES,YES,NO,configs/conv/conv_2005.json,reports/conv/conv_2005/csynth.xml,,,NO,
conv_2006,16,28,28,16,1,4,1,True,group_conv2d,2,sigmoid,YES,YES,NO,configs/conv/conv_2006.json,reports/conv/conv_2006/csynth.xml,,,NO,
conv_2007,16,28,28,16,1,4,1,True,group_conv2d,4,sigmoid,YES,YES,YES,configs/conv/conv_2007.json,reports/conv/conv_2007/csynth.xml,reports/conv/conv_2007/export_impl.xml,reports/conv/conv_2007/power_routed.rpt,NO,
conv_2008,16,28,28,16,1,4,1,False,conv2d,,sigmoid,YES,YES,NO,configs/conv/conv_2008.json,reports/conv/conv_2008/csynth.xml,,,NO,
conv_2009,16,28,28,16,1,4,1,False,group_conv2d,2,sigmoid,YES,YES,NO,configs/conv/conv_2009.json,reports/conv/conv_2009/csynth.xml,,,NO,
conv_2010,16,28,28,16,1,4,1,False,group_conv2d,4,sigmoid,YES,YES,YES,configs/conv/conv_2010.json,reports/conv/conv_2010/csynth.xml,reports/conv/conv_2010/export_impl.xml,reports/conv/conv_2010/power_routed.rpt,NO,
conv_2011,16,28,28,16,1,4,1,True,conv2d,,tanh,YES,YES,NO,configs/conv/conv_2011.json,reports/conv/conv_2011/csynth.xml,,,NO,
conv_2012,16,28,28,16,1,4,1,True,group_conv2d,2,tanh,YES,YES,NO,configs/conv/conv_2012.json,reports/conv/conv_2012/csynth.xml,,,NO,
conv_2013,16,28,28,16,1,4,1,True,group_conv2d,4,tanh,YES,YES,NO,configs/conv/conv_2013.json,reports/conv/conv_2013/csynth.xml,,,NO,
conv_2014,16,28,28,16,1,4,1,False,conv2d,,tanh,YES,YES,NO,configs/conv/conv_2014.json,reports/conv/conv_2014/csynth.xml,,,NO,
conv_2015,16,28,28,16,1,4,1,False,group_conv2d,2,tanh,YES,YES,NO,configs/conv/conv_2015.json,reports/conv/conv_2015/csynth.xml,,,NO,
conv_2016,16,28,28,16,1,4,1,False,group_conv2d,4,tanh,YES,YES,NO,configs/conv/conv_2016.json,reports/conv/conv_2016/csynth.xml,,,NO,
conv_2017,16,28,28,16,1,4,4,True,conv2d,,relu,YES,YES,NO,configs/conv/conv_2017.json,reports/conv/conv_2017/csynth.xml,,,NO,
conv_2018,16,28,28,16,1,4,4,True,group_conv2d,2,relu,YES,YES,NO,configs/conv/conv_2018.json,reports/conv/conv_2018/csynth.xml,,,NO,
conv_2019,16,28,28,16,1,4,4,True,group_conv2d,4,relu,YES,YES,YES,configs/conv/conv_2019.json,reports/conv/conv_2019/csynth.xml,reports/conv/conv_2019/export_impl.xml,reports/conv/conv_2019/power_routed.rpt,NO,
conv_2020,16,28,28,16,1,4,4,False,conv2d,,relu,YES,YES,NO,configs/conv/conv_2020.json,reports/conv/conv_2020/csynth.xml,,,NO,
conv_2021,16,28,28,16,1,4,4,False,group_conv2d,2,relu,YES,YES,NO,configs/conv/conv_2021.json,reports/conv/conv_2021/csynth.xml,,,NO,
conv_2022,16,28,28,16,1,4,4,False,group_conv2d,4,relu,YES,YES,NO,configs/conv/conv_2022.json,reports/conv/conv_2022/csynth.xml,,,NO,
conv_2023,16,28,28,16,1,4,4,True,conv2d,,sigmoid,YES,YES,NO,configs/conv/conv_2023.json,reports/conv/conv_2023/csynth.xml,,,NO,
conv_2024,16,28,28,16,1,4,4,True,group_conv2d,2,sigmoid,YES,YES,NO,configs/conv/conv_2024.json,reports/conv/conv_2024/csynth.xml,,,NO,
conv_2025,16,28,28,16,1,4,4,True,group_conv2d,4,sigmoid,YES,YES,NO,configs/conv/conv_2025.json,reports/conv/conv_2025/csynth.xml,,,NO,
conv_2026,16,28,28,16,1,4,4,False,conv2d,,sigmoid,YES,YES,NO,configs/conv/conv_2026.json,reports/conv/conv_2026/csynth.xml,,,NO,
conv_2027,16,28,28,16,1,4,4,False,group_conv2d,2,sigmoid,YES,YES,NO,configs/conv/conv_2027.json,reports/conv/conv_2027/csynth.xml,,,NO,
conv_2028,16,28,28,16,1,4,4,False,group_conv2d,4,sigmoid,YES,YES,YES,configs/conv/conv_2028.json,reports/conv/conv_2028/csynth.xml,reports/conv/conv_2028/export_impl.xml,reports/conv/conv_2028/power_routed.rpt,NO,
conv_2029,16,28,28,16,1,4,4,True,conv2d,,tanh,YES,YES,NO,configs/conv/conv_2029.json,reports/conv/conv_2029/csynth.xml,,,NO,
conv_2030,16,28,28,16,1,4,4,True,group_conv2d,2,tanh,YES,YES,NO,configs/conv/conv_2030.json,reports/conv/conv_2030/csynth.xml,,,NO,
conv_2031,16,28,28,16,1,4,4,True,group_conv2d,4,tanh,YES,YES,NO,configs/conv/conv_2031.json,reports/conv/conv_2031/csynth.xml,,,NO,
conv_2032,16,28,28,16,1,4,4,False,conv2d,,tanh,YES,YES,NO,configs/conv/conv_2032.json,reports/conv/conv_2032/csynth.xml,,,NO,
conv_2033,16,28,28,16,1,4,4,False,group_conv2d,2,tanh,YES,YES,NO,configs/conv/conv_2033.json,reports/conv/conv_2033/csynth.xml,,,NO,
conv_2034,16,28,28,16,1,4,4,False,group_conv2d,4,tanh,YES,YES,NO,configs/conv/conv_2034.json,reports/conv/conv_2034/csynth.xml,,,NO,
conv_2035,16,28,28,16,1,4,8,True,conv2d,,relu,YES,YES,NO,configs/conv/conv_2035.json,reports/conv/conv_2035/csynth.xml,,,NO,
conv_2036,16,28,28,16,1,4,8,True,group_conv2d,2,relu,YES,YES,NO,configs/conv/conv_2036.json,reports/conv/conv_2036/csynth.xml,,,NO,
conv_2037,16,28,28,16,1,4,8,True,group_conv2d,4,relu,YES,YES,NO,configs/conv/conv_2037.json,reports/conv/conv_2037/csynth.xml,,,NO,
conv_2038,16,28,28,16,1,4,8,False,conv2d,,relu,YES,YES,NO,configs/conv/conv_2038.json,reports/conv/conv_2038/csynth.xml,,,NO,
conv_2039,16,28,28,16,1,4,8,False,group_conv2d,2,relu,YES,YES,NO,configs/conv/conv_2039.json,reports/conv/conv_2039/csynth.xml,,,NO,
conv_2040,16,28,28,16,1,4,8,False,group_conv2d,4,relu,YES,YES,YES,configs/conv/conv_2040.json,reports/conv/conv_2040/csynth.xml,reports/conv/conv_2040/export_impl.xml,reports/conv/conv_2040/power_routed.rpt,NO,
conv_2041,16,28,28,16,1,4,8,True,conv2d,,sigmoid,YES,YES,NO,configs/conv/conv_2041.json,reports/conv/conv_2041/csynth.xml,,,NO,
conv_2042,16,28,28,16,1,4,8,True,group_conv2d,2,sigmoid,YES,YES,NO,configs/conv/conv_2042.json,reports/conv/conv_2042/csynth.xml,,,NO,
conv_2043,16,28,28,16,1,4,8,True,group_conv2d,4,sigmoid,YES,YES,NO,configs/conv/conv_2043.json,reports/conv/conv_2043/csynth.xml,,,NO,
conv_2044,16,28,28,16,1,4,8,False,conv2d,,sigmoid,YES,YES,NO,configs/conv/conv_2044.json,reports/conv/conv_2044/csynth.xml,,,NO,
conv_2045,16,28,28,16,1,4,8,False,group_conv2d,2,sigmoid,YES,YES,NO,configs/conv/conv_2045.json,reports/conv/conv_2045/csynth.xml,,,NO,
conv_2046,16,28,28,16,1,4,8,False,group_conv2d,4,sigmoid,YES,YES,NO,configs/conv/conv_2046.json,reports/conv/conv_2046/csynth.xml,,,NO,
conv_2047,16,28,28,16,1,4,8,True,conv2d,,tanh,YES,YES,NO,configs/conv/conv_2047.json,reports/conv/conv_2047/csynth.xml,,,NO,
conv_2048,16,28,28,16,1,4,8,True,group_conv2d,2,tanh,YES,YES,NO,configs/conv/conv_2048.json,reports/conv/conv_2048/csynth.xml,,,NO,
conv_2049,16,28,28,16,1,4,8,True,group_conv2d,4,tanh,YES,YES,NO,configs/conv/conv_2049.json,reports/conv/conv_2049/csynth.xml,,,NO,
conv_2050,16,28,28,16,1,4,8,False,conv2d,,tanh,YES,YES,NO,configs/conv/conv_2050.json,reports/conv/conv_2050/csynth.xml,,,NO,
conv_2051,16,28,28,16,1,4,8,False,group_conv2d,2,tanh,YES,YES,NO,configs/conv/conv_2051.json,reports/conv/conv_2051/csynth.xml,,,NO,
conv_2052,16,28,28,16,1,4,8,False,group_conv2d,4,tanh,YES,YES,NO,configs/conv/conv_2052.json,reports/conv/conv_2052/csynth.xml,,,NO,
conv_2053,16,28,28,16,1,8,1,True,conv2d,,relu,YES,YES,NO,configs/conv/conv_2053.json,reports/conv/conv_2053/csynth.xml,,,NO,
conv_2054,16,28,28,16,1,8,1,True,group_conv2d,2,relu,YES,YES,YES,configs/conv/conv_2054.json,reports/conv/conv_2054/csynth.xml,reports/conv/conv_2054/export_impl.xml,reports/conv/conv_2054/power_routed.rpt,NO,
conv_2055,16,28,28,16,1,8,1,True,group_conv2d,4,relu,YES,YES,NO,configs/conv/conv_2055.json,reports/conv/conv_2055/csynth.xml,,,NO,
conv_2056,16,28,28,16,1,8,1,False,conv2d,,relu,YES,YES,NO,configs/conv/conv_2056.json,reports/conv/conv_2056/csynth.xml,,,NO,
conv_2057,16,28,28,16,1,8,1,False,group_conv2d,2,relu,YES,YES,NO,configs/conv/conv_2057.json,reports/conv/conv_2057/csynth.xml,,,NO,
conv_2058,16,28,28,16,1,8,1,False,group_conv2d,4,relu,YES,YES,NO,configs/conv/conv_2058.json,reports/conv/conv_2058/csynth.xml,,,NO,
conv_2059,16,28,28,16,1,8,1,True,conv2d,,sigmoid,YES,YES,NO,configs/conv/conv_2059.json,reports/conv/conv_2059/csynth.xml,,,NO,
conv_2060,16,28,28,16,1,8,1,True,group_conv2d,2,sigmoid,YES,YES,NO,configs/conv/conv_2060.json,reports/conv/conv_2060/csynth.xml,,,NO,
conv_2061,16,28,28,16,1,8,1,True,group_conv2d,4,sigmoid,YES,YES,NO,configs/conv/conv_2061.json,reports/conv/conv_2061/csynth.xml,,,NO,
conv_2062,16,28,28,16,1,8,1,False,conv2d,,sigmoid,YES,YES,NO,configs/conv/conv_2062.json,reports/conv/conv_2062/csynth.xml,,,NO,
conv_2063,16,28,28,16,1,8,1,False,group_conv2d,2,sigmoid,YES,YES,NO,configs/conv/conv_2063.json,reports/conv/conv_2063/csynth.xml,,,NO,
conv_2064,16,28,28,16,1,8,1,False,group_conv2d,4,sigmoid,YES,YES,NO,configs/conv/conv_2064.json,reports/conv/conv_2064/csynth.xml,,,NO,
conv_2065,16,28,28,16,1,8,1,True,conv2d,,tanh,YES,YES,NO,configs/conv/conv_2065.json,reports/conv/conv_2065/csynth.xml,,,NO,
conv_2066,16,28,28,16,1,8,1,True,group_conv2d,2,tanh,YES,YES,NO,configs/conv/conv_2066.json,reports/conv/conv_2066/csynth.xml,,,NO,
conv_2067,16,28,28,16,1,8,1,True,group_conv2d,4,tanh,YES,YES,NO,configs/conv/conv_2067.json,reports/conv/conv_2067/csynth.xml,,,NO,
conv_2068,16,28,28,16,1,8,1,False,conv2d,,tanh,YES,YES,NO,configs/conv/conv_2068.json,reports/conv/conv_2068/csynth.xml,,,NO,
conv_2069,16,28,28,16,1,8,1,False,group_conv2d,2,tanh,YES,YES,NO,configs/conv/conv_2069.json,reports/conv/conv_2069/csynth.xml,,,NO,
conv_2070,16,28,28,16,1,8,1,False,group_conv2d,4,tanh,YES,YES,NO,configs/conv/conv_2070.json,reports/conv/conv_2070/csynth.xml,,,NO,
conv_2071,16,28,28,16,1,8,4,True,conv2d,,relu,YES,YES,NO,configs/conv/conv_2071.json,reports/conv/conv_2071/csynth.xml,,,NO,
conv_2072,16,28,28,16,1,8,4,True,group_conv2d,2,relu,YES,YES,NO,configs/conv/conv_2072.json,reports/conv/conv_2072/csynth.xml,,,NO,
conv_2073,16,28,28,16,1,8,4,True,group_conv2d,4,relu,YES,YES,NO,configs/conv/conv_2073.json,reports/conv/conv_2073/csynth.xml,,,NO,
conv_2074,16,28,28,16,1,8,4,False,conv2d,,relu,YES,YES,NO,configs/conv/conv_2074.json,reports/conv/conv_2074/csynth.xml,,,NO,
conv_2075,16,28,28,16,1,8,4,False,group_conv2d,2,relu,YES,YES,NO,configs/conv/conv_2075.json,reports/conv/conv_2075/csynth.xml,,,NO,
conv_2076,16,28,28,16,1,8,4,False,group_conv2d,4,relu,YES,YES,NO,configs/conv/conv_2076.json,reports/conv/conv_2076/csynth.xml,,,NO,
conv_2077,16,28,28,16,1,8,4,True,conv2d,,sigmoid,YES,YES,NO,configs/conv/conv_2077.json,reports/conv/conv_2077/csynth.xml,,,NO,
conv_2078,16,28,28,16,1,8,4,True,group_conv2d,2,sigmoid,YES,YES,NO,configs/conv/conv_2078.json,reports/conv/conv_2078/csynth.xml,,,NO,
conv_2079,16,28,28,16,1,8,4,True,group_conv2d,4,sigmoid,YES,YES,NO,configs/conv/conv_2079.json,reports/conv/conv_2079/csynth.xml,,,NO,
conv_2080,16,28,28,16,1,8,4,False,conv2d,,sigmoid,YES,YES,NO,configs/conv/conv_2080.json,reports/conv/conv_2080/csynth.xml,,,NO,
conv_2081,16,28,28,16,1,8,4,False,group_conv2d,2,sigmoid,YES,YES,NO,configs/conv/conv_2081.json,reports/conv/conv_2081/csynth.xml,,,NO,
conv_2082,16,28,28,16,1,8,4,False,group_conv2d,4,sigmoid,YES,YES,NO,configs/conv/conv_2082.json,reports/conv/conv_2082/csynth.xml,,,NO,
conv_2083,16,28,28,16,1,8,4,True,conv2d,,tanh,YES,YES,NO,configs/conv/conv_2083.json,reports/conv/conv_2083/csynth.xml,,,NO,
conv_2084,16,28,28,16,1,8,4,True,group_conv2d,2,tanh,YES,YES,NO,configs/conv/conv_2084.json,reports/conv/conv_2084/csynth.xml,,,NO,
conv_2085,16,28,28,16,1,8,4,True,group_conv2d,4,tanh,YES,YES,NO,configs/conv/conv_2085.json,reports/conv/conv_2085/csynth.xml,,,NO,
conv_2086,16,28,28,16,1,8,4,False,conv2d,,tanh,YES,YES,NO,configs/conv/conv_2086.json,reports/conv/conv_2086/csynth.xml,,,NO,
conv_2087,16,28,28,16,1,8,4,False,group_conv2d,2,tanh,YES,YES,NO,configs/conv/conv_2087.json,reports/conv/conv_2087/csynth.xml,,,NO,
conv_2088,16,28,28,16,1,8,4,False,group_conv2d,4,tanh,YES,YES,NO,configs/conv/conv_2088.json,reports/conv/conv_2088/csynth.xml,,,NO,
conv_2089,16,28,28,16,1,8,8,True,conv2d,,relu,YES,YES,NO,configs/conv/conv_2089.json,reports/conv/conv_2089/csynth.xml,,,NO,
conv_2090,16,28,28,16,1,8,8,True,group_conv2d,2,relu,YES,YES,NO,configs/conv/conv_2090.json,reports/conv/conv_2090/csynth.xml,,,NO,
conv_2091,16,28,28,16,1,8,8,True,group_conv2d,4,relu,YES,YES,NO,configs/conv/conv_2091.json,reports/conv/conv_2091/csynth.xml,,,NO,
conv_2092,16,28,28,16,1,8,8,False,conv2d,,relu,YES,YES,YES,configs/conv/conv_2092.json,reports/conv/conv_2092/csynth.xml,reports/conv/conv_2092/export_impl.xml,reports/conv/conv_2092/power_routed.rpt,NO,
conv_2093,16,28,28,16,1,8,8,False,group_conv2d,2,relu,YES,YES,NO,configs/conv/conv_2093.json,reports/conv/conv_2093/csynth.xml,,,NO,
conv_2094,16,28,28,16,1,8,8,False,group_conv2d,4,relu,YES,YES,NO,configs/conv/conv_2094.json,reports/conv/conv_2094/csynth.xml,,,NO,
conv_2095,16,28,28,16,1,8,8,True,conv2d,,sigmoid,YES,YES,NO,configs/conv/conv_2095.json,reports/conv/conv_2095/csynth.xml,,,NO,
conv_2096,16,28,28,16,1,8,8,True,group_conv2d,2,sigmoid,YES,YES,NO,configs/conv/conv_2096.json,reports/conv/conv_2096/csynth.xml,,,NO,
conv_2097,16,28,28,16,1,8,8,True,group_conv2d,4,sigmoid,YES,YES,NO,configs/conv/conv_2097.json,reports/conv/conv_2097/csynth.xml,,,NO,
conv_2098,16,28,28,16,1,8,8,False,conv2d,,sigmoid,YES,YES,NO,configs/conv/conv_2098.json,reports/conv/conv_2098/csynth.xml,,,NO,
conv_2099,16,28,28,16,1,8,8,False,group_conv2d,2,sigmoid,YES,YES,NO,configs/conv/conv_2099.json,reports/conv/conv_2099/csynth.xml,,,NO,
conv_2100,16,28,28,16,1,8,8,False,group_conv2d,4,sigmoid,YES,YES,NO,configs/conv/conv_2100.json,reports/conv/conv_2100/csynth.xml,,,NO,
conv_2101,16,28,28,16,1,8,8,True,conv2d,,tanh,YES,YES,NO,configs/conv/conv_2101.json,reports/conv/conv_2101/csynth.xml,,,NO,
conv_2102,16,28,28,16,1,8,8,True,group_conv2d,2,tanh,YES,YES,NO,configs/conv/conv_2102.json,reports/conv/conv_2102/csynth.xml,,,NO,
conv_2103,16,28,28,16,1,8,8,True,group_conv2d,4,tanh,YES,YES,NO,configs/conv/conv_2103.json,reports/conv/conv_2103/csynth.xml,,,NO,
conv_2104,16,28,28,16,1,8,8,False,conv2d,,tanh,YES,YES,NO,configs/conv/conv_2104.json,reports/conv/conv_2104/csynth.xml,,,NO,
conv_2105,16,28,28,16,1,8,8,False,group_conv2d,2,tanh,YES,YES,NO,configs/conv/conv_2105.json,reports/conv/conv_2105/csynth.xml,,,NO,
conv_2106,16,28,28,16,1,8,8,False,group_conv2d,4,tanh,YES,YES,NO,configs/conv/conv_2106.json,reports/conv/conv_2106/csynth.xml,,,NO,
conv_2107,16,28,28,16,3,1,1,True,conv2d,,relu,YES,YES,YES,configs/conv/conv_2107.json,reports/conv/conv_2107/csynth.xml,reports/conv/conv_2107/export_impl.xml,reports/conv/conv_2107/power_routed.rpt,NO,
conv_2108,16,28,28,16,3,1,1,True,group_conv2d,2,relu,YES,YES,YES,configs/conv/conv_2108.json,reports/conv/conv_2108/csynth.xml,reports/conv/conv_2108/export_impl.xml,reports/conv/conv_2108/power_routed.rpt,NO,
conv_2109,16,28,28,16,3,1,1,True,group_conv2d,4,relu,YES,YES,YES,configs/conv/conv_2109.json,reports/conv/conv_2109/csynth.xml,reports/conv/conv_2109/export_impl.xml,reports/conv/conv_2109/power_routed.rpt,NO,
conv_2110,16,28,28,16,3,1,1,False,conv2d,,relu,YES,YES,YES,configs/conv/conv_2110.json,reports/conv/conv_2110/csynth.xml,reports/conv/conv_2110/export_impl.xml,reports/conv/conv_2110/power_routed.rpt,NO,
conv_2111,16,28,28,16,3,1,1,False,group_conv2d,2,relu,YES,YES,YES,configs/conv/conv_2111.json,reports/conv/conv_2111/csynth.xml,reports/conv/conv_2111/export_impl.xml,reports/conv/conv_2111/power_routed.rpt,NO,
conv_2112,16,28,28,16,3,1,1,False,group_conv2d,4,relu,YES,YES,YES,configs/conv/conv_2112.json,reports/conv/conv_2112/csynth.xml,reports/conv/conv_2112/export_impl.xml,reports/conv/conv_2112/power_routed.rpt,NO,
conv_2113,16,28,28,16,3,1,1,True,conv2d,,sigmoid,YES,YES,YES,configs/conv/conv_2113.json,reports/conv/conv_2113/csynth.xml,reports/conv/conv_2113/export_impl.xml,reports/conv/conv_2113/power_routed.rpt,NO,
conv_2114,16,28,28,16,3,1,1,True,group_conv2d,2,sigmoid,YES,YES,YES,configs/conv/conv_2114.json,reports/conv/conv_2114/csynth.xml,reports/conv/conv_2114/export_impl.xml,reports/conv/conv_2114/power_routed.rpt,NO,
conv_2115,16,28,28,16,3,1,1,True,group_conv2d,4,sigmoid,YES,YES,YES,configs/conv/conv_2115.json,reports/conv/conv_2115/csynth.xml,reports/conv/conv_2115/export_impl.xml,reports/conv/conv_2115/power_routed.rpt,NO,
conv_2116,16,28,28,16,3,1,1,False,conv2d,,sigmoid,YES,YES,YES,configs/conv/conv_2116.json,reports/conv/conv_2116/csynth.xml,reports/conv/conv_2116/export_impl.xml,reports/conv/conv_2116/power_routed.rpt,NO,
conv_2117,16,28,28,16,3,1,1,False,group_conv2d,2,sigmoid,YES,YES,YES,configs/conv/conv_2117.json,reports/conv/conv_2117/csynth.xml,reports/conv/conv_2117/export_impl.xml,reports/conv/conv_2117/power_routed.rpt,NO,
conv_2118,16,28,28,16,3,1,1,False,group_conv2d,4,sigmoid,YES,YES,YES,configs/conv/conv_2118.json,reports/conv/conv_2118/csynth.xml,reports/conv/conv_2118/export_impl.xml,reports/conv/conv_2118/power_routed.rpt,NO,
conv_2119,16,28,28,16,3,1,1,True,conv2d,,tanh,YES,YES,YES,configs/conv/conv_2119.json,reports/conv/conv_2119/csynth.xml,reports/conv/conv_2119/export_impl.xml,reports/conv/conv_2119/power_routed.rpt,NO,
conv_2120,16,28,28,16,3,1,1,True,group_conv2d,2,tanh,YES,YES,YES,configs/conv/conv_2120.json,reports/conv/conv_2120/csynth.xml,reports/conv/conv_2120/export_impl.xml,reports/conv/conv_2120/power_routed.rpt,NO,
conv_2121,16,28,28,16,3,1,1,True,group_conv2d,4,tanh,YES,YES,YES,configs/conv/conv_2121.json,reports/conv/conv_2121/csynth.xml,reports/conv/conv_2121/export_impl.xml,reports/conv/conv_2121/power_routed.rpt,NO,
conv_2122,16,28,28,16,3,1,1,False,conv2d,,tanh,YES,YES,YES,configs/conv/conv_2122.json,reports/conv/conv_2122/csynth.xml,reports/conv/conv_2122/export_impl.xml,reports/conv/conv_2122/power_routed.rpt,NO,
conv_2123,16,28,28,16,3,1,1,False,group_conv2d,2,tanh,YES,YES,YES,configs/conv/conv_2123.json,reports/conv/conv_2123/csynth.xml,reports/conv/conv_2123/export_impl.xml,reports/conv/conv_2123/power_routed.rpt,NO,
conv_2124,16,28,28,16,3,1,1,False,group_conv2d,4,tanh,YES,YES,YES,configs/conv/conv_2124.json,reports/conv/conv_2124/csynth.xml,reports/conv/conv_2124/export_impl.xml,reports/conv/conv_2124/power_routed.rpt,NO,
conv_2125,16,28,28,16,3,1,4,True,conv2d,,relu,YES,YES,NO,configs/conv/conv_2125.json,reports/conv/conv_2125/csynth.xml,,,NO,
conv_2126,16,28,28,16,3,1,4,True,group_conv2d,2,relu,YES,YES,NO,configs/conv/conv_2126.json,reports/conv/conv_2126/csynth.xml,,,NO,
conv_2127,16,28,28,16,3,1,4,True,group_conv2d,4,relu,YES,YES,YES,configs/conv/conv_2127.json,reports/conv/conv_2127/csynth.xml,reports/conv/conv_2127/export_impl.xml,reports/conv/conv_2127/power_routed.rpt,NO,
conv_2128,16,28,28,16,3,1,4,False,conv2d,,relu,YES,YES,NO,configs/conv/conv_2128.json,reports/conv/conv_2128/csynth.xml,,,NO,
conv_2129,16,28,28,16,3,1,4,False,group_conv2d,2,relu,YES,YES,NO,configs/conv/conv_2129.json,reports/conv/conv_2129/csynth.xml,,,NO,
conv_2130,16,28,28,16,3,1,4,False,group_conv2d,4,relu,YES,YES,YES,configs/conv/conv_2130.json,reports/conv/conv_2130/csynth.xml,reports/conv/conv_2130/export_impl.xml,reports/conv/conv_2130/power_routed.rpt,NO,
conv_2131,16,28,28,16,3,1,4,True,conv2d,,sigmoid,YES,YES,NO,configs/conv/conv_2131.json,reports/conv/conv_2131/csynth.xml,,,NO,
conv_2132,16,28,28,16,3,1,4,True,group_conv2d,2,sigmoid,YES,YES,NO,configs/conv/conv_2132.json,reports/conv/conv_2132/csynth.xml,,,NO,
conv_2133,16,28,28,16,3,1,4,True,group_conv2d,4,sigmoid,YES,YES,NO,configs/conv/conv_2133.json,reports/conv/conv_2133/csynth.xml,,,NO,
conv_2134,16,28,28,16,3,1,4,False,conv2d,,sigmoid,YES,YES,NO,configs/conv/conv_2134.json,reports/conv/conv_2134/csynth.xml,,,NO,
conv_2135,16,28,28,16,3,1,4,False,group_conv2d,2,sigmoid,YES,YES,NO,configs/conv/conv_2135.json,reports/conv/conv_2135/csynth.xml,,,NO,
conv_2136,16,28,28,16,3,1,4,False,group_conv2d,4,sigmoid,YES,YES,NO,configs/conv/conv_2136.json,reports/conv/conv_2136/csynth.xml,,,NO,
conv_2137,16,28,28,16,3,1,4,True,conv2d,,tanh,YES,YES,NO,configs/conv/conv_2137.json,reports/conv/conv_2137/csynth.xml,,,NO,
conv_2138,16,28,28,16,3,1,4,True,group_conv2d,2,tanh,YES,YES,NO,configs/conv/conv_2138.json,reports/conv/conv_2138/csynth.xml,,,NO,
conv_2139,16,28,28,16,3,1,4,True,group_conv2d,4,tanh,YES,YES,NO,configs/conv/conv_2139.json,reports/conv/conv_2139/csynth.xml,,,NO,
conv_2140,16,28,28,16,3,1,4,False,conv2d,,tanh,YES,YES,NO,configs/conv/conv_2140.json,reports/conv/conv_2140/csynth.xml,,,NO,
conv_2141,16,28,28,16,3,1,4,False,group_conv2d,2,tanh,YES,YES,NO,configs/conv/conv_2141.json,reports/conv/conv_2141/csynth.xml,,,NO,
conv_2142,16,28,28,16,3,1,4,False,group_conv2d,4,tanh,YES,YES,NO,configs/conv/conv_2142.json,reports/conv/conv_2142/csynth.xml,,,NO,
conv_2143,16,28,28,16,3,1,8,True,conv2d,,relu,YES,YES,NO,configs/conv/conv_2143.json,reports/conv/conv_2143/csynth.xml,,,NO,
conv_2144,16,28,28,16,3,1,8,True,group_conv2d,2,relu,YES,YES,NO,configs/conv/conv_2144.json,reports/conv/conv_2144/csynth.xml,,,NO,
conv_2145,16,28,28,16,3,1,8,True,group_conv2d,4,relu,YES,YES,NO,configs/conv/conv_2145.json,reports/conv/conv_2145/csynth.xml,,,NO,
conv_2146,16,28,28,16,3,1,8,False,conv2d,,relu,YES,YES,NO,configs/conv/conv_2146.json,reports/conv/conv_2146/csynth.xml,,,NO,
conv_2147,16,28,28,16,3,1,8,False,group_conv2d,2,relu,YES,YES,NO,configs/conv/conv_2147.json,reports/conv/conv_2147/csynth.xml,,,NO,
conv_2148,16,28,28,16,3,1,8,False,group_conv2d,4,relu,YES,YES,YES,configs/conv/conv_2148.json,reports/conv/conv_2148/csynth.xml,reports/conv/conv_2148/export_impl.xml,reports/conv/conv_2148/power_routed.rpt,NO,
conv_2149,16,28,28,16,3,1,8,True,conv2d,,sigmoid,YES,YES,NO,configs/conv/conv_2149.json,reports/conv/conv_2149/csynth.xml,,,NO,
conv_2150,16,28,28,16,3,1,8,True,group_conv2d,2,sigmoid,YES,YES,NO,configs/conv/conv_2150.json,reports/conv/conv_2150/csynth.xml,,,NO,
conv_2151,16,28,28,16,3,1,8,True,group_conv2d,4,sigmoid,YES,YES,NO,configs/conv/conv_2151.json,reports/conv/conv_2151/csynth.xml,,,NO,
conv_2152,16,28,28,16,3,1,8,False,conv2d,,sigmoid,YES,YES,NO,configs/conv/conv_2152.json,reports/conv/conv_2152/csynth.xml,,,NO,
conv_2153,16,28,28,16,3,1,8,False,group_conv2d,2,sigmoid,YES,YES,NO,configs/conv/conv_2153.json,reports/conv/conv_2153/csynth.xml,,,NO,
conv_2154,16,28,28,16,3,1,8,False,group_conv2d,4,sigmoid,YES,YES,NO,configs/conv/conv_2154.json,reports/conv/conv_2154/csynth.xml,,,NO,
conv_2155,16,28,28,16,3,1,8,True,conv2d,,tanh,YES,YES,NO,configs/conv/conv_2155.json,reports/conv/conv_2155/csynth.xml,,,NO,
conv_2156,16,28,28,16,3,1,8,True,group_conv2d,2,tanh,YES,YES,NO,configs/conv/conv_2156.json,reports/conv/conv_2156/csynth.xml,,,NO,
conv_2157,16,28,28,16,3,1,8,True,group_conv2d,4,tanh,YES,YES,NO,configs/conv/conv_2157.json,reports/conv/conv_2157/csynth.xml,,,NO,
conv_2158,16,28,28,16,3,1,8,False,conv2d,,tanh,YES,YES,NO,configs/conv/conv_2158.json,reports/conv/conv_2158/csynth.xml,,,NO,
conv_2159,16,28,28,16,3,1,8,False,group_conv2d,2,tanh,YES,YES,NO,configs/conv/conv_2159.json,reports/conv/conv_2159/csynth.xml,,,NO,
conv_2160,16,28,28,16,3,1,8,False,group_conv2d,4,tanh,YES,YES,NO,configs/conv/conv_2160.json,reports/conv/conv_2160/csynth.xml,,,NO,
conv_2161,16,28,28,16,3,4,1,True,conv2d,,relu,YES,YES,NO,configs/conv/conv_2161.json,reports/conv/conv_2161/csynth.xml,,,NO,
conv_2162,16,28,28,16,3,4,1,True,group_conv2d,2,relu,YES,YES,NO,configs/conv/conv_2162.json,reports/conv/conv_2162/csynth.xml,,,NO,
conv_2163,16,28,28,16,3,4,1,True,group_conv2d,4,relu,YES,YES,NO,configs/conv/conv_2163.json,reports/conv/conv_2163/csynth.xml,,,NO,
conv_2164,16,28,28,16,3,4,1,False,conv2d,,relu,YES,YES,NO,configs/conv/conv_2164.json,reports/conv/conv_2164/csynth.xml,,,NO,
conv_2165,16,28,28,16,3,4,1,False,group_conv2d,2,relu,YES,YES,NO,configs/conv/conv_2165.json,reports/conv/conv_2165/csynth.xml,,,NO,
conv_2166,16,28,28,16,3,4,1,False,group_conv2d,4,relu,YES,YES,NO,configs/conv/conv_2166.json,reports/conv/conv_2166/csynth.xml,,,NO,
conv_2167,16,28,28,16,3,4,1,True,conv2d,,sigmoid,YES,YES,NO,configs/conv/conv_2167.json,reports/conv/conv_2167/csynth.xml,,,NO,
conv_2168,16,28,28,16,3,4,1,True,group_conv2d,2,sigmoid,YES,YES,NO,configs/conv/conv_2168.json,reports/conv/conv_2168/csynth.xml,,,NO,
conv_2169,16,28,28,16,3,4,1,True,group_conv2d,4,sigmoid,YES,YES,NO,configs/conv/conv_2169.json,reports/conv/conv_2169/csynth.xml,,,NO,
conv_2170,16,28,28,16,3,4,1,False,conv2d,,sigmoid,YES,YES,NO,configs/conv/conv_2170.json,reports/conv/conv_2170/csynth.xml,,,NO,
conv_2171,16,28,28,16,3,4,1,False,group_conv2d,2,sigmoid,YES,YES,NO,configs/conv/conv_2171.json,reports/conv/conv_2171/csynth.xml,,,NO,
conv_2172,16,28,28,16,3,4,1,False,group_conv2d,4,sigmoid,YES,YES,NO,configs/conv/conv_2172.json,reports/conv/conv_2172/csynth.xml,,,NO,
conv_2173,16,28,28,16,3,4,1,True,conv2d,,tanh,YES,YES,NO,configs/conv/conv_2173.json,reports/conv/conv_2173/csynth.xml,,,NO,
conv_2174,16,28,28,16,3,4,1,True,group_conv2d,2,tanh,YES,YES,YES,configs/conv/conv_2174.json,reports/conv/conv_2174/csynth.xml,reports/conv/conv_2174/export_impl.xml,reports/conv/conv_2174/power_routed.rpt,NO,
conv_2175,16,28,28,16,3,4,1,True,group_conv2d,4,tanh,YES,YES,NO,configs/conv/conv_2175.json,reports/conv/conv_2175/csynth.xml,,,NO,
conv_2176,16,28,28,16,3,4,1,False,conv2d,,tanh,YES,YES,NO,configs/conv/conv_2176.json,reports/conv/conv_2176/csynth.xml,,,NO,
conv_2177,16,28,28,16,3,4,1,False,group_conv2d,2,tanh,YES,YES,YES,configs/conv/conv_2177.json,reports/conv/conv_2177/csynth.xml,reports/conv/conv_2177/export_impl.xml,reports/conv/conv_2177/power_routed.rpt,NO,
conv_2178,16,28,28,16,3,4,1,False,group_conv2d,4,tanh,YES,YES,NO,configs/conv/conv_2178.json,reports/conv/conv_2178/csynth.xml,,,NO,
conv_2179,16,28,28,16,3,4,4,True,conv2d,,relu,YES,YES,NO,configs/conv/conv_2179.json,reports/conv/conv_2179/csynth.xml,,,NO,
conv_2180,16,28,28,16,3,4,4,True,group_conv2d,2,relu,YES,YES,NO,configs/conv/conv_2180.json,reports/conv/conv_2180/csynth.xml,,,NO,
conv_2181,16,28,28,16,3,4,4,True,group_conv2d,4,relu,YES,YES,NO,configs/conv/conv_2181.json,reports/conv/conv_2181/csynth.xml,,,NO,
conv_2182,16,28,28,16,3,4,4,False,conv2d,,relu,YES,YES,NO,configs/conv/conv_2182.json,reports/conv/conv_2182/csynth.xml,,,NO,
conv_2183,16,28,28,16,3,4,4,False,group_conv2d,2,relu,YES,YES,NO,configs/conv/conv_2183.json,reports/conv/conv_2183/csynth.xml,,,NO,
conv_2184,16,28,28,16,3,4,4,False,group_conv2d,4,relu,YES,YES,NO,configs/conv/conv_2184.json,reports/conv/conv_2184/csynth.xml,,,NO,
conv_2185,16,28,28,16,3,4,4,True,conv2d,,sigmoid,YES,YES,NO,configs/conv/conv_2185.json,reports/conv/conv_2185/csynth.xml,,,NO,
conv_2186,16,28,28,16,3,4,4,True,group_conv2d,2,sigmoid,YES,YES,YES,configs/conv/conv_2186.json,reports/conv/conv_2186/csynth.xml,reports/conv/conv_2186/export_impl.xml,reports/conv/conv_2186/power_routed.rpt,NO,
conv_2187,16,28,28,16,3,4,4,True,group_conv2d,4,sigmoid,YES,YES,NO,configs/conv/conv_2187.json,reports/conv/conv_2187/csynth.xml,,,NO,
conv_2188,16,28,28,16,3,4,4,False,conv2d,,sigmoid,YES,YES,NO,configs/conv/conv_2188.json,reports/conv/conv_2188/csynth.xml,,,NO,
conv_2189,16,28,28,16,3,4,4,False,group_conv2d,2,sigmoid,YES,YES,NO,configs/conv/conv_2189.json,reports/conv/conv_2189/csynth.xml,,,NO,
conv_2190,16,28,28,16,3,4,4,False,group_conv2d,4,sigmoid,YES,YES,NO,configs/conv/conv_2190.json,reports/conv/conv_2190/csynth.xml,,,NO,
conv_2191,16,28,28,16,3,4,4,True,conv2d,,tanh,YES,YES,NO,configs/conv/conv_2191.json,reports/conv/conv_2191/csynth.xml,,,NO,
conv_2192,16,28,28,16,3,4,4,True,group_conv2d,2,tanh,YES,YES,NO,configs/conv/conv_2192.json,reports/conv/conv_2192/csynth.xml,,,NO,
conv_2193,16,28,28,16,3,4,4,True,group_conv2d,4,tanh,YES,YES,NO,configs/conv/conv_2193.json,reports/conv/conv_2193/csynth.xml,,,NO,
conv_2194,16,28,28,16,3,4,4,False,conv2d,,tanh,YES,YES,NO,configs/conv/conv_2194.json,reports/conv/conv_2194/csynth.xml,,,NO,
conv_2195,16,28,28,16,3,4,4,False,group_conv2d,2,tanh,YES,YES,YES,configs/conv/conv_2195.json,reports/conv/conv_2195/csynth.xml,reports/conv/conv_2195/export_impl.xml,reports/conv/conv_2195/power_routed.rpt,NO,
conv_2196,16,28,28,16,3,4,4,False,group_conv2d,4,tanh,YES,YES,NO,configs/conv/conv_2196.json,reports/conv/conv_2196/csynth.xml,,,NO,
conv_2197,16,28,28,16,3,4,8,True,conv2d,,relu,YES,YES,NO,configs/conv/conv_2197.json,reports/conv/conv_2197/csynth.xml,,,NO,
conv_2198,16,28,28,16,3,4,8,True,group_conv2d,2,relu,YES,YES,YES,configs/conv/conv_2198.json,reports/conv/conv_2198/csynth.xml,reports/conv/conv_2198/export_impl.xml,reports/conv/conv_2198/power_routed.rpt,NO,
conv_2199,16,28,28,16,3,4,8,True,group_conv2d,4,relu,YES,YES,NO,configs/conv/conv_2199.json,reports/conv/conv_2199/csynth.xml,,,NO,
conv_2200,16,28,28,16,3,4,8,False,conv2d,,relu,YES,YES,NO,configs/conv/conv_2200.json,reports/conv/conv_2200/csynth.xml,,,NO,
conv_2201,16,28,28,16,3,4,8,False,group_conv2d,2,relu,YES,YES,NO,configs/conv/conv_2201.json,reports/conv/conv_2201/csynth.xml,,,NO,
conv_2202,16,28,28,16,3,4,8,False,group_conv2d,4,relu,YES,YES,NO,configs/conv/conv_2202.json,reports/conv/conv_2202/csynth.xml,,,NO,
conv_2203,16,28,28,16,3,4,8,True,conv2d,,sigmoid,YES,YES,NO,configs/conv/conv_2203.json,reports/conv/conv_2203/csynth.xml,,,NO,
conv_2204,16,28,28,16,3,4,8,True,group_conv2d,2,sigmoid,YES,YES,NO,configs/conv/conv_2204.json,reports/conv/conv_2204/csynth.xml,,,NO,
conv_2205,16,28,28,16,3,4,8,True,group_conv2d,4,sigmoid,YES,YES,NO,configs/conv/conv_2205.json,reports/conv/conv_2205/csynth.xml,,,NO,
conv_2206,16,28,28,16,3,4,8,False,conv2d,,sigmoid,YES,YES,NO,configs/conv/conv_2206.json,reports/conv/conv_2206/csynth.xml,,,NO,
conv_2207,16,28,28,16,3,4,8,False,group_conv2d,2,sigmoid,YES,YES,NO,configs/conv/conv_2207.json,reports/conv/conv_2207/csynth.xml,,,NO,
conv_2208,16,28,28,16,3,4,8,False,group_conv2d,4,sigmoid,YES,YES,NO,configs/conv/conv_2208.json,reports/conv/conv_2208/csynth.xml,,,NO,
conv_2209,16,28,28,16,3,4,8,True,conv2d,,tanh,YES,YES,NO,configs/conv/conv_2209.json,reports/conv/conv_2209/csynth.xml,,,NO,
conv_2210,16,28,28,16,3,4,8,True,group_conv2d,2,tanh,YES,YES,NO,configs/conv/conv_2210.json,reports/conv/conv_2210/csynth.xml,,,NO,
conv_2211,16,28,28,16,3,4,8,True,group_conv2d,4,tanh,YES,YES,NO,configs/conv/conv_2211.json,reports/conv/conv_2211/csynth.xml,,,NO,
conv_2212,16,28,28,16,3,4,8,False,conv2d,,tanh,YES,YES,NO,configs/conv/conv_2212.json,reports/conv/conv_2212/csynth.xml,,,NO,
conv_2213,16,28,28,16,3,4,8,False,group_conv2d,2,tanh,YES,YES,NO,configs/conv/conv_2213.json,reports/conv/conv_2213/csynth.xml,,,NO,
conv_2214,16,28,28,16,3,4,8,False,group_conv2d,4,tanh,YES,YES,NO,configs/conv/conv_2214.json,reports/conv/conv_2214/csynth.xml,,,NO,
conv_2215,16,28,28,16,3,8,1,True,conv2d,,relu,YES,YES,NO,configs/conv/conv_2215.json,reports/conv/conv_2215/csynth.xml,,,NO,
conv_2216,16,28,28,16,3,8,1,True,group_conv2d,2,relu,YES,YES,NO,configs/conv/conv_2216.json,reports/conv/conv_2216/csynth.xml,,,NO,
conv_2217,16,28,28,16,3,8,1,True,group_conv2d,4,relu,YES,YES,NO,configs/conv/conv_2217.json,reports/conv/conv_2217/csynth.xml,,,NO,
conv_2218,16,28,28,16,3,8,1,False,conv2d,,relu,YES,YES,NO,configs/conv/conv_2218.json,reports/conv/conv_2218/csynth.xml,,,NO,
conv_2219,16,28,28,16,3,8,1,False,group_conv2d,2,relu,YES,YES,NO,configs/conv/conv_2219.json,reports/conv/conv_2219/csynth.xml,,,NO,
conv_2220,16,28,28,16,3,8,1,False,group_conv2d,4,relu,YES,YES,NO,configs/conv/conv_2220.json,reports/conv/conv_2220/csynth.xml,,,NO,
conv_2221,16,28,28,16,3,8,1,True,conv2d,,sigmoid,YES,YES,NO,configs/conv/conv_2221.json,reports/conv/conv_2221/csynth.xml,,,NO,
conv_2222,16,28,28,16,3,8,1,True,group_conv2d,2,sigmoid,YES,YES,NO,configs/conv/conv_2222.json,reports/conv/conv_2222/csynth.xml,,,NO,
conv_2223,16,28,28,16,3,8,1,True,group_conv2d,4,sigmoid,YES,YES,NO,configs/conv/conv_2223.json,reports/conv/conv_2223/csynth.xml,,,NO,
conv_2224,16,28,28,16,3,8,1,False,conv2d,,sigmoid,YES,YES,NO,configs/conv/conv_2224.json,reports/conv/conv_2224/csynth.xml,,,NO,
conv_2225,16,28,28,16,3,8,1,False,group_conv2d,2,sigmoid,YES,YES,NO,configs/conv/conv_2225.json,reports/conv/conv_2225/csynth.xml,,,NO,
conv_2226,16,28,28,16,3,8,1,False,group_conv2d,4,sigmoid,YES,YES,NO,configs/conv/conv_2226.json,reports/conv/conv_2226/csynth.xml,,,NO,
conv_2227,16,28,28,16,3,8,1,True,conv2d,,tanh,YES,YES,NO,configs/conv/conv_2227.json,reports/conv/conv_2227/csynth.xml,,,NO,
conv_2228,16,28,28,16,3,8,1,True,group_conv2d,2,tanh,YES,YES,NO,configs/conv/conv_2228.json,reports/conv/conv_2228/csynth.xml,,,NO,
conv_2229,16,28,28,16,3,8,1,True,group_conv2d,4,tanh,YES,YES,NO,configs/conv/conv_2229.json,reports/conv/conv_2229/csynth.xml,,,NO,
conv_2230,16,28,28,16,3,8,1,False,conv2d,,tanh,YES,YES,NO,configs/conv/conv_2230.json,reports/conv/conv_2230/csynth.xml,,,NO,
conv_2231,16,28,28,16,3,8,1,False,group_conv2d,2,tanh,YES,YES,NO,configs/conv/conv_2231.json,reports/conv/conv_2231/csynth.xml,,,NO,
conv_2232,16,28,28,16,3,8,1,False,group_conv2d,4,tanh,YES,YES,NO,configs/conv/conv_2232.json,reports/conv/conv_2232/csynth.xml,,,NO,
conv_2233,16,28,28,16,3,8,4,True,conv2d,,relu,YES,YES,NO,configs/conv/conv_2233.json,reports/conv/conv_2233/csynth.xml,,,NO,
conv_2234,16,28,28,16,3,8,4,True,group_conv2d,2,relu,YES,YES,NO,configs/conv/conv_2234.json,reports/conv/conv_2234/csynth.xml,,,NO,
conv_2235,16,28,28,16,3,8,4,True,group_conv2d,4,relu,YES,YES,NO,configs/conv/conv_2235.json,reports/conv/conv_2235/csynth.xml,,,NO,
conv_2236,16,28,28,16,3,8,4,False,conv2d,,relu,YES,YES,YES,configs/conv/conv_2236.json,reports/conv/conv_2236/csynth.xml,reports/conv/conv_2236/export_impl.xml,reports/conv/conv_2236/power_routed.rpt,NO,
conv_2237,16,28,28,16,3,8,4,False,group_conv2d,2,relu,YES,YES,NO,configs/conv/conv_2237.json,reports/conv/conv_2237/csynth.xml,,,NO,
conv_2238,16,28,28,16,3,8,4,False,group_conv2d,4,relu,YES,YES,NO,configs/conv/conv_2238.json,reports/conv/conv_2238/csynth.xml,,,NO,
conv_2239,16,28,28,16,3,8,4,True,conv2d,,sigmoid,YES,YES,NO,configs/conv/conv_2239.json,reports/conv/conv_2239/csynth.xml,,,NO,
conv_2240,16,28,28,16,3,8,4,True,group_conv2d,2,sigmoid,YES,YES,NO,configs/conv/conv_2240.json,reports/conv/conv_2240/csynth.xml,,,NO,
conv_2241,16,28,28,16,3,8,4,True,group_conv2d,4,sigmoid,YES,YES,NO,configs/conv/conv_2241.json,reports/conv/conv_2241/csynth.xml,,,NO,
conv_2242,16,28,28,16,3,8,4,False,conv2d,,sigmoid,YES,YES,NO,configs/conv/conv_2242.json,reports/conv/conv_2242/csynth.xml,,,NO,
conv_2243,16,28,28,16,3,8,4,False,group_conv2d,2,sigmoid,YES,YES,NO,configs/conv/conv_2243.json,reports/conv/conv_2243/csynth.xml,,,NO,
conv_2244,16,28,28,16,3,8,4,False,group_conv2d,4,sigmoid,YES,YES,NO,configs/conv/conv_2244.json,reports/conv/conv_2244/csynth.xml,,,NO,
conv_2245,16,28,28,16,3,8,4,True,conv2d,,tanh,YES,YES,NO,configs/conv/conv_2245.json,reports/conv/conv_2245/csynth.xml,,,NO,
conv_2246,16,28,28,16,3,8,4,True,group_conv2d,2,tanh,YES,YES,NO,configs/conv/conv_2246.json,reports/conv/conv_2246/csynth.xml,,,NO,
conv_2247,16,28,28,16,3,8,4,True,group_conv2d,4,tanh,YES,YES,NO,configs/conv/conv_2247.json,reports/conv/conv_2247/csynth.xml,,,NO,
conv_2248,16,28,28,16,3,8,4,False,conv2d,,tanh,YES,YES,NO,configs/conv/conv_2248.json,reports/conv/conv_2248/csynth.xml,,,NO,
conv_2249,16,28,28,16,3,8,4,False,group_conv2d,2,tanh,YES,YES,NO,configs/conv/conv_2249.json,reports/conv/conv_2249/csynth.xml,,,NO,
conv_2250,16,28,28,16,3,8,4,False,group_conv2d,4,tanh,YES,YES,NO,configs/conv/conv_2250.json,reports/conv/conv_2250/csynth.xml,,,NO,
conv_2251,16,28,28,16,3,8,8,True,conv2d,,relu,YES,YES,NO,configs/conv/conv_2251.json,reports/conv/conv_2251/csynth.xml,,,NO,
conv_2252,16,28,28,16,3,8,8,True,group_conv2d,2,relu,YES,YES,NO,configs/conv/conv_2252.json,reports/conv/conv_2252/csynth.xml,,,NO,
conv_2253,16,28,28,16,3,8,8,True,group_conv2d,4,relu,YES,YES,NO,configs/conv/conv_2253.json,reports/conv/conv_2253/csynth.xml,,,NO,
conv_2254,16,28,28,16,3,8,8,False,conv2d,,relu,YES,YES,NO,configs/conv/conv_2254.json,reports/conv/conv_2254/csynth.xml,,,NO,
conv_2255,16,28,28,16,3,8,8,False,group_conv2d,2,relu,YES,YES,NO,configs/conv/conv_2255.json,reports/conv/conv_2255/csynth.xml,,,NO,
conv_2256,16,28,28,16,3,8,8,False,group_conv2d,4,relu,YES,YES,YES,configs/conv/conv_2256.json,reports/conv/conv_2256/csynth.xml,reports/conv/conv_2256/export_impl.xml,reports/conv/conv_2256/power_routed.rpt,NO,
conv_2257,16,28,28,16,3,8,8,True,conv2d,,sigmoid,YES,YES,NO,configs/conv/conv_2257.json,reports/conv/conv_2257/csynth.xml,,,NO,
conv_2258,16,28,28,16,3,8,8,True,group_conv2d,2,sigmoid,YES,YES,NO,configs/conv/conv_2258.json,reports/conv/conv_2258/csynth.xml,,,NO,
conv_2259,16,28,28,16,3,8,8,True,group_conv2d,4,sigmoid,YES,YES,NO,configs/conv/conv_2259.json,reports/conv/conv_2259/csynth.xml,,,NO,
conv_2260,16,28,28,16,3,8,8,False,conv2d,,sigmoid,YES,YES,NO,configs/conv/conv_2260.json,reports/conv/conv_2260/csynth.xml,,,NO,
conv_2261,16,28,28,16,3,8,8,False,group_conv2d,2,sigmoid,YES,YES,NO,configs/conv/conv_2261.json,reports/conv/conv_2261/csynth.xml,,,NO,
conv_2262,16,28,28,16,3,8,8,False,group_conv2d,4,sigmoid,YES,YES,NO,configs/conv/conv_2262.json,reports/conv/conv_2262/csynth.xml,,,NO,
conv_2263,16,28,28,16,3,8,8,True,conv2d,,tanh,YES,YES,NO,configs/conv/conv_2263.json,reports/conv/conv_2263/csynth.xml,,,NO,
conv_2264,16,28,28,16,3,8,8,True,group_conv2d,2,tanh,YES,YES,NO,configs/conv/conv_2264.json,reports/conv/conv_2264/csynth.xml,,,NO,
conv_2265,16,28,28,16,3,8,8,True,group_conv2d,4,tanh,YES,YES,NO,configs/conv/conv_2265.json,reports/conv/conv_2265/csynth.xml,,,NO,
conv_2266,16,28,28,16,3,8,8,False,conv2d,,tanh,YES,YES,NO,configs/conv/conv_2266.json,reports/conv/conv_2266/csynth.xml,,,NO,
conv_2267,16,28,28,16,3,8,8,False,group_conv2d,2,tanh,YES,YES,NO,configs/conv/conv_2267.json,reports/conv/conv_2267/csynth.xml,,,NO,
conv_2268,16,28,28,16,3,8,8,False,group_conv2d,4,tanh,YES,YES,NO,configs/conv/conv_2268.json,reports/conv/conv_2268/csynth.xml,,,NO,
conv_2269,16,28,28,32,1,1,1,True,conv2d,,relu,YES,YES,YES,configs/conv/conv_2269.json,reports/conv/conv_2269/csynth.xml,reports/conv/conv_2269/export_impl.xml,reports/conv/conv_2269/power_routed.rpt,NO,
conv_2270,16,28,28,32,1,1,1,True,group_conv2d,2,relu,YES,YES,YES,configs/conv/conv_2270.json,reports/conv/conv_2270/csynth.xml,reports/conv/conv_2270/export_impl.xml,reports/conv/conv_2270/power_routed.rpt,NO,
conv_2271,16,28,28,32,1,1,1,True,group_conv2d,4,relu,YES,YES,YES,configs/conv/conv_2271.json,reports/conv/conv_2271/csynth.xml,reports/conv/conv_2271/export_impl.xml,reports/conv/conv_2271/power_routed.rpt,NO,
conv_2272,16,28,28,32,1,1,1,False,conv2d,,relu,YES,YES,YES,configs/conv/conv_2272.json,reports/conv/conv_2272/csynth.xml,reports/conv/conv_2272/export_impl.xml,reports/conv/conv_2272/power_routed.rpt,NO,
conv_2273,16,28,28,32,1,1,1,False,group_conv2d,2,relu,YES,YES,YES,configs/conv/conv_2273.json,reports/conv/conv_2273/csynth.xml,reports/conv/conv_2273/export_impl.xml,reports/conv/conv_2273/power_routed.rpt,NO,
conv_2274,16,28,28,32,1,1,1,False,group_conv2d,4,relu,YES,YES,YES,configs/conv/conv_2274.json,reports/conv/conv_2274/csynth.xml,reports/conv/conv_2274/export_impl.xml,reports/conv/conv_2274/power_routed.rpt,NO,
conv_2275,16,28,28,32,1,1,1,True,conv2d,,sigmoid,YES,YES,YES,configs/conv/conv_2275.json,reports/conv/conv_2275/csynth.xml,reports/conv/conv_2275/export_impl.xml,reports/conv/conv_2275/power_routed.rpt,NO,
conv_2276,16,28,28,32,1,1,1,True,group_conv2d,2,sigmoid,YES,YES,YES,configs/conv/conv_2276.json,reports/conv/conv_2276/csynth.xml,reports/conv/conv_2276/export_impl.xml,reports/conv/conv_2276/power_routed.rpt,NO,
conv_2277,16,28,28,32,1,1,1,True,group_conv2d,4,sigmoid,YES,YES,YES,configs/conv/conv_2277.json,reports/conv/conv_2277/csynth.xml,reports/conv/conv_2277/export_impl.xml,reports/conv/conv_2277/power_routed.rpt,NO,
conv_2278,16,28,28,32,1,1,1,False,conv2d,,sigmoid,YES,YES,YES,configs/conv/conv_2278.json,reports/conv/conv_2278/csynth.xml,reports/conv/conv_2278/export_impl.xml,reports/conv/conv_2278/power_routed.rpt,NO,
conv_2279,16,28,28,32,1,1,1,False,group_conv2d,2,sigmoid,YES,YES,YES,configs/conv/conv_2279.json,reports/conv/conv_2279/csynth.xml,reports/conv/conv_2279/export_impl.xml,reports/conv/conv_2279/power_routed.rpt,NO,
conv_2280,16,28,28,32,1,1,1,False,group_conv2d,4,sigmoid,YES,YES,YES,configs/conv/conv_2280.json,reports/conv/conv_2280/csynth.xml,reports/conv/conv_2280/export_impl.xml,reports/conv/conv_2280/power_routed.rpt,NO,
conv_2281,16,28,28,32,1,1,1,True,conv2d,,tanh,YES,YES,YES,configs/conv/conv_2281.json,reports/conv/conv_2281/csynth.xml,reports/conv/conv_2281/export_impl.xml,reports/conv/conv_2281/power_routed.rpt,NO,
conv_2282,16,28,28,32,1,1,1,True,group_conv2d,2,tanh,YES,YES,YES,configs/conv/conv_2282.json,reports/conv/conv_2282/csynth.xml,reports/conv/conv_2282/export_impl.xml,reports/conv/conv_2282/power_routed.rpt,NO,
conv_2283,16,28,28,32,1,1,1,True,group_conv2d,4,tanh,YES,YES,YES,configs/conv/conv_2283.json,reports/conv/conv_2283/csynth.xml,reports/conv/conv_2283/export_impl.xml,reports/conv/conv_2283/power_routed.rpt,NO,
conv_2284,16,28,28,32,1,1,1,False,conv2d,,tanh,YES,YES,YES,configs/conv/conv_2284.json,reports/conv/conv_2284/csynth.xml,reports/conv/conv_2284/export_impl.xml,reports/conv/conv_2284/power_routed.rpt,NO,
conv_2285,16,28,28,32,1,1,1,False,group_conv2d,2,tanh,YES,YES,YES,configs/conv/conv_2285.json,reports/conv/conv_2285/csynth.xml,reports/conv/conv_2285/export_impl.xml,reports/conv/conv_2285/power_routed.rpt,NO,
conv_2286,16,28,28,32,1,1,1,False,group_conv2d,4,tanh,YES,YES,YES,configs/conv/conv_2286.json,reports/conv/conv_2286/csynth.xml,reports/conv/conv_2286/export_impl.xml,reports/conv/conv_2286/power_routed.rpt,NO,
conv_2287,16,28,28,32,1,1,4,True,conv2d,,relu,YES,YES,NO,configs/conv/conv_2287.json,reports/conv/conv_2287/csynth.xml,,,NO,
conv_2288,16,28,28,32,1,1,4,True,group_conv2d,2,relu,YES,YES,YES,configs/conv/conv_2288.json,reports/conv/conv_2288/csynth.xml,reports/conv/conv_2288/export_impl.xml,reports/conv/conv_2288/power_routed.rpt,NO,
conv_2289,16,28,28,32,1,1,4,True,group_conv2d,4,relu,YES,YES,NO,configs/conv/conv_2289.json,reports/conv/conv_2289/csynth.xml,,,NO,
conv_2290,16,28,28,32,1,1,4,False,conv2d,,relu,YES,YES,NO,configs/conv/conv_2290.json,reports/conv/conv_2290/csynth.xml,,,NO,
conv_2291,16,28,28,32,1,1,4,False,group_conv2d,2,relu,YES,YES,NO,configs/conv/conv_2291.json,reports/conv/conv_2291/csynth.xml,,,NO,
conv_2292,16,28,28,32,1,1,4,False,group_conv2d,4,relu,YES,YES,NO,configs/conv/conv_2292.json,reports/conv/conv_2292/csynth.xml,,,NO,
conv_2293,16,28,28,32,1,1,4,True,conv2d,,sigmoid,YES,YES,NO,configs/conv/conv_2293.json,reports/conv/conv_2293/csynth.xml,,,NO,
conv_2294,16,28,28,32,1,1,4,True,group_conv2d,2,sigmoid,YES,YES,NO,configs/conv/conv_2294.json,reports/conv/conv_2294/csynth.xml,,,NO,
conv_2295,16,28,28,32,1,1,4,True,group_conv2d,4,sigmoid,YES,YES,NO,configs/conv/conv_2295.json,reports/conv/conv_2295/csynth.xml,,,NO,
conv_2296,16,28,28,32,1,1,4,False,conv2d,,sigmoid,YES,YES,NO,configs/conv/conv_2296.json,reports/conv/conv_2296/csynth.xml,,,NO,
conv_2297,16,28,28,32,1,1,4,False,group_conv2d,2,sigmoid,YES,YES,YES,configs/conv/conv_2297.json,reports/conv/conv_2297/csynth.xml,reports/conv/conv_2297/export_impl.xml,reports/conv/conv_2297/power_routed.rpt,NO,
conv_2298,16,28,28,32,1,1,4,False,group_conv2d,4,sigmoid,YES,YES,NO,configs/conv/conv_2298.json,reports/conv/conv_2298/csynth.xml,,,NO,
conv_2299,16,28,28,32,1,1,4,True,conv2d,,tanh,YES,YES,NO,configs/conv/conv_2299.json,reports/conv/conv_2299/csynth.xml,,,NO,
conv_2300,16,28,28,32,1,1,4,True,group_conv2d,2,tanh,YES,YES,NO,configs/conv/conv_2300.json,reports/conv/conv_2300/csynth.xml,,,NO,
conv_2301,16,28,28,32,1,1,4,True,group_conv2d,4,tanh,YES,YES,NO,configs/conv/conv_2301.json,reports/conv/conv_2301/csynth.xml,,,NO,
conv_2302,16,28,28,32,1,1,4,False,conv2d,,tanh,YES,YES,NO,configs/conv/conv_2302.json,reports/conv/conv_2302/csynth.xml,,,NO,
conv_2303,16,28,28,32,1,1,4,False,group_conv2d,2,tanh,YES,YES,NO,configs/conv/conv_2303.json,reports/conv/conv_2303/csynth.xml,,,NO,
conv_2304,16,28,28,32,1,1,4,False,group_conv2d,4,tanh,YES,YES,NO,configs/conv/conv_2304.json,reports/conv/conv_2304/csynth.xml,,,NO,
conv_2305,16,28,28,32,1,1,8,True,conv2d,,relu,YES,YES,NO,configs/conv/conv_2305.json,reports/conv/conv_2305/csynth.xml,,,NO,
conv_2306,16,28,28,32,1,1,8,True,group_conv2d,2,relu,YES,YES,YES,configs/conv/conv_2306.json,reports/conv/conv_2306/csynth.xml,reports/conv/conv_2306/export_impl.xml,reports/conv/conv_2306/power_routed.rpt,NO,
conv_2307,16,28,28,32,1,1,8,True,group_conv2d,4,relu,YES,YES,NO,configs/conv/conv_2307.json,reports/conv/conv_2307/csynth.xml,,,NO,
conv_2308,16,28,28,32,1,1,8,False,conv2d,,relu,YES,YES,NO,configs/conv/conv_2308.json,reports/conv/conv_2308/csynth.xml,,,NO,
conv_2309,16,28,28,32,1,1,8,False,group_conv2d,2,relu,YES,YES,NO,configs/conv/conv_2309.json,reports/conv/conv_2309/csynth.xml,,,NO,
conv_2310,16,28,28,32,1,1,8,False,group_conv2d,4,relu,YES,YES,NO,configs/conv/conv_2310.json,reports/conv/conv_2310/csynth.xml,,,NO,
conv_2311,16,28,28,32,1,1,8,True,conv2d,,sigmoid,YES,YES,NO,configs/conv/conv_2311.json,reports/conv/conv_2311/csynth.xml,,,NO,
conv_2312,16,28,28,32,1,1,8,True,group_conv2d,2,sigmoid,YES,YES,NO,configs/conv/conv_2312.json,reports/conv/conv_2312/csynth.xml,,,NO,
conv_2313,16,28,28,32,1,1,8,True,group_conv2d,4,sigmoid,YES,YES,NO,configs/conv/conv_2313.json,reports/conv/conv_2313/csynth.xml,,,NO,
conv_2314,16,28,28,32,1,1,8,False,conv2d,,sigmoid,YES,YES,NO,configs/conv/conv_2314.json,reports/conv/conv_2314/csynth.xml,,,NO,
conv_2315,16,28,28,32,1,1,8,False,group_conv2d,2,sigmoid,YES,YES,NO,configs/conv/conv_2315.json,reports/conv/conv_2315/csynth.xml,,,NO,
conv_2316,16,28,28,32,1,1,8,False,group_conv2d,4,sigmoid,YES,YES,NO,configs/conv/conv_2316.json,reports/conv/conv_2316/csynth.xml,,,NO,
conv_2317,16,28,28,32,1,1,8,True,conv2d,,tanh,YES,YES,NO,configs/conv/conv_2317.json,reports/conv/conv_2317/csynth.xml,,,NO,
conv_2318,16,28,28,32,1,1,8,True,group_conv2d,2,tanh,YES,YES,NO,configs/conv/conv_2318.json,reports/conv/conv_2318/csynth.xml,,,NO,
conv_2319,16,28,28,32,1,1,8,True,group_conv2d,4,tanh,YES,YES,NO,configs/conv/conv_2319.json,reports/conv/conv_2319/csynth.xml,,,NO,
conv_2320,16,28,28,32,1,1,8,False,conv2d,,tanh,YES,YES,NO,configs/conv/conv_2320.json,reports/conv/conv_2320/csynth.xml,,,NO,
conv_2321,16,28,28,32,1,1,8,False,group_conv2d,2,tanh,YES,YES,NO,configs/conv/conv_2321.json,reports/conv/conv_2321/csynth.xml,,,NO,
conv_2322,16,28,28,32,1,1,8,False,group_conv2d,4,tanh,YES,YES,NO,configs/conv/conv_2322.json,reports/conv/conv_2322/csynth.xml,,,NO,
conv_2323,16,28,28,32,1,4,1,True,conv2d,,relu,YES,YES,NO,configs/conv/conv_2323.json,reports/conv/conv_2323/csynth.xml,,,NO,
conv_2324,16,28,28,32,1,4,1,True,group_conv2d,2,relu,YES,YES,YES,configs/conv/conv_2324.json,reports/conv/conv_2324/csynth.xml,reports/conv/conv_2324/export_impl.xml,reports/conv/conv_2324/power_routed.rpt,NO,
conv_2325,16,28,28,32,1,4,1,True,group_conv2d,4,relu,YES,YES,NO,configs/conv/conv_2325.json,reports/conv/conv_2325/csynth.xml,,,NO,
conv_2326,16,28,28,32,1,4,1,False,conv2d,,relu,YES,YES,NO,configs/conv/conv_2326.json,reports/conv/conv_2326/csynth.xml,,,NO,
conv_2327,16,28,28,32,1,4,1,False,group_conv2d,2,relu,YES,YES,YES,configs/conv/conv_2327.json,reports/conv/conv_2327/csynth.xml,reports/conv/conv_2327/export_impl.xml,reports/conv/conv_2327/power_routed.rpt,NO,
conv_2328,16,28,28,32,1,4,1,False,group_conv2d,4,relu,YES,YES,NO,configs/conv/conv_2328.json,reports/conv/conv_2328/csynth.xml,,,NO,
conv_2329,16,28,28,32,1,4,1,True,conv2d,,sigmoid,YES,YES,NO,configs/conv/conv_2329.json,reports/conv/conv_2329/csynth.xml,,,NO,
conv_2330,16,28,28,32,1,4,1,True,group_conv2d,2,sigmoid,YES,YES,NO,configs/conv/conv_2330.json,reports/conv/conv_2330/csynth.xml,,,NO,
conv_2331,16,28,28,32,1,4,1,True,group_conv2d,4,sigmoid,YES,YES,NO,configs/conv/conv_2331.json,reports/conv/conv_2331/csynth.xml,,,NO,
conv_2332,16,28,28,32,1,4,1,False,conv2d,,sigmoid,YES,YES,NO,configs/conv/conv_2332.json,reports/conv/conv_2332/csynth.xml,,,NO,
conv_2333,16,28,28,32,1,4,1,False,group_conv2d,2,sigmoid,YES,YES,NO,configs/conv/conv_2333.json,reports/conv/conv_2333/csynth.xml,,,NO,
conv_2334,16,28,28,32,1,4,1,False,group_conv2d,4,sigmoid,YES,YES,NO,configs/conv/conv_2334.json,reports/conv/conv_2334/csynth.xml,,,NO,
conv_2335,16,28,28,32,1,4,1,True,conv2d,,tanh,YES,YES,NO,configs/conv/conv_2335.json,reports/conv/conv_2335/csynth.xml,,,NO,
conv_2336,16,28,28,32,1,4,1,True,group_conv2d,2,tanh,YES,YES,NO,configs/conv/conv_2336.json,reports/conv/conv_2336/csynth.xml,,,NO,
conv_2337,16,28,28,32,1,4,1,True,group_conv2d,4,tanh,YES,YES,NO,configs/conv/conv_2337.json,reports/conv/conv_2337/csynth.xml,,,NO,
conv_2338,16,28,28,32,1,4,1,False,conv2d,,tanh,YES,YES,NO,configs/conv/conv_2338.json,reports/conv/conv_2338/csynth.xml,,,NO,
conv_2339,16,28,28,32,1,4,1,False,group_conv2d,2,tanh,YES,YES,NO,configs/conv/conv_2339.json,reports/conv/conv_2339/csynth.xml,,,NO,
conv_2340,16,28,28,32,1,4,1,False,group_conv2d,4,tanh,YES,YES,NO,configs/conv/conv_2340.json,reports/conv/conv_2340/csynth.xml,,,NO,
conv_2341,16,28,28,32,1,4,4,True,conv2d,,relu,YES,YES,NO,configs/conv/conv_2341.json,reports/conv/conv_2341/csynth.xml,,,NO,
conv_2342,16,28,28,32,1,4,4,True,group_conv2d,2,relu,YES,YES,NO,configs/conv/conv_2342.json,reports/conv/conv_2342/csynth.xml,,,NO,
conv_2343,16,28,28,32,1,4,4,True,group_conv2d,4,relu,YES,YES,NO,configs/conv/conv_2343.json,reports/conv/conv_2343/csynth.xml,,,NO,
conv_2344,16,28,28,32,1,4,4,False,conv2d,,relu,YES,YES,NO,configs/conv/conv_2344.json,reports/conv/conv_2344/csynth.xml,,,NO,
conv_2345,16,28,28,32,1,4,4,False,group_conv2d,2,relu,YES,YES,NO,configs/conv/conv_2345.json,reports/conv/conv_2345/csynth.xml,,,NO,
conv_2346,16,28,28,32,1,4,4,False,group_conv2d,4,relu,YES,YES,NO,configs/conv/conv_2346.json,reports/conv/conv_2346/csynth.xml,,,NO,
conv_2347,16,28,28,32,1,4,4,True,conv2d,,sigmoid,YES,YES,NO,configs/conv/conv_2347.json,reports/conv/conv_2347/csynth.xml,,,NO,
conv_2348,16,28,28,32,1,4,4,True,group_conv2d,2,sigmoid,YES,YES,NO,configs/conv/conv_2348.json,reports/conv/conv_2348/csynth.xml,,,NO,
conv_2349,16,28,28,32,1,4,4,True,group_conv2d,4,sigmoid,YES,YES,NO,configs/conv/conv_2349.json,reports/conv/conv_2349/csynth.xml,,,NO,
conv_2350,16,28,28,32,1,4,4,False,conv2d,,sigmoid,YES,YES,NO,configs/conv/conv_2350.json,reports/conv/conv_2350/csynth.xml,,,NO,
conv_2351,16,28,28,32,1,4,4,False,group_conv2d,2,sigmoid,YES,YES,NO,configs/conv/conv_2351.json,reports/conv/conv_2351/csynth.xml,,,NO,
conv_2352,16,28,28,32,1,4,4,False,group_conv2d,4,sigmoid,YES,YES,NO,configs/conv/conv_2352.json,reports/conv/conv_2352/csynth.xml,,,NO,
conv_2353,16,28,28,32,1,4,4,True,conv2d,,tanh,YES,YES,YES,configs/conv/conv_2353.json,reports/conv/conv_2353/csynth.xml,reports/conv/conv_2353/export_impl.xml,reports/conv/conv_2353/power_routed.rpt,NO,
conv_2354,16,28,28,32,1,4,4,True,group_conv2d,2,tanh,YES,YES,NO,configs/conv/conv_2354.json,reports/conv/conv_2354/csynth.xml,,,NO,
conv_2355,16,28,28,32,1,4,4,True,group_conv2d,4,tanh,YES,YES,NO,configs/conv/conv_2355.json,reports/conv/conv_2355/csynth.xml,,,NO,
conv_2356,16,28,28,32,1,4,4,False,conv2d,,tanh,YES,YES,YES,configs/conv/conv_2356.json,reports/conv/conv_2356/csynth.xml,reports/conv/conv_2356/export_impl.xml,reports/conv/conv_2356/power_routed.rpt,NO,
conv_2357,16,28,28,32,1,4,4,False,group_conv2d,2,tanh,YES,YES,NO,configs/conv/conv_2357.json,reports/conv/conv_2357/csynth.xml,,,NO,
conv_2358,16,28,28,32,1,4,4,False,group_conv2d,4,tanh,YES,YES,NO,configs/conv/conv_2358.json,reports/conv/conv_2358/csynth.xml,,,NO,
conv_2359,16,28,28,32,1,4,8,True,conv2d,,relu,YES,YES,NO,configs/conv/conv_2359.json,reports/conv/conv_2359/csynth.xml,,,NO,
conv_2360,16,28,28,32,1,4,8,True,group_conv2d,2,relu,YES,YES,NO,configs/conv/conv_2360.json,reports/conv/conv_2360/csynth.xml,,,NO,
conv_2361,16,28,28,32,1,4,8,True,group_conv2d,4,relu,YES,YES,NO,configs/conv/conv_2361.json,reports/conv/conv_2361/csynth.xml,,,NO,
conv_2362,16,28,28,32,1,4,8,False,conv2d,,relu,YES,YES,NO,configs/conv/conv_2362.json,reports/conv/conv_2362/csynth.xml,,,NO,
conv_2363,16,28,28,32,1,4,8,False,group_conv2d,2,relu,YES,YES,NO,configs/conv/conv_2363.json,reports/conv/conv_2363/csynth.xml,,,NO,
conv_2364,16,28,28,32,1,4,8,False,group_conv2d,4,relu,YES,YES,NO,configs/conv/conv_2364.json,reports/conv/conv_2364/csynth.xml,,,NO,
conv_2365,16,28,28,32,1,4,8,True,conv2d,,sigmoid,YES,YES,NO,configs/conv/conv_2365.json,reports/conv/conv_2365/csynth.xml,,,NO,
conv_2366,16,28,28,32,1,4,8,True,group_conv2d,2,sigmoid,YES,YES,NO,configs/conv/conv_2366.json,reports/conv/conv_2366/csynth.xml,,,NO,
conv_2367,16,28,28,32,1,4,8,True,group_conv2d,4,sigmoid,YES,YES,NO,configs/conv/conv_2367.json,reports/conv/conv_2367/csynth.xml,,,NO,
conv_2368,16,28,28,32,1,4,8,False,conv2d,,sigmoid,YES,YES,NO,configs/conv/conv_2368.json,reports/conv/conv_2368/csynth.xml,,,NO,
conv_2369,16,28,28,32,1,4,8,False,group_conv2d,2,sigmoid,YES,YES,NO,configs/conv/conv_2369.json,reports/conv/conv_2369/csynth.xml,,,NO,
conv_2370,16,28,28,32,1,4,8,False,group_conv2d,4,sigmoid,YES,YES,NO,configs/conv/conv_2370.json,reports/conv/conv_2370/csynth.xml,,,NO,
conv_2371,16,28,28,32,1,4,8,True,conv2d,,tanh,YES,YES,NO,configs/conv/conv_2371.json,reports/conv/conv_2371/csynth.xml,,,NO,
conv_2372,16,28,28,32,1,4,8,True,group_conv2d,2,tanh,YES,YES,NO,configs/conv/conv_2372.json,reports/conv/conv_2372/csynth.xml,,,NO,
conv_2373,16,28,28,32,1,4,8,True,group_conv2d,4,tanh,YES,YES,NO,configs/conv/conv_2373.json,reports/conv/conv_2373/csynth.xml,,,NO,
conv_2374,16,28,28,32,1,4,8,False,conv2d,,tanh,YES,YES,NO,configs/conv/conv_2374.json,reports/conv/conv_2374/csynth.xml,,,NO,
conv_2375,16,28,28,32,1,4,8,False,group_conv2d,2,tanh,YES,YES,NO,configs/conv/conv_2375.json,reports/conv/conv_2375/csynth.xml,,,NO,
conv_2376,16,28,28,32,1,4,8,False,group_conv2d,4,tanh,YES,YES,NO,configs/conv/conv_2376.json,reports/conv/conv_2376/csynth.xml,,,NO,
conv_2377,16,28,28,32,1,8,1,True,conv2d,,relu,YES,YES,NO,configs/conv/conv_2377.json,reports/conv/conv_2377/csynth.xml,,,NO,
conv_2378,16,28,28,32,1,8,1,True,group_conv2d,2,relu,YES,YES,NO,configs/conv/conv_2378.json,reports/conv/conv_2378/csynth.xml,,,NO,
conv_2379,16,28,28,32,1,8,1,True,group_conv2d,4,relu,YES,YES,NO,configs/conv/conv_2379.json,reports/conv/conv_2379/csynth.xml,,,NO,
conv_2380,16,28,28,32,1,8,1,False,conv2d,,relu,YES,YES,YES,configs/conv/conv_2380.json,reports/conv/conv_2380/csynth.xml,reports/conv/conv_2380/export_impl.xml,reports/conv/conv_2380/power_routed.rpt,NO,
conv_2381,16,28,28,32,1,8,1,False,group_conv2d,2,relu,YES,YES,NO,configs/conv/conv_2381.json,reports/conv/conv_2381/csynth.xml,,,NO,
conv_2382,16,28,28,32,1,8,1,False,group_conv2d,4,relu,YES,YES,NO,configs/conv/conv_2382.json,reports/conv/conv_2382/csynth.xml,,,NO,
conv_2383,16,28,28,32,1,8,1,True,conv2d,,sigmoid,YES,YES,NO,configs/conv/conv_2383.json,reports/conv/conv_2383/csynth.xml,,,NO,
conv_2384,16,28,28,32,1,8,1,True,group_conv2d,2,sigmoid,YES,YES,NO,configs/conv/conv_2384.json,reports/conv/conv_2384/csynth.xml,,,NO,
conv_2385,16,28,28,32,1,8,1,True,group_conv2d,4,sigmoid,YES,YES,NO,configs/conv/conv_2385.json,reports/conv/conv_2385/csynth.xml,,,NO,
conv_2386,16,28,28,32,1,8,1,False,conv2d,,sigmoid,YES,YES,NO,configs/conv/conv_2386.json,reports/conv/conv_2386/csynth.xml,,,NO,
conv_2387,16,28,28,32,1,8,1,False,group_conv2d,2,sigmoid,YES,YES,NO,configs/conv/conv_2387.json,reports/conv/conv_2387/csynth.xml,,,NO,
conv_2388,16,28,28,32,1,8,1,False,group_conv2d,4,sigmoid,YES,YES,NO,configs/conv/conv_2388.json,reports/conv/conv_2388/csynth.xml,,,NO,
conv_2389,16,28,28,32,1,8,1,True,conv2d,,tanh,YES,YES,NO,configs/conv/conv_2389.json,reports/conv/conv_2389/csynth.xml,,,NO,
conv_2390,16,28,28,32,1,8,1,True,group_conv2d,2,tanh,YES,YES,NO,configs/conv/conv_2390.json,reports/conv/conv_2390/csynth.xml,,,NO,
conv_2391,16,28,28,32,1,8,1,True,group_conv2d,4,tanh,YES,YES,NO,configs/conv/conv_2391.json,reports/conv/conv_2391/csynth.xml,,,NO,
conv_2392,16,28,28,32,1,8,1,False,conv2d,,tanh,YES,YES,NO,configs/conv/conv_2392.json,reports/conv/conv_2392/csynth.xml,,,NO,
conv_2393,16,28,28,32,1,8,1,False,group_conv2d,2,tanh,YES,YES,NO,configs/conv/conv_2393.json,reports/conv/conv_2393/csynth.xml,,,NO,
conv_2394,16,28,28,32,1,8,1,False,group_conv2d,4,tanh,YES,YES,NO,configs/conv/conv_2394.json,reports/conv/conv_2394/csynth.xml,,,NO,
conv_2395,16,28,28,32,1,8,4,True,conv2d,,relu,YES,YES,NO,configs/conv/conv_2395.json,reports/conv/conv_2395/csynth.xml,,,NO,
conv_2396,16,28,28,32,1,8,4,True,group_conv2d,2,relu,YES,YES,NO,configs/conv/conv_2396.json,reports/conv/conv_2396/csynth.xml,,,NO,
conv_2397,16,28,28,32,1,8,4,True,group_conv2d,4,relu,YES,YES,NO,configs/conv/conv_2397.json,reports/conv/conv_2397/csynth.xml,,,NO,
conv_2398,16,28,28,32,1,8,4,False,conv2d,,relu,YES,YES,NO,configs/conv/conv_2398.json,reports/conv/conv_2398/csynth.xml,,,NO,
conv_2399,16,28,28,32,1,8,4,False,group_conv2d,2,relu,YES,YES,NO,configs/conv/conv_2399.json,reports/conv/conv_2399/csynth.xml,,,NO,
conv_2400,16,28,28,32,1,8,4,False,group_conv2d,4,relu,YES,YES,YES,configs/conv/conv_2400.json,reports/conv/conv_2400/csynth.xml,reports/conv/conv_2400/export_impl.xml,reports/conv/conv_2400/power_routed.rpt,NO,
conv_2401,16,28,28,32,1,8,4,True,conv2d,,sigmoid,YES,YES,NO,configs/conv/conv_2401.json,reports/conv/conv_2401/csynth.xml,,,NO,
conv_2402,16,28,28,32,1,8,4,True,group_conv2d,2,sigmoid,YES,YES,NO,configs/conv/conv_2402.json,reports/conv/conv_2402/csynth.xml,,,NO,
conv_2403,16,28,28,32,1,8,4,True,group_conv2d,4,sigmoid,YES,YES,NO,configs/conv/conv_2403.json,reports/conv/conv_2403/csynth.xml,,,NO,
conv_2404,16,28,28,32,1,8,4,False,conv2d,,sigmoid,YES,YES,NO,configs/conv/conv_2404.json,reports/conv/conv_2404/csynth.xml,,,NO,
conv_2405,16,28,28,32,1,8,4,False,group_conv2d,2,sigmoid,YES,YES,NO,configs/conv/conv_2405.json,reports/conv/conv_2405/csynth.xml,,,NO,
conv_2406,16,28,28,32,1,8,4,False,group_conv2d,4,sigmoid,YES,YES,NO,configs/conv/conv_2406.json,reports/conv/conv_2406/csynth.xml,,,NO,
conv_2407,16,28,28,32,1,8,4,True,conv2d,,tanh,YES,YES,NO,configs/conv/conv_2407.json,reports/conv/conv_2407/csynth.xml,,,NO,
conv_2408,16,28,28,32,1,8,4,True,group_conv2d,2,tanh,YES,YES,NO,configs/conv/conv_2408.json,reports/conv/conv_2408/csynth.xml,,,NO,
conv_2409,16,28,28,32,1,8,4,True,group_conv2d,4,tanh,YES,YES,NO,configs/conv/conv_2409.json,reports/conv/conv_2409/csynth.xml,,,NO,
conv_2410,16,28,28,32,1,8,4,False,conv2d,,tanh,YES,YES,NO,configs/conv/conv_2410.json,reports/conv/conv_2410/csynth.xml,,,NO,
conv_2411,16,28,28,32,1,8,4,False,group_conv2d,2,tanh,YES,YES,NO,configs/conv/conv_2411.json,reports/conv/conv_2411/csynth.xml,,,NO,
conv_2412,16,28,28,32,1,8,4,False,group_conv2d,4,tanh,YES,YES,NO,configs/conv/conv_2412.json,reports/conv/conv_2412/csynth.xml,,,NO,
conv_2413,16,28,28,32,1,8,8,True,conv2d,,relu,YES,YES,NO,configs/conv/conv_2413.json,reports/conv/conv_2413/csynth.xml,,,NO,
conv_2414,16,28,28,32,1,8,8,True,group_conv2d,2,relu,YES,YES,YES,configs/conv/conv_2414.json,reports/conv/conv_2414/csynth.xml,reports/conv/conv_2414/export_impl.xml,reports/conv/conv_2414/power_routed.rpt,NO,
conv_2415,16,28,28,32,1,8,8,True,group_conv2d,4,relu,YES,YES,NO,configs/conv/conv_2415.json,reports/conv/conv_2415/csynth.xml,,,NO,
conv_2416,16,28,28,32,1,8,8,False,conv2d,,relu,YES,YES,NO,configs/conv/conv_2416.json,reports/conv/conv_2416/csynth.xml,,,NO,
conv_2417,16,28,28,32,1,8,8,False,group_conv2d,2,relu,YES,YES,NO,configs/conv/conv_2417.json,reports/conv/conv_2417/csynth.xml,,,NO,
conv_2418,16,28,28,32,1,8,8,False,group_conv2d,4,relu,YES,YES,NO,configs/conv/conv_2418.json,reports/conv/conv_2418/csynth.xml,,,NO,
conv_2419,16,28,28,32,1,8,8,True,conv2d,,sigmoid,YES,YES,NO,configs/conv/conv_2419.json,reports/conv/conv_2419/csynth.xml,,,NO,
conv_2420,16,28,28,32,1,8,8,True,group_conv2d,2,sigmoid,YES,YES,NO,configs/conv/conv_2420.json,reports/conv/conv_2420/csynth.xml,,,NO,
conv_2421,16,28,28,32,1,8,8,True,group_conv2d,4,sigmoid,YES,YES,NO,configs/conv/conv_2421.json,reports/conv/conv_2421/csynth.xml,,,NO,
conv_2422,16,28,28,32,1,8,8,False,conv2d,,sigmoid,YES,YES,NO,configs/conv/conv_2422.json,reports/conv/conv_2422/csynth.xml,,,NO,
conv_2423,16,28,28,32,1,8,8,False,group_conv2d,2,sigmoid,YES,YES,NO,configs/conv/conv_2423.json,reports/conv/conv_2423/csynth.xml,,,NO,
conv_2424,16,28,28,32,1,8,8,False,group_conv2d,4,sigmoid,YES,YES,NO,configs/conv/conv_2424.json,reports/conv/conv_2424/csynth.xml,,,NO,
conv_2425,16,28,28,32,1,8,8,True,conv2d,,tanh,YES,YES,NO,configs/conv/conv_2425.json,reports/conv/conv_2425/csynth.xml,,,NO,
conv_2426,16,28,28,32,1,8,8,True,group_conv2d,2,tanh,YES,YES,NO,configs/conv/conv_2426.json,reports/conv/conv_2426/csynth.xml,,,NO,
conv_2427,16,28,28,32,1,8,8,True,group_conv2d,4,tanh,YES,YES,NO,configs/conv/conv_2427.json,reports/conv/conv_2427/csynth.xml,,,NO,
conv_2428,16,28,28,32,1,8,8,False,conv2d,,tanh,YES,YES,NO,configs/conv/conv_2428.json,reports/conv/conv_2428/csynth.xml,,,NO,
conv_2429,16,28,28,32,1,8,8,False,group_conv2d,2,tanh,YES,YES,NO,configs/conv/conv_2429.json,reports/conv/conv_2429/csynth.xml,,,NO,
conv_2430,16,28,28,32,1,8,8,False,group_conv2d,4,tanh,YES,YES,NO,configs/conv/conv_2430.json,reports/conv/conv_2430/csynth.xml,,,NO,
conv_2431,16,28,28,32,3,1,1,True,conv2d,,relu,YES,YES,YES,configs/conv/conv_2431.json,reports/conv/conv_2431/csynth.xml,reports/conv/conv_2431/export_impl.xml,reports/conv/conv_2431/power_routed.rpt,NO,
conv_2432,16,28,28,32,3,1,1,True,group_conv2d,2,relu,YES,YES,YES,configs/conv/conv_2432.json,reports/conv/conv_2432/csynth.xml,reports/conv/conv_2432/export_impl.xml,reports/conv/conv_2432/power_routed.rpt,NO,
conv_2433,16,28,28,32,3,1,1,True,group_conv2d,4,relu,YES,YES,YES,configs/conv/conv_2433.json,reports/conv/conv_2433/csynth.xml,reports/conv/conv_2433/export_impl.xml,reports/conv/conv_2433/power_routed.rpt,NO,
conv_2434,16,28,28,32,3,1,1,False,conv2d,,relu,YES,YES,YES,configs/conv/conv_2434.json,reports/conv/conv_2434/csynth.xml,reports/conv/conv_2434/export_impl.xml,reports/conv/conv_2434/power_routed.rpt,NO,
conv_2435,16,28,28,32,3,1,1,False,group_conv2d,2,relu,YES,YES,YES,configs/conv/conv_2435.json,reports/conv/conv_2435/csynth.xml,reports/conv/conv_2435/export_impl.xml,reports/conv/conv_2435/power_routed.rpt,NO,
conv_2436,16,28,28,32,3,1,1,False,group_conv2d,4,relu,YES,YES,YES,configs/conv/conv_2436.json,reports/conv/conv_2436/csynth.xml,reports/conv/conv_2436/export_impl.xml,reports/conv/conv_2436/power_routed.rpt,NO,
conv_2437,16,28,28,32,3,1,1,True,conv2d,,sigmoid,YES,YES,YES,configs/conv/conv_2437.json,reports/conv/conv_2437/csynth.xml,reports/conv/conv_2437/export_impl.xml,reports/conv/conv_2437/power_routed.rpt,NO,
conv_2438,16,28,28,32,3,1,1,True,group_conv2d,2,sigmoid,YES,YES,YES,configs/conv/conv_2438.json,reports/conv/conv_2438/csynth.xml,reports/conv/conv_2438/export_impl.xml,reports/conv/conv_2438/power_routed.rpt,NO,
conv_2439,16,28,28,32,3,1,1,True,group_conv2d,4,sigmoid,YES,YES,YES,configs/conv/conv_2439.json,reports/conv/conv_2439/csynth.xml,reports/conv/conv_2439/export_impl.xml,reports/conv/conv_2439/power_routed.rpt,NO,
conv_2440,16,28,28,32,3,1,1,False,conv2d,,sigmoid,YES,YES,YES,configs/conv/conv_2440.json,reports/conv/conv_2440/csynth.xml,reports/conv/conv_2440/export_impl.xml,reports/conv/conv_2440/power_routed.rpt,NO,
conv_2441,16,28,28,32,3,1,1,False,group_conv2d,2,sigmoid,YES,YES,YES,configs/conv/conv_2441.json,reports/conv/conv_2441/csynth.xml,reports/conv/conv_2441/export_impl.xml,reports/conv/conv_2441/power_routed.rpt,NO,
conv_2442,16,28,28,32,3,1,1,False,group_conv2d,4,sigmoid,YES,YES,YES,configs/conv/conv_2442.json,reports/conv/conv_2442/csynth.xml,reports/conv/conv_2442/export_impl.xml,reports/conv/conv_2442/power_routed.rpt,NO,
conv_2443,16,28,28,32,3,1,1,True,conv2d,,tanh,YES,YES,YES,configs/conv/conv_2443.json,reports/conv/conv_2443/csynth.xml,reports/conv/conv_2443/export_impl.xml,reports/conv/conv_2443/power_routed.rpt,NO,
conv_2444,16,28,28,32,3,1,1,True,group_conv2d,2,tanh,YES,YES,YES,configs/conv/conv_2444.json,reports/conv/conv_2444/csynth.xml,reports/conv/conv_2444/export_impl.xml,reports/conv/conv_2444/power_routed.rpt,NO,
conv_2445,16,28,28,32,3,1,1,True,group_conv2d,4,tanh,YES,YES,YES,configs/conv/conv_2445.json,reports/conv/conv_2445/csynth.xml,reports/conv/conv_2445/export_impl.xml,reports/conv/conv_2445/power_routed.rpt,NO,
conv_2446,16,28,28,32,3,1,1,False,conv2d,,tanh,YES,YES,YES,configs/conv/conv_2446.json,reports/conv/conv_2446/csynth.xml,reports/conv/conv_2446/export_impl.xml,reports/conv/conv_2446/power_routed.rpt,NO,
conv_2447,16,28,28,32,3,1,1,False,group_conv2d,2,tanh,YES,YES,YES,configs/conv/conv_2447.json,reports/conv/conv_2447/csynth.xml,reports/conv/conv_2447/export_impl.xml,reports/conv/conv_2447/power_routed.rpt,NO,
conv_2448,16,28,28,32,3,1,1,False,group_conv2d,4,tanh,YES,YES,YES,configs/conv/conv_2448.json,reports/conv/conv_2448/csynth.xml,reports/conv/conv_2448/export_impl.xml,reports/conv/conv_2448/power_routed.rpt,NO,
conv_2449,16,28,28,32,3,1,4,True,conv2d,,relu,YES,YES,NO,configs/conv/conv_2449.json,reports/conv/conv_2449/csynth.xml,,,NO,
conv_2450,16,28,28,32,3,1,4,True,group_conv2d,2,relu,YES,YES,NO,configs/conv/conv_2450.json,reports/conv/conv_2450/csynth.xml,,,NO,
conv_2451,16,28,28,32,3,1,4,True,group_conv2d,4,relu,YES,YES,NO,configs/conv/conv_2451.json,reports/conv/conv_2451/csynth.xml,,,NO,
conv_2452,16,28,28,32,3,1,4,False,conv2d,,relu,YES,YES,NO,configs/conv/conv_2452.json,reports/conv/conv_2452/csynth.xml,,,NO,
conv_2453,16,28,28,32,3,1,4,False,group_conv2d,2,relu,YES,YES,NO,configs/conv/conv_2453.json,reports/conv/conv_2453/csynth.xml,,,NO,
conv_2454,16,28,28,32,3,1,4,False,group_conv2d,4,relu,YES,YES,NO,configs/conv/conv_2454.json,reports/conv/conv_2454/csynth.xml,,,NO,
conv_2455,16,28,28,32,3,1,4,True,conv2d,,sigmoid,YES,YES,YES,configs/conv/conv_2455.json,reports/conv/conv_2455/csynth.xml,reports/conv/conv_2455/export_impl.xml,reports/conv/conv_2455/power_routed.rpt,NO,
conv_2456,16,28,28,32,3,1,4,True,group_conv2d,2,sigmoid,YES,YES,NO,configs/conv/conv_2456.json,reports/conv/conv_2456/csynth.xml,,,NO,
conv_2457,16,28,28,32,3,1,4,True,group_conv2d,4,sigmoid,YES,YES,NO,configs/conv/conv_2457.json,reports/conv/conv_2457/csynth.xml,,,NO,
conv_2458,16,28,28,32,3,1,4,False,conv2d,,sigmoid,YES,YES,NO,configs/conv/conv_2458.json,reports/conv/conv_2458/csynth.xml,,,NO,
conv_2459,16,28,28,32,3,1,4,False,group_conv2d,2,sigmoid,YES,YES,NO,configs/conv/conv_2459.json,reports/conv/conv_2459/csynth.xml,,,NO,
conv_2460,16,28,28,32,3,1,4,False,group_conv2d,4,sigmoid,YES,YES,NO,configs/conv/conv_2460.json,reports/conv/conv_2460/csynth.xml,,,NO,
conv_2461,16,28,28,32,3,1,4,True,conv2d,,tanh,YES,YES,NO,configs/conv/conv_2461.json,reports/conv/conv_2461/csynth.xml,,,NO,
conv_2462,16,28,28,32,3,1,4,True,group_conv2d,2,tanh,YES,YES,NO,configs/conv/conv_2462.json,reports/conv/conv_2462/csynth.xml,,,NO,
conv_2463,16,28,28,32,3,1,4,True,group_conv2d,4,tanh,YES,YES,NO,configs/conv/conv_2463.json,reports/conv/conv_2463/csynth.xml,,,NO,
conv_2464,16,28,28,32,3,1,4,False,conv2d,,tanh,YES,YES,YES,configs/conv/conv_2464.json,reports/conv/conv_2464/csynth.xml,reports/conv/conv_2464/export_impl.xml,reports/conv/conv_2464/power_routed.rpt,NO,
conv_2465,16,28,28,32,3,1,4,False,group_conv2d,2,tanh,YES,YES,NO,configs/conv/conv_2465.json,reports/conv/conv_2465/csynth.xml,,,NO,
conv_2466,16,28,28,32,3,1,4,False,group_conv2d,4,tanh,YES,YES,NO,configs/conv/conv_2466.json,reports/conv/conv_2466/csynth.xml,,,NO,
conv_2467,16,28,28,32,3,1,8,True,conv2d,,relu,YES,YES,NO,configs/conv/conv_2467.json,reports/conv/conv_2467/csynth.xml,,,NO,
conv_2468,16,28,28,32,3,1,8,True,group_conv2d,2,relu,YES,YES,NO,configs/conv/conv_2468.json,reports/conv/conv_2468/csynth.xml,,,NO,
conv_2469,16,28,28,32,3,1,8,True,group_conv2d,4,relu,YES,YES,NO,configs/conv/conv_2469.json,reports/conv/conv_2469/csynth.xml,,,NO,
conv_2470,16,28,28,32,3,1,8,False,conv2d,,relu,YES,YES,NO,configs/conv/conv_2470.json,reports/conv/conv_2470/csynth.xml,,,NO,
conv_2471,16,28,28,32,3,1,8,False,group_conv2d,2,relu,YES,YES,NO,configs/conv/conv_2471.json,reports/conv/conv_2471/csynth.xml,,,NO,
conv_2472,16,28,28,32,3,1,8,False,group_conv2d,4,relu,YES,YES,NO,configs/conv/conv_2472.json,reports/conv/conv_2472/csynth.xml,,,NO,
conv_2473,16,28,28,32,3,1,8,True,conv2d,,sigmoid,YES,YES,NO,configs/conv/conv_2473.json,reports/conv/conv_2473/csynth.xml,,,NO,
conv_2474,16,28,28,32,3,1,8,True,group_conv2d,2,sigmoid,YES,YES,NO,configs/conv/conv_2474.json,reports/conv/conv_2474/csynth.xml,,,NO,
conv_2475,16,28,28,32,3,1,8,True,group_conv2d,4,sigmoid,YES,YES,NO,configs/conv/conv_2475.json,reports/conv/conv_2475/csynth.xml,,,NO,
conv_2476,16,28,28,32,3,1,8,False,conv2d,,sigmoid,YES,YES,NO,configs/conv/conv_2476.json,reports/conv/conv_2476/csynth.xml,,,NO,
conv_2477,16,28,28,32,3,1,8,False,group_conv2d,2,sigmoid,YES,YES,NO,configs/conv/conv_2477.json,reports/conv/conv_2477/csynth.xml,,,NO,
conv_2478,16,28,28,32,3,1,8,False,group_conv2d,4,sigmoid,YES,YES,NO,configs/conv/conv_2478.json,reports/conv/conv_2478/csynth.xml,,,NO,
conv_2479,16,28,28,32,3,1,8,True,conv2d,,tanh,YES,YES,NO,configs/conv/conv_2479.json,reports/conv/conv_2479/csynth.xml,,,NO,
conv_2480,16,28,28,32,3,1,8,True,group_conv2d,2,tanh,YES,YES,NO,configs/conv/conv_2480.json,reports/conv/conv_2480/csynth.xml,,,NO,
conv_2481,16,28,28,32,3,1,8,True,group_conv2d,4,tanh,YES,YES,NO,configs/conv/conv_2481.json,reports/conv/conv_2481/csynth.xml,,,NO,
conv_2482,16,28,28,32,3,1,8,False,conv2d,,tanh,YES,YES,NO,configs/conv/conv_2482.json,reports/conv/conv_2482/csynth.xml,,,NO,
conv_2483,16,28,28,32,3,1,8,False,group_conv2d,2,tanh,YES,YES,NO,configs/conv/conv_2483.json,reports/conv/conv_2483/csynth.xml,,,NO,
conv_2484,16,28,28,32,3,1,8,False,group_conv2d,4,tanh,YES,YES,NO,configs/conv/conv_2484.json,reports/conv/conv_2484/csynth.xml,,,NO,
conv_2485,16,28,28,32,3,4,1,True,conv2d,,relu,YES,YES,NO,configs/conv/conv_2485.json,reports/conv/conv_2485/csynth.xml,,,NO,
conv_2486,16,28,28,32,3,4,1,True,group_conv2d,2,relu,YES,YES,NO,configs/conv/conv_2486.json,reports/conv/conv_2486/csynth.xml,,,NO,
conv_2487,16,28,28,32,3,4,1,True,group_conv2d,4,relu,YES,YES,NO,configs/conv/conv_2487.json,reports/conv/conv_2487/csynth.xml,,,NO,
conv_2488,16,28,28,32,3,4,1,False,conv2d,,relu,YES,YES,NO,configs/conv/conv_2488.json,reports/conv/conv_2488/csynth.xml,,,NO,
conv_2489,16,28,28,32,3,4,1,False,group_conv2d,2,relu,YES,YES,NO,configs/conv/conv_2489.json,reports/conv/conv_2489/csynth.xml,,,NO,
conv_2490,16,28,28,32,3,4,1,False,group_conv2d,4,relu,YES,YES,NO,configs/conv/conv_2490.json,reports/conv/conv_2490/csynth.xml,,,NO,
conv_2491,16,28,28,32,3,4,1,True,conv2d,,sigmoid,YES,YES,YES,configs/conv/conv_2491.json,reports/conv/conv_2491/csynth.xml,reports/conv/conv_2491/export_impl.xml,reports/conv/conv_2491/power_routed.rpt,NO,
conv_2492,16,28,28,32,3,4,1,True,group_conv2d,2,sigmoid,YES,YES,NO,configs/conv/conv_2492.json,reports/conv/conv_2492/csynth.xml,,,NO,
conv_2493,16,28,28,32,3,4,1,True,group_conv2d,4,sigmoid,YES,YES,NO,configs/conv/conv_2493.json,reports/conv/conv_2493/csynth.xml,,,NO,
conv_2494,16,28,28,32,3,4,1,False,conv2d,,sigmoid,YES,YES,YES,configs/conv/conv_2494.json,reports/conv/conv_2494/csynth.xml,reports/conv/conv_2494/export_impl.xml,reports/conv/conv_2494/power_routed.rpt,NO,
conv_2495,16,28,28,32,3,4,1,False,group_conv2d,2,sigmoid,YES,YES,NO,configs/conv/conv_2495.json,reports/conv/conv_2495/csynth.xml,,,NO,
conv_2496,16,28,28,32,3,4,1,False,group_conv2d,4,sigmoid,YES,YES,NO,configs/conv/conv_2496.json,reports/conv/conv_2496/csynth.xml,,,NO,
conv_2497,16,28,28,32,3,4,1,True,conv2d,,tanh,YES,YES,NO,configs/conv/conv_2497.json,reports/conv/conv_2497/csynth.xml,,,NO,
conv_2498,16,28,28,32,3,4,1,True,group_conv2d,2,tanh,YES,YES,NO,configs/conv/conv_2498.json,reports/conv/conv_2498/csynth.xml,,,NO,
conv_2499,16,28,28,32,3,4,1,True,group_conv2d,4,tanh,YES,YES,NO,configs/conv/conv_2499.json,reports/conv/conv_2499/csynth.xml,,,NO,
conv_2500,16,28,28,32,3,4,1,False,conv2d,,tanh,YES,YES,NO,configs/conv/conv_2500.json,reports/conv/conv_2500/csynth.xml,,,NO,
conv_2501,16,28,28,32,3,4,1,False,group_conv2d,2,tanh,YES,YES,NO,configs/conv/conv_2501.json,reports/conv/conv_2501/csynth.xml,,,NO,
conv_2502,16,28,28,32,3,4,1,False,group_conv2d,4,tanh,YES,YES,NO,configs/conv/conv_2502.json,reports/conv/conv_2502/csynth.xml,,,NO,
conv_2503,16,28,28,32,3,4,4,True,conv2d,,relu,YES,YES,YES,configs/conv/conv_2503.json,reports/conv/conv_2503/csynth.xml,reports/conv/conv_2503/export_impl.xml,reports/conv/conv_2503/power_routed.rpt,NO,
conv_2504,16,28,28,32,3,4,4,True,group_conv2d,2,relu,YES,YES,NO,configs/conv/conv_2504.json,reports/conv/conv_2504/csynth.xml,,,NO,
conv_2505,16,28,28,32,3,4,4,True,group_conv2d,4,relu,YES,YES,NO,configs/conv/conv_2505.json,reports/conv/conv_2505/csynth.xml,,,NO,
conv_2506,16,28,28,32,3,4,4,False,conv2d,,relu,YES,YES,YES,configs/conv/conv_2506.json,reports/conv/conv_2506/csynth.xml,reports/conv/conv_2506/export_impl.xml,reports/conv/conv_2506/power_routed.rpt,NO,
conv_2507,16,28,28,32,3,4,4,False,group_conv2d,2,relu,YES,YES,NO,configs/conv/conv_2507.json,reports/conv/conv_2507/csynth.xml,,,NO,
conv_2508,16,28,28,32,3,4,4,False,group_conv2d,4,relu,YES,YES,NO,configs/conv/conv_2508.json,reports/conv/conv_2508/csynth.xml,,,NO,
conv_2509,16,28,28,32,3,4,4,True,conv2d,,sigmoid,YES,YES,NO,configs/conv/conv_2509.json,reports/conv/conv_2509/csynth.xml,,,NO,
conv_2510,16,28,28,32,3,4,4,True,group_conv2d,2,sigmoid,YES,YES,NO,configs/conv/conv_2510.json,reports/conv/conv_2510/csynth.xml,,,NO,
conv_2511,16,28,28,32,3,4,4,True,group_conv2d,4,sigmoid,YES,YES,NO,configs/conv/conv_2511.json,reports/conv/conv_2511/csynth.xml,,,NO,
conv_2512,16,28,28,32,3,4,4,False,conv2d,,sigmoid,YES,YES,NO,configs/conv/conv_2512.json,reports/conv/conv_2512/csynth.xml,,,NO,
conv_2513,16,28,28,32,3,4,4,False,group_conv2d,2,sigmoid,YES,YES,NO,configs/conv/conv_2513.json,reports/conv/conv_2513/csynth.xml,,,NO,
conv_2514,16,28,28,32,3,4,4,False,group_conv2d,4,sigmoid,YES,YES,NO,configs/conv/conv_2514.json,reports/conv/conv_2514/csynth.xml,,,NO,
conv_2515,16,28,28,32,3,4,4,True,conv2d,,tanh,YES,YES,NO,configs/conv/conv_2515.json,reports/conv/conv_2515/csynth.xml,,,NO,
conv_2516,16,28,28,32,3,4,4,True,group_conv2d,2,tanh,YES,YES,NO,configs/conv/conv_2516.json,reports/conv/conv_2516/csynth.xml,,,NO,
conv_2517,16,28,28,32,3,4,4,True,group_conv2d,4,tanh,YES,YES,NO,configs/conv/conv_2517.json,reports/conv/conv_2517/csynth.xml,,,NO,
conv_2518,16,28,28,32,3,4,4,False,conv2d,,tanh,YES,YES,NO,configs/conv/conv_2518.json,reports/conv/conv_2518/csynth.xml,,,NO,
conv_2519,16,28,28,32,3,4,4,False,group_conv2d,2,tanh,YES,YES,NO,configs/conv/conv_2519.json,reports/conv/conv_2519/csynth.xml,,,NO,
conv_2520,16,28,28,32,3,4,4,False,group_conv2d,4,tanh,YES,YES,NO,configs/conv/conv_2520.json,reports/conv/conv_2520/csynth.xml,,,NO,
conv_2521,16,28,28,32,3,4,8,True,conv2d,,relu,YES,YES,NO,configs/conv/conv_2521.json,reports/conv/conv_2521/csynth.xml,,,NO,
conv_2522,16,28,28,32,3,4,8,True,group_conv2d,2,relu,YES,YES,NO,configs/conv/conv_2522.json,reports/conv/conv_2522/csynth.xml,,,NO,
conv_2523,16,28,28,32,3,4,8,True,group_conv2d,4,relu,YES,YES,NO,configs/conv/conv_2523.json,reports/conv/conv_2523/csynth.xml,,,NO,
conv_2524,16,28,28,32,3,4,8,False,conv2d,,relu,YES,YES,YES,configs/conv/conv_2524.json,reports/conv/conv_2524/csynth.xml,reports/conv/conv_2524/export_impl.xml,reports/conv/conv_2524/power_routed.rpt,NO,
conv_2525,16,28,28,32,3,4,8,False,group_conv2d,2,relu,YES,YES,NO,configs/conv/conv_2525.json,reports/conv/conv_2525/csynth.xml,,,NO,
conv_2526,16,28,28,32,3,4,8,False,group_conv2d,4,relu,YES,YES,NO,configs/conv/conv_2526.json,reports/conv/conv_2526/csynth.xml,,,NO,
conv_2527,16,28,28,32,3,4,8,True,conv2d,,sigmoid,YES,YES,NO,configs/conv/conv_2527.json,reports/conv/conv_2527/csynth.xml,,,NO,
conv_2528,16,28,28,32,3,4,8,True,group_conv2d,2,sigmoid,YES,YES,NO,configs/conv/conv_2528.json,reports/conv/conv_2528/csynth.xml,,,NO,
conv_2529,16,28,28,32,3,4,8,True,group_conv2d,4,sigmoid,YES,YES,NO,configs/conv/conv_2529.json,reports/conv/conv_2529/csynth.xml,,,NO,
conv_2530,16,28,28,32,3,4,8,False,conv2d,,sigmoid,YES,YES,NO,configs/conv/conv_2530.json,reports/conv/conv_2530/csynth.xml,,,NO,
conv_2531,16,28,28,32,3,4,8,False,group_conv2d,2,sigmoid,YES,YES,NO,configs/conv/conv_2531.json,reports/conv/conv_2531/csynth.xml,,,NO,
conv_2532,16,28,28,32,3,4,8,False,group_conv2d,4,sigmoid,YES,YES,NO,configs/conv/conv_2532.json,reports/conv/conv_2532/csynth.xml,,,NO,
conv_2533,16,28,28,32,3,4,8,True,conv2d,,tanh,YES,YES,NO,configs/conv/conv_2533.json,reports/conv/conv_2533/csynth.xml,,,NO,
conv_2534,16,28,28,32,3,4,8,True,group_conv2d,2,tanh,YES,YES,NO,configs/conv/conv_2534.json,reports/conv/conv_2534/csynth.xml,,,NO,
conv_2535,16,28,28,32,3,4,8,True,group_conv2d,4,tanh,YES,YES,NO,configs/conv/conv_2535.json,reports/conv/conv_2535/csynth.xml,,,NO,
conv_2536,16,28,28,32,3,4,8,False,conv2d,,tanh,YES,YES,NO,configs/conv/conv_2536.json,reports/conv/conv_2536/csynth.xml,,,NO,
conv_2537,16,28,28,32,3,4,8,False,group_conv2d,2,tanh,YES,YES,NO,configs/conv/conv_2537.json,reports/conv/conv_2537/csynth.xml,,,NO,
conv_2538,16,28,28,32,3,4,8,False,group_conv2d,4,tanh,YES,YES,NO,configs/conv/conv_2538.json,reports/conv/conv_2538/csynth.xml,,,NO,
conv_2539,16,28,28,32,3,8,1,True,conv2d,,relu,YES,YES,NO,configs/conv/conv_2539.json,reports/conv/conv_2539/csynth.xml,,,NO,
conv_2540,16,28,28,32,3,8,1,True,group_conv2d,2,relu,YES,YES,NO,configs/conv/conv_2540.json,reports/conv/conv_2540/csynth.xml,,,NO,
conv_2541,16,28,28,32,3,8,1,True,group_conv2d,4,relu,YES,YES,NO,configs/conv/conv_2541.json,reports/conv/conv_2541/csynth.xml,,,NO,
conv_2542,16,28,28,32,3,8,1,False,conv2d,,relu,YES,YES,NO,configs/conv/conv_2542.json,reports/conv/conv_2542/csynth.xml,,,NO,
conv_2543,16,28,28,32,3,8,1,False,group_conv2d,2,relu,YES,YES,NO,configs/conv/conv_2543.json,reports/conv/conv_2543/csynth.xml,,,NO,
conv_2544,16,28,28,32,3,8,1,False,group_conv2d,4,relu,YES,YES,YES,configs/conv/conv_2544.json,reports/conv/conv_2544/csynth.xml,reports/conv/conv_2544/export_impl.xml,reports/conv/conv_2544/power_routed.rpt,NO,
conv_2545,16,28,28,32,3,8,1,True,conv2d,,sigmoid,YES,YES,NO,configs/conv/conv_2545.json,reports/conv/conv_2545/csynth.xml,,,NO,
conv_2546,16,28,28,32,3,8,1,True,group_conv2d,2,sigmoid,YES,YES,NO,configs/conv/conv_2546.json,reports/conv/conv_2546/csynth.xml,,,NO,
conv_2547,16,28,28,32,3,8,1,True,group_conv2d,4,sigmoid,YES,YES,NO,configs/conv/conv_2547.json,reports/conv/conv_2547/csynth.xml,,,NO,
conv_2548,16,28,28,32,3,8,1,False,conv2d,,sigmoid,YES,YES,NO,configs/conv/conv_2548.json,reports/conv/conv_2548/csynth.xml,,,NO,
conv_2549,16,28,28,32,3,8,1,False,group_conv2d,2,sigmoid,YES,YES,NO,configs/conv/conv_2549.json,reports/conv/conv_2549/csynth.xml,,,NO,
conv_2550,16,28,28,32,3,8,1,False,group_conv2d,4,sigmoid,YES,YES,NO,configs/conv/conv_2550.json,reports/conv/conv_2550/csynth.xml,,,NO,
conv_2551,16,28,28,32,3,8,1,True,conv2d,,tanh,YES,YES,NO,configs/conv/conv_2551.json,reports/conv/conv_2551/csynth.xml,,,NO,
conv_2552,16,28,28,32,3,8,1,True,group_conv2d,2,tanh,YES,YES,NO,configs/conv/conv_2552.json,reports/conv/conv_2552/csynth.xml,,,NO,
conv_2553,16,28,28,32,3,8,1,True,group_conv2d,4,tanh,YES,YES,NO,configs/conv/conv_2553.json,reports/conv/conv_2553/csynth.xml,,,NO,
conv_2554,16,28,28,32,3,8,1,False,conv2d,,tanh,YES,YES,NO,configs/conv/conv_2554.json,reports/conv/conv_2554/csynth.xml,,,NO,
conv_2555,16,28,28,32,3,8,1,False,group_conv2d,2,tanh,YES,YES,NO,configs/conv/conv_2555.json,reports/conv/conv_2555/csynth.xml,,,NO,
conv_2556,16,28,28,32,3,8,1,False,group_conv2d,4,tanh,YES,YES,NO,configs/conv/conv_2556.json,reports/conv/conv_2556/csynth.xml,,,NO,
conv_2557,16,28,28,32,3,8,4,True,conv2d,,relu,YES,YES,NO,configs/conv/conv_2557.json,reports/conv/conv_2557/csynth.xml,,,NO,
conv_2558,16,28,28,32,3,8,4,True,group_conv2d,2,relu,YES,YES,YES,configs/conv/conv_2558.json,reports/conv/conv_2558/csynth.xml,reports/conv/conv_2558/export_impl.xml,reports/conv/conv_2558/power_routed.rpt,NO,
conv_2559,16,28,28,32,3,8,4,True,group_conv2d,4,relu,YES,YES,NO,configs/conv/conv_2559.json,reports/conv/conv_2559/csynth.xml,,,NO,
conv_2560,16,28,28,32,3,8,4,False,conv2d,,relu,YES,YES,NO,configs/conv/conv_2560.json,reports/conv/conv_2560/csynth.xml,,,NO,
conv_2561,16,28,28,32,3,8,4,False,group_conv2d,2,relu,YES,YES,NO,configs/conv/conv_2561.json,reports/conv/conv_2561/csynth.xml,,,NO,
conv_2562,16,28,28,32,3,8,4,False,group_conv2d,4,relu,YES,YES,NO,configs/conv/conv_2562.json,reports/conv/conv_2562/csynth.xml,,,NO,
conv_2563,16,28,28,32,3,8,4,True,conv2d,,sigmoid,YES,YES,NO,configs/conv/conv_2563.json,reports/conv/conv_2563/csynth.xml,,,NO,
conv_2564,16,28,28,32,3,8,4,True,group_conv2d,2,sigmoid,YES,YES,NO,configs/conv/conv_2564.json,reports/conv/conv_2564/csynth.xml,,,NO,
conv_2565,16,28,28,32,3,8,4,True,group_conv2d,4,sigmoid,YES,YES,NO,configs/conv/conv_2565.json,reports/conv/conv_2565/csynth.xml,,,NO,
conv_2566,16,28,28,32,3,8,4,False,conv2d,,sigmoid,YES,YES,NO,configs/conv/conv_2566.json,reports/conv/conv_2566/csynth.xml,,,NO,
conv_2567,16,28,28,32,3,8,4,False,group_conv2d,2,sigmoid,YES,YES,NO,configs/conv/conv_2567.json,reports/conv/conv_2567/csynth.xml,,,NO,
conv_2568,16,28,28,32,3,8,4,False,group_conv2d,4,sigmoid,YES,YES,NO,configs/conv/conv_2568.json,reports/conv/conv_2568/csynth.xml,,,NO,
conv_2569,16,28,28,32,3,8,4,True,conv2d,,tanh,YES,YES,NO,configs/conv/conv_2569.json,reports/conv/conv_2569/csynth.xml,,,NO,
conv_2570,16,28,28,32,3,8,4,True,group_conv2d,2,tanh,YES,YES,NO,configs/conv/conv_2570.json,reports/conv/conv_2570/csynth.xml,,,NO,
conv_2571,16,28,28,32,3,8,4,True,group_conv2d,4,tanh,YES,YES,NO,configs/conv/conv_2571.json,reports/conv/conv_2571/csynth.xml,,,NO,
conv_2572,16,28,28,32,3,8,4,False,conv2d,,tanh,YES,YES,NO,configs/conv/conv_2572.json,reports/conv/conv_2572/csynth.xml,,,NO,
conv_2573,16,28,28,32,3,8,4,False,group_conv2d,2,tanh,YES,YES,NO,configs/conv/conv_2573.json,reports/conv/conv_2573/csynth.xml,,,NO,
conv_2574,16,28,28,32,3,8,4,False,group_conv2d,4,tanh,YES,YES,NO,configs/conv/conv_2574.json,reports/conv/conv_2574/csynth.xml,,,NO,
conv_2575,16,28,28,32,3,8,8,True,conv2d,,relu,YES,YES,NO,configs/conv/conv_2575.json,reports/conv/conv_2575/csynth.xml,,,NO,
conv_2576,16,28,28,32,3,8,8,True,group_conv2d,2,relu,YES,YES,NO,configs/conv/conv_2576.json,reports/conv/conv_2576/csynth.xml,,,NO,
conv_2577,16,28,28,32,3,8,8,True,group_conv2d,4,relu,YES,YES,NO,configs/conv/conv_2577.json,reports/conv/conv_2577/csynth.xml,,,NO,
conv_2578,16,28,28,32,3,8,8,False,conv2d,,relu,YES,YES,NO,configs/conv/conv_2578.json,reports/conv/conv_2578/csynth.xml,,,NO,
conv_2579,16,28,28,32,3,8,8,False,group_conv2d,2,relu,YES,YES,NO,configs/conv/conv_2579.json,reports/conv/conv_2579/csynth.xml,,,NO,
conv_2580,16,28,28,32,3,8,8,False,group_conv2d,4,relu,YES,YES,NO,configs/conv/conv_2580.json,reports/conv/conv_2580/csynth.xml,,,NO,
conv_2581,16,28,28,32,3,8,8,True,conv2d,,sigmoid,YES,YES,NO,configs/conv/conv_2581.json,reports/conv/conv_2581/csynth.xml,,,NO,
conv_2582,16,28,28,32,3,8,8,True,group_conv2d,2,sigmoid,YES,YES,NO,configs/conv/conv_2582.json,reports/conv/conv_2582/csynth.xml,,,NO,
conv_2583,16,28,28,32,3,8,8,True,group_conv2d,4,sigmoid,YES,YES,NO,configs/conv/conv_2583.json,reports/conv/conv_2583/csynth.xml,,,NO,
conv_2584,16,28,28,32,3,8,8,False,conv2d,,sigmoid,YES,YES,NO,configs/conv/conv_2584.json,reports/conv/conv_2584/csynth.xml,,,NO,
conv_2585,16,28,28,32,3,8,8,False,group_conv2d,2,sigmoid,YES,YES,NO,configs/conv/conv_2585.json,reports/conv/conv_2585/csynth.xml,,,NO,
conv_2586,16,28,28,32,3,8,8,False,group_conv2d,4,sigmoid,YES,YES,NO,configs/conv/conv_2586.json,reports/conv/conv_2586/csynth.xml,,,NO,
conv_2587,16,28,28,32,3,8,8,True,conv2d,,tanh,YES,YES,NO,configs/conv/conv_2587.json,reports/conv/conv_2587/csynth.xml,,,NO,
conv_2588,16,28,28,32,3,8,8,True,group_conv2d,2,tanh,YES,YES,NO,configs/conv/conv_2588.json,reports/conv/conv_2588/csynth.xml,,,NO,
conv_2589,16,28,28,32,3,8,8,True,group_conv2d,4,tanh,YES,YES,NO,configs/conv/conv_2589.json,reports/conv/conv_2589/csynth.xml,,,NO,
conv_2590,16,28,28,32,3,8,8,False,conv2d,,tanh,YES,YES,NO,configs/conv/conv_2590.json,reports/conv/conv_2590/csynth.xml,,,NO,
conv_2591,16,28,28,32,3,8,8,False,group_conv2d,2,tanh,YES,YES,NO,configs/conv/conv_2591.json,reports/conv/conv_2591/csynth.xml,,,NO,
conv_2592,16,28,28,32,3,8,8,False,group_conv2d,4,tanh,YES,YES,NO,configs/conv/conv_2592.json,reports/conv/conv_2592/csynth.xml,,,NO,
conv_2593,32,56,56,16,1,1,1,True,conv2d,,relu,YES,YES,YES,configs/conv/conv_2593.json,reports/conv/conv_2593/csynth.xml,reports/conv/conv_2593/export_impl.xml,reports/conv/conv_2593/power_routed.rpt,NO,
conv_2594,32,56,56,16,1,1,1,True,group_conv2d,2,relu,YES,YES,YES,configs/conv/conv_2594.json,reports/conv/conv_2594/csynth.xml,reports/conv/conv_2594/export_impl.xml,reports/conv/conv_2594/power_routed.rpt,NO,
conv_2595,32,56,56,16,1,1,1,True,group_conv2d,4,relu,YES,YES,YES,configs/conv/conv_2595.json,reports/conv/conv_2595/csynth.xml,reports/conv/conv_2595/export_impl.xml,reports/conv/conv_2595/power_routed.rpt,NO,
conv_2596,32,56,56,16,1,1,1,False,conv2d,,relu,YES,YES,YES,configs/conv/conv_2596.json,reports/conv/conv_2596/csynth.xml,reports/conv/conv_2596/export_impl.xml,reports/conv/conv_2596/power_routed.rpt,NO,
conv_2597,32,56,56,16,1,1,1,False,group_conv2d,2,relu,YES,YES,YES,configs/conv/conv_2597.json,reports/conv/conv_2597/csynth.xml,reports/conv/conv_2597/export_impl.xml,reports/conv/conv_2597/power_routed.rpt,NO,
conv_2598,32,56,56,16,1,1,1,False,group_conv2d,4,relu,YES,YES,YES,configs/conv/conv_2598.json,reports/conv/conv_2598/csynth.xml,reports/conv/conv_2598/export_impl.xml,reports/conv/conv_2598/power_routed.rpt,NO,
conv_2599,32,56,56,16,1,1,1,True,conv2d,,sigmoid,YES,YES,YES,configs/conv/conv_2599.json,reports/conv/conv_2599/csynth.xml,reports/conv/conv_2599/export_impl.xml,reports/conv/conv_2599/power_routed.rpt,NO,
conv_2600,32,56,56,16,1,1,1,True,group_conv2d,2,sigmoid,YES,YES,YES,configs/conv/conv_2600.json,reports/conv/conv_2600/csynth.xml,reports/conv/conv_2600/export_impl.xml,reports/conv/conv_2600/power_routed.rpt,NO,
conv_2601,32,56,56,16,1,1,1,True,group_conv2d,4,sigmoid,YES,YES,YES,configs/conv/conv_2601.json,reports/conv/conv_2601/csynth.xml,reports/conv/conv_2601/export_impl.xml,reports/conv/conv_2601/power_routed.rpt,NO,
conv_2602,32,56,56,16,1,1,1,False,conv2d,,sigmoid,YES,YES,YES,configs/conv/conv_2602.json,reports/conv/conv_2602/csynth.xml,reports/conv/conv_2602/export_impl.xml,reports/conv/conv_2602/power_routed.rpt,NO,
conv_2603,32,56,56,16,1,1,1,False,group_conv2d,2,sigmoid,YES,YES,YES,configs/conv/conv_2603.json,reports/conv/conv_2603/csynth.xml,reports/conv/conv_2603/export_impl.xml,reports/conv/conv_2603/power_routed.rpt,NO,
conv_2604,32,56,56,16,1,1,1,False,group_conv2d,4,sigmoid,YES,YES,YES,configs/conv/conv_2604.json,reports/conv/conv_2604/csynth.xml,reports/conv/conv_2604/export_impl.xml,reports/conv/conv_2604/power_routed.rpt,NO,
conv_2605,32,56,56,16,1,1,1,True,conv2d,,tanh,YES,YES,YES,configs/conv/conv_2605.json,reports/conv/conv_2605/csynth.xml,reports/conv/conv_2605/export_impl.xml,reports/conv/conv_2605/power_routed.rpt,NO,
conv_2606,32,56,56,16,1,1,1,True,group_conv2d,2,tanh,YES,YES,YES,configs/conv/conv_2606.json,reports/conv/conv_2606/csynth.xml,reports/conv/conv_2606/export_impl.xml,reports/conv/conv_2606/power_routed.rpt,NO,
conv_2607,32,56,56,16,1,1,1,True,group_conv2d,4,tanh,YES,YES,YES,configs/conv/conv_2607.json,reports/conv/conv_2607/csynth.xml,reports/conv/conv_2607/export_impl.xml,reports/conv/conv_2607/power_routed.rpt,NO,
conv_2608,32,56,56,16,1,1,1,False,conv2d,,tanh,YES,YES,YES,configs/conv/conv_2608.json,reports/conv/conv_2608/csynth.xml,reports/conv/conv_2608/export_impl.xml,reports/conv/conv_2608/power_routed.rpt,NO,
conv_2609,32,56,56,16,1,1,1,False,group_conv2d,2,tanh,YES,YES,YES,configs/conv/conv_2609.json,reports/conv/conv_2609/csynth.xml,reports/conv/conv_2609/export_impl.xml,reports/conv/conv_2609/power_routed.rpt,NO,
conv_2610,32,56,56,16,1,1,1,False,group_conv2d,4,tanh,YES,YES,YES,configs/conv/conv_2610.json,reports/conv/conv_2610/csynth.xml,reports/conv/conv_2610/export_impl.xml,reports/conv/conv_2610/power_routed.rpt,NO,
conv_2611,32,56,56,16,1,1,4,True,conv2d,,relu,YES,YES,NO,configs/conv/conv_2611.json,reports/conv/conv_2611/csynth.xml,,,NO,
conv_2612,32,56,56,16,1,1,4,True,group_conv2d,2,relu,YES,YES,NO,configs/conv/conv_2612.json,reports/conv/conv_2612/csynth.xml,,,NO,
conv_2613,32,56,56,16,1,1,4,True,group_conv2d,4,relu,YES,YES,NO,configs/conv/conv_2613.json,reports/conv/conv_2613/csynth.xml,,,NO,
conv_2614,32,56,56,16,1,1,4,False,conv2d,,relu,YES,YES,YES,configs/conv/conv_2614.json,reports/conv/conv_2614/csynth.xml,reports/conv/conv_2614/export_impl.xml,reports/conv/conv_2614/power_routed.rpt,NO,
conv_2615,32,56,56,16,1,1,4,False,group_conv2d,2,relu,YES,YES,NO,configs/conv/conv_2615.json,reports/conv/conv_2615/csynth.xml,,,NO,
conv_2616,32,56,56,16,1,1,4,False,group_conv2d,4,relu,YES,YES,NO,configs/conv/conv_2616.json,reports/conv/conv_2616/csynth.xml,,,NO,
conv_2617,32,56,56,16,1,1,4,True,conv2d,,sigmoid,YES,YES,NO,configs/conv/conv_2617.json,reports/conv/conv_2617/csynth.xml,,,NO,
conv_2618,32,56,56,16,1,1,4,True,group_conv2d,2,sigmoid,YES,YES,NO,configs/conv/conv_2618.json,reports/conv/conv_2618/csynth.xml,,,NO,
conv_2619,32,56,56,16,1,1,4,True,group_conv2d,4,sigmoid,YES,YES,NO,configs/conv/conv_2619.json,reports/conv/conv_2619/csynth.xml,,,NO,
conv_2620,32,56,56,16,1,1,4,False,conv2d,,sigmoid,YES,YES,NO,configs/conv/conv_2620.json,reports/conv/conv_2620/csynth.xml,,,NO,
conv_2621,32,56,56,16,1,1,4,False,group_conv2d,2,sigmoid,YES,YES,NO,configs/conv/conv_2621.json,reports/conv/conv_2621/csynth.xml,,,NO,
conv_2622,32,56,56,16,1,1,4,False,group_conv2d,4,sigmoid,YES,YES,NO,configs/conv/conv_2622.json,reports/conv/conv_2622/csynth.xml,,,NO,
conv_2623,32,56,56,16,1,1,4,True,conv2d,,tanh,YES,YES,NO,configs/conv/conv_2623.json,reports/conv/conv_2623/csynth.xml,,,NO,
conv_2624,32,56,56,16,1,1,4,True,group_conv2d,2,tanh,YES,YES,NO,configs/conv/conv_2624.json,reports/conv/conv_2624/csynth.xml,,,NO,
conv_2625,32,56,56,16,1,1,4,True,group_conv2d,4,tanh,YES,YES,YES,configs/conv/conv_2625.json,reports/conv/conv_2625/csynth.xml,reports/conv/conv_2625/export_impl.xml,reports/conv/conv_2625/power_routed.rpt,NO,
conv_2626,32,56,56,16,1,1,4,False,conv2d,,tanh,YES,YES,NO,configs/conv/conv_2626.json,reports/conv/conv_2626/csynth.xml,,,NO,
conv_2627,32,56,56,16,1,1,4,False,group_conv2d,2,tanh,YES,YES,NO,configs/conv/conv_2627.json,reports/conv/conv_2627/csynth.xml,,,NO,
conv_2628,32,56,56,16,1,1,4,False,group_conv2d,4,tanh,YES,YES,YES,configs/conv/conv_2628.json,reports/conv/conv_2628/csynth.xml,reports/conv/conv_2628/export_impl.xml,reports/conv/conv_2628/power_routed.rpt,NO,
conv_2629,32,56,56,16,1,1,8,True,conv2d,,relu,YES,YES,NO,configs/conv/conv_2629.json,reports/conv/conv_2629/csynth.xml,,,NO,
conv_2630,32,56,56,16,1,1,8,True,group_conv2d,2,relu,YES,YES,NO,configs/conv/conv_2630.json,reports/conv/conv_2630/csynth.xml,,,NO,
conv_2631,32,56,56,16,1,1,8,True,group_conv2d,4,relu,YES,YES,NO,configs/conv/conv_2631.json,reports/conv/conv_2631/csynth.xml,,,NO,
conv_2632,32,56,56,16,1,1,8,False,conv2d,,relu,YES,YES,YES,configs/conv/conv_2632.json,reports/conv/conv_2632/csynth.xml,reports/conv/conv_2632/export_impl.xml,reports/conv/conv_2632/power_routed.rpt,NO,
conv_2633,32,56,56,16,1,1,8,False,group_conv2d,2,relu,YES,YES,NO,configs/conv/conv_2633.json,reports/conv/conv_2633/csynth.xml,,,NO,
conv_2634,32,56,56,16,1,1,8,False,group_conv2d,4,relu,YES,YES,NO,configs/conv/conv_2634.json,reports/conv/conv_2634/csynth.xml,,,NO,
conv_2635,32,56,56,16,1,1,8,True,conv2d,,sigmoid,YES,YES,NO,configs/conv/conv_2635.json,reports/conv/conv_2635/csynth.xml,,,NO,
conv_2636,32,56,56,16,1,1,8,True,group_conv2d,2,sigmoid,YES,YES,NO,configs/conv/conv_2636.json,reports/conv/conv_2636/csynth.xml,,,NO,
conv_2637,32,56,56,16,1,1,8,True,group_conv2d,4,sigmoid,YES,YES,NO,configs/conv/conv_2637.json,reports/conv/conv_2637/csynth.xml,,,NO,
conv_2638,32,56,56,16,1,1,8,False,conv2d,,sigmoid,YES,YES,NO,configs/conv/conv_2638.json,reports/conv/conv_2638/csynth.xml,,,NO,
conv_2639,32,56,56,16,1,1,8,False,group_conv2d,2,sigmoid,YES,YES,NO,configs/conv/conv_2639.json,reports/conv/conv_2639/csynth.xml,,,NO,
conv_2640,32,56,56,16,1,1,8,False,group_conv2d,4,sigmoid,YES,YES,NO,configs/conv/conv_2640.json,reports/conv/conv_2640/csynth.xml,,,NO,
conv_2641,32,56,56,16,1,1,8,True,conv2d,,tanh,YES,YES,NO,configs/conv/conv_2641.json,reports/conv/conv_2641/csynth.xml,,,NO,
conv_2642,32,56,56,16,1,1,8,True,group_conv2d,2,tanh,YES,YES,NO,configs/conv/conv_2642.json,reports/conv/conv_2642/csynth.xml,,,NO,
conv_2643,32,56,56,16,1,1,8,True,group_conv2d,4,tanh,YES,YES,NO,configs/conv/conv_2643.json,reports/conv/conv_2643/csynth.xml,,,NO,
conv_2644,32,56,56,16,1,1,8,False,conv2d,,tanh,YES,YES,NO,configs/conv/conv_2644.json,reports/conv/conv_2644/csynth.xml,,,NO,
conv_2645,32,56,56,16,1,1,8,False,group_conv2d,2,tanh,YES,YES,NO,configs/conv/conv_2645.json,reports/conv/conv_2645/csynth.xml,,,NO,
conv_2646,32,56,56,16,1,1,8,False,group_conv2d,4,tanh,YES,YES,NO,configs/conv/conv_2646.json,reports/conv/conv_2646/csynth.xml,,,NO,
conv_2647,32,56,56,16,1,4,1,True,conv2d,,relu,YES,YES,NO,configs/conv/conv_2647.json,reports/conv/conv_2647/csynth.xml,,,NO,
conv_2648,32,56,56,16,1,4,1,True,group_conv2d,2,relu,YES,YES,NO,configs/conv/conv_2648.json,reports/conv/conv_2648/csynth.xml,,,NO,
conv_2649,32,56,56,16,1,4,1,True,group_conv2d,4,relu,YES,YES,NO,configs/conv/conv_2649.json,reports/conv/conv_2649/csynth.xml,,,NO,
conv_2650,32,56,56,16,1,4,1,False,conv2d,,relu,YES,YES,NO,configs/conv/conv_2650.json,reports/conv/conv_2650/csynth.xml,,,NO,
conv_2651,32,56,56,16,1,4,1,False,group_conv2d,2,relu,YES,YES,NO,configs/conv/conv_2651.json,reports/conv/conv_2651/csynth.xml,,,NO,
conv_2652,32,56,56,16,1,4,1,False,group_conv2d,4,relu,YES,YES,NO,configs/conv/conv_2652.json,reports/conv/conv_2652/csynth.xml,,,NO,
conv_2653,32,56,56,16,1,4,1,True,conv2d,,sigmoid,YES,YES,NO,configs/conv/conv_2653.json,reports/conv/conv_2653/csynth.xml,,,NO,
conv_2654,32,56,56,16,1,4,1,True,group_conv2d,2,sigmoid,YES,YES,NO,configs/conv/conv_2654.json,reports/conv/conv_2654/csynth.xml,,,NO,
conv_2655,32,56,56,16,1,4,1,True,group_conv2d,4,sigmoid,YES,YES,YES,configs/conv/conv_2655.json,reports/conv/conv_2655/csynth.xml,reports/conv/conv_2655/export_impl.xml,reports/conv/conv_2655/power_routed.rpt,NO,
conv_2656,32,56,56,16,1,4,1,False,conv2d,,sigmoid,YES,YES,NO,configs/conv/conv_2656.json,reports/conv/conv_2656/csynth.xml,,,NO,
conv_2657,32,56,56,16,1,4,1,False,group_conv2d,2,sigmoid,YES,YES,NO,configs/conv/conv_2657.json,reports/conv/conv_2657/csynth.xml,,,NO,
conv_2658,32,56,56,16,1,4,1,False,group_conv2d,4,sigmoid,YES,YES,YES,configs/conv/conv_2658.json,reports/conv/conv_2658/csynth.xml,reports/conv/conv_2658/export_impl.xml,reports/conv/conv_2658/power_routed.rpt,NO,
conv_2659,32,56,56,16,1,4,1,True,conv2d,,tanh,YES,YES,NO,configs/conv/conv_2659.json,reports/conv/conv_2659/csynth.xml,,,NO,
conv_2660,32,56,56,16,1,4,1,True,group_conv2d,2,tanh,YES,YES,NO,configs/conv/conv_2660.json,reports/conv/conv_2660/csynth.xml,,,NO,
conv_2661,32,56,56,16,1,4,1,True,group_conv2d,4,tanh,YES,YES,NO,configs/conv/conv_2661.json,reports/conv/conv_2661/csynth.xml,,,NO,
conv_2662,32,56,56,16,1,4,1,False,conv2d,,tanh,YES,YES,NO,configs/conv/conv_2662.json,reports/conv/conv_2662/csynth.xml,,,NO,
conv_2663,32,56,56,16,1,4,1,False,group_conv2d,2,tanh,YES,YES,NO,configs/conv/conv_2663.json,reports/conv/conv_2663/csynth.xml,,,NO,
conv_2664,32,56,56,16,1,4,1,False,group_conv2d,4,tanh,YES,YES,NO,configs/conv/conv_2664.json,reports/conv/conv_2664/csynth.xml,,,NO,
conv_2665,32,56,56,16,1,4,4,True,conv2d,,relu,YES,YES,NO,configs/conv/conv_2665.json,reports/conv/conv_2665/csynth.xml,,,NO,
conv_2666,32,56,56,16,1,4,4,True,group_conv2d,2,relu,YES,YES,NO,configs/conv/conv_2666.json,reports/conv/conv_2666/csynth.xml,,,NO,
conv_2667,32,56,56,16,1,4,4,True,group_conv2d,4,relu,YES,YES,YES,configs/conv/conv_2667.json,reports/conv/conv_2667/csynth.xml,reports/conv/conv_2667/export_impl.xml,reports/conv/conv_2667/power_routed.rpt,NO,
conv_2668,32,56,56,16,1,4,4,False,conv2d,,relu,YES,YES,NO,configs/conv/conv_2668.json,reports/conv/conv_2668/csynth.xml,,,NO,
conv_2669,32,56,56,16,1,4,4,False,group_conv2d,2,relu,YES,YES,NO,configs/conv/conv_2669.json,reports/conv/conv_2669/csynth.xml,,,NO,
conv_2670,32,56,56,16,1,4,4,False,group_conv2d,4,relu,YES,YES,NO,configs/conv/conv_2670.json,reports/conv/conv_2670/csynth.xml,,,NO,
conv_2671,32,56,56,16,1,4,4,True,conv2d,,sigmoid,YES,YES,NO,configs/conv/conv_2671.json,reports/conv/conv_2671/csynth.xml,,,NO,
conv_2672,32,56,56,16,1,4,4,True,group_conv2d,2,sigmoid,YES,YES,NO,configs/conv/conv_2672.json,reports/conv/conv_2672/csynth.xml,,,NO,
conv_2673,32,56,56,16,1,4,4,True,group_conv2d,4,sigmoid,YES,YES,NO,configs/conv/conv_2673.json,reports/conv/conv_2673/csynth.xml,,,NO,
conv_2674,32,56,56,16,1,4,4,False,conv2d,,sigmoid,YES,YES,NO,configs/conv/conv_2674.json,reports/conv/conv_2674/csynth.xml,,,NO,
conv_2675,32,56,56,16,1,4,4,False,group_conv2d,2,sigmoid,YES,YES,NO,configs/conv/conv_2675.json,reports/conv/conv_2675/csynth.xml,,,NO,
conv_2676,32,56,56,16,1,4,4,False,group_conv2d,4,sigmoid,YES,YES,YES,configs/conv/conv_2676.json,reports/conv/conv_2676/csynth.xml,reports/conv/conv_2676/export_impl.xml,reports/conv/conv_2676/power_routed.rpt,NO,
conv_2677,32,56,56,16,1,4,4,True,conv2d,,tanh,YES,YES,NO,configs/conv/conv_2677.json,reports/conv/conv_2677/csynth.xml,,,NO,
conv_2678,32,56,56,16,1,4,4,True,group_conv2d,2,tanh,YES,YES,NO,configs/conv/conv_2678.json,reports/conv/conv_2678/csynth.xml,,,NO,
conv_2679,32,56,56,16,1,4,4,True,group_conv2d,4,tanh,YES,YES,NO,configs/conv/conv_2679.json,reports/conv/conv_2679/csynth.xml,,,NO,
conv_2680,32,56,56,16,1,4,4,False,conv2d,,tanh,YES,YES,NO,configs/conv/conv_2680.json,reports/conv/conv_2680/csynth.xml,,,NO,
conv_2681,32,56,56,16,1,4,4,False,group_conv2d,2,tanh,YES,YES,NO,configs/conv/conv_2681.json,reports/conv/conv_2681/csynth.xml,,,NO,
conv_2682,32,56,56,16,1,4,4,False,group_conv2d,4,tanh,YES,YES,NO,configs/conv/conv_2682.json,reports/conv/conv_2682/csynth.xml,,,NO,
conv_2683,32,56,56,16,1,4,8,True,conv2d,,relu,YES,YES,NO,configs/conv/conv_2683.json,reports/conv/conv_2683/csynth.xml,,,NO,
conv_2684,32,56,56,16,1,4,8,True,group_conv2d,2,relu,YES,YES,NO,configs/conv/conv_2684.json,reports/conv/conv_2684/csynth.xml,,,NO,
conv_2685,32,56,56,16,1,4,8,True,group_conv2d,4,relu,YES,YES,NO,configs/conv/conv_2685.json,reports/conv/conv_2685/csynth.xml,,,NO,
conv_2686,32,56,56,16,1,4,8,False,conv2d,,relu,YES,YES,NO,configs/conv/conv_2686.json,reports/conv/conv_2686/csynth.xml,,,NO,
conv_2687,32,56,56,16,1,4,8,False,group_conv2d,2,relu,YES,YES,NO,configs/conv/conv_2687.json,reports/conv/conv_2687/csynth.xml,,,NO,
conv_2688,32,56,56,16,1,4,8,False,group_conv2d,4,relu,YES,YES,YES,configs/conv/conv_2688.json,reports/conv/conv_2688/csynth.xml,reports/conv/conv_2688/export_impl.xml,reports/conv/conv_2688/power_routed.rpt,NO,
conv_2689,32,56,56,16,1,4,8,True,conv2d,,sigmoid,YES,YES,NO,configs/conv/conv_2689.json,reports/conv/conv_2689/csynth.xml,,,NO,
conv_2690,32,56,56,16,1,4,8,True,group_conv2d,2,sigmoid,YES,YES,NO,configs/conv/conv_2690.json,reports/conv/conv_2690/csynth.xml,,,NO,
conv_2691,32,56,56,16,1,4,8,True,group_conv2d,4,sigmoid,YES,YES,NO,configs/conv/conv_2691.json,reports/conv/conv_2691/csynth.xml,,,NO,
conv_2692,32,56,56,16,1,4,8,False,conv2d,,sigmoid,YES,YES,NO,configs/conv/conv_2692.json,reports/conv/conv_2692/csynth.xml,,,NO,
conv_2693,32,56,56,16,1,4,8,False,group_conv2d,2,sigmoid,YES,YES,NO,configs/conv/conv_2693.json,reports/conv/conv_2693/csynth.xml,,,NO,
conv_2694,32,56,56,16,1,4,8,False,group_conv2d,4,sigmoid,YES,YES,NO,configs/conv/conv_2694.json,reports/conv/conv_2694/csynth.xml,,,NO,
conv_2695,32,56,56,16,1,4,8,True,conv2d,,tanh,YES,YES,NO,configs/conv/conv_2695.json,reports/conv/conv_2695/csynth.xml,,,NO,
conv_2696,32,56,56,16,1,4,8,True,group_conv2d,2,tanh,YES,YES,NO,configs/conv/conv_2696.json,reports/conv/conv_2696/csynth.xml,,,NO,
conv_2697,32,56,56,16,1,4,8,True,group_conv2d,4,tanh,YES,YES,NO,configs/conv/conv_2697.json,reports/conv/conv_2697/csynth.xml,,,NO,
conv_2698,32,56,56,16,1,4,8,False,conv2d,,tanh,YES,YES,NO,configs/conv/conv_2698.json,reports/conv/conv_2698/csynth.xml,,,NO,
conv_2699,32,56,56,16,1,4,8,False,group_conv2d,2,tanh,YES,YES,NO,configs/conv/conv_2699.json,reports/conv/conv_2699/csynth.xml,,,NO,
conv_2700,32,56,56,16,1,4,8,False,group_conv2d,4,tanh,YES,YES,NO,configs/conv/conv_2700.json,reports/conv/conv_2700/csynth.xml,,,NO,
conv_2701,32,56,56,16,1,8,1,True,conv2d,,relu,YES,YES,NO,configs/conv/conv_2701.json,reports/conv/conv_2701/csynth.xml,,,NO,
conv_2702,32,56,56,16,1,8,1,True,group_conv2d,2,relu,YES,YES,YES,configs/conv/conv_2702.json,reports/conv/conv_2702/csynth.xml,reports/conv/conv_2702/export_impl.xml,reports/conv/conv_2702/power_routed.rpt,NO,
conv_2703,32,56,56,16,1,8,1,True,group_conv2d,4,relu,YES,YES,NO,configs/conv/conv_2703.json,reports/conv/conv_2703/csynth.xml,,,NO,
conv_2704,32,56,56,16,1,8,1,False,conv2d,,relu,YES,YES,NO,configs/conv/conv_2704.json,reports/conv/conv_2704/csynth.xml,,,NO,
conv_2705,32,56,56,16,1,8,1,False,group_conv2d,2,relu,YES,YES,NO,configs/conv/conv_2705.json,reports/conv/conv_2705/csynth.xml,,,NO,
conv_2706,32,56,56,16,1,8,1,False,group_conv2d,4,relu,YES,YES,NO,configs/conv/conv_2706.json,reports/conv/conv_2706/csynth.xml,,,NO,
conv_2707,32,56,56,16,1,8,1,True,conv2d,,sigmoid,YES,YES,NO,configs/conv/conv_2707.json,reports/conv/conv_2707/csynth.xml,,,NO,
conv_2708,32,56,56,16,1,8,1,True,group_conv2d,2,sigmoid,YES,YES,NO,configs/conv/conv_2708.json,reports/conv/conv_2708/csynth.xml,,,NO,
conv_2709,32,56,56,16,1,8,1,True,group_conv2d,4,sigmoid,YES,YES,NO,configs/conv/conv_2709.json,reports/conv/conv_2709/csynth.xml,,,NO,
conv_2710,32,56,56,16,1,8,1,False,conv2d,,sigmoid,YES,YES,NO,configs/conv/conv_2710.json,reports/conv/conv_2710/csynth.xml,,,NO,
conv_2711,32,56,56,16,1,8,1,False,group_conv2d,2,sigmoid,YES,YES,NO,configs/conv/conv_2711.json,reports/conv/conv_2711/csynth.xml,,,NO,
conv_2712,32,56,56,16,1,8,1,False,group_conv2d,4,sigmoid,YES,YES,NO,configs/conv/conv_2712.json,reports/conv/conv_2712/csynth.xml,,,NO,
conv_2713,32,56,56,16,1,8,1,True,conv2d,,tanh,YES,YES,NO,configs/conv/conv_2713.json,reports/conv/conv_2713/csynth.xml,,,NO,
conv_2714,32,56,56,16,1,8,1,True,group_conv2d,2,tanh,YES,YES,NO,configs/conv/conv_2714.json,reports/conv/conv_2714/csynth.xml,,,NO,
conv_2715,32,56,56,16,1,8,1,True,group_conv2d,4,tanh,YES,YES,NO,configs/conv/conv_2715.json,reports/conv/conv_2715/csynth.xml,,,NO,
conv_2716,32,56,56,16,1,8,1,False,conv2d,,tanh,YES,YES,NO,configs/conv/conv_2716.json,reports/conv/conv_2716/csynth.xml,,,NO,
conv_2717,32,56,56,16,1,8,1,False,group_conv2d,2,tanh,YES,YES,NO,configs/conv/conv_2717.json,reports/conv/conv_2717/csynth.xml,,,NO,
conv_2718,32,56,56,16,1,8,1,False,group_conv2d,4,tanh,YES,YES,NO,configs/conv/conv_2718.json,reports/conv/conv_2718/csynth.xml,,,NO,
conv_2719,32,56,56,16,1,8,4,True,conv2d,,relu,YES,YES,NO,configs/conv/conv_2719.json,reports/conv/conv_2719/csynth.xml,,,NO,
conv_2720,32,56,56,16,1,8,4,True,group_conv2d,2,relu,YES,YES,NO,configs/conv/conv_2720.json,reports/conv/conv_2720/csynth.xml,,,NO,
conv_2721,32,56,56,16,1,8,4,True,group_conv2d,4,relu,YES,YES,NO,configs/conv/conv_2721.json,reports/conv/conv_2721/csynth.xml,,,NO,
conv_2722,32,56,56,16,1,8,4,False,conv2d,,relu,YES,YES,NO,configs/conv/conv_2722.json,reports/conv/conv_2722/csynth.xml,,,NO,
conv_2723,32,56,56,16,1,8,4,False,group_conv2d,2,relu,YES,YES,NO,configs/conv/conv_2723.json,reports/conv/conv_2723/csynth.xml,,,NO,
conv_2724,32,56,56,16,1,8,4,False,group_conv2d,4,relu,YES,YES,NO,configs/conv/conv_2724.json,reports/conv/conv_2724/csynth.xml,,,NO,
conv_2725,32,56,56,16,1,8,4,True,conv2d,,sigmoid,YES,YES,NO,configs/conv/conv_2725.json,reports/conv/conv_2725/csynth.xml,,,NO,
conv_2726,32,56,56,16,1,8,4,True,group_conv2d,2,sigmoid,YES,YES,NO,configs/conv/conv_2726.json,reports/conv/conv_2726/csynth.xml,,,NO,
conv_2727,32,56,56,16,1,8,4,True,group_conv2d,4,sigmoid,YES,YES,NO,configs/conv/conv_2727.json,reports/conv/conv_2727/csynth.xml,,,NO,
conv_2728,32,56,56,16,1,8,4,False,conv2d,,sigmoid,YES,YES,NO,configs/conv/conv_2728.json,reports/conv/conv_2728/csynth.xml,,,NO,
conv_2729,32,56,56,16,1,8,4,False,group_conv2d,2,sigmoid,YES,YES,NO,configs/conv/conv_2729.json,reports/conv/conv_2729/csynth.xml,,,NO,
conv_2730,32,56,56,16,1,8,4,False,group_conv2d,4,sigmoid,YES,YES,NO,configs/conv/conv_2730.json,reports/conv/conv_2730/csynth.xml,,,NO,
conv_2731,32,56,56,16,1,8,4,True,conv2d,,tanh,YES,YES,NO,configs/conv/conv_2731.json,reports/conv/conv_2731/csynth.xml,,,NO,
conv_2732,32,56,56,16,1,8,4,True,group_conv2d,2,tanh,YES,YES,NO,configs/conv/conv_2732.json,reports/conv/conv_2732/csynth.xml,,,NO,
conv_2733,32,56,56,16,1,8,4,True,group_conv2d,4,tanh,YES,YES,NO,configs/conv/conv_2733.json,reports/conv/conv_2733/csynth.xml,,,NO,
conv_2734,32,56,56,16,1,8,4,False,conv2d,,tanh,YES,YES,NO,configs/conv/conv_2734.json,reports/conv/conv_2734/csynth.xml,,,NO,
conv_2735,32,56,56,16,1,8,4,False,group_conv2d,2,tanh,YES,YES,NO,configs/conv/conv_2735.json,reports/conv/conv_2735/csynth.xml,,,NO,
conv_2736,32,56,56,16,1,8,4,False,group_conv2d,4,tanh,YES,YES,NO,configs/conv/conv_2736.json,reports/conv/conv_2736/csynth.xml,,,NO,
conv_2737,32,56,56,16,1,8,8,True,conv2d,,relu,YES,YES,NO,configs/conv/conv_2737.json,reports/conv/conv_2737/csynth.xml,,,NO,
conv_2738,32,56,56,16,1,8,8,True,group_conv2d,2,relu,YES,YES,NO,configs/conv/conv_2738.json,reports/conv/conv_2738/csynth.xml,,,NO,
conv_2739,32,56,56,16,1,8,8,True,group_conv2d,4,relu,YES,YES,NO,configs/conv/conv_2739.json,reports/conv/conv_2739/csynth.xml,,,NO,
conv_2740,32,56,56,16,1,8,8,False,conv2d,,relu,YES,YES,YES,configs/conv/conv_2740.json,reports/conv/conv_2740/csynth.xml,reports/conv/conv_2740/export_impl.xml,reports/conv/conv_2740/power_routed.rpt,NO,
conv_2741,32,56,56,16,1,8,8,False,group_conv2d,2,relu,YES,YES,NO,configs/conv/conv_2741.json,reports/conv/conv_2741/csynth.xml,,,NO,
conv_2742,32,56,56,16,1,8,8,False,group_conv2d,4,relu,YES,YES,NO,configs/conv/conv_2742.json,reports/conv/conv_2742/csynth.xml,,,NO,
conv_2743,32,56,56,16,1,8,8,True,conv2d,,sigmoid,YES,YES,NO,configs/conv/conv_2743.json,reports/conv/conv_2743/csynth.xml,,,NO,
conv_2744,32,56,56,16,1,8,8,True,group_conv2d,2,sigmoid,YES,YES,NO,configs/conv/conv_2744.json,reports/conv/conv_2744/csynth.xml,,,NO,
conv_2745,32,56,56,16,1,8,8,True,group_conv2d,4,sigmoid,YES,YES,NO,configs/conv/conv_2745.json,reports/conv/conv_2745/csynth.xml,,,NO,
conv_2746,32,56,56,16,1,8,8,False,conv2d,,sigmoid,YES,YES,NO,configs/conv/conv_2746.json,reports/conv/conv_2746/csynth.xml,,,NO,
conv_2747,32,56,56,16,1,8,8,False,group_conv2d,2,sigmoid,YES,YES,NO,configs/conv/conv_2747.json,reports/conv/conv_2747/csynth.xml,,,NO,
conv_2748,32,56,56,16,1,8,8,False,group_conv2d,4,sigmoid,YES,YES,NO,configs/conv/conv_2748.json,reports/conv/conv_2748/csynth.xml,,,NO,
conv_2749,32,56,56,16,1,8,8,True,conv2d,,tanh,YES,YES,NO,configs/conv/conv_2749.json,reports/conv/conv_2749/csynth.xml,,,NO,
conv_2750,32,56,56,16,1,8,8,True,group_conv2d,2,tanh,YES,YES,NO,configs/conv/conv_2750.json,reports/conv/conv_2750/csynth.xml,,,NO,
conv_2751,32,56,56,16,1,8,8,True,group_conv2d,4,tanh,YES,YES,NO,configs/conv/conv_2751.json,reports/conv/conv_2751/csynth.xml,,,NO,
conv_2752,32,56,56,16,1,8,8,False,conv2d,,tanh,YES,YES,NO,configs/conv/conv_2752.json,reports/conv/conv_2752/csynth.xml,,,NO,
conv_2753,32,56,56,16,1,8,8,False,group_conv2d,2,tanh,YES,YES,NO,configs/conv/conv_2753.json,reports/conv/conv_2753/csynth.xml,,,NO,
conv_2754,32,56,56,16,1,8,8,False,group_conv2d,4,tanh,YES,YES,NO,configs/conv/conv_2754.json,reports/conv/conv_2754/csynth.xml,,,NO,
conv_2755,32,56,56,16,3,1,1,True,conv2d,,relu,YES,YES,YES,configs/conv/conv_2755.json,reports/conv/conv_2755/csynth.xml,reports/conv/conv_2755/export_impl.xml,reports/conv/conv_2755/power_routed.rpt,NO,
conv_2756,32,56,56,16,3,1,1,True,group_conv2d,2,relu,YES,YES,YES,configs/conv/conv_2756.json,reports/conv/conv_2756/csynth.xml,reports/conv/conv_2756/export_impl.xml,reports/conv/conv_2756/power_routed.rpt,NO,
conv_2757,32,56,56,16,3,1,1,True,group_conv2d,4,relu,YES,YES,YES,configs/conv/conv_2757.json,reports/conv/conv_2757/csynth.xml,reports/conv/conv_2757/export_impl.xml,reports/conv/conv_2757/power_routed.rpt,NO,
conv_2758,32,56,56,16,3,1,1,False,conv2d,,relu,YES,YES,YES,configs/conv/conv_2758.json,reports/conv/conv_2758/csynth.xml,reports/conv/conv_2758/export_impl.xml,reports/conv/conv_2758/power_routed.rpt,NO,
conv_2759,32,56,56,16,3,1,1,False,group_conv2d,2,relu,YES,YES,YES,configs/conv/conv_2759.json,reports/conv/conv_2759/csynth.xml,reports/conv/conv_2759/export_impl.xml,reports/conv/conv_2759/power_routed.rpt,NO,
conv_2760,32,56,56,16,3,1,1,False,group_conv2d,4,relu,YES,YES,YES,configs/conv/conv_2760.json,reports/conv/conv_2760/csynth.xml,reports/conv/conv_2760/export_impl.xml,reports/conv/conv_2760/power_routed.rpt,NO,
conv_2761,32,56,56,16,3,1,1,True,conv2d,,sigmoid,YES,YES,YES,configs/conv/conv_2761.json,reports/conv/conv_2761/csynth.xml,reports/conv/conv_2761/export_impl.xml,reports/conv/conv_2761/power_routed.rpt,NO,
conv_2762,32,56,56,16,3,1,1,True,group_conv2d,2,sigmoid,YES,YES,YES,configs/conv/conv_2762.json,reports/conv/conv_2762/csynth.xml,reports/conv/conv_2762/export_impl.xml,reports/conv/conv_2762/power_routed.rpt,NO,
conv_2763,32,56,56,16,3,1,1,True,group_conv2d,4,sigmoid,YES,YES,YES,configs/conv/conv_2763.json,reports/conv/conv_2763/csynth.xml,reports/conv/conv_2763/export_impl.xml,reports/conv/conv_2763/power_routed.rpt,NO,
conv_2764,32,56,56,16,3,1,1,False,conv2d,,sigmoid,YES,YES,YES,configs/conv/conv_2764.json,reports/conv/conv_2764/csynth.xml,reports/conv/conv_2764/export_impl.xml,reports/conv/conv_2764/power_routed.rpt,NO,
conv_2765,32,56,56,16,3,1,1,False,group_conv2d,2,sigmoid,YES,YES,YES,configs/conv/conv_2765.json,reports/conv/conv_2765/csynth.xml,reports/conv/conv_2765/export_impl.xml,reports/conv/conv_2765/power_routed.rpt,NO,
conv_2766,32,56,56,16,3,1,1,False,group_conv2d,4,sigmoid,YES,YES,YES,configs/conv/conv_2766.json,reports/conv/conv_2766/csynth.xml,reports/conv/conv_2766/export_impl.xml,reports/conv/conv_2766/power_routed.rpt,NO,
conv_2767,32,56,56,16,3,1,1,True,conv2d,,tanh,YES,YES,YES,configs/conv/conv_2767.json,reports/conv/conv_2767/csynth.xml,reports/conv/conv_2767/export_impl.xml,reports/conv/conv_2767/power_routed.rpt,NO,
conv_2768,32,56,56,16,3,1,1,True,group_conv2d,2,tanh,YES,YES,YES,configs/conv/conv_2768.json,reports/conv/conv_2768/csynth.xml,reports/conv/conv_2768/export_impl.xml,reports/conv/conv_2768/power_routed.rpt,NO,
conv_2769,32,56,56,16,3,1,1,True,group_conv2d,4,tanh,YES,YES,YES,configs/conv/conv_2769.json,reports/conv/conv_2769/csynth.xml,reports/conv/conv_2769/export_impl.xml,reports/conv/conv_2769/power_routed.rpt,NO,
conv_2770,32,56,56,16,3,1,1,False,conv2d,,tanh,YES,YES,YES,configs/conv/conv_2770.json,reports/conv/conv_2770/csynth.xml,reports/conv/conv_2770/export_impl.xml,reports/conv/conv_2770/power_routed.rpt,NO,
conv_2771,32,56,56,16,3,1,1,False,group_conv2d,2,tanh,YES,YES,YES,configs/conv/conv_2771.json,reports/conv/conv_2771/csynth.xml,reports/conv/conv_2771/export_impl.xml,reports/conv/conv_2771/power_routed.rpt,NO,
conv_2772,32,56,56,16,3,1,1,False,group_conv2d,4,tanh,YES,YES,YES,configs/conv/conv_2772.json,reports/conv/conv_2772/csynth.xml,reports/conv/conv_2772/export_impl.xml,reports/conv/conv_2772/power_routed.rpt,NO,
conv_2773,32,56,56,16,3,1,4,True,conv2d,,relu,YES,YES,NO,configs/conv/conv_2773.json,reports/conv/conv_2773/csynth.xml,,,NO,
conv_2774,32,56,56,16,3,1,4,True,group_conv2d,2,relu,YES,YES,NO,configs/conv/conv_2774.json,reports/conv/conv_2774/csynth.xml,,,NO,
conv_2775,32,56,56,16,3,1,4,True,group_conv2d,4,relu,YES,YES,YES,configs/conv/conv_2775.json,reports/conv/conv_2775/csynth.xml,reports/conv/conv_2775/export_impl.xml,reports/conv/conv_2775/power_routed.rpt,NO,
conv_2776,32,56,56,16,3,1,4,False,conv2d,,relu,YES,YES,NO,configs/conv/conv_2776.json,reports/conv/conv_2776/csynth.xml,,,NO,
conv_2777,32,56,56,16,3,1,4,False,group_conv2d,2,relu,YES,YES,NO,configs/conv/conv_2777.json,reports/conv/conv_2777/csynth.xml,,,NO,
conv_2778,32,56,56,16,3,1,4,False,group_conv2d,4,relu,YES,YES,YES,configs/conv/conv_2778.json,reports/conv/conv_2778/csynth.xml,reports/conv/conv_2778/export_impl.xml,reports/conv/conv_2778/power_routed.rpt,NO,
conv_2779,32,56,56,16,3,1,4,True,conv2d,,sigmoid,YES,YES,NO,configs/conv/conv_2779.json,reports/conv/conv_2779/csynth.xml,,,NO,
conv_2780,32,56,56,16,3,1,4,True,group_conv2d,2,sigmoid,YES,YES,NO,configs/conv/conv_2780.json,reports/conv/conv_2780/csynth.xml,,,NO,
conv_2781,32,56,56,16,3,1,4,True,group_conv2d,4,sigmoid,YES,YES,NO,configs/conv/conv_2781.json,reports/conv/conv_2781/csynth.xml,,,NO,
conv_2782,32,56,56,16,3,1,4,False,conv2d,,sigmoid,YES,YES,NO,configs/conv/conv_2782.json,reports/conv/conv_2782/csynth.xml,,,NO,
conv_2783,32,56,56,16,3,1,4,False,group_conv2d,2,sigmoid,YES,YES,NO,configs/conv/conv_2783.json,reports/conv/conv_2783/csynth.xml,,,NO,
conv_2784,32,56,56,16,3,1,4,False,group_conv2d,4,sigmoid,YES,YES,NO,configs/conv/conv_2784.json,reports/conv/conv_2784/csynth.xml,,,NO,
conv_2785,32,56,56,16,3,1,4,True,conv2d,,tanh,YES,YES,NO,configs/conv/conv_2785.json,reports/conv/conv_2785/csynth.xml,,,NO,
conv_2786,32,56,56,16,3,1,4,True,group_conv2d,2,tanh,YES,YES,NO,configs/conv/conv_2786.json,reports/conv/conv_2786/csynth.xml,,,NO,
conv_2787,32,56,56,16,3,1,4,True,group_conv2d,4,tanh,YES,YES,NO,configs/conv/conv_2787.json,reports/conv/conv_2787/csynth.xml,,,NO,
conv_2788,32,56,56,16,3,1,4,False,conv2d,,tanh,YES,YES,NO,configs/conv/conv_2788.json,reports/conv/conv_2788/csynth.xml,,,NO,
conv_2789,32,56,56,16,3,1,4,False,group_conv2d,2,tanh,YES,YES,NO,configs/conv/conv_2789.json,reports/conv/conv_2789/csynth.xml,,,NO,
conv_2790,32,56,56,16,3,1,4,False,group_conv2d,4,tanh,YES,YES,NO,configs/conv/conv_2790.json,reports/conv/conv_2790/csynth.xml,,,NO,
conv_2791,32,56,56,16,3,1,8,True,conv2d,,relu,YES,YES,NO,configs/conv/conv_2791.json,reports/conv/conv_2791/csynth.xml,,,NO,
conv_2792,32,56,56,16,3,1,8,True,group_conv2d,2,relu,YES,YES,NO,configs/conv/conv_2792.json,reports/conv/conv_2792/csynth.xml,,,NO,
conv_2793,32,56,56,16,3,1,8,True,group_conv2d,4,relu,YES,YES,NO,configs/conv/conv_2793.json,reports/conv/conv_2793/csynth.xml,,,NO,
conv_2794,32,56,56,16,3,1,8,False,conv2d,,relu,YES,YES,NO,configs/conv/conv_2794.json,reports/conv/conv_2794/csynth.xml,,,NO,
conv_2795,32,56,56,16,3,1,8,False,group_conv2d,2,relu,YES,YES,NO,configs/conv/conv_2795.json,reports/conv/conv_2795/csynth.xml,,,NO,
conv_2796,32,56,56,16,3,1,8,False,group_conv2d,4,relu,YES,YES,YES,configs/conv/conv_2796.json,reports/conv/conv_2796/csynth.xml,reports/conv/conv_2796/export_impl.xml,reports/conv/conv_2796/power_routed.rpt,NO,
conv_2797,32,56,56,16,3,1,8,True,conv2d,,sigmoid,YES,YES,NO,configs/conv/conv_2797.json,reports/conv/conv_2797/csynth.xml,,,NO,
conv_2798,32,56,56,16,3,1,8,True,group_conv2d,2,sigmoid,YES,YES,NO,configs/conv/conv_2798.json,reports/conv/conv_2798/csynth.xml,,,NO,
conv_2799,32,56,56,16,3,1,8,True,group_conv2d,4,sigmoid,YES,YES,NO,configs/conv/conv_2799.json,reports/conv/conv_2799/csynth.xml,,,NO,
conv_2800,32,56,56,16,3,1,8,False,conv2d,,sigmoid,YES,YES,NO,configs/conv/conv_2800.json,reports/conv/conv_2800/csynth.xml,,,NO,
conv_2801,32,56,56,16,3,1,8,False,group_conv2d,2,sigmoid,YES,YES,NO,configs/conv/conv_2801.json,reports/conv/conv_2801/csynth.xml,,,NO,
conv_2802,32,56,56,16,3,1,8,False,group_conv2d,4,sigmoid,YES,YES,NO,configs/conv/conv_2802.json,reports/conv/conv_2802/csynth.xml,,,NO,
conv_2803,32,56,56,16,3,1,8,True,conv2d,,tanh,YES,YES,NO,configs/conv/conv_2803.json,reports/conv/conv_2803/csynth.xml,,,NO,
conv_2804,32,56,56,16,3,1,8,True,group_conv2d,2,tanh,YES,YES,NO,configs/conv/conv_2804.json,reports/conv/conv_2804/csynth.xml,,,NO,
conv_2805,32,56,56,16,3,1,8,True,group_conv2d,4,tanh,YES,YES,NO,configs/conv/conv_2805.json,reports/conv/conv_2805/csynth.xml,,,NO,
conv_2806,32,56,56,16,3,1,8,False,conv2d,,tanh,YES,YES,NO,configs/conv/conv_2806.json,reports/conv/conv_2806/csynth.xml,,,NO,
conv_2807,32,56,56,16,3,1,8,False,group_conv2d,2,tanh,YES,YES,NO,configs/conv/conv_2807.json,reports/conv/conv_2807/csynth.xml,,,NO,
conv_2808,32,56,56,16,3,1,8,False,group_conv2d,4,tanh,YES,YES,NO,configs/conv/conv_2808.json,reports/conv/conv_2808/csynth.xml,,,NO,
conv_2809,32,56,56,16,3,4,1,True,conv2d,,relu,YES,YES,NO,configs/conv/conv_2809.json,reports/conv/conv_2809/csynth.xml,,,NO,
conv_2810,32,56,56,16,3,4,1,True,group_conv2d,2,relu,YES,YES,NO,configs/conv/conv_2810.json,reports/conv/conv_2810/csynth.xml,,,NO,
conv_2811,32,56,56,16,3,4,1,True,group_conv2d,4,relu,YES,YES,NO,configs/conv/conv_2811.json,reports/conv/conv_2811/csynth.xml,,,NO,
conv_2812,32,56,56,16,3,4,1,False,conv2d,,relu,YES,YES,NO,configs/conv/conv_2812.json,reports/conv/conv_2812/csynth.xml,,,NO,
conv_2813,32,56,56,16,3,4,1,False,group_conv2d,2,relu,YES,YES,NO,configs/conv/conv_2813.json,reports/conv/conv_2813/csynth.xml,,,NO,
conv_2814,32,56,56,16,3,4,1,False,group_conv2d,4,relu,YES,YES,NO,configs/conv/conv_2814.json,reports/conv/conv_2814/csynth.xml,,,NO,
conv_2815,32,56,56,16,3,4,1,True,conv2d,,sigmoid,YES,YES,NO,configs/conv/conv_2815.json,reports/conv/conv_2815/csynth.xml,,,NO,
conv_2816,32,56,56,16,3,4,1,True,group_conv2d,2,sigmoid,YES,YES,NO,configs/conv/conv_2816.json,reports/conv/conv_2816/csynth.xml,,,NO,
conv_2817,32,56,56,16,3,4,1,True,group_conv2d,4,sigmoid,YES,YES,NO,configs/conv/conv_2817.json,reports/conv/conv_2817/csynth.xml,,,NO,
conv_2818,32,56,56,16,3,4,1,False,conv2d,,sigmoid,YES,YES,NO,configs/conv/conv_2818.json,reports/conv/conv_2818/csynth.xml,,,NO,
conv_2819,32,56,56,16,3,4,1,False,group_conv2d,2,sigmoid,YES,YES,NO,configs/conv/conv_2819.json,reports/conv/conv_2819/csynth.xml,,,NO,
conv_2820,32,56,56,16,3,4,1,False,group_conv2d,4,sigmoid,YES,YES,NO,configs/conv/conv_2820.json,reports/conv/conv_2820/csynth.xml,,,NO,
conv_2821,32,56,56,16,3,4,1,True,conv2d,,tanh,YES,YES,NO,configs/conv/conv_2821.json,reports/conv/conv_2821/csynth.xml,,,NO,
conv_2822,32,56,56,16,3,4,1,True,group_conv2d,2,tanh,YES,YES,YES,configs/conv/conv_2822.json,reports/conv/conv_2822/csynth.xml,reports/conv/conv_2822/export_impl.xml,reports/conv/conv_2822/power_routed.rpt,NO,
conv_2823,32,56,56,16,3,4,1,True,group_conv2d,4,tanh,YES,YES,NO,configs/conv/conv_2823.json,reports/conv/conv_2823/csynth.xml,,,NO,
conv_2824,32,56,56,16,3,4,1,False,conv2d,,tanh,YES,YES,NO,configs/conv/conv_2824.json,reports/conv/conv_2824/csynth.xml,,,NO,
conv_2825,32,56,56,16,3,4,1,False,group_conv2d,2,tanh,YES,YES,YES,configs/conv/conv_2825.json,reports/conv/conv_2825/csynth.xml,reports/conv/conv_2825/export_impl.xml,reports/conv/conv_2825/power_routed.rpt,NO,
conv_2826,32,56,56,16,3,4,1,False,group_conv2d,4,tanh,YES,YES,NO,configs/conv/conv_2826.json,reports/conv/conv_2826/csynth.xml,,,NO,
conv_2827,32,56,56,16,3,4,4,True,conv2d,,relu,YES,YES,NO,configs/conv/conv_2827.json,reports/conv/conv_2827/csynth.xml,,,NO,
conv_2828,32,56,56,16,3,4,4,True,group_conv2d,2,relu,YES,YES,NO,configs/conv/conv_2828.json,reports/conv/conv_2828/csynth.xml,,,NO,
conv_2829,32,56,56,16,3,4,4,True,group_conv2d,4,relu,YES,YES,NO,configs/conv/conv_2829.json,reports/conv/conv_2829/csynth.xml,,,NO,
conv_2830,32,56,56,16,3,4,4,False,conv2d,,relu,YES,YES,NO,configs/conv/conv_2830.json,reports/conv/conv_2830/csynth.xml,,,NO,
conv_2831,32,56,56,16,3,4,4,False,group_conv2d,2,relu,YES,YES,NO,configs/conv/conv_2831.json,reports/conv/conv_2831/csynth.xml,,,NO,
conv_2832,32,56,56,16,3,4,4,False,group_conv2d,4,relu,YES,YES,NO,configs/conv/conv_2832.json,reports/conv/conv_2832/csynth.xml,,,NO,
conv_2833,32,56,56,16,3,4,4,True,conv2d,,sigmoid,YES,YES,NO,configs/conv/conv_2833.json,reports/conv/conv_2833/csynth.xml,,,NO,
conv_2834,32,56,56,16,3,4,4,True,group_conv2d,2,sigmoid,YES,YES,YES,configs/conv/conv_2834.json,reports/conv/conv_2834/csynth.xml,reports/conv/conv_2834/export_impl.xml,reports/conv/conv_2834/power_routed.rpt,NO,
conv_2835,32,56,56,16,3,4,4,True,group_conv2d,4,sigmoid,YES,YES,NO,configs/conv/conv_2835.json,reports/conv/conv_2835/csynth.xml,,,NO,
conv_2836,32,56,56,16,3,4,4,False,conv2d,,sigmoid,YES,YES,NO,configs/conv/conv_2836.json,reports/conv/conv_2836/csynth.xml,,,NO,
conv_2837,32,56,56,16,3,4,4,False,group_conv2d,2,sigmoid,YES,YES,NO,configs/conv/conv_2837.json,reports/conv/conv_2837/csynth.xml,,,NO,
conv_2838,32,56,56,16,3,4,4,False,group_conv2d,4,sigmoid,YES,YES,NO,configs/conv/conv_2838.json,reports/conv/conv_2838/csynth.xml,,,NO,
conv_2839,32,56,56,16,3,4,4,True,conv2d,,tanh,YES,YES,NO,configs/conv/conv_2839.json,reports/conv/conv_2839/csynth.xml,,,NO,
conv_2840,32,56,56,16,3,4,4,True,group_conv2d,2,tanh,YES,YES,NO,configs/conv/conv_2840.json,reports/conv/conv_2840/csynth.xml,,,NO,
conv_2841,32,56,56,16,3,4,4,True,group_conv2d,4,tanh,YES,YES,NO,configs/conv/conv_2841.json,reports/conv/conv_2841/csynth.xml,,,NO,
conv_2842,32,56,56,16,3,4,4,False,conv2d,,tanh,YES,YES,NO,configs/conv/conv_2842.json,reports/conv/conv_2842/csynth.xml,,,NO,
conv_2843,32,56,56,16,3,4,4,False,group_conv2d,2,tanh,YES,YES,YES,configs/conv/conv_2843.json,reports/conv/conv_2843/csynth.xml,reports/conv/conv_2843/export_impl.xml,reports/conv/conv_2843/power_routed.rpt,NO,
conv_2844,32,56,56,16,3,4,4,False,group_conv2d,4,tanh,YES,YES,NO,configs/conv/conv_2844.json,reports/conv/conv_2844/csynth.xml,,,NO,
conv_2845,32,56,56,16,3,4,8,True,conv2d,,relu,YES,YES,NO,configs/conv/conv_2845.json,reports/conv/conv_2845/csynth.xml,,,NO,
conv_2846,32,56,56,16,3,4,8,True,group_conv2d,2,relu,YES,YES,YES,configs/conv/conv_2846.json,reports/conv/conv_2846/csynth.xml,reports/conv/conv_2846/export_impl.xml,reports/conv/conv_2846/power_routed.rpt,NO,
conv_2847,32,56,56,16,3,4,8,True,group_conv2d,4,relu,YES,YES,NO,configs/conv/conv_2847.json,reports/conv/conv_2847/csynth.xml,,,NO,
conv_2848,32,56,56,16,3,4,8,False,conv2d,,relu,YES,YES,NO,configs/conv/conv_2848.json,reports/conv/conv_2848/csynth.xml,,,NO,
conv_2849,32,56,56,16,3,4,8,False,group_conv2d,2,relu,YES,YES,NO,configs/conv/conv_2849.json,reports/conv/conv_2849/csynth.xml,,,NO,
conv_2850,32,56,56,16,3,4,8,False,group_conv2d,4,relu,YES,YES,NO,configs/conv/conv_2850.json,reports/conv/conv_2850/csynth.xml,,,NO,
conv_2851,32,56,56,16,3,4,8,True,conv2d,,sigmoid,YES,YES,NO,configs/conv/conv_2851.json,reports/conv/conv_2851/csynth.xml,,,NO,
conv_2852,32,56,56,16,3,4,8,True,group_conv2d,2,sigmoid,YES,YES,NO,configs/conv/conv_2852.json,reports/conv/conv_2852/csynth.xml,,,NO,
conv_2853,32,56,56,16,3,4,8,True,group_conv2d,4,sigmoid,YES,YES,NO,configs/conv/conv_2853.json,reports/conv/conv_2853/csynth.xml,,,NO,
conv_2854,32,56,56,16,3,4,8,False,conv2d,,sigmoid,YES,YES,NO,configs/conv/conv_2854.json,reports/conv/conv_2854/csynth.xml,,,NO,
conv_2855,32,56,56,16,3,4,8,False,group_conv2d,2,sigmoid,YES,YES,NO,configs/conv/conv_2855.json,reports/conv/conv_2855/csynth.xml,,,NO,
conv_2856,32,56,56,16,3,4,8,False,group_conv2d,4,sigmoid,YES,YES,NO,configs/conv/conv_2856.json,reports/conv/conv_2856/csynth.xml,,,NO,
conv_2857,32,56,56,16,3,4,8,True,conv2d,,tanh,YES,YES,NO,configs/conv/conv_2857.json,reports/conv/conv_2857/csynth.xml,,,NO,
conv_2858,32,56,56,16,3,4,8,True,group_conv2d,2,tanh,YES,YES,NO,configs/conv/conv_2858.json,reports/conv/conv_2858/csynth.xml,,,NO,
conv_2859,32,56,56,16,3,4,8,True,group_conv2d,4,tanh,YES,YES,NO,configs/conv/conv_2859.json,reports/conv/conv_2859/csynth.xml,,,NO,
conv_2860,32,56,56,16,3,4,8,False,conv2d,,tanh,YES,YES,NO,configs/conv/conv_2860.json,reports/conv/conv_2860/csynth.xml,,,NO,
conv_2861,32,56,56,16,3,4,8,False,group_conv2d,2,tanh,YES,YES,NO,configs/conv/conv_2861.json,reports/conv/conv_2861/csynth.xml,,,NO,
conv_2862,32,56,56,16,3,4,8,False,group_conv2d,4,tanh,YES,YES,NO,configs/conv/conv_2862.json,reports/conv/conv_2862/csynth.xml,,,NO,
conv_2863,32,56,56,16,3,8,1,True,conv2d,,relu,YES,YES,NO,configs/conv/conv_2863.json,reports/conv/conv_2863/csynth.xml,,,NO,
conv_2864,32,56,56,16,3,8,1,True,group_conv2d,2,relu,YES,YES,NO,configs/conv/conv_2864.json,reports/conv/conv_2864/csynth.xml,,,NO,
conv_2865,32,56,56,16,3,8,1,True,group_conv2d,4,relu,YES,YES,NO,configs/conv/conv_2865.json,reports/conv/conv_2865/csynth.xml,,,NO,
conv_2866,32,56,56,16,3,8,1,False,conv2d,,relu,YES,YES,NO,configs/conv/conv_2866.json,reports/conv/conv_2866/csynth.xml,,,NO,
conv_2867,32,56,56,16,3,8,1,False,group_conv2d,2,relu,YES,YES,NO,configs/conv/conv_2867.json,reports/conv/conv_2867/csynth.xml,,,NO,
conv_2868,32,56,56,16,3,8,1,False,group_conv2d,4,relu,YES,YES,NO,configs/conv/conv_2868.json,reports/conv/conv_2868/csynth.xml,,,NO,
conv_2869,32,56,56,16,3,8,1,True,conv2d,,sigmoid,YES,YES,NO,configs/conv/conv_2869.json,reports/conv/conv_2869/csynth.xml,,,NO,
conv_2870,32,56,56,16,3,8,1,True,group_conv2d,2,sigmoid,YES,YES,NO,configs/conv/conv_2870.json,reports/conv/conv_2870/csynth.xml,,,NO,
conv_2871,32,56,56,16,3,8,1,True,group_conv2d,4,sigmoid,YES,YES,NO,configs/conv/conv_2871.json,reports/conv/conv_2871/csynth.xml,,,NO,
conv_2872,32,56,56,16,3,8,1,False,conv2d,,sigmoid,YES,YES,NO,configs/conv/conv_2872.json,reports/conv/conv_2872/csynth.xml,,,NO,
conv_2873,32,56,56,16,3,8,1,False,group_conv2d,2,sigmoid,YES,YES,NO,configs/conv/conv_2873.json,reports/conv/conv_2873/csynth.xml,,,NO,
conv_2874,32,56,56,16,3,8,1,False,group_conv2d,4,sigmoid,YES,YES,NO,configs/conv/conv_2874.json,reports/conv/conv_2874/csynth.xml,,,NO,
conv_2875,32,56,56,16,3,8,1,True,conv2d,,tanh,YES,YES,NO,configs/conv/conv_2875.json,reports/conv/conv_2875/csynth.xml,,,NO,
conv_2876,32,56,56,16,3,8,1,True,group_conv2d,2,tanh,YES,YES,NO,configs/conv/conv_2876.json,reports/conv/conv_2876/csynth.xml,,,NO,
conv_2877,32,56,56,16,3,8,1,True,group_conv2d,4,tanh,YES,YES,NO,configs/conv/conv_2877.json,reports/conv/conv_2877/csynth.xml,,,NO,
conv_2878,32,56,56,16,3,8,1,False,conv2d,,tanh,YES,YES,NO,configs/conv/conv_2878.json,reports/conv/conv_2878/csynth.xml,,,NO,
conv_2879,32,56,56,16,3,8,1,False,group_conv2d,2,tanh,YES,YES,NO,configs/conv/conv_2879.json,reports/conv/conv_2879/csynth.xml,,,NO,
conv_2880,32,56,56,16,3,8,1,False,group_conv2d,4,tanh,YES,YES,NO,configs/conv/conv_2880.json,reports/conv/conv_2880/csynth.xml,,,NO,
conv_2881,32,56,56,16,3,8,4,True,conv2d,,relu,YES,YES,NO,configs/conv/conv_2881.json,reports/conv/conv_2881/csynth.xml,,,NO,
conv_2882,32,56,56,16,3,8,4,True,group_conv2d,2,relu,YES,YES,NO,configs/conv/conv_2882.json,reports/conv/conv_2882/csynth.xml,,,NO,
conv_2883,32,56,56,16,3,8,4,True,group_conv2d,4,relu,YES,YES,NO,configs/conv/conv_2883.json,reports/conv/conv_2883/csynth.xml,,,NO,
conv_2884,32,56,56,16,3,8,4,False,conv2d,,relu,YES,YES,YES,configs/conv/conv_2884.json,reports/conv/conv_2884/csynth.xml,reports/conv/conv_2884/export_impl.xml,reports/conv/conv_2884/power_routed.rpt,NO,
conv_2885,32,56,56,16,3,8,4,False,group_conv2d,2,relu,YES,YES,NO,configs/conv/conv_2885.json,reports/conv/conv_2885/csynth.xml,,,NO,
conv_2886,32,56,56,16,3,8,4,False,group_conv2d,4,relu,YES,YES,NO,configs/conv/conv_2886.json,reports/conv/conv_2886/csynth.xml,,,NO,
conv_2887,32,56,56,16,3,8,4,True,conv2d,,sigmoid,YES,YES,NO,configs/conv/conv_2887.json,reports/conv/conv_2887/csynth.xml,,,NO,
conv_2888,32,56,56,16,3,8,4,True,group_conv2d,2,sigmoid,YES,YES,NO,configs/conv/conv_2888.json,reports/conv/conv_2888/csynth.xml,,,NO,
conv_2889,32,56,56,16,3,8,4,True,group_conv2d,4,sigmoid,YES,YES,NO,configs/conv/conv_2889.json,reports/conv/conv_2889/csynth.xml,,,NO,
conv_2890,32,56,56,16,3,8,4,False,conv2d,,sigmoid,YES,YES,NO,configs/conv/conv_2890.json,reports/conv/conv_2890/csynth.xml,,,NO,
conv_2891,32,56,56,16,3,8,4,False,group_conv2d,2,sigmoid,YES,YES,NO,configs/conv/conv_2891.json,reports/conv/conv_2891/csynth.xml,,,NO,
conv_2892,32,56,56,16,3,8,4,False,group_conv2d,4,sigmoid,YES,YES,NO,configs/conv/conv_2892.json,reports/conv/conv_2892/csynth.xml,,,NO,
conv_2893,32,56,56,16,3,8,4,True,conv2d,,tanh,YES,YES,NO,configs/conv/conv_2893.json,reports/conv/conv_2893/csynth.xml,,,NO,
conv_2894,32,56,56,16,3,8,4,True,group_conv2d,2,tanh,YES,YES,NO,configs/conv/conv_2894.json,reports/conv/conv_2894/csynth.xml,,,NO,
conv_2895,32,56,56,16,3,8,4,True,group_conv2d,4,tanh,YES,YES,NO,configs/conv/conv_2895.json,reports/conv/conv_2895/csynth.xml,,,NO,
conv_2896,32,56,56,16,3,8,4,False,conv2d,,tanh,YES,YES,NO,configs/conv/conv_2896.json,reports/conv/conv_2896/csynth.xml,,,NO,
conv_2897,32,56,56,16,3,8,4,False,group_conv2d,2,tanh,YES,YES,NO,configs/conv/conv_2897.json,reports/conv/conv_2897/csynth.xml,,,NO,
conv_2898,32,56,56,16,3,8,4,False,group_conv2d,4,tanh,YES,YES,NO,configs/conv/conv_2898.json,reports/conv/conv_2898/csynth.xml,,,NO,
conv_2899,32,56,56,16,3,8,8,True,conv2d,,relu,YES,YES,NO,configs/conv/conv_2899.json,reports/conv/conv_2899/csynth.xml,,,NO,
conv_2900,32,56,56,16,3,8,8,True,group_conv2d,2,relu,YES,YES,NO,configs/conv/conv_2900.json,reports/conv/conv_2900/csynth.xml,,,NO,
conv_2901,32,56,56,16,3,8,8,True,group_conv2d,4,relu,YES,YES,NO,configs/conv/conv_2901.json,reports/conv/conv_2901/csynth.xml,,,NO,
conv_2902,32,56,56,16,3,8,8,False,conv2d,,relu,YES,YES,NO,configs/conv/conv_2902.json,reports/conv/conv_2902/csynth.xml,,,NO,
conv_2903,32,56,56,16,3,8,8,False,group_conv2d,2,relu,YES,YES,NO,configs/conv/conv_2903.json,reports/conv/conv_2903/csynth.xml,,,NO,
conv_2904,32,56,56,16,3,8,8,False,group_conv2d,4,relu,YES,YES,YES,configs/conv/conv_2904.json,reports/conv/conv_2904/csynth.xml,reports/conv/conv_2904/export_impl.xml,reports/conv/conv_2904/power_routed.rpt,NO,
conv_2905,32,56,56,16,3,8,8,True,conv2d,,sigmoid,YES,YES,NO,configs/conv/conv_2905.json,reports/conv/conv_2905/csynth.xml,,,NO,
conv_2906,32,56,56,16,3,8,8,True,group_conv2d,2,sigmoid,YES,YES,NO,configs/conv/conv_2906.json,reports/conv/conv_2906/csynth.xml,,,NO,
conv_2907,32,56,56,16,3,8,8,True,group_conv2d,4,sigmoid,YES,YES,NO,configs/conv/conv_2907.json,reports/conv/conv_2907/csynth.xml,,,NO,
conv_2908,32,56,56,16,3,8,8,False,conv2d,,sigmoid,YES,YES,NO,configs/conv/conv_2908.json,reports/conv/conv_2908/csynth.xml,,,NO,
conv_2909,32,56,56,16,3,8,8,False,group_conv2d,2,sigmoid,YES,YES,NO,configs/conv/conv_2909.json,reports/conv/conv_2909/csynth.xml,,,NO,
conv_2910,32,56,56,16,3,8,8,False,group_conv2d,4,sigmoid,YES,YES,NO,configs/conv/conv_2910.json,reports/conv/conv_2910/csynth.xml,,,NO,
conv_2911,32,56,56,16,3,8,8,True,conv2d,,tanh,YES,YES,NO,configs/conv/conv_2911.json,reports/conv/conv_2911/csynth.xml,,,NO,
conv_2912,32,56,56,16,3,8,8,True,group_conv2d,2,tanh,YES,YES,NO,configs/conv/conv_2912.json,reports/conv/conv_2912/csynth.xml,,,NO,
conv_2913,32,56,56,16,3,8,8,True,group_conv2d,4,tanh,YES,YES,NO,configs/conv/conv_2913.json,reports/conv/conv_2913/csynth.xml,,,NO,
conv_2914,32,56,56,16,3,8,8,False,conv2d,,tanh,YES,YES,NO,configs/conv/conv_2914.json,reports/conv/conv_2914/csynth.xml,,,NO,
conv_2915,32,56,56,16,3,8,8,False,group_conv2d,2,tanh,YES,YES,NO,configs/conv/conv_2915.json,reports/conv/conv_2915/csynth.xml,,,NO,
conv_2916,32,56,56,16,3,8,8,False,group_conv2d,4,tanh,YES,YES,NO,configs/conv/conv_2916.json,reports/conv/conv_2916/csynth.xml,,,NO,
conv_2917,32,56,56,32,1,1,1,True,conv2d,,relu,YES,YES,YES,configs/conv/conv_2917.json,reports/conv/conv_2917/csynth.xml,reports/conv/conv_2917/export_impl.xml,reports/conv/conv_2917/power_routed.rpt,NO,
conv_2918,32,56,56,32,1,1,1,True,group_conv2d,2,relu,YES,YES,YES,configs/conv/conv_2918.json,reports/conv/conv_2918/csynth.xml,reports/conv/conv_2918/export_impl.xml,reports/conv/conv_2918/power_routed.rpt,NO,
conv_2919,32,56,56,32,1,1,1,True,group_conv2d,4,relu,YES,YES,YES,configs/conv/conv_2919.json,reports/conv/conv_2919/csynth.xml,reports/conv/conv_2919/export_impl.xml,reports/conv/conv_2919/power_routed.rpt,NO,
conv_2920,32,56,56,32,1,1,1,False,conv2d,,relu,YES,YES,YES,configs/conv/conv_2920.json,reports/conv/conv_2920/csynth.xml,reports/conv/conv_2920/export_impl.xml,reports/conv/conv_2920/power_routed.rpt,NO,
conv_2921,32,56,56,32,1,1,1,False,group_conv2d,2,relu,YES,YES,YES,configs/conv/conv_2921.json,reports/conv/conv_2921/csynth.xml,reports/conv/conv_2921/export_impl.xml,reports/conv/conv_2921/power_routed.rpt,NO,
conv_2922,32,56,56,32,1,1,1,False,group_conv2d,4,relu,YES,YES,YES,configs/conv/conv_2922.json,reports/conv/conv_2922/csynth.xml,reports/conv/conv_2922/export_impl.xml,reports/conv/conv_2922/power_routed.rpt,NO,
conv_2923,32,56,56,32,1,1,1,True,conv2d,,sigmoid,YES,YES,YES,configs/conv/conv_2923.json,reports/conv/conv_2923/csynth.xml,reports/conv/conv_2923/export_impl.xml,reports/conv/conv_2923/power_routed.rpt,NO,
conv_2924,32,56,56,32,1,1,1,True,group_conv2d,2,sigmoid,YES,YES,YES,configs/conv/conv_2924.json,reports/conv/conv_2924/csynth.xml,reports/conv/conv_2924/export_impl.xml,reports/conv/conv_2924/power_routed.rpt,NO,
conv_2925,32,56,56,32,1,1,1,True,group_conv2d,4,sigmoid,YES,YES,YES,configs/conv/conv_2925.json,reports/conv/conv_2925/csynth.xml,reports/conv/conv_2925/export_impl.xml,reports/conv/conv_2925/power_routed.rpt,NO,
conv_2926,32,56,56,32,1,1,1,False,conv2d,,sigmoid,YES,YES,YES,configs/conv/conv_2926.json,reports/conv/conv_2926/csynth.xml,reports/conv/conv_2926/export_impl.xml,reports/conv/conv_2926/power_routed.rpt,NO,
conv_2927,32,56,56,32,1,1,1,False,group_conv2d,2,sigmoid,YES,YES,YES,configs/conv/conv_2927.json,reports/conv/conv_2927/csynth.xml,reports/conv/conv_2927/export_impl.xml,reports/conv/conv_2927/power_routed.rpt,NO,
conv_2928,32,56,56,32,1,1,1,False,group_conv2d,4,sigmoid,YES,YES,YES,configs/conv/conv_2928.json,reports/conv/conv_2928/csynth.xml,reports/conv/conv_2928/export_impl.xml,reports/conv/conv_2928/power_routed.rpt,NO,
conv_2929,32,56,56,32,1,1,1,True,conv2d,,tanh,YES,YES,YES,configs/conv/conv_2929.json,reports/conv/conv_2929/csynth.xml,reports/conv/conv_2929/export_impl.xml,reports/conv/conv_2929/power_routed.rpt,NO,
conv_2930,32,56,56,32,1,1,1,True,group_conv2d,2,tanh,YES,YES,YES,configs/conv/conv_2930.json,reports/conv/conv_2930/csynth.xml,reports/conv/conv_2930/export_impl.xml,reports/conv/conv_2930/power_routed.rpt,NO,
conv_2931,32,56,56,32,1,1,1,True,group_conv2d,4,tanh,YES,YES,YES,configs/conv/conv_2931.json,reports/conv/conv_2931/csynth.xml,reports/conv/conv_2931/export_impl.xml,reports/conv/conv_2931/power_routed.rpt,NO,
conv_2932,32,56,56,32,1,1,1,False,conv2d,,tanh,YES,YES,YES,configs/conv/conv_2932.json,reports/conv/conv_2932/csynth.xml,reports/conv/conv_2932/export_impl.xml,reports/conv/conv_2932/power_routed.rpt,NO,
conv_2933,32,56,56,32,1,1,1,False,group_conv2d,2,tanh,YES,YES,YES,configs/conv/conv_2933.json,reports/conv/conv_2933/csynth.xml,reports/conv/conv_2933/export_impl.xml,reports/conv/conv_2933/power_routed.rpt,NO,
conv_2934,32,56,56,32,1,1,1,False,group_conv2d,4,tanh,YES,YES,YES,configs/conv/conv_2934.json,reports/conv/conv_2934/csynth.xml,reports/conv/conv_2934/export_impl.xml,reports/conv/conv_2934/power_routed.rpt,NO,
conv_2935,32,56,56,32,1,1,4,True,conv2d,,relu,YES,YES,NO,configs/conv/conv_2935.json,reports/conv/conv_2935/csynth.xml,,,NO,
conv_2936,32,56,56,32,1,1,4,True,group_conv2d,2,relu,YES,YES,YES,configs/conv/conv_2936.json,reports/conv/conv_2936/csynth.xml,reports/conv/conv_2936/export_impl.xml,reports/conv/conv_2936/power_routed.rpt,NO,
conv_2937,32,56,56,32,1,1,4,True,group_conv2d,4,relu,YES,YES,NO,configs/conv/conv_2937.json,reports/conv/conv_2937/csynth.xml,,,NO,
conv_2938,32,56,56,32,1,1,4,False,conv2d,,relu,YES,YES,NO,configs/conv/conv_2938.json,reports/conv/conv_2938/csynth.xml,,,NO,
conv_2939,32,56,56,32,1,1,4,False,group_conv2d,2,relu,YES,YES,NO,configs/conv/conv_2939.json,reports/conv/conv_2939/csynth.xml,,,NO,
conv_2940,32,56,56,32,1,1,4,False,group_conv2d,4,relu,YES,YES,NO,configs/conv/conv_2940.json,reports/conv/conv_2940/csynth.xml,,,NO,
conv_2941,32,56,56,32,1,1,4,True,conv2d,,sigmoid,YES,YES,NO,configs/conv/conv_2941.json,reports/conv/conv_2941/csynth.xml,,,NO,
conv_2942,32,56,56,32,1,1,4,True,group_conv2d,2,sigmoid,YES,YES,NO,configs/conv/conv_2942.json,reports/conv/conv_2942/csynth.xml,,,NO,
conv_2943,32,56,56,32,1,1,4,True,group_conv2d,4,sigmoid,YES,YES,NO,configs/conv/conv_2943.json,reports/conv/conv_2943/csynth.xml,,,NO,
conv_2944,32,56,56,32,1,1,4,False,conv2d,,sigmoid,YES,YES,NO,configs/conv/conv_2944.json,reports/conv/conv_2944/csynth.xml,,,NO,
conv_2945,32,56,56,32,1,1,4,False,group_conv2d,2,sigmoid,YES,YES,YES,configs/conv/conv_2945.json,reports/conv/conv_2945/csynth.xml,reports/conv/conv_2945/export_impl.xml,reports/conv/conv_2945/power_routed.rpt,NO,
conv_2946,32,56,56,32,1,1,4,False,group_conv2d,4,sigmoid,YES,YES,NO,configs/conv/conv_2946.json,reports/conv/conv_2946/csynth.xml,,,NO,
conv_2947,32,56,56,32,1,1,4,True,conv2d,,tanh,YES,YES,NO,configs/conv/conv_2947.json,reports/conv/conv_2947/csynth.xml,,,NO,
conv_2948,32,56,56,32,1,1,4,True,group_conv2d,2,tanh,YES,YES,NO,configs/conv/conv_2948.json,reports/conv/conv_2948/csynth.xml,,,NO,
conv_2949,32,56,56,32,1,1,4,True,group_conv2d,4,tanh,YES,YES,NO,configs/conv/conv_2949.json,reports/conv/conv_2949/csynth.xml,,,NO,
conv_2950,32,56,56,32,1,1,4,False,conv2d,,tanh,YES,YES,NO,configs/conv/conv_2950.json,reports/conv/conv_2950/csynth.xml,,,NO,
conv_2951,32,56,56,32,1,1,4,False,group_conv2d,2,tanh,YES,YES,NO,configs/conv/conv_2951.json,reports/conv/conv_2951/csynth.xml,,,NO,
conv_2952,32,56,56,32,1,1,4,False,group_conv2d,4,tanh,YES,YES,NO,configs/conv/conv_2952.json,reports/conv/conv_2952/csynth.xml,,,NO,
conv_2953,32,56,56,32,1,1,8,True,conv2d,,relu,YES,YES,NO,configs/conv/conv_2953.json,reports/conv/conv_2953/csynth.xml,,,NO,
conv_2954,32,56,56,32,1,1,8,True,group_conv2d,2,relu,YES,YES,YES,configs/conv/conv_2954.json,reports/conv/conv_2954/csynth.xml,reports/conv/conv_2954/export_impl.xml,reports/conv/conv_2954/power_routed.rpt,NO,
conv_2955,32,56,56,32,1,1,8,True,group_conv2d,4,relu,YES,YES,NO,configs/conv/conv_2955.json,reports/conv/conv_2955/csynth.xml,,,NO,
conv_2956,32,56,56,32,1,1,8,False,conv2d,,relu,YES,YES,NO,configs/conv/conv_2956.json,reports/conv/conv_2956/csynth.xml,,,NO,
conv_2957,32,56,56,32,1,1,8,False,group_conv2d,2,relu,YES,YES,NO,configs/conv/conv_2957.json,reports/conv/conv_2957/csynth.xml,,,NO,
conv_2958,32,56,56,32,1,1,8,False,group_conv2d,4,relu,YES,YES,NO,configs/conv/conv_2958.json,reports/conv/conv_2958/csynth.xml,,,NO,
conv_2959,32,56,56,32,1,1,8,True,conv2d,,sigmoid,YES,YES,NO,configs/conv/conv_2959.json,reports/conv/conv_2959/csynth.xml,,,NO,
conv_2960,32,56,56,32,1,1,8,True,group_conv2d,2,sigmoid,YES,YES,NO,configs/conv/conv_2960.json,reports/conv/conv_2960/csynth.xml,,,NO,
conv_2961,32,56,56,32,1,1,8,True,group_conv2d,4,sigmoid,YES,YES,NO,configs/conv/conv_2961.json,reports/conv/conv_2961/csynth.xml,,,NO,
conv_2962,32,56,56,32,1,1,8,False,conv2d,,sigmoid,YES,YES,NO,configs/conv/conv_2962.json,reports/conv/conv_2962/csynth.xml,,,NO,
conv_2963,32,56,56,32,1,1,8,False,group_conv2d,2,sigmoid,YES,YES,NO,configs/conv/conv_2963.json,reports/conv/conv_2963/csynth.xml,,,NO,
conv_2964,32,56,56,32,1,1,8,False,group_conv2d,4,sigmoid,YES,YES,NO,configs/conv/conv_2964.json,reports/conv/conv_2964/csynth.xml,,,NO,
conv_2965,32,56,56,32,1,1,8,True,conv2d,,tanh,YES,YES,NO,configs/conv/conv_2965.json,reports/conv/conv_2965/csynth.xml,,,NO,
conv_2966,32,56,56,32,1,1,8,True,group_conv2d,2,tanh,YES,YES,NO,configs/conv/conv_2966.json,reports/conv/conv_2966/csynth.xml,,,NO,
conv_2967,32,56,56,32,1,1,8,True,group_conv2d,4,tanh,YES,YES,NO,configs/conv/conv_2967.json,reports/conv/conv_2967/csynth.xml,,,NO,
conv_2968,32,56,56,32,1,1,8,False,conv2d,,tanh,YES,YES,NO,configs/conv/conv_2968.json,reports/conv/conv_2968/csynth.xml,,,NO,
conv_2969,32,56,56,32,1,1,8,False,group_conv2d,2,tanh,YES,YES,NO,configs/conv/conv_2969.json,reports/conv/conv_2969/csynth.xml,,,NO,
conv_2970,32,56,56,32,1,1,8,False,group_conv2d,4,tanh,YES,YES,NO,configs/conv/conv_2970.json,reports/conv/conv_2970/csynth.xml,,,NO,
conv_2971,32,56,56,32,1,4,1,True,conv2d,,relu,YES,YES,NO,configs/conv/conv_2971.json,reports/conv/conv_2971/csynth.xml,,,NO,
conv_2972,32,56,56,32,1,4,1,True,group_conv2d,2,relu,YES,YES,YES,configs/conv/conv_2972.json,reports/conv/conv_2972/csynth.xml,reports/conv/conv_2972/export_impl.xml,reports/conv/conv_2972/power_routed.rpt,NO,
conv_2973,32,56,56,32,1,4,1,True,group_conv2d,4,relu,YES,YES,NO,configs/conv/conv_2973.json,reports/conv/conv_2973/csynth.xml,,,NO,
conv_2974,32,56,56,32,1,4,1,False,conv2d,,relu,YES,YES,NO,configs/conv/conv_2974.json,reports/conv/conv_2974/csynth.xml,,,NO,
conv_2975,32,56,56,32,1,4,1,False,group_conv2d,2,relu,YES,YES,YES,configs/conv/conv_2975.json,reports/conv/conv_2975/csynth.xml,reports/conv/conv_2975/export_impl.xml,reports/conv/conv_2975/power_routed.rpt,NO,
conv_2976,32,56,56,32,1,4,1,False,group_conv2d,4,relu,YES,YES,NO,configs/conv/conv_2976.json,reports/conv/conv_2976/csynth.xml,,,NO,
conv_2977,32,56,56,32,1,4,1,True,conv2d,,sigmoid,YES,YES,NO,configs/conv/conv_2977.json,reports/conv/conv_2977/csynth.xml,,,NO,
conv_2978,32,56,56,32,1,4,1,True,group_conv2d,2,sigmoid,YES,YES,NO,configs/conv/conv_2978.json,reports/conv/conv_2978/csynth.xml,,,NO,
conv_2979,32,56,56,32,1,4,1,True,group_conv2d,4,sigmoid,YES,YES,NO,configs/conv/conv_2979.json,reports/conv/conv_2979/csynth.xml,,,NO,
conv_2980,32,56,56,32,1,4,1,False,conv2d,,sigmoid,YES,YES,NO,configs/conv/conv_2980.json,reports/conv/conv_2980/csynth.xml,,,NO,
conv_2981,32,56,56,32,1,4,1,False,group_conv2d,2,sigmoid,YES,YES,NO,configs/conv/conv_2981.json,reports/conv/conv_2981/csynth.xml,,,NO,
conv_2982,32,56,56,32,1,4,1,False,group_conv2d,4,sigmoid,YES,YES,NO,configs/conv/conv_2982.json,reports/conv/conv_2982/csynth.xml,,,NO,
conv_2983,32,56,56,32,1,4,1,True,conv2d,,tanh,YES,YES,NO,configs/conv/conv_2983.json,reports/conv/conv_2983/csynth.xml,,,NO,
conv_2984,32,56,56,32,1,4,1,True,group_conv2d,2,tanh,YES,YES,NO,configs/conv/conv_2984.json,reports/conv/conv_2984/csynth.xml,,,NO,
conv_2985,32,56,56,32,1,4,1,True,group_conv2d,4,tanh,YES,YES,NO,configs/conv/conv_2985.json,reports/conv/conv_2985/csynth.xml,,,NO,
conv_2986,32,56,56,32,1,4,1,False,conv2d,,tanh,YES,YES,NO,configs/conv/conv_2986.json,reports/conv/conv_2986/csynth.xml,,,NO,
conv_2987,32,56,56,32,1,4,1,False,group_conv2d,2,tanh,YES,YES,NO,configs/conv/conv_2987.json,reports/conv/conv_2987/csynth.xml,,,NO,
conv_2988,32,56,56,32,1,4,1,False,group_conv2d,4,tanh,YES,YES,NO,configs/conv/conv_2988.json,reports/conv/conv_2988/csynth.xml,,,NO,
conv_2989,32,56,56,32,1,4,4,True,conv2d,,relu,YES,YES,NO,configs/conv/conv_2989.json,reports/conv/conv_2989/csynth.xml,,,NO,
conv_2990,32,56,56,32,1,4,4,True,group_conv2d,2,relu,YES,YES,NO,configs/conv/conv_2990.json,reports/conv/conv_2990/csynth.xml,,,NO,
conv_2991,32,56,56,32,1,4,4,True,group_conv2d,4,relu,YES,YES,NO,configs/conv/conv_2991.json,reports/conv/conv_2991/csynth.xml,,,NO,
conv_2992,32,56,56,32,1,4,4,False,conv2d,,relu,YES,YES,NO,configs/conv/conv_2992.json,reports/conv/conv_2992/csynth.xml,,,NO,
conv_2993,32,56,56,32,1,4,4,False,group_conv2d,2,relu,YES,YES,NO,configs/conv/conv_2993.json,reports/conv/conv_2993/csynth.xml,,,NO,
conv_2994,32,56,56,32,1,4,4,False,group_conv2d,4,relu,YES,YES,NO,configs/conv/conv_2994.json,reports/conv/conv_2994/csynth.xml,,,NO,
conv_2995,32,56,56,32,1,4,4,True,conv2d,,sigmoid,YES,YES,NO,configs/conv/conv_2995.json,reports/conv/conv_2995/csynth.xml,,,NO,
conv_2996,32,56,56,32,1,4,4,True,group_conv2d,2,sigmoid,YES,YES,NO,configs/conv/conv_2996.json,reports/conv/conv_2996/csynth.xml,,,NO,
conv_2997,32,56,56,32,1,4,4,True,group_conv2d,4,sigmoid,YES,YES,NO,configs/conv/conv_2997.json,reports/conv/conv_2997/csynth.xml,,,NO,
conv_2998,32,56,56,32,1,4,4,False,conv2d,,sigmoid,YES,YES,NO,configs/conv/conv_2998.json,reports/conv/conv_2998/csynth.xml,,,NO,
conv_2999,32,56,56,32,1,4,4,False,group_conv2d,2,sigmoid,YES,YES,NO,configs/conv/conv_2999.json,reports/conv/conv_2999/csynth.xml,,,NO,
conv_3000,32,56,56,32,1,4,4,False,group_conv2d,4,sigmoid,YES,YES,NO,configs/conv/conv_3000.json,reports/conv/conv_3000/csynth.xml,,,NO,
conv_3001,32,56,56,32,1,4,4,True,conv2d,,tanh,YES,YES,YES,configs/conv/conv_3001.json,reports/conv/conv_3001/csynth.xml,reports/conv/conv_3001/export_impl.xml,reports/conv/conv_3001/power_routed.rpt,NO,
conv_3002,32,56,56,32,1,4,4,True,group_conv2d,2,tanh,YES,YES,NO,configs/conv/conv_3002.json,reports/conv/conv_3002/csynth.xml,,,NO,
conv_3003,32,56,56,32,1,4,4,True,group_conv2d,4,tanh,YES,YES,NO,configs/conv/conv_3003.json,reports/conv/conv_3003/csynth.xml,,,NO,
conv_3004,32,56,56,32,1,4,4,False,conv2d,,tanh,YES,YES,YES,configs/conv/conv_3004.json,reports/conv/conv_3004/csynth.xml,reports/conv/conv_3004/export_impl.xml,reports/conv/conv_3004/power_routed.rpt,NO,
conv_3005,32,56,56,32,1,4,4,False,group_conv2d,2,tanh,YES,YES,NO,configs/conv/conv_3005.json,reports/conv/conv_3005/csynth.xml,,,NO,
conv_3006,32,56,56,32,1,4,4,False,group_conv2d,4,tanh,YES,YES,NO,configs/conv/conv_3006.json,reports/conv/conv_3006/csynth.xml,,,NO,
conv_3007,32,56,56,32,1,4,8,True,conv2d,,relu,YES,YES,NO,configs/conv/conv_3007.json,reports/conv/conv_3007/csynth.xml,,,NO,
conv_3008,32,56,56,32,1,4,8,True,group_conv2d,2,relu,YES,YES,NO,configs/conv/conv_3008.json,reports/conv/conv_3008/csynth.xml,,,NO,
conv_3009,32,56,56,32,1,4,8,True,group_conv2d,4,relu,YES,YES,NO,configs/conv/conv_3009.json,reports/conv/conv_3009/csynth.xml,,,NO,
conv_3010,32,56,56,32,1,4,8,False,conv2d,,relu,YES,YES,NO,configs/conv/conv_3010.json,reports/conv/conv_3010/csynth.xml,,,NO,
conv_3011,32,56,56,32,1,4,8,False,group_conv2d,2,relu,YES,YES,NO,configs/conv/conv_3011.json,reports/conv/conv_3011/csynth.xml,,,NO,
conv_3012,32,56,56,32,1,4,8,False,group_conv2d,4,relu,YES,YES,NO,configs/conv/conv_3012.json,reports/conv/conv_3012/csynth.xml,,,NO,
conv_3013,32,56,56,32,1,4,8,True,conv2d,,sigmoid,YES,YES,NO,configs/conv/conv_3013.json,reports/conv/conv_3013/csynth.xml,,,NO,
conv_3014,32,56,56,32,1,4,8,True,group_conv2d,2,sigmoid,YES,YES,NO,configs/conv/conv_3014.json,reports/conv/conv_3014/csynth.xml,,,NO,
conv_3015,32,56,56,32,1,4,8,True,group_conv2d,4,sigmoid,YES,YES,NO,configs/conv/conv_3015.json,reports/conv/conv_3015/csynth.xml,,,NO,
conv_3016,32,56,56,32,1,4,8,False,conv2d,,sigmoid,YES,YES,NO,configs/conv/conv_3016.json,reports/conv/conv_3016/csynth.xml,,,NO,
conv_3017,32,56,56,32,1,4,8,False,group_conv2d,2,sigmoid,YES,YES,NO,configs/conv/conv_3017.json,reports/conv/conv_3017/csynth.xml,,,NO,
conv_3018,32,56,56,32,1,4,8,False,group_conv2d,4,sigmoid,YES,YES,NO,configs/conv/conv_3018.json,reports/conv/conv_3018/csynth.xml,,,NO,
conv_3019,32,56,56,32,1,4,8,True,conv2d,,tanh,YES,YES,NO,configs/conv/conv_3019.json,reports/conv/conv_3019/csynth.xml,,,NO,
conv_3020,32,56,56,32,1,4,8,True,group_conv2d,2,tanh,YES,YES,NO,configs/conv/conv_3020.json,reports/conv/conv_3020/csynth.xml,,,NO,
conv_3021,32,56,56,32,1,4,8,True,group_conv2d,4,tanh,YES,YES,NO,configs/conv/conv_3021.json,reports/conv/conv_3021/csynth.xml,,,NO,
conv_3022,32,56,56,32,1,4,8,False,conv2d,,tanh,YES,YES,NO,configs/conv/conv_3022.json,reports/conv/conv_3022/csynth.xml,,,NO,
conv_3023,32,56,56,32,1,4,8,False,group_conv2d,2,tanh,YES,YES,NO,configs/conv/conv_3023.json,reports/conv/conv_3023/csynth.xml,,,NO,
conv_3024,32,56,56,32,1,4,8,False,group_conv2d,4,tanh,YES,YES,NO,configs/conv/conv_3024.json,reports/conv/conv_3024/csynth.xml,,,NO,
conv_3025,32,56,56,32,1,8,1,True,conv2d,,relu,YES,YES,NO,configs/conv/conv_3025.json,reports/conv/conv_3025/csynth.xml,,,NO,
conv_3026,32,56,56,32,1,8,1,True,group_conv2d,2,relu,YES,YES,NO,configs/conv/conv_3026.json,reports/conv/conv_3026/csynth.xml,,,NO,
conv_3027,32,56,56,32,1,8,1,True,group_conv2d,4,relu,YES,YES,NO,configs/conv/conv_3027.json,reports/conv/conv_3027/csynth.xml,,,NO,
conv_3028,32,56,56,32,1,8,1,False,conv2d,,relu,YES,YES,YES,configs/conv/conv_3028.json,reports/conv/conv_3028/csynth.xml,reports/conv/conv_3028/export_impl.xml,reports/conv/conv_3028/power_routed.rpt,NO,
conv_3029,32,56,56,32,1,8,1,False,group_conv2d,2,relu,YES,YES,NO,configs/conv/conv_3029.json,reports/conv/conv_3029/csynth.xml,,,NO,
conv_3030,32,56,56,32,1,8,1,False,group_conv2d,4,relu,YES,YES,NO,configs/conv/conv_3030.json,reports/conv/conv_3030/csynth.xml,,,NO,
conv_3031,32,56,56,32,1,8,1,True,conv2d,,sigmoid,YES,YES,NO,configs/conv/conv_3031.json,reports/conv/conv_3031/csynth.xml,,,NO,
conv_3032,32,56,56,32,1,8,1,True,group_conv2d,2,sigmoid,YES,YES,NO,configs/conv/conv_3032.json,reports/conv/conv_3032/csynth.xml,,,NO,
conv_3033,32,56,56,32,1,8,1,True,group_conv2d,4,sigmoid,YES,YES,NO,configs/conv/conv_3033.json,reports/conv/conv_3033/csynth.xml,,,NO,
conv_3034,32,56,56,32,1,8,1,False,conv2d,,sigmoid,YES,YES,NO,configs/conv/conv_3034.json,reports/conv/conv_3034/csynth.xml,,,NO,
conv_3035,32,56,56,32,1,8,1,False,group_conv2d,2,sigmoid,YES,YES,NO,configs/conv/conv_3035.json,reports/conv/conv_3035/csynth.xml,,,NO,
conv_3036,32,56,56,32,1,8,1,False,group_conv2d,4,sigmoid,YES,YES,NO,configs/conv/conv_3036.json,reports/conv/conv_3036/csynth.xml,,,NO,
conv_3037,32,56,56,32,1,8,1,True,conv2d,,tanh,YES,YES,NO,configs/conv/conv_3037.json,reports/conv/conv_3037/csynth.xml,,,NO,
conv_3038,32,56,56,32,1,8,1,True,group_conv2d,2,tanh,YES,YES,NO,configs/conv/conv_3038.json,reports/conv/conv_3038/csynth.xml,,,NO,
conv_3039,32,56,56,32,1,8,1,True,group_conv2d,4,tanh,YES,YES,NO,configs/conv/conv_3039.json,reports/conv/conv_3039/csynth.xml,,,NO,
conv_3040,32,56,56,32,1,8,1,False,conv2d,,tanh,YES,YES,NO,configs/conv/conv_3040.json,reports/conv/conv_3040/csynth.xml,,,NO,
conv_3041,32,56,56,32,1,8,1,False,group_conv2d,2,tanh,YES,YES,NO,configs/conv/conv_3041.json,reports/conv/conv_3041/csynth.xml,,,NO,
conv_3042,32,56,56,32,1,8,1,False,group_conv2d,4,tanh,YES,YES,NO,configs/conv/conv_3042.json,reports/conv/conv_3042/csynth.xml,,,NO,
conv_3043,32,56,56,32,1,8,4,True,conv2d,,relu,YES,YES,NO,configs/conv/conv_3043.json,reports/conv/conv_3043/csynth.xml,,,NO,
conv_3044,32,56,56,32,1,8,4,True,group_conv2d,2,relu,YES,YES,NO,configs/conv/conv_3044.json,reports/conv/conv_3044/csynth.xml,,,NO,
conv_3045,32,56,56,32,1,8,4,True,group_conv2d,4,relu,YES,YES,NO,configs/conv/conv_3045.json,reports/conv/conv_3045/csynth.xml,,,NO,
conv_3046,32,56,56,32,1,8,4,False,conv2d,,relu,YES,YES,NO,configs/conv/conv_3046.json,reports/conv/conv_3046/csynth.xml,,,NO,
conv_3047,32,56,56,32,1,8,4,False,group_conv2d,2,relu,YES,YES,NO,configs/conv/conv_3047.json,reports/conv/conv_3047/csynth.xml,,,NO,
conv_3048,32,56,56,32,1,8,4,False,group_conv2d,4,relu,YES,YES,YES,configs/conv/conv_3048.json,reports/conv/conv_3048/csynth.xml,reports/conv/conv_3048/export_impl.xml,reports/conv/conv_3048/power_routed.rpt,NO,
conv_3049,32,56,56,32,1,8,4,True,conv2d,,sigmoid,YES,YES,NO,configs/conv/conv_3049.json,reports/conv/conv_3049/csynth.xml,,,NO,
conv_3050,32,56,56,32,1,8,4,True,group_conv2d,2,sigmoid,YES,YES,NO,configs/conv/conv_3050.json,reports/conv/conv_3050/csynth.xml,,,NO,
conv_3051,32,56,56,32,1,8,4,True,group_conv2d,4,sigmoid,YES,YES,NO,configs/conv/conv_3051.json,reports/conv/conv_3051/csynth.xml,,,NO,
conv_3052,32,56,56,32,1,8,4,False,conv2d,,sigmoid,YES,YES,NO,configs/conv/conv_3052.json,reports/conv/conv_3052/csynth.xml,,,NO,
conv_3053,32,56,56,32,1,8,4,False,group_conv2d,2,sigmoid,YES,YES,NO,configs/conv/conv_3053.json,reports/conv/conv_3053/csynth.xml,,,NO,
conv_3054,32,56,56,32,1,8,4,False,group_conv2d,4,sigmoid,YES,YES,NO,configs/conv/conv_3054.json,reports/conv/conv_3054/csynth.xml,,,NO,
conv_3055,32,56,56,32,1,8,4,True,conv2d,,tanh,YES,YES,NO,configs/conv/conv_3055.json,reports/conv/conv_3055/csynth.xml,,,NO,
conv_3056,32,56,56,32,1,8,4,True,group_conv2d,2,tanh,YES,YES,NO,configs/conv/conv_3056.json,reports/conv/conv_3056/csynth.xml,,,NO,
conv_3057,32,56,56,32,1,8,4,True,group_conv2d,4,tanh,YES,YES,NO,configs/conv/conv_3057.json,reports/conv/conv_3057/csynth.xml,,,NO,
conv_3058,32,56,56,32,1,8,4,False,conv2d,,tanh,YES,YES,NO,configs/conv/conv_3058.json,reports/conv/conv_3058/csynth.xml,,,NO,
conv_3059,32,56,56,32,1,8,4,False,group_conv2d,2,tanh,YES,YES,NO,configs/conv/conv_3059.json,reports/conv/conv_3059/csynth.xml,,,NO,
conv_3060,32,56,56,32,1,8,4,False,group_conv2d,4,tanh,YES,YES,NO,configs/conv/conv_3060.json,reports/conv/conv_3060/csynth.xml,,,NO,
conv_3061,32,56,56,32,1,8,8,True,conv2d,,relu,YES,YES,NO,configs/conv/conv_3061.json,reports/conv/conv_3061/csynth.xml,,,NO,
conv_3062,32,56,56,32,1,8,8,True,group_conv2d,2,relu,YES,YES,YES,configs/conv/conv_3062.json,reports/conv/conv_3062/csynth.xml,reports/conv/conv_3062/export_impl.xml,reports/conv/conv_3062/power_routed.rpt,NO,
conv_3063,32,56,56,32,1,8,8,True,group_conv2d,4,relu,YES,YES,NO,configs/conv/conv_3063.json,reports/conv/conv_3063/csynth.xml,,,NO,
conv_3064,32,56,56,32,1,8,8,False,conv2d,,relu,YES,YES,NO,configs/conv/conv_3064.json,reports/conv/conv_3064/csynth.xml,,,NO,
conv_3065,32,56,56,32,1,8,8,False,group_conv2d,2,relu,YES,YES,NO,configs/conv/conv_3065.json,reports/conv/conv_3065/csynth.xml,,,NO,
conv_3066,32,56,56,32,1,8,8,False,group_conv2d,4,relu,YES,YES,NO,configs/conv/conv_3066.json,reports/conv/conv_3066/csynth.xml,,,NO,
conv_3067,32,56,56,32,1,8,8,True,conv2d,,sigmoid,YES,YES,NO,configs/conv/conv_3067.json,reports/conv/conv_3067/csynth.xml,,,NO,
conv_3068,32,56,56,32,1,8,8,True,group_conv2d,2,sigmoid,YES,YES,NO,configs/conv/conv_3068.json,reports/conv/conv_3068/csynth.xml,,,NO,
conv_3069,32,56,56,32,1,8,8,True,group_conv2d,4,sigmoid,YES,YES,NO,configs/conv/conv_3069.json,reports/conv/conv_3069/csynth.xml,,,NO,
conv_3070,32,56,56,32,1,8,8,False,conv2d,,sigmoid,YES,YES,NO,configs/conv/conv_3070.json,reports/conv/conv_3070/csynth.xml,,,NO,
conv_3071,32,56,56,32,1,8,8,False,group_conv2d,2,sigmoid,YES,YES,NO,configs/conv/conv_3071.json,reports/conv/conv_3071/csynth.xml,,,NO,
conv_3072,32,56,56,32,1,8,8,False,group_conv2d,4,sigmoid,YES,YES,NO,configs/conv/conv_3072.json,reports/conv/conv_3072/csynth.xml,,,NO,
conv_3073,32,56,56,32,1,8,8,True,conv2d,,tanh,YES,YES,NO,configs/conv/conv_3073.json,reports/conv/conv_3073/csynth.xml,,,NO,
conv_3074,32,56,56,32,1,8,8,True,group_conv2d,2,tanh,YES,YES,NO,configs/conv/conv_3074.json,reports/conv/conv_3074/csynth.xml,,,NO,
conv_3075,32,56,56,32,1,8,8,True,group_conv2d,4,tanh,YES,YES,NO,configs/conv/conv_3075.json,reports/conv/conv_3075/csynth.xml,,,NO,
conv_3076,32,56,56,32,1,8,8,False,conv2d,,tanh,YES,YES,NO,configs/conv/conv_3076.json,reports/conv/conv_3076/csynth.xml,,,NO,
conv_3077,32,56,56,32,1,8,8,False,group_conv2d,2,tanh,YES,YES,NO,configs/conv/conv_3077.json,reports/conv/conv_3077/csynth.xml,,,NO,
conv_3078,32,56,56,32,1,8,8,False,group_conv2d,4,tanh,YES,YES,NO,configs/conv/conv_3078.json,reports/conv/conv_3078/csynth.xml,,,NO,
conv_3079,32,56,56,32,3,1,1,True,conv2d,,relu,YES,YES,YES,configs/conv/conv_3079.json,reports/conv/conv_3079/csynth.xml,reports/conv/conv_3079/export_impl.xml,reports/conv/conv_3079/power_routed.rpt,NO,
conv_3080,32,56,56,32,3,1,1,True,group_conv2d,2,relu,YES,YES,YES,configs/conv/conv_3080.json,reports/conv/conv_3080/csynth.xml,reports/conv/conv_3080/export_impl.xml,reports/conv/conv_3080/power_routed.rpt,NO,
conv_3081,32,56,56,32,3,1,1,True,group_conv2d,4,relu,YES,YES,YES,configs/conv/conv_3081.json,reports/conv/conv_3081/csynth.xml,reports/conv/conv_3081/export_impl.xml,reports/conv/conv_3081/power_routed.rpt,NO,
conv_3082,32,56,56,32,3,1,1,False,conv2d,,relu,YES,YES,YES,configs/conv/conv_3082.json,reports/conv/conv_3082/csynth.xml,reports/conv/conv_3082/export_impl.xml,reports/conv/conv_3082/power_routed.rpt,NO,
conv_3083,32,56,56,32,3,1,1,False,group_conv2d,2,relu,YES,YES,YES,configs/conv/conv_3083.json,reports/conv/conv_3083/csynth.xml,reports/conv/conv_3083/export_impl.xml,reports/conv/conv_3083/power_routed.rpt,NO,
conv_3084,32,56,56,32,3,1,1,False,group_conv2d,4,relu,YES,YES,YES,configs/conv/conv_3084.json,reports/conv/conv_3084/csynth.xml,reports/conv/conv_3084/export_impl.xml,reports/conv/conv_3084/power_routed.rpt,NO,
conv_3085,32,56,56,32,3,1,1,True,conv2d,,sigmoid,YES,YES,YES,configs/conv/conv_3085.json,reports/conv/conv_3085/csynth.xml,reports/conv/conv_3085/export_impl.xml,reports/conv/conv_3085/power_routed.rpt,NO,
conv_3086,32,56,56,32,3,1,1,True,group_conv2d,2,sigmoid,YES,YES,YES,configs/conv/conv_3086.json,reports/conv/conv_3086/csynth.xml,reports/conv/conv_3086/export_impl.xml,reports/conv/conv_3086/power_routed.rpt,NO,
conv_3087,32,56,56,32,3,1,1,True,group_conv2d,4,sigmoid,YES,YES,YES,configs/conv/conv_3087.json,reports/conv/conv_3087/csynth.xml,reports/conv/conv_3087/export_impl.xml,reports/conv/conv_3087/power_routed.rpt,NO,
conv_3088,32,56,56,32,3,1,1,False,conv2d,,sigmoid,YES,YES,YES,configs/conv/conv_3088.json,reports/conv/conv_3088/csynth.xml,reports/conv/conv_3088/export_impl.xml,reports/conv/conv_3088/power_routed.rpt,NO,
conv_3089,32,56,56,32,3,1,1,False,group_conv2d,2,sigmoid,YES,YES,YES,configs/conv/conv_3089.json,reports/conv/conv_3089/csynth.xml,reports/conv/conv_3089/export_impl.xml,reports/conv/conv_3089/power_routed.rpt,NO,
conv_3090,32,56,56,32,3,1,1,False,group_conv2d,4,sigmoid,YES,YES,YES,configs/conv/conv_3090.json,reports/conv/conv_3090/csynth.xml,reports/conv/conv_3090/export_impl.xml,reports/conv/conv_3090/power_routed.rpt,NO,
conv_3091,32,56,56,32,3,1,1,True,conv2d,,tanh,YES,YES,YES,configs/conv/conv_3091.json,reports/conv/conv_3091/csynth.xml,reports/conv/conv_3091/export_impl.xml,reports/conv/conv_3091/power_routed.rpt,NO,
conv_3092,32,56,56,32,3,1,1,True,group_conv2d,2,tanh,YES,YES,YES,configs/conv/conv_3092.json,reports/conv/conv_3092/csynth.xml,reports/conv/conv_3092/export_impl.xml,reports/conv/conv_3092/power_routed.rpt,NO,
conv_3093,32,56,56,32,3,1,1,True,group_conv2d,4,tanh,YES,YES,YES,configs/conv/conv_3093.json,reports/conv/conv_3093/csynth.xml,reports/conv/conv_3093/export_impl.xml,reports/conv/conv_3093/power_routed.rpt,NO,
conv_3094,32,56,56,32,3,1,1,False,conv2d,,tanh,YES,YES,YES,configs/conv/conv_3094.json,reports/conv/conv_3094/csynth.xml,reports/conv/conv_3094/export_impl.xml,reports/conv/conv_3094/power_routed.rpt,NO,
conv_3095,32,56,56,32,3,1,1,False,group_conv2d,2,tanh,YES,YES,YES,configs/conv/conv_3095.json,reports/conv/conv_3095/csynth.xml,reports/conv/conv_3095/export_impl.xml,reports/conv/conv_3095/power_routed.rpt,NO,
conv_3096,32,56,56,32,3,1,1,False,group_conv2d,4,tanh,YES,YES,YES,configs/conv/conv_3096.json,reports/conv/conv_3096/csynth.xml,reports/conv/conv_3096/export_impl.xml,reports/conv/conv_3096/power_routed.rpt,NO,
conv_3097,32,56,56,32,3,1,4,True,conv2d,,relu,YES,YES,NO,configs/conv/conv_3097.json,reports/conv/conv_3097/csynth.xml,,,NO,
conv_3098,32,56,56,32,3,1,4,True,group_conv2d,2,relu,YES,YES,NO,configs/conv/conv_3098.json,reports/conv/conv_3098/csynth.xml,,,NO,
conv_3099,32,56,56,32,3,1,4,True,group_conv2d,4,relu,YES,YES,NO,configs/conv/conv_3099.json,reports/conv/conv_3099/csynth.xml,,,NO,
conv_3100,32,56,56,32,3,1,4,False,conv2d,,relu,YES,YES,NO,configs/conv/conv_3100.json,reports/conv/conv_3100/csynth.xml,,,NO,
conv_3101,32,56,56,32,3,1,4,False,group_conv2d,2,relu,YES,YES,NO,configs/conv/conv_3101.json,reports/conv/conv_3101/csynth.xml,,,NO,
conv_3102,32,56,56,32,3,1,4,False,group_conv2d,4,relu,YES,YES,NO,configs/conv/conv_3102.json,reports/conv/conv_3102/csynth.xml,,,NO,
conv_3103,32,56,56,32,3,1,4,True,conv2d,,sigmoid,YES,YES,YES,configs/conv/conv_3103.json,reports/conv/conv_3103/csynth.xml,reports/conv/conv_3103/export_impl.xml,reports/conv/conv_3103/power_routed.rpt,NO,
conv_3104,32,56,56,32,3,1,4,True,group_conv2d,2,sigmoid,YES,YES,NO,configs/conv/conv_3104.json,reports/conv/conv_3104/csynth.xml,,,NO,
conv_3105,32,56,56,32,3,1,4,True,group_conv2d,4,sigmoid,YES,YES,NO,configs/conv/conv_3105.json,reports/conv/conv_3105/csynth.xml,,,NO,
conv_3106,32,56,56,32,3,1,4,False,conv2d,,sigmoid,YES,YES,NO,configs/conv/conv_3106.json,reports/conv/conv_3106/csynth.xml,,,NO,
conv_3107,32,56,56,32,3,1,4,False,group_conv2d,2,sigmoid,YES,YES,NO,configs/conv/conv_3107.json,reports/conv/conv_3107/csynth.xml,,,NO,
conv_3108,32,56,56,32,3,1,4,False,group_conv2d,4,sigmoid,YES,YES,NO,configs/conv/conv_3108.json,reports/conv/conv_3108/csynth.xml,,,NO,
conv_3109,32,56,56,32,3,1,4,True,conv2d,,tanh,YES,YES,NO,configs/conv/conv_3109.json,reports/conv/conv_3109/csynth.xml,,,NO,
conv_3110,32,56,56,32,3,1,4,True,group_conv2d,2,tanh,YES,YES,NO,configs/conv/conv_3110.json,reports/conv/conv_3110/csynth.xml,,,NO,
conv_3111,32,56,56,32,3,1,4,True,group_conv2d,4,tanh,YES,YES,NO,configs/conv/conv_3111.json,reports/conv/conv_3111/csynth.xml,,,NO,
conv_3112,32,56,56,32,3,1,4,False,conv2d,,tanh,YES,YES,YES,configs/conv/conv_3112.json,reports/conv/conv_3112/csynth.xml,reports/conv/conv_3112/export_impl.xml,reports/conv/conv_3112/power_routed.rpt,NO,
conv_3113,32,56,56,32,3,1,4,False,group_conv2d,2,tanh,YES,YES,NO,configs/conv/conv_3113.json,reports/conv/conv_3113/csynth.xml,,,NO,
conv_3114,32,56,56,32,3,1,4,False,group_conv2d,4,tanh,YES,YES,NO,configs/conv/conv_3114.json,reports/conv/conv_3114/csynth.xml,,,NO,
conv_3115,32,56,56,32,3,1,8,True,conv2d,,relu,YES,YES,NO,configs/conv/conv_3115.json,reports/conv/conv_3115/csynth.xml,,,NO,
conv_3116,32,56,56,32,3,1,8,True,group_conv2d,2,relu,YES,YES,NO,configs/conv/conv_3116.json,reports/conv/conv_3116/csynth.xml,,,NO,
conv_3117,32,56,56,32,3,1,8,True,group_conv2d,4,relu,YES,YES,NO,configs/conv/conv_3117.json,reports/conv/conv_3117/csynth.xml,,,NO,
conv_3118,32,56,56,32,3,1,8,False,conv2d,,relu,YES,YES,NO,configs/conv/conv_3118.json,reports/conv/conv_3118/csynth.xml,,,NO,
conv_3119,32,56,56,32,3,1,8,False,group_conv2d,2,relu,YES,YES,NO,configs/conv/conv_3119.json,reports/conv/conv_3119/csynth.xml,,,NO,
conv_3120,32,56,56,32,3,1,8,False,group_conv2d,4,relu,YES,YES,NO,configs/conv/conv_3120.json,reports/conv/conv_3120/csynth.xml,,,NO,
conv_3121,32,56,56,32,3,1,8,True,conv2d,,sigmoid,YES,YES,NO,configs/conv/conv_3121.json,reports/conv/conv_3121/csynth.xml,,,NO,
conv_3122,32,56,56,32,3,1,8,True,group_conv2d,2,sigmoid,YES,YES,NO,configs/conv/conv_3122.json,reports/conv/conv_3122/csynth.xml,,,NO,
conv_3123,32,56,56,32,3,1,8,True,group_conv2d,4,sigmoid,YES,YES,NO,configs/conv/conv_3123.json,reports/conv/conv_3123/csynth.xml,,,NO,
conv_3124,32,56,56,32,3,1,8,False,conv2d,,sigmoid,YES,YES,NO,configs/conv/conv_3124.json,reports/conv/conv_3124/csynth.xml,,,NO,
conv_3125,32,56,56,32,3,1,8,False,group_conv2d,2,sigmoid,YES,YES,NO,configs/conv/conv_3125.json,reports/conv/conv_3125/csynth.xml,,,NO,
conv_3126,32,56,56,32,3,1,8,False,group_conv2d,4,sigmoid,YES,YES,NO,configs/conv/conv_3126.json,reports/conv/conv_3126/csynth.xml,,,NO,
conv_3127,32,56,56,32,3,1,8,True,conv2d,,tanh,YES,YES,NO,configs/conv/conv_3127.json,reports/conv/conv_3127/csynth.xml,,,NO,
conv_3128,32,56,56,32,3,1,8,True,group_conv2d,2,tanh,YES,YES,NO,configs/conv/conv_3128.json,reports/conv/conv_3128/csynth.xml,,,NO,
conv_3129,32,56,56,32,3,1,8,True,group_conv2d,4,tanh,YES,YES,NO,configs/conv/conv_3129.json,reports/conv/conv_3129/csynth.xml,,,NO,
conv_3130,32,56,56,32,3,1,8,False,conv2d,,tanh,YES,YES,NO,configs/conv/conv_3130.json,reports/conv/conv_3130/csynth.xml,,,NO,
conv_3131,32,56,56,32,3,1,8,False,group_conv2d,2,tanh,YES,YES,NO,configs/conv/conv_3131.json,reports/conv/conv_3131/csynth.xml,,,NO,
conv_3132,32,56,56,32,3,1,8,False,group_conv2d,4,tanh,YES,YES,NO,configs/conv/conv_3132.json,reports/conv/conv_3132/csynth.xml,,,NO,
conv_3133,32,56,56,32,3,4,1,True,conv2d,,relu,YES,YES,NO,configs/conv/conv_3133.json,reports/conv/conv_3133/csynth.xml,,,NO,
conv_3134,32,56,56,32,3,4,1,True,group_conv2d,2,relu,YES,YES,NO,configs/conv/conv_3134.json,reports/conv/conv_3134/csynth.xml,,,NO,
conv_3135,32,56,56,32,3,4,1,True,group_conv2d,4,relu,YES,YES,NO,configs/conv/conv_3135.json,reports/conv/conv_3135/csynth.xml,,,NO,
conv_3136,32,56,56,32,3,4,1,False,conv2d,,relu,YES,YES,NO,configs/conv/conv_3136.json,reports/conv/conv_3136/csynth.xml,,,NO,
conv_3137,32,56,56,32,3,4,1,False,group_conv2d,2,relu,YES,YES,NO,configs/conv/conv_3137.json,reports/conv/conv_3137/csynth.xml,,,NO,
conv_3138,32,56,56,32,3,4,1,False,group_conv2d,4,relu,YES,YES,NO,configs/conv/conv_3138.json,reports/conv/conv_3138/csynth.xml,,,NO,
conv_3139,32,56,56,32,3,4,1,True,conv2d,,sigmoid,YES,YES,YES,configs/conv/conv_3139.json,reports/conv/conv_3139/csynth.xml,reports/conv/conv_3139/export_impl.xml,reports/conv/conv_3139/power_routed.rpt,NO,
conv_3140,32,56,56,32,3,4,1,True,group_conv2d,2,sigmoid,YES,YES,NO,configs/conv/conv_3140.json,reports/conv/conv_3140/csynth.xml,,,NO,
conv_3141,32,56,56,32,3,4,1,True,group_conv2d,4,sigmoid,YES,YES,NO,configs/conv/conv_3141.json,reports/conv/conv_3141/csynth.xml,,,NO,
conv_3142,32,56,56,32,3,4,1,False,conv2d,,sigmoid,YES,YES,YES,configs/conv/conv_3142.json,reports/conv/conv_3142/csynth.xml,reports/conv/conv_3142/export_impl.xml,reports/conv/conv_3142/power_routed.rpt,NO,
conv_3143,32,56,56,32,3,4,1,False,group_conv2d,2,sigmoid,YES,YES,NO,configs/conv/conv_3143.json,reports/conv/conv_3143/csynth.xml,,,NO,
conv_3144,32,56,56,32,3,4,1,False,group_conv2d,4,sigmoid,YES,YES,NO,configs/conv/conv_3144.json,reports/conv/conv_3144/csynth.xml,,,NO,
conv_3145,32,56,56,32,3,4,1,True,conv2d,,tanh,YES,YES,NO,configs/conv/conv_3145.json,reports/conv/conv_3145/csynth.xml,,,NO,
conv_3146,32,56,56,32,3,4,1,True,group_conv2d,2,tanh,YES,YES,NO,configs/conv/conv_3146.json,reports/conv/conv_3146/csynth.xml,,,NO,
conv_3147,32,56,56,32,3,4,1,True,group_conv2d,4,tanh,YES,YES,NO,configs/conv/conv_3147.json,reports/conv/conv_3147/csynth.xml,,,NO,
conv_3148,32,56,56,32,3,4,1,False,conv2d,,tanh,YES,YES,NO,configs/conv/conv_3148.json,reports/conv/conv_3148/csynth.xml,,,NO,
conv_3149,32,56,56,32,3,4,1,False,group_conv2d,2,tanh,YES,YES,NO,configs/conv/conv_3149.json,reports/conv/conv_3149/csynth.xml,,,NO,
conv_3150,32,56,56,32,3,4,1,False,group_conv2d,4,tanh,YES,YES,NO,configs/conv/conv_3150.json,reports/conv/conv_3150/csynth.xml,,,NO,
conv_3151,32,56,56,32,3,4,4,True,conv2d,,relu,YES,YES,YES,configs/conv/conv_3151.json,reports/conv/conv_3151/csynth.xml,reports/conv/conv_3151/export_impl.xml,reports/conv/conv_3151/power_routed.rpt,NO,
conv_3152,32,56,56,32,3,4,4,True,group_conv2d,2,relu,YES,YES,NO,configs/conv/conv_3152.json,reports/conv/conv_3152/csynth.xml,,,NO,
conv_3153,32,56,56,32,3,4,4,True,group_conv2d,4,relu,YES,YES,NO,configs/conv/conv_3153.json,reports/conv/conv_3153/csynth.xml,,,NO,
conv_3154,32,56,56,32,3,4,4,False,conv2d,,relu,YES,YES,YES,configs/conv/conv_3154.json,reports/conv/conv_3154/csynth.xml,reports/conv/conv_3154/export_impl.xml,reports/conv/conv_3154/power_routed.rpt,NO,
conv_3155,32,56,56,32,3,4,4,False,group_conv2d,2,relu,YES,YES,NO,configs/conv/conv_3155.json,reports/conv/conv_3155/csynth.xml,,,NO,
conv_3156,32,56,56,32,3,4,4,False,group_conv2d,4,relu,YES,YES,NO,configs/conv/conv_3156.json,reports/conv/conv_3156/csynth.xml,,,NO,
conv_3157,32,56,56,32,3,4,4,True,conv2d,,sigmoid,YES,YES,NO,configs/conv/conv_3157.json,reports/conv/conv_3157/csynth.xml,,,NO,
conv_3158,32,56,56,32,3,4,4,True,group_conv2d,2,sigmoid,YES,YES,NO,configs/conv/conv_3158.json,reports/conv/conv_3158/csynth.xml,,,NO,
conv_3159,32,56,56,32,3,4,4,True,group_conv2d,4,sigmoid,YES,YES,NO,configs/conv/conv_3159.json,reports/conv/conv_3159/csynth.xml,,,NO,
conv_3160,32,56,56,32,3,4,4,False,conv2d,,sigmoid,YES,YES,NO,configs/conv/conv_3160.json,reports/conv/conv_3160/csynth.xml,,,NO,
conv_3161,32,56,56,32,3,4,4,False,group_conv2d,2,sigmoid,YES,YES,NO,configs/conv/conv_3161.json,reports/conv/conv_3161/csynth.xml,,,NO,
conv_3162,32,56,56,32,3,4,4,False,group_conv2d,4,sigmoid,YES,YES,NO,configs/conv/conv_3162.json,reports/conv/conv_3162/csynth.xml,,,NO,
conv_3163,32,56,56,32,3,4,4,True,conv2d,,tanh,YES,YES,NO,configs/conv/conv_3163.json,reports/conv/conv_3163/csynth.xml,,,NO,
conv_3164,32,56,56,32,3,4,4,True,group_conv2d,2,tanh,YES,YES,NO,configs/conv/conv_3164.json,reports/conv/conv_3164/csynth.xml,,,NO,
conv_3165,32,56,56,32,3,4,4,True,group_conv2d,4,tanh,YES,YES,NO,configs/conv/conv_3165.json,reports/conv/conv_3165/csynth.xml,,,NO,
conv_3166,32,56,56,32,3,4,4,False,conv2d,,tanh,YES,YES,NO,configs/conv/conv_3166.json,reports/conv/conv_3166/csynth.xml,,,NO,
conv_3167,32,56,56,32,3,4,4,False,group_conv2d,2,tanh,YES,YES,NO,configs/conv/conv_3167.json,reports/conv/conv_3167/csynth.xml,,,NO,
conv_3168,32,56,56,32,3,4,4,False,group_conv2d,4,tanh,YES,YES,NO,configs/conv/conv_3168.json,reports/conv/conv_3168/csynth.xml,,,NO,
conv_3169,32,56,56,32,3,4,8,True,conv2d,,relu,YES,YES,NO,configs/conv/conv_3169.json,reports/conv/conv_3169/csynth.xml,,,NO,
conv_3170,32,56,56,32,3,4,8,True,group_conv2d,2,relu,YES,YES,NO,configs/conv/conv_3170.json,reports/conv/conv_3170/csynth.xml,,,NO,
conv_3171,32,56,56,32,3,4,8,True,group_conv2d,4,relu,YES,YES,NO,configs/conv/conv_3171.json,reports/conv/conv_3171/csynth.xml,,,NO,
conv_3172,32,56,56,32,3,4,8,False,conv2d,,relu,YES,YES,YES,configs/conv/conv_3172.json,reports/conv/conv_3172/csynth.xml,reports/conv/conv_3172/export_impl.xml,reports/conv/conv_3172/power_routed.rpt,NO,
conv_3173,32,56,56,32,3,4,8,False,group_conv2d,2,relu,YES,YES,NO,configs/conv/conv_3173.json,reports/conv/conv_3173/csynth.xml,,,NO,
conv_3174,32,56,56,32,3,4,8,False,group_conv2d,4,relu,YES,YES,NO,configs/conv/conv_3174.json,reports/conv/conv_3174/csynth.xml,,,NO,
conv_3175,32,56,56,32,3,4,8,True,conv2d,,sigmoid,YES,YES,NO,configs/conv/conv_3175.json,reports/conv/conv_3175/csynth.xml,,,NO,
conv_3176,32,56,56,32,3,4,8,True,group_conv2d,2,sigmoid,YES,YES,NO,configs/conv/conv_3176.json,reports/conv/conv_3176/csynth.xml,,,NO,
conv_3177,32,56,56,32,3,4,8,True,group_conv2d,4,sigmoid,YES,YES,NO,configs/conv/conv_3177.json,reports/conv/conv_3177/csynth.xml,,,NO,
conv_3178,32,56,56,32,3,4,8,False,conv2d,,sigmoid,YES,YES,NO,configs/conv/conv_3178.json,reports/conv/conv_3178/csynth.xml,,,NO,
conv_3179,32,56,56,32,3,4,8,False,group_conv2d,2,sigmoid,YES,YES,NO,configs/conv/conv_3179.json,reports/conv/conv_3179/csynth.xml,,,NO,
conv_3180,32,56,56,32,3,4,8,False,group_conv2d,4,sigmoid,YES,YES,NO,configs/conv/conv_3180.json,reports/conv/conv_3180/csynth.xml,,,NO,
conv_3181,32,56,56,32,3,4,8,True,conv2d,,tanh,YES,YES,NO,configs/conv/conv_3181.json,reports/conv/conv_3181/csynth.xml,,,NO,
conv_3182,32,56,56,32,3,4,8,True,group_conv2d,2,tanh,YES,YES,NO,configs/conv/conv_3182.json,reports/conv/conv_3182/csynth.xml,,,NO,
conv_3183,32,56,56,32,3,4,8,True,group_conv2d,4,tanh,YES,YES,NO,configs/conv/conv_3183.json,reports/conv/conv_3183/csynth.xml,,,NO,
conv_3184,32,56,56,32,3,4,8,False,conv2d,,tanh,YES,YES,NO,configs/conv/conv_3184.json,reports/conv/conv_3184/csynth.xml,,,NO,
conv_3185,32,56,56,32,3,4,8,False,group_conv2d,2,tanh,YES,YES,NO,configs/conv/conv_3185.json,reports/conv/conv_3185/csynth.xml,,,NO,
conv_3186,32,56,56,32,3,4,8,False,group_conv2d,4,tanh,YES,YES,NO,configs/conv/conv_3186.json,reports/conv/conv_3186/csynth.xml,,,NO,
conv_3187,32,56,56,32,3,8,1,True,conv2d,,relu,YES,YES,NO,configs/conv/conv_3187.json,reports/conv/conv_3187/csynth.xml,,,NO,
conv_3188,32,56,56,32,3,8,1,True,group_conv2d,2,relu,YES,YES,NO,configs/conv/conv_3188.json,reports/conv/conv_3188/csynth.xml,,,NO,
conv_3189,32,56,56,32,3,8,1,True,group_conv2d,4,relu,YES,YES,NO,configs/conv/conv_3189.json,reports/conv/conv_3189/csynth.xml,,,NO,
conv_3190,32,56,56,32,3,8,1,False,conv2d,,relu,YES,YES,NO,configs/conv/conv_3190.json,reports/conv/conv_3190/csynth.xml,,,NO,
conv_3191,32,56,56,32,3,8,1,False,group_conv2d,2,relu,YES,YES,NO,configs/conv/conv_3191.json,reports/conv/conv_3191/csynth.xml,,,NO,
conv_3192,32,56,56,32,3,8,1,False,group_conv2d,4,relu,YES,YES,YES,configs/conv/conv_3192.json,reports/conv/conv_3192/csynth.xml,reports/conv/conv_3192/export_impl.xml,reports/conv/conv_3192/power_routed.rpt,NO,
conv_3193,32,56,56,32,3,8,1,True,conv2d,,sigmoid,YES,YES,NO,configs/conv/conv_3193.json,reports/conv/conv_3193/csynth.xml,,,NO,
conv_3194,32,56,56,32,3,8,1,True,group_conv2d,2,sigmoid,YES,YES,NO,configs/conv/conv_3194.json,reports/conv/conv_3194/csynth.xml,,,NO,
conv_3195,32,56,56,32,3,8,1,True,group_conv2d,4,sigmoid,YES,YES,NO,configs/conv/conv_3195.json,reports/conv/conv_3195/csynth.xml,,,NO,
conv_3196,32,56,56,32,3,8,1,False,conv2d,,sigmoid,YES,YES,NO,configs/conv/conv_3196.json,reports/conv/conv_3196/csynth.xml,,,NO,
conv_3197,32,56,56,32,3,8,1,False,group_conv2d,2,sigmoid,YES,YES,NO,configs/conv/conv_3197.json,reports/conv/conv_3197/csynth.xml,,,NO,
conv_3198,32,56,56,32,3,8,1,False,group_conv2d,4,sigmoid,YES,YES,NO,configs/conv/conv_3198.json,reports/conv/conv_3198/csynth.xml,,,NO,
conv_3199,32,56,56,32,3,8,1,True,conv2d,,tanh,YES,YES,NO,configs/conv/conv_3199.json,reports/conv/conv_3199/csynth.xml,,,NO,
conv_3200,32,56,56,32,3,8,1,True,group_conv2d,2,tanh,YES,YES,NO,configs/conv/conv_3200.json,reports/conv/conv_3200/csynth.xml,,,NO,
conv_3201,32,56,56,32,3,8,1,True,group_conv2d,4,tanh,YES,YES,NO,configs/conv/conv_3201.json,reports/conv/conv_3201/csynth.xml,,,NO,
conv_3202,32,56,56,32,3,8,1,False,conv2d,,tanh,YES,YES,NO,configs/conv/conv_3202.json,reports/conv/conv_3202/csynth.xml,,,NO,
conv_3203,32,56,56,32,3,8,1,False,group_conv2d,2,tanh,YES,YES,NO,configs/conv/conv_3203.json,reports/conv/conv_3203/csynth.xml,,,NO,
conv_3204,32,56,56,32,3,8,1,False,group_conv2d,4,tanh,YES,YES,NO,configs/conv/conv_3204.json,reports/conv/conv_3204/csynth.xml,,,NO,
conv_3205,32,56,56,32,3,8,4,True,conv2d,,relu,YES,YES,NO,configs/conv/conv_3205.json,reports/conv/conv_3205/csynth.xml,,,NO,
conv_3206,32,56,56,32,3,8,4,True,group_conv2d,2,relu,YES,YES,YES,configs/conv/conv_3206.json,reports/conv/conv_3206/csynth.xml,reports/conv/conv_3206/export_impl.xml,reports/conv/conv_3206/power_routed.rpt,NO,
conv_3207,32,56,56,32,3,8,4,True,group_conv2d,4,relu,YES,YES,NO,configs/conv/conv_3207.json,reports/conv/conv_3207/csynth.xml,,,NO,
conv_3208,32,56,56,32,3,8,4,False,conv2d,,relu,YES,YES,NO,configs/conv/conv_3208.json,reports/conv/conv_3208/csynth.xml,,,NO,
conv_3209,32,56,56,32,3,8,4,False,group_conv2d,2,relu,YES,YES,NO,configs/conv/conv_3209.json,reports/conv/conv_3209/csynth.xml,,,NO,
conv_3210,32,56,56,32,3,8,4,False,group_conv2d,4,relu,YES,YES,NO,configs/conv/conv_3210.json,reports/conv/conv_3210/csynth.xml,,,NO,
conv_3211,32,56,56,32,3,8,4,True,conv2d,,sigmoid,YES,YES,NO,configs/conv/conv_3211.json,reports/conv/conv_3211/csynth.xml,,,NO,
conv_3212,32,56,56,32,3,8,4,True,group_conv2d,2,sigmoid,YES,YES,NO,configs/conv/conv_3212.json,reports/conv/conv_3212/csynth.xml,,,NO,
conv_3213,32,56,56,32,3,8,4,True,group_conv2d,4,sigmoid,YES,YES,NO,configs/conv/conv_3213.json,reports/conv/conv_3213/csynth.xml,,,NO,
conv_3214,32,56,56,32,3,8,4,False,conv2d,,sigmoid,YES,YES,NO,configs/conv/conv_3214.json,reports/conv/conv_3214/csynth.xml,,,NO,
conv_3215,32,56,56,32,3,8,4,False,group_conv2d,2,sigmoid,YES,YES,NO,configs/conv/conv_3215.json,reports/conv/conv_3215/csynth.xml,,,NO,
conv_3216,32,56,56,32,3,8,4,False,group_conv2d,4,sigmoid,YES,YES,NO,configs/conv/conv_3216.json,reports/conv/conv_3216/csynth.xml,,,NO,
conv_3217,32,56,56,32,3,8,4,True,conv2d,,tanh,YES,YES,NO,configs/conv/conv_3217.json,reports/conv/conv_3217/csynth.xml,,,NO,
conv_3218,32,56,56,32,3,8,4,True,group_conv2d,2,tanh,YES,YES,NO,configs/conv/conv_3218.json,reports/conv/conv_3218/csynth.xml,,,NO,
conv_3219,32,56,56,32,3,8,4,True,group_conv2d,4,tanh,YES,YES,NO,configs/conv/conv_3219.json,reports/conv/conv_3219/csynth.xml,,,NO,
conv_3220,32,56,56,32,3,8,4,False,conv2d,,tanh,YES,YES,NO,configs/conv/conv_3220.json,reports/conv/conv_3220/csynth.xml,,,NO,
conv_3221,32,56,56,32,3,8,4,False,group_conv2d,2,tanh,YES,YES,NO,configs/conv/conv_3221.json,reports/conv/conv_3221/csynth.xml,,,NO,
conv_3222,32,56,56,32,3,8,4,False,group_conv2d,4,tanh,YES,YES,NO,configs/conv/conv_3222.json,reports/conv/conv_3222/csynth.xml,,,NO,
conv_3223,32,56,56,32,3,8,8,True,conv2d,,relu,YES,YES,NO,configs/conv/conv_3223.json,reports/conv/conv_3223/csynth.xml,,,NO,
conv_3224,32,56,56,32,3,8,8,True,group_conv2d,2,relu,YES,YES,NO,configs/conv/conv_3224.json,reports/conv/conv_3224/csynth.xml,,,NO,
conv_3225,32,56,56,32,3,8,8,True,group_conv2d,4,relu,YES,YES,NO,configs/conv/conv_3225.json,reports/conv/conv_3225/csynth.xml,,,NO,
conv_3226,32,56,56,32,3,8,8,False,conv2d,,relu,YES,YES,NO,configs/conv/conv_3226.json,reports/conv/conv_3226/csynth.xml,,,NO,
conv_3227,32,56,56,32,3,8,8,False,group_conv2d,2,relu,YES,YES,NO,configs/conv/conv_3227.json,reports/conv/conv_3227/csynth.xml,,,NO,
conv_3228,32,56,56,32,3,8,8,False,group_conv2d,4,relu,YES,YES,NO,configs/conv/conv_3228.json,reports/conv/conv_3228/csynth.xml,,,NO,
conv_3229,32,56,56,32,3,8,8,True,conv2d,,sigmoid,YES,YES,NO,configs/conv/conv_3229.json,reports/conv/conv_3229/csynth.xml,,,NO,
conv_3230,32,56,56,32,3,8,8,True,group_conv2d,2,sigmoid,YES,YES,NO,configs/conv/conv_3230.json,reports/conv/conv_3230/csynth.xml,,,NO,
conv_3231,32,56,56,32,3,8,8,True,group_conv2d,4,sigmoid,YES,YES,NO,configs/conv/conv_3231.json,reports/conv/conv_3231/csynth.xml,,,NO,
conv_3232,32,56,56,32,3,8,8,False,conv2d,,sigmoid,YES,YES,NO,configs/conv/conv_3232.json,reports/conv/conv_3232/csynth.xml,,,NO,
conv_3233,32,56,56,32,3,8,8,False,group_conv2d,2,sigmoid,YES,YES,NO,configs/conv/conv_3233.json,reports/conv/conv_3233/csynth.xml,,,NO,
conv_3234,32,56,56,32,3,8,8,False,group_conv2d,4,sigmoid,YES,YES,NO,configs/conv/conv_3234.json,reports/conv/conv_3234/csynth.xml,,,NO,
conv_3235,32,56,56,32,3,8,8,True,conv2d,,tanh,YES,YES,NO,configs/conv/conv_3235.json,reports/conv/conv_3235/csynth.xml,,,NO,
conv_3236,32,56,56,32,3,8,8,True,group_conv2d,2,tanh,YES,YES,NO,configs/conv/conv_3236.json,reports/conv/conv_3236/csynth.xml,,,NO,
conv_3237,32,56,56,32,3,8,8,True,group_conv2d,4,tanh,YES,YES,NO,configs/conv/conv_3237.json,reports/conv/conv_3237/csynth.xml,,,NO,
conv_3238,32,56,56,32,3,8,8,False,conv2d,,tanh,YES,YES,NO,configs/conv/conv_3238.json,reports/conv/conv_3238/csynth.xml,,,NO,
conv_3239,32,56,56,32,3,8,8,False,group_conv2d,2,tanh,YES,YES,NO,configs/conv/conv_3239.json,reports/conv/conv_3239/csynth.xml,,,NO,
conv_3240,32,56,56,32,3,8,8,False,group_conv2d,4,tanh,YES,YES,NO,configs/conv/conv_3240.json,reports/conv/conv_3240/csynth.xml,,,NO,
conv_3241,32,56,28,16,1,1,1,True,conv2d,,relu,YES,YES,YES,configs/conv/conv_3241.json,reports/conv/conv_3241/csynth.xml,reports/conv/conv_3241/export_impl.xml,reports/conv/conv_3241/power_routed.rpt,NO,
conv_3242,32,56,28,16,1,1,1,True,group_conv2d,2,relu,YES,YES,YES,configs/conv/conv_3242.json,reports/conv/conv_3242/csynth.xml,reports/conv/conv_3242/export_impl.xml,reports/conv/conv_3242/power_routed.rpt,NO,
conv_3243,32,56,28,16,1,1,1,True,group_conv2d,4,relu,YES,YES,YES,configs/conv/conv_3243.json,reports/conv/conv_3243/csynth.xml,reports/conv/conv_3243/export_impl.xml,reports/conv/conv_3243/power_routed.rpt,NO,
conv_3244,32,56,28,16,1,1,1,False,conv2d,,relu,YES,YES,YES,configs/conv/conv_3244.json,reports/conv/conv_3244/csynth.xml,reports/conv/conv_3244/export_impl.xml,reports/conv/conv_3244/power_routed.rpt,NO,
conv_3245,32,56,28,16,1,1,1,False,group_conv2d,2,relu,YES,YES,YES,configs/conv/conv_3245.json,reports/conv/conv_3245/csynth.xml,reports/conv/conv_3245/export_impl.xml,reports/conv/conv_3245/power_routed.rpt,NO,
conv_3246,32,56,28,16,1,1,1,False,group_conv2d,4,relu,YES,YES,YES,configs/conv/conv_3246.json,reports/conv/conv_3246/csynth.xml,reports/conv/conv_3246/export_impl.xml,reports/conv/conv_3246/power_routed.rpt,NO,
conv_3247,32,56,28,16,1,1,1,True,conv2d,,sigmoid,YES,YES,YES,configs/conv/conv_3247.json,reports/conv/conv_3247/csynth.xml,reports/conv/conv_3247/export_impl.xml,reports/conv/conv_3247/power_routed.rpt,NO,
conv_3248,32,56,28,16,1,1,1,True,group_conv2d,2,sigmoid,YES,YES,YES,configs/conv/conv_3248.json,reports/conv/conv_3248/csynth.xml,reports/conv/conv_3248/export_impl.xml,reports/conv/conv_3248/power_routed.rpt,NO,
conv_3249,32,56,28,16,1,1,1,True,group_conv2d,4,sigmoid,YES,YES,YES,configs/conv/conv_3249.json,reports/conv/conv_3249/csynth.xml,reports/conv/conv_3249/export_impl.xml,reports/conv/conv_3249/power_routed.rpt,NO,
conv_3250,32,56,28,16,1,1,1,False,conv2d,,sigmoid,YES,YES,YES,configs/conv/conv_3250.json,reports/conv/conv_3250/csynth.xml,reports/conv/conv_3250/export_impl.xml,reports/conv/conv_3250/power_routed.rpt,NO,
conv_3251,32,56,28,16,1,1,1,False,group_conv2d,2,sigmoid,YES,YES,YES,configs/conv/conv_3251.json,reports/conv/conv_3251/csynth.xml,reports/conv/conv_3251/export_impl.xml,reports/conv/conv_3251/power_routed.rpt,NO,
conv_3252,32,56,28,16,1,1,1,False,group_conv2d,4,sigmoid,YES,YES,YES,configs/conv/conv_3252.json,reports/conv/conv_3252/csynth.xml,reports/conv/conv_3252/export_impl.xml,reports/conv/conv_3252/power_routed.rpt,NO,
conv_3253,32,56,28,16,1,1,1,True,conv2d,,tanh,YES,YES,YES,configs/conv/conv_3253.json,reports/conv/conv_3253/csynth.xml,reports/conv/conv_3253/export_impl.xml,reports/conv/conv_3253/power_routed.rpt,NO,
conv_3254,32,56,28,16,1,1,1,True,group_conv2d,2,tanh,YES,YES,YES,configs/conv/conv_3254.json,reports/conv/conv_3254/csynth.xml,reports/conv/conv_3254/export_impl.xml,reports/conv/conv_3254/power_routed.rpt,NO,
conv_3255,32,56,28,16,1,1,1,True,group_conv2d,4,tanh,YES,YES,YES,configs/conv/conv_3255.json,reports/conv/conv_3255/csynth.xml,reports/conv/conv_3255/export_impl.xml,reports/conv/conv_3255/power_routed.rpt,NO,
conv_3256,32,56,28,16,1,1,1,False,conv2d,,tanh,YES,YES,YES,configs/conv/conv_3256.json,reports/conv/conv_3256/csynth.xml,reports/conv/conv_3256/export_impl.xml,reports/conv/conv_3256/power_routed.rpt,NO,
conv_3257,32,56,28,16,1,1,1,False,group_conv2d,2,tanh,YES,YES,YES,configs/conv/conv_3257.json,reports/conv/conv_3257/csynth.xml,reports/conv/conv_3257/export_impl.xml,reports/conv/conv_3257/power_routed.rpt,NO,
conv_3258,32,56,28,16,1,1,1,False,group_conv2d,4,tanh,YES,YES,YES,configs/conv/conv_3258.json,reports/conv/conv_3258/csynth.xml,reports/conv/conv_3258/export_impl.xml,reports/conv/conv_3258/power_routed.rpt,NO,
conv_3259,32,56,28,16,1,1,4,True,conv2d,,relu,YES,YES,NO,configs/conv/conv_3259.json,reports/conv/conv_3259/csynth.xml,,,NO,
conv_3260,32,56,28,16,1,1,4,True,group_conv2d,2,relu,YES,YES,NO,configs/conv/conv_3260.json,reports/conv/conv_3260/csynth.xml,,,NO,
conv_3261,32,56,28,16,1,1,4,True,group_conv2d,4,relu,YES,YES,NO,configs/conv/conv_3261.json,reports/conv/conv_3261/csynth.xml,,,NO,
conv_3262,32,56,28,16,1,1,4,False,conv2d,,relu,YES,YES,YES,configs/conv/conv_3262.json,reports/conv/conv_3262/csynth.xml,reports/conv/conv_3262/export_impl.xml,reports/conv/conv_3262/power_routed.rpt,NO,
conv_3263,32,56,28,16,1,1,4,False,group_conv2d,2,relu,YES,YES,NO,configs/conv/conv_3263.json,reports/conv/conv_3263/csynth.xml,,,NO,
conv_3264,32,56,28,16,1,1,4,False,group_conv2d,4,relu,YES,YES,NO,configs/conv/conv_3264.json,reports/conv/conv_3264/csynth.xml,,,NO,
conv_3265,32,56,28,16,1,1,4,True,conv2d,,sigmoid,YES,YES,NO,configs/conv/conv_3265.json,reports/conv/conv_3265/csynth.xml,,,NO,
conv_3266,32,56,28,16,1,1,4,True,group_conv2d,2,sigmoid,YES,YES,NO,configs/conv/conv_3266.json,reports/conv/conv_3266/csynth.xml,,,NO,
conv_3267,32,56,28,16,1,1,4,True,group_conv2d,4,sigmoid,YES,YES,NO,configs/conv/conv_3267.json,reports/conv/conv_3267/csynth.xml,,,NO,
conv_3268,32,56,28,16,1,1,4,False,conv2d,,sigmoid,YES,YES,NO,configs/conv/conv_3268.json,reports/conv/conv_3268/csynth.xml,,,NO,
conv_3269,32,56,28,16,1,1,4,False,group_conv2d,2,sigmoid,YES,YES,NO,configs/conv/conv_3269.json,reports/conv/conv_3269/csynth.xml,,,NO,
conv_3270,32,56,28,16,1,1,4,False,group_conv2d,4,sigmoid,YES,YES,NO,configs/conv/conv_3270.json,reports/conv/conv_3270/csynth.xml,,,NO,
conv_3271,32,56,28,16,1,1,4,True,conv2d,,tanh,YES,YES,NO,configs/conv/conv_3271.json,reports/conv/conv_3271/csynth.xml,,,NO,
conv_3272,32,56,28,16,1,1,4,True,group_conv2d,2,tanh,YES,YES,NO,configs/conv/conv_3272.json,reports/conv/conv_3272/csynth.xml,,,NO,
conv_3273,32,56,28,16,1,1,4,True,group_conv2d,4,tanh,YES,YES,YES,configs/conv/conv_3273.json,reports/conv/conv_3273/csynth.xml,reports/conv/conv_3273/export_impl.xml,reports/conv/conv_3273/power_routed.rpt,NO,
conv_3274,32,56,28,16,1,1,4,False,conv2d,,tanh,YES,YES,NO,configs/conv/conv_3274.json,reports/conv/conv_3274/csynth.xml,,,NO,
conv_3275,32,56,28,16,1,1,4,False,group_conv2d,2,tanh,YES,YES,NO,configs/conv/conv_3275.json,reports/conv/conv_3275/csynth.xml,,,NO,
conv_3276,32,56,28,16,1,1,4,False,group_conv2d,4,tanh,YES,YES,YES,configs/conv/conv_3276.json,reports/conv/conv_3276/csynth.xml,reports/conv/conv_3276/export_impl.xml,reports/conv/conv_3276/power_routed.rpt,NO,
conv_3277,32,56,28,16,1,1,8,True,conv2d,,relu,YES,YES,NO,configs/conv/conv_3277.json,reports/conv/conv_3277/csynth.xml,,,NO,
conv_3278,32,56,28,16,1,1,8,True,group_conv2d,2,relu,YES,YES,NO,configs/conv/conv_3278.json,reports/conv/conv_3278/csynth.xml,,,NO,
conv_3279,32,56,28,16,1,1,8,True,group_conv2d,4,relu,YES,YES,NO,configs/conv/conv_3279.json,reports/conv/conv_3279/csynth.xml,,,NO,
conv_3280,32,56,28,16,1,1,8,False,conv2d,,relu,YES,YES,YES,configs/conv/conv_3280.json,reports/conv/conv_3280/csynth.xml,reports/conv/conv_3280/export_impl.xml,reports/conv/conv_3280/power_routed.rpt,NO,
conv_3281,32,56,28,16,1,1,8,False,group_conv2d,2,relu,YES,YES,NO,configs/conv/conv_3281.json,reports/conv/conv_3281/csynth.xml,,,NO,
conv_3282,32,56,28,16,1,1,8,False,group_conv2d,4,relu,YES,YES,NO,configs/conv/conv_3282.json,reports/conv/conv_3282/csynth.xml,,,NO,
conv_3283,32,56,28,16,1,1,8,True,conv2d,,sigmoid,YES,YES,NO,configs/conv/conv_3283.json,reports/conv/conv_3283/csynth.xml,,,NO,
conv_3284,32,56,28,16,1,1,8,True,group_conv2d,2,sigmoid,YES,YES,NO,configs/conv/conv_3284.json,reports/conv/conv_3284/csynth.xml,,,NO,
conv_3285,32,56,28,16,1,1,8,True,group_conv2d,4,sigmoid,YES,YES,NO,configs/conv/conv_3285.json,reports/conv/conv_3285/csynth.xml,,,NO,
conv_3286,32,56,28,16,1,1,8,False,conv2d,,sigmoid,YES,YES,NO,configs/conv/conv_3286.json,reports/conv/conv_3286/csynth.xml,,,NO,
conv_3287,32,56,28,16,1,1,8,False,group_conv2d,2,sigmoid,YES,YES,NO,configs/conv/conv_3287.json,reports/conv/conv_3287/csynth.xml,,,NO,
conv_3288,32,56,28,16,1,1,8,False,group_conv2d,4,sigmoid,YES,YES,NO,configs/conv/conv_3288.json,reports/conv/conv_3288/csynth.xml,,,NO,
conv_3289,32,56,28,16,1,1,8,True,conv2d,,tanh,YES,YES,NO,configs/conv/conv_3289.json,reports/conv/conv_3289/csynth.xml,,,NO,
conv_3290,32,56,28,16,1,1,8,True,group_conv2d,2,tanh,YES,YES,NO,configs/conv/conv_3290.json,reports/conv/conv_3290/csynth.xml,,,NO,
conv_3291,32,56,28,16,1,1,8,True,group_conv2d,4,tanh,YES,YES,NO,configs/conv/conv_3291.json,reports/conv/conv_3291/csynth.xml,,,NO,
conv_3292,32,56,28,16,1,1,8,False,conv2d,,tanh,YES,YES,NO,configs/conv/conv_3292.json,reports/conv/conv_3292/csynth.xml,,,NO,
conv_3293,32,56,28,16,1,1,8,False,group_conv2d,2,tanh,YES,YES,NO,configs/conv/conv_3293.json,reports/conv/conv_3293/csynth.xml,,,NO,
conv_3294,32,56,28,16,1,1,8,False,group_conv2d,4,tanh,YES,YES,NO,configs/conv/conv_3294.json,reports/conv/conv_3294/csynth.xml,,,NO,
conv_3295,32,56,28,16,1,4,1,True,conv2d,,relu,YES,YES,NO,configs/conv/conv_3295.json,reports/conv/conv_3295/csynth.xml,,,NO,
conv_3296,32,56,28,16,1,4,1,True,group_conv2d,2,relu,YES,YES,NO,configs/conv/conv_3296.json,reports/conv/conv_3296/csynth.xml,,,NO,
conv_3297,32,56,28,16,1,4,1,True,group_conv2d,4,relu,YES,YES,NO,configs/conv/conv_3297.json,reports/conv/conv_3297/csynth.xml,,,NO,
conv_3298,32,56,28,16,1,4,1,False,conv2d,,relu,YES,YES,NO,configs/conv/conv_3298.json,reports/conv/conv_3298/csynth.xml,,,NO,
conv_3299,32,56,28,16,1,4,1,False,group_conv2d,2,relu,YES,YES,NO,configs/conv/conv_3299.json,reports/conv/conv_3299/csynth.xml,,,NO,
conv_3300,32,56,28,16,1,4,1,False,group_conv2d,4,relu,YES,YES,NO,configs/conv/conv_3300.json,reports/conv/conv_3300/csynth.xml,,,NO,
conv_3301,32,56,28,16,1,4,1,True,conv2d,,sigmoid,YES,YES,NO,configs/conv/conv_3301.json,reports/conv/conv_3301/csynth.xml,,,NO,
conv_3302,32,56,28,16,1,4,1,True,group_conv2d,2,sigmoid,YES,YES,NO,configs/conv/conv_3302.json,reports/conv/conv_3302/csynth.xml,,,NO,
conv_3303,32,56,28,16,1,4,1,True,group_conv2d,4,sigmoid,YES,YES,YES,configs/conv/conv_3303.json,reports/conv/conv_3303/csynth.xml,reports/conv/conv_3303/export_impl.xml,reports/conv/conv_3303/power_routed.rpt,NO,
conv_3304,32,56,28,16,1,4,1,False,conv2d,,sigmoid,YES,YES,NO,configs/conv/conv_3304.json,reports/conv/conv_3304/csynth.xml,,,NO,
conv_3305,32,56,28,16,1,4,1,False,group_conv2d,2,sigmoid,YES,YES,NO,configs/conv/conv_3305.json,reports/conv/conv_3305/csynth.xml,,,NO,
conv_3306,32,56,28,16,1,4,1,False,group_conv2d,4,sigmoid,YES,YES,YES,configs/conv/conv_3306.json,reports/conv/conv_3306/csynth.xml,reports/conv/conv_3306/export_impl.xml,reports/conv/conv_3306/power_routed.rpt,NO,
conv_3307,32,56,28,16,1,4,1,True,conv2d,,tanh,YES,YES,NO,configs/conv/conv_3307.json,reports/conv/conv_3307/csynth.xml,,,NO,
conv_3308,32,56,28,16,1,4,1,True,group_conv2d,2,tanh,YES,YES,NO,configs/conv/conv_3308.json,reports/conv/conv_3308/csynth.xml,,,NO,
conv_3309,32,56,28,16,1,4,1,True,group_conv2d,4,tanh,YES,YES,NO,configs/conv/conv_3309.json,reports/conv/conv_3309/csynth.xml,,,NO,
conv_3310,32,56,28,16,1,4,1,False,conv2d,,tanh,YES,YES,NO,configs/conv/conv_3310.json,reports/conv/conv_3310/csynth.xml,,,NO,
conv_3311,32,56,28,16,1,4,1,False,group_conv2d,2,tanh,YES,YES,NO,configs/conv/conv_3311.json,reports/conv/conv_3311/csynth.xml,,,NO,
conv_3312,32,56,28,16,1,4,1,False,group_conv2d,4,tanh,YES,YES,NO,configs/conv/conv_3312.json,reports/conv/conv_3312/csynth.xml,,,NO,
conv_3313,32,56,28,16,1,4,4,True,conv2d,,relu,YES,YES,NO,configs/conv/conv_3313.json,reports/conv/conv_3313/csynth.xml,,,NO,
conv_3314,32,56,28,16,1,4,4,True,group_conv2d,2,relu,YES,YES,NO,configs/conv/conv_3314.json,reports/conv/conv_3314/csynth.xml,,,NO,
conv_3315,32,56,28,16,1,4,4,True,group_conv2d,4,relu,YES,YES,YES,configs/conv/conv_3315.json,reports/conv/conv_3315/csynth.xml,reports/conv/conv_3315/export_impl.xml,reports/conv/conv_3315/power_routed.rpt,NO,
conv_3316,32,56,28,16,1,4,4,False,conv2d,,relu,YES,YES,NO,configs/conv/conv_3316.json,reports/conv/conv_3316/csynth.xml,,,NO,
conv_3317,32,56,28,16,1,4,4,False,group_conv2d,2,relu,YES,YES,NO,configs/conv/conv_3317.json,reports/conv/conv_3317/csynth.xml,,,NO,
conv_3318,32,56,28,16,1,4,4,False,group_conv2d,4,relu,YES,YES,NO,configs/conv/conv_3318.json,reports/conv/conv_3318/csynth.xml,,,NO,
conv_3319,32,56,28,16,1,4,4,True,conv2d,,sigmoid,YES,YES,NO,configs/conv/conv_3319.json,reports/conv/conv_3319/csynth.xml,,,NO,
conv_3320,32,56,28,16,1,4,4,True,group_conv2d,2,sigmoid,YES,YES,NO,configs/conv/conv_3320.json,reports/conv/conv_3320/csynth.xml,,,NO,
conv_3321,32,56,28,16,1,4,4,True,group_conv2d,4,sigmoid,YES,YES,NO,configs/conv/conv_3321.json,reports/conv/conv_3321/csynth.xml,,,NO,
conv_3322,32,56,28,16,1,4,4,False,conv2d,,sigmoid,YES,YES,NO,configs/conv/conv_3322.json,reports/conv/conv_3322/csynth.xml,,,NO,
conv_3323,32,56,28,16,1,4,4,False,group_conv2d,2,sigmoid,YES,YES,NO,configs/conv/conv_3323.json,reports/conv/conv_3323/csynth.xml,,,NO,
conv_3324,32,56,28,16,1,4,4,False,group_conv2d,4,sigmoid,YES,YES,YES,configs/conv/conv_3324.json,reports/conv/conv_3324/csynth.xml,reports/conv/conv_3324/export_impl.xml,reports/conv/conv_3324/power_routed.rpt,NO,
conv_3325,32,56,28,16,1,4,4,True,conv2d,,tanh,YES,YES,NO,configs/conv/conv_3325.json,reports/conv/conv_3325/csynth.xml,,,NO,
conv_3326,32,56,28,16,1,4,4,True,group_conv2d,2,tanh,YES,YES,NO,configs/conv/conv_3326.json,reports/conv/conv_3326/csynth.xml,,,NO,
conv_3327,32,56,28,16,1,4,4,True,group_conv2d,4,tanh,YES,YES,NO,configs/conv/conv_3327.json,reports/conv/conv_3327/csynth.xml,,,NO,
conv_3328,32,56,28,16,1,4,4,False,conv2d,,tanh,YES,YES,NO,configs/conv/conv_3328.json,reports/conv/conv_3328/csynth.xml,,,NO,
conv_3329,32,56,28,16,1,4,4,False,group_conv2d,2,tanh,YES,YES,NO,configs/conv/conv_3329.json,reports/conv/conv_3329/csynth.xml,,,NO,
conv_3330,32,56,28,16,1,4,4,False,group_conv2d,4,tanh,YES,YES,NO,configs/conv/conv_3330.json,reports/conv/conv_3330/csynth.xml,,,NO,
conv_3331,32,56,28,16,1,4,8,True,conv2d,,relu,YES,YES,NO,configs/conv/conv_3331.json,reports/conv/conv_3331/csynth.xml,,,NO,
conv_3332,32,56,28,16,1,4,8,True,group_conv2d,2,relu,YES,YES,NO,configs/conv/conv_3332.json,reports/conv/conv_3332/csynth.xml,,,NO,
conv_3333,32,56,28,16,1,4,8,True,group_conv2d,4,relu,YES,YES,NO,configs/conv/conv_3333.json,reports/conv/conv_3333/csynth.xml,,,NO,
conv_3334,32,56,28,16,1,4,8,False,conv2d,,relu,YES,YES,NO,configs/conv/conv_3334.json,reports/conv/conv_3334/csynth.xml,,,NO,
conv_3335,32,56,28,16,1,4,8,False,group_conv2d,2,relu,YES,YES,NO,configs/conv/conv_3335.json,reports/conv/conv_3335/csynth.xml,,,NO,
conv_3336,32,56,28,16,1,4,8,False,group_conv2d,4,relu,YES,YES,YES,configs/conv/conv_3336.json,reports/conv/conv_3336/csynth.xml,reports/conv/conv_3336/export_impl.xml,reports/conv/conv_3336/power_routed.rpt,NO,
conv_3337,32,56,28,16,1,4,8,True,conv2d,,sigmoid,YES,YES,NO,configs/conv/conv_3337.json,reports/conv/conv_3337/csynth.xml,,,NO,
conv_3338,32,56,28,16,1,4,8,True,group_conv2d,2,sigmoid,YES,YES,NO,configs/conv/conv_3338.json,reports/conv/conv_3338/csynth.xml,,,NO,
conv_3339,32,56,28,16,1,4,8,True,group_conv2d,4,sigmoid,YES,YES,NO,configs/conv/conv_3339.json,reports/conv/conv_3339/csynth.xml,,,NO,
conv_3340,32,56,28,16,1,4,8,False,conv2d,,sigmoid,YES,YES,NO,configs/conv/conv_3340.json,reports/conv/conv_3340/csynth.xml,,,NO,
conv_3341,32,56,28,16,1,4,8,False,group_conv2d,2,sigmoid,YES,YES,NO,configs/conv/conv_3341.json,reports/conv/conv_3341/csynth.xml,,,NO,
conv_3342,32,56,28,16,1,4,8,False,group_conv2d,4,sigmoid,YES,YES,NO,configs/conv/conv_3342.json,reports/conv/conv_3342/csynth.xml,,,NO,
conv_3343,32,56,28,16,1,4,8,True,conv2d,,tanh,YES,YES,NO,configs/conv/conv_3343.json,reports/conv/conv_3343/csynth.xml,,,NO,
conv_3344,32,56,28,16,1,4,8,True,group_conv2d,2,tanh,YES,YES,NO,configs/conv/conv_3344.json,reports/conv/conv_3344/csynth.xml,,,NO,
conv_3345,32,56,28,16,1,4,8,True,group_conv2d,4,tanh,YES,YES,NO,configs/conv/conv_3345.json,reports/conv/conv_3345/csynth.xml,,,NO,
conv_3346,32,56,28,16,1,4,8,False,conv2d,,tanh,YES,YES,NO,configs/conv/conv_3346.json,reports/conv/conv_3346/csynth.xml,,,NO,
conv_3347,32,56,28,16,1,4,8,False,group_conv2d,2,tanh,YES,YES,NO,configs/conv/conv_3347.json,reports/conv/conv_3347/csynth.xml,,,NO,
conv_3348,32,56,28,16,1,4,8,False,group_conv2d,4,tanh,YES,YES,NO,configs/conv/conv_3348.json,reports/conv/conv_3348/csynth.xml,,,NO,
conv_3349,32,56,28,16,1,8,1,True,conv2d,,relu,YES,YES,NO,configs/conv/conv_3349.json,reports/conv/conv_3349/csynth.xml,,,NO,
conv_3350,32,56,28,16,1,8,1,True,group_conv2d,2,relu,YES,YES,YES,configs/conv/conv_3350.json,reports/conv/conv_3350/csynth.xml,reports/conv/conv_3350/export_impl.xml,reports/conv/conv_3350/power_routed.rpt,NO,
conv_3351,32,56,28,16,1,8,1,True,group_conv2d,4,relu,YES,YES,NO,configs/conv/conv_3351.json,reports/conv/conv_3351/csynth.xml,,,NO,
conv_3352,32,56,28,16,1,8,1,False,conv2d,,relu,YES,YES,NO,configs/conv/conv_3352.json,reports/conv/conv_3352/csynth.xml,,,NO,
conv_3353,32,56,28,16,1,8,1,False,group_conv2d,2,relu,YES,YES,NO,configs/conv/conv_3353.json,reports/conv/conv_3353/csynth.xml,,,NO,
conv_3354,32,56,28,16,1,8,1,False,group_conv2d,4,relu,YES,YES,NO,configs/conv/conv_3354.json,reports/conv/conv_3354/csynth.xml,,,NO,
conv_3355,32,56,28,16,1,8,1,True,conv2d,,sigmoid,YES,YES,NO,configs/conv/conv_3355.json,reports/conv/conv_3355/csynth.xml,,,NO,
conv_3356,32,56,28,16,1,8,1,True,group_conv2d,2,sigmoid,YES,YES,NO,configs/conv/conv_3356.json,reports/conv/conv_3356/csynth.xml,,,NO,
conv_3357,32,56,28,16,1,8,1,True,group_conv2d,4,sigmoid,YES,YES,NO,configs/conv/conv_3357.json,reports/conv/conv_3357/csynth.xml,,,NO,
conv_3358,32,56,28,16,1,8,1,False,conv2d,,sigmoid,YES,YES,NO,configs/conv/conv_3358.json,reports/conv/conv_3358/csynth.xml,,,NO,
conv_3359,32,56,28,16,1,8,1,False,group_conv2d,2,sigmoid,YES,YES,NO,configs/conv/conv_3359.json,reports/conv/conv_3359/csynth.xml,,,NO,
conv_3360,32,56,28,16,1,8,1,False,group_conv2d,4,sigmoid,YES,YES,NO,configs/conv/conv_3360.json,reports/conv/conv_3360/csynth.xml,,,NO,
conv_3361,32,56,28,16,1,8,1,True,conv2d,,tanh,YES,YES,NO,configs/conv/conv_3361.json,reports/conv/conv_3361/csynth.xml,,,NO,
conv_3362,32,56,28,16,1,8,1,True,group_conv2d,2,tanh,YES,YES,NO,configs/conv/conv_3362.json,reports/conv/conv_3362/csynth.xml,,,NO,
conv_3363,32,56,28,16,1,8,1,True,group_conv2d,4,tanh,YES,YES,NO,configs/conv/conv_3363.json,reports/conv/conv_3363/csynth.xml,,,NO,
conv_3364,32,56,28,16,1,8,1,False,conv2d,,tanh,YES,YES,NO,configs/conv/conv_3364.json,reports/conv/conv_3364/csynth.xml,,,NO,
conv_3365,32,56,28,16,1,8,1,False,group_conv2d,2,tanh,YES,YES,NO,configs/conv/conv_3365.json,reports/conv/conv_3365/csynth.xml,,,NO,
conv_3366,32,56,28,16,1,8,1,False,group_conv2d,4,tanh,YES,YES,NO,configs/conv/conv_3366.json,reports/conv/conv_3366/csynth.xml,,,NO,
conv_3367,32,56,28,16,1,8,4,True,conv2d,,relu,YES,YES,NO,configs/conv/conv_3367.json,reports/conv/conv_3367/csynth.xml,,,NO,
conv_3368,32,56,28,16,1,8,4,True,group_conv2d,2,relu,YES,YES,NO,configs/conv/conv_3368.json,reports/conv/conv_3368/csynth.xml,,,NO,
conv_3369,32,56,28,16,1,8,4,True,group_conv2d,4,relu,YES,YES,NO,configs/conv/conv_3369.json,reports/conv/conv_3369/csynth.xml,,,NO,
conv_3370,32,56,28,16,1,8,4,False,conv2d,,relu,YES,YES,NO,configs/conv/conv_3370.json,reports/conv/conv_3370/csynth.xml,,,NO,
conv_3371,32,56,28,16,1,8,4,False,group_conv2d,2,relu,YES,YES,NO,configs/conv/conv_3371.json,reports/conv/conv_3371/csynth.xml,,,NO,
conv_3372,32,56,28,16,1,8,4,False,group_conv2d,4,relu,YES,YES,NO,configs/conv/conv_3372.json,reports/conv/conv_3372/csynth.xml,,,NO,
conv_3373,32,56,28,16,1,8,4,True,conv2d,,sigmoid,YES,YES,NO,configs/conv/conv_3373.json,reports/conv/conv_3373/csynth.xml,,,NO,
conv_3374,32,56,28,16,1,8,4,True,group_conv2d,2,sigmoid,YES,YES,NO,configs/conv/conv_3374.json,reports/conv/conv_3374/csynth.xml,,,NO,
conv_3375,32,56,28,16,1,8,4,True,group_conv2d,4,sigmoid,YES,YES,NO,configs/conv/conv_3375.json,reports/conv/conv_3375/csynth.xml,,,NO,
conv_3376,32,56,28,16,1,8,4,False,conv2d,,sigmoid,YES,YES,NO,configs/conv/conv_3376.json,reports/conv/conv_3376/csynth.xml,,,NO,
conv_3377,32,56,28,16,1,8,4,False,group_conv2d,2,sigmoid,YES,YES,NO,configs/conv/conv_3377.json,reports/conv/conv_3377/csynth.xml,,,NO,
conv_3378,32,56,28,16,1,8,4,False,group_conv2d,4,sigmoid,YES,YES,NO,configs/conv/conv_3378.json,reports/conv/conv_3378/csynth.xml,,,NO,
conv_3379,32,56,28,16,1,8,4,True,conv2d,,tanh,YES,YES,NO,configs/conv/conv_3379.json,reports/conv/conv_3379/csynth.xml,,,NO,
conv_3380,32,56,28,16,1,8,4,True,group_conv2d,2,tanh,YES,YES,NO,configs/conv/conv_3380.json,reports/conv/conv_3380/csynth.xml,,,NO,
conv_3381,32,56,28,16,1,8,4,True,group_conv2d,4,tanh,YES,YES,NO,configs/conv/conv_3381.json,reports/conv/conv_3381/csynth.xml,,,NO,
conv_3382,32,56,28,16,1,8,4,False,conv2d,,tanh,YES,YES,NO,configs/conv/conv_3382.json,reports/conv/conv_3382/csynth.xml,,,NO,
conv_3383,32,56,28,16,1,8,4,False,group_conv2d,2,tanh,YES,YES,NO,configs/conv/conv_3383.json,reports/conv/conv_3383/csynth.xml,,,NO,
conv_3384,32,56,28,16,1,8,4,False,group_conv2d,4,tanh,YES,YES,NO,configs/conv/conv_3384.json,reports/conv/conv_3384/csynth.xml,,,NO,
conv_3385,32,56,28,16,1,8,8,True,conv2d,,relu,YES,YES,NO,configs/conv/conv_3385.json,reports/conv/conv_3385/csynth.xml,,,NO,
conv_3386,32,56,28,16,1,8,8,True,group_conv2d,2,relu,YES,YES,NO,configs/conv/conv_3386.json,reports/conv/conv_3386/csynth.xml,,,NO,
conv_3387,32,56,28,16,1,8,8,True,group_conv2d,4,relu,YES,YES,NO,configs/conv/conv_3387.json,reports/conv/conv_3387/csynth.xml,,,NO,
conv_3388,32,56,28,16,1,8,8,False,conv2d,,relu,YES,YES,YES,configs/conv/conv_3388.json,reports/conv/conv_3388/csynth.xml,reports/conv/conv_3388/export_impl.xml,reports/conv/conv_3388/power_routed.rpt,NO,
conv_3389,32,56,28,16,1,8,8,False,group_conv2d,2,relu,YES,YES,NO,configs/conv/conv_3389.json,reports/conv/conv_3389/csynth.xml,,,NO,
conv_3390,32,56,28,16,1,8,8,False,group_conv2d,4,relu,YES,YES,NO,configs/conv/conv_3390.json,reports/conv/conv_3390/csynth.xml,,,NO,
conv_3391,32,56,28,16,1,8,8,True,conv2d,,sigmoid,YES,YES,NO,configs/conv/conv_3391.json,reports/conv/conv_3391/csynth.xml,,,NO,
conv_3392,32,56,28,16,1,8,8,True,group_conv2d,2,sigmoid,YES,YES,NO,configs/conv/conv_3392.json,reports/conv/conv_3392/csynth.xml,,,NO,
conv_3393,32,56,28,16,1,8,8,True,group_conv2d,4,sigmoid,YES,YES,NO,configs/conv/conv_3393.json,reports/conv/conv_3393/csynth.xml,,,NO,
conv_3394,32,56,28,16,1,8,8,False,conv2d,,sigmoid,YES,YES,NO,configs/conv/conv_3394.json,reports/conv/conv_3394/csynth.xml,,,NO,
conv_3395,32,56,28,16,1,8,8,False,group_conv2d,2,sigmoid,YES,YES,NO,configs/conv/conv_3395.json,reports/conv/conv_3395/csynth.xml,,,NO,
conv_3396,32,56,28,16,1,8,8,False,group_conv2d,4,sigmoid,YES,YES,NO,configs/conv/conv_3396.json,reports/conv/conv_3396/csynth.xml,,,NO,
conv_3397,32,56,28,16,1,8,8,True,conv2d,,tanh,YES,YES,NO,configs/conv/conv_3397.json,reports/conv/conv_3397/csynth.xml,,,NO,
conv_3398,32,56,28,16,1,8,8,True,group_conv2d,2,tanh,YES,YES,NO,configs/conv/conv_3398.json,reports/conv/conv_3398/csynth.xml,,,NO,
conv_3399,32,56,28,16,1,8,8,True,group_conv2d,4,tanh,YES,YES,NO,configs/conv/conv_3399.json,reports/conv/conv_3399/csynth.xml,,,NO,
conv_3400,32,56,28,16,1,8,8,False,conv2d,,tanh,YES,YES,NO,configs/conv/conv_3400.json,reports/conv/conv_3400/csynth.xml,,,NO,
conv_3401,32,56,28,16,1,8,8,False,group_conv2d,2,tanh,YES,YES,NO,configs/conv/conv_3401.json,reports/conv/conv_3401/csynth.xml,,,NO,
conv_3402,32,56,28,16,1,8,8,False,group_conv2d,4,tanh,YES,YES,NO,configs/conv/conv_3402.json,reports/conv/conv_3402/csynth.xml,,,NO,
conv_3403,32,56,28,16,3,1,1,True,conv2d,,relu,YES,YES,YES,configs/conv/conv_3403.json,reports/conv/conv_3403/csynth.xml,reports/conv/conv_3403/export_impl.xml,reports/conv/conv_3403/power_routed.rpt,NO,
conv_3404,32,56,28,16,3,1,1,True,group_conv2d,2,relu,YES,YES,YES,configs/conv/conv_3404.json,reports/conv/conv_3404/csynth.xml,reports/conv/conv_3404/export_impl.xml,reports/conv/conv_3404/power_routed.rpt,NO,
conv_3405,32,56,28,16,3,1,1,True,group_conv2d,4,relu,YES,YES,YES,configs/conv/conv_3405.json,reports/conv/conv_3405/csynth.xml,reports/conv/conv_3405/export_impl.xml,reports/conv/conv_3405/power_routed.rpt,NO,
conv_3406,32,56,28,16,3,1,1,False,conv2d,,relu,YES,YES,YES,configs/conv/conv_3406.json,reports/conv/conv_3406/csynth.xml,reports/conv/conv_3406/export_impl.xml,reports/conv/conv_3406/power_routed.rpt,NO,
conv_3407,32,56,28,16,3,1,1,False,group_conv2d,2,relu,YES,YES,YES,configs/conv/conv_3407.json,reports/conv/conv_3407/csynth.xml,reports/conv/conv_3407/export_impl.xml,reports/conv/conv_3407/power_routed.rpt,NO,
conv_3408,32,56,28,16,3,1,1,False,group_conv2d,4,relu,YES,YES,YES,configs/conv/conv_3408.json,reports/conv/conv_3408/csynth.xml,reports/conv/conv_3408/export_impl.xml,reports/conv/conv_3408/power_routed.rpt,NO,
conv_3409,32,56,28,16,3,1,1,True,conv2d,,sigmoid,YES,YES,YES,configs/conv/conv_3409.json,reports/conv/conv_3409/csynth.xml,reports/conv/conv_3409/export_impl.xml,reports/conv/conv_3409/power_routed.rpt,NO,
conv_3410,32,56,28,16,3,1,1,True,group_conv2d,2,sigmoid,YES,YES,YES,configs/conv/conv_3410.json,reports/conv/conv_3410/csynth.xml,reports/conv/conv_3410/export_impl.xml,reports/conv/conv_3410/power_routed.rpt,NO,
conv_3411,32,56,28,16,3,1,1,True,group_conv2d,4,sigmoid,YES,YES,YES,configs/conv/conv_3411.json,reports/conv/conv_3411/csynth.xml,reports/conv/conv_3411/export_impl.xml,reports/conv/conv_3411/power_routed.rpt,NO,
conv_3412,32,56,28,16,3,1,1,False,conv2d,,sigmoid,YES,YES,YES,configs/conv/conv_3412.json,reports/conv/conv_3412/csynth.xml,reports/conv/conv_3412/export_impl.xml,reports/conv/conv_3412/power_routed.rpt,NO,
conv_3413,32,56,28,16,3,1,1,False,group_conv2d,2,sigmoid,YES,YES,YES,configs/conv/conv_3413.json,reports/conv/conv_3413/csynth.xml,reports/conv/conv_3413/export_impl.xml,reports/conv/conv_3413/power_routed.rpt,NO,
conv_3414,32,56,28,16,3,1,1,False,group_conv2d,4,sigmoid,YES,YES,YES,configs/conv/conv_3414.json,reports/conv/conv_3414/csynth.xml,reports/conv/conv_3414/export_impl.xml,reports/conv/conv_3414/power_routed.rpt,NO,
conv_3415,32,56,28,16,3,1,1,True,conv2d,,tanh,YES,YES,YES,configs/conv/conv_3415.json,reports/conv/conv_3415/csynth.xml,reports/conv/conv_3415/export_impl.xml,reports/conv/conv_3415/power_routed.rpt,NO,
conv_3416,32,56,28,16,3,1,1,True,group_conv2d,2,tanh,YES,YES,YES,configs/conv/conv_3416.json,reports/conv/conv_3416/csynth.xml,reports/conv/conv_3416/export_impl.xml,reports/conv/conv_3416/power_routed.rpt,NO,
conv_3417,32,56,28,16,3,1,1,True,group_conv2d,4,tanh,YES,YES,YES,configs/conv/conv_3417.json,reports/conv/conv_3417/csynth.xml,reports/conv/conv_3417/export_impl.xml,reports/conv/conv_3417/power_routed.rpt,NO,
conv_3418,32,56,28,16,3,1,1,False,conv2d,,tanh,YES,YES,YES,configs/conv/conv_3418.json,reports/conv/conv_3418/csynth.xml,reports/conv/conv_3418/export_impl.xml,reports/conv/conv_3418/power_routed.rpt,NO,
conv_3419,32,56,28,16,3,1,1,False,group_conv2d,2,tanh,YES,YES,YES,configs/conv/conv_3419.json,reports/conv/conv_3419/csynth.xml,reports/conv/conv_3419/export_impl.xml,reports/conv/conv_3419/power_routed.rpt,NO,
conv_3420,32,56,28,16,3,1,1,False,group_conv2d,4,tanh,YES,YES,YES,configs/conv/conv_3420.json,reports/conv/conv_3420/csynth.xml,reports/conv/conv_3420/export_impl.xml,reports/conv/conv_3420/power_routed.rpt,NO,
conv_3421,32,56,28,16,3,1,4,True,conv2d,,relu,YES,YES,NO,configs/conv/conv_3421.json,reports/conv/conv_3421/csynth.xml,,,NO,
conv_3422,32,56,28,16,3,1,4,True,group_conv2d,2,relu,YES,YES,NO,configs/conv/conv_3422.json,reports/conv/conv_3422/csynth.xml,,,NO,
conv_3423,32,56,28,16,3,1,4,True,group_conv2d,4,relu,YES,YES,YES,configs/conv/conv_3423.json,reports/conv/conv_3423/csynth.xml,reports/conv/conv_3423/export_impl.xml,reports/conv/conv_3423/power_routed.rpt,NO,
conv_3424,32,56,28,16,3,1,4,False,conv2d,,relu,YES,YES,NO,configs/conv/conv_3424.json,reports/conv/conv_3424/csynth.xml,,,NO,
conv_3425,32,56,28,16,3,1,4,False,group_conv2d,2,relu,YES,YES,NO,configs/conv/conv_3425.json,reports/conv/conv_3425/csynth.xml,,,NO,
conv_3426,32,56,28,16,3,1,4,False,group_conv2d,4,relu,YES,YES,YES,configs/conv/conv_3426.json,reports/conv/conv_3426/csynth.xml,reports/conv/conv_3426/export_impl.xml,reports/conv/conv_3426/power_routed.rpt,NO,
conv_3427,32,56,28,16,3,1,4,True,conv2d,,sigmoid,YES,YES,NO,configs/conv/conv_3427.json,reports/conv/conv_3427/csynth.xml,,,NO,
conv_3428,32,56,28,16,3,1,4,True,group_conv2d,2,sigmoid,YES,YES,NO,configs/conv/conv_3428.json,reports/conv/conv_3428/csynth.xml,,,NO,
conv_3429,32,56,28,16,3,1,4,True,group_conv2d,4,sigmoid,YES,YES,NO,configs/conv/conv_3429.json,reports/conv/conv_3429/csynth.xml,,,NO,
conv_3430,32,56,28,16,3,1,4,False,conv2d,,sigmoid,YES,YES,NO,configs/conv/conv_3430.json,reports/conv/conv_3430/csynth.xml,,,NO,
conv_3431,32,56,28,16,3,1,4,False,group_conv2d,2,sigmoid,YES,YES,NO,configs/conv/conv_3431.json,reports/conv/conv_3431/csynth.xml,,,NO,
conv_3432,32,56,28,16,3,1,4,False,group_conv2d,4,sigmoid,YES,YES,NO,configs/conv/conv_3432.json,reports/conv/conv_3432/csynth.xml,,,NO,
conv_3433,32,56,28,16,3,1,4,True,conv2d,,tanh,YES,YES,NO,configs/conv/conv_3433.json,reports/conv/conv_3433/csynth.xml,,,NO,
conv_3434,32,56,28,16,3,1,4,True,group_conv2d,2,tanh,YES,YES,NO,configs/conv/conv_3434.json,reports/conv/conv_3434/csynth.xml,,,NO,
conv_3435,32,56,28,16,3,1,4,True,group_conv2d,4,tanh,YES,YES,NO,configs/conv/conv_3435.json,reports/conv/conv_3435/csynth.xml,,,NO,
conv_3436,32,56,28,16,3,1,4,False,conv2d,,tanh,YES,YES,NO,configs/conv/conv_3436.json,reports/conv/conv_3436/csynth.xml,,,NO,
conv_3437,32,56,28,16,3,1,4,False,group_conv2d,2,tanh,YES,YES,NO,configs/conv/conv_3437.json,reports/conv/conv_3437/csynth.xml,,,NO,
conv_3438,32,56,28,16,3,1,4,False,group_conv2d,4,tanh,YES,YES,NO,configs/conv/conv_3438.json,reports/conv/conv_3438/csynth.xml,,,NO,
conv_3439,32,56,28,16,3,1,8,True,conv2d,,relu,YES,YES,NO,configs/conv/conv_3439.json,reports/conv/conv_3439/csynth.xml,,,NO,
conv_3440,32,56,28,16,3,1,8,True,group_conv2d,2,relu,YES,YES,NO,configs/conv/conv_3440.json,reports/conv/conv_3440/csynth.xml,,,NO,
conv_3441,32,56,28,16,3,1,8,True,group_conv2d,4,relu,YES,YES,NO,configs/conv/conv_3441.json,reports/conv/conv_3441/csynth.xml,,,NO,
conv_3442,32,56,28,16,3,1,8,False,conv2d,,relu,YES,YES,NO,configs/conv/conv_3442.json,reports/conv/conv_3442/csynth.xml,,,NO,
conv_3443,32,56,28,16,3,1,8,False,group_conv2d,2,relu,YES,YES,NO,configs/conv/conv_3443.json,reports/conv/conv_3443/csynth.xml,,,NO,
conv_3444,32,56,28,16,3,1,8,False,group_conv2d,4,relu,YES,YES,YES,configs/conv/conv_3444.json,reports/conv/conv_3444/csynth.xml,reports/conv/conv_3444/export_impl.xml,reports/conv/conv_3444/power_routed.rpt,NO,
conv_3445,32,56,28,16,3,1,8,True,conv2d,,sigmoid,YES,YES,NO,configs/conv/conv_3445.json,reports/conv/conv_3445/csynth.xml,,,NO,
conv_3446,32,56,28,16,3,1,8,True,group_conv2d,2,sigmoid,YES,YES,NO,configs/conv/conv_3446.json,reports/conv/conv_3446/csynth.xml,,,NO,
conv_3447,32,56,28,16,3,1,8,True,group_conv2d,4,sigmoid,YES,YES,NO,configs/conv/conv_3447.json,reports/conv/conv_3447/csynth.xml,,,NO,
conv_3448,32,56,28,16,3,1,8,False,conv2d,,sigmoid,YES,YES,NO,configs/conv/conv_3448.json,reports/conv/conv_3448/csynth.xml,,,NO,
conv_3449,32,56,28,16,3,1,8,False,group_conv2d,2,sigmoid,YES,YES,NO,configs/conv/conv_3449.json,reports/conv/conv_3449/csynth.xml,,,NO,
conv_3450,32,56,28,16,3,1,8,False,group_conv2d,4,sigmoid,YES,YES,NO,configs/conv/conv_3450.json,reports/conv/conv_3450/csynth.xml,,,NO,
conv_3451,32,56,28,16,3,1,8,True,conv2d,,tanh,YES,YES,NO,configs/conv/conv_3451.json,reports/conv/conv_3451/csynth.xml,,,NO,
conv_3452,32,56,28,16,3,1,8,True,group_conv2d,2,tanh,YES,YES,NO,configs/conv/conv_3452.json,reports/conv/conv_3452/csynth.xml,,,NO,
conv_3453,32,56,28,16,3,1,8,True,group_conv2d,4,tanh,YES,YES,NO,configs/conv/conv_3453.json,reports/conv/conv_3453/csynth.xml,,,NO,
conv_3454,32,56,28,16,3,1,8,False,conv2d,,tanh,YES,YES,NO,configs/conv/conv_3454.json,reports/conv/conv_3454/csynth.xml,,,NO,
conv_3455,32,56,28,16,3,1,8,False,group_conv2d,2,tanh,YES,YES,NO,configs/conv/conv_3455.json,reports/conv/conv_3455/csynth.xml,,,NO,
conv_3456,32,56,28,16,3,1,8,False,group_conv2d,4,tanh,YES,YES,NO,configs/conv/conv_3456.json,reports/conv/conv_3456/csynth.xml,,,NO,
conv_3457,32,56,28,16,3,4,1,True,conv2d,,relu,YES,YES,NO,configs/conv/conv_3457.json,reports/conv/conv_3457/csynth.xml,,,NO,
conv_3458,32,56,28,16,3,4,1,True,group_conv2d,2,relu,YES,YES,NO,configs/conv/conv_3458.json,reports/conv/conv_3458/csynth.xml,,,NO,
conv_3459,32,56,28,16,3,4,1,True,group_conv2d,4,relu,YES,YES,NO,configs/conv/conv_3459.json,reports/conv/conv_3459/csynth.xml,,,NO,
conv_3460,32,56,28,16,3,4,1,False,conv2d,,relu,YES,YES,NO,configs/conv/conv_3460.json,reports/conv/conv_3460/csynth.xml,,,NO,
conv_3461,32,56,28,16,3,4,1,False,group_conv2d,2,relu,YES,YES,NO,configs/conv/conv_3461.json,reports/conv/conv_3461/csynth.xml,,,NO,
conv_3462,32,56,28,16,3,4,1,False,group_conv2d,4,relu,YES,YES,NO,configs/conv/conv_3462.json,reports/conv/conv_3462/csynth.xml,,,NO,
conv_3463,32,56,28,16,3,4,1,True,conv2d,,sigmoid,YES,YES,NO,configs/conv/conv_3463.json,reports/conv/conv_3463/csynth.xml,,,NO,
conv_3464,32,56,28,16,3,4,1,True,group_conv2d,2,sigmoid,YES,YES,NO,configs/conv/conv_3464.json,reports/conv/conv_3464/csynth.xml,,,NO,
conv_3465,32,56,28,16,3,4,1,True,group_conv2d,4,sigmoid,YES,YES,NO,configs/conv/conv_3465.json,reports/conv/conv_3465/csynth.xml,,,NO,
conv_3466,32,56,28,16,3,4,1,False,conv2d,,sigmoid,YES,YES,NO,configs/conv/conv_3466.json,reports/conv/conv_3466/csynth.xml,,,NO,
conv_3467,32,56,28,16,3,4,1,False,group_conv2d,2,sigmoid,YES,YES,NO,configs/conv/conv_3467.json,reports/conv/conv_3467/csynth.xml,,,NO,
conv_3468,32,56,28,16,3,4,1,False,group_conv2d,4,sigmoid,YES,YES,NO,configs/conv/conv_3468.json,reports/conv/conv_3468/csynth.xml,,,NO,
conv_3469,32,56,28,16,3,4,1,True,conv2d,,tanh,YES,YES,NO,configs/conv/conv_3469.json,reports/conv/conv_3469/csynth.xml,,,NO,
conv_3470,32,56,28,16,3,4,1,True,group_conv2d,2,tanh,YES,YES,YES,configs/conv/conv_3470.json,reports/conv/conv_3470/csynth.xml,reports/conv/conv_3470/export_impl.xml,reports/conv/conv_3470/power_routed.rpt,NO,
conv_3471,32,56,28,16,3,4,1,True,group_conv2d,4,tanh,YES,YES,NO,configs/conv/conv_3471.json,reports/conv/conv_3471/csynth.xml,,,NO,
conv_3472,32,56,28,16,3,4,1,False,conv2d,,tanh,YES,YES,NO,configs/conv/conv_3472.json,reports/conv/conv_3472/csynth.xml,,,NO,
conv_3473,32,56,28,16,3,4,1,False,group_conv2d,2,tanh,YES,YES,YES,configs/conv/conv_3473.json,reports/conv/conv_3473/csynth.xml,reports/conv/conv_3473/export_impl.xml,reports/conv/conv_3473/power_routed.rpt,NO,
conv_3474,32,56,28,16,3,4,1,False,group_conv2d,4,tanh,YES,YES,NO,configs/conv/conv_3474.json,reports/conv/conv_3474/csynth.xml,,,NO,
conv_3475,32,56,28,16,3,4,4,True,conv2d,,relu,YES,YES,NO,configs/conv/conv_3475.json,reports/conv/conv_3475/csynth.xml,,,NO,
conv_3476,32,56,28,16,3,4,4,True,group_conv2d,2,relu,YES,YES,NO,configs/conv/conv_3476.json,reports/conv/conv_3476/csynth.xml,,,NO,
conv_3477,32,56,28,16,3,4,4,True,group_conv2d,4,relu,YES,YES,NO,configs/conv/conv_3477.json,reports/conv/conv_3477/csynth.xml,,,NO,
conv_3478,32,56,28,16,3,4,4,False,conv2d,,relu,YES,YES,NO,configs/conv/conv_3478.json,reports/conv/conv_3478/csynth.xml,,,NO,
conv_3479,32,56,28,16,3,4,4,False,group_conv2d,2,relu,YES,YES,NO,configs/conv/conv_3479.json,reports/conv/conv_3479/csynth.xml,,,NO,
conv_3480,32,56,28,16,3,4,4,False,group_conv2d,4,relu,YES,YES,NO,configs/conv/conv_3480.json,reports/conv/conv_3480/csynth.xml,,,NO,
conv_3481,32,56,28,16,3,4,4,True,conv2d,,sigmoid,YES,YES,NO,configs/conv/conv_3481.json,reports/conv/conv_3481/csynth.xml,,,NO,
conv_3482,32,56,28,16,3,4,4,True,group_conv2d,2,sigmoid,YES,YES,YES,configs/conv/conv_3482.json,reports/conv/conv_3482/csynth.xml,reports/conv/conv_3482/export_impl.xml,reports/conv/conv_3482/power_routed.rpt,NO,
conv_3483,32,56,28,16,3,4,4,True,group_conv2d,4,sigmoid,YES,YES,NO,configs/conv/conv_3483.json,reports/conv/conv_3483/csynth.xml,,,NO,
conv_3484,32,56,28,16,3,4,4,False,conv2d,,sigmoid,YES,YES,NO,configs/conv/conv_3484.json,reports/conv/conv_3484/csynth.xml,,,NO,
conv_3485,32,56,28,16,3,4,4,False,group_conv2d,2,sigmoid,YES,YES,NO,configs/conv/conv_3485.json,reports/conv/conv_3485/csynth.xml,,,NO,
conv_3486,32,56,28,16,3,4,4,False,group_conv2d,4,sigmoid,YES,YES,NO,configs/conv/conv_3486.json,reports/conv/conv_3486/csynth.xml,,,NO,
conv_3487,32,56,28,16,3,4,4,True,conv2d,,tanh,YES,YES,NO,configs/conv/conv_3487.json,reports/conv/conv_3487/csynth.xml,,,NO,
conv_3488,32,56,28,16,3,4,4,True,group_conv2d,2,tanh,YES,YES,NO,configs/conv/conv_3488.json,reports/conv/conv_3488/csynth.xml,,,NO,
conv_3489,32,56,28,16,3,4,4,True,group_conv2d,4,tanh,YES,YES,NO,configs/conv/conv_3489.json,reports/conv/conv_3489/csynth.xml,,,NO,
conv_3490,32,56,28,16,3,4,4,False,conv2d,,tanh,YES,YES,NO,configs/conv/conv_3490.json,reports/conv/conv_3490/csynth.xml,,,NO,
conv_3491,32,56,28,16,3,4,4,False,group_conv2d,2,tanh,YES,YES,YES,configs/conv/conv_3491.json,reports/conv/conv_3491/csynth.xml,reports/conv/conv_3491/export_impl.xml,reports/conv/conv_3491/power_routed.rpt,NO,
conv_3492,32,56,28,16,3,4,4,False,group_conv2d,4,tanh,YES,YES,NO,configs/conv/conv_3492.json,reports/conv/conv_3492/csynth.xml,,,NO,
conv_3493,32,56,28,16,3,4,8,True,conv2d,,relu,YES,YES,NO,configs/conv/conv_3493.json,reports/conv/conv_3493/csynth.xml,,,NO,
conv_3494,32,56,28,16,3,4,8,True,group_conv2d,2,relu,YES,YES,YES,configs/conv/conv_3494.json,reports/conv/conv_3494/csynth.xml,reports/conv/conv_3494/export_impl.xml,reports/conv/conv_3494/power_routed.rpt,NO,
conv_3495,32,56,28,16,3,4,8,True,group_conv2d,4,relu,YES,YES,NO,configs/conv/conv_3495.json,reports/conv/conv_3495/csynth.xml,,,NO,
conv_3496,32,56,28,16,3,4,8,False,conv2d,,relu,YES,YES,NO,configs/conv/conv_3496.json,reports/conv/conv_3496/csynth.xml,,,NO,
conv_3497,32,56,28,16,3,4,8,False,group_conv2d,2,relu,YES,YES,NO,configs/conv/conv_3497.json,reports/conv/conv_3497/csynth.xml,,,NO,
conv_3498,32,56,28,16,3,4,8,False,group_conv2d,4,relu,YES,YES,NO,configs/conv/conv_3498.json,reports/conv/conv_3498/csynth.xml,,,NO,
conv_3499,32,56,28,16,3,4,8,True,conv2d,,sigmoid,YES,YES,NO,configs/conv/conv_3499.json,reports/conv/conv_3499/csynth.xml,,,NO,
conv_3500,32,56,28,16,3,4,8,True,group_conv2d,2,sigmoid,YES,YES,NO,configs/conv/conv_3500.json,reports/conv/conv_3500/csynth.xml,,,NO,
conv_3501,32,56,28,16,3,4,8,True,group_conv2d,4,sigmoid,YES,YES,NO,configs/conv/conv_3501.json,reports/conv/conv_3501/csynth.xml,,,NO,
conv_3502,32,56,28,16,3,4,8,False,conv2d,,sigmoid,YES,YES,NO,configs/conv/conv_3502.json,reports/conv/conv_3502/csynth.xml,,,NO,
conv_3503,32,56,28,16,3,4,8,False,group_conv2d,2,sigmoid,YES,YES,NO,configs/conv/conv_3503.json,reports/conv/conv_3503/csynth.xml,,,NO,
conv_3504,32,56,28,16,3,4,8,False,group_conv2d,4,sigmoid,YES,YES,NO,configs/conv/conv_3504.json,reports/conv/conv_3504/csynth.xml,,,NO,
conv_3505,32,56,28,16,3,4,8,True,conv2d,,tanh,YES,YES,NO,configs/conv/conv_3505.json,reports/conv/conv_3505/csynth.xml,,,NO,
conv_3506,32,56,28,16,3,4,8,True,group_conv2d,2,tanh,YES,YES,NO,configs/conv/conv_3506.json,reports/conv/conv_3506/csynth.xml,,,NO,
conv_3507,32,56,28,16,3,4,8,True,group_conv2d,4,tanh,YES,YES,NO,configs/conv/conv_3507.json,reports/conv/conv_3507/csynth.xml,,,NO,
conv_3508,32,56,28,16,3,4,8,False,conv2d,,tanh,YES,YES,NO,configs/conv/conv_3508.json,reports/conv/conv_3508/csynth.xml,,,NO,
conv_3509,32,56,28,16,3,4,8,False,group_conv2d,2,tanh,YES,YES,NO,configs/conv/conv_3509.json,reports/conv/conv_3509/csynth.xml,,,NO,
conv_3510,32,56,28,16,3,4,8,False,group_conv2d,4,tanh,YES,YES,NO,configs/conv/conv_3510.json,reports/conv/conv_3510/csynth.xml,,,NO,
conv_3511,32,56,28,16,3,8,1,True,conv2d,,relu,YES,YES,NO,configs/conv/conv_3511.json,reports/conv/conv_3511/csynth.xml,,,NO,
conv_3512,32,56,28,16,3,8,1,True,group_conv2d,2,relu,YES,YES,NO,configs/conv/conv_3512.json,reports/conv/conv_3512/csynth.xml,,,NO,
conv_3513,32,56,28,16,3,8,1,True,group_conv2d,4,relu,YES,YES,NO,configs/conv/conv_3513.json,reports/conv/conv_3513/csynth.xml,,,NO,
conv_3514,32,56,28,16,3,8,1,False,conv2d,,relu,YES,YES,NO,configs/conv/conv_3514.json,reports/conv/conv_3514/csynth.xml,,,NO,
conv_3515,32,56,28,16,3,8,1,False,group_conv2d,2,relu,YES,YES,NO,configs/conv/conv_3515.json,reports/conv/conv_3515/csynth.xml,,,NO,
conv_3516,32,56,28,16,3,8,1,False,group_conv2d,4,relu,YES,YES,NO,configs/conv/conv_3516.json,reports/conv/conv_3516/csynth.xml,,,NO,
conv_3517,32,56,28,16,3,8,1,True,conv2d,,sigmoid,YES,YES,NO,configs/conv/conv_3517.json,reports/conv/conv_3517/csynth.xml,,,NO,
conv_3518,32,56,28,16,3,8,1,True,group_conv2d,2,sigmoid,YES,YES,NO,configs/conv/conv_3518.json,reports/conv/conv_3518/csynth.xml,,,NO,
conv_3519,32,56,28,16,3,8,1,True,group_conv2d,4,sigmoid,YES,YES,NO,configs/conv/conv_3519.json,reports/conv/conv_3519/csynth.xml,,,NO,
conv_3520,32,56,28,16,3,8,1,False,conv2d,,sigmoid,YES,YES,NO,configs/conv/conv_3520.json,reports/conv/conv_3520/csynth.xml,,,NO,
conv_3521,32,56,28,16,3,8,1,False,group_conv2d,2,sigmoid,YES,YES,NO,configs/conv/conv_3521.json,reports/conv/conv_3521/csynth.xml,,,NO,
conv_3522,32,56,28,16,3,8,1,False,group_conv2d,4,sigmoid,YES,YES,NO,configs/conv/conv_3522.json,reports/conv/conv_3522/csynth.xml,,,NO,
conv_3523,32,56,28,16,3,8,1,True,conv2d,,tanh,YES,YES,NO,configs/conv/conv_3523.json,reports/conv/conv_3523/csynth.xml,,,NO,
conv_3524,32,56,28,16,3,8,1,True,group_conv2d,2,tanh,YES,YES,NO,configs/conv/conv_3524.json,reports/conv/conv_3524/csynth.xml,,,NO,
conv_3525,32,56,28,16,3,8,1,True,group_conv2d,4,tanh,YES,YES,NO,configs/conv/conv_3525.json,reports/conv/conv_3525/csynth.xml,,,NO,
conv_3526,32,56,28,16,3,8,1,False,conv2d,,tanh,YES,YES,NO,configs/conv/conv_3526.json,reports/conv/conv_3526/csynth.xml,,,NO,
conv_3527,32,56,28,16,3,8,1,False,group_conv2d,2,tanh,YES,YES,NO,configs/conv/conv_3527.json,reports/conv/conv_3527/csynth.xml,,,NO,
conv_3528,32,56,28,16,3,8,1,False,group_conv2d,4,tanh,YES,YES,NO,configs/conv/conv_3528.json,reports/conv/conv_3528/csynth.xml,,,NO,
conv_3529,32,56,28,16,3,8,4,True,conv2d,,relu,YES,YES,NO,configs/conv/conv_3529.json,reports/conv/conv_3529/csynth.xml,,,NO,
conv_3530,32,56,28,16,3,8,4,True,group_conv2d,2,relu,YES,YES,NO,configs/conv/conv_3530.json,reports/conv/conv_3530/csynth.xml,,,NO,
conv_3531,32,56,28,16,3,8,4,True,group_conv2d,4,relu,YES,YES,NO,configs/conv/conv_3531.json,reports/conv/conv_3531/csynth.xml,,,NO,
conv_3532,32,56,28,16,3,8,4,False,conv2d,,relu,YES,YES,YES,configs/conv/conv_3532.json,reports/conv/conv_3532/csynth.xml,reports/conv/conv_3532/export_impl.xml,reports/conv/conv_3532/power_routed.rpt,NO,
conv_3533,32,56,28,16,3,8,4,False,group_conv2d,2,relu,YES,YES,NO,configs/conv/conv_3533.json,reports/conv/conv_3533/csynth.xml,,,NO,
conv_3534,32,56,28,16,3,8,4,False,group_conv2d,4,relu,YES,YES,NO,configs/conv/conv_3534.json,reports/conv/conv_3534/csynth.xml,,,NO,
conv_3535,32,56,28,16,3,8,4,True,conv2d,,sigmoid,YES,YES,NO,configs/conv/conv_3535.json,reports/conv/conv_3535/csynth.xml,,,NO,
conv_3536,32,56,28,16,3,8,4,True,group_conv2d,2,sigmoid,YES,YES,NO,configs/conv/conv_3536.json,reports/conv/conv_3536/csynth.xml,,,NO,
conv_3537,32,56,28,16,3,8,4,True,group_conv2d,4,sigmoid,YES,YES,NO,configs/conv/conv_3537.json,reports/conv/conv_3537/csynth.xml,,,NO,
conv_3538,32,56,28,16,3,8,4,False,conv2d,,sigmoid,YES,YES,NO,configs/conv/conv_3538.json,reports/conv/conv_3538/csynth.xml,,,NO,
conv_3539,32,56,28,16,3,8,4,False,group_conv2d,2,sigmoid,YES,YES,NO,configs/conv/conv_3539.json,reports/conv/conv_3539/csynth.xml,,,NO,
conv_3540,32,56,28,16,3,8,4,False,group_conv2d,4,sigmoid,YES,YES,NO,configs/conv/conv_3540.json,reports/conv/conv_3540/csynth.xml,,,NO,
conv_3541,32,56,28,16,3,8,4,True,conv2d,,tanh,YES,YES,NO,configs/conv/conv_3541.json,reports/conv/conv_3541/csynth.xml,,,NO,
conv_3542,32,56,28,16,3,8,4,True,group_conv2d,2,tanh,YES,YES,NO,configs/conv/conv_3542.json,reports/conv/conv_3542/csynth.xml,,,NO,
conv_3543,32,56,28,16,3,8,4,True,group_conv2d,4,tanh,YES,YES,NO,configs/conv/conv_3543.json,reports/conv/conv_3543/csynth.xml,,,NO,
conv_3544,32,56,28,16,3,8,4,False,conv2d,,tanh,YES,YES,NO,configs/conv/conv_3544.json,reports/conv/conv_3544/csynth.xml,,,NO,
conv_3545,32,56,28,16,3,8,4,False,group_conv2d,2,tanh,YES,YES,NO,configs/conv/conv_3545.json,reports/conv/conv_3545/csynth.xml,,,NO,
conv_3546,32,56,28,16,3,8,4,False,group_conv2d,4,tanh,YES,YES,NO,configs/conv/conv_3546.json,reports/conv/conv_3546/csynth.xml,,,NO,
conv_3547,32,56,28,16,3,8,8,True,conv2d,,relu,YES,YES,NO,configs/conv/conv_3547.json,reports/conv/conv_3547/csynth.xml,,,NO,
conv_3548,32,56,28,16,3,8,8,True,group_conv2d,2,relu,YES,YES,NO,configs/conv/conv_3548.json,reports/conv/conv_3548/csynth.xml,,,NO,
conv_3549,32,56,28,16,3,8,8,True,group_conv2d,4,relu,YES,YES,NO,configs/conv/conv_3549.json,reports/conv/conv_3549/csynth.xml,,,NO,
conv_3550,32,56,28,16,3,8,8,False,conv2d,,relu,YES,YES,NO,configs/conv/conv_3550.json,reports/conv/conv_3550/csynth.xml,,,NO,
conv_3551,32,56,28,16,3,8,8,False,group_conv2d,2,relu,YES,YES,NO,configs/conv/conv_3551.json,reports/conv/conv_3551/csynth.xml,,,NO,
conv_3552,32,56,28,16,3,8,8,False,group_conv2d,4,relu,YES,YES,YES,configs/conv/conv_3552.json,reports/conv/conv_3552/csynth.xml,reports/conv/conv_3552/export_impl.xml,reports/conv/conv_3552/power_routed.rpt,NO,
conv_3553,32,56,28,16,3,8,8,True,conv2d,,sigmoid,YES,YES,NO,configs/conv/conv_3553.json,reports/conv/conv_3553/csynth.xml,,,NO,
conv_3554,32,56,28,16,3,8,8,True,group_conv2d,2,sigmoid,YES,YES,NO,configs/conv/conv_3554.json,reports/conv/conv_3554/csynth.xml,,,NO,
conv_3555,32,56,28,16,3,8,8,True,group_conv2d,4,sigmoid,YES,YES,NO,configs/conv/conv_3555.json,reports/conv/conv_3555/csynth.xml,,,NO,
conv_3556,32,56,28,16,3,8,8,False,conv2d,,sigmoid,YES,YES,NO,configs/conv/conv_3556.json,reports/conv/conv_3556/csynth.xml,,,NO,
conv_3557,32,56,28,16,3,8,8,False,group_conv2d,2,sigmoid,YES,YES,NO,configs/conv/conv_3557.json,reports/conv/conv_3557/csynth.xml,,,NO,
conv_3558,32,56,28,16,3,8,8,False,group_conv2d,4,sigmoid,YES,YES,NO,configs/conv/conv_3558.json,reports/conv/conv_3558/csynth.xml,,,NO,
conv_3559,32,56,28,16,3,8,8,True,conv2d,,tanh,YES,YES,NO,configs/conv/conv_3559.json,reports/conv/conv_3559/csynth.xml,,,NO,
conv_3560,32,56,28,16,3,8,8,True,group_conv2d,2,tanh,YES,YES,NO,configs/conv/conv_3560.json,reports/conv/conv_3560/csynth.xml,,,NO,
conv_3561,32,56,28,16,3,8,8,True,group_conv2d,4,tanh,YES,YES,NO,configs/conv/conv_3561.json,reports/conv/conv_3561/csynth.xml,,,NO,
conv_3562,32,56,28,16,3,8,8,False,conv2d,,tanh,YES,YES,NO,configs/conv/conv_3562.json,reports/conv/conv_3562/csynth.xml,,,NO,
conv_3563,32,56,28,16,3,8,8,False,group_conv2d,2,tanh,YES,YES,NO,configs/conv/conv_3563.json,reports/conv/conv_3563/csynth.xml,,,NO,
conv_3564,32,56,28,16,3,8,8,False,group_conv2d,4,tanh,YES,YES,NO,configs/conv/conv_3564.json,reports/conv/conv_3564/csynth.xml,,,NO,
conv_3565,32,56,28,32,1,1,1,True,conv2d,,relu,YES,YES,YES,configs/conv/conv_3565.json,reports/conv/conv_3565/csynth.xml,reports/conv/conv_3565/export_impl.xml,reports/conv/conv_3565/power_routed.rpt,NO,
conv_3566,32,56,28,32,1,1,1,True,group_conv2d,2,relu,YES,YES,YES,configs/conv/conv_3566.json,reports/conv/conv_3566/csynth.xml,reports/conv/conv_3566/export_impl.xml,reports/conv/conv_3566/power_routed.rpt,NO,
conv_3567,32,56,28,32,1,1,1,True,group_conv2d,4,relu,YES,YES,YES,configs/conv/conv_3567.json,reports/conv/conv_3567/csynth.xml,reports/conv/conv_3567/export_impl.xml,reports/conv/conv_3567/power_routed.rpt,NO,
conv_3568,32,56,28,32,1,1,1,False,conv2d,,relu,YES,YES,YES,configs/conv/conv_3568.json,reports/conv/conv_3568/csynth.xml,reports/conv/conv_3568/export_impl.xml,reports/conv/conv_3568/power_routed.rpt,NO,
conv_3569,32,56,28,32,1,1,1,False,group_conv2d,2,relu,YES,YES,YES,configs/conv/conv_3569.json,reports/conv/conv_3569/csynth.xml,reports/conv/conv_3569/export_impl.xml,reports/conv/conv_3569/power_routed.rpt,NO,
conv_3570,32,56,28,32,1,1,1,False,group_conv2d,4,relu,YES,YES,YES,configs/conv/conv_3570.json,reports/conv/conv_3570/csynth.xml,reports/conv/conv_3570/export_impl.xml,reports/conv/conv_3570/power_routed.rpt,NO,
conv_3571,32,56,28,32,1,1,1,True,conv2d,,sigmoid,YES,YES,YES,configs/conv/conv_3571.json,reports/conv/conv_3571/csynth.xml,reports/conv/conv_3571/export_impl.xml,reports/conv/conv_3571/power_routed.rpt,NO,
conv_3572,32,56,28,32,1,1,1,True,group_conv2d,2,sigmoid,YES,YES,YES,configs/conv/conv_3572.json,reports/conv/conv_3572/csynth.xml,reports/conv/conv_3572/export_impl.xml,reports/conv/conv_3572/power_routed.rpt,NO,
conv_3573,32,56,28,32,1,1,1,True,group_conv2d,4,sigmoid,YES,YES,YES,configs/conv/conv_3573.json,reports/conv/conv_3573/csynth.xml,reports/conv/conv_3573/export_impl.xml,reports/conv/conv_3573/power_routed.rpt,NO,
conv_3574,32,56,28,32,1,1,1,False,conv2d,,sigmoid,YES,YES,YES,configs/conv/conv_3574.json,reports/conv/conv_3574/csynth.xml,reports/conv/conv_3574/export_impl.xml,reports/conv/conv_3574/power_routed.rpt,NO,
conv_3575,32,56,28,32,1,1,1,False,group_conv2d,2,sigmoid,YES,YES,YES,configs/conv/conv_3575.json,reports/conv/conv_3575/csynth.xml,reports/conv/conv_3575/export_impl.xml,reports/conv/conv_3575/power_routed.rpt,NO,
conv_3576,32,56,28,32,1,1,1,False,group_conv2d,4,sigmoid,YES,YES,YES,configs/conv/conv_3576.json,reports/conv/conv_3576/csynth.xml,reports/conv/conv_3576/export_impl.xml,reports/conv/conv_3576/power_routed.rpt,NO,
conv_3577,32,56,28,32,1,1,1,True,conv2d,,tanh,YES,YES,YES,configs/conv/conv_3577.json,reports/conv/conv_3577/csynth.xml,reports/conv/conv_3577/export_impl.xml,reports/conv/conv_3577/power_routed.rpt,NO,
conv_3578,32,56,28,32,1,1,1,True,group_conv2d,2,tanh,YES,YES,YES,configs/conv/conv_3578.json,reports/conv/conv_3578/csynth.xml,reports/conv/conv_3578/export_impl.xml,reports/conv/conv_3578/power_routed.rpt,NO,
conv_3579,32,56,28,32,1,1,1,True,group_conv2d,4,tanh,YES,YES,YES,configs/conv/conv_3579.json,reports/conv/conv_3579/csynth.xml,reports/conv/conv_3579/export_impl.xml,reports/conv/conv_3579/power_routed.rpt,NO,
conv_3580,32,56,28,32,1,1,1,False,conv2d,,tanh,YES,YES,YES,configs/conv/conv_3580.json,reports/conv/conv_3580/csynth.xml,reports/conv/conv_3580/export_impl.xml,reports/conv/conv_3580/power_routed.rpt,NO,
conv_3581,32,56,28,32,1,1,1,False,group_conv2d,2,tanh,YES,YES,YES,configs/conv/conv_3581.json,reports/conv/conv_3581/csynth.xml,reports/conv/conv_3581/export_impl.xml,reports/conv/conv_3581/power_routed.rpt,NO,
conv_3582,32,56,28,32,1,1,1,False,group_conv2d,4,tanh,YES,YES,YES,configs/conv/conv_3582.json,reports/conv/conv_3582/csynth.xml,reports/conv/conv_3582/export_impl.xml,reports/conv/conv_3582/power_routed.rpt,NO,
conv_3583,32,56,28,32,1,1,4,True,conv2d,,relu,YES,YES,NO,configs/conv/conv_3583.json,reports/conv/conv_3583/csynth.xml,,,NO,
conv_3584,32,56,28,32,1,1,4,True,group_conv2d,2,relu,YES,YES,YES,configs/conv/conv_3584.json,reports/conv/conv_3584/csynth.xml,reports/conv/conv_3584/export_impl.xml,reports/conv/conv_3584/power_routed.rpt,NO,
conv_3585,32,56,28,32,1,1,4,True,group_conv2d,4,relu,YES,YES,NO,configs/conv/conv_3585.json,reports/conv/conv_3585/csynth.xml,,,NO,
conv_3586,32,56,28,32,1,1,4,False,conv2d,,relu,YES,YES,NO,configs/conv/conv_3586.json,reports/conv/conv_3586/csynth.xml,,,NO,
conv_3587,32,56,28,32,1,1,4,False,group_conv2d,2,relu,YES,YES,NO,configs/conv/conv_3587.json,reports/conv/conv_3587/csynth.xml,,,NO,
conv_3588,32,56,28,32,1,1,4,False,group_conv2d,4,relu,YES,YES,NO,configs/conv/conv_3588.json,reports/conv/conv_3588/csynth.xml,,,NO,
conv_3589,32,56,28,32,1,1,4,True,conv2d,,sigmoid,YES,YES,NO,configs/conv/conv_3589.json,reports/conv/conv_3589/csynth.xml,,,NO,
conv_3590,32,56,28,32,1,1,4,True,group_conv2d,2,sigmoid,YES,YES,NO,configs/conv/conv_3590.json,reports/conv/conv_3590/csynth.xml,,,NO,
conv_3591,32,56,28,32,1,1,4,True,group_conv2d,4,sigmoid,YES,YES,NO,configs/conv/conv_3591.json,reports/conv/conv_3591/csynth.xml,,,NO,
conv_3592,32,56,28,32,1,1,4,False,conv2d,,sigmoid,YES,YES,NO,configs/conv/conv_3592.json,reports/conv/conv_3592/csynth.xml,,,NO,
conv_3593,32,56,28,32,1,1,4,False,group_conv2d,2,sigmoid,YES,YES,YES,configs/conv/conv_3593.json,reports/conv/conv_3593/csynth.xml,reports/conv/conv_3593/export_impl.xml,reports/conv/conv_3593/power_routed.rpt,NO,
conv_3594,32,56,28,32,1,1,4,False,group_conv2d,4,sigmoid,YES,YES,NO,configs/conv/conv_3594.json,reports/conv/conv_3594/csynth.xml,,,NO,
conv_3595,32,56,28,32,1,1,4,True,conv2d,,tanh,YES,YES,NO,configs/conv/conv_3595.json,reports/conv/conv_3595/csynth.xml,,,NO,
conv_3596,32,56,28,32,1,1,4,True,group_conv2d,2,tanh,YES,YES,NO,configs/conv/conv_3596.json,reports/conv/conv_3596/csynth.xml,,,NO,
conv_3597,32,56,28,32,1,1,4,True,group_conv2d,4,tanh,YES,YES,NO,configs/conv/conv_3597.json,reports/conv/conv_3597/csynth.xml,,,NO,
conv_3598,32,56,28,32,1,1,4,False,conv2d,,tanh,YES,YES,NO,configs/conv/conv_3598.json,reports/conv/conv_3598/csynth.xml,,,NO,
conv_3599,32,56,28,32,1,1,4,False,group_conv2d,2,tanh,YES,YES,NO,configs/conv/conv_3599.json,reports/conv/conv_3599/csynth.xml,,,NO,
conv_3600,32,56,28,32,1,1,4,False,group_conv2d,4,tanh,YES,YES,NO,configs/conv/conv_3600.json,reports/conv/conv_3600/csynth.xml,,,NO,
conv_3601,32,56,28,32,1,1,8,True,conv2d,,relu,YES,YES,NO,configs/conv/conv_3601.json,reports/conv/conv_3601/csynth.xml,,,NO,
conv_3602,32,56,28,32,1,1,8,True,group_conv2d,2,relu,YES,YES,YES,configs/conv/conv_3602.json,reports/conv/conv_3602/csynth.xml,reports/conv/conv_3602/export_impl.xml,reports/conv/conv_3602/power_routed.rpt,NO,
conv_3603,32,56,28,32,1,1,8,True,group_conv2d,4,relu,YES,YES,NO,configs/conv/conv_3603.json,reports/conv/conv_3603/csynth.xml,,,NO,
conv_3604,32,56,28,32,1,1,8,False,conv2d,,relu,YES,YES,NO,configs/conv/conv_3604.json,reports/conv/conv_3604/csynth.xml,,,NO,
conv_3605,32,56,28,32,1,1,8,False,group_conv2d,2,relu,YES,YES,NO,configs/conv/conv_3605.json,reports/conv/conv_3605/csynth.xml,,,NO,
conv_3606,32,56,28,32,1,1,8,False,group_conv2d,4,relu,YES,YES,NO,configs/conv/conv_3606.json,reports/conv/conv_3606/csynth.xml,,,NO,
conv_3607,32,56,28,32,1,1,8,True,conv2d,,sigmoid,YES,YES,NO,configs/conv/conv_3607.json,reports/conv/conv_3607/csynth.xml,,,NO,
conv_3608,32,56,28,32,1,1,8,True,group_conv2d,2,sigmoid,YES,YES,NO,configs/conv/conv_3608.json,reports/conv/conv_3608/csynth.xml,,,NO,
conv_3609,32,56,28,32,1,1,8,True,group_conv2d,4,sigmoid,YES,YES,NO,configs/conv/conv_3609.json,reports/conv/conv_3609/csynth.xml,,,NO,
conv_3610,32,56,28,32,1,1,8,False,conv2d,,sigmoid,YES,YES,NO,configs/conv/conv_3610.json,reports/conv/conv_3610/csynth.xml,,,NO,
conv_3611,32,56,28,32,1,1,8,False,group_conv2d,2,sigmoid,YES,YES,NO,configs/conv/conv_3611.json,reports/conv/conv_3611/csynth.xml,,,NO,
conv_3612,32,56,28,32,1,1,8,False,group_conv2d,4,sigmoid,YES,YES,NO,configs/conv/conv_3612.json,reports/conv/conv_3612/csynth.xml,,,NO,
conv_3613,32,56,28,32,1,1,8,True,conv2d,,tanh,YES,YES,NO,configs/conv/conv_3613.json,reports/conv/conv_3613/csynth.xml,,,NO,
conv_3614,32,56,28,32,1,1,8,True,group_conv2d,2,tanh,YES,YES,NO,configs/conv/conv_3614.json,reports/conv/conv_3614/csynth.xml,,,NO,
conv_3615,32,56,28,32,1,1,8,True,group_conv2d,4,tanh,YES,YES,NO,configs/conv/conv_3615.json,reports/conv/conv_3615/csynth.xml,,,NO,
conv_3616,32,56,28,32,1,1,8,False,conv2d,,tanh,YES,YES,NO,configs/conv/conv_3616.json,reports/conv/conv_3616/csynth.xml,,,NO,
conv_3617,32,56,28,32,1,1,8,False,group_conv2d,2,tanh,YES,YES,NO,configs/conv/conv_3617.json,reports/conv/conv_3617/csynth.xml,,,NO,
conv_3618,32,56,28,32,1,1,8,False,group_conv2d,4,tanh,YES,YES,NO,configs/conv/conv_3618.json,reports/conv/conv_3618/csynth.xml,,,NO,
conv_3619,32,56,28,32,1,4,1,True,conv2d,,relu,YES,YES,NO,configs/conv/conv_3619.json,reports/conv/conv_3619/csynth.xml,,,NO,
conv_3620,32,56,28,32,1,4,1,True,group_conv2d,2,relu,YES,YES,YES,configs/conv/conv_3620.json,reports/conv/conv_3620/csynth.xml,reports/conv/conv_3620/export_impl.xml,reports/conv/conv_3620/power_routed.rpt,NO,
conv_3621,32,56,28,32,1,4,1,True,group_conv2d,4,relu,YES,YES,NO,configs/conv/conv_3621.json,reports/conv/conv_3621/csynth.xml,,,NO,
conv_3622,32,56,28,32,1,4,1,False,conv2d,,relu,YES,YES,NO,configs/conv/conv_3622.json,reports/conv/conv_3622/csynth.xml,,,NO,
conv_3623,32,56,28,32,1,4,1,False,group_conv2d,2,relu,YES,YES,YES,configs/conv/conv_3623.json,reports/conv/conv_3623/csynth.xml,reports/conv/conv_3623/export_impl.xml,reports/conv/conv_3623/power_routed.rpt,NO,
conv_3624,32,56,28,32,1,4,1,False,group_conv2d,4,relu,YES,YES,NO,configs/conv/conv_3624.json,reports/conv/conv_3624/csynth.xml,,,NO,
conv_3625,32,56,28,32,1,4,1,True,conv2d,,sigmoid,YES,YES,NO,configs/conv/conv_3625.json,reports/conv/conv_3625/csynth.xml,,,NO,
conv_3626,32,56,28,32,1,4,1,True,group_conv2d,2,sigmoid,YES,YES,NO,configs/conv/conv_3626.json,reports/conv/conv_3626/csynth.xml,,,NO,
conv_3627,32,56,28,32,1,4,1,True,group_conv2d,4,sigmoid,YES,YES,NO,configs/conv/conv_3627.json,reports/conv/conv_3627/csynth.xml,,,NO,
conv_3628,32,56,28,32,1,4,1,False,conv2d,,sigmoid,YES,YES,NO,configs/conv/conv_3628.json,reports/conv/conv_3628/csynth.xml,,,NO,
conv_3629,32,56,28,32,1,4,1,False,group_conv2d,2,sigmoid,YES,YES,NO,configs/conv/conv_3629.json,reports/conv/conv_3629/csynth.xml,,,NO,
conv_3630,32,56,28,32,1,4,1,False,group_conv2d,4,sigmoid,YES,YES,NO,configs/conv/conv_3630.json,reports/conv/conv_3630/csynth.xml,,,NO,
conv_3631,32,56,28,32,1,4,1,True,conv2d,,tanh,YES,YES,NO,configs/conv/conv_3631.json,reports/conv/conv_3631/csynth.xml,,,NO,
conv_3632,32,56,28,32,1,4,1,True,group_conv2d,2,tanh,YES,YES,NO,configs/conv/conv_3632.json,reports/conv/conv_3632/csynth.xml,,,NO,
conv_3633,32,56,28,32,1,4,1,True,group_conv2d,4,tanh,YES,YES,NO,configs/conv/conv_3633.json,reports/conv/conv_3633/csynth.xml,,,NO,
conv_3634,32,56,28,32,1,4,1,False,conv2d,,tanh,YES,YES,NO,configs/conv/conv_3634.json,reports/conv/conv_3634/csynth.xml,,,NO,
conv_3635,32,56,28,32,1,4,1,False,group_conv2d,2,tanh,YES,YES,NO,configs/conv/conv_3635.json,reports/conv/conv_3635/csynth.xml,,,NO,
conv_3636,32,56,28,32,1,4,1,False,group_conv2d,4,tanh,YES,YES,NO,configs/conv/conv_3636.json,reports/conv/conv_3636/csynth.xml,,,NO,
conv_3637,32,56,28,32,1,4,4,True,conv2d,,relu,YES,YES,NO,configs/conv/conv_3637.json,reports/conv/conv_3637/csynth.xml,,,NO,
conv_3638,32,56,28,32,1,4,4,True,group_conv2d,2,relu,YES,YES,NO,configs/conv/conv_3638.json,reports/conv/conv_3638/csynth.xml,,,NO,
conv_3639,32,56,28,32,1,4,4,True,group_conv2d,4,relu,YES,YES,NO,configs/conv/conv_3639.json,reports/conv/conv_3639/csynth.xml,,,NO,
conv_3640,32,56,28,32,1,4,4,False,conv2d,,relu,YES,YES,NO,configs/conv/conv_3640.json,reports/conv/conv_3640/csynth.xml,,,NO,
conv_3641,32,56,28,32,1,4,4,False,group_conv2d,2,relu,YES,YES,NO,configs/conv/conv_3641.json,reports/conv/conv_3641/csynth.xml,,,NO,
conv_3642,32,56,28,32,1,4,4,False,group_conv2d,4,relu,YES,YES,NO,configs/conv/conv_3642.json,reports/conv/conv_3642/csynth.xml,,,NO,
conv_3643,32,56,28,32,1,4,4,True,conv2d,,sigmoid,YES,YES,NO,configs/conv/conv_3643.json,reports/conv/conv_3643/csynth.xml,,,NO,
conv_3644,32,56,28,32,1,4,4,True,group_conv2d,2,sigmoid,YES,YES,NO,configs/conv/conv_3644.json,reports/conv/conv_3644/csynth.xml,,,NO,
conv_3645,32,56,28,32,1,4,4,True,group_conv2d,4,sigmoid,YES,YES,NO,configs/conv/conv_3645.json,reports/conv/conv_3645/csynth.xml,,,NO,
conv_3646,32,56,28,32,1,4,4,False,conv2d,,sigmoid,YES,YES,NO,configs/conv/conv_3646.json,reports/conv/conv_3646/csynth.xml,,,NO,
conv_3647,32,56,28,32,1,4,4,False,group_conv2d,2,sigmoid,YES,YES,NO,configs/conv/conv_3647.json,reports/conv/conv_3647/csynth.xml,,,NO,
conv_3648,32,56,28,32,1,4,4,False,group_conv2d,4,sigmoid,YES,YES,NO,configs/conv/conv_3648.json,reports/conv/conv_3648/csynth.xml,,,NO,
conv_3649,32,56,28,32,1,4,4,True,conv2d,,tanh,YES,YES,YES,configs/conv/conv_3649.json,reports/conv/conv_3649/csynth.xml,reports/conv/conv_3649/export_impl.xml,reports/conv/conv_3649/power_routed.rpt,NO,
conv_3650,32,56,28,32,1,4,4,True,group_conv2d,2,tanh,YES,YES,NO,configs/conv/conv_3650.json,reports/conv/conv_3650/csynth.xml,,,NO,
conv_3651,32,56,28,32,1,4,4,True,group_conv2d,4,tanh,YES,YES,NO,configs/conv/conv_3651.json,reports/conv/conv_3651/csynth.xml,,,NO,
conv_3652,32,56,28,32,1,4,4,False,conv2d,,tanh,YES,YES,YES,configs/conv/conv_3652.json,reports/conv/conv_3652/csynth.xml,reports/conv/conv_3652/export_impl.xml,reports/conv/conv_3652/power_routed.rpt,NO,
conv_3653,32,56,28,32,1,4,4,False,group_conv2d,2,tanh,YES,YES,NO,configs/conv/conv_3653.json,reports/conv/conv_3653/csynth.xml,,,NO,
conv_3654,32,56,28,32,1,4,4,False,group_conv2d,4,tanh,YES,YES,NO,configs/conv/conv_3654.json,reports/conv/conv_3654/csynth.xml,,,NO,
conv_3655,32,56,28,32,1,4,8,True,conv2d,,relu,YES,YES,NO,configs/conv/conv_3655.json,reports/conv/conv_3655/csynth.xml,,,NO,
conv_3656,32,56,28,32,1,4,8,True,group_conv2d,2,relu,YES,YES,NO,configs/conv/conv_3656.json,reports/conv/conv_3656/csynth.xml,,,NO,
conv_3657,32,56,28,32,1,4,8,True,group_conv2d,4,relu,YES,YES,NO,configs/conv/conv_3657.json,reports/conv/conv_3657/csynth.xml,,,NO,
conv_3658,32,56,28,32,1,4,8,False,conv2d,,relu,YES,YES,NO,configs/conv/conv_3658.json,reports/conv/conv_3658/csynth.xml,,,NO,
conv_3659,32,56,28,32,1,4,8,False,group_conv2d,2,relu,YES,YES,NO,configs/conv/conv_3659.json,reports/conv/conv_3659/csynth.xml,,,NO,
conv_3660,32,56,28,32,1,4,8,False,group_conv2d,4,relu,YES,YES,NO,configs/conv/conv_3660.json,reports/conv/conv_3660/csynth.xml,,,NO,
conv_3661,32,56,28,32,1,4,8,True,conv2d,,sigmoid,YES,YES,NO,configs/conv/conv_3661.json,reports/conv/conv_3661/csynth.xml,,,NO,
conv_3662,32,56,28,32,1,4,8,True,group_conv2d,2,sigmoid,YES,YES,NO,configs/conv/conv_3662.json,reports/conv/conv_3662/csynth.xml,,,NO,
conv_3663,32,56,28,32,1,4,8,True,group_conv2d,4,sigmoid,YES,YES,NO,configs/conv/conv_3663.json,reports/conv/conv_3663/csynth.xml,,,NO,
conv_3664,32,56,28,32,1,4,8,False,conv2d,,sigmoid,YES,YES,NO,configs/conv/conv_3664.json,reports/conv/conv_3664/csynth.xml,,,NO,
conv_3665,32,56,28,32,1,4,8,False,group_conv2d,2,sigmoid,YES,YES,NO,configs/conv/conv_3665.json,reports/conv/conv_3665/csynth.xml,,,NO,
conv_3666,32,56,28,32,1,4,8,False,group_conv2d,4,sigmoid,YES,YES,NO,configs/conv/conv_3666.json,reports/conv/conv_3666/csynth.xml,,,NO,
conv_3667,32,56,28,32,1,4,8,True,conv2d,,tanh,YES,YES,NO,configs/conv/conv_3667.json,reports/conv/conv_3667/csynth.xml,,,NO,
conv_3668,32,56,28,32,1,4,8,True,group_conv2d,2,tanh,YES,YES,NO,configs/conv/conv_3668.json,reports/conv/conv_3668/csynth.xml,,,NO,
conv_3669,32,56,28,32,1,4,8,True,group_conv2d,4,tanh,YES,YES,NO,configs/conv/conv_3669.json,reports/conv/conv_3669/csynth.xml,,,NO,
conv_3670,32,56,28,32,1,4,8,False,conv2d,,tanh,YES,YES,NO,configs/conv/conv_3670.json,reports/conv/conv_3670/csynth.xml,,,NO,
conv_3671,32,56,28,32,1,4,8,False,group_conv2d,2,tanh,YES,YES,NO,configs/conv/conv_3671.json,reports/conv/conv_3671/csynth.xml,,,NO,
conv_3672,32,56,28,32,1,4,8,False,group_conv2d,4,tanh,YES,YES,NO,configs/conv/conv_3672.json,reports/conv/conv_3672/csynth.xml,,,NO,
conv_3673,32,56,28,32,1,8,1,True,conv2d,,relu,YES,YES,NO,configs/conv/conv_3673.json,reports/conv/conv_3673/csynth.xml,,,NO,
conv_3674,32,56,28,32,1,8,1,True,group_conv2d,2,relu,YES,YES,NO,configs/conv/conv_3674.json,reports/conv/conv_3674/csynth.xml,,,NO,
conv_3675,32,56,28,32,1,8,1,True,group_conv2d,4,relu,YES,YES,NO,configs/conv/conv_3675.json,reports/conv/conv_3675/csynth.xml,,,NO,
conv_3676,32,56,28,32,1,8,1,False,conv2d,,relu,YES,YES,YES,configs/conv/conv_3676.json,reports/conv/conv_3676/csynth.xml,reports/conv/conv_3676/export_impl.xml,reports/conv/conv_3676/power_routed.rpt,NO,
conv_3677,32,56,28,32,1,8,1,False,group_conv2d,2,relu,YES,YES,NO,configs/conv/conv_3677.json,reports/conv/conv_3677/csynth.xml,,,NO,
conv_3678,32,56,28,32,1,8,1,False,group_conv2d,4,relu,YES,YES,NO,configs/conv/conv_3678.json,reports/conv/conv_3678/csynth.xml,,,NO,
conv_3679,32,56,28,32,1,8,1,True,conv2d,,sigmoid,YES,YES,NO,configs/conv/conv_3679.json,reports/conv/conv_3679/csynth.xml,,,NO,
conv_3680,32,56,28,32,1,8,1,True,group_conv2d,2,sigmoid,YES,YES,NO,configs/conv/conv_3680.json,reports/conv/conv_3680/csynth.xml,,,NO,
conv_3681,32,56,28,32,1,8,1,True,group_conv2d,4,sigmoid,YES,YES,NO,configs/conv/conv_3681.json,reports/conv/conv_3681/csynth.xml,,,NO,
conv_3682,32,56,28,32,1,8,1,False,conv2d,,sigmoid,YES,YES,NO,configs/conv/conv_3682.json,reports/conv/conv_3682/csynth.xml,,,NO,
conv_3683,32,56,28,32,1,8,1,False,group_conv2d,2,sigmoid,YES,YES,NO,configs/conv/conv_3683.json,reports/conv/conv_3683/csynth.xml,,,NO,
conv_3684,32,56,28,32,1,8,1,False,group_conv2d,4,sigmoid,YES,YES,NO,configs/conv/conv_3684.json,reports/conv/conv_3684/csynth.xml,,,NO,
conv_3685,32,56,28,32,1,8,1,True,conv2d,,tanh,YES,YES,NO,configs/conv/conv_3685.json,reports/conv/conv_3685/csynth.xml,,,NO,
conv_3686,32,56,28,32,1,8,1,True,group_conv2d,2,tanh,YES,YES,NO,configs/conv/conv_3686.json,reports/conv/conv_3686/csynth.xml,,,NO,
conv_3687,32,56,28,32,1,8,1,True,group_conv2d,4,tanh,YES,YES,NO,configs/conv/conv_3687.json,reports/conv/conv_3687/csynth.xml,,,NO,
conv_3688,32,56,28,32,1,8,1,False,conv2d,,tanh,YES,YES,NO,configs/conv/conv_3688.json,reports/conv/conv_3688/csynth.xml,,,NO,
conv_3689,32,56,28,32,1,8,1,False,group_conv2d,2,tanh,YES,YES,NO,configs/conv/conv_3689.json,reports/conv/conv_3689/csynth.xml,,,NO,
conv_3690,32,56,28,32,1,8,1,False,group_conv2d,4,tanh,YES,YES,NO,configs/conv/conv_3690.json,reports/conv/conv_3690/csynth.xml,,,NO,
conv_3691,32,56,28,32,1,8,4,True,conv2d,,relu,YES,YES,NO,configs/conv/conv_3691.json,reports/conv/conv_3691/csynth.xml,,,NO,
conv_3692,32,56,28,32,1,8,4,True,group_conv2d,2,relu,YES,YES,NO,configs/conv/conv_3692.json,reports/conv/conv_3692/csynth.xml,,,NO,
conv_3693,32,56,28,32,1,8,4,True,group_conv2d,4,relu,YES,YES,NO,configs/conv/conv_3693.json,reports/conv/conv_3693/csynth.xml,,,NO,
conv_3694,32,56,28,32,1,8,4,False,conv2d,,relu,YES,YES,NO,configs/conv/conv_3694.json,reports/conv/conv_3694/csynth.xml,,,NO,
conv_3695,32,56,28,32,1,8,4,False,group_conv2d,2,relu,YES,YES,NO,configs/conv/conv_3695.json,reports/conv/conv_3695/csynth.xml,,,NO,
conv_3696,32,56,28,32,1,8,4,False,group_conv2d,4,relu,YES,YES,YES,configs/conv/conv_3696.json,reports/conv/conv_3696/csynth.xml,reports/conv/conv_3696/export_impl.xml,reports/conv/conv_3696/power_routed.rpt,NO,
conv_3697,32,56,28,32,1,8,4,True,conv2d,,sigmoid,YES,YES,NO,configs/conv/conv_3697.json,reports/conv/conv_3697/csynth.xml,,,NO,
conv_3698,32,56,28,32,1,8,4,True,group_conv2d,2,sigmoid,YES,YES,NO,configs/conv/conv_3698.json,reports/conv/conv_3698/csynth.xml,,,NO,
conv_3699,32,56,28,32,1,8,4,True,group_conv2d,4,sigmoid,YES,YES,NO,configs/conv/conv_3699.json,reports/conv/conv_3699/csynth.xml,,,NO,
conv_3700,32,56,28,32,1,8,4,False,conv2d,,sigmoid,YES,YES,NO,configs/conv/conv_3700.json,reports/conv/conv_3700/csynth.xml,,,NO,
conv_3701,32,56,28,32,1,8,4,False,group_conv2d,2,sigmoid,YES,YES,NO,configs/conv/conv_3701.json,reports/conv/conv_3701/csynth.xml,,,NO,
conv_3702,32,56,28,32,1,8,4,False,group_conv2d,4,sigmoid,YES,YES,NO,configs/conv/conv_3702.json,reports/conv/conv_3702/csynth.xml,,,NO,
conv_3703,32,56,28,32,1,8,4,True,conv2d,,tanh,YES,YES,NO,configs/conv/conv_3703.json,reports/conv/conv_3703/csynth.xml,,,NO,
conv_3704,32,56,28,32,1,8,4,True,group_conv2d,2,tanh,YES,YES,NO,configs/conv/conv_3704.json,reports/conv/conv_3704/csynth.xml,,,NO,
conv_3705,32,56,28,32,1,8,4,True,group_conv2d,4,tanh,YES,YES,NO,configs/conv/conv_3705.json,reports/conv/conv_3705/csynth.xml,,,NO,
conv_3706,32,56,28,32,1,8,4,False,conv2d,,tanh,YES,YES,NO,configs/conv/conv_3706.json,reports/conv/conv_3706/csynth.xml,,,NO,
conv_3707,32,56,28,32,1,8,4,False,group_conv2d,2,tanh,YES,YES,NO,configs/conv/conv_3707.json,reports/conv/conv_3707/csynth.xml,,,NO,
conv_3708,32,56,28,32,1,8,4,False,group_conv2d,4,tanh,YES,YES,NO,configs/conv/conv_3708.json,reports/conv/conv_3708/csynth.xml,,,NO,
conv_3709,32,56,28,32,1,8,8,True,conv2d,,relu,YES,YES,NO,configs/conv/conv_3709.json,reports/conv/conv_3709/csynth.xml,,,NO,
conv_3710,32,56,28,32,1,8,8,True,group_conv2d,2,relu,YES,YES,YES,configs/conv/conv_3710.json,reports/conv/conv_3710/csynth.xml,reports/conv/conv_3710/export_impl.xml,reports/conv/conv_3710/power_routed.rpt,NO,
conv_3711,32,56,28,32,1,8,8,True,group_conv2d,4,relu,YES,YES,NO,configs/conv/conv_3711.json,reports/conv/conv_3711/csynth.xml,,,NO,
conv_3712,32,56,28,32,1,8,8,False,conv2d,,relu,YES,YES,NO,configs/conv/conv_3712.json,reports/conv/conv_3712/csynth.xml,,,NO,
conv_3713,32,56,28,32,1,8,8,False,group_conv2d,2,relu,YES,YES,NO,configs/conv/conv_3713.json,reports/conv/conv_3713/csynth.xml,,,NO,
conv_3714,32,56,28,32,1,8,8,False,group_conv2d,4,relu,YES,YES,NO,configs/conv/conv_3714.json,reports/conv/conv_3714/csynth.xml,,,NO,
conv_3715,32,56,28,32,1,8,8,True,conv2d,,sigmoid,YES,YES,NO,configs/conv/conv_3715.json,reports/conv/conv_3715/csynth.xml,,,NO,
conv_3716,32,56,28,32,1,8,8,True,group_conv2d,2,sigmoid,YES,YES,NO,configs/conv/conv_3716.json,reports/conv/conv_3716/csynth.xml,,,NO,
conv_3717,32,56,28,32,1,8,8,True,group_conv2d,4,sigmoid,YES,YES,NO,configs/conv/conv_3717.json,reports/conv/conv_3717/csynth.xml,,,NO,
conv_3718,32,56,28,32,1,8,8,False,conv2d,,sigmoid,YES,YES,NO,configs/conv/conv_3718.json,reports/conv/conv_3718/csynth.xml,,,NO,
conv_3719,32,56,28,32,1,8,8,False,group_conv2d,2,sigmoid,YES,YES,NO,configs/conv/conv_3719.json,reports/conv/conv_3719/csynth.xml,,,NO,
conv_3720,32,56,28,32,1,8,8,False,group_conv2d,4,sigmoid,YES,YES,NO,configs/conv/conv_3720.json,reports/conv/conv_3720/csynth.xml,,,NO,
conv_3721,32,56,28,32,1,8,8,True,conv2d,,tanh,YES,YES,NO,configs/conv/conv_3721.json,reports/conv/conv_3721/csynth.xml,,,NO,
conv_3722,32,56,28,32,1,8,8,True,group_conv2d,2,tanh,YES,YES,NO,configs/conv/conv_3722.json,reports/conv/conv_3722/csynth.xml,,,NO,
conv_3723,32,56,28,32,1,8,8,True,group_conv2d,4,tanh,YES,YES,NO,configs/conv/conv_3723.json,reports/conv/conv_3723/csynth.xml,,,NO,
conv_3724,32,56,28,32,1,8,8,False,conv2d,,tanh,YES,YES,NO,configs/conv/conv_3724.json,reports/conv/conv_3724/csynth.xml,,,NO,
conv_3725,32,56,28,32,1,8,8,False,group_conv2d,2,tanh,YES,YES,NO,configs/conv/conv_3725.json,reports/conv/conv_3725/csynth.xml,,,NO,
conv_3726,32,56,28,32,1,8,8,False,group_conv2d,4,tanh,YES,YES,NO,configs/conv/conv_3726.json,reports/conv/conv_3726/csynth.xml,,,NO,
conv_3727,32,56,28,32,3,1,1,True,conv2d,,relu,YES,YES,YES,configs/conv/conv_3727.json,reports/conv/conv_3727/csynth.xml,reports/conv/conv_3727/export_impl.xml,reports/conv/conv_3727/power_routed.rpt,NO,
conv_3728,32,56,28,32,3,1,1,True,group_conv2d,2,relu,YES,YES,YES,configs/conv/conv_3728.json,reports/conv/conv_3728/csynth.xml,reports/conv/conv_3728/export_impl.xml,reports/conv/conv_3728/power_routed.rpt,NO,
conv_3729,32,56,28,32,3,1,1,True,group_conv2d,4,relu,YES,YES,YES,configs/conv/conv_3729.json,reports/conv/conv_3729/csynth.xml,reports/conv/conv_3729/export_impl.xml,reports/conv/conv_3729/power_routed.rpt,NO,
conv_3730,32,56,28,32,3,1,1,False,conv2d,,relu,YES,YES,YES,configs/conv/conv_3730.json,reports/conv/conv_3730/csynth.xml,reports/conv/conv_3730/export_impl.xml,reports/conv/conv_3730/power_routed.rpt,NO,
conv_3731,32,56,28,32,3,1,1,False,group_conv2d,2,relu,YES,YES,YES,configs/conv/conv_3731.json,reports/conv/conv_3731/csynth.xml,reports/conv/conv_3731/export_impl.xml,reports/conv/conv_3731/power_routed.rpt,NO,
conv_3732,32,56,28,32,3,1,1,False,group_conv2d,4,relu,YES,YES,YES,configs/conv/conv_3732.json,reports/conv/conv_3732/csynth.xml,reports/conv/conv_3732/export_impl.xml,reports/conv/conv_3732/power_routed.rpt,NO,
conv_3733,32,56,28,32,3,1,1,True,conv2d,,sigmoid,YES,YES,YES,configs/conv/conv_3733.json,reports/conv/conv_3733/csynth.xml,reports/conv/conv_3733/export_impl.xml,reports/conv/conv_3733/power_routed.rpt,NO,
conv_3734,32,56,28,32,3,1,1,True,group_conv2d,2,sigmoid,YES,YES,YES,configs/conv/conv_3734.json,reports/conv/conv_3734/csynth.xml,reports/conv/conv_3734/export_impl.xml,reports/conv/conv_3734/power_routed.rpt,NO,
conv_3735,32,56,28,32,3,1,1,True,group_conv2d,4,sigmoid,YES,YES,YES,configs/conv/conv_3735.json,reports/conv/conv_3735/csynth.xml,reports/conv/conv_3735/export_impl.xml,reports/conv/conv_3735/power_routed.rpt,NO,
conv_3736,32,56,28,32,3,1,1,False,conv2d,,sigmoid,YES,YES,YES,configs/conv/conv_3736.json,reports/conv/conv_3736/csynth.xml,reports/conv/conv_3736/export_impl.xml,reports/conv/conv_3736/power_routed.rpt,NO,
conv_3737,32,56,28,32,3,1,1,False,group_conv2d,2,sigmoid,YES,YES,YES,configs/conv/conv_3737.json,reports/conv/conv_3737/csynth.xml,reports/conv/conv_3737/export_impl.xml,reports/conv/conv_3737/power_routed.rpt,NO,
conv_3738,32,56,28,32,3,1,1,False,group_conv2d,4,sigmoid,YES,YES,YES,configs/conv/conv_3738.json,reports/conv/conv_3738/csynth.xml,reports/conv/conv_3738/export_impl.xml,reports/conv/conv_3738/power_routed.rpt,NO,
conv_3739,32,56,28,32,3,1,1,True,conv2d,,tanh,YES,YES,YES,configs/conv/conv_3739.json,reports/conv/conv_3739/csynth.xml,reports/conv/conv_3739/export_impl.xml,reports/conv/conv_3739/power_routed.rpt,NO,
conv_3740,32,56,28,32,3,1,1,True,group_conv2d,2,tanh,YES,YES,YES,configs/conv/conv_3740.json,reports/conv/conv_3740/csynth.xml,reports/conv/conv_3740/export_impl.xml,reports/conv/conv_3740/power_routed.rpt,NO,
conv_3741,32,56,28,32,3,1,1,True,group_conv2d,4,tanh,YES,YES,YES,configs/conv/conv_3741.json,reports/conv/conv_3741/csynth.xml,reports/conv/conv_3741/export_impl.xml,reports/conv/conv_3741/power_routed.rpt,NO,
conv_3742,32,56,28,32,3,1,1,False,conv2d,,tanh,YES,YES,YES,configs/conv/conv_3742.json,reports/conv/conv_3742/csynth.xml,reports/conv/conv_3742/export_impl.xml,reports/conv/conv_3742/power_routed.rpt,NO,
conv_3743,32,56,28,32,3,1,1,False,group_conv2d,2,tanh,YES,YES,YES,configs/conv/conv_3743.json,reports/conv/conv_3743/csynth.xml,reports/conv/conv_3743/export_impl.xml,reports/conv/conv_3743/power_routed.rpt,NO,
conv_3744,32,56,28,32,3,1,1,False,group_conv2d,4,tanh,YES,YES,YES,configs/conv/conv_3744.json,reports/conv/conv_3744/csynth.xml,reports/conv/conv_3744/export_impl.xml,reports/conv/conv_3744/power_routed.rpt,NO,
conv_3745,32,56,28,32,3,1,4,True,conv2d,,relu,YES,YES,NO,configs/conv/conv_3745.json,reports/conv/conv_3745/csynth.xml,,,NO,
conv_3746,32,56,28,32,3,1,4,True,group_conv2d,2,relu,YES,YES,NO,configs/conv/conv_3746.json,reports/conv/conv_3746/csynth.xml,,,NO,
conv_3747,32,56,28,32,3,1,4,True,group_conv2d,4,relu,YES,YES,NO,configs/conv/conv_3747.json,reports/conv/conv_3747/csynth.xml,,,NO,
conv_3748,32,56,28,32,3,1,4,False,conv2d,,relu,YES,YES,NO,configs/conv/conv_3748.json,reports/conv/conv_3748/csynth.xml,,,NO,
conv_3749,32,56,28,32,3,1,4,False,group_conv2d,2,relu,YES,YES,NO,configs/conv/conv_3749.json,reports/conv/conv_3749/csynth.xml,,,NO,
conv_3750,32,56,28,32,3,1,4,False,group_conv2d,4,relu,YES,YES,NO,configs/conv/conv_3750.json,reports/conv/conv_3750/csynth.xml,,,NO,
conv_3751,32,56,28,32,3,1,4,True,conv2d,,sigmoid,YES,YES,YES,configs/conv/conv_3751.json,reports/conv/conv_3751/csynth.xml,reports/conv/conv_3751/export_impl.xml,reports/conv/conv_3751/power_routed.rpt,NO,
conv_3752,32,56,28,32,3,1,4,True,group_conv2d,2,sigmoid,YES,YES,NO,configs/conv/conv_3752.json,reports/conv/conv_3752/csynth.xml,,,NO,
conv_3753,32,56,28,32,3,1,4,True,group_conv2d,4,sigmoid,YES,YES,NO,configs/conv/conv_3753.json,reports/conv/conv_3753/csynth.xml,,,NO,
conv_3754,32,56,28,32,3,1,4,False,conv2d,,sigmoid,YES,YES,NO,configs/conv/conv_3754.json,reports/conv/conv_3754/csynth.xml,,,NO,
conv_3755,32,56,28,32,3,1,4,False,group_conv2d,2,sigmoid,YES,YES,NO,configs/conv/conv_3755.json,reports/conv/conv_3755/csynth.xml,,,NO,
conv_3756,32,56,28,32,3,1,4,False,group_conv2d,4,sigmoid,YES,YES,NO,configs/conv/conv_3756.json,reports/conv/conv_3756/csynth.xml,,,NO,
conv_3757,32,56,28,32,3,1,4,True,conv2d,,tanh,YES,YES,NO,configs/conv/conv_3757.json,reports/conv/conv_3757/csynth.xml,,,NO,
conv_3758,32,56,28,32,3,1,4,True,group_conv2d,2,tanh,YES,YES,NO,configs/conv/conv_3758.json,reports/conv/conv_3758/csynth.xml,,,NO,
conv_3759,32,56,28,32,3,1,4,True,group_conv2d,4,tanh,YES,YES,NO,configs/conv/conv_3759.json,reports/conv/conv_3759/csynth.xml,,,NO,
conv_3760,32,56,28,32,3,1,4,False,conv2d,,tanh,YES,YES,YES,configs/conv/conv_3760.json,reports/conv/conv_3760/csynth.xml,reports/conv/conv_3760/export_impl.xml,reports/conv/conv_3760/power_routed.rpt,NO,
conv_3761,32,56,28,32,3,1,4,False,group_conv2d,2,tanh,YES,YES,NO,configs/conv/conv_3761.json,reports/conv/conv_3761/csynth.xml,,,NO,
conv_3762,32,56,28,32,3,1,4,False,group_conv2d,4,tanh,YES,YES,NO,configs/conv/conv_3762.json,reports/conv/conv_3762/csynth.xml,,,NO,
conv_3763,32,56,28,32,3,1,8,True,conv2d,,relu,YES,YES,NO,configs/conv/conv_3763.json,reports/conv/conv_3763/csynth.xml,,,NO,
conv_3764,32,56,28,32,3,1,8,True,group_conv2d,2,relu,YES,YES,NO,configs/conv/conv_3764.json,reports/conv/conv_3764/csynth.xml,,,NO,
conv_3765,32,56,28,32,3,1,8,True,group_conv2d,4,relu,YES,YES,NO,configs/conv/conv_3765.json,reports/conv/conv_3765/csynth.xml,,,NO,
conv_3766,32,56,28,32,3,1,8,False,conv2d,,relu,YES,YES,NO,configs/conv/conv_3766.json,reports/conv/conv_3766/csynth.xml,,,NO,
conv_3767,32,56,28,32,3,1,8,False,group_conv2d,2,relu,YES,YES,NO,configs/conv/conv_3767.json,reports/conv/conv_3767/csynth.xml,,,NO,
conv_3768,32,56,28,32,3,1,8,False,group_conv2d,4,relu,YES,YES,NO,configs/conv/conv_3768.json,reports/conv/conv_3768/csynth.xml,,,NO,
conv_3769,32,56,28,32,3,1,8,True,conv2d,,sigmoid,YES,YES,NO,configs/conv/conv_3769.json,reports/conv/conv_3769/csynth.xml,,,NO,
conv_3770,32,56,28,32,3,1,8,True,group_conv2d,2,sigmoid,YES,YES,NO,configs/conv/conv_3770.json,reports/conv/conv_3770/csynth.xml,,,NO,
conv_3771,32,56,28,32,3,1,8,True,group_conv2d,4,sigmoid,YES,YES,NO,configs/conv/conv_3771.json,reports/conv/conv_3771/csynth.xml,,,NO,
conv_3772,32,56,28,32,3,1,8,False,conv2d,,sigmoid,YES,YES,NO,configs/conv/conv_3772.json,reports/conv/conv_3772/csynth.xml,,,NO,
conv_3773,32,56,28,32,3,1,8,False,group_conv2d,2,sigmoid,YES,YES,NO,configs/conv/conv_3773.json,reports/conv/conv_3773/csynth.xml,,,NO,
conv_3774,32,56,28,32,3,1,8,False,group_conv2d,4,sigmoid,YES,YES,NO,configs/conv/conv_3774.json,reports/conv/conv_3774/csynth.xml,,,NO,
conv_3775,32,56,28,32,3,1,8,True,conv2d,,tanh,YES,YES,NO,configs/conv/conv_3775.json,reports/conv/conv_3775/csynth.xml,,,NO,
conv_3776,32,56,28,32,3,1,8,True,group_conv2d,2,tanh,YES,YES,NO,configs/conv/conv_3776.json,reports/conv/conv_3776/csynth.xml,,,NO,
conv_3777,32,56,28,32,3,1,8,True,group_conv2d,4,tanh,YES,YES,NO,configs/conv/conv_3777.json,reports/conv/conv_3777/csynth.xml,,,NO,
conv_3778,32,56,28,32,3,1,8,False,conv2d,,tanh,YES,YES,NO,configs/conv/conv_3778.json,reports/conv/conv_3778/csynth.xml,,,NO,
conv_3779,32,56,28,32,3,1,8,False,group_conv2d,2,tanh,YES,YES,NO,configs/conv/conv_3779.json,reports/conv/conv_3779/csynth.xml,,,NO,
conv_3780,32,56,28,32,3,1,8,False,group_conv2d,4,tanh,YES,YES,NO,configs/conv/conv_3780.json,reports/conv/conv_3780/csynth.xml,,,NO,
conv_3781,32,56,28,32,3,4,1,True,conv2d,,relu,YES,YES,NO,configs/conv/conv_3781.json,reports/conv/conv_3781/csynth.xml,,,NO,
conv_3782,32,56,28,32,3,4,1,True,group_conv2d,2,relu,YES,YES,NO,configs/conv/conv_3782.json,reports/conv/conv_3782/csynth.xml,,,NO,
conv_3783,32,56,28,32,3,4,1,True,group_conv2d,4,relu,YES,YES,NO,configs/conv/conv_3783.json,reports/conv/conv_3783/csynth.xml,,,NO,
conv_3784,32,56,28,32,3,4,1,False,conv2d,,relu,YES,YES,NO,configs/conv/conv_3784.json,reports/conv/conv_3784/csynth.xml,,,NO,
conv_3785,32,56,28,32,3,4,1,False,group_conv2d,2,relu,YES,YES,NO,configs/conv/conv_3785.json,reports/conv/conv_3785/csynth.xml,,,NO,
conv_3786,32,56,28,32,3,4,1,False,group_conv2d,4,relu,YES,YES,NO,configs/conv/conv_3786.json,reports/conv/conv_3786/csynth.xml,,,NO,
conv_3787,32,56,28,32,3,4,1,True,conv2d,,sigmoid,YES,YES,YES,configs/conv/conv_3787.json,reports/conv/conv_3787/csynth.xml,reports/conv/conv_3787/export_impl.xml,reports/conv/conv_3787/power_routed.rpt,NO,
conv_3788,32,56,28,32,3,4,1,True,group_conv2d,2,sigmoid,YES,YES,NO,configs/conv/conv_3788.json,reports/conv/conv_3788/csynth.xml,,,NO,
conv_3789,32,56,28,32,3,4,1,True,group_conv2d,4,sigmoid,YES,YES,NO,configs/conv/conv_3789.json,reports/conv/conv_3789/csynth.xml,,,NO,
conv_3790,32,56,28,32,3,4,1,False,conv2d,,sigmoid,YES,YES,YES,configs/conv/conv_3790.json,reports/conv/conv_3790/csynth.xml,reports/conv/conv_3790/export_impl.xml,reports/conv/conv_3790/power_routed.rpt,NO,
conv_3791,32,56,28,32,3,4,1,False,group_conv2d,2,sigmoid,YES,YES,NO,configs/conv/conv_3791.json,reports/conv/conv_3791/csynth.xml,,,NO,
conv_3792,32,56,28,32,3,4,1,False,group_conv2d,4,sigmoid,YES,YES,NO,configs/conv/conv_3792.json,reports/conv/conv_3792/csynth.xml,,,NO,
conv_3793,32,56,28,32,3,4,1,True,conv2d,,tanh,YES,YES,NO,configs/conv/conv_3793.json,reports/conv/conv_3793/csynth.xml,,,NO,
conv_3794,32,56,28,32,3,4,1,True,group_conv2d,2,tanh,YES,YES,NO,configs/conv/conv_3794.json,reports/conv/conv_3794/csynth.xml,,,NO,
conv_3795,32,56,28,32,3,4,1,True,group_conv2d,4,tanh,YES,YES,NO,configs/conv/conv_3795.json,reports/conv/conv_3795/csynth.xml,,,NO,
conv_3796,32,56,28,32,3,4,1,False,conv2d,,tanh,YES,YES,NO,configs/conv/conv_3796.json,reports/conv/conv_3796/csynth.xml,,,NO,
conv_3797,32,56,28,32,3,4,1,False,group_conv2d,2,tanh,YES,YES,NO,configs/conv/conv_3797.json,reports/conv/conv_3797/csynth.xml,,,NO,
conv_3798,32,56,28,32,3,4,1,False,group_conv2d,4,tanh,YES,YES,NO,configs/conv/conv_3798.json,reports/conv/conv_3798/csynth.xml,,,NO,
conv_3799,32,56,28,32,3,4,4,True,conv2d,,relu,YES,YES,YES,configs/conv/conv_3799.json,reports/conv/conv_3799/csynth.xml,reports/conv/conv_3799/export_impl.xml,reports/conv/conv_3799/power_routed.rpt,NO,
conv_3800,32,56,28,32,3,4,4,True,group_conv2d,2,relu,YES,YES,NO,configs/conv/conv_3800.json,reports/conv/conv_3800/csynth.xml,,,NO,
conv_3801,32,56,28,32,3,4,4,True,group_conv2d,4,relu,YES,YES,NO,configs/conv/conv_3801.json,reports/conv/conv_3801/csynth.xml,,,NO,
conv_3802,32,56,28,32,3,4,4,False,conv2d,,relu,YES,YES,YES,configs/conv/conv_3802.json,reports/conv/conv_3802/csynth.xml,reports/conv/conv_3802/export_impl.xml,reports/conv/conv_3802/power_routed.rpt,NO,
conv_3803,32,56,28,32,3,4,4,False,group_conv2d,2,relu,YES,YES,NO,configs/conv/conv_3803.json,reports/conv/conv_3803/csynth.xml,,,NO,
conv_3804,32,56,28,32,3,4,4,False,group_conv2d,4,relu,YES,YES,NO,configs/conv/conv_3804.json,reports/conv/conv_3804/csynth.xml,,,NO,
conv_3805,32,56,28,32,3,4,4,True,conv2d,,sigmoid,YES,YES,NO,configs/conv/conv_3805.json,reports/conv/conv_3805/csynth.xml,,,NO,
conv_3806,32,56,28,32,3,4,4,True,group_conv2d,2,sigmoid,YES,YES,NO,configs/conv/conv_3806.json,reports/conv/conv_3806/csynth.xml,,,NO,
conv_3807,32,56,28,32,3,4,4,True,group_conv2d,4,sigmoid,YES,YES,NO,configs/conv/conv_3807.json,reports/conv/conv_3807/csynth.xml,,,NO,
conv_3808,32,56,28,32,3,4,4,False,conv2d,,sigmoid,YES,YES,NO,configs/conv/conv_3808.json,reports/conv/conv_3808/csynth.xml,,,NO,
conv_3809,32,56,28,32,3,4,4,False,group_conv2d,2,sigmoid,YES,YES,NO,configs/conv/conv_3809.json,reports/conv/conv_3809/csynth.xml,,,NO,
conv_3810,32,56,28,32,3,4,4,False,group_conv2d,4,sigmoid,YES,YES,NO,configs/conv/conv_3810.json,reports/conv/conv_3810/csynth.xml,,,NO,
conv_3811,32,56,28,32,3,4,4,True,conv2d,,tanh,YES,YES,NO,configs/conv/conv_3811.json,reports/conv/conv_3811/csynth.xml,,,NO,
conv_3812,32,56,28,32,3,4,4,True,group_conv2d,2,tanh,YES,YES,NO,configs/conv/conv_3812.json,reports/conv/conv_3812/csynth.xml,,,NO,
conv_3813,32,56,28,32,3,4,4,True,group_conv2d,4,tanh,YES,YES,NO,configs/conv/conv_3813.json,reports/conv/conv_3813/csynth.xml,,,NO,
conv_3814,32,56,28,32,3,4,4,False,conv2d,,tanh,YES,YES,NO,configs/conv/conv_3814.json,reports/conv/conv_3814/csynth.xml,,,NO,
conv_3815,32,56,28,32,3,4,4,False,group_conv2d,2,tanh,YES,YES,NO,configs/conv/conv_3815.json,reports/conv/conv_3815/csynth.xml,,,NO,
conv_3816,32,56,28,32,3,4,4,False,group_conv2d,4,tanh,YES,YES,NO,configs/conv/conv_3816.json,reports/conv/conv_3816/csynth.xml,,,NO,
conv_3817,32,56,28,32,3,4,8,True,conv2d,,relu,YES,YES,NO,configs/conv/conv_3817.json,reports/conv/conv_3817/csynth.xml,,,NO,
conv_3818,32,56,28,32,3,4,8,True,group_conv2d,2,relu,YES,YES,NO,configs/conv/conv_3818.json,reports/conv/conv_3818/csynth.xml,,,NO,
conv_3819,32,56,28,32,3,4,8,True,group_conv2d,4,relu,YES,YES,NO,configs/conv/conv_3819.json,reports/conv/conv_3819/csynth.xml,,,NO,
conv_3820,32,56,28,32,3,4,8,False,conv2d,,relu,YES,YES,YES,configs/conv/conv_3820.json,reports/conv/conv_3820/csynth.xml,reports/conv/conv_3820/export_impl.xml,reports/conv/conv_3820/power_routed.rpt,NO,
conv_3821,32,56,28,32,3,4,8,False,group_conv2d,2,relu,YES,YES,NO,configs/conv/conv_3821.json,reports/conv/conv_3821/csynth.xml,,,NO,
conv_3822,32,56,28,32,3,4,8,False,group_conv2d,4,relu,YES,YES,NO,configs/conv/conv_3822.json,reports/conv/conv_3822/csynth.xml,,,NO,
conv_3823,32,56,28,32,3,4,8,True,conv2d,,sigmoid,YES,YES,NO,configs/conv/conv_3823.json,reports/conv/conv_3823/csynth.xml,,,NO,
conv_3824,32,56,28,32,3,4,8,True,group_conv2d,2,sigmoid,YES,YES,NO,configs/conv/conv_3824.json,reports/conv/conv_3824/csynth.xml,,,NO,
conv_3825,32,56,28,32,3,4,8,True,group_conv2d,4,sigmoid,YES,YES,NO,configs/conv/conv_3825.json,reports/conv/conv_3825/csynth.xml,,,NO,
conv_3826,32,56,28,32,3,4,8,False,conv2d,,sigmoid,YES,YES,NO,configs/conv/conv_3826.json,reports/conv/conv_3826/csynth.xml,,,NO,
conv_3827,32,56,28,32,3,4,8,False,group_conv2d,2,sigmoid,YES,YES,NO,configs/conv/conv_3827.json,reports/conv/conv_3827/csynth.xml,,,NO,
conv_3828,32,56,28,32,3,4,8,False,group_conv2d,4,sigmoid,YES,YES,NO,configs/conv/conv_3828.json,reports/conv/conv_3828/csynth.xml,,,NO,
conv_3829,32,56,28,32,3,4,8,True,conv2d,,tanh,YES,YES,NO,configs/conv/conv_3829.json,reports/conv/conv_3829/csynth.xml,,,NO,
conv_3830,32,56,28,32,3,4,8,True,group_conv2d,2,tanh,YES,YES,NO,configs/conv/conv_3830.json,reports/conv/conv_3830/csynth.xml,,,NO,
conv_3831,32,56,28,32,3,4,8,True,group_conv2d,4,tanh,YES,YES,NO,configs/conv/conv_3831.json,reports/conv/conv_3831/csynth.xml,,,NO,
conv_3832,32,56,28,32,3,4,8,False,conv2d,,tanh,YES,YES,NO,configs/conv/conv_3832.json,reports/conv/conv_3832/csynth.xml,,,NO,
conv_3833,32,56,28,32,3,4,8,False,group_conv2d,2,tanh,YES,YES,NO,configs/conv/conv_3833.json,reports/conv/conv_3833/csynth.xml,,,NO,
conv_3834,32,56,28,32,3,4,8,False,group_conv2d,4,tanh,YES,YES,NO,configs/conv/conv_3834.json,reports/conv/conv_3834/csynth.xml,,,NO,
conv_3835,32,56,28,32,3,8,1,True,conv2d,,relu,YES,YES,NO,configs/conv/conv_3835.json,reports/conv/conv_3835/csynth.xml,,,NO,
conv_3836,32,56,28,32,3,8,1,True,group_conv2d,2,relu,YES,YES,NO,configs/conv/conv_3836.json,reports/conv/conv_3836/csynth.xml,,,NO,
conv_3837,32,56,28,32,3,8,1,True,group_conv2d,4,relu,YES,YES,NO,configs/conv/conv_3837.json,reports/conv/conv_3837/csynth.xml,,,NO,
conv_3838,32,56,28,32,3,8,1,False,conv2d,,relu,YES,YES,NO,configs/conv/conv_3838.json,reports/conv/conv_3838/csynth.xml,,,NO,
conv_3839,32,56,28,32,3,8,1,False,group_conv2d,2,relu,YES,YES,NO,configs/conv/conv_3839.json,reports/conv/conv_3839/csynth.xml,,,NO,
conv_3840,32,56,28,32,3,8,1,False,group_conv2d,4,relu,YES,YES,YES,configs/conv/conv_3840.json,reports/conv/conv_3840/csynth.xml,reports/conv/conv_3840/export_impl.xml,reports/conv/conv_3840/power_routed.rpt,NO,
conv_3841,32,56,28,32,3,8,1,True,conv2d,,sigmoid,YES,YES,NO,configs/conv/conv_3841.json,reports/conv/conv_3841/csynth.xml,,,NO,
conv_3842,32,56,28,32,3,8,1,True,group_conv2d,2,sigmoid,YES,YES,NO,configs/conv/conv_3842.json,reports/conv/conv_3842/csynth.xml,,,NO,
conv_3843,32,56,28,32,3,8,1,True,group_conv2d,4,sigmoid,YES,YES,NO,configs/conv/conv_3843.json,reports/conv/conv_3843/csynth.xml,,,NO,
conv_3844,32,56,28,32,3,8,1,False,conv2d,,sigmoid,YES,YES,NO,configs/conv/conv_3844.json,reports/conv/conv_3844/csynth.xml,,,NO,
conv_3845,32,56,28,32,3,8,1,False,group_conv2d,2,sigmoid,YES,YES,NO,configs/conv/conv_3845.json,reports/conv/conv_3845/csynth.xml,,,NO,
conv_3846,32,56,28,32,3,8,1,False,group_conv2d,4,sigmoid,YES,YES,NO,configs/conv/conv_3846.json,reports/conv/conv_3846/csynth.xml,,,NO,
conv_3847,32,56,28,32,3,8,1,True,conv2d,,tanh,YES,YES,NO,configs/conv/conv_3847.json,reports/conv/conv_3847/csynth.xml,,,NO,
conv_3848,32,56,28,32,3,8,1,True,group_conv2d,2,tanh,YES,YES,NO,configs/conv/conv_3848.json,reports/conv/conv_3848/csynth.xml,,,NO,
conv_3849,32,56,28,32,3,8,1,True,group_conv2d,4,tanh,YES,YES,NO,configs/conv/conv_3849.json,reports/conv/conv_3849/csynth.xml,,,NO,
conv_3850,32,56,28,32,3,8,1,False,conv2d,,tanh,YES,YES,NO,configs/conv/conv_3850.json,reports/conv/conv_3850/csynth.xml,,,NO,
conv_3851,32,56,28,32,3,8,1,False,group_conv2d,2,tanh,YES,YES,NO,configs/conv/conv_3851.json,reports/conv/conv_3851/csynth.xml,,,NO,
conv_3852,32,56,28,32,3,8,1,False,group_conv2d,4,tanh,YES,YES,NO,configs/conv/conv_3852.json,reports/conv/conv_3852/csynth.xml,,,NO,
conv_3853,32,56,28,32,3,8,4,True,conv2d,,relu,YES,YES,NO,configs/conv/conv_3853.json,reports/conv/conv_3853/csynth.xml,,,NO,
conv_3854,32,56,28,32,3,8,4,True,group_conv2d,2,relu,YES,YES,YES,configs/conv/conv_3854.json,reports/conv/conv_3854/csynth.xml,reports/conv/conv_3854/export_impl.xml,reports/conv/conv_3854/power_routed.rpt,NO,
conv_3855,32,56,28,32,3,8,4,True,group_conv2d,4,relu,YES,YES,NO,configs/conv/conv_3855.json,reports/conv/conv_3855/csynth.xml,,,NO,
conv_3856,32,56,28,32,3,8,4,False,conv2d,,relu,YES,YES,NO,configs/conv/conv_3856.json,reports/conv/conv_3856/csynth.xml,,,NO,
conv_3857,32,56,28,32,3,8,4,False,group_conv2d,2,relu,YES,YES,NO,configs/conv/conv_3857.json,reports/conv/conv_3857/csynth.xml,,,NO,
conv_3858,32,56,28,32,3,8,4,False,group_conv2d,4,relu,YES,YES,NO,configs/conv/conv_3858.json,reports/conv/conv_3858/csynth.xml,,,NO,
conv_3859,32,56,28,32,3,8,4,True,conv2d,,sigmoid,YES,YES,NO,configs/conv/conv_3859.json,reports/conv/conv_3859/csynth.xml,,,NO,
conv_3860,32,56,28,32,3,8,4,True,group_conv2d,2,sigmoid,YES,YES,NO,configs/conv/conv_3860.json,reports/conv/conv_3860/csynth.xml,,,NO,
conv_3861,32,56,28,32,3,8,4,True,group_conv2d,4,sigmoid,YES,YES,NO,configs/conv/conv_3861.json,reports/conv/conv_3861/csynth.xml,,,NO,
conv_3862,32,56,28,32,3,8,4,False,conv2d,,sigmoid,YES,YES,NO,configs/conv/conv_3862.json,reports/conv/conv_3862/csynth.xml,,,NO,
conv_3863,32,56,28,32,3,8,4,False,group_conv2d,2,sigmoid,YES,YES,NO,configs/conv/conv_3863.json,reports/conv/conv_3863/csynth.xml,,,NO,
conv_3864,32,56,28,32,3,8,4,False,group_conv2d,4,sigmoid,YES,YES,NO,configs/conv/conv_3864.json,reports/conv/conv_3864/csynth.xml,,,NO,
conv_3865,32,56,28,32,3,8,4,True,conv2d,,tanh,YES,YES,NO,configs/conv/conv_3865.json,reports/conv/conv_3865/csynth.xml,,,NO,
conv_3866,32,56,28,32,3,8,4,True,group_conv2d,2,tanh,YES,YES,NO,configs/conv/conv_3866.json,reports/conv/conv_3866/csynth.xml,,,NO,
conv_3867,32,56,28,32,3,8,4,True,group_conv2d,4,tanh,YES,YES,NO,configs/conv/conv_3867.json,reports/conv/conv_3867/csynth.xml,,,NO,
conv_3868,32,56,28,32,3,8,4,False,conv2d,,tanh,YES,YES,NO,configs/conv/conv_3868.json,reports/conv/conv_3868/csynth.xml,,,NO,
conv_3869,32,56,28,32,3,8,4,False,group_conv2d,2,tanh,YES,YES,NO,configs/conv/conv_3869.json,reports/conv/conv_3869/csynth.xml,,,NO,
conv_3870,32,56,28,32,3,8,4,False,group_conv2d,4,tanh,YES,YES,NO,configs/conv/conv_3870.json,reports/conv/conv_3870/csynth.xml,,,NO,
conv_3871,32,56,28,32,3,8,8,True,conv2d,,relu,YES,YES,NO,configs/conv/conv_3871.json,reports/conv/conv_3871/csynth.xml,,,NO,
conv_3872,32,56,28,32,3,8,8,True,group_conv2d,2,relu,YES,YES,NO,configs/conv/conv_3872.json,reports/conv/conv_3872/csynth.xml,,,NO,
conv_3873,32,56,28,32,3,8,8,True,group_conv2d,4,relu,YES,YES,NO,configs/conv/conv_3873.json,reports/conv/conv_3873/csynth.xml,,,NO,
conv_3874,32,56,28,32,3,8,8,False,conv2d,,relu,YES,YES,NO,configs/conv/conv_3874.json,reports/conv/conv_3874/csynth.xml,,,NO,
conv_3875,32,56,28,32,3,8,8,False,group_conv2d,2,relu,YES,YES,NO,configs/conv/conv_3875.json,reports/conv/conv_3875/csynth.xml,,,NO,
conv_3876,32,56,28,32,3,8,8,False,group_conv2d,4,relu,YES,YES,NO,configs/conv/conv_3876.json,reports/conv/conv_3876/csynth.xml,,,NO,
conv_3877,32,56,28,32,3,8,8,True,conv2d,,sigmoid,YES,YES,NO,configs/conv/conv_3877.json,reports/conv/conv_3877/csynth.xml,,,NO,
conv_3878,32,56,28,32,3,8,8,True,group_conv2d,2,sigmoid,YES,YES,NO,configs/conv/conv_3878.json,reports/conv/conv_3878/csynth.xml,,,NO,
conv_3879,32,56,28,32,3,8,8,True,group_conv2d,4,sigmoid,YES,YES,NO,configs/conv/conv_3879.json,reports/conv/conv_3879/csynth.xml,,,NO,
conv_3880,32,56,28,32,3,8,8,False,conv2d,,sigmoid,YES,YES,NO,configs/conv/conv_3880.json,reports/conv/conv_3880/csynth.xml,,,NO,
conv_3881,32,56,28,32,3,8,8,False,group_conv2d,2,sigmoid,YES,YES,NO,configs/conv/conv_3881.json,reports/conv/conv_3881/csynth.xml,,,NO,
conv_3882,32,56,28,32,3,8,8,False,group_conv2d,4,sigmoid,YES,YES,NO,configs/conv/conv_3882.json,reports/conv/conv_3882/csynth.xml,,,NO,
conv_3883,32,56,28,32,3,8,8,True,conv2d,,tanh,YES,YES,NO,configs/conv/conv_3883.json,reports/conv/conv_3883/csynth.xml,,,NO,
conv_3884,32,56,28,32,3,8,8,True,group_conv2d,2,tanh,YES,YES,NO,configs/conv/conv_3884.json,reports/conv/conv_3884/csynth.xml,,,NO,
conv_3885,32,56,28,32,3,8,8,True,group_conv2d,4,tanh,YES,YES,NO,configs/conv/conv_3885.json,reports/conv/conv_3885/csynth.xml,,,NO,
conv_3886,32,56,28,32,3,8,8,False,conv2d,,tanh,YES,YES,NO,configs/conv/conv_3886.json,reports/conv/conv_3886/csynth.xml,,,NO,
conv_3887,32,56,28,32,3,8,8,False,group_conv2d,2,tanh,YES,YES,NO,configs/conv/conv_3887.json,reports/conv/conv_3887/csynth.xml,,,NO,
conv_3888,32,56,28,32,3,8,8,False,group_conv2d,4,tanh,YES,YES,NO,configs/conv/conv_3888.json,reports/conv/conv_3888/csynth.xml,,,NO,
conv_3889,32,28,56,16,1,1,1,True,conv2d,,relu,YES,YES,YES,configs/conv/conv_3889.json,reports/conv/conv_3889/csynth.xml,reports/conv/conv_3889/export_impl.xml,reports/conv/conv_3889/power_routed.rpt,NO,
conv_3890,32,28,56,16,1,1,1,True,group_conv2d,2,relu,YES,YES,YES,configs/conv/conv_3890.json,reports/conv/conv_3890/csynth.xml,reports/conv/conv_3890/export_impl.xml,reports/conv/conv_3890/power_routed.rpt,NO,
conv_3891,32,28,56,16,1,1,1,True,group_conv2d,4,relu,YES,YES,YES,configs/conv/conv_3891.json,reports/conv/conv_3891/csynth.xml,reports/conv/conv_3891/export_impl.xml,reports/conv/conv_3891/power_routed.rpt,NO,
conv_3892,32,28,56,16,1,1,1,False,conv2d,,relu,YES,YES,YES,configs/conv/conv_3892.json,reports/conv/conv_3892/csynth.xml,reports/conv/conv_3892/export_impl.xml,reports/conv/conv_3892/power_routed.rpt,NO,
conv_3893,32,28,56,16,1,1,1,False,group_conv2d,2,relu,YES,YES,YES,configs/conv/conv_3893.json,reports/conv/conv_3893/csynth.xml,reports/conv/conv_3893/export_impl.xml,reports/conv/conv_3893/power_routed.rpt,NO,
conv_3894,32,28,56,16,1,1,1,False,group_conv2d,4,relu,YES,YES,YES,configs/conv/conv_3894.json,reports/conv/conv_3894/csynth.xml,reports/conv/conv_3894/export_impl.xml,reports/conv/conv_3894/power_routed.rpt,NO,
conv_3895,32,28,56,16,1,1,1,True,conv2d,,sigmoid,YES,YES,YES,configs/conv/conv_3895.json,reports/conv/conv_3895/csynth.xml,reports/conv/conv_3895/export_impl.xml,reports/conv/conv_3895/power_routed.rpt,NO,
conv_3896,32,28,56,16,1,1,1,True,group_conv2d,2,sigmoid,YES,YES,YES,configs/conv/conv_3896.json,reports/conv/conv_3896/csynth.xml,reports/conv/conv_3896/export_impl.xml,reports/conv/conv_3896/power_routed.rpt,NO,
conv_3897,32,28,56,16,1,1,1,True,group_conv2d,4,sigmoid,YES,YES,YES,configs/conv/conv_3897.json,reports/conv/conv_3897/csynth.xml,reports/conv/conv_3897/export_impl.xml,reports/conv/conv_3897/power_routed.rpt,NO,
conv_3898,32,28,56,16,1,1,1,False,conv2d,,sigmoid,YES,YES,YES,configs/conv/conv_3898.json,reports/conv/conv_3898/csynth.xml,reports/conv/conv_3898/export_impl.xml,reports/conv/conv_3898/power_routed.rpt,NO,
conv_3899,32,28,56,16,1,1,1,False,group_conv2d,2,sigmoid,YES,YES,YES,configs/conv/conv_3899.json,reports/conv/conv_3899/csynth.xml,reports/conv/conv_3899/export_impl.xml,reports/conv/conv_3899/power_routed.rpt,NO,
conv_3900,32,28,56,16,1,1,1,False,group_conv2d,4,sigmoid,YES,YES,YES,configs/conv/conv_3900.json,reports/conv/conv_3900/csynth.xml,reports/conv/conv_3900/export_impl.xml,reports/conv/conv_3900/power_routed.rpt,NO,
conv_3901,32,28,56,16,1,1,1,True,conv2d,,tanh,YES,YES,YES,configs/conv/conv_3901.json,reports/conv/conv_3901/csynth.xml,reports/conv/conv_3901/export_impl.xml,reports/conv/conv_3901/power_routed.rpt,NO,
conv_3902,32,28,56,16,1,1,1,True,group_conv2d,2,tanh,YES,YES,YES,configs/conv/conv_3902.json,reports/conv/conv_3902/csynth.xml,reports/conv/conv_3902/export_impl.xml,reports/conv/conv_3902/power_routed.rpt,NO,
conv_3903,32,28,56,16,1,1,1,True,group_conv2d,4,tanh,YES,YES,YES,configs/conv/conv_3903.json,reports/conv/conv_3903/csynth.xml,reports/conv/conv_3903/export_impl.xml,reports/conv/conv_3903/power_routed.rpt,NO,
conv_3904,32,28,56,16,1,1,1,False,conv2d,,tanh,YES,YES,YES,configs/conv/conv_3904.json,reports/conv/conv_3904/csynth.xml,reports/conv/conv_3904/export_impl.xml,reports/conv/conv_3904/power_routed.rpt,NO,
conv_3905,32,28,56,16,1,1,1,False,group_conv2d,2,tanh,YES,YES,YES,configs/conv/conv_3905.json,reports/conv/conv_3905/csynth.xml,reports/conv/conv_3905/export_impl.xml,reports/conv/conv_3905/power_routed.rpt,NO,
conv_3906,32,28,56,16,1,1,1,False,group_conv2d,4,tanh,YES,YES,YES,configs/conv/conv_3906.json,reports/conv/conv_3906/csynth.xml,reports/conv/conv_3906/export_impl.xml,reports/conv/conv_3906/power_routed.rpt,NO,
conv_3907,32,28,56,16,1,1,4,True,conv2d,,relu,YES,YES,NO,configs/conv/conv_3907.json,reports/conv/conv_3907/csynth.xml,,,NO,
conv_3908,32,28,56,16,1,1,4,True,group_conv2d,2,relu,YES,YES,NO,configs/conv/conv_3908.json,reports/conv/conv_3908/csynth.xml,,,NO,
conv_3909,32,28,56,16,1,1,4,True,group_conv2d,4,relu,YES,YES,NO,configs/conv/conv_3909.json,reports/conv/conv_3909/csynth.xml,,,NO,
conv_3910,32,28,56,16,1,1,4,False,conv2d,,relu,YES,YES,YES,configs/conv/conv_3910.json,reports/conv/conv_3910/csynth.xml,reports/conv/conv_3910/export_impl.xml,reports/conv/conv_3910/power_routed.rpt,NO,
conv_3911,32,28,56,16,1,1,4,False,group_conv2d,2,relu,YES,YES,NO,configs/conv/conv_3911.json,reports/conv/conv_3911/csynth.xml,,,NO,
conv_3912,32,28,56,16,1,1,4,False,group_conv2d,4,relu,YES,YES,NO,configs/conv/conv_3912.json,reports/conv/conv_3912/csynth.xml,,,NO,
conv_3913,32,28,56,16,1,1,4,True,conv2d,,sigmoid,YES,YES,NO,configs/conv/conv_3913.json,reports/conv/conv_3913/csynth.xml,,,NO,
conv_3914,32,28,56,16,1,1,4,True,group_conv2d,2,sigmoid,YES,YES,NO,configs/conv/conv_3914.json,reports/conv/conv_3914/csynth.xml,,,NO,
conv_3915,32,28,56,16,1,1,4,True,group_conv2d,4,sigmoid,YES,YES,NO,configs/conv/conv_3915.json,reports/conv/conv_3915/csynth.xml,,,NO,
conv_3916,32,28,56,16,1,1,4,False,conv2d,,sigmoid,YES,YES,NO,configs/conv/conv_3916.json,reports/conv/conv_3916/csynth.xml,,,NO,
conv_3917,32,28,56,16,1,1,4,False,group_conv2d,2,sigmoid,YES,YES,NO,configs/conv/conv_3917.json,reports/conv/conv_3917/csynth.xml,,,NO,
conv_3918,32,28,56,16,1,1,4,False,group_conv2d,4,sigmoid,YES,YES,NO,configs/conv/conv_3918.json,reports/conv/conv_3918/csynth.xml,,,NO,
conv_3919,32,28,56,16,1,1,4,True,conv2d,,tanh,YES,YES,NO,configs/conv/conv_3919.json,reports/conv/conv_3919/csynth.xml,,,NO,
conv_3920,32,28,56,16,1,1,4,True,group_conv2d,2,tanh,YES,YES,NO,configs/conv/conv_3920.json,reports/conv/conv_3920/csynth.xml,,,NO,
conv_3921,32,28,56,16,1,1,4,True,group_conv2d,4,tanh,YES,YES,YES,configs/conv/conv_3921.json,reports/conv/conv_3921/csynth.xml,reports/conv/conv_3921/export_impl.xml,reports/conv/conv_3921/power_routed.rpt,NO,
conv_3922,32,28,56,16,1,1,4,False,conv2d,,tanh,YES,YES,NO,configs/conv/conv_3922.json,reports/conv/conv_3922/csynth.xml,,,NO,
conv_3923,32,28,56,16,1,1,4,False,group_conv2d,2,tanh,YES,YES,NO,configs/conv/conv_3923.json,reports/conv/conv_3923/csynth.xml,,,NO,
conv_3924,32,28,56,16,1,1,4,False,group_conv2d,4,tanh,YES,YES,YES,configs/conv/conv_3924.json,reports/conv/conv_3924/csynth.xml,reports/conv/conv_3924/export_impl.xml,reports/conv/conv_3924/power_routed.rpt,NO,
conv_3925,32,28,56,16,1,1,8,True,conv2d,,relu,YES,YES,NO,configs/conv/conv_3925.json,reports/conv/conv_3925/csynth.xml,,,NO,
conv_3926,32,28,56,16,1,1,8,True,group_conv2d,2,relu,YES,YES,NO,configs/conv/conv_3926.json,reports/conv/conv_3926/csynth.xml,,,NO,
conv_3927,32,28,56,16,1,1,8,True,group_conv2d,4,relu,YES,YES,NO,configs/conv/conv_3927.json,reports/conv/conv_3927/csynth.xml,,,NO,
conv_3928,32,28,56,16,1,1,8,False,conv2d,,relu,YES,YES,YES,configs/conv/conv_3928.json,reports/conv/conv_3928/csynth.xml,reports/conv/conv_3928/export_impl.xml,reports/conv/conv_3928/power_routed.rpt,NO,
conv_3929,32,28,56,16,1,1,8,False,group_conv2d,2,relu,YES,YES,NO,configs/conv/conv_3929.json,reports/conv/conv_3929/csynth.xml,,,NO,
conv_3930,32,28,56,16,1,1,8,False,group_conv2d,4,relu,YES,YES,NO,configs/conv/conv_3930.json,reports/conv/conv_3930/csynth.xml,,,NO,
conv_3931,32,28,56,16,1,1,8,True,conv2d,,sigmoid,YES,YES,NO,configs/conv/conv_3931.json,reports/conv/conv_3931/csynth.xml,,,NO,
conv_3932,32,28,56,16,1,1,8,True,group_conv2d,2,sigmoid,YES,YES,NO,configs/conv/conv_3932.json,reports/conv/conv_3932/csynth.xml,,,NO,
conv_3933,32,28,56,16,1,1,8,True,group_conv2d,4,sigmoid,YES,YES,NO,configs/conv/conv_3933.json,reports/conv/conv_3933/csynth.xml,,,NO,
conv_3934,32,28,56,16,1,1,8,False,conv2d,,sigmoid,YES,YES,NO,configs/conv/conv_3934.json,reports/conv/conv_3934/csynth.xml,,,NO,
conv_3935,32,28,56,16,1,1,8,False,group_conv2d,2,sigmoid,YES,YES,NO,configs/conv/conv_3935.json,reports/conv/conv_3935/csynth.xml,,,NO,
conv_3936,32,28,56,16,1,1,8,False,group_conv2d,4,sigmoid,YES,YES,NO,configs/conv/conv_3936.json,reports/conv/conv_3936/csynth.xml,,,NO,
conv_3937,32,28,56,16,1,1,8,True,conv2d,,tanh,YES,YES,NO,configs/conv/conv_3937.json,reports/conv/conv_3937/csynth.xml,,,NO,
conv_3938,32,28,56,16,1,1,8,True,group_conv2d,2,tanh,YES,YES,NO,configs/conv/conv_3938.json,reports/conv/conv_3938/csynth.xml,,,NO,
conv_3939,32,28,56,16,1,1,8,True,group_conv2d,4,tanh,YES,YES,NO,configs/conv/conv_3939.json,reports/conv/conv_3939/csynth.xml,,,NO,
conv_3940,32,28,56,16,1,1,8,False,conv2d,,tanh,YES,YES,NO,configs/conv/conv_3940.json,reports/conv/conv_3940/csynth.xml,,,NO,
conv_3941,32,28,56,16,1,1,8,False,group_conv2d,2,tanh,YES,YES,NO,configs/conv/conv_3941.json,reports/conv/conv_3941/csynth.xml,,,NO,
conv_3942,32,28,56,16,1,1,8,False,group_conv2d,4,tanh,YES,YES,NO,configs/conv/conv_3942.json,reports/conv/conv_3942/csynth.xml,,,NO,
conv_3943,32,28,56,16,1,4,1,True,conv2d,,relu,YES,YES,NO,configs/conv/conv_3943.json,reports/conv/conv_3943/csynth.xml,,,NO,
conv_3944,32,28,56,16,1,4,1,True,group_conv2d,2,relu,YES,YES,NO,configs/conv/conv_3944.json,reports/conv/conv_3944/csynth.xml,,,NO,
conv_3945,32,28,56,16,1,4,1,True,group_conv2d,4,relu,YES,YES,NO,configs/conv/conv_3945.json,reports/conv/conv_3945/csynth.xml,,,NO,
conv_3946,32,28,56,16,1,4,1,False,conv2d,,relu,YES,YES,NO,configs/conv/conv_3946.json,reports/conv/conv_3946/csynth.xml,,,NO,
conv_3947,32,28,56,16,1,4,1,False,group_conv2d,2,relu,YES,YES,NO,configs/conv/conv_3947.json,reports/conv/conv_3947/csynth.xml,,,NO,
conv_3948,32,28,56,16,1,4,1,False,group_conv2d,4,relu,YES,YES,NO,configs/conv/conv_3948.json,reports/conv/conv_3948/csynth.xml,,,NO,
conv_3949,32,28,56,16,1,4,1,True,conv2d,,sigmoid,YES,YES,NO,configs/conv/conv_3949.json,reports/conv/conv_3949/csynth.xml,,,NO,
conv_3950,32,28,56,16,1,4,1,True,group_conv2d,2,sigmoid,YES,YES,NO,configs/conv/conv_3950.json,reports/conv/conv_3950/csynth.xml,,,NO,
conv_3951,32,28,56,16,1,4,1,True,group_conv2d,4,sigmoid,YES,YES,YES,configs/conv/conv_3951.json,reports/conv/conv_3951/csynth.xml,reports/conv/conv_3951/export_impl.xml,reports/conv/conv_3951/power_routed.rpt,NO,
conv_3952,32,28,56,16,1,4,1,False,conv2d,,sigmoid,YES,YES,NO,configs/conv/conv_3952.json,reports/conv/conv_3952/csynth.xml,,,NO,
conv_3953,32,28,56,16,1,4,1,False,group_conv2d,2,sigmoid,YES,YES,NO,configs/conv/conv_3953.json,reports/conv/conv_3953/csynth.xml,,,NO,
conv_3954,32,28,56,16,1,4,1,False,group_conv2d,4,sigmoid,YES,YES,YES,configs/conv/conv_3954.json,reports/conv/conv_3954/csynth.xml,reports/conv/conv_3954/export_impl.xml,reports/conv/conv_3954/power_routed.rpt,NO,
conv_3955,32,28,56,16,1,4,1,True,conv2d,,tanh,YES,YES,NO,configs/conv/conv_3955.json,reports/conv/conv_3955/csynth.xml,,,NO,
conv_3956,32,28,56,16,1,4,1,True,group_conv2d,2,tanh,YES,YES,NO,configs/conv/conv_3956.json,reports/conv/conv_3956/csynth.xml,,,NO,
conv_3957,32,28,56,16,1,4,1,True,group_conv2d,4,tanh,YES,YES,NO,configs/conv/conv_3957.json,reports/conv/conv_3957/csynth.xml,,,NO,
conv_3958,32,28,56,16,1,4,1,False,conv2d,,tanh,YES,YES,NO,configs/conv/conv_3958.json,reports/conv/conv_3958/csynth.xml,,,NO,
conv_3959,32,28,56,16,1,4,1,False,group_conv2d,2,tanh,YES,YES,NO,configs/conv/conv_3959.json,reports/conv/conv_3959/csynth.xml,,,NO,
conv_3960,32,28,56,16,1,4,1,False,group_conv2d,4,tanh,YES,YES,NO,configs/conv/conv_3960.json,reports/conv/conv_3960/csynth.xml,,,NO,
conv_3961,32,28,56,16,1,4,4,True,conv2d,,relu,YES,YES,NO,configs/conv/conv_3961.json,reports/conv/conv_3961/csynth.xml,,,NO,
conv_3962,32,28,56,16,1,4,4,True,group_conv2d,2,relu,YES,YES,NO,configs/conv/conv_3962.json,reports/conv/conv_3962/csynth.xml,,,NO,
conv_3963,32,28,56,16,1,4,4,True,group_conv2d,4,relu,YES,YES,YES,configs/conv/conv_3963.json,reports/conv/conv_3963/csynth.xml,reports/conv/conv_3963/export_impl.xml,reports/conv/conv_3963/power_routed.rpt,NO,
conv_3964,32,28,56,16,1,4,4,False,conv2d,,relu,YES,YES,NO,configs/conv/conv_3964.json,reports/conv/conv_3964/csynth.xml,,,NO,
conv_3965,32,28,56,16,1,4,4,False,group_conv2d,2,relu,YES,YES,NO,configs/conv/conv_3965.json,reports/conv/conv_3965/csynth.xml,,,NO,
conv_3966,32,28,56,16,1,4,4,False,group_conv2d,4,relu,YES,YES,NO,configs/conv/conv_3966.json,reports/conv/conv_3966/csynth.xml,,,NO,
conv_3967,32,28,56,16,1,4,4,True,conv2d,,sigmoid,YES,YES,NO,configs/conv/conv_3967.json,reports/conv/conv_3967/csynth.xml,,,NO,
conv_3968,32,28,56,16,1,4,4,True,group_conv2d,2,sigmoid,YES,YES,NO,configs/conv/conv_3968.json,reports/conv/conv_3968/csynth.xml,,,NO,
conv_3969,32,28,56,16,1,4,4,True,group_conv2d,4,sigmoid,YES,YES,NO,configs/conv/conv_3969.json,reports/conv/conv_3969/csynth.xml,,,NO,
conv_3970,32,28,56,16,1,4,4,False,conv2d,,sigmoid,YES,YES,NO,configs/conv/conv_3970.json,reports/conv/conv_3970/csynth.xml,,,NO,
conv_3971,32,28,56,16,1,4,4,False,group_conv2d,2,sigmoid,YES,YES,NO,configs/conv/conv_3971.json,reports/conv/conv_3971/csynth.xml,,,NO,
conv_3972,32,28,56,16,1,4,4,False,group_conv2d,4,sigmoid,YES,YES,YES,configs/conv/conv_3972.json,reports/conv/conv_3972/csynth.xml,reports/conv/conv_3972/export_impl.xml,reports/conv/conv_3972/power_routed.rpt,NO,
conv_3973,32,28,56,16,1,4,4,True,conv2d,,tanh,YES,YES,NO,configs/conv/conv_3973.json,reports/conv/conv_3973/csynth.xml,,,NO,
conv_3974,32,28,56,16,1,4,4,True,group_conv2d,2,tanh,YES,YES,NO,configs/conv/conv_3974.json,reports/conv/conv_3974/csynth.xml,,,NO,
conv_3975,32,28,56,16,1,4,4,True,group_conv2d,4,tanh,YES,YES,NO,configs/conv/conv_3975.json,reports/conv/conv_3975/csynth.xml,,,NO,
conv_3976,32,28,56,16,1,4,4,False,conv2d,,tanh,YES,YES,NO,configs/conv/conv_3976.json,reports/conv/conv_3976/csynth.xml,,,NO,
conv_3977,32,28,56,16,1,4,4,False,group_conv2d,2,tanh,YES,YES,NO,configs/conv/conv_3977.json,reports/conv/conv_3977/csynth.xml,,,NO,
conv_3978,32,28,56,16,1,4,4,False,group_conv2d,4,tanh,YES,YES,NO,configs/conv/conv_3978.json,reports/conv/conv_3978/csynth.xml,,,NO,
conv_3979,32,28,56,16,1,4,8,True,conv2d,,relu,YES,YES,NO,configs/conv/conv_3979.json,reports/conv/conv_3979/csynth.xml,,,NO,
conv_3980,32,28,56,16,1,4,8,True,group_conv2d,2,relu,YES,YES,NO,configs/conv/conv_3980.json,reports/conv/conv_3980/csynth.xml,,,NO,
conv_3981,32,28,56,16,1,4,8,True,group_conv2d,4,relu,YES,YES,NO,configs/conv/conv_3981.json,reports/conv/conv_3981/csynth.xml,,,NO,
conv_3982,32,28,56,16,1,4,8,False,conv2d,,relu,YES,YES,NO,configs/conv/conv_3982.json,reports/conv/conv_3982/csynth.xml,,,NO,
conv_3983,32,28,56,16,1,4,8,False,group_conv2d,2,relu,YES,YES,NO,configs/conv/conv_3983.json,reports/conv/conv_3983/csynth.xml,,,NO,
conv_3984,32,28,56,16,1,4,8,False,group_conv2d,4,relu,YES,YES,YES,configs/conv/conv_3984.json,reports/conv/conv_3984/csynth.xml,reports/conv/conv_3984/export_impl.xml,reports/conv/conv_3984/power_routed.rpt,NO,
conv_3985,32,28,56,16,1,4,8,True,conv2d,,sigmoid,YES,YES,NO,configs/conv/conv_3985.json,reports/conv/conv_3985/csynth.xml,,,NO,
conv_3986,32,28,56,16,1,4,8,True,group_conv2d,2,sigmoid,YES,YES,NO,configs/conv/conv_3986.json,reports/conv/conv_3986/csynth.xml,,,NO,
conv_3987,32,28,56,16,1,4,8,True,group_conv2d,4,sigmoid,YES,YES,NO,configs/conv/conv_3987.json,reports/conv/conv_3987/csynth.xml,,,NO,
conv_3988,32,28,56,16,1,4,8,False,conv2d,,sigmoid,YES,YES,NO,configs/conv/conv_3988.json,reports/conv/conv_3988/csynth.xml,,,NO,
conv_3989,32,28,56,16,1,4,8,False,group_conv2d,2,sigmoid,YES,YES,NO,configs/conv/conv_3989.json,reports/conv/conv_3989/csynth.xml,,,NO,
conv_3990,32,28,56,16,1,4,8,False,group_conv2d,4,sigmoid,YES,YES,NO,configs/conv/conv_3990.json,reports/conv/conv_3990/csynth.xml,,,NO,
conv_3991,32,28,56,16,1,4,8,True,conv2d,,tanh,YES,YES,NO,configs/conv/conv_3991.json,reports/conv/conv_3991/csynth.xml,,,NO,
conv_3992,32,28,56,16,1,4,8,True,group_conv2d,2,tanh,YES,YES,NO,configs/conv/conv_3992.json,reports/conv/conv_3992/csynth.xml,,,NO,
conv_3993,32,28,56,16,1,4,8,True,group_conv2d,4,tanh,YES,YES,NO,configs/conv/conv_3993.json,reports/conv/conv_3993/csynth.xml,,,NO,
conv_3994,32,28,56,16,1,4,8,False,conv2d,,tanh,YES,YES,NO,configs/conv/conv_3994.json,reports/conv/conv_3994/csynth.xml,,,NO,
conv_3995,32,28,56,16,1,4,8,False,group_conv2d,2,tanh,YES,YES,NO,configs/conv/conv_3995.json,reports/conv/conv_3995/csynth.xml,,,NO,
conv_3996,32,28,56,16,1,4,8,False,group_conv2d,4,tanh,YES,YES,NO,configs/conv/conv_3996.json,reports/conv/conv_3996/csynth.xml,,,NO,
conv_3997,32,28,56,16,1,8,1,True,conv2d,,relu,YES,YES,NO,configs/conv/conv_3997.json,reports/conv/conv_3997/csynth.xml,,,NO,
conv_3998,32,28,56,16,1,8,1,True,group_conv2d,2,relu,YES,YES,YES,configs/conv/conv_3998.json,reports/conv/conv_3998/csynth.xml,reports/conv/conv_3998/export_impl.xml,reports/conv/conv_3998/power_routed.rpt,NO,
conv_3999,32,28,56,16,1,8,1,True,group_conv2d,4,relu,YES,YES,NO,configs/conv/conv_3999.json,reports/conv/conv_3999/csynth.xml,,,NO,
conv_4000,32,28,56,16,1,8,1,False,conv2d,,relu,YES,YES,NO,configs/conv/conv_4000.json,reports/conv/conv_4000/csynth.xml,,,NO,
conv_4001,32,28,56,16,1,8,1,False,group_conv2d,2,relu,YES,YES,NO,configs/conv/conv_4001.json,reports/conv/conv_4001/csynth.xml,,,NO,
conv_4002,32,28,56,16,1,8,1,False,group_conv2d,4,relu,YES,YES,NO,configs/conv/conv_4002.json,reports/conv/conv_4002/csynth.xml,,,NO,
conv_4003,32,28,56,16,1,8,1,True,conv2d,,sigmoid,YES,YES,NO,configs/conv/conv_4003.json,reports/conv/conv_4003/csynth.xml,,,NO,
conv_4004,32,28,56,16,1,8,1,True,group_conv2d,2,sigmoid,YES,YES,NO,configs/conv/conv_4004.json,reports/conv/conv_4004/csynth.xml,,,NO,
conv_4005,32,28,56,16,1,8,1,True,group_conv2d,4,sigmoid,YES,YES,NO,configs/conv/conv_4005.json,reports/conv/conv_4005/csynth.xml,,,NO,
conv_4006,32,28,56,16,1,8,1,False,conv2d,,sigmoid,YES,YES,NO,configs/conv/conv_4006.json,reports/conv/conv_4006/csynth.xml,,,NO,
conv_4007,32,28,56,16,1,8,1,False,group_conv2d,2,sigmoid,YES,YES,NO,configs/conv/conv_4007.json,reports/conv/conv_4007/csynth.xml,,,NO,
conv_4008,32,28,56,16,1,8,1,False,group_conv2d,4,sigmoid,YES,YES,NO,configs/conv/conv_4008.json,reports/conv/conv_4008/csynth.xml,,,NO,
conv_4009,32,28,56,16,1,8,1,True,conv2d,,tanh,YES,YES,NO,configs/conv/conv_4009.json,reports/conv/conv_4009/csynth.xml,,,NO,
conv_4010,32,28,56,16,1,8,1,True,group_conv2d,2,tanh,YES,YES,NO,configs/conv/conv_4010.json,reports/conv/conv_4010/csynth.xml,,,NO,
conv_4011,32,28,56,16,1,8,1,True,group_conv2d,4,tanh,YES,YES,NO,configs/conv/conv_4011.json,reports/conv/conv_4011/csynth.xml,,,NO,
conv_4012,32,28,56,16,1,8,1,False,conv2d,,tanh,YES,YES,NO,configs/conv/conv_4012.json,reports/conv/conv_4012/csynth.xml,,,NO,
conv_4013,32,28,56,16,1,8,1,False,group_conv2d,2,tanh,YES,YES,NO,configs/conv/conv_4013.json,reports/conv/conv_4013/csynth.xml,,,NO,
conv_4014,32,28,56,16,1,8,1,False,group_conv2d,4,tanh,YES,YES,NO,configs/conv/conv_4014.json,reports/conv/conv_4014/csynth.xml,,,NO,
conv_4015,32,28,56,16,1,8,4,True,conv2d,,relu,YES,YES,NO,configs/conv/conv_4015.json,reports/conv/conv_4015/csynth.xml,,,NO,
conv_4016,32,28,56,16,1,8,4,True,group_conv2d,2,relu,YES,YES,NO,configs/conv/conv_4016.json,reports/conv/conv_4016/csynth.xml,,,NO,
conv_4017,32,28,56,16,1,8,4,True,group_conv2d,4,relu,YES,YES,NO,configs/conv/conv_4017.json,reports/conv/conv_4017/csynth.xml,,,NO,
conv_4018,32,28,56,16,1,8,4,False,conv2d,,relu,YES,YES,NO,configs/conv/conv_4018.json,reports/conv/conv_4018/csynth.xml,,,NO,
conv_4019,32,28,56,16,1,8,4,False,group_conv2d,2,relu,YES,YES,NO,configs/conv/conv_4019.json,reports/conv/conv_4019/csynth.xml,,,NO,
conv_4020,32,28,56,16,1,8,4,False,group_conv2d,4,relu,YES,YES,NO,configs/conv/conv_4020.json,reports/conv/conv_4020/csynth.xml,,,NO,
conv_4021,32,28,56,16,1,8,4,True,conv2d,,sigmoid,YES,YES,NO,configs/conv/conv_4021.json,reports/conv/conv_4021/csynth.xml,,,NO,
conv_4022,32,28,56,16,1,8,4,True,group_conv2d,2,sigmoid,YES,YES,NO,configs/conv/conv_4022.json,reports/conv/conv_4022/csynth.xml,,,NO,
conv_4023,32,28,56,16,1,8,4,True,group_conv2d,4,sigmoid,YES,YES,NO,configs/conv/conv_4023.json,reports/conv/conv_4023/csynth.xml,,,NO,
conv_4024,32,28,56,16,1,8,4,False,conv2d,,sigmoid,YES,YES,NO,configs/conv/conv_4024.json,reports/conv/conv_4024/csynth.xml,,,NO,
conv_4025,32,28,56,16,1,8,4,False,group_conv2d,2,sigmoid,YES,YES,NO,configs/conv/conv_4025.json,reports/conv/conv_4025/csynth.xml,,,NO,
conv_4026,32,28,56,16,1,8,4,False,group_conv2d,4,sigmoid,YES,YES,NO,configs/conv/conv_4026.json,reports/conv/conv_4026/csynth.xml,,,NO,
conv_4027,32,28,56,16,1,8,4,True,conv2d,,tanh,YES,YES,NO,configs/conv/conv_4027.json,reports/conv/conv_4027/csynth.xml,,,NO,
conv_4028,32,28,56,16,1,8,4,True,group_conv2d,2,tanh,YES,YES,NO,configs/conv/conv_4028.json,reports/conv/conv_4028/csynth.xml,,,NO,
conv_4029,32,28,56,16,1,8,4,True,group_conv2d,4,tanh,YES,YES,NO,configs/conv/conv_4029.json,reports/conv/conv_4029/csynth.xml,,,NO,
conv_4030,32,28,56,16,1,8,4,False,conv2d,,tanh,YES,YES,NO,configs/conv/conv_4030.json,reports/conv/conv_4030/csynth.xml,,,NO,
conv_4031,32,28,56,16,1,8,4,False,group_conv2d,2,tanh,YES,YES,NO,configs/conv/conv_4031.json,reports/conv/conv_4031/csynth.xml,,,NO,
conv_4032,32,28,56,16,1,8,4,False,group_conv2d,4,tanh,YES,YES,NO,configs/conv/conv_4032.json,reports/conv/conv_4032/csynth.xml,,,NO,
conv_4033,32,28,56,16,1,8,8,True,conv2d,,relu,YES,YES,NO,configs/conv/conv_4033.json,reports/conv/conv_4033/csynth.xml,,,NO,
conv_4034,32,28,56,16,1,8,8,True,group_conv2d,2,relu,YES,YES,NO,configs/conv/conv_4034.json,reports/conv/conv_4034/csynth.xml,,,NO,
conv_4035,32,28,56,16,1,8,8,True,group_conv2d,4,relu,YES,YES,NO,configs/conv/conv_4035.json,reports/conv/conv_4035/csynth.xml,,,NO,
conv_4036,32,28,56,16,1,8,8,False,conv2d,,relu,YES,YES,YES,configs/conv/conv_4036.json,reports/conv/conv_4036/csynth.xml,reports/conv/conv_4036/export_impl.xml,reports/conv/conv_4036/power_routed.rpt,NO,
conv_4037,32,28,56,16,1,8,8,False,group_conv2d,2,relu,YES,YES,NO,configs/conv/conv_4037.json,reports/conv/conv_4037/csynth.xml,,,NO,
conv_4038,32,28,56,16,1,8,8,False,group_conv2d,4,relu,YES,YES,NO,configs/conv/conv_4038.json,reports/conv/conv_4038/csynth.xml,,,NO,
conv_4039,32,28,56,16,1,8,8,True,conv2d,,sigmoid,YES,YES,NO,configs/conv/conv_4039.json,reports/conv/conv_4039/csynth.xml,,,NO,
conv_4040,32,28,56,16,1,8,8,True,group_conv2d,2,sigmoid,YES,YES,NO,configs/conv/conv_4040.json,reports/conv/conv_4040/csynth.xml,,,NO,
conv_4041,32,28,56,16,1,8,8,True,group_conv2d,4,sigmoid,YES,YES,NO,configs/conv/conv_4041.json,reports/conv/conv_4041/csynth.xml,,,NO,
conv_4042,32,28,56,16,1,8,8,False,conv2d,,sigmoid,YES,YES,NO,configs/conv/conv_4042.json,reports/conv/conv_4042/csynth.xml,,,NO,
conv_4043,32,28,56,16,1,8,8,False,group_conv2d,2,sigmoid,YES,YES,NO,configs/conv/conv_4043.json,reports/conv/conv_4043/csynth.xml,,,NO,
conv_4044,32,28,56,16,1,8,8,False,group_conv2d,4,sigmoid,YES,YES,NO,configs/conv/conv_4044.json,reports/conv/conv_4044/csynth.xml,,,NO,
conv_4045,32,28,56,16,1,8,8,True,conv2d,,tanh,YES,YES,NO,configs/conv/conv_4045.json,reports/conv/conv_4045/csynth.xml,,,NO,
conv_4046,32,28,56,16,1,8,8,True,group_conv2d,2,tanh,YES,YES,NO,configs/conv/conv_4046.json,reports/conv/conv_4046/csynth.xml,,,NO,
conv_4047,32,28,56,16,1,8,8,True,group_conv2d,4,tanh,YES,YES,NO,configs/conv/conv_4047.json,reports/conv/conv_4047/csynth.xml,,,NO,
conv_4048,32,28,56,16,1,8,8,False,conv2d,,tanh,YES,YES,NO,configs/conv/conv_4048.json,reports/conv/conv_4048/csynth.xml,,,NO,
conv_4049,32,28,56,16,1,8,8,False,group_conv2d,2,tanh,YES,YES,NO,configs/conv/conv_4049.json,reports/conv/conv_4049/csynth.xml,,,NO,
conv_4050,32,28,56,16,1,8,8,False,group_conv2d,4,tanh,YES,YES,NO,configs/conv/conv_4050.json,reports/conv/conv_4050/csynth.xml,,,NO,
conv_4051,32,28,56,16,3,1,1,True,conv2d,,relu,YES,YES,YES,configs/conv/conv_4051.json,reports/conv/conv_4051/csynth.xml,reports/conv/conv_4051/export_impl.xml,reports/conv/conv_4051/power_routed.rpt,NO,
conv_4052,32,28,56,16,3,1,1,True,group_conv2d,2,relu,YES,YES,YES,configs/conv/conv_4052.json,reports/conv/conv_4052/csynth.xml,reports/conv/conv_4052/export_impl.xml,reports/conv/conv_4052/power_routed.rpt,NO,
conv_4053,32,28,56,16,3,1,1,True,group_conv2d,4,relu,YES,YES,YES,configs/conv/conv_4053.json,reports/conv/conv_4053/csynth.xml,reports/conv/conv_4053/export_impl.xml,reports/conv/conv_4053/power_routed.rpt,NO,
conv_4054,32,28,56,16,3,1,1,False,conv2d,,relu,YES,YES,YES,configs/conv/conv_4054.json,reports/conv/conv_4054/csynth.xml,reports/conv/conv_4054/export_impl.xml,reports/conv/conv_4054/power_routed.rpt,NO,
conv_4055,32,28,56,16,3,1,1,False,group_conv2d,2,relu,YES,YES,YES,configs/conv/conv_4055.json,reports/conv/conv_4055/csynth.xml,reports/conv/conv_4055/export_impl.xml,reports/conv/conv_4055/power_routed.rpt,NO,
conv_4056,32,28,56,16,3,1,1,False,group_conv2d,4,relu,YES,YES,YES,configs/conv/conv_4056.json,reports/conv/conv_4056/csynth.xml,reports/conv/conv_4056/export_impl.xml,reports/conv/conv_4056/power_routed.rpt,NO,
conv_4057,32,28,56,16,3,1,1,True,conv2d,,sigmoid,YES,YES,YES,configs/conv/conv_4057.json,reports/conv/conv_4057/csynth.xml,reports/conv/conv_4057/export_impl.xml,reports/conv/conv_4057/power_routed.rpt,NO,
conv_4058,32,28,56,16,3,1,1,True,group_conv2d,2,sigmoid,YES,YES,YES,configs/conv/conv_4058.json,reports/conv/conv_4058/csynth.xml,reports/conv/conv_4058/export_impl.xml,reports/conv/conv_4058/power_routed.rpt,NO,
conv_4059,32,28,56,16,3,1,1,True,group_conv2d,4,sigmoid,YES,YES,YES,configs/conv/conv_4059.json,reports/conv/conv_4059/csynth.xml,reports/conv/conv_4059/export_impl.xml,reports/conv/conv_4059/power_routed.rpt,NO,
conv_4060,32,28,56,16,3,1,1,False,conv2d,,sigmoid,YES,YES,YES,configs/conv/conv_4060.json,reports/conv/conv_4060/csynth.xml,reports/conv/conv_4060/export_impl.xml,reports/conv/conv_4060/power_routed.rpt,NO,
conv_4061,32,28,56,16,3,1,1,False,group_conv2d,2,sigmoid,YES,YES,YES,configs/conv/conv_4061.json,reports/conv/conv_4061/csynth.xml,reports/conv/conv_4061/export_impl.xml,reports/conv/conv_4061/power_routed.rpt,NO,
conv_4062,32,28,56,16,3,1,1,False,group_conv2d,4,sigmoid,YES,YES,YES,configs/conv/conv_4062.json,reports/conv/conv_4062/csynth.xml,reports/conv/conv_4062/export_impl.xml,reports/conv/conv_4062/power_routed.rpt,NO,
conv_4063,32,28,56,16,3,1,1,True,conv2d,,tanh,YES,YES,YES,configs/conv/conv_4063.json,reports/conv/conv_4063/csynth.xml,reports/conv/conv_4063/export_impl.xml,reports/conv/conv_4063/power_routed.rpt,NO,
conv_4064,32,28,56,16,3,1,1,True,group_conv2d,2,tanh,YES,YES,YES,configs/conv/conv_4064.json,reports/conv/conv_4064/csynth.xml,reports/conv/conv_4064/export_impl.xml,reports/conv/conv_4064/power_routed.rpt,NO,
conv_4065,32,28,56,16,3,1,1,True,group_conv2d,4,tanh,YES,YES,YES,configs/conv/conv_4065.json,reports/conv/conv_4065/csynth.xml,reports/conv/conv_4065/export_impl.xml,reports/conv/conv_4065/power_routed.rpt,NO,
conv_4066,32,28,56,16,3,1,1,False,conv2d,,tanh,YES,YES,YES,configs/conv/conv_4066.json,reports/conv/conv_4066/csynth.xml,reports/conv/conv_4066/export_impl.xml,reports/conv/conv_4066/power_routed.rpt,NO,
conv_4067,32,28,56,16,3,1,1,False,group_conv2d,2,tanh,YES,YES,YES,configs/conv/conv_4067.json,reports/conv/conv_4067/csynth.xml,reports/conv/conv_4067/export_impl.xml,reports/conv/conv_4067/power_routed.rpt,NO,
conv_4068,32,28,56,16,3,1,1,False,group_conv2d,4,tanh,YES,YES,YES,configs/conv/conv_4068.json,reports/conv/conv_4068/csynth.xml,reports/conv/conv_4068/export_impl.xml,reports/conv/conv_4068/power_routed.rpt,NO,
conv_4069,32,28,56,16,3,1,4,True,conv2d,,relu,YES,YES,NO,configs/conv/conv_4069.json,reports/conv/conv_4069/csynth.xml,,,NO,
conv_4070,32,28,56,16,3,1,4,True,group_conv2d,2,relu,YES,YES,NO,configs/conv/conv_4070.json,reports/conv/conv_4070/csynth.xml,,,NO,
conv_4071,32,28,56,16,3,1,4,True,group_conv2d,4,relu,YES,YES,YES,configs/conv/conv_4071.json,reports/conv/conv_4071/csynth.xml,reports/conv/conv_4071/export_impl.xml,reports/conv/conv_4071/power_routed.rpt,NO,
conv_4072,32,28,56,16,3,1,4,False,conv2d,,relu,YES,YES,NO,configs/conv/conv_4072.json,reports/conv/conv_4072/csynth.xml,,,NO,
conv_4073,32,28,56,16,3,1,4,False,group_conv2d,2,relu,YES,YES,NO,configs/conv/conv_4073.json,reports/conv/conv_4073/csynth.xml,,,NO,
conv_4074,32,28,56,16,3,1,4,False,group_conv2d,4,relu,YES,YES,YES,configs/conv/conv_4074.json,reports/conv/conv_4074/csynth.xml,reports/conv/conv_4074/export_impl.xml,reports/conv/conv_4074/power_routed.rpt,NO,
conv_4075,32,28,56,16,3,1,4,True,conv2d,,sigmoid,YES,YES,NO,configs/conv/conv_4075.json,reports/conv/conv_4075/csynth.xml,,,NO,
conv_4076,32,28,56,16,3,1,4,True,group_conv2d,2,sigmoid,YES,YES,NO,configs/conv/conv_4076.json,reports/conv/conv_4076/csynth.xml,,,NO,
conv_4077,32,28,56,16,3,1,4,True,group_conv2d,4,sigmoid,YES,YES,NO,configs/conv/conv_4077.json,reports/conv/conv_4077/csynth.xml,,,NO,
conv_4078,32,28,56,16,3,1,4,False,conv2d,,sigmoid,YES,YES,NO,configs/conv/conv_4078.json,reports/conv/conv_4078/csynth.xml,,,NO,
conv_4079,32,28,56,16,3,1,4,False,group_conv2d,2,sigmoid,YES,YES,NO,configs/conv/conv_4079.json,reports/conv/conv_4079/csynth.xml,,,NO,
conv_4080,32,28,56,16,3,1,4,False,group_conv2d,4,sigmoid,YES,YES,NO,configs/conv/conv_4080.json,reports/conv/conv_4080/csynth.xml,,,NO,
conv_4081,32,28,56,16,3,1,4,True,conv2d,,tanh,YES,YES,NO,configs/conv/conv_4081.json,reports/conv/conv_4081/csynth.xml,,,NO,
conv_4082,32,28,56,16,3,1,4,True,group_conv2d,2,tanh,YES,YES,NO,configs/conv/conv_4082.json,reports/conv/conv_4082/csynth.xml,,,NO,
conv_4083,32,28,56,16,3,1,4,True,group_conv2d,4,tanh,YES,YES,NO,configs/conv/conv_4083.json,reports/conv/conv_4083/csynth.xml,,,NO,
conv_4084,32,28,56,16,3,1,4,False,conv2d,,tanh,YES,YES,NO,configs/conv/conv_4084.json,reports/conv/conv_4084/csynth.xml,,,NO,
conv_4085,32,28,56,16,3,1,4,False,group_conv2d,2,tanh,YES,YES,NO,configs/conv/conv_4085.json,reports/conv/conv_4085/csynth.xml,,,NO,
conv_4086,32,28,56,16,3,1,4,False,group_conv2d,4,tanh,YES,YES,NO,configs/conv/conv_4086.json,reports/conv/conv_4086/csynth.xml,,,NO,
conv_4087,32,28,56,16,3,1,8,True,conv2d,,relu,YES,YES,NO,configs/conv/conv_4087.json,reports/conv/conv_4087/csynth.xml,,,NO,
conv_4088,32,28,56,16,3,1,8,True,group_conv2d,2,relu,YES,YES,NO,configs/conv/conv_4088.json,reports/conv/conv_4088/csynth.xml,,,NO,
conv_4089,32,28,56,16,3,1,8,True,group_conv2d,4,relu,YES,YES,NO,configs/conv/conv_4089.json,reports/conv/conv_4089/csynth.xml,,,NO,
conv_4090,32,28,56,16,3,1,8,False,conv2d,,relu,YES,YES,NO,configs/conv/conv_4090.json,reports/conv/conv_4090/csynth.xml,,,NO,
conv_4091,32,28,56,16,3,1,8,False,group_conv2d,2,relu,YES,YES,NO,configs/conv/conv_4091.json,reports/conv/conv_4091/csynth.xml,,,NO,
conv_4092,32,28,56,16,3,1,8,False,group_conv2d,4,relu,YES,YES,YES,configs/conv/conv_4092.json,reports/conv/conv_4092/csynth.xml,reports/conv/conv_4092/export_impl.xml,reports/conv/conv_4092/power_routed.rpt,NO,
conv_4093,32,28,56,16,3,1,8,True,conv2d,,sigmoid,YES,YES,NO,configs/conv/conv_4093.json,reports/conv/conv_4093/csynth.xml,,,NO,
conv_4094,32,28,56,16,3,1,8,True,group_conv2d,2,sigmoid,YES,YES,NO,configs/conv/conv_4094.json,reports/conv/conv_4094/csynth.xml,,,NO,
conv_4095,32,28,56,16,3,1,8,True,group_conv2d,4,sigmoid,YES,YES,NO,configs/conv/conv_4095.json,reports/conv/conv_4095/csynth.xml,,,NO,
conv_4096,32,28,56,16,3,1,8,False,conv2d,,sigmoid,YES,YES,NO,configs/conv/conv_4096.json,reports/conv/conv_4096/csynth.xml,,,NO,
conv_4097,32,28,56,16,3,1,8,False,group_conv2d,2,sigmoid,YES,YES,NO,configs/conv/conv_4097.json,reports/conv/conv_4097/csynth.xml,,,NO,
conv_4098,32,28,56,16,3,1,8,False,group_conv2d,4,sigmoid,YES,YES,NO,configs/conv/conv_4098.json,reports/conv/conv_4098/csynth.xml,,,NO,
conv_4099,32,28,56,16,3,1,8,True,conv2d,,tanh,YES,YES,NO,configs/conv/conv_4099.json,reports/conv/conv_4099/csynth.xml,,,NO,
conv_4100,32,28,56,16,3,1,8,True,group_conv2d,2,tanh,YES,YES,NO,configs/conv/conv_4100.json,reports/conv/conv_4100/csynth.xml,,,NO,
conv_4101,32,28,56,16,3,1,8,True,group_conv2d,4,tanh,YES,YES,NO,configs/conv/conv_4101.json,reports/conv/conv_4101/csynth.xml,,,NO,
conv_4102,32,28,56,16,3,1,8,False,conv2d,,tanh,YES,YES,NO,configs/conv/conv_4102.json,reports/conv/conv_4102/csynth.xml,,,NO,
conv_4103,32,28,56,16,3,1,8,False,group_conv2d,2,tanh,YES,YES,NO,configs/conv/conv_4103.json,reports/conv/conv_4103/csynth.xml,,,NO,
conv_4104,32,28,56,16,3,1,8,False,group_conv2d,4,tanh,YES,YES,NO,configs/conv/conv_4104.json,reports/conv/conv_4104/csynth.xml,,,NO,
conv_4105,32,28,56,16,3,4,1,True,conv2d,,relu,YES,YES,NO,configs/conv/conv_4105.json,reports/conv/conv_4105/csynth.xml,,,NO,
conv_4106,32,28,56,16,3,4,1,True,group_conv2d,2,relu,YES,YES,NO,configs/conv/conv_4106.json,reports/conv/conv_4106/csynth.xml,,,NO,
conv_4107,32,28,56,16,3,4,1,True,group_conv2d,4,relu,YES,YES,NO,configs/conv/conv_4107.json,reports/conv/conv_4107/csynth.xml,,,NO,
conv_4108,32,28,56,16,3,4,1,False,conv2d,,relu,YES,YES,NO,configs/conv/conv_4108.json,reports/conv/conv_4108/csynth.xml,,,NO,
conv_4109,32,28,56,16,3,4,1,False,group_conv2d,2,relu,YES,YES,NO,configs/conv/conv_4109.json,reports/conv/conv_4109/csynth.xml,,,NO,
conv_4110,32,28,56,16,3,4,1,False,group_conv2d,4,relu,YES,YES,NO,configs/conv/conv_4110.json,reports/conv/conv_4110/csynth.xml,,,NO,
conv_4111,32,28,56,16,3,4,1,True,conv2d,,sigmoid,YES,YES,NO,configs/conv/conv_4111.json,reports/conv/conv_4111/csynth.xml,,,NO,
conv_4112,32,28,56,16,3,4,1,True,group_conv2d,2,sigmoid,YES,YES,NO,configs/conv/conv_4112.json,reports/conv/conv_4112/csynth.xml,,,NO,
conv_4113,32,28,56,16,3,4,1,True,group_conv2d,4,sigmoid,YES,YES,NO,configs/conv/conv_4113.json,reports/conv/conv_4113/csynth.xml,,,NO,
conv_4114,32,28,56,16,3,4,1,False,conv2d,,sigmoid,YES,YES,NO,configs/conv/conv_4114.json,reports/conv/conv_4114/csynth.xml,,,NO,
conv_4115,32,28,56,16,3,4,1,False,group_conv2d,2,sigmoid,YES,YES,NO,configs/conv/conv_4115.json,reports/conv/conv_4115/csynth.xml,,,NO,
conv_4116,32,28,56,16,3,4,1,False,group_conv2d,4,sigmoid,YES,YES,NO,configs/conv/conv_4116.json,reports/conv/conv_4116/csynth.xml,,,NO,
conv_4117,32,28,56,16,3,4,1,True,conv2d,,tanh,YES,YES,NO,configs/conv/conv_4117.json,reports/conv/conv_4117/csynth.xml,,,NO,
conv_4118,32,28,56,16,3,4,1,True,group_conv2d,2,tanh,YES,YES,YES,configs/conv/conv_4118.json,reports/conv/conv_4118/csynth.xml,reports/conv/conv_4118/export_impl.xml,reports/conv/conv_4118/power_routed.rpt,NO,
conv_4119,32,28,56,16,3,4,1,True,group_conv2d,4,tanh,YES,YES,NO,configs/conv/conv_4119.json,reports/conv/conv_4119/csynth.xml,,,NO,
conv_4120,32,28,56,16,3,4,1,False,conv2d,,tanh,YES,YES,NO,configs/conv/conv_4120.json,reports/conv/conv_4120/csynth.xml,,,NO,
conv_4121,32,28,56,16,3,4,1,False,group_conv2d,2,tanh,YES,YES,YES,configs/conv/conv_4121.json,reports/conv/conv_4121/csynth.xml,reports/conv/conv_4121/export_impl.xml,reports/conv/conv_4121/power_routed.rpt,NO,
conv_4122,32,28,56,16,3,4,1,False,group_conv2d,4,tanh,YES,YES,NO,configs/conv/conv_4122.json,reports/conv/conv_4122/csynth.xml,,,NO,
conv_4123,32,28,56,16,3,4,4,True,conv2d,,relu,YES,YES,NO,configs/conv/conv_4123.json,reports/conv/conv_4123/csynth.xml,,,NO,
conv_4124,32,28,56,16,3,4,4,True,group_conv2d,2,relu,YES,YES,NO,configs/conv/conv_4124.json,reports/conv/conv_4124/csynth.xml,,,NO,
conv_4125,32,28,56,16,3,4,4,True,group_conv2d,4,relu,YES,YES,NO,configs/conv/conv_4125.json,reports/conv/conv_4125/csynth.xml,,,NO,
conv_4126,32,28,56,16,3,4,4,False,conv2d,,relu,YES,YES,NO,configs/conv/conv_4126.json,reports/conv/conv_4126/csynth.xml,,,NO,
conv_4127,32,28,56,16,3,4,4,False,group_conv2d,2,relu,YES,YES,NO,configs/conv/conv_4127.json,reports/conv/conv_4127/csynth.xml,,,NO,
conv_4128,32,28,56,16,3,4,4,False,group_conv2d,4,relu,YES,YES,NO,configs/conv/conv_4128.json,reports/conv/conv_4128/csynth.xml,,,NO,
conv_4129,32,28,56,16,3,4,4,True,conv2d,,sigmoid,YES,YES,NO,configs/conv/conv_4129.json,reports/conv/conv_4129/csynth.xml,,,NO,
conv_4130,32,28,56,16,3,4,4,True,group_conv2d,2,sigmoid,YES,YES,YES,configs/conv/conv_4130.json,reports/conv/conv_4130/csynth.xml,reports/conv/conv_4130/export_impl.xml,reports/conv/conv_4130/power_routed.rpt,NO,
conv_4131,32,28,56,16,3,4,4,True,group_conv2d,4,sigmoid,YES,YES,NO,configs/conv/conv_4131.json,reports/conv/conv_4131/csynth.xml,,,NO,
conv_4132,32,28,56,16,3,4,4,False,conv2d,,sigmoid,YES,YES,NO,configs/conv/conv_4132.json,reports/conv/conv_4132/csynth.xml,,,NO,
conv_4133,32,28,56,16,3,4,4,False,group_conv2d,2,sigmoid,YES,YES,NO,configs/conv/conv_4133.json,reports/conv/conv_4133/csynth.xml,,,NO,
conv_4134,32,28,56,16,3,4,4,False,group_conv2d,4,sigmoid,YES,YES,NO,configs/conv/conv_4134.json,reports/conv/conv_4134/csynth.xml,,,NO,
conv_4135,32,28,56,16,3,4,4,True,conv2d,,tanh,YES,YES,NO,configs/conv/conv_4135.json,reports/conv/conv_4135/csynth.xml,,,NO,
conv_4136,32,28,56,16,3,4,4,True,group_conv2d,2,tanh,YES,YES,NO,configs/conv/conv_4136.json,reports/conv/conv_4136/csynth.xml,,,NO,
conv_4137,32,28,56,16,3,4,4,True,group_conv2d,4,tanh,YES,YES,NO,configs/conv/conv_4137.json,reports/conv/conv_4137/csynth.xml,,,NO,
conv_4138,32,28,56,16,3,4,4,False,conv2d,,tanh,YES,YES,NO,configs/conv/conv_4138.json,reports/conv/conv_4138/csynth.xml,,,NO,
conv_4139,32,28,56,16,3,4,4,False,group_conv2d,2,tanh,YES,YES,YES,configs/conv/conv_4139.json,reports/conv/conv_4139/csynth.xml,reports/conv/conv_4139/export_impl.xml,reports/conv/conv_4139/power_routed.rpt,NO,
conv_4140,32,28,56,16,3,4,4,False,group_conv2d,4,tanh,YES,YES,NO,configs/conv/conv_4140.json,reports/conv/conv_4140/csynth.xml,,,NO,
conv_4141,32,28,56,16,3,4,8,True,conv2d,,relu,YES,YES,NO,configs/conv/conv_4141.json,reports/conv/conv_4141/csynth.xml,,,NO,
conv_4142,32,28,56,16,3,4,8,True,group_conv2d,2,relu,YES,YES,YES,configs/conv/conv_4142.json,reports/conv/conv_4142/csynth.xml,reports/conv/conv_4142/export_impl.xml,reports/conv/conv_4142/power_routed.rpt,NO,
conv_4143,32,28,56,16,3,4,8,True,group_conv2d,4,relu,YES,YES,NO,configs/conv/conv_4143.json,reports/conv/conv_4143/csynth.xml,,,NO,
conv_4144,32,28,56,16,3,4,8,False,conv2d,,relu,YES,YES,NO,configs/conv/conv_4144.json,reports/conv/conv_4144/csynth.xml,,,NO,
conv_4145,32,28,56,16,3,4,8,False,group_conv2d,2,relu,YES,YES,NO,configs/conv/conv_4145.json,reports/conv/conv_4145/csynth.xml,,,NO,
conv_4146,32,28,56,16,3,4,8,False,group_conv2d,4,relu,YES,YES,NO,configs/conv/conv_4146.json,reports/conv/conv_4146/csynth.xml,,,NO,
conv_4147,32,28,56,16,3,4,8,True,conv2d,,sigmoid,YES,YES,NO,configs/conv/conv_4147.json,reports/conv/conv_4147/csynth.xml,,,NO,
conv_4148,32,28,56,16,3,4,8,True,group_conv2d,2,sigmoid,YES,YES,NO,configs/conv/conv_4148.json,reports/conv/conv_4148/csynth.xml,,,NO,
conv_4149,32,28,56,16,3,4,8,True,group_conv2d,4,sigmoid,YES,YES,NO,configs/conv/conv_4149.json,reports/conv/conv_4149/csynth.xml,,,NO,
conv_4150,32,28,56,16,3,4,8,False,conv2d,,sigmoid,YES,YES,NO,configs/conv/conv_4150.json,reports/conv/conv_4150/csynth.xml,,,NO,
conv_4151,32,28,56,16,3,4,8,False,group_conv2d,2,sigmoid,YES,YES,NO,configs/conv/conv_4151.json,reports/conv/conv_4151/csynth.xml,,,NO,
conv_4152,32,28,56,16,3,4,8,False,group_conv2d,4,sigmoid,YES,YES,NO,configs/conv/conv_4152.json,reports/conv/conv_4152/csynth.xml,,,NO,
conv_4153,32,28,56,16,3,4,8,True,conv2d,,tanh,YES,YES,NO,configs/conv/conv_4153.json,reports/conv/conv_4153/csynth.xml,,,NO,
conv_4154,32,28,56,16,3,4,8,True,group_conv2d,2,tanh,YES,YES,NO,configs/conv/conv_4154.json,reports/conv/conv_4154/csynth.xml,,,NO,
conv_4155,32,28,56,16,3,4,8,True,group_conv2d,4,tanh,YES,YES,NO,configs/conv/conv_4155.json,reports/conv/conv_4155/csynth.xml,,,NO,
conv_4156,32,28,56,16,3,4,8,False,conv2d,,tanh,YES,YES,NO,configs/conv/conv_4156.json,reports/conv/conv_4156/csynth.xml,,,NO,
conv_4157,32,28,56,16,3,4,8,False,group_conv2d,2,tanh,YES,YES,NO,configs/conv/conv_4157.json,reports/conv/conv_4157/csynth.xml,,,NO,
conv_4158,32,28,56,16,3,4,8,False,group_conv2d,4,tanh,YES,YES,NO,configs/conv/conv_4158.json,reports/conv/conv_4158/csynth.xml,,,NO,
conv_4159,32,28,56,16,3,8,1,True,conv2d,,relu,YES,YES,NO,configs/conv/conv_4159.json,reports/conv/conv_4159/csynth.xml,,,NO,
conv_4160,32,28,56,16,3,8,1,True,group_conv2d,2,relu,YES,YES,NO,configs/conv/conv_4160.json,reports/conv/conv_4160/csynth.xml,,,NO,
conv_4161,32,28,56,16,3,8,1,True,group_conv2d,4,relu,YES,YES,NO,configs/conv/conv_4161.json,reports/conv/conv_4161/csynth.xml,,,NO,
conv_4162,32,28,56,16,3,8,1,False,conv2d,,relu,YES,YES,NO,configs/conv/conv_4162.json,reports/conv/conv_4162/csynth.xml,,,NO,
conv_4163,32,28,56,16,3,8,1,False,group_conv2d,2,relu,YES,YES,NO,configs/conv/conv_4163.json,reports/conv/conv_4163/csynth.xml,,,NO,
conv_4164,32,28,56,16,3,8,1,False,group_conv2d,4,relu,YES,YES,NO,configs/conv/conv_4164.json,reports/conv/conv_4164/csynth.xml,,,NO,
conv_4165,32,28,56,16,3,8,1,True,conv2d,,sigmoid,YES,YES,NO,configs/conv/conv_4165.json,reports/conv/conv_4165/csynth.xml,,,NO,
conv_4166,32,28,56,16,3,8,1,True,group_conv2d,2,sigmoid,YES,YES,NO,configs/conv/conv_4166.json,reports/conv/conv_4166/csynth.xml,,,NO,
conv_4167,32,28,56,16,3,8,1,True,group_conv2d,4,sigmoid,YES,YES,NO,configs/conv/conv_4167.json,reports/conv/conv_4167/csynth.xml,,,NO,
conv_4168,32,28,56,16,3,8,1,False,conv2d,,sigmoid,YES,YES,NO,configs/conv/conv_4168.json,reports/conv/conv_4168/csynth.xml,,,NO,
conv_4169,32,28,56,16,3,8,1,False,group_conv2d,2,sigmoid,YES,YES,NO,configs/conv/conv_4169.json,reports/conv/conv_4169/csynth.xml,,,NO,
conv_4170,32,28,56,16,3,8,1,False,group_conv2d,4,sigmoid,YES,YES,NO,configs/conv/conv_4170.json,reports/conv/conv_4170/csynth.xml,,,NO,
conv_4171,32,28,56,16,3,8,1,True,conv2d,,tanh,YES,YES,NO,configs/conv/conv_4171.json,reports/conv/conv_4171/csynth.xml,,,NO,
conv_4172,32,28,56,16,3,8,1,True,group_conv2d,2,tanh,YES,YES,NO,configs/conv/conv_4172.json,reports/conv/conv_4172/csynth.xml,,,NO,
conv_4173,32,28,56,16,3,8,1,True,group_conv2d,4,tanh,YES,YES,NO,configs/conv/conv_4173.json,reports/conv/conv_4173/csynth.xml,,,NO,
conv_4174,32,28,56,16,3,8,1,False,conv2d,,tanh,YES,YES,NO,configs/conv/conv_4174.json,reports/conv/conv_4174/csynth.xml,,,NO,
conv_4175,32,28,56,16,3,8,1,False,group_conv2d,2,tanh,YES,YES,NO,configs/conv/conv_4175.json,reports/conv/conv_4175/csynth.xml,,,NO,
conv_4176,32,28,56,16,3,8,1,False,group_conv2d,4,tanh,YES,YES,NO,configs/conv/conv_4176.json,reports/conv/conv_4176/csynth.xml,,,NO,
conv_4177,32,28,56,16,3,8,4,True,conv2d,,relu,YES,YES,NO,configs/conv/conv_4177.json,reports/conv/conv_4177/csynth.xml,,,NO,
conv_4178,32,28,56,16,3,8,4,True,group_conv2d,2,relu,YES,YES,NO,configs/conv/conv_4178.json,reports/conv/conv_4178/csynth.xml,,,NO,
conv_4179,32,28,56,16,3,8,4,True,group_conv2d,4,relu,YES,YES,NO,configs/conv/conv_4179.json,reports/conv/conv_4179/csynth.xml,,,NO,
conv_4180,32,28,56,16,3,8,4,False,conv2d,,relu,YES,YES,YES,configs/conv/conv_4180.json,reports/conv/conv_4180/csynth.xml,reports/conv/conv_4180/export_impl.xml,reports/conv/conv_4180/power_routed.rpt,NO,
conv_4181,32,28,56,16,3,8,4,False,group_conv2d,2,relu,YES,YES,NO,configs/conv/conv_4181.json,reports/conv/conv_4181/csynth.xml,,,NO,
conv_4182,32,28,56,16,3,8,4,False,group_conv2d,4,relu,YES,YES,NO,configs/conv/conv_4182.json,reports/conv/conv_4182/csynth.xml,,,NO,
conv_4183,32,28,56,16,3,8,4,True,conv2d,,sigmoid,YES,YES,NO,configs/conv/conv_4183.json,reports/conv/conv_4183/csynth.xml,,,NO,
conv_4184,32,28,56,16,3,8,4,True,group_conv2d,2,sigmoid,YES,YES,NO,configs/conv/conv_4184.json,reports/conv/conv_4184/csynth.xml,,,NO,
conv_4185,32,28,56,16,3,8,4,True,group_conv2d,4,sigmoid,YES,YES,NO,configs/conv/conv_4185.json,reports/conv/conv_4185/csynth.xml,,,NO,
conv_4186,32,28,56,16,3,8,4,False,conv2d,,sigmoid,YES,YES,NO,configs/conv/conv_4186.json,reports/conv/conv_4186/csynth.xml,,,NO,
conv_4187,32,28,56,16,3,8,4,False,group_conv2d,2,sigmoid,YES,YES,NO,configs/conv/conv_4187.json,reports/conv/conv_4187/csynth.xml,,,NO,
conv_4188,32,28,56,16,3,8,4,False,group_conv2d,4,sigmoid,YES,YES,NO,configs/conv/conv_4188.json,reports/conv/conv_4188/csynth.xml,,,NO,
conv_4189,32,28,56,16,3,8,4,True,conv2d,,tanh,YES,YES,NO,configs/conv/conv_4189.json,reports/conv/conv_4189/csynth.xml,,,NO,
conv_4190,32,28,56,16,3,8,4,True,group_conv2d,2,tanh,YES,YES,NO,configs/conv/conv_4190.json,reports/conv/conv_4190/csynth.xml,,,NO,
conv_4191,32,28,56,16,3,8,4,True,group_conv2d,4,tanh,YES,YES,NO,configs/conv/conv_4191.json,reports/conv/conv_4191/csynth.xml,,,NO,
conv_4192,32,28,56,16,3,8,4,False,conv2d,,tanh,YES,YES,NO,configs/conv/conv_4192.json,reports/conv/conv_4192/csynth.xml,,,NO,
conv_4193,32,28,56,16,3,8,4,False,group_conv2d,2,tanh,YES,YES,NO,configs/conv/conv_4193.json,reports/conv/conv_4193/csynth.xml,,,NO,
conv_4194,32,28,56,16,3,8,4,False,group_conv2d,4,tanh,YES,YES,NO,configs/conv/conv_4194.json,reports/conv/conv_4194/csynth.xml,,,NO,
conv_4195,32,28,56,16,3,8,8,True,conv2d,,relu,YES,YES,NO,configs/conv/conv_4195.json,reports/conv/conv_4195/csynth.xml,,,NO,
conv_4196,32,28,56,16,3,8,8,True,group_conv2d,2,relu,YES,YES,NO,configs/conv/conv_4196.json,reports/conv/conv_4196/csynth.xml,,,NO,
conv_4197,32,28,56,16,3,8,8,True,group_conv2d,4,relu,YES,YES,NO,configs/conv/conv_4197.json,reports/conv/conv_4197/csynth.xml,,,NO,
conv_4198,32,28,56,16,3,8,8,False,conv2d,,relu,YES,YES,NO,configs/conv/conv_4198.json,reports/conv/conv_4198/csynth.xml,,,NO,
conv_4199,32,28,56,16,3,8,8,False,group_conv2d,2,relu,YES,YES,NO,configs/conv/conv_4199.json,reports/conv/conv_4199/csynth.xml,,,NO,
conv_4200,32,28,56,16,3,8,8,False,group_conv2d,4,relu,YES,YES,YES,configs/conv/conv_4200.json,reports/conv/conv_4200/csynth.xml,reports/conv/conv_4200/export_impl.xml,reports/conv/conv_4200/power_routed.rpt,NO,
conv_4201,32,28,56,16,3,8,8,True,conv2d,,sigmoid,YES,YES,NO,configs/conv/conv_4201.json,reports/conv/conv_4201/csynth.xml,,,NO,
conv_4202,32,28,56,16,3,8,8,True,group_conv2d,2,sigmoid,YES,YES,NO,configs/conv/conv_4202.json,reports/conv/conv_4202/csynth.xml,,,NO,
conv_4203,32,28,56,16,3,8,8,True,group_conv2d,4,sigmoid,YES,YES,NO,configs/conv/conv_4203.json,reports/conv/conv_4203/csynth.xml,,,NO,
conv_4204,32,28,56,16,3,8,8,False,conv2d,,sigmoid,YES,YES,NO,configs/conv/conv_4204.json,reports/conv/conv_4204/csynth.xml,,,NO,
conv_4205,32,28,56,16,3,8,8,False,group_conv2d,2,sigmoid,YES,YES,NO,configs/conv/conv_4205.json,reports/conv/conv_4205/csynth.xml,,,NO,
conv_4206,32,28,56,16,3,8,8,False,group_conv2d,4,sigmoid,YES,YES,NO,configs/conv/conv_4206.json,reports/conv/conv_4206/csynth.xml,,,NO,
conv_4207,32,28,56,16,3,8,8,True,conv2d,,tanh,YES,YES,NO,configs/conv/conv_4207.json,reports/conv/conv_4207/csynth.xml,,,NO,
conv_4208,32,28,56,16,3,8,8,True,group_conv2d,2,tanh,YES,YES,NO,configs/conv/conv_4208.json,reports/conv/conv_4208/csynth.xml,,,NO,
conv_4209,32,28,56,16,3,8,8,True,group_conv2d,4,tanh,YES,YES,NO,configs/conv/conv_4209.json,reports/conv/conv_4209/csynth.xml,,,NO,
conv_4210,32,28,56,16,3,8,8,False,conv2d,,tanh,YES,YES,NO,configs/conv/conv_4210.json,reports/conv/conv_4210/csynth.xml,,,NO,
conv_4211,32,28,56,16,3,8,8,False,group_conv2d,2,tanh,YES,YES,NO,configs/conv/conv_4211.json,reports/conv/conv_4211/csynth.xml,,,NO,
conv_4212,32,28,56,16,3,8,8,False,group_conv2d,4,tanh,YES,YES,NO,configs/conv/conv_4212.json,reports/conv/conv_4212/csynth.xml,,,NO,
conv_4213,32,28,56,32,1,1,1,True,conv2d,,relu,YES,YES,YES,configs/conv/conv_4213.json,reports/conv/conv_4213/csynth.xml,reports/conv/conv_4213/export_impl.xml,reports/conv/conv_4213/power_routed.rpt,NO,
conv_4214,32,28,56,32,1,1,1,True,group_conv2d,2,relu,YES,YES,YES,configs/conv/conv_4214.json,reports/conv/conv_4214/csynth.xml,reports/conv/conv_4214/export_impl.xml,reports/conv/conv_4214/power_routed.rpt,NO,
conv_4215,32,28,56,32,1,1,1,True,group_conv2d,4,relu,YES,YES,YES,configs/conv/conv_4215.json,reports/conv/conv_4215/csynth.xml,reports/conv/conv_4215/export_impl.xml,reports/conv/conv_4215/power_routed.rpt,NO,
conv_4216,32,28,56,32,1,1,1,False,conv2d,,relu,YES,YES,YES,configs/conv/conv_4216.json,reports/conv/conv_4216/csynth.xml,reports/conv/conv_4216/export_impl.xml,reports/conv/conv_4216/power_routed.rpt,NO,
conv_4217,32,28,56,32,1,1,1,False,group_conv2d,2,relu,YES,YES,YES,configs/conv/conv_4217.json,reports/conv/conv_4217/csynth.xml,reports/conv/conv_4217/export_impl.xml,reports/conv/conv_4217/power_routed.rpt,NO,
conv_4218,32,28,56,32,1,1,1,False,group_conv2d,4,relu,YES,YES,YES,configs/conv/conv_4218.json,reports/conv/conv_4218/csynth.xml,reports/conv/conv_4218/export_impl.xml,reports/conv/conv_4218/power_routed.rpt,NO,
conv_4219,32,28,56,32,1,1,1,True,conv2d,,sigmoid,YES,YES,YES,configs/conv/conv_4219.json,reports/conv/conv_4219/csynth.xml,reports/conv/conv_4219/export_impl.xml,reports/conv/conv_4219/power_routed.rpt,NO,
conv_4220,32,28,56,32,1,1,1,True,group_conv2d,2,sigmoid,YES,YES,YES,configs/conv/conv_4220.json,reports/conv/conv_4220/csynth.xml,reports/conv/conv_4220/export_impl.xml,reports/conv/conv_4220/power_routed.rpt,NO,
conv_4221,32,28,56,32,1,1,1,True,group_conv2d,4,sigmoid,YES,YES,YES,configs/conv/conv_4221.json,reports/conv/conv_4221/csynth.xml,reports/conv/conv_4221/export_impl.xml,reports/conv/conv_4221/power_routed.rpt,NO,
conv_4222,32,28,56,32,1,1,1,False,conv2d,,sigmoid,YES,YES,YES,configs/conv/conv_4222.json,reports/conv/conv_4222/csynth.xml,reports/conv/conv_4222/export_impl.xml,reports/conv/conv_4222/power_routed.rpt,NO,
conv_4223,32,28,56,32,1,1,1,False,group_conv2d,2,sigmoid,YES,YES,YES,configs/conv/conv_4223.json,reports/conv/conv_4223/csynth.xml,reports/conv/conv_4223/export_impl.xml,reports/conv/conv_4223/power_routed.rpt,NO,
conv_4224,32,28,56,32,1,1,1,False,group_conv2d,4,sigmoid,YES,YES,YES,configs/conv/conv_4224.json,reports/conv/conv_4224/csynth.xml,reports/conv/conv_4224/export_impl.xml,reports/conv/conv_4224/power_routed.rpt,NO,
conv_4225,32,28,56,32,1,1,1,True,conv2d,,tanh,YES,YES,YES,configs/conv/conv_4225.json,reports/conv/conv_4225/csynth.xml,reports/conv/conv_4225/export_impl.xml,reports/conv/conv_4225/power_routed.rpt,NO,
conv_4226,32,28,56,32,1,1,1,True,group_conv2d,2,tanh,YES,YES,YES,configs/conv/conv_4226.json,reports/conv/conv_4226/csynth.xml,reports/conv/conv_4226/export_impl.xml,reports/conv/conv_4226/power_routed.rpt,NO,
conv_4227,32,28,56,32,1,1,1,True,group_conv2d,4,tanh,YES,YES,YES,configs/conv/conv_4227.json,reports/conv/conv_4227/csynth.xml,reports/conv/conv_4227/export_impl.xml,reports/conv/conv_4227/power_routed.rpt,NO,
conv_4228,32,28,56,32,1,1,1,False,conv2d,,tanh,YES,YES,YES,configs/conv/conv_4228.json,reports/conv/conv_4228/csynth.xml,reports/conv/conv_4228/export_impl.xml,reports/conv/conv_4228/power_routed.rpt,NO,
conv_4229,32,28,56,32,1,1,1,False,group_conv2d,2,tanh,YES,YES,YES,configs/conv/conv_4229.json,reports/conv/conv_4229/csynth.xml,reports/conv/conv_4229/export_impl.xml,reports/conv/conv_4229/power_routed.rpt,NO,
conv_4230,32,28,56,32,1,1,1,False,group_conv2d,4,tanh,YES,YES,YES,configs/conv/conv_4230.json,reports/conv/conv_4230/csynth.xml,reports/conv/conv_4230/export_impl.xml,reports/conv/conv_4230/power_routed.rpt,NO,
conv_4231,32,28,56,32,1,1,4,True,conv2d,,relu,YES,YES,NO,configs/conv/conv_4231.json,reports/conv/conv_4231/csynth.xml,,,NO,
conv_4232,32,28,56,32,1,1,4,True,group_conv2d,2,relu,YES,YES,YES,configs/conv/conv_4232.json,reports/conv/conv_4232/csynth.xml,reports/conv/conv_4232/export_impl.xml,reports/conv/conv_4232/power_routed.rpt,NO,
conv_4233,32,28,56,32,1,1,4,True,group_conv2d,4,relu,YES,YES,NO,configs/conv/conv_4233.json,reports/conv/conv_4233/csynth.xml,,,NO,
conv_4234,32,28,56,32,1,1,4,False,conv2d,,relu,YES,YES,NO,configs/conv/conv_4234.json,reports/conv/conv_4234/csynth.xml,,,NO,
conv_4235,32,28,56,32,1,1,4,False,group_conv2d,2,relu,YES,YES,NO,configs/conv/conv_4235.json,reports/conv/conv_4235/csynth.xml,,,NO,
conv_4236,32,28,56,32,1,1,4,False,group_conv2d,4,relu,YES,YES,NO,configs/conv/conv_4236.json,reports/conv/conv_4236/csynth.xml,,,NO,
conv_4237,32,28,56,32,1,1,4,True,conv2d,,sigmoid,YES,YES,NO,configs/conv/conv_4237.json,reports/conv/conv_4237/csynth.xml,,,NO,
conv_4238,32,28,56,32,1,1,4,True,group_conv2d,2,sigmoid,YES,YES,NO,configs/conv/conv_4238.json,reports/conv/conv_4238/csynth.xml,,,NO,
conv_4239,32,28,56,32,1,1,4,True,group_conv2d,4,sigmoid,YES,YES,NO,configs/conv/conv_4239.json,reports/conv/conv_4239/csynth.xml,,,NO,
conv_4240,32,28,56,32,1,1,4,False,conv2d,,sigmoid,YES,YES,NO,configs/conv/conv_4240.json,reports/conv/conv_4240/csynth.xml,,,NO,
conv_4241,32,28,56,32,1,1,4,False,group_conv2d,2,sigmoid,YES,YES,YES,configs/conv/conv_4241.json,reports/conv/conv_4241/csynth.xml,reports/conv/conv_4241/export_impl.xml,reports/conv/conv_4241/power_routed.rpt,NO,
conv_4242,32,28,56,32,1,1,4,False,group_conv2d,4,sigmoid,YES,YES,NO,configs/conv/conv_4242.json,reports/conv/conv_4242/csynth.xml,,,NO,
conv_4243,32,28,56,32,1,1,4,True,conv2d,,tanh,YES,YES,NO,configs/conv/conv_4243.json,reports/conv/conv_4243/csynth.xml,,,NO,
conv_4244,32,28,56,32,1,1,4,True,group_conv2d,2,tanh,YES,YES,NO,configs/conv/conv_4244.json,reports/conv/conv_4244/csynth.xml,,,NO,
conv_4245,32,28,56,32,1,1,4,True,group_conv2d,4,tanh,YES,YES,NO,configs/conv/conv_4245.json,reports/conv/conv_4245/csynth.xml,,,NO,
conv_4246,32,28,56,32,1,1,4,False,conv2d,,tanh,YES,YES,NO,configs/conv/conv_4246.json,reports/conv/conv_4246/csynth.xml,,,NO,
conv_4247,32,28,56,32,1,1,4,False,group_conv2d,2,tanh,YES,YES,NO,configs/conv/conv_4247.json,reports/conv/conv_4247/csynth.xml,,,NO,
conv_4248,32,28,56,32,1,1,4,False,group_conv2d,4,tanh,YES,YES,NO,configs/conv/conv_4248.json,reports/conv/conv_4248/csynth.xml,,,NO,
conv_4249,32,28,56,32,1,1,8,True,conv2d,,relu,YES,YES,NO,configs/conv/conv_4249.json,reports/conv/conv_4249/csynth.xml,,,NO,
conv_4250,32,28,56,32,1,1,8,True,group_conv2d,2,relu,YES,YES,YES,configs/conv/conv_4250.json,reports/conv/conv_4250/csynth.xml,reports/conv/conv_4250/export_impl.xml,reports/conv/conv_4250/power_routed.rpt,NO,
conv_4251,32,28,56,32,1,1,8,True,group_conv2d,4,relu,YES,YES,NO,configs/conv/conv_4251.json,reports/conv/conv_4251/csynth.xml,,,NO,
conv_4252,32,28,56,32,1,1,8,False,conv2d,,relu,YES,YES,NO,configs/conv/conv_4252.json,reports/conv/conv_4252/csynth.xml,,,NO,
conv_4253,32,28,56,32,1,1,8,False,group_conv2d,2,relu,YES,YES,NO,configs/conv/conv_4253.json,reports/conv/conv_4253/csynth.xml,,,NO,
conv_4254,32,28,56,32,1,1,8,False,group_conv2d,4,relu,YES,YES,NO,configs/conv/conv_4254.json,reports/conv/conv_4254/csynth.xml,,,NO,
conv_4255,32,28,56,32,1,1,8,True,conv2d,,sigmoid,YES,YES,NO,configs/conv/conv_4255.json,reports/conv/conv_4255/csynth.xml,,,NO,
conv_4256,32,28,56,32,1,1,8,True,group_conv2d,2,sigmoid,YES,YES,NO,configs/conv/conv_4256.json,reports/conv/conv_4256/csynth.xml,,,NO,
conv_4257,32,28,56,32,1,1,8,True,group_conv2d,4,sigmoid,YES,YES,NO,configs/conv/conv_4257.json,reports/conv/conv_4257/csynth.xml,,,NO,
conv_4258,32,28,56,32,1,1,8,False,conv2d,,sigmoid,YES,YES,NO,configs/conv/conv_4258.json,reports/conv/conv_4258/csynth.xml,,,NO,
conv_4259,32,28,56,32,1,1,8,False,group_conv2d,2,sigmoid,YES,YES,NO,configs/conv/conv_4259.json,reports/conv/conv_4259/csynth.xml,,,NO,
conv_4260,32,28,56,32,1,1,8,False,group_conv2d,4,sigmoid,YES,YES,NO,configs/conv/conv_4260.json,reports/conv/conv_4260/csynth.xml,,,NO,
conv_4261,32,28,56,32,1,1,8,True,conv2d,,tanh,YES,YES,NO,configs/conv/conv_4261.json,reports/conv/conv_4261/csynth.xml,,,NO,
conv_4262,32,28,56,32,1,1,8,True,group_conv2d,2,tanh,YES,YES,NO,configs/conv/conv_4262.json,reports/conv/conv_4262/csynth.xml,,,NO,
conv_4263,32,28,56,32,1,1,8,True,group_conv2d,4,tanh,YES,YES,NO,configs/conv/conv_4263.json,reports/conv/conv_4263/csynth.xml,,,NO,
conv_4264,32,28,56,32,1,1,8,False,conv2d,,tanh,YES,YES,NO,configs/conv/conv_4264.json,reports/conv/conv_4264/csynth.xml,,,NO,
conv_4265,32,28,56,32,1,1,8,False,group_conv2d,2,tanh,YES,YES,NO,configs/conv/conv_4265.json,reports/conv/conv_4265/csynth.xml,,,NO,
conv_4266,32,28,56,32,1,1,8,False,group_conv2d,4,tanh,YES,YES,NO,configs/conv/conv_4266.json,reports/conv/conv_4266/csynth.xml,,,NO,
conv_4267,32,28,56,32,1,4,1,True,conv2d,,relu,YES,YES,NO,configs/conv/conv_4267.json,reports/conv/conv_4267/csynth.xml,,,NO,
conv_4268,32,28,56,32,1,4,1,True,group_conv2d,2,relu,YES,YES,YES,configs/conv/conv_4268.json,reports/conv/conv_4268/csynth.xml,reports/conv/conv_4268/export_impl.xml,reports/conv/conv_4268/power_routed.rpt,NO,
conv_4269,32,28,56,32,1,4,1,True,group_conv2d,4,relu,YES,YES,NO,configs/conv/conv_4269.json,reports/conv/conv_4269/csynth.xml,,,NO,
conv_4270,32,28,56,32,1,4,1,False,conv2d,,relu,YES,YES,NO,configs/conv/conv_4270.json,reports/conv/conv_4270/csynth.xml,,,NO,
conv_4271,32,28,56,32,1,4,1,False,group_conv2d,2,relu,YES,YES,YES,configs/conv/conv_4271.json,reports/conv/conv_4271/csynth.xml,reports/conv/conv_4271/export_impl.xml,reports/conv/conv_4271/power_routed.rpt,NO,
conv_4272,32,28,56,32,1,4,1,False,group_conv2d,4,relu,YES,YES,NO,configs/conv/conv_4272.json,reports/conv/conv_4272/csynth.xml,,,NO,
conv_4273,32,28,56,32,1,4,1,True,conv2d,,sigmoid,YES,YES,NO,configs/conv/conv_4273.json,reports/conv/conv_4273/csynth.xml,,,NO,
conv_4274,32,28,56,32,1,4,1,True,group_conv2d,2,sigmoid,YES,YES,NO,configs/conv/conv_4274.json,reports/conv/conv_4274/csynth.xml,,,NO,
conv_4275,32,28,56,32,1,4,1,True,group_conv2d,4,sigmoid,YES,YES,NO,configs/conv/conv_4275.json,reports/conv/conv_4275/csynth.xml,,,NO,
conv_4276,32,28,56,32,1,4,1,False,conv2d,,sigmoid,YES,YES,NO,configs/conv/conv_4276.json,reports/conv/conv_4276/csynth.xml,,,NO,
conv_4277,32,28,56,32,1,4,1,False,group_conv2d,2,sigmoid,YES,YES,NO,configs/conv/conv_4277.json,reports/conv/conv_4277/csynth.xml,,,NO,
conv_4278,32,28,56,32,1,4,1,False,group_conv2d,4,sigmoid,YES,YES,NO,configs/conv/conv_4278.json,reports/conv/conv_4278/csynth.xml,,,NO,
conv_4279,32,28,56,32,1,4,1,True,conv2d,,tanh,YES,YES,NO,configs/conv/conv_4279.json,reports/conv/conv_4279/csynth.xml,,,NO,
conv_4280,32,28,56,32,1,4,1,True,group_conv2d,2,tanh,YES,YES,NO,configs/conv/conv_4280.json,reports/conv/conv_4280/csynth.xml,,,NO,
conv_4281,32,28,56,32,1,4,1,True,group_conv2d,4,tanh,YES,YES,NO,configs/conv/conv_4281.json,reports/conv/conv_4281/csynth.xml,,,NO,
conv_4282,32,28,56,32,1,4,1,False,conv2d,,tanh,YES,YES,NO,configs/conv/conv_4282.json,reports/conv/conv_4282/csynth.xml,,,NO,
conv_4283,32,28,56,32,1,4,1,False,group_conv2d,2,tanh,YES,YES,NO,configs/conv/conv_4283.json,reports/conv/conv_4283/csynth.xml,,,NO,
conv_4284,32,28,56,32,1,4,1,False,group_conv2d,4,tanh,YES,YES,NO,configs/conv/conv_4284.json,reports/conv/conv_4284/csynth.xml,,,NO,
conv_4285,32,28,56,32,1,4,4,True,conv2d,,relu,YES,YES,NO,configs/conv/conv_4285.json,reports/conv/conv_4285/csynth.xml,,,NO,
conv_4286,32,28,56,32,1,4,4,True,group_conv2d,2,relu,YES,YES,NO,configs/conv/conv_4286.json,reports/conv/conv_4286/csynth.xml,,,NO,
conv_4287,32,28,56,32,1,4,4,True,group_conv2d,4,relu,YES,YES,NO,configs/conv/conv_4287.json,reports/conv/conv_4287/csynth.xml,,,NO,
conv_4288,32,28,56,32,1,4,4,False,conv2d,,relu,YES,YES,NO,configs/conv/conv_4288.json,reports/conv/conv_4288/csynth.xml,,,NO,
conv_4289,32,28,56,32,1,4,4,False,group_conv2d,2,relu,YES,YES,NO,configs/conv/conv_4289.json,reports/conv/conv_4289/csynth.xml,,,NO,
conv_4290,32,28,56,32,1,4,4,False,group_conv2d,4,relu,YES,YES,NO,configs/conv/conv_4290.json,reports/conv/conv_4290/csynth.xml,,,NO,
conv_4291,32,28,56,32,1,4,4,True,conv2d,,sigmoid,YES,YES,NO,configs/conv/conv_4291.json,reports/conv/conv_4291/csynth.xml,,,NO,
conv_4292,32,28,56,32,1,4,4,True,group_conv2d,2,sigmoid,YES,YES,NO,configs/conv/conv_4292.json,reports/conv/conv_4292/csynth.xml,,,NO,
conv_4293,32,28,56,32,1,4,4,True,group_conv2d,4,sigmoid,YES,YES,NO,configs/conv/conv_4293.json,reports/conv/conv_4293/csynth.xml,,,NO,
conv_4294,32,28,56,32,1,4,4,False,conv2d,,sigmoid,YES,YES,NO,configs/conv/conv_4294.json,reports/conv/conv_4294/csynth.xml,,,NO,
conv_4295,32,28,56,32,1,4,4,False,group_conv2d,2,sigmoid,YES,YES,NO,configs/conv/conv_4295.json,reports/conv/conv_4295/csynth.xml,,,NO,
conv_4296,32,28,56,32,1,4,4,False,group_conv2d,4,sigmoid,YES,YES,NO,configs/conv/conv_4296.json,reports/conv/conv_4296/csynth.xml,,,NO,
conv_4297,32,28,56,32,1,4,4,True,conv2d,,tanh,YES,YES,YES,configs/conv/conv_4297.json,reports/conv/conv_4297/csynth.xml,reports/conv/conv_4297/export_impl.xml,reports/conv/conv_4297/power_routed.rpt,NO,
conv_4298,32,28,56,32,1,4,4,True,group_conv2d,2,tanh,YES,YES,NO,configs/conv/conv_4298.json,reports/conv/conv_4298/csynth.xml,,,NO,
conv_4299,32,28,56,32,1,4,4,True,group_conv2d,4,tanh,YES,YES,NO,configs/conv/conv_4299.json,reports/conv/conv_4299/csynth.xml,,,NO,
conv_4300,32,28,56,32,1,4,4,False,conv2d,,tanh,YES,YES,YES,configs/conv/conv_4300.json,reports/conv/conv_4300/csynth.xml,reports/conv/conv_4300/export_impl.xml,reports/conv/conv_4300/power_routed.rpt,NO,
conv_4301,32,28,56,32,1,4,4,False,group_conv2d,2,tanh,YES,YES,NO,configs/conv/conv_4301.json,reports/conv/conv_4301/csynth.xml,,,NO,
conv_4302,32,28,56,32,1,4,4,False,group_conv2d,4,tanh,YES,YES,NO,configs/conv/conv_4302.json,reports/conv/conv_4302/csynth.xml,,,NO,
conv_4303,32,28,56,32,1,4,8,True,conv2d,,relu,YES,YES,NO,configs/conv/conv_4303.json,reports/conv/conv_4303/csynth.xml,,,NO,
conv_4304,32,28,56,32,1,4,8,True,group_conv2d,2,relu,YES,YES,NO,configs/conv/conv_4304.json,reports/conv/conv_4304/csynth.xml,,,NO,
conv_4305,32,28,56,32,1,4,8,True,group_conv2d,4,relu,YES,YES,NO,configs/conv/conv_4305.json,reports/conv/conv_4305/csynth.xml,,,NO,
conv_4306,32,28,56,32,1,4,8,False,conv2d,,relu,YES,YES,NO,configs/conv/conv_4306.json,reports/conv/conv_4306/csynth.xml,,,NO,
conv_4307,32,28,56,32,1,4,8,False,group_conv2d,2,relu,YES,YES,NO,configs/conv/conv_4307.json,reports/conv/conv_4307/csynth.xml,,,NO,
conv_4308,32,28,56,32,1,4,8,False,group_conv2d,4,relu,YES,YES,NO,configs/conv/conv_4308.json,reports/conv/conv_4308/csynth.xml,,,NO,
conv_4309,32,28,56,32,1,4,8,True,conv2d,,sigmoid,YES,YES,NO,configs/conv/conv_4309.json,reports/conv/conv_4309/csynth.xml,,,NO,
conv_4310,32,28,56,32,1,4,8,True,group_conv2d,2,sigmoid,YES,YES,NO,configs/conv/conv_4310.json,reports/conv/conv_4310/csynth.xml,,,NO,
conv_4311,32,28,56,32,1,4,8,True,group_conv2d,4,sigmoid,YES,YES,NO,configs/conv/conv_4311.json,reports/conv/conv_4311/csynth.xml,,,NO,
conv_4312,32,28,56,32,1,4,8,False,conv2d,,sigmoid,YES,YES,NO,configs/conv/conv_4312.json,reports/conv/conv_4312/csynth.xml,,,NO,
conv_4313,32,28,56,32,1,4,8,False,group_conv2d,2,sigmoid,YES,YES,NO,configs/conv/conv_4313.json,reports/conv/conv_4313/csynth.xml,,,NO,
conv_4314,32,28,56,32,1,4,8,False,group_conv2d,4,sigmoid,YES,YES,NO,configs/conv/conv_4314.json,reports/conv/conv_4314/csynth.xml,,,NO,
conv_4315,32,28,56,32,1,4,8,True,conv2d,,tanh,YES,YES,NO,configs/conv/conv_4315.json,reports/conv/conv_4315/csynth.xml,,,NO,
conv_4316,32,28,56,32,1,4,8,True,group_conv2d,2,tanh,YES,YES,NO,configs/conv/conv_4316.json,reports/conv/conv_4316/csynth.xml,,,NO,
conv_4317,32,28,56,32,1,4,8,True,group_conv2d,4,tanh,YES,YES,NO,configs/conv/conv_4317.json,reports/conv/conv_4317/csynth.xml,,,NO,
conv_4318,32,28,56,32,1,4,8,False,conv2d,,tanh,YES,YES,NO,configs/conv/conv_4318.json,reports/conv/conv_4318/csynth.xml,,,NO,
conv_4319,32,28,56,32,1,4,8,False,group_conv2d,2,tanh,YES,YES,NO,configs/conv/conv_4319.json,reports/conv/conv_4319/csynth.xml,,,NO,
conv_4320,32,28,56,32,1,4,8,False,group_conv2d,4,tanh,YES,YES,NO,configs/conv/conv_4320.json,reports/conv/conv_4320/csynth.xml,,,NO,
conv_4321,32,28,56,32,1,8,1,True,conv2d,,relu,YES,YES,NO,configs/conv/conv_4321.json,reports/conv/conv_4321/csynth.xml,,,NO,
conv_4322,32,28,56,32,1,8,1,True,group_conv2d,2,relu,YES,YES,NO,configs/conv/conv_4322.json,reports/conv/conv_4322/csynth.xml,,,NO,
conv_4323,32,28,56,32,1,8,1,True,group_conv2d,4,relu,YES,YES,NO,configs/conv/conv_4323.json,reports/conv/conv_4323/csynth.xml,,,NO,
conv_4324,32,28,56,32,1,8,1,False,conv2d,,relu,YES,YES,YES,configs/conv/conv_4324.json,reports/conv/conv_4324/csynth.xml,reports/conv/conv_4324/export_impl.xml,reports/conv/conv_4324/power_routed.rpt,NO,
conv_4325,32,28,56,32,1,8,1,False,group_conv2d,2,relu,YES,YES,NO,configs/conv/conv_4325.json,reports/conv/conv_4325/csynth.xml,,,NO,
conv_4326,32,28,56,32,1,8,1,False,group_conv2d,4,relu,YES,YES,NO,configs/conv/conv_4326.json,reports/conv/conv_4326/csynth.xml,,,NO,
conv_4327,32,28,56,32,1,8,1,True,conv2d,,sigmoid,YES,YES,NO,configs/conv/conv_4327.json,reports/conv/conv_4327/csynth.xml,,,NO,
conv_4328,32,28,56,32,1,8,1,True,group_conv2d,2,sigmoid,YES,YES,NO,configs/conv/conv_4328.json,reports/conv/conv_4328/csynth.xml,,,NO,
conv_4329,32,28,56,32,1,8,1,True,group_conv2d,4,sigmoid,YES,YES,NO,configs/conv/conv_4329.json,reports/conv/conv_4329/csynth.xml,,,NO,
conv_4330,32,28,56,32,1,8,1,False,conv2d,,sigmoid,YES,YES,NO,configs/conv/conv_4330.json,reports/conv/conv_4330/csynth.xml,,,NO,
conv_4331,32,28,56,32,1,8,1,False,group_conv2d,2,sigmoid,YES,YES,NO,configs/conv/conv_4331.json,reports/conv/conv_4331/csynth.xml,,,NO,
conv_4332,32,28,56,32,1,8,1,False,group_conv2d,4,sigmoid,YES,YES,NO,configs/conv/conv_4332.json,reports/conv/conv_4332/csynth.xml,,,NO,
conv_4333,32,28,56,32,1,8,1,True,conv2d,,tanh,YES,YES,NO,configs/conv/conv_4333.json,reports/conv/conv_4333/csynth.xml,,,NO,
conv_4334,32,28,56,32,1,8,1,True,group_conv2d,2,tanh,YES,YES,NO,configs/conv/conv_4334.json,reports/conv/conv_4334/csynth.xml,,,NO,
conv_4335,32,28,56,32,1,8,1,True,group_conv2d,4,tanh,YES,YES,NO,configs/conv/conv_4335.json,reports/conv/conv_4335/csynth.xml,,,NO,
conv_4336,32,28,56,32,1,8,1,False,conv2d,,tanh,YES,YES,NO,configs/conv/conv_4336.json,reports/conv/conv_4336/csynth.xml,,,NO,
conv_4337,32,28,56,32,1,8,1,False,group_conv2d,2,tanh,YES,YES,NO,configs/conv/conv_4337.json,reports/conv/conv_4337/csynth.xml,,,NO,
conv_4338,32,28,56,32,1,8,1,False,group_conv2d,4,tanh,YES,YES,NO,configs/conv/conv_4338.json,reports/conv/conv_4338/csynth.xml,,,NO,
conv_4339,32,28,56,32,1,8,4,True,conv2d,,relu,YES,YES,NO,configs/conv/conv_4339.json,reports/conv/conv_4339/csynth.xml,,,NO,
conv_4340,32,28,56,32,1,8,4,True,group_conv2d,2,relu,YES,YES,NO,configs/conv/conv_4340.json,reports/conv/conv_4340/csynth.xml,,,NO,
conv_4341,32,28,56,32,1,8,4,True,group_conv2d,4,relu,YES,YES,NO,configs/conv/conv_4341.json,reports/conv/conv_4341/csynth.xml,,,NO,
conv_4342,32,28,56,32,1,8,4,False,conv2d,,relu,YES,YES,NO,configs/conv/conv_4342.json,reports/conv/conv_4342/csynth.xml,,,NO,
conv_4343,32,28,56,32,1,8,4,False,group_conv2d,2,relu,YES,YES,NO,configs/conv/conv_4343.json,reports/conv/conv_4343/csynth.xml,,,NO,
conv_4344,32,28,56,32,1,8,4,False,group_conv2d,4,relu,YES,YES,YES,configs/conv/conv_4344.json,reports/conv/conv_4344/csynth.xml,reports/conv/conv_4344/export_impl.xml,reports/conv/conv_4344/power_routed.rpt,NO,
conv_4345,32,28,56,32,1,8,4,True,conv2d,,sigmoid,YES,YES,NO,configs/conv/conv_4345.json,reports/conv/conv_4345/csynth.xml,,,NO,
conv_4346,32,28,56,32,1,8,4,True,group_conv2d,2,sigmoid,YES,YES,NO,configs/conv/conv_4346.json,reports/conv/conv_4346/csynth.xml,,,NO,
conv_4347,32,28,56,32,1,8,4,True,group_conv2d,4,sigmoid,YES,YES,NO,configs/conv/conv_4347.json,reports/conv/conv_4347/csynth.xml,,,NO,
conv_4348,32,28,56,32,1,8,4,False,conv2d,,sigmoid,YES,YES,NO,configs/conv/conv_4348.json,reports/conv/conv_4348/csynth.xml,,,NO,
conv_4349,32,28,56,32,1,8,4,False,group_conv2d,2,sigmoid,YES,YES,NO,configs/conv/conv_4349.json,reports/conv/conv_4349/csynth.xml,,,NO,
conv_4350,32,28,56,32,1,8,4,False,group_conv2d,4,sigmoid,YES,YES,NO,configs/conv/conv_4350.json,reports/conv/conv_4350/csynth.xml,,,NO,
conv_4351,32,28,56,32,1,8,4,True,conv2d,,tanh,YES,YES,NO,configs/conv/conv_4351.json,reports/conv/conv_4351/csynth.xml,,,NO,
conv_4352,32,28,56,32,1,8,4,True,group_conv2d,2,tanh,YES,YES,NO,configs/conv/conv_4352.json,reports/conv/conv_4352/csynth.xml,,,NO,
conv_4353,32,28,56,32,1,8,4,True,group_conv2d,4,tanh,YES,YES,NO,configs/conv/conv_4353.json,reports/conv/conv_4353/csynth.xml,,,NO,
conv_4354,32,28,56,32,1,8,4,False,conv2d,,tanh,YES,YES,NO,configs/conv/conv_4354.json,reports/conv/conv_4354/csynth.xml,,,NO,
conv_4355,32,28,56,32,1,8,4,False,group_conv2d,2,tanh,YES,YES,NO,configs/conv/conv_4355.json,reports/conv/conv_4355/csynth.xml,,,NO,
conv_4356,32,28,56,32,1,8,4,False,group_conv2d,4,tanh,YES,YES,NO,configs/conv/conv_4356.json,reports/conv/conv_4356/csynth.xml,,,NO,
conv_4357,32,28,56,32,1,8,8,True,conv2d,,relu,YES,YES,NO,configs/conv/conv_4357.json,reports/conv/conv_4357/csynth.xml,,,NO,
conv_4358,32,28,56,32,1,8,8,True,group_conv2d,2,relu,YES,YES,YES,configs/conv/conv_4358.json,reports/conv/conv_4358/csynth.xml,reports/conv/conv_4358/export_impl.xml,reports/conv/conv_4358/power_routed.rpt,NO,
conv_4359,32,28,56,32,1,8,8,True,group_conv2d,4,relu,YES,YES,NO,configs/conv/conv_4359.json,reports/conv/conv_4359/csynth.xml,,,NO,
conv_4360,32,28,56,32,1,8,8,False,conv2d,,relu,YES,YES,NO,configs/conv/conv_4360.json,reports/conv/conv_4360/csynth.xml,,,NO,
conv_4361,32,28,56,32,1,8,8,False,group_conv2d,2,relu,YES,YES,NO,configs/conv/conv_4361.json,reports/conv/conv_4361/csynth.xml,,,NO,
conv_4362,32,28,56,32,1,8,8,False,group_conv2d,4,relu,YES,YES,NO,configs/conv/conv_4362.json,reports/conv/conv_4362/csynth.xml,,,NO,
conv_4363,32,28,56,32,1,8,8,True,conv2d,,sigmoid,YES,YES,NO,configs/conv/conv_4363.json,reports/conv/conv_4363/csynth.xml,,,NO,
conv_4364,32,28,56,32,1,8,8,True,group_conv2d,2,sigmoid,YES,YES,NO,configs/conv/conv_4364.json,reports/conv/conv_4364/csynth.xml,,,NO,
conv_4365,32,28,56,32,1,8,8,True,group_conv2d,4,sigmoid,YES,YES,NO,configs/conv/conv_4365.json,reports/conv/conv_4365/csynth.xml,,,NO,
conv_4366,32,28,56,32,1,8,8,False,conv2d,,sigmoid,YES,YES,NO,configs/conv/conv_4366.json,reports/conv/conv_4366/csynth.xml,,,NO,
conv_4367,32,28,56,32,1,8,8,False,group_conv2d,2,sigmoid,YES,YES,NO,configs/conv/conv_4367.json,reports/conv/conv_4367/csynth.xml,,,NO,
conv_4368,32,28,56,32,1,8,8,False,group_conv2d,4,sigmoid,YES,YES,NO,configs/conv/conv_4368.json,reports/conv/conv_4368/csynth.xml,,,NO,
conv_4369,32,28,56,32,1,8,8,True,conv2d,,tanh,YES,YES,NO,configs/conv/conv_4369.json,reports/conv/conv_4369/csynth.xml,,,NO,
conv_4370,32,28,56,32,1,8,8,True,group_conv2d,2,tanh,YES,YES,NO,configs/conv/conv_4370.json,reports/conv/conv_4370/csynth.xml,,,NO,
conv_4371,32,28,56,32,1,8,8,True,group_conv2d,4,tanh,YES,YES,NO,configs/conv/conv_4371.json,reports/conv/conv_4371/csynth.xml,,,NO,
conv_4372,32,28,56,32,1,8,8,False,conv2d,,tanh,YES,YES,NO,configs/conv/conv_4372.json,reports/conv/conv_4372/csynth.xml,,,NO,
conv_4373,32,28,56,32,1,8,8,False,group_conv2d,2,tanh,YES,YES,NO,configs/conv/conv_4373.json,reports/conv/conv_4373/csynth.xml,,,NO,
conv_4374,32,28,56,32,1,8,8,False,group_conv2d,4,tanh,YES,YES,NO,configs/conv/conv_4374.json,reports/conv/conv_4374/csynth.xml,,,NO,
conv_4375,32,28,56,32,3,1,1,True,conv2d,,relu,YES,YES,YES,configs/conv/conv_4375.json,reports/conv/conv_4375/csynth.xml,reports/conv/conv_4375/export_impl.xml,reports/conv/conv_4375/power_routed.rpt,NO,
conv_4376,32,28,56,32,3,1,1,True,group_conv2d,2,relu,YES,YES,YES,configs/conv/conv_4376.json,reports/conv/conv_4376/csynth.xml,reports/conv/conv_4376/export_impl.xml,reports/conv/conv_4376/power_routed.rpt,NO,
conv_4377,32,28,56,32,3,1,1,True,group_conv2d,4,relu,YES,YES,YES,configs/conv/conv_4377.json,reports/conv/conv_4377/csynth.xml,reports/conv/conv_4377/export_impl.xml,reports/conv/conv_4377/power_routed.rpt,NO,
conv_4378,32,28,56,32,3,1,1,False,conv2d,,relu,YES,YES,YES,configs/conv/conv_4378.json,reports/conv/conv_4378/csynth.xml,reports/conv/conv_4378/export_impl.xml,reports/conv/conv_4378/power_routed.rpt,NO,
conv_4379,32,28,56,32,3,1,1,False,group_conv2d,2,relu,YES,YES,YES,configs/conv/conv_4379.json,reports/conv/conv_4379/csynth.xml,reports/conv/conv_4379/export_impl.xml,reports/conv/conv_4379/power_routed.rpt,NO,
conv_4380,32,28,56,32,3,1,1,False,group_conv2d,4,relu,YES,YES,YES,configs/conv/conv_4380.json,reports/conv/conv_4380/csynth.xml,reports/conv/conv_4380/export_impl.xml,reports/conv/conv_4380/power_routed.rpt,NO,
conv_4381,32,28,56,32,3,1,1,True,conv2d,,sigmoid,YES,YES,YES,configs/conv/conv_4381.json,reports/conv/conv_4381/csynth.xml,reports/conv/conv_4381/export_impl.xml,reports/conv/conv_4381/power_routed.rpt,NO,
conv_4382,32,28,56,32,3,1,1,True,group_conv2d,2,sigmoid,YES,YES,YES,configs/conv/conv_4382.json,reports/conv/conv_4382/csynth.xml,reports/conv/conv_4382/export_impl.xml,reports/conv/conv_4382/power_routed.rpt,NO,
conv_4383,32,28,56,32,3,1,1,True,group_conv2d,4,sigmoid,YES,YES,YES,configs/conv/conv_4383.json,reports/conv/conv_4383/csynth.xml,reports/conv/conv_4383/export_impl.xml,reports/conv/conv_4383/power_routed.rpt,NO,
conv_4384,32,28,56,32,3,1,1,False,conv2d,,sigmoid,YES,YES,YES,configs/conv/conv_4384.json,reports/conv/conv_4384/csynth.xml,reports/conv/conv_4384/export_impl.xml,reports/conv/conv_4384/power_routed.rpt,NO,
conv_4385,32,28,56,32,3,1,1,False,group_conv2d,2,sigmoid,YES,YES,YES,configs/conv/conv_4385.json,reports/conv/conv_4385/csynth.xml,reports/conv/conv_4385/export_impl.xml,reports/conv/conv_4385/power_routed.rpt,NO,
conv_4386,32,28,56,32,3,1,1,False,group_conv2d,4,sigmoid,YES,YES,YES,configs/conv/conv_4386.json,reports/conv/conv_4386/csynth.xml,reports/conv/conv_4386/export_impl.xml,reports/conv/conv_4386/power_routed.rpt,NO,
conv_4387,32,28,56,32,3,1,1,True,conv2d,,tanh,YES,YES,YES,configs/conv/conv_4387.json,reports/conv/conv_4387/csynth.xml,reports/conv/conv_4387/export_impl.xml,reports/conv/conv_4387/power_routed.rpt,NO,
conv_4388,32,28,56,32,3,1,1,True,group_conv2d,2,tanh,YES,YES,YES,configs/conv/conv_4388.json,reports/conv/conv_4388/csynth.xml,reports/conv/conv_4388/export_impl.xml,reports/conv/conv_4388/power_routed.rpt,NO,
conv_4389,32,28,56,32,3,1,1,True,group_conv2d,4,tanh,YES,YES,YES,configs/conv/conv_4389.json,reports/conv/conv_4389/csynth.xml,reports/conv/conv_4389/export_impl.xml,reports/conv/conv_4389/power_routed.rpt,NO,
conv_4390,32,28,56,32,3,1,1,False,conv2d,,tanh,YES,YES,YES,configs/conv/conv_4390.json,reports/conv/conv_4390/csynth.xml,reports/conv/conv_4390/export_impl.xml,reports/conv/conv_4390/power_routed.rpt,NO,
conv_4391,32,28,56,32,3,1,1,False,group_conv2d,2,tanh,YES,YES,YES,configs/conv/conv_4391.json,reports/conv/conv_4391/csynth.xml,reports/conv/conv_4391/export_impl.xml,reports/conv/conv_4391/power_routed.rpt,NO,
conv_4392,32,28,56,32,3,1,1,False,group_conv2d,4,tanh,YES,YES,YES,configs/conv/conv_4392.json,reports/conv/conv_4392/csynth.xml,reports/conv/conv_4392/export_impl.xml,reports/conv/conv_4392/power_routed.rpt,NO,
conv_4393,32,28,56,32,3,1,4,True,conv2d,,relu,YES,YES,NO,configs/conv/conv_4393.json,reports/conv/conv_4393/csynth.xml,,,NO,
conv_4394,32,28,56,32,3,1,4,True,group_conv2d,2,relu,YES,YES,NO,configs/conv/conv_4394.json,reports/conv/conv_4394/csynth.xml,,,NO,
conv_4395,32,28,56,32,3,1,4,True,group_conv2d,4,relu,YES,YES,NO,configs/conv/conv_4395.json,reports/conv/conv_4395/csynth.xml,,,NO,
conv_4396,32,28,56,32,3,1,4,False,conv2d,,relu,YES,YES,NO,configs/conv/conv_4396.json,reports/conv/conv_4396/csynth.xml,,,NO,
conv_4397,32,28,56,32,3,1,4,False,group_conv2d,2,relu,YES,YES,NO,configs/conv/conv_4397.json,reports/conv/conv_4397/csynth.xml,,,NO,
conv_4398,32,28,56,32,3,1,4,False,group_conv2d,4,relu,YES,YES,NO,configs/conv/conv_4398.json,reports/conv/conv_4398/csynth.xml,,,NO,
conv_4399,32,28,56,32,3,1,4,True,conv2d,,sigmoid,YES,YES,YES,configs/conv/conv_4399.json,reports/conv/conv_4399/csynth.xml,reports/conv/conv_4399/export_impl.xml,reports/conv/conv_4399/power_routed.rpt,NO,
conv_4400,32,28,56,32,3,1,4,True,group_conv2d,2,sigmoid,YES,YES,NO,configs/conv/conv_4400.json,reports/conv/conv_4400/csynth.xml,,,NO,
conv_4401,32,28,56,32,3,1,4,True,group_conv2d,4,sigmoid,YES,YES,NO,configs/conv/conv_4401.json,reports/conv/conv_4401/csynth.xml,,,NO,
conv_4402,32,28,56,32,3,1,4,False,conv2d,,sigmoid,YES,YES,NO,configs/conv/conv_4402.json,reports/conv/conv_4402/csynth.xml,,,NO,
conv_4403,32,28,56,32,3,1,4,False,group_conv2d,2,sigmoid,YES,YES,NO,configs/conv/conv_4403.json,reports/conv/conv_4403/csynth.xml,,,NO,
conv_4404,32,28,56,32,3,1,4,False,group_conv2d,4,sigmoid,YES,YES,NO,configs/conv/conv_4404.json,reports/conv/conv_4404/csynth.xml,,,NO,
conv_4405,32,28,56,32,3,1,4,True,conv2d,,tanh,YES,YES,NO,configs/conv/conv_4405.json,reports/conv/conv_4405/csynth.xml,,,NO,
conv_4406,32,28,56,32,3,1,4,True,group_conv2d,2,tanh,YES,YES,NO,configs/conv/conv_4406.json,reports/conv/conv_4406/csynth.xml,,,NO,
conv_4407,32,28,56,32,3,1,4,True,group_conv2d,4,tanh,YES,YES,NO,configs/conv/conv_4407.json,reports/conv/conv_4407/csynth.xml,,,NO,
conv_4408,32,28,56,32,3,1,4,False,conv2d,,tanh,YES,YES,YES,configs/conv/conv_4408.json,reports/conv/conv_4408/csynth.xml,reports/conv/conv_4408/export_impl.xml,reports/conv/conv_4408/power_routed.rpt,NO,
conv_4409,32,28,56,32,3,1,4,False,group_conv2d,2,tanh,YES,YES,NO,configs/conv/conv_4409.json,reports/conv/conv_4409/csynth.xml,,,NO,
conv_4410,32,28,56,32,3,1,4,False,group_conv2d,4,tanh,YES,YES,NO,configs/conv/conv_4410.json,reports/conv/conv_4410/csynth.xml,,,NO,
conv_4411,32,28,56,32,3,1,8,True,conv2d,,relu,YES,YES,NO,configs/conv/conv_4411.json,reports/conv/conv_4411/csynth.xml,,,NO,
conv_4412,32,28,56,32,3,1,8,True,group_conv2d,2,relu,YES,YES,NO,configs/conv/conv_4412.json,reports/conv/conv_4412/csynth.xml,,,NO,
conv_4413,32,28,56,32,3,1,8,True,group_conv2d,4,relu,YES,YES,NO,configs/conv/conv_4413.json,reports/conv/conv_4413/csynth.xml,,,NO,
conv_4414,32,28,56,32,3,1,8,False,conv2d,,relu,YES,YES,NO,configs/conv/conv_4414.json,reports/conv/conv_4414/csynth.xml,,,NO,
conv_4415,32,28,56,32,3,1,8,False,group_conv2d,2,relu,YES,YES,NO,configs/conv/conv_4415.json,reports/conv/conv_4415/csynth.xml,,,NO,
conv_4416,32,28,56,32,3,1,8,False,group_conv2d,4,relu,YES,YES,NO,configs/conv/conv_4416.json,reports/conv/conv_4416/csynth.xml,,,NO,
conv_4417,32,28,56,32,3,1,8,True,conv2d,,sigmoid,YES,YES,NO,configs/conv/conv_4417.json,reports/conv/conv_4417/csynth.xml,,,NO,
conv_4418,32,28,56,32,3,1,8,True,group_conv2d,2,sigmoid,YES,YES,NO,configs/conv/conv_4418.json,reports/conv/conv_4418/csynth.xml,,,NO,
conv_4419,32,28,56,32,3,1,8,True,group_conv2d,4,sigmoid,YES,YES,NO,configs/conv/conv_4419.json,reports/conv/conv_4419/csynth.xml,,,NO,
conv_4420,32,28,56,32,3,1,8,False,conv2d,,sigmoid,YES,YES,NO,configs/conv/conv_4420.json,reports/conv/conv_4420/csynth.xml,,,NO,
conv_4421,32,28,56,32,3,1,8,False,group_conv2d,2,sigmoid,YES,YES,NO,configs/conv/conv_4421.json,reports/conv/conv_4421/csynth.xml,,,NO,
conv_4422,32,28,56,32,3,1,8,False,group_conv2d,4,sigmoid,YES,YES,NO,configs/conv/conv_4422.json,reports/conv/conv_4422/csynth.xml,,,NO,
conv_4423,32,28,56,32,3,1,8,True,conv2d,,tanh,YES,YES,NO,configs/conv/conv_4423.json,reports/conv/conv_4423/csynth.xml,,,NO,
conv_4424,32,28,56,32,3,1,8,True,group_conv2d,2,tanh,YES,YES,NO,configs/conv/conv_4424.json,reports/conv/conv_4424/csynth.xml,,,NO,
conv_4425,32,28,56,32,3,1,8,True,group_conv2d,4,tanh,YES,YES,NO,configs/conv/conv_4425.json,reports/conv/conv_4425/csynth.xml,,,NO,
conv_4426,32,28,56,32,3,1,8,False,conv2d,,tanh,YES,YES,NO,configs/conv/conv_4426.json,reports/conv/conv_4426/csynth.xml,,,NO,
conv_4427,32,28,56,32,3,1,8,False,group_conv2d,2,tanh,YES,YES,NO,configs/conv/conv_4427.json,reports/conv/conv_4427/csynth.xml,,,NO,
conv_4428,32,28,56,32,3,1,8,False,group_conv2d,4,tanh,YES,YES,NO,configs/conv/conv_4428.json,reports/conv/conv_4428/csynth.xml,,,NO,
conv_4429,32,28,56,32,3,4,1,True,conv2d,,relu,YES,YES,NO,configs/conv/conv_4429.json,reports/conv/conv_4429/csynth.xml,,,NO,
conv_4430,32,28,56,32,3,4,1,True,group_conv2d,2,relu,YES,YES,NO,configs/conv/conv_4430.json,reports/conv/conv_4430/csynth.xml,,,NO,
conv_4431,32,28,56,32,3,4,1,True,group_conv2d,4,relu,YES,YES,NO,configs/conv/conv_4431.json,reports/conv/conv_4431/csynth.xml,,,NO,
conv_4432,32,28,56,32,3,4,1,False,conv2d,,relu,YES,YES,NO,configs/conv/conv_4432.json,reports/conv/conv_4432/csynth.xml,,,NO,
conv_4433,32,28,56,32,3,4,1,False,group_conv2d,2,relu,YES,YES,NO,configs/conv/conv_4433.json,reports/conv/conv_4433/csynth.xml,,,NO,
conv_4434,32,28,56,32,3,4,1,False,group_conv2d,4,relu,YES,YES,NO,configs/conv/conv_4434.json,reports/conv/conv_4434/csynth.xml,,,NO,
conv_4435,32,28,56,32,3,4,1,True,conv2d,,sigmoid,YES,YES,YES,configs/conv/conv_4435.json,reports/conv/conv_4435/csynth.xml,reports/conv/conv_4435/export_impl.xml,reports/conv/conv_4435/power_routed.rpt,NO,
conv_4436,32,28,56,32,3,4,1,True,group_conv2d,2,sigmoid,YES,YES,NO,configs/conv/conv_4436.json,reports/conv/conv_4436/csynth.xml,,,NO,
conv_4437,32,28,56,32,3,4,1,True,group_conv2d,4,sigmoid,YES,YES,NO,configs/conv/conv_4437.json,reports/conv/conv_4437/csynth.xml,,,NO,
conv_4438,32,28,56,32,3,4,1,False,conv2d,,sigmoid,YES,YES,YES,configs/conv/conv_4438.json,reports/conv/conv_4438/csynth.xml,reports/conv/conv_4438/export_impl.xml,reports/conv/conv_4438/power_routed.rpt,NO,
conv_4439,32,28,56,32,3,4,1,False,group_conv2d,2,sigmoid,YES,YES,NO,configs/conv/conv_4439.json,reports/conv/conv_4439/csynth.xml,,,NO,
conv_4440,32,28,56,32,3,4,1,False,group_conv2d,4,sigmoid,YES,YES,NO,configs/conv/conv_4440.json,reports/conv/conv_4440/csynth.xml,,,NO,
conv_4441,32,28,56,32,3,4,1,True,conv2d,,tanh,YES,YES,NO,configs/conv/conv_4441.json,reports/conv/conv_4441/csynth.xml,,,NO,
conv_4442,32,28,56,32,3,4,1,True,group_conv2d,2,tanh,YES,YES,NO,configs/conv/conv_4442.json,reports/conv/conv_4442/csynth.xml,,,NO,
conv_4443,32,28,56,32,3,4,1,True,group_conv2d,4,tanh,YES,YES,NO,configs/conv/conv_4443.json,reports/conv/conv_4443/csynth.xml,,,NO,
conv_4444,32,28,56,32,3,4,1,False,conv2d,,tanh,YES,YES,NO,configs/conv/conv_4444.json,reports/conv/conv_4444/csynth.xml,,,NO,
conv_4445,32,28,56,32,3,4,1,False,group_conv2d,2,tanh,YES,YES,NO,configs/conv/conv_4445.json,reports/conv/conv_4445/csynth.xml,,,NO,
conv_4446,32,28,56,32,3,4,1,False,group_conv2d,4,tanh,YES,YES,NO,configs/conv/conv_4446.json,reports/conv/conv_4446/csynth.xml,,,NO,
conv_4447,32,28,56,32,3,4,4,True,conv2d,,relu,YES,YES,YES,configs/conv/conv_4447.json,reports/conv/conv_4447/csynth.xml,reports/conv/conv_4447/export_impl.xml,reports/conv/conv_4447/power_routed.rpt,NO,
conv_4448,32,28,56,32,3,4,4,True,group_conv2d,2,relu,YES,YES,NO,configs/conv/conv_4448.json,reports/conv/conv_4448/csynth.xml,,,NO,
conv_4449,32,28,56,32,3,4,4,True,group_conv2d,4,relu,YES,YES,NO,configs/conv/conv_4449.json,reports/conv/conv_4449/csynth.xml,,,NO,
conv_4450,32,28,56,32,3,4,4,False,conv2d,,relu,YES,YES,YES,configs/conv/conv_4450.json,reports/conv/conv_4450/csynth.xml,reports/conv/conv_4450/export_impl.xml,reports/conv/conv_4450/power_routed.rpt,NO,
conv_4451,32,28,56,32,3,4,4,False,group_conv2d,2,relu,YES,YES,NO,configs/conv/conv_4451.json,reports/conv/conv_4451/csynth.xml,,,NO,
conv_4452,32,28,56,32,3,4,4,False,group_conv2d,4,relu,YES,YES,NO,configs/conv/conv_4452.json,reports/conv/conv_4452/csynth.xml,,,NO,
conv_4453,32,28,56,32,3,4,4,True,conv2d,,sigmoid,YES,YES,NO,configs/conv/conv_4453.json,reports/conv/conv_4453/csynth.xml,,,NO,
conv_4454,32,28,56,32,3,4,4,True,group_conv2d,2,sigmoid,YES,YES,NO,configs/conv/conv_4454.json,reports/conv/conv_4454/csynth.xml,,,NO,
conv_4455,32,28,56,32,3,4,4,True,group_conv2d,4,sigmoid,YES,YES,NO,configs/conv/conv_4455.json,reports/conv/conv_4455/csynth.xml,,,NO,
conv_4456,32,28,56,32,3,4,4,False,conv2d,,sigmoid,YES,YES,NO,configs/conv/conv_4456.json,reports/conv/conv_4456/csynth.xml,,,NO,
conv_4457,32,28,56,32,3,4,4,False,group_conv2d,2,sigmoid,YES,YES,NO,configs/conv/conv_4457.json,reports/conv/conv_4457/csynth.xml,,,NO,
conv_4458,32,28,56,32,3,4,4,False,group_conv2d,4,sigmoid,YES,YES,NO,configs/conv/conv_4458.json,reports/conv/conv_4458/csynth.xml,,,NO,
conv_4459,32,28,56,32,3,4,4,True,conv2d,,tanh,YES,YES,NO,configs/conv/conv_4459.json,reports/conv/conv_4459/csynth.xml,,,NO,
conv_4460,32,28,56,32,3,4,4,True,group_conv2d,2,tanh,YES,YES,NO,configs/conv/conv_4460.json,reports/conv/conv_4460/csynth.xml,,,NO,
conv_4461,32,28,56,32,3,4,4,True,group_conv2d,4,tanh,YES,YES,NO,configs/conv/conv_4461.json,reports/conv/conv_4461/csynth.xml,,,NO,
conv_4462,32,28,56,32,3,4,4,False,conv2d,,tanh,YES,YES,NO,configs/conv/conv_4462.json,reports/conv/conv_4462/csynth.xml,,,NO,
conv_4463,32,28,56,32,3,4,4,False,group_conv2d,2,tanh,YES,YES,NO,configs/conv/conv_4463.json,reports/conv/conv_4463/csynth.xml,,,NO,
conv_4464,32,28,56,32,3,4,4,False,group_conv2d,4,tanh,YES,YES,NO,configs/conv/conv_4464.json,reports/conv/conv_4464/csynth.xml,,,NO,
conv_4465,32,28,56,32,3,4,8,True,conv2d,,relu,YES,YES,NO,configs/conv/conv_4465.json,reports/conv/conv_4465/csynth.xml,,,NO,
conv_4466,32,28,56,32,3,4,8,True,group_conv2d,2,relu,YES,YES,NO,configs/conv/conv_4466.json,reports/conv/conv_4466/csynth.xml,,,NO,
conv_4467,32,28,56,32,3,4,8,True,group_conv2d,4,relu,YES,YES,NO,configs/conv/conv_4467.json,reports/conv/conv_4467/csynth.xml,,,NO,
conv_4468,32,28,56,32,3,4,8,False,conv2d,,relu,YES,YES,YES,configs/conv/conv_4468.json,reports/conv/conv_4468/csynth.xml,reports/conv/conv_4468/export_impl.xml,reports/conv/conv_4468/power_routed.rpt,NO,
conv_4469,32,28,56,32,3,4,8,False,group_conv2d,2,relu,YES,YES,NO,configs/conv/conv_4469.json,reports/conv/conv_4469/csynth.xml,,,NO,
conv_4470,32,28,56,32,3,4,8,False,group_conv2d,4,relu,YES,YES,NO,configs/conv/conv_4470.json,reports/conv/conv_4470/csynth.xml,,,NO,
conv_4471,32,28,56,32,3,4,8,True,conv2d,,sigmoid,YES,YES,NO,configs/conv/conv_4471.json,reports/conv/conv_4471/csynth.xml,,,NO,
conv_4472,32,28,56,32,3,4,8,True,group_conv2d,2,sigmoid,YES,YES,NO,configs/conv/conv_4472.json,reports/conv/conv_4472/csynth.xml,,,NO,
conv_4473,32,28,56,32,3,4,8,True,group_conv2d,4,sigmoid,YES,YES,NO,configs/conv/conv_4473.json,reports/conv/conv_4473/csynth.xml,,,NO,
conv_4474,32,28,56,32,3,4,8,False,conv2d,,sigmoid,YES,YES,NO,configs/conv/conv_4474.json,reports/conv/conv_4474/csynth.xml,,,NO,
conv_4475,32,28,56,32,3,4,8,False,group_conv2d,2,sigmoid,YES,YES,NO,configs/conv/conv_4475.json,reports/conv/conv_4475/csynth.xml,,,NO,
conv_4476,32,28,56,32,3,4,8,False,group_conv2d,4,sigmoid,YES,YES,NO,configs/conv/conv_4476.json,reports/conv/conv_4476/csynth.xml,,,NO,
conv_4477,32,28,56,32,3,4,8,True,conv2d,,tanh,YES,YES,NO,configs/conv/conv_4477.json,reports/conv/conv_4477/csynth.xml,,,NO,
conv_4478,32,28,56,32,3,4,8,True,group_conv2d,2,tanh,YES,YES,NO,configs/conv/conv_4478.json,reports/conv/conv_4478/csynth.xml,,,NO,
conv_4479,32,28,56,32,3,4,8,True,group_conv2d,4,tanh,YES,YES,NO,configs/conv/conv_4479.json,reports/conv/conv_4479/csynth.xml,,,NO,
conv_4480,32,28,56,32,3,4,8,False,conv2d,,tanh,YES,YES,NO,configs/conv/conv_4480.json,reports/conv/conv_4480/csynth.xml,,,NO,
conv_4481,32,28,56,32,3,4,8,False,group_conv2d,2,tanh,YES,YES,NO,configs/conv/conv_4481.json,reports/conv/conv_4481/csynth.xml,,,NO,
conv_4482,32,28,56,32,3,4,8,False,group_conv2d,4,tanh,YES,YES,NO,configs/conv/conv_4482.json,reports/conv/conv_4482/csynth.xml,,,NO,
conv_4483,32,28,56,32,3,8,1,True,conv2d,,relu,YES,YES,NO,configs/conv/conv_4483.json,reports/conv/conv_4483/csynth.xml,,,NO,
conv_4484,32,28,56,32,3,8,1,True,group_conv2d,2,relu,YES,YES,NO,configs/conv/conv_4484.json,reports/conv/conv_4484/csynth.xml,,,NO,
conv_4485,32,28,56,32,3,8,1,True,group_conv2d,4,relu,YES,YES,NO,configs/conv/conv_4485.json,reports/conv/conv_4485/csynth.xml,,,NO,
conv_4486,32,28,56,32,3,8,1,False,conv2d,,relu,YES,YES,NO,configs/conv/conv_4486.json,reports/conv/conv_4486/csynth.xml,,,NO,
conv_4487,32,28,56,32,3,8,1,False,group_conv2d,2,relu,YES,YES,NO,configs/conv/conv_4487.json,reports/conv/conv_4487/csynth.xml,,,NO,
conv_4488,32,28,56,32,3,8,1,False,group_conv2d,4,relu,YES,YES,YES,configs/conv/conv_4488.json,reports/conv/conv_4488/csynth.xml,reports/conv/conv_4488/export_impl.xml,reports/conv/conv_4488/power_routed.rpt,NO,
conv_4489,32,28,56,32,3,8,1,True,conv2d,,sigmoid,YES,YES,NO,configs/conv/conv_4489.json,reports/conv/conv_4489/csynth.xml,,,NO,
conv_4490,32,28,56,32,3,8,1,True,group_conv2d,2,sigmoid,YES,YES,NO,configs/conv/conv_4490.json,reports/conv/conv_4490/csynth.xml,,,NO,
conv_4491,32,28,56,32,3,8,1,True,group_conv2d,4,sigmoid,YES,YES,NO,configs/conv/conv_4491.json,reports/conv/conv_4491/csynth.xml,,,NO,
conv_4492,32,28,56,32,3,8,1,False,conv2d,,sigmoid,YES,YES,NO,configs/conv/conv_4492.json,reports/conv/conv_4492/csynth.xml,,,NO,
conv_4493,32,28,56,32,3,8,1,False,group_conv2d,2,sigmoid,YES,YES,NO,configs/conv/conv_4493.json,reports/conv/conv_4493/csynth.xml,,,NO,
conv_4494,32,28,56,32,3,8,1,False,group_conv2d,4,sigmoid,YES,YES,NO,configs/conv/conv_4494.json,reports/conv/conv_4494/csynth.xml,,,NO,
conv_4495,32,28,56,32,3,8,1,True,conv2d,,tanh,YES,YES,NO,configs/conv/conv_4495.json,reports/conv/conv_4495/csynth.xml,,,NO,
conv_4496,32,28,56,32,3,8,1,True,group_conv2d,2,tanh,YES,YES,NO,configs/conv/conv_4496.json,reports/conv/conv_4496/csynth.xml,,,NO,
conv_4497,32,28,56,32,3,8,1,True,group_conv2d,4,tanh,YES,YES,NO,configs/conv/conv_4497.json,reports/conv/conv_4497/csynth.xml,,,NO,
conv_4498,32,28,56,32,3,8,1,False,conv2d,,tanh,YES,YES,NO,configs/conv/conv_4498.json,reports/conv/conv_4498/csynth.xml,,,NO,
conv_4499,32,28,56,32,3,8,1,False,group_conv2d,2,tanh,YES,YES,NO,configs/conv/conv_4499.json,reports/conv/conv_4499/csynth.xml,,,NO,
conv_4500,32,28,56,32,3,8,1,False,group_conv2d,4,tanh,YES,YES,NO,configs/conv/conv_4500.json,reports/conv/conv_4500/csynth.xml,,,NO,
conv_4501,32,28,56,32,3,8,4,True,conv2d,,relu,YES,YES,NO,configs/conv/conv_4501.json,reports/conv/conv_4501/csynth.xml,,,NO,
conv_4502,32,28,56,32,3,8,4,True,group_conv2d,2,relu,YES,YES,YES,configs/conv/conv_4502.json,reports/conv/conv_4502/csynth.xml,reports/conv/conv_4502/export_impl.xml,reports/conv/conv_4502/power_routed.rpt,NO,
conv_4503,32,28,56,32,3,8,4,True,group_conv2d,4,relu,YES,YES,NO,configs/conv/conv_4503.json,reports/conv/conv_4503/csynth.xml,,,NO,
conv_4504,32,28,56,32,3,8,4,False,conv2d,,relu,YES,YES,NO,configs/conv/conv_4504.json,reports/conv/conv_4504/csynth.xml,,,NO,
conv_4505,32,28,56,32,3,8,4,False,group_conv2d,2,relu,YES,YES,NO,configs/conv/conv_4505.json,reports/conv/conv_4505/csynth.xml,,,NO,
conv_4506,32,28,56,32,3,8,4,False,group_conv2d,4,relu,YES,YES,NO,configs/conv/conv_4506.json,reports/conv/conv_4506/csynth.xml,,,NO,
conv_4507,32,28,56,32,3,8,4,True,conv2d,,sigmoid,YES,YES,NO,configs/conv/conv_4507.json,reports/conv/conv_4507/csynth.xml,,,NO,
conv_4508,32,28,56,32,3,8,4,True,group_conv2d,2,sigmoid,YES,YES,NO,configs/conv/conv_4508.json,reports/conv/conv_4508/csynth.xml,,,NO,
conv_4509,32,28,56,32,3,8,4,True,group_conv2d,4,sigmoid,YES,YES,NO,configs/conv/conv_4509.json,reports/conv/conv_4509/csynth.xml,,,NO,
conv_4510,32,28,56,32,3,8,4,False,conv2d,,sigmoid,YES,YES,NO,configs/conv/conv_4510.json,reports/conv/conv_4510/csynth.xml,,,NO,
conv_4511,32,28,56,32,3,8,4,False,group_conv2d,2,sigmoid,YES,YES,NO,configs/conv/conv_4511.json,reports/conv/conv_4511/csynth.xml,,,NO,
conv_4512,32,28,56,32,3,8,4,False,group_conv2d,4,sigmoid,YES,YES,NO,configs/conv/conv_4512.json,reports/conv/conv_4512/csynth.xml,,,NO,
conv_4513,32,28,56,32,3,8,4,True,conv2d,,tanh,YES,YES,NO,configs/conv/conv_4513.json,reports/conv/conv_4513/csynth.xml,,,NO,
conv_4514,32,28,56,32,3,8,4,True,group_conv2d,2,tanh,YES,YES,NO,configs/conv/conv_4514.json,reports/conv/conv_4514/csynth.xml,,,NO,
conv_4515,32,28,56,32,3,8,4,True,group_conv2d,4,tanh,YES,YES,NO,configs/conv/conv_4515.json,reports/conv/conv_4515/csynth.xml,,,NO,
conv_4516,32,28,56,32,3,8,4,False,conv2d,,tanh,YES,YES,NO,configs/conv/conv_4516.json,reports/conv/conv_4516/csynth.xml,,,NO,
conv_4517,32,28,56,32,3,8,4,False,group_conv2d,2,tanh,YES,YES,NO,configs/conv/conv_4517.json,reports/conv/conv_4517/csynth.xml,,,NO,
conv_4518,32,28,56,32,3,8,4,False,group_conv2d,4,tanh,YES,YES,NO,configs/conv/conv_4518.json,reports/conv/conv_4518/csynth.xml,,,NO,
conv_4519,32,28,56,32,3,8,8,True,conv2d,,relu,YES,YES,NO,configs/conv/conv_4519.json,reports/conv/conv_4519/csynth.xml,,,NO,
conv_4520,32,28,56,32,3,8,8,True,group_conv2d,2,relu,YES,YES,NO,configs/conv/conv_4520.json,reports/conv/conv_4520/csynth.xml,,,NO,
conv_4521,32,28,56,32,3,8,8,True,group_conv2d,4,relu,YES,YES,NO,configs/conv/conv_4521.json,reports/conv/conv_4521/csynth.xml,,,NO,
conv_4522,32,28,56,32,3,8,8,False,conv2d,,relu,YES,YES,NO,configs/conv/conv_4522.json,reports/conv/conv_4522/csynth.xml,,,NO,
conv_4523,32,28,56,32,3,8,8,False,group_conv2d,2,relu,YES,YES,NO,configs/conv/conv_4523.json,reports/conv/conv_4523/csynth.xml,,,NO,
conv_4524,32,28,56,32,3,8,8,False,group_conv2d,4,relu,YES,YES,NO,configs/conv/conv_4524.json,reports/conv/conv_4524/csynth.xml,,,NO,
conv_4525,32,28,56,32,3,8,8,True,conv2d,,sigmoid,YES,YES,NO,configs/conv/conv_4525.json,reports/conv/conv_4525/csynth.xml,,,NO,
conv_4526,32,28,56,32,3,8,8,True,group_conv2d,2,sigmoid,YES,YES,NO,configs/conv/conv_4526.json,reports/conv/conv_4526/csynth.xml,,,NO,
conv_4527,32,28,56,32,3,8,8,True,group_conv2d,4,sigmoid,YES,YES,NO,configs/conv/conv_4527.json,reports/conv/conv_4527/csynth.xml,,,NO,
conv_4528,32,28,56,32,3,8,8,False,conv2d,,sigmoid,YES,YES,NO,configs/conv/conv_4528.json,reports/conv/conv_4528/csynth.xml,,,NO,
conv_4529,32,28,56,32,3,8,8,False,group_conv2d,2,sigmoid,YES,YES,NO,configs/conv/conv_4529.json,reports/conv/conv_4529/csynth.xml,,,NO,
conv_4530,32,28,56,32,3,8,8,False,group_conv2d,4,sigmoid,YES,YES,NO,configs/conv/conv_4530.json,reports/conv/conv_4530/csynth.xml,,,NO,
conv_4531,32,28,56,32,3,8,8,True,conv2d,,tanh,YES,YES,NO,configs/conv/conv_4531.json,reports/conv/conv_4531/csynth.xml,,,NO,
conv_4532,32,28,56,32,3,8,8,True,group_conv2d,2,tanh,YES,YES,NO,configs/conv/conv_4532.json,reports/conv/conv_4532/csynth.xml,,,NO,
conv_4533,32,28,56,32,3,8,8,True,group_conv2d,4,tanh,YES,YES,NO,configs/conv/conv_4533.json,reports/conv/conv_4533/csynth.xml,,,NO,
conv_4534,32,28,56,32,3,8,8,False,conv2d,,tanh,YES,YES,NO,configs/conv/conv_4534.json,reports/conv/conv_4534/csynth.xml,,,NO,
conv_4535,32,28,56,32,3,8,8,False,group_conv2d,2,tanh,YES,YES,NO,configs/conv/conv_4535.json,reports/conv/conv_4535/csynth.xml,,,NO,
conv_4536,32,28,56,32,3,8,8,False,group_conv2d,4,tanh,YES,YES,NO,configs/conv/conv_4536.json,reports/conv/conv_4536/csynth.xml,,,NO,
conv_4537,32,28,28,16,1,1,1,True,conv2d,,relu,YES,YES,YES,configs/conv/conv_4537.json,reports/conv/conv_4537/csynth.xml,reports/conv/conv_4537/export_impl.xml,reports/conv/conv_4537/power_routed.rpt,NO,
conv_4538,32,28,28,16,1,1,1,True,group_conv2d,2,relu,YES,YES,YES,configs/conv/conv_4538.json,reports/conv/conv_4538/csynth.xml,reports/conv/conv_4538/export_impl.xml,reports/conv/conv_4538/power_routed.rpt,NO,
conv_4539,32,28,28,16,1,1,1,True,group_conv2d,4,relu,YES,YES,YES,configs/conv/conv_4539.json,reports/conv/conv_4539/csynth.xml,reports/conv/conv_4539/export_impl.xml,reports/conv/conv_4539/power_routed.rpt,NO,
conv_4540,32,28,28,16,1,1,1,False,conv2d,,relu,YES,YES,YES,configs/conv/conv_4540.json,reports/conv/conv_4540/csynth.xml,reports/conv/conv_4540/export_impl.xml,reports/conv/conv_4540/power_routed.rpt,NO,
conv_4541,32,28,28,16,1,1,1,False,group_conv2d,2,relu,YES,YES,YES,configs/conv/conv_4541.json,reports/conv/conv_4541/csynth.xml,reports/conv/conv_4541/export_impl.xml,reports/conv/conv_4541/power_routed.rpt,NO,
conv_4542,32,28,28,16,1,1,1,False,group_conv2d,4,relu,YES,YES,YES,configs/conv/conv_4542.json,reports/conv/conv_4542/csynth.xml,reports/conv/conv_4542/export_impl.xml,reports/conv/conv_4542/power_routed.rpt,NO,
conv_4543,32,28,28,16,1,1,1,True,conv2d,,sigmoid,YES,YES,YES,configs/conv/conv_4543.json,reports/conv/conv_4543/csynth.xml,reports/conv/conv_4543/export_impl.xml,reports/conv/conv_4543/power_routed.rpt,NO,
conv_4544,32,28,28,16,1,1,1,True,group_conv2d,2,sigmoid,YES,YES,YES,configs/conv/conv_4544.json,reports/conv/conv_4544/csynth.xml,reports/conv/conv_4544/export_impl.xml,reports/conv/conv_4544/power_routed.rpt,NO,
conv_4545,32,28,28,16,1,1,1,True,group_conv2d,4,sigmoid,YES,YES,YES,configs/conv/conv_4545.json,reports/conv/conv_4545/csynth.xml,reports/conv/conv_4545/export_impl.xml,reports/conv/conv_4545/power_routed.rpt,NO,
conv_4546,32,28,28,16,1,1,1,False,conv2d,,sigmoid,YES,YES,YES,configs/conv/conv_4546.json,reports/conv/conv_4546/csynth.xml,reports/conv/conv_4546/export_impl.xml,reports/conv/conv_4546/power_routed.rpt,NO,
conv_4547,32,28,28,16,1,1,1,False,group_conv2d,2,sigmoid,YES,YES,YES,configs/conv/conv_4547.json,reports/conv/conv_4547/csynth.xml,reports/conv/conv_4547/export_impl.xml,reports/conv/conv_4547/power_routed.rpt,NO,
conv_4548,32,28,28,16,1,1,1,False,group_conv2d,4,sigmoid,YES,YES,YES,configs/conv/conv_4548.json,reports/conv/conv_4548/csynth.xml,reports/conv/conv_4548/export_impl.xml,reports/conv/conv_4548/power_routed.rpt,NO,
conv_4549,32,28,28,16,1,1,1,True,conv2d,,tanh,YES,YES,YES,configs/conv/conv_4549.json,reports/conv/conv_4549/csynth.xml,reports/conv/conv_4549/export_impl.xml,reports/conv/conv_4549/power_routed.rpt,NO,
conv_4550,32,28,28,16,1,1,1,True,group_conv2d,2,tanh,YES,YES,YES,configs/conv/conv_4550.json,reports/conv/conv_4550/csynth.xml,reports/conv/conv_4550/export_impl.xml,reports/conv/conv_4550/power_routed.rpt,NO,
conv_4551,32,28,28,16,1,1,1,True,group_conv2d,4,tanh,YES,YES,YES,configs/conv/conv_4551.json,reports/conv/conv_4551/csynth.xml,reports/conv/conv_4551/export_impl.xml,reports/conv/conv_4551/power_routed.rpt,NO,
conv_4552,32,28,28,16,1,1,1,False,conv2d,,tanh,YES,YES,YES,configs/conv/conv_4552.json,reports/conv/conv_4552/csynth.xml,reports/conv/conv_4552/export_impl.xml,reports/conv/conv_4552/power_routed.rpt,NO,
conv_4553,32,28,28,16,1,1,1,False,group_conv2d,2,tanh,YES,YES,YES,configs/conv/conv_4553.json,reports/conv/conv_4553/csynth.xml,reports/conv/conv_4553/export_impl.xml,reports/conv/conv_4553/power_routed.rpt,NO,
conv_4554,32,28,28,16,1,1,1,False,group_conv2d,4,tanh,YES,YES,YES,configs/conv/conv_4554.json,reports/conv/conv_4554/csynth.xml,reports/conv/conv_4554/export_impl.xml,reports/conv/conv_4554/power_routed.rpt,NO,
conv_4555,32,28,28,16,1,1,4,True,conv2d,,relu,YES,YES,NO,configs/conv/conv_4555.json,reports/conv/conv_4555/csynth.xml,,,NO,
conv_4556,32,28,28,16,1,1,4,True,group_conv2d,2,relu,YES,YES,NO,configs/conv/conv_4556.json,reports/conv/conv_4556/csynth.xml,,,NO,
conv_4557,32,28,28,16,1,1,4,True,group_conv2d,4,relu,YES,YES,NO,configs/conv/conv_4557.json,reports/conv/conv_4557/csynth.xml,,,NO,
conv_4558,32,28,28,16,1,1,4,False,conv2d,,relu,YES,YES,YES,configs/conv/conv_4558.json,reports/conv/conv_4558/csynth.xml,reports/conv/conv_4558/export_impl.xml,reports/conv/conv_4558/power_routed.rpt,NO,
conv_4559,32,28,28,16,1,1,4,False,group_conv2d,2,relu,YES,YES,NO,configs/conv/conv_4559.json,reports/conv/conv_4559/csynth.xml,,,NO,
conv_4560,32,28,28,16,1,1,4,False,group_conv2d,4,relu,YES,YES,NO,configs/conv/conv_4560.json,reports/conv/conv_4560/csynth.xml,,,NO,
conv_4561,32,28,28,16,1,1,4,True,conv2d,,sigmoid,YES,YES,NO,configs/conv/conv_4561.json,reports/conv/conv_4561/csynth.xml,,,NO,
conv_4562,32,28,28,16,1,1,4,True,group_conv2d,2,sigmoid,YES,YES,NO,configs/conv/conv_4562.json,reports/conv/conv_4562/csynth.xml,,,NO,
conv_4563,32,28,28,16,1,1,4,True,group_conv2d,4,sigmoid,YES,YES,NO,configs/conv/conv_4563.json,reports/conv/conv_4563/csynth.xml,,,NO,
conv_4564,32,28,28,16,1,1,4,False,conv2d,,sigmoid,YES,YES,NO,configs/conv/conv_4564.json,reports/conv/conv_4564/csynth.xml,,,NO,
conv_4565,32,28,28,16,1,1,4,False,group_conv2d,2,sigmoid,YES,YES,NO,configs/conv/conv_4565.json,reports/conv/conv_4565/csynth.xml,,,NO,
conv_4566,32,28,28,16,1,1,4,False,group_conv2d,4,sigmoid,YES,YES,NO,configs/conv/conv_4566.json,reports/conv/conv_4566/csynth.xml,,,NO,
conv_4567,32,28,28,16,1,1,4,True,conv2d,,tanh,YES,YES,NO,configs/conv/conv_4567.json,reports/conv/conv_4567/csynth.xml,,,NO,
conv_4568,32,28,28,16,1,1,4,True,group_conv2d,2,tanh,YES,YES,NO,configs/conv/conv_4568.json,reports/conv/conv_4568/csynth.xml,,,NO,
conv_4569,32,28,28,16,1,1,4,True,group_conv2d,4,tanh,YES,YES,YES,configs/conv/conv_4569.json,reports/conv/conv_4569/csynth.xml,reports/conv/conv_4569/export_impl.xml,reports/conv/conv_4569/power_routed.rpt,NO,
conv_4570,32,28,28,16,1,1,4,False,conv2d,,tanh,YES,YES,NO,configs/conv/conv_4570.json,reports/conv/conv_4570/csynth.xml,,,NO,
conv_4571,32,28,28,16,1,1,4,False,group_conv2d,2,tanh,YES,YES,NO,configs/conv/conv_4571.json,reports/conv/conv_4571/csynth.xml,,,NO,
conv_4572,32,28,28,16,1,1,4,False,group_conv2d,4,tanh,YES,YES,YES,configs/conv/conv_4572.json,reports/conv/conv_4572/csynth.xml,reports/conv/conv_4572/export_impl.xml,reports/conv/conv_4572/power_routed.rpt,NO,
conv_4573,32,28,28,16,1,1,8,True,conv2d,,relu,YES,YES,NO,configs/conv/conv_4573.json,reports/conv/conv_4573/csynth.xml,,,NO,
conv_4574,32,28,28,16,1,1,8,True,group_conv2d,2,relu,YES,YES,NO,configs/conv/conv_4574.json,reports/conv/conv_4574/csynth.xml,,,NO,
conv_4575,32,28,28,16,1,1,8,True,group_conv2d,4,relu,YES,YES,NO,configs/conv/conv_4575.json,reports/conv/conv_4575/csynth.xml,,,NO,
conv_4576,32,28,28,16,1,1,8,False,conv2d,,relu,YES,YES,YES,configs/conv/conv_4576.json,reports/conv/conv_4576/csynth.xml,reports/conv/conv_4576/export_impl.xml,reports/conv/conv_4576/power_routed.rpt,NO,
conv_4577,32,28,28,16,1,1,8,False,group_conv2d,2,relu,YES,YES,NO,configs/conv/conv_4577.json,reports/conv/conv_4577/csynth.xml,,,NO,
conv_4578,32,28,28,16,1,1,8,False,group_conv2d,4,relu,YES,YES,NO,configs/conv/conv_4578.json,reports/conv/conv_4578/csynth.xml,,,NO,
conv_4579,32,28,28,16,1,1,8,True,conv2d,,sigmoid,YES,YES,NO,configs/conv/conv_4579.json,reports/conv/conv_4579/csynth.xml,,,NO,
conv_4580,32,28,28,16,1,1,8,True,group_conv2d,2,sigmoid,YES,YES,NO,configs/conv/conv_4580.json,reports/conv/conv_4580/csynth.xml,,,NO,
conv_4581,32,28,28,16,1,1,8,True,group_conv2d,4,sigmoid,YES,YES,NO,configs/conv/conv_4581.json,reports/conv/conv_4581/csynth.xml,,,NO,
conv_4582,32,28,28,16,1,1,8,False,conv2d,,sigmoid,YES,YES,NO,configs/conv/conv_4582.json,reports/conv/conv_4582/csynth.xml,,,NO,
conv_4583,32,28,28,16,1,1,8,False,group_conv2d,2,sigmoid,YES,YES,NO,configs/conv/conv_4583.json,reports/conv/conv_4583/csynth.xml,,,NO,
conv_4584,32,28,28,16,1,1,8,False,group_conv2d,4,sigmoid,YES,YES,NO,configs/conv/conv_4584.json,reports/conv/conv_4584/csynth.xml,,,NO,
conv_4585,32,28,28,16,1,1,8,True,conv2d,,tanh,YES,YES,NO,configs/conv/conv_4585.json,reports/conv/conv_4585/csynth.xml,,,NO,
conv_4586,32,28,28,16,1,1,8,True,group_conv2d,2,tanh,YES,YES,NO,configs/conv/conv_4586.json,reports/conv/conv_4586/csynth.xml,,,NO,
conv_4587,32,28,28,16,1,1,8,True,group_conv2d,4,tanh,YES,YES,NO,configs/conv/conv_4587.json,reports/conv/conv_4587/csynth.xml,,,NO,
conv_4588,32,28,28,16,1,1,8,False,conv2d,,tanh,YES,YES,NO,configs/conv/conv_4588.json,reports/conv/conv_4588/csynth.xml,,,NO,
conv_4589,32,28,28,16,1,1,8,False,group_conv2d,2,tanh,YES,YES,NO,configs/conv/conv_4589.json,reports/conv/conv_4589/csynth.xml,,,NO,
conv_4590,32,28,28,16,1,1,8,False,group_conv2d,4,tanh,YES,YES,NO,configs/conv/conv_4590.json,reports/conv/conv_4590/csynth.xml,,,NO,
conv_4591,32,28,28,16,1,4,1,True,conv2d,,relu,YES,YES,NO,configs/conv/conv_4591.json,reports/conv/conv_4591/csynth.xml,,,NO,
conv_4592,32,28,28,16,1,4,1,True,group_conv2d,2,relu,YES,YES,NO,configs/conv/conv_4592.json,reports/conv/conv_4592/csynth.xml,,,NO,
conv_4593,32,28,28,16,1,4,1,True,group_conv2d,4,relu,YES,YES,NO,configs/conv/conv_4593.json,reports/conv/conv_4593/csynth.xml,,,NO,
conv_4594,32,28,28,16,1,4,1,False,conv2d,,relu,YES,YES,NO,configs/conv/conv_4594.json,reports/conv/conv_4594/csynth.xml,,,NO,
conv_4595,32,28,28,16,1,4,1,False,group_conv2d,2,relu,YES,YES,NO,configs/conv/conv_4595.json,reports/conv/conv_4595/csynth.xml,,,NO,
conv_4596,32,28,28,16,1,4,1,False,group_conv2d,4,relu,YES,YES,NO,configs/conv/conv_4596.json,reports/conv/conv_4596/csynth.xml,,,NO,
conv_4597,32,28,28,16,1,4,1,True,conv2d,,sigmoid,YES,YES,NO,configs/conv/conv_4597.json,reports/conv/conv_4597/csynth.xml,,,NO,
conv_4598,32,28,28,16,1,4,1,True,group_conv2d,2,sigmoid,YES,YES,NO,configs/conv/conv_4598.json,reports/conv/conv_4598/csynth.xml,,,NO,
conv_4599,32,28,28,16,1,4,1,True,group_conv2d,4,sigmoid,YES,YES,YES,configs/conv/conv_4599.json,reports/conv/conv_4599/csynth.xml,reports/conv/conv_4599/export_impl.xml,reports/conv/conv_4599/power_routed.rpt,NO,
conv_4600,32,28,28,16,1,4,1,False,conv2d,,sigmoid,YES,YES,NO,configs/conv/conv_4600.json,reports/conv/conv_4600/csynth.xml,,,NO,
conv_4601,32,28,28,16,1,4,1,False,group_conv2d,2,sigmoid,YES,YES,NO,configs/conv/conv_4601.json,reports/conv/conv_4601/csynth.xml,,,NO,
conv_4602,32,28,28,16,1,4,1,False,group_conv2d,4,sigmoid,YES,YES,YES,configs/conv/conv_4602.json,reports/conv/conv_4602/csynth.xml,reports/conv/conv_4602/export_impl.xml,reports/conv/conv_4602/power_routed.rpt,NO,
conv_4603,32,28,28,16,1,4,1,True,conv2d,,tanh,YES,YES,NO,configs/conv/conv_4603.json,reports/conv/conv_4603/csynth.xml,,,NO,
conv_4604,32,28,28,16,1,4,1,True,group_conv2d,2,tanh,YES,YES,NO,configs/conv/conv_4604.json,reports/conv/conv_4604/csynth.xml,,,NO,
conv_4605,32,28,28,16,1,4,1,True,group_conv2d,4,tanh,YES,YES,NO,configs/conv/conv_4605.json,reports/conv/conv_4605/csynth.xml,,,NO,
conv_4606,32,28,28,16,1,4,1,False,conv2d,,tanh,YES,YES,NO,configs/conv/conv_4606.json,reports/conv/conv_4606/csynth.xml,,,NO,
conv_4607,32,28,28,16,1,4,1,False,group_conv2d,2,tanh,YES,YES,NO,configs/conv/conv_4607.json,reports/conv/conv_4607/csynth.xml,,,NO,
conv_4608,32,28,28,16,1,4,1,False,group_conv2d,4,tanh,YES,YES,NO,configs/conv/conv_4608.json,reports/conv/conv_4608/csynth.xml,,,NO,
conv_4609,32,28,28,16,1,4,4,True,conv2d,,relu,YES,YES,NO,configs/conv/conv_4609.json,reports/conv/conv_4609/csynth.xml,,,NO,
conv_4610,32,28,28,16,1,4,4,True,group_conv2d,2,relu,YES,YES,NO,configs/conv/conv_4610.json,reports/conv/conv_4610/csynth.xml,,,NO,
conv_4611,32,28,28,16,1,4,4,True,group_conv2d,4,relu,YES,YES,YES,configs/conv/conv_4611.json,reports/conv/conv_4611/csynth.xml,reports/conv/conv_4611/export_impl.xml,reports/conv/conv_4611/power_routed.rpt,NO,
conv_4612,32,28,28,16,1,4,4,False,conv2d,,relu,YES,YES,NO,configs/conv/conv_4612.json,reports/conv/conv_4612/csynth.xml,,,NO,
conv_4613,32,28,28,16,1,4,4,False,group_conv2d,2,relu,YES,YES,NO,configs/conv/conv_4613.json,reports/conv/conv_4613/csynth.xml,,,NO,
conv_4614,32,28,28,16,1,4,4,False,group_conv2d,4,relu,YES,YES,NO,configs/conv/conv_4614.json,reports/conv/conv_4614/csynth.xml,,,NO,
conv_4615,32,28,28,16,1,4,4,True,conv2d,,sigmoid,YES,YES,NO,configs/conv/conv_4615.json,reports/conv/conv_4615/csynth.xml,,,NO,
conv_4616,32,28,28,16,1,4,4,True,group_conv2d,2,sigmoid,YES,YES,NO,configs/conv/conv_4616.json,reports/conv/conv_4616/csynth.xml,,,NO,
conv_4617,32,28,28,16,1,4,4,True,group_conv2d,4,sigmoid,YES,YES,NO,configs/conv/conv_4617.json,reports/conv/conv_4617/csynth.xml,,,NO,
conv_4618,32,28,28,16,1,4,4,False,conv2d,,sigmoid,YES,YES,NO,configs/conv/conv_4618.json,reports/conv/conv_4618/csynth.xml,,,NO,
conv_4619,32,28,28,16,1,4,4,False,group_conv2d,2,sigmoid,YES,YES,NO,configs/conv/conv_4619.json,reports/conv/conv_4619/csynth.xml,,,NO,
conv_4620,32,28,28,16,1,4,4,False,group_conv2d,4,sigmoid,YES,YES,YES,configs/conv/conv_4620.json,reports/conv/conv_4620/csynth.xml,reports/conv/conv_4620/export_impl.xml,reports/conv/conv_4620/power_routed.rpt,NO,
conv_4621,32,28,28,16,1,4,4,True,conv2d,,tanh,YES,YES,NO,configs/conv/conv_4621.json,reports/conv/conv_4621/csynth.xml,,,NO,
conv_4622,32,28,28,16,1,4,4,True,group_conv2d,2,tanh,YES,YES,NO,configs/conv/conv_4622.json,reports/conv/conv_4622/csynth.xml,,,NO,
conv_4623,32,28,28,16,1,4,4,True,group_conv2d,4,tanh,YES,YES,NO,configs/conv/conv_4623.json,reports/conv/conv_4623/csynth.xml,,,NO,
conv_4624,32,28,28,16,1,4,4,False,conv2d,,tanh,YES,YES,NO,configs/conv/conv_4624.json,reports/conv/conv_4624/csynth.xml,,,NO,
conv_4625,32,28,28,16,1,4,4,False,group_conv2d,2,tanh,YES,YES,NO,configs/conv/conv_4625.json,reports/conv/conv_4625/csynth.xml,,,NO,
conv_4626,32,28,28,16,1,4,4,False,group_conv2d,4,tanh,YES,YES,NO,configs/conv/conv_4626.json,reports/conv/conv_4626/csynth.xml,,,NO,
conv_4627,32,28,28,16,1,4,8,True,conv2d,,relu,YES,YES,NO,configs/conv/conv_4627.json,reports/conv/conv_4627/csynth.xml,,,NO,
conv_4628,32,28,28,16,1,4,8,True,group_conv2d,2,relu,YES,YES,NO,configs/conv/conv_4628.json,reports/conv/conv_4628/csynth.xml,,,NO,
conv_4629,32,28,28,16,1,4,8,True,group_conv2d,4,relu,YES,YES,NO,configs/conv/conv_4629.json,reports/conv/conv_4629/csynth.xml,,,NO,
conv_4630,32,28,28,16,1,4,8,False,conv2d,,relu,YES,YES,NO,configs/conv/conv_4630.json,reports/conv/conv_4630/csynth.xml,,,NO,
conv_4631,32,28,28,16,1,4,8,False,group_conv2d,2,relu,YES,YES,NO,configs/conv/conv_4631.json,reports/conv/conv_4631/csynth.xml,,,NO,
conv_4632,32,28,28,16,1,4,8,False,group_conv2d,4,relu,YES,YES,YES,configs/conv/conv_4632.json,reports/conv/conv_4632/csynth.xml,reports/conv/conv_4632/export_impl.xml,reports/conv/conv_4632/power_routed.rpt,NO,
conv_4633,32,28,28,16,1,4,8,True,conv2d,,sigmoid,YES,YES,NO,configs/conv/conv_4633.json,reports/conv/conv_4633/csynth.xml,,,NO,
conv_4634,32,28,28,16,1,4,8,True,group_conv2d,2,sigmoid,YES,YES,NO,configs/conv/conv_4634.json,reports/conv/conv_4634/csynth.xml,,,NO,
conv_4635,32,28,28,16,1,4,8,True,group_conv2d,4,sigmoid,YES,YES,NO,configs/conv/conv_4635.json,reports/conv/conv_4635/csynth.xml,,,NO,
conv_4636,32,28,28,16,1,4,8,False,conv2d,,sigmoid,YES,YES,NO,configs/conv/conv_4636.json,reports/conv/conv_4636/csynth.xml,,,NO,
conv_4637,32,28,28,16,1,4,8,False,group_conv2d,2,sigmoid,YES,YES,NO,configs/conv/conv_4637.json,reports/conv/conv_4637/csynth.xml,,,NO,
conv_4638,32,28,28,16,1,4,8,False,group_conv2d,4,sigmoid,YES,YES,NO,configs/conv/conv_4638.json,reports/conv/conv_4638/csynth.xml,,,NO,
conv_4639,32,28,28,16,1,4,8,True,conv2d,,tanh,YES,YES,NO,configs/conv/conv_4639.json,reports/conv/conv_4639/csynth.xml,,,NO,
conv_4640,32,28,28,16,1,4,8,True,group_conv2d,2,tanh,YES,YES,NO,configs/conv/conv_4640.json,reports/conv/conv_4640/csynth.xml,,,NO,
conv_4641,32,28,28,16,1,4,8,True,group_conv2d,4,tanh,YES,YES,NO,configs/conv/conv_4641.json,reports/conv/conv_4641/csynth.xml,,,NO,
conv_4642,32,28,28,16,1,4,8,False,conv2d,,tanh,YES,YES,NO,configs/conv/conv_4642.json,reports/conv/conv_4642/csynth.xml,,,NO,
conv_4643,32,28,28,16,1,4,8,False,group_conv2d,2,tanh,YES,YES,NO,configs/conv/conv_4643.json,reports/conv/conv_4643/csynth.xml,,,NO,
conv_4644,32,28,28,16,1,4,8,False,group_conv2d,4,tanh,YES,YES,NO,configs/conv/conv_4644.json,reports/conv/conv_4644/csynth.xml,,,NO,
conv_4645,32,28,28,16,1,8,1,True,conv2d,,relu,YES,YES,NO,configs/conv/conv_4645.json,reports/conv/conv_4645/csynth.xml,,,NO,
conv_4646,32,28,28,16,1,8,1,True,group_conv2d,2,relu,YES,YES,YES,configs/conv/conv_4646.json,reports/conv/conv_4646/csynth.xml,reports/conv/conv_4646/export_impl.xml,reports/conv/conv_4646/power_routed.rpt,NO,
conv_4647,32,28,28,16,1,8,1,True,group_conv2d,4,relu,YES,YES,NO,configs/conv/conv_4647.json,reports/conv/conv_4647/csynth.xml,,,NO,
conv_4648,32,28,28,16,1,8,1,False,conv2d,,relu,YES,YES,NO,configs/conv/conv_4648.json,reports/conv/conv_4648/csynth.xml,,,NO,
conv_4649,32,28,28,16,1,8,1,False,group_conv2d,2,relu,YES,YES,NO,configs/conv/conv_4649.json,reports/conv/conv_4649/csynth.xml,,,NO,
conv_4650,32,28,28,16,1,8,1,False,group_conv2d,4,relu,YES,YES,NO,configs/conv/conv_4650.json,reports/conv/conv_4650/csynth.xml,,,NO,
conv_4651,32,28,28,16,1,8,1,True,conv2d,,sigmoid,YES,YES,NO,configs/conv/conv_4651.json,reports/conv/conv_4651/csynth.xml,,,NO,
conv_4652,32,28,28,16,1,8,1,True,group_conv2d,2,sigmoid,YES,YES,NO,configs/conv/conv_4652.json,reports/conv/conv_4652/csynth.xml,,,NO,
conv_4653,32,28,28,16,1,8,1,True,group_conv2d,4,sigmoid,YES,YES,NO,configs/conv/conv_4653.json,reports/conv/conv_4653/csynth.xml,,,NO,
conv_4654,32,28,28,16,1,8,1,False,conv2d,,sigmoid,YES,YES,NO,configs/conv/conv_4654.json,reports/conv/conv_4654/csynth.xml,,,NO,
conv_4655,32,28,28,16,1,8,1,False,group_conv2d,2,sigmoid,YES,YES,NO,configs/conv/conv_4655.json,reports/conv/conv_4655/csynth.xml,,,NO,
conv_4656,32,28,28,16,1,8,1,False,group_conv2d,4,sigmoid,YES,YES,NO,configs/conv/conv_4656.json,reports/conv/conv_4656/csynth.xml,,,NO,
conv_4657,32,28,28,16,1,8,1,True,conv2d,,tanh,YES,YES,NO,configs/conv/conv_4657.json,reports/conv/conv_4657/csynth.xml,,,NO,
conv_4658,32,28,28,16,1,8,1,True,group_conv2d,2,tanh,YES,YES,NO,configs/conv/conv_4658.json,reports/conv/conv_4658/csynth.xml,,,NO,
conv_4659,32,28,28,16,1,8,1,True,group_conv2d,4,tanh,YES,YES,NO,configs/conv/conv_4659.json,reports/conv/conv_4659/csynth.xml,,,NO,
conv_4660,32,28,28,16,1,8,1,False,conv2d,,tanh,YES,YES,NO,configs/conv/conv_4660.json,reports/conv/conv_4660/csynth.xml,,,NO,
conv_4661,32,28,28,16,1,8,1,False,group_conv2d,2,tanh,YES,YES,NO,configs/conv/conv_4661.json,reports/conv/conv_4661/csynth.xml,,,NO,
conv_4662,32,28,28,16,1,8,1,False,group_conv2d,4,tanh,YES,YES,NO,configs/conv/conv_4662.json,reports/conv/conv_4662/csynth.xml,,,NO,
conv_4663,32,28,28,16,1,8,4,True,conv2d,,relu,YES,YES,NO,configs/conv/conv_4663.json,reports/conv/conv_4663/csynth.xml,,,NO,
conv_4664,32,28,28,16,1,8,4,True,group_conv2d,2,relu,YES,YES,NO,configs/conv/conv_4664.json,reports/conv/conv_4664/csynth.xml,,,NO,
conv_4665,32,28,28,16,1,8,4,True,group_conv2d,4,relu,YES,YES,NO,configs/conv/conv_4665.json,reports/conv/conv_4665/csynth.xml,,,NO,
conv_4666,32,28,28,16,1,8,4,False,conv2d,,relu,YES,YES,NO,configs/conv/conv_4666.json,reports/conv/conv_4666/csynth.xml,,,NO,
conv_4667,32,28,28,16,1,8,4,False,group_conv2d,2,relu,YES,YES,NO,configs/conv/conv_4667.json,reports/conv/conv_4667/csynth.xml,,,NO,
conv_4668,32,28,28,16,1,8,4,False,group_conv2d,4,relu,YES,YES,NO,configs/conv/conv_4668.json,reports/conv/conv_4668/csynth.xml,,,NO,
conv_4669,32,28,28,16,1,8,4,True,conv2d,,sigmoid,YES,YES,NO,configs/conv/conv_4669.json,reports/conv/conv_4669/csynth.xml,,,NO,
conv_4670,32,28,28,16,1,8,4,True,group_conv2d,2,sigmoid,YES,YES,NO,configs/conv/conv_4670.json,reports/conv/conv_4670/csynth.xml,,,NO,
conv_4671,32,28,28,16,1,8,4,True,group_conv2d,4,sigmoid,YES,YES,NO,configs/conv/conv_4671.json,reports/conv/conv_4671/csynth.xml,,,NO,
conv_4672,32,28,28,16,1,8,4,False,conv2d,,sigmoid,YES,YES,NO,configs/conv/conv_4672.json,reports/conv/conv_4672/csynth.xml,,,NO,
conv_4673,32,28,28,16,1,8,4,False,group_conv2d,2,sigmoid,YES,YES,NO,configs/conv/conv_4673.json,reports/conv/conv_4673/csynth.xml,,,NO,
conv_4674,32,28,28,16,1,8,4,False,group_conv2d,4,sigmoid,YES,YES,NO,configs/conv/conv_4674.json,reports/conv/conv_4674/csynth.xml,,,NO,
conv_4675,32,28,28,16,1,8,4,True,conv2d,,tanh,YES,YES,NO,configs/conv/conv_4675.json,reports/conv/conv_4675/csynth.xml,,,NO,
conv_4676,32,28,28,16,1,8,4,True,group_conv2d,2,tanh,YES,YES,NO,configs/conv/conv_4676.json,reports/conv/conv_4676/csynth.xml,,,NO,
conv_4677,32,28,28,16,1,8,4,True,group_conv2d,4,tanh,YES,YES,NO,configs/conv/conv_4677.json,reports/conv/conv_4677/csynth.xml,,,NO,
conv_4678,32,28,28,16,1,8,4,False,conv2d,,tanh,YES,YES,NO,configs/conv/conv_4678.json,reports/conv/conv_4678/csynth.xml,,,NO,
conv_4679,32,28,28,16,1,8,4,False,group_conv2d,2,tanh,YES,YES,NO,configs/conv/conv_4679.json,reports/conv/conv_4679/csynth.xml,,,NO,
conv_4680,32,28,28,16,1,8,4,False,group_conv2d,4,tanh,YES,YES,NO,configs/conv/conv_4680.json,reports/conv/conv_4680/csynth.xml,,,NO,
conv_4681,32,28,28,16,1,8,8,True,conv2d,,relu,YES,YES,NO,configs/conv/conv_4681.json,reports/conv/conv_4681/csynth.xml,,,NO,
conv_4682,32,28,28,16,1,8,8,True,group_conv2d,2,relu,YES,YES,NO,configs/conv/conv_4682.json,reports/conv/conv_4682/csynth.xml,,,NO,
conv_4683,32,28,28,16,1,8,8,True,group_conv2d,4,relu,YES,YES,NO,configs/conv/conv_4683.json,reports/conv/conv_4683/csynth.xml,,,NO,
conv_4684,32,28,28,16,1,8,8,False,conv2d,,relu,YES,YES,YES,configs/conv/conv_4684.json,reports/conv/conv_4684/csynth.xml,reports/conv/conv_4684/export_impl.xml,reports/conv/conv_4684/power_routed.rpt,NO,
conv_4685,32,28,28,16,1,8,8,False,group_conv2d,2,relu,YES,YES,NO,configs/conv/conv_4685.json,reports/conv/conv_4685/csynth.xml,,,NO,
conv_4686,32,28,28,16,1,8,8,False,group_conv2d,4,relu,YES,YES,NO,configs/conv/conv_4686.json,reports/conv/conv_4686/csynth.xml,,,NO,
conv_4687,32,28,28,16,1,8,8,True,conv2d,,sigmoid,YES,YES,NO,configs/conv/conv_4687.json,reports/conv/conv_4687/csynth.xml,,,NO,
conv_4688,32,28,28,16,1,8,8,True,group_conv2d,2,sigmoid,YES,YES,NO,configs/conv/conv_4688.json,reports/conv/conv_4688/csynth.xml,,,NO,
conv_4689,32,28,28,16,1,8,8,True,group_conv2d,4,sigmoid,YES,YES,NO,configs/conv/conv_4689.json,reports/conv/conv_4689/csynth.xml,,,NO,
conv_4690,32,28,28,16,1,8,8,False,conv2d,,sigmoid,YES,YES,NO,configs/conv/conv_4690.json,reports/conv/conv_4690/csynth.xml,,,NO,
conv_4691,32,28,28,16,1,8,8,False,group_conv2d,2,sigmoid,YES,YES,NO,configs/conv/conv_4691.json,reports/conv/conv_4691/csynth.xml,,,NO,
conv_4692,32,28,28,16,1,8,8,False,group_conv2d,4,sigmoid,YES,YES,NO,configs/conv/conv_4692.json,reports/conv/conv_4692/csynth.xml,,,NO,
conv_4693,32,28,28,16,1,8,8,True,conv2d,,tanh,YES,YES,NO,configs/conv/conv_4693.json,reports/conv/conv_4693/csynth.xml,,,NO,
conv_4694,32,28,28,16,1,8,8,True,group_conv2d,2,tanh,YES,YES,NO,configs/conv/conv_4694.json,reports/conv/conv_4694/csynth.xml,,,NO,
conv_4695,32,28,28,16,1,8,8,True,group_conv2d,4,tanh,YES,YES,NO,configs/conv/conv_4695.json,reports/conv/conv_4695/csynth.xml,,,NO,
conv_4696,32,28,28,16,1,8,8,False,conv2d,,tanh,YES,YES,NO,configs/conv/conv_4696.json,reports/conv/conv_4696/csynth.xml,,,NO,
conv_4697,32,28,28,16,1,8,8,False,group_conv2d,2,tanh,YES,YES,NO,configs/conv/conv_4697.json,reports/conv/conv_4697/csynth.xml,,,NO,
conv_4698,32,28,28,16,1,8,8,False,group_conv2d,4,tanh,YES,YES,NO,configs/conv/conv_4698.json,reports/conv/conv_4698/csynth.xml,,,NO,
conv_4699,32,28,28,16,3,1,1,True,conv2d,,relu,YES,YES,YES,configs/conv/conv_4699.json,reports/conv/conv_4699/csynth.xml,reports/conv/conv_4699/export_impl.xml,reports/conv/conv_4699/power_routed.rpt,NO,
conv_4700,32,28,28,16,3,1,1,True,group_conv2d,2,relu,YES,YES,YES,configs/conv/conv_4700.json,reports/conv/conv_4700/csynth.xml,reports/conv/conv_4700/export_impl.xml,reports/conv/conv_4700/power_routed.rpt,NO,
conv_4701,32,28,28,16,3,1,1,True,group_conv2d,4,relu,YES,YES,YES,configs/conv/conv_4701.json,reports/conv/conv_4701/csynth.xml,reports/conv/conv_4701/export_impl.xml,reports/conv/conv_4701/power_routed.rpt,NO,
conv_4702,32,28,28,16,3,1,1,False,conv2d,,relu,YES,YES,YES,configs/conv/conv_4702.json,reports/conv/conv_4702/csynth.xml,reports/conv/conv_4702/export_impl.xml,reports/conv/conv_4702/power_routed.rpt,NO,
conv_4703,32,28,28,16,3,1,1,False,group_conv2d,2,relu,YES,YES,YES,configs/conv/conv_4703.json,reports/conv/conv_4703/csynth.xml,reports/conv/conv_4703/export_impl.xml,reports/conv/conv_4703/power_routed.rpt,NO,
conv_4704,32,28,28,16,3,1,1,False,group_conv2d,4,relu,YES,YES,YES,configs/conv/conv_4704.json,reports/conv/conv_4704/csynth.xml,reports/conv/conv_4704/export_impl.xml,reports/conv/conv_4704/power_routed.rpt,NO,
conv_4705,32,28,28,16,3,1,1,True,conv2d,,sigmoid,YES,YES,YES,configs/conv/conv_4705.json,reports/conv/conv_4705/csynth.xml,reports/conv/conv_4705/export_impl.xml,reports/conv/conv_4705/power_routed.rpt,NO,
conv_4706,32,28,28,16,3,1,1,True,group_conv2d,2,sigmoid,YES,YES,YES,configs/conv/conv_4706.json,reports/conv/conv_4706/csynth.xml,reports/conv/conv_4706/export_impl.xml,reports/conv/conv_4706/power_routed.rpt,NO,
conv_4707,32,28,28,16,3,1,1,True,group_conv2d,4,sigmoid,YES,YES,YES,configs/conv/conv_4707.json,reports/conv/conv_4707/csynth.xml,reports/conv/conv_4707/export_impl.xml,reports/conv/conv_4707/power_routed.rpt,NO,
conv_4708,32,28,28,16,3,1,1,False,conv2d,,sigmoid,YES,YES,YES,configs/conv/conv_4708.json,reports/conv/conv_4708/csynth.xml,reports/conv/conv_4708/export_impl.xml,reports/conv/conv_4708/power_routed.rpt,NO,
conv_4709,32,28,28,16,3,1,1,False,group_conv2d,2,sigmoid,YES,YES,YES,configs/conv/conv_4709.json,reports/conv/conv_4709/csynth.xml,reports/conv/conv_4709/export_impl.xml,reports/conv/conv_4709/power_routed.rpt,NO,
conv_4710,32,28,28,16,3,1,1,False,group_conv2d,4,sigmoid,YES,YES,YES,configs/conv/conv_4710.json,reports/conv/conv_4710/csynth.xml,reports/conv/conv_4710/export_impl.xml,reports/conv/conv_4710/power_routed.rpt,NO,
conv_4711,32,28,28,16,3,1,1,True,conv2d,,tanh,YES,YES,YES,configs/conv/conv_4711.json,reports/conv/conv_4711/csynth.xml,reports/conv/conv_4711/export_impl.xml,reports/conv/conv_4711/power_routed.rpt,NO,
conv_4712,32,28,28,16,3,1,1,True,group_conv2d,2,tanh,YES,YES,YES,configs/conv/conv_4712.json,reports/conv/conv_4712/csynth.xml,reports/conv/conv_4712/export_impl.xml,reports/conv/conv_4712/power_routed.rpt,NO,
conv_4713,32,28,28,16,3,1,1,True,group_conv2d,4,tanh,YES,YES,YES,configs/conv/conv_4713.json,reports/conv/conv_4713/csynth.xml,reports/conv/conv_4713/export_impl.xml,reports/conv/conv_4713/power_routed.rpt,NO,
conv_4714,32,28,28,16,3,1,1,False,conv2d,,tanh,YES,YES,YES,configs/conv/conv_4714.json,reports/conv/conv_4714/csynth.xml,reports/conv/conv_4714/export_impl.xml,reports/conv/conv_4714/power_routed.rpt,NO,
conv_4715,32,28,28,16,3,1,1,False,group_conv2d,2,tanh,YES,YES,YES,configs/conv/conv_4715.json,reports/conv/conv_4715/csynth.xml,reports/conv/conv_4715/export_impl.xml,reports/conv/conv_4715/power_routed.rpt,NO,
conv_4716,32,28,28,16,3,1,1,False,group_conv2d,4,tanh,YES,YES,YES,configs/conv/conv_4716.json,reports/conv/conv_4716/csynth.xml,reports/conv/conv_4716/export_impl.xml,reports/conv/conv_4716/power_routed.rpt,NO,
conv_4717,32,28,28,16,3,1,4,True,conv2d,,relu,YES,YES,NO,configs/conv/conv_4717.json,reports/conv/conv_4717/csynth.xml,,,NO,
conv_4718,32,28,28,16,3,1,4,True,group_conv2d,2,relu,YES,YES,NO,configs/conv/conv_4718.json,reports/conv/conv_4718/csynth.xml,,,NO,
conv_4719,32,28,28,16,3,1,4,True,group_conv2d,4,relu,YES,YES,YES,configs/conv/conv_4719.json,reports/conv/conv_4719/csynth.xml,reports/conv/conv_4719/export_impl.xml,reports/conv/conv_4719/power_routed.rpt,NO,
conv_4720,32,28,28,16,3,1,4,False,conv2d,,relu,YES,YES,NO,configs/conv/conv_4720.json,reports/conv/conv_4720/csynth.xml,,,NO,
conv_4721,32,28,28,16,3,1,4,False,group_conv2d,2,relu,YES,YES,NO,configs/conv/conv_4721.json,reports/conv/conv_4721/csynth.xml,,,NO,
conv_4722,32,28,28,16,3,1,4,False,group_conv2d,4,relu,YES,YES,YES,configs/conv/conv_4722.json,reports/conv/conv_4722/csynth.xml,reports/conv/conv_4722/export_impl.xml,reports/conv/conv_4722/power_routed.rpt,NO,
conv_4723,32,28,28,16,3,1,4,True,conv2d,,sigmoid,YES,YES,NO,configs/conv/conv_4723.json,reports/conv/conv_4723/csynth.xml,,,NO,
conv_4724,32,28,28,16,3,1,4,True,group_conv2d,2,sigmoid,YES,YES,NO,configs/conv/conv_4724.json,reports/conv/conv_4724/csynth.xml,,,NO,
conv_4725,32,28,28,16,3,1,4,True,group_conv2d,4,sigmoid,YES,YES,NO,configs/conv/conv_4725.json,reports/conv/conv_4725/csynth.xml,,,NO,
conv_4726,32,28,28,16,3,1,4,False,conv2d,,sigmoid,YES,YES,NO,configs/conv/conv_4726.json,reports/conv/conv_4726/csynth.xml,,,NO,
conv_4727,32,28,28,16,3,1,4,False,group_conv2d,2,sigmoid,YES,YES,NO,configs/conv/conv_4727.json,reports/conv/conv_4727/csynth.xml,,,NO,
conv_4728,32,28,28,16,3,1,4,False,group_conv2d,4,sigmoid,YES,YES,NO,configs/conv/conv_4728.json,reports/conv/conv_4728/csynth.xml,,,NO,
conv_4729,32,28,28,16,3,1,4,True,conv2d,,tanh,YES,YES,NO,configs/conv/conv_4729.json,reports/conv/conv_4729/csynth.xml,,,NO,
conv_4730,32,28,28,16,3,1,4,True,group_conv2d,2,tanh,YES,YES,NO,configs/conv/conv_4730.json,reports/conv/conv_4730/csynth.xml,,,NO,
conv_4731,32,28,28,16,3,1,4,True,group_conv2d,4,tanh,YES,YES,NO,configs/conv/conv_4731.json,reports/conv/conv_4731/csynth.xml,,,NO,
conv_4732,32,28,28,16,3,1,4,False,conv2d,,tanh,YES,YES,NO,configs/conv/conv_4732.json,reports/conv/conv_4732/csynth.xml,,,NO,
conv_4733,32,28,28,16,3,1,4,False,group_conv2d,2,tanh,YES,YES,NO,configs/conv/conv_4733.json,reports/conv/conv_4733/csynth.xml,,,NO,
conv_4734,32,28,28,16,3,1,4,False,group_conv2d,4,tanh,YES,YES,NO,configs/conv/conv_4734.json,reports/conv/conv_4734/csynth.xml,,,NO,
conv_4735,32,28,28,16,3,1,8,True,conv2d,,relu,YES,YES,NO,configs/conv/conv_4735.json,reports/conv/conv_4735/csynth.xml,,,NO,
conv_4736,32,28,28,16,3,1,8,True,group_conv2d,2,relu,YES,YES,NO,configs/conv/conv_4736.json,reports/conv/conv_4736/csynth.xml,,,NO,
conv_4737,32,28,28,16,3,1,8,True,group_conv2d,4,relu,YES,YES,NO,configs/conv/conv_4737.json,reports/conv/conv_4737/csynth.xml,,,NO,
conv_4738,32,28,28,16,3,1,8,False,conv2d,,relu,YES,YES,NO,configs/conv/conv_4738.json,reports/conv/conv_4738/csynth.xml,,,NO,
conv_4739,32,28,28,16,3,1,8,False,group_conv2d,2,relu,YES,YES,NO,configs/conv/conv_4739.json,reports/conv/conv_4739/csynth.xml,,,NO,
conv_4740,32,28,28,16,3,1,8,False,group_conv2d,4,relu,YES,YES,YES,configs/conv/conv_4740.json,reports/conv/conv_4740/csynth.xml,reports/conv/conv_4740/export_impl.xml,reports/conv/conv_4740/power_routed.rpt,NO,
conv_4741,32,28,28,16,3,1,8,True,conv2d,,sigmoid,YES,YES,NO,configs/conv/conv_4741.json,reports/conv/conv_4741/csynth.xml,,,NO,
conv_4742,32,28,28,16,3,1,8,True,group_conv2d,2,sigmoid,YES,YES,NO,configs/conv/conv_4742.json,reports/conv/conv_4742/csynth.xml,,,NO,
conv_4743,32,28,28,16,3,1,8,True,group_conv2d,4,sigmoid,YES,YES,NO,configs/conv/conv_4743.json,reports/conv/conv_4743/csynth.xml,,,NO,
conv_4744,32,28,28,16,3,1,8,False,conv2d,,sigmoid,YES,YES,NO,configs/conv/conv_4744.json,reports/conv/conv_4744/csynth.xml,,,NO,
conv_4745,32,28,28,16,3,1,8,False,group_conv2d,2,sigmoid,YES,YES,NO,configs/conv/conv_4745.json,reports/conv/conv_4745/csynth.xml,,,NO,
conv_4746,32,28,28,16,3,1,8,False,group_conv2d,4,sigmoid,YES,YES,NO,configs/conv/conv_4746.json,reports/conv/conv_4746/csynth.xml,,,NO,
conv_4747,32,28,28,16,3,1,8,True,conv2d,,tanh,YES,YES,NO,configs/conv/conv_4747.json,reports/conv/conv_4747/csynth.xml,,,NO,
conv_4748,32,28,28,16,3,1,8,True,group_conv2d,2,tanh,YES,YES,NO,configs/conv/conv_4748.json,reports/conv/conv_4748/csynth.xml,,,NO,
conv_4749,32,28,28,16,3,1,8,True,group_conv2d,4,tanh,YES,YES,NO,configs/conv/conv_4749.json,reports/conv/conv_4749/csynth.xml,,,NO,
conv_4750,32,28,28,16,3,1,8,False,conv2d,,tanh,YES,YES,NO,configs/conv/conv_4750.json,reports/conv/conv_4750/csynth.xml,,,NO,
conv_4751,32,28,28,16,3,1,8,False,group_conv2d,2,tanh,YES,YES,NO,configs/conv/conv_4751.json,reports/conv/conv_4751/csynth.xml,,,NO,
conv_4752,32,28,28,16,3,1,8,False,group_conv2d,4,tanh,YES,YES,NO,configs/conv/conv_4752.json,reports/conv/conv_4752/csynth.xml,,,NO,
conv_4753,32,28,28,16,3,4,1,True,conv2d,,relu,YES,YES,NO,configs/conv/conv_4753.json,reports/conv/conv_4753/csynth.xml,,,NO,
conv_4754,32,28,28,16,3,4,1,True,group_conv2d,2,relu,YES,YES,NO,configs/conv/conv_4754.json,reports/conv/conv_4754/csynth.xml,,,NO,
conv_4755,32,28,28,16,3,4,1,True,group_conv2d,4,relu,YES,YES,NO,configs/conv/conv_4755.json,reports/conv/conv_4755/csynth.xml,,,NO,
conv_4756,32,28,28,16,3,4,1,False,conv2d,,relu,YES,YES,NO,configs/conv/conv_4756.json,reports/conv/conv_4756/csynth.xml,,,NO,
conv_4757,32,28,28,16,3,4,1,False,group_conv2d,2,relu,YES,YES,NO,configs/conv/conv_4757.json,reports/conv/conv_4757/csynth.xml,,,NO,
conv_4758,32,28,28,16,3,4,1,False,group_conv2d,4,relu,YES,YES,NO,configs/conv/conv_4758.json,reports/conv/conv_4758/csynth.xml,,,NO,
conv_4759,32,28,28,16,3,4,1,True,conv2d,,sigmoid,YES,YES,NO,configs/conv/conv_4759.json,reports/conv/conv_4759/csynth.xml,,,NO,
conv_4760,32,28,28,16,3,4,1,True,group_conv2d,2,sigmoid,YES,YES,NO,configs/conv/conv_4760.json,reports/conv/conv_4760/csynth.xml,,,NO,
conv_4761,32,28,28,16,3,4,1,True,group_conv2d,4,sigmoid,YES,YES,NO,configs/conv/conv_4761.json,reports/conv/conv_4761/csynth.xml,,,NO,
conv_4762,32,28,28,16,3,4,1,False,conv2d,,sigmoid,YES,YES,NO,configs/conv/conv_4762.json,reports/conv/conv_4762/csynth.xml,,,NO,
conv_4763,32,28,28,16,3,4,1,False,group_conv2d,2,sigmoid,YES,YES,NO,configs/conv/conv_4763.json,reports/conv/conv_4763/csynth.xml,,,NO,
conv_4764,32,28,28,16,3,4,1,False,group_conv2d,4,sigmoid,YES,YES,NO,configs/conv/conv_4764.json,reports/conv/conv_4764/csynth.xml,,,NO,
conv_4765,32,28,28,16,3,4,1,True,conv2d,,tanh,YES,YES,NO,configs/conv/conv_4765.json,reports/conv/conv_4765/csynth.xml,,,NO,
conv_4766,32,28,28,16,3,4,1,True,group_conv2d,2,tanh,YES,YES,YES,configs/conv/conv_4766.json,reports/conv/conv_4766/csynth.xml,reports/conv/conv_4766/export_impl.xml,reports/conv/conv_4766/power_routed.rpt,NO,
conv_4767,32,28,28,16,3,4,1,True,group_conv2d,4,tanh,YES,YES,NO,configs/conv/conv_4767.json,reports/conv/conv_4767/csynth.xml,,,NO,
conv_4768,32,28,28,16,3,4,1,False,conv2d,,tanh,YES,YES,NO,configs/conv/conv_4768.json,reports/conv/conv_4768/csynth.xml,,,NO,
conv_4769,32,28,28,16,3,4,1,False,group_conv2d,2,tanh,YES,YES,YES,configs/conv/conv_4769.json,reports/conv/conv_4769/csynth.xml,reports/conv/conv_4769/export_impl.xml,reports/conv/conv_4769/power_routed.rpt,NO,
conv_4770,32,28,28,16,3,4,1,False,group_conv2d,4,tanh,YES,YES,NO,configs/conv/conv_4770.json,reports/conv/conv_4770/csynth.xml,,,NO,
conv_4771,32,28,28,16,3,4,4,True,conv2d,,relu,YES,YES,NO,configs/conv/conv_4771.json,reports/conv/conv_4771/csynth.xml,,,NO,
conv_4772,32,28,28,16,3,4,4,True,group_conv2d,2,relu,YES,YES,NO,configs/conv/conv_4772.json,reports/conv/conv_4772/csynth.xml,,,NO,
conv_4773,32,28,28,16,3,4,4,True,group_conv2d,4,relu,YES,YES,NO,configs/conv/conv_4773.json,reports/conv/conv_4773/csynth.xml,,,NO,
conv_4774,32,28,28,16,3,4,4,False,conv2d,,relu,YES,YES,NO,configs/conv/conv_4774.json,reports/conv/conv_4774/csynth.xml,,,NO,
conv_4775,32,28,28,16,3,4,4,False,group_conv2d,2,relu,YES,YES,NO,configs/conv/conv_4775.json,reports/conv/conv_4775/csynth.xml,,,NO,
conv_4776,32,28,28,16,3,4,4,False,group_conv2d,4,relu,YES,YES,NO,configs/conv/conv_4776.json,reports/conv/conv_4776/csynth.xml,,,NO,
conv_4777,32,28,28,16,3,4,4,True,conv2d,,sigmoid,YES,YES,NO,configs/conv/conv_4777.json,reports/conv/conv_4777/csynth.xml,,,NO,
conv_4778,32,28,28,16,3,4,4,True,group_conv2d,2,sigmoid,YES,YES,YES,configs/conv/conv_4778.json,reports/conv/conv_4778/csynth.xml,reports/conv/conv_4778/export_impl.xml,reports/conv/conv_4778/power_routed.rpt,NO,
conv_4779,32,28,28,16,3,4,4,True,group_conv2d,4,sigmoid,YES,YES,NO,configs/conv/conv_4779.json,reports/conv/conv_4779/csynth.xml,,,NO,
conv_4780,32,28,28,16,3,4,4,False,conv2d,,sigmoid,YES,YES,NO,configs/conv/conv_4780.json,reports/conv/conv_4780/csynth.xml,,,NO,
conv_4781,32,28,28,16,3,4,4,False,group_conv2d,2,sigmoid,YES,YES,NO,configs/conv/conv_4781.json,reports/conv/conv_4781/csynth.xml,,,NO,
conv_4782,32,28,28,16,3,4,4,False,group_conv2d,4,sigmoid,YES,YES,NO,configs/conv/conv_4782.json,reports/conv/conv_4782/csynth.xml,,,NO,
conv_4783,32,28,28,16,3,4,4,True,conv2d,,tanh,YES,YES,NO,configs/conv/conv_4783.json,reports/conv/conv_4783/csynth.xml,,,NO,
conv_4784,32,28,28,16,3,4,4,True,group_conv2d,2,tanh,YES,YES,NO,configs/conv/conv_4784.json,reports/conv/conv_4784/csynth.xml,,,NO,
conv_4785,32,28,28,16,3,4,4,True,group_conv2d,4,tanh,YES,YES,NO,configs/conv/conv_4785.json,reports/conv/conv_4785/csynth.xml,,,NO,
conv_4786,32,28,28,16,3,4,4,False,conv2d,,tanh,YES,YES,NO,configs/conv/conv_4786.json,reports/conv/conv_4786/csynth.xml,,,NO,
conv_4787,32,28,28,16,3,4,4,False,group_conv2d,2,tanh,YES,YES,YES,configs/conv/conv_4787.json,reports/conv/conv_4787/csynth.xml,reports/conv/conv_4787/export_impl.xml,reports/conv/conv_4787/power_routed.rpt,NO,
conv_4788,32,28,28,16,3,4,4,False,group_conv2d,4,tanh,YES,YES,NO,configs/conv/conv_4788.json,reports/conv/conv_4788/csynth.xml,,,NO,
conv_4789,32,28,28,16,3,4,8,True,conv2d,,relu,YES,YES,NO,configs/conv/conv_4789.json,reports/conv/conv_4789/csynth.xml,,,NO,
conv_4790,32,28,28,16,3,4,8,True,group_conv2d,2,relu,YES,YES,YES,configs/conv/conv_4790.json,reports/conv/conv_4790/csynth.xml,reports/conv/conv_4790/export_impl.xml,reports/conv/conv_4790/power_routed.rpt,NO,
conv_4791,32,28,28,16,3,4,8,True,group_conv2d,4,relu,YES,YES,NO,configs/conv/conv_4791.json,reports/conv/conv_4791/csynth.xml,,,NO,
conv_4792,32,28,28,16,3,4,8,False,conv2d,,relu,YES,YES,NO,configs/conv/conv_4792.json,reports/conv/conv_4792/csynth.xml,,,NO,
conv_4793,32,28,28,16,3,4,8,False,group_conv2d,2,relu,YES,YES,NO,configs/conv/conv_4793.json,reports/conv/conv_4793/csynth.xml,,,NO,
conv_4794,32,28,28,16,3,4,8,False,group_conv2d,4,relu,YES,YES,NO,configs/conv/conv_4794.json,reports/conv/conv_4794/csynth.xml,,,NO,
conv_4795,32,28,28,16,3,4,8,True,conv2d,,sigmoid,YES,YES,NO,configs/conv/conv_4795.json,reports/conv/conv_4795/csynth.xml,,,NO,
conv_4796,32,28,28,16,3,4,8,True,group_conv2d,2,sigmoid,YES,YES,NO,configs/conv/conv_4796.json,reports/conv/conv_4796/csynth.xml,,,NO,
conv_4797,32,28,28,16,3,4,8,True,group_conv2d,4,sigmoid,YES,YES,NO,configs/conv/conv_4797.json,reports/conv/conv_4797/csynth.xml,,,NO,
conv_4798,32,28,28,16,3,4,8,False,conv2d,,sigmoid,YES,YES,NO,configs/conv/conv_4798.json,reports/conv/conv_4798/csynth.xml,,,NO,
conv_4799,32,28,28,16,3,4,8,False,group_conv2d,2,sigmoid,YES,YES,NO,configs/conv/conv_4799.json,reports/conv/conv_4799/csynth.xml,,,NO,
conv_4800,32,28,28,16,3,4,8,False,group_conv2d,4,sigmoid,YES,YES,NO,configs/conv/conv_4800.json,reports/conv/conv_4800/csynth.xml,,,NO,
conv_4801,32,28,28,16,3,4,8,True,conv2d,,tanh,YES,YES,NO,configs/conv/conv_4801.json,reports/conv/conv_4801/csynth.xml,,,NO,
conv_4802,32,28,28,16,3,4,8,True,group_conv2d,2,tanh,YES,YES,NO,configs/conv/conv_4802.json,reports/conv/conv_4802/csynth.xml,,,NO,
conv_4803,32,28,28,16,3,4,8,True,group_conv2d,4,tanh,YES,YES,NO,configs/conv/conv_4803.json,reports/conv/conv_4803/csynth.xml,,,NO,
conv_4804,32,28,28,16,3,4,8,False,conv2d,,tanh,YES,YES,NO,configs/conv/conv_4804.json,reports/conv/conv_4804/csynth.xml,,,NO,
conv_4805,32,28,28,16,3,4,8,False,group_conv2d,2,tanh,YES,YES,NO,configs/conv/conv_4805.json,reports/conv/conv_4805/csynth.xml,,,NO,
conv_4806,32,28,28,16,3,4,8,False,group_conv2d,4,tanh,YES,YES,NO,configs/conv/conv_4806.json,reports/conv/conv_4806/csynth.xml,,,NO,
conv_4807,32,28,28,16,3,8,1,True,conv2d,,relu,YES,YES,NO,configs/conv/conv_4807.json,reports/conv/conv_4807/csynth.xml,,,NO,
conv_4808,32,28,28,16,3,8,1,True,group_conv2d,2,relu,YES,YES,NO,configs/conv/conv_4808.json,reports/conv/conv_4808/csynth.xml,,,NO,
conv_4809,32,28,28,16,3,8,1,True,group_conv2d,4,relu,YES,YES,NO,configs/conv/conv_4809.json,reports/conv/conv_4809/csynth.xml,,,NO,
conv_4810,32,28,28,16,3,8,1,False,conv2d,,relu,YES,YES,NO,configs/conv/conv_4810.json,reports/conv/conv_4810/csynth.xml,,,NO,
conv_4811,32,28,28,16,3,8,1,False,group_conv2d,2,relu,YES,YES,NO,configs/conv/conv_4811.json,reports/conv/conv_4811/csynth.xml,,,NO,
conv_4812,32,28,28,16,3,8,1,False,group_conv2d,4,relu,YES,YES,NO,configs/conv/conv_4812.json,reports/conv/conv_4812/csynth.xml,,,NO,
conv_4813,32,28,28,16,3,8,1,True,conv2d,,sigmoid,YES,YES,NO,configs/conv/conv_4813.json,reports/conv/conv_4813/csynth.xml,,,NO,
conv_4814,32,28,28,16,3,8,1,True,group_conv2d,2,sigmoid,YES,YES,NO,configs/conv/conv_4814.json,reports/conv/conv_4814/csynth.xml,,,NO,
conv_4815,32,28,28,16,3,8,1,True,group_conv2d,4,sigmoid,YES,YES,NO,configs/conv/conv_4815.json,reports/conv/conv_4815/csynth.xml,,,NO,
conv_4816,32,28,28,16,3,8,1,False,conv2d,,sigmoid,YES,YES,NO,configs/conv/conv_4816.json,reports/conv/conv_4816/csynth.xml,,,NO,
conv_4817,32,28,28,16,3,8,1,False,group_conv2d,2,sigmoid,YES,YES,NO,configs/conv/conv_4817.json,reports/conv/conv_4817/csynth.xml,,,NO,
conv_4818,32,28,28,16,3,8,1,False,group_conv2d,4,sigmoid,YES,YES,NO,configs/conv/conv_4818.json,reports/conv/conv_4818/csynth.xml,,,NO,
conv_4819,32,28,28,16,3,8,1,True,conv2d,,tanh,YES,YES,NO,configs/conv/conv_4819.json,reports/conv/conv_4819/csynth.xml,,,NO,
conv_4820,32,28,28,16,3,8,1,True,group_conv2d,2,tanh,YES,YES,NO,configs/conv/conv_4820.json,reports/conv/conv_4820/csynth.xml,,,NO,
conv_4821,32,28,28,16,3,8,1,True,group_conv2d,4,tanh,YES,YES,NO,configs/conv/conv_4821.json,reports/conv/conv_4821/csynth.xml,,,NO,
conv_4822,32,28,28,16,3,8,1,False,conv2d,,tanh,YES,YES,NO,configs/conv/conv_4822.json,reports/conv/conv_4822/csynth.xml,,,NO,
conv_4823,32,28,28,16,3,8,1,False,group_conv2d,2,tanh,YES,YES,NO,configs/conv/conv_4823.json,reports/conv/conv_4823/csynth.xml,,,NO,
conv_4824,32,28,28,16,3,8,1,False,group_conv2d,4,tanh,YES,YES,NO,configs/conv/conv_4824.json,reports/conv/conv_4824/csynth.xml,,,NO,
conv_4825,32,28,28,16,3,8,4,True,conv2d,,relu,YES,YES,NO,configs/conv/conv_4825.json,reports/conv/conv_4825/csynth.xml,,,NO,
conv_4826,32,28,28,16,3,8,4,True,group_conv2d,2,relu,YES,YES,NO,configs/conv/conv_4826.json,reports/conv/conv_4826/csynth.xml,,,NO,
conv_4827,32,28,28,16,3,8,4,True,group_conv2d,4,relu,YES,YES,NO,configs/conv/conv_4827.json,reports/conv/conv_4827/csynth.xml,,,NO,
conv_4828,32,28,28,16,3,8,4,False,conv2d,,relu,YES,YES,YES,configs/conv/conv_4828.json,reports/conv/conv_4828/csynth.xml,reports/conv/conv_4828/export_impl.xml,reports/conv/conv_4828/power_routed.rpt,NO,
conv_4829,32,28,28,16,3,8,4,False,group_conv2d,2,relu,YES,YES,NO,configs/conv/conv_4829.json,reports/conv/conv_4829/csynth.xml,,,NO,
conv_4830,32,28,28,16,3,8,4,False,group_conv2d,4,relu,YES,YES,NO,configs/conv/conv_4830.json,reports/conv/conv_4830/csynth.xml,,,NO,
conv_4831,32,28,28,16,3,8,4,True,conv2d,,sigmoid,YES,YES,NO,configs/conv/conv_4831.json,reports/conv/conv_4831/csynth.xml,,,NO,
conv_4832,32,28,28,16,3,8,4,True,group_conv2d,2,sigmoid,YES,YES,NO,configs/conv/conv_4832.json,reports/conv/conv_4832/csynth.xml,,,NO,
conv_4833,32,28,28,16,3,8,4,True,group_conv2d,4,sigmoid,YES,YES,NO,configs/conv/conv_4833.json,reports/conv/conv_4833/csynth.xml,,,NO,
conv_4834,32,28,28,16,3,8,4,False,conv2d,,sigmoid,YES,YES,NO,configs/conv/conv_4834.json,reports/conv/conv_4834/csynth.xml,,,NO,
conv_4835,32,28,28,16,3,8,4,False,group_conv2d,2,sigmoid,YES,YES,NO,configs/conv/conv_4835.json,reports/conv/conv_4835/csynth.xml,,,NO,
conv_4836,32,28,28,16,3,8,4,False,group_conv2d,4,sigmoid,YES,YES,NO,configs/conv/conv_4836.json,reports/conv/conv_4836/csynth.xml,,,NO,
conv_4837,32,28,28,16,3,8,4,True,conv2d,,tanh,YES,YES,NO,configs/conv/conv_4837.json,reports/conv/conv_4837/csynth.xml,,,NO,
conv_4838,32,28,28,16,3,8,4,True,group_conv2d,2,tanh,YES,YES,NO,configs/conv/conv_4838.json,reports/conv/conv_4838/csynth.xml,,,NO,
conv_4839,32,28,28,16,3,8,4,True,group_conv2d,4,tanh,YES,YES,NO,configs/conv/conv_4839.json,reports/conv/conv_4839/csynth.xml,,,NO,
conv_4840,32,28,28,16,3,8,4,False,conv2d,,tanh,YES,YES,NO,configs/conv/conv_4840.json,reports/conv/conv_4840/csynth.xml,,,NO,
conv_4841,32,28,28,16,3,8,4,False,group_conv2d,2,tanh,YES,YES,NO,configs/conv/conv_4841.json,reports/conv/conv_4841/csynth.xml,,,NO,
conv_4842,32,28,28,16,3,8,4,False,group_conv2d,4,tanh,YES,YES,NO,configs/conv/conv_4842.json,reports/conv/conv_4842/csynth.xml,,,NO,
conv_4843,32,28,28,16,3,8,8,True,conv2d,,relu,YES,YES,NO,configs/conv/conv_4843.json,reports/conv/conv_4843/csynth.xml,,,NO,
conv_4844,32,28,28,16,3,8,8,True,group_conv2d,2,relu,YES,YES,NO,configs/conv/conv_4844.json,reports/conv/conv_4844/csynth.xml,,,NO,
conv_4845,32,28,28,16,3,8,8,True,group_conv2d,4,relu,YES,YES,NO,configs/conv/conv_4845.json,reports/conv/conv_4845/csynth.xml,,,NO,
conv_4846,32,28,28,16,3,8,8,False,conv2d,,relu,YES,YES,NO,configs/conv/conv_4846.json,reports/conv/conv_4846/csynth.xml,,,NO,
conv_4847,32,28,28,16,3,8,8,False,group_conv2d,2,relu,YES,YES,NO,configs/conv/conv_4847.json,reports/conv/conv_4847/csynth.xml,,,NO,
conv_4848,32,28,28,16,3,8,8,False,group_conv2d,4,relu,YES,YES,YES,configs/conv/conv_4848.json,reports/conv/conv_4848/csynth.xml,reports/conv/conv_4848/export_impl.xml,reports/conv/conv_4848/power_routed.rpt,NO,
conv_4849,32,28,28,16,3,8,8,True,conv2d,,sigmoid,YES,YES,NO,configs/conv/conv_4849.json,reports/conv/conv_4849/csynth.xml,,,NO,
conv_4850,32,28,28,16,3,8,8,True,group_conv2d,2,sigmoid,YES,YES,NO,configs/conv/conv_4850.json,reports/conv/conv_4850/csynth.xml,,,NO,
conv_4851,32,28,28,16,3,8,8,True,group_conv2d,4,sigmoid,YES,YES,NO,configs/conv/conv_4851.json,reports/conv/conv_4851/csynth.xml,,,NO,
conv_4852,32,28,28,16,3,8,8,False,conv2d,,sigmoid,YES,YES,NO,configs/conv/conv_4852.json,reports/conv/conv_4852/csynth.xml,,,NO,
conv_4853,32,28,28,16,3,8,8,False,group_conv2d,2,sigmoid,YES,YES,NO,configs/conv/conv_4853.json,reports/conv/conv_4853/csynth.xml,,,NO,
conv_4854,32,28,28,16,3,8,8,False,group_conv2d,4,sigmoid,YES,YES,NO,configs/conv/conv_4854.json,reports/conv/conv_4854/csynth.xml,,,NO,
conv_4855,32,28,28,16,3,8,8,True,conv2d,,tanh,YES,YES,NO,configs/conv/conv_4855.json,reports/conv/conv_4855/csynth.xml,,,NO,
conv_4856,32,28,28,16,3,8,8,True,group_conv2d,2,tanh,YES,YES,NO,configs/conv/conv_4856.json,reports/conv/conv_4856/csynth.xml,,,NO,
conv_4857,32,28,28,16,3,8,8,True,group_conv2d,4,tanh,YES,YES,NO,configs/conv/conv_4857.json,reports/conv/conv_4857/csynth.xml,,,NO,
conv_4858,32,28,28,16,3,8,8,False,conv2d,,tanh,YES,YES,NO,configs/conv/conv_4858.json,reports/conv/conv_4858/csynth.xml,,,NO,
conv_4859,32,28,28,16,3,8,8,False,group_conv2d,2,tanh,YES,YES,NO,configs/conv/conv_4859.json,reports/conv/conv_4859/csynth.xml,,,NO,
conv_4860,32,28,28,16,3,8,8,False,group_conv2d,4,tanh,YES,YES,NO,configs/conv/conv_4860.json,reports/conv/conv_4860/csynth.xml,,,NO,
conv_4861,32,28,28,32,1,1,1,True,conv2d,,relu,YES,YES,YES,configs/conv/conv_4861.json,reports/conv/conv_4861/csynth.xml,reports/conv/conv_4861/export_impl.xml,reports/conv/conv_4861/power_routed.rpt,NO,
conv_4862,32,28,28,32,1,1,1,True,group_conv2d,2,relu,YES,YES,YES,configs/conv/conv_4862.json,reports/conv/conv_4862/csynth.xml,reports/conv/conv_4862/export_impl.xml,reports/conv/conv_4862/power_routed.rpt,NO,
conv_4863,32,28,28,32,1,1,1,True,group_conv2d,4,relu,YES,YES,YES,configs/conv/conv_4863.json,reports/conv/conv_4863/csynth.xml,reports/conv/conv_4863/export_impl.xml,reports/conv/conv_4863/power_routed.rpt,NO,
conv_4864,32,28,28,32,1,1,1,False,conv2d,,relu,YES,YES,YES,configs/conv/conv_4864.json,reports/conv/conv_4864/csynth.xml,reports/conv/conv_4864/export_impl.xml,reports/conv/conv_4864/power_routed.rpt,NO,
conv_4865,32,28,28,32,1,1,1,False,group_conv2d,2,relu,YES,YES,YES,configs/conv/conv_4865.json,reports/conv/conv_4865/csynth.xml,reports/conv/conv_4865/export_impl.xml,reports/conv/conv_4865/power_routed.rpt,NO,
conv_4866,32,28,28,32,1,1,1,False,group_conv2d,4,relu,YES,YES,YES,configs/conv/conv_4866.json,reports/conv/conv_4866/csynth.xml,reports/conv/conv_4866/export_impl.xml,reports/conv/conv_4866/power_routed.rpt,NO,
conv_4867,32,28,28,32,1,1,1,True,conv2d,,sigmoid,YES,YES,YES,configs/conv/conv_4867.json,reports/conv/conv_4867/csynth.xml,reports/conv/conv_4867/export_impl.xml,reports/conv/conv_4867/power_routed.rpt,NO,
conv_4868,32,28,28,32,1,1,1,True,group_conv2d,2,sigmoid,YES,YES,YES,configs/conv/conv_4868.json,reports/conv/conv_4868/csynth.xml,reports/conv/conv_4868/export_impl.xml,reports/conv/conv_4868/power_routed.rpt,NO,
conv_4869,32,28,28,32,1,1,1,True,group_conv2d,4,sigmoid,YES,YES,YES,configs/conv/conv_4869.json,reports/conv/conv_4869/csynth.xml,reports/conv/conv_4869/export_impl.xml,reports/conv/conv_4869/power_routed.rpt,NO,
conv_4870,32,28,28,32,1,1,1,False,conv2d,,sigmoid,YES,YES,YES,configs/conv/conv_4870.json,reports/conv/conv_4870/csynth.xml,reports/conv/conv_4870/export_impl.xml,reports/conv/conv_4870/power_routed.rpt,NO,
conv_4871,32,28,28,32,1,1,1,False,group_conv2d,2,sigmoid,YES,YES,YES,configs/conv/conv_4871.json,reports/conv/conv_4871/csynth.xml,reports/conv/conv_4871/export_impl.xml,reports/conv/conv_4871/power_routed.rpt,NO,
conv_4872,32,28,28,32,1,1,1,False,group_conv2d,4,sigmoid,YES,YES,YES,configs/conv/conv_4872.json,reports/conv/conv_4872/csynth.xml,reports/conv/conv_4872/export_impl.xml,reports/conv/conv_4872/power_routed.rpt,NO,
conv_4873,32,28,28,32,1,1,1,True,conv2d,,tanh,YES,YES,YES,configs/conv/conv_4873.json,reports/conv/conv_4873/csynth.xml,reports/conv/conv_4873/export_impl.xml,reports/conv/conv_4873/power_routed.rpt,NO,
conv_4874,32,28,28,32,1,1,1,True,group_conv2d,2,tanh,YES,YES,YES,configs/conv/conv_4874.json,reports/conv/conv_4874/csynth.xml,reports/conv/conv_4874/export_impl.xml,reports/conv/conv_4874/power_routed.rpt,NO,
conv_4875,32,28,28,32,1,1,1,True,group_conv2d,4,tanh,YES,YES,YES,configs/conv/conv_4875.json,reports/conv/conv_4875/csynth.xml,reports/conv/conv_4875/export_impl.xml,reports/conv/conv_4875/power_routed.rpt,NO,
conv_4876,32,28,28,32,1,1,1,False,conv2d,,tanh,YES,YES,YES,configs/conv/conv_4876.json,reports/conv/conv_4876/csynth.xml,reports/conv/conv_4876/export_impl.xml,reports/conv/conv_4876/power_routed.rpt,NO,
conv_4877,32,28,28,32,1,1,1,False,group_conv2d,2,tanh,YES,YES,YES,configs/conv/conv_4877.json,reports/conv/conv_4877/csynth.xml,reports/conv/conv_4877/export_impl.xml,reports/conv/conv_4877/power_routed.rpt,NO,
conv_4878,32,28,28,32,1,1,1,False,group_conv2d,4,tanh,YES,YES,YES,configs/conv/conv_4878.json,reports/conv/conv_4878/csynth.xml,reports/conv/conv_4878/export_impl.xml,reports/conv/conv_4878/power_routed.rpt,NO,
conv_4879,32,28,28,32,1,1,4,True,conv2d,,relu,YES,YES,NO,configs/conv/conv_4879.json,reports/conv/conv_4879/csynth.xml,,,NO,
conv_4880,32,28,28,32,1,1,4,True,group_conv2d,2,relu,YES,YES,YES,configs/conv/conv_4880.json,reports/conv/conv_4880/csynth.xml,reports/conv/conv_4880/export_impl.xml,reports/conv/conv_4880/power_routed.rpt,NO,
conv_4881,32,28,28,32,1,1,4,True,group_conv2d,4,relu,YES,YES,NO,configs/conv/conv_4881.json,reports/conv/conv_4881/csynth.xml,,,NO,
conv_4882,32,28,28,32,1,1,4,False,conv2d,,relu,YES,YES,NO,configs/conv/conv_4882.json,reports/conv/conv_4882/csynth.xml,,,NO,
conv_4883,32,28,28,32,1,1,4,False,group_conv2d,2,relu,YES,YES,NO,configs/conv/conv_4883.json,reports/conv/conv_4883/csynth.xml,,,NO,
conv_4884,32,28,28,32,1,1,4,False,group_conv2d,4,relu,YES,YES,NO,configs/conv/conv_4884.json,reports/conv/conv_4884/csynth.xml,,,NO,
conv_4885,32,28,28,32,1,1,4,True,conv2d,,sigmoid,YES,YES,NO,configs/conv/conv_4885.json,reports/conv/conv_4885/csynth.xml,,,NO,
conv_4886,32,28,28,32,1,1,4,True,group_conv2d,2,sigmoid,YES,YES,NO,configs/conv/conv_4886.json,reports/conv/conv_4886/csynth.xml,,,NO,
conv_4887,32,28,28,32,1,1,4,True,group_conv2d,4,sigmoid,YES,YES,NO,configs/conv/conv_4887.json,reports/conv/conv_4887/csynth.xml,,,NO,
conv_4888,32,28,28,32,1,1,4,False,conv2d,,sigmoid,YES,YES,NO,configs/conv/conv_4888.json,reports/conv/conv_4888/csynth.xml,,,NO,
conv_4889,32,28,28,32,1,1,4,False,group_conv2d,2,sigmoid,YES,YES,YES,configs/conv/conv_4889.json,reports/conv/conv_4889/csynth.xml,reports/conv/conv_4889/export_impl.xml,reports/conv/conv_4889/power_routed.rpt,NO,
conv_4890,32,28,28,32,1,1,4,False,group_conv2d,4,sigmoid,YES,YES,NO,configs/conv/conv_4890.json,reports/conv/conv_4890/csynth.xml,,,NO,
conv_4891,32,28,28,32,1,1,4,True,conv2d,,tanh,YES,YES,NO,configs/conv/conv_4891.json,reports/conv/conv_4891/csynth.xml,,,NO,
conv_4892,32,28,28,32,1,1,4,True,group_conv2d,2,tanh,YES,YES,NO,configs/conv/conv_4892.json,reports/conv/conv_4892/csynth.xml,,,NO,
conv_4893,32,28,28,32,1,1,4,True,group_conv2d,4,tanh,YES,YES,NO,configs/conv/conv_4893.json,reports/conv/conv_4893/csynth.xml,,,NO,
conv_4894,32,28,28,32,1,1,4,False,conv2d,,tanh,YES,YES,NO,configs/conv/conv_4894.json,reports/conv/conv_4894/csynth.xml,,,NO,
conv_4895,32,28,28,32,1,1,4,False,group_conv2d,2,tanh,YES,YES,NO,configs/conv/conv_4895.json,reports/conv/conv_4895/csynth.xml,,,NO,
conv_4896,32,28,28,32,1,1,4,False,group_conv2d,4,tanh,YES,YES,NO,configs/conv/conv_4896.json,reports/conv/conv_4896/csynth.xml,,,NO,
conv_4897,32,28,28,32,1,1,8,True,conv2d,,relu,YES,YES,NO,configs/conv/conv_4897.json,reports/conv/conv_4897/csynth.xml,,,NO,
conv_4898,32,28,28,32,1,1,8,True,group_conv2d,2,relu,YES,YES,YES,configs/conv/conv_4898.json,reports/conv/conv_4898/csynth.xml,reports/conv/conv_4898/export_impl.xml,reports/conv/conv_4898/power_routed.rpt,NO,
conv_4899,32,28,28,32,1,1,8,True,group_conv2d,4,relu,YES,YES,NO,configs/conv/conv_4899.json,reports/conv/conv_4899/csynth.xml,,,NO,
conv_4900,32,28,28,32,1,1,8,False,conv2d,,relu,YES,YES,NO,configs/conv/conv_4900.json,reports/conv/conv_4900/csynth.xml,,,NO,
conv_4901,32,28,28,32,1,1,8,False,group_conv2d,2,relu,YES,YES,NO,configs/conv/conv_4901.json,reports/conv/conv_4901/csynth.xml,,,NO,
conv_4902,32,28,28,32,1,1,8,False,group_conv2d,4,relu,YES,YES,NO,configs/conv/conv_4902.json,reports/conv/conv_4902/csynth.xml,,,NO,
conv_4903,32,28,28,32,1,1,8,True,conv2d,,sigmoid,YES,YES,NO,configs/conv/conv_4903.json,reports/conv/conv_4903/csynth.xml,,,NO,
conv_4904,32,28,28,32,1,1,8,True,group_conv2d,2,sigmoid,YES,YES,NO,configs/conv/conv_4904.json,reports/conv/conv_4904/csynth.xml,,,NO,
conv_4905,32,28,28,32,1,1,8,True,group_conv2d,4,sigmoid,YES,YES,NO,configs/conv/conv_4905.json,reports/conv/conv_4905/csynth.xml,,,NO,
conv_4906,32,28,28,32,1,1,8,False,conv2d,,sigmoid,YES,YES,NO,configs/conv/conv_4906.json,reports/conv/conv_4906/csynth.xml,,,NO,
conv_4907,32,28,28,32,1,1,8,False,group_conv2d,2,sigmoid,YES,YES,NO,configs/conv/conv_4907.json,reports/conv/conv_4907/csynth.xml,,,NO,
conv_4908,32,28,28,32,1,1,8,False,group_conv2d,4,sigmoid,YES,YES,NO,configs/conv/conv_4908.json,reports/conv/conv_4908/csynth.xml,,,NO,
conv_4909,32,28,28,32,1,1,8,True,conv2d,,tanh,YES,YES,NO,configs/conv/conv_4909.json,reports/conv/conv_4909/csynth.xml,,,NO,
conv_4910,32,28,28,32,1,1,8,True,group_conv2d,2,tanh,YES,YES,NO,configs/conv/conv_4910.json,reports/conv/conv_4910/csynth.xml,,,NO,
conv_4911,32,28,28,32,1,1,8,True,group_conv2d,4,tanh,YES,YES,NO,configs/conv/conv_4911.json,reports/conv/conv_4911/csynth.xml,,,NO,
conv_4912,32,28,28,32,1,1,8,False,conv2d,,tanh,YES,YES,NO,configs/conv/conv_4912.json,reports/conv/conv_4912/csynth.xml,,,NO,
conv_4913,32,28,28,32,1,1,8,False,group_conv2d,2,tanh,YES,YES,NO,configs/conv/conv_4913.json,reports/conv/conv_4913/csynth.xml,,,NO,
conv_4914,32,28,28,32,1,1,8,False,group_conv2d,4,tanh,YES,YES,NO,configs/conv/conv_4914.json,reports/conv/conv_4914/csynth.xml,,,NO,
conv_4915,32,28,28,32,1,4,1,True,conv2d,,relu,YES,YES,NO,configs/conv/conv_4915.json,reports/conv/conv_4915/csynth.xml,,,NO,
conv_4916,32,28,28,32,1,4,1,True,group_conv2d,2,relu,YES,YES,YES,configs/conv/conv_4916.json,reports/conv/conv_4916/csynth.xml,reports/conv/conv_4916/export_impl.xml,reports/conv/conv_4916/power_routed.rpt,NO,
conv_4917,32,28,28,32,1,4,1,True,group_conv2d,4,relu,YES,YES,NO,configs/conv/conv_4917.json,reports/conv/conv_4917/csynth.xml,,,NO,
conv_4918,32,28,28,32,1,4,1,False,conv2d,,relu,YES,YES,NO,configs/conv/conv_4918.json,reports/conv/conv_4918/csynth.xml,,,NO,
conv_4919,32,28,28,32,1,4,1,False,group_conv2d,2,relu,YES,YES,YES,configs/conv/conv_4919.json,reports/conv/conv_4919/csynth.xml,reports/conv/conv_4919/export_impl.xml,reports/conv/conv_4919/power_routed.rpt,NO,
conv_4920,32,28,28,32,1,4,1,False,group_conv2d,4,relu,YES,YES,NO,configs/conv/conv_4920.json,reports/conv/conv_4920/csynth.xml,,,NO,
conv_4921,32,28,28,32,1,4,1,True,conv2d,,sigmoid,YES,YES,NO,configs/conv/conv_4921.json,reports/conv/conv_4921/csynth.xml,,,NO,
conv_4922,32,28,28,32,1,4,1,True,group_conv2d,2,sigmoid,YES,YES,NO,configs/conv/conv_4922.json,reports/conv/conv_4922/csynth.xml,,,NO,
conv_4923,32,28,28,32,1,4,1,True,group_conv2d,4,sigmoid,YES,YES,NO,configs/conv/conv_4923.json,reports/conv/conv_4923/csynth.xml,,,NO,
conv_4924,32,28,28,32,1,4,1,False,conv2d,,sigmoid,YES,YES,NO,configs/conv/conv_4924.json,reports/conv/conv_4924/csynth.xml,,,NO,
conv_4925,32,28,28,32,1,4,1,False,group_conv2d,2,sigmoid,YES,YES,NO,configs/conv/conv_4925.json,reports/conv/conv_4925/csynth.xml,,,NO,
conv_4926,32,28,28,32,1,4,1,False,group_conv2d,4,sigmoid,YES,YES,NO,configs/conv/conv_4926.json,reports/conv/conv_4926/csynth.xml,,,NO,
conv_4927,32,28,28,32,1,4,1,True,conv2d,,tanh,YES,YES,NO,configs/conv/conv_4927.json,reports/conv/conv_4927/csynth.xml,,,NO,
conv_4928,32,28,28,32,1,4,1,True,group_conv2d,2,tanh,YES,YES,NO,configs/conv/conv_4928.json,reports/conv/conv_4928/csynth.xml,,,NO,
conv_4929,32,28,28,32,1,4,1,True,group_conv2d,4,tanh,YES,YES,NO,configs/conv/conv_4929.json,reports/conv/conv_4929/csynth.xml,,,NO,
conv_4930,32,28,28,32,1,4,1,False,conv2d,,tanh,YES,YES,NO,configs/conv/conv_4930.json,reports/conv/conv_4930/csynth.xml,,,NO,
conv_4931,32,28,28,32,1,4,1,False,group_conv2d,2,tanh,YES,YES,NO,configs/conv/conv_4931.json,reports/conv/conv_4931/csynth.xml,,,NO,
conv_4932,32,28,28,32,1,4,1,False,group_conv2d,4,tanh,YES,YES,NO,configs/conv/conv_4932.json,reports/conv/conv_4932/csynth.xml,,,NO,
conv_4933,32,28,28,32,1,4,4,True,conv2d,,relu,YES,YES,NO,configs/conv/conv_4933.json,reports/conv/conv_4933/csynth.xml,,,NO,
conv_4934,32,28,28,32,1,4,4,True,group_conv2d,2,relu,YES,YES,NO,configs/conv/conv_4934.json,reports/conv/conv_4934/csynth.xml,,,NO,
conv_4935,32,28,28,32,1,4,4,True,group_conv2d,4,relu,YES,YES,NO,configs/conv/conv_4935.json,reports/conv/conv_4935/csynth.xml,,,NO,
conv_4936,32,28,28,32,1,4,4,False,conv2d,,relu,YES,YES,NO,configs/conv/conv_4936.json,reports/conv/conv_4936/csynth.xml,,,NO,
conv_4937,32,28,28,32,1,4,4,False,group_conv2d,2,relu,YES,YES,NO,configs/conv/conv_4937.json,reports/conv/conv_4937/csynth.xml,,,NO,
conv_4938,32,28,28,32,1,4,4,False,group_conv2d,4,relu,YES,YES,NO,configs/conv/conv_4938.json,reports/conv/conv_4938/csynth.xml,,,NO,
conv_4939,32,28,28,32,1,4,4,True,conv2d,,sigmoid,YES,YES,NO,configs/conv/conv_4939.json,reports/conv/conv_4939/csynth.xml,,,NO,
conv_4940,32,28,28,32,1,4,4,True,group_conv2d,2,sigmoid,YES,YES,NO,configs/conv/conv_4940.json,reports/conv/conv_4940/csynth.xml,,,NO,
conv_4941,32,28,28,32,1,4,4,True,group_conv2d,4,sigmoid,YES,YES,NO,configs/conv/conv_4941.json,reports/conv/conv_4941/csynth.xml,,,NO,
conv_4942,32,28,28,32,1,4,4,False,conv2d,,sigmoid,YES,YES,NO,configs/conv/conv_4942.json,reports/conv/conv_4942/csynth.xml,,,NO,
conv_4943,32,28,28,32,1,4,4,False,group_conv2d,2,sigmoid,YES,YES,NO,configs/conv/conv_4943.json,reports/conv/conv_4943/csynth.xml,,,NO,
conv_4944,32,28,28,32,1,4,4,False,group_conv2d,4,sigmoid,YES,YES,NO,configs/conv/conv_4944.json,reports/conv/conv_4944/csynth.xml,,,NO,
conv_4945,32,28,28,32,1,4,4,True,conv2d,,tanh,YES,YES,YES,configs/conv/conv_4945.json,reports/conv/conv_4945/csynth.xml,reports/conv/conv_4945/export_impl.xml,reports/conv/conv_4945/power_routed.rpt,NO,
conv_4946,32,28,28,32,1,4,4,True,group_conv2d,2,tanh,YES,YES,NO,configs/conv/conv_4946.json,reports/conv/conv_4946/csynth.xml,,,NO,
conv_4947,32,28,28,32,1,4,4,True,group_conv2d,4,tanh,YES,YES,NO,configs/conv/conv_4947.json,reports/conv/conv_4947/csynth.xml,,,NO,
conv_4948,32,28,28,32,1,4,4,False,conv2d,,tanh,YES,YES,YES,configs/conv/conv_4948.json,reports/conv/conv_4948/csynth.xml,reports/conv/conv_4948/export_impl.xml,reports/conv/conv_4948/power_routed.rpt,NO,
conv_4949,32,28,28,32,1,4,4,False,group_conv2d,2,tanh,YES,YES,NO,configs/conv/conv_4949.json,reports/conv/conv_4949/csynth.xml,,,NO,
conv_4950,32,28,28,32,1,4,4,False,group_conv2d,4,tanh,YES,YES,NO,configs/conv/conv_4950.json,reports/conv/conv_4950/csynth.xml,,,NO,
conv_4951,32,28,28,32,1,4,8,True,conv2d,,relu,YES,YES,NO,configs/conv/conv_4951.json,reports/conv/conv_4951/csynth.xml,,,NO,
conv_4952,32,28,28,32,1,4,8,True,group_conv2d,2,relu,YES,YES,NO,configs/conv/conv_4952.json,reports/conv/conv_4952/csynth.xml,,,NO,
conv_4953,32,28,28,32,1,4,8,True,group_conv2d,4,relu,YES,YES,NO,configs/conv/conv_4953.json,reports/conv/conv_4953/csynth.xml,,,NO,
conv_4954,32,28,28,32,1,4,8,False,conv2d,,relu,YES,YES,NO,configs/conv/conv_4954.json,reports/conv/conv_4954/csynth.xml,,,NO,
conv_4955,32,28,28,32,1,4,8,False,group_conv2d,2,relu,YES,YES,NO,configs/conv/conv_4955.json,reports/conv/conv_4955/csynth.xml,,,NO,
conv_4956,32,28,28,32,1,4,8,False,group_conv2d,4,relu,YES,YES,NO,configs/conv/conv_4956.json,reports/conv/conv_4956/csynth.xml,,,NO,
conv_4957,32,28,28,32,1,4,8,True,conv2d,,sigmoid,YES,YES,NO,configs/conv/conv_4957.json,reports/conv/conv_4957/csynth.xml,,,NO,
conv_4958,32,28,28,32,1,4,8,True,group_conv2d,2,sigmoid,YES,YES,NO,configs/conv/conv_4958.json,reports/conv/conv_4958/csynth.xml,,,NO,
conv_4959,32,28,28,32,1,4,8,True,group_conv2d,4,sigmoid,YES,YES,NO,configs/conv/conv_4959.json,reports/conv/conv_4959/csynth.xml,,,NO,
conv_4960,32,28,28,32,1,4,8,False,conv2d,,sigmoid,YES,YES,NO,configs/conv/conv_4960.json,reports/conv/conv_4960/csynth.xml,,,NO,
conv_4961,32,28,28,32,1,4,8,False,group_conv2d,2,sigmoid,YES,YES,NO,configs/conv/conv_4961.json,reports/conv/conv_4961/csynth.xml,,,NO,
conv_4962,32,28,28,32,1,4,8,False,group_conv2d,4,sigmoid,YES,YES,NO,configs/conv/conv_4962.json,reports/conv/conv_4962/csynth.xml,,,NO,
conv_4963,32,28,28,32,1,4,8,True,conv2d,,tanh,YES,YES,NO,configs/conv/conv_4963.json,reports/conv/conv_4963/csynth.xml,,,NO,
conv_4964,32,28,28,32,1,4,8,True,group_conv2d,2,tanh,YES,YES,NO,configs/conv/conv_4964.json,reports/conv/conv_4964/csynth.xml,,,NO,
conv_4965,32,28,28,32,1,4,8,True,group_conv2d,4,tanh,YES,YES,NO,configs/conv/conv_4965.json,reports/conv/conv_4965/csynth.xml,,,NO,
conv_4966,32,28,28,32,1,4,8,False,conv2d,,tanh,YES,YES,NO,configs/conv/conv_4966.json,reports/conv/conv_4966/csynth.xml,,,NO,
conv_4967,32,28,28,32,1,4,8,False,group_conv2d,2,tanh,YES,YES,NO,configs/conv/conv_4967.json,reports/conv/conv_4967/csynth.xml,,,NO,
conv_4968,32,28,28,32,1,4,8,False,group_conv2d,4,tanh,YES,YES,NO,configs/conv/conv_4968.json,reports/conv/conv_4968/csynth.xml,,,NO,
conv_4969,32,28,28,32,1,8,1,True,conv2d,,relu,YES,YES,NO,configs/conv/conv_4969.json,reports/conv/conv_4969/csynth.xml,,,NO,
conv_4970,32,28,28,32,1,8,1,True,group_conv2d,2,relu,YES,YES,NO,configs/conv/conv_4970.json,reports/conv/conv_4970/csynth.xml,,,NO,
conv_4971,32,28,28,32,1,8,1,True,group_conv2d,4,relu,YES,YES,NO,configs/conv/conv_4971.json,reports/conv/conv_4971/csynth.xml,,,NO,
conv_4972,32,28,28,32,1,8,1,False,conv2d,,relu,YES,YES,YES,configs/conv/conv_4972.json,reports/conv/conv_4972/csynth.xml,reports/conv/conv_4972/export_impl.xml,reports/conv/conv_4972/power_routed.rpt,NO,
conv_4973,32,28,28,32,1,8,1,False,group_conv2d,2,relu,YES,YES,NO,configs/conv/conv_4973.json,reports/conv/conv_4973/csynth.xml,,,NO,
conv_4974,32,28,28,32,1,8,1,False,group_conv2d,4,relu,YES,YES,NO,configs/conv/conv_4974.json,reports/conv/conv_4974/csynth.xml,,,NO,
conv_4975,32,28,28,32,1,8,1,True,conv2d,,sigmoid,YES,YES,NO,configs/conv/conv_4975.json,reports/conv/conv_4975/csynth.xml,,,NO,
conv_4976,32,28,28,32,1,8,1,True,group_conv2d,2,sigmoid,YES,YES,NO,configs/conv/conv_4976.json,reports/conv/conv_4976/csynth.xml,,,NO,
conv_4977,32,28,28,32,1,8,1,True,group_conv2d,4,sigmoid,YES,YES,NO,configs/conv/conv_4977.json,reports/conv/conv_4977/csynth.xml,,,NO,
conv_4978,32,28,28,32,1,8,1,False,conv2d,,sigmoid,YES,YES,NO,configs/conv/conv_4978.json,reports/conv/conv_4978/csynth.xml,,,NO,
conv_4979,32,28,28,32,1,8,1,False,group_conv2d,2,sigmoid,YES,YES,NO,configs/conv/conv_4979.json,reports/conv/conv_4979/csynth.xml,,,NO,
conv_4980,32,28,28,32,1,8,1,False,group_conv2d,4,sigmoid,YES,YES,NO,configs/conv/conv_4980.json,reports/conv/conv_4980/csynth.xml,,,NO,
conv_4981,32,28,28,32,1,8,1,True,conv2d,,tanh,YES,YES,NO,configs/conv/conv_4981.json,reports/conv/conv_4981/csynth.xml,,,NO,
conv_4982,32,28,28,32,1,8,1,True,group_conv2d,2,tanh,YES,YES,NO,configs/conv/conv_4982.json,reports/conv/conv_4982/csynth.xml,,,NO,
conv_4983,32,28,28,32,1,8,1,True,group_conv2d,4,tanh,YES,YES,NO,configs/conv/conv_4983.json,reports/conv/conv_4983/csynth.xml,,,NO,
conv_4984,32,28,28,32,1,8,1,False,conv2d,,tanh,YES,YES,NO,configs/conv/conv_4984.json,reports/conv/conv_4984/csynth.xml,,,NO,
conv_4985,32,28,28,32,1,8,1,False,group_conv2d,2,tanh,YES,YES,NO,configs/conv/conv_4985.json,reports/conv/conv_4985/csynth.xml,,,NO,
conv_4986,32,28,28,32,1,8,1,False,group_conv2d,4,tanh,YES,YES,NO,configs/conv/conv_4986.json,reports/conv/conv_4986/csynth.xml,,,NO,
conv_4987,32,28,28,32,1,8,4,True,conv2d,,relu,YES,YES,NO,configs/conv/conv_4987.json,reports/conv/conv_4987/csynth.xml,,,NO,
conv_4988,32,28,28,32,1,8,4,True,group_conv2d,2,relu,YES,YES,NO,configs/conv/conv_4988.json,reports/conv/conv_4988/csynth.xml,,,NO,
conv_4989,32,28,28,32,1,8,4,True,group_conv2d,4,relu,YES,YES,NO,configs/conv/conv_4989.json,reports/conv/conv_4989/csynth.xml,,,NO,
conv_4990,32,28,28,32,1,8,4,False,conv2d,,relu,YES,YES,NO,configs/conv/conv_4990.json,reports/conv/conv_4990/csynth.xml,,,NO,
conv_4991,32,28,28,32,1,8,4,False,group_conv2d,2,relu,YES,YES,NO,configs/conv/conv_4991.json,reports/conv/conv_4991/csynth.xml,,,NO,
conv_4992,32,28,28,32,1,8,4,False,group_conv2d,4,relu,YES,YES,YES,configs/conv/conv_4992.json,reports/conv/conv_4992/csynth.xml,reports/conv/conv_4992/export_impl.xml,reports/conv/conv_4992/power_routed.rpt,NO,
conv_4993,32,28,28,32,1,8,4,True,conv2d,,sigmoid,YES,YES,NO,configs/conv/conv_4993.json,reports/conv/conv_4993/csynth.xml,,,NO,
conv_4994,32,28,28,32,1,8,4,True,group_conv2d,2,sigmoid,YES,YES,NO,configs/conv/conv_4994.json,reports/conv/conv_4994/csynth.xml,,,NO,
conv_4995,32,28,28,32,1,8,4,True,group_conv2d,4,sigmoid,YES,YES,NO,configs/conv/conv_4995.json,reports/conv/conv_4995/csynth.xml,,,NO,
conv_4996,32,28,28,32,1,8,4,False,conv2d,,sigmoid,YES,YES,NO,configs/conv/conv_4996.json,reports/conv/conv_4996/csynth.xml,,,NO,
conv_4997,32,28,28,32,1,8,4,False,group_conv2d,2,sigmoid,YES,YES,NO,configs/conv/conv_4997.json,reports/conv/conv_4997/csynth.xml,,,NO,
conv_4998,32,28,28,32,1,8,4,False,group_conv2d,4,sigmoid,YES,YES,NO,configs/conv/conv_4998.json,reports/conv/conv_4998/csynth.xml,,,NO,
conv_4999,32,28,28,32,1,8,4,True,conv2d,,tanh,YES,YES,NO,configs/conv/conv_4999.json,reports/conv/conv_4999/csynth.xml,,,NO,
conv_5000,32,28,28,32,1,8,4,True,group_conv2d,2,tanh,YES,YES,NO,configs/conv/conv_5000.json,reports/conv/conv_5000/csynth.xml,,,NO,
conv_5001,32,28,28,32,1,8,4,True,group_conv2d,4,tanh,YES,YES,NO,configs/conv/conv_5001.json,reports/conv/conv_5001/csynth.xml,,,NO,
conv_5002,32,28,28,32,1,8,4,False,conv2d,,tanh,YES,YES,NO,configs/conv/conv_5002.json,reports/conv/conv_5002/csynth.xml,,,NO,
conv_5003,32,28,28,32,1,8,4,False,group_conv2d,2,tanh,YES,YES,NO,configs/conv/conv_5003.json,reports/conv/conv_5003/csynth.xml,,,NO,
conv_5004,32,28,28,32,1,8,4,False,group_conv2d,4,tanh,YES,YES,NO,configs/conv/conv_5004.json,reports/conv/conv_5004/csynth.xml,,,NO,
conv_5005,32,28,28,32,1,8,8,True,conv2d,,relu,YES,YES,NO,configs/conv/conv_5005.json,reports/conv/conv_5005/csynth.xml,,,NO,
conv_5006,32,28,28,32,1,8,8,True,group_conv2d,2,relu,YES,YES,YES,configs/conv/conv_5006.json,reports/conv/conv_5006/csynth.xml,reports/conv/conv_5006/export_impl.xml,reports/conv/conv_5006/power_routed.rpt,NO,
conv_5007,32,28,28,32,1,8,8,True,group_conv2d,4,relu,YES,YES,NO,configs/conv/conv_5007.json,reports/conv/conv_5007/csynth.xml,,,NO,
conv_5008,32,28,28,32,1,8,8,False,conv2d,,relu,YES,YES,NO,configs/conv/conv_5008.json,reports/conv/conv_5008/csynth.xml,,,NO,
conv_5009,32,28,28,32,1,8,8,False,group_conv2d,2,relu,YES,YES,NO,configs/conv/conv_5009.json,reports/conv/conv_5009/csynth.xml,,,NO,
conv_5010,32,28,28,32,1,8,8,False,group_conv2d,4,relu,YES,YES,NO,configs/conv/conv_5010.json,reports/conv/conv_5010/csynth.xml,,,NO,
conv_5011,32,28,28,32,1,8,8,True,conv2d,,sigmoid,YES,YES,NO,configs/conv/conv_5011.json,reports/conv/conv_5011/csynth.xml,,,NO,
conv_5012,32,28,28,32,1,8,8,True,group_conv2d,2,sigmoid,YES,YES,NO,configs/conv/conv_5012.json,reports/conv/conv_5012/csynth.xml,,,NO,
conv_5013,32,28,28,32,1,8,8,True,group_conv2d,4,sigmoid,YES,YES,NO,configs/conv/conv_5013.json,reports/conv/conv_5013/csynth.xml,,,NO,
conv_5014,32,28,28,32,1,8,8,False,conv2d,,sigmoid,YES,YES,NO,configs/conv/conv_5014.json,reports/conv/conv_5014/csynth.xml,,,NO,
conv_5015,32,28,28,32,1,8,8,False,group_conv2d,2,sigmoid,YES,YES,NO,configs/conv/conv_5015.json,reports/conv/conv_5015/csynth.xml,,,NO,
conv_5016,32,28,28,32,1,8,8,False,group_conv2d,4,sigmoid,YES,YES,NO,configs/conv/conv_5016.json,reports/conv/conv_5016/csynth.xml,,,NO,
conv_5017,32,28,28,32,1,8,8,True,conv2d,,tanh,YES,YES,NO,configs/conv/conv_5017.json,reports/conv/conv_5017/csynth.xml,,,NO,
conv_5018,32,28,28,32,1,8,8,True,group_conv2d,2,tanh,YES,YES,NO,configs/conv/conv_5018.json,reports/conv/conv_5018/csynth.xml,,,NO,
conv_5019,32,28,28,32,1,8,8,True,group_conv2d,4,tanh,YES,YES,NO,configs/conv/conv_5019.json,reports/conv/conv_5019/csynth.xml,,,NO,
conv_5020,32,28,28,32,1,8,8,False,conv2d,,tanh,YES,YES,NO,configs/conv/conv_5020.json,reports/conv/conv_5020/csynth.xml,,,NO,
conv_5021,32,28,28,32,1,8,8,False,group_conv2d,2,tanh,YES,YES,NO,configs/conv/conv_5021.json,reports/conv/conv_5021/csynth.xml,,,NO,
conv_5022,32,28,28,32,1,8,8,False,group_conv2d,4,tanh,YES,YES,NO,configs/conv/conv_5022.json,reports/conv/conv_5022/csynth.xml,,,NO,
conv_5023,32,28,28,32,3,1,1,True,conv2d,,relu,YES,YES,YES,configs/conv/conv_5023.json,reports/conv/conv_5023/csynth.xml,reports/conv/conv_5023/export_impl.xml,reports/conv/conv_5023/power_routed.rpt,NO,
conv_5024,32,28,28,32,3,1,1,True,group_conv2d,2,relu,YES,YES,YES,configs/conv/conv_5024.json,reports/conv/conv_5024/csynth.xml,reports/conv/conv_5024/export_impl.xml,reports/conv/conv_5024/power_routed.rpt,NO,
conv_5025,32,28,28,32,3,1,1,True,group_conv2d,4,relu,YES,YES,YES,configs/conv/conv_5025.json,reports/conv/conv_5025/csynth.xml,reports/conv/conv_5025/export_impl.xml,reports/conv/conv_5025/power_routed.rpt,NO,
conv_5026,32,28,28,32,3,1,1,False,conv2d,,relu,YES,YES,YES,configs/conv/conv_5026.json,reports/conv/conv_5026/csynth.xml,reports/conv/conv_5026/export_impl.xml,reports/conv/conv_5026/power_routed.rpt,NO,
conv_5027,32,28,28,32,3,1,1,False,group_conv2d,2,relu,YES,YES,YES,configs/conv/conv_5027.json,reports/conv/conv_5027/csynth.xml,reports/conv/conv_5027/export_impl.xml,reports/conv/conv_5027/power_routed.rpt,NO,
conv_5028,32,28,28,32,3,1,1,False,group_conv2d,4,relu,YES,YES,YES,configs/conv/conv_5028.json,reports/conv/conv_5028/csynth.xml,reports/conv/conv_5028/export_impl.xml,reports/conv/conv_5028/power_routed.rpt,NO,
conv_5029,32,28,28,32,3,1,1,True,conv2d,,sigmoid,YES,YES,YES,configs/conv/conv_5029.json,reports/conv/conv_5029/csynth.xml,reports/conv/conv_5029/export_impl.xml,reports/conv/conv_5029/power_routed.rpt,NO,
conv_5030,32,28,28,32,3,1,1,True,group_conv2d,2,sigmoid,YES,YES,YES,configs/conv/conv_5030.json,reports/conv/conv_5030/csynth.xml,reports/conv/conv_5030/export_impl.xml,reports/conv/conv_5030/power_routed.rpt,NO,
conv_5031,32,28,28,32,3,1,1,True,group_conv2d,4,sigmoid,YES,YES,YES,configs/conv/conv_5031.json,reports/conv/conv_5031/csynth.xml,reports/conv/conv_5031/export_impl.xml,reports/conv/conv_5031/power_routed.rpt,NO,
conv_5032,32,28,28,32,3,1,1,False,conv2d,,sigmoid,YES,YES,YES,configs/conv/conv_5032.json,reports/conv/conv_5032/csynth.xml,reports/conv/conv_5032/export_impl.xml,reports/conv/conv_5032/power_routed.rpt,NO,
conv_5033,32,28,28,32,3,1,1,False,group_conv2d,2,sigmoid,YES,YES,YES,configs/conv/conv_5033.json,reports/conv/conv_5033/csynth.xml,reports/conv/conv_5033/export_impl.xml,reports/conv/conv_5033/power_routed.rpt,NO,
conv_5034,32,28,28,32,3,1,1,False,group_conv2d,4,sigmoid,YES,YES,YES,configs/conv/conv_5034.json,reports/conv/conv_5034/csynth.xml,reports/conv/conv_5034/export_impl.xml,reports/conv/conv_5034/power_routed.rpt,NO,
conv_5035,32,28,28,32,3,1,1,True,conv2d,,tanh,YES,YES,YES,configs/conv/conv_5035.json,reports/conv/conv_5035/csynth.xml,reports/conv/conv_5035/export_impl.xml,reports/conv/conv_5035/power_routed.rpt,NO,
conv_5036,32,28,28,32,3,1,1,True,group_conv2d,2,tanh,YES,YES,YES,configs/conv/conv_5036.json,reports/conv/conv_5036/csynth.xml,reports/conv/conv_5036/export_impl.xml,reports/conv/conv_5036/power_routed.rpt,NO,
conv_5037,32,28,28,32,3,1,1,True,group_conv2d,4,tanh,YES,YES,YES,configs/conv/conv_5037.json,reports/conv/conv_5037/csynth.xml,reports/conv/conv_5037/export_impl.xml,reports/conv/conv_5037/power_routed.rpt,NO,
conv_5038,32,28,28,32,3,1,1,False,conv2d,,tanh,YES,YES,YES,configs/conv/conv_5038.json,reports/conv/conv_5038/csynth.xml,reports/conv/conv_5038/export_impl.xml,reports/conv/conv_5038/power_routed.rpt,NO,
conv_5039,32,28,28,32,3,1,1,False,group_conv2d,2,tanh,YES,YES,YES,configs/conv/conv_5039.json,reports/conv/conv_5039/csynth.xml,reports/conv/conv_5039/export_impl.xml,reports/conv/conv_5039/power_routed.rpt,NO,
conv_5040,32,28,28,32,3,1,1,False,group_conv2d,4,tanh,YES,YES,YES,configs/conv/conv_5040.json,reports/conv/conv_5040/csynth.xml,reports/conv/conv_5040/export_impl.xml,reports/conv/conv_5040/power_routed.rpt,NO,
conv_5041,32,28,28,32,3,1,4,True,conv2d,,relu,YES,YES,NO,configs/conv/conv_5041.json,reports/conv/conv_5041/csynth.xml,,,NO,
conv_5042,32,28,28,32,3,1,4,True,group_conv2d,2,relu,YES,YES,NO,configs/conv/conv_5042.json,reports/conv/conv_5042/csynth.xml,,,NO,
conv_5043,32,28,28,32,3,1,4,True,group_conv2d,4,relu,YES,YES,NO,configs/conv/conv_5043.json,reports/conv/conv_5043/csynth.xml,,,NO,
conv_5044,32,28,28,32,3,1,4,False,conv2d,,relu,YES,YES,NO,configs/conv/conv_5044.json,reports/conv/conv_5044/csynth.xml,,,NO,
conv_5045,32,28,28,32,3,1,4,False,group_conv2d,2,relu,YES,YES,NO,configs/conv/conv_5045.json,reports/conv/conv_5045/csynth.xml,,,NO,
conv_5046,32,28,28,32,3,1,4,False,group_conv2d,4,relu,YES,YES,NO,configs/conv/conv_5046.json,reports/conv/conv_5046/csynth.xml,,,NO,
conv_5047,32,28,28,32,3,1,4,True,conv2d,,sigmoid,YES,YES,YES,configs/conv/conv_5047.json,reports/conv/conv_5047/csynth.xml,reports/conv/conv_5047/export_impl.xml,reports/conv/conv_5047/power_routed.rpt,NO,
conv_5048,32,28,28,32,3,1,4,True,group_conv2d,2,sigmoid,YES,YES,NO,configs/conv/conv_5048.json,reports/conv/conv_5048/csynth.xml,,,NO,
conv_5049,32,28,28,32,3,1,4,True,group_conv2d,4,sigmoid,YES,YES,NO,configs/conv/conv_5049.json,reports/conv/conv_5049/csynth.xml,,,NO,
conv_5050,32,28,28,32,3,1,4,False,conv2d,,sigmoid,YES,YES,NO,configs/conv/conv_5050.json,reports/conv/conv_5050/csynth.xml,,,NO,
conv_5051,32,28,28,32,3,1,4,False,group_conv2d,2,sigmoid,YES,YES,NO,configs/conv/conv_5051.json,reports/conv/conv_5051/csynth.xml,,,NO,
conv_5052,32,28,28,32,3,1,4,False,group_conv2d,4,sigmoid,YES,YES,NO,configs/conv/conv_5052.json,reports/conv/conv_5052/csynth.xml,,,NO,
conv_5053,32,28,28,32,3,1,4,True,conv2d,,tanh,YES,YES,NO,configs/conv/conv_5053.json,reports/conv/conv_5053/csynth.xml,,,NO,
conv_5054,32,28,28,32,3,1,4,True,group_conv2d,2,tanh,YES,YES,NO,configs/conv/conv_5054.json,reports/conv/conv_5054/csynth.xml,,,NO,
conv_5055,32,28,28,32,3,1,4,True,group_conv2d,4,tanh,YES,YES,NO,configs/conv/conv_5055.json,reports/conv/conv_5055/csynth.xml,,,NO,
conv_5056,32,28,28,32,3,1,4,False,conv2d,,tanh,YES,YES,YES,configs/conv/conv_5056.json,reports/conv/conv_5056/csynth.xml,reports/conv/conv_5056/export_impl.xml,reports/conv/conv_5056/power_routed.rpt,NO,
conv_5057,32,28,28,32,3,1,4,False,group_conv2d,2,tanh,YES,YES,NO,configs/conv/conv_5057.json,reports/conv/conv_5057/csynth.xml,,,NO,
conv_5058,32,28,28,32,3,1,4,False,group_conv2d,4,tanh,YES,YES,NO,configs/conv/conv_5058.json,reports/conv/conv_5058/csynth.xml,,,NO,
conv_5059,32,28,28,32,3,1,8,True,conv2d,,relu,YES,YES,NO,configs/conv/conv_5059.json,reports/conv/conv_5059/csynth.xml,,,NO,
conv_5060,32,28,28,32,3,1,8,True,group_conv2d,2,relu,YES,YES,NO,configs/conv/conv_5060.json,reports/conv/conv_5060/csynth.xml,,,NO,
conv_5061,32,28,28,32,3,1,8,True,group_conv2d,4,relu,YES,YES,NO,configs/conv/conv_5061.json,reports/conv/conv_5061/csynth.xml,,,NO,
conv_5062,32,28,28,32,3,1,8,False,conv2d,,relu,YES,YES,NO,configs/conv/conv_5062.json,reports/conv/conv_5062/csynth.xml,,,NO,
conv_5063,32,28,28,32,3,1,8,False,group_conv2d,2,relu,YES,YES,NO,configs/conv/conv_5063.json,reports/conv/conv_5063/csynth.xml,,,NO,
conv_5064,32,28,28,32,3,1,8,False,group_conv2d,4,relu,YES,YES,NO,configs/conv/conv_5064.json,reports/conv/conv_5064/csynth.xml,,,NO,
conv_5065,32,28,28,32,3,1,8,True,conv2d,,sigmoid,YES,YES,NO,configs/conv/conv_5065.json,reports/conv/conv_5065/csynth.xml,,,NO,
conv_5066,32,28,28,32,3,1,8,True,group_conv2d,2,sigmoid,YES,YES,NO,configs/conv/conv_5066.json,reports/conv/conv_5066/csynth.xml,,,NO,
conv_5067,32,28,28,32,3,1,8,True,group_conv2d,4,sigmoid,YES,YES,NO,configs/conv/conv_5067.json,reports/conv/conv_5067/csynth.xml,,,NO,
conv_5068,32,28,28,32,3,1,8,False,conv2d,,sigmoid,YES,YES,NO,configs/conv/conv_5068.json,reports/conv/conv_5068/csynth.xml,,,NO,
conv_5069,32,28,28,32,3,1,8,False,group_conv2d,2,sigmoid,YES,YES,NO,configs/conv/conv_5069.json,reports/conv/conv_5069/csynth.xml,,,NO,
conv_5070,32,28,28,32,3,1,8,False,group_conv2d,4,sigmoid,YES,YES,NO,configs/conv/conv_5070.json,reports/conv/conv_5070/csynth.xml,,,NO,
conv_5071,32,28,28,32,3,1,8,True,conv2d,,tanh,YES,YES,NO,configs/conv/conv_5071.json,reports/conv/conv_5071/csynth.xml,,,NO,
conv_5072,32,28,28,32,3,1,8,True,group_conv2d,2,tanh,YES,YES,NO,configs/conv/conv_5072.json,reports/conv/conv_5072/csynth.xml,,,NO,
conv_5073,32,28,28,32,3,1,8,True,group_conv2d,4,tanh,YES,YES,NO,configs/conv/conv_5073.json,reports/conv/conv_5073/csynth.xml,,,NO,
conv_5074,32,28,28,32,3,1,8,False,conv2d,,tanh,YES,YES,NO,configs/conv/conv_5074.json,reports/conv/conv_5074/csynth.xml,,,NO,
conv_5075,32,28,28,32,3,1,8,False,group_conv2d,2,tanh,YES,YES,NO,configs/conv/conv_5075.json,reports/conv/conv_5075/csynth.xml,,,NO,
conv_5076,32,28,28,32,3,1,8,False,group_conv2d,4,tanh,YES,YES,NO,configs/conv/conv_5076.json,reports/conv/conv_5076/csynth.xml,,,NO,
conv_5077,32,28,28,32,3,4,1,True,conv2d,,relu,YES,YES,NO,configs/conv/conv_5077.json,reports/conv/conv_5077/csynth.xml,,,NO,
conv_5078,32,28,28,32,3,4,1,True,group_conv2d,2,relu,YES,YES,NO,configs/conv/conv_5078.json,reports/conv/conv_5078/csynth.xml,,,NO,
conv_5079,32,28,28,32,3,4,1,True,group_conv2d,4,relu,YES,YES,NO,configs/conv/conv_5079.json,reports/conv/conv_5079/csynth.xml,,,NO,
conv_5080,32,28,28,32,3,4,1,False,conv2d,,relu,YES,YES,NO,configs/conv/conv_5080.json,reports/conv/conv_5080/csynth.xml,,,NO,
conv_5081,32,28,28,32,3,4,1,False,group_conv2d,2,relu,YES,YES,NO,configs/conv/conv_5081.json,reports/conv/conv_5081/csynth.xml,,,NO,
conv_5082,32,28,28,32,3,4,1,False,group_conv2d,4,relu,YES,YES,NO,configs/conv/conv_5082.json,reports/conv/conv_5082/csynth.xml,,,NO,
conv_5083,32,28,28,32,3,4,1,True,conv2d,,sigmoid,YES,YES,YES,configs/conv/conv_5083.json,reports/conv/conv_5083/csynth.xml,reports/conv/conv_5083/export_impl.xml,reports/conv/conv_5083/power_routed.rpt,NO,
conv_5084,32,28,28,32,3,4,1,True,group_conv2d,2,sigmoid,YES,YES,NO,configs/conv/conv_5084.json,reports/conv/conv_5084/csynth.xml,,,NO,
conv_5085,32,28,28,32,3,4,1,True,group_conv2d,4,sigmoid,YES,YES,NO,configs/conv/conv_5085.json,reports/conv/conv_5085/csynth.xml,,,NO,
conv_5086,32,28,28,32,3,4,1,False,conv2d,,sigmoid,YES,YES,YES,configs/conv/conv_5086.json,reports/conv/conv_5086/csynth.xml,reports/conv/conv_5086/export_impl.xml,reports/conv/conv_5086/power_routed.rpt,NO,
conv_5087,32,28,28,32,3,4,1,False,group_conv2d,2,sigmoid,YES,YES,NO,configs/conv/conv_5087.json,reports/conv/conv_5087/csynth.xml,,,NO,
conv_5088,32,28,28,32,3,4,1,False,group_conv2d,4,sigmoid,YES,YES,NO,configs/conv/conv_5088.json,reports/conv/conv_5088/csynth.xml,,,NO,
conv_5089,32,28,28,32,3,4,1,True,conv2d,,tanh,YES,YES,NO,configs/conv/conv_5089.json,reports/conv/conv_5089/csynth.xml,,,NO,
conv_5090,32,28,28,32,3,4,1,True,group_conv2d,2,tanh,YES,YES,NO,configs/conv/conv_5090.json,reports/conv/conv_5090/csynth.xml,,,NO,
conv_5091,32,28,28,32,3,4,1,True,group_conv2d,4,tanh,YES,YES,NO,configs/conv/conv_5091.json,reports/conv/conv_5091/csynth.xml,,,NO,
conv_5092,32,28,28,32,3,4,1,False,conv2d,,tanh,YES,YES,NO,configs/conv/conv_5092.json,reports/conv/conv_5092/csynth.xml,,,NO,
conv_5093,32,28,28,32,3,4,1,False,group_conv2d,2,tanh,YES,YES,NO,configs/conv/conv_5093.json,reports/conv/conv_5093/csynth.xml,,,NO,
conv_5094,32,28,28,32,3,4,1,False,group_conv2d,4,tanh,YES,YES,NO,configs/conv/conv_5094.json,reports/conv/conv_5094/csynth.xml,,,NO,
conv_5095,32,28,28,32,3,4,4,True,conv2d,,relu,YES,YES,YES,configs/conv/conv_5095.json,reports/conv/conv_5095/csynth.xml,reports/conv/conv_5095/export_impl.xml,reports/conv/conv_5095/power_routed.rpt,NO,
conv_5096,32,28,28,32,3,4,4,True,group_conv2d,2,relu,YES,YES,NO,configs/conv/conv_5096.json,reports/conv/conv_5096/csynth.xml,,,NO,
conv_5097,32,28,28,32,3,4,4,True,group_conv2d,4,relu,YES,YES,NO,configs/conv/conv_5097.json,reports/conv/conv_5097/csynth.xml,,,NO,
conv_5098,32,28,28,32,3,4,4,False,conv2d,,relu,YES,YES,YES,configs/conv/conv_5098.json,reports/conv/conv_5098/csynth.xml,reports/conv/conv_5098/export_impl.xml,reports/conv/conv_5098/power_routed.rpt,NO,
conv_5099,32,28,28,32,3,4,4,False,group_conv2d,2,relu,YES,YES,NO,configs/conv/conv_5099.json,reports/conv/conv_5099/csynth.xml,,,NO,
conv_5100,32,28,28,32,3,4,4,False,group_conv2d,4,relu,YES,YES,NO,configs/conv/conv_5100.json,reports/conv/conv_5100/csynth.xml,,,NO,
conv_5101,32,28,28,32,3,4,4,True,conv2d,,sigmoid,YES,YES,NO,configs/conv/conv_5101.json,reports/conv/conv_5101/csynth.xml,,,NO,
conv_5102,32,28,28,32,3,4,4,True,group_conv2d,2,sigmoid,YES,YES,NO,configs/conv/conv_5102.json,reports/conv/conv_5102/csynth.xml,,,NO,
conv_5103,32,28,28,32,3,4,4,True,group_conv2d,4,sigmoid,YES,YES,NO,configs/conv/conv_5103.json,reports/conv/conv_5103/csynth.xml,,,NO,
conv_5104,32,28,28,32,3,4,4,False,conv2d,,sigmoid,YES,YES,NO,configs/conv/conv_5104.json,reports/conv/conv_5104/csynth.xml,,,NO,
conv_5105,32,28,28,32,3,4,4,False,group_conv2d,2,sigmoid,YES,YES,NO,configs/conv/conv_5105.json,reports/conv/conv_5105/csynth.xml,,,NO,
conv_5106,32,28,28,32,3,4,4,False,group_conv2d,4,sigmoid,YES,YES,NO,configs/conv/conv_5106.json,reports/conv/conv_5106/csynth.xml,,,NO,
conv_5107,32,28,28,32,3,4,4,True,conv2d,,tanh,YES,YES,NO,configs/conv/conv_5107.json,reports/conv/conv_5107/csynth.xml,,,NO,
conv_5108,32,28,28,32,3,4,4,True,group_conv2d,2,tanh,YES,YES,NO,configs/conv/conv_5108.json,reports/conv/conv_5108/csynth.xml,,,NO,
conv_5109,32,28,28,32,3,4,4,True,group_conv2d,4,tanh,YES,YES,NO,configs/conv/conv_5109.json,reports/conv/conv_5109/csynth.xml,,,NO,
conv_5110,32,28,28,32,3,4,4,False,conv2d,,tanh,YES,YES,NO,configs/conv/conv_5110.json,reports/conv/conv_5110/csynth.xml,,,NO,
conv_5111,32,28,28,32,3,4,4,False,group_conv2d,2,tanh,YES,YES,NO,configs/conv/conv_5111.json,reports/conv/conv_5111/csynth.xml,,,NO,
conv_5112,32,28,28,32,3,4,4,False,group_conv2d,4,tanh,YES,YES,NO,configs/conv/conv_5112.json,reports/conv/conv_5112/csynth.xml,,,NO,
conv_5113,32,28,28,32,3,4,8,True,conv2d,,relu,YES,YES,NO,configs/conv/conv_5113.json,reports/conv/conv_5113/csynth.xml,,,NO,
conv_5114,32,28,28,32,3,4,8,True,group_conv2d,2,relu,YES,YES,NO,configs/conv/conv_5114.json,reports/conv/conv_5114/csynth.xml,,,NO,
conv_5115,32,28,28,32,3,4,8,True,group_conv2d,4,relu,YES,YES,NO,configs/conv/conv_5115.json,reports/conv/conv_5115/csynth.xml,,,NO,
conv_5116,32,28,28,32,3,4,8,False,conv2d,,relu,YES,YES,YES,configs/conv/conv_5116.json,reports/conv/conv_5116/csynth.xml,reports/conv/conv_5116/export_impl.xml,reports/conv/conv_5116/power_routed.rpt,NO,
conv_5117,32,28,28,32,3,4,8,False,group_conv2d,2,relu,YES,YES,NO,configs/conv/conv_5117.json,reports/conv/conv_5117/csynth.xml,,,NO,
conv_5118,32,28,28,32,3,4,8,False,group_conv2d,4,relu,YES,YES,NO,configs/conv/conv_5118.json,reports/conv/conv_5118/csynth.xml,,,NO,
conv_5119,32,28,28,32,3,4,8,True,conv2d,,sigmoid,YES,YES,NO,configs/conv/conv_5119.json,reports/conv/conv_5119/csynth.xml,,,NO,
conv_5120,32,28,28,32,3,4,8,True,group_conv2d,2,sigmoid,YES,YES,NO,configs/conv/conv_5120.json,reports/conv/conv_5120/csynth.xml,,,NO,
conv_5121,32,28,28,32,3,4,8,True,group_conv2d,4,sigmoid,YES,YES,NO,configs/conv/conv_5121.json,reports/conv/conv_5121/csynth.xml,,,NO,
conv_5122,32,28,28,32,3,4,8,False,conv2d,,sigmoid,YES,YES,NO,configs/conv/conv_5122.json,reports/conv/conv_5122/csynth.xml,,,NO,
conv_5123,32,28,28,32,3,4,8,False,group_conv2d,2,sigmoid,YES,YES,NO,configs/conv/conv_5123.json,reports/conv/conv_5123/csynth.xml,,,NO,
conv_5124,32,28,28,32,3,4,8,False,group_conv2d,4,sigmoid,YES,YES,NO,configs/conv/conv_5124.json,reports/conv/conv_5124/csynth.xml,,,NO,
conv_5125,32,28,28,32,3,4,8,True,conv2d,,tanh,YES,YES,NO,configs/conv/conv_5125.json,reports/conv/conv_5125/csynth.xml,,,NO,
conv_5126,32,28,28,32,3,4,8,True,group_conv2d,2,tanh,YES,YES,NO,configs/conv/conv_5126.json,reports/conv/conv_5126/csynth.xml,,,NO,
conv_5127,32,28,28,32,3,4,8,True,group_conv2d,4,tanh,YES,YES,NO,configs/conv/conv_5127.json,reports/conv/conv_5127/csynth.xml,,,NO,
conv_5128,32,28,28,32,3,4,8,False,conv2d,,tanh,YES,YES,NO,configs/conv/conv_5128.json,reports/conv/conv_5128/csynth.xml,,,NO,
conv_5129,32,28,28,32,3,4,8,False,group_conv2d,2,tanh,YES,YES,NO,configs/conv/conv_5129.json,reports/conv/conv_5129/csynth.xml,,,NO,
conv_5130,32,28,28,32,3,4,8,False,group_conv2d,4,tanh,YES,YES,NO,configs/conv/conv_5130.json,reports/conv/conv_5130/csynth.xml,,,NO,
conv_5131,32,28,28,32,3,8,1,True,conv2d,,relu,YES,YES,NO,configs/conv/conv_5131.json,reports/conv/conv_5131/csynth.xml,,,NO,
conv_5132,32,28,28,32,3,8,1,True,group_conv2d,2,relu,YES,YES,NO,configs/conv/conv_5132.json,reports/conv/conv_5132/csynth.xml,,,NO,
conv_5133,32,28,28,32,3,8,1,True,group_conv2d,4,relu,YES,YES,NO,configs/conv/conv_5133.json,reports/conv/conv_5133/csynth.xml,,,NO,
conv_5134,32,28,28,32,3,8,1,False,conv2d,,relu,YES,YES,NO,configs/conv/conv_5134.json,reports/conv/conv_5134/csynth.xml,,,NO,
conv_5135,32,28,28,32,3,8,1,False,group_conv2d,2,relu,YES,YES,NO,configs/conv/conv_5135.json,reports/conv/conv_5135/csynth.xml,,,NO,
conv_5136,32,28,28,32,3,8,1,False,group_conv2d,4,relu,YES,YES,YES,configs/conv/conv_5136.json,reports/conv/conv_5136/csynth.xml,reports/conv/conv_5136/export_impl.xml,reports/conv/conv_5136/power_routed.rpt,NO,
conv_5137,32,28,28,32,3,8,1,True,conv2d,,sigmoid,YES,YES,NO,configs/conv/conv_5137.json,reports/conv/conv_5137/csynth.xml,,,NO,
conv_5138,32,28,28,32,3,8,1,True,group_conv2d,2,sigmoid,YES,YES,NO,configs/conv/conv_5138.json,reports/conv/conv_5138/csynth.xml,,,NO,
conv_5139,32,28,28,32,3,8,1,True,group_conv2d,4,sigmoid,YES,YES,NO,configs/conv/conv_5139.json,reports/conv/conv_5139/csynth.xml,,,NO,
conv_5140,32,28,28,32,3,8,1,False,conv2d,,sigmoid,YES,YES,NO,configs/conv/conv_5140.json,reports/conv/conv_5140/csynth.xml,,,NO,
conv_5141,32,28,28,32,3,8,1,False,group_conv2d,2,sigmoid,YES,YES,NO,configs/conv/conv_5141.json,reports/conv/conv_5141/csynth.xml,,,NO,
conv_5142,32,28,28,32,3,8,1,False,group_conv2d,4,sigmoid,YES,YES,NO,configs/conv/conv_5142.json,reports/conv/conv_5142/csynth.xml,,,NO,
conv_5143,32,28,28,32,3,8,1,True,conv2d,,tanh,YES,YES,NO,configs/conv/conv_5143.json,reports/conv/conv_5143/csynth.xml,,,NO,
conv_5144,32,28,28,32,3,8,1,True,group_conv2d,2,tanh,YES,YES,NO,configs/conv/conv_5144.json,reports/conv/conv_5144/csynth.xml,,,NO,
conv_5145,32,28,28,32,3,8,1,True,group_conv2d,4,tanh,YES,YES,NO,configs/conv/conv_5145.json,reports/conv/conv_5145/csynth.xml,,,NO,
conv_5146,32,28,28,32,3,8,1,False,conv2d,,tanh,YES,YES,NO,configs/conv/conv_5146.json,reports/conv/conv_5146/csynth.xml,,,NO,
conv_5147,32,28,28,32,3,8,1,False,group_conv2d,2,tanh,YES,YES,NO,configs/conv/conv_5147.json,reports/conv/conv_5147/csynth.xml,,,NO,
conv_5148,32,28,28,32,3,8,1,False,group_conv2d,4,tanh,YES,YES,NO,configs/conv/conv_5148.json,reports/conv/conv_5148/csynth.xml,,,NO,
conv_5149,32,28,28,32,3,8,4,True,conv2d,,relu,YES,YES,NO,configs/conv/conv_5149.json,reports/conv/conv_5149/csynth.xml,,,NO,
conv_5150,32,28,28,32,3,8,4,True,group_conv2d,2,relu,YES,YES,YES,configs/conv/conv_5150.json,reports/conv/conv_5150/csynth.xml,reports/conv/conv_5150/export_impl.xml,reports/conv/conv_5150/power_routed.rpt,NO,
conv_5151,32,28,28,32,3,8,4,True,group_conv2d,4,relu,YES,YES,NO,configs/conv/conv_5151.json,reports/conv/conv_5151/csynth.xml,,,NO,
conv_5152,32,28,28,32,3,8,4,False,conv2d,,relu,YES,YES,NO,configs/conv/conv_5152.json,reports/conv/conv_5152/csynth.xml,,,NO,
conv_5153,32,28,28,32,3,8,4,False,group_conv2d,2,relu,YES,YES,NO,configs/conv/conv_5153.json,reports/conv/conv_5153/csynth.xml,,,NO,
conv_5154,32,28,28,32,3,8,4,False,group_conv2d,4,relu,YES,YES,NO,configs/conv/conv_5154.json,reports/conv/conv_5154/csynth.xml,,,NO,
conv_5155,32,28,28,32,3,8,4,True,conv2d,,sigmoid,YES,YES,NO,configs/conv/conv_5155.json,reports/conv/conv_5155/csynth.xml,,,NO,
conv_5156,32,28,28,32,3,8,4,True,group_conv2d,2,sigmoid,YES,YES,NO,configs/conv/conv_5156.json,reports/conv/conv_5156/csynth.xml,,,NO,
conv_5157,32,28,28,32,3,8,4,True,group_conv2d,4,sigmoid,YES,YES,NO,configs/conv/conv_5157.json,reports/conv/conv_5157/csynth.xml,,,NO,
conv_5158,32,28,28,32,3,8,4,False,conv2d,,sigmoid,YES,YES,NO,configs/conv/conv_5158.json,reports/conv/conv_5158/csynth.xml,,,NO,
conv_5159,32,28,28,32,3,8,4,False,group_conv2d,2,sigmoid,YES,YES,NO,configs/conv/conv_5159.json,reports/conv/conv_5159/csynth.xml,,,NO,
conv_5160,32,28,28,32,3,8,4,False,group_conv2d,4,sigmoid,YES,YES,NO,configs/conv/conv_5160.json,reports/conv/conv_5160/csynth.xml,,,NO,
conv_5161,32,28,28,32,3,8,4,True,conv2d,,tanh,YES,YES,NO,configs/conv/conv_5161.json,reports/conv/conv_5161/csynth.xml,,,NO,
conv_5162,32,28,28,32,3,8,4,True,group_conv2d,2,tanh,YES,YES,NO,configs/conv/conv_5162.json,reports/conv/conv_5162/csynth.xml,,,NO,
conv_5163,32,28,28,32,3,8,4,True,group_conv2d,4,tanh,YES,YES,NO,configs/conv/conv_5163.json,reports/conv/conv_5163/csynth.xml,,,NO,
conv_5164,32,28,28,32,3,8,4,False,conv2d,,tanh,YES,YES,NO,configs/conv/conv_5164.json,reports/conv/conv_5164/csynth.xml,,,NO,
conv_5165,32,28,28,32,3,8,4,False,group_conv2d,2,tanh,YES,YES,NO,configs/conv/conv_5165.json,reports/conv/conv_5165/csynth.xml,,,NO,
conv_5166,32,28,28,32,3,8,4,False,group_conv2d,4,tanh,YES,YES,NO,configs/conv/conv_5166.json,reports/conv/conv_5166/csynth.xml,,,NO,
conv_5167,32,28,28,32,3,8,8,True,conv2d,,relu,YES,YES,NO,configs/conv/conv_5167.json,reports/conv/conv_5167/csynth.xml,,,NO,
conv_5168,32,28,28,32,3,8,8,True,group_conv2d,2,relu,YES,YES,NO,configs/conv/conv_5168.json,reports/conv/conv_5168/csynth.xml,,,NO,
conv_5169,32,28,28,32,3,8,8,True,group_conv2d,4,relu,YES,YES,NO,configs/conv/conv_5169.json,reports/conv/conv_5169/csynth.xml,,,NO,
conv_5170,32,28,28,32,3,8,8,False,conv2d,,relu,YES,YES,NO,configs/conv/conv_5170.json,reports/conv/conv_5170/csynth.xml,,,NO,
conv_5171,32,28,28,32,3,8,8,False,group_conv2d,2,relu,YES,YES,NO,configs/conv/conv_5171.json,reports/conv/conv_5171/csynth.xml,,,NO,
conv_5172,32,28,28,32,3,8,8,False,group_conv2d,4,relu,YES,YES,NO,configs/conv/conv_5172.json,reports/conv/conv_5172/csynth.xml,,,NO,
conv_5173,32,28,28,32,3,8,8,True,conv2d,,sigmoid,YES,YES,NO,configs/conv/conv_5173.json,reports/conv/conv_5173/csynth.xml,,,NO,
conv_5174,32,28,28,32,3,8,8,True,group_conv2d,2,sigmoid,YES,YES,NO,configs/conv/conv_5174.json,reports/conv/conv_5174/csynth.xml,,,NO,
conv_5175,32,28,28,32,3,8,8,True,group_conv2d,4,sigmoid,YES,YES,NO,configs/conv/conv_5175.json,reports/conv/conv_5175/csynth.xml,,,NO,
conv_5176,32,28,28,32,3,8,8,False,conv2d,,sigmoid,YES,YES,NO,configs/conv/conv_5176.json,reports/conv/conv_5176/csynth.xml,,,NO,
conv_5177,32,28,28,32,3,8,8,False,group_conv2d,2,sigmoid,YES,YES,NO,configs/conv/conv_5177.json,reports/conv/conv_5177/csynth.xml,,,NO,
conv_5178,32,28,28,32,3,8,8,False,group_conv2d,4,sigmoid,YES,YES,NO,configs/conv/conv_5178.json,reports/conv/conv_5178/csynth.xml,,,NO,
conv_5179,32,28,28,32,3,8,8,True,conv2d,,tanh,YES,YES,NO,configs/conv/conv_5179.json,reports/conv/conv_5179/csynth.xml,,,NO,
conv_5180,32,28,28,32,3,8,8,True,group_conv2d,2,tanh,YES,YES,NO,configs/conv/conv_5180.json,reports/conv/conv_5180/csynth.xml,,,NO,
conv_5181,32,28,28,32,3,8,8,True,group_conv2d,4,tanh,YES,YES,NO,configs/conv/conv_5181.json,reports/conv/conv_5181/csynth.xml,,,NO,
conv_5182,32,28,28,32,3,8,8,False,conv2d,,tanh,YES,YES,NO,configs/conv/conv_5182.json,reports/conv/conv_5182/csynth.xml,,,NO,
conv_5183,32,28,28,32,3,8,8,False,group_conv2d,2,tanh,YES,YES,NO,configs/conv/conv_5183.json,reports/conv/conv_5183/csynth.xml,,,NO,
conv_5184,32,28,28,32,3,8,8,False,group_conv2d,4,tanh,YES,YES,NO,configs/conv/conv_5184.json,reports/conv/conv_5184/csynth.xml,,,NO,
