design_id,M,K,N,unroll_M,unroll_K,unroll_N,comp_order,gemm_order,vm_order_1,vm_order_2,with_bias,generated,csynth,impl,config_path,csynth_report,impl_report,impl_power_report,over_capacity,fail_reason
gemm_0001,64,64,64,1,1,1,option_1,,ij,ij,False,YES,YES,YES,configs/gemm/gemm_0001.json,reports/gemm/gemm_0001/csynth.xml,reports/gemm/gemm_0001/export_impl.xml,reports/gemm/gemm_0001/power_routed.rpt,NO,
gemm_0002,64,64,64,1,1,1,option_1,,ij,ji,False,YES,YES,YES,configs/gemm/gemm_0002.json,reports/gemm/gemm_0002/csynth.xml,reports/gemm/gemm_0002/export_impl.xml,reports/gemm/gemm_0002/power_routed.rpt,NO,
gemm_0003,64,64,64,1,1,1,option_1,,ji,ij,False,YES,YES,YES,configs/gemm/gemm_0003.json,reports/gemm/gemm_0003/csynth.xml,reports/gemm/gemm_0003/export_impl.xml,reports/gemm/gemm_0003/power_routed.rpt,NO,
gemm_0004,64,64,64,1,1,1,option_1,,ji,ji,False,YES,YES,YES,configs/gemm/gemm_0004.json,reports/gemm/gemm_0004/csynth.xml,reports/gemm/gemm_0004/export_impl.xml,reports/gemm/gemm_0004/power_routed.rpt,NO,
gemm_0005,64,64,64,1,1,1,option_1,,ij,ij,True,YES,YES,YES,configs/gemm/gemm_0005.json,reports/gemm/gemm_0005/csynth.xml,reports/gemm/gemm_0005/export_impl.xml,reports/gemm/gemm_0005/power_routed.rpt,NO,
gemm_0006,64,64,64,1,1,1,option_1,,ij,ji,True,YES,YES,YES,configs/gemm/gemm_0006.json,reports/gemm/gemm_0006/csynth.xml,reports/gemm/gemm_0006/export_impl.xml,reports/gemm/gemm_0006/power_routed.rpt,NO,
gemm_0007,64,64,64,1,1,1,option_1,,ji,ij,True,YES,YES,YES,configs/gemm/gemm_0007.json,reports/gemm/gemm_0007/csynth.xml,reports/gemm/gemm_0007/export_impl.xml,reports/gemm/gemm_0007/power_routed.rpt,NO,
gemm_0008,64,64,64,1,1,1,option_1,,ji,ji,True,YES,YES,YES,configs/gemm/gemm_0008.json,reports/gemm/gemm_0008/csynth.xml,reports/gemm/gemm_0008/export_impl.xml,reports/gemm/gemm_0008/power_routed.rpt,NO,
gemm_0009,64,64,64,1,1,1,option_2,ijk,ij,,False,YES,YES,YES,configs/gemm/gemm_0009.json,reports/gemm/gemm_0009/csynth.xml,reports/gemm/gemm_0009/export_impl.xml,reports/gemm/gemm_0009/power_routed.rpt,NO,
gemm_0010,64,64,64,1,1,1,option_2,ikj,ij,,False,YES,YES,YES,configs/gemm/gemm_0010.json,reports/gemm/gemm_0010/csynth.xml,reports/gemm/gemm_0010/export_impl.xml,reports/gemm/gemm_0010/power_routed.rpt,NO,
gemm_0011,64,64,64,1,1,1,option_2,jik,ji,,False,YES,YES,YES,configs/gemm/gemm_0011.json,reports/gemm/gemm_0011/csynth.xml,reports/gemm/gemm_0011/export_impl.xml,reports/gemm/gemm_0011/power_routed.rpt,NO,
gemm_0012,64,64,64,1,1,1,option_2,jki,ji,,False,YES,YES,YES,configs/gemm/gemm_0012.json,reports/gemm/gemm_0012/csynth.xml,reports/gemm/gemm_0012/export_impl.xml,reports/gemm/gemm_0012/power_routed.rpt,NO,
gemm_0013,64,64,64,1,1,1,option_2,kij,ij,,False,YES,YES,YES,configs/gemm/gemm_0013.json,reports/gemm/gemm_0013/csynth.xml,reports/gemm/gemm_0013/export_impl.xml,reports/gemm/gemm_0013/power_routed.rpt,NO,
gemm_0014,64,64,64,1,1,1,option_2,kji,ji,,False,YES,YES,YES,configs/gemm/gemm_0014.json,reports/gemm/gemm_0014/csynth.xml,reports/gemm/gemm_0014/export_impl.xml,reports/gemm/gemm_0014/power_routed.rpt,NO,
gemm_0015,64,64,64,1,1,1,option_2,ijk,ij,,True,YES,YES,YES,configs/gemm/gemm_0015.json,reports/gemm/gemm_0015/csynth.xml,reports/gemm/gemm_0015/export_impl.xml,reports/gemm/gemm_0015/power_routed.rpt,NO,
gemm_0016,64,64,64,1,1,1,option_2,ikj,ij,,True,YES,YES,YES,configs/gemm/gemm_0016.json,reports/gemm/gemm_0016/csynth.xml,reports/gemm/gemm_0016/export_impl.xml,reports/gemm/gemm_0016/power_routed.rpt,NO,
gemm_0017,64,64,64,1,1,1,option_2,jik,ji,,True,YES,YES,YES,configs/gemm/gemm_0017.json,reports/gemm/gemm_0017/csynth.xml,reports/gemm/gemm_0017/export_impl.xml,reports/gemm/gemm_0017/power_routed.rpt,NO,
gemm_0018,64,64,64,1,1,1,option_2,jki,ji,,True,YES,YES,YES,configs/gemm/gemm_0018.json,reports/gemm/gemm_0018/csynth.xml,reports/gemm/gemm_0018/export_impl.xml,reports/gemm/gemm_0018/power_routed.rpt,NO,
gemm_0019,64,64,64,1,1,1,option_2,kij,ij,,True,YES,YES,YES,configs/gemm/gemm_0019.json,reports/gemm/gemm_0019/csynth.xml,reports/gemm/gemm_0019/export_impl.xml,reports/gemm/gemm_0019/power_routed.rpt,NO,
gemm_0020,64,64,64,1,1,1,option_2,kji,ji,,True,YES,YES,YES,configs/gemm/gemm_0020.json,reports/gemm/gemm_0020/csynth.xml,reports/gemm/gemm_0020/export_impl.xml,reports/gemm/gemm_0020/power_routed.rpt,NO,
gemm_0021,64,64,64,1,1,1,option_3,ijk,ij,,False,YES,YES,YES,configs/gemm/gemm_0021.json,reports/gemm/gemm_0021/csynth.xml,reports/gemm/gemm_0021/export_impl.xml,reports/gemm/gemm_0021/power_routed.rpt,NO,
gemm_0022,64,64,64,1,1,1,option_3,ikj,ij,,False,YES,YES,YES,configs/gemm/gemm_0022.json,reports/gemm/gemm_0022/csynth.xml,reports/gemm/gemm_0022/export_impl.xml,reports/gemm/gemm_0022/power_routed.rpt,NO,
gemm_0023,64,64,64,1,1,1,option_3,jik,ji,,False,YES,YES,YES,configs/gemm/gemm_0023.json,reports/gemm/gemm_0023/csynth.xml,reports/gemm/gemm_0023/export_impl.xml,reports/gemm/gemm_0023/power_routed.rpt,NO,
gemm_0024,64,64,64,1,1,1,option_3,jki,ji,,False,YES,YES,YES,configs/gemm/gemm_0024.json,reports/gemm/gemm_0024/csynth.xml,reports/gemm/gemm_0024/export_impl.xml,reports/gemm/gemm_0024/power_routed.rpt,NO,
gemm_0025,64,64,64,1,1,1,option_3,kij,ij,,False,YES,YES,YES,configs/gemm/gemm_0025.json,reports/gemm/gemm_0025/csynth.xml,reports/gemm/gemm_0025/export_impl.xml,reports/gemm/gemm_0025/power_routed.rpt,NO,
gemm_0026,64,64,64,1,1,1,option_3,kji,ji,,False,YES,YES,YES,configs/gemm/gemm_0026.json,reports/gemm/gemm_0026/csynth.xml,reports/gemm/gemm_0026/export_impl.xml,reports/gemm/gemm_0026/power_routed.rpt,NO,
gemm_0027,64,64,64,1,1,1,option_3,ijk,ij,,True,YES,YES,YES,configs/gemm/gemm_0027.json,reports/gemm/gemm_0027/csynth.xml,reports/gemm/gemm_0027/export_impl.xml,reports/gemm/gemm_0027/power_routed.rpt,NO,
gemm_0028,64,64,64,1,1,1,option_3,ikj,ij,,True,YES,YES,YES,configs/gemm/gemm_0028.json,reports/gemm/gemm_0028/csynth.xml,reports/gemm/gemm_0028/export_impl.xml,reports/gemm/gemm_0028/power_routed.rpt,NO,
gemm_0029,64,64,64,1,1,1,option_3,jik,ji,,True,YES,YES,YES,configs/gemm/gemm_0029.json,reports/gemm/gemm_0029/csynth.xml,reports/gemm/gemm_0029/export_impl.xml,reports/gemm/gemm_0029/power_routed.rpt,NO,
gemm_0030,64,64,64,1,1,1,option_3,jki,ji,,True,YES,YES,YES,configs/gemm/gemm_0030.json,reports/gemm/gemm_0030/csynth.xml,reports/gemm/gemm_0030/export_impl.xml,reports/gemm/gemm_0030/power_routed.rpt,NO,
gemm_0031,64,64,64,1,1,1,option_3,kij,ij,,True,YES,YES,YES,configs/gemm/gemm_0031.json,reports/gemm/gemm_0031/csynth.xml,reports/gemm/gemm_0031/export_impl.xml,reports/gemm/gemm_0031/power_routed.rpt,NO,
gemm_0032,64,64,64,1,1,1,option_3,kji,ji,,True,YES,YES,YES,configs/gemm/gemm_0032.json,reports/gemm/gemm_0032/csynth.xml,reports/gemm/gemm_0032/export_impl.xml,reports/gemm/gemm_0032/power_routed.rpt,NO,
gemm_0033,64,64,64,1,1,1,option_4,,ij,ij,False,YES,YES,YES,configs/gemm/gemm_0033.json,reports/gemm/gemm_0033/csynth.xml,reports/gemm/gemm_0033/export_impl.xml,reports/gemm/gemm_0033/power_routed.rpt,NO,
gemm_0034,64,64,64,1,1,1,option_4,,ij,ji,False,YES,YES,YES,configs/gemm/gemm_0034.json,reports/gemm/gemm_0034/csynth.xml,reports/gemm/gemm_0034/export_impl.xml,reports/gemm/gemm_0034/power_routed.rpt,NO,
gemm_0035,64,64,64,1,1,1,option_4,,ji,ij,False,YES,YES,YES,configs/gemm/gemm_0035.json,reports/gemm/gemm_0035/csynth.xml,reports/gemm/gemm_0035/export_impl.xml,reports/gemm/gemm_0035/power_routed.rpt,NO,
gemm_0036,64,64,64,1,1,1,option_4,,ji,ji,False,YES,YES,YES,configs/gemm/gemm_0036.json,reports/gemm/gemm_0036/csynth.xml,reports/gemm/gemm_0036/export_impl.xml,reports/gemm/gemm_0036/power_routed.rpt,NO,
gemm_0037,64,64,64,1,1,1,option_4,,ij,ij,True,YES,YES,YES,configs/gemm/gemm_0037.json,reports/gemm/gemm_0037/csynth.xml,reports/gemm/gemm_0037/export_impl.xml,reports/gemm/gemm_0037/power_routed.rpt,NO,
gemm_0038,64,64,64,1,1,1,option_4,,ij,ji,True,YES,YES,YES,configs/gemm/gemm_0038.json,reports/gemm/gemm_0038/csynth.xml,reports/gemm/gemm_0038/export_impl.xml,reports/gemm/gemm_0038/power_routed.rpt,NO,
gemm_0039,64,64,64,1,1,1,option_4,,ji,ij,True,YES,YES,YES,configs/gemm/gemm_0039.json,reports/gemm/gemm_0039/csynth.xml,reports/gemm/gemm_0039/export_impl.xml,reports/gemm/gemm_0039/power_routed.rpt,NO,
gemm_0040,64,64,64,1,1,1,option_4,,ji,ji,True,YES,YES,YES,configs/gemm/gemm_0040.json,reports/gemm/gemm_0040/csynth.xml,reports/gemm/gemm_0040/export_impl.xml,reports/gemm/gemm_0040/power_routed.rpt,NO,
gemm_0041,64,64,64,1,1,1,option_5,,ij,ij,False,YES,YES,YES,configs/gemm/gemm_0041.json,reports/gemm/gemm_0041/csynth.xml,reports/gemm/gemm_0041/export_impl.xml,reports/gemm/gemm_0041/power_routed.rpt,NO,
gemm_0042,64,64,64,1,1,1,option_5,,ij,ji,False,YES,YES,YES,configs/gemm/gemm_0042.json,reports/gemm/gemm_0042/csynth.xml,reports/gemm/gemm_0042/export_impl.xml,reports/gemm/gemm_0042/power_routed.rpt,NO,
gemm_0043,64,64,64,1,1,1,option_5,,ji,ij,False,YES,YES,YES,configs/gemm/gemm_0043.json,reports/gemm/gemm_0043/csynth.xml,reports/gemm/gemm_0043/export_impl.xml,reports/gemm/gemm_0043/power_routed.rpt,NO,
gemm_0044,64,64,64,1,1,1,option_5,,ji,ji,False,YES,YES,YES,configs/gemm/gemm_0044.json,reports/gemm/gemm_0044/csynth.xml,reports/gemm/gemm_0044/export_impl.xml,reports/gemm/gemm_0044/power_routed.rpt,NO,
gemm_0045,64,64,64,1,1,1,option_5,,ij,ij,True,YES,YES,YES,configs/gemm/gemm_0045.json,reports/gemm/gemm_0045/csynth.xml,reports/gemm/gemm_0045/export_impl.xml,reports/gemm/gemm_0045/power_routed.rpt,NO,
gemm_0046,64,64,64,1,1,1,option_5,,ij,ji,True,YES,YES,YES,configs/gemm/gemm_0046.json,reports/gemm/gemm_0046/csynth.xml,reports/gemm/gemm_0046/export_impl.xml,reports/gemm/gemm_0046/power_routed.rpt,NO,
gemm_0047,64,64,64,1,1,1,option_5,,ji,ij,True,YES,YES,YES,configs/gemm/gemm_0047.json,reports/gemm/gemm_0047/csynth.xml,reports/gemm/gemm_0047/export_impl.xml,reports/gemm/gemm_0047/power_routed.rpt,NO,
gemm_0048,64,64,64,1,1,1,option_5,,ji,ji,True,YES,YES,YES,configs/gemm/gemm_0048.json,reports/gemm/gemm_0048/csynth.xml,reports/gemm/gemm_0048/export_impl.xml,reports/gemm/gemm_0048/power_routed.rpt,NO,
gemm_0049,64,64,64,1,1,8,option_1,,ij,ij,False,YES,YES,NO,configs/gemm/gemm_0049.json,reports/gemm/gemm_0049/csynth.xml,,,NO,
gemm_0050,64,64,64,1,1,8,option_1,,ij,ji,False,YES,YES,NO,configs/gemm/gemm_0050.json,reports/gemm/gemm_0050/csynth.xml,,,NO,
gemm_0051,64,64,64,1,1,8,option_1,,ji,ij,False,YES,YES,NO,configs/gemm/gemm_0051.json,reports/gemm/gemm_0051/csynth.xml,,,NO,
gemm_0052,64,64,64,1,1,8,option_1,,ji,ji,False,YES,YES,NO,configs/gemm/gemm_0052.json,reports/gemm/gemm_0052/csynth.xml,,,NO,
gemm_0053,64,64,64,1,1,8,option_1,,ij,ij,True,YES,YES,NO,configs/gemm/gemm_0053.json,reports/gemm/gemm_0053/csynth.xml,,,NO,
gemm_0054,64,64,64,1,1,8,option_1,,ij,ji,True,YES,YES,NO,configs/gemm/gemm_0054.json,reports/gemm/gemm_0054/csynth.xml,,,NO,
gemm_0055,64,64,64,1,1,8,option_1,,ji,ij,True,YES,YES,NO,configs/gemm/gemm_0055.json,reports/gemm/gemm_0055/csynth.xml,,,NO,
gemm_0056,64,64,64,1,1,8,option_1,,ji,ji,True,YES,YES,NO,configs/gemm/gemm_0056.json,reports/gemm/gemm_0056/csynth.xml,,,NO,
gemm_0057,64,64,64,1,1,8,option_2,ijk,ij,,False,YES,YES,NO,configs/gemm/gemm_0057.json,reports/gemm/gemm_0057/csynth.xml,,,NO,
gemm_0058,64,64,64,1,1,8,option_2,ikj,ij,,False,YES,YES,NO,configs/gemm/gemm_0058.json,reports/gemm/gemm_0058/csynth.xml,,,NO,
gemm_0059,64,64,64,1,1,8,option_2,jik,ji,,False,YES,YES,YES,configs/gemm/gemm_0059.json,reports/gemm/gemm_0059/csynth.xml,reports/gemm/gemm_0059/export_impl.xml,reports/gemm/gemm_0059/power_routed.rpt,NO,
gemm_0060,64,64,64,1,1,8,option_2,jki,ji,,False,YES,YES,YES,configs/gemm/gemm_0060.json,reports/gemm/gemm_0060/csynth.xml,reports/gemm/gemm_0060/export_impl.xml,reports/gemm/gemm_0060/power_routed.rpt,NO,
gemm_0061,64,64,64,1,1,8,option_2,kij,ij,,False,YES,YES,NO,configs/gemm/gemm_0061.json,reports/gemm/gemm_0061/csynth.xml,,,NO,
gemm_0062,64,64,64,1,1,8,option_2,kji,ji,,False,YES,YES,NO,configs/gemm/gemm_0062.json,reports/gemm/gemm_0062/csynth.xml,,,NO,
gemm_0063,64,64,64,1,1,8,option_2,ijk,ij,,True,YES,YES,NO,configs/gemm/gemm_0063.json,reports/gemm/gemm_0063/csynth.xml,,,NO,
gemm_0064,64,64,64,1,1,8,option_2,ikj,ij,,True,YES,YES,NO,configs/gemm/gemm_0064.json,reports/gemm/gemm_0064/csynth.xml,,,NO,
gemm_0065,64,64,64,1,1,8,option_2,jik,ji,,True,YES,YES,YES,configs/gemm/gemm_0065.json,reports/gemm/gemm_0065/csynth.xml,reports/gemm/gemm_0065/export_impl.xml,reports/gemm/gemm_0065/power_routed.rpt,NO,
gemm_0066,64,64,64,1,1,8,option_2,jki,ji,,True,YES,YES,NO,configs/gemm/gemm_0066.json,reports/gemm/gemm_0066/csynth.xml,,,NO,
gemm_0067,64,64,64,1,1,8,option_2,kij,ij,,True,YES,YES,NO,configs/gemm/gemm_0067.json,reports/gemm/gemm_0067/csynth.xml,,,NO,
gemm_0068,64,64,64,1,1,8,option_2,kji,ji,,True,YES,YES,YES,configs/gemm/gemm_0068.json,reports/gemm/gemm_0068/csynth.xml,reports/gemm/gemm_0068/export_impl.xml,reports/gemm/gemm_0068/power_routed.rpt,NO,
gemm_0069,64,64,64,1,1,8,option_3,ijk,ij,,False,YES,YES,NO,configs/gemm/gemm_0069.json,reports/gemm/gemm_0069/csynth.xml,,,NO,
gemm_0070,64,64,64,1,1,8,option_3,ikj,ij,,False,YES,YES,NO,configs/gemm/gemm_0070.json,reports/gemm/gemm_0070/csynth.xml,,,NO,
gemm_0071,64,64,64,1,1,8,option_3,jik,ji,,False,YES,YES,NO,configs/gemm/gemm_0071.json,reports/gemm/gemm_0071/csynth.xml,,,NO,
gemm_0072,64,64,64,1,1,8,option_3,jki,ji,,False,YES,YES,NO,configs/gemm/gemm_0072.json,reports/gemm/gemm_0072/csynth.xml,,,NO,
gemm_0073,64,64,64,1,1,8,option_3,kij,ij,,False,YES,YES,NO,configs/gemm/gemm_0073.json,reports/gemm/gemm_0073/csynth.xml,,,NO,
gemm_0074,64,64,64,1,1,8,option_3,kji,ji,,False,YES,YES,NO,configs/gemm/gemm_0074.json,reports/gemm/gemm_0074/csynth.xml,,,NO,
gemm_0075,64,64,64,1,1,8,option_3,ijk,ij,,True,YES,YES,NO,configs/gemm/gemm_0075.json,reports/gemm/gemm_0075/csynth.xml,,,NO,
gemm_0076,64,64,64,1,1,8,option_3,ikj,ij,,True,YES,YES,NO,configs/gemm/gemm_0076.json,reports/gemm/gemm_0076/csynth.xml,,,NO,
gemm_0077,64,64,64,1,1,8,option_3,jik,ji,,True,YES,YES,NO,configs/gemm/gemm_0077.json,reports/gemm/gemm_0077/csynth.xml,,,NO,
gemm_0078,64,64,64,1,1,8,option_3,jki,ji,,True,YES,YES,YES,configs/gemm/gemm_0078.json,reports/gemm/gemm_0078/csynth.xml,reports/gemm/gemm_0078/export_impl.xml,reports/gemm/gemm_0078/power_routed.rpt,NO,
gemm_0079,64,64,64,1,1,8,option_3,kij,ij,,True,YES,YES,NO,configs/gemm/gemm_0079.json,reports/gemm/gemm_0079/csynth.xml,,,NO,
gemm_0080,64,64,64,1,1,8,option_3,kji,ji,,True,YES,YES,YES,configs/gemm/gemm_0080.json,reports/gemm/gemm_0080/csynth.xml,reports/gemm/gemm_0080/export_impl.xml,reports/gemm/gemm_0080/power_routed.rpt,NO,
gemm_0081,64,64,64,1,1,8,option_4,,ij,ij,False,YES,YES,NO,configs/gemm/gemm_0081.json,reports/gemm/gemm_0081/csynth.xml,,,NO,
gemm_0082,64,64,64,1,1,8,option_4,,ij,ji,False,YES,YES,YES,configs/gemm/gemm_0082.json,reports/gemm/gemm_0082/csynth.xml,reports/gemm/gemm_0082/export_impl.xml,reports/gemm/gemm_0082/power_routed.rpt,NO,
gemm_0083,64,64,64,1,1,8,option_4,,ji,ij,False,YES,YES,NO,configs/gemm/gemm_0083.json,reports/gemm/gemm_0083/csynth.xml,,,NO,
gemm_0084,64,64,64,1,1,8,option_4,,ji,ji,False,YES,YES,NO,configs/gemm/gemm_0084.json,reports/gemm/gemm_0084/csynth.xml,,,NO,
gemm_0085,64,64,64,1,1,8,option_4,,ij,ij,True,YES,YES,NO,configs/gemm/gemm_0085.json,reports/gemm/gemm_0085/csynth.xml,,,NO,
gemm_0086,64,64,64,1,1,8,option_4,,ij,ji,True,YES,YES,NO,configs/gemm/gemm_0086.json,reports/gemm/gemm_0086/csynth.xml,,,NO,
gemm_0087,64,64,64,1,1,8,option_4,,ji,ij,True,YES,YES,NO,configs/gemm/gemm_0087.json,reports/gemm/gemm_0087/csynth.xml,,,NO,
gemm_0088,64,64,64,1,1,8,option_4,,ji,ji,True,YES,YES,NO,configs/gemm/gemm_0088.json,reports/gemm/gemm_0088/csynth.xml,,,NO,
gemm_0089,64,64,64,1,1,8,option_5,,ij,ij,False,YES,YES,NO,configs/gemm/gemm_0089.json,reports/gemm/gemm_0089/csynth.xml,,,NO,
gemm_0090,64,64,64,1,1,8,option_5,,ij,ji,False,YES,YES,NO,configs/gemm/gemm_0090.json,reports/gemm/gemm_0090/csynth.xml,,,NO,
gemm_0091,64,64,64,1,1,8,option_5,,ji,ij,False,YES,YES,NO,configs/gemm/gemm_0091.json,reports/gemm/gemm_0091/csynth.xml,,,NO,
gemm_0092,64,64,64,1,1,8,option_5,,ji,ji,False,YES,YES,YES,configs/gemm/gemm_0092.json,reports/gemm/gemm_0092/csynth.xml,reports/gemm/gemm_0092/export_impl.xml,reports/gemm/gemm_0092/power_routed.rpt,NO,
gemm_0093,64,64,64,1,1,8,option_5,,ij,ij,True,YES,YES,YES,configs/gemm/gemm_0093.json,reports/gemm/gemm_0093/csynth.xml,reports/gemm/gemm_0093/export_impl.xml,reports/gemm/gemm_0093/power_routed.rpt,NO,
gemm_0094,64,64,64,1,1,8,option_5,,ij,ji,True,YES,YES,NO,configs/gemm/gemm_0094.json,reports/gemm/gemm_0094/csynth.xml,,,NO,
gemm_0095,64,64,64,1,1,8,option_5,,ji,ij,True,YES,YES,NO,configs/gemm/gemm_0095.json,reports/gemm/gemm_0095/csynth.xml,,,NO,
gemm_0096,64,64,64,1,1,8,option_5,,ji,ji,True,YES,YES,NO,configs/gemm/gemm_0096.json,reports/gemm/gemm_0096/csynth.xml,,,NO,
gemm_0097,64,64,64,1,8,1,option_1,,ij,ij,False,YES,YES,NO,configs/gemm/gemm_0097.json,reports/gemm/gemm_0097/csynth.xml,,,NO,
gemm_0098,64,64,64,1,8,1,option_1,,ij,ji,False,YES,YES,NO,configs/gemm/gemm_0098.json,reports/gemm/gemm_0098/csynth.xml,,,NO,
gemm_0099,64,64,64,1,8,1,option_1,,ji,ij,False,YES,YES,YES,configs/gemm/gemm_0099.json,reports/gemm/gemm_0099/csynth.xml,reports/gemm/gemm_0099/export_impl.xml,reports/gemm/gemm_0099/power_routed.rpt,NO,
gemm_0100,64,64,64,1,8,1,option_1,,ji,ji,False,YES,YES,NO,configs/gemm/gemm_0100.json,reports/gemm/gemm_0100/csynth.xml,,,NO,
gemm_0101,64,64,64,1,8,1,option_1,,ij,ij,True,YES,YES,YES,configs/gemm/gemm_0101.json,reports/gemm/gemm_0101/csynth.xml,reports/gemm/gemm_0101/export_impl.xml,reports/gemm/gemm_0101/power_routed.rpt,NO,
gemm_0102,64,64,64,1,8,1,option_1,,ij,ji,True,YES,YES,YES,configs/gemm/gemm_0102.json,reports/gemm/gemm_0102/csynth.xml,reports/gemm/gemm_0102/export_impl.xml,reports/gemm/gemm_0102/power_routed.rpt,NO,
gemm_0103,64,64,64,1,8,1,option_1,,ji,ij,True,YES,YES,NO,configs/gemm/gemm_0103.json,reports/gemm/gemm_0103/csynth.xml,,,NO,
gemm_0104,64,64,64,1,8,1,option_1,,ji,ji,True,YES,YES,NO,configs/gemm/gemm_0104.json,reports/gemm/gemm_0104/csynth.xml,,,NO,
gemm_0105,64,64,64,1,8,1,option_2,ijk,ij,,False,YES,YES,NO,configs/gemm/gemm_0105.json,reports/gemm/gemm_0105/csynth.xml,,,NO,
gemm_0106,64,64,64,1,8,1,option_2,ikj,ij,,False,YES,YES,YES,configs/gemm/gemm_0106.json,reports/gemm/gemm_0106/csynth.xml,reports/gemm/gemm_0106/export_impl.xml,reports/gemm/gemm_0106/power_routed.rpt,NO,
gemm_0107,64,64,64,1,8,1,option_2,jik,ji,,False,YES,YES,NO,configs/gemm/gemm_0107.json,reports/gemm/gemm_0107/csynth.xml,,,NO,
gemm_0108,64,64,64,1,8,1,option_2,jki,ji,,False,YES,YES,NO,configs/gemm/gemm_0108.json,reports/gemm/gemm_0108/csynth.xml,,,NO,
gemm_0109,64,64,64,1,8,1,option_2,kij,ij,,False,YES,YES,NO,configs/gemm/gemm_0109.json,reports/gemm/gemm_0109/csynth.xml,,,NO,
gemm_0110,64,64,64,1,8,1,option_2,kji,ji,,False,YES,YES,NO,configs/gemm/gemm_0110.json,reports/gemm/gemm_0110/csynth.xml,,,NO,
gemm_0111,64,64,64,1,8,1,option_2,ijk,ij,,True,YES,YES,YES,configs/gemm/gemm_0111.json,reports/gemm/gemm_0111/csynth.xml,reports/gemm/gemm_0111/export_impl.xml,reports/gemm/gemm_0111/power_routed.rpt,NO,
gemm_0112,64,64,64,1,8,1,option_2,ikj,ij,,True,YES,YES,NO,configs/gemm/gemm_0112.json,reports/gemm/gemm_0112/csynth.xml,,,NO,
gemm_0113,64,64,64,1,8,1,option_2,jik,ji,,True,YES,YES,NO,configs/gemm/gemm_0113.json,reports/gemm/gemm_0113/csynth.xml,,,NO,
gemm_0114,64,64,64,1,8,1,option_2,jki,ji,,True,YES,YES,NO,configs/gemm/gemm_0114.json,reports/gemm/gemm_0114/csynth.xml,,,NO,
gemm_0115,64,64,64,1,8,1,option_2,kij,ij,,True,YES,YES,YES,configs/gemm/gemm_0115.json,reports/gemm/gemm_0115/csynth.xml,reports/gemm/gemm_0115/export_impl.xml,reports/gemm/gemm_0115/power_routed.rpt,NO,
gemm_0116,64,64,64,1,8,1,option_2,kji,ji,,True,YES,YES,YES,configs/gemm/gemm_0116.json,reports/gemm/gemm_0116/csynth.xml,reports/gemm/gemm_0116/export_impl.xml,reports/gemm/gemm_0116/power_routed.rpt,NO,
gemm_0117,64,64,64,1,8,1,option_3,ijk,ij,,False,YES,YES,NO,configs/gemm/gemm_0117.json,reports/gemm/gemm_0117/csynth.xml,,,NO,
gemm_0118,64,64,64,1,8,1,option_3,ikj,ij,,False,YES,YES,NO,configs/gemm/gemm_0118.json,reports/gemm/gemm_0118/csynth.xml,,,NO,
gemm_0119,64,64,64,1,8,1,option_3,jik,ji,,False,YES,YES,NO,configs/gemm/gemm_0119.json,reports/gemm/gemm_0119/csynth.xml,,,NO,
gemm_0120,64,64,64,1,8,1,option_3,jki,ji,,False,YES,YES,NO,configs/gemm/gemm_0120.json,reports/gemm/gemm_0120/csynth.xml,,,NO,
gemm_0121,64,64,64,1,8,1,option_3,kij,ij,,False,YES,YES,NO,configs/gemm/gemm_0121.json,reports/gemm/gemm_0121/csynth.xml,,,NO,
gemm_0122,64,64,64,1,8,1,option_3,kji,ji,,False,YES,YES,YES,configs/gemm/gemm_0122.json,reports/gemm/gemm_0122/csynth.xml,reports/gemm/gemm_0122/export_impl.xml,reports/gemm/gemm_0122/power_routed.rpt,NO,
gemm_0123,64,64,64,1,8,1,option_3,ijk,ij,,True,YES,YES,NO,configs/gemm/gemm_0123.json,reports/gemm/gemm_0123/csynth.xml,,,NO,
gemm_0124,64,64,64,1,8,1,option_3,ikj,ij,,True,YES,YES,NO,configs/gemm/gemm_0124.json,reports/gemm/gemm_0124/csynth.xml,,,NO,
gemm_0125,64,64,64,1,8,1,option_3,jik,ji,,True,YES,YES,NO,configs/gemm/gemm_0125.json,reports/gemm/gemm_0125/csynth.xml,,,NO,
gemm_0126,64,64,64,1,8,1,option_3,jki,ji,,True,YES,YES,NO,configs/gemm/gemm_0126.json,reports/gemm/gemm_0126/csynth.xml,,,NO,
gemm_0127,64,64,64,1,8,1,option_3,kij,ij,,True,YES,YES,NO,configs/gemm/gemm_0127.json,reports/gemm/gemm_0127/csynth.xml,,,NO,
gemm_0128,64,64,64,1,8,1,option_3,kji,ji,,True,YES,YES,NO,configs/gemm/gemm_0128.json,reports/gemm/gemm_0128/csynth.xml,,,NO,
gemm_0129,64,64,64,1,8,1,option_4,,ij,ij,False,YES,YES,NO,configs/gemm/gemm_0129.json,reports/gemm/gemm_0129/csynth.xml,,,NO,
gemm_0130,64,64,64,1,8,1,option_4,,ij,ji,False,YES,YES,NO,configs/gemm/gemm_0130.json,reports/gemm/gemm_0130/csynth.xml,,,NO,
gemm_0131,64,64,64,1,8,1,option_4,,ji,ij,False,YES,YES,NO,configs/gemm/gemm_0131.json,reports/gemm/gemm_0131/csynth.xml,,,NO,
gemm_0132,64,64,64,1,8,1,option_4,,ji,ji,False,YES,YES,NO,configs/gemm/gemm_0132.json,reports/gemm/gemm_0132/csynth.xml,,,NO,
gemm_0133,64,64,64,1,8,1,option_4,,ij,ij,True,YES,YES,NO,configs/gemm/gemm_0133.json,reports/gemm/gemm_0133/csynth.xml,,,NO,
gemm_0134,64,64,64,1,8,1,option_4,,ij,ji,True,YES,YES,YES,configs/gemm/gemm_0134.json,reports/gemm/gemm_0134/csynth.xml,reports/gemm/gemm_0134/export_impl.xml,reports/gemm/gemm_0134/power_routed.rpt,NO,
gemm_0135,64,64,64,1,8,1,option_4,,ji,ij,True,YES,YES,NO,configs/gemm/gemm_0135.json,reports/gemm/gemm_0135/csynth.xml,,,NO,
gemm_0136,64,64,64,1,8,1,option_4,,ji,ji,True,YES,YES,YES,configs/gemm/gemm_0136.json,reports/gemm/gemm_0136/csynth.xml,reports/gemm/gemm_0136/export_impl.xml,reports/gemm/gemm_0136/power_routed.rpt,NO,
gemm_0137,64,64,64,1,8,1,option_5,,ij,ij,False,YES,YES,NO,configs/gemm/gemm_0137.json,reports/gemm/gemm_0137/csynth.xml,,,NO,
gemm_0138,64,64,64,1,8,1,option_5,,ij,ji,False,YES,YES,NO,configs/gemm/gemm_0138.json,reports/gemm/gemm_0138/csynth.xml,,,NO,
gemm_0139,64,64,64,1,8,1,option_5,,ji,ij,False,YES,YES,NO,configs/gemm/gemm_0139.json,reports/gemm/gemm_0139/csynth.xml,,,NO,
gemm_0140,64,64,64,1,8,1,option_5,,ji,ji,False,YES,YES,NO,configs/gemm/gemm_0140.json,reports/gemm/gemm_0140/csynth.xml,,,NO,
gemm_0141,64,64,64,1,8,1,option_5,,ij,ij,True,YES,YES,NO,configs/gemm/gemm_0141.json,reports/gemm/gemm_0141/csynth.xml,,,NO,
gemm_0142,64,64,64,1,8,1,option_5,,ij,ji,True,YES,YES,YES,configs/gemm/gemm_0142.json,reports/gemm/gemm_0142/csynth.xml,reports/gemm/gemm_0142/export_impl.xml,reports/gemm/gemm_0142/power_routed.rpt,NO,
gemm_0143,64,64,64,1,8,1,option_5,,ji,ij,True,YES,YES,NO,configs/gemm/gemm_0143.json,reports/gemm/gemm_0143/csynth.xml,,,NO,
gemm_0144,64,64,64,1,8,1,option_5,,ji,ji,True,YES,YES,NO,configs/gemm/gemm_0144.json,reports/gemm/gemm_0144/csynth.xml,,,NO,
gemm_0145,64,64,64,1,8,8,option_1,,ij,ij,False,YES,YES,NO,configs/gemm/gemm_0145.json,reports/gemm/gemm_0145/csynth.xml,,,NO,
gemm_0146,64,64,64,1,8,8,option_1,,ij,ji,False,YES,YES,NO,configs/gemm/gemm_0146.json,reports/gemm/gemm_0146/csynth.xml,,,NO,
gemm_0147,64,64,64,1,8,8,option_1,,ji,ij,False,YES,YES,NO,configs/gemm/gemm_0147.json,reports/gemm/gemm_0147/csynth.xml,,,NO,
gemm_0148,64,64,64,1,8,8,option_1,,ji,ji,False,YES,YES,NO,configs/gemm/gemm_0148.json,reports/gemm/gemm_0148/csynth.xml,,,NO,
gemm_0149,64,64,64,1,8,8,option_1,,ij,ij,True,YES,YES,NO,configs/gemm/gemm_0149.json,reports/gemm/gemm_0149/csynth.xml,,,NO,
gemm_0150,64,64,64,1,8,8,option_1,,ij,ji,True,YES,YES,NO,configs/gemm/gemm_0150.json,reports/gemm/gemm_0150/csynth.xml,,,NO,
gemm_0151,64,64,64,1,8,8,option_1,,ji,ij,True,YES,YES,YES,configs/gemm/gemm_0151.json,reports/gemm/gemm_0151/csynth.xml,reports/gemm/gemm_0151/export_impl.xml,reports/gemm/gemm_0151/power_routed.rpt,NO,
gemm_0152,64,64,64,1,8,8,option_1,,ji,ji,True,YES,YES,YES,configs/gemm/gemm_0152.json,reports/gemm/gemm_0152/csynth.xml,reports/gemm/gemm_0152/export_impl.xml,reports/gemm/gemm_0152/power_routed.rpt,NO,
gemm_0153,64,64,64,1,8,8,option_2,ijk,ij,,False,YES,YES,YES,configs/gemm/gemm_0153.json,reports/gemm/gemm_0153/csynth.xml,reports/gemm/gemm_0153/export_impl.xml,reports/gemm/gemm_0153/power_routed.rpt,NO,
gemm_0154,64,64,64,1,8,8,option_2,ikj,ij,,False,YES,YES,NO,configs/gemm/gemm_0154.json,reports/gemm/gemm_0154/csynth.xml,,,NO,
gemm_0155,64,64,64,1,8,8,option_2,jik,ji,,False,YES,YES,YES,configs/gemm/gemm_0155.json,reports/gemm/gemm_0155/csynth.xml,reports/gemm/gemm_0155/export_impl.xml,reports/gemm/gemm_0155/power_routed.rpt,NO,
gemm_0156,64,64,64,1,8,8,option_2,jki,ji,,False,YES,YES,NO,configs/gemm/gemm_0156.json,reports/gemm/gemm_0156/csynth.xml,,,NO,
gemm_0157,64,64,64,1,8,8,option_2,kij,ij,,False,YES,YES,YES,configs/gemm/gemm_0157.json,reports/gemm/gemm_0157/csynth.xml,reports/gemm/gemm_0157/export_impl.xml,reports/gemm/gemm_0157/power_routed.rpt,NO,
gemm_0158,64,64,64,1,8,8,option_2,kji,ji,,False,YES,YES,NO,configs/gemm/gemm_0158.json,reports/gemm/gemm_0158/csynth.xml,,,NO,
gemm_0159,64,64,64,1,8,8,option_2,ijk,ij,,True,YES,YES,NO,configs/gemm/gemm_0159.json,reports/gemm/gemm_0159/csynth.xml,,,NO,
gemm_0160,64,64,64,1,8,8,option_2,ikj,ij,,True,YES,YES,YES,configs/gemm/gemm_0160.json,reports/gemm/gemm_0160/csynth.xml,reports/gemm/gemm_0160/export_impl.xml,reports/gemm/gemm_0160/power_routed.rpt,NO,
gemm_0161,64,64,64,1,8,8,option_2,jik,ji,,True,YES,YES,NO,configs/gemm/gemm_0161.json,reports/gemm/gemm_0161/csynth.xml,,,NO,
gemm_0162,64,64,64,1,8,8,option_2,jki,ji,,True,YES,YES,NO,configs/gemm/gemm_0162.json,reports/gemm/gemm_0162/csynth.xml,,,NO,
gemm_0163,64,64,64,1,8,8,option_2,kij,ij,,True,YES,YES,NO,configs/gemm/gemm_0163.json,reports/gemm/gemm_0163/csynth.xml,,,NO,
gemm_0164,64,64,64,1,8,8,option_2,kji,ji,,True,YES,YES,NO,configs/gemm/gemm_0164.json,reports/gemm/gemm_0164/csynth.xml,,,NO,
gemm_0165,64,64,64,1,8,8,option_3,ijk,ij,,False,YES,YES,NO,configs/gemm/gemm_0165.json,reports/gemm/gemm_0165/csynth.xml,,,NO,
gemm_0166,64,64,64,1,8,8,option_3,ikj,ij,,False,YES,YES,NO,configs/gemm/gemm_0166.json,reports/gemm/gemm_0166/csynth.xml,,,NO,
gemm_0167,64,64,64,1,8,8,option_3,jik,ji,,False,YES,YES,NO,configs/gemm/gemm_0167.json,reports/gemm/gemm_0167/csynth.xml,,,NO,
gemm_0168,64,64,64,1,8,8,option_3,jki,ji,,False,YES,YES,NO,configs/gemm/gemm_0168.json,reports/gemm/gemm_0168/csynth.xml,,,NO,
gemm_0169,64,64,64,1,8,8,option_3,kij,ij,,False,YES,YES,YES,configs/gemm/gemm_0169.json,reports/gemm/gemm_0169/csynth.xml,reports/gemm/gemm_0169/export_impl.xml,reports/gemm/gemm_0169/power_routed.rpt,NO,
gemm_0170,64,64,64,1,8,8,option_3,kji,ji,,False,YES,YES,YES,configs/gemm/gemm_0170.json,reports/gemm/gemm_0170/csynth.xml,reports/gemm/gemm_0170/export_impl.xml,reports/gemm/gemm_0170/power_routed.rpt,NO,
gemm_0171,64,64,64,1,8,8,option_3,ijk,ij,,True,YES,YES,NO,configs/gemm/gemm_0171.json,reports/gemm/gemm_0171/csynth.xml,,,NO,
gemm_0172,64,64,64,1,8,8,option_3,ikj,ij,,True,YES,YES,YES,configs/gemm/gemm_0172.json,reports/gemm/gemm_0172/csynth.xml,reports/gemm/gemm_0172/export_impl.xml,reports/gemm/gemm_0172/power_routed.rpt,NO,
gemm_0173,64,64,64,1,8,8,option_3,jik,ji,,True,YES,YES,NO,configs/gemm/gemm_0173.json,reports/gemm/gemm_0173/csynth.xml,,,NO,
gemm_0174,64,64,64,1,8,8,option_3,jki,ji,,True,YES,YES,NO,configs/gemm/gemm_0174.json,reports/gemm/gemm_0174/csynth.xml,,,NO,
gemm_0175,64,64,64,1,8,8,option_3,kij,ij,,True,YES,YES,NO,configs/gemm/gemm_0175.json,reports/gemm/gemm_0175/csynth.xml,,,NO,
gemm_0176,64,64,64,1,8,8,option_3,kji,ji,,True,YES,YES,NO,configs/gemm/gemm_0176.json,reports/gemm/gemm_0176/csynth.xml,,,NO,
gemm_0177,64,64,64,1,8,8,option_4,,ij,ij,False,YES,YES,NO,configs/gemm/gemm_0177.json,reports/gemm/gemm_0177/csynth.xml,,,NO,
gemm_0178,64,64,64,1,8,8,option_4,,ij,ji,False,YES,YES,NO,configs/gemm/gemm_0178.json,reports/gemm/gemm_0178/csynth.xml,,,NO,
gemm_0179,64,64,64,1,8,8,option_4,,ji,ij,False,YES,YES,NO,configs/gemm/gemm_0179.json,reports/gemm/gemm_0179/csynth.xml,,,NO,
gemm_0180,64,64,64,1,8,8,option_4,,ji,ji,False,YES,YES,NO,configs/gemm/gemm_0180.json,reports/gemm/gemm_0180/csynth.xml,,,NO,
gemm_0181,64,64,64,1,8,8,option_4,,ij,ij,True,YES,YES,NO,configs/gemm/gemm_0181.json,reports/gemm/gemm_0181/csynth.xml,,,NO,
gemm_0182,64,64,64,1,8,8,option_4,,ij,ji,True,YES,YES,NO,configs/gemm/gemm_0182.json,reports/gemm/gemm_0182/csynth.xml,,,NO,
gemm_0183,64,64,64,1,8,8,option_4,,ji,ij,True,YES,YES,YES,configs/gemm/gemm_0183.json,reports/gemm/gemm_0183/csynth.xml,reports/gemm/gemm_0183/export_impl.xml,reports/gemm/gemm_0183/power_routed.rpt,NO,
gemm_0184,64,64,64,1,8,8,option_4,,ji,ji,True,YES,YES,NO,configs/gemm/gemm_0184.json,reports/gemm/gemm_0184/csynth.xml,,,NO,
gemm_0185,64,64,64,1,8,8,option_5,,ij,ij,False,YES,YES,NO,configs/gemm/gemm_0185.json,reports/gemm/gemm_0185/csynth.xml,,,NO,
gemm_0186,64,64,64,1,8,8,option_5,,ij,ji,False,YES,YES,NO,configs/gemm/gemm_0186.json,reports/gemm/gemm_0186/csynth.xml,,,NO,
gemm_0187,64,64,64,1,8,8,option_5,,ji,ij,False,YES,YES,NO,configs/gemm/gemm_0187.json,reports/gemm/gemm_0187/csynth.xml,,,NO,
gemm_0188,64,64,64,1,8,8,option_5,,ji,ji,False,YES,YES,NO,configs/gemm/gemm_0188.json,reports/gemm/gemm_0188/csynth.xml,,,NO,
gemm_0189,64,64,64,1,8,8,option_5,,ij,ij,True,YES,YES,NO,configs/gemm/gemm_0189.json,reports/gemm/gemm_0189/csynth.xml,,,NO,
gemm_0190,64,64,64,1,8,8,option_5,,ij,ji,True,YES,YES,NO,configs/gemm/gemm_0190.json,reports/gemm/gemm_0190/csynth.xml,,,NO,
gemm_0191,64,64,64,1,8,8,option_5,,ji,ij,True,YES,YES,NO,configs/gemm/gemm_0191.json,reports/gemm/gemm_0191/csynth.xml,,,NO,
gemm_0192,64,64,64,1,8,8,option_5,,ji,ji,True,YES,YES,NO,configs/gemm/gemm_0192.json,reports/gemm/gemm_0192/csynth.xml,,,NO,
gemm_0193,64,64,64,8,1,1,option_1,,ij,ij,False,YES,YES,NO,configs/gemm/gemm_0193.json,reports/gemm/gemm_0193/csynth.xml,,,NO,
gemm_0194,64,64,64,8,1,1,option_1,,ij,ji,False,YES,YES,NO,configs/gemm/gemm_0194.json,reports/gemm/gemm_0194/csynth.xml,,,NO,
gemm_0195,64,64,64,8,1,1,option_1,,ji,ij,False,YES,YES,NO,configs/gemm/gemm_0195.json,reports/gemm/gemm_0195/csynth.xml,,,NO,
gemm_0196,64,64,64,8,1,1,option_1,,ji,ji,False,YES,YES,YES,configs/gemm/gemm_0196.json,reports/gemm/gemm_0196/csynth.xml,reports/gemm/gemm_0196/export_impl.xml,reports/gemm/gemm_0196/power_routed.rpt,NO,
gemm_0197,64,64,64,8,1,1,option_1,,ij,ij,True,YES,YES,NO,configs/gemm/gemm_0197.json,reports/gemm/gemm_0197/csynth.xml,,,NO,
gemm_0198,64,64,64,8,1,1,option_1,,ij,ji,True,YES,YES,NO,configs/gemm/gemm_0198.json,reports/gemm/gemm_0198/csynth.xml,,,NO,
gemm_0199,64,64,64,8,1,1,option_1,,ji,ij,True,YES,YES,NO,configs/gemm/gemm_0199.json,reports/gemm/gemm_0199/csynth.xml,,,NO,
gemm_0200,64,64,64,8,1,1,option_1,,ji,ji,True,YES,YES,YES,configs/gemm/gemm_0200.json,reports/gemm/gemm_0200/csynth.xml,reports/gemm/gemm_0200/export_impl.xml,reports/gemm/gemm_0200/power_routed.rpt,NO,
gemm_0201,64,64,64,8,1,1,option_2,ijk,ij,,False,YES,YES,NO,configs/gemm/gemm_0201.json,reports/gemm/gemm_0201/csynth.xml,,,NO,
gemm_0202,64,64,64,8,1,1,option_2,ikj,ij,,False,YES,YES,NO,configs/gemm/gemm_0202.json,reports/gemm/gemm_0202/csynth.xml,,,NO,
gemm_0203,64,64,64,8,1,1,option_2,jik,ji,,False,YES,YES,NO,configs/gemm/gemm_0203.json,reports/gemm/gemm_0203/csynth.xml,,,NO,
gemm_0204,64,64,64,8,1,1,option_2,jki,ji,,False,YES,YES,NO,configs/gemm/gemm_0204.json,reports/gemm/gemm_0204/csynth.xml,,,NO,
gemm_0205,64,64,64,8,1,1,option_2,kij,ij,,False,YES,YES,YES,configs/gemm/gemm_0205.json,reports/gemm/gemm_0205/csynth.xml,reports/gemm/gemm_0205/export_impl.xml,reports/gemm/gemm_0205/power_routed.rpt,NO,
gemm_0206,64,64,64,8,1,1,option_2,kji,ji,,False,YES,YES,NO,configs/gemm/gemm_0206.json,reports/gemm/gemm_0206/csynth.xml,,,NO,
gemm_0207,64,64,64,8,1,1,option_2,ijk,ij,,True,YES,YES,NO,configs/gemm/gemm_0207.json,reports/gemm/gemm_0207/csynth.xml,,,NO,
gemm_0208,64,64,64,8,1,1,option_2,ikj,ij,,True,YES,YES,NO,configs/gemm/gemm_0208.json,reports/gemm/gemm_0208/csynth.xml,,,NO,
gemm_0209,64,64,64,8,1,1,option_2,jik,ji,,True,YES,YES,YES,configs/gemm/gemm_0209.json,reports/gemm/gemm_0209/csynth.xml,reports/gemm/gemm_0209/export_impl.xml,reports/gemm/gemm_0209/power_routed.rpt,NO,
gemm_0210,64,64,64,8,1,1,option_2,jki,ji,,True,YES,YES,NO,configs/gemm/gemm_0210.json,reports/gemm/gemm_0210/csynth.xml,,,NO,
gemm_0211,64,64,64,8,1,1,option_2,kij,ij,,True,YES,YES,NO,configs/gemm/gemm_0211.json,reports/gemm/gemm_0211/csynth.xml,,,NO,
gemm_0212,64,64,64,8,1,1,option_2,kji,ji,,True,YES,YES,NO,configs/gemm/gemm_0212.json,reports/gemm/gemm_0212/csynth.xml,,,NO,
gemm_0213,64,64,64,8,1,1,option_3,ijk,ij,,False,YES,YES,NO,configs/gemm/gemm_0213.json,reports/gemm/gemm_0213/csynth.xml,,,NO,
gemm_0214,64,64,64,8,1,1,option_3,ikj,ij,,False,YES,YES,NO,configs/gemm/gemm_0214.json,reports/gemm/gemm_0214/csynth.xml,,,NO,
gemm_0215,64,64,64,8,1,1,option_3,jik,ji,,False,YES,YES,NO,configs/gemm/gemm_0215.json,reports/gemm/gemm_0215/csynth.xml,,,NO,
gemm_0216,64,64,64,8,1,1,option_3,jki,ji,,False,YES,YES,NO,configs/gemm/gemm_0216.json,reports/gemm/gemm_0216/csynth.xml,,,NO,
gemm_0217,64,64,64,8,1,1,option_3,kij,ij,,False,YES,YES,NO,configs/gemm/gemm_0217.json,reports/gemm/gemm_0217/csynth.xml,,,NO,
gemm_0218,64,64,64,8,1,1,option_3,kji,ji,,False,YES,YES,YES,configs/gemm/gemm_0218.json,reports/gemm/gemm_0218/csynth.xml,reports/gemm/gemm_0218/export_impl.xml,reports/gemm/gemm_0218/power_routed.rpt,NO,
gemm_0219,64,64,64,8,1,1,option_3,ijk,ij,,True,YES,YES,NO,configs/gemm/gemm_0219.json,reports/gemm/gemm_0219/csynth.xml,,,NO,
gemm_0220,64,64,64,8,1,1,option_3,ikj,ij,,True,YES,YES,NO,configs/gemm/gemm_0220.json,reports/gemm/gemm_0220/csynth.xml,,,NO,
gemm_0221,64,64,64,8,1,1,option_3,jik,ji,,True,YES,YES,NO,configs/gemm/gemm_0221.json,reports/gemm/gemm_0221/csynth.xml,,,NO,
gemm_0222,64,64,64,8,1,1,option_3,jki,ji,,True,YES,YES,NO,configs/gemm/gemm_0222.json,reports/gemm/gemm_0222/csynth.xml,,,NO,
gemm_0223,64,64,64,8,1,1,option_3,kij,ij,,True,YES,YES,NO,configs/gemm/gemm_0223.json,reports/gemm/gemm_0223/csynth.xml,,,NO,
gemm_0224,64,64,64,8,1,1,option_3,kji,ji,,True,YES,YES,NO,configs/gemm/gemm_0224.json,reports/gemm/gemm_0224/csynth.xml,,,NO,
gemm_0225,64,64,64,8,1,1,option_4,,ij,ij,False,YES,YES,NO,configs/gemm/gemm_0225.json,reports/gemm/gemm_0225/csynth.xml,,,NO,
gemm_0226,64,64,64,8,1,1,option_4,,ij,ji,False,YES,YES,YES,configs/gemm/gemm_0226.json,reports/gemm/gemm_0226/csynth.xml,reports/gemm/gemm_0226/export_impl.xml,reports/gemm/gemm_0226/power_routed.rpt,NO,
gemm_0227,64,64,64,8,1,1,option_4,,ji,ij,False,YES,YES,NO,configs/gemm/gemm_0227.json,reports/gemm/gemm_0227/csynth.xml,,,NO,
gemm_0228,64,64,64,8,1,1,option_4,,ji,ji,False,YES,YES,NO,configs/gemm/gemm_0228.json,reports/gemm/gemm_0228/csynth.xml,,,NO,
gemm_0229,64,64,64,8,1,1,option_4,,ij,ij,True,YES,YES,YES,configs/gemm/gemm_0229.json,reports/gemm/gemm_0229/csynth.xml,reports/gemm/gemm_0229/export_impl.xml,reports/gemm/gemm_0229/power_routed.rpt,NO,
gemm_0230,64,64,64,8,1,1,option_4,,ij,ji,True,YES,YES,NO,configs/gemm/gemm_0230.json,reports/gemm/gemm_0230/csynth.xml,,,NO,
gemm_0231,64,64,64,8,1,1,option_4,,ji,ij,True,YES,YES,NO,configs/gemm/gemm_0231.json,reports/gemm/gemm_0231/csynth.xml,,,NO,
gemm_0232,64,64,64,8,1,1,option_4,,ji,ji,True,YES,YES,NO,configs/gemm/gemm_0232.json,reports/gemm/gemm_0232/csynth.xml,,,NO,
gemm_0233,64,64,64,8,1,1,option_5,,ij,ij,False,YES,YES,YES,configs/gemm/gemm_0233.json,reports/gemm/gemm_0233/csynth.xml,reports/gemm/gemm_0233/export_impl.xml,reports/gemm/gemm_0233/power_routed.rpt,NO,
gemm_0234,64,64,64,8,1,1,option_5,,ij,ji,False,YES,YES,NO,configs/gemm/gemm_0234.json,reports/gemm/gemm_0234/csynth.xml,,,NO,
gemm_0235,64,64,64,8,1,1,option_5,,ji,ij,False,YES,YES,NO,configs/gemm/gemm_0235.json,reports/gemm/gemm_0235/csynth.xml,,,NO,
gemm_0236,64,64,64,8,1,1,option_5,,ji,ji,False,YES,YES,NO,configs/gemm/gemm_0236.json,reports/gemm/gemm_0236/csynth.xml,,,NO,
gemm_0237,64,64,64,8,1,1,option_5,,ij,ij,True,YES,YES,NO,configs/gemm/gemm_0237.json,reports/gemm/gemm_0237/csynth.xml,,,NO,
gemm_0238,64,64,64,8,1,1,option_5,,ij,ji,True,YES,YES,YES,configs/gemm/gemm_0238.json,reports/gemm/gemm_0238/csynth.xml,reports/gemm/gemm_0238/export_impl.xml,reports/gemm/gemm_0238/power_routed.rpt,NO,
gemm_0239,64,64,64,8,1,1,option_5,,ji,ij,True,YES,YES,NO,configs/gemm/gemm_0239.json,reports/gemm/gemm_0239/csynth.xml,,,NO,
gemm_0240,64,64,64,8,1,1,option_5,,ji,ji,True,YES,YES,NO,configs/gemm/gemm_0240.json,reports/gemm/gemm_0240/csynth.xml,,,NO,
gemm_0241,64,64,64,8,1,8,option_1,,ij,ij,False,YES,YES,NO,configs/gemm/gemm_0241.json,reports/gemm/gemm_0241/csynth.xml,,,NO,
gemm_0242,64,64,64,8,1,8,option_1,,ij,ji,False,YES,YES,NO,configs/gemm/gemm_0242.json,reports/gemm/gemm_0242/csynth.xml,,,NO,
gemm_0243,64,64,64,8,1,8,option_1,,ji,ij,False,YES,YES,NO,configs/gemm/gemm_0243.json,reports/gemm/gemm_0243/csynth.xml,,,NO,
gemm_0244,64,64,64,8,1,8,option_1,,ji,ji,False,YES,YES,NO,configs/gemm/gemm_0244.json,reports/gemm/gemm_0244/csynth.xml,,,NO,
gemm_0245,64,64,64,8,1,8,option_1,,ij,ij,True,YES,YES,NO,configs/gemm/gemm_0245.json,reports/gemm/gemm_0245/csynth.xml,,,NO,
gemm_0246,64,64,64,8,1,8,option_1,,ij,ji,True,YES,YES,YES,configs/gemm/gemm_0246.json,reports/gemm/gemm_0246/csynth.xml,reports/gemm/gemm_0246/export_impl.xml,reports/gemm/gemm_0246/power_routed.rpt,NO,
gemm_0247,64,64,64,8,1,8,option_1,,ji,ij,True,YES,YES,YES,configs/gemm/gemm_0247.json,reports/gemm/gemm_0247/csynth.xml,reports/gemm/gemm_0247/export_impl.xml,reports/gemm/gemm_0247/power_routed.rpt,NO,
gemm_0248,64,64,64,8,1,8,option_1,,ji,ji,True,YES,YES,NO,configs/gemm/gemm_0248.json,reports/gemm/gemm_0248/csynth.xml,,,NO,
gemm_0249,64,64,64,8,1,8,option_2,ijk,ij,,False,YES,YES,YES,configs/gemm/gemm_0249.json,reports/gemm/gemm_0249/csynth.xml,reports/gemm/gemm_0249/export_impl.xml,reports/gemm/gemm_0249/power_routed.rpt,NO,
gemm_0250,64,64,64,8,1,8,option_2,ikj,ij,,False,YES,YES,NO,configs/gemm/gemm_0250.json,reports/gemm/gemm_0250/csynth.xml,,,NO,
gemm_0251,64,64,64,8,1,8,option_2,jik,ji,,False,YES,YES,YES,configs/gemm/gemm_0251.json,reports/gemm/gemm_0251/csynth.xml,reports/gemm/gemm_0251/export_impl.xml,reports/gemm/gemm_0251/power_routed.rpt,NO,
gemm_0252,64,64,64,8,1,8,option_2,jki,ji,,False,YES,YES,NO,configs/gemm/gemm_0252.json,reports/gemm/gemm_0252/csynth.xml,,,NO,
gemm_0253,64,64,64,8,1,8,option_2,kij,ij,,False,YES,YES,NO,configs/gemm/gemm_0253.json,reports/gemm/gemm_0253/csynth.xml,,,NO,
gemm_0254,64,64,64,8,1,8,option_2,kji,ji,,False,YES,YES,NO,configs/gemm/gemm_0254.json,reports/gemm/gemm_0254/csynth.xml,,,NO,
gemm_0255,64,64,64,8,1,8,option_2,ijk,ij,,True,YES,YES,NO,configs/gemm/gemm_0255.json,reports/gemm/gemm_0255/csynth.xml,,,NO,
gemm_0256,64,64,64,8,1,8,option_2,ikj,ij,,True,YES,YES,NO,configs/gemm/gemm_0256.json,reports/gemm/gemm_0256/csynth.xml,,,NO,
gemm_0257,64,64,64,8,1,8,option_2,jik,ji,,True,YES,YES,NO,configs/gemm/gemm_0257.json,reports/gemm/gemm_0257/csynth.xml,,,NO,
gemm_0258,64,64,64,8,1,8,option_2,jki,ji,,True,YES,YES,NO,configs/gemm/gemm_0258.json,reports/gemm/gemm_0258/csynth.xml,,,NO,
gemm_0259,64,64,64,8,1,8,option_2,kij,ij,,True,YES,YES,YES,configs/gemm/gemm_0259.json,reports/gemm/gemm_0259/csynth.xml,reports/gemm/gemm_0259/export_impl.xml,reports/gemm/gemm_0259/power_routed.rpt,NO,
gemm_0260,64,64,64,8,1,8,option_2,kji,ji,,True,YES,YES,NO,configs/gemm/gemm_0260.json,reports/gemm/gemm_0260/csynth.xml,,,NO,
gemm_0261,64,64,64,8,1,8,option_3,ijk,ij,,False,YES,YES,NO,configs/gemm/gemm_0261.json,reports/gemm/gemm_0261/csynth.xml,,,NO,
gemm_0262,64,64,64,8,1,8,option_3,ikj,ij,,False,YES,YES,NO,configs/gemm/gemm_0262.json,reports/gemm/gemm_0262/csynth.xml,,,NO,
gemm_0263,64,64,64,8,1,8,option_3,jik,ji,,False,YES,YES,NO,configs/gemm/gemm_0263.json,reports/gemm/gemm_0263/csynth.xml,,,NO,
gemm_0264,64,64,64,8,1,8,option_3,jki,ji,,False,YES,YES,NO,configs/gemm/gemm_0264.json,reports/gemm/gemm_0264/csynth.xml,,,NO,
gemm_0265,64,64,64,8,1,8,option_3,kij,ij,,False,YES,YES,YES,configs/gemm/gemm_0265.json,reports/gemm/gemm_0265/csynth.xml,reports/gemm/gemm_0265/export_impl.xml,reports/gemm/gemm_0265/power_routed.rpt,NO,
gemm_0266,64,64,64,8,1,8,option_3,kji,ji,,False,YES,YES,NO,configs/gemm/gemm_0266.json,reports/gemm/gemm_0266/csynth.xml,,,NO,
gemm_0267,64,64,64,8,1,8,option_3,ijk,ij,,True,YES,YES,NO,configs/gemm/gemm_0267.json,reports/gemm/gemm_0267/csynth.xml,,,NO,
gemm_0268,64,64,64,8,1,8,option_3,ikj,ij,,True,YES,YES,NO,configs/gemm/gemm_0268.json,reports/gemm/gemm_0268/csynth.xml,,,NO,
gemm_0269,64,64,64,8,1,8,option_3,jik,ji,,True,YES,YES,NO,configs/gemm/gemm_0269.json,reports/gemm/gemm_0269/csynth.xml,,,NO,
gemm_0270,64,64,64,8,1,8,option_3,jki,ji,,True,YES,YES,YES,configs/gemm/gemm_0270.json,reports/gemm/gemm_0270/csynth.xml,reports/gemm/gemm_0270/export_impl.xml,reports/gemm/gemm_0270/power_routed.rpt,NO,
gemm_0271,64,64,64,8,1,8,option_3,kij,ij,,True,YES,YES,NO,configs/gemm/gemm_0271.json,reports/gemm/gemm_0271/csynth.xml,,,NO,
gemm_0272,64,64,64,8,1,8,option_3,kji,ji,,True,YES,YES,NO,configs/gemm/gemm_0272.json,reports/gemm/gemm_0272/csynth.xml,,,NO,
gemm_0273,64,64,64,8,1,8,option_4,,ij,ij,False,YES,YES,NO,configs/gemm/gemm_0273.json,reports/gemm/gemm_0273/csynth.xml,,,NO,
gemm_0274,64,64,64,8,1,8,option_4,,ij,ji,False,YES,YES,NO,configs/gemm/gemm_0274.json,reports/gemm/gemm_0274/csynth.xml,,,NO,
gemm_0275,64,64,64,8,1,8,option_4,,ji,ij,False,YES,YES,NO,configs/gemm/gemm_0275.json,reports/gemm/gemm_0275/csynth.xml,,,NO,
gemm_0276,64,64,64,8,1,8,option_4,,ji,ji,False,YES,YES,NO,configs/gemm/gemm_0276.json,reports/gemm/gemm_0276/csynth.xml,,,NO,
gemm_0277,64,64,64,8,1,8,option_4,,ij,ij,True,YES,YES,NO,configs/gemm/gemm_0277.json,reports/gemm/gemm_0277/csynth.xml,,,NO,
gemm_0278,64,64,64,8,1,8,option_4,,ij,ji,True,YES,YES,NO,configs/gemm/gemm_0278.json,reports/gemm/gemm_0278/csynth.xml,,,NO,
gemm_0279,64,64,64,8,1,8,option_4,,ji,ij,True,YES,YES,NO,configs/gemm/gemm_0279.json,reports/gemm/gemm_0279/csynth.xml,,,NO,
gemm_0280,64,64,64,8,1,8,option_4,,ji,ji,True,YES,YES,NO,configs/gemm/gemm_0280.json,reports/gemm/gemm_0280/csynth.xml,,,NO,
gemm_0281,64,64,64,8,1,8,option_5,,ij,ij,False,YES,YES,NO,configs/gemm/gemm_0281.json,reports/gemm/gemm_0281/csynth.xml,,,NO,
gemm_0282,64,64,64,8,1,8,option_5,,ij,ji,False,YES,YES,NO,configs/gemm/gemm_0282.json,reports/gemm/gemm_0282/csynth.xml,,,NO,
gemm_0283,64,64,64,8,1,8,option_5,,ji,ij,False,YES,YES,NO,configs/gemm/gemm_0283.json,reports/gemm/gemm_0283/csynth.xml,,,NO,
gemm_0284,64,64,64,8,1,8,option_5,,ji,ji,False,YES,YES,NO,configs/gemm/gemm_0284.json,reports/gemm/gemm_0284/csynth.xml,,,NO,
gemm_0285,64,64,64,8,1,8,option_5,,ij,ij,True,YES,YES,NO,configs/gemm/gemm_0285.json,reports/gemm/gemm_0285/csynth.xml,,,NO,
gemm_0286,64,64,64,8,1,8,option_5,,ij,ji,True,YES,YES,NO,configs/gemm/gemm_0286.json,reports/gemm/gemm_0286/csynth.xml,,,NO,
gemm_0287,64,64,64,8,1,8,option_5,,ji,ij,True,YES,YES,NO,configs/gemm/gemm_0287.json,reports/gemm/gemm_0287/csynth.xml,,,NO,
gemm_0288,64,64,64,8,1,8,option_5,,ji,ji,True,YES,YES,NO,configs/gemm/gemm_0288.json,reports/gemm/gemm_0288/csynth.xml,,,NO,
gemm_0289,64,64,64,8,8,1,option_1,,ij,ij,False,YES,YES,NO,configs/gemm/gemm_0289.json,reports/gemm/gemm_0289/csynth.xml,,,NO,
gemm_0290,64,64,64,8,8,1,option_1,,ij,ji,False,YES,YES,NO,configs/gemm/gemm_0290.json,reports/gemm/gemm_0290/csynth.xml,,,NO,
gemm_0291,64,64,64,8,8,1,option_1,,ji,ij,False,YES,YES,YES,configs/gemm/gemm_0291.json,reports/gemm/gemm_0291/csynth.xml,reports/gemm/gemm_0291/export_impl.xml,reports/gemm/gemm_0291/power_routed.rpt,NO,
gemm_0292,64,64,64,8,8,1,option_1,,ji,ji,False,YES,YES,NO,configs/gemm/gemm_0292.json,reports/gemm/gemm_0292/csynth.xml,,,NO,
gemm_0293,64,64,64,8,8,1,option_1,,ij,ij,True,YES,YES,NO,configs/gemm/gemm_0293.json,reports/gemm/gemm_0293/csynth.xml,,,NO,
gemm_0294,64,64,64,8,8,1,option_1,,ij,ji,True,YES,YES,NO,configs/gemm/gemm_0294.json,reports/gemm/gemm_0294/csynth.xml,,,NO,
gemm_0295,64,64,64,8,8,1,option_1,,ji,ij,True,YES,YES,YES,configs/gemm/gemm_0295.json,reports/gemm/gemm_0295/csynth.xml,reports/gemm/gemm_0295/export_impl.xml,reports/gemm/gemm_0295/power_routed.rpt,NO,
gemm_0296,64,64,64,8,8,1,option_1,,ji,ji,True,YES,YES,NO,configs/gemm/gemm_0296.json,reports/gemm/gemm_0296/csynth.xml,,,NO,
gemm_0297,64,64,64,8,8,1,option_2,ijk,ij,,False,YES,YES,YES,configs/gemm/gemm_0297.json,reports/gemm/gemm_0297/csynth.xml,reports/gemm/gemm_0297/export_impl.xml,reports/gemm/gemm_0297/power_routed.rpt,NO,
gemm_0298,64,64,64,8,8,1,option_2,ikj,ij,,False,YES,YES,NO,configs/gemm/gemm_0298.json,reports/gemm/gemm_0298/csynth.xml,,,NO,
gemm_0299,64,64,64,8,8,1,option_2,jik,ji,,False,YES,YES,YES,configs/gemm/gemm_0299.json,reports/gemm/gemm_0299/csynth.xml,reports/gemm/gemm_0299/export_impl.xml,reports/gemm/gemm_0299/power_routed.rpt,NO,
gemm_0300,64,64,64,8,8,1,option_2,jki,ji,,False,YES,YES,NO,configs/gemm/gemm_0300.json,reports/gemm/gemm_0300/csynth.xml,,,NO,
gemm_0301,64,64,64,8,8,1,option_2,kij,ij,,False,YES,YES,YES,configs/gemm/gemm_0301.json,reports/gemm/gemm_0301/csynth.xml,reports/gemm/gemm_0301/export_impl.xml,reports/gemm/gemm_0301/power_routed.rpt,NO,
gemm_0302,64,64,64,8,8,1,option_2,kji,ji,,False,YES,YES,NO,configs/gemm/gemm_0302.json,reports/gemm/gemm_0302/csynth.xml,,,NO,
gemm_0303,64,64,64,8,8,1,option_2,ijk,ij,,True,YES,YES,YES,configs/gemm/gemm_0303.json,reports/gemm/gemm_0303/csynth.xml,reports/gemm/gemm_0303/export_impl.xml,reports/gemm/gemm_0303/power_routed.rpt,NO,
gemm_0304,64,64,64,8,8,1,option_2,ikj,ij,,True,YES,YES,NO,configs/gemm/gemm_0304.json,reports/gemm/gemm_0304/csynth.xml,,,NO,
gemm_0305,64,64,64,8,8,1,option_2,jik,ji,,True,YES,YES,NO,configs/gemm/gemm_0305.json,reports/gemm/gemm_0305/csynth.xml,,,NO,
gemm_0306,64,64,64,8,8,1,option_2,jki,ji,,True,YES,YES,NO,configs/gemm/gemm_0306.json,reports/gemm/gemm_0306/csynth.xml,,,NO,
gemm_0307,64,64,64,8,8,1,option_2,kij,ij,,True,YES,YES,NO,configs/gemm/gemm_0307.json,reports/gemm/gemm_0307/csynth.xml,,,NO,
gemm_0308,64,64,64,8,8,1,option_2,kji,ji,,True,YES,YES,NO,configs/gemm/gemm_0308.json,reports/gemm/gemm_0308/csynth.xml,,,NO,
gemm_0309,64,64,64,8,8,1,option_3,ijk,ij,,False,YES,YES,NO,configs/gemm/gemm_0309.json,reports/gemm/gemm_0309/csynth.xml,,,NO,
gemm_0310,64,64,64,8,8,1,option_3,ikj,ij,,False,YES,YES,NO,configs/gemm/gemm_0310.json,reports/gemm/gemm_0310/csynth.xml,,,NO,
gemm_0311,64,64,64,8,8,1,option_3,jik,ji,,False,YES,YES,NO,configs/gemm/gemm_0311.json,reports/gemm/gemm_0311/csynth.xml,,,NO,
gemm_0312,64,64,64,8,8,1,option_3,jki,ji,,False,YES,YES,NO,configs/gemm/gemm_0312.json,reports/gemm/gemm_0312/csynth.xml,,,NO,
gemm_0313,64,64,64,8,8,1,option_3,kij,ij,,False,YES,YES,NO,configs/gemm/gemm_0313.json,reports/gemm/gemm_0313/csynth.xml,,,NO,
gemm_0314,64,64,64,8,8,1,option_3,kji,ji,,False,YES,YES,YES,configs/gemm/gemm_0314.json,reports/gemm/gemm_0314/csynth.xml,reports/gemm/gemm_0314/export_impl.xml,reports/gemm/gemm_0314/power_routed.rpt,NO,
gemm_0315,64,64,64,8,8,1,option_3,ijk,ij,,True,YES,YES,YES,configs/gemm/gemm_0315.json,reports/gemm/gemm_0315/csynth.xml,reports/gemm/gemm_0315/export_impl.xml,reports/gemm/gemm_0315/power_routed.rpt,NO,
gemm_0316,64,64,64,8,8,1,option_3,ikj,ij,,True,YES,YES,NO,configs/gemm/gemm_0316.json,reports/gemm/gemm_0316/csynth.xml,,,NO,
gemm_0317,64,64,64,8,8,1,option_3,jik,ji,,True,YES,YES,YES,configs/gemm/gemm_0317.json,reports/gemm/gemm_0317/csynth.xml,reports/gemm/gemm_0317/export_impl.xml,reports/gemm/gemm_0317/power_routed.rpt,NO,
gemm_0318,64,64,64,8,8,1,option_3,jki,ji,,True,YES,YES,NO,configs/gemm/gemm_0318.json,reports/gemm/gemm_0318/csynth.xml,,,NO,
gemm_0319,64,64,64,8,8,1,option_3,kij,ij,,True,YES,YES,YES,configs/gemm/gemm_0319.json,reports/gemm/gemm_0319/csynth.xml,reports/gemm/gemm_0319/export_impl.xml,reports/gemm/gemm_0319/power_routed.rpt,NO,
gemm_0320,64,64,64,8,8,1,option_3,kji,ji,,True,YES,YES,NO,configs/gemm/gemm_0320.json,reports/gemm/gemm_0320/csynth.xml,,,NO,
gemm_0321,64,64,64,8,8,1,option_4,,ij,ij,False,YES,YES,NO,configs/gemm/gemm_0321.json,reports/gemm/gemm_0321/csynth.xml,,,NO,
gemm_0322,64,64,64,8,8,1,option_4,,ij,ji,False,YES,YES,YES,configs/gemm/gemm_0322.json,reports/gemm/gemm_0322/csynth.xml,reports/gemm/gemm_0322/export_impl.xml,reports/gemm/gemm_0322/power_routed.rpt,NO,
gemm_0323,64,64,64,8,8,1,option_4,,ji,ij,False,YES,YES,NO,configs/gemm/gemm_0323.json,reports/gemm/gemm_0323/csynth.xml,,,NO,
gemm_0324,64,64,64,8,8,1,option_4,,ji,ji,False,YES,YES,NO,configs/gemm/gemm_0324.json,reports/gemm/gemm_0324/csynth.xml,,,NO,
gemm_0325,64,64,64,8,8,1,option_4,,ij,ij,True,YES,YES,NO,configs/gemm/gemm_0325.json,reports/gemm/gemm_0325/csynth.xml,,,NO,
gemm_0326,64,64,64,8,8,1,option_4,,ij,ji,True,YES,YES,NO,configs/gemm/gemm_0326.json,reports/gemm/gemm_0326/csynth.xml,,,NO,
gemm_0327,64,64,64,8,8,1,option_4,,ji,ij,True,YES,YES,NO,configs/gemm/gemm_0327.json,reports/gemm/gemm_0327/csynth.xml,,,NO,
gemm_0328,64,64,64,8,8,1,option_4,,ji,ji,True,YES,YES,NO,configs/gemm/gemm_0328.json,reports/gemm/gemm_0328/csynth.xml,,,NO,
gemm_0329,64,64,64,8,8,1,option_5,,ij,ij,False,YES,YES,NO,configs/gemm/gemm_0329.json,reports/gemm/gemm_0329/csynth.xml,,,NO,
gemm_0330,64,64,64,8,8,1,option_5,,ij,ji,False,YES,YES,NO,configs/gemm/gemm_0330.json,reports/gemm/gemm_0330/csynth.xml,,,NO,
gemm_0331,64,64,64,8,8,1,option_5,,ji,ij,False,YES,YES,NO,configs/gemm/gemm_0331.json,reports/gemm/gemm_0331/csynth.xml,,,NO,
gemm_0332,64,64,64,8,8,1,option_5,,ji,ji,False,YES,YES,NO,configs/gemm/gemm_0332.json,reports/gemm/gemm_0332/csynth.xml,,,NO,
gemm_0333,64,64,64,8,8,1,option_5,,ij,ij,True,YES,YES,YES,configs/gemm/gemm_0333.json,reports/gemm/gemm_0333/csynth.xml,reports/gemm/gemm_0333/export_impl.xml,reports/gemm/gemm_0333/power_routed.rpt,NO,
gemm_0334,64,64,64,8,8,1,option_5,,ij,ji,True,YES,YES,YES,configs/gemm/gemm_0334.json,reports/gemm/gemm_0334/csynth.xml,reports/gemm/gemm_0334/export_impl.xml,reports/gemm/gemm_0334/power_routed.rpt,NO,
gemm_0335,64,64,64,8,8,1,option_5,,ji,ij,True,YES,YES,NO,configs/gemm/gemm_0335.json,reports/gemm/gemm_0335/csynth.xml,,,NO,
gemm_0336,64,64,64,8,8,1,option_5,,ji,ji,True,YES,YES,NO,configs/gemm/gemm_0336.json,reports/gemm/gemm_0336/csynth.xml,,,NO,
gemm_0337,64,64,64,8,8,8,option_1,,ij,ij,False,YES,YES,NO,configs/gemm/gemm_0337.json,reports/gemm/gemm_0337/csynth.xml,,,NO,
gemm_0338,64,64,64,8,8,8,option_1,,ij,ji,False,YES,YES,NO,configs/gemm/gemm_0338.json,reports/gemm/gemm_0338/csynth.xml,,,NO,
gemm_0339,64,64,64,8,8,8,option_1,,ji,ij,False,YES,YES,NO,configs/gemm/gemm_0339.json,reports/gemm/gemm_0339/csynth.xml,,,NO,
gemm_0340,64,64,64,8,8,8,option_1,,ji,ji,False,YES,YES,NO,configs/gemm/gemm_0340.json,reports/gemm/gemm_0340/csynth.xml,,,NO,
gemm_0341,64,64,64,8,8,8,option_1,,ij,ij,True,YES,YES,NO,configs/gemm/gemm_0341.json,reports/gemm/gemm_0341/csynth.xml,,,NO,
gemm_0342,64,64,64,8,8,8,option_1,,ij,ji,True,YES,YES,NO,configs/gemm/gemm_0342.json,reports/gemm/gemm_0342/csynth.xml,,,NO,
gemm_0343,64,64,64,8,8,8,option_1,,ji,ij,True,YES,YES,NO,configs/gemm/gemm_0343.json,reports/gemm/gemm_0343/csynth.xml,,,NO,
gemm_0344,64,64,64,8,8,8,option_1,,ji,ji,True,YES,YES,NO,configs/gemm/gemm_0344.json,reports/gemm/gemm_0344/csynth.xml,,,NO,
gemm_0345,64,64,64,8,8,8,option_2,ijk,ij,,False,YES,YES,NO,configs/gemm/gemm_0345.json,reports/gemm/gemm_0345/csynth.xml,,,NO,
gemm_0346,64,64,64,8,8,8,option_2,ikj,ij,,False,YES,YES,YES,configs/gemm/gemm_0346.json,reports/gemm/gemm_0346/csynth.xml,reports/gemm/gemm_0346/export_impl.xml,reports/gemm/gemm_0346/power_routed.rpt,NO,
gemm_0347,64,64,64,8,8,8,option_2,jik,ji,,False,YES,YES,NO,configs/gemm/gemm_0347.json,reports/gemm/gemm_0347/csynth.xml,,,NO,
gemm_0348,64,64,64,8,8,8,option_2,jki,ji,,False,YES,YES,YES,configs/gemm/gemm_0348.json,reports/gemm/gemm_0348/csynth.xml,reports/gemm/gemm_0348/export_impl.xml,reports/gemm/gemm_0348/power_routed.rpt,NO,
gemm_0349,64,64,64,8,8,8,option_2,kij,ij,,False,YES,YES,YES,configs/gemm/gemm_0349.json,reports/gemm/gemm_0349/csynth.xml,reports/gemm/gemm_0349/export_impl.xml,reports/gemm/gemm_0349/power_routed.rpt,NO,
gemm_0350,64,64,64,8,8,8,option_2,kji,ji,,False,YES,YES,NO,configs/gemm/gemm_0350.json,reports/gemm/gemm_0350/csynth.xml,,,NO,
gemm_0351,64,64,64,8,8,8,option_2,ijk,ij,,True,YES,YES,NO,configs/gemm/gemm_0351.json,reports/gemm/gemm_0351/csynth.xml,,,NO,
gemm_0352,64,64,64,8,8,8,option_2,ikj,ij,,True,YES,YES,NO,configs/gemm/gemm_0352.json,reports/gemm/gemm_0352/csynth.xml,,,NO,
gemm_0353,64,64,64,8,8,8,option_2,jik,ji,,True,YES,YES,NO,configs/gemm/gemm_0353.json,reports/gemm/gemm_0353/csynth.xml,,,NO,
gemm_0354,64,64,64,8,8,8,option_2,jki,ji,,True,YES,YES,NO,configs/gemm/gemm_0354.json,reports/gemm/gemm_0354/csynth.xml,,,NO,
gemm_0355,64,64,64,8,8,8,option_2,kij,ij,,True,YES,YES,NO,configs/gemm/gemm_0355.json,reports/gemm/gemm_0355/csynth.xml,,,NO,
gemm_0356,64,64,64,8,8,8,option_2,kji,ji,,True,YES,YES,YES,configs/gemm/gemm_0356.json,reports/gemm/gemm_0356/csynth.xml,reports/gemm/gemm_0356/export_impl.xml,reports/gemm/gemm_0356/power_routed.rpt,NO,
gemm_0357,64,64,64,8,8,8,option_3,ijk,ij,,False,YES,YES,NO,configs/gemm/gemm_0357.json,reports/gemm/gemm_0357/csynth.xml,,,NO,
gemm_0358,64,64,64,8,8,8,option_3,ikj,ij,,False,YES,YES,YES,configs/gemm/gemm_0358.json,reports/gemm/gemm_0358/csynth.xml,reports/gemm/gemm_0358/export_impl.xml,reports/gemm/gemm_0358/power_routed.rpt,NO,
gemm_0359,64,64,64,8,8,8,option_3,jik,ji,,False,YES,YES,NO,configs/gemm/gemm_0359.json,reports/gemm/gemm_0359/csynth.xml,,,NO,
gemm_0360,64,64,64,8,8,8,option_3,jki,ji,,False,YES,YES,NO,configs/gemm/gemm_0360.json,reports/gemm/gemm_0360/csynth.xml,,,NO,
gemm_0361,64,64,64,8,8,8,option_3,kij,ij,,False,YES,YES,NO,configs/gemm/gemm_0361.json,reports/gemm/gemm_0361/csynth.xml,,,NO,
gemm_0362,64,64,64,8,8,8,option_3,kji,ji,,False,YES,YES,NO,configs/gemm/gemm_0362.json,reports/gemm/gemm_0362/csynth.xml,,,NO,
gemm_0363,64,64,64,8,8,8,option_3,ijk,ij,,True,YES,YES,NO,configs/gemm/gemm_0363.json,reports/gemm/gemm_0363/csynth.xml,,,NO,
gemm_0364,64,64,64,8,8,8,option_3,ikj,ij,,True,YES,YES,YES,configs/gemm/gemm_0364.json,reports/gemm/gemm_0364/csynth.xml,reports/gemm/gemm_0364/export_impl.xml,reports/gemm/gemm_0364/power_routed.rpt,NO,
gemm_0365,64,64,64,8,8,8,option_3,jik,ji,,True,YES,YES,NO,configs/gemm/gemm_0365.json,reports/gemm/gemm_0365/csynth.xml,,,NO,
gemm_0366,64,64,64,8,8,8,option_3,jki,ji,,True,YES,YES,NO,configs/gemm/gemm_0366.json,reports/gemm/gemm_0366/csynth.xml,,,NO,
gemm_0367,64,64,64,8,8,8,option_3,kij,ij,,True,YES,YES,YES,configs/gemm/gemm_0367.json,reports/gemm/gemm_0367/csynth.xml,reports/gemm/gemm_0367/export_impl.xml,reports/gemm/gemm_0367/power_routed.rpt,NO,
gemm_0368,64,64,64,8,8,8,option_3,kji,ji,,True,YES,YES,NO,configs/gemm/gemm_0368.json,reports/gemm/gemm_0368/csynth.xml,,,NO,
gemm_0369,64,64,64,8,8,8,option_4,,ij,ij,False,YES,YES,NO,configs/gemm/gemm_0369.json,reports/gemm/gemm_0369/csynth.xml,,,NO,
gemm_0370,64,64,64,8,8,8,option_4,,ij,ji,False,YES,YES,NO,configs/gemm/gemm_0370.json,reports/gemm/gemm_0370/csynth.xml,,,NO,
gemm_0371,64,64,64,8,8,8,option_4,,ji,ij,False,YES,YES,NO,configs/gemm/gemm_0371.json,reports/gemm/gemm_0371/csynth.xml,,,NO,
gemm_0372,64,64,64,8,8,8,option_4,,ji,ji,False,YES,YES,YES,configs/gemm/gemm_0372.json,reports/gemm/gemm_0372/csynth.xml,reports/gemm/gemm_0372/export_impl.xml,reports/gemm/gemm_0372/power_routed.rpt,NO,
gemm_0373,64,64,64,8,8,8,option_4,,ij,ij,True,YES,YES,NO,configs/gemm/gemm_0373.json,reports/gemm/gemm_0373/csynth.xml,,,NO,
gemm_0374,64,64,64,8,8,8,option_4,,ij,ji,True,YES,YES,NO,configs/gemm/gemm_0374.json,reports/gemm/gemm_0374/csynth.xml,,,NO,
gemm_0375,64,64,64,8,8,8,option_4,,ji,ij,True,YES,YES,YES,configs/gemm/gemm_0375.json,reports/gemm/gemm_0375/csynth.xml,reports/gemm/gemm_0375/export_impl.xml,reports/gemm/gemm_0375/power_routed.rpt,NO,
gemm_0376,64,64,64,8,8,8,option_4,,ji,ji,True,YES,YES,NO,configs/gemm/gemm_0376.json,reports/gemm/gemm_0376/csynth.xml,,,NO,
gemm_0377,64,64,64,8,8,8,option_5,,ij,ij,False,YES,YES,NO,configs/gemm/gemm_0377.json,reports/gemm/gemm_0377/csynth.xml,,,NO,
gemm_0378,64,64,64,8,8,8,option_5,,ij,ji,False,YES,YES,YES,configs/gemm/gemm_0378.json,reports/gemm/gemm_0378/csynth.xml,reports/gemm/gemm_0378/export_impl.xml,reports/gemm/gemm_0378/power_routed.rpt,NO,
gemm_0379,64,64,64,8,8,8,option_5,,ji,ij,False,YES,YES,YES,configs/gemm/gemm_0379.json,reports/gemm/gemm_0379/csynth.xml,reports/gemm/gemm_0379/export_impl.xml,reports/gemm/gemm_0379/power_routed.rpt,NO,
gemm_0380,64,64,64,8,8,8,option_5,,ji,ji,False,YES,YES,NO,configs/gemm/gemm_0380.json,reports/gemm/gemm_0380/csynth.xml,,,NO,
gemm_0381,64,64,64,8,8,8,option_5,,ij,ij,True,YES,YES,NO,configs/gemm/gemm_0381.json,reports/gemm/gemm_0381/csynth.xml,,,NO,
gemm_0382,64,64,64,8,8,8,option_5,,ij,ji,True,YES,YES,NO,configs/gemm/gemm_0382.json,reports/gemm/gemm_0382/csynth.xml,,,NO,
gemm_0383,64,64,64,8,8,8,option_5,,ji,ij,True,YES,YES,NO,configs/gemm/gemm_0383.json,reports/gemm/gemm_0383/csynth.xml,,,NO,
gemm_0384,64,64,64,8,8,8,option_5,,ji,ji,True,YES,YES,NO,configs/gemm/gemm_0384.json,reports/gemm/gemm_0384/csynth.xml,,,NO,
gemm_0385,64,64,128,1,1,1,option_1,,ij,ij,False,YES,YES,YES,configs/gemm/gemm_0385.json,reports/gemm/gemm_0385/csynth.xml,reports/gemm/gemm_0385/export_impl.xml,reports/gemm/gemm_0385/power_routed.rpt,NO,
gemm_0386,64,64,128,1,1,1,option_1,,ij,ji,False,YES,YES,YES,configs/gemm/gemm_0386.json,reports/gemm/gemm_0386/csynth.xml,reports/gemm/gemm_0386/export_impl.xml,reports/gemm/gemm_0386/power_routed.rpt,NO,
gemm_0387,64,64,128,1,1,1,option_1,,ji,ij,False,YES,YES,YES,configs/gemm/gemm_0387.json,reports/gemm/gemm_0387/csynth.xml,reports/gemm/gemm_0387/export_impl.xml,reports/gemm/gemm_0387/power_routed.rpt,NO,
gemm_0388,64,64,128,1,1,1,option_1,,ji,ji,False,YES,YES,YES,configs/gemm/gemm_0388.json,reports/gemm/gemm_0388/csynth.xml,reports/gemm/gemm_0388/export_impl.xml,reports/gemm/gemm_0388/power_routed.rpt,NO,
gemm_0389,64,64,128,1,1,1,option_1,,ij,ij,True,YES,YES,YES,configs/gemm/gemm_0389.json,reports/gemm/gemm_0389/csynth.xml,reports/gemm/gemm_0389/export_impl.xml,reports/gemm/gemm_0389/power_routed.rpt,NO,
gemm_0390,64,64,128,1,1,1,option_1,,ij,ji,True,YES,YES,YES,configs/gemm/gemm_0390.json,reports/gemm/gemm_0390/csynth.xml,reports/gemm/gemm_0390/export_impl.xml,reports/gemm/gemm_0390/power_routed.rpt,NO,
gemm_0391,64,64,128,1,1,1,option_1,,ji,ij,True,YES,YES,YES,configs/gemm/gemm_0391.json,reports/gemm/gemm_0391/csynth.xml,reports/gemm/gemm_0391/export_impl.xml,reports/gemm/gemm_0391/power_routed.rpt,NO,
gemm_0392,64,64,128,1,1,1,option_1,,ji,ji,True,YES,YES,YES,configs/gemm/gemm_0392.json,reports/gemm/gemm_0392/csynth.xml,reports/gemm/gemm_0392/export_impl.xml,reports/gemm/gemm_0392/power_routed.rpt,NO,
gemm_0393,64,64,128,1,1,1,option_2,ijk,ij,,False,YES,YES,YES,configs/gemm/gemm_0393.json,reports/gemm/gemm_0393/csynth.xml,reports/gemm/gemm_0393/export_impl.xml,reports/gemm/gemm_0393/power_routed.rpt,NO,
gemm_0394,64,64,128,1,1,1,option_2,ikj,ij,,False,YES,YES,YES,configs/gemm/gemm_0394.json,reports/gemm/gemm_0394/csynth.xml,reports/gemm/gemm_0394/export_impl.xml,reports/gemm/gemm_0394/power_routed.rpt,NO,
gemm_0395,64,64,128,1,1,1,option_2,jik,ji,,False,YES,YES,YES,configs/gemm/gemm_0395.json,reports/gemm/gemm_0395/csynth.xml,reports/gemm/gemm_0395/export_impl.xml,reports/gemm/gemm_0395/power_routed.rpt,NO,
gemm_0396,64,64,128,1,1,1,option_2,jki,ji,,False,YES,YES,YES,configs/gemm/gemm_0396.json,reports/gemm/gemm_0396/csynth.xml,reports/gemm/gemm_0396/export_impl.xml,reports/gemm/gemm_0396/power_routed.rpt,NO,
gemm_0397,64,64,128,1,1,1,option_2,kij,ij,,False,YES,YES,YES,configs/gemm/gemm_0397.json,reports/gemm/gemm_0397/csynth.xml,reports/gemm/gemm_0397/export_impl.xml,reports/gemm/gemm_0397/power_routed.rpt,NO,
gemm_0398,64,64,128,1,1,1,option_2,kji,ji,,False,YES,YES,YES,configs/gemm/gemm_0398.json,reports/gemm/gemm_0398/csynth.xml,reports/gemm/gemm_0398/export_impl.xml,reports/gemm/gemm_0398/power_routed.rpt,NO,
gemm_0399,64,64,128,1,1,1,option_2,ijk,ij,,True,YES,YES,YES,configs/gemm/gemm_0399.json,reports/gemm/gemm_0399/csynth.xml,reports/gemm/gemm_0399/export_impl.xml,reports/gemm/gemm_0399/power_routed.rpt,NO,
gemm_0400,64,64,128,1,1,1,option_2,ikj,ij,,True,YES,YES,YES,configs/gemm/gemm_0400.json,reports/gemm/gemm_0400/csynth.xml,reports/gemm/gemm_0400/export_impl.xml,reports/gemm/gemm_0400/power_routed.rpt,NO,
gemm_0401,64,64,128,1,1,1,option_2,jik,ji,,True,YES,YES,YES,configs/gemm/gemm_0401.json,reports/gemm/gemm_0401/csynth.xml,reports/gemm/gemm_0401/export_impl.xml,reports/gemm/gemm_0401/power_routed.rpt,NO,
gemm_0402,64,64,128,1,1,1,option_2,jki,ji,,True,YES,YES,YES,configs/gemm/gemm_0402.json,reports/gemm/gemm_0402/csynth.xml,reports/gemm/gemm_0402/export_impl.xml,reports/gemm/gemm_0402/power_routed.rpt,NO,
gemm_0403,64,64,128,1,1,1,option_2,kij,ij,,True,YES,YES,YES,configs/gemm/gemm_0403.json,reports/gemm/gemm_0403/csynth.xml,reports/gemm/gemm_0403/export_impl.xml,reports/gemm/gemm_0403/power_routed.rpt,NO,
gemm_0404,64,64,128,1,1,1,option_2,kji,ji,,True,YES,YES,YES,configs/gemm/gemm_0404.json,reports/gemm/gemm_0404/csynth.xml,reports/gemm/gemm_0404/export_impl.xml,reports/gemm/gemm_0404/power_routed.rpt,NO,
gemm_0405,64,64,128,1,1,1,option_3,ijk,ij,,False,YES,YES,YES,configs/gemm/gemm_0405.json,reports/gemm/gemm_0405/csynth.xml,reports/gemm/gemm_0405/export_impl.xml,reports/gemm/gemm_0405/power_routed.rpt,NO,
gemm_0406,64,64,128,1,1,1,option_3,ikj,ij,,False,YES,YES,YES,configs/gemm/gemm_0406.json,reports/gemm/gemm_0406/csynth.xml,reports/gemm/gemm_0406/export_impl.xml,reports/gemm/gemm_0406/power_routed.rpt,NO,
gemm_0407,64,64,128,1,1,1,option_3,jik,ji,,False,YES,YES,YES,configs/gemm/gemm_0407.json,reports/gemm/gemm_0407/csynth.xml,reports/gemm/gemm_0407/export_impl.xml,reports/gemm/gemm_0407/power_routed.rpt,NO,
gemm_0408,64,64,128,1,1,1,option_3,jki,ji,,False,YES,YES,YES,configs/gemm/gemm_0408.json,reports/gemm/gemm_0408/csynth.xml,reports/gemm/gemm_0408/export_impl.xml,reports/gemm/gemm_0408/power_routed.rpt,NO,
gemm_0409,64,64,128,1,1,1,option_3,kij,ij,,False,YES,YES,YES,configs/gemm/gemm_0409.json,reports/gemm/gemm_0409/csynth.xml,reports/gemm/gemm_0409/export_impl.xml,reports/gemm/gemm_0409/power_routed.rpt,NO,
gemm_0410,64,64,128,1,1,1,option_3,kji,ji,,False,YES,YES,YES,configs/gemm/gemm_0410.json,reports/gemm/gemm_0410/csynth.xml,reports/gemm/gemm_0410/export_impl.xml,reports/gemm/gemm_0410/power_routed.rpt,NO,
gemm_0411,64,64,128,1,1,1,option_3,ijk,ij,,True,YES,YES,YES,configs/gemm/gemm_0411.json,reports/gemm/gemm_0411/csynth.xml,reports/gemm/gemm_0411/export_impl.xml,reports/gemm/gemm_0411/power_routed.rpt,NO,
gemm_0412,64,64,128,1,1,1,option_3,ikj,ij,,True,YES,YES,YES,configs/gemm/gemm_0412.json,reports/gemm/gemm_0412/csynth.xml,reports/gemm/gemm_0412/export_impl.xml,reports/gemm/gemm_0412/power_routed.rpt,NO,
gemm_0413,64,64,128,1,1,1,option_3,jik,ji,,True,YES,YES,YES,configs/gemm/gemm_0413.json,reports/gemm/gemm_0413/csynth.xml,reports/gemm/gemm_0413/export_impl.xml,reports/gemm/gemm_0413/power_routed.rpt,NO,
gemm_0414,64,64,128,1,1,1,option_3,jki,ji,,True,YES,YES,YES,configs/gemm/gemm_0414.json,reports/gemm/gemm_0414/csynth.xml,reports/gemm/gemm_0414/export_impl.xml,reports/gemm/gemm_0414/power_routed.rpt,NO,
gemm_0415,64,64,128,1,1,1,option_3,kij,ij,,True,YES,YES,YES,configs/gemm/gemm_0415.json,reports/gemm/gemm_0415/csynth.xml,reports/gemm/gemm_0415/export_impl.xml,reports/gemm/gemm_0415/power_routed.rpt,NO,
gemm_0416,64,64,128,1,1,1,option_3,kji,ji,,True,YES,YES,YES,configs/gemm/gemm_0416.json,reports/gemm/gemm_0416/csynth.xml,reports/gemm/gemm_0416/export_impl.xml,reports/gemm/gemm_0416/power_routed.rpt,NO,
gemm_0417,64,64,128,1,1,1,option_4,,ij,ij,False,YES,YES,YES,configs/gemm/gemm_0417.json,reports/gemm/gemm_0417/csynth.xml,reports/gemm/gemm_0417/export_impl.xml,reports/gemm/gemm_0417/power_routed.rpt,NO,
gemm_0418,64,64,128,1,1,1,option_4,,ij,ji,False,YES,YES,YES,configs/gemm/gemm_0418.json,reports/gemm/gemm_0418/csynth.xml,reports/gemm/gemm_0418/export_impl.xml,reports/gemm/gemm_0418/power_routed.rpt,NO,
gemm_0419,64,64,128,1,1,1,option_4,,ji,ij,False,YES,YES,YES,configs/gemm/gemm_0419.json,reports/gemm/gemm_0419/csynth.xml,reports/gemm/gemm_0419/export_impl.xml,reports/gemm/gemm_0419/power_routed.rpt,NO,
gemm_0420,64,64,128,1,1,1,option_4,,ji,ji,False,YES,YES,YES,configs/gemm/gemm_0420.json,reports/gemm/gemm_0420/csynth.xml,reports/gemm/gemm_0420/export_impl.xml,reports/gemm/gemm_0420/power_routed.rpt,NO,
gemm_0421,64,64,128,1,1,1,option_4,,ij,ij,True,YES,YES,YES,configs/gemm/gemm_0421.json,reports/gemm/gemm_0421/csynth.xml,reports/gemm/gemm_0421/export_impl.xml,reports/gemm/gemm_0421/power_routed.rpt,NO,
gemm_0422,64,64,128,1,1,1,option_4,,ij,ji,True,YES,YES,YES,configs/gemm/gemm_0422.json,reports/gemm/gemm_0422/csynth.xml,reports/gemm/gemm_0422/export_impl.xml,reports/gemm/gemm_0422/power_routed.rpt,NO,
gemm_0423,64,64,128,1,1,1,option_4,,ji,ij,True,YES,YES,YES,configs/gemm/gemm_0423.json,reports/gemm/gemm_0423/csynth.xml,reports/gemm/gemm_0423/export_impl.xml,reports/gemm/gemm_0423/power_routed.rpt,NO,
gemm_0424,64,64,128,1,1,1,option_4,,ji,ji,True,YES,YES,YES,configs/gemm/gemm_0424.json,reports/gemm/gemm_0424/csynth.xml,reports/gemm/gemm_0424/export_impl.xml,reports/gemm/gemm_0424/power_routed.rpt,NO,
gemm_0425,64,64,128,1,1,1,option_5,,ij,ij,False,YES,YES,YES,configs/gemm/gemm_0425.json,reports/gemm/gemm_0425/csynth.xml,reports/gemm/gemm_0425/export_impl.xml,reports/gemm/gemm_0425/power_routed.rpt,NO,
gemm_0426,64,64,128,1,1,1,option_5,,ij,ji,False,YES,YES,YES,configs/gemm/gemm_0426.json,reports/gemm/gemm_0426/csynth.xml,reports/gemm/gemm_0426/export_impl.xml,reports/gemm/gemm_0426/power_routed.rpt,NO,
gemm_0427,64,64,128,1,1,1,option_5,,ji,ij,False,YES,YES,YES,configs/gemm/gemm_0427.json,reports/gemm/gemm_0427/csynth.xml,reports/gemm/gemm_0427/export_impl.xml,reports/gemm/gemm_0427/power_routed.rpt,NO,
gemm_0428,64,64,128,1,1,1,option_5,,ji,ji,False,YES,YES,YES,configs/gemm/gemm_0428.json,reports/gemm/gemm_0428/csynth.xml,reports/gemm/gemm_0428/export_impl.xml,reports/gemm/gemm_0428/power_routed.rpt,NO,
gemm_0429,64,64,128,1,1,1,option_5,,ij,ij,True,YES,YES,YES,configs/gemm/gemm_0429.json,reports/gemm/gemm_0429/csynth.xml,reports/gemm/gemm_0429/export_impl.xml,reports/gemm/gemm_0429/power_routed.rpt,NO,
gemm_0430,64,64,128,1,1,1,option_5,,ij,ji,True,YES,YES,YES,configs/gemm/gemm_0430.json,reports/gemm/gemm_0430/csynth.xml,reports/gemm/gemm_0430/export_impl.xml,reports/gemm/gemm_0430/power_routed.rpt,NO,
gemm_0431,64,64,128,1,1,1,option_5,,ji,ij,True,YES,YES,YES,configs/gemm/gemm_0431.json,reports/gemm/gemm_0431/csynth.xml,reports/gemm/gemm_0431/export_impl.xml,reports/gemm/gemm_0431/power_routed.rpt,NO,
gemm_0432,64,64,128,1,1,1,option_5,,ji,ji,True,YES,YES,YES,configs/gemm/gemm_0432.json,reports/gemm/gemm_0432/csynth.xml,reports/gemm/gemm_0432/export_impl.xml,reports/gemm/gemm_0432/power_routed.rpt,NO,
gemm_0433,64,64,128,1,1,8,option_1,,ij,ij,False,YES,YES,NO,configs/gemm/gemm_0433.json,reports/gemm/gemm_0433/csynth.xml,,,NO,
gemm_0434,64,64,128,1,1,8,option_1,,ij,ji,False,YES,YES,NO,configs/gemm/gemm_0434.json,reports/gemm/gemm_0434/csynth.xml,,,NO,
gemm_0435,64,64,128,1,1,8,option_1,,ji,ij,False,YES,YES,YES,configs/gemm/gemm_0435.json,reports/gemm/gemm_0435/csynth.xml,reports/gemm/gemm_0435/export_impl.xml,reports/gemm/gemm_0435/power_routed.rpt,NO,
gemm_0436,64,64,128,1,1,8,option_1,,ji,ji,False,YES,YES,NO,configs/gemm/gemm_0436.json,reports/gemm/gemm_0436/csynth.xml,,,NO,
gemm_0437,64,64,128,1,1,8,option_1,,ij,ij,True,YES,YES,NO,configs/gemm/gemm_0437.json,reports/gemm/gemm_0437/csynth.xml,,,NO,
gemm_0438,64,64,128,1,1,8,option_1,,ij,ji,True,YES,YES,NO,configs/gemm/gemm_0438.json,reports/gemm/gemm_0438/csynth.xml,,,NO,
gemm_0439,64,64,128,1,1,8,option_1,,ji,ij,True,YES,YES,NO,configs/gemm/gemm_0439.json,reports/gemm/gemm_0439/csynth.xml,,,NO,
gemm_0440,64,64,128,1,1,8,option_1,,ji,ji,True,YES,YES,YES,configs/gemm/gemm_0440.json,reports/gemm/gemm_0440/csynth.xml,reports/gemm/gemm_0440/export_impl.xml,reports/gemm/gemm_0440/power_routed.rpt,NO,
gemm_0441,64,64,128,1,1,8,option_2,ijk,ij,,False,YES,YES,NO,configs/gemm/gemm_0441.json,reports/gemm/gemm_0441/csynth.xml,,,NO,
gemm_0442,64,64,128,1,1,8,option_2,ikj,ij,,False,YES,YES,NO,configs/gemm/gemm_0442.json,reports/gemm/gemm_0442/csynth.xml,,,NO,
gemm_0443,64,64,128,1,1,8,option_2,jik,ji,,False,YES,YES,NO,configs/gemm/gemm_0443.json,reports/gemm/gemm_0443/csynth.xml,,,NO,
gemm_0444,64,64,128,1,1,8,option_2,jki,ji,,False,YES,YES,YES,configs/gemm/gemm_0444.json,reports/gemm/gemm_0444/csynth.xml,reports/gemm/gemm_0444/export_impl.xml,reports/gemm/gemm_0444/power_routed.rpt,NO,
gemm_0445,64,64,128,1,1,8,option_2,kij,ij,,False,YES,YES,NO,configs/gemm/gemm_0445.json,reports/gemm/gemm_0445/csynth.xml,,,NO,
gemm_0446,64,64,128,1,1,8,option_2,kji,ji,,False,YES,YES,NO,configs/gemm/gemm_0446.json,reports/gemm/gemm_0446/csynth.xml,,,NO,
gemm_0447,64,64,128,1,1,8,option_2,ijk,ij,,True,YES,YES,NO,configs/gemm/gemm_0447.json,reports/gemm/gemm_0447/csynth.xml,,,NO,
gemm_0448,64,64,128,1,1,8,option_2,ikj,ij,,True,YES,YES,NO,configs/gemm/gemm_0448.json,reports/gemm/gemm_0448/csynth.xml,,,NO,
gemm_0449,64,64,128,1,1,8,option_2,jik,ji,,True,YES,YES,NO,configs/gemm/gemm_0449.json,reports/gemm/gemm_0449/csynth.xml,,,NO,
gemm_0450,64,64,128,1,1,8,option_2,jki,ji,,True,YES,YES,NO,configs/gemm/gemm_0450.json,reports/gemm/gemm_0450/csynth.xml,,,NO,
gemm_0451,64,64,128,1,1,8,option_2,kij,ij,,True,YES,YES,NO,configs/gemm/gemm_0451.json,reports/gemm/gemm_0451/csynth.xml,,,NO,
gemm_0452,64,64,128,1,1,8,option_2,kji,ji,,True,YES,YES,NO,configs/gemm/gemm_0452.json,reports/gemm/gemm_0452/csynth.xml,,,NO,
gemm_0453,64,64,128,1,1,8,option_3,ijk,ij,,False,YES,YES,NO,configs/gemm/gemm_0453.json,reports/gemm/gemm_0453/csynth.xml,,,NO,
gemm_0454,64,64,128,1,1,8,option_3,ikj,ij,,False,YES,YES,YES,configs/gemm/gemm_0454.json,reports/gemm/gemm_0454/csynth.xml,reports/gemm/gemm_0454/export_impl.xml,reports/gemm/gemm_0454/power_routed.rpt,NO,
gemm_0455,64,64,128,1,1,8,option_3,jik,ji,,False,YES,YES,NO,configs/gemm/gemm_0455.json,reports/gemm/gemm_0455/csynth.xml,,,NO,
gemm_0456,64,64,128,1,1,8,option_3,jki,ji,,False,YES,YES,NO,configs/gemm/gemm_0456.json,reports/gemm/gemm_0456/csynth.xml,,,NO,
gemm_0457,64,64,128,1,1,8,option_3,kij,ij,,False,YES,YES,NO,configs/gemm/gemm_0457.json,reports/gemm/gemm_0457/csynth.xml,,,NO,
gemm_0458,64,64,128,1,1,8,option_3,kji,ji,,False,YES,YES,NO,configs/gemm/gemm_0458.json,reports/gemm/gemm_0458/csynth.xml,,,NO,
gemm_0459,64,64,128,1,1,8,option_3,ijk,ij,,True,YES,YES,NO,configs/gemm/gemm_0459.json,reports/gemm/gemm_0459/csynth.xml,,,NO,
gemm_0460,64,64,128,1,1,8,option_3,ikj,ij,,True,YES,YES,NO,configs/gemm/gemm_0460.json,reports/gemm/gemm_0460/csynth.xml,,,NO,
gemm_0461,64,64,128,1,1,8,option_3,jik,ji,,True,YES,YES,NO,configs/gemm/gemm_0461.json,reports/gemm/gemm_0461/csynth.xml,,,NO,
gemm_0462,64,64,128,1,1,8,option_3,jki,ji,,True,YES,YES,YES,configs/gemm/gemm_0462.json,reports/gemm/gemm_0462/csynth.xml,reports/gemm/gemm_0462/export_impl.xml,reports/gemm/gemm_0462/power_routed.rpt,NO,
gemm_0463,64,64,128,1,1,8,option_3,kij,ij,,True,YES,YES,NO,configs/gemm/gemm_0463.json,reports/gemm/gemm_0463/csynth.xml,,,NO,
gemm_0464,64,64,128,1,1,8,option_3,kji,ji,,True,YES,YES,YES,configs/gemm/gemm_0464.json,reports/gemm/gemm_0464/csynth.xml,reports/gemm/gemm_0464/export_impl.xml,reports/gemm/gemm_0464/power_routed.rpt,NO,
gemm_0465,64,64,128,1,1,8,option_4,,ij,ij,False,YES,YES,YES,configs/gemm/gemm_0465.json,reports/gemm/gemm_0465/csynth.xml,reports/gemm/gemm_0465/export_impl.xml,reports/gemm/gemm_0465/power_routed.rpt,NO,
gemm_0466,64,64,128,1,1,8,option_4,,ij,ji,False,YES,YES,YES,configs/gemm/gemm_0466.json,reports/gemm/gemm_0466/csynth.xml,reports/gemm/gemm_0466/export_impl.xml,reports/gemm/gemm_0466/power_routed.rpt,NO,
gemm_0467,64,64,128,1,1,8,option_4,,ji,ij,False,YES,YES,NO,configs/gemm/gemm_0467.json,reports/gemm/gemm_0467/csynth.xml,,,NO,
gemm_0468,64,64,128,1,1,8,option_4,,ji,ji,False,YES,YES,NO,configs/gemm/gemm_0468.json,reports/gemm/gemm_0468/csynth.xml,,,NO,
gemm_0469,64,64,128,1,1,8,option_4,,ij,ij,True,YES,YES,NO,configs/gemm/gemm_0469.json,reports/gemm/gemm_0469/csynth.xml,,,NO,
gemm_0470,64,64,128,1,1,8,option_4,,ij,ji,True,YES,YES,NO,configs/gemm/gemm_0470.json,reports/gemm/gemm_0470/csynth.xml,,,NO,
gemm_0471,64,64,128,1,1,8,option_4,,ji,ij,True,YES,YES,YES,configs/gemm/gemm_0471.json,reports/gemm/gemm_0471/csynth.xml,reports/gemm/gemm_0471/export_impl.xml,reports/gemm/gemm_0471/power_routed.rpt,NO,
gemm_0472,64,64,128,1,1,8,option_4,,ji,ji,True,YES,YES,NO,configs/gemm/gemm_0472.json,reports/gemm/gemm_0472/csynth.xml,,,NO,
gemm_0473,64,64,128,1,1,8,option_5,,ij,ij,False,YES,YES,NO,configs/gemm/gemm_0473.json,reports/gemm/gemm_0473/csynth.xml,,,NO,
gemm_0474,64,64,128,1,1,8,option_5,,ij,ji,False,YES,YES,NO,configs/gemm/gemm_0474.json,reports/gemm/gemm_0474/csynth.xml,,,NO,
gemm_0475,64,64,128,1,1,8,option_5,,ji,ij,False,YES,YES,NO,configs/gemm/gemm_0475.json,reports/gemm/gemm_0475/csynth.xml,,,NO,
gemm_0476,64,64,128,1,1,8,option_5,,ji,ji,False,YES,YES,NO,configs/gemm/gemm_0476.json,reports/gemm/gemm_0476/csynth.xml,,,NO,
gemm_0477,64,64,128,1,1,8,option_5,,ij,ij,True,YES,YES,NO,configs/gemm/gemm_0477.json,reports/gemm/gemm_0477/csynth.xml,,,NO,
gemm_0478,64,64,128,1,1,8,option_5,,ij,ji,True,YES,YES,NO,configs/gemm/gemm_0478.json,reports/gemm/gemm_0478/csynth.xml,,,NO,
gemm_0479,64,64,128,1,1,8,option_5,,ji,ij,True,YES,YES,YES,configs/gemm/gemm_0479.json,reports/gemm/gemm_0479/csynth.xml,reports/gemm/gemm_0479/export_impl.xml,reports/gemm/gemm_0479/power_routed.rpt,NO,
gemm_0480,64,64,128,1,1,8,option_5,,ji,ji,True,YES,YES,NO,configs/gemm/gemm_0480.json,reports/gemm/gemm_0480/csynth.xml,,,NO,
gemm_0481,64,64,128,1,8,1,option_1,,ij,ij,False,YES,YES,NO,configs/gemm/gemm_0481.json,reports/gemm/gemm_0481/csynth.xml,,,NO,
gemm_0482,64,64,128,1,8,1,option_1,,ij,ji,False,YES,YES,YES,configs/gemm/gemm_0482.json,reports/gemm/gemm_0482/csynth.xml,reports/gemm/gemm_0482/export_impl.xml,reports/gemm/gemm_0482/power_routed.rpt,NO,
gemm_0483,64,64,128,1,8,1,option_1,,ji,ij,False,YES,YES,YES,configs/gemm/gemm_0483.json,reports/gemm/gemm_0483/csynth.xml,reports/gemm/gemm_0483/export_impl.xml,reports/gemm/gemm_0483/power_routed.rpt,NO,
gemm_0484,64,64,128,1,8,1,option_1,,ji,ji,False,YES,YES,NO,configs/gemm/gemm_0484.json,reports/gemm/gemm_0484/csynth.xml,,,NO,
gemm_0485,64,64,128,1,8,1,option_1,,ij,ij,True,YES,YES,NO,configs/gemm/gemm_0485.json,reports/gemm/gemm_0485/csynth.xml,,,NO,
gemm_0486,64,64,128,1,8,1,option_1,,ij,ji,True,YES,YES,NO,configs/gemm/gemm_0486.json,reports/gemm/gemm_0486/csynth.xml,,,NO,
gemm_0487,64,64,128,1,8,1,option_1,,ji,ij,True,YES,YES,NO,configs/gemm/gemm_0487.json,reports/gemm/gemm_0487/csynth.xml,,,NO,
gemm_0488,64,64,128,1,8,1,option_1,,ji,ji,True,YES,YES,NO,configs/gemm/gemm_0488.json,reports/gemm/gemm_0488/csynth.xml,,,NO,
gemm_0489,64,64,128,1,8,1,option_2,ijk,ij,,False,YES,YES,NO,configs/gemm/gemm_0489.json,reports/gemm/gemm_0489/csynth.xml,,,NO,
gemm_0490,64,64,128,1,8,1,option_2,ikj,ij,,False,YES,YES,NO,configs/gemm/gemm_0490.json,reports/gemm/gemm_0490/csynth.xml,,,NO,
gemm_0491,64,64,128,1,8,1,option_2,jik,ji,,False,YES,YES,NO,configs/gemm/gemm_0491.json,reports/gemm/gemm_0491/csynth.xml,,,NO,
gemm_0492,64,64,128,1,8,1,option_2,jki,ji,,False,YES,YES,NO,configs/gemm/gemm_0492.json,reports/gemm/gemm_0492/csynth.xml,,,NO,
gemm_0493,64,64,128,1,8,1,option_2,kij,ij,,False,YES,YES,NO,configs/gemm/gemm_0493.json,reports/gemm/gemm_0493/csynth.xml,,,NO,
gemm_0494,64,64,128,1,8,1,option_2,kji,ji,,False,YES,YES,NO,configs/gemm/gemm_0494.json,reports/gemm/gemm_0494/csynth.xml,,,NO,
gemm_0495,64,64,128,1,8,1,option_2,ijk,ij,,True,YES,YES,NO,configs/gemm/gemm_0495.json,reports/gemm/gemm_0495/csynth.xml,,,NO,
gemm_0496,64,64,128,1,8,1,option_2,ikj,ij,,True,YES,YES,NO,configs/gemm/gemm_0496.json,reports/gemm/gemm_0496/csynth.xml,,,NO,
gemm_0497,64,64,128,1,8,1,option_2,jik,ji,,True,YES,YES,NO,configs/gemm/gemm_0497.json,reports/gemm/gemm_0497/csynth.xml,,,NO,
gemm_0498,64,64,128,1,8,1,option_2,jki,ji,,True,YES,YES,NO,configs/gemm/gemm_0498.json,reports/gemm/gemm_0498/csynth.xml,,,NO,
gemm_0499,64,64,128,1,8,1,option_2,kij,ij,,True,YES,YES,NO,configs/gemm/gemm_0499.json,reports/gemm/gemm_0499/csynth.xml,,,NO,
gemm_0500,64,64,128,1,8,1,option_2,kji,ji,,True,YES,YES,NO,configs/gemm/gemm_0500.json,reports/gemm/gemm_0500/csynth.xml,,,NO,
gemm_0501,64,64,128,1,8,1,option_3,ijk,ij,,False,YES,YES,YES,configs/gemm/gemm_0501.json,reports/gemm/gemm_0501/csynth.xml,reports/gemm/gemm_0501/export_impl.xml,reports/gemm/gemm_0501/power_routed.rpt,NO,
gemm_0502,64,64,128,1,8,1,option_3,ikj,ij,,False,YES,YES,YES,configs/gemm/gemm_0502.json,reports/gemm/gemm_0502/csynth.xml,reports/gemm/gemm_0502/export_impl.xml,reports/gemm/gemm_0502/power_routed.rpt,NO,
gemm_0503,64,64,128,1,8,1,option_3,jik,ji,,False,YES,YES,NO,configs/gemm/gemm_0503.json,reports/gemm/gemm_0503/csynth.xml,,,NO,
gemm_0504,64,64,128,1,8,1,option_3,jki,ji,,False,YES,YES,NO,configs/gemm/gemm_0504.json,reports/gemm/gemm_0504/csynth.xml,,,NO,
gemm_0505,64,64,128,1,8,1,option_3,kij,ij,,False,YES,YES,NO,configs/gemm/gemm_0505.json,reports/gemm/gemm_0505/csynth.xml,,,NO,
gemm_0506,64,64,128,1,8,1,option_3,kji,ji,,False,YES,YES,NO,configs/gemm/gemm_0506.json,reports/gemm/gemm_0506/csynth.xml,,,NO,
gemm_0507,64,64,128,1,8,1,option_3,ijk,ij,,True,YES,YES,YES,configs/gemm/gemm_0507.json,reports/gemm/gemm_0507/csynth.xml,reports/gemm/gemm_0507/export_impl.xml,reports/gemm/gemm_0507/power_routed.rpt,NO,
gemm_0508,64,64,128,1,8,1,option_3,ikj,ij,,True,YES,YES,NO,configs/gemm/gemm_0508.json,reports/gemm/gemm_0508/csynth.xml,,,NO,
gemm_0509,64,64,128,1,8,1,option_3,jik,ji,,True,YES,YES,NO,configs/gemm/gemm_0509.json,reports/gemm/gemm_0509/csynth.xml,,,NO,
gemm_0510,64,64,128,1,8,1,option_3,jki,ji,,True,YES,YES,YES,configs/gemm/gemm_0510.json,reports/gemm/gemm_0510/csynth.xml,reports/gemm/gemm_0510/export_impl.xml,reports/gemm/gemm_0510/power_routed.rpt,NO,
gemm_0511,64,64,128,1,8,1,option_3,kij,ij,,True,YES,YES,NO,configs/gemm/gemm_0511.json,reports/gemm/gemm_0511/csynth.xml,,,NO,
gemm_0512,64,64,128,1,8,1,option_3,kji,ji,,True,YES,YES,NO,configs/gemm/gemm_0512.json,reports/gemm/gemm_0512/csynth.xml,,,NO,
gemm_0513,64,64,128,1,8,1,option_4,,ij,ij,False,YES,YES,NO,configs/gemm/gemm_0513.json,reports/gemm/gemm_0513/csynth.xml,,,NO,
gemm_0514,64,64,128,1,8,1,option_4,,ij,ji,False,YES,YES,NO,configs/gemm/gemm_0514.json,reports/gemm/gemm_0514/csynth.xml,,,NO,
gemm_0515,64,64,128,1,8,1,option_4,,ji,ij,False,YES,YES,NO,configs/gemm/gemm_0515.json,reports/gemm/gemm_0515/csynth.xml,,,NO,
gemm_0516,64,64,128,1,8,1,option_4,,ji,ji,False,YES,YES,NO,configs/gemm/gemm_0516.json,reports/gemm/gemm_0516/csynth.xml,,,NO,
gemm_0517,64,64,128,1,8,1,option_4,,ij,ij,True,YES,YES,NO,configs/gemm/gemm_0517.json,reports/gemm/gemm_0517/csynth.xml,,,NO,
gemm_0518,64,64,128,1,8,1,option_4,,ij,ji,True,YES,YES,NO,configs/gemm/gemm_0518.json,reports/gemm/gemm_0518/csynth.xml,,,NO,
gemm_0519,64,64,128,1,8,1,option_4,,ji,ij,True,YES,YES,NO,configs/gemm/gemm_0519.json,reports/gemm/gemm_0519/csynth.xml,,,NO,
gemm_0520,64,64,128,1,8,1,option_4,,ji,ji,True,YES,YES,NO,configs/gemm/gemm_0520.json,reports/gemm/gemm_0520/csynth.xml,,,NO,
gemm_0521,64,64,128,1,8,1,option_5,,ij,ij,False,YES,YES,YES,configs/gemm/gemm_0521.json,reports/gemm/gemm_0521/csynth.xml,reports/gemm/gemm_0521/export_impl.xml,reports/gemm/gemm_0521/power_routed.rpt,NO,
gemm_0522,64,64,128,1,8,1,option_5,,ij,ji,False,YES,YES,NO,configs/gemm/gemm_0522.json,reports/gemm/gemm_0522/csynth.xml,,,NO,
gemm_0523,64,64,128,1,8,1,option_5,,ji,ij,False,YES,YES,NO,configs/gemm/gemm_0523.json,reports/gemm/gemm_0523/csynth.xml,,,NO,
gemm_0524,64,64,128,1,8,1,option_5,,ji,ji,False,YES,YES,NO,configs/gemm/gemm_0524.json,reports/gemm/gemm_0524/csynth.xml,,,NO,
gemm_0525,64,64,128,1,8,1,option_5,,ij,ij,True,YES,YES,NO,configs/gemm/gemm_0525.json,reports/gemm/gemm_0525/csynth.xml,,,NO,
gemm_0526,64,64,128,1,8,1,option_5,,ij,ji,True,YES,YES,NO,configs/gemm/gemm_0526.json,reports/gemm/gemm_0526/csynth.xml,,,NO,
gemm_0527,64,64,128,1,8,1,option_5,,ji,ij,True,YES,YES,NO,configs/gemm/gemm_0527.json,reports/gemm/gemm_0527/csynth.xml,,,NO,
gemm_0528,64,64,128,1,8,1,option_5,,ji,ji,True,YES,YES,YES,configs/gemm/gemm_0528.json,reports/gemm/gemm_0528/csynth.xml,reports/gemm/gemm_0528/export_impl.xml,reports/gemm/gemm_0528/power_routed.rpt,NO,
gemm_0529,64,64,128,1,8,8,option_1,,ij,ij,False,YES,YES,NO,configs/gemm/gemm_0529.json,reports/gemm/gemm_0529/csynth.xml,,,NO,
gemm_0530,64,64,128,1,8,8,option_1,,ij,ji,False,YES,YES,NO,configs/gemm/gemm_0530.json,reports/gemm/gemm_0530/csynth.xml,,,NO,
gemm_0531,64,64,128,1,8,8,option_1,,ji,ij,False,YES,YES,YES,configs/gemm/gemm_0531.json,reports/gemm/gemm_0531/csynth.xml,reports/gemm/gemm_0531/export_impl.xml,reports/gemm/gemm_0531/power_routed.rpt,NO,
gemm_0532,64,64,128,1,8,8,option_1,,ji,ji,False,YES,YES,NO,configs/gemm/gemm_0532.json,reports/gemm/gemm_0532/csynth.xml,,,NO,
gemm_0533,64,64,128,1,8,8,option_1,,ij,ij,True,YES,YES,NO,configs/gemm/gemm_0533.json,reports/gemm/gemm_0533/csynth.xml,,,NO,
gemm_0534,64,64,128,1,8,8,option_1,,ij,ji,True,YES,YES,NO,configs/gemm/gemm_0534.json,reports/gemm/gemm_0534/csynth.xml,,,NO,
gemm_0535,64,64,128,1,8,8,option_1,,ji,ij,True,YES,YES,NO,configs/gemm/gemm_0535.json,reports/gemm/gemm_0535/csynth.xml,,,NO,
gemm_0536,64,64,128,1,8,8,option_1,,ji,ji,True,YES,YES,NO,configs/gemm/gemm_0536.json,reports/gemm/gemm_0536/csynth.xml,,,NO,
gemm_0537,64,64,128,1,8,8,option_2,ijk,ij,,False,YES,YES,YES,configs/gemm/gemm_0537.json,reports/gemm/gemm_0537/csynth.xml,reports/gemm/gemm_0537/export_impl.xml,reports/gemm/gemm_0537/power_routed.rpt,NO,
gemm_0538,64,64,128,1,8,8,option_2,ikj,ij,,False,YES,YES,NO,configs/gemm/gemm_0538.json,reports/gemm/gemm_0538/csynth.xml,,,NO,
gemm_0539,64,64,128,1,8,8,option_2,jik,ji,,False,YES,YES,NO,configs/gemm/gemm_0539.json,reports/gemm/gemm_0539/csynth.xml,,,NO,
gemm_0540,64,64,128,1,8,8,option_2,jki,ji,,False,YES,YES,NO,configs/gemm/gemm_0540.json,reports/gemm/gemm_0540/csynth.xml,,,NO,
gemm_0541,64,64,128,1,8,8,option_2,kij,ij,,False,YES,YES,NO,configs/gemm/gemm_0541.json,reports/gemm/gemm_0541/csynth.xml,,,NO,
gemm_0542,64,64,128,1,8,8,option_2,kji,ji,,False,YES,YES,NO,configs/gemm/gemm_0542.json,reports/gemm/gemm_0542/csynth.xml,,,NO,
gemm_0543,64,64,128,1,8,8,option_2,ijk,ij,,True,YES,YES,YES,configs/gemm/gemm_0543.json,reports/gemm/gemm_0543/csynth.xml,reports/gemm/gemm_0543/export_impl.xml,reports/gemm/gemm_0543/power_routed.rpt,NO,
gemm_0544,64,64,128,1,8,8,option_2,ikj,ij,,True,YES,YES,NO,configs/gemm/gemm_0544.json,reports/gemm/gemm_0544/csynth.xml,,,NO,
gemm_0545,64,64,128,1,8,8,option_2,jik,ji,,True,YES,YES,NO,configs/gemm/gemm_0545.json,reports/gemm/gemm_0545/csynth.xml,,,NO,
gemm_0546,64,64,128,1,8,8,option_2,jki,ji,,True,YES,YES,YES,configs/gemm/gemm_0546.json,reports/gemm/gemm_0546/csynth.xml,reports/gemm/gemm_0546/export_impl.xml,reports/gemm/gemm_0546/power_routed.rpt,NO,
gemm_0547,64,64,128,1,8,8,option_2,kij,ij,,True,YES,YES,YES,configs/gemm/gemm_0547.json,reports/gemm/gemm_0547/csynth.xml,reports/gemm/gemm_0547/export_impl.xml,reports/gemm/gemm_0547/power_routed.rpt,NO,
gemm_0548,64,64,128,1,8,8,option_2,kji,ji,,True,YES,YES,NO,configs/gemm/gemm_0548.json,reports/gemm/gemm_0548/csynth.xml,,,NO,
gemm_0549,64,64,128,1,8,8,option_3,ijk,ij,,False,YES,YES,NO,configs/gemm/gemm_0549.json,reports/gemm/gemm_0549/csynth.xml,,,NO,
gemm_0550,64,64,128,1,8,8,option_3,ikj,ij,,False,YES,YES,NO,configs/gemm/gemm_0550.json,reports/gemm/gemm_0550/csynth.xml,,,NO,
gemm_0551,64,64,128,1,8,8,option_3,jik,ji,,False,YES,YES,NO,configs/gemm/gemm_0551.json,reports/gemm/gemm_0551/csynth.xml,,,NO,
gemm_0552,64,64,128,1,8,8,option_3,jki,ji,,False,YES,YES,NO,configs/gemm/gemm_0552.json,reports/gemm/gemm_0552/csynth.xml,,,NO,
gemm_0553,64,64,128,1,8,8,option_3,kij,ij,,False,YES,YES,YES,configs/gemm/gemm_0553.json,reports/gemm/gemm_0553/csynth.xml,reports/gemm/gemm_0553/export_impl.xml,reports/gemm/gemm_0553/power_routed.rpt,NO,
gemm_0554,64,64,128,1,8,8,option_3,kji,ji,,False,YES,YES,NO,configs/gemm/gemm_0554.json,reports/gemm/gemm_0554/csynth.xml,,,NO,
gemm_0555,64,64,128,1,8,8,option_3,ijk,ij,,True,YES,YES,NO,configs/gemm/gemm_0555.json,reports/gemm/gemm_0555/csynth.xml,,,NO,
gemm_0556,64,64,128,1,8,8,option_3,ikj,ij,,True,YES,YES,NO,configs/gemm/gemm_0556.json,reports/gemm/gemm_0556/csynth.xml,,,NO,
gemm_0557,64,64,128,1,8,8,option_3,jik,ji,,True,YES,YES,NO,configs/gemm/gemm_0557.json,reports/gemm/gemm_0557/csynth.xml,,,NO,
gemm_0558,64,64,128,1,8,8,option_3,jki,ji,,True,YES,YES,NO,configs/gemm/gemm_0558.json,reports/gemm/gemm_0558/csynth.xml,,,NO,
gemm_0559,64,64,128,1,8,8,option_3,kij,ij,,True,YES,YES,NO,configs/gemm/gemm_0559.json,reports/gemm/gemm_0559/csynth.xml,,,NO,
gemm_0560,64,64,128,1,8,8,option_3,kji,ji,,True,YES,YES,NO,configs/gemm/gemm_0560.json,reports/gemm/gemm_0560/csynth.xml,,,NO,
gemm_0561,64,64,128,1,8,8,option_4,,ij,ij,False,YES,YES,YES,configs/gemm/gemm_0561.json,reports/gemm/gemm_0561/csynth.xml,reports/gemm/gemm_0561/export_impl.xml,reports/gemm/gemm_0561/power_routed.rpt,NO,
gemm_0562,64,64,128,1,8,8,option_4,,ij,ji,False,YES,YES,YES,configs/gemm/gemm_0562.json,reports/gemm/gemm_0562/csynth.xml,reports/gemm/gemm_0562/export_impl.xml,reports/gemm/gemm_0562/power_routed.rpt,NO,
gemm_0563,64,64,128,1,8,8,option_4,,ji,ij,False,YES,YES,NO,configs/gemm/gemm_0563.json,reports/gemm/gemm_0563/csynth.xml,,,NO,
gemm_0564,64,64,128,1,8,8,option_4,,ji,ji,False,YES,YES,NO,configs/gemm/gemm_0564.json,reports/gemm/gemm_0564/csynth.xml,,,NO,
gemm_0565,64,64,128,1,8,8,option_4,,ij,ij,True,YES,YES,NO,configs/gemm/gemm_0565.json,reports/gemm/gemm_0565/csynth.xml,,,NO,
gemm_0566,64,64,128,1,8,8,option_4,,ij,ji,True,YES,YES,NO,configs/gemm/gemm_0566.json,reports/gemm/gemm_0566/csynth.xml,,,NO,
gemm_0567,64,64,128,1,8,8,option_4,,ji,ij,True,YES,YES,YES,configs/gemm/gemm_0567.json,reports/gemm/gemm_0567/csynth.xml,reports/gemm/gemm_0567/export_impl.xml,reports/gemm/gemm_0567/power_routed.rpt,NO,
gemm_0568,64,64,128,1,8,8,option_4,,ji,ji,True,YES,YES,NO,configs/gemm/gemm_0568.json,reports/gemm/gemm_0568/csynth.xml,,,NO,
gemm_0569,64,64,128,1,8,8,option_5,,ij,ij,False,YES,YES,NO,configs/gemm/gemm_0569.json,reports/gemm/gemm_0569/csynth.xml,,,NO,
gemm_0570,64,64,128,1,8,8,option_5,,ij,ji,False,YES,YES,YES,configs/gemm/gemm_0570.json,reports/gemm/gemm_0570/csynth.xml,reports/gemm/gemm_0570/export_impl.xml,reports/gemm/gemm_0570/power_routed.rpt,NO,
gemm_0571,64,64,128,1,8,8,option_5,,ji,ij,False,YES,YES,YES,configs/gemm/gemm_0571.json,reports/gemm/gemm_0571/csynth.xml,reports/gemm/gemm_0571/export_impl.xml,reports/gemm/gemm_0571/power_routed.rpt,NO,
gemm_0572,64,64,128,1,8,8,option_5,,ji,ji,False,YES,YES,NO,configs/gemm/gemm_0572.json,reports/gemm/gemm_0572/csynth.xml,,,NO,
gemm_0573,64,64,128,1,8,8,option_5,,ij,ij,True,YES,YES,NO,configs/gemm/gemm_0573.json,reports/gemm/gemm_0573/csynth.xml,,,NO,
gemm_0574,64,64,128,1,8,8,option_5,,ij,ji,True,YES,YES,NO,configs/gemm/gemm_0574.json,reports/gemm/gemm_0574/csynth.xml,,,NO,
gemm_0575,64,64,128,1,8,8,option_5,,ji,ij,True,YES,YES,NO,configs/gemm/gemm_0575.json,reports/gemm/gemm_0575/csynth.xml,,,NO,
gemm_0576,64,64,128,1,8,8,option_5,,ji,ji,True,YES,YES,YES,configs/gemm/gemm_0576.json,reports/gemm/gemm_0576/csynth.xml,reports/gemm/gemm_0576/export_impl.xml,reports/gemm/gemm_0576/power_routed.rpt,NO,
gemm_0577,64,64,128,8,1,1,option_1,,ij,ij,False,YES,YES,YES,configs/gemm/gemm_0577.json,reports/gemm/gemm_0577/csynth.xml,reports/gemm/gemm_0577/export_impl.xml,reports/gemm/gemm_0577/power_routed.rpt,NO,
gemm_0578,64,64,128,8,1,1,option_1,,ij,ji,False,YES,YES,YES,configs/gemm/gemm_0578.json,reports/gemm/gemm_0578/csynth.xml,reports/gemm/gemm_0578/export_impl.xml,reports/gemm/gemm_0578/power_routed.rpt,NO,
gemm_0579,64,64,128,8,1,1,option_1,,ji,ij,False,YES,YES,NO,configs/gemm/gemm_0579.json,reports/gemm/gemm_0579/csynth.xml,,,NO,
gemm_0580,64,64,128,8,1,1,option_1,,ji,ji,False,YES,YES,NO,configs/gemm/gemm_0580.json,reports/gemm/gemm_0580/csynth.xml,,,NO,
gemm_0581,64,64,128,8,1,1,option_1,,ij,ij,True,YES,YES,NO,configs/gemm/gemm_0581.json,reports/gemm/gemm_0581/csynth.xml,,,NO,
gemm_0582,64,64,128,8,1,1,option_1,,ij,ji,True,YES,YES,NO,configs/gemm/gemm_0582.json,reports/gemm/gemm_0582/csynth.xml,,,NO,
gemm_0583,64,64,128,8,1,1,option_1,,ji,ij,True,YES,YES,NO,configs/gemm/gemm_0583.json,reports/gemm/gemm_0583/csynth.xml,,,NO,
gemm_0584,64,64,128,8,1,1,option_1,,ji,ji,True,YES,YES,YES,configs/gemm/gemm_0584.json,reports/gemm/gemm_0584/csynth.xml,reports/gemm/gemm_0584/export_impl.xml,reports/gemm/gemm_0584/power_routed.rpt,NO,
gemm_0585,64,64,128,8,1,1,option_2,ijk,ij,,False,YES,YES,NO,configs/gemm/gemm_0585.json,reports/gemm/gemm_0585/csynth.xml,,,NO,
gemm_0586,64,64,128,8,1,1,option_2,ikj,ij,,False,YES,YES,NO,configs/gemm/gemm_0586.json,reports/gemm/gemm_0586/csynth.xml,,,NO,
gemm_0587,64,64,128,8,1,1,option_2,jik,ji,,False,YES,YES,NO,configs/gemm/gemm_0587.json,reports/gemm/gemm_0587/csynth.xml,,,NO,
gemm_0588,64,64,128,8,1,1,option_2,jki,ji,,False,YES,YES,NO,configs/gemm/gemm_0588.json,reports/gemm/gemm_0588/csynth.xml,,,NO,
gemm_0589,64,64,128,8,1,1,option_2,kij,ij,,False,YES,YES,NO,configs/gemm/gemm_0589.json,reports/gemm/gemm_0589/csynth.xml,,,NO,
gemm_0590,64,64,128,8,1,1,option_2,kji,ji,,False,YES,YES,NO,configs/gemm/gemm_0590.json,reports/gemm/gemm_0590/csynth.xml,,,NO,
gemm_0591,64,64,128,8,1,1,option_2,ijk,ij,,True,YES,YES,YES,configs/gemm/gemm_0591.json,reports/gemm/gemm_0591/csynth.xml,reports/gemm/gemm_0591/export_impl.xml,reports/gemm/gemm_0591/power_routed.rpt,NO,
gemm_0592,64,64,128,8,1,1,option_2,ikj,ij,,True,YES,YES,YES,configs/gemm/gemm_0592.json,reports/gemm/gemm_0592/csynth.xml,reports/gemm/gemm_0592/export_impl.xml,reports/gemm/gemm_0592/power_routed.rpt,NO,
gemm_0593,64,64,128,8,1,1,option_2,jik,ji,,True,YES,YES,NO,configs/gemm/gemm_0593.json,reports/gemm/gemm_0593/csynth.xml,,,NO,
gemm_0594,64,64,128,8,1,1,option_2,jki,ji,,True,YES,YES,NO,configs/gemm/gemm_0594.json,reports/gemm/gemm_0594/csynth.xml,,,NO,
gemm_0595,64,64,128,8,1,1,option_2,kij,ij,,True,YES,YES,NO,configs/gemm/gemm_0595.json,reports/gemm/gemm_0595/csynth.xml,,,NO,
gemm_0596,64,64,128,8,1,1,option_2,kji,ji,,True,YES,YES,NO,configs/gemm/gemm_0596.json,reports/gemm/gemm_0596/csynth.xml,,,NO,
gemm_0597,64,64,128,8,1,1,option_3,ijk,ij,,False,YES,YES,NO,configs/gemm/gemm_0597.json,reports/gemm/gemm_0597/csynth.xml,,,NO,
gemm_0598,64,64,128,8,1,1,option_3,ikj,ij,,False,YES,YES,NO,configs/gemm/gemm_0598.json,reports/gemm/gemm_0598/csynth.xml,,,NO,
gemm_0599,64,64,128,8,1,1,option_3,jik,ji,,False,YES,YES,NO,configs/gemm/gemm_0599.json,reports/gemm/gemm_0599/csynth.xml,,,NO,
gemm_0600,64,64,128,8,1,1,option_3,jki,ji,,False,YES,YES,NO,configs/gemm/gemm_0600.json,reports/gemm/gemm_0600/csynth.xml,,,NO,
gemm_0601,64,64,128,8,1,1,option_3,kij,ij,,False,YES,YES,YES,configs/gemm/gemm_0601.json,reports/gemm/gemm_0601/csynth.xml,reports/gemm/gemm_0601/export_impl.xml,reports/gemm/gemm_0601/power_routed.rpt,NO,
gemm_0602,64,64,128,8,1,1,option_3,kji,ji,,False,YES,YES,NO,configs/gemm/gemm_0602.json,reports/gemm/gemm_0602/csynth.xml,,,NO,
gemm_0603,64,64,128,8,1,1,option_3,ijk,ij,,True,YES,YES,NO,configs/gemm/gemm_0603.json,reports/gemm/gemm_0603/csynth.xml,,,NO,
gemm_0604,64,64,128,8,1,1,option_3,ikj,ij,,True,YES,YES,NO,configs/gemm/gemm_0604.json,reports/gemm/gemm_0604/csynth.xml,,,NO,
gemm_0605,64,64,128,8,1,1,option_3,jik,ji,,True,YES,YES,YES,configs/gemm/gemm_0605.json,reports/gemm/gemm_0605/csynth.xml,reports/gemm/gemm_0605/export_impl.xml,reports/gemm/gemm_0605/power_routed.rpt,NO,
gemm_0606,64,64,128,8,1,1,option_3,jki,ji,,True,YES,YES,NO,configs/gemm/gemm_0606.json,reports/gemm/gemm_0606/csynth.xml,,,NO,
gemm_0607,64,64,128,8,1,1,option_3,kij,ij,,True,YES,YES,NO,configs/gemm/gemm_0607.json,reports/gemm/gemm_0607/csynth.xml,,,NO,
gemm_0608,64,64,128,8,1,1,option_3,kji,ji,,True,YES,YES,NO,configs/gemm/gemm_0608.json,reports/gemm/gemm_0608/csynth.xml,,,NO,
gemm_0609,64,64,128,8,1,1,option_4,,ij,ij,False,YES,YES,NO,configs/gemm/gemm_0609.json,reports/gemm/gemm_0609/csynth.xml,,,NO,
gemm_0610,64,64,128,8,1,1,option_4,,ij,ji,False,YES,YES,NO,configs/gemm/gemm_0610.json,reports/gemm/gemm_0610/csynth.xml,,,NO,
gemm_0611,64,64,128,8,1,1,option_4,,ji,ij,False,YES,YES,NO,configs/gemm/gemm_0611.json,reports/gemm/gemm_0611/csynth.xml,,,NO,
gemm_0612,64,64,128,8,1,1,option_4,,ji,ji,False,YES,YES,NO,configs/gemm/gemm_0612.json,reports/gemm/gemm_0612/csynth.xml,,,NO,
gemm_0613,64,64,128,8,1,1,option_4,,ij,ij,True,YES,YES,YES,configs/gemm/gemm_0613.json,reports/gemm/gemm_0613/csynth.xml,reports/gemm/gemm_0613/export_impl.xml,reports/gemm/gemm_0613/power_routed.rpt,NO,
gemm_0614,64,64,128,8,1,1,option_4,,ij,ji,True,YES,YES,NO,configs/gemm/gemm_0614.json,reports/gemm/gemm_0614/csynth.xml,,,NO,
gemm_0615,64,64,128,8,1,1,option_4,,ji,ij,True,YES,YES,NO,configs/gemm/gemm_0615.json,reports/gemm/gemm_0615/csynth.xml,,,NO,
gemm_0616,64,64,128,8,1,1,option_4,,ji,ji,True,YES,YES,NO,configs/gemm/gemm_0616.json,reports/gemm/gemm_0616/csynth.xml,,,NO,
gemm_0617,64,64,128,8,1,1,option_5,,ij,ij,False,YES,YES,YES,configs/gemm/gemm_0617.json,reports/gemm/gemm_0617/csynth.xml,reports/gemm/gemm_0617/export_impl.xml,reports/gemm/gemm_0617/power_routed.rpt,NO,
gemm_0618,64,64,128,8,1,1,option_5,,ij,ji,False,YES,YES,NO,configs/gemm/gemm_0618.json,reports/gemm/gemm_0618/csynth.xml,,,NO,
gemm_0619,64,64,128,8,1,1,option_5,,ji,ij,False,YES,YES,NO,configs/gemm/gemm_0619.json,reports/gemm/gemm_0619/csynth.xml,,,NO,
gemm_0620,64,64,128,8,1,1,option_5,,ji,ji,False,YES,YES,NO,configs/gemm/gemm_0620.json,reports/gemm/gemm_0620/csynth.xml,,,NO,
gemm_0621,64,64,128,8,1,1,option_5,,ij,ij,True,YES,YES,NO,configs/gemm/gemm_0621.json,reports/gemm/gemm_0621/csynth.xml,,,NO,
gemm_0622,64,64,128,8,1,1,option_5,,ij,ji,True,YES,YES,NO,configs/gemm/gemm_0622.json,reports/gemm/gemm_0622/csynth.xml,,,NO,
gemm_0623,64,64,128,8,1,1,option_5,,ji,ij,True,YES,YES,YES,configs/gemm/gemm_0623.json,reports/gemm/gemm_0623/csynth.xml,reports/gemm/gemm_0623/export_impl.xml,reports/gemm/gemm_0623/power_routed.rpt,NO,
gemm_0624,64,64,128,8,1,1,option_5,,ji,ji,True,YES,YES,NO,configs/gemm/gemm_0624.json,reports/gemm/gemm_0624/csynth.xml,,,NO,
gemm_0625,64,64,128,8,1,8,option_1,,ij,ij,False,YES,YES,NO,configs/gemm/gemm_0625.json,reports/gemm/gemm_0625/csynth.xml,,,NO,
gemm_0626,64,64,128,8,1,8,option_1,,ij,ji,False,YES,YES,NO,configs/gemm/gemm_0626.json,reports/gemm/gemm_0626/csynth.xml,,,NO,
gemm_0627,64,64,128,8,1,8,option_1,,ji,ij,False,YES,YES,NO,configs/gemm/gemm_0627.json,reports/gemm/gemm_0627/csynth.xml,,,NO,
gemm_0628,64,64,128,8,1,8,option_1,,ji,ji,False,YES,YES,NO,configs/gemm/gemm_0628.json,reports/gemm/gemm_0628/csynth.xml,,,NO,
gemm_0629,64,64,128,8,1,8,option_1,,ij,ij,True,YES,YES,NO,configs/gemm/gemm_0629.json,reports/gemm/gemm_0629/csynth.xml,,,NO,
gemm_0630,64,64,128,8,1,8,option_1,,ij,ji,True,YES,YES,YES,configs/gemm/gemm_0630.json,reports/gemm/gemm_0630/csynth.xml,reports/gemm/gemm_0630/export_impl.xml,reports/gemm/gemm_0630/power_routed.rpt,NO,
gemm_0631,64,64,128,8,1,8,option_1,,ji,ij,True,YES,YES,NO,configs/gemm/gemm_0631.json,reports/gemm/gemm_0631/csynth.xml,,,NO,
gemm_0632,64,64,128,8,1,8,option_1,,ji,ji,True,YES,YES,NO,configs/gemm/gemm_0632.json,reports/gemm/gemm_0632/csynth.xml,,,NO,
gemm_0633,64,64,128,8,1,8,option_2,ijk,ij,,False,YES,YES,NO,configs/gemm/gemm_0633.json,reports/gemm/gemm_0633/csynth.xml,,,NO,
gemm_0634,64,64,128,8,1,8,option_2,ikj,ij,,False,YES,YES,NO,configs/gemm/gemm_0634.json,reports/gemm/gemm_0634/csynth.xml,,,NO,
gemm_0635,64,64,128,8,1,8,option_2,jik,ji,,False,YES,YES,YES,configs/gemm/gemm_0635.json,reports/gemm/gemm_0635/csynth.xml,reports/gemm/gemm_0635/export_impl.xml,reports/gemm/gemm_0635/power_routed.rpt,NO,
gemm_0636,64,64,128,8,1,8,option_2,jki,ji,,False,YES,YES,NO,configs/gemm/gemm_0636.json,reports/gemm/gemm_0636/csynth.xml,,,NO,
gemm_0637,64,64,128,8,1,8,option_2,kij,ij,,False,YES,YES,NO,configs/gemm/gemm_0637.json,reports/gemm/gemm_0637/csynth.xml,,,NO,
gemm_0638,64,64,128,8,1,8,option_2,kji,ji,,False,YES,YES,NO,configs/gemm/gemm_0638.json,reports/gemm/gemm_0638/csynth.xml,,,NO,
gemm_0639,64,64,128,8,1,8,option_2,ijk,ij,,True,YES,YES,YES,configs/gemm/gemm_0639.json,reports/gemm/gemm_0639/csynth.xml,reports/gemm/gemm_0639/export_impl.xml,reports/gemm/gemm_0639/power_routed.rpt,NO,
gemm_0640,64,64,128,8,1,8,option_2,ikj,ij,,True,YES,YES,NO,configs/gemm/gemm_0640.json,reports/gemm/gemm_0640/csynth.xml,,,NO,
gemm_0641,64,64,128,8,1,8,option_2,jik,ji,,True,YES,YES,YES,configs/gemm/gemm_0641.json,reports/gemm/gemm_0641/csynth.xml,reports/gemm/gemm_0641/export_impl.xml,reports/gemm/gemm_0641/power_routed.rpt,NO,
gemm_0642,64,64,128,8,1,8,option_2,jki,ji,,True,YES,YES,YES,configs/gemm/gemm_0642.json,reports/gemm/gemm_0642/csynth.xml,reports/gemm/gemm_0642/export_impl.xml,reports/gemm/gemm_0642/power_routed.rpt,NO,
gemm_0643,64,64,128,8,1,8,option_2,kij,ij,,True,YES,YES,YES,configs/gemm/gemm_0643.json,reports/gemm/gemm_0643/csynth.xml,reports/gemm/gemm_0643/export_impl.xml,reports/gemm/gemm_0643/power_routed.rpt,NO,
gemm_0644,64,64,128,8,1,8,option_2,kji,ji,,True,YES,YES,YES,configs/gemm/gemm_0644.json,reports/gemm/gemm_0644/csynth.xml,reports/gemm/gemm_0644/export_impl.xml,reports/gemm/gemm_0644/power_routed.rpt,NO,
gemm_0645,64,64,128,8,1,8,option_3,ijk,ij,,False,YES,YES,YES,configs/gemm/gemm_0645.json,reports/gemm/gemm_0645/csynth.xml,reports/gemm/gemm_0645/export_impl.xml,reports/gemm/gemm_0645/power_routed.rpt,NO,
gemm_0646,64,64,128,8,1,8,option_3,ikj,ij,,False,YES,YES,NO,configs/gemm/gemm_0646.json,reports/gemm/gemm_0646/csynth.xml,,,NO,
gemm_0647,64,64,128,8,1,8,option_3,jik,ji,,False,YES,YES,YES,configs/gemm/gemm_0647.json,reports/gemm/gemm_0647/csynth.xml,reports/gemm/gemm_0647/export_impl.xml,reports/gemm/gemm_0647/power_routed.rpt,NO,
gemm_0648,64,64,128,8,1,8,option_3,jki,ji,,False,YES,YES,NO,configs/gemm/gemm_0648.json,reports/gemm/gemm_0648/csynth.xml,,,NO,
gemm_0649,64,64,128,8,1,8,option_3,kij,ij,,False,YES,YES,YES,configs/gemm/gemm_0649.json,reports/gemm/gemm_0649/csynth.xml,reports/gemm/gemm_0649/export_impl.xml,reports/gemm/gemm_0649/power_routed.rpt,NO,
gemm_0650,64,64,128,8,1,8,option_3,kji,ji,,False,YES,YES,YES,configs/gemm/gemm_0650.json,reports/gemm/gemm_0650/csynth.xml,reports/gemm/gemm_0650/export_impl.xml,reports/gemm/gemm_0650/power_routed.rpt,NO,
gemm_0651,64,64,128,8,1,8,option_3,ijk,ij,,True,YES,YES,NO,configs/gemm/gemm_0651.json,reports/gemm/gemm_0651/csynth.xml,,,NO,
gemm_0652,64,64,128,8,1,8,option_3,ikj,ij,,True,YES,YES,NO,configs/gemm/gemm_0652.json,reports/gemm/gemm_0652/csynth.xml,,,NO,
gemm_0653,64,64,128,8,1,8,option_3,jik,ji,,True,YES,YES,NO,configs/gemm/gemm_0653.json,reports/gemm/gemm_0653/csynth.xml,,,NO,
gemm_0654,64,64,128,8,1,8,option_3,jki,ji,,True,YES,YES,NO,configs/gemm/gemm_0654.json,reports/gemm/gemm_0654/csynth.xml,,,NO,
gemm_0655,64,64,128,8,1,8,option_3,kij,ij,,True,YES,YES,NO,configs/gemm/gemm_0655.json,reports/gemm/gemm_0655/csynth.xml,,,NO,
gemm_0656,64,64,128,8,1,8,option_3,kji,ji,,True,YES,YES,NO,configs/gemm/gemm_0656.json,reports/gemm/gemm_0656/csynth.xml,,,NO,
gemm_0657,64,64,128,8,1,8,option_4,,ij,ij,False,YES,YES,YES,configs/gemm/gemm_0657.json,reports/gemm/gemm_0657/csynth.xml,reports/gemm/gemm_0657/export_impl.xml,reports/gemm/gemm_0657/power_routed.rpt,NO,
gemm_0658,64,64,128,8,1,8,option_4,,ij,ji,False,YES,YES,NO,configs/gemm/gemm_0658.json,reports/gemm/gemm_0658/csynth.xml,,,NO,
gemm_0659,64,64,128,8,1,8,option_4,,ji,ij,False,YES,YES,NO,configs/gemm/gemm_0659.json,reports/gemm/gemm_0659/csynth.xml,,,NO,
gemm_0660,64,64,128,8,1,8,option_4,,ji,ji,False,YES,YES,NO,configs/gemm/gemm_0660.json,reports/gemm/gemm_0660/csynth.xml,,,NO,
gemm_0661,64,64,128,8,1,8,option_4,,ij,ij,True,YES,YES,NO,configs/gemm/gemm_0661.json,reports/gemm/gemm_0661/csynth.xml,,,NO,
gemm_0662,64,64,128,8,1,8,option_4,,ij,ji,True,YES,YES,NO,configs/gemm/gemm_0662.json,reports/gemm/gemm_0662/csynth.xml,,,NO,
gemm_0663,64,64,128,8,1,8,option_4,,ji,ij,True,YES,YES,NO,configs/gemm/gemm_0663.json,reports/gemm/gemm_0663/csynth.xml,,,NO,
gemm_0664,64,64,128,8,1,8,option_4,,ji,ji,True,YES,YES,NO,configs/gemm/gemm_0664.json,reports/gemm/gemm_0664/csynth.xml,,,NO,
gemm_0665,64,64,128,8,1,8,option_5,,ij,ij,False,YES,YES,NO,configs/gemm/gemm_0665.json,reports/gemm/gemm_0665/csynth.xml,,,NO,
gemm_0666,64,64,128,8,1,8,option_5,,ij,ji,False,YES,YES,YES,configs/gemm/gemm_0666.json,reports/gemm/gemm_0666/csynth.xml,reports/gemm/gemm_0666/export_impl.xml,reports/gemm/gemm_0666/power_routed.rpt,NO,
gemm_0667,64,64,128,8,1,8,option_5,,ji,ij,False,YES,YES,NO,configs/gemm/gemm_0667.json,reports/gemm/gemm_0667/csynth.xml,,,NO,
gemm_0668,64,64,128,8,1,8,option_5,,ji,ji,False,YES,YES,YES,configs/gemm/gemm_0668.json,reports/gemm/gemm_0668/csynth.xml,reports/gemm/gemm_0668/export_impl.xml,reports/gemm/gemm_0668/power_routed.rpt,NO,
gemm_0669,64,64,128,8,1,8,option_5,,ij,ij,True,YES,YES,NO,configs/gemm/gemm_0669.json,reports/gemm/gemm_0669/csynth.xml,,,NO,
gemm_0670,64,64,128,8,1,8,option_5,,ij,ji,True,YES,YES,NO,configs/gemm/gemm_0670.json,reports/gemm/gemm_0670/csynth.xml,,,NO,
gemm_0671,64,64,128,8,1,8,option_5,,ji,ij,True,YES,YES,NO,configs/gemm/gemm_0671.json,reports/gemm/gemm_0671/csynth.xml,,,NO,
gemm_0672,64,64,128,8,1,8,option_5,,ji,ji,True,YES,YES,NO,configs/gemm/gemm_0672.json,reports/gemm/gemm_0672/csynth.xml,,,NO,
gemm_0673,64,64,128,8,8,1,option_1,,ij,ij,False,YES,YES,YES,configs/gemm/gemm_0673.json,reports/gemm/gemm_0673/csynth.xml,reports/gemm/gemm_0673/export_impl.xml,reports/gemm/gemm_0673/power_routed.rpt,NO,
gemm_0674,64,64,128,8,8,1,option_1,,ij,ji,False,YES,YES,YES,configs/gemm/gemm_0674.json,reports/gemm/gemm_0674/csynth.xml,reports/gemm/gemm_0674/export_impl.xml,reports/gemm/gemm_0674/power_routed.rpt,NO,
gemm_0675,64,64,128,8,8,1,option_1,,ji,ij,False,YES,YES,YES,configs/gemm/gemm_0675.json,reports/gemm/gemm_0675/csynth.xml,reports/gemm/gemm_0675/export_impl.xml,reports/gemm/gemm_0675/power_routed.rpt,NO,
gemm_0676,64,64,128,8,8,1,option_1,,ji,ji,False,YES,YES,NO,configs/gemm/gemm_0676.json,reports/gemm/gemm_0676/csynth.xml,,,NO,
gemm_0677,64,64,128,8,8,1,option_1,,ij,ij,True,YES,YES,NO,configs/gemm/gemm_0677.json,reports/gemm/gemm_0677/csynth.xml,,,NO,
gemm_0678,64,64,128,8,8,1,option_1,,ij,ji,True,YES,YES,NO,configs/gemm/gemm_0678.json,reports/gemm/gemm_0678/csynth.xml,,,NO,
gemm_0679,64,64,128,8,8,1,option_1,,ji,ij,True,YES,YES,NO,configs/gemm/gemm_0679.json,reports/gemm/gemm_0679/csynth.xml,,,NO,
gemm_0680,64,64,128,8,8,1,option_1,,ji,ji,True,YES,YES,NO,configs/gemm/gemm_0680.json,reports/gemm/gemm_0680/csynth.xml,,,NO,
gemm_0681,64,64,128,8,8,1,option_2,ijk,ij,,False,YES,YES,NO,configs/gemm/gemm_0681.json,reports/gemm/gemm_0681/csynth.xml,,,NO,
gemm_0682,64,64,128,8,8,1,option_2,ikj,ij,,False,YES,YES,NO,configs/gemm/gemm_0682.json,reports/gemm/gemm_0682/csynth.xml,,,NO,
gemm_0683,64,64,128,8,8,1,option_2,jik,ji,,False,YES,YES,NO,configs/gemm/gemm_0683.json,reports/gemm/gemm_0683/csynth.xml,,,NO,
gemm_0684,64,64,128,8,8,1,option_2,jki,ji,,False,YES,YES,NO,configs/gemm/gemm_0684.json,reports/gemm/gemm_0684/csynth.xml,,,NO,
gemm_0685,64,64,128,8,8,1,option_2,kij,ij,,False,YES,YES,NO,configs/gemm/gemm_0685.json,reports/gemm/gemm_0685/csynth.xml,,,NO,
gemm_0686,64,64,128,8,8,1,option_2,kji,ji,,False,YES,YES,YES,configs/gemm/gemm_0686.json,reports/gemm/gemm_0686/csynth.xml,reports/gemm/gemm_0686/export_impl.xml,reports/gemm/gemm_0686/power_routed.rpt,NO,
gemm_0687,64,64,128,8,8,1,option_2,ijk,ij,,True,YES,YES,NO,configs/gemm/gemm_0687.json,reports/gemm/gemm_0687/csynth.xml,,,NO,
gemm_0688,64,64,128,8,8,1,option_2,ikj,ij,,True,YES,YES,NO,configs/gemm/gemm_0688.json,reports/gemm/gemm_0688/csynth.xml,,,NO,
gemm_0689,64,64,128,8,8,1,option_2,jik,ji,,True,YES,YES,YES,configs/gemm/gemm_0689.json,reports/gemm/gemm_0689/csynth.xml,reports/gemm/gemm_0689/export_impl.xml,reports/gemm/gemm_0689/power_routed.rpt,NO,
gemm_0690,64,64,128,8,8,1,option_2,jki,ji,,True,YES,YES,NO,configs/gemm/gemm_0690.json,reports/gemm/gemm_0690/csynth.xml,,,NO,
gemm_0691,64,64,128,8,8,1,option_2,kij,ij,,True,YES,YES,NO,configs/gemm/gemm_0691.json,reports/gemm/gemm_0691/csynth.xml,,,NO,
gemm_0692,64,64,128,8,8,1,option_2,kji,ji,,True,YES,YES,NO,configs/gemm/gemm_0692.json,reports/gemm/gemm_0692/csynth.xml,,,NO,
gemm_0693,64,64,128,8,8,1,option_3,ijk,ij,,False,YES,YES,NO,configs/gemm/gemm_0693.json,reports/gemm/gemm_0693/csynth.xml,,,NO,
gemm_0694,64,64,128,8,8,1,option_3,ikj,ij,,False,YES,YES,YES,configs/gemm/gemm_0694.json,reports/gemm/gemm_0694/csynth.xml,reports/gemm/gemm_0694/export_impl.xml,reports/gemm/gemm_0694/power_routed.rpt,NO,
gemm_0695,64,64,128,8,8,1,option_3,jik,ji,,False,YES,YES,NO,configs/gemm/gemm_0695.json,reports/gemm/gemm_0695/csynth.xml,,,NO,
gemm_0696,64,64,128,8,8,1,option_3,jki,ji,,False,YES,YES,YES,configs/gemm/gemm_0696.json,reports/gemm/gemm_0696/csynth.xml,reports/gemm/gemm_0696/export_impl.xml,reports/gemm/gemm_0696/power_routed.rpt,NO,
gemm_0697,64,64,128,8,8,1,option_3,kij,ij,,False,YES,YES,NO,configs/gemm/gemm_0697.json,reports/gemm/gemm_0697/csynth.xml,,,NO,
gemm_0698,64,64,128,8,8,1,option_3,kji,ji,,False,YES,YES,YES,configs/gemm/gemm_0698.json,reports/gemm/gemm_0698/csynth.xml,reports/gemm/gemm_0698/export_impl.xml,reports/gemm/gemm_0698/power_routed.rpt,NO,
gemm_0699,64,64,128,8,8,1,option_3,ijk,ij,,True,YES,YES,YES,configs/gemm/gemm_0699.json,reports/gemm/gemm_0699/csynth.xml,reports/gemm/gemm_0699/export_impl.xml,reports/gemm/gemm_0699/power_routed.rpt,NO,
gemm_0700,64,64,128,8,8,1,option_3,ikj,ij,,True,YES,YES,NO,configs/gemm/gemm_0700.json,reports/gemm/gemm_0700/csynth.xml,,,NO,
gemm_0701,64,64,128,8,8,1,option_3,jik,ji,,True,YES,YES,NO,configs/gemm/gemm_0701.json,reports/gemm/gemm_0701/csynth.xml,,,NO,
gemm_0702,64,64,128,8,8,1,option_3,jki,ji,,True,YES,YES,NO,configs/gemm/gemm_0702.json,reports/gemm/gemm_0702/csynth.xml,,,NO,
gemm_0703,64,64,128,8,8,1,option_3,kij,ij,,True,YES,YES,NO,configs/gemm/gemm_0703.json,reports/gemm/gemm_0703/csynth.xml,,,NO,
gemm_0704,64,64,128,8,8,1,option_3,kji,ji,,True,YES,YES,YES,configs/gemm/gemm_0704.json,reports/gemm/gemm_0704/csynth.xml,reports/gemm/gemm_0704/export_impl.xml,reports/gemm/gemm_0704/power_routed.rpt,NO,
gemm_0705,64,64,128,8,8,1,option_4,,ij,ij,False,YES,YES,NO,configs/gemm/gemm_0705.json,reports/gemm/gemm_0705/csynth.xml,,,NO,
gemm_0706,64,64,128,8,8,1,option_4,,ij,ji,False,YES,YES,NO,configs/gemm/gemm_0706.json,reports/gemm/gemm_0706/csynth.xml,,,NO,
gemm_0707,64,64,128,8,8,1,option_4,,ji,ij,False,YES,YES,NO,configs/gemm/gemm_0707.json,reports/gemm/gemm_0707/csynth.xml,,,NO,
gemm_0708,64,64,128,8,8,1,option_4,,ji,ji,False,YES,YES,NO,configs/gemm/gemm_0708.json,reports/gemm/gemm_0708/csynth.xml,,,NO,
gemm_0709,64,64,128,8,8,1,option_4,,ij,ij,True,YES,YES,NO,configs/gemm/gemm_0709.json,reports/gemm/gemm_0709/csynth.xml,,,NO,
gemm_0710,64,64,128,8,8,1,option_4,,ij,ji,True,YES,YES,NO,configs/gemm/gemm_0710.json,reports/gemm/gemm_0710/csynth.xml,,,NO,
gemm_0711,64,64,128,8,8,1,option_4,,ji,ij,True,YES,YES,YES,configs/gemm/gemm_0711.json,reports/gemm/gemm_0711/csynth.xml,reports/gemm/gemm_0711/export_impl.xml,reports/gemm/gemm_0711/power_routed.rpt,NO,
gemm_0712,64,64,128,8,8,1,option_4,,ji,ji,True,YES,YES,NO,configs/gemm/gemm_0712.json,reports/gemm/gemm_0712/csynth.xml,,,NO,
gemm_0713,64,64,128,8,8,1,option_5,,ij,ij,False,YES,YES,NO,configs/gemm/gemm_0713.json,reports/gemm/gemm_0713/csynth.xml,,,NO,
gemm_0714,64,64,128,8,8,1,option_5,,ij,ji,False,YES,YES,YES,configs/gemm/gemm_0714.json,reports/gemm/gemm_0714/csynth.xml,reports/gemm/gemm_0714/export_impl.xml,reports/gemm/gemm_0714/power_routed.rpt,NO,
gemm_0715,64,64,128,8,8,1,option_5,,ji,ij,False,YES,YES,YES,configs/gemm/gemm_0715.json,reports/gemm/gemm_0715/csynth.xml,reports/gemm/gemm_0715/export_impl.xml,reports/gemm/gemm_0715/power_routed.rpt,NO,
gemm_0716,64,64,128,8,8,1,option_5,,ji,ji,False,YES,YES,NO,configs/gemm/gemm_0716.json,reports/gemm/gemm_0716/csynth.xml,,,NO,
gemm_0717,64,64,128,8,8,1,option_5,,ij,ij,True,YES,YES,NO,configs/gemm/gemm_0717.json,reports/gemm/gemm_0717/csynth.xml,,,NO,
gemm_0718,64,64,128,8,8,1,option_5,,ij,ji,True,YES,YES,NO,configs/gemm/gemm_0718.json,reports/gemm/gemm_0718/csynth.xml,,,NO,
gemm_0719,64,64,128,8,8,1,option_5,,ji,ij,True,YES,YES,NO,configs/gemm/gemm_0719.json,reports/gemm/gemm_0719/csynth.xml,,,NO,
gemm_0720,64,64,128,8,8,1,option_5,,ji,ji,True,YES,YES,NO,configs/gemm/gemm_0720.json,reports/gemm/gemm_0720/csynth.xml,,,NO,
gemm_0721,64,64,128,8,8,8,option_1,,ij,ij,False,YES,YES,NO,configs/gemm/gemm_0721.json,reports/gemm/gemm_0721/csynth.xml,,,NO,
gemm_0722,64,64,128,8,8,8,option_1,,ij,ji,False,YES,YES,NO,configs/gemm/gemm_0722.json,reports/gemm/gemm_0722/csynth.xml,,,NO,
gemm_0723,64,64,128,8,8,8,option_1,,ji,ij,False,YES,YES,NO,configs/gemm/gemm_0723.json,reports/gemm/gemm_0723/csynth.xml,,,NO,
gemm_0724,64,64,128,8,8,8,option_1,,ji,ji,False,YES,YES,YES,configs/gemm/gemm_0724.json,reports/gemm/gemm_0724/csynth.xml,reports/gemm/gemm_0724/export_impl.xml,reports/gemm/gemm_0724/power_routed.rpt,NO,
gemm_0725,64,64,128,8,8,8,option_1,,ij,ij,True,YES,YES,NO,configs/gemm/gemm_0725.json,reports/gemm/gemm_0725/csynth.xml,,,NO,
gemm_0726,64,64,128,8,8,8,option_1,,ij,ji,True,YES,YES,NO,configs/gemm/gemm_0726.json,reports/gemm/gemm_0726/csynth.xml,,,NO,
gemm_0727,64,64,128,8,8,8,option_1,,ji,ij,True,YES,YES,NO,configs/gemm/gemm_0727.json,reports/gemm/gemm_0727/csynth.xml,,,NO,
gemm_0728,64,64,128,8,8,8,option_1,,ji,ji,True,YES,YES,YES,configs/gemm/gemm_0728.json,reports/gemm/gemm_0728/csynth.xml,reports/gemm/gemm_0728/export_impl.xml,reports/gemm/gemm_0728/power_routed.rpt,NO,
gemm_0729,64,64,128,8,8,8,option_2,ijk,ij,,False,YES,YES,NO,configs/gemm/gemm_0729.json,reports/gemm/gemm_0729/csynth.xml,,,NO,
gemm_0730,64,64,128,8,8,8,option_2,ikj,ij,,False,YES,YES,NO,configs/gemm/gemm_0730.json,reports/gemm/gemm_0730/csynth.xml,,,NO,
gemm_0731,64,64,128,8,8,8,option_2,jik,ji,,False,YES,YES,NO,configs/gemm/gemm_0731.json,reports/gemm/gemm_0731/csynth.xml,,,NO,
gemm_0732,64,64,128,8,8,8,option_2,jki,ji,,False,YES,YES,YES,configs/gemm/gemm_0732.json,reports/gemm/gemm_0732/csynth.xml,reports/gemm/gemm_0732/export_impl.xml,reports/gemm/gemm_0732/power_routed.rpt,NO,
gemm_0733,64,64,128,8,8,8,option_2,kij,ij,,False,YES,YES,NO,configs/gemm/gemm_0733.json,reports/gemm/gemm_0733/csynth.xml,,,NO,
gemm_0734,64,64,128,8,8,8,option_2,kji,ji,,False,YES,YES,NO,configs/gemm/gemm_0734.json,reports/gemm/gemm_0734/csynth.xml,,,NO,
gemm_0735,64,64,128,8,8,8,option_2,ijk,ij,,True,YES,YES,NO,configs/gemm/gemm_0735.json,reports/gemm/gemm_0735/csynth.xml,,,NO,
gemm_0736,64,64,128,8,8,8,option_2,ikj,ij,,True,YES,YES,NO,configs/gemm/gemm_0736.json,reports/gemm/gemm_0736/csynth.xml,,,NO,
gemm_0737,64,64,128,8,8,8,option_2,jik,ji,,True,YES,YES,NO,configs/gemm/gemm_0737.json,reports/gemm/gemm_0737/csynth.xml,,,NO,
gemm_0738,64,64,128,8,8,8,option_2,jki,ji,,True,YES,YES,NO,configs/gemm/gemm_0738.json,reports/gemm/gemm_0738/csynth.xml,,,NO,
gemm_0739,64,64,128,8,8,8,option_2,kij,ij,,True,YES,YES,NO,configs/gemm/gemm_0739.json,reports/gemm/gemm_0739/csynth.xml,,,NO,
gemm_0740,64,64,128,8,8,8,option_2,kji,ji,,True,YES,YES,NO,configs/gemm/gemm_0740.json,reports/gemm/gemm_0740/csynth.xml,,,NO,
gemm_0741,64,64,128,8,8,8,option_3,ijk,ij,,False,YES,YES,NO,configs/gemm/gemm_0741.json,reports/gemm/gemm_0741/csynth.xml,,,NO,
gemm_0742,64,64,128,8,8,8,option_3,ikj,ij,,False,YES,YES,NO,configs/gemm/gemm_0742.json,reports/gemm/gemm_0742/csynth.xml,,,NO,
gemm_0743,64,64,128,8,8,8,option_3,jik,ji,,False,YES,YES,NO,configs/gemm/gemm_0743.json,reports/gemm/gemm_0743/csynth.xml,,,NO,
gemm_0744,64,64,128,8,8,8,option_3,jki,ji,,False,YES,YES,NO,configs/gemm/gemm_0744.json,reports/gemm/gemm_0744/csynth.xml,,,NO,
gemm_0745,64,64,128,8,8,8,option_3,kij,ij,,False,YES,YES,NO,configs/gemm/gemm_0745.json,reports/gemm/gemm_0745/csynth.xml,,,NO,
gemm_0746,64,64,128,8,8,8,option_3,kji,ji,,False,YES,YES,YES,configs/gemm/gemm_0746.json,reports/gemm/gemm_0746/csynth.xml,reports/gemm/gemm_0746/export_impl.xml,reports/gemm/gemm_0746/power_routed.rpt,NO,
gemm_0747,64,64,128,8,8,8,option_3,ijk,ij,,True,YES,YES,NO,configs/gemm/gemm_0747.json,reports/gemm/gemm_0747/csynth.xml,,,NO,
gemm_0748,64,64,128,8,8,8,option_3,ikj,ij,,True,YES,YES,YES,configs/gemm/gemm_0748.json,reports/gemm/gemm_0748/csynth.xml,reports/gemm/gemm_0748/export_impl.xml,reports/gemm/gemm_0748/power_routed.rpt,NO,
gemm_0749,64,64,128,8,8,8,option_3,jik,ji,,True,YES,YES,NO,configs/gemm/gemm_0749.json,reports/gemm/gemm_0749/csynth.xml,,,NO,
gemm_0750,64,64,128,8,8,8,option_3,jki,ji,,True,YES,YES,NO,configs/gemm/gemm_0750.json,reports/gemm/gemm_0750/csynth.xml,,,NO,
gemm_0751,64,64,128,8,8,8,option_3,kij,ij,,True,YES,YES,NO,configs/gemm/gemm_0751.json,reports/gemm/gemm_0751/csynth.xml,,,NO,
gemm_0752,64,64,128,8,8,8,option_3,kji,ji,,True,YES,YES,NO,configs/gemm/gemm_0752.json,reports/gemm/gemm_0752/csynth.xml,,,NO,
gemm_0753,64,64,128,8,8,8,option_4,,ij,ij,False,YES,YES,NO,configs/gemm/gemm_0753.json,reports/gemm/gemm_0753/csynth.xml,,,NO,
gemm_0754,64,64,128,8,8,8,option_4,,ij,ji,False,YES,YES,NO,configs/gemm/gemm_0754.json,reports/gemm/gemm_0754/csynth.xml,,,NO,
gemm_0755,64,64,128,8,8,8,option_4,,ji,ij,False,YES,YES,NO,configs/gemm/gemm_0755.json,reports/gemm/gemm_0755/csynth.xml,,,NO,
gemm_0756,64,64,128,8,8,8,option_4,,ji,ji,False,YES,YES,NO,configs/gemm/gemm_0756.json,reports/gemm/gemm_0756/csynth.xml,,,NO,
gemm_0757,64,64,128,8,8,8,option_4,,ij,ij,True,YES,YES,NO,configs/gemm/gemm_0757.json,reports/gemm/gemm_0757/csynth.xml,,,NO,
gemm_0758,64,64,128,8,8,8,option_4,,ij,ji,True,YES,YES,NO,configs/gemm/gemm_0758.json,reports/gemm/gemm_0758/csynth.xml,,,NO,
gemm_0759,64,64,128,8,8,8,option_4,,ji,ij,True,YES,YES,NO,configs/gemm/gemm_0759.json,reports/gemm/gemm_0759/csynth.xml,,,NO,
gemm_0760,64,64,128,8,8,8,option_4,,ji,ji,True,YES,YES,YES,configs/gemm/gemm_0760.json,reports/gemm/gemm_0760/csynth.xml,reports/gemm/gemm_0760/export_impl.xml,reports/gemm/gemm_0760/power_routed.rpt,NO,
gemm_0761,64,64,128,8,8,8,option_5,,ij,ij,False,YES,YES,NO,configs/gemm/gemm_0761.json,reports/gemm/gemm_0761/csynth.xml,,,NO,
gemm_0762,64,64,128,8,8,8,option_5,,ij,ji,False,YES,YES,YES,configs/gemm/gemm_0762.json,reports/gemm/gemm_0762/csynth.xml,reports/gemm/gemm_0762/export_impl.xml,reports/gemm/gemm_0762/power_routed.rpt,NO,
gemm_0763,64,64,128,8,8,8,option_5,,ji,ij,False,YES,YES,YES,configs/gemm/gemm_0763.json,reports/gemm/gemm_0763/csynth.xml,reports/gemm/gemm_0763/export_impl.xml,reports/gemm/gemm_0763/power_routed.rpt,NO,
gemm_0764,64,64,128,8,8,8,option_5,,ji,ji,False,YES,YES,YES,configs/gemm/gemm_0764.json,reports/gemm/gemm_0764/csynth.xml,reports/gemm/gemm_0764/export_impl.xml,reports/gemm/gemm_0764/power_routed.rpt,NO,
gemm_0765,64,64,128,8,8,8,option_5,,ij,ij,True,YES,YES,NO,configs/gemm/gemm_0765.json,reports/gemm/gemm_0765/csynth.xml,,,NO,
gemm_0766,64,64,128,8,8,8,option_5,,ij,ji,True,YES,YES,NO,configs/gemm/gemm_0766.json,reports/gemm/gemm_0766/csynth.xml,,,NO,
gemm_0767,64,64,128,8,8,8,option_5,,ji,ij,True,YES,YES,NO,configs/gemm/gemm_0767.json,reports/gemm/gemm_0767/csynth.xml,,,NO,
gemm_0768,64,64,128,8,8,8,option_5,,ji,ji,True,YES,YES,NO,configs/gemm/gemm_0768.json,reports/gemm/gemm_0768/csynth.xml,,,NO,
gemm_0769,64,128,64,1,1,1,option_1,,ij,ij,False,YES,YES,YES,configs/gemm/gemm_0769.json,reports/gemm/gemm_0769/csynth.xml,reports/gemm/gemm_0769/export_impl.xml,reports/gemm/gemm_0769/power_routed.rpt,NO,
gemm_0770,64,128,64,1,1,1,option_1,,ij,ji,False,YES,YES,YES,configs/gemm/gemm_0770.json,reports/gemm/gemm_0770/csynth.xml,reports/gemm/gemm_0770/export_impl.xml,reports/gemm/gemm_0770/power_routed.rpt,NO,
gemm_0771,64,128,64,1,1,1,option_1,,ji,ij,False,YES,YES,YES,configs/gemm/gemm_0771.json,reports/gemm/gemm_0771/csynth.xml,reports/gemm/gemm_0771/export_impl.xml,reports/gemm/gemm_0771/power_routed.rpt,NO,
gemm_0772,64,128,64,1,1,1,option_1,,ji,ji,False,YES,YES,YES,configs/gemm/gemm_0772.json,reports/gemm/gemm_0772/csynth.xml,reports/gemm/gemm_0772/export_impl.xml,reports/gemm/gemm_0772/power_routed.rpt,NO,
gemm_0773,64,128,64,1,1,1,option_1,,ij,ij,True,YES,YES,YES,configs/gemm/gemm_0773.json,reports/gemm/gemm_0773/csynth.xml,reports/gemm/gemm_0773/export_impl.xml,reports/gemm/gemm_0773/power_routed.rpt,NO,
gemm_0774,64,128,64,1,1,1,option_1,,ij,ji,True,YES,YES,YES,configs/gemm/gemm_0774.json,reports/gemm/gemm_0774/csynth.xml,reports/gemm/gemm_0774/export_impl.xml,reports/gemm/gemm_0774/power_routed.rpt,NO,
gemm_0775,64,128,64,1,1,1,option_1,,ji,ij,True,YES,YES,YES,configs/gemm/gemm_0775.json,reports/gemm/gemm_0775/csynth.xml,reports/gemm/gemm_0775/export_impl.xml,reports/gemm/gemm_0775/power_routed.rpt,NO,
gemm_0776,64,128,64,1,1,1,option_1,,ji,ji,True,YES,YES,YES,configs/gemm/gemm_0776.json,reports/gemm/gemm_0776/csynth.xml,reports/gemm/gemm_0776/export_impl.xml,reports/gemm/gemm_0776/power_routed.rpt,NO,
gemm_0777,64,128,64,1,1,1,option_2,ijk,ij,,False,YES,YES,YES,configs/gemm/gemm_0777.json,reports/gemm/gemm_0777/csynth.xml,reports/gemm/gemm_0777/export_impl.xml,reports/gemm/gemm_0777/power_routed.rpt,NO,
gemm_0778,64,128,64,1,1,1,option_2,ikj,ij,,False,YES,YES,YES,configs/gemm/gemm_0778.json,reports/gemm/gemm_0778/csynth.xml,reports/gemm/gemm_0778/export_impl.xml,reports/gemm/gemm_0778/power_routed.rpt,NO,
gemm_0779,64,128,64,1,1,1,option_2,jik,ji,,False,YES,YES,YES,configs/gemm/gemm_0779.json,reports/gemm/gemm_0779/csynth.xml,reports/gemm/gemm_0779/export_impl.xml,reports/gemm/gemm_0779/power_routed.rpt,NO,
gemm_0780,64,128,64,1,1,1,option_2,jki,ji,,False,YES,YES,YES,configs/gemm/gemm_0780.json,reports/gemm/gemm_0780/csynth.xml,reports/gemm/gemm_0780/export_impl.xml,reports/gemm/gemm_0780/power_routed.rpt,NO,
gemm_0781,64,128,64,1,1,1,option_2,kij,ij,,False,YES,YES,YES,configs/gemm/gemm_0781.json,reports/gemm/gemm_0781/csynth.xml,reports/gemm/gemm_0781/export_impl.xml,reports/gemm/gemm_0781/power_routed.rpt,NO,
gemm_0782,64,128,64,1,1,1,option_2,kji,ji,,False,YES,YES,YES,configs/gemm/gemm_0782.json,reports/gemm/gemm_0782/csynth.xml,reports/gemm/gemm_0782/export_impl.xml,reports/gemm/gemm_0782/power_routed.rpt,NO,
gemm_0783,64,128,64,1,1,1,option_2,ijk,ij,,True,YES,YES,YES,configs/gemm/gemm_0783.json,reports/gemm/gemm_0783/csynth.xml,reports/gemm/gemm_0783/export_impl.xml,reports/gemm/gemm_0783/power_routed.rpt,NO,
gemm_0784,64,128,64,1,1,1,option_2,ikj,ij,,True,YES,YES,YES,configs/gemm/gemm_0784.json,reports/gemm/gemm_0784/csynth.xml,reports/gemm/gemm_0784/export_impl.xml,reports/gemm/gemm_0784/power_routed.rpt,NO,
gemm_0785,64,128,64,1,1,1,option_2,jik,ji,,True,YES,YES,YES,configs/gemm/gemm_0785.json,reports/gemm/gemm_0785/csynth.xml,reports/gemm/gemm_0785/export_impl.xml,reports/gemm/gemm_0785/power_routed.rpt,NO,
gemm_0786,64,128,64,1,1,1,option_2,jki,ji,,True,YES,YES,YES,configs/gemm/gemm_0786.json,reports/gemm/gemm_0786/csynth.xml,reports/gemm/gemm_0786/export_impl.xml,reports/gemm/gemm_0786/power_routed.rpt,NO,
gemm_0787,64,128,64,1,1,1,option_2,kij,ij,,True,YES,YES,YES,configs/gemm/gemm_0787.json,reports/gemm/gemm_0787/csynth.xml,reports/gemm/gemm_0787/export_impl.xml,reports/gemm/gemm_0787/power_routed.rpt,NO,
gemm_0788,64,128,64,1,1,1,option_2,kji,ji,,True,YES,YES,YES,configs/gemm/gemm_0788.json,reports/gemm/gemm_0788/csynth.xml,reports/gemm/gemm_0788/export_impl.xml,reports/gemm/gemm_0788/power_routed.rpt,NO,
gemm_0789,64,128,64,1,1,1,option_3,ijk,ij,,False,YES,YES,YES,configs/gemm/gemm_0789.json,reports/gemm/gemm_0789/csynth.xml,reports/gemm/gemm_0789/export_impl.xml,reports/gemm/gemm_0789/power_routed.rpt,NO,
gemm_0790,64,128,64,1,1,1,option_3,ikj,ij,,False,YES,YES,YES,configs/gemm/gemm_0790.json,reports/gemm/gemm_0790/csynth.xml,reports/gemm/gemm_0790/export_impl.xml,reports/gemm/gemm_0790/power_routed.rpt,NO,
gemm_0791,64,128,64,1,1,1,option_3,jik,ji,,False,YES,YES,YES,configs/gemm/gemm_0791.json,reports/gemm/gemm_0791/csynth.xml,reports/gemm/gemm_0791/export_impl.xml,reports/gemm/gemm_0791/power_routed.rpt,NO,
gemm_0792,64,128,64,1,1,1,option_3,jki,ji,,False,YES,YES,YES,configs/gemm/gemm_0792.json,reports/gemm/gemm_0792/csynth.xml,reports/gemm/gemm_0792/export_impl.xml,reports/gemm/gemm_0792/power_routed.rpt,NO,
gemm_0793,64,128,64,1,1,1,option_3,kij,ij,,False,YES,YES,YES,configs/gemm/gemm_0793.json,reports/gemm/gemm_0793/csynth.xml,reports/gemm/gemm_0793/export_impl.xml,reports/gemm/gemm_0793/power_routed.rpt,NO,
gemm_0794,64,128,64,1,1,1,option_3,kji,ji,,False,YES,YES,YES,configs/gemm/gemm_0794.json,reports/gemm/gemm_0794/csynth.xml,reports/gemm/gemm_0794/export_impl.xml,reports/gemm/gemm_0794/power_routed.rpt,NO,
gemm_0795,64,128,64,1,1,1,option_3,ijk,ij,,True,YES,YES,YES,configs/gemm/gemm_0795.json,reports/gemm/gemm_0795/csynth.xml,reports/gemm/gemm_0795/export_impl.xml,reports/gemm/gemm_0795/power_routed.rpt,NO,
gemm_0796,64,128,64,1,1,1,option_3,ikj,ij,,True,YES,YES,YES,configs/gemm/gemm_0796.json,reports/gemm/gemm_0796/csynth.xml,reports/gemm/gemm_0796/export_impl.xml,reports/gemm/gemm_0796/power_routed.rpt,NO,
gemm_0797,64,128,64,1,1,1,option_3,jik,ji,,True,YES,YES,YES,configs/gemm/gemm_0797.json,reports/gemm/gemm_0797/csynth.xml,reports/gemm/gemm_0797/export_impl.xml,reports/gemm/gemm_0797/power_routed.rpt,NO,
gemm_0798,64,128,64,1,1,1,option_3,jki,ji,,True,YES,YES,YES,configs/gemm/gemm_0798.json,reports/gemm/gemm_0798/csynth.xml,reports/gemm/gemm_0798/export_impl.xml,reports/gemm/gemm_0798/power_routed.rpt,NO,
gemm_0799,64,128,64,1,1,1,option_3,kij,ij,,True,YES,YES,YES,configs/gemm/gemm_0799.json,reports/gemm/gemm_0799/csynth.xml,reports/gemm/gemm_0799/export_impl.xml,reports/gemm/gemm_0799/power_routed.rpt,NO,
gemm_0800,64,128,64,1,1,1,option_3,kji,ji,,True,YES,YES,YES,configs/gemm/gemm_0800.json,reports/gemm/gemm_0800/csynth.xml,reports/gemm/gemm_0800/export_impl.xml,reports/gemm/gemm_0800/power_routed.rpt,NO,
gemm_0801,64,128,64,1,1,1,option_4,,ij,ij,False,YES,YES,YES,configs/gemm/gemm_0801.json,reports/gemm/gemm_0801/csynth.xml,reports/gemm/gemm_0801/export_impl.xml,reports/gemm/gemm_0801/power_routed.rpt,NO,
gemm_0802,64,128,64,1,1,1,option_4,,ij,ji,False,YES,YES,YES,configs/gemm/gemm_0802.json,reports/gemm/gemm_0802/csynth.xml,reports/gemm/gemm_0802/export_impl.xml,reports/gemm/gemm_0802/power_routed.rpt,NO,
gemm_0803,64,128,64,1,1,1,option_4,,ji,ij,False,YES,YES,YES,configs/gemm/gemm_0803.json,reports/gemm/gemm_0803/csynth.xml,reports/gemm/gemm_0803/export_impl.xml,reports/gemm/gemm_0803/power_routed.rpt,NO,
gemm_0804,64,128,64,1,1,1,option_4,,ji,ji,False,YES,YES,YES,configs/gemm/gemm_0804.json,reports/gemm/gemm_0804/csynth.xml,reports/gemm/gemm_0804/export_impl.xml,reports/gemm/gemm_0804/power_routed.rpt,NO,
gemm_0805,64,128,64,1,1,1,option_4,,ij,ij,True,YES,YES,YES,configs/gemm/gemm_0805.json,reports/gemm/gemm_0805/csynth.xml,reports/gemm/gemm_0805/export_impl.xml,reports/gemm/gemm_0805/power_routed.rpt,NO,
gemm_0806,64,128,64,1,1,1,option_4,,ij,ji,True,YES,YES,YES,configs/gemm/gemm_0806.json,reports/gemm/gemm_0806/csynth.xml,reports/gemm/gemm_0806/export_impl.xml,reports/gemm/gemm_0806/power_routed.rpt,NO,
gemm_0807,64,128,64,1,1,1,option_4,,ji,ij,True,YES,YES,YES,configs/gemm/gemm_0807.json,reports/gemm/gemm_0807/csynth.xml,reports/gemm/gemm_0807/export_impl.xml,reports/gemm/gemm_0807/power_routed.rpt,NO,
gemm_0808,64,128,64,1,1,1,option_4,,ji,ji,True,YES,YES,YES,configs/gemm/gemm_0808.json,reports/gemm/gemm_0808/csynth.xml,reports/gemm/gemm_0808/export_impl.xml,reports/gemm/gemm_0808/power_routed.rpt,NO,
gemm_0809,64,128,64,1,1,1,option_5,,ij,ij,False,YES,YES,YES,configs/gemm/gemm_0809.json,reports/gemm/gemm_0809/csynth.xml,reports/gemm/gemm_0809/export_impl.xml,reports/gemm/gemm_0809/power_routed.rpt,NO,
gemm_0810,64,128,64,1,1,1,option_5,,ij,ji,False,YES,YES,YES,configs/gemm/gemm_0810.json,reports/gemm/gemm_0810/csynth.xml,reports/gemm/gemm_0810/export_impl.xml,reports/gemm/gemm_0810/power_routed.rpt,NO,
gemm_0811,64,128,64,1,1,1,option_5,,ji,ij,False,YES,YES,YES,configs/gemm/gemm_0811.json,reports/gemm/gemm_0811/csynth.xml,reports/gemm/gemm_0811/export_impl.xml,reports/gemm/gemm_0811/power_routed.rpt,NO,
gemm_0812,64,128,64,1,1,1,option_5,,ji,ji,False,YES,YES,YES,configs/gemm/gemm_0812.json,reports/gemm/gemm_0812/csynth.xml,reports/gemm/gemm_0812/export_impl.xml,reports/gemm/gemm_0812/power_routed.rpt,NO,
gemm_0813,64,128,64,1,1,1,option_5,,ij,ij,True,YES,YES,YES,configs/gemm/gemm_0813.json,reports/gemm/gemm_0813/csynth.xml,reports/gemm/gemm_0813/export_impl.xml,reports/gemm/gemm_0813/power_routed.rpt,NO,
gemm_0814,64,128,64,1,1,1,option_5,,ij,ji,True,YES,YES,YES,configs/gemm/gemm_0814.json,reports/gemm/gemm_0814/csynth.xml,reports/gemm/gemm_0814/export_impl.xml,reports/gemm/gemm_0814/power_routed.rpt,NO,
gemm_0815,64,128,64,1,1,1,option_5,,ji,ij,True,YES,YES,YES,configs/gemm/gemm_0815.json,reports/gemm/gemm_0815/csynth.xml,reports/gemm/gemm_0815/export_impl.xml,reports/gemm/gemm_0815/power_routed.rpt,NO,
gemm_0816,64,128,64,1,1,1,option_5,,ji,ji,True,YES,YES,YES,configs/gemm/gemm_0816.json,reports/gemm/gemm_0816/csynth.xml,reports/gemm/gemm_0816/export_impl.xml,reports/gemm/gemm_0816/power_routed.rpt,NO,
gemm_0817,64,128,64,1,1,8,option_1,,ij,ij,False,YES,YES,YES,configs/gemm/gemm_0817.json,reports/gemm/gemm_0817/csynth.xml,reports/gemm/gemm_0817/export_impl.xml,reports/gemm/gemm_0817/power_routed.rpt,NO,
gemm_0818,64,128,64,1,1,8,option_1,,ij,ji,False,YES,YES,NO,configs/gemm/gemm_0818.json,reports/gemm/gemm_0818/csynth.xml,,,NO,
gemm_0819,64,128,64,1,1,8,option_1,,ji,ij,False,YES,YES,NO,configs/gemm/gemm_0819.json,reports/gemm/gemm_0819/csynth.xml,,,NO,
gemm_0820,64,128,64,1,1,8,option_1,,ji,ji,False,YES,YES,NO,configs/gemm/gemm_0820.json,reports/gemm/gemm_0820/csynth.xml,,,NO,
gemm_0821,64,128,64,1,1,8,option_1,,ij,ij,True,YES,YES,NO,configs/gemm/gemm_0821.json,reports/gemm/gemm_0821/csynth.xml,,,NO,
gemm_0822,64,128,64,1,1,8,option_1,,ij,ji,True,YES,YES,NO,configs/gemm/gemm_0822.json,reports/gemm/gemm_0822/csynth.xml,,,NO,
gemm_0823,64,128,64,1,1,8,option_1,,ji,ij,True,YES,YES,NO,configs/gemm/gemm_0823.json,reports/gemm/gemm_0823/csynth.xml,,,NO,
gemm_0824,64,128,64,1,1,8,option_1,,ji,ji,True,YES,YES,YES,configs/gemm/gemm_0824.json,reports/gemm/gemm_0824/csynth.xml,reports/gemm/gemm_0824/export_impl.xml,reports/gemm/gemm_0824/power_routed.rpt,NO,
gemm_0825,64,128,64,1,1,8,option_2,ijk,ij,,False,YES,YES,NO,configs/gemm/gemm_0825.json,reports/gemm/gemm_0825/csynth.xml,,,NO,
gemm_0826,64,128,64,1,1,8,option_2,ikj,ij,,False,YES,YES,YES,configs/gemm/gemm_0826.json,reports/gemm/gemm_0826/csynth.xml,reports/gemm/gemm_0826/export_impl.xml,reports/gemm/gemm_0826/power_routed.rpt,NO,
gemm_0827,64,128,64,1,1,8,option_2,jik,ji,,False,YES,YES,NO,configs/gemm/gemm_0827.json,reports/gemm/gemm_0827/csynth.xml,,,NO,
gemm_0828,64,128,64,1,1,8,option_2,jki,ji,,False,YES,YES,NO,configs/gemm/gemm_0828.json,reports/gemm/gemm_0828/csynth.xml,,,NO,
gemm_0829,64,128,64,1,1,8,option_2,kij,ij,,False,YES,YES,NO,configs/gemm/gemm_0829.json,reports/gemm/gemm_0829/csynth.xml,,,NO,
gemm_0830,64,128,64,1,1,8,option_2,kji,ji,,False,YES,YES,NO,configs/gemm/gemm_0830.json,reports/gemm/gemm_0830/csynth.xml,,,NO,
gemm_0831,64,128,64,1,1,8,option_2,ijk,ij,,True,YES,YES,YES,configs/gemm/gemm_0831.json,reports/gemm/gemm_0831/csynth.xml,reports/gemm/gemm_0831/export_impl.xml,reports/gemm/gemm_0831/power_routed.rpt,NO,
gemm_0832,64,128,64,1,1,8,option_2,ikj,ij,,True,YES,YES,NO,configs/gemm/gemm_0832.json,reports/gemm/gemm_0832/csynth.xml,,,NO,
gemm_0833,64,128,64,1,1,8,option_2,jik,ji,,True,YES,YES,NO,configs/gemm/gemm_0833.json,reports/gemm/gemm_0833/csynth.xml,,,NO,
gemm_0834,64,128,64,1,1,8,option_2,jki,ji,,True,YES,YES,NO,configs/gemm/gemm_0834.json,reports/gemm/gemm_0834/csynth.xml,,,NO,
gemm_0835,64,128,64,1,1,8,option_2,kij,ij,,True,YES,YES,NO,configs/gemm/gemm_0835.json,reports/gemm/gemm_0835/csynth.xml,,,NO,
gemm_0836,64,128,64,1,1,8,option_2,kji,ji,,True,YES,YES,YES,configs/gemm/gemm_0836.json,reports/gemm/gemm_0836/csynth.xml,reports/gemm/gemm_0836/export_impl.xml,reports/gemm/gemm_0836/power_routed.rpt,NO,
gemm_0837,64,128,64,1,1,8,option_3,ijk,ij,,False,YES,YES,NO,configs/gemm/gemm_0837.json,reports/gemm/gemm_0837/csynth.xml,,,NO,
gemm_0838,64,128,64,1,1,8,option_3,ikj,ij,,False,YES,YES,NO,configs/gemm/gemm_0838.json,reports/gemm/gemm_0838/csynth.xml,,,NO,
gemm_0839,64,128,64,1,1,8,option_3,jik,ji,,False,YES,YES,NO,configs/gemm/gemm_0839.json,reports/gemm/gemm_0839/csynth.xml,,,NO,
gemm_0840,64,128,64,1,1,8,option_3,jki,ji,,False,YES,YES,NO,configs/gemm/gemm_0840.json,reports/gemm/gemm_0840/csynth.xml,,,NO,
gemm_0841,64,128,64,1,1,8,option_3,kij,ij,,False,YES,YES,NO,configs/gemm/gemm_0841.json,reports/gemm/gemm_0841/csynth.xml,,,NO,
gemm_0842,64,128,64,1,1,8,option_3,kji,ji,,False,YES,YES,YES,configs/gemm/gemm_0842.json,reports/gemm/gemm_0842/csynth.xml,reports/gemm/gemm_0842/export_impl.xml,reports/gemm/gemm_0842/power_routed.rpt,NO,
gemm_0843,64,128,64,1,1,8,option_3,ijk,ij,,True,YES,YES,NO,configs/gemm/gemm_0843.json,reports/gemm/gemm_0843/csynth.xml,,,NO,
gemm_0844,64,128,64,1,1,8,option_3,ikj,ij,,True,YES,YES,YES,configs/gemm/gemm_0844.json,reports/gemm/gemm_0844/csynth.xml,reports/gemm/gemm_0844/export_impl.xml,reports/gemm/gemm_0844/power_routed.rpt,NO,
gemm_0845,64,128,64,1,1,8,option_3,jik,ji,,True,YES,YES,YES,configs/gemm/gemm_0845.json,reports/gemm/gemm_0845/csynth.xml,reports/gemm/gemm_0845/export_impl.xml,reports/gemm/gemm_0845/power_routed.rpt,NO,
gemm_0846,64,128,64,1,1,8,option_3,jki,ji,,True,YES,YES,YES,configs/gemm/gemm_0846.json,reports/gemm/gemm_0846/csynth.xml,reports/gemm/gemm_0846/export_impl.xml,reports/gemm/gemm_0846/power_routed.rpt,NO,
gemm_0847,64,128,64,1,1,8,option_3,kij,ij,,True,YES,YES,NO,configs/gemm/gemm_0847.json,reports/gemm/gemm_0847/csynth.xml,,,NO,
gemm_0848,64,128,64,1,1,8,option_3,kji,ji,,True,YES,YES,NO,configs/gemm/gemm_0848.json,reports/gemm/gemm_0848/csynth.xml,,,NO,
gemm_0849,64,128,64,1,1,8,option_4,,ij,ij,False,YES,YES,NO,configs/gemm/gemm_0849.json,reports/gemm/gemm_0849/csynth.xml,,,NO,
gemm_0850,64,128,64,1,1,8,option_4,,ij,ji,False,YES,YES,NO,configs/gemm/gemm_0850.json,reports/gemm/gemm_0850/csynth.xml,,,NO,
gemm_0851,64,128,64,1,1,8,option_4,,ji,ij,False,YES,YES,YES,configs/gemm/gemm_0851.json,reports/gemm/gemm_0851/csynth.xml,reports/gemm/gemm_0851/export_impl.xml,reports/gemm/gemm_0851/power_routed.rpt,NO,
gemm_0852,64,128,64,1,1,8,option_4,,ji,ji,False,YES,YES,NO,configs/gemm/gemm_0852.json,reports/gemm/gemm_0852/csynth.xml,,,NO,
gemm_0853,64,128,64,1,1,8,option_4,,ij,ij,True,YES,YES,NO,configs/gemm/gemm_0853.json,reports/gemm/gemm_0853/csynth.xml,,,NO,
gemm_0854,64,128,64,1,1,8,option_4,,ij,ji,True,YES,YES,NO,configs/gemm/gemm_0854.json,reports/gemm/gemm_0854/csynth.xml,,,NO,
gemm_0855,64,128,64,1,1,8,option_4,,ji,ij,True,YES,YES,NO,configs/gemm/gemm_0855.json,reports/gemm/gemm_0855/csynth.xml,,,NO,
gemm_0856,64,128,64,1,1,8,option_4,,ji,ji,True,YES,YES,NO,configs/gemm/gemm_0856.json,reports/gemm/gemm_0856/csynth.xml,,,NO,
gemm_0857,64,128,64,1,1,8,option_5,,ij,ij,False,YES,YES,NO,configs/gemm/gemm_0857.json,reports/gemm/gemm_0857/csynth.xml,,,NO,
gemm_0858,64,128,64,1,1,8,option_5,,ij,ji,False,YES,YES,NO,configs/gemm/gemm_0858.json,reports/gemm/gemm_0858/csynth.xml,,,NO,
gemm_0859,64,128,64,1,1,8,option_5,,ji,ij,False,YES,YES,NO,configs/gemm/gemm_0859.json,reports/gemm/gemm_0859/csynth.xml,,,NO,
gemm_0860,64,128,64,1,1,8,option_5,,ji,ji,False,YES,YES,NO,configs/gemm/gemm_0860.json,reports/gemm/gemm_0860/csynth.xml,,,NO,
gemm_0861,64,128,64,1,1,8,option_5,,ij,ij,True,YES,YES,NO,configs/gemm/gemm_0861.json,reports/gemm/gemm_0861/csynth.xml,,,NO,
gemm_0862,64,128,64,1,1,8,option_5,,ij,ji,True,YES,YES,YES,configs/gemm/gemm_0862.json,reports/gemm/gemm_0862/csynth.xml,reports/gemm/gemm_0862/export_impl.xml,reports/gemm/gemm_0862/power_routed.rpt,NO,
gemm_0863,64,128,64,1,1,8,option_5,,ji,ij,True,YES,YES,NO,configs/gemm/gemm_0863.json,reports/gemm/gemm_0863/csynth.xml,,,NO,
gemm_0864,64,128,64,1,1,8,option_5,,ji,ji,True,YES,YES,NO,configs/gemm/gemm_0864.json,reports/gemm/gemm_0864/csynth.xml,,,NO,
gemm_0865,64,128,64,1,8,1,option_1,,ij,ij,False,YES,YES,NO,configs/gemm/gemm_0865.json,reports/gemm/gemm_0865/csynth.xml,,,NO,
gemm_0866,64,128,64,1,8,1,option_1,,ij,ji,False,YES,YES,NO,configs/gemm/gemm_0866.json,reports/gemm/gemm_0866/csynth.xml,,,NO,
gemm_0867,64,128,64,1,8,1,option_1,,ji,ij,False,YES,YES,NO,configs/gemm/gemm_0867.json,reports/gemm/gemm_0867/csynth.xml,,,NO,
gemm_0868,64,128,64,1,8,1,option_1,,ji,ji,False,YES,YES,YES,configs/gemm/gemm_0868.json,reports/gemm/gemm_0868/csynth.xml,reports/gemm/gemm_0868/export_impl.xml,reports/gemm/gemm_0868/power_routed.rpt,NO,
gemm_0869,64,128,64,1,8,1,option_1,,ij,ij,True,YES,YES,NO,configs/gemm/gemm_0869.json,reports/gemm/gemm_0869/csynth.xml,,,NO,
gemm_0870,64,128,64,1,8,1,option_1,,ij,ji,True,YES,YES,NO,configs/gemm/gemm_0870.json,reports/gemm/gemm_0870/csynth.xml,,,NO,
gemm_0871,64,128,64,1,8,1,option_1,,ji,ij,True,YES,YES,NO,configs/gemm/gemm_0871.json,reports/gemm/gemm_0871/csynth.xml,,,NO,
gemm_0872,64,128,64,1,8,1,option_1,,ji,ji,True,YES,YES,NO,configs/gemm/gemm_0872.json,reports/gemm/gemm_0872/csynth.xml,,,NO,
gemm_0873,64,128,64,1,8,1,option_2,ijk,ij,,False,YES,YES,NO,configs/gemm/gemm_0873.json,reports/gemm/gemm_0873/csynth.xml,,,NO,
gemm_0874,64,128,64,1,8,1,option_2,ikj,ij,,False,YES,YES,NO,configs/gemm/gemm_0874.json,reports/gemm/gemm_0874/csynth.xml,,,NO,
gemm_0875,64,128,64,1,8,1,option_2,jik,ji,,False,YES,YES,NO,configs/gemm/gemm_0875.json,reports/gemm/gemm_0875/csynth.xml,,,NO,
gemm_0876,64,128,64,1,8,1,option_2,jki,ji,,False,YES,YES,NO,configs/gemm/gemm_0876.json,reports/gemm/gemm_0876/csynth.xml,,,NO,
gemm_0877,64,128,64,1,8,1,option_2,kij,ij,,False,YES,YES,NO,configs/gemm/gemm_0877.json,reports/gemm/gemm_0877/csynth.xml,,,NO,
gemm_0878,64,128,64,1,8,1,option_2,kji,ji,,False,YES,YES,NO,configs/gemm/gemm_0878.json,reports/gemm/gemm_0878/csynth.xml,,,NO,
gemm_0879,64,128,64,1,8,1,option_2,ijk,ij,,True,YES,YES,NO,configs/gemm/gemm_0879.json,reports/gemm/gemm_0879/csynth.xml,,,NO,
gemm_0880,64,128,64,1,8,1,option_2,ikj,ij,,True,YES,YES,NO,configs/gemm/gemm_0880.json,reports/gemm/gemm_0880/csynth.xml,,,NO,
gemm_0881,64,128,64,1,8,1,option_2,jik,ji,,True,YES,YES,YES,configs/gemm/gemm_0881.json,reports/gemm/gemm_0881/csynth.xml,reports/gemm/gemm_0881/export_impl.xml,reports/gemm/gemm_0881/power_routed.rpt,NO,
gemm_0882,64,128,64,1,8,1,option_2,jki,ji,,True,YES,YES,YES,configs/gemm/gemm_0882.json,reports/gemm/gemm_0882/csynth.xml,reports/gemm/gemm_0882/export_impl.xml,reports/gemm/gemm_0882/power_routed.rpt,NO,
gemm_0883,64,128,64,1,8,1,option_2,kij,ij,,True,YES,YES,NO,configs/gemm/gemm_0883.json,reports/gemm/gemm_0883/csynth.xml,,,NO,
gemm_0884,64,128,64,1,8,1,option_2,kji,ji,,True,YES,YES,NO,configs/gemm/gemm_0884.json,reports/gemm/gemm_0884/csynth.xml,,,NO,
gemm_0885,64,128,64,1,8,1,option_3,ijk,ij,,False,YES,YES,NO,configs/gemm/gemm_0885.json,reports/gemm/gemm_0885/csynth.xml,,,NO,
gemm_0886,64,128,64,1,8,1,option_3,ikj,ij,,False,YES,YES,NO,configs/gemm/gemm_0886.json,reports/gemm/gemm_0886/csynth.xml,,,NO,
gemm_0887,64,128,64,1,8,1,option_3,jik,ji,,False,YES,YES,YES,configs/gemm/gemm_0887.json,reports/gemm/gemm_0887/csynth.xml,reports/gemm/gemm_0887/export_impl.xml,reports/gemm/gemm_0887/power_routed.rpt,NO,
gemm_0888,64,128,64,1,8,1,option_3,jki,ji,,False,YES,YES,YES,configs/gemm/gemm_0888.json,reports/gemm/gemm_0888/csynth.xml,reports/gemm/gemm_0888/export_impl.xml,reports/gemm/gemm_0888/power_routed.rpt,NO,
gemm_0889,64,128,64,1,8,1,option_3,kij,ij,,False,YES,YES,YES,configs/gemm/gemm_0889.json,reports/gemm/gemm_0889/csynth.xml,reports/gemm/gemm_0889/export_impl.xml,reports/gemm/gemm_0889/power_routed.rpt,NO,
gemm_0890,64,128,64,1,8,1,option_3,kji,ji,,False,YES,YES,NO,configs/gemm/gemm_0890.json,reports/gemm/gemm_0890/csynth.xml,,,NO,
gemm_0891,64,128,64,1,8,1,option_3,ijk,ij,,True,YES,YES,NO,configs/gemm/gemm_0891.json,reports/gemm/gemm_0891/csynth.xml,,,NO,
gemm_0892,64,128,64,1,8,1,option_3,ikj,ij,,True,YES,YES,YES,configs/gemm/gemm_0892.json,reports/gemm/gemm_0892/csynth.xml,reports/gemm/gemm_0892/export_impl.xml,reports/gemm/gemm_0892/power_routed.rpt,NO,
gemm_0893,64,128,64,1,8,1,option_3,jik,ji,,True,YES,YES,NO,configs/gemm/gemm_0893.json,reports/gemm/gemm_0893/csynth.xml,,,NO,
gemm_0894,64,128,64,1,8,1,option_3,jki,ji,,True,YES,YES,NO,configs/gemm/gemm_0894.json,reports/gemm/gemm_0894/csynth.xml,,,NO,
gemm_0895,64,128,64,1,8,1,option_3,kij,ij,,True,YES,YES,NO,configs/gemm/gemm_0895.json,reports/gemm/gemm_0895/csynth.xml,,,NO,
gemm_0896,64,128,64,1,8,1,option_3,kji,ji,,True,YES,YES,NO,configs/gemm/gemm_0896.json,reports/gemm/gemm_0896/csynth.xml,,,NO,
gemm_0897,64,128,64,1,8,1,option_4,,ij,ij,False,YES,YES,NO,configs/gemm/gemm_0897.json,reports/gemm/gemm_0897/csynth.xml,,,NO,
gemm_0898,64,128,64,1,8,1,option_4,,ij,ji,False,YES,YES,YES,configs/gemm/gemm_0898.json,reports/gemm/gemm_0898/csynth.xml,reports/gemm/gemm_0898/export_impl.xml,reports/gemm/gemm_0898/power_routed.rpt,NO,
gemm_0899,64,128,64,1,8,1,option_4,,ji,ij,False,YES,YES,NO,configs/gemm/gemm_0899.json,reports/gemm/gemm_0899/csynth.xml,,,NO,
gemm_0900,64,128,64,1,8,1,option_4,,ji,ji,False,YES,YES,NO,configs/gemm/gemm_0900.json,reports/gemm/gemm_0900/csynth.xml,,,NO,
gemm_0901,64,128,64,1,8,1,option_4,,ij,ij,True,YES,YES,NO,configs/gemm/gemm_0901.json,reports/gemm/gemm_0901/csynth.xml,,,NO,
gemm_0902,64,128,64,1,8,1,option_4,,ij,ji,True,YES,YES,NO,configs/gemm/gemm_0902.json,reports/gemm/gemm_0902/csynth.xml,,,NO,
gemm_0903,64,128,64,1,8,1,option_4,,ji,ij,True,YES,YES,NO,configs/gemm/gemm_0903.json,reports/gemm/gemm_0903/csynth.xml,,,NO,
gemm_0904,64,128,64,1,8,1,option_4,,ji,ji,True,YES,YES,YES,configs/gemm/gemm_0904.json,reports/gemm/gemm_0904/csynth.xml,reports/gemm/gemm_0904/export_impl.xml,reports/gemm/gemm_0904/power_routed.rpt,NO,
gemm_0905,64,128,64,1,8,1,option_5,,ij,ij,False,YES,YES,NO,configs/gemm/gemm_0905.json,reports/gemm/gemm_0905/csynth.xml,,,NO,
gemm_0906,64,128,64,1,8,1,option_5,,ij,ji,False,YES,YES,NO,configs/gemm/gemm_0906.json,reports/gemm/gemm_0906/csynth.xml,,,NO,
gemm_0907,64,128,64,1,8,1,option_5,,ji,ij,False,YES,YES,NO,configs/gemm/gemm_0907.json,reports/gemm/gemm_0907/csynth.xml,,,NO,
gemm_0908,64,128,64,1,8,1,option_5,,ji,ji,False,YES,YES,NO,configs/gemm/gemm_0908.json,reports/gemm/gemm_0908/csynth.xml,,,NO,
gemm_0909,64,128,64,1,8,1,option_5,,ij,ij,True,YES,YES,NO,configs/gemm/gemm_0909.json,reports/gemm/gemm_0909/csynth.xml,,,NO,
gemm_0910,64,128,64,1,8,1,option_5,,ij,ji,True,YES,YES,NO,configs/gemm/gemm_0910.json,reports/gemm/gemm_0910/csynth.xml,,,NO,
gemm_0911,64,128,64,1,8,1,option_5,,ji,ij,True,YES,YES,NO,configs/gemm/gemm_0911.json,reports/gemm/gemm_0911/csynth.xml,,,NO,
gemm_0912,64,128,64,1,8,1,option_5,,ji,ji,True,YES,YES,NO,configs/gemm/gemm_0912.json,reports/gemm/gemm_0912/csynth.xml,,,NO,
gemm_0913,64,128,64,1,8,8,option_1,,ij,ij,False,YES,YES,NO,configs/gemm/gemm_0913.json,reports/gemm/gemm_0913/csynth.xml,,,NO,
gemm_0914,64,128,64,1,8,8,option_1,,ij,ji,False,YES,YES,YES,configs/gemm/gemm_0914.json,reports/gemm/gemm_0914/csynth.xml,reports/gemm/gemm_0914/export_impl.xml,reports/gemm/gemm_0914/power_routed.rpt,NO,
gemm_0915,64,128,64,1,8,8,option_1,,ji,ij,False,YES,YES,NO,configs/gemm/gemm_0915.json,reports/gemm/gemm_0915/csynth.xml,,,NO,
gemm_0916,64,128,64,1,8,8,option_1,,ji,ji,False,YES,YES,NO,configs/gemm/gemm_0916.json,reports/gemm/gemm_0916/csynth.xml,,,NO,
gemm_0917,64,128,64,1,8,8,option_1,,ij,ij,True,YES,YES,NO,configs/gemm/gemm_0917.json,reports/gemm/gemm_0917/csynth.xml,,,NO,
gemm_0918,64,128,64,1,8,8,option_1,,ij,ji,True,YES,YES,NO,configs/gemm/gemm_0918.json,reports/gemm/gemm_0918/csynth.xml,,,NO,
gemm_0919,64,128,64,1,8,8,option_1,,ji,ij,True,YES,YES,NO,configs/gemm/gemm_0919.json,reports/gemm/gemm_0919/csynth.xml,,,NO,
gemm_0920,64,128,64,1,8,8,option_1,,ji,ji,True,YES,YES,NO,configs/gemm/gemm_0920.json,reports/gemm/gemm_0920/csynth.xml,,,NO,
gemm_0921,64,128,64,1,8,8,option_2,ijk,ij,,False,YES,YES,NO,configs/gemm/gemm_0921.json,reports/gemm/gemm_0921/csynth.xml,,,NO,
gemm_0922,64,128,64,1,8,8,option_2,ikj,ij,,False,YES,YES,NO,configs/gemm/gemm_0922.json,reports/gemm/gemm_0922/csynth.xml,,,NO,
gemm_0923,64,128,64,1,8,8,option_2,jik,ji,,False,YES,YES,NO,configs/gemm/gemm_0923.json,reports/gemm/gemm_0923/csynth.xml,,,NO,
gemm_0924,64,128,64,1,8,8,option_2,jki,ji,,False,YES,YES,NO,configs/gemm/gemm_0924.json,reports/gemm/gemm_0924/csynth.xml,,,NO,
gemm_0925,64,128,64,1,8,8,option_2,kij,ij,,False,YES,YES,YES,configs/gemm/gemm_0925.json,reports/gemm/gemm_0925/csynth.xml,reports/gemm/gemm_0925/export_impl.xml,reports/gemm/gemm_0925/power_routed.rpt,NO,
gemm_0926,64,128,64,1,8,8,option_2,kji,ji,,False,YES,YES,NO,configs/gemm/gemm_0926.json,reports/gemm/gemm_0926/csynth.xml,,,NO,
gemm_0927,64,128,64,1,8,8,option_2,ijk,ij,,True,YES,YES,NO,configs/gemm/gemm_0927.json,reports/gemm/gemm_0927/csynth.xml,,,NO,
gemm_0928,64,128,64,1,8,8,option_2,ikj,ij,,True,YES,YES,YES,configs/gemm/gemm_0928.json,reports/gemm/gemm_0928/csynth.xml,reports/gemm/gemm_0928/export_impl.xml,reports/gemm/gemm_0928/power_routed.rpt,NO,
gemm_0929,64,128,64,1,8,8,option_2,jik,ji,,True,YES,YES,NO,configs/gemm/gemm_0929.json,reports/gemm/gemm_0929/csynth.xml,,,NO,
gemm_0930,64,128,64,1,8,8,option_2,jki,ji,,True,YES,YES,NO,configs/gemm/gemm_0930.json,reports/gemm/gemm_0930/csynth.xml,,,NO,
gemm_0931,64,128,64,1,8,8,option_2,kij,ij,,True,YES,YES,YES,configs/gemm/gemm_0931.json,reports/gemm/gemm_0931/csynth.xml,reports/gemm/gemm_0931/export_impl.xml,reports/gemm/gemm_0931/power_routed.rpt,NO,
gemm_0932,64,128,64,1,8,8,option_2,kji,ji,,True,YES,YES,NO,configs/gemm/gemm_0932.json,reports/gemm/gemm_0932/csynth.xml,,,NO,
gemm_0933,64,128,64,1,8,8,option_3,ijk,ij,,False,YES,YES,NO,configs/gemm/gemm_0933.json,reports/gemm/gemm_0933/csynth.xml,,,NO,
gemm_0934,64,128,64,1,8,8,option_3,ikj,ij,,False,YES,YES,NO,configs/gemm/gemm_0934.json,reports/gemm/gemm_0934/csynth.xml,,,NO,
gemm_0935,64,128,64,1,8,8,option_3,jik,ji,,False,YES,YES,NO,configs/gemm/gemm_0935.json,reports/gemm/gemm_0935/csynth.xml,,,NO,
gemm_0936,64,128,64,1,8,8,option_3,jki,ji,,False,YES,YES,YES,configs/gemm/gemm_0936.json,reports/gemm/gemm_0936/csynth.xml,reports/gemm/gemm_0936/export_impl.xml,reports/gemm/gemm_0936/power_routed.rpt,NO,
gemm_0937,64,128,64,1,8,8,option_3,kij,ij,,False,YES,YES,NO,configs/gemm/gemm_0937.json,reports/gemm/gemm_0937/csynth.xml,,,NO,
gemm_0938,64,128,64,1,8,8,option_3,kji,ji,,False,YES,YES,YES,configs/gemm/gemm_0938.json,reports/gemm/gemm_0938/csynth.xml,reports/gemm/gemm_0938/export_impl.xml,reports/gemm/gemm_0938/power_routed.rpt,NO,
gemm_0939,64,128,64,1,8,8,option_3,ijk,ij,,True,YES,YES,NO,configs/gemm/gemm_0939.json,reports/gemm/gemm_0939/csynth.xml,,,NO,
gemm_0940,64,128,64,1,8,8,option_3,ikj,ij,,True,YES,YES,NO,configs/gemm/gemm_0940.json,reports/gemm/gemm_0940/csynth.xml,,,NO,
gemm_0941,64,128,64,1,8,8,option_3,jik,ji,,True,YES,YES,YES,configs/gemm/gemm_0941.json,reports/gemm/gemm_0941/csynth.xml,reports/gemm/gemm_0941/export_impl.xml,reports/gemm/gemm_0941/power_routed.rpt,NO,
gemm_0942,64,128,64,1,8,8,option_3,jki,ji,,True,YES,YES,NO,configs/gemm/gemm_0942.json,reports/gemm/gemm_0942/csynth.xml,,,NO,
gemm_0943,64,128,64,1,8,8,option_3,kij,ij,,True,YES,YES,NO,configs/gemm/gemm_0943.json,reports/gemm/gemm_0943/csynth.xml,,,NO,
gemm_0944,64,128,64,1,8,8,option_3,kji,ji,,True,YES,YES,NO,configs/gemm/gemm_0944.json,reports/gemm/gemm_0944/csynth.xml,,,NO,
gemm_0945,64,128,64,1,8,8,option_4,,ij,ij,False,YES,YES,YES,configs/gemm/gemm_0945.json,reports/gemm/gemm_0945/csynth.xml,reports/gemm/gemm_0945/export_impl.xml,reports/gemm/gemm_0945/power_routed.rpt,NO,
gemm_0946,64,128,64,1,8,8,option_4,,ij,ji,False,YES,YES,NO,configs/gemm/gemm_0946.json,reports/gemm/gemm_0946/csynth.xml,,,NO,
gemm_0947,64,128,64,1,8,8,option_4,,ji,ij,False,YES,YES,NO,configs/gemm/gemm_0947.json,reports/gemm/gemm_0947/csynth.xml,,,NO,
gemm_0948,64,128,64,1,8,8,option_4,,ji,ji,False,YES,YES,NO,configs/gemm/gemm_0948.json,reports/gemm/gemm_0948/csynth.xml,,,NO,
gemm_0949,64,128,64,1,8,8,option_4,,ij,ij,True,YES,YES,YES,configs/gemm/gemm_0949.json,reports/gemm/gemm_0949/csynth.xml,reports/gemm/gemm_0949/export_impl.xml,reports/gemm/gemm_0949/power_routed.rpt,NO,
gemm_0950,64,128,64,1,8,8,option_4,,ij,ji,True,YES,YES,YES,configs/gemm/gemm_0950.json,reports/gemm/gemm_0950/csynth.xml,reports/gemm/gemm_0950/export_impl.xml,reports/gemm/gemm_0950/power_routed.rpt,NO,
gemm_0951,64,128,64,1,8,8,option_4,,ji,ij,True,YES,YES,NO,configs/gemm/gemm_0951.json,reports/gemm/gemm_0951/csynth.xml,,,NO,
gemm_0952,64,128,64,1,8,8,option_4,,ji,ji,True,YES,YES,NO,configs/gemm/gemm_0952.json,reports/gemm/gemm_0952/csynth.xml,,,NO,
gemm_0953,64,128,64,1,8,8,option_5,,ij,ij,False,YES,YES,NO,configs/gemm/gemm_0953.json,reports/gemm/gemm_0953/csynth.xml,,,NO,
gemm_0954,64,128,64,1,8,8,option_5,,ij,ji,False,YES,YES,NO,configs/gemm/gemm_0954.json,reports/gemm/gemm_0954/csynth.xml,,,NO,
gemm_0955,64,128,64,1,8,8,option_5,,ji,ij,False,YES,YES,NO,configs/gemm/gemm_0955.json,reports/gemm/gemm_0955/csynth.xml,,,NO,
gemm_0956,64,128,64,1,8,8,option_5,,ji,ji,False,YES,YES,NO,configs/gemm/gemm_0956.json,reports/gemm/gemm_0956/csynth.xml,,,NO,
gemm_0957,64,128,64,1,8,8,option_5,,ij,ij,True,YES,YES,NO,configs/gemm/gemm_0957.json,reports/gemm/gemm_0957/csynth.xml,,,NO,
gemm_0958,64,128,64,1,8,8,option_5,,ij,ji,True,YES,YES,YES,configs/gemm/gemm_0958.json,reports/gemm/gemm_0958/csynth.xml,reports/gemm/gemm_0958/export_impl.xml,reports/gemm/gemm_0958/power_routed.rpt,NO,
gemm_0959,64,128,64,1,8,8,option_5,,ji,ij,True,YES,YES,NO,configs/gemm/gemm_0959.json,reports/gemm/gemm_0959/csynth.xml,,,NO,
gemm_0960,64,128,64,1,8,8,option_5,,ji,ji,True,YES,YES,NO,configs/gemm/gemm_0960.json,reports/gemm/gemm_0960/csynth.xml,,,NO,
gemm_0961,64,128,64,8,1,1,option_1,,ij,ij,False,YES,YES,NO,configs/gemm/gemm_0961.json,reports/gemm/gemm_0961/csynth.xml,,,NO,
gemm_0962,64,128,64,8,1,1,option_1,,ij,ji,False,YES,YES,NO,configs/gemm/gemm_0962.json,reports/gemm/gemm_0962/csynth.xml,,,NO,
gemm_0963,64,128,64,8,1,1,option_1,,ji,ij,False,YES,YES,NO,configs/gemm/gemm_0963.json,reports/gemm/gemm_0963/csynth.xml,,,NO,
gemm_0964,64,128,64,8,1,1,option_1,,ji,ji,False,YES,YES,NO,configs/gemm/gemm_0964.json,reports/gemm/gemm_0964/csynth.xml,,,NO,
gemm_0965,64,128,64,8,1,1,option_1,,ij,ij,True,YES,YES,YES,configs/gemm/gemm_0965.json,reports/gemm/gemm_0965/csynth.xml,reports/gemm/gemm_0965/export_impl.xml,reports/gemm/gemm_0965/power_routed.rpt,NO,
gemm_0966,64,128,64,8,1,1,option_1,,ij,ji,True,YES,YES,NO,configs/gemm/gemm_0966.json,reports/gemm/gemm_0966/csynth.xml,,,NO,
gemm_0967,64,128,64,8,1,1,option_1,,ji,ij,True,YES,YES,NO,configs/gemm/gemm_0967.json,reports/gemm/gemm_0967/csynth.xml,,,NO,
gemm_0968,64,128,64,8,1,1,option_1,,ji,ji,True,YES,YES,NO,configs/gemm/gemm_0968.json,reports/gemm/gemm_0968/csynth.xml,,,NO,
gemm_0969,64,128,64,8,1,1,option_2,ijk,ij,,False,YES,YES,YES,configs/gemm/gemm_0969.json,reports/gemm/gemm_0969/csynth.xml,reports/gemm/gemm_0969/export_impl.xml,reports/gemm/gemm_0969/power_routed.rpt,NO,
gemm_0970,64,128,64,8,1,1,option_2,ikj,ij,,False,YES,YES,NO,configs/gemm/gemm_0970.json,reports/gemm/gemm_0970/csynth.xml,,,NO,
gemm_0971,64,128,64,8,1,1,option_2,jik,ji,,False,YES,YES,YES,configs/gemm/gemm_0971.json,reports/gemm/gemm_0971/csynth.xml,reports/gemm/gemm_0971/export_impl.xml,reports/gemm/gemm_0971/power_routed.rpt,NO,
gemm_0972,64,128,64,8,1,1,option_2,jki,ji,,False,YES,YES,NO,configs/gemm/gemm_0972.json,reports/gemm/gemm_0972/csynth.xml,,,NO,
gemm_0973,64,128,64,8,1,1,option_2,kij,ij,,False,YES,YES,NO,configs/gemm/gemm_0973.json,reports/gemm/gemm_0973/csynth.xml,,,NO,
gemm_0974,64,128,64,8,1,1,option_2,kji,ji,,False,YES,YES,NO,configs/gemm/gemm_0974.json,reports/gemm/gemm_0974/csynth.xml,,,NO,
gemm_0975,64,128,64,8,1,1,option_2,ijk,ij,,True,YES,YES,NO,configs/gemm/gemm_0975.json,reports/gemm/gemm_0975/csynth.xml,,,NO,
gemm_0976,64,128,64,8,1,1,option_2,ikj,ij,,True,YES,YES,YES,configs/gemm/gemm_0976.json,reports/gemm/gemm_0976/csynth.xml,reports/gemm/gemm_0976/export_impl.xml,reports/gemm/gemm_0976/power_routed.rpt,NO,
gemm_0977,64,128,64,8,1,1,option_2,jik,ji,,True,YES,YES,NO,configs/gemm/gemm_0977.json,reports/gemm/gemm_0977/csynth.xml,,,NO,
gemm_0978,64,128,64,8,1,1,option_2,jki,ji,,True,YES,YES,YES,configs/gemm/gemm_0978.json,reports/gemm/gemm_0978/csynth.xml,reports/gemm/gemm_0978/export_impl.xml,reports/gemm/gemm_0978/power_routed.rpt,NO,
gemm_0979,64,128,64,8,1,1,option_2,kij,ij,,True,YES,YES,NO,configs/gemm/gemm_0979.json,reports/gemm/gemm_0979/csynth.xml,,,NO,
gemm_0980,64,128,64,8,1,1,option_2,kji,ji,,True,YES,YES,YES,configs/gemm/gemm_0980.json,reports/gemm/gemm_0980/csynth.xml,reports/gemm/gemm_0980/export_impl.xml,reports/gemm/gemm_0980/power_routed.rpt,NO,
gemm_0981,64,128,64,8,1,1,option_3,ijk,ij,,False,YES,YES,YES,configs/gemm/gemm_0981.json,reports/gemm/gemm_0981/csynth.xml,reports/gemm/gemm_0981/export_impl.xml,reports/gemm/gemm_0981/power_routed.rpt,NO,
gemm_0982,64,128,64,8,1,1,option_3,ikj,ij,,False,YES,YES,YES,configs/gemm/gemm_0982.json,reports/gemm/gemm_0982/csynth.xml,reports/gemm/gemm_0982/export_impl.xml,reports/gemm/gemm_0982/power_routed.rpt,NO,
gemm_0983,64,128,64,8,1,1,option_3,jik,ji,,False,YES,YES,NO,configs/gemm/gemm_0983.json,reports/gemm/gemm_0983/csynth.xml,,,NO,
gemm_0984,64,128,64,8,1,1,option_3,jki,ji,,False,YES,YES,NO,configs/gemm/gemm_0984.json,reports/gemm/gemm_0984/csynth.xml,,,NO,
gemm_0985,64,128,64,8,1,1,option_3,kij,ij,,False,YES,YES,YES,configs/gemm/gemm_0985.json,reports/gemm/gemm_0985/csynth.xml,reports/gemm/gemm_0985/export_impl.xml,reports/gemm/gemm_0985/power_routed.rpt,NO,
gemm_0986,64,128,64,8,1,1,option_3,kji,ji,,False,YES,YES,NO,configs/gemm/gemm_0986.json,reports/gemm/gemm_0986/csynth.xml,,,NO,
gemm_0987,64,128,64,8,1,1,option_3,ijk,ij,,True,YES,YES,NO,configs/gemm/gemm_0987.json,reports/gemm/gemm_0987/csynth.xml,,,NO,
gemm_0988,64,128,64,8,1,1,option_3,ikj,ij,,True,YES,YES,YES,configs/gemm/gemm_0988.json,reports/gemm/gemm_0988/csynth.xml,reports/gemm/gemm_0988/export_impl.xml,reports/gemm/gemm_0988/power_routed.rpt,NO,
gemm_0989,64,128,64,8,1,1,option_3,jik,ji,,True,YES,YES,NO,configs/gemm/gemm_0989.json,reports/gemm/gemm_0989/csynth.xml,,,NO,
gemm_0990,64,128,64,8,1,1,option_3,jki,ji,,True,YES,YES,NO,configs/gemm/gemm_0990.json,reports/gemm/gemm_0990/csynth.xml,,,NO,
gemm_0991,64,128,64,8,1,1,option_3,kij,ij,,True,YES,YES,NO,configs/gemm/gemm_0991.json,reports/gemm/gemm_0991/csynth.xml,,,NO,
gemm_0992,64,128,64,8,1,1,option_3,kji,ji,,True,YES,YES,YES,configs/gemm/gemm_0992.json,reports/gemm/gemm_0992/csynth.xml,reports/gemm/gemm_0992/export_impl.xml,reports/gemm/gemm_0992/power_routed.rpt,NO,
gemm_0993,64,128,64,8,1,1,option_4,,ij,ij,False,YES,YES,NO,configs/gemm/gemm_0993.json,reports/gemm/gemm_0993/csynth.xml,,,NO,
gemm_0994,64,128,64,8,1,1,option_4,,ij,ji,False,YES,YES,YES,configs/gemm/gemm_0994.json,reports/gemm/gemm_0994/csynth.xml,reports/gemm/gemm_0994/export_impl.xml,reports/gemm/gemm_0994/power_routed.rpt,NO,
gemm_0995,64,128,64,8,1,1,option_4,,ji,ij,False,YES,YES,NO,configs/gemm/gemm_0995.json,reports/gemm/gemm_0995/csynth.xml,,,NO,
gemm_0996,64,128,64,8,1,1,option_4,,ji,ji,False,YES,YES,NO,configs/gemm/gemm_0996.json,reports/gemm/gemm_0996/csynth.xml,,,NO,
gemm_0997,64,128,64,8,1,1,option_4,,ij,ij,True,YES,YES,NO,configs/gemm/gemm_0997.json,reports/gemm/gemm_0997/csynth.xml,,,NO,
gemm_0998,64,128,64,8,1,1,option_4,,ij,ji,True,YES,YES,NO,configs/gemm/gemm_0998.json,reports/gemm/gemm_0998/csynth.xml,,,NO,
gemm_0999,64,128,64,8,1,1,option_4,,ji,ij,True,YES,YES,NO,configs/gemm/gemm_0999.json,reports/gemm/gemm_0999/csynth.xml,,,NO,
gemm_1000,64,128,64,8,1,1,option_4,,ji,ji,True,YES,YES,YES,configs/gemm/gemm_1000.json,reports/gemm/gemm_1000/csynth.xml,reports/gemm/gemm_1000/export_impl.xml,reports/gemm/gemm_1000/power_routed.rpt,NO,
gemm_1001,64,128,64,8,1,1,option_5,,ij,ij,False,YES,YES,YES,configs/gemm/gemm_1001.json,reports/gemm/gemm_1001/csynth.xml,reports/gemm/gemm_1001/export_impl.xml,reports/gemm/gemm_1001/power_routed.rpt,NO,
gemm_1002,64,128,64,8,1,1,option_5,,ij,ji,False,YES,YES,NO,configs/gemm/gemm_1002.json,reports/gemm/gemm_1002/csynth.xml,,,NO,
gemm_1003,64,128,64,8,1,1,option_5,,ji,ij,False,YES,YES,YES,configs/gemm/gemm_1003.json,reports/gemm/gemm_1003/csynth.xml,reports/gemm/gemm_1003/export_impl.xml,reports/gemm/gemm_1003/power_routed.rpt,NO,
gemm_1004,64,128,64,8,1,1,option_5,,ji,ji,False,YES,YES,NO,configs/gemm/gemm_1004.json,reports/gemm/gemm_1004/csynth.xml,,,NO,
gemm_1005,64,128,64,8,1,1,option_5,,ij,ij,True,YES,YES,NO,configs/gemm/gemm_1005.json,reports/gemm/gemm_1005/csynth.xml,,,NO,
gemm_1006,64,128,64,8,1,1,option_5,,ij,ji,True,YES,YES,NO,configs/gemm/gemm_1006.json,reports/gemm/gemm_1006/csynth.xml,,,NO,
gemm_1007,64,128,64,8,1,1,option_5,,ji,ij,True,YES,YES,NO,configs/gemm/gemm_1007.json,reports/gemm/gemm_1007/csynth.xml,,,NO,
gemm_1008,64,128,64,8,1,1,option_5,,ji,ji,True,YES,YES,NO,configs/gemm/gemm_1008.json,reports/gemm/gemm_1008/csynth.xml,,,NO,
gemm_1009,64,128,64,8,1,8,option_1,,ij,ij,False,YES,YES,YES,configs/gemm/gemm_1009.json,reports/gemm/gemm_1009/csynth.xml,reports/gemm/gemm_1009/export_impl.xml,reports/gemm/gemm_1009/power_routed.rpt,NO,
gemm_1010,64,128,64,8,1,8,option_1,,ij,ji,False,YES,YES,NO,configs/gemm/gemm_1010.json,reports/gemm/gemm_1010/csynth.xml,,,NO,
gemm_1011,64,128,64,8,1,8,option_1,,ji,ij,False,YES,YES,NO,configs/gemm/gemm_1011.json,reports/gemm/gemm_1011/csynth.xml,,,NO,
gemm_1012,64,128,64,8,1,8,option_1,,ji,ji,False,YES,YES,NO,configs/gemm/gemm_1012.json,reports/gemm/gemm_1012/csynth.xml,,,NO,
gemm_1013,64,128,64,8,1,8,option_1,,ij,ij,True,YES,YES,NO,configs/gemm/gemm_1013.json,reports/gemm/gemm_1013/csynth.xml,,,NO,
gemm_1014,64,128,64,8,1,8,option_1,,ij,ji,True,YES,YES,YES,configs/gemm/gemm_1014.json,reports/gemm/gemm_1014/csynth.xml,reports/gemm/gemm_1014/export_impl.xml,reports/gemm/gemm_1014/power_routed.rpt,NO,
gemm_1015,64,128,64,8,1,8,option_1,,ji,ij,True,YES,YES,NO,configs/gemm/gemm_1015.json,reports/gemm/gemm_1015/csynth.xml,,,NO,
gemm_1016,64,128,64,8,1,8,option_1,,ji,ji,True,YES,YES,NO,configs/gemm/gemm_1016.json,reports/gemm/gemm_1016/csynth.xml,,,NO,
gemm_1017,64,128,64,8,1,8,option_2,ijk,ij,,False,YES,YES,YES,configs/gemm/gemm_1017.json,reports/gemm/gemm_1017/csynth.xml,reports/gemm/gemm_1017/export_impl.xml,reports/gemm/gemm_1017/power_routed.rpt,NO,
gemm_1018,64,128,64,8,1,8,option_2,ikj,ij,,False,YES,YES,NO,configs/gemm/gemm_1018.json,reports/gemm/gemm_1018/csynth.xml,,,NO,
gemm_1019,64,128,64,8,1,8,option_2,jik,ji,,False,YES,YES,NO,configs/gemm/gemm_1019.json,reports/gemm/gemm_1019/csynth.xml,,,NO,
gemm_1020,64,128,64,8,1,8,option_2,jki,ji,,False,YES,YES,YES,configs/gemm/gemm_1020.json,reports/gemm/gemm_1020/csynth.xml,reports/gemm/gemm_1020/export_impl.xml,reports/gemm/gemm_1020/power_routed.rpt,NO,
gemm_1021,64,128,64,8,1,8,option_2,kij,ij,,False,YES,YES,NO,configs/gemm/gemm_1021.json,reports/gemm/gemm_1021/csynth.xml,,,NO,
gemm_1022,64,128,64,8,1,8,option_2,kji,ji,,False,YES,YES,NO,configs/gemm/gemm_1022.json,reports/gemm/gemm_1022/csynth.xml,,,NO,
gemm_1023,64,128,64,8,1,8,option_2,ijk,ij,,True,YES,YES,NO,configs/gemm/gemm_1023.json,reports/gemm/gemm_1023/csynth.xml,,,NO,
gemm_1024,64,128,64,8,1,8,option_2,ikj,ij,,True,YES,YES,NO,configs/gemm/gemm_1024.json,reports/gemm/gemm_1024/csynth.xml,,,NO,
gemm_1025,64,128,64,8,1,8,option_2,jik,ji,,True,YES,YES,NO,configs/gemm/gemm_1025.json,reports/gemm/gemm_1025/csynth.xml,,,NO,
gemm_1026,64,128,64,8,1,8,option_2,jki,ji,,True,YES,YES,NO,configs/gemm/gemm_1026.json,reports/gemm/gemm_1026/csynth.xml,,,NO,
gemm_1027,64,128,64,8,1,8,option_2,kij,ij,,True,YES,YES,NO,configs/gemm/gemm_1027.json,reports/gemm/gemm_1027/csynth.xml,,,NO,
gemm_1028,64,128,64,8,1,8,option_2,kji,ji,,True,YES,YES,NO,configs/gemm/gemm_1028.json,reports/gemm/gemm_1028/csynth.xml,,,NO,
gemm_1029,64,128,64,8,1,8,option_3,ijk,ij,,False,YES,YES,NO,configs/gemm/gemm_1029.json,reports/gemm/gemm_1029/csynth.xml,,,NO,
gemm_1030,64,128,64,8,1,8,option_3,ikj,ij,,False,YES,YES,NO,configs/gemm/gemm_1030.json,reports/gemm/gemm_1030/csynth.xml,,,NO,
gemm_1031,64,128,64,8,1,8,option_3,jik,ji,,False,YES,YES,NO,configs/gemm/gemm_1031.json,reports/gemm/gemm_1031/csynth.xml,,,NO,
gemm_1032,64,128,64,8,1,8,option_3,jki,ji,,False,YES,YES,NO,configs/gemm/gemm_1032.json,reports/gemm/gemm_1032/csynth.xml,,,NO,
gemm_1033,64,128,64,8,1,8,option_3,kij,ij,,False,YES,YES,NO,configs/gemm/gemm_1033.json,reports/gemm/gemm_1033/csynth.xml,,,NO,
gemm_1034,64,128,64,8,1,8,option_3,kji,ji,,False,YES,YES,NO,configs/gemm/gemm_1034.json,reports/gemm/gemm_1034/csynth.xml,,,NO,
gemm_1035,64,128,64,8,1,8,option_3,ijk,ij,,True,YES,YES,YES,configs/gemm/gemm_1035.json,reports/gemm/gemm_1035/csynth.xml,reports/gemm/gemm_1035/export_impl.xml,reports/gemm/gemm_1035/power_routed.rpt,NO,
gemm_1036,64,128,64,8,1,8,option_3,ikj,ij,,True,YES,YES,YES,configs/gemm/gemm_1036.json,reports/gemm/gemm_1036/csynth.xml,reports/gemm/gemm_1036/export_impl.xml,reports/gemm/gemm_1036/power_routed.rpt,NO,
gemm_1037,64,128,64,8,1,8,option_3,jik,ji,,True,YES,YES,NO,configs/gemm/gemm_1037.json,reports/gemm/gemm_1037/csynth.xml,,,NO,
gemm_1038,64,128,64,8,1,8,option_3,jki,ji,,True,YES,YES,NO,configs/gemm/gemm_1038.json,reports/gemm/gemm_1038/csynth.xml,,,NO,
gemm_1039,64,128,64,8,1,8,option_3,kij,ij,,True,YES,YES,YES,configs/gemm/gemm_1039.json,reports/gemm/gemm_1039/csynth.xml,reports/gemm/gemm_1039/export_impl.xml,reports/gemm/gemm_1039/power_routed.rpt,NO,
gemm_1040,64,128,64,8,1,8,option_3,kji,ji,,True,YES,YES,YES,configs/gemm/gemm_1040.json,reports/gemm/gemm_1040/csynth.xml,reports/gemm/gemm_1040/export_impl.xml,reports/gemm/gemm_1040/power_routed.rpt,NO,
gemm_1041,64,128,64,8,1,8,option_4,,ij,ij,False,YES,YES,NO,configs/gemm/gemm_1041.json,reports/gemm/gemm_1041/csynth.xml,,,NO,
gemm_1042,64,128,64,8,1,8,option_4,,ij,ji,False,YES,YES,YES,configs/gemm/gemm_1042.json,reports/gemm/gemm_1042/csynth.xml,reports/gemm/gemm_1042/export_impl.xml,reports/gemm/gemm_1042/power_routed.rpt,NO,
gemm_1043,64,128,64,8,1,8,option_4,,ji,ij,False,YES,YES,YES,configs/gemm/gemm_1043.json,reports/gemm/gemm_1043/csynth.xml,reports/gemm/gemm_1043/export_impl.xml,reports/gemm/gemm_1043/power_routed.rpt,NO,
gemm_1044,64,128,64,8,1,8,option_4,,ji,ji,False,YES,YES,NO,configs/gemm/gemm_1044.json,reports/gemm/gemm_1044/csynth.xml,,,NO,
gemm_1045,64,128,64,8,1,8,option_4,,ij,ij,True,YES,YES,NO,configs/gemm/gemm_1045.json,reports/gemm/gemm_1045/csynth.xml,,,NO,
gemm_1046,64,128,64,8,1,8,option_4,,ij,ji,True,YES,YES,NO,configs/gemm/gemm_1046.json,reports/gemm/gemm_1046/csynth.xml,,,NO,
gemm_1047,64,128,64,8,1,8,option_4,,ji,ij,True,YES,YES,NO,configs/gemm/gemm_1047.json,reports/gemm/gemm_1047/csynth.xml,,,NO,
gemm_1048,64,128,64,8,1,8,option_4,,ji,ji,True,YES,YES,NO,configs/gemm/gemm_1048.json,reports/gemm/gemm_1048/csynth.xml,,,NO,
gemm_1049,64,128,64,8,1,8,option_5,,ij,ij,False,YES,YES,NO,configs/gemm/gemm_1049.json,reports/gemm/gemm_1049/csynth.xml,,,NO,
gemm_1050,64,128,64,8,1,8,option_5,,ij,ji,False,YES,YES,NO,configs/gemm/gemm_1050.json,reports/gemm/gemm_1050/csynth.xml,,,NO,
gemm_1051,64,128,64,8,1,8,option_5,,ji,ij,False,YES,YES,YES,configs/gemm/gemm_1051.json,reports/gemm/gemm_1051/csynth.xml,reports/gemm/gemm_1051/export_impl.xml,reports/gemm/gemm_1051/power_routed.rpt,NO,
gemm_1052,64,128,64,8,1,8,option_5,,ji,ji,False,YES,YES,NO,configs/gemm/gemm_1052.json,reports/gemm/gemm_1052/csynth.xml,,,NO,
gemm_1053,64,128,64,8,1,8,option_5,,ij,ij,True,YES,YES,YES,configs/gemm/gemm_1053.json,reports/gemm/gemm_1053/csynth.xml,reports/gemm/gemm_1053/export_impl.xml,reports/gemm/gemm_1053/power_routed.rpt,NO,
gemm_1054,64,128,64,8,1,8,option_5,,ij,ji,True,YES,YES,NO,configs/gemm/gemm_1054.json,reports/gemm/gemm_1054/csynth.xml,,,NO,
gemm_1055,64,128,64,8,1,8,option_5,,ji,ij,True,YES,YES,NO,configs/gemm/gemm_1055.json,reports/gemm/gemm_1055/csynth.xml,,,NO,
gemm_1056,64,128,64,8,1,8,option_5,,ji,ji,True,YES,YES,NO,configs/gemm/gemm_1056.json,reports/gemm/gemm_1056/csynth.xml,,,NO,
gemm_1057,64,128,64,8,8,1,option_1,,ij,ij,False,YES,YES,NO,configs/gemm/gemm_1057.json,reports/gemm/gemm_1057/csynth.xml,,,NO,
gemm_1058,64,128,64,8,8,1,option_1,,ij,ji,False,YES,YES,YES,configs/gemm/gemm_1058.json,reports/gemm/gemm_1058/csynth.xml,reports/gemm/gemm_1058/export_impl.xml,reports/gemm/gemm_1058/power_routed.rpt,NO,
gemm_1059,64,128,64,8,8,1,option_1,,ji,ij,False,YES,YES,NO,configs/gemm/gemm_1059.json,reports/gemm/gemm_1059/csynth.xml,,,NO,
gemm_1060,64,128,64,8,8,1,option_1,,ji,ji,False,YES,YES,NO,configs/gemm/gemm_1060.json,reports/gemm/gemm_1060/csynth.xml,,,NO,
gemm_1061,64,128,64,8,8,1,option_1,,ij,ij,True,YES,YES,NO,configs/gemm/gemm_1061.json,reports/gemm/gemm_1061/csynth.xml,,,NO,
gemm_1062,64,128,64,8,8,1,option_1,,ij,ji,True,YES,YES,YES,configs/gemm/gemm_1062.json,reports/gemm/gemm_1062/csynth.xml,reports/gemm/gemm_1062/export_impl.xml,reports/gemm/gemm_1062/power_routed.rpt,NO,
gemm_1063,64,128,64,8,8,1,option_1,,ji,ij,True,YES,YES,NO,configs/gemm/gemm_1063.json,reports/gemm/gemm_1063/csynth.xml,,,NO,
gemm_1064,64,128,64,8,8,1,option_1,,ji,ji,True,YES,YES,NO,configs/gemm/gemm_1064.json,reports/gemm/gemm_1064/csynth.xml,,,NO,
gemm_1065,64,128,64,8,8,1,option_2,ijk,ij,,False,YES,YES,NO,configs/gemm/gemm_1065.json,reports/gemm/gemm_1065/csynth.xml,,,NO,
gemm_1066,64,128,64,8,8,1,option_2,ikj,ij,,False,YES,YES,NO,configs/gemm/gemm_1066.json,reports/gemm/gemm_1066/csynth.xml,,,NO,
gemm_1067,64,128,64,8,8,1,option_2,jik,ji,,False,YES,YES,NO,configs/gemm/gemm_1067.json,reports/gemm/gemm_1067/csynth.xml,,,NO,
gemm_1068,64,128,64,8,8,1,option_2,jki,ji,,False,YES,YES,NO,configs/gemm/gemm_1068.json,reports/gemm/gemm_1068/csynth.xml,,,NO,
gemm_1069,64,128,64,8,8,1,option_2,kij,ij,,False,YES,YES,YES,configs/gemm/gemm_1069.json,reports/gemm/gemm_1069/csynth.xml,reports/gemm/gemm_1069/export_impl.xml,reports/gemm/gemm_1069/power_routed.rpt,NO,
gemm_1070,64,128,64,8,8,1,option_2,kji,ji,,False,YES,YES,NO,configs/gemm/gemm_1070.json,reports/gemm/gemm_1070/csynth.xml,,,NO,
gemm_1071,64,128,64,8,8,1,option_2,ijk,ij,,True,YES,YES,NO,configs/gemm/gemm_1071.json,reports/gemm/gemm_1071/csynth.xml,,,NO,
gemm_1072,64,128,64,8,8,1,option_2,ikj,ij,,True,YES,YES,NO,configs/gemm/gemm_1072.json,reports/gemm/gemm_1072/csynth.xml,,,NO,
gemm_1073,64,128,64,8,8,1,option_2,jik,ji,,True,YES,YES,NO,configs/gemm/gemm_1073.json,reports/gemm/gemm_1073/csynth.xml,,,NO,
gemm_1074,64,128,64,8,8,1,option_2,jki,ji,,True,YES,YES,NO,configs/gemm/gemm_1074.json,reports/gemm/gemm_1074/csynth.xml,,,NO,
gemm_1075,64,128,64,8,8,1,option_2,kij,ij,,True,YES,YES,NO,configs/gemm/gemm_1075.json,reports/gemm/gemm_1075/csynth.xml,,,NO,
gemm_1076,64,128,64,8,8,1,option_2,kji,ji,,True,YES,YES,NO,configs/gemm/gemm_1076.json,reports/gemm/gemm_1076/csynth.xml,,,NO,
gemm_1077,64,128,64,8,8,1,option_3,ijk,ij,,False,YES,YES,YES,configs/gemm/gemm_1077.json,reports/gemm/gemm_1077/csynth.xml,reports/gemm/gemm_1077/export_impl.xml,reports/gemm/gemm_1077/power_routed.rpt,NO,
gemm_1078,64,128,64,8,8,1,option_3,ikj,ij,,False,YES,YES,NO,configs/gemm/gemm_1078.json,reports/gemm/gemm_1078/csynth.xml,,,NO,
gemm_1079,64,128,64,8,8,1,option_3,jik,ji,,False,YES,YES,NO,configs/gemm/gemm_1079.json,reports/gemm/gemm_1079/csynth.xml,,,NO,
gemm_1080,64,128,64,8,8,1,option_3,jki,ji,,False,YES,YES,NO,configs/gemm/gemm_1080.json,reports/gemm/gemm_1080/csynth.xml,,,NO,
gemm_1081,64,128,64,8,8,1,option_3,kij,ij,,False,YES,YES,YES,configs/gemm/gemm_1081.json,reports/gemm/gemm_1081/csynth.xml,reports/gemm/gemm_1081/export_impl.xml,reports/gemm/gemm_1081/power_routed.rpt,NO,
gemm_1082,64,128,64,8,8,1,option_3,kji,ji,,False,YES,YES,YES,configs/gemm/gemm_1082.json,reports/gemm/gemm_1082/csynth.xml,reports/gemm/gemm_1082/export_impl.xml,reports/gemm/gemm_1082/power_routed.rpt,NO,
gemm_1083,64,128,64,8,8,1,option_3,ijk,ij,,True,YES,YES,YES,configs/gemm/gemm_1083.json,reports/gemm/gemm_1083/csynth.xml,reports/gemm/gemm_1083/export_impl.xml,reports/gemm/gemm_1083/power_routed.rpt,NO,
gemm_1084,64,128,64,8,8,1,option_3,ikj,ij,,True,YES,YES,NO,configs/gemm/gemm_1084.json,reports/gemm/gemm_1084/csynth.xml,,,NO,
gemm_1085,64,128,64,8,8,1,option_3,jik,ji,,True,YES,YES,NO,configs/gemm/gemm_1085.json,reports/gemm/gemm_1085/csynth.xml,,,NO,
gemm_1086,64,128,64,8,8,1,option_3,jki,ji,,True,YES,YES,NO,configs/gemm/gemm_1086.json,reports/gemm/gemm_1086/csynth.xml,,,NO,
gemm_1087,64,128,64,8,8,1,option_3,kij,ij,,True,YES,YES,NO,configs/gemm/gemm_1087.json,reports/gemm/gemm_1087/csynth.xml,,,NO,
gemm_1088,64,128,64,8,8,1,option_3,kji,ji,,True,YES,YES,NO,configs/gemm/gemm_1088.json,reports/gemm/gemm_1088/csynth.xml,,,NO,
gemm_1089,64,128,64,8,8,1,option_4,,ij,ij,False,YES,YES,NO,configs/gemm/gemm_1089.json,reports/gemm/gemm_1089/csynth.xml,,,NO,
gemm_1090,64,128,64,8,8,1,option_4,,ij,ji,False,YES,YES,YES,configs/gemm/gemm_1090.json,reports/gemm/gemm_1090/csynth.xml,reports/gemm/gemm_1090/export_impl.xml,reports/gemm/gemm_1090/power_routed.rpt,NO,
gemm_1091,64,128,64,8,8,1,option_4,,ji,ij,False,YES,YES,NO,configs/gemm/gemm_1091.json,reports/gemm/gemm_1091/csynth.xml,,,NO,
gemm_1092,64,128,64,8,8,1,option_4,,ji,ji,False,YES,YES,NO,configs/gemm/gemm_1092.json,reports/gemm/gemm_1092/csynth.xml,,,NO,
gemm_1093,64,128,64,8,8,1,option_4,,ij,ij,True,YES,YES,NO,configs/gemm/gemm_1093.json,reports/gemm/gemm_1093/csynth.xml,,,NO,
gemm_1094,64,128,64,8,8,1,option_4,,ij,ji,True,YES,YES,NO,configs/gemm/gemm_1094.json,reports/gemm/gemm_1094/csynth.xml,,,NO,
gemm_1095,64,128,64,8,8,1,option_4,,ji,ij,True,YES,YES,NO,configs/gemm/gemm_1095.json,reports/gemm/gemm_1095/csynth.xml,,,NO,
gemm_1096,64,128,64,8,8,1,option_4,,ji,ji,True,YES,YES,NO,configs/gemm/gemm_1096.json,reports/gemm/gemm_1096/csynth.xml,,,NO,
gemm_1097,64,128,64,8,8,1,option_5,,ij,ij,False,YES,YES,NO,configs/gemm/gemm_1097.json,reports/gemm/gemm_1097/csynth.xml,,,NO,
gemm_1098,64,128,64,8,8,1,option_5,,ij,ji,False,YES,YES,NO,configs/gemm/gemm_1098.json,reports/gemm/gemm_1098/csynth.xml,,,NO,
gemm_1099,64,128,64,8,8,1,option_5,,ji,ij,False,YES,YES,NO,configs/gemm/gemm_1099.json,reports/gemm/gemm_1099/csynth.xml,,,NO,
gemm_1100,64,128,64,8,8,1,option_5,,ji,ji,False,YES,YES,NO,configs/gemm/gemm_1100.json,reports/gemm/gemm_1100/csynth.xml,,,NO,
gemm_1101,64,128,64,8,8,1,option_5,,ij,ij,True,YES,YES,YES,configs/gemm/gemm_1101.json,reports/gemm/gemm_1101/csynth.xml,reports/gemm/gemm_1101/export_impl.xml,reports/gemm/gemm_1101/power_routed.rpt,NO,
gemm_1102,64,128,64,8,8,1,option_5,,ij,ji,True,YES,YES,NO,configs/gemm/gemm_1102.json,reports/gemm/gemm_1102/csynth.xml,,,NO,
gemm_1103,64,128,64,8,8,1,option_5,,ji,ij,True,YES,YES,NO,configs/gemm/gemm_1103.json,reports/gemm/gemm_1103/csynth.xml,,,NO,
gemm_1104,64,128,64,8,8,1,option_5,,ji,ji,True,YES,YES,YES,configs/gemm/gemm_1104.json,reports/gemm/gemm_1104/csynth.xml,reports/gemm/gemm_1104/export_impl.xml,reports/gemm/gemm_1104/power_routed.rpt,NO,
gemm_1105,64,128,64,8,8,8,option_1,,ij,ij,False,YES,YES,NO,configs/gemm/gemm_1105.json,reports/gemm/gemm_1105/csynth.xml,,,NO,
gemm_1106,64,128,64,8,8,8,option_1,,ij,ji,False,YES,YES,YES,configs/gemm/gemm_1106.json,reports/gemm/gemm_1106/csynth.xml,reports/gemm/gemm_1106/export_impl.xml,reports/gemm/gemm_1106/power_routed.rpt,NO,
gemm_1107,64,128,64,8,8,8,option_1,,ji,ij,False,YES,YES,YES,configs/gemm/gemm_1107.json,reports/gemm/gemm_1107/csynth.xml,reports/gemm/gemm_1107/export_impl.xml,reports/gemm/gemm_1107/power_routed.rpt,NO,
gemm_1108,64,128,64,8,8,8,option_1,,ji,ji,False,YES,YES,NO,configs/gemm/gemm_1108.json,reports/gemm/gemm_1108/csynth.xml,,,NO,
gemm_1109,64,128,64,8,8,8,option_1,,ij,ij,True,YES,YES,NO,configs/gemm/gemm_1109.json,reports/gemm/gemm_1109/csynth.xml,,,NO,
gemm_1110,64,128,64,8,8,8,option_1,,ij,ji,True,YES,YES,NO,configs/gemm/gemm_1110.json,reports/gemm/gemm_1110/csynth.xml,,,NO,
gemm_1111,64,128,64,8,8,8,option_1,,ji,ij,True,YES,YES,NO,configs/gemm/gemm_1111.json,reports/gemm/gemm_1111/csynth.xml,,,NO,
gemm_1112,64,128,64,8,8,8,option_1,,ji,ji,True,YES,YES,NO,configs/gemm/gemm_1112.json,reports/gemm/gemm_1112/csynth.xml,,,NO,
gemm_1113,64,128,64,8,8,8,option_2,ijk,ij,,False,YES,YES,YES,configs/gemm/gemm_1113.json,reports/gemm/gemm_1113/csynth.xml,reports/gemm/gemm_1113/export_impl.xml,reports/gemm/gemm_1113/power_routed.rpt,NO,
gemm_1114,64,128,64,8,8,8,option_2,ikj,ij,,False,YES,YES,NO,configs/gemm/gemm_1114.json,reports/gemm/gemm_1114/csynth.xml,,,NO,
gemm_1115,64,128,64,8,8,8,option_2,jik,ji,,False,YES,YES,NO,configs/gemm/gemm_1115.json,reports/gemm/gemm_1115/csynth.xml,,,NO,
gemm_1116,64,128,64,8,8,8,option_2,jki,ji,,False,YES,YES,NO,configs/gemm/gemm_1116.json,reports/gemm/gemm_1116/csynth.xml,,,NO,
gemm_1117,64,128,64,8,8,8,option_2,kij,ij,,False,YES,YES,YES,configs/gemm/gemm_1117.json,reports/gemm/gemm_1117/csynth.xml,reports/gemm/gemm_1117/export_impl.xml,reports/gemm/gemm_1117/power_routed.rpt,NO,
gemm_1118,64,128,64,8,8,8,option_2,kji,ji,,False,YES,YES,YES,configs/gemm/gemm_1118.json,reports/gemm/gemm_1118/csynth.xml,reports/gemm/gemm_1118/export_impl.xml,reports/gemm/gemm_1118/power_routed.rpt,NO,
gemm_1119,64,128,64,8,8,8,option_2,ijk,ij,,True,YES,YES,YES,configs/gemm/gemm_1119.json,reports/gemm/gemm_1119/csynth.xml,reports/gemm/gemm_1119/export_impl.xml,reports/gemm/gemm_1119/power_routed.rpt,NO,
gemm_1120,64,128,64,8,8,8,option_2,ikj,ij,,True,YES,YES,NO,configs/gemm/gemm_1120.json,reports/gemm/gemm_1120/csynth.xml,,,NO,
gemm_1121,64,128,64,8,8,8,option_2,jik,ji,,True,YES,YES,NO,configs/gemm/gemm_1121.json,reports/gemm/gemm_1121/csynth.xml,,,NO,
gemm_1122,64,128,64,8,8,8,option_2,jki,ji,,True,YES,YES,NO,configs/gemm/gemm_1122.json,reports/gemm/gemm_1122/csynth.xml,,,NO,
gemm_1123,64,128,64,8,8,8,option_2,kij,ij,,True,YES,YES,NO,configs/gemm/gemm_1123.json,reports/gemm/gemm_1123/csynth.xml,,,NO,
gemm_1124,64,128,64,8,8,8,option_2,kji,ji,,True,YES,YES,NO,configs/gemm/gemm_1124.json,reports/gemm/gemm_1124/csynth.xml,,,NO,
gemm_1125,64,128,64,8,8,8,option_3,ijk,ij,,False,YES,YES,NO,configs/gemm/gemm_1125.json,reports/gemm/gemm_1125/csynth.xml,,,NO,
gemm_1126,64,128,64,8,8,8,option_3,ikj,ij,,False,YES,YES,YES,configs/gemm/gemm_1126.json,reports/gemm/gemm_1126/csynth.xml,reports/gemm/gemm_1126/export_impl.xml,reports/gemm/gemm_1126/power_routed.rpt,NO,
gemm_1127,64,128,64,8,8,8,option_3,jik,ji,,False,YES,YES,NO,configs/gemm/gemm_1127.json,reports/gemm/gemm_1127/csynth.xml,,,NO,
gemm_1128,64,128,64,8,8,8,option_3,jki,ji,,False,YES,YES,YES,configs/gemm/gemm_1128.json,reports/gemm/gemm_1128/csynth.xml,reports/gemm/gemm_1128/export_impl.xml,reports/gemm/gemm_1128/power_routed.rpt,NO,
gemm_1129,64,128,64,8,8,8,option_3,kij,ij,,False,YES,YES,NO,configs/gemm/gemm_1129.json,reports/gemm/gemm_1129/csynth.xml,,,NO,
gemm_1130,64,128,64,8,8,8,option_3,kji,ji,,False,YES,YES,NO,configs/gemm/gemm_1130.json,reports/gemm/gemm_1130/csynth.xml,,,NO,
gemm_1131,64,128,64,8,8,8,option_3,ijk,ij,,True,YES,YES,NO,configs/gemm/gemm_1131.json,reports/gemm/gemm_1131/csynth.xml,,,NO,
gemm_1132,64,128,64,8,8,8,option_3,ikj,ij,,True,YES,YES,NO,configs/gemm/gemm_1132.json,reports/gemm/gemm_1132/csynth.xml,,,NO,
gemm_1133,64,128,64,8,8,8,option_3,jik,ji,,True,YES,YES,NO,configs/gemm/gemm_1133.json,reports/gemm/gemm_1133/csynth.xml,,,NO,
gemm_1134,64,128,64,8,8,8,option_3,jki,ji,,True,YES,YES,NO,configs/gemm/gemm_1134.json,reports/gemm/gemm_1134/csynth.xml,,,NO,
gemm_1135,64,128,64,8,8,8,option_3,kij,ij,,True,YES,YES,NO,configs/gemm/gemm_1135.json,reports/gemm/gemm_1135/csynth.xml,,,NO,
gemm_1136,64,128,64,8,8,8,option_3,kji,ji,,True,YES,YES,NO,configs/gemm/gemm_1136.json,reports/gemm/gemm_1136/csynth.xml,,,NO,
gemm_1137,64,128,64,8,8,8,option_4,,ij,ij,False,YES,YES,NO,configs/gemm/gemm_1137.json,reports/gemm/gemm_1137/csynth.xml,,,NO,
gemm_1138,64,128,64,8,8,8,option_4,,ij,ji,False,YES,YES,YES,configs/gemm/gemm_1138.json,reports/gemm/gemm_1138/csynth.xml,reports/gemm/gemm_1138/export_impl.xml,reports/gemm/gemm_1138/power_routed.rpt,NO,
gemm_1139,64,128,64,8,8,8,option_4,,ji,ij,False,YES,YES,NO,configs/gemm/gemm_1139.json,reports/gemm/gemm_1139/csynth.xml,,,NO,
gemm_1140,64,128,64,8,8,8,option_4,,ji,ji,False,YES,YES,NO,configs/gemm/gemm_1140.json,reports/gemm/gemm_1140/csynth.xml,,,NO,
gemm_1141,64,128,64,8,8,8,option_4,,ij,ij,True,YES,YES,NO,configs/gemm/gemm_1141.json,reports/gemm/gemm_1141/csynth.xml,,,NO,
gemm_1142,64,128,64,8,8,8,option_4,,ij,ji,True,YES,YES,NO,configs/gemm/gemm_1142.json,reports/gemm/gemm_1142/csynth.xml,,,NO,
gemm_1143,64,128,64,8,8,8,option_4,,ji,ij,True,YES,YES,NO,configs/gemm/gemm_1143.json,reports/gemm/gemm_1143/csynth.xml,,,NO,
gemm_1144,64,128,64,8,8,8,option_4,,ji,ji,True,YES,YES,YES,configs/gemm/gemm_1144.json,reports/gemm/gemm_1144/csynth.xml,reports/gemm/gemm_1144/export_impl.xml,reports/gemm/gemm_1144/power_routed.rpt,NO,
gemm_1145,64,128,64,8,8,8,option_5,,ij,ij,False,YES,YES,NO,configs/gemm/gemm_1145.json,reports/gemm/gemm_1145/csynth.xml,,,NO,
gemm_1146,64,128,64,8,8,8,option_5,,ij,ji,False,YES,YES,NO,configs/gemm/gemm_1146.json,reports/gemm/gemm_1146/csynth.xml,,,NO,
gemm_1147,64,128,64,8,8,8,option_5,,ji,ij,False,YES,YES,NO,configs/gemm/gemm_1147.json,reports/gemm/gemm_1147/csynth.xml,,,NO,
gemm_1148,64,128,64,8,8,8,option_5,,ji,ji,False,YES,YES,NO,configs/gemm/gemm_1148.json,reports/gemm/gemm_1148/csynth.xml,,,NO,
gemm_1149,64,128,64,8,8,8,option_5,,ij,ij,True,YES,YES,NO,configs/gemm/gemm_1149.json,reports/gemm/gemm_1149/csynth.xml,,,NO,
gemm_1150,64,128,64,8,8,8,option_5,,ij,ji,True,YES,YES,YES,configs/gemm/gemm_1150.json,reports/gemm/gemm_1150/csynth.xml,reports/gemm/gemm_1150/export_impl.xml,reports/gemm/gemm_1150/power_routed.rpt,NO,
gemm_1151,64,128,64,8,8,8,option_5,,ji,ij,True,YES,YES,NO,configs/gemm/gemm_1151.json,reports/gemm/gemm_1151/csynth.xml,,,NO,
gemm_1152,64,128,64,8,8,8,option_5,,ji,ji,True,YES,YES,NO,configs/gemm/gemm_1152.json,reports/gemm/gemm_1152/csynth.xml,,,NO,
gemm_1153,64,128,128,1,1,1,option_1,,ij,ij,False,YES,YES,YES,configs/gemm/gemm_1153.json,reports/gemm/gemm_1153/csynth.xml,reports/gemm/gemm_1153/export_impl.xml,reports/gemm/gemm_1153/power_routed.rpt,NO,
gemm_1154,64,128,128,1,1,1,option_1,,ij,ji,False,YES,YES,YES,configs/gemm/gemm_1154.json,reports/gemm/gemm_1154/csynth.xml,reports/gemm/gemm_1154/export_impl.xml,reports/gemm/gemm_1154/power_routed.rpt,NO,
gemm_1155,64,128,128,1,1,1,option_1,,ji,ij,False,YES,YES,YES,configs/gemm/gemm_1155.json,reports/gemm/gemm_1155/csynth.xml,reports/gemm/gemm_1155/export_impl.xml,reports/gemm/gemm_1155/power_routed.rpt,NO,
gemm_1156,64,128,128,1,1,1,option_1,,ji,ji,False,YES,YES,YES,configs/gemm/gemm_1156.json,reports/gemm/gemm_1156/csynth.xml,reports/gemm/gemm_1156/export_impl.xml,reports/gemm/gemm_1156/power_routed.rpt,NO,
gemm_1157,64,128,128,1,1,1,option_1,,ij,ij,True,YES,YES,YES,configs/gemm/gemm_1157.json,reports/gemm/gemm_1157/csynth.xml,reports/gemm/gemm_1157/export_impl.xml,reports/gemm/gemm_1157/power_routed.rpt,NO,
gemm_1158,64,128,128,1,1,1,option_1,,ij,ji,True,YES,YES,YES,configs/gemm/gemm_1158.json,reports/gemm/gemm_1158/csynth.xml,reports/gemm/gemm_1158/export_impl.xml,reports/gemm/gemm_1158/power_routed.rpt,NO,
gemm_1159,64,128,128,1,1,1,option_1,,ji,ij,True,YES,YES,YES,configs/gemm/gemm_1159.json,reports/gemm/gemm_1159/csynth.xml,reports/gemm/gemm_1159/export_impl.xml,reports/gemm/gemm_1159/power_routed.rpt,NO,
gemm_1160,64,128,128,1,1,1,option_1,,ji,ji,True,YES,YES,YES,configs/gemm/gemm_1160.json,reports/gemm/gemm_1160/csynth.xml,reports/gemm/gemm_1160/export_impl.xml,reports/gemm/gemm_1160/power_routed.rpt,NO,
gemm_1161,64,128,128,1,1,1,option_2,ijk,ij,,False,YES,YES,YES,configs/gemm/gemm_1161.json,reports/gemm/gemm_1161/csynth.xml,reports/gemm/gemm_1161/export_impl.xml,reports/gemm/gemm_1161/power_routed.rpt,NO,
gemm_1162,64,128,128,1,1,1,option_2,ikj,ij,,False,YES,YES,YES,configs/gemm/gemm_1162.json,reports/gemm/gemm_1162/csynth.xml,reports/gemm/gemm_1162/export_impl.xml,reports/gemm/gemm_1162/power_routed.rpt,NO,
gemm_1163,64,128,128,1,1,1,option_2,jik,ji,,False,YES,YES,YES,configs/gemm/gemm_1163.json,reports/gemm/gemm_1163/csynth.xml,reports/gemm/gemm_1163/export_impl.xml,reports/gemm/gemm_1163/power_routed.rpt,NO,
gemm_1164,64,128,128,1,1,1,option_2,jki,ji,,False,YES,YES,YES,configs/gemm/gemm_1164.json,reports/gemm/gemm_1164/csynth.xml,reports/gemm/gemm_1164/export_impl.xml,reports/gemm/gemm_1164/power_routed.rpt,NO,
gemm_1165,64,128,128,1,1,1,option_2,kij,ij,,False,YES,YES,YES,configs/gemm/gemm_1165.json,reports/gemm/gemm_1165/csynth.xml,reports/gemm/gemm_1165/export_impl.xml,reports/gemm/gemm_1165/power_routed.rpt,NO,
gemm_1166,64,128,128,1,1,1,option_2,kji,ji,,False,YES,YES,YES,configs/gemm/gemm_1166.json,reports/gemm/gemm_1166/csynth.xml,reports/gemm/gemm_1166/export_impl.xml,reports/gemm/gemm_1166/power_routed.rpt,NO,
gemm_1167,64,128,128,1,1,1,option_2,ijk,ij,,True,YES,YES,YES,configs/gemm/gemm_1167.json,reports/gemm/gemm_1167/csynth.xml,reports/gemm/gemm_1167/export_impl.xml,reports/gemm/gemm_1167/power_routed.rpt,NO,
gemm_1168,64,128,128,1,1,1,option_2,ikj,ij,,True,YES,YES,YES,configs/gemm/gemm_1168.json,reports/gemm/gemm_1168/csynth.xml,reports/gemm/gemm_1168/export_impl.xml,reports/gemm/gemm_1168/power_routed.rpt,NO,
gemm_1169,64,128,128,1,1,1,option_2,jik,ji,,True,YES,YES,YES,configs/gemm/gemm_1169.json,reports/gemm/gemm_1169/csynth.xml,reports/gemm/gemm_1169/export_impl.xml,reports/gemm/gemm_1169/power_routed.rpt,NO,
gemm_1170,64,128,128,1,1,1,option_2,jki,ji,,True,YES,YES,YES,configs/gemm/gemm_1170.json,reports/gemm/gemm_1170/csynth.xml,reports/gemm/gemm_1170/export_impl.xml,reports/gemm/gemm_1170/power_routed.rpt,NO,
gemm_1171,64,128,128,1,1,1,option_2,kij,ij,,True,YES,YES,YES,configs/gemm/gemm_1171.json,reports/gemm/gemm_1171/csynth.xml,reports/gemm/gemm_1171/export_impl.xml,reports/gemm/gemm_1171/power_routed.rpt,NO,
gemm_1172,64,128,128,1,1,1,option_2,kji,ji,,True,YES,YES,YES,configs/gemm/gemm_1172.json,reports/gemm/gemm_1172/csynth.xml,reports/gemm/gemm_1172/export_impl.xml,reports/gemm/gemm_1172/power_routed.rpt,NO,
gemm_1173,64,128,128,1,1,1,option_3,ijk,ij,,False,YES,YES,YES,configs/gemm/gemm_1173.json,reports/gemm/gemm_1173/csynth.xml,reports/gemm/gemm_1173/export_impl.xml,reports/gemm/gemm_1173/power_routed.rpt,NO,
gemm_1174,64,128,128,1,1,1,option_3,ikj,ij,,False,YES,YES,YES,configs/gemm/gemm_1174.json,reports/gemm/gemm_1174/csynth.xml,reports/gemm/gemm_1174/export_impl.xml,reports/gemm/gemm_1174/power_routed.rpt,NO,
gemm_1175,64,128,128,1,1,1,option_3,jik,ji,,False,YES,YES,YES,configs/gemm/gemm_1175.json,reports/gemm/gemm_1175/csynth.xml,reports/gemm/gemm_1175/export_impl.xml,reports/gemm/gemm_1175/power_routed.rpt,NO,
gemm_1176,64,128,128,1,1,1,option_3,jki,ji,,False,YES,YES,YES,configs/gemm/gemm_1176.json,reports/gemm/gemm_1176/csynth.xml,reports/gemm/gemm_1176/export_impl.xml,reports/gemm/gemm_1176/power_routed.rpt,NO,
gemm_1177,64,128,128,1,1,1,option_3,kij,ij,,False,YES,YES,YES,configs/gemm/gemm_1177.json,reports/gemm/gemm_1177/csynth.xml,reports/gemm/gemm_1177/export_impl.xml,reports/gemm/gemm_1177/power_routed.rpt,NO,
gemm_1178,64,128,128,1,1,1,option_3,kji,ji,,False,YES,YES,YES,configs/gemm/gemm_1178.json,reports/gemm/gemm_1178/csynth.xml,reports/gemm/gemm_1178/export_impl.xml,reports/gemm/gemm_1178/power_routed.rpt,NO,
gemm_1179,64,128,128,1,1,1,option_3,ijk,ij,,True,YES,YES,YES,configs/gemm/gemm_1179.json,reports/gemm/gemm_1179/csynth.xml,reports/gemm/gemm_1179/export_impl.xml,reports/gemm/gemm_1179/power_routed.rpt,NO,
gemm_1180,64,128,128,1,1,1,option_3,ikj,ij,,True,YES,YES,YES,configs/gemm/gemm_1180.json,reports/gemm/gemm_1180/csynth.xml,reports/gemm/gemm_1180/export_impl.xml,reports/gemm/gemm_1180/power_routed.rpt,NO,
gemm_1181,64,128,128,1,1,1,option_3,jik,ji,,True,YES,YES,YES,configs/gemm/gemm_1181.json,reports/gemm/gemm_1181/csynth.xml,reports/gemm/gemm_1181/export_impl.xml,reports/gemm/gemm_1181/power_routed.rpt,NO,
gemm_1182,64,128,128,1,1,1,option_3,jki,ji,,True,YES,YES,YES,configs/gemm/gemm_1182.json,reports/gemm/gemm_1182/csynth.xml,reports/gemm/gemm_1182/export_impl.xml,reports/gemm/gemm_1182/power_routed.rpt,NO,
gemm_1183,64,128,128,1,1,1,option_3,kij,ij,,True,YES,YES,YES,configs/gemm/gemm_1183.json,reports/gemm/gemm_1183/csynth.xml,reports/gemm/gemm_1183/export_impl.xml,reports/gemm/gemm_1183/power_routed.rpt,NO,
gemm_1184,64,128,128,1,1,1,option_3,kji,ji,,True,YES,YES,YES,configs/gemm/gemm_1184.json,reports/gemm/gemm_1184/csynth.xml,reports/gemm/gemm_1184/export_impl.xml,reports/gemm/gemm_1184/power_routed.rpt,NO,
gemm_1185,64,128,128,1,1,1,option_4,,ij,ij,False,YES,YES,YES,configs/gemm/gemm_1185.json,reports/gemm/gemm_1185/csynth.xml,reports/gemm/gemm_1185/export_impl.xml,reports/gemm/gemm_1185/power_routed.rpt,NO,
gemm_1186,64,128,128,1,1,1,option_4,,ij,ji,False,YES,YES,YES,configs/gemm/gemm_1186.json,reports/gemm/gemm_1186/csynth.xml,reports/gemm/gemm_1186/export_impl.xml,reports/gemm/gemm_1186/power_routed.rpt,NO,
gemm_1187,64,128,128,1,1,1,option_4,,ji,ij,False,YES,YES,YES,configs/gemm/gemm_1187.json,reports/gemm/gemm_1187/csynth.xml,reports/gemm/gemm_1187/export_impl.xml,reports/gemm/gemm_1187/power_routed.rpt,NO,
gemm_1188,64,128,128,1,1,1,option_4,,ji,ji,False,YES,YES,YES,configs/gemm/gemm_1188.json,reports/gemm/gemm_1188/csynth.xml,reports/gemm/gemm_1188/export_impl.xml,reports/gemm/gemm_1188/power_routed.rpt,NO,
gemm_1189,64,128,128,1,1,1,option_4,,ij,ij,True,YES,YES,YES,configs/gemm/gemm_1189.json,reports/gemm/gemm_1189/csynth.xml,reports/gemm/gemm_1189/export_impl.xml,reports/gemm/gemm_1189/power_routed.rpt,NO,
gemm_1190,64,128,128,1,1,1,option_4,,ij,ji,True,YES,YES,YES,configs/gemm/gemm_1190.json,reports/gemm/gemm_1190/csynth.xml,reports/gemm/gemm_1190/export_impl.xml,reports/gemm/gemm_1190/power_routed.rpt,NO,
gemm_1191,64,128,128,1,1,1,option_4,,ji,ij,True,YES,YES,YES,configs/gemm/gemm_1191.json,reports/gemm/gemm_1191/csynth.xml,reports/gemm/gemm_1191/export_impl.xml,reports/gemm/gemm_1191/power_routed.rpt,NO,
gemm_1192,64,128,128,1,1,1,option_4,,ji,ji,True,YES,YES,YES,configs/gemm/gemm_1192.json,reports/gemm/gemm_1192/csynth.xml,reports/gemm/gemm_1192/export_impl.xml,reports/gemm/gemm_1192/power_routed.rpt,NO,
gemm_1193,64,128,128,1,1,1,option_5,,ij,ij,False,YES,YES,YES,configs/gemm/gemm_1193.json,reports/gemm/gemm_1193/csynth.xml,reports/gemm/gemm_1193/export_impl.xml,reports/gemm/gemm_1193/power_routed.rpt,NO,
gemm_1194,64,128,128,1,1,1,option_5,,ij,ji,False,YES,YES,YES,configs/gemm/gemm_1194.json,reports/gemm/gemm_1194/csynth.xml,reports/gemm/gemm_1194/export_impl.xml,reports/gemm/gemm_1194/power_routed.rpt,NO,
gemm_1195,64,128,128,1,1,1,option_5,,ji,ij,False,YES,YES,YES,configs/gemm/gemm_1195.json,reports/gemm/gemm_1195/csynth.xml,reports/gemm/gemm_1195/export_impl.xml,reports/gemm/gemm_1195/power_routed.rpt,NO,
gemm_1196,64,128,128,1,1,1,option_5,,ji,ji,False,YES,YES,YES,configs/gemm/gemm_1196.json,reports/gemm/gemm_1196/csynth.xml,reports/gemm/gemm_1196/export_impl.xml,reports/gemm/gemm_1196/power_routed.rpt,NO,
gemm_1197,64,128,128,1,1,1,option_5,,ij,ij,True,YES,YES,YES,configs/gemm/gemm_1197.json,reports/gemm/gemm_1197/csynth.xml,reports/gemm/gemm_1197/export_impl.xml,reports/gemm/gemm_1197/power_routed.rpt,NO,
gemm_1198,64,128,128,1,1,1,option_5,,ij,ji,True,YES,YES,YES,configs/gemm/gemm_1198.json,reports/gemm/gemm_1198/csynth.xml,reports/gemm/gemm_1198/export_impl.xml,reports/gemm/gemm_1198/power_routed.rpt,NO,
gemm_1199,64,128,128,1,1,1,option_5,,ji,ij,True,YES,YES,YES,configs/gemm/gemm_1199.json,reports/gemm/gemm_1199/csynth.xml,reports/gemm/gemm_1199/export_impl.xml,reports/gemm/gemm_1199/power_routed.rpt,NO,
gemm_1200,64,128,128,1,1,1,option_5,,ji,ji,True,YES,YES,YES,configs/gemm/gemm_1200.json,reports/gemm/gemm_1200/csynth.xml,reports/gemm/gemm_1200/export_impl.xml,reports/gemm/gemm_1200/power_routed.rpt,NO,
gemm_1201,64,128,128,1,1,8,option_1,,ij,ij,False,YES,YES,NO,configs/gemm/gemm_1201.json,reports/gemm/gemm_1201/csynth.xml,,,NO,
gemm_1202,64,128,128,1,1,8,option_1,,ij,ji,False,YES,YES,NO,configs/gemm/gemm_1202.json,reports/gemm/gemm_1202/csynth.xml,,,NO,
gemm_1203,64,128,128,1,1,8,option_1,,ji,ij,False,YES,YES,NO,configs/gemm/gemm_1203.json,reports/gemm/gemm_1203/csynth.xml,,,NO,
gemm_1204,64,128,128,1,1,8,option_1,,ji,ji,False,YES,YES,NO,configs/gemm/gemm_1204.json,reports/gemm/gemm_1204/csynth.xml,,,NO,
gemm_1205,64,128,128,1,1,8,option_1,,ij,ij,True,YES,YES,NO,configs/gemm/gemm_1205.json,reports/gemm/gemm_1205/csynth.xml,,,NO,
gemm_1206,64,128,128,1,1,8,option_1,,ij,ji,True,YES,YES,NO,configs/gemm/gemm_1206.json,reports/gemm/gemm_1206/csynth.xml,,,NO,
gemm_1207,64,128,128,1,1,8,option_1,,ji,ij,True,YES,YES,NO,configs/gemm/gemm_1207.json,reports/gemm/gemm_1207/csynth.xml,,,NO,
gemm_1208,64,128,128,1,1,8,option_1,,ji,ji,True,YES,YES,NO,configs/gemm/gemm_1208.json,reports/gemm/gemm_1208/csynth.xml,,,NO,
gemm_1209,64,128,128,1,1,8,option_2,ijk,ij,,False,YES,YES,NO,configs/gemm/gemm_1209.json,reports/gemm/gemm_1209/csynth.xml,,,NO,
gemm_1210,64,128,128,1,1,8,option_2,ikj,ij,,False,YES,YES,YES,configs/gemm/gemm_1210.json,reports/gemm/gemm_1210/csynth.xml,reports/gemm/gemm_1210/export_impl.xml,reports/gemm/gemm_1210/power_routed.rpt,NO,
gemm_1211,64,128,128,1,1,8,option_2,jik,ji,,False,YES,YES,YES,configs/gemm/gemm_1211.json,reports/gemm/gemm_1211/csynth.xml,reports/gemm/gemm_1211/export_impl.xml,reports/gemm/gemm_1211/power_routed.rpt,NO,
gemm_1212,64,128,128,1,1,8,option_2,jki,ji,,False,YES,YES,NO,configs/gemm/gemm_1212.json,reports/gemm/gemm_1212/csynth.xml,,,NO,
gemm_1213,64,128,128,1,1,8,option_2,kij,ij,,False,YES,YES,NO,configs/gemm/gemm_1213.json,reports/gemm/gemm_1213/csynth.xml,,,NO,
gemm_1214,64,128,128,1,1,8,option_2,kji,ji,,False,YES,YES,NO,configs/gemm/gemm_1214.json,reports/gemm/gemm_1214/csynth.xml,,,NO,
gemm_1215,64,128,128,1,1,8,option_2,ijk,ij,,True,YES,YES,NO,configs/gemm/gemm_1215.json,reports/gemm/gemm_1215/csynth.xml,,,NO,
gemm_1216,64,128,128,1,1,8,option_2,ikj,ij,,True,YES,YES,NO,configs/gemm/gemm_1216.json,reports/gemm/gemm_1216/csynth.xml,,,NO,
gemm_1217,64,128,128,1,1,8,option_2,jik,ji,,True,YES,YES,NO,configs/gemm/gemm_1217.json,reports/gemm/gemm_1217/csynth.xml,,,NO,
gemm_1218,64,128,128,1,1,8,option_2,jki,ji,,True,YES,YES,NO,configs/gemm/gemm_1218.json,reports/gemm/gemm_1218/csynth.xml,,,NO,
gemm_1219,64,128,128,1,1,8,option_2,kij,ij,,True,YES,YES,NO,configs/gemm/gemm_1219.json,reports/gemm/gemm_1219/csynth.xml,,,NO,
gemm_1220,64,128,128,1,1,8,option_2,kji,ji,,True,YES,YES,NO,configs/gemm/gemm_1220.json,reports/gemm/gemm_1220/csynth.xml,,,NO,
gemm_1221,64,128,128,1,1,8,option_3,ijk,ij,,False,YES,YES,YES,configs/gemm/gemm_1221.json,reports/gemm/gemm_1221/csynth.xml,reports/gemm/gemm_1221/export_impl.xml,reports/gemm/gemm_1221/power_routed.rpt,NO,
gemm_1222,64,128,128,1,1,8,option_3,ikj,ij,,False,YES,YES,NO,configs/gemm/gemm_1222.json,reports/gemm/gemm_1222/csynth.xml,,,NO,
gemm_1223,64,128,128,1,1,8,option_3,jik,ji,,False,YES,YES,NO,configs/gemm/gemm_1223.json,reports/gemm/gemm_1223/csynth.xml,,,NO,
gemm_1224,64,128,128,1,1,8,option_3,jki,ji,,False,YES,YES,YES,configs/gemm/gemm_1224.json,reports/gemm/gemm_1224/csynth.xml,reports/gemm/gemm_1224/export_impl.xml,reports/gemm/gemm_1224/power_routed.rpt,NO,
gemm_1225,64,128,128,1,1,8,option_3,kij,ij,,False,YES,YES,YES,configs/gemm/gemm_1225.json,reports/gemm/gemm_1225/csynth.xml,reports/gemm/gemm_1225/export_impl.xml,reports/gemm/gemm_1225/power_routed.rpt,NO,
gemm_1226,64,128,128,1,1,8,option_3,kji,ji,,False,YES,YES,NO,configs/gemm/gemm_1226.json,reports/gemm/gemm_1226/csynth.xml,,,NO,
gemm_1227,64,128,128,1,1,8,option_3,ijk,ij,,True,YES,YES,NO,configs/gemm/gemm_1227.json,reports/gemm/gemm_1227/csynth.xml,,,NO,
gemm_1228,64,128,128,1,1,8,option_3,ikj,ij,,True,YES,YES,NO,configs/gemm/gemm_1228.json,reports/gemm/gemm_1228/csynth.xml,,,NO,
gemm_1229,64,128,128,1,1,8,option_3,jik,ji,,True,YES,YES,YES,configs/gemm/gemm_1229.json,reports/gemm/gemm_1229/csynth.xml,reports/gemm/gemm_1229/export_impl.xml,reports/gemm/gemm_1229/power_routed.rpt,NO,
gemm_1230,64,128,128,1,1,8,option_3,jki,ji,,True,YES,YES,YES,configs/gemm/gemm_1230.json,reports/gemm/gemm_1230/csynth.xml,reports/gemm/gemm_1230/export_impl.xml,reports/gemm/gemm_1230/power_routed.rpt,NO,
gemm_1231,64,128,128,1,1,8,option_3,kij,ij,,True,YES,YES,NO,configs/gemm/gemm_1231.json,reports/gemm/gemm_1231/csynth.xml,,,NO,
gemm_1232,64,128,128,1,1,8,option_3,kji,ji,,True,YES,YES,NO,configs/gemm/gemm_1232.json,reports/gemm/gemm_1232/csynth.xml,,,NO,
gemm_1233,64,128,128,1,1,8,option_4,,ij,ij,False,YES,YES,YES,configs/gemm/gemm_1233.json,reports/gemm/gemm_1233/csynth.xml,reports/gemm/gemm_1233/export_impl.xml,reports/gemm/gemm_1233/power_routed.rpt,NO,
gemm_1234,64,128,128,1,1,8,option_4,,ij,ji,False,YES,YES,NO,configs/gemm/gemm_1234.json,reports/gemm/gemm_1234/csynth.xml,,,NO,
gemm_1235,64,128,128,1,1,8,option_4,,ji,ij,False,YES,YES,YES,configs/gemm/gemm_1235.json,reports/gemm/gemm_1235/csynth.xml,reports/gemm/gemm_1235/export_impl.xml,reports/gemm/gemm_1235/power_routed.rpt,NO,
gemm_1236,64,128,128,1,1,8,option_4,,ji,ji,False,YES,YES,NO,configs/gemm/gemm_1236.json,reports/gemm/gemm_1236/csynth.xml,,,NO,
gemm_1237,64,128,128,1,1,8,option_4,,ij,ij,True,YES,YES,NO,configs/gemm/gemm_1237.json,reports/gemm/gemm_1237/csynth.xml,,,NO,
gemm_1238,64,128,128,1,1,8,option_4,,ij,ji,True,YES,YES,NO,configs/gemm/gemm_1238.json,reports/gemm/gemm_1238/csynth.xml,,,NO,
gemm_1239,64,128,128,1,1,8,option_4,,ji,ij,True,YES,YES,YES,configs/gemm/gemm_1239.json,reports/gemm/gemm_1239/csynth.xml,reports/gemm/gemm_1239/export_impl.xml,reports/gemm/gemm_1239/power_routed.rpt,NO,
gemm_1240,64,128,128,1,1,8,option_4,,ji,ji,True,YES,YES,NO,configs/gemm/gemm_1240.json,reports/gemm/gemm_1240/csynth.xml,,,NO,
gemm_1241,64,128,128,1,1,8,option_5,,ij,ij,False,YES,YES,NO,configs/gemm/gemm_1241.json,reports/gemm/gemm_1241/csynth.xml,,,NO,
gemm_1242,64,128,128,1,1,8,option_5,,ij,ji,False,YES,YES,NO,configs/gemm/gemm_1242.json,reports/gemm/gemm_1242/csynth.xml,,,NO,
gemm_1243,64,128,128,1,1,8,option_5,,ji,ij,False,YES,YES,YES,configs/gemm/gemm_1243.json,reports/gemm/gemm_1243/csynth.xml,reports/gemm/gemm_1243/export_impl.xml,reports/gemm/gemm_1243/power_routed.rpt,NO,
gemm_1244,64,128,128,1,1,8,option_5,,ji,ji,False,YES,YES,NO,configs/gemm/gemm_1244.json,reports/gemm/gemm_1244/csynth.xml,,,NO,
gemm_1245,64,128,128,1,1,8,option_5,,ij,ij,True,YES,YES,NO,configs/gemm/gemm_1245.json,reports/gemm/gemm_1245/csynth.xml,,,NO,
gemm_1246,64,128,128,1,1,8,option_5,,ij,ji,True,YES,YES,NO,configs/gemm/gemm_1246.json,reports/gemm/gemm_1246/csynth.xml,,,NO,
gemm_1247,64,128,128,1,1,8,option_5,,ji,ij,True,YES,YES,NO,configs/gemm/gemm_1247.json,reports/gemm/gemm_1247/csynth.xml,,,NO,
gemm_1248,64,128,128,1,1,8,option_5,,ji,ji,True,YES,YES,NO,configs/gemm/gemm_1248.json,reports/gemm/gemm_1248/csynth.xml,,,NO,
gemm_1249,64,128,128,1,8,1,option_1,,ij,ij,False,YES,YES,NO,configs/gemm/gemm_1249.json,reports/gemm/gemm_1249/csynth.xml,,,NO,
gemm_1250,64,128,128,1,8,1,option_1,,ij,ji,False,YES,YES,NO,configs/gemm/gemm_1250.json,reports/gemm/gemm_1250/csynth.xml,,,NO,
gemm_1251,64,128,128,1,8,1,option_1,,ji,ij,False,YES,YES,NO,configs/gemm/gemm_1251.json,reports/gemm/gemm_1251/csynth.xml,,,NO,
gemm_1252,64,128,128,1,8,1,option_1,,ji,ji,False,YES,YES,NO,configs/gemm/gemm_1252.json,reports/gemm/gemm_1252/csynth.xml,,,NO,
gemm_1253,64,128,128,1,8,1,option_1,,ij,ij,True,YES,YES,YES,configs/gemm/gemm_1253.json,reports/gemm/gemm_1253/csynth.xml,reports/gemm/gemm_1253/export_impl.xml,reports/gemm/gemm_1253/power_routed.rpt,NO,
gemm_1254,64,128,128,1,8,1,option_1,,ij,ji,True,YES,YES,NO,configs/gemm/gemm_1254.json,reports/gemm/gemm_1254/csynth.xml,,,NO,
gemm_1255,64,128,128,1,8,1,option_1,,ji,ij,True,YES,YES,NO,configs/gemm/gemm_1255.json,reports/gemm/gemm_1255/csynth.xml,,,NO,
gemm_1256,64,128,128,1,8,1,option_1,,ji,ji,True,YES,YES,NO,configs/gemm/gemm_1256.json,reports/gemm/gemm_1256/csynth.xml,,,NO,
gemm_1257,64,128,128,1,8,1,option_2,ijk,ij,,False,YES,YES,NO,configs/gemm/gemm_1257.json,reports/gemm/gemm_1257/csynth.xml,,,NO,
gemm_1258,64,128,128,1,8,1,option_2,ikj,ij,,False,YES,YES,NO,configs/gemm/gemm_1258.json,reports/gemm/gemm_1258/csynth.xml,,,NO,
gemm_1259,64,128,128,1,8,1,option_2,jik,ji,,False,YES,YES,YES,configs/gemm/gemm_1259.json,reports/gemm/gemm_1259/csynth.xml,reports/gemm/gemm_1259/export_impl.xml,reports/gemm/gemm_1259/power_routed.rpt,NO,
gemm_1260,64,128,128,1,8,1,option_2,jki,ji,,False,YES,YES,NO,configs/gemm/gemm_1260.json,reports/gemm/gemm_1260/csynth.xml,,,NO,
gemm_1261,64,128,128,1,8,1,option_2,kij,ij,,False,YES,YES,YES,configs/gemm/gemm_1261.json,reports/gemm/gemm_1261/csynth.xml,reports/gemm/gemm_1261/export_impl.xml,reports/gemm/gemm_1261/power_routed.rpt,NO,
gemm_1262,64,128,128,1,8,1,option_2,kji,ji,,False,YES,YES,YES,configs/gemm/gemm_1262.json,reports/gemm/gemm_1262/csynth.xml,reports/gemm/gemm_1262/export_impl.xml,reports/gemm/gemm_1262/power_routed.rpt,NO,
gemm_1263,64,128,128,1,8,1,option_2,ijk,ij,,True,YES,YES,YES,configs/gemm/gemm_1263.json,reports/gemm/gemm_1263/csynth.xml,reports/gemm/gemm_1263/export_impl.xml,reports/gemm/gemm_1263/power_routed.rpt,NO,
gemm_1264,64,128,128,1,8,1,option_2,ikj,ij,,True,YES,YES,YES,configs/gemm/gemm_1264.json,reports/gemm/gemm_1264/csynth.xml,reports/gemm/gemm_1264/export_impl.xml,reports/gemm/gemm_1264/power_routed.rpt,NO,
gemm_1265,64,128,128,1,8,1,option_2,jik,ji,,True,YES,YES,YES,configs/gemm/gemm_1265.json,reports/gemm/gemm_1265/csynth.xml,reports/gemm/gemm_1265/export_impl.xml,reports/gemm/gemm_1265/power_routed.rpt,NO,
gemm_1266,64,128,128,1,8,1,option_2,jki,ji,,True,YES,YES,NO,configs/gemm/gemm_1266.json,reports/gemm/gemm_1266/csynth.xml,,,NO,
gemm_1267,64,128,128,1,8,1,option_2,kij,ij,,True,YES,YES,YES,configs/gemm/gemm_1267.json,reports/gemm/gemm_1267/csynth.xml,reports/gemm/gemm_1267/export_impl.xml,reports/gemm/gemm_1267/power_routed.rpt,NO,
gemm_1268,64,128,128,1,8,1,option_2,kji,ji,,True,YES,YES,NO,configs/gemm/gemm_1268.json,reports/gemm/gemm_1268/csynth.xml,,,NO,
gemm_1269,64,128,128,1,8,1,option_3,ijk,ij,,False,YES,YES,YES,configs/gemm/gemm_1269.json,reports/gemm/gemm_1269/csynth.xml,reports/gemm/gemm_1269/export_impl.xml,reports/gemm/gemm_1269/power_routed.rpt,NO,
gemm_1270,64,128,128,1,8,1,option_3,ikj,ij,,False,YES,YES,NO,configs/gemm/gemm_1270.json,reports/gemm/gemm_1270/csynth.xml,,,NO,
gemm_1271,64,128,128,1,8,1,option_3,jik,ji,,False,YES,YES,YES,configs/gemm/gemm_1271.json,reports/gemm/gemm_1271/csynth.xml,reports/gemm/gemm_1271/export_impl.xml,reports/gemm/gemm_1271/power_routed.rpt,NO,
gemm_1272,64,128,128,1,8,1,option_3,jki,ji,,False,YES,YES,YES,configs/gemm/gemm_1272.json,reports/gemm/gemm_1272/csynth.xml,reports/gemm/gemm_1272/export_impl.xml,reports/gemm/gemm_1272/power_routed.rpt,NO,
gemm_1273,64,128,128,1,8,1,option_3,kij,ij,,False,YES,YES,YES,configs/gemm/gemm_1273.json,reports/gemm/gemm_1273/csynth.xml,reports/gemm/gemm_1273/export_impl.xml,reports/gemm/gemm_1273/power_routed.rpt,NO,
gemm_1274,64,128,128,1,8,1,option_3,kji,ji,,False,YES,YES,NO,configs/gemm/gemm_1274.json,reports/gemm/gemm_1274/csynth.xml,,,NO,
gemm_1275,64,128,128,1,8,1,option_3,ijk,ij,,True,YES,YES,NO,configs/gemm/gemm_1275.json,reports/gemm/gemm_1275/csynth.xml,,,NO,
gemm_1276,64,128,128,1,8,1,option_3,ikj,ij,,True,YES,YES,YES,configs/gemm/gemm_1276.json,reports/gemm/gemm_1276/csynth.xml,reports/gemm/gemm_1276/export_impl.xml,reports/gemm/gemm_1276/power_routed.rpt,NO,
gemm_1277,64,128,128,1,8,1,option_3,jik,ji,,True,YES,YES,NO,configs/gemm/gemm_1277.json,reports/gemm/gemm_1277/csynth.xml,,,NO,
gemm_1278,64,128,128,1,8,1,option_3,jki,ji,,True,YES,YES,YES,configs/gemm/gemm_1278.json,reports/gemm/gemm_1278/csynth.xml,reports/gemm/gemm_1278/export_impl.xml,reports/gemm/gemm_1278/power_routed.rpt,NO,
gemm_1279,64,128,128,1,8,1,option_3,kij,ij,,True,YES,YES,NO,configs/gemm/gemm_1279.json,reports/gemm/gemm_1279/csynth.xml,,,NO,
gemm_1280,64,128,128,1,8,1,option_3,kji,ji,,True,YES,YES,NO,configs/gemm/gemm_1280.json,reports/gemm/gemm_1280/csynth.xml,,,NO,
gemm_1281,64,128,128,1,8,1,option_4,,ij,ij,False,YES,YES,NO,configs/gemm/gemm_1281.json,reports/gemm/gemm_1281/csynth.xml,,,NO,
gemm_1282,64,128,128,1,8,1,option_4,,ij,ji,False,YES,YES,NO,configs/gemm/gemm_1282.json,reports/gemm/gemm_1282/csynth.xml,,,NO,
gemm_1283,64,128,128,1,8,1,option_4,,ji,ij,False,YES,YES,NO,configs/gemm/gemm_1283.json,reports/gemm/gemm_1283/csynth.xml,,,NO,
gemm_1284,64,128,128,1,8,1,option_4,,ji,ji,False,YES,YES,YES,configs/gemm/gemm_1284.json,reports/gemm/gemm_1284/csynth.xml,reports/gemm/gemm_1284/export_impl.xml,reports/gemm/gemm_1284/power_routed.rpt,NO,
gemm_1285,64,128,128,1,8,1,option_4,,ij,ij,True,YES,YES,YES,configs/gemm/gemm_1285.json,reports/gemm/gemm_1285/csynth.xml,reports/gemm/gemm_1285/export_impl.xml,reports/gemm/gemm_1285/power_routed.rpt,NO,
gemm_1286,64,128,128,1,8,1,option_4,,ij,ji,True,YES,YES,NO,configs/gemm/gemm_1286.json,reports/gemm/gemm_1286/csynth.xml,,,NO,
gemm_1287,64,128,128,1,8,1,option_4,,ji,ij,True,YES,YES,YES,configs/gemm/gemm_1287.json,reports/gemm/gemm_1287/csynth.xml,reports/gemm/gemm_1287/export_impl.xml,reports/gemm/gemm_1287/power_routed.rpt,NO,
gemm_1288,64,128,128,1,8,1,option_4,,ji,ji,True,YES,YES,NO,configs/gemm/gemm_1288.json,reports/gemm/gemm_1288/csynth.xml,,,NO,
gemm_1289,64,128,128,1,8,1,option_5,,ij,ij,False,YES,YES,YES,configs/gemm/gemm_1289.json,reports/gemm/gemm_1289/csynth.xml,reports/gemm/gemm_1289/export_impl.xml,reports/gemm/gemm_1289/power_routed.rpt,NO,
gemm_1290,64,128,128,1,8,1,option_5,,ij,ji,False,YES,YES,YES,configs/gemm/gemm_1290.json,reports/gemm/gemm_1290/csynth.xml,reports/gemm/gemm_1290/export_impl.xml,reports/gemm/gemm_1290/power_routed.rpt,NO,
gemm_1291,64,128,128,1,8,1,option_5,,ji,ij,False,YES,YES,NO,configs/gemm/gemm_1291.json,reports/gemm/gemm_1291/csynth.xml,,,NO,
gemm_1292,64,128,128,1,8,1,option_5,,ji,ji,False,YES,YES,NO,configs/gemm/gemm_1292.json,reports/gemm/gemm_1292/csynth.xml,,,NO,
gemm_1293,64,128,128,1,8,1,option_5,,ij,ij,True,YES,YES,NO,configs/gemm/gemm_1293.json,reports/gemm/gemm_1293/csynth.xml,,,NO,
gemm_1294,64,128,128,1,8,1,option_5,,ij,ji,True,YES,YES,NO,configs/gemm/gemm_1294.json,reports/gemm/gemm_1294/csynth.xml,,,NO,
gemm_1295,64,128,128,1,8,1,option_5,,ji,ij,True,YES,YES,NO,configs/gemm/gemm_1295.json,reports/gemm/gemm_1295/csynth.xml,,,NO,
gemm_1296,64,128,128,1,8,1,option_5,,ji,ji,True,YES,YES,YES,configs/gemm/gemm_1296.json,reports/gemm/gemm_1296/csynth.xml,reports/gemm/gemm_1296/export_impl.xml,reports/gemm/gemm_1296/power_routed.rpt,NO,
gemm_1297,64,128,128,1,8,8,option_1,,ij,ij,False,YES,YES,NO,configs/gemm/gemm_1297.json,reports/gemm/gemm_1297/csynth.xml,,,NO,
gemm_1298,64,128,128,1,8,8,option_1,,ij,ji,False,YES,YES,NO,configs/gemm/gemm_1298.json,reports/gemm/gemm_1298/csynth.xml,,,NO,
gemm_1299,64,128,128,1,8,8,option_1,,ji,ij,False,YES,YES,NO,configs/gemm/gemm_1299.json,reports/gemm/gemm_1299/csynth.xml,,,NO,
gemm_1300,64,128,128,1,8,8,option_1,,ji,ji,False,YES,YES,YES,configs/gemm/gemm_1300.json,reports/gemm/gemm_1300/csynth.xml,reports/gemm/gemm_1300/export_impl.xml,reports/gemm/gemm_1300/power_routed.rpt,NO,
gemm_1301,64,128,128,1,8,8,option_1,,ij,ij,True,YES,YES,NO,configs/gemm/gemm_1301.json,reports/gemm/gemm_1301/csynth.xml,,,NO,
gemm_1302,64,128,128,1,8,8,option_1,,ij,ji,True,YES,YES,YES,configs/gemm/gemm_1302.json,reports/gemm/gemm_1302/csynth.xml,reports/gemm/gemm_1302/export_impl.xml,reports/gemm/gemm_1302/power_routed.rpt,NO,
gemm_1303,64,128,128,1,8,8,option_1,,ji,ij,True,YES,YES,NO,configs/gemm/gemm_1303.json,reports/gemm/gemm_1303/csynth.xml,,,NO,
gemm_1304,64,128,128,1,8,8,option_1,,ji,ji,True,YES,YES,NO,configs/gemm/gemm_1304.json,reports/gemm/gemm_1304/csynth.xml,,,NO,
gemm_1305,64,128,128,1,8,8,option_2,ijk,ij,,False,YES,YES,NO,configs/gemm/gemm_1305.json,reports/gemm/gemm_1305/csynth.xml,,,NO,
gemm_1306,64,128,128,1,8,8,option_2,ikj,ij,,False,YES,YES,NO,configs/gemm/gemm_1306.json,reports/gemm/gemm_1306/csynth.xml,,,NO,
gemm_1307,64,128,128,1,8,8,option_2,jik,ji,,False,YES,YES,YES,configs/gemm/gemm_1307.json,reports/gemm/gemm_1307/csynth.xml,reports/gemm/gemm_1307/export_impl.xml,reports/gemm/gemm_1307/power_routed.rpt,NO,
gemm_1308,64,128,128,1,8,8,option_2,jki,ji,,False,YES,YES,NO,configs/gemm/gemm_1308.json,reports/gemm/gemm_1308/csynth.xml,,,NO,
gemm_1309,64,128,128,1,8,8,option_2,kij,ij,,False,YES,YES,NO,configs/gemm/gemm_1309.json,reports/gemm/gemm_1309/csynth.xml,,,NO,
gemm_1310,64,128,128,1,8,8,option_2,kji,ji,,False,YES,YES,NO,configs/gemm/gemm_1310.json,reports/gemm/gemm_1310/csynth.xml,,,NO,
gemm_1311,64,128,128,1,8,8,option_2,ijk,ij,,True,YES,YES,YES,configs/gemm/gemm_1311.json,reports/gemm/gemm_1311/csynth.xml,reports/gemm/gemm_1311/export_impl.xml,reports/gemm/gemm_1311/power_routed.rpt,NO,
gemm_1312,64,128,128,1,8,8,option_2,ikj,ij,,True,YES,YES,NO,configs/gemm/gemm_1312.json,reports/gemm/gemm_1312/csynth.xml,,,NO,
gemm_1313,64,128,128,1,8,8,option_2,jik,ji,,True,YES,YES,YES,configs/gemm/gemm_1313.json,reports/gemm/gemm_1313/csynth.xml,reports/gemm/gemm_1313/export_impl.xml,reports/gemm/gemm_1313/power_routed.rpt,NO,
gemm_1314,64,128,128,1,8,8,option_2,jki,ji,,True,YES,YES,NO,configs/gemm/gemm_1314.json,reports/gemm/gemm_1314/csynth.xml,,,NO,
gemm_1315,64,128,128,1,8,8,option_2,kij,ij,,True,YES,YES,NO,configs/gemm/gemm_1315.json,reports/gemm/gemm_1315/csynth.xml,,,NO,
gemm_1316,64,128,128,1,8,8,option_2,kji,ji,,True,YES,YES,YES,configs/gemm/gemm_1316.json,reports/gemm/gemm_1316/csynth.xml,reports/gemm/gemm_1316/export_impl.xml,reports/gemm/gemm_1316/power_routed.rpt,NO,
gemm_1317,64,128,128,1,8,8,option_3,ijk,ij,,False,YES,YES,YES,configs/gemm/gemm_1317.json,reports/gemm/gemm_1317/csynth.xml,reports/gemm/gemm_1317/export_impl.xml,reports/gemm/gemm_1317/power_routed.rpt,NO,
gemm_1318,64,128,128,1,8,8,option_3,ikj,ij,,False,YES,YES,NO,configs/gemm/gemm_1318.json,reports/gemm/gemm_1318/csynth.xml,,,NO,
gemm_1319,64,128,128,1,8,8,option_3,jik,ji,,False,YES,YES,NO,configs/gemm/gemm_1319.json,reports/gemm/gemm_1319/csynth.xml,,,NO,
gemm_1320,64,128,128,1,8,8,option_3,jki,ji,,False,YES,YES,NO,configs/gemm/gemm_1320.json,reports/gemm/gemm_1320/csynth.xml,,,NO,
gemm_1321,64,128,128,1,8,8,option_3,kij,ij,,False,YES,YES,NO,configs/gemm/gemm_1321.json,reports/gemm/gemm_1321/csynth.xml,,,NO,
gemm_1322,64,128,128,1,8,8,option_3,kji,ji,,False,YES,YES,NO,configs/gemm/gemm_1322.json,reports/gemm/gemm_1322/csynth.xml,,,NO,
gemm_1323,64,128,128,1,8,8,option_3,ijk,ij,,True,YES,YES,NO,configs/gemm/gemm_1323.json,reports/gemm/gemm_1323/csynth.xml,,,NO,
gemm_1324,64,128,128,1,8,8,option_3,ikj,ij,,True,YES,YES,NO,configs/gemm/gemm_1324.json,reports/gemm/gemm_1324/csynth.xml,,,NO,
gemm_1325,64,128,128,1,8,8,option_3,jik,ji,,True,YES,YES,NO,configs/gemm/gemm_1325.json,reports/gemm/gemm_1325/csynth.xml,,,NO,
gemm_1326,64,128,128,1,8,8,option_3,jki,ji,,True,YES,YES,YES,configs/gemm/gemm_1326.json,reports/gemm/gemm_1326/csynth.xml,reports/gemm/gemm_1326/export_impl.xml,reports/gemm/gemm_1326/power_routed.rpt,NO,
gemm_1327,64,128,128,1,8,8,option_3,kij,ij,,True,YES,YES,NO,configs/gemm/gemm_1327.json,reports/gemm/gemm_1327/csynth.xml,,,NO,
gemm_1328,64,128,128,1,8,8,option_3,kji,ji,,True,YES,YES,NO,configs/gemm/gemm_1328.json,reports/gemm/gemm_1328/csynth.xml,,,NO,
gemm_1329,64,128,128,1,8,8,option_4,,ij,ij,False,YES,YES,NO,configs/gemm/gemm_1329.json,reports/gemm/gemm_1329/csynth.xml,,,NO,
gemm_1330,64,128,128,1,8,8,option_4,,ij,ji,False,YES,YES,NO,configs/gemm/gemm_1330.json,reports/gemm/gemm_1330/csynth.xml,,,NO,
gemm_1331,64,128,128,1,8,8,option_4,,ji,ij,False,YES,YES,NO,configs/gemm/gemm_1331.json,reports/gemm/gemm_1331/csynth.xml,,,NO,
gemm_1332,64,128,128,1,8,8,option_4,,ji,ji,False,YES,YES,YES,configs/gemm/gemm_1332.json,reports/gemm/gemm_1332/csynth.xml,reports/gemm/gemm_1332/export_impl.xml,reports/gemm/gemm_1332/power_routed.rpt,NO,
gemm_1333,64,128,128,1,8,8,option_4,,ij,ij,True,YES,YES,NO,configs/gemm/gemm_1333.json,reports/gemm/gemm_1333/csynth.xml,,,NO,
gemm_1334,64,128,128,1,8,8,option_4,,ij,ji,True,YES,YES,NO,configs/gemm/gemm_1334.json,reports/gemm/gemm_1334/csynth.xml,,,NO,
gemm_1335,64,128,128,1,8,8,option_4,,ji,ij,True,YES,YES,NO,configs/gemm/gemm_1335.json,reports/gemm/gemm_1335/csynth.xml,,,NO,
gemm_1336,64,128,128,1,8,8,option_4,,ji,ji,True,YES,YES,NO,configs/gemm/gemm_1336.json,reports/gemm/gemm_1336/csynth.xml,,,NO,
gemm_1337,64,128,128,1,8,8,option_5,,ij,ij,False,YES,YES,YES,configs/gemm/gemm_1337.json,reports/gemm/gemm_1337/csynth.xml,reports/gemm/gemm_1337/export_impl.xml,reports/gemm/gemm_1337/power_routed.rpt,NO,
gemm_1338,64,128,128,1,8,8,option_5,,ij,ji,False,YES,YES,NO,configs/gemm/gemm_1338.json,reports/gemm/gemm_1338/csynth.xml,,,NO,
gemm_1339,64,128,128,1,8,8,option_5,,ji,ij,False,YES,YES,NO,configs/gemm/gemm_1339.json,reports/gemm/gemm_1339/csynth.xml,,,NO,
gemm_1340,64,128,128,1,8,8,option_5,,ji,ji,False,YES,YES,NO,configs/gemm/gemm_1340.json,reports/gemm/gemm_1340/csynth.xml,,,NO,
gemm_1341,64,128,128,1,8,8,option_5,,ij,ij,True,YES,YES,YES,configs/gemm/gemm_1341.json,reports/gemm/gemm_1341/csynth.xml,reports/gemm/gemm_1341/export_impl.xml,reports/gemm/gemm_1341/power_routed.rpt,NO,
gemm_1342,64,128,128,1,8,8,option_5,,ij,ji,True,YES,YES,NO,configs/gemm/gemm_1342.json,reports/gemm/gemm_1342/csynth.xml,,,NO,
gemm_1343,64,128,128,1,8,8,option_5,,ji,ij,True,YES,YES,YES,configs/gemm/gemm_1343.json,reports/gemm/gemm_1343/csynth.xml,reports/gemm/gemm_1343/export_impl.xml,reports/gemm/gemm_1343/power_routed.rpt,NO,
gemm_1344,64,128,128,1,8,8,option_5,,ji,ji,True,YES,YES,NO,configs/gemm/gemm_1344.json,reports/gemm/gemm_1344/csynth.xml,,,NO,
gemm_1345,64,128,128,8,1,1,option_1,,ij,ij,False,YES,YES,YES,configs/gemm/gemm_1345.json,reports/gemm/gemm_1345/csynth.xml,reports/gemm/gemm_1345/export_impl.xml,reports/gemm/gemm_1345/power_routed.rpt,NO,
gemm_1346,64,128,128,8,1,1,option_1,,ij,ji,False,YES,YES,NO,configs/gemm/gemm_1346.json,reports/gemm/gemm_1346/csynth.xml,,,NO,
gemm_1347,64,128,128,8,1,1,option_1,,ji,ij,False,YES,YES,NO,configs/gemm/gemm_1347.json,reports/gemm/gemm_1347/csynth.xml,,,NO,
gemm_1348,64,128,128,8,1,1,option_1,,ji,ji,False,YES,YES,YES,configs/gemm/gemm_1348.json,reports/gemm/gemm_1348/csynth.xml,reports/gemm/gemm_1348/export_impl.xml,reports/gemm/gemm_1348/power_routed.rpt,NO,
gemm_1349,64,128,128,8,1,1,option_1,,ij,ij,True,YES,YES,YES,configs/gemm/gemm_1349.json,reports/gemm/gemm_1349/csynth.xml,reports/gemm/gemm_1349/export_impl.xml,reports/gemm/gemm_1349/power_routed.rpt,NO,
gemm_1350,64,128,128,8,1,1,option_1,,ij,ji,True,YES,YES,YES,configs/gemm/gemm_1350.json,reports/gemm/gemm_1350/csynth.xml,reports/gemm/gemm_1350/export_impl.xml,reports/gemm/gemm_1350/power_routed.rpt,NO,
gemm_1351,64,128,128,8,1,1,option_1,,ji,ij,True,YES,YES,NO,configs/gemm/gemm_1351.json,reports/gemm/gemm_1351/csynth.xml,,,NO,
gemm_1352,64,128,128,8,1,1,option_1,,ji,ji,True,YES,YES,NO,configs/gemm/gemm_1352.json,reports/gemm/gemm_1352/csynth.xml,,,NO,
gemm_1353,64,128,128,8,1,1,option_2,ijk,ij,,False,YES,YES,NO,configs/gemm/gemm_1353.json,reports/gemm/gemm_1353/csynth.xml,,,NO,
gemm_1354,64,128,128,8,1,1,option_2,ikj,ij,,False,YES,YES,YES,configs/gemm/gemm_1354.json,reports/gemm/gemm_1354/csynth.xml,reports/gemm/gemm_1354/export_impl.xml,reports/gemm/gemm_1354/power_routed.rpt,NO,
gemm_1355,64,128,128,8,1,1,option_2,jik,ji,,False,YES,YES,YES,configs/gemm/gemm_1355.json,reports/gemm/gemm_1355/csynth.xml,reports/gemm/gemm_1355/export_impl.xml,reports/gemm/gemm_1355/power_routed.rpt,NO,
gemm_1356,64,128,128,8,1,1,option_2,jki,ji,,False,YES,YES,NO,configs/gemm/gemm_1356.json,reports/gemm/gemm_1356/csynth.xml,,,NO,
gemm_1357,64,128,128,8,1,1,option_2,kij,ij,,False,YES,YES,NO,configs/gemm/gemm_1357.json,reports/gemm/gemm_1357/csynth.xml,,,NO,
gemm_1358,64,128,128,8,1,1,option_2,kji,ji,,False,YES,YES,NO,configs/gemm/gemm_1358.json,reports/gemm/gemm_1358/csynth.xml,,,NO,
gemm_1359,64,128,128,8,1,1,option_2,ijk,ij,,True,YES,YES,NO,configs/gemm/gemm_1359.json,reports/gemm/gemm_1359/csynth.xml,,,NO,
gemm_1360,64,128,128,8,1,1,option_2,ikj,ij,,True,YES,YES,NO,configs/gemm/gemm_1360.json,reports/gemm/gemm_1360/csynth.xml,,,NO,
gemm_1361,64,128,128,8,1,1,option_2,jik,ji,,True,YES,YES,NO,configs/gemm/gemm_1361.json,reports/gemm/gemm_1361/csynth.xml,,,NO,
gemm_1362,64,128,128,8,1,1,option_2,jki,ji,,True,YES,YES,NO,configs/gemm/gemm_1362.json,reports/gemm/gemm_1362/csynth.xml,,,NO,
gemm_1363,64,128,128,8,1,1,option_2,kij,ij,,True,YES,YES,NO,configs/gemm/gemm_1363.json,reports/gemm/gemm_1363/csynth.xml,,,NO,
gemm_1364,64,128,128,8,1,1,option_2,kji,ji,,True,YES,YES,NO,configs/gemm/gemm_1364.json,reports/gemm/gemm_1364/csynth.xml,,,NO,
gemm_1365,64,128,128,8,1,1,option_3,ijk,ij,,False,YES,YES,NO,configs/gemm/gemm_1365.json,reports/gemm/gemm_1365/csynth.xml,,,NO,
gemm_1366,64,128,128,8,1,1,option_3,ikj,ij,,False,YES,YES,NO,configs/gemm/gemm_1366.json,reports/gemm/gemm_1366/csynth.xml,,,NO,
gemm_1367,64,128,128,8,1,1,option_3,jik,ji,,False,YES,YES,YES,configs/gemm/gemm_1367.json,reports/gemm/gemm_1367/csynth.xml,reports/gemm/gemm_1367/export_impl.xml,reports/gemm/gemm_1367/power_routed.rpt,NO,
gemm_1368,64,128,128,8,1,1,option_3,jki,ji,,False,YES,YES,YES,configs/gemm/gemm_1368.json,reports/gemm/gemm_1368/csynth.xml,reports/gemm/gemm_1368/export_impl.xml,reports/gemm/gemm_1368/power_routed.rpt,NO,
gemm_1369,64,128,128,8,1,1,option_3,kij,ij,,False,YES,YES,NO,configs/gemm/gemm_1369.json,reports/gemm/gemm_1369/csynth.xml,,,NO,
gemm_1370,64,128,128,8,1,1,option_3,kji,ji,,False,YES,YES,NO,configs/gemm/gemm_1370.json,reports/gemm/gemm_1370/csynth.xml,,,NO,
gemm_1371,64,128,128,8,1,1,option_3,ijk,ij,,True,YES,YES,NO,configs/gemm/gemm_1371.json,reports/gemm/gemm_1371/csynth.xml,,,NO,
gemm_1372,64,128,128,8,1,1,option_3,ikj,ij,,True,YES,YES,NO,configs/gemm/gemm_1372.json,reports/gemm/gemm_1372/csynth.xml,,,NO,
gemm_1373,64,128,128,8,1,1,option_3,jik,ji,,True,YES,YES,NO,configs/gemm/gemm_1373.json,reports/gemm/gemm_1373/csynth.xml,,,NO,
gemm_1374,64,128,128,8,1,1,option_3,jki,ji,,True,YES,YES,NO,configs/gemm/gemm_1374.json,reports/gemm/gemm_1374/csynth.xml,,,NO,
gemm_1375,64,128,128,8,1,1,option_3,kij,ij,,True,YES,YES,NO,configs/gemm/gemm_1375.json,reports/gemm/gemm_1375/csynth.xml,,,NO,
gemm_1376,64,128,128,8,1,1,option_3,kji,ji,,True,YES,YES,NO,configs/gemm/gemm_1376.json,reports/gemm/gemm_1376/csynth.xml,,,NO,
gemm_1377,64,128,128,8,1,1,option_4,,ij,ij,False,YES,YES,NO,configs/gemm/gemm_1377.json,reports/gemm/gemm_1377/csynth.xml,,,NO,
gemm_1378,64,128,128,8,1,1,option_4,,ij,ji,False,YES,YES,NO,configs/gemm/gemm_1378.json,reports/gemm/gemm_1378/csynth.xml,,,NO,
gemm_1379,64,128,128,8,1,1,option_4,,ji,ij,False,YES,YES,NO,configs/gemm/gemm_1379.json,reports/gemm/gemm_1379/csynth.xml,,,NO,
gemm_1380,64,128,128,8,1,1,option_4,,ji,ji,False,YES,YES,NO,configs/gemm/gemm_1380.json,reports/gemm/gemm_1380/csynth.xml,,,NO,
gemm_1381,64,128,128,8,1,1,option_4,,ij,ij,True,YES,YES,NO,configs/gemm/gemm_1381.json,reports/gemm/gemm_1381/csynth.xml,,,NO,
gemm_1382,64,128,128,8,1,1,option_4,,ij,ji,True,YES,YES,NO,configs/gemm/gemm_1382.json,reports/gemm/gemm_1382/csynth.xml,,,NO,
gemm_1383,64,128,128,8,1,1,option_4,,ji,ij,True,YES,YES,NO,configs/gemm/gemm_1383.json,reports/gemm/gemm_1383/csynth.xml,,,NO,
gemm_1384,64,128,128,8,1,1,option_4,,ji,ji,True,YES,YES,NO,configs/gemm/gemm_1384.json,reports/gemm/gemm_1384/csynth.xml,,,NO,
gemm_1385,64,128,128,8,1,1,option_5,,ij,ij,False,YES,YES,YES,configs/gemm/gemm_1385.json,reports/gemm/gemm_1385/csynth.xml,reports/gemm/gemm_1385/export_impl.xml,reports/gemm/gemm_1385/power_routed.rpt,NO,
gemm_1386,64,128,128,8,1,1,option_5,,ij,ji,False,YES,YES,NO,configs/gemm/gemm_1386.json,reports/gemm/gemm_1386/csynth.xml,,,NO,
gemm_1387,64,128,128,8,1,1,option_5,,ji,ij,False,YES,YES,YES,configs/gemm/gemm_1387.json,reports/gemm/gemm_1387/csynth.xml,reports/gemm/gemm_1387/export_impl.xml,reports/gemm/gemm_1387/power_routed.rpt,NO,
gemm_1388,64,128,128,8,1,1,option_5,,ji,ji,False,YES,YES,NO,configs/gemm/gemm_1388.json,reports/gemm/gemm_1388/csynth.xml,,,NO,
gemm_1389,64,128,128,8,1,1,option_5,,ij,ij,True,YES,YES,NO,configs/gemm/gemm_1389.json,reports/gemm/gemm_1389/csynth.xml,,,NO,
gemm_1390,64,128,128,8,1,1,option_5,,ij,ji,True,YES,YES,NO,configs/gemm/gemm_1390.json,reports/gemm/gemm_1390/csynth.xml,,,NO,
gemm_1391,64,128,128,8,1,1,option_5,,ji,ij,True,YES,YES,NO,configs/gemm/gemm_1391.json,reports/gemm/gemm_1391/csynth.xml,,,NO,
gemm_1392,64,128,128,8,1,1,option_5,,ji,ji,True,YES,YES,YES,configs/gemm/gemm_1392.json,reports/gemm/gemm_1392/csynth.xml,reports/gemm/gemm_1392/export_impl.xml,reports/gemm/gemm_1392/power_routed.rpt,NO,
gemm_1393,64,128,128,8,1,8,option_1,,ij,ij,False,YES,YES,NO,configs/gemm/gemm_1393.json,reports/gemm/gemm_1393/csynth.xml,,,NO,
gemm_1394,64,128,128,8,1,8,option_1,,ij,ji,False,YES,YES,NO,configs/gemm/gemm_1394.json,reports/gemm/gemm_1394/csynth.xml,,,NO,
gemm_1395,64,128,128,8,1,8,option_1,,ji,ij,False,YES,YES,NO,configs/gemm/gemm_1395.json,reports/gemm/gemm_1395/csynth.xml,,,NO,
gemm_1396,64,128,128,8,1,8,option_1,,ji,ji,False,YES,YES,NO,configs/gemm/gemm_1396.json,reports/gemm/gemm_1396/csynth.xml,,,NO,
gemm_1397,64,128,128,8,1,8,option_1,,ij,ij,True,YES,YES,NO,configs/gemm/gemm_1397.json,reports/gemm/gemm_1397/csynth.xml,,,NO,
gemm_1398,64,128,128,8,1,8,option_1,,ij,ji,True,YES,YES,NO,configs/gemm/gemm_1398.json,reports/gemm/gemm_1398/csynth.xml,,,NO,
gemm_1399,64,128,128,8,1,8,option_1,,ji,ij,True,YES,YES,YES,configs/gemm/gemm_1399.json,reports/gemm/gemm_1399/csynth.xml,reports/gemm/gemm_1399/export_impl.xml,reports/gemm/gemm_1399/power_routed.rpt,NO,
gemm_1400,64,128,128,8,1,8,option_1,,ji,ji,True,YES,YES,NO,configs/gemm/gemm_1400.json,reports/gemm/gemm_1400/csynth.xml,,,NO,
gemm_1401,64,128,128,8,1,8,option_2,ijk,ij,,False,YES,YES,NO,configs/gemm/gemm_1401.json,reports/gemm/gemm_1401/csynth.xml,,,NO,
gemm_1402,64,128,128,8,1,8,option_2,ikj,ij,,False,YES,YES,NO,configs/gemm/gemm_1402.json,reports/gemm/gemm_1402/csynth.xml,,,NO,
gemm_1403,64,128,128,8,1,8,option_2,jik,ji,,False,YES,YES,NO,configs/gemm/gemm_1403.json,reports/gemm/gemm_1403/csynth.xml,,,NO,
gemm_1404,64,128,128,8,1,8,option_2,jki,ji,,False,YES,YES,NO,configs/gemm/gemm_1404.json,reports/gemm/gemm_1404/csynth.xml,,,NO,
gemm_1405,64,128,128,8,1,8,option_2,kij,ij,,False,YES,YES,NO,configs/gemm/gemm_1405.json,reports/gemm/gemm_1405/csynth.xml,,,NO,
gemm_1406,64,128,128,8,1,8,option_2,kji,ji,,False,YES,YES,NO,configs/gemm/gemm_1406.json,reports/gemm/gemm_1406/csynth.xml,,,NO,
gemm_1407,64,128,128,8,1,8,option_2,ijk,ij,,True,YES,YES,NO,configs/gemm/gemm_1407.json,reports/gemm/gemm_1407/csynth.xml,,,NO,
gemm_1408,64,128,128,8,1,8,option_2,ikj,ij,,True,YES,YES,NO,configs/gemm/gemm_1408.json,reports/gemm/gemm_1408/csynth.xml,,,NO,
gemm_1409,64,128,128,8,1,8,option_2,jik,ji,,True,YES,YES,YES,configs/gemm/gemm_1409.json,reports/gemm/gemm_1409/csynth.xml,reports/gemm/gemm_1409/export_impl.xml,reports/gemm/gemm_1409/power_routed.rpt,NO,
gemm_1410,64,128,128,8,1,8,option_2,jki,ji,,True,YES,YES,NO,configs/gemm/gemm_1410.json,reports/gemm/gemm_1410/csynth.xml,,,NO,
gemm_1411,64,128,128,8,1,8,option_2,kij,ij,,True,YES,YES,NO,configs/gemm/gemm_1411.json,reports/gemm/gemm_1411/csynth.xml,,,NO,
gemm_1412,64,128,128,8,1,8,option_2,kji,ji,,True,YES,YES,NO,configs/gemm/gemm_1412.json,reports/gemm/gemm_1412/csynth.xml,,,NO,
gemm_1413,64,128,128,8,1,8,option_3,ijk,ij,,False,YES,YES,NO,configs/gemm/gemm_1413.json,reports/gemm/gemm_1413/csynth.xml,,,NO,
gemm_1414,64,128,128,8,1,8,option_3,ikj,ij,,False,YES,YES,NO,configs/gemm/gemm_1414.json,reports/gemm/gemm_1414/csynth.xml,,,NO,
gemm_1415,64,128,128,8,1,8,option_3,jik,ji,,False,YES,YES,YES,configs/gemm/gemm_1415.json,reports/gemm/gemm_1415/csynth.xml,reports/gemm/gemm_1415/export_impl.xml,reports/gemm/gemm_1415/power_routed.rpt,NO,
gemm_1416,64,128,128,8,1,8,option_3,jki,ji,,False,YES,YES,NO,configs/gemm/gemm_1416.json,reports/gemm/gemm_1416/csynth.xml,,,NO,
gemm_1417,64,128,128,8,1,8,option_3,kij,ij,,False,YES,YES,NO,configs/gemm/gemm_1417.json,reports/gemm/gemm_1417/csynth.xml,,,NO,
gemm_1418,64,128,128,8,1,8,option_3,kji,ji,,False,YES,YES,NO,configs/gemm/gemm_1418.json,reports/gemm/gemm_1418/csynth.xml,,,NO,
gemm_1419,64,128,128,8,1,8,option_3,ijk,ij,,True,YES,YES,NO,configs/gemm/gemm_1419.json,reports/gemm/gemm_1419/csynth.xml,,,NO,
gemm_1420,64,128,128,8,1,8,option_3,ikj,ij,,True,YES,YES,YES,configs/gemm/gemm_1420.json,reports/gemm/gemm_1420/csynth.xml,reports/gemm/gemm_1420/export_impl.xml,reports/gemm/gemm_1420/power_routed.rpt,NO,
gemm_1421,64,128,128,8,1,8,option_3,jik,ji,,True,YES,YES,NO,configs/gemm/gemm_1421.json,reports/gemm/gemm_1421/csynth.xml,,,NO,
gemm_1422,64,128,128,8,1,8,option_3,jki,ji,,True,YES,YES,NO,configs/gemm/gemm_1422.json,reports/gemm/gemm_1422/csynth.xml,,,NO,
gemm_1423,64,128,128,8,1,8,option_3,kij,ij,,True,YES,YES,YES,configs/gemm/gemm_1423.json,reports/gemm/gemm_1423/csynth.xml,reports/gemm/gemm_1423/export_impl.xml,reports/gemm/gemm_1423/power_routed.rpt,NO,
gemm_1424,64,128,128,8,1,8,option_3,kji,ji,,True,YES,YES,NO,configs/gemm/gemm_1424.json,reports/gemm/gemm_1424/csynth.xml,,,NO,
gemm_1425,64,128,128,8,1,8,option_4,,ij,ij,False,YES,YES,NO,configs/gemm/gemm_1425.json,reports/gemm/gemm_1425/csynth.xml,,,NO,
gemm_1426,64,128,128,8,1,8,option_4,,ij,ji,False,YES,YES,YES,configs/gemm/gemm_1426.json,reports/gemm/gemm_1426/csynth.xml,reports/gemm/gemm_1426/export_impl.xml,reports/gemm/gemm_1426/power_routed.rpt,NO,
gemm_1427,64,128,128,8,1,8,option_4,,ji,ij,False,YES,YES,NO,configs/gemm/gemm_1427.json,reports/gemm/gemm_1427/csynth.xml,,,NO,
gemm_1428,64,128,128,8,1,8,option_4,,ji,ji,False,YES,YES,NO,configs/gemm/gemm_1428.json,reports/gemm/gemm_1428/csynth.xml,,,NO,
gemm_1429,64,128,128,8,1,8,option_4,,ij,ij,True,YES,YES,NO,configs/gemm/gemm_1429.json,reports/gemm/gemm_1429/csynth.xml,,,NO,
gemm_1430,64,128,128,8,1,8,option_4,,ij,ji,True,YES,YES,NO,configs/gemm/gemm_1430.json,reports/gemm/gemm_1430/csynth.xml,,,NO,
gemm_1431,64,128,128,8,1,8,option_4,,ji,ij,True,YES,YES,NO,configs/gemm/gemm_1431.json,reports/gemm/gemm_1431/csynth.xml,,,NO,
gemm_1432,64,128,128,8,1,8,option_4,,ji,ji,True,YES,YES,NO,configs/gemm/gemm_1432.json,reports/gemm/gemm_1432/csynth.xml,,,NO,
gemm_1433,64,128,128,8,1,8,option_5,,ij,ij,False,YES,YES,NO,configs/gemm/gemm_1433.json,reports/gemm/gemm_1433/csynth.xml,,,NO,
gemm_1434,64,128,128,8,1,8,option_5,,ij,ji,False,YES,YES,NO,configs/gemm/gemm_1434.json,reports/gemm/gemm_1434/csynth.xml,,,NO,
gemm_1435,64,128,128,8,1,8,option_5,,ji,ij,False,YES,YES,NO,configs/gemm/gemm_1435.json,reports/gemm/gemm_1435/csynth.xml,,,NO,
gemm_1436,64,128,128,8,1,8,option_5,,ji,ji,False,YES,YES,NO,configs/gemm/gemm_1436.json,reports/gemm/gemm_1436/csynth.xml,,,NO,
gemm_1437,64,128,128,8,1,8,option_5,,ij,ij,True,YES,YES,YES,configs/gemm/gemm_1437.json,reports/gemm/gemm_1437/csynth.xml,reports/gemm/gemm_1437/export_impl.xml,reports/gemm/gemm_1437/power_routed.rpt,NO,
gemm_1438,64,128,128,8,1,8,option_5,,ij,ji,True,YES,YES,YES,configs/gemm/gemm_1438.json,reports/gemm/gemm_1438/csynth.xml,reports/gemm/gemm_1438/export_impl.xml,reports/gemm/gemm_1438/power_routed.rpt,NO,
gemm_1439,64,128,128,8,1,8,option_5,,ji,ij,True,YES,YES,NO,configs/gemm/gemm_1439.json,reports/gemm/gemm_1439/csynth.xml,,,NO,
gemm_1440,64,128,128,8,1,8,option_5,,ji,ji,True,YES,YES,NO,configs/gemm/gemm_1440.json,reports/gemm/gemm_1440/csynth.xml,,,NO,
gemm_1441,64,128,128,8,8,1,option_1,,ij,ij,False,YES,YES,NO,configs/gemm/gemm_1441.json,reports/gemm/gemm_1441/csynth.xml,,,NO,
gemm_1442,64,128,128,8,8,1,option_1,,ij,ji,False,YES,YES,NO,configs/gemm/gemm_1442.json,reports/gemm/gemm_1442/csynth.xml,,,NO,
gemm_1443,64,128,128,8,8,1,option_1,,ji,ij,False,YES,YES,YES,configs/gemm/gemm_1443.json,reports/gemm/gemm_1443/csynth.xml,reports/gemm/gemm_1443/export_impl.xml,reports/gemm/gemm_1443/power_routed.rpt,NO,
gemm_1444,64,128,128,8,8,1,option_1,,ji,ji,False,YES,YES,YES,configs/gemm/gemm_1444.json,reports/gemm/gemm_1444/csynth.xml,reports/gemm/gemm_1444/export_impl.xml,reports/gemm/gemm_1444/power_routed.rpt,NO,
gemm_1445,64,128,128,8,8,1,option_1,,ij,ij,True,YES,YES,YES,configs/gemm/gemm_1445.json,reports/gemm/gemm_1445/csynth.xml,reports/gemm/gemm_1445/export_impl.xml,reports/gemm/gemm_1445/power_routed.rpt,NO,
gemm_1446,64,128,128,8,8,1,option_1,,ij,ji,True,YES,YES,NO,configs/gemm/gemm_1446.json,reports/gemm/gemm_1446/csynth.xml,,,NO,
gemm_1447,64,128,128,8,8,1,option_1,,ji,ij,True,YES,YES,NO,configs/gemm/gemm_1447.json,reports/gemm/gemm_1447/csynth.xml,,,NO,
gemm_1448,64,128,128,8,8,1,option_1,,ji,ji,True,YES,YES,YES,configs/gemm/gemm_1448.json,reports/gemm/gemm_1448/csynth.xml,reports/gemm/gemm_1448/export_impl.xml,reports/gemm/gemm_1448/power_routed.rpt,NO,
gemm_1449,64,128,128,8,8,1,option_2,ijk,ij,,False,YES,YES,NO,configs/gemm/gemm_1449.json,reports/gemm/gemm_1449/csynth.xml,,,NO,
gemm_1450,64,128,128,8,8,1,option_2,ikj,ij,,False,YES,YES,YES,configs/gemm/gemm_1450.json,reports/gemm/gemm_1450/csynth.xml,reports/gemm/gemm_1450/export_impl.xml,reports/gemm/gemm_1450/power_routed.rpt,NO,
gemm_1451,64,128,128,8,8,1,option_2,jik,ji,,False,YES,YES,NO,configs/gemm/gemm_1451.json,reports/gemm/gemm_1451/csynth.xml,,,NO,
gemm_1452,64,128,128,8,8,1,option_2,jki,ji,,False,YES,YES,NO,configs/gemm/gemm_1452.json,reports/gemm/gemm_1452/csynth.xml,,,NO,
gemm_1453,64,128,128,8,8,1,option_2,kij,ij,,False,YES,YES,YES,configs/gemm/gemm_1453.json,reports/gemm/gemm_1453/csynth.xml,reports/gemm/gemm_1453/export_impl.xml,reports/gemm/gemm_1453/power_routed.rpt,NO,
gemm_1454,64,128,128,8,8,1,option_2,kji,ji,,False,YES,YES,NO,configs/gemm/gemm_1454.json,reports/gemm/gemm_1454/csynth.xml,,,NO,
gemm_1455,64,128,128,8,8,1,option_2,ijk,ij,,True,YES,YES,NO,configs/gemm/gemm_1455.json,reports/gemm/gemm_1455/csynth.xml,,,NO,
gemm_1456,64,128,128,8,8,1,option_2,ikj,ij,,True,YES,YES,NO,configs/gemm/gemm_1456.json,reports/gemm/gemm_1456/csynth.xml,,,NO,
gemm_1457,64,128,128,8,8,1,option_2,jik,ji,,True,YES,YES,YES,configs/gemm/gemm_1457.json,reports/gemm/gemm_1457/csynth.xml,reports/gemm/gemm_1457/export_impl.xml,reports/gemm/gemm_1457/power_routed.rpt,NO,
gemm_1458,64,128,128,8,8,1,option_2,jki,ji,,True,YES,YES,NO,configs/gemm/gemm_1458.json,reports/gemm/gemm_1458/csynth.xml,,,NO,
gemm_1459,64,128,128,8,8,1,option_2,kij,ij,,True,YES,YES,NO,configs/gemm/gemm_1459.json,reports/gemm/gemm_1459/csynth.xml,,,NO,
gemm_1460,64,128,128,8,8,1,option_2,kji,ji,,True,YES,YES,NO,configs/gemm/gemm_1460.json,reports/gemm/gemm_1460/csynth.xml,,,NO,
gemm_1461,64,128,128,8,8,1,option_3,ijk,ij,,False,YES,YES,NO,configs/gemm/gemm_1461.json,reports/gemm/gemm_1461/csynth.xml,,,NO,
gemm_1462,64,128,128,8,8,1,option_3,ikj,ij,,False,YES,YES,NO,configs/gemm/gemm_1462.json,reports/gemm/gemm_1462/csynth.xml,,,NO,
gemm_1463,64,128,128,8,8,1,option_3,jik,ji,,False,YES,YES,YES,configs/gemm/gemm_1463.json,reports/gemm/gemm_1463/csynth.xml,reports/gemm/gemm_1463/export_impl.xml,reports/gemm/gemm_1463/power_routed.rpt,NO,
gemm_1464,64,128,128,8,8,1,option_3,jki,ji,,False,YES,YES,YES,configs/gemm/gemm_1464.json,reports/gemm/gemm_1464/csynth.xml,reports/gemm/gemm_1464/export_impl.xml,reports/gemm/gemm_1464/power_routed.rpt,NO,
gemm_1465,64,128,128,8,8,1,option_3,kij,ij,,False,YES,YES,NO,configs/gemm/gemm_1465.json,reports/gemm/gemm_1465/csynth.xml,,,NO,
gemm_1466,64,128,128,8,8,1,option_3,kji,ji,,False,YES,YES,YES,configs/gemm/gemm_1466.json,reports/gemm/gemm_1466/csynth.xml,reports/gemm/gemm_1466/export_impl.xml,reports/gemm/gemm_1466/power_routed.rpt,NO,
gemm_1467,64,128,128,8,8,1,option_3,ijk,ij,,True,YES,YES,NO,configs/gemm/gemm_1467.json,reports/gemm/gemm_1467/csynth.xml,,,NO,
gemm_1468,64,128,128,8,8,1,option_3,ikj,ij,,True,YES,YES,NO,configs/gemm/gemm_1468.json,reports/gemm/gemm_1468/csynth.xml,,,NO,
gemm_1469,64,128,128,8,8,1,option_3,jik,ji,,True,YES,YES,YES,configs/gemm/gemm_1469.json,reports/gemm/gemm_1469/csynth.xml,reports/gemm/gemm_1469/export_impl.xml,reports/gemm/gemm_1469/power_routed.rpt,NO,
gemm_1470,64,128,128,8,8,1,option_3,jki,ji,,True,YES,YES,NO,configs/gemm/gemm_1470.json,reports/gemm/gemm_1470/csynth.xml,,,NO,
gemm_1471,64,128,128,8,8,1,option_3,kij,ij,,True,YES,YES,NO,configs/gemm/gemm_1471.json,reports/gemm/gemm_1471/csynth.xml,,,NO,
gemm_1472,64,128,128,8,8,1,option_3,kji,ji,,True,YES,YES,NO,configs/gemm/gemm_1472.json,reports/gemm/gemm_1472/csynth.xml,,,NO,
gemm_1473,64,128,128,8,8,1,option_4,,ij,ij,False,YES,YES,NO,configs/gemm/gemm_1473.json,reports/gemm/gemm_1473/csynth.xml,,,NO,
gemm_1474,64,128,128,8,8,1,option_4,,ij,ji,False,YES,YES,NO,configs/gemm/gemm_1474.json,reports/gemm/gemm_1474/csynth.xml,,,NO,
gemm_1475,64,128,128,8,8,1,option_4,,ji,ij,False,YES,YES,NO,configs/gemm/gemm_1475.json,reports/gemm/gemm_1475/csynth.xml,,,NO,
gemm_1476,64,128,128,8,8,1,option_4,,ji,ji,False,YES,YES,YES,configs/gemm/gemm_1476.json,reports/gemm/gemm_1476/csynth.xml,reports/gemm/gemm_1476/export_impl.xml,reports/gemm/gemm_1476/power_routed.rpt,NO,
gemm_1477,64,128,128,8,8,1,option_4,,ij,ij,True,YES,YES,NO,configs/gemm/gemm_1477.json,reports/gemm/gemm_1477/csynth.xml,,,NO,
gemm_1478,64,128,128,8,8,1,option_4,,ij,ji,True,YES,YES,NO,configs/gemm/gemm_1478.json,reports/gemm/gemm_1478/csynth.xml,,,NO,
gemm_1479,64,128,128,8,8,1,option_4,,ji,ij,True,YES,YES,NO,configs/gemm/gemm_1479.json,reports/gemm/gemm_1479/csynth.xml,,,NO,
gemm_1480,64,128,128,8,8,1,option_4,,ji,ji,True,YES,YES,NO,configs/gemm/gemm_1480.json,reports/gemm/gemm_1480/csynth.xml,,,NO,
gemm_1481,64,128,128,8,8,1,option_5,,ij,ij,False,YES,YES,NO,configs/gemm/gemm_1481.json,reports/gemm/gemm_1481/csynth.xml,,,NO,
gemm_1482,64,128,128,8,8,1,option_5,,ij,ji,False,YES,YES,NO,configs/gemm/gemm_1482.json,reports/gemm/gemm_1482/csynth.xml,,,NO,
gemm_1483,64,128,128,8,8,1,option_5,,ji,ij,False,YES,YES,NO,configs/gemm/gemm_1483.json,reports/gemm/gemm_1483/csynth.xml,,,NO,
gemm_1484,64,128,128,8,8,1,option_5,,ji,ji,False,YES,YES,NO,configs/gemm/gemm_1484.json,reports/gemm/gemm_1484/csynth.xml,,,NO,
gemm_1485,64,128,128,8,8,1,option_5,,ij,ij,True,YES,YES,NO,configs/gemm/gemm_1485.json,reports/gemm/gemm_1485/csynth.xml,,,NO,
gemm_1486,64,128,128,8,8,1,option_5,,ij,ji,True,YES,YES,NO,configs/gemm/gemm_1486.json,reports/gemm/gemm_1486/csynth.xml,,,NO,
gemm_1487,64,128,128,8,8,1,option_5,,ji,ij,True,YES,YES,YES,configs/gemm/gemm_1487.json,reports/gemm/gemm_1487/csynth.xml,reports/gemm/gemm_1487/export_impl.xml,reports/gemm/gemm_1487/power_routed.rpt,NO,
gemm_1488,64,128,128,8,8,1,option_5,,ji,ji,True,YES,YES,NO,configs/gemm/gemm_1488.json,reports/gemm/gemm_1488/csynth.xml,,,NO,
gemm_1489,64,128,128,8,8,8,option_1,,ij,ij,False,YES,YES,NO,configs/gemm/gemm_1489.json,reports/gemm/gemm_1489/csynth.xml,,,NO,
gemm_1490,64,128,128,8,8,8,option_1,,ij,ji,False,YES,YES,NO,configs/gemm/gemm_1490.json,reports/gemm/gemm_1490/csynth.xml,,,NO,
gemm_1491,64,128,128,8,8,8,option_1,,ji,ij,False,YES,YES,NO,configs/gemm/gemm_1491.json,reports/gemm/gemm_1491/csynth.xml,,,NO,
gemm_1492,64,128,128,8,8,8,option_1,,ji,ji,False,YES,YES,YES,configs/gemm/gemm_1492.json,reports/gemm/gemm_1492/csynth.xml,reports/gemm/gemm_1492/export_impl.xml,reports/gemm/gemm_1492/power_routed.rpt,NO,
gemm_1493,64,128,128,8,8,8,option_1,,ij,ij,True,YES,YES,YES,configs/gemm/gemm_1493.json,reports/gemm/gemm_1493/csynth.xml,reports/gemm/gemm_1493/export_impl.xml,reports/gemm/gemm_1493/power_routed.rpt,NO,
gemm_1494,64,128,128,8,8,8,option_1,,ij,ji,True,YES,YES,NO,configs/gemm/gemm_1494.json,reports/gemm/gemm_1494/csynth.xml,,,NO,
gemm_1495,64,128,128,8,8,8,option_1,,ji,ij,True,YES,YES,NO,configs/gemm/gemm_1495.json,reports/gemm/gemm_1495/csynth.xml,,,NO,
gemm_1496,64,128,128,8,8,8,option_1,,ji,ji,True,YES,YES,NO,configs/gemm/gemm_1496.json,reports/gemm/gemm_1496/csynth.xml,,,NO,
gemm_1497,64,128,128,8,8,8,option_2,ijk,ij,,False,YES,YES,NO,configs/gemm/gemm_1497.json,reports/gemm/gemm_1497/csynth.xml,,,NO,
gemm_1498,64,128,128,8,8,8,option_2,ikj,ij,,False,YES,YES,NO,configs/gemm/gemm_1498.json,reports/gemm/gemm_1498/csynth.xml,,,NO,
gemm_1499,64,128,128,8,8,8,option_2,jik,ji,,False,YES,YES,NO,configs/gemm/gemm_1499.json,reports/gemm/gemm_1499/csynth.xml,,,NO,
gemm_1500,64,128,128,8,8,8,option_2,jki,ji,,False,YES,YES,NO,configs/gemm/gemm_1500.json,reports/gemm/gemm_1500/csynth.xml,,,NO,
gemm_1501,64,128,128,8,8,8,option_2,kij,ij,,False,YES,YES,NO,configs/gemm/gemm_1501.json,reports/gemm/gemm_1501/csynth.xml,,,NO,
gemm_1502,64,128,128,8,8,8,option_2,kji,ji,,False,YES,YES,NO,configs/gemm/gemm_1502.json,reports/gemm/gemm_1502/csynth.xml,,,NO,
gemm_1503,64,128,128,8,8,8,option_2,ijk,ij,,True,YES,YES,NO,configs/gemm/gemm_1503.json,reports/gemm/gemm_1503/csynth.xml,,,NO,
gemm_1504,64,128,128,8,8,8,option_2,ikj,ij,,True,YES,YES,NO,configs/gemm/gemm_1504.json,reports/gemm/gemm_1504/csynth.xml,,,NO,
gemm_1505,64,128,128,8,8,8,option_2,jik,ji,,True,YES,YES,NO,configs/gemm/gemm_1505.json,reports/gemm/gemm_1505/csynth.xml,,,NO,
gemm_1506,64,128,128,8,8,8,option_2,jki,ji,,True,YES,YES,NO,configs/gemm/gemm_1506.json,reports/gemm/gemm_1506/csynth.xml,,,NO,
gemm_1507,64,128,128,8,8,8,option_2,kij,ij,,True,YES,YES,NO,configs/gemm/gemm_1507.json,reports/gemm/gemm_1507/csynth.xml,,,NO,
gemm_1508,64,128,128,8,8,8,option_2,kji,ji,,True,YES,YES,NO,configs/gemm/gemm_1508.json,reports/gemm/gemm_1508/csynth.xml,,,NO,
gemm_1509,64,128,128,8,8,8,option_3,ijk,ij,,False,YES,YES,YES,configs/gemm/gemm_1509.json,reports/gemm/gemm_1509/csynth.xml,reports/gemm/gemm_1509/export_impl.xml,reports/gemm/gemm_1509/power_routed.rpt,NO,
gemm_1510,64,128,128,8,8,8,option_3,ikj,ij,,False,YES,YES,NO,configs/gemm/gemm_1510.json,reports/gemm/gemm_1510/csynth.xml,,,NO,
gemm_1511,64,128,128,8,8,8,option_3,jik,ji,,False,YES,YES,NO,configs/gemm/gemm_1511.json,reports/gemm/gemm_1511/csynth.xml,,,NO,
gemm_1512,64,128,128,8,8,8,option_3,jki,ji,,False,YES,YES,YES,configs/gemm/gemm_1512.json,reports/gemm/gemm_1512/csynth.xml,reports/gemm/gemm_1512/export_impl.xml,reports/gemm/gemm_1512/power_routed.rpt,NO,
gemm_1513,64,128,128,8,8,8,option_3,kij,ij,,False,YES,YES,NO,configs/gemm/gemm_1513.json,reports/gemm/gemm_1513/csynth.xml,,,NO,
gemm_1514,64,128,128,8,8,8,option_3,kji,ji,,False,YES,YES,YES,configs/gemm/gemm_1514.json,reports/gemm/gemm_1514/csynth.xml,reports/gemm/gemm_1514/export_impl.xml,reports/gemm/gemm_1514/power_routed.rpt,NO,
gemm_1515,64,128,128,8,8,8,option_3,ijk,ij,,True,YES,YES,NO,configs/gemm/gemm_1515.json,reports/gemm/gemm_1515/csynth.xml,,,NO,
gemm_1516,64,128,128,8,8,8,option_3,ikj,ij,,True,YES,YES,YES,configs/gemm/gemm_1516.json,reports/gemm/gemm_1516/csynth.xml,reports/gemm/gemm_1516/export_impl.xml,reports/gemm/gemm_1516/power_routed.rpt,NO,
gemm_1517,64,128,128,8,8,8,option_3,jik,ji,,True,YES,YES,NO,configs/gemm/gemm_1517.json,reports/gemm/gemm_1517/csynth.xml,,,NO,
gemm_1518,64,128,128,8,8,8,option_3,jki,ji,,True,YES,YES,YES,configs/gemm/gemm_1518.json,reports/gemm/gemm_1518/csynth.xml,reports/gemm/gemm_1518/export_impl.xml,reports/gemm/gemm_1518/power_routed.rpt,NO,
gemm_1519,64,128,128,8,8,8,option_3,kij,ij,,True,YES,YES,NO,configs/gemm/gemm_1519.json,reports/gemm/gemm_1519/csynth.xml,,,NO,
gemm_1520,64,128,128,8,8,8,option_3,kji,ji,,True,YES,YES,NO,configs/gemm/gemm_1520.json,reports/gemm/gemm_1520/csynth.xml,,,NO,
gemm_1521,64,128,128,8,8,8,option_4,,ij,ij,False,YES,YES,NO,configs/gemm/gemm_1521.json,reports/gemm/gemm_1521/csynth.xml,,,NO,
gemm_1522,64,128,128,8,8,8,option_4,,ij,ji,False,YES,YES,YES,configs/gemm/gemm_1522.json,reports/gemm/gemm_1522/csynth.xml,reports/gemm/gemm_1522/export_impl.xml,reports/gemm/gemm_1522/power_routed.rpt,NO,
gemm_1523,64,128,128,8,8,8,option_4,,ji,ij,False,YES,YES,NO,configs/gemm/gemm_1523.json,reports/gemm/gemm_1523/csynth.xml,,,NO,
gemm_1524,64,128,128,8,8,8,option_4,,ji,ji,False,YES,YES,YES,configs/gemm/gemm_1524.json,reports/gemm/gemm_1524/csynth.xml,reports/gemm/gemm_1524/export_impl.xml,reports/gemm/gemm_1524/power_routed.rpt,NO,
gemm_1525,64,128,128,8,8,8,option_4,,ij,ij,True,YES,YES,YES,configs/gemm/gemm_1525.json,reports/gemm/gemm_1525/csynth.xml,reports/gemm/gemm_1525/export_impl.xml,reports/gemm/gemm_1525/power_routed.rpt,NO,
gemm_1526,64,128,128,8,8,8,option_4,,ij,ji,True,YES,YES,NO,configs/gemm/gemm_1526.json,reports/gemm/gemm_1526/csynth.xml,,,NO,
gemm_1527,64,128,128,8,8,8,option_4,,ji,ij,True,YES,YES,NO,configs/gemm/gemm_1527.json,reports/gemm/gemm_1527/csynth.xml,,,NO,
gemm_1528,64,128,128,8,8,8,option_4,,ji,ji,True,YES,YES,NO,configs/gemm/gemm_1528.json,reports/gemm/gemm_1528/csynth.xml,,,NO,
gemm_1529,64,128,128,8,8,8,option_5,,ij,ij,False,YES,YES,YES,configs/gemm/gemm_1529.json,reports/gemm/gemm_1529/csynth.xml,reports/gemm/gemm_1529/export_impl.xml,reports/gemm/gemm_1529/power_routed.rpt,NO,
gemm_1530,64,128,128,8,8,8,option_5,,ij,ji,False,YES,YES,YES,configs/gemm/gemm_1530.json,reports/gemm/gemm_1530/csynth.xml,reports/gemm/gemm_1530/export_impl.xml,reports/gemm/gemm_1530/power_routed.rpt,NO,
gemm_1531,64,128,128,8,8,8,option_5,,ji,ij,False,YES,YES,NO,configs/gemm/gemm_1531.json,reports/gemm/gemm_1531/csynth.xml,,,NO,
gemm_1532,64,128,128,8,8,8,option_5,,ji,ji,False,YES,YES,YES,configs/gemm/gemm_1532.json,reports/gemm/gemm_1532/csynth.xml,reports/gemm/gemm_1532/export_impl.xml,reports/gemm/gemm_1532/power_routed.rpt,NO,
gemm_1533,64,128,128,8,8,8,option_5,,ij,ij,True,YES,YES,YES,configs/gemm/gemm_1533.json,reports/gemm/gemm_1533/csynth.xml,reports/gemm/gemm_1533/export_impl.xml,reports/gemm/gemm_1533/power_routed.rpt,NO,
gemm_1534,64,128,128,8,8,8,option_5,,ij,ji,True,YES,YES,NO,configs/gemm/gemm_1534.json,reports/gemm/gemm_1534/csynth.xml,,,NO,
gemm_1535,64,128,128,8,8,8,option_5,,ji,ij,True,YES,YES,YES,configs/gemm/gemm_1535.json,reports/gemm/gemm_1535/csynth.xml,reports/gemm/gemm_1535/export_impl.xml,reports/gemm/gemm_1535/power_routed.rpt,NO,
gemm_1536,64,128,128,8,8,8,option_5,,ji,ji,True,YES,YES,NO,configs/gemm/gemm_1536.json,reports/gemm/gemm_1536/csynth.xml,,,NO,
gemm_1537,128,64,64,1,1,1,option_1,,ij,ij,False,YES,YES,YES,configs/gemm/gemm_1537.json,reports/gemm/gemm_1537/csynth.xml,reports/gemm/gemm_1537/export_impl.xml,reports/gemm/gemm_1537/power_routed.rpt,NO,
gemm_1538,128,64,64,1,1,1,option_1,,ij,ji,False,YES,YES,YES,configs/gemm/gemm_1538.json,reports/gemm/gemm_1538/csynth.xml,reports/gemm/gemm_1538/export_impl.xml,reports/gemm/gemm_1538/power_routed.rpt,NO,
gemm_1539,128,64,64,1,1,1,option_1,,ji,ij,False,YES,YES,YES,configs/gemm/gemm_1539.json,reports/gemm/gemm_1539/csynth.xml,reports/gemm/gemm_1539/export_impl.xml,reports/gemm/gemm_1539/power_routed.rpt,NO,
gemm_1540,128,64,64,1,1,1,option_1,,ji,ji,False,YES,YES,YES,configs/gemm/gemm_1540.json,reports/gemm/gemm_1540/csynth.xml,reports/gemm/gemm_1540/export_impl.xml,reports/gemm/gemm_1540/power_routed.rpt,NO,
gemm_1541,128,64,64,1,1,1,option_1,,ij,ij,True,YES,YES,YES,configs/gemm/gemm_1541.json,reports/gemm/gemm_1541/csynth.xml,reports/gemm/gemm_1541/export_impl.xml,reports/gemm/gemm_1541/power_routed.rpt,NO,
gemm_1542,128,64,64,1,1,1,option_1,,ij,ji,True,YES,YES,YES,configs/gemm/gemm_1542.json,reports/gemm/gemm_1542/csynth.xml,reports/gemm/gemm_1542/export_impl.xml,reports/gemm/gemm_1542/power_routed.rpt,NO,
gemm_1543,128,64,64,1,1,1,option_1,,ji,ij,True,YES,YES,YES,configs/gemm/gemm_1543.json,reports/gemm/gemm_1543/csynth.xml,reports/gemm/gemm_1543/export_impl.xml,reports/gemm/gemm_1543/power_routed.rpt,NO,
gemm_1544,128,64,64,1,1,1,option_1,,ji,ji,True,YES,YES,YES,configs/gemm/gemm_1544.json,reports/gemm/gemm_1544/csynth.xml,reports/gemm/gemm_1544/export_impl.xml,reports/gemm/gemm_1544/power_routed.rpt,NO,
gemm_1545,128,64,64,1,1,1,option_2,ijk,ij,,False,YES,YES,YES,configs/gemm/gemm_1545.json,reports/gemm/gemm_1545/csynth.xml,reports/gemm/gemm_1545/export_impl.xml,reports/gemm/gemm_1545/power_routed.rpt,NO,
gemm_1546,128,64,64,1,1,1,option_2,ikj,ij,,False,YES,YES,YES,configs/gemm/gemm_1546.json,reports/gemm/gemm_1546/csynth.xml,reports/gemm/gemm_1546/export_impl.xml,reports/gemm/gemm_1546/power_routed.rpt,NO,
gemm_1547,128,64,64,1,1,1,option_2,jik,ji,,False,YES,YES,YES,configs/gemm/gemm_1547.json,reports/gemm/gemm_1547/csynth.xml,reports/gemm/gemm_1547/export_impl.xml,reports/gemm/gemm_1547/power_routed.rpt,NO,
gemm_1548,128,64,64,1,1,1,option_2,jki,ji,,False,YES,YES,YES,configs/gemm/gemm_1548.json,reports/gemm/gemm_1548/csynth.xml,reports/gemm/gemm_1548/export_impl.xml,reports/gemm/gemm_1548/power_routed.rpt,NO,
gemm_1549,128,64,64,1,1,1,option_2,kij,ij,,False,YES,YES,YES,configs/gemm/gemm_1549.json,reports/gemm/gemm_1549/csynth.xml,reports/gemm/gemm_1549/export_impl.xml,reports/gemm/gemm_1549/power_routed.rpt,NO,
gemm_1550,128,64,64,1,1,1,option_2,kji,ji,,False,YES,YES,YES,configs/gemm/gemm_1550.json,reports/gemm/gemm_1550/csynth.xml,reports/gemm/gemm_1550/export_impl.xml,reports/gemm/gemm_1550/power_routed.rpt,NO,
gemm_1551,128,64,64,1,1,1,option_2,ijk,ij,,True,YES,YES,YES,configs/gemm/gemm_1551.json,reports/gemm/gemm_1551/csynth.xml,reports/gemm/gemm_1551/export_impl.xml,reports/gemm/gemm_1551/power_routed.rpt,NO,
gemm_1552,128,64,64,1,1,1,option_2,ikj,ij,,True,YES,YES,YES,configs/gemm/gemm_1552.json,reports/gemm/gemm_1552/csynth.xml,reports/gemm/gemm_1552/export_impl.xml,reports/gemm/gemm_1552/power_routed.rpt,NO,
gemm_1553,128,64,64,1,1,1,option_2,jik,ji,,True,YES,YES,YES,configs/gemm/gemm_1553.json,reports/gemm/gemm_1553/csynth.xml,reports/gemm/gemm_1553/export_impl.xml,reports/gemm/gemm_1553/power_routed.rpt,NO,
gemm_1554,128,64,64,1,1,1,option_2,jki,ji,,True,YES,YES,YES,configs/gemm/gemm_1554.json,reports/gemm/gemm_1554/csynth.xml,reports/gemm/gemm_1554/export_impl.xml,reports/gemm/gemm_1554/power_routed.rpt,NO,
gemm_1555,128,64,64,1,1,1,option_2,kij,ij,,True,YES,YES,YES,configs/gemm/gemm_1555.json,reports/gemm/gemm_1555/csynth.xml,reports/gemm/gemm_1555/export_impl.xml,reports/gemm/gemm_1555/power_routed.rpt,NO,
gemm_1556,128,64,64,1,1,1,option_2,kji,ji,,True,YES,YES,YES,configs/gemm/gemm_1556.json,reports/gemm/gemm_1556/csynth.xml,reports/gemm/gemm_1556/export_impl.xml,reports/gemm/gemm_1556/power_routed.rpt,NO,
gemm_1557,128,64,64,1,1,1,option_3,ijk,ij,,False,YES,YES,YES,configs/gemm/gemm_1557.json,reports/gemm/gemm_1557/csynth.xml,reports/gemm/gemm_1557/export_impl.xml,reports/gemm/gemm_1557/power_routed.rpt,NO,
gemm_1558,128,64,64,1,1,1,option_3,ikj,ij,,False,YES,YES,YES,configs/gemm/gemm_1558.json,reports/gemm/gemm_1558/csynth.xml,reports/gemm/gemm_1558/export_impl.xml,reports/gemm/gemm_1558/power_routed.rpt,NO,
gemm_1559,128,64,64,1,1,1,option_3,jik,ji,,False,YES,YES,YES,configs/gemm/gemm_1559.json,reports/gemm/gemm_1559/csynth.xml,reports/gemm/gemm_1559/export_impl.xml,reports/gemm/gemm_1559/power_routed.rpt,NO,
gemm_1560,128,64,64,1,1,1,option_3,jki,ji,,False,YES,YES,YES,configs/gemm/gemm_1560.json,reports/gemm/gemm_1560/csynth.xml,reports/gemm/gemm_1560/export_impl.xml,reports/gemm/gemm_1560/power_routed.rpt,NO,
gemm_1561,128,64,64,1,1,1,option_3,kij,ij,,False,YES,YES,YES,configs/gemm/gemm_1561.json,reports/gemm/gemm_1561/csynth.xml,reports/gemm/gemm_1561/export_impl.xml,reports/gemm/gemm_1561/power_routed.rpt,NO,
gemm_1562,128,64,64,1,1,1,option_3,kji,ji,,False,YES,YES,YES,configs/gemm/gemm_1562.json,reports/gemm/gemm_1562/csynth.xml,reports/gemm/gemm_1562/export_impl.xml,reports/gemm/gemm_1562/power_routed.rpt,NO,
gemm_1563,128,64,64,1,1,1,option_3,ijk,ij,,True,YES,YES,YES,configs/gemm/gemm_1563.json,reports/gemm/gemm_1563/csynth.xml,reports/gemm/gemm_1563/export_impl.xml,reports/gemm/gemm_1563/power_routed.rpt,NO,
gemm_1564,128,64,64,1,1,1,option_3,ikj,ij,,True,YES,YES,YES,configs/gemm/gemm_1564.json,reports/gemm/gemm_1564/csynth.xml,reports/gemm/gemm_1564/export_impl.xml,reports/gemm/gemm_1564/power_routed.rpt,NO,
gemm_1565,128,64,64,1,1,1,option_3,jik,ji,,True,YES,YES,YES,configs/gemm/gemm_1565.json,reports/gemm/gemm_1565/csynth.xml,reports/gemm/gemm_1565/export_impl.xml,reports/gemm/gemm_1565/power_routed.rpt,NO,
gemm_1566,128,64,64,1,1,1,option_3,jki,ji,,True,YES,YES,YES,configs/gemm/gemm_1566.json,reports/gemm/gemm_1566/csynth.xml,reports/gemm/gemm_1566/export_impl.xml,reports/gemm/gemm_1566/power_routed.rpt,NO,
gemm_1567,128,64,64,1,1,1,option_3,kij,ij,,True,YES,YES,YES,configs/gemm/gemm_1567.json,reports/gemm/gemm_1567/csynth.xml,reports/gemm/gemm_1567/export_impl.xml,reports/gemm/gemm_1567/power_routed.rpt,NO,
gemm_1568,128,64,64,1,1,1,option_3,kji,ji,,True,YES,YES,YES,configs/gemm/gemm_1568.json,reports/gemm/gemm_1568/csynth.xml,reports/gemm/gemm_1568/export_impl.xml,reports/gemm/gemm_1568/power_routed.rpt,NO,
gemm_1569,128,64,64,1,1,1,option_4,,ij,ij,False,YES,YES,YES,configs/gemm/gemm_1569.json,reports/gemm/gemm_1569/csynth.xml,reports/gemm/gemm_1569/export_impl.xml,reports/gemm/gemm_1569/power_routed.rpt,NO,
gemm_1570,128,64,64,1,1,1,option_4,,ij,ji,False,YES,YES,YES,configs/gemm/gemm_1570.json,reports/gemm/gemm_1570/csynth.xml,reports/gemm/gemm_1570/export_impl.xml,reports/gemm/gemm_1570/power_routed.rpt,NO,
gemm_1571,128,64,64,1,1,1,option_4,,ji,ij,False,YES,YES,YES,configs/gemm/gemm_1571.json,reports/gemm/gemm_1571/csynth.xml,reports/gemm/gemm_1571/export_impl.xml,reports/gemm/gemm_1571/power_routed.rpt,NO,
gemm_1572,128,64,64,1,1,1,option_4,,ji,ji,False,YES,YES,YES,configs/gemm/gemm_1572.json,reports/gemm/gemm_1572/csynth.xml,reports/gemm/gemm_1572/export_impl.xml,reports/gemm/gemm_1572/power_routed.rpt,NO,
gemm_1573,128,64,64,1,1,1,option_4,,ij,ij,True,YES,YES,YES,configs/gemm/gemm_1573.json,reports/gemm/gemm_1573/csynth.xml,reports/gemm/gemm_1573/export_impl.xml,reports/gemm/gemm_1573/power_routed.rpt,NO,
gemm_1574,128,64,64,1,1,1,option_4,,ij,ji,True,YES,YES,YES,configs/gemm/gemm_1574.json,reports/gemm/gemm_1574/csynth.xml,reports/gemm/gemm_1574/export_impl.xml,reports/gemm/gemm_1574/power_routed.rpt,NO,
gemm_1575,128,64,64,1,1,1,option_4,,ji,ij,True,YES,YES,YES,configs/gemm/gemm_1575.json,reports/gemm/gemm_1575/csynth.xml,reports/gemm/gemm_1575/export_impl.xml,reports/gemm/gemm_1575/power_routed.rpt,NO,
gemm_1576,128,64,64,1,1,1,option_4,,ji,ji,True,YES,YES,YES,configs/gemm/gemm_1576.json,reports/gemm/gemm_1576/csynth.xml,reports/gemm/gemm_1576/export_impl.xml,reports/gemm/gemm_1576/power_routed.rpt,NO,
gemm_1577,128,64,64,1,1,1,option_5,,ij,ij,False,YES,YES,YES,configs/gemm/gemm_1577.json,reports/gemm/gemm_1577/csynth.xml,reports/gemm/gemm_1577/export_impl.xml,reports/gemm/gemm_1577/power_routed.rpt,NO,
gemm_1578,128,64,64,1,1,1,option_5,,ij,ji,False,YES,YES,YES,configs/gemm/gemm_1578.json,reports/gemm/gemm_1578/csynth.xml,reports/gemm/gemm_1578/export_impl.xml,reports/gemm/gemm_1578/power_routed.rpt,NO,
gemm_1579,128,64,64,1,1,1,option_5,,ji,ij,False,YES,YES,YES,configs/gemm/gemm_1579.json,reports/gemm/gemm_1579/csynth.xml,reports/gemm/gemm_1579/export_impl.xml,reports/gemm/gemm_1579/power_routed.rpt,NO,
gemm_1580,128,64,64,1,1,1,option_5,,ji,ji,False,YES,YES,YES,configs/gemm/gemm_1580.json,reports/gemm/gemm_1580/csynth.xml,reports/gemm/gemm_1580/export_impl.xml,reports/gemm/gemm_1580/power_routed.rpt,NO,
gemm_1581,128,64,64,1,1,1,option_5,,ij,ij,True,YES,YES,YES,configs/gemm/gemm_1581.json,reports/gemm/gemm_1581/csynth.xml,reports/gemm/gemm_1581/export_impl.xml,reports/gemm/gemm_1581/power_routed.rpt,NO,
gemm_1582,128,64,64,1,1,1,option_5,,ij,ji,True,YES,YES,YES,configs/gemm/gemm_1582.json,reports/gemm/gemm_1582/csynth.xml,reports/gemm/gemm_1582/export_impl.xml,reports/gemm/gemm_1582/power_routed.rpt,NO,
gemm_1583,128,64,64,1,1,1,option_5,,ji,ij,True,YES,YES,YES,configs/gemm/gemm_1583.json,reports/gemm/gemm_1583/csynth.xml,reports/gemm/gemm_1583/export_impl.xml,reports/gemm/gemm_1583/power_routed.rpt,NO,
gemm_1584,128,64,64,1,1,1,option_5,,ji,ji,True,YES,YES,YES,configs/gemm/gemm_1584.json,reports/gemm/gemm_1584/csynth.xml,reports/gemm/gemm_1584/export_impl.xml,reports/gemm/gemm_1584/power_routed.rpt,NO,
gemm_1585,128,64,64,1,1,8,option_1,,ij,ij,False,YES,YES,NO,configs/gemm/gemm_1585.json,reports/gemm/gemm_1585/csynth.xml,,,NO,
gemm_1586,128,64,64,1,1,8,option_1,,ij,ji,False,YES,YES,NO,configs/gemm/gemm_1586.json,reports/gemm/gemm_1586/csynth.xml,,,NO,
gemm_1587,128,64,64,1,1,8,option_1,,ji,ij,False,YES,YES,YES,configs/gemm/gemm_1587.json,reports/gemm/gemm_1587/csynth.xml,reports/gemm/gemm_1587/export_impl.xml,reports/gemm/gemm_1587/power_routed.rpt,NO,
gemm_1588,128,64,64,1,1,8,option_1,,ji,ji,False,YES,YES,NO,configs/gemm/gemm_1588.json,reports/gemm/gemm_1588/csynth.xml,,,NO,
gemm_1589,128,64,64,1,1,8,option_1,,ij,ij,True,YES,YES,NO,configs/gemm/gemm_1589.json,reports/gemm/gemm_1589/csynth.xml,,,NO,
gemm_1590,128,64,64,1,1,8,option_1,,ij,ji,True,YES,YES,YES,configs/gemm/gemm_1590.json,reports/gemm/gemm_1590/csynth.xml,reports/gemm/gemm_1590/export_impl.xml,reports/gemm/gemm_1590/power_routed.rpt,NO,
gemm_1591,128,64,64,1,1,8,option_1,,ji,ij,True,YES,YES,NO,configs/gemm/gemm_1591.json,reports/gemm/gemm_1591/csynth.xml,,,NO,
gemm_1592,128,64,64,1,1,8,option_1,,ji,ji,True,YES,YES,YES,configs/gemm/gemm_1592.json,reports/gemm/gemm_1592/csynth.xml,reports/gemm/gemm_1592/export_impl.xml,reports/gemm/gemm_1592/power_routed.rpt,NO,
gemm_1593,128,64,64,1,1,8,option_2,ijk,ij,,False,YES,YES,NO,configs/gemm/gemm_1593.json,reports/gemm/gemm_1593/csynth.xml,,,NO,
gemm_1594,128,64,64,1,1,8,option_2,ikj,ij,,False,YES,YES,NO,configs/gemm/gemm_1594.json,reports/gemm/gemm_1594/csynth.xml,,,NO,
gemm_1595,128,64,64,1,1,8,option_2,jik,ji,,False,YES,YES,NO,configs/gemm/gemm_1595.json,reports/gemm/gemm_1595/csynth.xml,,,NO,
gemm_1596,128,64,64,1,1,8,option_2,jki,ji,,False,YES,YES,NO,configs/gemm/gemm_1596.json,reports/gemm/gemm_1596/csynth.xml,,,NO,
gemm_1597,128,64,64,1,1,8,option_2,kij,ij,,False,YES,YES,NO,configs/gemm/gemm_1597.json,reports/gemm/gemm_1597/csynth.xml,,,NO,
gemm_1598,128,64,64,1,1,8,option_2,kji,ji,,False,YES,YES,NO,configs/gemm/gemm_1598.json,reports/gemm/gemm_1598/csynth.xml,,,NO,
gemm_1599,128,64,64,1,1,8,option_2,ijk,ij,,True,YES,YES,YES,configs/gemm/gemm_1599.json,reports/gemm/gemm_1599/csynth.xml,reports/gemm/gemm_1599/export_impl.xml,reports/gemm/gemm_1599/power_routed.rpt,NO,
gemm_1600,128,64,64,1,1,8,option_2,ikj,ij,,True,YES,YES,YES,configs/gemm/gemm_1600.json,reports/gemm/gemm_1600/csynth.xml,reports/gemm/gemm_1600/export_impl.xml,reports/gemm/gemm_1600/power_routed.rpt,NO,
gemm_1601,128,64,64,1,1,8,option_2,jik,ji,,True,YES,YES,NO,configs/gemm/gemm_1601.json,reports/gemm/gemm_1601/csynth.xml,,,NO,
gemm_1602,128,64,64,1,1,8,option_2,jki,ji,,True,YES,YES,NO,configs/gemm/gemm_1602.json,reports/gemm/gemm_1602/csynth.xml,,,NO,
gemm_1603,128,64,64,1,1,8,option_2,kij,ij,,True,YES,YES,YES,configs/gemm/gemm_1603.json,reports/gemm/gemm_1603/csynth.xml,reports/gemm/gemm_1603/export_impl.xml,reports/gemm/gemm_1603/power_routed.rpt,NO,
gemm_1604,128,64,64,1,1,8,option_2,kji,ji,,True,YES,YES,YES,configs/gemm/gemm_1604.json,reports/gemm/gemm_1604/csynth.xml,reports/gemm/gemm_1604/export_impl.xml,reports/gemm/gemm_1604/power_routed.rpt,NO,
gemm_1605,128,64,64,1,1,8,option_3,ijk,ij,,False,YES,YES,NO,configs/gemm/gemm_1605.json,reports/gemm/gemm_1605/csynth.xml,,,NO,
gemm_1606,128,64,64,1,1,8,option_3,ikj,ij,,False,YES,YES,NO,configs/gemm/gemm_1606.json,reports/gemm/gemm_1606/csynth.xml,,,NO,
gemm_1607,128,64,64,1,1,8,option_3,jik,ji,,False,YES,YES,NO,configs/gemm/gemm_1607.json,reports/gemm/gemm_1607/csynth.xml,,,NO,
gemm_1608,128,64,64,1,1,8,option_3,jki,ji,,False,YES,YES,NO,configs/gemm/gemm_1608.json,reports/gemm/gemm_1608/csynth.xml,,,NO,
gemm_1609,128,64,64,1,1,8,option_3,kij,ij,,False,YES,YES,NO,configs/gemm/gemm_1609.json,reports/gemm/gemm_1609/csynth.xml,,,NO,
gemm_1610,128,64,64,1,1,8,option_3,kji,ji,,False,YES,YES,NO,configs/gemm/gemm_1610.json,reports/gemm/gemm_1610/csynth.xml,,,NO,
gemm_1611,128,64,64,1,1,8,option_3,ijk,ij,,True,YES,YES,NO,configs/gemm/gemm_1611.json,reports/gemm/gemm_1611/csynth.xml,,,NO,
gemm_1612,128,64,64,1,1,8,option_3,ikj,ij,,True,YES,YES,NO,configs/gemm/gemm_1612.json,reports/gemm/gemm_1612/csynth.xml,,,NO,
gemm_1613,128,64,64,1,1,8,option_3,jik,ji,,True,YES,YES,NO,configs/gemm/gemm_1613.json,reports/gemm/gemm_1613/csynth.xml,,,NO,
gemm_1614,128,64,64,1,1,8,option_3,jki,ji,,True,YES,YES,NO,configs/gemm/gemm_1614.json,reports/gemm/gemm_1614/csynth.xml,,,NO,
gemm_1615,128,64,64,1,1,8,option_3,kij,ij,,True,YES,YES,NO,configs/gemm/gemm_1615.json,reports/gemm/gemm_1615/csynth.xml,,,NO,
gemm_1616,128,64,64,1,1,8,option_3,kji,ji,,True,YES,YES,NO,configs/gemm/gemm_1616.json,reports/gemm/gemm_1616/csynth.xml,,,NO,
gemm_1617,128,64,64,1,1,8,option_4,,ij,ij,False,YES,YES,NO,configs/gemm/gemm_1617.json,reports/gemm/gemm_1617/csynth.xml,,,NO,
gemm_1618,128,64,64,1,1,8,option_4,,ij,ji,False,YES,YES,NO,configs/gemm/gemm_1618.json,reports/gemm/gemm_1618/csynth.xml,,,NO,
gemm_1619,128,64,64,1,1,8,option_4,,ji,ij,False,YES,YES,NO,configs/gemm/gemm_1619.json,reports/gemm/gemm_1619/csynth.xml,,,NO,
gemm_1620,128,64,64,1,1,8,option_4,,ji,ji,False,YES,YES,NO,configs/gemm/gemm_1620.json,reports/gemm/gemm_1620/csynth.xml,,,NO,
gemm_1621,128,64,64,1,1,8,option_4,,ij,ij,True,YES,YES,YES,configs/gemm/gemm_1621.json,reports/gemm/gemm_1621/csynth.xml,reports/gemm/gemm_1621/export_impl.xml,reports/gemm/gemm_1621/power_routed.rpt,NO,
gemm_1622,128,64,64,1,1,8,option_4,,ij,ji,True,YES,YES,YES,configs/gemm/gemm_1622.json,reports/gemm/gemm_1622/csynth.xml,reports/gemm/gemm_1622/export_impl.xml,reports/gemm/gemm_1622/power_routed.rpt,NO,
gemm_1623,128,64,64,1,1,8,option_4,,ji,ij,True,YES,YES,NO,configs/gemm/gemm_1623.json,reports/gemm/gemm_1623/csynth.xml,,,NO,
gemm_1624,128,64,64,1,1,8,option_4,,ji,ji,True,YES,YES,NO,configs/gemm/gemm_1624.json,reports/gemm/gemm_1624/csynth.xml,,,NO,
gemm_1625,128,64,64,1,1,8,option_5,,ij,ij,False,YES,YES,NO,configs/gemm/gemm_1625.json,reports/gemm/gemm_1625/csynth.xml,,,NO,
gemm_1626,128,64,64,1,1,8,option_5,,ij,ji,False,YES,YES,NO,configs/gemm/gemm_1626.json,reports/gemm/gemm_1626/csynth.xml,,,NO,
gemm_1627,128,64,64,1,1,8,option_5,,ji,ij,False,YES,YES,NO,configs/gemm/gemm_1627.json,reports/gemm/gemm_1627/csynth.xml,,,NO,
gemm_1628,128,64,64,1,1,8,option_5,,ji,ji,False,YES,YES,NO,configs/gemm/gemm_1628.json,reports/gemm/gemm_1628/csynth.xml,,,NO,
gemm_1629,128,64,64,1,1,8,option_5,,ij,ij,True,YES,YES,YES,configs/gemm/gemm_1629.json,reports/gemm/gemm_1629/csynth.xml,reports/gemm/gemm_1629/export_impl.xml,reports/gemm/gemm_1629/power_routed.rpt,NO,
gemm_1630,128,64,64,1,1,8,option_5,,ij,ji,True,YES,YES,NO,configs/gemm/gemm_1630.json,reports/gemm/gemm_1630/csynth.xml,,,NO,
gemm_1631,128,64,64,1,1,8,option_5,,ji,ij,True,YES,YES,NO,configs/gemm/gemm_1631.json,reports/gemm/gemm_1631/csynth.xml,,,NO,
gemm_1632,128,64,64,1,1,8,option_5,,ji,ji,True,YES,YES,NO,configs/gemm/gemm_1632.json,reports/gemm/gemm_1632/csynth.xml,,,NO,
gemm_1633,128,64,64,1,8,1,option_1,,ij,ij,False,YES,YES,NO,configs/gemm/gemm_1633.json,reports/gemm/gemm_1633/csynth.xml,,,NO,
gemm_1634,128,64,64,1,8,1,option_1,,ij,ji,False,YES,YES,NO,configs/gemm/gemm_1634.json,reports/gemm/gemm_1634/csynth.xml,,,NO,
gemm_1635,128,64,64,1,8,1,option_1,,ji,ij,False,YES,YES,NO,configs/gemm/gemm_1635.json,reports/gemm/gemm_1635/csynth.xml,,,NO,
gemm_1636,128,64,64,1,8,1,option_1,,ji,ji,False,YES,YES,NO,configs/gemm/gemm_1636.json,reports/gemm/gemm_1636/csynth.xml,,,NO,
gemm_1637,128,64,64,1,8,1,option_1,,ij,ij,True,YES,YES,NO,configs/gemm/gemm_1637.json,reports/gemm/gemm_1637/csynth.xml,,,NO,
gemm_1638,128,64,64,1,8,1,option_1,,ij,ji,True,YES,YES,NO,configs/gemm/gemm_1638.json,reports/gemm/gemm_1638/csynth.xml,,,NO,
gemm_1639,128,64,64,1,8,1,option_1,,ji,ij,True,YES,YES,NO,configs/gemm/gemm_1639.json,reports/gemm/gemm_1639/csynth.xml,,,NO,
gemm_1640,128,64,64,1,8,1,option_1,,ji,ji,True,YES,YES,NO,configs/gemm/gemm_1640.json,reports/gemm/gemm_1640/csynth.xml,,,NO,
gemm_1641,128,64,64,1,8,1,option_2,ijk,ij,,False,YES,YES,NO,configs/gemm/gemm_1641.json,reports/gemm/gemm_1641/csynth.xml,,,NO,
gemm_1642,128,64,64,1,8,1,option_2,ikj,ij,,False,YES,YES,NO,configs/gemm/gemm_1642.json,reports/gemm/gemm_1642/csynth.xml,,,NO,
gemm_1643,128,64,64,1,8,1,option_2,jik,ji,,False,YES,YES,NO,configs/gemm/gemm_1643.json,reports/gemm/gemm_1643/csynth.xml,,,NO,
gemm_1644,128,64,64,1,8,1,option_2,jki,ji,,False,YES,YES,NO,configs/gemm/gemm_1644.json,reports/gemm/gemm_1644/csynth.xml,,,NO,
gemm_1645,128,64,64,1,8,1,option_2,kij,ij,,False,YES,YES,NO,configs/gemm/gemm_1645.json,reports/gemm/gemm_1645/csynth.xml,,,NO,
gemm_1646,128,64,64,1,8,1,option_2,kji,ji,,False,YES,YES,YES,configs/gemm/gemm_1646.json,reports/gemm/gemm_1646/csynth.xml,reports/gemm/gemm_1646/export_impl.xml,reports/gemm/gemm_1646/power_routed.rpt,NO,
gemm_1647,128,64,64,1,8,1,option_2,ijk,ij,,True,YES,YES,NO,configs/gemm/gemm_1647.json,reports/gemm/gemm_1647/csynth.xml,,,NO,
gemm_1648,128,64,64,1,8,1,option_2,ikj,ij,,True,YES,YES,NO,configs/gemm/gemm_1648.json,reports/gemm/gemm_1648/csynth.xml,,,NO,
gemm_1649,128,64,64,1,8,1,option_2,jik,ji,,True,YES,YES,NO,configs/gemm/gemm_1649.json,reports/gemm/gemm_1649/csynth.xml,,,NO,
gemm_1650,128,64,64,1,8,1,option_2,jki,ji,,True,YES,YES,NO,configs/gemm/gemm_1650.json,reports/gemm/gemm_1650/csynth.xml,,,NO,
gemm_1651,128,64,64,1,8,1,option_2,kij,ij,,True,YES,YES,NO,configs/gemm/gemm_1651.json,reports/gemm/gemm_1651/csynth.xml,,,NO,
gemm_1652,128,64,64,1,8,1,option_2,kji,ji,,True,YES,YES,NO,configs/gemm/gemm_1652.json,reports/gemm/gemm_1652/csynth.xml,,,NO,
gemm_1653,128,64,64,1,8,1,option_3,ijk,ij,,False,YES,YES,NO,configs/gemm/gemm_1653.json,reports/gemm/gemm_1653/csynth.xml,,,NO,
gemm_1654,128,64,64,1,8,1,option_3,ikj,ij,,False,YES,YES,NO,configs/gemm/gemm_1654.json,reports/gemm/gemm_1654/csynth.xml,,,NO,
gemm_1655,128,64,64,1,8,1,option_3,jik,ji,,False,YES,YES,YES,configs/gemm/gemm_1655.json,reports/gemm/gemm_1655/csynth.xml,reports/gemm/gemm_1655/export_impl.xml,reports/gemm/gemm_1655/power_routed.rpt,NO,
gemm_1656,128,64,64,1,8,1,option_3,jki,ji,,False,YES,YES,NO,configs/gemm/gemm_1656.json,reports/gemm/gemm_1656/csynth.xml,,,NO,
gemm_1657,128,64,64,1,8,1,option_3,kij,ij,,False,YES,YES,YES,configs/gemm/gemm_1657.json,reports/gemm/gemm_1657/csynth.xml,reports/gemm/gemm_1657/export_impl.xml,reports/gemm/gemm_1657/power_routed.rpt,NO,
gemm_1658,128,64,64,1,8,1,option_3,kji,ji,,False,YES,YES,NO,configs/gemm/gemm_1658.json,reports/gemm/gemm_1658/csynth.xml,,,NO,
gemm_1659,128,64,64,1,8,1,option_3,ijk,ij,,True,YES,YES,NO,configs/gemm/gemm_1659.json,reports/gemm/gemm_1659/csynth.xml,,,NO,
gemm_1660,128,64,64,1,8,1,option_3,ikj,ij,,True,YES,YES,YES,configs/gemm/gemm_1660.json,reports/gemm/gemm_1660/csynth.xml,reports/gemm/gemm_1660/export_impl.xml,reports/gemm/gemm_1660/power_routed.rpt,NO,
gemm_1661,128,64,64,1,8,1,option_3,jik,ji,,True,YES,YES,NO,configs/gemm/gemm_1661.json,reports/gemm/gemm_1661/csynth.xml,,,NO,
gemm_1662,128,64,64,1,8,1,option_3,jki,ji,,True,YES,YES,YES,configs/gemm/gemm_1662.json,reports/gemm/gemm_1662/csynth.xml,reports/gemm/gemm_1662/export_impl.xml,reports/gemm/gemm_1662/power_routed.rpt,NO,
gemm_1663,128,64,64,1,8,1,option_3,kij,ij,,True,YES,YES,NO,configs/gemm/gemm_1663.json,reports/gemm/gemm_1663/csynth.xml,,,NO,
gemm_1664,128,64,64,1,8,1,option_3,kji,ji,,True,YES,YES,YES,configs/gemm/gemm_1664.json,reports/gemm/gemm_1664/csynth.xml,reports/gemm/gemm_1664/export_impl.xml,reports/gemm/gemm_1664/power_routed.rpt,NO,
gemm_1665,128,64,64,1,8,1,option_4,,ij,ij,False,YES,YES,NO,configs/gemm/gemm_1665.json,reports/gemm/gemm_1665/csynth.xml,,,NO,
gemm_1666,128,64,64,1,8,1,option_4,,ij,ji,False,YES,YES,NO,configs/gemm/gemm_1666.json,reports/gemm/gemm_1666/csynth.xml,,,NO,
gemm_1667,128,64,64,1,8,1,option_4,,ji,ij,False,YES,YES,YES,configs/gemm/gemm_1667.json,reports/gemm/gemm_1667/csynth.xml,reports/gemm/gemm_1667/export_impl.xml,reports/gemm/gemm_1667/power_routed.rpt,NO,
gemm_1668,128,64,64,1,8,1,option_4,,ji,ji,False,YES,YES,YES,configs/gemm/gemm_1668.json,reports/gemm/gemm_1668/csynth.xml,reports/gemm/gemm_1668/export_impl.xml,reports/gemm/gemm_1668/power_routed.rpt,NO,
gemm_1669,128,64,64,1,8,1,option_4,,ij,ij,True,YES,YES,YES,configs/gemm/gemm_1669.json,reports/gemm/gemm_1669/csynth.xml,reports/gemm/gemm_1669/export_impl.xml,reports/gemm/gemm_1669/power_routed.rpt,NO,
gemm_1670,128,64,64,1,8,1,option_4,,ij,ji,True,YES,YES,YES,configs/gemm/gemm_1670.json,reports/gemm/gemm_1670/csynth.xml,reports/gemm/gemm_1670/export_impl.xml,reports/gemm/gemm_1670/power_routed.rpt,NO,
gemm_1671,128,64,64,1,8,1,option_4,,ji,ij,True,YES,YES,NO,configs/gemm/gemm_1671.json,reports/gemm/gemm_1671/csynth.xml,,,NO,
gemm_1672,128,64,64,1,8,1,option_4,,ji,ji,True,YES,YES,NO,configs/gemm/gemm_1672.json,reports/gemm/gemm_1672/csynth.xml,,,NO,
gemm_1673,128,64,64,1,8,1,option_5,,ij,ij,False,YES,YES,YES,configs/gemm/gemm_1673.json,reports/gemm/gemm_1673/csynth.xml,reports/gemm/gemm_1673/export_impl.xml,reports/gemm/gemm_1673/power_routed.rpt,NO,
gemm_1674,128,64,64,1,8,1,option_5,,ij,ji,False,YES,YES,YES,configs/gemm/gemm_1674.json,reports/gemm/gemm_1674/csynth.xml,reports/gemm/gemm_1674/export_impl.xml,reports/gemm/gemm_1674/power_routed.rpt,NO,
gemm_1675,128,64,64,1,8,1,option_5,,ji,ij,False,YES,YES,NO,configs/gemm/gemm_1675.json,reports/gemm/gemm_1675/csynth.xml,,,NO,
gemm_1676,128,64,64,1,8,1,option_5,,ji,ji,False,YES,YES,NO,configs/gemm/gemm_1676.json,reports/gemm/gemm_1676/csynth.xml,,,NO,
gemm_1677,128,64,64,1,8,1,option_5,,ij,ij,True,YES,YES,NO,configs/gemm/gemm_1677.json,reports/gemm/gemm_1677/csynth.xml,,,NO,
gemm_1678,128,64,64,1,8,1,option_5,,ij,ji,True,YES,YES,NO,configs/gemm/gemm_1678.json,reports/gemm/gemm_1678/csynth.xml,,,NO,
gemm_1679,128,64,64,1,8,1,option_5,,ji,ij,True,YES,YES,NO,configs/gemm/gemm_1679.json,reports/gemm/gemm_1679/csynth.xml,,,NO,
gemm_1680,128,64,64,1,8,1,option_5,,ji,ji,True,YES,YES,NO,configs/gemm/gemm_1680.json,reports/gemm/gemm_1680/csynth.xml,,,NO,
gemm_1681,128,64,64,1,8,8,option_1,,ij,ij,False,YES,YES,YES,configs/gemm/gemm_1681.json,reports/gemm/gemm_1681/csynth.xml,reports/gemm/gemm_1681/export_impl.xml,reports/gemm/gemm_1681/power_routed.rpt,NO,
gemm_1682,128,64,64,1,8,8,option_1,,ij,ji,False,YES,YES,NO,configs/gemm/gemm_1682.json,reports/gemm/gemm_1682/csynth.xml,,,NO,
gemm_1683,128,64,64,1,8,8,option_1,,ji,ij,False,YES,YES,NO,configs/gemm/gemm_1683.json,reports/gemm/gemm_1683/csynth.xml,,,NO,
gemm_1684,128,64,64,1,8,8,option_1,,ji,ji,False,YES,YES,NO,configs/gemm/gemm_1684.json,reports/gemm/gemm_1684/csynth.xml,,,NO,
gemm_1685,128,64,64,1,8,8,option_1,,ij,ij,True,YES,YES,NO,configs/gemm/gemm_1685.json,reports/gemm/gemm_1685/csynth.xml,,,NO,
gemm_1686,128,64,64,1,8,8,option_1,,ij,ji,True,YES,YES,NO,configs/gemm/gemm_1686.json,reports/gemm/gemm_1686/csynth.xml,,,NO,
gemm_1687,128,64,64,1,8,8,option_1,,ji,ij,True,YES,YES,YES,configs/gemm/gemm_1687.json,reports/gemm/gemm_1687/csynth.xml,reports/gemm/gemm_1687/export_impl.xml,reports/gemm/gemm_1687/power_routed.rpt,NO,
gemm_1688,128,64,64,1,8,8,option_1,,ji,ji,True,YES,YES,NO,configs/gemm/gemm_1688.json,reports/gemm/gemm_1688/csynth.xml,,,NO,
gemm_1689,128,64,64,1,8,8,option_2,ijk,ij,,False,YES,YES,NO,configs/gemm/gemm_1689.json,reports/gemm/gemm_1689/csynth.xml,,,NO,
gemm_1690,128,64,64,1,8,8,option_2,ikj,ij,,False,YES,YES,YES,configs/gemm/gemm_1690.json,reports/gemm/gemm_1690/csynth.xml,reports/gemm/gemm_1690/export_impl.xml,reports/gemm/gemm_1690/power_routed.rpt,NO,
gemm_1691,128,64,64,1,8,8,option_2,jik,ji,,False,YES,YES,YES,configs/gemm/gemm_1691.json,reports/gemm/gemm_1691/csynth.xml,reports/gemm/gemm_1691/export_impl.xml,reports/gemm/gemm_1691/power_routed.rpt,NO,
gemm_1692,128,64,64,1,8,8,option_2,jki,ji,,False,YES,YES,YES,configs/gemm/gemm_1692.json,reports/gemm/gemm_1692/csynth.xml,reports/gemm/gemm_1692/export_impl.xml,reports/gemm/gemm_1692/power_routed.rpt,NO,
gemm_1693,128,64,64,1,8,8,option_2,kij,ij,,False,YES,YES,YES,configs/gemm/gemm_1693.json,reports/gemm/gemm_1693/csynth.xml,reports/gemm/gemm_1693/export_impl.xml,reports/gemm/gemm_1693/power_routed.rpt,NO,
gemm_1694,128,64,64,1,8,8,option_2,kji,ji,,False,YES,YES,NO,configs/gemm/gemm_1694.json,reports/gemm/gemm_1694/csynth.xml,,,NO,
gemm_1695,128,64,64,1,8,8,option_2,ijk,ij,,True,YES,YES,YES,configs/gemm/gemm_1695.json,reports/gemm/gemm_1695/csynth.xml,reports/gemm/gemm_1695/export_impl.xml,reports/gemm/gemm_1695/power_routed.rpt,NO,
gemm_1696,128,64,64,1,8,8,option_2,ikj,ij,,True,YES,YES,NO,configs/gemm/gemm_1696.json,reports/gemm/gemm_1696/csynth.xml,,,NO,
gemm_1697,128,64,64,1,8,8,option_2,jik,ji,,True,YES,YES,YES,configs/gemm/gemm_1697.json,reports/gemm/gemm_1697/csynth.xml,reports/gemm/gemm_1697/export_impl.xml,reports/gemm/gemm_1697/power_routed.rpt,NO,
gemm_1698,128,64,64,1,8,8,option_2,jki,ji,,True,YES,YES,NO,configs/gemm/gemm_1698.json,reports/gemm/gemm_1698/csynth.xml,,,NO,
gemm_1699,128,64,64,1,8,8,option_2,kij,ij,,True,YES,YES,NO,configs/gemm/gemm_1699.json,reports/gemm/gemm_1699/csynth.xml,,,NO,
gemm_1700,128,64,64,1,8,8,option_2,kji,ji,,True,YES,YES,NO,configs/gemm/gemm_1700.json,reports/gemm/gemm_1700/csynth.xml,,,NO,
gemm_1701,128,64,64,1,8,8,option_3,ijk,ij,,False,YES,YES,NO,configs/gemm/gemm_1701.json,reports/gemm/gemm_1701/csynth.xml,,,NO,
gemm_1702,128,64,64,1,8,8,option_3,ikj,ij,,False,YES,YES,NO,configs/gemm/gemm_1702.json,reports/gemm/gemm_1702/csynth.xml,,,NO,
gemm_1703,128,64,64,1,8,8,option_3,jik,ji,,False,YES,YES,NO,configs/gemm/gemm_1703.json,reports/gemm/gemm_1703/csynth.xml,,,NO,
gemm_1704,128,64,64,1,8,8,option_3,jki,ji,,False,YES,YES,NO,configs/gemm/gemm_1704.json,reports/gemm/gemm_1704/csynth.xml,,,NO,
gemm_1705,128,64,64,1,8,8,option_3,kij,ij,,False,YES,YES,NO,configs/gemm/gemm_1705.json,reports/gemm/gemm_1705/csynth.xml,,,NO,
gemm_1706,128,64,64,1,8,8,option_3,kji,ji,,False,YES,YES,YES,configs/gemm/gemm_1706.json,reports/gemm/gemm_1706/csynth.xml,reports/gemm/gemm_1706/export_impl.xml,reports/gemm/gemm_1706/power_routed.rpt,NO,
gemm_1707,128,64,64,1,8,8,option_3,ijk,ij,,True,YES,YES,NO,configs/gemm/gemm_1707.json,reports/gemm/gemm_1707/csynth.xml,,,NO,
gemm_1708,128,64,64,1,8,8,option_3,ikj,ij,,True,YES,YES,NO,configs/gemm/gemm_1708.json,reports/gemm/gemm_1708/csynth.xml,,,NO,
gemm_1709,128,64,64,1,8,8,option_3,jik,ji,,True,YES,YES,NO,configs/gemm/gemm_1709.json,reports/gemm/gemm_1709/csynth.xml,,,NO,
gemm_1710,128,64,64,1,8,8,option_3,jki,ji,,True,YES,YES,YES,configs/gemm/gemm_1710.json,reports/gemm/gemm_1710/csynth.xml,reports/gemm/gemm_1710/export_impl.xml,reports/gemm/gemm_1710/power_routed.rpt,NO,
gemm_1711,128,64,64,1,8,8,option_3,kij,ij,,True,YES,YES,YES,configs/gemm/gemm_1711.json,reports/gemm/gemm_1711/csynth.xml,reports/gemm/gemm_1711/export_impl.xml,reports/gemm/gemm_1711/power_routed.rpt,NO,
gemm_1712,128,64,64,1,8,8,option_3,kji,ji,,True,YES,YES,NO,configs/gemm/gemm_1712.json,reports/gemm/gemm_1712/csynth.xml,,,NO,
gemm_1713,128,64,64,1,8,8,option_4,,ij,ij,False,YES,YES,NO,configs/gemm/gemm_1713.json,reports/gemm/gemm_1713/csynth.xml,,,NO,
gemm_1714,128,64,64,1,8,8,option_4,,ij,ji,False,YES,YES,NO,configs/gemm/gemm_1714.json,reports/gemm/gemm_1714/csynth.xml,,,NO,
gemm_1715,128,64,64,1,8,8,option_4,,ji,ij,False,YES,YES,NO,configs/gemm/gemm_1715.json,reports/gemm/gemm_1715/csynth.xml,,,NO,
gemm_1716,128,64,64,1,8,8,option_4,,ji,ji,False,YES,YES,NO,configs/gemm/gemm_1716.json,reports/gemm/gemm_1716/csynth.xml,,,NO,
gemm_1717,128,64,64,1,8,8,option_4,,ij,ij,True,YES,YES,NO,configs/gemm/gemm_1717.json,reports/gemm/gemm_1717/csynth.xml,,,NO,
gemm_1718,128,64,64,1,8,8,option_4,,ij,ji,True,YES,YES,YES,configs/gemm/gemm_1718.json,reports/gemm/gemm_1718/csynth.xml,reports/gemm/gemm_1718/export_impl.xml,reports/gemm/gemm_1718/power_routed.rpt,NO,
gemm_1719,128,64,64,1,8,8,option_4,,ji,ij,True,YES,YES,YES,configs/gemm/gemm_1719.json,reports/gemm/gemm_1719/csynth.xml,reports/gemm/gemm_1719/export_impl.xml,reports/gemm/gemm_1719/power_routed.rpt,NO,
gemm_1720,128,64,64,1,8,8,option_4,,ji,ji,True,YES,YES,NO,configs/gemm/gemm_1720.json,reports/gemm/gemm_1720/csynth.xml,,,NO,
gemm_1721,128,64,64,1,8,8,option_5,,ij,ij,False,YES,YES,NO,configs/gemm/gemm_1721.json,reports/gemm/gemm_1721/csynth.xml,,,NO,
gemm_1722,128,64,64,1,8,8,option_5,,ij,ji,False,YES,YES,NO,configs/gemm/gemm_1722.json,reports/gemm/gemm_1722/csynth.xml,,,NO,
gemm_1723,128,64,64,1,8,8,option_5,,ji,ij,False,YES,YES,YES,configs/gemm/gemm_1723.json,reports/gemm/gemm_1723/csynth.xml,reports/gemm/gemm_1723/export_impl.xml,reports/gemm/gemm_1723/power_routed.rpt,NO,
gemm_1724,128,64,64,1,8,8,option_5,,ji,ji,False,YES,YES,NO,configs/gemm/gemm_1724.json,reports/gemm/gemm_1724/csynth.xml,,,NO,
gemm_1725,128,64,64,1,8,8,option_5,,ij,ij,True,YES,YES,YES,configs/gemm/gemm_1725.json,reports/gemm/gemm_1725/csynth.xml,reports/gemm/gemm_1725/export_impl.xml,reports/gemm/gemm_1725/power_routed.rpt,NO,
gemm_1726,128,64,64,1,8,8,option_5,,ij,ji,True,YES,YES,NO,configs/gemm/gemm_1726.json,reports/gemm/gemm_1726/csynth.xml,,,NO,
gemm_1727,128,64,64,1,8,8,option_5,,ji,ij,True,YES,YES,YES,configs/gemm/gemm_1727.json,reports/gemm/gemm_1727/csynth.xml,reports/gemm/gemm_1727/export_impl.xml,reports/gemm/gemm_1727/power_routed.rpt,NO,
gemm_1728,128,64,64,1,8,8,option_5,,ji,ji,True,YES,YES,YES,configs/gemm/gemm_1728.json,reports/gemm/gemm_1728/csynth.xml,reports/gemm/gemm_1728/export_impl.xml,reports/gemm/gemm_1728/power_routed.rpt,NO,
gemm_1729,128,64,64,8,1,1,option_1,,ij,ij,False,YES,YES,NO,configs/gemm/gemm_1729.json,reports/gemm/gemm_1729/csynth.xml,,,NO,
gemm_1730,128,64,64,8,1,1,option_1,,ij,ji,False,YES,YES,NO,configs/gemm/gemm_1730.json,reports/gemm/gemm_1730/csynth.xml,,,NO,
gemm_1731,128,64,64,8,1,1,option_1,,ji,ij,False,YES,YES,NO,configs/gemm/gemm_1731.json,reports/gemm/gemm_1731/csynth.xml,,,NO,
gemm_1732,128,64,64,8,1,1,option_1,,ji,ji,False,YES,YES,YES,configs/gemm/gemm_1732.json,reports/gemm/gemm_1732/csynth.xml,reports/gemm/gemm_1732/export_impl.xml,reports/gemm/gemm_1732/power_routed.rpt,NO,
gemm_1733,128,64,64,8,1,1,option_1,,ij,ij,True,YES,YES,YES,configs/gemm/gemm_1733.json,reports/gemm/gemm_1733/csynth.xml,reports/gemm/gemm_1733/export_impl.xml,reports/gemm/gemm_1733/power_routed.rpt,NO,
gemm_1734,128,64,64,8,1,1,option_1,,ij,ji,True,YES,YES,YES,configs/gemm/gemm_1734.json,reports/gemm/gemm_1734/csynth.xml,reports/gemm/gemm_1734/export_impl.xml,reports/gemm/gemm_1734/power_routed.rpt,NO,
gemm_1735,128,64,64,8,1,1,option_1,,ji,ij,True,YES,YES,NO,configs/gemm/gemm_1735.json,reports/gemm/gemm_1735/csynth.xml,,,NO,
gemm_1736,128,64,64,8,1,1,option_1,,ji,ji,True,YES,YES,NO,configs/gemm/gemm_1736.json,reports/gemm/gemm_1736/csynth.xml,,,NO,
gemm_1737,128,64,64,8,1,1,option_2,ijk,ij,,False,YES,YES,NO,configs/gemm/gemm_1737.json,reports/gemm/gemm_1737/csynth.xml,,,NO,
gemm_1738,128,64,64,8,1,1,option_2,ikj,ij,,False,YES,YES,NO,configs/gemm/gemm_1738.json,reports/gemm/gemm_1738/csynth.xml,,,NO,
gemm_1739,128,64,64,8,1,1,option_2,jik,ji,,False,YES,YES,YES,configs/gemm/gemm_1739.json,reports/gemm/gemm_1739/csynth.xml,reports/gemm/gemm_1739/export_impl.xml,reports/gemm/gemm_1739/power_routed.rpt,NO,
gemm_1740,128,64,64,8,1,1,option_2,jki,ji,,False,YES,YES,NO,configs/gemm/gemm_1740.json,reports/gemm/gemm_1740/csynth.xml,,,NO,
gemm_1741,128,64,64,8,1,1,option_2,kij,ij,,False,YES,YES,NO,configs/gemm/gemm_1741.json,reports/gemm/gemm_1741/csynth.xml,,,NO,
gemm_1742,128,64,64,8,1,1,option_2,kji,ji,,False,YES,YES,NO,configs/gemm/gemm_1742.json,reports/gemm/gemm_1742/csynth.xml,,,NO,
gemm_1743,128,64,64,8,1,1,option_2,ijk,ij,,True,YES,YES,NO,configs/gemm/gemm_1743.json,reports/gemm/gemm_1743/csynth.xml,,,NO,
gemm_1744,128,64,64,8,1,1,option_2,ikj,ij,,True,YES,YES,NO,configs/gemm/gemm_1744.json,reports/gemm/gemm_1744/csynth.xml,,,NO,
gemm_1745,128,64,64,8,1,1,option_2,jik,ji,,True,YES,YES,NO,configs/gemm/gemm_1745.json,reports/gemm/gemm_1745/csynth.xml,,,NO,
gemm_1746,128,64,64,8,1,1,option_2,jki,ji,,True,YES,YES,NO,configs/gemm/gemm_1746.json,reports/gemm/gemm_1746/csynth.xml,,,NO,
gemm_1747,128,64,64,8,1,1,option_2,kij,ij,,True,YES,YES,NO,configs/gemm/gemm_1747.json,reports/gemm/gemm_1747/csynth.xml,,,NO,
gemm_1748,128,64,64,8,1,1,option_2,kji,ji,,True,YES,YES,NO,configs/gemm/gemm_1748.json,reports/gemm/gemm_1748/csynth.xml,,,NO,
gemm_1749,128,64,64,8,1,1,option_3,ijk,ij,,False,YES,YES,NO,configs/gemm/gemm_1749.json,reports/gemm/gemm_1749/csynth.xml,,,NO,
gemm_1750,128,64,64,8,1,1,option_3,ikj,ij,,False,YES,YES,NO,configs/gemm/gemm_1750.json,reports/gemm/gemm_1750/csynth.xml,,,NO,
gemm_1751,128,64,64,8,1,1,option_3,jik,ji,,False,YES,YES,NO,configs/gemm/gemm_1751.json,reports/gemm/gemm_1751/csynth.xml,,,NO,
gemm_1752,128,64,64,8,1,1,option_3,jki,ji,,False,YES,YES,NO,configs/gemm/gemm_1752.json,reports/gemm/gemm_1752/csynth.xml,,,NO,
gemm_1753,128,64,64,8,1,1,option_3,kij,ij,,False,YES,YES,YES,configs/gemm/gemm_1753.json,reports/gemm/gemm_1753/csynth.xml,reports/gemm/gemm_1753/export_impl.xml,reports/gemm/gemm_1753/power_routed.rpt,NO,
gemm_1754,128,64,64,8,1,1,option_3,kji,ji,,False,YES,YES,NO,configs/gemm/gemm_1754.json,reports/gemm/gemm_1754/csynth.xml,,,NO,
gemm_1755,128,64,64,8,1,1,option_3,ijk,ij,,True,YES,YES,YES,configs/gemm/gemm_1755.json,reports/gemm/gemm_1755/csynth.xml,reports/gemm/gemm_1755/export_impl.xml,reports/gemm/gemm_1755/power_routed.rpt,NO,
gemm_1756,128,64,64,8,1,1,option_3,ikj,ij,,True,YES,YES,NO,configs/gemm/gemm_1756.json,reports/gemm/gemm_1756/csynth.xml,,,NO,
gemm_1757,128,64,64,8,1,1,option_3,jik,ji,,True,YES,YES,NO,configs/gemm/gemm_1757.json,reports/gemm/gemm_1757/csynth.xml,,,NO,
gemm_1758,128,64,64,8,1,1,option_3,jki,ji,,True,YES,YES,NO,configs/gemm/gemm_1758.json,reports/gemm/gemm_1758/csynth.xml,,,NO,
gemm_1759,128,64,64,8,1,1,option_3,kij,ij,,True,YES,YES,NO,configs/gemm/gemm_1759.json,reports/gemm/gemm_1759/csynth.xml,,,NO,
gemm_1760,128,64,64,8,1,1,option_3,kji,ji,,True,YES,YES,NO,configs/gemm/gemm_1760.json,reports/gemm/gemm_1760/csynth.xml,,,NO,
gemm_1761,128,64,64,8,1,1,option_4,,ij,ij,False,YES,YES,YES,configs/gemm/gemm_1761.json,reports/gemm/gemm_1761/csynth.xml,reports/gemm/gemm_1761/export_impl.xml,reports/gemm/gemm_1761/power_routed.rpt,NO,
gemm_1762,128,64,64,8,1,1,option_4,,ij,ji,False,YES,YES,YES,configs/gemm/gemm_1762.json,reports/gemm/gemm_1762/csynth.xml,reports/gemm/gemm_1762/export_impl.xml,reports/gemm/gemm_1762/power_routed.rpt,NO,
gemm_1763,128,64,64,8,1,1,option_4,,ji,ij,False,YES,YES,YES,configs/gemm/gemm_1763.json,reports/gemm/gemm_1763/csynth.xml,reports/gemm/gemm_1763/export_impl.xml,reports/gemm/gemm_1763/power_routed.rpt,NO,
gemm_1764,128,64,64,8,1,1,option_4,,ji,ji,False,YES,YES,YES,configs/gemm/gemm_1764.json,reports/gemm/gemm_1764/csynth.xml,reports/gemm/gemm_1764/export_impl.xml,reports/gemm/gemm_1764/power_routed.rpt,NO,
gemm_1765,128,64,64,8,1,1,option_4,,ij,ij,True,YES,YES,NO,configs/gemm/gemm_1765.json,reports/gemm/gemm_1765/csynth.xml,,,NO,
gemm_1766,128,64,64,8,1,1,option_4,,ij,ji,True,YES,YES,NO,configs/gemm/gemm_1766.json,reports/gemm/gemm_1766/csynth.xml,,,NO,
gemm_1767,128,64,64,8,1,1,option_4,,ji,ij,True,YES,YES,YES,configs/gemm/gemm_1767.json,reports/gemm/gemm_1767/csynth.xml,reports/gemm/gemm_1767/export_impl.xml,reports/gemm/gemm_1767/power_routed.rpt,NO,
gemm_1768,128,64,64,8,1,1,option_4,,ji,ji,True,YES,YES,NO,configs/gemm/gemm_1768.json,reports/gemm/gemm_1768/csynth.xml,,,NO,
gemm_1769,128,64,64,8,1,1,option_5,,ij,ij,False,YES,YES,NO,configs/gemm/gemm_1769.json,reports/gemm/gemm_1769/csynth.xml,,,NO,
gemm_1770,128,64,64,8,1,1,option_5,,ij,ji,False,YES,YES,NO,configs/gemm/gemm_1770.json,reports/gemm/gemm_1770/csynth.xml,,,NO,
gemm_1771,128,64,64,8,1,1,option_5,,ji,ij,False,YES,YES,NO,configs/gemm/gemm_1771.json,reports/gemm/gemm_1771/csynth.xml,,,NO,
gemm_1772,128,64,64,8,1,1,option_5,,ji,ji,False,YES,YES,YES,configs/gemm/gemm_1772.json,reports/gemm/gemm_1772/csynth.xml,reports/gemm/gemm_1772/export_impl.xml,reports/gemm/gemm_1772/power_routed.rpt,NO,
gemm_1773,128,64,64,8,1,1,option_5,,ij,ij,True,YES,YES,NO,configs/gemm/gemm_1773.json,reports/gemm/gemm_1773/csynth.xml,,,NO,
gemm_1774,128,64,64,8,1,1,option_5,,ij,ji,True,YES,YES,NO,configs/gemm/gemm_1774.json,reports/gemm/gemm_1774/csynth.xml,,,NO,
gemm_1775,128,64,64,8,1,1,option_5,,ji,ij,True,YES,YES,NO,configs/gemm/gemm_1775.json,reports/gemm/gemm_1775/csynth.xml,,,NO,
gemm_1776,128,64,64,8,1,1,option_5,,ji,ji,True,YES,YES,NO,configs/gemm/gemm_1776.json,reports/gemm/gemm_1776/csynth.xml,,,NO,
gemm_1777,128,64,64,8,1,8,option_1,,ij,ij,False,YES,YES,NO,configs/gemm/gemm_1777.json,reports/gemm/gemm_1777/csynth.xml,,,NO,
gemm_1778,128,64,64,8,1,8,option_1,,ij,ji,False,YES,YES,NO,configs/gemm/gemm_1778.json,reports/gemm/gemm_1778/csynth.xml,,,NO,
gemm_1779,128,64,64,8,1,8,option_1,,ji,ij,False,YES,YES,YES,configs/gemm/gemm_1779.json,reports/gemm/gemm_1779/csynth.xml,reports/gemm/gemm_1779/export_impl.xml,reports/gemm/gemm_1779/power_routed.rpt,NO,
gemm_1780,128,64,64,8,1,8,option_1,,ji,ji,False,YES,YES,NO,configs/gemm/gemm_1780.json,reports/gemm/gemm_1780/csynth.xml,,,NO,
gemm_1781,128,64,64,8,1,8,option_1,,ij,ij,True,YES,YES,NO,configs/gemm/gemm_1781.json,reports/gemm/gemm_1781/csynth.xml,,,NO,
gemm_1782,128,64,64,8,1,8,option_1,,ij,ji,True,YES,YES,NO,configs/gemm/gemm_1782.json,reports/gemm/gemm_1782/csynth.xml,,,NO,
gemm_1783,128,64,64,8,1,8,option_1,,ji,ij,True,YES,YES,YES,configs/gemm/gemm_1783.json,reports/gemm/gemm_1783/csynth.xml,reports/gemm/gemm_1783/export_impl.xml,reports/gemm/gemm_1783/power_routed.rpt,NO,
gemm_1784,128,64,64,8,1,8,option_1,,ji,ji,True,YES,YES,YES,configs/gemm/gemm_1784.json,reports/gemm/gemm_1784/csynth.xml,reports/gemm/gemm_1784/export_impl.xml,reports/gemm/gemm_1784/power_routed.rpt,NO,
gemm_1785,128,64,64,8,1,8,option_2,ijk,ij,,False,YES,YES,NO,configs/gemm/gemm_1785.json,reports/gemm/gemm_1785/csynth.xml,,,NO,
gemm_1786,128,64,64,8,1,8,option_2,ikj,ij,,False,YES,YES,NO,configs/gemm/gemm_1786.json,reports/gemm/gemm_1786/csynth.xml,,,NO,
gemm_1787,128,64,64,8,1,8,option_2,jik,ji,,False,YES,YES,YES,configs/gemm/gemm_1787.json,reports/gemm/gemm_1787/csynth.xml,reports/gemm/gemm_1787/export_impl.xml,reports/gemm/gemm_1787/power_routed.rpt,NO,
gemm_1788,128,64,64,8,1,8,option_2,jki,ji,,False,YES,YES,NO,configs/gemm/gemm_1788.json,reports/gemm/gemm_1788/csynth.xml,,,NO,
gemm_1789,128,64,64,8,1,8,option_2,kij,ij,,False,YES,YES,YES,configs/gemm/gemm_1789.json,reports/gemm/gemm_1789/csynth.xml,reports/gemm/gemm_1789/export_impl.xml,reports/gemm/gemm_1789/power_routed.rpt,NO,
gemm_1790,128,64,64,8,1,8,option_2,kji,ji,,False,YES,YES,YES,configs/gemm/gemm_1790.json,reports/gemm/gemm_1790/csynth.xml,reports/gemm/gemm_1790/export_impl.xml,reports/gemm/gemm_1790/power_routed.rpt,NO,
gemm_1791,128,64,64,8,1,8,option_2,ijk,ij,,True,YES,YES,NO,configs/gemm/gemm_1791.json,reports/gemm/gemm_1791/csynth.xml,,,NO,
gemm_1792,128,64,64,8,1,8,option_2,ikj,ij,,True,YES,YES,NO,configs/gemm/gemm_1792.json,reports/gemm/gemm_1792/csynth.xml,,,NO,
gemm_1793,128,64,64,8,1,8,option_2,jik,ji,,True,YES,YES,NO,configs/gemm/gemm_1793.json,reports/gemm/gemm_1793/csynth.xml,,,NO,
gemm_1794,128,64,64,8,1,8,option_2,jki,ji,,True,YES,YES,NO,configs/gemm/gemm_1794.json,reports/gemm/gemm_1794/csynth.xml,,,NO,
gemm_1795,128,64,64,8,1,8,option_2,kij,ij,,True,YES,YES,NO,configs/gemm/gemm_1795.json,reports/gemm/gemm_1795/csynth.xml,,,NO,
gemm_1796,128,64,64,8,1,8,option_2,kji,ji,,True,YES,YES,NO,configs/gemm/gemm_1796.json,reports/gemm/gemm_1796/csynth.xml,,,NO,
gemm_1797,128,64,64,8,1,8,option_3,ijk,ij,,False,YES,YES,NO,configs/gemm/gemm_1797.json,reports/gemm/gemm_1797/csynth.xml,,,NO,
gemm_1798,128,64,64,8,1,8,option_3,ikj,ij,,False,YES,YES,NO,configs/gemm/gemm_1798.json,reports/gemm/gemm_1798/csynth.xml,,,NO,
gemm_1799,128,64,64,8,1,8,option_3,jik,ji,,False,YES,YES,NO,configs/gemm/gemm_1799.json,reports/gemm/gemm_1799/csynth.xml,,,NO,
gemm_1800,128,64,64,8,1,8,option_3,jki,ji,,False,YES,YES,NO,configs/gemm/gemm_1800.json,reports/gemm/gemm_1800/csynth.xml,,,NO,
gemm_1801,128,64,64,8,1,8,option_3,kij,ij,,False,YES,YES,NO,configs/gemm/gemm_1801.json,reports/gemm/gemm_1801/csynth.xml,,,NO,
gemm_1802,128,64,64,8,1,8,option_3,kji,ji,,False,YES,YES,NO,configs/gemm/gemm_1802.json,reports/gemm/gemm_1802/csynth.xml,,,NO,
gemm_1803,128,64,64,8,1,8,option_3,ijk,ij,,True,YES,YES,NO,configs/gemm/gemm_1803.json,reports/gemm/gemm_1803/csynth.xml,,,NO,
gemm_1804,128,64,64,8,1,8,option_3,ikj,ij,,True,YES,YES,YES,configs/gemm/gemm_1804.json,reports/gemm/gemm_1804/csynth.xml,reports/gemm/gemm_1804/export_impl.xml,reports/gemm/gemm_1804/power_routed.rpt,NO,
gemm_1805,128,64,64,8,1,8,option_3,jik,ji,,True,YES,YES,YES,configs/gemm/gemm_1805.json,reports/gemm/gemm_1805/csynth.xml,reports/gemm/gemm_1805/export_impl.xml,reports/gemm/gemm_1805/power_routed.rpt,NO,
gemm_1806,128,64,64,8,1,8,option_3,jki,ji,,True,YES,YES,YES,configs/gemm/gemm_1806.json,reports/gemm/gemm_1806/csynth.xml,reports/gemm/gemm_1806/export_impl.xml,reports/gemm/gemm_1806/power_routed.rpt,NO,
gemm_1807,128,64,64,8,1,8,option_3,kij,ij,,True,YES,YES,NO,configs/gemm/gemm_1807.json,reports/gemm/gemm_1807/csynth.xml,,,NO,
gemm_1808,128,64,64,8,1,8,option_3,kji,ji,,True,YES,YES,NO,configs/gemm/gemm_1808.json,reports/gemm/gemm_1808/csynth.xml,,,NO,
gemm_1809,128,64,64,8,1,8,option_4,,ij,ij,False,YES,YES,NO,configs/gemm/gemm_1809.json,reports/gemm/gemm_1809/csynth.xml,,,NO,
gemm_1810,128,64,64,8,1,8,option_4,,ij,ji,False,YES,YES,NO,configs/gemm/gemm_1810.json,reports/gemm/gemm_1810/csynth.xml,,,NO,
gemm_1811,128,64,64,8,1,8,option_4,,ji,ij,False,YES,YES,NO,configs/gemm/gemm_1811.json,reports/gemm/gemm_1811/csynth.xml,,,NO,
gemm_1812,128,64,64,8,1,8,option_4,,ji,ji,False,YES,YES,YES,configs/gemm/gemm_1812.json,reports/gemm/gemm_1812/csynth.xml,reports/gemm/gemm_1812/export_impl.xml,reports/gemm/gemm_1812/power_routed.rpt,NO,
gemm_1813,128,64,64,8,1,8,option_4,,ij,ij,True,YES,YES,NO,configs/gemm/gemm_1813.json,reports/gemm/gemm_1813/csynth.xml,,,NO,
gemm_1814,128,64,64,8,1,8,option_4,,ij,ji,True,YES,YES,NO,configs/gemm/gemm_1814.json,reports/gemm/gemm_1814/csynth.xml,,,NO,
gemm_1815,128,64,64,8,1,8,option_4,,ji,ij,True,YES,YES,NO,configs/gemm/gemm_1815.json,reports/gemm/gemm_1815/csynth.xml,,,NO,
gemm_1816,128,64,64,8,1,8,option_4,,ji,ji,True,YES,YES,NO,configs/gemm/gemm_1816.json,reports/gemm/gemm_1816/csynth.xml,,,NO,
gemm_1817,128,64,64,8,1,8,option_5,,ij,ij,False,YES,YES,NO,configs/gemm/gemm_1817.json,reports/gemm/gemm_1817/csynth.xml,,,NO,
gemm_1818,128,64,64,8,1,8,option_5,,ij,ji,False,YES,YES,NO,configs/gemm/gemm_1818.json,reports/gemm/gemm_1818/csynth.xml,,,NO,
gemm_1819,128,64,64,8,1,8,option_5,,ji,ij,False,YES,YES,NO,configs/gemm/gemm_1819.json,reports/gemm/gemm_1819/csynth.xml,,,NO,
gemm_1820,128,64,64,8,1,8,option_5,,ji,ji,False,YES,YES,NO,configs/gemm/gemm_1820.json,reports/gemm/gemm_1820/csynth.xml,,,NO,
gemm_1821,128,64,64,8,1,8,option_5,,ij,ij,True,YES,YES,NO,configs/gemm/gemm_1821.json,reports/gemm/gemm_1821/csynth.xml,,,NO,
gemm_1822,128,64,64,8,1,8,option_5,,ij,ji,True,YES,YES,YES,configs/gemm/gemm_1822.json,reports/gemm/gemm_1822/csynth.xml,reports/gemm/gemm_1822/export_impl.xml,reports/gemm/gemm_1822/power_routed.rpt,NO,
gemm_1823,128,64,64,8,1,8,option_5,,ji,ij,True,YES,YES,NO,configs/gemm/gemm_1823.json,reports/gemm/gemm_1823/csynth.xml,,,NO,
gemm_1824,128,64,64,8,1,8,option_5,,ji,ji,True,YES,YES,YES,configs/gemm/gemm_1824.json,reports/gemm/gemm_1824/csynth.xml,reports/gemm/gemm_1824/export_impl.xml,reports/gemm/gemm_1824/power_routed.rpt,NO,
gemm_1825,128,64,64,8,8,1,option_1,,ij,ij,False,YES,YES,NO,configs/gemm/gemm_1825.json,reports/gemm/gemm_1825/csynth.xml,,,NO,
gemm_1826,128,64,64,8,8,1,option_1,,ij,ji,False,YES,YES,NO,configs/gemm/gemm_1826.json,reports/gemm/gemm_1826/csynth.xml,,,NO,
gemm_1827,128,64,64,8,8,1,option_1,,ji,ij,False,YES,YES,YES,configs/gemm/gemm_1827.json,reports/gemm/gemm_1827/csynth.xml,reports/gemm/gemm_1827/export_impl.xml,reports/gemm/gemm_1827/power_routed.rpt,NO,
gemm_1828,128,64,64,8,8,1,option_1,,ji,ji,False,YES,YES,YES,configs/gemm/gemm_1828.json,reports/gemm/gemm_1828/csynth.xml,reports/gemm/gemm_1828/export_impl.xml,reports/gemm/gemm_1828/power_routed.rpt,NO,
gemm_1829,128,64,64,8,8,1,option_1,,ij,ij,True,YES,YES,NO,configs/gemm/gemm_1829.json,reports/gemm/gemm_1829/csynth.xml,,,NO,
gemm_1830,128,64,64,8,8,1,option_1,,ij,ji,True,YES,YES,NO,configs/gemm/gemm_1830.json,reports/gemm/gemm_1830/csynth.xml,,,NO,
gemm_1831,128,64,64,8,8,1,option_1,,ji,ij,True,YES,YES,NO,configs/gemm/gemm_1831.json,reports/gemm/gemm_1831/csynth.xml,,,NO,
gemm_1832,128,64,64,8,8,1,option_1,,ji,ji,True,YES,YES,NO,configs/gemm/gemm_1832.json,reports/gemm/gemm_1832/csynth.xml,,,NO,
gemm_1833,128,64,64,8,8,1,option_2,ijk,ij,,False,YES,YES,NO,configs/gemm/gemm_1833.json,reports/gemm/gemm_1833/csynth.xml,,,NO,
gemm_1834,128,64,64,8,8,1,option_2,ikj,ij,,False,YES,YES,YES,configs/gemm/gemm_1834.json,reports/gemm/gemm_1834/csynth.xml,reports/gemm/gemm_1834/export_impl.xml,reports/gemm/gemm_1834/power_routed.rpt,NO,
gemm_1835,128,64,64,8,8,1,option_2,jik,ji,,False,YES,YES,NO,configs/gemm/gemm_1835.json,reports/gemm/gemm_1835/csynth.xml,,,NO,
gemm_1836,128,64,64,8,8,1,option_2,jki,ji,,False,YES,YES,NO,configs/gemm/gemm_1836.json,reports/gemm/gemm_1836/csynth.xml,,,NO,
gemm_1837,128,64,64,8,8,1,option_2,kij,ij,,False,YES,YES,NO,configs/gemm/gemm_1837.json,reports/gemm/gemm_1837/csynth.xml,,,NO,
gemm_1838,128,64,64,8,8,1,option_2,kji,ji,,False,YES,YES,YES,configs/gemm/gemm_1838.json,reports/gemm/gemm_1838/csynth.xml,reports/gemm/gemm_1838/export_impl.xml,reports/gemm/gemm_1838/power_routed.rpt,NO,
gemm_1839,128,64,64,8,8,1,option_2,ijk,ij,,True,YES,YES,NO,configs/gemm/gemm_1839.json,reports/gemm/gemm_1839/csynth.xml,,,NO,
gemm_1840,128,64,64,8,8,1,option_2,ikj,ij,,True,YES,YES,NO,configs/gemm/gemm_1840.json,reports/gemm/gemm_1840/csynth.xml,,,NO,
gemm_1841,128,64,64,8,8,1,option_2,jik,ji,,True,YES,YES,YES,configs/gemm/gemm_1841.json,reports/gemm/gemm_1841/csynth.xml,reports/gemm/gemm_1841/export_impl.xml,reports/gemm/gemm_1841/power_routed.rpt,NO,
gemm_1842,128,64,64,8,8,1,option_2,jki,ji,,True,YES,YES,NO,configs/gemm/gemm_1842.json,reports/gemm/gemm_1842/csynth.xml,,,NO,
gemm_1843,128,64,64,8,8,1,option_2,kij,ij,,True,YES,YES,NO,configs/gemm/gemm_1843.json,reports/gemm/gemm_1843/csynth.xml,,,NO,
gemm_1844,128,64,64,8,8,1,option_2,kji,ji,,True,YES,YES,NO,configs/gemm/gemm_1844.json,reports/gemm/gemm_1844/csynth.xml,,,NO,
gemm_1845,128,64,64,8,8,1,option_3,ijk,ij,,False,YES,YES,YES,configs/gemm/gemm_1845.json,reports/gemm/gemm_1845/csynth.xml,reports/gemm/gemm_1845/export_impl.xml,reports/gemm/gemm_1845/power_routed.rpt,NO,
gemm_1846,128,64,64,8,8,1,option_3,ikj,ij,,False,YES,YES,YES,configs/gemm/gemm_1846.json,reports/gemm/gemm_1846/csynth.xml,reports/gemm/gemm_1846/export_impl.xml,reports/gemm/gemm_1846/power_routed.rpt,NO,
gemm_1847,128,64,64,8,8,1,option_3,jik,ji,,False,YES,YES,YES,configs/gemm/gemm_1847.json,reports/gemm/gemm_1847/csynth.xml,reports/gemm/gemm_1847/export_impl.xml,reports/gemm/gemm_1847/power_routed.rpt,NO,
gemm_1848,128,64,64,8,8,1,option_3,jki,ji,,False,YES,YES,NO,configs/gemm/gemm_1848.json,reports/gemm/gemm_1848/csynth.xml,,,NO,
gemm_1849,128,64,64,8,8,1,option_3,kij,ij,,False,YES,YES,NO,configs/gemm/gemm_1849.json,reports/gemm/gemm_1849/csynth.xml,,,NO,
gemm_1850,128,64,64,8,8,1,option_3,kji,ji,,False,YES,YES,NO,configs/gemm/gemm_1850.json,reports/gemm/gemm_1850/csynth.xml,,,NO,
gemm_1851,128,64,64,8,8,1,option_3,ijk,ij,,True,YES,YES,YES,configs/gemm/gemm_1851.json,reports/gemm/gemm_1851/csynth.xml,reports/gemm/gemm_1851/export_impl.xml,reports/gemm/gemm_1851/power_routed.rpt,NO,
gemm_1852,128,64,64,8,8,1,option_3,ikj,ij,,True,YES,YES,YES,configs/gemm/gemm_1852.json,reports/gemm/gemm_1852/csynth.xml,reports/gemm/gemm_1852/export_impl.xml,reports/gemm/gemm_1852/power_routed.rpt,NO,
gemm_1853,128,64,64,8,8,1,option_3,jik,ji,,True,YES,YES,NO,configs/gemm/gemm_1853.json,reports/gemm/gemm_1853/csynth.xml,,,NO,
gemm_1854,128,64,64,8,8,1,option_3,jki,ji,,True,YES,YES,NO,configs/gemm/gemm_1854.json,reports/gemm/gemm_1854/csynth.xml,,,NO,
gemm_1855,128,64,64,8,8,1,option_3,kij,ij,,True,YES,YES,NO,configs/gemm/gemm_1855.json,reports/gemm/gemm_1855/csynth.xml,,,NO,
gemm_1856,128,64,64,8,8,1,option_3,kji,ji,,True,YES,YES,YES,configs/gemm/gemm_1856.json,reports/gemm/gemm_1856/csynth.xml,reports/gemm/gemm_1856/export_impl.xml,reports/gemm/gemm_1856/power_routed.rpt,NO,
gemm_1857,128,64,64,8,8,1,option_4,,ij,ij,False,YES,YES,YES,configs/gemm/gemm_1857.json,reports/gemm/gemm_1857/csynth.xml,reports/gemm/gemm_1857/export_impl.xml,reports/gemm/gemm_1857/power_routed.rpt,NO,
gemm_1858,128,64,64,8,8,1,option_4,,ij,ji,False,YES,YES,YES,configs/gemm/gemm_1858.json,reports/gemm/gemm_1858/csynth.xml,reports/gemm/gemm_1858/export_impl.xml,reports/gemm/gemm_1858/power_routed.rpt,NO,
gemm_1859,128,64,64,8,8,1,option_4,,ji,ij,False,YES,YES,YES,configs/gemm/gemm_1859.json,reports/gemm/gemm_1859/csynth.xml,reports/gemm/gemm_1859/export_impl.xml,reports/gemm/gemm_1859/power_routed.rpt,NO,
gemm_1860,128,64,64,8,8,1,option_4,,ji,ji,False,YES,YES,NO,configs/gemm/gemm_1860.json,reports/gemm/gemm_1860/csynth.xml,,,NO,
gemm_1861,128,64,64,8,8,1,option_4,,ij,ij,True,YES,YES,NO,configs/gemm/gemm_1861.json,reports/gemm/gemm_1861/csynth.xml,,,NO,
gemm_1862,128,64,64,8,8,1,option_4,,ij,ji,True,YES,YES,NO,configs/gemm/gemm_1862.json,reports/gemm/gemm_1862/csynth.xml,,,NO,
gemm_1863,128,64,64,8,8,1,option_4,,ji,ij,True,YES,YES,NO,configs/gemm/gemm_1863.json,reports/gemm/gemm_1863/csynth.xml,,,NO,
gemm_1864,128,64,64,8,8,1,option_4,,ji,ji,True,YES,YES,NO,configs/gemm/gemm_1864.json,reports/gemm/gemm_1864/csynth.xml,,,NO,
gemm_1865,128,64,64,8,8,1,option_5,,ij,ij,False,YES,YES,NO,configs/gemm/gemm_1865.json,reports/gemm/gemm_1865/csynth.xml,,,NO,
gemm_1866,128,64,64,8,8,1,option_5,,ij,ji,False,YES,YES,NO,configs/gemm/gemm_1866.json,reports/gemm/gemm_1866/csynth.xml,,,NO,
gemm_1867,128,64,64,8,8,1,option_5,,ji,ij,False,YES,YES,NO,configs/gemm/gemm_1867.json,reports/gemm/gemm_1867/csynth.xml,,,NO,
gemm_1868,128,64,64,8,8,1,option_5,,ji,ji,False,YES,YES,NO,configs/gemm/gemm_1868.json,reports/gemm/gemm_1868/csynth.xml,,,NO,
gemm_1869,128,64,64,8,8,1,option_5,,ij,ij,True,YES,YES,NO,configs/gemm/gemm_1869.json,reports/gemm/gemm_1869/csynth.xml,,,NO,
gemm_1870,128,64,64,8,8,1,option_5,,ij,ji,True,YES,YES,NO,configs/gemm/gemm_1870.json,reports/gemm/gemm_1870/csynth.xml,,,NO,
gemm_1871,128,64,64,8,8,1,option_5,,ji,ij,True,YES,YES,NO,configs/gemm/gemm_1871.json,reports/gemm/gemm_1871/csynth.xml,,,NO,
gemm_1872,128,64,64,8,8,1,option_5,,ji,ji,True,YES,YES,YES,configs/gemm/gemm_1872.json,reports/gemm/gemm_1872/csynth.xml,reports/gemm/gemm_1872/export_impl.xml,reports/gemm/gemm_1872/power_routed.rpt,NO,
gemm_1873,128,64,64,8,8,8,option_1,,ij,ij,False,YES,YES,NO,configs/gemm/gemm_1873.json,reports/gemm/gemm_1873/csynth.xml,,,NO,
gemm_1874,128,64,64,8,8,8,option_1,,ij,ji,False,YES,YES,NO,configs/gemm/gemm_1874.json,reports/gemm/gemm_1874/csynth.xml,,,NO,
gemm_1875,128,64,64,8,8,8,option_1,,ji,ij,False,YES,YES,NO,configs/gemm/gemm_1875.json,reports/gemm/gemm_1875/csynth.xml,,,NO,
gemm_1876,128,64,64,8,8,8,option_1,,ji,ji,False,YES,YES,YES,configs/gemm/gemm_1876.json,reports/gemm/gemm_1876/csynth.xml,reports/gemm/gemm_1876/export_impl.xml,reports/gemm/gemm_1876/power_routed.rpt,NO,
gemm_1877,128,64,64,8,8,8,option_1,,ij,ij,True,YES,YES,NO,configs/gemm/gemm_1877.json,reports/gemm/gemm_1877/csynth.xml,,,NO,
gemm_1878,128,64,64,8,8,8,option_1,,ij,ji,True,YES,YES,NO,configs/gemm/gemm_1878.json,reports/gemm/gemm_1878/csynth.xml,,,NO,
gemm_1879,128,64,64,8,8,8,option_1,,ji,ij,True,YES,YES,YES,configs/gemm/gemm_1879.json,reports/gemm/gemm_1879/csynth.xml,reports/gemm/gemm_1879/export_impl.xml,reports/gemm/gemm_1879/power_routed.rpt,NO,
gemm_1880,128,64,64,8,8,8,option_1,,ji,ji,True,YES,YES,NO,configs/gemm/gemm_1880.json,reports/gemm/gemm_1880/csynth.xml,,,NO,
gemm_1881,128,64,64,8,8,8,option_2,ijk,ij,,False,YES,YES,NO,configs/gemm/gemm_1881.json,reports/gemm/gemm_1881/csynth.xml,,,NO,
gemm_1882,128,64,64,8,8,8,option_2,ikj,ij,,False,YES,YES,NO,configs/gemm/gemm_1882.json,reports/gemm/gemm_1882/csynth.xml,,,NO,
gemm_1883,128,64,64,8,8,8,option_2,jik,ji,,False,YES,YES,NO,configs/gemm/gemm_1883.json,reports/gemm/gemm_1883/csynth.xml,,,NO,
gemm_1884,128,64,64,8,8,8,option_2,jki,ji,,False,YES,YES,NO,configs/gemm/gemm_1884.json,reports/gemm/gemm_1884/csynth.xml,,,NO,
gemm_1885,128,64,64,8,8,8,option_2,kij,ij,,False,YES,YES,NO,configs/gemm/gemm_1885.json,reports/gemm/gemm_1885/csynth.xml,,,NO,
gemm_1886,128,64,64,8,8,8,option_2,kji,ji,,False,YES,YES,NO,configs/gemm/gemm_1886.json,reports/gemm/gemm_1886/csynth.xml,,,NO,
gemm_1887,128,64,64,8,8,8,option_2,ijk,ij,,True,YES,YES,NO,configs/gemm/gemm_1887.json,reports/gemm/gemm_1887/csynth.xml,,,NO,
gemm_1888,128,64,64,8,8,8,option_2,ikj,ij,,True,YES,YES,NO,configs/gemm/gemm_1888.json,reports/gemm/gemm_1888/csynth.xml,,,NO,
gemm_1889,128,64,64,8,8,8,option_2,jik,ji,,True,YES,YES,NO,configs/gemm/gemm_1889.json,reports/gemm/gemm_1889/csynth.xml,,,NO,
gemm_1890,128,64,64,8,8,8,option_2,jki,ji,,True,YES,YES,YES,configs/gemm/gemm_1890.json,reports/gemm/gemm_1890/csynth.xml,reports/gemm/gemm_1890/export_impl.xml,reports/gemm/gemm_1890/power_routed.rpt,NO,
gemm_1891,128,64,64,8,8,8,option_2,kij,ij,,True,YES,YES,NO,configs/gemm/gemm_1891.json,reports/gemm/gemm_1891/csynth.xml,,,NO,
gemm_1892,128,64,64,8,8,8,option_2,kji,ji,,True,YES,YES,NO,configs/gemm/gemm_1892.json,reports/gemm/gemm_1892/csynth.xml,,,NO,
gemm_1893,128,64,64,8,8,8,option_3,ijk,ij,,False,YES,YES,NO,configs/gemm/gemm_1893.json,reports/gemm/gemm_1893/csynth.xml,,,NO,
gemm_1894,128,64,64,8,8,8,option_3,ikj,ij,,False,YES,YES,NO,configs/gemm/gemm_1894.json,reports/gemm/gemm_1894/csynth.xml,,,NO,
gemm_1895,128,64,64,8,8,8,option_3,jik,ji,,False,YES,YES,NO,configs/gemm/gemm_1895.json,reports/gemm/gemm_1895/csynth.xml,,,NO,
gemm_1896,128,64,64,8,8,8,option_3,jki,ji,,False,YES,YES,YES,configs/gemm/gemm_1896.json,reports/gemm/gemm_1896/csynth.xml,reports/gemm/gemm_1896/export_impl.xml,reports/gemm/gemm_1896/power_routed.rpt,NO,
gemm_1897,128,64,64,8,8,8,option_3,kij,ij,,False,YES,YES,NO,configs/gemm/gemm_1897.json,reports/gemm/gemm_1897/csynth.xml,,,NO,
gemm_1898,128,64,64,8,8,8,option_3,kji,ji,,False,YES,YES,NO,configs/gemm/gemm_1898.json,reports/gemm/gemm_1898/csynth.xml,,,NO,
gemm_1899,128,64,64,8,8,8,option_3,ijk,ij,,True,YES,YES,NO,configs/gemm/gemm_1899.json,reports/gemm/gemm_1899/csynth.xml,,,NO,
gemm_1900,128,64,64,8,8,8,option_3,ikj,ij,,True,YES,YES,NO,configs/gemm/gemm_1900.json,reports/gemm/gemm_1900/csynth.xml,,,NO,
gemm_1901,128,64,64,8,8,8,option_3,jik,ji,,True,YES,YES,NO,configs/gemm/gemm_1901.json,reports/gemm/gemm_1901/csynth.xml,,,NO,
gemm_1902,128,64,64,8,8,8,option_3,jki,ji,,True,YES,YES,NO,configs/gemm/gemm_1902.json,reports/gemm/gemm_1902/csynth.xml,,,NO,
gemm_1903,128,64,64,8,8,8,option_3,kij,ij,,True,YES,YES,YES,configs/gemm/gemm_1903.json,reports/gemm/gemm_1903/csynth.xml,reports/gemm/gemm_1903/export_impl.xml,reports/gemm/gemm_1903/power_routed.rpt,NO,
gemm_1904,128,64,64,8,8,8,option_3,kji,ji,,True,YES,YES,NO,configs/gemm/gemm_1904.json,reports/gemm/gemm_1904/csynth.xml,,,NO,
gemm_1905,128,64,64,8,8,8,option_4,,ij,ij,False,YES,YES,NO,configs/gemm/gemm_1905.json,reports/gemm/gemm_1905/csynth.xml,,,NO,
gemm_1906,128,64,64,8,8,8,option_4,,ij,ji,False,YES,YES,YES,configs/gemm/gemm_1906.json,reports/gemm/gemm_1906/csynth.xml,reports/gemm/gemm_1906/export_impl.xml,reports/gemm/gemm_1906/power_routed.rpt,NO,
gemm_1907,128,64,64,8,8,8,option_4,,ji,ij,False,YES,YES,NO,configs/gemm/gemm_1907.json,reports/gemm/gemm_1907/csynth.xml,,,NO,
gemm_1908,128,64,64,8,8,8,option_4,,ji,ji,False,YES,YES,NO,configs/gemm/gemm_1908.json,reports/gemm/gemm_1908/csynth.xml,,,NO,
gemm_1909,128,64,64,8,8,8,option_4,,ij,ij,True,YES,YES,NO,configs/gemm/gemm_1909.json,reports/gemm/gemm_1909/csynth.xml,,,NO,
gemm_1910,128,64,64,8,8,8,option_4,,ij,ji,True,YES,YES,NO,configs/gemm/gemm_1910.json,reports/gemm/gemm_1910/csynth.xml,,,NO,
gemm_1911,128,64,64,8,8,8,option_4,,ji,ij,True,YES,YES,NO,configs/gemm/gemm_1911.json,reports/gemm/gemm_1911/csynth.xml,,,NO,
gemm_1912,128,64,64,8,8,8,option_4,,ji,ji,True,YES,YES,NO,configs/gemm/gemm_1912.json,reports/gemm/gemm_1912/csynth.xml,,,NO,
gemm_1913,128,64,64,8,8,8,option_5,,ij,ij,False,YES,YES,YES,configs/gemm/gemm_1913.json,reports/gemm/gemm_1913/csynth.xml,reports/gemm/gemm_1913/export_impl.xml,reports/gemm/gemm_1913/power_routed.rpt,NO,
gemm_1914,128,64,64,8,8,8,option_5,,ij,ji,False,YES,YES,NO,configs/gemm/gemm_1914.json,reports/gemm/gemm_1914/csynth.xml,,,NO,
gemm_1915,128,64,64,8,8,8,option_5,,ji,ij,False,YES,YES,YES,configs/gemm/gemm_1915.json,reports/gemm/gemm_1915/csynth.xml,reports/gemm/gemm_1915/export_impl.xml,reports/gemm/gemm_1915/power_routed.rpt,NO,
gemm_1916,128,64,64,8,8,8,option_5,,ji,ji,False,YES,YES,NO,configs/gemm/gemm_1916.json,reports/gemm/gemm_1916/csynth.xml,,,NO,
gemm_1917,128,64,64,8,8,8,option_5,,ij,ij,True,YES,YES,NO,configs/gemm/gemm_1917.json,reports/gemm/gemm_1917/csynth.xml,,,NO,
gemm_1918,128,64,64,8,8,8,option_5,,ij,ji,True,YES,YES,NO,configs/gemm/gemm_1918.json,reports/gemm/gemm_1918/csynth.xml,,,NO,
gemm_1919,128,64,64,8,8,8,option_5,,ji,ij,True,YES,YES,NO,configs/gemm/gemm_1919.json,reports/gemm/gemm_1919/csynth.xml,,,NO,
gemm_1920,128,64,64,8,8,8,option_5,,ji,ji,True,YES,YES,NO,configs/gemm/gemm_1920.json,reports/gemm/gemm_1920/csynth.xml,,,NO,
gemm_1921,128,64,128,1,1,1,option_1,,ij,ij,False,YES,YES,YES,configs/gemm/gemm_1921.json,reports/gemm/gemm_1921/csynth.xml,reports/gemm/gemm_1921/export_impl.xml,reports/gemm/gemm_1921/power_routed.rpt,NO,
gemm_1922,128,64,128,1,1,1,option_1,,ij,ji,False,YES,YES,YES,configs/gemm/gemm_1922.json,reports/gemm/gemm_1922/csynth.xml,reports/gemm/gemm_1922/export_impl.xml,reports/gemm/gemm_1922/power_routed.rpt,NO,
gemm_1923,128,64,128,1,1,1,option_1,,ji,ij,False,YES,YES,YES,configs/gemm/gemm_1923.json,reports/gemm/gemm_1923/csynth.xml,reports/gemm/gemm_1923/export_impl.xml,reports/gemm/gemm_1923/power_routed.rpt,NO,
gemm_1924,128,64,128,1,1,1,option_1,,ji,ji,False,YES,YES,YES,configs/gemm/gemm_1924.json,reports/gemm/gemm_1924/csynth.xml,reports/gemm/gemm_1924/export_impl.xml,reports/gemm/gemm_1924/power_routed.rpt,NO,
gemm_1925,128,64,128,1,1,1,option_1,,ij,ij,True,YES,YES,YES,configs/gemm/gemm_1925.json,reports/gemm/gemm_1925/csynth.xml,reports/gemm/gemm_1925/export_impl.xml,reports/gemm/gemm_1925/power_routed.rpt,NO,
gemm_1926,128,64,128,1,1,1,option_1,,ij,ji,True,YES,YES,YES,configs/gemm/gemm_1926.json,reports/gemm/gemm_1926/csynth.xml,reports/gemm/gemm_1926/export_impl.xml,reports/gemm/gemm_1926/power_routed.rpt,NO,
gemm_1927,128,64,128,1,1,1,option_1,,ji,ij,True,YES,YES,YES,configs/gemm/gemm_1927.json,reports/gemm/gemm_1927/csynth.xml,reports/gemm/gemm_1927/export_impl.xml,reports/gemm/gemm_1927/power_routed.rpt,NO,
gemm_1928,128,64,128,1,1,1,option_1,,ji,ji,True,YES,YES,YES,configs/gemm/gemm_1928.json,reports/gemm/gemm_1928/csynth.xml,reports/gemm/gemm_1928/export_impl.xml,reports/gemm/gemm_1928/power_routed.rpt,NO,
gemm_1929,128,64,128,1,1,1,option_2,ijk,ij,,False,YES,YES,YES,configs/gemm/gemm_1929.json,reports/gemm/gemm_1929/csynth.xml,reports/gemm/gemm_1929/export_impl.xml,reports/gemm/gemm_1929/power_routed.rpt,NO,
gemm_1930,128,64,128,1,1,1,option_2,ikj,ij,,False,YES,YES,YES,configs/gemm/gemm_1930.json,reports/gemm/gemm_1930/csynth.xml,reports/gemm/gemm_1930/export_impl.xml,reports/gemm/gemm_1930/power_routed.rpt,NO,
gemm_1931,128,64,128,1,1,1,option_2,jik,ji,,False,YES,YES,YES,configs/gemm/gemm_1931.json,reports/gemm/gemm_1931/csynth.xml,reports/gemm/gemm_1931/export_impl.xml,reports/gemm/gemm_1931/power_routed.rpt,NO,
gemm_1932,128,64,128,1,1,1,option_2,jki,ji,,False,YES,YES,YES,configs/gemm/gemm_1932.json,reports/gemm/gemm_1932/csynth.xml,reports/gemm/gemm_1932/export_impl.xml,reports/gemm/gemm_1932/power_routed.rpt,NO,
gemm_1933,128,64,128,1,1,1,option_2,kij,ij,,False,YES,YES,YES,configs/gemm/gemm_1933.json,reports/gemm/gemm_1933/csynth.xml,reports/gemm/gemm_1933/export_impl.xml,reports/gemm/gemm_1933/power_routed.rpt,NO,
gemm_1934,128,64,128,1,1,1,option_2,kji,ji,,False,YES,YES,YES,configs/gemm/gemm_1934.json,reports/gemm/gemm_1934/csynth.xml,reports/gemm/gemm_1934/export_impl.xml,reports/gemm/gemm_1934/power_routed.rpt,NO,
gemm_1935,128,64,128,1,1,1,option_2,ijk,ij,,True,YES,YES,YES,configs/gemm/gemm_1935.json,reports/gemm/gemm_1935/csynth.xml,reports/gemm/gemm_1935/export_impl.xml,reports/gemm/gemm_1935/power_routed.rpt,NO,
gemm_1936,128,64,128,1,1,1,option_2,ikj,ij,,True,YES,YES,YES,configs/gemm/gemm_1936.json,reports/gemm/gemm_1936/csynth.xml,reports/gemm/gemm_1936/export_impl.xml,reports/gemm/gemm_1936/power_routed.rpt,NO,
gemm_1937,128,64,128,1,1,1,option_2,jik,ji,,True,YES,YES,YES,configs/gemm/gemm_1937.json,reports/gemm/gemm_1937/csynth.xml,reports/gemm/gemm_1937/export_impl.xml,reports/gemm/gemm_1937/power_routed.rpt,NO,
gemm_1938,128,64,128,1,1,1,option_2,jki,ji,,True,YES,YES,YES,configs/gemm/gemm_1938.json,reports/gemm/gemm_1938/csynth.xml,reports/gemm/gemm_1938/export_impl.xml,reports/gemm/gemm_1938/power_routed.rpt,NO,
gemm_1939,128,64,128,1,1,1,option_2,kij,ij,,True,YES,YES,YES,configs/gemm/gemm_1939.json,reports/gemm/gemm_1939/csynth.xml,reports/gemm/gemm_1939/export_impl.xml,reports/gemm/gemm_1939/power_routed.rpt,NO,
gemm_1940,128,64,128,1,1,1,option_2,kji,ji,,True,YES,YES,YES,configs/gemm/gemm_1940.json,reports/gemm/gemm_1940/csynth.xml,reports/gemm/gemm_1940/export_impl.xml,reports/gemm/gemm_1940/power_routed.rpt,NO,
gemm_1941,128,64,128,1,1,1,option_3,ijk,ij,,False,YES,YES,YES,configs/gemm/gemm_1941.json,reports/gemm/gemm_1941/csynth.xml,reports/gemm/gemm_1941/export_impl.xml,reports/gemm/gemm_1941/power_routed.rpt,NO,
gemm_1942,128,64,128,1,1,1,option_3,ikj,ij,,False,YES,YES,YES,configs/gemm/gemm_1942.json,reports/gemm/gemm_1942/csynth.xml,reports/gemm/gemm_1942/export_impl.xml,reports/gemm/gemm_1942/power_routed.rpt,NO,
gemm_1943,128,64,128,1,1,1,option_3,jik,ji,,False,YES,YES,YES,configs/gemm/gemm_1943.json,reports/gemm/gemm_1943/csynth.xml,reports/gemm/gemm_1943/export_impl.xml,reports/gemm/gemm_1943/power_routed.rpt,NO,
gemm_1944,128,64,128,1,1,1,option_3,jki,ji,,False,YES,YES,YES,configs/gemm/gemm_1944.json,reports/gemm/gemm_1944/csynth.xml,reports/gemm/gemm_1944/export_impl.xml,reports/gemm/gemm_1944/power_routed.rpt,NO,
gemm_1945,128,64,128,1,1,1,option_3,kij,ij,,False,YES,YES,YES,configs/gemm/gemm_1945.json,reports/gemm/gemm_1945/csynth.xml,reports/gemm/gemm_1945/export_impl.xml,reports/gemm/gemm_1945/power_routed.rpt,NO,
gemm_1946,128,64,128,1,1,1,option_3,kji,ji,,False,YES,YES,YES,configs/gemm/gemm_1946.json,reports/gemm/gemm_1946/csynth.xml,reports/gemm/gemm_1946/export_impl.xml,reports/gemm/gemm_1946/power_routed.rpt,NO,
gemm_1947,128,64,128,1,1,1,option_3,ijk,ij,,True,YES,YES,YES,configs/gemm/gemm_1947.json,reports/gemm/gemm_1947/csynth.xml,reports/gemm/gemm_1947/export_impl.xml,reports/gemm/gemm_1947/power_routed.rpt,NO,
gemm_1948,128,64,128,1,1,1,option_3,ikj,ij,,True,YES,YES,YES,configs/gemm/gemm_1948.json,reports/gemm/gemm_1948/csynth.xml,reports/gemm/gemm_1948/export_impl.xml,reports/gemm/gemm_1948/power_routed.rpt,NO,
gemm_1949,128,64,128,1,1,1,option_3,jik,ji,,True,YES,YES,YES,configs/gemm/gemm_1949.json,reports/gemm/gemm_1949/csynth.xml,reports/gemm/gemm_1949/export_impl.xml,reports/gemm/gemm_1949/power_routed.rpt,NO,
gemm_1950,128,64,128,1,1,1,option_3,jki,ji,,True,YES,YES,YES,configs/gemm/gemm_1950.json,reports/gemm/gemm_1950/csynth.xml,reports/gemm/gemm_1950/export_impl.xml,reports/gemm/gemm_1950/power_routed.rpt,NO,
gemm_1951,128,64,128,1,1,1,option_3,kij,ij,,True,YES,YES,YES,configs/gemm/gemm_1951.json,reports/gemm/gemm_1951/csynth.xml,reports/gemm/gemm_1951/export_impl.xml,reports/gemm/gemm_1951/power_routed.rpt,NO,
gemm_1952,128,64,128,1,1,1,option_3,kji,ji,,True,YES,YES,YES,configs/gemm/gemm_1952.json,reports/gemm/gemm_1952/csynth.xml,reports/gemm/gemm_1952/export_impl.xml,reports/gemm/gemm_1952/power_routed.rpt,NO,
gemm_1953,128,64,128,1,1,1,option_4,,ij,ij,False,YES,YES,YES,configs/gemm/gemm_1953.json,reports/gemm/gemm_1953/csynth.xml,reports/gemm/gemm_1953/export_impl.xml,reports/gemm/gemm_1953/power_routed.rpt,NO,
gemm_1954,128,64,128,1,1,1,option_4,,ij,ji,False,YES,YES,YES,configs/gemm/gemm_1954.json,reports/gemm/gemm_1954/csynth.xml,reports/gemm/gemm_1954/export_impl.xml,reports/gemm/gemm_1954/power_routed.rpt,NO,
gemm_1955,128,64,128,1,1,1,option_4,,ji,ij,False,YES,YES,YES,configs/gemm/gemm_1955.json,reports/gemm/gemm_1955/csynth.xml,reports/gemm/gemm_1955/export_impl.xml,reports/gemm/gemm_1955/power_routed.rpt,NO,
gemm_1956,128,64,128,1,1,1,option_4,,ji,ji,False,YES,YES,YES,configs/gemm/gemm_1956.json,reports/gemm/gemm_1956/csynth.xml,reports/gemm/gemm_1956/export_impl.xml,reports/gemm/gemm_1956/power_routed.rpt,NO,
gemm_1957,128,64,128,1,1,1,option_4,,ij,ij,True,YES,YES,YES,configs/gemm/gemm_1957.json,reports/gemm/gemm_1957/csynth.xml,reports/gemm/gemm_1957/export_impl.xml,reports/gemm/gemm_1957/power_routed.rpt,NO,
gemm_1958,128,64,128,1,1,1,option_4,,ij,ji,True,YES,YES,YES,configs/gemm/gemm_1958.json,reports/gemm/gemm_1958/csynth.xml,reports/gemm/gemm_1958/export_impl.xml,reports/gemm/gemm_1958/power_routed.rpt,NO,
gemm_1959,128,64,128,1,1,1,option_4,,ji,ij,True,YES,YES,YES,configs/gemm/gemm_1959.json,reports/gemm/gemm_1959/csynth.xml,reports/gemm/gemm_1959/export_impl.xml,reports/gemm/gemm_1959/power_routed.rpt,NO,
gemm_1960,128,64,128,1,1,1,option_4,,ji,ji,True,YES,YES,YES,configs/gemm/gemm_1960.json,reports/gemm/gemm_1960/csynth.xml,reports/gemm/gemm_1960/export_impl.xml,reports/gemm/gemm_1960/power_routed.rpt,NO,
gemm_1961,128,64,128,1,1,1,option_5,,ij,ij,False,YES,YES,YES,configs/gemm/gemm_1961.json,reports/gemm/gemm_1961/csynth.xml,reports/gemm/gemm_1961/export_impl.xml,reports/gemm/gemm_1961/power_routed.rpt,NO,
gemm_1962,128,64,128,1,1,1,option_5,,ij,ji,False,YES,YES,YES,configs/gemm/gemm_1962.json,reports/gemm/gemm_1962/csynth.xml,reports/gemm/gemm_1962/export_impl.xml,reports/gemm/gemm_1962/power_routed.rpt,NO,
gemm_1963,128,64,128,1,1,1,option_5,,ji,ij,False,YES,YES,YES,configs/gemm/gemm_1963.json,reports/gemm/gemm_1963/csynth.xml,reports/gemm/gemm_1963/export_impl.xml,reports/gemm/gemm_1963/power_routed.rpt,NO,
gemm_1964,128,64,128,1,1,1,option_5,,ji,ji,False,YES,YES,YES,configs/gemm/gemm_1964.json,reports/gemm/gemm_1964/csynth.xml,reports/gemm/gemm_1964/export_impl.xml,reports/gemm/gemm_1964/power_routed.rpt,NO,
gemm_1965,128,64,128,1,1,1,option_5,,ij,ij,True,YES,YES,YES,configs/gemm/gemm_1965.json,reports/gemm/gemm_1965/csynth.xml,reports/gemm/gemm_1965/export_impl.xml,reports/gemm/gemm_1965/power_routed.rpt,NO,
gemm_1966,128,64,128,1,1,1,option_5,,ij,ji,True,YES,YES,YES,configs/gemm/gemm_1966.json,reports/gemm/gemm_1966/csynth.xml,reports/gemm/gemm_1966/export_impl.xml,reports/gemm/gemm_1966/power_routed.rpt,NO,
gemm_1967,128,64,128,1,1,1,option_5,,ji,ij,True,YES,YES,YES,configs/gemm/gemm_1967.json,reports/gemm/gemm_1967/csynth.xml,reports/gemm/gemm_1967/export_impl.xml,reports/gemm/gemm_1967/power_routed.rpt,NO,
gemm_1968,128,64,128,1,1,1,option_5,,ji,ji,True,YES,YES,YES,configs/gemm/gemm_1968.json,reports/gemm/gemm_1968/csynth.xml,reports/gemm/gemm_1968/export_impl.xml,reports/gemm/gemm_1968/power_routed.rpt,NO,
gemm_1969,128,64,128,1,1,8,option_1,,ij,ij,False,YES,YES,NO,configs/gemm/gemm_1969.json,reports/gemm/gemm_1969/csynth.xml,,,NO,
gemm_1970,128,64,128,1,1,8,option_1,,ij,ji,False,YES,YES,NO,configs/gemm/gemm_1970.json,reports/gemm/gemm_1970/csynth.xml,,,NO,
gemm_1971,128,64,128,1,1,8,option_1,,ji,ij,False,YES,YES,NO,configs/gemm/gemm_1971.json,reports/gemm/gemm_1971/csynth.xml,,,NO,
gemm_1972,128,64,128,1,1,8,option_1,,ji,ji,False,YES,YES,NO,configs/gemm/gemm_1972.json,reports/gemm/gemm_1972/csynth.xml,,,NO,
gemm_1973,128,64,128,1,1,8,option_1,,ij,ij,True,YES,YES,NO,configs/gemm/gemm_1973.json,reports/gemm/gemm_1973/csynth.xml,,,NO,
gemm_1974,128,64,128,1,1,8,option_1,,ij,ji,True,YES,YES,NO,configs/gemm/gemm_1974.json,reports/gemm/gemm_1974/csynth.xml,,,NO,
gemm_1975,128,64,128,1,1,8,option_1,,ji,ij,True,YES,YES,NO,configs/gemm/gemm_1975.json,reports/gemm/gemm_1975/csynth.xml,,,NO,
gemm_1976,128,64,128,1,1,8,option_1,,ji,ji,True,YES,YES,NO,configs/gemm/gemm_1976.json,reports/gemm/gemm_1976/csynth.xml,,,NO,
gemm_1977,128,64,128,1,1,8,option_2,ijk,ij,,False,YES,YES,NO,configs/gemm/gemm_1977.json,reports/gemm/gemm_1977/csynth.xml,,,NO,
gemm_1978,128,64,128,1,1,8,option_2,ikj,ij,,False,YES,YES,NO,configs/gemm/gemm_1978.json,reports/gemm/gemm_1978/csynth.xml,,,NO,
gemm_1979,128,64,128,1,1,8,option_2,jik,ji,,False,YES,YES,NO,configs/gemm/gemm_1979.json,reports/gemm/gemm_1979/csynth.xml,,,NO,
gemm_1980,128,64,128,1,1,8,option_2,jki,ji,,False,YES,YES,NO,configs/gemm/gemm_1980.json,reports/gemm/gemm_1980/csynth.xml,,,NO,
gemm_1981,128,64,128,1,1,8,option_2,kij,ij,,False,YES,YES,NO,configs/gemm/gemm_1981.json,reports/gemm/gemm_1981/csynth.xml,,,NO,
gemm_1982,128,64,128,1,1,8,option_2,kji,ji,,False,YES,YES,YES,configs/gemm/gemm_1982.json,reports/gemm/gemm_1982/csynth.xml,reports/gemm/gemm_1982/export_impl.xml,reports/gemm/gemm_1982/power_routed.rpt,NO,
gemm_1983,128,64,128,1,1,8,option_2,ijk,ij,,True,YES,YES,NO,configs/gemm/gemm_1983.json,reports/gemm/gemm_1983/csynth.xml,,,NO,
gemm_1984,128,64,128,1,1,8,option_2,ikj,ij,,True,YES,YES,NO,configs/gemm/gemm_1984.json,reports/gemm/gemm_1984/csynth.xml,,,NO,
gemm_1985,128,64,128,1,1,8,option_2,jik,ji,,True,YES,YES,YES,configs/gemm/gemm_1985.json,reports/gemm/gemm_1985/csynth.xml,reports/gemm/gemm_1985/export_impl.xml,reports/gemm/gemm_1985/power_routed.rpt,NO,
gemm_1986,128,64,128,1,1,8,option_2,jki,ji,,True,YES,YES,NO,configs/gemm/gemm_1986.json,reports/gemm/gemm_1986/csynth.xml,,,NO,
gemm_1987,128,64,128,1,1,8,option_2,kij,ij,,True,YES,YES,NO,configs/gemm/gemm_1987.json,reports/gemm/gemm_1987/csynth.xml,,,NO,
gemm_1988,128,64,128,1,1,8,option_2,kji,ji,,True,YES,YES,NO,configs/gemm/gemm_1988.json,reports/gemm/gemm_1988/csynth.xml,,,NO,
gemm_1989,128,64,128,1,1,8,option_3,ijk,ij,,False,YES,YES,NO,configs/gemm/gemm_1989.json,reports/gemm/gemm_1989/csynth.xml,,,NO,
gemm_1990,128,64,128,1,1,8,option_3,ikj,ij,,False,YES,YES,YES,configs/gemm/gemm_1990.json,reports/gemm/gemm_1990/csynth.xml,reports/gemm/gemm_1990/export_impl.xml,reports/gemm/gemm_1990/power_routed.rpt,NO,
gemm_1991,128,64,128,1,1,8,option_3,jik,ji,,False,YES,YES,NO,configs/gemm/gemm_1991.json,reports/gemm/gemm_1991/csynth.xml,,,NO,
gemm_1992,128,64,128,1,1,8,option_3,jki,ji,,False,YES,YES,YES,configs/gemm/gemm_1992.json,reports/gemm/gemm_1992/csynth.xml,reports/gemm/gemm_1992/export_impl.xml,reports/gemm/gemm_1992/power_routed.rpt,NO,
gemm_1993,128,64,128,1,1,8,option_3,kij,ij,,False,YES,YES,NO,configs/gemm/gemm_1993.json,reports/gemm/gemm_1993/csynth.xml,,,NO,
gemm_1994,128,64,128,1,1,8,option_3,kji,ji,,False,YES,YES,NO,configs/gemm/gemm_1994.json,reports/gemm/gemm_1994/csynth.xml,,,NO,
gemm_1995,128,64,128,1,1,8,option_3,ijk,ij,,True,YES,YES,YES,configs/gemm/gemm_1995.json,reports/gemm/gemm_1995/csynth.xml,reports/gemm/gemm_1995/export_impl.xml,reports/gemm/gemm_1995/power_routed.rpt,NO,
gemm_1996,128,64,128,1,1,8,option_3,ikj,ij,,True,YES,YES,NO,configs/gemm/gemm_1996.json,reports/gemm/gemm_1996/csynth.xml,,,NO,
gemm_1997,128,64,128,1,1,8,option_3,jik,ji,,True,YES,YES,NO,configs/gemm/gemm_1997.json,reports/gemm/gemm_1997/csynth.xml,,,NO,
gemm_1998,128,64,128,1,1,8,option_3,jki,ji,,True,YES,YES,NO,configs/gemm/gemm_1998.json,reports/gemm/gemm_1998/csynth.xml,,,NO,
gemm_1999,128,64,128,1,1,8,option_3,kij,ij,,True,YES,YES,NO,configs/gemm/gemm_1999.json,reports/gemm/gemm_1999/csynth.xml,,,NO,
gemm_2000,128,64,128,1,1,8,option_3,kji,ji,,True,YES,YES,NO,configs/gemm/gemm_2000.json,reports/gemm/gemm_2000/csynth.xml,,,NO,
gemm_2001,128,64,128,1,1,8,option_4,,ij,ij,False,YES,YES,YES,configs/gemm/gemm_2001.json,reports/gemm/gemm_2001/csynth.xml,reports/gemm/gemm_2001/export_impl.xml,reports/gemm/gemm_2001/power_routed.rpt,NO,
gemm_2002,128,64,128,1,1,8,option_4,,ij,ji,False,YES,YES,YES,configs/gemm/gemm_2002.json,reports/gemm/gemm_2002/csynth.xml,reports/gemm/gemm_2002/export_impl.xml,reports/gemm/gemm_2002/power_routed.rpt,NO,
gemm_2003,128,64,128,1,1,8,option_4,,ji,ij,False,YES,YES,YES,configs/gemm/gemm_2003.json,reports/gemm/gemm_2003/csynth.xml,reports/gemm/gemm_2003/export_impl.xml,reports/gemm/gemm_2003/power_routed.rpt,NO,
gemm_2004,128,64,128,1,1,8,option_4,,ji,ji,False,YES,YES,YES,configs/gemm/gemm_2004.json,reports/gemm/gemm_2004/csynth.xml,reports/gemm/gemm_2004/export_impl.xml,reports/gemm/gemm_2004/power_routed.rpt,NO,
gemm_2005,128,64,128,1,1,8,option_4,,ij,ij,True,YES,YES,NO,configs/gemm/gemm_2005.json,reports/gemm/gemm_2005/csynth.xml,,,NO,
gemm_2006,128,64,128,1,1,8,option_4,,ij,ji,True,YES,YES,YES,configs/gemm/gemm_2006.json,reports/gemm/gemm_2006/csynth.xml,reports/gemm/gemm_2006/export_impl.xml,reports/gemm/gemm_2006/power_routed.rpt,NO,
gemm_2007,128,64,128,1,1,8,option_4,,ji,ij,True,YES,YES,YES,configs/gemm/gemm_2007.json,reports/gemm/gemm_2007/csynth.xml,reports/gemm/gemm_2007/export_impl.xml,reports/gemm/gemm_2007/power_routed.rpt,NO,
gemm_2008,128,64,128,1,1,8,option_4,,ji,ji,True,YES,YES,NO,configs/gemm/gemm_2008.json,reports/gemm/gemm_2008/csynth.xml,,,NO,
gemm_2009,128,64,128,1,1,8,option_5,,ij,ij,False,YES,YES,YES,configs/gemm/gemm_2009.json,reports/gemm/gemm_2009/csynth.xml,reports/gemm/gemm_2009/export_impl.xml,reports/gemm/gemm_2009/power_routed.rpt,NO,
gemm_2010,128,64,128,1,1,8,option_5,,ij,ji,False,YES,YES,NO,configs/gemm/gemm_2010.json,reports/gemm/gemm_2010/csynth.xml,,,NO,
gemm_2011,128,64,128,1,1,8,option_5,,ji,ij,False,YES,YES,NO,configs/gemm/gemm_2011.json,reports/gemm/gemm_2011/csynth.xml,,,NO,
gemm_2012,128,64,128,1,1,8,option_5,,ji,ji,False,YES,YES,NO,configs/gemm/gemm_2012.json,reports/gemm/gemm_2012/csynth.xml,,,NO,
gemm_2013,128,64,128,1,1,8,option_5,,ij,ij,True,YES,YES,NO,configs/gemm/gemm_2013.json,reports/gemm/gemm_2013/csynth.xml,,,NO,
gemm_2014,128,64,128,1,1,8,option_5,,ij,ji,True,YES,YES,NO,configs/gemm/gemm_2014.json,reports/gemm/gemm_2014/csynth.xml,,,NO,
gemm_2015,128,64,128,1,1,8,option_5,,ji,ij,True,YES,YES,NO,configs/gemm/gemm_2015.json,reports/gemm/gemm_2015/csynth.xml,,,NO,
gemm_2016,128,64,128,1,1,8,option_5,,ji,ji,True,YES,YES,NO,configs/gemm/gemm_2016.json,reports/gemm/gemm_2016/csynth.xml,,,NO,
gemm_2017,128,64,128,1,8,1,option_1,,ij,ij,False,YES,YES,NO,configs/gemm/gemm_2017.json,reports/gemm/gemm_2017/csynth.xml,,,NO,
gemm_2018,128,64,128,1,8,1,option_1,,ij,ji,False,YES,YES,NO,configs/gemm/gemm_2018.json,reports/gemm/gemm_2018/csynth.xml,,,NO,
gemm_2019,128,64,128,1,8,1,option_1,,ji,ij,False,YES,YES,YES,configs/gemm/gemm_2019.json,reports/gemm/gemm_2019/csynth.xml,reports/gemm/gemm_2019/export_impl.xml,reports/gemm/gemm_2019/power_routed.rpt,NO,
gemm_2020,128,64,128,1,8,1,option_1,,ji,ji,False,YES,YES,YES,configs/gemm/gemm_2020.json,reports/gemm/gemm_2020/csynth.xml,reports/gemm/gemm_2020/export_impl.xml,reports/gemm/gemm_2020/power_routed.rpt,NO,
gemm_2021,128,64,128,1,8,1,option_1,,ij,ij,True,YES,YES,NO,configs/gemm/gemm_2021.json,reports/gemm/gemm_2021/csynth.xml,,,NO,
gemm_2022,128,64,128,1,8,1,option_1,,ij,ji,True,YES,YES,NO,configs/gemm/gemm_2022.json,reports/gemm/gemm_2022/csynth.xml,,,NO,
gemm_2023,128,64,128,1,8,1,option_1,,ji,ij,True,YES,YES,NO,configs/gemm/gemm_2023.json,reports/gemm/gemm_2023/csynth.xml,,,NO,
gemm_2024,128,64,128,1,8,1,option_1,,ji,ji,True,YES,YES,NO,configs/gemm/gemm_2024.json,reports/gemm/gemm_2024/csynth.xml,,,NO,
gemm_2025,128,64,128,1,8,1,option_2,ijk,ij,,False,YES,YES,NO,configs/gemm/gemm_2025.json,reports/gemm/gemm_2025/csynth.xml,,,NO,
gemm_2026,128,64,128,1,8,1,option_2,ikj,ij,,False,YES,YES,NO,configs/gemm/gemm_2026.json,reports/gemm/gemm_2026/csynth.xml,,,NO,
gemm_2027,128,64,128,1,8,1,option_2,jik,ji,,False,YES,YES,NO,configs/gemm/gemm_2027.json,reports/gemm/gemm_2027/csynth.xml,,,NO,
gemm_2028,128,64,128,1,8,1,option_2,jki,ji,,False,YES,YES,NO,configs/gemm/gemm_2028.json,reports/gemm/gemm_2028/csynth.xml,,,NO,
gemm_2029,128,64,128,1,8,1,option_2,kij,ij,,False,YES,YES,NO,configs/gemm/gemm_2029.json,reports/gemm/gemm_2029/csynth.xml,,,NO,
gemm_2030,128,64,128,1,8,1,option_2,kji,ji,,False,YES,YES,NO,configs/gemm/gemm_2030.json,reports/gemm/gemm_2030/csynth.xml,,,NO,
gemm_2031,128,64,128,1,8,1,option_2,ijk,ij,,True,YES,YES,NO,configs/gemm/gemm_2031.json,reports/gemm/gemm_2031/csynth.xml,,,NO,
gemm_2032,128,64,128,1,8,1,option_2,ikj,ij,,True,YES,YES,NO,configs/gemm/gemm_2032.json,reports/gemm/gemm_2032/csynth.xml,,,NO,
gemm_2033,128,64,128,1,8,1,option_2,jik,ji,,True,YES,YES,NO,configs/gemm/gemm_2033.json,reports/gemm/gemm_2033/csynth.xml,,,NO,
gemm_2034,128,64,128,1,8,1,option_2,jki,ji,,True,YES,YES,YES,configs/gemm/gemm_2034.json,reports/gemm/gemm_2034/csynth.xml,reports/gemm/gemm_2034/export_impl.xml,reports/gemm/gemm_2034/power_routed.rpt,NO,
gemm_2035,128,64,128,1,8,1,option_2,kij,ij,,True,YES,YES,YES,configs/gemm/gemm_2035.json,reports/gemm/gemm_2035/csynth.xml,reports/gemm/gemm_2035/export_impl.xml,reports/gemm/gemm_2035/power_routed.rpt,NO,
gemm_2036,128,64,128,1,8,1,option_2,kji,ji,,True,YES,YES,NO,configs/gemm/gemm_2036.json,reports/gemm/gemm_2036/csynth.xml,,,NO,
gemm_2037,128,64,128,1,8,1,option_3,ijk,ij,,False,YES,YES,NO,configs/gemm/gemm_2037.json,reports/gemm/gemm_2037/csynth.xml,,,NO,
gemm_2038,128,64,128,1,8,1,option_3,ikj,ij,,False,YES,YES,NO,configs/gemm/gemm_2038.json,reports/gemm/gemm_2038/csynth.xml,,,NO,
gemm_2039,128,64,128,1,8,1,option_3,jik,ji,,False,YES,YES,NO,configs/gemm/gemm_2039.json,reports/gemm/gemm_2039/csynth.xml,,,NO,
gemm_2040,128,64,128,1,8,1,option_3,jki,ji,,False,YES,YES,NO,configs/gemm/gemm_2040.json,reports/gemm/gemm_2040/csynth.xml,,,NO,
gemm_2041,128,64,128,1,8,1,option_3,kij,ij,,False,YES,YES,NO,configs/gemm/gemm_2041.json,reports/gemm/gemm_2041/csynth.xml,,,NO,
gemm_2042,128,64,128,1,8,1,option_3,kji,ji,,False,YES,YES,NO,configs/gemm/gemm_2042.json,reports/gemm/gemm_2042/csynth.xml,,,NO,
gemm_2043,128,64,128,1,8,1,option_3,ijk,ij,,True,YES,YES,NO,configs/gemm/gemm_2043.json,reports/gemm/gemm_2043/csynth.xml,,,NO,
gemm_2044,128,64,128,1,8,1,option_3,ikj,ij,,True,YES,YES,NO,configs/gemm/gemm_2044.json,reports/gemm/gemm_2044/csynth.xml,,,NO,
gemm_2045,128,64,128,1,8,1,option_3,jik,ji,,True,YES,YES,YES,configs/gemm/gemm_2045.json,reports/gemm/gemm_2045/csynth.xml,reports/gemm/gemm_2045/export_impl.xml,reports/gemm/gemm_2045/power_routed.rpt,NO,
gemm_2046,128,64,128,1,8,1,option_3,jki,ji,,True,YES,YES,NO,configs/gemm/gemm_2046.json,reports/gemm/gemm_2046/csynth.xml,,,NO,
gemm_2047,128,64,128,1,8,1,option_3,kij,ij,,True,YES,YES,NO,configs/gemm/gemm_2047.json,reports/gemm/gemm_2047/csynth.xml,,,NO,
gemm_2048,128,64,128,1,8,1,option_3,kji,ji,,True,YES,YES,NO,configs/gemm/gemm_2048.json,reports/gemm/gemm_2048/csynth.xml,,,NO,
gemm_2049,128,64,128,1,8,1,option_4,,ij,ij,False,YES,YES,NO,configs/gemm/gemm_2049.json,reports/gemm/gemm_2049/csynth.xml,,,NO,
gemm_2050,128,64,128,1,8,1,option_4,,ij,ji,False,YES,YES,NO,configs/gemm/gemm_2050.json,reports/gemm/gemm_2050/csynth.xml,,,NO,
gemm_2051,128,64,128,1,8,1,option_4,,ji,ij,False,YES,YES,NO,configs/gemm/gemm_2051.json,reports/gemm/gemm_2051/csynth.xml,,,NO,
gemm_2052,128,64,128,1,8,1,option_4,,ji,ji,False,YES,YES,NO,configs/gemm/gemm_2052.json,reports/gemm/gemm_2052/csynth.xml,,,NO,
gemm_2053,128,64,128,1,8,1,option_4,,ij,ij,True,YES,YES,NO,configs/gemm/gemm_2053.json,reports/gemm/gemm_2053/csynth.xml,,,NO,
gemm_2054,128,64,128,1,8,1,option_4,,ij,ji,True,YES,YES,NO,configs/gemm/gemm_2054.json,reports/gemm/gemm_2054/csynth.xml,,,NO,
gemm_2055,128,64,128,1,8,1,option_4,,ji,ij,True,YES,YES,NO,configs/gemm/gemm_2055.json,reports/gemm/gemm_2055/csynth.xml,,,NO,
gemm_2056,128,64,128,1,8,1,option_4,,ji,ji,True,YES,YES,NO,configs/gemm/gemm_2056.json,reports/gemm/gemm_2056/csynth.xml,,,NO,
gemm_2057,128,64,128,1,8,1,option_5,,ij,ij,False,YES,YES,NO,configs/gemm/gemm_2057.json,reports/gemm/gemm_2057/csynth.xml,,,NO,
gemm_2058,128,64,128,1,8,1,option_5,,ij,ji,False,YES,YES,NO,configs/gemm/gemm_2058.json,reports/gemm/gemm_2058/csynth.xml,,,NO,
gemm_2059,128,64,128,1,8,1,option_5,,ji,ij,False,YES,YES,NO,configs/gemm/gemm_2059.json,reports/gemm/gemm_2059/csynth.xml,,,NO,
gemm_2060,128,64,128,1,8,1,option_5,,ji,ji,False,YES,YES,YES,configs/gemm/gemm_2060.json,reports/gemm/gemm_2060/csynth.xml,reports/gemm/gemm_2060/export_impl.xml,reports/gemm/gemm_2060/power_routed.rpt,NO,
gemm_2061,128,64,128,1,8,1,option_5,,ij,ij,True,YES,YES,NO,configs/gemm/gemm_2061.json,reports/gemm/gemm_2061/csynth.xml,,,NO,
gemm_2062,128,64,128,1,8,1,option_5,,ij,ji,True,YES,YES,NO,configs/gemm/gemm_2062.json,reports/gemm/gemm_2062/csynth.xml,,,NO,
gemm_2063,128,64,128,1,8,1,option_5,,ji,ij,True,YES,YES,NO,configs/gemm/gemm_2063.json,reports/gemm/gemm_2063/csynth.xml,,,NO,
gemm_2064,128,64,128,1,8,1,option_5,,ji,ji,True,YES,YES,YES,configs/gemm/gemm_2064.json,reports/gemm/gemm_2064/csynth.xml,reports/gemm/gemm_2064/export_impl.xml,reports/gemm/gemm_2064/power_routed.rpt,NO,
gemm_2065,128,64,128,1,8,8,option_1,,ij,ij,False,YES,YES,NO,configs/gemm/gemm_2065.json,reports/gemm/gemm_2065/csynth.xml,,,NO,
gemm_2066,128,64,128,1,8,8,option_1,,ij,ji,False,YES,YES,YES,configs/gemm/gemm_2066.json,reports/gemm/gemm_2066/csynth.xml,reports/gemm/gemm_2066/export_impl.xml,reports/gemm/gemm_2066/power_routed.rpt,NO,
gemm_2067,128,64,128,1,8,8,option_1,,ji,ij,False,YES,YES,NO,configs/gemm/gemm_2067.json,reports/gemm/gemm_2067/csynth.xml,,,NO,
gemm_2068,128,64,128,1,8,8,option_1,,ji,ji,False,YES,YES,NO,configs/gemm/gemm_2068.json,reports/gemm/gemm_2068/csynth.xml,,,NO,
gemm_2069,128,64,128,1,8,8,option_1,,ij,ij,True,YES,YES,NO,configs/gemm/gemm_2069.json,reports/gemm/gemm_2069/csynth.xml,,,NO,
gemm_2070,128,64,128,1,8,8,option_1,,ij,ji,True,YES,YES,YES,configs/gemm/gemm_2070.json,reports/gemm/gemm_2070/csynth.xml,reports/gemm/gemm_2070/export_impl.xml,reports/gemm/gemm_2070/power_routed.rpt,NO,
gemm_2071,128,64,128,1,8,8,option_1,,ji,ij,True,YES,YES,NO,configs/gemm/gemm_2071.json,reports/gemm/gemm_2071/csynth.xml,,,NO,
gemm_2072,128,64,128,1,8,8,option_1,,ji,ji,True,YES,YES,NO,configs/gemm/gemm_2072.json,reports/gemm/gemm_2072/csynth.xml,,,NO,
gemm_2073,128,64,128,1,8,8,option_2,ijk,ij,,False,YES,YES,NO,configs/gemm/gemm_2073.json,reports/gemm/gemm_2073/csynth.xml,,,NO,
gemm_2074,128,64,128,1,8,8,option_2,ikj,ij,,False,YES,YES,NO,configs/gemm/gemm_2074.json,reports/gemm/gemm_2074/csynth.xml,,,NO,
gemm_2075,128,64,128,1,8,8,option_2,jik,ji,,False,YES,YES,NO,configs/gemm/gemm_2075.json,reports/gemm/gemm_2075/csynth.xml,,,NO,
gemm_2076,128,64,128,1,8,8,option_2,jki,ji,,False,YES,YES,NO,configs/gemm/gemm_2076.json,reports/gemm/gemm_2076/csynth.xml,,,NO,
gemm_2077,128,64,128,1,8,8,option_2,kij,ij,,False,YES,YES,YES,configs/gemm/gemm_2077.json,reports/gemm/gemm_2077/csynth.xml,reports/gemm/gemm_2077/export_impl.xml,reports/gemm/gemm_2077/power_routed.rpt,NO,
gemm_2078,128,64,128,1,8,8,option_2,kji,ji,,False,YES,YES,NO,configs/gemm/gemm_2078.json,reports/gemm/gemm_2078/csynth.xml,,,NO,
gemm_2079,128,64,128,1,8,8,option_2,ijk,ij,,True,YES,YES,NO,configs/gemm/gemm_2079.json,reports/gemm/gemm_2079/csynth.xml,,,NO,
gemm_2080,128,64,128,1,8,8,option_2,ikj,ij,,True,YES,YES,NO,configs/gemm/gemm_2080.json,reports/gemm/gemm_2080/csynth.xml,,,NO,
gemm_2081,128,64,128,1,8,8,option_2,jik,ji,,True,YES,YES,NO,configs/gemm/gemm_2081.json,reports/gemm/gemm_2081/csynth.xml,,,NO,
gemm_2082,128,64,128,1,8,8,option_2,jki,ji,,True,YES,YES,NO,configs/gemm/gemm_2082.json,reports/gemm/gemm_2082/csynth.xml,,,NO,
gemm_2083,128,64,128,1,8,8,option_2,kij,ij,,True,YES,YES,NO,configs/gemm/gemm_2083.json,reports/gemm/gemm_2083/csynth.xml,,,NO,
gemm_2084,128,64,128,1,8,8,option_2,kji,ji,,True,YES,YES,NO,configs/gemm/gemm_2084.json,reports/gemm/gemm_2084/csynth.xml,,,NO,
gemm_2085,128,64,128,1,8,8,option_3,ijk,ij,,False,YES,YES,NO,configs/gemm/gemm_2085.json,reports/gemm/gemm_2085/csynth.xml,,,NO,
gemm_2086,128,64,128,1,8,8,option_3,ikj,ij,,False,YES,YES,NO,configs/gemm/gemm_2086.json,reports/gemm/gemm_2086/csynth.xml,,,NO,
gemm_2087,128,64,128,1,8,8,option_3,jik,ji,,False,YES,YES,NO,configs/gemm/gemm_2087.json,reports/gemm/gemm_2087/csynth.xml,,,NO,
gemm_2088,128,64,128,1,8,8,option_3,jki,ji,,False,YES,YES,NO,configs/gemm/gemm_2088.json,reports/gemm/gemm_2088/csynth.xml,,,NO,
gemm_2089,128,64,128,1,8,8,option_3,kij,ij,,False,YES,YES,NO,configs/gemm/gemm_2089.json,reports/gemm/gemm_2089/csynth.xml,,,NO,
gemm_2090,128,64,128,1,8,8,option_3,kji,ji,,False,YES,YES,NO,configs/gemm/gemm_2090.json,reports/gemm/gemm_2090/csynth.xml,,,NO,
gemm_2091,128,64,128,1,8,8,option_3,ijk,ij,,True,YES,YES,NO,configs/gemm/gemm_2091.json,reports/gemm/gemm_2091/csynth.xml,,,NO,
gemm_2092,128,64,128,1,8,8,option_3,ikj,ij,,True,YES,YES,NO,configs/gemm/gemm_2092.json,reports/gemm/gemm_2092/csynth.xml,,,NO,
gemm_2093,128,64,128,1,8,8,option_3,jik,ji,,True,YES,YES,NO,configs/gemm/gemm_2093.json,reports/gemm/gemm_2093/csynth.xml,,,NO,
gemm_2094,128,64,128,1,8,8,option_3,jki,ji,,True,YES,YES,NO,configs/gemm/gemm_2094.json,reports/gemm/gemm_2094/csynth.xml,,,NO,
gemm_2095,128,64,128,1,8,8,option_3,kij,ij,,True,YES,YES,NO,configs/gemm/gemm_2095.json,reports/gemm/gemm_2095/csynth.xml,,,NO,
gemm_2096,128,64,128,1,8,8,option_3,kji,ji,,True,YES,YES,NO,configs/gemm/gemm_2096.json,reports/gemm/gemm_2096/csynth.xml,,,NO,
gemm_2097,128,64,128,1,8,8,option_4,,ij,ij,False,YES,YES,NO,configs/gemm/gemm_2097.json,reports/gemm/gemm_2097/csynth.xml,,,NO,
gemm_2098,128,64,128,1,8,8,option_4,,ij,ji,False,YES,YES,NO,configs/gemm/gemm_2098.json,reports/gemm/gemm_2098/csynth.xml,,,NO,
gemm_2099,128,64,128,1,8,8,option_4,,ji,ij,False,YES,YES,YES,configs/gemm/gemm_2099.json,reports/gemm/gemm_2099/csynth.xml,reports/gemm/gemm_2099/export_impl.xml,reports/gemm/gemm_2099/power_routed.rpt,NO,
gemm_2100,128,64,128,1,8,8,option_4,,ji,ji,False,YES,YES,YES,configs/gemm/gemm_2100.json,reports/gemm/gemm_2100/csynth.xml,reports/gemm/gemm_2100/export_impl.xml,reports/gemm/gemm_2100/power_routed.rpt,NO,
gemm_2101,128,64,128,1,8,8,option_4,,ij,ij,True,YES,YES,NO,configs/gemm/gemm_2101.json,reports/gemm/gemm_2101/csynth.xml,,,NO,
gemm_2102,128,64,128,1,8,8,option_4,,ij,ji,True,YES,YES,NO,configs/gemm/gemm_2102.json,reports/gemm/gemm_2102/csynth.xml,,,NO,
gemm_2103,128,64,128,1,8,8,option_4,,ji,ij,True,YES,YES,YES,configs/gemm/gemm_2103.json,reports/gemm/gemm_2103/csynth.xml,reports/gemm/gemm_2103/export_impl.xml,reports/gemm/gemm_2103/power_routed.rpt,NO,
gemm_2104,128,64,128,1,8,8,option_4,,ji,ji,True,YES,YES,NO,configs/gemm/gemm_2104.json,reports/gemm/gemm_2104/csynth.xml,,,NO,
gemm_2105,128,64,128,1,8,8,option_5,,ij,ij,False,YES,YES,YES,configs/gemm/gemm_2105.json,reports/gemm/gemm_2105/csynth.xml,reports/gemm/gemm_2105/export_impl.xml,reports/gemm/gemm_2105/power_routed.rpt,NO,
gemm_2106,128,64,128,1,8,8,option_5,,ij,ji,False,YES,YES,NO,configs/gemm/gemm_2106.json,reports/gemm/gemm_2106/csynth.xml,,,NO,
gemm_2107,128,64,128,1,8,8,option_5,,ji,ij,False,YES,YES,YES,configs/gemm/gemm_2107.json,reports/gemm/gemm_2107/csynth.xml,reports/gemm/gemm_2107/export_impl.xml,reports/gemm/gemm_2107/power_routed.rpt,NO,
gemm_2108,128,64,128,1,8,8,option_5,,ji,ji,False,YES,YES,NO,configs/gemm/gemm_2108.json,reports/gemm/gemm_2108/csynth.xml,,,NO,
gemm_2109,128,64,128,1,8,8,option_5,,ij,ij,True,YES,YES,NO,configs/gemm/gemm_2109.json,reports/gemm/gemm_2109/csynth.xml,,,NO,
gemm_2110,128,64,128,1,8,8,option_5,,ij,ji,True,YES,YES,NO,configs/gemm/gemm_2110.json,reports/gemm/gemm_2110/csynth.xml,,,NO,
gemm_2111,128,64,128,1,8,8,option_5,,ji,ij,True,YES,YES,NO,configs/gemm/gemm_2111.json,reports/gemm/gemm_2111/csynth.xml,,,NO,
gemm_2112,128,64,128,1,8,8,option_5,,ji,ji,True,YES,YES,NO,configs/gemm/gemm_2112.json,reports/gemm/gemm_2112/csynth.xml,,,NO,
gemm_2113,128,64,128,8,1,1,option_1,,ij,ij,False,YES,YES,NO,configs/gemm/gemm_2113.json,reports/gemm/gemm_2113/csynth.xml,,,NO,
gemm_2114,128,64,128,8,1,1,option_1,,ij,ji,False,YES,YES,NO,configs/gemm/gemm_2114.json,reports/gemm/gemm_2114/csynth.xml,,,NO,
gemm_2115,128,64,128,8,1,1,option_1,,ji,ij,False,YES,YES,NO,configs/gemm/gemm_2115.json,reports/gemm/gemm_2115/csynth.xml,,,NO,
gemm_2116,128,64,128,8,1,1,option_1,,ji,ji,False,YES,YES,NO,configs/gemm/gemm_2116.json,reports/gemm/gemm_2116/csynth.xml,,,NO,
gemm_2117,128,64,128,8,1,1,option_1,,ij,ij,True,YES,YES,NO,configs/gemm/gemm_2117.json,reports/gemm/gemm_2117/csynth.xml,,,NO,
gemm_2118,128,64,128,8,1,1,option_1,,ij,ji,True,YES,YES,NO,configs/gemm/gemm_2118.json,reports/gemm/gemm_2118/csynth.xml,,,NO,
gemm_2119,128,64,128,8,1,1,option_1,,ji,ij,True,YES,YES,YES,configs/gemm/gemm_2119.json,reports/gemm/gemm_2119/csynth.xml,reports/gemm/gemm_2119/export_impl.xml,reports/gemm/gemm_2119/power_routed.rpt,NO,
gemm_2120,128,64,128,8,1,1,option_1,,ji,ji,True,YES,YES,YES,configs/gemm/gemm_2120.json,reports/gemm/gemm_2120/csynth.xml,reports/gemm/gemm_2120/export_impl.xml,reports/gemm/gemm_2120/power_routed.rpt,NO,
gemm_2121,128,64,128,8,1,1,option_2,ijk,ij,,False,YES,YES,NO,configs/gemm/gemm_2121.json,reports/gemm/gemm_2121/csynth.xml,,,NO,
gemm_2122,128,64,128,8,1,1,option_2,ikj,ij,,False,YES,YES,NO,configs/gemm/gemm_2122.json,reports/gemm/gemm_2122/csynth.xml,,,NO,
gemm_2123,128,64,128,8,1,1,option_2,jik,ji,,False,YES,YES,NO,configs/gemm/gemm_2123.json,reports/gemm/gemm_2123/csynth.xml,,,NO,
gemm_2124,128,64,128,8,1,1,option_2,jki,ji,,False,YES,YES,YES,configs/gemm/gemm_2124.json,reports/gemm/gemm_2124/csynth.xml,reports/gemm/gemm_2124/export_impl.xml,reports/gemm/gemm_2124/power_routed.rpt,NO,
gemm_2125,128,64,128,8,1,1,option_2,kij,ij,,False,YES,YES,NO,configs/gemm/gemm_2125.json,reports/gemm/gemm_2125/csynth.xml,,,NO,
gemm_2126,128,64,128,8,1,1,option_2,kji,ji,,False,YES,YES,YES,configs/gemm/gemm_2126.json,reports/gemm/gemm_2126/csynth.xml,reports/gemm/gemm_2126/export_impl.xml,reports/gemm/gemm_2126/power_routed.rpt,NO,
gemm_2127,128,64,128,8,1,1,option_2,ijk,ij,,True,YES,YES,NO,configs/gemm/gemm_2127.json,reports/gemm/gemm_2127/csynth.xml,,,NO,
gemm_2128,128,64,128,8,1,1,option_2,ikj,ij,,True,YES,YES,NO,configs/gemm/gemm_2128.json,reports/gemm/gemm_2128/csynth.xml,,,NO,
gemm_2129,128,64,128,8,1,1,option_2,jik,ji,,True,YES,YES,NO,configs/gemm/gemm_2129.json,reports/gemm/gemm_2129/csynth.xml,,,NO,
gemm_2130,128,64,128,8,1,1,option_2,jki,ji,,True,YES,YES,NO,configs/gemm/gemm_2130.json,reports/gemm/gemm_2130/csynth.xml,,,NO,
gemm_2131,128,64,128,8,1,1,option_2,kij,ij,,True,YES,YES,NO,configs/gemm/gemm_2131.json,reports/gemm/gemm_2131/csynth.xml,,,NO,
gemm_2132,128,64,128,8,1,1,option_2,kji,ji,,True,YES,YES,NO,configs/gemm/gemm_2132.json,reports/gemm/gemm_2132/csynth.xml,,,NO,
gemm_2133,128,64,128,8,1,1,option_3,ijk,ij,,False,YES,YES,YES,configs/gemm/gemm_2133.json,reports/gemm/gemm_2133/csynth.xml,reports/gemm/gemm_2133/export_impl.xml,reports/gemm/gemm_2133/power_routed.rpt,NO,
gemm_2134,128,64,128,8,1,1,option_3,ikj,ij,,False,YES,YES,YES,configs/gemm/gemm_2134.json,reports/gemm/gemm_2134/csynth.xml,reports/gemm/gemm_2134/export_impl.xml,reports/gemm/gemm_2134/power_routed.rpt,NO,
gemm_2135,128,64,128,8,1,1,option_3,jik,ji,,False,YES,YES,NO,configs/gemm/gemm_2135.json,reports/gemm/gemm_2135/csynth.xml,,,NO,
gemm_2136,128,64,128,8,1,1,option_3,jki,ji,,False,YES,YES,NO,configs/gemm/gemm_2136.json,reports/gemm/gemm_2136/csynth.xml,,,NO,
gemm_2137,128,64,128,8,1,1,option_3,kij,ij,,False,YES,YES,NO,configs/gemm/gemm_2137.json,reports/gemm/gemm_2137/csynth.xml,,,NO,
gemm_2138,128,64,128,8,1,1,option_3,kji,ji,,False,YES,YES,NO,configs/gemm/gemm_2138.json,reports/gemm/gemm_2138/csynth.xml,,,NO,
gemm_2139,128,64,128,8,1,1,option_3,ijk,ij,,True,YES,YES,NO,configs/gemm/gemm_2139.json,reports/gemm/gemm_2139/csynth.xml,,,NO,
gemm_2140,128,64,128,8,1,1,option_3,ikj,ij,,True,YES,YES,YES,configs/gemm/gemm_2140.json,reports/gemm/gemm_2140/csynth.xml,reports/gemm/gemm_2140/export_impl.xml,reports/gemm/gemm_2140/power_routed.rpt,NO,
gemm_2141,128,64,128,8,1,1,option_3,jik,ji,,True,YES,YES,NO,configs/gemm/gemm_2141.json,reports/gemm/gemm_2141/csynth.xml,,,NO,
gemm_2142,128,64,128,8,1,1,option_3,jki,ji,,True,YES,YES,YES,configs/gemm/gemm_2142.json,reports/gemm/gemm_2142/csynth.xml,reports/gemm/gemm_2142/export_impl.xml,reports/gemm/gemm_2142/power_routed.rpt,NO,
gemm_2143,128,64,128,8,1,1,option_3,kij,ij,,True,YES,YES,NO,configs/gemm/gemm_2143.json,reports/gemm/gemm_2143/csynth.xml,,,NO,
gemm_2144,128,64,128,8,1,1,option_3,kji,ji,,True,YES,YES,NO,configs/gemm/gemm_2144.json,reports/gemm/gemm_2144/csynth.xml,,,NO,
gemm_2145,128,64,128,8,1,1,option_4,,ij,ij,False,YES,YES,NO,configs/gemm/gemm_2145.json,reports/gemm/gemm_2145/csynth.xml,,,NO,
gemm_2146,128,64,128,8,1,1,option_4,,ij,ji,False,YES,YES,NO,configs/gemm/gemm_2146.json,reports/gemm/gemm_2146/csynth.xml,,,NO,
gemm_2147,128,64,128,8,1,1,option_4,,ji,ij,False,YES,YES,NO,configs/gemm/gemm_2147.json,reports/gemm/gemm_2147/csynth.xml,,,NO,
gemm_2148,128,64,128,8,1,1,option_4,,ji,ji,False,YES,YES,NO,configs/gemm/gemm_2148.json,reports/gemm/gemm_2148/csynth.xml,,,NO,
gemm_2149,128,64,128,8,1,1,option_4,,ij,ij,True,YES,YES,YES,configs/gemm/gemm_2149.json,reports/gemm/gemm_2149/csynth.xml,reports/gemm/gemm_2149/export_impl.xml,reports/gemm/gemm_2149/power_routed.rpt,NO,
gemm_2150,128,64,128,8,1,1,option_4,,ij,ji,True,YES,YES,YES,configs/gemm/gemm_2150.json,reports/gemm/gemm_2150/csynth.xml,reports/gemm/gemm_2150/export_impl.xml,reports/gemm/gemm_2150/power_routed.rpt,NO,
gemm_2151,128,64,128,8,1,1,option_4,,ji,ij,True,YES,YES,NO,configs/gemm/gemm_2151.json,reports/gemm/gemm_2151/csynth.xml,,,NO,
gemm_2152,128,64,128,8,1,1,option_4,,ji,ji,True,YES,YES,NO,configs/gemm/gemm_2152.json,reports/gemm/gemm_2152/csynth.xml,,,NO,
gemm_2153,128,64,128,8,1,1,option_5,,ij,ij,False,YES,YES,NO,configs/gemm/gemm_2153.json,reports/gemm/gemm_2153/csynth.xml,,,NO,
gemm_2154,128,64,128,8,1,1,option_5,,ij,ji,False,YES,YES,NO,configs/gemm/gemm_2154.json,reports/gemm/gemm_2154/csynth.xml,,,NO,
gemm_2155,128,64,128,8,1,1,option_5,,ji,ij,False,YES,YES,NO,configs/gemm/gemm_2155.json,reports/gemm/gemm_2155/csynth.xml,,,NO,
gemm_2156,128,64,128,8,1,1,option_5,,ji,ji,False,YES,YES,NO,configs/gemm/gemm_2156.json,reports/gemm/gemm_2156/csynth.xml,,,NO,
gemm_2157,128,64,128,8,1,1,option_5,,ij,ij,True,YES,YES,NO,configs/gemm/gemm_2157.json,reports/gemm/gemm_2157/csynth.xml,,,NO,
gemm_2158,128,64,128,8,1,1,option_5,,ij,ji,True,YES,YES,NO,configs/gemm/gemm_2158.json,reports/gemm/gemm_2158/csynth.xml,,,NO,
gemm_2159,128,64,128,8,1,1,option_5,,ji,ij,True,YES,YES,NO,configs/gemm/gemm_2159.json,reports/gemm/gemm_2159/csynth.xml,,,NO,
gemm_2160,128,64,128,8,1,1,option_5,,ji,ji,True,YES,YES,NO,configs/gemm/gemm_2160.json,reports/gemm/gemm_2160/csynth.xml,,,NO,
gemm_2161,128,64,128,8,1,8,option_1,,ij,ij,False,YES,YES,NO,configs/gemm/gemm_2161.json,reports/gemm/gemm_2161/csynth.xml,,,NO,
gemm_2162,128,64,128,8,1,8,option_1,,ij,ji,False,YES,YES,NO,configs/gemm/gemm_2162.json,reports/gemm/gemm_2162/csynth.xml,,,NO,
gemm_2163,128,64,128,8,1,8,option_1,,ji,ij,False,YES,YES,NO,configs/gemm/gemm_2163.json,reports/gemm/gemm_2163/csynth.xml,,,NO,
gemm_2164,128,64,128,8,1,8,option_1,,ji,ji,False,YES,YES,NO,configs/gemm/gemm_2164.json,reports/gemm/gemm_2164/csynth.xml,,,NO,
gemm_2165,128,64,128,8,1,8,option_1,,ij,ij,True,YES,YES,YES,configs/gemm/gemm_2165.json,reports/gemm/gemm_2165/csynth.xml,reports/gemm/gemm_2165/export_impl.xml,reports/gemm/gemm_2165/power_routed.rpt,NO,
gemm_2166,128,64,128,8,1,8,option_1,,ij,ji,True,YES,YES,YES,configs/gemm/gemm_2166.json,reports/gemm/gemm_2166/csynth.xml,reports/gemm/gemm_2166/export_impl.xml,reports/gemm/gemm_2166/power_routed.rpt,NO,
gemm_2167,128,64,128,8,1,8,option_1,,ji,ij,True,YES,YES,NO,configs/gemm/gemm_2167.json,reports/gemm/gemm_2167/csynth.xml,,,NO,
gemm_2168,128,64,128,8,1,8,option_1,,ji,ji,True,YES,YES,YES,configs/gemm/gemm_2168.json,reports/gemm/gemm_2168/csynth.xml,reports/gemm/gemm_2168/export_impl.xml,reports/gemm/gemm_2168/power_routed.rpt,NO,
gemm_2169,128,64,128,8,1,8,option_2,ijk,ij,,False,YES,YES,NO,configs/gemm/gemm_2169.json,reports/gemm/gemm_2169/csynth.xml,,,NO,
gemm_2170,128,64,128,8,1,8,option_2,ikj,ij,,False,YES,YES,YES,configs/gemm/gemm_2170.json,reports/gemm/gemm_2170/csynth.xml,reports/gemm/gemm_2170/export_impl.xml,reports/gemm/gemm_2170/power_routed.rpt,NO,
gemm_2171,128,64,128,8,1,8,option_2,jik,ji,,False,YES,YES,YES,configs/gemm/gemm_2171.json,reports/gemm/gemm_2171/csynth.xml,reports/gemm/gemm_2171/export_impl.xml,reports/gemm/gemm_2171/power_routed.rpt,NO,
gemm_2172,128,64,128,8,1,8,option_2,jki,ji,,False,YES,YES,NO,configs/gemm/gemm_2172.json,reports/gemm/gemm_2172/csynth.xml,,,NO,
gemm_2173,128,64,128,8,1,8,option_2,kij,ij,,False,YES,YES,NO,configs/gemm/gemm_2173.json,reports/gemm/gemm_2173/csynth.xml,,,NO,
gemm_2174,128,64,128,8,1,8,option_2,kji,ji,,False,YES,YES,NO,configs/gemm/gemm_2174.json,reports/gemm/gemm_2174/csynth.xml,,,NO,
gemm_2175,128,64,128,8,1,8,option_2,ijk,ij,,True,YES,YES,NO,configs/gemm/gemm_2175.json,reports/gemm/gemm_2175/csynth.xml,,,NO,
gemm_2176,128,64,128,8,1,8,option_2,ikj,ij,,True,YES,YES,NO,configs/gemm/gemm_2176.json,reports/gemm/gemm_2176/csynth.xml,,,NO,
gemm_2177,128,64,128,8,1,8,option_2,jik,ji,,True,YES,YES,NO,configs/gemm/gemm_2177.json,reports/gemm/gemm_2177/csynth.xml,,,NO,
gemm_2178,128,64,128,8,1,8,option_2,jki,ji,,True,YES,YES,YES,configs/gemm/gemm_2178.json,reports/gemm/gemm_2178/csynth.xml,reports/gemm/gemm_2178/export_impl.xml,reports/gemm/gemm_2178/power_routed.rpt,NO,
gemm_2179,128,64,128,8,1,8,option_2,kij,ij,,True,YES,YES,NO,configs/gemm/gemm_2179.json,reports/gemm/gemm_2179/csynth.xml,,,NO,
gemm_2180,128,64,128,8,1,8,option_2,kji,ji,,True,YES,YES,YES,configs/gemm/gemm_2180.json,reports/gemm/gemm_2180/csynth.xml,reports/gemm/gemm_2180/export_impl.xml,reports/gemm/gemm_2180/power_routed.rpt,NO,
gemm_2181,128,64,128,8,1,8,option_3,ijk,ij,,False,YES,YES,NO,configs/gemm/gemm_2181.json,reports/gemm/gemm_2181/csynth.xml,,,NO,
gemm_2182,128,64,128,8,1,8,option_3,ikj,ij,,False,YES,YES,YES,configs/gemm/gemm_2182.json,reports/gemm/gemm_2182/csynth.xml,reports/gemm/gemm_2182/export_impl.xml,reports/gemm/gemm_2182/power_routed.rpt,NO,
gemm_2183,128,64,128,8,1,8,option_3,jik,ji,,False,YES,YES,NO,configs/gemm/gemm_2183.json,reports/gemm/gemm_2183/csynth.xml,,,NO,
gemm_2184,128,64,128,8,1,8,option_3,jki,ji,,False,YES,YES,NO,configs/gemm/gemm_2184.json,reports/gemm/gemm_2184/csynth.xml,,,NO,
gemm_2185,128,64,128,8,1,8,option_3,kij,ij,,False,YES,YES,NO,configs/gemm/gemm_2185.json,reports/gemm/gemm_2185/csynth.xml,,,NO,
gemm_2186,128,64,128,8,1,8,option_3,kji,ji,,False,YES,YES,NO,configs/gemm/gemm_2186.json,reports/gemm/gemm_2186/csynth.xml,,,NO,
gemm_2187,128,64,128,8,1,8,option_3,ijk,ij,,True,YES,YES,NO,configs/gemm/gemm_2187.json,reports/gemm/gemm_2187/csynth.xml,,,NO,
gemm_2188,128,64,128,8,1,8,option_3,ikj,ij,,True,YES,YES,NO,configs/gemm/gemm_2188.json,reports/gemm/gemm_2188/csynth.xml,,,NO,
gemm_2189,128,64,128,8,1,8,option_3,jik,ji,,True,YES,YES,NO,configs/gemm/gemm_2189.json,reports/gemm/gemm_2189/csynth.xml,,,NO,
gemm_2190,128,64,128,8,1,8,option_3,jki,ji,,True,YES,YES,NO,configs/gemm/gemm_2190.json,reports/gemm/gemm_2190/csynth.xml,,,NO,
gemm_2191,128,64,128,8,1,8,option_3,kij,ij,,True,YES,YES,NO,configs/gemm/gemm_2191.json,reports/gemm/gemm_2191/csynth.xml,,,NO,
gemm_2192,128,64,128,8,1,8,option_3,kji,ji,,True,YES,YES,NO,configs/gemm/gemm_2192.json,reports/gemm/gemm_2192/csynth.xml,,,NO,
gemm_2193,128,64,128,8,1,8,option_4,,ij,ij,False,YES,YES,YES,configs/gemm/gemm_2193.json,reports/gemm/gemm_2193/csynth.xml,reports/gemm/gemm_2193/export_impl.xml,reports/gemm/gemm_2193/power_routed.rpt,NO,
gemm_2194,128,64,128,8,1,8,option_4,,ij,ji,False,YES,YES,NO,configs/gemm/gemm_2194.json,reports/gemm/gemm_2194/csynth.xml,,,NO,
gemm_2195,128,64,128,8,1,8,option_4,,ji,ij,False,YES,YES,YES,configs/gemm/gemm_2195.json,reports/gemm/gemm_2195/csynth.xml,reports/gemm/gemm_2195/export_impl.xml,reports/gemm/gemm_2195/power_routed.rpt,NO,
gemm_2196,128,64,128,8,1,8,option_4,,ji,ji,False,YES,YES,NO,configs/gemm/gemm_2196.json,reports/gemm/gemm_2196/csynth.xml,,,NO,
gemm_2197,128,64,128,8,1,8,option_4,,ij,ij,True,YES,YES,NO,configs/gemm/gemm_2197.json,reports/gemm/gemm_2197/csynth.xml,,,NO,
gemm_2198,128,64,128,8,1,8,option_4,,ij,ji,True,YES,YES,YES,configs/gemm/gemm_2198.json,reports/gemm/gemm_2198/csynth.xml,reports/gemm/gemm_2198/export_impl.xml,reports/gemm/gemm_2198/power_routed.rpt,NO,
gemm_2199,128,64,128,8,1,8,option_4,,ji,ij,True,YES,YES,NO,configs/gemm/gemm_2199.json,reports/gemm/gemm_2199/csynth.xml,,,NO,
gemm_2200,128,64,128,8,1,8,option_4,,ji,ji,True,YES,YES,NO,configs/gemm/gemm_2200.json,reports/gemm/gemm_2200/csynth.xml,,,NO,
gemm_2201,128,64,128,8,1,8,option_5,,ij,ij,False,YES,YES,NO,configs/gemm/gemm_2201.json,reports/gemm/gemm_2201/csynth.xml,,,NO,
gemm_2202,128,64,128,8,1,8,option_5,,ij,ji,False,YES,YES,NO,configs/gemm/gemm_2202.json,reports/gemm/gemm_2202/csynth.xml,,,NO,
gemm_2203,128,64,128,8,1,8,option_5,,ji,ij,False,YES,YES,NO,configs/gemm/gemm_2203.json,reports/gemm/gemm_2203/csynth.xml,,,NO,
gemm_2204,128,64,128,8,1,8,option_5,,ji,ji,False,YES,YES,NO,configs/gemm/gemm_2204.json,reports/gemm/gemm_2204/csynth.xml,,,NO,
gemm_2205,128,64,128,8,1,8,option_5,,ij,ij,True,YES,YES,NO,configs/gemm/gemm_2205.json,reports/gemm/gemm_2205/csynth.xml,,,NO,
gemm_2206,128,64,128,8,1,8,option_5,,ij,ji,True,YES,YES,NO,configs/gemm/gemm_2206.json,reports/gemm/gemm_2206/csynth.xml,,,NO,
gemm_2207,128,64,128,8,1,8,option_5,,ji,ij,True,YES,YES,NO,configs/gemm/gemm_2207.json,reports/gemm/gemm_2207/csynth.xml,,,NO,
gemm_2208,128,64,128,8,1,8,option_5,,ji,ji,True,YES,YES,NO,configs/gemm/gemm_2208.json,reports/gemm/gemm_2208/csynth.xml,,,NO,
gemm_2209,128,64,128,8,8,1,option_1,,ij,ij,False,YES,YES,NO,configs/gemm/gemm_2209.json,reports/gemm/gemm_2209/csynth.xml,,,NO,
gemm_2210,128,64,128,8,8,1,option_1,,ij,ji,False,YES,YES,YES,configs/gemm/gemm_2210.json,reports/gemm/gemm_2210/csynth.xml,reports/gemm/gemm_2210/export_impl.xml,reports/gemm/gemm_2210/power_routed.rpt,NO,
gemm_2211,128,64,128,8,8,1,option_1,,ji,ij,False,YES,YES,YES,configs/gemm/gemm_2211.json,reports/gemm/gemm_2211/csynth.xml,reports/gemm/gemm_2211/export_impl.xml,reports/gemm/gemm_2211/power_routed.rpt,NO,
gemm_2212,128,64,128,8,8,1,option_1,,ji,ji,False,YES,YES,NO,configs/gemm/gemm_2212.json,reports/gemm/gemm_2212/csynth.xml,,,NO,
gemm_2213,128,64,128,8,8,1,option_1,,ij,ij,True,YES,YES,NO,configs/gemm/gemm_2213.json,reports/gemm/gemm_2213/csynth.xml,,,NO,
gemm_2214,128,64,128,8,8,1,option_1,,ij,ji,True,YES,YES,YES,configs/gemm/gemm_2214.json,reports/gemm/gemm_2214/csynth.xml,reports/gemm/gemm_2214/export_impl.xml,reports/gemm/gemm_2214/power_routed.rpt,NO,
gemm_2215,128,64,128,8,8,1,option_1,,ji,ij,True,YES,YES,NO,configs/gemm/gemm_2215.json,reports/gemm/gemm_2215/csynth.xml,,,NO,
gemm_2216,128,64,128,8,8,1,option_1,,ji,ji,True,YES,YES,NO,configs/gemm/gemm_2216.json,reports/gemm/gemm_2216/csynth.xml,,,NO,
gemm_2217,128,64,128,8,8,1,option_2,ijk,ij,,False,YES,YES,NO,configs/gemm/gemm_2217.json,reports/gemm/gemm_2217/csynth.xml,,,NO,
gemm_2218,128,64,128,8,8,1,option_2,ikj,ij,,False,YES,YES,NO,configs/gemm/gemm_2218.json,reports/gemm/gemm_2218/csynth.xml,,,NO,
gemm_2219,128,64,128,8,8,1,option_2,jik,ji,,False,YES,YES,NO,configs/gemm/gemm_2219.json,reports/gemm/gemm_2219/csynth.xml,,,NO,
gemm_2220,128,64,128,8,8,1,option_2,jki,ji,,False,YES,YES,NO,configs/gemm/gemm_2220.json,reports/gemm/gemm_2220/csynth.xml,,,NO,
gemm_2221,128,64,128,8,8,1,option_2,kij,ij,,False,YES,YES,NO,configs/gemm/gemm_2221.json,reports/gemm/gemm_2221/csynth.xml,,,NO,
gemm_2222,128,64,128,8,8,1,option_2,kji,ji,,False,YES,YES,NO,configs/gemm/gemm_2222.json,reports/gemm/gemm_2222/csynth.xml,,,NO,
gemm_2223,128,64,128,8,8,1,option_2,ijk,ij,,True,YES,YES,YES,configs/gemm/gemm_2223.json,reports/gemm/gemm_2223/csynth.xml,reports/gemm/gemm_2223/export_impl.xml,reports/gemm/gemm_2223/power_routed.rpt,NO,
gemm_2224,128,64,128,8,8,1,option_2,ikj,ij,,True,YES,YES,NO,configs/gemm/gemm_2224.json,reports/gemm/gemm_2224/csynth.xml,,,NO,
gemm_2225,128,64,128,8,8,1,option_2,jik,ji,,True,YES,YES,NO,configs/gemm/gemm_2225.json,reports/gemm/gemm_2225/csynth.xml,,,NO,
gemm_2226,128,64,128,8,8,1,option_2,jki,ji,,True,YES,YES,NO,configs/gemm/gemm_2226.json,reports/gemm/gemm_2226/csynth.xml,,,NO,
gemm_2227,128,64,128,8,8,1,option_2,kij,ij,,True,YES,YES,NO,configs/gemm/gemm_2227.json,reports/gemm/gemm_2227/csynth.xml,,,NO,
gemm_2228,128,64,128,8,8,1,option_2,kji,ji,,True,YES,YES,NO,configs/gemm/gemm_2228.json,reports/gemm/gemm_2228/csynth.xml,,,NO,
gemm_2229,128,64,128,8,8,1,option_3,ijk,ij,,False,YES,YES,NO,configs/gemm/gemm_2229.json,reports/gemm/gemm_2229/csynth.xml,,,NO,
gemm_2230,128,64,128,8,8,1,option_3,ikj,ij,,False,YES,YES,YES,configs/gemm/gemm_2230.json,reports/gemm/gemm_2230/csynth.xml,reports/gemm/gemm_2230/export_impl.xml,reports/gemm/gemm_2230/power_routed.rpt,NO,
gemm_2231,128,64,128,8,8,1,option_3,jik,ji,,False,YES,YES,NO,configs/gemm/gemm_2231.json,reports/gemm/gemm_2231/csynth.xml,,,NO,
gemm_2232,128,64,128,8,8,1,option_3,jki,ji,,False,YES,YES,YES,configs/gemm/gemm_2232.json,reports/gemm/gemm_2232/csynth.xml,reports/gemm/gemm_2232/export_impl.xml,reports/gemm/gemm_2232/power_routed.rpt,NO,
gemm_2233,128,64,128,8,8,1,option_3,kij,ij,,False,YES,YES,YES,configs/gemm/gemm_2233.json,reports/gemm/gemm_2233/csynth.xml,reports/gemm/gemm_2233/export_impl.xml,reports/gemm/gemm_2233/power_routed.rpt,NO,
gemm_2234,128,64,128,8,8,1,option_3,kji,ji,,False,YES,YES,YES,configs/gemm/gemm_2234.json,reports/gemm/gemm_2234/csynth.xml,reports/gemm/gemm_2234/export_impl.xml,reports/gemm/gemm_2234/power_routed.rpt,NO,
gemm_2235,128,64,128,8,8,1,option_3,ijk,ij,,True,YES,YES,NO,configs/gemm/gemm_2235.json,reports/gemm/gemm_2235/csynth.xml,,,NO,
gemm_2236,128,64,128,8,8,1,option_3,ikj,ij,,True,YES,YES,NO,configs/gemm/gemm_2236.json,reports/gemm/gemm_2236/csynth.xml,,,NO,
gemm_2237,128,64,128,8,8,1,option_3,jik,ji,,True,YES,YES,NO,configs/gemm/gemm_2237.json,reports/gemm/gemm_2237/csynth.xml,,,NO,
gemm_2238,128,64,128,8,8,1,option_3,jki,ji,,True,YES,YES,NO,configs/gemm/gemm_2238.json,reports/gemm/gemm_2238/csynth.xml,,,NO,
gemm_2239,128,64,128,8,8,1,option_3,kij,ij,,True,YES,YES,NO,configs/gemm/gemm_2239.json,reports/gemm/gemm_2239/csynth.xml,,,NO,
gemm_2240,128,64,128,8,8,1,option_3,kji,ji,,True,YES,YES,NO,configs/gemm/gemm_2240.json,reports/gemm/gemm_2240/csynth.xml,,,NO,
gemm_2241,128,64,128,8,8,1,option_4,,ij,ij,False,YES,YES,NO,configs/gemm/gemm_2241.json,reports/gemm/gemm_2241/csynth.xml,,,NO,
gemm_2242,128,64,128,8,8,1,option_4,,ij,ji,False,YES,YES,NO,configs/gemm/gemm_2242.json,reports/gemm/gemm_2242/csynth.xml,,,NO,
gemm_2243,128,64,128,8,8,1,option_4,,ji,ij,False,YES,YES,NO,configs/gemm/gemm_2243.json,reports/gemm/gemm_2243/csynth.xml,,,NO,
gemm_2244,128,64,128,8,8,1,option_4,,ji,ji,False,YES,YES,NO,configs/gemm/gemm_2244.json,reports/gemm/gemm_2244/csynth.xml,,,NO,
gemm_2245,128,64,128,8,8,1,option_4,,ij,ij,True,YES,YES,NO,configs/gemm/gemm_2245.json,reports/gemm/gemm_2245/csynth.xml,,,NO,
gemm_2246,128,64,128,8,8,1,option_4,,ij,ji,True,YES,YES,YES,configs/gemm/gemm_2246.json,reports/gemm/gemm_2246/csynth.xml,reports/gemm/gemm_2246/export_impl.xml,reports/gemm/gemm_2246/power_routed.rpt,NO,
gemm_2247,128,64,128,8,8,1,option_4,,ji,ij,True,YES,YES,NO,configs/gemm/gemm_2247.json,reports/gemm/gemm_2247/csynth.xml,,,NO,
gemm_2248,128,64,128,8,8,1,option_4,,ji,ji,True,YES,YES,NO,configs/gemm/gemm_2248.json,reports/gemm/gemm_2248/csynth.xml,,,NO,
gemm_2249,128,64,128,8,8,1,option_5,,ij,ij,False,YES,YES,YES,configs/gemm/gemm_2249.json,reports/gemm/gemm_2249/csynth.xml,reports/gemm/gemm_2249/export_impl.xml,reports/gemm/gemm_2249/power_routed.rpt,NO,
gemm_2250,128,64,128,8,8,1,option_5,,ij,ji,False,YES,YES,NO,configs/gemm/gemm_2250.json,reports/gemm/gemm_2250/csynth.xml,,,NO,
gemm_2251,128,64,128,8,8,1,option_5,,ji,ij,False,YES,YES,NO,configs/gemm/gemm_2251.json,reports/gemm/gemm_2251/csynth.xml,,,NO,
gemm_2252,128,64,128,8,8,1,option_5,,ji,ji,False,YES,YES,YES,configs/gemm/gemm_2252.json,reports/gemm/gemm_2252/csynth.xml,reports/gemm/gemm_2252/export_impl.xml,reports/gemm/gemm_2252/power_routed.rpt,NO,
gemm_2253,128,64,128,8,8,1,option_5,,ij,ij,True,YES,YES,NO,configs/gemm/gemm_2253.json,reports/gemm/gemm_2253/csynth.xml,,,NO,
gemm_2254,128,64,128,8,8,1,option_5,,ij,ji,True,YES,YES,NO,configs/gemm/gemm_2254.json,reports/gemm/gemm_2254/csynth.xml,,,NO,
gemm_2255,128,64,128,8,8,1,option_5,,ji,ij,True,YES,YES,NO,configs/gemm/gemm_2255.json,reports/gemm/gemm_2255/csynth.xml,,,NO,
gemm_2256,128,64,128,8,8,1,option_5,,ji,ji,True,YES,YES,NO,configs/gemm/gemm_2256.json,reports/gemm/gemm_2256/csynth.xml,,,NO,
gemm_2257,128,64,128,8,8,8,option_1,,ij,ij,False,YES,YES,YES,configs/gemm/gemm_2257.json,reports/gemm/gemm_2257/csynth.xml,reports/gemm/gemm_2257/export_impl.xml,reports/gemm/gemm_2257/power_routed.rpt,NO,
gemm_2258,128,64,128,8,8,8,option_1,,ij,ji,False,YES,YES,NO,configs/gemm/gemm_2258.json,reports/gemm/gemm_2258/csynth.xml,,,NO,
gemm_2259,128,64,128,8,8,8,option_1,,ji,ij,False,YES,YES,NO,configs/gemm/gemm_2259.json,reports/gemm/gemm_2259/csynth.xml,,,NO,
gemm_2260,128,64,128,8,8,8,option_1,,ji,ji,False,YES,YES,NO,configs/gemm/gemm_2260.json,reports/gemm/gemm_2260/csynth.xml,,,NO,
gemm_2261,128,64,128,8,8,8,option_1,,ij,ij,True,YES,YES,YES,configs/gemm/gemm_2261.json,reports/gemm/gemm_2261/csynth.xml,reports/gemm/gemm_2261/export_impl.xml,reports/gemm/gemm_2261/power_routed.rpt,NO,
gemm_2262,128,64,128,8,8,8,option_1,,ij,ji,True,YES,YES,NO,configs/gemm/gemm_2262.json,reports/gemm/gemm_2262/csynth.xml,,,NO,
gemm_2263,128,64,128,8,8,8,option_1,,ji,ij,True,YES,YES,YES,configs/gemm/gemm_2263.json,reports/gemm/gemm_2263/csynth.xml,reports/gemm/gemm_2263/export_impl.xml,reports/gemm/gemm_2263/power_routed.rpt,NO,
gemm_2264,128,64,128,8,8,8,option_1,,ji,ji,True,YES,YES,NO,configs/gemm/gemm_2264.json,reports/gemm/gemm_2264/csynth.xml,,,NO,
gemm_2265,128,64,128,8,8,8,option_2,ijk,ij,,False,YES,YES,NO,configs/gemm/gemm_2265.json,reports/gemm/gemm_2265/csynth.xml,,,NO,
gemm_2266,128,64,128,8,8,8,option_2,ikj,ij,,False,YES,YES,NO,configs/gemm/gemm_2266.json,reports/gemm/gemm_2266/csynth.xml,,,NO,
gemm_2267,128,64,128,8,8,8,option_2,jik,ji,,False,YES,YES,YES,configs/gemm/gemm_2267.json,reports/gemm/gemm_2267/csynth.xml,reports/gemm/gemm_2267/export_impl.xml,reports/gemm/gemm_2267/power_routed.rpt,NO,
gemm_2268,128,64,128,8,8,8,option_2,jki,ji,,False,YES,YES,NO,configs/gemm/gemm_2268.json,reports/gemm/gemm_2268/csynth.xml,,,NO,
gemm_2269,128,64,128,8,8,8,option_2,kij,ij,,False,YES,YES,NO,configs/gemm/gemm_2269.json,reports/gemm/gemm_2269/csynth.xml,,,NO,
gemm_2270,128,64,128,8,8,8,option_2,kji,ji,,False,YES,YES,NO,configs/gemm/gemm_2270.json,reports/gemm/gemm_2270/csynth.xml,,,NO,
gemm_2271,128,64,128,8,8,8,option_2,ijk,ij,,True,YES,YES,NO,configs/gemm/gemm_2271.json,reports/gemm/gemm_2271/csynth.xml,,,NO,
gemm_2272,128,64,128,8,8,8,option_2,ikj,ij,,True,YES,YES,NO,configs/gemm/gemm_2272.json,reports/gemm/gemm_2272/csynth.xml,,,NO,
gemm_2273,128,64,128,8,8,8,option_2,jik,ji,,True,YES,YES,NO,configs/gemm/gemm_2273.json,reports/gemm/gemm_2273/csynth.xml,,,NO,
gemm_2274,128,64,128,8,8,8,option_2,jki,ji,,True,YES,YES,NO,configs/gemm/gemm_2274.json,reports/gemm/gemm_2274/csynth.xml,,,NO,
gemm_2275,128,64,128,8,8,8,option_2,kij,ij,,True,YES,YES,NO,configs/gemm/gemm_2275.json,reports/gemm/gemm_2275/csynth.xml,,,NO,
gemm_2276,128,64,128,8,8,8,option_2,kji,ji,,True,YES,YES,NO,configs/gemm/gemm_2276.json,reports/gemm/gemm_2276/csynth.xml,,,NO,
gemm_2277,128,64,128,8,8,8,option_3,ijk,ij,,False,YES,YES,NO,configs/gemm/gemm_2277.json,reports/gemm/gemm_2277/csynth.xml,,,NO,
gemm_2278,128,64,128,8,8,8,option_3,ikj,ij,,False,YES,YES,NO,configs/gemm/gemm_2278.json,reports/gemm/gemm_2278/csynth.xml,,,NO,
gemm_2279,128,64,128,8,8,8,option_3,jik,ji,,False,YES,YES,NO,configs/gemm/gemm_2279.json,reports/gemm/gemm_2279/csynth.xml,,,NO,
gemm_2280,128,64,128,8,8,8,option_3,jki,ji,,False,YES,YES,NO,configs/gemm/gemm_2280.json,reports/gemm/gemm_2280/csynth.xml,,,NO,
gemm_2281,128,64,128,8,8,8,option_3,kij,ij,,False,YES,YES,NO,configs/gemm/gemm_2281.json,reports/gemm/gemm_2281/csynth.xml,,,NO,
gemm_2282,128,64,128,8,8,8,option_3,kji,ji,,False,YES,YES,NO,configs/gemm/gemm_2282.json,reports/gemm/gemm_2282/csynth.xml,,,NO,
gemm_2283,128,64,128,8,8,8,option_3,ijk,ij,,True,YES,YES,NO,configs/gemm/gemm_2283.json,reports/gemm/gemm_2283/csynth.xml,,,NO,
gemm_2284,128,64,128,8,8,8,option_3,ikj,ij,,True,YES,YES,NO,configs/gemm/gemm_2284.json,reports/gemm/gemm_2284/csynth.xml,,,NO,
gemm_2285,128,64,128,8,8,8,option_3,jik,ji,,True,YES,YES,NO,configs/gemm/gemm_2285.json,reports/gemm/gemm_2285/csynth.xml,,,NO,
gemm_2286,128,64,128,8,8,8,option_3,jki,ji,,True,YES,YES,NO,configs/gemm/gemm_2286.json,reports/gemm/gemm_2286/csynth.xml,,,NO,
gemm_2287,128,64,128,8,8,8,option_3,kij,ij,,True,YES,YES,YES,configs/gemm/gemm_2287.json,reports/gemm/gemm_2287/csynth.xml,reports/gemm/gemm_2287/export_impl.xml,reports/gemm/gemm_2287/power_routed.rpt,NO,
gemm_2288,128,64,128,8,8,8,option_3,kji,ji,,True,YES,YES,YES,configs/gemm/gemm_2288.json,reports/gemm/gemm_2288/csynth.xml,reports/gemm/gemm_2288/export_impl.xml,reports/gemm/gemm_2288/power_routed.rpt,NO,
gemm_2289,128,64,128,8,8,8,option_4,,ij,ij,False,YES,YES,NO,configs/gemm/gemm_2289.json,reports/gemm/gemm_2289/csynth.xml,,,NO,
gemm_2290,128,64,128,8,8,8,option_4,,ij,ji,False,YES,YES,NO,configs/gemm/gemm_2290.json,reports/gemm/gemm_2290/csynth.xml,,,NO,
gemm_2291,128,64,128,8,8,8,option_4,,ji,ij,False,YES,YES,NO,configs/gemm/gemm_2291.json,reports/gemm/gemm_2291/csynth.xml,,,NO,
gemm_2292,128,64,128,8,8,8,option_4,,ji,ji,False,YES,YES,NO,configs/gemm/gemm_2292.json,reports/gemm/gemm_2292/csynth.xml,,,NO,
gemm_2293,128,64,128,8,8,8,option_4,,ij,ij,True,YES,YES,YES,configs/gemm/gemm_2293.json,reports/gemm/gemm_2293/csynth.xml,reports/gemm/gemm_2293/export_impl.xml,reports/gemm/gemm_2293/power_routed.rpt,NO,
gemm_2294,128,64,128,8,8,8,option_4,,ij,ji,True,YES,YES,NO,configs/gemm/gemm_2294.json,reports/gemm/gemm_2294/csynth.xml,,,NO,
gemm_2295,128,64,128,8,8,8,option_4,,ji,ij,True,YES,YES,NO,configs/gemm/gemm_2295.json,reports/gemm/gemm_2295/csynth.xml,,,NO,
gemm_2296,128,64,128,8,8,8,option_4,,ji,ji,True,YES,YES,NO,configs/gemm/gemm_2296.json,reports/gemm/gemm_2296/csynth.xml,,,NO,
gemm_2297,128,64,128,8,8,8,option_5,,ij,ij,False,YES,YES,YES,configs/gemm/gemm_2297.json,reports/gemm/gemm_2297/csynth.xml,reports/gemm/gemm_2297/export_impl.xml,reports/gemm/gemm_2297/power_routed.rpt,NO,
gemm_2298,128,64,128,8,8,8,option_5,,ij,ji,False,YES,YES,NO,configs/gemm/gemm_2298.json,reports/gemm/gemm_2298/csynth.xml,,,NO,
gemm_2299,128,64,128,8,8,8,option_5,,ji,ij,False,YES,YES,NO,configs/gemm/gemm_2299.json,reports/gemm/gemm_2299/csynth.xml,,,NO,
gemm_2300,128,64,128,8,8,8,option_5,,ji,ji,False,YES,YES,NO,configs/gemm/gemm_2300.json,reports/gemm/gemm_2300/csynth.xml,,,NO,
gemm_2301,128,64,128,8,8,8,option_5,,ij,ij,True,YES,YES,YES,configs/gemm/gemm_2301.json,reports/gemm/gemm_2301/csynth.xml,reports/gemm/gemm_2301/export_impl.xml,reports/gemm/gemm_2301/power_routed.rpt,NO,
gemm_2302,128,64,128,8,8,8,option_5,,ij,ji,True,YES,YES,YES,configs/gemm/gemm_2302.json,reports/gemm/gemm_2302/csynth.xml,reports/gemm/gemm_2302/export_impl.xml,reports/gemm/gemm_2302/power_routed.rpt,NO,
gemm_2303,128,64,128,8,8,8,option_5,,ji,ij,True,YES,YES,NO,configs/gemm/gemm_2303.json,reports/gemm/gemm_2303/csynth.xml,,,NO,
gemm_2304,128,64,128,8,8,8,option_5,,ji,ji,True,YES,YES,NO,configs/gemm/gemm_2304.json,reports/gemm/gemm_2304/csynth.xml,,,NO,
gemm_2305,128,128,64,1,1,1,option_1,,ij,ij,False,YES,YES,YES,configs/gemm/gemm_2305.json,reports/gemm/gemm_2305/csynth.xml,reports/gemm/gemm_2305/export_impl.xml,reports/gemm/gemm_2305/power_routed.rpt,NO,
gemm_2306,128,128,64,1,1,1,option_1,,ij,ji,False,YES,YES,YES,configs/gemm/gemm_2306.json,reports/gemm/gemm_2306/csynth.xml,reports/gemm/gemm_2306/export_impl.xml,reports/gemm/gemm_2306/power_routed.rpt,NO,
gemm_2307,128,128,64,1,1,1,option_1,,ji,ij,False,YES,YES,YES,configs/gemm/gemm_2307.json,reports/gemm/gemm_2307/csynth.xml,reports/gemm/gemm_2307/export_impl.xml,reports/gemm/gemm_2307/power_routed.rpt,NO,
gemm_2308,128,128,64,1,1,1,option_1,,ji,ji,False,YES,YES,YES,configs/gemm/gemm_2308.json,reports/gemm/gemm_2308/csynth.xml,reports/gemm/gemm_2308/export_impl.xml,reports/gemm/gemm_2308/power_routed.rpt,NO,
gemm_2309,128,128,64,1,1,1,option_1,,ij,ij,True,YES,YES,YES,configs/gemm/gemm_2309.json,reports/gemm/gemm_2309/csynth.xml,reports/gemm/gemm_2309/export_impl.xml,reports/gemm/gemm_2309/power_routed.rpt,NO,
gemm_2310,128,128,64,1,1,1,option_1,,ij,ji,True,YES,YES,YES,configs/gemm/gemm_2310.json,reports/gemm/gemm_2310/csynth.xml,reports/gemm/gemm_2310/export_impl.xml,reports/gemm/gemm_2310/power_routed.rpt,NO,
gemm_2311,128,128,64,1,1,1,option_1,,ji,ij,True,YES,YES,YES,configs/gemm/gemm_2311.json,reports/gemm/gemm_2311/csynth.xml,reports/gemm/gemm_2311/export_impl.xml,reports/gemm/gemm_2311/power_routed.rpt,NO,
gemm_2312,128,128,64,1,1,1,option_1,,ji,ji,True,YES,YES,YES,configs/gemm/gemm_2312.json,reports/gemm/gemm_2312/csynth.xml,reports/gemm/gemm_2312/export_impl.xml,reports/gemm/gemm_2312/power_routed.rpt,NO,
gemm_2313,128,128,64,1,1,1,option_2,ijk,ij,,False,YES,YES,YES,configs/gemm/gemm_2313.json,reports/gemm/gemm_2313/csynth.xml,reports/gemm/gemm_2313/export_impl.xml,reports/gemm/gemm_2313/power_routed.rpt,NO,
gemm_2314,128,128,64,1,1,1,option_2,ikj,ij,,False,YES,YES,YES,configs/gemm/gemm_2314.json,reports/gemm/gemm_2314/csynth.xml,reports/gemm/gemm_2314/export_impl.xml,reports/gemm/gemm_2314/power_routed.rpt,NO,
gemm_2315,128,128,64,1,1,1,option_2,jik,ji,,False,YES,YES,YES,configs/gemm/gemm_2315.json,reports/gemm/gemm_2315/csynth.xml,reports/gemm/gemm_2315/export_impl.xml,reports/gemm/gemm_2315/power_routed.rpt,NO,
gemm_2316,128,128,64,1,1,1,option_2,jki,ji,,False,YES,YES,YES,configs/gemm/gemm_2316.json,reports/gemm/gemm_2316/csynth.xml,reports/gemm/gemm_2316/export_impl.xml,reports/gemm/gemm_2316/power_routed.rpt,NO,
gemm_2317,128,128,64,1,1,1,option_2,kij,ij,,False,YES,YES,YES,configs/gemm/gemm_2317.json,reports/gemm/gemm_2317/csynth.xml,reports/gemm/gemm_2317/export_impl.xml,reports/gemm/gemm_2317/power_routed.rpt,NO,
gemm_2318,128,128,64,1,1,1,option_2,kji,ji,,False,YES,YES,YES,configs/gemm/gemm_2318.json,reports/gemm/gemm_2318/csynth.xml,reports/gemm/gemm_2318/export_impl.xml,reports/gemm/gemm_2318/power_routed.rpt,NO,
gemm_2319,128,128,64,1,1,1,option_2,ijk,ij,,True,YES,YES,YES,configs/gemm/gemm_2319.json,reports/gemm/gemm_2319/csynth.xml,reports/gemm/gemm_2319/export_impl.xml,reports/gemm/gemm_2319/power_routed.rpt,NO,
gemm_2320,128,128,64,1,1,1,option_2,ikj,ij,,True,YES,YES,YES,configs/gemm/gemm_2320.json,reports/gemm/gemm_2320/csynth.xml,reports/gemm/gemm_2320/export_impl.xml,reports/gemm/gemm_2320/power_routed.rpt,NO,
gemm_2321,128,128,64,1,1,1,option_2,jik,ji,,True,YES,YES,YES,configs/gemm/gemm_2321.json,reports/gemm/gemm_2321/csynth.xml,reports/gemm/gemm_2321/export_impl.xml,reports/gemm/gemm_2321/power_routed.rpt,NO,
gemm_2322,128,128,64,1,1,1,option_2,jki,ji,,True,YES,YES,YES,configs/gemm/gemm_2322.json,reports/gemm/gemm_2322/csynth.xml,reports/gemm/gemm_2322/export_impl.xml,reports/gemm/gemm_2322/power_routed.rpt,NO,
gemm_2323,128,128,64,1,1,1,option_2,kij,ij,,True,YES,YES,YES,configs/gemm/gemm_2323.json,reports/gemm/gemm_2323/csynth.xml,reports/gemm/gemm_2323/export_impl.xml,reports/gemm/gemm_2323/power_routed.rpt,NO,
gemm_2324,128,128,64,1,1,1,option_2,kji,ji,,True,YES,YES,YES,configs/gemm/gemm_2324.json,reports/gemm/gemm_2324/csynth.xml,reports/gemm/gemm_2324/export_impl.xml,reports/gemm/gemm_2324/power_routed.rpt,NO,
gemm_2325,128,128,64,1,1,1,option_3,ijk,ij,,False,YES,YES,YES,configs/gemm/gemm_2325.json,reports/gemm/gemm_2325/csynth.xml,reports/gemm/gemm_2325/export_impl.xml,reports/gemm/gemm_2325/power_routed.rpt,NO,
gemm_2326,128,128,64,1,1,1,option_3,ikj,ij,,False,YES,YES,YES,configs/gemm/gemm_2326.json,reports/gemm/gemm_2326/csynth.xml,reports/gemm/gemm_2326/export_impl.xml,reports/gemm/gemm_2326/power_routed.rpt,NO,
gemm_2327,128,128,64,1,1,1,option_3,jik,ji,,False,YES,YES,YES,configs/gemm/gemm_2327.json,reports/gemm/gemm_2327/csynth.xml,reports/gemm/gemm_2327/export_impl.xml,reports/gemm/gemm_2327/power_routed.rpt,NO,
gemm_2328,128,128,64,1,1,1,option_3,jki,ji,,False,YES,YES,YES,configs/gemm/gemm_2328.json,reports/gemm/gemm_2328/csynth.xml,reports/gemm/gemm_2328/export_impl.xml,reports/gemm/gemm_2328/power_routed.rpt,NO,
gemm_2329,128,128,64,1,1,1,option_3,kij,ij,,False,YES,YES,YES,configs/gemm/gemm_2329.json,reports/gemm/gemm_2329/csynth.xml,reports/gemm/gemm_2329/export_impl.xml,reports/gemm/gemm_2329/power_routed.rpt,NO,
gemm_2330,128,128,64,1,1,1,option_3,kji,ji,,False,YES,YES,YES,configs/gemm/gemm_2330.json,reports/gemm/gemm_2330/csynth.xml,reports/gemm/gemm_2330/export_impl.xml,reports/gemm/gemm_2330/power_routed.rpt,NO,
gemm_2331,128,128,64,1,1,1,option_3,ijk,ij,,True,YES,YES,YES,configs/gemm/gemm_2331.json,reports/gemm/gemm_2331/csynth.xml,reports/gemm/gemm_2331/export_impl.xml,reports/gemm/gemm_2331/power_routed.rpt,NO,
gemm_2332,128,128,64,1,1,1,option_3,ikj,ij,,True,YES,YES,YES,configs/gemm/gemm_2332.json,reports/gemm/gemm_2332/csynth.xml,reports/gemm/gemm_2332/export_impl.xml,reports/gemm/gemm_2332/power_routed.rpt,NO,
gemm_2333,128,128,64,1,1,1,option_3,jik,ji,,True,YES,YES,YES,configs/gemm/gemm_2333.json,reports/gemm/gemm_2333/csynth.xml,reports/gemm/gemm_2333/export_impl.xml,reports/gemm/gemm_2333/power_routed.rpt,NO,
gemm_2334,128,128,64,1,1,1,option_3,jki,ji,,True,YES,YES,YES,configs/gemm/gemm_2334.json,reports/gemm/gemm_2334/csynth.xml,reports/gemm/gemm_2334/export_impl.xml,reports/gemm/gemm_2334/power_routed.rpt,NO,
gemm_2335,128,128,64,1,1,1,option_3,kij,ij,,True,YES,YES,YES,configs/gemm/gemm_2335.json,reports/gemm/gemm_2335/csynth.xml,reports/gemm/gemm_2335/export_impl.xml,reports/gemm/gemm_2335/power_routed.rpt,NO,
gemm_2336,128,128,64,1,1,1,option_3,kji,ji,,True,YES,YES,YES,configs/gemm/gemm_2336.json,reports/gemm/gemm_2336/csynth.xml,reports/gemm/gemm_2336/export_impl.xml,reports/gemm/gemm_2336/power_routed.rpt,NO,
gemm_2337,128,128,64,1,1,1,option_4,,ij,ij,False,YES,YES,YES,configs/gemm/gemm_2337.json,reports/gemm/gemm_2337/csynth.xml,reports/gemm/gemm_2337/export_impl.xml,reports/gemm/gemm_2337/power_routed.rpt,NO,
gemm_2338,128,128,64,1,1,1,option_4,,ij,ji,False,YES,YES,YES,configs/gemm/gemm_2338.json,reports/gemm/gemm_2338/csynth.xml,reports/gemm/gemm_2338/export_impl.xml,reports/gemm/gemm_2338/power_routed.rpt,NO,
gemm_2339,128,128,64,1,1,1,option_4,,ji,ij,False,YES,YES,YES,configs/gemm/gemm_2339.json,reports/gemm/gemm_2339/csynth.xml,reports/gemm/gemm_2339/export_impl.xml,reports/gemm/gemm_2339/power_routed.rpt,NO,
gemm_2340,128,128,64,1,1,1,option_4,,ji,ji,False,YES,YES,YES,configs/gemm/gemm_2340.json,reports/gemm/gemm_2340/csynth.xml,reports/gemm/gemm_2340/export_impl.xml,reports/gemm/gemm_2340/power_routed.rpt,NO,
gemm_2341,128,128,64,1,1,1,option_4,,ij,ij,True,YES,YES,YES,configs/gemm/gemm_2341.json,reports/gemm/gemm_2341/csynth.xml,reports/gemm/gemm_2341/export_impl.xml,reports/gemm/gemm_2341/power_routed.rpt,NO,
gemm_2342,128,128,64,1,1,1,option_4,,ij,ji,True,YES,YES,YES,configs/gemm/gemm_2342.json,reports/gemm/gemm_2342/csynth.xml,reports/gemm/gemm_2342/export_impl.xml,reports/gemm/gemm_2342/power_routed.rpt,NO,
gemm_2343,128,128,64,1,1,1,option_4,,ji,ij,True,YES,YES,YES,configs/gemm/gemm_2343.json,reports/gemm/gemm_2343/csynth.xml,reports/gemm/gemm_2343/export_impl.xml,reports/gemm/gemm_2343/power_routed.rpt,NO,
gemm_2344,128,128,64,1,1,1,option_4,,ji,ji,True,YES,YES,YES,configs/gemm/gemm_2344.json,reports/gemm/gemm_2344/csynth.xml,reports/gemm/gemm_2344/export_impl.xml,reports/gemm/gemm_2344/power_routed.rpt,NO,
gemm_2345,128,128,64,1,1,1,option_5,,ij,ij,False,YES,YES,YES,configs/gemm/gemm_2345.json,reports/gemm/gemm_2345/csynth.xml,reports/gemm/gemm_2345/export_impl.xml,reports/gemm/gemm_2345/power_routed.rpt,NO,
gemm_2346,128,128,64,1,1,1,option_5,,ij,ji,False,YES,YES,YES,configs/gemm/gemm_2346.json,reports/gemm/gemm_2346/csynth.xml,reports/gemm/gemm_2346/export_impl.xml,reports/gemm/gemm_2346/power_routed.rpt,NO,
gemm_2347,128,128,64,1,1,1,option_5,,ji,ij,False,YES,YES,YES,configs/gemm/gemm_2347.json,reports/gemm/gemm_2347/csynth.xml,reports/gemm/gemm_2347/export_impl.xml,reports/gemm/gemm_2347/power_routed.rpt,NO,
gemm_2348,128,128,64,1,1,1,option_5,,ji,ji,False,YES,YES,YES,configs/gemm/gemm_2348.json,reports/gemm/gemm_2348/csynth.xml,reports/gemm/gemm_2348/export_impl.xml,reports/gemm/gemm_2348/power_routed.rpt,NO,
gemm_2349,128,128,64,1,1,1,option_5,,ij,ij,True,YES,YES,YES,configs/gemm/gemm_2349.json,reports/gemm/gemm_2349/csynth.xml,reports/gemm/gemm_2349/export_impl.xml,reports/gemm/gemm_2349/power_routed.rpt,NO,
gemm_2350,128,128,64,1,1,1,option_5,,ij,ji,True,YES,YES,YES,configs/gemm/gemm_2350.json,reports/gemm/gemm_2350/csynth.xml,reports/gemm/gemm_2350/export_impl.xml,reports/gemm/gemm_2350/power_routed.rpt,NO,
gemm_2351,128,128,64,1,1,1,option_5,,ji,ij,True,YES,YES,YES,configs/gemm/gemm_2351.json,reports/gemm/gemm_2351/csynth.xml,reports/gemm/gemm_2351/export_impl.xml,reports/gemm/gemm_2351/power_routed.rpt,NO,
gemm_2352,128,128,64,1,1,1,option_5,,ji,ji,True,YES,YES,YES,configs/gemm/gemm_2352.json,reports/gemm/gemm_2352/csynth.xml,reports/gemm/gemm_2352/export_impl.xml,reports/gemm/gemm_2352/power_routed.rpt,NO,
gemm_2353,128,128,64,1,1,8,option_1,,ij,ij,False,YES,YES,YES,configs/gemm/gemm_2353.json,reports/gemm/gemm_2353/csynth.xml,reports/gemm/gemm_2353/export_impl.xml,reports/gemm/gemm_2353/power_routed.rpt,NO,
gemm_2354,128,128,64,1,1,8,option_1,,ij,ji,False,YES,YES,NO,configs/gemm/gemm_2354.json,reports/gemm/gemm_2354/csynth.xml,,,NO,
gemm_2355,128,128,64,1,1,8,option_1,,ji,ij,False,YES,YES,NO,configs/gemm/gemm_2355.json,reports/gemm/gemm_2355/csynth.xml,,,NO,
gemm_2356,128,128,64,1,1,8,option_1,,ji,ji,False,YES,YES,NO,configs/gemm/gemm_2356.json,reports/gemm/gemm_2356/csynth.xml,,,NO,
gemm_2357,128,128,64,1,1,8,option_1,,ij,ij,True,YES,YES,YES,configs/gemm/gemm_2357.json,reports/gemm/gemm_2357/csynth.xml,reports/gemm/gemm_2357/export_impl.xml,reports/gemm/gemm_2357/power_routed.rpt,NO,
gemm_2358,128,128,64,1,1,8,option_1,,ij,ji,True,YES,YES,NO,configs/gemm/gemm_2358.json,reports/gemm/gemm_2358/csynth.xml,,,NO,
gemm_2359,128,128,64,1,1,8,option_1,,ji,ij,True,YES,YES,NO,configs/gemm/gemm_2359.json,reports/gemm/gemm_2359/csynth.xml,,,NO,
gemm_2360,128,128,64,1,1,8,option_1,,ji,ji,True,YES,YES,NO,configs/gemm/gemm_2360.json,reports/gemm/gemm_2360/csynth.xml,,,NO,
gemm_2361,128,128,64,1,1,8,option_2,ijk,ij,,False,YES,YES,NO,configs/gemm/gemm_2361.json,reports/gemm/gemm_2361/csynth.xml,,,NO,
gemm_2362,128,128,64,1,1,8,option_2,ikj,ij,,False,YES,YES,NO,configs/gemm/gemm_2362.json,reports/gemm/gemm_2362/csynth.xml,,,NO,
gemm_2363,128,128,64,1,1,8,option_2,jik,ji,,False,YES,YES,YES,configs/gemm/gemm_2363.json,reports/gemm/gemm_2363/csynth.xml,reports/gemm/gemm_2363/export_impl.xml,reports/gemm/gemm_2363/power_routed.rpt,NO,
gemm_2364,128,128,64,1,1,8,option_2,jki,ji,,False,YES,YES,NO,configs/gemm/gemm_2364.json,reports/gemm/gemm_2364/csynth.xml,,,NO,
gemm_2365,128,128,64,1,1,8,option_2,kij,ij,,False,YES,YES,NO,configs/gemm/gemm_2365.json,reports/gemm/gemm_2365/csynth.xml,,,NO,
gemm_2366,128,128,64,1,1,8,option_2,kji,ji,,False,YES,YES,YES,configs/gemm/gemm_2366.json,reports/gemm/gemm_2366/csynth.xml,reports/gemm/gemm_2366/export_impl.xml,reports/gemm/gemm_2366/power_routed.rpt,NO,
gemm_2367,128,128,64,1,1,8,option_2,ijk,ij,,True,YES,YES,NO,configs/gemm/gemm_2367.json,reports/gemm/gemm_2367/csynth.xml,,,NO,
gemm_2368,128,128,64,1,1,8,option_2,ikj,ij,,True,YES,YES,NO,configs/gemm/gemm_2368.json,reports/gemm/gemm_2368/csynth.xml,,,NO,
gemm_2369,128,128,64,1,1,8,option_2,jik,ji,,True,YES,YES,YES,configs/gemm/gemm_2369.json,reports/gemm/gemm_2369/csynth.xml,reports/gemm/gemm_2369/export_impl.xml,reports/gemm/gemm_2369/power_routed.rpt,NO,
gemm_2370,128,128,64,1,1,8,option_2,jki,ji,,True,YES,YES,NO,configs/gemm/gemm_2370.json,reports/gemm/gemm_2370/csynth.xml,,,NO,
gemm_2371,128,128,64,1,1,8,option_2,kij,ij,,True,YES,YES,NO,configs/gemm/gemm_2371.json,reports/gemm/gemm_2371/csynth.xml,,,NO,
gemm_2372,128,128,64,1,1,8,option_2,kji,ji,,True,YES,YES,NO,configs/gemm/gemm_2372.json,reports/gemm/gemm_2372/csynth.xml,,,NO,
gemm_2373,128,128,64,1,1,8,option_3,ijk,ij,,False,YES,YES,NO,configs/gemm/gemm_2373.json,reports/gemm/gemm_2373/csynth.xml,,,NO,
gemm_2374,128,128,64,1,1,8,option_3,ikj,ij,,False,YES,YES,NO,configs/gemm/gemm_2374.json,reports/gemm/gemm_2374/csynth.xml,,,NO,
gemm_2375,128,128,64,1,1,8,option_3,jik,ji,,False,YES,YES,NO,configs/gemm/gemm_2375.json,reports/gemm/gemm_2375/csynth.xml,,,NO,
gemm_2376,128,128,64,1,1,8,option_3,jki,ji,,False,YES,YES,NO,configs/gemm/gemm_2376.json,reports/gemm/gemm_2376/csynth.xml,,,NO,
gemm_2377,128,128,64,1,1,8,option_3,kij,ij,,False,YES,YES,YES,configs/gemm/gemm_2377.json,reports/gemm/gemm_2377/csynth.xml,reports/gemm/gemm_2377/export_impl.xml,reports/gemm/gemm_2377/power_routed.rpt,NO,
gemm_2378,128,128,64,1,1,8,option_3,kji,ji,,False,YES,YES,YES,configs/gemm/gemm_2378.json,reports/gemm/gemm_2378/csynth.xml,reports/gemm/gemm_2378/export_impl.xml,reports/gemm/gemm_2378/power_routed.rpt,NO,
gemm_2379,128,128,64,1,1,8,option_3,ijk,ij,,True,YES,YES,NO,configs/gemm/gemm_2379.json,reports/gemm/gemm_2379/csynth.xml,,,NO,
gemm_2380,128,128,64,1,1,8,option_3,ikj,ij,,True,YES,YES,NO,configs/gemm/gemm_2380.json,reports/gemm/gemm_2380/csynth.xml,,,NO,
gemm_2381,128,128,64,1,1,8,option_3,jik,ji,,True,YES,YES,NO,configs/gemm/gemm_2381.json,reports/gemm/gemm_2381/csynth.xml,,,NO,
gemm_2382,128,128,64,1,1,8,option_3,jki,ji,,True,YES,YES,NO,configs/gemm/gemm_2382.json,reports/gemm/gemm_2382/csynth.xml,,,NO,
gemm_2383,128,128,64,1,1,8,option_3,kij,ij,,True,YES,YES,NO,configs/gemm/gemm_2383.json,reports/gemm/gemm_2383/csynth.xml,,,NO,
gemm_2384,128,128,64,1,1,8,option_3,kji,ji,,True,YES,YES,NO,configs/gemm/gemm_2384.json,reports/gemm/gemm_2384/csynth.xml,,,NO,
gemm_2385,128,128,64,1,1,8,option_4,,ij,ij,False,YES,YES,YES,configs/gemm/gemm_2385.json,reports/gemm/gemm_2385/csynth.xml,reports/gemm/gemm_2385/export_impl.xml,reports/gemm/gemm_2385/power_routed.rpt,NO,
gemm_2386,128,128,64,1,1,8,option_4,,ij,ji,False,YES,YES,NO,configs/gemm/gemm_2386.json,reports/gemm/gemm_2386/csynth.xml,,,NO,
gemm_2387,128,128,64,1,1,8,option_4,,ji,ij,False,YES,YES,NO,configs/gemm/gemm_2387.json,reports/gemm/gemm_2387/csynth.xml,,,NO,
gemm_2388,128,128,64,1,1,8,option_4,,ji,ji,False,YES,YES,NO,configs/gemm/gemm_2388.json,reports/gemm/gemm_2388/csynth.xml,,,NO,
gemm_2389,128,128,64,1,1,8,option_4,,ij,ij,True,YES,YES,NO,configs/gemm/gemm_2389.json,reports/gemm/gemm_2389/csynth.xml,,,NO,
gemm_2390,128,128,64,1,1,8,option_4,,ij,ji,True,YES,YES,YES,configs/gemm/gemm_2390.json,reports/gemm/gemm_2390/csynth.xml,reports/gemm/gemm_2390/export_impl.xml,reports/gemm/gemm_2390/power_routed.rpt,NO,
gemm_2391,128,128,64,1,1,8,option_4,,ji,ij,True,YES,YES,NO,configs/gemm/gemm_2391.json,reports/gemm/gemm_2391/csynth.xml,,,NO,
gemm_2392,128,128,64,1,1,8,option_4,,ji,ji,True,YES,YES,YES,configs/gemm/gemm_2392.json,reports/gemm/gemm_2392/csynth.xml,reports/gemm/gemm_2392/export_impl.xml,reports/gemm/gemm_2392/power_routed.rpt,NO,
gemm_2393,128,128,64,1,1,8,option_5,,ij,ij,False,YES,YES,NO,configs/gemm/gemm_2393.json,reports/gemm/gemm_2393/csynth.xml,,,NO,
gemm_2394,128,128,64,1,1,8,option_5,,ij,ji,False,YES,YES,NO,configs/gemm/gemm_2394.json,reports/gemm/gemm_2394/csynth.xml,,,NO,
gemm_2395,128,128,64,1,1,8,option_5,,ji,ij,False,YES,YES,NO,configs/gemm/gemm_2395.json,reports/gemm/gemm_2395/csynth.xml,,,NO,
gemm_2396,128,128,64,1,1,8,option_5,,ji,ji,False,YES,YES,NO,configs/gemm/gemm_2396.json,reports/gemm/gemm_2396/csynth.xml,,,NO,
gemm_2397,128,128,64,1,1,8,option_5,,ij,ij,True,YES,YES,NO,configs/gemm/gemm_2397.json,reports/gemm/gemm_2397/csynth.xml,,,NO,
gemm_2398,128,128,64,1,1,8,option_5,,ij,ji,True,YES,YES,NO,configs/gemm/gemm_2398.json,reports/gemm/gemm_2398/csynth.xml,,,NO,
gemm_2399,128,128,64,1,1,8,option_5,,ji,ij,True,YES,YES,NO,configs/gemm/gemm_2399.json,reports/gemm/gemm_2399/csynth.xml,,,NO,
gemm_2400,128,128,64,1,1,8,option_5,,ji,ji,True,YES,YES,YES,configs/gemm/gemm_2400.json,reports/gemm/gemm_2400/csynth.xml,reports/gemm/gemm_2400/export_impl.xml,reports/gemm/gemm_2400/power_routed.rpt,NO,
gemm_2401,128,128,64,1,8,1,option_1,,ij,ij,False,YES,YES,YES,configs/gemm/gemm_2401.json,reports/gemm/gemm_2401/csynth.xml,reports/gemm/gemm_2401/export_impl.xml,reports/gemm/gemm_2401/power_routed.rpt,NO,
gemm_2402,128,128,64,1,8,1,option_1,,ij,ji,False,YES,YES,NO,configs/gemm/gemm_2402.json,reports/gemm/gemm_2402/csynth.xml,,,NO,
gemm_2403,128,128,64,1,8,1,option_1,,ji,ij,False,YES,YES,NO,configs/gemm/gemm_2403.json,reports/gemm/gemm_2403/csynth.xml,,,NO,
gemm_2404,128,128,64,1,8,1,option_1,,ji,ji,False,YES,YES,NO,configs/gemm/gemm_2404.json,reports/gemm/gemm_2404/csynth.xml,,,NO,
gemm_2405,128,128,64,1,8,1,option_1,,ij,ij,True,YES,YES,NO,configs/gemm/gemm_2405.json,reports/gemm/gemm_2405/csynth.xml,,,NO,
gemm_2406,128,128,64,1,8,1,option_1,,ij,ji,True,YES,YES,NO,configs/gemm/gemm_2406.json,reports/gemm/gemm_2406/csynth.xml,,,NO,
gemm_2407,128,128,64,1,8,1,option_1,,ji,ij,True,YES,YES,NO,configs/gemm/gemm_2407.json,reports/gemm/gemm_2407/csynth.xml,,,NO,
gemm_2408,128,128,64,1,8,1,option_1,,ji,ji,True,YES,YES,YES,configs/gemm/gemm_2408.json,reports/gemm/gemm_2408/csynth.xml,reports/gemm/gemm_2408/export_impl.xml,reports/gemm/gemm_2408/power_routed.rpt,NO,
gemm_2409,128,128,64,1,8,1,option_2,ijk,ij,,False,YES,YES,NO,configs/gemm/gemm_2409.json,reports/gemm/gemm_2409/csynth.xml,,,NO,
gemm_2410,128,128,64,1,8,1,option_2,ikj,ij,,False,YES,YES,YES,configs/gemm/gemm_2410.json,reports/gemm/gemm_2410/csynth.xml,reports/gemm/gemm_2410/export_impl.xml,reports/gemm/gemm_2410/power_routed.rpt,NO,
gemm_2411,128,128,64,1,8,1,option_2,jik,ji,,False,YES,YES,YES,configs/gemm/gemm_2411.json,reports/gemm/gemm_2411/csynth.xml,reports/gemm/gemm_2411/export_impl.xml,reports/gemm/gemm_2411/power_routed.rpt,NO,
gemm_2412,128,128,64,1,8,1,option_2,jki,ji,,False,YES,YES,NO,configs/gemm/gemm_2412.json,reports/gemm/gemm_2412/csynth.xml,,,NO,
gemm_2413,128,128,64,1,8,1,option_2,kij,ij,,False,YES,YES,NO,configs/gemm/gemm_2413.json,reports/gemm/gemm_2413/csynth.xml,,,NO,
gemm_2414,128,128,64,1,8,1,option_2,kji,ji,,False,YES,YES,YES,configs/gemm/gemm_2414.json,reports/gemm/gemm_2414/csynth.xml,reports/gemm/gemm_2414/export_impl.xml,reports/gemm/gemm_2414/power_routed.rpt,NO,
gemm_2415,128,128,64,1,8,1,option_2,ijk,ij,,True,YES,YES,NO,configs/gemm/gemm_2415.json,reports/gemm/gemm_2415/csynth.xml,,,NO,
gemm_2416,128,128,64,1,8,1,option_2,ikj,ij,,True,YES,YES,NO,configs/gemm/gemm_2416.json,reports/gemm/gemm_2416/csynth.xml,,,NO,
gemm_2417,128,128,64,1,8,1,option_2,jik,ji,,True,YES,YES,NO,configs/gemm/gemm_2417.json,reports/gemm/gemm_2417/csynth.xml,,,NO,
gemm_2418,128,128,64,1,8,1,option_2,jki,ji,,True,YES,YES,NO,configs/gemm/gemm_2418.json,reports/gemm/gemm_2418/csynth.xml,,,NO,
gemm_2419,128,128,64,1,8,1,option_2,kij,ij,,True,YES,YES,YES,configs/gemm/gemm_2419.json,reports/gemm/gemm_2419/csynth.xml,reports/gemm/gemm_2419/export_impl.xml,reports/gemm/gemm_2419/power_routed.rpt,NO,
gemm_2420,128,128,64,1,8,1,option_2,kji,ji,,True,YES,YES,NO,configs/gemm/gemm_2420.json,reports/gemm/gemm_2420/csynth.xml,,,NO,
gemm_2421,128,128,64,1,8,1,option_3,ijk,ij,,False,YES,YES,NO,configs/gemm/gemm_2421.json,reports/gemm/gemm_2421/csynth.xml,,,NO,
gemm_2422,128,128,64,1,8,1,option_3,ikj,ij,,False,YES,YES,NO,configs/gemm/gemm_2422.json,reports/gemm/gemm_2422/csynth.xml,,,NO,
gemm_2423,128,128,64,1,8,1,option_3,jik,ji,,False,YES,YES,NO,configs/gemm/gemm_2423.json,reports/gemm/gemm_2423/csynth.xml,,,NO,
gemm_2424,128,128,64,1,8,1,option_3,jki,ji,,False,YES,YES,NO,configs/gemm/gemm_2424.json,reports/gemm/gemm_2424/csynth.xml,,,NO,
gemm_2425,128,128,64,1,8,1,option_3,kij,ij,,False,YES,YES,NO,configs/gemm/gemm_2425.json,reports/gemm/gemm_2425/csynth.xml,,,NO,
gemm_2426,128,128,64,1,8,1,option_3,kji,ji,,False,YES,YES,NO,configs/gemm/gemm_2426.json,reports/gemm/gemm_2426/csynth.xml,,,NO,
gemm_2427,128,128,64,1,8,1,option_3,ijk,ij,,True,YES,YES,NO,configs/gemm/gemm_2427.json,reports/gemm/gemm_2427/csynth.xml,,,NO,
gemm_2428,128,128,64,1,8,1,option_3,ikj,ij,,True,YES,YES,NO,configs/gemm/gemm_2428.json,reports/gemm/gemm_2428/csynth.xml,,,NO,
gemm_2429,128,128,64,1,8,1,option_3,jik,ji,,True,YES,YES,YES,configs/gemm/gemm_2429.json,reports/gemm/gemm_2429/csynth.xml,reports/gemm/gemm_2429/export_impl.xml,reports/gemm/gemm_2429/power_routed.rpt,NO,
gemm_2430,128,128,64,1,8,1,option_3,jki,ji,,True,YES,YES,NO,configs/gemm/gemm_2430.json,reports/gemm/gemm_2430/csynth.xml,,,NO,
gemm_2431,128,128,64,1,8,1,option_3,kij,ij,,True,YES,YES,NO,configs/gemm/gemm_2431.json,reports/gemm/gemm_2431/csynth.xml,,,NO,
gemm_2432,128,128,64,1,8,1,option_3,kji,ji,,True,YES,YES,NO,configs/gemm/gemm_2432.json,reports/gemm/gemm_2432/csynth.xml,,,NO,
gemm_2433,128,128,64,1,8,1,option_4,,ij,ij,False,YES,YES,NO,configs/gemm/gemm_2433.json,reports/gemm/gemm_2433/csynth.xml,,,NO,
gemm_2434,128,128,64,1,8,1,option_4,,ij,ji,False,YES,YES,YES,configs/gemm/gemm_2434.json,reports/gemm/gemm_2434/csynth.xml,reports/gemm/gemm_2434/export_impl.xml,reports/gemm/gemm_2434/power_routed.rpt,NO,
gemm_2435,128,128,64,1,8,1,option_4,,ji,ij,False,YES,YES,YES,configs/gemm/gemm_2435.json,reports/gemm/gemm_2435/csynth.xml,reports/gemm/gemm_2435/export_impl.xml,reports/gemm/gemm_2435/power_routed.rpt,NO,
gemm_2436,128,128,64,1,8,1,option_4,,ji,ji,False,YES,YES,NO,configs/gemm/gemm_2436.json,reports/gemm/gemm_2436/csynth.xml,,,NO,
gemm_2437,128,128,64,1,8,1,option_4,,ij,ij,True,YES,YES,YES,configs/gemm/gemm_2437.json,reports/gemm/gemm_2437/csynth.xml,reports/gemm/gemm_2437/export_impl.xml,reports/gemm/gemm_2437/power_routed.rpt,NO,
gemm_2438,128,128,64,1,8,1,option_4,,ij,ji,True,YES,YES,NO,configs/gemm/gemm_2438.json,reports/gemm/gemm_2438/csynth.xml,,,NO,
gemm_2439,128,128,64,1,8,1,option_4,,ji,ij,True,YES,YES,NO,configs/gemm/gemm_2439.json,reports/gemm/gemm_2439/csynth.xml,,,NO,
gemm_2440,128,128,64,1,8,1,option_4,,ji,ji,True,YES,YES,NO,configs/gemm/gemm_2440.json,reports/gemm/gemm_2440/csynth.xml,,,NO,
gemm_2441,128,128,64,1,8,1,option_5,,ij,ij,False,YES,YES,YES,configs/gemm/gemm_2441.json,reports/gemm/gemm_2441/csynth.xml,reports/gemm/gemm_2441/export_impl.xml,reports/gemm/gemm_2441/power_routed.rpt,NO,
gemm_2442,128,128,64,1,8,1,option_5,,ij,ji,False,YES,YES,NO,configs/gemm/gemm_2442.json,reports/gemm/gemm_2442/csynth.xml,,,NO,
gemm_2443,128,128,64,1,8,1,option_5,,ji,ij,False,YES,YES,YES,configs/gemm/gemm_2443.json,reports/gemm/gemm_2443/csynth.xml,reports/gemm/gemm_2443/export_impl.xml,reports/gemm/gemm_2443/power_routed.rpt,NO,
gemm_2444,128,128,64,1,8,1,option_5,,ji,ji,False,YES,YES,NO,configs/gemm/gemm_2444.json,reports/gemm/gemm_2444/csynth.xml,,,NO,
gemm_2445,128,128,64,1,8,1,option_5,,ij,ij,True,YES,YES,NO,configs/gemm/gemm_2445.json,reports/gemm/gemm_2445/csynth.xml,,,NO,
gemm_2446,128,128,64,1,8,1,option_5,,ij,ji,True,YES,YES,NO,configs/gemm/gemm_2446.json,reports/gemm/gemm_2446/csynth.xml,,,NO,
gemm_2447,128,128,64,1,8,1,option_5,,ji,ij,True,YES,YES,YES,configs/gemm/gemm_2447.json,reports/gemm/gemm_2447/csynth.xml,reports/gemm/gemm_2447/export_impl.xml,reports/gemm/gemm_2447/power_routed.rpt,NO,
gemm_2448,128,128,64,1,8,1,option_5,,ji,ji,True,YES,YES,NO,configs/gemm/gemm_2448.json,reports/gemm/gemm_2448/csynth.xml,,,NO,
gemm_2449,128,128,64,1,8,8,option_1,,ij,ij,False,YES,YES,NO,configs/gemm/gemm_2449.json,reports/gemm/gemm_2449/csynth.xml,,,NO,
gemm_2450,128,128,64,1,8,8,option_1,,ij,ji,False,YES,YES,NO,configs/gemm/gemm_2450.json,reports/gemm/gemm_2450/csynth.xml,,,NO,
gemm_2451,128,128,64,1,8,8,option_1,,ji,ij,False,YES,YES,NO,configs/gemm/gemm_2451.json,reports/gemm/gemm_2451/csynth.xml,,,NO,
gemm_2452,128,128,64,1,8,8,option_1,,ji,ji,False,YES,YES,NO,configs/gemm/gemm_2452.json,reports/gemm/gemm_2452/csynth.xml,,,NO,
gemm_2453,128,128,64,1,8,8,option_1,,ij,ij,True,YES,YES,NO,configs/gemm/gemm_2453.json,reports/gemm/gemm_2453/csynth.xml,,,NO,
gemm_2454,128,128,64,1,8,8,option_1,,ij,ji,True,YES,YES,NO,configs/gemm/gemm_2454.json,reports/gemm/gemm_2454/csynth.xml,,,NO,
gemm_2455,128,128,64,1,8,8,option_1,,ji,ij,True,YES,YES,YES,configs/gemm/gemm_2455.json,reports/gemm/gemm_2455/csynth.xml,reports/gemm/gemm_2455/export_impl.xml,reports/gemm/gemm_2455/power_routed.rpt,NO,
gemm_2456,128,128,64,1,8,8,option_1,,ji,ji,True,YES,YES,YES,configs/gemm/gemm_2456.json,reports/gemm/gemm_2456/csynth.xml,reports/gemm/gemm_2456/export_impl.xml,reports/gemm/gemm_2456/power_routed.rpt,NO,
gemm_2457,128,128,64,1,8,8,option_2,ijk,ij,,False,YES,YES,YES,configs/gemm/gemm_2457.json,reports/gemm/gemm_2457/csynth.xml,reports/gemm/gemm_2457/export_impl.xml,reports/gemm/gemm_2457/power_routed.rpt,NO,
gemm_2458,128,128,64,1,8,8,option_2,ikj,ij,,False,YES,YES,YES,configs/gemm/gemm_2458.json,reports/gemm/gemm_2458/csynth.xml,reports/gemm/gemm_2458/export_impl.xml,reports/gemm/gemm_2458/power_routed.rpt,NO,
gemm_2459,128,128,64,1,8,8,option_2,jik,ji,,False,YES,YES,NO,configs/gemm/gemm_2459.json,reports/gemm/gemm_2459/csynth.xml,,,NO,
gemm_2460,128,128,64,1,8,8,option_2,jki,ji,,False,YES,YES,NO,configs/gemm/gemm_2460.json,reports/gemm/gemm_2460/csynth.xml,,,NO,
gemm_2461,128,128,64,1,8,8,option_2,kij,ij,,False,YES,YES,NO,configs/gemm/gemm_2461.json,reports/gemm/gemm_2461/csynth.xml,,,NO,
gemm_2462,128,128,64,1,8,8,option_2,kji,ji,,False,YES,YES,NO,configs/gemm/gemm_2462.json,reports/gemm/gemm_2462/csynth.xml,,,NO,
gemm_2463,128,128,64,1,8,8,option_2,ijk,ij,,True,YES,YES,NO,configs/gemm/gemm_2463.json,reports/gemm/gemm_2463/csynth.xml,,,NO,
gemm_2464,128,128,64,1,8,8,option_2,ikj,ij,,True,YES,YES,YES,configs/gemm/gemm_2464.json,reports/gemm/gemm_2464/csynth.xml,reports/gemm/gemm_2464/export_impl.xml,reports/gemm/gemm_2464/power_routed.rpt,NO,
gemm_2465,128,128,64,1,8,8,option_2,jik,ji,,True,YES,YES,NO,configs/gemm/gemm_2465.json,reports/gemm/gemm_2465/csynth.xml,,,NO,
gemm_2466,128,128,64,1,8,8,option_2,jki,ji,,True,YES,YES,NO,configs/gemm/gemm_2466.json,reports/gemm/gemm_2466/csynth.xml,,,NO,
gemm_2467,128,128,64,1,8,8,option_2,kij,ij,,True,YES,YES,NO,configs/gemm/gemm_2467.json,reports/gemm/gemm_2467/csynth.xml,,,NO,
gemm_2468,128,128,64,1,8,8,option_2,kji,ji,,True,YES,YES,NO,configs/gemm/gemm_2468.json,reports/gemm/gemm_2468/csynth.xml,,,NO,
gemm_2469,128,128,64,1,8,8,option_3,ijk,ij,,False,YES,YES,NO,configs/gemm/gemm_2469.json,reports/gemm/gemm_2469/csynth.xml,,,NO,
gemm_2470,128,128,64,1,8,8,option_3,ikj,ij,,False,YES,YES,NO,configs/gemm/gemm_2470.json,reports/gemm/gemm_2470/csynth.xml,,,NO,
gemm_2471,128,128,64,1,8,8,option_3,jik,ji,,False,YES,YES,NO,configs/gemm/gemm_2471.json,reports/gemm/gemm_2471/csynth.xml,,,NO,
gemm_2472,128,128,64,1,8,8,option_3,jki,ji,,False,YES,YES,NO,configs/gemm/gemm_2472.json,reports/gemm/gemm_2472/csynth.xml,,,NO,
gemm_2473,128,128,64,1,8,8,option_3,kij,ij,,False,YES,YES,NO,configs/gemm/gemm_2473.json,reports/gemm/gemm_2473/csynth.xml,,,NO,
gemm_2474,128,128,64,1,8,8,option_3,kji,ji,,False,YES,YES,NO,configs/gemm/gemm_2474.json,reports/gemm/gemm_2474/csynth.xml,,,NO,
gemm_2475,128,128,64,1,8,8,option_3,ijk,ij,,True,YES,YES,NO,configs/gemm/gemm_2475.json,reports/gemm/gemm_2475/csynth.xml,,,NO,
gemm_2476,128,128,64,1,8,8,option_3,ikj,ij,,True,YES,YES,NO,configs/gemm/gemm_2476.json,reports/gemm/gemm_2476/csynth.xml,,,NO,
gemm_2477,128,128,64,1,8,8,option_3,jik,ji,,True,YES,YES,NO,configs/gemm/gemm_2477.json,reports/gemm/gemm_2477/csynth.xml,,,NO,
gemm_2478,128,128,64,1,8,8,option_3,jki,ji,,True,YES,YES,NO,configs/gemm/gemm_2478.json,reports/gemm/gemm_2478/csynth.xml,,,NO,
gemm_2479,128,128,64,1,8,8,option_3,kij,ij,,True,YES,YES,NO,configs/gemm/gemm_2479.json,reports/gemm/gemm_2479/csynth.xml,,,NO,
gemm_2480,128,128,64,1,8,8,option_3,kji,ji,,True,YES,YES,NO,configs/gemm/gemm_2480.json,reports/gemm/gemm_2480/csynth.xml,,,NO,
gemm_2481,128,128,64,1,8,8,option_4,,ij,ij,False,YES,YES,NO,configs/gemm/gemm_2481.json,reports/gemm/gemm_2481/csynth.xml,,,NO,
gemm_2482,128,128,64,1,8,8,option_4,,ij,ji,False,YES,YES,NO,configs/gemm/gemm_2482.json,reports/gemm/gemm_2482/csynth.xml,,,NO,
gemm_2483,128,128,64,1,8,8,option_4,,ji,ij,False,YES,YES,NO,configs/gemm/gemm_2483.json,reports/gemm/gemm_2483/csynth.xml,,,NO,
gemm_2484,128,128,64,1,8,8,option_4,,ji,ji,False,YES,YES,NO,configs/gemm/gemm_2484.json,reports/gemm/gemm_2484/csynth.xml,,,NO,
gemm_2485,128,128,64,1,8,8,option_4,,ij,ij,True,YES,YES,NO,configs/gemm/gemm_2485.json,reports/gemm/gemm_2485/csynth.xml,,,NO,
gemm_2486,128,128,64,1,8,8,option_4,,ij,ji,True,YES,YES,NO,configs/gemm/gemm_2486.json,reports/gemm/gemm_2486/csynth.xml,,,NO,
gemm_2487,128,128,64,1,8,8,option_4,,ji,ij,True,YES,YES,NO,configs/gemm/gemm_2487.json,reports/gemm/gemm_2487/csynth.xml,,,NO,
gemm_2488,128,128,64,1,8,8,option_4,,ji,ji,True,YES,YES,NO,configs/gemm/gemm_2488.json,reports/gemm/gemm_2488/csynth.xml,,,NO,
gemm_2489,128,128,64,1,8,8,option_5,,ij,ij,False,YES,YES,YES,configs/gemm/gemm_2489.json,reports/gemm/gemm_2489/csynth.xml,reports/gemm/gemm_2489/export_impl.xml,reports/gemm/gemm_2489/power_routed.rpt,NO,
gemm_2490,128,128,64,1,8,8,option_5,,ij,ji,False,YES,YES,NO,configs/gemm/gemm_2490.json,reports/gemm/gemm_2490/csynth.xml,,,NO,
gemm_2491,128,128,64,1,8,8,option_5,,ji,ij,False,YES,YES,NO,configs/gemm/gemm_2491.json,reports/gemm/gemm_2491/csynth.xml,,,NO,
gemm_2492,128,128,64,1,8,8,option_5,,ji,ji,False,YES,YES,NO,configs/gemm/gemm_2492.json,reports/gemm/gemm_2492/csynth.xml,,,NO,
gemm_2493,128,128,64,1,8,8,option_5,,ij,ij,True,YES,YES,NO,configs/gemm/gemm_2493.json,reports/gemm/gemm_2493/csynth.xml,,,NO,
gemm_2494,128,128,64,1,8,8,option_5,,ij,ji,True,YES,YES,NO,configs/gemm/gemm_2494.json,reports/gemm/gemm_2494/csynth.xml,,,NO,
gemm_2495,128,128,64,1,8,8,option_5,,ji,ij,True,YES,YES,NO,configs/gemm/gemm_2495.json,reports/gemm/gemm_2495/csynth.xml,,,NO,
gemm_2496,128,128,64,1,8,8,option_5,,ji,ji,True,YES,YES,NO,configs/gemm/gemm_2496.json,reports/gemm/gemm_2496/csynth.xml,,,NO,
gemm_2497,128,128,64,8,1,1,option_1,,ij,ij,False,YES,YES,NO,configs/gemm/gemm_2497.json,reports/gemm/gemm_2497/csynth.xml,,,NO,
gemm_2498,128,128,64,8,1,1,option_1,,ij,ji,False,YES,YES,NO,configs/gemm/gemm_2498.json,reports/gemm/gemm_2498/csynth.xml,,,NO,
gemm_2499,128,128,64,8,1,1,option_1,,ji,ij,False,YES,YES,NO,configs/gemm/gemm_2499.json,reports/gemm/gemm_2499/csynth.xml,,,NO,
gemm_2500,128,128,64,8,1,1,option_1,,ji,ji,False,YES,YES,NO,configs/gemm/gemm_2500.json,reports/gemm/gemm_2500/csynth.xml,,,NO,
gemm_2501,128,128,64,8,1,1,option_1,,ij,ij,True,YES,YES,YES,configs/gemm/gemm_2501.json,reports/gemm/gemm_2501/csynth.xml,reports/gemm/gemm_2501/export_impl.xml,reports/gemm/gemm_2501/power_routed.rpt,NO,
gemm_2502,128,128,64,8,1,1,option_1,,ij,ji,True,YES,YES,YES,configs/gemm/gemm_2502.json,reports/gemm/gemm_2502/csynth.xml,reports/gemm/gemm_2502/export_impl.xml,reports/gemm/gemm_2502/power_routed.rpt,NO,
gemm_2503,128,128,64,8,1,1,option_1,,ji,ij,True,YES,YES,NO,configs/gemm/gemm_2503.json,reports/gemm/gemm_2503/csynth.xml,,,NO,
gemm_2504,128,128,64,8,1,1,option_1,,ji,ji,True,YES,YES,NO,configs/gemm/gemm_2504.json,reports/gemm/gemm_2504/csynth.xml,,,NO,
gemm_2505,128,128,64,8,1,1,option_2,ijk,ij,,False,YES,YES,NO,configs/gemm/gemm_2505.json,reports/gemm/gemm_2505/csynth.xml,,,NO,
gemm_2506,128,128,64,8,1,1,option_2,ikj,ij,,False,YES,YES,NO,configs/gemm/gemm_2506.json,reports/gemm/gemm_2506/csynth.xml,,,NO,
gemm_2507,128,128,64,8,1,1,option_2,jik,ji,,False,YES,YES,NO,configs/gemm/gemm_2507.json,reports/gemm/gemm_2507/csynth.xml,,,NO,
gemm_2508,128,128,64,8,1,1,option_2,jki,ji,,False,YES,YES,NO,configs/gemm/gemm_2508.json,reports/gemm/gemm_2508/csynth.xml,,,NO,
gemm_2509,128,128,64,8,1,1,option_2,kij,ij,,False,YES,YES,NO,configs/gemm/gemm_2509.json,reports/gemm/gemm_2509/csynth.xml,,,NO,
gemm_2510,128,128,64,8,1,1,option_2,kji,ji,,False,YES,YES,NO,configs/gemm/gemm_2510.json,reports/gemm/gemm_2510/csynth.xml,,,NO,
gemm_2511,128,128,64,8,1,1,option_2,ijk,ij,,True,YES,YES,NO,configs/gemm/gemm_2511.json,reports/gemm/gemm_2511/csynth.xml,,,NO,
gemm_2512,128,128,64,8,1,1,option_2,ikj,ij,,True,YES,YES,NO,configs/gemm/gemm_2512.json,reports/gemm/gemm_2512/csynth.xml,,,NO,
gemm_2513,128,128,64,8,1,1,option_2,jik,ji,,True,YES,YES,NO,configs/gemm/gemm_2513.json,reports/gemm/gemm_2513/csynth.xml,,,NO,
gemm_2514,128,128,64,8,1,1,option_2,jki,ji,,True,YES,YES,NO,configs/gemm/gemm_2514.json,reports/gemm/gemm_2514/csynth.xml,,,NO,
gemm_2515,128,128,64,8,1,1,option_2,kij,ij,,True,YES,YES,NO,configs/gemm/gemm_2515.json,reports/gemm/gemm_2515/csynth.xml,,,NO,
gemm_2516,128,128,64,8,1,1,option_2,kji,ji,,True,YES,YES,NO,configs/gemm/gemm_2516.json,reports/gemm/gemm_2516/csynth.xml,,,NO,
gemm_2517,128,128,64,8,1,1,option_3,ijk,ij,,False,YES,YES,NO,configs/gemm/gemm_2517.json,reports/gemm/gemm_2517/csynth.xml,,,NO,
gemm_2518,128,128,64,8,1,1,option_3,ikj,ij,,False,YES,YES,NO,configs/gemm/gemm_2518.json,reports/gemm/gemm_2518/csynth.xml,,,NO,
gemm_2519,128,128,64,8,1,1,option_3,jik,ji,,False,YES,YES,YES,configs/gemm/gemm_2519.json,reports/gemm/gemm_2519/csynth.xml,reports/gemm/gemm_2519/export_impl.xml,reports/gemm/gemm_2519/power_routed.rpt,NO,
gemm_2520,128,128,64,8,1,1,option_3,jki,ji,,False,YES,YES,NO,configs/gemm/gemm_2520.json,reports/gemm/gemm_2520/csynth.xml,,,NO,
gemm_2521,128,128,64,8,1,1,option_3,kij,ij,,False,YES,YES,NO,configs/gemm/gemm_2521.json,reports/gemm/gemm_2521/csynth.xml,,,NO,
gemm_2522,128,128,64,8,1,1,option_3,kji,ji,,False,YES,YES,NO,configs/gemm/gemm_2522.json,reports/gemm/gemm_2522/csynth.xml,,,NO,
gemm_2523,128,128,64,8,1,1,option_3,ijk,ij,,True,YES,YES,NO,configs/gemm/gemm_2523.json,reports/gemm/gemm_2523/csynth.xml,,,NO,
gemm_2524,128,128,64,8,1,1,option_3,ikj,ij,,True,YES,YES,NO,configs/gemm/gemm_2524.json,reports/gemm/gemm_2524/csynth.xml,,,NO,
gemm_2525,128,128,64,8,1,1,option_3,jik,ji,,True,YES,YES,NO,configs/gemm/gemm_2525.json,reports/gemm/gemm_2525/csynth.xml,,,NO,
gemm_2526,128,128,64,8,1,1,option_3,jki,ji,,True,YES,YES,NO,configs/gemm/gemm_2526.json,reports/gemm/gemm_2526/csynth.xml,,,NO,
gemm_2527,128,128,64,8,1,1,option_3,kij,ij,,True,YES,YES,NO,configs/gemm/gemm_2527.json,reports/gemm/gemm_2527/csynth.xml,,,NO,
gemm_2528,128,128,64,8,1,1,option_3,kji,ji,,True,YES,YES,NO,configs/gemm/gemm_2528.json,reports/gemm/gemm_2528/csynth.xml,,,NO,
gemm_2529,128,128,64,8,1,1,option_4,,ij,ij,False,YES,YES,NO,configs/gemm/gemm_2529.json,reports/gemm/gemm_2529/csynth.xml,,,NO,
gemm_2530,128,128,64,8,1,1,option_4,,ij,ji,False,YES,YES,YES,configs/gemm/gemm_2530.json,reports/gemm/gemm_2530/csynth.xml,reports/gemm/gemm_2530/export_impl.xml,reports/gemm/gemm_2530/power_routed.rpt,NO,
gemm_2531,128,128,64,8,1,1,option_4,,ji,ij,False,YES,YES,NO,configs/gemm/gemm_2531.json,reports/gemm/gemm_2531/csynth.xml,,,NO,
gemm_2532,128,128,64,8,1,1,option_4,,ji,ji,False,YES,YES,YES,configs/gemm/gemm_2532.json,reports/gemm/gemm_2532/csynth.xml,reports/gemm/gemm_2532/export_impl.xml,reports/gemm/gemm_2532/power_routed.rpt,NO,
gemm_2533,128,128,64,8,1,1,option_4,,ij,ij,True,YES,YES,YES,configs/gemm/gemm_2533.json,reports/gemm/gemm_2533/csynth.xml,reports/gemm/gemm_2533/export_impl.xml,reports/gemm/gemm_2533/power_routed.rpt,NO,
gemm_2534,128,128,64,8,1,1,option_4,,ij,ji,True,YES,YES,NO,configs/gemm/gemm_2534.json,reports/gemm/gemm_2534/csynth.xml,,,NO,
gemm_2535,128,128,64,8,1,1,option_4,,ji,ij,True,YES,YES,NO,configs/gemm/gemm_2535.json,reports/gemm/gemm_2535/csynth.xml,,,NO,
gemm_2536,128,128,64,8,1,1,option_4,,ji,ji,True,YES,YES,NO,configs/gemm/gemm_2536.json,reports/gemm/gemm_2536/csynth.xml,,,NO,
gemm_2537,128,128,64,8,1,1,option_5,,ij,ij,False,YES,YES,NO,configs/gemm/gemm_2537.json,reports/gemm/gemm_2537/csynth.xml,,,NO,
gemm_2538,128,128,64,8,1,1,option_5,,ij,ji,False,YES,YES,NO,configs/gemm/gemm_2538.json,reports/gemm/gemm_2538/csynth.xml,,,NO,
gemm_2539,128,128,64,8,1,1,option_5,,ji,ij,False,YES,YES,NO,configs/gemm/gemm_2539.json,reports/gemm/gemm_2539/csynth.xml,,,NO,
gemm_2540,128,128,64,8,1,1,option_5,,ji,ji,False,YES,YES,NO,configs/gemm/gemm_2540.json,reports/gemm/gemm_2540/csynth.xml,,,NO,
gemm_2541,128,128,64,8,1,1,option_5,,ij,ij,True,YES,YES,NO,configs/gemm/gemm_2541.json,reports/gemm/gemm_2541/csynth.xml,,,NO,
gemm_2542,128,128,64,8,1,1,option_5,,ij,ji,True,YES,YES,NO,configs/gemm/gemm_2542.json,reports/gemm/gemm_2542/csynth.xml,,,NO,
gemm_2543,128,128,64,8,1,1,option_5,,ji,ij,True,YES,YES,NO,configs/gemm/gemm_2543.json,reports/gemm/gemm_2543/csynth.xml,,,NO,
gemm_2544,128,128,64,8,1,1,option_5,,ji,ji,True,YES,YES,NO,configs/gemm/gemm_2544.json,reports/gemm/gemm_2544/csynth.xml,,,NO,
gemm_2545,128,128,64,8,1,8,option_1,,ij,ij,False,YES,YES,NO,configs/gemm/gemm_2545.json,reports/gemm/gemm_2545/csynth.xml,,,NO,
gemm_2546,128,128,64,8,1,8,option_1,,ij,ji,False,YES,YES,NO,configs/gemm/gemm_2546.json,reports/gemm/gemm_2546/csynth.xml,,,NO,
gemm_2547,128,128,64,8,1,8,option_1,,ji,ij,False,YES,YES,YES,configs/gemm/gemm_2547.json,reports/gemm/gemm_2547/csynth.xml,reports/gemm/gemm_2547/export_impl.xml,reports/gemm/gemm_2547/power_routed.rpt,NO,
gemm_2548,128,128,64,8,1,8,option_1,,ji,ji,False,YES,YES,NO,configs/gemm/gemm_2548.json,reports/gemm/gemm_2548/csynth.xml,,,NO,
gemm_2549,128,128,64,8,1,8,option_1,,ij,ij,True,YES,YES,NO,configs/gemm/gemm_2549.json,reports/gemm/gemm_2549/csynth.xml,,,NO,
gemm_2550,128,128,64,8,1,8,option_1,,ij,ji,True,YES,YES,NO,configs/gemm/gemm_2550.json,reports/gemm/gemm_2550/csynth.xml,,,NO,
gemm_2551,128,128,64,8,1,8,option_1,,ji,ij,True,YES,YES,NO,configs/gemm/gemm_2551.json,reports/gemm/gemm_2551/csynth.xml,,,NO,
gemm_2552,128,128,64,8,1,8,option_1,,ji,ji,True,YES,YES,YES,configs/gemm/gemm_2552.json,reports/gemm/gemm_2552/csynth.xml,reports/gemm/gemm_2552/export_impl.xml,reports/gemm/gemm_2552/power_routed.rpt,NO,
gemm_2553,128,128,64,8,1,8,option_2,ijk,ij,,False,YES,YES,NO,configs/gemm/gemm_2553.json,reports/gemm/gemm_2553/csynth.xml,,,NO,
gemm_2554,128,128,64,8,1,8,option_2,ikj,ij,,False,YES,YES,YES,configs/gemm/gemm_2554.json,reports/gemm/gemm_2554/csynth.xml,reports/gemm/gemm_2554/export_impl.xml,reports/gemm/gemm_2554/power_routed.rpt,NO,
gemm_2555,128,128,64,8,1,8,option_2,jik,ji,,False,YES,YES,NO,configs/gemm/gemm_2555.json,reports/gemm/gemm_2555/csynth.xml,,,NO,
gemm_2556,128,128,64,8,1,8,option_2,jki,ji,,False,YES,YES,NO,configs/gemm/gemm_2556.json,reports/gemm/gemm_2556/csynth.xml,,,NO,
gemm_2557,128,128,64,8,1,8,option_2,kij,ij,,False,YES,YES,NO,configs/gemm/gemm_2557.json,reports/gemm/gemm_2557/csynth.xml,,,NO,
gemm_2558,128,128,64,8,1,8,option_2,kji,ji,,False,YES,YES,NO,configs/gemm/gemm_2558.json,reports/gemm/gemm_2558/csynth.xml,,,NO,
gemm_2559,128,128,64,8,1,8,option_2,ijk,ij,,True,YES,YES,NO,configs/gemm/gemm_2559.json,reports/gemm/gemm_2559/csynth.xml,,,NO,
gemm_2560,128,128,64,8,1,8,option_2,ikj,ij,,True,YES,YES,NO,configs/gemm/gemm_2560.json,reports/gemm/gemm_2560/csynth.xml,,,NO,
gemm_2561,128,128,64,8,1,8,option_2,jik,ji,,True,YES,YES,YES,configs/gemm/gemm_2561.json,reports/gemm/gemm_2561/csynth.xml,reports/gemm/gemm_2561/export_impl.xml,reports/gemm/gemm_2561/power_routed.rpt,NO,
gemm_2562,128,128,64,8,1,8,option_2,jki,ji,,True,YES,YES,NO,configs/gemm/gemm_2562.json,reports/gemm/gemm_2562/csynth.xml,,,NO,
gemm_2563,128,128,64,8,1,8,option_2,kij,ij,,True,YES,YES,YES,configs/gemm/gemm_2563.json,reports/gemm/gemm_2563/csynth.xml,reports/gemm/gemm_2563/export_impl.xml,reports/gemm/gemm_2563/power_routed.rpt,NO,
gemm_2564,128,128,64,8,1,8,option_2,kji,ji,,True,YES,YES,YES,configs/gemm/gemm_2564.json,reports/gemm/gemm_2564/csynth.xml,reports/gemm/gemm_2564/export_impl.xml,reports/gemm/gemm_2564/power_routed.rpt,NO,
gemm_2565,128,128,64,8,1,8,option_3,ijk,ij,,False,YES,YES,NO,configs/gemm/gemm_2565.json,reports/gemm/gemm_2565/csynth.xml,,,NO,
gemm_2566,128,128,64,8,1,8,option_3,ikj,ij,,False,YES,YES,NO,configs/gemm/gemm_2566.json,reports/gemm/gemm_2566/csynth.xml,,,NO,
gemm_2567,128,128,64,8,1,8,option_3,jik,ji,,False,YES,YES,NO,configs/gemm/gemm_2567.json,reports/gemm/gemm_2567/csynth.xml,,,NO,
gemm_2568,128,128,64,8,1,8,option_3,jki,ji,,False,YES,YES,NO,configs/gemm/gemm_2568.json,reports/gemm/gemm_2568/csynth.xml,,,NO,
gemm_2569,128,128,64,8,1,8,option_3,kij,ij,,False,YES,YES,NO,configs/gemm/gemm_2569.json,reports/gemm/gemm_2569/csynth.xml,,,NO,
gemm_2570,128,128,64,8,1,8,option_3,kji,ji,,False,YES,YES,NO,configs/gemm/gemm_2570.json,reports/gemm/gemm_2570/csynth.xml,,,NO,
gemm_2571,128,128,64,8,1,8,option_3,ijk,ij,,True,YES,YES,YES,configs/gemm/gemm_2571.json,reports/gemm/gemm_2571/csynth.xml,reports/gemm/gemm_2571/export_impl.xml,reports/gemm/gemm_2571/power_routed.rpt,NO,
gemm_2572,128,128,64,8,1,8,option_3,ikj,ij,,True,YES,YES,YES,configs/gemm/gemm_2572.json,reports/gemm/gemm_2572/csynth.xml,reports/gemm/gemm_2572/export_impl.xml,reports/gemm/gemm_2572/power_routed.rpt,NO,
gemm_2573,128,128,64,8,1,8,option_3,jik,ji,,True,YES,YES,NO,configs/gemm/gemm_2573.json,reports/gemm/gemm_2573/csynth.xml,,,NO,
gemm_2574,128,128,64,8,1,8,option_3,jki,ji,,True,YES,YES,NO,configs/gemm/gemm_2574.json,reports/gemm/gemm_2574/csynth.xml,,,NO,
gemm_2575,128,128,64,8,1,8,option_3,kij,ij,,True,YES,YES,NO,configs/gemm/gemm_2575.json,reports/gemm/gemm_2575/csynth.xml,,,NO,
gemm_2576,128,128,64,8,1,8,option_3,kji,ji,,True,YES,YES,NO,configs/gemm/gemm_2576.json,reports/gemm/gemm_2576/csynth.xml,,,NO,
gemm_2577,128,128,64,8,1,8,option_4,,ij,ij,False,YES,YES,NO,configs/gemm/gemm_2577.json,reports/gemm/gemm_2577/csynth.xml,,,NO,
gemm_2578,128,128,64,8,1,8,option_4,,ij,ji,False,YES,YES,NO,configs/gemm/gemm_2578.json,reports/gemm/gemm_2578/csynth.xml,,,NO,
gemm_2579,128,128,64,8,1,8,option_4,,ji,ij,False,YES,YES,YES,configs/gemm/gemm_2579.json,reports/gemm/gemm_2579/csynth.xml,reports/gemm/gemm_2579/export_impl.xml,reports/gemm/gemm_2579/power_routed.rpt,NO,
gemm_2580,128,128,64,8,1,8,option_4,,ji,ji,False,YES,YES,NO,configs/gemm/gemm_2580.json,reports/gemm/gemm_2580/csynth.xml,,,NO,
gemm_2581,128,128,64,8,1,8,option_4,,ij,ij,True,YES,YES,NO,configs/gemm/gemm_2581.json,reports/gemm/gemm_2581/csynth.xml,,,NO,
gemm_2582,128,128,64,8,1,8,option_4,,ij,ji,True,YES,YES,YES,configs/gemm/gemm_2582.json,reports/gemm/gemm_2582/csynth.xml,reports/gemm/gemm_2582/export_impl.xml,reports/gemm/gemm_2582/power_routed.rpt,NO,
gemm_2583,128,128,64,8,1,8,option_4,,ji,ij,True,YES,YES,NO,configs/gemm/gemm_2583.json,reports/gemm/gemm_2583/csynth.xml,,,NO,
gemm_2584,128,128,64,8,1,8,option_4,,ji,ji,True,YES,YES,NO,configs/gemm/gemm_2584.json,reports/gemm/gemm_2584/csynth.xml,,,NO,
gemm_2585,128,128,64,8,1,8,option_5,,ij,ij,False,YES,YES,NO,configs/gemm/gemm_2585.json,reports/gemm/gemm_2585/csynth.xml,,,NO,
gemm_2586,128,128,64,8,1,8,option_5,,ij,ji,False,YES,YES,YES,configs/gemm/gemm_2586.json,reports/gemm/gemm_2586/csynth.xml,reports/gemm/gemm_2586/export_impl.xml,reports/gemm/gemm_2586/power_routed.rpt,NO,
gemm_2587,128,128,64,8,1,8,option_5,,ji,ij,False,YES,YES,NO,configs/gemm/gemm_2587.json,reports/gemm/gemm_2587/csynth.xml,,,NO,
gemm_2588,128,128,64,8,1,8,option_5,,ji,ji,False,YES,YES,NO,configs/gemm/gemm_2588.json,reports/gemm/gemm_2588/csynth.xml,,,NO,
gemm_2589,128,128,64,8,1,8,option_5,,ij,ij,True,YES,YES,YES,configs/gemm/gemm_2589.json,reports/gemm/gemm_2589/csynth.xml,reports/gemm/gemm_2589/export_impl.xml,reports/gemm/gemm_2589/power_routed.rpt,NO,
gemm_2590,128,128,64,8,1,8,option_5,,ij,ji,True,YES,YES,NO,configs/gemm/gemm_2590.json,reports/gemm/gemm_2590/csynth.xml,,,NO,
gemm_2591,128,128,64,8,1,8,option_5,,ji,ij,True,YES,YES,YES,configs/gemm/gemm_2591.json,reports/gemm/gemm_2591/csynth.xml,reports/gemm/gemm_2591/export_impl.xml,reports/gemm/gemm_2591/power_routed.rpt,NO,
gemm_2592,128,128,64,8,1,8,option_5,,ji,ji,True,YES,YES,NO,configs/gemm/gemm_2592.json,reports/gemm/gemm_2592/csynth.xml,,,NO,
gemm_2593,128,128,64,8,8,1,option_1,,ij,ij,False,YES,YES,NO,configs/gemm/gemm_2593.json,reports/gemm/gemm_2593/csynth.xml,,,NO,
gemm_2594,128,128,64,8,8,1,option_1,,ij,ji,False,YES,YES,YES,configs/gemm/gemm_2594.json,reports/gemm/gemm_2594/csynth.xml,reports/gemm/gemm_2594/export_impl.xml,reports/gemm/gemm_2594/power_routed.rpt,NO,
gemm_2595,128,128,64,8,8,1,option_1,,ji,ij,False,YES,YES,NO,configs/gemm/gemm_2595.json,reports/gemm/gemm_2595/csynth.xml,,,NO,
gemm_2596,128,128,64,8,8,1,option_1,,ji,ji,False,YES,YES,NO,configs/gemm/gemm_2596.json,reports/gemm/gemm_2596/csynth.xml,,,NO,
gemm_2597,128,128,64,8,8,1,option_1,,ij,ij,True,YES,YES,NO,configs/gemm/gemm_2597.json,reports/gemm/gemm_2597/csynth.xml,,,NO,
gemm_2598,128,128,64,8,8,1,option_1,,ij,ji,True,YES,YES,NO,configs/gemm/gemm_2598.json,reports/gemm/gemm_2598/csynth.xml,,,NO,
gemm_2599,128,128,64,8,8,1,option_1,,ji,ij,True,YES,YES,NO,configs/gemm/gemm_2599.json,reports/gemm/gemm_2599/csynth.xml,,,NO,
gemm_2600,128,128,64,8,8,1,option_1,,ji,ji,True,YES,YES,NO,configs/gemm/gemm_2600.json,reports/gemm/gemm_2600/csynth.xml,,,NO,
gemm_2601,128,128,64,8,8,1,option_2,ijk,ij,,False,YES,YES,NO,configs/gemm/gemm_2601.json,reports/gemm/gemm_2601/csynth.xml,,,NO,
gemm_2602,128,128,64,8,8,1,option_2,ikj,ij,,False,YES,YES,NO,configs/gemm/gemm_2602.json,reports/gemm/gemm_2602/csynth.xml,,,NO,
gemm_2603,128,128,64,8,8,1,option_2,jik,ji,,False,YES,YES,YES,configs/gemm/gemm_2603.json,reports/gemm/gemm_2603/csynth.xml,reports/gemm/gemm_2603/export_impl.xml,reports/gemm/gemm_2603/power_routed.rpt,NO,
gemm_2604,128,128,64,8,8,1,option_2,jki,ji,,False,YES,YES,NO,configs/gemm/gemm_2604.json,reports/gemm/gemm_2604/csynth.xml,,,NO,
gemm_2605,128,128,64,8,8,1,option_2,kij,ij,,False,YES,YES,NO,configs/gemm/gemm_2605.json,reports/gemm/gemm_2605/csynth.xml,,,NO,
gemm_2606,128,128,64,8,8,1,option_2,kji,ji,,False,YES,YES,NO,configs/gemm/gemm_2606.json,reports/gemm/gemm_2606/csynth.xml,,,NO,
gemm_2607,128,128,64,8,8,1,option_2,ijk,ij,,True,YES,YES,NO,configs/gemm/gemm_2607.json,reports/gemm/gemm_2607/csynth.xml,,,NO,
gemm_2608,128,128,64,8,8,1,option_2,ikj,ij,,True,YES,YES,NO,configs/gemm/gemm_2608.json,reports/gemm/gemm_2608/csynth.xml,,,NO,
gemm_2609,128,128,64,8,8,1,option_2,jik,ji,,True,YES,YES,NO,configs/gemm/gemm_2609.json,reports/gemm/gemm_2609/csynth.xml,,,NO,
gemm_2610,128,128,64,8,8,1,option_2,jki,ji,,True,YES,YES,NO,configs/gemm/gemm_2610.json,reports/gemm/gemm_2610/csynth.xml,,,NO,
gemm_2611,128,128,64,8,8,1,option_2,kij,ij,,True,YES,YES,NO,configs/gemm/gemm_2611.json,reports/gemm/gemm_2611/csynth.xml,,,NO,
gemm_2612,128,128,64,8,8,1,option_2,kji,ji,,True,YES,YES,NO,configs/gemm/gemm_2612.json,reports/gemm/gemm_2612/csynth.xml,,,NO,
gemm_2613,128,128,64,8,8,1,option_3,ijk,ij,,False,YES,YES,NO,configs/gemm/gemm_2613.json,reports/gemm/gemm_2613/csynth.xml,,,NO,
gemm_2614,128,128,64,8,8,1,option_3,ikj,ij,,False,YES,YES,NO,configs/gemm/gemm_2614.json,reports/gemm/gemm_2614/csynth.xml,,,NO,
gemm_2615,128,128,64,8,8,1,option_3,jik,ji,,False,YES,YES,NO,configs/gemm/gemm_2615.json,reports/gemm/gemm_2615/csynth.xml,,,NO,
gemm_2616,128,128,64,8,8,1,option_3,jki,ji,,False,YES,YES,YES,configs/gemm/gemm_2616.json,reports/gemm/gemm_2616/csynth.xml,reports/gemm/gemm_2616/export_impl.xml,reports/gemm/gemm_2616/power_routed.rpt,NO,
gemm_2617,128,128,64,8,8,1,option_3,kij,ij,,False,YES,YES,YES,configs/gemm/gemm_2617.json,reports/gemm/gemm_2617/csynth.xml,reports/gemm/gemm_2617/export_impl.xml,reports/gemm/gemm_2617/power_routed.rpt,NO,
gemm_2618,128,128,64,8,8,1,option_3,kji,ji,,False,YES,YES,NO,configs/gemm/gemm_2618.json,reports/gemm/gemm_2618/csynth.xml,,,NO,
gemm_2619,128,128,64,8,8,1,option_3,ijk,ij,,True,YES,YES,NO,configs/gemm/gemm_2619.json,reports/gemm/gemm_2619/csynth.xml,,,NO,
gemm_2620,128,128,64,8,8,1,option_3,ikj,ij,,True,YES,YES,NO,configs/gemm/gemm_2620.json,reports/gemm/gemm_2620/csynth.xml,,,NO,
gemm_2621,128,128,64,8,8,1,option_3,jik,ji,,True,YES,YES,NO,configs/gemm/gemm_2621.json,reports/gemm/gemm_2621/csynth.xml,,,NO,
gemm_2622,128,128,64,8,8,1,option_3,jki,ji,,True,YES,YES,YES,configs/gemm/gemm_2622.json,reports/gemm/gemm_2622/csynth.xml,reports/gemm/gemm_2622/export_impl.xml,reports/gemm/gemm_2622/power_routed.rpt,NO,
gemm_2623,128,128,64,8,8,1,option_3,kij,ij,,True,YES,YES,NO,configs/gemm/gemm_2623.json,reports/gemm/gemm_2623/csynth.xml,,,NO,
gemm_2624,128,128,64,8,8,1,option_3,kji,ji,,True,YES,YES,NO,configs/gemm/gemm_2624.json,reports/gemm/gemm_2624/csynth.xml,,,NO,
gemm_2625,128,128,64,8,8,1,option_4,,ij,ij,False,YES,YES,NO,configs/gemm/gemm_2625.json,reports/gemm/gemm_2625/csynth.xml,,,NO,
gemm_2626,128,128,64,8,8,1,option_4,,ij,ji,False,YES,YES,NO,configs/gemm/gemm_2626.json,reports/gemm/gemm_2626/csynth.xml,,,NO,
gemm_2627,128,128,64,8,8,1,option_4,,ji,ij,False,YES,YES,NO,configs/gemm/gemm_2627.json,reports/gemm/gemm_2627/csynth.xml,,,NO,
gemm_2628,128,128,64,8,8,1,option_4,,ji,ji,False,YES,YES,NO,configs/gemm/gemm_2628.json,reports/gemm/gemm_2628/csynth.xml,,,NO,
gemm_2629,128,128,64,8,8,1,option_4,,ij,ij,True,YES,YES,NO,configs/gemm/gemm_2629.json,reports/gemm/gemm_2629/csynth.xml,,,NO,
gemm_2630,128,128,64,8,8,1,option_4,,ij,ji,True,YES,YES,NO,configs/gemm/gemm_2630.json,reports/gemm/gemm_2630/csynth.xml,,,NO,
gemm_2631,128,128,64,8,8,1,option_4,,ji,ij,True,YES,YES,NO,configs/gemm/gemm_2631.json,reports/gemm/gemm_2631/csynth.xml,,,NO,
gemm_2632,128,128,64,8,8,1,option_4,,ji,ji,True,YES,YES,YES,configs/gemm/gemm_2632.json,reports/gemm/gemm_2632/csynth.xml,reports/gemm/gemm_2632/export_impl.xml,reports/gemm/gemm_2632/power_routed.rpt,NO,
gemm_2633,128,128,64,8,8,1,option_5,,ij,ij,False,YES,YES,NO,configs/gemm/gemm_2633.json,reports/gemm/gemm_2633/csynth.xml,,,NO,
gemm_2634,128,128,64,8,8,1,option_5,,ij,ji,False,YES,YES,NO,configs/gemm/gemm_2634.json,reports/gemm/gemm_2634/csynth.xml,,,NO,
gemm_2635,128,128,64,8,8,1,option_5,,ji,ij,False,YES,YES,NO,configs/gemm/gemm_2635.json,reports/gemm/gemm_2635/csynth.xml,,,NO,
gemm_2636,128,128,64,8,8,1,option_5,,ji,ji,False,YES,YES,NO,configs/gemm/gemm_2636.json,reports/gemm/gemm_2636/csynth.xml,,,NO,
gemm_2637,128,128,64,8,8,1,option_5,,ij,ij,True,YES,YES,NO,configs/gemm/gemm_2637.json,reports/gemm/gemm_2637/csynth.xml,,,NO,
gemm_2638,128,128,64,8,8,1,option_5,,ij,ji,True,YES,YES,NO,configs/gemm/gemm_2638.json,reports/gemm/gemm_2638/csynth.xml,,,NO,
gemm_2639,128,128,64,8,8,1,option_5,,ji,ij,True,YES,YES,YES,configs/gemm/gemm_2639.json,reports/gemm/gemm_2639/csynth.xml,reports/gemm/gemm_2639/export_impl.xml,reports/gemm/gemm_2639/power_routed.rpt,NO,
gemm_2640,128,128,64,8,8,1,option_5,,ji,ji,True,YES,YES,NO,configs/gemm/gemm_2640.json,reports/gemm/gemm_2640/csynth.xml,,,NO,
gemm_2641,128,128,64,8,8,8,option_1,,ij,ij,False,YES,YES,YES,configs/gemm/gemm_2641.json,reports/gemm/gemm_2641/csynth.xml,reports/gemm/gemm_2641/export_impl.xml,reports/gemm/gemm_2641/power_routed.rpt,NO,
gemm_2642,128,128,64,8,8,8,option_1,,ij,ji,False,YES,YES,NO,configs/gemm/gemm_2642.json,reports/gemm/gemm_2642/csynth.xml,,,NO,
gemm_2643,128,128,64,8,8,8,option_1,,ji,ij,False,YES,YES,YES,configs/gemm/gemm_2643.json,reports/gemm/gemm_2643/csynth.xml,reports/gemm/gemm_2643/export_impl.xml,reports/gemm/gemm_2643/power_routed.rpt,NO,
gemm_2644,128,128,64,8,8,8,option_1,,ji,ji,False,YES,YES,NO,configs/gemm/gemm_2644.json,reports/gemm/gemm_2644/csynth.xml,,,NO,
gemm_2645,128,128,64,8,8,8,option_1,,ij,ij,True,YES,YES,YES,configs/gemm/gemm_2645.json,reports/gemm/gemm_2645/csynth.xml,reports/gemm/gemm_2645/export_impl.xml,reports/gemm/gemm_2645/power_routed.rpt,NO,
gemm_2646,128,128,64,8,8,8,option_1,,ij,ji,True,YES,YES,YES,configs/gemm/gemm_2646.json,reports/gemm/gemm_2646/csynth.xml,reports/gemm/gemm_2646/export_impl.xml,reports/gemm/gemm_2646/power_routed.rpt,NO,
gemm_2647,128,128,64,8,8,8,option_1,,ji,ij,True,YES,YES,NO,configs/gemm/gemm_2647.json,reports/gemm/gemm_2647/csynth.xml,,,NO,
gemm_2648,128,128,64,8,8,8,option_1,,ji,ji,True,YES,YES,YES,configs/gemm/gemm_2648.json,reports/gemm/gemm_2648/csynth.xml,reports/gemm/gemm_2648/export_impl.xml,reports/gemm/gemm_2648/power_routed.rpt,NO,
gemm_2649,128,128,64,8,8,8,option_2,ijk,ij,,False,YES,YES,NO,configs/gemm/gemm_2649.json,reports/gemm/gemm_2649/csynth.xml,,,NO,
gemm_2650,128,128,64,8,8,8,option_2,ikj,ij,,False,YES,YES,NO,configs/gemm/gemm_2650.json,reports/gemm/gemm_2650/csynth.xml,,,NO,
gemm_2651,128,128,64,8,8,8,option_2,jik,ji,,False,YES,YES,NO,configs/gemm/gemm_2651.json,reports/gemm/gemm_2651/csynth.xml,,,NO,
gemm_2652,128,128,64,8,8,8,option_2,jki,ji,,False,YES,YES,NO,configs/gemm/gemm_2652.json,reports/gemm/gemm_2652/csynth.xml,,,NO,
gemm_2653,128,128,64,8,8,8,option_2,kij,ij,,False,YES,YES,YES,configs/gemm/gemm_2653.json,reports/gemm/gemm_2653/csynth.xml,reports/gemm/gemm_2653/export_impl.xml,reports/gemm/gemm_2653/power_routed.rpt,NO,
gemm_2654,128,128,64,8,8,8,option_2,kji,ji,,False,YES,YES,NO,configs/gemm/gemm_2654.json,reports/gemm/gemm_2654/csynth.xml,,,NO,
gemm_2655,128,128,64,8,8,8,option_2,ijk,ij,,True,YES,YES,NO,configs/gemm/gemm_2655.json,reports/gemm/gemm_2655/csynth.xml,,,NO,
gemm_2656,128,128,64,8,8,8,option_2,ikj,ij,,True,YES,YES,YES,configs/gemm/gemm_2656.json,reports/gemm/gemm_2656/csynth.xml,reports/gemm/gemm_2656/export_impl.xml,reports/gemm/gemm_2656/power_routed.rpt,NO,
gemm_2657,128,128,64,8,8,8,option_2,jik,ji,,True,YES,YES,NO,configs/gemm/gemm_2657.json,reports/gemm/gemm_2657/csynth.xml,,,NO,
gemm_2658,128,128,64,8,8,8,option_2,jki,ji,,True,YES,YES,NO,configs/gemm/gemm_2658.json,reports/gemm/gemm_2658/csynth.xml,,,NO,
gemm_2659,128,128,64,8,8,8,option_2,kij,ij,,True,YES,YES,NO,configs/gemm/gemm_2659.json,reports/gemm/gemm_2659/csynth.xml,,,NO,
gemm_2660,128,128,64,8,8,8,option_2,kji,ji,,True,YES,YES,NO,configs/gemm/gemm_2660.json,reports/gemm/gemm_2660/csynth.xml,,,NO,
gemm_2661,128,128,64,8,8,8,option_3,ijk,ij,,False,YES,YES,NO,configs/gemm/gemm_2661.json,reports/gemm/gemm_2661/csynth.xml,,,NO,
gemm_2662,128,128,64,8,8,8,option_3,ikj,ij,,False,YES,YES,NO,configs/gemm/gemm_2662.json,reports/gemm/gemm_2662/csynth.xml,,,NO,
gemm_2663,128,128,64,8,8,8,option_3,jik,ji,,False,YES,YES,NO,configs/gemm/gemm_2663.json,reports/gemm/gemm_2663/csynth.xml,,,NO,
gemm_2664,128,128,64,8,8,8,option_3,jki,ji,,False,YES,YES,NO,configs/gemm/gemm_2664.json,reports/gemm/gemm_2664/csynth.xml,,,NO,
gemm_2665,128,128,64,8,8,8,option_3,kij,ij,,False,YES,YES,NO,configs/gemm/gemm_2665.json,reports/gemm/gemm_2665/csynth.xml,,,NO,
gemm_2666,128,128,64,8,8,8,option_3,kji,ji,,False,YES,YES,NO,configs/gemm/gemm_2666.json,reports/gemm/gemm_2666/csynth.xml,,,NO,
gemm_2667,128,128,64,8,8,8,option_3,ijk,ij,,True,YES,YES,NO,configs/gemm/gemm_2667.json,reports/gemm/gemm_2667/csynth.xml,,,NO,
gemm_2668,128,128,64,8,8,8,option_3,ikj,ij,,True,YES,YES,YES,configs/gemm/gemm_2668.json,reports/gemm/gemm_2668/csynth.xml,reports/gemm/gemm_2668/export_impl.xml,reports/gemm/gemm_2668/power_routed.rpt,NO,
gemm_2669,128,128,64,8,8,8,option_3,jik,ji,,True,YES,YES,YES,configs/gemm/gemm_2669.json,reports/gemm/gemm_2669/csynth.xml,reports/gemm/gemm_2669/export_impl.xml,reports/gemm/gemm_2669/power_routed.rpt,NO,
gemm_2670,128,128,64,8,8,8,option_3,jki,ji,,True,YES,YES,NO,configs/gemm/gemm_2670.json,reports/gemm/gemm_2670/csynth.xml,,,NO,
gemm_2671,128,128,64,8,8,8,option_3,kij,ij,,True,YES,YES,NO,configs/gemm/gemm_2671.json,reports/gemm/gemm_2671/csynth.xml,,,NO,
gemm_2672,128,128,64,8,8,8,option_3,kji,ji,,True,YES,YES,NO,configs/gemm/gemm_2672.json,reports/gemm/gemm_2672/csynth.xml,,,NO,
gemm_2673,128,128,64,8,8,8,option_4,,ij,ij,False,YES,YES,NO,configs/gemm/gemm_2673.json,reports/gemm/gemm_2673/csynth.xml,,,NO,
gemm_2674,128,128,64,8,8,8,option_4,,ij,ji,False,YES,YES,NO,configs/gemm/gemm_2674.json,reports/gemm/gemm_2674/csynth.xml,,,NO,
gemm_2675,128,128,64,8,8,8,option_4,,ji,ij,False,YES,YES,NO,configs/gemm/gemm_2675.json,reports/gemm/gemm_2675/csynth.xml,,,NO,
gemm_2676,128,128,64,8,8,8,option_4,,ji,ji,False,YES,YES,NO,configs/gemm/gemm_2676.json,reports/gemm/gemm_2676/csynth.xml,,,NO,
gemm_2677,128,128,64,8,8,8,option_4,,ij,ij,True,YES,YES,NO,configs/gemm/gemm_2677.json,reports/gemm/gemm_2677/csynth.xml,,,NO,
gemm_2678,128,128,64,8,8,8,option_4,,ij,ji,True,YES,YES,NO,configs/gemm/gemm_2678.json,reports/gemm/gemm_2678/csynth.xml,,,NO,
gemm_2679,128,128,64,8,8,8,option_4,,ji,ij,True,YES,YES,NO,configs/gemm/gemm_2679.json,reports/gemm/gemm_2679/csynth.xml,,,NO,
gemm_2680,128,128,64,8,8,8,option_4,,ji,ji,True,YES,YES,YES,configs/gemm/gemm_2680.json,reports/gemm/gemm_2680/csynth.xml,reports/gemm/gemm_2680/export_impl.xml,reports/gemm/gemm_2680/power_routed.rpt,NO,
gemm_2681,128,128,64,8,8,8,option_5,,ij,ij,False,YES,YES,NO,configs/gemm/gemm_2681.json,reports/gemm/gemm_2681/csynth.xml,,,NO,
gemm_2682,128,128,64,8,8,8,option_5,,ij,ji,False,YES,YES,NO,configs/gemm/gemm_2682.json,reports/gemm/gemm_2682/csynth.xml,,,NO,
gemm_2683,128,128,64,8,8,8,option_5,,ji,ij,False,YES,YES,NO,configs/gemm/gemm_2683.json,reports/gemm/gemm_2683/csynth.xml,,,NO,
gemm_2684,128,128,64,8,8,8,option_5,,ji,ji,False,YES,YES,NO,configs/gemm/gemm_2684.json,reports/gemm/gemm_2684/csynth.xml,,,NO,
gemm_2685,128,128,64,8,8,8,option_5,,ij,ij,True,YES,YES,NO,configs/gemm/gemm_2685.json,reports/gemm/gemm_2685/csynth.xml,,,NO,
gemm_2686,128,128,64,8,8,8,option_5,,ij,ji,True,YES,YES,NO,configs/gemm/gemm_2686.json,reports/gemm/gemm_2686/csynth.xml,,,NO,
gemm_2687,128,128,64,8,8,8,option_5,,ji,ij,True,YES,YES,NO,configs/gemm/gemm_2687.json,reports/gemm/gemm_2687/csynth.xml,,,NO,
gemm_2688,128,128,64,8,8,8,option_5,,ji,ji,True,YES,YES,NO,configs/gemm/gemm_2688.json,reports/gemm/gemm_2688/csynth.xml,,,NO,
gemm_2689,128,128,128,1,1,1,option_1,,ij,ij,False,YES,YES,YES,configs/gemm/gemm_2689.json,reports/gemm/gemm_2689/csynth.xml,reports/gemm/gemm_2689/export_impl.xml,reports/gemm/gemm_2689/power_routed.rpt,NO,
gemm_2690,128,128,128,1,1,1,option_1,,ij,ji,False,YES,YES,YES,configs/gemm/gemm_2690.json,reports/gemm/gemm_2690/csynth.xml,reports/gemm/gemm_2690/export_impl.xml,reports/gemm/gemm_2690/power_routed.rpt,NO,
gemm_2691,128,128,128,1,1,1,option_1,,ji,ij,False,YES,YES,YES,configs/gemm/gemm_2691.json,reports/gemm/gemm_2691/csynth.xml,reports/gemm/gemm_2691/export_impl.xml,reports/gemm/gemm_2691/power_routed.rpt,NO,
gemm_2692,128,128,128,1,1,1,option_1,,ji,ji,False,YES,YES,YES,configs/gemm/gemm_2692.json,reports/gemm/gemm_2692/csynth.xml,reports/gemm/gemm_2692/export_impl.xml,reports/gemm/gemm_2692/power_routed.rpt,NO,
gemm_2693,128,128,128,1,1,1,option_1,,ij,ij,True,YES,YES,YES,configs/gemm/gemm_2693.json,reports/gemm/gemm_2693/csynth.xml,reports/gemm/gemm_2693/export_impl.xml,reports/gemm/gemm_2693/power_routed.rpt,NO,
gemm_2694,128,128,128,1,1,1,option_1,,ij,ji,True,YES,YES,YES,configs/gemm/gemm_2694.json,reports/gemm/gemm_2694/csynth.xml,reports/gemm/gemm_2694/export_impl.xml,reports/gemm/gemm_2694/power_routed.rpt,NO,
gemm_2695,128,128,128,1,1,1,option_1,,ji,ij,True,YES,YES,YES,configs/gemm/gemm_2695.json,reports/gemm/gemm_2695/csynth.xml,reports/gemm/gemm_2695/export_impl.xml,reports/gemm/gemm_2695/power_routed.rpt,NO,
gemm_2696,128,128,128,1,1,1,option_1,,ji,ji,True,YES,YES,YES,configs/gemm/gemm_2696.json,reports/gemm/gemm_2696/csynth.xml,reports/gemm/gemm_2696/export_impl.xml,reports/gemm/gemm_2696/power_routed.rpt,NO,
gemm_2697,128,128,128,1,1,1,option_2,ijk,ij,,False,YES,YES,YES,configs/gemm/gemm_2697.json,reports/gemm/gemm_2697/csynth.xml,reports/gemm/gemm_2697/export_impl.xml,reports/gemm/gemm_2697/power_routed.rpt,NO,
gemm_2698,128,128,128,1,1,1,option_2,ikj,ij,,False,YES,YES,YES,configs/gemm/gemm_2698.json,reports/gemm/gemm_2698/csynth.xml,reports/gemm/gemm_2698/export_impl.xml,reports/gemm/gemm_2698/power_routed.rpt,NO,
gemm_2699,128,128,128,1,1,1,option_2,jik,ji,,False,YES,YES,YES,configs/gemm/gemm_2699.json,reports/gemm/gemm_2699/csynth.xml,reports/gemm/gemm_2699/export_impl.xml,reports/gemm/gemm_2699/power_routed.rpt,NO,
gemm_2700,128,128,128,1,1,1,option_2,jki,ji,,False,YES,YES,YES,configs/gemm/gemm_2700.json,reports/gemm/gemm_2700/csynth.xml,reports/gemm/gemm_2700/export_impl.xml,reports/gemm/gemm_2700/power_routed.rpt,NO,
gemm_2701,128,128,128,1,1,1,option_2,kij,ij,,False,YES,YES,YES,configs/gemm/gemm_2701.json,reports/gemm/gemm_2701/csynth.xml,reports/gemm/gemm_2701/export_impl.xml,reports/gemm/gemm_2701/power_routed.rpt,NO,
gemm_2702,128,128,128,1,1,1,option_2,kji,ji,,False,YES,YES,YES,configs/gemm/gemm_2702.json,reports/gemm/gemm_2702/csynth.xml,reports/gemm/gemm_2702/export_impl.xml,reports/gemm/gemm_2702/power_routed.rpt,NO,
gemm_2703,128,128,128,1,1,1,option_2,ijk,ij,,True,YES,YES,YES,configs/gemm/gemm_2703.json,reports/gemm/gemm_2703/csynth.xml,reports/gemm/gemm_2703/export_impl.xml,reports/gemm/gemm_2703/power_routed.rpt,NO,
gemm_2704,128,128,128,1,1,1,option_2,ikj,ij,,True,YES,YES,YES,configs/gemm/gemm_2704.json,reports/gemm/gemm_2704/csynth.xml,reports/gemm/gemm_2704/export_impl.xml,reports/gemm/gemm_2704/power_routed.rpt,NO,
gemm_2705,128,128,128,1,1,1,option_2,jik,ji,,True,YES,YES,YES,configs/gemm/gemm_2705.json,reports/gemm/gemm_2705/csynth.xml,reports/gemm/gemm_2705/export_impl.xml,reports/gemm/gemm_2705/power_routed.rpt,NO,
gemm_2706,128,128,128,1,1,1,option_2,jki,ji,,True,YES,YES,YES,configs/gemm/gemm_2706.json,reports/gemm/gemm_2706/csynth.xml,reports/gemm/gemm_2706/export_impl.xml,reports/gemm/gemm_2706/power_routed.rpt,NO,
gemm_2707,128,128,128,1,1,1,option_2,kij,ij,,True,YES,YES,YES,configs/gemm/gemm_2707.json,reports/gemm/gemm_2707/csynth.xml,reports/gemm/gemm_2707/export_impl.xml,reports/gemm/gemm_2707/power_routed.rpt,NO,
gemm_2708,128,128,128,1,1,1,option_2,kji,ji,,True,YES,YES,YES,configs/gemm/gemm_2708.json,reports/gemm/gemm_2708/csynth.xml,reports/gemm/gemm_2708/export_impl.xml,reports/gemm/gemm_2708/power_routed.rpt,NO,
gemm_2709,128,128,128,1,1,1,option_3,ijk,ij,,False,YES,YES,YES,configs/gemm/gemm_2709.json,reports/gemm/gemm_2709/csynth.xml,reports/gemm/gemm_2709/export_impl.xml,reports/gemm/gemm_2709/power_routed.rpt,NO,
gemm_2710,128,128,128,1,1,1,option_3,ikj,ij,,False,YES,YES,YES,configs/gemm/gemm_2710.json,reports/gemm/gemm_2710/csynth.xml,reports/gemm/gemm_2710/export_impl.xml,reports/gemm/gemm_2710/power_routed.rpt,NO,
gemm_2711,128,128,128,1,1,1,option_3,jik,ji,,False,YES,YES,YES,configs/gemm/gemm_2711.json,reports/gemm/gemm_2711/csynth.xml,reports/gemm/gemm_2711/export_impl.xml,reports/gemm/gemm_2711/power_routed.rpt,NO,
gemm_2712,128,128,128,1,1,1,option_3,jki,ji,,False,YES,YES,YES,configs/gemm/gemm_2712.json,reports/gemm/gemm_2712/csynth.xml,reports/gemm/gemm_2712/export_impl.xml,reports/gemm/gemm_2712/power_routed.rpt,NO,
gemm_2713,128,128,128,1,1,1,option_3,kij,ij,,False,YES,YES,YES,configs/gemm/gemm_2713.json,reports/gemm/gemm_2713/csynth.xml,reports/gemm/gemm_2713/export_impl.xml,reports/gemm/gemm_2713/power_routed.rpt,NO,
gemm_2714,128,128,128,1,1,1,option_3,kji,ji,,False,YES,YES,YES,configs/gemm/gemm_2714.json,reports/gemm/gemm_2714/csynth.xml,reports/gemm/gemm_2714/export_impl.xml,reports/gemm/gemm_2714/power_routed.rpt,NO,
gemm_2715,128,128,128,1,1,1,option_3,ijk,ij,,True,YES,YES,YES,configs/gemm/gemm_2715.json,reports/gemm/gemm_2715/csynth.xml,reports/gemm/gemm_2715/export_impl.xml,reports/gemm/gemm_2715/power_routed.rpt,NO,
gemm_2716,128,128,128,1,1,1,option_3,ikj,ij,,True,YES,YES,YES,configs/gemm/gemm_2716.json,reports/gemm/gemm_2716/csynth.xml,reports/gemm/gemm_2716/export_impl.xml,reports/gemm/gemm_2716/power_routed.rpt,NO,
gemm_2717,128,128,128,1,1,1,option_3,jik,ji,,True,YES,YES,YES,configs/gemm/gemm_2717.json,reports/gemm/gemm_2717/csynth.xml,reports/gemm/gemm_2717/export_impl.xml,reports/gemm/gemm_2717/power_routed.rpt,NO,
gemm_2718,128,128,128,1,1,1,option_3,jki,ji,,True,YES,YES,YES,configs/gemm/gemm_2718.json,reports/gemm/gemm_2718/csynth.xml,reports/gemm/gemm_2718/export_impl.xml,reports/gemm/gemm_2718/power_routed.rpt,NO,
gemm_2719,128,128,128,1,1,1,option_3,kij,ij,,True,YES,YES,YES,configs/gemm/gemm_2719.json,reports/gemm/gemm_2719/csynth.xml,reports/gemm/gemm_2719/export_impl.xml,reports/gemm/gemm_2719/power_routed.rpt,NO,
gemm_2720,128,128,128,1,1,1,option_3,kji,ji,,True,YES,YES,YES,configs/gemm/gemm_2720.json,reports/gemm/gemm_2720/csynth.xml,reports/gemm/gemm_2720/export_impl.xml,reports/gemm/gemm_2720/power_routed.rpt,NO,
gemm_2721,128,128,128,1,1,1,option_4,,ij,ij,False,YES,YES,YES,configs/gemm/gemm_2721.json,reports/gemm/gemm_2721/csynth.xml,reports/gemm/gemm_2721/export_impl.xml,reports/gemm/gemm_2721/power_routed.rpt,NO,
gemm_2722,128,128,128,1,1,1,option_4,,ij,ji,False,YES,YES,YES,configs/gemm/gemm_2722.json,reports/gemm/gemm_2722/csynth.xml,reports/gemm/gemm_2722/export_impl.xml,reports/gemm/gemm_2722/power_routed.rpt,NO,
gemm_2723,128,128,128,1,1,1,option_4,,ji,ij,False,YES,YES,YES,configs/gemm/gemm_2723.json,reports/gemm/gemm_2723/csynth.xml,reports/gemm/gemm_2723/export_impl.xml,reports/gemm/gemm_2723/power_routed.rpt,NO,
gemm_2724,128,128,128,1,1,1,option_4,,ji,ji,False,YES,YES,YES,configs/gemm/gemm_2724.json,reports/gemm/gemm_2724/csynth.xml,reports/gemm/gemm_2724/export_impl.xml,reports/gemm/gemm_2724/power_routed.rpt,NO,
gemm_2725,128,128,128,1,1,1,option_4,,ij,ij,True,YES,YES,YES,configs/gemm/gemm_2725.json,reports/gemm/gemm_2725/csynth.xml,reports/gemm/gemm_2725/export_impl.xml,reports/gemm/gemm_2725/power_routed.rpt,NO,
gemm_2726,128,128,128,1,1,1,option_4,,ij,ji,True,YES,YES,YES,configs/gemm/gemm_2726.json,reports/gemm/gemm_2726/csynth.xml,reports/gemm/gemm_2726/export_impl.xml,reports/gemm/gemm_2726/power_routed.rpt,NO,
gemm_2727,128,128,128,1,1,1,option_4,,ji,ij,True,YES,YES,YES,configs/gemm/gemm_2727.json,reports/gemm/gemm_2727/csynth.xml,reports/gemm/gemm_2727/export_impl.xml,reports/gemm/gemm_2727/power_routed.rpt,NO,
gemm_2728,128,128,128,1,1,1,option_4,,ji,ji,True,YES,YES,YES,configs/gemm/gemm_2728.json,reports/gemm/gemm_2728/csynth.xml,reports/gemm/gemm_2728/export_impl.xml,reports/gemm/gemm_2728/power_routed.rpt,NO,
gemm_2729,128,128,128,1,1,1,option_5,,ij,ij,False,YES,YES,YES,configs/gemm/gemm_2729.json,reports/gemm/gemm_2729/csynth.xml,reports/gemm/gemm_2729/export_impl.xml,reports/gemm/gemm_2729/power_routed.rpt,NO,
gemm_2730,128,128,128,1,1,1,option_5,,ij,ji,False,YES,YES,YES,configs/gemm/gemm_2730.json,reports/gemm/gemm_2730/csynth.xml,reports/gemm/gemm_2730/export_impl.xml,reports/gemm/gemm_2730/power_routed.rpt,NO,
gemm_2731,128,128,128,1,1,1,option_5,,ji,ij,False,YES,YES,YES,configs/gemm/gemm_2731.json,reports/gemm/gemm_2731/csynth.xml,reports/gemm/gemm_2731/export_impl.xml,reports/gemm/gemm_2731/power_routed.rpt,NO,
gemm_2732,128,128,128,1,1,1,option_5,,ji,ji,False,YES,YES,YES,configs/gemm/gemm_2732.json,reports/gemm/gemm_2732/csynth.xml,reports/gemm/gemm_2732/export_impl.xml,reports/gemm/gemm_2732/power_routed.rpt,NO,
gemm_2733,128,128,128,1,1,1,option_5,,ij,ij,True,YES,YES,YES,configs/gemm/gemm_2733.json,reports/gemm/gemm_2733/csynth.xml,reports/gemm/gemm_2733/export_impl.xml,reports/gemm/gemm_2733/power_routed.rpt,NO,
gemm_2734,128,128,128,1,1,1,option_5,,ij,ji,True,YES,YES,YES,configs/gemm/gemm_2734.json,reports/gemm/gemm_2734/csynth.xml,reports/gemm/gemm_2734/export_impl.xml,reports/gemm/gemm_2734/power_routed.rpt,NO,
gemm_2735,128,128,128,1,1,1,option_5,,ji,ij,True,YES,YES,YES,configs/gemm/gemm_2735.json,reports/gemm/gemm_2735/csynth.xml,reports/gemm/gemm_2735/export_impl.xml,reports/gemm/gemm_2735/power_routed.rpt,NO,
gemm_2736,128,128,128,1,1,1,option_5,,ji,ji,True,YES,YES,YES,configs/gemm/gemm_2736.json,reports/gemm/gemm_2736/csynth.xml,reports/gemm/gemm_2736/export_impl.xml,reports/gemm/gemm_2736/power_routed.rpt,NO,
gemm_2737,128,128,128,1,1,8,option_1,,ij,ij,False,YES,YES,NO,configs/gemm/gemm_2737.json,reports/gemm/gemm_2737/csynth.xml,,,NO,
gemm_2738,128,128,128,1,1,8,option_1,,ij,ji,False,YES,YES,NO,configs/gemm/gemm_2738.json,reports/gemm/gemm_2738/csynth.xml,,,NO,
gemm_2739,128,128,128,1,1,8,option_1,,ji,ij,False,YES,YES,NO,configs/gemm/gemm_2739.json,reports/gemm/gemm_2739/csynth.xml,,,NO,
gemm_2740,128,128,128,1,1,8,option_1,,ji,ji,False,YES,YES,YES,configs/gemm/gemm_2740.json,reports/gemm/gemm_2740/csynth.xml,reports/gemm/gemm_2740/export_impl.xml,reports/gemm/gemm_2740/power_routed.rpt,NO,
gemm_2741,128,128,128,1,1,8,option_1,,ij,ij,True,YES,YES,NO,configs/gemm/gemm_2741.json,reports/gemm/gemm_2741/csynth.xml,,,NO,
gemm_2742,128,128,128,1,1,8,option_1,,ij,ji,True,YES,YES,NO,configs/gemm/gemm_2742.json,reports/gemm/gemm_2742/csynth.xml,,,NO,
gemm_2743,128,128,128,1,1,8,option_1,,ji,ij,True,YES,YES,YES,configs/gemm/gemm_2743.json,reports/gemm/gemm_2743/csynth.xml,reports/gemm/gemm_2743/export_impl.xml,reports/gemm/gemm_2743/power_routed.rpt,NO,
gemm_2744,128,128,128,1,1,8,option_1,,ji,ji,True,YES,YES,NO,configs/gemm/gemm_2744.json,reports/gemm/gemm_2744/csynth.xml,,,NO,
gemm_2745,128,128,128,1,1,8,option_2,ijk,ij,,False,YES,YES,NO,configs/gemm/gemm_2745.json,reports/gemm/gemm_2745/csynth.xml,,,NO,
gemm_2746,128,128,128,1,1,8,option_2,ikj,ij,,False,YES,YES,YES,configs/gemm/gemm_2746.json,reports/gemm/gemm_2746/csynth.xml,reports/gemm/gemm_2746/export_impl.xml,reports/gemm/gemm_2746/power_routed.rpt,NO,
gemm_2747,128,128,128,1,1,8,option_2,jik,ji,,False,YES,YES,YES,configs/gemm/gemm_2747.json,reports/gemm/gemm_2747/csynth.xml,reports/gemm/gemm_2747/export_impl.xml,reports/gemm/gemm_2747/power_routed.rpt,NO,
gemm_2748,128,128,128,1,1,8,option_2,jki,ji,,False,YES,YES,NO,configs/gemm/gemm_2748.json,reports/gemm/gemm_2748/csynth.xml,,,NO,
gemm_2749,128,128,128,1,1,8,option_2,kij,ij,,False,YES,YES,NO,configs/gemm/gemm_2749.json,reports/gemm/gemm_2749/csynth.xml,,,NO,
gemm_2750,128,128,128,1,1,8,option_2,kji,ji,,False,YES,YES,NO,configs/gemm/gemm_2750.json,reports/gemm/gemm_2750/csynth.xml,,,NO,
gemm_2751,128,128,128,1,1,8,option_2,ijk,ij,,True,YES,YES,NO,configs/gemm/gemm_2751.json,reports/gemm/gemm_2751/csynth.xml,,,NO,
gemm_2752,128,128,128,1,1,8,option_2,ikj,ij,,True,YES,YES,YES,configs/gemm/gemm_2752.json,reports/gemm/gemm_2752/csynth.xml,reports/gemm/gemm_2752/export_impl.xml,reports/gemm/gemm_2752/power_routed.rpt,NO,
gemm_2753,128,128,128,1,1,8,option_2,jik,ji,,True,YES,YES,NO,configs/gemm/gemm_2753.json,reports/gemm/gemm_2753/csynth.xml,,,NO,
gemm_2754,128,128,128,1,1,8,option_2,jki,ji,,True,YES,YES,NO,configs/gemm/gemm_2754.json,reports/gemm/gemm_2754/csynth.xml,,,NO,
gemm_2755,128,128,128,1,1,8,option_2,kij,ij,,True,YES,YES,NO,configs/gemm/gemm_2755.json,reports/gemm/gemm_2755/csynth.xml,,,NO,
gemm_2756,128,128,128,1,1,8,option_2,kji,ji,,True,YES,YES,NO,configs/gemm/gemm_2756.json,reports/gemm/gemm_2756/csynth.xml,,,NO,
gemm_2757,128,128,128,1,1,8,option_3,ijk,ij,,False,YES,YES,NO,configs/gemm/gemm_2757.json,reports/gemm/gemm_2757/csynth.xml,,,NO,
gemm_2758,128,128,128,1,1,8,option_3,ikj,ij,,False,YES,YES,NO,configs/gemm/gemm_2758.json,reports/gemm/gemm_2758/csynth.xml,,,NO,
gemm_2759,128,128,128,1,1,8,option_3,jik,ji,,False,YES,YES,NO,configs/gemm/gemm_2759.json,reports/gemm/gemm_2759/csynth.xml,,,NO,
gemm_2760,128,128,128,1,1,8,option_3,jki,ji,,False,YES,YES,NO,configs/gemm/gemm_2760.json,reports/gemm/gemm_2760/csynth.xml,,,NO,
gemm_2761,128,128,128,1,1,8,option_3,kij,ij,,False,YES,YES,YES,configs/gemm/gemm_2761.json,reports/gemm/gemm_2761/csynth.xml,reports/gemm/gemm_2761/export_impl.xml,reports/gemm/gemm_2761/power_routed.rpt,NO,
gemm_2762,128,128,128,1,1,8,option_3,kji,ji,,False,YES,YES,NO,configs/gemm/gemm_2762.json,reports/gemm/gemm_2762/csynth.xml,,,NO,
gemm_2763,128,128,128,1,1,8,option_3,ijk,ij,,True,YES,YES,NO,configs/gemm/gemm_2763.json,reports/gemm/gemm_2763/csynth.xml,,,NO,
gemm_2764,128,128,128,1,1,8,option_3,ikj,ij,,True,YES,YES,NO,configs/gemm/gemm_2764.json,reports/gemm/gemm_2764/csynth.xml,,,NO,
gemm_2765,128,128,128,1,1,8,option_3,jik,ji,,True,YES,YES,NO,configs/gemm/gemm_2765.json,reports/gemm/gemm_2765/csynth.xml,,,NO,
gemm_2766,128,128,128,1,1,8,option_3,jki,ji,,True,YES,YES,NO,configs/gemm/gemm_2766.json,reports/gemm/gemm_2766/csynth.xml,,,NO,
gemm_2767,128,128,128,1,1,8,option_3,kij,ij,,True,YES,YES,YES,configs/gemm/gemm_2767.json,reports/gemm/gemm_2767/csynth.xml,reports/gemm/gemm_2767/export_impl.xml,reports/gemm/gemm_2767/power_routed.rpt,NO,
gemm_2768,128,128,128,1,1,8,option_3,kji,ji,,True,YES,YES,YES,configs/gemm/gemm_2768.json,reports/gemm/gemm_2768/csynth.xml,reports/gemm/gemm_2768/export_impl.xml,reports/gemm/gemm_2768/power_routed.rpt,NO,
gemm_2769,128,128,128,1,1,8,option_4,,ij,ij,False,YES,YES,NO,configs/gemm/gemm_2769.json,reports/gemm/gemm_2769/csynth.xml,,,NO,
gemm_2770,128,128,128,1,1,8,option_4,,ij,ji,False,YES,YES,YES,configs/gemm/gemm_2770.json,reports/gemm/gemm_2770/csynth.xml,reports/gemm/gemm_2770/export_impl.xml,reports/gemm/gemm_2770/power_routed.rpt,NO,
gemm_2771,128,128,128,1,1,8,option_4,,ji,ij,False,YES,YES,NO,configs/gemm/gemm_2771.json,reports/gemm/gemm_2771/csynth.xml,,,NO,
gemm_2772,128,128,128,1,1,8,option_4,,ji,ji,False,YES,YES,NO,configs/gemm/gemm_2772.json,reports/gemm/gemm_2772/csynth.xml,,,NO,
gemm_2773,128,128,128,1,1,8,option_4,,ij,ij,True,YES,YES,NO,configs/gemm/gemm_2773.json,reports/gemm/gemm_2773/csynth.xml,,,NO,
gemm_2774,128,128,128,1,1,8,option_4,,ij,ji,True,YES,YES,NO,configs/gemm/gemm_2774.json,reports/gemm/gemm_2774/csynth.xml,,,NO,
gemm_2775,128,128,128,1,1,8,option_4,,ji,ij,True,YES,YES,NO,configs/gemm/gemm_2775.json,reports/gemm/gemm_2775/csynth.xml,,,NO,
gemm_2776,128,128,128,1,1,8,option_4,,ji,ji,True,YES,YES,NO,configs/gemm/gemm_2776.json,reports/gemm/gemm_2776/csynth.xml,,,NO,
gemm_2777,128,128,128,1,1,8,option_5,,ij,ij,False,YES,YES,YES,configs/gemm/gemm_2777.json,reports/gemm/gemm_2777/csynth.xml,reports/gemm/gemm_2777/export_impl.xml,reports/gemm/gemm_2777/power_routed.rpt,NO,
gemm_2778,128,128,128,1,1,8,option_5,,ij,ji,False,YES,YES,YES,configs/gemm/gemm_2778.json,reports/gemm/gemm_2778/csynth.xml,reports/gemm/gemm_2778/export_impl.xml,reports/gemm/gemm_2778/power_routed.rpt,NO,
gemm_2779,128,128,128,1,1,8,option_5,,ji,ij,False,YES,YES,YES,configs/gemm/gemm_2779.json,reports/gemm/gemm_2779/csynth.xml,reports/gemm/gemm_2779/export_impl.xml,reports/gemm/gemm_2779/power_routed.rpt,NO,
gemm_2780,128,128,128,1,1,8,option_5,,ji,ji,False,YES,YES,NO,configs/gemm/gemm_2780.json,reports/gemm/gemm_2780/csynth.xml,,,NO,
gemm_2781,128,128,128,1,1,8,option_5,,ij,ij,True,YES,YES,YES,configs/gemm/gemm_2781.json,reports/gemm/gemm_2781/csynth.xml,reports/gemm/gemm_2781/export_impl.xml,reports/gemm/gemm_2781/power_routed.rpt,NO,
gemm_2782,128,128,128,1,1,8,option_5,,ij,ji,True,YES,YES,NO,configs/gemm/gemm_2782.json,reports/gemm/gemm_2782/csynth.xml,,,NO,
gemm_2783,128,128,128,1,1,8,option_5,,ji,ij,True,YES,YES,NO,configs/gemm/gemm_2783.json,reports/gemm/gemm_2783/csynth.xml,,,NO,
gemm_2784,128,128,128,1,1,8,option_5,,ji,ji,True,YES,YES,YES,configs/gemm/gemm_2784.json,reports/gemm/gemm_2784/csynth.xml,reports/gemm/gemm_2784/export_impl.xml,reports/gemm/gemm_2784/power_routed.rpt,NO,
gemm_2785,128,128,128,1,8,1,option_1,,ij,ij,False,YES,YES,NO,configs/gemm/gemm_2785.json,reports/gemm/gemm_2785/csynth.xml,,,NO,
gemm_2786,128,128,128,1,8,1,option_1,,ij,ji,False,YES,YES,NO,configs/gemm/gemm_2786.json,reports/gemm/gemm_2786/csynth.xml,,,NO,
gemm_2787,128,128,128,1,8,1,option_1,,ji,ij,False,YES,YES,NO,configs/gemm/gemm_2787.json,reports/gemm/gemm_2787/csynth.xml,,,NO,
gemm_2788,128,128,128,1,8,1,option_1,,ji,ji,False,YES,YES,YES,configs/gemm/gemm_2788.json,reports/gemm/gemm_2788/csynth.xml,reports/gemm/gemm_2788/export_impl.xml,reports/gemm/gemm_2788/power_routed.rpt,NO,
gemm_2789,128,128,128,1,8,1,option_1,,ij,ij,True,YES,YES,NO,configs/gemm/gemm_2789.json,reports/gemm/gemm_2789/csynth.xml,,,NO,
gemm_2790,128,128,128,1,8,1,option_1,,ij,ji,True,YES,YES,NO,configs/gemm/gemm_2790.json,reports/gemm/gemm_2790/csynth.xml,,,NO,
gemm_2791,128,128,128,1,8,1,option_1,,ji,ij,True,YES,YES,NO,configs/gemm/gemm_2791.json,reports/gemm/gemm_2791/csynth.xml,,,NO,
gemm_2792,128,128,128,1,8,1,option_1,,ji,ji,True,YES,YES,NO,configs/gemm/gemm_2792.json,reports/gemm/gemm_2792/csynth.xml,,,NO,
gemm_2793,128,128,128,1,8,1,option_2,ijk,ij,,False,YES,YES,YES,configs/gemm/gemm_2793.json,reports/gemm/gemm_2793/csynth.xml,reports/gemm/gemm_2793/export_impl.xml,reports/gemm/gemm_2793/power_routed.rpt,NO,
gemm_2794,128,128,128,1,8,1,option_2,ikj,ij,,False,YES,YES,NO,configs/gemm/gemm_2794.json,reports/gemm/gemm_2794/csynth.xml,,,NO,
gemm_2795,128,128,128,1,8,1,option_2,jik,ji,,False,YES,YES,NO,configs/gemm/gemm_2795.json,reports/gemm/gemm_2795/csynth.xml,,,NO,
gemm_2796,128,128,128,1,8,1,option_2,jki,ji,,False,YES,YES,NO,configs/gemm/gemm_2796.json,reports/gemm/gemm_2796/csynth.xml,,,NO,
gemm_2797,128,128,128,1,8,1,option_2,kij,ij,,False,YES,YES,NO,configs/gemm/gemm_2797.json,reports/gemm/gemm_2797/csynth.xml,,,NO,
gemm_2798,128,128,128,1,8,1,option_2,kji,ji,,False,YES,YES,NO,configs/gemm/gemm_2798.json,reports/gemm/gemm_2798/csynth.xml,,,NO,
gemm_2799,128,128,128,1,8,1,option_2,ijk,ij,,True,YES,YES,NO,configs/gemm/gemm_2799.json,reports/gemm/gemm_2799/csynth.xml,,,NO,
gemm_2800,128,128,128,1,8,1,option_2,ikj,ij,,True,YES,YES,NO,configs/gemm/gemm_2800.json,reports/gemm/gemm_2800/csynth.xml,,,NO,
gemm_2801,128,128,128,1,8,1,option_2,jik,ji,,True,YES,YES,YES,configs/gemm/gemm_2801.json,reports/gemm/gemm_2801/csynth.xml,reports/gemm/gemm_2801/export_impl.xml,reports/gemm/gemm_2801/power_routed.rpt,NO,
gemm_2802,128,128,128,1,8,1,option_2,jki,ji,,True,YES,YES,YES,configs/gemm/gemm_2802.json,reports/gemm/gemm_2802/csynth.xml,reports/gemm/gemm_2802/export_impl.xml,reports/gemm/gemm_2802/power_routed.rpt,NO,
gemm_2803,128,128,128,1,8,1,option_2,kij,ij,,True,YES,YES,NO,configs/gemm/gemm_2803.json,reports/gemm/gemm_2803/csynth.xml,,,NO,
gemm_2804,128,128,128,1,8,1,option_2,kji,ji,,True,YES,YES,NO,configs/gemm/gemm_2804.json,reports/gemm/gemm_2804/csynth.xml,,,NO,
gemm_2805,128,128,128,1,8,1,option_3,ijk,ij,,False,YES,YES,NO,configs/gemm/gemm_2805.json,reports/gemm/gemm_2805/csynth.xml,,,NO,
gemm_2806,128,128,128,1,8,1,option_3,ikj,ij,,False,YES,YES,YES,configs/gemm/gemm_2806.json,reports/gemm/gemm_2806/csynth.xml,reports/gemm/gemm_2806/export_impl.xml,reports/gemm/gemm_2806/power_routed.rpt,NO,
gemm_2807,128,128,128,1,8,1,option_3,jik,ji,,False,YES,YES,NO,configs/gemm/gemm_2807.json,reports/gemm/gemm_2807/csynth.xml,,,NO,
gemm_2808,128,128,128,1,8,1,option_3,jki,ji,,False,YES,YES,NO,configs/gemm/gemm_2808.json,reports/gemm/gemm_2808/csynth.xml,,,NO,
gemm_2809,128,128,128,1,8,1,option_3,kij,ij,,False,YES,YES,NO,configs/gemm/gemm_2809.json,reports/gemm/gemm_2809/csynth.xml,,,NO,
gemm_2810,128,128,128,1,8,1,option_3,kji,ji,,False,YES,YES,NO,configs/gemm/gemm_2810.json,reports/gemm/gemm_2810/csynth.xml,,,NO,
gemm_2811,128,128,128,1,8,1,option_3,ijk,ij,,True,YES,YES,NO,configs/gemm/gemm_2811.json,reports/gemm/gemm_2811/csynth.xml,,,NO,
gemm_2812,128,128,128,1,8,1,option_3,ikj,ij,,True,YES,YES,NO,configs/gemm/gemm_2812.json,reports/gemm/gemm_2812/csynth.xml,,,NO,
gemm_2813,128,128,128,1,8,1,option_3,jik,ji,,True,YES,YES,NO,configs/gemm/gemm_2813.json,reports/gemm/gemm_2813/csynth.xml,,,NO,
gemm_2814,128,128,128,1,8,1,option_3,jki,ji,,True,YES,YES,NO,configs/gemm/gemm_2814.json,reports/gemm/gemm_2814/csynth.xml,,,NO,
gemm_2815,128,128,128,1,8,1,option_3,kij,ij,,True,YES,YES,YES,configs/gemm/gemm_2815.json,reports/gemm/gemm_2815/csynth.xml,reports/gemm/gemm_2815/export_impl.xml,reports/gemm/gemm_2815/power_routed.rpt,NO,
gemm_2816,128,128,128,1,8,1,option_3,kji,ji,,True,YES,YES,NO,configs/gemm/gemm_2816.json,reports/gemm/gemm_2816/csynth.xml,,,NO,
gemm_2817,128,128,128,1,8,1,option_4,,ij,ij,False,YES,YES,NO,configs/gemm/gemm_2817.json,reports/gemm/gemm_2817/csynth.xml,,,NO,
gemm_2818,128,128,128,1,8,1,option_4,,ij,ji,False,YES,YES,YES,configs/gemm/gemm_2818.json,reports/gemm/gemm_2818/csynth.xml,reports/gemm/gemm_2818/export_impl.xml,reports/gemm/gemm_2818/power_routed.rpt,NO,
gemm_2819,128,128,128,1,8,1,option_4,,ji,ij,False,YES,YES,NO,configs/gemm/gemm_2819.json,reports/gemm/gemm_2819/csynth.xml,,,NO,
gemm_2820,128,128,128,1,8,1,option_4,,ji,ji,False,YES,YES,NO,configs/gemm/gemm_2820.json,reports/gemm/gemm_2820/csynth.xml,,,NO,
gemm_2821,128,128,128,1,8,1,option_4,,ij,ij,True,YES,YES,NO,configs/gemm/gemm_2821.json,reports/gemm/gemm_2821/csynth.xml,,,NO,
gemm_2822,128,128,128,1,8,1,option_4,,ij,ji,True,YES,YES,NO,configs/gemm/gemm_2822.json,reports/gemm/gemm_2822/csynth.xml,,,NO,
gemm_2823,128,128,128,1,8,1,option_4,,ji,ij,True,YES,YES,YES,configs/gemm/gemm_2823.json,reports/gemm/gemm_2823/csynth.xml,reports/gemm/gemm_2823/export_impl.xml,reports/gemm/gemm_2823/power_routed.rpt,NO,
gemm_2824,128,128,128,1,8,1,option_4,,ji,ji,True,YES,YES,NO,configs/gemm/gemm_2824.json,reports/gemm/gemm_2824/csynth.xml,,,NO,
gemm_2825,128,128,128,1,8,1,option_5,,ij,ij,False,YES,YES,NO,configs/gemm/gemm_2825.json,reports/gemm/gemm_2825/csynth.xml,,,NO,
gemm_2826,128,128,128,1,8,1,option_5,,ij,ji,False,YES,YES,NO,configs/gemm/gemm_2826.json,reports/gemm/gemm_2826/csynth.xml,,,NO,
gemm_2827,128,128,128,1,8,1,option_5,,ji,ij,False,YES,YES,NO,configs/gemm/gemm_2827.json,reports/gemm/gemm_2827/csynth.xml,,,NO,
gemm_2828,128,128,128,1,8,1,option_5,,ji,ji,False,YES,YES,NO,configs/gemm/gemm_2828.json,reports/gemm/gemm_2828/csynth.xml,,,NO,
gemm_2829,128,128,128,1,8,1,option_5,,ij,ij,True,YES,YES,NO,configs/gemm/gemm_2829.json,reports/gemm/gemm_2829/csynth.xml,,,NO,
gemm_2830,128,128,128,1,8,1,option_5,,ij,ji,True,YES,YES,NO,configs/gemm/gemm_2830.json,reports/gemm/gemm_2830/csynth.xml,,,NO,
gemm_2831,128,128,128,1,8,1,option_5,,ji,ij,True,YES,YES,NO,configs/gemm/gemm_2831.json,reports/gemm/gemm_2831/csynth.xml,,,NO,
gemm_2832,128,128,128,1,8,1,option_5,,ji,ji,True,YES,YES,NO,configs/gemm/gemm_2832.json,reports/gemm/gemm_2832/csynth.xml,,,NO,
gemm_2833,128,128,128,1,8,8,option_1,,ij,ij,False,YES,YES,NO,configs/gemm/gemm_2833.json,reports/gemm/gemm_2833/csynth.xml,,,NO,
gemm_2834,128,128,128,1,8,8,option_1,,ij,ji,False,YES,YES,NO,configs/gemm/gemm_2834.json,reports/gemm/gemm_2834/csynth.xml,,,NO,
gemm_2835,128,128,128,1,8,8,option_1,,ji,ij,False,YES,YES,NO,configs/gemm/gemm_2835.json,reports/gemm/gemm_2835/csynth.xml,,,NO,
gemm_2836,128,128,128,1,8,8,option_1,,ji,ji,False,YES,YES,NO,configs/gemm/gemm_2836.json,reports/gemm/gemm_2836/csynth.xml,,,NO,
gemm_2837,128,128,128,1,8,8,option_1,,ij,ij,True,YES,YES,YES,configs/gemm/gemm_2837.json,reports/gemm/gemm_2837/csynth.xml,reports/gemm/gemm_2837/export_impl.xml,reports/gemm/gemm_2837/power_routed.rpt,NO,
gemm_2838,128,128,128,1,8,8,option_1,,ij,ji,True,YES,YES,NO,configs/gemm/gemm_2838.json,reports/gemm/gemm_2838/csynth.xml,,,NO,
gemm_2839,128,128,128,1,8,8,option_1,,ji,ij,True,YES,YES,NO,configs/gemm/gemm_2839.json,reports/gemm/gemm_2839/csynth.xml,,,NO,
gemm_2840,128,128,128,1,8,8,option_1,,ji,ji,True,YES,YES,NO,configs/gemm/gemm_2840.json,reports/gemm/gemm_2840/csynth.xml,,,NO,
gemm_2841,128,128,128,1,8,8,option_2,ijk,ij,,False,YES,YES,YES,configs/gemm/gemm_2841.json,reports/gemm/gemm_2841/csynth.xml,reports/gemm/gemm_2841/export_impl.xml,reports/gemm/gemm_2841/power_routed.rpt,NO,
gemm_2842,128,128,128,1,8,8,option_2,ikj,ij,,False,YES,YES,YES,configs/gemm/gemm_2842.json,reports/gemm/gemm_2842/csynth.xml,reports/gemm/gemm_2842/export_impl.xml,reports/gemm/gemm_2842/power_routed.rpt,NO,
gemm_2843,128,128,128,1,8,8,option_2,jik,ji,,False,YES,YES,YES,configs/gemm/gemm_2843.json,reports/gemm/gemm_2843/csynth.xml,reports/gemm/gemm_2843/export_impl.xml,reports/gemm/gemm_2843/power_routed.rpt,NO,
gemm_2844,128,128,128,1,8,8,option_2,jki,ji,,False,YES,YES,NO,configs/gemm/gemm_2844.json,reports/gemm/gemm_2844/csynth.xml,,,NO,
gemm_2845,128,128,128,1,8,8,option_2,kij,ij,,False,YES,YES,NO,configs/gemm/gemm_2845.json,reports/gemm/gemm_2845/csynth.xml,,,NO,
gemm_2846,128,128,128,1,8,8,option_2,kji,ji,,False,YES,YES,NO,configs/gemm/gemm_2846.json,reports/gemm/gemm_2846/csynth.xml,,,NO,
gemm_2847,128,128,128,1,8,8,option_2,ijk,ij,,True,YES,YES,YES,configs/gemm/gemm_2847.json,reports/gemm/gemm_2847/csynth.xml,reports/gemm/gemm_2847/export_impl.xml,reports/gemm/gemm_2847/power_routed.rpt,NO,
gemm_2848,128,128,128,1,8,8,option_2,ikj,ij,,True,YES,YES,NO,configs/gemm/gemm_2848.json,reports/gemm/gemm_2848/csynth.xml,,,NO,
gemm_2849,128,128,128,1,8,8,option_2,jik,ji,,True,YES,YES,NO,configs/gemm/gemm_2849.json,reports/gemm/gemm_2849/csynth.xml,,,NO,
gemm_2850,128,128,128,1,8,8,option_2,jki,ji,,True,YES,YES,YES,configs/gemm/gemm_2850.json,reports/gemm/gemm_2850/csynth.xml,reports/gemm/gemm_2850/export_impl.xml,reports/gemm/gemm_2850/power_routed.rpt,NO,
gemm_2851,128,128,128,1,8,8,option_2,kij,ij,,True,YES,YES,NO,configs/gemm/gemm_2851.json,reports/gemm/gemm_2851/csynth.xml,,,NO,
gemm_2852,128,128,128,1,8,8,option_2,kji,ji,,True,YES,YES,NO,configs/gemm/gemm_2852.json,reports/gemm/gemm_2852/csynth.xml,,,NO,
gemm_2853,128,128,128,1,8,8,option_3,ijk,ij,,False,YES,YES,NO,configs/gemm/gemm_2853.json,reports/gemm/gemm_2853/csynth.xml,,,NO,
gemm_2854,128,128,128,1,8,8,option_3,ikj,ij,,False,YES,YES,YES,configs/gemm/gemm_2854.json,reports/gemm/gemm_2854/csynth.xml,reports/gemm/gemm_2854/export_impl.xml,reports/gemm/gemm_2854/power_routed.rpt,NO,
gemm_2855,128,128,128,1,8,8,option_3,jik,ji,,False,YES,YES,NO,configs/gemm/gemm_2855.json,reports/gemm/gemm_2855/csynth.xml,,,NO,
gemm_2856,128,128,128,1,8,8,option_3,jki,ji,,False,YES,YES,NO,configs/gemm/gemm_2856.json,reports/gemm/gemm_2856/csynth.xml,,,NO,
gemm_2857,128,128,128,1,8,8,option_3,kij,ij,,False,YES,YES,NO,configs/gemm/gemm_2857.json,reports/gemm/gemm_2857/csynth.xml,,,NO,
gemm_2858,128,128,128,1,8,8,option_3,kji,ji,,False,YES,YES,YES,configs/gemm/gemm_2858.json,reports/gemm/gemm_2858/csynth.xml,reports/gemm/gemm_2858/export_impl.xml,reports/gemm/gemm_2858/power_routed.rpt,NO,
gemm_2859,128,128,128,1,8,8,option_3,ijk,ij,,True,YES,YES,NO,configs/gemm/gemm_2859.json,reports/gemm/gemm_2859/csynth.xml,,,NO,
gemm_2860,128,128,128,1,8,8,option_3,ikj,ij,,True,YES,YES,YES,configs/gemm/gemm_2860.json,reports/gemm/gemm_2860/csynth.xml,reports/gemm/gemm_2860/export_impl.xml,reports/gemm/gemm_2860/power_routed.rpt,NO,
gemm_2861,128,128,128,1,8,8,option_3,jik,ji,,True,YES,YES,NO,configs/gemm/gemm_2861.json,reports/gemm/gemm_2861/csynth.xml,,,NO,
gemm_2862,128,128,128,1,8,8,option_3,jki,ji,,True,YES,YES,NO,configs/gemm/gemm_2862.json,reports/gemm/gemm_2862/csynth.xml,,,NO,
gemm_2863,128,128,128,1,8,8,option_3,kij,ij,,True,YES,YES,NO,configs/gemm/gemm_2863.json,reports/gemm/gemm_2863/csynth.xml,,,NO,
gemm_2864,128,128,128,1,8,8,option_3,kji,ji,,True,YES,YES,NO,configs/gemm/gemm_2864.json,reports/gemm/gemm_2864/csynth.xml,,,NO,
gemm_2865,128,128,128,1,8,8,option_4,,ij,ij,False,YES,YES,NO,configs/gemm/gemm_2865.json,reports/gemm/gemm_2865/csynth.xml,,,NO,
gemm_2866,128,128,128,1,8,8,option_4,,ij,ji,False,YES,YES,NO,configs/gemm/gemm_2866.json,reports/gemm/gemm_2866/csynth.xml,,,NO,
gemm_2867,128,128,128,1,8,8,option_4,,ji,ij,False,YES,YES,NO,configs/gemm/gemm_2867.json,reports/gemm/gemm_2867/csynth.xml,,,NO,
gemm_2868,128,128,128,1,8,8,option_4,,ji,ji,False,YES,YES,YES,configs/gemm/gemm_2868.json,reports/gemm/gemm_2868/csynth.xml,reports/gemm/gemm_2868/export_impl.xml,reports/gemm/gemm_2868/power_routed.rpt,NO,
gemm_2869,128,128,128,1,8,8,option_4,,ij,ij,True,YES,YES,NO,configs/gemm/gemm_2869.json,reports/gemm/gemm_2869/csynth.xml,,,NO,
gemm_2870,128,128,128,1,8,8,option_4,,ij,ji,True,YES,YES,YES,configs/gemm/gemm_2870.json,reports/gemm/gemm_2870/csynth.xml,reports/gemm/gemm_2870/export_impl.xml,reports/gemm/gemm_2870/power_routed.rpt,NO,
gemm_2871,128,128,128,1,8,8,option_4,,ji,ij,True,YES,YES,NO,configs/gemm/gemm_2871.json,reports/gemm/gemm_2871/csynth.xml,,,NO,
gemm_2872,128,128,128,1,8,8,option_4,,ji,ji,True,YES,YES,NO,configs/gemm/gemm_2872.json,reports/gemm/gemm_2872/csynth.xml,,,NO,
gemm_2873,128,128,128,1,8,8,option_5,,ij,ij,False,YES,YES,NO,configs/gemm/gemm_2873.json,reports/gemm/gemm_2873/csynth.xml,,,NO,
gemm_2874,128,128,128,1,8,8,option_5,,ij,ji,False,YES,YES,YES,configs/gemm/gemm_2874.json,reports/gemm/gemm_2874/csynth.xml,reports/gemm/gemm_2874/export_impl.xml,reports/gemm/gemm_2874/power_routed.rpt,NO,
gemm_2875,128,128,128,1,8,8,option_5,,ji,ij,False,YES,YES,NO,configs/gemm/gemm_2875.json,reports/gemm/gemm_2875/csynth.xml,,,NO,
gemm_2876,128,128,128,1,8,8,option_5,,ji,ji,False,YES,YES,NO,configs/gemm/gemm_2876.json,reports/gemm/gemm_2876/csynth.xml,,,NO,
gemm_2877,128,128,128,1,8,8,option_5,,ij,ij,True,YES,YES,NO,configs/gemm/gemm_2877.json,reports/gemm/gemm_2877/csynth.xml,,,NO,
gemm_2878,128,128,128,1,8,8,option_5,,ij,ji,True,YES,YES,NO,configs/gemm/gemm_2878.json,reports/gemm/gemm_2878/csynth.xml,,,NO,
gemm_2879,128,128,128,1,8,8,option_5,,ji,ij,True,YES,YES,NO,configs/gemm/gemm_2879.json,reports/gemm/gemm_2879/csynth.xml,,,NO,
gemm_2880,128,128,128,1,8,8,option_5,,ji,ji,True,YES,YES,NO,configs/gemm/gemm_2880.json,reports/gemm/gemm_2880/csynth.xml,,,NO,
gemm_2881,128,128,128,8,1,1,option_1,,ij,ij,False,YES,YES,NO,configs/gemm/gemm_2881.json,reports/gemm/gemm_2881/csynth.xml,,,NO,
gemm_2882,128,128,128,8,1,1,option_1,,ij,ji,False,YES,YES,YES,configs/gemm/gemm_2882.json,reports/gemm/gemm_2882/csynth.xml,reports/gemm/gemm_2882/export_impl.xml,reports/gemm/gemm_2882/power_routed.rpt,NO,
gemm_2883,128,128,128,8,1,1,option_1,,ji,ij,False,YES,YES,NO,configs/gemm/gemm_2883.json,reports/gemm/gemm_2883/csynth.xml,,,NO,
gemm_2884,128,128,128,8,1,1,option_1,,ji,ji,False,YES,YES,NO,configs/gemm/gemm_2884.json,reports/gemm/gemm_2884/csynth.xml,,,NO,
gemm_2885,128,128,128,8,1,1,option_1,,ij,ij,True,YES,YES,NO,configs/gemm/gemm_2885.json,reports/gemm/gemm_2885/csynth.xml,,,NO,
gemm_2886,128,128,128,8,1,1,option_1,,ij,ji,True,YES,YES,NO,configs/gemm/gemm_2886.json,reports/gemm/gemm_2886/csynth.xml,,,NO,
gemm_2887,128,128,128,8,1,1,option_1,,ji,ij,True,YES,YES,NO,configs/gemm/gemm_2887.json,reports/gemm/gemm_2887/csynth.xml,,,NO,
gemm_2888,128,128,128,8,1,1,option_1,,ji,ji,True,YES,YES,NO,configs/gemm/gemm_2888.json,reports/gemm/gemm_2888/csynth.xml,,,NO,
gemm_2889,128,128,128,8,1,1,option_2,ijk,ij,,False,YES,YES,YES,configs/gemm/gemm_2889.json,reports/gemm/gemm_2889/csynth.xml,reports/gemm/gemm_2889/export_impl.xml,reports/gemm/gemm_2889/power_routed.rpt,NO,
gemm_2890,128,128,128,8,1,1,option_2,ikj,ij,,False,YES,YES,NO,configs/gemm/gemm_2890.json,reports/gemm/gemm_2890/csynth.xml,,,NO,
gemm_2891,128,128,128,8,1,1,option_2,jik,ji,,False,YES,YES,NO,configs/gemm/gemm_2891.json,reports/gemm/gemm_2891/csynth.xml,,,NO,
gemm_2892,128,128,128,8,1,1,option_2,jki,ji,,False,YES,YES,YES,configs/gemm/gemm_2892.json,reports/gemm/gemm_2892/csynth.xml,reports/gemm/gemm_2892/export_impl.xml,reports/gemm/gemm_2892/power_routed.rpt,NO,
gemm_2893,128,128,128,8,1,1,option_2,kij,ij,,False,YES,YES,YES,configs/gemm/gemm_2893.json,reports/gemm/gemm_2893/csynth.xml,reports/gemm/gemm_2893/export_impl.xml,reports/gemm/gemm_2893/power_routed.rpt,NO,
gemm_2894,128,128,128,8,1,1,option_2,kji,ji,,False,YES,YES,NO,configs/gemm/gemm_2894.json,reports/gemm/gemm_2894/csynth.xml,,,NO,
gemm_2895,128,128,128,8,1,1,option_2,ijk,ij,,True,YES,YES,YES,configs/gemm/gemm_2895.json,reports/gemm/gemm_2895/csynth.xml,reports/gemm/gemm_2895/export_impl.xml,reports/gemm/gemm_2895/power_routed.rpt,NO,
gemm_2896,128,128,128,8,1,1,option_2,ikj,ij,,True,YES,YES,NO,configs/gemm/gemm_2896.json,reports/gemm/gemm_2896/csynth.xml,,,NO,
gemm_2897,128,128,128,8,1,1,option_2,jik,ji,,True,YES,YES,NO,configs/gemm/gemm_2897.json,reports/gemm/gemm_2897/csynth.xml,,,NO,
gemm_2898,128,128,128,8,1,1,option_2,jki,ji,,True,YES,YES,YES,configs/gemm/gemm_2898.json,reports/gemm/gemm_2898/csynth.xml,reports/gemm/gemm_2898/export_impl.xml,reports/gemm/gemm_2898/power_routed.rpt,NO,
gemm_2899,128,128,128,8,1,1,option_2,kij,ij,,True,YES,YES,YES,configs/gemm/gemm_2899.json,reports/gemm/gemm_2899/csynth.xml,reports/gemm/gemm_2899/export_impl.xml,reports/gemm/gemm_2899/power_routed.rpt,NO,
gemm_2900,128,128,128,8,1,1,option_2,kji,ji,,True,YES,YES,NO,configs/gemm/gemm_2900.json,reports/gemm/gemm_2900/csynth.xml,,,NO,
gemm_2901,128,128,128,8,1,1,option_3,ijk,ij,,False,YES,YES,NO,configs/gemm/gemm_2901.json,reports/gemm/gemm_2901/csynth.xml,,,NO,
gemm_2902,128,128,128,8,1,1,option_3,ikj,ij,,False,YES,YES,YES,configs/gemm/gemm_2902.json,reports/gemm/gemm_2902/csynth.xml,reports/gemm/gemm_2902/export_impl.xml,reports/gemm/gemm_2902/power_routed.rpt,NO,
gemm_2903,128,128,128,8,1,1,option_3,jik,ji,,False,YES,YES,YES,configs/gemm/gemm_2903.json,reports/gemm/gemm_2903/csynth.xml,reports/gemm/gemm_2903/export_impl.xml,reports/gemm/gemm_2903/power_routed.rpt,NO,
gemm_2904,128,128,128,8,1,1,option_3,jki,ji,,False,YES,YES,YES,configs/gemm/gemm_2904.json,reports/gemm/gemm_2904/csynth.xml,reports/gemm/gemm_2904/export_impl.xml,reports/gemm/gemm_2904/power_routed.rpt,NO,
gemm_2905,128,128,128,8,1,1,option_3,kij,ij,,False,YES,YES,NO,configs/gemm/gemm_2905.json,reports/gemm/gemm_2905/csynth.xml,,,NO,
gemm_2906,128,128,128,8,1,1,option_3,kji,ji,,False,YES,YES,NO,configs/gemm/gemm_2906.json,reports/gemm/gemm_2906/csynth.xml,,,NO,
gemm_2907,128,128,128,8,1,1,option_3,ijk,ij,,True,YES,YES,NO,configs/gemm/gemm_2907.json,reports/gemm/gemm_2907/csynth.xml,,,NO,
gemm_2908,128,128,128,8,1,1,option_3,ikj,ij,,True,YES,YES,NO,configs/gemm/gemm_2908.json,reports/gemm/gemm_2908/csynth.xml,,,NO,
gemm_2909,128,128,128,8,1,1,option_3,jik,ji,,True,YES,YES,NO,configs/gemm/gemm_2909.json,reports/gemm/gemm_2909/csynth.xml,,,NO,
gemm_2910,128,128,128,8,1,1,option_3,jki,ji,,True,YES,YES,NO,configs/gemm/gemm_2910.json,reports/gemm/gemm_2910/csynth.xml,,,NO,
gemm_2911,128,128,128,8,1,1,option_3,kij,ij,,True,YES,YES,NO,configs/gemm/gemm_2911.json,reports/gemm/gemm_2911/csynth.xml,,,NO,
gemm_2912,128,128,128,8,1,1,option_3,kji,ji,,True,YES,YES,NO,configs/gemm/gemm_2912.json,reports/gemm/gemm_2912/csynth.xml,,,NO,
gemm_2913,128,128,128,8,1,1,option_4,,ij,ij,False,YES,YES,NO,configs/gemm/gemm_2913.json,reports/gemm/gemm_2913/csynth.xml,,,NO,
gemm_2914,128,128,128,8,1,1,option_4,,ij,ji,False,YES,YES,NO,configs/gemm/gemm_2914.json,reports/gemm/gemm_2914/csynth.xml,,,NO,
gemm_2915,128,128,128,8,1,1,option_4,,ji,ij,False,YES,YES,YES,configs/gemm/gemm_2915.json,reports/gemm/gemm_2915/csynth.xml,reports/gemm/gemm_2915/export_impl.xml,reports/gemm/gemm_2915/power_routed.rpt,NO,
gemm_2916,128,128,128,8,1,1,option_4,,ji,ji,False,YES,YES,NO,configs/gemm/gemm_2916.json,reports/gemm/gemm_2916/csynth.xml,,,NO,
gemm_2917,128,128,128,8,1,1,option_4,,ij,ij,True,YES,YES,NO,configs/gemm/gemm_2917.json,reports/gemm/gemm_2917/csynth.xml,,,NO,
gemm_2918,128,128,128,8,1,1,option_4,,ij,ji,True,YES,YES,YES,configs/gemm/gemm_2918.json,reports/gemm/gemm_2918/csynth.xml,reports/gemm/gemm_2918/export_impl.xml,reports/gemm/gemm_2918/power_routed.rpt,NO,
gemm_2919,128,128,128,8,1,1,option_4,,ji,ij,True,YES,YES,YES,configs/gemm/gemm_2919.json,reports/gemm/gemm_2919/csynth.xml,reports/gemm/gemm_2919/export_impl.xml,reports/gemm/gemm_2919/power_routed.rpt,NO,
gemm_2920,128,128,128,8,1,1,option_4,,ji,ji,True,YES,YES,NO,configs/gemm/gemm_2920.json,reports/gemm/gemm_2920/csynth.xml,,,NO,
gemm_2921,128,128,128,8,1,1,option_5,,ij,ij,False,YES,YES,YES,configs/gemm/gemm_2921.json,reports/gemm/gemm_2921/csynth.xml,reports/gemm/gemm_2921/export_impl.xml,reports/gemm/gemm_2921/power_routed.rpt,NO,
gemm_2922,128,128,128,8,1,1,option_5,,ij,ji,False,YES,YES,YES,configs/gemm/gemm_2922.json,reports/gemm/gemm_2922/csynth.xml,reports/gemm/gemm_2922/export_impl.xml,reports/gemm/gemm_2922/power_routed.rpt,NO,
gemm_2923,128,128,128,8,1,1,option_5,,ji,ij,False,YES,YES,NO,configs/gemm/gemm_2923.json,reports/gemm/gemm_2923/csynth.xml,,,NO,
gemm_2924,128,128,128,8,1,1,option_5,,ji,ji,False,YES,YES,NO,configs/gemm/gemm_2924.json,reports/gemm/gemm_2924/csynth.xml,,,NO,
gemm_2925,128,128,128,8,1,1,option_5,,ij,ij,True,YES,YES,NO,configs/gemm/gemm_2925.json,reports/gemm/gemm_2925/csynth.xml,,,NO,
gemm_2926,128,128,128,8,1,1,option_5,,ij,ji,True,YES,YES,NO,configs/gemm/gemm_2926.json,reports/gemm/gemm_2926/csynth.xml,,,NO,
gemm_2927,128,128,128,8,1,1,option_5,,ji,ij,True,YES,YES,NO,configs/gemm/gemm_2927.json,reports/gemm/gemm_2927/csynth.xml,,,NO,
gemm_2928,128,128,128,8,1,1,option_5,,ji,ji,True,YES,YES,NO,configs/gemm/gemm_2928.json,reports/gemm/gemm_2928/csynth.xml,,,NO,
gemm_2929,128,128,128,8,1,8,option_1,,ij,ij,False,YES,YES,NO,configs/gemm/gemm_2929.json,reports/gemm/gemm_2929/csynth.xml,,,NO,
gemm_2930,128,128,128,8,1,8,option_1,,ij,ji,False,YES,YES,YES,configs/gemm/gemm_2930.json,reports/gemm/gemm_2930/csynth.xml,reports/gemm/gemm_2930/export_impl.xml,reports/gemm/gemm_2930/power_routed.rpt,NO,
gemm_2931,128,128,128,8,1,8,option_1,,ji,ij,False,YES,YES,NO,configs/gemm/gemm_2931.json,reports/gemm/gemm_2931/csynth.xml,,,NO,
gemm_2932,128,128,128,8,1,8,option_1,,ji,ji,False,YES,YES,NO,configs/gemm/gemm_2932.json,reports/gemm/gemm_2932/csynth.xml,,,NO,
gemm_2933,128,128,128,8,1,8,option_1,,ij,ij,True,YES,YES,NO,configs/gemm/gemm_2933.json,reports/gemm/gemm_2933/csynth.xml,,,NO,
gemm_2934,128,128,128,8,1,8,option_1,,ij,ji,True,YES,YES,NO,configs/gemm/gemm_2934.json,reports/gemm/gemm_2934/csynth.xml,,,NO,
gemm_2935,128,128,128,8,1,8,option_1,,ji,ij,True,YES,YES,NO,configs/gemm/gemm_2935.json,reports/gemm/gemm_2935/csynth.xml,,,NO,
gemm_2936,128,128,128,8,1,8,option_1,,ji,ji,True,YES,YES,NO,configs/gemm/gemm_2936.json,reports/gemm/gemm_2936/csynth.xml,,,NO,
gemm_2937,128,128,128,8,1,8,option_2,ijk,ij,,False,YES,YES,NO,configs/gemm/gemm_2937.json,reports/gemm/gemm_2937/csynth.xml,,,NO,
gemm_2938,128,128,128,8,1,8,option_2,ikj,ij,,False,YES,YES,NO,configs/gemm/gemm_2938.json,reports/gemm/gemm_2938/csynth.xml,,,NO,
gemm_2939,128,128,128,8,1,8,option_2,jik,ji,,False,YES,YES,YES,configs/gemm/gemm_2939.json,reports/gemm/gemm_2939/csynth.xml,reports/gemm/gemm_2939/export_impl.xml,reports/gemm/gemm_2939/power_routed.rpt,NO,
gemm_2940,128,128,128,8,1,8,option_2,jki,ji,,False,YES,YES,NO,configs/gemm/gemm_2940.json,reports/gemm/gemm_2940/csynth.xml,,,NO,
gemm_2941,128,128,128,8,1,8,option_2,kij,ij,,False,YES,YES,NO,configs/gemm/gemm_2941.json,reports/gemm/gemm_2941/csynth.xml,,,NO,
gemm_2942,128,128,128,8,1,8,option_2,kji,ji,,False,YES,YES,NO,configs/gemm/gemm_2942.json,reports/gemm/gemm_2942/csynth.xml,,,NO,
gemm_2943,128,128,128,8,1,8,option_2,ijk,ij,,True,YES,YES,YES,configs/gemm/gemm_2943.json,reports/gemm/gemm_2943/csynth.xml,reports/gemm/gemm_2943/export_impl.xml,reports/gemm/gemm_2943/power_routed.rpt,NO,
gemm_2944,128,128,128,8,1,8,option_2,ikj,ij,,True,YES,YES,NO,configs/gemm/gemm_2944.json,reports/gemm/gemm_2944/csynth.xml,,,NO,
gemm_2945,128,128,128,8,1,8,option_2,jik,ji,,True,YES,YES,NO,configs/gemm/gemm_2945.json,reports/gemm/gemm_2945/csynth.xml,,,NO,
gemm_2946,128,128,128,8,1,8,option_2,jki,ji,,True,YES,YES,NO,configs/gemm/gemm_2946.json,reports/gemm/gemm_2946/csynth.xml,,,NO,
gemm_2947,128,128,128,8,1,8,option_2,kij,ij,,True,YES,YES,NO,configs/gemm/gemm_2947.json,reports/gemm/gemm_2947/csynth.xml,,,NO,
gemm_2948,128,128,128,8,1,8,option_2,kji,ji,,True,YES,YES,FAIL,configs/gemm/gemm_2948.json,reports/gemm/gemm_2948/csynth.xml,,,NO,impl: Vivado 2024.1.2 segfault in opt_design stage 'Preparing netlist for logic optimization' (vitis_hls rc=1); reproduced on retry
gemm_2949,128,128,128,8,1,8,option_3,ijk,ij,,False,YES,YES,NO,configs/gemm/gemm_2949.json,reports/gemm/gemm_2949/csynth.xml,,,NO,
gemm_2950,128,128,128,8,1,8,option_3,ikj,ij,,False,YES,YES,NO,configs/gemm/gemm_2950.json,reports/gemm/gemm_2950/csynth.xml,,,NO,
gemm_2951,128,128,128,8,1,8,option_3,jik,ji,,False,YES,YES,NO,configs/gemm/gemm_2951.json,reports/gemm/gemm_2951/csynth.xml,,,NO,
gemm_2952,128,128,128,8,1,8,option_3,jki,ji,,False,YES,YES,NO,configs/gemm/gemm_2952.json,reports/gemm/gemm_2952/csynth.xml,,,NO,
gemm_2953,128,128,128,8,1,8,option_3,kij,ij,,False,YES,YES,YES,configs/gemm/gemm_2953.json,reports/gemm/gemm_2953/csynth.xml,reports/gemm/gemm_2953/export_impl.xml,reports/gemm/gemm_2953/power_routed.rpt,NO,
gemm_2954,128,128,128,8,1,8,option_3,kji,ji,,False,YES,YES,NO,configs/gemm/gemm_2954.json,reports/gemm/gemm_2954/csynth.xml,,,NO,
gemm_2955,128,128,128,8,1,8,option_3,ijk,ij,,True,YES,YES,NO,configs/gemm/gemm_2955.json,reports/gemm/gemm_2955/csynth.xml,,,NO,
gemm_2956,128,128,128,8,1,8,option_3,ikj,ij,,True,YES,YES,NO,configs/gemm/gemm_2956.json,reports/gemm/gemm_2956/csynth.xml,,,NO,
gemm_2957,128,128,128,8,1,8,option_3,jik,ji,,True,YES,YES,NO,configs/gemm/gemm_2957.json,reports/gemm/gemm_2957/csynth.xml,,,NO,
gemm_2958,128,128,128,8,1,8,option_3,jki,ji,,True,YES,YES,NO,configs/gemm/gemm_2958.json,reports/gemm/gemm_2958/csynth.xml,,,NO,
gemm_2959,128,128,128,8,1,8,option_3,kij,ij,,True,YES,YES,NO,configs/gemm/gemm_2959.json,reports/gemm/gemm_2959/csynth.xml,,,NO,
gemm_2960,128,128,128,8,1,8,option_3,kji,ji,,True,YES,YES,NO,configs/gemm/gemm_2960.json,reports/gemm/gemm_2960/csynth.xml,,,NO,
gemm_2961,128,128,128,8,1,8,option_4,,ij,ij,False,YES,YES,YES,configs/gemm/gemm_2961.json,reports/gemm/gemm_2961/csynth.xml,reports/gemm/gemm_2961/export_impl.xml,reports/gemm/gemm_2961/power_routed.rpt,NO,
gemm_2962,128,128,128,8,1,8,option_4,,ij,ji,False,YES,YES,NO,configs/gemm/gemm_2962.json,reports/gemm/gemm_2962/csynth.xml,,,NO,
gemm_2963,128,128,128,8,1,8,option_4,,ji,ij,False,YES,YES,YES,configs/gemm/gemm_2963.json,reports/gemm/gemm_2963/csynth.xml,reports/gemm/gemm_2963/export_impl.xml,reports/gemm/gemm_2963/power_routed.rpt,NO,
gemm_2964,128,128,128,8,1,8,option_4,,ji,ji,False,YES,YES,YES,configs/gemm/gemm_2964.json,reports/gemm/gemm_2964/csynth.xml,reports/gemm/gemm_2964/export_impl.xml,reports/gemm/gemm_2964/power_routed.rpt,NO,
gemm_2965,128,128,128,8,1,8,option_4,,ij,ij,True,YES,YES,NO,configs/gemm/gemm_2965.json,reports/gemm/gemm_2965/csynth.xml,,,NO,
gemm_2966,128,128,128,8,1,8,option_4,,ij,ji,True,YES,YES,NO,configs/gemm/gemm_2966.json,reports/gemm/gemm_2966/csynth.xml,,,NO,
gemm_2967,128,128,128,8,1,8,option_4,,ji,ij,True,YES,YES,NO,configs/gemm/gemm_2967.json,reports/gemm/gemm_2967/csynth.xml,,,NO,
gemm_2968,128,128,128,8,1,8,option_4,,ji,ji,True,YES,YES,NO,configs/gemm/gemm_2968.json,reports/gemm/gemm_2968/csynth.xml,,,NO,
gemm_2969,128,128,128,8,1,8,option_5,,ij,ij,False,YES,YES,YES,configs/gemm/gemm_2969.json,reports/gemm/gemm_2969/csynth.xml,reports/gemm/gemm_2969/export_impl.xml,reports/gemm/gemm_2969/power_routed.rpt,NO,
gemm_2970,128,128,128,8,1,8,option_5,,ij,ji,False,YES,YES,NO,configs/gemm/gemm_2970.json,reports/gemm/gemm_2970/csynth.xml,,,NO,
gemm_2971,128,128,128,8,1,8,option_5,,ji,ij,False,YES,YES,NO,configs/gemm/gemm_2971.json,reports/gemm/gemm_2971/csynth.xml,,,NO,
gemm_2972,128,128,128,8,1,8,option_5,,ji,ji,False,YES,YES,NO,configs/gemm/gemm_2972.json,reports/gemm/gemm_2972/csynth.xml,,,NO,
gemm_2973,128,128,128,8,1,8,option_5,,ij,ij,True,YES,YES,NO,configs/gemm/gemm_2973.json,reports/gemm/gemm_2973/csynth.xml,,,NO,
gemm_2974,128,128,128,8,1,8,option_5,,ij,ji,True,YES,YES,YES,configs/gemm/gemm_2974.json,reports/gemm/gemm_2974/csynth.xml,reports/gemm/gemm_2974/export_impl.xml,reports/gemm/gemm_2974/power_routed.rpt,NO,
gemm_2975,128,128,128,8,1,8,option_5,,ji,ij,True,YES,YES,NO,configs/gemm/gemm_2975.json,reports/gemm/gemm_2975/csynth.xml,,,NO,
gemm_2976,128,128,128,8,1,8,option_5,,ji,ji,True,YES,YES,YES,configs/gemm/gemm_2976.json,reports/gemm/gemm_2976/csynth.xml,reports/gemm/gemm_2976/export_impl.xml,reports/gemm/gemm_2976/power_routed.rpt,NO,
gemm_2977,128,128,128,8,8,1,option_1,,ij,ij,False,YES,YES,NO,configs/gemm/gemm_2977.json,reports/gemm/gemm_2977/csynth.xml,,,NO,
gemm_2978,128,128,128,8,8,1,option_1,,ij,ji,False,YES,YES,NO,configs/gemm/gemm_2978.json,reports/gemm/gemm_2978/csynth.xml,,,NO,
gemm_2979,128,128,128,8,8,1,option_1,,ji,ij,False,YES,YES,NO,configs/gemm/gemm_2979.json,reports/gemm/gemm_2979/csynth.xml,,,NO,
gemm_2980,128,128,128,8,8,1,option_1,,ji,ji,False,YES,YES,NO,configs/gemm/gemm_2980.json,reports/gemm/gemm_2980/csynth.xml,,,NO,
gemm_2981,128,128,128,8,8,1,option_1,,ij,ij,True,YES,YES,NO,configs/gemm/gemm_2981.json,reports/gemm/gemm_2981/csynth.xml,,,NO,
gemm_2982,128,128,128,8,8,1,option_1,,ij,ji,True,YES,YES,YES,configs/gemm/gemm_2982.json,reports/gemm/gemm_2982/csynth.xml,reports/gemm/gemm_2982/export_impl.xml,reports/gemm/gemm_2982/power_routed.rpt,NO,
gemm_2983,128,128,128,8,8,1,option_1,,ji,ij,True,YES,YES,YES,configs/gemm/gemm_2983.json,reports/gemm/gemm_2983/csynth.xml,reports/gemm/gemm_2983/export_impl.xml,reports/gemm/gemm_2983/power_routed.rpt,NO,
gemm_2984,128,128,128,8,8,1,option_1,,ji,ji,True,YES,YES,YES,configs/gemm/gemm_2984.json,reports/gemm/gemm_2984/csynth.xml,reports/gemm/gemm_2984/export_impl.xml,reports/gemm/gemm_2984/power_routed.rpt,NO,
gemm_2985,128,128,128,8,8,1,option_2,ijk,ij,,False,YES,YES,NO,configs/gemm/gemm_2985.json,reports/gemm/gemm_2985/csynth.xml,,,NO,
gemm_2986,128,128,128,8,8,1,option_2,ikj,ij,,False,YES,YES,NO,configs/gemm/gemm_2986.json,reports/gemm/gemm_2986/csynth.xml,,,NO,
gemm_2987,128,128,128,8,8,1,option_2,jik,ji,,False,YES,YES,NO,configs/gemm/gemm_2987.json,reports/gemm/gemm_2987/csynth.xml,,,NO,
gemm_2988,128,128,128,8,8,1,option_2,jki,ji,,False,YES,YES,NO,configs/gemm/gemm_2988.json,reports/gemm/gemm_2988/csynth.xml,,,NO,
gemm_2989,128,128,128,8,8,1,option_2,kij,ij,,False,YES,YES,NO,configs/gemm/gemm_2989.json,reports/gemm/gemm_2989/csynth.xml,,,NO,
gemm_2990,128,128,128,8,8,1,option_2,kji,ji,,False,YES,YES,YES,configs/gemm/gemm_2990.json,reports/gemm/gemm_2990/csynth.xml,reports/gemm/gemm_2990/export_impl.xml,reports/gemm/gemm_2990/power_routed.rpt,NO,
gemm_2991,128,128,128,8,8,1,option_2,ijk,ij,,True,YES,YES,NO,configs/gemm/gemm_2991.json,reports/gemm/gemm_2991/csynth.xml,,,NO,
gemm_2992,128,128,128,8,8,1,option_2,ikj,ij,,True,YES,YES,NO,configs/gemm/gemm_2992.json,reports/gemm/gemm_2992/csynth.xml,,,NO,
gemm_2993,128,128,128,8,8,1,option_2,jik,ji,,True,YES,YES,NO,configs/gemm/gemm_2993.json,reports/gemm/gemm_2993/csynth.xml,,,NO,
gemm_2994,128,128,128,8,8,1,option_2,jki,ji,,True,YES,YES,NO,configs/gemm/gemm_2994.json,reports/gemm/gemm_2994/csynth.xml,,,NO,
gemm_2995,128,128,128,8,8,1,option_2,kij,ij,,True,YES,YES,NO,configs/gemm/gemm_2995.json,reports/gemm/gemm_2995/csynth.xml,,,NO,
gemm_2996,128,128,128,8,8,1,option_2,kji,ji,,True,YES,YES,NO,configs/gemm/gemm_2996.json,reports/gemm/gemm_2996/csynth.xml,,,NO,
gemm_2997,128,128,128,8,8,1,option_3,ijk,ij,,False,YES,YES,NO,configs/gemm/gemm_2997.json,reports/gemm/gemm_2997/csynth.xml,,,NO,
gemm_2998,128,128,128,8,8,1,option_3,ikj,ij,,False,YES,YES,NO,configs/gemm/gemm_2998.json,reports/gemm/gemm_2998/csynth.xml,,,NO,
gemm_2999,128,128,128,8,8,1,option_3,jik,ji,,False,YES,YES,NO,configs/gemm/gemm_2999.json,reports/gemm/gemm_2999/csynth.xml,,,NO,
gemm_3000,128,128,128,8,8,1,option_3,jki,ji,,False,YES,YES,NO,configs/gemm/gemm_3000.json,reports/gemm/gemm_3000/csynth.xml,,,NO,
gemm_3001,128,128,128,8,8,1,option_3,kij,ij,,False,YES,YES,NO,configs/gemm/gemm_3001.json,reports/gemm/gemm_3001/csynth.xml,,,NO,
gemm_3002,128,128,128,8,8,1,option_3,kji,ji,,False,YES,YES,YES,configs/gemm/gemm_3002.json,reports/gemm/gemm_3002/csynth.xml,reports/gemm/gemm_3002/export_impl.xml,reports/gemm/gemm_3002/power_routed.rpt,NO,
gemm_3003,128,128,128,8,8,1,option_3,ijk,ij,,True,YES,YES,NO,configs/gemm/gemm_3003.json,reports/gemm/gemm_3003/csynth.xml,,,NO,
gemm_3004,128,128,128,8,8,1,option_3,ikj,ij,,True,YES,YES,NO,configs/gemm/gemm_3004.json,reports/gemm/gemm_3004/csynth.xml,,,NO,
gemm_3005,128,128,128,8,8,1,option_3,jik,ji,,True,YES,YES,NO,configs/gemm/gemm_3005.json,reports/gemm/gemm_3005/csynth.xml,,,NO,
gemm_3006,128,128,128,8,8,1,option_3,jki,ji,,True,YES,YES,NO,configs/gemm/gemm_3006.json,reports/gemm/gemm_3006/csynth.xml,,,NO,
gemm_3007,128,128,128,8,8,1,option_3,kij,ij,,True,YES,YES,NO,configs/gemm/gemm_3007.json,reports/gemm/gemm_3007/csynth.xml,,,NO,
gemm_3008,128,128,128,8,8,1,option_3,kji,ji,,True,YES,YES,NO,configs/gemm/gemm_3008.json,reports/gemm/gemm_3008/csynth.xml,,,NO,
gemm_3009,128,128,128,8,8,1,option_4,,ij,ij,False,YES,YES,NO,configs/gemm/gemm_3009.json,reports/gemm/gemm_3009/csynth.xml,,,NO,
gemm_3010,128,128,128,8,8,1,option_4,,ij,ji,False,YES,YES,NO,configs/gemm/gemm_3010.json,reports/gemm/gemm_3010/csynth.xml,,,NO,
gemm_3011,128,128,128,8,8,1,option_4,,ji,ij,False,YES,YES,NO,configs/gemm/gemm_3011.json,reports/gemm/gemm_3011/csynth.xml,,,NO,
gemm_3012,128,128,128,8,8,1,option_4,,ji,ji,False,YES,YES,NO,configs/gemm/gemm_3012.json,reports/gemm/gemm_3012/csynth.xml,,,NO,
gemm_3013,128,128,128,8,8,1,option_4,,ij,ij,True,YES,YES,NO,configs/gemm/gemm_3013.json,reports/gemm/gemm_3013/csynth.xml,,,NO,
gemm_3014,128,128,128,8,8,1,option_4,,ij,ji,True,YES,YES,NO,configs/gemm/gemm_3014.json,reports/gemm/gemm_3014/csynth.xml,,,NO,
gemm_3015,128,128,128,8,8,1,option_4,,ji,ij,True,YES,YES,NO,configs/gemm/gemm_3015.json,reports/gemm/gemm_3015/csynth.xml,,,NO,
gemm_3016,128,128,128,8,8,1,option_4,,ji,ji,True,YES,YES,NO,configs/gemm/gemm_3016.json,reports/gemm/gemm_3016/csynth.xml,,,NO,
gemm_3017,128,128,128,8,8,1,option_5,,ij,ij,False,YES,YES,NO,configs/gemm/gemm_3017.json,reports/gemm/gemm_3017/csynth.xml,,,NO,
gemm_3018,128,128,128,8,8,1,option_5,,ij,ji,False,YES,YES,NO,configs/gemm/gemm_3018.json,reports/gemm/gemm_3018/csynth.xml,,,NO,
gemm_3019,128,128,128,8,8,1,option_5,,ji,ij,False,YES,YES,YES,configs/gemm/gemm_3019.json,reports/gemm/gemm_3019/csynth.xml,reports/gemm/gemm_3019/export_impl.xml,reports/gemm/gemm_3019/power_routed.rpt,NO,
gemm_3020,128,128,128,8,8,1,option_5,,ji,ji,False,YES,YES,NO,configs/gemm/gemm_3020.json,reports/gemm/gemm_3020/csynth.xml,,,NO,
gemm_3021,128,128,128,8,8,1,option_5,,ij,ij,True,YES,YES,NO,configs/gemm/gemm_3021.json,reports/gemm/gemm_3021/csynth.xml,,,NO,
gemm_3022,128,128,128,8,8,1,option_5,,ij,ji,True,YES,YES,NO,configs/gemm/gemm_3022.json,reports/gemm/gemm_3022/csynth.xml,,,NO,
gemm_3023,128,128,128,8,8,1,option_5,,ji,ij,True,YES,YES,NO,configs/gemm/gemm_3023.json,reports/gemm/gemm_3023/csynth.xml,,,NO,
gemm_3024,128,128,128,8,8,1,option_5,,ji,ji,True,YES,YES,NO,configs/gemm/gemm_3024.json,reports/gemm/gemm_3024/csynth.xml,,,NO,
gemm_3025,128,128,128,8,8,8,option_1,,ij,ij,False,YES,YES,NO,configs/gemm/gemm_3025.json,reports/gemm/gemm_3025/csynth.xml,,,NO,
gemm_3026,128,128,128,8,8,8,option_1,,ij,ji,False,YES,YES,NO,configs/gemm/gemm_3026.json,reports/gemm/gemm_3026/csynth.xml,,,NO,
gemm_3027,128,128,128,8,8,8,option_1,,ji,ij,False,YES,YES,NO,configs/gemm/gemm_3027.json,reports/gemm/gemm_3027/csynth.xml,,,NO,
gemm_3028,128,128,128,8,8,8,option_1,,ji,ji,False,YES,YES,NO,configs/gemm/gemm_3028.json,reports/gemm/gemm_3028/csynth.xml,,,NO,
gemm_3029,128,128,128,8,8,8,option_1,,ij,ij,True,YES,YES,NO,configs/gemm/gemm_3029.json,reports/gemm/gemm_3029/csynth.xml,,,NO,
gemm_3030,128,128,128,8,8,8,option_1,,ij,ji,True,YES,YES,YES,configs/gemm/gemm_3030.json,reports/gemm/gemm_3030/csynth.xml,reports/gemm/gemm_3030/export_impl.xml,reports/gemm/gemm_3030/power_routed.rpt,NO,
gemm_3031,128,128,128,8,8,8,option_1,,ji,ij,True,YES,YES,NO,configs/gemm/gemm_3031.json,reports/gemm/gemm_3031/csynth.xml,,,NO,
gemm_3032,128,128,128,8,8,8,option_1,,ji,ji,True,YES,YES,NO,configs/gemm/gemm_3032.json,reports/gemm/gemm_3032/csynth.xml,,,NO,
gemm_3033,128,128,128,8,8,8,option_2,ijk,ij,,False,YES,YES,NO,configs/gemm/gemm_3033.json,reports/gemm/gemm_3033/csynth.xml,,,NO,
gemm_3034,128,128,128,8,8,8,option_2,ikj,ij,,False,YES,YES,NO,configs/gemm/gemm_3034.json,reports/gemm/gemm_3034/csynth.xml,,,NO,
gemm_3035,128,128,128,8,8,8,option_2,jik,ji,,False,YES,YES,YES,configs/gemm/gemm_3035.json,reports/gemm/gemm_3035/csynth.xml,reports/gemm/gemm_3035/export_impl.xml,reports/gemm/gemm_3035/power_routed.rpt,NO,
gemm_3036,128,128,128,8,8,8,option_2,jki,ji,,False,YES,YES,NO,configs/gemm/gemm_3036.json,reports/gemm/gemm_3036/csynth.xml,,,NO,
gemm_3037,128,128,128,8,8,8,option_2,kij,ij,,False,YES,YES,NO,configs/gemm/gemm_3037.json,reports/gemm/gemm_3037/csynth.xml,,,NO,
gemm_3038,128,128,128,8,8,8,option_2,kji,ji,,False,YES,YES,YES,configs/gemm/gemm_3038.json,reports/gemm/gemm_3038/csynth.xml,reports/gemm/gemm_3038/export_impl.xml,reports/gemm/gemm_3038/power_routed.rpt,NO,
gemm_3039,128,128,128,8,8,8,option_2,ijk,ij,,True,YES,YES,NO,configs/gemm/gemm_3039.json,reports/gemm/gemm_3039/csynth.xml,,,NO,
gemm_3040,128,128,128,8,8,8,option_2,ikj,ij,,True,YES,YES,NO,configs/gemm/gemm_3040.json,reports/gemm/gemm_3040/csynth.xml,,,NO,
gemm_3041,128,128,128,8,8,8,option_2,jik,ji,,True,YES,YES,NO,configs/gemm/gemm_3041.json,reports/gemm/gemm_3041/csynth.xml,,,NO,
gemm_3042,128,128,128,8,8,8,option_2,jki,ji,,True,YES,YES,YES,configs/gemm/gemm_3042.json,reports/gemm/gemm_3042/csynth.xml,reports/gemm/gemm_3042/export_impl.xml,reports/gemm/gemm_3042/power_routed.rpt,NO,
gemm_3043,128,128,128,8,8,8,option_2,kij,ij,,True,YES,YES,YES,configs/gemm/gemm_3043.json,reports/gemm/gemm_3043/csynth.xml,reports/gemm/gemm_3043/export_impl.xml,reports/gemm/gemm_3043/power_routed.rpt,NO,
gemm_3044,128,128,128,8,8,8,option_2,kji,ji,,True,YES,YES,YES,configs/gemm/gemm_3044.json,reports/gemm/gemm_3044/csynth.xml,reports/gemm/gemm_3044/export_impl.xml,reports/gemm/gemm_3044/power_routed.rpt,NO,
gemm_3045,128,128,128,8,8,8,option_3,ijk,ij,,False,YES,YES,NO,configs/gemm/gemm_3045.json,reports/gemm/gemm_3045/csynth.xml,,,NO,
gemm_3046,128,128,128,8,8,8,option_3,ikj,ij,,False,YES,YES,YES,configs/gemm/gemm_3046.json,reports/gemm/gemm_3046/csynth.xml,reports/gemm/gemm_3046/export_impl.xml,reports/gemm/gemm_3046/power_routed.rpt,NO,
gemm_3047,128,128,128,8,8,8,option_3,jik,ji,,False,YES,YES,NO,configs/gemm/gemm_3047.json,reports/gemm/gemm_3047/csynth.xml,,,NO,
gemm_3048,128,128,128,8,8,8,option_3,jki,ji,,False,YES,YES,YES,configs/gemm/gemm_3048.json,reports/gemm/gemm_3048/csynth.xml,reports/gemm/gemm_3048/export_impl.xml,reports/gemm/gemm_3048/power_routed.rpt,NO,
gemm_3049,128,128,128,8,8,8,option_3,kij,ij,,False,YES,YES,YES,configs/gemm/gemm_3049.json,reports/gemm/gemm_3049/csynth.xml,reports/gemm/gemm_3049/export_impl.xml,reports/gemm/gemm_3049/power_routed.rpt,NO,
gemm_3050,128,128,128,8,8,8,option_3,kji,ji,,False,YES,YES,NO,configs/gemm/gemm_3050.json,reports/gemm/gemm_3050/csynth.xml,,,NO,
gemm_3051,128,128,128,8,8,8,option_3,ijk,ij,,True,YES,YES,NO,configs/gemm/gemm_3051.json,reports/gemm/gemm_3051/csynth.xml,,,NO,
gemm_3052,128,128,128,8,8,8,option_3,ikj,ij,,True,YES,YES,NO,configs/gemm/gemm_3052.json,reports/gemm/gemm_3052/csynth.xml,,,NO,
gemm_3053,128,128,128,8,8,8,option_3,jik,ji,,True,YES,YES,NO,configs/gemm/gemm_3053.json,reports/gemm/gemm_3053/csynth.xml,,,NO,
gemm_3054,128,128,128,8,8,8,option_3,jki,ji,,True,YES,YES,YES,configs/gemm/gemm_3054.json,reports/gemm/gemm_3054/csynth.xml,reports/gemm/gemm_3054/export_impl.xml,reports/gemm/gemm_3054/power_routed.rpt,NO,
gemm_3055,128,128,128,8,8,8,option_3,kij,ij,,True,YES,YES,NO,configs/gemm/gemm_3055.json,reports/gemm/gemm_3055/csynth.xml,,,NO,
gemm_3056,128,128,128,8,8,8,option_3,kji,ji,,True,YES,YES,YES,configs/gemm/gemm_3056.json,reports/gemm/gemm_3056/csynth.xml,reports/gemm/gemm_3056/export_impl.xml,reports/gemm/gemm_3056/power_routed.rpt,NO,
gemm_3057,128,128,128,8,8,8,option_4,,ij,ij,False,YES,YES,NO,configs/gemm/gemm_3057.json,reports/gemm/gemm_3057/csynth.xml,,,NO,
gemm_3058,128,128,128,8,8,8,option_4,,ij,ji,False,YES,YES,NO,configs/gemm/gemm_3058.json,reports/gemm/gemm_3058/csynth.xml,,,NO,
gemm_3059,128,128,128,8,8,8,option_4,,ji,ij,False,YES,YES,NO,configs/gemm/gemm_3059.json,reports/gemm/gemm_3059/csynth.xml,,,NO,
gemm_3060,128,128,128,8,8,8,option_4,,ji,ji,False,YES,YES,NO,configs/gemm/gemm_3060.json,reports/gemm/gemm_3060/csynth.xml,,,NO,
gemm_3061,128,128,128,8,8,8,option_4,,ij,ij,True,YES,YES,NO,configs/gemm/gemm_3061.json,reports/gemm/gemm_3061/csynth.xml,,,NO,
gemm_3062,128,128,128,8,8,8,option_4,,ij,ji,True,YES,YES,YES,configs/gemm/gemm_3062.json,reports/gemm/gemm_3062/csynth.xml,reports/gemm/gemm_3062/export_impl.xml,reports/gemm/gemm_3062/power_routed.rpt,NO,
gemm_3063,128,128,128,8,8,8,option_4,,ji,ij,True,YES,YES,NO,configs/gemm/gemm_3063.json,reports/gemm/gemm_3063/csynth.xml,,,NO,
gemm_3064,128,128,128,8,8,8,option_4,,ji,ji,True,YES,YES,NO,configs/gemm/gemm_3064.json,reports/gemm/gemm_3064/csynth.xml,,,NO,
gemm_3065,128,128,128,8,8,8,option_5,,ij,ij,False,YES,YES,NO,configs/gemm/gemm_3065.json,reports/gemm/gemm_3065/csynth.xml,,,NO,
gemm_3066,128,128,128,8,8,8,option_5,,ij,ji,False,YES,YES,NO,configs/gemm/gemm_3066.json,reports/gemm/gemm_3066/csynth.xml,,,NO,
gemm_3067,128,128,128,8,8,8,option_5,,ji,ij,False,YES,YES,NO,configs/gemm/gemm_3067.json,reports/gemm/gemm_3067/csynth.xml,,,NO,
gemm_3068,128,128,128,8,8,8,option_5,,ji,ji,False,YES,YES,YES,configs/gemm/gemm_3068.json,reports/gemm/gemm_3068/csynth.xml,reports/gemm/gemm_3068/export_impl.xml,reports/gemm/gemm_3068/power_routed.rpt,NO,
gemm_3069,128,128,128,8,8,8,option_5,,ij,ij,True,YES,YES,YES,configs/gemm/gemm_3069.json,reports/gemm/gemm_3069/csynth.xml,reports/gemm/gemm_3069/export_impl.xml,reports/gemm/gemm_3069/power_routed.rpt,NO,
gemm_3070,128,128,128,8,8,8,option_5,,ij,ji,True,YES,YES,NO,configs/gemm/gemm_3070.json,reports/gemm/gemm_3070/csynth.xml,,,NO,
gemm_3071,128,128,128,8,8,8,option_5,,ji,ij,True,YES,YES,NO,configs/gemm/gemm_3071.json,reports/gemm/gemm_3071/csynth.xml,,,NO,
gemm_3072,128,128,128,8,8,8,option_5,,ji,ji,True,YES,YES,NO,configs/gemm/gemm_3072.json,reports/gemm/gemm_3072/csynth.xml,,,NO,
