1.53955197
1.99797678
-1.42909443
-1.49095929
7.49495125
7.45263147
-2.76468515
-2.79592991
15.4546461
-2.85833836
-0.995149136
-2.70052576
-15.860795
-4.04868984
4.28985977
-2.65276861
-12.8504772
-11.3654728
8.57359123
2.69661903
-9.52735424
0.668314099
0.176245451
3.25502777
-2.59307289
13.7772541
2.13129807
-3.70744777
0.647983849
-7.14234686
4.14387131
12.1814308
7.73954105
-4.03964901
6.79275179
-9.33049202
-14.1517963
-2.56755066
-15.4902601
-14.85816
21.2510128
-9.61558151
-6.08886433
-2.40483284
8.21537971
-0.116332531
2.28857279
-0.578870296
1.81261563
10.6881065
1.88600194
15.7200079
3.23430371
3.23189187
10.3655605
11.639287
-10.8569565
14.9806499
-6.40089273
-12.9373531
6.24816227
11.0423069
9.3665266
-1.06633902
7.34745026
11.3376999
-7.26363039
-4.99738932
9.91951084
8.92666054
3.61157203
-10.4884548
-11.1416359
4.5536356
3.51000571
3.87327456
15.2844324
18.9158745
-15.8804817
-4.54007816
4.37168217
1.30211651
9.72873402
8.67047405
-4.10657644
-5.5830493
8.56447411
10.3284836
-2.26137638
0.191788435
-8.61051178
-17.1297379
7.11378241
3.59766388
-1.65927672
11.5410767
9.18117046
-5.11859465
0.0605788231
-8.70517159
13.5141563
11.468174
-2.95554209
5.07734632
4.83839464
11.015646
10.0407581
-0.850663304
-4.67654991
0.554177463
2.7712822
4.32557821
12.7963562
8.72083282
0.125195026
-1.26441658
3.89192319
6.18042469
7.58379555
7.10066175
-22.9755287
-1.46635866
5.46706772
6.37823248
-2.38890743
-5.77216053
-6.39265108
6.5428772
-4.71533871
3.89486408
-9.27537537
-20.3649406
-16.7866783
20.57337
-1.51902533
-7.30167866
3.93804979
-6.24803066
0.184147835
1.55322075
2.19023418
9.72546196
2.83173251
5.91121387
10.0477352
6.33427382
-17.0743599
0.806448698
-13.4842434
4.56579399
-0.450944901
11.1999235
6.57612514
-0.814466
-5.38072872
-5.60797119
2.41188812
0.745630145
7.17365074
-2.08487558
-5.85062218
15.2937346
1.57026505
-7.86357117
13.893837
-7.10744381
0.476823628
-2.87924123
4.10035324
3.71029305
-6.67953968
-5.38204956
8.06860256
8.12297916
8.26373482
6.45579624
8.2259798
4.26468086
2.10448694
9.78805351
1.37700784
-6.27753878
7.56909847
5.37731552
6.09572601
0.975199699
-5.78715229
1.51557636
1.49610627
3.49893141
-1.39887595
10.3064537
8.47180653
0.00638127327
7.94045162
-5.27864742
2.88608313
-0.158980608
-7.14134741
5.34809875
-3.75856543
-5.80646896
-3.34150791
6.62834263
5.20928383
-0.692375898
-5.31409025
-5.77026415
-10.3064156
10.7076502
-4.23714733
-2.51092315
-2.37484908
-2.63823557
0.49463588
7.60183382
-5.0409956
-17.4314861
2.87701941
-10.3695641
-1.75284874
4.34387922
-4.72303915
2.8791523
7.70152044
-14.9050484
0.991376042
-10.1499548
0.088531971
-5.00268269
3.97816706
-1.42471194
-2.77512217
-2.40142679
-1.77402115
3.21934628
-13.6834373
-10.9419632
10.5604105
5.48704767
4.29099369
-1.18030667
-14.3143492
-3.79202271
-8.49642658
-11.8710365
5.03832865
-6.63552427
-2.45511222
1.44950092
-10.8653984
-9.32668781
5.25457716
14.8809509
-4.89375877
-4.21589947
-10.4466658
-2.46935654
9.19633389
0.989258766
2.84445715
2.47886467
-2.73722911
4.61729145
2.31856537
2.00704575
-10.3337536
-7.75820065
1.35026538
12.4270554
0.830239773
-7.98539782
6.12009525
4.7038908
4.09664059
5.77348518
-9.37820721
7.66458082
4.27445984
-8.81128979
-0.550430238
1.00613356
-1.09711957
7.46758509
10.8740807
-5.5651207
3.43755031
-3.73268795
-16.0563393
3.1670413
20.2175083
-17.4561291
0.409652829
-2.22679067
-9.21105671
6.43744421
-6.58628941
3.15092373
2.27261281
5.88052416
-10.3360319
7.47304153
8.53842449
2.49688911
-3.51356196
2.91125917
4.55869389
5.39967251
-3.79968071
8.60721207
7.76955986
-1.99529338
1.33496666
1.598948
8.87406158
-12.6375418
-14.3880634
7.2360568
-5.46230888
7.04986
6.69358063
-14.4622822
0.193781137
-16.4300232
5.79076529
-1.08844805
-10.6383896
-7.35578823
-4.42058992
5.51149654
6.11464405
14.6974497
-3.05626202
5.93620872
0.307423055
-4.03862333
5.93713522
9.90403366
0.648065686
15.3266487
-15.3675537
5.33894348
3.82996559
-1.02751994
-5.45569897
-14.6711645
0.903698206
1.90184021
18.9670143
-1.69468164
-0.449715614
-9.1480093
-14.4164314
-3.07225275
-2.80101919
-14.3155308
2.32301998
-2.80611563
7.68708611
14.4105921
5.71879816
-9.26994324
-7.42980814
1.32273149
3.04795694
-2.07269096
-5.61321068
2.49152136
5.96949339
-9.55567455
-2.64206433
-17.263998
-3.39597845
9.36373043
4.18345833
5.90191889
-3.82913446
-3.36456323
-5.95323706
-1.77799773
-1.3673327
-10.7025604
-0.918206036
-0.785239697
0.230140209
3.28798819
2.32377481
6.23829508
5.19931793
4.75784636
0.601145566
2.22493124
-6.34538174
0.815331936
0.336919129
-10.3581533
-7.85507107
6.67828703
2.61337924
-0.890228748
-3.78018522
3.3644743
-1.60114765
7.71929359
-0.275345504
2.33455563
6.38386869
-10.9080744
0.678999722
-13.9223576
3.17445803
-0.0785966814
-6.77330875
-2.83657289
1.80352807
3.78693461
20.9633484
-5.59241247
5.07553673
-12.9799881
-7.47933054
-7.51438522
-5.56047201
-1.1339674
5.38757944
0.581770897
-18.4902534
9.29459476
6.16995621
-1.20945215
-2.34379721
-8.7262125
10.2471972
6.9808917
4.19399452
-2.71032262
9.10380173
-7.75630617
-7.71227264
6.25622129
-7.97241974
-17.3315601
-10.3866911
7.79382944
-11.2319927
2.07280779
4.85657883
-1.12719059
-5.01000977
-15.2409515
-19.9465714
-8.97124767
1.20071042
1.32222474
-0.201592237
-0.567095518
-5.74076748
7.46031761
-8.33722973
-0.49591127
2.70275879
-14.3063583
6.98386955
-14.7018671
-6.10787249
-4.73744631
-12.0420313
-0.604154587
-9.59338856
-1.27665162
-3.79538655
-5.5401783
-19.8658848
1.59426761
2.33760095
0.097443819
-13.0413294
-13.2788239
-2.24686527
15.7221861
-9.88115501
-12.2179861
6.17093086
-0.802026749
-14.4421749
-1.03981614
-0.755634546
-5.57505178
13.901638
13.1370621
-10.3990774
-3.08678079
0.354236394
15.6659184
3.76555681
-0.878083706
-8.1285553
-5.6105051
-18.3214417
-10.6887455
-0.641744852
7.66267586
-1.16078484
15.5680189
-3.39174271
10.0523281
13.4488792
-5.43435669
12.3083839
-1.75516188
-22.361969
-2.10380077
-0.577229261
-17.3681908
-9.51077652
7.94575167
-3.42436743
-2.15431619
-3.57489538
-6.34099627
17.2153873
-6.3392005
-2.4499383
-0.65890789
-11.7132511
-9.41749954
-9.10138702
-1.94107234
-11.8062859
13.6045198
-5.31444073
5.27270937
13.3014679
14.0395136
-3.18096685
-5.02482796
-1.79415607
-2.95987344
-1.50785244
0.125329018
-11.3242731
-12.3043957
6.39402628
-5.16881561
-4.9913311
-7.03562164
-4.33703423
11.6395817
13.2640285
17.7377453
-0.643050671
4.14343548
14.7184381
-8.69575882
-6.86096382
9.90671921
-11.4943743
-1.03079009
-3.0841682
-6.12871695
-4.60935879
8.56427193
-7.62133121
3.24013758
-8.59407043
-7.85166645
-5.54111576
4.76782084
-4.37737989
-10.8791513
7.25795126
1.84663641
-14.9331989
-4.62467813
-1.17594171
-5.99650955
-13.1044388
4.98596811
0.669632912
-4.64053059
-2.6884017
8.32744026
-3.34919453
-3.90293407
-7.46399879
0.47475338
-7.35737324
1.80493379
-7.80813026
6.41983128
-1.33029401
12.1093521
9.50575447
8.50898743
1.89617324
-9.37060452
-0.751028299
8.01480484
1.90601432
9.27620125
3.58732748
4.57563829
3.18710446
0.0209985971
1.00245345
10.1078281
-14.5401115
-6.19147968
1.42923975
-0.523940086
-6.0845089
15.9763517
19.3394394
-2.51882982
17.2401791
2.65629625
1.69132018
4.07742405
-10.7056904
0.480796814
21.1369133
-9.31675529
1.40149415
-6.17168903
2.90997219
15.0984659
-14.6713562
2.47202826
-15.1294117
-4.24978542
-2.10977411
0.0127936602
14.6124945
0.814966559
-1.24015045
-3.89440918
8.23707676
5.30311728
-0.40339601
9.04662132
12.4398985
7.22723675
10.8323164
-0.656577945
-10.0835543
7.02608585
0.160320997
-3.1861186
-0.667246699
0.535103559
6.17215061
-11.2623501
3.39725447
-6.79955959
-10.5718832
15.7875042
-7.33396339
-7.53685617
-4.20547009
-14.3725767
-2.15991545
-4.05757856
10.4935684
5.99758673
-2.87155056
-2.97823191
-9.11372757
4.21775293
2.44825363
-5.55163097
5.74552345
2.76055956
0.242016912
3.57809138
5.43293381
-2.78893375
-4.96082973
-8.73531914
-15.2358541
-11.7311039
-0.00447797775
-6.62251043
16.143259
13.3134928
5.47534466
-3.36985993
-3.08652854
-17.358593
-3.6143887
-4.37282276
5.12174988
-0.967886209
-7.86622715
-1.23817301
-0.144998074
-4.79812717
-4.09848404
-3.79732895
4.2037878
-2.56461692
4.77810192
7.4874115
-2.07606196
-3.52019167
-0.820136547
-4.6644392
-8.60404015
-8.24551487
-2.39647055
2.91694498
-6.67586374
-12.9904375
8.12071323
-2.56950974
-5.48864079
3.92156458
-10.370698
17.3832798
-8.44041252
-0.931744576
3.20350456
-8.1666069
-11.435689
8.54522896
4.42787981
-2.59360838
-2.63812375
4.36218548
2.49341488
-1.28201056
6.43380404
-8.44870758
4.58762026
-4.3724103
0.0523430109
7.64628029
-14.040391
2.41718626
-0.447943211
15.3577776
-2.94260478
-0.660959959
-7.30825567
-3.944381
-10.1898546
12.8851357
7.17791414
-11.1874094
-5.93441868
9.62609386
-1.9945184
-7.04406738
-8.52033138
-1.13275123
15.425456
-9.57038307
-8.20548344
13.0261421
-1.42574918
-9.34832191
-0.743421078
-6.94608355
5.24406576
-16.1047821
1.36074662
-5.30285406
-0.567424238
1.22379947
-15.0983982
4.40748596
0.503802538
-0.672165871
7.21417665
-4.7234149
-0.645374417
-8.5170269
-2.02518225
0.916412234
9.23966503
-1.23842096
12.2810326
5.34649277
7.04867077
-1.17201686
-8.45856285
0.203178167
-4.263062
-5.73240805
3.38608336
-1.03012669
0.222731769
-9.5702095
-3.67927051
2.31010914
7.14105558
-16.4786606
5.24261427
1.40792274
1.81943548
-3.74505854
1.63354242
-2.58924365
0.540747643
-12.9272156
-7.14397383
5.11573124
9.86538506
12.2860441
1.75905895
11.2627087
-4.69832754
-3.71274424
4.54619169
5.19880581
-8.37394714
-3.0344305
-5.50719166
7.22977829
0.50301075
-6.48233604
-7.20241499
6.34060907
4.04905033
3.30848432
5.08225346
3.77658463
-6.16632843
10.0726032
2.93841171
-23.9782867
6.14809179
-6.41594219
1.57231879
9.08820915
9.27181244
-12.9727411
3.67265439
-8.6757431
6.75518084
-0.70241642
-4.60501432
1.84167671
0.86808002
-14.9271507
2.77798581
4.85124969
7.53934813
4.46172047
-0.892400503
3.18195176
-10.2127752
4.78330517
-3.84833312
-1.29107261
2.68580484
-4.30033684
0.0822942257
-1.28438234
-12.9903564
4.05000114
-5.45182037
-6.35587502
-6.90118837
-12.4169436
-2.23280287
-3.77601957
-1.77468348
0.177976906
-0.173493385
7.61257362
-11.2890167
-10.141923
-2.66763306
13.2217293
-15.7002716
-4.52097225
2.17440605
3.05213094
-0.995090365
16.1256733
-5.80080652
3.9123702
2.92400551
-9.96183777
-5.58971548
-2.07098627
-20.8761368
-2.98267245
0.844080329
-1.40273023
-0.230379105
-1.86584723
-20.8545227
13.4013271
15.7820024
-1.09070063
1.47505832
-3.68261051
0.171349049
15.8658733
-10.5770588
-1.64439583
7.74781704
0.684171438
-4.97471142
-8.02377605
3.15452266
-0.762648344
-12.5251923
-8.77552032
4.85727072
-3.99894166
3.88432193
-5.86366415
-2.92504263
4.47068453
-0.564609051
6.76155043
0.613101006
2.61852312
-14.0390358
-2.88353491
-2.95293951
19.8949184
-1.53841865
6.9236722
0.0991313457
-1.62711859
9.30269432
2.74784088
10.6558628
-4.53528023
10.5604944
-2.23750377
1.91686666
16.588398
2.37677574
-18.1419811
15.646265
-5.07791996
7.38295937
-6.78476143
-5.01128101
2.11303496
1.37060654
-0.170287609
-1.94629097
-0.412522018
0.0216634274
-3.74212384
-6.68064022
-0.445752621
-3.84488153
16.4311867
-10.557478
5.91340685
-13.3323393
3.38023186
3.54231548
-9.55427265
10.6640186
-5.77532482
-1.08280516
11.7789021
-19.2198677
-9.56792259
-9.42464828
13.8552008
-3.10011816
-1.57710278
-2.97330475
-0.591594696
-4.58906841
-8.00211334
-7.14720774
3.84242392
-3.11475968
0.796055317
-15.3521643
-4.59953403
-0.00986588001
-3.64123893
-3.14504457
9.75664425
4.38702679
2.06009102
5.05963612
1.76565218
2.16752958
-6.72490311
-0.565171242
-1.55295062
-5.60909605
0.704373121
2.00868988
-10.3669138
0.689061999
1.63814974
-8.55286598
2.83939266
24.2685566
-11.8972807
-3.17683601
-9.99073505
2.69198728
-2.97940207
-0.791825294
-2.70056319
-6.81405687
-9.79376888
-8.07450676
13.3445129
9.49650574
1.32656765
5.47032499
-0.0246355534
10.0577374
0.865472555
-1.44294405
1.76255727
-15.3365288
-3.90170717
-11.1563997
-2.85438466
3.96412206
2.5951488
-8.18488789
8.34490299
6.58423615
17.5046272
14.2218847
-0.168214798
-2.14679861
-6.56285334
-10.25735
-6.34744167
-1.41146922
3.44926572
6.51607656
15.5476313
8.92088032
-2.15706658
2.71342778
-1.15145946
5.47705936
-6.20748949
-7.61472034
8.84668922
16.7231083
-3.16299486
16.0602856
5.45718145
-9.30686188
2.61085439
-3.17121887
1.65834951
5.5160985
2.45677495
-9.86899185
12.8467627
-0.730777919
3.85356283
-2.13062572
12.7123146
-3.24201941
1.64013469
0.49131906
-2.83850241
21.5891113
9.82489777
-15.904418
11.4789963
-9.38960934
8.17106628
1.2350843
-4.13946629
-9.02149677
-4.96443272
6.07224369
12.8817949
-4.68902302
11.546402
3.09981489
-6.78568792
0.879808903
8.01393604
-1.09644318
8.7983551
-2.80072904
5.08045387
-2.89394617
-7.21096897
-9.24064541
-13.7041349
-4.2948575
-8.65743637
-8.6286087
-3.29807162
-4.08838797
-7.16469669
1.26142454
-2.62120008
1.12298107
2.99988461
-0.35405612
13.4978771
-2.37789011
13.4594975
-13.3583221
-0.616882801
-11.4361382
-15.4656372
-3.57220793
-5.79797935
-5.44752884
7.84991837
2.46607065
10.7619095
2.96944046
1.23244929
-3.80383396
-8.52244854
3.72444916
9.95031357
-7.80275202
-9.21205044
2.23179531
3.93964934
-3.42439795
16.0922203
7.96615028
-0.0317159891
6.90898228
1.21146011
-7.67746401
-19.4061394
-4.21946621
-7.45720005
-0.214037657
-5.87840319
-15.5333986
18.5201797
-5.17656803
0.0743155479
4.67089558
7.63996315
0.423387766
7.66545391
-2.86619878
-0.848406196
-3.27941036
-10.1061935
-16.0656033
2.8639071
3.98953223
9.80014229
9.66591835
3.0037303
9.15744209
12.4951553
-12.5152397
-2.72477126
0.281092882
0.366384983
-3.08909893
-5.53585768
9.84016895
6.98433113
-3.42395449
-8.1112957
-1.3561269
6.55020952
-3.44336581
12.8431301
5.43501616
0.413259119
9.43026161
-0.327839375
4.37600327
3.69433928
-4.64174747
0.768991709
11.3367796
-2.96253586
-0.964542449
4.79656124
9.8264761
-0.230640084
4.67551279
-2.57895422
15.2970467
6.40268278
-0.971282601
6.31111526
14.5467043
6.12685156
-6.7821064
-8.10950851
11.9183731
4.7159605
-1.3321327
3.83410883
-18.298933
-5.56565571
4.34009552
-0.661081314
-0.384074211
-2.58531427
-2.83738732
-8.36763573
7.92766762
-2.58084702
4.76368046
2.30006814
-4.99152994
6.20347881
6.14997339
1.28162622
-2.53647137
-0.825605154
-5.33604145
14.1349611
-2.73614979
-1.58613873
8.46710873
-2.18519926
-11.6885118
12.6589003
-1.26773167
-3.68198967
-0.330740929
7.67117405
-2.06965494
10.1042528
4.20421505
-6.72492504
7.49674416
3.76661253
-4.21302509
-0.276885152
3.84299707
-3.3498311
-0.343559265
7.55083036
10.7116413
-0.47841382
-2.91649771
13.6470318
13.7679272
0.2948066
-2.13765788
2.92883968
-10.4442768
7.98781252
4.29572821
-2.91265726
9.37192535
5.89045811
1.62795627
3.73945498
6.17860508
2.50321388
11.4088554
-0.394478679
-1.53960347
-10.5878582
9.66439819
-2.6103003
-10.3615198
-2.60171485
-2.49362063
11.1243553
-3.51761627
-5.40198803
4.85192251
-8.57696724
2.33014584
0.791986167
9.81656075
-6.62944365
6.17338371
-3.43874454
11.3823709
7.05455923
2.03080535
4.37392712
10.2473688
-4.68406725
-4.53589058
-5.16227865
-1.6031487
3.00814462
-8.67741585
-3.09730244
4.09331989
-1.9100461
15.7196693
-1.55786943
-3.17918658
-14.9244528
0.782090902
-1.1929338
7.19682312
1.78960013
-18.8546371
2.69351578
-0.912600994
12.8560219
16.9903545
6.2603569
2.06688571
18.7885857
-9.86285305
-7.77797556
2.37873006
3.90803003
-10.7073832
-11.4246349
20.1935997
4.08504486
-7.99448347
-6.83700848
5.84479952
-8.41355228
7.98018503
-15.9354715
4.54818535
1.77672005
-3.21159482
6.66834927
-6.24439716
-0.5533427
1.21327221
-5.54935408
-14.0310287
-1.39229083
-1.32467651
5.83272934
-5.27257347
7.8512125
2.34572411
-4.14054489
2.00293589
-4.65262365
-4.78157806
11.5475597
0.991475582
-8.55299377
-14.1352377
-17.0274239
4.71872807
0.60155797
1.57470918
-14.5399303
7.17768192
0.480567217
-3.96334267
-0.0848301947
-3.34990335
6.15170002
4.38557243
-2.96611929
0.0477991104
5.17206335
-4.74595642
-6.28022099
-4.19648933
-6.35848141
-2.83140326
1.80293202
10.1100445
0.664815545
0.00381064415
-3.10635018
-0.959583282
-2.70048976
-1.14287055
-3.00905871
14.394556
-5.72229242
-3.59540319
17.3066711
-0.339131117
-2.46790218
-3.38570786
-7.33879566
-11.2890244
-3.54075861
14.8806858
1.38008571
7.86080837
1.05266666
-2.07189178
-2.95798731
4.85077047
-3.29036999
-1.66590273
3.29908037
5.76244688
6.21407223
1.76559281
-9.79482841
-4.90540838
14.2335958
9.79977131
-4.15485287
2.39557648
6.21450901
14.6093149
15.2003889
0.0687658787
1.7448585
2.45908833
6.77651119
-0.735063314
5.26434135
1.9805305
-21.9886189
-4.96695518
-11.3609571
7.45266676
6.85369682
7.78083658
-0.338244438
5.23978376
7.51628685
-1.77222776
11.9353065
-1.62379801
1.61532164
-13.8848515
0.835254908
-3.37979364
2.65809822
-11.3828974
-5.48229599
3.69984531
7.68798542
-2.10383892
-4.11269712
6.62119913
6.57961798
-5.6501627
-7.55136108
0.380905509
-4.71036291
-2.96587229
3.84228611
13.5277309
17.8241272
0.386699677
-13.3643732
-0.967465401
0.169276118
-5.68809605
-13.0291805
-7.23003912
-5.84667301
12.3579321
-3.85774922
-0.473419189
9.28630924
-1.44697475
-10.639945
2.74563074
-3.34039116
-6.46459866
7.49817753
-6.75120068
-4.05564213
4.64218187
0.444042981
1.42011595
-1.10312963
19.1095238
-6.67269897
0.306691468
-5.86072636
-5.03803825
-5.90934563
1.38648486
1.46365237
15.7340355
-0.775513172
1.00307119
0.333851695
-6.87913227
2.43020082
-3.76401854
-2.6190052
13.2153282
-0.643232107
-7.71811104
4.53364182
-11.4837551
-2.6204493
8.6710043
0.862555265
-1.92570305
15.3292732
5.63507318
-6.39693737
12.9207726
-7.18608379
19.239645
11.6598997
-0.629872322
1.47752762
13.4915915
-6.81380558
-5.68425465
-5.67156506
7.02436829
0.146232128
-3.33896303
14.4040432
-0.46500206
9.35765934
8.19921875
8.039217
-19.1442146
-5.98282623
-0.0169692636
0.416311443
6.99053574
-3.25284243
6.51880836
-10.6252851
-3.76074076
-3.70221567
4.52003813
2.86709428
-5.74619865
-6.48246622
17.7345047
23.94561
1.30516863
-13.1908731
-10.7520418
-11.2534771
2.87326384
-5.91078854
11.9611158
24.8926773
-7.02510309
-9.18754005
17.3834114
-7.38166666
-12.3784542
11.1077909
0.0352845192
-18.3355179
20.2855644
7.99038124
-3.90411019
0.735392928
-3.55696392
-5.08598185
6.00628853
6.44276571
-2.09221029
-11.8772306
-1.84512341
2.11070538
-5.56899023
-2.01559758
2.48083401
6.79366827
0.412768424
0.321140766
5.36654425
13.5693684
6.07990885
11.3907623
4.57119894
2.41732144
-7.85840893
3.8683691
4.87870646
-3.15304303
7.28497887
5.62654066
0.787605524
7.10859776
2.01148224
-11.2465658
-0.811631441
2.02948308
4.21115828
-3.2304275
2.95760965
-3.90101647
-4.11037064
5.09945107
16.3704662
2.31107044
3.12975812
2.8749814
3.0522337
14.3321686
6.62849665
-7.88780212
-4.10970306
-4.04550028
-3.5668757
10.2859564
-21.770174
8.805336
0.235285521
-6.98020267
-0.642048657
20.4561672
5.92874956
-5.80892563
1.45773208
-8.38613796
6.95919514
-1.06221461
-3.1818409
-0.202747554
14.8418884
-8.73083115
14.9319992
-0.889918447
-2.61597061
-6.54016161
4.35709429
0.152588129
16.7603512
-0.967391491
0.163415909
-9.23160458
-1.13588178
12.0955114
13.6601372
-5.83725071
10.1967945
-7.35301924
-2.26852226
15.2846413
-2.56199288
4.90167189
1.60864234
-9.32744694
-4.51900625
-6.05762053
6.1816206
-0.434652358
5.30467796
25.8787193
-6.84915352
5.76153612
-5.8553381
-16.6217213
-7.23667908
7.74771881
-7.06131172
-9.38829613
-11.1507444
16.1729908
1.3705163
1.20287704
-14.1968212
0.962936401
-0.806810796
11.2587786
10.9208288
-9.91213608
-4.62984467
-1.33549833
4.04138994
5.41997623
2.44955468
7.01443672
4.50359249
1.66288328
-5.85482645
12.5167027
1.66930699
1.00971603
-0.0394706726
-4.00670004
7.3637352
-4.29065371
1.88629103
11.3963451
10.651495
2.31245923
-5.62391472
-4.7196455
2.55575323
-1.37738991
-8.80775452
-6.99299288
4.72869396
-3.79892921
6.16878986
-6.3520155
-5.41810131
-11.6035252
7.94057846
7.83759785
-5.37997437
-10.2612944
10.0482922
14.285264
-1.99540925
-2.38040161
-5.12676096
1.06849575
-14.7305069
9.53504848
-5.63960314
-12.3119955
-2.68195724
4.3665843
-2.58050752
6.79234934
-0.589565277
-3.18993521
-5.15519285
-1.02561164
-4.88580227
3.50646353
12.0653572
5.3720727
7.13308764
4.49359989
17.7818356
2.6107285
-1.21507049
-13.4012203
7.88251781
15.59303
-6.15839291
10.5021896
-2.58085394
0.558048129
-4.36875343
7.86634159
0.233186483
-2.67619371
-8.25455761
21.3591385
-3.58978605
4.57421303
-0.796400785
-3.68762231
-5.77192831
1.28759766
1.96884704
2.02956915
1.81122112
0.415481567
6.76559401
1.36205554
-0.246583894
3.66562867
1.98066878
-9.4934864
-6.22502518
3.50657511
4.60568666
-3.57737374
2.30197239
-6.07979012
1.36819434
-8.31219006
-6.26293373
1.32183146
0.101524234
6.44528198
-0.209796071
-1.62598014
-2.00606608
0.554034889
10.850316
2.66270089
-12.3287983
-1.15101981
-11.1318626
5.13812256
-3.34489751
13.2063847
1.61190867
0.753706694
8.75164318
-2.77301216
1.1238476
3.25467253
-11.8484392
10.3940477
-0.614089727
13.8803387
-4.50512505
-4.31801701
-3.10981059
6.27927351
0.896689177
1.88853121
12.8109417
-9.08997631
1.96205151
-6.15028095
0.853117108
1.8573637
10.5109863
-6.41676998
-5.54037285
0.134328544
4.55960751
-1.10903656
-0.619228125
3.95311403
-4.99321699
-3.16511679
4.58388138
-2.11824799
21.8740768
-4.69372463
1.76932573
-0.676656485
-1.23880148
-1.87928843
4.14457321
2.81698966
-16.175106
-2.12367821
7.6149807
10.1029739
2.97341061
-2.30126119
-1.39862823
8.24352074
5.19059896
-2.86890268
3.86125994
-12.8228025
-5.51404476
4.20085335
6.55062866
-1.50348306
6.89528322
12.1383047
-8.03409386
2.41487646
2.68115234
1.46694589
-5.50564957
2.98566914
0.385065079
2.82294965
-0.508300066
4.18506718
1.37759995
-2.54665995
5.09568071
4.25490808
4.65850782
-2.0244627
-1.30283785
1.06354761
-4.63856506
-11.5620089
-3.2289381
-6.85792637
-4.41059828
-6.15653467
3.69385862
-0.694915771
-5.48703527
-13.5378218
4.60965204
-5.54801702
-15.2242126
-0.655091524
18.2936954
-4.48300695
9.09665966
18.4152756
-6.82043648
-8.57393074
-5.5122633
-2.36540556
4.58533335
-16.3414917
7.70844173
10.1120081
-8.51473999
5.21080637
5.40360546
8.00220871
-12.5765629
-0.958873749
-4.44577646
5.3929143
6.46871758
8.30856705
-6.90291214
-9.1009798
5.09323072
-14.8537521
-4.40946579
4.84800386
0.928984165
9.73246002
1.02543402
6.30174637
6.37533998
-2.67167735
-6.32587671
1.09421349
4.17982435
-2.12804008
3.98540831
19.4231205
1.15786088
4.25406647
4.44531107
-7.78162575
2.90886807
6.65276432
4.14123964
19.9528732
-6.31956196
17.9934826
-3.36739874
-12.7596321
6.24216986
-8.16499901
-10.2547102
5.21628714
0.950096607
-1.45240593
16.6940212
2.54445601
-0.489354819
-11.5381584
7.26297474
-3.55867243
-3.70637989
3.01768875
1.90011644
-3.85883451
3.79706907
6.65950251
-1.12334824
-2.64440227
8.49605465
-5.93788624
-3.53174353
6.28071451
-4.58119583
-8.45875359
11.5079012
12.1540956
-10.2587929
0.467603445
-7.79718542
-0.650227427
4.03645086
-9.4204998
13.4133453
2.40611696
-0.712441683
-0.515897274
8.89159489
-6.67962646
-1.47976446
-2.8210001
1.09355068
-3.47776771
-3.16561007
-7.75764561
6.9063158
-8.63626862
1.22176921
10.9061699
0.70403862
0.556910038
-2.45301223
13.1927938
-2.78265238
-3.44224787
-1.55628407
10.0758591
6.12933159
8.60391712
-2.07006574
13.2500172
4.95361805
12.236805
-11.2623959
14.7286215
8.52687263
-11.7744102
-16.1276569
-6.30746412
1.27725911
-6.21121597
5.90008545
2.64443541
9.89973354
-2.79082322
-0.74108398
4.3822031
-12.5704365
15.6879988
6.25716114
-5.23312426
5.91655684
-3.0823741
-4.87892437
-6.45202875
-5.01053905
14.9752541
6.87815619
9.0539875
-2.59363461
-6.70224667
15.019702
-12.3484974
1.30447102
-3.8106668
-7.89183569
0.434961796
4.08196449
-7.00891447
4.24115515
-9.77720642
-0.051555872
-4.37323952
-2.73900938
-6.61198664
-5.25795364
6.3275795
-1.9660244
-8.32669735
-4.67217588
-7.29341745
9.20696831
3.34118605
-10.6136751
-3.41086912
-1.75327492
1.57422173
-6.78541279
-0.233751759
-9.66633606
6.52551365
-3.94551086
-4.51237869
-7.3804369
3.21160579
-0.0120966434
-6.02309036
10.9823112
-3.78228807
-1.46716881
3.89337659
-1.7280612
2.56899309
-0.214819193
-11.9113131
-4.16014099
9.21734047
11.0442238
-5.36896992
-1.87435961
-2.70754862
-1.01904655
6.6206665
-0.813905239
-7.80002689
9.78529167
0.620521069
-8.44180012
4.34351397
-3.21267486
4.67545891
-2.39451075
6.02716923
-4.92870522
-3.67135859
-11.5117989
5.19589996
-5.83647108
15.4944229
5.25331211
-1.56363535
-0.874447346
3.47330523
0.434860408
3.66481256
9.72873783
5.02132893
4.65406942
4.29371357
2.1202004
-2.10500073
1.88954616
-4.10639763
-7.86742783
1.10290766
13.603384
-4.55312634
7.30801678
2.29309464
1.00452709
-3.898911
9.3812809
-5.08588696
-4.80023289
4.0641818
6.64872265
3.44486451
7.11232567
3.27873802
-10.6226091
-8.25076771
12.6425133
-0.325790405
-20.3835907
15.2695198
-6.58742809
7.05504227
2.89342594
5.7362299
-0.30133602
12.441267
4.75378084
-5.41280842
-2.78228951
10.5605364
-8.82068443
-7.08727407
10.631815
-15.9636669
1.76784372
-2.65756869
-7.41042233
-4.29173136
10.8518858
-5.69014406
-4.09735584
-15.9530745
1.06486285
6.41161633
-5.28225946
-9.67655087
-6.33801937
5.52308893
-1.06575406
-9.77565289
-11.0311794
3.1303196
-0.042488575
4.78016853
8.10964108
8.6519165
1.85956335
2.68099689
-1.25070071
-2.37484407
-11.5455141
-5.123909
9.92988968
6.75671768
-4.01316643
3.90006113
4.93280935
-13.3807697
8.52029133
15.2007637
-10.7100677
-7.06590271
9.01664639
-12.6948032
-5.33660412
-5.19108868
-10.7721024
-23.0898628
-11.1986256
-0.415906668
-3.03989553
7.69334698
13.222353
-1.27168941
12.3637638
4.3723073
1.71441388
2.75184917
4.86728573
11.776516
-15.9529133
10.4990501
-0.543932676
7.20899582
0.992541552
2.35533834
10.6311731
13.703846
-2.39899778
0.811561882
6.47780228
4.16577053
-2.6744194
10.0036201
6.23601055
-13.607089
-6.65283775
-6.17909718
1.01121986
20.6800308
-1.65660548
-8.74662971
-2.71166825
-6.27686834
-1.8526479
6.40393972
6.14366484
1.23707485
-10.1053677
0.142383575
-6.16709614
-6.51264572
2.44918633
16.4552078
-4.98275566
6.37765026
5.87620115
-0.975845098
-4.90525627
-4.96514416
-1.18046284
16.6142998
18.562809
4.300735
12.4162264
9.33100891
3.70080304
6.66869831
4.85876226
5.44463253
-8.4808073
14.0083838
-5.48618555
5.72017288
15.3680382
-13.6347733
2.24749327
1.82130003
-7.72810078
0.0572506487
3.6804316
0.0605604649
8.61193562
-1.66394317
-6.3855238
3.08174706
-2.46392035
10.5955334
4.20673037
-2.92818189
-8.30565739
7.37443209
-3.67313862
6.74289179
-1.81587458
-19.6564617
-10.4723911
6.6900177
-2.98176837
-9.38433361
8.91475105
-3.08590555
0.796820641
-10.1955166
-7.89044046
7.53100538
-4.41194534
-4.88175583
12.881506
1.03856611
-0.861376047
-7.5054183
-5.27106762
-6.72057056
2.23426509
-1.98430276
-10.2071114
-1.3250488
-10.9745207
-0.237658381
2.03583002
0.135477304
-8.21727276
5.16491699
1.93608189
-3.78656268
-3.74908924
-1.76757193
-6.42318058
-1.34380066
5.56300545
-9.06503105
9.92126846
5.33077621
3.92585945
-3.19950294
6.67171478
-13.9858265
-9.91336823
-8.57931042
-9.8104744
-2.42781377
-0.989482284
16.2912655
6.71922541
-15.7193384
-4.59303188
10.5240669
10.1284847
-5.83826351
1.94954026
-0.809713483
-2.43304777
3.00227118
-0.128059864
14.7452374
-1.17545795
-7.67691565
-1.11909151
-10.1226368
-9.59213734
3.18810964
-11.0291967
-2.64038229
-3.27501106
1.69640148
3.20597386
-0.795102596
4.30104637
10.32868
-2.97819924
-5.23912621
-1.27484512
-7.44404364
-4.06427526
-8.3663063
4.83875942
0.810604572
-4.65195274
-1.65623605
1.42747021
-13.264164
-0.843346894
-1.80570865
4.43230057
12.3075714
-2.52514219
-1.47299552
1.26177037
0.137968659
-0.959222198
2.26086617
7.83944702
6.22673988
6.6853137
-1.3161906
1.17090702
8.14844131
-9.78256607
9.03554058
0.898819089
-3.15355277
21.285696
-1.87877691
1.10930002
0.531210184
4.98675203
-1.64147532
-2.90863967
4.73005295
1.38993597
14.1990271
-10.3278751
2.34544563
8.26251602
-13.2039204
2.63489556
-7.94015026
-10.8861809
7.52511358
-2.13157153
-3.37680769
-6.25484896
4.77395487
6.98244333
3.98792219
-2.11468887
5.99195623
-7.44534826
-9.5170536
-6.04480648
-0.985615492
2.53897023
-4.26297379
-2.41227746
5.65534449
-2.73341632
1.03906918
4.23936844
8.18640137
3.6528604
-1.45995212
2.67960858
8.38026428
-3.22981763
-3.62364244
-13.2069168
-1.87130833
1.26630402
-12.2605162
2.36813259
0.254105449
-3.34252572
13.0436726
7.34524632
-2.50636458
-5.37876177
10.3087387
1.85468137
3.00301909
4.10007429
5.67526817
-1.80912721
2.49575043
-5.70286655
2.1115582
-0.561258793
16.6156731
6.55629873
-2.42516565
5.03293276
-15.9823561
-0.920764327
-3.09660149
-2.04319763
-1.48616362
-9.39687061
0.853429914
-3.35053253
4.66647434
1.07323861
2.29302025
-0.514312744
-15.6209021
7.63141155
11.8299427
-9.69107246
-4.71087742
-4.30221987
2.42037296
7.35306501
3.97213221
11.2087641
-9.74459648
-8.33363533
0.880945444
9.47457218
-10.8780746
6.2730031
-2.09431291
3.63035226
-0.367884755
-3.42665863
-1.39858675
7.97509098
5.51969147
6.08629417
-15.8161621
0.56853497
10.1358366
-10.6658936
4.08758497
-2.67892241
9.98387909
-3.59177208
-13.6491728
6.582232
-5.22508097
-3.26351452
8.80203056
0.679955721
-20.4222012
13.4916792
0.575688422
14.5986958
-9.60186195
-9.84570503
0.0722660422
1.38250041
10.1917534
4.87081385
3.58057523
6.47280788
10.6838264
12.0570211
-2.71345997
2.52067542
-11.4255924
-0.553664923
-1.09181881
4.17040348
1.62737358
10.0847502
7.77188253
-2.37187028
-16.7725639
-9.00321865
-8.80976677
7.096035
1.50855613
0.125096798
5.64249516
-7.59875584
-13.5591698
-0.86555934
-3.49242258
2.30120301
-4.42208004
12.783289
6.66508627
-14.0182209
-7.62906361
4.71182251
8.14031219
5.44441223
-7.51448727
6.17629814
-9.7687664
-3.45689011
6.01336622
15.9904909
13.6387548
6.74682617
-3.29539633
0.737835109
-3.43186378
3.03361702
-4.59050131
-6.9127512
-4.12001324
-8.79322338
-1.40748453
4.80036211
-4.0047102
-4.10450077
-3.68325424
-0.651141524
-1.84368587
2.83458281
11.7318802
7.87568998
-12.6369381
25.838726
9.16565704
-6.52672529
-4.33884192
-11.4340839
-13.5817451
3.9984684
-2.48588228
-11.0830898
7.89715004
5.17785978
7.05736446
-1.13428295
-3.06725168
-4.83853722
2.93807578
-1.94806373
9.4333334
5.77220345
3.95541334
-16.3350754
-12.4703979
1.17408383
-2.2701726
2.44733238
-5.56114817
0.562151194
7.62187195
3.39737773
-2.62373304
-4.02990484
-12.8455715
-17.3014641
-13.8813
7.34131908
11.5306692
-8.58829975
3.88060951
-11.2629967
-17.065733
1.11279511
1.90005302
18.2396679
-5.56540203
-8.22913837
2.81409168
11.604495
5.92649221
9.01146317
4.97672176
-2.98916936
0.548952579
3.01018977
3.71491051
-7.54290771
-5.39939737
-5.8957262
-0.552196145
-0.367919922
-2.10785079
-8.07421589
13.6392212
-9.36937904
-2.25135827
-1.36123729
-0.694313169
3.08665895
5.52415466
8.42014408
-21.3460159
-3.13566971
-2.60885
1.58498669
-13.3057203
-9.22489357
-3.24326754
-0.142979473
12.8389301
-10.5168381
-7.23397779
1.99763012
-8.54890633
20.8534832
-0.698533893
-0.712358832
5.28379631
-15.3576908
-2.84165907
1.07990909
5.66467857
-10.5582809
-2.46754742
-1.21690166
2.33134341
-0.406186461
-11.9302578
-11.0643005
-2.96570301
2.26324582
-0.0725665092
-6.40295029
-5.94956923
12.7609854
-15.5122414
4.69088268
3.8742733
-1.33465505
-6.57089806
5.11931801
-2.65537167
-5.02926493
-0.195248127
8.40709305
1.42502832
9.95344639
-7.52906084
8.74243164
-3.91298389
-0.980440021
-1.40268517
-4.95831585
-5.7044735
-6.99553442
-6.99186516
2.0068779
4.95305967
-15.4030638
7.35704041
8.27844048
-9.26160526
-6.11261415
-15.435524
3.63500333
1.76763856
1.24742818
-5.1534915
-9.07432938
-2.41254616
-1.35132456
4.17989635
-5.48684788
-1.14399266
-1.99645281
-0.789724112
-3.46374726
7.29891586
5.33229351
10.2439079
-2.68108892
3.27719879
4.27925301
15.1746387
-6.64357471
-1.12135637
-5.45131302
5.92405987
-16.0874462
14.8880491
0.21582222
-7.61618137
0.550377846
-5.50109768
-6.83460617
-0.850406885
-11.5761108
-0.210884988
2.86553121
-2.88181114
-16.4628868
-5.26605606
5.00703526
8.722785
-1.90120316
-0.68690908
2.45035362
-6.99884987
-4.02917385
-5.24035406
10.5334988
6.54547453
-7.15923214
-0.797921479
10.814949
3.93849516
-0.572024643
8.18906498
3.63963604
3.89544415
8.34786129
-5.50959969
7.90099382
-0.67145288
2.34956932
-3.71598315
2.02323532
6.17370033
-1.82743013
-14.0285416
20.5485229
21.9031925
6.8727746
-1.39222503
11.5690546
8.68105984
3.54019237
2.19848061
4.27471209
-7.25299025
-1.12616539
-5.05714941
13.1173811
3.00818825
-9.74660492
-10.4427595
-4.79571581
4.69262505
-12.7028189
-1.92920411
6.22445774
-13.8171148
-4.51345444
6.98842001
-1.84629631
-15.8339224
-3.3195262
-3.69987798
8.91554832
7.0774107
0.54558301
-9.74897099
-2.69614601
-0.593716741
6.39464855
-7.55240059
-5.75319481
1.93615401
1.10236263
-0.919178486
6.53811026
0.97168839
-9.21595955
2.65699387
1.69149733
5.91927052
-1.78466392
-11.1094055
-11.1236134
5.93108177
-7.42645693
-8.8042469
-3.48993158
-16.0178547
4.63984871
-2.75036764
-8.57888412
-6.53359032
-10.3923998
-20.5409222
-7.59050465
0.51309073
2.19190526
-7.17060947
7.67988014
-0.966272175
-13.2773018
-0.284977078
15.451828
7.94927502
-6.46056175
6.08816147
6.57600832
-3.85638022
13.9980106
-0.0261917636
1.26870155
-4.6725769
1.00908065
5.76477242
-1.97129703
-11.7582045
-1.54496956
-0.691206932
1.18505955
1.13016331
3.93174601
11.598937
-5.54881191
0.53830725
9.93928051
-3.1684103
9.37656116
-4.35013103
-9.58539295
3.39301085
-7.59681273
-6.34948683
2.22380733
-13.5008335
-2.15154076
0.665260673
19.3383579
-15.0093403
-17.6645622
4.50614309
-5.67110538
3.87534761
-1.59310484
0.929073811
6.40164185
7.39433765
4.91538477
6.36697388
-8.85597897
16.2504692
-5.18212414
8.77987671
3.88409591
-0.866765499
5.01180553
3.48801708
8.99125576
-8.14667892
4.28276062
2.10207653
-5.71838665
-9.07510662
3.73913002
12.0896521
0.287297249
-5.65080881
-15.6975346
2.31526923
-5.4534502
-4.65719271
14.188283
-4.24367571
-4.12026024
-0.658776522
4.29121733
-8.12006187
5.94134283
-17.0623283
-11.0784721
-15.8346701
2.49964452
4.43920422
3.5811305
-3.96979094
-6.00704241
2.03640652
-5.42237473
7.55276442
0.917058229
2.14774418
6.55952358
9.77438068
0.200006247
11.2309456
0.681556284
-0.76003021
2.66682482
-6.02714825
2.58955383
12.4019184
-2.02416754
6.52640629
-12.943018
-5.42105246
15.0382586
-4.7713604
3.86014128
-10.3607273
-2.4484365
3.16197824
5.40191317
4.99514103
-2.59876275
-0.864447355
1.66025662
5.90844393
2.5029521
5.29456758
-6.24057531
-5.42025232
0.496648252
-4.32815742
-1.18569434
-3.46132231
3.3935957
2.10514712
4.38858032
9.19899654
-4.19530678
4.6336422
17.2833881
-0.440733433
11.6942453
5.38735485
0.977437973
-3.94225264
-16.6143475
-7.71355343
10.4061451
-8.16001987
6.69933605
-2.84867406
-0.23436451
7.95283461
2.48732328
3.67412496
12.0264702
11.8560419
-1.85247231
-3.9440546
2.07479095
-7.45831203
8.68341923
17.1373692
0.927070379
2.77398515
-7.59700632
4.49390507
2.39073777
-5.60749054
8.91605854
-6.32758617
-8.27039814
1.57585371
-7.36696053
-2.11540914
-1.68649709
-0.777898788
-4.59221506
-2.88092089
4.99049473
-1.37696052
5.06413555
-14.3315449
-21.512867
4.89199543
3.37358212
-5.05538893
-11.5575342
-1.06909657
-8.3294487
8.22365093
0.686358511
2.50210285
21.3333187
7.83238029
6.6350112
1.56205368
2.97650599
-21.3469067
-7.52946949
15.3122978
14.9105206
-14.9666767
-2.76241112
5.63962269
-0.172803521
-0.891869068
3.6385293
-7.77676535
-12.2166004
-6.79940319
-0.135666966
3.10485363
4.71316051
-4.55145931
-7.53043365
9.38183975
-0.945226431
-2.71108627
-1.70661497
3.25331688
-3.39751482
6.83568144
-9.91795063
-3.83147573
-10.8277454
-4.38811064
-8.68622208
-1.56728351
-3.68471193
2.7511754
-1.34527445
0.407577395
-4.91339779
4.36668873
9.1431942
-3.99289989
-12.4142075
0.962296605
-7.44194555
2.70086598
-3.80318236
3.68930244
-6.7218399
-1.96479666
3.69435859
-3.0282774
18.2567139
0.835445642
-8.02418518
6.3845787
9.99943542
-15.1625109
3.92785549
4.52704144
0.761655211
-4.23368406
-3.01484942
-0.524398625
-1.49098361
13.8124046
-2.23690057
7.27474165
-17.0133114
5.17282057
-7.27078676
12.0721922
-6.91853619
-7.7760005
-4.39734364
11.279911
3.84252071
-10.8853884
-3.12917376
2.68086195
3.1081779
3.73232174
2.6884439
-1.72613931
-0.536457539
2.70122051
0.982686281
-7.33689785
-3.31559467
7.17137623
6.82945538
-3.66996622
1.76107776
-5.89387703
2.09295583
5.36678076
-3.8050642
17.7035408
-11.23944
-3.01841116
7.4100461
5.21031666
-15.7134542
3.58187103
0.218810037
2.84494591
-14.3012094
7.65232134
-0.420950353
10.3816118
-3.24850464
-4.15318108
5.57366467
-12.4498081
-4.15329409
-3.1676755
0.574757934
5.45505905
-6.3092761
1.7563889
1.20212483
5.77286959
-4.92616749
14.7753925
-5.48046112
-0.814586759
7.6287775
-14.903656
2.23691082
8.13166237
6.42871094
-1.81900358
3.75249434
3.11775208
-3.6026051
-8.27255058
-9.78233051
-0.00650167465
-9.02065659
-6.25582314
-13.8072624
1.07066107
19.7017918
5.401546
-1.97683334
-6.75111437
-3.28713775
1.28319716
-0.858457446
-3.15524387
-18.1497326
-5.9703207
11.7203665
-8.61567116
-13.3758841
-6.54736805
5.78925419
-6.32990885
-2.48557758
-8.94763088
11.1338234
10.9486809
-11.5943413
3.46831012
-0.199288368
-8.48237228
5.41362429
-4.46010971
7.2006588
-6.51923084
-3.46105862
-4.08694839
-8.14030647
-5.48676491
4.14655542
-5.3966527
-15.0050192
-1.82096601
-4.31785202
11.3427534
15.0767956
-9.02966022
8.23945618
3.09838009
1.86312509
9.75170231
-15.0916605
6.1964345
10.0066204
8.95452118
6.92118311
4.83819246
3.86214375
4.07830858
3.85074806
0.0367019773
-11.2904186
-0.618557692
-7.04424763
-2.70591187
-5.65744877
3.93381095
-0.518027186
-9.87633801
8.54915142
-12.1669054
1.63856626
5.38026285
10.4615421
10.9374895
-8.71176624
-3.45665598
-4.34314489
-1.55644464
-4.42198753
10.8804731
-7.74011326
-2.13474178
4.24744511
12.0531578
-2.45195222
2.75965238
-4.66220856
10.8746262
-6.71330929
-12.3429537
14.9722004
0.10090059
1.69980431
-5.95682907
0.493054867
-1.96526694
3.50935245
1.03280067
-1.77791405
-1.12826562
16.6096592
1.84996891
9.62549305
-8.38140011
-7.42310047
-8.93844795
-9.41884899
5.43185902
-1.8541435
9.78774738
-1.96250725
0.833503842
-1.16082907
-7.57150602
-9.36167526
-0.896311522
0.427226067
-19.7282295
-11.3134823
-7.97943735
7.18745947
4.59601545
4.32253885
-2.31347919
-4.32101297
-6.72547531
3.82179213
-6.68928623
9.21771622
8.66232491
-6.15800428
-9.83185291
2.51637435
17.5310745
10.286581
6.3018713
7.81741858
-11.0978155
9.16549397
-9.96630383
-2.12998962
0.842936635
2.35703182
15.0103674
1.19912803
4.48923874
-9.94563484
-0.932314873
-3.83791828
6.81829262
-4.34133053
0.883613467
-4.46798086
7.67947388
-0.531497002
-13.1359596
7.23097992
8.25670433
-7.29182148
1.75293994
13.9774723
7.11606598
10.3778191
-0.633272171
-13.3100128
-8.86773014
9.56163692
-0.347812116
12.3602982
3.41357946
-1.21362448
4.61714363
-4.15594959
-2.08139586
5.42088413
-4.06732798
0.0689320564
4.19136429
11.4939251
-5.04664946
2.08930016
-5.23301649
-1.90340853
-2.01002693
-3.1873908
-4.44511127
-5.71711016
2.2233994
-1.94813514
7.22098637
-2.29239941
-3.20709753
-4.80570221
1.73716736
-0.682751656
-3.12851
-9.95807838
-2.98463392
-8.29988384
1.13907933
3.17027855
5.03030205
0.0425316095
-11.4275513
-3.08800936
8.1582756
-13.6974573
1.04932117
10.3500338
10.7532549
-7.18911171
2.70617294
-1.81062412
-13.2071657
11.0156622
-2.513937
2.52035046
7.18192196
9.58266735
2.28831244
2.39631653
-9.1929369
-0.976812601
-5.65024376
-8.04194641
9.90139103
2.45963979
3.62701559
3.32820988
0.988034964
-8.37711334
5.51691532
-17.8356247
-2.5707674
-9.89182377
-0.499190331
14.9833727
-3.04099488
-17.9556408
4.37739277
5.05499125
4.78126478
3.95452213
0.754351377
-2.16269946
-9.17551231
-7.94784164
2.1570487
-7.14088821
0.774139047
-2.46955299
21.6019859
2.38824654
1.79885852
-7.28322411
-9.31612492
-0.0841593742
5.55202723
16.319706
4.8808794
-4.39584064
-15.1464128
-1.57270908
4.43182802
1.94718003
3.26250792
20.0847187
-9.56773853
8.86479568
-9.79726982
8.68238354
-6.74321604
-7.12107372
-10.3786106
-15.9489031
16.9366856
-9.53306675
8.16574097
-9.37569618
3.90948153
2.14515495
3.51061392
-4.14347458
5.28956604
-5.5590415
-1.1936357
8.03085136
5.23552132
-1.96624422
-0.856942654
6.82709503
-0.173087001
-2.78710413
-1.03595686
-2.48758721
-8.38990688
2.93925977
8.90034199
-7.22886562
-0.814594865
2.37974143
-3.1398437
-6.04160023
-5.25403976
-6.36957073
-0.0444875956
2.62181401
-9.35094547
-18.4641857
2.65347409
-3.6423986
0.91668272
0.615093946
-5.05104494
14.2606869
1.95341253
-0.829424918
2.00118113
-0.742489278
2.67940688
-7.71790409
3.42750645
-12.2850609
-5.98561335
1.04826927
-1.83922791
13.9575682
1.2474997
-16.25177
-9.44507122
-3.33661151
-6.13311005
-5.99585533
-6.16993713
3.66271114
-14.3364992
7.59878874
-16.4830437
1.48285007
-4.55633593
3.62485123
7.35898542
-25.1378021
1.60785878
8.89917946
1.60752749
-6.61191225
-8.71513939
2.9651401
15.7703419
6.86306477
0.335397959
4.87781048
-18.8280716
-7.69269896
9.62239361
7.93650198
10.1647844
7.41783571
6.51406574
2.34672379
-7.27070141
-9.57573032
0.681498885
-4.55111647
2.57710457
8.19850159
-6.85018635
-1.26940227
4.35070133
-1.74214125
0.105621308
-2.25929451
0.0406186581
16.1376362
-3.23444557
-5.87258005
4.59866333
-10.1280775
-9.9999485
2.57184386
-2.92564774
-10.0532761
3.8322866
-5.73001432
0.580626011
-3.05046892
3.22213602
1.39983416
-1.82103324
2.04087448
-10.8739595
-7.64332867
-8.19878292
0.630527973
-2.72474647
-8.52641964
-3.83566093
-2.75886798
13.5397968
6.61602497
-1.08290792
4.02497339
-8.83589077
-5.46509409
13.345396
4.68224192
-7.0759325
-7.42178583
-1.85380411
3.85248733
0.938367486
-11.7751732
-2.08382297
-7.50610924
4.94426966
-7.38878059
6.54435968
-4.92094374
-2.00441909
1.85429573
-4.79658556
11.3019018
-2.6002984
6.08305407
7.25778866
-3.77693844
-1.72957301
10.9049664
6.75845337
-1.52243996
-12.1192932
-5.38672924
14.9777794
-5.19986296
1.75939095
-4.29474735
6.86579895
1.9655081
-6.01719761
6.62179947
-1.32302356
6.11665726
3.15851545
2.5983634
5.04491472
0.0320355743
3.79359245
1.93984795
-8.14690113
-1.65417111
-0.445567846
-12.142067
-14.6232376
0.480923414
-0.512680054
16.0561848
-11.7137537
-6.57437706
-2.21477747
-15.6076488
0.573119402
10.8023844
-1.4472816
4.40560007
4.1738801
1.368891
-1.64728975
-3.52858686
-5.58290005
1.97213769
-0.566047192
4.16972351
-4.47728968
-8.46870708
15.0192442
-1.13284683
-0.831413746
-2.39991117
-10.0477943
-4.02085972
-14.2282057
8.92429161
-1.46454215
9.19604969
4.16987467
5.69256306
-3.36842656
-5.58196163
-6.04484177
2.15503764
5.15972328
4.71014833
-10.1613884
-5.21867657
2.27267122
11.2557516
-6.30864191
-1.00711668
3.12151551
12.9238997
-13.4380884
-1.30368376
-6.72476578
-0.496242285
8.72568512
0.142455935
-10.1665249
-12.2286129
-5.62757969
-5.83932209
-1.43283868
-4.73392391
-5.5844512
8.41149521
0.566162944
6.9029808
-4.15873528
-3.72816706
2.51496172
-5.88749981
-6.01303005
7.5897541
-0.219335377
-0.679235578
5.51500607
-5.3887639
-10.486042
-2.93772173
-6.01986694
-4.05679083
2.63506413
-11.0225277
-10.9844561
-0.646157026
0.491607547
-3.25443482
-9.25955772
-2.82248235
2.56630015
-2.5690496
6.11525726
6.73203897
-6.74404669
0.761749148
-0.374820024
-9.79095364
-13.3929901
-16.4361877
-6.26818275
8.80683136
-4.37589788
0.700329065
1.72259426
-6.69513512
-10.4134102
5.7292614
-12.824604
10.6521635
-1.7292459
9.9588995
3.57285833
-2.17838621
5.12680864
6.2539587
-5.50221539
3.05711889
-7.82758045
-4.25031233
-2.38866711
1.13326716
1.7647537
-0.516300321
-12.7028627
-3.13682699
-1.89838862
6.318326
-2.15846825
-4.38321018
2.12764359
-2.85053778
3.88205791
4.58860302
-5.27684021
-1.09057975
5.58605051
-1.59310627
8.15226269
3.6221168
-18.4684677
19.5131874
4.06366825
-0.11488831
0.751818061
0.683331251
0.558056474
6.50443935
2.98538351
6.8855629
-0.372178555
6.21644831
7.15847397
-6.03072929
-1.43686008
0.10026598
-0.946674049
3.98430634
3.12691903
-6.07697439
9.86515617
14.7912817
-2.26247692
-3.96119976
12.1420269
-13.9734402
6.08942604
-1.00321972
4.09235191
-17.9998608
5.99811411
-0.979860544
-3.36838269
-6.152915
-5.88145733
-12.2439785
-1.95335603
1.46425498
-4.75992489
-1.98201656
-1.2478323
11.4119349
7.95125294
-18.9089794
-5.81032133
-9.85632324
2.82550716
-1.04803467
5.06219292
-3.9427259
-15.1974182
-3.92640424
3.98004961
8.84181309
6.2998848
-1.55757594
4.95706844
-11.3398056
-3.9249227
1.29914308
-2.64221954
-8.90031624
12.7547073
-4.7645154
-9.78349209
-4.44612217
6.07584858
0.255604506
7.09354687
2.56917238
7.61688995
-5.5989933
-3.69642735
-6.79831123
-15.0841303
7.96148491
-7.48248863
-3.05248356
8.22653198
3.28488088
-6.0511446
-3.20956945
-3.08491993
2.58396339
-0.829587221
0.123750687
8.4413805
-2.4126122
1.06210279
-10.6143036
5.21650314
-7.52648544
0.30882144
-2.44874668
-7.34495115
-3.03043222
-3.86994553
-5.75416803
10.0573626
-4.20620108
-3.90107846
5.22433805
-8.33761024
-3.35709667
10.4592476
-2.7385962
-7.3031497
7.13000679
1.97979403
7.22490597
-1.44281149
-8.91538811
11.5215788
6.12064171
11.4937859
-2.39034319
0.38225913
1.38190663
3.43590498
-15.3383083
-12.7392263
9.68163395
-11.8659115
-1.30139732
-9.10195351
0.0846596956
-3.37551403
-8.03267956
-3.01939106
9.67355824
-0.270667553
6.43692493
3.80630136
2.7743144
2.82886696
12.6114683
-0.963473439
3.96069145
-2.15927792
13.7875633
21.0640621
8.96197224
-1.79233813
-2.88910961
0.36225462
-13.5718021
7.29225922
2.34420323
-2.50495005
13.2432671
-1.61270738
5.49916649
9.50907326
-11.5122824
-4.12881422
-7.35487366
4.66038132
-9.24425316
6.17481232
0.107206777
10.7185555
1.84897029
2.53579998
-3.10785151
-0.529203653
-5.18495083
2.01252484
0.743699789
-5.72358942
3.97016549
-11.3909702
-11.3110867
-2.10279369
0.721833467
-1.1860075
-12.7813835
-6.84007454
-4.32820463
0.468284011
-1.16521835
-2.05487561
10.2922373
4.04996109
-3.6795392
2.47081995
9.1996336
2.44915533
2.61577082
0.00751595199
1.53466368
-7.08988953
-1.43182492
14.5262995
11.2413664
-10.0205393
-7.78323841
-4.77828217
11.3932896
4.82775116
2.97791338
-6.08060646
-7.92395496
-1.70483637
-8.3224659
24.6438999
5.73633385
-0.567763746
3.66891432
0.231299877
5.74241924
-1.30561316
-11.607502
21.8027191
-11.6082411
-12.8660011
0.0973736048
-10.9194889
8.38762379
2.35309553
10.4971075
-5.48830795
-1.35697079
2.54278898
-0.640424132
1.81312168
5.48906708
3.75475883
3.16189766
-2.33548164
12.6802721
0.619981587
3.37581134
-5.43120098
-17.5816383
5.36557722
-5.5803237
6.32512474
0.103916645
-0.965613365
-4.47750282
-4.26363134
-8.62411118
9.34512806
-4.85747385
-7.91927481
7.52946758
-3.47758794
-7.98216438
6.09600592
5.94187355
-12.609024
-7.91135883
-4.29499245
-3.44874382
7.84672356
4.89515209
-5.04852962
-7.4410553
-3.12034416
3.14488316
12.0205708
11.0118265
0.679550409
0.415531158
-11.9920788
-1.40599012
-7.01766682
-1.4149121
-4.14260578
4.75347281
5.00404024
10.4156351
0.812003553
-0.646355152
2.44333291
-11.7234707
2.89376831
7.62629414
1.14432526
5.46452522
1.09603739
-1.67867184
1.81424034
8.56973457
9.53005981
-18.955555
14.1772404
6.25221729
1.88836169
-1.70319569
10.3685198
1.4839437
13.3190384
3.40405416
-6.7764101
-3.48170304
16.0936661
21.301466
3.19112015
-19.0575695
3.03549528
0.280174971
-3.81719637
-1.65369511
4.72888803
5.31674767
-7.91632605
-4.25686073
5.5720067
0.200681925
-4.03740215
-5.42254782
-3.89947033
-7.02880287
14.0211401
23.1621933
1.2435323
-7.09387922
12.2396612
3.14712763
11.4011745
-0.647947311
-8.29738712
17.6648865
14.1785069
-9.01968288
5.44344473
3.63521647
-9.85436058
1.63591552
-26.8121967
2.00085831
0.608968019
-2.89118409
1.28725207
6.93029928
-1.22075987
-3.95491505
7.37050629
-4.8622303
-6.9664011
2.81321955
-5.81539392
-11.8465137
-0.0806164742
-6.03872585
-0.811336756
5.11252117
-9.83726215
4.76319933
5.61670589
-4.80794668
-4.18791389
-3.38157415
16.4952831
7.58150005
6.26979685
1.23009157
-1.80060434
-8.98475075
9.67994308
-5.33006001
-2.96337938
-7.35135174
-1.44494987
1.44786048
7.79884911
-0.0483715534
7.00490761
-8.3985815
2.50594425
-12.3865547
5.31255865
-5.24926901
-2.77133727
-1.40099287
5.52149963
-6.63679123
5.32969952
-4.51438618
4.53559399
-0.447119951
3.28244662
2.57062912
-14.3514214
0.289354801
10.5077667
5.35103655
5.96978807
-6.50845337
16.9319115
-3.57319522
0.234511375
-7.54225302
-0.29308486
-4.72460461
0.630755544
-5.90814304
-4.81575155
-11.1342134
-1.9419806
10.4061241
-5.60870981
-11.5817556
-11.8916855
-14.9376478
10.9332876
4.72483253
-10.7715302
-2.18618083
4.17972183
4.87138271
3.70771742
-9.94198322
-0.0454128683
-20.13797
-2.48536873
9.30084991
-8.49439049
-1.93452764
6.56785488
-1.07520962
-3.04576778
2.49099541
-1.24009109
1.95939612
20.7831478
13.5643139
10.5653019
-13.0750875
-7.10981941
8.92808914
-0.880307734
-5.65103149
7.90793419
-0.661123514
-2.13843179
-11.7751608
-11.0433588
10.1313152
-11.4158783
-2.02072453
-7.90666103
-6.10405874
5.81256485
-3.59114885
13.4178257
-3.02670074
5.75462389
3.5845418
-9.39094734
-4.98102093
-1.28689802
-2.88303304
19.8423557
2.01052666
0.828402638
9.16454983
2.36475182
13.3136005
12.1280823
13.4397526
-6.11981964
1.13938141
-15.3655319
-1.45007169
1.33249402
-3.4442482
12.8094482
8.81785774
-4.43003416
-0.195164129
11.6788731
-6.03661394
0.629134178
5.41018248
-3.64877081
-6.72364044
-9.98807716
-6.90993547
5.57768917
4.74496746
-11.8005171
10.3612862
-9.59119701
-1.27224755
-3.90524697
0.754686832
1.97949958
4.68211079
4.55450583
-2.64377499
-13.0154428
-13.9630051
9.24556065
3.35374284
-1.71377134
7.75113297
7.68240738
-5.54052734
-1.21802711
9.34249783
-0.23417227
-1.96488547
0.506554484
12.0098257
10.2485638
-12.052701
-6.53824997
10.1291304
0.217922926
-1.63970184
-0.775553226
2.03398561
3.35189819
4.21448994
-5.56028795
1.88692093
-7.31881428
-2.28579307
-3.90945005
5.0637393
-5.26309013
-8.18232536
-6.24129963
-5.71372128
5.83488941
-11.0256853
7.843297
-4.88810158
-3.880193
-2.97482443
-7.66311121
-0.0112876892
-1.69105375
-3.03988266
6.2321434
-4.16795015
9.79716873
-8.25444412
8.02593613
-3.56185627
-1.28558564
-7.05454969
-3.51872492
-19.9064388
-0.644814014
-1.69534469
-5.66964149
2.15361953
18.5123482
-1.65446043
-0.756443858
-5.52246618
2.46226025
13.0287962
0.655328989
-4.35976171
-0.0407341719
8.18585396
8.86255074
0.328100443
-6.90873528
4.40729141
6.19654465
4.3031702
3.63541031
1.40478635
-5.05715561
-0.342115641
-5.96151686
2.33960533
-3.62570214
3.41375375
-1.73342967
7.72561407
-0.501961231
3.50202632
-0.6223768
-12.8711872
2.79082918
-1.35472727
4.72135735
10.902916
1.42308235
2.48354292
-1.18143845
-1.42442262
-8.5841465
-4.57749796
3.88312936
-5.28023767
-1.7165271
2.77245927
-4.69277191
-3.10527754
-9.51598835
6.59584045
8.94160175
1.50262487
-8.19296551
1.70709491
19.6901131
7.46200514
3.25090814
-6.94344521
-2.33421659
4.70396996
6.86392498
-0.34083581
-10.7042551
3.95462394
1.54054523
-1.04351187
-3.8130827
12.4442129
-9.39975643
-4.68926382
-6.89746332
8.38022614
-2.64690185
-3.28433847
1.74264789
4.96294498
14.8288174
-1.5575093
0.153292298
-7.96914673
-1.88746119
6.81310749
-18.1170044
2.5394125
-2.37111044
-5.38899326
-6.62612867
2.43997645
-12.6572943
8.09013462
11.8194208
-9.03009033
1.58708477
8.42264366
11.6232681
-17.5281792
-1.12023759
-12.3686333
-3.43463135
-8.64406967
-6.23073626
9.44523907
-8.1794157
-14.0617456
-0.251166284
1.17618489
4.86392784
3.26578832
-3.32873964
-5.96049261
8.23589516
1.78525674
2.77477336
-7.63054466
-14.5302916
2.22545457
7.89112043
-8.64125252
-8.11954212
-6.96518326
0.940239072
-1.95222664
-1.35554445
-8.16865158
1.6387769
-8.1586113
7.57820988
4.02000904
0.165496409
5.55758858
-5.74655914
3.8382287
-12.1166534
0.853455305
-6.56329727
-7.53453255
4.07307863
-1.77854514
9.04969788
2.95350909
-4.43968391
-20.9144669
-7.13635969
-1.97803485
-2.88684154
7.14971828
2.89065313
0.794222355
4.22883368
-7.04229593
-0.353198409
8.87216187
-4.19153404
5.44784451
-5.61094952
-5.66987371
-9.56799603
4.33411884
-13.1602669
-0.436587095
6.63580227
-1.19062769
7.0525074
0.978457391
4.49936008
-0.82216537
0.260635853
-3.34366322
6.31407833
-0.348097801
2.0131824
-2.20433068
-8.14204121
-11.33531
-3.86639881
2.70667267
-9.54198074
8.88434315
0.349049091
16.5651512
-2.19120979
4.62146282
-12.4510975
7.40642643
16.2972946
-2.73411798
-3.87979388
8.26789188
7.90390635
-3.17950058
10.1821547
1.30695248
0.0561978817
-16.5846577
-7.29206991
-4.55769777
4.7219615
3.62496948
-0.611927748
7.02729321
-15.5886116
-14.8276434
-2.01090217
-2.47522831
-9.24327278
-7.3779068
2.60876226
0.603097677
-2.7236619
-3.93799305
-1.04029131
-0.0829809308
-11.2710314
6.66811466
3.20019102
-2.73694015
6.33696079
-3.72941399
-3.08954096
-3.02789617
9.75889778
5.82441568
0.310507417
3.84454107
-0.385236263
1.39361739
-4.44450903
-3.30600333
-8.82085991
5.90524673
-3.75211787
-7.89134312
-6.59306335
14.4574051
1.9387424
-5.9804225
-10.1628122
-7.50356007
4.05370188
2.35742998
-2.94414353
-2.83950329
8.04820442
-1.48565125
-7.06756449
-15.1252785
0.58875823
0.043571949
12.346139
-13.2785902
-18.5686378
-7.93719482
-2.05390239
1.34791517
11.5040884
5.08445072
4.13781691
0.388587475
-12.7053547
1.21483302
7.85449219
-7.50875664
-1.24496603
-12.4024715
7.53633261
1.31304884
-8.26816845
17.1057758
-0.466063738
-8.60852528
2.70040083
-1.19846785
-2.96486735
-9.69141197
1.56938565
-4.8168869
1.86727142
-4.03611135
0.910506725
-8.89705658
11.4168806
9.81311321
-16.7695541
-3.77887726
12.4132299
0.347611308
5.23156071
-5.4066453
4.32582474
6.85852194
5.53721428
-10.9336996
3.60185575
2.12495446
5.13742733
-16.6958199
11.1840572
1.41120577
-8.91610718
-6.79944324
-6.8468256
-6.63773537
-1.96315038
7.20268774
-1.93887269
-19.4715767
1.78605306
-1.2484951
14.4036961
9.03282261
2.38192081
3.43566108
-4.1620326
-6.96386003
8.09718227
-0.507422447
-0.469343781
8.52003193
-2.68625307
-6.26759148
2.23610806
2.53870106
1.63810956
4.85580826
-4.97423506
1.35477972
-0.243942738
-8.3576889
2.86192369
0.255731463
4.56675959
-0.0352839828
6.49093819
-7.75373268
0.269479305
14.5789127
-12.9762554
-17.9438705
-14.402338
11.9970055
-7.97342157
9.7660656
2.87156296
-2.01673889
-8.67366982
6.40018654
3.80719113
4.60492086
-10.5551472
9.34034061
3.9252677
-0.0868439674
4.56425571
-1.26897407
-8.59796143
0.68992281
-10.821517
-11.4683075
-5.20882797
-1.71051967
-1.41698933
7.96294069
13.0465679
4.14877796
2.23056173
3.06332183
-5.43276691
3.12887788
-9.10042191
9.52170372
5.65552568
-0.0605127811
-9.72191143
-2.14314365
-5.64939213
-11.2325459
-7.59608173
-16.7136917
15.9895782
1.48809981
0.618847609
-2.02541447
15.3170958
-0.704391599
8.8684206
2.29016089
-3.79408646
-0.0152263641
-11.3339128
-8.7457552
-6.50021362
5.22312927
-6.4808197
-15.9076252
-9.19325829
3.05657053
-3.5498662
-16.1148682
-6.86898804
11.8574057
3.03420663
-2.56264186
-12.2081718
13.8203268
3.1198864
-2.8100543
11.1801481
3.5731051
-13.5223923
-4.18403959
0.0928931236
-2.18114805
2.01910734
-2.37770247
-0.603569031
-16.259634
1.93251121
-11.1135406
-11.1130705
-2.39913702
-13.4529362
-7.19501734
-2.29376483
-4.65328217
-1.23438191
13.0124073
-5.20425606
9.24596596
-0.356399149
-8.30059624
10.4326735
-4.48685932
-14.2421684
-5.4863081
15.6834888
3.53767586
-8.51770782
-1.73365808
5.20113277
-5.86668873
9.81789017
-5.92992496
4.01811981
-1.43014419
-5.4494133
-2.05868649
7.70159292
-3.05803299
-10.6635408
11.3179531
-4.49942827
11.4783106
-5.75454855
9.14084911
-13.6363926
-0.599802494
0.876542211
-0.122478187
-3.11405349
-8.00774288
-6.41941309
-0.0811429024
-7.00216913
-5.119555
-1.53492451
15.9760818
-2.76672173
5.917768
10.9929714
3.49500227
-2.39686942
-0.211665869
-3.64024305
-2.10961294
-10.6438541
-9.06219006
-5.83127022
11.9346933
-6.00752354
10.0777607
6.81605577
13.0368919
-3.91889453
-6.28873158
4.10606384
-5.54412413
-3.30121183
-9.06005573
-3.68566251
-0.821249008
-1.43386984
-9.670928
-11.276576
-1.94391918
0.0291242599
-15.5281963
7.11475849
-1.07688189
9.89965343
-12.5147619
14.4628096
2.18217278
-1.83146191
0.492197007
-3.73008347
6.32229185
3.75972199
-6.75063086
-2.06487465
1.91539478
1.37666845
0.45720768
-5.11959076
-0.169336915
-5.17294598
5.69378376
-6.89126015
2.22916627
4.69004583
-10.4489708
-11.9017725
-2.05660892
-5.74422789
-3.86272287
-9.4665699
-13.479291
-12.0101023
-13.2276592
4.88374043
-8.84302711
0.802381992
-4.10404491
-0.471080303
7.85229778
-6.34775639
4.97300816
-3.79603958
-6.53425694
3.26508474
-3.82758927
4.52891493
1.66303658
5.02982712
-6.69470072
-10.5012569
-0.321212292
6.12934685
14.665555
-10.557313
2.79772043
-4.86238146
6.80507469
2.57419538
-13.502985
5.06108189
0.884115458
0.560206175
3.24336624
14.8878202
7.03872871
-0.750147581
-2.51779914
11.8747482
10.1632767
11.0228004
-8.64371777
10.0316544
-3.36512828
7.1850462
0.0887310803
1.65247393
-6.04451561
2.04107428
-9.98556519
-8.48161411
-10.917778
-8.74742317
4.09467077
-15.1041183
-18.8486195
-9.47946358
-0.415387154
-0.631538391
5.37603188
-1.55930877
-1.87017453
-6.63936329
7.27565479
-0.281835586
-11.104332
-2.51700211
-11.5314665
7.89759636
-12.1838617
-5.45286036
-6.77422667
7.40492249
-3.67076349
-5.31968594
-4.07805157
3.81604218
-9.07406044
1.71392643
-5.91858244
-11.9551744
-1.03066158
-3.38202858
9.18734169
-6.66032028
-13.5933657
-4.09328747
-1.85724854
12.7548962
9.88389015
2.90530705
-2.38774204
-1.85905254
-2.08638811
2.02812386
-1.80782223
2.88429594
-6.14429569
-0.083741188
7.18773079
3.44170666
4.14310455
0.0551083088
9.21251678
-5.88978672
3.26298904
-3.44496751
-0.603649855
-0.288870752
6.73276997
5.23144722
-8.83424568
3.64718747
-7.87849331
9.36265755
1.89817309
-17.6220665
-2.67792845
2.61023617
-6.16119623
-10.3769131
8.02477646
6.04831982
-10.8323326
17.6692543
-8.1374836
-0.5921489
-7.4278512
0.22680068
5.27245998
-5.18028784
11.3225374
5.54037571
-6.58509922
9.25691128
13.4656801
-2.6821804
-15.4874773
5.67057323
-6.13185501
-1.25165296
-4.36784172
10.7176466
-1.03148091
1.75773335
1.34439611
-1.64303529
9.95720291
-10.3286228
-9.38049889
-2.96501446
-3.12556791
9.08881569
2.04342747
9.96759987
11.6157837
6.01080418
-8.90756607
-14.3728275
-10.5557404
-7.12021637
1.55081844
20.412735
13.5720539
-4.50434875
2.35789943
-3.83360147
-1.31239796
-1.00046253
-8.23595047
0.654959202
10.5959759
-8.02772045
-4.20246315
3.40217304
-1.52199841
-9.55716324
12.019268
-2.46170044
25.5894051
19.70047
9.52348423
-10.0895157
3.46011305
-8.81735611
-9.44531822
-11.0493526
-10.3891354
-6.17411661
3.19965196
-0.334134459
-10.8093414
5.10966253
6.60422421
-7.64258957
9.78732681
-4.03377628
-2.94687653
5.79216051
12.1294746
-0.663490295
5.02016354
-8.01448441
-6.10075378
9.25794792
-7.62891865
1.06253123
7.74818897
11.2780228
0.60966301
10.3245916
0.381622553
-3.96652412
-12.1566792
8.95635414
-4.90813923
2.64782715
5.57901573
16.8967171
5.29745436
21.9237137
1.01937246
-7.86156273
1.25914001
-9.3912859
-8.96143723
5.35527658
-3.65822315
1.19432974
-1.3012929
11.5202484
-0.27140522
6.43290615
8.693964
-10.2776604
7.01314354
-2.75496578
-0.584091067
-3.58906674
4.00331211
0.326278448
4.80549526
-9.05949116
-6.66328239
-1.27845001
-2.44231939
13.3323536
7.25453424
-1.91390896
-6.24856615
7.04516125
-1.25488377
-3.24065447
5.63508129
-1.73063087
-8.06648827
26.4848213
-10.9080734
16.8092461
-2.95027018
-0.415224433
-10.4090471
-1.3474822
-0.941690683
-11.8391495
0.624967933
-3.59588075
-7.39810228
8.55109882
6.88123322
7.26319885
0.79386425
-4.08722687
22.4223747
2.76218343
-4.73998451
6.62779903
-1.64242864
-1.45578802
4.23168564
2.87916517
-9.37635899
-11.0345278
-6.2546978
-3.25184417
6.40190792
3.11777544
-16.2801037
-17.2929192
0.414142728
-13.1596966
-1.07715964
12.942256
-0.915878356
7.73064327
-2.86080885
-5.49567318
-1.89028358
-9.86030579
-3.4610405
-11.1039238
-9.14465714
-0.591783047
-10.8600216
-9.66695213
2.1902194
7.50566673
-1.60416412
-2.10322523
-8.02507114
4.60759687
4.93001842
-7.40777874
-3.17486525
-9.23265171
-3.68212843
-4.72050476
-0.168810725
1.1998812
2.98431921
1.36786842
8.20057106
-9.91824245
6.35070181
-7.12610149
-15.482811
-0.695517302
23.6343193
-2.23133516
-1.67522407
-2.75467157
3.98886657
6.4570365
-7.24386454
-8.57994652
1.8723948
10.8453169
2.09476137
-1.07238412
-5.77623177
-3.9889009
-3.7416358
-1.04278147
-7.1050787
7.96477985
-5.48521996
-5.58142757
-1.55879819
-4.50360966
12.7773094
6.95577812
-0.418797612
0.690500498
8.10040283
-4.77465916
-6.3924551
5.49009609
23.6463528
-5.85225439
0.757087231
1.77012348
6.82718658
1.09161282
12.7137976
6.11490107
2.88084745
-2.06258631
-5.92498064
-1.67720175
-5.54913998
-0.472752094
-0.199212193
14.5337362
-11.4827824
4.98811483
14.1802025
-5.45225763
2.7571559
2.19751596
-0.938849926
-5.91821146
-2.53294611
2.56965113
-0.789949775
-15.5042372
-10.6624975
-8.27495384
16.8177147
-2.95865321
3.81903195
8.61653137
1.25981641
-9.2130909
-4.04949331
2.61632395
6.90161753
-12.3683405
-0.889089584
5.59821558
19.6749916
-3.24164915
4.89747238
4.54060411
-6.73132753
16.9638634
-3.66811943
8.34593582
0.995604634
-2.03148913
-5.08933353
1.60966396
8.45426178
-2.64144754
-3.82545376
-0.0151875019
-4.19009113
-10.4216366
0.250413179
9.24352455
8.40459633
-1.96506095
-9.39021397
7.35435772
5.97526884
1.62309253
0.111113787
-2.20052338
5.13006878
4.26341248
7.45941973
-5.61862278
-3.56508493
9.99577713
-18.5366669
3.81830525
-2.3060801
-4.92383909
-0.682697773
-7.8647871
-0.776365221
4.53344917
-0.181416869
-13.0277491
6.57413769
1.15189779
-19.8451958
-18.4071522
-9.79308796
-4.15043688
4.7788806
6.50395918
2.14318848
0.743929386
-0.757159472
1.42123032
21.3229904
19.8441086
-0.379938364
-3.35128927
-3.31578016
11.7045326
21.7709351
-13.8696289
10.5521049
1.19288146
-3.79836082
-2.45390606
3.40479517
-3.467592
4.16885376
-4.17734528
10.4069376
-6.87459326
-2.18269873
5.42825079
-8.57937431
-4.74684858
1.76945961
-2.41101694
3.63844013
8.78322029
-4.18376398
0.532392502
-5.98896885
-9.00313568
5.33075809
-7.73514175
-1.65382099
-2.45803928
8.17588997
2.15520859
0.127816796
-3.56294203
-11.0159788
3.46255112
-8.2001152
-1.80111575
-4.60166931
-12.5602579
3.45372677
7.08351898
-4.92038488
-3.89402342
3.59764576
27.5305443
0.0612363815
11.4598446
1.65065181
0.841593981
-8.157341
0.199819803
-4.31079769
-0.553174019
-8.63236046
5.94389534
-4.47094917
-10.4406805
0.756655335
-7.19668579
-5.5419817
-3.63700151
5.17944241
12.4607439
12.040473
2.56685138
-6.82879829
-6.27876234
0.320432544
-0.13152051
-2.16860199
2.03298998
2.92800498
5.57691717
-4.26268578
5.27462626
-4.1907959
-0.790199339
6.99963808
-1.3341583
0.199469805
9.23690987
1.9965086
8.99687195
-1.29098439
0.176059127
2.895473
8.00972748
14.0055962
7.42184925
1.83430004
1.38091099
-4.56147718
8.56731987
-4.06115437
-2.76214027
-1.93810177
-9.97004986
1.70411754
-0.845398426
-10.6735229
-4.60869551
5.17861414
-1.77392411
-3.74575138
2.88339305
-4.48945427
-5.29528046
-0.480406404
10.1734619
-2.12041378
12.4725142
3.95743036
-3.44826841
6.69174194
11.3596115
8.37921143
4.91522884
8.12788486
-1.15401578
-0.88213563
-1.21311665
-4.74107647
8.61509895
-6.68819523
-1.26330304
-5.37584591
10.1247301
3.26156163
2.28950787
4.86889267
-8.70877647
3.67361641
-10.3670149
4.57606792
-7.67673635
7.63689518
-11.3686275
-3.52824426
0.825536609
-0.450362086
10.9251595
1.64578319
-3.6762948
-6.21173429
0.645804644
2.04664564
9.48064899
-6.30064106
0.325076103
-4.72572517
-1.71977997
-15.6902885
-4.59560871
-10.8147154
15.3372345
1.18195212
-4.2035594
17.9759197
17.418808
13.7763205
5.48713303
1.6148994
10.1162605
4.21370411
9.62621212
-6.98197031
4.28073215
7.21724463
-5.04486895
-7.30936813
7.0912261
-4.50810146
-0.0750854313
2.32099628
-7.98613453
2.25169301
-3.32969522
10.5750551
9.25034046
3.61349535
-2.22278714
-12.2046814
0.462755799
6.00428772
-2.29107571
3.81937289
8.66915703
0.148497581
4.79160213
-1.6500293
-6.37687778
10.278717
-0.376190901
5.86689663
6.89664793
10.5008316
6.47596073
2.4474113
-9.16996384
10.5654573
-12.6057587
7.49712038
8.94665527
3.8686707
-2.54599714
0.385349751
-1.05418563
4.09364128
3.15870023
-2.70254803
3.80393195
-4.30994129
-5.00503254
10.8372135
3.4072504
6.7054925
-2.42114496
3.51196647
-12.9299049
-6.26374769
-3.84946394
-3.79762101
5.97668648
2.56741571
3.41000009
-1.61728251
-9.25147629
9.29334831
1.75686669
5.14130306
-0.348962843
0.0567319691
7.26601696
26.0417385
3.14742565
11.3557873
-6.63393021
-7.77294159
-3.29851437
2.55562544
-15.1409149
7.69643879
-4.46764088
-0.345133901
1.54341221
-5.41406059
2.14656496
8.79926395
-3.8411243
5.16008472
15.7496462
-7.4740901
7.30138969
10.6079721
-0.0571739674
13.7664909
-5.75917006
-6.97987461
8.28700256
11.9602585
-2.43647003
-3.66632175
5.8312192
7.32488441
-4.30495644
-4.28421736
-7.05159616
-1.40438449
0.762304783
-9.50272274
-0.379309654
-4.65351343
-0.38543272
-3.05073047
11.8066654
15.1643019
-7.09269905
-0.984060705
0.209738493
-4.86530161
-9.34418869
-4.98748302
-1.31192768
10.407526
-8.92205334
10.0849648
2.31875467
0.0170419216
7.88035488
7.66161489
0.53958559
0.247967303
15.328454
16.0558205
7.9713316
-8.55463028
-3.56242228
14.9579191
11.1431684
-8.81359386
-12.1317606
0.348768473
8.63469219
3.61147571
5.04639864
-5.53395033
-9.35958481
-5.78164339
-8.92951393
3.97635889
9.91624737
1.4330411
3.87298584
-0.921548843
-10.9140396
-5.72717428
15.5531597
12.37288
-2.16202307
-3.53387785
0.773149133
4.28496552
-15.3383999
6.23190212
-6.57291031
-3.28266001
1.32390141
-7.35292578
14.2871542
-5.61255646
14.0545702
14.0574989
-5.39804173
-27.1438408
-14.7062702
-11.8090687
-1.24873114
-3.65192604
9.77910233
2.92585182
0.612855434
6.21785736
5.32256842
1.52129865
-1.67219615
24.3900547
1.83974183
-0.189124584
-6.90746164
1.52550101
2.70354986
2.54183316
10.1650009
-4.77559948
1.10751677
-9.85846996
13.8375998
14.7591343
-2.41727686
2.75659466
2.54525495
2.87891912
2.79613042
-20.811657
-12.8386335
1.90291166
-1.81221402
12.6585989
-11.3638172
-7.59508371
5.08560276
4.09621334
-9.04296494
-0.016471386
7.74657249
5.28584671
-1.14874411
16.9453373
2.35446
-4.19764996
4.64429665
10.2021818
-0.933709741
5.55729246
-13.3536024
0.0843780339
6.87721062
4.14165068
7.71735048
-7.57775068
-13.9850349
-3.23302269
-17.0739231
-2.19673443
-7.96146345
2.55117798
4.87446976
-4.55926418
-4.28506804
16.1695461
11.1014938
-6.45205212
-4.49074459
6.41126919
-1.29420567
11.6840038
8.03288269
-5.66976357
0.801845074
-13.343071
2.73501801
10.4781075
3.07037306
5.53032732
-12.1640358
8.34156609
4.09056425
-11.5163507
8.72078896
-11.2972631
-6.43246126
7.66663933
-2.38716292
6.46037579
-0.468782187
-6.4984169
-1.54444027
-0.325204462
13.4079437
-5.83277893
6.33688736
3.55186844
-5.32446432
2.89840889
3.13887453
6.04218149
-7.01212311
-0.264012337
9.0451088
7.18444729
12.3477373
-6.82813311
-7.22556114
-0.112560511
-1.05978441
-4.97791576
7.26639366
-5.40924788
4.90991735
-2.20483112
9.57062912
-5.18548822
15.4888611
-9.0907526
12.5089788
-14.7691727
0.783691406
-2.90231252
-6.40122414
-21.1798038
-1.10776138
0.91259551
-0.490924597
4.59712601
1.91671753
-4.98973751
5.44041061
-14.3522596
-2.99606562
-1.92676163
10.8125687
-4.06122208
4.47982025
-5.47662306
1.53397107
8.01458168
2.43919182
13.0625973
-4.78405046
-9.88211918
-4.13519192
-9.48376369
-2.05595398
-1.17851973
-3.26594663
-8.04873085
-1.54786491
-0.274182081
-14.0534372
-1.96413195
7.53584623
-9.7611618
13.4140139
-12.7112827
-13.5864458
-9.24220657
4.53241444
4.67022562
8.71897888
12.6697769
-11.1544685
12.2806683
1.47832406
0.0389230251
-0.754794359
6.98624182
-11.1962299
6.66699505
10.3959436
8.07939911
-3.77862883
6.04226303
6.09714174
-5.68219662
-10.9674263
6.77926445
-6.55498505
-2.78802729
-2.34489393
-7.32733393
4.58547497
-2.87532115
-8.0192194
-14.9892559
4.23067951
8.98980713
-7.78355169
19.219574
5.73590946
-4.89115047
14.4073143
-15.4198885
-1.48621893
-1.32529116
-9.44874001
9.76511574
0.0179430246
6.45967007
4.3497715
-8.10190773
5.42483902
-1.05038214
7.97284889
-6.45792103
7.71992111
2.94567919
-10.1929493
13.1038017
-1.23891306
6.96558809
-4.13817406
-2.92043328
2.88502312
-4.82870007
-2.23177147
3.90358639
-3.29893827
-8.44618702
0.0476009846
-1.59187222
5.75424957
7.2950263
5.20688295
4.17896223
-1.56616807
13.396575
7.92878246
5.72689438
-11.0045061
7.47950459
10.4712811
8.6171751
-3.29693246
10.3605604
-1.16314948
16.2305622
7.95858002
15.7004347
-2.53998303
13.9370575
-16.4332981
6.61796331
2.76400065
8.32666111
4.96614742
24.2805805
-13.4598665
3.53408766
3.67518663
-4.32409096
-13.8286018
-10.8201017
-5.47721815
-10.8437405
15.8022861
6.68011379
2.47505617
-10.9820166
2.74601793
-3.12969589
3.05325985
-1.84974194
12.1930294
-6.15884972
-7.49481869
0.863280296
1.843871
1.25676823
11.5206003
-8.61327744
3.04308033
-5.19301605
0.526141405
6.85828781
4.48106098
-6.77139473
5.38013649
15.9089241
-6.79179573
4.87630415
-2.74479914
5.0174346
2.16310263
-6.85388851
-4.4450717
14.6688166
-5.16190481
2.31283069
11.4370699
-6.195889
-13.3611946
19.1206112
-14.6740904
-6.02121449
-7.45473576
3.12288094
-3.8059454
18.3750496
5.96537018
-0.004778862
2.74534464
7.29674387
-5.32518578
6.85323954
12.599966
8.67999172
6.1120801
1.31100976
-15.9613295
4.00535393
-0.348717451
-3.06251431
-6.15222931
14.6251831
-9.5524826
12.6442547
-0.14182508
-6.2979598
7.38500738
-6.68513203
16.4216137
2.6369803
0.539860666
2.73623753
10.0940819
-8.16940022
-7.50967789
11.5562611
0.535093307
7.63340855
-3.71747613
-8.97690296
-0.781907797
-12.4362354
3.62421203
17.2655754
-9.01797295
0.614710808
-0.665278912
4.73437214
-10.1814089
-6.14526558
6.86453533
0.172171593
3.18012667
6.86041546
11.3382635
5.70189381
-0.644805431
2.99088669
5.61458874
-13.1331015
-14.5706711
7.59899902
-10.1831589
4.95467186
3.07978249
-4.56288576
-6.67056131
-13.1735058
-4.253479
14.306448
3.55757833
-3.97808719
-0.13756609
-4.65021229
-3.17785931
0.379494667
-0.974153459
7.08701134
-10.3609715
-2.91674566
-4.94424582
1.64382732
-7.19916868
10.2593136
-11.5341225
8.3817749
1.34036899
0.171608686
-11.9815292
-4.8126049
3.22085166
9.29444885
0.428036451
-4.23035049
-1.93072653
-2.23034048
-2.62589741
-16.6937218
-1.15897107
-1.57957733
1.77347493
-8.15471077
6.1284256
-2.24612594
-6.0788393
10.6711845
-9.51711845
-6.63326693
7.21935034
3.1253705
-3.31287265
17.0443783
3.98167872
16.9888382
-10.7750874
-5.92141628
3.19919229
6.92713213
-2.96549344
6.95761871
5.09612846
2.84352064
12.2598028
-6.39326286
-0.518119574
-9.58806801
-10.7958899
3.7506671
8.08811378
-10.3638477
6.59843111
6.00521851
-1.42467713
-6.70977497
5.1846199
-3.24592543
-10.1314955
-2.73807144
-0.187425464
13.1564655
10.6459856
0.459953666
9.43239212
6.58338928
-3.39782
-0.411064625
9.79639816
16.7926216
-4.24992132
0.692378283
-0.238651395
-3.36660218
13.4929276
1.1342448
5.69385338
-3.83387566
-2.01007318
5.16981459
-5.41559601
0.858414292
7.37582684
15.7390032
2.65066075
12.4874544
-7.84175491
2.4166894
-6.9099884
1.01107645
2.55548763
-1.56197858
2.19271612
-0.889463902
-4.71437454
-9.42130852
-2.24656129
-3.90912271
4.67081022
4.55796099
1.73963988
-9.03759861
0.62053895
0.879868984
-17.3536949
-9.26465034
-0.273900986
6.91992521
-6.11858177
10.5215178
9.92228317
4.00485182
0.752527595
-4.10264444
-1.75277269
-1.20742548
8.21971035
-1.89929402
0.389340043
-11.8004494
-12.5468864
4.09565735
-7.23460293
0.276459038
11.135334
-2.3615334
1.53478026
10.4066839
7.25972271
-6.66616249
3.05163264
10.7358961
3.31248593
-8.45366192
7.60902691
0.476285756
11.3654995
3.11607409
2.58917499
10.3643398
4.90923262
5.41223812
4.99210739
1.70577574
0.233115315
-15.6908083
-0.871258974
-8.96748161
-3.64210224
-11.3255777
13.7568169
-13.1795769
-21.9257584
11.300106
-2.2059145
6.51377869
3.27017117
-12.7913256
7.08284473
5.97426414
1.43594766
-5.37490988
4.91025782
0.677741885
0.607623816
1.37021589
-3.03851509
-13.338871
10.5519209
-14.4540939
-1.4671576
5.99855328
-8.75682449
-3.5631361
-4.26414442
-1.24436045
-6.48117065
-0.40731144
-11.8129654
-2.72254562
-15.0935154
9.07256889
-0.28183949
-4.16799736
-8.33219433
0.171281457
14.8613949
-10.6331415
1.53458893
-5.88038445
5.24768972
18.2671356
3.85021019
13.4000492
-3.98036718
-8.84300423
1.52653861
3.53730178
-7.23301029
5.19499111
10.6516399
14.7766504
-2.2249465
-6.02593899
3.63236761
7.56735992
-6.61279678
-9.09702587
8.43906307
-3.62563229
-2.0020206
-2.56594872
7.75598669
-7.09929752
8.00557899
-9.24301052
0.465833426
0.74182272
-5.66141415
-1.86955214
10.42869
-9.8311348
6.3744359
-0.193370342
-3.26380062
5.5044384
9.44573021
-1.69475341
4.11676598
3.31132698
-25.6264744
-4.86040163
3.26318645
-0.126571059
0.181891084
-7.39833832
-0.146028578
-12.9587688
1.26321721
-4.75090075
6.86319923
-2.13260317
4.31975603
-3.11136603
-6.80752993
7.98488235
-0.190672874
1.06340683
9.59158039
6.24742699
-2.05908489
-8.84209347
22.1913128
6.94449806
-2.40148163
-3.95100999
-1.01027083
10.7399235
-9.25911427
-3.90091252
-4.25749063
-2.52521205
-8.69088936
2.51218247
-7.75651026
11.2741137
-4.94560146
-2.24145985
-0.633992672
21.0797844
-3.76970673
8.79328442
2.4647975
-14.2982388
-5.0620575
-3.59809256
6.2655549
-0.440491438
1.61391449
-9.75386524
10.7895689
2.34505653
1.66786361
-6.39984322
8.73916435
-5.42343903
-5.01817894
0.959619761
-11.8673716
2.99363351
5.37414312
-8.44911957
-1.213907
3.13368988
-10.2106018
-4.62185764
-2.92731476
3.58569884
5.04861069
-0.931205988
-11.4534693
-13.4147816
-13.4837084
7.94496536
-8.52194023
8.50383377
2.24109745
-5.50505686
-3.22844005
9.0638504
1.92737412
-4.79730701
-1.2529285
-16.1911926
1.69569421
9.48908424
8.19272614
2.94119644
-5.37066603
-2.37115431
2.42285752
6.46168137
6.50551319
2.34125614
6.43074274
6.44785213
-13.4258442
-6.31873035
-11.2649746
6.66815853
0.734007478
-3.04167056
-0.748130322
7.2461977
1.81394124
10.4870596
0.931848526
-5.14192963
11.9793224
8.28757286
13.5330009
-1.31275439
15.1351194
-7.38860512
-4.87415791
1.75391757
-6.25371456
2.21668983
-13.1031876
-3.82844949
6.6767354
9.71329308
2.71239448
10.9649706
4.98998022
1.75084949
-1.45055974
5.36583042
1.60905647
-10.608799
16.4307785
17.1069946
5.28019667
-5.09868193
-14.4893541
0.55235374
2.88006425
5.25880623
3.206141
-2.76607656
9.92800903
2.88023615
12.6917496
-6.45572758
8.68780041
9.97448921
-0.592308521
2.60178947
-3.09347868
-4.62677145
3.72779727
-17.2947426
-4.37400103
13.3297672
-2.5965209
-0.0739715099
5.72716904
6.66615582
3.12749958
0.843086004
6.02810764
-11.542942
5.49701929
0.424681783
-4.00763035
4.55506086
-15.6366386
-1.3379246
4.46611977
0.0703268051
-6.8765974
-0.403766155
3.57118297
3.57614541
-11.8413219
-6.69649506
10.3138847
14.691514
-5.36509275
-8.14142227
-12.6538925
2.09939766
-5.30169582
-2.21798921
2.54318428
-6.96275663
-8.40475655
3.22589064
-6.6953826
-8.89162445
1.9076705
-0.0696928501
-3.15506148
-6.89513779
-0.503067493
-7.83661842
-12.0054312
-9.53701401
1.68796325
5.67334652
9.07400131
-1.75234509
-6.46966267
3.87283397
-1.33614588
-15.10112
12.669282
-7.73929977
-16.7066784
12.4124413
6.54338121
-4.0871315
10.2125463
-0.603764057
-2.69197536
-0.960328817
-3.43661094
-8.89554882
3.3174696
-7.19760895
7.93520927
-3.33953905
-4.15306664
-0.458328485
-1.51049948
2.40490746
-3.30710793
-1.25697112
13.8917828
1.128582
5.89985085
-15.8594046
-6.53866577
-0.407872915
-4.15820885
-1.95250511
-7.2660408
-11.3171139
1.10616541
14.1599512
14.9938259
11.6299314
4.0880475
6.80960035
5.2230258
5.95514297
-3.31541753
-1.09018946
-4.47731256
12.4373798
-0.434461594
1.25483263
-3.94537067
-4.71377707
1.14562845
9.13596058
-3.60385609
1.25750232
0.884937763
4.69992256
2.97847891
0.197125673
-1.22256994
-0.548430204
17.6180687
-2.25120211
2.77051044
-0.884195805
9.45079422
1.26967859
7.30318069
-8.19735527
6.30069494
2.56418896
11.0248613
1.89653397
-1.14699757
-20.9461231
-1.68878603
-1.68911958
-0.31092608
5.58624315
3.77293777
5.51470089
2.07100153
-15.5083027
-15.4863739
-14.1015749
8.53572083
-12.0866976
11.9291925
-5.45002842
4.10390663
10.6926327
-1.82419622
6.94925261
-0.978924274
5.09830666
7.13829517
1.44033003
1.98401022
-6.29980898
14.1586466
14.3543949
-14.6307507
12.5109062
4.56419849
1.99599624
3.98796415
-9.90975761
-3.82752085
1.28682351
-8.71129227
7.06843233
-1.28545189
-7.98526478
-11.2420864
-5.13584423
-7.34397459
-17.5561867
-11.4585123
8.93679333
-2.19111085
3.09244967
5.66658306
-3.9223156
-1.64382982
5.24113274
-7.16961575
10.2678556
10.0855541
3.13720894
21.1986923
10.104888
-8.4957962
-2.43096423
-21.5932465
-5.12845612
-0.724774241
9.05480289
6.13652229
-3.41866255
-10.8890743
-19.0776825
3.76782036
20.5811462
-0.093585372
18.4195786
0.959323168
-6.45024586
2.2467103
-4.76265717
2.80838609
4.21042204
-2.16407657
21.6840076
1.14091015
-5.99685144
-15.487854
-1.2630918
-4.914258
-7.45198345
5.49449348
-8.23504162
5.92367172
-1.9472909
-7.20210552
11.9574671
1.21502829
-7.61448717
0.744227886
-9.68457222
0.894210815
1.9267627
21.2478771
8.16280937
7.44558287
6.84554005
-13.9365788
3.89939594
7.19639635
1.07100379
4.85996723
-5.1065836
-0.494104624
-1.96104908
-15.462822
3.89304924
-3.29683256
7.60784245
0.0391583443
0.132438302
7.59527063
-4.51185846
2.6397438
10.3980341
5.66373014
8.25771046
-0.201273918
12.9944515
-0.91040349
-1.2009145
-0.272975922
-0.834400654
-13.7441835
3.10149026
6.76686621
5.98546267
-1.80350697
6.47293234
7.19309378
-1.72369385
9.43235779
-1.72852683
1.9963696
-3.72006464
-1.74303043
-3.0826745
1.07644701
-10.0907288
2.82495618
6.0825839
-2.55798435
2.61327457
-10.4985771
-5.56777573
-12.7424011
-0.526659369
6.3424964
10.8261423
-11.2769585
-1.12483132
4.80576563
-1.4724462
6.01658297
0.98611331
-2.21072865
-0.0606341362
6.92739868
6.27441883
2.90600562
-13.8121805
-6.71312761
-0.359428376
17.7529602
-7.28727341
1.14223838
2.8632133
-1.38790309
6.41577625
4.18136501
5.88220787
8.65710926
-4.30441284
10.7421083
-0.127536893
5.28427982
-4.88043022
-3.59033227
1.57594872
0.287260413
13.220068
-2.02955461
9.20828724
7.16080236
-3.85259676
-2.69699073
5.07099724
-10.0545101
4.96789646
3.0522542
-1.74233103
5.39177322
-4.50904465
-4.18260002
-4.89118338
1.57784736
-14.1310349
5.2810688
5.94658947
-12.0252438
-0.30851531
2.21301365
-4.52756977
-3.85590363
4.51108646
-5.90776587
1.57163811
6.82766867
8.50581837
-9.09137726
12.0619221
3.81768489
1.63378847
-5.02732182
-4.42127895
4.99870157
6.57283783
1.09754312
11.4856853
4.26440239
4.48385859
-0.802585483
16.927496
8.25285339
10.3300066
5.36442423
8.38179684
1.88523722
-2.22440863
8.00158787
16.0404091
1.10188627
-7.85543013
-5.7547493
2.6253159
1.78415763
-2.09903526
-1.40579891
2.26036048
-2.55308199
7.75369167
6.98994923
10.0518341
7.44698143
-6.06566334
4.95263958
-4.69518328
-1.71601868
3.3295269
-8.06817341
-5.62018919
7.26132154
-1.45245969
10.3904819
0.48969245
6.17282915
-2.92696762
-3.72786403
-3.72779107
-10.8754807
3.09346294
14.0090218
8.31772995
-12.1750669
-0.400795817
3.11630535
0.988785982
-11.7875385
-10.5315208
-0.793734074
-7.1440506
-13.8102055
-9.20753479
15.3507528
6.38265705
-10.5468712
-0.189770937
-8.42169857
-13.9513168
-3.58342075
1.9809761
1.19745696
14.2161903
10.0106955
9.38327312
12.8698883
5.08570671
-4.25157738
7.92726564
-4.03638077
6.01048231
18.3313332
1.94983625
5.79510021
-0.303082228
-0.958424568
1.68223095
-5.48649073
-11.9063492
-3.69337559
-3.41378546
-7.36568689
11.4956865
-12.7453861
1.31476235
2.15373659
-4.73150969
-3.86608648
2.24869728
4.22470474
-0.456233859
-8.30206299
12.1985569
-4.17211246
-5.29575825
-4.37406969
24.6452141
0.261415243
5.90030861
2.90821099
-7.23702812
0.314290762
-8.07450676
-6.94988012
1.01696706
-17.6523666
10.7274637
-0.0498577505
0.153183043
-9.19617176
1.66729498
-16.0471268
-6.38096428
4.74507904
6.70386887
7.34459162
1.4265759
-3.89265251
-4.07178974
16.1925964
-4.18629551
0.246333361
-9.58119488
-4.54513264
-0.180006146
-3.70024347
6.98722315
-5.10631275
3.83661842
-6.31242037
7.75130463
-10.7214451
2.37162733
7.88457155
-0.349533439
-2.56323767
2.39908981
10.5777111
-5.87166405
3.52506614
0.331064314
8.18225574
-12.7874413
10.0706587
6.31357002
-5.19975567
2.42311406
-11.2350769
1.97376966
-13.7522221
5.99277925
7.12654638
-10.9911394
12.3041782
-6.50648308
6.12853241
0.137524366
1.66961718
20.2121143
-1.42534363
-1.83656812
-6.35771942
-5.40777969
-4.70579672
8.43567848
9.61862183
-6.4047761
4.97426558
-0.488687277
6.40016365
5.72142982
-3.4861877
3.19853354
-0.786630332
-6.06617212
-7.24456453
-8.90706825
-6.125844
9.53730011
-5.53383541
-1.83608031
7.33245802
-8.364398
8.63163185
-3.45312953
-4.67514133
-11.0092306
3.16499424
5.65166616
-1.47836423
0.166471004
5.60766268
-2.20576763
14.589921
-9.87961864
-7.87905216
-3.58440733
-1.85036826
-0.319662333
10.1104069
-7.9769268
-17.8347187
9.38399506
6.43137264
-8.5515728
-8.13857651
-1.80234194
-6.16209602
-10.9015455
13.4610357
4.55894232
14.5092735
5.31802559
-18.3635349
-4.46875381
22.3566933
9.31942272
0.070545435
-8.28802967
6.80451965
6.2140255
-8.99087048
-3.49619246
7.01478338
4.04946041
1.8651607
4.76778841
3.24083424
3.68773389
6.48243666
2.06169462
-1.04100406
-7.91090441
14.8109455
0.919367552
18.5617981
-1.3119452
-2.04647994
13.5616531
1.36223602
9.92777252
0.958218575
-0.165272236
6.25520611
-13.1031084
6.42374706
-14.1732464
0.36285162
6.72572041
-3.19790959
-2.36690664
10.3636742
-9.21699905
0.236004591
-7.9359045
-0.496895492
5.09795618
3.93569398
6.3396349
8.51061916
-8.46335888
-2.35828042
2.72858143
9.63484287
-5.94209003
-4.38856268
-11.9727688
-11.1603584
-4.70500565
7.12692356
20.4212532
0.0308635235
2.98170853
-5.3667264
-3.71323442
-4.59107828
5.66086864
2.46717095
-13.8822746
-0.101404667
6.50651407
-1.26046383
4.03586006
-7.72331047
6.852705
-1.69466114
-12.1606607
17.0377331
-3.9313972
13.2284937
-2.03135729
12.4353046
-2.96897697
14.5283947
0.841427803
-0.184723973
0.747449279
7.41253185
13.1270628
2.07622552
3.46736717
-1.43096149
-3.86245942
1.85918295
-9.93858337
10.2966557
7.72442245
-0.345009089
-1.50976276
-7.37413406
-17.7148285
-11.0960245
3.26446748
2.19209027
-9.25899124
-12.1198902
-15.3627396
-14.9001579
-2.59210539
2.67438769
-2.74757099
-1.81178808
0.626012087
1.76884484
0.173789501
-0.903756618
-1.37496853
16.0565834
-2.77599573
-9.04315662
1.12605357
6.6056819
1.10787833
6.56134033
7.19902849
-2.24540949
2.98621392
2.30446434
-1.76025772
-1.55877781
-7.24416637
2.5257616
-0.577033997
1.43085003
8.6598568
-11.4317007
-2.41994977
5.36543417
0.494338274
2.57805395
7.39710283
9.40769863
-7.72037601
1.07755351
13.5470676
-2.85917997
-6.79936457
6.17847252
-8.77155781
5.77980042
11.7830658
-0.275910288
0.571434498
5.28927326
-7.36451817
9.71515465
2.47146583
-0.655687809
5.05193377
4.39344978
9.90716267
-7.7545681
20.5720291
7.35557461
-3.83809686
-11.3409748
2.39927769
1.36693645
-7.95761538
-3.39852333
3.20255446
-2.49348879
0.0719013214
-4.83635759
-2.07958221
3.60804343
18.4697285
5.00132227
12.9348831
8.85064507
2.00834751
-5.23084068
-14.1480141
-0.441035986
9.79554939
-16.5504036
-3.9501524
6.35619545
6.7520113
-1.67200327
-2.27020931
-11.1139765
6.20526838
-5.4977932
8.35084152
-1.68214512
8.57168102
2.72475338
-2.87415671
14.3152122
-10.7512884
-2.88049841
9.0968895
0.935927451
4.59302998
6.29609823
-10.7762947
-4.79760456
-5.17335129
-7.1776576
7.16249943
-6.88585186
-13.0722332
-11.2299519
2.05179572
-11.1311283
-4.16255856
-1.21163046
0.935228527
3.58570337
2.22102928
6.95502996
-3.59725523
-11.5751419
8.35984039
0.724920988
9.73369598
3.35160494
-8.10716248
-3.29488945
2.16808128
11.452548
-6.66887236
10.7844067
5.32764339
-2.66036344
8.39990425
1.73474836
-4.33975887
8.95319366
6.37509298
1.80254626
2.30902791
-8.31456947
-4.16522074
-11.5716991
-5.95556831
8.23684025
-0.691498876
11.4741993
2.43282986
2.28316927
18.555706
-0.158993959
-1.71250641
5.43668365
1.86684513
-2.40647197
-7.30394077
-7.681252
-0.0866453648
-12.8477201
-3.42843485
-4.27507544
-7.36423874
4.67394686
9.92417812
-3.98383451
-2.26790357
11.0916958
3.44751978
-1.36139011
-3.7229147
-8.80813217
-1.65261245
-3.16156435
10.3291731
2.09521246
3.27827883
-2.92899036
-3.25338817
-4.74987173
1.66996336
14.1324596
10.4212475
-7.45790005
-1.19744992
9.29104805
-19.1331558
0.488706648
0.0750924349
-1.73345661
-5.25298882
-6.04185009
8.16736031
0.458060741
-13.7464333
3.36932278
-8.16756153
-1.69819689
-0.94953084
2.76859188
-9.69863701
-10.962471
4.07446003
-1.12140465
6.89348316
2.33938837
-7.46186209
-10.4025583
-11.1757412
3.43783379
-12.4088402
6.22041845
-5.87071705
-1.95215082
-3.48190999
6.66062975
0.40775013
-11.3790588
5.0440135
-3.54616618
3.34034944
-6.8835144
-1.47939551
0.739672899
-3.98232126
-4.90454769
3.92057395
-6.52431536
4.44101143
5.11543655
-11.8829517
0.624679565
-3.06684327
3.12222719
7.3755374
0.175269604
2.99616861
7.21967888
-1.79342389
-4.13024616
-3.04277611
-4.25128508
4.63920689
-7.83944035
-7.9054575
-2.86557674
-3.07790995
12.5986786
1.1916883
-5.58223534
-5.69992828
-7.59085083
-6.51090479
3.57633233
-9.61942196
-16.0669231
0.563991547
-8.1812973
3.16728044
12.0706015
-12.0701847
-0.0982019901
4.94141674
7.85234547
3.1153028
-6.2090559
17.698103
-9.63566399
-5.78115034
-5.3564949
-2.10920095
4.0080781
-0.121562719
9.63446045
5.38877583
6.57213497
-0.987514734
-6.24410152
-4.46403456
-13.2665939
10.9027061
4.27004766
-9.12645912
4.40567017
10.2647238
9.40463448
5.19471073
-16.2130871
8.61372662
-4.22391462
6.26635933
3.36486578
4.21721506
-0.524823606
-9.43850899
0.766543686
-6.83588791
-7.01876163
5.71539879
-7.24510336
6.9401474
9.3342247
-1.73263562
-0.801512599
-7.29960155
-9.66696739
6.4962821
7.57604694
-8.41043377
9.88013268
9.09578228
1.30049753
-6.08812141
-10.2505779
-3.29671693
0.4053303
-3.26926327
5.00720263
11.9752226
10.285656
4.1212697
-5.62309742
-12.214467
-4.14574242
1.76047492
3.80126262
0.779819608
5.56869221
0.140960217
3.3735013
0.202129364
-16.4360676
3.61545753
3.3924458
1.0780704
-2.86058903
-1.66940618
-6.28762627
0.526693881
-2.15901613
1.20924139
8.56795025
6.58428383
-10.688077
-8.21693611
-3.3398726
-4.02083778
3.22058177
10.139679
-10.703371
3.7694881
0.365486622
-2.96053219
4.34987926
-0.47181201
-2.18709421
-4.64414597
-3.40461826
-16.5911522
-8.7596426
-6.79170084
12.7723341
9.42898941
-7.15684652
9.59265327
-4.18067551
-9.79700089
-10.1309614
14.5998383
-13.7352276
8.7729063
-9.53699207
-0.879021645
-4.03090858
21.2191906
3.33667183
3.60438824
8.59216881
10.8320436
5.00077581
-8.17010307
-3.57860589
3.98693609
0.0732226372
-13.0650835
-15.3755064
-2.4745369
-0.155490398
3.75530648
-0.734782934
-7.74999428
-6.02652359
21.8656979
2.48033214
5.19013691
8.89355278
14.0228901
3.75977826
-15.3418503
6.39683247
5.22949982
1.5248971
-2.29082227
-5.7138114
11.0584097
2.69635534
-4.17221928
4.30842781
-1.96246386
-0.471704543
2.89162016
-1.50720656
2.24092913
12.3295307
3.137254
-4.15113688
-7.31678629
2.56149459
7.53875113
-0.73612833
-2.54747438
-3.38616586
0.658053041
-7.52457047
-6.57329988
-7.76445198
3.72583294
1.22504997
4.06578827
-9.37227345
-4.0203824
5.0469017
7.53595352
2.35157752
-1.51534033
11.0045729
12.1116314
-8.75104523
3.88062191
2.88444281
5.32413673
-3.79038382
15.5030899
-12.2057953
5.42472124
-9.08903503
11.0001183
-5.55569839
1.2745223
-5.69857693
6.80982161
3.70279932
14.068737
1.45883298
17.1233063
9.78246689
10.2587662
-1.14690399
18.0032234
5.47317219
3.40206599
0.1848104
7.27544737
-9.92924404
8.5089016
7.8449688
15.0849123
-1.24110663
11.852746
8.93280888
9.10573196
-2.56376147
5.74001551
-10.4388494
-0.419134736
-4.31454659
-12.3724384
7.05097055
-3.5581193
-2.76645064
0.0663909316
-2.56819367
1.35852206
-5.13893986
3.90150642
-1.94231451
11.3834076
1.57080662
9.35594463
5.42935848
2.31184149
2.11713886
14.397646
8.42156696
4.41632986
2.06766176
16.1903477
6.06051922
-7.33365154
3.16552806
5.70947742
7.4177351
8.20931721
5.90568876
6.917943
-1.47106898
6.72144032
-5.77381134
-7.28085423
2.10376978
5.81932259
2.18136835
2.76321101
-0.333503038
21.7673454
-1.71208906
-2.69681382
3.16005993
12.2949572
3.24404883
-0.799947977
-6.50111103
14.1782074
6.35434723
3.05281687
-3.74912071
11.6355562
3.74402857
-14.2928362
9.50341034
-6.23655844
-1.62982821
8.26923084
-0.919661999
-4.06410074
-12.9273691
-13.9266891
-6.49842119
4.21204853
-4.50191975
5.85448742
-3.50071478
1.46616411
7.71844387
6.42405128
3.31977606
3.66563845
-4.90305662
-3.99913788
-3.97742653
-4.49714136
1.27371359
-6.73692465
-11.4745626
12.7991972
-4.40991831
6.98722029
-12.2560911
-0.1009655
-8.06131744
9.52717304
-0.40329814
10.1791496
0.498865128
2.30479264
-1.42259026
-9.4402895
-7.46115446
-11.551302
-3.40812111
-1.62831676
5.2768712
12.302207
2.75854397
9.89896774
5.35022354
0.641683817
-5.80315876
-3.72488093
4.97860718
0.134425551
-1.00281918
8.18101311
-1.1806221
-7.32197905
-16.3405666
-8.08752632
-7.54625988
11.7720108
4.05344248
-5.46848202
3.26425052
7.43496323
-5.33276415
-8.47527313
-4.19978046
7.41989326
6.63204193
-1.19321203
4.49365044
9.14859772
16.6875324
10.5190277
-10.6148205
-1.10387361
4.3184166
5.97520828
-1.40320706
8.79310894
-15.5058336
10.0029507
2.76289129
-7.36663866
-1.82543397
-3.94273472
14.9258194
-5.66092825
-5.73574543
-8.90013409
2.81575894
-12.2424374
-4.06196594
-6.03763533
8.91051674
-3.18683147
-7.95580435
-6.67224789
-8.59745598
11.4795551
-5.39523411
-5.46596813
-0.198204517
2.65793133
11.1298351
-2.38267803
7.22972155
-16.7820415
5.97033215
1.65339136
-17.5492344
0.604701638
-9.55817699
13.4926023
-4.6770072
-9.25253105
-4.47472715
-9.71957493
14.5374537
1.94035816
-9.85499763
9.50630283
-19.7263222
-12.5312843
-3.7427268
3.78247786
-7.06948471
5.10172176
0.938747883
-11.9464645
-8.02440166
4.64541721
0.51714325
-10.7873669
1.30974174
-10.1115265
-9.88803196
0.100430012
-3.1838696
-2.2498672
-6.53404808
2.81406569
-8.51089287
-9.54209328
2.98955083
2.53351474
12.2441769
-1.31880999
-13.1893272
3.20823574
-9.35729218
-6.28194714
1.13981044
-1.27836382
1.44318032
-3.2986474
6.49951458
10.9877739
-8.71932983
0.260016561
0.231122017
-5.68845558
-3.2122221
-4.99019766
-1.89933634
2.28796721
4.39383364
1.6944412
-0.860131204
-0.354153097
14.6841879
0.561500311
-9.94192505
4.60310936
-13.6897583
11.1995239
7.73800945
-2.0615015
-4.86956978
5.74656963
-3.48011708
-11.9582796
5.44585037
0.542045593
-12.1699581
-13.4598389
2.95723295
-8.10450172
6.50165606
6.28414822
-11.9902897
10.7407646
6.95157433
-0.167539448
-5.26326895
1.75695515
-4.05502605
6.33229399
-8.74742126
-8.35776997
-9.555336
-7.54206419
-6.26531839
-15.7365217
-2.44120216
-2.61462784
1.02537608
2.38570166
-13.6974335
6.37426376
2.83030391
-2.2191658
-8.78837109
-0.590868592
7.1837635
3.0537498
8.71750832
0.726406693
-6.39926243
-1.45279706
-1.6654073
23.15905
-16.1577702
-2.77368712
-8.0590229
4.27914762
-0.963015795
11.3633184
2.23402643
-3.73382807
-0.714632034
-1.69175148
11.615387
-4.07079458
-2.47604513
-6.29067898
11.7349777
0.180871487
-9.68793201
7.55939293
20.066864
10.998188
4.04064751
5.81059122
-1.63421667
5.99325228
-13.0614462
9.67162704
-5.58865738
6.59569645
3.51949358
0.266104221
-4.9318428
3.77649546
-0.842339754
5.24112463
-5.66252136
-13.31217
4.98023081
7.54389477
0.176162958
-8.539464
-3.41557193
7.55359125
-1.32355773
-0.078748703
-11.668045
9.75397968
11.634407
-1.44021809
-9.80180359
9.4091053
2.5938797
-6.90037584
5.10956907
3.26311707
7.36102438
7.02934647
-9.8882618
2.84097528
-3.99784923
-13.0649033
8.24460125
-0.648046255
-3.65866017
-0.448874474
7.71640205
-2.60186434
10.1311111
1.18226671
-2.4226284
5.77000427
-11.0665693
-10.7918739
4.25985241
-0.636709571
-5.33489037
-1.45695591
-6.16441822
-0.90143609
-10.5321903
8.13673973
-8.84233761
-11.2045937
8.42823315
7.49166918
8.85648918
-9.22067547
1.162045
15.1458664
-16.6298409
-8.4779768
-14.6534576
-2.47829533
-9.03378201
-2.99194574
-1.63000846
-6.7340374
-5.66660166
-0.0373339653
-7.39382267
-0.199039817
-6.04537868
4.83186913
0.240098476
1.41240239
-1.81407857
5.63268614
-5.76718187
-0.38961935
5.28261995
-19.1081085
7.37252903
-6.97738743
3.95093727
-0.933225155
2.10543108
-1.64318681
-11.2058353
-15.1013947
1.42251217
0.514473438
-3.32053971
1.96574998
-4.99863148
-2.10803533
-8.90269089
13.0974922
-3.43037391
-4.57731581
12.2340784
-4.30832815
-16.0028095
2.64414716
-2.63089514
0.539360762
8.24202919
8.5077734
2.33812046
-3.91390038
7.10855627
5.72325087
-12.300581
14.5364523
-1.12307739
-0.888712525
6.33746576
-11.5415535
2.69091654
0.416229606
2.4269681
2.15254521
-5.32277966
7.1154604
-11.7763948
-5.20674801
6.09932327
-18.9129009
-2.74746346
3.78139138
-6.87689734
-8.52753544
-5.11900902
1.64485645
5.16987038
-6.51935101
-13.6757431
6.56145954
5.94439554
1.20287681
1.3239975
10.0328598
3.94944811
-5.21041107
6.06942558
-4.40942478
-8.17998791
-8.97057629
-6.19694376
-5.63552713
9.87635708
-2.33334661
1.72853208
9.50655651
5.32298279
4.45522118
1.5359931
-3.74216199
7.57736874
3.61176348
-15.9171324
0.295687556
-5.81967354
1.72297716
-14.0380659
16.0629463
3.73153925
13.3230057
-11.8744011
6.16739845
-0.0362027287
-0.975953579
1.5508914
5.72710466
0.749379635
-6.45457077
-6.42503834
-9.58088112
-1.48945999
12.46
-3.67211008
6.21477938
4.2003231
11.9679775
8.06514072
3.17911959
-7.7219882
6.51151466
10.404026
-1.08194852
6.4802866
3.58768606
-8.15235519
13.710187
13.8233299
-1.40931058
-10.6280622
-11.7504253
11.9528046
-12.4772482
-12.5145702
-2.8884387
-5.63727188
-9.09749985
-7.23426199
2.16445422
-8.83427238
6.33839321
6.46577644
11.6087475
5.57370806
17.014019
8.73572254
6.77011442
4.59031725
-2.89708757
-2.34028006
-4.98601675
4.85823631
-5.95020151
-6.3876915
-5.83091831
-2.80311942
-3.13935518
-7.44147301
0.208508193
1.53168201
-9.01982307
-7.01085758
10.5019016
3.44096422
0.178557098
-0.0942238569
1.50302434
-7.86089611
-0.478213787
-12.6625395
5.48172474
17.2875156
-6.79449177
-5.70531178
2.32130218
0.362326384
0.632385731
1.4984355
-5.12223148
1.46407294
11.8467188
-1.54836297
6.90153694
7.87208748
-5.48584652
5.69022799
-3.04018211
8.62061405
-0.648081303
3.51719332
5.92874241
4.69955444
-11.3656912
-6.38736343
1.97805059
4.62190914
-15.3333702
14.9244089
0.164882898
-2.14141583
-3.86965418
14.0895424
3.26035714
3.3971107
0.980435371
6.54031277
-4.71041203
9.91683197
-10.7883043
-4.41122246
-4.17857218
-9.07015991
-0.66882062
7.00831032
5.08898258
10.4846001
9.90105057
-2.80990863
-5.26974821
-5.08488655
2.2309382
-8.2109766
3.20331001
7.89225006
-8.02808952
-11.9419241
5.69015503
3.87069225
-14.6853619
-3.8178668
16.0297852
-8.24779034
-8.60212803
-9.0559082
-6.77619553
-6.94209528
6.6444211
-3.59370637
1.24206734
-10.5573359
22.5258064
-5.55433941
10.170023
6.24888325
-6.12522364
-14.1909084
1.55960381
1.37680602
-3.31606722
9.15263748
2.54062366
13.7021418
-8.55979252
-1.21467042
-15.6723146
-6.08779144
10.4753056
5.29660225
12.221796
-0.561168075
-18.795229
1.76213491
-2.57573056
11.0609512
-2.26765156
-4.39873886
-0.215675116
12.9495277
-6.80494642
7.59079361
-5.37881088
-7.52671099
-6.20095825
7.8652153
-0.10737288
-3.86356258
-3.05813217
6.70114279
0.838284135
12.3589478
8.93312645
-16.8753223
-2.63775778
1.88925028
7.07217026
-15.7869148
5.0327692
-3.74720097
6.30202436
-1.37993956
0.635732651
-7.84229851
-1.78485346
9.462677
2.75338459
8.74779034
-8.38495064
0.863276124
-9.62438393
0.684735954
-3.08370543
-10.2772369
-11.9617767
-9.08750916
5.24816704
11.477953
3.05793238
6.90442753
-4.79190159
7.26355934
-7.18861485
13.344099
11.8524847
-4.51213026
5.30321264
9.27556515
24.6651382
-7.10837555
-8.91330528
-3.92362356
-15.5689163
-5.59142494
7.55147123
4.06962538
9.18063545
4.00185204
21.0272331
19.9488907
-0.444531918
-14.0975952
-10.7340603
-6.66948462
2.09422994
-1.96298575
-8.39789009
-8.9685421
5.28004313
-5.39694452
-0.0869836807
2.44556165
-11.3843822
-0.416155875
3.04369545
-13.059288
2.87874365
8.77946186
2.39026284
6.3972559
-8.68311787
-8.12049675
3.03280044
1.84921861
-13.9925814
-8.71614838
3.22969747
-1.41164923
-4.53163052
-7.82816696
-5.88153219
-3.10164857
4.01226616
-6.60143661
-3.29173946
0.607993126
1.64692068
-3.31454182
10.5603113
-2.70007968
-2.05017757
-4.33512545
-2.43964744
1.12548399
-1.95648193
3.78863478
1.5520978
-14.2390089
2.73183799
0.687968016
0.992720842
-0.27369684
2.17953658
-3.24684191
-20.4235764
0.613280058
5.41181946
2.13946939
7.48274565
11.258502
-5.04201317
10.5842342
4.17064333
1.19540954
17.3499622
-3.80504322
2.15766048
8.21792507
-12.9869051
-10.1428795
0.278187215
3.87138796
3.53225923
-1.58288527
3.87149
-1.42822981
15.0060596
6.25297689
1.63784266
6.03442669
0.260159969
3.80145407
0.946025133
-6.04427147
6.67235088
2.93532872
-7.60813332
-5.62577581
3.64822721
0.863451719
-2.50367355
-0.499021411
-16.8775768
-10.2589102
5.76002502
19.7501678
6.92198467
-4.35565186
-2.31630778
-6.86569786
-1.1958915
11.0503693
4.42554951
10.9066401
14.6245556
-13.1543007
5.20151901
-14.230114
2.73527026
0.710401475
2.4713769
-0.615514517
2.42551374
-0.373082876
15.2122726
3.94398475
-7.09882832
-7.25902271
-2.34324121
-5.60991383
-4.68273306
3.19093752
-0.290187836
13.8221931
2.66142058
-4.42189598
-3.10068655
-9.45455551
-2.39720249
5.59475899
1.6960423
0.881892204
6.45030689
2.30282259
-1.37290335
6.1831522
4.50157881
4.8126812
1.30334902
-5.25766087
16.4439335
1.31566548
0.431307554
1.7381916
-2.01305628
-11.7166023
-12.4468832
-5.84084368
6.92288017
8.35690403
7.26143456
-2.19411325
-5.08082438
7.15414476
-8.81499672
-1.97601581
9.45142269
10.1564121
-7.15400457
-2.00831747
-8.09706783
8.58802986
-11.6193113
-6.66099501
-5.86718273
1.85850406
-3.81188107
17.2132034
6.19746494
-7.11931419
-1.38395929
4.18554401
-4.16139936
1.2614789
5.44664383
12.2296658
-5.30612659
3.9849782
3.82657933
2.89501524
-0.523664951
-12.3714409
-5.43431664
12.3570461
-4.26613998
2.80181003
7.40915489
11.4823494
7.41584349
-4.66458654
-2.5757215
-16.2911587
-4.00695324
5.79812479
8.02617073
-9.67078495
-13.0056667
1.88863945
11.7393742
9.40652466
1.88613605
3.95373106
-4.50699663
-2.21983123
1.05366528
9.07755947
2.32423854
4.11406851
-6.02334213
-10.8318253
9.54843235
-3.32839823
6.8881402
2.06421208
-8.3725214
-11.4104929
-7.51540375
-11.0260487
-12.4828882
2.91626406
-4.25157642
7.53034306
6.46182823
5.94013119
5.48965788
4.65131283
-0.712752581
2.45601177
4.37061501
-7.70316696
-3.47809005
-1.90011787
-4.91407776
-8.53727627
-2.88303304
-0.154950976
-3.41826367
-13.3838167
9.52568436
1.34106457
-2.29874659
-2.41329956
-4.53818178
-7.17628002
-2.46547914
-0.566260219
0.420463383
12.1911545
-8.15694809
-7.52365398
-12.6130066
-1.37755132
3.57779551
11.37714
18.0095997
-12.568099
-1.81959546
9.07003498
8.66836643
7.1047678
-11.8283405
1.47065306
-7.79118967
-7.37324286
9.33278656
-4.46459579
2.70280528
10.8044481
-3.59309411
-0.13253887
-6.39485455
6.94033813
-9.66388988
-9.30758381
4.1547184
4.34677219
3.76260328
-9.13892746
2.95387435
-4.75169039
-2.37552881
5.04836464
-8.88316345
2.48913598
7.19203043
14.2005835
-0.471745014
-2.04246044
2.28101778
-1.53094482
-4.61586332
-4.82002354
-3.49909735
-7.08255053
11.6620817
-3.24991775
-5.04400539
6.02433681
16.1327972
7.03336334
9.09058952
7.25547504
4.83595943
-12.1991186
9.84318447
-12.1614666
-6.15903091
-0.181312203
-3.50411963
8.2311058
15.6097555
-2.9761939
13.0611382
-11.2553644
12.3052673
4.43161869
5.35124111
-5.00380325
-22.4221935
-16.0583858
5.76700592
2.41013575
0.838916242
3.43070579
-3.38508177
9.45280647
-1.20990992
9.33408165
2.44142365
11.6126175
9.92304993
-4.63382244
-9.01952553
-6.47852612
-3.09976053
1.28457868
5.86655807
6.82257795
-5.79450178
1.47315788
9.27545452
3.66430545
-0.607167482
1.98934817
6.89871407
-6.40387154
11.8184128
-0.00127577782
2.36107707
2.01117682
0.285192609
-0.418681204
-1.35999823
-0.127847195
-13.9026833
6.81428623
-0.00706532598
2.39222097
7.11017895
-1.55814219
4.99129868
-11.7842178
-4.29000521
0.805096984
15.2964258
9.35716629
1.32738125
-7.08950567
-8.54291058
0.801821768
2.35802436
5.82642174
-9.65679836
6.52046108
-4.3466506
5.91314125
-8.46184635
-2.28758287
3.80554724
-7.46926308
1.11107957
0.176211834
-1.07047975
-3.15335226
3.4925046
-2.03289104
-3.33157992
2.96773934
3.05973482
3.74183679
-4.02181196
-2.99560142
0.0820324421
5.62483788
-2.33278656
-1.63988566
1.19779134
9.40762901
9.37419319
10.0431061
-0.891233921
-12.8225927
5.14153433
-5.92055035
-7.85228252
0.410946608
1.09026003
7.63078308
6.70475483
3.5120163
3.36916828
8.53332424
-3.63159513
12.4705658
6.39607573
8.18187141
5.26408625
-1.00180912
26.9405823
9.55614662
-0.705337286
9.74410057
-7.40811443
4.11856937
4.43464804
1.14059401
2.37566185
-5.69574738
5.19327068
7.48417473
2.89587498
-2.09050894
-1.08112621
1.45208001
-5.79089451
-0.314374685
-2.81313562
7.46845722
5.73460579
-1.58899558
12.6251631
6.52614546
-4.23267555
-6.94110489
6.54574203
10.7331982
-6.23889446
-10.3441982
0.518957973
-8.52130318
-5.51170111
9.34609604
-3.71555328
4.60301781
-3.49381828
-7.12214279
-25.8232899
-5.24499607
-10.4308538
-9.01129913
-18.5857887
-16.3801136
14.5482683
0.235748291
3.72381067
5.14613438
-6.75837088
11.8718462
-9.99314213
-0.895890236
-7.15919876
3.18412781
9.83286381
-4.21042013
-0.714447618
-9.25450897
2.98273635
-4.6406641
-7.43008804
4.19364929
1.57428646
-7.41025782
-1.1271739
-8.82173538
0.811730266
-4.29997253
7.08008194
3.15104747
-2.45516658
5.42143059
6.20305824
5.27984571
-4.31911182
-5.85874414
3.98837686
0.473518491
-0.045583725
-7.2098341
-7.12831593
8.29337215
-4.97540426
-1.29435349
11.5927219
-16.1599007
4.76045465
9.99189568
-3.28612089
-6.02275276
3.43697596
-11.5975351
10.3327341
6.63751316
-13.2238417
-7.03538752
-9.49361706
7.42601681
0.800337791
13.3008022
0.546245098
-0.0703101158
0.863803864
15.0563822
7.32331991
-6.92087412
-7.6069479
-8.45078945
9.99086571
3.29744101
6.14571047
10.899992
2.93332529
11.4874544
2.1121583
-4.82278919
1.65118814
6.8558774
2.04584217
-0.270851731
11.0710411
1.37884545
7.80083847
9.42159653
-10.7416258
19.3716488
-1.32257879
-0.771589279
0.627910256
9.83341217
7.4647398
-0.632062316
-10.1999989
-3.83554792
-5.90375042
-3.02961826
12.374836
10.5789642
5.70672703
6.94443035
7.24491787
3.8545208
0.476729989
-2.63406897
-6.54139805
2.45154142
13.3077936
21.6922112
0.105467319
-11.2138538
4.52632618
0.0760335922
1.5335815
14.6965475
0.959331512
-9.39401436
11.3188801
-13.602869
6.60978508
-1.34064078
-5.12023926
-0.889826655
-8.51281929
6.06061983
-0.5005126
18.1419601
-5.91176319
-7.84052658
-4.58021832
3.73322487
7.50732088
9.99824905
-7.26398039
5.02796936
2.14102697
-12.6843262
-10.874362
-11.2350731
-0.762926161
-1.83015609
3.92696857
-2.22032166
1.32574034
2.27714324
3.51071239
-3.19857717
8.27248669
7.2860899
7.28743553
1.70056534
7.1889534
-6.76141548
1.77880478
-3.27235222
0.800496876
4.14205408
3.95848584
-2.06559753
-0.668239951
7.18646002
-4.98509789
-1.0290091
-3.79497051
0.278627634
-15.1192627
15.6995707
12.9930248
5.14017725
-2.61386752
-7.39539719
3.80662942
3.86914444
1.81750917
5.23464298
7.68502998
5.83630562
-1.09827256
0.169375658
-7.96330929
-5.42675829
3.27613974
12.7803421
-2.27121639
2.22650743
-20.7971897
-8.93634701
-10.5203962
7.33485603
-7.84885025
4.94992352
-6.6270256
9.92521667
-11.5239668
-0.40044713
18.4592876
-11.7313633
5.31815147
-3.4701438
1.4126296
-6.10305405
-15.0048742
3.21880698
-9.01127148
-10.7861614
-0.0980505943
14.4303703
-8.73070335
15.1085682
-12.172226
-0.244841456
3.3053298
12.3836632
-7.40816736
0.67508918
-5.12735558
-15.8173304
-11.7952843
-2.45952058
-7.66919518
3.20163703
-3.67851472
7.28484774
14.2138062
1.25953007
2.50058866
-6.58747482
0.0111026764
7.31188965
-0.523863316
1.73783576
7.55092049
-2.54277563
5.2554121
0.37601161
-7.87914467
3.32899618
-14.4505119
-0.476553321
-5.13339186
-0.311921597
-4.98823166
5.42115545
11.6776409
5.12770367
-11.303298
1.62485421
-5.1979332
-3.06747627
-0.888848841
-5.80754471
-11.8090601
-2.95027018
-6.92847347
5.64354467
-4.0887866
5.3927846
17.8382034
8.53022575
-8.322752
-5.65678024
4.32398796
4.52607584
13.353178
-9.4207058
-7.26119995
-5.02557325
5.79084873
7.74808788
-5.88517666
0.2624259
5.20140266
0.111885071
-4.71889114
2.98987675
2.33652663
-15.9856262
-4.48190784
-7.76926613
-3.10990739
-10.1952038
-7.49646568
-11.3526554
-0.125009775
7.0119338
-6.50337172
-1.9974997
1.35847175
9.37363243
7.97554207
8.33480072
14.3258905
-6.35472441
-17.9958134
10.8590174
-7.47478199
6.49864292
7.24286747
14.6948566
4.5655489
10.1816864
-1.14431596
2.94476366
4.49516201
-10.9186878
5.0710659
-3.05271769
-3.99214029
-2.75523663
0.496925831
9.82245541
6.06979752
7.24917412
0.31839186
-0.813636243
-11.7466717
-6.43135738
-7.64561558
11.7285862
-1.40844369
-3.93690157
-9.43494892
3.59257174
-9.43300915
10.1911688
-10.215456
-1.94339395
6.01774645
10.5692768
2.39888883
3.06228542
3.98215914
5.46127701
-6.54806042
-7.51652861
-8.08706284
-2.24288321
0.387272
16.1590538
-11.7217999
2.80635071
6.13293934
6.97733784
-9.67632008
3.51312375
-10.0438223
-2.0771451
-3.256742
-7.10036182
-10.795929
2.88707829
3.23872209
8.93954182
-4.28071833
7.38695049
-8.17348671
-6.42338419
4.07133198
5.04583597
-3.47216058
-6.92348671
7.27477217
-1.57098103
-5.60465908
3.95640135
1.86852968
-3.04993415
2.74958205
12.7887144
-6.09776115
-4.24781513
-0.0981003046
-8.231987
0.981384754
17.4199085
-1.7367413
-0.0869970322
20.8743248
2.85873532
-2.64093828
-10.822113
3.50044298
-10.1922016
10.8731556
-1.45148504
-7.35164452
-11.5366316
13.4646177
-8.69309711
-9.34049702
0.710110307
-11.0042362
-8.71229553
-7.09859705
-0.954148769
-4.60279989
-5.31387472
6.1209693
13.6097727
14.8012333
-5.00791025
-7.79557896
3.66605377
-2.65967393
-9.70524025
-4.9359827
-7.31514788
5.81795406
-3.90310311
9.69183636
-9.74283981
3.98493433
5.44834805
7.44587755
-1.88774216
-4.83350945
-2.67807603
-9.1952734
-12.2718897
6.44414902
4.67011356
-5.79115343
-1.52332711
-5.55466843
-1.73456454
4.81772614
-6.79448462
21.2378197
-15.0096149
-7.03133583
9.95644093
-0.627860904
5.95219612
-6.51095963
6.49806547
-8.07793999
13.2576008
-9.38073635
-15.81252
2.75609207
1.98825181
2.40864229
4.25406122
6.45133352
-10.3557835
-18.0050182
10.2313919
2.82052779
-5.42191172
10.8934708
1.66096473
-2.54061508
-9.44085693
5.00124741
8.75458622
-3.4716599
2.44478703
-10.1634731
-13.5457134
-1.15527451
-3.47124624
5.32705212
3.86957359
3.87744904
10.9222736
-5.08476448
-1.63483942
-4.33658123
-2.74159265
2.10090971
-1.85176778
-3.77000713
16.3479347
-5.79281902
1.50098157
-8.39343643
15.4044657
-0.7718786
13.1991148
4.71314716
-9.14120865
-15.8418798
8.61185074
-5.20582628
3.31936002
-3.50018311
-7.94781017
1.62825394
-7.32117367
5.96617794
8.58677483
3.45382524
1.87964654
3.56403756
6.97913313
-7.73924828
-8.96356201
2.98693705
9.19968605
-7.77423382
2.71266031
10.9719887
4.14899731
2.4729414
-0.200812638
12.5674372
-4.61453724
0.00845623016
6.46780014
7.20541954
-3.03569531
2.34401608
-6.54634094
-0.751594245
10.1195002
-3.92890429
4.18902636
2.29046106
5.63271809
-1.41917419
8.21041489
-9.48934364
4.84561872
1.70301819
-6.14567327
-8.92878342
1.89472914
0.160913467
4.99010229
8.52188015
-6.16695404
8.07464123
5.87516928
6.54821968
-2.08316541
-0.612024784
4.41314793
-16.4640923
1.73187578
-7.79225159
-4.8424859
0.359554291
-8.37292767
0.927444339
2.91314507
15.9983864
-1.00417745
-0.0239276886
-4.3234272
7.25775719
0.124866962
-1.63648391
-1.64610493
1.4285475
0.89582181
11.6238146
15.9756422
-4.3801899
8.43140984
5.58951569
-3.00441742
0.938815057
13.6628275
-5.21311665
6.93258333
9.3491354
0.301014185
8.97900391
1.84052432
10.9182777
-3.27454281
11.8823109
2.29451561
-1.41346169
-6.77853203
-1.82200289
5.73636484
1.94989228
-5.39151192
-0.394771874
8.12292194
10.2967939
5.40383148
-9.37617683
0.152199984
6.58466339
-3.70450592
10.5418091
-4.68727589
3.27054858
-2.82331491
-21.139183
3.94847131
5.18940115
8.68964577
-7.63973045
-0.201306224
-3.44019318
-1.19679308
5.78572321
-11.7579222
5.70072079
-1.91968644
-4.37888765
6.55211401
-0.570303321
-8.58358955
-5.41192722
-2.2851913
-15.0379734
3.81334972
7.65521431
-5.5594368
0.368642688
-2.9979291
10.4173594
-9.00895977
8.23782444
-3.47998977
5.97208118
-6.26091337
2.20342731
-4.90726376
5.39551544
0.908850074
14.1740856
4.46563721
-4.30046654
7.27549648
-10.6644001
0.547992706
-11.2167702
0.0709962249
0.971313477
-10.3550835
4.08147526
-2.06875587
0.573818564
11.0777807
6.9982357
-3.81707692
-5.49475718
-0.678908229
6.6749959
18.187212
-10.6585836
1.18836713
0.834664345
-4.64981747
3.48854208
3.62661719
-6.58991051
0.31757021
12.359252
1.10938334
15.0349884
5.36583662
-1.78657627
1.99166107
5.57798004
5.40583229
11.1912594
5.44412994
-5.98239136
-5.93540525
-4.05438995
-6.66796207
8.95858383
-0.0398307145
-7.79678202
-4.46887016
-8.51673317
8.02708817
-1.04815924
5.13978004
-3.12075567
11.2250509
13.0552721
-7.74051952
2.28220248
-4.17746353
12.8852167
2.82171178
0.314474344
-10.1537418
-3.7507627
-4.70132351
8.10878372
-14.5779152
-7.83801889
-8.15245056
16.2939796
3.15059423
7.69399834
20.9322319
5.01926804
5.66933346
5.49260998
6.33845329
9.77463055
0.35287559
2.21583533
-4.39926577
-13.1012306
9.19582462
-6.55398655
4.09067154
4.04250193
-4.54509163
-3.17986536
4.39068699
-5.50970984
4.47236156
-11.9773655
1.1473515
-7.73178482
-1.86062455
4.58107281
-11.205862
-8.44155216
-6.59846497
-1.59355009
3.62373018
-2.04397821
3.78094959
-7.80193043
6.99126434
-5.07928467
-5.88582182
14.1565914
-4.50729752
-1.29365683
-0.812021732
15.0200195
11.4371481
-6.78319216
0.905452967
3.86829662
-6.1837244
4.48155022
-4.26663017
-11.6932564
3.00967193
-0.245746136
4.47052193
6.63928986
-7.85926151
-3.02071762
-1.30922651
6.63193369
3.37314796
7.00626945
0.269458234
8.07519817
-5.9157896
-1.82953453
0.0304934978
-8.27940655
-4.801579
2.87650108
8.0677042
-2.74402237
7.22794247
-2.48158312
9.80097675
1.05572629
11.8725452
17.7052917
-7.52855682
10.820384
10.8393288
-1.14424348
10.7866945
-6.79227352
-12.7454395
8.76991367
-1.74305677
6.86493874
-3.93257666
-18.3967361
16.7661686
9.43610382
-11.0234089
0.909528732
-11.7024174
17.4433327
8.76633263
15.3085976
-11.959281
-2.04739332
3.21815348
7.9276309
-2.75225067
-11.8755894
7.51153374
18.435133
3.78876305
-14.2821941
-5.90733147
-2.34325552
-8.54334831
-18.8824387
-2.94047928
-5.78236771
-8.69319916
-5.96511602
8.33886147
-15.016386
0.977302074
17.9131184
-7.36657
-6.40494394
9.00788116
3.74568367
2.53608227
10.0418921
-14.1161556
0.422176361
3.26268816
-2.80339742
2.28747082
-7.2756834
-3.08756995
-3.19628811
-5.18968487
-7.03070164
-3.59883571
0.847550869
9.98274899
3.52698565
-11.2903175
5.5654335
-10.7988491
-5.92364788
3.78521061
2.05775881
-0.639311671
9.20026684
12.6866379
5.43633318
0.157789975
3.38882971
-5.39249325
0.770464182
13.2131042
-13.1503963
1.5312531
5.68962574
1.25403416
6.82781267
13.5188665
-8.31868267
-3.72287297
-5.27678108
-1.5581584
0.421436787
8.41181183
-1.0982604
-0.895189583
-1.86389256
5.50228453
10.7019405
0.635410547
-1.8841424
-6.15146875
-8.21748161
3.5590055
7.8639946
13.7185526
7.46534109
1.15272045
-3.54555678
5.70975685
2.76503992
-0.240879595
-12.6183195
-12.4206505
-4.50693893
3.51759148
-2.95710921
8.297328
7.10883713
0.129571587
-3.95008087
3.46718574
-4.62097263
0.612727642
0.251328796
2.87940145
10.437294
0.820588112
-4.40470123
4.4030447
13.8771315
13.2494297
-1.11935365
-3.84264565
-2.30102015
11.5121374
18.4458847
-9.71463776
8.61078835
-4.30566168
9.4649868
0.242400706
-6.61738729
-0.562334061
-8.51684189
4.31988049
3.99937129
5.56599522
-3.29632759
11.0581608
0.271959782
-0.785073757
12.2619562
1.66257668
6.9180479
3.95691538
3.78550768
14.7969942
6.56047773
17.2521744
-12.3626242
-1.87376809
0.000699043274
-9.8624258
-1.09736347
4.35791111
-8.51168156
10.8496685
-8.5184021
-8.27788162
-0.20472002
7.92386627
2.88477087
-6.50116968
4.70029736
2.5500226
-11.7909565
4.07884312
0.730968475
7.56505966
5.73159456
0.914124131
-11.4692974
-6.27192307
-5.98557758
-10.6629333
-2.77187562
1.68922818
4.61490202
-0.684494615
-3.32920718
5.15253496
3.36236835
-5.0579648
-1.12305212
0.471311927
-0.383266062
-11.5383673
-9.95147038
4.09690952
-7.13629627
-2.8360157
-4.80185509
-1.23266578
-4.46460629
3.39677286
-1.26049876
-11.5931892
3.3837173
-2.52985287
-12.648592
4.39126492
-4.99694443
-18.5191822
11.5114489
9.27032089
-5.39056015
28.4423237
-7.15883923
-1.21223593
-6.22547483
7.57305527
-17.2011089
-17.1864433
16.7571907
-3.10141253
-12.8383121
-5.30930233
2.07427764
-1.01836944
10.1481876
7.44096279
7.7962265
7.40373802
15.9662466
-6.8643446
-5.80351353
-3.45334649
12.9127026
-2.9500308
1.21164918
-6.02333927
-2.29095221
-1.29629731
3.12588358
11.5803337
-2.42477083
-6.77532387
5.4960556
11.550745
14.4332809
0.265934944
5.87943649
0.72828269
-3.36868334
3.62489533
7.42374516
0.0243007988
4.8798852
13.9102478
-2.27420473
-0.781882167
0.00189256668
6.52875328
5.18272495
-2.11244917
-2.33321929
9.16407776
4.92534113
9.04841137
-3.77564192
-0.27410534
9.07481003
-12.4810143
-2.15470648
-4.4264431
2.98515964
-1.41932273
-7.27785921
2.51178026
9.61447048
-2.69219255
9.49699783
-2.9907701
9.21968842
-0.693785787
10.1291294
11.9184179
-7.38782167
-0.358816147
3.84302831
-7.08620882
-6.23706055
10.6807232
8.03820229
-10.5729656
-3.67882586
6.56351185
-5.23474455
-0.838566601
-3.79874158
1.40826285
-4.09094238
-3.60360765
-6.13421345
-2.94951534
-3.39365911
-19.0411987
-7.47752666
-4.20628166
-5.3273263
-0.401556253
11.877203
0.839090347
-1.74812698
-7.05686951
2.27490115
-6.97971725
-1.31256175
1.0908823
1.67734075
0.74123764
2.56727242
-3.42250109
-2.42328167
-3.06329036
-16.0686722
3.77907443
-9.30659103
-9.42481136
10.4011803
-1.92019463
13.1248951
5.46130943
-2.51339793
-8.21905136
4.09139013
-3.23002815
-7.95642376
5.89442873
-1.24401212
9.34080315
-2.69066453
-10.685008
0.250564933
-3.68575907
2.9827795
1.18506539
-2.71676564
7.65850496
13.1197624
-13.5404968
-10.9913492
-9.59595108
8.11447334
-6.30583858
4.42252541
-21.6757355
5.75149679
-2.04519057
5.52768612
3.22766232
2.77729893
11.3175755
8.39413357
-7.21693134
5.5255928
3.30444145
-8.28574276
11.5688858
10.3077545
-0.81804657
-9.27479935
3.28417206
12.0708838
5.25760365
3.27952576
-6.64315987
4.01825905
1.27040064
-6.20354223
-3.66775608
-12.2981596
-7.39597654
-1.49645758
-7.54474306
3.43118882
-1.56256318
-1.20981598
0.66662401
15.4711561
2.20418811
10.6659708
-4.00888443
-9.4101181
-2.32657862
8.41436672
9.63020039
2.22611833
-7.27480078
2.46293449
-4.40139246
-0.206276774
-5.38877201
0.454219043
-4.06728554
-11.6344519
-6.16199255
-3.95800304
6.03817225
12.6730938
-1.8761301
-4.8690443
2.99191666
2.9597826
-5.65931797
-10.2272444
3.16665936
-2.61585379
-1.47673655
1.87173748
-1.31077838
2.36733699
7.54389095
4.43350697
-4.87676239
6.56320095
16.2307739
9.42778397
1.69960546
8.86493969
-2.00678349
3.08706903
-0.140376687
12.4834948
10.3253994
-3.03062296
-0.766129255
4.07674932
6.05878115
-3.21562433
-12.966157
-0.789157629
-1.37182856
-11.734745
-3.94352865
3.76364493
6.61166716
-5.52382183
-10.0154972
-6.21238184
-8.5190258
2.0059967
-10.8580837
-9.61928368
-3.77581787
7.1551342
-3.75284147
7.28466272
-4.09098673
-12.6331711
-0.744636059
-6.63683796
-4.3788023
-1.80807233
20.6973839
-1.42170167
-0.1557374
-11.0461521
2.94421816
10.4210978
1.00080085
-6.7194047
12.4294882
-0.658922672
-6.45505619
9.51588631
-2.88953209
-9.57941246
10.3253269
-2.57459879
-4.67266846
11.7289982
-13.7518215
-7.17985249
2.46653962
-11.2296572
9.19665146
8.74013615
0.730012476
2.99204803
3.90570545
3.02442074
16.877327
15.3501072
5.02920723
1.26963115
-20.0858631
-7.2885828
2.17370915
6.8386755
10.5800304
14.4332228
-1.00513339
10.2959185
11.2905006
-1.68834496
12.2259903
-2.05375695
-4.97910643
2.81231403
-3.14390206
-10.1214485
-8.49289513
-1.48019624
-5.91165447
-2.14380836
5.02776432
-4.11230326
-4.70638943
6.34859943
-2.91752577
18.2219334
-9.5483923
7.03078508
11.7047005
9.72298336
2.95511293
-17.0537872
9.35754967
-6.39370251
-5.36308765
-3.45961189
-5.98255014
-3.54086137
5.06197739
0.909413338
5.98187828
-14.2259274
8.02718925
5.84732914
18.1829166
14.1482258
3.35541821
-5.79352903
2.7605896
4.65474319
-6.07474613
6.68591118
-0.0328307152
4.53489876
5.47849226
9.21703625
1.88126421
-1.77531672
3.29304266
-0.0313234031
4.00242519
4.66493082
0.145852625
0.96137929
6.58586264
-3.41467667
-1.83194256
1.4886167
10.6560822
-4.81226921
0.000481247902
9.60563469
-5.31105566
-4.7003274
6.88895988
5.52461386
4.51838446
6.76768017
2.04335284
-5.51768875
6.62812185
-0.613366306
4.99269438
-0.704036474
10.6296568
12.4652615
-9.07725239
1.87596917
10.4163551
4.55223751
-5.91261339
-8.19433498
2.2985661
3.01626825
-9.26594257
-7.49274254
7.02682352
-7.23106384
-1.06695366
2.67101288
-19.1911449
-6.55791664
-2.35772753
5.7257638
-1.80874038
-1.79840016
9.84369087
-5.82861614
-6.63611698
-2.45457458
-4.65654039
17.206686
0.321350157
-7.26736355
-3.7150991
13.7091751
3.20826411
4.0558753
-18.8549175
-4.19352198
-13.8665705
0.811657667
8.49325275
17.3648968
-8.63755131
8.21100807
-0.10571003
3.8652966
-6.95973778
-0.188253641
-8.60948658
7.13862705
8.48448753
8.67291451
-3.29724336
-4.10988665
-1.06709695
-5.95023251
-1.60447431
-6.15341425
-8.37859535
-9.9593544
-2.10135198
9.85726357
-6.16962051
-4.55477095
-3.42200089
6.76788807
-8.07678699
-3.97161984
1.92831135
-14.541853
0.631979465
10.8446255
5.67580938
-9.2664032
3.38208103
7.92632675
-2.8986125
-5.5698781
2.2962327
14.2582397
2.00839663
10.2548828
-4.71856308
7.5129385
-5.34536219
-4.31996489
-5.88385439
-12.3890343
12.6666059
-1.44451535
1.80064452
-14.0027266
11.3391476
2.34604073
-0.783272743
-0.0814261436
-7.71189737
-1.37170935
10.7871418
2.79443002
0.426050425
9.97075558
1.24565411
4.59975624
9.33545971
-2.08280611
-13.0935364
10.5667028
2.68072081
5.8541584
10.8257208
11.2939177
1.00951695
-7.94174051
-5.57133865
-7.50739861
-0.556074739
-1.05405056
4.81058788
-3.33774662
1.93034291
2.93785477
2.12894392
-9.08885002
-9.38703918
-2.79020381
11.1684799
4.88071775
-4.17600107
-6.47449112
4.43807268
3.71275425
4.81583309
-7.42311907
2.98712564
-7.57439518
-1.05413353
-2.6619525
4.40133953
0.105904579
-11.8267078
1.11785579
-7.38800669
-5.25293446
4.01844311
8.95421219
11.2953701
-11.2938337
4.78270864
3.77124524
2.29040337
-1.48195553
15.052352
11.8530407
0.573025465
-0.0729074478
-1.97874784
7.55047035
-0.344837904
-0.981060028
-15.8910007
-2.39212227
7.53987837
6.89766884
3.32444477
-2.79476357
3.09017396
-0.774410725
-1.77323115
0.971901059
8.47658157
1.08302307
8.3040514
6.17330217
0.757968187
-1.74009514
11.2938347
-2.63350844
-2.20849609
-3.45190334
-3.86037588
12.8520212
-10.5937672
2.31146669
4.1516552
5.54705238
7.25869274
0.647745132
-6.44248676
8.83525753
4.90802097
10.7462215
2.27044868
3.78094578
3.07635045
-10.785984
5.70279026
-8.83867264
-6.30184793
-2.6257844
3.36291456
-2.55055714
1.89728427
-5.55545425
-11.5248661
2.72115231
-1.31841648
-6.89548111
21.4509258
8.41858387
0.733665705
-1.6441108
9.15716934
4.49340439
12.0203772
8.68837929
1.97756982
-6.97649336
-12.2731409
8.4191227
1.67976999
-3.04501653
-7.50828123
-7.55822659
4.29854107
-8.80031204
5.2076726
-4.96508026
-1.54870868
11.8244791
11.6887302
6.72922945
0.548648
-4.76451635
-6.68704033
5.63178158
2.66885281
-3.66430402
11.082221
-6.27249908
-3.19960451
17.6864758
0.708642602
0.370044231
-0.0409018993
14.448287
2.94103622
-8.39912033
-11.4566021
-0.944252253
4.27707577
-1.08946562
13.5754576
3.64987803
4.53405571
2.07851219
-3.9987545
6.8927021
1.20437908
9.01653099
8.99464989
-3.17023301
-8.92614651
9.66097164
4.99524641
5.05214405
-0.0113762617
6.4376812
2.86084914
-6.66355658
10.5940037
6.25701809
-10.2664032
-5.76364374
9.51378059
-14.1701241
10.6082497
5.25448513
6.00762272
8.86613846
1.09713662
6.07238579
-3.4782393
2.96128273
-9.32411194
-0.812438011
-6.88252831
7.28713989
14.1782503
-10.8259525
-3.76327586
-13.2047653
-6.06198645
3.0386157
-12.7895184
-4.2771101
-0.468142033
6.02299309
7.3602829
-18.0124168
-3.61219597
1.58153188
8.42283821
1.33410406
11.5192614
11.5094109
1.48472738
11.8297844
-7.20738888
-9.95804596
-0.59527874
-8.66223145
-3.27709031
-10.5525942
5.11837626
-0.854810297
-5.44975948
-1.00115013
-6.03805351
0.348117828
0.857826054
-5.28008175
-4.38684368
-7.96237612
6.06003284
8.4935894
-2.39505506
7.60453415
0.164117575
5.4832325
-8.65646172
-4.08321714
6.95673323
-5.61613512
0.551272511
-4.66568565
4.4673028
-5.72117901
4.69458103
-2.91698337
-8.03914738
-23.6999226
2.21120119
5.27629471
0.872025251
13.5790997
7.46205997
6.69944668
10.3649969
-6.08257008
-10.0923815
-11.1181164
5.67705345
8.02792358
-13.7657833
-3.35853148
4.51200294
-6.91496563
-3.21247697
-14.9742718
-2.7696631
1.67835927
5.35330439
22.2366276
-2.45922518
-9.77101898
-3.51026297
1.91964114
-6.4757309
-10.7191105
-12.1077995
-1.19346917
-14.2505932
2.94728279
4.15896845
0.850111961
-8.28159714
3.63116741
4.89480925
3.47425103
13.0606785
1.79712975
13.3413591
4.1934762
5.6983757
-5.29128742
-6.86384201
-9.21291161
4.13032341
6.40484905
-2.33410978
-3.57182312
-7.92482758
-0.0367996693
-4.79244804
8.78719425
10.1462402
-8.50179672
5.28165293
4.10605145
-9.83330059
11.4645329
0.126763582
-8.48328304
10.8070507
5.12298822
-11.1477957
4.99020481
16.7358341
-14.1265659
11.2127085
5.35545921
-4.21527004
11.4682083
-19.3144226
5.13515091
4.06816721
6.26951933
7.97749329
-2.3572917
11.7483711
8.95188141
26.4612026
-1.94368553
2.28095531
0.463488013
-9.98737526
-3.19351578
2.22826147
2.58656096
-1.10391927
5.79641199
1.81737828
-0.358993649
10.7083921
-12.4141273
-1.48020458
6.04676056
-1.75158429
-8.22781181
7.5804801
-3.56407785
-4.41418457
7.3310976
-3.04337597
-2.15327144
-7.96796417
17.6564903
-4.18079424
9.69019604
4.16610098
-10.301033
1.58655262
-10.7286396
2.51046872
-1.11632228
-4.7111578
-2.31191039
-9.05882263
6.42440796
-1.70002317
4.47545671
2.67300034
6.00123024
8.16888905
1.21274757
6.20309782
-7.60907269
-14.1516104
2.82457733
-4.99036694
-13.867013
-0.861430287
-0.850760996
8.31214046
19.487112
8.15988731
12.9948778
1.78683877
-11.2918329
0.919879913
-6.00091028
6.04840946
7.50569296
-1.50315237
-0.840990543
3.7198751
1.00166059
9.93015671
5.73938131
4.92228317
-7.50671768
14.6041031
-5.03354168
-1.67021751
-8.82929802
0.404600471
3.68636036
1.60102749
2.48235035
-6.66587925
1.48978233
-6.91990232
-2.96044135
1.7288425
-5.40925455
7.697752
7.65227079
-7.44259453
-13.2920589
-6.56953716
-5.66746521
7.26207256
5.98554134
-2.0301404
8.44603539
-16.3441448
-9.13330269
-0.873101354
2.9204731
-1.7226913
3.64271069
4.21945477
18.0890503
-0.434837222
0.0345718861
1.31775105
-0.791925669
1.7503562
-2.44107246
16.2286129
9.99267101
-13.3753529
2.04902387
3.61515284
-12.9249153
-3.93571854
1.08648491
-12.9075089
-9.77793789
-9.71063042
-8.58267021
-8.53509045
-7.76985455
12.9387512
-3.89861941
2.68685031
4.91810369
-0.42804122
-25.4589767
13.2342243
3.70948863
-0.038405776
10.0325031
-10.0313978
-0.62924242
3.77999735
12.1664925
-10.0947685
0.647325039
-1.57533264
8.4889431
6.98484755
-7.390347
-22.0654812
14.3786306
18.0298786
-9.3911953
-14.4781609
-5.27373934
12.4283714
5.51501513
-1.24725485
-1.90487957
-5.46872139
11.9356022
-1.85706818
-5.85979414
2.11719751
-0.81926477
-6.33016205
-3.18348885
-10.8286171
-0.0536525249
6.41980076
-8.42718315
-7.75047398
-1.21608114
4.12219763
-4.95091391
-6.24996901
-0.0899502039
6.42369366
-7.86618567
-1.51774192
-0.720180273
9.83542824
1.19417155
2.24414778
-2.3051877
7.58815145
-12.2307997
-7.72964096
0.0959863514
1.23716903
0.774765015
7.06884861
17.2781048
1.48953438
8.71601486
4.83034372
-7.14276886
4.66828203
8.74000454
1.53255475
11.0792274
-4.41952753
-11.1247978
0.335704684
-7.02340317
1.90146494
2.62098503
14.7508049
-5.07779217
-12.5215263
1.79786015
-2.00101328
-3.27376533
2.76807356
7.8459053
8.53039074
-3.84677386
-15.9357462
22.8773937
-0.4636814
-6.61516857
-6.07168245
-4.75594759
10.3504524
10.1873617
-8.6464119
-4.13949776
-3.69124818
-8.14370632
3.51286054
-1.33248055
-4.30439186
-14.0738201
9.63369179
7.94370699
-6.91036463
-0.532521546
-23.8673286
-6.06970453
-5.83718252
3.7910018
4.51102209
-5.87419987
-10.204896
-5.7273531
5.17972374
-20.2354965
-4.37846661
-12.1863308
-9.87388706
4.97687817
-19.5673523
-6.40109491
2.16783762
8.44871712
5.36048603
3.81480217
4.709342
-3.08485699
-4.58643293
5.31112719
-4.46115971
8.50786495
-7.81992435
-6.31599045
12.7464638
10.2452726
-6.08961535
-6.73269272
-9.46283913
-11.1966057
-14.8740797
-15.8796558
-3.7476368
6.45824146
-8.44887066
-7.07020712
9.02792645
-7.72074509
-2.31376767
-9.85533905
0.516889811
-2.80084443
1.29231358
2.69594336
5.95193195
-4.45588112
1.18557155
-25.1421471
-4.6648221
-4.85539722
2.70096087
-6.1660862
10.1123724
-11.6388206
3.99215841
-5.32300472
-7.10508633
-4.39261913
-9.22704697
6.19998646
5.83713818
7.45096684
-13.336422
12.8534422
7.79729319
-2.13651609
-2.96539545
-2.0686295
-0.587692082
2.6191504
3.35943913
-9.51113892
17.8878555
-2.80749893
7.12507534
-1.87291241
-2.51366854
-5.37118387
5.38142347
-4.34298134
1.42116737
-0.791270673
-7.52061367
-0.549839854
1.41789889
11.8418941
4.94563675
7.40255499
1.14010119
20.3048229
-3.02758408
1.10802948
-4.46055269
1.14310598
-5.65824413
-2.88669276
-7.60491228
-0.616965294
12.6682491
-3.25817919
-21.7461929
-5.20193148
2.20440531
-3.98384023
-0.479176879
8.4984684
5.69160843
2.85511279
6.96578407
0.00891417265
-6.40758133
-11.2650099
-11.5251961
-4.46251965
0.387770534
-1.79569936
-7.54559755
1.17941737
0.0325911045
-1.091748
-4.27539206
-4.23565531
-0.297179461
-10.4953413
1.59564495
-2.49036503
-2.73969746
-6.14490461
5.39603043
-6.79702473
4.59010935
3.72949147
0.200614989
-3.16953468
2.19338989
-3.873106
8.21797848
-0.460539818
-3.14346147
-5.85311699
14.9445791
2.97229481
3.31523228
6.51958275
-7.83023643
-3.91005707
-4.71743202
2.33059525
-23.5057106
6.92376804
-6.18037462
5.66692829
-10.2715025
-4.18856144
7.20529175
5.66613388
3.94743586
4.60340357
1.88401532
4.19598532
2.69941974
10.2220392
16.6019936
-6.39766359
10.666544
7.34883833
-10.6319237
1.71666884
-0.936626196
0.53663063
-3.7758162
-2.31904888
6.45541763
1.67545748
3.6433897
-0.475790858
11.1446381
12.09937
15.917552
11.3834801
-3.29628992
-0.55782032
-7.81341982
-18.234129
0.244414449
1.26938105
3.62303019
3.7457037
9.44114494
8.49308014
-3.7453649
-9.65480614
5.94772768
7.69498968
-10.6269712
-0.624737024
4.55892467
10.0779324
-9.1585598
1.22780824
-5.44990683
7.44018745
2.50442839
-6.12396526
10.3529863
18.8348408
4.73558187
-6.71372843
9.01853561
-9.0716238
-15.7125187
5.14637327
-2.79138374
9.12280178
7.50375462
-2.37139606
7.51809216
9.80285263
3.33978081
-3.71966553
-1.48535264
-2.33409309
2.46253729
11.8867426
4.03768921
11.80867
-9.78927612
1.1695013
-2.00483608
-6.2394309
1.35273385
1.70744383
-1.11083174
2.35261631
-1.57492852
3.71940613
2.84062672
9.202528
2.5030942
-2.23513412
5.72740269
0.653520465
8.34408665
2.0411489
-4.57305622
-2.23932648
-0.105081558
-9.51827526
2.21607327
-13.0446138
-7.28151989
3.05539584
4.25890636
-1.05697966
4.47385311
-2.97391319
-3.49322796
3.87013602
4.97217083
5.8128047
-1.90262699
5.62158871
6.35050106
-2.18230343
-0.540183306
9.20022774
-1.3339144
14.7680187
-3.94866371
-9.72172165
4.86157274
-8.58515167
14.1523323
-12.9639206
7.92137289
-3.50168037
-12.7632418
-16.6476517
0.919416547
2.42534566
-4.48462582
2.64368105
14.4434843
-15.3871899
-6.17420721
-10.2627831
0.556749701
4.51634693
-12.1155796
-7.73775005
-7.48363018
12.4976587
-0.000480175018
9.96610832
-8.71993923
2.92275906
11.1124182
-13.3201866
2.11872196
-3.76729083
-21.1531506
0.694236994
3.11642742
-11.5915842
-0.526485205
-5.32244921
-2.49019432
-1.01900208
-11.4420786
-0.563560486
6.01129627
-1.98976994
-0.676352262
6.30183458
1.95908213
-0.840632856
-2.67950153
-6.14617491
-11.5482416
3.34625673
13.7593374
-10.1894493
-1.46974075
-2.13355732
-3.38156295
8.58682442
2.36001492
-17.8367119
-3.06246471
-9.10894299
2.11809063
-1.4933517
3.5901134
-1.6064117
-8.06687164
-2.3992703
4.31527996
-8.24131393
-10.1821728
-5.81356812
-2.88543105
15.2511625
-3.94805336
-15.7934608
11.3180437
3.33121943
-13.6176529
-3.46540928
1.52401197
1.61176383
3.33687997
1.70994473
14.1550789
6.90040493
-0.670119762
-5.37007999
10.8028021
-3.51511669
7.8419857
-6.61356068
-5.47061348
0.286908567
1.4552983
-4.08564615
-7.71791029
15.0839081
-3.66453266
-4.29992104
8.22277451
7.18736839
-1.93222666
1.9355762
17.4480629
0.382856488
-10.231266
4.87088346
-2.31686068
7.83119869
-15.9894295
2.24731731
-8.74287605
-2.43722105
2.14151859
-0.575086355
-2.29637909
-10.7053614
2.88767099
11.165349
-7.77385426
7.82327461
20.3927174
0.867105365
-6.5412221
16.4384613
-4.33961201
7.64001226
-4.1873045
2.70993972
-9.11596584
-0.851943493
17.6797829
-1.99507165
23.264986
12.5201311
0.0447144508
-7.91926861
-7.8896389
-7.37735033
-2.6420989
0.958378792
9.50879955
-1.03345537
4.59900045
-2.0392828
-17.5339718
3.74563456
2.89601517
-5.07324076
2.39497042
-0.109516859
-3.72333431
-8.4891777
0.354865074
4.29182625
-0.594281673
-7.22356892
-6.22578526
7.23822308
-0.596344948
-11.7055683
-8.35282803
-7.5577631
1.12798405
-6.78620577
7.68458366
-3.95328403
-2.59356403
10.2959528
-1.75287187
-0.0999984741
5.2239418
20.131773
-0.391374946
-8.30632019
-11.9381723
0.812330246
-12.0378447
-4.09721231
-0.969688416
-2.81081057
1.71569026
1.36543763
-5.29726219
6.0019803
7.48359203
5.09094238
0.377649426
-3.31194353
0.271487176
0.23604998
-19.8328323
-8.43289375
-1.96187878
-3.63969851
1.63423884
9.73202419
-0.47708106
0.426790297
3.66221547
5.92911291
11.0676317
-9.55522251
-1.5164454
18.1236019
0.41062665
-2.45204544
7.2306776
-2.07962203
-10.6054001
11.5453882
-9.7475853
11.860939
2.94429684
2.506392
-4.58751011
-11.8494091
4.56102514
2.13947201
-11.5231419
-5.09516096
-4.58210135
9.37498951
-1.05432689
7.43695927
7.21347237
14.9985323
-8.37556171
-3.56692386
-0.0189275742
-0.394489765
-3.35072827
12.1528835
10.6063662
-8.6577549
-5.97939301
8.46316528
-4.66351128
8.7553091
4.43390274
1.26897669
1.73919892
5.76013708
4.89589405
-3.43957496
4.39456654
16.9435463
-16.4541054
-2.04129028
-15.8924952
-2.85221648
-1.24152493
-6.21080112
-1.82918894
7.52140379
4.35774517
-6.95275068
-11.3091612
9.41101837
-13.0196915
8.70113182
2.80318928
-5.84225082
-3.59055328
4.01265574
-3.89635801
-18.1987495
14.2534904
5.67399216
-14.4643698
-5.57642508
2.82280731
3.53006983
-23.750452
-0.750522852
-19.3136787
6.79519367
12.6752443
6.08663321
1.01064897
-9.13445663
-12.0907936
7.51947403
0.341257572
-4.95116043
-3.57228231
7.38685846
-1.1821022
-3.45459247
5.36808252
0.174087882
6.48825073
-8.41420364
-6.77569008
-3.50603676
1.01162946
-0.902395964
16.9185696
10.0373182
-0.876228809
2.24545813
-6.17391586
-3.93179703
2.58127666
12.9861002
-0.579568744
-4.35449743
-1.93154979
-10.1809273
-1.73477662
0.168364584
7.72016478
0.881507516
-7.4834671
1.40984297
-6.25461531
1.79228449
-1.83157778
9.00773811
7.58170986
2.43022728
5.34969044
9.78883362
0.696580529
7.69568539
-6.8165307
-3.53001666
-12.5503769
-11.5947876
8.26654911
-12.165041
3.34941888
3.43454337
-5.67285061
-11.9000282
-13.1547832
0.732087314
-8.5603199
15.2932568
4.39117193
-3.49017811
11.6206942
3.83571506
0.969029307
-0.059912324
-3.19848084
8.47665882
-0.38988924
-0.509259224
15.8977222
-6.47927094
-3.54017067
3.51835012
-0.549310446
-18.913868
-3.90607095
7.58755302
10.9001713
7.28089142
6.75229597
-0.0634075403
5.97701311
-0.901872516
0.261657834
4.79050493
6.06169891
-14.9538441
-13.4784431
-1.11115336
10.4334974
4.74098921
-0.682218671
-7.22574186
2.23732471
3.61230612
0.559695244
11.5160112
-2.89661694
-11.5269861
-1.11965406
0.888857841
-4.64013195
-6.11143827
-0.15404284
2.26654768
9.26003838
-3.6720655
-5.76969194
-6.69399452
-0.0336540937
0.0526272357
-8.76295376
-6.9920187
5.84122753
-0.711053133
3.62600064
0.340741277
5.26690292
-0.407945871
-4.60180807
7.18289471
7.49830151
1.91098452
-7.32847929
-4.94825268
-14.0371876
4.67469311
-2.6944716
8.56284618
-6.18451977
0.122289091
-1.14361036
4.03514957
3.52182341
12.0416317
3.05283403
2.26414204
-1.26977611
2.85439253
-11.2764339
5.6230011
5.99043703
7.58797169
-9.25388145
0.153788567
11.2384024
-6.22136021
-6.12398195
6.7026577
5.19237137
-1.84772193
-2.14011192
-9.92741871
2.78896523
13.0372868
-1.09497046
-2.05640244
-1.87633514
2.59094381
-2.96497059
5.36042023
5.22321701
-5.43833733
3.71882534
3.36606979
12.3058023
-9.89613152
12.7022953
0.106498957
2.86350441
-2.31111717
3.75902033
1.0044719
0.179583192
0.212874413
-6.42313719
6.00996733
-10.7042131
12.2587347
9.13075447
1.91987658
-4.29343796
2.07568789
-9.54280186
21.8233643
1.57712531
-2.14096451
5.16787338
2.91479731
3.39950109
-12.3494263
-5.03871346
8.24944687
1.2641927
1.13313639
-4.84688473
6.73747063
-4.94542885
-7.08566475
9.63010502
-0.845512688
12.3933725
-1.33184004
-5.3122797
-2.82751846
2.91889477
1.88152027
-6.36642551
-4.77466869
2.94538736
3.17187667
-0.586411655
4.51840305
-11.1261816
3.94607401
-4.16324615
-0.421191692
7.89092445
-2.02479124
10.1154442
2.69332504
-3.579844
-11.4465208
-11.154974
3.63542295
-5.31152201
7.8550663
0.466203213
9.02979469
-2.86111212
-12.9375839
0.289282322
-12.0328522
-18.450737
6.0963769
-9.49158287
2.2132616
-13.1318407
-1.29423404
4.44726706
7.32339478
6.54043436
-3.03824997
-5.38525391
-12.9592247
-1.41738486
-1.08119571
-5.91628456
-0.459166944
-3.60645962
9.36581135
18.08601
7.96578026
-2.84483504
-14.5154505
0.156240702
-6.33253384
-22.3044529
-1.83958864
-9.5630188
8.26613617
3.29516649
-6.14765453
0.256532907
-4.22933865
-12.6320181
10.8794937
-7.24307251
-5.44286728
4.12507868
-6.10215521
-2.89888525
-1.77458811
3.87362456
-16.6963062
0.624967873
-4.79803705
1.74765515
12.3660297
14.7553873
5.62334442
-9.43919945
-2.0694747
-1.16704524
-7.01920795
-9.74238586
-0.958488524
2.84925938
4.70792198
0.463405609
20.2911224
10.9715853
9.59415054
4.99838829
10.2432976
-6.20643616
4.80905533
8.55893135
-11.0146894
3.88671255
5.92172718
3.46645498
-7.1025095
-5.29543495
-4.12815952
-2.16201925
-9.91674232
-15.7523508
-0.994552135
5.48297453
-4.40585423
3.91124964
-15.45331
-2.06783056
-1.75283313
8.56683445
-1.58475971
6.62627316
4.37321949
-2.46361089
2.34962559
-0.7679708
4.29368114
-1.69694901
-5.93853378
7.34308195
-4.13374043
-6.51866627
-1.0471344
14.1772614
6.47399235
10.1855268
3.29160213
4.53691721
4.70557642
-3.83539176
-1.61124372
2.50193262
9.34769821
1.01584625
-8.94944096
-15.3434429
-6.75589085
3.81522441
-11.7324495
-14.7015152
-2.83748674
-2.69868684
-5.16580725
6.00356102
-7.69103861
6.43711948
-12.5687885
4.6982832
6.55312538
-5.18152952
-1.49082887
5.27175522
5.18674755
-1.55650663
-2.51268911
4.27256489
12.2958355
6.16454554
-8.24825478
5.35357094
-14.5001059
7.44995451
5.08141422
-8.78814316
4.13223934
0.201070607
4.00584412
0.605614483
-7.27950621
-0.443601847
2.79517841
2.38520432
-13.6322813
10.1068993
-6.074512
0.0471613407
15.5361223
-4.36356783
-4.96832848
-0.350806236
-1.32965863
3.33570194
-0.6499753
5.7073307
3.88648891
-7.95865059
3.35725975
-0.325852156
-3.79989386
-5.36657143
5.94206333
2.4633882
6.00868797
-2.8070569
5.75980377
-2.21921539
4.19341946
0.566331387
-7.94925404
-4.60388041
13.4540558
0.114389822
-0.704986691
-8.84209251
10.150795
0.661642909
4.88472557
-2.91264534
-1.78682661
8.11592579
-0.758895516
7.8650651
17.8616943
-2.78913903
3.79571152
-4.1856432
-1.86208153
3.42088318
-3.31083441
2.71680117
7.69263554
6.39721155
-2.66061616
5.55003595
-0.62261343
-0.00742661953
7.26938295
0.468935013
-1.03848219
-5.47792006
-20.5806847
-6.16254711
7.34788179
5.80933189
4.96285915
7.97211313
-1.49194121
11.1903839
3.91494608
4.90951586
-18.9561691
-8.97410774
-9.67279816
6.9828949
-8.96575642
-0.133114576
7.057271
-4.55468273
10.105093
-1.61641264
12.2132826
-5.73498392
6.31786394
-15.3354912
8.0642643
-0.10618782
-0.338481963
-5.24816608
18.9836102
-7.72270298
14.4217701
1.49140263
-0.590244293
3.555655
-6.26852036
-12.1379166
2.32451844
-1.69812727
5.91118479
-9.38471603
-17.727705
8.22092342
-4.05335188
-3.93240571
8.53591633
-1.89799809
16.4248848
-22.5940895
-0.197807491
9.39694881
8.6609211
7.85786915
-14.355175
-22.3006878
-7.70352793
0.713028431
4.5338068
6.86802006
-1.50652599
1.72610211
2.21914291
-1.31004167
-12.0250225
15.25665
2.82835245
-12.5387058
1.10821962
1.00444007
0.0191912651
11.8291492
7.14410925
13.2875366
0.596931458
-17.3753757
-2.87778807
-17.1347504
-1.52094543
3.31647778
-7.27471113
4.72114897
-3.361444
18.1362267
-11.796936
-8.15458965
4.50277996
-4.32087183
-0.139279604
3.83347797
-5.9531889
-4.19636822
16.4245014
-1.44777584
6.98080683
-15.9822292
-8.25853157
-2.41829848
-7.32925415
2.88619804
9.34860706
0.24795413
-0.0593626201
-13.6534672
6.21903944
-9.0920887
9.79013729
4.44550943
-1.34136617
-8.09270668
-5.2784996
2.25532889
6.89254951
-1.82489407
-3.79922295
-4.78323984
-2.94519401
-2.26526594
2.27020454
-2.92688704
-1.03910136
2.57434845
-3.0631907
-7.45064497
3.09521341
-8.16849422
2.94794607
-0.978098035
4.15136719
6.07135105
-6.46823025
7.84267902
5.46453333
1.93948889
7.58450413
-5.41532707
1.5817337
4.80009937
-12.4076872
2.81578803
0.853879213
-1.92882943
-1.54877067
-1.41881526
-0.264648438
5.05561781
3.23912263
-14.6281853
-6.94083929
-0.618798852
2.75871992
-2.89435577
-0.559732676
-2.15795493
-17.6519585
-3.10159254
-7.43835878
6.51729441
-2.70732021
9.5671196
14.9175797
-5.03444815
4.2327795
2.32884073
-11.0524826
2.83086252
12.9569321
-2.77311087
25.0671253
6.5700593
-8.31139469
10.6701479
-6.21145344
-1.5732367
-8.78511715
-4.15914822
-19.0612411
-9.28436756
12.9533749
-5.0532341
-7.18134499
8.37611294
-13.8874903
-10.9602222
10.1595488
-5.10490465
-0.380854368
-1.43221545
6.22400188
3.34452772
6.96152353
-11.4909363
-4.63025475
7.36952496
9.6407814
-4.15411091
-1.20656776
-15.1388006
0.156258345
9.38694763
-9.58253288
0.3306427
5.32375145
12.5320587
12.7531223
-1.83708
-1.9650321
3.55240297
-17.4352837
2.03015947
6.98740101
-0.484900713
-9.54028511
7.41254425
-6.85229588
-7.24041176
-4.01529789
7.35583925
1.18057001
-4.00505304
9.95392418
-12.0974236
7.77516985
-4.00529861
-9.47926044
7.11001635
7.66026306
8.95341778
-1.37437892
6.49884701
2.51956797
-3.61501145
-5.50410748
-4.65838671
-7.75357819
-14.1788502
-5.71249151
-10.5655041
-7.17541981
17.7490845
-9.48059177
-6.7708416
2.6093595
9.0251627
7.34357977
6.08652782
0.969443202
-4.10685205
0.218406916
0.46336937
-3.04126644
0.810886085
-16.2943916
-5.25180769
1.62302983
-4.53211308
7.1789608
5.32010555
-11.8879757
4.87373781
-1.36439192
1.46319747
11.619545
-7.13007402
9.75733662
4.4805522
-0.20708324
1.56017947
12.8784504
-4.46783257
-9.95312786
14.9175434
-9.83985996
-5.57183599
9.73545265
2.52487659
-8.73438263
10.3601418
2.69379854
-3.36892843
-11.3410797
1.15391755
11.4971876
-0.796060205
-2.93281555
0.528761148
11.2784042
7.28268576
2.2546432
-5.80403614
-10.9177742
-0.70423007
10.7675333
-9.88340664
11.9260082
1.19314909
-12.575634
11.3194017
-1.46323144
-3.02671337
8.41377449
5.83009052
8.8081913
5.14867592
-4.66977215
-0.363581896
4.21518946
-1.04830134
-7.07952356
4.22925377
-7.50400686
-1.73110044
-7.58240032
-0.690967202
3.41694355
6.64600372
6.86438894
-0.551427841
-6.02275848
-16.5502377
-9.04403591
-13.3158646
-0.450145006
-6.94301033
1.61968112
-8.56888199
-11.3256016
-5.28524399
-0.76033926
-0.566560745
-12.7418642
1.4267695
1.53727198
-7.17028332
-1.93089652
8.9433012
3.00288534
-7.52098989
-2.23348379
2.29543281
-7.70904446
-14.1687183
1.6778084
2.02345371
-2.64322424
-1.35387158
3.39731693
-10.9318075
7.62664223
-7.68036747
-9.54371548
0.768516541
-1.42130566
1.39723003
-8.67259598
5.66802597
-10.4550714
-4.44133234
2.11000085
10.6070862
-0.589561701
-8.87879562
10.2667961
-17.8926315
12.3652487
-3.14586473
-5.91558266
0.486879826
1.29240966
1.89819491
-5.86972904
9.55971146
-2.21844482
2.18042326
5.97237873
-0.973968029
-6.2404747
-1.50554848
5.46436787
-0.686201096
0.240530491
-0.0161500573
14.4472466
3.69043398
6.69441748
-1.91525435
4.50159645
4.40261745
0.387922525
7.28595829
1.50976849
-9.95228767
-14.2429733
1.99915719
-1.64313126
0.61948204
4.61686134
10.8015985
-2.46491861
8.71463203
-3.53128362
0.910334468
-2.2092607
-4.15297842
8.88625336
-6.32175159
10.6447039
-0.878859758
5.169312
1.121243
-7.00682783
9.1759634
-10.2821159
0.356972396
-1.8156507
-4.00358152
6.5264883
-9.52606487
-4.61028957
6.05702448
3.68992186
11.2107735
-0.707304716
-18.1515236
2.99316835
-12.1133242
8.03738976
0.673602045
-7.79819298
-6.20709705
-5.28253126
-2.72591257
-2.75627518
-5.8421073
-10.3663979
-7.37660456
-4.48476124
2.22286201
-7.46639824
-8.74466515
4.06174326
5.80377722
6.83448887
1.34009683
1.06859124
19.6390381
-19.2389126
8.88409042
-10.5817623
-10.7551537
-3.79378557
-2.90948486
-5.72681904
5.2815733
-1.1811235
-7.62217999
-11.7900181
-3.14727402
2.54167223
-10.6619539
-9.52135372
-4.93678474
1.39311194
-7.83784914
0.502950191
-6.48758411
-13.0021143
0.75528264
-3.54395676
-4.73679161
2.8414011
0.417911053
-4.93415928
1.81572914
4.97580338
-1.31448841
9.03102875
-1.15974188
-5.56581926
-1.26003242
-7.82467937
0.623055577
11.1489801
-7.32550812
-0.265246391
4.35124874
-1.12723005
-0.938243628
2.44349504
3.9469738
2.76689148
5.79738617
-5.94092941
-8.06636238
14.5246716
-0.401118755
-5.14023638
3.99215531
12.0606174
-0.115446046
5.09365082
8.42867565
-4.14866924
-7.26415491
-6.2453084
3.27696609
-4.39680099
7.41361761
-0.33980751
-2.12466025
4.17336559
-11.91679
-9.50203133
-0.416869849
-4.88044167
0.41752243
9.10931015
5.80570889
-8.50055981
2.56109858
7.78939009
-1.07437479
4.13230038
-3.33229804
10.13832
2.32987118
8.92734241
-1.67097235
-5.6916666
-8.81797314
-10.7851486
-2.69752836
3.29183555
-5.88363075
2.75211668
-2.89081669
9.42173576
-1.32004261
11.0060301
-0.24825561
-2.21289372
-17.368782
3.55370498
-6.19335938
8.00925541
-4.3865881
8.27871132
-9.64319134
9.69347382
15.3866367
1.23421407
-1.31393087
3.48363471
2.86955261
17.2874851
-9.46124268
-4.9136219
-2.10903239
28.2617207
-1.66128349
10.4615288
-4.80335331
8.40123367
-4.23382235
12.852685
10.5301104
6.76133537
2.61642623
-0.220905393
0.323591709
-3.46650267
-11.0386467
-18.9484673
-9.79437637
17.0405903
-13.6804571
6.84959078
-18.2270432
-5.37096691
13.6439877
-6.18404293
-3.98125291
-0.07972157
-1.53372252
-5.77122879
8.15038776
7.23025894
6.30333042
-5.28933764
0.0840277672
0.885442495
12.1667309
0.523957133
-1.49233043
-8.53700638
13.5391474
-2.48471093
6.6789279
4.2325573
-11.2043285
8.45330906
-5.82681322
-4.41788101
6.79330778
-5.18272591
15.6249018
11.210289
-8.74838161
1.325315
-2.25490856
1.15938473
-0.639122963
7.52210903
7.54663563
1.38961613
-0.0236728191
-8.23398876
-2.44524002
12.3421888
-3.36121535
0.740010619
3.70502114
3.31009579
3.47313547
-5.68626928
0.199373126
-3.259902
10.8456116
-7.16152048
0.280716658
-8.28677559
7.11734962
1.23331285
7.02785492
5.22848845
-0.622827888
5.23007917
-1.10386181
1.13524342
-6.73895502
-13.0266542
-10.5423584
-3.11187005
-2.30800962
9.96621132
-5.45202923
-5.87637663
7.39621782
7.65909815
6.33496189
-0.466679811
-5.64697456
0.307964563
15.5816841
4.03321552
6.79421282
-0.895323753
-1.28557503
1.03119421
-1.60176444
-9.77295685
11.0680285
17.2171555
1.52816439
8.08377838
-2.23154283
-0.504670382
-2.17755365
-2.44875646
-10.7622375
8.788414
9.41076469
-11.9312391
9.42317963
-4.10950089
-8.25726318
-2.05655718
2.2046833
-12.4614191
2.97814631
-7.79296923
16.3143997
-2.54095101
-0.0058453083
-9.70488262
7.25179291
11.4508286
0.110598087
8.42922497
-2.34447193
-8.62133884
-5.57253265
0.264248967
7.5910182
-4.49064398
4.56869555
7.68636751
7.64832067
-8.35235786
1.49318981
2.49821043
-12.4245195
9.35232925
2.84302473
5.81648016
9.7605257
7.79227638
1.93659616
-1.73462987
2.0565114
5.1908288
0.116348267
-5.18678284
-0.551956058
-4.37514973
-12.7831421
-0.337144494
-3.45511389
-2.14960003
2.64629745
-14.1228657
-2.81422591
-4.84857321
-16.8161583
-0.546011567
13.8667631
-1.56257868
-9.11235619
1.35997427
-0.918914676
13.2125235
-6.00774479
-4.81065702
7.73502874
8.4743557
-10.4662342
-12.1486254
-0.932460845
1.49359739
2.68896198
-6.54479599
-6.83029366
2.01033425
-5.8192029
-9.80229759
1.4998436
-0.451181531
13.6425934
-6.93463135
-8.67223167
-9.68749332
-2.46052504
-6.70210314
-0.560026646
-9.50106335
8.80149555
-0.581187725
4.50021458
6.34382248
-6.17592001
1.77987742
0.161708832
8.19673538
3.44169354
-4.81712723
0.0547418594
-3.81352615
9.07492828
1.39116776
3.10098457
-5.1632452
-5.81013441
-17.9622498
12.5126104
1.01910758
6.67583752
-2.90678406
-9.47507858
5.23113394
10.1164703
8.48225975
14.8594723
-3.77528238
4.15294313
-10.4713058
-2.85244799
7.67852545
-3.56289387
-3.50096202
-7.14159679
4.34843111
4.9047842
3.75760412
2.59179425
3.80246544
-10.2111454
-0.360438585
6.35743809
2.16187143
8.97979736
-2.3316493
-4.05892754
21.3188839
-6.17653561
-3.98243284
-2.52651405
4.18826962
-3.7743783
-0.557540894
-11.5179529
-11.2022457
-1.34100103
10.0090237
-6.93835783
-7.0948658
16.9176769
4.233881
-12.8239021
2.40838408
4.36238813
-9.05829048
-0.845867872
-6.66386032
-0.667881131
-5.57276392
6.76285648
-3.7603929
14.6550322
1.54348993
13.1004553
8.54290962
-8.01605034
0.433851242
1.71736419
20.278141
2.67187428
-3.40663171
1.27319837
-2.14554954
8.18230438
5.62820959
4.97188377
-0.163094521
4.19778919
1.93131685
9.93085861
-28.5759907
-10.7564507
7.84796667
-7.68369246
-3.63470149
-12.0672531
-17.9327602
1.50815427
-9.90925503
12.5060511
12.2286911
-3.67871475
9.29710102
-18.7040596
5.20286322
2.46318865
-8.7457552
-5.1413908
-2.44388127
-3.4703126
-1.06464362
-1.43163013
-1.28959727
2.46456337
-20.2144852
-1.57016194
2.90204406
-16.5013161
-4.43690348
17.7632637
-12.9048738
-3.12258005
-3.11788678
-5.35133553
1.09080899
-3.30540705
-6.31284523
1.27641392
5.93028736
4.4322238
-6.70097733
-21.1035213
-6.46217394
2.29770613
-0.577325106
-10.8323078
4.41949224
7.22056961
4.48355007
-1.5806458
-2.75741339
2.34556222
2.22716188
-2.52683043
-9.5297308
0.0592916012
-7.95140982
4.00077486
-7.52391911
3.11989212