2.48326707
-4.20525551
1.86048484
-3.41649771
4.95090294
2.31056595
0.97215867
-5.85216331
5.14331579
1.05021155
5.55110407
-0.342676163
-6.5727644
-5.12497997
4.69993162
-4.5659709
-2.07200623
3.89458084
9.14768028
3.04348636
-11.9380913
1.04919577
-4.50717974
1.5917573
-1.67013717
2.68771124
-0.786438942
-6.62097359
3.47499657
1.72878838
-2.37773848
4.0858345
-2.32283926
7.80173922
4.10761213
-4.2922411
-9.72422504
6.24157619
-7.04688549
-3.68152857
8.2908268
-9.16745186
-7.71974468
-4.48007393
-2.13923502
-5.98993874
3.50039172
2.04527617
-5.66112137
4.05676794
-3.33344316
9.19411278
-2.28972816
-5.71037483
-2.60031319
9.585495
-8.95135593
10.2539997
-4.79499292
-6.30755329
3.16881466
2.03924513
2.85964441
-5.26808882
-2.29245877
-0.925117016
-3.86705017
-3.77070999
11.3486814
12.6822262
5.83466911
-0.904266834
-9.71921158
1.52033603
1.37568891
1.30739677
8.40504837
11.6881504
-14.3028097
-4.62871838
7.20430279
-3.38449907
3.81014729
10.4376221
-1.39447045
-4.37720633
0.485942364
5.653368
0.783007622
11.0688848
3.25374317
-10.3550978
0.465928733
0.818912268
-9.3150959
3.69643497
2.32175636
-1.57774329
1.14238977
2.7006948
2.60462022
6.64101362
-2.9034791
5.43144608
-4.79288673
-3.76535106
7.45157957
-1.316342
-1.28250074
0.418195844
3.83480835
0.81998229
7.32218885
3.56724858
0.435227036
-0.0169782639
1.41783142
-2.04084206
0.14505446
3.59188414
-9.33065224
3.50761986
0.272548318
2.35381961
-2.81768084
1.60488892
-2.37891626
9.04434013
-3.35462117
6.41690731
-4.09293413
-8.63869572
-9.51812553
8.27573776
-1.68382025
-6.43949509
10.2381134
-6.03783607
2.95772886
0.213287592
1.63470936
9.43622398
4.64325571
7.10197783
8.18359947
5.89843416
-11.7182016
1.41118312
-14.7385263
5.11898041
-9.20843124
5.71476793
8.04096985
-1.03528929
-4.7008872
-8.82539463
0.623844385
-3.69223189
7.47941637
3.4313674
1.16630876
9.26859093
-3.47838259
-8.32764816
9.25558949
-8.02641106
1.58802223
-6.06323814
2.32374024
-7.24367285
-5.10061979
2.4606967
-2.05448031
2.85321856
3.63044786
1.77617848
2.59839678
-5.15379524
1.74377596
4.14840841
8.24889088
-0.980412245
1.63893175
-6.21564913
-3.49911022
-1.52020955
-1.6449939
0.409095407
4.93874598
-1.98233163
-4.92872858
2.07950139
9.72747707
-3.63117456
-1.36450315
-2.11822343
-2.73490143
0.874961734
-7.25269556
8.15080643
-2.57356501
-3.92042351
3.6589551
3.4232254
5.00356722
5.62263203
-2.93681288
2.32133412
-7.56659842
6.36070395
-7.14550018
-6.09227371
-7.05554104
1.56487155
2.22955704
6.55410624
-5.34715366
-6.06537294
11.2924328
-7.73693895
-2.63687992
4.79408169
-4.65791321
2.86397672
7.72603846
-9.55180168
0.57946974
-0.244138241
10.9372921
-2.0388391
-2.34319639
4.16759968
-0.556070566
4.00807858
-0.795286775
9.17831516
-6.18692541
-11.6996593
4.49346256
7.63876057
7.91396046
1.43619299
-8.58060074
1.69374454
1.34438419
-5.20965767
9.80052567
-1.42357492
-0.0961391926
3.23028541
-12.5922413
0.333580017
-0.445794702
5.59986496
-2.88909268
0.962265491
1.23116732
-1.46441603
-0.134990931
1.27619588
-1.60081542
0.778753757
5.07995319
4.53421688
-3.58311415
-2.01685548
-2.72265482
0.00809875131
0.0831493139
9.35836315
6.70123148
-6.15550566
3.92034364
8.07069874
7.46643543
3.95057964
-1.19106638
4.68363857
2.50034642
-8.97128868
2.33162189
-2.0782578
-2.46380806
4.02660465
5.31159115
-10.1040859
7.33291578
0.406457543
-14.1849747
1.12092495
13.9622574
-6.79023457
1.21308494
-4.86188364
-5.68892717
12.1508589
-1.46867657
1.85403013
8.99667645
0.0680238605
-0.408693403
1.67060161
4.31821918
2.39645553
-1.04154205
7.69723225
2.30425358
2.04701138
-1.98328733
2.49008989
5.84936094
2.40073442
-0.160264254
-4.25591516
7.82804728
-0.127736092
-10.5045462
3.25779057
-3.54942608
8.97743034
4.51648283
-2.56210995
-0.885864019
-7.28930616
5.20747089
-2.52691221
-10.9448414
-0.469369292
-4.77724218
-2.17327404
0.582262754
8.38535881
0.851255417
10.5719662
0.855102003
-0.212026536
3.35781837
-1.46618557
0.561551452
9.57807827
-3.59861803
7.09920788
6.30773592
-3.65379882
-2.80095291
-8.76680851
-2.51412606
-1.44964194
10.4334984
-0.900594473
2.78314686
-11.2512178
-1.39042568
-0.637621284
-3.24854565
-7.87718105
-1.02373075
-6.52593708
-0.243434012
7.47246981
4.89510107
-6.84822416
1.69215572
-0.0449130535
4.33799791
-2.63296986
-3.19605017
3.06567073
7.37603855
-1.86412275
0.752879262
-8.32694435
-3.38841724
6.3844142
5.54826546
-3.78436327
-3.24112701
-0.0606656075
-3.94513702
0.327974916
1.11386383
-5.93495846
-2.15336514
-0.918440104
1.92534208
6.54452562
2.56353307
5.68803835
2.61367679
7.97102308
0.409783006
4.45085716
-4.94462776
3.72179651
3.19948912
-5.07550573
-2.53061676
6.43086767
0.556010962
-1.60454738
-5.22891283
0.522900105
-1.54648876
11.8328238
1.51351845
1.39756489
2.74099088
-4.04457664
-0.947954416
-9.25352001
3.47822833
0.153853297
-1.57504463
-7.15581036
-3.6521554
0.41841495
11.1460791
3.37816572
6.78594685
-5.05597067
-1.11801934
-0.79437089
6.32579279
-3.7268703
-0.0133678317
-5.40051746
-5.46219969
1.00747108
-5.60902309
2.57379007
-1.40727293
4.7583003
8.04211235
1.65223622
6.87235165
2.40505648
0.89966464
-5.99138737
-4.40881252
-2.60898066
0.255807161
-10.4553976
-5.42791367
3.50475574
-6.53937483
5.68278408
1.34575307
1.29652011
-1.68568635
-7.11761522
-5.95148945
-1.73971462
6.48375034
-1.54592395
1.25696301
2.03462124
-4.25319767
6.89749241
-10.0716381
1.93446708
2.09891248
-4.50970554
0.295096993
-2.67144871
-5.09241772
-3.1732254
-10.6633625
-2.76452112
-1.87396777
-3.87737322
-4.38819313
1.94925952
-6.94372129
-0.850817442
1.86586678
3.16181612
-10.9518356
-3.36140013
6.65755224
5.727211
-12.1608639
-6.87452984
2.6470952
-7.63251877
-7.62592411
-5.20334578
2.9675355
-7.0167942
9.05057335
5.39037991
-5.76544952
1.0229975
0.741192102
9.50919247
11.9285965
0.564767599
-2.32331657
-3.10322094
-10.1843805
-5.37888145
2.24406457
-0.047458142
-4.60532045
8.93341827
-3.06612921
8.23101807
6.12467861
4.72973108
6.29570246
-4.77831745
-9.18273926
3.69739676
-1.32105184
-10.5808344
-7.08485889
5.63715601
-2.48731565
3.89462638
-5.1579504
-1.55402422
8.76050568
-8.54074001
-5.37533855
2.40413094
-2.60351992
-3.80541897
-7.14817715
-2.46152353
-0.141908705
13.8393669
-3.0424037
4.71064806
9.26407433
6.12590837
0.195169449
-2.18957829
3.75202703
-0.353567928
0.586703777
5.13009834
-3.45664859
-5.29405594
-0.0241366923
-8.97904873
-2.84921455
-1.64438415
7.56619501
13.0930328
-2.13690042
13.5467319
3.302423
5.28822899
-0.885688424
-6.2834444
-0.616998136
13.9310102
2.84711194
1.39264417
-2.85334206
0.829303265
-1.0212779
4.23430538
-9.03365326
6.62027884
0.0158765316
-4.5769763
6.38178253
3.41898203
7.60788155
-5.14444351
-6.98739529
-0.446910858
-7.56907082
1.0597024
2.12701368
-2.37657595
-3.50249243
5.44030857
-1.67955065
-0.397105455
1.17141342
2.74422741
-3.19758368
-4.61787844
0.293050885
1.7428844
1.89230537
7.59879589
-0.191104293
-2.04292202
-0.27462709
10.2513962
4.82611179
3.91342735
1.6142031
-8.44400024
-1.81019199
7.57208443
2.57380486
2.9409678
8.25203323
4.24818611
2.25403953
1.97589087
9.53985119
4.7283082
-9.19703007
-3.06985617
-0.565370679
1.73087084
-0.894482374
7.83509731
11.2687283
3.32171035
11.0664949
10.0864811
-3.80391836
-1.778175
-6.81216908
-0.974279642
13.7393837
-3.77105665
-3.63628769
-4.07372618
6.95127869
3.32107258
-5.11824083
2.02812529
-2.73691511
-2.57623267
-3.26553392
-6.88074589
9.64589214
-1.29898667
-3.71603179
3.59886289
5.01922226
6.43509245
-0.334999532
0.221839905
9.91013241
1.94526327
2.4758656
-4.09988737
-1.51776028
0.737640619
2.25589514
5.9802928
2.01165628
3.04374027
2.87395525
-0.494963765
1.54700077
-5.72379589
-2.47898364
10.7427025
-5.16304159
-1.38278151
-3.92823768
-11.1581259
-5.80634451
0.699019194
9.03956413
6.71452332
1.5975852
4.61470842
-8.92197037
0.48667866
5.24718285
2.3524847
8.50813675
-0.710518658
1.60142553
0.480612874
5.12217426
4.30511999
4.42720604
-6.65389013
-11.3927183
-10.7333193
0.444661111
-3.55241442
9.79222393
12.5501251
0.895578921
2.5098114
-3.19716883
-6.23589754
2.58566284
1.76800585
1.08259726
-1.19084215
-0.691198349
-7.19527817
3.55955768
-4.47895622
-4.92052078
0.492936254
6.98451996
-3.00398874
1.00823283
-0.57157445
5.38452244
-3.01327443
-2.61796069
-5.78419113
-5.2083993
-4.36888218
-4.73223495
3.38198495
-5.77963638
-10.4949446
15.5603857
-3.28851748
3.71766376
4.00677347
-6.44298315
7.87504959
-0.27594161
-0.800329268
-2.4818182
-5.71420288
-1.39983582
1.89380777
7.1554122
-2.9292109
-3.60265183
0.0298001766
0.174583912
8.16822624
-2.43787074
-5.74377775
-0.0443748236
4.37306023
2.66640759
1.27964711
-5.45541716
3.75507927
-7.74604702
5.78589249
-1.60630035
1.52783906
-0.483773232
-3.97353745
-3.4642396
-3.75908852
3.35339165
-4.6644001
4.4451561
4.08138132
-1.97085226
-0.428802192
-2.39662838
8.55810833
15.5919008
-7.55372524
-4.13784409
4.68198013
0.267365098
3.21017671
-2.66709518
-5.27129412
-0.904964566
-9.67947102
-5.3613205
-1.70452356
-2.35245609
3.60990238
-5.31158352
1.32942033
-4.49335003
-1.7573607
3.07332611
-3.7398808
0.665463328
-5.31927776
-3.6140635
-1.29086471
-0.745848894
-0.975489855
9.30894661
3.77461958
10.3628321
-0.870337963
-1.77733493
-1.36303973
-2.01656079
-5.00226593
4.80205393
0.480519295
-1.88551044
-2.84864473
0.491118908
5.53051615
2.65943289
-10.9636707
2.77312851
0.906131983
3.57314301
2.79606032
-3.92851305
6.71625137
-0.669454575
-13.244174
-2.92423582
7.17875576
2.35510969
0.59053421
-8.40199757
7.28613758
1.4692955
-5.2910409
2.85853529
-1.07350826
-11.5609722
-3.68014932
-5.67607784
6.331707
10.6708851
-3.03036571
1.98553944
9.00472069
5.582551
1.46908498
1.57730937
3.2226119
-1.81322646
9.50773144
-3.03665948
-4.67070913
2.05494881
-1.42308116
4.31073093
7.94441891
2.20961094
-12.4469814
-7.14857388
-3.28444457
2.6080029
4.33637714
-5.23667049
6.12001801
2.76904321
-11.3750467
0.874788463
3.42939806
8.51701355
-2.11964989
-1.02179945
2.81868219
3.33892727
1.26654673
-1.69570994
-2.27527452
2.48752594
-1.24109018
4.75196266
-12.9383488
-4.84276724
4.11523342
-7.66490555
-0.794068813
-7.59477425
-12.3123627
-2.83176994
-1.11919785
-4.74774694
5.95677233
-4.46337461
1.17869759
-10.4193478
-8.23938274
-3.98703384
2.04362321
-2.53817415
-5.72471762
-3.96309137
-0.514575958
1.66465604
7.15619802
-4.09578991
-1.40215051
4.82154846
-2.77025509
-4.45600462
2.00174642
-6.38033056
-1.56656432
0.858245015
-5.11139822
1.08226562
-2.84602165
-6.90497255
7.79525805
8.46424198
1.10913229
-2.03684473
-6.17386103
1.90201163
8.07037544
-2.94152641
-0.0235118866
1.7594142
5.89212084
-2.06656241
-7.63009739
-4.56407881
-1.64972329
-7.0868988
1.21737087
0.999051929
-2.75429249
0.257018089
0.428131342
1.49172282
1.01468801
-1.41662002
-3.50187206
2.19596624
2.64167571
-10.3629379
-9.98741913
-5.84768677
14.3192987
-3.77998948
0.283100128
5.22750902
-5.00587893
0.112277031
3.59021974
3.45960712
-1.96477842
0.837808847
3.66250277
3.51146793
5.86681461
1.41577816
-7.96956682
7.0779767
3.84327888
1.87965059
1.69776416
-4.85793924
6.60821247
-4.45534372
0.865041077
-4.2824049
7.85182762
2.60524273
-5.02304649
-5.872859
2.57761168
0.15162617
4.53475285
-2.64703584
5.33244419
-5.29809475
-0.27593565
3.54556561
-6.18319607
10.3673058
-6.59633064
-0.951255798
5.23739481
-6.87066364
-2.30790567
-2.25227761
7.26161766
-5.42570925
-5.78538942
2.92373848
4.45129538
-3.53074074
-3.1462245
-3.75408721
-0.580294132
-1.78620291
0.235144377
-13.4831352
4.01758623
-0.176564574
0.242583275
0.890950143
7.88046646
1.11287391
4.16506386
4.87457943
-2.51099539
-0.345226765
-3.69750834
-4.25739908
-1.46660101
-0.105360985
3.25608397
2.44509912
-3.26136208
-8.57761002
7.84869289
-9.0063448
-11.1049652
12.4572973
-4.34647274
-3.0807991
-7.91393757
-2.20646739
2.85757661
-4.73705339
0.208438039
-5.84465981
-3.50392485
-6.05709887
-1.71661544
10.09937
5.89021969
-3.04883885
-0.530013442
7.80773544
-0.259720653
-3.50700927
-0.363866568
-6.51377583
-4.49777269
-15.1394176
3.82150126
7.09880543
3.683851
-9.81012535
10.2675457
0.501689911
5.44754028
14.4298973
4.36920261
3.40081167
-1.38137174
-0.377413124
0.828968525
-3.35290718
6.50101805
-3.28514957
7.89942455
7.20263577
-7.30972719
5.73126507
-6.3544178
-4.78015566
-2.41012812
-2.30533504
6.34720421
9.80378056
-3.59631968
2.81874871
5.66732025
-6.60534859
3.3065989
3.72397852
2.8159523
8.87629509
3.96618629
-4.95549202
7.52703142
-1.42277586
3.70876646
-0.968137026
11.8048296
-0.0284526348
-6.58910275
-2.90627909
-2.08669829
1.95838916
8.90042114
-2.72400522
6.69234753
0.204014778
10.4750042
3.9763782
-6.90396118
-3.02617383
-4.74734116
-0.870222569
6.54114914
-6.8066473
1.17184067
-1.00902724
-5.83466482
1.29522276
2.57832265
-4.11098576
6.80584764
-6.67688894
2.92458725
3.82709742
-1.59048414
-2.98058748
-10.078248
-7.17093039
-4.05343771
-5.68564272
-5.19808865
-0.311787844
-6.3377862
3.00401664
5.47299099
-1.5008378
4.3146081
-6.48348427
9.88203049
-0.859091759
7.42050552
-3.35569811
3.11414289
-1.57075
-6.35505486
3.53560519
-5.75892925
-3.32450676
10.3833847
-0.404344797
4.49053621
-6.36755657
-2.20100284
-0.791794538
-7.37639475
0.606200159
1.32591057
-0.431238174
-6.99084759
-1.45597672
-7.63442564
2.74027205
7.260149
-1.05543876
8.53969669
9.44193459
-1.19697857
-8.53974724
-13.9264374
2.23556566
-5.17103481
-9.245327
-2.66130447
-7.94780779
9.31562614
0.162208557
-9.56949234
-0.277108073
-6.75698662
-1.59835756
-0.872104347
-7.94393349
2.73845935
-0.0357550383
-4.66250706
-9.39912033
-4.95080042
1.03789711
2.29036379
-0.459216177
2.95081162
10.4635172
8.14241505
-3.59706759
-4.35670471
-5.09565258
-5.82756615
-3.67280197
-0.0293459892
4.18303251
6.52700186
-0.444197983
-4.76250935
-4.90442657
3.74061823
-1.19662595
10.113493
2.59942102
-2.9289782
3.35167265
-3.01600313
3.08209634
2.11805153
-4.6435461
3.92474174
7.90711212
-1.84497404
5.59571886
2.71596241
9.27285385
-6.61767483
-2.89668226
2.27742243
9.96799755
-4.04109716
-0.232313633
-0.237210393
8.24681854
4.71123838
7.57369709
-2.17996287
5.59952831
8.57421303
3.09824944
1.89429092
-12.5038338
-3.04934454
1.04207885
1.72144628
4.80163479
0.729409456
-3.08906293
1.14222646
8.74470615
4.14524841
-1.51012599
-0.680931211
-7.01623631
8.38093758
2.30406022
-0.678447723
-6.80190372
0.91958344
-4.31639338
2.42677212
8.89301682
-1.25180233
7.05071211
5.35942125
0.220300198
11.6796799
1.67250919
-5.46361828
-5.88253164
3.07409501
-3.67863464
4.29938602
0.621172547
7.55402088
1.95446157
4.37802696
3.41436696
-4.62397289
3.58362222
4.62666225
5.01854992
-0.79461956
0.473227501
1.96706676
-4.67354774
7.50233364
11.3897114
-1.58050704
-0.0244706869
-0.277985305
-4.5342989
9.7052536
0.913281441
1.44676888
6.35561943
6.82994413
0.25121665
5.3459549
1.68328238
-3.80296564
5.44197273
-4.75729895
-4.13666439
-0.0863435268
0.99163723
-3.04274988
-14.9484367
-8.71722507
3.48162222
11.1164379
-2.91410971
-6.22488213
5.84718132
-6.23436642
-5.29183197
1.27920055
5.30297661
-3.65591812
5.23407269
-0.68909806
-2.75274467
5.92147255
1.92141676
6.14367104
1.82773876
-6.76712465
0.331648111
-3.12730885
0.0302296132
-2.21329379
-6.13292551
-4.2506361
6.73963165
-2.36448765
6.39994192
-1.96262765
-9.9179039
-11.1718588
-1.6989044
0.980135918
4.48664761
3.87091613
-12.7373238
-5.67020607
-0.397149295
4.73824501
13.0948124
1.77382374
-1.7423811
6.85586929
-8.55854225
-10.0054512
0.427818418
-0.587486029
-8.0677433
-0.789589167
9.22145748
0.787264705
-2.22699022
-0.109149218
-1.57907104
-3.72058296
13.366765
-13.0325642
8.07097816
0.553166509
0.289912462
5.73577881
-5.75059223
0.0695415139
2.84672928
-5.63020897
-1.91668367
2.4129734
-5.002635
0.475092888
-5.00782776
6.93877316
-3.58289218
-3.60903096
-1.17232442
-2.42703581
-1.06614828
8.45080376
6.21229982
-4.31986666
-7.99598885
-3.16952205
-6.86052036
-6.25328779
-1.36850452
-5.39812279
4.13865137
-3.17589235
3.90539932
2.63746262
-5.5496664
-1.49137866
3.64758277
0.171352983
-1.05738413
1.72989285
-6.42689705
-3.55715561
-1.68790925
-2.15363932
0.196874738
-1.54780328
-1.56235266
-3.48039699
-0.877406001
-4.95102978
3.94980907
-7.82682371
-0.164374828
-1.9218514
7.82585335
-1.01146579
-2.30926824
10.2325602
1.30094647
-3.56097221
-6.05548763
6.36705685
-4.99892616
-13.3365164
10.3623238
4.40472078
2.05530429
6.13813305
-10.8600645
-1.83088493
6.1081214
-3.88534927
-1.75113249
-1.1963644
3.21385813
4.02937269
3.12580776
-3.83069849
0.290034771
5.58816051
4.27017927
7.05206633
-0.248042107
4.16545534
8.34884167
4.23527527
-3.61013103
7.41926575
-2.57084179
5.20554066
-6.17092085
5.16455173
-0.857548833
-5.49928617
-4.84113884
-6.77426624
4.9039731
-0.0128846169
6.37047434
-0.716398001
-0.862401485
-2.2949183
-6.86507654
5.46582651
-6.57633114
1.04593194
-6.79678535
7.23808289
-1.99915671
9.30927181
-10.6013174
-0.51597631
1.9928757
3.65513515
-1.58424234
-3.67268419
-1.79778862
3.3400135
1.79556787
1.98246527
3.5990057
-12.0495243
5.13695955
-1.62383866
5.80276632
12.0915585
2.95671582
-9.12443638
-6.56118727
-0.738898993
-1.52015102
-4.4711113
-3.30597115
-1.95829058
3.08519077
-1.01866686
-10.8191328
-0.268644631
3.5632267
-8.66680908
-0.119320273
2.1666646
-8.54774857
2.9903295
0.432354212
6.18520451
9.36299992
10.4368153
1.95634615
-1.09611356
11.6795559
-6.05084229
-3.86338902
2.63572812
-7.00427818
-0.195712924
-2.78296709
-0.926631927
7.69919109
0.586920261
0.661763787
2.08484745
-6.09260559
-3.21720552
-3.2881875
5.74808073
2.73339963
-2.41659665
-11.4512625
5.92719364
-0.581857324
-0.863050699
0.36207962
3.20569181
-7.26570368
3.89308262
-1.10807657
-2.70727944
-1.54082584
-3.52321768
9.85827065
4.65663052
-5.82096148
8.61219978
-0.11683023
-8.00093842
5.44734716
0.675257921
11.1505299
5.75342417
-1.85947156
4.14759636
-1.81897235
0.0521429777
2.68125224
-2.32496977
-9.08976078
-5.82657576
-6.493608
2.80231643
5.95695019
-1.26913118
3.41431141
-6.18065166
-4.06910849
3.03809071
-0.228980541
-7.52223873
-0.215806484
-1.89510596
9.09667015
11.3060999
0.255363703
-6.80980206
-2.42803216
-3.85900164
5.74054432
-7.90903521
7.66682053
13.3557701
-2.06659031
-10.1886816
12.8900108
-4.88645744
-14.8354692
6.682868
-3.2392354
-7.7755332
17.7783222
6.24689293
-2.72866654
1.54520857
-3.3599906
-7.08135891
0.0520412922
3.93062711
0.94385767
0.242050767
0.274814606
-0.851112008
-0.27160728
1.84627271
-0.971762419
3.87762547
0.165486693
4.87251949
5.19082165
5.44061327
-1.56481242
7.43849945
7.89686489
2.17225027
-1.92390025
1.17432284
0.731778622
-0.483077377
3.21481133
5.38136387
-2.53517723
4.52136517
-2.98629928
2.06935978
-6.95450687
1.51113665
-1.16172314
-6.67368126
0.44991076
-2.843436
5.72456837
10.6898289
3.30317402
6.73111057
0.126824141
-2.44605017
-1.99971867
5.2324667
3.63419819
2.9292078
-6.04933882
-3.02202797
-3.6475544
2.38270688
-12.1161385
14.0335903
-0.406088829
-4.98374033
2.63130617
17.6527081
9.04021454
-2.56970286
-1.92896068
-4.63122797
-3.62619638
-0.225638628
-1.72918248
-3.7825408
5.2141242
-7.20222998
7.97867155
1.46875
1.12092781
2.55800867
10.3169518
1.32774687
4.5103054
2.16756344
-1.75499356
-6.72599745
-5.47311306
4.96142578
10.2369518
-4.94739866
10.1451273
-2.34165835
3.12111473
8.25208759
-4.90351915
0.825575173
6.00855255
-2.09430647
-2.87524652
-8.81745243
1.08964217
1.64570415
10.0193176
3.48787856
-1.8539381
-4.09414434
-3.61457419
-10.074789
1.06998038
-2.41532183
-0.289769173
-1.30304742
-10.387639
11.058342
-3.9318192
6.79213142
-2.62498927
-5.17742586
-3.26243448
7.12464905
4.67207718
-1.98302829
-4.12565327
-1.10356355
7.05966282
4.12717581
-0.212168694
1.20762444
3.31624818
-2.48781157
1.55928993
11.2920122
0.846440077
1.86750031
-6.45610237
-4.59416676
2.30416465
-0.457432628
-1.63192344
13.2986059
6.59740257
3.75311327
1.81023479
6.85964632
-0.252359688
-0.80348742
0.651055574
-5.57522202
1.58485067
-1.64617455
1.5379318
-1.11711681
-1.99814641
-3.8287077
-2.00856781
2.78836203
-1.52104902
-4.55022478
-1.08262539
7.30717087
-1.14330506
-0.873828948
-7.23728657
-1.84699392
-10.2380886
-3.87799621
-2.108109
-15.4592743
-4.20769119
0.459381282
-0.5182482
-0.0828242153
-6.48926687
-4.07204676
0.708974361
-1.59344363
-1.72420955
-6.41551113
5.25731373
1.41968477
4.61277962
3.45558357
4.41994333
-5.71395016
1.96862316
-4.70821095
-1.89153719
9.35052681
0.417317629
5.37208462
-1.29632115
3.11086464
0.362689495
5.84408379
-0.473839462
-3.79120207
1.7228899
17.075285
-5.63385534
2.4297781
-0.75932765
-8.15643311
-5.42194653
-1.44441366
4.31095171
2.52385616
3.49484587
-2.90600014
1.79190564
2.67111993
0.609728932
4.72549629
1.69143271
-6.66671181
-4.47573805
0.47606349
3.03576422
-1.04613376
7.30294037
-3.00330973
3.80202818
-5.21596766
-2.44823599
-1.56804585
-0.73197031
0.909748197
-5.51039505
5.9939909
1.32405901
-0.139232039
7.88636637
6.83511925
-7.70052433
-5.18838882
-4.43214273
1.30265498
-7.41267109
6.39109612
1.69267344
1.98597622
0.369777918
3.71730256
7.40915394
-0.130049109
-5.37465096
8.31210995
1.24997926
9.81730652
-2.42740631
-4.08958578
-3.53573608
4.39999771
-2.35141635
-1.18859005
1.42411828
-6.23784065
8.97566032
-8.16396618
-0.82604897
2.1047883
3.08801293
-8.04874802
-9.10025692
-2.97175264
7.64106941
-2.87097931
-0.624272466
1.25974524
-9.45536327
-4.39088058
-0.197398424
2.52081203
2.34546328
-9.95781517
4.28656578
-3.349159
-2.6105268
2.44066644
0.651007712
-1.11788917
-13.8081722
-5.48592901
3.34055758
3.15837193
7.17809153
0.357562065
-2.58994961
5.38713646
4.18343592
-2.27195859
2.13961601
-7.56370878
-6.95530891
2.86386633
-3.68527842
-1.22064459
8.0841465
8.90366077
-5.80512619
5.07562304
-2.4882164
3.70826364
-5.06899357
1.08066487
2.24270844
-0.632705331
0.24255085
-1.15175653
1.55627751
-0.209105134
5.24240685
4.15543413
2.77862382
0.807104409
-7.62344646
-0.768946052
-4.84143782
-3.97408938
-6.67198849
-0.785949707
-6.78198433
-6.12103224
-0.756593168
3.94620419
-4.98714638
-1.61136436
0.606054485
-2.53337479
-11.0244541
-6.41439199
9.7094574
0.753985405
-1.7423389
6.90911293
2.85345364
-4.559268
-3.05050993
-0.166292906
-1.83141327
-8.44204712
0.61853981
7.3176713
-2.23486805
12.2155714
4.57960987
1.1743443
-3.61160088
-1.72451854
-0.643502474
3.84049249
5.91580677
3.0077188
0.239083052
4.79589605
-3.70945048
-5.15783882
0.553282619
4.28225565
4.32897425
6.83150482
3.03041863
1.61900163
0.826342702
5.5730772
-2.33628535
3.82983017
1.75778747
1.80094326
-6.33414412
15.793767
-1.56166494
3.85872436
-0.104839802
2.65824127
-5.43066311
3.48215675
-0.698571801
13.515933
-1.37137187
11.4008226
3.12692261
-5.49234629
-3.35290003
-8.0082531
-5.93980646
1.26488042
-1.78993869
-1.85442293
4.61737871
-2.71308208
-6.58302212
-7.54605055
5.43294334
0.057038784
-3.00545096
-1.71665692
-2.28039742
-7.14585781
3.14397573
2.6552763
0.651910186
-1.05219138
0.608155608
-1.91092432
-1.59406137
-4.49077034
-0.689749122
-2.00910521
2.53163624
7.19843245
-2.84502721
-0.891991138
-7.775455
0.541729033
4.73151779
-3.97127295
8.2043438
2.77129459
2.80463457
3.49437761
1.85667753
-3.83401346
1.50140643
-2.50389576
-0.770209074
3.669801
5.3345089
-5.08962202
3.56906056
-5.95453787
-0.240314007
3.30152774
5.22971344
4.68446016
-1.32731199
11.6949482
-4.48134804
1.0532217
-7.26821756
11.8749533
-2.91298413
5.49137688
-3.41813302
2.2315731
4.69852924
13.504303
-6.83072233
15.930789
6.17426634
-7.28619671
-6.96212053
-5.67437363
0.707480848
-5.12602186
-0.219242185
4.56836748
5.45752144
2.44359183
-0.479698658
1.10182369
-5.19158745
12.9512253
3.52315235
-7.77029133
5.48434496
5.4839468
-3.21212769
-3.37597847
-0.956216455
4.76930809
8.65614128
1.66820645
-0.713436842
-1.53874755
15.8161364
-10.9307737
4.70351601
4.20023155
-1.89350283
-0.311036348
2.80570364
-0.57117784
2.35762882
-3.64119959
2.18677497
-4.84731483
-1.13348579
1.99764705
-6.11506748
3.01940727
-2.06836748
-6.27403069
2.94384837
-6.170434
9.3919611
6.39706039
-14.2927465
-1.4221487
0.77409482
2.51886487
-2.34154558
6.1653223
-11.6864166
-1.84224367
-6.32496929
-0.993981838
-0.992287397
5.86048651
5.65663576
-9.35327148
-0.0322811007
-3.60045958
3.16472936
9.27290916
-4.79771328
0.12323463
6.0661931
2.40710115
0.979922295
1.88398361
6.07320309
-5.51839447
-4.17926025
-5.32875395
-3.29504108
6.25099039
-0.545917988
-0.56747961
6.41230774
-1.78163171
-3.51905966
3.26644683
5.47324371
7.87039185
-3.93137527
8.85362339
-3.85226297
-5.11141968
-7.89346886
7.14905167
-2.54861832
13.0517311
2.40531015
0.735804677
-1.64701521
5.82978582
1.29467165
-2.62550449
4.62652969
-2.65240765
0.813418031
1.65714657
3.21761417
-1.1107583
-0.9887923
-0.896974683
-8.90759468
-4.25234652
9.17192554
-4.58329773
3.67087793
0.849876404
0.802684546
2.36106586
6.41116619
-1.23045087
2.12557769
-2.89450932
2.40898824
7.82709169
7.76215267
-2.29523063
-11.5195618
-3.63744235
-0.177332938
-1.92266035
-6.18110561
0.621327639
-1.99791813
5.0824461
0.630424142
-3.98522425
0.543829799
13.7452564
3.96789241
-0.837703466
-10.1616077
7.62996721
-2.08448362
-8.49119663
6.61008835
-14.2534065
2.22503662
3.3785696
-1.25728977
-1.32454133
8.49860382
2.70431376
-4.13718128
-9.0504818
5.58115339
-0.0362947881
-3.1824646
-4.2795105
-5.57753181
7.75913429
0.743923545
0.885963917
-6.50160122
1.91020489
1.34310865
2.21825099
1.0779202
7.24214745
0.306521416
5.40434456
-4.75411224
-6.44106102
-5.29682589
0.543515325
6.19531059
5.58025599
5.56476641
-0.220667467
3.6329236
-6.0541954
1.49488103
3.44572616
-5.16738939
-2.11023736
9.55376148
-5.01790762
-0.540569186
-0.623667479
-5.01798248
-7.47060919
-4.48518324
0.111791611
-3.46891117
1.64426076
7.18180609
0.67346406
12.2570229
0.982664764
1.01824546
1.13891256
-0.291661263
3.04482937
-8.57907772
13.0277357
-2.85745358
-2.41188622
0.421100348
-1.43612015
12.7559576
9.19642925
-1.70983541
-2.97372866
3.43058014
-3.88118052
-5.76810026
13.4152269
5.50048494
-3.42940974
-2.9104805
3.52541327
-2.20343924
8.66531754
2.97699189
-8.26628685
-4.8065629
-8.87757111
2.40201879
2.22217512
-5.26105356
-1.99661517
-6.07520008
5.00239372
-1.98006654
-2.15058494
-0.2909078
9.37513638
-1.74638045
1.74229717
1.36096382
3.33294225
-5.47834682
2.22852564
-5.16738033
7.59482527
11.2889767
-5.49766541
2.03552985
0.817595243
-1.69598329
-3.63952923
2.05195093
-5.21410179
-0.987935305
9.26989365
3.59309149
3.16666269
4.98160744
-6.10122871
5.39022779
3.13081598
-11.0601645
0.2789855
0.810922027
-3.35719609
8.86258221
-8.56810951
1.0531913
-6.23436642
-1.68365479
1.18148065
10.5935631
1.66961312
-10.3344545
-2.95734239
5.8629179
-1.86487341
2.71898484
-5.69075108
-4.90913582
3.66198635
-3.82432365
1.79420304
5.28755522
4.35696602
4.09456491
-3.7826519
1.06181931
-0.155094266
-6.60629845
-2.5683856
8.08466053
1.1437006
-0.242004931
2.44174623
7.5523138
-6.68851566
-3.67346907
-4.75819349
-4.49897718
3.30602813
-8.03127861
3.84030104
3.19320989
-2.98384285
-1.93905878
-0.566721618
1.33317924
5.3388834
2.81616974
1.26254094
0.71541214
-0.0571080446
5.99991941
-0.237268507
1.59028172
1.14599943
3.39175701
-0.865308285
2.47389793
-2.47382164
-1.68642163
-4.36131907
-3.54702497
-3.42630863
-4.35862541
12.8499298
4.04477835
-7.36046171
-5.45350218
0.804983258
5.80402946
-3.30815172
-3.84399557
-7.18806314
4.59214687
-0.857561827
0.918710232
4.62977314
-2.22105217
-8.08089733
-0.68274188
-8.37500286
-4.9964385
-2.52089477
-5.34217691
-1.58259225
-7.71069813
-1.94842029
4.2693491
-0.0465426445
4.294806
8.64089584
0.587939262
-1.35802507
3.69614196
-1.58584547
5.3228178
-6.16807652
4.15631247
1.29009295
-4.57390308
-4.67553186
5.69043827
-4.55928659
-0.416168571
0.547183275
3.7296989
4.06328011
-6.20950127
5.43645
1.21308053
-1.6076591
5.27294779
-0.00839686394
0.628542781
1.00619817
4.62769032
3.41265988
-2.12093282
8.65794849
-6.26858759
10.468092
2.93063474
-0.473443508
7.17714214
-5.18733883
-0.798822045
3.14945078
4.53446722
-3.33238816
8.02194214
5.09621716
3.19771481
2.6141572
-3.76314807
0.605543554
11.1672525
-5.26824999
1.88955069
-3.26276064
-1.96945167
2.30891299
-0.472807437
-0.489251912
-2.30423498
0.18637228
4.57689095
2.99008131
2.55996823
-1.02833879
-6.6911726
-8.25572491
-14.7997618
2.15755963
-3.10665178
-0.981214285
-4.53953171
-2.30614352
-2.73087358
-1.80386484
5.53953028
3.72400904
10.7274818
-1.30654871
5.86149359
5.3635931
-8.58659744
-3.02408028
-3.57636714
2.6723485
1.51936173
-2.15609741
2.22600174
3.15313387
1.24252021
4.20807648
4.5377779
2.29810715
0.611692905
5.46543407
1.64636767
2.35087824
-0.445675969
8.65772152
-4.0297842
-0.493148029
2.34595442
-1.15879571
-4.5216794
8.61836433
0.762622356
-1.01695192
3.13113999
-14.1560287
-5.43433428
-4.92378664
-0.496528506
-1.35524964
-1.20624042
5.96785879
-4.23559189
-2.25694275
-3.55242324
0.36937952
-2.69029188
-6.59614182
7.66966295
-3.046803
-0.545036793
-0.408171058
-4.96709824
3.73742247
3.37382388
-1.75884724
1.60255289
-6.61306
-3.24048424
-3.5871892
6.34016991
-0.0577443242
3.76772022
1.38538373
1.5736258
-4.68851233
-11.8243589
-0.13668561
-0.100212574
12.8465586
8.77444935
-4.1920805
-4.60935116
6.47310877
-4.28003502
3.83225965
1.27798557
4.87000179
-0.230004072
-0.0509152412
3.91336107
1.22577333
-2.80719423
2.22106934
-1.12016892
-6.04165411
12.8163481
-2.19841838
3.43516755
-0.479615688
-5.78446007
2.44384313
6.6226058
8.38896751
-2.6538496
2.59912109
2.27818489
3.27378321
5.37475109
-0.53489995
-1.90581095
-8.19859886
0.490355909
-2.02519703
4.66881037
2.73015881
3.52740026
4.37321186
-0.19339186
-5.10347033
-4.63356781
-8.27323055
11.9976177
6.13600492
3.85755682
4.62437534
-6.81981754
-6.99946404
8.32060909
-2.70002961
3.84923482
1.78626192
7.12581921
1.80766881
-3.4654212
-7.02494907
-1.99506962
-0.437838793
-3.00188851
-7.68267775
-0.407603621
-1.15783119
-4.43561077
5.13817024
18.0934544
8.15982342
3.2518692
-0.261815846
1.69425738
-0.129715085
1.78336191
-3.11453199
-7.80939341
3.10811448
-1.81351924
-2.51685238
4.72155666
-0.0230463743
4.64996767
-1.03529716
1.53084993
0.148413181
2.3748045
5.37402678
7.57910061
-9.11739826
6.86665869
6.90553379
-4.17523289
-0.829734087
-0.662855387
-2.77336574
10.6896868
-0.302739263
-9.72650146
5.03983593
-1.50333452
4.5127573
-0.171354413
-6.17769718
6.23935175
-2.23837662
-0.163914204
9.17898369
7.05218792
-1.26046371
-10.2129612
-6.20973969
3.63257289
4.64811134
5.64778948
-7.30661488
-2.45544577
-0.449247599
-3.50076389
-7.35965633
-2.73620701
-3.28324676
-12.1764107
-5.84117556
3.64384103
9.30127716
-2.64972138
1.43091369
-11.7027388
-14.9934711
8.45584393
4.18047142
19.9744225
1.48591626
2.22869921
3.81333733
5.96879816
9.02068901
4.09198952
-0.650618076
-4.61978769
-0.236590981
-7.10659122
9.44343376
8.90145206
-7.56051826
2.76973844
1.57011628
3.1052258
-2.47534251
4.29510117
10.0981998
-11.2441511
-2.95739841
-0.707535982
1.36063051
6.15724897
5.22801876
8.27223587
-9.63389397
8.86175442
-3.15231466
-0.806120753
-3.17314196
-4.21854305
-2.25832915
1.01305318
3.34938502
1.14415348
0.325911403
4.96294403
0.544309258
8.17476273
-5.02404404
-0.129795313
3.43011236
-12.023859
1.49727297
1.94953251
10.561388
-0.11094141
-0.0932255983
5.16467142
4.90814734
6.93561935
-11.559864
-9.29687214
-0.794764876
0.684665442
2.15944529
-3.94591022
-0.624507427
0.347626626
-12.9129171
4.02335691
7.60329866
2.68139219
-4.22287464
-1.04139209
1.50565839
-3.67894435
-2.83289075
4.98346138
8.45340157
11.698204
-3.0998354
5.96399355
-0.881378174
0.550279856
-0.0562553406
-1.41132951
1.80627477
-8.09393024
-5.63785744
-1.32716358
3.80318546
-7.52576065
2.04553556
0.125099301
-4.02502871
-4.34914589
-11.6002178
3.64355135
-0.834135115
2.46509314
-6.54840088
0.314257383
-4.48877048
-0.840298653
4.52886486
-2.53324032
1.4470315
-4.50277185
-6.98070526
5.1352129
5.49102306
1.24313235
5.17904568
5.15918922
1.55990887
1.17720234
3.65197444
-1.77772903
-2.7509675
1.44262409
1.17813122
-5.54096651
8.34114647
1.30426455
3.49630547
3.59036207
-6.97436523
-2.84076071
-2.45897484
-6.31314278
-3.2512548
5.91730404
7.73518562
-5.64090729
3.44863009
-2.71354604
6.27646494
-4.86836815
0.0962043405
3.76034451
-11.1316385
-1.21984923
0.883826256
2.66199422
-0.894245028
-4.36256313
5.39345646
10.0545778
-0.934089065
3.57178092
6.68048859
1.18970859
6.66358757
4.57021284
-5.51792145
2.00806522
0.714715123
3.23384094
-0.00696015358
5.75207472
3.53998637
-4.09185505
-14.6707315
7.14780569
11.5050564
2.5136044
-4.87432671
6.20394039
4.20662689
-8.72973728
0.912850618
6.98261166
-4.28386641
-4.95919561
-11.1847725
13.1520805
-6.28330708
-3.36682653
-2.5468049
-6.773283
5.13734627
-6.95591116
-1.62414908
3.68327641
-4.85262537
-4.14668417
0.48984611
-3.98416924
-7.2722044
-9.58993435
-3.40661311
6.38298607
6.71244812
-0.37311244
2.69874215
-10.886529
1.8061794
10.3566761
-2.49021173
-6.84267044
4.39689779
3.12236953
-4.09611845
2.50274706
5.87845373
-2.04181099
-5.74918842
-0.79647702
-3.09657359
-4.80489779
-4.10220242
-2.39624739
3.00215054
-2.88526487
-2.12275577
-3.75200605
-4.49000502
0.163563371
2.45654869
1.91330791
-4.5981369
-15.2954826
-16.7252846
-2.501719
-3.50156236
2.44406986
-0.0946326852
7.76139832
-2.47611427
-12.1822472
3.25972247
6.69473839
4.32308197
-0.613760948
4.06006098
3.07318068
2.19743729
5.30000353
3.13503718
0.54221046
-0.0735248923
2.4854393
-1.71213365
0.0978936478
1.10852408
1.96027136
5.00611973
-0.862756848
-0.0308817327
6.60787487
1.75520158
-5.00184917
5.72015333
4.21227598
-1.84020233
4.13454199
0.813449502
-10.6369762
0.411790341
-7.91500378
3.03685236
6.016819
-7.94783688
-7.58874369
-4.01170206
8.52835655
-6.91452646
-13.8445301
2.27539802
-8.10277748
0.728678167
-8.41488838
3.55408025
1.46863782
3.0199976
3.21701193
4.45587349
-3.31289721
8.38681221
-4.48173237
9.39713764
-0.325980663
-0.211396217
6.84518433
4.12722731
8.08196259
-3.52731633
-2.29045057
-1.97054982
-5.02327633
-2.02197266
-0.343902826
7.77936029
6.18096161
-5.0095253
-13.9263821
-3.10805416
-1.5574069
-1.12690473
8.4842453
-1.85184026
-1.86882067
3.62520361
7.33589125
3.20675635
8.84272194
-11.5061836
3.27125502
-10.257369
-1.52526128
-4.07519341
-5.92158461
-7.03810644
-9.38727188
-0.729278326
-11.8218727
6.58572674
0.0937729776
-3.50775051
0.0229436755
3.99399042
0.46487999
13.8663836
3.10704613
-0.590574801
-0.893536747
3.46669626
-1.31861961
3.75794029
-0.960348487
6.50364637
-10.3041058
-7.26640892
2.39654493
-1.58660495
1.90185142
-2.3140471
0.218531251
5.68195486
-0.0512630343
2.42184162
-2.670542
2.7373848
1.56549299
0.778680444
2.59875774
1.37125826
-3.17387247
-0.719099283
2.61336184
-2.34107828
0.696950912
-1.75689352
6.71042156
3.78191662
-2.0660162
-1.20063901
-9.60068703
-3.41540933
7.68694019
-0.484292686
3.63810539
7.00593567
2.98267794
-5.86705971
-7.38838577
-7.90818167
5.63060665
-0.183884203
11.1066208
-4.8545084
-2.77489686
-0.295396566
-1.56584394
4.34895229
1.49209547
8.96590614
-3.90366602
4.02292633
3.92387533
-5.33258057
7.24951982
-0.154312074
-0.232493848
5.83351803
-5.20465899
3.45010138
0.977214575
-2.0958581
-0.452182353
-3.22632003
-4.54374599
3.28889227
-0.747511387
-5.00983763
-2.02018213
-9.4342165
-6.00864506
-1.80474186
0.493335485
1.95285249
0.0807065964
-7.95299149
-14.8259697
6.79491138
1.04826379
1.44153619
-7.153584
0.639663219
-3.529356
1.53507686
-1.09347486
-3.87843204
16.3728657
10.342392
1.77315474
0.174300432
4.818542
-13.422204
-0.652818799
6.23887634
7.01165724
-8.42203903
-5.43105602
3.06284809
4.35826397
3.5305326
10.4041204
-7.50000334
-11.4289417
-3.19415808
-4.90121078
0.144329548
7.56249714
-3.01774716
0.239817142
-1.28392673
-1.46690989
-0.105875015
-2.8276484
-1.38587224
6.82237387
-1.05524349
-5.05244398
3.75579858
0.108204275
-4.28564882
0.498915553
-0.720038295
5.288661
-2.59100842
-1.23160136
-0.168296456
5.07554913
-2.45091248
3.6252737
-1.26452827
-0.150388837
-0.0739170313
3.77507448
6.49745178
0.584940553
0.261829436
-1.93768692
-5.85556889
6.28235912
-3.10765934
11.8610315
1.98496461
-10.696991
3.47253203
5.72776127
-4.36628675
1.66854036
1.86884487
-3.99825168
-2.40890884
-5.05394459
-5.78375435
1.36842227
9.12917328
-5.42029953
4.88305521
-8.78466988
7.27090168
3.99739313
3.95197797
-12.9579134
-7.07137585
-2.94219899
0.367164731
7.12734461
-6.84424114
-2.65540409
2.64949918
-0.528801441
3.51408935
-1.38653874
-1.41428971
0.150287151
-8.13650608
-8.15018559
6.00463629
5.32693768
2.20522404
9.09929848
-3.89405537
-4.5764761
-4.26332474
-1.52587032
1.69509995
-2.90641594
1.13228464
-1.29668546
-1.91460454
4.42461729
2.19074559
-8.12497425
-1.21694493
-0.579714417
1.85334325
-6.25285196
4.9010644
3.3999958
14.5969372
-0.962103009
-8.41232204
0.660410166
-8.55087852
-6.79195404
0.503097296
0.283748329
-3.70587635
-0.753235996
-4.03717709
-1.88349164
5.22854042
-3.52944207
5.05079985
-5.05564165
0.0316013098
4.61742449
-6.56799221
-1.10453033
9.52989388
8.18949223
-0.140210867
3.06986141
1.67372906
-0.854788184
-4.43195486
-2.92817521
-2.59329438
-4.82527256
-4.23207521
-5.14351225
-3.65102267
5.69098377
8.39235497
0.15771246
-0.0906259716
-7.79831505
6.64841604
1.94209409
6.04242134
-7.75740051
-3.57658482
5.40927887
1.63059092
-10.0865879
-1.69102597
7.43941593
-2.89144969
-4.83228207
-4.13419151
3.54313993
8.66013908
-0.422117501
1.37439144
-3.60740566
-3.54335403
0.228723645
-3.88976717
7.26078272
-2.95929193
-3.813169
3.20493627
-4.57266283
5.64414644
6.58327723
-2.67228317
-5.71919775
-0.380139947
-4.34146309
8.72976208
0.18231523
-4.92093945
7.65762615
-0.693389416
-5.94028521
4.60572052
-5.03039074
3.08146
7.65940094
2.46906638
5.5603466
3.46003079
6.9650383
3.98269582
5.76888466
2.39569616
-0.744114459
-7.53974247
-4.26880932
1.69864857
-3.70847225
5.50451899
0.339241564
-4.71537924
6.68872547
-7.76803303
-0.750466108
-2.91922474
8.47163391
6.33051348
-4.47251511
-3.31556273
-5.10764408
-4.04043007
6.3470068
4.12087727
-11.9557562
-4.24029827
1.29170406
6.94937801
-4.36103344
-4.6060915
-0.811509013
5.3600626
-4.23769665
-3.30250263
8.07886028
8.27600861
-7.00407982
4.921278
-0.197633207
1.96667778
4.63246822
0.266914129
4.1511116
-3.10750866
3.86943913
2.22735119
-0.902786016
-0.00756192207
-4.71972513
-6.24160099
-10.4560833
2.2074852
8.58300591
8.91599178
-3.86419153
-4.41037655
1.31360269
-5.2749157
3.92552662
1.94608164
7.88097382
-18.5878162
-3.12389231
-1.97664011
10.3883877
0.958562493
-7.31625605
-0.448886096
3.57845283
-0.706142426
6.53933573
-0.17484808
7.4119978
7.76958895
-8.28504276
-0.398271322
-2.81132197
12.0249157
-1.8649255
5.03642416
2.08479524
-3.44031501
4.27459526
-1.31038678
3.94681907
-1.60309911
4.05568886
5.97282696
7.70409966
0.903159201
-3.41391778
4.05675554
-1.94158566
8.32910824
-5.3091383
0.725606203
-3.43454409
2.68549848
2.87804317
-9.04241943
0.940264821
10.1508827
-3.25116205
3.68304849
6.69954967
-0.995333552
7.40748215
-2.72635698
-3.37841797
-2.22256899
2.97669649
-4.79346037
2.27577472
1.86682701
-0.328380167
6.90543652
-10.6301918
-2.3188355
-3.68924689
-2.21626472
-1.59192348
6.66624689
8.25905991
2.64771819
-1.1455946
-1.86140895
2.5423398
-0.719620764
-4.36388731
-3.2358377
-4.02829933
-0.00184750557
2.18826222
-0.329090357
-7.78994513
1.75199807
-5.37606812
2.20280313
0.67128998
-0.593950987
3.90698862
-0.928107023
-9.61311913
3.26485205
4.31140757
-1.73941112
-5.09224606
-6.99117517
3.82293892
3.45769763
0.234057903
-6.88827991
8.58196926
7.69380188
-6.69086647
1.95740485
3.16718936
-3.03391576
7.74478626
-0.336484313
6.81262016
3.00180697
1.02741444
0.123651683
-3.85920525
0.975539327
-3.17874408
-9.77053261
-6.25562477
3.30746245
1.50882983
0.848622024
6.13521433
1.79495656
1.55820966
2.62970161
-3.72264409
2.56688523
-3.56775761
-3.76436567
7.37475681
-6.57217121
-10.8134737
-1.00220752
-3.14486742
8.68960667
2.40108013
-1.94181693
5.49186134
-3.03471375
-3.39448619
7.64291286
0.163896203
-1.13419986
-5.68648911
5.52679062
3.16017747
-2.90681553
-0.906368136
-1.33096087
3.71427917
-4.31502151
8.58584023
5.73449278
-2.29709125
-11.2713146
-0.343240023
10.6199579
2.52798939
-2.54554558
15.6136808
-8.13810539
0.279173732
-2.0781095
2.66517353
-5.90828466
6.46201134
-1.23742688
-8.46228886
8.31778812
-7.74345589
7.51655197
-0.203474402
-2.334764
4.51598835
1.79647064
0.179173201
2.04493237
-0.344330788
-0.17558974
6.53440762
5.41897774
-0.00182852149
6.11041832
-4.13970089
-0.361226082
4.04529285
3.77266693
-3.35688329
-5.78809643
-1.30411124
1.58797169
-3.01678777
-1.13937235
2.59534216
-1.05466044
-2.30913448
-5.19690704
-8.80982685
2.5140655
2.34246778
3.95689511
-5.14901114
-3.58764124
-1.1645751
-1.45482659
-1.52822769
-6.51822186
11.6872034
-4.83461046
4.73497105
-5.09151363
-9.01385403
4.27656174
-5.63536787
13.8742199
-0.0905566216
-4.65808487
6.56750965
4.90268135
9.43703365
2.81407595
-1.91785324
-5.3967762
0.367433429
1.09523153
-12.0150099
-2.73513269
1.23489368
-7.02002335
5.34237766
-14.0127974
0.523986101
-3.45304132
3.01516438
0.0990284681
-4.54751587
0.197107792
2.12834835
5.23661327
-0.943813026
-1.89972532
3.41479588
7.73334646
-1.31526756
-4.64056206
-3.5009439
-2.06148958
-6.92799997
4.50709724
3.93739986
11.0956287
1.02523768
-5.81976223
0.147978425
-1.57060826
-0.88446331
-0.313258052
-0.784081876
4.37905598
6.86278629
0.345982313
-3.52640724
2.76166773
1.73186994
-0.550746918
1.57027543
-5.05731678
6.37766743
1.95593476
-4.19671774
4.25796509
-5.80698586
-4.88647175
-1.49626827
-1.07942653
-4.70185852
0.624606133
0.739562273
3.11627197
-4.85879374
3.72531462
2.08983374
-2.46907425
-2.53467441
-5.23922205
-7.11107826
-6.58372974
3.82958317
-3.41001511
-3.84848595
2.88904119
0.055865407
9.79125023
3.70627427
2.54289675
3.7510891
-10.3791342
-0.0883111954
7.20477676
6.75479174
-7.59201097
-10.380105
-4.46909142
-3.11245871
6.75124693
-4.22588205
1.20133567
2.23330569
0.834060431
1.99693775
-0.647809684
2.94009042
-0.670091867
0.67273283
-3.92662883
9.57472229
1.62883222
7.07915783
0.92912668
-5.10034275
-6.00470829
6.1176157
2.00924397
1.54209089
-9.28111744
-0.18152833
4.53752089
-7.77284956
2.14561844
-5.40893555
2.73552608
3.9312253
4.24571896
-1.06992698
0.594908476
4.23294163
-2.22476912
11.1888657
-0.975999177
7.05578327
7.29420805
5.93757915
2.05481982
-3.06056404
-0.422863007
-5.73225307
-4.07439518
1.27561891
-0.385204792
5.41856146
-0.342011571
-2.45246601
-4.88096189
-8.47862339
-1.01157475
8.44426727
-3.1109519
9.8584404
2.16292953
1.92114472
-2.96668005
2.4934659
-0.738721371
1.94866371
9.6668911
3.88430071
-2.81718159
-1.16791964
11.9488707
-0.719548225
4.39628124
-6.63630152
-4.52822542
-8.93403339
-3.86411667
9.52774715
4.90780067
5.74883413
8.45843315
3.86772394
-4.90485096
-0.332366705
-5.809268
-1.34792495
0.356207371
8.4382534
2.53646731
-2.5997088
6.28287983
6.2457962
-3.24309802
-3.46662092
0.389701247
1.95510507
-7.38698912
-1.68418384
-2.14990473
7.54993057
4.2315917
3.39056611
-3.70545864
-6.39241934
-3.11294317
0.833016515
-2.97133279
1.41037869
-3.29992533
10.2855492
4.65489483
4.53401375
-2.63898802
-4.26085663
-3.72870803
-6.03305101
-4.43630695
5.02460957
4.30931282
0.0826105475
3.93543768
-4.08195972
-2.91784906
-6.06370974
-8.78325939
-1.74502087
0.928911448
-9.26369095
-7.53714943
0.136553288
0.346457034
-0.823295116
-7.25272703
-5.92103434
-3.50449324
3.68491316
1.14149952
4.46575117
4.2919035
-2.57600307
0.900612354
-0.23891449
-3.48545074
-9.50022316
-4.18343163
1.79247761
1.42151427
-0.308728337
4.07483196
-8.48814583
-8.15497494
-0.525185227
-9.22045803
6.6324482
5.17570114
8.11048508
2.42947531
-0.959427297
4.7743516
6.95769262
-3.57942414
2.47546339
-7.86841917
-3.46711683
1.82376242
-6.39010334
4.79215384
-0.618787527
-6.64309263
-2.57359648
-0.992050767
4.96943855
2.30735779
-2.94024229
6.16109657
0.592863441
3.48560429
-0.852216363
-3.47949934
1.4280895
7.85526752
2.14112425
-0.853780568
7.91255045
5.5528388
14.3454714
4.46140718
-0.0463469028
5.12320328
-6.13226557
2.04720974
4.33493996
-3.02522111
9.69066238
-3.84117913
2.62812996
6.3705864
-7.00488234
-1.84467995
-3.74837375
-1.09571683
-0.392128944
-4.17251301
-1.66001964
9.67846489
8.73028469
1.47882295
-8.13608074
5.18747044
-6.35903502
7.19747066
-1.1866622
3.93466449
-2.58206606
2.55368543
-2.37947845
-0.4906196
-5.80166435
-0.0327720642
-11.8302183
5.10738897
7.55238152
-3.16531134
0.429191113
-6.60906935
5.39745426
0.0576880276
-8.54263592
-1.76430333
-4.82679176
4.35988569
3.11947155
1.42773509
-9.75310135
-7.41970825
3.07447386
-3.91114688
5.68815374
-0.353399515
0.521966815
1.2050879
-3.23514414
-7.8454361
-0.313101262
-4.31628036
-9.57923794
8.62650776
6.86235476
-14.2850733
-1.19413483
2.34428477
2.11750674
0.0442370251
-0.543556213
7.42117786
3.91921902
-4.11288118
2.79772711
-2.52231669
9.313694
-4.62195158
-3.73312283
9.42444992
2.72505593
-4.48307562
1.07793951
-2.08911324
2.62321281
-2.28224993
0.055634737
5.27587986
6.96978951
8.05374146
-12.8587532
-1.26170266
-1.26228547
-4.37817478
8.35807991
-2.16555977
3.25573444
0.901403308
-5.99192381
0.193630934
-2.14774489
0.930718064
0.661022663
2.95128417
-1.76834297
7.633008
6.93527222
-0.85559392
-0.241457969
0.931132793
12.101511
1.03041959
-1.01826429
7.48006058
8.70107651
1.64003718
0.248198271
5.07963562
-1.54485381
4.12966919
-8.44471264
-8.68935108
6.95282602
0.959161401
2.75969577
-7.49064827
4.53180981
-4.29487801
-3.63049698
4.77769804
5.49015236
-4.44360924
5.81272745
0.618796229
-0.792471766
-0.881358385
14.9490643
-1.16914701
1.84598708
3.97915435
6.57729244
0.00343775749
2.60527945
4.02663898
-2.76359797
-3.66011691
-3.46367311
3.69411302
5.190341
0.900406837
0.0411754847
0.505319595
-0.783575475
9.62334633
-5.74929523
-2.05054021
-3.84370089
5.85301161
-1.33951819
1.37723303
-0.698848009
1.11853397
-5.17368221
3.978688
0.339724183
-9.93150902
-5.29667664
1.53627825
4.12015629
1.69235754
4.97302914
-4.15857744
-10.1647472
-1.86475158
5.4935751
0.636624277
-5.66860437
-5.14368725
0.751913667
0.551923394
-0.140253305
-5.09857798
4.08617687
4.68736744
4.19954252
1.67030036
8.01512814
5.92346287
-1.07361066
-1.70556056
-2.76960564
-5.95770407
-4.93587971
3.81791282
7.1479845
-5.08666325
-0.0320798159
-8.12524509
1.63027811
-2.17007065
5.51963997
-7.19651413
-7.66192341
-3.67169666
-4.71663189
7.39804459
-0.794750929
-2.12631607
1.87380886
-0.301526248
-0.640175343
1.65514064
-6.63415241
3.34654808
-4.96968174
-9.50378704
-1.21819651
-5.0179286
-1.59266746
3.06473541
6.47391605
2.48843527
-0.482871741
0.483186901
0.966621757
5.77516842
6.74062061
-4.12685919
0.721253753
4.38258362
9.97866535
-0.121126473
-3.44792318
-10.2620792
-4.34295368
4.90065718
-1.39353287
-1.40722656
-1.77364576
-3.606112
1.93992591
-2.0774498
-8.24485779
-1.35853958
2.37961936
-0.543686867
11.0992012
-9.13036633
-6.96610546
6.44841862
-1.29473639
-3.21220899
0.521870434
-8.95973301
-0.601250887
13.964572
2.81186438
3.47330832
-6.82103109
-3.92766547
3.80220795
15.2374697
0.802954912
-4.12986803
-3.61294961
-6.42746401
-1.65537524
-3.46039152
5.15239429
-7.29439259
1.11444807
0.343291432
6.94447422
7.6320734
-6.68951416
-4.23413754
-5.45459652
-1.96344471
7.66191053
1.64992976
9.25105095
5.18060827
4.14765882
4.14874506
3.70181179
-2.65500212
-6.33183765
0.863767505
4.44342327
5.30116034
5.79398918
4.418643
4.1937356
8.23021317
2.71557927
-0.267168313
4.71117449
1.08415353
13.1620331
0.00730752945
-6.49240541
-0.923101783
-8.25693321
2.39633942
-3.08841944
1.11446834
2.73371863
-9.86976814
0.436049461
5.86458063
2.93138409
-6.73746109
1.80799997
-5.9235816
-0.234881222
12.6517506
14.9575939
-4.16540527
-4.50989437
2.29242349
11.1724567
3.02295971
0.316344261
4.54387093
7.41458607
1.43531406
-9.42733383
3.00065947
2.22276974
-3.90977621
4.57155848
-17.9413128
-7.49145317
5.5016408
-1.42048335
-0.146633416
-3.63255644
-3.9209199
0.0599261522
2.1388166
-1.01015866
-2.23838234
5.85421562
-9.74754524
-7.44271183
-0.501918077
-10.8455477
-1.6723876
1.85076141
-9.04690838
0.550784826
-4.75349236
-5.73400354
1.52051842
-6.52257204
9.57189846
-2.50425196
1.59291458
-2.47241306
-4.7762146
-0.988373756
2.95480013
-0.127026856
5.2228756
-0.85077697
-3.87952185
1.96113968
5.16402435
-1.02102697
7.13884211
-2.12376571
5.35815048
-5.33307219
-1.02328575
-3.20837712
-8.07500267
-5.18199062
1.75779879
-5.65433121
2.82110381
-1.19467545
1.73884106
0.140710175
0.528931379
2.86788559
-6.35127735
6.63702393
1.61810708
-3.80101967
4.08133316
-0.652806878
3.95242739
-10.5087109
-3.75864792
-5.17242908
-4.11396646
3.68979836
5.10724545
2.19230986
-0.785574734
-3.62471914
-4.82802105
0.312757671
1.77018738
-8.30472183
-10.5625515
-6.76680517
-2.47054195
3.79667616
-1.33358622
-1.09135079
3.07326245
6.62479973
4.29310989
-8.88394737
-0.591444373
-2.42441177
1.83616638
11.2612467
-4.86702824
-1.24525476
5.20612049
1.33889604
9.65725517
3.46437454
-3.41801786
1.97829068
16.8160706
11.0212088
8.55577374
-6.74927664
-2.24575257
3.61856747
-3.30464816
-0.765430927
0.916456103
-0.681058288
3.88554859
-5.74996376
-7.66000557
6.08828831
-1.82164621
1.47784364
-1.06521916
-5.59549427
0.617227674
-4.34419823
13.9865265
-0.329848528
-0.479997873
2.07423139
-6.65565205
-2.16224575
-6.99877644
6.51591587
16.407795
-2.00435686
1.28813767
10.3394451
-6.0303483
5.79762363
6.8393693
11.6827621
0.758502364
3.60160351
-7.81151056
-2.99341297
2.06690311
-6.97712374
5.06673622
5.71139765
-3.2712152
-2.09501767
4.60436535
0.463117778
-2.96332574
9.41840076
0.35324946
1.07362485
-1.40866208
-7.57187033
4.65493441
-4.4018383
-0.335704625
4.33865309
-6.53978014
-6.04502869
0.91484189
6.9016161
-1.30651855
2.16035414
5.01800632
-2.37969422
-6.81901932
-10.2850094
1.65210259
-1.81178594
-4.37555408
9.87937355
6.60746002
-1.21331513
3.91460061
3.02194905
0.80587852
2.47008419
0.829764783
5.45509577
10.0671711
-5.1224227
-4.49838591
5.86874676
-2.49078417
3.9825604
-1.2756207
-3.05318475
0.316953778
1.45692408
-6.72181416
-3.66125584
-1.95471895
7.00858116
-0.548260689
-3.43540668
-3.29286194
1.24667048
-5.32863951
-2.55695438
-3.75245023
-5.73524332
4.7539587
2.273803
-3.70360374
5.18480539
3.43509793
-1.93483198
-1.46627665
0.289086223
0.213675499
-5.85462141
-1.7017529
3.36832905
7.31740808
-3.26476645
-7.5616374
-5.3431654
3.12615418
-15.5172625
0.966557264
5.24423885
5.75545883
-6.28859949
11.8020515
0.0482034162
4.30159569
0.0103772283
-1.45922709
1.37811553
1.66303444
-7.74815035
4.18833923
7.31637335
7.81746721
-2.04563379
-8.56159782
3.04486322
-1.01792777
3.15542078
3.49254179
1.59092271
-4.40419769
4.75658512
-3.20293546
0.144720793
-2.94100046
2.9839325
-1.68793035
4.96310711
0.421775937
-0.623677254
-3.2553668
-9.24508762
2.70572305
-0.310580969
5.36178207
10.1288929
5.61014891
-2.01448011
-3.3991127
4.040483
2.16696358
-14.0399885
0.135593295
-9.26269531
-5.69989872
0.122000456
0.934696198
-7.91696262
-8.05861568
5.82253265
4.25127172
-1.9119128
-6.32503223
1.84941912
13.876174
2.36721253
2.62498999
-4.22181034
0.963993371
3.8609972
-3.44513392
2.97066808
-9.22443295
4.87796116
4.26319981
-1.38888001
2.36256766
8.45137787
-1.90182984
1.11199307
-4.18102169
5.34142065
-1.39797342
0.740115643
-3.93848896
0.723412275
7.68112278
-4.38102484
0.826806545
-4.6298151
2.89158344
6.63936234
-11.4184904
-2.7209475
-4.28841972
-7.0590992
-5.77794695
1.95123148
-6.79174805
9.55993271
2.70001411
-8.50097656
-1.7455672
-1.27359259
3.48518443
-13.9531317
1.20712996
-7.71490574
-0.333396137
-4.30349731
1.12398517
3.20576358
-8.23282051
-2.47191501
4.88318014
3.56697178
3.99266744
4.52941179
3.6694994
-13.2735062
5.84027719
2.43976474
-0.977269053
0.707258582
-1.46014857
-6.55463505
6.12215328
-4.5131321
1.21756005
-1.40160739
3.9549675
-5.81791735
-3.6587708
-0.442485571
1.04128766
-8.08886147
7.28720045
5.2422905
-4.14581585
1.20152807
-0.456820786
-1.67703962
-0.276105314
7.21260738
0.267078936
-6.96188736
-4.69099331
1.33024192
6.12940693
-1.04835975
-5.23968792
-11.7383242
-3.99421167
4.80560398
-5.11363316
-1.62802446
-1.3201828
-0.52382046
-3.51307178
-3.05799532
-11.4180441
0.108726025
-3.76304793
2.15286446
-0.712652922
-1.15845823
-10.8918514
10.0372581
-8.44044018
-4.92256784
3.34719992
-1.4721303
8.98564911
1.8673178
-0.984344244
-2.06985474
-7.21076012
-4.17993355
7.97800446
-2.50375462
1.94715047
3.9574213
-0.806258619
-7.02742004
-1.07681513
0.780517578
-2.06819701
4.49949646
2.38576841
4.73971844
2.62090278
8.24106407
-5.07448006
4.72066164
2.96876812
0.133016288
1.95087552
8.35402393
5.69416666
1.46045852
3.83146238
-2.8060987
1.70674515
-5.29637814
-2.75465846
1.831303
5.95209169
8.10927105
-3.08720231
3.56310821
-7.67331648
-9.49257278
-5.32062817
-1.92932081
-7.51436949
-6.8020916
2.18836212
2.14112473
-1.00185239
-1.5036695
-3.31845689
3.26821375
-6.71464539
1.73993635
4.13384914
-0.532781601
8.68896294
1.0695318
1.09103572
0.42395696
5.62384748
0.549410224
5.76971579
2.60135102
0.634583712
1.51751125
4.21316624
-2.77159023
-4.18255854
4.60825062
-0.814587235
-8.50462723
-5.56004143
8.32140064
-1.83805025
-6.90345192
-5.24927187
0.548407435
9.52581692
-2.83124685
4.97661686
1.23926175
-4.87778521
-5.44706583
-4.87722158
-3.22315073
0.356898814
-5.24715519
-1.53439224
-4.46671247
-3.90113974
2.11705017
3.11655283
2.08389091
13.3372421
6.41105175
-1.21460569
-0.563125014
-7.381073
1.18214321
0.944638491
-1.05074275
-8.36497879
-6.60801363
-0.34356308
12.301899
-4.33476782
10.6188221
-1.10237646
-3.28576803
9.04139423
3.44223022
-0.21014142
-14.1924
-0.265937448
0.508959055
4.07377052
3.44446039
-1.26335287
2.56338596
8.25126076
11.510129
-6.87998724
-0.707510829
0.263037205
-4.34891939
0.0200438499
4.0031662
7.15331459
-0.472850323
4.58008957
-2.49237251
-1.87349319
-0.933074474
4.76413584
-12.9653549
8.49058628
0.974815845
-3.28458166
-3.89320564
3.28018045
-4.54683352
1.44522274
3.85633731
4.34527206
-10.3175917
-2.13341641
-1.09969389
0.440312386
3.39561629
-0.31286788
-6.8369503
-6.48188877
-2.2875905
5.01787233
-0.0241030455
-1.35957158
8.58281612
-7.72916698
-3.52976346
-0.175810516
2.23387551
8.35108948
8.8537178
-2.63876915
-1.32485461
4.56288624
-3.12947941
0.396352291
4.51936579
5.89424324
-1.48612905
3.7254343
-5.89282227
-6.84657097
2.1741066
-0.559632778
-9.97619247
-3.91850805
1.13488734
-6.61050272
8.36554527
-7.05355358
-4.33966351
-1.20448613
3.4051857
-1.62244666
-0.78739953
-5.45038652
16.0662632
0.071803987
-3.57759976
-2.28229809
-7.13697338
-0.796534956
2.36677217
-8.61009216
-7.2448554
0.251378119
-2.95125484
-0.644154072
8.77256966
-2.07575846
-1.33717489
5.11356831
0.654702187
-1.31652451
-5.72325182
-5.63667917
4.33588457
1.55044913
-1.89146066
-2.93639159
-3.89890456
-6.73726463
-10.697464
-2.95423102
-7.49365664
7.3619318
-4.52358246
3.11128187
8.74829865
15.2246408
1.83248115
5.38477087
-0.890161633
-3.65061903
-1.2915051
-3.43472099
1.50705922
-2.36168718
0.401525497
-5.14035702
-2.12448263
3.08437514
3.76352215
1.37599647
-7.25813007
0.587356567
10.1757259
-2.94941187
5.77533579
-6.71079636
6.83615637
4.65515471
1.45000005
8.1098671
-0.232901335
-7.03038597
1.08413041
-2.32241344
2.22050905
1.52005553
-1.70544934
3.26041579
-12.5364647
1.39799523
-1.02236819
-4.29407072
1.49651682
1.09351182
-3.64380622
1.43339157
-1.10625124
1.67289233
6.25056934
-4.70329666
8.43935108
3.2420845
-8.68995285
7.56856966
3.34741211
-5.85315609
4.4086318
5.17110205
-6.96546602
3.16410446
-0.737881482
-0.82877636
-3.39280367
7.64240646
-6.89256954
0.842308402
1.9089483
-6.9505682
-5.99470806
3.69014764
-3.82435632
-2.60087729
9.32963371
-1.22087157
6.12835073
-9.36859322
11.7386312
-0.923569798
3.17072392
3.61906624
3.93137121
5.2231636
-4.18221855
-5.68681717
1.03092504
0.657914162
-0.159886718
-3.85603333
25.7137718
-8.62568188
2.41469955
2.22854853
5.63325453
-3.57551527
2.25662255
-1.75025463
-0.231131732
-2.13218093
-0.1678617
-3.54904866
0.284044266
-9.07026577
7.87216854
3.92892838
9.54689693
-2.17453051
-3.60677481
6.12290907
5.3010006
1.69968963
1.56556559
-1.08713996
2.17718983
-2.19684291
-8.25750256
-3.49745274
3.2279768
-4.19053459
-6.22801638
10.5330496
-0.874794483
8.68606663
-4.99803591
0.456325769
2.57779765
-0.539056182
3.05719852
-0.322899222
5.20796394
0.974015057
-6.54364586
0.632381439
-3.56303215
6.30245399
4.68045616
4.15427828
0.704688549
-1.55687022
5.21680164
1.39074326
0.905170143
2.18017602
-4.74520111
-8.62418079
-3.56517768
-4.91170502
-1.34705019
-8.3959837
-9.67820358
-5.84881449
-2.55334234
4.03612232
-2.31556988
-1.34739232
-0.08769238
3.3243134
3.65100956
-4.36545563
6.25514269
-7.87630463
-3.74484754
1.83398581
-6.01891899
9.21090317
-0.700090766
0.415317059
-1.73905396
-7.41103554
1.35074019
8.62280273
8.86614513
-6.8228941
10.8175516
-1.29189849
11.3689251
-0.537007213
-5.06545115
5.90726471
6.33038282
0.708737373
6.29153442
2.74158382
4.76313877
0.78167367
-0.75109899
3.9387598
4.03005743
-1.14012671
-0.351164341
3.29125834
2.76228595
1.8864013
2.48035264
3.41008711
5.71246338
-0.751736045
-5.51729679
0.142311811
-1.02110124
-0.0506834984
1.56996202
-7.26094103
-9.59031391
-10.7784538
2.65502739
4.993433
0.392725945
-4.90266657
-1.14476335
-0.628597677
1.21760106
10.6329222
-2.69188738
-1.09446788
-9.74145794
7.1805048
-3.48737741
-5.179039
-4.39641953
5.77027845
-5.36815786
-3.37350202
-3.09766006
7.92199421
-4.40006256
0.701250911
-3.0917511
-2.35958767
-0.660829186
-2.51056576
8.78418064
-2.95997667
-12.7515154
2.62843227
1.70502138
4.49979448
5.66663599
6.05520201
-0.972050905
-2.80249
1.48413336
0.658522367
-3.4999392
2.36382341
-0.832725406
-5.45259333
6.87437725
-0.530089617
-0.720866442
-0.144097209
7.05846167
-1.07586169
0.547355056
-0.30387193
0.268880129
-6.33978796
1.86448431
0.911648154
-5.20197201
0.823294878
2.81783342
6.32423735
0.724498808
-9.16277218
-4.08246803
3.60482669
-4.60889339
-3.88484144
1.0048461
9.44239044
-2.65551805
15.2747326
-4.40629005
-2.01501703
-6.30935097
2.36968803
1.91213989
3.09717751
3.19344711
2.01187038
6.4008522
4.58926821
7.34517908
5.05244446
-4.32909012
5.77922869
1.1625371
1.24549246
-9.07104206
11.8567924
0.13252908
-3.53280306
0.916417122
3.92127681
12.2334738
0.54813844
-6.83890247
4.151371
-1.31808472
3.9110105
6.11370087
5.58073282
8.08333588
-1.14726567
-6.23373365
-7.27544308
-6.32462978
-2.95536399
5.60756922
16.4349766
11.7939453
1.48762083
2.42434978
-2.15757012
3.30639863
10.7438803
1.25613689
-3.00509596
7.19904041
-9.36256695
-0.852514744
-3.32248688
3.61023045
-6.40528297
6.55443811
-9.78093529
10.5031719
8.55949879
12.244257
-2.91962719
4.92411184
-3.99224353
-0.717412949
-0.937325597
-8.23519135
-9.82889557
-1.56880355
2.72263527
-2.34441948
-3.59512806
1.76965261
-9.84635067
9.55722332
-3.32260442
-9.52266693
1.01809859
7.30743361
-3.99299359
-3.92029619
-4.55242634
-5.87037182
5.12405157
1.63250852
-0.296835184
0.184615254
3.37922955
-2.01508331
-0.453532219
-2.73148966
-4.31606197
-6.29059505
0.450138569
-9.07453823
5.00102568
-3.04337549
5.49198627
9.94468021
11.3059492
-3.27027988
-2.44425607
-6.91494322
-6.20179653
-4.25485516
5.22869301
-1.54489505
-3.2342248
-0.309537888
-1.96514475
0.299732208
9.79284286
-1.07143795
-7.93753052
12.5070133
1.42762709
-11.3275824
-6.80387163
-3.56490088
1.87314975
5.76369905
0.65496254
0.0102133751
-3.75651383
5.67235184
11.0933914
3.10804796
-8.88240719
-0.986560941
-0.911490798
-0.384465694
0.127127886
0.960369945
-0.531934261
-3.52765512
14.5207911
-2.59149122
7.7147975
-5.28172731
8.44789314
1.38918018
5.73142481
5.94962215
-4.87419653
-5.73176098
-3.08977008
-4.82255363
-0.690235972
2.69880295
7.09554148
-0.0366481543
-5.74845648
10.1967373
0.698685527
-5.58547354
1.74452055
1.69543672
-0.456077397
3.72776818
-1.25830293
-3.69306946
-3.53911018
-1.62551117
-7.94487095
2.14977813
1.83746481
-6.71606302
-9.26802063
3.86563063
-3.40858793
-4.77831459
13.0230923
0.932978332
4.00716734
-3.05662131
0.936961412
-2.72074103
-2.64302516
-3.06669021
-1.09213793
-11.3232918
4.84036446
-10.1897449
-7.07309151
2.55431533
1.38088143
-4.04772615
1.30631924
-4.29957056
2.39737082
2.79654264
-3.89065313
3.31129074
-6.11642456
-3.21660376
2.94462347
3.52905869
-7.77617836
-0.893126726
3.27665591
4.35962343
-7.28728247
9.86119843
0.52758199
-5.16450977
-4.57178497
14.7280016
4.17976475
2.51583815
-4.19447327
-1.72301662
6.71875477
-1.53473926
-2.8106811
-2.18311071
8.67260265
1.34302366
1.65588558
1.43712807
3.42164469
-1.00474823
-1.10652459
-0.565673113
2.3669436
2.19347906
-1.72378731
-1.26794171
-2.17292833
4.72044992
2.76622128
-0.432021856
5.77980995
4.02824783
-5.32043552
0.525802135
3.6103754
20.1039143
2.83482456
-4.10033512
-5.60398865
5.90081072
1.27997589
9.82584953
4.47206402
6.33931017
-2.65013885
2.16584492
4.16993999
-2.21304631
4.61902428
2.02027583
10.4832106
-8.92692757
-1.78201139
14.4809103
-7.49378872
-7.86458874
1.61040723
3.24175501
-1.96269989
-1.37859702
1.89775372
-0.0572362393
-13.111064
-4.96904612
-5.57670975
7.94001722
-2.54817677
-4.73378468
1.30300164
4.32557964
-7.59365654
4.26246834
4.9722867
9.34380531
-6.61620855
2.98020196
5.54730225
7.68405628
-0.0625026226
-0.967351973
5.12836409
-6.70565939
9.85607529
-6.79310036
4.13420439
2.16630697
-2.25678349
-3.30174994
0.881626129
7.65088749
-0.210821629
-0.297435284
-6.41939592
-7.61516762
-1.45575786
-3.37439394
1.28413057
3.56246924
-5.32736778
0.749946594
3.75465798
0.126680136
-3.07378697
-0.137048244
-1.43085074
7.2358737
-3.58325672
3.39805984
0.652918935
-3.31163645
6.59872818
-9.95456123
7.17778826
2.35671449
3.39703846
0.17875424
-8.65707016
-7.94050837
2.66082096
-0.323101878
-7.64479923
4.86028385
0.879673839
-12.4798622
-9.7394371
-3.01174068
-2.92287898
2.86331964
8.99727345
-1.10143185
-2.48422933
-0.00836857408
0.866775811
9.83584404
2.28478575
3.10488844
-3.98394346
3.56231785
-0.404752016
6.21900606
-3.10905027
-1.01324809
-0.90854907
-2.12734389
-0.301866651
1.52247357
3.55797482
-0.660439849
-1.16375148
9.07162952
-0.00704824924
-3.14648485
8.89962387
-3.52375507
4.80034971
3.4167161
-5.0471468
-0.315784395
4.57605553
-2.32688117
1.22710943
-2.14100432
-1.87543678
3.76295733
-6.05589008
-3.823138
6.29426003
0.658488274
5.40761948
3.40161443
-2.10903788
-6.07096577
6.52338076
-13.7626524
-2.78147531
-1.51048207
-8.3563385
0.0908045173
0.631591558
-5.19859028
-0.0301144123
1.24244082
8.07890892
-6.29539394
7.10352325
1.50181365
2.9208982
-1.11033082
2.2751236
-0.463009834
4.64046097
-0.310205698
2.80055475
-4.23904037
5.88659668
7.44924068
-4.46264458
-0.907191634
-0.0845291615
0.402106047
5.74458981
3.03893661
-1.83608043
-5.85890865
2.62172866
2.15825081
0.242650628
-1.32253432
-9.23569298
-3.15463829
4.36731625
0.198120117
0.369392514
5.54050446
-2.15134811
-6.93245888
-0.291157484
-12.1028204
-1.30340445
-0.251651525
2.33627033
-11.6230774
-0.320446253
-1.23368633
7.48414421
14.2587118
2.12423921
-0.804207087
4.89663363
-6.10831642
6.51790428
6.67196321
2.09786081
-4.00687742
-7.58776855
-3.17715263
2.73649645
-9.26066208
-5.54365635
1.79233348
-2.43037367
-0.55708158
1.88949394
-6.97507381
-2.90031791
0.778083324
5.89736366
-6.12522221
8.03109741
5.48395586
-10.2087564
-1.983302
2.5141089
5.5193553
3.16816711
8.28156662
-2.92703199
2.17918253
1.81614351
4.36891079
1.37390769
4.55903912
3.4933033
-11.2809496
4.85475731
4.43165827
1.74080336
1.24754548
-4.33466339
2.89602542
-5.26660013
7.09369087
-4.27455759
4.08141994
-8.09118271
-9.09148598
2.15445328
-4.00502586
6.98551702
2.52052593
0.422141075
-2.83357215
-1.67955995
1.51985502
0.245658159
-1.13124573
2.70128083
-1.34665704
-2.70802784
-10.3546305
2.8350687
-10.997592
8.38814449
-10.0911255
-0.860948563
11.9887676
4.05398989
5.32557392
0.660342813
0.0221019238
7.03941059
-1.9941783
2.34481978
-0.0774984658
6.79728317
4.79081917
-3.54698515
-5.61773586
6.01043034
-2.14386129
-7.32354784
-1.12212765
-1.03156674
2.33350635
4.6431427
0.128080606
5.22393036
-3.24622965
2.31446266
-2.19136381
-0.265082002
1.62354529
-0.377876759
4.83385229
6.03806257
-3.71237183
-1.7698338
1.6478802
-5.91465425
5.22299767
-1.37359238
7.81794262
3.8911097
4.38157749
3.2571547
4.22596693
0.317841053
8.65900421
-3.99537301
3.94678807
3.12499404
-0.303940177
2.44096899
3.1663723
1.44307411
2.324826
5.61874866
-5.19785643
4.28219366
-2.72170615
3.81128311
6.11864471
1.68402052
0.0427977443
2.10110188
5.06939507
-5.44820452
1.01755738
-1.18646431
-6.50645065
4.42492676
-4.68132544
-3.43718553
-2.06004381
-6.02468348
4.87529564
1.14820147
0.671488047
-1.13157845
1.23660922
5.04701614
10.4001083
6.40724373
9.80529213
-2.24784374
-3.44229722
7.23149061
2.47850394
-5.60394955
2.89619756
0.32914257
0.167949587
-7.17098761
1.5682075
-0.585790753
5.29444027
2.06750083
0.0488618016
9.34691143
-11.4742517
1.26105356
5.66710043
2.67821646
13.9624329
0.013728559
-11.2722368
2.4965477
1.00821042
-1.69930887
-9.22073746
4.57166243
4.92224121
-7.09026194
-0.895067215
-3.73580813
1.67798817
0.950967431
-1.99582613
-2.19829488
-3.47317839
-0.222362161
4.22472763
7.4133234
5.29618788
-4.31577492
0.679688215
0.672150373
-7.86372662
-4.80563831
0.264841974
2.44696045
7.34692001
-3.01578283
2.40207314
-7.96506882
2.47440195
10.2965298
1.82351947
4.91538954
4.62349081
2.81791663
12.244916
5.7984457
-4.39266205
1.80316126
2.6107769
4.49445438
-6.07983494
-3.98868871
-3.89407015
10.7794008
10.07549
2.91541743
1.78221977
-8.41409683
-7.46024513
-7.18263769
1.9856205
8.74560642
-1.23722088
0.733521044
-4.14249992
-2.67921257
-4.15348387
5.04331303
9.21491241
1.92404437
-12.5571384
5.09310484
5.53278112
-10.790164
-0.132713854
-6.76628685
2.85377455
-0.361652136
-8.75735664
6.68878841
-6.07012796
9.44641781
12.2133036
-3.43412709
-11.3166227
-5.41409492
-13.3455887
-3.67641592
1.51161742
3.21906495
-0.220929384
-0.665017128
3.89124751
3.21304703
2.87631536
-0.250434875
12.75284
3.35331249
-3.55957317
-3.40805817
-3.87834096
0.371673584
1.39246476
3.55815744
-3.07105112
-0.901912212
-6.78531837
5.862216
5.74866009
-0.366327226
5.14973593
-5.15119791
3.47490382
7.65013313
-6.38059282
-2.57683945
2.23881888
0.234924436
5.84939146
-8.85399342
-0.147782296
7.27531528
-6.13394356
-7.58658791
-2.67045259
-3.0257504
3.79564667
1.24522054
8.57454109
2.18219137
-0.650406361
3.59307241
6.37424994
2.32667804
4.88252831
0.432943285
0.0955392718
-0.338095784
7.45253372
5.64328718
-1.00510681
-9.71574593
-1.4138341
-13.1136627
-2.91483164
-3.79332161
0.631488204
2.79186487
-3.04653955
2.89084172
8.91321278
3.58277011
-5.4205246
-5.89361572
2.88645935
-0.654134274
3.79500079
4.21682215
-1.782763
3.80773568
-6.59678745
1.83428705
6.85697794
-2.85032749
2.72728205
-5.81539059
4.57849884
-2.68486786
-10.4669304
0.859223843
-4.54578257
-1.66010308
-0.656829238
-3.16364408
5.41217709
5.63848686
-2.66314363
-2.17211199
0.268484235
5.7102747
-7.49709129
8.03270626
3.80170012
-4.7881012
-0.581650496
3.28186369
6.93152714
6.11593008
-4.71702576
-0.421334982
0.0821048021
8.25543022
-3.99312973
-10.4637146
9.36476994
-1.77254832
-1.7239635
2.32304358
2.39988375
4.7271843
0.147199392
6.02550888
-1.33397615
4.6747098
-7.30813122
5.14945984
-2.72615743
-0.194725156
-7.51081181
-3.86917377
-6.2722826
-2.88449121
0.31210804
-5.07279253
3.36311913
-0.88980037
0.346735954
1.73050845
-8.45811462
-8.00269604
-2.41309166
4.08265448
-3.61362743
1.08750892
-0.598512411
3.88821912
3.25282526
9.96348572
5.06835651
-1.63982928
-9.42147446
2.12191153
-5.37341022
-4.27121353
1.41406989
-3.33104038
-6.53710079
0.79191637
3.24312735
-7.59894037
0.511746764
0.126317978
-7.93454647
5.72622538
-2.56391764
-11.1042242
-7.91227961
10.4615612
-1.80572927
5.88622999
4.88394165
-8.04648972
2.300982
1.92250574
-2.36374235
3.86379719
4.48218918
-3.27606249
0.813431621
4.62448454
1.04960144
-0.461867154
0.0688737631
3.30823994
-0.576263666
-0.279447794
0.864282131
-0.343265951
-5.46228027
2.40042853
-11.390379
5.97561121
3.28214335
-6.21602869
-10.9632225
2.65568066
5.13730335
-4.16408634
5.48803997
7.3022666
3.50186849
1.08337307
-12.3100071
-1.6625483
5.03170967
-0.798932195
14.0455933
-3.3448019
3.94872427
-0.408107996
-5.80846405
1.17077303
-1.22030234
-1.06574821
-4.22789478
3.08525681
3.47296071
-3.08749485
4.29950571
3.85458684
-5.44526005
-2.07326794
-7.87225628
13.182044
-4.38189602
-6.18212366
2.81945872
-3.07544613
3.06591725
-5.56698942
-4.16637611
-1.27050197
4.22706509
-0.774495363
0.340721726
-2.84133053
9.49269199
8.79853439
4.74336433
-2.89409018
8.49504471
-0.351313293
8.13112831
-1.89516306
7.92215443
6.44774055
8.05417728
-2.69532895
3.15161705
-7.26528835
5.78256512
-6.23612022
4.31821632
0.855679512
6.0006361
2.71745396
14.0898724
-5.30042982
-3.71639276
-0.179434896
-6.33052254
-7.63248348
-13.0053644
-2.13654566
-14.1684637
8.85072136
1.33905375
-5.21730566
-6.74604273
2.57565403
-1.28173208
3.85554552
2.76024103
5.66715336
-3.0085268
-6.1452446
-1.44818711
-4.28439951
-1.23671436
7.33590317
-7.45732689
1.51184535
-3.83378148
-1.97000527
6.57339573
3.6394012
-4.50962877
0.71071291
8.59906006
-0.866044283
6.88136196
-3.62658763
2.41283107
1.27029514
0.311863482
-0.45554018
8.13290501
-3.72998333
-1.27734661
1.46826994
-0.54074645
-2.39897943
9.36973
1.54598451
-0.701214612
-4.24227571
8.70906448
-1.04711461
13.046814
-0.859560728
-1.63467836
1.84518003
6.69803238
-8.59937286
5.35046196
4.00143242
8.50698185
1.99743497
-0.831907511
-10.1162548
5.37815094
-3.90205288
-2.49930024
-0.927938342
6.07905197
-7.42287827
16.7928905
-2.29686975
-6.820611
0.62179029
-7.34600878
6.81658888
6.33536482
3.95856261
0.888914824
6.9192729
-13.2747793
-1.58770478
7.64094877
1.72315359
5.24040079
-2.3072021
-5.68657303
3.97293019
-9.33595085
2.08451557
9.10112
-1.45716238
2.4987154
-0.281618923
2.24465942
0.0974211246
-2.77144098
8.84109116
-0.431416452
5.28954458
1.41543067
4.32100582
7.06262684
-7.51270151
0.116400719
1.88374186
-9.40536785
-6.90069389
-2.97681189
-3.20114088
6.93466759
2.08353472
-1.02375603
-4.58546066
0.329823375
-12.7479782
6.02007723
-0.425856829
0.0462317765
1.4949553
-7.867908
-6.90358353
0.0775022507
-7.58567762
-1.06319129
-12.4021511
-4.39435816
-8.23818588
-2.39398313
-8.27522087
6.58341837
-0.466455936
2.59468865
0.949640572
-1.51939201
-7.6314826
-3.26522756
-1.49508321
7.27723217
2.94067144
1.41542733
-1.60153985
-6.03122711
-0.152427197
-10.8571968
3.9043119
-1.36084473
-7.88813543
-7.2530632
4.20933342
1.47157931
7.35359001
1.13792479
-4.72369194
-4.50555229
5.05918837
-0.519474506
-5.08981037
9.41518784
-0.706080914
6.15076542
-4.13524389
-2.58029127
-1.71406364
0.0464117378
-1.65862644
0.429508328
4.56865215
0.859131157
0.837932348
-6.92695761
-5.32449627
-3.31777143
1.02464116
1.91590238
6.04836845
-1.74236202
-0.305350602
1.0010494
-2.40653753
-2.44183326
4.04016066
1.88326073
-3.45093155
-1.05555248
0.358372927
6.00505877
3.60960436
4.49806738
9.37103462
1.22987366
-0.0622147322
-0.741740406
12.4170113
8.15239811
-3.57384872
-2.12556767
-0.888026595
-3.87052917
3.07456255
3.38104105
16.0018291
-7.22385645
-1.73233819
3.75135326
-5.65930367
-0.911888957
2.90969849
9.98312569
-2.02113914
4.80423546
-5.24080849
0.754016519
-5.59980345
-4.03504658
0.636466503
-5.9562335
2.71533895
0.402442813
-1.01080155
0.146205857
-1.79255414
-5.84996557
-6.19807482
3.54895353
-2.11228275
-7.01371002
0.664355993
-0.365748912
-8.01220894
-6.05184078
3.12142348
6.2645402
0.822999716
11.859045
-5.18416119
8.20562077
-5.20478773
-7.69354343
-4.36117125
-0.183792651
9.83776379
-7.31501055
-4.92769766
-9.38147831
-3.64314747
0.942287326
0.114569306
-1.55387068
-1.60167515
-0.473035812
4.61227322
-0.148988485
3.81263304
-7.65905285
-0.40403223
-0.565829694
-4.59309864
-7.13584137
1.92098033
2.43633652
6.25939226
0.506383836
-1.45868933
12.6775208
1.84123731
-0.022824645
8.27791882
-3.43607974
-4.90958023
-9.67531109
-2.0242281
-3.05571961
-6.65549278
-3.70848703
7.58907318
-3.89109135
-6.14743614
0.722464442
5.78810787
7.78755379
6.62972403
-4.53636074
0.508986175
3.02886724
-1.04544592
-1.51652384
4.98231506
-1.83712304
3.97785091
5.92148733
1.76268554
-4.95611668
10.5324917
-6.03217793
-3.41607571
-0.601622701
-2.4526155
0.218696356
-1.19410276
7.11162996
2.44645166
6.89187384
-5.20010948
-4.98883629
-11.0718555
7.75627899
1.29671335
-0.592558265
-7.71236277
-0.149007261
5.83328342
-6.78191662
5.90195799
-4.71485901
3.96777868
5.32564783
2.96452141
6.58236647
-5.07855988
-4.87665796
-0.729064703
10.2202301
0.399165392
5.43173552
5.32454395
4.28483343
2.89643359
4.86354303
-1.55129981
9.75658512
-0.553912342
-5.71685696
-0.334472656
-10.6323538
1.38032293
-1.19800937
7.40954351
-1.54398143
3.81551218
1.44370365
3.8652122
2.21012545
-5.31922436
-1.45707297
6.77988148
2.97140288
0.333316803
-0.48456645
-4.93250656
3.01279092
2.44015074
-7.22681141
9.35506821
3.56459212
-11.2875328
-10.5154963
4.35532045
2.0037837
1.21025169
-3.4505496
-2.91596913
-8.14837074
0.94214797
-2.25481462
-4.44322443
4.04294014
-0.207334757
-0.506636679
-1.80523062
10.1606636
2.70075798
-3.23445439
4.12396049
1.49631774
1.70664155
1.10247087
20.8797913
5.60471582
-4.42124176
3.17055321
1.28047431
2.00357294
-3.08184528
4.5437603
-2.80447865
-0.503759503
-8.02882099
1.89404738
-1.27997494
0.533416033
-4.45018578
-5.58151579
7.58196259
3.85064054
-3.40513062
7.43044996
4.13941002
-3.93447685
1.71439302
-6.10919905
0.866883814
-4.14860821
1.75954843
-4.39006758
9.19027138
-7.78050423
2.19765186
-4.94840622
1.09336758
-5.00264168
-7.81936407
-3.97577333
-9.433218
-0.789687037
-0.712676764
-2.73796201
1.57422948
6.78768444
-5.20722532
-5.85180521
0.688374519
5.05160713
-0.925581455
-3.94605851
-6.24019909
-8.80388737
-4.5037837
1.61389637
-2.79109168
7.04951954
4.36226797
-1.7737639
-1.97900283
0.448714852
-2.22576809
1.29973459
3.73912644
-2.65443611
-2.46105433
11.1391888
6.47962189
1.56513798
-2.70742393
-3.179111
-0.854646862
6.32842064
1.14060068
1.62181079
7.47591543
7.24727249
-4.36730385
-3.21687365
-6.36847591
3.22964811
-0.131650567
-5.54097128
-2.64339328
7.66758633
3.73901415
2.83494425
-4.56974649
-3.61526322
8.72801018
2.51958561
5.84582567
-2.45082664
16.5286655
4.32515526
0.275780916
2.38623691
-5.74880219
4.48649263
-4.90021515
-6.48432827
0.952716827
10.0153418
3.5320487
8.75046253
8.34463406
2.42095828
4.99488115
8.27825737
-4.85277462
-1.45937181
15.2392797
11.8257475
0.646812439
4.65194416
-10.3616362
-3.50271749
-0.97950089
9.18315887
0.0899256468
-6.31017303
3.88247633
13.5959921
11.4623127
-3.95206332
10.9068918
6.86919308
-4.56604004
-0.239495754
6.46880627
3.72697973
-3.16476607
-9.99682045
-1.97823179
5.00036955
6.04645443
4.80680656
3.77476645
10.8940773
3.13725495
12.5780849
0.164636612
-7.65114546
3.51980162
6.87238979
4.90499973
-8.50806999
-4.3575387
0.873502314
1.56169271
0.133091688
-1.72661722
1.45982182
-3.57747626
1.16555071
-3.81153536
1.22168505
9.49263573
9.85269737
-2.88017893
-5.19544744
-0.77757287
1.00295115
-5.81850815
-4.98281288
-3.41460824
-9.93182468
-6.36219215
3.4681685
-9.77594948
-8.11233711
0.0922293663
3.3094275
-2.52629852
-1.22380686
-1.14830565
6.68747711
-7.51525974
-2.91877961
-0.706940472
1.03854334
8.90309811
1.60694492
-0.126062155
4.79404688
-2.25239944
-7.85427809
8.90288639
-0.311996102
-10.9359598
1.82327771
4.3955574
2.63654757
4.53099203
2.0998075
3.43505192
3.51357222
-2.0324502
-6.61623812
3.60067248
2.21194887
9.00029182
-0.626793385
-5.91026592
3.34212756
-5.84761524
2.80710435
0.815242589
0.753298283
4.92176056
6.9107852
-2.10302019
-4.51568413
0.788793564
5.05721283
-5.68749714
0.435592949
-0.414438009
-9.52640438
-3.8776238
3.58114195
12.311553
12.5110188
10.0526657
0.248412907
3.58799267
4.54777908
-7.02538729
6.83005762
6.42126942
9.40274715
2.97110677
0.837868333
-0.348044157
-1.74710155
-0.819786191
4.08330059
-3.6817162
-6.78741837
-3.29815245
6.20313358
6.33436298
-0.497000217
-2.06783891
0.832184792
10.6335802
-2.31260681
-6.01910305
-0.359042406
1.05505848
2.94787025
7.84169054
-7.04553556
-0.965022087
0.148148879
2.7810812
4.38275862
6.36793137
-14.3835964
2.58207846
6.77299786
-1.66807604
8.80622864
-0.183237135
-2.52981758
-2.36917877
-10.2056694
-8.74743271
-4.67196655
5.72608519
-7.53734589
9.79939938
0.635813951
-0.270814776
5.01281738
6.57277012
5.38087463
2.04424882
2.81517076
0.701395631
-5.95682621
5.35998726
-5.53117323
8.27506351
5.88961458
-11.3370914
5.060637
2.87053657
-0.770234823
-6.59548473
-6.89323282
7.4650135
-1.92134547
0.0328245163
-2.11688948
-0.217946529
-4.47297668
-4.59247065
-2.05570602
-5.58441925
-15.9615383
3.86467671
7.05905676
7.18566322
-0.939090371
5.60899162
-12.4327955
-1.29484022
5.25159931
0.223090157
13.3037357
8.84187412
4.30280209
11.001441
7.57601643
0.0410204381
-4.54293013
-9.04846382
-5.52326488
2.40058947
1.17620873
-1.86060238
-6.12027168
-8.84394455
-16.2347698
2.95789051
8.58609772
-5.50330305
11.6740952
-1.35152233
7.40882349
-3.64644575
-5.10289764
6.59447336
0.421566248
-5.42720699
10.9246387
1.53819621
-2.62252331
-4.52933216
-0.770710468
-2.31134701
-5.14411545
2.89858007
-2.25316429
7.39642906
2.76092958
-4.35519791
11.0445347
2.24065709
-10.7653122
5.86819363
-9.12625694
-3.52033949
-0.0983322859
5.26361847
0.0199815035
1.89710999
0.881639242
-12.7082214
3.41718531
3.89938402
2.24445915
1.44850481
-1.00967503
1.55398726
0.201057196
-7.77426195
4.40231276
1.17053163
1.43780005
-0.655492544
-4.87175274
0.567711234
-8.54400539
-3.2333231
3.95840788
-0.173320353
3.75127268
-4.85771561
7.94361401
1.32023382
-1.93579936
5.15325832
-4.07387924
-5.34019566
9.99688053
4.28403854
-2.03694439
1.77483058
4.75976086
0.272728026
-2.73545957
-1.12794971
-0.535971642
2.12010717
-3.32491517
0.798274636
1.59758842
2.59277344
-0.979813099
-2.59193444
-0.882601261
-1.5646522
-1.54993665
-9.73538494
1.93533731
-2.16983604
-3.12200856
4.56234646
4.63971519
-10.9182186
-1.60457933
3.35659695
-5.02140141
-2.15872359
-5.36610413
4.97833443
-0.783243299
1.18735504
-2.07538247
3.78791332
-6.85933638
-6.1240201
-2.65979791
6.18127823
-4.20080328
-0.39996016
1.30197799
3.22191906
9.47157574
6.13477945
5.45522976
0.0178295374
-4.15512657
2.15213609
-4.92084122
-3.18513489
-2.98925924
-0.408278823
-4.15785646
0.366158366
3.73484421
1.06745851
5.45433998
1.87570512
-3.71513581
-4.12853813
3.12759018
-8.12316322
6.76873112
-0.176800489
-1.85462654
5.48801708
0.855432034
-4.06310558
1.62511289
-7.28514719
-4.4073329
-2.50225401
1.65869081
-5.33093834
-1.40087509
-0.631644785
-1.02605987
-11.6087627
0.900114536
-7.73709297
1.47571111
11.5325603
2.22545695
-1.45571864
0.431870461
1.54892206
3.47268844
-5.74915314
-9.34643173
-7.00923729
2.69209313
0.834090233
10.9389257
-4.27278233
-2.33233523
1.55761611
7.71258545
8.70688057
3.86942101
2.26987934
-2.06902266
0.536963701
-2.9272573
13.3298721
5.78989744
4.93048859
-7.20842314
3.85065603
4.82210636
2.33388424
-0.62460041
-4.41500664
2.91485429
-1.11999536
7.09991693
5.06015444
11.3883286
11.3208494
-5.05168247
4.12661171
-7.37885809
-1.65244198
-1.3225981
-5.04156542
-4.00108671
1.33019996
-7.31394958
10.2978029
-3.24549723
4.88218737
1.0544306
4.62292433
1.33717608
-0.310064495
3.76696372
6.43513203
9.66679764
-5.64846897
-0.443156391
2.57591391
2.50819635
-2.17887259
-10.2177925
5.93038797
-5.4380374
-5.87552881
-6.90138578
9.87586117
1.4847306
-8.6821394
-0.264556646
-8.77221298
-5.01858997
2.38272071
0.785181761
4.17364597
5.70416975
1.43008983
8.59433937
7.68224335
-0.00735986233
-9.50990582
-3.8519187
-8.06406498
2.70773435
13.2430611
1.6826241
2.15280437
-3.86761045
-1.8104198
0.845535874
-9.46945953
-8.38380051
-6.87637663
5.65462589
-8.99501133
7.13115692
-7.28964996
-8.05546856
-8.38457298
-2.48835468
-1.88174546
-4.03381062
7.45691633
-5.27974319
0.737902522
2.31076598
0.528182745
-6.22828197
1.80156398
5.96302032
4.56212759
-3.79379749
5.11140633
-7.64502621
2.40037894
-12.6000986
-5.02850294
-1.46522892
-3.30672359
-0.397390246
-11.8360348
-7.82080746
-9.21587658
-0.645526171
-3.47162938
0.853015184
0.228077888
0.233907461
0.987373114
-3.30770111
-2.42801476
6.5632329
6.14891672
-3.2261138
0.571881056
-9.27997589
-4.18981743
-3.3397522
-3.76095772
5.77321243
-6.32645416
-2.7062242
-0.284258842
8.60994911
-1.7333765
-2.29467535
3.60847664
-4.88265228
0.950536251
5.39066696
8.01690674
-2.96134138
-4.24544573
-2.74203014
5.9148097
-13.1845512
4.34959888
2.88962078
-6.41934586
3.97470665
-1.29916883
-2.14255857
-2.53464365
5.17080975
4.99072266
-5.01599407
-1.89945233
-3.27360559
8.71769619
1.07738423
0.724936485
7.62388515
-0.672394514
1.92004454
-2.8043499
3.81064987
-6.20681143
9.41378498
3.8980546
2.03365207
-2.13197184
-5.0164175
4.36334991
2.90242863
-9.01425934
2.67716908
4.68647385
-4.50123882
-0.593034029
-5.6615386
2.02988052
6.64252567
-8.01584721
-0.807665408
7.93784475
-1.43205881
3.79984903
-1.68704724
-0.328006506
-12.8902321
3.43952441
-0.112508297
-3.52343392
8.07325935
4.67933512
-4.32217646
16.8854618
-2.90701652
-5.70472145
-1.86085331
-0.056088686
0.860608816
1.25488925
1.76521683
-6.22396278
2.12594938
2.55213761
-5.6424098
-0.366102219
-1.25760937
-4.60818911
-10.1540051
3.96309948
5.72886276
0.805291653
0.0421836972
-7.65453529
-1.24565434
11.8303375
6.78197956
-3.96989489
-7.29102898
1.16809559
7.04463291
-2.03051186
3.73943949
6.9902668
-3.10699177
-5.16497135
-5.66983652
0.206932306
-1.0184989
-0.991878629
-2.01390409
-5.44464111
-4.01107025
3.03571606
-2.12066531
7.55825186
2.62877774
1.10953641
5.19822407
-2.50026941
0.12816602
-4.72130585
0.379539967
3.26386285
-2.77577209
4.65392017
-6.86341572
-10.5087204
4.14188862
0.683928967
3.73138332
4.33370876
-2.85040998
-0.419102669
-7.7727747
2.8164432
-0.231111526
5.77003145
0.373322368
-2.1268518
-3.35572648
-3.36756563
-4.9942975
-2.94656515
-5.77319384
-5.03764629
-4.41262722
-4.31253862
-4.02031231
-0.654907405
14.9420662
3.85767555
3.98122549
-1.12918687
-2.34991407
0.484543502
2.5440731
-4.04331207
-8.46214867
-4.10254288
3.27413058
1.95747364
-0.407554269
-2.52379513
7.05018902
-5.20170879
-8.81844044
12.3733749
1.0681603
9.70525742
-1.87163031
8.54131508
0.649822176
3.59999561
-1.28976893
-8.44273472
2.36660051
-4.77304268
8.70307446
1.27187717
1.37008989
5.64127827
3.19578242
-9.28145599
2.82595658
3.81815338
3.1923914
0.978238225
0.838091135
-6.32652044
-4.21333122
-0.40344429
2.34764624
2.16849041
-8.519207
-3.51967406
-2.71918678
-13.2238007
-4.15469027
3.74217534
6.83565521
2.14001966
-4.90596962
0.648029029
1.14899564
-4.99758816
1.31970119
5.28301811
-5.48300934
-7.78099585
-5.35920286
-0.64605093
5.07679272
4.44983625
-8.77487087
-0.429784894
-3.48915362
2.1468401
-4.88370275
4.95216703
0.185510516
-0.800634861
-0.379184604
-5.37496662
6.09564209
-8.66704941
4.77983713
1.02258801
0.340702057
-0.353135258
2.93083
5.03838825
-2.98473549
-1.53089094
2.71443748
-3.52992129
-4.87843609
0.599494696
-6.03068829
2.19119382
8.9405899
-7.86775112
-0.368412256
6.03968811
-3.01415205
4.35999298
6.86407804
0.676690102
-0.351670623
4.84158134
2.05491877
-0.0596681833
5.1409235
5.21182156
-2.88000965
-2.61127687
4.31425905
-1.47898591
-4.27680159
-3.66481376
-0.0995566845
-0.463563591
-0.784219503
1.41204774
-2.9562068
-6.81108761
10.4782143
4.51996803
3.83714533
4.06518364
-2.84723711
-1.07993901
-8.81773949
-1.17016435
3.04830933
-0.26459074
-5.67686844
7.69394016
1.49395645
-0.30846417
-6.21366596
-7.08269119
4.90688467
-4.00951385
5.25363159
-1.83050191
-0.831163764
1.50207591
-6.4618578
3.69729304
-7.27665424
0.734943748
10.8550301
-3.95173836
2.00575662
2.65413022
-8.89115524
3.68495107
-7.57012653
-9.37525368
-4.28438044
-3.49299192
-11.1579018
-12.8319473
-3.73223829
-9.61319542
-2.36368847
-1.91331506
-0.332648277
-0.431154251
7.35694742
6.68971968
-10.0019131
-8.5392046
3.98567009
7.2928462
2.0024116
-2.81043696
-1.31370902
-2.57927799
1.27115834
4.76947498
-4.79045057
6.92917681
2.18274879
-5.97775364
0.71595031
-2.14446497
-2.43589306
3.77433681
6.01369667
-4.4568119
5.97437286
-4.04069042
-0.111292362
-3.48262024
0.764481425
4.75007439
2.49107456
3.43625808
-0.0114733577
1.59606612
8.43483734
3.17822218
-2.71938491
12.8942394
4.43989134
-1.83210135
-6.44937229
4.59338999
0.9059484
-9.23997402
-1.03934681
-3.28918695
-1.88340485
-0.936473012
7.3247633
-1.17254281
0.748891234
8.29016113
-1.05463719
-2.26442289
0.295501947
-7.40829659
-0.705981016
4.01621103
6.43529129
3.55745816
-2.43733454
-4.96050072
-4.40685844
0.315087795
5.25154209
5.37387753
8.32801819
-2.52559137
4.29731321
3.66221619
-11.6266241
-5.03992987
0.178842187
5.82974672
5.6651001
-1.18455243
5.27816486
-0.975644588
-7.30768776
-5.15619898
-7.19244766
1.32308865
-1.53746521
-2.80885935
-13.2333632
-6.91893387
-0.551147223
-2.49215245
3.90327764
-0.645224214
-2.54081678
-1.10714316
-3.76655078
2.8105135
-0.593822718
-2.71512079
-2.64992976
-2.80234432
-6.16808653
7.6610508
-3.03659391
-6.85411739
-0.290417194
-6.07013845
2.01445293
-6.73681736
-2.86751032
0.330595732
-6.76775742
-3.4866364
-0.380206943
-2.02941632
-1.62027502
1.60210085
-14.8189392
-1.63712656
3.31101513
2.98573494
2.56643915
-1.70584893
-1.02745998
8.76913452
4.89034986
-2.71113181
-5.90347958
1.35870123
9.06374359
0.864503741
-0.64843148
3.41688967
-4.48990393
8.99861526
-1.83234119
-6.84129238
1.48978019
-7.47274685
4.35856962
-3.40007806
-5.25964165
-8.95471668
-2.11826015
-13.0767307
8.12915707
7.55187845
-5.97918987
-1.18956733
0.980912745
3.35515451
2.07795
0.568772197
4.96552896
-7.60423613
-2.22270679
-2.14524555
-2.0375526
-3.34018207
-0.833752573
5.65499926
2.67075205
-1.71558726
-2.85848832
-5.1144371
-6.17746735
-6.84070063
6.3041873
-4.12599754
-3.95878196
1.62170243
5.04016542
6.91142035
-1.7756741
-2.18117595
5.87688208
-3.34508944
5.10517645
6.31327868
-0.622584462
2.90009212
-4.74499321
0.415183187
-4.23979568
-5.41793442
5.95974112
-3.39812303
5.70618677
2.66162205
1.08301902
1.03914487
-8.11812115
1.14587569
3.62900877
-3.75850368
-11.7425241
4.48608685
5.69607496
2.70864511
-1.25663877
-8.15625477
0.770050943
-0.272171497
4.07362461
0.803831697
8.89267826
-0.636085391
-3.34606051
-3.77714634
-11.5561543
0.0734344125
5.78309059
3.48902535
3.1600666
3.61848116
-1.31713712
5.64293623
-5.53530025
-0.473961234
-0.704286575
9.43115234
5.8669405
-5.0341382
1.76433039
2.70989585
-1.63443625
-7.00604773
4.88706875
3.5217576
2.88719964
-3.35113192
-5.23712254
2.08210754
-4.04592848
4.9487257
7.26994705
-9.35411263
4.93829584
5.41121912
0.457773983
-0.779069781
-1.33467722
-4.28536701
1.09264565
-3.96673942
-8.51860428
-1.33333015
-0.223479807
9.06658459
0.624382257
-2.60221481
6.89915752
2.92967463
-7.34986877
-2.36211467
11.5162392
-5.15346527
0.422833115
1.2848314
-1.02524209
-2.22515059
14.7988415
3.08585238
-5.48351717
4.00555182
1.63490129
4.37034225
-5.05324554
1.02748203
-1.31383443
-3.53894067
-13.056159
-8.56292725
-0.48263979
-5.1539464
6.91692638
-0.277870893
-5.33161068
0.398348868
10.0170231
1.38754761
6.054492
0.734578133
4.85728312
0.0455768108
-8.70847988
0.1647892
-0.743888378
2.86156368
-0.413639069
-5.93004036
3.81871367
-0.0372943878
-0.763425827
-0.304997861
3.45450234
-0.580571711
-0.321021169
-1.87865734
5.74459362
10.8805141
-0.0388548374
-2.92347145
-7.33750486
-5.93028831
0.399597883
-2.27761126
-2.58174372
-0.0759569407
-0.648979306
-3.23592901
0.33314395
-10.0275364
4.66578054
1.37572777
-1.04727066
-4.69918156
-0.147548139
-0.473775446
6.82186222
0.685836375
2.71392059
2.0693419
5.16105318
-3.92964411
-0.983722687
1.19909382
2.15333462
-10.4389544
8.22428417
-7.55327034
-0.519168496
-10.2686682
7.25953388
-4.07018661
9.07094002
2.86832023
3.26958799
0.625219941
6.24943924
1.14285147
4.31066465
5.50197697
4.49189281
7.5375061
10.1252375
10.2233229
-3.84241104
-0.116637528
10.8635674
2.14487791
6.1521368
2.85484314
-1.73912036
-0.458744168
2.35468102
7.23399544
4.21737719
-2.02232671
0.760821104
-5.2057519
3.55150628
-6.00880671
-8.26969719
4.47662163
-2.66115999
5.16598368
2.31778049
-0.576828182
-4.54750061
3.60569406
-3.85510278
-1.68573928
0.378751636
-4.25219107
6.65714598
-0.144424379
3.56304288
2.3178103
2.84532976
0.242450774
2.54155636
7.73347759
3.29200101
4.73494482
0.620569468
0.611565113
-3.79315805
2.6347661
3.16128421
2.03268862
-0.528969407
-2.0599041
5.92995405
-4.02913237
-9.97319031
-1.58611262
0.235328317
1.97559595
5.72004366
-3.47228193
7.40760899
-8.72685814
-0.780144453
-0.278376877
6.35299969
1.93498659
1.61694717
-0.673755884
5.86262369
0.0499591827
-1.31495047
3.90849209
1.61563897
-0.426908255
-8.14464951
-6.31502199
-5.01622343
-4.67224455
8.08082294
-1.04962671
-5.20427084
-4.23016262
-12.999774
-11.7850323
-2.5171752
1.07539022
7.70063114
-12.1864204
2.34172678
1.28999805
3.93210721
-7.16222763
3.74218178
0.18425703
-0.7134794
-0.817001939
-0.22024563
2.98449516
-2.41565633
-7.10991859
9.71604633
-1.20278955
4.14675999
-10.4097862
0.110375047
-1.40539742
5.21396637
-4.00810003
-0.84421885
-3.55147552
-2.08165312
-0.427807093
-4.95108891
4.52289152
-10.866992
-4.45949936
-0.446249604
5.98419237
9.13917351
3.55297709
5.95419836
0.610673845
2.0164957
1.49202299
0.799919069
-3.0170598
-4.34414768
-0.200790346
9.99013615
-2.89113784
1.31315029
-5.75731611
-10.1849041
-3.84728503
5.7334137
-2.24307251
2.73586512
5.72839499
9.13764
-2.03152204
2.21255374
2.05370235
4.18974018
-0.986523747
0.108893357
0.643352509
4.21319389
6.00970554
1.47802806
-7.07167339
1.33208418
7.01021576
-1.34350419
1.34629011
5.45853615
-11.320303
4.73684549
-4.15066433
-0.396591306
-3.8832922
-1.91964018
6.45044708
-1.80255663
-8.57531357
-0.136281252
2.88443375
-9.06177998
-0.619274497
-2.87390828
5.20632458
-1.92705393
0.853389263
-6.57342243
-6.82563448
6.1887145
-5.78367043
-0.274713278
-1.12076735
2.55172491
10.285202
1.79706275
-1.54567242
-2.80525303
3.43889451
7.78004265
-10.5948772
3.75395107
-13.8719349
8.83879662
1.55399346
-7.96513271
-6.6518693
-9.96413898
5.11539221
-1.51638937
-4.34815598
0.104766965
-7.16531944
-7.46724892
0.503003061
3.42374063
0.169086695
4.4698658
0.294587135
-10.1806202
1.97282958
1.19468963
-0.124459028
-8.03846836
0.554026008
-6.17844057
-6.50333118
-4.61320972
2.13554358
-2.4131856
1.10683036
5.55799103
-6.02107143
-9.21425629
2.44899607
-4.48001671
15.8700113
3.48916531
-8.55085182
-0.972109437
-3.39858484
0.448992848
2.35909891
0.167566419
3.72714138
4.98441887
9.24060154
6.83573771
-2.67881203
-2.36231947
-5.20338917
-3.10935974
-3.32397747
-2.60831666
-3.29896355
3.24279428
1.49570894
-5.14689398
-6.29175997
2.47236061
8.0419302
2.54608917
-2.93497705
7.91182566
-4.31883526
5.84438848
5.31707764
0.732877553
-5.76806259
3.63427043
-2.24579549
-4.69361973
0.938371897
1.86741424
-8.57191372
-0.311556697
7.7125597
-1.86633039
4.77293253
1.29013646
-7.83617544
10.3754292
4.90299511
1.24702466
0.233269453
-3.70829821
0.30184269
4.14361954
-9.04202938
-14.2738342
-3.35492134
-6.8531189
-2.50137758
-8.07466602
-1.27962816
1.13111949
7.67825031
7.42753887
-7.5932827
-0.896101832
6.70645905
-3.92507267
-3.28116727
0.943863332
-1.69022107
5.82853603
-0.125367165
1.4238162
-8.81132221
2.14743781
1.40464163
14.9362917
-4.8564291
2.81140065
1.12935781
-0.771285057
-4.98953056
6.0061264
1.34679508
-2.33462763
1.86239958
-4.72824621
5.63306046
-0.592609167
-0.44821763
-9.51058197
3.63467264
-1.11110556
-2.75535345
2.69227409
11.1027632
5.67623711
5.75852966
2.69370294
-4.20719862
-2.30281711
-2.16442466
6.17046928
0.797410965
6.17617702
2.05734444
3.18160558
-1.88751006
1.33163476
0.254958153
5.3830514
-1.82452142
-12.1907101
-3.85186887
5.27842855
-5.1672616
-7.01030779
-1.45782161
8.80791092
5.13214636
4.6384716
-5.71928453
-6.08000851
4.42411137
4.1980648
-7.6530304
7.14964867
0.941576719
-3.34712958
8.73562622
6.10723019
-2.156394
1.23710585
-3.98809862
3.48437881
-3.75578594
-3.51023579
6.33014917
1.97298002
-0.329114556
-0.309147239
1.6998632
-3.55480361
2.25782704
2.03168249
1.52837193
8.56993675
-6.5037508
-5.92552805
8.76896095
-1.86110389
-0.0903360844
-6.95982933
-2.25587606
1.29819465
-5.59470987
0.548228741
-1.92816496
-12.6596794
7.06513214
3.10365486
8.92063904
-10.0378628
8.05947304
13.6414976
-5.46817923
-6.43817425
-8.65563202
-1.67028093
1.12883234
-4.42577171
-1.72656047
-10.6200275
3.07823181
2.61475372
-3.48357821
-0.974219441
2.31095409
8.63353443
0.623812079
-1.48264182
-1.65366316
5.5265789
1.22503293
-0.719729662
5.42749882
-14.1515903
1.85318387
-6.65478897
-1.75305247
-7.19838047
-0.0313900709
-5.61652946
-3.2294867
-9.28420448
4.22430801
3.54511118
-0.0107388496
2.4645226
-3.74002218
-3.8793211
5.04260302
9.29314518
-0.104029655
-4.16787624
9.5767765
-0.0258767605
-14.3925457
1.24417901
-5.5420351
0.847826958
0.266245842
3.20278573
-0.0249097347
-2.54440999
8.70217705
2.75921917
-14.6939459
-0.228487015
-2.47095585
-0.827051401
-0.202217698
-8.63731956
2.18693399
3.10265493
1.84976077
9.99356842
-4.23386765
3.54821563
-5.70667362
2.91202116
-1.8309443
-8.40847206
-0.251693606
-2.43059897
-4.33374786
-0.223995924
0.209427804
2.2514596
7.00126362
-5.71349287
-7.01137924
-3.42966509
-2.84505248
1.62834096
2.06883144
5.28782463
5.20139074
-7.08429956
-1.41875052
-5.36545658
-2.3845911
0.760851145
-10.3853817
5.49830294
4.42750359
-8.08186054
-2.12587523
5.99667311
4.38553619
9.24256992
0.627264977
-1.31368315
0.977118731
-3.52134633
-15.7665443
-2.8251822
-2.10846281
-1.8102212
-13.2500324
11.1752987
5.50247002
7.55350971
-4.22201872
4.83695555
1.01157379
4.0634408
-1.45435929
8.51069355
1.96882582
-0.87217617
3.77235031
-9.35295868
0.33967948
2.60885382
0.666001797
-1.71913362
8.27806473
3.59008026
11.658639
8.32477283
-3.69419909
1.17014623
6.36680508
-0.475105584
7.66939449
2.20076942
-1.13902128
7.83558655
11.4228344
7.32238293
-1.38959694
-2.82549286
10.3371181
-6.01944494
-10.9203053
-1.24032402
-4.94811869
-5.64484072
-5.27726555
-3.1568346
-1.71830237
11.4503775
7.0410099
-0.960161448
5.04145241
7.71105433
6.31119919
-1.21003008
3.80266094
4.71051025
-3.5984304
-4.32483244
5.87162781
-3.35620093
-5.67848158
-1.80455363
-1.62199748
-0.5949018
-6.48975086
-2.65894794
6.98261166
-3.64178181
-3.99280477
4.36320257
0.282805949
1.4956224
8.37941647
-1.31280613
5.45267057
-1.92575157
-10.5838661
3.62657022
8.05476761
-7.05766296
4.60826731
5.77030277
-4.16376638
-3.58401155
0.345249414
-0.754824638
8.79569244
1.86476874
6.25704193
3.81896186
-2.5689702
8.44996262
1.79001307
-6.95563745
-0.527910471
-0.920000672
-0.103354961
2.26634312
5.7141118
-7.3713274
-0.300166249
1.10863543
-3.7376225
-9.58130932
13.5251541
1.90893948
-0.660045147
-2.53002191
6.40617704
0.62070775
-2.9826262
-4.63588762
2.24079061
0.813505173
0.049975872
-2.79407811
-7.80562449
-0.860845029
-4.92746115
3.71081948
2.91868806
3.95582294
7.58524799
10.812295
3.63088703
-0.0979546309
-3.53060102
-1.71795487
-1.9449755
1.24189782
2.62989426
-2.28725863
-12.363698
8.53179359
1.86311638
-5.64994621
3.60366249
11.0903883
2.1569252
-3.37285638
-2.25488424
-3.1657691
-8.13374615
3.34337378
-2.22988915
6.33384323
-3.85133147
14.466588
0.714360237
7.13928175
3.11508775
-1.81914663
-4.21587753
-16.1334915
1.85007596
1.85325241
9.01101303
6.40820742
12.6733971
-4.23488522
2.43814778
-8.1097002
-7.47989178
3.08437324
5.50296116
3.64287901
3.5808568
-12.9731941
-3.4372921
-0.683095694
-2.65936971
-3.77378845
-2.76813698
-1.32993639
3.1126163
-3.41727495
12.8925161
1.56608009
-7.14288855
-11.3780355
3.53797793
1.04223275
-0.918202758
2.22865653
6.95675611
1.36920547
10.2682314
3.65515184
-10.1554527
0.88558805
2.99869847
3.62954473
-7.75618267
-3.80698299
-1.76574481
4.71019459
3.48230362
0.901960731
-4.0648222
-1.66350806
-0.388098896
3.38949776
-1.73667789
-1.18224859
2.90239143
-1.51950479
2.84443188
-2.66422629
1.05137897
-8.03979492
-2.68332028
2.59811091
9.67437363
1.22847986
0.404765755
-5.03944874
9.57246494
-1.43253303
5.72950888
2.65550637
-5.26116085
-0.427774668
5.34074593
17.9299965
-7.0063839
-6.76795912
-1.04966438
-6.31886244
-2.24286604
6.72357655
2.00644135
1.47356057
2.53216982
8.18853951
10.1884193
0.531486988
-8.5536623
-4.42418289
-3.23164749
-2.7369802
4.23867846
-9.44505692
-6.92153645
0.00567173958
-2.9136281
1.56341267
-2.39412737
-11.4746151
2.30273962
-3.7012372
-8.07269669
3.09359217
1.16484487
7.30985165
2.8517704
-3.13763094
1.05191374
1.18811667
8.37913513
-5.50117588
-1.8223573
0.96288538
-1.15466666
-5.37511253
-7.34892178
-4.50527668
-0.302393198
3.19536448
-6.14944363
-7.57944059
-1.07330155
-5.14504051
0.711616457
6.70152998
5.51792336
2.7991538
3.0602479
-2.7239449
-2.22293377
-1.21839285
-2.18507147
-1.13111329
-10.9174833
-6.95304012
4.27745104
-5.59355307
3.75630951
-0.555748105
-4.65980577
-1.16143477
3.47544289
0.248456389
1.08266068
2.64118099
2.15698433
-4.10368252
6.10300684
-0.967876852
4.6169548
11.5486059
-5.53240871
4.46007109
2.22894692
-10.6128798
-8.43985558
-5.26108885
4.81680298
1.08677578
-7.01298332
-2.16802454
-6.20612907
12.7332439
6.22114849
5.97565126
-1.46004081
1.91884243
-1.24464893
3.56902122
6.63148212
7.47871017
-0.215329707
2.07813358
-2.62942028
2.34345055
-0.486284256
0.0404046923
-0.00497353077
-8.31842327
-4.26196051
0.901983857
4.9096818
-2.6038487
-2.81469941
-2.17871284
-3.73174357
-1.66442275
4.11340189
-2.37061453
6.29647541
9.70326424
-3.12426472
4.08697271
-14.8987484
5.48308086
5.98815727
-1.3323139
-0.337992728
-1.87917328
3.15630865
5.94914961
3.95602179
-5.52391243
-8.73383713
-2.25351739
4.78715372
-3.42517591
0.259227991
-2.02873945
7.5654726
-6.27839422
-4.03950214
-2.06945014
-9.84935188
-1.00168335
8.30981636
-0.854718447
0.863895416
5.55253506
0.506060302
3.45805335
4.73020554
0.326916575
4.06542587
-2.56694078
-9.2810955
5.46509647
-1.17819476
-1.33759141
2.68831778
0.127126455
-4.5076685
-6.76497889
-11.2391071
-6.5529995
0.930215836
7.64675617
-8.86519241
-10.3071842
6.81199551
-6.43013
1.52343118
10.762043
5.85252285
-4.33466244
-3.06292796
-8.57687664
8.2021389
-8.98185158
-9.8104496
-5.812356
1.48804998
1.48937654
13.7133083
9.52552605
-3.97768641
-4.34053755
3.61963177
-5.8217454
4.73289585
3.92371893
2.85080767
4.76597404
1.29677939
-0.795199037
3.4574306
-0.879296303
-10.4532938
-7.11440325
4.29233074
-0.674936056
6.5968132
3.90743113
4.63713551
3.69138098
-3.61845303
-2.51615858
-15.2911253
-0.963824153
6.22328711
4.26187944
-2.10774183
-3.20292139
4.70624733
9.92698002
2.74252701
-2.27628303
1.96092129
-5.51888561
-6.04665709
1.46227515
3.55968928
5.14257765
0.219277531
-7.04006577
-12.6033564
3.83188939
-2.41012669
1.735098
3.55935478
-4.10862732
-6.68263197
-1.63382792
-17.0589314
-0.560003281
1.90374565
-9.6686182
2.85341978
0.596197963
4.73860836
4.77429199
6.89246655
1.20572388
2.02035904
1.94510531
-4.35560513
-1.60644293
4.72042656
-2.7696538
-5.23204994
-0.821024895
-0.433655024
-2.24229717
-10.5832281
2.74395823
0.742222786
1.03776181
2.73798919
-3.52836466
-1.72126412
-4.93708515
-4.24033737
-2.93327355
3.83262777
-3.96439457
-3.11791348
-9.886693
5.32688522
-1.88075507
2.18835926
7.78616858
-5.01648235
-4.04290009
4.69994545
2.96524811
11.7638969
-6.70861912
4.82563305
-6.74162626
-2.34246111
4.3259902
-2.56333756
3.80664062
-1.82921219
4.05675125
1.21972227
-8.38301468
8.31851959
-2.15004635
-2.72993183
-4.11566639
-2.48062277
3.8854351
-3.86234713
-0.120325565
1.96447659
13.2842302
5.84676361
-10.0663109
0.146765113
2.71983433
8.66652393
-0.604803562
-2.57011676
10.5591068
1.56857383
-0.753988743
-2.57230949
-0.388908863
-9.17006874
8.04279423
-3.23747611
-0.581227601
3.70344901
15.1537991
-1.40519047
-0.303112954
1.80577517
2.78988266
-11.1785603
2.39405298
-8.36436272
2.1838665
-4.85994625
-3.30003595
7.27016258
7.48696709
-0.350342035
10.1787739
-5.19284916
7.36589336
1.20328498
3.0008049
-2.9945879
-15.406703
-14.5930939
0.331916332
4.53675318
-5.4860611
3.07634354
3.92028236
4.24722719
6.86290932
5.88171291
-2.80763483
1.68590164
5.51858568
-1.79402554
-0.916149497
0.834352136
2.11918116
0.203460008
-6.42448759
-3.30327439
-0.432399213
10.466855
7.15578842
-1.84905195
-4.11457348
3.85248375
2.77589154
-6.67012548
5.15666533
0.58643198
6.77388191
8.85909081
3.13940048
-2.0713954
-3.81138802
-1.00768757
-3.01170993
1.53793597
-0.323455811
-4.49797869
5.50371742
-2.4787817
10.1561556
-3.80416298
-3.13079572
3.10091543
9.89857292
2.74911904
-0.869798958
0.472527504
-1.59756041
-2.76847649
5.45311928
0.0234148502
-12.4914312
-1.84263968
-0.899187744
3.98394513
-7.26702881
-0.0365806222
-0.030282259
-4.44210052
7.31101704
4.34183025
-1.28200769
0.491614997
-0.467155039
-0.194581777
5.81034088
-1.2886045
2.85538912
8.51249886
-5.61415911
1.22416532
3.97709703
4.70331192
1.53603625
7.71575069
-2.22428012
4.89337444
-2.6817646
1.19049132
-2.57354498
-2.9861474
5.20412254
4.13133049
-5.86670017
0.552505732
-2.24561501
4.05058002
5.40335751
-1.64800084
3.45919371
6.16205502
-2.73010683
8.82256413
4.99914837
2.58210802
-5.49468756
0.136224031
13.2259827
4.68363285
-6.21685553
8.89625931
-2.21802521
-0.720773458
-0.267705917
4.7399931
-2.31690478
-9.42226124
1.0413003
8.90312767
1.57541537
-2.64348388
-0.224636078
4.08575535
-1.92223525
2.6387701
1.52395487
7.26709986
3.51060057
-3.9630723
3.35993433
2.22655988
-5.67713451
-6.21864367
1.89361334
7.92311525
-5.62413883
-17.7119484
-2.17941666
-7.3729763
1.75991893
3.53562665
-7.27529812
3.66983318
6.73314142
-5.64079475
-17.5701408
3.95175505
-7.72546339
-3.87994337
-12.5865631
-7.16645288
4.78236008
4.77722359
-2.1370759
-1.52915096
-4.99421978
9.01267338
-2.89344645
-2.43948579
-4.10089207
2.72538877
0.26137805
-9.83429909
1.38373959
-2.82033396
2.05733657
-7.89309406
-8.20505524
10.1704216
0.0385136604
-4.18674326
-5.88094759
-6.20590878
-6.70822287
-0.52891326
2.74592924
2.85830379
-7.28581715
0.154274464
13.7849531
4.20452118
-3.42308474
0.179993272
-0.0871767402
0.049364984
2.19417787
-7.19538689
-6.51957941
3.70818329
0.308807373
-4.31758642
5.99021626
-6.22058725
3.89812803
1.85086226
7.30204964
-5.46429968
4.1983614
-13.2471399
2.48259783
6.92316341
-6.44249725
-2.45351982
-4.59919643
-3.30085301
0.793801188
12.1910725
-2.66844916
4.79316473
2.42841911
9.97455883
3.88846803
-2.67279983
-8.81052208
-2.82986474
11.2497587
2.58382225
1.10566425
-2.15400457
0.327339411
3.06122303
-0.843017101
-0.51948905
-1.57762086
4.7685709
0.679651141
-9.24106693
6.43944359
4.95007086
3.46769619
1.48040116
-5.48659897
9.12975311
4.56307745
-2.57763577
-3.85790014
5.60087967
0.219819784
-6.19333076
-0.848517835
-4.97537804
-2.65612984
1.51802683
9.28349972
7.47217655
4.10090542
8.18246078
6.85772705
-1.78491449
7.86398029
2.51579142
-8.51336098
0.255586028
9.81505013
10.5321007
-1.38824701
-0.131263494
4.87469482
1.04690278
-7.35472965
4.73770857
0.7375741
-14.910737
12.9520693
-5.98598003
3.40105438
-6.11511183
-6.22177744
-7.68529606
-1.16962492
-1.57576919
-1.14874411
12.258173
-1.88545215
-0.256865501
2.53676033
0.751000524
5.97707844
0.719252348
-4.85893488
-3.40521812
-0.276509285
-6.29749775
-2.47405791
-2.77310824
3.3947084
-2.61475062
-1.98434293
-6.28175354
0.776067019
2.47598195
7.60948277
0.546063185
6.20280933
1.16160774
-1.57502353
-0.371371508
5.44745922
-2.40356445
-5.00715637
1.02543652
-1.79385459
2.6879487
4.38241243
3.92687178
1.81215525
7.09189034
0.556478739
-1.56575167
2.10015726
-0.788090289
-6.16751862
6.29230881
6.14950466
3.63057232
-6.63629055
-1.4542861
2.47295499
2.07116628
2.27911425
2.55942941
6.4379425
5.79852867
-1.05391121
2.19229937
-6.11478376
-0.988440573
-1.42189741
13.0690145
-6.53842115
2.62596989
-13.4671154
-1.69302845
-2.46580172
-4.66002703
-5.12993336
-1.05054617
-1.99118996
13.9780521
-8.85138512
0.521719217
1.30052173
-1.65436053
-1.90837824
0.890361667
11.1049948
-2.15220833
-5.17110968
-5.28775692
-3.83391213
0.528076351
1.25570321
7.89751244
-5.75919771
7.94939995
-7.59535408
1.8944627
5.69404173
2.00302792
-6.23951626
-2.68785954
-6.16361523
-3.02670312
-8.95793629
-0.32228601
-12.7889709
-1.01519322
0.375607729
11.287672
11.0970993
-1.6872623
-3.74932194
-11.8406658
-2.03250694
-1.66490126
2.75082254
-1.13344336
-5.84930658
1.12957513
6.54169464
-1.22167873
-4.68980503
-3.77846694
-5.39593267
0.397731751
3.10274959
11.488801
-0.307925344
-0.62005806
9.17622662
3.20939445
-8.06903267
0.631239116
2.19800687
-4.11315155
-7.4598074
-0.374466538
-11.4506111
-0.374784946
-3.08197713
0.94118619
-6.88109732
0.650752664
9.10174274
3.22802687
-7.67945576
-3.88513017
3.06650877
3.2138381
6.47916031
-8.96486855
-5.29866076
-8.47014904
3.88554645
6.79985523
-4.3811512
-4.8778863
-3.5071156
4.05152607
-1.89641881
2.75200462
3.80835247
-9.99986839
-7.5565958
-0.087846607
-2.581599
-10.4543734
-8.57978821
-9.64452934
-1.97799063
4.51245594
-4.10936165
-7.17145157
3.62846661
3.48206806
5.41517973
4.43091631
-2.71416521
-10.0988054
-7.74191236
10.5952272
-3.26768303
4.4916153
9.45767975
7.00361919
-4.53642797
2.28309751
-5.76527786
-2.48410392
2.72104478
-11.3575144
4.36505222
-7.82326078
3.89352369
-5.99109745
9.46597099
-0.617802501
4.74271393
-2.24131942
0.177364945
-1.3343184
-7.12412596
-1.17884171
-7.12860489
11.2760105
-2.21214437
0.0367176533
-3.24374604
5.93337679
-3.37455344
-1.349648
-11.352479
-4.72699261
-2.56778026
8.66493607
3.49976182
4.41467094
-2.57488871
3.72846794
-3.3487587
-0.331589699
-3.53499889
-2.54422355
-1.10878253
6.44620943
0.280608535
-3.03308058
0.392803192
3.70169902
-1.44137514
1.11172056
-4.19712067
-3.46342063
-3.22891712
-4.08579445
-0.813397229
-2.23132801
1.13354909
3.91515064
-10.1178255
0.528417647
-7.94808388
-0.801917791
3.54704928
2.72447395
3.83019018
-4.57846546
3.74582052
2.86008406
-1.08262682
5.32020187
1.4817785
-5.4343977
4.75901461
6.94021225
-0.314913273
-0.370019197
-0.874788046
-4.25138664
-0.240631938
10.7524529
2.10321927
-8.69466972
16.7302895
-0.2186912
-4.14876795
-8.13836765
7.58865929
-2.342556
9.2258997
6.52155066
-4.32680893
-8.75488663
2.64356065
-2.72837472
-2.49785519
-3.69373226
0.657681346
-9.08042812
-2.32313442
3.44961405
-3.88892937
-3.74912834
-0.268026471
2.38141751
11.4861097
-1.31933498
-1.52035117
-3.24281025
2.61367893
-4.00748348
-1.5708735
-1.05353189
-0.178914905
-0.893953204
2.94061065
-4.86719131
4.64839649
-1.97875214
8.07385063
-3.68169117
3.5181365
-1.69737709
-11.2640448
-9.53630829
1.80050087
2.85374331
-2.83462572
-1.17176402
-3.85083342
0.536301851
1.85210645
-3.84930706
9.62287617
-9.69256115
-5.68190384
2.95209169
6.83730412
2.58604765
-10.7780952
2.46456456
-6.17347717
11.6958828
-6.26762867
-6.39154816
4.00223255
0.32548964
4.19446373
3.61463928
6.15461111
-0.878918111
-9.65160275
0.729910851
0.20438385
-2.35841584
5.70265627
-3.27511668
0.629567266
-5.06204653
-0.0351458341
4.19628763
-0.745092094
-0.544298172
-8.28359985
2.84743667
0.0142669678
1.1178236
2.52098131
-1.14138293
6.34341431
13.7080927
-1.00689995
10.905941
-0.23716414
-4.41485977
1.44920778
-6.20245361
-2.83861136
7.0024147
-2.88225031
1.80629873
-5.51637936
12.1341801
-1.48347461
6.36671972
8.04917049
-5.96500683
-3.02768803
5.0964632
-7.84260035
0.736546934
-2.85326481
-3.24699378
-1.74289465
-7.5408144
0.576085925
6.31948757
2.20141673
6.50511169
-2.56250834
9.14408398
-3.45159817
0.655132949
10.8732166
3.67369366
-6.31462097
1.64012527
4.60371494
7.05325508
-5.76304817
4.79633188
8.10963535
-7.62787342
-1.83667278
2.79878616
6.69028759
2.75810337
-4.1634903
-5.62054873
-0.894879699
4.25581503
-0.175340354
5.78158426
0.832684994
11.0959053
-3.9749217
8.27730942
0.515880108
1.34147918
2.60644388
-7.25444031
-10.9627171
-6.70548773
-2.78185964
-2.38322306
5.08818722
-2.13179684
-0.289348125
4.57471275
5.66722298
1.08521938
-0.693353772
2.61189795
-4.79670429
-0.245712757
0.593144178
-0.38195914
-3.21011496
-2.5688796
6.71292877
6.6069026
7.11056042
-2.32436252
-2.33946133
-4.54506636
-2.20634413
-3.95217943
1.7909379
-0.862122774
9.65781784
2.07557154
8.19167423
7.63284874
-3.30753326
-1.99978161
2.96163654
-3.57319832
0.657516241
5.78590107
-3.54672289
1.71229863
5.55076408
8.36465836
2.40935612
-5.34860897
8.04776001
2.89170551
3.06014919
1.58376122
4.67570496
-0.614650726
-0.295086205
6.59630728
4.26898861
2.52639413
6.99000692
4.75747395
7.27532053
3.97859955
-2.81978512
4.91482067
1.80492914
3.45548868
6.34563828
-7.21408033
1.65440929
-3.1737268
-11.7532187
1.30403686
5.84526777
2.17872167
-6.35836029
-1.94378901
-2.53708887
0.395432949
0.514591694
-1.42187619
4.19788074
-0.510981083
-2.53489947
-3.47841334
3.28087187
-3.36773634
-2.29109287
-0.117620468
-11.7841539
0.0417000055
7.33498287
-5.89488792
1.10250759
-6.60017586
6.61113453
-7.34813166
0.167575121
-2.93295622
8.3604126
-1.30339944
2.60831976
3.07339144
-0.645137191
-5.85352135
1.52412295
-2.40178633
-5.44421482
3.27708125
-8.67885303
-2.76520443
-6.33002853
-10.0804262
3.9773469
-0.866319776
6.00772762
-0.806071281
-3.15828609
2.13656783
0.98987484
1.68389785
-0.645621061
0.137043715
1.84542537
9.5603075
-13.8337603
5.96421719
-5.53871059
-5.90539074
4.02659225
0.258767754
-8.21514225
-0.587841272
5.02335358
0.539959669
6.04637527
0.609454155
-1.01355982
0.17502743
-0.710029364
0.484754562
5.03098583
1.21468616
-7.08870602
5.50283909
-11.2081957
-3.71297455
6.10056782
-1.36894166
0.0500965118
0.323316455
-3.45851254
0.519650936
-2.54481792
-2.11198688
-3.08381677
10.0172787
4.92925501
1.15886056
-7.12585258
2.95101142
3.70607257
-3.45588589
-3.18065977
-2.91200805
-0.747945726
1.363379
1.58866358
-10.5070992
-8.91427422
-9.47041225
11.4690113
-0.597874999
2.05283213
10.7761192
4.03401089
-0.760516405
5.30044556
7.12163496
11.3557243
1.91753912
-1.11924732
-0.912592173
-3.785537
1.62219477
-4.36612749
-3.72309589
-5.28331947
0.0911548138
-0.182476521
-0.01042974
1.92207134
-4.97585964
-11.4448519
-2.38413334
-3.33520174
-4.74241447
-0.223230839
-10.7742167
11.5835295
-9.72473049
-4.09358501
4.45924473
-3.42649174
4.78355455
1.42555523
-0.295291781
-4.92269659
-1.53320575
13.3284149
1.60615063
3.70478296
1.85142541
1.29335356
13.3865795
-7.22555923
2.82229137
2.02252173
-4.87400627
0.141338706
-1.73463154
-6.60213089
-2.05935431
0.507027626
3.16614723
7.98765516
-5.15275097
-5.68544483
-0.775275946
-0.178944975
0.668022692
1.07589412
0.174155951
0.569217443
0.470441341
-0.514838874
-3.8417325
-7.95964718
-2.45324254
2.84202766
-0.787970781
-5.26515055
6.58675289
1.79805505
-1.74593771
1.60652542
4.79097891
11.1968336
-11.1689539
0.994292378
8.75084305
1.34524536
4.82464552
-5.87516308
-8.14360809
-0.963083029
-4.31998396
-6.69634008
-1.18818033
-5.13830185
-1.04705906
4.83700943
-11.012373
-5.96676302
-6.11497164
10.5422478
-0.440419495
8.12629795
-7.72580576
3.61629534
-3.43765187
7.30678177
-0.431567192
-5.37420225
0.82326138
8.32892609
10.9723091
-11.5402393
-4.3635335
-2.56255937
-2.59254861
-12.1030073
-5.49125147
-10.7452965
-13.4593821
-9.15596199
3.41330433
-8.91717052
0.981548309
5.39391851
-8.05374336
3.33147764
3.04697013
-1.32249224
1.58291054
0.608491421
-2.35852623
-0.48292923
-0.407338381
-4.12784529
1.97333837
2.88798046
2.08846807
3.63740134
-0.834439754
-8.68893623
-1.33646977
3.79063129
4.53341198
11.6155319
-9.22134972
3.09335423
-7.65497684
-3.78985238
5.67633533
1.48649442
-2.26834917
5.79432964
3.9763732
-2.65145779
3.26795959
3.17095232
-1.61149859
-2.00021148
10.0506325
-5.38022137
4.42955256
9.07480812
1.893224
2.4367559
11.1337452
-1.26554465
5.6967392
-3.19808531
-0.43223238
-6.30126381
0.986547947
-1.60978079
1.51608419
-1.15012145
6.23318434
3.09720254
0.846258759
-2.07753658
-5.23911428
-0.259480119
6.72773743
-1.59958005
4.89886141
8.75568676
-3.51816893
-5.92566299
7.13720131
-0.384451866
-0.661558867
-4.45714426
-4.09163809
-4.27678585
3.72879887
-3.5788033
0.583045483
1.27751684
0.016734004
4.09026432
0.826733232
-10.3698101
6.08005333
2.78737831
9.05520725
1.38687682
1.93949139
0.115411162
-11.9258652
12.3846455
6.7915554
-2.03859925
-3.75173426
2.6430223
8.20569611
3.16771936
-3.49749517
8.62208748
-6.16188431
-1.75797987
3.77645755
-8.17612648
-7.01820564
-4.81454468
-3.73295069
2.12371063
3.12015939
-15.9674473
5.16137886
-3.11855149
3.31870008
7.22798681
-3.09999919
-0.163174152
4.55843163
-1.14241946
9.90921307
-0.457811296
10.2713375
-4.93659782
-3.78324986
-0.965704203
-5.77842617
0.666605949
-3.76383448
-4.88062668
2.04266047
-4.47968006
-3.09128761
4.56819725
1.86726022
0.666985035
-4.58987474
1.78942823
3.3458252
-14.1190872
0.483718395
-1.90388036
1.58960557
1.72910213
0.549914718
-4.95087624
-0.133794129
-5.43746328
-3.52600884
-1.44137287
-1.15007281
4.7198472
2.62972832
3.2896781
4.71608305
1.7125212
-8.61619473
2.59198046
0.876110196
-5.67449284
-8.46026516
-4.62832689
7.51118803
-3.66695499
-0.826814651
3.32391739
2.40532851
-3.58102179
-4.63213873
-5.76261902
-2.17679739
-4.0500865
-2.8034277
-3.24439454
-2.77999234
2.57227659
-5.21037102
2.12832212
8.29738331
1.12894714
11.5024624
3.9369669
1.81832457
1.7610507
-1.56802511
-6.49085379
-17.13587
9.54078007
-2.46144986
-5.92324972
4.48110723
0.339937806
3.3162837
1.17254019
1.62050712
-3.89480281
4.95425081
5.5937376
1.1291424
0.580483615
-4.52124453
0.711998403
-1.28287745
2.81981802
-0.164793938
1.86012506
-11.1472969
0.0200688839
1.08488226
0.52671957
-7.37899208
4.09934807
16.0224743
6.11235619
3.80685663
2.56109333
0.901472807
-1.39978123
-0.406668365
5.03958082
4.52121067
0.399834394
5.32148075
-1.98825121
-5.7841177
0.367466688
8.00808525
-3.44217992
-3.83558798
1.51237893
2.08350039
-1.76234186
7.09694672
1.65734935
8.86984444
1.60386658
-3.67537451
-1.17368102
-8.63618565
-0.0531270504
0.232314229
-7.66798687
2.08465815
1.80796504
3.17453647
4.64242744
-0.22090435
5.8735919
-1.85958183
5.07610226
8.57977676
-6.56150341
4.19624615
4.36441374
0.86302352
-5.14902782
0.0031722188
-1.9690609
-5.10848236
4.21446705
2.5689981
0.870947123
-4.24139929
0.499744922
0.710067153
-4.80781317
1.52253532
-1.91477776
-1.91015017
2.08825541
-6.64966488
-8.51609707
3.68939447
-6.44654083
-0.158117771
10.2571592
-0.511759758
-5.02020359
4.50224447
-2.67069721
-0.516989112
-2.63819385
-5.92202473
3.60134816
-5.6975174
-0.170537114
-7.29877853
-0.44084549
0.355670452
0.924624205
6.02875566
-3.37911177
-6.91076088
1.04449189
-1.24442434
5.98480844
3.09845304
3.21326137
1.7975347
10.4783306
-2.91320992
1.11526847
10.4785519
-2.45540476
8.33938026
5.71289921
-8.49993515
3.67332506
7.31136608
3.65585208
5.09685278
5.0945816
5.4476161
3.10190296
-10.7460289
-4.80863953
1.08523333
-0.875815034
-2.57895732
-5.75164223
-15.8622618
0.195877492
5.89954519
-2.95038891
4.68332052
0.841347277
11.6800041
-0.0206754208
-0.52414453
4.16573668
3.73691463
2.79734182
-0.0652580261
3.41141701
-1.0502398
-2.59762645
7.75192738
11.6027355
4.41436911
-0.133613467
-1.98039722
8.87545013
-0.990409017
-1.47322357
-3.92524028
-3.54731989
-4.39153194
-5.08694983
-8.67006302
4.06187201
1.06625342
3.20970416
2.56262851
7.53773785
8.35259247
2.58963132
0.0520309806
-5.94239283
0.983072042
4.85761404
6.36491442
6.27109051
-6.97246027
-0.83064276
2.22572994
-1.0324086
-5.96272278
0.897540569
-0.429858804
-2.44912171
-5.1854291
-2.24266338
0.173442841
5.32876205
-1.12475276
-2.7253809
3.53262496
5.84619427
-2.70112371
-5.86643839
-0.213362873
3.50319672
2.88108873
0.625599384
-1.82113051
-4.41117907
14.3974686
0.199814439
2.04665542
0.907457829
8.04810619
6.32585859
-5.46106339
7.87092018
-0.747882247
1.75807416
5.56504488
3.89757657
7.93323898
-8.48589039
2.56096888
2.21760273
1.86293817
-1.23025775
-2.70597935
-4.15798903
-1.98411131
-9.77919579
-8.26225853
9.96981049
10.985548
0.0741232634
-5.68834925
-5.32576847
-6.24325466
-2.52567863
-1.6568464
-7.93186712
-4.55584764
-1.51089478
-6.09495926
-0.524594307
-6.8361907
0.948937416
-3.15266371
-7.94996881
-5.15797138
2.74988651
13.9783363
0.439059973
0.497619629
-9.62382507
0.91854763
6.71961069
-3.90604949
1.36572421
4.29231071
-0.031119585
-3.767735
0.900874972
-0.973121524
-6.11603642
0.667420328
-5.71302462
-8.18047523
4.45383739
-6.45726585
-3.50589705
-2.74309206
-11.3283854
2.72246861
1.45327115
2.55889606
9.23047829
3.71915698
8.76434135
9.51708031
6.98789883
0.484003305
4.12504768
-18.207262
-6.11172438
-0.690802455
5.67901945
7.85287762
8.862113
3.66987634
2.11713719
2.93846869
-0.480950475
6.88949156
-0.840357304
-2.38468361
1.59077168
1.31408131
-10.0931158
-2.09223509
2.68733025
1.84703815
-6.92439842
2.43440914
-1.75075865
0.568182945
5.06816387
-3.64245033
6.42075491
-8.76460171
-3.78555441
3.77257037
2.61820722
-0.190646589
-2.93625212
7.51194859
-2.07477689
-1.7198354
1.00637758
-1.65087986
-5.10961199
1.3681848
3.44885588
0.882880449
-11.7991333
0.643981457
8.20120621
8.08137512
4.59626293
3.32766438
1.17819738
-0.019081831
1.44573772
-3.24547696
0.611989737
2.14324808
8.71858025
3.76457071
0.880688429
-3.37043381
-0.28044939
-11.1112528
-4.15205574
6.05811405
0.997272849
-3.55741334
4.3746357
4.72228146
-4.75619698
-2.56589007
1.22802663
4.08446169
-2.2850585
3.4731493
0.126202345
-3.60757685
0.0335282087
9.64463425
5.82882547
2.10845613
5.98748922
2.33646917
-3.42933869
2.58464575
-4.56485462
-3.19967461
3.70822453
7.81411123
6.07031393
-2.27240419
8.11373711
13.1501465
3.35467029
-6.36765194
-1.97564888
-2.62711716
-1.79163873
-1.76251733
-2.3034153
10.657033
-0.468625069
-2.02998018
0.892990589
-10.7362213
3.7526598
-0.6780532
-3.0126245
-7.2410183
4.66085339
5.34838581
-3.39035153
0.934884548
1.05001962
-1.67418277
5.08368349
-1.12696767
-3.90440989
-8.00551796
12.7812443
-0.307760119
5.85571289
-8.76980972
3.24919033
-8.1156044
-1.65541077
4.34082127
1.78299928
-8.57277203
5.65584135
3.56831741
0.471253991
-0.179132655
-3.86517191
-7.48418999
3.97835112
7.8808217
5.79585886
-1.70904195
-4.53717661
-8.8870163
-6.84805632
-2.14969349
1.39050555
-2.43845272
-3.93973017
-4.91604233
1.15946364
-5.16637373
1.88751054
0.413720727
1.96100664
-3.50277901
-4.16666889
1.89560449
-5.24197102
2.13213468
0.135493517
4.11791468
-10.998188
-2.77498579
10.4565506
-1.01987898
-0.128044963
1.20034099
13.0948582
0.372670799
1.81489432
-10.3387413
5.90526772
-8.11490154
-2.02643919
-7.5144887
-10.739768
7.54960966
-8.09790993
-4.90895176
-0.888774395
7.71847248
-2.68824577
-3.9563179
2.81134152
-10.9368172
-0.0956487656
10.062768
5.66963339
-3.84086204
3.72713852
-1.19442809
7.30002689
9.51370335
-8.14680672
-6.36590433
9.95265961
-1.89418113
6.69758463
4.34717894
7.46537638
-3.1602478
-6.01305246
-4.64915562
2.12265658
-0.859233499
1.99187183
-3.22146344
2.33926082
-3.58112478
2.55701303
-1.50245523
-6.5239253
1.11545134
-2.41668463
-1.3086226
2.136338
-3.37246776
-6.60659409
4.33604813
10.5466471
11.2992229
-2.94820237
2.39230895
1.33597946
-0.738809943
2.89783573
8.61032963
-4.71961355
-1.85239673
6.00910997
4.64426327
-2.13114047
-2.90129328
8.99405193
0.64354676
-9.81892109
7.14447403
6.57316875
-1.32063854
2.30688858
13.3371477
5.64709282
0.587944567
-0.326818824
1.99648595
2.84445834
-1.46357787
7.38188934
-9.00075054
-1.30245018
4.47879219
2.99339604
-3.88430882
0.381246179
1.15855837
1.20362401
-0.527340531
5.13255215
2.88125038
-3.92610836
-7.07411957
6.98818541
4.14344692
-0.253665149
8.19197941
-5.48109913
-0.325986028
-2.21541739
-2.02740717
0.390008122
-10.2761393
1.19038951
-1.0230962
1.40036058
3.83327436
3.56038046
-4.93923616
2.23950815
-5.71607113
3.69823766
-1.2919935
-1.80975986
2.00353146
-0.111235738
2.50650144
-3.28115654
-4.19189215
-4.78364801
2.03693962
-4.85795736
5.86414576
-6.25067902
-6.41860771
0.402195752
4.04862547
-0.398184896
13.846014
7.62968826
1.75135636
6.41896439
8.07506752
4.36177635
9.4085722
-1.93639541
0.978085279
-8.11940193
-5.17808914
4.13140821
1.52095294
-0.650074422
-9.25749302
-5.20684767
-1.11068511
-5.84396315
-2.58648872
-6.73444653
-7.74382877
6.30811977
2.07728148
-3.70162058
1.36979258
-4.05850172
-4.17631054
1.26645827
3.23935366
-0.690838218
5.88906527
-2.24173164
-1.24005151
9.68291283
3.84759116
-0.167701721
-0.584276199
11.1139708
4.4700079
-4.9841857
-6.15969896
1.95250106
-5.68002892
-4.41907406
14.705596
1.82606053
0.885718465
1.9488771
-1.11875153
8.10022449
4.77805138
7.69992447
-1.10108817
1.13736224
-4.6138792
7.21967745
-2.25978065
2.63398027
1.334041
3.66789699
-2.79855418
7.53871155
10.4668884
0.932107925
-1.45063663
-0.0596909523
6.08398342
-12.0400286
3.33829165
-1.37481487
6.76145315
2.38816881
1.40154541
-4.03005648
-2.10944533
-0.31519866
-2.34430766
1.38307762
-9.81175804
4.94484663
10.5701523
-7.23079967
-5.19434547
-11.493495
-1.49477005
-5.76011133
-3.30196595
-2.95847797
-3.82955503
7.62857151
4.72852755
-13.5309191
-5.11893702
-3.54045415
3.69404125
-10.2795649
6.42202187
9.37766647
3.85795164
13.1959915
-4.9217124
-0.253123313
-1.88516426
-0.898106277
-2.93606687
-12.2330503
0.813459396
2.78668022
-1.56111777
-6.57175064
-2.78520179
0.937843442
-1.88452232
-1.96930122
0.856068492
-10.6830873
-1.84776211
1.7224195
-0.117568731
5.18647099
-2.94180894
-3.13872814
-1.22247207
-9.97843933
-2.57766676
-2.9124341
-1.73803782
-3.91772985
4.31614876
-7.30266237
4.8052392
-2.03149891
-6.45829105
-11.4006977
-0.229614615
2.45563674
3.23466682
4.93563175
9.46225643
-0.894507468
5.26131058
-7.24770927
-5.7807436
-5.79439116
4.34239388
6.76894522
-8.84916401
-0.879790068
-3.77306628
-2.53117657
-5.73203754
-12.407196
-5.18162394
-0.935146153
3.44928885
8.89667606
-4.19582462
-8.70239735
1.34547627
-1.51441145
-1.3358326
-2.92992163
-10.8761749
0.610558629
-12.1716099
-7.18887806
3.31764627
3.24212718
-8.07623386
4.85600662
1.61625969
0.0458903313
6.28610802
1.05298114
10.5279207
5.56967831
5.55673409
-1.717278
0.924075603
-5.01792192
1.03890073
4.81133938
5.52435207
0.104330063
-0.259821892
0.336678267
-0.853013754
6.20754766
3.20281935
-2.09686804
2.38485861
-0.489230633
-1.18126655
8.70699596
-0.693433285
-0.0194506049
1.65895212
-2.51924944
-12.6494427
3.81713891
10.9192286
-13.9592123
8.5802803
-0.250298262
-3.17108321
7.2572732
-6.43963909
5.79817867
3.78115892
-0.299429327
-2.20114613
3.39895535
4.04394674
4.95886707
8.11303329
2.37464595
3.068609
-5.10907412
-11.5689058
-2.16626906
7.56263828
1.28236496
4.99617863
4.18033075
-1.44072604
3.7117753
5.43941545
-7.55774117
-1.8218019
2.03564835
0.915706813
-0.74470824
9.48977661
2.80242896
-2.40915775
-3.63452053
-6.32795715
7.28237534
4.84597874
14.9555035
-2.65082979
4.90293741
10.1370497
-8.37849045
2.14995623
-9.74991608
-7.25344467
-5.87944698
-0.361573815
-4.40698957
-4.19945621
11.0068913
-1.57554531
2.1321764
1.44698775
3.93793583
6.01865578
-1.0793674
4.39144897
-7.61566734
-1.77573872
-2.47865701
-1.8517853
-2.34414506
0.935971618
-2.92526364
3.46295738
11.9551172
-1.50390172
8.63015556
11.3961773
-6.95744419
-3.70049524
0.537223816
5.76986122
-1.88721251
7.44320726
2.63883162
-2.57825804
-3.8800633
4.63600826
2.9291532
2.22547054
3.6846509
13.1399231
-3.24577212
-7.54305077
-4.68966103
-6.96554375
3.0733819
-6.17622089
2.185215
-4.51962662
-1.40425587
-7.21069956
-2.65827608
-1.11700976
0.24027741
-1.43490124
2.89089584
-1.56385899
-10.5086985
2.39532328
-6.2763958
0.379670143
1.46924472
3.59983635
8.2317276
-10.1514692
-6.86462545
-6.03625774
0.403378487
-4.64411354
-4.79291916
5.4092083
3.8243742
0.914813221
4.31482506
3.06072593
6.0655508
-0.211947441
-1.07518053
5.33728027
2.59683228
-7.67383337
-2.70364881
-3.17074013
-2.73779964
-2.74295545
-1.88331151
-10.6186628
-3.6922996
-3.23082733
-6.70049763
-2.8636055
-3.45823741
0.495123804
-4.93515873
-3.43969011
0.0494647622
-3.62683678
-12.2406006
8.93186855
-3.72845769
0.76931715
4.77801418
-8.20360279
1.88950801
1.63499093
3.13536072
-0.783251464
-3.04587746
-1.97238088
5.95964527
-0.128425956
-9.21378708
-10.3410435
8.23251534
1.13070583
-5.77240229
-8.41188526
-2.14960146
6.17302561
1.41135097
1.52956748
1.64620006
-6.16073895
2.36565828
2.804456
1.26590025
-2.32508039
-0.790635228
4.05195999
2.05829334
-1.54994655
3.15863132
3.5069406
-5.70015192
0.244045258
0.392145395
2.75188828
-3.52771831
0.698803127
2.38619375
3.25414109
-7.39739799
0.119286187
0.744213939
6.55716753
-2.10424066
2.37648439
-1.25202906
2.81893539
-3.53229237
-7.34959984
11.6887894
-4.61074066
8.14608097
4.62374973
11.4801598
5.1744833
9.29418945
5.42355728
-0.975694299
2.35187054
8.76196098
-2.56128359
6.70499992
-2.91441798
-7.03707266
-3.88233066
-3.58871746
2.82402039
-8.62129021
6.66554689
-4.14064598
-3.37907791
1.6739161
-0.140578508
-1.85361254
4.06730509
5.10906029
8.73491573
5.67148304
-9.60613632
14.9278831
-0.741865993
-0.680197895
0.225560188
-0.457062185
-0.297993541
-0.467639953
2.57148266
-0.479050845
-1.60835588
-3.10888052
3.81302834
-7.26399803
-2.36740232
-6.2191925
1.24569166
-1.087116
0.0523724556
4.90948868
-11.8426809
-3.06941557
-3.71561384
-0.413449764
0.826663315
0.0997204185
-2.26320028
-2.0494473
3.91869807
-17.5324554
-1.92885292
-1.64746749
3.16673279
0.949736357
-4.74660254
-7.56973028
3.08364439
9.41429234
3.65702128
1.28971076
3.22504115
-1.71734047
-5.3609066
-2.75736189
-3.16918659
2.39724445
-0.900549471
3.73228073
2.95219111
8.75281239
-0.00588011742
-4.29441547
-0.990817308
-13.7512045
-10.1503773
-12.2693443
-1.9975369
-1.54918611
-1.53101516
0.101288736
5.52004433
-7.02249527
-1.68622637
-7.37603426
1.10168183
-3.93446755
5.3953476
5.74466133
5.37608433
-1.36711931
-3.85486937
-21.9429073
0.489826918
-1.54835224
0.575453818
0.866078734
6.15624619
-9.90775967
3.99532127
5.9344635
-3.24185967
-0.0134761333
-8.9869051
6.5947752
-4.4564352
-3.76886868
-5.83090878
6.01642084
2.05408716
-0.689249158
-2.41082501
-4.11903667
-0.495478153
-0.724039078
1.77962756
-4.27374315
6.02506018
3.51442242
14.3155165
2.18189406
-1.46398842
-5.34463501
0.595574141
-5.54932499
-0.813629031
5.92928219
-1.65298641
-5.10435915
-4.75310993
3.52349138
0.957020402
9.75500584
4.21646118
4.94605875
-4.14856482
1.32421315
-3.05605888
3.13298225
0.402551174
-1.84318614
-0.808809757
-0.241176367
10.7291384
-1.52170479
-9.72768497
-6.20615864
5.59806967
-5.20262718
3.0433898
1.39428997
-2.56464148
9.95792961
4.46234751
-2.86798811
-2.51383686
-10.487483
-3.69882131
-0.854975462
-3.60422325
-2.9779675
1.62503088
4.24422884
-0.97600615
6.15320206
-4.81884241
-5.51846647
-1.64393401
-7.05214977
-1.82915366
2.8762579
-3.48047733
-10.2006969
-4.34845161
-2.90381193
-1.00873971
-7.09442091
-2.2227459
-3.10801888
-2.61479855
1.29164302
5.65065575
-0.0997672081
-3.27972531
-1.90224051
8.0872097
-1.38246095
1.61137795
1.57766557
-5.63999796
-4.23387289
4.00153923
4.79565859
-10.50634
6.09759378
-5.14904118
10.6031475
-5.09888077
-4.64000225
1.19302726
2.9887197
3.37979102
-2.45437765
-0.163198113
2.43975377
5.47174311
2.030725
1.40480995
1.60242271
6.37620926
4.64852476
0.875566244
-3.54813886
-3.62850523
-1.29575169
-9.8994894
3.87944436
5.15997839
-2.09615636
0.985880733
5.13139057
7.83047771
6.79237938
11.2325211
7.95109129
1.54424179
-1.51548994
-7.57789564
-2.63907933
2.09611845
-7.29930973
5.01346159
-1.45455801
9.96942234
1.55773199
-11.6776466
-1.42153883
6.36918592
11.8873882
-4.33916569
-0.594330668
5.74337626
10.3229589
-4.04836321
1.1942265
-1.61735475
-1.33808446
0.98474133
1.82408381
2.75176549
4.06476974
6.08295822
-0.690647125
0.637921631
-7.8607893
-16.9067783
-2.18871093
0.244537532
2.71582341
4.95901012
3.14765787
-1.05700803
9.58561039
2.6644187
-0.343997717
-6.57607698
-2.24005342
2.10900259
7.61942959
4.24040985
2.02757382
-5.84166384
9.00319195
3.96536231
-1.87442493
-4.64569902
-5.79581642
-3.60999107
0.140936077
3.56478214
-4.3115468
1.1535027
2.87931323
-0.638427258
5.78023243
5.46861124
-6.61431742
3.0003686
-3.52679396
6.05554771
0.97277844
5.86883736
-0.996809661
-8.08444786
-10.4600067
1.91256917
1.45432568
-2.69899321
-5.44935656
8.40703678
-0.140724361
-2.67090058
-4.77693176
0.764147401
-2.18186808
-6.63953972
9.04183006
5.82127953
5.64440966
-1.57451856
2.59933281
0.0248367786
15.2428169
-2.0257566
-1.51618779
8.9157486
-3.37962723
10.7883339
-10.2284279
2.54704237
1.68771017
-11.9948606
-14.4670563
-2.20797825
4.11440086
-4.55766153
2.51792073
6.47308493
-6.18052244
-1.3650825
-8.65730572
-5.19262552
10.2530346
-10.2137356
-7.09841919
-3.46585083
2.80901599
-0.655561686
5.51031113
-2.63835788
5.20789385
2.88107657
0.177107573
-8.32646561
3.59175777
-7.00841236
-0.32048434
-3.80405426
-2.14031482
1.53331113
-5.53032398
-3.78724813
-0.508514822
-3.58959365
-0.34490943
0.150215
-1.18274069
0.901472569
6.08928204
3.18375826
-2.5128355
7.6373558
-6.03575897
-4.39040947
2.96636319
4.60759354
-6.65315628
-2.00709581
-4.49399328
1.88366663
4.94513464
2.16531873
-2.62362528
-3.04726648
-6.34406042
1.87572551
-2.03018236
-1.80155826
3.94778204
-6.31591129
-8.32395363
1.72664475
-3.00415897
-6.59548903
4.07439995
-0.499476016
8.76420975
-4.96258593
-7.21247482
7.35334063
2.76424217
-8.78361893
-7.74066401
0.898894131
3.86239576
3.80463815
-0.861341715
5.92019129
1.87288761
2.93515062
2.90899301
8.86461353
-5.82644415
12.7036858
-4.07978058
-2.65614128
-6.10034323
4.20682764
0.256935716
-4.90509605
6.34942818
-5.76902771
-9.17730904
5.44273567
3.52906156
-4.08502531
0.350147486
14.341197
8.88928986
-0.371552587
2.43058634
3.96682167
2.57534385
-4.80533409
-1.23420691
-12.3883028
0.681111336
2.44375086
1.0357275
-2.39451456
0.882297337
6.17375278
1.8422544
1.19330668
0.61087966
11.2129078
0.599080801
3.6993854
9.46757507
-6.27169228
4.39399147
-3.4846561
3.27092695
-7.64044189
-3.52405882
11.3896265
1.66893637
15.7783594
2.93694353
-2.23935175
-7.2572155
-1.79314303
2.05044794
-0.359665155
-3.55184841
8.28164864
-3.57288408
-1.20632434
8.7365799
-3.53541064
8.02222919
-2.08561373
0.102732033
8.8988142
-2.46482444
-5.06662846
-7.3041501
-0.185112238
14.4543552
-0.634487867
-3.7301631
-4.6228137
6.6322751
0.0768821239
-13.3041859
-2.51475525
1.63733268
1.54485965
-2.05936742
4.12926197
-3.86128426
11.3889294
1.3968159
-7.04403782
0.23582685
-0.200071573
8.1897316
4.94606686
2.94588661
-8.73800755
-0.0706377029
-6.6014204
-0.910081148
-0.694797039
-2.79413247
4.64707613
4.97698689
-2.6017046
1.05143833
3.09194231
3.61508322
-1.19989538
-2.93012285
-1.34200788
0.0225555599
-13.3373375
-0.379171312
6.0488472
4.46839762
10.3268375
2.23860979
-1.75862145
3.72991419
9.74417686
4.94091415
3.52670574
-1.84966135
-0.0263131857
6.59847355
2.56505752
4.07448912
7.96948433
2.35757256
5.93825626
6.27851963
-0.137295246
4.02957058
-3.0380702
6.46848249
0.832779884
-5.747015
2.49958777
1.82764554
-1.07090783
-1.28025043
-5.67255783
6.05710745
-2.60052514
4.00314808
-0.712185264
11.3194666
0.469481528
-4.66910076
5.69433403
-0.246288687
-6.99462318
8.0278635
10.3618002
-3.30021286
1.17907691
6.55248404
-0.977904797
5.86792564
8.62730789
0.483757019
2.42854857
6.46461964
3.15643859
-4.12246943
3.55373192
5.19434023
-11.2752657
-4.01728296
-4.60365963
-1.06424022
1.17737734
1.66010535
0.522101283
5.88978672
2.58852267
1.68445754
-8.33669376
8.61350441
-4.39112997
1.2333374
1.1527859
-1.72346973
-6.14603853
0.79048264
-3.80127764
-6.59116316
5.53576803
6.34894943
-3.19059896
-6.76619768
0.792636693
-1.11927295
-10.5648012
-3.12219477
-11.8416519
-2.06343532
11.8849659
2.45390439
2.85732102
-10.6683683
-2.82314944
5.43459702
-0.648566961
5.63169003
-8.48479462
4.7823
2.30295587
0.0189546347
0.940667152
-1.67964447
1.86106753
-4.91179705
0.561142027
-8.61817169
1.01886976
-0.505352974
15.1174603
10.3343086
4.07612753
3.96586013
-3.1393733
0.509831667
-1.47769165
-2.10188198
-2.39836073
-2.44793177
3.89111042
-3.16461802
-4.32823038
1.98663163
3.44195223
-1.97642028
0.0631936789
-8.7769165
1.84090602
1.40743756
-4.36590862
3.09899378
5.55573273
4.48809528
8.65187359
1.74210095
3.22419119
1.84200311
-3.73899317
-8.78177357
-7.40597391
-5.30586195
3.16356087
-5.98117733
4.17938089
2.50436616
-0.263841391
-4.48960066
-3.60499597
3.51576138
4.15591764
8.8289156
1.64624095
-5.4571743
5.9667263
1.56813049
7.71005964
-1.98873031
-0.466142416
5.87322855
-0.746842384
-1.36132288
3.42032695
-4.47891903
-1.93517065
1.54192078
-4.18368673
-12.4930763
-1.54866672
6.06367159
2.94710922
-0.239058971
8.03841305
-0.990446091
3.01045823
8.01043415
-0.266434431
2.09803748
4.24237347
-16.8622894
-9.13294792
-7.39890051
2.9602313
4.52603197
-0.694246173
-5.87527752
3.19351387
-0.0560924709
4.25638628
9.39040184
0.714492619
-7.61685228
-2.6424799
-1.16778326
1.20573163
-1.60353637
-2.56273842
5.7879076
6.90995169
6.43208694
-4.42050791
0.703413725
2.46560669
1.64540625
-3.37218118
1.64816558
0.912401199
5.63515091
11.3050213
4.31825352
3.41996956
3.93359399
-2.81193304
-1.31841671
4.87842941
-0.558403492
1.43674731
-7.20037651
-9.14188957
-3.47989392
1.53521311
-0.222356796
-1.3320787
1.06387746
1.73333204
6.59294081
4.67217493
16.5875378
8.22629356
2.53553987
-6.24159193
-4.46264458
-5.60658693
2.18931556
4.86611271
1.36699736
-2.74932647
2.28031135
7.22549248
0.293454558
-1.70450854
-1.37164521
-0.00435590744
-0.761747599
-6.83393526
-3.78034401
1.98239112
6.81982136
-4.70306015
6.43235731
-2.72465014
-2.4781611
3.11157465
4.81731129
-1.64104569
-3.78801513
2.3959415
4.83766079
4.47116947
-2.57705092
8.87895393
0.377958715
-0.988853097
1.17205644
6.76369953
-5.1249876
6.17659664
1.46207333
-2.92327356
-1.47153163
-1.93608689
5.85926056
8.58451176
-3.77139664
-0.0492908955
-3.63862562
0.435462683
6.04637051
3.06438351
6.41356564
6.13367701
3.34506321
-6.18200731
-4.43774223
-1.63512158
0.798422456
-0.0710234642
-2.72217631
-2.91865706
-1.7029047
11.2641745
-7.90757751
8.23602676
-0.964088917
3.48222232
10.0227528
-0.920160949
-1.8205235
2.33834958
4.3140626
-6.07519627
-2.33643532
2.5827601
7.65395546
-3.96882486
-0.118392587
-5.60710764
2.11156273
-1.03654385
-1.24554181
4.63748312
-10.4412766
1.70595264
-0.236958265
0.930100679
-6.85701847
-2.5178299
5.32198572
-3.75322104
2.83852386
3.75594044
-0.157238603
5.38600063
0.307633519
7.7519536
-2.44907761
-7.69669533
6.15943241
-3.15221167
-10.1805334
-4.8680315
2.68831635
-5.05539703
2.82206821
9.33642769
2.0318532
-1.67519462
-2.01412678
-1.37828946
-9.06585121
-6.62755108
0.683115005
-3.43201375
8.94960499
11.3705187
-5.14182663
0.667412758
-11.8040962
1.98357308
-3.32331872
-12.5663071
-1.78047276
-7.41804266
2.26106477
0.900495768
-0.187506557
4.97228527
-7.15658617
-4.85100603
15.7020187
-6.93760014
-5.90816355
6.07422161
-3.16706252
0.928912401
3.92409229
1.08402085
-13.2286339
0.0257506371
3.92601371
7.29129457
5.33165693
12.298996
-2.73430347
-6.08453083
1.55697739
1.93972492
-3.79547167
-7.53710747
-7.55712891
2.92388296
-4.3188796
-8.24654007
15.4839649
11.6809607
4.4563036
4.16094446
1.51594973
-2.14332581
-3.75285912
2.59036303
-4.64303064
-2.82960749
5.31467915
1.46575475
-5.65440655
3.01290202
-6.63934183
5.70528889
-8.09648895
-7.26439476
-1.67183352
7.57053041
-4.63081169
6.45739841
-16.4460144
-0.958343565
1.00491977
4.33177853
8.23732471
11.6333971
2.18148851
-1.89271855
7.99371767
-2.97299814
5.98240185
5.08064175
-8.65877342
3.45169115
-2.60852337
2.67812252
1.18995667
4.00663662
-1.89168501
6.09443951
0.851219594
0.296906948
1.6313138
-5.6585474
-4.46769381
1.64095807
2.236449
3.16077852
-1.94908834
-10.3004875
-3.3038547
-5.58510256
-5.58654594
-9.37822723
-0.682034731
-4.92758179
-2.87407541
1.25520742
-6.50410366
-2.30574584
-4.23483944
-0.569927692
5.2365694
-0.0486769676
-0.0332191586
9.03509331
5.03592157
3.99818325
-2.44534516
4.35351038
8.95027637
4.09659052
-4.36086321
1.6822834
-6.64702082
0.20928061
4.15128231
-5.79635429
-0.141700983
0.430679739
2.98385406
0.311143339
-4.93586206
-4.28466272
0.47586894
0.177385449
-7.29005623
3.16032743
-3.52681303
-4.06215858
4.50476742
2.83334064
-2.59858441
-0.979124248
6.08942699
-1.45432472
-3.01741791
3.02515531
7.92453575
-5.49927711
1.20568943
-1.67231297
-2.25651121
-6.75357628
7.90994072
0.354529977
0.333141804
-1.16808343
4.13435316
-6.66083384
2.30289984
-0.831873178
-3.30889177
4.74670839
9.20168877
-4.85664988
4.9358778
-3.06739664
8.45744801
-1.83322191
8.47093201
3.69429207
0.197407126
6.01695538
-3.80983639
4.0928812
13.7563753
-1.53385544
-2.72555399
-10.380229
-1.29973149
-6.91097546
1.01632714
1.48164916
-1.70142889
1.07448876
-3.44076777
-2.43742847
1.39781189
2.61789179
-0.330324531
-6.08736038
2.79836607
-2.97578859
-12.6193714
0.112138748
8.27019119
-2.87368798
6.07989311
0.555152953
-3.208112
2.57591558
0.705998659
0.956064224
-12.7884712
-1.94997573
-2.32060504
-4.37009811
-1.76851785
-1.19829881
0.805051446
-4.45958281
7.9047308
-10.3581514
6.7900486
-1.99654222
1.5850563
-6.37042618
5.82065105
-1.37549853
3.05953741
-6.71127796
7.85185719
6.88117409
-0.399094224
5.86846542
-1.4769479
-0.316382885
-2.66815686
-1.68754447
4.55092859
-4.95166254
6.36733961
-5.8358655
-6.26961756
5.78122187
-3.03871965
-1.68309033
3.56036711
4.22884035
8.60289669
-8.62977028
0.839550316
4.95483065
0.916770756
1.11370111
-6.06724834
-8.29062748
-3.06961393
-3.10265803
9.63236332
-4.86250067
-5.4553771
-0.247048482
-6.38473749
0.987605572
-6.19904041
6.42885494
-1.37245584
-6.07100439
5.14363861
1.22605276
0.824215412
0.334743977
6.76054621
5.42208767
4.3667531
-13.4095831
-8.6987257
-6.02943039
-8.34233093
3.29828334
3.19596028
-1.41112125
4.07903957
-2.27166963
-4.74484301
-3.24422288
4.74535418
-9.44503975
-3.94388175
-2.32927322
-6.37982321
2.64596319
6.70621157
-0.858451784
5.08728695
-15.3580046
1.7393254
-2.63552094
-7.35941505
-1.09024525
6.38857794
5.73003149
2.99500966
-6.24523783
-0.748270988
-5.18601465
9.46757793
0.245153427
-2.68677855
-4.74457264
6.10113811
-0.674888313
6.39940929
-1.98444939
-2.96387005
-2.87970948
0.254318058
-3.12087607
-3.71325588
-1.57440209
-0.948498011
5.11659956
0.547171593
-8.71882629
4.90093136
-3.0914197
2.41258669
-6.08259344
0.32886216
0.135538578
-6.31778622
9.89674473
2.00831032
2.20747375
9.04948139
-1.56105602
2.82192111
1.24074149
-2.95457649
1.151829
7.05225372
1.29485536
-4.72755575
-2.3988595
-8.17655563
5.35207081
0.790691972
-3.86935043
6.8792429
-0.669197798
3.05915356
0.262359858
5.88063002
-2.96285629
-15.1784601
-3.45479774
-4.19234371
2.31292319
-4.44695759
4.80901814
17.0492039
-1.15735626
0.273541152
-2.71629739
-8.20201683
-3.43127012
11.635787
-7.79236126
10.4715595
6.27237463
-7.28999901
5.47667694
-3.24970675
-2.50108123
-4.23249578
-7.01212692
-10.3675137
-2.74173307
11.3553638
-6.06629896
-3.94469285
0.420914412
-3.20156121
-12.7208567
5.56309128
-0.105173409
-0.160349607
1.18511796
9.36497688
3.67799449
0.766463995
-3.58185053
0.173571229
9.84692001
5.88391972
1.90060258
-0.575864255
-7.12891912
-0.840316892
4.1806922
-8.32306767
5.3148675
-1.9279784
6.81868267
2.78660536
4.88291264
-0.889853656
5.73185301
-9.99532413
-0.158879042
-1.49392867
3.60183096
-2.14134312
12.4990578
-1.02398038
-2.57798409
-4.68543863
2.01991367
1.04352021
6.53712177
13.5467758
-4.94678736
6.51911974
-6.82813263
-5.49623966
11.2625847
10.1625595
8.01798248
-4.10588264
8.3133955
-0.547784567
-12.1538591
-6.56078196
-4.67117405
-10.9166546
-13.6549559
-3.23159385
-1.13454771
-2.24535322
7.41919136
-6.0708189
-0.741797924
-4.22945213
2.29591608
2.50251341
3.70138645
-0.349611133
-0.16968137
-2.21338534
-4.03971577
5.69577265
-0.581039071
-11.8845272
-2.03414917
7.69662905
-2.00934863
4.66151428
7.94938326
-8.24176311
5.11536884
5.43816996
4.53882742
8.26849461
0.0907070637
4.4701972
5.08402157
6.33695412
0.785862565
4.44396305
4.8829546
-7.32545853
6.33520126
2.47178388
-8.10134983
11.5017605
1.42532754
-4.94711113
14.417037
0.577635527
-2.20955586
-8.75979996
0.815072417
11.8016071
2.26740479
-6.12916565
-2.405339
2.87711811
-1.45227385
0.369347095
0.832100987
-3.08574963
-0.647541761
13.2476683
-7.04701138
8.93193722
8.02858353
-0.26922065
10.1965723
-3.02687716
-5.41888523
3.32831883
2.84711289
6.15908718
6.0072813
-1.50321603
-2.38629889
-1.12844253
-0.501571178
-9.03522873
0.353499651
-4.74062538
0.526413918
-3.10713959
1.53729391
4.77283096
11.3495846
5.44469213
1.69300413
-1.25080502
-7.76080751
-5.32954121
-12.0024853
-4.47381401
-7.48316097
-3.75804877
-3.36762667
-2.06983304
-2.75808907
-0.511574984
-1.33094585
-4.52216101
-1.6941793
-5.08128452
-0.458469272
2.63980508
2.86671495
-4.41694355
-3.20383501
6.65241241
3.32909441
-5.47650099
1.25418293
-0.047888875
-2.57423115
0.1260221
2.16846609
-2.02012825
-4.2027564
4.09326315
-2.04513884
-5.66807556
7.23562574
-2.77790165
5.11617422
-0.594172239
-0.276684672
6.58965206
2.54377341
1.27722573
8.77294636
-2.32658529
-6.11768007
10.4928799
-7.91354752
11.405385
-5.14838886
1.11860752
3.04168749
2.93552756
0.893131733
-2.12956643
-1.39943159
-1.01260269
-1.41380119
0.543981075
-3.92865062
2.29186273
0.977641582
0.036925137
-2.75024462
3.01562905
2.30174327
7.14641094
2.22937536
4.66486406
7.14985609
6.64845848
2.58402634
-5.45655251
0.501010656
-2.95916891
0.364066273
-5.39340591
-6.47731018
-1.07297421
3.00687313
8.62378979
4.5519886
-2.17808485
7.61823034
-0.171190307
-3.76295233
-6.02358913
0.0390564799
6.07138157
-0.131631464
7.53200912
5.6323843
5.22375679
2.51736021
-1.90757358
3.70312834
-4.3121419
-0.47394222
-3.01149797
0.858213902
-0.952496648
-2.31099415
-3.19262767
2.26114249
-1.7084949
6.1079669
1.71267068
-3.25253892
-2.16096497
-2.51912689
4.89745951
1.42761564
-4.1100812
-6.60549116
-1.05297935
-0.849529982
2.70323205
0.415425301
-9.25459671
-2.06303453
-5.90466356
4.98330641
-2.81735206
-4.14411402
2.0677824
3.14422178
-0.851514399
-3.14651012
5.06898117
9.26288319
-16.3779583
4.54899549
-8.40929985
-4.07098055
-2.7298739
2.2349875
-8.78210258
0.470838189
0.404720843
-8.34136868
-3.90650201
-8.31523228
4.10047245
2.50788355
0.0157968998
0.152832031
5.6191206
-2.85364652
3.46138191
-2.00209618
-5.41031361
1.88831139
-2.83050394
3.13581562
1.12392044
-4.00696182
-2.42351961
6.56516361
-0.607916355
0.487158656
6.16316891
-4.26032829
-2.80400372
4.95616722
-4.3296566
-1.85250986
8.04866123
-0.791833878
-0.0937111378
5.40508604
2.529809
-3.7372241
1.04025543
4.00124788
3.92718983
-5.92674351
-6.22050285
-5.61155033
1.53042543
2.71744442
-5.34980106
-2.13682747
10.5918779
0.0145278573
5.41417313
1.67952037
-3.01612306
-3.9007287
-4.57489777
0.339249194
3.92916203
3.10903358
2.64108896
-3.96517372
1.12528098
-5.21175337
-9.71327686
-1.52102935
0.900134563
-8.68277359
6.34445953
7.06624413
-6.35830927
9.19468307
-0.110722095
-4.55421257
2.05543423
-3.3825655
1.08838797
-0.994215727
9.90740299
0.965722561
1.2725935
-1.86804485
-1.34542847
3.27321768
2.92469692
0.302131653
0.173808098
-6.56256199
3.13117027
6.29487085
3.87886286
-3.04811335
-6.2009573
-4.95873451
1.31474328
0.303413987
-2.40834355
5.8540678
7.36749029
-10.6612377
3.73448396
11.87922
-1.20852017
-4.58876371
4.97836494
7.22857857
10.1926708
-3.08992386
-0.919176996
-7.62340593
17.1667442
0.423106551
6.2360816
-3.40074062
4.02897739
-4.17184496
-2.30669045
9.313344
-1.47466731
2.2211287
-0.760397851
-1.47539806
-4.74379253
-5.8489666
-9.06112194
-2.96050239
9.02389526
-10.6816778
0.101033211
-14.0564404
1.63766646
4.85146332
-1.64420938
-8.48958683
0.637260675
1.23029542
-3.57807255
3.52936983
8.65319443
4.66567802
0.305964887
-1.20114899
-3.33445883
6.08215141
-2.55599117
-7.29481888
-0.986887932
6.63734055
-0.998404443
1.88186097
-1.72339857
-11.4016752
-2.70520449
-8.69765472
-5.2861681
0.860594511
2.4918077
10.1527138
11.771843
-10.5622139
-3.10415936
-0.774378955
-2.66762137
6.29315233
3.3711915
2.1916554
6.9906497
3.05233264
-8.62553024
-1.87254047
10.9006767
-1.45528483
-5.71326494
4.8667326
-2.12469125
3.85095835
2.7041173
2.14916086
3.46838284
5.27429914
-6.46571636
0.0926333666
-7.62759686
8.99684048
-3.72035265
-2.78040957
6.66162491
5.99628401
4.19432545
-3.48726773
-3.04163027
0.277574778
-5.61753225
-9.44977093
-3.87623477
-1.06740546
1.64312911
-0.503499866
1.24566722
8.056036
-2.49622917
2.71902943
-2.48943233
-8.28460121
0.697129369
9.89073372
-1.22975004
0.136177659
-6.15194702
-3.02508473
-3.00570965
3.366961
-6.59066677
2.16413069
7.44012165
3.65769148
-1.38585675
-1.37561381
-5.89951515
-4.08948326
0.240517676
-2.61179781
4.40121222
-5.39185524
-3.70947075
-3.59007931
-2.23313689
-3.3841269
1.82500613
-2.03969002
-2.41620541
-2.62697291
-1.56452227
-0.120648384
3.60484409
-3.80411172
-2.67486143
0.890179753
4.86741161
4.43500614
6.42847919
-1.18067968
-6.98022842
-3.82407856
-3.24592948
4.5212059
-2.98570442
1.15250182
3.48071098
7.81256247
-8.0130434
-4.35723209
1.65944707
-1.98051822
6.70821095
4.16940641
3.62380695
6.82637835
1.51733351
-0.972922087
-1.80759883
-3.72907591
3.52708912
-0.829280376
3.04743361
4.26700068
-4.71168661
-3.78576422
3.99187183
-4.54262304
1.91410995
1.91718721
-7.03804541
-4.64636374
-2.20581532
-8.85355473
-3.87725878
2.34037876
-2.78646326
-5.56683588
-8.93518925
-2.25331306
8.56137657
-0.818585992
9.20389557
9.25606537
7.20208883
-6.35577297
-7.81035519
1.1698072
-1.68305671
-0.675270557
-3.45292425
5.10279512
4.75768614
-3.13587141
2.59645271
-0.933998287
8.4356699
6.65214825
0.393040091
-3.07751179
-0.457825899
-1.66738081
-2.09532809
-6.99111891
-1.98801816
5.22968626
-1.63857961
8.52741241
-0.15092206
-0.335939169
5.99117565
5.98743868
2.89582109
-0.472685695
1.91949773
3.55905771
-4.4142518
13.4695215
3.06898928
4.58762646
0.0997068882
-2.37912321
-2.46977472
5.57134056
-1.76523912
5.88635683
2.96200943
-3.83059216
-1.29305434
10.2331858
11.483778
13.3723001
-6.54788923
6.3241291
-9.73519897
-0.984133661
4.01289177
4.20925474
-7.07967138
-1.89130926
5.48766613
-1.99951005
-2.6063807
6.6186533
2.75923109
-9.56220436
-3.45513248
3.01161456
-5.74201918
3.11131406
7.48231316
-1.97557306
5.69621801
-3.24958706
-10.0077553
-11.1010952
-0.225019693
2.07367706
7.64157248
-8.00600338
-5.88360453
-0.323486567
12.0885344
-8.15714645
0.00725448132
8.0412426
4.57813263
-4.83499908
3.49716139
-1.25453901
-7.07357883
-2.08728623
-5.55246162
-3.27865148
-1.23287046
9.9533329
-8.25691795
12.5417662
9.19052029
12.3702841
10.8158932
-5.18714714
-5.02775145
-2.79365063
11.1376886
-0.0822821856
-7.50750828
6.84367371
-2.34961653
-6.00184488
-1.9876703
-1.14207745
-3.06228423
0.12951684
-2.89207602
2.64957905
-10.3014154
-1.6610105
8.08801556
-3.16780663
-6.38514996
-6.13724804
-7.38787317
5.75145531
0.351718307
3.35517645
3.75291586
2.89669156
8.61438179
-13.5723362
3.85840845
0.307792425
-1.00740075
-5.36817217
-2.73666525
4.39780807
-0.490443826
0.235493794
-0.00443124771
5.57579231
-7.70011139
-1.1474818
2.14890242
-11.5135708
-3.46435499
8.27803421
-1.68446422
-3.42560577
3.95737147
-2.63215566
0.743437767
8.18444633
-2.21795368
-1.38149405
11.3901339
4.03435135
1.92407119
-8.18305779
-1.02061355
10.535141
-2.74422598
-7.14158773
4.48995972
1.09925282
-4.72958708
-1.39303684
3.95160675
5.84009981
3.33471513
-2.4319098
-7.61096096
0.770804167
-6.43821049
5.81979609
3.0741148
1.70218766